PDB_ID	B	E	G	H	I	L	S	T	X	sequence_length
gi|526459393|ref|YP_008329970.1|_103-311_1L8Q:A:77-289	0.00	4.80	3.50	12.33	0.00	1.82	2.00	2.00	0.00	213.00
gi|526459393|ref|YP_008329970.1|_330-434_1L8Q:A:290-399	0.00	0.00	0.00	13.17	0.00	2.71	1.80	1.50	0.00	110.00
gi|526459397|ref|YP_008329974.1|_12-118_1WUR:A:32-216	0.00	7.14	3.50	9.62	0.00	1.44	1.62	1.88	0.00	185.00
gi|526459407|ref|YP_008329984.1|_82-263_2FYI:A:88-307	1.00	5.90	3.50	8.75	0.00	1.52	1.73	1.88	0.00	220.00
gi|526459407|ref|YP_008329984.1|_1-84_1IXC:A:1-89	1.00	0.00	0.00	16.25	0.00	2.67	1.50	1.00	0.00	89.00
gi|526459415|ref|YP_008329992.1|_3-128_2OIW:A:1-131	1.00	8.50	3.00	7.67	0.00	1.92	1.40	2.14	0.00	131.00
gi|526459423|ref|YP_008330000.1|_20-154_1M5Y:A:25-164,A:395-427	0.00	3.67	0.00	17.29	0.00	2.60	2.00	1.83	1.00	173.00
gi|526459432|ref|YP_008330009.1|_2-143_1VQ2:A:	1.00	5.00	3.00	9.67	0.00	2.58	1.67	1.90	0.00	193.00
gi|526459433|ref|YP_008330010.1|_81-155_1BDO:A:	0.00	4.50	0.00	0.00	0.00	1.27	1.86	2.00	0.00	80.00
gi|526459434|ref|YP_008330011.1|_85-348_1ULZ:A:115-328	1.00	7.25	3.00	12.00	0.00	1.91	1.73	2.00	0.00	214.00
gi|526459434|ref|YP_008330011.1|_332-444_1DV1:A:331-446	1.33	4.14	0.00	8.50	0.00	1.75	1.57	2.00	0.00	116.00
gi|526459434|ref|YP_008330011.1|_3-115_1DV1:A:1-114	0.00	4.40	3.00	9.40	0.00	1.45	2.00	2.17	0.00	114.00
gi|526459444|ref|YP_008330021.1|_3-316_1JEO:A:	1.00	4.40	4.00	12.29	0.00	2.00	1.57	2.00	0.00	177.00
gi|526459452|ref|YP_008330029.1|_12-96_1X5S:A:8-97	0.00	5.00	0.00	11.00	0.00	2.73	1.38	2.00	0.00	89.00
gi|526459454|ref|YP_008330031.1|_246-383_2C2A:A:321-481	0.00	6.71	3.00	15.00	0.00	2.92	1.50	1.90	0.00	161.00
gi|526459454|ref|YP_008330031.1|_177-234_2C2A:A:232-320	0.00	0.00	3.00	24.00	0.00	2.33	0.00	1.75	0.00	89.00
gi|526459465|ref|YP_008330042.1|_10-83_1TIF:A:	1.00	5.50	3.00	12.00	0.00	1.62	1.67	2.00	0.00	76.00
gi|526459466|ref|YP_008330043.1|_2-62_2I2T:3:1-64	1.00	0.00	3.00	5.00	0.00	2.67	2.80	2.17	0.00	64.00
gi|526459467|ref|YP_008330044.1|_2-117_2J01:U:2-118	0.00	0.00	3.00	17.75	0.00	2.00	1.33	3.00	0.00	117.00
gi|526459477|ref|YP_008330054.1|_3-86_1FJG:T:	0.00	0.00	0.00	24.33	0.00	2.20	2.00	2.25	0.00	99.00
gi|526459478|ref|YP_008330055.1|_10-349_2B3T:B:7-354	1.00	6.09	3.00	14.00	0.00	4.36	1.87	2.46	0.00	344.00
gi|526459484|ref|YP_008330061.1|_9-242_3DHW:C:1-240	1.00	6.40	3.00	11.43	0.00	1.57	1.47	2.67	0.00	240.00
gi|526459487|ref|YP_008330064.1|_2-130_1MVO:A:	0.00	4.80	0.00	10.60	0.00	1.85	1.83	1.80	0.00	121.00
gi|526459487|ref|YP_008330064.1|_127-224_1KGS:A:124-225	0.00	3.57	0.00	12.00	0.00	2.71	1.50	2.67	0.00	102.00
gi|526459489|ref|YP_008330066.1|_4-136_2GYC:H:1-140	0.00	0.00	0.00	4.00	0.00	3.50	2.53	2.62	0.00	140.00
gi|526459490|ref|YP_008330067.1|_4-129_2GY9:I:4-129	0.00	4.50	4.33	8.00	0.00	2.40	3.00	3.00	0.00	126.00
gi|526459507|ref|YP_008330084.1|_4-302_1A3G:A:	1.00	4.25	3.00	11.00	0.00	2.24	1.53	2.00	0.00	305.00
gi|526459532|ref|YP_008330109.1|_10-194_1UF9:A:	0.00	3.86	3.00	10.78	0.00	1.80	1.25	2.40	0.00	191.00
gi|526459549|ref|YP_008330126.1|_1-65_1VS6:Z:1-70	1.00	0.00	0.00	4.00	0.00	3.90	1.67	4.33	0.00	70.00
gi|526459551|ref|YP_008330128.1|_62-228_1GZ0:A:78-243	1.00	4.57	3.00	8.71	0.00	1.88	1.67	1.62	0.00	166.00
gi|526459551|ref|YP_008330128.1|_1-68_1GZ0:F:10-77	1.00	4.83	3.00	8.57	0.00	1.79	1.62	1.57	0.00	166.00
gi|526459553|ref|YP_008330130.1|_7-401_1O4S:A:	1.00	4.50	3.25	11.29	0.00	2.13	1.56	2.00	0.00	375.00
gi|526459554|ref|YP_008330131.1|_130-295_1EBF:A:151-340	1.00	7.80	3.33	9.43	0.00	1.89	1.58	1.91	0.00	190.00
gi|526459554|ref|YP_008330131.1|_1-151_1A5Z:A:22-163	0.00	4.17	3.50	15.25	0.00	1.93	1.57	1.80	0.00	140.00
gi|526459554|ref|YP_008330131.1|_340-409_2PC6:A:1-77	0.00	8.00	2.00	12.50	0.00	1.75	1.33	1.75	0.00	77.00
gi|526459565|ref|YP_008330142.1|_3-294_1RQB:A:4-306	1.00	4.50	3.80	9.83	0.00	1.90	1.20	1.90	0.00	303.00
gi|526459565|ref|YP_008330142.1|_308-465_1RQB:A:307-474	0.00	0.00	3.50	10.00	0.00	2.67	1.43	2.33	0.00	168.00
gi|526459565|ref|YP_008330142.1|_537-609_1O78:A:	1.00	3.17	0.00	0.00	0.00	2.00	1.91	2.00	0.00	84.00
gi|526460578|ref|YP_008331155.1|_3-294_1RQB:A:4-306	1.00	4.50	3.80	9.83	0.00	1.90	1.20	1.90	0.00	303.00
gi|526460578|ref|YP_008331155.1|_308-465_1RQB:A:307-474	0.00	0.00	3.50	10.00	0.00	2.67	1.43	2.33	0.00	168.00
gi|526460578|ref|YP_008331155.1|_537-609_1O78:A:	1.00	3.17	0.00	0.00	0.00	2.00	1.91	2.00	0.00	84.00
gi|526459567|ref|YP_008330144.1|_142-289_1JYH:A:	0.00	6.89	3.00	11.00	0.00	1.48	1.50	2.20	0.00	155.00
gi|526459567|ref|YP_008330144.1|_63-114_1D5Y:A:57-121	0.00	2.00	0.00	9.25	0.00	2.14	1.75	2.00	0.00	65.00
gi|526459567|ref|YP_008330144.1|_14-58_1D5Y:A:3-56	0.00	0.00	0.00	8.75	0.00	1.50	2.67	2.50	0.00	54.00
gi|526459575|ref|YP_008330152.1|_5-108_1XHS:A:	0.00	9.00	0.00	7.50	0.00	1.36	1.57	2.00	0.00	113.00
gi|526459582|ref|YP_008330159.1|_17-131_2BAS:A:263-407	1.50	5.14	3.00	12.75	0.00	1.67	1.00	2.09	0.00	145.00
gi|526459584|ref|YP_008330161.1|_1-112_2PII:A:	0.00	5.50	3.00	11.50	0.00	1.94	1.40	2.00	0.00	112.00
gi|526459605|ref|YP_008330182.1|_3-125_1NU0:A:	1.00	7.00	0.00	11.00	0.00	3.50	1.33	2.40	0.00	138.00
gi|526459612|ref|YP_008330189.1|_3-94_2F2A:C:3-94	1.00	3.50	5.00	10.33	0.00	3.56	1.50	2.00	0.00	92.00
gi|526459614|ref|YP_008330191.1|_150-218_2FY8:A:245-336	1.00	5.75	0.00	7.50	0.00	1.31	1.60	2.00	0.00	92.00
gi|526459620|ref|YP_008330197.1|_4-184_1NP3:A:1-182	0.00	4.22	3.00	7.67	0.00	1.54	1.44	1.73	0.00	182.00
gi|526459620|ref|YP_008330197.1|_185-334_1NP3:A:183-327	0.00	0.00	0.00	13.22	0.00	1.20	1.00	2.29	0.00	145.00
gi|526459622|ref|YP_008330199.1|_6-120_2AJ7:A:1-148	1.00	4.73	3.00	6.00	0.00	2.00	1.78	2.18	0.00	148.00
gi|526459624|ref|YP_008330201.1|_5-104_2J5A:A:3-108	0.00	10.50	3.00	14.00	0.00	1.45	1.50	2.00	0.00	106.00
gi|526459626|ref|YP_008330203.1|_4-75_1I94:R:	0.00	2.00	0.00	9.50	0.00	2.31	2.18	2.33	0.00	82.00
gi|526459629|ref|YP_008330206.1|_215-293_1HH2:P:199-276	0.00	7.67	0.00	7.25	0.00	1.20	1.60	2.40	0.00	78.00
gi|526459629|ref|YP_008330206.1|_4-138_1HH2:P:1-126	0.00	5.00	3.00	12.00	0.00	1.81	1.91	2.43	0.00	126.00
gi|526459629|ref|YP_008330206.1|_145-213_1HH2:P:127-198	0.00	8.00	3.00	0.00	0.00	1.71	1.25	2.00	0.00	72.00
gi|526459629|ref|YP_008330206.1|_296-361_1HH2:P:277-344	0.00	6.00	3.00	7.67	0.00	1.67	1.40	2.33	0.00	68.00
gi|526459634|ref|YP_008330211.1|_15-342_1R30:A:	1.00	4.78	3.00	11.27	0.00	2.06	1.60	2.08	0.00	312.00
gi|526459636|ref|YP_008330213.1|_3-207_1EKJ:A:	0.00	6.80	3.00	9.89	0.00	2.44	1.29	2.33	0.00	210.00
gi|526459640|ref|YP_008330217.1|_107-229_1OAP:A:	0.00	4.50	3.00	13.00	0.00	1.85	1.50	2.00	0.00	108.00
gi|526459660|ref|YP_008330237.1|_15-381_1A59:A:	1.00	3.33	3.00	13.38	0.00	2.79	1.41	2.15	0.00	377.00
gi|526459669|ref|YP_008330246.1|_199-449_1BGV:A:195-449	1.00	4.00	3.00	13.10	0.00	1.55	1.27	1.81	0.00	255.00
gi|526459669|ref|YP_008330246.1|_2-193_1BGV:A:1-194	1.00	7.80	3.00	10.88	0.00	1.38	1.88	1.83	0.00	194.00
gi|526459670|ref|YP_008330247.1|_115-393_1PVO:A:129-417	1.00	4.80	3.33	10.73	0.00	1.75	1.55	2.38	0.00	289.00
gi|526459670|ref|YP_008330247.1|_73-148_1A62:A:48-125	1.00	6.40	3.00	6.00	0.00	1.67	1.00	2.00	0.00	78.00
gi|526459670|ref|YP_008330247.1|_26-70_1A62:A:1-47	1.00	0.00	0.00	9.33	0.00	1.60	1.00	2.00	0.00	47.00
gi|526459671|ref|YP_008330248.1|_2-194_1ZOF:A:1-170	1.00	5.11	3.00	8.40	0.00	1.89	1.58	1.92	0.00	170.00
gi|526461130|ref|YP_008331707.1|_2-194_1ZOF:A:1-170	1.00	5.11	3.00	8.40	0.00	1.89	1.58	1.92	0.00	170.00
gi|526459672|ref|YP_008330249.1|_5-69_1BLU:A:	0.00	3.00	3.00	8.50	0.00	1.60	2.00	2.50	0.00	80.00
gi|526459673|ref|YP_008330250.1|_1-136_1NHK:L:	0.00	7.00	3.00	7.86	0.00	1.92	1.86	1.62	0.00	143.00
gi|526459675|ref|YP_008330252.1|_1-50_2J01:5:2-60	1.00	0.00	3.00	8.00	0.00	2.25	2.60	2.50	0.00	59.00
gi|526459681|ref|YP_008330258.1|_117-240_2BS2:B:107-239	0.00	0.00	3.00	8.38	0.00	2.56	1.25	1.80	0.00	134.00
gi|526459681|ref|YP_008330258.1|_8-109_2BS2:B:1-106	1.00	5.14	3.00	11.00	0.00	1.92	3.00	1.90	0.00	106.00
gi|526459683|ref|YP_008330260.1|_1-238_2BS2:C:1-254	0.00	0.00	3.33	19.67	0.00	1.81	1.43	2.42	0.00	255.00
gi|526459689|ref|YP_008330266.1|_53-157_2FUG:9:26-179	1.00	4.00	3.00	6.67	0.00	1.89	1.50	2.22	0.00	154.00
gi|526459692|ref|YP_008330269.1|_7-427_1K3P:A:	1.00	4.00	3.00	11.50	0.00	1.95	1.60	2.59	0.00	426.00
gi|526459694|ref|YP_008330271.1|_8-158_2FUG:2:3-180	1.00	4.67	3.50	10.00	0.00	1.86	1.81	2.12	0.00	178.00
gi|526459696|ref|YP_008330273.1|_12-157_2FUG:6:15-175	1.00	3.25	3.00	10.20	0.00	3.35	1.43	1.71	0.00	161.00
gi|526459704|ref|YP_008330281.1|_1-199_1Z7M:E:1-204	0.00	5.27	5.00	8.86	0.00	2.26	1.45	2.22	0.00	204.00
gi|526459728|ref|YP_008330305.1|_10-156_2CTH:A:	1.00	2.50	3.00	7.67	0.00	1.56	1.92	1.88	0.00	107.00
gi|526459743|ref|YP_008330320.1|_13-178_1SRR:A:	0.00	4.80	0.00	11.00	0.00	1.69	1.43	2.00	0.00	119.00
gi|526459751|ref|YP_008330328.1|_3-131_1XD7:A:	1.00	2.00	3.00	11.83	0.00	2.73	1.83	1.50	0.00	127.00
gi|526459755|ref|YP_008330332.1|_1-172_2PL1:A:1-119	0.00	4.60	0.00	11.40	0.00	1.43	1.40	1.75	0.00	121.00
gi|526459756|ref|YP_008330333.1|_123-223_1JNS:A:	0.00	6.50	3.00	10.33	0.00	1.75	1.50	2.40	0.00	92.00
gi|526459756|ref|YP_008330333.1|_25-155_1M5Y:A:25-164,A:395-427	0.00	3.67	0.00	17.29	0.00	2.60	2.00	1.83	1.00	173.00
gi|526459757|ref|YP_008330334.1|_1-354_1DOS:A:	0.00	4.36	3.00	14.08	0.00	2.19	1.39	1.65	0.00	358.00
gi|526459763|ref|YP_008330340.1|_1-156_1VIA:A:	0.00	4.40	3.33	11.14	0.00	1.53	1.00	1.90	0.00	161.00
gi|526459765|ref|YP_008330342.1|_7-96_2BO3:A:1-93	0.00	0.00	0.00	16.75	0.00	2.67	1.25	2.50	0.00	93.00
gi|526459796|ref|YP_008330373.1|_1-124_1MVO:A:	0.00	4.80	0.00	10.60	0.00	1.85	1.83	1.80	0.00	121.00
gi|526459796|ref|YP_008330373.1|_134-225_1P2F:A:121-217	0.00	3.43	0.00	11.33	0.00	1.86	1.50	2.43	0.00	97.00
gi|526459797|ref|YP_008330374.1|_299-402_2C2A:A:321-481	0.00	6.71	3.00	15.00	0.00	2.92	1.50	1.90	0.00	161.00
gi|526459797|ref|YP_008330374.1|_197-264_2C2A:A:232-320	0.00	0.00	3.00	24.00	0.00	2.33	0.00	1.75	0.00	89.00
gi|526459810|ref|YP_008330387.1|_1-118_1UHE:B:,A:	0.00	5.60	6.00	6.00	0.00	1.65	1.33	2.14	1.00	121.00
gi|526459811|ref|YP_008330388.1|_12-99_1J8B:A:	0.00	6.00	4.00	24.50	0.00	1.80	1.00	1.50	0.00	92.00
gi|526459812|ref|YP_008330389.1|_3-269_1RTR:A:	0.00	2.00	4.00	15.15	0.00	2.94	1.17	1.85	0.00	290.00
gi|526459813|ref|YP_008330390.1|_1-84_1WE3:O:	0.00	3.78	0.00	0.00	0.00	1.89	1.25	2.29	0.00	96.00
gi|526459814|ref|YP_008330391.1|_184-375_1KID:A:	1.00	4.33	3.00	15.00	0.00	1.91	1.20	1.80	0.00	193.00
gi|526459814|ref|YP_008330391.1|_6-133,405-519_1WE3:A:3-138,A:409-527	1.00	4.12	3.00	15.40	0.00	1.50	1.71	2.27	1.00	255.00
gi|526459814|ref|YP_008330391.1|_137-202_1OEL:A:137-190,A:367-409	0.00	5.67	0.00	14.25	0.00	1.43	1.80	2.00	1.00	97.00
gi|526459822|ref|YP_008330399.1|_1-206_1F3O:A:	0.00	6.00	3.00	11.14	0.00	1.59	1.47	2.21	0.00	232.00
gi|526459828|ref|YP_008330405.1|_28-282_2F9Y:B:23-285	1.00	3.67	3.00	9.75	0.00	2.13	1.57	2.00	0.00	263.00
gi|526459832|ref|YP_008330409.1|_10-309_1VHN:A:	0.00	4.44	4.67	9.71	0.00	2.10	1.39	2.47	0.00	317.00
gi|526459845|ref|YP_008330422.1|_29-105_1JMX:G:	0.00	0.00	3.50	4.50	0.00	2.10	2.22	3.33	0.00	77.00
gi|526459861|ref|YP_008330438.1|_69-301_1DKR:A:8-166	1.00	5.00	6.00	12.50	0.00	2.00	1.50	2.00	0.00	159.00
gi|526459882|ref|YP_008330459.1|_157-395_1G99:A:198-398	1.00	5.00	3.00	10.75	0.00	1.48	1.69	1.80	0.00	201.00
gi|526459882|ref|YP_008330459.1|_1-195_1G99:A:1-197	0.00	5.88	3.67	10.17	0.00	1.55	1.33	2.18	0.00	197.00
gi|526459883|ref|YP_008330460.1|_31-200_1J54:A:	0.00	5.33	3.00	9.57	0.00	2.12	1.42	1.91	0.00	174.00
gi|526459889|ref|YP_008330466.1|_28-199_1J54:A:	0.00	5.33	3.00	9.57	0.00	2.12	1.42	1.91	0.00	174.00
gi|526459896|ref|YP_008330473.1|_4-283_1NG4:A:1-218,A:307-364	1.00	5.55	3.00	9.00	0.00	2.07	1.54	2.11	1.00	276.00
gi|526459899|ref|YP_008330476.1|_2-85_1XHJ:A:	0.00	6.33	0.00	18.00	0.00	2.22	1.43	2.00	0.00	87.00
gi|526459900|ref|YP_008330477.1|_5-147_1A17:A:	0.00	0.00	0.00	17.43	0.00	1.82	1.00	2.00	0.00	159.00
gi|526459920|ref|YP_008330497.1|_6-217_1NI5:A:0-226	1.00	4.67	3.00	12.00	0.00	2.38	1.33	2.07	0.00	226.00
gi|526459924|ref|YP_008330501.1|_4-233_2GY9:B:8-225	1.00	3.20	4.00	14.83	0.00	2.00	1.92	2.73	0.00	218.00
gi|526459925|ref|YP_008330502.1|_235-347_1EFU:B:140-282	1.00	6.20	3.00	12.80	0.00	2.57	1.14	2.83	0.00	143.00
gi|526459925|ref|YP_008330502.1|_57-94,181-222_1TFE:A:	1.00	6.60	3.00	13.80	0.00	1.44	1.25	2.25	0.00	142.00
gi|526459925|ref|YP_008330502.1|_5-54_1EFU:B:1-54	0.00	0.00	0.00	13.33	0.00	2.67	1.00	2.50	0.00	54.00
gi|526459936|ref|YP_008330513.1|_3-73_2H3J:A:1-75	0.00	4.60	0.00	6.00	0.00	2.20	2.33	1.83	0.00	75.00
gi|526459967|ref|YP_008330544.1|_11-109_1UWD:A:	1.00	5.00	3.00	9.33	0.00	1.86	2.00	2.33	0.00	102.00
gi|526459968|ref|YP_008330545.1|_6-134_1MZG:A:	0.00	5.33	3.00	10.86	0.00	2.27	2.14	2.33	0.00	145.00
gi|526459971|ref|YP_008330548.1|_6-236_1VPL:A:	1.00	6.20	4.00	9.89	0.00	1.72	1.33	2.27	0.00	238.00
gi|526459973|ref|YP_008330550.1|_3-378_1P3W:A:	1.00	4.33	3.00	12.75	0.00	2.10	1.18	2.37	0.00	391.00
gi|526459975|ref|YP_008330552.1|_72-197_2EF7:A:1-127	1.00	4.43	3.00	10.50	0.00	1.67	1.00	1.60	0.00	127.00
gi|526459979|ref|YP_008330556.1|_2-214_1JW9:B:	1.00	5.62	4.00	10.22	0.00	2.45	1.20	1.72	0.00	247.00
gi|526459980|ref|YP_008330557.1|_80-156_1GRJ:A:80-158	1.00	5.20	3.00	6.00	0.00	2.44	1.67	2.33	0.00	79.00
gi|526459980|ref|YP_008330557.1|_3-78_1GRJ:A:2-79	0.00	4.00	3.00	18.33	0.00	1.50	0.00	1.50	0.00	78.00
gi|526459994|ref|YP_008330571.1|_180-290,331-378_2PAQ:A:2-187	1.00	0.00	3.67	12.11	0.00	3.25	1.14	2.12	0.00	186.00
gi|526459996|ref|YP_008330573.1|_1-143_1O1X:A:	0.00	4.80	0.00	10.50	0.00	2.92	1.56	2.00	0.00	154.00
gi|526459998|ref|YP_008330575.1|_121-277_1B0A:A:123-288	1.00	3.43	0.00	10.17	0.00	1.52	1.50	2.30	0.00	166.00
gi|526459998|ref|YP_008330575.1|_2-120_1B0A:A:2-122	0.00	3.60	0.00	13.75	0.00	1.62	1.25	1.89	0.00	121.00
gi|526460007|ref|YP_008330584.1|_8-68_1IW7:E:	1.00	3.00	0.00	10.25	0.00	1.80	1.67	2.00	0.00	95.00
gi|526460008|ref|YP_008330585.1|_2-228_2BNE:A:5-241	1.00	4.67	4.00	11.00	0.00	1.92	1.53	2.13	0.00	237.00
gi|526460011|ref|YP_008330588.1|_2-260_1HO1:A:	0.00	4.88	0.00	10.36	0.00	1.75	1.50	2.08	0.00	242.00
gi|526460017|ref|YP_008330594.1|_12-204_1TX2:A:	1.00	3.90	4.33	12.78	0.00	1.90	1.53	1.71	0.00	273.00
gi|526460017|ref|YP_008330594.1|_259-319_2AKJ:A:431-556	1.00	5.57	3.00	13.00	0.00	1.47	1.67	2.25	0.00	126.00
gi|526460050|ref|YP_008330627.1|_5-94_2PIL:A:	1.00	6.33	3.00	18.33	0.00	1.47	1.64	1.75	0.00	158.00
gi|526460072|ref|YP_008330649.1|_16-146_1MZB:A:	1.00	4.20	0.00	11.00	0.00	3.00	2.50	2.20	0.00	134.00
gi|526460090|ref|YP_008330667.1|_11-102_2OYZ:A:2-94	0.00	6.20	3.00	0.00	0.00	1.22	1.67	1.75	0.00	93.00
gi|526460102|ref|YP_008330679.1|_3-98_2QAL:J:5-102	1.00	4.80	0.00	10.50	0.00	2.23	2.17	2.33	0.00	98.00
gi|526460103|ref|YP_008330680.1|_2-188_2J01:E:1-205	1.00	4.20	3.00	0.00	0.00	2.91	1.63	2.60	0.00	205.00
gi|526460104|ref|YP_008330681.1|_1-200_1DMG:A:	0.00	5.00	0.00	10.86	0.00	5.06	1.56	2.00	0.00	225.00
gi|526460105|ref|YP_008330682.1|_7-89_2QAM:T:1-93	0.00	2.83	0.00	5.67	0.00	3.00	1.50	2.00	0.00	93.00
gi|526460106|ref|YP_008330683.1|_127-273_2J01:D:127-273	1.00	3.33	4.00	4.00	0.00	1.76	1.79	2.30	0.00	147.00
gi|526460106|ref|YP_008330683.1|_2-118_2J01:D:2-126	1.00	4.50	3.00	0.00	0.00	2.55	2.18	2.33	0.00	125.00
gi|526460108|ref|YP_008330685.1|_2-103_1BXE:A:	1.00	16.00	3.00	12.67	0.00	1.50	1.33	1.75	0.00	110.00
gi|526460110|ref|YP_008330687.1|_1-137_2GYA:K:3-133	1.00	3.00	0.00	10.00	0.00	2.81	1.82	2.00	0.00	131.00
gi|526460111|ref|YP_008330688.1|_1-59_1R73:A:	0.00	0.00	0.00	17.00	0.00	2.25	1.00	2.00	0.00	66.00
gi|526460112|ref|YP_008330689.1|_4-80_1I94:Q:	0.00	4.71	0.00	14.00	0.00	1.94	1.86	2.20	0.00	104.00
gi|526460113|ref|YP_008330690.1|_1-122_2J01:O:1-122	0.00	5.29	0.00	5.50	0.00	1.67	1.91	1.86	0.00	122.00
gi|526460114|ref|YP_008330691.1|_4-76_2ZJR:R:4-113	1.00	4.25	0.00	0.00	0.00	3.00	2.25	2.67	0.00	110.00
gi|526460116|ref|YP_008330693.1|_3-61_1FJG:N:	0.00	2.33	3.00	10.00	0.00	2.43	1.75	3.20	0.00	60.00
gi|526460117|ref|YP_008330694.1|_1-132_1AN7:A:	1.00	5.10	3.50	10.67	0.00	1.69	1.29	1.86	0.00	136.00
gi|526460118|ref|YP_008330695.1|_83-175_2QAM:G:82-176	1.00	2.00	0.00	12.00	0.00	3.62	2.14	2.20	0.00	95.00
gi|526460118|ref|YP_008330695.1|_2-82_1RL6:A:7-81	0.00	4.83	0.00	22.00	0.00	1.38	1.00	1.83	0.00	75.00
gi|526460119|ref|YP_008330696.1|_10-117_1OVY:A:	0.00	5.67	0.00	14.50	0.00	2.10	1.64	2.00	0.00	97.00
gi|526460120|ref|YP_008330697.1|_4-73_1PKP:A:4-77	1.00	6.75	3.00	12.00	0.00	1.56	2.00	2.00	0.00	74.00
gi|526460120|ref|YP_008330697.1|_77-144_1PKP:A:78-148	1.00	4.75	0.00	12.00	0.00	1.56	1.20	1.75	0.00	71.00
gi|526460121|ref|YP_008330698.1|_4-130_2GYA:J:4-143	1.00	4.00	0.00	0.00	0.00	2.75	2.45	2.75	0.00	140.00
gi|526460123|ref|YP_008330700.1|_6-251_1O0X:A:	1.00	4.36	3.50	17.00	0.00	1.83	1.86	1.86	0.00	249.00
gi|526460124|ref|YP_008330701.1|_1-71_1AH9:A:	0.00	4.00	3.00	0.00	0.00	1.69	1.67	2.00	0.00	71.00
gi|526460132|ref|YP_008330709.1|_3-188_3ADK:A:	0.00	5.00	0.00	10.60	0.00	1.88	1.25	1.92	0.00	194.00
gi|526460191|ref|YP_008330768.1|_2-67_1BJP:A:	0.00	4.50	3.00	11.50	0.00	1.43	0.00	1.67	0.00	62.00
gi|526460199|ref|YP_008330776.1|_14-245_1Q6Z:A:342-524	1.00	5.17	3.00	8.75	0.00	1.86	1.55	1.70	0.00	183.00
gi|526460206|ref|YP_008330783.1|_8-186_1VIU:A:	1.00	7.40	0.00	9.50	0.00	2.44	1.62	2.57	0.00	189.00
gi|526460242|ref|YP_008330819.1|_6-257_1FMC:A:	1.00	5.29	3.33	12.67	0.00	1.96	1.18	2.00	0.00	255.00
gi|526460253|ref|YP_008330830.1|_67-284_1U94:A:6-268	1.00	5.64	3.00	10.50	0.00	2.70	1.79	1.83	0.00	263.00
gi|526460253|ref|YP_008330830.1|_254-268,301-447_1XHK:A:	1.00	5.11	5.00	12.75	0.00	1.95	1.83	2.00	0.00	185.00
gi|526460259|ref|YP_008330836.1|_309-465_2PQ7:A:1-217	0.00	0.00	3.50	12.40	0.00	7.11	1.40	2.14	0.00	217.00
gi|526460259|ref|YP_008330836.1|_207-298_1X4M:A:8-88	0.00	6.00	0.00	9.33	0.00	2.22	1.57	2.00	0.00	81.00
gi|526460277|ref|YP_008330854.1|_1-185_1VDC:A:1-117,A:244-316	1.00	4.18	3.67	15.67	0.00	1.54	1.67	2.00	1.00	192.00
gi|526460325|ref|YP_008330902.1|_10-176_1T3D:A:	1.00	2.33	3.00	12.67	0.00	1.27	1.85	2.07	0.00	262.00
gi|526460326|ref|YP_008330903.1|_58-326_1TWI:A:50-313	1.00	4.20	3.00	11.90	0.00	2.23	1.50	2.38	0.00	264.00
gi|526460326|ref|YP_008330903.1|_428-542_1F3T:A:14-43,A:284-422	1.00	6.00	3.00	5.67	0.00	3.29	1.56	2.20	1.00	169.00
gi|526460332|ref|YP_008330909.1|_57-146_1DIV:A:56-149	1.00	7.00	3.00	14.50	0.00	2.00	1.00	2.00	0.00	94.00
gi|526460332|ref|YP_008330909.1|_1-57_1CQU:A:	0.00	3.67	0.00	6.50	5.00	1.57	1.80	1.75	0.00	56.00
gi|526460333|ref|YP_008330910.1|_2-176_1M4Y:A:	0.00	4.36	3.00	15.00	0.00	1.82	1.43	2.38	0.00	171.00
gi|526460334|ref|YP_008330911.1|_3-438_1G41:A:	0.00	4.44	3.33	12.46	0.00	5.45	1.54	2.46	0.00	443.00
gi|526460339|ref|YP_008330916.1|_3-80_1RHY:A:2-93	0.00	6.25	0.00	14.00	0.00	2.60	1.25	2.00	0.00	92.00
gi|526460339|ref|YP_008330916.1|_86-175_2F1D:A:96-192	1.00	5.00	0.00	16.50	0.00	2.12	1.75	1.75	0.00	97.00
gi|526460340|ref|YP_008330917.1|_1-152_1K1E:A:	0.00	4.88	3.00	8.38	0.00	1.39	1.30	2.10	0.00	177.00
gi|526460344|ref|YP_008330921.1|_3-151_1Y9K:A:1-152	0.00	6.11	3.00	9.20	0.00	1.33	1.71	2.00	0.00	151.00
gi|526460375|ref|YP_008330952.1|_120-458_1SIG:A:	0.00	3.50	3.00	15.62	0.00	3.67	1.44	2.18	0.00	338.00
gi|526460375|ref|YP_008330952.1|_522-622_1IW7:F:319-423	0.00	3.00	3.00	13.75	0.00	2.38	2.00	1.67	0.00	105.00
gi|526460375|ref|YP_008330952.1|_464-538_1IW7:F:258-318	0.00	2.00	0.00	12.00	0.00	2.20	1.75	2.50	0.00	61.00
gi|526460376|ref|YP_008330953.1|_2-161_1V7L:A:	1.00	4.12	0.00	7.00	0.00	1.81	1.10	2.08	0.00	162.00
gi|526460378|ref|YP_008330955.1|_3-307_1I74:A:	1.00	5.90	3.00	9.83	0.00	2.00	1.38	2.10	0.00	309.00
gi|526460379|ref|YP_008330956.1|_20-118_2OIK:A:6-144	0.00	5.60	3.00	13.67	0.00	1.89	1.46	2.00	0.00	139.00
gi|526460380|ref|YP_008330957.1|_1-37_1DFE:A:	0.00	3.67	3.00	0.00	0.00	1.88	1.50	2.00	0.00	37.00
gi|526460381|ref|YP_008330958.1|_2-117_1FJG:M:	1.00	0.00	3.00	8.83	0.00	2.69	1.55	2.00	0.00	125.00
gi|526460382|ref|YP_008330959.1|_14-130_2QAL:K:12-128	0.00	6.60	3.00	9.00	0.00	2.82	1.43	2.17	0.00	117.00
gi|526460383|ref|YP_008330960.1|_2-208_1FJG:D:	1.00	3.50	3.67	9.38	0.00	2.14	1.91	2.12	0.00	208.00
gi|526460384|ref|YP_008330961.1|_53-173_1IW7:A:50-172	1.00	4.90	3.00	6.50	0.00	1.47	1.45	1.86	0.00	123.00
gi|526460384|ref|YP_008330961.1|_9-53,174-228_1BDF:A:2-52,A:179-232	1.00	8.25	4.00	14.00	0.00	1.90	2.00	2.00	1.00	105.00
gi|526460384|ref|YP_008330961.1|_249-316_1Z3E:B:245-311	1.00	0.00	3.00	7.20	0.00	1.86	1.00	1.50	0.00	67.00
gi|526460385|ref|YP_008330962.1|_1-116_2QAM:N:1-120	1.00	2.33	3.00	8.60	0.00	2.67	1.43	2.30	0.00	120.00
gi|526460387|ref|YP_008330964.1|_2-89,215-472_1ZFJ:A:2-94,A:221-492	1.00	4.20	3.33	9.92	0.00	2.32	1.50	2.06	1.00	365.00
gi|526460387|ref|YP_008330964.1|_72-201_1ZFJ:A:95-220	1.00	4.80	0.00	8.75	0.00	1.60	1.60	2.33	0.00	126.00
gi|526460388|ref|YP_008330965.1|_34-140_2F4P:A:2-135	1.00	4.83	3.00	8.00	0.00	1.52	1.80	2.11	0.00	134.00
gi|526460391|ref|YP_008330968.1|_11-64_1XBL:A:	0.00	0.00	0.00	12.67	0.00	2.14	2.33	2.50	0.00	75.00
gi|526460419|ref|YP_008330996.1|_305-515_1F3O:A:	0.00	6.00	3.00	11.14	0.00	1.59	1.47	2.21	0.00	232.00
gi|526460419|ref|YP_008330996.1|_6-238_1OXS:C:1-242	0.00	6.00	3.00	9.88	0.00	1.35	1.22	2.00	0.00	242.00
gi|526460420|ref|YP_008330997.1|_8-152_1VPM:A:	1.25	8.14	3.00	20.50	0.00	2.00	1.17	1.83	0.00	155.00
gi|526460437|ref|YP_008331014.1|_141-277_2C2A:A:321-481	0.00	6.71	3.00	15.00	0.00	2.92	1.50	1.90	0.00	161.00
gi|526460437|ref|YP_008331014.1|_67-135_1JOY:A:	0.00	0.00	0.00	16.00	0.00	2.00	3.50	2.00	0.00	67.00
gi|526460444|ref|YP_008331021.1|_27-136_1JX7:A:	1.00	4.80	7.00	9.50	0.00	1.57	1.40	2.29	0.00	116.00
gi|526460463|ref|YP_008331040.1|_4-171_1KGS:A:2-123	0.00	4.80	0.00	11.00	0.00	2.09	1.67	1.67	0.00	122.00
gi|526460468|ref|YP_008331045.1|_2-167_1J54:A:	0.00	5.33	3.00	9.57	0.00	2.12	1.42	1.91	0.00	174.00
gi|526460473|ref|YP_008331050.1|_479-713_1MT0:A:	1.00	5.80	3.33	7.20	0.00	1.60	1.25	2.10	0.00	241.00
gi|526460473|ref|YP_008331050.1|_161-473_2HYD:A:1-323	0.00	0.00	3.00	18.40	5.00	1.44	1.20	1.67	0.00	323.00
gi|526460476|ref|YP_008331053.1|_53-116_2IHO:A:156-293	1.00	4.00	0.00	12.33	0.00	1.63	1.38	2.33	0.00	138.00
gi|526460498|ref|YP_008331075.1|_1-112_2PII:A:	0.00	5.50	3.00	11.50	0.00	1.94	1.40	2.00	0.00	112.00
gi|526460502|ref|YP_008331079.1|_361-561_1YBH:A:460-667	1.00	4.83	3.00	9.12	0.00	1.71	1.40	2.08	0.00	208.00
gi|526460502|ref|YP_008331079.1|_1-183_1YBH:A:86-280	0.00	4.12	3.00	8.56	0.00	2.16	2.00	2.25	0.00	195.00
gi|526460502|ref|YP_008331079.1|_186-355_1YBH:A:281-459	0.00	4.50	3.00	9.71	0.00	2.19	1.36	2.67	0.00	179.00
gi|526460503|ref|YP_008331080.1|_15-86_2F1F:A:2-77	0.00	7.50	2.00	11.50	0.00	1.60	1.20	2.33	0.00	76.00
gi|526460503|ref|YP_008331080.1|_87-165_2FGC:A:105-187	0.00	7.00	3.00	10.00	0.00	1.62	1.75	2.00	0.00	83.00
gi|526460534|ref|YP_008331111.1|_1-106_2YWQ:A:1-95	0.00	8.50	4.00	15.00	0.00	2.83	1.50	1.33	0.00	95.00
gi|526460541|ref|YP_008331118.1|_7-212_1WD5:A:	1.00	5.75	3.50	11.71	0.00	2.00	1.20	1.90	0.00	208.00
gi|526460543|ref|YP_008331120.1|_1-121_1JBE:A:	0.00	4.40	0.00	10.80	0.00	2.07	1.71	1.83	0.00	128.00
gi|526460557|ref|YP_008331134.1|_13-160_1F3Y:A:	1.00	6.14	3.00	9.50	0.00	2.09	1.55	2.00	0.00	165.00
gi|526460558|ref|YP_008331135.1|_3-244_2HMF:A:2-303	1.00	4.17	3.00	14.20	0.00	1.55	1.46	2.00	0.00	302.00
gi|526460558|ref|YP_008331135.1|_328-402_2HMF:A:404-470	0.00	6.00	3.00	11.50	0.00	1.60	2.00	2.75	0.00	67.00
gi|526460558|ref|YP_008331135.1|_249-325_2HMF:A:404-470	0.00	6.00	3.00	11.50	0.00	1.60	2.00	2.75	0.00	67.00
gi|526460584|ref|YP_008331161.1|_41-69_1JJD:A:	1.00	2.00	0.00	5.00	0.00	2.50	1.86	2.00	0.00	52.00
gi|526460585|ref|YP_008331162.1|_2-175_1JSX:A:	0.00	7.29	3.00	10.14	0.00	2.65	1.45	2.33	0.00	207.00
gi|526460586|ref|YP_008331163.1|_8-169_2BZ1:A:1-174	0.00	7.14	0.00	8.57	0.00	2.06	1.33	1.70	0.00	174.00
gi|526460598|ref|YP_008331175.1|_3-247_1XNG:A:3-257	1.00	3.00	3.50	11.42	0.00	2.17	1.80	2.00	0.00	255.00
gi|526460617|ref|YP_008331194.1|_15-183_1NXO:A:	0.00	5.00	0.00	11.40	0.00	2.10	1.29	1.75	0.00	119.00
gi|526460621|ref|YP_008331198.1|_4-236_1VPL:A:	1.00	6.20	4.00	9.89	0.00	1.72	1.33	2.27	0.00	238.00
gi|526460625|ref|YP_008331202.1|_1-77_1DM9:A:	1.00	4.00	3.00	9.50	0.00	1.55	2.50	1.88	0.00	104.00
gi|526460626|ref|YP_008331203.1|_186-411_1KOR:A:171-395	0.00	5.89	3.50	17.40	0.00	2.20	1.67	1.90	0.00	225.00
gi|526460626|ref|YP_008331203.1|_7-171_1KOR:A:1-165	1.00	5.00	3.00	10.86	0.00	1.75	1.57	1.82	0.00	165.00
gi|526460637|ref|YP_008331214.1|_88-306_1W2Y:A:	1.00	2.00	3.00	13.80	0.00	2.93	1.57	2.08	0.00	229.00
gi|526460639|ref|YP_008331216.1|_5-190_1VDD:A:	1.00	3.57	4.00	10.29	0.00	1.54	2.08	2.00	0.00	199.00
gi|526460645|ref|YP_008331222.1|_6-188_1XM8:A:	1.00	4.43	4.00	9.78	0.00	1.68	2.14	1.83	0.00	253.00
gi|526460661|ref|YP_008331238.1|_22-88_1DVH:A:	0.00	0.00	0.00	8.60	0.00	2.00	1.00	2.14	0.00	79.00
gi|526460666|ref|YP_008331243.1|_6-185_1E4C:P:	1.00	4.29	4.00	13.00	0.00	1.83	1.86	1.86	0.00	206.00
gi|526460705|ref|YP_008331282.1|_11-102_1JBG:A:	0.00	2.33	0.00	14.20	0.00	1.60	1.33	1.60	0.00	106.00
gi|526460732|ref|YP_008331309.1|_667-940_1A9X:A:677-935	1.00	5.91	3.50	9.88	0.00	2.43	1.50	1.67	0.00	259.00
gi|526460732|ref|YP_008331309.1|_126-397_1A9X:A:128-402	1.00	6.18	3.00	11.86	0.00	1.67	1.33	2.42	0.00	275.00
gi|526460732|ref|YP_008331309.1|_551-669_1A9X:A:556-676	1.00	4.00	0.00	7.83	0.00	1.69	1.80	1.88	0.00	121.00
gi|526460732|ref|YP_008331309.1|_1-125_1A9X:A:1-127	1.00	3.60	3.00	10.60	0.00	1.53	1.62	1.50	0.00	127.00
gi|526460732|ref|YP_008331309.1|_392-538_1A9X:A:403-555	1.00	5.00	3.00	10.57	0.00	2.07	1.75	1.80	0.00	153.00
gi|526460732|ref|YP_008331309.1|_944-1070_1A9X:A:936-1073	1.00	3.60	4.00	8.14	0.00	2.00	1.80	1.82	0.00	138.00
gi|526460738|ref|YP_008331315.1|_25-217_1RQ2:A:8-205	1.00	6.33	3.00	12.25	0.00	2.07	1.33	1.88	0.00	198.00
gi|526460738|ref|YP_008331315.1|_222-335_1OFU:A:209-317	0.00	9.00	3.00	10.67	0.00	1.45	1.00	1.86	0.00	109.00
gi|526460741|ref|YP_008331318.1|_427-494,565-745_1W36:D:361-606	1.00	4.25	3.00	7.11	0.00	5.05	1.72	2.15	0.00	246.00
gi|526460741|ref|YP_008331318.1|_185-476_1W36:D:2-360	1.00	3.78	3.50	9.36	0.00	2.53	1.55	1.92	0.00	359.00
gi|526460741|ref|YP_008331318.1|_90-204_1DGS:A:401-581	1.00	3.00	4.33	8.10	0.00	1.84	1.40	2.00	0.00	181.00
gi|526460746|ref|YP_008331323.1|_270-491_2HYD:A:324-578	1.00	5.50	3.00	8.00	0.00	1.72	1.38	2.44	0.00	255.00
gi|526460746|ref|YP_008331323.1|_2-206_3DHW:C:1-240	1.00	6.40	3.00	11.43	0.00	1.57	1.47	2.67	0.00	240.00
gi|526460747|ref|YP_008331324.1|_132-336_1TDT:A:	1.00	3.04	3.00	11.75	0.00	1.23	1.60	2.12	0.00	256.00
gi|526460754|ref|YP_008331331.1|_7-115_2OU3:A:1-160	0.00	0.00	3.00	13.75	0.00	2.15	2.00	1.80	0.00	160.00
gi|526460757|ref|YP_008331334.1|_1-116_2A3Q:A:22-134	0.00	0.00	3.00	15.20	0.00	2.10	1.33	1.67	0.00	113.00
gi|526460786|ref|YP_008331363.1|_3-219_1BE3:C:1-260	1.00	3.00	3.25	17.78	0.00	2.17	1.47	2.31	0.00	260.00
gi|526460810|ref|YP_008331387.1|_72-153_1OR7:A:120-187	0.00	3.00	0.00	12.75	0.00	1.60	1.00	2.00	0.00	68.00
gi|526460810|ref|YP_008331387.1|_2-78_1H3L:A:	0.00	0.00	3.00	14.75	0.00	1.40	2.00	1.00	0.00	75.00
gi|526460819|ref|YP_008331396.1|_189-271_1SFE:A:93-176	1.50	2.00	3.00	9.25	0.00	1.33	1.00	1.89	0.00	84.00
gi|526460819|ref|YP_008331396.1|_9-58_1BL0:A:9-62	0.00	0.00	0.00	9.25	0.00	1.75	2.00	4.00	0.00	54.00
gi|526460819|ref|YP_008331396.1|_113-177_1SFE:A:12-92	1.00	5.75	0.00	13.00	0.00	1.78	1.80	2.00	0.00	81.00
gi|526460825|ref|YP_008331402.1|_24-282_1R30:A:	1.00	4.78	3.00	11.27	0.00	2.06	1.60	2.08	0.00	312.00
gi|526460844|ref|YP_008331421.1|_11-271_1NVM:A:2-290	1.00	5.12	3.33	10.55	0.00	1.49	1.40	1.86	0.00	289.00
gi|526460853|ref|YP_008331430.1|_9-175_1KQF:B:2-245	1.00	4.55	3.00	7.67	0.00	2.23	1.53	2.26	0.00	244.00
gi|526460866|ref|YP_008331443.1|_9-175_1KQF:B:2-245	1.00	4.55	3.00	7.67	0.00	2.23	1.53	2.26	0.00	244.00
gi|526460860|ref|YP_008331437.1|_10-135_1NY5:A:1-137	1.00	5.40	0.00	14.40	0.00	1.60	1.43	2.00	0.00	137.00
gi|526460878|ref|YP_008331455.1|_1-145_1NNI:1:	1.00	4.00	3.00	10.71	0.00	2.00	1.00	1.90	0.00	173.00
gi|526460900|ref|YP_008331477.1|_2-153_1DBX:A:	1.00	4.75	4.00	7.80	0.00	2.10	1.62	1.56	0.00	157.00
gi|526460926|ref|YP_008331503.1|_64-171_2AIZ:P:1-134	1.00	4.75	3.00	12.00	0.00	1.82	1.55	2.33	0.00	134.00
gi|526460927|ref|YP_008331504.1|_163-430_1K32:A:39-319	1.00	5.26	3.00	0.00	0.00	1.97	1.53	2.14	0.00	281.00
gi|526460931|ref|YP_008331508.1|_3-83_1AQT:A:2-86	1.00	6.44	1.00	0.00	0.00	1.60	2.00	2.33	0.00	85.00
gi|526460932|ref|YP_008331509.1|_78-350_1SKY:E:83-356	1.00	4.27	3.25	10.00	0.00	1.64	1.53	1.76	0.00	274.00
gi|526460932|ref|YP_008331509.1|_348-463_1E79:D:358-475	0.00	0.00	3.50	12.33	0.00	1.89	1.43	2.50	0.00	118.00
gi|526460932|ref|YP_008331509.1|_2-76_1MAB:B:1-81	1.00	4.57	0.00	0.00	0.00	2.08	2.17	2.00	0.00	81.00
gi|526460935|ref|YP_008331512.1|_4-102_1ABV:A:	0.00	0.00	3.00	13.33	0.00	1.50	1.33	1.50	0.00	105.00
gi|526460939|ref|YP_008331516.1|_1-257_1ION:A:	0.00	5.50	3.50	8.27	0.00	1.75	1.63	2.15	0.00	243.00
gi|526460945|ref|YP_008331522.1|_2-82_2ZJR:T:2-85	0.00	3.71	0.00	0.00	0.00	2.21	2.25	2.25	0.00	84.00
gi|526460946|ref|YP_008331523.1|_1-103_2I2T:R:1-103	1.00	3.83	0.00	0.00	0.00	3.31	2.14	2.50	0.00	103.00
gi|526460948|ref|YP_008331525.1|_70-164_2FBN:A:22-174	0.00	0.00	3.00	16.71	0.00	1.50	1.00	2.14	0.00	153.00
gi|526460949|ref|YP_008331526.1|_4-156_1O0W:A:1-167	1.00	0.00	3.00	12.20	0.00	1.75	1.20	1.86	0.00	167.00
gi|526460949|ref|YP_008331526.1|_109-221_1RC7:A:151-220	0.00	7.67	0.00	15.50	0.00	1.40	1.25	2.00	0.00	70.00
gi|526460965|ref|YP_008331542.1|_71-256_1BIF:A:37-249	0.00	5.50	4.00	13.86	0.00	2.38	1.11	2.82	0.00	213.00
gi|526460979|ref|YP_008331556.1|_1-256_2IUB:A:9-285	0.00	7.71	4.00	22.17	0.00	1.70	1.64	2.40	0.00	281.00
gi|526460979|ref|YP_008331556.1|_252-315_2IUB:A:286-349	0.00	0.00	0.00	18.50	0.00	9.50	1.00	3.00	0.00	64.00
gi|526460990|ref|YP_008331567.1|_11-192_1TYF:A:	1.00	4.44	0.00	12.14	0.00	1.72	1.71	1.86	0.00	183.00
gi|526460991|ref|YP_008331568.1|_253-428_1T11:A:248-376	1.00	3.00	4.50	16.20	0.00	1.62	1.17	2.14	0.00	129.00
gi|526460991|ref|YP_008331568.1|_101-246_1T11:A:135-247	1.00	6.17	3.00	13.00	0.00	1.93	1.62	2.12	0.00	113.00
gi|526460991|ref|YP_008331568.1|_1-128_1W26:A:1-131	1.00	6.40	3.00	15.00	0.00	2.07	1.50	2.40	0.00	131.00
gi|526461007|ref|YP_008331584.1|_1-171_1U6M:A:	0.00	7.57	3.20	9.33	0.00	2.75	1.25	2.00	0.00	198.00
gi|526461010|ref|YP_008331587.1|_7-114_1MZB:A:	1.00	4.20	0.00	11.00	0.00	3.00	2.50	2.20	0.00	134.00
gi|526461018|ref|YP_008331595.1|_27-101_1C99:A:	0.00	0.00	3.00	34.50	0.00	1.00	1.00	4.00	0.00	79.00
gi|526461024|ref|YP_008331601.1|_2-410_1O20:A:	1.00	4.69	3.00	12.36	0.00	1.77	1.50	2.00	0.00	414.00
gi|526461039|ref|YP_008331616.1|_13-146_1MZB:A:	1.00	4.20	0.00	11.00	0.00	3.00	2.50	2.20	0.00	134.00
gi|526461055|ref|YP_008331632.1|_1-60_2QAM:Z:2-78	1.00	2.00	3.00	5.50	0.00	3.80	1.67	3.00	0.00	77.00
gi|526461085|ref|YP_008331662.1|_4-70_1BLU:A:	0.00	3.00	3.00	8.50	0.00	1.60	2.00	2.50	0.00	80.00
gi|526461095|ref|YP_008331672.1|_6-158_1Y8C:A:	1.00	7.64	3.33	9.71	0.00	1.76	1.67	2.21	0.00	246.00
gi|526461097|ref|YP_008331674.1|_15-235_1IM8:A:	0.00	6.86	3.00	12.25	0.00	1.80	1.23	1.80	0.00	225.00
gi|526461098|ref|YP_008331675.1|_1-164_2CX4:A:4-163	1.00	4.44	0.00	9.00	0.00	1.58	1.40	2.00	0.00	159.00
gi|526461107|ref|YP_008331684.1|_10-154_1HQK:A:	0.00	5.29	3.00	14.40	0.00	1.64	1.60	1.62	0.00	154.00
gi|526461113|ref|YP_008331690.1|_4-72_2GCX:A:1-75	0.00	5.20	0.00	7.00	0.00	2.86	1.60	3.50	0.00	75.00
gi|526461126|ref|YP_008331703.1|_5-71_2ES2:A:1-67	1.00	7.20	3.00	0.00	0.00	1.71	2.50	2.50	0.00	67.00
gi|526461131|ref|YP_008331708.1|_2-105_1FB6:A:	0.00	5.60	0.00	9.25	0.00	1.36	2.50	2.71	0.00	104.00
gi|526461135|ref|YP_008331712.1|_8-243,364-723,775-951,1077-1161,1218-1374_1IW7:C:	1.03	3.81	3.20	9.70	5.00	1.94	2.05	2.15	0.00	1119.00
gi|526461136|ref|YP_008331713.1|_4-59_1DD3:A:1-57	0.00	0.00	0.00	15.67	0.00	1.33	1.00	2.00	0.00	57.00
gi|526461137|ref|YP_008331714.1|_1-156_1ZAV:A:1-177	0.00	5.40	3.00	16.67	0.00	1.67	1.80	1.67	0.00	177.00
gi|526461138|ref|YP_008331715.1|_6-224_1AD2:A:	1.00	5.22	3.00	10.33	0.00	1.52	1.33	2.18	0.00	224.00
gi|526461139|ref|YP_008331716.1|_3-71_2GYC:G:2-72	1.00	0.00	0.00	0.00	0.00	3.00	3.00	4.00	0.00	71.00
gi|526461139|ref|YP_008331716.1|_67-139_3CJR:B:71-137	0.00	0.00	3.00	6.00	0.00	6.20	1.20	2.25	0.00	67.00
gi|526461140|ref|YP_008331717.1|_3-111_1NZ8:A:	1.00	5.80	0.00	11.33	0.00	2.00	2.43	2.00	0.00	119.00
gi|526461140|ref|YP_008331717.1|_118-174_1M1G:A:191-248	0.00	6.20	0.00	0.00	0.00	1.80	1.33	2.80	0.00	58.00
gi|526461142|ref|YP_008331719.1|_2-53_2J01:6:9-53	0.00	0.00	0.00	0.00	0.00	6.60	2.00	2.00	0.00	45.00
gi|526461143|ref|YP_008331720.1|_3-222_1EFC:A:8-204	0.00	5.38	3.00	11.71	0.00	1.85	1.33	2.00	0.00	197.00
gi|526461143|ref|YP_008331720.1|_310-402_1EFC:A:297-393	1.00	9.17	3.00	0.00	0.00	1.62	1.67	1.83	0.00	97.00
gi|526461143|ref|YP_008331720.1|_213-309_1EXM:A:213-312	1.00	4.70	0.00	0.00	0.00	1.75	1.57	2.22	0.00	100.00
gi|526461151|ref|YP_008331728.1|_108-474_1F52:A:101-468	1.00	5.58	3.80	12.70	0.00	2.00	1.58	1.86	0.00	368.00
gi|526461151|ref|YP_008331728.1|_8-106_1F52:A:1-100	0.00	5.83	3.00	8.00	0.00	1.47	1.50	2.25	0.00	100.00
gi|526461153|ref|YP_008331730.1|_16-139_1FM0:E:	0.00	6.38	0.00	13.00	0.00	2.46	1.50	1.60	0.00	149.00
gi|526461163|ref|YP_008331740.1|_15-98_1MBX:C:	0.00	7.00	0.00	14.33	0.00	2.83	2.00	2.00	0.00	87.00
gi|526461165|ref|YP_008331742.1|_47-293_1SGJ:A:	0.00	4.88	3.00	9.70	0.00	2.00	1.28	1.87	0.00	231.00
gi|526461169|ref|YP_008331746.1|_314-487_2ISB:A:2-179	1.00	6.89	3.67	8.25	0.00	1.59	1.56	2.22	0.00	180.00
gi|526461183|ref|YP_008331760.1|_92-360_1E79:D:82-357	1.00	4.42	3.00	10.25	0.00	1.72	1.57	2.27	0.00	276.00
gi|526461185|ref|YP_008331762.1|_239-346_3BZR:A:237-345	1.00	5.25	3.00	12.00	0.00	2.00	1.50	1.83	0.00	109.00
gi|526461203|ref|YP_008331780.1|_6-84_1O6A:A:	0.00	9.20	0.00	6.67	0.00	1.43	0.00	1.83	0.00	87.00
gi|526461205|ref|YP_008331782.1|_125-332_1LKV:X:	0.00	0.00	6.00	11.85	0.00	1.87	1.20	1.62	0.00	213.00
gi|526461205|ref|YP_008331782.1|_18-109_1LKV:X:	0.00	0.00	6.00	11.85	0.00	1.87	1.20	1.62	0.00	213.00
gi|526461209|ref|YP_008331786.1|_137-307_1KMI:Z:	0.00	0.00	0.00	17.25	0.00	8.17	1.25	3.00	0.00	213.00
gi|526461215|ref|YP_008331792.1|_8-61_1E3H:A:579-632	1.00	0.00	0.00	4.00	0.00	11.00	1.33	0.00	0.00	54.00
gi|526461216|ref|YP_008331793.1|_1-74_1FJG:P:	0.00	4.80	0.00	9.00	0.00	1.62	1.67	2.00	0.00	83.00
gi|526461218|ref|YP_008331795.1|_56-246_1PRZ:A:	1.00	6.09	4.50	10.60	0.00	2.06	1.61	2.08	0.00	252.00
gi|526461223|ref|YP_008331800.1|_2-73_1NM3:A:166-239	0.00	4.25	0.00	8.67	0.00	2.00	1.75	2.00	0.00	74.00
gi|526461231|ref|YP_008331808.1|_2-151_2QAL:G:2-151	0.00	7.00	0.00	13.33	0.00	2.42	1.62	3.50	0.00	150.00
gi|526461232|ref|YP_008331809.1|_2-123_2QAL:L:1-123	1.25	3.20	0.00	6.00	0.00	2.95	1.45	2.25	0.00	123.00
gi|526461243|ref|YP_008331820.1|_21-328_1Y4T:A:	1.00	5.10	3.50	9.79	0.00	1.93	1.44	1.88	0.00	317.00
gi|526461251|ref|YP_008331828.1|_130-287_1ZJ8:A:162-326	1.00	6.17	3.00	11.25	0.00	1.61	1.79	2.50	0.00	165.00
gi|526461251|ref|YP_008331828.1|_386-517_1ZJ8:A:407-555	1.00	4.83	3.50	8.80	0.00	1.45	1.67	2.10	0.00	149.00
gi|526461251|ref|YP_008331828.1|_41-136_1ZJ8:A:10-161	1.00	5.20	3.22	6.86	0.00	1.44	1.12	1.67	0.00	152.00
gi|526461251|ref|YP_008331828.1|_263-396_2AKJ:A:346-430	1.00	5.00	3.00	7.33	0.00	2.20	1.83	2.40	0.00	85.00
gi|526461252|ref|YP_008331829.1|_15-82,171-355_2GRE:A:3-73,A:187-348	1.00	6.00	0.00	14.00	0.00	3.32	1.54	1.70	1.00	233.00
gi|526461254|ref|YP_008331831.1|_5-133_2GEY:A:2-145	1.00	9.33	0.00	9.60	0.00	1.89	1.33	1.89	0.00	144.00
gi|526461263|ref|YP_008331840.1|_3-116_2J01:T:1-138	1.14	7.00	3.00	6.67	0.00	2.70	2.08	1.75	0.00	138.00
gi|526461264|ref|YP_008331841.1|_1-226_1UAL:A:	0.00	4.44	4.00	10.11	0.00	3.19	1.44	1.91	0.00	273.00
gi|526461274|ref|YP_008331851.1|_103-271_1QAP:A:130-296	1.00	3.50	0.00	8.75	0.00	1.63	1.67	2.12	0.00	167.00
gi|526461274|ref|YP_008331851.1|_2-102_1QAP:A:8-129	0.00	3.67	3.50	18.67	0.00	1.50	1.40	2.00	0.00	122.00
gi|526461277|ref|YP_008331854.1|_136-273_2GO3:A:134-279	1.00	4.44	3.00	11.33	0.00	1.45	1.62	2.22	0.00	146.00
gi|526461277|ref|YP_008331854.1|_1-120_1P42:A:2-127	1.00	5.10	3.00	8.50	0.00	1.58	2.17	2.14	0.00	120.00
gi|526461280|ref|YP_008331857.1|_6-48_1G2R:A:	1.00	5.33	3.00	11.67	0.00	2.20	1.00	1.83	0.00	94.00
gi|526461286|ref|YP_008331863.1|_100-285_1YGY:A:99-282	1.00	4.29	3.50	9.00	0.00	1.46	1.43	2.17	0.00	184.00
gi|526461286|ref|YP_008331863.1|_17-125_1YGY:A:3-98,A:283-316	1.00	3.80	3.50	9.25	0.00	1.53	1.70	1.89	1.00	130.00
gi|526461286|ref|YP_008331863.1|_323-451_1YGY:A:317-451	0.00	7.50	3.50	11.00	0.00	1.78	1.50	2.38	0.00	135.00
gi|526461286|ref|YP_008331863.1|_446-523_1YGY:A:452-529	0.00	7.50	0.00	11.00	0.00	1.71	1.80	1.67	0.00	78.00
gi|526461291|ref|YP_008331868.1|_84-330_1PYS:A:	1.00	6.80	4.67	10.00	0.00	2.21	1.50	2.42	0.00	266.00
gi|526461291|ref|YP_008331868.1|_6-89_1EIY:A:6-84	0.00	0.00	0.00	9.67	0.00	1.00	2.00	2.00	0.00	79.00
gi|526461294|ref|YP_008331871.1|_1-256_2GFV:A:2-251	1.17	5.71	3.00	9.30	0.00	1.86	1.23	1.94	0.00	250.00
gi|526461294|ref|YP_008331871.1|_220-417_1TQY:A:219-423	1.20	5.00	4.50	10.60	0.00	1.81	1.43	1.88	0.00	166.00
gi|526461295|ref|YP_008331872.1|_2-74_1F80:D:	1.00	0.00	0.00	8.80	0.00	3.12	1.67	2.00	0.00	80.00
gi|526461304|ref|YP_008331881.1|_12-289_1BCC:C:2-261	1.00	3.00	3.50	17.00	0.00	1.82	2.08	2.53	0.00	260.00
gi|526461304|ref|YP_008331881.1|_241-388_1BCC:C:262-380	0.00	0.00	3.00	15.00	0.00	2.00	2.50	1.80	0.00	119.00
gi|526461310|ref|YP_008331887.1|_29-361_1GQE:A:	1.00	6.64	3.80	18.22	0.00	1.84	1.62	2.13	0.00	362.00
gi|526461319|ref|YP_008331896.1|_13-151,209-221_1DIQ:C:	0.00	0.00	0.00	8.25	0.00	2.25	1.43	2.17	0.00	74.00
gi|526461325|ref|YP_008331902.1|_91-296_2ESN:A:92-303	0.00	5.70	0.00	9.43	0.00	2.18	1.83	1.73	0.00	212.00
gi|526461325|ref|YP_008331902.1|_2-112_1IXC:A:1-89	1.00	0.00	0.00	16.25	0.00	2.67	1.50	1.00	0.00	89.00
gi|526461330|ref|YP_008331907.1|_2-105_1FB6:A:	0.00	5.60	0.00	9.25	0.00	1.36	2.50	2.71	0.00	104.00
gi|526461331|ref|YP_008331908.1|_2-239_1RIQ:A:1-236	0.00	7.00	2.75	8.00	0.00	1.68	1.79	2.31	0.00	236.00
gi|526461331|ref|YP_008331908.1|_240-452_1RIQ:A:237-457	0.00	2.00	1.00	15.56	0.00	2.85	1.12	2.17	0.00	217.00
gi|526461331|ref|YP_008331908.1|_547-697_2E1B:A:88-216	1.00	5.86	3.50	19.50	0.00	1.54	1.57	2.00	0.00	129.00
gi|526461331|ref|YP_008331908.1|_445-544_2E1B:A:1-87	1.00	4.60	3.00	0.00	0.00	2.47	1.50	2.00	0.00	87.00
gi|526461333|ref|YP_008331910.1|_3-373_1PW4:A:	1.00	0.00	5.00	17.67	0.00	2.95	1.44	1.68	0.00	450.00
gi|526461336|ref|YP_008331913.1|_296-399_1BXD:A:	0.00	6.00	3.00	11.67	0.00	3.12	1.45	2.00	0.00	161.00
gi|526461336|ref|YP_008331913.1|_194-267_1JOY:A:	0.00	0.00	0.00	16.00	0.00	2.00	3.50	2.00	0.00	67.00
gi|526461336|ref|YP_008331913.1|_160-200_2ASX:A:278-331	0.00	0.00	0.00	19.00	0.00	1.75	1.00	2.67	0.00	54.00
gi|526461337|ref|YP_008331914.1|_2-123_1NXO:A:	0.00	5.00	0.00	11.40	0.00	2.10	1.29	1.75	0.00	119.00
gi|526461337|ref|YP_008331914.1|_132-219_1P2F:A:121-217	0.00	3.43	0.00	11.33	0.00	1.86	1.50	2.43	0.00	97.00
gi|526461344|ref|YP_008331921.1|_3-81_1TJL:A:7-110	0.00	0.00	3.00	24.00	0.00	2.57	1.50	2.00	0.00	104.00
gi|526461344|ref|YP_008331921.1|_82-117_1TJL:A:111-151	1.00	0.00	0.00	10.50	0.00	1.25	2.00	2.00	0.00	41.00
gi|526461350|ref|YP_008331927.1|_1-79_1T4A:A:	0.00	10.33	0.00	11.50	0.00	1.50	1.50	2.20	0.00	80.00
gi|526461358|ref|YP_008331935.1|_4-99_2O5A:A:2-114	1.00	5.80	3.00	15.00	0.00	2.40	1.33	2.29	0.00	113.00
gi|526461382|ref|YP_008331959.1|_3-143_1JI4:A:	0.00	2.00	0.00	22.40	0.00	2.83	1.00	1.75	0.00	144.00
gi|526461399|ref|YP_008331976.1|_4-102_1XD7:A:	1.00	2.00	3.00	11.83	0.00	2.73	1.83	1.50	0.00	127.00
gi|526461400|ref|YP_008331977.1|_3-304_1Z7W:A:3-322	1.33	5.20	3.20	11.70	0.00	1.74	1.44	1.81	0.00	320.00
gi|526461553|ref|YP_008332130.1|_3-304_1Z7W:A:3-322	1.33	5.20	3.20	11.70	0.00	1.74	1.44	1.81	0.00	320.00
gi|526461404|ref|YP_008331981.1|_17-234_1ZUN:B:16-237	0.00	6.83	3.00	10.00	0.00	3.24	1.25	2.50	0.00	222.00
gi|526461404|ref|YP_008331981.1|_331-432_1ZUN:B:330-434	1.00	9.00	0.00	0.00	0.00	1.59	1.67	2.83	0.00	105.00
gi|526461404|ref|YP_008331981.1|_242-326_1ZUN:B:238-329	1.00	4.10	0.00	0.00	0.00	1.79	2.00	2.17	0.00	92.00
gi|526461417|ref|YP_008331994.1|_99-289_1UC8:A:89-280	1.00	5.62	0.00	9.83	0.00	4.00	1.50	2.12	0.00	192.00
gi|526461418|ref|YP_008331995.1|_6-136_2PMA:A:26-166	0.00	7.27	3.00	6.00	0.00	3.56	1.25	1.88	0.00	141.00
gi|526461424|ref|YP_008332001.1|_185-376_1DKG:D:186-383	1.00	8.83	4.00	13.33	0.00	1.92	1.60	2.71	0.00	198.00
gi|526461424|ref|YP_008332001.1|_1-182_1DKG:D:3-185	1.00	3.83	3.00	10.40	0.00	1.67	1.42	2.09	0.00	183.00
gi|526461424|ref|YP_008332001.1|_378-534_1CKR:A:	1.00	5.90	0.00	7.00	0.00	2.00	2.14	2.78	0.00	159.00
gi|526461424|ref|YP_008332001.1|_501-600_1DKZ:A:507-603	0.00	0.00	3.00	16.60	0.00	1.20	1.50	1.00	0.00	97.00
gi|526461425|ref|YP_008332002.1|_30-129_1DKG:B:38-138	1.00	5.17	0.00	0.00	0.00	1.43	2.33	2.33	0.00	57.00
gi|526461425|ref|YP_008332002.1|_137-184_1DKG:A:139-197	1.00	5.50	0.00	0.00	0.00	1.71	2.00	2.00	0.00	59.00
gi|526461453|ref|YP_008332030.1|_153-331_1JCF:A:141-336	1.00	5.22	3.50	9.67	0.00	1.28	1.45	2.00	0.00	196.00
gi|526461453|ref|YP_008332030.1|_10-151_1JCF:A:1-140	0.00	4.70	0.00	10.25	0.00	1.67	1.38	2.33	0.00	140.00
gi|526461472|ref|YP_008332049.1|_60-206_1OUV:A:	0.00	0.00	0.00	12.47	0.00	2.33	2.71	1.60	0.00	272.00
gi|526461474|ref|YP_008332051.1|_330-562_1OZ4:A:471-763	1.00	0.00	3.00	5.57	0.00	4.48	2.17	2.68	0.00	292.00
gi|526461523|ref|YP_008332100.1|_6-87_2JOQ:A:4-89	0.00	7.75	0.00	9.00	0.00	2.43	1.57	2.25	0.00	86.00
gi|526461556|ref|YP_008332133.1|_37-358_1SBP:A:	1.00	4.15	3.75	9.27	0.00	1.54	1.20	2.06	0.00	309.00
gi|526461573|ref|YP_008332150.1|_6-79_1JE3:A:	1.00	5.75	0.00	7.50	0.00	2.15	2.30	1.67	0.00	96.00
gi|526461591|ref|YP_008332168.1|_1-152_1HJR:A:	0.00	7.60	0.00	13.20	0.00	2.45	2.17	2.00	0.00	158.00
gi|526459830|ref|YP_008330407.1|_1-150_1TO0:A:	0.00	7.00	0.00	12.40	0.00	3.17	1.22	2.20	0.00	157.00
gi|526461549|ref|YP_008332126.1|_7-276_1KV3:A:146-468	1.00	6.29	3.00	9.20	0.00	1.82	1.45	2.04	0.00	323.00
gi|526461552|ref|YP_008332129.1|_21-273_3D31:C:13-260	0.00	0.00	3.00	15.92	0.00	1.64	1.00	2.08	0.00	248.00
gi|526459394|ref|YP_008329971.1|_1-119_1VPK:A:1-120	1.00	6.11	3.50	8.00	0.00	2.20	1.80	2.00	0.00	120.00
gi|526459394|ref|YP_008329971.1|_126-239_2POL:A:123-244	0.00	10.33	3.00	6.67	0.00	1.78	1.75	2.00	0.00	122.00
gi|526459394|ref|YP_008329971.1|_240-352_1VPK:A:244-366	1.00	5.78	3.00	12.50	0.00	1.62	1.25	2.75	0.00	123.00
gi|526459410|ref|YP_008329987.1|_70-281_1PRZ:A:	1.00	6.09	4.50	10.60	0.00	2.06	1.61	2.08	0.00	252.00
gi|526459411|ref|YP_008329988.1|_3-441_1C3C:A:	0.00	3.50	4.00	13.35	0.00	2.07	1.82	1.96	0.00	429.00
gi|526459443|ref|YP_008330020.1|_82-269_1KSK:A:60-231	1.00	5.33	3.50	6.75	0.00	2.00	2.00	2.00	0.00	172.00
gi|526459443|ref|YP_008330020.1|_20-74_1VIO:A:0-57	0.00	2.17	0.00	9.00	0.00	1.57	1.50	1.83	0.00	56.00
gi|526459445|ref|YP_008330022.1|_91-508_2DKF:A:1-431	1.00	4.33	4.33	9.58	0.00	1.78	1.87	2.27	0.00	431.00
gi|526459453|ref|YP_008330030.1|_1-171_1KGS:A:2-123	0.00	4.80	0.00	11.00	0.00	2.09	1.67	1.67	0.00	122.00
gi|526459464|ref|YP_008330041.1|_208-490_1EVL:A:242-532	1.00	5.20	3.00	10.67	0.00	1.56	1.21	2.00	0.00	291.00
gi|526459464|ref|YP_008330041.1|_32-206_1NYR:A:63-241	0.00	5.75	3.00	12.60	0.00	1.82	1.82	2.00	0.00	179.00
gi|526459464|ref|YP_008330041.1|_492-598_1NYR:A:533-645	0.00	4.40	0.00	9.60	0.00	1.90	1.80	2.14	0.00	113.00
gi|526459485|ref|YP_008330062.1|_3-217_1T72:A:	0.00	0.00	3.00	26.86	0.00	3.12	1.50	1.40	0.00	226.00
gi|526459496|ref|YP_008330073.1|_3-224_3DHW:C:1-240	1.00	6.40	3.00	11.43	0.00	1.57	1.47	2.67	0.00	240.00
gi|526459508|ref|YP_008330085.1|_90-246_1WIN:A:	0.00	4.50	0.00	11.20	0.00	2.73	1.83	2.33	0.00	142.00
gi|526459531|ref|YP_008330108.1|_6-175_1IY9:A:	0.00	7.25	3.00	7.89	0.00	1.81	1.35	2.24	0.00	274.00
gi|526459536|ref|YP_008330113.1|_27-87_1OUV:A:	0.00	0.00	0.00	12.47	0.00	2.33	2.71	1.60	0.00	272.00
gi|526459564|ref|YP_008330141.1|_3-244_1WV2:A:	1.00	4.00	3.00	11.00	0.00	2.44	1.35	2.33	0.00	243.00
gi|526459601|ref|YP_008330178.1|_1-272_1UFV:A:	1.00	5.70	3.67	9.55	0.00	1.70	1.25	1.93	0.00	276.00
gi|526459602|ref|YP_008330179.1|_89-300_3DHW:A:6-208	0.00	0.00	10.00	15.89	0.00	1.64	1.86	2.11	0.00	203.00
gi|526459606|ref|YP_008330183.1|_13-302_1B5T:A:	0.00	5.12	0.00	13.10	0.00	2.24	1.44	1.92	0.00	275.00
gi|526459613|ref|YP_008330190.1|_1-370_1R5Y:A:	1.00	4.07	3.00	10.00	0.00	1.88	1.40	1.90	0.00	372.00
gi|526459625|ref|YP_008330202.1|_1-170_1QVC:A:	0.00	7.71	0.00	9.00	0.00	2.25	2.73	1.75	0.00	145.00
gi|526459653|ref|YP_008330230.1|_185-309_1OAP:A:	0.00	4.50	3.00	13.00	0.00	1.85	1.50	2.00	0.00	108.00
gi|526459750|ref|YP_008330327.1|_3-88_1A32:A:	0.00	0.00	0.00	16.25	0.00	2.00	1.00	1.33	0.00	85.00
gi|526459803|ref|YP_008330380.1|_1-246_1T70:A:	1.14	5.46	3.00	9.83	0.00	1.68	1.50	2.23	0.00	255.00
gi|526459804|ref|YP_008330381.1|_2-208_1FP6:A:	1.00	5.62	3.00	9.08	0.00	2.19	1.67	2.11	0.00	289.00
gi|526459825|ref|YP_008330402.1|_5-255_2HHM:A:	1.00	4.64	3.00	12.12	0.00	2.30	1.62	2.00	0.00	272.00
gi|526459853|ref|YP_008330430.1|_2-200_1JVN:A:3-229	1.00	5.25	3.00	8.57	0.00	2.00	1.20	2.07	0.00	229.00
gi|526459865|ref|YP_008330442.1|_30-158_1F9Y:A:	1.00	5.00	3.00	11.25	0.00	1.61	1.60	1.88	0.00	158.00
gi|526459867|ref|YP_008330444.1|_1-148_1J2Y:A:	0.00	5.60	4.00	13.00	0.00	1.31	1.42	2.67	0.00	158.00
gi|526459917|ref|YP_008330494.1|_210-286_1S7B:A:	0.00	0.00	0.00	18.25	0.00	2.00	1.57	1.67	0.00	109.00
gi|526459917|ref|YP_008330494.1|_40-137_1S7B:A:	0.00	0.00	0.00	18.25	0.00	2.00	1.57	1.67	0.00	109.00
gi|526459893|ref|YP_008330470.1|_1-169_1KGS:A:2-123	0.00	4.80	0.00	11.00	0.00	2.09	1.67	1.67	0.00	122.00
gi|526459941|ref|YP_008330518.1|_10-164_1QXH:A:	1.20	5.00	4.00	6.25	0.00	1.59	1.27	2.00	0.00	164.00
gi|526459949|ref|YP_008330526.1|_6-81_2A6Q:A:10-92	0.00	4.00	0.00	11.75	0.00	2.20	1.00	1.50	0.00	83.00
gi|526459972|ref|YP_008330549.1|_35-475_1VH4:A:	0.00	8.30	3.00	10.12	0.00	1.92	1.65	1.95	0.00	413.00
gi|526459997|ref|YP_008330574.1|_24-239_1B12:A:	1.00	6.12	3.00	4.00	0.00	2.22	1.10	2.31	0.00	247.00
gi|526460066|ref|YP_008330643.1|_393-413,453-696_2B8E:A:416-434,A:548-663	1.00	4.33	0.00	7.83	5.00	1.94	1.67	1.80	1.00	135.00
gi|526460066|ref|YP_008330643.1|_217-302_1SU4:A:125-239	1.00	3.78	3.00	0.00	0.00	1.62	1.70	2.71	0.00	115.00
gi|526460078|ref|YP_008330655.1|_11-174_1S8N:A:	0.00	5.60	3.00	13.88	0.00	1.50	1.60	2.00	0.00	190.00
gi|526460078|ref|YP_008330655.1|_152-237_1KGS:A:124-225	0.00	3.57	0.00	12.00	0.00	2.71	1.50	2.67	0.00	102.00
gi|526460087|ref|YP_008330664.1|_4-272_1VQR:A:	0.00	0.00	3.00	11.62	0.00	2.64	1.29	2.00	0.00	296.00
gi|526460094|ref|YP_008330671.1|_8-90_1KMI:Z:	0.00	0.00	0.00	17.25	0.00	8.17	1.25	3.00	0.00	213.00
gi|526460096|ref|YP_008330673.1|_63-130_1CUK:A:65-142	0.00	0.00	3.00	10.00	0.00	1.67	1.40	2.00	0.00	78.00
gi|526460096|ref|YP_008330673.1|_1-61_1CUK:A:1-64	0.00	8.00	0.00	4.00	0.00	2.67	1.00	2.00	0.00	64.00
gi|526460131|ref|YP_008330708.1|_4-209_1S3G:A:1-125,A:161-217	0.00	4.60	0.00	13.00	0.00	2.00	1.50	1.67	1.00	182.00
gi|526460169|ref|YP_008330746.1|_6-261_1HD7:A:	1.00	5.08	3.60	8.71	0.00	2.62	1.44	1.90	0.00	275.00
gi|526460179|ref|YP_008330756.1|_1-114_1U0S:Y:	0.00	5.00	3.00	11.00	0.00	1.33	1.40	2.00	0.00	118.00
gi|526461161|ref|YP_008331738.1|_90-166_1DVH:A:	0.00	0.00	0.00	8.60	0.00	2.00	1.00	2.14	0.00	79.00
gi|526461210|ref|YP_008331787.1|_1-122_1JBE:A:	0.00	4.40	0.00	10.80	0.00	2.07	1.71	1.83	0.00	128.00
gi|526461134|ref|YP_008331711.1|_19-959,1231-1397,1438-1498_1I6V:D:	1.00	2.90	3.12	8.49	0.00	3.30	2.04	2.61	0.00	1234.00
gi|526461267|ref|YP_008331844.1|_4-353_1TDJ:A:5-335	0.00	4.30	3.00	11.38	0.00	2.09	1.94	1.88	0.00	331.00
gi|526461282|ref|YP_008331859.1|_1-101_1KKG:A:	1.00	5.33	3.00	13.00	0.00	1.80	2.14	2.00	0.00	108.00
gi|526461285|ref|YP_008331862.1|_3-64_1UEB:A:1-63	0.00	6.33	3.00	0.00	0.00	1.29	2.50	2.00	0.00	63.00
gi|526461285|ref|YP_008331862.1|_67-130_1UEB:A:64-126	1.00	7.20	3.00	0.00	0.00	1.60	1.00	2.20	0.00	63.00
gi|526461285|ref|YP_008331862.1|_130-185_1UEB:A:127-184	0.00	5.80	0.00	0.00	0.00	1.43	2.25	2.50	0.00	58.00
gi|526461329|ref|YP_008331906.1|_1-308_1TRB:A:119-244	1.00	4.75	4.00	7.75	0.00	1.69	1.80	2.00	0.00	126.00
gi|526461346|ref|YP_008331923.1|_105-315_1SQ9:A:	1.00	6.79	3.25	4.00	0.00	2.15	1.71	2.45	0.00	393.00
gi|526461351|ref|YP_008331928.1|_1-222_1T3T:A:1034-1295	1.00	5.27	3.14	8.12	0.00	1.43	1.61	2.00	0.00	262.00
gi|526461363|ref|YP_008331940.1|_4-255_2PD4:A:2-275	1.00	6.00	3.14	11.56	0.00	1.96	1.36	2.22	0.00	274.00
gi|526461377|ref|YP_008331954.1|_357-541_1OZH:A:367-558	1.00	5.33	3.00	8.56	0.00	1.88	1.45	1.82	0.00	191.00
gi|526461377|ref|YP_008331954.1|_1-173_1YBH:A:86-280	0.00	4.12	3.00	8.56	0.00	2.16	2.00	2.25	0.00	195.00
gi|526461377|ref|YP_008331954.1|_183-363_1OZH:A:188-366	1.00	4.14	3.20	12.00	0.00	1.95	1.23	2.00	0.00	179.00
gi|526461426|ref|YP_008332003.1|_13-89_1STZ:A:14-100	1.00	2.00	0.00	12.75	0.00	1.55	1.14	2.50	0.00	87.00
gi|526461455|ref|YP_008332032.1|_3-234_2JF2:A:1-262	1.25	2.61	3.00	10.50	0.00	1.23	1.46	2.00	0.00	264.00
gi|526461463|ref|YP_008332040.1|_3-334_1MO9:A:2-192,A:314-383	1.00	3.42	4.00	11.88	0.00	2.14	1.53	1.82	1.00	261.00
gi|526461469|ref|YP_008332046.1|_4-390_1PW4:A:	1.00	0.00	5.00	17.67	0.00	2.95	1.44	1.68	0.00	450.00
gi|526461480|ref|YP_008332057.1|_4-261_1R30:A:	1.00	4.78	3.00	11.27	0.00	2.06	1.60	2.08	0.00	312.00
gi|526461524|ref|YP_008332101.1|_11-154_1EKR:A:	1.00	10.75	3.00	11.25	0.00	3.18	1.20	1.67	0.00	146.00
gi|526460197|ref|YP_008330774.1|_10-87_1HFE:L:2-86	1.00	3.00	3.00	5.00	0.00	2.60	1.00	2.14	0.00	85.00
gi|526460207|ref|YP_008330784.1|_7-92_1IN0:A:2-89	1.00	4.40	3.00	16.00	0.00	1.86	1.50	2.20	0.00	88.00
gi|526460207|ref|YP_008330784.1|_97-166_1IN0:A:90-163	0.00	6.50	0.00	13.50	0.00	1.57	1.20	1.33	0.00	74.00
gi|526460250|ref|YP_008330827.1|_26-137_1OZ9:A:	0.00	6.20	0.00	14.40	0.00	1.58	1.25	1.80	0.00	141.00
gi|526460257|ref|YP_008330834.1|_1-180_1ST9:A:	0.00	4.88	3.50	10.75	0.00	1.71	1.12	1.88	0.00	137.00
gi|526460343|ref|YP_008330920.1|_9-195_1PUI:A:	1.00	6.14	3.00	11.60	0.00	3.13	1.33	2.43	0.00	188.00
gi|526460371|ref|YP_008330948.1|_10-103_2OYZ:A:2-94	0.00	6.20	3.00	0.00	0.00	1.22	1.67	1.75	0.00	93.00
gi|526460401|ref|YP_008330978.1|_6-102_1S7B:A:	0.00	0.00	0.00	18.25	0.00	2.00	1.57	1.67	0.00	109.00
gi|526460408|ref|YP_008330985.1|_5-215_1IVH:A:6-241	1.00	6.38	3.17	11.43	0.00	1.80	1.60	1.94	0.00	236.00
gi|526460408|ref|YP_008330985.1|_218-372_1BUC:A:233-383	1.00	2.00	4.00	22.60	0.00	1.50	1.25	1.67	0.00	151.00
gi|526460289|ref|YP_008330866.1|_6-225_1GPM:A:3-207	1.00	5.00	4.00	9.25	0.00	1.69	1.32	2.12	0.00	205.00
gi|526460289|ref|YP_008330866.1|_182-432_1GPM:A:208-404	0.00	5.00	3.00	11.12	0.00	3.53	1.60	2.38	0.00	197.00
gi|526460289|ref|YP_008330866.1|_391-511_1GPM:A:405-525	1.00	9.25	3.50	17.00	0.00	2.00	1.50	2.00	0.00	121.00
gi|526460436|ref|YP_008331013.1|_1-181_1KGS:A:2-123	0.00	4.80	0.00	11.00	0.00	2.09	1.67	1.67	0.00	122.00
gi|526460496|ref|YP_008331073.1|_3-172,285-366_1VGY:A:2-180,A:294-376	1.00	4.23	3.00	11.57	0.00	1.71	1.71	2.31	1.00	262.00
gi|526460496|ref|YP_008331073.1|_173-277_1VGY:A:181-293	1.00	7.00	3.00	14.00	0.00	1.79	1.25	2.00	0.00	113.00
gi|526460587|ref|YP_008331164.1|_2-323_1B4E:A:	1.00	3.85	3.33	10.91	0.00	1.61	1.36	2.05	0.00	323.00
gi|526460594|ref|YP_008331171.1|_9-441_1OLT:A:	1.00	4.74	3.50	10.80	0.00	1.87	1.35	1.92	0.00	441.00
gi|526460597|ref|YP_008331174.1|_9-373_1MDO:A:	1.00	3.40	3.00	10.64	0.00	2.21	1.88	1.80	0.00	376.00
gi|526460614|ref|YP_008331191.1|_7-95_1KF6:B:106-243	0.00	0.00	3.33	8.50	0.00	2.73	1.00	1.67	0.00	138.00
gi|526460631|ref|YP_008331208.1|_4-74_1DV5:A:	0.00	0.00	0.00	11.33	0.00	2.29	1.75	2.67	0.00	80.00
gi|526460667|ref|YP_008331244.1|_1-90_1HUU:A:	1.00	6.33	0.00	13.00	0.00	2.88	0.00	2.33	0.00	90.00
gi|526460735|ref|YP_008331312.1|_2-57_1VP7:B:	1.00	0.00	3.00	26.00	0.00	3.40	1.00	2.00	0.00	77.00
gi|526460736|ref|YP_008331313.1|_8-367_2PL5:A:5-366	1.00	4.92	3.50	12.00	0.00	1.82	1.65	2.32	0.00	362.00
gi|526460739|ref|YP_008331316.1|_9-197_1E4F:T:7-199	0.00	6.54	0.00	14.75	0.00	1.44	1.20	2.00	0.00	193.00
gi|526460739|ref|YP_008331316.1|_201-363_1E4F:T:200-390	0.00	5.00	3.25	11.14	0.00	1.80	1.50	1.50	0.00	191.00
gi|526460785|ref|YP_008331362.1|_7-169_1CFZ:A:	1.00	5.14	3.33	9.00	0.00	1.76	1.40	2.00	0.00	162.00
gi|526460800|ref|YP_008331377.1|_13-247_1MW7:A:	1.00	7.38	3.00	10.88	0.00	1.64	1.11	2.14	0.00	220.00
gi|526460806|ref|YP_008331383.1|_63-186_1ST9:A:	0.00	4.88	3.50	10.75	0.00	1.71	1.12	1.88	0.00	137.00
gi|526460816|ref|YP_008331393.1|_399-529_1ID1:A:	1.00	4.00	3.00	9.71	0.00	1.59	1.44	2.12	0.00	153.00
gi|526460826|ref|YP_008331403.1|_6-233_2C8M:A:1-256	1.00	5.36	3.00	10.38	0.00	2.46	1.64	1.86	0.00	256.00
gi|526460870|ref|YP_008331447.1|_33-125_1OUV:A:	0.00	0.00	0.00	12.47	0.00	2.33	2.71	1.60	0.00	272.00
gi|526460895|ref|YP_008331472.1|_26-142_1UX8:A:	0.00	0.00	3.50	13.00	0.00	2.22	1.00	1.80	0.00	119.00
gi|526460908|ref|YP_008331485.1|_2-68_1H3L:A:	0.00	0.00	3.00	14.75	0.00	1.40	2.00	1.00	0.00	75.00
gi|526460908|ref|YP_008331485.1|_95-154_1OR7:A:120-187	0.00	3.00	0.00	12.75	0.00	1.60	1.00	2.00	0.00	68.00
gi|526460916|ref|YP_008331493.1|_82-190_1DT0:A:84-197	1.00	7.00	3.50	8.80	0.00	1.73	1.67	1.71	0.00	114.00
gi|526460916|ref|YP_008331493.1|_1-84_1DT0:A:1-83	1.00	0.00	0.00	11.50	0.00	2.33	1.50	2.60	0.00	83.00
gi|526460933|ref|YP_008331510.1|_2-294_1FS0:G:	0.00	7.00	3.00	23.40	0.00	3.00	1.18	2.00	0.00	230.00
gi|526460944|ref|YP_008331521.1|_1-157_1UDX:A:1-156	1.00	5.00	4.00	0.00	0.00	3.48	1.56	2.33	0.00	156.00
gi|526460944|ref|YP_008331521.1|_151-302,330-359_1UDX:A:157-336	0.00	4.86	3.00	10.00	0.00	2.05	1.46	2.00	0.00	180.00
gi|526460964|ref|YP_008331541.1|_3-99_1LXN:A:	0.00	7.75	0.00	13.00	0.00	1.43	2.17	2.00	0.00	99.00
gi|526460970|ref|YP_008331547.1|_5-111_1L1S:A:	1.00	5.00	5.00	10.50	0.00	1.42	1.50	2.00	0.00	111.00
gi|526460987|ref|YP_008331564.1|_14-103_1G28:A:	1.00	7.20	4.00	8.00	0.00	1.36	1.60	2.00	0.00	104.00
gi|526461003|ref|YP_008331580.1|_12-121_1M7T:A:	0.00	5.20	0.00	10.75	0.00	1.50	1.80	2.17	0.00	106.00
gi|526461027|ref|YP_008331604.1|_68-89,137-283_1FXD:A:	0.00	3.00	0.00	7.00	0.00	1.70	3.00	2.25	0.00	58.00
gi|526459610|ref|YP_008330187.1|_32-280_1TLY:A:	1.00	10.79	3.00	5.00	0.00	2.77	2.07	2.10	0.00	277.00
gi|526459693|ref|YP_008330270.1|_4-238_2FUG:1:7-249	1.00	4.80	3.50	9.10	0.00	1.88	1.45	2.29	0.00	243.00
gi|526459693|ref|YP_008330270.1|_324-416_2FUG:1:334-438	1.00	0.00	0.00	13.60	5.00	2.71	1.25	1.20	0.00	105.00
gi|526459693|ref|YP_008330270.1|_240-323_2FUG:1:250-333	1.00	5.00	0.00	4.50	0.00	1.36	1.38	2.86	0.00	84.00
gi|526459736|ref|YP_008330313.1|_77-99,140-259_1JB0:C:	0.00	4.25	3.00	5.00	0.00	2.33	1.80	2.60	0.00	80.00
gi|526459938|ref|YP_008330515.1|_3-209_1F3O:A:	0.00	6.00	3.00	11.14	0.00	1.59	1.47	2.21	0.00	232.00
gi|526459966|ref|YP_008330543.1|_84-348_1ULZ:A:115-328	1.00	7.25	3.00	12.00	0.00	1.91	1.73	2.00	0.00	214.00
gi|526459966|ref|YP_008330543.1|_2-113_1ULZ:A:1-114	0.00	3.40	3.00	8.33	0.00	1.58	2.00	2.17	0.00	114.00
gi|526459966|ref|YP_008330543.1|_332-449_1ULZ:A:329-451	1.00	4.29	3.50	9.00	0.00	2.00	1.44	2.33	0.00	123.00
gi|526460002|ref|YP_008330579.1|_7-129_2A6T:A:95-245	1.00	6.33	3.00	14.00	0.00	3.62	2.00	2.11	0.00	151.00
gi|526460053|ref|YP_008330630.1|_13-394_1V8Z:A:1-386	1.12	5.07	3.00	11.53	0.00	1.60	1.45	1.78	0.00	386.00
gi|526460086|ref|YP_008330663.1|_4-305_1JAL:A:1-278	0.00	5.00	3.00	10.73	0.00	2.68	1.43	1.86	0.00	278.00
gi|526460086|ref|YP_008330663.1|_283-367_1JAL:A:279-363	1.00	5.60	0.00	5.50	0.00	1.36	1.33	2.00	0.00	85.00
gi|526460109|ref|YP_008330686.1|_108-206_2QAL:C:106-206	1.00	5.00	3.00	13.50	0.00	2.14	1.40	2.00	0.00	101.00
gi|526460109|ref|YP_008330686.1|_2-105_2QAL:C:1-105	1.00	4.00	0.00	10.75	0.00	2.33	1.14	2.40	0.00	105.00
gi|526460205|ref|YP_008330782.1|_33-140_1H1O:A:94-183	1.00	0.00	3.00	9.40	0.00	1.90	1.33	1.62	0.00	90.00
gi|526460331|ref|YP_008330908.1|_3-146_2GM4:A:1-140	1.00	4.50	3.00	16.50	0.00	2.36	2.25	2.12	0.00	140.00
gi|526460407|ref|YP_008330984.1|_16-233_1US5:A:	1.00	6.70	3.50	8.67	0.00	1.59	1.44	2.25	0.00	298.00
gi|526460474|ref|YP_008331051.1|_101-157_1LAB:A:	1.25	3.17	0.00	0.00	0.00	1.45	1.92	2.00	0.00	80.00
gi|526460475|ref|YP_008331052.1|_137-195_1A04:A:150-216	0.00	0.00	3.00	11.25	0.00	2.00	1.00	1.25	0.00	67.00
gi|526460623|ref|YP_008331200.1|_63-321_1V8G:A:66-329	1.00	5.57	3.60	10.18	0.00	2.27	2.00	1.69	0.00	264.00
gi|526460665|ref|YP_008331242.1|_4-109,203-297_1WG8:A:5-108,A:207-284	1.00	5.86	3.33	9.00	0.00	1.48	1.11	1.70	1.00	182.00
gi|526460665|ref|YP_008331242.1|_109-202_1M6Y:A:115-215	1.00	0.00	0.00	9.17	0.00	1.50	1.78	2.00	0.00	101.00
gi|526460807|ref|YP_008331384.1|_47-200_1FB6:A:	0.00	5.60	0.00	9.25	0.00	1.36	2.50	2.71	0.00	104.00
gi|526460840|ref|YP_008331417.1|_2-124_1Q9U:A:	0.00	6.80	6.00	11.20	0.00	1.33	1.25	2.20	0.00	128.00
gi|526460845|ref|YP_008331422.1|_3-97_2HIQ:A:9-104	0.00	8.00	3.00	8.75	0.00	2.40	1.33	2.00	0.00	96.00
gi|526461022|ref|YP_008331599.1|_1-45_1X2L:A:9-95	0.00	0.00	3.00	11.00	0.00	3.14	1.00	1.50	0.00	88.00
gi|526461035|ref|YP_008331612.1|_9-156_153L:A:	1.00	2.00	3.00	11.38	0.00	1.61	1.00	2.50	0.00	185.00
gi|526461044|ref|YP_008331621.1|_21-251_1HQC:A:5-242	0.00	4.00	0.00	11.75	0.00	2.18	1.29	2.54	0.00	238.00
gi|526461044|ref|YP_008331621.1|_258-330_1HQC:A:243-318	0.00	4.00	0.00	7.80	0.00	2.33	1.25	1.67	0.00	76.00
gi|526461103|ref|YP_008331680.1|_1-419_1EJD:A:	1.00	4.38	3.75	9.14	0.00	1.78	1.48	1.90	0.00	419.00
gi|526461174|ref|YP_008331751.1|_5-76_1U2W:A:12-119	0.00	3.00	0.00	11.83	0.00	2.50	1.20	1.75	0.00	108.00
gi|526461403|ref|YP_008331980.1|_7-211_1ZUN:A:1-211	1.00	3.83	3.00	12.17	0.00	3.04	1.42	2.00	0.00	211.00
gi|526461456|ref|YP_008332033.1|_1-144_1U1Z:A:	1.00	10.00	3.00	12.00	0.00	2.50	1.00	2.20	0.00	145.00
gi|526461468|ref|YP_008332045.1|_6-77_2FBQ:A:2-80	0.00	0.00	0.00	15.75	0.00	1.17	1.00	1.50	0.00	79.00
gi|526461483|ref|YP_008332060.1|_137-419_1IYX:A:137-431	1.00	3.46	3.33	12.56	0.00	1.50	1.67	2.57	0.00	295.00
gi|526461483|ref|YP_008332060.1|_4-135_1IYX:A:1-136	1.00	8.00	3.00	10.20	0.00	2.00	1.25	1.80	0.00	136.00
gi|526461558|ref|YP_008332135.1|_54-243_2ONK:C:1-252	0.00	0.00	3.00	16.25	0.00	1.54	1.33	2.44	0.00	252.00
gi|526459403|ref|YP_008329980.1|_38-126_1FR3:A:	1.00	7.40	3.00	7.00	0.00	1.38	1.50	1.67	0.00	67.00
gi|526461551|ref|YP_008332128.1|_16-269_3D31:C:13-260	0.00	0.00	3.00	15.92	0.00	1.64	1.00	2.08	0.00	248.00
gi|526459395|ref|YP_008329972.1|_392-557,699-768_1BJT:A:	1.00	4.40	4.50	13.45	0.00	3.25	1.42	2.09	0.00	760.00
gi|526459395|ref|YP_008329972.1|_6-218_1EI1:A:2-220	1.00	5.27	3.00	9.33	0.00	1.73	1.67	2.08	0.00	219.00
gi|526459395|ref|YP_008329972.1|_221-389_1EI1:A:221-392	1.00	6.60	0.00	14.33	0.00	1.75	1.83	2.00	0.00	172.00
gi|526459396|ref|YP_008329973.1|_1-318_1TRB:A:119-244	1.00	4.75	4.00	7.75	0.00	1.69	1.80	2.00	0.00	126.00
gi|526459400|ref|YP_008329977.1|_4-250_1L3I:A:	1.00	7.12	3.00	9.83	0.00	2.19	1.11	1.91	0.00	186.00
gi|526459401|ref|YP_008329978.1|_12-227_1OXS:C:1-242	0.00	6.00	3.00	9.88	0.00	1.35	1.22	2.00	0.00	242.00
gi|526459402|ref|YP_008329979.1|_11-218_2ONK:C:1-252	0.00	0.00	3.00	16.25	0.00	1.54	1.33	2.44	0.00	252.00
gi|526459404|ref|YP_008329981.1|_19-246_1ATG:A:	1.00	4.70	3.25	9.75	0.00	1.58	1.64	2.07	0.00	231.00
gi|526459405|ref|YP_008329982.1|_3-103_1B9M:A:1-126	0.00	4.20	0.00	14.00	0.00	2.56	1.50	1.40	0.00	127.00
gi|526459405|ref|YP_008329982.1|_122-190_1H9M:A:74-141	0.00	7.20	3.00	6.00	0.00	1.33	1.25	2.00	0.00	68.00
gi|526459405|ref|YP_008329982.1|_193-259_1GUT:A:	0.00	6.80	3.00	7.00	0.00	1.56	1.33	1.67	0.00	67.00
gi|526459408|ref|YP_008329985.1|_13-387_1PW4:A:	1.00	0.00	5.00	17.67	0.00	2.95	1.44	1.68	0.00	450.00
gi|526459409|ref|YP_008329986.1|_676-761_2DPK:A:370-502	1.00	7.00	0.00	0.00	0.00	3.07	1.62	2.20	0.00	133.00
gi|526459409|ref|YP_008329986.1|_186-303_2DPK:A:370-502	1.00	7.00	0.00	0.00	0.00	3.07	1.62	2.20	0.00	133.00
gi|526459412|ref|YP_008329989.1|_220-453,498-776_1RLR:A:222-748	1.00	4.60	3.38	10.00	0.00	1.98	1.72	2.25	0.00	525.00
gi|526459412|ref|YP_008329989.1|_8-219_1RLR:A:10-221	1.00	2.00	6.00	10.55	0.00	1.70	1.69	1.88	0.00	212.00
gi|526459413|ref|YP_008329990.1|_15-336_1SYY:A:	1.00	0.00	3.60	15.54	0.00	1.88	1.67	2.08	0.00	317.00
gi|526459417|ref|YP_008329994.1|_198-314_1OAP:A:	0.00	4.50	3.00	13.00	0.00	1.85	1.50	2.00	0.00	108.00
gi|526459419|ref|YP_008329996.1|_117-292_1TT7:A:128-294	0.00	5.00	3.00	8.86	0.00	1.94	1.62	1.67	0.00	167.00
gi|526459419|ref|YP_008329996.1|_1-144_1TT7:A:2-127,A:295-330	1.00	4.64	3.00	6.33	0.00	1.57	1.62	2.18	1.00	162.00
gi|526459420|ref|YP_008329997.1|_13-109_2HZT:A:4-98	1.00	6.00	4.00	10.20	0.00	1.11	1.50	1.83	0.00	95.00
gi|526459421|ref|YP_008329998.1|_152-296_1EVY:A:198-357	0.00	0.00	3.00	12.75	0.00	2.91	1.00	2.12	0.00	160.00
gi|526459421|ref|YP_008329998.1|_2-150_1M66:A:9-197	0.00	5.12	3.00	8.38	0.00	1.85	1.31	2.18	0.00	189.00
gi|526459422|ref|YP_008329999.1|_6-295_2F2A:B:4-293	1.00	5.44	3.00	13.25	0.00	2.31	1.67	2.44	0.00	290.00
gi|526459422|ref|YP_008329999.1|_299-402_2F2A:B:294-400	0.00	0.00	0.00	9.00	0.00	1.89	1.83	2.00	0.00	118.00
gi|526459424|ref|YP_008330001.1|_230-265,303-700_2OKC:A:9-433	1.00	6.22	3.33	11.00	0.00	2.49	1.62	1.88	0.00	425.00
gi|526459424|ref|YP_008330001.1|_1041-1206_1YDX:A:194-374	1.00	4.00	3.00	17.75	0.00	1.61	1.85	1.71	0.00	181.00
gi|526459424|ref|YP_008330001.1|_865-1040_1YF2:A:1-220	1.00	3.25	3.00	10.86	0.00	2.04	2.60	1.70	0.00	220.00
gi|526459425|ref|YP_008330002.1|_243-527_1DIQ:A:243-521	1.00	6.25	3.80	11.60	0.00	1.79	1.46	2.07	0.00	279.00
gi|526459425|ref|YP_008330002.1|_7-265_1W1O:A:40-245	1.00	4.90	4.00	7.33	0.00	1.78	1.63	2.21	0.00	206.00
gi|526459425|ref|YP_008330002.1|_500-630_1KF6:B:106-243	0.00	0.00	3.33	8.50	0.00	2.73	1.00	1.67	0.00	138.00
gi|526459427|ref|YP_008330004.1|_1-158_1YS7:A:7-127	0.00	4.80	0.00	12.25	0.00	1.83	1.62	3.25	0.00	121.00
gi|526459427|ref|YP_008330004.1|_140-211_1KGS:A:124-225	0.00	3.57	0.00	12.00	0.00	2.71	1.50	2.67	0.00	102.00
gi|526459428|ref|YP_008330005.1|_572-727_1B3Q:A:355-539	0.00	6.57	3.00	9.29	0.00	3.00	1.30	2.08	0.00	185.00
gi|526459428|ref|YP_008330005.1|_359-486_1EW0:A:	1.00	7.80	3.50	7.80	0.00	1.55	1.25	2.00	0.00	130.00
gi|526459428|ref|YP_008330005.1|_497-572_2C2A:A:232-320	0.00	0.00	3.00	24.00	0.00	2.33	0.00	1.75	0.00	89.00
gi|526459429|ref|YP_008330006.1|_31-193_2G40:A:38-212	0.00	4.20	3.33	10.50	0.00	2.61	1.62	2.33	0.00	175.00
gi|526459430|ref|YP_008330007.1|_61-86,132-287_2G40:A:38-212	0.00	4.20	3.33	10.50	0.00	2.61	1.62	2.33	0.00	175.00
gi|526459430|ref|YP_008330007.1|_303-385_1FCA:A:	0.00	2.50	3.00	4.00	0.00	1.92	3.00	2.00	0.00	55.00
gi|526459435|ref|YP_008330012.1|_68-352_1HV8:A:211-365	1.00	4.67	3.00	9.33	0.00	1.76	1.92	2.00	0.00	155.00
gi|526459438|ref|YP_008330015.1|_211-371,447-551_1CT9:A:193-516	0.00	4.40	3.33	10.00	0.00	2.61	1.25	1.60	0.00	324.00
gi|526459438|ref|YP_008330015.1|_1-206_1CT9:A:1-192	1.00	5.33	3.00	10.33	0.00	1.64	1.25	2.57	0.00	192.00
gi|526459439|ref|YP_008330016.1|_12-61_2ODK:A:1-51	0.00	5.33	0.00	8.67	0.00	1.67	0.00	1.33	0.00	51.00
gi|526459440|ref|YP_008330017.1|_154-303,352-433_1Z63:A:432-661	0.00	4.57	3.50	8.27	0.00	1.71	1.38	2.06	0.00	230.00
gi|526459442|ref|YP_008330019.1|_224-392_2R9G:A:238-423	0.00	0.00	3.00	14.57	0.00	3.21	1.14	2.14	0.00	185.00
gi|526459442|ref|YP_008330019.1|_2-210_1IQP:A:2-232	0.00	4.57	3.00	8.77	0.00	1.65	1.09	2.00	0.00	231.00
gi|526459446|ref|YP_008330023.1|_3-256_1QYR:A:	1.00	5.33	3.00	8.64	0.00	1.56	1.23	2.43	0.00	252.00
gi|526459447|ref|YP_008330024.1|_5-252_1KA9:F:	1.00	5.45	3.00	9.20	0.00	1.64	1.40	2.13	0.00	251.00
gi|526459449|ref|YP_008330026.1|_2-170_1JYS:A:	1.00	7.30	3.00	13.50	0.00	1.71	1.33	1.92	0.00	230.00
gi|526459450|ref|YP_008330027.1|_112-326_1TV8:A:	1.00	4.91	3.00	10.50	0.00	1.97	1.65	2.10	0.00	327.00
gi|526459451|ref|YP_008330028.1|_3-298_1J09:A:1-305	1.10	4.56	3.80	10.70	0.00	2.11	1.29	2.06	0.00	305.00
gi|526459451|ref|YP_008330028.1|_303-462_1J09:A:306-468	0.00	0.00	3.00	12.67	0.00	1.71	1.10	1.33	0.00	163.00
gi|526459456|ref|YP_008330033.1|_13-392_1EK9:A:	0.00	9.86	3.00	31.11	0.00	2.00	1.67	1.89	0.00	428.00
gi|526459457|ref|YP_008330034.1|_55-249_1VF7:A:	1.00	3.60	0.00	22.67	0.00	1.48	1.83	1.78	0.00	237.00
gi|526459458|ref|YP_008330035.1|_793-1028_1IWG:A:513-566,A:869-1036	1.00	0.00	3.00	14.36	0.00	1.54	2.71	2.00	1.00	222.00
gi|526459458|ref|YP_008330035.1|_291-493_1IWG:A:7-37,A:331-498	0.00	0.00	3.00	18.12	0.00	2.22	1.14	2.56	1.00	199.00
gi|526459458|ref|YP_008330035.1|_43-125_1IWG:A:38-134	0.00	6.50	3.00	6.00	0.00	1.82	1.17	2.00	0.00	97.00
gi|526459458|ref|YP_008330035.1|_185-265_1IWG:A:182-273	0.00	4.50	0.00	6.25	0.00	3.12	1.25	2.00	0.00	92.00
gi|526459458|ref|YP_008330035.1|_138-182,268-322_1IWG:A:135-181,A:274-330	0.00	6.00	3.00	5.25	0.00	1.82	1.50	2.33	1.00	104.00
gi|526459458|ref|YP_008330035.1|_710-781_1IWG:A:725-812	0.00	5.00	3.33	9.50	0.00	2.00	2.00	1.50	0.00	88.00
gi|526459459|ref|YP_008330036.1|_22-186_1WUB:A:	1.00	10.20	3.50	8.00	0.00	1.56	1.38	2.38	0.00	176.00
gi|526459468|ref|YP_008330045.1|_157-255_1YT8:A:107-242	1.00	3.60	3.00	9.33	0.00	1.61	1.56	2.00	0.00	136.00
gi|526459468|ref|YP_008330045.1|_62-150_1URH:A:149-268	1.00	3.25	3.50	8.25	0.00	2.06	2.22	1.80	0.00	120.00
gi|526459468|ref|YP_008330045.1|_285-372_1T3K:A:	0.00	4.20	0.00	7.50	0.00	2.20	2.06	2.60	0.00	132.00
gi|526459470|ref|YP_008330047.1|_59-165,346-419_1FCD:A:1-114,A:256-327	1.50	3.21	4.00	9.80	0.00	1.52	1.50	2.00	1.00	186.00
gi|526459470|ref|YP_008330047.1|_210-351_1FCD:A:115-255	0.00	4.14	3.00	12.33	0.00	1.58	1.43	2.44	0.00	141.00
gi|526459471|ref|YP_008330048.1|_7-186_1JYK:A:	1.00	3.80	3.20	8.67	0.00	2.67	1.50	2.25	0.00	253.00
gi|526459472|ref|YP_008330049.1|_1-425_1ACO:A:2-528	1.00	4.19	4.33	10.69	0.00	1.95	1.55	1.91	0.00	527.00
gi|526459476|ref|YP_008330053.1|_2-182_1K2Y:X:5-154	1.00	5.14	3.00	12.75	0.00	1.93	1.60	1.80	0.00	150.00
gi|526459476|ref|YP_008330053.1|_259-367_1K2Y:X:259-367	1.00	4.00	0.00	10.80	0.00	1.00	1.33	1.62	0.00	109.00
gi|526459476|ref|YP_008330053.1|_157-258_1K2Y:X:155-258	0.00	4.40	4.00	9.33	0.00	1.50	1.22	1.75	0.00	104.00
gi|526459476|ref|YP_008330053.1|_360-442_1KFI:A:444-572	0.00	5.38	0.00	9.50	0.00	1.50	1.62	2.20	0.00	129.00
gi|526459480|ref|YP_008330057.1|_24-339_1TWY:A:	1.00	5.08	3.50	10.00	0.00	1.42	1.15	1.94	0.00	249.00
gi|526459481|ref|YP_008330058.1|_11-241_2BAS:A:2-262	1.00	6.33	3.00	10.50	0.00	1.95	1.70	2.50	0.00	261.00
gi|526459481|ref|YP_008330058.1|_404-508_1W25:A:294-455	1.00	4.43	3.00	14.60	0.00	1.67	1.44	1.67	0.00	161.00
gi|526459481|ref|YP_008330058.1|_265-387_1PVM:A:1-142	1.00	4.67	3.00	9.20	0.00	1.71	1.14	1.64	0.00	142.00
gi|526459482|ref|YP_008330059.1|_36-301_3DHW:A:6-208	0.00	0.00	10.00	15.89	0.00	1.64	1.86	2.11	0.00	203.00
gi|526459483|ref|YP_008330060.1|_169-382_3D31:C:13-260	0.00	0.00	3.00	15.92	0.00	1.64	1.00	2.08	0.00	248.00
gi|526459488|ref|YP_008330065.1|_320-460_2C2A:A:321-481	0.00	6.71	3.00	15.00	0.00	2.92	1.50	1.90	0.00	161.00
gi|526459488|ref|YP_008330065.1|_242-320_2C2A:A:232-320	0.00	0.00	3.00	24.00	0.00	2.33	0.00	1.75	0.00	89.00
gi|526459491|ref|YP_008330068.1|_33-514_1XOC:A:17-520	1.00	5.13	3.00	8.47	0.00	1.92	1.53	2.09	0.00	504.00
gi|526459492|ref|YP_008330069.1|_1-212_2AH5:A:1-210	1.00	4.25	3.00	9.10	0.00	1.42	1.75	1.71	0.00	210.00
gi|526459494|ref|YP_008330071.1|_42-191_2IQI:A:32-209	1.00	6.22	0.00	22.50	0.00	2.53	2.22	2.25	0.00	178.00
gi|526459497|ref|YP_008330074.1|_10-80_1H4X:A:	0.00	7.20	3.00	11.75	0.00	1.10	1.00	1.67	0.00	111.00
gi|526459499|ref|YP_008330076.1|_53-80,290-500_1G6H:A:	1.00	5.55	3.40	9.44	0.00	1.67	1.19	2.06	0.00	254.00
gi|526459500|ref|YP_008330077.1|_4-161_1J6W:A:	1.00	6.80	3.50	16.33	0.00	1.74	1.33	2.38	0.00	161.00
gi|526459501|ref|YP_008330078.1|_17-121_1VE3:A:2-227	0.00	6.60	3.00	9.86	0.00	2.50	1.00	2.36	0.00	226.00
gi|526459502|ref|YP_008330079.1|_45-200_1INL:A:	0.00	6.69	3.50	7.64	0.00	2.07	1.53	2.33	0.00	295.00
gi|526459503|ref|YP_008330080.1|_1-266_1ES5:A:	1.33	5.09	4.00	10.56	0.00	1.68	1.53	1.94	0.00	260.00
gi|526459506|ref|YP_008330083.1|_4-378_1Q7Z:A:1-300	1.00	4.10	3.00	9.92	0.00	2.03	1.42	1.80	0.00	300.00
gi|526459506|ref|YP_008330083.1|_336-603_1Q7Z:A:301-559	1.00	4.30	3.33	12.78	0.00	1.57	1.50	2.08	0.00	259.00
gi|526459506|ref|YP_008330083.1|_878-1159_1MSK:A:	1.00	5.88	3.33	10.09	0.00	2.22	1.53	1.85	0.00	327.00
gi|526459506|ref|YP_008330083.1|_713-844_1BMT:A:741-896	0.00	4.40	3.00	12.17	0.00	1.65	1.62	2.12	0.00	156.00
gi|526459506|ref|YP_008330083.1|_625-710_1BMT:A:651-740	0.00	0.00	0.00	12.60	0.00	1.60	1.80	1.67	0.00	90.00
gi|526459510|ref|YP_008330087.1|_5-112_1ZPS:A:8-131	1.00	5.75	3.00	10.00	0.00	2.00	1.78	2.86	0.00	124.00
gi|526459510|ref|YP_008330087.1|_125-215_1YVW:A:4-95	0.00	0.00	0.00	15.20	0.00	1.33	1.00	2.00	0.00	92.00
gi|526459512|ref|YP_008330089.1|_93-324_1HYQ:A:	0.00	5.62	3.50	9.64	0.00	1.52	1.92	1.78	0.00	232.00
gi|526459512|ref|YP_008330089.1|_2-67_1UWD:A:	1.00	5.00	3.00	9.33	0.00	1.86	2.00	2.33	0.00	102.00
gi|526459514|ref|YP_008330091.1|_3-271_1VQR:A:	0.00	0.00	3.00	11.62	0.00	2.64	1.29	2.00	0.00	296.00
gi|526459515|ref|YP_008330092.1|_213-372_1W55:A:208-370	0.00	7.71	3.00	9.40	0.00	1.71	1.57	2.10	0.00	163.00
gi|526459515|ref|YP_008330092.1|_4-202_1W55:A:3-207	1.00	4.00	3.60	7.50	0.00	1.74	1.53	2.00	0.00	205.00
gi|526459516|ref|YP_008330093.1|_1-129_1P2F:A:1-120	1.00	5.40	0.00	10.40	0.00	1.60	1.36	2.00	0.00	118.00
gi|526459517|ref|YP_008330094.1|_3-148_1TLQ:A:	0.00	0.00	0.00	9.91	0.00	1.58	1.40	1.86	0.00	161.00
gi|526459518|ref|YP_008330095.1|_2-146_1A9X:B:1502-1652	1.00	5.86	3.00	8.25	0.00	1.68	1.67	1.67	0.00	151.00
gi|526459518|ref|YP_008330095.1|_177-371_1A9X:B:1653-1880	1.00	7.20	3.00	8.67	0.00	1.86	1.57	2.27	0.00	228.00
gi|526459520|ref|YP_008330097.1|_1-415_1QF5:A:	1.12	3.95	3.38	10.23	0.00	1.61	1.73	2.12	0.00	431.00
gi|526459521|ref|YP_008330098.1|_5-279_1Z7M:A:6-323	0.00	5.45	0.00	11.42	0.00	2.63	1.58	1.94	0.00	318.00
gi|526459522|ref|YP_008330099.1|_2-349_1IUG:A:	1.00	3.93	3.00	12.36	0.00	1.76	1.58	2.20	0.00	348.00
gi|526459523|ref|YP_008330100.1|_20-178_1WUB:A:	1.00	10.20	3.50	8.00	0.00	1.56	1.38	2.38	0.00	176.00
gi|526459524|ref|YP_008330101.1|_17-148_2A61:A:5-143	1.00	7.50	0.00	14.71	0.00	1.43	1.00	1.50	0.00	139.00
gi|526459525|ref|YP_008330102.1|_20-179_1WUB:A:	1.00	10.20	3.50	8.00	0.00	1.56	1.38	2.38	0.00	176.00
gi|526459526|ref|YP_008330103.1|_1-253_2PW6:A:14-271	1.00	4.70	4.00	9.57	0.00	2.96	1.53	2.27	0.00	258.00
gi|526459527|ref|YP_008330104.1|_2-148_1NNI:1:	1.00	4.00	3.00	10.71	0.00	2.00	1.00	1.90	0.00	173.00
gi|526459528|ref|YP_008330105.1|_4-229_1TQ5:A:1-231	1.00	5.68	3.00	0.00	0.00	1.45	1.72	2.00	0.00	231.00
gi|526459529|ref|YP_008330106.1|_3-167_1GD1:O:0-148,O:313-333	1.00	4.00	3.33	8.60	0.00	1.57	1.55	2.00	1.00	171.00
gi|526459529|ref|YP_008330106.1|_149-320_1JN0:A:149-312	1.00	6.38	3.33	12.67	0.00	1.56	1.60	2.75	0.00	163.00
gi|526459530|ref|YP_008330107.1|_170-328_1CLI:A:171-345	1.00	5.67	3.00	8.14	0.00	1.95	1.88	2.10	0.00	175.00
gi|526459530|ref|YP_008330107.1|_3-165_1CLI:A:5-170	0.00	7.83	3.00	10.20	0.00	1.60	2.29	1.83	0.00	166.00
gi|526459533|ref|YP_008330110.1|_1-117_1BWZ:A:1-130	0.00	6.00	3.00	9.00	0.00	2.36	1.30	2.33	0.00	130.00
gi|526459533|ref|YP_008330110.1|_126-244_1BWZ:A:131-274	0.00	5.90	0.00	11.00	0.00	1.59	1.70	2.11	0.00	144.00
gi|526459534|ref|YP_008330111.1|_112-311_1EYZ:A:113-318	1.00	6.20	4.00	10.17	0.00	2.67	1.64	2.33	0.00	206.00
gi|526459534|ref|YP_008330111.1|_4-111_1EYZ:A:2-112	1.00	4.20	5.00	9.50	0.00	1.43	1.50	2.00	0.00	111.00
gi|526459534|ref|YP_008330111.1|_317-385_1EYZ:A:319-392	1.00	4.43	3.00	14.00	0.00	1.78	2.00	1.50	0.00	74.00
gi|526459535|ref|YP_008330112.1|_4-147_1YVK:A:5-156	0.00	6.22	3.00	9.60	0.00	1.67	1.33	2.00	0.00	151.00
gi|526459540|ref|YP_008330117.1|_188-413_2HYD:A:324-578	1.00	5.50	3.00	8.00	0.00	1.72	1.38	2.44	0.00	255.00
gi|526459545|ref|YP_008330122.1|_70-359_1A0P:A:111-292	1.00	4.00	3.00	11.62	0.00	2.12	1.86	2.14	0.00	182.00
gi|526459548|ref|YP_008330125.1|_3-161_1VIA:A:	0.00	4.40	3.33	11.14	0.00	1.53	1.00	1.90	0.00	161.00
gi|526459550|ref|YP_008330127.1|_1-223_1WYZ:A:2-234	0.00	4.70	3.00	9.33	0.00	2.43	2.00	1.67	0.00	233.00
gi|526459557|ref|YP_008330134.1|_113-238_1K5H:A:126-274	0.00	5.60	2.67	9.83	0.00	1.60	1.40	1.78	0.00	149.00
gi|526459557|ref|YP_008330134.1|_2-124_1K5H:A:1-125,A:275-300	0.00	4.83	1.00	10.67	0.00	2.00	1.20	1.89	1.00	151.00
gi|526459557|ref|YP_008330134.1|_266-354_1R0K:A:291-385	1.00	3.00	0.00	12.60	0.00	2.00	2.00	2.00	0.00	95.00
gi|526459559|ref|YP_008330136.1|_3-173_1UXO:A:	0.00	6.17	4.00	9.67	0.00	1.57	1.44	1.76	0.00	186.00
gi|526459560|ref|YP_008330137.1|_97-311_1HUX:A:	0.00	6.00	4.00	12.38	0.00	1.86	1.33	2.54	0.00	259.00
gi|526459560|ref|YP_008330137.1|_1-118_1OKJ:A:1-106	0.00	6.80	3.00	13.33	0.00	1.57	2.00	2.50	0.00	106.00
gi|526459561|ref|YP_008330138.1|_32-114_2IF1:A:	1.00	2.80	4.00	6.67	0.00	2.53	1.67	2.00	0.00	125.00
gi|526459562|ref|YP_008330139.1|_7-232_2AX3:A:1-211	1.00	4.62	6.00	10.00	0.00	1.96	1.40	2.22	0.00	211.00
gi|526459562|ref|YP_008330139.1|_213-459_2AX3:A:212-489	0.00	4.33	3.33	9.62	0.00	1.77	1.69	1.69	0.00	278.00
gi|526459563|ref|YP_008330140.1|_3-102_1NZA:A:	0.00	10.00	0.00	11.00	0.00	2.00	2.40	2.00	0.00	103.00
gi|526459568|ref|YP_008330145.1|_248-277,394-615_1QU7:A:	0.00	0.00	3.00	34.50	0.00	1.50	1.00	1.71	0.00	226.00
gi|526459569|ref|YP_008330146.1|_233-534_2J0S:A:244-411	0.00	5.14	2.75	11.40	0.00	1.67	1.82	1.90	0.00	168.00
gi|526459569|ref|YP_008330146.1|_11-158_1BYR:A:	1.00	5.25	0.00	11.40	0.00	1.85	1.44	2.00	0.00	152.00
gi|526459570|ref|YP_008330147.1|_5-396_1PV7:A:	0.00	0.00	4.00	15.09	0.00	1.72	1.67	1.86	0.00	417.00
gi|526459571|ref|YP_008330148.1|_6-139_3DEU:A:2-141	0.00	3.00	3.00	15.17	0.00	2.22	1.20	2.50	0.00	139.00
gi|526459572|ref|YP_008330149.1|_4-310_1TRK:A:3-337	1.00	4.43	3.00	12.31	0.00	1.84	1.24	2.04	0.00	335.00
gi|526459572|ref|YP_008330149.1|_328-505_1ITZ:A:348-539	1.00	5.00	3.33	10.67	0.00	1.78	1.60	1.92	0.00	192.00
gi|526459572|ref|YP_008330149.1|_512-636_1QGD:A:528-663	0.00	5.40	3.33	7.29	0.00	1.41	1.30	1.83	0.00	136.00
gi|526459577|ref|YP_008330154.1|_20-419_2NWW:A:12-416	0.00	0.00	3.00	14.68	0.00	2.53	1.38	2.29	0.00	405.00
gi|526459578|ref|YP_008330155.1|_9-116_1JBG:A:	0.00	2.33	0.00	14.20	0.00	1.60	1.33	1.60	0.00	106.00
gi|526459579|ref|YP_008330156.1|_642-1153_1V25:A:	1.00	4.79	3.00	8.62	0.00	2.53	1.61	1.88	0.00	534.00
gi|526459579|ref|YP_008330156.1|_385-594_1K30:A:	1.00	4.44	3.40	12.36	0.00	2.65	1.58	2.12	0.00	367.00
gi|526459579|ref|YP_008330156.1|_13-421_1PV7:A:	0.00	0.00	4.00	15.09	0.00	1.72	1.67	1.86	0.00	417.00
gi|526459580|ref|YP_008330157.1|_424-548_1U6Z:A:313-509	0.00	5.67	3.33	14.14	0.00	2.12	1.50	2.55	0.00	197.00
gi|526459580|ref|YP_008330157.1|_57-179_1NO5:A:	0.00	5.00	3.00	12.00	0.00	1.83	1.29	2.33	0.00	100.00
gi|526459580|ref|YP_008330157.1|_779-836_1PSD:A:327-410	0.00	7.75	0.00	11.00	0.00	2.43	1.50	2.00	0.00	84.00
gi|526459581|ref|YP_008330158.1|_4-142_1NY5:A:138-384	1.00	3.56	3.00	10.18	0.00	1.76	1.29	2.25	0.00	247.00
gi|526459581|ref|YP_008330158.1|_188-246_1ETO:B:	0.00	4.00	0.00	13.50	0.00	3.86	1.00	2.00	0.00	98.00
gi|526459583|ref|YP_008330160.1|_35-369_1WDY:A:	1.00	0.00	0.00	8.41	0.00	2.06	1.50	1.96	0.00	285.00
gi|526459583|ref|YP_008330160.1|_272-597_1N11:A:	0.00	0.00	3.00	8.21	0.00	2.54	1.60	1.77	0.00	408.00
gi|526459585|ref|YP_008330162.1|_5-339_1J79:A:	1.00	3.67	3.00	8.43	0.00	2.17	1.28	1.86	0.00	343.00
gi|526459586|ref|YP_008330163.1|_48-234_1XKR:A:	0.00	7.00	7.00	16.80	0.00	2.06	1.62	1.71	0.00	205.00
gi|526459586|ref|YP_008330163.1|_253-331_1O6A:A:	0.00	9.20	0.00	6.67	0.00	1.43	0.00	1.83	0.00	87.00
gi|526459595|ref|YP_008330172.1|_142-353,524-632_1UCU:A:	1.00	5.30	3.00	28.71	0.00	1.73	1.46	2.14	0.00	494.00
gi|526459597|ref|YP_008330174.1|_5-114_1VH6:A:	0.00	0.00	0.00	22.50	0.00	1.25	0.00	1.75	0.00	102.00
gi|526459599|ref|YP_008330176.1|_10-203_1WY5:A:1-216	0.00	4.17	4.00	11.50	0.00	1.95	1.33	2.10	0.00	216.00
gi|526459600|ref|YP_008330177.1|_140-363_1OLT:A:	1.00	4.74	3.50	10.80	0.00	1.87	1.35	1.92	0.00	441.00
gi|526459603|ref|YP_008330180.1|_2-112_1F7L:A:	1.00	7.80	3.00	11.00	0.00	1.09	1.20	2.00	0.00	118.00
gi|526459607|ref|YP_008330184.1|_1-207_1J97:A:	1.00	6.14	4.33	9.22	5.00	1.42	1.50	1.91	0.00	210.00
gi|526459608|ref|YP_008330185.1|_8-329_1VPX:A:	1.00	4.50	0.00	10.90	0.00	2.80	1.09	1.56	0.00	229.00
gi|526459609|ref|YP_008330186.1|_2-446_2B7O:A:1-462	1.00	4.46	3.00	13.29	0.00	2.47	1.54	1.86	0.00	462.00
gi|526459611|ref|YP_008330188.1|_1-111_1RW1:A:	1.00	4.00	3.00	7.12	0.00	1.31	1.33	1.75	0.00	114.00
gi|526459615|ref|YP_008330192.1|_29-375_1GDE:A:	1.00	4.17	3.14	12.15	0.00	2.02	1.17	2.20	0.00	388.00
gi|526459617|ref|YP_008330194.1|_89-287_1P3D:A:107-321	0.00	6.00	4.00	11.83	0.00	1.88	1.50	2.00	0.00	215.00
gi|526459617|ref|YP_008330194.1|_1-87_1J6U:A:0-88	0.00	3.80	0.00	9.33	0.00	1.73	1.40	2.14	0.00	88.00
gi|526459617|ref|YP_008330194.1|_288-432_1P3D:A:322-473	1.00	5.67	3.00	9.83	0.00	1.62	1.50	1.67	0.00	152.00
gi|526459618|ref|YP_008330195.1|_14-197_1RCU:A:	1.00	4.57	3.50	10.00	0.00	1.76	1.27	2.08	0.00	170.00
gi|526459619|ref|YP_008330196.1|_144-353_2NLY:A:31-254	1.00	5.11	3.33	9.88	0.00	2.13	1.56	1.92	0.00	224.00
gi|526459621|ref|YP_008330198.1|_194-554_2VNU:D:495-910	1.00	5.46	3.83	12.31	0.00	1.95	1.48	2.10	0.00	416.00
gi|526459623|ref|YP_008330200.1|_8-196_1JR3:D:1-211	1.00	4.62	0.00	11.00	0.00	1.68	1.29	2.33	0.00	211.00
gi|526459628|ref|YP_008330205.1|_5-316_1LI5:A:1-315	1.10	4.17	3.00	11.89	0.00	2.21	1.53	2.44	0.00	315.00
gi|526459628|ref|YP_008330205.1|_321-466_1U0B:B:316-461	1.00	5.00	0.00	10.88	0.00	1.43	1.50	1.90	0.00	146.00
gi|526459631|ref|YP_008330208.1|_123-353,381-394_1OLT:A:	1.00	4.74	3.50	10.80	0.00	1.87	1.35	1.92	0.00	441.00
gi|526459637|ref|YP_008330214.1|_13-362_1BS0:A:	1.00	4.14	3.00	11.36	0.00	1.74	1.57	2.28	0.00	383.00
gi|526459638|ref|YP_008330215.1|_8-105_1GEF:A:	1.00	5.29	3.00	11.33	0.00	1.36	1.57	2.00	0.00	120.00
gi|526459639|ref|YP_008330216.1|_2-65_1TYG:B:	1.00	4.00	3.00	7.00	0.00	1.75	2.00	2.20	0.00	65.00
gi|526459641|ref|YP_008330218.1|_2-76,169-342_1A49:A:12-115,A:218-395	0.00	4.75	3.20	9.85	0.00	1.60	1.36	1.76	1.00	282.00
gi|526459641|ref|YP_008330218.1|_323-467_1A49:A:396-530	0.00	5.40	3.00	11.00	0.00	1.64	1.80	1.50	0.00	135.00
gi|526459641|ref|YP_008330218.1|_71-169_1LIU:A:160-261	1.33	4.25	4.00	4.00	0.00	1.47	1.38	2.29	0.00	102.00
gi|526459642|ref|YP_008330219.1|_10-394_1VEF:A:9-395	1.00	4.41	3.50	10.20	0.00	1.58	1.54	1.93	0.00	387.00
gi|526459644|ref|YP_008330221.1|_1-290_1TUG:A:1-150,A:151-310	1.00	5.00	3.50	10.40	0.00	1.56	1.59	2.75	1.00	310.00
gi|526459645|ref|YP_008330222.1|_51-315_1K0G:A:	1.00	5.22	4.00	10.89	0.00	3.07	1.15	2.08	0.00	453.00
gi|526459646|ref|YP_008330223.1|_2-180_1EKF:A:	1.17	5.26	3.00	10.86	0.00	2.00	1.58	2.45	0.00	365.00
gi|526459647|ref|YP_008330224.1|_113-183_2AKK:A:1-72	1.00	4.57	0.00	0.00	0.00	1.50	1.67	2.50	0.00	72.00
gi|526459651|ref|YP_008330228.1|_246-302,331-386_1Y7M:A:49-164	1.00	4.90	3.00	10.00	0.00	1.77	1.50	2.29	0.00	116.00
gi|526459655|ref|YP_008330232.1|_249-388_2F9F:A:2-167	1.00	4.17	3.00	9.57	0.00	1.84	1.27	2.00	0.00	166.00
gi|526459657|ref|YP_008330234.1|_99-286_1MX3:A:126-318	1.00	4.29	0.00	8.62	0.00	1.59	1.44	2.12	0.00	193.00
gi|526459657|ref|YP_008330234.1|_1-119_2DLD:A:1-103,A:301-337	1.00	3.75	4.00	11.75	0.00	1.64	1.62	2.11	1.00	140.00
gi|526459659|ref|YP_008330236.1|_3-288_1MUM:A:	1.00	4.25	6.00	10.62	0.00	1.73	1.84	1.91	0.00	289.00
gi|526459661|ref|YP_008330238.1|_15-590_2B3Y:A:2-630	1.00	4.24	3.73	9.96	0.00	1.92	1.45	1.93	0.00	629.00
gi|526459661|ref|YP_008330238.1|_600-858_2B3Y:A:631-889	1.00	4.64	3.00	7.67	0.00	1.94	1.41	1.95	0.00	259.00
gi|526459662|ref|YP_008330239.1|_184-388_2H9F:A:187-395	0.00	6.67	4.50	9.50	0.00	1.67	1.62	2.17	0.00	209.00
gi|526459662|ref|YP_008330239.1|_2-179_2H9F:A:1-182	1.00	6.89	3.00	12.00	0.00	1.57	1.69	2.11	0.00	182.00
gi|526459664|ref|YP_008330241.1|_2-180_1X9G:A:	1.00	5.29	3.00	10.00	0.00	2.05	1.71	2.46	0.00	199.00
gi|526459665|ref|YP_008330242.1|_2-215_1PDA:A:3-219	0.00	4.60	3.00	8.71	0.00	2.24	1.14	2.42	0.00	217.00
gi|526459665|ref|YP_008330242.1|_219-305_1GTK:A:220-313	0.00	8.33	3.00	12.33	0.00	1.71	1.33	2.17	0.00	94.00
gi|526459666|ref|YP_008330243.1|_105-263_1V58:A:62-230	1.00	5.80	3.00	10.86	0.00	2.00	1.60	2.00	0.00	169.00
gi|526459667|ref|YP_008330244.1|_39-231_1JR3:A:3-242	1.00	5.20	3.00	9.55	0.00	1.59	1.57	1.83	0.00	240.00
gi|526459668|ref|YP_008330245.1|_1-105_1B74:A:1-105	0.00	4.75	3.00	13.00	0.00	1.22	1.86	2.00	0.00	105.00
gi|526459668|ref|YP_008330245.1|_108-230_1B74:A:106-252	0.00	4.50	0.00	7.67	0.00	2.00	1.55	3.12	0.00	147.00
gi|526459676|ref|YP_008330253.1|_1-328_1VI1:A:	1.00	4.50	4.50	11.50	0.00	1.86	1.64	1.79	0.00	344.00
gi|526459677|ref|YP_008330254.1|_7-328_1UB7:A:2-173	1.00	5.56	3.00	8.83	0.00	1.61	1.20	2.18	0.00	172.00
gi|526459679|ref|YP_008330256.1|_60-272_1WF3:A:3-180	1.00	6.50	3.00	10.80	0.00	2.24	1.40	1.73	0.00	178.00
gi|526459680|ref|YP_008330257.1|_172-248,305-433_1XZP:A:212-371	1.00	6.17	3.00	8.67	0.00	2.40	1.60	1.50	0.00	160.00
gi|526459682|ref|YP_008330259.1|_4-116,164-274,378-447_2BS2:A:1-250,A:372-457	1.00	3.88	3.17	15.43	0.00	1.78	1.48	2.06	1.00	336.00
gi|526459682|ref|YP_008330259.1|_463-659_2BS2:A:458-655	1.00	4.00	3.00	17.00	0.00	1.81	1.82	2.12	0.00	198.00
gi|526459682|ref|YP_008330259.1|_251-374_2BS2:A:251-371	1.20	3.80	3.00	7.60	0.00	1.47	1.00	2.10	0.00	121.00
gi|526459691|ref|YP_008330268.1|_5-126_1FEH:A:1-126	1.00	4.20	3.00	10.33	0.00	2.27	1.83	2.20	0.00	126.00
gi|526459691|ref|YP_008330268.1|_82-215_2FUG:3:96-246	1.00	2.00	3.00	9.25	0.00	3.37	2.50	1.62	0.00	151.00
gi|526459691|ref|YP_008330268.1|_218-339_2FUG:3:247-685	1.00	4.00	3.00	8.20	0.00	2.29	1.69	2.05	0.00	439.00
gi|526459691|ref|YP_008330268.1|_397-466_2FUG:3:247-685	1.00	4.00	3.00	8.20	0.00	2.29	1.69	2.05	0.00	439.00
gi|526459695|ref|YP_008330272.1|_170-544_2FUG:4:35-409	1.00	3.29	3.00	10.92	0.00	2.44	1.96	2.89	0.00	375.00
gi|526459695|ref|YP_008330272.1|_7-174_2FUG:5:1-196	0.00	4.57	0.00	7.75	0.00	2.74	1.84	2.40	0.00	196.00
gi|526459698|ref|YP_008330275.1|_1-384_1C7N:A:	1.00	4.25	3.17	11.71	0.00	2.25	1.64	2.22	0.00	394.00
gi|526459699|ref|YP_008330276.1|_1-318_2IDB:A:6-325	1.00	4.72	3.00	9.57	0.00	2.05	1.44	1.93	0.00	320.00
gi|526459699|ref|YP_008330276.1|_319-470_2IDB:A:326-491	1.00	5.83	3.00	11.00	0.00	2.21	1.40	2.20	0.00	166.00
gi|526459699|ref|YP_008330276.1|_462-588_2IDB:A:326-491	1.00	5.83	3.00	11.00	0.00	2.21	1.40	2.20	0.00	166.00
gi|526459703|ref|YP_008330280.1|_1-81_2NRH:A:1-82	1.00	4.00	3.00	6.33	0.00	2.25	1.67	1.50	0.00	81.00
gi|526459703|ref|YP_008330280.1|_83-204_2NRH:A:83-208	0.00	4.60	3.00	12.00	0.00	2.80	1.86	2.20	0.00	126.00
gi|526459705|ref|YP_008330282.1|_21-230_1Y8C:A:	1.00	7.64	3.33	9.71	0.00	1.76	1.67	2.21	0.00	246.00
gi|526459706|ref|YP_008330283.1|_311-346,411-631_1QU7:A:	0.00	0.00	3.00	34.50	0.00	1.50	1.00	1.71	0.00	226.00
gi|526459707|ref|YP_008330284.1|_16-285_1POO:A:	1.00	6.19	3.00	7.00	0.00	1.71	1.65	2.22	0.00	353.00
gi|526459709|ref|YP_008330286.1|_2-320_1D2R:A:	1.00	4.20	3.00	13.31	0.00	1.97	1.29	1.79	0.00	326.00
gi|526459710|ref|YP_008330287.1|_23-702_1BY5:A:	1.00	10.64	3.50	4.75	0.00	2.10	1.81	2.40	0.00	697.00
gi|526459711|ref|YP_008330288.1|_6-388_1PV7:A:	0.00	0.00	4.00	15.09	0.00	1.72	1.67	1.86	0.00	417.00
gi|526459712|ref|YP_008330289.1|_89-314_1IM8:A:	0.00	6.86	3.00	12.25	0.00	1.80	1.23	1.80	0.00	225.00
gi|526459713|ref|YP_008330290.1|_22-665_1KMO:A:	1.00	11.00	3.00	5.50	0.00	1.93	1.86	2.06	0.00	661.00
gi|526459714|ref|YP_008330291.1|_261-308_1D5Y:A:57-121	0.00	2.00	0.00	9.25	0.00	2.14	1.75	2.00	0.00	65.00
gi|526459714|ref|YP_008330291.1|_209-256_2E1O:A:8-64	0.00	0.00	0.00	13.33	0.00	3.25	2.00	2.00	0.00	57.00
gi|526459716|ref|YP_008330293.1|_7-387_1PV7:A:	0.00	0.00	4.00	15.09	0.00	1.72	1.67	1.86	0.00	417.00
gi|526459717|ref|YP_008330294.1|_3-394_1PV7:A:	0.00	0.00	4.00	15.09	0.00	1.72	1.67	1.86	0.00	417.00
gi|526459718|ref|YP_008330295.1|_337-579_2HYD:A:324-578	1.00	5.50	3.00	8.00	0.00	1.72	1.38	2.44	0.00	255.00
gi|526459718|ref|YP_008330295.1|_29-334_2HYD:A:1-323	0.00	0.00	3.00	18.40	5.00	1.44	1.20	1.67	0.00	323.00
gi|526459719|ref|YP_008330296.1|_336-575_2HYD:A:324-578	1.00	5.50	3.00	8.00	0.00	1.72	1.38	2.44	0.00	255.00
gi|526459719|ref|YP_008330296.1|_7-325_2HYD:A:1-323	0.00	0.00	3.00	18.40	5.00	1.44	1.20	1.67	0.00	323.00
gi|526459720|ref|YP_008330297.1|_20-694_1NQE:A:	1.00	10.24	3.00	5.25	0.00	2.95	1.88	2.30	0.00	589.00
gi|526459721|ref|YP_008330298.1|_267-315_1BL0:A:63-124	0.00	0.00	0.00	9.00	0.00	2.14	1.50	1.67	0.00	62.00
gi|526459722|ref|YP_008330299.1|_25-676_1NQE:A:	1.00	10.24	3.00	5.25	0.00	2.95	1.88	2.30	0.00	589.00
gi|526459724|ref|YP_008330301.1|_78-274_2QFI:A:5-208	1.00	0.00	3.57	5.86	0.00	2.43	2.25	2.71	0.00	204.00
gi|526459724|ref|YP_008330301.1|_276-350_3BYP:A:6-87	1.00	9.67	0.00	16.50	0.00	1.60	1.00	2.25	0.00	82.00
gi|526459725|ref|YP_008330302.1|_117-411_1SET:A:111-421	1.33	5.38	3.00	9.67	0.00	1.58	1.50	1.95	0.00	311.00
gi|526459725|ref|YP_008330302.1|_1-113_1SET:A:1-110	0.00	0.00	3.00	20.75	0.00	2.83	1.00	2.00	0.00	110.00
gi|526459727|ref|YP_008330304.1|_40-477_1FS7:A:	1.00	4.67	3.67	10.24	0.00	2.12	1.32	2.27	0.00	471.00
gi|526459730|ref|YP_008330307.1|_308-535_2BAS:A:2-262	1.00	6.33	3.00	10.50	0.00	1.95	1.70	2.50	0.00	261.00
gi|526459730|ref|YP_008330307.1|_150-288_1W25:A:294-455	1.00	4.43	3.00	14.60	0.00	1.67	1.44	1.67	0.00	161.00
gi|526459730|ref|YP_008330307.1|_16-133_1N9L:A:	0.00	8.00	4.00	8.00	0.00	1.64	1.00	1.86	0.00	109.00
gi|526459731|ref|YP_008330308.1|_20-114_1N9L:A:	0.00	8.00	4.00	8.00	0.00	1.64	1.00	1.86	0.00	109.00
gi|526459733|ref|YP_008330310.1|_30-317_1ERJ:A:	1.00	5.87	3.00	4.00	0.00	2.58	1.71	2.32	0.00	388.00
gi|526459734|ref|YP_008330311.1|_33-154_1KF6:B:106-243	0.00	0.00	3.33	8.50	0.00	2.73	1.00	1.67	0.00	138.00
gi|526459735|ref|YP_008330312.1|_54-120,148-182_1OGY:B:	1.00	0.00	3.67	0.00	0.00	2.37	1.44	2.00	0.00	127.00
gi|526459737|ref|YP_008330314.1|_29-219_2FUG:9:26-179	1.00	4.00	3.00	6.67	0.00	1.89	1.50	2.22	0.00	154.00
gi|526459738|ref|YP_008330315.1|_38-705_1OGY:A:12-681	1.06	4.36	3.50	7.68	5.00	1.68	1.68	2.07	0.00	670.00
gi|526459738|ref|YP_008330315.1|_800-934_1OGY:A:682-801	1.00	5.00	3.00	6.00	0.00	1.57	2.00	2.00	0.00	120.00
gi|526459742|ref|YP_008330319.1|_366-517_2C2A:A:321-481	0.00	6.71	3.00	15.00	0.00	2.92	1.50	1.90	0.00	161.00
gi|526459742|ref|YP_008330319.1|_293-361_2C2A:A:232-320	0.00	0.00	3.00	24.00	0.00	2.33	0.00	1.75	0.00	89.00
gi|526459744|ref|YP_008330321.1|_1-156_1Q5X:A:	1.00	4.42	3.00	7.00	0.00	1.42	1.73	1.86	0.00	160.00
gi|526459745|ref|YP_008330322.1|_1-242_1PJQ:A:216-457	1.00	5.10	4.33	7.12	0.00	2.17	1.45	2.47	0.00	242.00
gi|526459747|ref|YP_008330324.1|_6-139_2GAU:A:10-151	0.00	4.62	3.00	11.40	0.00	1.93	1.29	1.80	0.00	142.00
gi|526459747|ref|YP_008330324.1|_155-216_1HW5:A:138-208	1.00	3.33	0.00	11.00	0.00	2.00	1.50	1.60	0.00	71.00
gi|526459748|ref|YP_008330325.1|_128-303_1O17:A:71-343	1.00	5.71	3.80	10.09	0.00	2.18	1.69	1.77	0.00	273.00
gi|526459748|ref|YP_008330325.1|_1-70_1O17:A:1-70	0.00	0.00	0.00	12.25	0.00	2.50	1.00	2.00	0.00	70.00
gi|526459749|ref|YP_008330326.1|_2-284_1TV8:A:	1.00	4.91	3.00	10.50	0.00	1.97	1.65	2.10	0.00	327.00
gi|526459752|ref|YP_008330329.1|_6-328_1IR6:A:	0.00	4.50	3.00	11.33	0.00	1.95	1.52	2.15	0.00	385.00
gi|526459753|ref|YP_008330330.1|_9-140_2D59:A:4-142	1.00	3.71	3.00	10.60	0.00	1.58	1.27	1.75	0.00	141.00
gi|526459754|ref|YP_008330331.1|_276-407_2C2A:A:321-481	0.00	6.71	3.00	15.00	0.00	2.92	1.50	1.90	0.00	161.00
gi|526459754|ref|YP_008330331.1|_187-269_2C2A:A:232-320	0.00	0.00	3.00	24.00	0.00	2.33	0.00	1.75	0.00	89.00
gi|526459758|ref|YP_008330335.1|_6-490_1CW3:A:	1.00	4.70	4.00	11.60	0.00	1.93	1.38	2.00	0.00	494.00
gi|526459762|ref|YP_008330339.1|_5-280_1J0A:A:	0.00	5.20	3.00	10.07	0.00	2.07	1.27	1.89	0.00	325.00
gi|526459764|ref|YP_008330341.1|_31-428_1K75:A:	1.00	5.14	3.25	12.38	0.00	2.18	1.46	1.71	0.00	431.00
gi|526459766|ref|YP_008330343.1|_30-297_1V4E:A:	0.00	2.00	3.00	14.71	0.00	2.11	1.17	1.83	0.00	280.00
gi|526459767|ref|YP_008330344.1|_1-158_1GPJ:A:1-143	0.00	6.25	0.00	11.83	0.00	1.40	1.50	2.00	0.00	143.00
gi|526459767|ref|YP_008330344.1|_161-308_1GPJ:A:144-302	1.00	4.33	3.00	11.50	0.00	1.56	1.50	1.43	0.00	159.00
gi|526459767|ref|YP_008330344.1|_314-414_1GPJ:A:303-404	0.00	0.00	0.00	25.67	0.00	3.00	1.33	2.25	0.00	102.00
gi|526459768|ref|YP_008330345.1|_10-237,405-475_1NJ8:A:0-267	1.11	5.67	6.00	12.00	0.00	1.53	1.69	1.73	0.00	267.00
gi|526459768|ref|YP_008330345.1|_461-567_1NYR:A:533-645	0.00	4.40	0.00	9.60	0.00	1.90	1.80	2.14	0.00	113.00
gi|526459768|ref|YP_008330345.1|_218-385_1WDV:A:	1.00	4.88	3.00	8.20	0.00	1.38	1.67	1.56	0.00	150.00
gi|526459769|ref|YP_008330346.1|_196-294_2OAU:A:180-280	1.00	8.50	0.00	18.00	0.00	1.70	1.25	1.60	0.00	101.00
gi|526459769|ref|YP_008330346.1|_128-193_2OAU:A:113-179	0.00	4.80	0.00	10.50	0.00	1.00	1.80	2.00	0.00	67.00
gi|526459769|ref|YP_008330346.1|_42-127_2OAU:A:27-112	0.00	0.00	0.00	26.00	0.00	2.00	0.00	2.00	0.00	86.00
gi|526459770|ref|YP_008330347.1|_75-313_1VFG:A:137-351	1.00	2.00	3.25	10.46	0.00	1.57	1.50	1.71	0.00	215.00
gi|526459770|ref|YP_008330347.1|_2-74_1OU5:A:1-150	1.00	3.33	3.00	6.60	0.00	1.74	2.91	2.75	0.00	150.00
gi|526459773|ref|YP_008330350.1|_192-396_1EMS:A:10-280	1.33	5.25	3.67	16.00	0.00	1.93	1.25	1.92	0.00	271.00
gi|526459775|ref|YP_008330352.1|_311-507_1IWG:A:7-37,A:331-498	0.00	0.00	3.00	18.12	0.00	2.22	1.14	2.56	1.00	199.00
gi|526459776|ref|YP_008330353.1|_75-290_1IWG:A:513-566,A:869-1036	1.00	0.00	3.00	14.36	0.00	1.54	2.71	2.00	1.00	222.00
gi|526459779|ref|YP_008330356.1|_114-222_1OAP:A:	0.00	4.50	3.00	13.00	0.00	1.85	1.50	2.00	0.00	108.00
gi|526459782|ref|YP_008330359.1|_7-225,423-634_1H3N:A:1-225,A:418-686	1.00	4.30	3.33	9.33	0.00	1.85	1.48	2.36	1.00	494.00
gi|526459782|ref|YP_008330359.1|_225-422_1H3N:A:226-417	1.00	5.44	4.00	9.40	0.00	1.73	1.47	1.83	0.00	192.00
gi|526459782|ref|YP_008330359.1|_630-820_1H3N:A:687-814	0.00	0.00	3.50	14.33	0.00	2.33	1.25	2.25	0.00	128.00
gi|526459784|ref|YP_008330361.1|_21-261_2GC6:A:1-296	1.00	4.73	3.50	12.50	0.00	2.24	1.73	1.93	0.00	296.00
gi|526459784|ref|YP_008330361.1|_271-385_1O5Z:A:294-430	0.00	4.33	3.50	9.80	0.00	1.87	1.40	1.86	0.00	137.00
gi|526459785|ref|YP_008330362.1|_411-687_2FWR:A:23-256	1.00	4.67	3.20	7.22	0.00	2.37	1.25	2.07	0.00	234.00
gi|526459786|ref|YP_008330363.1|_307-467_1RO5:A:	0.00	5.90	3.67	10.40	0.00	2.28	1.36	2.00	0.00	200.00
gi|526459786|ref|YP_008330363.1|_62-263_1K30:A:	1.00	4.44	3.40	12.36	0.00	2.65	1.58	2.12	0.00	367.00
gi|526459792|ref|YP_008330369.1|_428-663_1GM5:A:286-549	0.00	3.86	0.00	12.50	0.00	2.84	1.94	1.20	0.00	264.00
gi|526459792|ref|YP_008330369.1|_662-867_2EYQ:A:779-989	1.00	5.33	3.00	12.38	0.00	1.57	1.40	2.20	0.00	211.00
gi|526459792|ref|YP_008330369.1|_16-261_2EYQ:A:2-348	1.20	3.93	4.50	9.64	0.00	1.98	1.46	1.89	0.00	347.00
gi|526459792|ref|YP_008330369.1|_870-990_2EYQ:A:990-1147	0.00	3.80	3.00	14.60	0.00	2.11	1.27	2.67	0.00	158.00
gi|526459792|ref|YP_008330369.1|_359-430_2EYQ:A:466-545	0.00	6.40	4.50	6.00	0.00	1.70	2.33	1.80	0.00	80.00
gi|526459793|ref|YP_008330370.1|_1-154_2GAN:A:1-182	0.00	6.43	3.25	11.60	0.00	1.30	1.50	2.08	0.00	182.00
gi|526459794|ref|YP_008330371.1|_2-150,179-313_1VYB:A:	1.00	5.71	4.00	10.50	0.00	2.26	2.09	2.36	0.00	236.00
gi|526459798|ref|YP_008330375.1|_172-311_2GQF:A:195-342	1.00	3.88	6.00	8.60	0.00	1.53	1.36	2.38	0.00	148.00
gi|526459798|ref|YP_008330375.1|_12-171,308-365_2GQF:A:1-194,A:343-401	1.33	3.88	3.20	10.43	0.00	1.45	1.56	1.75	1.00	253.00
gi|526459799|ref|YP_008330376.1|_149-335_1QU7:A:	0.00	0.00	3.00	34.50	0.00	1.50	1.00	1.71	0.00	226.00
gi|526459800|ref|YP_008330377.1|_4-121_1DZ3:A:	0.00	6.00	0.00	10.60	0.00	1.38	1.62	1.80	0.00	123.00
gi|526459801|ref|YP_008330378.1|_326-423_1N9L:A:	0.00	8.00	4.00	8.00	0.00	1.64	1.00	1.86	0.00	109.00
gi|526459801|ref|YP_008330378.1|_502-620_2C2A:A:321-481	0.00	6.71	3.00	15.00	0.00	2.92	1.50	1.90	0.00	161.00
gi|526459802|ref|YP_008330379.1|_687-801_2C2A:A:321-481	0.00	6.71	3.00	15.00	0.00	2.92	1.50	1.90	0.00	161.00
gi|526459802|ref|YP_008330379.1|_421-526_1OTD:A:	1.00	6.60	3.00	7.00	5.00	1.36	2.00	2.00	0.00	105.00
gi|526459802|ref|YP_008330379.1|_303-406_1DP6:A:	1.00	8.00	4.00	9.50	0.00	1.30	1.17	1.83	0.00	116.00
gi|526459802|ref|YP_008330379.1|_565-637_1JOY:A:	0.00	0.00	0.00	16.00	0.00	2.00	3.50	2.00	0.00	67.00
gi|526459806|ref|YP_008330383.1|_10-225_2AVN:A:1-246	1.00	6.20	4.67	9.90	0.00	1.29	1.42	1.78	0.00	246.00
gi|526459808|ref|YP_008330385.1|_13-156_1K0S:A:	0.00	6.30	0.00	7.00	0.00	1.72	1.93	2.29	0.00	151.00
gi|526459809|ref|YP_008330386.1|_10-175_2A2N:A:483-646	1.00	5.12	3.00	10.00	0.00	1.83	1.75	2.64	0.00	164.00
gi|526459815|ref|YP_008330392.1|_291-455_2C2A:A:321-481	0.00	6.71	3.00	15.00	0.00	2.92	1.50	1.90	0.00	161.00
gi|526459815|ref|YP_008330392.1|_219-300_2C2A:A:232-320	0.00	0.00	3.00	24.00	0.00	2.33	0.00	1.75	0.00	89.00
gi|526459815|ref|YP_008330392.1|_186-233_2ASX:A:278-331	0.00	0.00	0.00	19.00	0.00	1.75	1.00	2.67	0.00	54.00
gi|526459816|ref|YP_008330393.1|_3-127_1KGS:A:2-123	0.00	4.80	0.00	11.00	0.00	2.09	1.67	1.67	0.00	122.00
gi|526459816|ref|YP_008330393.1|_123-223_1KGS:A:124-225	0.00	3.57	0.00	12.00	0.00	2.71	1.50	2.67	0.00	102.00
gi|526459817|ref|YP_008330394.1|_18-240_3D03:A:1-271	1.00	4.77	3.00	9.83	0.00	1.74	1.61	2.15	0.00	274.00
gi|526459819|ref|YP_008330396.1|_25-172_1Y0G:A:	0.00	8.82	3.00	8.00	0.00	1.60	1.20	2.44	0.00	169.00
gi|526459821|ref|YP_008330398.1|_13-393_1OCR:A:	1.20	2.00	3.17	16.05	0.00	1.69	1.65	1.96	0.00	514.00
gi|526459826|ref|YP_008330403.1|_242-600_1MOQ:A:	1.00	5.00	3.57	12.15	0.00	2.18	1.59	1.79	0.00	366.00
gi|526459826|ref|YP_008330403.1|_2-226_1XFF:A:	1.00	5.27	3.00	10.40	0.00	1.66	1.56	2.18	0.00	238.00
gi|526459827|ref|YP_008330404.1|_271-418_1QM4:A:253-396	1.00	5.00	3.00	9.25	0.00	1.75	1.40	2.91	0.00	144.00
gi|526459827|ref|YP_008330404.1|_23-137_2P02:A:38-147	0.00	6.33	3.00	12.67	0.00	1.56	1.00	2.00	0.00	110.00
gi|526459827|ref|YP_008330404.1|_140-265_2P02:A:148-273	1.00	11.00	3.00	10.67	0.00	1.50	1.50	2.00	0.00	126.00
gi|526459829|ref|YP_008330406.1|_19-200_2TPS:A:	0.00	4.38	3.00	9.60	0.00	2.00	1.53	1.69	0.00	226.00
gi|526459833|ref|YP_008330410.1|_41-266_1UFK:A:	0.00	5.86	3.00	8.89	0.00	2.14	1.43	1.92	0.00	254.00
gi|526459834|ref|YP_008330411.1|_189-459_1IXZ:A:	1.00	5.40	3.33	10.27	0.00	2.04	1.38	1.73	0.00	247.00
gi|526459834|ref|YP_008330411.1|_447-638_2CE7:A:411-603	1.00	3.00	3.00	15.14	0.00	6.00	1.14	1.50	0.00	193.00
gi|526459835|ref|YP_008330412.1|_47-126,173-203,233-435_1XFD:A:127-591	1.00	5.40	3.00	5.67	0.00	2.30	2.39	2.45	0.00	465.00
gi|526459836|ref|YP_008330413.1|_3-291_1SR9:A:61-370	1.00	6.50	3.00	11.64	0.00	1.59	1.39	2.00	0.00	310.00
gi|526459836|ref|YP_008330413.1|_398-501_1SR9:A:492-643	0.00	9.50	0.00	13.00	0.00	6.86	2.40	2.25	0.00	152.00
gi|526459837|ref|YP_008330414.1|_6-102_1DBY:A:	0.00	5.20	0.00	10.25	0.00	1.42	2.25	2.60	0.00	106.00
gi|526459839|ref|YP_008330416.1|_309-618_1E3M:A:270-566	1.00	5.50	3.00	12.27	0.00	1.57	1.38	1.82	0.00	297.00
gi|526459839|ref|YP_008330416.1|_622-886_1E3M:A:567-800	1.00	5.70	5.00	11.33	0.00	2.24	1.85	2.44	0.00	234.00
gi|526459839|ref|YP_008330416.1|_14-135_1E3M:A:2-116	0.00	5.67	3.00	10.67	0.00	1.82	1.50	1.57	0.00	115.00
gi|526459839|ref|YP_008330416.1|_142-319_1E3M:A:117-269	1.00	4.14	3.25	13.67	0.00	1.52	1.22	2.09	0.00	153.00
gi|526459841|ref|YP_008330418.1|_11-56_2JN6:A:1-89	0.00	0.00	4.00	8.60	0.00	2.62	1.00	1.60	0.00	89.00
gi|526459843|ref|YP_008330420.1|_395-535_1JJU:A:352-489	1.00	5.30	3.00	5.00	0.00	1.67	1.50	1.83	0.00	138.00
gi|526459843|ref|YP_008330420.1|_196-308_1JMX:A:163-281	0.00	9.88	3.00	9.00	0.00	1.60	1.00	2.12	0.00	119.00
gi|526459843|ref|YP_008330420.1|_115-191_1JJU:A:86-165	1.00	3.00	5.00	8.00	0.00	2.40	1.80	2.50	0.00	80.00
gi|526459843|ref|YP_008330420.1|_313-394_1JMX:A:282-363	0.00	6.62	0.00	0.00	0.00	1.38	1.29	1.80	0.00	82.00
gi|526459843|ref|YP_008330420.1|_29-108_1JMX:A:2-85	1.00	2.33	3.00	12.67	0.00	1.88	1.00	2.50	0.00	84.00
gi|526459844|ref|YP_008330421.1|_85-408_1TV8:A:	1.00	4.91	3.00	10.50	0.00	1.97	1.65	2.10	0.00	327.00
gi|526459846|ref|YP_008330423.1|_34-363_1JMX:B:	1.00	5.79	6.00	0.00	0.00	2.05	1.86	2.67	0.00	346.00
gi|526459847|ref|YP_008330424.1|_6-315_2HYD:A:1-323	0.00	0.00	3.00	18.40	5.00	1.44	1.20	1.67	0.00	323.00
gi|526459847|ref|YP_008330424.1|_317-541_2HYD:A:324-578	1.00	5.50	3.00	8.00	0.00	1.72	1.38	2.44	0.00	255.00
gi|526459848|ref|YP_008330425.1|_3-143_1DBI:A:	1.00	4.90	3.00	9.38	0.00	2.50	1.75	2.29	0.00	280.00
gi|526459849|ref|YP_008330426.1|_3-167,254-343_1DXL:A:153-275	1.00	4.38	0.00	10.00	0.00	1.64	2.17	1.75	0.00	123.00
gi|526459850|ref|YP_008330427.1|_450-608_1W25:A:294-455	1.00	4.43	3.00	14.60	0.00	1.67	1.44	1.67	0.00	161.00
gi|526459851|ref|YP_008330428.1|_1-234_1VZW:A:2-240	1.00	5.10	3.00	8.09	0.00	2.80	1.55	1.70	0.00	239.00
gi|526459852|ref|YP_008330429.1|_2-280_1VL0:A:	1.00	4.25	3.00	10.73	0.00	2.34	1.42	1.73	0.00	291.00
gi|526459855|ref|YP_008330432.1|_84-187_1DKR:A:167-316	0.00	4.22	4.00	10.25	0.00	2.40	1.67	1.83	0.00	150.00
gi|526459857|ref|YP_008330434.1|_2-205_1N0U:A:3-343	1.00	5.56	3.40	10.00	0.00	2.53	1.38	2.07	0.00	341.00
gi|526459857|ref|YP_008330434.1|_165-289_2BV3:A:283-403	1.00	5.00	0.00	0.00	0.00	1.80	1.33	2.33	0.00	121.00
gi|526459857|ref|YP_008330434.1|_400-494_2BV3:A:600-688	0.00	10.50	3.00	7.33	0.00	1.60	0.00	2.75	0.00	89.00
gi|526459857|ref|YP_008330434.1|_292-371_1FNM:A:404-482	0.00	4.20	0.00	14.00	0.00	2.25	2.00	3.00	0.00	79.00
gi|526459859|ref|YP_008330436.1|_440-460,499-748_2B8E:A:416-434,A:548-663	1.00	4.33	0.00	7.83	5.00	1.94	1.67	1.80	1.00	135.00
gi|526459859|ref|YP_008330436.1|_245-342_1SU4:A:125-239	1.00	3.78	3.00	0.00	0.00	1.62	1.70	2.71	0.00	115.00
gi|526459859|ref|YP_008330436.1|_3-73_1Q8L:A:	0.00	5.25	0.00	9.00	0.00	1.38	2.25	2.43	0.00	83.00
gi|526459859|ref|YP_008330436.1|_770-838_1K0V:A:	0.00	3.75	0.00	11.00	0.00	2.33	1.00	2.40	0.00	72.00
gi|526459859|ref|YP_008330436.1|_212-246,343-436,690-760_1SU4:A:1-124,A:240-343,A:751-994	1.00	2.00	3.25	16.11	0.00	2.41	1.70	1.91	1.00	472.00
gi|526459860|ref|YP_008330437.1|_224-335_1OAP:A:	0.00	4.50	3.00	13.00	0.00	1.85	1.50	2.00	0.00	108.00
gi|526459860|ref|YP_008330437.1|_35-176_1G90:A:	1.00	11.38	0.00	0.00	0.00	3.33	2.00	2.60	0.00	176.00
gi|526459860|ref|YP_008330437.1|_193-232_1UX6:A:813-936	1.00	0.00	3.00	4.00	0.00	1.46	2.20	2.33	0.00	124.00
gi|526459862|ref|YP_008330439.1|_67-376_3PRN:A:	1.00	9.62	3.00	4.00	0.00	1.76	1.33	2.44	0.00	289.00
gi|526459863|ref|YP_008330440.1|_2-236_2C5S:A:174-391	1.00	5.33	3.00	10.33	0.00	2.67	1.56	2.33	0.00	218.00
gi|526459864|ref|YP_008330441.1|_1-242_1GPM:A:208-404	0.00	5.00	3.00	11.12	0.00	3.53	1.60	2.38	0.00	197.00
gi|526459866|ref|YP_008330443.1|_67-341_1PV9:A:125-345	1.00	3.92	4.00	18.00	0.00	1.56	1.75	2.10	0.00	221.00
gi|526459866|ref|YP_008330443.1|_4-100_1PV9:A:8-124	1.00	4.67	3.00	7.17	0.00	1.73	1.43	1.86	0.00	117.00
gi|526459868|ref|YP_008330445.1|_59-359_2IMR:A:91-398	1.00	4.75	3.00	8.94	0.00	1.85	1.24	1.59	0.00	308.00
gi|526459868|ref|YP_008330445.1|_5-73_1UN7:A:3-57,A:359-394	1.00	6.29	0.00	0.00	0.00	1.83	1.83	1.83	1.00	89.00
gi|526459869|ref|YP_008330446.1|_50-154,183-243_1TG6:A:1-193	1.00	4.86	0.00	12.00	0.00	2.25	1.60	1.67	0.00	193.00
gi|526459876|ref|YP_008330453.1|_37-182_1OUV:A:	0.00	0.00	0.00	12.47	0.00	2.33	2.71	1.60	0.00	272.00
gi|526459878|ref|YP_008330455.1|_158-397_1G99:A:198-398	1.00	5.00	3.00	10.75	0.00	1.48	1.69	1.80	0.00	201.00
gi|526459878|ref|YP_008330455.1|_1-197_1G99:A:1-197	0.00	5.88	3.67	10.17	0.00	1.55	1.33	2.18	0.00	197.00
gi|526459879|ref|YP_008330456.1|_2-330_1QZT:A:	1.00	4.82	3.00	11.62	0.00	1.50	1.52	1.83	0.00	332.00
gi|526459880|ref|YP_008330457.1|_158-394_1G99:A:198-398	1.00	5.00	3.00	10.75	0.00	1.48	1.69	1.80	0.00	201.00
gi|526459880|ref|YP_008330457.1|_1-196_1G99:A:1-197	0.00	5.88	3.67	10.17	0.00	1.55	1.33	2.18	0.00	197.00
gi|526459881|ref|YP_008330458.1|_7-220_2QFI:A:5-208	1.00	0.00	3.57	5.86	0.00	2.43	2.25	2.71	0.00	204.00
gi|526459884|ref|YP_008330461.1|_9-131_1O5L:A:1-129	1.00	5.12	5.00	18.00	0.00	1.21	1.88	2.00	0.00	129.00
gi|526459884|ref|YP_008330461.1|_149-268_2YZI:A:4-135	1.00	4.83	3.00	9.50	0.00	1.71	1.00	1.82	0.00	132.00
gi|526459890|ref|YP_008330467.1|_150-271_2EF7:A:1-127	1.00	4.43	3.00	10.50	0.00	1.67	1.00	1.60	0.00	127.00
gi|526459890|ref|YP_008330467.1|_4-129_1CX4:A:130-265	0.00	5.62	3.00	11.50	0.00	2.00	1.50	2.00	0.00	136.00
gi|526459894|ref|YP_008330471.1|_379-516_2C2A:A:321-481	0.00	6.71	3.00	15.00	0.00	2.92	1.50	1.90	0.00	161.00
gi|526459894|ref|YP_008330471.1|_298-371_2C2A:A:232-320	0.00	0.00	3.00	24.00	0.00	2.33	0.00	1.75	0.00	89.00
gi|526459895|ref|YP_008330472.1|_13-162_2A9S:A:1-167	0.00	6.80	3.00	12.00	0.00	1.71	1.64	1.78	0.00	167.00
gi|526459897|ref|YP_008330474.1|_1-202,391-645_1FFY:A:1-200,A:395-644	1.00	3.32	3.33	11.06	0.00	1.96	1.45	2.12	1.00	450.00
gi|526459897|ref|YP_008330474.1|_207-393_1FFY:A:201-394	1.00	6.00	3.00	5.00	0.00	2.96	1.94	2.50	0.00	194.00
gi|526459897|ref|YP_008330474.1|_650-909_1FFY:A:645-917	0.00	3.88	3.00	12.00	6.00	1.81	1.44	2.07	0.00	273.00
gi|526459901|ref|YP_008330478.1|_58-274_1E8C:A:104-337	1.00	5.50	3.00	9.88	0.00	1.74	1.77	2.33	0.00	234.00
gi|526459901|ref|YP_008330478.1|_278-427_1E8C:A:338-497	1.00	4.00	3.00	10.80	0.00	1.48	1.33	1.60	0.00	157.00
gi|526459904|ref|YP_008330481.1|_1-333_1LQA:A:	1.00	4.80	4.00	11.91	0.00	1.78	1.53	2.05	0.00	346.00
gi|526459906|ref|YP_008330483.1|_341-373,492-720_1QU7:A:	0.00	0.00	3.00	34.50	0.00	1.50	1.00	1.71	0.00	226.00
gi|526459906|ref|YP_008330483.1|_55-182_1OJG:A:	0.00	7.00	3.00	8.60	0.00	1.67	1.67	2.43	0.00	136.00
gi|526459908|ref|YP_008330485.1|_245-277,394-616_1QU7:A:	0.00	0.00	3.00	34.50	0.00	1.50	1.00	1.71	0.00	226.00
gi|526459912|ref|YP_008330489.1|_149-283_1FYV:A:	0.00	4.60	3.00	7.71	0.00	2.25	1.50	2.00	0.00	161.00
gi|526459913|ref|YP_008330490.1|_2-120_1S5U:A:	1.00	8.67	3.00	10.00	0.00	1.64	1.67	2.33	0.00	129.00
gi|526459914|ref|YP_008330491.1|_24-151_1BYR:A:	1.00	5.25	0.00	11.40	0.00	1.85	1.44	2.00	0.00	152.00
gi|526459918|ref|YP_008330495.1|_4-171_1WU2:A:6-180	1.12	3.92	3.33	10.00	0.00	1.57	1.89	2.15	0.00	175.00
gi|526459918|ref|YP_008330495.1|_174-320_1T3E:A:499-653	1.00	4.67	0.00	10.00	0.00	1.88	1.22	2.00	0.00	155.00
gi|526459918|ref|YP_008330495.1|_325-404_1WU2:A:325-396	0.00	4.86	0.00	4.00	0.00	1.58	1.50	1.80	0.00	72.00
gi|526459926|ref|YP_008330503.1|_16-219_1F3O:A:	0.00	6.00	3.00	11.14	0.00	1.59	1.47	2.21	0.00	232.00
gi|526459928|ref|YP_008330505.1|_3-186_1GKY:A:	1.00	4.56	3.00	11.43	0.00	1.58	1.38	2.00	0.00	186.00
gi|526459929|ref|YP_008330506.1|_304-539_2BAS:A:2-262	1.00	6.33	3.00	10.50	0.00	1.95	1.70	2.50	0.00	261.00
gi|526459929|ref|YP_008330506.1|_9-128_1KGS:A:2-123	0.00	4.80	0.00	11.00	0.00	2.09	1.67	1.67	0.00	122.00
gi|526459929|ref|YP_008330506.1|_141-262_1W25:A:294-455	1.00	4.43	3.00	14.60	0.00	1.67	1.44	1.67	0.00	161.00
gi|526459930|ref|YP_008330507.1|_512-531,596-807_2B8E:A:416-434,A:548-663	1.00	4.33	0.00	7.83	5.00	1.94	1.67	1.80	1.00	135.00
gi|526459930|ref|YP_008330507.1|_306-402_1SU4:A:125-239	1.00	3.78	3.00	0.00	0.00	1.62	1.70	2.71	0.00	115.00
gi|526459930|ref|YP_008330507.1|_268-307,404-507,756-789_1SU4:A:1-124,A:240-343,A:751-994	1.00	2.00	3.25	16.11	0.00	2.41	1.70	1.91	1.00	472.00
gi|526459930|ref|YP_008330507.1|_84-156_1OQ3:A:	0.00	5.75	3.00	10.50	0.00	1.50	1.00	1.67	0.00	75.00
gi|526459933|ref|YP_008330510.1|_4-195_1B0U:A:	0.00	5.42	3.00	10.20	0.00	1.79	1.25	2.00	0.00	261.00
gi|526459934|ref|YP_008330511.1|_3-308_1HRK:A:	1.00	6.00	3.75	11.92	9.00	1.76	1.70	1.89	0.00	359.00
gi|526459935|ref|YP_008330512.1|_6-174_1XZP:A:212-371	1.00	6.17	3.00	8.67	0.00	2.40	1.60	1.50	0.00	160.00
gi|526459939|ref|YP_008330516.1|_3-256_1L7V:A:	1.00	0.00	3.00	17.07	0.00	2.00	2.00	2.08	0.00	324.00
gi|526459940|ref|YP_008330517.1|_143-209_1KL9:A:3-88	0.00	7.20	3.00	0.00	0.00	3.83	3.00	3.00	0.00	86.00
gi|526459942|ref|YP_008330519.1|_25-240_1OUV:A:	0.00	0.00	0.00	12.47	0.00	2.33	2.71	1.60	0.00	272.00
gi|526459945|ref|YP_008330522.1|_3-415,495-670_1QHH:A:,B:,C:,D:	1.00	5.00	3.42	11.35	0.00	1.81	1.43	2.12	1.00	623.00
gi|526459947|ref|YP_008330524.1|_2-194,342-582_1GAX:A:1-189,A:343-578	1.00	3.16	3.00	11.46	0.00	2.22	1.43	2.48	1.00	425.00
gi|526459947|ref|YP_008330524.1|_193-343_1GAX:A:190-342	1.20	4.12	3.00	10.00	0.00	1.87	2.09	2.20	0.00	153.00
gi|526459947|ref|YP_008330524.1|_584-819_1IVS:A:579-796	1.00	4.25	3.00	14.11	0.00	2.44	1.56	2.29	0.00	218.00
gi|526459947|ref|YP_008330524.1|_831-895_1IVS:A:797-862	0.00	0.00	0.00	18.33	0.00	1.33	1.00	1.67	0.00	66.00
gi|526459952|ref|YP_008330529.1|_5-383_1PV7:A:	0.00	0.00	4.00	15.09	0.00	1.72	1.67	1.86	0.00	417.00
gi|526459953|ref|YP_008330530.1|_1-195_1K7K:A:	1.00	6.71	3.00	11.80	0.00	3.00	1.67	2.40	0.00	220.00
gi|526459957|ref|YP_008330534.1|_149-253_2AMF:A:153-256	0.00	0.00	2.00	13.83	0.00	1.40	1.50	1.80	0.00	104.00
gi|526459957|ref|YP_008330534.1|_1-146_2AMF:A:1-152	1.00	4.86	3.00	8.83	0.00	1.50	1.62	1.71	0.00	152.00
gi|526459959|ref|YP_008330536.1|_606-802_1RRE:A:	1.00	5.10	9.00	9.50	0.00	1.41	1.45	2.00	0.00	182.00
gi|526459959|ref|YP_008330536.1|_312-583_1QZM:A:	0.00	3.00	0.00	10.40	0.00	2.11	2.00	2.17	0.00	94.00
gi|526459959|ref|YP_008330536.1|_10-113_2ANE:A:8-117	1.00	9.50	3.00	11.00	0.00	1.50	1.67	2.25	0.00	110.00
gi|526459960|ref|YP_008330537.1|_10-178_2NR9:A:4-192	0.00	0.00	4.00	15.12	0.00	1.92	1.36	2.86	0.00	189.00
gi|526459961|ref|YP_008330538.1|_1-144_1P8A:A:	0.00	3.75	0.00	8.33	0.00	2.11	1.83	1.67	0.00	146.00
gi|526459962|ref|YP_008330539.1|_244-511_1QU7:A:	0.00	0.00	3.00	34.50	0.00	1.50	1.00	1.71	0.00	226.00
gi|526459962|ref|YP_008330539.1|_138-242_1N9L:A:	0.00	8.00	4.00	8.00	0.00	1.64	1.00	1.86	0.00	109.00
gi|526459962|ref|YP_008330539.1|_18-120_1N9L:A:	0.00	8.00	4.00	8.00	0.00	1.64	1.00	1.86	0.00	109.00
gi|526459964|ref|YP_008330541.1|_188-288_1S7B:A:	0.00	0.00	0.00	18.25	0.00	2.00	1.57	1.67	0.00	109.00
gi|526459964|ref|YP_008330541.1|_47-143_1S7B:A:	0.00	0.00	0.00	18.25	0.00	2.00	1.57	1.67	0.00	109.00
gi|526459969|ref|YP_008330546.1|_2-390_1C0N:A:	1.00	4.47	3.17	11.23	0.00	1.66	1.39	2.23	0.00	404.00
gi|526459970|ref|YP_008330547.1|_6-336_1VH4:A:	0.00	8.30	3.00	10.12	0.00	1.92	1.65	1.95	0.00	413.00
gi|526459974|ref|YP_008330551.1|_14-154_1WFZ:A:	1.00	8.00	3.00	12.75	0.00	2.00	1.56	2.25	0.00	129.00
gi|526459974|ref|YP_008330551.1|_244-325_1XHJ:A:	0.00	6.33	0.00	18.00	0.00	2.22	1.43	2.00	0.00	87.00
gi|526459976|ref|YP_008330553.1|_255-410_1W25:A:294-455	1.00	4.43	3.00	14.60	0.00	1.67	1.44	1.67	0.00	161.00
gi|526459977|ref|YP_008330554.1|_16-462_1AOS:A:	0.00	3.17	4.75	13.00	0.00	1.97	2.00	1.82	0.00	443.00
gi|526459978|ref|YP_008330555.1|_18-160_1K0S:A:	0.00	6.30	0.00	7.00	0.00	1.72	1.93	2.29	0.00	151.00
gi|526459978|ref|YP_008330555.1|_180-294_1OXB:B:	0.00	4.80	0.00	10.60	0.00	1.69	1.55	2.00	0.00	124.00
gi|526459981|ref|YP_008330558.1|_10-131,172-218_1II7:A:	1.00	5.47	3.00	9.25	0.00	1.97	1.65	2.15	0.00	333.00
gi|526459982|ref|YP_008330559.1|_3-416_1D9X:A:2-414	1.00	3.71	4.00	10.62	0.00	2.12	1.72	2.30	0.00	413.00
gi|526459982|ref|YP_008330559.1|_35-79,471-590_1D9X:A:415-595	0.00	5.00	3.00	12.40	0.00	2.93	1.21	2.14	0.00	181.00
gi|526459982|ref|YP_008330559.1|_613-656_1E52:A:	0.00	0.00	0.00	12.33	0.00	1.80	1.33	2.00	0.00	56.00
gi|526459983|ref|YP_008330560.1|_3-100,277-378_1F2T:A:,B:	1.00	6.13	4.00	12.57	0.00	1.67	1.43	1.87	1.00	292.00
gi|526459986|ref|YP_008330563.1|_5-207_1ORN:A:	0.00	0.00	3.00	10.58	0.00	2.58	1.36	1.64	0.00	225.00
gi|526459988|ref|YP_008330565.1|_44-658_1NQE:A:	1.00	10.24	3.00	5.25	0.00	2.95	1.88	2.30	0.00	589.00
gi|526459989|ref|YP_008330566.1|_28-715_1KMO:A:	1.00	11.00	3.00	5.50	0.00	1.93	1.86	2.06	0.00	661.00
gi|526459991|ref|YP_008330568.1|_183-456_1QU7:A:	0.00	0.00	3.00	34.50	0.00	1.50	1.00	1.71	0.00	226.00
gi|526459992|ref|YP_008330569.1|_282-341_1MK0:A:	0.00	7.00	0.00	12.67	0.00	2.38	2.00	3.00	0.00	97.00
gi|526459999|ref|YP_008330576.1|_6-176_2ZJR:S:1-175	1.00	4.50	0.00	7.50	0.00	2.31	1.53	2.62	0.00	175.00
gi|526460000|ref|YP_008330577.1|_1-180_1RYB:A:	1.00	5.71	3.00	12.20	0.00	2.88	1.14	2.00	0.00	191.00
gi|526460003|ref|YP_008330580.1|_262-361,401-482_1JWQ:A:	1.00	6.50	3.00	12.00	0.00	1.58	1.45	1.67	0.00	179.00
gi|526460004|ref|YP_008330581.1|_3-289,325-358_1VRD:A:1-85,A:213-457	1.00	3.67	3.00	10.00	0.00	2.66	1.65	2.00	1.00	330.00
gi|526460005|ref|YP_008330582.1|_12-323_1H3F:A:5-347	1.00	5.00	3.20	9.75	0.00	2.66	1.29	1.77	0.00	343.00
gi|526460005|ref|YP_008330582.1|_306-401_1H3F:A:352-432	1.00	3.86	3.00	8.00	0.00	1.40	2.33	2.17	0.00	81.00
gi|526460006|ref|YP_008330583.1|_30-208_1VJ7:A:5-196	1.00	0.00	0.00	11.09	0.00	3.14	1.20	2.00	0.00	192.00
gi|526460006|ref|YP_008330583.1|_210-373_1VJ7:A:197-371	1.00	5.20	3.00	12.33	0.00	3.83	1.75	2.14	0.00	175.00
gi|526460006|ref|YP_008330583.1|_388-457_1WXQ:A:320-395	1.00	5.75	0.00	6.50	0.00	2.67	1.25	2.00	0.00	76.00
gi|526460010|ref|YP_008330587.1|_6-309_1PTM:A:	1.00	4.83	4.33	9.15	0.00	2.03	1.82	1.88	0.00	329.00
gi|526460012|ref|YP_008330589.1|_4-467_1QDL:A:	1.00	6.59	3.75	12.44	0.00	1.83	1.30	2.00	0.00	422.00
gi|526460013|ref|YP_008330590.1|_266-340_1UTA:A:	1.00	4.00	0.00	13.00	0.00	2.40	1.75	2.00	0.00	77.00
gi|526460014|ref|YP_008330591.1|_8-416_1DFO:A:	1.00	3.67	3.25	11.50	0.00	1.67	1.67	2.13	0.00	416.00
gi|526460015|ref|YP_008330592.1|_153-491_1BBU:A:161-502	1.00	5.77	3.50	11.45	0.00	2.20	1.53	2.00	0.00	342.00
gi|526460015|ref|YP_008330592.1|_4-146_1BBU:A:11-154	0.00	10.20	3.00	9.50	0.00	2.23	1.50	2.00	0.00	144.00
gi|526460018|ref|YP_008330595.1|_273-433_1W25:A:294-455	1.00	4.43	3.00	14.60	0.00	1.67	1.44	1.67	0.00	161.00
gi|526460019|ref|YP_008330596.1|_175-385,413-441_1CR1:A:	1.00	6.22	3.00	10.78	0.00	3.28	1.38	1.90	0.00	277.00
gi|526460019|ref|YP_008330596.1|_5-105_1JWE:A:	0.00	0.00	3.00	11.50	0.00	2.71	1.50	1.83	0.00	114.00
gi|526460021|ref|YP_008330598.1|_11-203_1DLJ:A:1-196	0.00	3.70	0.00	9.50	0.00	1.77	1.12	2.38	0.00	196.00
gi|526460021|ref|YP_008330598.1|_200-296_1DLJ:A:197-294	0.00	0.00	0.00	17.25	0.00	2.00	1.83	2.00	0.00	98.00
gi|526460021|ref|YP_008330598.1|_292-397_1DLJ:A:295-402	0.00	3.40	9.00	8.33	0.00	1.82	1.50	1.83	0.00	108.00
gi|526460022|ref|YP_008330599.1|_1-335_1SB8:A:	1.00	3.92	3.50	10.64	0.00	2.38	1.25	1.76	0.00	341.00
gi|526460023|ref|YP_008330600.1|_1-286_1H5R:A:	0.00	5.15	3.00	8.73	0.00	1.52	1.35	1.95	0.00	290.00
gi|526460024|ref|YP_008330601.1|_1-183_1DZR:A:	1.00	6.08	3.00	6.00	0.00	2.14	1.71	2.45	0.00	183.00
gi|526460025|ref|YP_008330602.1|_7-288_1VL0:A:	1.00	4.25	3.00	10.73	0.00	2.34	1.42	1.73	0.00	291.00
gi|526460026|ref|YP_008330603.1|_3-357_1G1A:A:	1.00	3.92	4.00	11.50	0.00	2.15	1.45	2.07	0.00	352.00
gi|526460027|ref|YP_008330604.1|_4-165_1JOP:A:	1.00	5.09	3.00	12.00	0.00	2.42	1.33	3.00	0.00	155.00
gi|526460028|ref|YP_008330605.1|_59-214_2GH1:A:13-293	0.00	5.70	3.00	9.08	0.00	2.00	1.45	2.17	0.00	281.00
gi|526460029|ref|YP_008330606.1|_13-225_1QWJ:A:	1.00	5.20	3.00	8.86	0.00	2.00	1.62	2.08	0.00	228.00
gi|526460030|ref|YP_008330607.1|_2-240_1NVM:A:2-290	1.00	5.12	3.33	10.55	0.00	1.49	1.40	1.86	0.00	289.00
gi|526460031|ref|YP_008330608.1|_7-160_1K1E:A:	0.00	4.88	3.00	8.38	0.00	1.39	1.30	2.10	0.00	177.00
gi|526460033|ref|YP_008330610.1|_66-174_1SSQ:A:	1.00	2.20	0.00	13.38	0.00	1.12	1.89	2.12	0.00	241.00
gi|526460040|ref|YP_008330617.1|_7-360_2F9F:A:2-167	1.00	4.17	3.00	9.57	0.00	1.84	1.27	2.00	0.00	166.00
gi|526460042|ref|YP_008330619.1|_4-233_1QG8:A:	1.00	6.89	3.50	9.25	0.00	2.82	1.38	1.92	0.00	255.00
gi|526460044|ref|YP_008330621.1|_4-226_1QG8:A:	1.00	6.89	3.50	9.25	0.00	2.82	1.38	1.92	0.00	255.00
gi|526460045|ref|YP_008330622.1|_1-282_1UDB:A:	1.00	4.46	4.00	12.36	0.00	1.95	1.71	1.80	0.00	338.00
gi|526460047|ref|YP_008330624.1|_1-109_1NE8:A:	0.00	7.17	3.00	8.00	0.00	1.71	1.44	1.80	0.00	116.00
gi|526460049|ref|YP_008330626.1|_265-525_2B69:A:4-315	1.00	4.15	3.33	13.33	0.00	2.21	1.64	1.75	0.00	312.00
gi|526460049|ref|YP_008330626.1|_116-314_1F3L:A:	1.00	7.33	4.00	9.29	0.00	1.41	1.50	2.00	0.00	321.00
gi|526460051|ref|YP_008330628.1|_34-206_1FVI:A:2-189	1.00	4.30	4.00	11.50	0.00	1.85	1.50	2.29	0.00	188.00
gi|526460051|ref|YP_008330628.1|_180-281_1FVI:A:190-293	0.00	7.20	0.00	6.50	0.00	4.40	1.33	1.75	0.00	104.00
gi|526460052|ref|YP_008330629.1|_19-176_1ORE:A:	0.00	6.56	3.00	9.00	0.00	1.38	1.75	2.00	0.00	179.00
gi|526460055|ref|YP_008330632.1|_148-468_1GYT:A:179-503	0.00	5.15	4.50	10.45	0.00	1.88	1.35	2.10	0.00	325.00
gi|526460055|ref|YP_008330632.1|_31-132_1LAM:A:1-159	1.00	5.00	0.00	11.40	0.00	2.00	2.00	2.20	0.00	159.00
gi|526460056|ref|YP_008330633.1|_110-227_1U07:A:	0.00	8.40	0.00	7.00	0.00	2.00	2.33	1.75	0.00	90.00
gi|526460059|ref|YP_008330636.1|_41-400_1EK9:A:	0.00	9.86	3.00	31.11	0.00	2.00	1.67	1.89	0.00	428.00
gi|526460060|ref|YP_008330637.1|_67-319_1VF7:A:	1.00	3.60	0.00	22.67	0.00	1.48	1.83	1.78	0.00	237.00
gi|526460061|ref|YP_008330638.1|_7-227_1F3O:A:	0.00	6.00	3.00	11.14	0.00	1.59	1.47	2.21	0.00	232.00
gi|526460063|ref|YP_008330640.1|_8-153_1UOH:A:	0.00	0.00	5.00	8.14	0.00	2.19	1.29	1.80	0.00	223.00
gi|526460070|ref|YP_008330647.1|_26-145_1VJX:A:	1.00	0.00	3.00	21.00	0.00	3.20	1.00	1.67	0.00	156.00
gi|526460074|ref|YP_008330651.1|_3-463_1FUR:A:	1.00	3.88	3.00	15.53	5.00	1.67	1.73	1.93	0.00	456.00
gi|526460077|ref|YP_008330654.1|_509-611_2C2A:A:321-481	0.00	6.71	3.00	15.00	0.00	2.92	1.50	1.90	0.00	161.00
gi|526460077|ref|YP_008330654.1|_345-390_2ASX:A:278-331	0.00	0.00	0.00	19.00	0.00	1.75	1.00	2.67	0.00	54.00
gi|526460079|ref|YP_008330656.1|_33-671_1FEP:A:	1.00	10.38	3.40	4.80	0.00	2.84	1.51	2.26	0.00	714.00
gi|526460080|ref|YP_008330657.1|_39-285_2GZS:A:41-305	0.00	7.25	3.50	9.20	0.00	2.59	1.69	2.07	0.00	265.00
gi|526460081|ref|YP_008330658.1|_22-166_1WZN:A:1-251	1.00	7.91	3.25	9.43	0.00	2.15	1.44	2.00	0.00	251.00
gi|526460091|ref|YP_008330668.1|_128-232_2HPU:A:35-160	0.00	5.00	3.33	7.33	0.00	1.47	1.92	1.80	0.00	126.00
gi|526460092|ref|YP_008330669.1|_16-123_1VQV:A:1-137	1.00	7.60	0.00	14.67	0.00	2.31	1.17	1.86	0.00	137.00
gi|526460092|ref|YP_008330669.1|_129-246_1VQV:A:138-300	1.00	4.00	3.00	9.17	0.00	2.14	1.38	2.00	0.00	163.00
gi|526460093|ref|YP_008330670.1|_4-209,239-354_1SZW:A:	1.00	5.93	3.14	11.25	0.00	2.08	1.67	2.14	0.00	341.00
gi|526460095|ref|YP_008330672.1|_348-609_1QU7:A:	0.00	0.00	3.00	34.50	0.00	1.50	1.00	1.71	0.00	226.00
gi|526460097|ref|YP_008330674.1|_131-309_1E4E:A:132-342	1.00	5.40	3.00	11.20	0.00	1.72	1.71	2.33	0.00	211.00
gi|526460097|ref|YP_008330674.1|_1-128_1E4E:A:2-131	1.00	5.86	0.00	10.33	0.00	1.60	1.33	2.33	0.00	130.00
gi|526460098|ref|YP_008330675.1|_13-234_1J1I:A:	1.00	6.25	3.00	9.82	0.00	2.38	1.39	2.09	0.00	268.00
gi|526460099|ref|YP_008330676.1|_156-353_1GG4:A:99-312	1.00	5.44	5.00	9.57	0.00	2.14	1.82	2.00	0.00	214.00
gi|526460099|ref|YP_008330676.1|_356-470_1GG4:A:313-447	0.00	5.17	3.00	11.20	0.00	2.00	1.88	1.71	0.00	135.00
gi|526460100|ref|YP_008330677.1|_1-150_1XQU:A:	1.00	5.00	3.00	10.50	0.00	3.47	1.73	3.00	0.00	146.00
gi|526460107|ref|YP_008330684.1|_3-84_2GY9:S:2-80	1.00	4.33	3.50	4.00	0.00	2.00	1.33	2.40	0.00	79.00
gi|526460115|ref|YP_008330692.1|_4-178_1IQ4:A:	1.00	6.80	3.00	11.20	0.00	1.61	1.69	1.67	0.00	179.00
gi|526460122|ref|YP_008330699.1|_3-407_1RH5:A:	1.00	5.00	3.00	17.79	0.00	2.71	1.70	2.15	0.00	422.00
gi|526460125|ref|YP_008330702.1|_42-220_1UI0:A:	1.00	3.50	3.00	9.00	0.00	2.14	1.27	1.67	0.00	192.00
gi|526460127|ref|YP_008330704.1|_113-293,424-584_1G51:A:105-294,A:415-580	1.10	5.23	3.67	9.25	0.00	2.23	1.65	1.95	1.00	356.00
gi|526460127|ref|YP_008330704.1|_290-419_1C0A:A:288-420	0.00	5.00	4.33	10.60	0.00	1.43	1.00	2.00	0.00	133.00
gi|526460127|ref|YP_008330704.1|_1-106_1C0A:A:1-106	0.00	9.80	3.00	7.00	0.00	1.58	1.67	2.43	0.00	106.00
gi|526460128|ref|YP_008330705.1|_707-855_1K0S:A:	0.00	6.30	0.00	7.00	0.00	1.72	1.93	2.29	0.00	151.00
gi|526460130|ref|YP_008330707.1|_302-362,394-543_1R30:A:	1.00	4.78	3.00	11.27	0.00	2.06	1.60	2.08	0.00	312.00
gi|526460133|ref|YP_008330710.1|_6-164_1T3E:A:499-653	1.00	4.67	0.00	10.00	0.00	1.88	1.22	2.00	0.00	155.00
gi|526460134|ref|YP_008330711.1|_2-210_3CLA:A:	0.00	6.10	3.00	12.00	0.00	2.26	1.50	2.00	0.00	213.00
gi|526460135|ref|YP_008330712.1|_1-137_2AE6:A:1-161	0.00	8.43	3.00	9.50	0.00	3.00	2.00	1.89	0.00	161.00
gi|526460136|ref|YP_008330713.1|_46-204_1UUF:A:3-144,A:313-349	1.00	4.64	3.25	7.00	0.00	1.96	1.62	2.10	1.00	179.00
gi|526460136|ref|YP_008330713.1|_183-345_1UUF:A:145-312	0.00	5.67	3.33	7.88	0.00	2.20	1.33	2.00	0.00	168.00
gi|526460137|ref|YP_008330714.1|_1-373_1VLJ:A:	1.00	5.00	3.67	13.36	0.00	2.42	1.45	1.94	0.00	406.00
gi|526460138|ref|YP_008330715.1|_370-400,518-744_1QU7:A:	0.00	0.00	3.00	34.50	0.00	1.50	1.00	1.71	0.00	226.00
gi|526460138|ref|YP_008330715.1|_112-209_1P0Z:A:	1.00	7.40	3.00	10.75	0.00	1.91	1.43	1.83	0.00	130.00
gi|526460139|ref|YP_008330716.1|_8-229_1BD0:A:12-244	1.00	4.33	4.33	9.78	0.00	1.67	1.62	1.82	0.00	233.00
gi|526460139|ref|YP_008330716.1|_224-338_1BD0:A:2-11,A:245-382	0.00	4.69	3.67	6.50	0.00	1.50	1.36	1.80	1.00	148.00
gi|526460140|ref|YP_008330717.1|_14-103_1MK0:A:	0.00	7.00	0.00	12.67	0.00	2.38	2.00	3.00	0.00	97.00
gi|526460140|ref|YP_008330717.1|_535-613_2CSB:A:465-519	0.00	0.00	0.00	7.00	0.00	1.75	1.00	1.43	0.00	55.00
gi|526460140|ref|YP_008330717.1|_201-240_1E52:A:	0.00	0.00	0.00	12.33	0.00	1.80	1.33	2.00	0.00	56.00
gi|526460141|ref|YP_008330718.1|_374-403,520-737_1QU7:A:	0.00	0.00	3.00	34.50	0.00	1.50	1.00	1.71	0.00	226.00
gi|526460142|ref|YP_008330719.1|_242-269,385-611_1QU7:A:	0.00	0.00	3.00	34.50	0.00	1.50	1.00	1.71	0.00	226.00
gi|526460143|ref|YP_008330720.1|_1-163_1KGS:A:2-123	0.00	4.80	0.00	11.00	0.00	2.09	1.67	1.67	0.00	122.00
gi|526460143|ref|YP_008330720.1|_134-219_1KGS:A:124-225	0.00	3.57	0.00	12.00	0.00	2.71	1.50	2.67	0.00	102.00
gi|526460144|ref|YP_008330721.1|_3-134_1W25:A:2-140	0.00	4.80	0.00	13.40	0.00	1.45	1.70	2.50	0.00	139.00
gi|526460144|ref|YP_008330721.1|_203-345_2C2A:A:321-481	0.00	6.71	3.00	15.00	0.00	2.92	1.50	1.90	0.00	161.00
gi|526460144|ref|YP_008330721.1|_126-196_2C2A:A:232-320	0.00	0.00	3.00	24.00	0.00	2.33	0.00	1.75	0.00	89.00
gi|526460145|ref|YP_008330722.1|_367-531_2C2A:A:321-481	0.00	6.71	3.00	15.00	0.00	2.92	1.50	1.90	0.00	161.00
gi|526460145|ref|YP_008330722.1|_560-708_2AYZ:A:817-949	0.00	5.40	0.00	12.00	0.00	2.15	1.30	1.67	0.00	133.00
gi|526460145|ref|YP_008330722.1|_298-379_2C2A:A:232-320	0.00	0.00	3.00	24.00	0.00	2.33	0.00	1.75	0.00	89.00
gi|526460146|ref|YP_008330723.1|_3-134_2FML:A:3-204	1.00	7.33	3.00	11.50	0.00	2.56	1.78	2.23	0.00	202.00
gi|526460149|ref|YP_008330726.1|_25-380_1QO0:A:	1.00	4.60	5.00	12.42	0.00	1.82	1.35	1.89	0.00	373.00
gi|526460152|ref|YP_008330729.1|_21-260_1G6H:A:	1.00	5.55	3.40	9.44	0.00	1.67	1.19	2.06	0.00	254.00
gi|526460153|ref|YP_008330730.1|_2-222_1JI0:A:	1.00	6.40	3.00	8.40	0.00	1.74	1.50	2.20	0.00	240.00
gi|526460156|ref|YP_008330733.1|_106-213_1E9Y:A:106-238	0.00	3.60	3.50	14.00	0.00	1.65	1.36	2.09	0.00	133.00
gi|526460156|ref|YP_008330733.1|_1-102_4UBP:A:	1.00	8.00	3.00	12.25	0.00	2.00	1.00	2.00	0.00	100.00
gi|526460157|ref|YP_008330734.1|_129-432,481-566_4UBP:C:132-434,C:484-570	1.00	4.33	4.00	9.13	0.00	2.02	1.67	2.07	1.00	390.00
gi|526460157|ref|YP_008330734.1|_2-177_1E9Y:B:1-131,B:432-480	1.00	4.92	2.50	5.00	0.00	1.61	1.82	2.47	1.00	180.00
gi|526460157|ref|YP_008330734.1|_425-477_1E9Y:B:1-131,B:432-480	1.00	4.92	2.50	5.00	0.00	1.61	1.82	2.47	1.00	180.00
gi|526460158|ref|YP_008330735.1|_75-144_1GMU:A:71-138	0.00	5.75	0.00	10.50	0.00	2.14	1.00	2.33	0.00	68.00
gi|526460158|ref|YP_008330735.1|_6-69_1EAR:A:1-74	0.00	4.71	4.00	0.00	0.00	1.50	1.33	2.00	0.00	74.00
gi|526460160|ref|YP_008330737.1|_3-193_2QM8:A:5-327	1.00	5.29	3.25	13.33	0.00	2.21	1.62	2.00	0.00	326.00
gi|526460161|ref|YP_008330738.1|_298-497_1IWG:A:7-37,A:331-498	0.00	0.00	3.00	18.12	0.00	2.22	1.14	2.56	1.00	199.00
gi|526460161|ref|YP_008330738.1|_829-1024_1IWG:A:513-566,A:869-1036	1.00	0.00	3.00	14.36	0.00	1.54	2.71	2.00	1.00	222.00
gi|526460161|ref|YP_008330738.1|_137-183,276-332_1IWG:A:135-181,A:274-330	0.00	6.00	3.00	5.25	0.00	1.82	1.50	2.33	1.00	104.00
gi|526460161|ref|YP_008330738.1|_672-719,806-855_1IWG:A:674-724,A:813-859	0.00	5.00	0.00	14.50	0.00	2.10	1.71	2.00	1.00	98.00
gi|526460161|ref|YP_008330738.1|_41-130_1IWG:A:38-134	0.00	6.50	3.00	6.00	0.00	1.82	1.17	2.00	0.00	97.00
gi|526460161|ref|YP_008330738.1|_184-273_1IWG:A:182-273	0.00	4.50	0.00	6.25	0.00	3.12	1.25	2.00	0.00	92.00
gi|526460161|ref|YP_008330738.1|_563-669_1IWG:A:567-673	0.00	6.40	3.00	15.50	0.00	1.67	1.56	3.50	0.00	107.00
gi|526460161|ref|YP_008330738.1|_720-803_1IWG:A:725-812	0.00	5.00	3.33	9.50	0.00	2.00	2.00	1.50	0.00	88.00
gi|526460162|ref|YP_008330739.1|_51-270_1VF7:A:	1.00	3.60	0.00	22.67	0.00	1.48	1.83	1.78	0.00	237.00
gi|526460163|ref|YP_008330740.1|_5-406_1EK9:A:	0.00	9.86	3.00	31.11	0.00	2.00	1.67	1.89	0.00	428.00
gi|526460164|ref|YP_008330741.1|_23-157_2A61:A:5-143	1.00	7.50	0.00	14.71	0.00	1.43	1.00	1.50	0.00	139.00
gi|526460173|ref|YP_008330750.1|_10-173_1QWD:A:	1.00	6.73	3.00	8.50	0.00	2.05	1.88	2.30	0.00	176.00
gi|526460174|ref|YP_008330751.1|_25-251_1TV8:A:	1.00	4.91	3.00	10.50	0.00	1.97	1.65	2.10	0.00	327.00
gi|526460174|ref|YP_008330751.1|_291-370_2DUY:A:11-75	0.00	2.00	4.00	6.67	0.00	2.00	1.25	2.00	0.00	65.00
gi|526460176|ref|YP_008330753.1|_38-275_1S9I:A:	1.00	5.86	3.00	9.50	0.00	3.83	1.57	1.91	0.00	334.00
gi|526460178|ref|YP_008330755.1|_114-346_2BAS:A:2-262	1.00	6.33	3.00	10.50	0.00	1.95	1.70	2.50	0.00	261.00
gi|526460181|ref|YP_008330758.1|_1-312,433-457_2IVD:A:10-306,A:415-464	1.20	4.07	3.33	9.13	0.00	2.16	1.67	1.86	1.00	347.00
gi|526460182|ref|YP_008330759.1|_200-444_1DNP:A:201-469	0.00	0.00	4.20	10.50	0.00	1.92	1.33	1.74	0.00	269.00
gi|526460182|ref|YP_008330759.1|_4-165_1OWL:A:3-204	0.00	5.40	3.00	11.14	0.00	2.35	1.57	1.67	0.00	202.00
gi|526460185|ref|YP_008330762.1|_3-162_1JOP:A:	1.00	5.09	3.00	12.00	0.00	2.42	1.33	3.00	0.00	155.00
gi|526460186|ref|YP_008330763.1|_51-408_1C7Q:A:	1.00	5.90	3.14	11.56	0.00	1.50	1.48	2.04	0.00	442.00
gi|526460187|ref|YP_008330764.1|_4-272_1H5R:A:	0.00	5.15	3.00	8.73	0.00	1.52	1.35	1.95	0.00	290.00
gi|526460188|ref|YP_008330765.1|_3-180_1K2Y:X:5-154	1.00	5.14	3.00	12.75	0.00	1.93	1.60	1.80	0.00	150.00
gi|526460188|ref|YP_008330765.1|_156-258_1K2Y:X:155-258	0.00	4.40	4.00	9.33	0.00	1.50	1.22	1.75	0.00	104.00
gi|526460188|ref|YP_008330765.1|_363-455_1K2Y:X:368-463	0.00	4.83	0.00	14.50	0.00	2.50	2.75	2.33	0.00	96.00
gi|526460188|ref|YP_008330765.1|_266-350_1K2Y:X:259-367	1.00	4.00	0.00	10.80	0.00	1.00	1.33	1.62	0.00	109.00
gi|526460189|ref|YP_008330766.1|_237-464_1QU7:A:	0.00	0.00	3.00	34.50	0.00	1.50	1.00	1.71	0.00	226.00
gi|526460190|ref|YP_008330767.1|_12-101_1G28:A:	1.00	7.20	4.00	8.00	0.00	1.36	1.60	2.00	0.00	104.00
gi|526460192|ref|YP_008330769.1|_1-87_1IXC:A:1-89	1.00	0.00	0.00	16.25	0.00	2.67	1.50	1.00	0.00	89.00
gi|526460192|ref|YP_008330769.1|_87-263_1I6A:A:	1.00	5.17	3.50	12.25	0.00	1.17	1.40	2.38	0.00	212.00
gi|526460193|ref|YP_008330770.1|_11-259_1VC4:A:	1.00	5.00	3.00	8.33	0.00	2.26	1.29	2.00	0.00	254.00
gi|526460194|ref|YP_008330771.1|_117-242_2FBN:A:22-174	0.00	0.00	3.00	16.71	0.00	1.50	1.00	2.14	0.00	153.00
gi|526460196|ref|YP_008330773.1|_3-181_1DUS:A:	0.00	7.00	3.00	11.20	0.00	1.94	1.08	2.15	0.00	194.00
gi|526460198|ref|YP_008330775.1|_6-260_1YBH:A:86-280	0.00	4.12	3.00	8.56	0.00	2.16	2.00	2.25	0.00	195.00
gi|526460198|ref|YP_008330775.1|_267-374_1UMD:B:188-324	0.00	5.00	3.00	10.80	0.00	1.87	1.43	1.80	0.00	137.00
gi|526460200|ref|YP_008330777.1|_9-186_1B0P:A:416-668	1.00	6.50	3.75	9.89	0.00	1.97	1.33	2.09	0.00	253.00
gi|526460201|ref|YP_008330778.1|_82-269_1J54:A:	0.00	5.33	3.00	9.57	0.00	2.12	1.42	1.91	0.00	174.00
gi|526460202|ref|YP_008330779.1|_1-194_1NSJ:A:	1.00	4.50	3.75	9.43	0.00	1.70	1.59	1.70	0.00	205.00
gi|526460203|ref|YP_008330780.1|_1-212_1RPX:A:	1.00	5.12	3.40	9.00	0.00	1.71	1.62	2.14	0.00	230.00
gi|526460204|ref|YP_008330781.1|_92-335_1QD6:A:,C:	1.00	11.23	3.67	5.50	0.00	1.80	1.25	2.36	1.00	253.00
gi|526460208|ref|YP_008330785.1|_7-246_1JAY:A:	0.00	4.36	3.00	9.10	0.00	1.80	1.27	1.82	0.00	212.00
gi|526460210|ref|YP_008330787.1|_2-139_1VDM:A:1-153	1.33	4.89	0.00	13.00	0.00	2.17	1.44	2.33	0.00	153.00
gi|526460213|ref|YP_008330790.1|_5-224_1CT5:A:	1.00	5.00	3.00	11.33	0.00	2.83	1.36	1.89	0.00	244.00
gi|526460219|ref|YP_008330796.1|_10-175_1KN0:A:	1.00	10.00	3.00	12.00	0.00	1.68	1.43	2.18	0.00	184.00
gi|526460225|ref|YP_008330802.1|_13-225_2AR0:A:6-529	1.00	5.45	3.00	10.42	0.00	3.20	1.44	1.93	0.00	524.00
gi|526460229|ref|YP_008330806.1|_81-246_2F6S:A:1-177	1.00	2.00	3.50	12.38	0.00	1.38	1.55	2.30	0.00	177.00
gi|526460229|ref|YP_008330806.1|_262-310_1ULY:A:	1.00	6.25	4.00	14.50	0.00	1.67	1.43	1.75	0.00	190.00
gi|526460231|ref|YP_008330808.1|_76-285,316-391_2P6R:A:203-403	1.00	4.40	3.00	9.86	0.00	1.70	1.60	2.27	0.00	201.00
gi|526460232|ref|YP_008330809.1|_12-82_1B0N:A:1-68	0.00	0.00	0.00	8.40	0.00	2.12	1.00	1.60	0.00	68.00
gi|526460236|ref|YP_008330813.1|_107-303_2G03:A:11-187	0.00	2.00	3.33	12.38	0.00	1.60	1.55	2.11	0.00	177.00
gi|526460237|ref|YP_008330814.1|_2-45_1UTX:A:	0.00	3.00	0.00	7.40	0.00	1.86	1.00	1.75	0.00	66.00
gi|526460239|ref|YP_008330816.1|_118-370_1AIH:A:	1.00	4.00	6.00	8.00	0.00	2.69	2.00	2.08	0.00	170.00
gi|526460240|ref|YP_008330817.1|_83-187_1OBZ:A:111-194	0.00	5.50	0.00	7.00	0.00	1.56	1.50	1.88	0.00	82.00
gi|526460243|ref|YP_008330820.1|_1-291_1O5K:A:	0.00	4.10	3.00	11.67	0.00	2.56	1.67	1.75	0.00	305.00
gi|526460244|ref|YP_008330821.1|_4-213_1BE3:A:1-233	1.00	4.57	3.33	10.22	0.00	2.29	1.20	2.00	0.00	233.00
gi|526460244|ref|YP_008330821.1|_236-416_1HR6:B:246-462	1.00	7.17	3.00	11.75	0.00	1.86	1.80	2.11	0.00	217.00
gi|526460245|ref|YP_008330822.1|_4-350_1F76:A:	1.00	4.23	3.80	11.45	0.00	2.13	1.38	2.00	0.00	336.00
gi|526460246|ref|YP_008330823.1|_332-564_2HYD:A:324-578	1.00	5.50	3.00	8.00	0.00	1.72	1.38	2.44	0.00	255.00
gi|526460246|ref|YP_008330823.1|_6-318_1PF4:A:10-320	0.00	0.00	4.22	9.62	0.00	6.08	1.45	2.07	0.00	310.00
gi|526460248|ref|YP_008330825.1|_16-26,58-201,237-272,305-335_1ZWX:A:41-333	1.00	5.93	4.00	11.40	0.00	2.24	1.24	2.06	0.00	293.00
gi|526460249|ref|YP_008330826.1|_3-130_1MZB:A:	1.00	4.20	0.00	11.00	0.00	3.00	2.50	2.20	0.00	134.00
gi|526460251|ref|YP_008330828.1|_2-133_2CWZ:A:1-138	0.00	9.29	3.00	16.00	0.00	1.90	1.00	2.25	0.00	138.00
gi|526460254|ref|YP_008330831.1|_2-186_1XKL:A:	1.00	5.12	3.25	9.10	0.00	1.96	1.27	2.24	0.00	258.00
gi|526460256|ref|YP_008330833.1|_96-303_1FTS:A:285-495	0.00	4.62	3.00	12.29	0.00	2.10	1.43	2.25	0.00	211.00
gi|526460258|ref|YP_008330835.1|_5-177_1SOU:A:	1.00	3.90	3.00	9.60	0.00	2.07	1.70	2.00	0.00	193.00
gi|526460260|ref|YP_008330837.1|_8-194_2IFT:A:11-193	0.00	6.00	0.00	10.00	0.00	2.11	1.75	2.27	0.00	183.00
gi|526460261|ref|YP_008330838.1|_58-244_3DHW:A:6-208	0.00	0.00	10.00	15.89	0.00	1.64	1.86	2.11	0.00	203.00
gi|526460262|ref|YP_008330839.1|_2-255_1JTV:A:	1.00	5.71	3.00	12.64	0.00	1.96	1.13	1.50	0.00	285.00
gi|526460264|ref|YP_008330841.1|_9-46,84-515_2OKC:A:9-433	1.00	6.22	3.33	11.00	0.00	2.49	1.62	1.88	0.00	425.00
gi|526460265|ref|YP_008330842.1|_248-291_2G03:A:11-187	0.00	2.00	3.33	12.38	0.00	1.60	1.55	2.11	0.00	177.00
gi|526460267|ref|YP_008330844.1|_226-412_1WP9:A:1-200	1.00	4.29	3.00	10.38	0.00	1.33	1.17	2.00	0.00	200.00
gi|526460267|ref|YP_008330844.1|_258-313,576-675_1D9X:A:415-595	0.00	5.00	3.00	12.40	0.00	2.93	1.21	2.14	0.00	181.00
gi|526460268|ref|YP_008330845.1|_88-174_1H32:A:151-261	1.00	2.60	3.00	9.75	0.00	2.10	1.00	2.50	0.00	111.00
gi|526460268|ref|YP_008330845.1|_191-287_1CNO:A:	1.00	0.00	3.00	8.80	0.00	1.70	1.20	1.88	0.00	86.00
gi|526460269|ref|YP_008330846.1|_47-181_1P0Z:A:	1.00	7.40	3.00	10.75	0.00	1.91	1.43	1.83	0.00	130.00
gi|526460270|ref|YP_008330847.1|_1-176_1KGS:A:2-123	0.00	4.80	0.00	11.00	0.00	2.09	1.67	1.67	0.00	122.00
gi|526460271|ref|YP_008330848.1|_237-377_2C2A:A:321-481	0.00	6.71	3.00	15.00	0.00	2.92	1.50	1.90	0.00	161.00
gi|526460271|ref|YP_008330848.1|_158-229_2C2A:A:232-320	0.00	0.00	3.00	24.00	0.00	2.33	0.00	1.75	0.00	89.00
gi|526460272|ref|YP_008330849.1|_106-268_1O4U:A:104-273	0.00	4.43	3.50	10.00	0.00	2.53	1.50	1.90	0.00	170.00
gi|526460272|ref|YP_008330849.1|_4-103_1O4U:A:1-103	0.00	5.40	3.00	15.00	0.00	1.40	1.00	2.25	0.00	103.00
gi|526460273|ref|YP_008330850.1|_211-365_1W25:A:294-455	1.00	4.43	3.00	14.60	0.00	1.67	1.44	1.67	0.00	161.00
gi|526460274|ref|YP_008330851.1|_1-146_1NG6:A:	0.00	0.00	3.00	15.71	0.00	2.12	1.25	2.00	0.00	148.00
gi|526460275|ref|YP_008330852.1|_4-234_1OXS:C:1-242	0.00	6.00	3.00	9.88	0.00	1.35	1.22	2.00	0.00	242.00
gi|526460275|ref|YP_008330852.1|_329-538_1Q12:A:4-235	1.00	4.27	3.00	9.57	0.00	1.60	1.25	2.50	0.00	232.00
gi|526460278|ref|YP_008330855.1|_5-231_1M33:A:	1.00	5.43	4.00	11.50	0.00	1.96	1.24	1.89	0.00	256.00
gi|526460280|ref|YP_008330857.1|_32-130,184-278_2I3C:A:9-310	1.00	5.50	3.25	11.33	0.00	1.57	1.43	2.21	0.00	302.00
gi|526460281|ref|YP_008330858.1|_3-115_1QD9:A:	1.00	5.50	3.00	14.50	0.00	1.59	1.30	2.00	0.00	124.00
gi|526460285|ref|YP_008330862.1|_10-109_1Y3T:A:5-334	1.00	4.89	3.00	5.50	0.00	1.67	1.64	1.95	0.00	330.00
gi|526460286|ref|YP_008330863.1|_3-88_2A6S:A:1-83	0.00	4.40	3.00	13.50	0.00	1.33	2.20	2.00	0.00	83.00
gi|526460287|ref|YP_008330864.1|_3-80_2A6Q:A:10-92	0.00	4.00	0.00	11.75	0.00	2.20	1.00	1.50	0.00	83.00
gi|526460290|ref|YP_008330867.1|_3-213,329-394_1CHU:A:2-237,A:354-422	1.00	4.17	3.00	13.00	0.00	3.63	1.44	2.25	1.00	305.00
gi|526460290|ref|YP_008330867.1|_216-330_1CHU:A:238-353	1.00	6.25	3.00	8.50	0.00	1.17	1.14	2.00	0.00	116.00
gi|526460290|ref|YP_008330867.1|_413-479_2BS2:A:458-655	1.00	4.00	3.00	17.00	0.00	1.81	1.82	2.12	0.00	198.00
gi|526460294|ref|YP_008330871.1|_1-387_1J32:A:	1.00	4.00	3.20	11.57	0.00	2.02	1.36	2.12	0.00	388.00
gi|526460295|ref|YP_008330872.1|_4-203_2QFI:A:5-208	1.00	0.00	3.57	5.86	0.00	2.43	2.25	2.71	0.00	204.00
gi|526460295|ref|YP_008330872.1|_205-286_2QFI:A:209-290	1.00	0.00	3.00	9.50	0.00	2.23	1.56	2.17	0.00	82.00
gi|526460299|ref|YP_008330876.1|_4-275_2B78:A:69-385	1.00	6.07	3.33	9.80	0.00	2.42	1.54	1.86	0.00	317.00
gi|526460300|ref|YP_008330877.1|_5-406_1PW4:A:	1.00	0.00	5.00	17.67	0.00	2.95	1.44	1.68	0.00	450.00
gi|526460305|ref|YP_008330882.1|_5-211_1OXS:C:1-242	0.00	6.00	3.00	9.88	0.00	1.35	1.22	2.00	0.00	242.00
gi|526460308|ref|YP_008330885.1|_1-88_1Z8M:A:1-88	1.00	4.75	3.00	11.00	0.00	1.73	1.25	2.50	0.00	88.00
gi|526460313|ref|YP_008330890.1|_40-157_2IF6:A:19-200	1.00	5.12	3.00	9.00	0.00	2.22	1.88	1.75	0.00	182.00
gi|526460315|ref|YP_008330892.1|_25-82,139-444_1KSF:X:168-436	0.00	5.00	3.00	11.30	5.00	2.32	2.11	2.27	0.00	269.00
gi|526460317|ref|YP_008330894.1|_609-905_1MT0:A:	1.00	5.80	3.33	7.20	0.00	1.60	1.25	2.10	0.00	241.00
gi|526460317|ref|YP_008330894.1|_12-205,437-565_1F3O:A:	0.00	6.00	3.00	11.14	0.00	1.59	1.47	2.21	0.00	232.00
gi|526460319|ref|YP_008330896.1|_15-106_1G28:A:	1.00	7.20	4.00	8.00	0.00	1.36	1.60	2.00	0.00	104.00
gi|526460320|ref|YP_008330897.1|_463-690_2BAS:A:2-262	1.00	6.33	3.00	10.50	0.00	1.95	1.70	2.50	0.00	261.00
gi|526460320|ref|YP_008330897.1|_297-444_1W25:A:294-455	1.00	4.43	3.00	14.60	0.00	1.67	1.44	1.67	0.00	161.00
gi|526460320|ref|YP_008330897.1|_182-279_1N9L:A:	0.00	8.00	4.00	8.00	0.00	1.64	1.00	1.86	0.00	109.00
gi|526460320|ref|YP_008330897.1|_3-111_2VEA:A:4-130	1.00	6.17	0.00	7.00	0.00	2.91	1.38	2.78	0.00	127.00
gi|526460321|ref|YP_008330898.1|_15-105_1N9L:A:	0.00	8.00	4.00	8.00	0.00	1.64	1.00	1.86	0.00	109.00
gi|526460322|ref|YP_008330899.1|_144-168,234-461_1QU7:A:	0.00	0.00	3.00	34.50	0.00	1.50	1.00	1.71	0.00	226.00
gi|526460323|ref|YP_008330900.1|_15-83_1Y7Y:A:5-73	1.00	0.00	4.00	11.00	0.00	1.57	1.00	1.75	0.00	69.00
gi|526460327|ref|YP_008330904.1|_12-322_1KMM:A:4-325	1.00	5.64	3.00	12.11	0.00	3.03	1.43	1.80	0.00	322.00
gi|526460327|ref|YP_008330904.1|_332-413_1KMM:A:326-424	0.00	4.40	0.00	10.75	0.00	1.80	1.00	2.00	0.00	99.00
gi|526460328|ref|YP_008330905.1|_1-186_4TMK:A:	0.00	5.40	0.00	12.44	0.00	1.88	1.38	2.50	0.00	210.00
gi|526460329|ref|YP_008330906.1|_12-162_1B6T:A:	0.00	5.80	3.00	10.83	0.00	1.61	1.57	2.12	0.00	157.00
gi|526460330|ref|YP_008330907.1|_1-184_1SBZ:A:	1.00	5.00	3.00	10.43	0.00	2.26	1.56	1.64	0.00	186.00
gi|526460336|ref|YP_008330913.1|_1-208_1J6O:A:	1.00	5.62	3.67	11.33	0.00	2.09	1.25	2.12	0.00	267.00
gi|526460337|ref|YP_008330914.1|_72-200_1QSA:A:451-618	1.00	0.00	5.00	11.33	0.00	1.39	1.33	2.10	0.00	168.00
gi|526460337|ref|YP_008330914.1|_375-417_1Y7M:A:1-48	0.00	4.00	0.00	7.00	6.00	1.33	1.33	1.83	0.00	48.00
gi|526460338|ref|YP_008330915.1|_81-167_1BW3:A:	0.00	6.80	3.00	4.75	0.00	1.69	1.67	2.38	0.00	125.00
gi|526460338|ref|YP_008330915.1|_244-303_1UTA:A:	1.00	4.00	0.00	13.00	0.00	2.40	1.75	2.00	0.00	77.00
gi|526460345|ref|YP_008330922.1|_101-156_1RP3:A:164-234	0.00	0.00	0.00	14.25	0.00	1.50	1.00	1.67	0.00	71.00
gi|526460345|ref|YP_008330922.1|_2-79_1H3L:A:	0.00	0.00	3.00	14.75	0.00	1.40	2.00	1.00	0.00	75.00
gi|526460347|ref|YP_008330924.1|_105-785_1BY5:A:	1.00	10.64	3.50	4.75	0.00	2.10	1.81	2.40	0.00	697.00
gi|526460349|ref|YP_008330926.1|_1-85_1WMI:A:1-88	0.00	6.20	0.00	8.33	0.00	1.56	1.50	2.25	0.00	88.00
gi|526460354|ref|YP_008330931.1|_28-198_2BE3:A:1-203	0.00	8.60	3.00	14.71	0.00	2.08	1.20	2.10	0.00	203.00
gi|526460355|ref|YP_008330932.1|_1-130_1VKN:A:1-144,A:308-339	1.00	4.50	3.00	8.00	0.00	2.16	1.30	2.73	1.00	176.00
gi|526460355|ref|YP_008330932.1|_116-287_1VKN:A:145-307	1.00	6.71	3.67	11.00	0.00	1.53	1.50	1.90	0.00	163.00
gi|526460357|ref|YP_008330934.1|_3-167_2HTI:A:10-165	0.00	8.57	0.00	11.00	0.00	6.75	2.50	2.00	0.00	156.00
gi|526460358|ref|YP_008330935.1|_456-637_2HEK:A:1-369	1.00	5.67	3.25	9.25	0.00	1.76	1.53	1.96	0.00	369.00
gi|526460358|ref|YP_008330935.1|_344-445_1N9L:A:	0.00	8.00	4.00	8.00	0.00	1.64	1.00	1.86	0.00	109.00
gi|526460358|ref|YP_008330935.1|_47-180_1P0Z:A:	1.00	7.40	3.00	10.75	0.00	1.91	1.43	1.83	0.00	130.00
gi|526460360|ref|YP_008330937.1|_238-585_1VQQ:A:328-668	1.20	5.18	3.00	10.00	0.00	1.95	1.38	2.52	0.00	341.00
gi|526460360|ref|YP_008330937.1|_40-236_1VQQ:A:139-327	1.00	6.20	3.25	6.33	0.00	2.10	1.00	1.83	0.00	189.00
gi|526460362|ref|YP_008330939.1|_228-418_1QWY:A:	0.00	3.95	3.00	5.00	0.00	3.19	1.68	2.00	0.00	270.00
gi|526460364|ref|YP_008330941.1|_1-219_1F3O:A:	0.00	6.00	3.00	11.14	0.00	1.59	1.47	2.21	0.00	232.00
gi|526460365|ref|YP_008330942.1|_119-289_2FCA:A:10-213	1.00	5.29	3.80	8.86	0.00	1.95	1.41	2.00	0.00	204.00
gi|526460366|ref|YP_008330943.1|_146-311_1BPV:A:	0.00	6.00	0.00	4.00	0.00	3.07	1.22	2.00	0.00	111.00
gi|526460366|ref|YP_008330943.1|_325-414_1K85:A:	0.00	5.88	0.00	0.00	0.00	2.56	2.00	3.00	0.00	87.00
gi|526460366|ref|YP_008330943.1|_54-186_1TDQ:A:94-185	0.00	6.50	0.00	0.00	0.00	2.08	1.80	2.00	0.00	92.00
gi|526460367|ref|YP_008330944.1|_80-304_1PRZ:A:	1.00	6.09	4.50	10.60	0.00	2.06	1.61	2.08	0.00	252.00
gi|526460367|ref|YP_008330944.1|_5-106_1VIO:A:0-57	0.00	2.17	0.00	9.00	0.00	1.57	1.50	1.83	0.00	56.00
gi|526460369|ref|YP_008330946.1|_186-236_1U07:A:	0.00	8.40	0.00	7.00	0.00	2.00	2.33	1.75	0.00	90.00
gi|526460370|ref|YP_008330947.1|_4-424_2GSA:A:	1.00	4.36	3.20	10.47	0.00	1.78	1.62	2.19	0.00	427.00
gi|526460377|ref|YP_008330954.1|_4-353_1A05:A:	1.00	6.08	3.00	11.92	0.00	1.58	1.50	2.18	0.00	357.00
gi|526460386|ref|YP_008330963.1|_48-448_2F2A:A:1-485	1.00	5.45	3.17	11.87	0.00	1.80	1.69	2.40	0.00	485.00
gi|526460390|ref|YP_008330967.1|_109-157_1XBL:A:	0.00	0.00	0.00	12.67	0.00	2.14	2.33	2.50	0.00	75.00
gi|526460392|ref|YP_008330969.1|_34-360_1TR9:A:	1.00	3.80	4.20	11.50	6.00	2.07	1.33	1.84	0.00	340.00
gi|526460393|ref|YP_008330970.1|_3-238_1VPL:A:	1.00	6.20	4.00	9.89	0.00	1.72	1.33	2.27	0.00	238.00
gi|526460394|ref|YP_008330971.1|_1-183_1JQB:A:1001-1139,A:1314-1351	1.00	5.10	3.33	6.75	0.00	2.00	1.55	2.27	1.00	177.00
gi|526460394|ref|YP_008330971.1|_140-314_1YKF:A:140-313	1.00	5.00	3.00	9.43	0.00	1.94	1.22	2.36	0.00	174.00
gi|526460396|ref|YP_008330973.1|_7-122_1HW5:A:1-137	1.00	5.38	3.00	14.67	0.00	1.33	1.78	1.80	0.00	137.00
gi|526460398|ref|YP_008330975.1|_6-108_2FSW:A:3-104	0.00	4.67	0.00	9.17	0.00	1.50	1.67	1.83	0.00	102.00
gi|526460399|ref|YP_008330976.1|_6-179_1QR2:A:	1.00	5.17	3.00	10.12	0.00	1.79	1.31	2.31	0.00	230.00
gi|526460402|ref|YP_008330979.1|_40-140_1S7B:A:	0.00	0.00	0.00	18.25	0.00	2.00	1.57	1.67	0.00	109.00
gi|526460402|ref|YP_008330979.1|_208-290_1S7B:A:	0.00	0.00	0.00	18.25	0.00	2.00	1.57	1.67	0.00	109.00
gi|526460403|ref|YP_008330980.1|_2-269_1VP5:A:	1.00	4.20	4.50	10.91	0.00	1.53	1.38	1.71	0.00	284.00
gi|526460404|ref|YP_008330981.1|_21-90_1FUX:A:	1.00	4.25	3.00	9.00	0.00	2.24	1.57	2.29	0.00	165.00
gi|526460405|ref|YP_008330982.1|_86-288_1I6A:A:	1.00	5.17	3.50	12.25	0.00	1.17	1.40	2.38	0.00	212.00
gi|526460405|ref|YP_008330982.1|_1-70_2ESN:A:3-91	0.00	4.00	3.00	13.50	0.00	1.50	1.25	1.67	0.00	89.00
gi|526460409|ref|YP_008330986.1|_174-334_1MTY:D:	1.14	3.50	3.33	11.67	0.00	2.13	1.71	2.34	0.00	512.00
gi|526460410|ref|YP_008330987.1|_91-234_1T3B:A:61-210	0.00	5.00	3.00	9.29	0.00	1.87	1.60	1.80	0.00	150.00
gi|526460412|ref|YP_008330989.1|_1-107_2HZT:A:4-98	1.00	6.00	4.00	10.20	0.00	1.11	1.50	1.83	0.00	95.00
gi|526460413|ref|YP_008330990.1|_1-190_1QR2:A:	1.00	5.17	3.00	10.12	0.00	1.79	1.31	2.31	0.00	230.00
gi|526460414|ref|YP_008330991.1|_2-90_1X7V:A:	0.00	8.75	3.00	10.67	0.00	1.38	1.60	1.80	0.00	98.00
gi|526460415|ref|YP_008330992.1|_2-329_1Z41:A:2-338	1.00	4.42	3.00	11.70	0.00	2.24	1.62	2.17	0.00	337.00
gi|526460416|ref|YP_008330993.1|_42-141_1S7B:A:	0.00	0.00	0.00	18.25	0.00	2.00	1.57	1.67	0.00	109.00
gi|526460416|ref|YP_008330993.1|_194-292_1S7B:A:	0.00	0.00	0.00	18.25	0.00	2.00	1.57	1.67	0.00	109.00
gi|526460417|ref|YP_008330994.1|_5-208_1VFR:A:	1.00	6.40	3.50	9.20	0.00	1.90	1.56	2.20	0.00	217.00
gi|526460418|ref|YP_008330995.1|_54-175_1M0Z:A:	1.33	2.92	3.20	9.00	0.00	2.49	1.59	3.06	0.00	266.00
gi|526460421|ref|YP_008330998.1|_285-310,375-592_1QU7:A:	0.00	0.00	3.00	34.50	0.00	1.50	1.00	1.71	0.00	226.00
gi|526460422|ref|YP_008330999.1|_4-306_1TA8:A:	1.00	5.55	3.67	11.60	0.00	1.88	1.67	1.69	0.00	313.00
gi|526460422|ref|YP_008330999.1|_394-559_1DGS:A:401-581	1.00	3.00	4.33	8.10	0.00	1.84	1.40	2.00	0.00	181.00
gi|526460422|ref|YP_008330999.1|_309-390_1DGS:A:315-400	1.00	9.00	3.00	6.00	0.00	1.67	1.25	2.25	0.00	86.00
gi|526460422|ref|YP_008330999.1|_572-649_1L7B:A:	1.00	2.50	0.00	9.00	0.00	1.71	2.00	2.50	0.00	92.00
gi|526460423|ref|YP_008331000.1|_12-162,276-390_2IO8:A:201-378,A:497-615	1.00	5.21	3.33	9.89	0.00	1.87	1.62	2.22	1.00	295.00
gi|526460423|ref|YP_008331000.1|_180-289_2IO8:A:379-496	1.00	3.83	4.00	10.33	0.00	1.72	1.60	2.00	0.00	118.00
gi|526460425|ref|YP_008331002.1|_21-125,158-191,228-409,460-478_2HEK:A:1-369	1.00	5.67	3.25	9.25	0.00	1.76	1.53	1.96	0.00	369.00
gi|526460427|ref|YP_008331004.1|_99-257_1NVT:A:111-287	0.00	4.17	0.00	11.00	0.00	1.76	2.00	1.78	0.00	177.00
gi|526460427|ref|YP_008331004.1|_3-98_1NYT:A:1-101	0.00	4.00	0.00	8.75	0.00	1.53	1.17	1.71	0.00	101.00
gi|526460428|ref|YP_008331005.1|_4-202_1WZN:A:1-251	1.00	7.91	3.25	9.43	0.00	2.15	1.44	2.00	0.00	251.00
gi|526460429|ref|YP_008331006.1|_4-221_1XAF:A:	1.00	4.62	4.50	8.67	0.00	1.75	1.50	2.15	0.00	242.00
gi|526460430|ref|YP_008331007.1|_84-276_1JKX:A:	0.00	5.20	3.00	11.33	0.00	1.59	1.64	2.08	0.00	209.00
gi|526460430|ref|YP_008331007.1|_4-66_1ZPV:A:1-83	0.00	9.00	3.00	13.00	0.00	1.75	1.50	1.60	0.00	83.00
gi|526460431|ref|YP_008331008.1|_2-150_1MXI:A:	1.00	4.17	3.00	9.00	0.00	1.95	1.55	2.33	0.00	156.00
gi|526460438|ref|YP_008331015.1|_52-186_1WIN:A:	0.00	4.50	0.00	11.20	0.00	2.73	1.83	2.33	0.00	142.00
gi|526460440|ref|YP_008331017.1|_2-107_1RDU:A:	1.33	4.80	3.00	6.67	0.00	1.83	1.50	2.80	0.00	116.00
gi|526460446|ref|YP_008331023.1|_26-170_1OUV:A:	0.00	0.00	0.00	12.47	0.00	2.33	2.71	1.60	0.00	272.00
gi|526460447|ref|YP_008331024.1|_3-28_1KTE:A:	1.00	4.50	3.00	10.00	0.00	1.27	1.14	1.67	0.00	105.00
gi|526460448|ref|YP_008331025.1|_11-220_2CXA:A:1-232	0.00	4.92	3.00	10.00	0.00	2.52	1.56	2.14	0.00	232.00
gi|526460449|ref|YP_008331026.1|_64-225_1VIO:A:58-231	1.00	5.11	4.00	7.25	0.00	2.22	1.67	1.92	0.00	174.00
gi|526460449|ref|YP_008331026.1|_6-94_1VIO:A:0-57	0.00	2.17	0.00	9.00	0.00	1.57	1.50	1.83	0.00	56.00
gi|526460450|ref|YP_008331027.1|_1-203_2AH5:A:1-210	1.00	4.25	3.00	9.10	0.00	1.42	1.75	1.71	0.00	210.00
gi|526460451|ref|YP_008331028.1|_52-117,212-312_1ES9:A:	1.00	4.80	3.00	11.25	0.00	2.14	1.54	2.27	0.00	212.00
gi|526460453|ref|YP_008331030.1|_64-137_2HPU:A:35-160	0.00	5.00	3.33	7.33	0.00	1.47	1.92	1.80	0.00	126.00
gi|526460456|ref|YP_008331033.1|_21-619_1NQE:A:	1.00	10.24	3.00	5.25	0.00	2.95	1.88	2.30	0.00	589.00
gi|526460457|ref|YP_008331034.1|_18-267_1N2Z:A:	1.00	3.50	3.67	9.60	0.00	1.74	1.53	2.00	0.00	245.00
gi|526460458|ref|YP_008331035.1|_9-216_3D31:A:1-229	0.00	5.50	3.00	9.33	0.00	1.42	1.47	2.00	0.00	229.00
gi|526460459|ref|YP_008331036.1|_3-314_1L7V:A:	1.00	0.00	3.00	17.07	0.00	2.00	2.00	2.08	0.00	324.00
gi|526460460|ref|YP_008331037.1|_1-161_1QHF:A:	1.00	4.00	3.00	11.86	0.00	1.87	1.29	2.00	0.00	240.00
gi|526460461|ref|YP_008331038.1|_348-588_2HYD:A:324-578	1.00	5.50	3.00	8.00	0.00	1.72	1.38	2.44	0.00	255.00
gi|526460461|ref|YP_008331038.1|_10-336_2HYD:A:1-323	0.00	0.00	3.00	18.40	5.00	1.44	1.20	1.67	0.00	323.00
gi|526460464|ref|YP_008331041.1|_256-394_2C2A:A:321-481	0.00	6.71	3.00	15.00	0.00	2.92	1.50	1.90	0.00	161.00
gi|526460464|ref|YP_008331041.1|_178-245_2C2A:A:232-320	0.00	0.00	3.00	24.00	0.00	2.33	0.00	1.75	0.00	89.00
gi|526460467|ref|YP_008331044.1|_48-270_1UCU:A:	1.00	5.30	3.00	28.71	0.00	1.73	1.46	2.14	0.00	494.00
gi|526460469|ref|YP_008331046.1|_6-227_1HV8:A:211-365	1.00	4.67	3.00	9.33	0.00	1.76	1.92	2.00	0.00	155.00
gi|526460470|ref|YP_008331047.1|_307-455_2C2A:A:321-481	0.00	6.71	3.00	15.00	0.00	2.92	1.50	1.90	0.00	161.00
gi|526460470|ref|YP_008331047.1|_68-173_1V9Y:A:	1.00	7.20	3.33	7.33	0.00	2.30	1.17	2.17	0.00	113.00
gi|526460470|ref|YP_008331047.1|_230-303_2C2A:A:232-320	0.00	0.00	3.00	24.00	0.00	2.33	0.00	1.75	0.00	89.00
gi|526460471|ref|YP_008331048.1|_6-125_1S8N:A:	0.00	5.60	3.00	13.88	0.00	1.50	1.60	2.00	0.00	190.00
gi|526460471|ref|YP_008331048.1|_142-227_1KGS:A:124-225	0.00	3.57	0.00	12.00	0.00	2.71	1.50	2.67	0.00	102.00
gi|526460472|ref|YP_008331049.1|_4-434_1EK9:A:	0.00	9.86	3.00	31.11	0.00	2.00	1.67	1.89	0.00	428.00
gi|526460472|ref|YP_008331049.1|_736-851_1OAP:A:	0.00	4.50	3.00	13.00	0.00	1.85	1.50	2.00	0.00	108.00
gi|526460472|ref|YP_008331049.1|_456-533_1UX6:A:813-936	1.00	0.00	3.00	4.00	0.00	1.46	2.20	2.33	0.00	124.00
gi|526460472|ref|YP_008331049.1|_710-740_1UX6:A:813-936	1.00	0.00	3.00	4.00	0.00	1.46	2.20	2.33	0.00	124.00
gi|526460477|ref|YP_008331054.1|_440-618_2BAS:A:2-262	1.00	6.33	3.00	10.50	0.00	1.95	1.70	2.50	0.00	261.00
gi|526460477|ref|YP_008331054.1|_242-389_1W25:A:294-455	1.00	4.43	3.00	14.60	0.00	1.67	1.44	1.67	0.00	161.00
gi|526460478|ref|YP_008331055.1|_17-342_1DQS:A:	1.00	4.92	4.50	11.73	0.00	1.83	1.62	2.09	0.00	388.00
gi|526460479|ref|YP_008331056.1|_353-433_2OAU:A:113-179	0.00	4.80	0.00	10.50	0.00	1.00	1.80	2.00	0.00	67.00
gi|526460480|ref|YP_008331057.1|_136-363_1TV8:A:	1.00	4.91	3.00	10.50	0.00	1.97	1.65	2.10	0.00	327.00
gi|526460481|ref|YP_008331058.1|_109-346_1LV7:A:	1.00	4.67	3.33	10.20	0.00	1.90	1.35	1.78	0.00	256.00
gi|526460481|ref|YP_008331058.1|_358-490_2CE7:A:411-603	1.00	3.00	3.00	15.14	0.00	6.00	1.14	1.50	0.00	193.00
gi|526460482|ref|YP_008331059.1|_22-171_1XKT:A:	1.00	4.71	3.33	12.75	0.00	3.03	1.37	2.00	0.00	288.00
gi|526460483|ref|YP_008331060.1|_6-176_2F7W:A:2-174	1.00	5.83	4.00	9.86	0.00	1.89	1.38	2.00	0.00	173.00
gi|526460484|ref|YP_008331061.1|_4-202_1G57:A:	1.40	5.29	3.33	10.43	0.00	1.83	1.50	2.00	0.00	209.00
gi|526460485|ref|YP_008331062.1|_191-323_2FIW:A:2-157	0.00	7.71	3.00	10.20	0.00	1.60	1.60	2.50	0.00	158.00
gi|526460485|ref|YP_008331062.1|_17-132_1QOL:A:	1.00	4.67	3.00	8.50	0.00	2.63	1.80	1.88	0.00	173.00
gi|526460486|ref|YP_008331063.1|_13-80_1B0N:A:1-68	0.00	0.00	0.00	8.40	0.00	2.12	1.00	1.60	0.00	68.00
gi|526460488|ref|YP_008331065.1|_4-210_1XMI:A:	0.00	5.27	3.50	8.45	5.00	2.48	1.30	2.27	0.00	290.00
gi|526460488|ref|YP_008331065.1|_316-473_1VPL:A:	1.00	6.20	4.00	9.89	0.00	1.72	1.33	2.27	0.00	238.00
gi|526460489|ref|YP_008331066.1|_2-147_1JYH:A:	0.00	6.89	3.00	11.00	0.00	1.48	1.50	2.20	0.00	155.00
gi|526460490|ref|YP_008331067.1|_136-189_1JJU:A:1-85	1.00	3.00	3.33	9.75	0.00	1.78	1.00	1.43	0.00	85.00
gi|526460491|ref|YP_008331068.1|_55-677_1EU1:A:4-625	1.00	4.22	3.12	8.64	0.00	2.19	1.36	2.09	0.00	622.00
gi|526460491|ref|YP_008331068.1|_676-826_1EU1:A:626-780	1.00	5.00	4.00	5.00	0.00	2.00	1.42	2.12	0.00	155.00
gi|526460492|ref|YP_008331069.1|_80-183_2I10:A:79-194	1.00	0.00	0.00	19.00	0.00	3.14	2.00	2.00	0.00	116.00
gi|526460492|ref|YP_008331069.1|_3-70_1VI0:A:6-77	0.00	0.00	3.00	13.75	0.00	1.33	1.50	1.50	0.00	72.00
gi|526460493|ref|YP_008331070.1|_279-487_1EWQ:A:542-765	1.00	5.50	3.00	12.17	0.00	2.35	1.85	2.00	0.00	224.00
gi|526460493|ref|YP_008331070.1|_657-732_2D9I:A:8-90	0.00	3.50	3.00	16.00	0.00	1.64	1.00	2.00	0.00	83.00
gi|526460494|ref|YP_008331071.1|_217-359_2EF7:A:1-127	1.00	4.43	3.00	10.50	0.00	1.67	1.00	1.60	0.00	127.00
gi|526460494|ref|YP_008331071.1|_354-441_2PLS:A:345-428	1.00	5.60	0.00	8.50	0.00	1.50	1.00	2.00	0.00	83.00
gi|526460497|ref|YP_008331074.1|_26-412_1U7G:A:	1.00	2.00	3.00	17.47	0.00	1.95	1.71	2.00	0.00	383.00
gi|526460500|ref|YP_008331077.1|_130-301_1T6C:A:133-312	0.00	6.17	3.00	10.50	0.00	1.92	1.20	2.11	0.00	180.00
gi|526460500|ref|YP_008331077.1|_8-121_1U6Z:A:12-135	1.00	6.60	3.00	11.25	0.00	1.43	1.67	2.17	0.00	124.00
gi|526460504|ref|YP_008331081.1|_31-305_2JF2:A:1-262	1.25	2.61	3.00	10.50	0.00	1.23	1.46	2.00	0.00	264.00
gi|526460505|ref|YP_008331082.1|_301-589_1E9R:A:	1.00	4.87	3.80	9.76	0.00	2.20	1.52	1.90	0.00	433.00
gi|526460505|ref|YP_008331082.1|_624-685_2J5P:A:1261-1329	1.00	3.00	0.00	10.67	0.00	1.86	1.40	1.80	0.00	69.00
gi|526460506|ref|YP_008331083.1|_1-122_1ZH2:A:2-120	0.00	4.00	0.00	11.40	0.00	1.60	1.25	2.00	0.00	119.00
gi|526460506|ref|YP_008331083.1|_138-226_1OPC:A:	0.00	3.43	0.00	10.67	0.00	1.60	1.67	2.43	0.00	99.00
gi|526460507|ref|YP_008331084.1|_270-392_1BXD:A:	0.00	6.00	3.00	11.67	0.00	3.12	1.45	2.00	0.00	161.00
gi|526460507|ref|YP_008331084.1|_150-197_2ASX:A:278-331	0.00	0.00	0.00	19.00	0.00	1.75	1.00	2.67	0.00	54.00
gi|526460507|ref|YP_008331084.1|_184-255_1JOY:A:	0.00	0.00	0.00	16.00	0.00	2.00	3.50	2.00	0.00	67.00
gi|526460508|ref|YP_008331085.1|_83-207_1BJF:A:	0.00	2.50	3.00	10.30	0.00	1.56	1.83	2.00	0.00	181.00
gi|526460508|ref|YP_008331085.1|_13-71_1Y1X:A:	1.00	5.00	0.00	12.50	0.00	1.39	1.90	2.00	0.00	182.00
gi|526460509|ref|YP_008331086.1|_490-610_1L0O:A:	1.00	5.50	3.00	11.25	0.00	1.87	1.50	2.60	0.00	141.00
gi|526460510|ref|YP_008331087.1|_1-124_1S8N:A:	0.00	5.60	3.00	13.88	0.00	1.50	1.60	2.00	0.00	190.00
gi|526460510|ref|YP_008331087.1|_139-225_1KGS:A:124-225	0.00	3.57	0.00	12.00	0.00	2.71	1.50	2.67	0.00	102.00
gi|526460511|ref|YP_008331088.1|_74-242_1Q2Y:A:	0.00	6.00	3.00	12.00	0.00	1.60	1.43	2.62	0.00	140.00
gi|526460512|ref|YP_008331089.1|_1-169_1S8N:A:	0.00	5.60	3.00	13.88	0.00	1.50	1.60	2.00	0.00	190.00
gi|526460512|ref|YP_008331089.1|_148-218_1KGS:A:124-225	0.00	3.57	0.00	12.00	0.00	2.71	1.50	2.67	0.00	102.00
gi|526460520|ref|YP_008331097.1|_2202-2236,2328-2422_1K7I:A:259-479	1.00	3.47	3.60	0.00	0.00	1.77	1.61	2.45	0.00	221.00
gi|526460520|ref|YP_008331097.1|_1058-1162_1K7I:A:259-479	1.00	3.47	3.60	0.00	0.00	1.77	1.61	2.45	0.00	221.00
gi|526460520|ref|YP_008331097.1|_893-1036_1K7I:A:259-479	1.00	3.47	3.60	0.00	0.00	1.77	1.61	2.45	0.00	221.00
gi|526460520|ref|YP_008331097.1|_2442-2574_1K7I:A:259-479	1.00	3.47	3.60	0.00	0.00	1.77	1.61	2.45	0.00	221.00
gi|526460522|ref|YP_008331099.1|_5-413_1EK9:A:	0.00	9.86	3.00	31.11	0.00	2.00	1.67	1.89	0.00	428.00
gi|526460523|ref|YP_008331100.1|_461-707_1MT0:A:	1.00	5.80	3.33	7.20	0.00	1.60	1.25	2.10	0.00	241.00
gi|526460523|ref|YP_008331100.1|_142-451_2HYD:A:1-323	0.00	0.00	3.00	18.40	5.00	1.44	1.20	1.67	0.00	323.00
gi|526460525|ref|YP_008331102.1|_30-136_2I9W:A:46-158	1.00	10.75	0.00	8.50	0.00	1.62	2.80	1.60	0.00	113.00
gi|526460525|ref|YP_008331102.1|_1-22_1SX0:A:	1.00	0.00	0.00	0.00	0.00	2.00	2.00	2.67	0.00	22.00
gi|526460526|ref|YP_008331103.1|_1-319_1II7:A:	1.00	5.47	3.00	9.25	0.00	1.97	1.65	2.15	0.00	333.00
gi|526460527|ref|YP_008331104.1|_959-1189_1F2T:A:,B:	1.00	6.13	4.00	12.57	0.00	1.67	1.43	1.87	1.00	292.00
gi|526460527|ref|YP_008331104.1|_1-274_1II8:A:,B:	1.00	6.36	3.50	17.33	0.00	1.33	1.74	2.00	1.00	369.00
gi|526460529|ref|YP_008331106.1|_5-160,285-489_1F3O:A:	0.00	6.00	3.00	11.14	0.00	1.59	1.47	2.21	0.00	232.00
gi|526460531|ref|YP_008331108.1|_357-501_1D5A:A:1-347	0.00	5.82	4.00	11.00	0.00	2.26	1.64	2.26	0.00	347.00
gi|526460532|ref|YP_008331109.1|_175-244,296-352,457-722_1W36:D:2-360	1.00	3.78	3.50	9.36	0.00	2.53	1.55	1.92	0.00	359.00
gi|526460535|ref|YP_008331112.1|_205-473_1MKY:A:173-358	1.00	5.14	3.00	11.20	0.00	3.00	1.17	2.10	0.00	186.00
gi|526460535|ref|YP_008331112.1|_7-170_1MKY:A:2-172	1.00	5.50	3.00	9.67	0.00	2.85	1.40	2.33	0.00	171.00
gi|526460536|ref|YP_008331113.1|_418-518_1VC1:A:	1.00	6.00	3.00	13.33	0.00	2.00	1.17	2.00	0.00	110.00
gi|526460537|ref|YP_008331114.1|_14-207_1JR2:A:	1.00	4.55	4.00	9.33	0.00	1.50	1.47	1.82	0.00	260.00
gi|526460538|ref|YP_008331115.1|_99-314_1GSO:A:104-327	1.00	8.00	3.00	9.00	0.00	2.05	1.88	2.27	0.00	224.00
gi|526460538|ref|YP_008331115.1|_1-98_1GSO:A:2-103	1.00	5.17	0.00	8.00	0.00	2.18	1.71	2.60	0.00	99.00
gi|526460538|ref|YP_008331115.1|_323-419_1VKZ:A:314-399	1.00	5.60	0.00	14.00	0.00	1.73	1.67	2.75	0.00	86.00
gi|526460542|ref|YP_008331119.1|_310-507_1E3H:A:346-482	0.00	6.29	3.33	15.00	0.00	2.33	2.12	1.60	0.00	137.00
gi|526460542|ref|YP_008331119.1|_6-142_1E3H:A:3-151	1.00	8.00	3.50	15.50	0.00	1.61	1.60	2.00	0.00	149.00
gi|526460542|ref|YP_008331119.1|_470-562_1E3H:A:483-578	0.00	8.50	0.00	15.00	0.00	2.00	1.43	2.00	0.00	96.00
gi|526460542|ref|YP_008331119.1|_143-253_1E3H:A:152-262	1.00	8.25	0.00	13.00	0.00	3.00	1.00	2.00	0.00	111.00
gi|526460542|ref|YP_008331119.1|_649-722_1SRO:A:	1.00	6.75	0.00	4.00	0.00	2.08	1.80	2.00	0.00	76.00
gi|526460542|ref|YP_008331119.1|_573-672_2BA0:A:136-219	0.00	4.33	3.00	11.25	0.00	1.25	1.40	1.50	0.00	84.00
gi|526460544|ref|YP_008331121.1|_348-532_1B3Q:A:355-539	0.00	6.57	3.00	9.29	0.00	3.00	1.30	2.08	0.00	185.00
gi|526460544|ref|YP_008331121.1|_533-667_1B3Q:A:540-671	1.00	6.55	3.00	4.00	0.00	1.67	1.43	2.00	0.00	132.00
gi|526460544|ref|YP_008331121.1|_5-127_1TQG:A:	0.00	0.00	0.00	22.00	0.00	1.60	2.00	1.50	0.00	104.00
gi|526460544|ref|YP_008331121.1|_283-347_1B3Q:A:293-354	0.00	5.00	0.00	24.00	0.00	2.50	2.00	2.00	0.00	62.00
gi|526460545|ref|YP_008331122.1|_71-273_1AF7:A:92-284	0.00	5.10	3.33	9.33	0.00	1.65	1.17	2.42	0.00	193.00
gi|526460545|ref|YP_008331122.1|_6-70_1AF7:A:11-91	0.00	0.00	3.00	12.25	0.00	4.17	0.00	1.33	0.00	81.00
gi|526460546|ref|YP_008331123.1|_29-167_2F9Z:C:1-157	1.00	5.50	3.00	14.00	0.00	2.00	1.57	2.83	0.00	157.00
gi|526460547|ref|YP_008331124.1|_170-355_1CHD:A:	1.00	5.22	3.00	9.50	0.00	1.60	1.60	2.20	0.00	198.00
gi|526460547|ref|YP_008331124.1|_1-106_1A2O:A:1-140	0.00	5.40	4.00	12.60	0.00	1.71	1.89	1.25	0.00	140.00
gi|526460548|ref|YP_008331125.1|_18-85_1RLI:A:	1.00	6.60	4.00	8.00	0.00	3.21	1.57	1.67	0.00	179.00
gi|526460549|ref|YP_008331126.1|_7-383_1PW4:A:	1.00	0.00	5.00	17.67	0.00	2.95	1.44	1.68	0.00	450.00
gi|526460550|ref|YP_008331127.1|_163-348_1A0P:A:111-292	1.00	4.00	3.00	11.62	0.00	2.12	1.86	2.14	0.00	182.00
gi|526460551|ref|YP_008331128.1|_2-111_1TJN:A:	0.00	5.80	0.00	8.80	0.00	1.85	1.89	1.57	0.00	125.00
gi|526460554|ref|YP_008331131.1|_6-651_1S4B:P:	1.00	4.60	3.43	13.69	0.00	1.83	1.38	2.46	0.00	654.00
gi|526460555|ref|YP_008331132.1|_1-252_1NV8:A:	1.00	4.89	4.33	9.80	0.00	1.83	1.27	2.10	0.00	271.00
gi|526460556|ref|YP_008331133.1|_2-338_1OLT:A:	1.00	4.74	3.50	10.80	0.00	1.87	1.35	1.92	0.00	441.00
gi|526460560|ref|YP_008331137.1|_32-130_1JR3:A:3-242	1.00	5.20	3.00	9.55	0.00	1.59	1.57	1.83	0.00	240.00
gi|526460561|ref|YP_008331138.1|_109-377_1AJ2:A:	1.00	4.10	5.00	12.89	5.00	2.00	1.06	1.79	0.00	282.00
gi|526460563|ref|YP_008331140.1|_2-165_2G5C:A:30-200	0.00	3.89	4.00	11.60	0.00	1.48	1.20	2.00	0.00	171.00
gi|526460563|ref|YP_008331140.1|_169-275_2G5C:A:201-310	1.00	0.00	3.00	15.40	0.00	1.75	1.00	1.67	0.00	110.00
gi|526460565|ref|YP_008331142.1|_11-344_1R30:A:	1.00	4.78	3.00	11.27	0.00	2.06	1.60	2.08	0.00	312.00
gi|526460566|ref|YP_008331143.1|_234-410_1EZV:A:27-239	0.00	6.17	3.00	10.88	0.00	1.82	1.64	2.36	0.00	213.00
gi|526460566|ref|YP_008331143.1|_15-209_1BCC:A:4-232	1.33	6.17	3.00	10.10	0.00	1.95	1.53	2.50	0.00	229.00
gi|526460567|ref|YP_008331144.1|_2-295_1J09:A:1-305	1.10	4.56	3.80	10.70	0.00	2.11	1.29	2.06	0.00	305.00
gi|526460567|ref|YP_008331144.1|_277-424_1J09:A:306-468	0.00	0.00	3.00	12.67	0.00	1.71	1.10	1.33	0.00	163.00
gi|526460569|ref|YP_008331146.1|_387-536_1QSA:A:451-618	1.00	0.00	5.00	11.33	0.00	1.39	1.33	2.10	0.00	168.00
gi|526460571|ref|YP_008331148.1|_7-155_1NP6:A:	0.00	5.50	3.00	9.25	0.00	2.68	1.58	1.86	0.00	170.00
gi|526460572|ref|YP_008331149.1|_4-276_1FRP:A:	1.00	5.77	3.67	11.62	0.00	2.16	1.83	2.73	0.00	327.00
gi|526460574|ref|YP_008331151.1|_6-351_2D5B:A:1-348	1.00	4.56	3.33	10.21	0.00	1.83	1.13	2.23	0.00	348.00
gi|526460574|ref|YP_008331151.1|_353-510_2D5B:A:349-500	1.00	0.00	6.50	14.17	5.00	2.55	1.43	2.25	0.00	152.00
gi|526460574|ref|YP_008331151.1|_549-649_1PYB:A:	1.00	5.25	0.00	5.00	0.00	1.62	1.50	2.17	0.00	107.00
gi|526460576|ref|YP_008331153.1|_87-213_1JHF:A:73-198	1.00	6.22	3.00	0.00	0.00	1.69	1.62	2.00	0.00	126.00
gi|526460579|ref|YP_008331156.1|_211-523_2OLR:A:228-540	1.00	4.16	3.25	9.62	0.00	1.34	1.38	1.95	0.00	313.00
gi|526460579|ref|YP_008331156.1|_7-209_2OLR:A:6-227	1.00	4.70	3.00	9.83	0.00	1.88	1.53	2.57	0.00	222.00
gi|526460580|ref|YP_008331157.1|_5-206_1G57:A:	1.40	5.29	3.33	10.43	0.00	1.83	1.50	2.00	0.00	209.00
gi|526460580|ref|YP_008331157.1|_205-341_2BZ1:A:1-174	0.00	7.14	0.00	8.57	0.00	2.06	1.33	1.70	0.00	174.00
gi|526460588|ref|YP_008331165.1|_202-355_2C2A:A:321-481	0.00	6.71	3.00	15.00	0.00	2.92	1.50	1.90	0.00	161.00
gi|526460588|ref|YP_008331165.1|_10-112_1N9L:A:	0.00	8.00	4.00	8.00	0.00	1.64	1.00	1.86	0.00	109.00
gi|526460588|ref|YP_008331165.1|_131-205_2C2A:A:232-320	0.00	0.00	3.00	24.00	0.00	2.33	0.00	1.75	0.00	89.00
gi|526460589|ref|YP_008331166.1|_1-167_1MVO:A:	0.00	4.80	0.00	10.60	0.00	1.85	1.83	1.80	0.00	121.00
gi|526460590|ref|YP_008331167.1|_32-199_1TV8:A:	1.00	4.91	3.00	10.50	0.00	1.97	1.65	2.10	0.00	327.00
gi|526460592|ref|YP_008331169.1|_122-690_1H78:A:	1.00	4.06	3.50	14.12	0.00	2.71	1.50	2.52	0.00	562.00
gi|526460593|ref|YP_008331170.1|_1-303_1PVV:A:151-313	1.00	4.60	3.00	9.43	0.00	1.74	1.44	1.91	0.00	163.00
gi|526460601|ref|YP_008331178.1|_126-248_1XBL:A:	0.00	0.00	0.00	12.67	0.00	2.14	2.33	2.50	0.00	75.00
gi|526460604|ref|YP_008331181.1|_8-340_1VKY:A:	1.00	5.87	4.25	10.50	0.00	3.65	1.33	2.00	0.00	332.00
gi|526460605|ref|YP_008331182.1|_1-216_1J54:A:	0.00	5.33	3.00	9.57	0.00	2.12	1.42	1.91	0.00	174.00
gi|526460606|ref|YP_008331183.1|_17-697_1BY5:A:	1.00	10.64	3.50	4.75	0.00	2.10	1.81	2.40	0.00	697.00
gi|526460610|ref|YP_008331187.1|_191-442_1Y4J:A:28-294	1.00	4.36	3.00	8.00	0.00	1.97	1.62	1.92	0.00	267.00
gi|526460610|ref|YP_008331187.1|_452-530,557-634_1VE3:A:2-227	0.00	6.60	3.00	9.86	0.00	2.50	1.00	2.36	0.00	226.00
gi|526460611|ref|YP_008331188.1|_429-490,544-574_1ELR:A:	0.00	0.00	0.00	15.29	0.00	1.22	1.00	1.80	0.00	128.00
gi|526460618|ref|YP_008331195.1|_495-896_2HHV:A:469-876	1.00	4.09	3.60	13.00	0.00	1.76	1.82	1.82	0.00	408.00
gi|526460618|ref|YP_008331195.1|_1-168_1BGX:T:1-173	1.00	0.00	3.33	7.40	0.00	2.61	2.00	1.76	0.00	173.00
gi|526460618|ref|YP_008331195.1|_307-488_1KFS:A:324-518	0.00	5.17	3.00	11.43	0.00	2.44	1.36	2.22	0.00	195.00
gi|526460618|ref|YP_008331195.1|_168-259_1BGX:T:174-289	0.00	0.00	3.00	6.00	0.00	3.75	2.00	3.43	0.00	116.00
gi|526460619|ref|YP_008331196.1|_2-241_1VIC:A:	1.00	4.91	3.00	8.60	0.00	2.10	1.46	1.78	0.00	261.00
gi|526460620|ref|YP_008331197.1|_408-639_2BAS:A:2-262	1.00	6.33	3.00	10.50	0.00	1.95	1.70	2.50	0.00	261.00
gi|526460620|ref|YP_008331197.1|_243-391_1W25:A:294-455	1.00	4.43	3.00	14.60	0.00	1.67	1.44	1.67	0.00	161.00
gi|526460622|ref|YP_008331199.1|_25-106_1HTW:A:	0.00	6.57	4.00	9.40	0.00	1.67	1.33	2.00	0.00	158.00
gi|526460627|ref|YP_008331204.1|_15-477_1AMU:A:	1.00	5.19	3.00	9.07	0.00	1.98	1.28	2.03	0.00	514.00
gi|526460632|ref|YP_008331209.1|_4-165_1XHD:A:	1.00	3.30	0.00	24.00	0.00	1.16	1.00	2.00	0.00	172.00
gi|526460633|ref|YP_008331210.1|_3-132_1LSU:A:	0.00	4.17	3.00	10.00	0.00	1.67	1.25	2.29	0.00	134.00
gi|526460633|ref|YP_008331210.1|_141-212_1VCT:A:108-201	1.00	5.75	0.00	7.50	0.00	1.67	1.50	2.17	0.00	94.00
gi|526460635|ref|YP_008331212.1|_6-120_1ZH2:A:2-120	0.00	4.00	0.00	11.40	0.00	1.60	1.25	2.00	0.00	119.00
gi|526460635|ref|YP_008331212.1|_128-226_1KGS:A:124-225	0.00	3.57	0.00	12.00	0.00	2.71	1.50	2.67	0.00	102.00
gi|526460636|ref|YP_008331213.1|_176-336_2C2A:A:321-481	0.00	6.71	3.00	15.00	0.00	2.92	1.50	1.90	0.00	161.00
gi|526460636|ref|YP_008331213.1|_112-186_2C2A:A:232-320	0.00	0.00	3.00	24.00	0.00	2.33	0.00	1.75	0.00	89.00
gi|526460640|ref|YP_008331217.1|_1-102_1XBL:A:	0.00	0.00	0.00	12.67	0.00	2.14	2.33	2.50	0.00	75.00
gi|526460640|ref|YP_008331217.1|_257-342_1C3G:A:260-349	1.00	5.00	0.00	5.00	0.00	1.44	1.71	1.83	0.00	90.00
gi|526460640|ref|YP_008331217.1|_134-208_1EXK:A:	1.00	3.67	3.00	0.00	0.00	1.60	1.86	3.33	0.00	79.00
gi|526460640|ref|YP_008331217.1|_119-152,212-252_1NLT:A:258-337	1.00	5.00	0.00	6.00	0.00	1.33	1.67	2.50	0.00	80.00
gi|526460641|ref|YP_008331218.1|_10-395_1V8Z:A:1-386	1.12	5.07	3.00	11.53	0.00	1.60	1.45	1.78	0.00	386.00
gi|526460644|ref|YP_008331221.1|_79-215_1NFV:A:	1.00	0.00	0.00	25.60	0.00	3.71	1.67	1.60	0.00	169.00
gi|526460646|ref|YP_008331223.1|_129-291_1W25:A:294-455	1.00	4.43	3.00	14.60	0.00	1.67	1.44	1.67	0.00	161.00
gi|526460647|ref|YP_008331224.1|_151-311_1W25:A:294-455	1.00	4.43	3.00	14.60	0.00	1.67	1.44	1.67	0.00	161.00
gi|526460648|ref|YP_008331225.1|_84-282_1IM8:A:	0.00	6.86	3.00	12.25	0.00	1.80	1.23	1.80	0.00	225.00
gi|526460649|ref|YP_008331226.1|_4-157_1YGH:A:	1.00	7.50	3.00	10.40	0.00	1.94	1.40	2.00	0.00	164.00
gi|526460651|ref|YP_008331228.1|_7-164,342-427_2FVG:A:1-64,A:149-339	1.00	5.33	3.00	10.43	0.00	2.74	1.47	1.89	1.00	255.00
gi|526460653|ref|YP_008331230.1|_397-427,544-768_1QU7:A:	0.00	0.00	3.00	34.50	0.00	1.50	1.00	1.71	0.00	226.00
gi|526460654|ref|YP_008331231.1|_23-175_1IWL:A:	0.00	7.33	3.33	6.33	0.00	2.27	1.70	2.00	0.00	182.00
gi|526460655|ref|YP_008331232.1|_3-229,366-413_1M6N:A:1-226,A:349-395	0.00	4.78	3.75	11.58	0.00	2.06	1.46	1.82	1.00	273.00
gi|526460655|ref|YP_008331232.1|_589-807,839-851_1NKT:A:616-835	1.00	0.00	3.00	26.83	0.00	2.83	1.60	2.40	0.00	220.00
gi|526460655|ref|YP_008331232.1|_415-587_1M6N:A:396-570	1.00	4.00	3.50	11.20	0.00	2.19	1.45	2.91	0.00	175.00
gi|526460655|ref|YP_008331232.1|_234-366_1M6N:A:227-348	1.00	2.00	3.00	8.80	0.00	2.20	3.00	2.00	0.00	122.00
gi|526460659|ref|YP_008331236.1|_2-730_1ITW:A:	1.00	5.00	3.20	12.00	0.00	1.86	1.57	2.18	0.00	740.00
gi|526460660|ref|YP_008331237.1|_145-307_1GUY:A:144-306	0.00	4.88	3.00	14.40	0.00	2.09	1.25	1.50	0.00	163.00
gi|526460660|ref|YP_008331237.1|_6-145_1GV1:A:1-142	0.00	4.33	3.50	11.40	0.00	1.50	1.62	1.88	0.00	142.00
gi|526460663|ref|YP_008331240.1|_268-370_2EVR:A:87-234	0.00	5.50	3.00	11.00	0.00	2.19	1.55	2.29	0.00	148.00
gi|526460677|ref|YP_008331254.1|_20-225_1R8I:A:	0.00	0.00	3.00	17.14	0.00	2.09	1.67	2.89	0.00	187.00
gi|526460681|ref|YP_008331258.1|_25-72_1J9I:A:	0.00	3.00	10.00	7.33	0.00	2.17	2.67	3.00	0.00	68.00
gi|526460683|ref|YP_008331260.1|_573-705_2C2A:A:321-481	0.00	6.71	3.00	15.00	0.00	2.92	1.50	1.90	0.00	161.00
gi|526460683|ref|YP_008331260.1|_13-138_1B63:A:2-216	0.00	6.62	3.00	9.12	0.00	2.05	1.36	2.00	0.00	216.00
gi|526460685|ref|YP_008331262.1|_267-334,503-627_1QVR:A:149-535	0.00	3.62	0.00	13.56	0.00	2.70	1.53	2.12	0.00	387.00
gi|526460687|ref|YP_008331264.1|_5-50,109-201,240-303,389-528_1DCT:A:	1.00	5.09	3.20	10.50	0.00	2.37	1.45	1.88	0.00	324.00
gi|526460688|ref|YP_008331265.1|_8-57_1AIH:A:	1.00	4.00	6.00	8.00	0.00	2.69	2.00	2.08	0.00	170.00
gi|526460689|ref|YP_008331266.1|_11-60_2ODK:A:1-51	0.00	5.33	0.00	8.67	0.00	1.67	0.00	1.33	0.00	51.00
gi|526460690|ref|YP_008331267.1|_1-82_1WMI:A:1-88	0.00	6.20	0.00	8.33	0.00	1.56	1.50	2.25	0.00	88.00
gi|526460692|ref|YP_008331269.1|_88-357_1AIH:A:	1.00	4.00	6.00	8.00	0.00	2.69	2.00	2.08	0.00	170.00
gi|526460693|ref|YP_008331270.1|_314-581_1F48:A:309-586	1.00	5.57	5.00	10.64	0.00	3.89	1.46	1.85	0.00	275.00
gi|526460694|ref|YP_008331271.1|_34-90_1Y9Q:A:4-82	0.00	0.00	4.00	10.00	0.00	1.71	1.25	1.60	0.00	79.00
gi|526460696|ref|YP_008331273.1|_3-131_1J75:A:	0.00	3.67	0.00	11.00	0.00	1.00	1.00	2.00	0.00	57.00
gi|526460697|ref|YP_008331274.1|_275-743_1FFT:A:	1.00	0.00	3.50	17.94	0.00	2.06	1.59	2.62	0.00	501.00
gi|526460699|ref|YP_008331276.1|_2-181_1NG4:A:1-218,A:307-364	1.00	5.55	3.00	9.00	0.00	2.07	1.54	2.11	1.00	276.00
gi|526460701|ref|YP_008331278.1|_1-118_1U0S:Y:	0.00	5.00	3.00	11.00	0.00	1.33	1.40	2.00	0.00	118.00
gi|526460702|ref|YP_008331279.1|_6-198_1XKR:A:	0.00	7.00	7.00	16.80	0.00	2.06	1.62	1.71	0.00	205.00
gi|526460703|ref|YP_008331280.1|_335-494_2C2A:A:321-481	0.00	6.71	3.00	15.00	0.00	2.92	1.50	1.90	0.00	161.00
gi|526460703|ref|YP_008331280.1|_258-334_2C2A:A:232-320	0.00	0.00	3.00	24.00	0.00	2.33	0.00	1.75	0.00	89.00
gi|526460703|ref|YP_008331280.1|_135-248_1EW0:A:	1.00	7.80	3.50	7.80	0.00	1.55	1.25	2.00	0.00	130.00
gi|526460703|ref|YP_008331280.1|_7-75_1V9Y:A:	1.00	7.20	3.33	7.33	0.00	2.30	1.17	2.17	0.00	113.00
gi|526460704|ref|YP_008331281.1|_3-114_1HDJ:A:	0.00	0.00	3.00	10.00	0.00	1.89	1.50	1.86	0.00	76.00
gi|526460704|ref|YP_008331281.1|_195-271_1NLT:A:258-337	1.00	5.00	0.00	6.00	0.00	1.33	1.67	2.50	0.00	80.00
gi|526460704|ref|YP_008331281.1|_125-202_1NLT:A:110-138,A:213-257	1.00	6.80	0.00	4.00	0.00	1.83	1.00	2.00	1.00	74.00
gi|526460706|ref|YP_008331283.1|_42-79,113-148,182-324_1VF7:A:	1.00	3.60	0.00	22.67	0.00	1.48	1.83	1.78	0.00	237.00
gi|526460707|ref|YP_008331284.1|_323-542_1VPL:A:	1.00	6.20	4.00	9.89	0.00	1.72	1.33	2.27	0.00	238.00
gi|526460707|ref|YP_008331284.1|_3-224_3DHW:C:1-240	1.00	6.40	3.00	11.43	0.00	1.57	1.47	2.67	0.00	240.00
gi|526460712|ref|YP_008331289.1|_45-136_1S7B:A:	0.00	0.00	0.00	18.25	0.00	2.00	1.57	1.67	0.00	109.00
gi|526460712|ref|YP_008331289.1|_180-279_1S7B:A:	0.00	0.00	0.00	18.25	0.00	2.00	1.57	1.67	0.00	109.00
gi|526460713|ref|YP_008331290.1|_76-345_1AIH:A:	1.00	4.00	6.00	8.00	0.00	2.69	2.00	2.08	0.00	170.00
gi|526460715|ref|YP_008331292.1|_10-140,210-408_1G6H:A:	1.00	5.55	3.40	9.44	0.00	1.67	1.19	2.06	0.00	254.00
gi|526460731|ref|YP_008331308.1|_8-147_1HRU:A:	1.00	4.86	3.00	8.57	0.00	2.05	1.67	1.91	0.00	186.00
gi|526460733|ref|YP_008331310.1|_37-269_1NY1:A:	1.00	3.56	3.00	10.67	0.00	2.14	1.27	1.80	0.00	235.00
gi|526460740|ref|YP_008331317.1|_40-167,197-243_1M5Y:A:25-164,A:395-427	0.00	3.67	0.00	17.29	0.00	2.60	2.00	1.83	1.00	173.00
gi|526460743|ref|YP_008331320.1|_3-115_1J9B:A:	1.00	3.17	4.50	8.40	0.00	1.55	1.50	2.11	0.00	138.00
gi|526460745|ref|YP_008331322.1|_10-89_3BZR:A:237-345	1.00	5.25	3.00	12.00	0.00	2.00	1.50	1.83	0.00	109.00
gi|526460748|ref|YP_008331325.1|_8-195_1LVH:A:	1.00	3.83	3.14	10.00	0.00	1.90	1.75	2.14	0.00	221.00
gi|526460748|ref|YP_008331325.1|_474-656_1LJ8:A:287-492	1.00	0.00	3.00	11.08	0.00	2.08	1.25	1.75	0.00	206.00
gi|526460750|ref|YP_008331327.1|_126-341,397-496_2EYQ:A:546-778	0.00	5.00	3.00	12.44	0.00	2.44	1.31	2.09	0.00	233.00
gi|526460756|ref|YP_008331333.1|_152-327_2Z1E:A:156-334	0.00	4.57	3.00	10.60	0.00	2.25	1.80	1.90	0.00	179.00
gi|526460756|ref|YP_008331333.1|_3-147_2Z1E:A:43-155	0.00	7.29	0.00	15.50	0.00	1.57	2.25	2.20	0.00	113.00
gi|526460758|ref|YP_008331335.1|_2-163_3CUM:A:1-162	0.00	4.44	0.00	8.75	0.00	1.32	1.18	1.75	0.00	162.00
gi|526460758|ref|YP_008331335.1|_164-282_1VPD:A:164-296	1.00	0.00	3.00	15.00	0.00	2.83	1.25	1.78	0.00	133.00
gi|526460760|ref|YP_008331337.1|_1-75_3D3R:A:1-76	1.00	6.80	0.00	18.00	0.00	1.67	2.00	2.20	0.00	76.00
gi|526460761|ref|YP_008331338.1|_57-265_2P67:A:1-327	1.00	5.71	3.00	13.75	0.00	2.88	1.09	2.14	0.00	326.00
gi|526460763|ref|YP_008331340.1|_229-257,374-598_1QU7:A:	0.00	0.00	3.00	34.50	0.00	1.50	1.00	1.71	0.00	226.00
gi|526460765|ref|YP_008331342.1|_16-231_1LGY:A:	1.00	5.15	3.25	12.83	0.00	1.62	1.36	2.41	0.00	265.00
gi|526460766|ref|YP_008331343.1|_1-192,353-408_2I0Z:A:1-192,A:362-420	1.00	3.73	3.17	10.25	0.00	1.56	1.75	1.80	1.00	251.00
gi|526460766|ref|YP_008331343.1|_193-356_2I0Z:A:193-361	1.00	4.33	3.00	10.00	0.00	1.75	1.25	2.71	0.00	169.00
gi|526460767|ref|YP_008331344.1|_9-106_1S7B:A:	0.00	0.00	0.00	18.25	0.00	2.00	1.57	1.67	0.00	109.00
gi|526460768|ref|YP_008331345.1|_2-438_2GI3:A:1-475	1.00	5.73	3.40	12.23	0.00	2.79	1.58	2.20	0.00	475.00
gi|526460769|ref|YP_008331346.1|_83-351_1ULZ:A:115-328	1.00	7.25	3.00	12.00	0.00	1.91	1.73	2.00	0.00	214.00
gi|526460769|ref|YP_008331346.1|_1-111_1ULZ:A:1-114	0.00	3.40	3.00	8.33	0.00	1.58	2.00	2.17	0.00	114.00
gi|526460769|ref|YP_008331346.1|_330-442_1ULZ:A:329-451	1.00	4.29	3.50	9.00	0.00	2.00	1.44	2.33	0.00	123.00
gi|526460769|ref|YP_008331346.1|_622-747_2PHC:B:86-217	1.00	5.33	3.00	8.50	0.00	1.80	2.00	2.12	0.00	132.00
gi|526460769|ref|YP_008331346.1|_913-1043_2PHC:B:86-217	1.00	5.33	3.00	8.50	0.00	1.80	2.00	2.12	0.00	132.00
gi|526460769|ref|YP_008331346.1|_1119-1193_1O78:A:	1.00	3.17	0.00	0.00	0.00	2.00	1.91	2.00	0.00	84.00
gi|526460769|ref|YP_008331346.1|_798-889_2PHC:B:2-85	0.00	4.40	0.00	18.50	0.00	1.57	1.00	2.20	0.00	84.00
gi|526460772|ref|YP_008331349.1|_3-216_1Q12:A:4-235	1.00	4.27	3.00	9.57	0.00	1.60	1.25	2.50	0.00	232.00
gi|526460773|ref|YP_008331350.1|_72-258_3DHW:A:6-208	0.00	0.00	10.00	15.89	0.00	1.64	1.86	2.11	0.00	203.00
gi|526460774|ref|YP_008331351.1|_39-256_1JNF:A:3-334	1.00	4.92	3.25	9.09	0.00	1.54	1.61	2.17	0.00	332.00
gi|526460779|ref|YP_008331356.1|_184-382_2C5S:A:174-391	1.00	5.33	3.00	10.33	0.00	2.67	1.56	2.33	0.00	218.00
gi|526460779|ref|YP_008331356.1|_10-183_2C5S:A:3-173	1.00	6.50	0.00	12.75	0.00	1.74	1.80	2.00	0.00	171.00
gi|526460779|ref|YP_008331356.1|_403-486_1YT8:A:6-106	1.00	3.40	3.00	8.00	0.00	1.23	1.67	1.86	0.00	101.00
gi|526460783|ref|YP_008331360.1|_174-390_1HRU:A:	1.00	4.86	3.00	8.57	0.00	2.05	1.67	1.91	0.00	186.00
gi|526460783|ref|YP_008331360.1|_2-89_1GXU:A:	0.00	7.20	0.00	10.50	0.00	1.56	2.60	1.33	0.00	88.00
gi|526460787|ref|YP_008331364.1|_4-554_1H2R:L:	1.00	5.42	3.60	13.56	0.00	2.04	1.75	1.93	0.00	534.00
gi|526460788|ref|YP_008331365.1|_72-333_1E3D:A:	1.00	3.44	3.14	6.15	0.00	1.55	1.60	1.78	0.00	262.00
gi|526460790|ref|YP_008331367.1|_3-161_1CFZ:A:	1.00	5.14	3.33	9.00	0.00	1.76	1.40	2.00	0.00	162.00
gi|526460791|ref|YP_008331368.1|_3-227_1KQF:C:	1.00	3.00	3.50	15.00	0.00	1.43	1.43	1.88	0.00	216.00
gi|526460792|ref|YP_008331369.1|_5-557_1H2R:L:	1.00	5.42	3.60	13.56	0.00	2.04	1.75	1.93	0.00	534.00
gi|526460793|ref|YP_008331370.1|_95-355_1H2R:S:	1.00	3.44	3.14	6.31	0.00	1.53	1.47	1.91	0.00	267.00
gi|526460794|ref|YP_008331371.1|_7-449_1E3D:B:	1.00	6.08	3.45	13.31	0.00	2.00	1.55	1.94	0.00	537.00
gi|526460795|ref|YP_008331372.1|_7-252_1FRF:S:	1.00	3.44	3.50	6.21	0.00	1.39	1.32	2.14	0.00	261.00
gi|526460797|ref|YP_008331374.1|_369-845_1L5J:A:373-862	1.00	3.61	3.00	10.69	0.00	2.02	1.55	2.10	0.00	490.00
gi|526460797|ref|YP_008331374.1|_166-363_1L5J:A:161-372	1.00	6.22	4.50	8.57	0.00	1.90	1.17	2.07	0.00	212.00
gi|526460797|ref|YP_008331374.1|_3-163_1L5J:A:1-160	1.00	0.00	3.00	9.70	0.00	1.69	1.50	2.08	0.00	160.00
gi|526460798|ref|YP_008331375.1|_4-144_1T82:A:	1.00	8.50	4.00	14.00	0.00	1.71	1.20	1.67	0.00	143.00
gi|526460799|ref|YP_008331376.1|_166-326_1W25:A:294-455	1.00	4.43	3.00	14.60	0.00	1.67	1.44	1.67	0.00	161.00
gi|526460799|ref|YP_008331376.1|_31-146_1P97:A:	0.00	9.20	0.00	5.75	0.00	1.33	1.33	2.29	0.00	113.00
gi|526460803|ref|YP_008331380.1|_639-825_1IWG:A:7-37,A:331-498	0.00	0.00	3.00	18.12	0.00	2.22	1.14	2.56	1.00	199.00
gi|526460803|ref|YP_008331380.1|_260-415_1IWG:A:7-37,A:331-498	0.00	0.00	3.00	18.12	0.00	2.22	1.14	2.56	1.00	199.00
gi|526460804|ref|YP_008331381.1|_1-178_1T35:A:	0.00	4.57	3.00	9.88	0.00	1.88	1.45	1.90	0.00	179.00
gi|526460805|ref|YP_008331382.1|_1-210_1LVH:A:	1.00	3.83	3.14	10.00	0.00	1.90	1.75	2.14	0.00	221.00
gi|526460808|ref|YP_008331385.1|_4-128_2HI7:B:14-162	0.00	0.00	3.50	12.00	0.00	4.62	1.86	2.22	0.00	149.00
gi|526460809|ref|YP_008331386.1|_405-666_1QG8:A:	1.00	6.89	3.50	9.25	0.00	2.82	1.38	1.92	0.00	255.00
gi|526460809|ref|YP_008331386.1|_34-294_2CYG:A:29-340	1.00	4.80	3.00	10.60	0.00	1.84	1.52	2.11	0.00	312.00
gi|526460812|ref|YP_008331389.1|_102-777_1BY5:A:	1.00	10.64	3.50	4.75	0.00	2.10	1.81	2.40	0.00	697.00
gi|526460813|ref|YP_008331390.1|_324-477_1W25:A:294-455	1.00	4.43	3.00	14.60	0.00	1.67	1.44	1.67	0.00	161.00
gi|526460814|ref|YP_008331391.1|_16-132_2FZF:A:10-167	1.00	0.00	4.00	21.40	0.00	2.70	1.00	1.60	0.00	158.00
gi|526460818|ref|YP_008331395.1|_8-416_1DFO:A:	1.00	3.67	3.25	11.50	0.00	1.67	1.67	2.13	0.00	416.00
gi|526460820|ref|YP_008331397.1|_7-22,51-234_1PU6:A:	0.00	0.00	3.00	10.62	0.00	1.80	1.23	2.54	0.00	217.00
gi|526460821|ref|YP_008331398.1|_1-155_1O1W:A:	0.00	4.14	3.00	9.67	0.00	1.74	2.00	2.17	0.00	137.00
gi|526460822|ref|YP_008331399.1|_4-156_2HTI:A:10-165	0.00	8.57	0.00	11.00	0.00	6.75	2.50	2.00	0.00	156.00
gi|526460823|ref|YP_008331400.1|_4-385_1VEF:A:9-395	1.00	4.41	3.50	10.20	0.00	1.58	1.54	1.93	0.00	387.00
gi|526460824|ref|YP_008331401.1|_10-222_1O65:A:	1.00	4.33	5.00	8.14	0.00	3.26	1.17	1.76	0.00	245.00
gi|526460827|ref|YP_008331404.1|_57-467_1L8A:A:56-470	1.00	4.43	3.17	9.71	0.00	2.35	1.46	2.07	0.00	415.00
gi|526460827|ref|YP_008331404.1|_473-701_1L8A:A:471-700	1.20	4.67	3.25	9.12	0.00	2.78	1.25	2.17	0.00	230.00
gi|526460827|ref|YP_008331404.1|_702-888_1L8A:A:701-886	0.00	5.60	3.00	9.75	0.00	1.65	1.45	2.00	0.00	186.00
gi|526460828|ref|YP_008331405.1|_315-549_1EAF:A:	0.00	5.09	3.80	13.00	0.00	2.39	1.38	2.12	0.00	243.00
gi|526460828|ref|YP_008331405.1|_3-90_1GJX:A:	1.50	3.33	0.00	0.00	0.00	2.50	2.00	0.00	0.00	81.00
gi|526460828|ref|YP_008331405.1|_125-197_1GJX:A:	1.50	3.33	0.00	0.00	0.00	2.50	2.00	0.00	0.00	81.00
gi|526460828|ref|YP_008331405.1|_249-293_1EBD:C:	0.00	0.00	3.00	9.00	0.00	2.60	1.00	2.00	0.00	41.00
gi|526460829|ref|YP_008331406.1|_6-382_1OJT:A:117-275,A:401-470	1.00	7.62	3.25	15.40	0.00	2.73	1.56	1.83	1.00	229.00
gi|526460829|ref|YP_008331406.1|_346-468_1OJT:A:471-598	1.00	5.80	3.00	8.00	0.00	1.79	1.86	1.78	0.00	128.00
gi|526460830|ref|YP_008331407.1|_14-183_1O1Y:A:	1.00	4.91	3.00	12.50	0.00	2.04	1.46	1.69	0.00	238.00
gi|526460831|ref|YP_008331408.1|_101-779_1BY5:A:	1.00	10.64	3.50	4.75	0.00	2.10	1.81	2.40	0.00	697.00
gi|526460832|ref|YP_008331409.1|_3-280_1SNZ:A:	1.00	5.17	3.00	6.00	0.00	1.40	1.45	2.08	0.00	343.00
gi|526460833|ref|YP_008331410.1|_23-232_1K38:A:	1.00	6.57	3.67	9.22	0.00	1.88	1.91	1.94	0.00	241.00
gi|526460834|ref|YP_008331411.1|_75-360_1HV8:A:3-210	0.00	4.57	3.00	10.11	0.00	1.60	1.59	1.67	0.00	208.00
gi|526460835|ref|YP_008331412.1|_59-121,305-324,393-527_1JJ7:A:	1.00	5.50	3.67	8.00	0.00	1.62	1.42	1.80	0.00	251.00
gi|526460838|ref|YP_008331415.1|_9-68_2CRO:A:	0.00	0.00	0.00	8.00	0.00	1.57	1.25	1.80	0.00	65.00
gi|526460842|ref|YP_008331419.1|_421-445,510-735_1QU7:A:	0.00	0.00	3.00	34.50	0.00	1.50	1.00	1.71	0.00	226.00
gi|526460843|ref|YP_008331420.1|_100-245_1F21:A:	1.00	8.80	0.00	10.80	0.00	1.77	1.33	2.00	0.00	152.00
gi|526460848|ref|YP_008331425.1|_2-30,76-270_1K1S:A:1-239	1.00	5.12	4.00	9.40	0.00	1.95	1.20	2.33	0.00	239.00
gi|526460849|ref|YP_008331426.1|_4-175_1G8L:A:7-177	1.11	3.67	3.00	7.67	0.00	1.55	1.78	2.25	0.00	171.00
gi|526460849|ref|YP_008331426.1|_177-320_1T3E:A:499-653	1.00	4.67	0.00	10.00	0.00	1.88	1.22	2.00	0.00	155.00
gi|526460849|ref|YP_008331426.1|_327-398_1G8L:A:327-409	1.00	6.20	3.00	4.00	0.00	1.56	1.17	1.83	0.00	83.00
gi|526460850|ref|YP_008331427.1|_63-321_1EG5:A:	1.11	4.17	3.50	12.58	0.00	1.86	1.13	2.36	0.00	376.00
gi|526460851|ref|YP_008331428.1|_22-274_2PW9:A:7-257	1.00	6.83	3.00	9.00	0.00	2.90	1.82	1.67	0.00	251.00
gi|526460852|ref|YP_008331429.1|_123-314_1KQF:C:	1.00	3.00	3.50	15.00	0.00	1.43	1.43	1.88	0.00	216.00
gi|526460854|ref|YP_008331431.1|_50-586_1H0H:A:1-812	1.12	3.66	3.40	9.16	0.00	1.58	1.33	2.18	0.00	812.00
gi|526460854|ref|YP_008331431.1|_741-763,795-933_1H0H:A:813-977	1.00	5.38	3.00	5.67	0.00	1.88	1.47	1.83	0.00	165.00
gi|526460856|ref|YP_008331433.1|_5-199_1N1C:A:	1.00	0.00	3.25	13.50	0.00	4.18	1.22	2.25	0.00	216.00
gi|526460857|ref|YP_008331434.1|_194-265,420-523_1CLF:A:	1.00	3.00	0.00	0.00	0.00	2.00	1.50	3.17	0.00	55.00
gi|526460858|ref|YP_008331435.1|_30-379_1USG:A:	1.00	4.43	3.33	12.82	0.00	1.94	1.75	2.00	0.00	346.00
gi|526460859|ref|YP_008331436.1|_361-518_2C2A:A:321-481	0.00	6.71	3.00	15.00	0.00	2.92	1.50	1.90	0.00	161.00
gi|526460859|ref|YP_008331436.1|_283-350_2C2A:A:232-320	0.00	0.00	3.00	24.00	0.00	2.33	0.00	1.75	0.00	89.00
gi|526460862|ref|YP_008331439.1|_18-88_1K0V:A:	0.00	3.75	0.00	11.00	0.00	2.33	1.00	2.40	0.00	72.00
gi|526460864|ref|YP_008331441.1|_129-278_1F13:A:191-515	1.00	7.08	3.00	9.56	0.00	1.63	1.56	2.00	0.00	325.00
gi|526460865|ref|YP_008331442.1|_123-312_1KQF:C:	1.00	3.00	3.50	15.00	0.00	1.43	1.43	1.88	0.00	216.00
gi|526460867|ref|YP_008331444.1|_49-628_1H0H:A:1-812	1.12	3.66	3.40	9.16	0.00	1.58	1.33	2.18	0.00	812.00
gi|526460867|ref|YP_008331444.1|_733-762,794-932_1H0H:A:813-977	1.00	5.38	3.00	5.67	0.00	1.88	1.47	1.83	0.00	165.00
gi|526460869|ref|YP_008331446.1|_160-341_2ZOD:A:155-336	1.00	4.14	4.00	9.12	0.00	1.67	1.67	1.78	0.00	182.00
gi|526460869|ref|YP_008331446.1|_7-158_2ZOD:A:3-154	0.00	8.60	3.50	13.33	0.00	3.62	2.00	2.25	0.00	152.00
gi|526460871|ref|YP_008331448.1|_65-449_1T3I:A:	1.12	4.06	3.00	10.60	0.00	1.62	1.21	2.04	0.00	408.00
gi|526460872|ref|YP_008331449.1|_4-192_1EFC:A:8-204	0.00	5.38	3.00	11.71	0.00	1.85	1.33	2.00	0.00	197.00
gi|526460872|ref|YP_008331449.1|_173-260_1WB1:A:180-271	1.00	2.40	3.00	0.00	0.00	2.18	1.80	2.50	0.00	92.00
gi|526460872|ref|YP_008331449.1|_558-608_1LVA:A:575-634	1.00	4.00	0.00	11.67	0.00	1.75	1.00	1.75	0.00	60.00
gi|526460873|ref|YP_008331450.1|_1-120,180-498_1QHH:A:,B:,C:,D:	1.00	5.00	3.42	11.35	0.00	1.81	1.43	2.12	1.00	623.00
gi|526460874|ref|YP_008331451.1|_11-61,97-213_1ITX:A:33-337,A:410-451	1.00	5.45	3.33	10.36	0.00	1.71	1.58	1.86	1.00	347.00
gi|526460875|ref|YP_008331452.1|_324-358,567-620_1ELR:A:	0.00	0.00	0.00	15.29	0.00	1.22	1.00	1.80	0.00	128.00
gi|526460877|ref|YP_008331454.1|_471-625_2C2A:A:321-481	0.00	6.71	3.00	15.00	0.00	2.92	1.50	1.90	0.00	161.00
gi|526460877|ref|YP_008331454.1|_394-466_1JOY:A:	0.00	0.00	0.00	16.00	0.00	2.00	3.50	2.00	0.00	67.00
gi|526460879|ref|YP_008331456.1|_15-87,228-301,355-422_1F48:A:309-586	1.00	5.57	5.00	10.64	0.00	3.89	1.46	1.85	0.00	275.00
gi|526460880|ref|YP_008331457.1|_2-43,109-137,174-514_2HEK:A:1-369	1.00	5.67	3.25	9.25	0.00	1.76	1.53	1.96	0.00	369.00
gi|526460881|ref|YP_008331458.1|_330-557_2BAS:A:2-262	1.00	6.33	3.00	10.50	0.00	1.95	1.70	2.50	0.00	261.00
gi|526460881|ref|YP_008331458.1|_50-146_1G28:A:	1.00	7.20	4.00	8.00	0.00	1.36	1.60	2.00	0.00	104.00
gi|526460881|ref|YP_008331458.1|_167-302_1W25:A:294-455	1.00	4.43	3.00	14.60	0.00	1.67	1.44	1.67	0.00	161.00
gi|526460882|ref|YP_008331459.1|_11-212_1G79:A:	0.00	6.90	3.00	10.60	0.00	2.06	1.67	1.80	0.00	199.00
gi|526460883|ref|YP_008331460.1|_544-705_1W25:A:294-455	1.00	4.43	3.00	14.60	0.00	1.67	1.44	1.67	0.00	161.00
gi|526460883|ref|YP_008331460.1|_423-524_1N9L:A:	0.00	8.00	4.00	8.00	0.00	1.64	1.00	1.86	0.00	109.00
gi|526460883|ref|YP_008331460.1|_227-399_1MC0:A:402-555	0.00	5.57	0.00	14.50	0.00	1.86	1.57	1.82	0.00	154.00
gi|526460884|ref|YP_008331461.1|_70-354_1HV8:A:3-210	0.00	4.57	3.00	10.11	0.00	1.60	1.59	1.67	0.00	208.00
gi|526460888|ref|YP_008331465.1|_244-496_1USU:A:	0.00	5.18	3.00	10.88	0.00	2.08	1.58	2.00	0.00	256.00
gi|526460888|ref|YP_008331465.1|_2-212_1BYQ:A:	0.00	6.00	7.00	11.80	0.00	1.91	1.15	2.17	0.00	213.00
gi|526460888|ref|YP_008331465.1|_520-630_1SF8:A:	0.00	4.00	3.00	11.60	0.00	3.78	1.38	2.33	0.00	125.00
gi|526460889|ref|YP_008331466.1|_18-427_1MWV:A:35-440	1.00	2.86	3.00	10.69	0.00	2.04	1.40	2.00	0.00	405.00
gi|526460889|ref|YP_008331466.1|_428-725_1MWV:A:441-748	1.00	3.42	3.05	10.88	0.00	2.00	1.35	1.94	0.00	713.00
gi|526460891|ref|YP_008331468.1|_19-145_1N11:A:	0.00	0.00	3.00	8.21	0.00	2.54	1.60	1.77	0.00	408.00
gi|526460896|ref|YP_008331473.1|_613-844_2BAS:A:2-262	1.00	6.33	3.00	10.50	0.00	1.95	1.70	2.50	0.00	261.00
gi|526460896|ref|YP_008331473.1|_438-594_1W25:A:294-455	1.00	4.43	3.00	14.60	0.00	1.67	1.44	1.67	0.00	161.00
gi|526460897|ref|YP_008331474.1|_25-158_1G90:A:	1.00	11.38	0.00	0.00	0.00	3.33	2.00	2.60	0.00	176.00
gi|526460898|ref|YP_008331475.1|_41-142_1S7B:A:	0.00	0.00	0.00	18.25	0.00	2.00	1.57	1.67	0.00	109.00
gi|526460898|ref|YP_008331475.1|_208-288_1S7B:A:	0.00	0.00	0.00	18.25	0.00	2.00	1.57	1.67	0.00	109.00
gi|526460902|ref|YP_008331479.1|_26-235_2B6C:A:3-215	0.00	0.00	3.25	10.00	0.00	2.50	1.62	2.45	0.00	213.00
gi|526460903|ref|YP_008331480.1|_1-99_2GO8:A:3-110	0.00	8.50	0.00	11.00	0.00	5.25	1.20	2.00	0.00	108.00
gi|526460905|ref|YP_008331482.1|_5-197_2FEX:A:1-188	1.00	3.78	4.33	7.71	0.00	1.70	1.27	2.14	0.00	188.00
gi|526460906|ref|YP_008331483.1|_40-200_1F3L:A:	1.00	7.33	4.00	9.29	0.00	1.41	1.50	2.00	0.00	321.00
gi|526460907|ref|YP_008331484.1|_104-793_1BY5:A:	1.00	10.64	3.50	4.75	0.00	2.10	1.81	2.40	0.00	697.00
gi|526460909|ref|YP_008331486.1|_30-89,127-345_1GQ6:A:	1.00	6.75	3.50	11.33	0.00	1.91	1.48	2.09	0.00	301.00
gi|526460910|ref|YP_008331487.1|_18-324_1SR9:A:61-370	1.00	6.50	3.00	11.64	0.00	1.59	1.39	2.00	0.00	310.00
gi|526460911|ref|YP_008331488.1|_210-257_1BL0:A:63-124	0.00	0.00	0.00	9.00	0.00	2.14	1.50	1.67	0.00	62.00
gi|526460911|ref|YP_008331488.1|_160-206_1BL0:A:9-62	0.00	0.00	0.00	9.25	0.00	1.75	2.00	4.00	0.00	54.00
gi|526460911|ref|YP_008331488.1|_26-88_2PA7:A:2-136	0.00	5.25	3.00	13.00	0.00	1.76	1.75	2.40	0.00	135.00
gi|526460913|ref|YP_008331490.1|_350-543_1TC6:A:	1.00	6.50	5.33	13.17	0.00	1.74	1.75	2.30	0.00	225.00
gi|526460913|ref|YP_008331490.1|_37-97_2QGS:A:1-216	0.00	0.00	3.67	13.10	0.00	2.86	1.33	2.20	0.00	216.00
gi|526460914|ref|YP_008331491.1|_263-311_1BL0:A:63-124	0.00	0.00	0.00	9.00	0.00	2.14	1.50	1.67	0.00	62.00
gi|526460915|ref|YP_008331492.1|_24-701_1NQE:A:	1.00	10.24	3.00	5.25	0.00	2.95	1.88	2.30	0.00	589.00
gi|526460917|ref|YP_008331494.1|_185-252_2OAU:A:113-179	0.00	4.80	0.00	10.50	0.00	1.00	1.80	2.00	0.00	67.00
gi|526460917|ref|YP_008331494.1|_323-397_2OAU:A:180-280	1.00	8.50	0.00	18.00	0.00	1.70	1.25	1.60	0.00	101.00
gi|526460918|ref|YP_008331495.1|_5-304_1K23:A:	0.00	5.64	3.25	10.00	0.00	1.83	1.35	2.47	0.00	307.00
gi|526460920|ref|YP_008331497.1|_4-169_1WSA:A:	1.00	4.29	3.50	10.22	0.00	2.15	1.77	1.94	0.00	328.00
gi|526460921|ref|YP_008331498.1|_6-467_1JSW:A:	1.00	3.00	3.00	16.47	5.00	1.91	1.40	1.95	0.00	459.00
gi|526460922|ref|YP_008331499.1|_3-229_1JYS:A:	1.00	7.30	3.00	13.50	0.00	1.71	1.33	1.92	0.00	230.00
gi|526460923|ref|YP_008331500.1|_3-127,198-291_1MLA:A:3-127,A:198-307	1.50	3.80	3.00	10.83	0.00	1.68	1.36	1.85	1.00	235.00
gi|526460923|ref|YP_008331500.1|_129-193_1MLA:A:128-197	0.00	6.50	0.00	12.00	0.00	1.33	1.00	1.75	0.00	70.00
gi|526460924|ref|YP_008331501.1|_3-138_1IX5:A:	1.00	3.90	0.00	6.33	0.00	2.09	1.50	1.93	0.00	151.00
gi|526460925|ref|YP_008331502.1|_199-308_1P5Q:A:258-427	0.00	0.00	3.00	19.57	0.00	1.60	1.50	1.83	0.00	170.00
gi|526460934|ref|YP_008331511.1|_98-372_1SKY:B:96-371	1.20	4.33	3.00	10.62	0.00	1.70	1.81	2.44	0.00	276.00
gi|526460934|ref|YP_008331511.1|_374-502_1SKY:B:372-502	0.00	0.00	3.50	13.83	0.00	3.71	1.00	3.25	0.00	131.00
gi|526460934|ref|YP_008331511.1|_12-95_1MAB:A:10-94	1.00	3.20	0.00	0.00	0.00	2.07	1.88	2.22	0.00	86.00
gi|526460938|ref|YP_008331515.1|_113-222_1VZ0:A:116-208	0.00	0.00	3.00	8.57	0.00	1.75	1.33	1.50	0.00	93.00
gi|526460938|ref|YP_008331515.1|_24-124_1VZ0:A:23-115	0.00	4.80	3.00	14.67	0.00	2.14	1.33	1.50	0.00	93.00
gi|526460940|ref|YP_008331517.1|_2-161_1BIA:A:64-270	1.00	6.43	3.00	11.60	0.00	4.07	1.40	2.08	0.00	207.00
gi|526460942|ref|YP_008331519.1|_4-207_1FMT:A:1-206	1.00	5.71	3.00	11.17	0.00	2.20	1.54	2.00	0.00	206.00
gi|526460942|ref|YP_008331519.1|_205-305_1FMT:A:207-314	1.00	6.17	3.00	7.00	0.00	1.80	1.00	2.43	0.00	108.00
gi|526460943|ref|YP_008331520.1|_2-252_2AKO:A:2-251	1.00	5.12	3.33	11.56	0.00	1.88	1.75	2.11	0.00	250.00
gi|526460947|ref|YP_008331524.1|_107-405_1DD9:A:	1.00	4.55	3.25	10.92	0.00	1.77	1.50	1.73	0.00	314.00
gi|526460947|ref|YP_008331524.1|_1-96_1D0Q:A:	0.00	3.40	3.00	9.00	0.00	1.92	1.75	2.29	0.00	102.00
gi|526460950|ref|YP_008331527.1|_1-348_1SQ1:A:	1.00	4.36	3.75	11.00	0.00	4.00	1.43	1.88	0.00	360.00
gi|526460951|ref|YP_008331528.1|_164-246_2VO9:A:1-148	1.00	3.80	3.33	12.00	0.00	2.38	2.11	1.90	0.00	148.00
gi|526460954|ref|YP_008331531.1|_1-142_1E58:A:	1.00	5.00	3.00	9.50	0.00	2.07	1.11	1.89	0.00	247.00
gi|526460956|ref|YP_008331533.1|_73-152,188-353_1XZP:A:212-371	1.00	6.17	3.00	8.67	0.00	2.40	1.60	1.50	0.00	160.00
gi|526460962|ref|YP_008331539.1|_161-549_1QVR:A:149-535	0.00	3.62	0.00	13.56	0.00	2.70	1.53	2.12	0.00	387.00
gi|526460962|ref|YP_008331539.1|_550-845_1QVR:A:536-850	1.00	4.00	3.50	9.93	0.00	1.93	1.62	1.93	0.00	315.00
gi|526460962|ref|YP_008331539.1|_7-157_1QVR:A:4-148	0.00	2.00	3.00	11.14	0.00	1.69	1.67	1.86	0.00	145.00
gi|526460963|ref|YP_008331540.1|_3-177_2ETJ:A:1-221	1.00	6.40	5.00	10.10	0.00	2.15	1.73	2.11	0.00	221.00
gi|526460967|ref|YP_008331544.1|_4-160_1FVG:A:	1.00	4.38	3.00	9.80	0.00	2.09	1.62	2.00	0.00	192.00
gi|526460968|ref|YP_008331545.1|_4-118_1XM0:A:1-143	0.00	4.12	3.00	6.00	0.00	2.50	1.77	2.00	0.00	143.00
gi|526460969|ref|YP_008331546.1|_12-188_1NR9:A:	1.10	4.64	3.00	7.25	0.00	2.19	1.46	2.00	0.00	222.00
gi|526460971|ref|YP_008331548.1|_26-211_1NQZ:A:	1.33	5.55	4.50	9.00	0.00	2.80	1.75	2.00	0.00	187.00
gi|526460972|ref|YP_008331549.1|_2-418_1QJ5:A:	1.00	4.47	4.17	12.08	0.00	1.95	1.67	2.36	0.00	429.00
gi|526460973|ref|YP_008331550.1|_337-553_1S50:A:2-117,A:120-259	1.00	3.62	4.00	8.64	0.00	1.82	1.44	1.86	1.00	256.00
gi|526460973|ref|YP_008331550.1|_24-258_1US5:A:	1.00	6.70	3.50	8.67	0.00	1.59	1.44	2.25	0.00	298.00
gi|526460973|ref|YP_008331550.1|_705-843_2C2A:A:321-481	0.00	6.71	3.00	15.00	0.00	2.92	1.50	1.90	0.00	161.00
gi|526460973|ref|YP_008331550.1|_630-706_2C2A:A:232-320	0.00	0.00	3.00	24.00	0.00	2.33	0.00	1.75	0.00	89.00
gi|526460974|ref|YP_008331551.1|_204-510_1ZCZ:A:158-452	1.00	5.12	4.00	10.88	0.00	1.88	1.59	2.27	0.00	295.00
gi|526460974|ref|YP_008331551.1|_2-190_1PKX:A:3-200	1.00	4.00	3.00	10.30	0.00	2.00	1.33	2.30	0.00	198.00
gi|526460975|ref|YP_008331552.1|_204-427_1VK3:A:167-345	1.00	6.14	3.00	10.00	0.00	3.06	1.30	1.86	0.00	179.00
gi|526460975|ref|YP_008331552.1|_36-198_1VK3:A:2-166	1.00	8.40	3.00	9.71	0.00	1.54	1.75	1.70	0.00	165.00
gi|526460975|ref|YP_008331552.1|_406-567_1VK3:A:346-507	1.00	5.88	3.00	11.50	0.00	2.24	1.40	2.12	0.00	162.00
gi|526460975|ref|YP_008331552.1|_570-727_1T3T:A:817-1033	1.00	6.29	3.00	10.38	0.00	2.22	1.33	2.00	0.00	217.00
gi|526460976|ref|YP_008331553.1|_61-194_1Y7M:A:49-164	1.00	4.90	3.00	10.00	0.00	1.77	1.50	2.29	0.00	116.00
gi|526460976|ref|YP_008331553.1|_209-317_3B7C:A:1-121	1.00	8.50	3.00	11.00	0.00	1.25	1.60	2.00	0.00	121.00
gi|526460977|ref|YP_008331554.1|_89-342_1QWY:A:	0.00	3.95	3.00	5.00	0.00	3.19	1.68	2.00	0.00	270.00
gi|526460978|ref|YP_008331555.1|_5-184_1WUR:A:32-216	0.00	7.14	3.50	9.62	0.00	1.44	1.62	1.88	0.00	185.00
gi|526460981|ref|YP_008331558.1|_82-450_1P9R:A:	1.00	6.19	3.00	9.36	0.00	2.89	1.72	1.94	0.00	417.00
gi|526460984|ref|YP_008331561.1|_7-176_1EGA:A:4-182	1.00	6.14	0.00	10.40	0.00	2.18	2.18	2.20	0.00	179.00
gi|526460984|ref|YP_008331561.1|_177-291_1WF3:A:181-298	1.00	10.00	3.00	10.40	0.00	1.50	1.50	1.57	0.00	118.00
gi|526460985|ref|YP_008331562.1|_201-500_1G8P:A:	1.00	4.00	3.00	11.15	0.00	2.16	1.20	2.00	0.00	333.00
gi|526460985|ref|YP_008331562.1|_12-165_1RRE:A:	1.00	5.10	9.00	9.50	0.00	1.41	1.45	2.00	0.00	182.00
gi|526460986|ref|YP_008331563.1|_273-299,367-593_1QU7:A:	0.00	0.00	3.00	34.50	0.00	1.50	1.00	1.71	0.00	226.00
gi|526460989|ref|YP_008331566.1|_1-167_1BS4:A:	1.00	5.29	4.00	15.67	0.00	2.15	1.00	2.00	0.00	168.00
gi|526460992|ref|YP_008331569.1|_155-338_2AK3:A:0-124,A:162-225	1.00	4.80	1.00	12.62	0.00	2.12	1.30	1.75	1.00	189.00
gi|526460993|ref|YP_008331570.1|_90-276_1E2F:A:	0.00	4.29	3.00	10.56	0.00	1.71	1.33	1.88	0.00	210.00
gi|526460994|ref|YP_008331571.1|_23-253_2TOD:A:44-283	1.00	4.00	3.00	11.33	0.00	2.33	1.60	1.90	0.00	240.00
gi|526460994|ref|YP_008331571.1|_219-371_1F3T:A:14-43,A:284-422	1.00	6.00	3.00	5.67	0.00	3.29	1.56	2.20	1.00	169.00
gi|526460995|ref|YP_008331572.1|_3-173_1NVT:A:111-287	0.00	4.17	0.00	11.00	0.00	1.76	2.00	1.78	0.00	177.00
gi|526460997|ref|YP_008331574.1|_88-145,174-228_1Y7M:A:49-164	1.00	4.90	3.00	10.00	0.00	1.77	1.50	2.29	0.00	116.00
gi|526460999|ref|YP_008331576.1|_17-382_1IBJ:A:	1.00	4.42	3.00	10.33	0.00	1.75	1.76	2.36	0.00	380.00
gi|526461000|ref|YP_008331577.1|_177-493_1IBJ:A:	1.00	4.42	3.00	10.33	0.00	1.75	1.76	2.36	0.00	380.00
gi|526461002|ref|YP_008331579.1|_73-89,144-268_2FDN:A:	0.00	2.50	3.00	4.00	0.00	1.92	3.00	2.00	0.00	55.00
gi|526461004|ref|YP_008331581.1|_365-437_1DVV:A:	0.00	0.00	0.00	8.40	0.00	2.50	3.75	1.67	0.00	82.00
gi|526461005|ref|YP_008331582.1|_386-458_1C6R:A:	1.00	0.00	3.00	9.60	0.00	1.75	1.80	2.00	0.00	88.00
gi|526461006|ref|YP_008331583.1|_132-219_1KGS:A:124-225	0.00	3.57	0.00	12.00	0.00	2.71	1.50	2.67	0.00	102.00
gi|526461006|ref|YP_008331583.1|_1-181_1KGS:A:2-123	0.00	4.80	0.00	11.00	0.00	2.09	1.67	1.67	0.00	122.00
gi|526461009|ref|YP_008331586.1|_18-306_1PQ4:A:	1.00	4.50	3.00	12.44	0.00	3.25	1.55	2.70	0.00	289.00
gi|526461012|ref|YP_008331589.1|_20-180_1IQC:A:1-150	1.00	2.00	3.00	9.67	0.00	2.53	2.00	2.14	0.00	150.00
gi|526461012|ref|YP_008331589.1|_174-247,275-362_1IQC:A:151-308	1.00	3.00	3.00	9.60	0.00	2.94	1.31	1.91	0.00	158.00
gi|526461015|ref|YP_008331592.1|_338-465_1NML:A:167-326	1.00	4.00	3.00	9.00	0.00	3.59	1.00	2.20	0.00	160.00
gi|526461023|ref|YP_008331600.1|_1-249_1UB0:A:	1.00	6.56	3.00	12.38	0.00	2.95	1.42	1.82	0.00	258.00
gi|526461025|ref|YP_008331602.1|_58-304_1YQ2:A:313-609	1.00	4.31	3.25	10.62	0.00	1.77	1.38	2.42	0.00	297.00
gi|526461030|ref|YP_008331607.1|_293-435_2C2A:A:321-481	0.00	6.71	3.00	15.00	0.00	2.92	1.50	1.90	0.00	161.00
gi|526461030|ref|YP_008331607.1|_219-285_2C2A:A:232-320	0.00	0.00	3.00	24.00	0.00	2.33	0.00	1.75	0.00	89.00
gi|526461031|ref|YP_008331608.1|_7-132_1S8N:A:	0.00	5.60	3.00	13.88	0.00	1.50	1.60	2.00	0.00	190.00
gi|526461031|ref|YP_008331608.1|_142-224_1KGS:A:124-225	0.00	3.57	0.00	12.00	0.00	2.71	1.50	2.67	0.00	102.00
gi|526461032|ref|YP_008331609.1|_88-169_1SFE:A:93-176	1.50	2.00	3.00	9.25	0.00	1.33	1.00	1.89	0.00	84.00
gi|526461032|ref|YP_008331609.1|_52-93_1SFE:A:12-92	1.00	5.75	0.00	13.00	0.00	1.78	1.80	2.00	0.00	81.00
gi|526461033|ref|YP_008331610.1|_2-186_1K2Y:X:5-154	1.00	5.14	3.00	12.75	0.00	1.93	1.60	1.80	0.00	150.00
gi|526461033|ref|YP_008331610.1|_162-262_1K2Y:X:155-258	0.00	4.40	4.00	9.33	0.00	1.50	1.22	1.75	0.00	104.00
gi|526461033|ref|YP_008331610.1|_267-356_1K2Y:X:259-367	1.00	4.00	0.00	10.80	0.00	1.00	1.33	1.62	0.00	109.00
gi|526461033|ref|YP_008331610.1|_368-464_1K2Y:X:368-463	0.00	4.83	0.00	14.50	0.00	2.50	2.75	2.33	0.00	96.00
gi|526461034|ref|YP_008331611.1|_2-234_1F89:A:	1.00	5.31	5.00	11.00	0.00	2.69	1.71	2.18	0.00	281.00
gi|526461038|ref|YP_008331615.1|_1-164_1FUE:A:	1.00	4.83	3.00	8.83	0.00	1.61	1.67	2.18	0.00	163.00
gi|526461041|ref|YP_008331618.1|_77-228_1TIQ:A:	0.00	8.57	3.00	12.00	0.00	2.09	1.83	2.00	0.00	179.00
gi|526461042|ref|YP_008331619.1|_3-237_1GEQ:A:	1.00	4.88	3.00	10.73	0.00	2.08	1.33	1.73	0.00	248.00
gi|526461043|ref|YP_008331620.1|_11-269_1M3U:A:	0.00	4.50	3.00	9.91	0.00	1.81	1.72	1.75	0.00	262.00
gi|526461046|ref|YP_008331623.1|_13-104_1DJ7:A:	1.00	0.00	0.00	11.40	0.00	1.33	1.78	2.00	0.00	109.00
gi|526461046|ref|YP_008331623.1|_137-236_1YT8:A:107-242	1.00	3.60	3.00	9.33	0.00	1.61	1.56	2.00	0.00	136.00
gi|526461047|ref|YP_008331624.1|_31-233_1TV8:A:	1.00	4.91	3.00	10.50	0.00	1.97	1.65	2.10	0.00	327.00
gi|526461048|ref|YP_008331625.1|_3-344_1URO:A:	1.00	4.33	4.00	10.44	0.00	1.82	1.59	1.84	0.00	357.00
gi|526461050|ref|YP_008331627.1|_132-326_2GZ1:A:128-329	1.00	6.50	3.33	12.00	0.00	1.79	1.82	2.09	0.00	202.00
gi|526461050|ref|YP_008331627.1|_3-159_2GZ1:A:2-127,A:330-357	1.00	5.14	4.50	10.25	0.00	1.53	1.20	2.67	1.00	152.00
gi|526461051|ref|YP_008331628.1|_33-487_1AB4:A:	1.00	3.60	3.50	12.81	0.00	2.25	1.56	2.32	0.00	493.00
gi|526461051|ref|YP_008331628.1|_499-819_1SUU:A:	1.00	5.35	3.14	0.00	0.00	2.09	1.12	2.00	0.00	304.00
gi|526461053|ref|YP_008331630.1|_14-390_1VZ6:A:	1.00	7.29	3.00	11.36	0.00	2.31	2.13	1.79	0.00	383.00
gi|526461054|ref|YP_008331631.1|_136-283_2FY8:A:116-244	0.00	4.00	3.00	9.00	0.00	1.29	1.40	2.00	0.00	130.00
gi|526461054|ref|YP_008331631.1|_279-366_2FY8:A:245-336	1.00	5.75	0.00	7.50	0.00	1.31	1.60	2.00	0.00	92.00
gi|526461054|ref|YP_008331631.1|_30-160_1LNQ:A:19-98	0.00	0.00	0.00	5.20	0.00	2.60	2.00	3.38	0.00	80.00
gi|526461056|ref|YP_008331633.1|_53-285_2IW1:A:2-371	0.00	3.93	3.00	10.25	0.00	1.73	1.23	1.88	0.00	370.00
gi|526461057|ref|YP_008331634.1|_11-69_2GMW:A:24-205	1.00	4.67	3.00	8.86	0.00	1.45	1.64	1.80	0.00	182.00
gi|526461058|ref|YP_008331635.1|_6-329_1EQ2:A:	1.00	4.44	4.00	9.82	0.00	3.17	1.47	1.80	0.00	307.00
gi|526461059|ref|YP_008331636.1|_9-314_2FV7:A:15-322	0.00	5.07	3.60	10.20	0.00	1.82	1.53	1.86	0.00	308.00
gi|526461059|ref|YP_008331636.1|_343-470_1COZ:A:	1.00	5.60	3.00	7.80	0.00	1.92	1.33	2.10	0.00	126.00
gi|526461060|ref|YP_008331637.1|_2-187_1TK9:A:	0.00	5.00	3.33	13.12	0.00	1.71	1.62	1.67	0.00	187.00
gi|526461062|ref|YP_008331639.1|_224-554_1AUK:A:	1.00	4.44	3.42	11.44	0.00	2.13	1.59	2.19	0.00	485.00
gi|526461063|ref|YP_008331640.1|_4-312_1PSW:A:	0.00	4.67	3.00	8.85	0.00	2.31	1.52	2.19	0.00	348.00
gi|526461064|ref|YP_008331641.1|_82-357_1UHV:A:14-359	1.00	3.87	3.60	12.89	0.00	1.67	1.21	2.05	0.00	346.00
gi|526461067|ref|YP_008331644.1|_1-276_1PSW:A:	0.00	4.67	3.00	8.85	0.00	2.31	1.52	2.19	0.00	348.00
gi|526461068|ref|YP_008331645.1|_26-348_1PSW:A:	0.00	4.67	3.00	8.85	0.00	2.31	1.52	2.19	0.00	348.00
gi|526461069|ref|YP_008331646.1|_45-176_3BLH:A:8-325	1.00	4.60	3.00	10.44	0.00	3.21	1.65	2.07	0.00	318.00
gi|526461070|ref|YP_008331647.1|_1-134_1QG8:A:	1.00	6.89	3.50	9.25	0.00	2.82	1.38	1.92	0.00	255.00
gi|526461071|ref|YP_008331648.1|_1-223_1EZI:A:	0.00	4.91	3.00	9.14	0.00	2.19	1.58	2.00	0.00	224.00
gi|526461072|ref|YP_008331649.1|_4-372_1O6C:A:	0.00	4.38	3.25	10.57	0.00	2.75	1.21	2.64	0.00	377.00
gi|526461073|ref|YP_008331650.1|_2-295_1XUU:A:2-281	1.00	4.70	3.20	10.60	0.00	1.71	1.46	1.88	0.00	280.00
gi|526461073|ref|YP_008331650.1|_277-343_1XUU:A:282-349	1.14	4.00	3.67	7.00	0.00	1.15	1.67	2.25	0.00	68.00
gi|526461076|ref|YP_008331653.1|_11-355_2IW1:A:2-371	0.00	3.93	3.00	10.25	0.00	1.73	1.23	1.88	0.00	370.00
gi|526461077|ref|YP_008331654.1|_138-234,261-334_1UAN:A:	1.00	5.38	3.00	13.00	0.00	2.12	1.54	1.80	0.00	227.00
gi|526461079|ref|YP_008331656.1|_297-613_1EQJ:A:3-76,A:311-510	1.00	5.25	3.25	9.67	0.00	1.97	1.10	2.18	1.00	274.00
gi|526461081|ref|YP_008331658.1|_19-163_1TQI:A:91-282	0.00	4.60	3.00	16.25	0.00	3.07	1.56	2.25	0.00	192.00
gi|526461083|ref|YP_008331660.1|_3-332_1PSW:A:	0.00	4.67	3.00	8.85	0.00	2.31	1.52	2.19	0.00	348.00
gi|526461084|ref|YP_008331661.1|_129-299_1T6C:A:133-312	0.00	6.17	3.00	10.50	0.00	1.92	1.20	2.11	0.00	180.00
gi|526461084|ref|YP_008331661.1|_6-127_1T6C:A:7-132	0.00	7.60	0.00	10.80	0.00	1.67	1.50	1.86	0.00	126.00
gi|526461084|ref|YP_008331661.1|_312-467_1U6Z:A:313-509	0.00	5.67	3.33	14.14	0.00	2.12	1.50	2.55	0.00	197.00
gi|526461086|ref|YP_008331663.1|_10-219_1XI6:A:	1.00	5.31	3.25	11.17	0.00	2.50	1.62	2.09	0.00	249.00
gi|526461087|ref|YP_008331664.1|_140-392_1H7W:A:184-287,A:441-532	1.00	3.14	3.67	10.50	0.00	2.04	1.47	2.08	1.00	196.00
gi|526461087|ref|YP_008331664.1|_3-151_1H7W:A:2-183	1.00	0.00	3.50	9.12	0.00	2.90	1.18	1.92	0.00	182.00
gi|526461087|ref|YP_008331664.1|_327-455_1H7W:A:184-287,A:441-532	1.00	3.14	3.67	10.50	0.00	2.04	1.47	2.08	1.00	196.00
gi|526461088|ref|YP_008331665.1|_443-1187_1LLW:A:439-1239	1.00	3.16	3.17	9.96	0.00	2.42	1.67	2.03	0.00	801.00
gi|526461088|ref|YP_008331665.1|_15-429_1LLW:A:1-422	1.00	6.06	3.11	9.38	0.00	1.80	1.54	2.10	0.00	422.00
gi|526461088|ref|YP_008331665.1|_1216-1469_1LLW:A:1240-1507	0.00	7.00	3.00	8.00	0.00	1.73	1.35	3.11	0.00	268.00
gi|526461090|ref|YP_008331667.1|_3-255_1TV8:A:	1.00	4.91	3.00	10.50	0.00	1.97	1.65	2.10	0.00	327.00
gi|526461091|ref|YP_008331668.1|_275-310,375-594_1QU7:A:	0.00	0.00	3.00	34.50	0.00	1.50	1.00	1.71	0.00	226.00
gi|526461094|ref|YP_008331671.1|_4-125_2CVE:A:2-124	1.00	6.14	0.00	13.33	0.00	1.30	1.75	2.00	0.00	123.00
gi|526461094|ref|YP_008331671.1|_135-183_1VI7:A:138-208	0.00	5.75	0.00	11.00	0.00	2.00	2.50	2.00	0.00	70.00
gi|526461096|ref|YP_008331673.1|_148-280_1MRZ:A:159-288	1.00	7.17	3.00	21.00	0.00	3.79	1.33	2.00	0.00	130.00
gi|526461096|ref|YP_008331673.1|_18-160_1MRZ:A:2-158	1.00	3.86	3.50	8.00	0.00	1.63	1.50	2.18	0.00	157.00
gi|526461100|ref|YP_008331677.1|_5-217_1DIQ:A:7-242	1.00	4.00	3.50	9.33	0.00	1.64	1.53	2.37	0.00	236.00
gi|526461100|ref|YP_008331677.1|_220-461_1DIQ:A:243-521	1.00	6.25	3.80	11.60	0.00	1.79	1.46	2.07	0.00	279.00
gi|526461104|ref|YP_008331681.1|_41-137_1S7B:A:	0.00	0.00	0.00	18.25	0.00	2.00	1.57	1.67	0.00	109.00
gi|526461104|ref|YP_008331681.1|_206-292_1S7B:A:	0.00	0.00	0.00	18.25	0.00	2.00	1.57	1.67	0.00	109.00
gi|526461105|ref|YP_008331682.1|_3-265_1FXQ:A:	1.00	4.08	3.14	10.75	0.00	1.45	1.44	2.33	0.00	263.00
gi|526461106|ref|YP_008331683.1|_29-227_1OUV:A:	0.00	0.00	0.00	12.47	0.00	2.33	2.71	1.60	0.00	272.00
gi|526461108|ref|YP_008331685.1|_3-130_1TZV:A:	0.00	0.00	3.00	13.86	0.00	1.46	1.33	1.83	0.00	141.00
gi|526461109|ref|YP_008331686.1|_4-231_1DBT:A:	1.00	4.50	3.00	8.73	0.00	1.38	1.25	1.81	0.00	237.00
gi|526461111|ref|YP_008331688.1|_4-228_1VPL:A:	1.00	6.20	4.00	9.89	0.00	1.72	1.33	2.27	0.00	238.00
gi|526461114|ref|YP_008331691.1|_5-186_1XZP:A:212-371	1.00	6.17	3.00	8.67	0.00	2.40	1.60	1.50	0.00	160.00
gi|526461119|ref|YP_008331696.1|_392-411,448-686_2B8E:A:416-434,A:548-663	1.00	4.33	0.00	7.83	5.00	1.94	1.67	1.80	1.00	135.00
gi|526461119|ref|YP_008331696.1|_194-291_1SU4:A:125-239	1.00	3.78	3.00	0.00	0.00	1.62	1.70	2.71	0.00	115.00
gi|526461119|ref|YP_008331696.1|_142-195,292-387_1SU4:A:1-124,A:240-343,A:751-994	1.00	2.00	3.25	16.11	0.00	2.41	1.70	1.91	1.00	472.00
gi|526461119|ref|YP_008331696.1|_4-69_1JWW:A:	0.00	5.25	0.00	11.50	0.00	2.43	2.40	1.75	0.00	80.00
gi|526461120|ref|YP_008331697.1|_22-109_1R1U:A:	1.00	6.00	0.00	12.00	0.00	1.50	1.25	1.40	0.00	94.00
gi|526461121|ref|YP_008331698.1|_28-708_1BY5:A:	1.00	10.64	3.50	4.75	0.00	2.10	1.81	2.40	0.00	697.00
gi|526461123|ref|YP_008331700.1|_805-1024_1IWG:A:513-566,A:869-1036	1.00	0.00	3.00	14.36	0.00	1.54	2.71	2.00	1.00	222.00
gi|526461123|ref|YP_008331700.1|_289-483_1IWG:A:7-37,A:331-498	0.00	0.00	3.00	18.12	0.00	2.22	1.14	2.56	1.00	199.00
gi|526461123|ref|YP_008331700.1|_48-132_1IWG:A:38-134	0.00	6.50	3.00	6.00	0.00	1.82	1.17	2.00	0.00	97.00
gi|526461123|ref|YP_008331700.1|_139-180,265-319_1IWG:A:135-181,A:274-330	0.00	6.00	3.00	5.25	0.00	1.82	1.50	2.33	1.00	104.00
gi|526461123|ref|YP_008331700.1|_182-263_1IWG:A:182-273	0.00	4.50	0.00	6.25	0.00	3.12	1.25	2.00	0.00	92.00
gi|526461123|ref|YP_008331700.1|_735-805_1IWG:A:725-812	0.00	5.00	3.33	9.50	0.00	2.00	2.00	1.50	0.00	88.00
gi|526461125|ref|YP_008331702.1|_50-357_1EK9:A:	0.00	9.86	3.00	31.11	0.00	2.00	1.67	1.89	0.00	428.00
gi|526461128|ref|YP_008331705.1|_12-182_1U0S:Y:	0.00	5.00	3.00	11.00	0.00	1.33	1.40	2.00	0.00	118.00
gi|526461129|ref|YP_008331706.1|_418-566_2C2A:A:321-481	0.00	6.71	3.00	15.00	0.00	2.92	1.50	1.90	0.00	161.00
gi|526461129|ref|YP_008331706.1|_346-420_2C2A:A:232-320	0.00	0.00	3.00	24.00	0.00	2.33	0.00	1.75	0.00	89.00
gi|526461132|ref|YP_008331709.1|_1-83_1MWQ:A:	0.00	8.50	3.00	8.00	0.00	1.50	4.00	1.60	0.00	100.00
gi|526461144|ref|YP_008331721.1|_251-389_2UAG:A:298-437	1.00	5.00	4.00	8.50	0.00	1.57	1.75	2.11	0.00	140.00
gi|526461144|ref|YP_008331721.1|_79-191_2UAG:A:94-297	1.00	4.56	3.20	10.50	0.00	2.36	1.62	2.00	0.00	204.00
gi|526461146|ref|YP_008331723.1|_76-294_1EQJ:A:77-310	1.00	5.00	3.00	10.62	0.00	1.77	1.53	1.92	0.00	234.00
gi|526461146|ref|YP_008331723.1|_3-76,299-487_1EQJ:A:3-76,A:311-510	1.00	5.25	3.25	9.67	0.00	1.97	1.10	2.18	1.00	274.00
gi|526461147|ref|YP_008331724.1|_16-221_3DHW:C:1-240	1.00	6.40	3.00	11.43	0.00	1.57	1.47	2.67	0.00	240.00
gi|526461148|ref|YP_008331725.1|_207-229,257-628_2C5W:B:266-650	1.00	4.56	3.60	10.27	0.00	1.98	1.50	2.11	0.00	385.00
gi|526461148|ref|YP_008331725.1|_37-250_2OQO:A:57-243	1.00	0.00	3.00	10.10	0.00	2.22	1.64	2.43	0.00	187.00
gi|526461149|ref|YP_008331726.1|_266-357_2HSJ:A:1-211	1.00	4.80	3.25	10.89	0.00	1.77	1.89	1.78	0.00	211.00
gi|526461152|ref|YP_008331729.1|_1-263_1M65:A:	1.00	4.62	3.20	9.38	0.00	2.37	1.08	1.79	0.00	244.00
gi|526461154|ref|YP_008331731.1|_1-73_1FM0:D:	1.00	4.00	0.00	7.67	0.00	1.69	1.00	1.83	0.00	81.00
gi|526461155|ref|YP_008331732.1|_1-219_2NXO:A:5-281	1.00	5.70	3.33	9.75	0.00	2.20	1.44	1.75	0.00	277.00
gi|526461157|ref|YP_008331734.1|_4-338_1F0K:A:	0.00	4.23	3.33	9.62	0.00	2.23	1.60	1.83	0.00	363.00
gi|526461159|ref|YP_008331736.1|_199-417,446-608_1K25:A:264-631	1.08	6.25	6.00	13.57	0.00	3.55	1.70	3.06	0.00	368.00
gi|526461159|ref|YP_008331736.1|_53-248_1QME:A:71-263	1.00	4.17	0.00	4.67	0.00	11.50	1.75	1.75	0.00	193.00
gi|526461160|ref|YP_008331737.1|_21-157_1W74:A:	1.00	5.62	3.00	11.50	0.00	1.61	1.83	2.08	0.00	171.00
gi|526461162|ref|YP_008331739.1|_431-729_1KSF:X:437-755	1.00	5.40	3.00	10.08	0.00	2.28	1.76	2.00	0.00	319.00
gi|526461162|ref|YP_008331739.1|_156-408_1KSF:X:168-436	0.00	5.00	3.00	11.30	5.00	2.32	2.11	2.27	0.00	269.00
gi|526461162|ref|YP_008331739.1|_1-140_1K6K:A:	1.00	2.00	0.00	11.12	0.00	1.29	1.38	1.71	0.00	142.00
gi|526461164|ref|YP_008331741.1|_11-198_1BYI:A:	1.00	4.50	3.00	9.88	0.00	1.61	1.57	1.79	0.00	224.00
gi|526461166|ref|YP_008331743.1|_29-536_1RY2:A:	1.00	4.11	0.00	8.90	0.00	1.93	1.52	1.95	0.00	640.00
gi|526461166|ref|YP_008331743.1|_550-777_1U5H:A:	1.00	4.88	3.00	8.90	0.00	1.52	1.12	1.88	0.00	223.00
gi|526461167|ref|YP_008331744.1|_2-152_1Q6W:A:	1.00	9.17	3.00	9.25	0.00	1.75	1.17	1.75	0.00	151.00
gi|526461167|ref|YP_008331744.1|_188-347_2BI0:A:186-337	0.00	8.50	3.00	9.67	0.00	2.06	1.50	2.38	0.00	152.00
gi|526461168|ref|YP_008331745.1|_43-262_1SGJ:A:	0.00	4.88	3.00	9.70	0.00	2.00	1.28	1.87	0.00	231.00
gi|526461171|ref|YP_008331748.1|_464-490,611-839_1QU7:A:	0.00	0.00	3.00	34.50	0.00	1.50	1.00	1.71	0.00	226.00
gi|526461172|ref|YP_008331749.1|_10-127_2OAR:A:10-118	0.00	3.00	0.00	17.20	0.00	2.25	1.00	2.00	0.00	118.00
gi|526461175|ref|YP_008331752.1|_1-72_1ILO:A:	0.00	4.75	0.00	9.00	0.00	1.44	2.75	1.75	0.00	77.00
gi|526461178|ref|YP_008331755.1|_1-123_1JL3:A:	1.00	5.50	3.00	11.20	0.00	2.54	1.71	2.00	0.00	137.00
gi|526461179|ref|YP_008331756.1|_2-172_1EJE:A:	1.00	5.29	4.50	6.00	0.00	1.90	1.67	2.08	0.00	192.00
gi|526461180|ref|YP_008331757.1|_10-389_1PV7:A:	0.00	0.00	4.00	15.09	0.00	1.72	1.67	1.86	0.00	417.00
gi|526461182|ref|YP_008331759.1|_2-375_1UCU:A:	1.00	5.30	3.00	28.71	0.00	1.73	1.46	2.14	0.00	494.00
gi|526461184|ref|YP_008331761.1|_152-315_1QQE:A:	0.00	0.00	3.00	14.07	0.00	2.19	1.60	2.00	0.00	290.00
gi|526461191|ref|YP_008331768.1|_29-270_1G3Q:A:	0.00	5.50	3.33	8.55	0.00	1.60	1.50	1.79	0.00	237.00
gi|526461192|ref|YP_008331769.1|_178-377_1FTS:A:285-495	0.00	4.62	3.00	12.29	0.00	2.10	1.43	2.25	0.00	211.00
gi|526461196|ref|YP_008331773.1|_204-280_1O6A:A:	0.00	9.20	0.00	6.67	0.00	1.43	0.00	1.83	0.00	87.00
gi|526461196|ref|YP_008331773.1|_4-155_1XKR:A:	0.00	7.00	7.00	16.80	0.00	2.06	1.62	1.71	0.00	205.00
gi|526461198|ref|YP_008331775.1|_72-122,379-417_1OUV:A:	0.00	0.00	0.00	12.47	0.00	2.33	2.71	1.60	0.00	272.00
gi|526461198|ref|YP_008331775.1|_68-227_1KT1:A:254-421	0.00	0.00	3.00	18.86	0.00	1.33	1.00	2.00	0.00	168.00
gi|526461200|ref|YP_008331777.1|_74-240_1WLG:A:	1.00	4.92	3.00	0.00	0.00	1.80	1.31	2.14	0.00	293.00
gi|526461200|ref|YP_008331777.1|_530-697_1WLG:A:	1.00	4.92	3.00	0.00	0.00	1.80	1.31	2.14	0.00	293.00
gi|526461201|ref|YP_008331778.1|_76-279,451-543_1WLG:A:	1.00	4.92	3.00	0.00	0.00	1.80	1.31	2.14	0.00	293.00
gi|526461208|ref|YP_008331785.1|_89-179_1WLG:A:	1.00	4.92	3.00	0.00	0.00	1.80	1.31	2.14	0.00	293.00
gi|526461211|ref|YP_008331788.1|_92-222_1WLG:A:	1.00	4.92	3.00	0.00	0.00	1.80	1.31	2.14	0.00	293.00
gi|526461214|ref|YP_008331791.1|_97-168_2F1L:A:101-175	0.00	5.17	0.00	4.00	0.00	1.60	2.25	2.50	0.00	75.00
gi|526461214|ref|YP_008331791.1|_7-85_2F1L:A:7-95	0.00	7.83	4.50	5.00	0.00	1.50	1.67	2.80	0.00	89.00
gi|526461217|ref|YP_008331794.1|_89-291_1LS1:A:89-295	0.00	4.62	3.00	12.57	0.00	2.60	1.67	1.75	0.00	207.00
gi|526461217|ref|YP_008331794.1|_291-424_1HQ1:A:	0.00	0.00	3.00	10.80	0.00	5.86	1.50	1.00	0.00	104.00
gi|526461217|ref|YP_008331794.1|_1-82_1OKK:D:21-78	0.00	0.00	0.00	12.67	0.00	1.83	1.00	1.75	0.00	58.00
gi|526461219|ref|YP_008331796.1|_53-361_2F9F:A:2-167	1.00	4.17	3.00	9.57	0.00	1.84	1.27	2.00	0.00	166.00
gi|526461221|ref|YP_008331798.1|_1-243_2FYW:A:1-265	1.00	5.50	3.50	9.78	0.00	1.85	1.25	1.83	0.00	265.00
gi|526461222|ref|YP_008331799.1|_3-284_1J5W:A:	1.00	6.20	3.00	15.12	0.00	2.15	1.55	1.85	0.00	281.00
gi|526461224|ref|YP_008331801.1|_3-160_1QCZ:A:	0.00	4.60	3.00	12.33	0.00	2.00	1.57	2.50	0.00	163.00
gi|526461225|ref|YP_008331802.1|_139-373_1PSW:A:	0.00	4.67	3.00	8.85	0.00	2.31	1.52	2.19	0.00	348.00
gi|526461227|ref|YP_008331804.1|_263-292,413-641_1QU7:A:	0.00	0.00	3.00	34.50	0.00	1.50	1.00	1.71	0.00	226.00
gi|526461228|ref|YP_008331805.1|_1-188,282-482_1F2T:A:,B:	1.00	6.13	4.00	12.57	0.00	1.67	1.43	1.87	1.00	292.00
gi|526461229|ref|YP_008331806.1|_15-287_1SUW:A:	1.00	6.00	3.67	8.20	0.00	1.68	1.79	2.07	0.00	249.00
gi|526461230|ref|YP_008331807.1|_7-287_2BV3:A:7-282	1.00	5.27	3.00	11.12	0.00	2.95	1.75	2.29	0.00	276.00
gi|526461230|ref|YP_008331807.1|_484-604_2BV3:A:479-599	1.00	6.83	3.00	14.50	0.00	1.53	1.88	2.25	0.00	121.00
gi|526461230|ref|YP_008331807.1|_271-409_2BV3:A:283-403	1.00	5.00	0.00	0.00	0.00	1.80	1.33	2.33	0.00	121.00
gi|526461230|ref|YP_008331807.1|_612-698_2BV3:A:600-688	0.00	10.50	3.00	7.33	0.00	1.60	0.00	2.75	0.00	89.00
gi|526461230|ref|YP_008331807.1|_409-486_1FNM:A:404-482	0.00	4.20	0.00	14.00	0.00	2.25	2.00	3.00	0.00	79.00
gi|526461233|ref|YP_008331810.1|_4-253_1EHY:A:	1.00	6.00	3.40	9.82	0.00	2.17	1.61	1.62	0.00	293.00
gi|526461234|ref|YP_008331811.1|_3-380_1PV7:A:	0.00	0.00	4.00	15.09	0.00	1.72	1.67	1.86	0.00	417.00
gi|526461235|ref|YP_008331812.1|_25-216,247-687_1FEP:A:	1.00	10.38	3.40	4.80	0.00	2.84	1.51	2.26	0.00	714.00
gi|526461236|ref|YP_008331813.1|_22-259_1US5:A:	1.00	6.70	3.50	8.67	0.00	1.59	1.44	2.25	0.00	298.00
gi|526461238|ref|YP_008331815.1|_8-209_1Q12:A:4-235	1.00	4.27	3.00	9.57	0.00	1.60	1.25	2.50	0.00	232.00
gi|526461239|ref|YP_008331816.1|_63-244_3D31:C:13-260	0.00	0.00	3.00	15.92	0.00	1.64	1.00	2.08	0.00	248.00
gi|526461240|ref|YP_008331817.1|_5-109_1OQW:A:	1.00	4.67	3.00	23.50	0.00	1.37	2.00	2.78	0.00	144.00
gi|526461242|ref|YP_008331819.1|_1-188_1QDL:B:	1.00	7.56	0.00	8.17	0.00	1.59	1.64	2.25	0.00	195.00
gi|526461244|ref|YP_008331821.1|_10-250_3D31:C:13-260	0.00	0.00	3.00	15.92	0.00	1.64	1.00	2.08	0.00	248.00
gi|526461244|ref|YP_008331821.1|_275-514_2R6G:G:7-296	1.00	0.00	3.50	12.64	0.00	2.20	1.63	2.08	0.00	290.00
gi|526461245|ref|YP_008331822.1|_4-238_1OXS:C:1-242	0.00	6.00	3.00	9.88	0.00	1.35	1.22	2.00	0.00	242.00
gi|526461245|ref|YP_008331822.1|_245-304_1OXS:C:243-352	0.00	6.20	3.00	0.00	0.00	1.82	1.67	2.00	0.00	110.00
gi|526461246|ref|YP_008331823.1|_274-323_1BL0:A:63-124	0.00	0.00	0.00	9.00	0.00	2.14	1.50	1.67	0.00	62.00
gi|526461246|ref|YP_008331823.1|_224-272_1BL0:A:9-62	0.00	0.00	0.00	9.25	0.00	1.75	2.00	4.00	0.00	54.00
gi|526461247|ref|YP_008331824.1|_25-690_1BY5:A:	1.00	10.64	3.50	4.75	0.00	2.10	1.81	2.40	0.00	697.00
gi|526461255|ref|YP_008331832.1|_2-311_3BZK:A:1-324	1.00	5.67	3.75	12.75	0.00	1.91	1.00	1.72	0.00	324.00
gi|526461255|ref|YP_008331832.1|_315-459_3BZK:A:325-473	0.00	5.60	3.00	9.67	0.00	1.59	1.10	1.90	0.00	149.00
gi|526461255|ref|YP_008331832.1|_460-548_3BZK:A:474-563	0.00	2.00	5.00	11.25	0.00	1.38	1.33	2.43	0.00	90.00
gi|526461255|ref|YP_008331832.1|_618-701_3BZK:A:637-730	0.00	6.80	3.50	5.00	0.00	1.69	2.00	2.17	0.00	94.00
gi|526461255|ref|YP_008331832.1|_551-612_3BZK:A:564-636	0.00	0.00	3.33	8.00	0.00	1.67	1.80	1.75	0.00	73.00
gi|526461257|ref|YP_008331834.1|_1-126_1XRG:A:	1.00	5.50	3.00	13.50	0.00	1.69	1.56	2.20	0.00	125.00
gi|526461258|ref|YP_008331835.1|_103-212_1VCD:A:1-126	1.00	7.00	0.00	11.00	0.00	1.69	1.00	2.00	0.00	126.00
gi|526461259|ref|YP_008331836.1|_123-274_1JYH:A:	0.00	6.89	3.00	11.00	0.00	1.48	1.50	2.20	0.00	155.00
gi|526461259|ref|YP_008331836.1|_47-98_1D5Y:A:57-121	0.00	2.00	0.00	9.25	0.00	2.14	1.75	2.00	0.00	65.00
gi|526461259|ref|YP_008331836.1|_2-42_1D5Y:A:3-56	0.00	0.00	0.00	8.75	0.00	1.50	2.67	2.50	0.00	54.00
gi|526461260|ref|YP_008331837.1|_6-370_1X0M:A:26-428	1.00	4.36	3.20	12.50	0.00	1.91	1.48	2.12	0.00	403.00
gi|526461266|ref|YP_008331843.1|_403-751_1U1J:A:396-760	1.33	3.30	3.67	10.82	0.00	2.07	1.64	2.04	0.00	365.00
gi|526461266|ref|YP_008331843.1|_6-392_1U1J:A:2-395	1.25	4.00	3.40	11.43	0.00	1.82	1.77	2.00	0.00	394.00
gi|526461268|ref|YP_008331845.1|_72-217_1C17:M:	0.00	0.00	0.00	29.75	0.00	8.40	1.50	2.00	0.00	171.00
gi|526461269|ref|YP_008331846.1|_3-183_2TPS:A:	0.00	4.38	3.00	9.60	0.00	2.00	1.53	1.69	0.00	226.00
gi|526461270|ref|YP_008331847.1|_27-170,200-243,275-411_1HXX:A:	1.00	9.85	0.00	4.00	0.00	1.75	2.06	2.35	0.00	340.00
gi|526461271|ref|YP_008331848.1|_2-98_1B9L:A:	0.00	9.40	3.00	8.75	0.00	1.40	1.33	1.33	0.00	119.00
gi|526461273|ref|YP_008331850.1|_2-328_1WZU:A:1-298	1.00	4.00	3.00	8.79	0.00	2.43	1.22	1.87	0.00	298.00
gi|526461275|ref|YP_008331852.1|_27-312_1I74:A:	1.00	5.90	3.00	9.83	0.00	2.00	1.38	2.10	0.00	309.00
gi|526461276|ref|YP_008331853.1|_245-437_1QWY:A:	0.00	3.95	3.00	5.00	0.00	3.19	1.68	2.00	0.00	270.00
gi|526461278|ref|YP_008331855.1|_1-92_2A6A:A:1-103	0.00	6.00	3.67	11.67	0.00	1.30	1.80	1.25	0.00	103.00
gi|526461279|ref|YP_008331856.1|_159-277_1FWK:A:168-300	1.00	4.33	3.00	9.50	0.00	1.69	1.25	2.33	0.00	133.00
gi|526461279|ref|YP_008331856.1|_1-144_1FWK:A:5-167	1.00	8.83	0.00	12.75	0.00	1.64	1.75	2.62	0.00	163.00
gi|526461281|ref|YP_008331858.1|_376-559_1G7S:A:1-227	1.00	4.67	3.60	12.00	0.00	1.92	1.23	2.14	0.00	227.00
gi|526461281|ref|YP_008331858.1|_664-795_1G7S:A:329-459	1.00	4.50	0.00	13.40	0.00	1.40	1.80	1.83	0.00	131.00
gi|526461281|ref|YP_008331858.1|_790-883_1D1N:A:	1.00	5.14	0.00	0.00	0.00	2.06	2.00	2.00	0.00	99.00
gi|526461281|ref|YP_008331858.1|_560-642_1G7S:A:228-328	1.00	5.50	0.00	0.00	0.00	2.10	1.50	2.00	0.00	101.00
gi|526461283|ref|YP_008331860.1|_4-78_1IB8:A:1-90	0.00	8.33	3.00	14.00	0.00	2.00	1.83	2.50	0.00	90.00
gi|526461283|ref|YP_008331860.1|_79-142_1IB8:A:91-164	0.00	6.40	0.00	7.00	0.00	1.33	1.70	2.00	0.00	74.00
gi|526461284|ref|YP_008331861.1|_5-172_2B3Z:A:1-145	0.00	4.60	3.50	8.67	0.00	2.00	1.90	2.22	0.00	145.00
gi|526461284|ref|YP_008331861.1|_175-330_2HXV:A:148-345	0.00	5.55	3.00	8.50	0.00	2.35	1.47	2.33	0.00	198.00
gi|526461287|ref|YP_008331864.1|_260-358_1SRO:A:	1.00	6.75	0.00	4.00	0.00	2.08	1.80	2.00	0.00	76.00
gi|526461287|ref|YP_008331864.1|_348-443_1SRO:A:	1.00	6.75	0.00	4.00	0.00	2.08	1.80	2.00	0.00	76.00
gi|526461287|ref|YP_008331864.1|_195-278_3BZK:A:637-730	0.00	6.80	3.50	5.00	0.00	1.69	2.00	2.17	0.00	94.00
gi|526461287|ref|YP_008331864.1|_432-538_3BZK:A:637-730	0.00	6.80	3.50	5.00	0.00	1.69	2.00	2.17	0.00	94.00
gi|526461287|ref|YP_008331864.1|_16-108_3BZK:A:637-730	0.00	6.80	3.50	5.00	0.00	1.69	2.00	2.17	0.00	94.00
gi|526461287|ref|YP_008331864.1|_112-181_1LUZ:A:	0.00	7.60	3.00	11.00	0.00	1.75	1.25	2.33	0.00	85.00
gi|526461289|ref|YP_008331866.1|_20-424_1RF6:A:	1.00	4.83	3.83	10.08	0.00	2.02	1.56	2.04	0.00	427.00
gi|526461290|ref|YP_008331867.1|_43-191_1PYS:B:39-151	1.00	5.43	3.00	4.00	0.00	1.53	1.60	1.90	0.00	113.00
gi|526461290|ref|YP_008331867.1|_453-670_1PYS:B:475-681	0.00	5.42	3.00	11.00	0.00	2.26	1.43	2.00	0.00	207.00
gi|526461290|ref|YP_008331867.1|_678-774_1PYS:B:682-785	0.00	9.25	0.00	14.00	0.00	2.10	1.80	2.25	0.00	104.00
gi|526461290|ref|YP_008331867.1|_389-460_1PYS:B:400-474	0.00	3.33	3.00	10.00	0.00	2.00	2.33	1.75	0.00	75.00
gi|526461292|ref|YP_008331869.1|_2-102_1XQU:A:	1.00	5.00	3.00	10.50	0.00	3.47	1.73	3.00	0.00	146.00
gi|526461293|ref|YP_008331870.1|_28-309_2F9Y:A:4-319	0.00	6.43	3.33	8.20	0.00	2.48	1.41	2.24	0.00	316.00
gi|526461296|ref|YP_008331873.1|_5-246_1EDO:A:	1.00	5.43	3.50	11.90	0.00	1.62	1.25	1.85	0.00	244.00
gi|526461297|ref|YP_008331874.1|_67-214_1TV8:A:	1.00	4.91	3.00	10.50	0.00	1.97	1.65	2.10	0.00	327.00
gi|526461298|ref|YP_008331875.1|_1-173_1B66:A:	0.00	8.80	3.50	8.40	0.00	1.85	1.50	1.88	0.00	138.00
gi|526461299|ref|YP_008331876.1|_7-224_2PG3:A:1-230	0.00	5.00	3.00	11.20	0.00	2.58	1.43	1.91	0.00	230.00
gi|526461301|ref|YP_008331878.1|_74-222_1NXZ:A:74-247	1.00	4.14	3.00	12.60	0.00	2.00	1.88	2.00	0.00	172.00
gi|526461303|ref|YP_008331880.1|_213-327_1J3S:A:	1.00	0.00	0.00	8.80	0.00	2.67	1.62	2.17	0.00	104.00
gi|526461303|ref|YP_008331880.1|_100-205_1F1F:A:	1.00	0.00	3.00	10.00	0.00	1.50	1.75	2.33	0.00	88.00
gi|526461305|ref|YP_008331882.1|_29-154_1EZV:E:87-215	0.00	4.10	2.67	6.00	0.00	2.25	1.57	2.10	0.00	129.00
gi|526461306|ref|YP_008331883.1|_1-484_1KL7:A:	1.00	4.36	3.33	10.85	0.00	1.89	1.59	2.04	0.00	511.00
gi|526461307|ref|YP_008331884.1|_3-282_2BTY:A:1-282	1.00	4.21	3.00	10.73	0.00	1.54	1.80	1.88	0.00	282.00
gi|526461308|ref|YP_008331885.1|_5-57,91-179,275-648,681-705_1QHH:A:,B:,C:,D:	1.00	5.00	3.42	11.35	0.00	1.81	1.43	2.12	1.00	623.00
gi|526461308|ref|YP_008331885.1|_737-903_1W36:B:899-1174	1.00	7.00	3.00	9.89	0.00	2.23	1.91	2.11	0.00	276.00
gi|526461312|ref|YP_008331889.1|_240-512_1XZP:A:212-371	1.00	6.17	3.00	8.67	0.00	2.40	1.60	1.50	0.00	160.00
gi|526461312|ref|YP_008331889.1|_548-717_1W36:B:899-1174	1.00	7.00	3.00	9.89	0.00	2.23	1.91	2.11	0.00	276.00
gi|526461317|ref|YP_008331894.1|_226-295_1CNO:A:	1.00	0.00	3.00	8.80	0.00	1.70	1.20	1.88	0.00	86.00
gi|526461317|ref|YP_008331894.1|_85-221_1C75:A:	1.00	0.00	3.00	8.50	0.00	1.40	1.80	1.50	0.00	71.00
gi|526461320|ref|YP_008331897.1|_9-485_1EHK:A:	1.00	2.00	3.20	15.83	0.00	2.26	1.12	1.69	0.00	549.00
gi|526461321|ref|YP_008331898.1|_5-137_1K8H:A:	1.00	7.33	0.00	9.00	0.00	2.86	1.56	1.75	0.00	133.00
gi|526461322|ref|YP_008331899.1|_2-156_1OJ4:A:1-163	1.00	9.67	3.00	11.50	0.00	1.22	1.38	2.12	0.00	163.00
gi|526461322|ref|YP_008331899.1|_167-251_1UEK:A:149-268	1.00	5.75	3.00	9.00	0.00	2.50	1.50	1.71	0.00	120.00
gi|526461323|ref|YP_008331900.1|_11-220_1K8W:A:9-250	1.00	6.00	3.75	8.43	0.00	2.00	1.56	1.72	0.00	241.00
gi|526461324|ref|YP_008331901.1|_2-621_1QHH:A:,B:,C:,D:	1.00	5.00	3.42	11.35	0.00	1.81	1.43	2.12	1.00	623.00
gi|526461326|ref|YP_008331903.1|_12-277_1R30:A:	1.00	4.78	3.00	11.27	0.00	2.06	1.60	2.08	0.00	312.00
gi|526461327|ref|YP_008331904.1|_236-446_1GPH:1:235-465	1.00	3.30	3.50	7.70	0.00	2.21	1.40	2.08	0.00	231.00
gi|526461327|ref|YP_008331904.1|_2-228_1GPH:1:1-234	1.00	5.85	3.00	8.17	0.00	1.70	1.86	1.87	0.00	234.00
gi|526461328|ref|YP_008331905.1|_119-227_1DIH:A:131-240	0.00	7.00	3.00	15.00	0.00	1.82	1.40	1.88	0.00	110.00
gi|526461328|ref|YP_008331905.1|_1-118,227-257_1DIH:A:2-130,A:241-273	1.00	3.00	3.00	10.60	0.00	1.76	1.38	2.60	1.00	162.00
gi|526461338|ref|YP_008331915.1|_43-65,92-275_1KY9:A:11-259	1.00	7.42	3.00	8.33	0.00	4.21	1.60	2.40	0.00	249.00
gi|526461338|ref|YP_008331915.1|_259-366_1KY9:A:260-353	1.00	3.00	0.00	5.00	0.00	2.36	2.00	2.12	0.00	94.00
gi|526461338|ref|YP_008331915.1|_392-474_1WH1:A:	1.00	4.40	0.00	6.00	0.00	3.21	1.82	1.50	0.00	123.00
gi|526461339|ref|YP_008331916.1|_1-379_2GP4:A:1-418	1.00	4.14	3.75	11.23	0.00	5.20	1.65	1.95	0.00	418.00
gi|526461339|ref|YP_008331916.1|_380-559_2GP4:A:419-608	1.00	5.75	3.00	6.00	0.00	1.73	1.59	1.92	0.00	190.00
gi|526461342|ref|YP_008331919.1|_1-222_1F3O:A:	0.00	6.00	3.00	11.14	0.00	1.59	1.47	2.21	0.00	232.00
gi|526461345|ref|YP_008331922.1|_5-324_1SZW:A:	1.00	5.93	3.14	11.25	0.00	2.08	1.67	2.14	0.00	341.00
gi|526461348|ref|YP_008331925.1|_33-113,188-359_1FC6:A:78-156,A:249-463	1.00	5.73	3.00	11.75	0.00	1.78	1.43	2.00	1.00	294.00
gi|526461348|ref|YP_008331925.1|_67-185_1FC6:A:157-248	1.33	6.17	0.00	6.00	0.00	1.15	1.60	2.00	0.00	92.00
gi|526461349|ref|YP_008331926.1|_28-315_2CNQ:A:2-305	1.00	4.67	4.00	13.29	0.00	2.21	1.35	2.21	0.00	304.00
gi|526461353|ref|YP_008331930.1|_15-210_1K30:A:	1.00	4.44	3.40	12.36	0.00	2.65	1.58	2.12	0.00	367.00
gi|526461357|ref|YP_008331934.1|_100-425_1BS2:A:136-483	1.14	3.89	3.67	13.92	0.00	1.82	1.53	2.25	0.00	348.00
gi|526461357|ref|YP_008331934.1|_2-88_1IQ0:A:1-96	0.00	4.75	0.00	9.25	0.00	2.33	1.14	1.83	0.00	96.00
gi|526461357|ref|YP_008331934.1|_409-529_1IQ0:A:467-592	0.00	2.00	3.00	16.20	0.00	2.38	1.60	1.83	0.00	126.00
gi|526461359|ref|YP_008331936.1|_1-161_1KAM:A:	1.00	5.50	3.00	10.67	0.00	3.11	1.27	2.44	0.00	193.00
gi|526461360|ref|YP_008331937.1|_149-312_1GD1:O:149-312	1.00	6.38	3.75	15.00	0.00	1.69	1.55	2.50	0.00	163.00
gi|526461360|ref|YP_008331937.1|_3-165_1GAD:O:0-148,O:313-330	1.00	4.75	3.50	7.50	0.00	1.45	1.64	2.00	1.00	166.00
gi|526461361|ref|YP_008331938.1|_1-394_1VPE:A:	1.00	4.00	3.12	9.93	0.00	1.69	1.31	1.88	0.00	398.00
gi|526461362|ref|YP_008331939.1|_2-232_7TIM:A:	1.00	5.00	3.50	9.60	0.00	2.08	1.42	2.17	0.00	247.00
gi|526461364|ref|YP_008331941.1|_13-269_1TWI:A:50-313	1.00	4.20	3.00	11.90	0.00	2.23	1.50	2.38	0.00	264.00
gi|526461364|ref|YP_008331941.1|_241-397_1KNW:A:2-31,A:279-422	1.00	5.78	3.00	7.00	0.00	2.04	2.00	2.36	1.00	172.00
gi|526461365|ref|YP_008331942.1|_94-279_2QMW:A:1-184	1.00	5.70	3.00	7.50	0.00	1.65	1.47	1.89	0.00	184.00
gi|526461365|ref|YP_008331942.1|_6-93_2D8D:A:3-82	0.00	0.00	0.00	21.67	0.00	1.50	2.00	1.00	0.00	80.00
gi|526461365|ref|YP_008331942.1|_265-354_1PHZ:A:19-115	1.00	6.00	3.00	11.50	0.00	2.36	1.50	2.00	0.00	97.00
gi|526461366|ref|YP_008331943.1|_13-364_1UU1:A:	1.00	4.82	4.00	11.45	0.00	2.52	1.65	1.75	0.00	330.00
gi|526461367|ref|YP_008331944.1|_3-182,227-364_1W85:A:	1.00	4.12	4.00	12.62	0.00	2.13	1.20	1.65	0.00	365.00
gi|526461367|ref|YP_008331944.1|_301-483_1QGD:A:333-527	1.00	4.00	3.67	10.29	0.00	1.64	1.42	2.00	0.00	195.00
gi|526461367|ref|YP_008331944.1|_471-601_1IK6:A:192-326	0.00	5.00	3.00	11.25	0.00	3.00	1.57	1.67	0.00	135.00
gi|526461368|ref|YP_008331945.1|_42-192_1EB7:A:1-164	1.00	2.33	3.00	9.57	0.00	1.90	1.50	2.12	0.00	164.00
gi|526461368|ref|YP_008331945.1|_191-333_1NML:A:167-326	1.00	4.00	3.00	9.00	0.00	3.59	1.00	2.20	0.00	160.00
gi|526461369|ref|YP_008331946.1|_1-179_1EX2:A:	0.00	7.00	4.00	9.83	0.00	3.08	1.22	1.91	0.00	185.00
gi|526461370|ref|YP_008331947.1|_186-305_1KS9:A:168-291	0.00	0.00	4.50	14.33	0.00	2.43	1.00	1.57	0.00	124.00
gi|526461370|ref|YP_008331947.1|_1-137_1O89:A:116-292	0.00	5.67	3.00	10.71	0.00	2.07	1.64	1.67	0.00	177.00
gi|526461372|ref|YP_008331949.1|_75-195_2EVR:A:87-234	0.00	5.50	3.00	11.00	0.00	2.19	1.55	2.29	0.00	148.00
gi|526461373|ref|YP_008331950.1|_6-139_1HW5:A:1-137	1.00	5.38	3.00	14.67	0.00	1.33	1.78	1.80	0.00	137.00
gi|526461373|ref|YP_008331950.1|_149-213_3E5U:A:148-227	0.00	2.50	0.00	11.00	0.00	2.12	1.00	1.50	0.00	80.00
gi|526461375|ref|YP_008331952.1|_2-215_3EUG:A:	1.00	4.00	3.00	9.25	0.00	2.58	1.41	2.73	0.00	225.00
gi|526461376|ref|YP_008331953.1|_3-459_1EUH:A:	1.00	4.42	3.20	13.50	0.00	1.75	1.24	1.80	0.00	474.00
gi|526461378|ref|YP_008331955.1|_27-175_2ETD:A:35-183	0.00	0.00	0.00	22.80	0.00	4.14	1.00	2.00	0.00	149.00
gi|526461381|ref|YP_008331958.1|_9-222_2HSZ:A:1-224	1.00	3.62	4.25	11.88	0.00	1.43	1.79	1.85	0.00	224.00
gi|526461383|ref|YP_008331960.1|_4-358_1PW4:A:	1.00	0.00	5.00	17.67	0.00	2.95	1.44	1.68	0.00	450.00
gi|526461385|ref|YP_008331962.1|_425-579_1W25:A:294-455	1.00	4.43	3.00	14.60	0.00	1.67	1.44	1.67	0.00	161.00
gi|526461385|ref|YP_008331962.1|_163-227_2BAS:A:263-407	1.50	5.14	3.00	12.75	0.00	1.67	1.00	2.09	0.00	145.00
gi|526461386|ref|YP_008331963.1|_47-290_1VF7:A:	1.00	3.60	0.00	22.67	0.00	1.48	1.83	1.78	0.00	237.00
gi|526461387|ref|YP_008331964.1|_297-498_1IWG:A:7-37,A:331-498	0.00	0.00	3.00	18.12	0.00	2.22	1.14	2.56	1.00	199.00
gi|526461387|ref|YP_008331964.1|_845-1029_1IWG:A:513-566,A:869-1036	1.00	0.00	3.00	14.36	0.00	1.54	2.71	2.00	1.00	222.00
gi|526461387|ref|YP_008331964.1|_39-132_1IWG:A:38-134	0.00	6.50	3.00	6.00	0.00	1.82	1.17	2.00	0.00	97.00
gi|526461387|ref|YP_008331964.1|_137-183,275-331_1IWG:A:135-181,A:274-330	0.00	6.00	3.00	5.25	0.00	1.82	1.50	2.33	1.00	104.00
gi|526461387|ref|YP_008331964.1|_183-273_1IWG:A:182-273	0.00	4.50	0.00	6.25	0.00	3.12	1.25	2.00	0.00	92.00
gi|526461387|ref|YP_008331964.1|_567-675_1IWG:A:567-673	0.00	6.40	3.00	15.50	0.00	1.67	1.56	3.50	0.00	107.00
gi|526461387|ref|YP_008331964.1|_676-725,812-860_1IWG:A:674-724,A:813-859	0.00	5.00	0.00	14.50	0.00	2.10	1.71	2.00	1.00	98.00
gi|526461387|ref|YP_008331964.1|_726-813_1IWG:A:725-812	0.00	5.00	3.33	9.50	0.00	2.00	2.00	1.50	0.00	88.00
gi|526461388|ref|YP_008331965.1|_3-461_1WP1:A:	1.00	3.67	3.00	27.00	0.00	2.76	1.58	1.93	0.00	456.00
gi|526461389|ref|YP_008331966.1|_10-194_2FNA:A:1-283	0.00	5.00	4.33	11.91	0.00	2.17	1.54	2.00	0.00	283.00
gi|526461390|ref|YP_008331967.1|_102-776_1BY5:A:	1.00	10.64	3.50	4.75	0.00	2.10	1.81	2.40	0.00	697.00
gi|526461392|ref|YP_008331969.1|_98-150_1OR7:A:120-187	0.00	3.00	0.00	12.75	0.00	1.60	1.00	2.00	0.00	68.00
gi|526461392|ref|YP_008331969.1|_2-76_1H3L:A:	0.00	0.00	3.00	14.75	0.00	1.40	2.00	1.00	0.00	75.00
gi|526461393|ref|YP_008331970.1|_2-67_2ODK:A:1-51	0.00	5.33	0.00	8.67	0.00	1.67	0.00	1.33	0.00	51.00
gi|526461394|ref|YP_008331971.1|_1-91_1Z8M:A:1-88	1.00	4.75	3.00	11.00	0.00	1.73	1.25	2.50	0.00	88.00
gi|526461396|ref|YP_008331973.1|_1-189,349-407_2GQF:A:1-194,A:343-401	1.33	3.88	3.20	10.43	0.00	1.45	1.56	1.75	1.00	253.00
gi|526461396|ref|YP_008331973.1|_190-351_2I0Z:A:193-361	1.00	4.33	3.00	10.00	0.00	1.75	1.25	2.71	0.00	169.00
gi|526461397|ref|YP_008331974.1|_4-105_1Y9Q:A:83-181	1.00	6.44	0.00	0.00	0.00	1.33	2.00	2.29	0.00	99.00
gi|526461398|ref|YP_008331975.1|_1-422_2CTZ:A:1-421	1.00	4.67	3.67	8.89	0.00	1.71	1.38	2.10	0.00	421.00
gi|526461402|ref|YP_008331979.1|_7-195_1SUR:A:	1.00	5.00	4.00	10.67	0.00	1.90	1.30	2.00	0.00	215.00
gi|526461405|ref|YP_008331982.1|_124-270_1ZJ8:A:162-326	1.00	6.17	3.00	11.25	0.00	1.61	1.79	2.50	0.00	165.00
gi|526461405|ref|YP_008331982.1|_6-121_1ZJ8:A:10-161	1.00	5.20	3.22	6.86	0.00	1.44	1.12	1.67	0.00	152.00
gi|526461405|ref|YP_008331982.1|_247-358_2AKJ:A:346-430	1.00	5.00	3.00	7.33	0.00	2.20	1.83	2.40	0.00	85.00
gi|526461407|ref|YP_008331984.1|_21-432_1T3I:A:	1.12	4.06	3.00	10.60	0.00	1.62	1.21	2.04	0.00	408.00
gi|526461408|ref|YP_008331985.1|_1269-1455_2OK5:A:200-452	1.00	5.75	3.00	11.71	0.00	3.04	1.50	2.07	0.00	253.00
gi|526461408|ref|YP_008331985.1|_960-1118_1SAT:A:247-471	1.00	3.37	3.50	7.00	0.00	1.68	1.50	2.36	0.00	225.00
gi|526461409|ref|YP_008331986.1|_43-129_2F4M:A:164-450	1.00	4.27	3.33	11.90	0.00	1.96	1.25	2.64	0.00	287.00
gi|526461411|ref|YP_008331988.1|_4-164_1CBU:A:	0.00	5.29	3.00	15.40	0.00	1.69	1.54	1.86	0.00	180.00
gi|526461412|ref|YP_008331989.1|_38-219_2HSJ:A:1-211	1.00	4.80	3.25	10.89	0.00	1.77	1.89	1.78	0.00	211.00
gi|526461413|ref|YP_008331990.1|_47-345_1D0V:A:	1.00	5.33	4.00	11.29	0.00	2.19	1.58	1.95	0.00	346.00
gi|526461416|ref|YP_008331993.1|_461-570_1UC7:A:	1.00	4.80	3.00	9.20	0.00	1.47	1.43	2.33	0.00	124.00
gi|526461416|ref|YP_008331993.1|_20-132_1L6P:A:	1.00	7.20	3.00	4.00	0.00	2.60	2.50	2.50	0.00	121.00
gi|526461420|ref|YP_008331997.1|_219-451_2BAS:A:2-262	1.00	6.33	3.00	10.50	0.00	1.95	1.70	2.50	0.00	261.00
gi|526461420|ref|YP_008331997.1|_55-199_1W25:A:294-455	1.00	4.43	3.00	14.60	0.00	1.67	1.44	1.67	0.00	161.00
gi|526461423|ref|YP_008332000.1|_35-363_2G5D:A:40-441	1.00	5.95	3.00	8.78	0.00	2.50	1.33	2.29	0.00	402.00
gi|526461428|ref|YP_008332005.1|_1-240_1DJ0:A:	0.00	7.30	3.00	10.40	0.00	2.33	1.44	2.12	0.00	264.00
gi|526461431|ref|YP_008332008.1|_10-228_1F75:A:	1.00	5.00	3.00	12.57	0.00	2.04	1.07	2.55	0.00	229.00
gi|526461432|ref|YP_008332009.1|_3-180_1QZU:A:	0.00	5.20	3.67	6.75	0.00	3.22	1.45	1.45	0.00	181.00
gi|526461432|ref|YP_008332009.1|_173-404_1U7Z:A:	1.00	5.92	3.00	12.20	0.00	2.26	1.80	2.00	0.00	223.00
gi|526461433|ref|YP_008332010.1|_5-246_1HV9:A:4-251	0.00	5.36	3.17	10.29	0.00	1.71	1.50	2.07	0.00	248.00
gi|526461433|ref|YP_008332010.1|_245-410_1HV9:A:252-452	1.00	3.79	0.00	0.00	0.00	1.26	1.55	2.00	0.00	201.00
gi|526461434|ref|YP_008332011.1|_22-248_1N11:A:	0.00	0.00	3.00	8.21	0.00	2.54	1.60	1.77	0.00	408.00
gi|526461434|ref|YP_008332011.1|_276-587_1K1A:A:	1.00	0.00	0.00	8.46	0.00	1.80	1.11	2.00	0.00	228.00
gi|526461435|ref|YP_008332012.1|_33-294_2P6R:A:203-403	1.00	4.40	3.00	9.86	0.00	1.70	1.60	2.27	0.00	201.00
gi|526461436|ref|YP_008332013.1|_2-372_1UWV:A:75-432	1.00	5.71	4.00	12.50	0.00	1.80	1.59	2.18	0.00	358.00
gi|526461437|ref|YP_008332014.1|_4-121_1PUN:A:	1.00	6.00	3.00	8.50	0.00	1.77	1.42	2.12	0.00	129.00
gi|526461441|ref|YP_008332018.1|_349-473,557-588,702-824_1MT0:A:	1.00	5.80	3.33	7.20	0.00	1.60	1.25	2.10	0.00	241.00
gi|526461443|ref|YP_008332020.1|_219-418_1B9D:A:	1.00	5.60	3.50	13.40	0.00	2.83	1.60	2.00	0.00	154.00
gi|526461444|ref|YP_008332021.1|_35-285_2BCJ:Q:38-66,Q:184-354	1.00	6.50	5.33	11.33	0.00	1.29	1.47	1.90	1.00	200.00
gi|526461447|ref|YP_008332024.1|_158-396,424-614_2OKC:A:9-433	1.00	6.22	3.33	11.00	0.00	2.49	1.62	1.88	0.00	425.00
gi|526461447|ref|YP_008332024.1|_752-845_1YF2:A:221-425	1.00	3.42	3.00	11.14	0.00	1.65	1.89	2.17	0.00	205.00
gi|526461450|ref|YP_008332027.1|_1-62,93-256_2CUL:A:2-231	1.00	4.31	3.00	11.20	0.00	2.08	1.15	2.00	0.00	230.00
gi|526461451|ref|YP_008332028.1|_83-188_1KZL:A:93-202	1.00	7.00	5.00	8.00	0.00	1.38	1.80	2.00	0.00	110.00
gi|526461451|ref|YP_008332028.1|_1-83_1KZL:A:1-92	1.00	7.00	3.00	6.00	0.00	1.54	1.50	2.20	0.00	92.00
gi|526461454|ref|YP_008332031.1|_60-396_1UM8:A:	0.00	3.90	3.20	9.87	0.00	3.16	1.38	2.14	0.00	364.00
gi|526461454|ref|YP_008332031.1|_4-39_1OVX:A:	0.00	3.00	0.00	11.00	0.00	2.00	2.50	3.00	0.00	38.00
gi|526461457|ref|YP_008332034.1|_2-258_1O6C:A:	0.00	4.38	3.25	10.57	0.00	2.75	1.21	2.64	0.00	377.00
gi|526461462|ref|YP_008332039.1|_128-234_1OAP:A:	0.00	4.50	3.00	13.00	0.00	1.85	1.50	2.00	0.00	108.00
gi|526461464|ref|YP_008332041.1|_1-279_1QTW:A:	1.00	4.11	3.00	12.22	0.00	1.85	1.69	1.93	0.00	285.00
gi|526461465|ref|YP_008332042.1|_1-457_1WP1:A:	1.00	3.67	3.00	27.00	0.00	2.76	1.58	1.93	0.00	456.00
gi|526461466|ref|YP_008332043.1|_296-497_1IWG:A:7-37,A:331-498	0.00	0.00	3.00	18.12	0.00	2.22	1.14	2.56	1.00	199.00
gi|526461466|ref|YP_008332043.1|_838-1031_1IWG:A:513-566,A:869-1036	1.00	0.00	3.00	14.36	0.00	1.54	2.71	2.00	1.00	222.00
gi|526461466|ref|YP_008332043.1|_39-131_1IWG:A:38-134	0.00	6.50	3.00	6.00	0.00	1.82	1.17	2.00	0.00	97.00
gi|526461466|ref|YP_008332043.1|_564-676_1IWG:A:567-673	0.00	6.40	3.00	15.50	0.00	1.67	1.56	3.50	0.00	107.00
gi|526461466|ref|YP_008332043.1|_136-182,274-330_1IWG:A:135-181,A:274-330	0.00	6.00	3.00	5.25	0.00	1.82	1.50	2.33	1.00	104.00
gi|526461466|ref|YP_008332043.1|_182-272_1IWG:A:182-273	0.00	4.50	0.00	6.25	0.00	3.12	1.25	2.00	0.00	92.00
gi|526461466|ref|YP_008332043.1|_727-812_1IWG:A:725-812	0.00	5.00	3.33	9.50	0.00	2.00	2.00	1.50	0.00	88.00
gi|526461466|ref|YP_008332043.1|_677-726,813-861_1IWG:A:674-724,A:813-859	0.00	5.00	0.00	14.50	0.00	2.10	1.71	2.00	1.00	98.00
gi|526461467|ref|YP_008332044.1|_50-294_1VF7:A:	1.00	3.60	0.00	22.67	0.00	1.48	1.83	1.78	0.00	237.00
gi|526461470|ref|YP_008332047.1|_433-532_1VC1:A:	1.00	6.00	3.00	13.33	0.00	2.00	1.17	2.00	0.00	110.00
gi|526461471|ref|YP_008332048.1|_58-175_1OUV:A:	0.00	0.00	0.00	12.47	0.00	2.33	2.71	1.60	0.00	272.00
gi|526461476|ref|YP_008332053.1|_5-266_1ZBM:A:2-261	0.00	4.82	3.40	9.18	0.00	1.54	1.50	1.92	0.00	260.00
gi|526461477|ref|YP_008332054.1|_167-259_1HSK:A:209-317	1.00	2.60	0.00	14.67	0.00	1.75	1.25	2.00	0.00	109.00
gi|526461477|ref|YP_008332054.1|_34-170_1HSK:A:15-208	1.00	4.50	3.00	8.00	0.00	1.35	1.33	2.07	0.00	194.00
gi|526461478|ref|YP_008332055.1|_1-591_1MW9:X:	1.00	6.12	3.40	13.17	0.00	3.12	1.22	1.91	0.00	591.00
gi|526461479|ref|YP_008332056.1|_1-157_1S3L:A:	0.00	5.18	3.00	9.75	0.00	1.74	1.25	2.25	0.00	165.00
gi|526461484|ref|YP_008332061.1|_5-268_1UBE:A:5-270	1.00	6.11	3.00	9.44	0.00	2.96	1.50	1.67	0.00	266.00
gi|526461484|ref|YP_008332061.1|_269-327_1U94:A:269-328	0.00	3.00	0.00	12.00	0.00	1.25	1.33	2.00	0.00	60.00
gi|526461486|ref|YP_008332063.1|_1-268_1R6D:A:	1.00	4.75	4.25	10.42	0.00	2.06	1.18	1.94	0.00	322.00
gi|526461487|ref|YP_008332064.1|_4-375_2FNU:A:2-372	1.00	3.81	3.50	11.58	0.00	1.95	1.90	1.74	0.00	373.00
gi|526461488|ref|YP_008332065.1|_3-227_1QWJ:A:	1.00	5.20	3.00	8.86	0.00	2.00	1.62	2.08	0.00	228.00
gi|526461490|ref|YP_008332067.1|_2-297_1VLI:A:2-296	1.00	4.60	3.20	9.60	0.00	1.97	1.59	2.11	0.00	295.00
gi|526461490|ref|YP_008332067.1|_283-340_1VLI:A:297-368	1.00	4.00	3.00	4.50	0.00	1.47	1.33	1.86	0.00	72.00
gi|526461491|ref|YP_008332068.1|_23-157_1WWZ:A:1-157	0.00	7.86	3.00	11.40	0.00	1.78	1.33	2.38	0.00	157.00
gi|526461493|ref|YP_008332070.1|_2-230_1I01:A:	1.00	5.43	3.00	11.78	0.00	2.33	1.42	1.67	0.00	241.00
gi|526461494|ref|YP_008332071.1|_3-443_1MDB:A:	1.00	4.70	3.00	9.78	0.00	1.75	1.50	1.86	0.00	536.00
gi|526461495|ref|YP_008332072.1|_248-387_2IW1:A:2-371	0.00	3.93	3.00	10.25	0.00	1.73	1.23	1.88	0.00	370.00
gi|526461496|ref|YP_008332073.1|_2-230_1VPA:A:	0.00	5.64	3.00	9.29	0.00	2.89	1.44	2.09	0.00	233.00
gi|526461496|ref|YP_008332073.1|_241-432_1VL8:A:	1.00	5.14	3.17	12.11	0.00	1.84	1.40	1.79	0.00	251.00
gi|526461497|ref|YP_008332074.1|_4-223_1QG8:A:	1.00	6.89	3.50	9.25	0.00	2.82	1.38	1.92	0.00	255.00
gi|526461498|ref|YP_008332075.1|_6-235_1QG8:A:	1.00	6.89	3.50	9.25	0.00	2.82	1.38	1.92	0.00	255.00
gi|526461499|ref|YP_008332076.1|_13-229_1VLM:A:	1.00	6.00	3.00	8.88	0.00	2.14	1.91	1.77	0.00	218.00
gi|526461500|ref|YP_008332077.1|_1-234_2A1X:A:43-338	1.00	4.33	4.00	10.00	0.00	3.46	1.36	1.82	0.00	296.00
gi|526461501|ref|YP_008332078.1|_50-247_2PY6:A:14-408	0.00	4.31	3.00	9.25	0.00	2.02	1.78	2.05	0.00	395.00
gi|526461502|ref|YP_008332079.1|_70-310_1UYP:A:1-294	1.00	8.05	3.50	0.00	0.00	1.62	2.26	2.20	0.00	294.00
gi|526461503|ref|YP_008332080.1|_13-190_2GH1:A:13-293	0.00	5.70	3.00	9.08	0.00	2.00	1.45	2.17	0.00	281.00
gi|526461504|ref|YP_008332081.1|_3-201_3BSW:A:3-195	1.00	2.33	6.00	12.50	0.00	1.49	1.00	1.95	0.00	193.00
gi|526461506|ref|YP_008332083.1|_8-356_2FNU:A:2-372	1.00	3.81	3.50	11.58	0.00	1.95	1.90	1.74	0.00	373.00
gi|526461511|ref|YP_008332088.1|_1-297_1UCU:A:	1.00	5.30	3.00	28.71	0.00	1.73	1.46	2.14	0.00	494.00
gi|526461512|ref|YP_008332089.1|_1-299_1UCU:A:	1.00	5.30	3.00	28.71	0.00	1.73	1.46	2.14	0.00	494.00
gi|526461513|ref|YP_008332090.1|_78-99,168-305_1H98:A:	0.00	3.00	3.00	6.00	0.00	1.75	3.00	2.00	0.00	77.00
gi|526461514|ref|YP_008332091.1|_1-267_1S1M:A:1-266	0.00	4.55	3.00	11.11	0.00	1.69	1.38	2.57	0.00	266.00
gi|526461514|ref|YP_008332091.1|_286-534_1VCO:A:298-547	1.00	5.67	3.33	10.29	0.00	2.24	1.31	1.88	0.00	250.00
gi|526461515|ref|YP_008332092.1|_29-411_1IR6:A:	0.00	4.50	3.00	11.33	0.00	1.95	1.52	2.15	0.00	385.00
gi|526461518|ref|YP_008332095.1|_1-177_1PE0:A:	0.00	3.64	3.00	8.62	0.00	1.67	1.20	2.20	0.00	187.00
gi|526461519|ref|YP_008332096.1|_7-278_2ANU:A:5-233	1.00	6.20	4.00	9.57	0.00	2.00	1.29	2.82	0.00	229.00
gi|526461519|ref|YP_008332096.1|_863-907_2I5H:A:16-195	1.00	6.00	3.33	11.60	0.00	2.05	1.64	2.11	0.00	180.00
gi|526461520|ref|YP_008332097.1|_3-261_1J9L:A:	1.00	6.55	4.00	10.17	0.00	1.83	1.47	2.00	0.00	247.00
gi|526461528|ref|YP_008332105.1|_4-146_1Y8C:A:	1.00	7.64	3.33	9.71	0.00	1.76	1.67	2.21	0.00	246.00
gi|526461530|ref|YP_008332107.1|_3-184_1IS1:A:	0.00	4.83	3.50	26.25	0.00	2.12	1.80	2.00	0.00	185.00
gi|526461531|ref|YP_008332108.1|_7-194_2AEE:A:1-208	0.00	4.30	4.50	12.14	0.00	1.73	1.30	2.00	0.00	208.00
gi|526461533|ref|YP_008332110.1|_3-359_1PV7:A:	0.00	0.00	4.00	15.09	0.00	1.72	1.67	1.86	0.00	417.00
gi|526461535|ref|YP_008332112.1|_10-254_2IUB:A:9-285	0.00	7.71	4.00	22.17	0.00	1.70	1.64	2.40	0.00	281.00
gi|526461535|ref|YP_008332112.1|_256-319_2IUB:A:286-349	0.00	0.00	0.00	18.50	0.00	9.50	1.00	3.00	0.00	64.00
gi|526461537|ref|YP_008332114.1|_18-78_2DUY:A:11-75	0.00	2.00	4.00	6.67	0.00	2.00	1.25	2.00	0.00	65.00
gi|526461539|ref|YP_008332116.1|_150-371_3D03:A:1-271	1.00	4.77	3.00	9.83	0.00	1.74	1.61	2.15	0.00	274.00
gi|526461541|ref|YP_008332118.1|_23-682_1FEP:A:	1.00	10.38	3.40	4.80	0.00	2.84	1.51	2.26	0.00	714.00
gi|526461542|ref|YP_008332119.1|_271-319_1BL0:A:63-124	0.00	0.00	0.00	9.00	0.00	2.14	1.50	1.67	0.00	62.00
gi|526461543|ref|YP_008332120.1|_18-132_1GME:A:	1.00	5.75	3.00	6.00	0.00	3.00	1.67	2.14	0.00	150.00
gi|526461544|ref|YP_008332121.1|_11-135_2HMZ:A:	0.00	0.00	3.50	18.25	0.00	2.50	1.33	1.80	0.00	113.00
gi|526461545|ref|YP_008332122.1|_369-394,512-730_1QU7:A:	0.00	0.00	3.00	34.50	0.00	1.50	1.00	1.71	0.00	226.00
gi|526461545|ref|YP_008332122.1|_108-206_1P0Z:A:	1.00	7.40	3.00	10.75	0.00	1.91	1.43	1.83	0.00	130.00
gi|526461546|ref|YP_008332123.1|_2-344_1JW9:B:	1.00	5.62	4.00	10.22	0.00	2.45	1.20	1.72	0.00	247.00
gi|526461547|ref|YP_008332124.1|_9-337_2F4M:A:164-450	1.00	4.27	3.33	11.90	0.00	1.96	1.25	2.64	0.00	287.00
gi|526461548|ref|YP_008332125.1|_29-217,331-457_1IOW:A:97-306	1.00	5.00	3.00	9.00	0.00	1.95	1.80	1.92	0.00	210.00
gi|526461550|ref|YP_008332127.1|_3-249_1V43:A:7-245	1.00	6.20	3.50	9.50	0.00	2.25	1.38	2.00	0.00	239.00
gi|526461550|ref|YP_008332127.1|_242-337_1Q12:A:236-370	1.33	5.50	3.00	0.00	0.00	1.67	1.60	2.12	0.00	135.00
gi|526461554|ref|YP_008332131.1|_174-405_2BAS:A:2-262	1.00	6.33	3.00	10.50	0.00	1.95	1.70	2.50	0.00	261.00
gi|526461554|ref|YP_008332131.1|_30-152_1W25:A:294-455	1.00	4.43	3.00	14.60	0.00	1.67	1.44	1.67	0.00	161.00
gi|526461555|ref|YP_008332132.1|_1-86_1V8C:A:1-87	1.00	2.88	3.00	7.00	0.00	1.33	1.00	1.71	0.00	87.00
gi|526461557|ref|YP_008332134.1|_3-387_1V7C:A:	1.33	5.09	3.50	10.07	0.00	1.85	1.46	1.63	0.00	351.00
gi|526461559|ref|YP_008332136.1|_11-227_1F3O:A:	0.00	6.00	3.00	11.14	0.00	1.59	1.47	2.21	0.00	232.00
gi|526461560|ref|YP_008332137.1|_26-262_1US5:A:	1.00	6.70	3.50	8.67	0.00	1.59	1.44	2.25	0.00	298.00
gi|526461561|ref|YP_008332138.1|_20-297_2GWG:A:1-342	0.00	3.70	3.14	9.80	0.00	2.96	1.38	2.06	0.00	342.00
gi|526461562|ref|YP_008332139.1|_9-227_1V43:A:7-245	1.00	6.20	3.50	9.50	0.00	2.25	1.38	2.00	0.00	239.00
gi|526461563|ref|YP_008332140.1|_59-240_3DHW:A:6-208	0.00	0.00	10.00	15.89	0.00	1.64	1.86	2.11	0.00	203.00
gi|526461564|ref|YP_008332141.1|_3-360_1M41:A:	1.00	4.20	3.33	12.33	0.00	3.12	2.00	2.06	0.00	361.00
gi|526461565|ref|YP_008332142.1|_26-252_1US5:A:	1.00	6.70	3.50	8.67	0.00	1.59	1.44	2.25	0.00	298.00
gi|526461566|ref|YP_008332143.1|_2-132_1YLF:A:5-142	1.00	3.00	3.00	12.67	0.00	3.90	1.25	1.33	0.00	138.00
gi|526461567|ref|YP_008332144.1|_25-299_1YW6:A:1-322	1.00	4.87	0.00	10.71	0.00	2.19	1.89	1.85	0.00	322.00
gi|526461568|ref|YP_008332145.1|_31-312_2GU2:A:4-310	1.00	5.64	3.50	11.83	0.00	1.52	1.50	2.32	0.00	307.00
gi|526461570|ref|YP_008332147.1|_16-196,300-428_1M0W:A:6-210,A:324-491	1.00	5.28	3.60	12.36	0.00	1.88	1.67	1.88	1.00	373.00
gi|526461571|ref|YP_008332148.1|_2-198_1N0U:A:3-343	1.00	5.56	3.40	10.00	0.00	2.53	1.38	2.07	0.00	341.00
gi|526461571|ref|YP_008332148.1|_151-299_2BV3:A:283-403	1.00	5.00	0.00	0.00	0.00	1.80	1.33	2.33	0.00	121.00
gi|526461571|ref|YP_008332148.1|_396-510_2BV3:A:600-688	0.00	10.50	3.00	7.33	0.00	1.60	0.00	2.75	0.00	89.00
gi|526461571|ref|YP_008332148.1|_302-385_1FNM:A:404-482	0.00	4.20	0.00	14.00	0.00	2.25	2.00	3.00	0.00	79.00
gi|526461574|ref|YP_008332151.1|_970-1121_1W25:A:294-455	1.00	4.43	3.00	14.60	0.00	1.67	1.44	1.67	0.00	161.00
gi|526461574|ref|YP_008332151.1|_469-583_1P97:A:	0.00	9.20	0.00	5.75	0.00	1.33	1.33	2.29	0.00	113.00
gi|526461574|ref|YP_008332151.1|_337-453_1P97:A:	0.00	9.20	0.00	5.75	0.00	1.33	1.33	2.29	0.00	113.00
gi|526461574|ref|YP_008332151.1|_579-703_1LL8:A:	0.00	4.67	4.00	5.00	0.00	1.60	2.75	2.78	0.00	113.00
gi|526461574|ref|YP_008332151.1|_702-827_1EW0:A:	1.00	7.80	3.50	7.80	0.00	1.55	1.25	2.00	0.00	130.00
gi|526461574|ref|YP_008332151.1|_101-195_1P0Z:A:	1.00	7.40	3.00	10.75	0.00	1.91	1.43	1.83	0.00	130.00
gi|526461575|ref|YP_008332152.1|_228-518_1P49:A:	1.00	4.47	3.14	11.38	0.00	2.31	1.71	2.22	0.00	553.00
gi|526461576|ref|YP_008332153.1|_15-223_1D2T:A:	0.00	0.00	3.00	10.62	0.00	2.28	1.36	1.85	0.00	224.00
gi|526461577|ref|YP_008332154.1|_32-132_1DW0:A:	0.00	2.00	0.00	10.60	0.00	1.92	1.56	2.00	0.00	112.00
gi|526461579|ref|YP_008332156.1|_2-187_1Q90:B:	1.00	2.00	3.50	15.10	0.00	1.60	1.86	2.20	0.00	212.00
gi|526461582|ref|YP_008332159.1|_3-165_1NXO:A:	0.00	5.00	0.00	11.40	0.00	2.10	1.29	1.75	0.00	119.00
gi|526461583|ref|YP_008332160.1|_275-386_1BXD:A:	0.00	6.00	3.00	11.67	0.00	3.12	1.45	2.00	0.00	161.00
gi|526461583|ref|YP_008332160.1|_150-199_2ASX:A:278-331	0.00	0.00	0.00	19.00	0.00	1.75	1.00	2.67	0.00	54.00
gi|526461583|ref|YP_008332160.1|_184-255_2C2A:A:232-320	0.00	0.00	3.00	24.00	0.00	2.33	0.00	1.75	0.00	89.00
gi|526461584|ref|YP_008332161.1|_6-188_1VE3:A:2-227	0.00	6.60	3.00	9.86	0.00	2.50	1.00	2.36	0.00	226.00
gi|526461585|ref|YP_008332162.1|_234-281_1D5Y:A:57-121	0.00	2.00	0.00	9.25	0.00	2.14	1.75	2.00	0.00	65.00
gi|526461586|ref|YP_008332163.1|_16-201_2PJQ:A:1-215	0.00	0.00	4.00	11.91	0.00	2.93	1.27	1.50	0.00	215.00
gi|526461587|ref|YP_008332164.1|_150-272_1KQ4:A:	1.00	7.00	4.00	11.75	0.00	4.13	1.50	1.78	0.00	231.00
gi|526461590|ref|YP_008332167.1|_3-191_1MEO:A:	0.00	5.33	3.00	11.67	0.00	2.16	1.67	1.91	0.00	208.00
