PDB_ID	B	E	G	H	I	L	S	T	X	sequence_length
ANID_01135T0_4-143_1UQR:A:	0	5	5	5	0	14	8	9	0	146
ANID_02541T0_101-199,236-484_2C7F:A:17-386	8	10	4	11	0	40	23	25	0	370
ANID_02541T0_37-112_1DP0:A:13-219	2	15	4	3	0	28	20	10	0	207
ANID_01277T0_26-388_1QW9:A:18-384	7	13	5	11	0	39	22	25	0	367
ANID_01277T0_369-503_1QW9:A:5-17,A:385-501	2	13	0	0	0	19	12	5	1	130
ANID_02534T0_7-322_1UV4:A:3-293	7	20	2	0	0	35	18	20	0	291
ANID_06352T0_65-241,274-397_1UV4:A:3-293	7	20	2	0	0	35	18	20	0	291
ANID_08007T0_3-319_1WL7:A:2-313	6	23	2	1	0	42	23	22	0	312
ANID_05634T0_3-520_1DQU:A:	3	13	5	23	0	50	31	25	0	519
ANID_05626T0_44-659_1RY2:A:	13	28	0	20	0	87	54	43	0	640
ANID_06542T0_147-375_1YAG:A:147-375	0	9	6	10	0	25	15	15	0	229
ANID_06542T0_4-153_1YAG:A:4-146	0	10	2	4	0	16	11	9	0	143
ANID_02621T0_1383-1947_1AMU:A:	4	26	5	15	0	55	36	34	0	514
ANID_02621T0_290-863_1AMU:A:	4	26	5	15	0	55	36	34	0	514
ANID_02621T0_2493-3033_1AMU:A:	4	26	5	15	0	55	36	34	0	514
ANID_02621T0_2212-2451_1Q9J:A:181-418	4	7	1	5	0	21	13	10	0	238
ANID_02621T0_1127-1382_1L5A:A:175-424	4	7	2	7	0	24	11	13	0	250
ANID_02621T0_2025-2202_1Q9J:A:1-175	1	7	2	4	0	16	9	4	0	175
ANID_02621T0_3541-3758_1XKT:A:	2	7	3	8	0	30	19	12	0	288
ANID_02621T0_3111-3277_1L5A:A:1-174	1	6	2	5	0	15	9	11	0	174
ANID_02621T0_953-1125_1L5A:A:1-174	1	6	2	5	0	15	9	11	0	174
ANID_02621T0_3282-3518_1L5A:A:175-424	4	7	2	7	0	24	11	13	0	250
ANID_02621T0_1928-2007_1DNY:A:	0	0	0	4	0	8	7	2	0	76
ANID_02621T0_3014-3084_1DNY:A:	0	0	0	4	0	8	7	2	0	76
ANID_02621T0_846-919_1DNY:A:	0	0	0	4	0	8	7	2	0	76
ANID_02621T0_101-289_1Q9J:A:181-418	4	7	1	5	0	21	13	10	0	238
ANID_06078T0_14-356_2AMX:A:20-376	2	8	5	19	0	34	15	18	0	357
ANID_08979T0_5-176_1LLU:A:2-143,A:310-342	5	11	2	3	0	26	13	11	1	175
ANID_08979T0_143-317_1RJW:A:138-305	0	7	1	8	0	16	10	9	0	168
ANID_03741T0_2-185_1LLU:A:2-143,A:310-342	5	11	2	3	0	26	13	11	1	175
ANID_03741T0_153-335_1LLU:A:144-309	0	7	1	8	0	14	10	9	0	166
ANID_02286T0_6-178_1RJW:A:1-137,A:306-339	5	11	3	3	0	24	12	10	1	171
ANID_02286T0_145-319_1RJW:A:138-305	0	7	1	8	0	16	10	9	0	168
ANID_08149T0_298-801_1V5D:A:	12	6	6	13	0	40	20	25	0	386
ANID_07820T0_21-64_1AW6:A:	0	0	0	2	0	6	3	2	0	43
ANID_07624T0_17-348_1SZN:A:1-314	12	8	7	11	0	42	17	27	0	314
ANID_07624T0_349-455_1SZN:A:315-417	0	8	1	0	0	15	8	5	0	103
ANID_08138T0_350-690_1ZY9:A:178-525	7	19	7	9	0	39	18	21	0	348
ANID_09035T0_323-666_1ZY9:A:178-525	7	19	7	9	0	39	18	21	0	348
ANID_07345T0_259-433,539-704_2F2H:A:248-585	10	10	5	9	0	36	16	18	0	338
ANID_07345T0_25-257_2F2H:A:1-247	2	21	1	1	0	22	20	14	0	247
ANID_07345T0_706-788_2F2H:A:586-665	0	8	1	1	0	13	7	5	0	80
ANID_09286T0_162-734_1K9D:A:143-679	8	12	7	15	0	60	34	37	0	537
ANID_09286T0_18-162_1GQI:A:5-151	0	6	0	5	0	15	9	9	0	147
ANID_08978T0_3-59_2ALC:A:	0	0	0	4	0	11	7	5	0	65
ANID_00554T0_10-492_1CW3:A:	10	20	4	15	0	54	32	26	0	494
ANID_08777T0_25-542_1MT5:A:	4	11	7	22	0	56	40	33	0	537
ANID_01832T0_35-222_1EB6:A:	3	4	1	8	0	19	12	10	0	177
ANID_00722T0_3-144_1GW5:S:	0	7	0	5	0	11	6	9	0	142
ANID_08748T0_6-231_1FJ2:A:	2	9	5	5	0	26	16	11	0	231
ANID_03265T0_40-172_1G4M:A:5-175	1	10	2	2	0	21	12	8	0	171
ANID_08667T0_667-724_4GAT:A:	0	2	1	1	0	11	6	3	0	66
ANID_02901T0_19-320_2AEB:A:5-313	8	8	7	10	0	35	14	14	0	314
ANID_07441T0_185-244,283-471_1C0G:A:147-375	0	9	6	10	0	23	12	12	0	229
ANID_07441T0_15-103,134-192_1C0G:A:1-146	0	10	2	4	0	13	10	8	0	146
ANID_07009T0_209-310,345-475_1ESV:A:147-375	0	9	7	10	0	23	16	14	0	229
ANID_07009T0_23-176_1C0G:A:1-146	0	10	2	4	0	13	10	8	0	146
ANID_04891T0_1-154_1ROC:A:	0	10	2	2	0	19	14	6	0	154
ANID_07437T0_258-547_1PW4:A:	2	0	1	18	0	21	18	22	0	450
ANID_07591T0_270-571_1PW4:A:	2	0	1	18	0	21	18	22	0	450
ANID_00127T0_5-287,381-416_1GXR:A:	2	31	0	0	0	37	29	20	0	336
ANID_04601T0_897-1314_1IIR:A:	0	13	4	14	0	38	21	15	0	401
ANID_04601T0_264-397_1EAZ:A:	0	7	1	2	0	13	8	5	0	104
ANID_05131T0_1-116_1GNU:A:	4	4	0	4	0	15	8	8	0	117
ANID_01624T0_75-140_1C99:A:	0	0	1	2	0	2	1	1	0	79
ANID_02632T0_47-318_1WL7:A:2-313	6	23	2	1	0	42	23	22	0	312
ANID_07908T0_43-310_1Y4W:A:20-372	6	24	4	0	0	47	30	19	0	353
ANID_00712T0_9-318_1EX1:A:1-388	3	11	8	15	1	39	19	29	0	388
ANID_00712T0_320-391,556-669,701-726_1EX1:A:389-602	5	6	2	6	0	33	25	10	0	214
ANID_01804T0_35-441_1EX1:A:1-388	3	11	8	15	1	39	19	29	0	388
ANID_01804T0_443-615_1EX1:A:389-602	5	6	2	6	0	33	25	10	0	214
ANID_06652T0_176-488_1EX1:A:1-388	3	11	8	15	1	39	19	29	0	388
ANID_06652T0_548-760,787-809_1EX1:A:389-602	5	6	2	6	0	33	25	10	0	214
ANID_10482T0_48-362_1EX1:A:1-388	3	11	8	15	1	39	19	29	0	388
ANID_10482T0_406-658_1EX1:A:389-602	5	6	2	6	0	33	25	10	0	214
ANID_05976T0_66-395_1EX1:A:1-388	3	11	8	15	1	39	19	29	0	388
ANID_05976T0_429-632,660-682_1EX1:A:389-602	5	6	2	6	0	33	25	10	0	214
ANID_02612T0_16-318_1EX1:A:1-388	3	11	8	15	1	39	19	29	0	388
ANID_02612T0_319-389,563-720_1EX1:A:389-602	5	6	2	6	0	33	25	10	0	214
ANID_02828T0_25-357_1EX1:A:1-388	3	11	8	15	1	39	19	29	0	388
ANID_02828T0_358-607_1EX1:A:389-602	5	6	2	6	0	33	25	10	0	214
ANID_07396T0_48-369_1EX1:A:1-388	3	11	8	15	1	39	19	29	0	388
ANID_07396T0_388-591,620-642_1EX1:A:389-602	5	6	2	6	0	33	25	10	0	214
ANID_00479T0_186-256,340-454_1EX1:A:389-602	5	6	2	6	0	33	25	10	0	214
ANID_00479T0_41-180_1EX1:A:1-388	3	11	8	15	1	39	19	29	0	388
ANID_03363T0_81-456_1II6:A:	4	14	4	9	0	34	19	15	0	350
ANID_03363T0_585-747_1AV1:D:	0	0	1	7	0	3	3	6	0	200
ANID_00973T0_331-377_2ADR:A:102-130	2	0	0	1	0	5	2	2	0	29
ANID_06702T0_197-440_1PJA:A:	2	8	7	11	0	33	16	21	0	268
ANID_04700T0_329-638_1AQ0:A:	6	12	5	10	0	34	21	16	0	306
ANID_01551T0_288-553_1HJQ:A:	12	8	4	9	0	40	21	22	0	332
ANID_02513T0_19-126,153-257_1F3M:C:	1	10	4	11	0	33	20	20	0	294
ANID_08865T0_17-331_3BLH:A:8-325	3	10	4	9	0	33	17	14	0	318
ANID_08401T0_36-391_1EX1:A:1-388	3	11	8	15	1	39	19	29	0	388
ANID_08401T0_394-620_1EX1:A:389-602	5	6	2	6	0	33	25	10	0	214
ANID_01805T0_11-218_1DDZ:A:84-325	0	5	2	10	0	19	10	17	0	242
ANID_00290T0_3-261_1IZN:B:	0	10	4	7	0	17	10	8	0	270
ANID_08637T0_11-547_1CF9:A:27-597	12	14	11	15	0	73	43	37	0	571
ANID_08637T0_555-668_1SY7:A:553-736	2	9	2	6	0	23	13	14	0	184
ANID_09339T0_30-561_1CF9:A:27-597	12	14	11	15	0	73	43	37	0	571
ANID_08851T0_22-265_2EY4:A:8-252	1	11	4	7	0	24	15	15	0	245
ANID_08851T0_268-349_2APO:A:247-331	0	6	1	2	0	11	6	6	0	85
ANID_05176T0_18-446_1Q9H:A:	8	31	3	7	0	52	31	32	0	434
ANID_05440T0_4-276_2EUT:A:4-294	6	5	4	14	0	33	17	17	0	291
ANID_10220T0_85-358_2EUT:A:4-294	6	5	4	14	0	33	17	17	0	291
ANID_10944T0_32-104_1GUU:A:	0	0	0	3	0	5	3	2	0	50
ANID_11060T0_2-271_1HYQ:A:	0	8	2	11	0	23	12	9	0	232
ANID_02523T0_350-588_1OMZ:A:	3	13	1	7	0	26	18	19	0	265
ANID_01385T0_33-105,135-249,276-444_1VYH:C:92-408	0	28	1	0	0	39	25	14	0	317
ANID_08275T0_40-468_2CTS:A:	5	2	3	20	0	34	18	23	0	437
ANID_06195T0_62-116_2EPS:A:408-446	0	2	0	1	0	5	5	1	0	39
ANID_03587T0_54-89,162-464_2GFO:A:762-1109	3	20	3	10	0	40	19	15	0	348
ANID_04170T0_17-172_1G4M:A:5-175	1	10	2	2	0	21	12	8	0	171
ANID_01008T0_29-231,297-503_1PW4:A:	2	0	1	18	0	21	18	22	0	450
ANID_01491T0_343-432_1WI9:A:	0	3	0	3	0	11	5	1	0	71
ANID_04783T0_344-420_1UFM:A:	0	3	0	3	0	8	7	3	0	83
ANID_02129T0_50-167_1OI0:A:	0	9	0	2	0	14	8	5	0	121
ANID_05309T0_32-210_1CEX:A:	1	5	5	7	0	20	7	13	0	197
ANID_07180T0_38-219_1CEX:A:	1	5	5	7	0	20	7	13	0	197
ANID_00289T0_1-191_1HU3:A:	0	0	1	10	0	14	8	8	0	259
ANID_07755T0_240-280_1JM7:A:	2	0	1	3	0	11	9	5	0	103
ANID_07755T0_159-194_1RGO:A:151-186	2	0	2	1	0	5	4	2	0	36
ANID_08061T0_15-184_1XWN:A:1-166	2	8	0	2	0	21	16	8	0	166
ANID_02245T0_187-272_1X5S:A:8-97	0	4	0	2	0	11	8	3	0	89
ANID_02245T0_137-159_2CQE:A:429-457	2	0	0	0	0	6	6	2	0	29
ANID_06246T0_10-109_1YCC:A:	2	0	0	5	0	12	5	7	0	108
ANID_03853T0_578-835_2FGE:A:540-797	0	6	3	9	0	20	15	6	0	258
ANID_03853T0_318-579_2FGE:A:272-539	0	6	3	10	0	23	15	9	0	268
ANID_03853T0_53-306_2FGE:A:15-271	3	10	4	10	0	24	18	13	0	257
ANID_03853T0_833-1040_2FGE:A:798-993	2	6	1	9	0	14	7	11	0	196
ANID_08277T0_8-427_2CTZ:A:1-421	7	12	6	18	0	48	21	31	0	421
ANID_08057T0_29-353_1VE1:A:1-302	4	9	5	9	0	33	16	21	0	302
ANID_00583T0_89-295_1HV8:A:3-210	0	7	1	9	0	25	17	9	0	208
ANID_00583T0_232-295,373-485_2J0S:A:244-411	0	7	4	5	0	15	11	10	0	168
ANID_05931T0_212-499_1WRB:A:164-401	2	8	2	8	0	26	18	9	0	238
ANID_07659T0_144-441_2G2J:A:307-474	2	7	1	5	0	20	12	5	0	178
ANID_04903T0_164-467_2J0S:A:244-411	0	7	4	5	0	15	11	10	0	168
ANID_06374T0_28-238_1S2M:A:46-251	0	7	1	9	0	25	17	9	0	206
ANID_06374T0_45-110,192-208,252-333,387-463_1FUK:A:	0	7	3	4	0	16	14	7	0	162
ANID_10557T0_273-560_1WRB:A:164-401	2	8	2	8	0	26	18	9	0	238
ANID_04376T0_4-190_1BGV:A:1-194	3	5	2	8	0	16	8	12	0	194
ANID_04376T0_185-459_1BGV:A:195-449	2	7	2	10	0	29	11	16	0	255
ANID_02882T0_154-349_1EBF:A:151-340	1	5	3	7	0	18	12	11	0	190
ANID_02882T0_2-176_1EBF:A:2-150,A:341-359	2	6	2	7	0	22	11	8	1	168
ANID_01137T0_13-123_1NVT:A:1-110	0	6	2	3	0	12	4	8	0	105
ANID_01137T0_124-305_1NPD:A:107-287	0	6	1	7	0	19	12	12	0	181
ANID_00097T0_240-509_1X9N:A:534-753	5	11	2	6	0	25	17	14	0	220
ANID_00097T0_516-670_1X9N:A:754-901	3	10	1	2	0	17	13	7	0	148
ANID_00097T0_882-995_1WF6:A:	1	4	3	3	0	15	14	3	0	131
ANID_00097T0_719-799_1CDZ:A:	1	4	1	3	0	15	6	8	0	96
ANID_07498T0_66-308_1TE4:A:	0	0	3	6	0	11	9	5	0	111
ANID_02094T0_289-322,568-583,641-786,1087-1155,1385-1452,1644-1739_1GW5:A:	0	2	4	33	0	46	32	22	0	620
ANID_00091T0_168-499_1U2Z:A:	7	11	6	12	0	46	21	21	0	406
ANID_10248T0_7-77_1YWS:A:1-82	0	6	0	2	0	7	3	5	0	82
ANID_10224T0_119-187_1WGE:A:8-77	1	5	1	2	0	10	3	4	0	70
ANID_10224T0_8-98_1HDJ:A:	0	0	1	4	0	9	2	7	0	76
ANID_00720T0_1-268_2DEK:A:1-265	7	12	5	10	0	28	14	14	0	265
ANID_01769T0_3-350_1QGX:A:	4	14	3	10	0	37	23	23	0	354
ANID_03067T0_497-529,597-1141_1QHT:A:348-750	6	10	0	14	0	37	11	20	0	403
ANID_03067T0_91-478_1WNS:A:1-347	2	17	1	10	0	31	20	21	0	347
ANID_00818T0_309-521,546-678_1VHN:A:	0	9	3	14	0	31	18	15	0	317
ANID_00118T0_2902-3022,3054-3200_1RKB:A:	2	5	2	7	0	17	8	6	0	172
ANID_00118T0_2578-2845_1SXJ:D:26-262	0	5	2	13	0	21	15	15	0	237
ANID_00118T0_1911-2121_1SXJ:C:12-238	3	5	3	12	0	22	13	12	0	227
ANID_00118T0_2158-2371_1SXJ:E:4-255	0	8	1	10	0	23	14	14	0	252
ANID_01976T0_5-104,137-163_2F5K:A:6-88	0	5	2	1	0	7	5	3	0	83
ANID_03832T0_96-382_2BV3:A:7-282	2	11	3	8	0	22	12	14	0	276
ANID_03832T0_577-697_2BV3:A:479-599	1	6	1	2	0	15	8	4	0	121
ANID_03832T0_348-375,405-498_2BV3:A:283-403	1	12	0	0	0	15	9	9	0	121
ANID_03832T0_500-578_1FNM:A:404-482	0	5	0	2	0	8	3	2	0	79
ANID_03832T0_701-790_2BV3:A:600-688	0	4	2	3	0	5	0	4	0	89
ANID_02496T0_79-149,263-401,435-576_1WA5:B:	0	0	5	29	0	38	22	22	0	506
ANID_01285T0_20-321_1H1N:A:	3	10	2	10	0	34	17	26	0	305
ANID_07950T0_40-281_1HJS:A:	10	10	5	8	0	39	22	23	0	332
ANID_01602T0_322-355_1AZ6:A:	0	2	0	0	0	7	4	2	0	36
ANID_02385T0_61-166,196-328_1AJO:A:	5	16	3	1	0	26	14	11	0	212
ANID_00359T0_200-591_1K32:A:320-679	4	31	5	1	0	46	27	17	0	360
ANID_00359T0_77-123_2CPF:A:362-446	0	6	0	2	0	10	6	5	0	85
ANID_07105T0_697-771_1UFM:A:	0	3	0	3	0	8	7	3	0	83
ANID_02907T0_347-423_1UFM:A:	0	3	0	3	0	8	7	3	0	83
ANID_10765T0_184-287_2CQ0:A:231-320	0	6	0	2	0	9	8	5	0	90
ANID_02997T0_5-315_1ERJ:A:	2	30	1	1	0	43	24	22	0	388
ANID_03055T0_7-151_1RZ4:A:2-131	0	0	3	9	0	8	7	9	0	130
ANID_03055T0_156-243_1RZ4:A:132-216	0	3	0	5	0	9	4	4	0	85
ANID_05746T0_144-434_1ONE:A:142-436	4	12	6	9	0	36	18	14	0	295
ANID_05746T0_3-138_1ONE:A:1-141	1	3	1	5	0	15	6	12	0	141
ANID_07305T0_89-218_2GHP:A:116-196	0	6	0	2	0	9	2	4	0	81
ANID_03777T0_44-408_1EQC:A:	4	8	10	10	0	47	30	30	0	394
ANID_07533T0_411-819_1EQC:A:	4	8	10	10	0	47	30	30	0	394
ANID_06210T0_78-630_2B7M:A:73-623	0	0	4	22	0	33	25	28	0	551
ANID_00560T0_443-636_2D2S:A:525-753	0	0	2	9	0	10	3	9	0	229
ANID_01896T0_127-425_1HYO:A:119-416	3	21	5	7	0	47	20	14	0	298
ANID_01896T0_3-125_1HYO:A:1-118	0	5	2	4	0	14	9	8	0	118
ANID_01772T0_84-230,333-444_1R1D:A:	0	7	4	8	0	23	15	16	0	242
ANID_05267T0_44-266_1FJ2:A:	2	9	5	5	0	26	16	11	0	231
ANID_08016T0_93-379_2J0S:A:244-411	0	7	4	5	0	15	11	10	0	168
ANID_06543T0_50-180_1XQR:A:87-350	0	0	3	17	0	17	9	12	0	267
ANID_06225T0_9-152_1Y8M:A:1-138	0	0	1	6	0	10	7	7	0	138
ANID_03598T0_2-107_1YAT:A:	2	7	3	1	0	16	4	8	0	113
ANID_08343T0_26-131_1R9H:A:	4	7	1	2	0	16	6	10	0	118
ANID_10489T0_327-478_1U79:A:	4	9	2	2	0	19	5	10	0	125
ANID_05893T0_543-688_1CMZ:A:	0	0	1	9	0	10	8	9	0	128
ANID_05893T0_405-519_2CSO:A:8-122	0	5	0	4	0	11	10	5	0	114
ANID_05893T0_228-354_1XMA:A:	0	3	1	4	0	6	3	4	0	103
ANID_04819T0_538-863_1HTQ:A:101-468	9	10	3	11	0	42	27	21	0	374
ANID_04819T0_180-411_1XWY:A:1-260	0	8	7	9	0	24	12	14	0	260
ANID_01753T0_2-224_2BKA:A:5-236	0	9	4	8	0	20	12	13	0	232
ANID_08041T0_150-313_1GAD:O:149-312	2	8	3	3	0	15	11	8	0	164
ANID_08041T0_4-171_1J0X:O:1-148,O:313-332	1	8	3	5	0	22	13	9	1	168
ANID_02981T0_193-493_1QKI:A:200-434,A:450-511	3	9	4	8	0	31	23	14	1	297
ANID_02981T0_15-206_1QKI:A:12-199,A:435-449	2	6	3	8	0	21	14	8	1	203
ANID_05727T0_19-348_1FOB:A:	10	8	3	9	0	44	23	25	0	334
ANID_02248T0_74-498_1OHW:A:	8	14	6	15	0	50	25	29	0	461
ANID_02909T0_22-328_1F48:A:1-296	0	8	6	11	0	31	20	16	0	296
ANID_08848T0_269-347_1S7B:A:	0	0	0	4	0	10	7	3	0	109
ANID_00651T0_30-57,174-350_1BOF:A:10-60,A:182-354	1	6	6	6	0	19	9	12	1	224
ANID_00651T0_61-181_1CIP:A:61-181	0	0	1	8	0	7	3	10	0	121
ANID_10516T0_153-491,520-538_1FQV:A:146-431	8	13	3	8	0	55	21	24	0	286
ANID_10516T0_66-119_2OVR:B:2263-2364	0	0	0	6	0	9	7	5	0	102
ANID_05566T0_5-236_1GPM:A:3-207	1	12	1	4	0	26	19	16	0	205
ANID_05566T0_193-454_1GPM:A:208-404	0	5	1	8	0	15	5	8	0	197
ANID_05566T0_413-533_1GPM:A:405-525	2	4	2	2	0	9	6	7	0	121
ANID_02765T0_15-105_1UST:A:	0	3	0	4	0	10	8	6	0	92
ANID_08039T0_10-107_2JSS:A:96-192	0	0	0	5	0	11	8	5	0	97
ANID_03468T0_17-121_1ID3:C:	0	3	2	4	0	13	8	7	0	110
ANID_03469T0_21-138_1KX5:D:	0	2	0	4	0	14	9	3	0	122
ANID_00733T0_2-133_1KX5:A:	0	2	0	4	0	17	13	6	0	135
ANID_00734T0_3-102_1KX5:B:	0	3	1	3	0	10	6	4	0	102
ANID_02426T0_3-102_1KX5:B:	0	3	1	3	0	10	6	4	0	102
ANID_01949T0_127-338_1HV8:A:3-210	0	7	1	9	0	25	17	9	0	208
ANID_01949T0_273-485_2J0S:A:244-411	0	7	4	5	0	15	11	10	0	168
ANID_06214T0_6-369_1BOB:A:	1	15	2	11	0	26	14	18	0	315
ANID_02284T0_155-564_2BWN:A:2-397	7	14	2	14	0	46	24	23	0	396
ANID_04695T0_149-217_1KHI:A:103-173	1	5	1	1	0	5	1	5	0	71
ANID_04695T0_74-147_1KHI:A:27-102	0	7	1	0	0	11	2	5	0	76
ANID_01897T0_11-444_1EYB:A:	5	29	8	2	0	62	32	19	0	439
ANID_07430T0_232-547_1JVN:A:230-552	0	15	5	10	0	37	21	13	0	323
ANID_07430T0_2-211_1JVN:A:3-229	3	12	2	7	0	24	15	15	0	229
ANID_01017T0_5-352_2GFS:A:5-352	1	10	6	13	0	32	21	20	0	348
ANID_02066T0_8-148_1ELK:A:	0	0	1	9	0	11	7	9	0	153
ANID_02066T0_211-319_1GRI:A:157-217	1	5	1	0	0	8	4	2	0	61
ANID_02530T0_14-80,118-180_1GME:A:	1	8	5	2	0	17	6	7	0	150
ANID_06089T0_217-410_1KID:A:	4	9	4	5	0	22	10	5	0	193
ANID_06089T0_40-167,440-559_1WE3:A:3-138,A:409-527	1	8	1	10	0	18	7	11	1	255
ANID_06089T0_171-237_1OEL:A:137-190,A:367-409	0	3	0	4	0	7	5	2	1	97
ANID_05129T0_2-185_1BUP:A:4-188	0	12	1	6	0	18	7	13	0	185
ANID_05129T0_188-379_1HJO:A:189-382	1	6	2	6	0	13	8	10	0	194
ANID_05129T0_386-541_1CKR:A:	1	10	0	2	0	15	14	9	0	159
ANID_05129T0_535-615_1UD0:A:	0	0	1	3	0	3	3	4	0	112
ANID_06010T0_225-416_1DKG:D:186-383	1	6	1	6	0	13	10	7	0	198
ANID_06010T0_43-222_1DKG:D:3-185	4	12	2	5	0	21	12	11	0	183
ANID_06010T0_418-574_1CKR:A:	1	10	0	2	0	15	14	9	0	159
ANID_04666T0_7-234,272-288_1GOT:B:	1	28	0	2	0	36	22	23	0	339
ANID_04068T0_330-402_1S7B:A:	0	0	0	4	0	10	7	3	0	109
ANID_07459T0_226-480_1IG8:A:225-486	1	5	5	10	0	20	16	19	0	262
ANID_07459T0_19-224_1IG8:A:18-224	2	8	1	5	0	24	11	10	0	207
ANID_07506T0_1321-1408_1O7F:A:180-321	0	4	2	5	0	12	12	5	0	142
ANID_08668T0_65-189_2I9C:A:3-123	0	0	1	5	0	8	4	6	0	121
ANID_02622T0_7-326_1QJE:A:	6	13	3	7	0	38	16	21	0	327
ANID_00095T0_407-539_1C07:A:	0	2	0	4	0	11	7	6	0	95
ANID_04707T0_28-105_1X4T:A:7-86	0	0	0	2	0	6	5	3	0	79
ANID_07455T0_522-758_1VRB:A:8-326	2	13	4	10	0	39	20	15	0	319
ANID_07455T0_316-390_1WE9:A:	0	2	1	1	0	11	6	3	0	63
ANID_05177T0_11-341_1GOT:B:	1	28	0	2	0	36	22	23	0	339
ANID_05122T0_42-258_1AKY:A:3-130,A:169-220	0	5	1	9	0	13	6	8	1	180
ANID_10378T0_106-165_1GD2:G:	0	0	0	1	0	3	1	0	0	69
ANID_04987T0_280-399_1CX4:A:266-412	0	6	2	5	0	15	4	7	0	147
ANID_04987T0_139-277_1CX4:A:130-265	0	8	1	4	0	13	4	5	0	136
ANID_01194T0_20-200_1D6J:A:	0	5	1	6	0	19	12	6	0	203
ANID_07388T0_19-421_1MWV:A:35-440	10	7	12	13	0	50	30	28	0	405
ANID_07388T0_421-726_1MWV:A:441-748	14	12	22	24	0	83	48	51	0	713
ANID_02412T0_21-286_1A06:A:	4	8	4	10	0	29	20	14	0	307
ANID_05200T0_8-199,305-425_3C96:A:4-182,A:294-402	1	13	1	8	0	26	14	13	1	288
ANID_05210T0_30-106,191-373_1A3W:A:2-87,A:189-366	3	8	3	12	0	27	20	10	1	264
ANID_05210T0_382-517_1A3W:A:367-500	0	5	1	5	0	17	10	9	0	134
ANID_05210T0_102-202_1A3W:A:88-188	5	6	0	1	0	17	8	5	0	101
ANID_07753T0_255-533_1JEY:A:254-534	4	14	4	6	0	28	14	13	0	281
ANID_07753T0_32-228_1JEY:A:34-253	3	5	2	6	0	21	12	10	0	220
ANID_07753T0_579-626_1JEQ:A:559-609	0	0	1	3	0	5	1	3	0	51
ANID_06635T0_21-145_1GW0:A:1-162	5	10	2	0	0	20	10	14	0	162
ANID_06635T0_166-223,264-394_1AOZ:A:130-338	4	11	1	2	0	31	19	15	0	209
ANID_06635T0_416-601_1AOZ:A:339-552	0	13	2	4	0	28	17	12	0	214
ANID_00886T0_10-248_2DFA:A:1-250	8	9	0	8	0	29	11	15	0	250
ANID_09438T0_37-364_1RJD:A:	0	8	2	15	0	27	14	19	0	333
ANID_05812T0_219-462_1HS6:A:209-460	1	7	4	11	0	19	10	13	0	252
ANID_05812T0_5-213_1HS6:A:1-208	2	15	4	0	0	20	10	12	0	208
ANID_05812T0_471-612_1HS6:A:461-610	0	0	4	8	0	11	2	8	0	150
ANID_06193T0_894-1075_1RRE:A:	5	10	1	6	0	17	11	10	0	182
ANID_06193T0_563-809_1QZM:A:	0	2	0	5	0	9	2	6	0	94
ANID_06193T0_198-299_2ANE:A:8-117	2	6	1	1	0	12	6	4	0	110
ANID_00122T0_732-914_1RRE:A:	5	10	1	6	0	17	11	10	0	182
ANID_00122T0_390-427,472-721_1QZM:A:	0	2	0	5	0	9	2	6	0	94
ANID_00122T0_11-77,104-257_2ANE:A:8-117	2	6	1	1	0	12	6	4	0	110
ANID_02873T0_5-141,329-366_1F8G:A:1-143,A:327-384	0	10	9	7	0	21	8	12	1	201
ANID_02873T0_192-326_1JVB:A:144-313	0	6	2	8	0	13	10	11	0	170
ANID_01895T0_97-225_1FW1:A:88-212	2	0	3	5	0	8	7	7	0	125
ANID_01895T0_7-100_1FW1:A:5-87	0	4	1	3	0	11	7	5	0	83
ANID_01750T0_279-380,408-419,472-611_1HV8:A:3-210	0	7	1	9	0	25	17	9	0	208
ANID_01750T0_103-164,216-382_1QDE:A:	1	7	1	8	0	24	11	12	0	212
ANID_06427T0_21-390_1QNR:A:	4	16	3	11	0	38	22	25	0	344
ANID_07413T0_26-121,150-321_2BVY:A:5-370	7	11	2	10	0	43	30	27	0	366
ANID_02996T0_83-140_1X57:A:8-85	2	0	0	4	0	8	5	5	0	78
ANID_05712T0_105-222_1SC3:A:,B:	4	11	2	6	0	32	19	15	1	261
ANID_06879T0_73-297,356-610_1PV7:A:	0	0	2	22	0	18	12	14	0	417
ANID_00432T0_164-320_1UMK:A:154-300	0	8	4	5	0	15	10	8	0	147
ANID_00432T0_67-176_1I7P:A:29-153	2	7	0	1	0	15	7	11	0	121
ANID_06223T0_2-43,108-191_1YKH:B:2-130	0	0	0	3	0	4	2	2	0	129
ANID_02123T0_122-213_1YKH:A:111-205	0	0	1	3	0	3	1	2	0	95
ANID_04770T0_42-234_1SUR:A:	2	6	2	9	0	21	10	13	0	215
ANID_02229T0_22-279,330-449_2VAT:A:7-382	7	8	7	12	0	38	22	24	0	376
ANID_04769T0_171-390_1I2D:A:171-390	8	7	2	7	0	26	15	13	0	220
ANID_04769T0_4-170_1I2D:A:2-170	3	7	1	7	0	21	13	9	0	169
ANID_04769T0_391-503,540-572_1I2D:A:391-573	0	5	1	7	0	17	12	10	0	183
ANID_08540T0_300-518,563-591_1PW4:A:	2	0	1	18	0	21	18	22	0	450
ANID_08540T0_74-312_1PV7:A:	0	0	2	22	0	18	12	14	0	417
ANID_07485T0_57-263,331-505_1PW4:A:	2	0	1	18	0	21	18	22	0	450
ANID_05861T0_66-266_2C07:A:54-304	2	7	2	9	0	21	12	14	0	251
ANID_00787T0_32-501_1KRE:A:	9	16	6	17	0	42	30	26	0	475
ANID_09143T0_3-89_1VJK:A:	5	4	1	2	0	13	5	6	0	97
ANID_04841T0_45-182_1FM0:E:	0	8	0	4	0	13	4	5	0	149
ANID_03941T0_342-498_1QB0:A:	3	7	2	6	0	21	14	13	0	178
ANID_00421T0_295-383,589-671_1WHW:A:	0	5	0	2	0	10	6	5	0	98
ANID_00421T0_695-774_2CPH:A:454-547	2	4	0	2	0	12	9	3	0	94
ANID_00421T0_2-102_1SXL:A:	2	3	0	2	0	19	15	2	0	97
ANID_00421T0_472-557_1WHX:A:	2	4	2	3	0	13	10	6	0	110
ANID_06149T0_271-511,552-618_1HV8:A:211-365	1	6	1	6	0	17	12	7	0	155
ANID_03749T0_517-827_1EWQ:A:267-541	2	4	1	10	0	20	10	10	0	275
ANID_03749T0_829-1067_1E3M:A:567-800	2	10	1	6	0	25	13	9	0	234
ANID_03749T0_192-317_1EWQ:A:1-120	0	6	3	3	0	13	6	4	0	120
ANID_05975T0_204-383_1LJ8:A:287-492	4	0	3	12	0	13	4	16	0	206
ANID_05975T0_3-187_1F0Y:A:12-203	0	8	1	7	0	22	12	11	0	192
ANID_03593T0_19-238_1JDI:A:	5	7	1	8	0	25	7	13	0	223
ANID_00078T0_549-588_2FV6:A:503-544	0	0	0	2	0	8	7	1	0	42
ANID_03632T0_59-71,115-415,447-518_1HFE:L:87-398	2	8	9	11	0	32	21	19	0	312
ANID_02155T0_62-309_1G3Q:A:	0	8	3	11	0	25	16	14	0	237
ANID_08216T0_1-151_1BE4:A:	2	4	4	8	0	14	8	7	0	151
ANID_02885T0_18-98_1CG7:A:	0	0	0	6	0	6	4	8	0	93
ANID_01006T0_54-309_1SOX:A:94-343	1	13	5	6	0	31	18	16	0	250
ANID_01006T0_311-450_1SOX:A:344-466	3	9	1	0	0	21	10	7	0	123
ANID_01006T0_716-873_1UMK:A:154-300	0	8	4	5	0	15	10	8	0	147
ANID_01006T0_609-730_2CND:A:11-124	2	7	0	1	0	14	6	8	0	114
ANID_01006T0_509-595_1AWP:A:	1	5	1	4	0	11	4	8	0	86
ANID_09504T0_9-131,160-296_2JAV:A:3-271	1	8	3	9	0	24	12	13	0	269
ANID_00098T0_32-79_1PYI:A:30-71	0	2	0	2	0	6	1	3	0	42
ANID_01007T0_712-886_3C7B:A:167-238,A:305-417	5	5	3	7	0	25	10	10	1	183
ANID_01007T0_42-241_1XHC:A:1-103,A:226-289	4	11	2	5	0	18	13	9	1	165
ANID_01007T0_931-1055_2JO6:A:1-108	0	10	0	0	0	9	7	9	0	108
ANID_01007T0_591-720_1ZJ8:A:10-161	2	5	9	7	0	16	8	9	0	152
ANID_01007T0_190-355_1XHC:A:1-103,A:226-289	4	11	2	5	0	18	13	9	1	165
ANID_08168T0_3-352_1K6X:A:	2	13	3	12	0	37	26	20	0	350
ANID_02500T0_48-229_1NE2:A:	2	7	2	6	0	12	8	7	0	197
ANID_01452T0_365-439_1U6F:A:1-139	0	5	0	2	0	17	16	5	0	139
ANID_01452T0_267-326_1WHY:A:	2	4	0	2	0	12	6	2	0	96
ANID_03167T0_158-387_2OZB:B:85-333	0	0	3	11	0	15	11	14	0	249
ANID_05879T0_42-163_1L9N:A:1-140	1	9	0	1	0	16	8	10	0	140
ANID_04942T0_3-123_1GY7:A:	0	6	1	2	0	7	6	4	0	121
ANID_06197T0_100-443_1VYH:C:92-408	0	28	1	0	0	39	25	14	0	317
ANID_06197T0_4-80_1UUJ:A:	0	0	0	5	0	5	0	5	0	76
ANID_01810T0_29-428_2OAT:A:	6	15	3	13	0	35	23	31	0	404
ANID_01461T0_233-289_1E6F:A:	7	10	2	0	0	16	8	7	0	134
ANID_04409T0_31-349_1OTH:A:185-354	3	5	2	7	0	22	9	13	0	170
ANID_04000T0_40-211_1CVJ:A:91-179	2	5	0	3	0	9	6	7	0	89
ANID_04000T0_223-360_1CVJ:A:91-179	2	5	0	3	0	9	6	7	0	89
ANID_04000T0_585-713_1G9L:A:	0	0	0	5	0	15	16	8	0	143
ANID_04000T0_411-469_1X5T:A:8-90	2	6	0	2	0	10	6	5	0	83
ANID_00256T0_96-445_1ZCM:A:33-353	7	12	6	10	0	39	24	22	0	321
ANID_00256T0_580-705_1DF0:A:356-514	1	8	0	1	0	19	11	5	0	159
ANID_00256T0_443-574_1DF0:A:356-514	1	8	0	1	0	19	11	5	0	159
ANID_00256T0_27-77_1YXR:A:1-77	0	0	0	3	0	4	1	1	0	77
ANID_04270T0_450-548_1F8H:A:	2	0	1	4	0	12	7	5	0	95
ANID_04270T0_157-260_1F8H:A:	2	0	1	4	0	12	7	5	0	95
ANID_02065T0_481-820_1VJV:A:	7	17	4	10	0	35	13	16	0	397
ANID_02065T0_870-1054_1WLJ:A:	0	7	1	7	0	16	4	10	0	173
ANID_02065T0_26-336_1GXR:A:	2	31	0	0	0	37	29	20	0	336
ANID_01778T0_64-328_1OY0:A:	1	8	2	10	0	27	16	14	0	262
ANID_07725T0_22-277_1ZNN:A:18-271	0	8	3	10	0	24	18	11	0	254
ANID_02569T0_21-378_1IDK:A:	7	28	5	4	0	54	34	19	0	359
ANID_09439T0_20-376_1IDK:A:	7	28	5	4	0	54	34	19	0	359
ANID_04882T0_21-377_1IDK:A:	7	28	5	4	0	54	34	19	0	359
ANID_03827T0_352-469_1CDZ:A:	1	4	1	3	0	15	6	8	0	96
ANID_01246T0_2-417_1QPG:A:	5	17	8	15	0	46	30	21	0	415
ANID_06656T0_176-504_1HG8:A:	1	26	3	1	0	43	31	12	0	349
ANID_08327T0_57-378_1IA5:A:	2	28	4	1	0	45	32	12	0	339
ANID_08761T0_44-427_1IA5:A:	2	28	4	1	0	45	32	12	0	339
ANID_09045T0_69-439_1CZF:A:	2	28	3	1	0	43	30	12	0	335
ANID_02867T0_2-214_3PMG:A:1-190	3	9	1	5	0	20	11	13	0	190
ANID_02867T0_419-556_3PMG:A:421-561	0	9	0	3	0	14	7	7	0	141
ANID_02867T0_184-293_1KFI:A:206-323	1	5	3	4	0	13	11	10	0	118
ANID_02867T0_280-424_3PMG:A:304-420	0	4	1	6	0	10	7	7	0	117
ANID_08891T0_53-436_1CZF:A:	2	28	3	1	0	43	30	12	0	335
ANID_01685T0_28-461_1QWO:A:	5	10	6	15	0	41	25	28	0	435
ANID_04069T0_37-127_1EQ3:A:	1	4	0	3	0	10	8	5	0	96
ANID_00408T0_275-613_1OXW:A:	8	8	9	12	0	35	16	21	0	360
ANID_05333T0_6-323_1QCX:A:	7	28	6	5	0	49	35	16	0	359
ANID_02542T0_50-236_1EE6:A:	0	19	0	0	0	30	22	7	0	197
ANID_03337T0_52-210_1EE6:A:	0	19	0	0	0	30	22	7	0	197
ANID_06106T0_35-208_1EE6:A:	0	19	0	0	0	30	22	7	0	197
ANID_06748T0_46-218_1EE6:A:	0	19	0	0	0	30	22	7	0	197
ANID_08453T0_56-228_1EE6:A:	0	19	0	0	0	30	22	7	0	197
ANID_03390T0_30-323_1GQ8:A:	3	24	6	3	0	47	33	20	0	318
ANID_08692T0_34-167_1TP9:A:1-162	1	9	0	6	0	18	11	13	0	162
ANID_05785T0_163-257_1TUA:A:85-188	0	3	1	5	0	6	1	5	0	104
ANID_00410T0_20-302_1FJM:A:	2	14	0	10	0	35	21	16	0	294
ANID_06391T0_18-314_2NYM:C:2-294	4	13	0	11	0	29	23	16	0	293
ANID_04583T0_5-175_1IHG:A:2-196	9	10	1	2	0	28	15	15	0	195
ANID_04583T0_213-364_1IHG:A:197-365	0	0	2	8	0	13	5	7	0	169
ANID_09420T0_12-183_1QOI:A:	5	10	2	2	0	25	13	11	0	173
ANID_08680T0_5-156_1XWN:A:1-166	2	8	0	2	0	21	16	8	0	166
ANID_06894T0_312-482_1ZKC:A:280-457	6	8	1	3	0	20	11	12	0	178
ANID_06894T0_45-115_1N87:A:	0	3	1	1	0	10	4	3	0	56
ANID_09095T0_1-189_1XYH:A:1-160	6	8	1	2	0	23	13	12	0	160
ANID_09095T0_231-334_1CVJ:A:91-179	2	5	0	3	0	9	6	7	0	89
ANID_01634T0_423-522,553-737_1WRB:A:164-401	2	8	2	8	0	26	18	9	0	238
ANID_01208T0_128-429_1VYH:C:92-408	0	28	1	0	0	39	25	14	0	317
ANID_01266T0_614-905_1WRB:A:164-401	2	8	2	8	0	26	18	9	0	238
ANID_06650T0_35-455_2CTS:A:	5	2	3	20	0	34	18	23	0	437
ANID_03666T0_1-103,131-173_2E9X:A:1-144	0	0	1	5	0	10	7	5	0	144
ANID_05901T0_70-99,157-242_2E9X:B:62-173	0	1	1	4	0	8	5	6	0	114
ANID_05901T0_10-68_2E9X:B:1-61	2	5	0	2	0	7	3	4	0	61
ANID_03905T0_15-357_2IXO:A:2-317	4	2	4	14	0	30	16	14	0	316
ANID_10111T0_45-355_2IXN:A:3-299	1	2	1	15	0	25	13	17	0	297
ANID_01733T0_33-556_1UZB:A:	7	19	6	15	0	48	35	23	0	516
ANID_00565T0_599-868_1A9X:A:128-402	4	11	3	7	0	30	24	12	0	275
ANID_00565T0_1134-1393_1A9X:A:677-935	1	11	2	8	0	28	16	9	0	259
ANID_00565T0_1952-2273_1TUG:A:1-150,A:151-310	5	9	6	10	0	36	22	16	1	310
ANID_00565T0_243-449_1A9X:B:1653-1880	4	10	1	6	0	22	14	15	0	228
ANID_00565T0_863-1015_1A9X:A:403-555	3	2	1	7	0	15	8	10	0	153
ANID_00565T0_61-211_1A9X:B:1502-1652	4	7	2	4	0	22	12	6	0	151
ANID_00565T0_1556-1817_1XRT:A:56-365	5	7	4	10	0	31	14	12	0	310
ANID_00565T0_1017-1135_1A9X:A:556-676	3	4	0	6	0	13	10	8	0	121
ANID_00565T0_478-601_1A9X:A:1-127	2	5	2	5	0	17	8	6	0	127
ANID_00565T0_1401-1550_1ZCZ:A:1-157	0	5	3	6	0	14	8	7	0	157
ANID_06157T0_6-272_1DQW:A:	2	8	3	10	0	32	15	16	0	267
ANID_01134T0_38-86_1CLD:A:	0	0	0	2	0	4	2	1	0	33
ANID_01136T0_10-270_2HHM:A:	1	14	1	8	0	23	13	16	0	272
ANID_07309T0_23-93_1RMD:A:1-86	6	2	3	3	0	14	6	6	0	86
ANID_04407T0_20-191_1KN0:A:	2	5	2	5	0	19	7	11	0	184
ANID_00044T0_752-828,991-1062,1095-1201_1Z3I:X:390-735	0	10	6	11	0	41	29	23	0	346
ANID_00044T0_397-457,509-742_1Z63:A:432-661	0	7	2	11	0	24	16	18	0	230
ANID_00044T0_877-943_1JM7:A:	2	0	1	3	0	11	9	5	0	103
ANID_00182T0_7-198_2ERY:A:10-180	2	6	0	6	0	16	9	11	0	169
ANID_06395T0_19-335_1NKG:A:1-250	4	20	4	0	0	35	14	17	0	250
ANID_06395T0_441-658_1NKG:A:338-508	2	10	4	1	0	22	17	11	0	171
ANID_06395T0_338-436_1NKG:A:251-337	2	8	1	0	0	14	4	4	0	87
ANID_09134T0_18-439_1RMG:A:	8	23	1	3	0	46	35	15	0	422
ANID_05740T0_6-178_1KMQ:A:	0	6	3	6	0	15	10	12	0	177
ANID_02687T0_70-243_1KMQ:A:	0	6	3	6	0	15	10	12	0	177
ANID_06072T0_207-423_1ZX0:A:8-236	2	10	5	10	0	24	11	14	0	229
ANID_06072T0_16-65,96-137_1N11:A:	0	0	1	24	0	48	15	35	0	408
ANID_04874T0_51-271_1BOL:A:	2	7	3	6	0	29	18	15	0	222
ANID_08272T0_404-484_2FBI:A:5-140	0	3	0	7	0	7	2	6	0	136
ANID_04233T0_117-401_1HV8:A:3-210	0	7	1	9	0	25	17	9	0	208
ANID_04060T0_4-146_2V7F:A:2-150	1	2	2	6	0	12	6	6	0	149
ANID_01339T0_448-814_1ND7:A:	2	12	7	14	0	33	22	22	0	373
ANID_01339T0_10-131_2EP6:A:92-217	2	9	1	0	0	17	11	4	0	126
ANID_01339T0_336-375_1I5H:W:	0	3	0	0	0	7	6	4	0	50
ANID_01339T0_392-434_1TK7:A:1-45	0	3	0	1	0	5	4	3	0	43
ANID_01339T0_226-264_1NMV:A:1-44	0	3	0	0	0	6	4	3	0	44
ANID_03172T0_15-201_1VI6:A:	1	7	3	6	0	22	13	12	0	193
ANID_05758T0_111-358_2GCL:A:237-474	0	18	3	3	0	18	11	10	0	238
ANID_00411T0_18-189_1M2O:B:	2	6	4	4	0	16	10	12	0	167
ANID_06359T0_342-523,581-677_2OVR:B:2365-2706	0	32	2	1	0	36	24	21	0	342
ANID_06359T0_164-247,318-331_2OVR:B:2263-2364	0	0	0	6	0	9	7	5	0	102
ANID_04317T0_14-300_2OVR:B:2365-2706	0	32	2	1	0	36	24	21	0	342
ANID_00261T0_129-396_1M2O:A:120-390	3	8	1	8	0	25	21	13	0	271
ANID_00261T0_10-68,413-522_1M2O:A:2-44,A:391-523	5	10	0	3	0	21	15	9	1	176
ANID_00261T0_626-767_1M2O:A:627-765	2	5	3	4	0	15	7	6	0	139
ANID_00261T0_523-625_1M2O:A:524-626	2	0	1	5	0	9	6	6	0	103
ANID_00261T0_51-124_1M2O:A:45-119	3	4	2	0	0	14	5	6	0	75
ANID_03720T0_304-549_1M2V:B:301-552	1	9	0	8	0	19	17	12	0	252
ANID_03720T0_71-217,550-644_1M2V:B:61-215,B:553-646	5	10	2	3	0	17	17	8	1	249
ANID_03720T0_752-907_1M2V:B:754-926	1	4	1	3	0	19	8	8	0	173
ANID_03720T0_645-751_1M2V:B:647-753	0	1	1	5	0	7	7	5	0	107
ANID_03720T0_219-303_1M2V:B:216-300	2	5	3	1	0	15	7	6	0	85
ANID_05795T0_1073-1217_1MVH:A:	5	15	3	2	0	50	27	17	0	269
ANID_05795T0_225-347_1IQT:A:	2	4	0	2	0	11	8	2	0	75
ANID_06147T0_132-251_1N3J:A:	3	9	0	2	0	19	13	1	0	119
ANID_01085T0_21-271_1F5N:A:7-283	4	9	4	10	0	28	18	11	0	277
ANID_08233T0_203-373_1O6U:A:76-274	4	5	5	7	0	24	11	13	0	199
ANID_08233T0_100-184_1O6U:A:1-75	2	0	2	3	0	5	3	4	0	75
ANID_02302T0_83-158_1FQV:B:85-160	0	0	0	5	0	7	2	5	0	76
ANID_02302T0_4-68_1FS1:B:2-68	0	3	1	2	0	8	2	5	0	61
ANID_07145T0_192-308_2BZ2:A:35-113	2	4	0	2	0	12	6	3	0	79
ANID_10594T0_18-137_1OCS:A:	0	3	0	4	0	15	8	7	0	132
ANID_06351T0_95-206_1KMD:A:	0	3	0	5	0	14	7	4	0	117
ANID_03584T0_70-190_1OCS:A:	0	3	0	4	0	15	8	7	0	132
ANID_03584T0_311-354,412-478_1X04:A:26-225	0	0	0	6	0	4	2	6	0	200
ANID_00241T0_3-152_1F1G:A:	2	9	1	1	0	22	14	11	0	153
ANID_03176T0_18-128,156-251_1HV8:A:3-210	0	7	1	9	0	25	17	9	0	208
ANID_03176T0_189-419_2J0S:A:244-411	0	7	4	5	0	15	11	10	0	168
ANID_06224T0_138-199_2FTX:B:155-213	0	3	1	2	0	7	3	4	0	59
ANID_01698T0_501-561_2DO3:A:462-523	0	5	0	0	0	9	7	3	0	62
ANID_02489T0_33-370_1GZ8:A:	3	8	3	10	0	29	17	22	0	298
ANID_02172T0_8-149_2IVX:A:7-149	0	0	1	7	0	11	6	8	0	143
ANID_02172T0_151-207,241-284_2I53:A:158-267	2	0	3	4	0	9	6	6	0	110
ANID_07814T0_1546-1599,1645-1721,1839-1888_1MLA:A:3-127,A:198-307	2	5	1	12	0	22	14	13	1	235
ANID_07814T0_1431-1541_1S9C:A:164-289	0	5	3	3	0	12	6	7	0	126
ANID_07814T0_17-185,291-396_1MLA:A:3-127,A:198-307	2	5	1	12	0	22	14	13	1	235
ANID_07814T0_1154-1285_1Q6W:A:	4	6	2	4	0	16	6	8	0	151
ANID_07811T0_4-242_1LDN:A:15-162	0	6	3	4	0	15	10	8	0	148
ANID_07810T0_3-216_1HDO:A:	0	10	3	5	0	24	20	11	0	205
ANID_07808T0_22-447_1TQN:A:	5	9	7	18	0	43	20	30	0	472
ANID_07806T0_10-262_1YBV:A:	2	7	6	9	0	26	16	13	0	270
ANID_07805T0_24-328_1LQA:A:	4	10	4	11	0	41	19	22	0	346
ANID_02290T0_562-616_1X6E:A:8-40	0	2	1	1	0	4	3	1	0	33
ANID_02067T0_560-819_1F3M:C:	1	10	4	11	0	33	20	20	0	294
ANID_05836T0_130-245_1L3G:A:	0	6	0	5	0	9	6	8	0	123
ANID_09077T0_1019-1087,1117-1133,1323-1502_1Z3I:X:390-735	0	10	6	11	0	41	29	23	0	346
ANID_09077T0_769-1017_1Z63:A:432-661	0	7	2	11	0	24	16	18	0	230
ANID_00111T0_340-574_2OOE:A:21-549	2	0	2	28	0	36	16	28	0	529
ANID_00111T0_22-326_2OOE:A:21-549	2	0	2	28	0	36	16	28	0	529
ANID_00111T0_579-749_2OOE:A:21-549	2	0	2	28	0	36	16	28	0	529
ANID_00316T0_1-244_1TUB:A:1-245	0	6	2	9	0	25	23	14	0	245
ANID_00316T0_246-438_1TUB:A:246-440	3	3	2	5	0	20	14	11	0	195
ANID_07570T0_4-246_1TUB:A:1-245	0	6	2	9	0	25	23	14	0	245
ANID_07570T0_248-439_1TUB:A:246-440	3	3	2	5	0	20	14	11	0	195
ANID_01182T0_1-243_1TUB:B:1-245	2	5	1	8	0	23	21	13	0	243
ANID_01182T0_244-429_1TUB:B:246-437	1	4	4	7	1	21	16	10	0	184
ANID_06838T0_1-243_1TUB:B:1-245	2	5	1	8	0	23	21	13	0	243
ANID_06838T0_244-429_1TUB:B:246-437	1	4	4	7	1	21	16	10	0	184
ANID_05296T0_354-525_2C2A:A:321-481	0	7	2	3	0	13	4	10	0	161
ANID_05296T0_561-680_2AYZ:A:817-949	0	5	0	5	0	13	10	3	0	133
ANID_05296T0_181-288_1N9L:A:	0	5	1	3	0	14	5	7	0	109
ANID_05296T0_289-366_2C2A:A:232-320	0	0	1	3	0	3	0	4	0	89
ANID_05296T0_45-146_1MZU:A:	2	5	2	3	1	12	6	6	0	110
ANID_00641T0_1-179_1H6Q:A:	0	11	0	3	0	22	11	9	0	168
ANID_00429T0_23-85_2BSK:B:13-77	0	0	0	2	0	5	1	3	0	65
ANID_06306T0_38-97_2BSK:A:13-85	0	0	0	3	0	4	2	0	0	73
ANID_04559T0_42-103_1FAF:A:	0	0	1	3	0	6	4	3	0	79
ANID_07569T0_17-311_1OKC:A:	0	0	6	11	0	19	10	9	0	292
ANID_06900T0_2-247_1TPH:1:	2	8	4	11	0	24	15	15	0	245
ANID_05523T0_12-477_1GZ5:A:	6	16	7	18	0	41	25	25	0	456
ANID_09340T0_337-806_1H54:A:269-753	8	12	7	19	0	39	30	29	0	481
ANID_09340T0_57-337_1UG9:A:2-273	3	17	2	3	0	27	21	10	0	272
ANID_01165T0_37-298_2C07:A:54-304	2	7	2	9	0	21	12	14	0	251
ANID_00891T0_61-104_1PYI:A:30-71	0	2	0	2	0	6	1	3	0	42
ANID_02327T0_58-403,430-443_1JW9:B:	5	8	2	9	0	22	10	18	0	247
ANID_05344T0_1-149_1AYZ:A:	2	4	1	4	0	15	7	11	0	153
ANID_11684T0_43-297,352-430,583-618_2HD5:A:211-521	4	18	4	9	0	37	12	12	0	336
ANID_11055T0_173-267_1SS6:A:	0	4	1	2	0	12	10	7	0	101
ANID_11055T0_253-359_1S3S:G:	2	5	1	3	0	15	10	7	0	118
ANID_11055T0_4-44_1V92:A:	0	0	0	3	0	4	2	4	0	46
ANID_09470T0_141-296_1R51:A:137-296	5	6	1	3	0	15	7	5	0	160
ANID_09470T0_5-135_1R51:A:1-136	0	6	1	3	0	11	4	5	0	136
ANID_05455T0_936-1097,1228-1443,1479-1516,1573-1670,1734-1797_1QBK:B:	0	0	17	47	0	50	54	64	0	888
ANID_05455T0_243-321,350-371,413-676,778-814,940-1145_1Y6I:A:1-82	0	0	0	5	0	8	5	4	0	82
ANID_04472T0_840-894_1GUU:A:	0	0	0	3	0	5	3	2	0	50
ANID_02071T0_9-149_1ELK:A:	0	0	1	9	0	11	7	9	0	153
ANID_02071T0_165-225_1DVP:A:149-220	2	4	1	1	0	12	5	4	0	72
ANID_00406T0_536-600_1OXJ:A:594-655	0	0	1	4	0	6	0	6	0	62
ANID_05613T0_724-1343_1FO4:A:695-1332	13	18	6	17	0	71	45	32	0	638
ANID_05613T0_236-447_1FO4:A:192-414	2	9	6	8	0	31	15	14	0	223
ANID_05613T0_594-724_1FO4:A:537-694	1	9	4	2	0	21	14	11	0	158
ANID_05613T0_453-563_1FO4:A:415-531	2	4	0	3	0	9	6	7	0	117
ANID_05613T0_128-214_1FO4:A:93-165	0	0	1	4	0	9	6	2	0	73
ANID_05613T0_36-121_1FO4:A:3-92	2	5	2	1	0	12	4	10	0	90
ANID_01542T0_36-460_1SQJ:A:4-430	5	31	4	2	0	58	43	30	0	427
ANID_01542T0_467-806_1SQJ:A:431-786	12	28	0	0	0	52	32	25	0	356
ANID_00452T0_22-238_1OA3:A:	1	15	2	1	0	18	14	10	0	217
ANID_08790T0_13-294_1BU6:O:3-253	1	15	1	9	0	25	13	17	0	251
ANID_08790T0_300-546_1BUP:A:189-381	1	6	3	7	0	14	7	9	0	193
ANID_00423T0_5-314_1JEZ:A:	5	10	3	11	0	39	15	19	0	319
ANID_09064T0_11-183_1E3J:A:4-142,A:313-351	5	12	4	3	0	23	8	10	1	178
ANID_09064T0_149-322_1E3J:A:143-312	0	6	0	8	0	21	14	9	0	170
ANID_03613T0_37-225_1TE1:B:	4	13	0	1	0	21	18	4	0	190
ANID_09365T0_33-221_1TE1:B:	4	13	0	1	0	21	18	4	0	190
ANID_00656T0_37-250_1L3I:A:	1	8	1	6	0	16	9	11	0	186
ANID_10108T0_13-248_1W9A:A:	0	9	1	3	0	15	6	6	0	142
ANID_07484T0_24-181_1Y7B:A:325-534	1	16	1	0	0	23	18	13	0	210
ANID_03737T0_175-468,505-524_1ERJ:A:	2	30	1	1	0	43	24	22	0	388
ANID_00298T0_88-111_2CQE:A:429-457	2	0	0	0	0	6	6	2	0	29
ANID_00298T0_116-145_2CQE:A:458-513	2	0	0	2	0	7	7	2	0	56
ANID_04469T0_99-257,290-475_1P22:A:253-545	0	28	0	1	0	35	23	13	0	293
ANID_07456T0_9-90_2F9D:A:12-125	0	6	0	4	0	12	7	7	0	114
ANID_04742T0_2-100_2IF1:A:	3	5	1	3	0	19	12	8	0	125
ANID_04281T0_4-181_2FOL:A:5-173	3	6	0	5	0	18	8	10	0	169
ANID_08519T0_14-431_1X0M:A:26-428	2	14	5	14	0	43	21	17	0	403
ANID_12237T0_3-164_1HQZ:1:	0	5	1	4	0	17	10	10	0	139
ANID_12237T0_715-772_1JO8:A:	3	5	1	0	0	9	3	3	0	58
ANID_12237T0_627-689_1JO8:A:	3	5	1	0	0	9	3	3	0	58
ANID_08863T0_64-375_2AYU:A:70-370	3	6	4	8	0	25	17	14	0	301
ANID_05820T0_13-335_1JBQ:A:	3	11	7	11	0	40	22	20	0	355
ANID_05820T0_364-525_1JCN:A:112-231	1	4	0	1	0	11	7	5	0	120
ANID_02911T0_404-464_1T2K:D:	0	0	0	1	0	1	0	1	0	60
ANID_05913T0_146-321_1RJW:A:138-305	0	7	1	8	0	16	10	9	0	168
ANID_05913T0_27-177_1RJW:A:1-137,A:306-339	5	11	3	3	0	24	12	10	1	171
ANID_05912T0_14-180_1MOZ:A:	2	7	3	5	0	14	8	16	0	182
ANID_05909T0_109-432,470-516_1UUM:A:	3	13	6	13	0	34	22	17	0	359
ANID_05908T0_9-279_1B9B:A:	2	8	3	12	0	23	16	14	0	252
ANID_05907T0_5-153_1NN4:A:	1	6	0	6	0	13	8	7	0	161
ANID_05906T0_209-290_2C2L:A:225-304	2	3	1	2	0	14	7	6	0	80
ANID_05906T0_2-102_2C2L:A:24-224	0	0	1	10	0	12	7	11	0	201
ANID_05905T0_57-360_2ICH:A:24-351	2	23	2	0	0	34	18	20	0	328
ANID_05904T0_61-141_1HB6:A:	0	0	1	4	0	9	3	3	0	86
ANID_05899T0_479-690_1GXL:A:	2	8	4	7	0	19	12	14	0	205
ANID_05899T0_1-170,1062-1178_1XEW:X:,Y:	2	15	2	9	0	30	20	14	1	329
ANID_05895T0_1-378_1UKV:G:5-301	4	15	7	10	0	34	19	16	0	297
ANID_05895T0_414-458_1UKV:G:400-446	1	2	0	1	0	4	6	2	0	47
ANID_05892T0_304-487_1SKY:E:83-356	6	11	4	9	0	36	19	17	0	274
ANID_05891T0_292-399_1MVH:A:	5	15	3	2	0	50	27	17	0	269
ANID_05891T0_40-101_1WEE:A:	0	3	0	1	0	15	10	3	0	71
ANID_05887T0_25-340_1PYF:A:	6	11	6	11	0	33	19	21	0	311
ANID_05886T0_5-481_1ACO:A:2-528	11	21	6	16	0	60	33	33	0	527
ANID_05886T0_531-727_1V7L:A:	4	8	0	7	0	21	10	13	0	162
ANID_05884T0_8-218_1ORO:A:	4	8	3	7	0	21	9	8	0	213
ANID_05883T0_7-294_1V93:A:	0	8	2	11	0	28	13	16	0	292
ANID_05880T0_14-123_2I4R:A:4-79	0	4	1	3	0	7	5	3	0	76
ANID_05878T0_30-294_1AFW:A:25-293	6	8	5	10	0	29	16	16	0	269
ANID_05878T0_300-417_1AFW:A:294-417	3	4	3	4	0	12	4	7	0	124
ANID_05877T0_57-629_1LCI:A:	7	27	4	15	0	64	28	38	0	541
ANID_05876T0_217-506_1PV7:A:	0	0	2	22	0	18	12	14	0	417
ANID_05875T0_121-223_1TUA:A:85-188	0	3	1	5	0	6	1	5	0	104
ANID_05872T0_7-238_1RYP:E:	6	10	2	6	0	23	15	14	0	242
ANID_05870T0_31-74_1PYI:A:30-71	0	2	0	2	0	6	1	3	0	42
ANID_10743T0_21-283_2D4C:A:11-247	0	0	1	7	0	6	5	3	0	237
ANID_05866T0_95-283_1CJW:A:	2	7	4	5	0	16	8	9	0	166
ANID_05865T0_49-335_1UDX:A:157-336	0	7	2	6	0	22	13	8	0	180
ANID_05860T0_32-507_1PV7:A:	0	0	2	22	0	18	12	14	0	417
ANID_05857T0_616-689_1XO8:A:	1	9	0	1	0	18	12	4	0	151
ANID_05856T0_529-782_2IUB:A:9-285	0	7	2	6	0	23	14	10	0	281
ANID_05856T0_793-853_2IUB:A:286-349	0	0	0	2	0	2	2	2	0	64
ANID_05855T0_43-168_1FIT:A:	0	7	3	2	0	15	9	6	0	146
ANID_05854T0_6-344_1VRD:A:1-85,A:213-457	5	15	2	11	0	35	20	14	1	330
ANID_05853T0_258-363_1AFW:A:294-417	3	4	3	4	0	12	4	7	0	124
ANID_05852T0_11-284_2DUB:A:	2	10	4	11	0	25	14	14	0	259
ANID_05850T0_89-334_1YB1:A:	0	7	1	10	0	18	5	15	0	244
ANID_05849T0_226-272_1AW6:A:	0	0	0	2	0	6	3	2	0	43
ANID_05846T0_8-213_1W1O:A:40-245	2	10	2	6	0	23	19	14	0	206
ANID_05845T0_51-100_1IYM:A:	0	2	0	1	0	11	6	4	0	54
ANID_05841T0_21-230_2A35:A:4-215	2	9	2	8	0	20	13	11	0	210
ANID_10734T0_1292-2335_1QBK:B:	0	0	17	47	0	50	54	64	0	888
ANID_10734T0_2236-2593_1U6G:C:	0	2	14	60	0	74	56	65	0	1207
ANID_10734T0_13-80,257-462,697-770,1037-1241_2BPT:A:1-861	0	0	19	43	0	44	28	37	0	860
ANID_05839T0_637-840,901-1198_1YKS:A:325-623	3	11	4	8	0	38	21	17	0	299
ANID_05838T0_268-501_1AMO:A:243-518	5	10	2	8	0	39	20	12	0	276
ANID_05838T0_78-239_1JA1:A:63-239	0	7	4	5	0	17	7	9	0	177
ANID_05838T0_544-707_1AMO:A:519-678	0	5	1	6	0	9	6	11	0	160
ANID_05837T0_34-516_1TQN:A:	5	9	7	18	0	43	20	30	0	472
ANID_10747T0_13-138,207-407_1OXW:A:	8	8	9	12	0	35	16	21	0	360
ANID_05833T0_5-669_1PG4:A:	11	30	5	21	0	71	40	44	0	643
ANID_05831T0_163-283_1JLV:A:85-207	0	0	1	6	0	6	6	7	0	123
ANID_05831T0_24-86,115-151_1FOV:A:	0	4	0	4	0	10	6	4	0	82
ANID_05830T0_7-230_1QQ5:A:	3	6	5	11	0	21	13	14	0	245
ANID_05829T0_956-1053_1U5D:A:108-213	0	7	2	1	0	12	7	3	0	106
ANID_10814T0_7-196,265-362_1FOH:A:1-240,A:342-461	4	15	4	9	0	43	22	18	1	360
ANID_10814T0_401-559_1FOH:A:462-662	10	7	3	4	0	22	21	18	0	201
ANID_10814T0_199-271_1FOH:A:241-341	0	5	0	1	0	7	4	3	0	101
ANID_10821T0_26-368_1BT3:A:	2	7	7	10	0	38	24	27	0	341
ANID_10820T0_11-196_1D7B:A:	5	13	1	1	0	24	10	12	0	185
ANID_11518T0_18-51_1LZL:A:	0	8	3	10	0	32	18	24	0	317
ANID_06477T0_81-526_1PW4:A:	2	0	1	18	0	21	18	22	0	450
ANID_06472T0_36-90,129-365_1VD5:A:	13	7	2	13	0	34	22	22	0	377
ANID_06470T0_16-213_1JFX:A:	1	9	1	6	0	25	12	13	0	217
ANID_06468T0_476-539_2IUB:A:286-349	0	0	0	2	0	2	2	2	0	64
ANID_10819T0_532-714_1N11:A:	0	0	1	24	0	48	15	35	0	408
ANID_10819T0_166-502_1MQB:A:	4	8	3	8	0	26	11	14	0	283
ANID_10815T0_24-284_1I01:A:	2	7	3	9	0	21	12	12	0	241
ANID_10811T0_28-503_1TQN:A:	5	9	7	18	0	43	20	30	0	472
ANID_11510T0_31-69_1ICA:A:	0	2	0	1	0	8	5	3	0	40
ANID_06462T0_15-198,297-410_2Q43:A:16-194,A:314-407	3	10	2	8	0	25	12	18	1	273
ANID_06462T0_186-292_1CG2:A:214-326	3	6	2	2	0	12	8	5	0	113
ANID_05828T0_2-81_1KBI:A:1-97	4	4	3	4	0	14	7	8	0	97
ANID_05827T0_473-990_1KNQ:A:	0	5	1	7	0	16	7	10	0	171
ANID_10741T0_126-219_1F5Q:B:6-146	0	0	1	7	0	12	6	5	0	141
ANID_05823T0_37-292_1VDC:A:118-243	2	8	1	3	0	13	12	8	0	130
ANID_05822T0_674-912,979-1012_1APM:E:	5	9	4	11	0	36	21	20	0	341
ANID_05819T0_46-92,123-240_1NRJ:B:	3	6	4	5	0	18	9	10	0	209
ANID_05815T0_102-374_1MUO:A:	6	6	4	9	0	28	17	16	0	261
ANID_05808T0_35-78_2HAP:C:55-97	0	0	1	2	0	6	3	2	0	43
ANID_05807T0_175-246_2CPT:A:8-111	0	0	0	3	0	7	6	2	0	104
ANID_05806T0_56-117_1PCF:A:	0	4	0	1	0	4	1	3	0	65
ANID_10738T0_23-152_2F0X:A:3-138	3	6	2	2	0	13	5	6	0	136
ANID_05803T0_130-634_1RT8:A:	0	0	8	23	0	40	26	26	0	505
ANID_05803T0_7-89,157-174_1AUI:B:	0	4	3	9	0	17	7	9	0	165
ANID_05801T0_54-340_1OKC:A:	0	0	6	11	0	19	10	9	0	292
ANID_05799T0_9-434_1VLU:A:	4	13	4	14	0	38	20	18	0	467
ANID_06487T0_23-396_1J71:A:	2	26	4	3	0	34	19	20	0	334
ANID_06488T0_48-384_1D2R:A:	6	5	3	13	0	31	17	19	0	326
ANID_06489T0_122-221_1FJG:J:	2	6	0	2	0	14	6	3	0	98
ANID_06490T0_10-314_1B8O:A:	1	9	3	8	0	30	12	19	0	280
ANID_06492T0_53-158_1N1J:B:	1	1	1	3	0	7	3	6	0	78
ANID_10822T0_17-51_1H1J:S:	0	0	1	2	0	4	3	1	0	44
ANID_06461T0_47-499_1PV7:A:	0	0	2	22	0	18	12	14	0	417
ANID_06459T0_53-295_1W1O:A:40-245	2	10	2	6	0	23	19	14	0	206
ANID_06457T0_31-130_2CIW:A:0-119	2	2	2	3	0	17	10	8	0	119
ANID_06451T0_73-514_1PV7:A:	0	0	2	22	0	18	12	14	0	417
ANID_06450T0_5-246_1JA9:A:	2	7	5	9	0	22	13	15	0	259
ANID_06445T0_35-345,550-610_1CF3:A:3-324,A:521-583	17	12	7	11	0	49	28	29	1	385
ANID_06445T0_347-551_1JU2:A:294-463	3	9	1	2	0	26	19	6	0	170
ANID_06444T0_17-553_1T5H:X:	5	27	4	15	0	56	23	34	0	503
ANID_06444T0_682-958_2A35:A:4-215	2	9	2	8	0	20	13	11	0	210
ANID_06439T0_150-324_1RJW:A:138-305	0	7	1	8	0	16	10	9	0	168
ANID_06439T0_28-180_1YB5:A:6-120,A:295-329	2	9	3	2	0	18	11	6	1	150
ANID_06438T0_33-492_1ORV:A:39-508	12	36	3	4	0	53	35	31	0	470
ANID_06438T0_500-746_1ORV:A:509-766	1	8	3	8	0	22	14	18	0	258
ANID_06432T0_11-156,197-292_1SNY:A:	3	7	6	7	0	28	16	13	0	266
ANID_11918T0_8-52_1D66:A:8-48	0	0	0	2	0	4	1	2	0	41
ANID_06429T0_50-438_1PW4:A:	2	0	1	18	0	21	18	22	0	450
ANID_06426T0_107-293_1ATL:A:	0	8	2	6	0	23	13	10	0	200
ANID_10818T0_2-100_2Q46:A:2-253	0	12	3	8	0	27	15	20	0	252
ANID_06424T0_15-180_2FDI:A:15-214	8	12	1	2	0	25	12	13	0	200
ANID_06423T0_4-167_2OQM:A:1-171	2	2	2	8	0	12	5	11	0	171
ANID_06420T0_11-285_1TQ5:A:1-231	3	22	2	0	0	33	18	9	0	231
ANID_10826T0_20-184_2J3W:B:21-188	0	5	1	6	0	11	10	7	0	168
ANID_06501T0_13-183_1X5U:A:7-99	4	4	0	2	0	14	8	4	0	92
ANID_10823T0_9-298_1OKC:A:	0	0	6	11	0	19	10	9	0	292
ANID_06503T0_254-308_1XF7:A:	0	2	0	1	0	4	3	1	0	29
ANID_06503T0_293-347_2CT1:A:8-43	0	2	0	1	0	6	4	1	0	36
ANID_06507T0_334-520_1H6K:A:291-480	1	0	4	8	0	15	11	11	0	190
ANID_06507T0_526-788_1H6K:A:481-790	0	0	2	14	0	13	10	18	0	296
ANID_06507T0_43-300_1H6K:A:27-290	3	2	4	12	0	21	8	8	0	264
ANID_06508T0_34-331_1H8F:A:	1	11	7	11	0	40	25	18	0	352
ANID_06512T0_4-221_1VPL:A:	2	10	2	9	0	18	9	15	0	238
ANID_06518T0_3-277_1NY1:A:	6	9	3	9	0	28	11	10	0	235
ANID_06520T0_76-193_1NDH:A:3-125	2	7	0	1	0	17	9	9	0	123
ANID_06520T0_179-242,287-362_1NDH:A:126-272	0	8	5	4	1	16	7	9	0	147
ANID_06522T0_61-190_1XZP:A:1-117	2	7	0	3	0	15	10	6	0	117
ANID_06522T0_139-222,262-471_1XZP:A:212-371	1	6	1	6	0	15	10	10	0	160
ANID_06525T0_123-301_2NAC:A:148-335	3	6	4	8	0	22	13	14	0	188
ANID_06525T0_3-153_2NAC:A:1-147,A:336-374	8	7	2	6	0	29	15	14	1	186
ANID_06526T0_50-283,494-750_1H3N:A:1-225,A:418-686	9	23	6	18	0	52	29	25	1	494
ANID_06526T0_283-487_1H3N:A:226-417	2	9	3	5	0	22	15	12	0	192
ANID_06526T0_751-900_1H3N:A:687-814	0	0	2	6	0	9	4	4	0	128
ANID_06531T0_1-570_1DN1:A:	7	15	9	20	0	49	28	32	0	589
ANID_06532T0_46-236,267-320_1JTV:A:	2	7	4	11	0	26	15	16	0	285
ANID_06534T0_35-221_2VK9:A:2-541	9	6	8	20	0	52	25	29	0	540
ANID_06536T0_134-224_1RHY:A:94-187	0	6	0	2	0	7	3	5	0	94
ANID_06536T0_5-33,71-130_1RHY:A:2-93	0	4	0	2	0	10	4	4	0	92
ANID_06538T0_604-977_2BNH:A:	5	17	2	16	0	59	26	25	0	456
ANID_06403T0_18-380_1DQS:A:	3	13	4	15	0	30	16	22	0	388
ANID_06399T0_69-518_3GCB:A:	11	14	3	17	0	52	33	26	0	458
ANID_06397T0_204-313,357-427_2CE7:A:150-402	2	5	6	9	0	24	12	16	0	253
ANID_06394T0_105-359_1JQI:A:4-234	3	8	4	7	0	17	12	12	0	231
ANID_06394T0_2-94_1DO9:A:	3	3	2	4	0	9	5	7	0	94
ANID_06394T0_346-505_1EGD:A:242-396	2	2	3	5	0	4	4	8	0	155
ANID_06393T0_5-190_1OCX:A:	4	18	0	4	0	35	12	13	0	182
ANID_06389T0_14-455_1CLE:A:	10	15	8	19	0	66	40	35	0	534
ANID_06386T0_145-303_2CND:A:125-270	0	8	3	6	0	14	9	6	0	146
ANID_06386T0_47-160_1NDH:A:3-125	2	7	0	1	0	17	9	9	0	123
ANID_06385T0_31-325_1FLG:A:	8	40	6	3	0	86	43	41	0	582
ANID_06382T0_209-538_2PLC:A:	5	13	4	8	0	26	18	17	0	274
ANID_09497T0_10-221_1TE2:A:	3	6	5	8	0	24	11	12	0	218
ANID_09498T0_48-114,171-199_1ELW:A:	0	0	0	7	0	11	0	7	0	117
ANID_06541T0_111-331_1GSO:A:104-327	3	9	1	7	0	21	8	11	0	224
ANID_06541T0_614-789_1CLI:A:171-345	2	6	3	7	0	19	8	10	0	175
ANID_06541T0_438-602_1CLI:A:5-170	0	6	2	5	0	15	7	12	0	166
ANID_06541T0_6-110_1GSO:A:2-103	3	6	0	2	0	11	7	5	0	99
ANID_06541T0_337-429_1GSO:A:328-426	3	6	0	2	0	11	7	5	0	99
ANID_06547T0_4-234_1RYP:F:	2	10	1	6	0	18	12	13	0	233
ANID_06548T0_7-81,121-233_2Q4D:A:5-188	1	8	2	8	0	19	14	9	0	184
ANID_06550T0_307-817_1K0G:A:	7	23	3	9	0	44	27	24	0	453
ANID_06550T0_24-250_1QDL:B:	1	9	0	6	0	17	14	12	0	195
ANID_06551T0_19-228_1UYM:A:	0	8	4	5	0	19	8	11	0	211
ANID_06554T0_53-185_1KX5:A:	0	2	0	4	0	17	13	6	0	135
ANID_06562T0_273-465_1TA0:A:	2	9	6	4	0	24	13	9	0	196
ANID_06563T0_250-411_1PBU:A:	0	6	8	4	0	22	16	7	0	162
ANID_06563T0_83-211_1NHY:A:76-219	0	0	2	7	0	12	5	9	0	144
ANID_06563T0_1-80_1GNW:A:2-85	0	4	3	2	0	10	3	8	0	84
ANID_06568T0_18-295_1MLV:A:50-310	4	6	3	8	0	32	19	16	0	261
ANID_06568T0_313-473_1MLV:A:311-486	0	2	3	8	0	11	8	12	0	172
ANID_06571T0_133-312_1LL2:A:	1	11	7	10	0	24	19	16	0	263
ANID_06572T0_440-484,521-660_1CKI:A:	5	10	3	10	0	30	14	16	0	299
ANID_06576T0_2-155_1VR3:A:1-179	3	10	1	4	0	24	13	11	0	179
ANID_09527T0_2-155_1VR3:A:1-179	3	10	1	4	0	24	13	11	0	179
ANID_06577T0_38-97,128-304_1ONF:A:1-153,A:271-376	7	7	1	5	0	21	11	10	1	259
ANID_06581T0_872-1083_3DHW:C:1-240	3	10	1	7	0	21	17	12	0	240
ANID_06581T0_190-419_1OXS:C:1-242	0	11	6	8	0	23	18	13	0	242
ANID_06582T0_4-384_1CI9:A:	7	15	6	14	0	46	29	29	0	377
ANID_06368T0_155-254,281-527_1BS2:A:136-483	7	9	3	12	0	34	19	16	0	348
ANID_06368T0_528-650_1BS2:A:484-607	0	0	1	6	0	8	5	7	0	124
ANID_06368T0_13-141_1BS2:A:5-135	1	3	3	5	0	12	3	7	0	131
ANID_06367T0_39-333_1BO1:A:	1	12	2	8	0	33	23	12	0	383
ANID_06366T0_154-298_1I7P:A:154-300	0	8	4	5	0	14	9	7	0	147
ANID_06366T0_55-168_1NDH:A:3-125	2	7	0	1	0	17	9	9	0	123
ANID_06364T0_502-697_1GXL:A:	2	8	4	7	0	19	12	14	0	205
ANID_06364T0_1-207,1101-1189_1XEW:X:,Y:	2	15	2	9	0	30	20	14	1	329
ANID_06363T0_163-224,251-390_1TQI:A:91-282	0	10	1	4	0	15	9	8	0	192
ANID_06362T0_11-136_1C25:A:	3	7	1	5	0	18	12	10	0	161
ANID_06354T0_458-652,1039-1188_2GFO:A:762-1109	3	20	3	10	0	40	19	15	0	348
ANID_06354T0_102-228_1W6V:A:1-120	4	3	0	3	0	19	9	9	0	120
ANID_06353T0_271-315,377-412_2FE7:A:3-158	0	7	3	5	0	12	3	9	0	156
ANID_06349T0_56-162,356-423,453-606,857-1142_1Y6I:A:1-82	0	0	0	5	0	8	5	4	0	82
ANID_06347T0_337-659_1MUO:A:	6	6	4	9	0	28	17	16	0	261
ANID_06346T0_36-421_2GP4:A:1-418	5	7	4	13	0	30	17	20	0	418
ANID_06346T0_423-610_2GP4:A:419-608	2	8	8	5	0	22	17	12	0	190
ANID_06344T0_131-290,343-550_1PV7:A:	0	0	2	22	0	18	12	14	0	417
ANID_10809T0_135-222_1JFI:A:	2	0	0	3	0	6	1	5	0	66
ANID_06342T0_16-89_1JM7:B:	4	0	1	2	0	15	9	4	0	97
ANID_06341T0_73-327_1ERJ:A:	2	30	1	1	0	43	24	22	0	388
ANID_06338T0_69-108,137-524_1X0M:A:26-428	2	14	5	14	0	43	21	17	0	403
ANID_06337T0_4-69_1ITP:A:	0	4	0	2	0	7	7	2	0	76
ANID_10808T0_358-557_1Q6Z:A:342-524	4	6	1	8	0	22	11	10	0	183
ANID_10808T0_13-157_1Q6Z:A:2-181	2	6	5	7	0	17	8	12	0	180
ANID_10808T0_164-286_1POX:A:183-365	2	5	4	5	0	18	10	7	0	183
ANID_06334T0_60-205_1WB1:A:1-179	1	6	1	5	0	15	7	9	0	179
ANID_06332T0_26-171,206-220_1QIP:A:	2	8	4	4	0	21	8	12	0	176
ANID_06331T0_312-408_1WF0:A:	0	5	0	2	0	14	10	3	0	87
ANID_06331T0_10-75_1MP1:A:	0	0	2	5	0	8	10	5	0	110
ANID_06330T0_4-344_1N0U:A:3-343	9	9	5	14	0	30	13	15	0	341
ANID_06330T0_562-726_1N0U:A:561-725	1	7	1	5	0	15	13	8	0	165
ANID_06330T0_345-482_1N0U:A:344-481	3	10	0	2	0	16	10	11	0	138
ANID_06330T0_727-841_1N0U:A:726-842	0	4	3	3	0	11	3	6	0	117
ANID_06330T0_485-560_1N0U:A:482-560	0	4	1	2	0	9	6	3	0	79
ANID_10807T0_267-364_2CTE:A:8-88	1	2	0	3	0	10	3	4	0	81
ANID_10807T0_570-621_1VIG:A:	0	3	0	3	0	7	4	3	0	71
ANID_10807T0_641-725_2CTL:A:8-91	0	3	0	4	0	10	5	5	0	84
ANID_06589T0_131-418_1EI6:A:	8	19	7	15	0	50	30	24	0	406
ANID_06590T0_1237-1508_1SRQ:A:	0	13	3	8	0	35	24	16	0	336
ANID_06590T0_124-416,464-643,924-1041_1U6G:C:	0	2	14	60	0	74	56	65	0	1207
ANID_06591T0_1-960_1WA5:C:	8	0	17	50	0	66	46	42	0	959
ANID_06598T0_43-275,317-518,678-753,852-1172,1302-1320,1348-1443_2BPT:A:1-861	0	0	19	43	0	44	28	37	0	860
ANID_06598T0_1309-2022_1GW5:B:	0	0	4	32	0	42	43	37	0	579
ANID_06599T0_36-274_1LFP:A:	0	10	4	7	0	23	16	9	0	243
ANID_10839T0_9-241,350-394_1NG4:A:1-218,A:307-364	3	11	2	10	0	27	13	19	1	276
ANID_06609T0_203-263_1CHC:A:	0	3	0	1	0	9	8	3	0	68
ANID_06609T0_410-465_1WD2:A:	0	0	2	0	0	10	10	2	0	59
ANID_06609T0_100-167_1UKX:A:	0	4	0	3	0	12	9	4	0	136
ANID_06614T0_173-264,494-594,1049-1257_1SU4:A:1-124,A:240-343,A:751-994	1	1	8	18	0	32	20	22	2	472
ANID_06614T0_856-1047_2B8E:A:416-434,A:548-663	2	6	0	6	1	16	9	5	1	135
ANID_06614T0_606-638,670-875_1U7Q:A:	0	6	0	5	0	9	3	9	0	136
ANID_06614T0_291-331_1SU4:A:125-239	2	9	3	0	0	21	10	7	0	115
ANID_06617T0_924-959_1V5R:A:7-91	0	5	0	3	0	5	3	6	0	84
ANID_06618T0_420-628_1FKM:A:249-442	2	0	8	8	0	13	13	10	0	194
ANID_06618T0_603-725_1FKM:A:443-630	0	0	1	8	0	10	3	8	0	188
ANID_10842T0_68-245_2QPV:A:1-133	1	7	2	2	0	15	4	6	0	133
ANID_10842T0_6-46_1WQL:A:19-180	0	12	4	3	0	21	10	14	0	162
ANID_10836T0_48-193_1WQL:A:19-180	0	12	4	3	0	21	10	14	0	162
ANID_06620T0_83-381_1GBG:A:	7	16	2	1	0	25	12	12	0	214
ANID_06621T0_49-136,194-244,300-378_1QLW:A:	4	10	9	8	0	37	24	22	0	318
ANID_06623T0_62-269,324-548_1PV7:A:	0	0	2	22	0	18	12	14	0	417
ANID_06324T0_22-394_2GUY:A:1-381	12	13	11	13	0	43	24	24	0	381
ANID_06324T0_407-498_2AAA:A:382-476	0	8	0	1	0	12	5	9	0	95
ANID_06323T0_3-99_2COY:A:8-106	1	7	1	0	0	15	11	4	0	99
ANID_06322T0_4-47_1AW6:A:	0	0	0	2	0	6	3	2	0	43
ANID_06318T0_80-576,637-788_1LKX:A:	9	14	5	27	0	58	39	31	0	684
ANID_06318T0_1240-1300,1369-1684_1QG8:A:	2	9	4	8	0	22	13	12	0	255
ANID_06318T0_1793-1851_1Q1V:A:	0	0	1	3	0	7	5	1	0	69
ANID_06318T0_951-1019_1KBI:A:1-97	4	4	3	4	0	14	7	8	0	97
ANID_06317T0_23-592_1LKX:A:	9	14	5	27	0	58	39	31	0	684
ANID_06317T0_1039-1103,1174-1485_1LL2:A:	1	11	7	10	0	24	19	16	0	263
ANID_06317T0_763-806_1ICC:A:	1	5	3	4	0	11	3	8	0	87
ANID_06317T0_1680-1736_1Q1V:A:	0	0	1	3	0	7	5	1	0	69
ANID_06311T0_162-590_1KPL:A:	5	0	5	18	0	23	12	15	0	430
ANID_06311T0_597-745_2J9L:A:578-746	4	10	1	5	0	17	12	8	0	169
ANID_06310T0_1037-1275_1QVR:A:536-850	5	9	4	14	0	30	21	15	0	315
ANID_06310T0_1727-1971_1SXJ:C:12-238	3	5	3	12	0	22	13	12	0	227
ANID_06310T0_622-682,796-993_1G8P:A:	2	11	8	13	0	37	15	10	0	333
ANID_06310T0_1337-1407,1468-1622_1IN4:A:17-254	2	5	3	9	0	21	12	15	0	238
ANID_06310T0_279-544_1QVR:A:536-850	5	9	4	14	0	30	21	15	0	315
ANID_06310T0_2034-2092,2185-2275_1SHK:A:	0	5	1	7	0	12	6	5	0	173
ANID_06310T0_4699-4908_1QC5:A:	1	6	3	8	0	15	13	11	0	192
ANID_06310T0_2046-2175_1G29:1:1-240	1	11	4	8	0	20	15	14	0	240
ANID_06305T0_137-440_1FOT:A:	5	9	4	10	0	37	20	19	0	316
ANID_06300T0_4-240_1SXJ:E:4-255	0	8	1	10	0	23	14	14	0	252
ANID_06300T0_249-343_1SXJ:E:256-354	0	0	0	5	0	8	3	4	0	99
ANID_06299T0_66-138_1S7B:A:	0	0	0	4	0	10	7	3	0	109
ANID_06291T0_158-289,542-795_1FLG:A:	8	40	6	3	0	86	43	41	0	582
ANID_06291T0_160-287,316-499_1NR0:A:2-312	4	27	1	0	0	38	22	20	0	311
ANID_06287T0_43-151_1ABV:A:	0	0	1	6	0	8	3	4	0	105
ANID_06284T0_729-776,823-845_1N72:A:	0	0	1	5	0	9	10	6	0	117
ANID_10797T0_29-339_1RQB:A:4-306	4	10	5	12	0	31	15	21	0	303
ANID_06631T0_4-125_2CLY:B:4-123	0	0	1	6	0	7	4	7	0	120
ANID_06632T0_6-68_1NY4:A:	0	4	0	0	0	10	7	1	0	71
ANID_06636T0_83-580_1BI9:A:	7	19	2	16	0	50	25	21	0	499
ANID_10837T0_259-490_1ECF:A:250-492	3	8	2	8	0	27	12	14	0	243
ANID_10837T0_2-264_1ECF:A:1-249	2	13	1	7	0	30	14	12	0	249
ANID_06640T0_18-209,308-404_2Q43:A:16-194,A:314-407	3	10	2	8	0	25	12	18	1	273
ANID_06640T0_197-305_1CG2:A:214-326	3	6	2	2	0	12	8	5	0	113
ANID_06641T0_10-80_1O0X:A:	6	14	2	4	0	30	14	14	0	249
ANID_06642T0_17-129,277-368,777-1023_1SU4:A:1-124,A:240-343,A:751-994	1	1	8	18	0	32	20	22	2	472
ANID_06642T0_381-619_1SU4:A:361-599	0	13	3	7	0	21	11	13	0	239
ANID_06642T0_607-776_1SU4:A:344-360,A:600-750	3	8	1	8	0	16	12	11	1	168
ANID_06642T0_131-237_1SU4:A:125-239	2	9	3	0	0	21	10	7	0	115
ANID_06643T0_48-358_1R30:A:	5	9	1	11	0	35	25	12	0	312
ANID_06644T0_316-460,506-786_1QJ5:A:	8	17	6	12	0	38	21	28	0	429
ANID_06644T0_14-206_1BYI:A:	2	10	2	8	0	28	14	14	0	224
ANID_06645T0_14-406_1BS0:A:	7	14	3	14	0	42	23	18	0	383
ANID_06646T0_264-305_1IYM:A:	0	2	0	1	0	11	6	4	0	54
ANID_06647T0_6-238,359-406_1EL5:A:1-217,A:322-385	0	16	6	7	0	31	12	17	1	281
ANID_06648T0_139-300_1VE1:A:1-302	4	9	5	9	0	33	16	21	0	302
ANID_06651T0_477-683_1VPL:A:	2	10	2	9	0	18	9	15	0	238
ANID_06651T0_723-818,915-1027_1MT0:A:	2	10	3	10	0	20	20	20	0	241
ANID_06651T0_22-374_1QBK:B:	0	0	17	47	0	50	54	64	0	888
ANID_06651T0_846-912_2DNV:A:7-58	0	3	0	1	0	5	3	1	0	51
ANID_06653T0_10-530_1D8C:A:	4	24	9	25	0	64	40	37	0	720
ANID_06655T0_6-261_2AG5:A:1-245	4	9	5	9	0	21	12	14	0	245
ANID_06658T0_32-344,450-489_1B37:A:5-293,A:406-463	9	15	3	12	0	38	24	22	1	347
ANID_06658T0_325-436_1B37:A:294-405	0	7	0	2	0	14	11	8	0	112
ANID_10838T0_533-728_1ITX:A:33-337,A:410-451	4	11	6	11	0	42	24	21	1	347
ANID_10838T0_739-808_1E9L:A:267-336	1	6	0	1	0	7	3	6	0	70
ANID_10838T0_472-495_1WGT:A:87-129	6	2	1	1	0	8	4	4	0	43
ANID_10838T0_386-436_1E0G:A:	0	2	1	2	0	8	1	3	0	48
ANID_06663T0_425-707_1OT8:A:	2	0	0	13	0	26	3	23	0	209
ANID_06664T0_223-271_1E0G:A:	0	2	1	2	0	8	1	3	0	48
ANID_06664T0_398-447_1E0G:A:	0	2	1	2	0	8	1	3	0	48
ANID_06664T0_306-353_1E0G:A:	0	2	1	2	0	8	1	3	0	48
ANID_06664T0_137-184_1E0G:A:	0	2	1	2	0	8	1	3	0	48
ANID_06668T0_1-255_1QYD:A:	3	13	2	13	0	35	25	21	0	312
ANID_06669T0_23-232,268-493_1PV7:A:	0	0	2	22	0	18	12	14	0	417
ANID_06279T0_57-422_1NM8:A:9-385	5	11	2	11	0	30	22	18	0	372
ANID_06279T0_425-631_1NDB:A:406-625	0	7	0	8	0	22	13	12	0	220
ANID_06277T0_73-528_1PV7:A:	0	0	2	22	0	18	12	14	0	417
ANID_06273T0_26-152_1N10:A:1003-1145	3	6	1	3	0	18	11	9	0	143
ANID_06268T0_652-734_1JMK:C:	3	9	4	6	0	23	15	12	0	230
ANID_06268T0_61-134_2F2A:C:3-94	1	2	1	3	0	9	4	5	0	92
ANID_06267T0_6-290_1QQE:A:	0	0	2	15	0	16	5	15	0	290
ANID_06265T0_108-391_2OVR:B:2365-2706	0	32	2	1	0	36	24	21	0	342
ANID_06263T0_645-873_1IXZ:A:	2	5	3	11	0	25	13	15	0	247
ANID_06257T0_13-330_1P22:A:253-545	0	28	0	1	0	35	23	13	0	293
ANID_06256T0_8-98_2CQB:A:1-89	0	5	0	2	0	9	8	3	0	89
ANID_06254T0_20-296_1OKC:A:	0	0	6	11	0	19	10	9	0	292
ANID_06252T0_48-179_1I50:C:42-172	0	8	3	1	0	20	8	7	0	131
ANID_06252T0_11-53,185-271_1I50:C:3-41,C:173-268	2	3	1	3	0	17	12	4	1	135
ANID_06251T0_16-152_1VCD:A:1-126	1	7	0	3	0	16	6	5	0	126
ANID_06250T0_150-309_1MK4:A:	2	9	2	4	0	15	7	11	0	156
ANID_06248T0_82-187_1DKG:B:38-138	2	6	0	0	0	7	3	3	0	57
ANID_06248T0_200-251_1DKG:A:139-197	2	6	0	0	0	7	3	3	0	59
ANID_06244T0_16-218,266-283_2NN6:E:5-191	0	7	0	3	0	21	15	8	0	187
ANID_06243T0_17-362_1BLX:A:	4	7	7	8	0	33	18	18	0	305
ANID_06240T0_67-117,153-195_1QUQ:A:	0	9	0	2	0	13	5	5	0	127
ANID_06675T0_420-492_1MM2:A:	2	0	0	0	0	14	8	4	0	60
ANID_06679T0_66-142_1DK1:A:	0	0	0	4	0	6	2	3	0	86
ANID_06685T0_833-1065_1K32:A:320-679	4	31	5	1	0	46	27	17	0	360
ANID_06686T0_56-380_1BXO:A:	8	24	4	7	0	39	17	19	0	323
ANID_06688T0_67-330_1XZP:A:212-371	1	6	1	6	0	15	10	10	0	160
ANID_06695T0_706-944_1UW4:B:	0	0	4	11	0	18	12	13	0	248
ANID_06695T0_505-699_1HU3:A:	0	0	1	10	0	14	8	8	0	259
ANID_06698T0_65-191,225-302_1DWU:A:	0	10	3	8	0	22	10	12	0	213
ANID_06699T0_35-222_1EFV:A:20-207	0	13	2	4	0	16	9	8	0	188
ANID_06699T0_225-345_1EFP:A:185-308	2	5	3	4	0	16	11	8	0	124
ANID_06703T0_48-471_1PW4:A:	2	0	1	18	0	21	18	22	0	450
ANID_06706T0_77-123_1OFC:X:799-850	0	0	1	3	0	5	1	5	0	52
ANID_06708T0_244-488_1SCZ:A:	0	10	2	7	0	19	8	12	0	233
ANID_06708T0_57-150_1Y8O:B:128-229	0	8	1	0	0	16	9	6	0	102
ANID_06708T0_202-241_1BAL:A:	0	0	1	2	0	7	6	5	0	51
ANID_06710T0_120-234_1KYQ:A:151-273	2	2	2	5	0	7	5	2	0	123
ANID_06710T0_14-125_1KYQ:A:1-150	1	8	4	3	0	19	8	8	0	150
ANID_06711T0_3-159_1DKR:A:8-166	1	7	1	4	0	20	10	6	0	159
ANID_06711T0_161-219,359-485_2C4K:A:167-350	1	8	2	6	0	12	6	9	0	184
ANID_06712T0_27-227,275-322_1F0I:A:264-514	2	9	3	7	0	27	19	11	0	246
ANID_06712T0_347-457,510-534,616-715_1BYR:A:	2	8	0	5	0	13	9	7	0	152
ANID_06715T0_97-200_1L3G:A:	0	6	0	5	0	9	6	8	0	123
ANID_06715T0_425-626_1SW6:A:	2	4	3	13	0	30	11	18	0	301
ANID_06238T0_46-241,318-491,536-562_1PW4:A:	2	0	1	18	0	21	18	22	0	450
ANID_06236T0_189-766_1AMU:A:	4	26	5	15	0	55	36	34	0	514
ANID_06236T0_1028-1256_1L5A:A:1-174	1	6	2	5	0	15	9	11	0	174
ANID_06236T0_857-1037_1L5A:A:1-174	1	6	2	5	0	15	9	11	0	174
ANID_06236T0_1661-1851_1L5A:A:1-174	1	6	2	5	0	15	9	11	0	174
ANID_06236T0_1840-2080_1L5A:A:175-424	4	7	2	7	0	24	11	13	0	250
ANID_06236T0_1307-1518_1AMU:A:	4	26	5	15	0	55	36	34	0	514
ANID_06236T0_1544-1614_1DNY:A:	0	0	0	4	0	8	7	2	0	76
ANID_06236T0_751-821_1DNY:A:	0	0	0	4	0	8	7	2	0	76
ANID_06235T0_10-223_2DUB:A:	2	10	4	11	0	25	14	14	0	259
ANID_06234T0_218-414_1YK3:A:10-207	4	7	3	7	0	19	7	11	0	198
ANID_06233T0_17-110_1HDJ:A:	0	0	1	4	0	9	2	7	0	76
ANID_06232T0_91-377_1FX0:A:97-372	7	8	6	5	0	32	23	17	0	276
ANID_06231T0_326-708_1V8Z:A:1-386	8	14	4	15	0	30	22	23	0	386
ANID_06231T0_1-251_1GEQ:A:	1	8	3	11	0	24	9	11	0	248
ANID_10793T0_145-319_1RJW:A:138-305	0	7	1	8	0	16	10	9	0	168
ANID_10793T0_20-166_1F8F:A:4-162,A:337-371	5	9	5	4	0	23	12	10	1	194
ANID_06228T0_729-798_1WH2:A:	0	4	0	2	0	12	9	4	0	77
ANID_06227T0_10-451_1ELU:A:	4	15	5	10	0	39	20	21	0	381
ANID_10795T0_57-116,193-506_2PUZ:A:80-380	3	10	1	15	0	29	14	18	0	301
ANID_10795T0_2-58,506-544_1O12:A:1-43,A:332-364	1	7	0	0	0	8	4	5	1	76
ANID_06218T0_6-40_1CLD:A:	0	0	0	2	0	4	2	1	0	33
ANID_06217T0_284-557_1P22:A:253-545	0	28	0	1	0	35	23	13	0	293
ANID_06217T0_86-170,221-234_2OVR:B:2263-2364	0	0	0	6	0	9	7	5	0	102
ANID_06215T0_6-190_1F0Y:A:12-203	0	8	1	7	0	22	12	11	0	192
ANID_06215T0_196-267_1F0Y:A:204-302	3	0	1	5	0	8	3	5	0	99
ANID_10781T0_3-117_1D3B:A:	0	5	1	1	0	8	3	4	0	72
ANID_10780T0_124-280_1D5R:A:14-187	4	5	0	5	0	17	15	8	0	174
ANID_06211T0_168-604,657-678,710-725,765-817_1CJY:A:142-721	2	16	10	18	0	52	32	26	0	580
ANID_06208T0_309-411_1YZF:A:1-195	6	5	4	7	0	20	8	11	0	195
ANID_06717T0_169-337_1MLD:A:145-313	2	5	3	4	0	16	6	6	0	169
ANID_06717T0_14-169_1MLD:A:1-144	0	6	2	5	0	12	10	10	0	144
ANID_10844T0_225-415_1TIP:A:	2	6	3	7	0	22	8	11	0	191
ANID_10844T0_15-223_1BIF:A:37-249	0	6	1	7	0	16	9	11	0	213
ANID_10848T0_79-169,204-294_1P27:B:	5	5	1	2	0	10	6	4	0	92
ANID_10845T0_118-591_1PV7:A:	0	0	2	22	0	18	12	14	0	417
ANID_06723T0_22-330_2DVT:A:1-325	2	8	9	14	0	30	16	19	0	325
ANID_06725T0_68-128_1VYX:A:	2	2	1	1	0	11	6	4	0	60
ANID_06726T0_4-142,171-276_1RYP:B:	7	11	2	7	0	24	19	14	0	250
ANID_06728T0_36-312_1V5W:A:	4	10	3	8	0	21	13	14	0	258
ANID_06731T0_323-419_1KBI:A:1-97	4	4	3	4	0	14	7	8	0	97
ANID_06732T0_5-105_1GGW:A:	0	2	0	8	0	15	11	8	0	140
ANID_06733T0_60-106_1SP2:A:	2	0	0	1	0	5	3	2	0	31
ANID_06735T0_15-92_1LJO:A:	0	5	1	1	0	6	2	4	0	76
ANID_06737T0_29-164_1NG6:A:	0	0	2	7	0	8	4	5	0	148
ANID_06738T0_144-335_1RI6:A:	1	28	2	0	0	36	19	23	0	342
ANID_06739T0_86-369_1GY9:A:	6	15	2	7	0	34	19	14	0	279
ANID_06741T0_195-311_2RSP:A:	1	11	0	1	0	21	11	5	0	124
ANID_06741T0_10-83_1BT0:A:	2	5	2	1	0	10	2	7	0	73
ANID_06741T0_383-432_1Z96:A:295-332	0	0	0	3	0	4	0	2	0	38
ANID_06742T0_408-696_3CMB:A:1-264	2	17	3	4	0	21	8	10	0	264
ANID_06742T0_12-179,292-375_3C96:A:4-182,A:294-402	1	13	1	8	0	26	14	13	1	288
ANID_06742T0_186-299_3C96:A:183-293	3	5	0	4	0	12	4	7	0	111
ANID_06746T0_4-281_2PW6:A:14-271	1	10	3	7	0	26	19	11	0	258
ANID_06750T0_27-195,317-410_1FOH:A:1-240,A:342-461	4	15	4	9	0	43	22	18	1	360
ANID_06751T0_3-334_2EXH:A:3-324	5	24	0	0	0	44	28	21	0	322
ANID_06751T0_340-586_1Y7B:A:325-534	1	16	1	0	0	23	18	13	0	210
ANID_06752T0_102-272_1W07:A:2-272	6	11	5	8	0	26	14	14	0	271
ANID_06752T0_288-484_1W07:A:273-461	3	0	6	6	0	8	5	6	0	189
ANID_06752T0_500-687_1IS2:A:475-655	0	0	3	10	0	10	6	12	0	181
ANID_06753T0_35-404_1Z41:A:2-338	1	12	4	10	0	34	24	18	0	337
ANID_06756T0_16-139_1ULI:A:17-170	0	12	3	3	0	21	9	14	0	154
ANID_10779T0_238-369,416-581_1GBG:A:	7	16	2	1	0	25	12	12	0	214
ANID_06200T0_84-380,413-971_1Y6I:A:1-82	0	0	0	5	0	8	5	4	0	82
ANID_06192T0_352-577_1U46:A:	2	12	5	8	0	28	8	11	0	273
ANID_06190T0_73-283_1R3B:A:	2	0	2	7	0	15	12	7	0	201
ANID_06189T0_19-169_1EMS:A:281-440	0	7	3	2	0	18	11	6	0	160
ANID_06188T0_12-217_1XX7:A:	2	0	3	11	0	13	6	7	0	183
ANID_10783T0_5-170_2CVZ:A:2-157	0	9	2	6	0	15	9	8	0	156
ANID_10783T0_181-312_1VPD:A:164-296	2	0	1	6	0	6	4	9	0	133
ANID_10777T0_6-84,111-487_1RRV:A:	2	13	4	14	0	41	22	18	0	401
ANID_06183T0_11-62_1FQV:A:107-145	0	0	0	3	0	4	4	4	0	39
ANID_06182T0_5-147,176-210_1GUQ:A:2-177	2	7	3	2	0	27	18	11	0	176
ANID_06182T0_213-380_1GUQ:A:178-348	0	8	1	6	0	19	10	8	0	171
ANID_06179T0_1-77_1BT0:A:	2	5	2	1	0	10	2	7	0	73
ANID_06176T0_5-98_1H7C:A:	0	0	1	4	0	5	2	3	0	103
ANID_06171T0_27-181_1FJG:D:	4	4	3	8	0	22	11	17	0	208
ANID_06170T0_22-128_1HDJ:A:	0	0	1	4	0	9	2	7	0	76
ANID_06170T0_151-232_1EXK:A:	2	6	2	0	0	10	7	6	0	79
ANID_06170T0_135-169,234-277_1NLT:A:110-138,A:213-257	2	5	0	1	0	12	2	5	1	74
ANID_06170T0_290-379_1C3G:A:260-349	4	6	0	2	0	16	7	6	0	90
ANID_06169T0_442-641_1EWF:A:1-217	1	11	1	4	0	15	9	7	0	217
ANID_06168T0_325-616_1GQ2:A:280-580	3	9	5	11	0	37	20	16	0	298
ANID_06168T0_77-324_1DO8:A:21-279	2	5	4	13	0	28	17	14	0	259
ANID_06164T0_1589-1899_1NBF:A:	6	16	6	11	0	38	19	20	0	347
ANID_06760T0_6-207_2FEX:A:1-188	4	9	3	7	0	23	11	14	0	188
ANID_06762T0_3-46_1ZME:C:31-66	0	0	0	2	0	4	1	2	0	36
ANID_06765T0_19-269_1W07:A:2-272	6	11	5	8	0	26	14	14	0	271
ANID_06765T0_528-676_1W07:A:462-659	0	0	3	12	0	11	9	14	0	198
ANID_06765T0_289-450_1IS2:A:272-460	3	0	4	6	0	10	7	7	0	189
ANID_06766T0_28-556_1V25:A:	8	24	4	16	0	59	31	33	0	534
ANID_06767T0_6-220_1EF8:A:	0	10	1	11	0	24	15	16	0	261
ANID_06768T0_167-392_1H4L:A:	2	11	6	8	0	33	20	12	0	286
ANID_06768T0_535-757,805-842_1XFD:A:127-591	9	30	2	3	0	57	36	22	0	465
ANID_06773T0_136-235,331-388_1A88:A:	4	8	1	11	0	28	19	18	0	275
ANID_06774T0_27-456_1PV7:A:	0	0	2	22	0	18	12	14	0	417
ANID_06777T0_3-42_1NEX:B:270-369	0	0	0	7	0	9	5	6	0	100
ANID_06779T0_1225-1495_2HYD:A:324-578	2	10	5	9	0	25	21	16	0	255
ANID_06779T0_893-1215_1PF4:A:10-320	0	0	9	16	0	12	11	14	0	310
ANID_06779T0_594-818_1R0W:A:	0	11	2	12	1	27	19	16	0	281
ANID_06779T0_243-570_2HYD:A:1-323	0	0	1	15	1	9	5	12	0	323
ANID_06782T0_50-453_2NWW:A:12-416	0	0	4	19	0	19	13	21	0	405
ANID_06789T0_64-113,152-331_1M33:A:	4	7	4	8	0	26	17	18	0	256
ANID_06790T0_7-50_1PYI:A:30-71	0	2	0	2	0	6	1	3	0	42
ANID_06791T0_8-390,423-444_2IX4:A:301-461	2	7	2	5	0	21	9	9	0	161
ANID_06791T0_554-684,754-865_1MLA:A:3-127,A:198-307	2	5	1	12	0	22	14	13	1	235
ANID_06791T0_1959-2126_1PQW:A:	0	7	2	7	0	15	7	13	0	183
ANID_06791T0_2194-2424_2FR1:A:1657-1915	2	9	2	10	0	25	12	17	0	259
ANID_06791T0_1402-1624_1HNN:A:	3	9	3	9	0	26	17	15	0	261
ANID_06791T0_1874-1988_1TT7:A:2-127,A:295-330	3	11	2	3	0	21	16	11	1	162
ANID_06791T0_686-752_1MLA:A:128-197	0	4	0	2	0	6	5	4	0	70
ANID_06791T0_2485-2554_2PNG:A:1-76	0	0	1	5	0	12	9	8	0	89
ANID_06792T0_252-404_1EVY:A:198-357	0	0	1	8	0	11	6	8	0	160
ANID_06792T0_4-191,234-252_1M66:A:9-197	0	8	1	8	0	20	13	11	0	189
ANID_06796T0_1-235_1U9C:A:	6	11	6	7	0	27	12	15	0	221
ANID_06156T0_26-90_1IUF:A:76-141	0	0	0	3	0	8	6	3	0	66
ANID_06155T0_39-187_1W1O:A:40-245	2	10	2	6	0	23	19	14	0	206
ANID_06151T0_11-274_1MUM:A:	3	8	1	13	0	30	19	11	0	289
ANID_06146T0_1-131_2GYC:I:2-122	5	7	0	1	0	26	15	7	0	121
ANID_06143T0_103-204_1ERJ:A:	2	30	1	1	0	43	24	22	0	388
ANID_06141T0_4-164,218-265_1R9G:A:	0	12	2	5	0	22	16	11	0	196
ANID_06139T0_73-269_1K30:A:	2	9	5	14	0	31	12	16	0	367
ANID_06136T0_39-93_1VYX:A:	2	2	1	1	0	11	6	4	0	60
ANID_06133T0_5-254,467-528_1D4C:A:103-359,A:506-570	4	15	3	10	0	39	17	21	1	322
ANID_06133T0_311-468_1QO8:A:360-505	1	6	1	6	0	16	11	8	0	146
ANID_06132T0_352-577_1LPU:A:	1	9	10	13	0	32	15	13	0	327
ANID_06126T0_1847-2254_1OD2:A:1815-2203	2	13	2	15	0	35	19	23	0	389
ANID_06126T0_1512-1844_1OD2:A:1484-1814	4	14	5	11	0	34	22	20	0	331
ANID_06126T0_177-438_1W96:A:184-450	2	10	2	9	0	30	12	15	0	267
ANID_06126T0_21-176_1W96:A:14-183	2	5	3	8	0	17	12	8	0	170
ANID_06126T0_442-559_1W96:A:451-566	0	4	0	4	0	12	11	4	0	116
ANID_06126T0_686-759_1GHK:A:	3	6	0	0	0	17	8	3	0	79
ANID_06124T0_149-372_1IM5:A:	6	6	4	4	0	22	12	14	0	179
ANID_06120T0_449-609_2R09:A:65-252	2	0	0	10	0	15	10	10	0	190
ANID_06120T0_722-762,791-851_1WJM:A:	1	8	0	2	0	15	8	5	0	122
ANID_06119T0_188-511_2BO9:A:4-307	4	8	2	9	0	32	24	18	0	305
ANID_06804T0_103-565_1PW4:A:	2	0	1	18	0	21	18	22	0	450
ANID_06805T0_10-489_1PV7:A:	0	0	2	22	0	18	12	14	0	417
ANID_06813T0_6-163_1LLU:A:2-143,A:310-342	5	11	2	3	0	26	13	11	1	175
ANID_06817T0_130-306_1V3U:A:113-294	2	6	2	7	0	15	10	11	0	182
ANID_06817T0_2-150_1V3U:A:1-112,A:295-329	3	9	2	2	0	16	8	9	1	147
ANID_06824T0_165-316,347-505_1U0T:A:	0	20	3	5	0	30	14	14	0	302
ANID_06827T0_2-118_1QUQ:B:	0	6	2	1	0	15	11	5	0	114
ANID_06828T0_648-669,720-750_1GNF:A:	2	0	0	1	0	9	4	3	0	45
ANID_06829T0_355-388,491-573_1ML9:A:	5	15	6	5	0	45	22	13	0	284
ANID_06829T0_204-326_1A17:A:	0	0	0	7	0	11	3	7	0	159
ANID_06830T0_307-451_1GW0:A:344-559	3	11	3	5	0	27	15	11	0	216
ANID_06830T0_119-258_1GW0:A:163-343	7	11	0	1	0	26	14	10	0	181
ANID_06830T0_13-141_1GW0:A:1-162	5	10	2	0	0	20	10	14	0	162
ANID_06831T0_56-253,286-509_1PV7:A:	0	0	2	22	0	18	12	14	0	417
ANID_06835T0_3-456_1BU7:A:	0	12	10	16	0	39	22	21	0	455
ANID_06835T0_672-912_1AMO:A:243-518	5	10	2	8	0	39	20	12	0	276
ANID_06835T0_492-647_1BVY:F:	2	5	2	4	0	13	7	10	0	152
ANID_06835T0_915-1082_1AMO:A:519-678	0	5	1	6	0	9	6	11	0	160
ANID_06837T0_15-63_1PYI:A:30-71	0	2	0	2	0	6	1	3	0	42
ANID_06840T0_1-253_1QH5:A:	1	14	0	9	0	24	13	19	0	260
ANID_06841T0_47-171_1B12:A:	5	17	5	1	0	32	10	16	0	247
ANID_06842T0_201-388_1A44:A:	1	10	3	2	0	25	14	18	0	185
ANID_06843T0_68-272_2ZJR:C:2-198	2	3	1	5	0	25	19	10	0	197
ANID_06846T0_14-54_1CLD:A:	0	0	0	2	0	4	2	1	0	33
ANID_06847T0_5-560_1HDH:A:	1	18	10	15	0	58	40	36	0	525
ANID_06114T0_435-663_1RZT:A:386-575	1	11	2	6	0	21	6	11	0	190
ANID_06114T0_281-369_1BPY:A:10-91	0	0	0	5	0	7	4	2	0	82
ANID_06114T0_374-432_1RZT:A:329-385	0	0	0	5	0	4	3	5	0	57
ANID_06111T0_4-169,202-216_2NN6:A:1-184	5	6	0	5	0	23	12	12	0	184
ANID_06111T0_186-293_2NN6:A:185-302	1	5	0	3	0	10	7	3	0	118
ANID_06107T0_184-234,264-291,343-744_1KPL:A:	5	0	5	18	0	23	12	15	0	430
ANID_06107T0_794-907_2J9L:A:578-746	4	10	1	5	0	17	12	8	0	169
ANID_06105T0_31-145_1FWQ:A:	7	10	1	0	0	17	12	7	0	115
ANID_10775T0_16-61_1D66:A:8-48	0	0	0	2	0	4	1	2	0	41
ANID_06097T0_281-382_1QNI:A:10-450	9	30	5	5	0	52	30	21	0	441
ANID_06095T0_55-479_1PV7:A:	0	0	2	22	0	18	12	14	0	417
ANID_06094T0_23-249_2BZG:A:17-245	0	9	3	6	0	25	10	18	0	229
ANID_06092T0_342-797_1N9E:A:316-775	7	28	7	1	0	55	25	29	0	460
ANID_06092T0_196-342_1N9E:A:170-315	0	6	5	3	0	17	8	6	0	146
ANID_06092T0_70-192_1N9E:A:41-169	1	6	2	2	0	16	7	5	0	129
ANID_06087T0_61-100,161-441_1OKC:A:	0	0	6	11	0	19	10	9	0	292
ANID_06086T0_197-311_2OVR:B:2263-2364	0	0	0	6	0	9	7	5	0	102
ANID_06085T0_143-188,217-705_1FUK:A:	0	7	3	4	0	16	14	7	0	162
ANID_06853T0_195-375_1AUA:A:97-299	2	5	7	8	0	23	12	12	0	203
ANID_06853T0_94-196_1AUA:A:4-96	0	0	1	5	0	8	5	8	0	93
ANID_06857T0_130-323_1LL2:A:	1	11	7	10	0	24	19	16	0	263
ANID_06864T0_176-445,487-534_1VB5:A:	3	12	4	9	0	31	10	13	0	274
ANID_06866T0_6-262_5CSM:A:	0	0	3	12	0	21	13	19	0	256
ANID_06871T0_92-204,266-378,412-520_1PV7:A:	0	0	2	22	0	18	12	14	0	417
ANID_06874T0_12-440_2F9F:A:2-167	2	6	1	7	0	19	11	10	0	166
ANID_06880T0_663-719,1083-1224,1258-1310_1TZD:A:	3	7	1	9	0	32	16	14	0	256
ANID_06083T0_4-173_2PA2:A:40-176	2	6	2	2	0	12	5	3	0	137
ANID_06082T0_11-103_1T0K:B:	0	4	0	4	0	13	7	5	0	97
ANID_06080T0_17-163_1GW5:M:1-141	2	5	1	4	0	13	8	7	0	140
ANID_10771T0_38-253_1JCU:A:	0	10	0	6	0	31	23	6	0	208
ANID_06077T0_56-215_2FUG:2:3-180	2	3	2	7	0	21	16	8	0	178
ANID_06075T0_22-695_1T6J:A:	8	7	8	23	0	53	30	35	0	678
ANID_06074T0_5-109_1P1T:A:	2	4	0	4	0	11	10	6	0	104
ANID_06073T0_86-221_1WIN:A:	0	6	0	5	0	15	6	3	0	142
ANID_06068T0_295-411,492-727,834-900,941-995_1TE4:A:	0	0	3	6	0	11	9	5	0	111
ANID_06067T0_266-414_1PAQ:A:	0	0	2	8	0	9	4	8	0	161
ANID_06067T0_6-102_1NEE:A:1-98	1	3	0	4	0	10	9	4	0	98
ANID_06067T0_99-133_1NEE:A:99-135	0	2	0	1	0	6	5	3	0	37
ANID_06066T0_9-195_1X9G:A:	2	7	1	6	0	20	14	13	0	199
ANID_06064T0_14-253_1YZF:A:1-195	6	5	4	7	0	20	8	11	0	195
ANID_06061T0_129-274_2GM3:A:5-175	2	5	1	5	0	17	9	6	0	171
ANID_06060T0_1075-1325_1HU3:A:	0	0	1	10	0	14	8	8	0	259
ANID_06060T0_830-926_1RF8:B:	1	0	2	3	0	15	12	4	0	99
ANID_06057T0_78-513_1BU7:A:	0	12	10	16	0	39	22	21	0	455
ANID_06055T0_434-647_1WQW:A:1-188	4	7	1	5	0	17	10	11	0	188
ANID_06055T0_93-173_1KA9:H:	0	13	1	5	0	22	16	13	0	195
ANID_06051T0_86-377_2A1X:A:43-338	5	15	4	5	0	35	14	11	0	296
ANID_06048T0_41-442_1AJS:A:	0	13	2	16	0	41	18	24	0	412
ANID_06045T0_73-242_1JK9:B:74-245	1	11	2	2	0	21	15	9	0	172
ANID_06045T0_8-68_1QUP:A:2-73	0	4	1	2	0	7	2	5	0	72
ANID_06042T0_137-214_1NO8:A:	0	6	0	2	0	11	6	3	0	78
ANID_06041T0_39-249,289-339_1ZKD:A:2-366	1	18	4	12	0	33	22	20	0	365
ANID_06041T0_357-491_1ZKD:A:2-366	1	18	4	12	0	33	22	20	0	365
ANID_06040T0_5-134_1T3K:A:	0	5	0	4	0	15	17	5	0	132
ANID_06888T0_75-384_1IBQ:A:	9	25	3	6	0	40	21	21	0	325
ANID_06892T0_130-164,198-271,331-471_1A6Q:A:2-296	3	15	2	7	0	26	16	16	0	295
ANID_06893T0_439-679_2AX3:A:1-211	2	8	1	8	0	23	15	9	0	211
ANID_06897T0_266-481_1EGA:A:4-182	1	7	0	5	0	17	11	10	0	179
ANID_06902T0_22-120_1ZAV:A:1-177	0	5	2	6	0	12	5	9	0	177
ANID_06903T0_82-213_1X5S:A:8-97	0	4	0	2	0	11	8	3	0	89
ANID_06904T0_22-106_1S3A:A:15-99	0	4	0	3	0	10	4	4	0	85
ANID_06906T0_205-472_1NR0:A:2-312	4	27	1	0	0	38	22	20	0	311
ANID_06906T0_1-53_1N87:A:	0	3	1	1	0	10	4	3	0	56
ANID_11250T0_88-118,153-242_2NN6:I:61-185	3	8	2	0	0	18	8	6	0	125
ANID_11250T0_8-54_2NN6:I:6-60	4	3	0	0	0	12	5	4	0	55
ANID_06915T0_94-276_1XWA:A:	0	5	0	4	0	8	5	7	0	110
ANID_06918T0_4-246_1YBV:A:	2	7	6	9	0	26	16	13	0	270
ANID_06921T0_6-148_1XO9:A:	0	7	0	3	0	17	9	9	0	149
ANID_06922T0_91-116_1M9O:A:	0	0	2	0	0	8	6	3	0	76
ANID_06923T0_14-215,247-354,380-478_1PV7:A:	0	0	2	22	0	18	12	14	0	417
ANID_06037T0_8-546_1U0F:A:	8	13	14	24	0	53	20	26	0	563
ANID_06036T0_95-199_1P1T:A:	2	4	0	4	0	11	10	6	0	104
ANID_06036T0_685-756_1MP1:A:	0	0	2	5	0	8	10	5	0	110
ANID_06035T0_184-431_1YEY:A:184-435	5	9	2	9	0	30	16	14	0	252
ANID_06035T0_3-137_1YEY:A:2-140	3	3	1	7	0	12	6	8	0	139
ANID_06031T0_5-346_1VRD:A:1-85,A:213-457	5	15	2	11	0	35	20	14	1	330
ANID_06028T0_22-191_3CUM:A:1-162	0	9	0	8	0	19	11	8	0	162
ANID_06028T0_199-294_1VPD:A:164-296	2	0	1	6	0	6	4	9	0	133
ANID_06025T0_187-290_2AMF:A:153-256	0	0	1	6	0	5	2	5	0	104
ANID_06025T0_9-184_2AMF:A:1-152	1	7	3	6	0	20	8	7	0	152
ANID_06024T0_89-199_1B4P:A:85-217	2	0	0	5	0	11	8	8	0	133
ANID_06024T0_13-85_1B48:A:2-79	2	3	0	3	0	9	3	5	0	78
ANID_06023T0_497-639_1CQX:A:262-403	2	6	2	4	0	18	11	8	0	142
ANID_06023T0_359-463_2CND:A:11-124	2	7	0	1	0	14	6	8	0	114
ANID_10766T0_1-257_1YAA:A:	2	13	2	16	0	44	15	26	0	412
ANID_06015T0_77-313_1MNN:A:	5	22	7	3	0	40	15	13	0	303
ANID_06014T0_32-76,105-375,420-605,636-695_1V25:A:	8	24	4	16	0	59	31	33	0	534
ANID_06013T0_82-147,190-251_2GH1:A:13-293	0	10	2	12	0	27	11	18	0	281
ANID_06007T0_334-472,593-649,689-779_2P6R:A:1-202	1	7	2	7	0	20	9	10	0	202
ANID_06006T0_5-925,961-1018_1WA5:C:	8	0	17	50	0	66	46	42	0	959
ANID_06004T0_3-83_2GHP:A:41-115	0	6	1	2	0	8	3	4	0	75
ANID_06002T0_4-186,311-404_3C96:A:4-182,A:294-402	1	13	1	8	0	26	14	13	1	288
ANID_06001T0_29-273_2QED:A:1-251	1	14	2	9	0	27	10	18	0	251
ANID_06000T0_391-766_2GFV:A:2-251	6	7	3	10	0	28	13	17	0	250
ANID_06000T0_925-1052,1116-1217_1MLA:A:3-127,A:198-307	2	5	1	12	0	22	14	13	1	235
ANID_06000T0_1720-1791_1KLP:A:	0	0	0	4	0	14	8	8	0	115
ANID_06000T0_1053-1114_1MLA:A:128-197	0	4	0	2	0	6	5	4	0	70
ANID_05999T0_218-486_1A9X:A:128-402	4	11	3	7	0	30	24	12	0	275
ANID_05999T0_755-1020_1A9X:A:677-935	1	11	2	8	0	28	16	9	0	259
ANID_05999T0_482-635_1A9X:A:403-555	3	2	1	7	0	15	8	10	0	153
ANID_05999T0_95-217_1A9X:A:1-127	2	5	2	5	0	17	8	6	0	127
ANID_05999T0_637-757_1A9X:A:556-676	3	4	0	6	0	13	10	8	0	121
ANID_05999T0_1024-1149_1A9X:A:936-1073	2	5	1	7	0	14	5	11	0	138
ANID_05998T0_20-276_1N3J:A:	3	9	0	2	0	19	13	1	0	119
ANID_10866T0_76-283_1SXJ:E:4-255	0	8	1	10	0	23	14	14	0	252
ANID_06930T0_6-441_1VEF:A:9-395	3	17	2	15	0	38	24	27	0	387
ANID_06931T0_31-295_1XHL:A:	2	7	6	11	0	28	13	15	0	274
ANID_06933T0_7-283_1LLQ:A:2-295	3	5	4	14	0	31	21	15	0	294
ANID_06933T0_284-576_1GQ2:A:280-580	3	9	5	11	0	37	20	16	0	298
ANID_06934T0_37-499_1PW4:A:	2	0	1	18	0	21	18	22	0	450
ANID_06936T0_6-206_1R4W:A:	0	4	1	10	0	15	10	13	0	221
ANID_10862T0_18-227,300-508_1PW4:A:	2	0	1	18	0	21	18	22	0	450
ANID_10864T0_36-280_1YWF:A:4-275	0	5	3	12	0	22	11	13	0	272
ANID_10865T0_58-182_1O4W:A:	0	5	0	6	0	10	3	5	0	125
ANID_10863T0_203-293_1C0P:A:1194-1288	0	6	2	1	0	9	3	3	0	95
ANID_10863T0_2-213,279-336_1C0P:A:999-1193,A:1289-1361	6	30	14	10	0	80	40	44	1	724
ANID_06940T0_37-287_2IUB:A:9-285	0	7	2	6	0	23	14	10	0	281
ANID_06940T0_297-355_2IUB:A:286-349	0	0	0	2	0	2	2	2	0	64
ANID_06944T0_137-319_2BNH:A:	5	17	2	16	0	59	26	25	0	456
ANID_06955T0_224-497_1F48:A:309-586	1	7	1	11	0	18	13	13	0	275
ANID_06955T0_7-211_1JYS:A:	2	10	1	6	0	21	9	12	0	230
ANID_10869T0_241-556_1QPC:A:	3	11	3	9	0	32	11	19	0	272
ANID_05994T0_16-278,317-353_2AX3:A:212-489	0	9	3	13	0	31	16	13	0	278
ANID_05990T0_21-554_1LCI:A:	7	27	4	15	0	64	28	38	0	541
ANID_05986T0_6-290_1US0:A:	10	10	4	10	0	46	22	22	0	314
ANID_05985T0_56-309_2HUO:A:28-285	2	2	5	10	0	30	17	17	0	258
ANID_05984T0_3-157_1OFG:A:1-160,A:323-381	1	7	4	8	0	25	13	9	1	219
ANID_05984T0_137-299_1ZH8:A:132-275	2	8	2	3	0	12	7	8	0	144
ANID_05982T0_373-424,489-1106,1141-1371_1U6G:C:	0	2	14	60	0	74	56	65	0	1207
ANID_05982T0_1928-2095,2130-2267_1E8Y:A:726-1092	0	10	2	12	0	26	15	16	0	367
ANID_05982T0_8-433,472-565_1Z3X:A:1-87	0	0	0	5	0	7	4	5	0	87
ANID_05982T0_1855-1948_3FAP:B:	0	0	0	4	0	5	1	1	0	94
ANID_05981T0_3-73_1UDL:A:	4	5	0	0	0	15	12	3	0	97
ANID_05979T0_1-62_1RQ6:A:	0	0	0	3	0	4	2	3	0	62
ANID_05977T0_1-330_1Y1P:A:2-343	0	12	1	11	0	37	20	20	0	342
ANID_10764T0_19-269_2DUB:A:	2	10	4	11	0	25	14	14	0	259
ANID_10763T0_420-516_2CUJ:A:8-108	0	0	0	4	0	7	6	5	0	101
ANID_10763T0_81-147_1X41:A:8-54	0	0	0	3	0	5	2	4	0	47
ANID_10763T0_18-84_1TOT:A:1-52	1	5	0	1	0	8	5	1	0	52
ANID_05973T0_289-611_1O6L:A:	6	9	5	10	0	39	20	21	0	337
ANID_05972T0_4-295_1VYH:C:92-408	0	28	1	0	0	39	25	14	0	317
ANID_05972T0_320-577_1VYH:C:92-408	0	28	1	0	0	39	25	14	0	317
ANID_05970T0_265-369_2B5E:A:23-141	0	5	0	4	0	15	7	10	0	119
ANID_05970T0_52-179_2B5E:A:365-504	1	4	1	4	0	18	7	6	0	140
ANID_05970T0_376-488_1FB6:A:	0	5	0	4	0	11	2	7	0	104
ANID_05966T0_237-285_2CSH:A:8-60	0	4	0	2	0	6	6	3	0	53
ANID_09471T0_3-168_2B3Z:A:1-145	0	5	2	6	0	12	10	9	0	145
ANID_09469T0_12-137_2J01:N:1-139	4	3	0	4	0	18	13	7	0	139
ANID_09468T0_6-143_2GY9:I:4-129	0	6	3	4	0	10	5	5	0	126
ANID_05961T0_297-509_1ZBO:A:2-198	2	6	2	5	0	20	10	7	0	197
ANID_05961T0_198-267_1JM7:A:	2	0	1	3	0	11	9	5	0	103
ANID_05960T0_22-147_2QAL:K:12-128	0	5	1	3	0	11	7	6	0	117
ANID_10756T0_329-516,567-684,766-783,875-991_1GW5:A:	0	2	4	33	0	46	32	22	0	620
ANID_10756T0_95-178_1URF:A:	0	0	0	2	0	5	2	1	0	80
ANID_05957T0_38-384_1EKF:A:	6	19	3	7	0	43	24	20	0	365
ANID_06960T0_257-504_1VYH:C:92-408	0	28	1	0	0	39	25	14	0	317
ANID_06960T0_424-657_1VYH:C:92-408	0	28	1	0	0	39	25	14	0	317
ANID_06960T0_826-1100_1UOH:A:	0	0	1	14	0	27	7	20	0	223
ANID_06961T0_34-108_1DNY:A:	0	0	0	4	0	8	7	2	0	76
ANID_06962T0_83-189_1L5A:A:1-174	1	6	2	5	0	15	9	11	0	174
ANID_06963T0_22-179,273-342_2I0Z:A:1-192,A:362-420	4	15	6	8	0	27	12	15	1	251
ANID_05955T0_28-72_1ZME:C:31-66	0	0	0	2	0	4	1	2	0	36
ANID_05953T0_101-220_1NWB:A:	0	6	1	1	0	12	5	5	0	101
ANID_05950T0_15-584_1GW5:B:	0	0	4	32	0	42	43	37	0	579
ANID_10761T0_47-108_1G6P:A:	2	4	0	0	0	9	5	2	0	66
ANID_05944T0_23-486_1QE3:A:	7	14	7	14	0	50	31	31	0	483
ANID_05940T0_3-140_1X6M:A:	1	11	5	3	0	24	13	10	0	195
ANID_05939T0_38-334_2Z1A:A:28-329	3	16	3	9	0	37	21	18	0	302
ANID_05939T0_339-537_2Z1A:A:330-534	2	12	4	8	0	20	13	12	0	205
ANID_05936T0_24-83_1CCV:A:	0	4	1	0	0	10	3	4	0	56
ANID_05935T0_84-538_1PW4:A:	2	0	1	18	0	21	18	22	0	450
ANID_05933T0_107-124,188-233,267-490_1YRG:A:	3	14	2	12	0	46	15	21	0	343
ANID_10755T0_804-1239_1TGO:A:348-773	5	12	5	13	0	44	20	26	0	426
ANID_10755T0_421-803_1Q8I:A:2-389	6	16	1	11	0	33	18	20	0	388
ANID_10762T0_4-303_1UB0:A:	1	9	1	8	0	20	12	11	0	258
ANID_10762T0_284-504_1UDD:A:	0	0	1	13	0	13	8	10	0	215
ANID_05930T0_38-55,119-129,167-303,335-365_1ES9:A:	2	5	2	8	0	21	13	11	0	212
ANID_10754T0_357-490_2CRF:A:8-144	1	7	0	1	0	12	10	3	0	137
ANID_05924T0_80-123_1D66:A:8-48	0	0	0	2	0	4	1	2	0	41
ANID_10753T0_5-207_1MEO:A:	0	9	1	6	0	19	15	11	0	208
ANID_05920T0_91-145,187-377_1TXU:A:	0	0	4	11	0	13	8	14	0	254
ANID_05919T0_162-425_1TIB:A:	7	10	6	6	0	30	21	17	0	269
ANID_05918T0_7-497_1A4E:A:	7	13	6	13	0	63	37	34	0	488
ANID_05917T0_64-262,295-515_1PV7:A:	0	0	2	22	0	18	12	14	0	417
ANID_07864T0_6-310_1YRZ:A:1004-1320	6	25	0	0	0	45	27	21	0	317
ANID_07864T0_319-530_1YRZ:A:1321-1525	1	16	1	0	0	19	14	12	0	205
ANID_08261T0_53-342_1GZ8:A:	3	8	3	10	0	29	17	22	0	298
ANID_08262T0_17-200,291-366_1F88:A:	0	4	2	13	0	20	19	16	0	348
ANID_08264T0_46-167_1W3B:A:	0	0	0	23	0	35	6	26	0	388
ANID_08268T0_57-175_1GY7:A:	0	6	1	2	0	7	6	4	0	121
ANID_08268T0_396-489_1X4B:A:8-110	0	5	0	3	0	10	8	6	0	103
ANID_08269T0_265-520_1USU:A:	0	11	3	8	0	26	12	15	0	256
ANID_08269T0_3-209_1UYM:A:	0	8	4	5	0	19	8	11	0	211
ANID_08269T0_542-665_1SF8:A:	0	3	1	5	0	9	8	3	0	125
ANID_08273T0_255-396,425-455_1BE3:B:236-439	1	5	1	7	0	17	11	7	0	204
ANID_08273T0_42-242_1EZV:B:17-218	8	4	2	7	0	18	16	8	0	202
ANID_08274T0_17-294_1OKC:A:	0	0	6	11	0	19	10	9	0	292
ANID_08280T0_42-363,410-606,635-696_1LCI:A:	7	27	4	15	0	64	28	38	0	541
ANID_08282T0_209-361,424-617_1P22:A:253-545	0	28	0	1	0	35	23	13	0	293
ANID_08283T0_44-520_1E9X:A:	5	12	6	18	0	48	21	22	0	449
ANID_08284T0_40-98_1B4F:A:	0	0	1	5	0	6	2	4	0	74
ANID_11072T0_222-311,341-406_1K30:A:	2	9	5	14	0	31	12	16	0	367
ANID_08288T0_570-907_1I9Z:A:	8	11	3	8	0	32	15	14	0	345
ANID_08293T0_234-271,337-432,535-761_1P22:A:253-545	0	28	0	1	0	35	23	13	0	293
ANID_08293T0_67-369_2OVR:B:2365-2706	0	32	2	1	0	36	24	21	0	342
ANID_10537T0_284-372_2CPH:A:454-547	2	4	0	2	0	12	9	3	0	94
ANID_04288T0_247-659_2FUG:3:247-685	5	17	5	15	0	55	35	21	0	439
ANID_04288T0_107-245_2FUG:3:96-246	4	2	3	4	0	19	8	8	0	151
ANID_04288T0_34-106_2FUG:3:1-95	3	5	0	1	0	15	8	6	0	95
ANID_09411T0_247-659_2FUG:3:247-685	5	17	5	15	0	55	35	21	0	439
ANID_09411T0_107-245_2FUG:3:96-246	4	2	3	4	0	19	8	8	0	151
ANID_09411T0_34-106_2FUG:3:1-95	3	5	0	1	0	15	8	6	0	95
ANID_03674T0_141-206_2COD:A:8-109	0	7	0	1	0	9	7	3	0	102
ANID_03673T0_12-115_1FXK:C:	0	4	0	2	0	5	1	6	0	133
ANID_03672T0_2-334_1W9Y:A:2-308	1	12	5	7	0	27	12	12	0	307
ANID_03669T0_189-388_1WA5:B:	0	0	5	29	0	38	22	22	0	506
ANID_03668T0_425-503_1WEE:A:	0	3	0	1	0	15	10	3	0	71
ANID_03667T0_206-285_2LEF:A:	0	0	0	3	0	7	7	3	0	86
ANID_03661T0_46-236,299-392_2R8B:A:44-246	2	9	2	5	0	21	16	11	0	203
ANID_10434T0_288-424_1WF6:A:	1	4	3	3	0	15	14	3	0	131
ANID_10434T0_65-200_1WF6:A:	1	4	3	3	0	15	14	3	0	131
ANID_10434T0_600-701_1JNX:X:1649-1757	4	4	0	5	0	15	7	4	0	109
ANID_10434T0_707-833_1L0B:A:1705-1801	1	4	2	2	0	13	5	4	0	97
ANID_10434T0_237-317_1L7B:A:	1	4	0	3	0	14	10	4	0	92
ANID_03659T0_663-727_1X3H:A:8-42	2	2	0	0	0	8	2	3	0	35
ANID_03659T0_622-666_1NYP:A:1-31	1	4	0	0	0	4	2	3	0	29
ANID_03659T0_553-583_2DLO:A:8-42	2	2	0	0	0	8	2	3	0	35
ANID_03656T0_4-266_1EMS:A:10-280	3	16	3	5	0	28	12	12	0	271
ANID_03650T0_48-92_1D66:A:8-48	0	0	0	2	0	4	1	2	0	41
ANID_03649T0_212-254,290-386_2QAM:C:125-269	8	3	4	1	0	25	19	9	0	145
ANID_03649T0_65-183_2J01:D:2-126	8	4	1	0	0	20	11	9	0	125
ANID_03648T0_212-348_2CCH:B:181-308	0	0	1	6	0	9	3	5	0	128
ANID_03648T0_350-462_1VIN:A:309-432	0	0	4	7	0	10	8	4	0	123
ANID_10449T0_160-322,367-470_1J8F:A:	4	9	5	12	0	33	20	18	0	323
ANID_03646T0_3-118_2DAY:A:8-122	0	4	0	3	0	10	8	4	0	115
ANID_03644T0_6-141_1JAT:B:	4	4	0	4	0	17	7	12	0	136
ANID_03641T0_52-243_1KNQ:A:	0	5	1	7	0	16	7	10	0	171
ANID_03637T0_63-103_1PYI:A:30-71	0	2	0	2	0	6	1	3	0	42
ANID_07873T0_1726-1778,1833-1909,2030-2057_1MLA:A:3-127,A:198-307	2	5	1	12	0	22	14	13	1	235
ANID_07873T0_200-359,463-544_1MLA:A:3-127,A:198-307	2	5	1	12	0	22	14	13	1	235
ANID_07873T0_1612-1721_1S9C:A:164-289	0	5	3	3	0	12	6	7	0	126
ANID_07873T0_1345-1471_2BI0:A:186-337	0	6	2	3	0	17	8	8	0	152
ANID_07874T0_89-245_2OWN:A:150-258	2	5	2	2	0	11	4	6	0	109
ANID_07878T0_54-395_1EKF:A:	6	19	3	7	0	43	24	20	0	365
ANID_07881T0_43-515_1TQN:A:	5	9	7	18	0	43	20	30	0	472
ANID_07883T0_51-148_1MWQ:A:	0	4	1	4	0	10	2	5	0	100
ANID_04283T0_85-250_1SHU:X:	2	6	3	6	0	13	8	7	0	181
ANID_04283T0_348-430_1Z60:A:328-386	1	4	0	2	0	10	5	5	0	59
ANID_04282T0_231-479_1HS6:A:209-460	1	7	4	11	0	19	10	13	0	252
ANID_04282T0_9-218_1HS6:A:1-208	2	15	4	0	0	20	10	12	0	208
ANID_04280T0_21-305_1OKC:A:	0	0	6	11	0	19	10	9	0	292
ANID_04278T0_1530-1910_1E8Y:A:726-1092	0	10	2	12	0	26	15	16	0	367
ANID_04278T0_1352-1513_1E8Y:A:525-725	0	0	2	12	0	15	8	11	0	201
ANID_04277T0_41-517_1PV7:A:	0	0	2	22	0	18	12	14	0	417
ANID_04274T0_305-545,628-643_2ELB:A:6-273	0	0	3	6	0	7	3	6	0	268
ANID_04274T0_822-930_1DCQ:A:247-368	2	3	1	5	0	15	8	9	0	122
ANID_04274T0_633-752_2COD:A:8-109	0	7	0	1	0	9	7	3	0	102
ANID_04273T0_44-181_1RSY:A:	1	8	1	2	0	17	8	5	0	151
ANID_04271T0_285-563_1A4Y:A:	2	17	3	16	0	56	24	32	0	460
ANID_04269T0_1-113_1I50:K:	0	4	1	2	0	12	7	9	0	114
ANID_04268T0_6-258_1JR1:A:17-112,A:233-514	9	15	3	12	0	48	29	18	1	378
ANID_10533T0_185-637_1GZ5:A:	6	16	7	18	0	41	25	25	0	456
ANID_10533T0_666-922_1U02:A:	2	12	3	8	0	20	15	13	0	238
ANID_10534T0_206-331_1C8U:A:116-286	0	7	1	3	0	17	13	11	0	171
ANID_04261T0_64-202_2OV9:A:7-209	3	7	2	3	0	22	12	13	0	203
ANID_04255T0_259-446,474-541_1IG8:A:225-486	1	5	5	10	0	20	16	19	0	262
ANID_04255T0_67-257_1BDG:A:13-222	3	8	1	6	0	19	9	10	0	208
ANID_04251T0_105-315_1FJG:B:	2	5	3	7	0	24	18	13	0	237
ANID_04250T0_15-296_1OKC:A:	0	0	6	11	0	19	10	9	0	292
ANID_04247T0_3-50_1PYI:A:30-71	0	2	0	2	0	6	1	3	0	42
ANID_03635T0_264-335_1ZAV:A:1-177	0	5	2	6	0	12	5	9	0	177
ANID_03634T0_106-425_1V8G:A:66-329	3	7	5	11	0	22	10	13	0	264
ANID_11406T0_32-75_1I50:L:	2	1	0	0	0	11	5	2	0	46
ANID_03629T0_2-158_1K82:A:1-128	4	9	0	2	0	17	9	6	0	128
ANID_03629T0_153-238_1NNJ:A:132-219	2	0	1	4	0	8	3	6	0	88
ANID_03628T0_19-261_1W3B:A:	0	0	0	23	0	35	6	26	0	388
ANID_03628T0_365-464_2FBN:A:22-174	0	0	1	7	0	10	3	7	0	153
ANID_03628T0_483-520,645-715_1KT1:A:254-421	0	0	1	7	0	12	3	7	0	168
ANID_03627T0_546-665_1EWF:A:1-217	1	11	1	4	0	15	9	7	0	217
ANID_03624T0_762-781,861-1095_2B8E:A:416-434,A:548-663	2	6	0	6	1	16	9	5	1	135
ANID_03624T0_562-647_1SU4:A:125-239	2	9	3	0	0	21	10	7	0	115
ANID_03624T0_20-95_1AW0:A:	0	4	0	2	0	7	1	5	0	72
ANID_03624T0_112-185_1AW0:A:	0	4	0	2	0	7	1	5	0	72
ANID_03624T0_202-274_1FVQ:A:	1	4	0	2	0	8	4	4	0	71
ANID_03624T0_283-358_1OQ3:A:	0	4	1	2	0	8	6	6	0	75
ANID_03624T0_490-519,648-757,1038-1077_1SU4:A:1-124,A:240-343,A:751-994	1	1	8	18	0	32	20	22	2	472
ANID_03622T0_8-58,175-257_1FQI:A:	0	0	1	9	0	8	6	12	0	138
ANID_10464T0_18-227_1YO6:A:1-250	2	8	5	8	0	24	10	16	0	250
ANID_03616T0_1-98_2PD1:A:1-100	2	4	0	4	0	7	4	6	0	100
ANID_03612T0_23-398_1TQY:A:219-423	5	7	2	5	0	21	7	8	0	166
ANID_03612T0_535-665,729-830_1MLA:A:3-127,A:198-307	2	5	1	12	0	22	14	13	1	235
ANID_03612T0_2066-2284_2FR1:A:1657-1915	2	9	2	10	0	25	12	17	0	259
ANID_03612T0_1361-1535_1VE3:A:2-227	0	10	2	7	0	20	9	11	0	226
ANID_03612T0_1836-2017_1PQW:A:	0	7	2	7	0	15	7	13	0	183
ANID_03612T0_1758-1865_1TT7:A:2-127,A:295-330	3	11	2	3	0	21	16	11	1	162
ANID_03612T0_664-722_1MLA:A:128-197	0	4	0	2	0	6	5	4	0	70
ANID_03612T0_2402-2453_2PNG:A:1-76	0	0	1	5	0	12	9	8	0	89
ANID_03611T0_8-150,260-332_1ORV:A:509-766	1	8	3	8	0	22	14	18	0	258
ANID_10430T0_6-379,412-433_2GFV:A:252-412	5	7	4	4	0	22	9	6	0	161
ANID_10430T0_546-675,746-848_1MLA:A:3-127,A:198-307	2	5	1	12	0	22	14	13	1	235
ANID_10430T0_1351-1504_1PQW:A:	0	7	2	7	0	15	7	13	0	183
ANID_10430T0_1258-1388_1YB5:A:6-120,A:295-329	2	9	3	2	0	18	11	6	1	150
ANID_10430T0_678-745_1MLA:A:128-197	0	4	0	2	0	6	5	4	0	70
ANID_10447T0_60-420_1NM8:A:9-385	5	11	2	11	0	30	22	18	0	372
ANID_10447T0_423-627_1XL7:A:393-610	1	6	1	6	0	16	7	12	0	218
ANID_03609T0_24-484_3CZH:A:40-502	7	8	4	16	0	42	19	26	0	462
ANID_03608T0_361-617_3B60:A:329-581	4	10	2	9	0	24	18	16	0	253
ANID_03608T0_1007-1262_2HYD:A:324-578	2	10	5	9	0	25	21	16	0	255
ANID_03608T0_31-352_3B60:A:10-328	0	0	1	11	0	6	9	9	0	319
ANID_03608T0_679-994_3B60:A:10-328	0	0	1	11	0	6	9	9	0	319
ANID_03605T0_181-242,284-349_1UMK:A:154-300	0	8	4	5	0	15	10	8	0	147
ANID_10446T0_215-524_1QHW:A:	0	14	5	7	0	41	26	17	0	300
ANID_03596T0_78-182_1RZ0:A:	4	11	0	3	0	15	3	10	0	153
ANID_04238T0_521-842_1O6L:A:	6	9	5	10	0	39	20	21	0	337
ANID_04238T0_436-512_1RH8:A:	1	8	1	3	0	16	8	6	0	142
ANID_04237T0_281-402_2BNH:A:	5	17	2	16	0	59	26	25	0	456
ANID_04236T0_208-457_2CE7:A:150-402	2	5	6	9	0	24	12	16	0	253
ANID_10526T0_29-329_1G6Q:1:	7	15	2	8	0	32	15	22	0	328
ANID_04234T0_447-541_1WJW:A:	0	3	0	2	0	7	8	3	0	111
ANID_04234T0_80-204_1K2Y:X:5-154	5	7	1	4	0	15	5	10	0	150
ANID_04234T0_189-301_1K2Y:X:155-258	0	5	2	3	0	14	9	8	0	104
ANID_04234T0_25-104_1K2Y:X:5-154	5	7	1	4	0	15	5	10	0	150
ANID_04231T0_99-208_1KZL:A:93-202	1	6	2	2	0	13	5	7	0	110
ANID_04231T0_1-95_1KZL:A:1-92	1	6	2	1	0	13	4	5	0	92
ANID_04230T0_45-445_1Q7E:A:	0	11	5	17	0	41	21	30	0	427
ANID_04229T0_428-485_1F62:A:	0	2	0	1	0	13	6	4	0	51
ANID_04228T0_64-423_1K6W:A:56-375	4	8	5	12	0	34	15	20	0	320
ANID_04227T0_95-350_1HDC:A:	2	7	5	9	0	23	16	15	0	254
ANID_10519T0_316-398_1UFM:A:	0	3	0	3	0	8	7	3	0	83
ANID_04222T0_1-134_2JOY:A:1-96	0	5	0	2	0	15	8	4	0	96
ANID_04218T0_4-268_1F60:A:2-240	2	8	3	8	0	25	15	13	0	239
ANID_04218T0_345-448_1F60:A:335-441	2	7	1	0	0	15	7	6	0	107
ANID_04218T0_250-341_1F60:A:241-334	3	7	0	0	0	13	6	9	0	94
ANID_04216T0_181-221,255-426_1EYQ:A:	0	11	0	7	0	18	7	11	0	212
ANID_04215T0_8-101_1KTE:A:	2	4	1	5	0	11	7	6	0	105
ANID_04209T0_131-210_1S7B:A:	0	0	0	4	0	10	7	3	0	109
ANID_04207T0_19-626_1GW5:A:	0	2	4	33	0	46	32	22	0	620
ANID_04207T0_700-838_1GYW:B:	2	8	2	0	0	16	7	6	0	128
ANID_04206T0_5-72_1XBL:A:	0	0	0	3	0	7	3	6	0	75
ANID_10532T0_4-220_2YVT:A:4-260	4	14	3	6	0	25	16	13	0	257
ANID_04203T0_74-312_1S9A:A:	5	12	1	5	0	33	15	18	0	256
ANID_04202T0_8-151_1J3A:A:	3	5	4	5	0	13	6	6	0	142
ANID_03592T0_40-261_1JHN:A:61-262,A:412-458	4	15	1	2	0	35	16	9	1	249
ANID_03592T0_245-385_1JHN:A:270-411	6	4	1	0	0	29	13	11	0	142
ANID_03592T0_388-431_1JHN:A:61-262,A:412-458	4	15	1	2	0	35	16	9	1	249
ANID_03586T0_39-246,390-509_1K0I:A:1-173,A:276-394	1	15	5	10	0	30	13	14	1	292
ANID_03583T0_160-485_1OT5:A:123-460	10	9	5	8	0	46	22	27	0	338
ANID_03583T0_488-623_1OT5:A:461-599	1	9	1	1	0	15	4	6	0	139
ANID_03581T0_2-319_1VDC:A:1-117,A:244-316	5	11	3	3	0	28	12	10	1	192
ANID_03578T0_607-673_2D9I:A:8-90	0	4	1	2	0	11	4	6	0	83
ANID_03578T0_305-330_2CQE:A:458-513	2	0	0	2	0	7	7	2	0	56
ANID_03577T0_6-253_1SGJ:A:	0	8	2	10	0	19	18	15	0	231
ANID_03566T0_109-582_1KRE:A:	9	16	6	17	0	42	30	26	0	475
ANID_03565T0_19-250_1DD6:A:	1	12	0	6	0	16	9	14	0	216
ANID_03563T0_38-401_1J58:A:	3	25	4	8	0	49	28	23	0	372
ANID_03562T0_72-414_1RI6:A:	1	28	2	0	0	36	19	23	0	342
ANID_03559T0_153-334,366-376_1V04:A:	1	25	2	3	0	40	22	18	0	340
ANID_03557T0_9-160,272-358_1JYS:A:	2	10	1	6	0	21	9	12	0	230
ANID_03556T0_200-367_1WZN:A:1-251	1	11	4	7	0	20	9	14	0	251
ANID_03556T0_2-116_2HYD:A:1-323	0	0	1	15	1	9	5	12	0	323
ANID_03555T0_13-80,117-179_1GME:A:	1	8	5	2	0	17	6	7	0	150
ANID_03551T0_32-215_1XKL:A:	1	8	4	10	0	28	15	17	0	258
ANID_03549T0_8-87_1J46:A:	0	0	0	3	0	5	3	3	0	84
ANID_07885T0_18-83_1AWC:B:	0	0	0	10	0	18	2	16	0	153
ANID_07886T0_22-128_1W9P:A:39-298,A:361-433	4	9	9	11	0	41	22	17	1	333
ANID_07888T0_39-300_2P4O:A:4-305	6	24	2	0	0	42	19	24	0	302
ANID_07892T0_14-83,122-183_1GME:A:	1	8	5	2	0	17	6	7	0	150
ANID_07893T0_5-315_1GP6:A:	3	14	6	11	0	40	23	16	0	350
ANID_07897T0_9-176,298-350_2VOU:A:2-163,A:292-394	2	13	4	6	0	31	15	12	1	265
ANID_07899T0_11-171,202-254_1AUO:A:	0	11	2	6	0	25	9	13	0	218
ANID_07902T0_11-194,305-406_3C96:A:4-182,A:294-402	1	13	1	8	0	26	14	13	1	288
ANID_07902T0_205-310_3C96:A:183-293	3	5	0	4	0	12	4	7	0	111
ANID_07905T0_1-157_1VPD:A:3-163	0	9	0	8	0	18	9	8	0	161
ANID_07906T0_11-105_1VYF:A:	0	10	1	2	0	13	4	9	0	135
ANID_04198T0_104-401_1NX4:A:	2	16	0	6	0	31	18	10	0	271
ANID_10515T0_39-351_1KOB:A:	7	11	8	11	0	39	20	20	0	352
ANID_04192T0_488-593_1XBL:A:	0	0	0	3	0	7	3	6	0	75
ANID_04192T0_136-263,304-358_1A17:A:	0	0	0	7	0	11	3	7	0	159
ANID_04192T0_372-491_1A17:A:	0	0	0	7	0	11	3	7	0	159
ANID_04189T0_208-486_1S9J:A:	3	8	3	12	0	27	14	14	0	340
ANID_04185T0_4-48_1CLD:A:	0	0	0	2	0	4	2	1	0	33
ANID_10514T0_59-317_1AE1:A:	2	7	4	8	0	23	13	14	0	258
ANID_04180T0_19-213,268-440,479-512_1PW4:A:	2	0	1	18	0	21	18	22	0	450
ANID_10512T0_41-307_1QFL:A:4-268	6	10	2	8	0	30	16	18	0	265
ANID_10512T0_309-429_1ULQ:A:276-400	2	4	2	4	0	11	5	8	0	125
ANID_10520T0_257-543_1EK1:A:226-544	1	8	6	12	0	34	28	21	0	319
ANID_04177T0_4-276,366-406_1DB3:A:	2	15	3	10	0	35	15	17	0	357
ANID_04174T0_6-211_1QIP:A:	2	8	4	4	0	21	8	12	0	176
ANID_04174T0_161-309_1QIP:A:	2	8	4	4	0	21	8	12	0	176
ANID_04173T0_49-282,309-513_1PW4:A:	2	0	1	18	0	21	18	22	0	450
ANID_04171T0_308-440_1V89:A:	0	7	0	1	0	15	12	2	0	117
ANID_04171T0_49-294_2EFL:A:1-288	0	0	0	7	0	7	3	7	0	288
ANID_10508T0_6-66_1SFC:H:	0	0	0	1	0	3	2	0	0	86
ANID_04168T0_351-408_1OOT:A:	3	5	1	0	0	9	4	4	0	58
ANID_04164T0_141-212_1PUZ:A:	0	0	0	5	0	9	5	3	0	82
ANID_04163T0_5-310_1VYH:C:92-408	0	28	1	0	0	39	25	14	0	317
ANID_04162T0_340-483_1W3B:A:	0	0	0	23	0	35	6	26	0	388
ANID_04161T0_2-55,86-269_2F20:A:2-232	5	13	7	8	0	28	8	14	0	231
ANID_04159T0_109-354_1F52:A:101-468	4	12	5	10	0	37	24	21	0	368
ANID_04159T0_19-106_1F52:A:1-100	0	6	3	2	0	15	6	4	0	100
ANID_04158T0_1-119_1FWQ:A:	7	10	1	0	0	17	12	7	0	115
ANID_03547T0_34-165,236-327_1JYS:A:	2	10	1	6	0	21	9	12	0	230
ANID_03547T0_920-1243_1W3B:A:	0	0	0	23	0	35	6	26	0	388
ANID_03547T0_333-606_1JBK:A:	0	6	2	10	0	18	8	13	0	194
ANID_03547T0_736-949_1W3B:A:	0	0	0	23	0	35	6	26	0	388
ANID_03546T0_230-312,353-448_4CRX:A:130-341	2	5	3	9	0	25	15	9	0	212
ANID_03535T0_211-378_1ULZ:A:115-328	2	8	1	6	0	23	11	8	0	214
ANID_03531T0_2-299,502-554_1GPE:A:1-328,A:525-587	13	16	6	10	0	49	25	31	1	391
ANID_03531T0_301-503_1JU2:A:294-463	3	9	1	2	0	26	19	6	0	170
ANID_03530T0_22-274_2FLU:X:325-609	14	28	0	0	0	37	15	14	0	285
ANID_03525T0_156-218,256-407_1A17:A:	0	0	0	7	0	11	3	7	0	159
ANID_03524T0_22-169_1YDW:A:6-133,A:305-360	0	7	2	7	0	18	5	9	1	184
ANID_03524T0_157-267_1OFG:A:161-322	0	8	1	5	0	16	15	8	0	162
ANID_03523T0_47-128,166-332_2I7T:A:9-459	0	22	5	10	0	45	27	19	0	451
ANID_03522T0_25-175_1CQX:A:1-150	0	0	3	6	0	8	3	6	0	150
ANID_03522T0_286-423_1CQX:A:262-403	2	6	2	4	0	18	11	8	0	142
ANID_03522T0_174-285_1CQX:A:151-261	3	6	0	1	0	16	6	5	0	111
ANID_10423T0_6-48_1PYI:A:30-71	0	2	0	2	0	6	1	3	0	42
ANID_07907T0_8-73,102-159_1LQP:A:	0	9	0	3	0	16	5	7	0	134
ANID_07909T0_348-726_1J3N:A:250-408	3	7	2	4	0	21	9	8	0	159
ANID_07909T0_880-1009,1078-1187_1MLA:A:3-127,A:198-307	2	5	1	12	0	22	14	13	1	235
ANID_07909T0_1849-2009,2055-2096_1XKT:A:	2	7	3	8	0	30	19	12	0	288
ANID_07909T0_1745-1830_1KLP:A:	0	0	0	4	0	14	8	8	0	115
ANID_07909T0_1011-1076_1MLA:A:128-197	0	4	0	2	0	6	5	4	0	70
ANID_07909T0_1641-1715_1DV5:A:	0	0	0	3	0	7	8	6	0	80
ANID_07911T0_25-325_2DVT:A:1-325	2	8	9	14	0	30	16	19	0	325
ANID_07914T0_1-125,196-204_1YB5:A:6-120,A:295-329	2	9	3	2	0	18	11	6	1	150
ANID_07914T0_171-338_1YB5:A:121-294	0	7	1	8	0	16	8	12	0	174
ANID_07920T0_4-348_1ERZ:A:	4	14	6	8	0	36	16	16	0	303
ANID_07921T0_19-70_1D66:A:8-48	0	0	0	2	0	4	1	2	0	41
ANID_07923T0_4-48_1PYI:A:30-71	0	2	0	2	0	6	1	3	0	42
ANID_07924T0_16-127_2CIW:A:0-119	2	2	2	3	0	17	10	8	0	119
ANID_07925T0_5-79,110-220_2Q4O:A:8-190	0	7	1	7	0	15	11	8	0	183
ANID_07926T0_3-240_1SNY:A:	3	7	6	7	0	28	16	13	0	266
ANID_07929T0_11-315_1XKY:A:1-292	2	8	2	12	0	25	18	17	0	292
ANID_11029T0_15-475_1PV7:A:	0	0	2	22	0	18	12	14	0	417
ANID_07932T0_40-496_1TQN:A:	5	9	7	18	0	43	20	30	0	472
ANID_04157T0_41-390_1PW4:A:	2	0	1	18	0	21	18	22	0	450
ANID_04155T0_5-315_1MAA:A:	7	18	7	18	0	67	40	32	0	540
ANID_04154T0_212-256,320-439_1JFR:A:	0	9	4	6	0	32	19	18	0	260
ANID_04153T0_16-336_1B8G:A:	4	15	9	14	0	37	18	27	0	428
ANID_04151T0_1-450_1W4X:A:155-389	3	10	3	7	0	23	20	9	0	235
ANID_04148T0_21-229,257-475_1PV7:A:	0	0	2	22	0	18	12	14	0	417
ANID_04140T0_386-721_1POO:A:	2	27	4	1	0	48	26	18	0	353
ANID_04140T0_32-325_1POO:A:	2	27	4	1	0	48	26	18	0	353
ANID_04135T0_325-421_1AWP:A:	1	5	1	4	0	11	4	8	0	86
ANID_04134T0_1-140_1OXB:B:	0	5	0	5	0	13	11	4	0	124
ANID_04129T0_127-560_1PW4:A:	2	0	1	18	0	21	18	22	0	450
ANID_04126T0_10-489_1BI9:A:	7	19	2	16	0	50	25	21	0	499
ANID_04125T0_9-134_1PF5:A:	2	6	2	2	0	15	10	6	0	130
ANID_04123T0_7-53_2HAP:C:55-97	0	0	1	2	0	6	3	2	0	43
ANID_04120T0_7-247_1ZFJ:A:2-94,A:221-492	7	15	3	12	0	41	24	17	1	365
ANID_04119T0_37-488_1PW4:A:	2	0	1	18	0	21	18	22	0	450
ANID_04117T0_27-496_1PQ2:A:	6	9	3	17	0	42	25	31	0	463
ANID_04114T0_414-671_2ALR:A:	8	14	3	10	0	42	18	18	0	324
ANID_04114T0_38-189_1YDW:A:6-133,A:305-360	0	7	2	7	0	18	5	9	1	184
ANID_04114T0_170-297_1OFG:A:161-322	0	8	1	5	0	16	15	8	0	162
ANID_10420T0_15-507_1UOK:A:1-479	6	15	12	16	0	55	33	34	0	479
ANID_10420T0_511-582_1UOK:A:480-558	0	7	0	0	0	11	6	4	0	79
ANID_03515T0_43-242,274-492_1PV7:A:	0	0	2	22	0	18	12	14	0	417
ANID_03505T0_158-366_1ULZ:A:115-328	2	8	1	6	0	23	11	8	0	214
ANID_03499T0_81-126,161-351_1HUX:A:	0	10	3	8	0	21	12	13	0	259
ANID_03498T0_17-480_1PW4:A:	2	0	1	18	0	21	18	22	0	450
ANID_03497T0_140-521_1PQ2:A:	6	9	3	17	0	42	25	31	0	463
ANID_03496T0_1665-2235_1AMU:A:	4	26	5	15	0	55	36	34	0	514
ANID_03496T0_547-1052,1081-1159_1AMU:A:	4	26	5	15	0	55	36	34	0	514
ANID_03496T0_1430-1662_1L5A:A:175-424	4	7	2	7	0	24	11	13	0	250
ANID_03496T0_333-573_1XL7:A:393-610	1	6	1	6	0	16	7	12	0	218
ANID_03496T0_1263-1444_1L5A:A:1-174	1	6	2	5	0	15	9	11	0	174
ANID_03496T0_143-313_1Q9J:A:1-175	1	7	2	4	0	16	9	4	0	175
ANID_03496T0_1144-1217_1DNY:A:	0	0	0	4	0	8	7	2	0	76
ANID_03496T0_2215-2290_1DNY:A:	0	0	0	4	0	8	7	2	0	76
ANID_03496T0_9-77_1KLP:A:	0	0	0	4	0	14	8	8	0	115
ANID_03493T0_7-211_1RYP:1:	3	12	0	4	0	20	12	13	0	222
ANID_03488T0_9-243_1W4X:A:10-154,A:390-542	6	10	5	9	0	33	21	19	1	298
ANID_03488T0_276-522_1W4X:A:10-154,A:390-542	6	10	5	9	0	33	21	19	1	298
ANID_03487T0_6-90_1GWC:A:4-86	0	4	0	3	0	9	5	6	0	83
ANID_03487T0_153-229_1JLV:A:85-207	0	0	1	6	0	6	6	7	0	123
ANID_03486T0_15-301_1QAZ:A:	6	0	6	12	0	30	19	21	0	351
ANID_03481T0_1-105_3EZM:A:	0	10	3	0	0	8	4	9	0	101
ANID_07933T0_51-326_1WZN:A:1-251	1	11	4	7	0	20	9	14	0	251
ANID_07935T0_95-178_1P1T:A:	2	4	0	4	0	11	10	6	0	104
ANID_07935T0_203-294_1FXL:A:119-203	0	4	2	2	0	11	4	5	0	85
ANID_07939T0_53-116_1THG:A:	5	16	8	19	0	57	37	36	0	543
ANID_07940T0_6-352_1SZQ:A:	10	6	6	22	0	48	24	27	0	473
ANID_07942T0_3-39_2HAP:C:55-97	0	0	1	2	0	6	3	2	0	43
ANID_07944T0_3-85,142-202_1YX0:A:1-151	0	7	0	4	0	18	13	7	0	149
ANID_07945T0_210-310,346-420_2C2A:A:321-481	0	7	2	3	0	13	4	10	0	161
ANID_07945T0_535-656_2AYZ:A:817-949	0	5	0	5	0	13	10	3	0	133
ANID_07945T0_135-220_2C2A:A:232-320	0	0	1	3	0	3	0	4	0	89
ANID_07945T0_12-104_1G28:A:	1	5	1	3	0	14	5	6	0	104
ANID_07952T0_610-979_2O3I:A:2-390	6	15	4	12	0	37	28	14	0	389
ANID_07952T0_301-489_1HUX:A:	0	10	3	8	0	21	12	13	0	259
ANID_07952T0_8-78_1ZC6:A:8-121	0	5	2	3	0	10	5	5	0	114
ANID_07953T0_2-338_1GP6:A:	3	14	6	11	0	40	23	16	0	350
ANID_07956T0_123-327_1FQV:A:146-431	8	13	3	8	0	55	21	24	0	286
ANID_04111T0_85-353_1GY9:A:	6	15	2	7	0	34	19	14	0	279
ANID_04110T0_5-253_2GVC:A:3-180,A:288-444	5	14	3	8	0	38	25	20	1	335
ANID_04110T0_293-441_2GVC:A:3-180,A:288-444	5	14	3	8	0	38	25	20	1	335
ANID_04106T0_88-528_1PW4:A:	2	0	1	18	0	21	18	22	0	450
ANID_04105T0_3-434_3B55:A:40-442	7	11	8	16	0	38	25	19	0	408
ANID_04098T0_30-420_1PW4:A:	2	0	1	18	0	21	18	22	0	450
ANID_04096T0_91-136_2HAP:C:55-97	0	0	1	2	0	6	3	2	0	43
ANID_04095T0_33-192_1Q25:A:7-129	0	9	5	0	0	10	7	8	0	123
ANID_04091T0_573-799_2HYD:A:324-578	2	10	5	9	0	25	21	16	0	255
ANID_04091T0_107-231_2HYD:A:324-578	2	10	5	9	0	25	21	16	0	255
ANID_04091T0_261-506_1PF4:A:10-320	0	0	9	16	0	12	11	14	0	310
ANID_04089T0_183-323_1LN1:A:	2	10	0	6	0	17	7	13	0	203
ANID_04087T0_94-192_1FJG:C:107-207	1	4	2	2	0	13	6	6	0	101
ANID_04087T0_13-100_1WH9:A:	0	3	1	3	0	10	7	2	0	91
ANID_04086T0_367-599_1PYS:B:475-681	0	12	2	5	0	19	14	9	0	207
ANID_04086T0_300-374_1PYS:B:400-474	0	3	1	3	0	9	3	4	0	75
ANID_04086T0_105-255_1PYS:B:191-399	2	13	1	5	0	21	8	12	0	209
ANID_04086T0_4-86_1PYS:B:1-38,B:152-190	0	3	1	3	0	8	2	5	1	77
ANID_04081T0_19-213_2IC1:A:6-190	1	13	2	3	0	26	10	8	0	185
ANID_07962T0_181-354_1EB6:A:	3	4	1	8	0	19	12	10	0	177
ANID_07964T0_31-84_1NEX:B:270-369	0	0	0	7	0	9	5	6	0	100
ANID_07964T0_209-366_1KV9:A:1-560	8	39	7	5	0	72	35	35	0	560
ANID_07973T0_31-116_1R29:A:	0	3	0	6	0	11	5	9	0	122
ANID_04077T0_180-245_1HLV:A:67-131	0	0	1	3	0	4	0	4	0	63
ANID_04077T0_118-170_1HLV:A:1-66	0	0	1	4	0	6	2	4	0	66
ANID_04070T0_17-241_2FDI:A:15-214	8	12	1	2	0	25	12	13	0	200
ANID_04067T0_16-122,169-197_1A79:A:83-179	0	6	1	2	0	10	6	8	0	97
ANID_04064T0_13-301_1OKC:A:	0	0	6	11	0	19	10	9	0	292
ANID_04054T0_16-485_1BXS:A:	5	22	2	17	0	52	33	26	0	494
ANID_04053T0_16-1050_2BPT:A:1-861	0	0	19	43	0	44	28	37	0	860
ANID_04050T0_12-480_1A4S:A:	7	20	8	15	0	54	30	24	0	503
ANID_04048T0_17-94,139-167,198-239,288-392_1YIX:A:1-265	1	8	6	9	0	29	14	18	0	265
ANID_04042T0_65-530_1TQN:A:	5	9	7	18	0	43	20	30	0	472
ANID_04040T0_73-234,379-463_2HU7:A:322-581	1	8	2	10	0	27	14	15	0	260
ANID_04038T0_467-770_1G7S:A:1-227	3	9	5	6	0	24	13	14	0	227
ANID_04038T0_805-933_1G7S:A:329-459	3	4	0	5	0	10	10	6	0	131
ANID_04038T0_938-1071_1G7S:A:460-587	2	8	0	2	0	12	6	9	0	128
ANID_07984T0_112-476_1LTD:A:98-511	2	13	7	14	0	44	26	19	0	414
ANID_07984T0_2-77_1KBI:A:1-97	4	4	3	4	0	14	7	8	0	97
ANID_07986T0_673-920,1013-1049_1S70:B:	2	1	1	15	0	32	11	25	0	291
ANID_07986T0_65-369_1SM2:A:	3	7	3	8	0	30	12	13	0	263
ANID_07987T0_30-350_2D81:A:21-338	4	12	4	9	0	34	21	20	0	318
ANID_07995T0_1-378_1RKD:A:	0	14	3	11	0	30	12	16	0	306
ANID_07998T0_33-330,554-617_1CF3:A:3-324,A:521-583	17	12	7	11	0	49	28	29	1	385
ANID_07998T0_337-402,433-558_1CF3:A:325-520	4	8	6	6	0	21	11	8	0	196
ANID_07999T0_6-256_1VL8:A:	2	7	6	9	0	25	10	14	0	251
ANID_08002T0_334-531_1W3B:A:	0	0	0	23	0	35	6	26	0	388
ANID_08002T0_15-98,142-178,238-282_2C2L:A:24-224	0	0	1	10	0	12	7	11	0	201
ANID_08004T0_4-466_1BU7:A:	0	12	10	16	0	39	22	21	0	455
ANID_08005T0_8-111,148-225_2G3A:A:1-137	0	6	1	3	0	13	4	5	0	137
ANID_04033T0_10-113_1FXK:A:	0	2	0	2	0	5	1	3	0	107
ANID_04032T0_183-798_1LKX:A:	9	14	5	27	0	58	39	31	0	684
ANID_04028T0_753-825_1JMK:C:	3	9	4	6	0	23	15	12	0	230
ANID_04021T0_18-66_2CT1:A:8-43	0	2	0	1	0	6	4	1	0	36
ANID_04018T0_147-397_2OR4:A:118-350	8	12	3	4	0	39	15	17	0	233
ANID_04018T0_95-140,379-613_2OR4:A:57-117,A:351-593	6	7	2	11	0	27	21	17	1	304
ANID_04018T0_616-772_2OR4:A:594-750	4	2	1	6	0	11	6	10	0	157
ANID_04015T0_16-94_1X6O:A:19-86	0	6	1	0	0	6	1	4	0	68
ANID_04015T0_87-157_1KHI:A:103-173	1	5	1	1	0	5	1	5	0	71
ANID_04011T0_39-473_1Q5N:A:	2	4	4	20	0	27	11	22	0	444
ANID_04010T0_15-358_1T5J:A:	6	2	4	16	0	25	14	17	0	312
ANID_04009T0_7-274_1AFW:A:25-293	6	8	5	10	0	29	16	16	0	269
ANID_04009T0_279-398_1AFW:A:294-417	3	4	3	4	0	12	4	7	0	124
ANID_10495T0_29-336_1M3E:A:1-250	5	14	3	7	0	31	14	16	0	250
ANID_10495T0_291-505_1M3E:A:260-481	5	15	3	5	0	31	18	16	0	222
ANID_04003T0_2-347_1W0D:A:	1	12	4	12	0	31	20	21	0	336
ANID_03999T0_813-1216_1C4Z:A:	4	10	4	13	0	35	26	18	0	350
ANID_03997T0_34-429_1PW4:A:	2	0	1	18	0	21	18	22	0	450
ANID_08008T0_3-36_1FQV:A:107-145	0	0	0	3	0	4	4	4	0	39
ANID_08009T0_4-242_1US5:A:	3	10	2	12	0	29	18	20	0	298
ANID_08010T0_141-340_2BIS:A:1-437	4	17	6	16	0	48	27	24	0	437
ANID_08010T0_485-598_2F9F:A:2-167	2	6	1	7	0	19	11	10	0	166
ANID_08012T0_6-346_1UBY:A:	0	2	2	16	0	20	10	17	0	348
ANID_08013T0_385-564_1FCH:A:	0	0	2	17	0	24	6	19	0	323
ANID_08013T0_248-379_1GUX:B:	0	2	2	7	0	10	8	7	0	141
ANID_08017T0_506-792_1ERJ:A:	2	30	1	1	0	43	24	22	0	388
ANID_08024T0_3-290_1J31:A:	1	16	2	7	0	32	15	15	0	262
ANID_08025T0_75-227,281-373_2R8B:A:44-246	2	9	2	5	0	21	16	11	0	203
ANID_08027T0_130-418_1QG8:A:	2	9	4	8	0	22	13	12	0	255
ANID_08028T0_36-328_1A88:A:	4	8	1	11	0	28	19	18	0	275
ANID_08031T0_275-360_2CS4:A:8-91	2	5	1	2	0	9	6	4	0	82
ANID_08031T0_391-494_1P6S:A:	0	7	0	1	0	12	10	1	0	111
ANID_03996T0_24-184_2AVN:A:1-246	2	10	3	10	0	28	12	9	0	246
ANID_03995T0_9-175_1PL7:A:1-145,A:317-356	1	14	4	3	0	22	9	12	1	185
ANID_03995T0_125-253_1PQW:A:	0	7	2	7	0	15	7	13	0	183
ANID_03990T0_24-485_1PV7:A:	0	0	2	22	0	18	12	14	0	417
ANID_03989T0_72-183_1AWC:B:	0	0	0	10	0	18	2	16	0	153
ANID_03987T0_377-533_1W3B:A:	0	0	0	23	0	35	6	26	0	388
ANID_03987T0_15-166_1P5Q:A:258-427	0	0	1	7	0	10	2	6	0	170
ANID_03985T0_28-475_1PV7:A:	0	0	2	22	0	18	12	14	0	417
ANID_03979T0_9-136_2H8A:A:9-147	0	0	1	7	0	6	5	7	0	139
ANID_10494T0_17-288_1AE1:A:	2	7	4	8	0	23	13	14	0	258
ANID_03977T0_239-287_1E0G:A:	0	2	1	2	0	8	1	3	0	48
ANID_03977T0_327-377_1E0G:A:	0	2	1	2	0	8	1	3	0	48
ANID_03977T0_150-205_1E0G:A:	0	2	1	2	0	8	1	3	0	48
ANID_03976T0_1-188,217-338_1QYC:A:	1	13	4	12	0	30	15	23	0	307
ANID_03975T0_54-180_1WZN:A:1-251	1	11	4	7	0	20	9	14	0	251
ANID_03973T0_50-260_1PRX:A:	4	11	0	6	0	30	13	16	0	220
ANID_10505T0_69-357_1NC5:A:	11	6	5	13	0	40	21	26	0	363
ANID_03965T0_3-197_2CEV:A:	6	8	7	11	0	28	14	18	0	298
ANID_03964T0_1-181_2CAR:A:1-194	1	7	2	6	0	24	13	9	0	194
ANID_03963T0_7-159,234-305_3LAD:A:159-277	0	8	0	3	0	11	12	6	0	119
ANID_03963T0_121-230_1EBD:A:155-271	1	8	0	3	0	9	8	7	0	117
ANID_10493T0_217-271_1VF5:D:46-179	8	4	0	1	0	28	13	6	0	134
ANID_10488T0_29-222_1D7B:A:	5	13	1	1	0	24	10	12	0	185
ANID_03959T0_184-352_1EB6:A:	3	4	1	8	0	19	12	10	0	177
ANID_03958T0_94-128,179-354_2FDI:A:15-214	8	12	1	2	0	25	12	13	0	200
ANID_03957T0_31-556_1MT5:A:	4	11	7	22	0	56	40	33	0	537
ANID_11045T0_94-290_1E8G:A:6-273	6	11	6	4	0	35	19	17	0	268
ANID_11045T0_263-533_1F0X:A:274-567	2	7	0	9	0	22	13	11	0	294
ANID_08035T0_147-253_1HKS:A:	0	3	0	2	0	14	14	11	0	106
ANID_08038T0_130-236_1P1T:A:	2	4	0	4	0	11	10	6	0	104
ANID_08038T0_301-359_1MSZ:A:	0	3	0	2	0	7	3	3	0	62
ANID_08044T0_278-521_1Q2L:A:264-503	0	7	4	8	0	22	11	9	0	240
ANID_08044T0_13-112,142-272_1Q2L:A:24-263	4	7	5	8	0	26	17	13	0	240
ANID_08044T0_523-751_1Q2L:A:504-732	0	6	2	7	0	16	13	7	0	229
ANID_08044T0_759-959_1Q2L:A:733-960	0	8	0	9	0	23	12	11	0	228
ANID_08046T0_32-294_1TIB:A:	7	10	6	6	0	30	21	17	0	269
ANID_11040T0_1-230_1JJV:A:	0	5	1	9	0	20	8	8	0	205
ANID_08050T0_1-142_1XBF:A:	0	8	0	3	0	16	11	5	0	139
ANID_08052T0_55-124,153-180_1BUO:A:	0	3	1	6	0	11	5	4	0	121
ANID_03953T0_218-330_1X5S:A:8-97	0	4	0	2	0	11	8	3	0	89
ANID_03951T0_385-550,608-661_2IUW:A:70-279	2	14	1	4	0	25	13	5	0	210
ANID_03947T0_133-402_1QTW:A:	4	9	5	9	0	34	16	15	0	285
ANID_03946T0_838-859,890-1019,1048-1120_1XJD:A:	8	7	5	9	0	32	15	17	0	320
ANID_03944T0_25-89,167-209,313-383,423-464,618-684,792-907_1H6K:A:291-480	1	0	4	8	0	15	11	11	0	190
ANID_03943T0_28-143,183-276_1IOF:A:	5	9	0	6	0	27	17	8	0	208
ANID_03942T0_43-180_2EXN:A:1-128	0	10	2	1	0	16	8	7	0	120
ANID_03942T0_39-88,207-355_1ORU:A:	2	12	2	3	0	22	16	15	0	182
ANID_03940T0_22-119,148-204_2E9X:D:21-165	0	0	2	6	0	10	5	5	0	145
ANID_03939T0_23-89,116-359,388-443_2HYE:C:55-401	0	0	1	19	0	15	13	23	0	347
ANID_03939T0_436-728_2HYE:C:403-675	1	8	3	9	0	25	16	11	0	273
ANID_03939T0_736-823_1IUY:A:	0	3	0	3	0	9	6	3	0	92
ANID_03938T0_1413-1506,1580-1637,1684-1773,1852-1923,1957-2349_1T06:A:	0	2	5	14	0	17	7	9	0	235
ANID_03938T0_98-459,512-718_1OXJ:A:656-763	0	0	3	5	0	10	3	7	0	108
ANID_03938T0_905-1017,1054-1201,1228-1506_1QBK:B:	0	0	17	47	0	50	54	64	0	888
ANID_03937T0_3-158_1II7:A:	4	19	4	8	0	37	23	13	0	333
ANID_03937T0_351-430_2OIK:A:6-144	0	5	1	3	0	19	13	6	0	139
ANID_03932T0_59-280_1RYP:L:	3	12	0	5	0	14	7	11	0	212
ANID_10487T0_59-492_1PW4:A:	2	0	1	18	0	21	18	22	0	450
ANID_10492T0_154-349_1U6Z:A:136-312	4	5	3	7	0	18	10	9	0	177
ANID_10492T0_10-147_1T6C:A:7-132	0	5	0	5	0	9	4	7	0	126
ANID_03928T0_42-316_2GJC:A:16-326	2	13	2	9	0	30	16	17	0	311
ANID_03927T0_4-209,239-323_1ZWX:A:41-333	6	14	2	5	0	34	21	18	0	293
ANID_03926T0_165-471_1VYH:C:92-408	0	28	1	0	0	39	25	14	0	317
ANID_03925T0_68-265_1UHV:A:14-359	6	15	5	9	0	42	29	21	0	346
ANID_03923T0_1037-1126_2DOA:A:8-98	0	3	1	4	0	10	9	2	0	93
ANID_03922T0_39-95_1EZV:I:	0	0	0	3	0	3	2	4	0	55
ANID_03921T0_20-48_1RK8:C:	0	5	0	0	0	7	1	3	0	33
ANID_03920T0_38-400,517-549_1SEZ:A:13-329,A:442-497	7	15	2	15	0	38	28	17	1	373
ANID_03920T0_385-499_2IVD:A:307-414	3	5	3	2	0	16	8	3	0	108
ANID_03918T0_207-471_1QQ9:A:	4	8	1	9	0	26	19	18	0	277
ANID_03918T0_140-213_1DE4:C:190-382	5	12	2	3	0	32	18	14	0	193
ANID_03916T0_8-262_1BU6:O:3-253	1	15	1	9	0	25	13	17	0	251
ANID_03916T0_265-506_1R59:O:257-491	1	10	2	5	0	26	22	13	0	235
ANID_03913T0_755-1089_1O6V:A:33-416	1	19	16	2	0	68	27	29	0	381
ANID_03913T0_1723-1892,1927-1959_1FX4:A:	0	9	0	8	0	25	16	13	0	231
ANID_03913T0_1377-1674_1A6Q:A:2-296	3	15	2	7	0	26	16	16	0	295
ANID_03913T0_1189-1371_1XKU:A:	5	16	7	1	0	61	27	24	0	305
ANID_08053T0_777-1146_1I9Z:A:	8	11	3	8	0	32	15	14	0	345
ANID_08053T0_487-770_1PGU:A:327-613	0	28	0	0	0	31	21	20	0	287
ANID_08055T0_9-223_1W0H:A:	4	7	2	7	0	20	10	12	0	200
ANID_08055T0_238-335_1P1T:A:	2	4	0	4	0	11	10	6	0	104
ANID_08055T0_418-455_1N0Z:A:	4	0	0	0	0	12	8	1	0	44
ANID_08055T0_346-378_1N0Z:A:	4	0	0	0	0	12	8	1	0	44
ANID_08056T0_175-362,439-461,490-574,606-857_1XQR:A:87-350	0	0	3	17	0	17	9	12	0	267
ANID_08058T0_8-229_1SOX:A:94-343	1	13	5	6	0	31	18	16	0	250
ANID_08058T0_249-370_1SOX:A:344-466	3	9	1	0	0	21	10	7	0	123
ANID_08060T0_19-320_1QYD:A:	3	13	2	13	0	35	25	21	0	312
ANID_08062T0_223-325_3EZM:A:	0	10	3	0	0	8	4	9	0	101
ANID_08063T0_21-393_2HPA:A:	4	6	5	13	0	38	21	16	0	342
ANID_08064T0_44-261_1SXJ:C:12-238	3	5	3	12	0	22	13	12	0	227
ANID_08064T0_295-385_1SXJ:C:239-333	0	0	0	5	0	6	3	4	0	95
ANID_08065T0_2-188_1K8K:E:	4	2	1	5	0	19	12	8	0	174
ANID_08068T0_12-343_1EDG:A:	2	12	8	11	0	39	22	23	0	380
ANID_08068T0_367-464_1EHX:A:	2	7	2	1	0	14	6	4	0	94
ANID_10486T0_25-542_1V25:A:	8	24	4	16	0	59	31	33	0	534
ANID_10486T0_671-961_1JTV:A:	2	7	4	11	0	26	15	16	0	285
ANID_10486T0_554-635_1DNY:A:	0	0	0	4	0	8	7	2	0	76
ANID_03911T0_31-80_1D66:A:8-48	0	0	0	2	0	4	1	2	0	41
ANID_03909T0_328-590_1K1S:A:1-239	2	8	3	10	0	22	10	15	0	239
ANID_03909T0_59-151_1IN1:A:	2	2	1	2	0	13	6	11	0	87
ANID_03909T0_596-709_1T94:A:411-515	0	4	0	2	0	8	4	3	0	105
ANID_03901T0_111-465_1LTD:A:98-511	2	13	7	14	0	44	26	19	0	414
ANID_03901T0_5-84_1KBI:A:1-97	4	4	3	4	0	14	7	8	0	97
ANID_03897T0_12-685_1T6J:A:	8	7	8	23	0	53	30	35	0	678
ANID_03894T0_39-560_1ACO:A:2-528	11	21	6	16	0	60	33	33	0	527
ANID_03894T0_573-794_1ACO:A:529-754	9	9	4	7	0	28	12	16	0	226
ANID_03890T0_163-293,367-494_2F4M:A:164-450	1	11	3	10	0	27	16	14	0	287
ANID_03885T0_96-346_1LZL:A:	0	8	3	10	0	32	18	24	0	317
ANID_03883T0_91-218,249-289,316-346_1DYP:A:	1	21	3	1	0	33	17	16	0	271
ANID_03880T0_23-280_2D29:A:2-234	2	8	6	7	0	18	11	12	0	233
ANID_03880T0_269-442_1UKW:A:259-410	2	0	3	5	0	5	5	4	0	152
ANID_03879T0_114-217_2GE3:A:6-169	0	7	2	4	0	13	5	8	0	164
ANID_10472T0_3-217_1XI3:A:	0	8	0	10	0	20	16	11	0	206
ANID_10472T0_254-499_1V8A:A:	2	9	1	11	0	20	8	10	0	264
ANID_10474T0_237-392_1FL0:A:	4	15	3	1	0	26	10	12	0	170
ANID_10474T0_33-146_2HRK:B:4-121	0	0	2	6	0	9	7	8	0	121
ANID_10475T0_16-410_1R6T:A:82-467	4	11	6	19	0	34	15	21	0	385
ANID_03877T0_121-216_3D9R:A:3-134	0	6	0	3	0	9	4	6	0	132
ANID_08076T0_987-1047_1XC5:A:413-480	0	0	0	3	0	6	6	6	0	68
ANID_08076T0_1285-1329_2CRG:A:8-64	0	0	0	3	0	8	5	3	0	57
ANID_08077T0_67-516_1PV7:A:	0	0	2	22	0	18	12	14	0	417
ANID_08078T0_33-498_1DT6:A:	6	6	3	14	0	50	32	19	0	472
ANID_08080T0_2-167_1TP9:A:1-162	1	9	0	6	0	18	11	13	0	162
ANID_08089T0_45-487_1PW4:A:	2	0	1	18	0	21	18	22	0	450
ANID_03874T0_312-413,441-618_1SZN:A:1-314	12	8	7	11	0	42	17	27	0	314
ANID_03873T0_139-316_1JVB:A:144-313	0	6	2	8	0	13	10	11	0	170
ANID_03873T0_17-172_1LLU:A:2-143,A:310-342	5	11	2	3	0	26	13	11	1	175
ANID_03871T0_154-257_1S70:B:	2	1	1	15	0	32	11	25	0	291
ANID_03866T0_30-359_1PWH:A:	3	10	2	13	0	37	25	18	0	327
ANID_03865T0_53-402_2D5B:A:1-348	3	16	3	14	0	29	15	22	0	348
ANID_03865T0_409-562_2D5B:A:349-500	2	0	2	6	1	11	7	4	0	152
ANID_03864T0_13-156_1JKG:A:	0	6	1	2	0	10	6	5	0	139
ANID_10479T0_77-543_1TQN:A:	5	9	7	18	0	43	20	30	0	472
ANID_03855T0_2-334_1VRD:A:1-85,A:213-457	5	15	2	11	0	35	20	14	1	330
ANID_03851T0_110-335_1NV8:A:	2	9	3	10	0	29	15	20	0	271
ANID_03849T0_5-207_1R4W:A:	0	4	1	10	0	15	10	13	0	221
ANID_10469T0_2-244_1BDB:A:	0	7	6	10	0	27	14	16	0	276
ANID_03842T0_17-187_1HUQ:A:	0	6	2	5	0	16	9	9	0	164
ANID_03840T0_38-307_1O5Z:A:2-293	2	11	4	9	0	24	12	14	0	293
ANID_03840T0_325-508_1O5Z:A:294-430	0	6	2	5	0	15	10	7	0	137
ANID_03839T0_264-493_2NMT:A:219-455	1	12	3	6	0	27	15	14	0	237
ANID_03839T0_80-263_2NMT:A:34-218	1	7	5	3	0	20	14	10	0	185
ANID_03837T0_16-383_1UYP:A:1-294	3	21	2	0	0	24	19	15	0	294
ANID_03837T0_458-591_1UYP:A:295-432	0	10	1	0	0	13	7	5	0	138
ANID_08095T0_16-225,275-449,497-523_1PV7:A:	0	0	2	22	0	18	12	14	0	417
ANID_11043T0_8-179_2Q4V:A:3-169	1	7	2	6	0	14	4	9	0	167
ANID_08098T0_132-191_2OVR:B:2263-2364	0	0	0	6	0	9	7	5	0	102
ANID_08101T0_16-53_1T2K:C:	0	0	0	1	0	1	0	0	0	61
ANID_08105T0_9-527_1AMU:A:	4	26	5	15	0	55	36	34	0	514
ANID_08105T0_664-952_1Y1P:A:2-343	0	12	1	11	0	37	20	20	0	342
ANID_08105T0_544-630_1DNY:A:	0	0	0	4	0	8	7	2	0	76
ANID_08106T0_26-260_1NX4:A:	2	16	0	6	0	31	18	10	0	271
ANID_08108T0_112-431_1HYO:A:119-416	3	21	5	7	0	47	20	14	0	298
ANID_08108T0_5-110_1HYO:A:1-118	0	5	2	4	0	14	9	8	0	118
ANID_08111T0_27-69_1CLD:A:	0	0	0	2	0	4	2	1	0	33
ANID_08112T0_17-480_1PV7:A:	0	0	2	22	0	18	12	14	0	417
ANID_08113T0_20-267_1VL8:A:	2	7	6	9	0	25	10	14	0	251
ANID_08115T0_10-126,218-304_1JYS:A:	2	10	1	6	0	21	9	12	0	230
ANID_08115T0_275-411_2GQB:A:1-130	0	2	1	5	0	14	8	6	0	130
ANID_08118T0_56-156_2OCC:E:	1	0	0	6	0	9	2	7	0	105
ANID_08119T0_70-393_1S4N:A:	1	12	10	14	0	38	22	21	0	339
ANID_08121T0_1094-1359_1T3T:A:1034-1295	7	11	7	8	0	30	18	19	0	262
ANID_08121T0_236-444_1T3T:A:221-429	1	10	1	5	0	19	7	10	0	209
ANID_08121T0_668-854_1T3T:A:617-816	4	10	3	5	0	20	14	13	0	200
ANID_08121T0_865-1077_1T3T:A:817-1033	1	7	3	8	0	18	12	12	0	217
ANID_08121T0_444-690_1T3T:A:430-616	2	8	3	5	0	17	6	9	0	187
ANID_08121T0_12-159_1T3T:A:1-152	0	5	1	4	0	12	5	8	0	152
ANID_08121T0_176-234_1T3T:A:153-220	2	0	0	6	0	5	2	4	0	68
ANID_08122T0_69-509_1PW4:A:	2	0	1	18	0	21	18	22	0	450
ANID_08123T0_10-237,353-408_1PJ5:A:4-219,A:339-427	2	17	6	8	0	32	16	16	1	305
ANID_08125T0_51-96_2HAP:C:55-97	0	0	1	2	0	6	3	2	0	43
ANID_08127T0_28-455_1PW4:A:	2	0	1	18	0	21	18	22	0	450
ANID_08128T0_229-428_1FQV:A:146-431	8	13	3	8	0	55	21	24	0	286
ANID_08132T0_94-253_1HV5:A:	1	9	0	3	0	21	16	8	0	162
ANID_03833T0_50-86,120-345_1EVQ:A:	0	8	4	9	0	28	16	23	0	308
ANID_10477T0_71-108_1DFE:A:	0	3	1	0	0	8	4	1	0	37
ANID_03829T0_40-523_1BI9:A:	7	19	2	16	0	50	25	21	0	499
ANID_03824T0_205-277,327-501_1PYS:A:	5	10	3	7	0	28	12	12	0	266
ANID_03822T0_74-151,198-288_1PUN:A:	3	5	2	2	0	22	12	8	0	129
ANID_09462T0_8-118_2O0Q:A:2-114	2	9	3	4	0	13	5	5	0	113
ANID_09463T0_1048-1181,1213-1419_1NF1:A:	0	0	2	17	0	16	11	26	0	324
ANID_09463T0_281-438_1P5S:A:	0	0	2	7	0	13	8	7	0	159
ANID_09463T0_1637-1736_1X0H:A:8-107	0	7	1	3	0	10	5	5	0	99
ANID_03821T0_13-160_1INZ:A:	0	0	1	7	0	13	10	5	0	147
ANID_03812T0_12-169_2NN6:B:6-150	2	5	1	2	0	16	10	8	0	145
ANID_03812T0_158-261_2NN6:B:151-240	1	4	0	2	0	7	5	5	0	90
ANID_03811T0_491-819_1Z3I:X:390-735	0	10	6	11	0	41	29	23	0	346
ANID_03811T0_221-487_1Z63:A:432-661	0	7	2	11	0	24	16	18	0	230
ANID_03806T0_39-419_1T64:A:	10	8	3	11	0	40	16	26	0	364
ANID_03798T0_278-367_1KBI:A:1-97	4	4	3	4	0	14	7	8	0	97
ANID_08141T0_80-491_1TQN:A:	5	9	7	18	0	43	20	30	0	472
ANID_08143T0_67-334_2Q80:A:6-296	0	2	0	15	0	16	4	15	0	291
ANID_08145T0_9-164_1ZNP:A:4-143	0	12	1	1	0	16	11	7	0	140
ANID_08150T0_1536-1761_2HYD:A:324-578	2	10	5	9	0	25	21	16	0	255
ANID_08150T0_1293-1524_2HYD:A:1-323	0	0	1	15	1	9	5	12	0	323
ANID_08150T0_972-1185_1R0W:A:	0	11	2	12	1	27	19	16	0	281
ANID_08150T0_25-325_1PV7:A:	0	0	2	22	0	18	12	14	0	417
ANID_08150T0_696-925_2HYD:A:1-323	0	0	1	15	1	9	5	12	0	323
ANID_08150T0_361-623_1PV7:A:	0	0	2	22	0	18	12	14	0	417
ANID_08152T0_109-297_1W1O:A:40-245	2	10	2	6	0	23	19	14	0	206
ANID_08154T0_93-336_2AAM:A:28-312	6	13	2	9	0	26	19	17	0	285
ANID_08161T0_18-63_1PYI:A:30-71	0	2	0	2	0	6	1	3	0	42
ANID_08162T0_44-335,438-453_2IVD:A:10-306,A:415-464	5	15	3	15	0	32	15	21	1	347
ANID_08169T0_19-62,96-377_2OCD:A:2-337	4	17	4	9	0	39	20	21	0	336
ANID_08169T0_394-498_1MYO:A:	0	0	1	6	1	12	7	10	0	118
ANID_08170T0_23-205,232-246,278-319_2E50:A:1-222	2	4	2	7	0	15	9	7	0	222
ANID_08172T0_10-56,91-279,315-431,458-555_1WST:A:13-415	2	14	5	14	0	40	17	16	0	403
ANID_08173T0_183-323_2CVE:A:2-124	1	7	0	3	0	10	8	6	0	123
ANID_08173T0_9-132_1QCQ:A:	5	4	1	4	0	17	8	11	0	148
ANID_08179T0_47-94_1HDJ:A:	0	0	1	4	0	9	2	7	0	76
ANID_03795T0_56-189_2CCH:B:181-308	0	0	1	6	0	9	3	5	0	128
ANID_03795T0_193-297_1VIN:A:309-432	0	0	4	7	0	10	8	4	0	123
ANID_03794T0_38-121,160-312,398-461,542-584_1KB0:A:1-573	5	40	7	6	0	73	38	39	0	573
ANID_03794T0_330-506_1CRZ:A:141-409	0	24	0	0	0	34	21	17	0	269
ANID_03793T0_206-484_1S70:A:	5	14	1	10	0	38	23	22	0	309
ANID_03782T0_9-325,454-540_1DXL:A:4-152,A:276-347	3	12	0	6	0	26	14	11	1	221
ANID_03780T0_402-810_2P0V:A:39-481	5	15	3	16	0	48	34	25	0	443
ANID_03778T0_240-430_1T3E:A:318-498	7	13	3	2	0	33	10	10	0	181
ANID_03778T0_5-158_1JLJ:A:	0	6	2	8	0	17	8	7	0	169
ANID_03778T0_429-601_1T3E:A:499-653	2	9	0	5	0	17	9	9	0	155
ANID_03778T0_617-699_1T3E:A:654-736	2	7	0	0	0	15	8	2	0	83
ANID_03776T0_40-471_1PW4:A:	2	0	1	18	0	21	18	22	0	450
ANID_03770T0_62-385_1F3M:C:	1	10	4	11	0	33	20	20	0	294
ANID_10467T0_2-45_2HAP:C:55-97	0	0	1	2	0	6	3	2	0	43
ANID_10443T0_528-612,647-716_1NGN:A:	0	0	3	8	0	11	11	8	0	144
ANID_03765T0_44-320_1F88:A:	0	4	2	13	0	20	19	16	0	348
ANID_03763T0_72-266,344-518,564-595_1PW4:A:	2	0	1	18	0	21	18	22	0	450
ANID_03760T0_29-58_1WJV:A:36-66	0	2	1	0	0	4	2	3	0	31
ANID_03760T0_1-27_1WJV:A:1-35	0	2	1	0	0	4	2	3	0	31
ANID_08181T0_119-181_1ZHV:A:62-127	0	4	1	2	0	7	3	2	0	66
ANID_08188T0_118-327_1FB1:A:	0	5	2	7	0	19	10	9	0	196
ANID_08204T0_182-369_1VK6:A:126-256	1	6	0	2	0	11	4	7	0	131
ANID_08206T0_8-272_2GVC:A:3-180,A:288-444	5	14	3	8	0	38	25	20	1	335
ANID_08206T0_286-432_2GVC:A:3-180,A:288-444	5	14	3	8	0	38	25	20	1	335
ANID_08211T0_517-780_3DL3:A:5-100	2	7	0	1	0	13	5	7	0	96
ANID_08211T0_159-269_1RYU:A:	0	0	2	4	0	12	11	7	0	120
ANID_08211T0_454-504_1F62:A:	0	2	0	1	0	13	6	4	0	51
ANID_08211T0_1320-1378_1WEP:A:	3	2	0	2	0	13	9	5	0	78
ANID_08214T0_2-381_1R5Y:A:	2	15	2	16	0	40	20	21	0	372
ANID_08215T0_10-312_1V93:A:	0	8	2	11	0	28	13	16	0	292
ANID_11054T0_367-716_2F2H:A:248-585	10	10	5	9	0	36	16	18	0	338
ANID_11054T0_167-204,248-364_2F2H:A:1-247	2	21	1	1	0	22	20	14	0	247
ANID_11054T0_717-799_2F2H:A:586-665	0	8	1	1	0	13	7	5	0	80
ANID_11058T0_4-242_1II5:A:	0	12	3	8	0	21	13	13	0	232
ANID_08218T0_25-181,273-339_1HYU:A:199-325,A:452-521	8	9	2	4	0	27	18	13	1	197
ANID_08220T0_60-100_2AV9:A:5-146	5	5	2	2	0	16	7	8	0	142
ANID_03756T0_22-217_1RYP:H:	3	12	1	5	0	15	6	11	0	205
ANID_10442T0_1163-1253,1292-1411_1FOE:A:1034-1239	0	0	4	12	0	8	7	11	0	206
ANID_10442T0_1439-1641_1URU:A:	2	0	0	4	0	8	3	8	0	217
ANID_03752T0_410-600_1FKM:A:249-442	2	0	8	8	0	13	13	10	0	194
ANID_03752T0_577-662_1FKM:A:443-630	0	0	1	8	0	10	3	8	0	188
ANID_03751T0_506-643_1CVL:A:	4	11	3	11	0	33	22	25	0	319
ANID_03747T0_17-331_1DCE:B:	14	2	7	14	0	38	22	26	0	329
ANID_03740T0_3-352_2DVT:A:1-325	2	8	9	14	0	30	16	19	0	325
ANID_03735T0_699-761,801-1050_1WER:A:	0	0	6	15	0	23	13	16	0	324
ANID_03735T0_559-618,649-691_2ZKM:X:678-799	2	8	2	0	0	13	6	3	0	122
ANID_03733T0_185-399,477-621,701-815_1FO3:A:	8	18	3	16	0	47	22	26	0	457
ANID_03730T0_25-327_1YQ2:A:313-609	4	13	4	8	0	40	16	19	0	297
ANID_03728T0_104-497_1FC4:A:	4	15	0	16	0	43	22	25	0	400
ANID_03727T0_85-365_1GHS:A:	3	12	6	10	0	35	17	17	0	306
ANID_10466T0_72-241,287-318_1YOX:A:5-244	2	16	3	2	0	18	8	6	0	240
ANID_10455T0_10-304_1JR2:A:	2	11	3	12	0	26	17	11	0	260
ANID_03716T0_262-343_1UFM:A:	0	3	0	3	0	8	7	3	0	83
ANID_07866T0_61-259,287-504_1PV7:A:	0	0	2	22	0	18	12	14	0	417
ANID_08223T0_15-91_1TUV:A:	0	4	0	3	0	6	4	6	0	103
ANID_08225T0_85-293_1AD2:A:	2	9	3	6	0	31	15	17	0	224
ANID_11056T0_173-251_1BH9:B:	0	0	0	4	0	6	2	2	0	89
ANID_08232T0_1-66_1TAF:B:	2	0	0	3	0	7	2	2	0	70
ANID_08232T0_178-390_1QBK:B:	0	0	17	47	0	50	54	64	0	888
ANID_09522T0_5-368_1X74:A:2-360	0	12	4	14	1	37	25	27	0	359
ANID_09521T0_46-87_1O6W:A:1-29	0	3	0	0	0	4	1	2	0	29
ANID_08238T0_3-118_1EMS:A:10-280	3	16	3	5	0	28	12	12	0	271
ANID_08241T0_27-327_2HVM:A:	3	9	7	10	0	29	21	13	0	273
ANID_08242T0_39-335_1EVQ:A:	0	8	4	9	0	28	16	23	0	308
ANID_11062T0_5-128_2B33:A:2-127	2	6	3	2	0	16	8	5	0	127
ANID_11063T0_8-280_2HVM:A:	3	9	7	10	0	29	21	13	0	273
ANID_08248T0_64-102,188-391,421-438,466-490_1OKC:A:	0	0	6	11	0	19	10	9	0	292
ANID_08250T0_92-493_1PQ2:A:	6	9	3	17	0	42	25	31	0	463
ANID_08251T0_59-126_1GD2:G:	0	0	0	1	0	3	1	0	0	69
ANID_11070T0_56-141,287-507_1Y7E:A:4-100,A:234-458	6	15	2	8	0	35	14	14	1	322
ANID_11070T0_143-287_1Y7E:A:101-233	2	6	1	1	0	13	6	5	0	133
ANID_08253T0_281-345_2CON:A:8-73	2	3	0	0	0	12	7	0	0	66
ANID_08254T0_2-58_2AQA:A:2-58	0	2	0	1	0	8	8	1	0	57
ANID_08258T0_3-162_2UCZ:A:	2	4	2	4	0	18	13	11	0	164
ANID_11065T0_342-745_1W6K:A:6-99,A:379-732	11	4	6	14	0	49	27	27	1	448
ANID_11065T0_104-402_1W6K:A:100-378	4	2	8	11	0	24	18	18	0	279
ANID_03712T0_29-245_1DIN:A:	2	9	3	6	0	26	12	19	0	233
ANID_03708T0_4-132_1Y23:A:	0	6	3	4	0	16	11	7	0	139
ANID_03707T0_54-297,414-496_1R3N:A:18-247,A:364-455	6	11	2	10	0	36	26	18	1	322
ANID_03707T0_287-388_1R3N:A:248-363	0	7	1	2	0	11	4	5	0	116
ANID_03696T0_2-143_1INZ:A:	0	0	1	7	0	13	10	5	0	147
ANID_03695T0_29-502_1QDL:A:	4	22	4	9	0	41	30	16	0	422
ANID_03692T0_5-118,170-251_2NR9:A:4-192	0	0	2	8	0	13	11	7	0	189
ANID_10459T0_23-301,355-371_1JYK:A:	2	15	5	6	0	27	12	16	0	253
ANID_10459T0_266-438_1HV9:A:252-452	3	24	0	0	0	46	11	16	0	201
ANID_10459T0_525-688_1PAQ:A:	0	0	2	8	0	9	4	8	0	161
ANID_03687T0_31-183_1HD2:A:	3	7	0	8	0	20	9	15	0	161
ANID_03683T0_35-81_1PYI:A:30-71	0	2	0	2	0	6	1	3	0	42
ANID_03677T0_274-589_1CT9:A:193-516	0	5	6	17	0	28	12	15	0	324
ANID_03677T0_1-206_1CT9:A:1-192	1	12	3	3	0	22	12	14	0	192
ANID_04648T0_69-350_1GOT:B:	1	28	0	2	0	36	22	23	0	339
ANID_04647T0_4-42,74-305_2A1X:A:43-338	5	15	4	5	0	35	14	11	0	296
ANID_10573T0_40-492_1DT6:A:	6	6	3	14	0	50	32	19	0	472
ANID_10576T0_223-735_1AMU:A:	4	26	5	15	0	55	36	34	0	514
ANID_10576T0_834-1004_1Q9J:A:1-175	1	7	2	4	0	16	9	4	0	175
ANID_10576T0_1299-1466_1Q9J:A:1-175	1	7	2	4	0	16	9	4	0	175
ANID_10576T0_1037-1266_1L5A:A:1-174	1	6	2	5	0	15	9	11	0	174
ANID_10576T0_1472-1700_1L5A:A:175-424	4	7	2	7	0	24	11	13	0	250
ANID_10576T0_756-850_1DNY:A:	0	0	0	4	0	8	7	2	0	76
ANID_04639T0_1105-1409_1ERJ:A:	2	30	1	1	0	43	24	22	0	388
ANID_04639T0_565-813,864-895_1QBK:B:	0	0	17	47	0	50	54	64	0	888
ANID_04637T0_671-727_1IYM:A:	0	2	0	1	0	11	6	4	0	54
ANID_04637T0_205-287_1DE4:C:190-382	5	12	2	3	0	32	18	14	0	193
ANID_10572T0_219-375_1OZN:A:	2	18	4	2	0	55	19	23	0	284
ANID_04632T0_139-271_1UHT:A:	3	9	0	0	0	18	9	7	0	117
ANID_04627T0_30-108_1WZN:A:1-251	1	11	4	7	0	20	9	14	0	251
ANID_04626T0_3-47_1PYI:A:30-71	0	2	0	2	0	6	1	3	0	42
ANID_04625T0_27-230_1UFK:A:	0	14	4	9	0	22	7	12	0	254
ANID_04623T0_1178-1441_1GA8:A:	1	9	6	12	0	34	23	21	0	282
ANID_04621T0_12-353_1PV7:A:	0	0	2	22	0	18	12	14	0	417
ANID_04620T0_130-474_2HCF:A:2-229	1	8	3	9	0	24	10	12	0	228
ANID_04618T0_288-366_1H88:C:89-143	0	0	0	3	0	6	5	5	0	55
ANID_04617T0_72-170_2NN6:G:107-194	2	5	0	0	0	13	11	4	0	88
ANID_04617T0_166-270_2NN6:G:195-274	0	3	0	4	0	9	5	5	0	80
ANID_04616T0_12-191_1DKG:D:3-185	4	12	2	5	0	21	12	11	0	183
ANID_04616T0_201-394_1BUP:A:189-381	1	6	3	7	0	14	7	9	0	193
ANID_04613T0_389-562_1IM8:A:	0	7	3	8	0	20	13	10	0	225
ANID_04611T0_16-113_2QAL:N:1-100	2	1	2	3	0	10	6	9	0	100
ANID_04609T0_958-1066_2C2L:A:24-224	0	0	1	10	0	12	7	11	0	201
ANID_04609T0_310-346,398-583_1CKE:A:	0	8	0	9	1	19	7	15	0	225
ANID_04608T0_3-280_1K6X:A:	2	13	3	12	0	37	26	20	0	350
ANID_04606T0_7-44_2HAP:C:55-97	0	0	1	2	0	6	3	2	0	43
ANID_04605T0_4-177_1E4C:P:	3	7	3	6	0	24	7	14	0	206
ANID_04603T0_66-430_1GKR:A:55-379	4	9	7	14	0	33	16	17	0	325
ANID_04603T0_423-504_1NFG:A:1-51,A:382-457	2	9	1	0	0	15	9	8	1	127
ANID_04602T0_42-172_1FXK:C:	0	4	0	2	0	5	1	6	0	133
ANID_04594T0_17-113_1FJG:J:	2	6	0	2	0	14	6	3	0	98
ANID_04593T0_329-390_2DI0:A:8-70	0	0	0	3	0	8	4	4	0	63
ANID_04590T0_27-234,267-499_1PV7:A:	0	0	2	22	0	18	12	14	0	417
ANID_04589T0_5-65_1RHZ:B:	0	0	0	2	0	3	1	2	0	65
ANID_04587T0_49-119_1MGT:A:89-169	2	2	1	4	0	10	4	7	0	81
ANID_04586T0_150-176_2COT:A:45-71	0	2	1	1	0	4	4	0	0	27
ANID_04584T0_1-99_1J7G:A:	4	8	1	2	0	18	6	8	0	144
ANID_04581T0_283-492_1HU3:A:	0	0	1	10	0	14	8	8	0	259
ANID_04580T0_4-101_1914:A:2001-2097	1	4	0	2	0	7	5	2	0	97
ANID_04577T0_20-168,216-389_2F4L:A:1-283	2	22	2	2	0	30	16	18	0	283
ANID_04570T0_266-402_2BZE:A:345-476	2	5	1	5	0	11	6	4	0	132
ANID_04569T0_60-207_1ZPY:A:4-94	0	0	1	3	0	8	4	2	0	91
ANID_04565T0_129-203_1S7B:A:	0	0	0	4	0	10	7	3	0	109
ANID_04564T0_170-434_2FLU:X:325-609	14	28	0	0	0	37	15	14	0	285
ANID_05092T0_926-1069,1105-1232_1OYW:A:207-406	1	6	0	8	0	23	16	13	0	200
ANID_10631T0_8-108_1NYN:A:	1	4	0	4	0	17	12	0	0	111
ANID_10627T0_2-227_1TUB:A:1-245	0	6	2	9	0	25	23	14	0	245
ANID_10627T0_229-388_1TUB:A:246-440	3	3	2	5	0	20	14	11	0	195
ANID_05078T0_141-170,209-252_1R05:A:	0	0	1	2	0	5	6	2	0	86
ANID_05070T0_4-45_1PYI:A:30-71	0	2	0	2	0	6	1	3	0	42
ANID_05068T0_94-318_1R61:A:	2	12	4	3	0	32	14	14	0	205
ANID_05067T0_9-478_1PW4:A:	2	0	1	18	0	21	18	22	0	450
ANID_05061T0_28-429_1SQJ:A:4-430	5	31	4	2	0	58	43	30	0	427
ANID_05061T0_438-746_1SQJ:A:431-786	12	28	0	0	0	52	32	25	0	356
ANID_05061T0_792-825_1AZJ:A:	5	2	0	0	0	8	5	2	0	36
ANID_05060T0_139-342_2B0A:A:1-186	3	10	5	2	0	23	15	9	0	185
ANID_05054T0_7-162_1W4X:A:10-154,A:390-542	6	10	5	9	0	33	21	19	1	298
ANID_05046T0_35-73_1ICA:A:	0	2	0	1	0	8	5	3	0	40
ANID_10612T0_78-286_1I7O:A:214-429	6	15	5	3	0	34	15	10	0	216
ANID_05041T0_47-92,120-513_1X0M:A:26-428	2	14	5	14	0	43	21	17	0	403
ANID_05038T0_33-78_1Y7M:A:1-48	0	2	0	1	1	9	3	6	0	48
ANID_05036T0_106-368_1EVQ:A:	0	8	4	9	0	28	16	23	0	308
ANID_05032T0_48-434_1PV7:A:	0	0	2	22	0	18	12	14	0	417
ANID_05031T0_145-320_1MLD:A:145-313	2	5	3	4	0	16	6	6	0	169
ANID_05031T0_3-144_1MLD:A:1-144	0	6	2	5	0	12	10	10	0	144
ANID_05030T0_106-287_1YGY:A:99-282	3	7	2	7	0	24	14	12	0	184
ANID_05030T0_5-139_1GDH:A:2-100,A:292-321	4	5	0	5	0	15	9	9	1	129
ANID_05028T0_126-443,477-641_1CVU:A:74-583	20	4	8	24	0	55	35	33	0	511
ANID_05028T0_675-899,956-1074_1S1F:A:	8	11	4	16	0	39	29	23	0	405
ANID_05022T0_1-48,76-181_1V3W:A:	4	20	0	1	0	34	5	15	0	173
ANID_05021T0_244-643_2F9F:A:2-167	2	6	1	7	0	19	11	10	0	166
ANID_04562T0_118-178_1GD2:G:	0	0	0	1	0	3	1	0	0	69
ANID_04561T0_10-207_2TRC:P:	1	5	3	7	0	24	21	12	0	217
ANID_04557T0_397-645_1LV7:A:	2	6	3	10	0	31	17	18	0	256
ANID_04557T0_655-846_2CE7:A:411-603	1	2	1	7	0	10	7	6	0	193
ANID_04555T0_5-605_1MW9:X:	5	17	5	18	0	50	23	23	0	591
ANID_04550T0_222-550_1EOV:A:205-557	7	11	2	13	0	32	18	22	0	353
ANID_04550T0_80-189_1EOV:A:71-204	0	6	2	1	0	14	6	5	0	134
ANID_04549T0_45-156,199-393_2C4N:A:1-250	3	13	4	8	0	27	16	16	0	250
ANID_04547T0_23-567_1GW5:B:	0	0	4	32	0	42	43	37	0	579
ANID_04547T0_645-803_1PZD:A:604-762	3	11	2	1	0	22	8	7	0	159
ANID_04547T0_804-916_1R4X:A:763-873	0	6	1	3	0	10	7	5	0	111
ANID_04544T0_310-371,420-515_1M3G:A:	0	6	0	5	0	15	12	8	0	145
ANID_04541T0_152-295_2IGT:A:1-309	2	17	1	7	0	36	18	17	0	309
ANID_04540T0_6-171_1KOL:A:2-160,A:356-397	6	11	2	6	0	34	16	13	1	201
ANID_04540T0_142-317_1VJ0:A:156-337	2	7	1	9	0	17	10	10	0	182
ANID_10564T0_4-373_1ERJ:A:	2	30	1	1	0	43	24	22	0	388
ANID_10567T0_35-97,149-218,247-294_1WFX:A:	4	9	3	6	0	20	10	10	0	180
ANID_04532T0_5-287_1S9A:A:	5	12	1	5	0	33	15	18	0	256
ANID_04530T0_144-289_2VGN:A:136-277	0	5	2	5	0	11	6	8	0	142
ANID_04530T0_1-139_2QI2:A:1-126	0	7	0	2	0	13	4	5	0	126
ANID_04530T0_281-394_1X52:A:8-118	0	4	1	5	0	7	5	5	0	111
ANID_04525T0_61-160_2OCC:F:	2	5	0	2	0	16	7	4	0	98
ANID_04524T0_237-284_1GUU:A:	0	0	0	3	0	5	3	2	0	50
ANID_04524T0_284-330_1H88:C:89-143	0	0	0	3	0	6	5	5	0	55
ANID_04518T0_151-449_1ERJ:A:	2	30	1	1	0	43	24	22	0	388
ANID_04517T0_617-863_2HYD:A:324-578	2	10	5	9	0	25	21	16	0	255
ANID_04517T0_291-614_2HYD:A:1-323	0	0	1	15	1	9	5	12	0	323
ANID_10563T0_73-445,478-545_1ED8:A:	11	18	3	14	0	58	36	29	0	449
ANID_04515T0_63-301_1GBG:A:	7	16	2	1	0	25	12	12	0	214
ANID_04513T0_9-23,51-408_1I6I:A:	5	18	4	8	0	31	12	24	0	365
ANID_04510T0_611-677,713-896_1FQV:A:146-431	8	13	3	8	0	55	21	24	0	286
ANID_04510T0_56-182_1Q3E:A:	2	8	1	10	0	20	7	9	0	193
ANID_04510T0_260-393_1Q3E:A:	2	8	1	10	0	20	7	9	0	193
ANID_04510T0_530-600_1NEX:B:270-369	0	0	0	7	0	9	5	6	0	100
ANID_04507T0_1-359_2GUY:A:1-381	12	13	11	13	0	43	24	24	0	381
ANID_04507T0_372-465_2AAA:A:382-476	0	8	0	1	0	12	5	9	0	95
ANID_04505T0_36-149_1P27:B:	5	5	1	2	0	10	6	4	0	92
ANID_04504T0_273-434,493-534_1NC5:A:	11	6	5	13	0	40	21	26	0	363
ANID_04501T0_3-232_1O9D:A:	0	0	0	10	0	12	5	8	0	236
ANID_04500T0_49-90_1GMJ:A:	0	0	0	1	0	2	0	0	0	83
ANID_04496T0_737-789,837-885_1V89:A:	0	7	0	1	0	15	12	2	0	117
ANID_04496T0_15-83_1SHF:A:	3	5	1	0	0	9	3	2	0	59
ANID_04496T0_252-330_1PK3:A:17-79	0	0	3	5	0	7	1	3	0	74
ANID_04495T0_150-209,244-347,397-425_4KBP:A:121-432	5	15	5	6	0	41	25	21	0	312
ANID_04493T0_26-388_1T64:A:	10	8	3	11	0	40	16	26	0	364
ANID_04488T0_165-314,364-444,486-532_1N1M:A:39-508	9	38	3	4	0	58	37	26	0	470
ANID_04488T0_47-99_1P22:A:135-252	0	0	2	7	0	7	4	6	0	114
ANID_04486T0_50-98_2ALC:A:	0	0	0	4	0	11	7	5	0	65
ANID_04483T0_97-260,292-457_1A06:A:	4	8	4	10	0	29	20	14	0	307
ANID_04481T0_108-479_1PW4:A:	2	0	1	18	0	21	18	22	0	450
ANID_04473T0_16-501_1QE3:A:	7	14	7	14	0	50	31	31	0	483
ANID_04471T0_80-423_1ERJ:A:	2	30	1	1	0	43	24	22	0	388
ANID_04464T0_199-595_1PKX:A:201-592	5	15	2	13	0	36	25	22	0	392
ANID_04464T0_4-194_1G8M:A:4-200	3	5	2	10	0	16	9	11	0	197
ANID_04463T0_3-333_1C9L:A:3-330	1	28	3	0	0	29	16	19	0	328
ANID_04463T0_1188-1521_1B89:A:	0	0	2	22	0	24	7	21	0	336
ANID_04463T0_446-782_1BPO:A:331-487	0	0	1	10	0	13	9	8	0	157
ANID_04463T0_334-489_1BPO:A:331-487	0	0	1	10	0	13	9	8	0	157
ANID_04463T0_891-1050_1BPO:A:331-487	0	0	1	10	0	13	9	8	0	157
ANID_04463T0_1040-1185_1B89:A:	0	0	2	22	0	24	7	21	0	336
ANID_04463T0_791-892_1B89:A:	0	0	2	22	0	24	7	21	0	336
ANID_04462T0_576-885_1RQB:A:4-306	4	10	5	12	0	31	15	21	0	303
ANID_04462T0_129-398_1ULZ:A:115-328	2	8	1	6	0	23	11	8	0	214
ANID_04462T0_882-1054_1RQB:A:307-474	0	0	2	9	0	15	7	9	0	168
ANID_04462T0_24-157_1ULZ:A:1-114	0	5	1	6	0	12	6	6	0	114
ANID_04462T0_380-498_1ULZ:A:329-451	2	7	2	3	0	15	9	6	0	123
ANID_04462T0_1115-1193_1O78:A:	4	6	0	0	0	18	11	2	0	84
ANID_04460T0_364-755_1VYH:C:92-408	0	28	1	0	0	39	25	14	0	317
ANID_04460T0_32-163,204-317,424-464_1VYH:C:92-408	0	28	1	0	0	39	25	14	0	317
ANID_04458T0_220-503,567-601_2HD5:A:211-521	4	18	4	9	0	37	12	12	0	336
ANID_04458T0_113-202_2UZG:A:36-130	0	5	0	3	0	13	5	6	0	95
ANID_04456T0_146-182,221-407,439-477_1ERJ:A:	2	30	1	1	0	43	24	22	0	388
ANID_04450T0_3-77_2AL3:A:10-85	2	5	1	2	0	11	5	4	0	76
ANID_04450T0_332-396_1S3S:G:	2	5	1	3	0	15	10	7	0	118
ANID_04443T0_408-770_1U1J:A:396-760	9	10	3	11	0	43	33	23	0	365
ANID_04443T0_5-406_1U1J:A:2-395	4	11	5	14	0	51	22	18	0	394
ANID_04439T0_52-284_1KAM:A:	1	6	1	6	0	18	11	9	0	193
ANID_05020T0_14-178_1E0S:A:	2	7	5	6	0	13	5	14	0	173
ANID_05016T0_28-541_1CRL:A:	9	15	7	20	0	67	42	36	0	534
ANID_05013T0_408-591_1WLJ:A:	0	7	1	7	0	16	4	10	0	173
ANID_05011T0_689-878_1AKO:A:	6	12	3	10	0	27	14	16	0	268
ANID_05008T0_21-84_2OCC:H:	1	0	1	3	0	9	6	3	0	79
ANID_05007T0_69-287_1E4C:P:	3	7	3	6	0	24	7	14	0	206
ANID_04997T0_103-291_1AUA:A:97-299	2	5	7	8	0	23	12	12	0	203
ANID_04997T0_9-95_1AUA:A:4-96	0	0	1	5	0	8	5	8	0	93
ANID_04991T0_126-355_1D2T:A:	0	0	2	13	0	18	11	13	0	224
ANID_04988T0_3-81_1Z0N:A:77-163	0	10	1	0	0	14	6	6	0	87
ANID_04985T0_722-809_1JXS:A:	0	3	0	4	0	10	8	5	0	98
ANID_04985T0_423-516_2CSW:A:8-139	6	10	1	1	0	25	16	9	0	132
ANID_04984T0_192-289_2CCH:B:181-308	0	0	1	6	0	9	3	5	0	128
ANID_04981T0_24-170_2IVX:A:7-149	0	0	1	7	0	11	6	8	0	143
ANID_04981T0_172-280_2I53:A:158-267	2	0	3	4	0	9	6	6	0	110
ANID_04980T0_225-561_1VZO:A:	2	11	7	9	0	31	20	19	0	322
ANID_04979T0_239-346_1B9L:A:	0	5	1	4	0	10	9	6	0	119
ANID_04978T0_6-170_1X4A:A:9-103	0	6	1	2	0	11	6	3	0	96
ANID_10555T0_105-125,224-418,457-483_1KCF:A:39-256	0	6	0	6	0	15	9	8	0	218
ANID_04435T0_114-241_1M0Z:A:	3	13	5	1	0	45	22	17	0	266
ANID_04431T0_227-342_2BL5:A:1-134	0	3	2	6	0	11	13	9	0	134
ANID_04431T0_129-212_1K1G:A:	0	3	1	4	0	10	10	5	0	122
ANID_04430T0_92-166_2PC6:A:1-77	0	4	1	2	0	4	3	4	0	77
ANID_04430T0_170-190,245-302_2FGC:A:105-187	0	5	2	2	0	8	4	1	0	83
ANID_04426T0_41-169_1XRI:A:	2	5	3	6	0	16	5	6	0	151
ANID_04424T0_113-462_1LTD:A:98-511	2	13	7	14	0	44	26	19	0	414
ANID_04424T0_5-90_1KBI:A:1-97	4	4	3	4	0	14	7	8	0	97
ANID_04423T0_49-85_2DO1:A:5-46	0	0	0	2	0	5	2	3	0	42
ANID_04422T0_79-422_1PSO:E:	6	30	5	6	0	39	15	21	0	326
ANID_10552T0_111-254_1VPM:A:	4	7	2	2	0	14	6	6	0	155
ANID_10552T0_292-442_1YLI:A:11-152	4	6	1	2	0	18	7	7	0	142
ANID_04416T0_25-234_1DN1:B:	0	0	1	7	0	11	6	8	0	222
ANID_04414T0_199-398_1FI4:A:191-393	1	5	2	7	0	16	13	9	0	203
ANID_04414T0_11-198_1FI4:A:3-190	3	9	3	3	0	23	11	11	0	188
ANID_04404T0_78-345,419-447_1B6A:A:110-374,A:449-478	7	13	1	6	0	31	14	17	1	295
ANID_04404T0_346-418_1B6A:A:375-448	0	5	0	3	0	8	5	4	0	74
ANID_04401T0_203-252,286-514_1CT9:A:193-516	0	5	6	17	0	28	12	15	0	324
ANID_04401T0_1-197_1CT9:A:1-192	1	12	3	3	0	22	12	14	0	192
ANID_04399T0_2-153_1U9A:A:	2	4	1	4	0	20	9	11	0	160
ANID_04398T0_451-515_1O0P:A:	0	4	0	3	0	11	9	5	0	104
ANID_04395T0_121-188,216-297,325-403_1FGX:A:	6	11	2	6	0	34	20	14	0	272
ANID_04390T0_28-120_1IVO:A:312-480	3	8	7	2	0	29	15	10	0	169
ANID_04390T0_204-292,319-324_1M6B:A:8-165	4	12	1	1	0	27	12	8	0	158
ANID_04388T0_2-121_1EZV:F:	0	0	3	5	0	9	6	4	0	125
ANID_04384T0_2-245_1O5Z:A:2-293	2	11	4	9	0	24	12	14	0	293
ANID_04384T0_261-409_2GC6:A:297-425	1	5	0	3	0	14	9	5	0	129
ANID_04382T0_22-215_1UJ2:A:	2	7	6	8	0	17	11	10	0	213
ANID_04380T0_229-657,690-766_1RLR:A:222-748	8	15	8	19	0	57	32	28	0	525
ANID_04380T0_21-228_1RLR:A:10-221	2	1	1	11	0	20	13	16	0	212
ANID_04379T0_178-282_1BW3:A:	0	5	2	4	0	16	12	8	0	125
ANID_04373T0_2-163,235-286_2EW8:A:3-249	0	7	4	7	0	20	10	12	0	247
ANID_04369T0_709-1144_1NVU:S:	2	4	4	21	0	35	21	23	0	481
ANID_04369T0_51-131_1UJY:A:	2	5	0	1	0	14	9	4	0	75
ANID_04363T0_32-245_1W1O:A:40-245	2	10	2	6	0	23	19	14	0	206
ANID_04361T0_196-248_1CI6:A:	0	0	0	1	0	1	0	0	0	62
ANID_04359T0_212-267_1IYM:A:	0	2	0	1	0	11	6	4	0	54
ANID_04353T0_9-236_1ULQ:A:276-400	2	4	2	4	0	11	5	8	0	125
ANID_04353T0_246-397_1ULQ:A:276-400	2	4	2	4	0	11	5	8	0	125
ANID_04977T0_75-290,387-529_2GMH:A:4-236,A:336-482	2	17	5	9	0	43	20	25	1	380
ANID_04977T0_291-387_2GMH:A:237-335	0	5	1	2	0	11	4	8	0	99
ANID_04977T0_531-631_2GMH:A:483-584	2	4	1	5	0	17	6	8	0	102
ANID_04976T0_92-184_1YTB:A:61-155	0	6	0	2	0	7	5	4	0	95
ANID_04976T0_176-263_1YTB:A:156-240	2	5	0	2	0	9	5	4	0	85
ANID_04975T0_7-232,346-400_1EL5:A:1-217,A:322-385	0	16	6	7	0	31	12	17	1	281
ANID_04975T0_234-346_1EL5:A:218-321	2	6	2	2	0	13	4	6	0	104
ANID_04974T0_106-347_1VL5:A:	2	8	2	9	0	21	9	11	0	231
ANID_04972T0_77-123_1D66:A:8-48	0	0	0	2	0	4	1	2	0	41
ANID_04967T0_1-223,264-334_1L5X:A:	8	11	1	8	0	39	23	12	0	279
ANID_04967T0_469-506,536-589,638-718_2SCU:B:1-238	1	12	3	7	0	24	11	11	0	238
ANID_04964T0_36-330_1XWY:A:1-260	0	8	7	9	0	24	12	14	0	260
ANID_04963T0_13-282_2EFL:A:1-288	0	0	0	7	0	7	3	7	0	288
ANID_04963T0_993-1056_1U5S:A:1-71	1	5	0	0	0	8	6	3	0	71
ANID_04957T0_30-248_1PIE:A:9-213	1	7	1	5	0	22	9	13	0	205
ANID_04957T0_257-301,364-511_1WUU:A:217-392	0	5	2	6	0	12	10	8	0	176
ANID_04953T0_12-184_2FV8:A:4-184	0	6	2	6	0	16	5	13	0	181
ANID_04951T0_231-345,411-540,768-828_2BPT:A:1-861	0	0	19	43	0	44	28	37	0	860
ANID_04949T0_306-317,421-585,685-708_1SQ9:A:	7	28	4	1	0	39	24	22	0	393
ANID_04948T0_19-158,200-326_1VA4:A:	4	8	3	10	0	25	15	19	0	271
ANID_04947T0_5-229_1QG8:A:	2	9	4	8	0	22	13	12	0	255
ANID_04943T0_305-387_1X4O:A:8-72	0	0	0	3	0	7	5	2	0	65
ANID_04939T0_48-157_1T0G:A:	0	5	1	3	0	13	7	9	0	109
ANID_04936T0_445-776_1HOW:A:	5	10	4	11	0	39	18	24	0	362
ANID_04349T0_879-923_1R79:A:	4	3	0	1	0	15	6	2	0	83
ANID_04348T0_1-238_2HSZ:A:1-224	1	8	4	8	0	23	14	13	0	224
ANID_04346T0_148-285_1X4G:A:8-103	0	6	0	3	0	12	8	3	0	96
ANID_04345T0_12-183_1YBH:A:86-280	0	8	4	9	0	19	7	8	0	195
ANID_04345T0_387-582_1N0H:A:461-687	4	6	2	9	0	27	15	11	0	227
ANID_04345T0_165-371_1POX:A:183-365	2	5	4	5	0	18	10	7	0	183
ANID_04341T0_38-307_1DCE:A:1-241,A:351-443	1	0	2	15	0	30	15	12	1	334
ANID_04337T0_8-115_1PV7:A:	0	0	2	22	0	18	12	14	0	417
ANID_10550T0_23-70_1PYI:A:30-71	0	2	0	2	0	6	1	3	0	42
ANID_04331T0_55-181_2A1I:A:99-227	0	6	2	5	0	12	7	6	0	129
ANID_04331T0_177-250_2A1J:B:219-296	0	0	0	5	0	5	8	3	0	77
ANID_04330T0_149-237,306-368_1X4H:A:8-105	2	5	0	2	0	12	6	3	0	98
ANID_04330T0_29-118_1X5S:A:8-97	0	4	0	2	0	11	8	3	0	89
ANID_04330T0_487-531,579-609_1P1T:A:	2	4	0	4	0	11	10	6	0	104
ANID_04329T0_16-120_1T0G:A:	0	5	1	3	0	13	7	9	0	109
ANID_10542T0_42-234,267-320_1H2K:A:	3	17	6	8	0	41	17	19	0	335
ANID_10546T0_9-72,103-212,277-300_1JWH:C:	12	0	4	7	0	25	19	17	0	200
ANID_04324T0_37-75_1GD2:G:	0	0	0	1	0	3	1	0	0	69
ANID_04323T0_54-410_1EKF:A:	6	19	3	7	0	43	24	20	0	365
ANID_04322T0_69-131,160-378_1CM8:A:	4	12	4	11	0	37	21	16	0	346
ANID_04322T0_357-553,582-633_1UW4:B:	0	0	4	11	0	18	12	13	0	248
ANID_10545T0_49-160_1NN7:A:	2	4	2	4	0	12	7	7	0	105
ANID_04316T0_25-495_1PV7:A:	0	0	2	22	0	18	12	14	0	417
ANID_04315T0_508-736_1MT0:A:	2	10	3	10	0	20	20	20	0	241
ANID_04315T0_196-291,336-444_1B0U:A:	0	12	1	10	0	24	16	14	0	261
ANID_04308T0_67-287_2GYC:B:1-209	1	11	1	3	0	28	16	8	0	209
ANID_04306T0_18-161,195-343_1H2K:A:	3	17	6	8	0	41	17	19	0	335
ANID_04304T0_40-146_1WIK:A:	0	4	0	5	0	14	12	6	0	108
ANID_04303T0_28-158_1COZ:A:	1	5	2	5	0	12	6	10	0	126
ANID_04303T0_248-273,302-378_1VLH:A:	0	5	1	6	0	19	6	12	0	157
ANID_10539T0_57-202_1DUS:A:	0	9	1	5	0	16	12	13	0	194
ANID_04297T0_76-226_2FUG:6:15-175	2	4	2	5	0	17	14	7	0	161
ANID_04293T0_163-511_1XKS:A:	4	28	4	3	0	43	16	22	0	403
ANID_04290T0_3-371_1W2W:A:,B:	10	16	7	11	0	49	27	22	1	402
ANID_11131T0_1-83_1WII:A:	0	3	0	1	0	8	4	3	0	84
ANID_08868T0_4-175_1XTQ:A:3-169	0	6	2	4	0	17	8	8	0	167
ANID_08867T0_122-428_1SET:A:111-421	3	16	5	9	0	33	20	19	0	311
ANID_08867T0_1-117_1SET:A:1-110	0	0	1	4	0	6	1	3	0	110
ANID_08866T0_162-356_1PSD:A:108-295	4	7	2	6	0	25	15	12	0	188
ANID_08866T0_64-191_1PSD:A:7-107,A:296-326	2	5	0	5	0	21	6	8	1	132
ANID_08866T0_400-474_1PSD:A:327-410	0	4	0	2	0	7	4	4	0	84
ANID_08862T0_51-830_1OE9:A:63-795	5	19	8	26	0	54	32	34	0	733
ANID_08862T0_4-67_1OE9:A:5-62	1	4	0	0	0	7	3	3	0	58
ANID_08862T0_832-930_1YE8:A:1-178	0	9	2	5	0	17	7	11	0	178
ANID_08862T0_917-1079_2D3E:C:161-282	0	0	0	3	0	2	0	2	0	133
ANID_08861T0_1-180_2CAR:A:1-194	1	7	2	6	0	24	13	9	0	194
ANID_08860T0_4-171_1RKB:A:	2	5	2	7	0	17	8	6	0	172
ANID_08858T0_204-297_2HDC:A:	1	2	0	5	0	14	5	4	0	97
ANID_11136T0_27-87_2BSK:B:13-77	0	0	0	2	0	5	1	3	0	65
ANID_08855T0_114-256_1TW3:A:99-351	2	7	3	12	0	24	12	15	0	253
ANID_11135T0_5-194_2QMW:A:1-184	1	10	1	6	0	20	19	9	0	184
ANID_11135T0_220-301_1PHZ:A:19-115	1	4	1	2	0	11	4	7	0	97
ANID_11129T0_259-368_2B3N:A:6-159	0	5	0	5	0	13	5	7	0	155
ANID_04933T0_17-62_1CLD:A:	0	0	0	2	0	4	2	1	0	33
ANID_04928T0_243-338_1VOL:A:208-316	0	0	3	6	0	10	6	6	0	109
ANID_04928T0_125-212_1VOL:A:113-207	0	0	0	5	0	8	2	6	0	95
ANID_04928T0_16-71_1DL6:A:	2	3	0	0	0	13	8	3	0	58
ANID_04925T0_213-259,483-715_2OR4:A:57-117,A:351-593	6	7	2	11	0	27	21	17	1	304
ANID_04925T0_266-502_2OR4:A:118-350	8	12	3	4	0	39	15	17	0	233
ANID_04925T0_717-880_2OR4:A:594-750	4	2	1	6	0	11	6	10	0	157
ANID_04923T0_177-277,313-456_1TVZ:A:168-388	0	10	4	6	0	22	9	13	0	221
ANID_04923T0_6-174_1TVZ:A:2-167	0	7	2	6	0	20	9	10	0	166
ANID_04921T0_4-55,231-402_2I0Z:A:1-192,A:362-420	4	15	6	8	0	27	12	15	1	251
ANID_04920T0_155-183,215-298,398-506,882-1100_1SU4:A:1-124,A:240-343,A:751-994	1	1	8	18	0	32	20	22	2	472
ANID_04920T0_510-530,672-939_1SU4:A:344-360,A:600-750	3	8	1	8	0	16	12	11	1	168
ANID_04920T0_518-742_1SU4:A:361-599	0	13	3	7	0	21	11	13	0	239
ANID_04920T0_284-395_1SU4:A:125-239	2	9	3	0	0	21	10	7	0	115
ANID_04919T0_5-126,159-193_1K8K:G:	0	0	3	6	0	13	9	8	0	143
ANID_04915T0_11-135,170-214_1EK0:A:	0	6	2	5	0	16	10	10	0	170
ANID_04914T0_163-413_1X3M:A:193-397	2	6	3	9	0	23	13	9	0	205
ANID_04914T0_5-202_1G99:A:1-197	0	8	3	6	0	22	15	11	0	197
ANID_04910T0_139-369_1U94:A:6-268	2	11	2	8	0	23	14	12	0	263
ANID_04906T0_430-577_1I7P:A:154-300	0	8	4	5	0	14	9	7	0	147
ANID_04906T0_325-375_1TVC:A:2-110	2	7	0	1	0	14	11	4	0	109
ANID_10615T0_176-297_1K1G:A:	0	3	1	4	0	10	10	5	0	122
ANID_10615T0_291-343_1AAF:A:	0	0	2	0	0	11	7	2	0	55
ANID_04900T0_68-125_1GD2:G:	0	0	0	1	0	3	1	0	0	69
ANID_08847T0_8-185_1QUW:A:	0	4	0	4	0	11	5	6	0	105
ANID_08846T0_122-209,264-322_2PRV:A:1-152	2	7	1	5	0	12	9	6	0	152
ANID_08844T0_28-113_1LDJ:B:	0	6	0	2	0	13	8	4	0	88
ANID_08843T0_1-167_1FWK:A:5-167	1	6	0	4	0	14	8	8	0	163
ANID_08843T0_212-340_1FWK:A:168-300	1	6	1	6	0	13	8	6	0	133
ANID_11138T0_332-580_2IUB:A:9-285	0	7	2	6	0	23	14	10	0	281
ANID_11138T0_590-646_2IUB:A:286-349	0	0	0	2	0	2	2	2	0	64
ANID_08837T0_63-212,269-381_1U0T:A:	0	20	3	5	0	30	14	14	0	302
ANID_08834T0_207-411_2CXH:A:13-192	2	9	0	4	0	15	9	8	0	180
ANID_08830T0_241-515_1IA8:A:	5	12	5	7	0	36	16	18	0	275
ANID_08828T0_1-21,56-165_1H3Q:A:	0	5	1	3	0	15	6	8	0	140
ANID_08827T0_78-119,156-414_1MUO:A:	6	6	4	9	0	28	17	16	0	261
ANID_08824T0_1-224_1G62:A:	8	15	1	9	0	31	15	14	0	224
ANID_08822T0_23-245_1FJ2:A:	2	9	5	5	0	26	16	11	0	231
ANID_08819T0_28-293_1VL8:A:	2	7	6	9	0	25	10	14	0	251
ANID_08815T0_3-290_1QYC:A:	1	13	4	12	0	30	15	23	0	307
ANID_08813T0_841-1072_1Q12:A:4-235	1	11	4	7	0	25	20	16	0	232
ANID_08813T0_168-398_1V43:A:7-245	1	10	2	8	0	20	13	15	0	239
ANID_08810T0_137-239,276-389,454-537_1LCI:A:	7	27	4	15	0	64	28	38	0	541
ANID_08808T0_91-214,258-334_1O1Z:A:	1	11	4	10	0	22	17	11	0	233
ANID_08804T0_94-125_2F21:A:7-37	0	3	0	0	0	6	4	3	0	36
ANID_08798T0_693-880_1N4C:A:	0	0	4	5	0	19	16	8	0	181
ANID_08798T0_577-700_1ELW:A:	0	0	0	7	0	11	0	7	0	117
ANID_08798T0_258-307_1Z96:A:295-332	0	0	0	3	0	4	0	2	0	38
ANID_08796T0_5-187_1FZQ:A:	0	7	4	6	0	19	9	13	0	176
ANID_08795T0_156-441_1I31:A:	1	16	2	0	0	27	16	7	0	277
ANID_08795T0_1-140_1GW5:M:1-141	2	5	1	4	0	13	8	7	0	140
ANID_08793T0_65-190_1NEK:C:	1	0	1	4	0	7	4	3	0	129
ANID_08792T0_24-148_2CWN:A:13-331	2	8	6	14	0	25	15	10	0	319
ANID_08791T0_134-361_2QFI:A:5-208	2	0	7	7	0	14	20	21	0	204
ANID_08791T0_374-447_3BYP:A:6-87	1	3	0	2	0	5	2	4	0	82
ANID_08782T0_5-286_1PV1:A:	4	9	3	10	0	32	19	22	0	299
ANID_08780T0_34-174_1OKJ:A:1-106	0	5	1	3	0	7	4	4	0	106
ANID_08780T0_34-121,161-266,340-450_2AA4:A:120-289	4	5	3	7	0	17	13	11	0	170
ANID_12081T0_5-47_1PYI:A:30-71	0	2	0	2	0	6	1	3	0	42
ANID_08776T0_14-83_2OVR:B:2263-2364	0	0	0	6	0	9	7	5	0	102
ANID_11114T0_6-322_1J31:A:	1	16	2	7	0	32	15	15	0	262
ANID_11120T0_149-593_1PW4:A:	2	0	1	18	0	21	18	22	0	450
ANID_04893T0_20-154_1U04:A:324-770	5	16	3	9	0	33	19	12	0	323
ANID_04892T0_245-633_2OOE:A:21-549	2	0	2	28	0	36	16	28	0	529
ANID_04892T0_650-848_2OOE:A:21-549	2	0	2	28	0	36	16	28	0	529
ANID_04890T0_36-323_1ERJ:A:	2	30	1	1	0	43	24	22	0	388
ANID_04890T0_109-120,232-270,458-495,583-627,816-836_2OVR:B:2365-2706	0	32	2	1	0	36	24	21	0	342
ANID_11253T0_40-270_1PKG:A:	4	11	7	8	0	37	18	12	0	303
ANID_04889T0_160-236_2DIR:A:8-92	0	4	0	2	0	9	5	3	0	85
ANID_04888T0_368-561_1PVD:A:361-556	2	6	4	9	0	22	7	15	0	196
ANID_04888T0_14-189_1PVD:A:2-181	0	8	3	6	0	14	9	8	0	180
ANID_04888T0_192-349_1QPB:A:182-360	0	9	4	4	0	18	11	9	0	179
ANID_10609T0_104-524_1A12:A:	5	30	5	1	0	58	38	27	0	401
ANID_10618T0_96-177,210-241,290-440,554-643_1M8Z:A:	0	2	4	27	0	17	16	26	0	339
ANID_04883T0_122-384_1X9N:A:262-533	2	0	4	13	0	28	14	13	0	272
ANID_04883T0_394-592,627-643_1X9N:A:534-753	5	11	2	6	0	25	17	14	0	220
ANID_04883T0_648-756_1X9N:A:754-901	3	10	1	2	0	17	13	7	0	148
ANID_04876T0_104-149,197-325,386-432_1NR0:A:2-312	4	27	1	0	0	38	22	20	0	311
ANID_04872T0_1-93_1XD3:B:	3	5	1	1	0	10	1	6	0	75
ANID_04872T0_100-152_2K4X:A:1-55	0	3	0	0	0	7	2	2	0	55
ANID_04871T0_2-265,327-396_1W9P:A:39-298,A:361-433	4	9	9	11	0	41	22	17	1	333
ANID_04871T0_257-318_1W9P:A:299-360	1	5	2	0	0	6	5	5	0	62
ANID_04869T0_6-253_1IRU:A:	4	10	1	6	0	19	14	11	0	244
ANID_04863T0_21-75_1U97:A:	0	0	0	2	0	8	7	4	0	69
ANID_04862T0_21-328_1YRG:A:	3	14	2	12	0	46	15	21	0	343
ANID_04861T0_126-236_1ENW:A:	0	0	0	5	0	12	10	7	0	114
ANID_04861T0_3-96_1EO0:A:	0	0	0	4	0	7	4	3	0	77
ANID_04861T0_262-303_1TFI:A:	0	4	0	0	0	10	6	0	0	50
ANID_04860T0_37-365_1GQ8:A:	3	24	6	3	0	47	33	20	0	318
ANID_04859T0_85-185,322-422,726-929_1SU4:A:1-124,A:240-343,A:751-994	1	1	8	18	0	32	20	22	2	472
ANID_04859T0_424-480,519-727_1SU4:A:344-360,A:600-750	3	8	1	8	0	16	12	11	1	168
ANID_04859T0_186-228_1SU4:A:125-239	2	9	3	0	0	21	10	7	0	115
ANID_04859T0_269-322_1SU4:A:125-239	2	9	3	0	0	21	10	7	0	115
ANID_04857T0_190-258,294-481_1KOA:A:5915-6264	7	11	8	11	0	40	20	20	0	350
ANID_09526T0_59-184,217-307_1DN1:B:	0	0	1	7	0	11	6	8	0	222
ANID_08769T0_25-90_3B5N:A:28-86	0	0	0	1	0	1	0	0	0	60
ANID_08765T0_550-772_1OUV:A:	0	0	0	15	0	18	7	15	0	272
ANID_08765T0_487-550_1OUV:A:	0	0	0	15	0	18	7	15	0	272
ANID_08763T0_11-93_1S3A:A:15-99	0	4	0	3	0	10	4	4	0	85
ANID_08760T0_52-253,310-524_1PV7:A:	0	0	2	22	0	18	12	14	0	417
ANID_08759T0_29-229_2GDZ:A:3-256	2	8	5	10	0	22	10	12	0	254
ANID_08756T0_52-242,355-458_1FOH:A:1-240,A:342-461	4	15	4	9	0	43	22	18	1	360
ANID_08756T0_508-692_1FOH:A:462-662	10	7	3	4	0	22	21	18	0	201
ANID_08756T0_245-361_1FOH:A:241-341	0	5	0	1	0	7	4	3	0	101
ANID_08754T0_1-225_1CT9:A:1-192	1	12	3	3	0	22	12	14	0	192
ANID_08754T0_221-404,499-629_1CT9:A:193-516	0	5	6	17	0	28	12	15	0	324
ANID_08752T0_3-114_2PYT:A:100-227	2	9	3	0	0	17	6	8	0	128
ANID_08750T0_9-139_1J9B:A:	3	6	2	5	0	20	10	9	0	138
ANID_11117T0_4-211_1KEZ:A:	6	5	1	8	0	32	22	15	0	267
ANID_11111T0_76-504_1QFX:A:	8	8	10	12	0	46	32	24	0	447
ANID_11116T0_24-460_1PW4:A:	2	0	1	18	0	21	18	22	0	450
ANID_08744T0_32-390_1TB3:A:1-349	5	10	4	12	0	38	23	17	0	349
ANID_08743T0_806-913,949-999_1LGY:A:	6	13	4	6	0	26	14	17	0	265
ANID_08741T0_249-300_2EPS:A:408-446	0	2	0	1	0	5	5	1	0	39
ANID_08737T0_23-228,264-489_1PV7:A:	0	0	2	22	0	18	12	14	0	417
ANID_11105T0_13-173,200-276_2EW8:A:3-249	0	7	4	7	0	20	10	12	0	247
ANID_11108T0_89-343_1LZL:A:	0	8	3	10	0	32	18	24	0	317
ANID_08720T0_2-224_1FZT:A:	9	5	1	7	0	22	14	12	0	211
ANID_08717T0_5-67_1IUF:A:2-75	0	0	0	3	0	6	7	2	0	75
ANID_08717T0_75-139_1IUF:A:76-141	0	0	0	3	0	8	6	3	0	66
ANID_11104T0_15-129_1MKE:A:31-144	1	6	0	1	0	10	8	2	0	114
ANID_08712T0_2-142_1D7Q:A:	0	5	1	1	0	17	12	6	0	143
ANID_08710T0_163-251_1L7B:A:	1	4	0	3	0	14	10	4	0	92
ANID_08710T0_70-154_1X5L:A:8-105	1	9	0	0	0	16	8	3	0	98
ANID_08709T0_5-413_1YAA:A:	2	13	2	16	0	44	15	26	0	412
ANID_08706T0_25-171_1I12:A:	3	6	3	5	0	13	5	6	0	157
ANID_08702T0_5-149_1JAT:A:	3	5	1	4	0	17	8	12	0	154
ANID_08701T0_28-339_1ERJ:A:	2	30	1	1	0	43	24	22	0	388
ANID_11103T0_47-242,304-477,544-567_1PW4:A:	2	0	1	18	0	21	18	22	0	450
ANID_11102T0_109-414,485-566_2AYN:A:100-482	11	15	4	9	0	36	15	14	0	383
ANID_11102T0_3-78_1WGG:A:	0	5	0	1	0	11	7	4	0	95
ANID_08698T0_3-168_1K8K:F:	3	4	1	5	0	12	9	5	0	167
ANID_08697T0_150-241_2CPY:A:536-638	0	5	1	3	0	14	12	5	0	101
ANID_08664T0_30-251_1N1M:A:509-764	1	8	3	8	0	23	16	15	0	256
ANID_08658T0_142-445_1PYF:A:	6	11	6	11	0	33	19	21	0	311
ANID_10605T0_26-301_1TIB:A:	7	10	6	6	0	30	21	17	0	269
ANID_04842T0_112-277_2B7K:A:111-279	0	7	1	4	0	18	6	11	0	169
ANID_04836T0_87-483,533-552_1PW4:A:	2	0	1	18	0	21	18	22	0	450
ANID_04833T0_32-290_1JJI:A:	0	8	5	11	0	21	17	19	0	311
ANID_04831T0_23-333_1PYF:A:	6	11	6	11	0	33	19	21	0	311
ANID_04827T0_25-487_1T5H:X:	5	27	4	15	0	56	23	34	0	503
ANID_04827T0_674-709,745-990_1BXK:A:	3	13	4	12	0	37	16	15	0	350
ANID_04827T0_566-637_1DNY:A:	0	0	0	4	0	8	7	2	0	76
ANID_04826T0_73-434_1PV7:A:	0	0	2	22	0	18	12	14	0	417
ANID_04825T0_513-694,730-769,802-862_1H80:A:	9	29	2	5	0	61	31	22	0	464
ANID_04825T0_163-458_1H80:A:	9	29	2	5	0	61	31	22	0	464
ANID_04823T0_216-423_2C1I:A:268-463	0	9	4	8	0	22	8	9	0	196
ANID_09446T0_149-399_2I7N:A:382-593	3	9	3	7	0	16	15	12	0	212
ANID_09446T0_65-177_2I7P:A:12-152	1	6	2	5	0	9	5	4	0	141
ANID_04822T0_3-352_1W0D:A:	1	12	4	12	0	31	20	21	0	336
ANID_10597T0_6-40_1CLD:A:	0	0	0	2	0	4	2	1	0	33
ANID_04820T0_11-491_1O9J:A:	5	22	4	17	0	50	32	20	0	494
ANID_08656T0_24-164_2BMO:A:3-152	4	11	5	2	0	20	11	13	0	150
ANID_08656T0_182-371_2B1X:A:163-441	0	10	4	10	0	25	18	18	0	279
ANID_11094T0_3-166_1YB5:A:6-120,A:295-329	2	9	3	2	0	18	11	6	1	150
ANID_11094T0_118-236_1YB5:A:121-294	0	7	1	8	0	16	8	12	0	174
ANID_08645T0_23-68_1AW6:A:	0	0	0	2	0	6	3	2	0	43
ANID_08643T0_164-223_1T2K:D:	0	0	0	1	0	1	0	1	0	60
ANID_08639T0_7-455_1GZ5:A:	6	16	7	18	0	41	25	25	0	456
ANID_08635T0_18-270_1ZTC:A:1-207	3	13	6	5	0	25	10	9	0	207
ANID_08634T0_1-210_2A35:A:4-215	2	9	2	8	0	20	13	11	0	210
ANID_08631T0_7-108_1YAT:A:	2	7	3	1	0	16	4	8	0	113
ANID_08630T0_23-121_1V9W:A:	3	5	0	6	0	14	9	6	0	129
ANID_08629T0_1-116_2HI6:A:1-132	3	8	0	3	0	21	13	10	0	131
ANID_08628T0_13-154_1RJW:A:1-137,A:306-339	5	11	3	3	0	24	12	10	1	171
ANID_08628T0_132-294_1UUF:A:145-312	0	6	3	8	0	15	6	10	0	168
ANID_08623T0_18-441_1PV7:A:	0	0	2	22	0	18	12	14	0	417
ANID_08622T0_198-565_1S3L:A:	0	11	1	4	0	19	12	8	0	165
ANID_08619T0_35-317_1QYC:A:	1	13	4	12	0	30	15	23	0	307
ANID_08606T0_41-161,188-302_1Z7A:A:4-304	3	9	3	9	0	32	19	15	0	301
ANID_08605T0_2-162_1IST:A:	2	9	1	2	0	20	13	11	0	161
ANID_08604T0_19-199_1NSL:A:	1	8	3	5	0	10	7	10	0	183
ANID_11099T0_12-57_2HAP:C:55-97	0	0	1	2	0	6	3	2	0	43
ANID_11092T0_22-413_1PW4:A:	2	0	1	18	0	21	18	22	0	450
ANID_08599T0_17-258_2A1X:A:43-338	5	15	4	5	0	35	14	11	0	296
ANID_08597T0_10-332_1EXB:A:	4	10	6	13	1	24	21	17	0	326
ANID_11090T0_36-357_1GY9:A:	6	15	2	7	0	34	19	14	0	279
ANID_08592T0_8-207,305-400_1FOH:A:1-240,A:342-461	4	15	4	9	0	43	22	18	1	360
ANID_08592T0_429-605_1FOH:A:462-662	10	7	3	4	0	22	21	18	0	201
ANID_08592T0_211-310_1FOH:A:241-341	0	5	0	1	0	7	4	3	0	101
ANID_08591T0_192-217,273-306_1S6I:A:	0	4	0	8	0	18	14	14	0	182
ANID_08587T0_32-387_1TB3:A:1-349	5	10	4	12	0	38	23	17	0	349
ANID_08584T0_3-108_1Q4R:A:	0	4	0	4	0	11	5	5	0	103
ANID_08583T0_11-297_1Y1P:A:2-343	0	12	1	11	0	37	20	20	0	342
ANID_04817T0_122-326,498-717_1PV7:A:	0	0	2	22	0	18	12	14	0	417
ANID_04816T0_43-508_1PV7:A:	0	0	2	22	0	18	12	14	0	417
ANID_04815T0_27-135_2CBP:A:	1	7	2	1	0	17	5	8	0	96
ANID_04810T0_64-254,473-567_1Q7L:A:,B:	3	10	4	8	0	31	16	18	1	280
ANID_04810T0_280-328,381-438_1VGY:A:181-293	2	6	1	2	0	14	4	4	0	113
ANID_10598T0_510-836_1W7B:A:	0	0	0	19	0	25	13	8	0	319
ANID_04806T0_53-168_2P8I:A:1-115	1	5	3	3	0	14	6	3	0	116
ANID_04803T0_10-158_1C06:A:	0	5	1	7	0	16	11	9	0	159
ANID_04797T0_304-363_1ITY:A:	0	0	0	3	0	8	5	2	0	67
ANID_04797T0_454-509_2CKX:A:578-660	0	0	1	4	0	10	4	2	0	83
ANID_04795T0_367-453_1NVU:S:	2	4	4	21	0	35	21	23	0	481
ANID_04793T0_6-171_2GZ1:A:2-127,A:330-357	1	7	2	4	0	19	10	9	1	152
ANID_04793T0_153-345_2GZ1:A:128-329	7	6	3	5	0	24	11	11	0	202
ANID_04779T0_282-386_1VQS:A:	0	4	0	5	0	9	5	5	0	115
ANID_04779T0_170-278_1VQY:A:1-104	1	4	0	4	0	9	4	5	0	104
ANID_04777T0_28-82_1QXF:A:	0	6	0	0	0	12	6	1	0	58
ANID_04775T0_371-447_1UFM:A:	0	3	0	3	0	8	7	3	0	83
ANID_04774T0_280-528_1PJQ:A:216-457	3	10	3	8	0	24	20	15	0	242
ANID_04774T0_137-195,230-266_1PJQ:A:114-215	0	2	0	5	0	8	3	6	0	102
ANID_04774T0_20-133_1KYQ:A:1-150	1	8	4	3	0	19	8	8	0	150
ANID_04771T0_34-345_1GXR:A:	2	31	0	0	0	37	29	20	0	336
ANID_09486T0_114-393_1R30:A:	5	9	1	11	0	35	25	12	0	312
ANID_10593T0_247-279_1J97:A:	3	7	3	9	1	19	10	11	0	210
ANID_04759T0_109-255_2OCY:A:16-162	0	0	0	4	0	2	1	5	0	153
ANID_04758T0_9-119_2CRU:A:8-112	2	0	0	4	0	8	3	3	0	105
ANID_04755T0_130-165_2HP8:A:	0	0	1	3	0	6	3	5	0	68
ANID_04749T0_864-1080_2HYD:A:324-578	2	10	5	9	0	25	21	16	0	255
ANID_04749T0_175-408_1Q12:A:4-235	1	11	4	7	0	25	20	16	0	232
ANID_04748T0_186-283_1WI8:A:	2	6	1	2	0	13	8	4	0	103
ANID_04745T0_468-662_1XA6:A:271-466	0	0	1	11	0	17	14	15	0	196
ANID_04745T0_63-333_2EFL:A:1-288	0	0	0	7	0	7	3	7	0	288
ANID_04743T0_10-183_1MH1:A:	0	6	2	7	0	17	11	12	0	183
ANID_04739T0_13-298_2CNQ:A:2-305	4	15	2	7	0	29	17	19	0	304
ANID_04734T0_120-199_1GT0:D:	0	0	0	3	0	5	3	4	0	80
ANID_04732T0_112-234_1SE9:A:	2	5	2	1	0	14	9	7	0	101
ANID_04729T0_38-448_2CSG:A:3-419	10	12	6	15	0	56	28	26	0	417
ANID_04727T0_6-357_1Z45:A:11-357	2	11	2	11	0	33	21	15	0	347
ANID_04726T0_51-346_1FMC:A:	2	7	3	9	0	25	11	15	0	255
ANID_04721T0_567-1102_1UAA:A:2-307	4	8	4	13	0	27	16	15	0	306
ANID_04721T0_275-355_3BZK:A:637-730	0	5	2	2	0	13	4	6	0	94
ANID_04720T0_30-77_2CSH:A:8-60	0	4	0	2	0	6	6	3	0	53
ANID_04719T0_485-707_1KI1:B:1229-1438	0	0	2	10	0	7	5	12	0	210
ANID_04719T0_324-422_1V3F:A:	0	3	0	3	0	15	14	3	0	119
ANID_04717T0_55-377_1APM:E:	5	9	4	11	0	36	21	20	0	341
ANID_04714T0_99-480_1JW9:B:	5	8	2	9	0	22	10	18	0	247
ANID_10589T0_163-286_1JBI:A:	4	8	0	1	0	18	11	5	0	100
ANID_04711T0_24-178,218-267_2GMN:A:29-292	0	12	6	7	0	26	12	19	0	264
ANID_04709T0_547-894_1E8Y:A:726-1092	0	10	2	12	0	26	15	16	0	367
ANID_04709T0_333-519_1E8Y:A:525-725	0	0	2	12	0	15	8	11	0	201
ANID_04709T0_33-171_1E8Y:A:357-522	2	10	2	0	0	19	9	2	0	166
ANID_04708T0_26-305_1PUJ:A:	2	6	3	10	0	26	16	16	0	273
ANID_04706T0_142-920_1BR2:A:80-789	5	15	5	26	0	55	26	31	0	710
ANID_04706T0_1463-1575_2FXO:D:838-963	0	0	0	2	0	2	0	2	0	128
ANID_04694T0_143-187_1WEW:A:	0	2	0	2	0	14	10	2	0	77
ANID_04690T0_150-363_1DV1:A:115-330	3	7	1	6	0	20	10	7	0	216
ANID_04690T0_371-489_1ULZ:A:329-451	2	7	2	3	0	15	9	6	0	123
ANID_04690T0_29-148_1ULZ:A:1-114	0	5	1	6	0	12	6	6	0	114
ANID_04690T0_632-703_1O78:A:	4	6	0	0	0	18	11	2	0	84
ANID_04688T0_47-282_1IVH:A:6-241	3	8	6	7	0	20	10	16	0	236
ANID_04688T0_269-429_1IVH:A:242-392	1	2	2	6	0	5	3	8	0	151
ANID_04687T0_301-567_1ON3:A:261-524	2	8	6	10	0	22	15	15	0	264
ANID_04687T0_84-333_1VRG:A:1-251	6	7	5	10	0	21	10	13	0	251
ANID_04685T0_2-161_1C1Y:A:	2	6	1	6	0	18	12	8	0	167
ANID_04684T0_80-445_1K8Q:A:	4	11	6	16	0	43	24	25	0	377
ANID_04678T0_23-418_1JIH:A:1-389	4	12	6	15	0	45	27	25	0	389
ANID_04678T0_384-495_1JIH:A:390-509	0	4	0	2	0	11	5	4	0	120
ANID_04670T0_115-285,473-621_1ERJ:A:	2	30	1	1	0	43	24	22	0	388
ANID_04667T0_9-263_1UKV:Y:	0	6	1	6	0	21	12	14	0	204
ANID_04665T0_17-113_1P1T:A:	2	4	0	4	0	11	10	6	0	104
ANID_04663T0_236-471_1IY9:A:	0	12	2	9	0	27	17	17	0	274
ANID_04659T0_32-593_1LCI:A:	7	27	4	15	0	64	28	38	0	541
ANID_04655T0_32-151_1WFZ:A:	2	3	1	4	0	13	9	4	0	129
ANID_04653T0_88-296_1FZT:A:	9	5	1	7	0	22	14	12	0	211
ANID_04652T0_170-240,271-317_1BXE:A:	1	3	1	3	0	6	3	4	0	110
ANID_04650T0_26-148_1WFJ:A:	0	8	0	1	0	15	11	3	0	135
ANID_07070T0_37-236_2QED:A:1-251	1	14	2	9	0	27	10	18	0	251
ANID_07068T0_45-276_1DIQ:A:7-242	4	11	2	6	0	33	17	19	0	236
ANID_07068T0_282-567_1E8G:A:274-560	3	8	5	10	0	29	14	16	0	287
ANID_07067T0_26-233,269-492_1PV7:A:	0	0	2	22	0	18	12	14	0	417
ANID_07066T0_86-542_1TQN:A:	5	9	7	18	0	43	20	30	0	472
ANID_07064T0_109-310_1I7O:A:214-429	6	15	5	3	0	34	15	10	0	216
ANID_07063T0_22-232_1W4X:A:10-154,A:390-542	6	10	5	9	0	33	21	19	1	298
ANID_07063T0_163-372_1W4X:A:155-389	3	10	3	7	0	23	20	9	0	235
ANID_07063T0_311-520_1W4X:A:10-154,A:390-542	6	10	5	9	0	33	21	19	1	298
ANID_07062T0_142-336_1LRW:A:	8	38	9	5	0	74	41	47	0	600
ANID_07061T0_20-68_2HAP:C:55-97	0	0	1	2	0	6	3	2	0	43
ANID_07059T0_15-133_2B33:A:2-127	2	6	3	2	0	16	8	5	0	127
ANID_07058T0_48-143_3KVT:A:	2	4	2	4	0	11	8	8	0	103
ANID_07055T0_49-376_1LTD:A:98-511	2	13	7	14	0	44	26	19	0	414
ANID_07051T0_49-409_1IBJ:A:	3	12	2	12	0	48	29	25	0	380
ANID_07050T0_42-92_1CLD:A:	0	0	0	2	0	4	2	1	0	33
ANID_07047T0_100-338_1OZ4:A:471-763	2	0	3	7	0	31	24	19	0	292
ANID_07040T0_1-126_2B33:A:2-127	2	6	3	2	0	16	8	5	0	127
ANID_07037T0_1-97,127-155_2CAY:A:1-99,A:252-282	4	17	4	3	0	30	13	11	1	242
ANID_07037T0_481-603_1MKM:A:1-75	1	2	0	4	0	9	3	5	0	75
ANID_07037T0_143-189_2J9U:B:115-161	3	2	1	1	0	11	2	3	0	47
ANID_07037T0_232-313_2HTH:B:3-131	0	8	1	1	0	15	9	6	0	129
ANID_10880T0_22-75_1WFF:A:	2	2	1	0	0	13	5	5	0	84
ANID_10880T0_88-143_1WFE:A:	0	4	2	0	0	15	9	4	0	85
ANID_07035T0_99-386_1RTQ:A:	0	9	4	8	0	27	18	18	0	291
ANID_07034T0_7-350_1QGX:A:	4	14	3	10	0	37	23	23	0	354
ANID_07030T0_332-456_1KQ6:A:	0	4	1	5	0	16	9	5	0	140
ANID_07030T0_531-613_1IP9:A:	1	4	0	2	0	11	6	3	0	84
ANID_07030T0_31-107_1SEM:A:	3	5	1	0	0	8	3	3	0	58
ANID_07030T0_149-227_1GBR:A:	6	4	1	0	0	15	7	3	0	73
ANID_06979T0_360-595_2B3Z:A:146-359	4	9	0	7	0	26	18	13	0	214
ANID_06978T0_105-189,218-527_1A12:A:	5	30	5	1	0	58	38	27	0	401
ANID_06975T0_2049-2222,2253-2450_1E8Y:A:726-1092	0	10	2	12	0	26	15	16	0	367
ANID_06975T0_265-402,601-761,938-1043,1076-1158_1OXJ:A:656-763	0	0	3	5	0	10	3	7	0	108
ANID_06975T0_1505-1552,1760-1857_1W3B:A:	0	0	0	23	0	35	6	26	0	388
ANID_06974T0_6-182_2FU5:C:3-175	0	6	0	4	0	13	5	5	0	173
ANID_07422T0_215-533,589-697_2GFO:A:762-1109	3	20	3	10	0	40	19	15	0	348
ANID_07422T0_90-177_2G45:A:173-285	5	6	0	2	0	17	5	9	0	117
ANID_07422T0_531-602_1WIV:A:	0	0	0	3	0	12	10	2	0	72
ANID_07431T0_295-362_1JM7:A:	2	0	1	3	0	11	9	5	0	103
ANID_07431T0_166-203_1U6P:A:	2	0	1	0	0	10	6	3	0	56
ANID_07436T0_27-133_2B5E:A:23-141	0	5	0	4	0	15	7	10	0	119
ANID_07436T0_233-362_2DJK:A:1-133	1	4	1	3	0	14	10	7	0	128
ANID_07436T0_324-472_2DJJ:A:6-121	0	4	0	2	0	14	14	8	0	116
ANID_07436T0_138-245_1BJX:A:	1	4	0	4	0	13	10	3	0	110
ANID_07440T0_19-58,211-275_1A17:A:	0	0	0	7	0	11	3	7	0	159
ANID_07447T0_498-714_1W3B:A:	0	0	0	23	0	35	6	26	0	388
ANID_07447T0_710-917_2OOE:A:21-549	2	0	2	28	0	36	16	28	0	529
ANID_07447T0_285-359_1FCH:A:	0	0	2	17	0	24	6	19	0	323
ANID_07447T0_426-487_1FCH:A:	0	0	2	17	0	24	6	19	0	323
ANID_07449T0_99-178_2QAL:R:19-73	2	0	1	2	0	7	5	3	0	55
ANID_07451T0_734-829,860-1061_1B26:A:179-412	2	7	0	10	0	25	9	14	0	234
ANID_07451T0_541-741_1V9L:A:4-179	1	5	3	5	0	19	11	6	0	176
ANID_07458T0_246-577_1PGU:A:327-613	0	28	0	0	0	31	21	20	0	287
ANID_07461T0_18-287_1J8F:A:	4	9	5	12	0	33	20	18	0	323
ANID_07463T0_45-437_1U7G:A:	2	2	6	15	0	21	14	16	0	383
ANID_07464T0_42-153,330-423,827-1047_1SU4:A:1-124,A:240-343,A:751-994	1	1	8	18	0	32	20	22	2	472
ANID_07464T0_427-447,611-880_1SU4:A:344-360,A:600-750	3	8	1	8	0	16	12	11	1	168
ANID_07464T0_435-683_1MO7:A:	2	9	0	5	0	32	19	9	0	213
ANID_07464T0_203-258,286-327_1SU4:A:125-239	2	9	3	0	0	21	10	7	0	115
ANID_07465T0_490-565_1W1W:E:	0	3	1	3	0	8	4	4	0	79
ANID_07466T0_112-423_1PW4:A:	2	0	1	18	0	21	18	22	0	450
ANID_07468T0_65-102_2HAP:C:55-97	0	0	1	2	0	6	3	2	0	43
ANID_07470T0_284-397_2GEY:A:2-145	2	6	0	5	0	9	3	9	0	144
ANID_07479T0_250-568_1N9W:A:111-414	6	8	4	10	0	20	15	10	0	304
ANID_07479T0_137-234_1C0A:A:1-106	0	5	3	1	0	12	3	7	0	106
ANID_07480T0_409-562_2CPD:A:223-308	0	5	0	2	0	8	7	4	0	86
ANID_07480T0_184-345_1P1T:A:	2	4	0	4	0	11	10	6	0	104
ANID_07491T0_11-244_1XD3:A:	5	6	1	8	0	24	9	15	0	229
ANID_07492T0_120-314_1VLR:A:146-337	1	8	3	7	0	21	9	10	0	192
ANID_07492T0_12-118_1ST0:A:38-145	1	6	1	2	0	11	6	5	0	108
ANID_10955T0_103-257_1WLJ:A:	0	7	1	7	0	16	4	10	0	173
ANID_10956T0_223-483_1FY7:A:	3	14	3	7	0	28	15	13	0	273
ANID_10956T0_15-117_1WGS:A:	0	4	0	0	0	9	6	6	0	132
ANID_10970T0_70-116_1QYP:A:	0	4	0	0	0	8	5	1	0	56
ANID_07499T0_263-458,491-600,827-1344_1B3U:A:	0	0	8	44	0	40	26	36	0	588
ANID_07505T0_266-603_2F2H:A:248-585	10	10	5	9	0	36	16	18	0	338
ANID_07505T0_1-265_2F2H:A:1-247	2	21	1	1	0	22	20	14	0	247
ANID_07505T0_605-691_2F2H:A:586-665	0	8	1	1	0	13	7	5	0	80
ANID_07508T0_2-43_1ZME:C:31-66	0	0	0	2	0	4	1	2	0	36
ANID_07511T0_29-328_1DP0:A:334-625	10	12	2	7	0	41	19	22	0	292
ANID_10945T0_101-158_2D9T:A:8-67	0	5	1	0	0	6	1	3	0	60
ANID_07513T0_452-576_1SSE:A:,B:	0	4	1	4	0	16	11	4	1	121
ANID_07513T0_155-215_1GD2:G:	0	0	0	1	0	3	1	0	0	69
ANID_10946T0_45-96,126-294_3CK2:A:1-173	1	11	2	2	0	25	13	13	0	173
ANID_10959T0_367-625_1H54:A:269-753	8	12	7	19	0	39	30	29	0	481
ANID_07515T0_62-269_1Y43:A:1-32,B:3-173	2	20	0	0	0	25	9	10	1	203
ANID_07518T0_343-418,507-548_2CND:A:125-270	0	8	3	6	0	14	9	6	0	146
ANID_07522T0_25-479_1TQN:A:	5	9	7	18	0	43	20	30	0	472
ANID_07525T0_47-236,267-328_1HYQ:A:	0	8	2	11	0	23	12	9	0	232
ANID_10947T0_141-320_1PQW:A:	0	7	2	7	0	15	7	13	0	183
ANID_10947T0_43-167_1YB5:A:6-120,A:295-329	2	9	3	2	0	18	11	6	1	150
ANID_10960T0_122-192_1Y9W:A:1-140	0	7	3	3	0	13	3	7	0	140
ANID_07529T0_27-231,334-436_2Q43:A:16-194,A:314-407	3	10	2	8	0	25	12	18	1	273
ANID_07529T0_218-318_1YSJ:A:178-292	0	4	0	2	0	9	4	1	0	115
ANID_07534T0_124-324_2VL8:A:1-542	5	8	6	20	0	50	23	33	0	542
ANID_07538T0_616-684,892-1070_1Z3I:X:390-735	0	10	6	11	0	41	29	23	0	346
ANID_07538T0_314-389,417-591_1Z63:A:432-661	0	7	2	11	0	24	16	18	0	230
ANID_07547T0_7-371_1I6I:A:	5	18	4	8	0	31	12	24	0	365
ANID_07547T0_493-597_2G1L:A:498-599	0	11	0	0	0	17	8	6	0	102
ANID_07547T0_1506-1616_1XX0:A:234-350	0	7	1	1	0	12	6	6	0	117
ANID_07550T0_199-591_1EI6:A:	8	19	7	15	0	50	30	24	0	406
ANID_07563T0_220-528_1JKS:A:	7	9	4	9	0	33	20	13	0	293
ANID_07563T0_1-43,86-190_1G3G:A:	0	11	0	3	0	24	14	7	0	164
ANID_07566T0_342-499_1WLJ:A:	0	7	1	7	0	16	4	10	0	173
ANID_07568T0_194-509_1DS1:A:	5	16	8	7	0	38	23	18	0	323
ANID_07571T0_554-620_2OAU:A:113-179	0	5	0	2	0	7	5	3	0	67
ANID_07571T0_450-482_1CMF:A:	2	0	1	4	0	7	5	5	0	73
ANID_10948T0_5-137,250-333_3C96:A:4-182,A:294-402	1	13	1	8	0	26	14	13	1	288
ANID_10948T0_143-253_3C96:A:183-293	3	5	0	4	0	12	4	7	0	111
ANID_07575T0_12-34,66-337,365-401_1Z45:A:11-357	2	11	2	11	0	33	21	15	0	347
ANID_07576T0_852-1058_1TX4:A:	0	0	4	12	0	17	9	13	0	196
ANID_07576T0_218-281_1X3H:A:8-42	2	2	0	0	0	8	2	3	0	35
ANID_07576T0_153-221_1X6A:A:8-41	4	0	0	0	0	10	4	3	0	34
ANID_07576T0_126-152_2D8X:A:8-32	1	2	0	0	0	5	3	2	0	25
ANID_10949T0_874-1086_1MT0:A:	2	10	3	10	0	20	20	20	0	241
ANID_10949T0_184-410_1OXS:C:1-242	0	11	6	8	0	23	18	13	0	242
ANID_07587T0_2-90_1WIK:A:	0	4	0	5	0	14	12	6	0	108
ANID_07588T0_5-248_1H1Y:A:	4	8	6	9	0	22	16	11	0	220
ANID_10964T0_702-876_2AVN:A:1-246	2	10	3	10	0	28	12	9	0	246
ANID_10963T0_3-95_1B34:A:	0	5	1	2	0	12	1	7	0	80
ANID_10950T0_33-518_1TQN:A:	5	9	7	18	0	43	20	30	0	472
ANID_07590T0_18-265_1H5Q:A:	2	10	7	8	0	25	12	15	0	260
ANID_10969T0_41-210_1FJJ:A:	5	8	2	1	0	21	10	12	0	158
ANID_10973T0_16-413_1O7X:A:	3	5	3	16	0	28	16	15	0	367
ANID_07594T0_1-124_1X6M:A:	1	11	5	3	0	24	13	10	0	195
ANID_07600T0_455-809_1B0P:A:786-1232	9	8	4	17	0	46	33	30	0	447
ANID_07600T0_1083-1288_1AOP:A:149-345	7	5	2	4	0	22	8	9	0	197
ANID_07600T0_782-937_1JA1:A:63-239	0	7	4	5	0	17	7	9	0	177
ANID_07600T0_1372-1508_1AOP:A:426-570	0	5	1	5	0	15	9	12	0	145
ANID_07600T0_950-1082_1AOP:A:81-145	2	4	1	2	0	8	2	2	0	65
ANID_07600T0_1291-1368_1AOP:A:346-425	0	7	2	2	0	8	3	4	0	80
ANID_07600T0_305-442_1B0P:A:259-415	1	7	1	4	0	20	14	8	0	157
ANID_07600T0_8-188_1B0P:A:2-258	2	11	0	10	0	22	13	9	0	257
ANID_07603T0_41-108_1C99:A:	0	0	1	2	0	2	1	1	0	79
ANID_07603T0_123-191_1C99:A:	0	0	1	2	0	2	1	1	0	79
ANID_07604T0_667-767,798-812_1KU0:A:	9	11	10	13	0	40	21	26	0	388
ANID_10966T0_7-76_1N9S:C:	0	6	2	0	0	6	4	4	0	74
ANID_07609T0_343-1046,1077-1207,1367-1391_1CEZ:A:	7	18	5	33	0	86	60	36	0	878
ANID_07613T0_449-695,772-806_1D2K:A:36-292,A:355-427	3	9	7	12	0	40	28	19	1	330
ANID_07613T0_695-770_1LG2:A:267-334	1	6	0	1	0	8	3	7	0	68
ANID_07613T0_408-430_1Q9B:A:	3	2	3	1	0	8	4	3	0	43
ANID_07613T0_262-303_1E0G:A:	0	2	1	2	0	8	1	3	0	48
ANID_07613T0_324-372_1E0G:A:	0	2	1	2	0	8	1	3	0	48
ANID_07617T0_1-73_1WVK:A:	0	2	3	1	0	14	12	6	0	85
ANID_07619T0_32-166_1AUN:A:	4	14	1	4	0	31	18	16	0	208
ANID_07621T0_13-272_1PYF:A:	6	11	6	11	0	33	19	21	0	311
ANID_07622T0_79-162_2BGK:A:11-278	0	7	5	9	0	26	17	16	0	268
ANID_10987T0_75-205_1ELW:A:	0	0	0	7	0	11	0	7	0	117
ANID_07625T0_27-330_1JKI:A:9-322,A:438-533	9	15	4	11	0	44	20	20	1	410
ANID_07625T0_331-375_1VKO:A:315-428	0	5	2	5	0	10	3	6	0	114
ANID_10976T0_3-43_1PYI:A:30-71	0	2	0	2	0	6	1	3	0	42
ANID_07628T0_136-427_2D5R:A:11-262	3	6	2	11	0	26	15	12	0	252
ANID_07630T0_60-329,359-425_1PGU:A:2-326	3	28	2	0	0	35	19	22	0	325
ANID_07632T0_4-192_1M6H:A:1-162,A:339-373	4	11	2	4	0	25	15	14	1	197
ANID_07632T0_167-343_1M6H:A:163-338	2	7	4	8	0	23	12	12	0	176
ANID_07632T0_327-376_1CDO:A:1-164,A:340-374	2	12	5	3	0	26	16	14	1	199
ANID_07636T0_143-327_1PQW:A:	0	7	2	7	0	15	7	13	0	183
ANID_07636T0_10-164_1RJW:A:1-137,A:306-339	5	11	3	3	0	24	12	10	1	171
ANID_07637T0_2001-2195_1YKS:A:185-324	0	6	0	4	0	11	11	10	0	138
ANID_07642T0_29-320_1ACO:A:2-528	11	21	6	16	0	60	33	33	0	527
ANID_10988T0_2-175,349-452_3C96:A:4-182,A:294-402	1	13	1	8	0	26	14	13	1	288
ANID_10977T0_8-125_2R4I:A:1-122	0	6	0	4	0	7	1	7	0	122
ANID_07648T0_44-459_1PW4:A:	2	0	1	18	0	21	18	22	0	450
ANID_07649T0_20-84_2BSK:A:13-85	0	0	0	3	0	4	2	0	0	73
ANID_10994T0_4-153_1QCQ:A:	5	4	1	4	0	17	8	11	0	148
ANID_10998T0_10-198_1FUX:A:	3	12	1	1	0	25	7	14	0	165
ANID_07656T0_14-434_1ZOD:A:3-433	2	20	0	15	0	44	14	32	0	431
ANID_07657T0_50-303_1GHS:A:	3	12	6	10	0	35	17	17	0	306
ANID_10981T0_227-398_2BZ1:A:1-174	0	7	0	7	0	17	9	10	0	174
ANID_10990T0_17-320_1O5K:A:	0	10	4	12	0	25	12	16	0	305
ANID_07662T0_412-490,543-583_2PIA:A:104-223	0	5	2	4	0	13	9	8	0	120
ANID_07662T0_305-421_1QFJ:A:1-97	0	6	0	1	0	11	7	3	0	97
ANID_07663T0_118-307_1MX3:A:126-318	2	7	0	8	0	22	16	16	0	193
ANID_07663T0_1-138_1YGY:A:3-98,A:283-316	4	5	2	4	0	19	10	9	1	130
ANID_07665T0_134-203_2NN6:D:147-235	0	4	0	2	0	9	4	3	0	89
ANID_07665T0_8-133_2NN6:D:25-146	0	5	1	2	0	10	5	2	0	122
ANID_07666T0_260-578_1U0T:A:	0	20	3	5	0	30	14	14	0	302
ANID_07667T0_14-219,251-474_1PV7:A:	0	0	2	22	0	18	12	14	0	417
ANID_07672T0_196-282,315-377_1QG8:A:	2	9	4	8	0	22	13	12	0	255
ANID_07676T0_1217-1461_3B60:A:329-581	4	10	2	9	0	24	18	16	0	253
ANID_07676T0_596-801_1R0W:A:	0	11	2	12	1	27	19	16	0	281
ANID_07676T0_861-911,943-1207_1PF4:A:10-320	0	0	9	16	0	12	11	14	0	310
ANID_07676T0_380-586_2HYD:A:1-323	0	0	1	15	1	9	5	12	0	323
ANID_07682T0_3-142_1GW5:S:	0	7	0	5	0	11	6	9	0	142
ANID_11003T0_8-53_1CLD:A:	0	0	0	2	0	4	2	1	0	33
ANID_11002T0_4-311_1JUH:A:	3	25	2	4	0	48	27	20	0	348
ANID_07686T0_7-132_1G3G:A:	0	11	0	3	0	24	14	7	0	164
ANID_10991T0_40-252_1A3G:A:	5	16	3	7	0	37	19	17	0	305
ANID_07697T0_589-661,701-745_1OXB:B:	0	5	0	5	0	13	11	4	0	124
ANID_07698T0_219-286_1SHF:A:	3	5	1	0	0	9	3	2	0	59
ANID_07700T0_393-509_2U1A:A:	0	4	1	2	0	11	8	4	0	88
ANID_07700T0_123-214_1FXL:A:37-118	0	6	0	2	0	9	4	5	0	82
ANID_07701T0_3-98_1FJG:P:	0	5	0	2	0	13	6	5	0	83
ANID_10986T0_62-246,469-559_1Q7L:A:,B:	3	10	4	8	0	31	16	18	1	280
ANID_10986T0_266-313,362-419_1YSJ:A:178-292	0	4	0	2	0	9	4	1	0	115
ANID_07025T0_184-218,258-322_1WHR:A:	0	3	1	3	0	17	10	4	0	123
ANID_07019T0_183-604_3C10:A:515-900	8	10	9	12	0	47	19	25	0	386
ANID_07017T0_17-261_1CT5:A:	2	8	1	9	0	23	11	9	0	244
ANID_07016T0_4-577_1GW5:A:	0	2	4	33	0	46	32	22	0	620
ANID_07016T0_791-907_1QTS:A:825-938	0	6	2	3	0	8	6	5	0	114
ANID_07016T0_661-790_1W80:A:694-824	1	8	1	2	0	13	6	5	0	131
ANID_07010T0_56-358_1XUB:A:1-128	0	9	1	2	0	13	10	5	0	128
ANID_07008T0_31-222_1WDK:A:311-496	0	8	3	6	0	20	12	8	0	186
ANID_07008T0_222-319_1F0Y:A:204-302	3	0	1	5	0	8	3	5	0	99
ANID_07005T0_443-688_1O6V:A:33-416	1	19	16	2	0	68	27	29	0	381
ANID_07005T0_757-909_1H6U:A:36-262	1	11	8	3	0	40	14	19	0	227
ANID_07000T0_30-274_1EUC:B:0-245	3	13	3	7	0	25	12	15	0	245
ANID_07000T0_278-420_2SCU:B:239-385	1	6	0	6	0	15	10	5	0	147
ANID_06999T0_50-121_1NEX:B:270-369	0	0	0	7	0	9	5	6	0	100
ANID_06996T0_213-255,292-304,338-439,494-571,614-632_1JPA:A:	2	8	5	9	0	28	13	13	0	299
ANID_06993T0_4-194_1VDM:A:1-153	3	9	0	3	0	18	9	6	0	153
ANID_10875T0_8-221_1XU9:A:	3	7	4	10	0	27	13	12	0	285
ANID_10874T0_6-145_2F4W:A:12-168	3	4	0	5	0	17	7	9	0	157
ANID_06988T0_122-370_2CE7:A:150-402	2	5	6	9	0	24	12	16	0	253
ANID_07418T0_489-675_1FOH:A:462-662	10	7	3	4	0	22	21	18	0	201
ANID_07418T0_11-252,355-470_1FOH:A:1-240,A:342-461	4	15	4	9	0	43	22	18	1	360
ANID_07418T0_249-351_1FOH:A:241-341	0	5	0	1	0	7	4	3	0	101
ANID_07399T0_34-512_3CZH:A:40-502	7	8	4	16	0	42	19	26	0	462
ANID_07389T0_156-351_1AOZ:A:130-338	4	11	1	2	0	31	19	15	0	209
ANID_07389T0_31-182_1A65:A:1-131	5	9	2	0	0	21	7	12	0	131
ANID_07389T0_357-576_1AOZ:A:339-552	0	13	2	4	0	28	17	12	0	214
ANID_07387T0_172-280_1YQG:A:153-263	0	0	0	6	0	4	3	7	0	111
ANID_07387T0_8-167_1YQG:A:1-152	0	8	1	5	0	19	9	9	0	152
ANID_07382T0_9-187,287-378_3C96:A:4-182,A:294-402	1	13	1	8	0	26	14	13	1	288
ANID_07382T0_196-286_2VOU:A:164-291	3	6	1	4	0	14	7	8	0	128
ANID_07379T0_3-41_1ZME:C:31-66	0	0	0	2	0	4	1	2	0	36
ANID_07375T0_67-432_2FK8:A:22-301	1	7	4	11	0	29	16	16	0	281
ANID_07374T0_1-95,122-194_2ATR:A:1-137	0	5	2	4	0	11	7	7	0	137
ANID_10932T0_29-257,368-438_1R3N:A:18-247,A:364-455	6	11	2	10	0	36	26	18	1	322
ANID_10932T0_247-358_1R3N:A:248-363	0	7	1	2	0	11	4	5	0	116
ANID_10935T0_181-498_2F2H:A:248-585	10	10	5	9	0	36	16	18	0	338
ANID_10935T0_506-589_2F2H:A:586-665	0	8	1	1	0	13	7	5	0	80
ANID_07370T0_28-216_1DKG:D:3-185	4	12	2	5	0	21	12	11	0	183
ANID_07370T0_226-433_1JCF:A:141-336	2	9	2	9	0	18	11	7	0	196
ANID_10937T0_68-221,267-454_1HOW:A:	5	10	4	11	0	39	18	24	0	362
ANID_07367T0_1-56,93-337_1J31:A:	1	16	2	7	0	32	15	15	0	262
ANID_07365T0_16-110_1F2E:A:1-80	1	5	0	3	0	10	5	9	0	80
ANID_07365T0_181-263_1HQO:A:201-354	2	0	1	7	0	9	5	7	0	154
ANID_07364T0_244-400_2OC5:A:20-241	0	0	3	8	0	8	2	6	0	222
ANID_07364T0_6-121_1Z01:A:16-163	4	10	4	2	0	21	7	14	0	148
ANID_07359T0_41-513_1TQN:A:	5	9	7	18	0	43	20	30	0	472
ANID_07358T0_65-435_2GP4:A:1-418	5	7	4	13	0	30	17	20	0	418
ANID_07358T0_437-635_2GP4:A:419-608	2	8	8	5	0	22	17	12	0	190
ANID_07356T0_12-146_2AV9:A:5-146	5	5	2	2	0	16	7	8	0	142
ANID_07351T0_45-195,250-463_1PW4:A:	2	0	1	18	0	21	18	22	0	450
ANID_07346T0_4-44_1D66:A:8-48	0	0	0	2	0	4	1	2	0	41
ANID_07344T0_62-284,328-544_1PV7:A:	0	0	2	22	0	18	12	14	0	417
ANID_10929T0_136-175,244-389_2NR9:A:4-192	0	0	2	8	0	13	11	7	0	189
ANID_07324T0_6-216,312-368_1PJ5:A:4-219,A:339-427	2	17	6	8	0	32	16	16	1	305
ANID_07324T0_216-311_1PJ5:A:220-338	3	6	5	1	0	14	7	6	0	119
ANID_07321T0_261-344,471-739_1U5R:A:	5	8	4	12	0	31	20	16	0	309
ANID_07316T0_17-282_1K07:A:	6	12	3	8	0	24	9	16	0	262
ANID_07315T0_11-489_1O9J:A:	5	22	4	17	0	50	32	20	0	494
ANID_10925T0_382-416_1CHC:A:	0	3	0	1	0	9	8	3	0	68
ANID_10923T0_126-184,218-276_2O5A:A:2-114	3	5	1	2	0	10	6	7	0	113
ANID_07302T0_17-231_2A6Z:A:7-227	4	15	5	1	0	27	18	12	0	221
ANID_07300T0_446-501_1MM2:A:	2	0	0	0	0	14	8	4	0	60
ANID_07300T0_545-633_1MM2:A:	2	0	0	0	0	14	8	4	0	60
ANID_07299T0_8-256,327-350_1XGS:A:1-194,A:272-295	7	13	0	4	0	29	8	16	1	218
ANID_07299T0_253-326_1B6A:A:375-448	0	5	0	3	0	8	5	4	0	74
ANID_07298T0_9-266_1VYB:A:	1	14	3	4	0	23	11	11	0	236
ANID_07296T0_83-157,281-378,420-554,741-910,1028-1085_1Z3X:A:1-87	0	0	0	5	0	7	4	5	0	87
ANID_07295T0_87-533_1PW4:A:	2	0	1	18	0	21	18	22	0	450
ANID_07294T0_124-175_1MM2:A:	2	0	0	0	0	14	8	4	0	60
ANID_07294T0_4-87_1IYM:A:	0	2	0	1	0	11	6	4	0	54
ANID_07289T0_192-323_1V6F:A:	0	8	2	4	0	18	10	4	0	150
ANID_07289T0_1-126_1M4J:A:	1	5	2	5	0	12	6	4	0	133
ANID_07288T0_468-666_1XTT:A:2-216	0	14	2	6	0	24	15	8	0	215
ANID_07288T0_24-170_1KAG:A:	0	5	1	7	0	12	8	5	0	169
ANID_07288T0_235-400_1YMQ:A:2-261	3	13	6	10	0	30	16	15	0	260
ANID_10922T0_213-336_1RYA:A:	3	7	3	5	0	18	9	7	0	160
ANID_07278T0_26-476_1PMM:A:	9	13	6	12	0	49	26	25	0	450
ANID_07272T0_185-400_2HYD:A:1-323	0	0	1	15	1	9	5	12	0	323
ANID_07272T0_467-564_2HYD:A:324-578	2	10	5	9	0	25	21	16	0	255
ANID_07268T0_5-230_1JTV:A:	2	7	4	11	0	26	15	16	0	285
ANID_07267T0_4-287,487-543_1CF3:A:3-324,A:521-583	17	12	7	11	0	49	28	29	1	385
ANID_07267T0_370-491_1JU2:A:294-463	3	9	1	2	0	26	19	6	0	170
ANID_07264T0_81-270_1XXL:A:	5	8	2	9	0	23	10	12	0	238
ANID_07260T0_86-155,201-333,390-536_1Y6I:A:1-82	0	0	0	5	0	8	5	4	0	82
ANID_07255T0_71-193_1XHS:A:	0	6	0	2	0	14	7	7	0	113
ANID_07254T0_485-777_1OZ4:A:471-763	2	0	3	7	0	31	24	19	0	292
ANID_07254T0_212-470_1E32:A:201-458	3	5	4	12	0	28	13	14	0	258
ANID_07254T0_119-210_1E32:A:107-200	5	5	1	2	0	13	7	9	0	94
ANID_07254T0_33-117_1E32:A:21-106	0	6	0	2	0	14	4	9	0	86
ANID_07252T0_64-129_1KW4:A:	0	0	2	5	0	7	1	4	0	70
ANID_07252T0_384-458_2RGF:A:	0	5	0	2	0	11	9	6	0	97
ANID_07246T0_459-529,691-933,960-1023_1RIF:A:	0	15	5	10	0	30	15	19	0	282
ANID_07246T0_1316-1525_1IN4:A:17-254	2	5	3	9	0	21	12	15	0	238
ANID_07246T0_1838-2106_1IXZ:A:	2	5	3	11	0	25	13	15	0	247
ANID_07246T0_1559-1806_1JBK:A:	0	6	2	10	0	18	8	13	0	194
ANID_07237T0_278-553_1Q7E:A:	0	11	5	17	0	41	21	30	0	427
ANID_07237T0_48-269_1P5H:A:	3	12	5	17	0	48	21	36	0	427
ANID_07235T0_45-373_2ICH:A:24-351	2	23	2	0	0	34	18	20	0	328
ANID_07231T0_33-213_1K4Y:A:	3	16	3	17	0	57	37	29	0	534
ANID_07229T0_451-870_1P49:A:	2	17	7	13	0	62	48	36	0	553
ANID_07228T0_20-245,317-432_1W4X:A:10-154,A:390-542	6	10	5	9	0	33	21	19	1	298
ANID_10915T0_5-53,236-316_1N3J:A:	3	9	0	2	0	19	13	1	0	119
ANID_07223T0_25-69_1PYI:A:30-71	0	2	0	2	0	6	1	3	0	42
ANID_10913T0_23-441_2CFB:A:19-411	4	14	1	12	0	33	18	27	0	393
ANID_07214T0_29-322_1JEH:A:1-160,A:283-355	5	10	0	6	0	22	12	12	1	233
ANID_07213T0_67-261_2PL5:A:5-366	8	12	4	9	0	39	31	22	0	362
ANID_07213T0_158-216,308-463_2PL5:A:5-366	8	12	4	9	0	39	31	22	0	362
ANID_10912T0_14-56_2HAP:C:55-97	0	0	1	2	0	6	3	2	0	43
ANID_10911T0_11-51_1ZME:C:31-66	0	0	0	2	0	4	1	2	0	36
ANID_07208T0_42-144_1N3J:A:	3	9	0	2	0	19	13	1	0	119
ANID_09514T0_114-314_1YGY:A:99-282	3	7	2	7	0	24	14	12	0	184
ANID_09514T0_5-134_2NAC:A:1-147,A:336-374	8	7	2	6	0	29	15	14	1	186
ANID_07205T0_210-481_1ERJ:A:	2	30	1	1	0	43	24	22	0	388
ANID_07200T0_34-230,294-466,497-530_1PV7:A:	0	0	2	22	0	18	12	14	0	417
ANID_07194T0_120-287_1PQW:A:	0	7	2	7	0	15	7	13	0	183
ANID_07194T0_7-147_1YB5:A:6-120,A:295-329	2	9	3	2	0	18	11	6	1	150
ANID_07193T0_6-309_1US0:A:	10	10	4	10	0	46	22	22	0	314
ANID_07185T0_101-251,382-556_1HOW:A:	5	10	4	11	0	39	18	24	0	362
ANID_07178T0_45-242_1DIQ:A:7-242	4	11	2	6	0	33	17	19	0	236
ANID_07177T0_91-126_1F8A:B:1-42	0	3	0	0	0	5	2	3	0	38
ANID_07174T0_63-158_1H88:C:89-143	0	0	0	3	0	6	5	5	0	55
ANID_07174T0_5-60_1H88:C:89-143	0	0	0	3	0	6	5	5	0	55
ANID_07170T0_180-272_1AM9:A:	0	0	0	2	0	4	1	1	0	80
ANID_07169T0_2-151_1CQX:A:1-150	0	0	3	6	0	8	3	6	0	150
ANID_07169T0_271-405_1CQX:A:262-403	2	6	2	4	0	18	11	8	0	142
ANID_07169T0_148-265_1CQX:A:151-261	3	6	0	1	0	16	6	5	0	111
ANID_10902T0_40-276_1SOR:A:	0	0	1	9	0	19	13	9	0	235
ANID_07167T0_41-240,276-358,387-510_1PW4:A:	2	0	1	18	0	21	18	22	0	450
ANID_07162T0_9-202_1EJE:A:	2	14	2	5	0	21	6	13	0	192
ANID_07161T0_110-328_1DMH:A:	5	16	0	7	0	41	16	24	0	309
ANID_07157T0_47-123_1PV7:A:	0	0	2	22	0	18	12	14	0	417
ANID_07156T0_4-163_1OFG:A:1-160,A:323-381	1	7	4	8	0	25	13	9	1	219
ANID_07156T0_137-221,276-328_1ZH8:A:132-275	2	8	2	3	0	12	7	8	0	144
ANID_07155T0_15-169_1IKN:D:	0	0	3	10	0	26	9	18	0	221
ANID_07153T0_83-280_1W1O:A:40-245	2	10	2	6	0	23	19	14	0	206
ANID_07146T0_79-306,337-376_2O57:A:16-297	0	7	3	11	0	24	14	16	0	282
ANID_07143T0_24-168_1HDJ:A:	0	0	1	4	0	9	2	7	0	76
ANID_07142T0_58-318_1P49:A:	2	17	7	13	0	62	48	36	0	553
ANID_07141T0_5-463_1EUH:A:	5	24	5	14	0	44	29	25	0	474
ANID_07140T0_25-234_1BD0:A:12-244	2	9	3	9	0	27	16	11	0	233
ANID_07139T0_215-360_1QJG:A:	0	9	1	3	0	12	7	6	0	125
ANID_07138T0_57-280,342-557_1PW4:A:	2	0	1	18	0	21	18	22	0	450
ANID_10901T0_570-987,1030-1053_1WYU:B:2-472	8	12	4	15	0	59	32	31	0	473
ANID_10901T0_78-535_1WYU:A:1-437	7	13	8	13	0	46	28	24	0	437
ANID_10903T0_82-417_2UZ9:A:76-388	0	10	3	14	0	26	16	19	0	313
ANID_07131T0_2-458_1BU7:A:	0	12	10	16	0	39	22	21	0	455
ANID_07130T0_4-242_1XKL:A:	1	8	4	10	0	28	15	17	0	258
ANID_07123T0_572-711_1PHK:A:	4	9	5	8	0	32	15	17	0	277
ANID_07121T0_68-362_1DTD:A:	4	8	2	9	0	37	20	18	0	303
ANID_07118T0_16-65_1X6E:A:8-40	0	2	1	1	0	4	3	1	0	33
ANID_07118T0_78-118_1PYI:A:30-71	0	2	0	2	0	6	1	3	0	42
ANID_07117T0_109-346_1W91:A:14-360	7	16	7	9	0	42	31	17	0	347
ANID_07115T0_33-231_2BE3:A:1-203	0	5	1	7	0	13	5	10	0	203
ANID_07113T0_29-330_2BHT:A:2-293	0	10	5	9	0	34	20	16	0	292
ANID_07113T0_374-490_1TQ1:A:	2	5	0	5	0	13	8	7	0	119
ANID_07108T0_12-173,209-275_1ODF:A:	2	10	3	9	0	28	17	16	0	286
ANID_07106T0_25-193_1U5T:A:20-164	0	3	1	6	0	9	4	8	0	145
ANID_07106T0_194-256_1U5T:A:165-232	1	2	1	3	0	7	4	3	0	68
ANID_10896T0_1-230_1HDO:A:	0	10	3	5	0	24	20	11	0	205
ANID_07099T0_377-488_1A17:A:	0	0	0	7	0	11	3	7	0	159
ANID_07088T0_6-406_1PV7:A:	0	0	2	22	0	18	12	14	0	417
ANID_07086T0_3-52_1FQV:A:107-145	0	0	0	3	0	4	4	4	0	39
ANID_07081T0_99-296_1W1O:A:40-245	2	10	2	6	0	23	19	14	0	206
ANID_07075T0_38-228_1W1O:A:40-245	2	10	2	6	0	23	19	14	0	206
ANID_07074T0_26-259_1ZEM:A:3-262	4	7	4	10	0	23	15	14	0	260
ANID_07705T0_6-330_1VYH:C:92-408	0	28	1	0	0	39	25	14	0	317
ANID_07706T0_62-170_1NO8:A:	0	6	0	2	0	11	6	3	0	78
ANID_07708T0_12-271_1HW6:A:	4	9	4	10	0	28	14	13	0	262
ANID_07710T0_4-240_2FDR:A:3-224	3	6	3	11	0	22	9	15	0	222
ANID_07714T0_246-563,620-760_1YA0:A:1-497	3	2	6	21	0	32	18	18	0	497
ANID_07715T0_162-378_1QG8:A:	2	9	4	8	0	22	13	12	0	255
ANID_07721T0_8-463_1RH5:A:	4	2	2	14	0	28	20	20	0	422
ANID_07729T0_1276-1520_1MV5:A:	2	12	1	8	1	29	24	14	0	242
ANID_07729T0_964-1266_1PF4:A:10-320	0	0	9	16	0	12	11	14	0	310
ANID_07729T0_616-846_1R0W:A:	0	11	2	12	1	27	19	16	0	281
ANID_07729T0_289-602_2HYD:A:1-323	0	0	1	15	1	9	5	12	0	323
ANID_07734T0_162-230_1AN4:A:	0	0	0	2	0	4	3	3	0	64
ANID_07735T0_162-273_1N10:A:1003-1145	3	6	1	3	0	18	11	9	0	143
ANID_07735T0_278-352_1N10:A:1146-1240	2	8	0	0	0	16	6	4	0	95
ANID_07736T0_433-507_1N11:A:	0	0	1	24	0	48	15	35	0	408
ANID_07736T0_58-94_2ADR:A:102-130	2	0	0	1	0	5	2	2	0	29
ANID_07738T0_34-157_1O4T:A:	0	11	2	0	0	13	8	5	0	115
ANID_07741T0_160-446_1I31:A:	1	16	2	0	0	27	16	7	0	277
ANID_07741T0_1-138_1GW5:M:1-141	2	5	1	4	0	13	8	7	0	140
ANID_07742T0_32-146_1QVC:A:	0	7	0	1	0	20	11	4	0	145
ANID_07750T0_12-106_1XOD:A:10-123	0	8	1	1	0	9	2	4	0	114
ANID_07750T0_306-436,464-600,679-695_2I9C:A:3-123	0	0	1	5	0	8	4	6	0	121
ANID_11008T0_31-204,300-412_3C96:A:4-182,A:294-402	1	13	1	8	0	26	14	13	1	288
ANID_07752T0_46-411_1HRK:A:	4	8	4	13	1	33	20	19	0	359
ANID_07760T0_17-234_1URU:A:	2	0	0	4	0	8	3	8	0	217
ANID_07760T0_388-455_1OOT:A:	3	5	1	0	0	9	4	4	0	58
ANID_07762T0_10-240_1QMH:A:5-184,A:280-338	5	11	0	7	0	25	12	12	1	239
ANID_11023T0_4-183,215-372_1I9Z:A:	8	11	3	8	0	32	15	14	0	345
ANID_11009T0_86-333_1DV1:A:115-330	3	7	1	6	0	20	10	7	0	216
ANID_11009T0_5-114_1ULZ:A:1-114	0	5	1	6	0	12	6	6	0	114
ANID_11009T0_340-462_1DV1:A:331-446	3	7	0	4	0	16	7	5	0	116
ANID_11009T0_568-643_1O78:A:	4	6	0	0	0	18	11	2	0	84
ANID_07773T0_34-510_1BU7:A:	0	12	10	16	0	39	22	21	0	455
ANID_07780T0_1-134_1LQP:A:	0	9	0	3	0	16	5	7	0	134
ANID_07781T0_73-326_1UV4:A:3-293	7	20	2	0	0	35	18	20	0	291
ANID_07783T0_957-1180_1XCG:A:714-941	0	1	2	11	0	8	9	10	0	228
ANID_07783T0_1197-1256,1306-1354_1UPQ:A:	0	7	1	1	0	13	8	5	0	107
ANID_11010T0_264-439_1FKM:A:249-442	2	0	8	8	0	13	13	10	0	194
ANID_11010T0_415-517_1FKM:A:443-630	0	0	1	8	0	10	3	8	0	188
ANID_11010T0_698-780,880-925_1JBA:A:	2	2	0	10	0	19	13	6	0	189
ANID_07787T0_19-335_2CSG:A:3-419	10	12	6	15	0	56	28	26	0	417
ANID_07789T0_33-357_1JU3:A:5-351	2	14	1	13	1	36	21	29	0	347
ANID_07789T0_364-455,485-588_1JU3:A:352-574	4	11	4	0	0	33	18	11	0	223
ANID_07790T0_39-240,275-499_1PV7:A:	0	0	2	22	0	18	12	14	0	417
ANID_07795T0_354-465,519-541_1AGR:E:	0	0	0	9	0	8	4	12	0	128
ANID_07798T0_223-453_1Q9J:A:181-418	4	7	1	5	0	21	13	10	0	238
ANID_07800T0_297-524,569-593_1PW4:A:	2	0	1	18	0	21	18	22	0	450
ANID_07800T0_60-254_1PV7:A:	0	0	2	22	0	18	12	14	0	417
ANID_07801T0_23-298_2GZS:A:41-305	0	8	2	10	0	22	13	14	0	265
ANID_07804T0_34-270,340-440_1W4X:A:10-154,A:390-542	6	10	5	9	0	33	21	19	1	298
ANID_07812T0_63-382,578-637_1GPE:A:1-328,A:525-587	13	16	6	10	0	49	25	31	1	391
ANID_07812T0_384-579_1CF3:A:325-520	4	8	6	6	0	21	11	8	0	196
ANID_11021T0_1-98_1Q4R:A:	0	4	0	4	0	11	5	5	0	103
ANID_07817T0_11-272_1UAY:A:	2	7	1	9	0	24	15	13	0	241
ANID_07821T0_19-263_1YO6:A:1-250	2	8	5	8	0	24	10	16	0	250
ANID_08298T0_13-53_1CLD:A:	0	0	0	2	0	4	2	1	0	33
ANID_08304T0_905-1090,1122-1190_1UOH:A:	0	0	1	14	0	27	7	20	0	223
ANID_08304T0_720-846_1AWC:B:	0	0	0	10	0	18	2	16	0	153
ANID_08309T0_42-516_1DT6:A:	6	6	3	14	0	50	32	19	0	472
ANID_08310T0_76-140,193-316_1QTR:A:	0	8	6	9	0	28	23	22	0	314
ANID_08312T0_27-206_1EB6:A:	3	4	1	8	0	19	12	10	0	177
ANID_08317T0_92-307_1DIQ:A:7-242	4	11	2	6	0	33	17	19	0	236
ANID_08317T0_310-543_1F0X:A:274-567	2	7	0	9	0	22	13	11	0	294
ANID_08323T0_5-156,247-335_1JYS:A:	2	10	1	6	0	21	9	12	0	230
ANID_08330T0_4-140_1YB5:A:6-120,A:295-329	2	9	3	2	0	18	11	6	1	150
ANID_08330T0_120-259_1PL7:A:146-316	0	6	0	7	0	22	14	8	0	171
ANID_08334T0_324-375_2IUB:A:286-349	0	0	0	2	0	2	2	2	0	64
ANID_08341T0_38-275,314-551_1P49:A:	2	17	7	13	0	62	48	36	0	553
ANID_08344T0_826-1048_2HYD:A:324-578	2	10	5	9	0	25	21	16	0	255
ANID_08344T0_138-376_1OXS:C:1-242	0	11	6	8	0	23	18	13	0	242
ANID_08354T0_6-284_1QYC:A:	1	13	4	12	0	30	15	23	0	307
ANID_08355T0_9-46_2HAP:C:55-97	0	0	1	2	0	6	3	2	0	43
ANID_08356T0_8-209_1F8F:A:4-162,A:337-371	5	9	5	4	0	23	12	10	1	194
ANID_08356T0_177-353_1F8F:A:163-336	0	6	3	7	0	16	13	12	0	174
ANID_08360T0_36-284_1BKJ:A:	2	5	2	11	0	20	9	11	0	239
ANID_08362T0_97-183_3C8W:A:5-254	0	17	1	3	0	24	13	12	0	250
ANID_08364T0_2-66_1JYS:A:	2	10	1	6	0	21	9	12	0	230
ANID_08366T0_40-431_1PW4:A:	2	0	1	18	0	21	18	22	0	450
ANID_08372T0_59-207_3DHW:C:1-240	3	10	1	7	0	21	17	12	0	240
ANID_08377T0_34-102_1H88:C:89-143	0	0	0	3	0	6	5	5	0	55
ANID_08377T0_86-153_1IDZ:A:	0	0	0	3	0	6	4	3	0	54
ANID_08378T0_10-175,223-310_3C96:A:4-182,A:294-402	1	13	1	8	0	26	14	13	1	288
ANID_11077T0_26-213_1KRR:A:	6	18	1	3	0	40	15	16	0	200
ANID_11085T0_11-270_1GCO:A:	2	7	8	9	0	24	12	14	0	261
ANID_08388T0_33-136,205-273_1JYS:A:	2	10	1	6	0	21	9	12	0	230
ANID_08389T0_60-474_1RPA:A:	3	6	4	14	0	35	19	18	0	342
ANID_08391T0_11-58_1PYI:A:30-71	0	2	0	2	0	6	1	3	0	42
ANID_08392T0_335-671_1ZY9:A:178-525	7	19	7	9	0	39	18	21	0	348
ANID_08394T0_52-269_1PW4:A:	2	0	1	18	0	21	18	22	0	450
ANID_08395T0_20-125_2CIW:A:0-119	2	2	2	3	0	17	10	8	0	119
ANID_08396T0_6-180_1PVD:A:2-181	0	8	3	6	0	14	9	8	0	180
ANID_08396T0_368-562_1PVD:A:361-556	2	6	4	9	0	22	7	15	0	196
ANID_08396T0_168-337_1QPB:A:182-360	0	9	4	4	0	18	11	9	0	179
ANID_08398T0_85-339_1XHL:A:	2	7	6	11	0	28	13	15	0	274
ANID_08399T0_91-119,165-255,372-482,856-1074_1SU4:A:1-124,A:240-343,A:751-994	1	1	8	18	0	32	20	22	2	472
ANID_08399T0_486-506,655-913_1SU4:A:344-360,A:600-750	3	8	1	8	0	16	12	11	1	168
ANID_08399T0_495-708_1SU4:A:361-599	0	13	3	7	0	21	11	13	0	239
ANID_08399T0_256-369_1SU4:A:125-239	2	9	3	0	0	21	10	7	0	115
ANID_08400T0_25-177,210-264,296-515_1PW4:A:	2	0	1	18	0	21	18	22	0	450
ANID_08403T0_8-271_1FMC:A:	2	7	3	9	0	25	11	15	0	255
ANID_08405T0_114-283_1W1O:A:40-245	2	10	2	6	0	23	19	14	0	206
ANID_08406T0_1-164_1KOL:A:2-160,A:356-397	6	11	2	6	0	34	16	13	1	201
ANID_08406T0_142-309_1YKF:A:140-313	2	7	1	7	0	16	9	11	0	174
ANID_08408T0_86-493_1TQN:A:	5	9	7	18	0	43	20	30	0	472
ANID_08411T0_59-497_1BU7:A:	0	12	10	16	0	39	22	21	0	455
ANID_08412T0_2926-3480_1AMU:A:	4	26	5	15	0	55	36	34	0	514
ANID_08412T0_4-385,418-437_2GFV:A:2-251	6	7	3	10	0	28	13	17	0	250
ANID_08412T0_556-685,755-859_1MLA:A:3-127,A:198-307	2	5	1	12	0	22	14	13	1	235
ANID_08412T0_2683-2936_1L5A:A:175-424	4	7	2	7	0	24	11	13	0	250
ANID_08412T0_1420-1584_1VE3:A:2-227	0	10	2	7	0	20	9	11	0	226
ANID_08412T0_2511-2677_1L5A:A:1-174	1	6	2	5	0	15	9	11	0	174
ANID_08412T0_2087-2228_2FR1:A:1657-1915	2	9	2	10	0	25	12	17	0	259
ANID_08412T0_3614-3900_1R6D:A:	3	12	4	12	0	35	11	18	0	322
ANID_08412T0_688-753_1MLA:A:128-197	0	4	0	2	0	6	5	4	0	70
ANID_08412T0_3496-3568_1DNY:A:	0	0	0	4	0	8	7	2	0	76
ANID_08412T0_2331-2396_2PNG:A:1-76	0	0	1	5	0	12	9	8	0	89
ANID_08415T0_21-278_1JQI:A:4-234	3	8	4	7	0	17	12	12	0	231
ANID_08415T0_265-424_1EGD:A:242-396	2	2	3	5	0	4	4	8	0	155
ANID_08420T0_37-119_1KBI:A:1-97	4	4	3	4	0	14	7	8	0	97
ANID_08421T0_36-316_1KS8:A:	12	3	3	18	0	47	26	25	0	432
ANID_08430T0_6-305_2FLU:X:325-609	14	28	0	0	0	37	15	14	0	285
ANID_08431T0_23-56_2HAP:C:55-97	0	0	1	2	0	6	3	2	0	43
ANID_08435T0_14-219,259-400_1JS8:A:2503-2791	6	6	6	9	0	29	19	22	0	289
ANID_08438T0_181-456_1TQN:A:	5	9	7	18	0	43	20	30	0	472
ANID_11081T0_9-297,328-360_1R6D:A:	3	12	4	12	0	35	11	18	0	322
ANID_08445T0_215-453_1QQ9:A:	4	8	1	9	0	26	19	18	0	277
ANID_08445T0_96-182_1DE4:C:190-382	5	12	2	3	0	32	18	14	0	193
ANID_08446T0_12-263,384-438_1EL5:A:1-217,A:322-385	0	16	6	7	0	31	12	17	1	281
ANID_08446T0_276-383_1EL5:A:218-321	2	6	2	2	0	13	4	6	0	104
ANID_08448T0_32-479_1PW4:A:	2	0	1	18	0	21	18	22	0	450
ANID_08449T0_209-451_1SOX:A:94-343	1	13	5	6	0	31	18	16	0	250
ANID_08449T0_859-1010_2CND:A:125-270	0	8	3	6	0	14	9	6	0	146
ANID_08449T0_755-873_1UMK:A:30-153	4	7	0	1	0	16	7	9	0	124
ANID_08449T0_471-599_1OGP:A:263-389	1	9	0	1	0	18	13	6	0	127
ANID_08449T0_648-728_1KBI:A:1-97	4	4	3	4	0	14	7	8	0	97
ANID_08451T0_30-386_1TVL:A:	6	12	5	13	0	46	33	19	0	430
ANID_08454T0_232-640_1W6G:A:212-628	11	25	5	2	1	45	18	27	0	417
ANID_08454T0_106-230_1EKM:A:116-236	1	4	2	4	0	14	8	6	0	121
ANID_08454T0_2-100_1EKM:A:17-115	0	4	0	2	0	7	4	5	0	99
ANID_08459T0_21-216_1PV7:A:	0	0	2	22	0	18	12	14	0	417
ANID_08459T0_230-454,498-521_1PV7:A:	0	0	2	22	0	18	12	14	0	417
ANID_08460T0_14-55_1CLD:A:	0	0	0	2	0	4	2	1	0	33
ANID_08463T0_2-239_1JTV:A:	2	7	4	11	0	26	15	16	0	285
ANID_08465T0_473-881_1V7W:A:271-801	11	25	6	16	0	58	33	35	0	531
ANID_08467T0_24-219,249-475_1PV7:A:	0	0	2	22	0	18	12	14	0	417
ANID_08468T0_739-1062_1KB0:A:1-573	5	40	7	6	0	73	38	39	0	573
ANID_08468T0_1025-1302_1VYH:C:92-408	0	28	1	0	0	39	25	14	0	317
ANID_08468T0_178-249,295-387_1KAG:A:	0	5	1	7	0	12	8	5	0	169
ANID_08476T0_40-361_1JU3:A:5-351	2	14	1	13	1	36	21	29	0	347
ANID_08476T0_365-453,483-591_1JU3:A:352-574	4	11	4	0	0	33	18	11	0	223
ANID_08477T0_4-293_1YRZ:A:1004-1320	6	25	0	0	0	45	27	21	0	317
ANID_08477T0_308-531_1Y7B:A:325-534	1	16	1	0	0	23	18	13	0	210
ANID_08480T0_240-518_1H80:A:	9	29	2	5	0	61	31	22	0	464
ANID_08480T0_592-773,801-840,867-923_1RMG:A:	8	23	1	3	0	46	35	15	0	422
ANID_08480T0_1164-1211_1Y7M:A:1-48	0	2	0	1	1	9	3	6	0	48
ANID_11082T0_15-154_2AVN:A:1-246	2	10	3	10	0	28	12	9	0	246
ANID_08488T0_1-135_1H8M:A:	1	5	0	4	0	17	10	5	0	140
ANID_08488T0_131-195_1GL2:A:	0	0	0	1	0	2	0	0	0	64
ANID_08489T0_795-1023_1MT0:A:	2	10	3	10	0	20	20	20	0	241
ANID_08489T0_115-349_1G29:1:1-240	1	11	4	8	0	20	15	14	0	240
ANID_08491T0_1-99_1T5Y:A:1-94	3	5	2	5	0	8	4	7	0	94
ANID_08491T0_100-175_1T5Y:A:95-170	0	6	1	2	0	10	5	4	0	76
ANID_08492T0_46-188_1VE3:A:2-227	0	10	2	7	0	20	9	11	0	226
ANID_08497T0_3-135_1X6M:A:	1	11	5	3	0	24	13	10	0	195
ANID_08498T0_171-190,283-337,496-624_1QTR:A:	0	8	6	9	0	28	23	22	0	314
ANID_08499T0_62-259,328-500_1PV7:A:	0	0	2	22	0	18	12	14	0	417
ANID_08500T0_31-253_1CVL:A:	4	11	3	11	0	33	22	25	0	319
ANID_08502T0_25-458_1PW4:A:	2	0	1	18	0	21	18	22	0	450
ANID_08504T0_111-362_1AMU:A:	4	26	5	15	0	55	36	34	0	514
ANID_08504T0_447-614,643-650_1L5A:A:1-174	1	6	2	5	0	15	9	11	0	174
ANID_08504T0_642-871_1L5A:A:175-424	4	7	2	7	0	24	11	13	0	250
ANID_08504T0_345-421_1DNY:A:	0	0	0	4	0	8	7	2	0	76
ANID_08507T0_25-427_1PV7:A:	0	0	2	22	0	18	12	14	0	417
ANID_08515T0_134-307_1YB5:A:121-294	0	7	1	8	0	16	8	12	0	174
ANID_08515T0_1-105,163-172_1IZ0:A:1-98,A:270-302	3	9	2	2	0	16	7	7	1	131
ANID_08518T0_134-307_1YB5:A:121-294	0	7	1	8	0	16	8	12	0	174
ANID_08518T0_1-105,163-172_1IZ0:A:1-98,A:270-302	3	9	2	2	0	16	7	7	1	131
ANID_08516T0_14-439_1X0M:A:26-428	2	14	5	14	0	43	21	17	0	403
ANID_08517T0_133-284_1UIR:A:	1	15	3	10	0	27	16	17	0	312
ANID_08522T0_126-361_1EVQ:A:	0	8	4	9	0	28	16	23	0	308
ANID_08525T0_34-364_1LVL:A:151-265	2	8	0	3	0	15	7	8	0	115
ANID_08530T0_79-488_1TQN:A:	5	9	7	18	0	43	20	30	0	472
ANID_08531T0_15-197_1XXL:A:	5	8	2	9	0	23	10	12	0	238
ANID_08537T0_14-264_1W4X:A:10-154,A:390-542	6	10	5	9	0	33	21	19	1	298
ANID_08537T0_255-276,309-508_1W4X:A:10-154,A:390-542	6	10	5	9	0	33	21	19	1	298
ANID_08545T0_6-132,179-194,245-334_1K3F:A:	3	9	1	7	0	26	21	15	0	253
ANID_08545T0_344-577_1IQP:A:2-232	0	7	4	13	0	20	11	14	0	231
ANID_08545T0_866-980_1W3B:A:	0	0	0	23	0	35	6	26	0	388
ANID_08545T0_944-1067_1W3B:A:	0	0	0	23	0	35	6	26	0	388
ANID_08545T0_752-859_1W3B:A:	0	0	0	23	0	35	6	26	0	388
ANID_08546T0_214-445_1FSU:A:	4	18	10	10	0	61	34	35	0	492
ANID_08547T0_8-301,515-576_1CF3:A:3-324,A:521-583	17	12	7	11	0	49	28	29	1	385
ANID_08547T0_303-516_1GPE:A:329-524	4	8	4	7	0	18	14	8	0	196
ANID_08551T0_12-334_1TRK:A:3-337	2	7	3	13	0	32	17	26	0	335
ANID_08551T0_349-547_1TRK:A:338-534	2	8	4	7	0	26	13	13	0	197
ANID_08551T0_551-689_1TRK:A:535-680	0	5	1	6	0	20	14	10	0	146
ANID_08552T0_10-178_1E3J:A:4-142,A:313-351	5	12	4	3	0	23	8	10	1	178
ANID_08552T0_144-320_1PL7:A:146-316	0	6	0	7	0	22	14	8	0	171
ANID_08554T0_2-67,175-221_1HYU:A:199-325,A:452-521	8	9	2	4	0	27	18	13	1	197
ANID_08555T0_88-250_1ZRN:A:	1	8	4	9	0	18	11	14	0	220
ANID_08557T0_16-117_1K78:A:19-81	2	0	0	3	0	8	3	4	0	63
ANID_08557T0_702-736_1F6U:A:	2	2	3	0	0	10	5	3	0	55
ANID_08559T0_60-265_2BFD:B:2-204	0	8	5	7	0	20	13	12	0	203
ANID_08559T0_250-386_1DTW:B:205-342	1	5	0	5	0	15	9	7	0	138
ANID_11087T0_27-394,434-471_1PW4:A:	2	0	1	18	0	21	18	22	0	450
ANID_08565T0_100-380,440-517_2PL5:A:5-366	8	12	4	9	0	39	31	22	0	362
ANID_08566T0_7-271_1S9A:A:	5	12	1	5	0	33	15	18	0	256
ANID_08569T0_7-205_1FP2:A:109-352	1	9	4	13	0	24	10	15	0	244
ANID_05101T0_103-304_1HY7:A:	3	7	0	3	0	22	15	9	0	168
ANID_05103T0_88-238,272-383_1OKC:A:	0	0	6	11	0	19	10	9	0	292
ANID_05105T0_333-518_1T9F:A:	4	12	2	0	0	29	9	14	0	186
ANID_05109T0_8-284_1IHI:A:	6	12	6	10	0	41	20	20	0	320
ANID_05114T0_63-291_1EKE:A:	2	5	2	8	0	16	12	12	0	225
ANID_05115T0_472-551_1SQ4:A:	1	21	4	0	0	36	17	9	0	273
ANID_05116T0_102-255_1WHG:A:	1	7	1	2	0	13	11	5	0	112
ANID_05116T0_6-100_1V6E:A:	4	5	0	1	0	16	9	6	0	94
ANID_05123T0_6-166_1YDW:A:6-133,A:305-360	0	7	2	7	0	18	5	9	1	184
ANID_05123T0_142-343_1OFG:A:161-322	0	8	1	5	0	16	15	8	0	162
ANID_05124T0_7-144_1SZA:A:	0	0	2	8	0	12	7	6	0	143
ANID_05125T0_18-90_1ITP:A:	0	4	0	2	0	7	7	2	0	76
ANID_05126T0_10-155_1WIX:A:	0	0	1	9	0	13	9	9	0	163
ANID_05127T0_72-140_1SFC:H:	0	0	0	1	0	3	2	0	0	86
ANID_05130T0_114-454_1TKL:A:	0	10	5	10	0	27	18	15	0	325
ANID_05132T0_18-294_1OKC:A:	0	0	6	11	0	19	10	9	0	292
ANID_05134T0_513-1273_1EA0:A:423-1193	9	24	13	27	0	90	50	46	0	771
ANID_05134T0_53-488_1LLW:A:1-422	8	16	9	13	0	46	26	21	0	422
ANID_05134T0_1288-1552_1EA0:A:1203-1472	5	12	3	7	0	32	17	18	0	270
ANID_05134T0_1756-2028_1H7W:A:184-287,A:441-532	6	7	3	6	0	23	15	12	1	196
ANID_05134T0_1612-1768_1H7W:A:2-183	1	0	4	8	0	20	11	12	0	182
ANID_05134T0_1968-2094_1H7W:A:184-287,A:441-532	6	7	3	6	0	23	15	12	1	196
ANID_10634T0_210-266_1X4A:A:9-103	0	6	1	2	0	11	6	3	0	96
ANID_05138T0_32-396_2GP4:A:1-418	5	7	4	13	0	30	17	20	0	418
ANID_05138T0_400-589_2GP4:A:419-608	2	8	8	5	0	22	17	12	0	190
ANID_10635T0_18-302_1NR0:A:2-312	4	27	1	0	0	38	22	20	0	311
ANID_05140T0_6-49,79-439_1PV7:A:	0	0	2	22	0	18	12	14	0	417
ANID_10643T0_9-71_1BH9:B:	0	0	0	4	0	6	2	2	0	89
ANID_10636T0_86-225,287-308_1NQZ:A:	3	11	2	4	0	20	4	7	0	187
ANID_10637T0_641-707_1S7B:A:	0	0	0	4	0	10	7	3	0	109
ANID_05144T0_452-497,533-695_1TIP:A:	2	6	3	7	0	22	8	11	0	191
ANID_05144T0_142-183,279-450_1BIF:A:37-249	0	6	1	7	0	16	9	11	0	213
ANID_05148T0_127-280_1ISA:A:83-192	1	3	2	5	0	10	6	7	0	110
ANID_05148T0_32-125_1MY6:A:1-88	1	0	2	4	0	7	3	8	0	88
ANID_05154T0_500-538,610-856_1GXR:A:	2	31	0	0	0	37	29	20	0	336
ANID_05156T0_265-363_1W98:B:88-227	1	0	2	6	0	12	5	6	0	140
ANID_10646T0_3-338_2PUL:A:5-396	1	10	6	14	0	29	12	21	0	392
ANID_10640T0_48-170_3BLH:B:5-150	0	0	0	7	0	11	5	8	0	146
ANID_10640T0_173-269_2I53:A:158-267	2	0	3	4	0	9	6	6	0	110
ANID_05162T0_67-386_1NI4:A:	2	12	3	11	0	37	24	21	0	364
ANID_05164T0_15-67,106-186_1FJG:D:	4	4	3	8	0	22	11	17	0	208
ANID_05175T0_78-209,333-404_1VJ5:A:226-547	0	8	9	13	0	29	21	23	0	321
ANID_05178T0_8-352_1RRM:A:	3	10	9	14	0	32	17	17	0	385
ANID_05182T0_23-68_2HAP:C:55-97	0	0	1	2	0	6	3	2	0	43
ANID_05186T0_387-748,828-838_2GFO:A:762-1109	3	20	3	10	0	40	19	15	0	348
ANID_05191T0_249-347_1IQ6:A:	2	5	0	4	0	18	7	8	0	132
ANID_05193T0_49-394_1O4S:A:	2	12	4	14	0	38	16	21	0	375
ANID_05197T0_345-491_1UHN:A:	4	0	2	9	0	19	10	9	0	189
ANID_05197T0_249-327_2DIP:A:8-92	0	4	1	1	0	13	11	1	0	85
ANID_05198T0_42-237_1PV7:A:	0	0	2	22	0	18	12	14	0	417
ANID_05198T0_253-473,518-545_1PW4:A:	2	0	1	18	0	21	18	22	0	450
ANID_05199T0_85-377_1C22:A:	5	16	2	4	0	34	13	15	0	262
ANID_05206T0_5-360_1WPW:A:	1	12	3	11	0	30	15	18	0	336
ANID_05209T0_45-145_1FS1:A:109-149	0	0	2	3	0	6	2	3	0	41
ANID_05218T0_181-233_1CI6:A:	0	0	0	1	0	1	0	0	0	62
ANID_05222T0_71-152_2GY9:Q:5-82	0	5	0	0	0	11	5	2	0	78
ANID_05224T0_130-264_1HX8:A:167-299	0	0	2	4	0	8	3	5	0	133
ANID_05224T0_3-126_1HF8:A:19-149	0	0	0	6	0	11	8	6	0	131
ANID_05231T0_44-358_1V0E:A:245-760	4	41	2	1	0	70	37	35	0	516
ANID_05232T0_33-215_2O4D:A:2-145	0	0	2	8	0	12	6	6	0	144
ANID_05234T0_29-412_1RRM:A:	3	10	9	14	0	32	17	17	0	385
ANID_05236T0_121-202_1S7B:A:	0	0	0	4	0	10	7	3	0	109
ANID_05237T0_366-492_1W3B:A:	0	0	0	23	0	35	6	26	0	388
ANID_05237T0_7-109_2AC7:A:2-232	1	9	1	7	0	25	14	8	0	231
ANID_05237T0_153-206_1SXJ:B:7-230	3	5	4	13	0	18	14	12	0	224
ANID_10709T0_330-694_1MOQ:A:	1	12	7	13	0	28	17	19	0	366
ANID_10709T0_2-202,261-305_1XFF:A:	1	15	3	5	0	29	16	11	0	238
ANID_10718T0_11-201_1C41:A:	0	4	1	5	0	11	8	8	0	195
ANID_05793T0_6-144,171-262_1RYP:G:	3	10	1	6	0	18	11	18	0	244
ANID_05789T0_1-176_1WZN:A:1-251	1	11	4	7	0	20	9	14	0	251
ANID_05787T0_1073-1260_1TX4:A:	0	0	4	12	0	17	9	13	0	196
ANID_05787T0_788-914_1FAO:A:	0	7	1	1	0	10	6	5	0	100
ANID_05787T0_661-763_1XTE:A:	0	3	2	4	0	9	3	6	0	116
ANID_05784T0_32-258_1RYP:1:	3	12	0	4	0	20	12	13	0	222
ANID_10708T0_34-257_1RYP:2:	1	13	2	4	0	19	8	12	0	233
ANID_05782T0_69-281_1SAW:A:	4	16	4	4	0	29	14	12	0	217
ANID_05781T0_11-83,142-204_1GME:A:	1	8	5	2	0	17	6	7	0	150
ANID_05779T0_15-114_1A9N:B:	0	6	0	3	0	11	8	5	0	94
ANID_05778T0_12-363_1K8K:C:	2	28	1	2	0	32	23	22	0	371
ANID_05777T0_44-309_1TIB:A:	7	10	6	6	0	30	21	17	0	269
ANID_05776T0_465-503_2E45:A:1-50	0	3	0	0	0	8	4	6	0	50
ANID_10710T0_22-267_2AMY:A:4-246	2	11	2	9	0	24	17	13	0	243
ANID_10706T0_3-99_1XBL:A:	0	0	0	3	0	7	3	6	0	75
ANID_05770T0_43-75,117-180_1WJZ:A:	0	0	0	4	0	12	9	5	0	93
ANID_05759T0_25-300_1MUO:A:	6	6	4	9	0	28	17	16	0	261
ANID_05755T0_54-194_1AGR:E:	0	0	0	9	0	8	4	12	0	128
ANID_05748T0_142-516,555-698_1DL2:A:	6	19	4	20	0	49	26	30	0	511
ANID_05747T0_134-383_2CE7:A:150-402	2	5	6	9	0	24	12	16	0	253
ANID_05744T0_3-234_1O9D:A:	0	0	0	10	0	12	5	8	0	236
ANID_05741T0_93-195_2ZJR:R:4-113	5	4	0	0	0	15	12	6	0	110
ANID_05737T0_1-251_1EDO:A:	2	7	2	10	0	24	12	13	0	244
ANID_05734T0_19-231,263-494_1PV7:A:	0	0	2	22	0	18	12	14	0	417
ANID_05732T0_47-327_1X2G:A:1-246	3	11	2	8	0	28	9	16	0	246
ANID_05731T0_1-387_1R53:A:	6	14	2	9	0	32	13	18	0	371
ANID_05730T0_140-432_1K3I:A:151-537	9	30	6	0	0	59	29	25	0	387
ANID_05728T0_251-350,499-657,686-806_1A06:A:	4	8	4	10	0	29	20	14	0	307
ANID_05726T0_505-555_1A1I:A:160-187	0	2	1	1	0	4	1	1	0	28
ANID_05725T0_114-579_2BIS:A:1-437	4	17	6	16	0	48	27	24	0	437
ANID_05722T0_202-467,525-572_1A6Q:A:2-296	3	15	2	7	0	26	16	16	0	295
ANID_05717T0_10-635,837-1027_1QBK:B:	0	0	17	47	0	50	54	64	0	888
ANID_05716T0_117-223_2YZI:A:4-135	6	6	2	4	0	14	9	11	0	132
ANID_05716T0_285-399_2YZI:A:4-135	6	6	2	4	0	14	9	11	0	132
ANID_05716T0_478-585_1OEY:J:	1	5	0	2	0	14	6	6	0	105
ANID_05714T0_102-251,292-326_1A4Y:A:	2	17	3	16	0	56	24	32	0	460
ANID_05714T0_17-49_1P22:A:135-252	0	0	2	7	0	7	4	6	0	114
ANID_05713T0_19-147,410-530_1A6D:A:17-145,A:404-519	0	9	1	11	0	18	7	14	1	245
ANID_05713T0_214-383_1GML:A:	3	9	2	3	0	17	13	5	0	169
ANID_05713T0_157-218,373-409_1Q3Q:A:146-216,A:370-405	1	5	3	3	0	8	7	2	1	107
ANID_05710T0_17-163_1ELK:A:	0	0	1	9	0	11	7	9	0	153
ANID_05710T0_190-318_1OXZ:A:	0	0	0	5	0	7	5	4	0	132
ANID_05710T0_487-624_1P4U:A:	7	8	2	0	0	19	6	9	0	145
ANID_10703T0_48-181_1LLU:A:2-143,A:310-342	5	11	2	3	0	26	13	11	1	175
ANID_10703T0_154-307_1PQW:A:	0	7	2	7	0	15	7	13	0	183
ANID_05701T0_7-351_1HFB:A:	7	11	3	10	0	34	18	19	0	347
ANID_05698T0_14-283_1AFW:A:25-293	6	8	5	10	0	29	16	16	0	269
ANID_05698T0_293-411_1AFW:A:294-417	3	4	3	4	0	12	4	7	0	124
ANID_10702T0_435-550_1E6F:A:	7	10	2	0	0	16	8	7	0	134
ANID_05695T0_144-170,210-316_1X6M:A:	1	11	5	3	0	24	13	10	0	195
ANID_05695T0_1-133_1X6M:A:	1	11	5	3	0	24	13	10	0	195
ANID_05694T0_253-397_1F5A:A:20-214	0	5	2	7	0	20	8	15	0	195
ANID_05694T0_401-538_2B4V:A:289-471	3	4	4	5	0	20	10	9	0	183
ANID_05690T0_237-644_1EKM:A:237-672	7	24	6	5	0	52	24	29	0	436
ANID_05690T0_111-235_1EKM:A:116-236	1	4	2	4	0	14	8	6	0	121
ANID_05690T0_7-108_1EKM:A:17-115	0	4	0	2	0	7	4	5	0	99
ANID_05688T0_58-430_2FK8:A:22-301	1	7	4	11	0	29	16	16	0	281
ANID_05686T0_1-155_1C1G:C:	0	0	0	3	0	2	1	2	0	283
ANID_05681T0_321-365_1CHC:A:	0	3	0	1	0	9	8	3	0	68
ANID_05680T0_10-167_2HBJ:A:129-420	0	8	5	10	0	33	22	11	0	292
ANID_05675T0_190-341_2DLX:A:1-147	0	4	0	5	0	15	9	9	0	140
ANID_05675T0_406-515_1S3S:G:	2	5	1	3	0	15	10	7	0	118
ANID_05675T0_4-43_1V92:A:	0	0	0	3	0	4	2	4	0	46
ANID_05674T0_18-255,477-511_1U5R:A:	5	8	4	12	0	31	20	16	0	309
ANID_05672T0_143-392_2GL5:A:123-400	7	10	3	9	0	36	19	16	0	278
ANID_05672T0_39-159_1RVK:A:1-126	3	3	1	5	0	11	4	7	0	126
ANID_05671T0_432-535_1PLS:A:	0	7	0	1	0	9	10	4	0	112
ANID_05671T0_168-298_2EFK:A:10-288	0	0	1	6	0	5	3	5	0	279
ANID_05669T0_40-349_1M3E:A:1-250	5	14	3	7	0	31	14	16	0	250
ANID_05669T0_304-518_1M3E:A:260-481	5	15	3	5	0	31	18	16	0	222
ANID_05665T0_39-512_1E9X:A:	5	12	6	18	0	48	21	22	0	449
ANID_05662T0_299-602_1EVL:A:242-532	6	15	4	9	0	32	14	16	0	291
ANID_05662T0_122-297_1NYR:A:63-241	0	8	1	5	0	17	11	8	0	179
ANID_05662T0_604-714_1NYR:A:533-645	0	5	0	5	0	10	5	7	0	113
ANID_05662T0_72-117_1NYR:A:4-62	3	3	0	2	0	11	3	5	0	59
ANID_10712T0_40-112_2EY4:C:1-73	2	6	0	0	0	12	4	5	0	73
ANID_05659T0_36-87_1U86:A:3-35	0	2	0	1	0	5	2	2	0	33
ANID_05658T0_17-603_2NLZ:A:3-539	7	21	3	19	0	59	29	32	0	537
ANID_05650T0_7-462_1PW4:A:	2	0	1	18	0	21	18	22	0	450
ANID_05648T0_467-654,705-795_2BNX:A:133-475	0	0	1	17	0	20	13	25	0	343
ANID_05646T0_31-293_1AFW:A:25-293	6	8	5	10	0	29	16	16	0	269
ANID_05646T0_297-415_1AFW:A:294-417	3	4	3	4	0	12	4	7	0	124
ANID_10723T0_4-317_1E2T:A:	3	13	1	8	0	31	17	16	0	274
ANID_05641T0_182-334,364-440,579-629_1I31:A:	1	16	2	0	0	27	16	7	0	277
ANID_05641T0_5-145_1GW5:M:1-141	2	5	1	4	0	13	8	7	0	140
ANID_05640T0_484-756_2OZU:A:507-776	3	11	2	7	0	25	15	15	0	270
ANID_05640T0_165-225_1WE9:A:	0	2	1	1	0	11	6	3	0	63
ANID_05638T0_169-337_1TFF:A:	3	4	2	10	0	17	9	11	0	228
ANID_05637T0_10-257_2C07:A:54-304	2	7	2	9	0	21	12	14	0	251
ANID_05635T0_179-714_2JG0:A:37-547	13	16	6	19	0	52	31	30	0	511
ANID_05630T0_21-288_1MLV:A:50-310	4	6	3	8	0	32	19	16	0	261
ANID_05629T0_49-288_2FUG:1:7-249	8	5	2	10	0	26	22	14	0	243
ANID_05629T0_375-468_2FUG:1:334-438	2	0	0	5	1	7	4	5	0	105
ANID_05629T0_289-374_2FUG:1:250-333	4	5	0	2	0	11	8	7	0	84
ANID_05628T0_76-276,330-552_1PW4:A:	2	0	1	18	0	21	18	22	0	450
ANID_05627T0_890-1041_1KO6:A:,B:	2	11	1	4	0	20	14	12	1	158
ANID_05623T0_87-384_1HV8:A:3-210	0	7	1	9	0	25	17	9	0	208
ANID_05623T0_35-109_1VEC:A:	0	7	1	9	0	25	16	12	0	206
ANID_05620T0_5-327_1T3N:A:27-299	1	9	4	11	0	27	16	16	0	273
ANID_05617T0_346-518_3BGE:A:251-434	0	0	3	7	0	11	5	7	0	184
ANID_05617T0_113-340_1IQP:A:2-232	0	7	4	13	0	20	11	14	0	231
ANID_05610T0_226-672,703-883_1AMU:A:	4	26	5	15	0	55	36	34	0	514
ANID_05610T0_1001-1286_1R6D:A:	3	12	4	12	0	35	11	18	0	322
ANID_05610T0_8-230_1B5S:A:	2	9	4	6	0	29	13	11	0	242
ANID_05610T0_870-944_1DNY:A:	0	0	0	4	0	8	7	2	0	76
ANID_10720T0_35-462_1PW4:A:	2	0	1	18	0	21	18	22	0	450
ANID_05609T0_23-63_1PYI:A:30-71	0	2	0	2	0	6	1	3	0	42
ANID_05608T0_20-498_1MAA:A:	7	18	7	18	0	67	40	32	0	540
ANID_09474T0_7-340_1EXB:A:	4	10	6	13	1	24	21	17	0	326
ANID_05607T0_1120-1199,1240-1316,1410-1545,1585-1619,1702-1842,1869-1920_1OYZ:A:	0	0	3	17	0	21	10	14	0	276
ANID_05604T0_16-349_1DCU:A:	6	13	3	8	0	34	25	11	0	346
ANID_11243T0_97-292_1W1O:A:40-245	2	10	2	6	0	23	19	14	0	206
ANID_05601T0_129-395_1FF9:A:125-391	7	8	2	9	0	27	16	18	0	267
ANID_05601T0_7-184_1E5Q:A:2-124,A:392-450	1	8	1	8	0	21	8	10	1	182
ANID_05600T0_37-192_1F75:A:	1	6	5	7	0	25	15	11	0	229
ANID_05600T0_291-362_1JP3:A:	0	6	3	7	0	23	13	11	0	228
ANID_05599T0_232-314_1K30:A:	2	9	5	14	0	31	12	16	0	367
ANID_05598T0_1-135_2CAY:A:1-99,A:252-282	4	17	4	3	0	30	13	11	1	242
ANID_05597T0_79-162_1EZV:H:	0	0	1	3	0	4	4	3	0	74
ANID_05596T0_11-433_1PV7:A:	0	0	2	22	0	18	12	14	0	417
ANID_05592T0_173-378_1KZ7:A:624-818	0	1	3	11	0	8	3	14	0	195
ANID_05592T0_376-508_1DBH:A:418-550	0	8	1	2	0	17	12	8	0	133
ANID_05592T0_799-910_1Q1O:A:	0	5	0	2	0	13	6	2	0	97
ANID_05591T0_74-462_1J32:A:	5	12	5	14	0	43	14	24	0	388
ANID_05589T0_55-311_1BU6:O:3-253	1	15	1	9	0	25	13	17	0	251
ANID_05589T0_311-556_1R59:O:257-491	1	10	2	5	0	26	22	13	0	235
ANID_05588T0_309-551_1LV7:A:	2	6	3	10	0	31	17	18	0	256
ANID_05588T0_562-743_2CE7:A:411-603	1	2	1	7	0	10	7	6	0	193
ANID_05587T0_173-280_1O7I:A:	2	7	3	0	0	15	2	8	0	115
ANID_05581T0_224-292,318-358_1F37:A:	0	5	3	2	0	14	6	7	0	109
ANID_05577T0_115-222_1AP6:A:84-198	1	3	2	6	0	9	4	6	0	115
ANID_05577T0_27-114_1AP6:A:1-83	1	0	0	4	0	5	2	6	0	83
ANID_05576T0_104-151_1FQV:A:107-145	0	0	0	3	0	4	4	4	0	39
ANID_05571T0_186-613_1W85:A:	3	8	5	13	0	39	20	23	0	365
ANID_05571T0_655-888_2BFD:B:2-204	0	8	5	7	0	20	13	12	0	203
ANID_05569T0_3-109_1Y5O:A:2-115	0	7	0	1	0	15	12	2	0	114
ANID_05568T0_266-503_1PGV:A:	2	5	0	7	0	21	9	7	0	167
ANID_05565T0_53-316_1JJI:A:	0	8	5	11	0	21	17	19	0	311
ANID_05564T0_132-240,274-448_1YV9:A:4-256	1	15	3	8	0	27	18	14	0	253
ANID_05563T0_6-305_1US0:A:	10	10	4	10	0	46	22	22	0	314
ANID_05558T0_126-391_2PWA:A:1-279	4	15	3	6	0	32	20	20	0	279
ANID_05558T0_33-119_1SCJ:B:	0	5	0	2	0	8	4	3	0	71
ANID_05556T0_10-205_1YDE:A:4-253	2	7	2	10	0	23	11	14	0	250
ANID_05550T0_43-219_1W1O:A:40-245	2	10	2	6	0	23	19	14	0	206
ANID_05549T0_13-449_1PW4:A:	2	0	1	18	0	21	18	22	0	450
ANID_05545T0_45-472_1PW4:A:	2	0	1	18	0	21	18	22	0	450
ANID_05544T0_7-258_1DXE:A:	0	8	1	12	0	24	18	17	0	253
ANID_05543T0_4-116_1XRG:A:	4	6	3	2	0	16	9	5	0	125
ANID_05540T0_81-527_1PV7:A:	0	0	2	22	0	18	12	14	0	417
ANID_05541T0_81-527_1PV7:A:	0	0	2	22	0	18	12	14	0	417
ANID_05536T0_8-274_1YRB:A:1-244	0	7	3	11	0	22	15	9	0	245
ANID_05535T0_441-528_1XQU:A:	1	5	1	2	0	17	11	6	0	146
ANID_05534T0_121-302_1GDH:A:101-291	3	7	2	7	0	24	11	14	0	191
ANID_05534T0_21-151_1YGY:A:3-98,A:283-316	4	5	2	4	0	19	10	9	1	130
ANID_05532T0_9-60_2VRD:A:1-61	0	2	0	3	0	7	6	4	0	61
ANID_05531T0_9-154_2COW:A:7-94	0	7	1	0	0	18	9	3	0	87
ANID_05531T0_173-430_1H6U:A:36-262	1	11	8	3	0	40	14	19	0	227
ANID_05529T0_189-349,398-546_1FOT:A:	5	9	4	10	0	37	20	19	0	316
ANID_05528T0_447-690_3B60:A:329-581	4	10	2	9	0	24	18	16	0	253
ANID_05528T0_110-426_1PF4:A:10-320	0	0	9	16	0	12	11	14	0	310
ANID_05526T0_37-99_1ZR9:A:28-94	0	2	1	2	0	10	9	4	0	67
ANID_05525T0_36-555_1ACO:A:2-528	11	21	6	16	0	60	33	33	0	527
ANID_05525T0_560-780_1ACO:A:529-754	9	9	4	7	0	28	12	16	0	226
ANID_05524T0_9-273_2QED:A:1-251	1	14	2	9	0	27	10	18	0	251
ANID_05521T0_17-200,277-479_1QGR:A:	0	0	13	43	0	50	36	39	0	876
ANID_05520T0_92-225_1RLG:A:	0	4	1	5	0	10	10	5	0	113
ANID_05519T0_1-154_1GW5:S:	0	7	0	5	0	11	6	9	0	142
ANID_05518T0_103-254_1SVI:A:	2	7	3	5	0	16	8	11	0	195
ANID_05513T0_93-217_1A4Y:A:	2	17	3	16	0	56	24	32	0	460
ANID_05512T0_30-195_1U7P:A:	2	8	2	5	0	21	9	9	0	164
ANID_05511T0_22-265,308-330_1UA2:A:	1	8	3	9	0	30	19	17	0	299
ANID_05507T0_37-104,189-231_3C96:A:4-182,A:294-402	1	13	1	8	0	26	14	13	1	288
ANID_05495T0_23-172_2E2C:A:	3	4	1	4	0	19	8	11	0	156
ANID_05494T0_19-289_1IA8:A:	5	12	5	7	0	36	16	18	0	275
ANID_05492T0_79-557_2AMX:A:20-376	2	8	5	19	0	34	15	18	0	357
ANID_10675T0_5-281_1F89:A:	4	13	1	7	0	29	14	11	0	281
ANID_05485T0_1263-1372_1RRP:B:	2	6	0	1	0	17	9	5	0	134
ANID_05484T0_5-123_1C44:A:	0	5	1	4	0	13	7	6	0	123
ANID_05483T0_726-797,994-1172_1Z5Z:A:663-906	0	6	1	10	0	26	11	15	0	244
ANID_05483T0_460-583,611-717_1Z63:A:432-661	0	7	2	11	0	24	16	18	0	230
ANID_05483T0_819-892_1IYM:A:	0	2	0	1	0	11	6	4	0	54
ANID_05482T0_8-194_1BYU:A:	4	8	3	8	0	20	8	14	0	202
ANID_05480T0_6-109_1NYN:A:	1	4	0	4	0	17	12	0	0	111
ANID_05479T0_183-362_1MUG:A:	1	5	2	5	0	16	14	8	0	165
ANID_05478T0_9-71_1TQN:A:	5	9	7	18	0	43	20	30	0	472
ANID_05476T0_7-83_1H8A:C:87-143	0	0	0	3	0	8	4	3	0	57
ANID_05475T0_105-215_1J3N:A:250-408	3	7	2	4	0	21	9	8	0	159
ANID_05475T0_3-105_1UB7:A:174-322	4	6	4	4	0	19	7	7	0	149
ANID_05465T0_126-294,443-572_1H4I:A:	12	38	11	5	0	80	39	44	0	595
ANID_05463T0_284-384_1KUL:A:	2	9	1	0	0	22	9	4	0	108
ANID_05457T0_243-322,349-359_1QFJ:A:1-97	0	6	0	1	0	11	7	3	0	97
ANID_05457T0_367-459,491-539_1CQX:A:262-403	2	6	2	4	0	18	11	8	0	142
ANID_05452T0_560-646,912-996_1ERJ:A:	2	30	1	1	0	43	24	22	0	388
ANID_05452T0_34-158,550-682,774-816_1L0Q:A:1-301	0	29	1	0	0	20	16	19	0	301
ANID_05451T0_3-102_2BWF:A:2-74	2	5	2	1	0	8	1	7	0	77
ANID_05451T0_395-437_2BWB:A:328-371	0	0	0	4	0	4	0	3	0	46
ANID_05449T0_5-430_1AUK:A:	9	18	12	9	0	55	41	32	0	485
ANID_05447T0_28-466_1PMM:A:	9	13	6	12	0	49	26	25	0	450
ANID_05444T0_70-443_1V8Z:A:1-386	8	14	4	15	0	30	22	23	0	386
ANID_05443T0_11-95_1P9Q:C:2-86	1	5	0	4	0	8	3	4	0	85
ANID_05443T0_90-142,179-199_1T95:A:87-161	2	2	0	4	0	4	3	5	0	75
ANID_05442T0_139-550_1WPX:A:1-421	5	13	3	17	0	47	29	31	0	421
ANID_05441T0_15-154_1FJG:M:	2	0	2	6	0	13	11	6	0	125
ANID_05438T0_115-241_1IHG:A:197-365	0	0	2	8	0	13	5	7	0	169
ANID_10673T0_67-273_1KY9:A:11-259	1	12	2	3	0	19	15	10	0	249
ANID_10673T0_506-741_1KY9:A:11-259	1	12	2	3	0	19	15	10	0	249
ANID_10673T0_285-380_1WFV:A:	2	8	0	2	0	18	8	6	0	102
ANID_10673T0_896-965_2HGA:A:23-125	2	6	1	1	0	13	5	6	0	103
ANID_10673T0_815-892_2I4S:A:204-305	0	6	1	4	0	6	4	9	0	102
ANID_05432T0_4-292_2PBL:A:1-261	0	8	8	9	0	25	14	17	0	261
ANID_05431T0_96-138_1CLD:A:	0	0	0	2	0	4	2	1	0	33
ANID_05422T0_8-407_1CI9:A:	7	15	6	14	0	46	29	29	0	377
ANID_05419T0_111-235,309-388_1MTZ:A:	4	8	4	10	0	27	19	19	0	290
ANID_05417T0_91-306_1W1O:A:40-245	2	10	2	6	0	23	19	14	0	206
ANID_05416T0_11-279_1XXL:A:	5	8	2	9	0	23	10	12	0	238
ANID_05412T0_2-40_1PYI:A:30-71	0	2	0	2	0	6	1	3	0	42
ANID_05411T0_46-181_3DJB:A:2-214	0	0	1	10	0	12	8	14	0	213
ANID_05408T0_8-140_1O0W:A:1-167	2	0	1	10	0	12	5	7	0	167
ANID_05406T0_523-1255_1BJT:A:	7	25	4	20	0	69	43	34	0	760
ANID_05406T0_118-349_1PVG:A:7-245	2	13	1	7	0	23	13	11	0	239
ANID_05406T0_342-506_1PVG:A:246-406	3	5	1	5	0	13	8	7	0	161
ANID_05405T0_105-224_1L3G:A:	0	6	0	5	0	9	6	8	0	123
ANID_05402T0_7-336_1OXW:A:	8	8	9	12	0	35	16	21	0	360
ANID_05400T0_37-100,127-269,340-450_1W4X:A:10-154,A:390-542	6	10	5	9	0	33	21	19	1	298
ANID_05397T0_472-656_1GW0:A:344-559	3	11	3	5	0	27	15	11	0	216
ANID_05397T0_134-298_1GW0:A:1-162	5	10	2	0	0	20	10	14	0	162
ANID_05397T0_281-470_1GW0:A:163-343	7	11	0	1	0	26	14	10	0	181
ANID_05390T0_6-42_2HAP:C:55-97	0	0	1	2	0	6	3	2	0	43
ANID_05389T0_5-125_2CWJ:A:4-119	1	7	3	2	0	14	8	4	0	116
ANID_05387T0_26-197_2H9F:A:1-182	2	9	4	2	0	23	16	9	0	182
ANID_05387T0_201-385_2H9F:A:187-395	0	12	2	4	0	18	16	12	0	209
ANID_05384T0_34-282_1DIN:A:	2	9	3	6	0	26	12	19	0	233
ANID_05373T0_8-271_1GEG:A:	4	7	4	9	0	21	11	15	0	255
ANID_05368T0_2-226_1VL8:A:	2	7	6	9	0	25	10	14	0	251
ANID_05364T0_341-500_1LFA:A:	2	6	4	7	0	15	12	10	0	183
ANID_05359T0_1-198_1JFA:A:	0	0	3	19	0	26	13	19	0	354
ANID_05356T0_31-315_1OKC:A:	0	0	6	11	0	19	10	9	0	292
ANID_05355T0_20-182_1Q1N:A:1-152,A:321-360	3	12	3	4	0	28	9	12	1	192
ANID_05355T0_159-326_1UUF:A:145-312	0	6	3	8	0	15	6	10	0	168
ANID_05351T0_5-164_1PZV:A:	2	4	2	4	0	20	11	10	0	161
ANID_05348T0_26-335_1KEP:A:	5	13	5	13	0	38	16	20	0	346
ANID_05346T0_65-447_2F9F:A:2-167	2	6	1	7	0	19	11	10	0	166
ANID_05343T0_8-354_1GOJ:A:	6	14	5	9	0	36	20	25	0	354
ANID_05338T0_54-376_1TRB:A:119-244	1	8	1	4	0	13	10	6	0	126
ANID_10661T0_20-308_1HP1:A:26-362	3	19	2	7	0	35	24	20	0	328
ANID_10661T0_307-503_2Z1A:A:330-534	2	12	4	8	0	20	13	12	0	205
ANID_10663T0_6-178_1V37:A:	2	6	3	6	0	21	10	9	0	171
ANID_05331T0_27-291_2GDZ:A:3-256	2	8	5	10	0	22	10	12	0	254
ANID_05330T0_27-149_2Q4V:A:3-169	1	7	2	6	0	14	4	9	0	167
ANID_05329T0_30-474_1PW4:A:	2	0	1	18	0	21	18	22	0	450
ANID_05328T0_115-334_1DMH:A:	5	16	0	7	0	41	16	24	0	309
ANID_05321T0_30-556_1CRL:A:	9	15	7	20	0	67	42	36	0	534
ANID_05319T0_10-88_1R29:A:	0	3	0	6	0	11	5	9	0	122
ANID_05318T0_10-517_1AMU:A:	4	26	5	15	0	55	36	34	0	514
ANID_05318T0_1026-1256_1X1T:A:1-260	2	7	4	8	0	23	10	13	0	260
ANID_05318T0_643-937_1R6D:A:	3	12	4	12	0	35	11	18	0	322
ANID_05318T0_535-623_1DNY:A:	0	0	0	4	0	8	7	2	0	76
ANID_05314T0_20-423,451-476_1T3I:A:	8	16	7	15	0	48	19	26	0	408
ANID_05311T0_16-382_1LNL:A:3-304	6	2	5	11	0	38	28	25	0	307
ANID_05305T0_63-388_1WU4:A:6-381	9	8	5	14	0	37	23	21	0	376
ANID_05304T0_51-258,291-507_1PV7:A:	0	0	2	22	0	18	12	14	0	417
ANID_05300T0_39-545_1ACO:A:2-528	11	21	6	16	0	60	33	33	0	527
ANID_05300T0_566-793_1ACO:A:529-754	9	9	4	7	0	28	12	16	0	226
ANID_05295T0_18-270_1DXE:A:	0	8	1	12	0	24	18	17	0	253
ANID_05291T0_48-479_1PW4:A:	2	0	1	18	0	21	18	22	0	450
ANID_05288T0_3-89_1XJD:A:	8	7	5	9	0	32	15	17	0	320
ANID_05287T0_1-174_1EGD:A:10-241	4	8	4	7	0	19	11	13	0	232
ANID_05287T0_160-277_2D29:A:235-387	1	2	3	5	0	4	4	6	0	153
ANID_10657T0_26-541_1LCI:A:	7	27	4	15	0	64	28	38	0	541
ANID_10666T0_14-156_1PW4:A:	2	0	1	18	0	21	18	22	0	450
ANID_05281T0_339-509_2F5V:A:355-552	4	10	1	3	0	29	11	16	0	198
ANID_05281T0_21-188,216-342,505-580_2F5V:A:43-354,A:553-619	5	14	4	8	0	49	29	25	1	379
ANID_05279T0_5-39_2HAP:C:55-97	0	0	1	2	0	6	3	2	0	43
ANID_05276T0_36-346,417-482_1B37:A:5-293,A:406-463	9	15	3	12	0	38	24	22	1	347
ANID_05273T0_5-294_1NVM:A:2-290	10	8	3	11	0	35	15	21	0	289
ANID_05273T0_327-587_1UIY:A:	1	9	3	12	0	25	13	10	0	253
ANID_10665T0_239-521_1ON3:A:261-524	2	8	6	10	0	22	15	15	0	264
ANID_10665T0_31-268_1XNY:A:10-267	3	9	4	10	0	22	16	13	0	258
ANID_05270T0_18-271_1IVH:A:6-241	3	8	6	7	0	20	10	16	0	236
ANID_05270T0_258-416_1EGD:A:242-396	2	2	3	5	0	4	4	8	0	155
ANID_05262T0_17-408_1QO7:A:	3	8	5	16	0	44	18	19	0	394
ANID_05260T0_1-226_1W4X:A:10-154,A:390-542	6	10	5	9	0	33	21	19	1	298
ANID_05260T0_5-69,188-203,273-441_1W4X:A:10-154,A:390-542	6	10	5	9	0	33	21	19	1	298
ANID_05258T0_58-237_1HSK:A:15-208	4	14	3	6	0	20	9	15	0	194
ANID_05257T0_9-161_1YB5:A:6-120,A:295-329	2	9	3	2	0	18	11	6	1	150
ANID_05257T0_116-303_1YB5:A:121-294	0	7	1	8	0	16	8	12	0	174
ANID_11164T0_190-380_2AFJ:A:12-224	0	10	2	3	0	26	29	9	0	213
ANID_09097T0_6-106_2V94:A:1-93	0	4	1	3	0	8	4	5	0	93
ANID_09094T0_29-504_1VM8:A:	11	25	8	15	0	57	25	32	0	516
ANID_09090T0_158-249,283-361_1X5T:A:8-90	2	6	0	2	0	10	6	5	0	83
ANID_09090T0_53-149_2CQI:A:1-90	0	5	0	2	0	9	5	4	0	90
ANID_09088T0_47-109_1WHN:A:	1	4	1	2	0	13	10	5	0	127
ANID_09086T0_16-179_1WC9:A:	0	4	2	5	0	14	7	9	0	161
ANID_09085T0_59-353_1VYH:C:92-408	0	28	1	0	0	39	25	14	0	317
ANID_09083T0_36-204_1G2Q:A:	0	9	0	5	0	20	10	9	0	178
ANID_09079T0_899-1018_1A25:A:	1	8	1	2	0	18	10	5	0	132
ANID_09069T0_44-295_1OMZ:A:	3	13	1	7	0	26	18	19	0	265
ANID_09066T0_126-346_1DIQ:A:7-242	4	11	2	6	0	33	17	19	0	236
ANID_09066T0_349-589_1W1O:A:246-534	3	8	4	10	0	26	15	10	0	289
ANID_09063T0_864-1243_1ZHX:A:2-434	5	19	10	9	0	46	21	29	0	433
ANID_09063T0_114-332_1MYO:A:	0	0	1	6	1	12	7	10	0	118
ANID_09063T0_385-491_1PLS:A:	0	7	0	1	0	9	10	4	0	112
ANID_09061T0_342-416_1MSZ:A:	0	3	0	2	0	7	3	3	0	62
ANID_09059T0_367-461_1VBV:A:3-97	0	5	1	1	0	11	3	4	0	94
ANID_11162T0_261-568_1ERJ:A:	2	30	1	1	0	43	24	22	0	388
ANID_11162T0_448-757_1ERJ:A:	2	30	1	1	0	43	24	22	0	388
ANID_11162T0_78-342_1CRU:A:	5	30	5	2	0	71	34	34	0	450
ANID_11183T0_1-63_1I50:J:	3	0	0	4	0	8	4	6	0	65
ANID_03466T0_232-464_1SCZ:A:	0	10	2	7	0	19	8	12	0	233
ANID_03466T0_78-170_1GHK:A:	3	6	0	0	0	17	8	3	0	79
ANID_03464T0_2-227_1KR5:A:	2	9	4	8	0	26	15	15	0	218
ANID_03463T0_397-504_1XBL:A:	0	0	0	3	0	7	3	6	0	75
ANID_03463T0_42-243_1ELW:A:	0	0	0	7	0	11	0	7	0	117
ANID_03463T0_181-210,305-401_2C2L:A:24-224	0	0	1	10	0	12	7	11	0	201
ANID_03462T0_61-404_2B3T:B:7-354	1	11	3	7	0	25	15	13	0	344
ANID_10415T0_106-302,1023-1114_1W1W:A:	2	14	3	8	0	28	15	19	0	427
ANID_03453T0_35-268_1XD3:A:	5	6	1	8	0	24	9	15	0	229
ANID_03452T0_22-387_1ZHX:A:2-434	5	19	10	9	0	46	21	29	0	433
ANID_03451T0_270-447,548-634,673-800,937-1131_1U6G:C:	0	2	14	60	0	74	56	65	0	1207
ANID_03450T0_71-99,142-266,310-457_1JWH:A:	6	8	8	12	0	37	16	22	0	336
ANID_03449T0_127-243_1TFF:A:	3	4	2	10	0	17	9	11	0	228
ANID_03448T0_28-145_1JSP:B:	2	0	1	4	0	10	12	9	0	120
ANID_03448T0_215-349_1EQF:A:1498-1625	0	0	2	6	0	9	5	8	0	128
ANID_03447T0_67-92_2CQE:A:429-457	2	0	0	0	0	6	6	2	0	29
ANID_10418T0_105-253,287-364_1UFO:A:	0	8	4	6	0	21	10	17	0	238
ANID_10413T0_759-950,1008-1054_1F0I:A:6-263	5	9	3	7	0	19	12	12	0	258
ANID_10413T0_1052-1270_1XDP:A:315-501	2	8	2	5	0	21	8	14	0	187
ANID_10413T0_454-533_1H6H:A:	0	3	1	6	0	14	9	6	0	143
ANID_03442T0_310-471_1R89:A:143-257	2	4	2	4	0	11	5	8	0	115
ANID_03441T0_86-147,208-622_1GZ5:A:	6	16	7	18	0	41	25	25	0	456
ANID_03441T0_653-899_1U02:A:	2	12	3	8	0	20	15	13	0	238
ANID_03438T0_748-886,979-998_2R09:A:65-252	2	0	0	10	0	15	10	10	0	190
ANID_03438T0_1161-1293_1WJM:A:	1	8	0	2	0	15	8	5	0	122
ANID_02665T0_61-265,300-510_1PV7:A:	0	0	2	22	0	18	12	14	0	417
ANID_02663T0_18-452_1PW4:A:	2	0	1	18	0	21	18	22	0	450
ANID_02662T0_21-525_1MT5:A:	4	11	7	22	0	56	40	33	0	537
ANID_02660T0_239-299_1L5A:A:175-424	4	7	2	7	0	24	11	13	0	250
ANID_02658T0_124-192,220-277,304-431_1K3I:A:151-537	9	30	6	0	0	59	29	25	0	387
ANID_02657T0_17-68,384-424,451-507_1E96:B:	0	2	2	9	0	15	3	11	0	185
ANID_02657T0_33-84,243-308_1ELW:A:	0	0	0	7	0	11	0	7	0	117
ANID_02648T0_104-291_1W1O:A:40-245	2	10	2	6	0	23	19	14	0	206
ANID_11251T0_59-209_2FUG:6:15-175	2	4	2	5	0	17	14	7	0	161
ANID_10331T0_4-47_2HAP:C:55-97	0	0	1	2	0	6	3	2	0	43
ANID_10332T0_36-434_1PW4:A:	2	0	1	18	0	21	18	22	0	450
ANID_02638T0_218-460_1IG8:A:225-486	1	5	5	10	0	20	16	19	0	262
ANID_02638T0_13-215_1IG8:A:18-224	2	8	1	5	0	24	11	10	0	207
ANID_02637T0_66-332_1VYB:A:	1	14	3	4	0	23	11	11	0	236
ANID_02636T0_379-453,507-514_1NEX:B:270-369	0	0	0	7	0	9	5	6	0	100
ANID_02625T0_49-239,301-516_1PW4:A:	2	0	1	18	0	21	18	22	0	450
ANID_03433T0_17-60_1D66:A:8-48	0	0	0	2	0	4	1	2	0	41
ANID_03432T0_3-329_1Z45:A:358-699	9	28	6	1	0	38	26	25	0	342
ANID_03431T0_117-314_1O4U:A:104-273	0	7	2	6	0	15	10	10	0	170
ANID_03431T0_9-116_1QAP:A:8-129	0	6	2	3	0	12	5	6	0	122
ANID_03429T0_7-153,180-226_1NBA:A:	4	7	6	7	0	25	16	13	0	253
ANID_10407T0_365-418_2FC7:A:8-76	0	5	1	0	0	12	12	2	0	69
ANID_10407T0_424-489_2FC7:A:8-76	0	5	1	0	0	12	12	2	0	69
ANID_10407T0_181-255_2FC7:A:8-76	0	5	1	0	0	12	12	2	0	69
ANID_10407T0_292-344_2DIP:A:8-92	0	4	1	1	0	13	11	1	0	85
ANID_03427T0_166-239_1X5S:A:8-97	0	4	0	2	0	11	8	3	0	89
ANID_03427T0_67-157_1WI8:A:	2	6	1	2	0	13	8	4	0	103
ANID_03425T0_104-292_1UPK:A:	2	0	4	20	0	16	12	16	0	330
ANID_03423T0_323-442,475-698_3BZK:A:1-324	2	3	4	16	0	23	11	18	0	324
ANID_03423T0_711-878_3BZK:A:325-473	0	5	2	6	0	17	10	10	0	149
ANID_03423T0_883-979_3BZK:A:474-563	0	2	1	4	0	8	6	7	0	90
ANID_03423T0_988-1083_3BZK:A:564-636	0	0	3	4	0	9	5	4	0	73
ANID_03423T0_1229-1312_1R1Q:A:	2	5	0	2	0	16	9	7	0	97
ANID_03423T0_1101-1177_2AHO:B:1-84	0	6	1	1	0	8	3	5	0	84
ANID_03422T0_65-334,410-440_1S9I:A:	1	7	3	12	0	30	21	11	0	334
ANID_03421T0_1-173_2A35:A:4-215	2	9	2	8	0	20	13	11	0	210
ANID_03420T0_3-31_2HAP:C:55-97	0	0	1	2	0	6	3	2	0	43
ANID_03419T0_24-212_1KRR:A:	6	18	1	3	0	40	15	16	0	200
ANID_03413T0_158-238_1PKP:A:78-148	1	4	0	2	0	9	5	4	0	71
ANID_03413T0_76-147_1PKP:A:4-77	2	4	1	1	0	9	7	1	0	74
ANID_03408T0_66-295,328-437,468-556_1PV7:A:	0	0	2	22	0	18	12	14	0	417
ANID_03407T0_66-264_1QY6:A:	4	13	2	3	0	28	10	17	0	216
ANID_03403T0_114-205_1J7N:A:551-773	0	4	4	8	0	18	15	13	0	223
ANID_03402T0_21-392_2GUY:A:1-381	12	13	11	13	0	43	24	24	0	381
ANID_03402T0_518-622_1KUL:A:	2	9	1	0	0	22	9	4	0	108
ANID_03402T0_404-495_2AAA:A:382-476	0	8	0	1	0	12	5	9	0	95
ANID_03399T0_20-199_1W1O:A:40-245	2	10	2	6	0	23	19	14	0	206
ANID_03396T0_21-553_1V25:A:	8	24	4	16	0	59	31	33	0	534
ANID_03396T0_654-932_1XKT:A:	2	7	3	8	0	30	19	12	0	288
ANID_03396T0_579-658_2PNG:A:1-76	0	0	1	5	0	12	9	8	0	89
ANID_03388T0_24-374_2GUY:A:1-381	12	13	11	13	0	43	24	24	0	381
ANID_03388T0_385-462_2AAA:A:382-476	0	8	0	1	0	12	5	9	0	95
ANID_03387T0_32-315_1F88:A:	0	4	2	13	0	20	19	16	0	348
ANID_03383T0_61-259,315-487,537-571_1PW4:A:	2	0	1	18	0	21	18	22	0	450
ANID_03382T0_16-210,325-436_2VOU:A:2-163,A:292-394	2	13	4	6	0	31	15	12	1	265
ANID_03382T0_221-319_3C96:A:183-293	3	5	0	4	0	12	4	7	0	111
ANID_03378T0_2-352_1Q7Z:A:1-300	2	10	3	13	0	32	19	15	0	300
ANID_03377T0_66-275_1Y43:A:1-32,B:3-173	2	20	0	0	0	25	9	10	1	203
ANID_10396T0_41-379_1EZF:A:	0	0	3	18	0	19	14	22	0	333
ANID_03375T0_5-100_1XBL:A:	0	0	0	3	0	7	3	6	0	75
ANID_03373T0_96-342_1T94:A:75-407	2	10	5	13	0	31	13	16	0	333
ANID_03373T0_350-451_1T94:A:411-515	0	4	0	2	0	8	4	3	0	105
ANID_03369T0_123-218_1NOF:A:31-43,A:321-413	1	9	0	0	0	13	9	4	1	106
ANID_03369T0_29-75_2HAP:C:55-97	0	0	1	2	0	6	3	2	0	43
ANID_10395T0_40-196_1RHS:A:1-149	3	5	0	5	0	19	9	11	0	149
ANID_10395T0_220-332_1RHS:A:150-293	4	7	3	5	0	18	9	8	0	144
ANID_10394T0_1-80_1LDJ:B:	0	6	0	2	0	13	8	4	0	88
ANID_10393T0_13-211,422-701_1FFY:A:1-200,A:395-644	8	19	3	17	0	45	29	24	1	450
ANID_10393T0_708-995_1FFY:A:645-917	0	8	4	11	1	21	16	15	0	273
ANID_10393T0_214-422_1FFY:A:201-394	6	3	3	4	0	27	16	12	0	194
ANID_03357T0_39-510_1PV7:A:	0	0	2	22	0	18	12	14	0	417
ANID_03356T0_4-49_2HAP:C:55-97	0	0	1	2	0	6	3	2	0	43
ANID_03354T0_10-300_1Z7A:A:4-304	3	9	3	9	0	32	19	15	0	301
ANID_10399T0_4-193_1JTV:A:	2	7	4	11	0	26	15	16	0	285
ANID_03344T0_1-192_1I12:A:	3	6	3	5	0	13	5	6	0	157
ANID_03334T0_15-264_1NP3:A:1-182	0	9	2	9	0	24	9	11	0	182
ANID_03333T0_444-613_1ZH8:A:4-131,A:276-328	0	7	3	8	0	16	11	4	1	181
ANID_03331T0_22-292_2O6I:A:1-453	6	9	8	23	0	32	20	22	0	453
ANID_03330T0_679-836_1O63:A:	1	10	1	8	0	17	12	10	0	203
ANID_03330T0_7-147_1G3Q:A:	0	8	3	11	0	25	16	14	0	237
ANID_03327T0_16-122_3B60:A:329-581	4	10	2	9	0	24	18	16	0	253
ANID_03326T0_91-335_2BVY:A:5-370	7	11	2	10	0	43	30	27	0	366
ANID_03321T0_59-430_1HTR:P:,B:	3	26	7	7	0	42	18	21	1	372
ANID_10398T0_42-296_1JBK:A:	0	6	2	10	0	18	8	13	0	194
ANID_10397T0_12-183_1UOH:A:	0	0	1	14	0	27	7	20	0	223
ANID_10391T0_287-556_1VYH:C:92-408	0	28	1	0	0	39	25	14	0	317
ANID_03314T0_15-79_1X6M:A:	1	11	5	3	0	24	13	10	0	195
ANID_03313T0_45-270_1ZQ9:A:36-313	2	9	4	11	0	26	16	16	0	278
ANID_03308T0_28-400_2GUY:A:1-381	12	13	11	13	0	43	24	24	0	381
ANID_03308T0_410-506_2AAA:A:382-476	0	8	0	1	0	12	5	9	0	95
ANID_03305T0_18-290_1VL8:A:	2	7	6	9	0	25	10	14	0	251
ANID_03299T0_3-81_1EEM:A:5-102	2	4	1	2	0	15	6	8	0	98
ANID_03299T0_89-220_1GWC:A:87-224	2	0	0	8	0	10	8	7	0	138
ANID_03296T0_65-143_2BMO:A:3-152	4	11	5	2	0	20	11	13	0	150
ANID_03293T0_7-251_1I01:A:	2	7	3	9	0	21	12	12	0	241
ANID_03291T0_2-305,409-451_1GOS:A:4-289,A:402-500	4	15	6	13	0	40	33	22	1	385
ANID_03291T0_288-394_1GOS:A:290-401	2	5	3	2	0	17	9	5	0	112
ANID_03290T0_8-50_1D66:A:8-48	0	0	0	2	0	4	1	2	0	41
ANID_03282T0_4-165_2FR1:A:1657-1915	2	9	2	10	0	25	12	17	0	259
ANID_03280T0_31-72_1PYI:A:30-71	0	2	0	2	0	6	1	3	0	42
ANID_03279T0_16-263_2BGK:A:11-278	0	7	5	9	0	26	17	16	0	268
ANID_03277T0_28-331_1DI1:A:	0	0	0	13	0	17	9	12	0	300
ANID_03276T0_2-201_1AE1:A:	2	7	4	8	0	23	13	14	0	258
ANID_10389T0_126-505_1TQN:A:	5	9	7	18	0	43	20	30	0	472
ANID_03272T0_81-568_3CZH:A:40-502	7	8	4	16	0	42	19	26	0	462
ANID_03269T0_13-40_2HAP:C:55-97	0	0	1	2	0	6	3	2	0	43
ANID_10388T0_24-211_1W1O:A:40-245	2	10	2	6	0	23	19	14	0	206
ANID_03264T0_31-235,294-466,515-549_1PV7:A:	0	0	2	22	0	18	12	14	0	417
ANID_03261T0_195-294,324-457_1PV7:A:	0	0	2	22	0	18	12	14	0	417
ANID_03256T0_75-518_1E9X:A:	5	12	6	18	0	48	21	22	0	449
ANID_03249T0_73-291_1YB1:A:	0	7	1	10	0	18	5	15	0	244
ANID_03243T0_199-317_1UFG:A:	0	11	0	0	0	21	12	5	0	150
ANID_03236T0_70-244_1SUI:A:21-247	5	7	5	8	0	25	14	15	0	227
ANID_03235T0_1-146_3C96:A:4-182,A:294-402	1	13	1	8	0	26	14	13	1	288
ANID_03232T0_8-435_1PW4:A:	2	0	1	18	0	21	18	22	0	450
ANID_03229T0_39-350,550-609_1CF3:A:3-324,A:521-583	17	12	7	11	0	49	28	29	1	385
ANID_03229T0_354-551_1JU2:A:294-463	3	9	1	2	0	26	19	6	0	170
ANID_03227T0_80-248,359-477_3C96:A:4-182,A:294-402	1	13	1	8	0	26	14	13	1	288
ANID_03226T0_19-265_1AE1:A:	2	7	4	8	0	23	13	14	0	258
ANID_03225T0_37-501_1TQN:A:	5	9	7	18	0	43	20	30	0	472
ANID_03223T0_10-384_3PFK:A:	2	11	3	11	0	31	12	19	0	319
ANID_03223T0_340-730_3PFK:A:	2	11	3	11	0	31	12	19	0	319
ANID_03221T0_41-482_1PW4:A:	2	0	1	18	0	21	18	22	0	450
ANID_03220T0_20-507_1PV7:A:	0	0	2	22	0	18	12	14	0	417
ANID_03217T0_10-56_1PYI:A:30-71	0	2	0	2	0	6	1	3	0	42
ANID_09524T0_367-400_1AZ6:A:	0	2	0	0	0	7	4	2	0	36
ANID_03212T0_21-280_1L5X:A:	8	11	1	8	0	39	23	12	0	279
ANID_03206T0_5-301,505-567_1GPE:A:1-328,A:525-587	13	16	6	10	0	49	25	31	1	391
ANID_03206T0_304-506_1JU2:A:294-463	3	9	1	2	0	26	19	6	0	170
ANID_03204T0_43-507_1PV7:A:	0	0	2	22	0	18	12	14	0	417
ANID_03203T0_19-65_1P22:A:135-252	0	0	2	7	0	7	4	6	0	114
ANID_03200T0_313-490,524-629_1DP0:A:334-625	10	12	2	7	0	41	19	22	0	292
ANID_03200T0_4-195_1BHG:A:22-225	7	11	1	3	0	33	25	4	0	204
ANID_03200T0_216-316_1DP0:A:220-333	5	7	0	0	0	10	7	6	0	114
ANID_03196T0_16-367_1NC5:A:	11	6	5	13	0	40	21	26	0	363
ANID_03195T0_60-494_1PW4:A:	2	0	1	18	0	21	18	22	0	450
ANID_03194T0_60-373_1J6P:A:50-330	2	8	3	12	0	25	12	22	0	281
ANID_03194T0_332-453_1J6P:A:1-49,A:331-405	2	8	2	2	0	13	11	8	1	124
ANID_03194T0_4-78_1GKP:A:2-54,A:390-459	2	13	1	0	0	18	6	8	1	123
ANID_10379T0_162-317_2GSQ:A:76-202	0	0	0	5	0	8	9	6	0	127
ANID_10379T0_20-69,106-142_1EEM:A:5-102	2	4	1	2	0	15	6	8	0	98
ANID_10381T0_292-320,367-414_1WNI:A:	0	5	3	7	0	22	12	8	0	198
ANID_03191T0_51-349_1LZL:A:	0	8	3	10	0	32	18	24	0	317
ANID_03184T0_81-432_1SNZ:A:	12	29	5	2	0	50	22	25	0	343
ANID_03181T0_181-317_1BLX:A:	4	7	7	8	0	33	18	18	0	305
ANID_03173T0_208-280_1A32:A:	0	0	0	4	0	7	2	3	0	85
ANID_03169T0_276-432_1DKR:A:167-316	0	9	1	4	0	15	12	6	0	150
ANID_03169T0_5-113,226-274_1DKR:A:8-166	1	7	1	4	0	20	10	6	0	159
ANID_03168T0_11-360_1V9M:A:	0	0	6	15	0	22	14	15	0	319
ANID_03163T0_116-246_1WIN:A:	0	6	0	5	0	15	6	3	0	142
ANID_03162T0_9-99,132-200_1Y9W:A:1-140	0	7	3	3	0	13	3	7	0	140
ANID_03161T0_3-234_1SNY:A:	3	7	6	7	0	28	16	13	0	266
ANID_03159T0_21-439_1NVU:S:	2	4	4	21	0	35	21	23	0	481
ANID_03157T0_617-742_1AUZ:A:	4	4	3	3	0	15	8	8	0	116
ANID_03156T0_181-296_1Q8K:A:186-302	2	6	1	3	0	11	7	4	0	117
ANID_03156T0_90-176_1Q46:A:89-175	0	0	1	5	0	6	2	3	0	87
ANID_03156T0_10-93_1Q46:A:2-88	0	5	2	0	0	8	6	7	0	87
ANID_03154T0_9-121_1L3G:A:	0	6	0	5	0	9	6	8	0	123
ANID_03154T0_250-420_1SW6:A:	2	4	3	13	0	30	11	18	0	301
ANID_03153T0_28-217_1SPV:A:	0	6	1	5	0	17	11	6	0	172
ANID_03152T0_397-443_4GAT:A:	0	2	1	1	0	11	6	3	0	66
ANID_03151T0_27-144_3BB9:A:27-147	0	6	0	4	0	6	3	7	0	121
ANID_03149T0_105-244_1B12:A:	5	17	5	1	0	32	10	16	0	247
ANID_03147T0_27-203_1SWX:A:	2	0	3	8	0	10	6	12	0	202
ANID_10367T0_93-183,326-419,965-1182_1SU4:A:1-124,A:240-343,A:751-994	1	1	8	18	0	32	20	22	2	472
ANID_10367T0_421-436,591-683,753-808_1SU4:A:344-360,A:600-750	3	8	1	8	0	16	12	11	1	168
ANID_10367T0_431-648_1SU4:A:361-599	0	13	3	7	0	21	11	13	0	239
ANID_10367T0_184-324_1SU4:A:125-239	2	9	3	0	0	21	10	7	0	115
ANID_03144T0_342-444_1HYI:A:	0	4	0	1	0	11	5	3	0	65
ANID_03144T0_192-282_1VFY:A:	4	4	2	1	0	10	2	4	0	72
ANID_03144T0_614-657_1Z0K:B:441-501	1	0	0	2	0	6	3	2	0	61
ANID_03137T0_1-115_1UW0:A:	2	5	0	2	0	19	11	5	0	117
ANID_03134T0_14-143,405-523_1A6D:A:17-145,A:404-519	0	9	1	11	0	18	7	14	1	245
ANID_03134T0_211-378_1GML:A:	3	9	2	3	0	17	13	5	0	169
ANID_03134T0_143-215,369-404_1Q3Q:A:146-216,A:370-405	1	5	3	3	0	8	7	2	1	107
ANID_10355T0_488-668_1FKM:A:249-442	2	0	8	8	0	13	13	10	0	194
ANID_10355T0_647-772_1FKM:A:443-630	0	0	1	8	0	10	3	8	0	188
ANID_10365T0_30-173_2AYV:A:1-146	3	4	1	4	0	19	8	10	0	145
ANID_10354T0_46-96_1UMU:A:	0	7	2	1	0	15	7	8	0	105
ANID_03124T0_11-146,321-571,605-619_1SDM:A:	4	16	3	11	0	35	16	19	0	364
ANID_03120T0_32-73_1CLD:A:	0	0	0	2	0	4	2	1	0	33
ANID_03119T0_3-310_1UDB:A:	3	13	1	11	0	38	21	15	0	338
ANID_03117T0_810-830,927-1181_2B8E:A:416-434,A:548-663	2	6	0	6	1	16	9	5	1	135
ANID_03117T0_605-695_1SU4:A:125-239	2	9	3	0	0	21	10	7	0	115
ANID_03117T0_163-234_1FVQ:A:	1	4	0	2	0	8	4	4	0	71
ANID_03117T0_251-317_1OQ3:A:	0	4	1	2	0	8	6	6	0	75
ANID_03117T0_557-595,696-797,1107-1129_1SU4:A:1-124,A:240-343,A:751-994	1	1	8	18	0	32	20	22	2	472
ANID_03117T0_5-75_1OQ3:A:	0	4	1	2	0	8	6	6	0	75
ANID_03117T0_813-921_2B8E:A:435-547	0	6	0	4	0	7	3	7	0	113
ANID_03117T0_332-396_1OQ3:A:	0	4	1	2	0	8	6	6	0	75
ANID_03115T0_18-436_1PV7:A:	0	0	2	22	0	18	12	14	0	417
ANID_03112T0_31-325,461-495_2DW4:A:274-654,A:764-831	9	17	3	11	0	39	21	20	1	449
ANID_03110T0_247-573_1H1W:A:	2	9	7	9	0	29	16	16	0	289
ANID_03108T0_2-39_1ZME:C:31-66	0	0	0	2	0	4	1	2	0	36
ANID_10375T0_12-480_1CBG:A:	5	17	8	19	0	47	26	27	0	490
ANID_10376T0_251-717_1V5D:A:	12	6	6	13	0	40	20	25	0	386
ANID_03105T0_48-505_1PW4:A:	2	0	1	18	0	21	18	22	0	450
ANID_03101T0_1256-1433_2C2A:A:321-481	0	7	2	3	0	13	4	10	0	161
ANID_03101T0_1730-1856_1OXB:B:	0	5	0	5	0	13	11	4	0	124
ANID_03101T0_1185-1269_2C2A:A:232-320	0	0	1	3	0	3	0	4	0	89
ANID_03101T0_887-998_1G28:A:	1	5	1	3	0	14	5	6	0	104
ANID_03101T0_1023-1076,1127-1183_1N9L:A:	0	5	1	3	0	14	5	7	0	109
ANID_03096T0_209-528_1F3L:A:	8	15	5	7	0	34	16	23	0	321
ANID_03096T0_28-142_1WIR:A:	0	2	1	6	0	16	9	6	0	120
ANID_03094T0_541-693_1FKM:A:249-442	2	0	8	8	0	13	13	10	0	194
ANID_03094T0_702-813_1FKM:A:443-630	0	0	1	8	0	10	3	8	0	188
ANID_03092T0_325-512,1370-1633_1NVU:S:	2	4	4	21	0	35	21	23	0	481
ANID_03088T0_85-152_1C99:A:	0	0	1	2	0	2	1	1	0	79
ANID_03088T0_13-76_1C99:A:	0	0	1	2	0	2	1	1	0	79
ANID_03085T0_100-208,242-419_1YV9:A:4-256	1	15	3	8	0	27	18	14	0	253
ANID_03084T0_12-217_4LIP:D:	4	11	2	11	0	29	17	24	0	319
ANID_03083T0_62-263_1W1O:A:40-245	2	10	2	6	0	23	19	14	0	206
ANID_03082T0_1-113,150-481,613-643,705-811_2I7X:A:1-422,A:626-717	3	23	6	14	0	62	37	26	1	514
ANID_03079T0_34-173_1PCV:A:	4	14	0	5	0	31	19	12	0	205
ANID_03075T0_182-225_2HAP:C:55-97	0	0	1	2	0	6	3	2	0	43
ANID_03073T0_119-301,336-455,482-536_1B8A:A:104-438	6	13	4	11	0	30	23	16	0	335
ANID_03073T0_40-128_1C0A:A:1-106	0	5	3	1	0	12	3	7	0	106
ANID_03072T0_460-557_1P1T:A:	2	4	0	4	0	11	10	6	0	104
ANID_10352T0_167-415_2OZB:B:85-333	0	0	3	11	0	15	11	14	0	249
ANID_03065T0_17-286_1A06:A:	4	8	4	10	0	29	20	14	0	307
ANID_03064T0_135-268,299-330_1WSC:A:3-227	1	9	6	6	0	26	11	12	0	225
ANID_03061T0_127-428_1OZ4:A:471-763	2	0	3	7	0	31	24	19	0	292
ANID_03061T0_1-93_1YXR:A:1-77	0	0	0	3	0	4	1	1	0	77
ANID_03060T0_6-111_1FXK:A:	0	2	0	2	0	5	1	3	0	107
ANID_03059T0_87-315_1EQJ:A:77-310	2	8	2	8	0	31	15	12	0	234
ANID_03059T0_6-87,316-517_1EQJ:A:3-76,A:311-510	6	8	4	9	0	34	20	17	1	274
ANID_03058T0_11-470_1EJI:A:	6	13	7	18	0	52	32	25	0	478
ANID_03057T0_46-366,494-530_1SEZ:A:13-329,A:442-497	7	15	2	15	0	38	28	17	1	373
ANID_03053T0_22-245_1GBG:A:	7	16	2	1	0	25	12	12	0	214
ANID_03050T0_49-95_1PYI:A:30-71	0	2	0	2	0	6	1	3	0	42
ANID_03039T0_32-79_1CHC:A:	0	3	0	1	0	9	8	3	0	68
ANID_03034T0_67-141,190-301_1YQF:A:14-195	1	6	1	5	0	14	11	7	0	182
ANID_03033T0_90-445_1ZT2:A:3-329	6	18	3	9	0	40	19	15	0	327
ANID_03030T0_20-182_1Q1N:A:1-152,A:321-360	3	12	3	4	0	28	9	12	1	192
ANID_03030T0_161-327_1Q1N:A:153-320	0	6	5	5	0	19	11	12	0	168
ANID_03027T0_108-221_1OQC:A:	0	0	1	5	0	10	7	4	0	112
ANID_03026T0_5-168,201-318_1VYH:C:92-408	0	28	1	0	0	39	25	14	0	317
ANID_03026T0_377-585_1JJU:B:	6	29	2	0	0	32	15	24	0	337
ANID_03018T0_9-144,290-327_1P22:A:253-545	0	28	0	1	0	35	23	13	0	293
ANID_03016T0_84-312_1ZTP:A:17-250	2	9	2	7	0	29	19	12	0	234
ANID_03014T0_541-768_1FCH:A:	0	0	2	17	0	24	6	19	0	323
ANID_03014T0_960-1041,1088-1269_1E96:B:	0	2	2	9	0	15	3	11	0	185
ANID_03014T0_350-624_1W3B:A:	0	0	0	23	0	35	6	26	0	388
ANID_03014T0_13-109_1W3B:A:	0	0	0	23	0	35	6	26	0	388
ANID_03013T0_12-152,210-261,314-479_1TG7:A:41-394	13	10	6	10	0	54	27	25	0	354
ANID_03012T0_15-172,202-293,360-725,818-955_1G3J:A:	2	0	4	35	0	31	15	35	0	531
ANID_03009T0_300-658_1H54:A:269-753	8	12	7	19	0	39	30	29	0	481
ANID_03005T0_458-648_1L0Q:A:1-301	0	29	1	0	0	20	16	19	0	301
ANID_03003T0_365-497_1OI0:A:	0	9	0	2	0	14	8	5	0	121
ANID_03003T0_24-126_2A9U:A:6-139	0	0	2	6	0	7	4	3	0	134
ANID_03002T0_39-201_1I4W:A:	2	8	7	11	0	36	19	18	0	322
ANID_03001T0_83-388_1MUO:A:	6	6	4	9	0	28	17	16	0	261
ANID_03000T0_21-204_1XUV:A:	0	8	0	4	0	14	7	9	0	177
ANID_02999T0_85-489_1LWD:A:	2	16	1	15	0	36	17	20	0	413
ANID_02993T0_160-365_1PG6:A:	2	17	2	3	0	23	12	10	0	227
ANID_02987T0_21-245_1YDE:A:4-253	2	7	2	10	0	23	11	14	0	250
ANID_02984T0_2-79_1N6J:A:	0	3	0	3	0	10	6	3	0	93
ANID_02980T0_9-103_1SQR:A:	0	6	0	1	0	13	6	3	0	87
ANID_02977T0_79-356_1OKC:A:	0	0	6	11	0	19	10	9	0	292
ANID_02976T0_43-179_2YZI:A:4-135	6	6	2	4	0	14	9	11	0	132
ANID_02973T0_792-871,918-1098_1Z3I:X:390-735	0	10	6	11	0	41	29	23	0	346
ANID_02973T0_562-790_1Z63:A:432-661	0	7	2	11	0	24	16	18	0	230
ANID_02970T0_22-132,160-304_1VJR:A:	1	15	3	10	0	29	18	14	0	270
ANID_02969T0_34-283_1SXJ:D:26-262	0	5	2	13	0	21	15	15	0	237
ANID_02969T0_296-381_1SXJ:D:263-353	0	0	0	5	0	7	4	3	0	91
ANID_02968T0_3-282_8PRK:A:	5	20	5	3	0	34	16	25	0	282
ANID_10351T0_7-96,252-485_1Y7E:A:4-100,A:234-458	6	15	2	8	0	35	14	14	1	322
ANID_10351T0_97-188,222-252_1Y7E:A:101-233	2	6	1	1	0	13	6	5	0	133
ANID_02965T0_271-574_1VYH:C:92-408	0	28	1	0	0	39	25	14	0	317
ANID_02964T0_36-83_1EBD:C:	0	0	1	2	0	5	1	3	0	41
ANID_02963T0_510-709_1GXL:A:	2	8	4	7	0	19	12	14	0	205
ANID_02963T0_4-92,130-209,1153-1241_1W1W:A:	2	14	3	8	0	28	15	19	0	427
ANID_02960T0_102-379_1GY9:A:	6	15	2	7	0	34	19	14	0	279
ANID_10371T0_25-101_1LRH:A:	2	12	2	2	0	24	11	7	0	160
ANID_02951T0_48-418_1EK6:A:	4	14	1	11	0	41	19	13	0	346
ANID_02948T0_22-123_1E6B:A:8-87	0	4	1	3	0	9	4	5	0	80
ANID_02948T0_102-141,177-232_1GWC:A:87-224	2	0	0	8	0	10	8	7	0	138
ANID_02946T0_624-876_1ORV:A:509-766	1	8	3	8	0	22	14	18	0	258
ANID_02946T0_134-618_1N1M:A:39-508	9	38	3	4	0	58	37	26	0	470
ANID_10350T0_195-265,333-368_1H6H:A:	0	3	1	6	0	14	9	6	0	143
ANID_10361T0_141-314,363-471_2FRN:A:19-278	0	13	3	6	0	25	10	16	0	260
ANID_10362T0_5-147_1Y14:A:	0	1	1	7	0	11	9	2	0	176
ANID_02944T0_68-106_2ALC:A:	0	0	0	4	0	11	7	5	0	65
ANID_02943T0_169-434_1IA8:A:	5	12	5	7	0	36	16	18	0	275
ANID_02938T0_22-215,263-276_1NQZ:A:	3	11	2	4	0	20	4	7	0	187
ANID_02936T0_659-1093_1O7D:C:488-585,D:603-875,E:885-1007	8	35	4	2	0	60	35	19	2	490
ANID_02936T0_276-553_1O7D:A:51-342,B:347-384	6	10	1	10	0	37	20	19	1	330
ANID_02936T0_555-657_1HTY:A:412-522	3	0	2	3	0	9	5	8	0	111
ANID_02932T0_94-381_2J0S:A:244-411	0	7	4	5	0	15	11	10	0	168
ANID_02927T0_481-771_2JAV:A:3-271	1	8	3	9	0	24	12	13	0	269
ANID_02925T0_1020-1319_1OZ4:A:471-763	2	0	3	7	0	31	24	19	0	292
ANID_02925T0_793-1001_1E32:A:201-458	3	5	4	12	0	28	13	14	0	258
ANID_02918T0_17-146,415-533_1A6D:A:17-145,A:404-519	0	9	1	11	0	18	7	14	1	245
ANID_02918T0_211-388_1Q3Q:A:217-369	3	9	2	3	0	18	15	4	0	153
ANID_02918T0_149-217,381-414_1Q3Q:A:146-216,A:370-405	1	5	3	3	0	8	7	2	1	107
ANID_02916T0_51-312,411-483_1NEK:A:1-235,A:356-450	7	17	3	8	0	41	22	15	1	330
ANID_02916T0_503-647_1NEK:A:451-588	2	4	1	3	0	16	10	4	0	138
ANID_02916T0_289-407_1NEK:A:236-355	2	4	1	5	0	14	7	9	0	120
ANID_02904T0_161-406_1E32:A:201-458	3	5	4	12	0	28	13	14	0	258
ANID_02903T0_9-394_1DPJ:A:	4	26	6	5	0	36	14	22	0	329
ANID_02902T0_152-328_1TA0:A:	2	9	6	4	0	24	13	9	0	196
ANID_02902T0_504-597_1L0B:A:1591-1702	2	6	1	4	0	15	7	6	0	112
ANID_02900T0_92-399_2F2A:B:4-293	4	16	1	4	0	32	18	16	0	290
ANID_02900T0_402-521_2F2A:B:294-400	0	0	0	8	0	9	6	9	0	118
ANID_02896T0_46-305_1HZD:A:	3	10	3	11	0	24	15	16	0	266
ANID_02895T0_378-602_1LY1:A:	0	4	2	6	0	14	7	7	0	152
ANID_02895T0_22-214_1R3D:A:	2	7	3	11	0	24	13	15	0	263
ANID_02893T0_218-343_1UHT:A:	3	9	0	0	0	18	9	7	0	117
ANID_02892T0_44-501_1PV7:A:	0	0	2	22	0	18	12	14	0	417
ANID_02891T0_38-176_1AF7:A:92-284	0	10	3	6	0	20	12	12	0	193
ANID_02879T0_46-539_1MT5:A:	4	11	7	22	0	56	40	33	0	537
ANID_02877T0_13-404_1ZHX:A:2-434	5	19	10	9	0	46	21	29	0	433
ANID_02875T0_9-359_1DOS:A:	0	11	3	12	0	36	18	17	0	358
ANID_02874T0_903-1080,1118-1255,1291-1341_1A12:A:	5	30	5	1	0	58	38	27	0	401
ANID_02871T0_60-112_1WJ7:A:8-98	0	0	0	4	0	9	8	4	0	91
ANID_02870T0_6-119_2GE3:A:6-169	0	7	2	4	0	13	5	8	0	164
ANID_02870T0_220-361_2BSW:A:2-146	0	7	4	3	0	14	8	10	0	145
ANID_02869T0_115-584_1PW4:A:	2	0	1	18	0	21	18	22	0	450
ANID_10348T0_7-186_1J9A:A:	3	5	1	8	0	22	9	9	0	183
ANID_02866T0_4-185_1OFG:A:1-160,A:323-381	1	7	4	8	0	25	13	9	1	219
ANID_02866T0_162-247_2NVW:A:155-373	2	11	4	2	0	20	14	5	0	219
ANID_02865T0_304-334_1ESK:A:	2	0	0	0	0	11	5	4	0	42
ANID_02864T0_22-458_1PW4:A:	2	0	1	18	0	21	18	22	0	450
ANID_02862T0_3-117_1PA7:A:	0	0	2	5	0	10	6	7	0	130
ANID_02862T0_164-231_1TXQ:B:192-255	0	0	0	2	0	4	2	2	0	64
ANID_02861T0_319-361,410-644_2OVR:B:2365-2706	0	32	2	1	0	36	24	21	0	342
ANID_02861T0_207-305_1NEX:B:270-369	0	0	0	7	0	9	5	6	0	100
ANID_02860T0_27-177_1Q1N:A:1-152,A:321-360	3	12	3	4	0	28	9	12	1	192
ANID_02860T0_158-320_1Q1N:A:153-320	0	6	5	5	0	19	11	12	0	168
ANID_02859T0_7-323_1XKY:A:1-292	2	8	2	12	0	25	18	17	0	292
ANID_02854T0_335-426_1D5V:A:	1	2	0	4	0	14	9	5	0	94
ANID_02854T0_117-224_1UHT:A:	3	9	0	0	0	18	9	7	0	117
ANID_02853T0_4-254_1RTW:A:	0	0	2	10	0	11	7	6	0	206
ANID_02852T0_63-108_1CLD:A:	0	0	0	2	0	4	2	1	0	33
ANID_02848T0_6-138_1QGV:A:	1	5	0	3	0	14	10	7	0	137
ANID_02841T0_39-481_1PW4:A:	2	0	1	18	0	21	18	22	0	450
ANID_11683T0_7-53_1PYI:A:30-71	0	2	0	2	0	6	1	3	0	42
ANID_02837T0_110-303_2BNH:A:	5	17	2	16	0	59	26	25	0	456
ANID_10368T0_4-134_1X6M:A:	1	11	5	3	0	24	13	10	0	195
ANID_02834T0_31-236_1DEO:A:	4	7	4	7	0	25	12	13	0	233
ANID_10346T0_60-219_1CEX:A:	1	5	5	7	0	20	7	13	0	197
ANID_02831T0_50-474_1PV7:A:	0	0	2	22	0	18	12	14	0	417
ANID_02829T0_35-531_1MT5:A:	4	11	7	22	0	56	40	33	0	537
ANID_02827T0_134-272,388-496,867-1081_1SU4:A:1-124,A:240-343,A:751-994	1	1	8	18	0	32	20	22	2	472
ANID_02827T0_500-520,661-924_1SU4:A:344-360,A:600-750	3	8	1	8	0	16	12	11	1	168
ANID_02827T0_509-720_1SU4:A:361-599	0	13	3	7	0	21	11	13	0	239
ANID_02827T0_273-385_1SU4:A:125-239	2	9	3	0	0	21	10	7	0	115
ANID_09457T0_133-420_1PYF:A:	6	11	6	11	0	33	19	21	0	311
ANID_02818T0_146-309,344-404,457-628_1XFD:A:127-591	9	30	2	3	0	57	36	22	0	465
ANID_02818T0_72-185_1ORV:A:39-508	12	36	3	4	0	53	35	31	0	470
ANID_02815T0_15-294_1LJ8:A:1-286	3	13	4	9	0	36	14	17	0	285
ANID_02815T0_300-501_1LJ8:A:287-492	4	0	3	12	0	13	4	16	0	206
ANID_02801T0_9-267_1VP5:A:	3	10	4	11	0	36	16	14	0	284
ANID_02799T0_40-279_1BT3:A:	2	7	7	10	0	38	24	27	0	341
ANID_02799T0_413-487_1PV7:A:	0	0	2	22	0	18	12	14	0	417
ANID_02793T0_6-366_1CM7:A:	1	12	5	12	0	34	19	19	0	363
ANID_02790T0_126-378_1L0Q:A:1-301	0	29	1	0	0	20	16	19	0	301
ANID_02786T0_9-223,338-386_1PJ5:A:4-219,A:339-427	2	17	6	8	0	32	16	16	1	305
ANID_02786T0_225-338_1EL5:A:218-321	2	6	2	2	0	13	4	6	0	104
ANID_02784T0_13-129_1X82:A:	5	13	1	2	0	29	6	13	0	189
ANID_11365T0_8-92_1PV7:A:	0	0	2	22	0	18	12	14	0	417
ANID_02783T0_36-455_1PV7:A:	0	0	2	22	0	18	12	14	0	417
ANID_02780T0_4-45_2HAP:C:55-97	0	0	1	2	0	6	3	2	0	43
ANID_02779T0_108-410_2P9B:A:71-394	1	10	0	12	0	31	18	15	0	324
ANID_02779T0_40-108,414-454_2QS8:A:7-63,A:374-412	1	7	1	0	0	10	6	5	1	94
ANID_02777T0_71-290_1I7O:A:214-429	6	15	5	3	0	34	15	10	0	216
ANID_02777T0_322-585_1M33:A:	4	7	4	8	0	26	17	18	0	256
ANID_02769T0_475-550_1H3O:B:	0	1	0	3	0	7	2	2	0	75
ANID_10337T0_499-569_1UFM:A:	0	3	0	3	0	8	7	3	0	83
ANID_10340T0_76-145,195-455_1V4E:A:	0	2	1	14	0	18	6	12	0	280
ANID_02764T0_2-233_1UL1:X:2-217	0	7	1	7	0	19	10	10	0	216
ANID_02764T0_218-356_1UL1:X:218-357	1	1	1	7	0	13	9	4	0	140
ANID_02763T0_41-84_1PYI:A:30-71	0	2	0	2	0	6	1	3	0	42
ANID_02762T0_31-268_1SIQ:A:3-238	4	9	4	7	0	21	11	19	0	236
ANID_02762T0_269-419_1SIQ:A:239-392	0	2	3	5	0	5	7	4	0	154
ANID_02761T0_1-146_1QCQ:A:	5	4	1	4	0	17	8	11	0	148
ANID_09231T0_116-305_1W1O:A:40-245	2	10	2	6	0	23	19	14	0	206
ANID_09223T0_61-264_1FP2:A:109-352	1	9	4	13	0	24	10	15	0	244
ANID_09219T0_26-229,298-470,517-543_1PW4:A:	2	0	1	18	0	21	18	22	0	450
ANID_09218T0_74-545_1TQN:A:	5	9	7	18	0	43	20	30	0	472
ANID_11198T0_311-441_2CND:A:125-270	0	8	3	6	0	14	9	6	0	146
ANID_11198T0_4-88_1HKO:A:	2	5	0	5	0	9	6	6	0	104
ANID_11198T0_227-323_1UMK:A:30-153	4	7	0	1	0	16	7	9	0	124
ANID_11199T0_2-127,206-268_1VA4:A:	4	8	3	10	0	25	15	19	0	271
ANID_11191T0_47-420,451-471_1J3N:A:250-408	3	7	2	4	0	21	9	8	0	159
ANID_11191T0_606-733,803-918_1MLA:A:3-127,A:198-307	2	5	1	12	0	22	14	13	1	235
ANID_11191T0_2076-2264_2FR1:A:1657-1915	2	9	2	10	0	25	12	17	0	259
ANID_11191T0_1841-2022_1PQW:A:	0	7	2	7	0	15	7	13	0	183
ANID_11191T0_1745-1878_1CDO:A:1-164,A:340-374	2	12	5	3	0	26	16	14	1	199
ANID_11191T0_737-801_1MLA:A:128-197	0	4	0	2	0	6	5	4	0	70
ANID_11191T0_2367-2437_2PNG:A:1-76	0	0	1	5	0	12	9	8	0	89
ANID_09216T0_43-560_1LCI:A:	7	27	4	15	0	64	28	38	0	541
ANID_12144T0_208-547_1N97:A:	4	12	4	17	0	36	18	18	0	385
ANID_12141T0_27-513_3CZH:A:40-502	7	8	4	16	0	42	19	26	0	462
ANID_09208T0_61-253_1RFL:A:	0	4	1	5	0	22	18	7	0	171
ANID_09207T0_205-309_1I0V:A:	2	7	0	1	0	13	9	8	0	104
ANID_09207T0_30-139_1I0V:A:	2	7	0	1	0	13	9	8	0	104
ANID_09204T0_8-185_2GE3:A:6-169	0	7	2	4	0	13	5	8	0	164
ANID_09202T0_78-122_1QHK:A:	0	3	0	2	0	7	4	0	0	47
ANID_09202T0_4-51_1QHK:A:	0	3	0	2	0	7	4	0	0	47
ANID_09200T0_2043-2242_1G6O:A:	2	13	3	9	0	31	22	19	0	323
ANID_09194T0_5-307_1QYD:A:	3	13	2	13	0	35	25	21	0	312
ANID_09191T0_18-353_1M41:A:	4	15	3	9	0	32	19	17	0	361
ANID_09187T0_194-524_1N11:A:	0	0	1	24	0	48	15	35	0	408
ANID_09187T0_58-219_1K1A:A:	2	0	0	13	0	30	9	26	0	228
ANID_09187T0_654-712_2CS3:A:8-87	2	2	0	2	0	14	12	2	0	80
ANID_09184T0_13-216,248-357,384-482_1PV7:A:	0	0	2	22	0	18	12	14	0	417
ANID_11190T0_101-296_1SPV:A:	0	6	1	5	0	17	11	6	0	172
ANID_11190T0_312-604_2NYR:A:36-302	3	11	4	10	0	27	13	16	0	267
ANID_09180T0_14-290_1QGD:A:2-332	2	7	3	13	0	33	13	24	0	331
ANID_09180T0_302-492_1QGD:A:333-527	1	8	3	7	0	22	12	13	0	195
ANID_09180T0_507-637_1IK6:A:192-326	0	6	1	4	0	12	7	6	0	135
ANID_09179T0_8-319_1PYF:A:	6	11	6	11	0	33	19	21	0	311
ANID_02760T0_1-124_1LQP:A:	0	9	0	3	0	16	5	7	0	134
ANID_02759T0_31-259_2V3K:A:25-251	2	10	2	6	0	30	16	14	0	227
ANID_10335T0_2-246_2GDZ:A:3-256	2	8	5	10	0	22	10	12	0	254
ANID_02752T0_71-396_1S4N:A:	1	12	10	14	0	38	22	21	0	339
ANID_02749T0_97-218_1WJM:A:	1	8	0	2	0	15	8	5	0	122
ANID_02746T0_32-424_1PW4:A:	2	0	1	18	0	21	18	22	0	450
ANID_02742T0_25-79_1OMW:G:	0	0	1	2	0	6	2	4	0	61
ANID_02741T0_23-72,99-133_2FA8:A:4-89	0	4	1	3	0	8	2	5	0	86
ANID_02737T0_386-576_1Q40:B:	1	7	2	3	0	23	8	9	0	205
ANID_02737T0_210-367_1FO1:A:203-362	0	7	4	5	0	18	7	12	0	160
ANID_02737T0_611-663_1GO5:A:	0	0	0	4	0	7	7	3	0	69
ANID_02735T0_27-51,99-205,261-333_2OVR:B:2365-2706	0	32	2	1	0	36	24	21	0	342
ANID_02734T0_7-132_1ZAV:A:1-177	0	5	2	6	0	12	5	9	0	177
ANID_02731T0_2-108_1HDJ:A:	0	0	1	4	0	9	2	7	0	76
ANID_02731T0_261-350_1NLT:A:258-337	4	6	0	1	0	15	6	4	0	80
ANID_02731T0_143-213_1NLT:A:139-212	2	4	0	0	0	10	9	6	0	74
ANID_02731T0_119-151,217-260_1NLT:A:110-138,A:213-257	2	5	0	1	0	12	2	5	1	74
ANID_02729T0_97-435_1PV7:A:	0	0	2	22	0	18	12	14	0	417
ANID_02728T0_4-301_1O5K:A:	0	10	4	12	0	25	12	16	0	305
ANID_02727T0_42-513_1PQ2:A:	6	9	3	17	0	42	25	31	0	463
ANID_02723T0_21-424_1K75:A:	1	14	4	16	0	38	24	17	0	431
ANID_02721T0_7-260_1YBV:A:	2	7	6	9	0	26	16	13	0	270
ANID_02720T0_3-292_1M33:A:	4	7	4	8	0	26	17	18	0	256
ANID_02719T0_13-175_1K28:A:130-345	2	4	2	12	0	21	10	12	0	216
ANID_02717T0_3-62_2CQ3:A:110-202	0	6	1	2	0	13	6	5	0	90
ANID_09172T0_78-135,179-324_1MV8:A:1-202	4	8	0	9	0	22	14	13	0	202
ANID_09170T0_44-189_1GW0:A:1-162	5	10	2	0	0	20	10	14	0	162
ANID_09170T0_185-362_1V10:A:137-304	4	11	3	0	0	23	15	7	0	168
ANID_09170T0_396-569_1GW0:A:344-559	3	11	3	5	0	27	15	11	0	216
ANID_09169T0_19-212,243-459_1PV7:A:	0	0	2	22	0	18	12	14	0	417
ANID_09166T0_25-395_1ECE:A:	9	13	3	9	0	43	26	25	0	358
ANID_09165T0_54-255,321-492,539-564_1PV7:A:	0	0	2	22	0	18	12	14	0	417
ANID_09164T0_5-92_1ZH8:A:4-131,A:276-328	0	7	3	8	0	16	11	4	1	181
ANID_11172T0_7-251_1VL8:A:	2	7	6	9	0	25	10	14	0	251
ANID_09158T0_5-247_1AE1:A:	2	7	4	8	0	23	13	14	0	258
ANID_09157T0_91-406_1GTR:A:8-338	6	9	4	12	0	35	20	18	0	331
ANID_09157T0_401-624_1GTR:A:339-547	3	18	5	0	0	26	16	8	0	209
ANID_09152T0_7-123,160-292_1I01:A:	2	7	3	9	0	21	12	12	0	241
ANID_09151T0_498-686,717-744,774-955_2R7D:A:3-403	4	13	1	12	0	38	19	23	0	401
ANID_09148T0_42-494_2ICY:A:6-383	7	20	12	11	0	35	17	20	0	379
ANID_09147T0_81-127_1PYI:A:30-71	0	2	0	2	0	6	1	3	0	42
ANID_09140T0_133-359,435-638_1PW4:A:	2	0	1	18	0	21	18	22	0	450
ANID_09131T0_143-366_1RQB:A:4-306	4	10	5	12	0	31	15	21	0	303
ANID_09131T0_33-105_1VCV:A:1-226	0	8	5	9	0	25	14	10	0	226
ANID_09130T0_160-659_1F8U:A:	1	20	7	18	0	63	39	31	0	539
ANID_09128T0_22-264_2DUB:A:	2	10	4	11	0	25	14	14	0	259
ANID_09127T0_13-214_1I01:A:	2	7	3	9	0	21	12	12	0	241
ANID_09126T0_338-397_1WEN:A:	0	2	0	0	0	14	12	4	0	70
ANID_09125T0_81-156_2DK5:A:8-85	0	3	0	3	0	8	6	3	0	78
ANID_09124T0_251-374_1ELR:A:	0	0	0	7	0	9	1	5	0	128
ANID_09124T0_2-113_1ELW:A:	0	0	0	7	0	11	0	7	0	117
ANID_09124T0_386-491_1ELW:A:	0	0	0	7	0	11	0	7	0	117
ANID_09122T0_10-212,247-342_1HKH:A:	8	8	1	13	0	23	13	22	0	279
ANID_09121T0_13-97_1Z0N:A:77-163	0	10	1	0	0	14	6	6	0	87
ANID_09120T0_17-1246_1I50:B:	18	49	14	26	0	125	63	65	0	1207
ANID_09119T0_158-474_1XQR:A:87-350	0	0	3	17	0	17	9	12	0	267
ANID_09114T0_157-346_1KOL:A:161-355	2	6	2	9	0	19	12	13	0	195
ANID_09114T0_5-191_1KOL:A:2-160,A:356-397	6	11	2	6	0	34	16	13	1	201
ANID_09113T0_222-525_2BNH:A:	5	17	2	16	0	59	26	25	0	456
ANID_09113T0_7-123_1A17:A:	0	0	0	7	0	11	3	7	0	159
ANID_09113T0_132-195_1NEX:B:270-369	0	0	0	7	0	9	5	6	0	100
ANID_11177T0_1-194_1Q1N:A:1-152,A:321-360	3	12	3	4	0	28	9	12	1	192
ANID_11177T0_153-325_1UUF:A:145-312	0	6	3	8	0	15	6	10	0	168
ANID_09103T0_133-317_1D7Y:A:5-115,A:237-308	4	13	4	4	0	25	13	11	1	183
ANID_09103T0_10-112_1Q90:C:	5	10	1	1	0	23	9	8	0	127
ANID_09103T0_272-454_1DXL:A:153-275	2	8	0	3	0	14	12	4	0	123
ANID_09103T0_465-547_1Q1R:A:320-422	0	5	0	3	0	8	3	7	0	103
ANID_09101T0_63-141_1XBL:A:	0	0	0	3	0	7	3	6	0	75
ANID_02709T0_30-306_1QNR:A:	4	16	3	11	0	38	22	25	0	344
ANID_02707T0_8-463_1PW4:A:	2	0	1	18	0	21	18	22	0	450
ANID_02706T0_32-494_1TQN:A:	5	9	7	18	0	43	20	30	0	472
ANID_02701T0_41-312_2OVR:B:2365-2706	0	32	2	1	0	36	24	21	0	342
ANID_02699T0_19-445_1PW4:A:	2	0	1	18	0	21	18	22	0	450
ANID_02698T0_36-377_1Y0Z:A:	5	21	1	9	0	39	19	16	0	327
ANID_02697T0_100-250,435-500_1UFO:A:	0	8	4	6	0	21	10	17	0	238
ANID_02694T0_6-226_1FMC:A:	2	7	3	9	0	25	11	15	0	255
ANID_02693T0_6-47_1X4S:A:8-53	0	4	1	1	0	8	3	3	0	46
ANID_10333T0_29-357_1TDJ:A:5-335	0	10	2	13	0	33	18	16	0	331
ANID_10333T0_368-549,670-752_1CG2:A:26-213,A:327-414	3	15	3	8	0	27	16	13	1	276
ANID_10333T0_549-649_1YSJ:A:178-292	0	4	0	2	0	9	4	1	0	115
ANID_02690T0_94-336_1GBG:A:	7	16	2	1	0	25	12	12	0	214
ANID_02689T0_726-955_1TH0:A:	0	7	6	7	0	16	6	15	0	226
ANID_02682T0_6-399_1VJI:A:	3	13	7	10	0	40	29	19	0	361
ANID_02675T0_33-472_1PW4:A:	2	0	1	18	0	21	18	22	0	450
ANID_02674T0_16-539_1LCI:A:	7	27	4	15	0	64	28	38	0	541
ANID_02668T0_4-283_1W9Y:A:2-308	1	12	5	7	0	27	12	12	0	307
ANID_01857T0_29-473_1QZ9:A:	7	13	7	13	1	43	24	27	0	404
ANID_01858T0_10-427_2D0T:A:12-403	6	4	5	19	0	33	22	25	0	392
ANID_01860T0_1-86,139-267_1Y1P:A:2-343	0	12	1	11	0	37	20	20	0	342
ANID_01865T0_6-467_1PV7:A:	0	0	2	22	0	18	12	14	0	417
ANID_01868T0_72-467_1RRM:A:	3	10	9	14	0	32	17	17	0	385
ANID_01872T0_61-344_1LZL:A:	0	8	3	10	0	32	18	24	0	317
ANID_01874T0_717-893,966-1139_1C4Z:A:	4	10	4	13	0	35	26	18	0	350
ANID_01875T0_72-108_1ZR9:A:28-94	0	2	1	2	0	10	9	4	0	67
ANID_01875T0_147-209_1WIR:A:	0	2	1	6	0	16	9	6	0	120
ANID_01876T0_246-384_2V8Q:E:182-326	7	6	4	5	0	15	14	7	0	145
ANID_01877T0_21-254_1W4X:A:10-154,A:390-542	6	10	5	9	0	33	21	19	1	298
ANID_01877T0_300-514_1W4X:A:155-389	3	10	3	7	0	23	20	9	0	235
ANID_01882T0_39-406_1Z41:A:2-338	1	12	4	10	0	34	24	18	0	337
ANID_01883T0_176-410_1VL2:A:174-409	0	9	2	5	0	19	14	10	0	236
ANID_01883T0_1-174_1VL2:A:2-169	2	5	1	8	0	15	6	10	0	168
ANID_01884T0_46-540_1TQN:A:	5	9	7	18	0	43	20	30	0	472
ANID_01886T0_13-242_1GCO:A:	2	7	8	9	0	24	12	14	0	261
ANID_01899T0_15-387_1SQI:A:157-366	2	8	0	6	0	21	8	7	0	192
ANID_01900T0_581-650_2DKT:A:8-81	2	4	0	1	0	10	11	2	0	74
ANID_01901T0_27-506_1E9X:A:	5	12	6	18	0	48	21	22	0	449
ANID_02584T0_25-228,258-475_1PV7:A:	0	0	2	22	0	18	12	14	0	417
ANID_02586T0_16-134,169-207,252-286_1F0I:A:6-263	5	9	3	7	0	19	12	12	0	258
ANID_02586T0_292-457,540-587_1BYR:A:	2	8	0	5	0	13	9	7	0	152
ANID_02588T0_38-148_2PUL:A:5-396	1	10	6	14	0	29	12	21	0	392
ANID_02592T0_23-123_1E6B:A:8-87	0	4	1	3	0	9	4	5	0	80
ANID_02592T0_154-237_1TW9:A:78-206	0	0	1	6	0	7	6	5	0	129
ANID_02594T0_18-134_1XVW:A:1-153	2	9	2	4	0	17	9	13	0	153
ANID_02597T0_7-44_1D66:A:8-48	0	0	0	2	0	4	1	2	0	41
ANID_02599T0_73-176_1EX1:A:1-388	3	11	8	15	1	39	19	29	0	388
ANID_02601T0_67-268,298-517_1PV7:A:	0	0	2	22	0	18	12	14	0	417
ANID_02604T0_217-291_1MYO:A:	0	0	1	6	1	12	7	10	0	118
ANID_02608T0_9-265,438-504_1D4C:A:103-359,A:506-570	4	15	3	10	0	39	17	21	1	322
ANID_02608T0_282-439_1E39:A:360-505	1	5	1	6	0	17	10	12	0	146
ANID_02609T0_146-402_1FP1:D:129-372	0	8	1	9	0	19	10	13	0	244
ANID_02609T0_73-138_1KYW:A:13-119	1	2	0	6	0	9	4	10	0	107
ANID_02614T0_65-489_1PV7:A:	0	0	2	22	0	18	12	14	0	417
ANID_09053T0_1-222_1RFM:A:	6	12	6	11	0	37	20	16	0	344
ANID_09051T0_4-335_1PYF:A:	6	11	6	11	0	33	19	21	0	311
ANID_09050T0_11-45_1PYI:A:30-71	0	2	0	2	0	6	1	3	0	42
ANID_09049T0_26-378_1CI9:A:	7	15	6	14	0	46	29	29	0	377
ANID_09048T0_985-1106_1U0S:Y:	0	5	1	5	0	15	5	4	0	118
ANID_09048T0_699-799_2C2A:A:321-481	0	7	2	3	0	13	4	10	0	161
ANID_09048T0_88-264_1MKM:A:76-246	0	6	1	5	0	15	11	6	0	171
ANID_09048T0_578-643_2C2A:A:232-320	0	0	1	3	0	3	0	4	0	89
ANID_09044T0_15-193_1Z41:A:2-338	1	12	4	10	0	34	24	18	0	337
ANID_09038T0_4-200_1XI8:A:6-181	3	4	1	2	0	15	5	6	0	176
ANID_09038T0_201-353_1G8L:A:178-326	1	9	0	5	0	17	13	5	0	149
ANID_09038T0_396-442_1XI8:A:325-396	0	7	0	1	0	11	4	5	0	72
ANID_09037T0_33-623_2NAP:A:4-600	7	23	7	21	0	74	46	46	0	597
ANID_09037T0_646-787_2NAP:A:601-723	3	6	3	1	0	20	9	9	0	123
ANID_09034T0_13-509_1CW3:A:	10	20	4	15	0	54	32	26	0	494
ANID_09032T0_10-294_1F1X:A:4-147	2	8	0	2	0	19	10	10	0	144
ANID_09031T0_77-293_1SAW:A:	4	16	4	4	0	29	14	12	0	217
ANID_09030T0_39-488_1TQN:A:	5	9	7	18	0	43	20	30	0	472
ANID_09029T0_1-187,294-371_1FOH:A:1-240,A:342-461	4	15	4	9	0	43	22	18	1	360
ANID_01904T0_30-160,421-540_1A6D:A:17-145,A:404-519	0	9	1	11	0	18	7	14	1	245
ANID_01904T0_226-394_1Q3Q:A:217-369	3	9	2	3	0	18	15	4	0	153
ANID_01904T0_166-232,387-422_1A6D:B:145-215,B:368-403	0	5	3	3	0	7	6	2	1	107
ANID_01905T0_161-220_1E0B:A:	0	3	0	2	0	6	3	5	0	61
ANID_01905T0_42-107_1GUW:A:	2	5	0	1	0	12	6	4	0	72
ANID_01906T0_76-164_1FEX:A:	0	0	0	3	0	5	5	3	0	59
ANID_01908T0_802-874_1G3J:A:	2	0	4	35	0	31	15	35	0	531
ANID_01909T0_148-205_1LDJ:B:	0	6	0	2	0	13	8	4	0	88
ANID_01911T0_17-219,250-294,344-358_1LVW:A:	1	14	3	11	0	29	22	21	0	294
ANID_01911T0_260-420_1HV9:A:252-452	3	24	0	0	0	46	11	16	0	201
ANID_01913T0_228-578_1E1O:A:161-502	5	13	4	11	0	28	17	18	0	342
ANID_01913T0_72-220_1E1O:A:11-153	0	5	1	4	0	12	5	8	0	143
ANID_10239T0_236-304,341-394,429-541_1RI5:A:	1	10	1	9	0	22	15	13	0	252
ANID_10240T0_332-413_1JM7:A:	2	0	1	3	0	11	9	5	0	103
ANID_01917T0_22-309_1OKC:A:	0	0	6	11	0	19	10	9	0	292
ANID_01918T0_282-599_1J3B:A:212-529	5	21	6	7	0	46	23	17	0	318
ANID_01918T0_85-280_1II2:A:2-200	4	10	1	6	0	22	14	14	0	199
ANID_01922T0_374-455_1IN4:A:255-329	1	2	0	5	0	6	3	7	0	75
ANID_01923T0_84-131,164-546_1XI9:A:	3	15	6	14	0	41	17	19	0	405
ANID_01924T0_1-40_1CO4:A:	0	3	1	0	0	6	4	2	0	42
ANID_01931T0_13-126_1DCQ:A:247-368	2	3	1	5	0	15	8	9	0	122
ANID_01938T0_6-271_1NXQ:A:	4	7	3	9	0	24	12	17	0	251
ANID_01944T0_396-440_1ESK:A:	2	0	0	0	0	11	5	4	0	42
ANID_01947T0_77-252_1ZKP:A:1-244	6	14	2	7	0	29	13	18	0	244
ANID_09028T0_1-275,327-371_1YO6:A:1-250	2	8	5	8	0	24	10	16	0	250
ANID_09027T0_48-264_1K07:A:	6	12	3	8	0	24	9	16	0	262
ANID_09012T0_4-294_1NAL:1:	2	8	3	12	0	26	16	14	0	291
ANID_09011T0_21-322,556-614_1CF3:A:3-324,A:521-583	17	12	7	11	0	49	28	29	1	385
ANID_09011T0_329-390,427-560_1JU2:A:294-463	3	9	1	2	0	26	19	6	0	170
ANID_09010T0_34-473_1PW4:A:	2	0	1	18	0	21	18	22	0	450
ANID_09008T0_375-565_2OOL:A:140-333	1	7	1	5	0	21	10	10	0	194
ANID_09008T0_574-750_2VEA:A:327-514	0	9	3	5	0	16	12	6	0	188
ANID_09008T0_1127-1252_2AYZ:A:817-949	0	5	0	5	0	13	10	3	0	133
ANID_09008T0_814-1006_2C2A:A:321-481	0	7	2	3	0	13	4	10	0	161
ANID_09008T0_174-317_3C2W:A:5-117	2	6	1	2	0	14	8	8	0	113
ANID_09008T0_747-826_2C2A:A:232-320	0	0	1	3	0	3	0	4	0	89
ANID_09004T0_13-454_1TVL:A:	6	12	5	13	0	46	33	19	0	430
ANID_09002T0_53-290_1GCO:A:	2	7	8	9	0	24	12	14	0	261
ANID_09001T0_24-116_1WA8:B:602-695	0	0	1	3	0	6	4	5	0	94
ANID_08998T0_5-289_1S9A:A:	5	12	1	5	0	33	15	18	0	256
ANID_08996T0_35-472_1PW4:A:	2	0	1	18	0	21	18	22	0	450
ANID_08995T0_27-354_1PV7:A:	0	0	2	22	0	18	12	14	0	417
ANID_08989T0_13-120_1XQA:A:	0	8	0	2	0	11	3	5	0	112
ANID_08986T0_104-312_2VK9:A:2-541	9	6	8	20	0	52	25	29	0	540
ANID_08982T0_9-236,344-402_1PJ5:A:4-219,A:339-427	2	17	6	8	0	32	16	16	1	305
ANID_01953T0_149-379_2BTF:A:147-375	0	9	5	10	0	22	20	16	0	229
ANID_01953T0_9-156_1YAG:A:4-146	0	10	2	4	0	16	11	9	0	143
ANID_01962T0_91-181_1J46:A:	0	0	0	3	0	5	3	3	0	84
ANID_01963T0_53-98,139-276,325-352_1DEO:A:	4	7	4	7	0	25	12	13	0	233
ANID_01965T0_72-308_1DKR:A:8-166	1	7	1	4	0	20	10	6	0	159
ANID_01967T0_75-610_1CVU:A:74-583	20	4	8	24	0	55	35	33	0	511
ANID_01967T0_653-894,923-1041_1S1F:A:	8	11	4	16	0	39	29	23	0	405
ANID_01970T0_53-130_2QAM:Z:2-78	4	2	1	2	0	10	3	4	0	77
ANID_01971T0_34-153,199-438_1LV7:A:	2	6	3	10	0	31	17	18	0	256
ANID_01973T0_16-101_1VCS:A:8-96	0	0	1	4	0	4	3	5	0	89
ANID_01973T0_134-193_1GL2:C:	0	0	0	1	0	2	0	0	0	64
ANID_10241T0_9-81_1WX7:A:7-100	0	5	0	2	0	11	5	7	0	93
ANID_10237T0_139-231_1R94:A:	0	7	1	2	0	9	3	5	0	97
ANID_01979T0_3-101_1Q4R:A:	0	4	0	4	0	11	5	5	0	103
ANID_01980T0_365-415,479-600_1FKM:A:249-442	2	0	8	8	0	13	13	10	0	194
ANID_01980T0_575-679_1FKM:A:443-630	0	0	1	8	0	10	3	8	0	188
ANID_01981T0_12-357_1DCE:A:1-241,A:351-443	1	0	2	15	0	30	15	12	1	334
ANID_01983T0_27-318,357-381_2OVR:B:2365-2706	0	32	2	1	0	36	24	21	0	342
ANID_01984T0_437-566_1JSP:B:	2	0	1	4	0	10	12	9	0	120
ANID_01984T0_249-370_1JSP:B:	2	0	1	4	0	10	12	9	0	120
ANID_01986T0_79-203_2GA5:A:1-123	0	7	0	2	0	10	7	6	0	122
ANID_01989T0_112-520_1PMM:A:	9	13	6	12	0	49	26	25	0	450
ANID_10249T0_89-205_1Q7S:A:	1	4	1	4	0	8	3	3	0	117
ANID_01993T0_30-427_7AAT:A:	0	13	2	16	0	41	13	22	0	401
ANID_08977T0_32-341_1E1A:A:	9	29	1	0	0	44	18	22	0	312
ANID_08975T0_73-245_1WL8:A:1-188	0	11	1	5	0	24	17	15	0	188
ANID_08970T0_11-233_1HDO:A:	0	10	3	5	0	24	20	11	0	205
ANID_08969T0_16-215_1JFX:A:	1	9	1	6	0	25	12	13	0	217
ANID_08967T0_11-165_1W1O:A:40-245	2	10	2	6	0	23	19	14	0	206
ANID_08960T0_111-202_1QZZ:A:10-101	0	2	1	5	0	6	3	7	0	92
ANID_08953T0_269-444,583-749_2F2H:A:248-585	10	10	5	9	0	36	16	18	0	338
ANID_08953T0_35-267_2F2H:A:1-247	2	21	1	1	0	22	20	14	0	247
ANID_08953T0_750-831_2F2H:A:586-665	0	8	1	1	0	13	7	5	0	80
ANID_08952T0_47-525_1E9X:A:	5	12	6	18	0	48	21	22	0	449
ANID_11152T0_24-339_1DP0:A:334-625	10	12	2	7	0	41	19	22	0	292
ANID_08940T0_427-597_1KHQ:A:	10	8	1	5	0	33	17	15	0	212
ANID_08940T0_12-69,238-330_1LFA:A:	2	6	4	7	0	15	12	10	0	183
ANID_01998T0_61-331_1EVQ:A:	0	8	4	9	0	28	16	23	0	308
ANID_02000T0_152-228_1XD3:B:	3	5	1	1	0	10	1	6	0	75
ANID_02000T0_228-304_1XD3:B:	3	5	1	1	0	10	1	6	0	75
ANID_02000T0_76-152_1XD3:B:	3	5	1	1	0	10	1	6	0	75
ANID_02000T0_1-76_1XD3:B:	3	5	1	1	0	10	1	6	0	75
ANID_10252T0_3-109_1WHN:A:	1	4	1	2	0	13	10	5	0	127
ANID_02005T0_23-151_1C02:A:	0	0	2	6	0	12	9	9	0	166
ANID_02007T0_11-105_1D3B:A:	0	5	1	1	0	8	3	4	0	72
ANID_02010T0_57-324_2C1X:A:7-456	2	13	5	18	0	42	23	29	0	450
ANID_02011T0_322-409,576-693,1317-1545_1SU4:A:1-124,A:240-343,A:751-994	1	1	8	18	0	32	20	22	2	472
ANID_02011T0_694-710,1065-1184,1236-1323_1SU4:A:344-360,A:600-750	3	8	1	8	0	16	12	11	1	168
ANID_02011T0_802-926_1SU4:A:361-599	0	13	3	7	0	21	11	13	0	239
ANID_02011T0_434-496,533-572_1SU4:A:125-239	2	9	3	0	0	21	10	7	0	115
ANID_02012T0_175-301_1N3Y:A:	2	6	5	6	0	16	15	10	0	189
ANID_02013T0_10-140_1OFG:A:1-160,A:323-381	1	7	4	8	0	25	13	9	1	219
ANID_02014T0_15-69,171-207,353-399_1ELW:A:	0	0	0	7	0	11	0	7	0	117
ANID_02016T0_6-53_1CLD:A:	0	0	0	2	0	4	2	1	0	33
ANID_02017T0_325-504,609-773_2F2H:A:248-585	10	10	5	9	0	36	16	18	0	338
ANID_02017T0_71-257,285-322_2F2H:A:1-247	2	21	1	1	0	22	20	14	0	247
ANID_02017T0_776-861_2F2H:A:586-665	0	8	1	1	0	13	7	5	0	80
ANID_02021T0_839-1215_1KB0:A:1-573	5	40	7	6	0	73	38	39	0	573
ANID_02021T0_610-924_1ERJ:A:	2	30	1	1	0	43	24	22	0	388
ANID_02021T0_83-344_1FX0:B:98-377	4	10	3	9	0	35	23	19	0	280
ANID_02025T0_129-216_1D5V:A:	1	2	0	4	0	14	9	5	0	94
ANID_02030T0_9-198_1YWQ:A:2-200	1	5	3	9	0	16	6	9	0	199
ANID_02031T0_8-232_2H1I:A:1-202	0	11	0	5	0	23	15	13	0	202
ANID_02033T0_8-184,292-395_2VOU:A:2-163,A:292-394	2	13	4	6	0	31	15	12	1	265
ANID_02033T0_194-288_3C96:A:183-293	3	5	0	4	0	12	4	7	0	111
ANID_02037T0_17-316_1QYC:A:	1	13	4	12	0	30	15	23	0	307
ANID_02038T0_35-289,320-339,419-443_1F8R:A:4-319,A:433-486	5	16	5	15	0	36	19	22	1	370
ANID_02039T0_1-251_1SNY:A:	3	7	6	7	0	28	16	13	0	266
ANID_08939T0_69-127_1FP0:A:19-88	0	2	0	0	0	11	9	3	0	61
ANID_08938T0_23-66_1ZME:C:31-66	0	0	0	2	0	4	1	2	0	36
ANID_08936T0_27-449_1PW4:A:	2	0	1	18	0	21	18	22	0	450
ANID_08934T0_29-422_1PW4:A:	2	0	1	18	0	21	18	22	0	450
ANID_08932T0_5-197_2P10:A:8-204	1	8	3	8	0	21	7	10	0	197
ANID_11154T0_7-110_2GX8:A:4-373	3	13	4	11	0	29	17	13	0	370
ANID_08928T0_838-1056_1MT0:A:	2	10	3	10	0	20	20	20	0	241
ANID_08928T0_146-386_1XMI:A:	0	11	2	11	1	27	20	15	0	290
ANID_08927T0_43-156,184-200,232-344_1EE6:A:	0	19	0	0	0	30	22	7	0	197
ANID_08921T0_2-181_1F0Y:A:12-203	0	8	1	7	0	22	12	11	0	192
ANID_08921T0_319-569_1IJQ:A:377-642	1	24	1	0	0	25	18	16	0	266
ANID_08921T0_184-279_1F0Y:A:204-302	3	0	1	5	0	8	3	5	0	99
ANID_08919T0_75-548_1TQN:A:	5	9	7	18	0	43	20	30	0	472
ANID_08917T0_2-127_1X6M:A:	1	11	5	3	0	24	13	10	0	195
ANID_08917T0_169-316_1FWQ:A:	7	10	1	0	0	17	12	7	0	115
ANID_08915T0_94-283,324-433,464-554_1PV7:A:	0	0	2	22	0	18	12	14	0	417
ANID_08912T0_21-490_1PV7:A:	0	0	2	22	0	18	12	14	0	417
ANID_08911T0_24-461_1PW4:A:	2	0	1	18	0	21	18	22	0	450
ANID_08910T0_16-384,415-436_1DD8:A:254-406	3	7	2	4	0	19	8	6	0	153
ANID_08910T0_526-657,720-820_1MLA:A:3-127,A:198-307	2	5	1	12	0	22	14	13	1	235
ANID_08910T0_1334-1502_1YB2:A:6-255	0	14	4	5	0	25	13	12	0	250
ANID_08910T0_2041-2261_2FR1:A:1657-1915	2	9	2	10	0	25	12	17	0	259
ANID_08910T0_1810-1937_1PQW:A:	0	7	2	7	0	15	7	13	0	183
ANID_08910T0_1713-1844_1QOR:A:2-112,A:292-327	4	9	4	2	0	19	11	6	1	147
ANID_08910T0_2358-2422_2PNG:A:1-76	0	0	1	5	0	12	9	8	0	89
ANID_08910T0_655-705_1MLA:A:128-197	0	4	0	2	0	6	5	4	0	70
ANID_08909T0_20-61_1P22:A:135-252	0	0	2	7	0	7	4	6	0	114
ANID_08908T0_24-84,113-226_1Q74:A:	8	10	5	6	0	34	18	16	0	297
ANID_08903T0_83-323,381-600_1PW4:A:	2	0	1	18	0	21	18	22	0	450
ANID_08902T0_21-65_1CLD:A:	0	0	0	2	0	4	2	1	0	33
ANID_02045T0_98-456,488-597_1FO3:A:	8	18	3	16	0	47	22	26	0	457
ANID_02048T0_65-294_1DN1:B:	0	0	1	7	0	11	6	8	0	222
ANID_02049T0_7-125_1SZA:A:	0	0	2	8	0	12	7	6	0	143
ANID_02051T0_236-449_1US7:B:	0	0	2	9	0	13	7	10	0	201
ANID_02052T0_492-739_3B60:A:329-581	4	10	2	9	0	24	18	16	0	253
ANID_02052T0_166-483_3B60:A:10-328	0	0	1	11	0	6	9	9	0	319
ANID_02053T0_42-438_1PV7:A:	0	0	2	22	0	18	12	14	0	417
ANID_02054T0_213-448_1U59:A:	2	12	4	8	0	31	10	17	0	286
ANID_02057T0_49-103_1DD3:A:1-57	0	0	0	3	0	3	2	2	0	57
ANID_02062T0_50-233_1BUP:A:4-188	0	12	1	6	0	18	7	13	0	185
ANID_02062T0_236-427_1HJO:A:189-382	1	6	2	6	0	13	8	10	0	194
ANID_02062T0_429-586_1CKR:A:	1	10	0	2	0	15	14	9	0	159
ANID_02062T0_580-661_1UD0:A:	0	0	1	3	0	3	3	4	0	112
ANID_02064T0_9-541_1LCI:A:	7	27	4	15	0	64	28	38	0	541
ANID_02064T0_664-968_1GY8:A:	4	14	2	11	0	41	23	17	0	383
ANID_02064T0_551-619_2JQ4:A:1-83	0	0	4	4	0	9	5	4	0	83
ANID_02068T0_1033-1113_2CTJ:A:8-89	0	3	0	3	0	9	5	2	0	82
ANID_02068T0_883-990_2CTE:A:8-88	1	2	0	3	0	10	3	4	0	81
ANID_02068T0_215-309_2CTE:A:8-88	1	2	0	3	0	10	3	4	0	81
ANID_02068T0_1235-1297_2CTE:A:8-88	1	2	0	3	0	10	3	4	0	81
ANID_02068T0_713-787_2CTK:A:8-98	0	3	0	3	0	9	3	2	0	91
ANID_02068T0_302-406_2CTE:A:8-88	1	2	0	3	0	10	3	4	0	81
ANID_02068T0_780-877_1VIG:A:	0	3	0	3	0	7	4	3	0	71
ANID_02068T0_389-459_2CTE:A:8-88	1	2	0	3	0	10	3	4	0	81
ANID_02069T0_4-88_1ICC:A:	1	5	3	4	0	11	3	8	0	87
ANID_02077T0_45-108,200-367_2OVR:B:2365-2706	0	32	2	1	0	36	24	21	0	342
ANID_02080T0_257-512_1R5B:A:215-459	2	6	1	8	0	23	15	15	0	245
ANID_02080T0_599-706_1R5B:A:555-622	5	4	0	0	0	11	7	1	0	68
ANID_02080T0_500-594_1R5B:A:460-554	1	10	0	1	0	12	6	7	0	95
ANID_02082T0_243-332_1X3A:A:8-94	0	0	0	5	0	6	4	4	0	87
ANID_02085T0_2-216_1RYP:I:	0	13	0	4	0	21	11	11	0	222
ANID_08901T0_49-478_1PV7:A:	0	0	2	22	0	18	12	14	0	417
ANID_08900T0_3-534_1UKC:A:	4	16	7	18	0	57	36	35	0	517
ANID_08898T0_1-386_1W4X:A:155-389	3	10	3	7	0	23	20	9	0	235
ANID_08896T0_69-308_1YB1:A:	0	7	1	10	0	18	5	15	0	244
ANID_08890T0_26-179_1D7B:A:	5	13	1	1	0	24	10	12	0	185
ANID_08886T0_587-777_1NVT:A:111-287	0	6	0	7	0	21	11	9	0	177
ANID_08886T0_462-560_1NVT:A:1-110	0	6	2	3	0	12	4	8	0	105
ANID_08886T0_243-438_1QFE:A:	4	10	4	9	0	26	14	12	0	252
ANID_08886T0_19-130_1SHK:A:	0	5	1	7	0	12	6	5	0	173
ANID_08885T0_9-56_1D66:A:8-48	0	0	0	2	0	4	1	2	0	41
ANID_08883T0_25-59,93-184_2IF1:A:	3	5	1	3	0	19	12	8	0	125
ANID_08881T0_26-320_1OKC:A:	0	0	6	11	0	19	10	9	0	292
ANID_08880T0_900-1182_1SQJ:A:4-430	5	31	4	2	0	58	43	30	0	427
ANID_08880T0_47-143,353-516_1W8O:A:47-402	3	26	2	1	0	50	35	23	0	356
ANID_08880T0_706-905_1SQJ:A:431-786	12	28	0	0	0	52	32	25	0	356
ANID_08878T0_114-346_1JP3:A:	0	6	3	7	0	23	13	11	0	228
ANID_09419T0_12-264_1RIQ:A:1-236	0	11	4	7	0	22	14	13	0	236
ANID_09419T0_265-479_1RIQ:A:237-457	0	2	1	9	0	13	8	12	0	217
ANID_09419T0_596-760_2E1B:A:88-216	3	7	2	2	0	13	7	4	0	129
ANID_09419T0_510-590_2E1B:A:1-87	2	5	1	0	0	15	8	5	0	87
ANID_09421T0_220-286_1IYM:A:	0	2	0	1	0	11	6	4	0	54
ANID_11227T0_9-189_1BUP:A:4-188	0	12	1	6	0	18	7	13	0	185
ANID_11227T0_194-362_1BUP:A:189-381	1	6	3	7	0	14	7	9	0	193
ANID_10202T0_3-162_1BUP:A:189-381	1	6	3	7	0	14	7	9	0	193
ANID_10202T0_168-324_1CKR:A:	1	10	0	2	0	15	14	9	0	159
ANID_10202T0_318-385_1UD0:A:	0	0	1	3	0	3	3	4	0	112
ANID_10205T0_68-251_1IS1:A:	0	6	2	4	0	8	5	9	0	185
ANID_10257T0_385-461_1KHM:A:	0	3	1	3	0	8	5	2	0	89
ANID_10257T0_102-179_2AXY:A:11-81	0	3	1	3	0	7	2	0	0	71
ANID_10257T0_188-263_1WVN:A:5-74	0	3	2	3	0	7	1	2	0	70
ANID_02090T0_87-375,449-495_2FLU:X:325-609	14	28	0	0	0	37	15	14	0	285
ANID_02091T0_7-490_1JS3:A:	4	11	10	14	0	46	26	22	0	476
ANID_02102T0_61-205_1VHS:A:	0	7	5	4	0	15	8	8	0	174
ANID_02104T0_36-239_1NV8:A:	2	9	3	10	0	29	15	20	0	271
ANID_02105T0_4-118_1B34:A:	0	5	1	2	0	12	1	7	0	80
ANID_02107T0_309-369,400-483,527-571_1PUI:A:	2	7	3	5	0	15	9	7	0	188
ANID_02110T0_74-372_1Y0Z:A:	5	21	1	9	0	39	19	16	0	327
ANID_02111T0_83-269_1GPM:A:3-207	1	12	1	4	0	26	19	16	0	205
ANID_02112T0_110-392_1FWX:A:8-451	6	31	4	6	0	48	33	25	0	459
ANID_02114T0_10-196,307-403_3C96:A:4-182,A:294-402	1	13	1	8	0	26	14	13	1	288
ANID_02114T0_208-309_2VOU:A:164-291	3	6	1	4	0	14	7	8	0	128
ANID_02116T0_2-289_1Y1P:A:2-343	0	12	1	11	0	37	20	20	0	342
ANID_02118T0_52-332_2DVT:A:1-325	2	8	9	14	0	30	16	19	0	325
ANID_02119T0_553-767_1IWG:A:7-37,A:331-498	0	0	1	8	0	9	7	9	1	199
ANID_02119T0_1052-1235_1IWG:A:7-37,A:331-498	0	0	1	8	0	9	7	9	1	199
ANID_02120T0_1-623,689-738_2BPT:A:1-861	0	0	19	43	0	44	28	37	0	860
ANID_02120T0_582-1085_2BPT:A:1-861	0	0	19	43	0	44	28	37	0	860
ANID_02121T0_13-390_1TM0:A:	3	20	1	5	0	34	23	9	0	332
ANID_02124T0_17-278_1VNS:A:	18	8	7	16	0	68	39	32	0	574
ANID_10259T0_44-523_1E9X:A:	5	12	6	18	0	48	21	22	0	449
ANID_10262T0_12-54_1PYI:A:30-71	0	2	0	2	0	6	1	3	0	42
ANID_02130T0_785-1217_1NVU:S:	2	4	4	21	0	35	21	23	0	481
ANID_02130T0_67-145_1UDL:A:	4	5	0	0	0	15	12	3	0	97
ANID_01407T0_71-173_2CU6:A:6-96	0	5	1	2	0	11	5	6	0	91
ANID_01408T0_119-453_1N0U:A:3-343	9	9	5	14	0	30	13	15	0	341
ANID_01408T0_678-844_1N0U:A:561-725	1	7	1	5	0	15	13	8	0	165
ANID_01408T0_455-583_1N0U:A:344-481	3	10	0	2	0	16	10	11	0	138
ANID_01408T0_845-933_1N0U:A:726-842	0	4	3	3	0	11	3	6	0	117
ANID_01408T0_599-674_1N0U:A:482-560	0	4	1	2	0	9	6	3	0	79
ANID_01409T0_7-275_1QFL:A:4-268	6	10	2	8	0	30	16	18	0	265
ANID_01409T0_276-397_1QFL:A:269-392	2	4	3	4	0	10	4	5	0	124
ANID_01416T0_15-377_1TR9:A:	4	10	5	10	1	41	27	19	0	340
ANID_01416T0_589-715_1MK4:A:	2	9	2	4	0	15	7	11	0	156
ANID_01425T0_32-81_2ALC:A:	0	0	0	4	0	11	7	5	0	65
ANID_01427T0_52-463_1PW4:A:	2	0	1	18	0	21	18	22	0	450
ANID_01428T0_67-383_1UN7:A:58-358	5	14	7	10	0	33	17	16	0	300
ANID_01428T0_11-66,383-425_1GKR:A:1-54,A:380-451	2	11	1	0	0	17	6	9	1	126
ANID_01429T0_13-299,471-534_1CF3:A:3-324,A:521-583	17	12	7	11	0	49	28	29	1	385
ANID_01429T0_301-472_1JU2:A:294-463	3	9	1	2	0	26	19	6	0	170
ANID_01430T0_5-488_1A4S:A:	7	20	8	15	0	54	30	24	0	503
ANID_01433T0_19-534_1UKC:A:	4	16	7	18	0	57	36	35	0	517
ANID_10191T0_567-833_1E32:A:201-458	3	5	4	12	0	28	13	14	0	258
ANID_10191T0_904-1054_1E32:A:201-458	3	5	4	12	0	28	13	14	0	258
ANID_10191T0_1103-1124,1159-1225_1N72:A:	0	0	1	5	0	9	10	6	0	117
ANID_10204T0_29-244_1QYC:A:	1	13	4	12	0	30	15	23	0	307
ANID_01447T0_1-78_1GO3:E:1-78	1	4	1	1	0	8	2	4	0	78
ANID_01447T0_79-154_1Y14:B:81-171	0	9	1	0	0	12	3	7	0	91
ANID_01448T0_526-555_1M9O:A:	0	0	2	0	0	8	6	3	0	76
ANID_02133T0_7-232_1I5E:A:	1	15	2	6	0	26	11	8	0	208
ANID_02137T0_354-488_2CCH:B:181-308	0	0	1	6	0	9	3	5	0	128
ANID_02137T0_491-605_1VIN:A:309-432	0	0	4	7	0	10	8	4	0	123
ANID_02142T0_6-511_1WA5:B:	0	0	5	29	0	38	22	22	0	506
ANID_02145T0_196-335,407-480_1VD6:A:8-224	2	11	4	8	0	25	19	15	0	218
ANID_02148T0_243-364,408-522,649-681_1P22:A:253-545	0	28	0	1	0	35	23	13	0	293
ANID_02149T0_20-148,415-553_1Q3Q:A:9-145,A:406-526	0	9	0	10	0	19	6	13	1	258
ANID_02149T0_216-388_1A6D:B:216-367	2	8	2	3	0	15	12	6	0	152
ANID_02149T0_149-220,379-414_1A6D:B:145-215,B:368-403	0	5	3	3	0	7	6	2	1	107
ANID_02150T0_89-360_1HC7:A:5-276	5	14	1	6	0	26	14	14	0	272
ANID_02150T0_361-494_1HC7:A:277-403	1	5	1	4	0	10	5	8	0	127
ANID_02150T0_499-594_1HC7:A:404-477	3	4	0	2	0	10	4	3	0	74
ANID_02153T0_39-208_2NN6:F:29-175	3	4	0	2	0	14	9	4	0	147
ANID_02157T0_101-420_1BXO:A:	8	24	4	7	0	39	17	19	0	323
ANID_02158T0_1-180_1E3J:A:4-142,A:313-351	5	12	4	3	0	23	8	10	1	178
ANID_02158T0_146-315_1E3J:A:143-312	0	6	0	8	0	21	14	9	0	170
ANID_10269T0_8-237_2FR1:A:1657-1915	2	9	2	10	0	25	12	17	0	259
ANID_10265T0_109-390_1FGX:A:	6	11	2	6	0	34	20	14	0	272
ANID_02161T0_19-201_1UFH:A:	0	5	2	4	0	14	4	8	0	155
ANID_02162T0_456-505_1WD2:A:	0	0	2	0	0	10	10	2	0	59
ANID_02163T0_29-230_1KLQ:A:	1	7	1	3	0	16	12	5	0	196
ANID_02164T0_4-882,915-1033_1WA5:C:	8	0	17	50	0	66	46	42	0	959
ANID_02166T0_5-237_2IUW:A:70-279	2	14	1	4	0	25	13	5	0	210
ANID_02169T0_171-242_1GL2:D:	0	0	0	1	0	2	0	0	0	64
ANID_02173T0_263-571_1OKC:A:	0	0	6	11	0	19	10	9	0	292
ANID_02173T0_8-148_1DTL:A:	2	2	3	8	0	13	5	7	0	156
ANID_10266T0_416-918_1YOV:B:12-437	9	12	6	13	0	48	22	26	0	426
ANID_10266T0_23-407_1YOV:A:6-534	6	10	2	23	0	45	33	28	0	529
ANID_10267T0_82-518_1PW4:A:	2	0	1	18	0	21	18	22	0	450
ANID_10268T0_160-217,248-425_1MYO:A:	0	0	1	6	1	12	7	10	0	118
ANID_01454T0_302-651_1VYH:C:92-408	0	28	1	0	0	39	25	14	0	317
ANID_01457T0_46-457_1PW4:A:	2	0	1	18	0	21	18	22	0	450
ANID_01459T0_323-514_1T9F:A:	4	12	2	0	0	29	9	14	0	186
ANID_01460T0_5-294_1J1L:A:	3	26	3	1	0	39	19	20	0	288
ANID_01462T0_5-69_1AWW:A:	4	4	0	0	0	13	8	2	0	66
ANID_01462T0_69-158_1UDL:A:	4	5	0	0	0	15	12	3	0	97
ANID_01462T0_400-467_1AWW:A:	4	4	0	0	0	13	8	2	0	66
ANID_10192T0_9-52_1D66:A:8-48	0	0	0	2	0	4	1	2	0	41
ANID_10197T0_61-331_1QWG:A:	2	8	6	10	0	27	11	15	0	251
ANID_01466T0_140-262_1H3Z:A:	0	5	3	3	0	12	5	4	0	108
ANID_01466T0_409-508_1WJT:A:	0	0	0	5	0	11	9	4	0	102
ANID_01467T0_125-337,421-445_1TXO:A:	3	11	3	6	0	26	12	11	0	235
ANID_01469T0_189-273_1FPO:A:77-171	0	0	0	3	0	7	2	4	0	95
ANID_01469T0_111-169_1FPO:A:1-76	0	0	1	4	0	5	3	4	0	76
ANID_01474T0_13-252_1QMH:A:5-184,A:280-338	5	11	0	7	0	25	12	12	1	239
ANID_11252T0_1-177_1ZVF:A:1-175	3	12	1	3	0	27	11	7	0	175
ANID_10193T0_23-166,234-411_1MUO:A:	6	6	4	9	0	28	17	16	0	261
ANID_01477T0_5-34,64-180,217-350_1GYH:A:	5	23	3	2	0	39	25	22	0	318
ANID_10198T0_443-699_2HU7:A:322-581	1	8	2	10	0	27	14	15	0	260
ANID_10198T0_21-147,211-422_1XFD:A:127-591	9	30	2	3	0	57	36	22	0	465
ANID_01480T0_13-243_2BDR:A:1-166	2	17	3	1	0	26	9	6	0	166
ANID_01481T0_42-238,299-471,523-552_1PV7:A:	0	0	2	22	0	18	12	14	0	417
ANID_10195T0_89-284,431-645,683-715_1GAX:A:1-189,A:343-578	8	19	6	13	0	45	23	23	1	425
ANID_10195T0_716-955_1IVS:A:579-796	2	4	1	9	0	16	9	7	0	218
ANID_10195T0_299-431_1GAX:A:190-342	5	8	2	2	0	23	11	10	0	153
ANID_01485T0_7-321_1LPU:A:	1	9	10	13	0	32	15	13	0	327
ANID_01488T0_326-407_1IYM:A:	0	2	0	1	0	11	6	4	0	54
ANID_02180T0_297-491,553-611_1V4S:A:219-461	0	5	4	9	0	17	13	15	0	243
ANID_02180T0_47-288_1BDG:A:13-222	3	8	1	6	0	19	9	10	0	208
ANID_02181T0_55-106_1YTF:D:55-119	0	3	0	0	0	3	1	1	0	65
ANID_02181T0_7-57_1YTF:D:5-54	0	0	1	2	0	2	3	2	0	50
ANID_02185T0_80-328_2O3B:A:35-274	6	8	7	5	0	29	18	15	0	240
ANID_02186T0_19-128,166-292,350-416_1KB0:A:1-573	5	40	7	6	0	73	38	39	0	573
ANID_02194T0_1034-1278_1CSE:E:	6	10	0	9	0	36	18	23	0	274
ANID_02194T0_413-532_1UOH:A:	0	0	1	14	0	27	7	20	0	223
ANID_02197T0_7-260_2GVC:A:3-180,A:288-444	5	14	3	8	0	38	25	20	1	335
ANID_02197T0_271-449_1LPF:A:159-277	1	9	0	3	0	16	8	8	0	119
ANID_02198T0_45-358_1GY9:A:	6	15	2	7	0	34	19	14	0	279
ANID_02200T0_87-377_1GY9:A:	6	15	2	7	0	34	19	14	0	279
ANID_10277T0_188-643_1V7W:A:271-801	11	25	6	16	0	58	33	35	0	531
ANID_10274T0_17-416_1IA5:A:	2	28	4	1	0	45	32	12	0	339
ANID_02208T0_3-215_1ZH8:A:4-131,A:276-328	0	7	3	8	0	16	11	4	1	181
ANID_02210T0_79-156,192-329_1G29:1:1-240	1	11	4	8	0	20	15	14	0	240
ANID_02210T0_371-594_1OXS:C:1-242	0	11	6	8	0	23	18	13	0	242
ANID_02211T0_64-187_1JKW:A:11-161	0	0	2	6	0	12	6	7	0	151
ANID_02211T0_189-217,255-361_1JKW:A:162-287	0	0	0	7	0	10	8	7	0	126
ANID_02212T0_2-154_1FZY:A:	3	4	2	4	0	19	9	9	0	149
ANID_02212T0_187-239_1TTE:A:161-215	0	0	0	3	0	7	6	2	0	55
ANID_02213T0_201-454_1E32:A:201-458	3	5	4	12	0	28	13	14	0	258
ANID_02214T0_102-435_1P22:A:253-545	0	28	0	1	0	35	23	13	0	293
ANID_02218T0_176-251_1S7B:A:	0	0	0	4	0	10	7	3	0	109
ANID_02222T0_11-114_1DCQ:A:247-368	2	3	1	5	0	15	8	9	0	122
ANID_02224T0_117-230_1OCS:A:	0	3	0	4	0	15	8	7	0	132
ANID_02225T0_3-178_2CVO:A:68-218,A:384-415	1	6	3	7	0	25	17	9	1	183
ANID_01495T0_6-73_1TH7:A:3-78	0	5	1	1	0	8	2	4	0	76
ANID_01498T0_113-245_1FIT:A:	0	7	3	2	0	15	9	6	0	146
ANID_01500T0_274-316_1A1I:A:103-131	0	2	0	2	0	3	2	3	0	29
ANID_01502T0_185-561_1NOW:A:200-552	3	10	0	15	0	39	18	25	0	353
ANID_01502T0_25-183_1NOW:A:55-199	1	7	1	2	0	19	9	5	0	145
ANID_01510T0_48-218,255-465_1RP4:A:	4	5	6	13	0	26	21	22	0	388
ANID_01511T0_306-384_1JQQ:A:	3	5	1	0	0	12	7	5	0	91
ANID_10212T0_123-484_1ZKD:A:2-366	1	18	4	12	0	33	22	20	0	365
ANID_01513T0_47-404_1JBQ:A:	3	11	7	11	0	40	22	20	0	355
ANID_10215T0_316-655_1FCH:A:	0	0	2	17	0	24	6	19	0	323
ANID_01519T0_649-977_1W9H:A:93-408	2	7	1	5	0	18	10	4	0	160
ANID_01519T0_327-515_1R4K:A:	3	8	1	3	0	25	13	6	0	168
ANID_01521T0_1-77_1Y14:B:1-80	1	4	1	1	0	7	2	4	0	80
ANID_01521T0_78-168_2C35:B:78-171	0	9	1	0	0	9	5	8	0	94
ANID_01523T0_142-424_1E79:A:95-379	8	11	6	9	0	30	20	18	0	285
ANID_01523T0_427-554_1E79:A:380-510	0	0	2	6	0	9	4	6	0	131
ANID_01523T0_56-140_1MAB:A:10-94	6	5	0	0	0	14	8	9	0	86
ANID_01524T0_11-146_1EDZ:A:3-148	3	4	1	5	0	15	7	7	0	146
ANID_01524T0_151-300_1EDZ:A:149-319	2	7	1	4	0	22	10	11	0	171
ANID_01527T0_90-239_1NYO:A:	5	7	0	8	0	18	16	11	0	163
ANID_01534T0_111-214_2CLY:A:79-183	0	0	1	2	0	2	0	2	0	105
ANID_02230T0_41-276,383-431_2GJC:A:16-326	2	13	2	9	0	30	16	17	0	311
ANID_02231T0_1-40_1ZRJ:A:1-37	0	0	1	2	0	4	2	1	0	37
ANID_02231T0_361-447_2CQ3:A:110-202	0	6	1	2	0	13	6	5	0	90
ANID_02238T0_3-109_1HDJ:A:	0	0	1	4	0	9	2	7	0	76
ANID_02238T0_285-372_1C3G:A:260-349	4	6	0	2	0	16	7	6	0	90
ANID_02238T0_205-292_1C3G:A:180-259	2	5	0	1	0	11	4	4	0	80
ANID_10278T0_5-255_1EFV:B:	2	13	1	8	0	24	12	15	0	252
ANID_10283T0_234-480_1AMO:A:243-518	5	10	2	8	0	39	20	12	0	276
ANID_10283T0_21-179_1JA1:A:63-239	0	7	4	5	0	17	7	9	0	177
ANID_10283T0_492-654_1AMO:A:519-678	0	5	1	6	0	9	6	11	0	160
ANID_02241T0_3-49_1D66:A:8-48	0	0	0	2	0	4	1	2	0	41
ANID_02242T0_99-216_1S5A:A:	2	7	0	5	0	10	4	8	0	139
ANID_02244T0_65-306_1UDX:A:157-336	0	7	2	6	0	22	13	8	0	180
ANID_02244T0_287-366_1WXQ:A:320-395	1	4	0	2	0	9	4	5	0	76
ANID_10281T0_149-468_1S95:A:	4	14	2	11	0	33	24	20	0	324
ANID_10281T0_4-136_1A17:A:	0	0	0	7	0	11	3	7	0	159
ANID_10280T0_7-89_1RYQ:A:	2	5	1	1	0	10	4	3	0	68
ANID_02250T0_7-259_1NXQ:A:	4	7	3	9	0	24	12	17	0	251
ANID_02253T0_26-116_1N91:A:	0	6	0	2	1	12	9	3	0	107
ANID_02255T0_1218-1285,1313-1504_1Z3I:X:390-735	0	10	6	11	0	41	29	23	0	346
ANID_02255T0_915-1211_1Z3I:X:92-389	0	9	4	12	0	34	20	12	0	298
ANID_02255T0_3-92_1UQV:A:	0	0	1	4	0	8	6	4	0	84
ANID_02258T0_59-478,515-537_1TE4:A:	0	0	3	6	0	11	9	5	0	111
ANID_02259T0_913-1026,1109-1139_2HR2:A:2-157	0	0	0	7	0	10	4	8	0	156
ANID_02259T0_511-608_2FBN:A:22-174	0	0	1	7	0	10	3	7	0	153
ANID_02261T0_60-245_1F0I:A:6-263	5	9	3	7	0	19	12	12	0	258
ANID_02263T0_175-255,334-411_1PUJ:A:	2	6	3	10	0	26	16	16	0	273
ANID_02265T0_7-276_1A06:A:	4	8	4	10	0	29	20	14	0	307
ANID_02268T0_176-349_1IQ4:A:	3	5	4	5	0	23	16	6	0	179
ANID_02269T0_606-883_1F3M:C:	1	10	4	11	0	33	20	20	0	294
ANID_02269T0_59-127_2F3N:A:2-65	0	0	3	4	0	6	0	4	0	64
ANID_02270T0_22-71_2ADR:A:102-130	2	0	0	1	0	5	2	2	0	29
ANID_02271T0_9-547_1YA0:A:1-497	3	2	6	21	0	32	18	18	0	497
ANID_02272T0_7-344_1BX4:A:	0	14	5	12	0	30	15	16	0	342
ANID_01536T0_255-304_1DH3:A:	0	0	0	1	0	1	1	2	0	54
ANID_01537T0_344-377_1RGO:A:187-220	2	0	1	1	0	7	4	2	0	34
ANID_01537T0_268-298_1RGO:A:187-220	2	0	1	1	0	7	4	2	0	34
ANID_01537T0_295-322_1RGO:A:151-186	2	0	2	1	0	5	4	2	0	36
ANID_01541T0_5-482_1WND:A:	8	21	3	16	0	44	25	26	0	474
ANID_01543T0_5-259,404-464_1D4C:A:103-359,A:506-570	4	15	3	10	0	39	17	21	1	322
ANID_01543T0_248-405_1QO8:A:360-505	1	6	1	6	0	16	11	8	0	146
ANID_01543T0_545-623_1KBI:A:1-97	4	4	3	4	0	14	7	8	0	97
ANID_01547T0_239-520_2G39:A:224-497	2	17	5	10	0	29	21	17	0	274
ANID_01547T0_9-236_2G39:A:3-223	10	9	3	6	0	25	19	14	0	221
ANID_01548T0_13-275_2A4K:A:2-242	2	7	3	8	0	23	14	14	0	241
ANID_01554T0_413-667_1OUV:A:	0	0	0	15	0	18	7	15	0	272
ANID_01555T0_672-732,821-1130_1OMZ:A:	3	13	1	7	0	26	18	19	0	265
ANID_10216T0_518-749_1ERJ:A:	2	30	1	1	0	43	24	22	0	388
ANID_01566T0_17-215_1Y8C:A:	1	11	3	7	0	21	9	14	0	246
ANID_01569T0_32-70_1PYI:A:30-71	0	2	0	2	0	6	1	3	0	42
ANID_01577T0_43-506_1PV7:A:	0	0	2	22	0	18	12	14	0	417
ANID_02276T0_21-93_1EYF:A:	0	4	1	2	0	13	6	7	0	92
ANID_02276T0_100-150_1BL0:A:9-62	0	0	0	4	0	4	3	1	0	54
ANID_02282T0_38-473_1PV7:A:	0	0	2	22	0	18	12	14	0	417
ANID_02289T0_39-251_1PV7:A:	0	0	2	22	0	18	12	14	0	417
ANID_02289T0_444-501,565-632_1PV7:A:	0	0	2	22	0	18	12	14	0	417
ANID_02294T0_115-376_1OLT:A:	1	19	6	15	0	46	26	24	0	441
ANID_02294T0_373-562_1Y9W:A:1-140	0	7	3	3	0	13	3	7	0	140
ANID_02295T0_156-320_1EUC:A:131-306	2	7	2	5	0	20	12	9	0	176
ANID_02295T0_30-155_1EUC:A:1-130	0	7	1	4	0	14	5	8	0	130
ANID_02296T0_244-316_1DP7:P:	0	3	0	3	0	5	2	3	0	76
ANID_02306T0_102-226_1EZV:E:87-215	0	10	3	2	0	16	7	10	0	129
ANID_02306T0_43-101_1BE3:E:1-69	2	0	1	2	0	6	3	4	0	69
ANID_02309T0_71-148_1S7B:A:	0	0	0	4	0	10	7	3	0	109
ANID_02311T0_10-244,278-300_1KVK:A:1-225	0	8	2	6	0	18	15	9	0	225
ANID_02311T0_282-424_1KVK:A:226-394	0	5	0	6	0	14	6	6	0	169
ANID_02314T0_168-567_1M7X:A:227-622	6	10	8	11	0	43	33	22	0	396
ANID_02314T0_583-681_1M7X:A:623-728	5	8	2	0	0	16	8	6	0	106
ANID_02314T0_50-162_1M7X:A:117-226	1	8	2	0	0	18	8	9	0	110
ANID_02315T0_122-398_1E79:D:82-357	4	12	5	8	0	32	21	15	0	276
ANID_02315T0_396-510_1E79:D:358-475	0	0	2	6	0	9	7	4	0	118
ANID_02315T0_47-120_1SKY:E:1-82	0	6	0	0	0	7	3	7	0	82
ANID_02316T0_62-188_1OCR:D:	2	2	4	5	0	13	11	7	0	144
ANID_02317T0_4-150_1CFY:A:	0	6	1	4	0	14	7	5	0	133
ANID_02318T0_385-456_1YCS:B:457-519	3	5	2	0	0	8	5	4	0	63
ANID_02320T0_18-456_1TVL:A:	6	12	5	13	0	46	33	19	0	430
ANID_01580T0_6-152,223-309_1JYS:A:	2	10	1	6	0	21	9	12	0	230
ANID_01580T0_328-562_1KSF:X:168-436	0	5	1	10	1	25	19	11	0	269
ANID_01580T0_810-944_1W3B:A:	0	0	0	23	0	35	6	26	0	388
ANID_01580T0_960-1079_1ELR:A:	0	0	0	7	0	9	1	5	0	128
ANID_01580T0_700-807_1W3B:A:	0	0	0	23	0	35	6	26	0	388
ANID_01588T0_305-500_1DKG:D:186-383	1	6	1	6	0	13	10	7	0	198
ANID_01588T0_108-291_1HJO:A:3-188	0	12	2	6	0	18	6	12	0	186
ANID_01592T0_104-387_2Q80:A:6-296	0	2	0	15	0	16	4	15	0	291
ANID_01595T0_123-251_1NHY:A:76-219	0	0	2	7	0	12	5	9	0	144
ANID_01595T0_46-127_1E6B:A:8-87	0	4	1	3	0	9	4	5	0	80
ANID_01596T0_17-258_1AE1:A:	2	7	4	8	0	23	13	14	0	258
ANID_01598T0_132-518_1TQN:A:	5	9	7	18	0	43	20	30	0	472
ANID_01601T0_34-494_3CZH:A:40-502	7	8	4	16	0	42	19	26	0	462
ANID_01614T0_106-342_1VE3:A:2-227	0	10	2	7	0	20	9	11	0	226
ANID_01619T0_50-499_1SZQ:A:	10	6	6	22	0	48	24	27	0	473
ANID_01620T0_80-309_2VK9:A:2-541	9	6	8	20	0	52	25	29	0	540
ANID_01621T0_12-189_1NSL:A:	1	8	3	5	0	10	7	10	0	183
ANID_02325T0_279-708_1V7W:A:271-801	11	25	6	16	0	58	33	35	0	531
ANID_02332T0_145-272_1NEK:B:107-238	0	0	0	8	0	16	6	9	0	132
ANID_02332T0_40-143_1NEK:B:1-106	3	7	0	1	0	15	7	8	0	106
ANID_02334T0_6-285_1RV8:A:	3	8	0	11	0	31	14	11	0	305
ANID_02335T0_6-160_3CUM:A:1-162	0	9	0	8	0	19	11	8	0	162
ANID_02335T0_171-294_2CVZ:A:158-289	3	0	1	7	0	6	5	9	0	132
ANID_02335T0_312-433_1VPD:A:164-296	2	0	1	6	0	6	4	9	0	133
ANID_10294T0_12-55_1CLD:A:	0	0	0	2	0	4	2	1	0	33
ANID_02344T0_20-457_1PW4:A:	2	0	1	18	0	21	18	22	0	450
ANID_02347T0_243-402_2C07:A:54-304	2	7	2	9	0	21	12	14	0	251
ANID_02347T0_5-162_3CZH:A:40-502	7	8	4	16	0	42	19	26	0	462
ANID_02350T0_169-516,624-660_1REO:A:3-319,A:433-486	3	16	7	15	0	35	20	23	1	371
ANID_02350T0_497-612_1F8R:A:320-432	0	7	2	3	0	14	6	6	0	113
ANID_02351T0_124-269_1IZ0:A:99-269	3	6	3	9	0	11	7	13	0	171
ANID_02351T0_25-147_1YB5:A:6-120,A:295-329	2	9	3	2	0	18	11	6	1	150
ANID_02358T0_39-435_1PW4:A:	2	0	1	18	0	21	18	22	0	450
ANID_02360T0_128-488_1XZW:A:120-424	5	15	5	5	0	40	26	21	0	305
ANID_02360T0_14-121_1XZW:A:1-119	1	10	2	1	0	17	3	6	0	119
ANID_02361T0_5-235_1ZRN:A:	1	8	4	9	0	18	11	14	0	220
ANID_01635T0_20-522_2OOE:A:21-549	2	0	2	28	0	36	16	28	0	529
ANID_01638T0_226-474_1HS6:A:209-460	1	7	4	11	0	19	10	13	0	252
ANID_01638T0_20-218_1HS6:A:1-208	2	15	4	0	0	20	10	12	0	208
ANID_01639T0_128-311_1XOY:A:	1	11	1	2	0	25	20	10	0	160
ANID_01639T0_1-109_1SYR:A:	0	5	0	4	0	9	5	6	0	103
ANID_01642T0_14-229_1DIQ:A:7-242	4	11	2	6	0	33	17	19	0	236
ANID_01642T0_232-504_1E8G:A:274-560	3	8	5	10	0	29	14	16	0	287
ANID_01645T0_204-322_1VYH:C:92-408	0	28	1	0	0	39	25	14	0	317
ANID_01646T0_830-949_1ELR:A:	0	0	0	7	0	9	1	5	0	128
ANID_01647T0_59-237,285-314_1PW4:A:	2	0	1	18	0	21	18	22	0	450
ANID_01648T0_7-152_2AKA:B:6-304	5	8	3	8	0	38	21	18	0	299
ANID_01650T0_1-266_1SNY:A:	3	7	6	7	0	28	16	13	0	266
ANID_10221T0_110-335,385-606_1PV7:A:	0	0	2	22	0	18	12	14	0	417
ANID_10226T0_60-282_1E4C:P:	3	7	3	6	0	24	7	14	0	206
ANID_10222T0_36-312_1JOV:A:	8	21	4	0	0	29	21	17	0	269
ANID_01658T0_166-216_1IYM:A:	0	2	0	1	0	11	6	4	0	54
ANID_01664T0_25-285_1VA4:A:	4	8	3	10	0	25	15	19	0	271
ANID_01665T0_137-250,281-458_1U5R:A:	5	8	4	12	0	31	20	16	0	309
ANID_01666T0_220-393_1PUJ:A:	2	6	3	10	0	26	16	16	0	273
ANID_02368T0_52-214,252-486_1PW4:A:	2	0	1	18	0	21	18	22	0	450
ANID_02370T0_118-162,224-296_1IUP:A:	0	8	2	13	0	25	18	18	0	271
ANID_02374T0_20-248_2C07:A:54-304	2	7	2	9	0	21	12	14	0	251
ANID_02378T0_3-157_1OFG:A:1-160,A:323-381	1	7	4	8	0	25	13	9	1	219
ANID_02378T0_136-299_1ZH8:A:132-275	2	8	2	3	0	12	7	8	0	144
ANID_02380T0_3-225_1QJE:A:	6	13	3	7	0	38	16	21	0	327
ANID_02387T0_30-233_1W1O:A:40-245	2	10	2	6	0	23	19	14	0	206
ANID_02390T0_1-341_1W9Y:A:2-308	1	12	5	7	0	27	12	12	0	307
ANID_02392T0_215-286_1NLW:A:	0	0	0	2	0	4	2	1	0	79
ANID_02393T0_4-200_1JTV:A:	2	7	4	11	0	26	15	16	0	285
ANID_02395T0_308-590_1DP0:A:334-625	10	12	2	7	0	41	19	22	0	292
ANID_02395T0_45-221_1BHG:A:22-225	7	11	1	3	0	33	25	4	0	204
ANID_02395T0_224-311_1YQ2:A:220-312	2	7	3	0	0	12	7	2	0	93
ANID_02398T0_155-437_1FP1:D:129-372	0	8	1	9	0	19	10	13	0	244
ANID_02398T0_55-152_1FP1:D:19-128	1	2	2	5	0	10	5	11	0	110
ANID_02402T0_28-273_1H5Q:A:	2	10	7	8	0	25	12	15	0	260
ANID_02407T0_407-659_2Q80:A:6-296	0	2	0	15	0	16	4	15	0	291
ANID_02407T0_24-340_1DI1:A:	0	0	0	13	0	17	9	12	0	300
ANID_01671T0_13-276_1D2T:A:	0	0	2	13	0	18	11	13	0	224
ANID_01673T0_4-471_2B7O:A:1-462	4	13	2	14	0	45	28	29	0	462
ANID_01674T0_1128-1239_1WF6:A:	1	4	3	3	0	15	14	3	0	131
ANID_01675T0_49-563_1CJY:A:142-721	2	16	10	18	0	52	32	26	0	580
ANID_01677T0_31-286_1VL8:A:	2	7	6	9	0	25	10	14	0	251
ANID_01678T0_33-76_1CLD:A:	0	0	0	2	0	4	2	1	0	33
ANID_01680T0_37-552_1T5H:X:	5	27	4	15	0	56	23	34	0	503
ANID_01680T0_681-976_1Y1P:A:2-343	0	12	1	11	0	37	20	20	0	342
ANID_01680T0_1054-1233_1KNQ:A:	0	5	1	7	0	16	7	10	0	171
ANID_01680T0_563-652_2JQ4:A:1-83	0	0	4	4	0	9	5	4	0	83
ANID_01681T0_48-490_1PW4:A:	2	0	1	18	0	21	18	22	0	450
ANID_01689T0_13-497_1BXS:A:	5	22	2	17	0	52	33	26	0	494
ANID_10227T0_51-190,229-256,334-416_2FLU:X:325-609	14	28	0	0	0	37	15	14	0	285
ANID_01694T0_213-294,330-403_1COZ:A:	1	5	2	5	0	12	6	10	0	126
ANID_01695T0_265-583_1GOT:B:	1	28	0	2	0	36	22	23	0	339
ANID_01697T0_449-763_1D8I:A:	1	12	4	5	0	26	16	5	0	301
ANID_01700T0_13-91,271-287,479-839_1U6G:C:	0	2	14	60	0	74	56	65	0	1207
ANID_01710T0_196-386,484-649_1G51:A:105-294,A:415-580	10	13	3	12	0	35	23	20	1	356
ANID_01710T0_84-180_1G51:A:1-104	1	5	2	1	0	11	4	7	0	104
ANID_01712T0_3-167,255-328_2I3D:A:2-219	0	8	1	5	0	25	11	20	0	218
ANID_01713T0_227-566_1CJY:A:142-721	2	16	10	18	0	52	32	26	0	580
ANID_01715T0_3-403_1PMI:A:	3	25	3	14	0	53	25	21	0	440
ANID_10298T0_5-90,122-422_1BT4:A:	2	14	6	10	0	35	29	21	0	360
ANID_10301T0_1-247_1QYD:A:	3	13	2	13	0	35	25	21	0	312
ANID_02410T0_127-531_1T5O:A:	3	16	5	12	0	35	17	22	0	350
ANID_02410T0_34-144_1XSA:A:	0	8	1	3	0	19	8	7	0	152
ANID_02413T0_4-41,80-135_2A7L:A:1-117	3	3	2	2	0	16	7	11	0	117
ANID_02414T0_101-475_2FUG:4:35-409	3	7	3	13	0	39	26	18	0	375
ANID_02415T0_88-241_1I50:C:42-172	0	8	3	1	0	20	8	7	0	131
ANID_02415T0_50-93,268-369_1I50:C:3-41,C:173-268	2	3	1	3	0	17	12	4	1	135
ANID_02418T0_8-643_1DN1:A:	7	15	9	20	0	49	28	32	0	589
ANID_02419T0_202-272_3B5N:C:443-496	0	0	0	1	0	1	0	0	0	69
ANID_02419T0_356-428_1SFC:H:	0	0	0	1	0	3	2	0	0	86
ANID_02421T0_287-341_2CSH:A:8-60	0	4	0	2	0	6	6	3	0	53
ANID_10307T0_14-79_1JM7:B:	4	0	1	2	0	15	9	4	0	97
ANID_10307T0_826-911_1GRI:A:157-217	1	5	1	0	0	8	4	2	0	61
ANID_10307T0_666-713_1TOT:A:1-52	1	5	0	1	0	8	5	1	0	52
ANID_10303T0_35-343_1OKC:A:	0	0	6	11	0	19	10	9	0	292
ANID_02430T0_58-396_2OVR:B:2365-2706	0	32	2	1	0	36	24	21	0	342
ANID_02432T0_8-101_1P3H:A:	2	9	1	0	0	16	5	5	0	99
ANID_02435T0_60-262_1EUC:B:0-245	3	13	3	7	0	25	12	15	0	245
ANID_02435T0_314-458_1EUC:B:246-393	1	6	0	6	0	16	11	8	0	148
ANID_02436T0_161-283,328-638_1AJ8:A:	3	5	4	16	0	28	15	16	0	371
ANID_02436T0_36-167_1OI7:A:1-121	0	7	0	4	0	13	8	8	0	121
ANID_02437T0_1-18,49-162_2AV5:A:15-120	0	5	1	3	0	5	2	4	0	106
ANID_02438T0_7-256_1YRB:A:1-244	0	7	3	11	0	22	15	9	0	245
ANID_02439T0_7-324_1U4C:A:	4	27	2	2	0	38	21	15	0	340
ANID_02440T0_6-155_1LK5:A:1-130,A:211-229	2	8	3	4	0	18	9	8	1	149
ANID_02440T0_140-235_1LK5:A:131-210	2	5	2	2	0	11	7	5	0	80
ANID_02441T0_14-554_1YOV:A:6-534	6	10	2	23	0	45	33	28	0	529
ANID_01723T0_28-127_1I0V:A:	2	7	0	1	0	13	9	8	0	104
ANID_01724T0_70-268,322-535_1PV7:A:	0	0	2	22	0	18	12	14	0	417
ANID_01726T0_80-450_1DTW:A:	6	8	8	10	0	37	19	29	0	394
ANID_01729T0_20-62_1CLD:A:	0	0	0	2	0	4	2	1	0	33
ANID_01730T0_1-369_1VLL:A:	3	15	2	12	0	33	17	19	0	321
ANID_01731T0_123-475_1K87:A:262-612	3	8	7	14	0	31	17	23	0	351
ANID_01736T0_19-55_1PYI:A:30-71	0	2	0	2	0	6	1	3	0	42
ANID_01743T0_45-289_1VL5:A:	2	8	2	9	0	21	9	11	0	231
ANID_01744T0_77-274_1JEO:A:	2	5	2	7	0	16	7	8	0	177
ANID_01745T0_45-266_1KQN:A:	2	6	3	11	0	22	8	15	0	270
ANID_01751T0_20-68,115-265_1EJ0:A:	0	7	0	5	0	17	8	9	0	180
ANID_01752T0_651-883_1DDG:A:226-446	5	10	1	7	0	27	14	13	0	221
ANID_01752T0_885-1045_1DDG:A:447-599	0	5	1	7	0	14	6	10	0	153
ANID_01752T0_403-645_1B0P:A:416-668	2	6	4	9	0	29	21	11	0	253
ANID_01752T0_251-347_1B0P:A:259-415	1	7	1	4	0	20	14	8	0	157
ANID_01757T0_4-239_1RYP:C:	5	10	2	6	0	23	13	10	0	244
ANID_01760T0_64-166_1WZ3:A:10-93	4	4	0	2	0	10	6	6	0	84
ANID_01763T0_14-256_1YDE:A:4-253	2	7	2	10	0	23	11	14	0	250
ANID_02450T0_16-206,335-507_1YOV:B:12-437	9	12	6	13	0	48	22	26	0	426
ANID_02453T0_18-207_1XYH:A:1-160	6	8	1	2	0	23	13	12	0	160
ANID_02457T0_18-255_3D03:A:1-271	8	13	4	6	0	39	23	13	0	274
ANID_02458T0_19-189,233-585,616-1030_1U6G:C:	0	2	14	60	0	74	56	65	0	1207
ANID_02459T0_1251-1486,1513-1606_1O6V:A:33-416	1	19	16	2	0	68	27	29	0	381
ANID_02463T0_317-599_1YQ2:A:313-609	4	13	4	8	0	40	16	19	0	297
ANID_02463T0_721-1021_1YQ2:A:722-1023	6	17	5	3	0	33	20	18	0	302
ANID_02463T0_14-219_1DP0:A:13-219	2	15	4	3	0	28	20	10	0	207
ANID_02463T0_598-703_1YQ2:A:610-721	2	7	0	0	0	14	8	5	0	112
ANID_02463T0_222-316_1DP0:A:220-333	5	7	0	0	0	10	7	6	0	114
ANID_02466T0_11-218,250-482_1PV7:A:	0	0	2	22	0	18	12	14	0	417
ANID_02467T0_364-539_1F13:A:191-515	8	13	1	9	0	38	18	23	0	325
ANID_02469T0_5-265_1I01:A:	2	7	3	9	0	21	12	12	0	241
ANID_02470T0_41-241_1KOL:A:2-160,A:356-397	6	11	2	6	0	34	16	13	1	201
ANID_02470T0_202-393_1KOL:A:161-355	2	6	2	9	0	19	12	13	0	195
ANID_02472T0_11-205,236-320_1A6Q:A:2-296	3	15	2	7	0	26	16	16	0	295
ANID_02474T0_3-151,200-233_1N6H:A:	0	6	2	5	0	16	8	10	0	167
ANID_02476T0_41-166,208-273_3D03:A:1-271	8	13	4	6	0	39	23	13	0	274
ANID_02478T0_5-327_1I60:A:	2	10	5	10	0	25	13	15	0	278
ANID_02479T0_6-163_2FE7:A:3-158	0	7	3	5	0	12	3	9	0	156
ANID_02484T0_8-129_1F2K:A:	0	7	1	4	0	11	6	9	0	125
ANID_02487T0_218-318,633-762_1YAG:A:147-375	0	9	6	10	0	25	15	15	0	229
ANID_02487T0_57-223_1C0G:A:1-146	0	10	2	4	0	13	10	8	0	146
ANID_02493T0_134-549,586-645_1ED8:A:	11	18	3	14	0	58	36	29	0	449
ANID_02494T0_72-557_2AMX:A:20-376	2	8	5	19	0	34	15	18	0	357
ANID_01770T0_146-249_2QAM:G:82-176	2	4	0	1	0	13	7	5	0	95
ANID_01770T0_46-144_2QAM:G:1-81	1	4	1	1	0	11	5	3	0	81
ANID_01781T0_6-213_2FUR:A:16-208	3	11	2	5	0	18	8	8	0	193
ANID_01782T0_3-139,198-316_2NYR:A:36-302	3	11	4	10	0	27	13	16	0	267
ANID_01787T0_8-209_1DIQ:A:7-242	4	11	2	6	0	33	17	19	0	236
ANID_01789T0_237-448_1BLX:A:	4	7	7	8	0	33	18	18	0	305
ANID_01792T0_34-191,222-331_1ESD:A:	4	9	7	8	0	34	21	22	0	302
ANID_01794T0_53-517_1TQN:A:	5	9	7	18	0	43	20	30	0	472
ANID_01795T0_7-136,293-364_2QFI:A:5-208	2	0	7	7	0	14	20	21	0	204
ANID_01795T0_371-445_2QFI:A:209-290	4	0	1	2	0	13	9	6	0	82
ANID_01798T0_215-258,285-619_1HLG:A:	6	8	6	17	0	44	23	24	0	371
ANID_01799T0_147-244,329-398_2R8B:A:44-246	2	9	2	5	0	21	16	11	0	203
ANID_01801T0_83-216_2J8K:A:1-175	31	0	0	1	0	64	1	33	0	174
ANID_01808T0_175-532,637-671_1F8R:A:4-319,A:433-486	5	16	5	15	0	36	19	22	1	370
ANID_01808T0_513-625_1REO:A:320-432	0	7	2	3	0	14	6	6	0	113
ANID_01809T0_108-406_1HYO:A:119-416	3	21	5	7	0	47	20	14	0	298
ANID_01809T0_3-104_1HYO:A:1-118	0	5	2	4	0	14	9	8	0	118
ANID_01812T0_197-254_1T2K:C:	0	0	0	1	0	1	0	0	0	61
ANID_02497T0_29-303_1EI9:A:	2	8	5	13	0	31	20	23	0	279
ANID_02504T0_73-301_1GOS:A:4-289,A:402-500	4	15	6	13	0	40	33	22	1	385
ANID_02507T0_73-391_2HD5:A:211-521	4	18	4	9	0	37	12	12	0	336
ANID_02508T0_107-493_1P3W:A:	8	12	2	12	0	39	22	27	0	391
ANID_02511T0_14-223_1KLQ:A:	1	7	1	3	0	16	12	5	0	196
ANID_10315T0_63-265_1N0U:A:3-343	9	9	5	14	0	30	13	15	0	341
ANID_10315T0_466-561_2BV3:A:600-688	0	4	2	3	0	5	0	4	0	89
ANID_10315T0_242-344_2BV3:A:283-403	1	12	0	0	0	15	9	9	0	121
ANID_10315T0_354-434_1WDT:A:378-454	0	4	0	2	0	6	3	3	0	77
ANID_10316T0_16-188,221-1415_1I50:A:	24	46	14	45	0	162	93	81	0	1449
ANID_02514T0_78-233_1AH4:A:	10	10	7	10	0	47	22	21	0	315
ANID_02516T0_21-245_1URU:A:	2	0	0	4	0	8	3	8	0	217
ANID_02516T0_339-407_1OOT:A:	3	5	1	0	0	9	4	4	0	58
ANID_10324T0_11-180_2NVU:C:3-183	5	6	2	4	0	22	13	12	0	176
ANID_10322T0_112-303_1PZN:A:96-349	0	12	2	8	0	19	19	13	0	254
ANID_02526T0_252-398_1QMG:A:308-595	2	0	1	17	0	17	9	19	0	288
ANID_02526T0_74-245_1NP3:A:1-182	0	9	2	9	0	24	9	11	0	182
ANID_02527T0_377-570_2IUW:A:70-279	2	14	1	4	0	25	13	5	0	210
ANID_02527T0_11-71,99-230_1IM5:A:	6	6	4	4	0	22	12	14	0	179
ANID_02527T0_747-815_1FHE:A:81-214	2	0	0	7	0	10	11	9	0	134
ANID_02528T0_19-242_1DEO:A:	4	7	4	7	0	25	12	13	0	233
ANID_02529T0_17-278_1DCI:A:	3	9	4	11	0	22	16	14	0	275
ANID_02532T0_238-657_1EKM:A:237-672	7	24	6	5	0	52	24	29	0	436
ANID_02532T0_111-230_1W6G:A:97-211	2	4	3	3	0	13	5	7	0	115
ANID_02532T0_2-108_1EKM:A:17-115	0	4	0	2	0	7	4	5	0	99
ANID_02533T0_26-324_1YRZ:A:1004-1320	6	25	0	0	0	45	27	21	0	317
ANID_02537T0_8-394_1RU4:A:	9	32	3	1	0	74	47	26	0	400
ANID_01823T0_56-394_2FVK:A:57-440	6	10	6	13	0	37	23	25	0	384
ANID_01823T0_367-471_2FVK:A:2-56,A:441-541	4	11	4	0	0	25	11	9	1	156
ANID_01823T0_1-64_2FVK:A:2-56,A:441-541	4	11	4	0	0	25	11	9	1	156
ANID_01824T0_2-43_1ZME:C:31-66	0	0	0	2	0	4	1	2	0	36
ANID_01825T0_46-190_1FCD:A:1-114,A:256-327	2	14	1	5	0	23	16	13	1	186
ANID_01825T0_41-98,210-234,265-454_1FCD:A:1-114,A:256-327	2	14	1	5	0	23	16	13	1	186
ANID_01831T0_14-250_1VL8:A:	2	7	6	9	0	25	10	14	0	251
ANID_10234T0_1-91,134-205_1Y9K:A:1-152	0	9	2	5	0	15	7	6	0	151
ANID_01841T0_6-236_1QYC:A:	1	13	4	12	0	30	15	23	0	307
ANID_01848T0_36-81_1PYI:A:30-71	0	2	0	2	0	6	1	3	0	42
ANID_01852T0_44-245_2IW0:A:29-248	2	11	4	8	0	26	19	12	0	220
ANID_01855T0_36-314_2PTD:A:	4	10	3	8	0	35	23	17	0	296
ANID_02549T0_38-564_1LCI:A:	7	27	4	15	0	64	28	38	0	541
ANID_10320T0_3-243_1XKL:A:	1	8	4	10	0	28	15	17	0	258
ANID_02555T0_64-538_1AC5:A:	3	18	9	15	0	51	36	39	0	483
ANID_02557T0_61-282_1WZN:A:1-251	1	11	4	7	0	20	9	14	0	251
ANID_02557T0_323-370,549-629_1N3J:A:	3	9	0	2	0	19	13	1	0	119
ANID_02558T0_60-272_1W4X:A:155-389	3	10	3	7	0	23	20	9	0	235
ANID_02558T0_204-409_1W4X:A:155-389	3	10	3	7	0	23	20	9	0	235
ANID_02558T0_343-558_1W4X:A:10-154,A:390-542	6	10	5	9	0	33	21	19	1	298
ANID_02563T0_4-143_1RRV:A:	2	13	4	14	0	41	22	18	0	401
ANID_02564T0_34-450_1IAY:A:	3	12	6	14	0	41	23	26	0	428
ANID_02565T0_18-141_2RFR:A:1-153	0	7	0	5	0	6	5	7	0	153
ANID_02566T0_13-129_2B33:A:2-127	2	6	3	2	0	16	8	5	0	127
ANID_02566T0_342-448_1O5W:A:299-410	2	5	2	2	0	17	9	7	0	112
ANID_02566T0_162-353,436-503_1O5W:A:10-298,A:411-520	3	14	5	14	0	38	32	21	1	399
ANID_02572T0_448-695_1N1M:A:509-764	1	8	3	8	0	23	16	15	0	256
ANID_02572T0_36-97,129-186,233-422_1N1M:A:39-508	9	38	3	4	0	58	37	26	0	470
ANID_02574T0_32-240_1W1O:A:40-245	2	10	2	6	0	23	19	14	0	206
ANID_02576T0_7-447_1TVL:A:	6	12	5	13	0	46	33	19	0	430
ANID_02578T0_39-142_2CIW:A:0-119	2	2	2	3	0	17	10	8	0	119
ANID_10321T0_57-447_1PV7:A:	0	0	2	22	0	18	12	14	0	417
ANID_02581T0_1156-1281_1OXB:B:	0	5	0	5	0	13	11	4	0	124
ANID_02581T0_718-855_2C2A:A:321-481	0	7	2	3	0	13	4	10	0	161
ANID_02581T0_42-215_1MKM:A:76-246	0	6	1	5	0	15	11	6	0	171
ANID_02581T0_553-623_2C2A:A:232-320	0	0	1	3	0	3	0	4	0	89
ANID_02582T0_391-439_1E0G:A:	0	2	1	2	0	8	1	3	0	48
ANID_02582T0_99-240_153L:A:	4	2	4	8	0	18	10	14	0	185
ANID_02583T0_171-334_1DSS:G:149-312	2	8	3	3	0	15	9	10	0	164
ANID_02583T0_18-187_1GD1:O:0-148,O:313-333	2	11	3	5	0	21	11	11	1	171
ANID_09242T0_192-402_1W4X:A:10-154,A:390-542	6	10	5	9	0	33	21	19	1	298
ANID_09242T0_360-408,449-580_1PJ5:A:4-219,A:339-427	2	17	6	8	0	32	16	16	1	305
ANID_00885T0_164-229_1X2N:A:6-67	0	0	0	3	0	4	2	2	0	60
ANID_00881T0_118-365_2IUW:A:70-279	2	14	1	4	0	25	13	5	0	210
ANID_00880T0_12-350_1ERJ:A:	2	30	1	1	0	43	24	22	0	388
ANID_00878T0_20-161_1AOZ:A:1-129	5	8	2	0	0	20	6	10	0	129
ANID_00878T0_173-224,263-385_1V10:A:137-304	4	11	3	0	0	23	15	7	0	168
ANID_00878T0_407-584_1GW0:A:344-559	3	11	3	5	0	27	15	11	0	216
ANID_00873T0_42-485_1YZY:A:1-412	3	18	4	15	0	39	22	24	0	412
ANID_00870T0_24-295_1OKC:A:	0	0	6	11	0	19	10	9	0	292
ANID_00868T0_138-231,292-354_1C8U:A:116-286	0	7	1	3	0	17	13	11	0	171
ANID_00868T0_27-126_1C8U:A:2-115	2	6	0	2	0	12	7	5	0	114
ANID_00865T0_132-393_2O07:A:16-300	1	12	2	10	0	26	14	16	0	285
ANID_00862T0_28-130_1FXK:A:	0	2	0	2	0	5	1	3	0	107
ANID_00860T0_4-57,85-98,183-391_1RIF:A:	0	15	5	10	0	30	15	19	0	282
ANID_00858T0_177-545_1QVR:A:149-535	0	8	0	16	0	30	17	16	0	387
ANID_00858T0_578-889_1QVR:A:536-850	5	9	4	14	0	30	21	15	0	315
ANID_00858T0_4-171_1QVR:A:4-148	0	2	1	7	0	16	12	7	0	145
ANID_00855T0_536-818_1Z3I:X:390-735	0	10	6	11	0	41	29	23	0	346
ANID_00855T0_281-532_1Z3I:X:92-389	0	9	4	12	0	34	20	12	0	298
ANID_00853T0_39-79_1CLD:A:	0	0	0	2	0	4	2	1	0	33
ANID_00848T0_1-71,128-303_1TUB:A:1-245	0	6	2	9	0	25	23	14	0	245
ANID_00847T0_260-468_1DKG:D:186-383	1	6	1	6	0	13	10	7	0	198
ANID_00847T0_47-248_1HJO:A:3-188	0	12	2	6	0	18	6	12	0	186
ANID_00847T0_713-792_1UD0:A:	0	0	1	3	0	3	3	4	0	112
ANID_00844T0_67-134,313-491_1XM9:A:244-700	0	0	2	27	0	26	20	30	0	457
ANID_00843T0_31-215_1IQV:A:	4	2	1	6	0	14	6	7	0	201
ANID_00842T0_262-558,702-835_1AMU:A:	4	26	5	15	0	55	36	34	0	514
ANID_00842T0_1007-1364,1401-1608_1LCI:A:	7	27	4	15	0	64	28	38	0	541
ANID_00176T0_242-301_4GAT:A:	0	2	1	1	0	11	6	3	0	66
ANID_00176T0_102-148_4GAT:A:	0	2	1	1	0	11	6	3	0	66
ANID_00170T0_82-188_1SYR:A:	0	5	0	4	0	9	5	6	0	103
ANID_00167T0_12-351_1VB5:A:	3	12	4	9	0	31	10	13	0	274
ANID_00165T0_41-253,293-551,603-657_1GW5:B:	0	0	4	32	0	42	43	37	0	579
ANID_00163T0_3-197_1DOA:B:	2	10	1	2	0	26	13	7	0	200
ANID_00161T0_143-194,268-283_1NRJ:B:	3	6	4	5	0	18	9	10	0	209
ANID_00160T0_58-156,215-309_2C1I:A:268-463	0	9	4	8	0	22	8	9	0	196
ANID_00158T0_117-285_1QOR:A:113-291	2	6	1	8	0	15	10	12	0	179
ANID_00158T0_5-150_1YB5:A:6-120,A:295-329	2	9	3	2	0	18	11	6	1	150
ANID_00156T0_23-78,149-213,249-319,395-433_1TZD:A:	3	7	1	9	0	32	16	14	0	256
ANID_00153T0_659-716_1ITY:A:	0	0	0	3	0	8	5	2	0	67
ANID_10044T0_4-224_1K6X:A:	2	13	3	12	0	37	26	20	0	350
ANID_00150T0_415-793_2GFV:A:2-251	6	7	3	10	0	28	13	17	0	250
ANID_00150T0_949-1077,1141-1246_1MLA:A:3-127,A:198-307	2	5	1	12	0	22	14	13	1	235
ANID_00150T0_1739-1804_1KLP:A:	0	0	0	4	0	14	8	8	0	115
ANID_00150T0_1078-1139_1MLA:A:128-197	0	4	0	2	0	6	5	4	0	70
ANID_00149T0_40-245_2QED:A:1-251	1	14	2	9	0	27	10	18	0	251
ANID_00148T0_14-59_1D66:A:8-48	0	0	0	2	0	4	1	2	0	41
ANID_00147T0_52-231,346-445_3C96:A:4-182,A:294-402	1	13	1	8	0	26	14	13	1	288
ANID_00146T0_12-263_1YBV:A:	2	7	6	9	0	26	16	13	0	270
ANID_00141T0_182-572_1UWV:A:75-432	7	17	2	8	0	35	22	22	0	358
ANID_00141T0_103-156_1YEZ:A:1-68	0	6	0	0	0	9	4	4	0	68
ANID_00140T0_184-425_1K8K:A:161-418	0	9	7	10	0	24	11	13	0	258
ANID_00140T0_2-44,71-172_1K8K:A:3-160	0	10	4	3	0	17	12	9	0	158
ANID_00139T0_11-177,317-481_1K2X:A:,B:	4	13	2	9	0	28	12	18	1	291
ANID_09244T0_1670-2225_1AMU:A:	4	26	5	15	0	55	36	34	0	514
ANID_09244T0_183-705_1AMU:A:	4	26	5	15	0	55	36	34	0	514
ANID_09244T0_1430-1677_1L5A:A:175-424	4	7	2	7	0	24	11	13	0	250
ANID_09244T0_1255-1444_1Q9J:A:1-175	1	7	2	4	0	16	9	4	0	175
ANID_09244T0_824-1015_1L5A:A:1-174	1	6	2	5	0	15	9	11	0	174
ANID_09244T0_1006-1109_1L5A:A:175-424	4	7	2	7	0	24	11	13	0	250
ANID_09244T0_719-793_1DNY:A:	0	0	0	4	0	8	7	2	0	76
ANID_09244T0_1154-1210_1KLP:A:	0	0	0	4	0	14	8	8	0	115
ANID_09246T0_19-272_2A1X:A:43-338	5	15	4	5	0	35	14	11	0	296
ANID_09248T0_164-524_1TQN:A:	5	9	7	18	0	43	20	30	0	472
ANID_09254T0_13-95_2FCT:A:3-310	14	16	4	4	0	47	24	25	0	308
ANID_11205T0_29-344_1PYF:A:	6	11	6	11	0	33	19	21	0	311
ANID_11217T0_120-308,366-537,581-604_1PV7:A:	0	0	2	22	0	18	12	14	0	417
ANID_09264T0_72-173_2B61:A:2-358	4	12	4	11	0	40	22	25	0	357
ANID_09272T0_521-587_1ARK:A:	1	6	0	0	0	11	4	3	0	60
ANID_09273T0_17-82_2EVR:A:87-234	0	6	1	4	0	16	11	7	0	148
ANID_09274T0_27-141_2RGQ:A:1-133	0	6	0	3	0	7	3	7	0	133
ANID_09278T0_15-537_1UZB:A:	7	19	6	15	0	48	35	23	0	516
ANID_09279T0_8-179_2AMF:A:1-152	1	7	3	6	0	20	8	7	0	152
ANID_09279T0_182-287_2AMF:A:153-256	0	0	1	6	0	5	2	5	0	104
ANID_09281T0_57-114_1LRH:A:	2	12	2	2	0	24	11	7	0	160
ANID_09282T0_68-282_1W4X:A:10-154,A:390-542	6	10	5	9	0	33	21	19	1	298
ANID_09282T0_231-444_1W4X:A:155-389	3	10	3	7	0	23	20	9	0	235
ANID_09282T0_383-595_1W4X:A:10-154,A:390-542	6	10	5	9	0	33	21	19	1	298
ANID_10125T0_371-656_1VEC:A:	0	7	1	9	0	25	16	12	0	206
ANID_00837T0_1364-1464_1D0N:A:533-628	1	5	1	2	0	13	5	5	0	96
ANID_00837T0_1477-1602_1D0N:A:629-755	0	5	2	5	0	19	8	10	0	127
ANID_00837T0_1258-1364_1D0N:A:384-532	0	7	3	3	0	15	11	12	0	149
ANID_00836T0_14-203_1I19:A:57-273	2	11	1	4	0	28	15	16	0	217
ANID_00835T0_52-95_1PYI:A:30-71	0	2	0	2	0	6	1	3	0	42
ANID_00834T0_252-445_2Q0Z:X:33-208	1	0	2	9	0	14	8	11	0	176
ANID_00834T0_91-179_1XBL:A:	0	0	0	3	0	7	3	6	0	75
ANID_00834T0_452-479,529-625_2Q0Z:X:209-322	2	7	1	0	0	12	8	4	0	114
ANID_00832T0_177-462_2BWV:A:177-440	4	11	3	6	0	29	15	15	0	264
ANID_00832T0_30-159_2BWV:A:1-176	0	8	2	7	0	18	9	6	0	176
ANID_00831T0_149-342_2AFJ:A:12-224	0	10	2	3	0	26	29	9	0	213
ANID_00830T0_14-262_1FX8:A:	0	0	4	11	0	13	7	10	0	254
ANID_00828T0_111-580_2GI3:A:1-475	12	11	5	13	0	42	26	30	0	475
ANID_00822T0_227-378,412-525_1A06:A:	4	8	4	10	0	29	20	14	0	307
ANID_00817T0_438-464,496-520_2EPQ:A:380-411	0	2	0	1	0	4	3	1	0	32
ANID_00815T0_16-84_1Z9H:A:100-212	0	6	2	3	0	15	5	7	0	113
ANID_00814T0_303-588_1VYH:C:92-408	0	28	1	0	0	39	25	14	0	317
ANID_00813T0_42-270_2FLU:X:325-609	14	28	0	0	0	37	15	14	0	285
ANID_00813T0_505-595_1BUO:A:	0	3	1	6	0	11	5	4	0	121
ANID_10124T0_8-475_1CBG:A:	5	17	8	19	0	47	26	27	0	490
ANID_00810T0_367-547_1OUV:A:	0	0	0	15	0	18	7	15	0	272
ANID_00810T0_124-241_1OUV:A:	0	0	0	15	0	18	7	15	0	272
ANID_00810T0_516-662_1OUV:A:	0	0	0	15	0	18	7	15	0	272
ANID_00810T0_294-344_1OUV:A:	0	0	0	15	0	18	7	15	0	272
ANID_00809T0_6-1475_1I50:A:	24	46	14	45	0	162	93	81	0	1449
ANID_00808T0_25-152,179-349_1GOT:B:	1	28	0	2	0	36	22	23	0	339
ANID_00806T0_17-332_1ERJ:A:	2	30	1	1	0	43	24	22	0	388
ANID_00803T0_30-128_1UEY:A:	2	8	0	0	0	19	9	3	0	126
ANID_00802T0_427-582_1LTQ:A:153-301	3	5	1	4	0	19	7	10	0	149
ANID_00797T0_445-859_1K75:A:	1	14	4	16	0	38	24	17	0	431
ANID_00797T0_200-308_1ZPS:A:8-131	3	8	1	1	0	13	9	7	0	124
ANID_00797T0_298-378_2A7W:A:4-94	0	0	1	5	0	7	1	3	0	91
ANID_00794T0_73-118_1TAF:A:	2	0	0	3	0	6	1	4	0	68
ANID_00137T0_817-899,970-1140_1O1Z:A:	1	11	4	10	0	22	17	11	0	233
ANID_00137T0_214-265,353-583_1OT8:A:	2	0	0	13	0	26	3	23	0	209
ANID_00135T0_517-830_1WA5:B:	0	0	5	29	0	38	22	22	0	506
ANID_00135T0_125-628_1WA5:B:	0	0	5	29	0	38	22	22	0	506
ANID_00134T0_394-492,538-620,648-780_2FYT:A:238-548	8	15	6	7	0	35	16	21	0	311
ANID_00133T0_78-636_1BR2:A:80-789	5	15	5	26	0	55	26	31	0	710
ANID_00131T0_34-116_1OQP:A:	0	2	0	4	0	7	3	4	0	76
ANID_00130T0_60-276,303-430_2FRN:A:19-278	0	13	3	6	0	25	10	16	0	260
ANID_00129T0_494-663_1M3G:A:	0	6	0	5	0	15	12	8	0	145
ANID_00129T0_421-491_1VHR:A:	2	5	1	8	0	14	9	10	0	178
ANID_00128T0_34-338_1RJD:A:	0	8	2	15	0	27	14	19	0	333
ANID_00128T0_761-1056_1H2K:A:	3	17	6	8	0	41	17	19	0	335
ANID_00128T0_405-716_2FLU:X:325-609	14	28	0	0	0	37	15	14	0	285
ANID_00126T0_29-230_1B63:A:2-216	0	8	2	8	0	19	14	13	0	216
ANID_00126T0_232-365_1B63:A:217-331	0	7	3	3	0	10	2	7	0	115
ANID_10020T0_54-199,410-592,629-767_1OYZ:A:	0	0	3	17	0	21	10	14	0	276
ANID_00124T0_95-293_1TQI:A:91-282	0	10	1	4	0	15	9	8	0	192
ANID_00124T0_7-91_1TQI:A:1-90	0	3	0	5	0	7	4	5	0	90
ANID_00123T0_25-119_2ZJR:Q:2-94	2	4	0	2	0	13	6	4	0	93
ANID_00121T0_17-238_1PDA:A:3-219	0	10	3	7	0	25	14	12	0	217
ANID_00121T0_240-337_1GTK:A:220-313	0	3	1	3	0	7	3	6	0	94
ANID_00117T0_64-305_2ICH:A:24-351	2	23	2	0	0	34	18	20	0	328
ANID_00116T0_10-75_2GYC:G:2-72	4	0	0	0	0	11	6	4	0	71
ANID_00116T0_72-151_1MMS:A:71-140	0	2	1	3	0	7	4	3	0	70
ANID_10018T0_16-300_1OKC:A:	0	0	6	11	0	19	10	9	0	292
ANID_00113T0_244-462_1F5X:A:	0	0	2	11	0	11	9	11	0	208
ANID_00108T0_368-414,446-580,616-702,776-979_1B3U:A:	0	0	8	44	0	40	26	36	0	588
ANID_00108T0_65-125,203-334,365-422,452-496_1UPK:A:	2	0	4	20	0	16	12	16	0	330
ANID_00105T0_2-134_1D7Q:A:	0	5	1	1	0	17	12	6	0	143
ANID_00101T0_72-169_1AG8:A:	7	20	1	17	0	53	34	24	0	493
ANID_00100T0_3-140_1LLU:A:2-143,A:310-342	5	11	2	3	0	26	13	11	1	175
ANID_00100T0_107-217_1RJW:A:138-305	0	7	1	8	0	16	10	9	0	168
ANID_09284T0_6-251_1FMC:A:	2	7	3	9	0	25	11	15	0	255
ANID_09288T0_4-196_1E3J:A:4-142,A:313-351	5	12	4	3	0	23	8	10	1	178
ANID_09288T0_164-335_1PL7:A:146-316	0	6	0	7	0	22	14	8	0	171
ANID_09289T0_54-282,316-521_1PW4:A:	2	0	1	18	0	21	18	22	0	450
ANID_09292T0_33-76_2HAP:C:55-97	0	0	1	2	0	6	3	2	0	43
ANID_09295T0_10-473_1PV7:A:	0	0	2	22	0	18	12	14	0	417
ANID_09296T0_38-501_1TQN:A:	5	9	7	18	0	43	20	30	0	472
ANID_09297T0_18-94,174-300_1JEH:A:161-282	0	8	0	3	0	10	8	7	0	122
ANID_09299T0_75-208_1AW9:A:83-217	2	0	0	9	0	7	9	9	0	135
ANID_09299T0_3-84_1K0D:D:99-200	0	4	3	4	0	11	6	8	0	102
ANID_09302T0_161-368,437-470_1UA2:A:	1	8	3	9	0	30	19	17	0	299
ANID_09304T0_74-213_1NHY:A:76-219	0	0	2	7	0	12	5	9	0	144
ANID_09304T0_1-78_1AW9:A:2-82	0	4	1	2	0	10	7	7	0	81
ANID_09308T0_19-207_1W1O:A:40-245	2	10	2	6	0	23	19	14	0	206
ANID_09313T0_37-503_1TQN:A:	5	9	7	18	0	43	20	30	0	472
ANID_09315T0_2-329_1TRB:A:1-118,A:245-316	3	11	3	3	0	23	12	9	1	190
ANID_09320T0_993-1034_1WD2:A:	0	0	2	0	0	10	10	2	0	59
ANID_09320T0_5-124_2OK5:A:200-452	2	8	2	7	0	23	12	14	0	253
ANID_09322T0_3-305_2GZ1:A:2-127,A:330-357	1	7	2	4	0	19	10	9	1	152
ANID_09324T0_70-557_2F2A:A:1-485	12	11	6	15	0	46	29	35	0	485
ANID_11219T0_2-431_1OCK:A:	6	11	6	13	0	38	21	23	0	412
ANID_09327T0_13-325_1Z7A:A:4-304	3	9	3	9	0	32	19	15	0	301
ANID_09328T0_113-163_1LFU:P:	0	0	0	4	0	7	8	3	0	82
ANID_09328T0_298-336_3ZNF:A:	2	0	0	1	0	5	3	1	0	30
ANID_00790T0_86-128_1NMV:A:1-44	0	3	0	0	0	6	4	3	0	44
ANID_00785T0_99-199_1KKC:A:98-213	2	3	4	5	0	8	5	7	0	116
ANID_00785T0_3-87_1KKC:A:14-97	1	0	0	3	0	5	2	4	0	84
ANID_00784T0_16-277_1VL8:A:	2	7	6	9	0	25	10	14	0	251
ANID_00780T0_4-432_1X0M:A:26-428	2	14	5	14	0	43	21	17	0	403
ANID_00777T0_161-293_1OXZ:A:	0	0	0	5	0	7	5	4	0	132
ANID_00777T0_47-169_1MHQ:A:	0	0	0	8	0	12	9	7	0	143
ANID_00775T0_112-291_1GDH:A:101-291	3	7	2	7	0	24	11	14	0	191
ANID_00775T0_14-145_1YGY:A:3-98,A:283-316	4	5	2	4	0	19	10	9	1	130
ANID_00774T0_4-172_1E3J:A:4-142,A:313-351	5	12	4	3	0	23	8	10	1	178
ANID_00774T0_152-237,267-358_1PL7:A:146-316	0	6	0	7	0	22	14	8	0	171
ANID_00773T0_462-609_1QFJ:A:98-232	0	6	2	5	0	18	9	7	0	135
ANID_10122T0_9-250_2C07:A:54-304	2	7	2	9	0	21	12	14	0	251
ANID_00771T0_872-1088_1F3O:A:	0	10	2	7	0	22	15	14	0	232
ANID_00771T0_187-419_1Q12:A:4-235	1	11	4	7	0	25	20	16	0	232
ANID_00770T0_176-320_1MEK:A:	1	6	0	4	0	13	10	8	0	120
ANID_00770T0_397-486_2CR5:A:8-103	3	4	0	2	0	13	8	5	0	96
ANID_00770T0_12-56_1V92:A:	0	0	0	3	0	4	2	4	0	46
ANID_00768T0_300-449_1NYO:A:	5	7	0	8	0	18	16	11	0	163
ANID_00768T0_95-286_1NYO:A:	5	7	0	8	0	18	16	11	0	163
ANID_00767T0_53-123_1TH7:A:3-78	0	5	1	1	0	8	2	4	0	76
ANID_00765T0_4-336_1Y1P:A:2-343	0	12	1	11	0	37	20	20	0	342
ANID_00764T0_9-298_1S9A:A:	5	12	1	5	0	33	15	18	0	256
ANID_00758T0_244-282,314-487_1YK3:A:10-207	4	7	3	7	0	19	7	11	0	198
ANID_00752T0_13-163_1DZF:A:5-143	4	6	1	7	0	17	6	8	0	139
ANID_00752T0_160-235_1DZF:A:144-215	0	4	2	2	0	12	4	7	0	72
ANID_00087T0_230-391_1WGQ:A:	0	7	0	1	0	13	13	4	0	108
ANID_00087T0_28-163_1WJM:A:	1	8	0	2	0	15	8	5	0	122
ANID_00086T0_103-307,342-424,460-494_1S4N:A:	1	12	10	14	0	38	22	21	0	339
ANID_00084T0_98-239_1K5D:B:	1	6	0	1	0	17	11	3	0	146
ANID_10013T0_24-481_1PV7:A:	0	0	2	22	0	18	12	14	0	417
ANID_10011T0_9-486_1O9J:A:	5	22	4	17	0	50	32	20	0	494
ANID_00076T0_1-214_1B43:A:1-219	4	9	3	8	0	25	14	14	0	219
ANID_00075T0_20-131_2DJJ:A:6-121	0	4	0	2	0	14	14	8	0	116
ANID_00075T0_140-252_2B5E:A:365-504	1	4	1	4	0	18	7	6	0	140
ANID_00075T0_264-362_1G7D:A:	0	0	0	5	0	7	5	6	0	106
ANID_00072T0_7-34,67-194,306-380_1K8W:A:9-250	2	13	4	7	0	21	9	18	0	241
ANID_00071T0_5-123_1UDM:A:	2	6	0	6	0	19	10	3	0	148
ANID_00069T0_294-324,351-681_1ERJ:A:	2	30	1	1	0	43	24	22	0	388
ANID_00067T0_66-356_1JK0:A:	0	0	5	16	1	23	10	16	0	334
ANID_00066T0_6-288_1OKC:A:	0	0	6	11	0	19	10	9	0	292
ANID_00065T0_26-349_1VYH:C:92-408	0	28	1	0	0	39	25	14	0	317
ANID_10010T0_3-95_2A6T:A:1-94	0	0	1	6	0	9	4	5	0	94
ANID_10010T0_68-224_2A6T:A:95-245	2	6	3	2	0	13	4	9	0	151
ANID_10012T0_35-280_1NRK:A:1-243	0	11	5	6	0	22	14	17	0	243
ANID_00059T0_12-84_1HDJ:A:	0	0	1	4	0	9	2	7	0	76
ANID_00059T0_223-279_1X5S:A:8-97	0	4	0	2	0	11	8	3	0	89
ANID_00058T0_33-414_1Q7E:A:	0	11	5	17	0	41	21	30	0	427
ANID_00057T0_10-335_1N3L:A:	2	8	6	14	0	28	15	19	0	339
ANID_00051T0_15-350_1W9Y:A:2-308	1	12	5	7	0	27	12	12	0	307
ANID_00050T0_4-380_2HBV:A:3-333	5	12	6	13	0	33	18	26	0	331
ANID_11221T0_107-453_1K87:A:262-612	3	8	7	14	0	31	17	23	0	351
ANID_09348T0_72-391,608-671_1CF3:A:3-324,A:521-583	17	12	7	11	0	49	28	29	1	385
ANID_09348T0_398-463,508-612_1JU2:A:294-463	3	9	1	2	0	26	19	6	0	170
ANID_09350T0_6-282_1DCS:A:	1	15	0	9	0	31	12	12	0	311
ANID_09354T0_3-261_1K6X:A:	2	13	3	12	0	37	26	20	0	350
ANID_09355T0_18-270_1YWF:A:4-275	0	5	3	12	0	22	11	13	0	272
ANID_09356T0_4-233,385-423_1NG4:A:1-218,A:307-364	3	11	2	10	0	27	13	19	1	276
ANID_09358T0_10-138_1JFI:B:	2	0	1	5	0	7	3	4	0	135
ANID_09359T0_135-229_1YAG:A:4-146	0	10	2	4	0	16	11	9	0	143
ANID_09359T0_225-301,416-494,608-665_2BTF:A:147-375	0	9	5	10	0	22	20	16	0	229
ANID_09360T0_25-68_7ZNF:A:	0	2	0	1	0	5	3	2	0	30
ANID_09362T0_71-143_1JMT:A:	0	6	0	2	0	8	2	3	0	104
ANID_09363T0_13-299_1DMH:A:	5	16	0	7	0	41	16	24	0	309
ANID_09366T0_94-281_1YB5:A:121-294	0	7	1	8	0	16	8	12	0	174
ANID_09366T0_2-119_1YB5:A:6-120,A:295-329	2	9	3	2	0	18	11	6	1	150
ANID_09367T0_188-272_1PXZ:A:	3	30	5	4	0	50	38	14	0	346
ANID_09372T0_382-624_2HU7:A:322-581	1	8	2	10	0	27	14	15	0	260
ANID_09372T0_19-250_1XFD:A:127-591	9	30	2	3	0	57	36	22	0	465
ANID_09375T0_63-367_1Y0Z:A:	5	21	1	9	0	39	19	16	0	327
ANID_09378T0_4-202_1VL8:A:	2	7	6	9	0	25	10	14	0	251
ANID_09380T0_28-235_2IW0:A:29-248	2	11	4	8	0	26	19	12	0	220
ANID_00748T0_86-144_1GD2:G:	0	0	0	1	0	3	1	0	0	69
ANID_00747T0_40-251_1HR6:B:24-245	3	6	4	8	0	20	15	8	0	222
ANID_00747T0_267-468_1HR6:B:246-462	1	6	1	8	0	21	10	9	0	217
ANID_00746T0_1-320_1UDB:A:	3	13	1	11	0	38	21	15	0	338
ANID_00745T0_81-310_1PRY:A:	0	12	1	6	0	21	11	17	0	226
ANID_00740T0_8-473_1BI9:A:	7	19	2	16	0	50	25	21	0	499
ANID_00739T0_27-476_1PW4:A:	2	0	1	18	0	21	18	22	0	450
ANID_00728T0_289-366_2EY4:C:1-73	2	6	0	0	0	12	4	5	0	73
ANID_09436T0_10-104,203-240_1SXJ:D:26-262	0	5	2	13	0	21	15	15	0	237
ANID_09436T0_33-87,183-256,449-463,509-678_1SXJ:D:26-262	0	5	2	13	0	21	15	15	0	237
ANID_00723T0_27-243_1NST:A:	2	8	4	12	0	26	12	18	0	301
ANID_00719T0_9-50_1BH9:A:	0	0	0	2	0	4	2	1	0	45
ANID_00719T0_191-248,280-300_1BH9:B:	0	0	0	4	0	6	2	2	0	89
ANID_00717T0_97-434_1FG7:A:	0	13	5	12	0	36	22	23	0	354
ANID_00715T0_4-103_1M4M:A:	0	3	2	5	0	18	8	8	0	112
ANID_00715T0_117-199_1E31:A:	1	3	3	4	0	17	8	7	0	136
ANID_00713T0_34-497_1PV7:A:	0	0	2	22	0	18	12	14	0	417
ANID_10007T0_14-94_1I4K:1:	0	5	2	1	0	6	2	2	0	72
ANID_10003T0_189-436_1S0U:A:34-229	2	7	0	5	0	19	13	10	0	195
ANID_10003T0_416-506_1JNY:A:228-322	2	10	2	0	0	11	5	7	0	95
ANID_10003T0_513-600_1JNY:A:323-429	2	9	1	0	0	13	7	7	0	107
ANID_00046T0_67-418_1WU7:A:3-329	3	12	1	12	0	35	21	19	0	327
ANID_00046T0_436-541_1KMM:A:326-424	0	5	0	4	0	10	6	5	0	99
ANID_10006T0_103-159_1CHC:A:	0	3	0	1	0	9	8	3	0	68
ANID_00040T0_390-543,575-629,659-972_1KFS:A:519-928	6	8	2	17	0	32	17	21	0	410
ANID_00040T0_180-275,327-408_1YT3:A:1-193	0	6	1	8	0	20	12	8	0	193
ANID_10008T0_510-795_2HYE:C:403-675	1	8	3	9	0	25	16	11	0	273
ANID_10008T0_147-496_2HYE:C:55-401	0	0	1	19	0	15	13	23	0	347
ANID_10008T0_792-879_2HYE:C:676-759	1	2	0	3	0	6	4	3	0	84
ANID_00036T0_10-172_1YDW:A:6-133,A:305-360	0	7	2	7	0	18	5	9	1	184
ANID_00036T0_146-282_1OFG:A:161-322	0	8	1	5	0	16	15	8	0	162
ANID_00034T0_14-349_1OI2:A:	8	16	1	8	0	32	19	19	0	347
ANID_00034T0_376-589_1UN8:A:336-550	2	1	1	9	0	15	8	9	0	215
ANID_00032T0_8-144_2H8A:A:9-147	0	0	1	7	0	6	5	7	0	139
ANID_00031T0_54-177,207-342_1DYP:A:	1	21	3	1	0	33	17	16	0	271
ANID_00028T0_40-234,286-323_1ZKP:A:1-244	6	14	2	7	0	29	13	18	0	244
ANID_00027T0_157-390_1W4X:A:155-389	3	10	3	7	0	23	20	9	0	235
ANID_00027T0_17-227_1W4X:A:155-389	3	10	3	7	0	23	20	9	0	235
ANID_00027T0_327-539_1W4X:A:10-154,A:390-542	6	10	5	9	0	33	21	19	1	298
ANID_00025T0_63-306_1W4X:A:10-154,A:390-542	6	10	5	9	0	33	21	19	1	298
ANID_00025T0_352-563_1W4X:A:10-154,A:390-542	6	10	5	9	0	33	21	19	1	298
ANID_10005T0_15-275_2D1Y:A:2-249	6	7	4	9	0	21	10	16	0	248
ANID_00017T0_16-252_1TWD:A:	5	10	2	8	0	27	13	11	0	247
ANID_00016T0_3546-4093_1AMU:A:	4	26	5	15	0	55	36	34	0	514
ANID_00016T0_219-805_1AMU:A:	4	26	5	15	0	55	36	34	0	514
ANID_00016T0_2426-2974_1AMU:A:	4	26	5	15	0	55	36	34	0	514
ANID_00016T0_1768-2186_1AMU:A:	4	26	5	15	0	55	36	34	0	514
ANID_00016T0_4861-5093_1L5A:A:1-174	1	6	2	5	0	15	9	11	0	174
ANID_00016T0_3307-3537_1L5A:A:175-424	4	7	2	7	0	24	11	13	0	250
ANID_00016T0_1524-1780_1Q9J:A:181-418	4	7	1	5	0	21	13	10	0	238
ANID_00016T0_4678-4874_1NOC:B:	1	9	1	5	0	22	13	9	0	213
ANID_00016T0_5535-5774_1B5S:A:	2	9	4	6	0	29	13	11	0	242
ANID_00016T0_872-1043_1L5A:A:1-174	1	6	2	5	0	15	9	11	0	174
ANID_00016T0_1344-1538_1NOC:B:	1	9	1	5	0	22	13	9	0	213
ANID_00016T0_1061-1305_1L5A:A:175-424	4	7	2	7	0	24	11	13	0	250
ANID_00016T0_4212-4379_1Q9J:A:1-175	1	7	2	4	0	16	9	4	0	175
ANID_00016T0_5358-5546_1L5A:A:1-174	1	6	2	5	0	15	9	11	0	174
ANID_00016T0_3144-3321_3CLA:A:	0	10	1	5	0	19	12	14	0	213
ANID_00016T0_4399-4640_1Q9J:A:181-418	4	7	1	5	0	21	13	10	0	238
ANID_00016T0_2203-2415_1L5A:A:175-424	4	7	2	7	0	24	11	13	0	250
ANID_00016T0_3034-3102_1DNY:A:	0	0	0	4	0	8	7	2	0	76
ANID_00016T0_788-885_1DNY:A:	0	0	0	4	0	8	7	2	0	76
ANID_00016T0_5216-5286_1DNY:A:	0	0	0	4	0	8	7	2	0	76
ANID_00016T0_4122-4191_1DNY:A:	0	0	0	4	0	8	7	2	0	76
ANID_00016T0_3-219_1Q9J:A:181-418	4	7	1	5	0	21	13	10	0	238
ANID_00012T0_110-220_1W0P:A:25-216	1	18	3	1	0	26	10	5	0	192
ANID_09383T0_19-376_1NC5:A:	11	6	5	13	0	40	21	26	0	363
ANID_09384T0_68-511_1TQN:A:	5	9	7	18	0	43	20	30	0	472
ANID_09388T0_15-339_1LNL:A:3-304	6	2	5	11	0	38	28	25	0	307
ANID_09389T0_296-342_1Y7M:A:1-48	0	2	0	1	1	9	3	6	0	48
ANID_09389T0_244-290_1Y7M:A:1-48	0	2	0	1	1	9	3	6	0	48
ANID_09389T0_460-508_1E0G:A:	0	2	1	2	0	8	1	3	0	48
ANID_09389T0_383-431_1Y7M:A:1-48	0	2	0	1	1	9	3	6	0	48
ANID_09393T0_37-445_1PV7:A:	0	0	2	22	0	18	12	14	0	417
ANID_09395T0_14-58_1PYI:A:30-71	0	2	0	2	0	6	1	3	0	42
ANID_09399T0_173-306_1A78:A:	0	12	0	0	0	11	7	7	0	134
ANID_09401T0_185-378_1GU7:A:161-349	0	7	1	10	0	20	8	12	0	189
ANID_09401T0_59-233_1GU7:A:23-160,A:350-386	3	10	2	4	0	26	14	8	1	175
ANID_09403T0_48-229_1NI4:B:0-191	0	8	3	8	0	21	11	13	0	191
ANID_09403T0_236-373_1NI4:B:192-329	0	6	1	5	0	16	10	7	0	138
ANID_09404T0_17-53_2DLQ:A:63-92	0	2	0	1	0	3	3	0	0	30
ANID_09405T0_56-247_1NEK:C:	1	0	1	4	0	7	4	3	0	129
ANID_09406T0_25-82,154-369,400-455,498-559_2DUL:A:3-377	4	17	1	14	0	30	24	14	0	375
ANID_09407T0_993-1056,1162-1374_1J3N:A:1-249	6	7	5	10	0	28	13	15	0	249
ANID_09407T0_1336-1403,1499-1631_2GFV:A:252-412	5	7	4	4	0	22	9	6	0	161
ANID_09407T0_1742-1857_1FTH:A:	0	5	1	4	0	12	8	3	0	117
ANID_09407T0_649-888_1I01:A:	2	7	3	9	0	21	12	12	0	241
ANID_09407T0_13-63_1NM2:A:0-133,A:196-314	2	6	2	12	0	20	14	17	1	251
ANID_09408T0_1688-1741,1796-1872,2001-2047_1MLA:A:3-127,A:198-307	2	5	1	12	0	22	14	13	1	235
ANID_09408T0_169-329,437-539_1MLA:A:3-127,A:198-307	2	5	1	12	0	22	14	13	1	235
ANID_09408T0_1572-1683_1S9C:A:164-289	0	5	3	3	0	12	6	7	0	126
ANID_09408T0_1311-1437_2OV9:A:7-209	3	7	2	3	0	22	12	13	0	203
ANID_09408T0_602-840_2CU0:A:3-96,A:207-480	8	15	1	13	0	47	24	23	1	368
ANID_09409T0_2-287_1TE4:A:	0	0	3	6	0	11	9	5	0	111
ANID_09410T0_433-631_4LIP:D:	4	11	2	11	0	29	17	24	0	319
ANID_01404T0_105-436_2P1R:A:1-299	0	20	1	8	0	29	18	18	0	299
ANID_01403T0_49-373_1YLV:A:	6	10	6	11	0	36	22	23	0	341
ANID_01402T0_491-682_1OCX:A:	4	18	0	4	0	35	12	13	0	182
ANID_01402T0_264-308_2HAP:C:55-97	0	0	1	2	0	6	3	2	0	43
ANID_01401T0_1-258,325-368,405-703,770-1034_1W9C:A:	0	0	4	15	0	20	13	12	0	321
ANID_01396T0_85-196,227-323_1OJT:A:117-275,A:401-470	1	8	4	5	0	15	9	12	1	229
ANID_01396T0_325-420_1NG4:A:219-306	0	6	1	1	0	9	5	4	0	88
ANID_10188T0_37-219_1GKY:A:	1	9	1	7	0	19	8	10	0	186
ANID_01394T0_17-276_1H65:A:	3	11	4	7	0	28	14	12	0	269
ANID_01393T0_61-117_2ZJR:Z:2-59	3	2	0	1	0	11	4	5	0	58
ANID_01390T0_3-70_1CC8:A:	0	4	0	2	0	5	4	3	0	72
ANID_00705T0_2-192,393-646_1ILE:A:1-197,A:387-641	12	19	3	20	0	43	24	22	1	452
ANID_00705T0_193-393_1FFY:A:201-394	6	3	3	4	0	27	16	12	0	194
ANID_00705T0_653-909_1ILE:A:642-821	0	0	1	7	0	10	11	15	0	180
ANID_00701T0_110-304_1PSD:A:108-295	4	7	2	6	0	25	15	12	0	188
ANID_00701T0_29-143_1YGY:A:3-98,A:283-316	4	5	2	4	0	19	10	9	1	130
ANID_00699T0_106-387_1H4L:A:	2	11	6	8	0	33	20	12	0	286
ANID_00698T0_478-556_1OV3:A:150-214	3	5	1	0	0	9	4	3	0	59
ANID_00695T0_74-193_2ALE:A:1-126	1	4	1	5	0	12	6	9	0	126
ANID_00689T0_15-60_1D66:A:8-48	0	0	0	2	0	4	1	2	0	41
ANID_00688T0_7-329_1TRK:A:3-337	2	7	3	13	0	32	17	26	0	335
ANID_00688T0_338-533_1TRK:A:338-534	2	8	4	7	0	26	13	13	0	197
ANID_00688T0_537-670_1TRK:A:535-680	0	5	1	6	0	20	14	10	0	146
ANID_00687T0_9-291_2O07:A:16-300	1	12	2	10	0	26	14	16	0	285
ANID_00686T0_58-193_1WIN:A:	0	6	0	5	0	15	6	3	0	142
ANID_00681T0_58-389_1CS1:A:	8	12	2	13	0	42	23	28	0	384
ANID_00677T0_3-64_1WFE:A:	0	4	2	0	0	15	9	4	0	85
ANID_00676T0_2-245_1TUB:B:1-245	2	5	1	8	0	23	21	13	0	243
ANID_00676T0_246-441_1TUB:B:246-437	1	4	4	7	1	21	16	10	0	184
ANID_00675T0_9-328_1GVE:A:	4	8	6	11	0	33	16	22	0	324
ANID_00673T0_146-382_1K8K:B:154-343	0	8	3	7	0	23	11	15	0	190
ANID_00673T0_5-153_1C0G:A:1-146	0	10	2	4	0	13	10	8	0	146
ANID_00672T0_3-173_1VPD:A:3-163	0	9	0	8	0	18	9	8	0	161
ANID_00672T0_182-306_1VPD:A:164-296	2	0	1	6	0	6	4	9	0	133
ANID_00671T0_105-155_1GD2:G:	0	0	0	1	0	3	1	0	0	69
ANID_00665T0_72-239_1W3B:A:	0	0	0	23	0	35	6	26	0	388
ANID_00664T0_534-697,730-894_1QAS:A:299-625	3	11	6	8	0	35	21	20	0	327
ANID_00664T0_384-532_1DJX:B:158-298	2	4	2	8	0	10	8	7	0	141
ANID_00664T0_224-340_1MAI:A:	0	7	2	3	0	13	8	5	0	119
ANID_00664T0_911-1066_1QAS:A:626-756	1	8	2	0	0	14	6	3	0	131
ANID_00662T0_8-349_1KRM:A:	2	7	5	15	0	35	23	20	0	349
ANID_01387T0_24-303_1ERJ:A:	2	30	1	1	0	43	24	22	0	388
ANID_10184T0_36-468_1AC5:A:	3	18	9	15	0	51	36	39	0	483
ANID_01380T0_14-150,185-395_1RQG:A:1-138,A:174-396	15	13	4	15	0	37	14	21	1	361
ANID_01380T0_400-570_1RQG:A:397-606	2	0	1	10	0	14	6	10	0	210
ANID_01380T0_151-185_1RQG:A:139-173	3	0	0	0	0	8	6	2	0	35
ANID_01379T0_31-331_1U4C:A:	4	27	2	2	0	38	21	15	0	340
ANID_01377T0_844-973_1XTE:A:	0	3	2	4	0	9	3	6	0	116
ANID_01377T0_415-561_1DK8:A:	0	0	0	10	0	9	6	10	0	147
ANID_09464T0_146-218_1B4Q:A:	2	4	1	5	0	11	6	8	0	105
ANID_09465T0_1-85_2CQL:A:1-87	0	6	0	1	0	8	5	4	0	87
ANID_01368T0_31-75_1CLD:A:	0	0	0	2	0	4	2	1	0	33
ANID_01367T0_392-512,563-798_1VYH:C:92-408	0	28	1	0	0	39	25	14	0	317
ANID_01366T0_464-705_1OZ4:A:471-763	2	0	3	7	0	31	24	19	0	292
ANID_01366T0_162-390_1E32:A:201-458	3	5	4	12	0	28	13	14	0	258
ANID_01364T0_22-188_1XOY:A:	1	11	1	2	0	25	20	10	0	160
ANID_01363T0_19-574_1UAA:A:2-307	4	8	4	13	0	27	16	15	0	306
ANID_01360T0_22-157_1WWZ:A:1-157	0	7	2	5	0	9	3	8	0	157
ANID_01359T0_24-112_1U2C:A:58-160	0	7	1	1	0	10	4	6	0	103
ANID_01359T0_132-225_1U2C:A:58-160	0	7	1	1	0	10	4	6	0	103
ANID_01359T0_330-403_1L3W:A:327-433	2	9	0	0	0	18	7	4	0	107
ANID_01357T0_151-282_1COZ:A:	1	5	2	5	0	12	6	10	0	126
ANID_01348T0_6-121_2QAM:N:1-120	2	3	1	5	0	12	7	10	0	120
ANID_01345T0_23-143_1FJG:L:	1	6	1	1	0	20	8	9	0	125
ANID_01344T0_23-109,192-426_1VB5:A:	3	12	4	9	0	31	10	13	0	274
ANID_01343T0_320-505_1TA0:A:	2	9	6	4	0	24	13	9	0	196
ANID_01342T0_9-379_2BKW:A:3-384	2	14	3	13	0	41	25	24	0	382
ANID_01341T0_4-187_1Z2W:A:1-182	3	11	0	3	0	22	13	11	0	182
ANID_01340T0_60-175_1P1T:A:	2	4	0	4	0	11	10	6	0	104
ANID_00654T0_79-353_2Q80:A:6-296	0	2	0	15	0	16	4	15	0	291
ANID_00644T0_80-140_1ZFD:A:	2	0	1	1	0	4	2	2	0	32
ANID_00643T0_57-157_1JID:A:	4	3	4	2	0	18	9	10	0	114
ANID_10106T0_57-157_1JID:A:	4	3	4	2	0	18	9	10	0	114
ANID_00637T0_250-367,421-475,754-793_1HV8:A:3-210	0	7	1	9	0	25	17	9	0	208
ANID_00637T0_449-535,656-797_1HV8:A:211-365	1	6	1	6	0	17	12	7	0	155
ANID_00636T0_1-391_2BIS:A:1-437	4	17	6	16	0	48	27	24	0	437
ANID_00634T0_17-114,175-266_1E0S:A:	2	7	5	6	0	13	5	14	0	173
ANID_00633T0_116-273_1Q1R:A:115-247	0	8	1	4	0	15	8	9	0	133
ANID_00632T0_186-363_1DVK:A:	2	0	3	6	0	12	6	9	0	169
ANID_00632T0_129-180_2DK4:A:8-70	0	0	0	2	0	11	7	2	0	63
ANID_00629T0_108-243_1TW9:A:78-206	0	0	1	6	0	7	6	5	0	129
ANID_00629T0_5-96_1R5A:A:2-86	0	4	1	3	0	11	4	6	0	85
ANID_00628T0_112-312_1DXY:A:101-299	2	7	2	9	0	23	13	13	0	199
ANID_00628T0_8-145_2DLD:A:1-103,A:301-337	6	4	1	4	0	22	8	9	1	140
ANID_00627T0_140-223_1VFY:A:	4	4	2	1	0	10	2	4	0	72
ANID_00626T0_32-245_1Q2Y:A:	0	8	3	3	0	10	7	8	0	140
ANID_00625T0_156-363,420-541_2B9E:A:133-425	1	13	5	9	0	30	15	22	0	293
ANID_00623T0_207-497,675-737_1KDG:A:215-512,A:694-755	11	11	11	9	0	49	29	28	1	360
ANID_00618T0_5-252_1XG5:A:	2	7	3	9	0	23	11	14	0	278
ANID_00617T0_16-307_1O5K:A:	0	10	4	12	0	25	12	16	0	305
ANID_01335T0_5-237,325-382_1LRW:A:	8	38	9	5	0	74	41	47	0	600
ANID_01330T0_150-431_2PTD:A:	4	10	3	8	0	35	23	17	0	296
ANID_01328T0_32-171_2GE3:A:6-169	0	7	2	4	0	13	5	8	0	164
ANID_01320T0_36-251_2HU7:A:322-581	1	8	2	10	0	27	14	15	0	260
ANID_01319T0_6-118_2ALE:A:1-126	1	4	1	5	0	12	6	9	0	126
ANID_01311T0_23-194,301-375_3C96:A:4-182,A:294-402	1	13	1	8	0	26	14	13	1	288
ANID_01310T0_54-221_1W1O:A:40-245	2	10	2	6	0	23	19	14	0	206
ANID_01302T0_21-317_2HJS:A:3-129,A:320-336	1	8	3	4	1	18	7	7	1	144
ANID_01301T0_117-335_1DMH:A:	5	16	0	7	0	41	16	24	0	309
ANID_10180T0_228-434_1JYS:A:	2	10	1	6	0	21	9	12	0	230
ANID_10172T0_9-291_1OKC:A:	0	0	6	11	0	19	10	9	0	292
ANID_01298T0_288-321,373-410_1AN4:A:	0	0	0	2	0	4	3	3	0	64
ANID_01294T0_1-207_1GZ7:A:	9	15	8	19	0	65	41	38	0	534
ANID_01293T0_170-238_2F66:C:142-206	0	0	0	2	0	3	1	2	0	65
ANID_00614T0_41-481_1PW4:A:	2	0	1	18	0	21	18	22	0	450
ANID_00613T0_135-396_1BQG:A:144-422	12	10	2	9	0	37	20	16	0	279
ANID_00613T0_2-135_1BQG:A:12-143	4	5	2	4	0	8	3	7	0	132
ANID_00610T0_6-335_1EXB:A:	4	10	6	13	1	24	21	17	0	326
ANID_00608T0_220-417_1YK3:A:10-207	4	7	3	7	0	19	7	11	0	198
ANID_00607T0_282-827_1AMU:A:	4	26	5	15	0	55	36	34	0	514
ANID_00607T0_2522-3051_1AMU:A:	4	26	5	15	0	55	36	34	0	514
ANID_00607T0_1386-1919_1AMU:A:	4	26	5	15	0	55	36	34	0	514
ANID_00607T0_3898-4147_1L5A:A:175-424	4	7	2	7	0	24	11	13	0	250
ANID_00607T0_3359-3597_1L5A:A:175-424	4	7	2	7	0	24	11	13	0	250
ANID_00607T0_1128-1367_1B5S:A:	2	9	4	6	0	29	13	11	0	242
ANID_00607T0_2242-2498_1B5S:A:	2	9	4	6	0	29	13	11	0	242
ANID_00607T0_3722-3911_1Q9J:A:1-175	1	7	2	4	0	16	9	4	0	175
ANID_00607T0_3179-3374_1Q9J:A:1-175	1	7	2	4	0	16	9	4	0	175
ANID_00607T0_4293-4490_1Q9J:A:1-175	1	7	2	4	0	16	9	4	0	175
ANID_00607T0_4481-4651,4712-4757_1L5A:A:175-424	4	7	2	7	0	24	11	13	0	250
ANID_00607T0_2058-2235_1Q9J:A:1-175	1	7	2	4	0	16	9	4	0	175
ANID_00607T0_971-1140_1Q9J:A:1-175	1	7	2	4	0	16	9	4	0	175
ANID_00607T0_3619-3691_1T8K:A:	2	0	1	4	0	8	0	6	0	77
ANID_00607T0_4179-4252_1KLP:A:	0	0	0	4	0	14	8	8	0	115
ANID_00607T0_1942-2025_1KLP:A:	0	0	0	4	0	14	8	8	0	115
ANID_00607T0_853-932_1T8K:A:	2	0	1	4	0	8	0	6	0	77
ANID_00607T0_3071-3141_1DV5:A:	0	0	0	3	0	7	8	6	0	80
ANID_00604T0_179-340_1QTW:A:	4	9	5	9	0	34	16	15	0	285
ANID_00602T0_61-140,300-326_1W8O:A:47-402	3	26	2	1	0	50	35	23	0	356
ANID_00599T0_16-197_1E3J:A:4-142,A:313-351	5	12	4	3	0	23	8	10	1	178
ANID_00599T0_161-331_1PL7:A:146-316	0	6	0	7	0	22	14	8	0	171
ANID_00596T0_255-369,505-572,599-648,740-761,824-859_1FLG:A:	8	40	6	3	0	86	43	41	0	582
ANID_00595T0_250-535_1AMO:A:243-518	5	10	2	8	0	39	20	12	0	276
ANID_00595T0_534-694_1AMO:A:519-678	0	5	1	6	0	9	6	11	0	160
ANID_00595T0_64-233_1JA1:A:63-239	0	7	4	5	0	17	7	9	0	177
ANID_00594T0_838-891,1188-1243,1513-1545,1790-2007,2059-2087,2142-2223_1U6G:C:	0	2	14	60	0	74	56	65	0	1207
ANID_00593T0_230-359_3CUM:A:163-296	2	0	2	6	0	8	7	11	0	134
ANID_00593T0_47-229_3CUM:A:1-162	0	9	0	8	0	19	11	8	0	162
ANID_00591T0_70-237_1SUR:A:	2	6	2	9	0	21	10	13	0	215
ANID_00590T0_33-92_1HDJ:A:	0	0	1	4	0	9	2	7	0	76
ANID_00585T0_180-214_1ZME:C:31-66	0	0	0	2	0	4	1	2	0	36
ANID_00582T0_39-176_1QUQ:A:	0	9	0	2	0	13	5	5	0	127
ANID_00582T0_213-277_1DPU:A:	0	3	0	3	0	6	6	4	0	69
ANID_00579T0_58-251_1HX3:A:	3	12	1	5	0	25	8	10	0	176
ANID_00573T0_754-915_1FKM:A:249-442	2	0	8	8	0	13	13	10	0	194
ANID_00573T0_895-1054_1FKM:A:443-630	0	0	1	8	0	10	3	8	0	188
ANID_00571T0_166-230_1SFC:A:	0	0	0	1	0	2	1	1	0	95
ANID_00571T0_27-159_1IFQ:A:	0	5	1	3	0	8	4	9	0	137
ANID_00568T0_19-61_1ZME:C:31-66	0	0	0	2	0	4	1	2	0	36
ANID_01288T0_562-663_2CQK:A:43-130	0	3	0	6	0	9	7	2	0	88
ANID_01287T0_120-254_1WIN:A:	0	6	0	5	0	15	6	3	0	142
ANID_01286T0_40-371_1ERJ:A:	2	30	1	1	0	43	24	22	0	388
ANID_01286T0_719-841_1P22:A:253-545	0	28	0	1	0	35	23	13	0	293
ANID_10170T0_24-329_1NI3:A:11-306	0	7	3	11	0	29	19	15	0	296
ANID_10170T0_307-387_1NI3:A:307-388	2	5	0	4	0	11	4	6	0	82
ANID_10175T0_101-191_2CX1:A:91-183	0	6	1	3	0	7	4	5	0	93
ANID_01283T0_60-153,212-249,310-524_1ORV:A:39-508	12	36	3	4	0	53	35	31	0	470
ANID_01282T0_103-205_1ELW:A:	0	0	0	7	0	11	0	7	0	117
ANID_01282T0_271-310_1PVE:A:	0	0	3	4	0	8	3	8	0	71
ANID_01281T0_319-507_2FXT:A:234-425	3	8	0	7	0	18	6	11	0	192
ANID_01276T0_15-209,241-460_1PV7:A:	0	0	2	22	0	18	12	14	0	417
ANID_01274T0_8-289_1AH4:A:	10	10	7	10	0	47	22	21	0	315
ANID_01272T0_16-208_1JWH:C:	12	0	4	7	0	25	19	17	0	200
ANID_01271T0_4-295_1VKH:A:	0	7	6	9	0	28	7	18	0	272
ANID_01267T0_234-314_1CG7:A:	0	0	0	6	0	6	4	8	0	93
ANID_01267T0_147-228_1AAB:A:	0	0	0	3	0	7	4	6	0	83
ANID_10169T0_6-292_1EDO:A:	2	7	2	10	0	24	12	13	0	244
ANID_01263T0_6-193,356-449_1A7A:A:2-189,A:353-432	1	9	4	11	0	30	15	14	1	268
ANID_01263T0_194-355_1B3R:A:190-352	3	8	1	7	0	16	12	10	0	163
ANID_01262T0_24-70,108-318_2A1X:A:43-338	5	15	4	5	0	35	14	11	0	296
ANID_01260T0_47-293_2OZB:B:85-333	0	0	3	11	0	15	11	14	0	249
ANID_01259T0_62-533_2OOE:A:21-549	2	0	2	28	0	36	16	28	0	529
ANID_01259T0_507-620_2OOE:A:21-549	2	0	2	28	0	36	16	28	0	529
ANID_01258T0_4-179_1K3I:A:151-537	9	30	6	0	0	59	29	25	0	387
ANID_01257T0_16-151,191-321_1LL2:A:	1	11	7	10	0	24	19	16	0	263
ANID_01254T0_158-201_1U86:A:3-35	0	2	0	1	0	5	2	2	0	33
ANID_01254T0_106-136_2GLI:A:103-134	3	0	0	1	0	6	3	2	0	32
ANID_01251T0_163-209_2EPQ:A:380-411	0	2	0	1	0	4	3	1	0	32
ANID_01249T0_152-214_1UZC:A:	0	0	1	3	0	6	5	3	0	69
ANID_01249T0_227-288_2DOE:A:784-853	0	0	0	4	0	6	3	4	0	70
ANID_01249T0_366-436_2DOE:A:784-853	0	0	0	4	0	6	3	4	0	70
ANID_01249T0_509-572_2DOE:A:784-853	0	0	0	4	0	6	3	4	0	70
ANID_01249T0_13-47_1YWI:A:15-42	0	3	0	0	0	2	1	2	0	28
ANID_01249T0_288-360_2DOF:A:888-959	0	0	0	4	0	5	5	3	0	72
ANID_01249T0_42-82_1ZR7:A:12-39	0	3	0	0	0	2	1	3	0	28
ANID_01243T0_94-537_1PV7:A:	0	0	2	22	0	18	12	14	0	417
ANID_00564T0_15-446_1QFX:A:	8	8	10	12	0	46	32	24	0	447
ANID_00563T0_58-265,294-383_1JJI:A:	0	8	5	11	0	21	17	19	0	311
ANID_00562T0_17-529_1V25:A:	8	24	4	16	0	59	31	33	0	534
ANID_00561T0_358-481,552-613_1OXS:C:1-242	0	11	6	8	0	23	18	13	0	242
ANID_00561T0_186-306_3DHW:C:1-240	3	10	1	7	0	21	17	12	0	240
ANID_00559T0_71-160_1OM2:A:	0	0	0	5	0	7	6	2	0	95
ANID_00558T0_25-323_1DP0:A:334-625	10	12	2	7	0	41	19	22	0	292
ANID_00557T0_93-187_1FS1:A:109-149	0	0	2	3	0	6	2	3	0	41
ANID_00557T0_674-804_1LRW:A:	8	38	9	5	0	74	41	47	0	600
ANID_00550T0_237-519_1H80:A:	9	29	2	5	0	61	31	22	0	464
ANID_00550T0_594-774,802-841,868-904_1RMG:A:	8	23	1	3	0	46	35	15	0	422
ANID_00550T0_1165-1212_1Y7M:A:1-48	0	2	0	1	1	9	3	6	0	48
ANID_00547T0_44-371_1PV7:A:	0	0	2	22	0	18	12	14	0	417
ANID_00542T0_340-388_1Y7M:A:1-48	0	2	0	1	1	9	3	6	0	48
ANID_00542T0_421-469_1Y7M:A:1-48	0	2	0	1	1	9	3	6	0	48
ANID_00529T0_8-247_1N1M:A:509-764	1	8	3	8	0	23	16	15	0	256
ANID_00528T0_19-416_1PW4:A:	2	0	1	18	0	21	18	22	0	450
ANID_00527T0_7-103_1MWQ:A:	0	4	1	4	0	10	2	5	0	100
ANID_00526T0_7-323_1W9Y:A:2-308	1	12	5	7	0	27	12	12	0	307
ANID_10173T0_172-534_1M8Z:A:	0	2	4	27	0	17	16	26	0	339
ANID_01226T0_108-404_1YC5:A:1-245	5	10	5	9	0	28	13	15	0	245
ANID_01225T0_38-141_2BYK:B:11-99	0	1	0	4	0	8	3	5	0	89
ANID_01222T0_245-386_1QM4:A:253-396	1	3	1	4	0	20	15	11	0	144
ANID_01222T0_120-244_1QM4:A:129-252	0	4	0	2	0	11	11	7	0	124
ANID_01222T0_11-116_2P02:A:38-147	0	6	1	3	0	9	3	7	0	110
ANID_01218T0_98-276,317-353_1QHF:A:	6	6	5	7	0	30	17	17	0	240
ANID_01216T0_16-217_1TE2:A:	3	6	5	8	0	24	11	12	0	218
ANID_01215T0_192-378_1PUJ:A:	2	6	3	10	0	26	16	16	0	273
ANID_01211T0_6-477_1HO8:A:	0	0	3	27	0	26	24	17	0	477
ANID_01209T0_9-228_1IXV:A:	0	0	3	13	0	29	11	19	0	230
ANID_01207T0_335-584_1Y63:A:	0	5	2	7	0	14	11	7	0	174
ANID_01207T0_656-790_1FNN:A:277-388	0	3	0	5	0	9	4	3	0	112
ANID_01205T0_26-156_1FXK:C:	0	4	0	2	0	5	1	6	0	133
ANID_01203T0_58-211_1VLM:A:	2	8	2	8	0	22	11	13	0	218
ANID_01202T0_6-126_1F3Y:A:	3	7	4	4	0	22	11	3	0	165
ANID_01200T0_364-379,438-568,601-721_1G3J:A:	2	0	4	35	0	31	15	35	0	531
ANID_01198T0_76-376_1VLO:A:4-277	5	13	5	9	0	25	12	21	0	274
ANID_01198T0_384-476_1V5V:A:313-401	0	6	1	0	0	10	6	7	0	89
ANID_01195T0_1-388_1U7L:A:	5	8	7	8	0	30	17	18	0	388
ANID_00525T0_5-248_1YO6:A:1-250	2	8	5	8	0	24	10	16	0	250
ANID_00524T0_8-244_1OAA:A:	4	7	2	9	0	26	15	14	0	259
ANID_00523T0_387-752_1TQY:A:219-423	5	7	2	5	0	21	7	8	0	166
ANID_00523T0_915-1040,1116-1211_1MLA:A:3-127,A:198-307	2	5	1	12	0	22	14	13	1	235
ANID_00523T0_2092-2400_1SB8:A:	3	13	2	14	0	34	16	17	0	341
ANID_00523T0_1649-1725_1KLP:A:	0	0	0	4	0	14	8	8	0	115
ANID_00523T0_1881-2030_2GH1:A:13-293	0	10	2	12	0	27	11	18	0	281
ANID_00523T0_1041-1103_1MLA:A:128-197	0	4	0	2	0	6	5	4	0	70
ANID_00520T0_30-140_1DIQ:A:7-242	4	11	2	6	0	33	17	19	0	236
ANID_00517T0_141-364,438-473_1LG2:A:22-266,A:335-386	1	9	6	9	0	32	20	17	1	297
ANID_00517T0_364-437_1E9L:A:267-336	1	6	0	1	0	7	3	6	0	70
ANID_00517T0_88-119_1WGT:A:87-129	6	2	1	1	0	8	4	4	0	43
ANID_10085T0_84-141_3CLA:A:	0	10	1	5	0	19	12	14	0	213
ANID_00511T0_210-258_1E0G:A:	0	2	1	2	0	8	1	3	0	48
ANID_00511T0_147-196_1E0G:A:	0	2	1	2	0	8	1	3	0	48
ANID_00509T0_505-753,843-874_1D2K:A:36-292,A:355-427	3	9	7	12	0	40	28	19	1	330
ANID_00509T0_753-842_1LG2:A:267-334	1	6	0	1	0	8	3	7	0	68
ANID_00509T0_453-481_1WGT:A:87-129	6	2	1	1	0	8	4	4	0	43
ANID_00504T0_20-83,160-380_2NYM:C:2-294	4	13	0	11	0	29	23	16	0	293
ANID_10096T0_55-129,177-202_2FML:A:3-204	1	9	1	4	0	16	9	13	0	202
ANID_00502T0_122-304_1JA1:A:63-239	0	7	4	5	0	17	7	9	0	177
ANID_00502T0_448-709_1TV8:A:	4	11	4	10	0	39	20	20	0	327
ANID_00499T0_24-88_1DQC:A:	0	5	1	0	0	11	8	5	0	73
ANID_00498T0_76-290,320-527_1PW4:A:	2	0	1	18	0	21	18	22	0	450
ANID_00495T0_94-289_1MEO:A:	0	9	1	6	0	19	15	11	0	208
ANID_00495T0_3-90_1ZPV:A:1-83	0	4	1	2	0	4	2	5	0	83
ANID_00490T0_1-270_2VO1:A:1-273	0	7	4	8	0	19	11	7	0	273
ANID_00490T0_304-558_1VCO:A:298-547	4	12	3	7	0	21	13	17	0	250
ANID_10098T0_121-292_1PQW:A:	0	7	2	7	0	15	7	13	0	183
ANID_10098T0_24-127,168-175_1PL7:A:1-145,A:317-356	1	14	4	3	0	22	9	12	1	185
ANID_00486T0_96-129_2ADR:A:131-161	0	2	0	1	0	4	4	2	0	31
ANID_00485T0_187-359_1AUA:A:97-299	2	5	7	8	0	23	12	12	0	203
ANID_00485T0_6-39,120-155_1AUA:A:4-96	0	0	1	5	0	8	5	8	0	93
ANID_00482T0_633-799_1GS0:A:341-557	2	13	6	4	0	27	18	10	0	217
ANID_00482T0_949-1085_1ZUO:A:201-362	2	6	2	5	0	15	10	11	0	162
ANID_01191T0_3-92_1EUV:B:	1	5	1	1	0	9	3	7	0	79
ANID_01189T0_277-380,495-602,995-1216_1SU4:A:1-124,A:240-343,A:751-994	1	1	8	18	0	32	20	22	2	472
ANID_01189T0_606-626,787-1052_1SU4:A:344-360,A:600-750	3	8	1	8	0	16	12	11	1	168
ANID_01189T0_615-847_1MO7:A:	2	9	0	5	0	32	19	9	0	213
ANID_01189T0_381-492_1SU4:A:125-239	2	9	3	0	0	21	10	7	0	115
ANID_01188T0_260-345_2DIT:A:8-106	0	6	1	3	0	13	9	6	0	99
ANID_01188T0_102-209_2CPE:A:353-453	6	6	0	2	0	15	8	6	0	101
ANID_01185T0_32-464_1PV7:A:	0	0	2	22	0	18	12	14	0	417
ANID_01184T0_78-385_2R8C:A:58-368	4	11	2	13	0	35	18	21	0	310
ANID_01184T0_17-78,385-428_3BE7:A:3-56,A:360-400	1	8	1	0	0	10	5	6	1	93
ANID_01181T0_26-415_1U7G:A:	2	2	6	15	0	21	14	16	0	383
ANID_01177T0_22-480,554-578_1GW5:B:	0	0	4	32	0	42	43	37	0	579
ANID_01176T0_132-322,373-488_2QV7:A:1-312	2	15	3	6	0	32	21	19	0	312
ANID_01173T0_270-347_1NDD:A:	2	5	2	1	0	10	2	6	0	74
ANID_01168T0_340-402,478-579,653-719_1ORQ:C:	0	0	0	9	0	12	9	11	0	223
ANID_01168T0_754-986_1ORQ:C:	0	0	0	9	0	12	9	11	0	223
ANID_01168T0_1181-1347,1384-1462_1LNQ:A:19-98	0	0	0	5	0	5	7	8	0	80
ANID_01168T0_1514-1758_1P7B:A:36-151	0	1	0	4	0	7	7	4	0	116
ANID_01168T0_1762-1806_1SW8:A:	0	2	0	4	0	8	4	1	0	79
ANID_01166T0_47-143_2JOY:A:1-96	0	5	0	2	0	15	8	4	0	96
ANID_01163T0_84-469_1QVR:A:149-535	0	8	0	16	0	30	17	16	0	387
ANID_01163T0_470-779_1QVR:A:536-850	5	9	4	14	0	30	21	15	0	315
ANID_01162T0_140-228_1F60:B:	0	4	0	2	0	6	2	7	0	90
ANID_01162T0_10-63_1JLV:A:85-207	0	0	1	6	0	6	6	7	0	123
ANID_01158T0_715-1132_2VNU:D:495-910	9	13	6	13	0	41	21	20	0	416
ANID_01158T0_429-520,559-602_2VNU:D:252-399	5	5	1	2	0	14	5	5	0	148
ANID_01158T0_594-613,649-727_2VNU:D:400-494	0	5	2	1	0	12	7	6	0	95
ANID_10150T0_27-302_1GHS:A:	3	12	6	10	0	35	17	17	0	306
ANID_01154T0_28-129_1O6U:A:275-398	0	8	1	1	0	14	7	4	0	124
ANID_01151T0_3-360_1JOF:A:	3	28	1	0	0	39	21	26	0	365
ANID_01150T0_63-473_1VEF:A:9-395	3	17	2	15	0	38	24	27	0	387
ANID_00481T0_292-535_1W3B:A:	0	0	0	23	0	35	6	26	0	388
ANID_10093T0_4-95,127-257_1SU1:A:	4	11	1	3	0	23	10	12	0	184
ANID_00474T0_14-55,94-263_1BD3:A:	2	12	3	7	0	27	10	12	0	224
ANID_00470T0_194-357_2QAL:G:2-151	0	2	0	6	0	12	8	4	0	150
ANID_00460T0_233-417,465-496_2OVR:B:2365-2706	0	32	2	1	0	36	24	21	0	342
ANID_00460T0_2-63_1FS1:A:109-149	0	0	2	3	0	6	2	3	0	41
ANID_00459T0_40-522_1TQN:A:	5	9	7	18	0	43	20	30	0	472
ANID_10080T0_283-496_1YK3:A:10-207	4	7	3	7	0	19	7	11	0	198
ANID_00453T0_74-173_1W98:B:88-227	1	0	2	6	0	12	5	6	0	140
ANID_00450T0_39-270_1WY5:A:1-216	0	6	1	10	0	20	9	10	0	216
ANID_00448T0_2-38_1X4S:A:8-53	0	4	1	1	0	8	3	3	0	46
ANID_00447T0_207-293_1VEH:A:	0	3	0	4	0	11	7	3	0	91
ANID_00447T0_89-187_1PQX:A:	1	4	0	2	0	12	10	5	0	90
ANID_00443T0_4-176_1RJW:A:1-137,A:306-339	5	11	3	3	0	24	12	10	1	171
ANID_00443T0_146-312_1E3J:A:143-312	0	6	0	8	0	21	14	9	0	170
ANID_00436T0_352-408_1JM7:A:	2	0	1	3	0	11	9	5	0	103
ANID_00435T0_62-126,162-185_1BUO:A:	0	3	1	6	0	11	5	4	0	121
ANID_01148T0_49-323_1QHW:A:	0	14	5	7	0	41	26	17	0	300
ANID_01147T0_59-117,202-289_1O9D:A:	0	0	0	10	0	12	5	8	0	236
ANID_10155T0_109-307_2QFI:A:5-208	2	0	7	7	0	14	20	21	0	204
ANID_10155T0_311-387_2QFI:A:209-290	4	0	1	2	0	13	9	6	0	82
ANID_01145T0_15-252_1PV7:A:	0	0	2	22	0	18	12	14	0	417
ANID_01145T0_248-498_1PW4:A:	2	0	1	18	0	21	18	22	0	450
ANID_01143T0_521-560_1WD2:A:	0	0	2	0	0	10	10	2	0	59
ANID_01142T0_124-309_1W1O:A:40-245	2	10	2	6	0	23	19	14	0	206
ANID_01132T0_678-874_1NVT:A:111-287	0	6	0	7	0	21	11	9	0	177
ANID_01132T0_556-650_1NVT:A:1-110	0	6	2	3	0	12	4	8	0	105
ANID_01132T0_315-525_1SFL:A:	5	8	4	8	0	23	11	13	0	236
ANID_01132T0_92-215_1L4U:A:	0	5	2	8	0	16	11	7	0	165
ANID_01131T0_44-183_1SRD:A:	3	10	1	0	0	25	16	8	0	154
ANID_01126T0_14-178_1HUR:A:	2	7	2	6	0	19	13	14	0	180
ANID_01122T0_13-217_1DWU:A:	0	10	3	8	0	22	10	12	0	213
ANID_01114T0_161-235_1AM9:A:	0	0	0	2	0	4	1	1	0	80
ANID_01110T0_31-469_1PV7:A:	0	0	2	22	0	18	12	14	0	417
ANID_01104T0_42-248_1HR6:A:14-233	3	6	5	7	0	22	11	9	0	220
ANID_01104T0_344-542_1HR6:A:234-470	0	6	2	8	0	22	12	12	0	237
ANID_01103T0_26-665_1PG4:A:	11	30	5	21	0	71	40	44	0	643
ANID_10103T0_88-172_1J3D:A:	0	0	0	3	0	5	3	5	0	78
ANID_00428T0_183-518_1BBU:A:161-502	3	13	4	11	0	30	17	16	0	342
ANID_00427T0_27-239,267-361_1W9Y:A:2-308	1	12	5	7	0	27	12	12	0	307
ANID_10078T0_547-730_1JJ7:A:	4	10	3	10	0	29	19	15	0	251
ANID_10078T0_168-409_3B60:A:10-328	0	0	1	11	0	6	9	9	0	319
ANID_00414T0_553-878_1DXX:A:9-119	0	0	0	5	0	7	4	6	0	111
ANID_00409T0_207-253,394-537_1FO1:A:203-362	0	7	4	5	0	18	7	12	0	160
ANID_00407T0_155-209,250-325_1ELW:A:	0	0	0	7	0	11	0	7	0	117
ANID_00407T0_459-565,862-912_1W3B:A:	0	0	0	23	0	35	6	26	0	388
ANID_00404T0_1078-1314_2HYD:A:324-578	2	10	5	9	0	25	21	16	0	255
ANID_00404T0_369-468,528-662_3B60:A:329-581	4	10	2	9	0	24	18	16	0	253
ANID_00404T0_723-1036_1PF4:A:10-320	0	0	9	16	0	12	11	14	0	310
ANID_00404T0_35-355_3B60:A:10-328	0	0	1	11	0	6	9	9	0	319
ANID_00399T0_32-234,289-495_1PW4:A:	2	0	1	18	0	21	18	22	0	450
ANID_00396T0_189-218,255-297_1HLO:A:	0	0	1	4	0	4	2	2	0	80
ANID_00395T0_35-319_8PRK:A:	5	20	5	3	0	34	16	25	0	282
ANID_00394T0_7-334_1EBD:A:155-271	1	8	0	3	0	9	8	7	0	117
ANID_00393T0_43-291_1KS8:A:	12	3	3	18	0	47	26	25	0	432
ANID_01097T0_315-634_1JKS:A:	7	9	4	9	0	33	20	13	0	293
ANID_01096T0_193-287_2CCH:B:181-308	0	0	1	6	0	9	3	5	0	128
ANID_01095T0_44-161_2ZJR:I:4-144	0	3	1	3	0	17	14	4	0	141
ANID_01094T0_104-320_1EBD:A:155-271	1	8	0	3	0	9	8	7	0	117
ANID_01094T0_264-445_1XHC:A:1-103,A:226-289	4	11	2	5	0	18	13	9	1	165
ANID_01092T0_25-185,212-305_1TE5:A:	4	16	1	3	0	30	19	6	0	253
ANID_01089T0_212-291,351-423_1G4M:A:5-175	1	10	2	2	0	21	12	8	0	171
ANID_01088T0_7-111_2FTR:A:4-106	2	4	1	4	0	6	5	5	0	103
ANID_10146T0_152-325_1R61:A:	2	12	4	3	0	32	14	14	0	205
ANID_01084T0_49-268_1D2E:A:55-250	1	8	1	7	0	19	13	10	0	196
ANID_01084T0_344-438_1EXM:A:313-405	2	6	1	0	0	12	1	7	0	93
ANID_01084T0_247-341_1EXM:A:213-312	1	10	0	0	0	12	7	9	0	100
ANID_01078T0_5-246_1HNU:A:	3	9	2	11	0	23	8	13	0	263
ANID_01076T0_157-367_2QFI:A:5-208	2	0	7	7	0	14	20	21	0	204
ANID_01075T0_736-806_1IYM:A:	0	2	0	1	0	11	6	4	0	54
ANID_01074T0_51-172_1ONL:A:	3	9	1	4	0	17	7	8	0	127
ANID_10161T0_2-100_2J5A:A:3-108	0	4	1	2	0	11	6	4	0	106
ANID_01073T0_108-298,350-570_1PV7:A:	0	0	2	22	0	18	12	14	0	417
ANID_01071T0_9-151,222-309_1JYS:A:	2	10	1	6	0	21	9	12	0	230
ANID_01071T0_322-563_1JBK:A:	0	6	2	10	0	18	8	13	0	194
ANID_01071T0_926-1036_1W3B:A:	0	0	0	23	0	35	6	26	0	388
ANID_01071T0_1051-1166_1W3B:A:	0	0	0	23	0	35	6	26	0	388
ANID_01071T0_798-910_1W3B:A:	0	0	0	23	0	35	6	26	0	388
ANID_01071T0_724-826_1W3B:A:	0	0	0	23	0	35	6	26	0	388
ANID_01068T0_6-171_1R3D:A:	2	7	3	11	0	24	13	15	0	263
ANID_01067T0_7-100_2OMO:A:1-98	2	4	2	3	0	4	7	4	0	98
ANID_00388T0_24-72_1PYI:A:30-71	0	2	0	2	0	6	1	3	0	42
ANID_00387T0_288-563_1DNP:A:201-469	0	0	5	14	0	25	15	19	0	269
ANID_00387T0_77-249_1DNP:A:1-200	0	5	0	6	0	18	13	11	0	200
ANID_00385T0_6-356_1EKF:A:	6	19	3	7	0	43	24	20	0	365
ANID_00382T0_46-420_1PW4:A:	2	0	1	18	0	21	18	22	0	450
ANID_00380T0_480-628_2A2N:A:483-646	6	8	1	2	0	24	12	11	0	164
ANID_00380T0_67-310,345-382_1GXR:A:	2	31	0	0	0	37	29	20	0	336
ANID_00377T0_8-322_1GVE:A:	4	8	6	11	0	33	16	22	0	324
ANID_10062T0_36-476_1PV7:A:	0	0	2	22	0	18	12	14	0	417
ANID_00374T0_287-508,553-577_1PW4:A:	2	0	1	18	0	21	18	22	0	450
ANID_00374T0_62-303_1PV7:A:	0	0	2	22	0	18	12	14	0	417
ANID_10074T0_19-546_1LCI:A:	7	27	4	15	0	64	28	38	0	541
ANID_00369T0_84-354,429-457_1B6A:A:110-374,A:449-478	7	13	1	6	0	31	14	17	1	295
ANID_00369T0_354-428_1B6A:A:375-448	0	5	0	3	0	8	5	4	0	74
ANID_10058T0_146-332,372-517_1VYH:C:92-408	0	28	1	0	0	39	25	14	0	317
ANID_00360T0_191-278_1UHR:A:	1	5	1	4	0	12	8	5	0	92
ANID_00360T0_12-57_1Q1V:A:	0	0	1	3	0	7	5	1	0	69
ANID_10061T0_21-88_2OVR:B:2263-2364	0	0	0	6	0	9	7	5	0	102
ANID_00357T0_76-267_1EZV:D:62-260	4	4	2	6	0	22	12	20	0	199
ANID_00357T0_268-312_1EZV:D:261-306	0	1	0	1	0	2	0	2	0	46
ANID_00354T0_20-366_1HFB:A:	7	11	3	10	0	34	18	19	0	347
ANID_10060T0_1072-1186,1252-1534_1LF6:A:288-684	15	6	5	13	0	47	32	24	0	397
ANID_10060T0_135-264,482-720_1JI1:A:123-554	7	18	8	14	0	53	32	38	0	432
ANID_00349T0_75-112,196-308,340-401,451-562_1UM8:A:	0	10	5	15	0	31	13	21	0	364
ANID_00348T0_18-80_1G6Z:A:	0	3	1	1	0	12	8	3	0	69
ANID_01058T0_148-305_1QNX:A:	2	5	4	5	0	25	15	9	0	208
ANID_01057T0_204-581_1TF4:A:1-460	16	3	5	16	0	54	31	25	0	460
ANID_01057T0_21-146_1SEN:A:	2	3	3	4	0	20	11	12	0	135
ANID_01056T0_39-328_1ERJ:A:	2	30	1	1	0	43	24	22	0	388
ANID_01055T0_6-83_2FB7:A:16-95	0	5	0	0	0	11	11	3	0	80
ANID_01050T0_24-287_1AFW:A:25-293	6	8	5	10	0	29	16	16	0	269
ANID_01050T0_294-412_1AFW:A:294-417	3	4	3	4	0	12	4	7	0	124
ANID_01049T0_4-56_1WXV:A:7-87	2	5	0	2	0	8	6	4	0	79
ANID_01047T0_194-381_1HJO:A:189-382	1	6	2	6	0	13	8	10	0	194
ANID_01047T0_1-183_1HJO:A:3-188	0	12	2	6	0	18	6	12	0	186
ANID_01047T0_560-652_1UD0:A:	0	0	1	3	0	3	3	4	0	112
ANID_01047T0_385-496,534-585_1CKR:A:	1	10	0	2	0	15	14	9	0	159
ANID_01043T0_34-193_1YRZ:A:1004-1320	6	25	0	0	0	45	27	21	0	317
ANID_01039T0_793-925_1TTU:A:542-660	2	9	2	1	0	13	4	7	0	119
ANID_01039T0_993-1076_1IHB:A:	0	0	0	10	0	20	7	16	0	156
ANID_01036T0_9-357_2IX4:A:301-461	2	7	2	5	0	21	9	9	0	161
ANID_01036T0_530-660,733-857_1MLA:A:3-127,A:198-307	2	5	1	12	0	22	14	13	1	235
ANID_01036T0_2144-2356_2FR1:A:1657-1915	2	9	2	10	0	25	12	17	0	259
ANID_01036T0_1920-2071_1PQW:A:	0	7	2	7	0	15	7	13	0	183
ANID_01036T0_1422-1615_2AVN:A:1-246	2	10	3	10	0	28	12	9	0	246
ANID_01036T0_1846-1948_1QOR:A:2-112,A:292-327	4	9	4	2	0	19	11	6	1	147
ANID_01036T0_665-731_1MLA:A:128-197	0	4	0	2	0	6	5	4	0	70
ANID_01036T0_1733-1825_2CVO:A:68-218,A:384-415	1	6	3	7	0	25	17	9	1	183
ANID_01036T0_2442-2511_2PNG:A:1-76	0	0	1	5	0	12	9	8	0	89
ANID_01035T0_40-225_1HSK:A:15-208	4	14	3	6	0	20	9	15	0	194
ANID_01033T0_12-188,299-395_3C96:A:4-182,A:294-402	1	13	1	8	0	26	14	13	1	288
ANID_01033T0_197-292_2VOU:A:164-291	3	6	1	4	0	14	7	8	0	128
ANID_01032T0_19-193,220-270_1AUO:A:	0	11	2	6	0	25	9	13	0	218
ANID_01030T0_26-209_1LLU:A:2-143,A:310-342	5	11	2	3	0	26	13	11	1	175
ANID_01030T0_148-323_1O89:A:116-292	0	6	3	7	0	15	11	6	0	177
ANID_00347T0_5-179_2F9L:A:8-182	0	6	2	6	0	17	10	12	0	175
ANID_00346T0_29-345_1OKC:A:	0	0	6	11	0	19	10	9	0	292
ANID_10055T0_66-292_2CXH:A:13-192	2	9	0	4	0	15	9	8	0	180
ANID_10054T0_3-303_1TYY:A:	0	14	8	9	0	31	15	11	0	304
ANID_00339T0_329-546_1A4Y:A:	2	17	3	16	0	56	24	32	0	460
ANID_00337T0_4-326_1NW1:A:	0	14	8	13	0	38	16	17	0	395
ANID_00332T0_73-510_1PW4:A:	2	0	1	18	0	21	18	22	0	450
ANID_00330T0_36-431_1Z41:A:2-338	1	12	4	10	0	34	24	18	0	337
ANID_00328T0_378-441_1GYF:A:	2	4	1	1	0	9	7	2	0	62
ANID_00327T0_43-428_1LV7:A:	2	6	3	10	0	31	17	18	0	256
ANID_00325T0_29-293_1EVQ:A:	0	8	4	9	0	28	16	23	0	308
ANID_00323T0_45-172,210-284_1A8Q:A:	2	8	2	9	0	27	18	20	0	274
ANID_00322T0_12-289_2GDZ:A:3-256	2	8	5	10	0	22	10	12	0	254
ANID_00321T0_96-1217_1I50:B:	18	49	14	26	0	125	63	65	0	1207
ANID_10072T0_8-196_1GKY:A:	1	9	1	7	0	19	8	10	0	186
ANID_00319T0_283-514_1VYH:C:92-408	0	28	1	0	0	39	25	14	0	317
ANID_00318T0_62-165,263-356,667-856_1SU4:A:1-124,A:240-343,A:751-994	1	1	8	18	0	32	20	22	2	472
ANID_00318T0_359-414,453-667_1SU4:A:344-360,A:600-750	3	8	1	8	0	16	12	11	1	168
ANID_00318T0_166-262_1SU4:A:125-239	2	9	3	0	0	21	10	7	0	115
ANID_00317T0_271-369_1F8H:A:	2	0	1	4	0	12	7	5	0	95
ANID_00317T0_118-218_1F8H:A:	2	0	1	4	0	12	7	5	0	95
ANID_00317T0_9-90_1F8H:A:	2	0	1	4	0	12	7	5	0	95
ANID_00317T0_1205-1257_2DKL:A:8-79	0	0	0	3	0	6	3	4	0	72
ANID_00314T0_268-599_1EOV:A:205-557	7	11	2	13	0	32	18	22	0	353
ANID_00314T0_117-239_1EOV:A:71-204	0	6	2	1	0	14	6	5	0	134
ANID_00313T0_23-308_1EVQ:A:	0	8	4	9	0	28	16	23	0	308
ANID_00310T0_187-226,254-478_1P22:A:253-545	0	28	0	1	0	35	23	13	0	293
ANID_00307T0_206-341_1PGV:A:	2	5	0	7	0	21	9	7	0	167
ANID_00307T0_3-33_2OVR:B:2263-2364	0	0	0	6	0	9	7	5	0	102
ANID_00306T0_120-302_1K8K:D:121-284	0	5	2	5	0	11	8	10	0	164
ANID_00306T0_1-118_1K8K:D:1-120	0	5	2	5	0	11	6	8	0	120
ANID_00305T0_370-726_1XIP:A:	5	30	1	2	0	35	25	17	0	387
ANID_00305T0_74-228,266-312,422-535_2OVR:B:2365-2706	0	32	2	1	0	36	24	21	0	342
ANID_01023T0_6-98_1F8H:A:	2	0	1	4	0	12	7	5	0	95
ANID_01023T0_126-224_1C07:A:	0	2	0	4	0	11	7	6	0	95
ANID_01020T0_7-153_1J3Q:A:	5	14	1	2	0	28	8	11	0	187
ANID_01019T0_14-396_1LDJ:A:17-410	0	0	1	19	0	17	14	19	0	394
ANID_01019T0_399-675_1LDJ:A:411-686	3	7	3	9	0	24	12	13	0	276
ANID_01019T0_678-762_1LDJ:A:687-776	0	3	0	3	0	4	3	4	0	90
ANID_01016T0_35-60,178-353_1BOF:A:10-60,A:182-354	1	6	6	6	0	19	9	12	1	224
ANID_01016T0_64-185_1TAD:A:57-177	0	0	1	7	0	8	4	8	0	121
ANID_01015T0_38-875_1YGP:A:	4	22	12	36	0	72	38	38	0	876
ANID_01014T0_459-662_1JJ7:A:	4	10	3	10	0	29	19	15	0	251
ANID_01012T0_10-246_1VJ5:A:2-225	1	7	3	11	0	19	9	16	0	226
ANID_01009T0_3-113_1X8D:A:1-104	2	5	1	4	0	11	4	6	0	104
ANID_01003T0_46-385_1WPW:A:	1	12	3	11	0	30	15	18	0	336
ANID_00999T0_370-529_1KQ5:A:	5	12	1	0	0	18	14	4	0	156
ANID_00999T0_72-234,279-288_1S0P:A:	0	2	1	7	0	10	6	8	0	176
ANID_00997T0_79-181,257-301_1O0W:A:1-167	2	0	1	10	0	12	5	7	0	167
ANID_00997T0_306-380_2B7T:A:1-73	0	3	0	2	0	6	5	1	0	73
ANID_00995T0_99-266,478-706,1113-1224_1B3U:A:	0	0	8	44	0	40	26	36	0	588
ANID_00995T0_869-988_2F0C:A:17-62	2	4	0	1	0	9	5	1	0	46
ANID_10138T0_73-255_1MKP:A:	0	6	1	5	0	14	7	10	0	144
ANID_00993T0_34-460_1PW4:A:	2	0	1	18	0	21	18	22	0	450
ANID_00992T0_4-257_1HDO:A:	0	10	3	5	0	24	20	11	0	205
ANID_00991T0_11-443_1ZOD:A:3-433	2	20	0	15	0	44	14	32	0	431
ANID_00988T0_288-644_1HOW:A:	5	10	4	11	0	39	18	24	0	362
ANID_00987T0_28-69,109-184,212-256_2FSR:A:4-167	0	8	2	4	0	19	10	9	0	164
ANID_00984T0_50-79,233-400,488-542,587-670,709-731_1SZW:A:	6	14	7	8	0	36	21	14	0	341
ANID_00303T0_138-327_1Y5M:A:25-289	4	7	4	10	0	23	10	14	0	265
ANID_00302T0_516-676_1OUV:A:	0	0	0	15	0	18	7	15	0	272
ANID_00300T0_52-374_1HFK:A:	5	14	3	9	0	38	17	21	0	324
ANID_00299T0_30-270,328-364_1D2K:A:36-292,A:355-427	3	9	7	12	0	40	28	19	1	330
ANID_00299T0_262-319_1D2K:A:293-354	2	5	1	0	0	7	5	5	0	62
ANID_00297T0_3-200_2A5L:A:3-198	7	6	0	6	0	19	6	8	0	196
ANID_00294T0_211-373,447-504_1MNA:A:	0	9	2	10	0	29	20	14	0	281
ANID_09449T0_3-223_3B57:A:1-201	0	0	0	11	0	11	4	8	0	201
ANID_00281T0_325-431_1FKM:A:443-630	0	0	1	8	0	10	3	8	0	188
ANID_00281T0_149-218_1FKM:A:249-442	2	0	8	8	0	13	13	10	0	194
ANID_00279T0_5-101_1H88:C:89-143	0	0	0	3	0	6	5	5	0	55
ANID_10032T0_36-116_1E79:H:15-100	3	10	1	0	0	12	8	2	0	86
ANID_00273T0_381-440_1F2I:G:1093-1131	1	2	0	1	0	5	3	2	0	39
ANID_00272T0_9-353_1LPU:A:	1	9	10	13	0	32	15	13	0	327
ANID_00271T0_69-207_1Q5H:C:	3	12	0	1	0	23	8	7	0	146
ANID_00978T0_13-168,243-323,474-522_1MC3:A:	2	13	3	12	0	30	22	19	0	295
ANID_00972T0_3-55_1W3B:A:	0	0	0	23	0	35	6	26	0	388
ANID_00970T0_53-465_1PV7:A:	0	0	2	22	0	18	12	14	0	417
ANID_10131T0_8-346_1J79:A:	3	15	4	14	0	42	18	22	0	343
ANID_00956T0_42-298_1VHN:A:	0	9	3	14	0	31	18	15	0	317
ANID_10137T0_80-422_1L0Q:A:1-301	0	29	1	0	0	20	16	19	0	301
ANID_10130T0_39-80_3CTA:A:5-89	0	3	0	4	0	5	3	5	0	85
ANID_00952T0_2-390,443-504_2HPA:A:	4	6	5	13	0	38	21	16	0	342
ANID_00947T0_86-374_1TV8:A:	4	11	4	10	0	39	20	20	0	327
ANID_00947T0_531-685_1EKR:A:	1	4	2	4	0	11	5	6	0	146
ANID_00946T0_166-546,599-652,738-763_2NSZ:A:322-450	0	0	1	7	0	10	4	6	0	129
ANID_10129T0_25-122_2F6M:B:15-118	0	0	0	5	0	10	3	6	0	106
ANID_10129T0_152-243_2J9U:A:148-241	2	0	0	4	0	7	1	4	0	94
ANID_00942T0_29-190_1E3J:A:4-142,A:313-351	5	12	4	3	0	23	8	10	1	178
ANID_00942T0_155-336_1PL7:A:146-316	0	6	0	7	0	22	14	8	0	171
ANID_00936T0_59-364_1EVL:A:242-532	6	15	4	9	0	32	14	16	0	291
ANID_00936T0_365-470_1NYR:A:533-645	0	5	0	5	0	10	5	7	0	113
ANID_00262T0_1-86_1WIB:A:	1	3	0	2	0	10	7	4	0	91
ANID_00260T0_115-243,301-311_1ZT2:B:3-209	0	4	3	10	0	17	8	10	0	207
ANID_00259T0_13-234_1AK2:A:14-146,A:177-233	0	6	1	8	0	15	5	11	1	190
ANID_00258T0_86-257_1JOQ:A:	3	9	1	3	0	22	11	8	0	149
ANID_00257T0_7-296_1OKC:A:	0	0	6	11	0	19	10	9	0	292
ANID_00254T0_5-275,331-369_1UDB:A:	3	13	1	11	0	38	21	15	0	338
ANID_00253T0_224-463_1OIS:A:	2	12	3	4	0	26	6	12	0	223
ANID_00253T0_465-667,818-870_1K4T:A:431-640,A:713-765	4	3	5	11	0	20	11	18	1	263
ANID_00251T0_7-75_1XBL:A:	0	0	0	3	0	7	3	6	0	75
ANID_00249T0_12-100_2OVR:B:2263-2364	0	0	0	6	0	9	7	5	0	102
ANID_00245T0_85-153,187-310_1AJO:A:	5	16	3	1	0	26	14	11	0	212
ANID_00243T0_133-335_1AUA:A:97-299	2	5	7	8	0	23	12	12	0	203
ANID_00243T0_36-128_1AUA:A:4-96	0	0	1	5	0	8	5	8	0	93
ANID_00242T0_480-622_1JOQ:A:	3	9	1	3	0	22	11	8	0	149
ANID_00242T0_323-459_1JOQ:A:	3	9	1	3	0	22	11	8	0	149
ANID_00242T0_162-306_1JOQ:A:	3	9	1	3	0	22	11	8	0	149
ANID_00242T0_3-143_1JOQ:A:	3	9	1	3	0	22	11	8	0	149
ANID_00242T0_673-772_2HQX:A:8-97	0	5	2	1	0	10	4	6	0	90
ANID_00242T0_711-879_1JOQ:A:	3	9	1	3	0	22	11	8	0	149
ANID_00240T0_1-322_1F05:A:	2	8	5	14	0	25	15	8	0	322
ANID_10030T0_122-444_2PWA:A:1-279	4	15	3	6	0	32	20	20	0	279
ANID_10030T0_41-68,95-139_1SPB:P:	0	5	0	2	0	9	1	3	0	71
ANID_00232T0_30-241_2QM8:A:5-327	5	7	4	12	0	24	16	16	0	326
ANID_00226T0_2-156_1PZV:A:	2	4	2	4	0	20	11	10	0	161
ANID_00225T0_1363-1497,1534-1641_1PF4:A:321-564	3	9	2	6	0	30	21	8	0	243
ANID_00225T0_1008-1051,1087-1353_2HYD:A:1-323	0	0	1	15	1	9	5	12	0	323
ANID_00225T0_692-912_1R0W:A:	0	11	2	12	1	27	19	16	0	281
ANID_00225T0_301-396,449-648_2HYD:A:1-323	0	0	1	15	1	9	5	12	0	323
ANID_00224T0_53-396_1ITU:A:	8	9	6	14	0	41	19	23	0	369
ANID_00931T0_267-286,320-577_1S9I:A:	1	7	3	12	0	30	21	11	0	334
ANID_00928T0_9-53_1PYI:A:30-71	0	2	0	2	0	6	1	3	0	42
ANID_00926T0_1-917_1QBK:B:	0	0	17	47	0	50	54	64	0	888
ANID_00922T0_5-141_1GW5:S:	0	7	0	5	0	11	6	9	0	142
ANID_00922T0_270-508_1I31:A:	1	16	2	0	0	27	16	7	0	277
ANID_00918T0_4-87_1HKO:A:	2	5	0	5	0	9	6	6	0	104
ANID_00914T0_102-136,169-211,290-315,347-529_1A6Q:A:2-296	3	15	2	7	0	26	16	16	0	295
ANID_00912T0_3-360_2AYQ:A:	2	14	4	13	0	32	18	21	0	356
ANID_00909T0_11-100_1WGD:A:	0	5	0	2	0	13	8	4	0	92
ANID_00908T0_5-260_1EBB:A:	4	6	4	7	0	26	7	13	0	202
ANID_00907T0_4-130_1I6U:A:	0	8	0	4	0	17	8	6	0	129
ANID_00906T0_3-864_2BPT:A:1-861	0	0	19	43	0	44	28	37	0	860
ANID_00903T0_90-308_1MF7:A:	2	6	4	8	0	15	14	9	0	193
ANID_00902T0_9-42_1PYI:A:30-71	0	2	0	2	0	6	1	3	0	42
ANID_00901T0_24-156_1GW0:A:1-162	5	10	2	0	0	20	10	14	0	162
ANID_00901T0_182-234,272-391_1V10:A:137-304	4	11	3	0	0	23	15	7	0	168
ANID_00901T0_420-595_1AOZ:A:339-552	0	13	2	4	0	28	17	12	0	214
ANID_00897T0_47-248_1EX2:A:	0	7	2	6	0	12	9	11	0	185
ANID_00896T0_62-142_1NEK:D:	0	0	0	4	0	4	4	2	0	113
ANID_00895T0_134-294_1V3U:A:113-294	2	6	2	7	0	15	10	11	0	182
ANID_00895T0_1-153_1VJ1:A:1-124,A:312-351	3	9	5	1	0	18	9	8	1	164
ANID_00893T0_1-423_1J4B:A:	6	18	7	13	0	50	29	24	0	432
ANID_00892T0_8-79_1XBL:A:	0	0	0	3	0	7	3	6	0	75
ANID_00889T0_73-169,248-307_1UDX:A:1-156	6	9	1	0	0	21	9	6	0	156
ANID_00889T0_310-555_1UDX:A:157-336	0	7	2	6	0	22	13	8	0	180
ANID_00888T0_199-296,325-358,402-459,496-568_1H2K:A:	3	17	6	8	0	41	17	19	0	335
ANID_00216T0_4-200_1JTV:A:	2	7	4	11	0	26	15	16	0	285
ANID_00209T0_31-414_1U7G:A:	2	2	6	15	0	21	14	16	0	383
ANID_00205T0_27-360_1IHO:A:	2	10	3	11	0	28	15	16	0	282
ANID_00202T0_43-82_2HAP:C:55-97	0	0	1	2	0	6	3	2	0	43
ANID_00200T0_58-209_1WL8:A:1-188	0	11	1	5	0	24	17	15	0	188
ANID_00198T0_3-140_2DAX:A:8-147	0	4	0	4	0	13	10	4	0	139
ANID_00193T0_106-287_1Q27:A:	0	8	0	3	0	22	18	6	0	171
ANID_00192T0_3-145_1TWF:H:	0	8	1	0	0	14	10	6	0	145
ANID_00190T0_209-288_1A79:A:83-179	0	6	1	2	0	10	6	8	0	97
ANID_10026T0_6-330_1W9Y:A:2-308	1	12	5	7	0	27	12	12	0	307
ANID_00184T0_2-130_1WFS:A:	0	8	1	4	0	21	12	4	0	150
ANID_01237T0_99-334_1N0W:A:	2	11	2	6	0	18	12	12	0	242
ANID_01237T0_19-82_1B22:A:	2	0	1	4	0	7	7	5	0	70
ANID_01397T0_51-506_1DT6:A:	6	6	3	14	0	50	32	19	0	472
ANID_10891T0_24-225,256-486_1PV7:A:	0	0	2	22	0	18	12	14	0	417
ANID_10081T0_19-359_1GY9:A:	6	15	2	7	0	34	19	14	0	279
ANID_04263T0_243-295_1XF7:A:	0	2	0	1	0	4	3	1	0	29
ANID_04263T0_219-251_7ZNF:A:	0	2	0	1	0	5	3	2	0	30
ANID_09534T0_58-109,154-309_1N0U:A:561-725	1	7	1	5	0	15	13	8	0	165
ANID_09534T0_312-423_1N0U:A:726-842	0	4	3	3	0	11	3	6	0	117
ANID_09534T0_1-54_1N0U:A:482-560	0	4	1	2	0	9	6	3	0	79
ANID_09434T0_261-501_2FGE:A:272-539	0	6	3	10	0	23	15	9	0	268
ANID_09434T0_11-239_2FGE:A:15-271	3	10	4	10	0	24	18	13	0	257
ANID_09434T0_789-971_2FGE:A:798-993	2	6	1	9	0	14	7	11	0	196
ANID_09434T0_555-767_2FGE:A:540-797	0	6	3	9	0	20	15	6	0	258
ANID_09357T0_3-251_1XU9:A:	3	7	4	10	0	27	13	12	0	285
ANID_09193T0_33-199_1WZN:A:1-251	1	11	4	7	0	20	9	14	0	251
ANID_09123T0_12-135_2B33:A:2-127	2	6	3	2	0	16	8	5	0	127
ANID_09080T0_5-124_2CVL:A:1-124	3	6	3	2	0	16	10	4	0	124
ANID_09062T0_74-362_2R31:A:6-238	5	5	4	11	0	20	8	12	0	235
ANID_09041T0_6-157_1S9C:A:10-163	1	5	3	3	0	12	6	7	0	154
ANID_09041T0_171-279_1S9C:A:164-289	0	5	3	3	0	12	6	7	0	126
ANID_08968T0_1-310_1QYC:A:	1	13	4	12	0	30	15	23	0	307
ANID_08905T0_28-453_1TQN:A:	5	9	7	18	0	43	20	30	0	472
ANID_08876T0_119-195,226-389_1SXJ:D:26-262	0	5	2	13	0	21	15	15	0	237
ANID_08770T0_68-348_2BTY:A:1-282	5	14	1	11	0	26	15	16	0	282
ANID_08770T0_584-739_1VKN:A:1-144,A:308-339	3	6	2	7	0	19	10	11	1	176
ANID_08770T0_718-872_2G17:A:154-308	2	7	3	3	0	18	10	12	0	155
ANID_08755T0_73-588_1DQU:A:	3	13	5	23	0	50	31	25	0	519
ANID_08696T0_5-248_1TLJ:A:	0	8	1	5	0	15	10	8	0	189
ANID_08689T0_224-482_1IG8:A:225-486	1	5	5	10	0	20	16	19	0	262
ANID_08689T0_3-219_1IG8:A:18-224	2	8	1	5	0	24	11	10	0	207
ANID_08683T0_458-568_2PIA:A:104-223	0	5	2	4	0	13	9	8	0	120
ANID_08683T0_375-415_1EP3:B:2-102	1	7	1	1	0	12	7	7	0	101
ANID_08682T0_23-93,140-203,240-279,342-355_2NN6:C:7-187	4	5	0	4	0	23	18	11	0	181
ANID_08682T0_299-311,342-410_2BA0:G:179-257	2	4	1	1	0	10	4	4	0	79
ANID_08676T0_54-137_1MNM:A:	0	2	0	3	0	7	4	4	0	85
ANID_08675T0_61-100_1S7B:A:	0	0	0	4	0	10	7	3	0	109
ANID_08674T0_93-222_2DM9:A:81-198	0	4	0	6	0	9	3	5	0	118
ANID_08672T0_106-198,495-617,1116-1343_1SU4:A:1-124,A:240-343,A:751-994	1	1	8	18	0	32	20	22	2	472
ANID_08672T0_618-634,914-1113_2B8E:A:416-434,A:548-663	2	6	0	6	1	16	9	5	1	135
ANID_08672T0_629-663,723-920_1SU4:A:361-599	0	13	3	7	0	21	11	13	0	239
ANID_08672T0_343-406,453-491_1SU4:A:125-239	2	9	3	0	0	21	10	7	0	115
ANID_08669T0_13-46,123-143,180-218_1Y4O:A:10-104	0	5	0	2	0	6	4	3	0	95
ANID_08655T0_8-49_1ZME:C:31-66	0	0	0	2	0	4	1	2	0	36
ANID_08615T0_34-446_3CZH:A:40-502	7	8	4	16	0	42	19	26	0	462
ANID_08433T0_205-746_1AMU:A:	4	26	5	15	0	55	36	34	0	514
ANID_08433T0_12-193_1L5A:A:175-424	4	7	2	7	0	24	11	13	0	250
ANID_08381T0_109-324_1W4X:A:10-154,A:390-542	6	10	5	9	0	33	21	19	1	298
ANID_12340T0_14-183_2Q45:A:7-265	0	9	4	6	0	19	8	10	0	259
ANID_08286T0_190-535_1GOJ:A:	6	14	5	9	0	36	20	25	0	354
ANID_08281T0_4-37_2E45:A:1-50	0	3	0	0	0	8	4	6	0	50
ANID_08271T0_563-653_1A0A:A:	0	0	1	3	0	6	4	6	0	63
ANID_08213T0_10-211_1E2F:A:	0	7	2	9	0	17	15	16	0	210
ANID_08201T0_291-517_2FWR:A:23-256	3	12	5	9	0	19	16	14	0	234
ANID_08201T0_455-525,558-746_2FWR:A:257-456	7	4	0	8	0	27	20	8	0	200
ANID_08054T0_3-239_1RYP:D:	5	10	0	7	0	24	17	14	0	241
ANID_07947T0_25-216_1QE3:A:	7	14	7	14	0	50	31	31	0	483
ANID_07943T0_15-203,245-335_1EVQ:A:	0	8	4	9	0	28	16	23	0	308
ANID_07936T0_34-226,257-339,366-435_1PW4:A:	2	0	1	18	0	21	18	22	0	450
ANID_12004T0_4-137_3E99:A:1-163	0	6	1	3	0	9	4	4	0	163
ANID_07894T0_7-104_1MWQ:A:	0	4	1	4	0	10	2	5	0	100
ANID_07819T0_11-82_1IN4:A:255-329	1	2	0	5	0	6	3	7	0	75
ANID_07758T0_123-314_1VLM:A:	2	8	2	8	0	22	11	13	0	218
ANID_07740T0_61-110_1H88:C:89-143	0	0	0	3	0	6	5	5	0	55
ANID_07704T0_28-317_1VYH:C:92-408	0	28	1	0	0	39	25	14	0	317
ANID_07668T0_25-197_1F5M:A:	2	6	2	4	0	18	12	9	0	176
ANID_11993T0_527-674,702-834_1Y4J:A:28-294	11	11	2	5	0	39	24	24	0	267
ANID_11993T0_368-490_2OU6:A:2-184	4	0	3	6	0	17	11	11	0	183
ANID_11993T0_53-254_1FP1:D:129-372	0	8	1	9	0	19	10	13	0	244
ANID_07611T0_121-265_1TV8:A:	4	11	4	10	0	39	20	20	0	327
ANID_07564T0_22-361_1JG8:A:	3	14	3	14	0	34	17	22	0	343
ANID_11744T0_77-187_2MST:A:	3	4	0	2	0	14	6	4	0	75
ANID_11744T0_2-79_1HD1:A:	2	4	1	2	0	7	2	4	0	75
ANID_07435T0_80-305_3EUG:A:	1	6	4	8	0	19	17	15	0	225
ANID_07432T0_146-237_1ZO0:A:94-219	0	8	0	2	0	18	10	4	0	126
ANID_12289T0_375-584_1N11:A:	0	0	1	24	0	48	15	35	0	408
ANID_12288T0_3-197,306-362_2BS2:A:1-250,A:372-457	6	17	6	7	0	41	21	16	1	336
ANID_12288T0_723-959_1FP1:D:129-372	0	8	1	9	0	19	10	13	0	244
ANID_12288T0_632-717_1TW3:A:14-98	1	2	1	5	0	4	4	7	0	85
ANID_06849T0_186-246_1T2K:C:	0	0	0	1	0	1	0	0	0	61
ANID_06816T0_7-45_1FQV:A:107-145	0	0	0	3	0	4	4	4	0	39
ANID_06761T0_6-250_1IVH:A:6-241	3	8	6	7	0	20	10	16	0	236
ANID_06761T0_237-391_2D29:A:235-387	1	2	3	5	0	4	4	6	0	153
ANID_06718T0_746-981_1E32:A:201-458	3	5	4	12	0	28	13	14	0	258
ANID_06714T0_664-729,768-787,906-932_1ELW:A:	0	0	0	7	0	11	0	7	0	117
ANID_06714T0_159-181,542-797_1W3B:A:	0	0	0	23	0	35	6	26	0	388
ANID_06564T0_186-308_2GY9:I:4-129	0	6	3	4	0	10	5	5	0	126
ANID_06552T0_14-59_1FQV:A:107-145	0	0	0	3	0	4	4	4	0	39
ANID_06481T0_250-308_2IUB:A:286-349	0	0	0	2	0	2	2	2	0	64
ANID_06280T0_881-909_1JBI:A:	4	8	0	1	0	18	11	5	0	100
ANID_06249T0_43-157_1WEY:A:	0	6	1	2	0	11	9	7	0	103
ANID_06101T0_1-426_1TQN:A:	5	9	7	18	0	43	20	30	0	472
ANID_06098T0_2-184_1PW4:A:	2	0	1	18	0	21	18	22	0	450
ANID_06088T0_13-170_1TIB:A:	7	10	6	6	0	30	21	17	0	269
ANID_06088T0_941-988_2IUB:A:286-349	0	0	0	2	0	2	2	2	0	64
ANID_06069T0_210-475_1X9N:A:262-533	2	0	4	13	0	28	14	13	0	272
ANID_06069T0_476-712_1X9N:A:534-753	5	11	2	6	0	25	17	14	0	220
ANID_06069T0_714-867_1X9N:A:754-901	3	10	1	2	0	17	13	7	0	148
ANID_06062T0_92-144_2HAP:C:55-97	0	0	1	2	0	6	3	2	0	43
ANID_05989T0_1-242_1JTV:A:	2	7	4	11	0	26	15	16	0	285
ANID_05871T0_270-362_1VL5:A:	2	8	2	9	0	21	9	11	0	231
ANID_05796T0_313-402_2FAZ:A:1-76	2	5	1	1	0	9	1	6	0	76
ANID_05790T0_42-382_1WPW:A:	1	12	3	11	0	30	15	18	0	336
ANID_05767T0_8-310_1YWF:A:4-275	0	5	3	12	0	22	11	13	0	272
ANID_05760T0_5-258,322-345_1N4Q:B:	11	5	5	14	0	36	20	25	0	346
ANID_05738T0_9-155_1FMT:A:1-206	5	7	1	6	0	25	13	8	0	206
ANID_05583T0_21-78_1X6E:A:8-40	0	2	1	1	0	4	3	1	0	33
ANID_05557T0_7-259_1ZEM:A:3-262	4	7	4	10	0	23	15	14	0	260
ANID_05555T0_19-193_1HDH:A:	1	18	10	15	0	58	40	36	0	525
ANID_05555T0_245-283_2HAP:C:55-97	0	0	1	2	0	6	3	2	0	43
ANID_11952T0_28-148_1PV7:A:	0	0	2	22	0	18	12	14	0	417
ANID_11952T0_144-178_2HAP:C:55-97	0	0	1	2	0	6	3	2	0	43
ANID_05299T0_10-48_1PYI:A:30-71	0	2	0	2	0	6	1	3	0	42
ANID_05188T0_226-375_1F21:A:	3	5	0	5	0	13	6	10	0	152
ANID_05188T0_98-142_1QHK:A:	0	3	0	2	0	7	4	0	0	47
ANID_05188T0_34-78_1QHK:A:	0	3	0	2	0	7	4	0	0	47
ANID_05111T0_110-153_1ESK:A:	2	0	0	0	0	11	5	4	0	42
ANID_05111T0_75-133_1ESK:A:	2	0	0	0	0	11	5	4	0	42
ANID_05111T0_40-72_1ESK:A:	2	0	0	0	0	11	5	4	0	42
ANID_05111T0_4-48_1ESK:A:	2	0	0	0	0	11	5	4	0	42
ANID_05111T0_155-175_1DSQ:A:	2	0	0	0	0	5	1	2	0	21
ANID_05099T0_272-360_2CUJ:A:8-108	0	0	0	4	0	7	6	5	0	101
ANID_05091T0_94-255_1P91:A:	4	11	1	8	0	29	16	19	0	268
ANID_05048T0_53-115_2CUE:A:7-74	0	0	0	3	0	6	2	2	0	67
ANID_04956T0_475-686_1N0H:A:461-687	4	6	2	9	0	27	15	11	0	227
ANID_04956T0_295-468_1JSC:A:280-460	0	6	4	7	0	16	17	10	0	181
ANID_04956T0_99-275_1JSC:A:83-270	2	8	4	8	0	18	12	10	0	188
ANID_04896T0_205-530_1RPM:A:	0	13	3	6	0	26	21	14	0	278
ANID_04813T0_768-829_1H88:C:89-143	0	0	0	3	0	6	5	5	0	55
ANID_04780T0_25-115,143-219_1RFE:A:	0	7	3	4	0	13	4	7	0	160
ANID_04764T0_422-649_1MVH:A:	5	15	3	2	0	50	27	17	0	269
ANID_04661T0_1-189_1LCI:A:	7	27	4	15	0	64	28	38	0	541
ANID_04592T0_6-99_1AWP:A:	1	5	1	4	0	11	4	8	0	86
ANID_04536T0_852-1136_1FOT:A:	5	9	4	10	0	37	20	19	0	316
ANID_04527T0_89-140_1IDZ:A:	0	0	0	3	0	6	4	3	0	54
ANID_04470T0_81-135,173-298_1S0U:A:34-229	2	7	0	5	0	19	13	10	0	195
ANID_04470T0_293-407_1S0U:A:230-347	0	10	3	0	0	17	8	7	0	118
ANID_04470T0_409-503_1S0U:A:348-437	0	6	0	0	0	8	3	5	0	90
ANID_04396T0_3-99_1MWQ:A:	0	4	1	4	0	10	2	5	0	100
ANID_04301T0_79-191_2A4V:A:59-214	3	7	0	5	0	19	8	9	0	156
ANID_04294T0_10-101,195-288_1MLA:A:3-127,A:198-307	2	5	1	12	0	22	14	13	1	235
ANID_04294T0_148-180_1NM2:A:134-195	0	4	0	2	0	5	3	3	0	62
ANID_04195T0_61-561_1MT5:A:	4	11	7	22	0	56	40	33	0	537
ANID_04142T0_32-144_1PW4:A:	2	0	1	18	0	21	18	22	0	450
ANID_04085T0_6-601_1B3U:A:	0	0	8	44	0	40	26	36	0	588
ANID_04075T0_2-151_1EZR:A:	4	10	2	12	0	42	22	10	0	312
ANID_04072T0_393-507,601-707_1S70:B:	2	1	1	15	0	32	11	25	0	291
ANID_04019T0_15-185,226-453_1PW4:A:	2	0	1	18	0	21	18	22	0	450
ANID_03986T0_5-30_1ZME:C:31-66	0	0	0	2	0	4	1	2	0	36
ANID_03914T0_24-244_1GBG:A:	7	16	2	1	0	25	12	12	0	214
ANID_03862T0_314-453_1UMK:A:154-300	0	8	4	5	0	15	10	8	0	147
ANID_03862T0_4-84_1AXX:A:	1	5	1	4	0	11	7	6	0	94
ANID_03862T0_217-328_1I7P:A:29-153	2	7	0	1	0	15	7	11	0	121
ANID_03846T0_79-313_1D7K:A:44-283	2	9	4	9	0	27	11	9	0	240
ANID_03846T0_281-440_7ODC:A:2-43,A:284-418	0	10	2	3	0	19	7	5	1	177
ANID_03814T0_7-172_2C3B:A:1-171	1	8	0	3	0	20	9	9	0	171
ANID_03805T0_4-287_1UJQ:A:	3	8	1	13	0	29	18	8	0	283
ANID_03797T0_3-380,412-606_1QHH:A:,B:,C:,D:	6	16	12	26	0	53	23	34	3	623
ANID_03757T0_7-280_1AZW:A:	1	8	5	12	0	26	20	23	0	313
ANID_11726T0_140-207_1PV7:A:	0	0	2	22	0	18	12	14	0	417
ANID_03689T0_270-350_2CS3:A:8-87	2	2	0	2	0	14	12	2	0	80
ANID_03689T0_341-417_1WD2:A:	0	0	2	0	0	10	10	2	0	59
ANID_03686T0_9-89_1V9J:A:	0	3	1	4	0	13	10	2	0	112
ANID_03630T0_15-75,104-197,234-271_2I6H:A:1-179	0	0	4	13	0	10	9	11	0	179
ANID_03621T0_304-430_1E6I:A:	0	0	2	5	0	8	8	7	0	111
ANID_03621T0_120-257_1YGH:A:	3	6	2	5	0	17	5	9	0	164
ANID_03459T0_6-211,385-471_1LFW:A:1-186,A:383-468	2	14	2	7	0	28	18	15	1	272
ANID_03456T0_264-589_1QGN:A:	5	12	3	15	0	45	28	19	0	398
ANID_12405T0_97-450_1PV7:A:	0	0	2	22	0	18	12	14	0	417
ANID_03436T0_424-520_1P97:A:	0	5	0	4	0	12	9	7	0	113
ANID_03436T0_239-350_1N9L:A:	0	5	1	3	0	14	5	7	0	109
ANID_03436T0_779-819_4GAT:A:	0	2	1	1	0	11	6	3	0	66
ANID_03436T0_551-632_1LL8:A:	0	6	1	2	0	15	8	9	0	113
ANID_03435T0_239-350_1N9L:A:	0	5	1	3	0	14	5	7	0	109
ANID_03424T0_561-920_1ZHX:A:2-434	5	19	10	9	0	46	21	29	0	433
ANID_03424T0_188-295_1XX0:A:234-350	0	7	1	1	0	12	6	6	0	117
ANID_03424T0_4-48,87-148_1O6U:A:275-398	0	8	1	1	0	14	7	4	0	124
ANID_03391T0_84-123_1D66:A:8-48	0	0	0	2	0	4	1	2	0	41
ANID_03361T0_46-288_1C3W:A:	0	2	1	7	0	8	5	7	0	222
ANID_03170T0_124-169,198-227,260-380,418-485_1DJ0:A:	0	10	4	5	0	30	16	16	0	264
ANID_03139T0_37-237_2GVC:A:181-287	3	8	2	2	0	13	9	7	0	107
ANID_03139T0_186-320_2GVC:A:181-287	3	8	2	2	0	13	9	7	0	107
ANID_03132T0_86-261,288-358_1VJN:A:	2	14	1	3	0	24	15	9	0	219
ANID_03041T0_38-239,302-489_1PW4:A:	2	0	1	18	0	21	18	22	0	450
ANID_02995T0_118-241_1AWW:A:	4	4	0	0	0	13	8	2	0	66
ANID_02989T0_3-110_1X5S:A:8-97	0	4	0	2	0	11	8	3	0	89
ANID_02985T0_90-272,322-493,543-573_1PV7:A:	0	0	2	22	0	18	12	14	0	417
ANID_02905T0_266-382_1KKX:A:	0	0	0	5	0	11	7	7	0	102
ANID_02846T0_6-162_1GP1:A:	4	7	5	4	0	26	16	13	0	185
ANID_02840T0_15-418_1PW4:A:	2	0	1	18	0	21	18	22	0	450
ANID_02822T0_206-419_1FX8:A:	0	0	4	11	0	13	7	10	0	254
ANID_02794T0_49-503_1PW4:A:	2	0	1	18	0	21	18	22	0	450
ANID_02733T0_5-375_1URO:A:	1	9	5	16	0	33	22	19	0	357
ANID_02639T0_38-242_2QED:A:1-251	1	14	2	9	0	27	10	18	0	251
ANID_02610T0_24-388_1TQN:A:	5	9	7	18	0	43	20	30	0	472
ANID_02585T0_51-268,305-525_1PV7:A:	0	0	2	22	0	18	12	14	0	417
ANID_02545T0_4818-5401_1AMU:A:	4	26	5	15	0	55	36	34	0	514
ANID_02545T0_3711-4292_1AMU:A:	4	26	5	15	0	55	36	34	0	514
ANID_02545T0_1090-1672_1AMU:A:	4	26	5	15	0	55	36	34	0	514
ANID_02545T0_2626-3214_1AMU:A:	4	26	5	15	0	55	36	34	0	514
ANID_02545T0_5909-6491_1AMU:A:	4	26	5	15	0	55	36	34	0	514
ANID_02545T0_2384-2626_1L5A:A:175-424	4	7	2	7	0	24	11	13	0	250
ANID_02545T0_4590-4823_1B5S:A:	2	9	4	6	0	29	13	11	0	242
ANID_02545T0_5672-5904_1L5A:A:175-424	4	7	2	7	0	24	11	13	0	250
ANID_02545T0_6755-6985_1L5A:A:175-424	4	7	2	7	0	24	11	13	0	250
ANID_02545T0_873-1093_1L5A:A:1-174	1	6	2	5	0	15	9	11	0	174
ANID_02545T0_3314-3489_1L5A:A:1-174	1	6	2	5	0	15	9	11	0	174
ANID_02545T0_5507-5685_1Q9J:A:1-175	1	7	2	4	0	16	9	4	0	175
ANID_02545T0_3476-3709_1L5A:A:175-424	4	7	2	7	0	24	11	13	0	250
ANID_02545T0_2199-2396_1Q9J:A:1-175	1	7	2	4	0	16	9	4	0	175
ANID_02545T0_694-886_1Q9J:A:1-175	1	7	2	4	0	16	9	4	0	175
ANID_02545T0_4409-4600_1L5A:A:1-174	1	6	2	5	0	15	9	11	0	174
ANID_02545T0_1746-1922_1Q9J:A:1-175	1	7	2	4	0	16	9	4	0	175
ANID_02545T0_6580-6768_3CLA:A:	0	10	1	5	0	19	12	14	0	213
ANID_02545T0_6472-6545_1DNY:A:	0	0	0	4	0	8	7	2	0	76
ANID_02545T0_3194-3267_1DNY:A:	0	0	0	4	0	8	7	2	0	76
ANID_02545T0_1944-2161_1L5A:A:175-424	4	7	2	7	0	24	11	13	0	250
ANID_02545T0_5388-5462_1DNY:A:	0	0	0	4	0	8	7	2	0	76
ANID_02545T0_248-412_1Q9J:A:1-175	1	7	2	4	0	16	9	4	0	175
ANID_02545T0_4280-4350_1DNY:A:	0	0	0	4	0	8	7	2	0	76
ANID_02545T0_474-659_1XL7:A:393-610	1	6	1	6	0	16	7	12	0	218
ANID_02545T0_147-216_1T8K:A:	2	0	1	4	0	8	0	6	0	77
ANID_02545T0_1658-1730_1DNY:A:	0	0	0	4	0	8	7	2	0	76
ANID_02519T0_2-137_1MQS:A:	4	14	2	25	0	48	32	27	0	653
ANID_02304T0_1-89_1UEL:A:	2	5	2	1	0	9	4	8	0	94
ANID_02304T0_258-320_1PVE:A:	0	0	3	4	0	8	3	8	0	71
ANID_02304T0_318-374_1OQY:A:317-360	0	0	0	3	0	4	3	3	0	44
ANID_02304T0_128-183_1IFY:A:	0	0	0	3	0	4	3	2	0	49
ANID_02277T0_8-227_2D4C:A:11-247	0	0	1	7	0	6	5	3	0	237
ANID_02237T0_47-159,197-540_1WPX:A:1-421	5	13	3	17	0	47	29	31	0	421
ANID_02042T0_207-465_1AMO:A:243-518	5	10	2	8	0	39	20	12	0	276
ANID_02042T0_498-640_1DDG:A:447-599	0	5	1	7	0	14	6	10	0	153
ANID_02040T0_30-504_1OG2:A:	9	9	4	17	0	50	25	22	0	462
ANID_02020T0_185-250_1X2N:A:6-67	0	0	0	3	0	4	2	2	0	60
ANID_02002T0_11-390,417-455_1D8D:B:	13	3	5	16	0	40	25	29	0	407
ANID_01881T0_4-158,267-370_3C96:A:4-182,A:294-402	1	13	1	8	0	26	14	13	1	288
ANID_01881T0_165-274_3C96:A:183-293	3	5	0	4	0	12	4	7	0	111
ANID_01870T0_30-285_1UV4:A:3-293	7	20	2	0	0	35	18	20	0	291
ANID_01853T0_51-240_1YWQ:A:2-200	1	5	3	9	0	16	6	9	0	199
ANID_01705T0_67-131_1PGV:A:	2	5	0	7	0	21	9	7	0	167
ANID_01661T0_12-119_1UW4:B:	0	0	4	11	0	18	12	13	0	248
ANID_01652T0_457-510_2ADR:A:102-130	2	0	0	1	0	5	2	2	0	29
ANID_01629T0_17-90_1DCQ:A:247-368	2	3	1	5	0	15	8	9	0	122
ANID_01629T0_143-196_2DAH:A:8-48	0	0	0	3	0	2	2	2	0	41
ANID_01628T0_23-124,272-363,773-1019_1SU4:A:1-124,A:240-343,A:751-994	1	1	8	18	0	32	20	22	2	472
ANID_01628T0_368-387,561-831_1SU4:A:344-360,A:600-750	3	8	1	8	0	16	12	11	1	168
ANID_01628T0_376-615_1MO7:A:	2	9	0	5	0	32	19	9	0	213
ANID_01628T0_124-232_1SU4:A:125-239	2	9	3	0	0	21	10	7	0	115
ANID_01600T0_5-282_1K6X:A:	2	13	3	12	0	37	26	20	0	350
ANID_01593T0_281-417,535-691_1HW8:A:441-586,A:704-861	4	7	3	10	0	18	15	19	1	304
ANID_01593T0_420-537_1DQA:A:587-703	1	6	0	4	0	10	6	5	0	117
ANID_01560T0_56-320,440-468_1MUO:A:	6	6	4	9	0	28	17	16	0	261
ANID_01560T0_746-780,817-837,870-906_1UMW:A:373-500	2	6	3	2	0	14	6	9	0	128
ANID_01560T0_919-957_1UMW:A:501-595	0	6	0	2	0	9	4	5	0	95
ANID_01517T0_309-480_1P1T:A:	2	4	0	4	0	11	10	6	0	104
ANID_01372T0_237-435_2IC8:A:91-272	0	0	3	8	0	13	9	4	0	182
ANID_01059T0_38-436_1NDB:A:30-405	5	9	3	11	0	33	24	20	0	376
ANID_01059T0_437-558,615-700_1NDB:A:406-625	0	7	0	8	0	22	13	12	0	220
ANID_12190T0_353-440_1Q7H:A:69-153	0	6	1	3	0	10	5	6	0	85
ANID_01024T0_432-472,586-801_1Z3I:X:390-735	0	10	6	11	0	41	29	23	0	346
ANID_01024T0_163-430_1Z63:A:432-661	0	7	2	11	0	24	16	18	0	230
ANID_00933T0_21-243_1GBG:A:	7	16	2	1	0	25	12	12	0	214
ANID_00932T0_8-66,94-343_3GRS:A:18-165,A:291-363	3	11	3	5	0	26	14	14	1	221
ANID_00932T0_354-471_1GES:A:336-450	1	5	2	4	0	12	8	5	0	115
ANID_00929T0_244-579,626-704_1NW1:A:	0	14	8	13	0	38	16	17	0	395
ANID_00890T0_26-238,309-535_1PV7:A:	0	0	2	22	0	18	12	14	0	417
ANID_00824T0_58-295_1JQI:A:4-234	3	8	4	7	0	17	12	12	0	231
ANID_00824T0_280-435_1BUC:A:233-383	1	2	3	5	0	4	4	6	0	151
ANID_00744T0_33-357,386-440_1IAY:A:	3	12	6	14	0	41	23	26	0	428
ANID_00714T0_127-172_3ZNF:A:	2	0	0	1	0	5	3	1	0	30
ANID_00586T0_127-351_1W4X:A:10-154,A:390-542	6	10	5	9	0	33	21	19	1	298
ANID_00484T0_67-404_1T8Q:A:	13	13	4	12	0	43	24	27	0	328
ANID_00464T0_8-86,161-273_1XM7:A:	4	9	1	6	0	24	16	14	0	194
ANID_00444T0_777-1158_1C4Z:A:	4	10	4	13	0	35	26	18	0	350
ANID_00433T0_69-145_2JXT:A:1-78	0	3	2	2	0	5	2	3	0	78
ANID_00335T0_110-252_1C8U:A:116-286	0	7	1	3	0	17	13	11	0	171
ANID_00287T0_37-127,169-206,235-276,317-357,901-994_1NEX:B:370-744	1	32	0	0	0	32	16	23	0	355
ANID_00267T0_125-286_1RFJ:A:	2	2	0	7	0	16	5	7	0	148
ANID_00252T0_29-301_1MAB:G:	0	0	0	4	0	4	3	5	0	270
ANID_00244T0_206-334_1ERJ:A:	2	30	1	1	0	43	24	22	0	388
ANID_00239T0_1873-2168_1T77:A:2186-2489	10	0	6	13	0	39	25	20	0	304
ANID_00239T0_1710-1834_1T77:A:2076-2185	0	7	1	3	0	13	8	5	0	110
ANID_00239T0_2224-2442_1GOT:B:	1	28	0	2	0	36	22	23	0	339
ANID_00239T0_346-538_2ERF:A:10-215	1	13	2	4	0	20	12	14	0	209
ANID_00235T0_690-866,895-1010_1A06:A:	4	8	4	10	0	29	20	14	0	307
ANID_00235T0_120-338_1KB0:A:1-573	5	40	7	6	0	73	38	39	0	573
ANID_00234T0_44-249_1JJI:A:	0	8	5	11	0	21	17	19	0	311
ANID_00217T0_1-312_1PW4:A:	2	0	1	18	0	21	18	22	0	450
ANID_00208T0_33-152_1PW4:A:	2	0	1	18	0	21	18	22	0	450
ANID_00179T0_10-246_1XG5:A:	2	7	3	9	0	23	11	14	0	278
ANID_00162T0_47-183_1L3G:A:	0	6	0	5	0	9	6	8	0	123
ANID_00103T0_2-155,245-369_2NYM:C:2-294	4	13	0	11	0	29	23	16	0	293
ANID_00089T0_5-174_1VG8:A:	2	6	3	5	0	18	16	7	0	184
ANID_00052T0_1-267_1AE1:A:	2	7	4	8	0	23	13	14	0	258
ANID_00049T0_41-293_1Q74:A:	8	10	5	6	0	34	18	16	0	297
ANID_00024T0_152-324_1H2B:A:155-326	0	6	2	8	0	14	8	9	0	172
ANID_00024T0_2-129_1LLU:A:2-143,A:310-342	5	11	2	3	0	26	13	11	1	175
ANID_00018T0_45-212,274-446,490-512_1PV7:A:	0	0	2	22	0	18	12	14	0	417
ANID_00013T0_37-491_1PW4:A:	2	0	1	18	0	21	18	22	0	450
ANID_00732T0_59-507_1PW4:A:	2	0	1	18	0	21	18	22	0	450
ANID_10647T0_5-477_1TQN:A:	5	9	7	18	0	43	20	30	0	472
ANID_01867T0_5-295_1GZ8:A:	3	8	3	10	0	29	17	22	0	298
ANID_11067T0_53-179,226-246,275-346_1YC5:A:1-245	5	10	5	9	0	28	13	15	0	245
ANID_08042T0_124-491_3C10:A:515-900	8	10	9	12	0	47	19	25	0	386
ANID_00706T0_113-254,303-348,430-610_1G3J:A:	2	0	4	35	0	31	15	35	0	531
ANID_04905T0_93-210_1HQO:A:201-354	2	0	1	7	0	9	5	7	0	154
ANID_04905T0_3-88_1K0D:D:99-200	0	4	3	4	0	11	6	8	0	102
ANID_05810T0_205-493_2BWV:A:177-440	4	11	3	6	0	29	15	15	0	264
ANID_05810T0_41-204_2BWV:A:1-176	0	8	2	7	0	18	9	6	0	176
ANID_06221T0_19-75_4GAT:A:	0	2	1	1	0	11	6	3	0	66
ANID_00008T0_13-373_1TQN:A:	5	9	7	18	0	43	20	30	0	472
ANID_00015T0_1188-1429_2HYD:A:324-578	2	10	5	9	0	25	21	16	0	255
ANID_00015T0_591-817_1XMI:A:	0	11	2	11	1	27	20	15	0	290
ANID_00015T0_878-1181_1PF4:A:10-320	0	0	9	16	0	12	11	14	0	310
ANID_00015T0_229-535_2HYD:A:1-323	0	0	1	15	1	9	5	12	0	323
ANID_00019T0_3-299_1YB5:A:121-294	0	7	1	8	0	16	8	12	0	174
ANID_00022T0_19-265_1UAS:A:1-273	6	8	3	10	0	34	17	23	0	273
ANID_00023T0_23-247_2BGK:A:11-278	0	7	5	9	0	26	17	16	0	268
ANID_00029T0_50-481_1PV7:A:	0	0	2	22	0	18	12	14	0	417
ANID_00030T0_73-382_2R8C:A:58-368	4	11	2	13	0	35	18	21	0	310
ANID_00030T0_14-73,382-423_2QS8:A:7-63,A:374-412	1	7	1	0	0	10	6	5	1	94
ANID_00038T0_2481-2600,2633-2778_1E8Y:A:726-1092	0	10	2	12	0	26	15	16	0	367
ANID_00038T0_9-169,438-610,836-1052_1WA5:B:	0	0	5	29	0	38	22	22	0	506
ANID_00039T0_10-98,149-221,295-450_2HZB:A:2-312	4	12	1	13	1	35	24	14	0	311
ANID_00042T0_122-220,345-464,506-547_2IUB:A:9-285	0	7	2	6	0	23	14	10	0	281
ANID_00043T0_49-305_1PS1:A:	0	0	2	17	0	17	10	19	0	311
ANID_00054T0_41-553_1LCI:A:	7	27	4	15	0	64	28	38	0	541
ANID_00070T0_12-180_2O8I:A:1-165	0	0	1	8	0	11	9	7	0	165
ANID_00077T0_10-363_1GP6:A:	3	14	6	11	0	40	23	16	0	350
ANID_00080T0_1-259_1SV6:A:	5	13	3	7	0	28	12	18	0	261
ANID_00081T0_34-344_1GOT:B:	1	28	0	2	0	36	22	23	0	339
ANID_00082T0_66-276_2TRC:P:	1	5	3	7	0	24	21	12	0	217
ANID_00088T0_311-402_1S7B:A:	0	0	0	4	0	10	7	3	0	109
ANID_00088T0_156-229_1S7B:A:	0	0	0	4	0	10	7	3	0	109
ANID_00092T0_23-196_1EJ0:A:	0	7	0	5	0	17	8	9	0	180
ANID_00096T0_44-93_2ADR:A:102-130	2	0	0	1	0	5	2	2	0	29
ANID_00096T0_107-150_1ZME:C:31-66	0	0	0	2	0	4	1	2	0	36
ANID_00102T0_29-331_1EEP:A:	4	15	2	11	0	38	24	16	0	388
ANID_00106T0_764-1082_1XJD:A:	8	7	5	9	0	32	15	17	0	320
ANID_00106T0_145-219_1URF:A:	0	0	0	2	0	5	2	1	0	80
ANID_00106T0_436-494_1FAQ:A:	1	4	0	0	0	9	5	3	0	52
ANID_00106T0_235-329,390-414_2EP6:A:92-217	2	9	1	0	0	17	11	4	0	126
ANID_00106T0_503-567_1PTQ:A:	2	3	0	1	0	11	4	3	0	50
ANID_00109T0_22-105,176-251_1FHT:A:	0	5	0	3	0	12	11	4	0	116
ANID_00112T0_609-806_1KU1:A:	2	0	3	10	0	20	10	12	0	229
ANID_00112T0_124-194,359-460,514-546,1029-1089,1157-1461_1E8Y:A:525-725	0	0	2	12	0	15	8	11	0	201
ANID_00114T0_41-149,191-234_1WY5:A:1-216	0	6	1	10	0	20	9	10	0	216
ANID_00119T0_121-279,376-428_1WP9:A:1-200	2	7	4	8	0	27	18	8	0	200
ANID_00142T0_317-397_1FJG:E:74-154	1	4	0	3	0	9	4	4	0	81
ANID_00142T0_246-314_2QAL:E:9-77	5	3	0	1	0	8	3	2	0	69
ANID_00144T0_255-424,455-581_1VZO:A:	2	11	7	9	0	31	20	19	0	322
ANID_00164T0_8-299_2NYM:C:2-294	4	13	0	11	0	29	23	16	0	293
ANID_00173T0_62-124,161-233_1TFF:A:	3	4	2	10	0	17	9	11	0	228
ANID_00174T0_2-213,285-345_1C0P:A:999-1193,A:1289-1361	6	30	14	10	0	80	40	44	1	724
ANID_00174T0_200-299_1C0P:A:1194-1288	0	6	2	1	0	9	3	3	0	95
ANID_00180T0_5-279_1UIY:A:	1	9	3	12	0	25	13	10	0	253
ANID_00181T0_102-245,278-293_2OV9:A:7-209	3	7	2	3	0	22	12	13	0	203
ANID_00183T0_12-129,168-227_1Y5E:A:12-166	0	6	1	6	0	14	7	8	0	155
ANID_00189T0_152-257_1OQK:A:	0	7	0	0	0	10	4	6	0	78
ANID_00194T0_164-303_1TG7:A:41-394	13	10	6	10	0	54	27	25	0	354
ANID_00194T0_466-595_1TG7:A:667-848	2	10	5	0	0	24	14	11	0	182
ANID_00194T0_381-464_1TG7:A:570-666	1	9	0	2	0	11	5	6	0	97
ANID_00194T0_600-660_1TG7:A:849-1011	5	9	0	1	0	21	11	11	0	163
ANID_00196T0_166-251_1HV2:A:	0	3	0	4	0	8	5	5	0	99
ANID_00197T0_7-47_1PYI:A:30-71	0	2	0	2	0	6	1	3	0	42
ANID_00201T0_113-338_1PV7:A:	0	0	2	22	0	18	12	14	0	417
ANID_00201T0_305-539_1PV7:A:	0	0	2	22	0	18	12	14	0	417
ANID_00203T0_14-95,189-370,423-440_1NEX:B:370-744	1	32	0	0	0	32	16	23	0	355
ANID_00204T0_238-463,511-605_1WRB:A:164-401	2	8	2	8	0	26	18	9	0	238
ANID_00206T0_194-393_1K30:A:	2	9	5	14	0	31	12	16	0	367
ANID_00207T0_29-130,159-284_1KB0:A:1-573	5	40	7	6	0	73	38	39	0	573
ANID_00211T0_13-151_1A9N:A:	0	10	3	4	0	27	13	10	0	162
ANID_00212T0_8-49,78-130,165-244_1CI0:A:	0	10	1	5	0	21	12	8	0	205
ANID_00214T0_107-340_1UOH:A:	0	0	1	14	0	27	7	20	0	223
ANID_00215T0_64-290_1GY9:A:	6	15	2	7	0	34	19	14	0	279
ANID_00219T0_374-566_1N3J:A:	3	9	0	2	0	19	13	1	0	119
ANID_00221T0_21-246,329-372_1D2K:A:36-292,A:355-427	3	9	7	12	0	40	28	19	1	330
ANID_00223T0_9-52_1PYI:A:30-71	0	2	0	2	0	6	1	3	0	42
ANID_00228T0_115-179,228-372_1LTL:A:	2	10	4	5	0	24	9	12	0	239
ANID_00228T0_500-810_1NY5:A:138-384	4	9	2	11	0	25	17	12	0	247
ANID_00231T0_28-106,136-331_1LNL:A:3-304	6	2	5	11	0	38	28	25	0	307
ANID_00233T0_27-499_1PV7:A:	0	0	2	22	0	18	12	14	0	417
ANID_00237T0_71-286,384-417,749-775,872-1020_1Y6I:A:1-82	0	0	0	5	0	8	5	4	0	82
ANID_00248T0_29-154_2B5E:A:23-141	0	5	0	4	0	15	7	10	0	119
ANID_00248T0_155-254_1OAZ:A:	2	5	1	3	0	14	13	9	0	122
ANID_00250T0_35-258,295-517_1PV7:A:	0	0	2	22	0	18	12	14	0	417
ANID_00265T0_539-627,712-749,912-947_1W3B:A:	0	0	0	23	0	35	6	26	0	388
ANID_00270T0_2-248_1LHP:A:	0	10	3	9	0	29	18	12	0	309
ANID_00280T0_223-582_2F2H:A:248-585	10	10	5	9	0	36	16	18	0	338
ANID_00280T0_6-219_2F2H:A:1-247	2	21	1	1	0	22	20	14	0	247
ANID_00280T0_583-668_2F2H:A:586-665	0	8	1	1	0	13	7	5	0	80
ANID_00282T0_230-344_2CPE:A:353-453	6	6	0	2	0	15	8	6	0	101
ANID_00282T0_5-99_1WG4:A:	0	5	0	2	0	12	10	3	0	97
ANID_00285T0_8-242_1PBT:A:	4	10	3	7	0	24	17	12	0	220
ANID_00288T0_247-282,469-564_1N3J:A:	3	9	0	2	0	19	13	1	0	119
ANID_00292T0_385-659_1P22:A:253-545	0	28	0	1	0	35	23	13	0	293
ANID_00292T0_86-235_2J49:A:149-282	0	2	2	8	0	8	3	6	0	134
ANID_00293T0_77-221,252-380_1IUP:A:	0	8	2	13	0	25	18	18	0	271
ANID_00295T0_6-91_1WF9:A:8-101	3	3	2	2	0	13	7	7	0	94
ANID_00333T0_5-30_2ADR:A:102-130	2	0	0	1	0	5	2	2	0	29
ANID_00338T0_40-503_1TQN:A:	5	9	7	18	0	43	20	30	0	472
ANID_00351T0_332-489_1EVY:A:198-357	0	0	1	8	0	11	6	8	0	160
ANID_00351T0_76-266,314-333_1M66:A:9-197	0	8	1	8	0	20	13	11	0	189
ANID_00353T0_60-120_1FS1:A:109-149	0	0	2	3	0	6	2	3	0	41
ANID_00370T0_34-281_1UIY:A:	1	9	3	12	0	25	13	10	0	253
ANID_00381T0_1-100,356-478_1Q3Q:A:9-145,A:406-526	0	9	0	10	0	19	6	13	1	258
ANID_00381T0_163-329_1ASS:A:	3	6	1	4	0	17	14	8	0	152
ANID_00381T0_108-169,322-357_1A6D:B:145-215,B:368-403	0	5	3	3	0	7	6	2	1	107
ANID_00383T0_13-186_1KS8:A:	12	3	3	18	0	47	26	25	0	432
ANID_00391T0_268-507_1YE8:A:1-178	0	9	2	5	0	17	7	11	0	178
ANID_00392T0_20-286_2DDR:A:7-305	4	15	0	5	0	36	21	17	0	299
ANID_00392T0_297-431_2GUD:A:1-121	0	13	0	0	0	14	12	3	0	121
ANID_00398T0_15-534_1LCI:A:	7	27	4	15	0	64	28	38	0	541
ANID_00401T0_80-210_1EEM:A:103-241	2	0	2	7	0	10	6	8	0	139
ANID_00401T0_14-105_1FW1:A:5-87	0	4	1	3	0	11	7	5	0	83
ANID_00402T0_137-197_1J7N:A:551-773	0	4	4	8	0	18	15	13	0	223
ANID_00403T0_5-345_1LPF:A:159-277	1	9	0	3	0	16	8	8	0	119
ANID_00420T0_5-52_1RE6:A:	2	5	0	2	0	15	10	0	0	93
ANID_00437T0_76-316_2I7T:A:9-459	0	22	5	10	0	45	27	19	0	451
ANID_00441T0_345-399_1IYM:A:	0	2	0	1	0	11	6	4	0	54
ANID_00442T0_76-222_1DFC:A:1008-1140	7	12	2	0	0	28	10	6	0	133
ANID_00454T0_142-446_1VLL:A:	3	15	2	12	0	33	17	19	0	321
ANID_00463T0_5-88_1OOT:A:	3	5	1	0	0	9	4	4	0	58
ANID_00473T0_40-452_1PW4:A:	2	0	1	18	0	21	18	22	0	450
ANID_00477T0_37-436_1EYB:A:	5	29	8	2	0	62	32	19	0	439
ANID_00487T0_71-492_1IIR:A:	0	13	4	14	0	38	21	15	0	401
ANID_00489T0_61-502_1PV7:A:	0	0	2	22	0	18	12	14	0	417
ANID_00494T0_24-460_1Q9H:A:	8	31	3	7	0	52	31	32	0	434
ANID_00494T0_492-526_1AZ6:A:	0	2	0	0	0	7	4	2	0	36
ANID_00497T0_38-476_1PV7:A:	0	0	2	22	0	18	12	14	0	417
ANID_00501T0_46-253,283-499_1PV7:A:	0	0	2	22	0	18	12	14	0	417
ANID_00505T0_39-133_1UW4:A:	0	6	0	2	0	13	5	4	0	91
ANID_00505T0_432-494_1X4G:A:8-103	0	6	0	3	0	12	8	3	0	96
ANID_00507T0_9-49_1CLD:A:	0	0	0	2	0	4	2	1	0	33
ANID_00521T0_45-245_1UZM:A:9-245	2	7	3	8	0	20	12	10	0	237
ANID_00530T0_7-188,298-399_2VOU:A:2-163,A:292-394	2	13	4	6	0	31	15	12	1	265
ANID_00530T0_200-301_2VOU:A:164-291	3	6	1	4	0	14	7	8	0	128
ANID_00533T0_10-58_1PYI:A:30-71	0	2	0	2	0	6	1	3	0	42
ANID_00539T0_558-706_1W3B:A:	0	0	0	23	0	35	6	26	0	388
ANID_00539T0_693-822_1ELR:A:	0	0	0	7	0	9	1	5	0	128
ANID_00539T0_91-214_1A17:A:	0	0	0	7	0	11	3	7	0	159
ANID_00539T0_333-484_1W3B:A:	0	0	0	23	0	35	6	26	0	388
ANID_00539T0_3-105_1W3B:A:	0	0	0	23	0	35	6	26	0	388
ANID_00539T0_244-384_1W3B:A:	0	0	0	23	0	35	6	26	0	388
ANID_00541T0_42-287,360-389_1LG2:A:22-266,A:335-386	1	9	6	9	0	32	20	17	1	297
ANID_00541T0_279-351_1E9L:A:267-336	1	6	0	1	0	7	3	6	0	70
ANID_00543T0_385-433_1E0G:A:	0	2	1	2	0	8	1	3	0	48
ANID_00543T0_218-265_1E0G:A:	0	2	1	2	0	8	1	3	0	48
ANID_00543T0_302-349_1Y7M:A:1-48	0	2	0	1	1	9	3	6	0	48
ANID_00543T0_133-180_1E0G:A:	0	2	1	2	0	8	1	3	0	48
ANID_00543T0_464-496_1E0G:A:	0	2	1	2	0	8	1	3	0	48
ANID_00549T0_86-327,399-431_1LG2:A:22-266,A:335-386	1	9	6	9	0	32	20	17	1	297
ANID_00549T0_327-398_1E9L:A:267-336	1	6	0	1	0	7	3	6	0	70
ANID_00549T0_41-73_1UHA:A:1-42	3	2	2	1	0	7	4	4	0	42
ANID_00551T0_74-543_1DL2:A:	6	19	4	20	0	49	26	30	0	511
ANID_00556T0_10-80,113-288_1II7:A:	4	19	4	8	0	37	23	13	0	333
ANID_00567T0_4-303,532-598_1CF3:A:3-324,A:521-583	17	12	7	11	0	49	28	29	1	385
ANID_00567T0_305-533_1CF3:A:325-520	4	8	6	6	0	21	11	8	0	196
ANID_00574T0_45-304_1IY8:A:	6	7	4	9	0	26	14	15	0	258
ANID_00576T0_256-341,387-519,558-727_1B3U:A:	0	0	8	44	0	40	26	36	0	588
ANID_00576T0_22-295_1MUO:A:	6	6	4	9	0	28	17	16	0	261
ANID_00576T0_1134-1382,1450-1498_1VYH:C:92-408	0	28	1	0	0	39	25	14	0	317
ANID_00578T0_274-325_2CSH:A:8-60	0	4	0	2	0	6	6	3	0	53
ANID_00578T0_247-284_2CSH:A:8-60	0	4	0	2	0	6	6	3	0	53
ANID_00587T0_207-399_1DKG:D:186-383	1	6	1	6	0	13	10	7	0	198
ANID_00587T0_14-197_1DKG:D:3-185	4	12	2	5	0	21	12	11	0	183
ANID_00589T0_120-396_1VEC:A:	0	7	1	9	0	25	16	12	0	206
ANID_00592T0_377-482_1X5O:A:8-108	2	4	0	2	0	12	8	5	0	101
ANID_00601T0_152-337,397-615_1PW4:A:	2	0	1	18	0	21	18	22	0	450
ANID_00606T0_91-543_1TQN:A:	5	9	7	18	0	43	20	30	0	472
ANID_00609T0_8-573_1V25:A:	8	24	4	16	0	59	31	33	0	534
ANID_00615T0_28-262_2FCT:A:3-310	14	16	4	4	0	47	24	25	0	308
ANID_00622T0_51-124_1PV7:A:	0	0	2	22	0	18	12	14	0	417
ANID_00624T0_21-113_1NN7:A:	2	4	2	4	0	12	7	7	0	105
ANID_00638T0_91-313_1LGY:A:	6	13	4	6	0	26	14	17	0	265
ANID_00646T0_413-842_1W36:D:2-360	6	9	4	14	0	32	29	25	0	359
ANID_00647T0_89-272_2CXH:A:13-192	2	9	0	4	0	15	9	8	0	180
ANID_00648T0_268-501_1VC4:A:	2	8	1	12	0	27	17	13	0	254
ANID_00648T0_10-207_1I7Q:B:	2	9	2	5	0	15	12	13	0	192
ANID_00648T0_516-563,599-750_1NSJ:A:	1	10	4	7	0	20	17	10	0	205
ANID_00649T0_38-559_1LCI:A:	7	27	4	15	0	64	28	38	0	541
ANID_00653T0_116-192_2D9I:A:8-90	0	4	1	2	0	11	4	6	0	83
ANID_00658T0_6-42_1CO4:A:	0	3	1	0	0	6	4	2	0	42
ANID_00666T0_105-334_1JJI:A:	0	8	5	11	0	21	17	19	0	311
ANID_00667T0_4-450_1PMI:A:	3	25	3	14	0	53	25	21	0	440
ANID_00670T0_220-367_2BZ1:A:1-174	0	7	0	7	0	17	9	10	0	174
ANID_00670T0_114-152_2BZ1:A:1-174	0	7	0	7	0	17	9	10	0	174
ANID_00674T0_69-152_1S7B:A:	0	0	0	4	0	10	7	3	0	109
ANID_00674T0_225-322_1S7B:A:	0	0	0	4	0	10	7	3	0	109
ANID_00680T0_22-65_1PYI:A:30-71	0	2	0	2	0	6	1	3	0	42
ANID_00690T0_10-290_1MLV:A:50-310	4	6	3	8	0	32	19	16	0	261
ANID_00692T0_7-326_1WXQ:A:1-319	2	8	3	10	0	30	20	14	0	319
ANID_00697T0_23-236_2EFK:A:10-288	0	0	1	6	0	5	3	5	0	279
ANID_00703T0_107-249,357-503_1GOT:B:	1	28	0	2	0	36	22	23	0	339
ANID_00703T0_406-488,587-755_1VYH:C:92-408	0	28	1	0	0	39	25	14	0	317
ANID_00708T0_25-378_1DQS:A:	3	13	4	15	0	30	16	22	0	388
ANID_00708T0_408-573_1G6S:A:	6	24	7	12	0	45	26	19	0	427
ANID_00709T0_554-581_2GLI:A:229-257	0	2	0	1	0	4	3	1	0	29
ANID_00710T0_26-183_1F8F:A:163-336	0	6	3	7	0	16	13	12	0	174
ANID_00738T0_22-64_2HAP:C:55-97	0	0	1	2	0	6	3	2	0	43
ANID_00743T0_24-178_2Q4V:A:3-169	1	7	2	6	0	14	4	9	0	167
ANID_00750T0_594-648,707-751,911-1078_1IKN:D:	0	0	3	10	0	26	9	18	0	221
ANID_00750T0_343-619_1WDY:A:	2	0	0	17	0	35	10	27	0	285
ANID_00756T0_51-397_1TG7:A:41-394	13	10	6	10	0	54	27	25	0	354
ANID_00756T0_400-571_1TG7:A:395-569	2	17	0	1	0	17	10	13	0	175
ANID_00756T0_654-834_1TG7:A:667-848	2	10	5	0	0	24	14	11	0	182
ANID_00756T0_835-998_1TG7:A:849-1011	5	9	0	1	0	21	11	11	0	163
ANID_00756T0_577-652_1TG7:A:570-666	1	9	0	2	0	11	5	6	0	97
ANID_00757T0_43-67,102-184,219-384,430-453_1IXK:A:	0	13	5	10	0	28	19	14	0	313
ANID_00760T0_54-396_1PW4:A:	2	0	1	18	0	21	18	22	0	450
ANID_00761T0_141-389_1FP2:A:109-352	1	9	4	13	0	24	10	15	0	244
ANID_00761T0_62-138_1FP1:D:19-128	1	2	2	5	0	10	5	11	0	110
ANID_00779T0_1-19,58-339_1H80:A:	9	29	2	5	0	61	31	22	0	464
ANID_00779T0_592-776,804-959_1RMG:A:	8	23	1	3	0	46	35	15	0	422
ANID_00782T0_107-382_1N11:A:	0	0	1	24	0	48	15	35	0	408
ANID_00782T0_994-1037_2IUB:A:286-349	0	0	0	2	0	2	2	2	0	64
ANID_00788T0_5-269_1EK1:A:226-544	1	8	6	12	0	34	28	21	0	319
ANID_00789T0_238-380_2YZQ:A:1-122	3	7	1	3	0	11	9	5	0	122
ANID_00792T0_492-535_1BOR:A:	2	0	0	0	0	13	12	2	0	56
ANID_00793T0_6-151,212-297_1ODK:A:	0	9	2	7	0	19	10	10	0	234
ANID_00801T0_39-513_1LCI:A:	7	27	4	15	0	64	28	38	0	541
ANID_00807T0_61-301_1T43:A:	2	9	3	11	0	29	18	14	0	274
ANID_00811T0_54-478_1PW4:A:	2	0	1	18	0	21	18	22	0	450
ANID_00816T0_359-415_1NH2:C:	1	3	0	0	0	3	0	2	0	59
ANID_00816T0_2-46_1YTF:B:	0	0	0	2	0	3	0	1	0	46
ANID_00825T0_29-90_1GD2:G:	0	0	0	1	0	3	1	0	0	69
ANID_00829T0_241-321,388-476_2DKF:A:1-431	4	21	3	12	0	51	31	26	0	431
ANID_00839T0_48-346_2ICH:A:24-351	2	23	2	0	0	34	18	20	0	328
ANID_00840T0_13-325_1SR9:A:61-370	6	8	4	11	0	32	18	18	0	310
ANID_00840T0_469-572_1SR9:A:492-643	0	6	0	2	0	7	5	4	0	152
ANID_00840T0_388-437_1SR9:A:437-491	0	0	0	3	0	3	1	2	0	55
ANID_00863T0_125-167_2ALC:A:	0	0	0	4	0	11	7	5	0	65
ANID_00866T0_138-328_1BUP:A:4-188	0	12	1	6	0	18	7	13	0	185
ANID_00866T0_340-537_1JCF:A:141-336	2	9	2	9	0	18	11	7	0	196
ANID_00874T0_168-316_1FA0:A:202-351	3	0	1	6	0	18	8	9	0	150
ANID_00874T0_318-496_1FA0:A:352-523	0	6	2	5	0	16	11	6	0	172
ANID_00874T0_8-163_1FA0:A:3-201	2	5	2	6	0	21	7	13	0	199
ANID_00875T0_3-321_2B61:A:2-358	4	12	4	11	0	40	22	25	0	357
ANID_00876T0_55-261_1EJE:A:	2	14	2	5	0	21	6	13	0	192
ANID_00883T0_6-90_2UCZ:A:	2	4	2	4	0	18	13	11	0	164
ANID_00887T0_84-322_1DV1:A:115-330	3	7	1	6	0	20	10	7	0	216
ANID_00887T0_4-113_1ULZ:A:1-114	0	5	1	6	0	12	6	6	0	114
ANID_00887T0_343-457_1ULZ:A:329-451	2	7	2	3	0	15	9	6	0	123
ANID_00887T0_946-1078_2PHC:B:86-217	4	9	1	2	0	15	8	8	0	132
ANID_00887T0_648-765_2PHC:B:86-217	4	9	1	2	0	15	8	8	0	132
ANID_00887T0_1156-1234_1O78:A:	4	6	0	0	0	18	11	2	0	84
ANID_00887T0_828-924_2PHC:B:2-85	0	5	0	2	0	7	3	5	0	84
ANID_00894T0_62-375_1WRB:A:164-401	2	8	2	8	0	26	18	9	0	238
ANID_00898T0_5-124_1FWQ:A:	7	10	1	0	0	17	12	7	0	115
ANID_00905T0_29-145,175-307_1NEX:B:370-744	1	32	0	0	0	32	16	23	0	355
ANID_00911T0_146-277,361-393_1JHJ:A:	4	11	3	3	0	17	12	7	0	161
ANID_00917T0_272-360,479-548_1X5S:A:8-97	0	4	0	2	0	11	8	3	0	89
ANID_00917T0_166-260_2CQ4:A:132-232	0	5	1	4	0	10	7	6	0	101
ANID_00924T0_10-83_1S7B:A:	0	0	0	4	0	10	7	3	0	109
ANID_00927T0_5-243_1XD3:A:	5	6	1	8	0	24	9	15	0	229
ANID_00938T0_56-485_1PV7:A:	0	0	2	22	0	18	12	14	0	417
ANID_00939T0_3-242_2FFI:A:10-280	6	7	4	11	0	35	13	20	0	271
ANID_00941T0_251-417,502-674_2F2H:A:248-585	10	10	5	9	0	36	16	18	0	338
ANID_00941T0_18-249_2F2H:A:1-247	2	21	1	1	0	22	20	14	0	247
ANID_00941T0_676-758_2F2H:A:586-665	0	8	1	1	0	13	7	5	0	80
ANID_00944T0_278-620_1FUK:A:	0	7	3	4	0	16	14	7	0	162
ANID_00948T0_69-373_1B0U:A:	0	12	1	10	0	24	16	14	0	261
ANID_00948T0_478-684_2HYD:A:324-578	2	10	5	9	0	25	21	16	0	255
ANID_00953T0_142-319_1KSH:A:	0	6	4	5	0	17	8	14	0	165
ANID_00954T0_81-157_1T0G:A:	0	5	1	3	0	13	7	9	0	109
ANID_00969T0_13-152_2Q4V:A:3-169	1	7	2	6	0	14	4	9	0	167
ANID_00971T0_2-97_1ELR:A:	0	0	0	7	0	9	1	5	0	128
ANID_00980T0_38-362_1TG7:A:41-394	13	10	6	10	0	54	27	25	0	354
ANID_00980T0_372-546_1TG7:A:395-569	2	17	0	1	0	17	10	13	0	175
ANID_00980T0_822-967_1TG7:A:849-1011	5	9	0	1	0	21	11	11	0	163
ANID_00980T0_635-819_1TG7:A:667-848	2	10	5	0	0	24	14	11	0	182
ANID_00980T0_548-632_1TG7:A:570-666	1	9	0	2	0	11	5	6	0	97
ANID_00986T0_663-724_1WEP:A:	3	2	0	2	0	13	9	5	0	78
ANID_00990T0_12-499_2I7T:A:9-459	0	22	5	10	0	45	27	19	0	451
ANID_00998T0_16-296,325-347_1RKD:A:	0	14	3	11	0	30	12	16	0	306
ANID_01025T0_878-1069_1XA6:A:271-466	0	0	1	11	0	17	14	15	0	196
ANID_01031T0_25-225,288-460,506-529_1PV7:A:	0	0	2	22	0	18	12	14	0	417
ANID_01034T0_433-793_1TQY:A:219-423	5	7	2	5	0	21	7	8	0	166
ANID_01034T0_956-1085,1160-1255_1MLA:A:3-127,A:198-307	2	5	1	12	0	22	14	13	1	235
ANID_01034T0_2348-2653,2683-2693_1Z45:A:11-357	2	11	2	11	0	33	21	15	0	347
ANID_01034T0_2079-2258_1VL5:A:	2	8	2	9	0	21	9	11	0	231
ANID_01034T0_1739-1821_2PNG:A:1-76	0	0	1	5	0	12	9	8	0	89
ANID_01034T0_1086-1145_1MLA:A:128-197	0	4	0	2	0	6	5	4	0	70
ANID_01045T0_98-189_1S7A:A:	0	3	1	5	0	9	8	3	0	103
ANID_01045T0_206-294_1S79:A:	0	4	1	3	0	13	8	5	0	102
ANID_01046T0_164-510_1QG8:A:	2	9	4	8	0	22	13	12	0	255
ANID_01060T0_306-517_2A1X:A:43-338	5	15	4	5	0	35	14	11	0	296
ANID_01062T0_5-67_1HBK:A:	0	0	0	4	0	9	4	5	0	89
ANID_01065T0_304-359_1WJT:A:	0	0	0	5	0	11	9	4	0	102
ANID_01077T0_15-62_1CLD:A:	0	0	0	2	0	4	2	1	0	33
ANID_01080T0_12-223_1RF8:A:	1	8	1	7	0	28	19	7	0	213
ANID_01093T0_201-503_2AKA:B:6-304	5	8	3	8	0	38	21	18	0	299
ANID_01099T0_149-245_1JQQ:A:	3	5	1	0	0	12	7	5	0	91
ANID_01102T0_193-599_1FC4:A:	4	15	0	16	0	43	22	25	0	400
ANID_01109T0_10-466_1PV7:A:	0	0	2	22	0	18	12	14	0	417
ANID_01115T0_1-356_1Q8F:A:	0	12	3	12	0	38	16	10	0	308
ANID_01119T0_3-80_1D3B:L:	0	5	1	1	0	9	3	5	0	90
ANID_01124T0_135-227,274-365_2IUB:A:9-285	0	7	2	6	0	23	14	10	0	281
ANID_01129T0_196-419_1W4X:A:155-389	3	10	3	7	0	23	20	9	0	235
ANID_01129T0_363-399,491-589_1FEC:A:170-286	1	8	1	3	0	14	10	8	0	117
ANID_01130T0_795-1148_1N11:A:	0	0	1	24	0	48	15	35	0	408
ANID_01130T0_659-866_1N11:A:	0	0	1	24	0	48	15	35	0	408
ANID_01130T0_209-459_1IN4:A:17-254	2	5	3	9	0	21	12	15	0	238
ANID_01138T0_9-490_1PW4:A:	2	0	1	18	0	21	18	22	0	450
ANID_01139T0_14-169_1TLT:A:5-127,A:268-308	1	5	2	8	0	16	11	11	1	164
ANID_01139T0_144-308_1ZH8:A:132-275	2	8	2	3	0	12	7	8	0	144
ANID_01140T0_5-332_1I60:A:	2	10	5	10	0	25	13	15	0	278
ANID_01153T0_59-218_1FI2:A:	2	10	3	3	0	28	15	13	0	201
ANID_01159T0_37-194_1ZDN:A:6-156	2	4	1	5	0	18	9	9	0	151
ANID_01170T0_261-516_1MVH:A:	5	15	3	2	0	50	27	17	0	269
ANID_01171T0_177-445_1O6L:A:	6	9	5	10	0	39	20	21	0	337
ANID_01171T0_862-918,1013-1059_1UL7:A:	1	4	1	2	0	12	5	2	0	101
ANID_01174T0_849-1075_1F3O:A:	0	10	2	7	0	22	15	14	0	232
ANID_01174T0_162-405_3D31:A:1-229	0	10	1	9	0	26	15	14	0	229
ANID_01178T0_1-88_1P27:A:	0	6	1	3	0	12	6	8	0	144
ANID_01183T0_55-99_1PYI:A:30-71	0	2	0	2	0	6	1	3	0	42
ANID_01193T0_477-622_2SCU:B:239-385	1	6	0	6	0	15	10	5	0	147
ANID_01193T0_38-154_1EUC:A:1-130	0	7	1	4	0	14	5	8	0	130
ANID_01193T0_180-273_1EUC:A:131-306	2	7	2	5	0	20	12	9	0	176
ANID_01193T0_312-473_1EUC:B:0-245	3	13	3	7	0	25	12	15	0	245
ANID_01196T0_100-282_2OV9:A:7-209	3	7	2	3	0	22	12	13	0	203
ANID_01197T0_290-544,577-746_1LF6:A:288-684	15	6	5	13	0	47	32	24	0	397
ANID_01201T0_35-245,427-498_1NJ8:A:0-267	9	12	1	7	0	30	16	15	0	267
ANID_01201T0_483-589_1HC7:A:277-403	1	5	1	4	0	10	5	8	0	127
ANID_01204T0_1-110_1Q4R:A:	0	4	0	4	0	11	5	5	0	103
ANID_01217T0_46-126_1YZ8:P:1-60	0	0	0	3	0	5	4	4	0	60
ANID_01223T0_6-270_1YRB:A:1-244	0	7	3	11	0	22	15	9	0	245
ANID_01227T0_47-128,182-205,245-262,400-495_1NR0:A:2-312	4	27	1	0	0	38	22	20	0	311
ANID_01231T0_523-711_1RZT:A:386-575	1	11	2	6	0	21	6	11	0	190
ANID_01231T0_366-462_1NZP:A:	0	0	0	4	0	8	6	5	0	86
ANID_01231T0_469-520_1RZT:A:329-385	0	0	0	5	0	4	3	5	0	57
ANID_01231T0_123-215_1WF6:A:	1	4	3	3	0	15	14	3	0	131
ANID_01238T0_213-348_1H4I:A:	12	38	11	5	0	80	39	44	0	595
ANID_01242T0_3811-4369_1AMU:A:	4	26	5	15	0	55	36	34	0	514
ANID_01242T0_223-761_1AMU:A:	4	26	5	15	0	55	36	34	0	514
ANID_01242T0_2768-3334_1AMU:A:	4	26	5	15	0	55	36	34	0	514
ANID_01242T0_1745-2289_1AMU:A:	4	26	5	15	0	55	36	34	0	514
ANID_01242T0_5129-5369_1L5A:A:175-424	4	7	2	7	0	24	11	13	0	250
ANID_01242T0_3579-3812_1L5A:A:175-424	4	7	2	7	0	24	11	13	0	250
ANID_01242T0_1512-1754_1Q9J:A:181-418	4	7	1	5	0	21	13	10	0	238
ANID_01242T0_4951-5143_1NOC:B:	1	9	1	5	0	22	13	9	0	213
ANID_01242T0_5773-6008_1L5A:A:175-424	4	7	2	7	0	24	11	13	0	250
ANID_01242T0_1334-1525_1NOC:B:	1	9	1	5	0	22	13	9	0	213
ANID_01242T0_2551-2765_1XL7:A:393-610	1	6	1	6	0	16	7	12	0	218
ANID_01242T0_861-1033_1L5A:A:1-174	1	6	2	5	0	15	9	11	0	174
ANID_01242T0_4485-4651_1Q9J:A:1-175	1	7	2	4	0	16	9	4	0	175
ANID_01242T0_4671-4905_1L5A:A:175-424	4	7	2	7	0	24	11	13	0	250
ANID_01242T0_5597-5784_1L5A:A:1-174	1	6	2	5	0	15	9	11	0	174
ANID_01242T0_1045-1297_1L5A:A:175-424	4	7	2	7	0	24	11	13	0	250
ANID_01242T0_2304-2526_1B5S:A:	2	9	4	6	0	29	13	11	0	242
ANID_01242T0_3464-3554_1L5A:A:1-174	1	6	2	5	0	15	9	11	0	174
ANID_01242T0_3352-3421_1DNY:A:	0	0	0	4	0	8	7	2	0	76
ANID_01242T0_5462-5531_1DNY:A:	0	0	0	4	0	8	7	2	0	76
ANID_01242T0_7-231_1XL7:A:393-610	1	6	1	6	0	16	7	12	0	218
ANID_01242T0_783-854_1DNY:A:	0	0	0	4	0	8	7	2	0	76
ANID_01242T0_4401-4466_1DNY:A:	0	0	0	4	0	8	7	2	0	76
ANID_01242T0_6053-6125_1F80:D:	2	0	0	5	0	8	3	2	0	80
ANID_01252T0_27-141_2AF7:A:1-119	0	0	0	8	1	9	2	7	0	119
ANID_01255T0_646-898_1Z3I:X:390-735	0	10	6	11	0	41	29	23	0	346
ANID_01255T0_423-645_1Z63:A:432-661	0	7	2	11	0	24	16	18	0	230
ANID_01255T0_339-403_2B2Y:A:108-187	0	3	1	2	0	6	3	4	0	78
ANID_01255T0_256-324_2DY7:A:172-252	0	3	0	3	0	8	3	3	0	81
ANID_01256T0_371-539_1V43:A:7-245	1	10	2	8	0	20	13	15	0	239
ANID_01256T0_94-293_1G29:1:1-240	1	11	4	8	0	20	15	14	0	240
ANID_01256T0_6-145_1DUR:A:	0	4	1	1	0	12	2	4	0	55
ANID_01265T0_435-491_1X6E:A:8-40	0	2	1	1	0	4	3	1	0	33
ANID_01265T0_400-448_2EPR:A:350-384	0	2	1	1	0	3	4	1	0	35
ANID_01265T0_496-539_2GLI:A:168-197	0	0	0	1	0	3	2	2	0	30
ANID_01269T0_7-205,236-330_1OKC:A:	0	0	6	11	0	19	10	9	0	292
ANID_01273T0_41-402_1QJW:A:	5	8	5	10	0	44	33	28	0	362
ANID_01280T0_52-77,157-345_1TXU:A:	0	0	4	11	0	13	8	14	0	254
ANID_01280T0_488-742_1BLX:B:	0	0	1	10	0	20	5	17	0	160
ANID_01280T0_783-880_1OCS:A:	0	3	0	4	0	15	8	7	0	132
ANID_01291T0_1-161_1X6M:A:	1	11	5	3	0	24	13	10	0	195
ANID_01292T0_26-140,170-203,248-292_1D2T:A:	0	0	2	13	0	18	11	13	0	224
ANID_01296T0_396-564_1SHK:A:	0	5	1	7	0	12	6	5	0	173
ANID_01300T0_5-244_1SNY:A:	3	7	6	7	0	28	16	13	0	266
ANID_01305T0_17-89_1YLQ:A:1-90	0	4	1	4	0	10	6	3	0	90
ANID_01306T0_47-183_1T44:G:	1	8	1	4	0	15	3	10	0	144
ANID_01306T0_187-269_1M2V:B:754-926	1	4	1	3	0	19	8	8	0	173
ANID_01306T0_297-392_1D0N:A:629-755	0	5	2	5	0	19	8	10	0	127
ANID_01312T0_6-174_1YB5:A:6-120,A:295-329	2	9	3	2	0	18	11	6	1	150
ANID_01312T0_126-254_1PQW:A:	0	7	2	7	0	15	7	13	0	183
ANID_01313T0_25-269_1FP2:A:109-352	1	9	4	13	0	24	10	15	0	244
ANID_01314T0_51-540_1THG:A:	5	16	8	19	0	57	37	36	0	543
ANID_01315T0_5-165,208-336_1HOW:A:	5	10	4	11	0	39	18	24	0	362
ANID_01318T0_38-383_1LNL:A:3-304	6	2	5	11	0	38	28	25	0	307
ANID_01322T0_17-353_2AKA:B:6-304	5	8	3	8	0	38	21	18	0	299
ANID_01326T0_267-549_1B3U:A:	0	0	8	44	0	40	26	36	0	588
ANID_01326T0_51-260_1O6Y:A:	1	11	3	8	0	24	14	12	0	276
ANID_01329T0_35-245_1W1O:A:40-245	2	10	2	6	0	23	19	14	0	206
ANID_01332T0_39-392_1EQC:A:	4	8	10	10	0	47	30	30	0	394
ANID_01349T0_239-354_1WHR:A:	0	3	1	3	0	17	10	4	0	123
ANID_01353T0_103-149_1KU5:A:	0	2	0	3	0	7	3	3	0	66
ANID_01355T0_109-204_1S7B:A:	0	0	0	4	0	10	7	3	0	109
ANID_01355T0_360-407_1S7B:A:	0	0	0	4	0	10	7	3	0	109
ANID_01358T0_3-298_1A6Q:A:2-296	3	15	2	7	0	26	16	16	0	295
ANID_01362T0_80-133_1MN3:A:	0	0	0	3	0	6	4	1	0	54
ANID_01370T0_66-185,219-297_1R3B:A:	2	0	2	7	0	15	12	7	0	201
ANID_01406T0_28-72_1PYI:A:30-71	0	2	0	2	0	6	1	3	0	42
ANID_01414T0_85-326_1MNN:A:	5	22	7	3	0	40	15	13	0	303
ANID_01418T0_2-260_1NE7:A:	3	10	8	9	0	26	24	20	0	281
ANID_01423T0_15-186,234-457_1PV7:A:	0	0	2	22	0	18	12	14	0	417
ANID_01426T0_61-157,187-516_1WPX:A:1-421	5	13	3	17	0	47	29	31	0	421
ANID_01446T0_22-403_1N8P:A:	5	12	2	13	0	43	33	20	0	393
ANID_01463T0_35-146_1M6B:A:8-165	4	12	1	1	0	27	12	8	0	158
ANID_01468T0_185-428,460-517_1VYH:C:92-408	0	28	1	0	0	39	25	14	0	317
ANID_01468T0_47-104_2DK4:A:8-70	0	0	0	2	0	11	7	2	0	63
ANID_01475T0_8-114_2COY:A:8-106	1	7	1	0	0	15	11	4	0	99
ANID_01479T0_383-539,590-743_1EWQ:A:267-541	2	4	1	10	0	20	10	10	0	275
ANID_01479T0_747-979_1EWQ:A:542-765	2	10	1	6	0	20	13	10	0	224
ANID_01479T0_88-204_1E3M:A:2-116	0	6	3	3	0	11	6	7	0	115
ANID_01479T0_206-395_1EWQ:A:121-266	1	6	2	5	0	14	11	3	0	146
ANID_01482T0_24-683_1PG4:A:	11	30	5	21	0	71	40	44	0	643
ANID_01486T0_9-213_1V77:A:	0	7	1	10	0	20	13	6	0	202
ANID_01489T0_25-428,471-521_1PV7:A:	0	0	2	22	0	18	12	14	0	417
ANID_01494T0_17-81,164-230,267-310_1HS6:A:1-208	2	15	4	0	0	20	10	12	0	208
ANID_01494T0_331-576_1HS6:A:209-460	1	7	4	11	0	19	10	13	0	252
ANID_01503T0_3-298_1XKY:A:1-292	2	8	2	12	0	25	18	17	0	292
ANID_01506T0_42-398_1PW4:A:	2	0	1	18	0	21	18	22	0	450
ANID_01528T0_21-152,236-327,484-519,698-800,869-1046_1W9C:A:	0	0	4	15	0	20	13	12	0	321
ANID_01533T0_100-153,211-411_1W9C:A:	0	0	4	15	0	20	13	12	0	321
ANID_01535T0_189-332_1KLX:A:	0	0	0	8	0	11	4	8	0	133
ANID_01538T0_36-142_1F3U:A:	1	7	0	3	0	13	3	10	0	118
ANID_01538T0_259-324_1BBY:A:	3	0	0	3	0	11	3	2	0	69
ANID_01539T0_295-373_1UFM:A:	0	3	0	3	0	8	7	3	0	83
ANID_01545T0_23-125,178-381,431-464_1ERJ:A:	2	30	1	1	0	43	24	22	0	388
ANID_01546T0_227-291_1E91:A:	0	0	0	4	0	8	6	3	0	85
ANID_01546T0_474-545_1G1E:B:	0	0	0	4	0	6	2	5	0	89
ANID_01546T0_691-756_1E91:A:	0	0	0	4	0	8	6	3	0	85
ANID_01558T0_54-779_1LKX:A:	9	14	5	27	0	58	39	31	0	684
ANID_01558T0_1071-1161_1OV3:A:150-214	3	5	1	0	0	9	4	3	0	59
ANID_01563T0_115-331_1PSD:A:108-295	4	7	2	6	0	25	15	12	0	188
ANID_01564T0_20-213_1B63:A:2-216	0	8	2	8	0	19	14	13	0	216
ANID_01564T0_209-363_1H7S:A:232-365	2	7	1	4	0	12	4	9	0	134
ANID_01568T0_317-586_1R59:O:257-491	1	10	2	5	0	26	22	13	0	235
ANID_01568T0_7-295_1R59:O:5-256	12	6	1	9	0	35	21	15	0	252
ANID_01571T0_23-341_1WD3:A:19-337	9	20	1	3	0	43	26	18	0	319
ANID_01571T0_344-507_1WD3:A:338-499	0	12	1	3	0	20	11	16	0	162
ANID_01573T0_4-374_1J71:A:	2	26	4	3	0	34	19	20	0	334
ANID_01579T0_42-148_2DTG:E:312-467	7	8	1	3	0	23	17	14	0	156
ANID_01582T0_157-384_1PV9:A:125-345	6	13	2	4	0	27	12	10	0	221
ANID_01582T0_5-151_1KP0:A:1-156	1	7	1	6	0	18	12	8	0	156
ANID_01583T0_36-214,338-420_1VGY:A:2-180,A:294-376	6	13	2	7	0	28	17	16	1	262
ANID_01583T0_214-337_1CG2:A:214-326	3	6	2	2	0	12	8	5	0	113
ANID_01585T0_18-488_1BI9:A:	7	19	2	16	0	50	25	21	0	499
ANID_01586T0_237-676_1EKM:A:237-672	7	24	6	5	0	52	24	29	0	436
ANID_01586T0_109-240_1EKM:A:116-236	1	4	2	4	0	14	8	6	0	121
ANID_01586T0_3-105_1EKM:A:17-115	0	4	0	2	0	7	4	5	0	99
ANID_01591T0_519-741_2CE7:A:150-402	2	5	6	9	0	24	12	16	0	253
ANID_01594T0_33-157,191-216,336-509_2SQC:A:37-307	0	3	7	10	0	24	17	17	0	271
ANID_01606T0_136-479_1I4A:A:	0	0	0	19	0	23	16	5	0	309
ANID_01607T0_98-194,231-545_1IIR:A:	0	13	4	14	0	38	21	15	0	401
ANID_01611T0_211-411,482-611_1B37:A:5-293,A:406-463	9	15	3	12	0	38	24	22	1	347
ANID_01612T0_40-256,394-588_1PV7:A:	0	0	2	22	0	18	12	14	0	417
ANID_01616T0_22-334_1PYF:A:	6	11	6	11	0	33	19	21	0	311
ANID_01617T0_23-125_1PYF:A:	6	11	6	11	0	33	19	21	0	311
ANID_01623T0_5-194,318-389_1LVL:A:1-150,A:266-335	2	13	2	5	0	23	11	12	1	220
ANID_01632T0_20-181,215-410_1MUO:A:	6	6	4	9	0	28	17	16	0	261
ANID_01637T0_18-411,439-465_1C0N:A:	4	15	6	13	0	47	23	26	0	404
ANID_01637T0_491-640_2EXN:A:1-128	0	10	2	1	0	16	8	7	0	120
ANID_01663T0_463-602_1CM8:A:	4	12	4	11	0	37	21	16	0	346
ANID_01668T0_11-77_1G25:A:	0	3	0	2	0	10	4	5	0	65
ANID_01669T0_7-125_1FXK:C:	0	4	0	2	0	5	1	6	0	133
ANID_01688T0_6-305_2GHS:A:20-314	5	25	1	1	0	33	15	22	0	295
ANID_01690T0_129-285_2AR1:A:7-163	0	6	2	5	0	20	8	9	0	157
ANID_01691T0_94-509_1PW4:A:	2	0	1	18	0	21	18	22	0	450
ANID_01699T0_133-387_1IVH:A:6-241	3	8	6	7	0	20	10	16	0	236
ANID_01699T0_374-534_1EGD:A:242-396	2	2	3	5	0	4	4	8	0	155
ANID_01699T0_2-83_1KBI:A:1-97	4	4	3	4	0	14	7	8	0	97
ANID_01703T0_20-425_1DT6:A:	6	6	3	14	0	50	32	19	0	472
ANID_01706T0_58-362_2AFW:A:33-361	6	6	3	10	0	32	24	20	0	329
ANID_01708T0_606-905_1EWQ:A:267-541	2	4	1	10	0	20	10	10	0	275
ANID_01708T0_910-1144_1E3M:A:567-800	2	10	1	6	0	25	13	9	0	234
ANID_01708T0_296-424_1EWQ:A:1-120	0	6	3	3	0	13	6	4	0	120
ANID_01708T0_423-595_1E3M:A:117-269	1	7	4	3	0	23	9	11	0	153
ANID_01709T0_26-361_1JIL:A:	7	5	5	15	0	31	10	14	0	323
ANID_01709T0_406-505_1H3F:A:352-432	1	7	1	2	0	10	3	6	0	81
ANID_01734T0_9-222,249-356_1I60:A:	2	10	5	10	0	25	13	15	0	278
ANID_01737T0_30-467_1TQN:A:	5	9	7	18	0	43	20	30	0	472
ANID_01742T0_334-725_2JE8:A:331-678	9	13	4	11	0	41	27	20	0	348
ANID_01742T0_24-209_2JE8:A:28-219	6	10	4	3	0	24	18	9	0	192
ANID_01742T0_233-336_2VZS:A:226-335	0	8	0	0	0	9	5	5	0	110
ANID_01746T0_1398-1795_1ND7:A:	2	12	7	14	0	33	22	22	0	373
ANID_01746T0_141-199,232-528,579-656_1IAL:A:	0	0	4	28	0	36	22	21	0	453
ANID_01747T0_53-257_2OV9:A:7-209	3	7	2	3	0	22	12	13	0	203
ANID_01748T0_79-216,247-543_1TQN:A:	5	9	7	18	0	43	20	30	0	472
ANID_01758T0_286-350_2DOD:A:651-719	0	0	2	3	0	6	5	3	0	69
ANID_01758T0_5-43_1ZR7:A:12-39	0	3	0	0	0	2	1	3	0	28
ANID_01758T0_128-158_1ZR7:A:12-39	0	3	0	0	0	2	1	3	0	28
ANID_01761T0_77-194_1YH6:A:23-174	3	4	0	7	0	16	8	9	0	152
ANID_01766T0_30-229,286-457,504-528_1PV7:A:	0	0	2	22	0	18	12	14	0	417
ANID_01767T0_41-204_1QZU:A:	0	5	3	8	0	18	11	11	0	181
ANID_01767T0_413-525_2AJA:A:3-348	0	2	5	21	0	23	18	21	0	346
ANID_01777T0_277-394_1ENW:A:	0	0	0	5	0	12	10	7	0	114
ANID_01777T0_53-119_1WEM:A:	0	2	0	3	0	11	7	3	0	75
ANID_01780T0_249-495_2BWV:A:177-440	4	11	3	6	0	29	15	15	0	264
ANID_01780T0_70-248_2BWV:A:1-176	0	8	2	7	0	18	9	6	0	176
ANID_01784T0_8-334,367-409,443-465_1DD8:A:254-406	3	7	2	4	0	19	8	6	0	153
ANID_01784T0_576-707,775-876_1MLA:A:3-127,A:198-307	2	5	1	12	0	22	14	13	1	235
ANID_01784T0_1396-1594_1VE3:A:2-227	0	10	2	7	0	20	9	11	0	226
ANID_01784T0_2121-2304_2FR1:A:1657-1915	2	9	2	10	0	25	12	17	0	259
ANID_01784T0_710-774_1MLA:A:128-197	0	4	0	2	0	6	5	4	0	70
ANID_01784T0_2408-2475_2PNG:A:1-76	0	0	1	5	0	12	9	8	0	89
ANID_01786T0_6-193,324-431_3C96:A:4-182,A:294-402	1	13	1	8	0	26	14	13	1	288
ANID_01793T0_6-292_1DI1:A:	0	0	0	13	0	17	9	12	0	300
ANID_01796T0_115-287,369-392,423-477_2HY1:A:10-265	5	11	0	6	0	28	15	11	0	256
ANID_01797T0_17-476_1PV7:A:	0	0	2	22	0	18	12	14	0	417
ANID_01800T0_678-718,773-847_1R62:A:	0	7	1	3	0	11	0	7	0	156
ANID_01800T0_931-1069_1OXB:B:	0	5	0	5	0	13	11	4	0	124
ANID_01800T0_527-605_2C2A:A:232-320	0	0	1	3	0	3	0	4	0	89
ANID_01802T0_33-112_1B34:B:	0	5	1	1	0	8	1	3	0	93
ANID_01806T0_10-162,224-310_1ECP:A:	4	10	0	7	0	23	13	12	0	237
ANID_01806T0_395-628_1LV7:A:	2	6	3	10	0	31	17	18	0	256
ANID_01818T0_34-308_1TA3:B:	7	9	3	13	0	29	20	18	0	301
ANID_01819T0_3-295_1K6X:A:	2	13	3	12	0	37	26	20	0	350
ANID_01821T0_5-173,283-367_3C96:A:4-182,A:294-402	1	13	1	8	0	26	14	13	1	288
ANID_01822T0_4-252_1IY8:A:	6	7	4	9	0	26	14	15	0	258
ANID_01826T0_7-261_1XM8:A:	1	14	3	9	0	25	7	18	0	253
ANID_01829T0_12-54_2HAP:C:55-97	0	0	1	2	0	6	3	2	0	43
ANID_01830T0_9-447_1PV7:A:	0	0	2	22	0	18	12	14	0	417
ANID_01840T0_13-122,190-398_1AFW:A:294-417	3	4	3	4	0	12	4	7	0	124
ANID_01844T0_50-205_1CF1:A:10-182	1	11	0	2	0	21	13	6	0	173
ANID_01851T0_23-147,397-462,500-552_1A6D:A:17-145,A:404-519	0	9	1	11	0	18	7	14	1	245
ANID_01851T0_203-370_1Q3Q:A:217-369	3	9	2	3	0	18	15	4	0	153
ANID_01851T0_146-209,363-398_1Q3Q:A:146-216,A:370-405	1	5	3	3	0	8	7	2	1	107
ANID_01873T0_4-136_1EBB:A:	4	6	4	7	0	26	7	13	0	202
ANID_01879T0_396-587,879-964_1VGY:A:2-180,A:294-376	6	13	2	7	0	28	17	16	1	262
ANID_01879T0_94-165,213-406_1GOT:B:	1	28	0	2	0	36	22	23	0	339
ANID_01885T0_14-260_1H5Q:A:	2	10	7	8	0	25	12	15	0	260
ANID_01888T0_8-286_1RV8:A:	3	8	0	11	0	31	14	11	0	305
ANID_01889T0_28-203_1PV7:A:	0	0	2	22	0	18	12	14	0	417
ANID_01891T0_7-241,335-442_1K2X:A:,B:	4	13	2	9	0	28	12	18	1	291
ANID_01893T0_14-69_2ALC:A:	0	0	0	4	0	11	7	5	0	65
ANID_01912T0_49-128,160-382_2AKA:B:6-304	5	8	3	8	0	38	21	18	0	299
ANID_01919T0_23-321_1VM7:A:	1	14	5	9	0	34	15	11	0	299
ANID_01927T0_120-173_2ALC:A:	0	0	0	4	0	11	7	5	0	65
ANID_01932T0_42-159_1XM0:A:1-143	0	8	2	3	0	18	13	9	0	143
ANID_01935T0_12-141_1H67:A:	0	0	1	6	0	8	10	5	0	107
ANID_01943T0_137-183_1OTR:A:	0	0	0	3	0	5	3	2	0	49
ANID_01943T0_454-540_2D9I:A:8-90	0	4	1	2	0	11	4	6	0	83
ANID_01945T0_29-226_2HSZ:A:1-224	1	8	4	8	0	23	14	13	0	224
ANID_01951T0_1-55_2VRD:A:1-61	0	2	0	3	0	7	6	4	0	61
ANID_01956T0_822-1100_1Z3I:X:390-735	0	10	6	11	0	41	29	23	0	346
ANID_01956T0_554-821_1Z63:A:432-661	0	7	2	11	0	24	16	18	0	230
ANID_01956T0_382-481_2DNV:A:7-58	0	3	0	1	0	5	3	1	0	51
ANID_01956T0_253-313_1MM3:A:	1	2	0	0	0	12	10	3	0	60
ANID_01957T0_326-503_1GZ0:A:78-243	2	7	2	7	0	17	12	8	0	166
ANID_01957T0_185-275_1GZ0:F:10-77	2	6	3	7	0	19	13	7	0	166
ANID_01966T0_3657-4012_1ND7:A:	2	12	7	14	0	33	22	22	0	373
ANID_01966T0_442-591,672-713,777-854,935-1003_1XM9:A:244-700	0	0	2	27	0	26	20	30	0	457
ANID_01972T0_8-241,296-334,366-394_1REO:A:3-319,A:433-486	3	16	7	15	0	35	20	23	1	371
ANID_01982T0_284-495,586-687_1NR0:A:313-611	0	28	1	0	0	35	26	23	0	299
ANID_01990T0_57-334_1NVM:A:2-290	10	8	3	11	0	35	15	21	0	289
ANID_01997T0_127-185_1X6E:A:8-40	0	2	1	1	0	4	3	1	0	33
ANID_01997T0_170-224_1X6E:A:8-40	0	2	1	1	0	4	3	1	0	33
ANID_01999T0_36-286_1WZN:A:1-251	1	11	4	7	0	20	9	14	0	251
ANID_02008T0_58-206_1VJR:A:	1	15	3	10	0	29	18	14	0	270
ANID_02018T0_16-388_2GUY:A:1-381	12	13	11	13	0	43	24	24	0	381
ANID_02018T0_396-490_2AAA:A:382-476	0	8	0	1	0	12	5	9	0	95
ANID_02029T0_146-298_1FQV:A:146-431	8	13	3	8	0	55	21	24	0	286
ANID_02032T0_403-775_1E5M:A:6-255	6	7	5	9	0	27	15	17	0	250
ANID_02032T0_922-1049,1119-1214_1MLA:A:3-127,A:198-307	2	5	1	12	0	22	14	13	1	235
ANID_02032T0_1864-1899,1939-2174_1Z45:A:11-357	2	11	2	11	0	33	21	15	0	347
ANID_02032T0_1686-1764_2PNG:A:1-76	0	0	1	5	0	12	9	8	0	89
ANID_02032T0_1050-1117_1MLA:A:128-197	0	4	0	2	0	6	5	4	0	70
ANID_02034T0_15-161_3EF8:A:1-149	1	6	0	4	0	6	4	6	0	149
ANID_02035T0_8-382,416-437_2IX4:A:301-461	2	7	2	5	0	21	9	9	0	161
ANID_02035T0_562-692,763-873_1MLA:A:3-127,A:198-307	2	5	1	12	0	22	14	13	1	235
ANID_02035T0_1948-2123_1PQW:A:	0	7	2	7	0	15	7	13	0	183
ANID_02035T0_2182-2380_2FR1:A:1657-1915	2	9	2	10	0	25	12	17	0	259
ANID_02035T0_1414-1589_1VL5:A:	2	8	2	9	0	21	9	11	0	231
ANID_02035T0_1856-1978_1JQB:A:1001-1139,A:1314-1351	3	10	3	4	0	22	11	11	1	177
ANID_02035T0_697-761_1MLA:A:128-197	0	4	0	2	0	6	5	4	0	70
ANID_02035T0_2485-2553_2PNG:A:1-76	0	0	1	5	0	12	9	8	0	89
ANID_02036T0_4-43_2HAP:C:55-97	0	0	1	2	0	6	3	2	0	43
ANID_02047T0_17-166_1RFJ:A:	2	2	0	7	0	16	5	7	0	148
ANID_02060T0_27-265_1SQJ:A:4-430	5	31	4	2	0	58	43	30	0	427
ANID_02063T0_385-623_1F60:A:2-240	2	8	3	8	0	25	15	13	0	239
ANID_02063T0_610-701_1JNY:A:228-322	2	10	2	0	0	11	5	7	0	95
ANID_02063T0_706-795_1JNY:A:323-429	2	9	1	0	0	13	7	7	0	107
ANID_02072T0_716-1085_2GFO:A:762-1109	3	20	3	10	0	40	19	15	0	348
ANID_02072T0_385-527_1WHB:A:	2	5	3	6	0	22	12	7	0	156
ANID_02073T0_237-271,311-620_1A12:A:	5	30	5	1	0	58	38	27	0	401
ANID_02073T0_891-1009_1BUO:A:	0	3	1	6	0	11	5	4	0	121
ANID_02073T0_89-187_1UOH:A:	0	0	1	14	0	27	7	20	0	223
ANID_02075T0_14-197,291-387_1FOH:A:1-240,A:342-461	4	15	4	9	0	43	22	18	1	360
ANID_02075T0_430-583_1FOH:A:462-662	10	7	3	4	0	22	21	18	0	201
ANID_02075T0_200-297_1FOH:A:241-341	0	5	0	1	0	7	4	3	0	101
ANID_02086T0_30-449_1XIP:A:	5	30	1	2	0	35	25	17	0	387
ANID_02087T0_745-1045_1OYW:A:207-406	1	6	0	8	0	23	16	13	0	200
ANID_02087T0_1108-1219_1OYW:A:407-516	0	4	3	5	0	8	4	7	0	110
ANID_02087T0_1342-1391_1WUD:A:530-606	0	0	0	5	0	6	3	4	0	77
ANID_02092T0_24-222,258-394_1MTZ:A:	4	8	4	10	0	27	19	19	0	290
ANID_02098T0_9-94_1W2I:A:	0	5	0	2	0	9	4	4	0	90
ANID_02126T0_2-265_1IZN:A:	1	10	1	7	0	22	12	12	0	275
ANID_02138T0_563-765,806-1119_2G2J:A:307-474	2	7	1	5	0	20	12	5	0	178
ANID_02138T0_377-486_2DAY:A:8-122	0	4	0	3	0	10	8	4	0	115
ANID_02138T0_56-149_1DI2:A:	0	3	1	2	0	5	2	2	0	69
ANID_02139T0_71-146,173-247_1XQU:A:	1	5	1	2	0	17	11	6	0	146
ANID_02141T0_9-155_1XJV:A:6-145	1	5	2	1	0	13	8	4	0	140
ANID_02141T0_182-340_1XJV:A:149-299	1	7	3	3	0	19	9	4	0	151
ANID_02143T0_376-562,687-712,785-830,953-974_1XQR:A:87-350	0	0	3	17	0	17	9	12	0	267
ANID_02147T0_1576-1808_2OOE:A:21-549	2	0	2	28	0	36	16	28	0	529
ANID_02147T0_1307-1395_1SRO:A:	1	4	0	1	0	12	5	5	0	76
ANID_02147T0_1216-1305_1SRO:A:	1	4	0	1	0	12	5	5	0	76
ANID_02147T0_630-710_3BZK:A:637-730	0	5	2	2	0	13	4	6	0	94
ANID_02147T0_935-1013_2NN6:I:61-185	3	8	2	0	0	18	8	6	0	125
ANID_02147T0_531-630_1SRO:A:	1	4	0	1	0	12	5	5	0	76
ANID_02147T0_1123-1208_3BZK:A:637-730	0	5	2	2	0	13	4	6	0	94
ANID_02147T0_1025-1120_1KL9:A:3-88	0	5	1	0	0	6	3	5	0	86
ANID_02147T0_811-900_3BZK:A:637-730	0	5	2	2	0	13	4	6	0	94
ANID_02147T0_244-334_1WI5:A:	0	5	0	1	0	15	8	4	0	118
ANID_02147T0_459-535_1SRO:A:	1	4	0	1	0	12	5	5	0	76
ANID_02147T0_147-247_1WI5:A:	0	5	0	1	0	15	8	4	0	118
ANID_02147T0_716-803_1WI5:A:	0	5	0	1	0	15	8	4	0	118
ANID_02147T0_1528-1573_2OOE:A:21-549	2	0	2	28	0	36	16	28	0	529
ANID_02165T0_80-360_1T43:A:	2	9	3	11	0	29	18	14	0	274
ANID_02168T0_101-175_1K2F:A:	2	12	2	5	0	17	7	14	0	190
ANID_02168T0_19-92_1JM7:B:	4	0	1	2	0	15	9	4	0	97
ANID_02168T0_185-246_1K2F:A:	2	12	2	5	0	17	7	14	0	190
ANID_02175T0_9-276,439-499_1CF3:A:3-324,A:521-583	17	12	7	11	0	49	28	29	1	385
ANID_02175T0_285-440_1GPE:A:329-524	4	8	4	7	0	18	14	8	0	196
ANID_02177T0_57-317_1H5Q:A:	2	10	7	8	0	25	12	15	0	260
ANID_02190T0_95-296,327-365_1XJ5:A:	0	12	4	9	0	28	19	16	0	290
ANID_02191T0_124-312_1PQ2:A:	6	9	3	17	0	42	25	31	0	463
ANID_02192T0_9-166_1I19:A:57-273	2	11	1	4	0	28	15	16	0	217
ANID_02195T0_1040-1357_1N11:A:	0	0	1	24	0	48	15	35	0	408
ANID_02195T0_800-1003_1N11:A:	0	0	1	24	0	48	15	35	0	408
ANID_02195T0_1301-1511_1N11:A:	0	0	1	24	0	48	15	35	0	408
ANID_02195T0_1601-1646_2DIP:A:8-92	0	4	1	1	0	13	11	1	0	85
ANID_02196T0_67-509_1PW4:A:	2	0	1	18	0	21	18	22	0	450
ANID_02199T0_21-146_1J58:A:	3	25	4	8	0	49	28	23	0	372
ANID_02207T0_41-211_2CL5:A:3-216	0	7	3	9	1	21	10	9	0	215
ANID_02217T0_27-410_1EX1:A:1-388	3	11	8	15	1	39	19	29	0	388
ANID_02217T0_411-621,649-663_1EX1:A:389-602	5	6	2	6	0	33	25	10	0	214
ANID_02223T0_58-339_2BV3:A:7-282	2	11	3	8	0	22	12	14	0	276
ANID_02223T0_323-340,391-483_2BV3:A:283-403	1	12	0	0	0	15	9	9	0	121
ANID_02223T0_502-579_1FNM:A:404-482	0	5	0	2	0	8	3	2	0	79
ANID_02223T0_837-890_2BV3:A:600-688	0	4	2	3	0	5	0	4	0	89
ANID_02223T0_579-619,653-729_2BV3:A:479-599	1	6	1	2	0	15	8	4	0	121
ANID_02227T0_6-313_1EX1:A:1-388	3	11	8	15	1	39	19	29	0	388
ANID_02227T0_314-382,554-710_1EX1:A:389-602	5	6	2	6	0	33	25	10	0	214
ANID_02227T0_436-610_1ACC:A:	15	41	7	10	0	90	43	37	0	734
ANID_02243T0_191-403_1A9X:B:1653-1880	4	10	1	6	0	22	14	15	0	228
ANID_02243T0_39-185_1A9X:B:1502-1652	4	7	2	4	0	22	12	6	0	151
ANID_02246T0_574-648,743-934_2JAV:A:3-271	1	8	3	9	0	24	12	13	0	269
ANID_02246T0_324-540_1U5R:A:	5	8	4	12	0	31	20	16	0	309
ANID_02246T0_998-1317_1Z7M:A:6-323	0	11	0	12	0	27	12	16	0	318
ANID_02246T0_36-155_1UKX:A:	0	4	0	3	0	12	9	4	0	136
ANID_02256T0_568-652,739-914_1Z63:A:432-661	0	7	2	11	0	24	16	18	0	230
ANID_02256T0_287-318,354-561_1Z63:A:432-661	0	7	2	11	0	24	16	18	0	230
ANID_02256T0_667-721_1JM7:A:	2	0	1	3	0	11	9	5	0	103
ANID_02267T0_113-283,390-536_2GFO:A:762-1109	3	20	3	10	0	40	19	15	0	348
ANID_02278T0_774-1076_1Z3I:X:390-735	0	10	6	11	0	41	29	23	0	346
ANID_02278T0_519-772_1Z63:A:432-661	0	7	2	11	0	24	16	18	0	230
ANID_02278T0_1220-1361_1EQF:A:1498-1625	0	0	2	6	0	9	5	8	0	128
ANID_02285T0_1029-1103,1355-1524_1Z3I:X:390-735	0	10	6	11	0	41	29	23	0	346
ANID_02285T0_758-1027_1Z63:A:432-661	0	7	2	11	0	24	16	18	0	230
ANID_02293T0_3-252_1KA9:F:	2	11	1	10	0	25	15	15	0	251
ANID_02298T0_15-335_1YOV:A:6-534	6	10	2	23	0	45	33	28	0	529
ANID_02300T0_1077-1324_2HYD:A:324-578	2	10	5	9	0	25	21	16	0	255
ANID_02300T0_415-671_3B60:A:329-581	4	10	2	9	0	24	18	16	0	253
ANID_02300T0_747-1069_3B60:A:10-328	0	0	1	11	0	6	9	9	0	319
ANID_02300T0_114-409_3B60:A:10-328	0	0	1	11	0	6	9	9	0	319
ANID_02307T0_4-56_1N1J:B:	1	1	1	3	0	7	3	6	0	78
ANID_02308T0_93-587_1KPL:A:	5	0	5	18	0	23	12	15	0	430
ANID_02308T0_585-764_2J9L:A:578-746	4	10	1	5	0	17	12	8	0	169
ANID_02321T0_18-470_1PV7:A:	0	0	2	22	0	18	12	14	0	417
ANID_02324T0_1-36_1ZME:C:31-66	0	0	0	2	0	4	1	2	0	36
ANID_02326T0_470-511,649-702_1TJC:A:	0	0	0	5	0	8	1	4	0	95
ANID_02326T0_387-506_2HR2:A:2-157	0	0	0	7	0	10	4	8	0	156
ANID_02331T0_22-379_1IDK:A:	7	28	5	4	0	54	34	19	0	359
ANID_02343T0_12-212_1YWQ:A:2-200	1	5	3	9	0	16	6	9	0	199
ANID_02346T0_53-401_1N11:A:	0	0	1	24	0	48	15	35	0	408
ANID_02346T0_430-519_1IHB:A:	0	0	0	10	0	20	7	16	0	156
ANID_02349T0_373-627_3B60:A:329-581	4	10	2	9	0	24	18	16	0	253
ANID_02349T0_1024-1277_2HYD:A:324-578	2	10	5	9	0	25	21	16	0	255
ANID_02349T0_695-1012_1PF4:A:10-320	0	0	9	16	0	12	11	14	0	310
ANID_02349T0_40-363_3B60:A:10-328	0	0	1	11	0	6	9	9	0	319
ANID_02353T0_270-331_2OVR:B:2263-2364	0	0	0	6	0	9	7	5	0	102
ANID_02356T0_30-331_1XYZ:A:	7	10	0	14	0	31	21	18	0	320
ANID_02359T0_58-407_1EX1:A:1-388	3	11	8	15	1	39	19	29	0	388
ANID_02359T0_408-638_1EX1:A:389-602	5	6	2	6	0	33	25	10	0	214
ANID_02363T0_716-846_2C2A:A:321-481	0	7	2	3	0	13	4	10	0	161
ANID_02363T0_1066-1159_2AYZ:A:817-949	0	5	0	5	0	13	10	3	0	133
ANID_02363T0_55-89,117-225_1MKM:A:76-246	0	6	1	5	0	15	11	6	0	171
ANID_02363T0_581-649_2C2A:A:232-320	0	0	1	3	0	3	0	4	0	89
ANID_02364T0_190-494_1N11:A:	0	0	1	24	0	48	15	35	0	408
ANID_02364T0_530-684_1N11:A:	0	0	1	24	0	48	15	35	0	408
ANID_02366T0_18-248_2F91:A:16-244	7	13	2	2	0	33	18	20	0	237
ANID_02367T0_7-43_1D66:A:8-48	0	0	0	2	0	4	1	2	0	41
ANID_02369T0_23-265_1N5D:A:	2	8	2	11	0	30	19	12	0	288
ANID_02372T0_149-245,282-507_1PV7:A:	0	0	2	22	0	18	12	14	0	417
ANID_02373T0_415-587_1AWC:B:	0	0	0	10	0	18	2	16	0	153
ANID_02373T0_34-343_1H1W:A:	2	9	7	9	0	29	16	16	0	289
ANID_02389T0_209-333_1KS9:A:168-291	0	0	2	6	0	7	1	7	0	124
ANID_02389T0_92-187_1KS9:A:1-167	0	11	3	4	0	22	13	12	0	167
ANID_02394T0_61-173,335-388_1VA4:A:	4	8	3	10	0	25	15	19	0	271
ANID_02396T0_1-319_1QYC:A:	1	13	4	12	0	30	15	23	0	307
ANID_02405T0_4-231_1VL5:A:	2	8	2	9	0	21	9	11	0	231
ANID_02416T0_30-391_1YOV:B:12-437	9	12	6	13	0	48	22	26	0	426
ANID_02420T0_440-526,562-1041,1079-1230_1QBK:B:	0	0	17	47	0	50	54	64	0	888
ANID_02424T0_161-498_1YHT:A:16-359	12	12	4	11	0	46	17	20	0	344
ANID_02424T0_50-161_2CHO:A:5-126	1	6	1	2	0	10	11	5	0	122
ANID_02427T0_106-124,156-461_1I4A:A:	0	0	0	19	0	23	16	5	0	309
ANID_02456T0_230-280,312-352,612-703,732-873,925-937,964-1025_1IAL:A:	0	0	4	28	0	36	22	21	0	453
ANID_02465T0_40-255,287-504_1PV7:A:	0	0	2	22	0	18	12	14	0	417
ANID_02475T0_50-216,248-465_1PV7:A:	0	0	2	22	0	18	12	14	0	417
ANID_02480T0_849-940_2FXO:D:838-963	0	0	0	2	0	2	0	2	0	128
ANID_02480T0_230-382_1C1G:C:	0	0	0	3	0	2	1	2	0	283
ANID_02481T0_1177-1463_1OXW:A:	8	8	9	12	0	35	16	21	0	360
ANID_02481T0_811-931_1HW5:A:1-137	2	8	1	3	0	15	9	5	0	137
ANID_02481T0_650-700,748-812_1HW5:A:1-137	2	8	1	3	0	15	9	5	0	137
ANID_02481T0_176-244,346-388_1VP6:A:	0	8	1	5	0	18	5	4	0	133
ANID_02482T0_1016-1315_2P6R:A:1-202	1	7	2	7	0	20	9	10	0	202
ANID_02482T0_1317-1527_2P6R:A:203-403	2	10	1	7	0	20	15	11	0	201
ANID_02482T0_813-986_2Q0Z:X:33-208	1	0	2	9	0	14	8	11	0	176
ANID_02482T0_1654-1837_2Q0Z:X:33-208	1	0	2	9	0	14	8	11	0	176
ANID_02482T0_213-480_2P6R:A:1-202	1	7	2	7	0	20	9	10	0	202
ANID_02482T0_490-690_2P6R:A:203-403	2	10	1	7	0	20	15	11	0	201
ANID_02482T0_1835-1906,1938-1975_2Q0Z:X:209-322	2	7	1	0	0	12	8	4	0	114
ANID_02482T0_1527-1637_2P6R:A:404-488	0	2	0	5	0	5	6	5	0	85
ANID_02486T0_30-185_1J90:A:	2	5	2	9	0	18	8	12	0	195
ANID_02491T0_228-471_1LTL:A:	2	10	4	5	0	24	9	12	0	239
ANID_02491T0_512-713,764-859_1OFH:A:	0	9	5	14	0	31	16	15	0	309
ANID_02499T0_3-141_1ZP6:A:6-181	0	5	1	7	0	20	9	15	0	176
ANID_02503T0_101-231_1SC3:A:,B:	4	11	2	6	0	32	19	15	1	261
ANID_02505T0_4-56_1FS1:A:109-149	0	0	2	3	0	6	2	3	0	41
ANID_02506T0_1-326_1KEP:A:	5	13	5	13	0	38	16	20	0	346
ANID_02509T0_10-427_2D0T:A:12-403	6	4	5	19	0	33	22	25	0	392
ANID_02515T0_9-272_1VP5:A:	3	10	4	11	0	36	16	14	0	284
ANID_02517T0_1080-1102_2CQE:A:458-513	2	0	0	2	0	7	7	2	0	56
ANID_02518T0_5-536_1MQS:A:	4	14	2	25	0	48	32	27	0	653
ANID_02521T0_23-156_1KPP:A:	2	8	0	4	0	19	11	7	0	144
ANID_02521T0_502-561_2F6M:A:322-385	0	0	0	2	0	3	1	2	0	64
ANID_02525T0_10-338_1VE5:A:2-311	3	10	7	12	0	28	15	11	0	310
ANID_02531T0_30-232,286-460_1PV7:A:	0	0	2	22	0	18	12	14	0	417
ANID_02539T0_6-234_1ZRN:A:	1	8	4	9	0	18	11	14	0	220
ANID_09518T0_6-234_1ZRN:A:	1	8	4	9	0	18	11	14	0	220
ANID_02543T0_134-376,495-555_1TYE:A:	12	36	2	4	0	66	33	39	0	452
ANID_02544T0_7-480_1PV7:A:	0	0	2	22	0	18	12	14	0	417
ANID_02547T0_8-300,328-348_1TQY:A:219-423	5	7	2	5	0	21	7	8	0	166
ANID_02547T0_463-593,665-768_1MLA:A:3-127,A:198-307	2	5	1	12	0	22	14	13	1	235
ANID_02547T0_1813-1977_1PQW:A:	0	7	2	7	0	15	7	13	0	183
ANID_02547T0_2048-2255_2FR1:A:1657-1915	2	9	2	10	0	25	12	17	0	259
ANID_02547T0_1301-1486_1VE3:A:2-227	0	10	2	7	0	20	9	11	0	226
ANID_02547T0_1715-1850_1YB5:A:6-120,A:295-329	2	9	3	2	0	18	11	6	1	150
ANID_02547T0_596-659_1NM2:A:134-195	0	4	0	2	0	5	3	3	0	62
ANID_02547T0_2337-2407_2PNG:A:1-76	0	0	1	5	0	12	9	8	0	89
ANID_02554T0_43-379,408-470_2G0D:A:7-415	2	2	7	18	0	33	23	23	0	409
ANID_02556T0_28-162_2H8A:A:9-147	0	0	1	7	0	6	5	7	0	139
ANID_02559T0_60-203_1YB5:A:6-120,A:295-329	2	9	3	2	0	18	11	6	1	150
ANID_02559T0_245-382_1QOR:A:113-291	2	6	1	8	0	15	10	12	0	179
ANID_02562T0_19-335_1PW4:A:	2	0	1	18	0	21	18	22	0	450
ANID_02577T0_7-166_1S9C:A:10-163	1	5	3	3	0	12	6	7	0	154
ANID_02577T0_174-293_1S9C:A:164-289	0	5	3	3	0	12	6	7	0	126
ANID_02580T0_27-290_1JFA:A:	0	0	3	19	0	26	13	19	0	354
ANID_02590T0_116-463_1LTD:A:98-511	2	13	7	14	0	44	26	19	0	414
ANID_02590T0_6-89_1KBI:A:1-97	4	4	3	4	0	14	7	8	0	97
ANID_02591T0_39-421_1PW4:A:	2	0	1	18	0	21	18	22	0	450
ANID_02593T0_3-123,235-316_2VOU:A:2-163,A:292-394	2	13	4	6	0	31	15	12	1	265
ANID_02593T0_129-238_3C96:A:183-293	3	5	0	4	0	12	4	7	0	111
ANID_02596T0_51-495_1TQN:A:	5	9	7	18	0	43	20	30	0	472
ANID_02602T0_47-319_1JJI:A:	0	8	5	11	0	21	17	19	0	311
ANID_02606T0_395-670_1DS1:A:	5	16	8	7	0	38	23	18	0	323
ANID_02607T0_32-504_1BU7:A:	0	12	10	16	0	39	22	21	0	455
ANID_02611T0_22-326_1DI1:A:	0	0	0	13	0	17	9	12	0	300
ANID_02611T0_442-690_2Q80:A:6-296	0	2	0	15	0	16	4	15	0	291
ANID_02613T0_61-502_1PW4:A:	2	0	1	18	0	21	18	22	0	450
ANID_02615T0_61-101_1PYI:A:30-71	0	2	0	2	0	6	1	3	0	42
ANID_02626T0_80-311_2BVL:A:1-542	3	10	8	21	0	46	20	34	0	542
ANID_02629T0_4-186_1W4X:A:10-154,A:390-542	6	10	5	9	0	33	21	19	1	298
ANID_02629T0_285-315,352-511_2I0Z:A:1-192,A:362-420	4	15	6	8	0	27	12	15	1	251
ANID_02631T0_270-611_1V7W:A:271-801	11	25	6	16	0	58	33	35	0	531
ANID_02633T0_3-125_1YRZ:A:1004-1320	6	25	0	0	0	45	27	21	0	317
ANID_02634T0_14-99_1AMU:A:	4	26	5	15	0	55	36	34	0	514
ANID_02634T0_93-300_1GY8:A:	4	14	2	11	0	41	23	17	0	383
ANID_02643T0_55-236,274-446_1PV7:A:	0	0	2	22	0	18	12	14	0	417
ANID_02644T0_14-61_1PYI:A:30-71	0	2	0	2	0	6	1	3	0	42
ANID_02646T0_259-463_1DKG:D:186-383	1	6	1	6	0	13	10	7	0	198
ANID_02646T0_46-244_1DKG:D:3-185	4	12	2	5	0	21	12	11	0	183
ANID_02653T0_29-196,306-389_2VOU:A:2-163,A:292-394	2	13	4	6	0	31	15	12	1	265
ANID_02655T0_5-339_1W9Y:A:2-308	1	12	5	7	0	27	12	12	0	307
ANID_02656T0_68-443_1PV7:A:	0	0	2	22	0	18	12	14	0	417
ANID_02664T0_48-318_1WL7:A:2-313	6	23	2	1	0	42	23	22	0	312
ANID_02666T0_12-184_1E3J:A:4-142,A:313-351	5	12	4	3	0	23	8	10	1	178
ANID_02666T0_149-321_1PL7:A:146-316	0	6	0	7	0	22	14	8	0	171
ANID_02688T0_27-212_1QI9:A:	18	10	8	19	0	65	45	30	0	555
ANID_02704T0_28-326,522-578_1CF3:A:3-324,A:521-583	17	12	7	11	0	49	28	29	1	385
ANID_02704T0_328-523_1JU2:A:294-463	3	9	1	2	0	26	19	6	0	170
ANID_02715T0_24-283_2FR1:A:1657-1915	2	9	2	10	0	25	12	17	0	259
ANID_02716T0_5-257_2F6Q:A:108-352	3	10	4	10	0	22	13	14	0	245
ANID_02718T0_111-139_2CSH:A:8-60	0	4	0	2	0	6	6	3	0	53
ANID_02718T0_216-245_2CT1:A:8-43	0	2	0	1	0	6	4	1	0	36
ANID_02718T0_29-76_3ZNF:A:	2	0	0	1	0	5	3	1	0	30
ANID_02725T0_13-53_1PYI:A:30-71	0	2	0	2	0	6	1	3	0	42
ANID_02739T0_716-879_2P6R:A:489-686	0	0	2	12	0	12	7	14	0	198
ANID_02739T0_148-203,237-323,385-439,477-566_2P6R:A:203-403	2	10	1	7	0	20	15	11	0	201
ANID_02739T0_583-665_1R7J:A:	1	2	0	4	0	6	1	4	0	90
ANID_02740T0_288-627_1OYN:A:	2	0	5	17	0	24	16	22	0	334
ANID_02740T0_186-257_1W25:A:2-140	0	5	0	5	0	11	10	6	0	139
ANID_02745T0_2-149_2FE7:A:3-158	0	7	3	5	0	12	3	9	0	156
ANID_02747T0_18-158_1I50:F:	2	2	0	2	0	11	8	4	0	84
ANID_02748T0_83-145_2DLK:A:38-73	0	2	0	1	0	6	5	2	0	36
ANID_02748T0_299-338_1A1H:A:103-131	0	2	0	1	0	4	2	0	0	29
ANID_02748T0_144-201_1UBD:C:323-350	0	2	1	1	0	4	2	2	0	28
ANID_02756T0_784-971_1R0D:A:	0	0	1	6	0	8	3	4	0	194
ANID_02756T0_4-102_1HX8:A:22-161	0	0	1	6	0	12	7	5	0	140
ANID_02756T0_138-242_1HF8:A:150-281	0	0	2	3	0	10	8	4	0	132
ANID_02766T0_332-611,665-737_1BO1:A:	1	12	2	8	0	33	23	12	0	383
ANID_02774T0_39-161_1LL2:A:	1	11	7	10	0	24	19	16	0	263
ANID_02775T0_34-395_1XFD:A:127-591	9	30	2	3	0	57	36	22	0	465
ANID_02778T0_111-174_1SOX:A:3-93	1	5	2	4	0	6	6	7	0	91
ANID_02782T0_28-71_2HAP:C:55-97	0	0	1	2	0	6	3	2	0	43
ANID_02785T0_3-42_1AW6:A:	0	0	0	2	0	6	3	2	0	43
ANID_02789T0_10-249_1LZL:A:	0	8	3	10	0	32	18	24	0	317
ANID_02797T0_1206-1582_1N11:A:	0	0	1	24	0	48	15	35	0	408
ANID_02797T0_622-751_1UOH:A:	0	0	1	14	0	27	7	20	0	223
ANID_02797T0_862-1033,1316-1375_1S70:B:	2	1	1	15	0	32	11	25	0	291
ANID_02797T0_190-430_1ODF:A:	2	10	3	9	0	28	17	16	0	286
ANID_02800T0_158-310,348-463_1BN7:A:	3	8	7	12	0	25	20	15	0	291
ANID_02804T0_25-264,296-360_1TUX:A:	7	9	2	13	0	31	20	20	0	301
ANID_02805T0_312-708_1H54:A:269-753	8	12	7	19	0	39	30	29	0	481
ANID_02806T0_3-37_2OVR:B:2263-2364	0	0	0	6	0	9	7	5	0	102
ANID_02810T0_227-429_1QUA:A:	0	5	2	6	0	24	15	10	0	197
ANID_02811T0_164-240_1A0A:A:	0	0	1	3	0	6	4	6	0	63
ANID_02813T0_15-251_1AE1:A:	2	7	4	8	0	23	13	14	0	258
ANID_02814T0_60-518_1PV7:A:	0	0	2	22	0	18	12	14	0	417
ANID_02823T0_35-125_2OAR:A:10-118	0	2	0	5	0	8	2	3	0	118
ANID_02826T0_27-62_1PYI:A:30-71	0	2	0	2	0	6	1	3	0	42
ANID_02835T0_34-203_1W1O:A:40-245	2	10	2	6	0	23	19	14	0	206
ANID_02838T0_29-228_2I3D:A:2-219	0	8	1	5	0	25	11	20	0	218
ANID_02847T0_3-227_1KEY:A:	0	0	2	8	0	9	6	8	0	218
ANID_02850T0_448-509_1WEM:A:	0	2	0	3	0	11	7	3	0	75
ANID_02850T0_114-246_1CKI:A:	5	10	3	10	0	30	14	16	0	299
ANID_02855T0_123-162_2DMD:A:8-33	2	0	1	1	0	3	0	1	0	26
ANID_02855T0_72-101_2GLI:A:103-134	3	0	0	1	0	6	3	2	0	32
ANID_02856T0_293-380_2F96:A:19-220	4	5	0	7	0	18	7	13	0	202
ANID_02857T0_592-677_1WEN:A:	0	2	0	0	0	14	12	4	0	70
ANID_02858T0_4-185_1YDW:A:6-133,A:305-360	0	7	2	7	0	18	5	9	1	184
ANID_02876T0_269-499_1PW4:A:	2	0	1	18	0	21	18	22	0	450
ANID_02878T0_372-528_1ELW:A:	0	0	0	7	0	11	0	7	0	117
ANID_02878T0_30-86_1E96:B:	0	2	2	9	0	15	3	11	0	185
ANID_02887T0_769-937_1C1G:C:	0	0	0	3	0	2	1	2	0	283
ANID_02890T0_161-430_1EVQ:A:	0	8	4	9	0	28	16	23	0	308
ANID_02910T0_2-148_1TFP:A:	0	8	1	0	0	17	8	7	0	114
ANID_02914T0_14-467_1AUW:A:	3	6	7	18	0	35	14	20	0	447
ANID_02917T0_176-430_2CE7:A:150-402	2	5	6	9	0	24	12	16	0	253
ANID_02921T0_30-342_1VKN:A:1-144,A:308-339	3	6	2	7	0	19	10	11	1	176
ANID_02924T0_13-528_1LCI:A:	7	27	4	15	0	64	28	38	0	541
ANID_02924T0_648-923_1UDB:A:	3	13	1	11	0	38	21	15	0	338
ANID_02930T0_10-214_1NKQ:A:	7	16	7	3	0	35	13	13	0	257
ANID_02933T0_134-447_1H2K:A:	3	17	6	8	0	41	17	19	0	335
ANID_02933T0_53-118_1P22:A:135-252	0	0	2	7	0	7	4	6	0	114
ANID_02942T0_3-142,177-227_1G66:A:	4	6	4	6	0	27	14	15	0	207
ANID_02947T0_97-150,207-473_1QAS:A:299-625	3	11	6	8	0	35	21	20	0	327
ANID_02947T0_478-616_1QAS:A:626-756	1	8	2	0	0	14	6	3	0	131
ANID_02953T0_71-315_2AAM:A:28-312	6	13	2	9	0	26	19	17	0	285
ANID_02955T0_2422-2589,2625-2670_2IW1:A:2-371	0	15	4	16	0	41	26	17	0	370
ANID_02958T0_19-211,242-463_1PV7:A:	0	0	2	22	0	18	12	14	0	417
ANID_02959T0_83-527_1PW4:A:	2	0	1	18	0	21	18	22	0	450
ANID_02967T0_28-66,94-320_1VHN:A:	0	9	3	14	0	31	18	15	0	317
ANID_02972T0_50-235_1TG6:A:1-193	4	7	0	7	0	20	10	6	0	193
ANID_02974T0_34-191,222-437_1PV7:A:	0	0	2	22	0	18	12	14	0	417
ANID_02982T0_22-425,492-562_1PV7:A:	0	0	2	22	0	18	12	14	0	417
ANID_02986T0_116-293_1HQV:A:	6	0	0	8	0	23	10	4	0	181
ANID_02992T0_124-231_1NEE:A:1-98	1	3	0	4	0	10	9	4	0	98
ANID_02992T0_228-264_1K81:A:	0	3	0	0	0	4	2	2	0	36
ANID_02994T0_928-1148_1UOH:A:	0	0	1	14	0	27	7	20	0	223
ANID_02998T0_314-461,513-936_1EG7:A:	4	25	8	18	0	59	33	37	0	549
ANID_02998T0_124-289_1A4I:A:127-296	4	5	1	6	0	22	8	10	0	170
ANID_02998T0_1-123_1A4I:A:2-126	1	4	1	4	0	14	5	6	0	125
ANID_03006T0_6-267_1J1I:A:	2	8	1	11	0	24	18	11	0	268
ANID_03017T0_5-392_1QO7:A:	3	8	5	16	0	44	18	19	0	394
ANID_03021T0_595-610,653-707,737-799,826-891_1XFD:A:127-591	9	30	2	3	0	57	36	22	0	465
ANID_03023T0_205-240,278-298_1IJQ:A:377-642	1	24	1	0	0	25	18	16	0	266
ANID_03029T0_23-594_1GW5:B:	0	0	4	32	0	42	43	37	0	579
ANID_03031T0_6-508_1KL7:A:	5	14	3	20	0	57	37	25	0	511
ANID_03035T0_2-226_1RXW:A:3-219	4	7	3	8	0	21	9	11	0	217
ANID_03035T0_211-343_1UL1:X:218-357	1	1	1	7	0	13	9	4	0	140
ANID_03037T0_132-600_1F8U:A:	1	20	7	18	0	63	39	31	0	539
ANID_03043T0_3-269_2GVC:A:3-180,A:288-444	5	14	3	8	0	38	25	20	1	335
ANID_03043T0_298-453_2GVC:A:3-180,A:288-444	5	14	3	8	0	38	25	20	1	335
ANID_03044T0_10-327_1UV4:A:3-293	7	20	2	0	0	35	18	20	0	291
ANID_03049T0_48-340_1NC5:A:	11	6	5	13	0	40	21	26	0	363
ANID_03066T0_80-472_1PW4:A:	2	0	1	18	0	21	18	22	0	450
ANID_03070T0_13-141,406-526_1A6D:A:17-145,A:404-519	0	9	1	11	0	18	7	14	1	245
ANID_03070T0_203-379_1Q3Q:A:217-369	3	9	2	3	0	18	15	4	0	153
ANID_03070T0_143-207,369-405_1A6D:B:145-215,B:368-403	0	5	3	3	0	7	6	2	1	107
ANID_03071T0_20-231,266-301_2GIV:A:4-274	3	13	3	6	0	30	14	12	0	271
ANID_03077T0_1-139_1ECP:A:	4	10	0	7	0	23	13	12	0	237
ANID_03080T0_378-631_1M2V:B:301-552	1	9	0	8	0	19	17	12	0	252
ANID_03080T0_25-88,201-288,633-728_1M2V:B:61-215,B:553-646	5	10	2	3	0	17	17	8	1	249
ANID_03080T0_835-987_1M2V:B:754-926	1	4	1	3	0	19	8	8	0	173
ANID_03080T0_730-834_1M2V:B:647-753	0	1	1	5	0	7	7	5	0	107
ANID_03080T0_290-376_1M2V:B:216-300	2	5	3	1	0	15	7	6	0	85
ANID_03090T0_37-66,186-355_1BOF:A:10-60,A:182-354	1	6	6	6	0	19	9	12	1	224
ANID_03090T0_66-188_1CIP:A:61-181	0	0	1	8	0	7	3	10	0	121
ANID_03091T0_107-784_1DMT:A:	5	11	11	32	0	60	31	37	0	696
ANID_03095T0_11-357_1UPK:A:	2	0	4	20	0	16	12	16	0	330
ANID_03098T0_263-542_1OZ4:A:471-763	2	0	3	7	0	31	24	19	0	292
ANID_03098T0_538-735_1D2N:A:	2	7	2	10	0	24	16	16	0	246
ANID_03098T0_70-155_1CR5:A:26-107	0	6	0	3	0	11	3	7	0	82
ANID_03098T0_157-242_1CR5:A:108-210	1	6	0	2	0	13	3	7	0	103
ANID_03102T0_1934-2107_2C2A:A:321-481	0	7	2	3	0	13	4	10	0	161
ANID_03102T0_2147-2277_2AYZ:A:817-949	0	5	0	5	0	13	10	3	0	133
ANID_03102T0_1662-1844_1MC0:A:402-555	0	7	0	4	0	14	7	11	0	154
ANID_03102T0_1875-1947_2C2A:A:232-320	0	0	1	3	0	3	0	4	0	89
ANID_03102T0_251-400_1O6Y:A:	1	11	3	8	0	24	14	12	0	276
ANID_03104T0_25-208_1O59:A:0-187	3	12	3	1	0	30	16	8	0	187
ANID_03104T0_218-378_1O59:A:194-343	0	12	3	0	0	21	12	5	0	150
ANID_03116T0_225-318_1AIS:B:1206-1300	0	0	1	5	0	7	1	6	0	95
ANID_03116T0_128-214_1AIS:B:1108-1205	0	0	0	5	0	7	1	6	0	98
ANID_03116T0_55-99_1PFT:A:	1	2	0	0	0	7	5	2	0	50
ANID_03118T0_285-446_1J23:A:	0	6	1	5	0	12	9	5	0	131
ANID_03118T0_6-72_1BPY:A:10-91	0	0	0	5	0	7	4	2	0	82
ANID_03122T0_238-327,546-594_1FCH:A:	0	0	2	17	0	24	6	19	0	323
ANID_03129T0_468-678_1A26:A:797-1012	1	14	6	4	0	25	16	10	0	216
ANID_03129T0_321-464_1UK0:A:1-137	2	0	0	6	0	14	11	6	0	137
ANID_03129T0_173-294_2CR9:A:8-133	1	8	0	1	0	15	9	5	0	126
ANID_03129T0_4-20,48-123_1JNX:X:1649-1757	4	4	0	5	0	15	7	4	0	109
ANID_03131T0_261-456_1IXZ:A:	2	5	3	11	0	25	13	15	0	247
ANID_03136T0_789-933_2UCZ:A:	2	4	2	4	0	18	13	11	0	164
ANID_03148T0_846-915,990-1032_1WJM:A:	1	8	0	2	0	15	8	5	0	122
ANID_03150T0_40-213,268-377,428-510,548-633_1TT4:A:	6	11	5	13	0	33	20	16	0	366
ANID_03160T0_55-252,330-503_1PV7:A:	0	0	2	22	0	18	12	14	0	417
ANID_03171T0_14-182_1KMQ:A:	0	6	3	6	0	15	10	12	0	177
ANID_03180T0_13-148_1X25:A:1-124	0	8	3	2	0	14	9	4	0	124
ANID_03185T0_195-383,469-515_1YAG:A:147-375	0	9	6	10	0	25	15	15	0	229
ANID_03185T0_42-200_1K8K:A:3-160	0	10	4	3	0	17	12	9	0	158
ANID_03186T0_2-203_1UL1:X:2-217	0	7	1	7	0	19	10	10	0	216
ANID_03186T0_188-230,270-350_1A77:A:209-316	0	0	0	6	0	9	3	6	0	108
ANID_03188T0_38-165_2EP6:A:92-217	2	9	1	0	0	17	11	4	0	126
ANID_03188T0_258-357_1RSY:A:	1	8	1	2	0	17	8	5	0	151
ANID_03188T0_468-562,731-768_1GJY:A:	4	3	0	8	0	18	6	11	0	167
ANID_03197T0_10-202_1D1G:A:	0	11	0	4	0	21	14	8	0	164
ANID_03199T0_32-495_1PV7:A:	0	0	2	22	0	18	12	14	0	417
ANID_03201T0_324-626_1DP0:A:334-625	10	12	2	7	0	41	19	22	0	292
ANID_03201T0_747-1040_1YQ2:A:722-1023	6	17	5	3	0	33	20	18	0	302
ANID_03201T0_8-213_1DP0:A:13-219	2	15	4	3	0	28	20	10	0	207
ANID_03201T0_622-733_1YQ2:A:610-721	2	7	0	0	0	14	8	5	0	112
ANID_03201T0_217-322_2JE8:A:220-330	2	7	0	0	0	9	6	3	0	111
ANID_03205T0_5-477_1WND:A:	8	21	3	16	0	44	25	26	0	474
ANID_03208T0_456-557,626-657_2BMW:A:142-303	2	5	2	7	0	16	5	12	0	162
ANID_03208T0_379-464_1TVC:A:2-110	2	7	0	1	0	14	11	4	0	109
ANID_03210T0_106-569_1PV7:A:	0	0	2	22	0	18	12	14	0	417
ANID_03214T0_793-913_2AYZ:A:817-949	0	5	0	5	0	13	10	3	0	133
ANID_03214T0_465-597_2C2A:A:321-481	0	7	2	3	0	13	4	10	0	161
ANID_03214T0_327-396_2C2A:A:232-320	0	0	1	3	0	3	0	4	0	89
ANID_03222T0_149-290,333-441_1WR8:A:	3	11	4	8	0	31	16	15	0	230
ANID_03230T0_358-720_1OX0:A:5-251	6	7	4	9	0	27	16	15	0	251
ANID_03230T0_873-1000,1074-1171_1MLA:A:3-127,A:198-307	2	5	1	12	0	22	14	13	1	235
ANID_03230T0_1815-2127_1JTV:A:	2	7	4	11	0	26	15	16	0	285
ANID_03230T0_1625-1709_1KLP:A:	0	0	0	4	0	14	8	8	0	115
ANID_03230T0_1001-1072_1MLA:A:128-197	0	4	0	2	0	6	5	4	0	70
ANID_03233T0_23-250,287-509_1PV7:A:	0	0	2	22	0	18	12	14	0	417
ANID_03234T0_1-232_1SNY:A:	3	7	6	7	0	28	16	13	0	266
ANID_03237T0_38-232,294-472,538-557_1PV7:A:	0	0	2	22	0	18	12	14	0	417
ANID_03239T0_22-232_1JQI:A:4-234	3	8	4	7	0	17	12	12	0	231
ANID_03239T0_254-424_2D29:A:235-387	1	2	3	5	0	4	4	6	0	153
ANID_03242T0_7-173_1XKL:A:	1	8	4	10	0	28	15	17	0	258
ANID_03247T0_812-1040_1MT0:A:	2	10	3	10	0	20	20	20	0	241
ANID_03247T0_135-363_1Q12:A:4-235	1	11	4	7	0	25	20	16	0	232
ANID_03248T0_3-211_1W4X:A:10-154,A:390-542	6	10	5	9	0	33	21	19	1	298
ANID_03248T0_146-341_1W4X:A:155-389	3	10	3	7	0	23	20	9	0	235
ANID_03252T0_44-222,334-511_2SQC:A:8-36,A:308-630	5	3	4	12	0	37	22	24	1	352
ANID_03252T0_238-340,446-510_2SQC:A:8-36,A:308-630	5	3	4	12	0	37	22	24	1	352
ANID_03253T0_44-455_1TQN:A:	5	9	7	18	0	43	20	30	0	472
ANID_03254T0_34-236,288-460,504-529_1PW4:A:	2	0	1	18	0	21	18	22	0	450
ANID_03255T0_90-215_1HQO:A:201-354	2	0	1	7	0	9	5	7	0	154
ANID_03255T0_4-84_1K0D:D:99-200	0	4	3	4	0	11	6	8	0	102
ANID_03259T0_147-225_8TLN:E:	2	15	4	8	0	31	23	16	0	316
ANID_03267T0_483-816_1N11:A:	0	0	1	24	0	48	15	35	0	408
ANID_03270T0_33-474_1PW4:A:	2	0	1	18	0	21	18	22	0	450
ANID_03273T0_1153-1311_1PQW:A:	0	7	2	7	0	15	7	13	0	183
ANID_03273T0_1389-1605_2FR1:A:1657-1915	2	9	2	10	0	25	12	17	0	259
ANID_03273T0_686-828_1XXL:A:	5	8	2	9	0	23	10	12	0	238
ANID_03273T0_1064-1189_1QOR:A:2-112,A:292-327	4	9	4	2	0	19	11	6	1	147
ANID_03273T0_1-95_1MLA:A:3-127,A:198-307	2	5	1	12	0	22	14	13	1	235
ANID_03273T0_1682-1750_2PNG:A:1-76	0	0	1	5	0	12	9	8	0	89
ANID_03275T0_33-462_1TQN:A:	5	9	7	18	0	43	20	30	0	472
ANID_03281T0_43-484_1TQN:A:	5	9	7	18	0	43	20	30	0	472
ANID_03283T0_7-106,178-264_1JYS:A:	2	10	1	6	0	21	9	12	0	230
ANID_03294T0_155-209,239-372_1FXW:F:	4	5	3	7	0	21	13	10	0	212
ANID_03297T0_36-103,131-386_1QNR:A:	4	16	3	11	0	38	22	25	0	344
ANID_03298T0_4-214_1R4W:A:	0	4	1	10	0	15	10	13	0	221
ANID_03300T0_3-40_1ZME:C:31-66	0	0	0	2	0	4	1	2	0	36
ANID_03301T0_46-235,287-497_1PV7:A:	0	0	2	22	0	18	12	14	0	417
ANID_03302T0_3-105_1G4M:A:5-175	1	10	2	2	0	21	12	8	0	171
ANID_03307T0_99-577_1J0H:A:124-505	9	9	10	13	0	49	27	23	0	382
ANID_03307T0_1189-1644_1RZU:A:	12	18	3	21	0	50	30	28	0	477
ANID_03309T0_43-413_2D3N:A:5-398	8	17	5	10	0	47	28	25	0	394
ANID_03309T0_437-524_2D3N:A:399-485	0	8	1	0	0	11	7	6	0	87
ANID_03311T0_60-384_1PV7:A:	0	0	2	22	0	18	12	14	0	417
ANID_03312T0_15-262_1H5Q:A:	2	10	7	8	0	25	12	15	0	260
ANID_03318T0_799-1141_1OXW:A:	8	8	9	12	0	35	16	21	0	360
ANID_03318T0_267-366,408-534_2HYD:A:324-578	2	10	5	9	0	25	21	16	0	255
ANID_03318T0_728-776_1BOR:A:	2	0	0	0	0	13	12	2	0	56
ANID_03325T0_155-306_1W3B:A:	0	0	0	23	0	35	6	26	0	388
ANID_03325T0_542-623,683-747,802-966_1ELW:A:	0	0	0	7	0	11	0	7	0	117
ANID_03325T0_315-443_1W3B:A:	0	0	0	23	0	35	6	26	0	388
ANID_03325T0_425-574_1W3B:A:	0	0	0	23	0	35	6	26	0	388
ANID_03328T0_20-177_1MKY:A:2-172	2	6	2	6	0	13	10	9	0	171
ANID_03328T0_360-408_2GQB:A:1-130	0	2	1	5	0	14	8	6	0	130
ANID_03329T0_743-970_1MT0:A:	2	10	3	10	0	20	20	20	0	241
ANID_03329T0_55-280_1Q12:A:4-235	1	11	4	7	0	25	20	16	0	232
ANID_03336T0_22-306_2BVY:A:5-370	7	11	2	10	0	43	30	27	0	366
ANID_03339T0_5-174_1YB5:A:6-120,A:295-329	2	9	3	2	0	18	11	6	1	150
ANID_03339T0_123-237_1TT7:A:128-294	0	7	1	7	0	16	13	9	0	167
ANID_03340T0_4-162,220-307_1JYS:A:	2	10	1	6	0	21	9	12	0	230
ANID_03340T0_1002-1086,1118-1313_1L0Q:A:1-301	0	29	1	0	0	20	16	19	0	301
ANID_03340T0_368-549_1VIA:A:	0	5	3	7	0	17	6	10	0	161
ANID_03342T0_761-886_1ELR:A:	0	0	0	7	0	9	1	5	0	128
ANID_03351T0_21-231_1W1O:A:40-245	2	10	2	6	0	23	19	14	0	206
ANID_03355T0_80-528_2GI3:A:1-475	12	11	5	13	0	42	26	30	0	475
ANID_03358T0_45-381_1QNR:A:	4	16	3	11	0	38	22	25	0	344
ANID_03360T0_23-349_1TR9:A:	4	10	5	10	1	41	27	19	0	340
ANID_03367T0_44-272_1KEY:A:	0	0	2	8	0	9	6	8	0	218
ANID_03368T0_298-655_2JE8:A:331-678	9	13	4	11	0	41	27	20	0	348
ANID_03368T0_7-193_2JE8:A:28-219	6	10	4	3	0	24	18	9	0	192
ANID_03368T0_195-301_2VZS:A:226-335	0	8	0	0	0	9	5	5	0	110
ANID_03368T0_778-830_2JE8:A:784-864	0	7	1	0	0	13	5	5	0	81
ANID_03380T0_1254-1321,1396-1532_2GFV:A:252-412	5	7	4	4	0	22	9	6	0	161
ANID_03380T0_1025-1289_1J3N:A:1-249	6	7	5	10	0	28	13	15	0	249
ANID_03380T0_1646-1767_1FTH:A:	0	5	1	4	0	12	8	3	0	117
ANID_03380T0_572-786_1VL8:A:	2	7	6	9	0	25	10	14	0	251
ANID_03381T0_1648-1702,1757-1833,1955-2002_1MLA:A:3-127,A:198-307	2	5	1	12	0	22	14	13	1	235
ANID_03381T0_1516-1644_1S9C:A:164-289	0	5	3	3	0	12	6	7	0	126
ANID_03381T0_171-333,438-540_1MLA:A:3-127,A:198-307	2	5	1	12	0	22	14	13	1	235
ANID_03381T0_1284-1404_1S5U:A:	2	6	1	3	0	14	3	6	0	129
ANID_03381T0_583-830_1P0K:A:	2	12	3	11	0	33	16	14	0	329
ANID_03385T0_54-99_2HAP:C:55-97	0	0	1	2	0	6	3	2	0	43
ANID_03386T0_400-766_1E5M:A:6-255	6	7	5	9	0	27	15	17	0	250
ANID_03386T0_923-1048,1113-1204_1MLA:A:3-127,A:198-307	2	5	1	12	0	22	14	13	1	235
ANID_03386T0_2161-2438_2FR1:A:1657-1915	2	9	2	10	0	25	12	17	0	259
ANID_03386T0_1857-2098_2EX4:A:2-224	2	9	5	8	0	18	12	9	0	222
ANID_03386T0_1622-1699_1KLP:A:	0	0	0	4	0	14	8	8	0	115
ANID_03386T0_1049-1111_1MLA:A:128-197	0	4	0	2	0	6	5	4	0	70
ANID_03389T0_25-394_1NHC:A:	2	29	2	2	0	43	29	13	0	336
ANID_03392T0_422-704_3CMB:A:1-264	2	17	3	4	0	21	8	10	0	264
ANID_03392T0_19-188,302-386_3C96:A:4-182,A:294-402	1	13	1	8	0	26	14	13	1	288
ANID_03392T0_196-308_3C96:A:183-293	3	5	0	4	0	12	4	7	0	111
ANID_03393T0_177-350_1EB6:A:	3	4	1	8	0	19	12	10	0	177
ANID_03394T0_33-495_1PO5:A:	6	9	5	15	0	47	22	28	0	475
ANID_03398T0_52-278,310-524_1PW4:A:	2	0	1	18	0	21	18	22	0	450
ANID_03400T0_9-254_1JA9:A:	2	7	5	9	0	22	13	15	0	259
ANID_03411T0_18-249_1RF8:A:	1	8	1	7	0	28	19	7	0	213
ANID_03414T0_6-309_1PYF:A:	6	11	6	11	0	33	19	21	0	311
ANID_03415T0_4-326_1T5J:A:	6	2	4	16	0	25	14	17	0	312
ANID_03416T0_46-259_1FIO:A:	0	0	0	6	0	7	2	5	0	196
ANID_03417T0_32-605_1V25:A:	8	24	4	16	0	59	31	33	0	534
ANID_03418T0_16-423_1DYM:A:	12	24	6	6	0	52	32	30	0	397
ANID_03434T0_5-200_1C1Y:A:	2	6	1	6	0	18	12	8	0	167
ANID_03445T0_346-477_1OUV:A:	0	0	0	15	0	18	7	15	0	272
ANID_03445T0_202-319_1KLX:A:	0	0	0	8	0	11	4	8	0	133
ANID_03461T0_35-294_1OKC:A:	0	0	6	11	0	19	10	9	0	292
ANID_03470T0_3-229_2P82:A:26-359	5	15	3	8	0	30	21	21	0	334
ANID_03472T0_255-358_1MT0:A:	2	10	3	10	0	20	20	20	0	241
ANID_03472T0_311-358,542-724_1JJ7:A:	4	10	3	10	0	29	19	15	0	251
ANID_03472T0_46-275_2HYD:A:1-323	0	0	1	15	1	9	5	12	0	323
ANID_03490T0_37-567_1LCI:A:	7	27	4	15	0	64	28	38	0	541
ANID_03491T0_25-221_1PV7:A:	0	0	2	22	0	18	12	14	0	417
ANID_03491T0_238-468,512-538_1PV7:A:	0	0	2	22	0	18	12	14	0	417
ANID_03494T0_3-42,75-146,176-236_2R8B:A:44-246	2	9	2	5	0	21	16	11	0	203
ANID_03495T0_450-986_1AMU:A:	4	26	5	15	0	55	36	34	0	514
ANID_03495T0_208-447_1L5A:A:175-424	4	7	2	7	0	24	11	13	0	250
ANID_03495T0_43-195_1NOC:B:	1	9	1	5	0	22	13	9	0	213
ANID_03495T0_1116-1371_2A35:A:4-215	2	9	2	8	0	20	13	11	0	210
ANID_03495T0_1030-1087_1OR5:A:	0	0	1	5	0	11	9	2	0	82
ANID_03502T0_11-52_2HAP:C:55-97	0	0	1	2	0	6	3	2	0	43
ANID_03503T0_61-492_1PV7:A:	0	0	2	22	0	18	12	14	0	417
ANID_03504T0_241-615_2F2H:A:248-585	10	10	5	9	0	36	16	18	0	338
ANID_03504T0_35-237_2F2H:A:1-247	2	21	1	1	0	22	20	14	0	247
ANID_03506T0_2-46_1CLD:A:	0	0	0	2	0	4	2	1	0	33
ANID_03513T0_45-427_1N11:A:	0	0	1	24	0	48	15	35	0	408
ANID_03513T0_846-1001,1069-1100,1129-1216_1N11:A:	0	0	1	24	0	48	15	35	0	408
ANID_03513T0_406-584_1N11:A:	0	0	1	24	0	48	15	35	0	408
ANID_03519T0_201-415_1DKG:D:186-383	1	6	1	6	0	13	10	7	0	198
ANID_03521T0_21-222_1OBB:A:2-172	2	6	1	6	0	21	7	12	0	171
ANID_03536T0_6-224,322-410_1FOH:A:1-240,A:342-461	4	15	4	9	0	43	22	18	1	360
ANID_03536T0_452-642_1FOH:A:462-662	10	7	3	4	0	22	21	18	0	201
ANID_03536T0_221-317_1FOH:A:241-341	0	5	0	1	0	7	4	3	0	101
ANID_03537T0_23-240_2CL5:A:3-216	0	7	3	9	1	21	10	9	0	215
ANID_03539T0_38-204,313-459_2HGS:A:3-201,A:304-474	1	14	3	15	0	33	20	15	1	370
ANID_03540T0_59-169,271-433_1VKZ:A:94-313	0	12	0	6	0	17	13	10	0	220
ANID_03543T0_1259-1614_1N11:A:	0	0	1	24	0	48	15	35	0	408
ANID_03543T0_962-1318_1N11:A:	0	0	1	24	0	48	15	35	0	408
ANID_03543T0_657-1021_1N11:A:	0	0	1	24	0	48	15	35	0	408
ANID_03543T0_197-450_3ADK:A:	0	5	0	10	0	16	8	12	0	194
ANID_03545T0_7-189_1I01:A:	2	7	3	9	0	21	12	12	0	241
ANID_03558T0_2-130_1X6M:A:	1	11	5	3	0	24	13	10	0	195
ANID_03560T0_205-422_1W4X:A:155-389	3	10	3	7	0	23	20	9	0	235
ANID_03560T0_73-257_1W4X:A:10-154,A:390-542	6	10	5	9	0	33	21	19	1	298
ANID_03564T0_12-259_2A4K:A:2-242	2	7	3	8	0	23	14	14	0	241
ANID_03570T0_31-339_1GY9:A:	6	15	2	7	0	34	19	14	0	279
ANID_03573T0_5-473_1WND:A:	8	21	3	16	0	44	25	26	0	474
ANID_03575T0_10-358_1MUO:A:	6	6	4	9	0	28	17	16	0	261
ANID_03580T0_8-88_2DW4:A:655-763	0	7	0	2	0	15	7	6	0	109
ANID_03580T0_99-152_2DW4:A:274-654,A:764-831	9	17	3	11	0	39	21	20	1	449
ANID_03580T0_227-321_1J46:A:	0	0	0	3	0	5	3	3	0	84
ANID_03591T0_94-547_1EUH:A:	5	24	5	14	0	44	29	25	0	474
ANID_03594T0_169-283_1XTE:A:	0	3	2	4	0	9	3	6	0	116
ANID_03594T0_319-536_2D4C:A:11-247	0	0	1	7	0	6	5	3	0	237
ANID_03599T0_114-241_2FUJ:A:5-122	2	5	1	1	0	12	7	3	0	118
ANID_03600T0_87-209_1VE3:A:2-227	0	10	2	7	0	20	9	11	0	226
ANID_03601T0_11-280_2F6K:A:2-307	0	10	4	13	0	28	16	17	0	306
ANID_03602T0_299-496,530-661_1VYB:A:	1	14	3	4	0	23	11	11	0	236
ANID_03602T0_151-266_1DCE:A:444-567	0	6	5	1	0	21	11	9	0	124
ANID_03603T0_47-179,236-443_2B25:A:6-329	2	13	1	7	0	28	11	12	0	324
ANID_03607T0_369-407_4GAT:A:	0	2	1	1	0	11	6	3	0	66
ANID_03607T0_61-159_3C2W:A:5-117	2	6	1	2	0	14	8	8	0	113
ANID_03615T0_575-825_1LV7:A:	2	6	3	10	0	31	17	18	0	256
ANID_03619T0_27-124,151-248,1213-1293_1F2T:A:,B:	2	15	3	7	0	24	21	15	1	292
ANID_03619T0_875-1040,1157-1300_1F2T:A:,B:	2	15	3	7	0	24	21	15	1	292
ANID_03626T0_403-568_1O4V:A:	0	5	1	6	0	16	3	8	0	169
ANID_03626T0_103-301_1B6R:A:79-276	1	10	3	5	0	16	8	10	0	198
ANID_03626T0_3-99_1EYZ:A:2-112	1	5	1	4	0	14	8	7	0	111
ANID_03626T0_310-379_1B6R:A:277-355	0	3	2	2	0	9	6	4	0	79
ANID_03633T0_142-242_1FOH:A:1-240,A:342-461	4	15	4	9	0	43	22	18	1	360
ANID_03639T0_226-467_1B5S:A:	2	9	4	6	0	29	13	11	0	242
ANID_03639T0_53-142_1K8M:A:	0	8	0	0	0	18	8	4	0	92
ANID_03639T0_179-220_1EBD:C:	0	0	1	2	0	5	1	3	0	41
ANID_03643T0_10-169,256-315,926-1339_1TE4:A:	0	0	3	6	0	11	9	5	0	111
ANID_03651T0_37-311_1VYH:C:92-408	0	28	1	0	0	39	25	14	0	317
ANID_03657T0_473-902_2VNU:D:495-910	9	13	6	13	0	41	21	20	0	416
ANID_03657T0_253-343,415-466_2VNU:D:252-399	5	5	1	2	0	14	5	5	0	148
ANID_03657T0_917-1013_2VNU:D:911-998	0	8	1	1	0	10	3	5	0	88
ANID_03657T0_85-229_1O4W:A:	0	5	0	6	0	10	3	5	0	125
ANID_03658T0_44-445_1PV7:A:	0	0	2	22	0	18	12	14	0	417
ANID_03663T0_23-309_1OKC:A:	0	0	6	11	0	19	10	9	0	292
ANID_03665T0_920-1043_1Q3E:A:	2	8	1	10	0	20	7	9	0	193
ANID_03665T0_727-841_1TH8:B:	0	5	1	4	0	6	5	5	0	115
ANID_03675T0_185-237_1YSA:D:	0	0	0	1	0	2	2	0	0	57
ANID_03678T0_283-375,406-559_1TXU:A:	0	0	4	11	0	13	8	14	0	254
ANID_03678T0_704-749_1P3Q:Q:	0	0	1	2	0	4	3	2	0	47
ANID_03679T0_51-294_1GCO:A:	2	7	8	9	0	24	12	14	0	261
ANID_03684T0_65-107_1PYI:A:30-71	0	2	0	2	0	6	1	3	0	42
ANID_03688T0_331-451_1OXB:B:	0	5	0	5	0	13	11	4	0	124
ANID_03688T0_1-95_1HKS:A:	0	3	0	2	0	14	14	11	0	106
ANID_03690T0_24-283_1OKC:A:	0	0	6	11	0	19	10	9	0	292
ANID_03691T0_514-780_1OZ4:A:471-763	2	0	3	7	0	31	24	19	0	292
ANID_03693T0_258-433,472-624_2OVR:B:2365-2706	0	32	2	1	0	36	24	21	0	342
ANID_03700T0_6-174_1E3J:A:4-142,A:313-351	5	12	4	3	0	23	8	10	1	178
ANID_03700T0_183-332_1PL7:A:146-316	0	6	0	7	0	22	14	8	0	171
ANID_03701T0_32-218_1DXE:A:	0	8	1	12	0	24	18	17	0	253
ANID_03702T0_27-137,196-290,554-806_1H3N:A:1-225,A:418-686	9	23	6	18	0	52	29	25	1	494
ANID_03702T0_315-475,515-549_1FFY:A:201-394	6	3	3	4	0	27	16	12	0	194
ANID_03702T0_809-1042_1H3N:A:687-814	0	0	2	6	0	9	4	4	0	128
ANID_03704T0_20-381_1IAY:A:	3	12	6	14	0	41	23	26	0	428
ANID_03709T0_190-363_1AUA:A:97-299	2	5	7	8	0	23	12	12	0	203
ANID_03709T0_3-36,126-156_1AUA:A:4-96	0	0	1	5	0	8	5	8	0	93
ANID_03711T0_153-472_2HD5:A:211-521	4	18	4	9	0	37	12	12	0	336
ANID_03711T0_60-112_2UZG:A:36-130	0	5	0	3	0	13	5	6	0	95
ANID_03717T0_5-209_1VL5:A:	2	8	2	9	0	21	9	11	0	231
ANID_03719T0_11-315_1PME:A:	3	10	7	11	0	38	19	18	0	345
ANID_03721T0_2-360_1GOJ:A:	6	14	5	9	0	36	20	25	0	354
ANID_03721T0_681-749_2DUY:A:11-75	0	2	3	3	0	7	4	5	0	65
ANID_03722T0_88-424_1PW4:A:	2	0	1	18	0	21	18	22	0	450
ANID_03739T0_99-215_1X4C:A:8-102	0	5	1	2	0	10	11	2	0	95
ANID_03739T0_216-326_1NO8:A:	0	6	0	2	0	11	6	3	0	78
ANID_03739T0_329-450_1NO8:A:	0	6	0	2	0	11	6	3	0	78
ANID_03746T0_377-534_1XA6:A:271-466	0	0	1	11	0	17	14	15	0	196
ANID_03748T0_4-224_1H3D:A:5-224	0	11	2	7	0	18	13	10	0	220
ANID_03748T0_227-296_1NH8:A:211-284	0	4	2	2	0	6	3	3	0	74
ANID_03759T0_70-173_1JR8:A:	0	0	0	5	0	7	5	4	0	105
ANID_03761T0_897-955_1MSZ:A:	0	3	0	2	0	7	3	3	0	62
ANID_03764T0_299-604,633-768_1UG9:A:274-686	14	8	3	15	0	52	31	30	0	413
ANID_03768T0_68-110_2HAP:C:55-97	0	0	1	2	0	6	3	2	0	43
ANID_03774T0_54-159_1JFR:A:	0	9	4	6	0	32	19	18	0	260
ANID_03775T0_64-320_2FO1:E:1021-1297	0	0	1	16	0	32	19	23	0	277
ANID_03779T0_110-177,213-471,507-524_1K23:A:	0	11	4	11	0	29	20	17	0	307
ANID_03784T0_204-279_1D4U:A:37-111	0	3	0	3	0	9	8	3	0	75
ANID_03785T0_5-204,320-402,461-516_1ERJ:A:	2	30	1	1	0	43	24	22	0	388
ANID_03787T0_103-385_1X3Z:A:8-327	2	11	1	12	0	27	15	14	0	320
ANID_03807T0_10-398_1ZHX:A:2-434	5	19	10	9	0	46	21	29	0	433
ANID_03809T0_2-222_1IM5:A:	6	6	4	4	0	22	12	14	0	179
ANID_03817T0_654-803,922-1079_1HW8:A:441-586,A:704-861	4	7	3	10	0	18	15	19	1	304
ANID_03817T0_806-924_1DQA:A:587-703	1	6	0	4	0	10	6	5	0	117
ANID_03819T0_293-361_1ZUU:A:2-57	3	5	1	0	0	9	3	3	0	55
ANID_03825T0_193-276_2AE6:A:1-161	0	7	3	4	0	10	4	9	0	161
ANID_03830T0_4-299_1TDJ:A:5-335	0	10	2	13	0	33	18	16	0	331
ANID_03830T0_357-450_1TDJ:A:424-514	1	4	0	2	0	13	3	4	0	91
ANID_03836T0_41-502_1PV7:A:	0	0	2	22	0	18	12	14	0	417
ANID_03863T0_3-45_1CLD:A:	0	0	0	2	0	4	2	1	0	33
ANID_03867T0_9-328_1D8D:A:	0	1	4	16	0	29	9	21	0	323
ANID_03868T0_9-47_1PYI:A:30-71	0	2	0	2	0	6	1	3	0	42
ANID_03869T0_68-293_1KVK:A:1-225	0	8	2	6	0	18	15	9	0	225
ANID_03869T0_305-470_1KVK:A:226-394	0	5	0	6	0	14	6	6	0	169
ANID_03870T0_10-165,229-284_1EL5:A:1-217,A:322-385	0	16	6	7	0	31	12	17	1	281
ANID_03881T0_10-156,227-316_1JYS:A:	2	10	1	6	0	21	9	12	0	230
ANID_03881T0_324-564_1PZN:A:96-349	0	12	2	8	0	19	19	13	0	254
ANID_03881T0_845-997_1W3B:A:	0	0	0	23	0	35	6	26	0	388
ANID_03881T0_1016-1148_1W3B:A:	0	0	0	23	0	35	6	26	0	388
ANID_03881T0_723-834_1W3B:A:	0	0	0	23	0	35	6	26	0	388
ANID_03882T0_8-152,188-252_1CP3:A:	8	11	3	5	0	26	15	14	0	243
ANID_03884T0_31-225,300-474,514-542_1PV7:A:	0	0	2	22	0	18	12	14	0	417
ANID_03887T0_58-220_1PQW:A:	0	7	2	7	0	15	7	13	0	183
ANID_03887T0_288-491_2FR1:A:1657-1915	2	9	2	10	0	25	12	17	0	259
ANID_03887T0_4-86_1QOR:A:2-112,A:292-327	4	9	4	2	0	19	11	6	1	147
ANID_03887T0_572-638_2PNG:A:1-76	0	0	1	5	0	12	9	8	0	89
ANID_03888T0_35-229,291-466,497-523_1PV7:A:	0	0	2	22	0	18	12	14	0	417
ANID_03889T0_8-262_1VL8:A:	2	7	6	9	0	25	10	14	0	251
ANID_03892T0_188-279_1X6V:A:34-228	0	5	0	6	0	15	9	6	0	195
ANID_03895T0_252-510_1Q7E:A:	0	11	5	17	0	41	21	30	0	427
ANID_03895T0_13-246_1X74:A:2-360	0	12	4	14	1	37	25	27	0	359
ANID_03896T0_1-198_1I7O:A:214-429	6	15	5	3	0	34	15	10	0	216
ANID_03900T0_48-92_1D66:A:8-48	0	0	0	2	0	4	1	2	0	41
ANID_03902T0_39-239_1W1O:A:40-245	2	10	2	6	0	23	19	14	0	206
ANID_03903T0_207-276,443-600_1EX1:A:389-602	5	6	2	6	0	33	25	10	0	214
ANID_03903T0_2-201_1EX1:A:1-388	3	11	8	15	1	39	19	29	0	388
ANID_03915T0_58-305_1FX8:A:	0	0	4	11	0	13	7	10	0	254
ANID_03917T0_101-526_1TQN:A:	5	9	7	18	0	43	20	30	0	472
ANID_03933T0_19-1236_1I50:B:	18	49	14	26	0	125	63	65	0	1207
ANID_03934T0_18-179_2AL7:A:17-181	2	6	4	5	0	13	8	11	0	165
ANID_03949T0_27-292_1EX1:A:1-388	3	11	8	15	1	39	19	29	0	388
ANID_03949T0_294-573_1EX1:A:389-602	5	6	2	6	0	33	25	10	0	214
ANID_03950T0_17-265_1NKG:A:1-250	4	20	4	0	0	35	14	17	0	250
ANID_03950T0_358-528_1NKG:A:338-508	2	10	4	1	0	22	17	11	0	171
ANID_03950T0_268-348_1NKG:A:251-337	2	8	1	0	0	14	4	4	0	87
ANID_03952T0_858-1074_2HYD:A:324-578	2	10	5	9	0	25	21	16	0	255
ANID_03952T0_175-429_1MT0:A:	2	10	3	10	0	20	20	20	0	241
ANID_03954T0_164-465_1PGP:A:177-473	6	0	2	12	0	23	12	11	0	297
ANID_03954T0_1-164_1PGP:A:1-176	4	8	1	7	0	22	12	9	0	176
ANID_03960T0_34-172,201-325_1GPE:A:1-328,A:525-587	13	16	6	10	0	49	25	31	1	391
ANID_03960T0_302-417_1GPE:A:329-524	4	8	4	7	0	18	14	8	0	196
ANID_03961T0_5-91_2GGT:A:138-297	0	9	2	4	0	19	7	9	0	164
ANID_03970T0_4-250,312-450_1RY6:A:	5	12	6	9	0	26	13	15	0	330
ANID_03982T0_12-314_2NXF:A:3-322	4	15	4	8	0	43	22	24	0	320
ANID_03991T0_40-323,350-500_1VD5:A:	13	7	2	13	0	34	22	22	0	377
ANID_03993T0_1-228_2AMF:A:1-152	1	7	3	6	0	20	8	7	0	152
ANID_04002T0_18-102,194-275_1K0I:A:1-173,A:276-394	1	15	5	10	0	30	13	14	1	292
ANID_04004T0_117-323_1E1A:A:	9	29	1	0	0	44	18	22	0	312
ANID_04006T0_34-338,552-603_1GPE:A:1-328,A:525-587	13	16	6	10	0	49	25	31	1	391
ANID_04006T0_340-401,430-553_1GPE:A:329-524	4	8	4	7	0	18	14	8	0	196
ANID_04008T0_141-393_1FP2:A:109-352	1	9	4	13	0	24	10	15	0	244
ANID_04008T0_47-127_1TW3:A:14-98	1	2	1	5	0	4	4	7	0	85
ANID_04012T0_38-498_1EYB:A:	5	29	8	2	0	62	32	19	0	439
ANID_04013T0_5-54_2CT1:A:8-43	0	2	0	1	0	6	4	1	0	36
ANID_04016T0_1-96_1XD3:B:	3	5	1	1	0	10	1	6	0	75
ANID_04023T0_2-180_2GMY:A:2-148	0	0	1	9	0	11	4	6	0	147
ANID_04025T0_13-207,264-300_1J9L:A:	2	11	2	6	0	30	17	12	0	247
ANID_04034T0_63-161_1N1J:A:	1	1	1	4	0	8	2	4	0	87
ANID_04036T0_66-207_1FKM:A:249-442	2	0	8	8	0	13	13	10	0	194
ANID_04036T0_194-304_1FKM:A:443-630	0	0	1	8	0	10	3	8	0	188
ANID_04039T0_107-213_1UAR:A:145-285	4	5	3	5	0	18	12	9	0	141
ANID_04046T0_141-263,309-410,443-516_2RHW:A:4-286	0	8	4	12	0	28	17	11	0	283
ANID_04051T0_31-198_1NGK:A:	0	0	0	8	0	11	8	7	0	126
ANID_04052T0_31-413_1EQC:A:	4	8	10	10	0	47	30	30	0	394
ANID_04057T0_499-669_1I9S:A:	2	4	4	6	0	21	8	11	0	194
ANID_04057T0_133-382_1R3D:A:	2	7	3	11	0	24	13	15	0	263
ANID_04058T0_30-426_2GP4:A:1-418	5	7	4	13	0	30	17	20	0	418
ANID_04058T0_428-607_2GP4:A:419-608	2	8	8	5	0	22	17	12	0	190
ANID_04061T0_20-137_2RGQ:A:1-133	0	6	0	3	0	7	3	7	0	133
ANID_04066T0_20-269,301-316_2ELB:A:6-273	0	0	3	6	0	7	3	6	0	268
ANID_04066T0_304-418_2ELB:A:274-374	0	6	0	1	0	11	5	3	0	101
ANID_04073T0_30-147_1PXW:A:	0	4	3	5	0	12	11	7	0	128
ANID_04080T0_67-305_1LNZ:A:158-342	3	7	0	6	0	20	18	9	0	185
ANID_04080T0_287-367_1WXQ:A:320-395	1	4	0	2	0	9	4	5	0	76
ANID_04082T0_18-248_1LL2:A:	1	11	7	10	0	24	19	16	0	263
ANID_04083T0_64-211,246-277,352-438_1EK1:A:226-544	1	8	6	12	0	34	28	21	0	319
ANID_04097T0_4-417_1PW4:A:	2	0	1	18	0	21	18	22	0	450
ANID_04102T0_39-349_1EX1:A:1-388	3	11	8	15	1	39	19	29	0	388
ANID_04102T0_401-609,636-658_1EX1:A:389-602	5	6	2	6	0	33	25	10	0	214
ANID_04103T0_50-258,301-520_1PV7:A:	0	0	2	22	0	18	12	14	0	417
ANID_04107T0_103-540_1PW4:A:	2	0	1	18	0	21	18	22	0	450
ANID_04108T0_74-362_1GY9:A:	6	15	2	7	0	34	19	14	0	279
ANID_04109T0_39-472_1PW4:A:	2	0	1	18	0	21	18	22	0	450
ANID_04113T0_1081-1212_1OXB:B:	0	5	0	5	0	13	11	4	0	124
ANID_04113T0_696-840_2C2A:A:321-481	0	7	2	3	0	13	4	10	0	161
ANID_04113T0_549-619_2C2A:A:232-320	0	0	1	3	0	3	0	4	0	89
ANID_04113T0_47-208_2K2N:A:31-200	1	5	1	4	0	22	14	6	0	170
ANID_04118T0_5-46_2HAP:C:55-97	0	0	1	2	0	6	3	2	0	43
ANID_04133T0_66-108_1ESK:A:	2	0	0	0	0	11	5	4	0	42
ANID_04133T0_265-290_1NC8:A:	2	0	1	0	0	6	3	1	0	29
ANID_04150T0_40-253,288-502_1PW4:A:	2	0	1	18	0	21	18	22	0	450
ANID_04156T0_11-58,88-488_1X0M:A:26-428	2	14	5	14	0	43	21	17	0	403
ANID_04166T0_257-330,359-486,579-602_1ERJ:A:	2	30	1	1	0	43	24	22	0	388
ANID_04167T0_3-204_2GF0:A:4-176	2	7	2	6	0	19	11	8	0	173
ANID_04167T0_428-592_1KAO:A:	0	6	1	5	0	17	7	8	0	167
ANID_04167T0_165-267,309-374_1C07:A:	0	2	0	4	0	11	7	6	0	95
ANID_04175T0_8-54_2HAP:C:55-97	0	0	1	2	0	6	3	2	0	43
ANID_04176T0_334-499_1FQV:A:146-431	8	13	3	8	0	55	21	24	0	286
ANID_04182T0_8-308_1GZ8:A:	3	8	3	10	0	29	17	22	0	298
ANID_04186T0_8-250_1GCO:A:	2	7	8	9	0	24	12	14	0	261
ANID_04187T0_1548-1837_1Z3I:X:390-735	0	10	6	11	0	41	29	23	0	346
ANID_04187T0_1274-1546_1Z63:A:432-661	0	7	2	11	0	24	16	18	0	230
ANID_04187T0_5-68,319-675,1066-1299_1U6G:C:	0	2	14	60	0	74	56	65	0	1207
ANID_04196T0_233-370_1F3M:C:	1	10	4	11	0	33	20	20	0	294
ANID_04201T0_44-578_1V25:A:	8	24	4	16	0	59	31	33	0	534
ANID_04212T0_31-343,547-606_1GPE:A:1-328,A:525-587	13	16	6	10	0	49	25	31	1	391
ANID_04212T0_345-548_1JU2:A:294-463	3	9	1	2	0	26	19	6	0	170
ANID_04217T0_9-344_1PWH:A:	3	10	2	13	0	37	25	18	0	327
ANID_04219T0_53-110_1QYP:A:	0	4	0	0	0	8	5	1	0	56
ANID_04220T0_42-138_1BLX:B:	0	0	1	10	0	20	5	17	0	160
ANID_04226T0_3-298_1VYH:C:92-408	0	28	1	0	0	39	25	14	0	317
ANID_04241T0_69-519_1PV7:A:	0	0	2	22	0	18	12	14	0	417
ANID_04243T0_52-343,387-423_1EK6:A:	4	14	1	11	0	41	19	13	0	346
ANID_04258T0_17-207_1UKZ:A:	0	5	0	9	0	18	10	10	0	196
ANID_04272T0_585-672,737-916_1Z3I:X:390-735	0	10	6	11	0	41	29	23	0	346
ANID_04272T0_324-576_1Z63:A:432-661	0	7	2	11	0	24	16	18	0	230
ANID_04272T0_649-721_1RMD:A:1-86	6	2	3	3	0	14	6	6	0	86
ANID_04279T0_243-534_1A06:A:	4	8	4	10	0	29	20	14	0	307
ANID_04279T0_90-244_1G3G:A:	0	11	0	3	0	24	14	7	0	164
ANID_04285T0_471-750_1M8Z:A:	0	2	4	27	0	17	16	26	0	339
ANID_04286T0_298-533_1BRT:A:	6	8	5	11	0	26	14	19	0	277
ANID_04287T0_367-440_1S7B:A:	0	0	0	4	0	10	7	3	0	109
ANID_04296T0_5-168_1H3Q:A:	0	5	1	3	0	15	6	8	0	140
ANID_04305T0_17-229_1E20:A:	2	6	2	9	0	22	10	12	0	185
ANID_04310T0_262-514_1N11:A:	0	0	1	24	0	48	15	35	0	408
ANID_04310T0_736-783,813-988_1O1Z:A:	1	11	4	10	0	22	17	11	0	233
ANID_04313T0_114-559_1PV7:A:	0	0	2	22	0	18	12	14	0	417
ANID_04336T0_11-184_1E3J:A:4-142,A:313-351	5	12	4	3	0	23	8	10	1	178
ANID_04336T0_153-315_1PL7:A:146-316	0	6	0	7	0	22	14	8	0	171
ANID_04339T0_2-242_2GF0:A:4-176	2	7	2	6	0	19	11	8	0	173
ANID_04339T0_524-671_1W3B:A:	0	0	0	23	0	35	6	26	0	388
ANID_04339T0_410-518_1ELR:A:	0	0	0	7	0	9	1	5	0	128
ANID_04352T0_17-319_1OKC:A:	0	0	6	11	0	19	10	9	0	292
ANID_04355T0_9-184_2AMF:A:1-152	1	7	3	6	0	20	8	7	0	152
ANID_04355T0_195-290_2AMF:A:153-256	0	0	1	6	0	5	2	5	0	104
ANID_04357T0_193-357_1WLJ:A:	0	7	1	7	0	16	4	10	0	173
ANID_04362T0_76-97,136-154,188-307_1KYW:A:120-362	2	7	1	11	0	24	14	14	0	243
ANID_04365T0_22-214_1H7S:A:29-231	0	10	3	5	0	18	14	9	0	203
ANID_04365T0_628-759,786-836_1X9Z:A:	2	7	1	7	0	14	7	8	0	182
ANID_04367T0_325-396,439-528_1OMZ:A:	3	13	1	7	0	26	18	19	0	265
ANID_04371T0_73-197,323-356_1LPF:A:159-277	1	9	0	3	0	16	8	8	0	119
ANID_04372T0_43-362_1IA5:A:	2	28	4	1	0	45	32	12	0	339
ANID_04374T0_2-128_1PV7:A:	0	0	2	22	0	18	12	14	0	417
ANID_04374T0_167-254,307-357_1PV7:A:	0	0	2	22	0	18	12	14	0	417
ANID_04378T0_373-774_1PV7:A:	0	0	2	22	0	18	12	14	0	417
ANID_04385T0_67-336_2JFL:A:21-308	1	11	6	10	0	27	17	20	0	288
ANID_04385T0_660-1050_1WA5:B:	0	0	5	29	0	38	22	22	0	506
ANID_04386T0_206-269,301-423_1CKI:A:	5	10	3	10	0	30	14	16	0	299
ANID_04387T0_57-301,333-380_1OKC:A:	0	0	6	11	0	19	10	9	0	292
ANID_04389T0_193-391_1MPG:A:100-282	2	0	1	10	0	23	11	14	0	183
ANID_04397T0_11-506_1LCI:A:	7	27	4	15	0	64	28	38	0	541
ANID_04403T0_68-138_1XBL:A:	0	0	0	3	0	7	3	6	0	75
ANID_04406T0_3-135_1WIC:A:	6	7	0	1	0	23	14	3	0	151
ANID_04412T0_164-302,382-432,472-566_2P6R:A:203-403	2	10	1	7	0	20	15	11	0	201
ANID_04419T0_3-145_1VHR:A:	2	5	1	8	0	14	9	10	0	178
ANID_04421T0_42-405_1GOX:A:	4	12	5	13	0	39	21	21	0	359
ANID_04425T0_10-310_1XWY:A:1-260	0	8	7	9	0	24	12	14	0	260
ANID_04432T0_66-229,257-400_1OYW:A:1-206	0	7	2	10	0	22	14	12	0	206
ANID_04441T0_43-146_1XBL:A:	0	0	0	3	0	7	3	6	0	75
ANID_04447T0_445-583_2C2A:A:321-481	0	7	2	3	0	13	4	10	0	161
ANID_04447T0_671-715,755-850_2AYZ:A:817-949	0	5	0	5	0	13	10	3	0	133
ANID_04447T0_182-243_2C2A:A:232-320	0	0	1	3	0	3	0	4	0	89
ANID_04449T0_7-205_1RYP:J:	1	12	1	4	0	19	10	8	0	204
ANID_04454T0_34-78_2HP8:A:	0	0	1	3	0	6	3	5	0	68
ANID_04457T0_58-255_1RYP:K:	1	12	0	4	0	17	8	9	0	198
ANID_04467T0_31-201_1CYN:A:	8	8	1	2	0	22	15	12	0	178
ANID_04468T0_2-81_2GY9:M:1-114	2	0	0	6	0	12	10	5	0	114
ANID_04479T0_778-950_2C2A:A:321-481	0	7	2	3	0	13	4	10	0	161
ANID_04479T0_1106-1226_1MB3:A:	2	5	0	5	0	13	10	3	0	123
ANID_04479T0_712-790_2C2A:A:232-320	0	0	1	3	0	3	0	4	0	89
ANID_04479T0_308-581_2CH7:B:225-529	0	0	1	4	0	2	1	4	0	308
ANID_04479T0_567-613_2ASX:A:278-331	0	0	0	2	0	4	1	3	0	54
ANID_04482T0_105-342,376-583_1PW4:A:	2	0	1	18	0	21	18	22	0	450
ANID_04489T0_24-67_1CLD:A:	0	0	0	2	0	4	2	1	0	33
ANID_04490T0_238-402_1TA0:A:	2	9	6	4	0	24	13	9	0	196
ANID_04492T0_34-170_1OI0:A:	0	9	0	2	0	14	8	5	0	121
ANID_04521T0_198-291_1JXS:A:	0	3	0	4	0	10	8	5	0	98
ANID_04523T0_2368-2620_3E9L:A:1760-2016	0	9	7	7	0	28	14	13	0	257
ANID_04523T0_1016-1272_2BW3:A:163-609	0	5	7	21	0	33	14	25	0	447
ANID_04523T0_1525-1657,2075-2115_1GPP:A:	7	17	4	2	0	25	9	9	0	236
ANID_04523T0_1963-2076_1DFA:A:299-415	1	4	2	3	0	13	8	7	0	117
ANID_04531T0_301-577_1BN7:A:	3	8	7	12	0	25	20	15	0	291
ANID_04537T0_13-132,164-219_1FKM:A:249-442	2	0	8	8	0	13	13	10	0	194
ANID_04537T0_198-299_1FKM:A:443-630	0	0	1	8	0	10	3	8	0	188
ANID_04543T0_134-201,250-314_2AVN:A:1-246	2	10	3	10	0	28	12	9	0	246
ANID_04546T0_268-347_1WVN:A:5-74	0	3	2	3	0	7	1	2	0	70
ANID_04546T0_123-207_2AXY:A:11-81	0	3	1	3	0	7	2	0	0	71
ANID_04546T0_37-108_2AXY:A:11-81	0	3	1	3	0	7	2	0	0	71
ANID_04548T0_107-303_1FQV:A:146-431	8	13	3	8	0	55	21	24	0	286
ANID_04552T0_220-562_1JEY:B:242-545	2	15	5	6	0	28	15	10	0	304
ANID_04552T0_3-234_1JEY:B:6-241	3	6	3	6	0	21	12	12	0	236
ANID_04552T0_558-718_1RW2:A:	0	0	0	6	0	17	15	5	0	151
ANID_04558T0_61-109_1CLD:A:	0	0	0	2	0	4	2	1	0	33
ANID_04563T0_8-293_1CKI:A:	5	10	3	10	0	30	14	16	0	299
ANID_04566T0_353-584_1FGX:A:	6	11	2	6	0	34	20	14	0	272
ANID_04572T0_6-169,208-305_1X42:A:1-230	7	6	3	10	0	19	10	14	0	230
ANID_04573T0_8-243_2HSJ:A:1-211	4	5	4	9	0	22	9	9	0	211
ANID_04576T0_1-173,293-399_3C96:A:4-182,A:294-402	1	13	1	8	0	26	14	13	1	288
ANID_04576T0_188-293_3C96:A:183-293	3	5	0	4	0	12	4	7	0	111
ANID_04591T0_303-450_3PMG:A:304-420	0	4	1	6	0	10	7	7	0	117
ANID_04591T0_24-215_3PMG:A:1-190	3	9	1	5	0	20	11	13	0	190
ANID_04591T0_210-311_1K2Y:X:155-258	0	5	2	3	0	14	9	8	0	104
ANID_04597T0_739-927_1GXL:A:	2	8	4	7	0	19	12	14	0	205
ANID_04597T0_246-463,1245-1440_1W1W:A:	2	14	3	8	0	28	15	19	0	427
ANID_04597T0_933-1053_1C1G:C:	0	0	0	3	0	2	1	2	0	283
ANID_04607T0_45-151_2A1X:A:43-338	5	15	4	5	0	35	14	11	0	296
ANID_04628T0_256-485_1PV7:A:	0	0	2	22	0	18	12	14	0	417
ANID_04630T0_10-208,240-456_1PV7:A:	0	0	2	22	0	18	12	14	0	417
ANID_04640T0_41-396_1PV7:A:	0	0	2	22	0	18	12	14	0	417
ANID_04643T0_47-541_1TQN:A:	5	9	7	18	0	43	20	30	0	472
ANID_04658T0_216-401_1N3J:A:	3	9	0	2	0	19	13	1	0	119
ANID_04668T0_13-312_2GFS:A:5-352	1	10	6	13	0	32	21	20	0	348
ANID_04669T0_87-364_1T6N:A:	0	7	0	9	0	22	16	12	0	207
ANID_04691T0_110-368_1VL8:A:	2	7	6	9	0	25	10	14	0	251
ANID_04713T0_172-403_1G5B:A:	2	10	3	8	0	26	14	12	0	219
ANID_04716T0_83-292_2VK9:A:2-541	9	6	8	20	0	52	25	29	0	540
ANID_04718T0_91-160_1C99:A:	0	0	1	2	0	2	1	1	0	79
ANID_04723T0_55-257_2P6R:A:203-403	2	10	1	7	0	20	15	11	0	201
ANID_04724T0_3-585_1DN1:A:	7	15	9	20	0	49	28	32	0	589
ANID_04728T0_56-239_1KV9:A:1-560	8	39	7	5	0	72	35	35	0	560
ANID_04728T0_508-686_1G72:A:	6	38	10	5	0	74	38	44	0	571
ANID_04730T0_73-186_1FJG:L:	1	6	1	1	0	20	8	9	0	125
ANID_04735T0_504-632_2C2L:A:24-224	0	0	1	10	0	12	7	11	0	201
ANID_04735T0_294-340_1FCH:A:	0	0	2	17	0	24	6	19	0	323
ANID_04736T0_3-72,124-309_1HD7:A:	6	12	5	7	0	32	18	10	0	275
ANID_04740T0_43-167_1WKY:A:340-490	0	12	1	0	0	20	7	7	0	151
ANID_04744T0_63-113_1D66:A:8-48	0	0	0	2	0	4	1	2	0	41
ANID_04752T0_357-449_1KX5:B:	0	3	1	3	0	10	6	4	0	102
ANID_04754T0_231-327_1S3S:G:	2	5	1	3	0	15	10	7	0	118
ANID_04754T0_2-110_1FB6:A:	0	5	0	4	0	11	2	7	0	104
ANID_04760T0_15-81_2DT6:A:48-110	0	0	1	3	0	4	4	5	0	63
ANID_04760T0_101-179_2DT7:B:134-217	0	0	1	3	0	8	6	3	0	84
ANID_04761T0_335-535_1T9F:A:	4	12	2	0	0	29	9	14	0	186
ANID_04776T0_9-52,96-266_2R8B:A:44-246	2	9	2	5	0	21	16	11	0	203
ANID_04781T0_6-73,106-262_1W66:A:1-216	2	11	3	4	0	24	12	10	0	216
ANID_04782T0_12-169_2FV8:A:4-184	0	6	2	6	0	16	5	13	0	181
ANID_04784T0_77-296_1TFF:A:	3	4	2	10	0	17	9	11	0	228
ANID_04785T0_4-47_1D66:A:8-48	0	0	0	2	0	4	1	2	0	41
ANID_04789T0_1091-1503_1WNS:A:348-758	8	7	1	12	0	41	19	21	0	411
ANID_04789T0_2-151,782-840,867-1072_1WNS:A:1-347	2	17	1	10	0	31	20	21	0	347
ANID_04792T0_101-321_1DIQ:A:7-242	4	11	2	6	0	33	17	19	0	236
ANID_04792T0_324-566_1DIQ:A:243-521	3	8	5	10	0	24	13	14	0	279
ANID_04799T0_78-195_2CQC:A:109-191	0	5	1	2	0	7	6	3	0	82
ANID_04800T0_226-477,514-607_1GOT:B:	1	28	0	2	0	36	22	23	0	339
ANID_04811T0_3-300_1VRD:A:1-85,A:213-457	5	15	2	11	0	35	20	14	1	330
ANID_04818T0_707-845_2C2A:A:321-481	0	7	2	3	0	13	4	10	0	161
ANID_04818T0_1101-1228_1OXB:B:	0	5	0	5	0	13	11	4	0	124
ANID_04818T0_563-628_2C2A:A:232-320	0	0	1	3	0	3	0	4	0	89
ANID_04818T0_89-245_1F5M:A:	2	6	2	4	0	18	12	9	0	176
ANID_04830T0_28-208,238-327_1P9O:A:	3	15	4	8	0	25	12	11	0	290
ANID_04843T0_15-496_1UOK:A:1-479	6	15	12	16	0	55	33	34	0	479
ANID_04843T0_503-585_1M53:A:521-598	0	7	0	0	0	11	7	4	0	78
ANID_04850T0_363-421_1FXL:A:37-118	0	6	0	2	0	9	4	5	0	82
ANID_04850T0_247-279_1N0Z:A:	4	0	0	0	0	12	8	1	0	44
ANID_04850T0_174-249,306-327_1X5S:A:8-97	0	4	0	2	0	11	8	3	0	89
ANID_04852T0_454-618,645-759_1GQ8:A:	3	24	6	3	0	47	33	20	0	318
ANID_04852T0_111-385_1H80:A:	9	29	2	5	0	61	31	22	0	464
ANID_04865T0_371-487_1P1T:A:	2	4	0	4	0	11	10	6	0	104
ANID_04865T0_268-366_1X5S:A:8-97	0	4	0	2	0	11	8	3	0	89
ANID_04873T0_433-484_1ZFD:A:	2	0	1	1	0	4	2	2	0	32
ANID_04873T0_409-442_1NCS:A:	0	3	1	1	0	6	3	3	0	47
ANID_04880T0_675-758_2GUD:A:1-121	0	13	0	0	0	14	12	3	0	121
ANID_04887T0_1255-1548_1F3M:C:	1	10	4	11	0	33	20	20	0	294
ANID_04894T0_306-427_1N72:A:	0	0	1	5	0	9	10	6	0	117
ANID_04908T0_189-284_1SGO:A:	0	6	1	3	0	12	8	5	0	139
ANID_04908T0_988-1104_1W3B:A:	0	0	0	23	0	35	6	26	0	388
ANID_04908T0_907-1020_1W3B:A:	0	0	0	23	0	35	6	26	0	388
ANID_04913T0_27-384_1TRK:A:3-337	2	7	3	13	0	32	17	26	0	335
ANID_04913T0_388-596_1TRK:A:338-534	2	8	4	7	0	26	13	13	0	197
ANID_04913T0_601-746_1TRK:A:535-680	0	5	1	6	0	20	14	10	0	146
ANID_04918T0_68-85,129-289_1VE3:A:2-227	0	10	2	7	0	20	9	11	0	226
ANID_04934T0_21-303_1EDO:A:	2	7	2	10	0	24	12	13	0	244
ANID_04935T0_26-333_1IA8:A:	5	12	5	7	0	36	16	18	0	275
ANID_04955T0_79-145_1VYX:A:	2	2	1	1	0	11	6	4	0	60
ANID_04983T0_2-217_1FZT:A:	9	5	1	7	0	22	14	12	0	211
ANID_04992T0_131-147,211-389,417-541_1I6W:A:	3	6	5	5	0	21	9	11	0	179
ANID_04993T0_13-184_2G3A:A:1-137	0	6	1	3	0	13	4	5	0	137
ANID_04998T0_137-265,298-506_1WER:A:	0	0	6	15	0	23	13	16	0	324
ANID_04998T0_680-777_1X0H:A:8-107	0	7	1	3	0	10	5	5	0	99
ANID_05003T0_111-156_1XF7:A:	0	2	0	1	0	4	3	1	0	29
ANID_05009T0_406-490_1WF2:A:	0	6	0	2	0	10	7	6	0	97
ANID_05009T0_628-702_1V95:A:	0	5	1	4	0	13	8	5	0	129
ANID_05010T0_85-169_2OOE:A:21-549	2	0	2	28	0	36	16	28	0	529
ANID_05017T0_24-284_1H5Q:A:	2	10	7	8	0	25	12	15	0	260
ANID_05019T0_4-396_1U1J:A:396-760	9	10	3	11	0	43	33	23	0	365
ANID_05023T0_16-110_2A1X:A:43-338	5	15	4	5	0	35	14	11	0	296
ANID_05025T0_1-291,454-498_2DW4:A:274-654,A:764-831	9	17	3	11	0	39	21	20	1	449
ANID_05025T0_272-301,335-439_2DW4:A:655-763	0	7	0	2	0	15	7	6	0	109
ANID_05029T0_62-505_1PV7:A:	0	0	2	22	0	18	12	14	0	417
ANID_05033T0_235-369_1UWC:A:	2	13	3	7	0	25	14	17	0	260
ANID_05034T0_41-341_1FQV:A:146-431	8	13	3	8	0	55	21	24	0	286
ANID_05037T0_11-271,458-528_1B4V:A:9-318,A:451-506	12	10	6	11	0	45	30	25	1	366
ANID_05037T0_778-961,1015-1143_1UFO:A:	0	8	4	6	0	21	10	17	0	238
ANID_05044T0_33-117,153-239,340-434_1FOH:A:1-240,A:342-461	4	15	4	9	0	43	22	18	1	360
ANID_05049T0_234-433_2QFI:A:5-208	2	0	7	7	0	14	20	21	0	204
ANID_05049T0_435-513_3BYP:A:6-87	1	3	0	2	0	5	2	4	0	82
ANID_05050T0_5-458_1PW4:A:	2	0	1	18	0	21	18	22	0	450
ANID_05051T0_80-130_1IYM:A:	0	2	0	1	0	11	6	4	0	54
ANID_05053T0_73-269_2GAN:A:1-182	0	7	4	5	0	20	10	12	0	182
ANID_05055T0_31-324_1C22:A:	5	16	2	4	0	34	13	15	0	262
ANID_05057T0_32-201_1OHE:A:42-198	3	4	2	4	0	18	12	5	0	157
ANID_05057T0_207-389_1OHE:A:199-380	2	5	1	7	0	19	11	10	0	182
ANID_05074T0_78-261_1A5E:A:	0	0	0	7	0	21	13	12	0	156
ANID_05076T0_378-419_1E0G:A:	0	2	1	2	0	8	1	3	0	48
ANID_05076T0_21-51_1E0G:A:	0	2	1	2	0	8	1	3	0	48
ANID_05076T0_71-119_1Y7M:A:1-48	0	2	0	1	1	9	3	6	0	48
ANID_05088T0_281-380,495-603,987-1178_1SU4:A:1-124,A:240-343,A:751-994	1	1	8	18	0	32	20	22	2	472
ANID_05088T0_607-627,799-1044_1SU4:A:344-360,A:600-750	3	8	1	8	0	16	12	11	1	168
ANID_05088T0_615-631,664-847_1SU4:A:361-599	0	13	3	7	0	21	11	13	0	239
ANID_05088T0_381-492_1SU4:A:125-239	2	9	3	0	0	21	10	7	0	115
ANID_05102T0_162-427_1PV9:A:125-345	6	13	2	4	0	27	12	10	0	221
ANID_05104T0_25-230,262-474_1PV7:A:	0	0	2	22	0	18	12	14	0	417
ANID_05106T0_3-54,106-241_2A5J:A:9-181	0	6	2	6	0	17	8	14	0	181
ANID_05118T0_103-154_1A5J:A:56-110	0	0	0	3	0	7	5	4	0	55
ANID_05119T0_13-228_1VLM:A:	2	8	2	8	0	22	11	13	0	218
ANID_05146T0_108-451_1LTD:A:98-511	2	13	7	14	0	44	26	19	0	414
ANID_05146T0_3-81_1KBI:A:1-97	4	4	3	4	0	14	7	8	0	97
ANID_05155T0_186-230,279-309,387-442_1WWR:A:1-151	2	5	1	5	0	16	8	11	0	151
ANID_05157T0_466-509,553-745,835-993_1IAL:A:	0	0	4	28	0	36	22	21	0	453
ANID_05157T0_8-309,392-456_1IAL:A:	0	0	4	28	0	36	22	21	0	453
ANID_05159T0_131-174,211-227,282-398_1LZL:A:	0	8	3	10	0	32	18	24	0	317
ANID_05167T0_533-707_1SHU:X:	2	6	3	6	0	13	8	7	0	181
ANID_05167T0_20-74_1IYM:A:	0	2	0	1	0	11	6	4	0	54
ANID_05167T0_325-465_1DBH:A:418-550	0	8	1	2	0	17	12	8	0	133
ANID_05168T0_639-1056_1N11:A:	0	0	1	24	0	48	15	35	0	408
ANID_05168T0_209-440_1OZ4:A:471-763	2	0	3	7	0	31	24	19	0	292
ANID_05169T0_144-219_2F3N:A:2-65	0	0	3	4	0	6	0	4	0	64
ANID_05169T0_667-816_1V89:A:	0	7	0	1	0	15	12	2	0	117
ANID_05170T0_40-86_2HAP:C:55-97	0	0	1	2	0	6	3	2	0	43
ANID_05173T0_132-217_1VJ5:A:2-225	1	7	3	11	0	19	9	16	0	226
ANID_05181T0_16-161_1WFI:A:	5	6	0	0	0	17	17	5	0	130
ANID_05185T0_177-241_1JM7:A:	2	0	1	3	0	11	9	5	0	103
ANID_05190T0_293-501,528-634_2PUL:A:5-396	1	10	6	14	0	29	12	21	0	392
ANID_05192T0_31-621_1T5H:X:	5	27	4	15	0	56	23	34	0	503
ANID_05194T0_370-610_3D31:A:1-229	0	10	1	9	0	26	15	14	0	229
ANID_05196T0_264-572_1VYH:C:92-408	0	28	1	0	0	39	25	14	0	317
ANID_05202T0_2-156_1GEN:A:	0	18	2	2	0	17	14	19	0	200
ANID_05203T0_26-81,110-193_1AN7:A:	2	10	2	3	0	13	7	7	0	136
ANID_05211T0_2164-2444_1BO1:A:	1	12	2	8	0	33	23	12	0	383
ANID_05211T0_919-1083_1GML:A:	3	9	2	3	0	17	13	5	0	169
ANID_05211T0_481-553_1HYI:A:	0	4	0	1	0	11	5	3	0	65
ANID_05211T0_876-925,1076-1095_1A6D:A:146-214,A:368-403	0	6	1	3	0	10	7	4	1	105
ANID_05214T0_27-330_1H1N:A:	3	10	2	10	0	34	17	26	0	305
ANID_05215T0_173-259,569-602,747-839,917-1078_1P22:A:253-545	0	28	0	1	0	35	23	13	0	293
ANID_05215T0_212-263,294-392,568-710,754-784_1VYH:C:92-408	0	28	1	0	0	39	25	14	0	317
ANID_05216T0_2-103,768-885_1UL1:X:2-217	0	7	1	7	0	19	10	10	0	216
ANID_05216T0_870-1030_1UL1:X:218-357	1	1	1	7	0	13	9	4	0	140
ANID_05228T0_6-365_1OYB:A:	6	12	6	13	0	45	27	29	0	399
ANID_05235T0_57-330_1VYH:C:92-408	0	28	1	0	0	39	25	14	0	317
ANID_05263T0_107-303_1A4Y:A:	2	17	3	16	0	56	24	32	0	460
ANID_05268T0_67-255_1P1T:A:	2	4	0	4	0	11	10	6	0	104
ANID_05269T0_4-285_1OKC:A:	0	0	6	11	0	19	10	9	0	292
ANID_05272T0_13-551_1LCI:A:	7	27	4	15	0	64	28	38	0	541
ANID_05278T0_1343-1415,1467-1499,1531-1662_1W36:D:361-606	4	4	2	9	0	19	18	13	0	246
ANID_05278T0_1209-1386_1F48:A:1-296	0	8	6	11	0	31	20	16	0	296
ANID_05282T0_69-422_1QJW:A:	5	8	5	10	0	44	33	28	0	362
ANID_05284T0_20-455_1PW4:A:	2	0	1	18	0	21	18	22	0	450
ANID_05289T0_3-144,175-284_1KEP:A:	5	13	5	13	0	38	16	20	0	346
ANID_05297T0_9-296_2FFI:A:10-280	6	7	4	11	0	35	13	20	0	271
ANID_05298T0_93-215_1OKC:A:	0	0	6	11	0	19	10	9	0	292
ANID_05308T0_46-246_1AZW:A:	1	8	5	12	0	26	20	23	0	313
ANID_05310T0_23-191,316-425_3C96:A:4-182,A:294-402	1	13	1	8	0	26	14	13	1	288
ANID_05310T0_197-218,246-324_3C96:A:183-293	3	5	0	4	0	12	4	7	0	111
ANID_05317T0_5-251_1QYC:A:	1	13	4	12	0	30	15	23	0	307
ANID_05320T0_163-211,240-378_2HSJ:A:1-211	4	5	4	9	0	22	9	9	0	211
ANID_05323T0_120-529_1PV7:A:	0	0	2	22	0	18	12	14	0	417
ANID_05326T0_71-226_1EVQ:A:	0	8	4	9	0	28	16	23	0	308
ANID_05332T0_21-114_1O4T:A:	0	11	2	0	0	13	8	5	0	115
ANID_05335T0_27-443_3CZH:A:40-502	7	8	4	16	0	42	19	26	0	462
ANID_05341T0_1-193_1G8I:A:	2	4	1	10	0	17	9	7	0	187
ANID_05347T0_457-671_2QFI:A:5-208	2	0	7	7	0	14	20	21	0	204
ANID_05349T0_2-50_1CLD:A:	0	0	0	2	0	4	2	1	0	33
ANID_05354T0_4-128_1YB5:A:6-120,A:295-329	2	9	3	2	0	18	11	6	1	150
ANID_05354T0_108-254_1IZ0:A:99-269	3	6	3	9	0	11	7	13	0	171
ANID_05360T0_26-465_1TQN:A:	5	9	7	18	0	43	20	30	0	472
ANID_05361T0_323-591_1BHG:A:329-632	10	11	2	7	0	34	23	18	0	304
ANID_05361T0_40-221_1BHG:A:22-225	7	11	1	3	0	33	25	4	0	204
ANID_05361T0_224-322_1BHG:A:226-328	2	8	0	0	0	18	9	2	0	103
ANID_05369T0_36-249,294-509_1PV7:A:	0	0	2	22	0	18	12	14	0	417
ANID_05370T0_97-244,306-478,520-558_1PV7:A:	0	0	2	22	0	18	12	14	0	417
ANID_05376T0_215-357_2GEX:A:2-139	2	6	0	5	0	14	4	8	0	138
ANID_05378T0_66-253,323-492,538-573_1PV7:A:	0	0	2	22	0	18	12	14	0	417
ANID_05380T0_99-198_1I7O:A:1-213	7	14	5	3	0	36	17	10	0	213
ANID_05391T0_24-79_1MM2:A:	2	0	0	0	0	14	8	4	0	60
ANID_05398T0_83-311_1S9A:A:	5	12	1	5	0	33	15	18	0	256
ANID_05407T0_200-361_1FKM:A:249-442	2	0	8	8	0	13	13	10	0	194
ANID_05407T0_336-456_1FKM:A:443-630	0	0	1	8	0	10	3	8	0	188
ANID_05409T0_1-316_2Q46:A:2-253	0	12	3	8	0	27	15	20	0	252
ANID_05415T0_169-404_1TW3:A:99-351	2	7	3	12	0	24	12	15	0	253
ANID_05415T0_74-163_1TW3:A:14-98	1	2	1	5	0	4	4	7	0	85
ANID_05421T0_165-401_1W4X:A:155-389	3	10	3	7	0	23	20	9	0	235
ANID_05421T0_47-234,342-520_1W4X:A:155-389	3	10	3	7	0	23	20	9	0	235
ANID_05425T0_3-162_1YDW:A:6-133,A:305-360	0	7	2	7	0	18	5	9	1	184
ANID_05425T0_141-301_1ZH8:A:132-275	2	8	2	3	0	12	7	8	0	144
ANID_05426T0_13-348_1JG8:A:	3	14	3	14	0	34	17	22	0	343
ANID_05429T0_40-129,185-265,343-379,425-513_1BRT:A:	6	8	5	11	0	26	14	19	0	277
ANID_05433T0_36-495_1DT6:A:	6	6	3	14	0	50	32	19	0	472
ANID_05434T0_3-201_1F8F:A:4-162,A:337-371	5	9	5	4	0	23	12	10	1	194
ANID_05434T0_180-344_1F8F:A:163-336	0	6	3	7	0	16	13	12	0	174
ANID_05435T0_10-491_1BI9:A:	7	19	2	16	0	50	25	21	0	499
ANID_05454T0_67-333,396-460_1W9P:A:39-298,A:361-433	4	9	9	11	0	41	22	17	1	333
ANID_05454T0_325-387_1D2K:A:293-354	2	5	1	0	0	7	5	5	0	62
ANID_05460T0_185-456_1TQN:A:	5	9	7	18	0	43	20	30	0	472
ANID_05461T0_33-191_2VK9:A:2-541	9	6	8	20	0	52	25	29	0	540
ANID_05481T0_161-245,297-399_1NTY:A:1231-1414	0	1	1	10	0	9	3	13	0	184
ANID_05481T0_428-549_1V89:A:	0	7	0	1	0	15	12	2	0	117
ANID_05496T0_2-52,109-134_1FS1:A:109-149	0	0	2	3	0	6	2	3	0	41
ANID_05496T0_174-192,230-305,346-372,439-543_1P22:A:253-545	0	28	0	1	0	35	23	13	0	293
ANID_05497T0_11-224_1K4I:A:	5	11	2	8	0	28	11	9	0	216
ANID_05500T0_22-52,84-159_1XFD:A:127-591	9	30	2	3	0	57	36	22	0	465
ANID_05501T0_50-319_1LZL:A:	0	8	3	10	0	32	18	24	0	317
ANID_05509T0_145-290_1A4Y:A:	2	17	3	16	0	56	24	32	0	460
ANID_05514T0_242-435_2P6R:A:1-202	1	7	2	7	0	20	9	10	0	202
ANID_05514T0_737-921_2Q0Z:X:33-208	1	0	2	9	0	14	8	11	0	176
ANID_05514T0_446-618_2P6R:A:203-403	2	10	1	7	0	20	15	11	0	201
ANID_05516T0_402-460_1WEE:A:	0	3	0	1	0	15	10	3	0	71
ANID_05516T0_155-240_1KLQ:A:	1	7	1	3	0	16	12	5	0	196
ANID_05517T0_605-949_1NEX:B:370-744	1	32	0	0	0	32	16	23	0	355
ANID_05517T0_395-474,578-595_1NEX:B:270-369	0	0	0	7	0	9	5	6	0	100
ANID_05522T0_60-160_1FJG:Q:	0	5	0	1	0	9	1	5	0	104
ANID_05533T0_280-329_1PYI:A:30-71	0	2	0	2	0	6	1	3	0	42
ANID_05539T0_118-299_1SQG:A:145-428	2	12	5	11	0	31	13	23	0	284
ANID_05542T0_10-324_1GP6:A:	3	14	6	11	0	40	23	16	0	350
ANID_05547T0_22-275_1H5Q:A:	2	10	7	8	0	25	12	15	0	260
ANID_05551T0_11-492_1PV7:A:	0	0	2	22	0	18	12	14	0	417
ANID_05553T0_35-497_1TQN:A:	5	9	7	18	0	43	20	30	0	472
ANID_05559T0_36-474_1PW4:A:	2	0	1	18	0	21	18	22	0	450
ANID_05567T0_29-193_2NRK:A:4-170	2	5	3	6	0	16	9	8	0	167
ANID_05570T0_551-617_1WES:A:	0	2	0	0	0	16	13	4	0	70
ANID_05574T0_47-169_2E9X:C:1088-1192	0	0	3	5	0	8	5	4	0	105
ANID_05574T0_1-33_2E9X:C:1001-1087	2	3	2	2	0	10	4	6	0	87
ANID_05585T0_31-104,141-228_1WMA:A:2-276	2	8	1	11	0	26	15	13	0	275
ANID_05586T0_1-238,265-315_1TZF:A:	0	16	4	7	0	27	12	15	0	258
ANID_05593T0_326-445,494-594,666-699,812-844_2OVR:B:2365-2706	0	32	2	1	0	36	24	21	0	342
ANID_05593T0_104-181,296-314_1NEX:B:270-369	0	0	0	7	0	9	5	6	0	100
ANID_05595T0_682-758_2D3E:C:161-282	0	0	0	3	0	2	0	2	0	133
ANID_05602T0_4-147_1USU:B:	1	7	1	3	0	11	1	8	0	142
ANID_05602T0_191-321_1X53:A:8-139	3	6	0	4	0	14	6	8	0	132
ANID_05611T0_71-269_1DDZ:A:84-325	0	5	2	10	0	19	10	17	0	242
ANID_05616T0_34-423_1YIZ:A:12-429	5	13	7	13	0	44	25	21	0	418
ANID_05618T0_80-137,167-250_2GGM:A:24-166	2	2	1	7	0	11	6	5	0	143
ANID_05643T0_403-674_1Z3I:X:390-735	0	10	6	11	0	41	29	23	0	346
ANID_05643T0_173-401_1Z63:A:432-661	0	7	2	11	0	24	16	18	0	230
ANID_05643T0_917-1039_1OFC:X:851-978	0	0	1	6	0	9	3	8	0	128
ANID_05643T0_758-864_1OFC:X:697-798	0	0	1	4	0	7	1	5	0	102
ANID_05643T0_865-915_1OFC:X:799-850	0	0	1	3	0	5	1	5	0	52
ANID_05644T0_16-458_1AD3:A:	0	19	7	14	0	42	30	22	0	446
ANID_05653T0_18-286_1N5D:A:	2	8	2	11	0	30	19	12	0	288
ANID_05655T0_9-326_1HP1:A:26-362	3	19	2	7	0	35	24	20	0	328
ANID_05655T0_326-498_2Z1A:A:330-534	2	12	4	8	0	20	13	12	0	205
ANID_05656T0_95-294,323-553_1PW4:A:	2	0	1	18	0	21	18	22	0	450
ANID_05676T0_164-426_1FNN:A:1-276	4	5	2	12	0	25	19	17	0	276
ANID_05676T0_489-579_1W5S:A:300-409	1	2	0	4	0	9	5	3	0	110
ANID_05677T0_2-173,336-447_2EFL:A:1-288	0	0	0	7	0	7	3	7	0	288
ANID_05677T0_453-648_1F7C:A:	0	0	1	10	0	13	9	9	0	191
ANID_05677T0_199-298_1FSH:A:	0	4	0	3	0	11	9	3	0	94
ANID_05679T0_5-75_2FWK:A:24-115	2	8	1	1	0	10	4	4	0	92
ANID_05700T0_9-274_1SNY:A:	3	7	6	7	0	28	16	13	0	266
ANID_05703T0_17-127_2FUG:9:26-179	5	7	1	3	0	27	18	9	0	154
ANID_05704T0_169-245_1T8K:A:	2	0	1	4	0	8	0	6	0	77
ANID_05708T0_90-252_2V8Q:E:23-181	5	5	2	6	0	14	11	7	0	159
ANID_05708T0_258-363_2EF7:A:1-127	5	7	2	4	0	12	7	10	0	127
ANID_05742T0_24-421_1PV7:A:	0	0	2	22	0	18	12	14	0	417
ANID_05743T0_4-124,237-339,744-945_1SU4:A:1-124,A:240-343,A:751-994	1	1	8	18	0	32	20	22	2	472
ANID_05743T0_352-593_1SU4:A:361-599	0	13	3	7	0	21	11	13	0	239
ANID_05743T0_581-743_1SU4:A:344-360,A:600-750	3	8	1	8	0	16	12	11	1	168
ANID_05743T0_125-235_1SU4:A:125-239	2	9	3	0	0	21	10	7	0	115
ANID_05749T0_40-228,340-414_1VGY:A:2-180,A:294-376	6	13	2	7	0	28	17	16	1	262
ANID_05749T0_215-319_1VGY:A:181-293	2	6	1	2	0	14	4	4	0	113
ANID_05751T0_76-245_1YJ5:A:144-338	5	9	1	6	0	27	15	15	0	195
ANID_05751T0_275-364_1YJ5:A:351-522	1	5	2	7	0	18	13	9	0	172
ANID_05757T0_9-296_1CSN:A:	3	10	2	9	0	31	12	17	0	293
ANID_05763T0_51-234,310-529_1PV7:A:	0	0	2	22	0	18	12	14	0	417
ANID_05774T0_725-1043,1128-1325,1376-1461,1540-1755_2BPT:A:1-861	0	0	19	43	0	44	28	37	0	860
ANID_05774T0_25-181,254-296,349-484_1Y6I:A:1-82	0	0	0	5	0	8	5	4	0	82
ANID_05775T0_50-93_2HAP:C:55-97	0	0	1	2	0	6	3	2	0	43
ANID_05797T0_557-618,746-807,859-884,920-993,1096-1212_1RPA:A:	3	6	4	14	0	35	19	18	0	342
ANID_05802T0_3-90_1WHY:A:	2	4	0	2	0	12	6	2	0	96
ANID_05817T0_7-215_2AKO:A:2-251	6	8	3	9	0	26	12	9	0	250
ANID_05817T0_271-376_2CX1:A:91-183	0	6	1	3	0	7	4	5	0	93
ANID_05824T0_68-279_1N11:A:	0	0	1	24	0	48	15	35	0	408
ANID_05832T0_3-200_1CTQ:A:	0	6	1	6	0	16	8	10	0	166
ANID_05842T0_170-329_1A5Z:A:164-333	3	8	2	5	0	12	6	9	0	172
ANID_05842T0_6-169_2LDX:A:1-159	0	7	1	6	0	17	12	8	0	159
ANID_05843T0_30-293,323-437_1KBL:A:2-376	2	10	6	14	0	31	14	19	0	375
ANID_05843T0_532-846_1KBL:A:510-873	0	9	4	18	0	33	20	15	0	364
ANID_05843T0_405-519_1H6Z:A:406-537	0	11	1	2	0	15	12	8	0	132
ANID_05859T0_6-52_2HAP:C:55-97	0	0	1	2	0	6	3	2	0	43
ANID_05864T0_11-205,238-452_1PV7:A:	0	0	2	22	0	18	12	14	0	417
ANID_05885T0_1159-1612_1RZU:A:	12	18	3	21	0	50	30	28	0	477
ANID_05885T0_95-581_1BVZ:A:121-502	10	8	6	13	0	46	25	26	0	382
ANID_05889T0_32-284_1VYH:C:92-408	0	28	1	0	0	39	25	14	0	317
ANID_05903T0_76-305_1JY1:A:145-350	9	7	6	5	0	30	11	16	0	202
ANID_05903T0_274-497,532-571_1JY1:A:351-608	9	12	5	5	0	35	19	12	0	258
ANID_05911T0_354-477,604-716_1YAG:A:147-375	0	9	6	10	0	25	15	15	0	229
ANID_05911T0_111-143,222-359_1K8K:A:3-160	0	10	4	3	0	17	12	9	0	158
ANID_05914T0_172-302_2AVN:A:1-246	2	10	3	10	0	28	12	9	0	246
ANID_05916T0_25-306_2DUB:A:	2	10	4	11	0	25	14	14	0	259
ANID_05934T0_5-384_1A12:A:	5	30	5	1	0	58	38	27	0	401
ANID_05937T0_102-223_1FI2:A:	2	10	3	3	0	28	15	13	0	201
ANID_05938T0_9-185_1W9S:A:	1	11	0	0	0	17	12	6	0	134
ANID_05952T0_26-49,80-488_1QZ9:A:	7	13	7	13	1	43	24	27	0	404
ANID_05959T0_2-105_2F1K:A:166-279	0	0	2	7	0	7	3	4	0	114
ANID_05959T0_143-256_2PV7:A:244-371	0	0	0	8	0	7	2	6	0	128
ANID_05962T0_114-203_1WG1:A:	0	5	1	2	0	9	5	5	0	87
ANID_05991T0_802-1028_1OZ4:A:471-763	2	0	3	7	0	31	24	19	0	292
ANID_05991T0_481-673,724-754_2CE7:A:150-402	2	5	6	9	0	24	12	16	0	253
ANID_05991T0_8-124_1WLF:A:13-99	0	7	0	2	0	14	4	4	0	87
ANID_05992T0_77-148,214-369_1LTL:A:	2	10	4	5	0	24	9	12	0	239
ANID_05992T0_411-718_1OFH:A:	0	9	5	14	0	31	16	15	0	309
ANID_05997T0_57-137_1FJG:S:	2	3	1	1	0	12	9	4	0	84
ANID_06009T0_34-112,155-370_1PGU:A:327-613	0	28	0	0	0	31	21	20	0	287
ANID_06018T0_8-183,259-365_3C96:A:4-182,A:294-402	1	13	1	8	0	26	14	13	1	288
ANID_06019T0_7-450_1PW4:A:	2	0	1	18	0	21	18	22	0	450
ANID_06022T0_75-294_1UZB:A:	7	19	6	15	0	48	35	23	0	516
ANID_06022T0_357-535_1UZB:A:	7	19	6	15	0	48	35	23	0	516
ANID_06026T0_99-130,163-385_1K87:A:262-612	3	8	7	14	0	31	17	23	0	351
ANID_06029T0_7-200_1O5K:A:	0	10	4	12	0	25	12	16	0	305
ANID_06030T0_8-49_1CLD:A:	0	0	0	2	0	4	2	1	0	33
ANID_06032T0_171-423_1AJ2:A:	1	10	2	9	1	29	16	19	0	282
ANID_06032T0_8-136_1CBK:A:	4	8	2	4	0	23	11	8	0	160
ANID_06033T0_9-114_1DCQ:A:247-368	2	3	1	5	0	15	8	9	0	122
ANID_06044T0_106-424_1H4L:A:	2	11	6	8	0	33	20	12	0	286
ANID_06046T0_21-158_1E96:B:	0	2	2	9	0	15	3	11	0	185
ANID_06046T0_447-509_1VD2:A:	0	5	0	2	0	11	6	3	0	88
ANID_06047T0_289-365_1GL2:B:	0	0	0	1	0	2	0	0	0	64
ANID_06049T0_368-425_1IYM:A:	0	2	0	1	0	11	6	4	0	54
ANID_06052T0_42-66,108-210_2B3W:A:1-160	2	4	1	6	0	16	12	8	0	160
ANID_06053T0_526-586_2OAU:A:113-179	0	5	0	2	0	7	5	3	0	67
ANID_06053T0_389-474_1NYA:A:	2	2	0	8	0	18	15	6	0	176
ANID_06063T0_58-479_1PW4:A:	2	0	1	18	0	21	18	22	0	450
ANID_06070T0_261-329,382-545_1LTL:A:	2	10	4	5	0	24	9	12	0	239
ANID_06070T0_608-927_1NY5:A:138-384	4	9	2	11	0	25	17	12	0	247
ANID_06076T0_319-573,615-652_6MHT:A:	6	11	8	8	0	39	19	21	0	327
ANID_06076T0_1272-1318,1349-1456,1628-1691_1Z3I:X:92-389	0	9	4	12	0	34	20	12	0	298
ANID_06076T0_1636-1673,2141-2293_1Z5Z:A:663-906	0	6	1	10	0	26	11	15	0	244
ANID_06091T0_7-48_1CLD:A:	0	0	0	2	0	4	2	1	0	33
ANID_06093T0_129-305_2D81:A:21-338	4	12	4	9	0	34	21	20	0	318
ANID_06093T0_26-128_2D81:A:21-338	4	12	4	9	0	34	21	20	0	318
ANID_06096T0_6-166_2ALR:A:	8	14	3	10	0	42	18	18	0	324
ANID_06099T0_43-232_1DKG:D:3-185	4	12	2	5	0	21	12	11	0	183
ANID_06099T0_240-303_2FSJ:A:165-325	1	7	3	5	0	12	8	7	0	161
ANID_06108T0_23-62,120-230_4CD2:A:	0	11	2	5	0	21	14	11	0	202
ANID_06112T0_215-304,452-573,1016-1246_1SU4:A:1-124,A:240-343,A:751-994	1	1	8	18	0	32	20	22	2	472
ANID_06112T0_574-590,763-883,936-1022_1SU4:A:344-360,A:600-750	3	8	1	8	0	16	12	11	1	168
ANID_06112T0_586-795_1SU4:A:361-599	0	13	3	7	0	21	11	13	0	239
ANID_06112T0_302-371,410-451_1SU4:A:125-239	2	9	3	0	0	21	10	7	0	115
ANID_06113T0_9-276,315-367_1ONR:A:	4	8	4	14	0	25	15	11	0	316
ANID_06121T0_469-521,562-666_1ML9:A:	5	15	6	5	0	45	22	13	0	284
ANID_06127T0_26-93_1C99:A:	0	0	1	2	0	2	1	1	0	79
ANID_06130T0_33-218,319-409_1FOH:A:1-240,A:342-461	4	15	4	9	0	43	22	18	1	360
ANID_06135T0_156-265_1I36:A:153-264	0	0	1	5	0	5	4	6	0	112
ANID_06135T0_7-134_1I36:A:1-152	0	8	3	7	0	18	10	8	0	152
ANID_06138T0_562-772_1KLX:A:	0	0	0	8	0	11	4	8	0	133
ANID_06138T0_124-165,466-565_1FCH:A:	0	0	2	17	0	24	6	19	0	323
ANID_06138T0_20-168_2C2L:A:24-224	0	0	1	10	0	12	7	11	0	201
ANID_06140T0_16-125_1QR0:A:1-101	0	5	1	3	0	12	5	6	0	101
ANID_06140T0_144-296_1QR0:A:102-228	0	6	1	4	0	18	11	3	0	127
ANID_06142T0_45-158_1H2T:Z:	3	6	4	4	0	20	12	10	0	146
ANID_06145T0_85-196_1PIN:A:45-163	3	4	1	3	0	16	8	6	0	119
ANID_06145T0_22-60_2F21:A:7-37	0	3	0	0	0	6	4	3	0	36
ANID_06148T0_31-463_1UKC:A:	4	16	7	18	0	57	36	35	0	517
ANID_06150T0_1135-1256_1FGY:A:	0	9	0	1	0	18	12	6	0	127
ANID_06158T0_4-148_2UUI:A:2-147	0	0	2	4	0	6	4	4	0	146
ANID_06160T0_86-341,368-408_1GOT:B:	1	28	0	2	0	36	22	23	0	339
ANID_06165T0_93-229,353-479_1DJ0:A:	0	10	4	5	0	30	16	16	0	264
ANID_06167T0_2-340_1Z41:A:2-338	1	12	4	10	0	34	24	18	0	337
ANID_06177T0_32-187_1WIN:A:	0	6	0	5	0	15	6	3	0	142
ANID_06180T0_91-291_1IUH:A:	0	9	4	3	0	14	7	3	0	183
ANID_06186T0_123-172,211-305,367-492_2F4M:A:164-450	1	11	3	10	0	27	16	14	0	287
ANID_06191T0_33-167,196-244_1NIJ:A:2-223	0	9	2	7	0	28	21	11	0	222
ANID_06199T0_43-115_1I8F:A:	0	5	2	1	0	5	1	3	0	71
ANID_06207T0_9-93,137-214_1JM6:A:1003-1169	1	0	0	8	0	8	7	9	0	167
ANID_06207T0_224-399_1JM6:A:1177-1366	3	7	2	3	0	18	11	8	0	190
ANID_06220T0_6-219,303-535_1PV7:A:	0	0	2	22	0	18	12	14	0	417
ANID_06237T0_1069-1312_2HYD:A:324-578	2	10	5	9	0	25	21	16	0	255
ANID_06237T0_358-453,511-641_3B60:A:329-581	4	10	2	9	0	24	18	16	0	253
ANID_06237T0_23-345_3B60:A:10-328	0	0	1	11	0	6	9	9	0	319
ANID_06237T0_716-1031_3B60:A:10-328	0	0	1	11	0	6	9	9	0	319
ANID_06239T0_16-210_2PBL:A:1-261	0	8	8	9	0	25	14	17	0	261
ANID_06253T0_99-246,313-401_1PYS:A:	5	10	3	7	0	28	12	12	0	266
ANID_06253T0_407-476_1PYS:B:682-785	0	4	0	2	0	10	5	4	0	104
ANID_06255T0_21-89_2OCC:H:	1	0	1	3	0	9	6	3	0	79
ANID_06272T0_45-256_1CJC:A:6-106,A:332-460	6	9	1	9	0	25	11	18	1	230
ANID_06272T0_44-107,313-460_1XHC:A:1-103,A:226-289	4	11	2	5	0	18	13	9	1	165
ANID_06274T0_19-291_2C07:A:54-304	2	7	2	9	0	21	12	14	0	251
ANID_06276T0_76-194_1USM:A:	2	4	0	2	0	7	1	4	0	80
ANID_06286T0_425-645,697-901_1V7W:A:271-801	11	25	6	16	0	58	33	35	0	531
ANID_06288T0_89-283_1R3B:A:	2	0	2	7	0	15	12	7	0	201
ANID_06295T0_360-434_1HLO:A:	0	0	1	4	0	4	2	2	0	80
ANID_06297T0_110-234_1SO9:A:	3	9	1	0	0	26	14	6	0	131
ANID_06298T0_193-290_1L7B:A:	1	4	0	3	0	14	10	4	0	92
ANID_06302T0_43-187_2ZJR:J:6-141	4	5	0	2	0	22	14	4	0	136
ANID_06303T0_730-894_1SXJ:A:548-693	1	2	3	7	0	9	9	12	0	146
ANID_06303T0_467-702_1SXJ:A:295-547	1	5	4	11	0	21	18	23	0	253
ANID_06303T0_323-399_1L7B:A:	1	4	0	3	0	14	10	4	0	92
ANID_06307T0_32-252_1GV9:A:	4	18	1	1	0	32	17	8	0	228
ANID_06314T0_21-270_1YDE:A:4-253	2	7	2	10	0	23	11	14	0	250
ANID_06319T0_155-184,211-321_1G66:A:	4	6	4	6	0	27	14	15	0	207
ANID_06320T0_59-333,370-510_1CVU:A:74-583	20	4	8	24	0	55	35	33	0	511
ANID_06320T0_532-695,726-769,797-985_1CPT:A:	4	12	6	17	0	39	22	20	0	428
ANID_06321T0_57-483_1BU7:A:	0	12	10	16	0	39	22	21	0	455
ANID_06325T0_8-238_1ZRN:A:	1	8	4	9	0	18	11	14	0	220
ANID_06339T0_49-285_2JFL:A:21-308	1	11	6	10	0	27	17	20	0	288
ANID_06340T0_375-750_1F9V:A:	2	14	8	7	0	22	10	16	0	342
ANID_06361T0_54-243_1NJR:A:	2	6	4	10	0	28	15	19	0	264
ANID_06369T0_53-281_1VPL:A:	2	10	2	9	0	18	9	15	0	238
ANID_06381T0_79-370_1PW4:A:	2	0	1	18	0	21	18	22	0	450
ANID_06383T0_6-474_1QE3:A:	7	14	7	14	0	50	31	31	0	483
ANID_06384T0_41-193,268-354_1JYS:A:	2	10	1	6	0	21	9	12	0	230
ANID_06387T0_82-221,272-481_1PV7:A:	0	0	2	22	0	18	12	14	0	417
ANID_06388T0_365-699_1BHG:A:329-632	10	11	2	7	0	34	23	18	0	304
ANID_06388T0_31-59,105-245_1YQ2:A:4-219	2	16	5	0	0	32	21	15	0	216
ANID_06388T0_254-368_1DP0:A:220-333	5	7	0	0	0	10	7	6	0	114
ANID_06390T0_38-473_1EYB:A:	5	29	8	2	0	62	32	19	0	439
ANID_06392T0_4-36_1ZME:C:31-66	0	0	0	2	0	4	1	2	0	36
ANID_06396T0_16-65_2HAP:C:55-97	0	0	1	2	0	6	3	2	0	43
ANID_06398T0_1-277_2C5A:A:13-375	2	15	5	10	0	39	24	13	0	363
ANID_06400T0_598-642,672-684_1KRH:A:206-338	0	6	4	3	0	12	8	3	0	133
ANID_06404T0_347-383_1IYM:A:	0	2	0	1	0	11	6	4	0	54
ANID_06405T0_32-241_1JFX:A:	1	9	1	6	0	25	12	13	0	217
ANID_06407T0_36-503_3CZH:A:40-502	7	8	4	16	0	42	19	26	0	462
ANID_06411T0_23-142_1Y7R:A:1-133	0	7	2	4	0	13	4	6	0	133
ANID_06412T0_22-215,244-461_1PV7:A:	0	0	2	22	0	18	12	14	0	417
ANID_06414T0_23-480_1TQN:A:	5	9	7	18	0	43	20	30	0	472
ANID_06417T0_57-268,316-493_1PV7:A:	0	0	2	22	0	18	12	14	0	417
ANID_06418T0_67-268,295-506_1PW4:A:	2	0	1	18	0	21	18	22	0	450
ANID_06421T0_50-179_2HEK:A:1-369	2	9	4	20	0	25	19	23	0	369
ANID_06431T0_24-385_1E5M:A:6-255	6	7	5	9	0	27	15	17	0	250
ANID_06431T0_525-656,720-823_1MLA:A:3-127,A:198-307	2	5	1	12	0	22	14	13	1	235
ANID_06431T0_1841-2011_1PQW:A:	0	7	2	7	0	15	7	13	0	183
ANID_06431T0_2098-2319_2FR1:A:1657-1915	2	9	2	10	0	25	12	17	0	259
ANID_06431T0_1352-1530_2EX4:A:2-224	2	9	5	8	0	18	12	9	0	222
ANID_06431T0_1785-1871_1QOR:A:2-112,A:292-327	4	9	4	2	0	19	11	6	1	147
ANID_06431T0_655-718_1NM2:A:134-195	0	4	0	2	0	5	3	3	0	62
ANID_06433T0_10-165,208-485_1IIR:A:	0	13	4	14	0	38	21	15	0	401
ANID_06434T0_49-482_3CZH:A:40-502	7	8	4	16	0	42	19	26	0	462
ANID_06436T0_1097-1345_2HYD:A:324-578	2	10	5	9	0	25	21	16	0	255
ANID_06436T0_447-698_3B60:A:329-581	4	10	2	9	0	24	18	16	0	253
ANID_06436T0_113-434_3B60:A:10-328	0	0	1	11	0	6	9	9	0	319
ANID_06436T0_771-1070,1251-1259_3B60:A:10-328	0	0	1	11	0	6	9	9	0	319
ANID_06443T0_1147-1405_1MT0:A:	2	10	3	10	0	20	20	20	0	241
ANID_06443T0_565-776_1R0W:A:	0	11	2	12	1	27	19	16	0	281
ANID_06443T0_830-1127_1PF4:A:10-320	0	0	9	16	0	12	11	14	0	310
ANID_06443T0_157-261,296-500_2HYD:A:1-323	0	0	1	15	1	9	5	12	0	323
ANID_06446T0_64-159_1A5J:A:1-55	0	0	0	3	0	9	8	2	0	55
ANID_06446T0_4-60_1A5J:A:1-55	0	0	0	3	0	9	8	2	0	55
ANID_06447T0_292-479_1TW3:A:99-351	2	7	3	12	0	24	12	15	0	253
ANID_06447T0_80-173_1SMT:A:	1	2	0	5	0	9	4	3	0	98
ANID_06448T0_377-735_1E5M:A:6-255	6	7	5	9	0	27	15	17	0	250
ANID_06448T0_2071-2325,2421-2504_1LZL:A:	0	8	3	10	0	32	18	24	0	317
ANID_06448T0_838-963,1034-1125_1MLA:A:3-127,A:198-307	2	5	1	12	0	22	14	13	1	235
ANID_06448T0_1939-2126_2AVN:A:1-246	2	10	3	10	0	28	12	9	0	246
ANID_06448T0_1679-1762_1VKU:A:	2	0	0	4	0	7	2	6	0	99
ANID_06448T0_1570-1645_1T8K:A:	2	0	1	4	0	8	0	6	0	77
ANID_06448T0_964-1033_1MLA:A:128-197	0	4	0	2	0	6	5	4	0	70
ANID_06448T0_131-170,247-320_1MLA:A:3-127,A:198-307	2	5	1	12	0	22	14	13	1	235
ANID_06449T0_19-506_3CZH:A:40-502	7	8	4	16	0	42	19	26	0	462
ANID_06453T0_35-363_1DS1:A:	5	16	8	7	0	38	23	18	0	323
ANID_06454T0_312-564_1PV7:A:	0	0	2	22	0	18	12	14	0	417
ANID_06463T0_56-257_1J7L:A:	1	10	2	9	0	29	20	16	0	263
ANID_06464T0_58-261_1FXW:F:	4	5	3	7	0	21	13	10	0	212
ANID_06464T0_603-886_1TYE:A:	12	36	2	4	0	66	33	39	0	452
ANID_06464T0_360-545_1JV2:A:1-438	9	35	2	3	0	69	38	34	0	438
ANID_06484T0_23-306_1GY9:A:	6	15	2	7	0	34	19	14	0	279
ANID_06485T0_22-493_1TQN:A:	5	9	7	18	0	43	20	30	0	472
ANID_06494T0_277-356,451-521_1H2T:Z:	3	6	4	4	0	20	12	10	0	146
ANID_06494T0_150-227_2F9D:A:12-125	0	6	0	4	0	12	7	7	0	114
ANID_06496T0_50-330_1EQJ:A:3-76,A:311-510	6	8	4	9	0	34	20	17	1	274
ANID_06499T0_3-146_1MLD:A:1-144	0	6	2	5	0	12	10	10	0	144
ANID_06499T0_147-324_1MLD:A:145-313	2	5	3	4	0	16	6	6	0	169
ANID_06505T0_225-530_1ERJ:A:	2	30	1	1	0	43	24	22	0	388
ANID_06513T0_404-442_2DLQ:A:63-92	0	2	0	1	0	3	3	0	0	30
ANID_06513T0_4-117_1KNQ:A:	0	5	1	7	0	16	7	10	0	171
ANID_06517T0_26-247_1SXJ:B:7-230	3	5	4	13	0	18	14	12	0	224
ANID_06517T0_250-357_1SXJ:B:231-322	0	0	0	5	0	7	3	5	0	92
ANID_06521T0_57-524_1ACO:A:2-528	11	21	6	16	0	60	33	33	0	527
ANID_06521T0_582-772_1V7L:A:	4	8	0	7	0	21	10	13	0	162
ANID_06523T0_1126-1528_1UX5:A:	6	0	6	19	0	32	18	22	0	411
ANID_06523T0_282-520,547-676_2BNX:A:133-475	0	0	1	17	0	20	13	25	0	343
ANID_06527T0_232-360_1F37:A:	0	5	3	2	0	14	6	7	0	109
ANID_06555T0_141-405_2R8B:A:44-246	2	9	2	5	0	21	16	11	0	203
ANID_06558T0_31-130_1I50:K:	0	4	1	2	0	12	7	9	0	114
ANID_06566T0_34-183_1AUI:B:	0	4	3	9	0	17	7	9	0	165
ANID_06569T0_1-202,246-335_1OKJ:A:1-106	0	5	1	3	0	7	4	4	0	106
ANID_06570T0_370-450_2QRD:B:205-297	4	3	4	1	0	11	5	4	0	93
ANID_06570T0_219-300_2QLV:B:161-247	1	9	1	0	0	14	7	4	0	87
ANID_06574T0_672-716_1FBV:A:356-434	2	2	0	2	0	11	6	5	0	79
ANID_06575T0_434-482_1IDZ:A:	0	0	0	3	0	6	4	3	0	54
ANID_06583T0_175-391_1JY1:A:145-350	9	7	6	5	0	30	11	16	0	202
ANID_06583T0_367-432,464-595,634-663_1Q32:A:302-538	7	10	5	5	0	25	17	10	0	237
ANID_06585T0_372-623,699-918_1JR6:A:	3	10	0	3	0	22	12	7	0	138
ANID_06587T0_474-792_1M8Z:A:	0	2	4	27	0	17	16	26	0	339
ANID_06602T0_20-217_1JTV:A:	2	7	4	11	0	26	15	16	0	285
ANID_06606T0_364-803_2JG0:A:37-547	13	16	6	19	0	52	31	30	0	511
ANID_06608T0_53-199,250-330_2OVR:B:2365-2706	0	32	2	1	0	36	24	21	0	342
ANID_06610T0_17-177_1QI9:A:	18	10	8	19	0	65	45	30	0	555
ANID_06624T0_416-557_1W3B:A:	0	0	0	23	0	35	6	26	0	388
ANID_06624T0_735-775_2DJ8:A:8-54	0	2	0	2	0	6	6	3	0	47
ANID_06627T0_432-643_1VMA:A:82-294	0	8	4	7	0	22	9	10	0	213
ANID_06627T0_1-132_2FH5:A:1-129	3	4	2	5	0	6	7	7	0	129
ANID_06627T0_331-410_1LS1:A:1-88	0	0	0	4	0	6	4	4	0	88
ANID_06629T0_11-107_2JOY:A:1-96	0	5	0	2	0	15	8	4	0	96
ANID_06638T0_271-563_1DCT:A:	8	11	10	8	0	35	20	17	0	324
ANID_06639T0_73-550_1SZQ:A:	10	6	6	22	0	48	24	27	0	473
ANID_06649T0_48-586_1RY2:A:	13	28	0	20	0	87	54	43	0	640
ANID_06654T0_119-473_1F52:A:101-468	4	12	5	10	0	37	24	21	0	368
ANID_06654T0_19-113_1HTQ:A:1-100	2	5	1	2	0	15	6	3	0	100
ANID_06659T0_1-253_1SNY:A:	3	7	6	7	0	28	16	13	0	266
ANID_06673T0_277-780_1V5D:A:	12	6	6	13	0	40	20	25	0	386
ANID_06676T0_62-174_1U1Q:A:	0	11	3	6	0	20	9	11	0	195
ANID_06681T0_332-424,451-537_2U2F:A:	0	4	0	2	0	9	7	3	0	85
ANID_06681T0_206-291_1U2F:A:	1	4	1	1	0	13	8	6	0	90
ANID_06682T0_8-128_1EBM:A:9-135	0	5	1	4	0	14	7	6	0	127
ANID_06682T0_129-350_1EBM:A:136-325	0	2	0	11	0	15	8	12	0	190
ANID_06683T0_6-240,308-407,497-527_1W4X:A:10-154,A:390-542	6	10	5	9	0	33	21	19	1	298
ANID_06687T0_238-480_2GCL:A:237-474	0	18	3	3	0	18	11	10	0	238
ANID_06690T0_60-299,339-386_1OKC:A:	0	0	6	11	0	19	10	9	0	292
ANID_06694T0_358-609_1SXJ:A:295-547	1	5	4	11	0	21	18	23	0	253
ANID_06700T0_494-692_1VPL:A:	2	10	2	9	0	18	9	15	0	238
ANID_06700T0_729-834,908-1019_1G6H:A:	2	11	5	9	0	21	16	17	0	254
ANID_06700T0_34-213,241-269,309-381,413-487,629-701,777-857,972-1058_1QBK:B:	0	0	17	47	0	50	54	64	0	888
ANID_06705T0_111-216_2FQ3:A:311-395	0	0	1	4	0	12	6	5	0	85
ANID_06705T0_386-438_1X41:A:8-54	0	0	0	3	0	5	2	4	0	47
ANID_06707T0_110-252,285-408_1C4O:A:410-583	0	6	2	5	0	15	10	12	0	174
ANID_06709T0_789-984_2R09:A:65-252	2	0	0	10	0	15	10	10	0	190
ANID_06709T0_1257-1668,1876-1964_2NSZ:A:322-450	0	0	1	7	0	10	4	6	0	129
ANID_06721T0_60-81,166-496_2QS8:A:64-373	6	9	2	11	0	35	15	24	0	310
ANID_06721T0_2-61,496-534_2R8C:A:2-57,A:369-414	2	8	1	0	0	13	8	8	1	100
ANID_06729T0_83-147_2EXN:A:1-128	0	10	2	1	0	16	8	7	0	120
ANID_06734T0_18-85,121-245,286-887_1QBK:B:	0	0	17	47	0	50	54	64	0	888
ANID_06745T0_16-379_1AD3:A:	0	19	7	14	0	42	30	22	0	446
ANID_06747T0_34-73_1AW6:A:	0	0	0	2	0	6	3	2	0	43
ANID_06749T0_41-317_1T43:A:	2	9	3	11	0	29	18	14	0	274
ANID_06755T0_323-495_1UKW:A:259-410	2	0	3	5	0	5	5	4	0	152
ANID_06755T0_69-324_1IS2:A:1-267	6	11	5	8	0	28	14	16	0	267
ANID_06758T0_173-430_1UA2:A:	1	8	3	9	0	30	19	17	0	299
ANID_06758T0_582-842_1GXR:A:	2	31	0	0	0	37	29	20	0	336
ANID_06764T0_69-201_1L5A:A:1-174	1	6	2	5	0	15	9	11	0	174
ANID_06769T0_391-455_2IUB:A:286-349	0	0	0	2	0	2	2	2	0	64
ANID_06771T0_42-499_1MAA:A:	7	18	7	18	0	67	40	32	0	540
ANID_06772T0_22-360_1JUH:A:	3	25	2	4	0	48	27	20	0	348
ANID_06776T0_30-249_1R1D:A:	0	7	4	8	0	23	15	16	0	242
ANID_06778T0_43-463_1PV7:A:	0	0	2	22	0	18	12	14	0	417
ANID_06785T0_201-362_1AUA:A:97-299	2	5	7	8	0	23	12	12	0	203
ANID_06785T0_9-33,134-174_1O6U:A:1-75	2	0	2	3	0	5	3	4	0	75
ANID_06786T0_56-203_1WC2:A:1-180	3	7	3	3	0	24	16	15	0	180
ANID_06787T0_39-503_1TQN:A:	5	9	7	18	0	43	20	30	0	472
ANID_06788T0_15-63_2HAP:C:55-97	0	0	1	2	0	6	3	2	0	43
ANID_06793T0_23-173,229-336_1A8S:A:	2	8	1	10	0	28	21	18	0	273
ANID_06798T0_288-486_1X74:A:2-360	0	12	4	14	1	37	25	27	0	359
ANID_06798T0_88-272_1Q7E:A:	0	11	5	17	0	41	21	30	0	427
ANID_06801T0_6-82_1M2V:B:61-215,B:553-646	5	10	2	3	0	17	17	8	1	249
ANID_06803T0_499-720_1VYH:C:92-408	0	28	1	0	0	39	25	14	0	317
ANID_06808T0_3-186_1F8F:A:4-162,A:337-371	5	9	5	4	0	23	12	10	1	194
ANID_06808T0_164-297_1F8F:A:163-336	0	6	3	7	0	16	13	12	0	174
ANID_06809T0_87-135,168-297_1AUA:A:97-299	2	5	7	8	0	23	12	12	0	203
ANID_06809T0_39-74_1AUA:A:4-96	0	0	1	5	0	8	5	8	0	93
ANID_06811T0_41-414_1PW4:A:	2	0	1	18	0	21	18	22	0	450
ANID_06812T0_3-333_1J31:A:	1	16	2	7	0	32	15	15	0	262
ANID_06815T0_65-387_2UZ9:A:76-388	0	10	3	14	0	26	16	19	0	313
ANID_06815T0_7-82_2P9B:A:9-70,A:395-450	2	8	2	1	0	16	6	8	1	118
ANID_06818T0_16-256_2A1X:A:43-338	5	15	4	5	0	35	14	11	0	296
ANID_06819T0_83-303_1GBG:A:	7	16	2	1	0	25	12	12	0	214
ANID_06820T0_1086-1217_1OXB:B:	0	5	0	5	0	13	11	4	0	124
ANID_06820T0_717-847_2C2A:A:321-481	0	7	2	3	0	13	4	10	0	161
ANID_06820T0_45-209_1F5M:A:	2	6	2	4	0	18	12	9	0	176
ANID_06820T0_572-643_2C2A:A:232-320	0	0	1	3	0	3	0	4	0	89
ANID_06825T0_66-243_2J3W:B:21-188	0	5	1	6	0	11	10	7	0	168
ANID_06832T0_33-82_2HAP:C:55-97	0	0	1	2	0	6	3	2	0	43
ANID_06834T0_79-280,313-529_1PV7:A:	0	0	2	22	0	18	12	14	0	417
ANID_06836T0_61-195_1OCX:A:	4	18	0	4	0	35	12	13	0	182
ANID_06844T0_46-223,296-397_2DUB:A:	2	10	4	11	0	25	14	14	0	259
ANID_06845T0_19-451_1PV7:A:	0	0	2	22	0	18	12	14	0	417
ANID_06848T0_50-233,267-502_1PV7:A:	0	0	2	22	0	18	12	14	0	417
ANID_06858T0_33-69_2HAP:C:55-97	0	0	1	2	0	6	3	2	0	43
ANID_06863T0_176-545_1I6I:A:	5	18	4	8	0	31	12	24	0	365
ANID_06867T0_307-395,424-466,506-608_2OVR:B:2365-2706	0	32	2	1	0	36	24	21	0	342
ANID_06869T0_48-381_1GQ6:A:	7	8	6	9	0	33	21	11	0	301
ANID_06875T0_51-177,205-473_1GOJ:A:	6	14	5	9	0	36	20	25	0	354
ANID_06876T0_20-238_1DIQ:A:7-242	4	11	2	6	0	33	17	19	0	236
ANID_06882T0_36-333_1MUM:A:	3	8	1	13	0	30	19	11	0	289
ANID_06883T0_50-445_1PV7:A:	0	0	2	22	0	18	12	14	0	417
ANID_06887T0_106-218,338-427_1A4Y:A:	2	17	3	16	0	56	24	32	0	460
ANID_06889T0_27-81_2ALC:A:	0	0	0	4	0	11	7	5	0	65
ANID_06895T0_358-536,586-695_1W36:D:361-606	4	4	2	9	0	19	18	13	0	246
ANID_06895T0_243-430_1ODF:A:	2	10	3	9	0	28	17	16	0	286
ANID_06896T0_381-508_1JNX:X:1758-1859	1	4	2	3	0	14	8	7	0	102
ANID_06896T0_104-191_1WF6:A:	1	4	3	3	0	15	14	3	0	131
ANID_06896T0_9-89_1WF6:A:	1	4	3	3	0	15	14	3	0	131
ANID_06896T0_310-402_1JNX:X:1758-1859	1	4	2	3	0	14	8	7	0	102
ANID_06908T0_231-349_2CSW:A:8-139	6	10	1	1	0	25	16	9	0	132
ANID_06911T0_72-279_1PGU:A:327-613	0	28	0	0	0	31	21	20	0	287
ANID_06913T0_138-238,279-345,416-584_2GFO:A:762-1109	3	20	3	10	0	40	19	15	0	348
ANID_06914T0_16-189_2GGM:A:24-166	2	2	1	7	0	11	6	5	0	143
ANID_06926T0_44-501_1PV7:A:	0	0	2	22	0	18	12	14	0	417
ANID_06928T0_75-276,312-477_1PW4:A:	2	0	1	18	0	21	18	22	0	450
ANID_06929T0_298-632_1V7W:A:271-801	11	25	6	16	0	58	33	35	0	531
ANID_06935T0_57-230_1QJE:A:	6	13	3	7	0	38	16	21	0	327
ANID_06937T0_66-189_1IAL:A:	0	0	4	28	0	36	22	21	0	453
ANID_06942T0_62-505_1PW4:A:	2	0	1	18	0	21	18	22	0	450
ANID_06943T0_1-378_1TO6:A:	6	15	5	12	0	38	25	24	0	371
ANID_06945T0_198-426_1FP1:D:129-372	0	8	1	9	0	19	10	13	0	244
ANID_06945T0_76-163_1TW3:A:14-98	1	2	1	5	0	4	4	7	0	85
ANID_06948T0_98-321_1GBG:A:	7	16	2	1	0	25	12	12	0	214
ANID_06950T0_42-319_1VA4:A:	4	8	3	10	0	25	15	19	0	271
ANID_06952T0_154-394_1KYW:A:120-362	2	7	1	11	0	24	14	14	0	243
ANID_06952T0_49-132_1FP1:D:19-128	1	2	2	5	0	10	5	11	0	110
ANID_06965T0_133-181_1E0G:A:	0	2	1	2	0	8	1	3	0	48
ANID_06965T0_215-263_1E0G:A:	0	2	1	2	0	8	1	3	0	48
ANID_06982T0_414-707_1LAR:A:1307-1623	1	11	2	10	0	27	23	18	0	317
ANID_06982T0_145-285_1HZM:A:	3	3	0	6	0	20	19	8	0	154
ANID_06985T0_332-598_1R59:O:257-491	1	10	2	5	0	26	22	13	0	235
ANID_06985T0_33-304_1R59:O:5-256	12	6	1	9	0	35	21	15	0	252
ANID_06998T0_109-194_1HKS:A:	0	3	0	2	0	14	14	11	0	106
ANID_07012T0_175-242_1NK2:P:	0	0	0	3	0	7	3	2	0	77
ANID_07014T0_806-923,1005-1314_1D9X:A:2-414	5	14	4	13	0	50	29	20	0	413
ANID_07021T0_146-327_1PW4:A:	2	0	1	18	0	21	18	22	0	450
ANID_07021T0_33-113_1PV7:A:	0	0	2	22	0	18	12	14	0	417
ANID_07027T0_30-462_1PW4:A:	2	0	1	18	0	21	18	22	0	450
ANID_07029T0_169-297_1OZ4:A:471-763	2	0	3	7	0	31	24	19	0	292
ANID_07032T0_475-725_1OMZ:A:	3	13	1	7	0	26	18	19	0	265
ANID_07043T0_49-194_1F7L:A:	2	5	1	4	0	11	5	6	0	118
ANID_07044T0_1-265_1M65:A:	5	8	5	8	0	27	12	19	0	244
ANID_07046T0_34-576_1UKC:A:	4	16	7	18	0	57	36	35	0	517
ANID_07049T0_52-311,338-365_2I09:A:2-107,A:227-403	4	11	3	10	0	35	19	17	1	281
ANID_07056T0_25-122,159-286,471-530_1CF3:A:3-324,A:521-583	17	12	7	11	0	49	28	29	1	385
ANID_07056T0_288-472_1GPE:A:329-524	4	8	4	7	0	18	14	8	0	196
ANID_07057T0_21-124_1PW4:A:	2	0	1	18	0	21	18	22	0	450
ANID_07060T0_10-265,337-439_1LNL:A:3-304	6	2	5	11	0	38	28	25	0	307
ANID_07071T0_415-792_2GFV:A:2-251	6	7	3	10	0	28	13	17	0	250
ANID_07071T0_957-1008,1041-1114,1183-1290_1MLA:A:3-127,A:198-307	2	5	1	12	0	22	14	13	1	235
ANID_07071T0_1811-1881_1KLP:A:	0	0	0	4	0	14	8	8	0	115
ANID_07071T0_1115-1181_1NM2:A:134-195	0	4	0	2	0	5	3	3	0	62
ANID_07083T0_5-145,192-301_2I3D:A:2-219	0	8	1	5	0	25	11	20	0	218
ANID_07084T0_14-391,422-442_2GFV:A:252-412	5	7	4	4	0	22	9	6	0	161
ANID_07084T0_556-688,758-867_1NM2:A:0-133,A:196-314	2	6	2	12	0	20	14	17	1	251
ANID_07084T0_1795-1959_1PQW:A:	0	7	2	7	0	15	7	13	0	183
ANID_07084T0_2034-2220_2FR1:A:1657-1915	2	9	2	10	0	25	12	17	0	259
ANID_07084T0_1691-1823_1QOR:A:2-112,A:292-327	4	9	4	2	0	19	11	6	1	147
ANID_07084T0_1498-1663_2FR1:A:1448-1656	0	8	4	5	0	22	13	11	0	209
ANID_07084T0_693-757_1NM2:A:134-195	0	4	0	2	0	5	3	3	0	62
ANID_07084T0_2347-2397_2PNG:A:1-76	0	0	1	5	0	12	9	8	0	89
ANID_07091T0_563-802_1OZ4:A:471-763	2	0	3	7	0	31	24	19	0	292
ANID_07097T0_53-196,276-388_1PV7:A:	0	0	2	22	0	18	12	14	0	417
ANID_07103T0_678-932_1Z3I:X:390-735	0	10	6	11	0	41	29	23	0	346
ANID_07103T0_395-502,548-674_1Z63:A:432-661	0	7	2	11	0	24	16	18	0	230
ANID_07104T0_337-602,637-708_1HOW:A:	5	10	4	11	0	39	18	24	0	362
ANID_07109T0_3-124_1IKN:D:	0	0	3	10	0	26	9	18	0	221
ANID_07111T0_303-533_1ZBQ:A:3-304	1	9	4	11	0	27	12	16	0	302
ANID_07111T0_4-249_1GZ6:A:	5	9	5	11	0	28	9	19	0	302
ANID_07111T0_616-760_1PN2:A:4-151	0	8	2	4	0	13	6	9	0	148
ANID_07111T0_771-884_1S9C:A:164-289	0	5	3	3	0	12	6	7	0	126
ANID_07112T0_24-220_1PV7:A:	0	0	2	22	0	18	12	14	0	417
ANID_07112T0_237-463,511-537_1PV7:A:	0	0	2	22	0	18	12	14	0	417
ANID_07119T0_61-261,292-509_1PV7:A:	0	0	2	22	0	18	12	14	0	417
ANID_07120T0_219-577_2F2H:A:248-585	10	10	5	9	0	36	16	18	0	338
ANID_07120T0_6-217_2F2H:A:1-247	2	21	1	1	0	22	20	14	0	247
ANID_07120T0_579-665_2F2H:A:586-665	0	8	1	1	0	13	7	5	0	80
ANID_07128T0_14-259_2AG5:A:1-245	4	9	5	9	0	21	12	14	0	245
ANID_07135T0_21-269_1NKG:A:1-250	4	20	4	0	0	35	14	17	0	250
ANID_07135T0_359-519_1NKG:A:338-508	2	10	4	1	0	22	17	11	0	171
ANID_07135T0_271-353_1NKG:A:251-337	2	8	1	0	0	14	4	4	0	87
ANID_07137T0_35-452_1PV7:A:	0	0	2	22	0	18	12	14	0	417
ANID_07147T0_10-392_1PW4:A:	2	0	1	18	0	21	18	22	0	450
ANID_07151T0_424-854_1NC5:A:	11	6	5	13	0	40	21	26	0	363
ANID_07151T0_123-207_1YQ2:A:4-219	2	16	5	0	0	32	21	15	0	216
ANID_07152T0_23-292_1UAS:A:1-273	6	8	3	10	0	34	17	23	0	273
ANID_07152T0_294-380_1UAS:A:274-362	0	8	1	0	0	10	3	7	0	89
ANID_07154T0_2-189_1QYD:A:	3	13	2	13	0	35	25	21	0	312
ANID_07158T0_1-204_2HSJ:A:1-211	4	5	4	9	0	22	9	9	0	211
ANID_07159T0_216-601_1SIO:A:	8	17	6	8	0	42	24	21	0	357
ANID_07159T0_27-177_1PYT:A:	0	4	1	3	0	11	5	5	0	94
ANID_07164T0_10-281_2IDB:A:6-325	4	18	4	7	0	42	27	14	0	320
ANID_07164T0_312-397_2IDB:A:326-491	3	6	2	5	0	14	10	10	0	166
ANID_07171T0_43-153_2FIW:A:2-157	0	7	3	5	0	10	5	8	0	158
ANID_07175T0_12-266_1XXL:A:	5	8	2	9	0	23	10	12	0	238
ANID_07187T0_16-222,287-347_1C0P:A:999-1193,A:1289-1361	6	30	14	10	0	80	40	44	1	724
ANID_07187T0_209-301_1C0P:A:1194-1288	0	6	2	1	0	9	3	3	0	95
ANID_07189T0_60-102_2HAP:C:55-97	0	0	1	2	0	6	3	2	0	43
ANID_07199T0_133-308_1V3U:A:113-294	2	6	2	7	0	15	10	11	0	182
ANID_07199T0_1-150_1V3U:A:1-112,A:295-329	3	9	2	2	0	16	8	9	1	147
ANID_07201T0_225-355,383-504,533-646_1GT9:1:	7	17	5	9	0	41	25	20	0	357
ANID_07201T0_23-174_1PCA:A:4A-99A	0	4	2	3	0	11	4	5	0	94
ANID_07202T0_22-219_1YAC:A:	4	6	3	8	1	20	11	9	0	204
ANID_07206T0_73-258_1G16:A:	2	6	1	6	0	15	7	12	0	166
ANID_07218T0_302-347_1SH8:A:	2	6	0	5	0	15	8	8	0	153
ANID_07222T0_311-555_1IN4:A:17-254	2	5	3	9	0	21	12	15	0	238
ANID_07225T0_59-175,242-462_1PW4:A:	2	0	1	18	0	21	18	22	0	450
ANID_07227T0_6-334_2CSG:A:3-419	10	12	6	15	0	56	28	26	0	417
ANID_07230T0_257-560,728-793_1KDG:A:215-512,A:694-755	11	11	11	9	0	49	29	28	1	360
ANID_07230T0_556-732_1KDG:A:513-693	3	7	5	3	0	25	15	11	0	181
ANID_07230T0_28-223_1D7B:A:	5	13	1	1	0	24	10	12	0	185
ANID_07233T0_7-307_1VJ5:A:226-547	0	8	9	13	0	29	21	23	0	321
ANID_07238T0_5-193_1F0Y:A:12-203	0	8	1	7	0	22	12	11	0	192
ANID_07238T0_197-275_1F0Y:A:204-302	3	0	1	5	0	8	3	5	0	99
ANID_07239T0_126-302_1Q27:A:	0	8	0	3	0	22	18	6	0	171
ANID_07240T0_9-409_1PW4:A:	2	0	1	18	0	21	18	22	0	450
ANID_07241T0_558-709_2AFA:A:4-415	14	13	4	13	1	44	17	28	0	411
ANID_07251T0_6-201,309-395_1FOH:A:1-240,A:342-461	4	15	4	9	0	43	22	18	1	360
ANID_07259T0_6-49_1V92:A:	0	0	0	3	0	4	2	4	0	46
ANID_07269T0_51-242_1I19:A:57-273	2	11	1	4	0	28	15	16	0	217
ANID_07274T0_43-228_1HSK:A:15-208	4	14	3	6	0	20	9	15	0	194
ANID_07275T0_22-303_1YRZ:A:1004-1320	6	25	0	0	0	45	27	21	0	317
ANID_07275T0_317-508_1YRZ:A:1321-1525	1	16	1	0	0	19	14	12	0	205
ANID_07279T0_68-353_1QAZ:A:	6	0	6	12	0	30	19	21	0	351
ANID_07280T0_50-183_2IWX:A:2-214	0	8	5	5	0	22	9	11	0	214
ANID_07282T0_61-301,335-366_1BLX:A:	4	7	7	8	0	33	18	18	0	305
ANID_07287T0_56-289_1OKC:A:	0	0	6	11	0	19	10	9	0	292
ANID_07292T0_109-353_1EK1:A:226-544	1	8	6	12	0	34	28	21	0	319
ANID_07293T0_9-163_1YXM:A:7-303	4	7	7	9	0	27	14	20	0	297
ANID_07304T0_94-229,264-428_1OKC:A:	0	0	6	11	0	19	10	9	0	292
ANID_07307T0_55-528_2P0V:A:39-481	5	15	3	16	0	48	34	25	0	443
ANID_07313T0_32-312_1Y7B:A:4-324	4	25	0	0	0	44	28	23	0	321
ANID_07313T0_327-459_1UXZ:A:	0	13	1	0	0	17	10	4	0	131
ANID_07320T0_27-280_1JQI:A:4-234	3	8	4	7	0	17	12	12	0	231
ANID_07320T0_265-427_1EGD:A:242-396	2	2	3	5	0	4	4	8	0	155
ANID_07325T0_563-965_1TGO:A:348-773	5	12	5	13	0	44	20	26	0	426
ANID_07325T0_101-542_1WNS:A:1-347	2	17	1	10	0	31	20	21	0	347
ANID_07331T0_91-160_1DW9:A:87-156	0	2	0	1	0	4	4	2	0	70
ANID_07331T0_11-86_1DW9:A:1-86	2	0	0	5	0	8	5	5	0	86
ANID_07332T0_7-50_2HAP:C:55-97	0	0	1	2	0	6	3	2	0	43
ANID_07334T0_138-264,302-337,384-422_1F0I:A:6-263	5	9	3	7	0	19	12	12	0	258
ANID_07334T0_668-813,891-944_1BYR:A:	2	8	0	5	0	13	9	7	0	152
ANID_07338T0_5-126_2F4W:A:12-168	3	4	0	5	0	17	7	9	0	157
ANID_07339T0_57-314_1VL8:A:	2	7	6	9	0	25	10	14	0	251
ANID_07340T0_7-119_1MLV:A:50-310	4	6	3	8	0	32	19	16	0	261
ANID_07340T0_191-276_1MLV:A:50-310	4	6	3	8	0	32	19	16	0	261
ANID_07343T0_2-41_1D66:A:8-48	0	0	0	2	0	4	1	2	0	41
ANID_07350T0_71-160_1WI8:A:	2	6	1	2	0	13	8	4	0	103
ANID_07352T0_108-266_2OCY:A:16-162	0	0	0	4	0	2	1	5	0	153
ANID_07353T0_171-300_1ZH8:A:132-275	2	8	2	3	0	12	7	8	0	144
ANID_07353T0_2-83,111-184,212-225_1ZH8:A:4-131,A:276-328	0	7	3	8	0	16	11	4	1	181
ANID_07360T0_12-111_1HDJ:A:	0	0	1	4	0	9	2	7	0	76
ANID_07360T0_114-170,220-272_1NLT:A:110-138,A:213-257	2	5	0	1	0	12	2	5	1	74
ANID_07360T0_145-217_1NLT:A:139-212	2	4	0	0	0	10	9	6	0	74
ANID_07360T0_264-348_1C3G:A:260-349	4	6	0	2	0	16	7	6	0	90
ANID_07361T0_3-314_1J09:A:1-305	10	9	5	10	0	36	14	16	0	305
ANID_07361T0_374-513_1J09:A:306-468	0	0	2	9	0	14	10	6	0	163
ANID_07363T0_498-646,716-803_1JYS:A:	2	10	1	6	0	21	9	12	0	230
ANID_07366T0_96-268_1C7K:A:	0	5	2	4	0	17	7	7	0	132
ANID_07380T0_49-474_1PW4:A:	2	0	1	18	0	21	18	22	0	450
ANID_07390T0_70-505_1PV7:A:	0	0	2	22	0	18	12	14	0	417
ANID_07393T0_22-111_1CGL:A:	2	5	0	3	0	22	18	7	0	168
ANID_07397T0_214-400_1KLX:A:	0	0	0	8	0	11	4	8	0	133
ANID_07401T0_31-324_1TUX:A:	7	9	2	13	0	31	20	20	0	301
ANID_07401T0_348-381_1AZ6:A:	0	2	0	0	0	7	4	2	0	36
ANID_07402T0_21-462_1GAI:A:	10	9	6	14	0	48	26	31	0	472
ANID_07402T0_527-634_1KUL:A:	2	9	1	0	0	22	9	4	0	108
ANID_07403T0_62-125,179-233,290-367_1QLW:A:	4	10	9	8	0	37	24	22	0	318
ANID_07404T0_11-139,218-297_1MNA:A:	0	9	2	10	0	29	20	14	0	281
ANID_07407T0_26-559_1UKC:A:	4	16	7	18	0	57	36	35	0	517
ANID_07408T0_5-224,397-454_1CF3:A:3-324,A:521-583	17	12	7	11	0	49	28	29	1	385
ANID_07408T0_226-389_1CF3:A:325-520	4	8	6	6	0	21	11	8	0	196
ANID_07415T0_67-160,270-346_1FOH:A:1-240,A:342-461	4	15	4	9	0	43	22	18	1	360
ANID_07423T0_429-585_1L1O:C:	3	9	0	5	0	16	7	7	0	178
ANID_07423T0_287-409_1FGU:A:299-426	1	7	1	2	0	17	6	5	0	128
ANID_07423T0_6-115_1EWI:A:	2	5	1	2	0	14	11	4	0	114
ANID_07423T0_169-283_1FGU:A:181-298	0	8	2	1	0	18	6	5	0	118
ANID_07424T0_147-432_1WRB:A:164-401	2	8	2	8	0	26	18	9	0	238
ANID_07426T0_41-166_2B5E:A:365-504	1	4	1	4	0	18	7	6	0	140
ANID_07428T0_351-607_1JW9:B:	5	8	2	9	0	22	10	18	0	247
ANID_07429T0_190-242_1VQ2:A:	5	7	3	6	0	24	3	10	0	193
ANID_07429T0_1-173_1UJ2:A:	2	7	6	8	0	17	11	10	0	213
ANID_07444T0_249-474_1FKM:A:249-442	2	0	8	8	0	13	13	10	0	194
ANID_07444T0_450-542_1FKM:A:443-630	0	0	1	8	0	10	3	8	0	188
ANID_07469T0_18-112_1N08:A:	0	6	4	2	0	19	9	8	0	154
ANID_07469T0_153-204_1N08:A:	0	6	4	2	0	19	9	8	0	154
ANID_07471T0_37-348_1VKM:A:	8	11	3	11	0	34	15	14	0	296
ANID_07471T0_390-775_1RKD:A:	0	14	3	11	0	30	12	16	0	306
ANID_07474T0_641-965_1M8Z:A:	0	2	4	27	0	17	16	26	0	339
ANID_07474T0_469-557_1X5S:A:8-97	0	4	0	2	0	11	8	3	0	89
ANID_07487T0_5-174_2NGR:A:	0	6	3	6	0	19	11	13	0	191
ANID_07488T0_40-384_1GQ6:A:	7	8	6	9	0	33	21	11	0	301
ANID_07489T0_1-263_2IX4:A:31-300	7	8	4	11	0	30	15	18	0	270
ANID_07489T0_224-425_2GFV:A:252-412	5	7	4	4	0	22	9	6	0	161
ANID_07500T0_166-380_1EBD:A:155-271	1	8	0	3	0	9	8	7	0	117
ANID_07500T0_322-487_1EBD:A:155-271	1	8	0	3	0	9	8	7	0	117
ANID_07500T0_512-571_1CTA:A:	1	0	0	2	0	6	2	2	0	34
ANID_07502T0_26-219_1UJ2:A:	2	7	6	8	0	17	11	10	0	213
ANID_07502T0_249-449_1BD3:A:	2	12	3	7	0	27	10	12	0	224
ANID_07521T0_36-531_1QE3:A:	7	14	7	14	0	50	31	31	0	483
ANID_07524T0_144-317,390-431,459-490_1JJI:A:	0	8	5	11	0	21	17	19	0	311
ANID_07537T0_17-330_1O6L:A:	6	9	5	10	0	39	20	21	0	337
ANID_07541T0_34-210_1CEX:A:	1	5	5	7	0	20	7	13	0	197
ANID_07542T0_76-130_1GD2:G:	0	0	0	1	0	3	1	0	0	69
ANID_07549T0_251-353,404-470_2CE7:A:150-402	2	5	6	9	0	24	12	16	0	253
ANID_07553T0_341-422_1R05:A:	0	0	1	2	0	5	6	2	0	86
ANID_07567T0_175-258_1WIK:A:	0	4	0	5	0	14	12	6	0	108
ANID_07567T0_3-112_1FB6:A:	0	5	0	4	0	11	2	7	0	104
ANID_07572T0_738-889,1057-1258_1XJD:A:	8	7	5	9	0	32	15	17	0	320
ANID_07572T0_1542-1667_1MB3:A:	2	5	0	5	0	13	10	3	0	123
ANID_07577T0_1-161_2AAK:A:	2	4	1	4	0	15	9	11	0	150
ANID_07577T0_266-436_2AAK:A:	2	4	1	4	0	15	9	11	0	150
ANID_07579T0_3-167_1JEY:B:6-241	3	6	3	6	0	21	12	12	0	236
ANID_07585T0_42-216,273-347_1PV7:A:	0	0	2	22	0	18	12	14	0	417
ANID_07602T0_15-181_1YZQ:A:14-177	0	6	2	6	0	16	11	9	0	164
ANID_07610T0_63-109_1CLD:A:	0	0	0	2	0	4	2	1	0	33
ANID_07618T0_327-589_1FX8:A:	0	0	4	11	0	13	7	10	0	254
ANID_07626T0_590-640_1X3H:A:43-74	2	2	0	1	0	6	5	0	0	32
ANID_07631T0_48-569_1LCI:A:	7	27	4	15	0	64	28	38	0	541
ANID_07633T0_12-354_1RFM:A:	6	12	6	11	0	37	20	16	0	344
ANID_07634T0_18-466_1P49:A:	2	17	7	13	0	62	48	36	0	553
ANID_07635T0_54-170_1Y3T:A:5-334	1	27	2	4	0	49	28	21	0	330
ANID_07639T0_29-363_1QNR:A:	4	16	3	11	0	38	22	25	0	344
ANID_07641T0_232-664_1EKM:A:237-672	7	24	6	5	0	52	24	29	0	436
ANID_07641T0_112-225_1EKM:A:116-236	1	4	2	4	0	14	8	6	0	121
ANID_07641T0_19-110_1EKM:A:17-115	0	4	0	2	0	7	4	5	0	99
ANID_07644T0_9-95,122-199_2Q4M:A:24-212	5	12	3	1	0	20	9	8	0	189
ANID_07652T0_233-542,579-690_1W36:D:2-360	6	9	4	14	0	32	29	25	0	359
ANID_07661T0_131-223_1AM9:A:	0	0	0	2	0	4	1	1	0	80
ANID_07669T0_49-138,165-374_1GQ6:A:	7	8	6	9	0	33	21	11	0	301
ANID_07671T0_38-303_1OKC:A:	0	0	6	11	0	19	10	9	0	292
ANID_07678T0_991-1312_1HOW:A:	5	10	4	11	0	39	18	24	0	362
ANID_07684T0_4-177,243-349_3C96:A:4-182,A:294-402	1	13	1	8	0	26	14	13	1	288
ANID_07684T0_183-267_3C96:A:183-293	3	5	0	4	0	12	4	7	0	111
ANID_07687T0_148-238,349-593_1XNF:A:	0	0	1	14	0	19	6	12	0	259
ANID_07691T0_158-340_1FSU:A:	4	18	10	10	0	61	34	35	0	492
ANID_07695T0_68-323_1APM:E:	5	9	4	11	0	36	21	20	0	341
ANID_07695T0_472-495,551-602,632-653,705-780_2QLV:A:460-630	0	7	2	4	0	13	5	5	0	171
ANID_07707T0_3-227_1BKR:A:	0	0	3	5	0	10	3	5	0	108
ANID_07707T0_246-369_1HCI:A:272-396	0	0	1	7	0	3	3	8	0	123
ANID_07707T0_471-602_1MXE:A:	0	4	0	8	0	14	5	6	0	144
ANID_07707T0_372-477_1HCI:A:633-746	0	0	0	3	0	6	5	5	0	114
ANID_07711T0_21-47,78-202_1V8Y:A:	5	9	0	3	0	15	5	6	0	158
ANID_07712T0_114-296_2B06:A:1-155	4	10	2	2	0	18	6	7	0	155
ANID_07719T0_11-172_3BLH:B:5-150	0	0	0	7	0	11	5	8	0	146
ANID_07719T0_174-278_2I53:A:158-267	2	0	3	4	0	9	6	6	0	110
ANID_07722T0_47-461_1VZ6:A:	3	14	2	11	0	35	15	19	0	383
ANID_07731T0_18-128,163-298,355-730_2BPT:A:1-861	0	0	19	43	0	44	28	37	0	860
ANID_07733T0_1-163,198-259,300-326_1J31:A:	1	16	2	7	0	32	15	15	0	262
ANID_07737T0_140-184,224-468_1A06:A:	4	8	4	10	0	29	20	14	0	307
ANID_07737T0_19-120_1QU5:A:	2	11	4	1	0	28	21	8	0	182
ANID_07739T0_210-258_1H88:C:89-143	0	0	0	3	0	6	5	5	0	55
ANID_07746T0_69-212_1Q67:A:	0	7	0	4	0	11	7	4	0	207
ANID_07747T0_38-116,143-372_1MNA:A:	0	9	2	10	0	29	20	14	0	281
ANID_07748T0_252-430_2B4V:A:289-471	3	4	4	5	0	20	10	9	0	183
ANID_07748T0_111-248_1WOT:A:	0	4	0	4	0	13	6	4	0	98
ANID_07757T0_1364-1502_1U5D:A:108-213	0	7	2	1	0	12	7	3	0	106
ANID_07764T0_291-538_1VRG:A:252-515	3	8	5	10	0	23	16	16	0	264
ANID_07764T0_50-285_1VRG:A:1-251	6	7	5	10	0	21	10	13	0	251
ANID_07770T0_6-270_1W6U:A:	2	7	4	11	0	28	15	17	0	294
ANID_07772T0_35-503_1TQN:A:	5	9	7	18	0	43	20	30	0	472
ANID_07776T0_7-40_1CLD:A:	0	0	0	2	0	4	2	1	0	33
ANID_07779T0_84-525_1PV7:A:	0	0	2	22	0	18	12	14	0	417
ANID_07782T0_63-126,157-285_2IUW:A:70-279	2	14	1	4	0	25	13	5	0	210
ANID_07792T0_57-562_1CJY:A:142-721	2	16	10	18	0	52	32	26	0	580
ANID_07794T0_74-115_1UHA:A:1-42	3	2	2	1	0	7	4	4	0	42
ANID_07794T0_18-59_1UHA:A:1-42	3	2	2	1	0	7	4	4	0	42
ANID_07796T0_46-432_1PV7:A:	0	0	2	22	0	18	12	14	0	417
ANID_07799T0_3-220_1VL8:A:	2	7	6	9	0	25	10	14	0	251
ANID_07807T0_80-208_1NHY:A:76-219	0	0	2	7	0	12	5	9	0	144
ANID_07807T0_1-76_1LJR:A:1-79	0	4	1	3	0	8	3	7	0	79
ANID_07815T0_1114-1324_1TQY:A:219-423	5	7	2	5	0	21	7	8	0	166
ANID_07815T0_784-849,941-1153_1J3N:A:1-249	6	7	5	10	0	28	13	15	0	249
ANID_07815T0_455-690_1H5Q:A:	2	10	7	8	0	25	12	15	0	260
ANID_07815T0_1428-1545_1FTH:A:	0	5	1	4	0	12	8	3	0	117
ANID_07816T0_51-292_1EVQ:A:	0	8	4	9	0	28	16	23	0	308
ANID_07818T0_17-481_1TQN:A:	5	9	7	18	0	43	20	30	0	472
ANID_07823T0_28-128_2CIW:A:0-119	2	2	2	3	0	17	10	8	0	119
ANID_07824T0_40-467_3CZH:A:40-502	7	8	4	16	0	42	19	26	0	462
ANID_07825T0_376-751_1J3N:A:1-249	6	7	5	10	0	28	13	15	0	249
ANID_07825T0_906-1037,1101-1208_1MLA:A:3-127,A:198-307	2	5	1	12	0	22	14	13	1	235
ANID_07825T0_1946-2206_1XKT:A:	2	7	3	8	0	30	19	12	0	288
ANID_07825T0_1713-1787_1T8K:A:	2	0	1	4	0	8	0	6	0	77
ANID_07825T0_1836-1913_1T8K:A:	2	0	1	4	0	8	0	6	0	77
ANID_07825T0_1038-1096_1MLA:A:128-197	0	4	0	2	0	6	5	4	0	70
ANID_07828T0_6-368_1NC5:A:	11	6	5	13	0	40	21	26	0	363
ANID_07832T0_24-89,117-231,260-379,578-642_1CF3:A:3-324,A:521-583	17	12	7	11	0	49	28	29	1	385
ANID_07832T0_437-582_1JU2:A:294-463	3	9	1	2	0	26	19	6	0	170
ANID_07839T0_1221-1457_2HYD:A:324-578	2	10	5	9	0	25	21	16	0	255
ANID_07839T0_907-1209_1PF4:A:10-320	0	0	9	16	0	12	11	14	0	310
ANID_07839T0_612-834_1R0W:A:	0	11	2	12	1	27	19	16	0	281
ANID_07839T0_263-575_2HYD:A:1-323	0	0	1	15	1	9	5	12	0	323
ANID_07847T0_208-257_1E0G:A:	0	2	1	2	0	8	1	3	0	48
ANID_07847T0_127-176_1E0G:A:	0	2	1	2	0	8	1	3	0	48
ANID_07855T0_236-289,343-404_1MLA:A:3-127,A:198-307	2	5	1	12	0	22	14	13	1	235
ANID_07855T0_134-234_2B3N:A:6-159	0	5	0	5	0	13	5	7	0	155
ANID_07855T0_8-81_1IXL:A:	3	6	1	1	0	14	4	9	0	130
ANID_07858T0_32-372_1HTR:P:,B:	3	26	7	7	0	42	18	21	1	372
ANID_07860T0_119-419_1FR1:A:	5	16	7	12	0	33	16	25	0	361
ANID_07863T0_368-450_1K85:A:	0	8	0	0	0	9	7	1	0	87
ANID_07865T0_9-297_1EX1:A:1-388	3	11	8	15	1	39	19	29	0	388
ANID_07865T0_298-366,537-693_1EX1:A:389-602	5	6	2	6	0	33	25	10	0	214
ANID_07867T0_51-92_1PYI:A:30-71	0	2	0	2	0	6	1	3	0	42
ANID_07869T0_375-574,602-639_1H80:A:	9	29	2	5	0	61	31	22	0	464
ANID_07869T0_107-270_1H80:A:	9	29	2	5	0	61	31	22	0	464
ANID_07871T0_48-217_1RH9:A:30-399	7	13	6	11	0	37	20	22	0	370
ANID_07876T0_6-351_1A3G:A:	5	16	3	7	0	37	19	17	0	305
ANID_07879T0_1183-1421_2HYD:A:324-578	2	10	5	9	0	25	21	16	0	255
ANID_07879T0_588-809_1XMI:A:	0	11	2	11	1	27	20	15	0	290
ANID_07879T0_871-1170_3B60:A:10-328	0	0	1	11	0	6	9	9	0	319
ANID_07879T0_262-575_2HYD:A:1-323	0	0	1	15	1	9	5	12	0	323
ANID_07880T0_1275-1341,1438-1576_2IX4:A:301-461	2	7	2	5	0	21	9	9	0	161
ANID_07880T0_934-997,1100-1312_1J3N:A:1-249	6	7	5	10	0	28	13	15	0	249
ANID_07880T0_585-820_1ZBQ:A:3-304	1	9	4	11	0	27	12	16	0	302
ANID_07880T0_15-67_1NM2:A:0-133,A:196-314	2	6	2	12	0	20	14	17	1	251
ANID_07884T0_2638-3225_1AMU:A:	4	26	5	15	0	55	36	34	0	514
ANID_07884T0_1112-1592,1623-1676_1AMU:A:	4	26	5	15	0	55	36	34	0	514
ANID_07884T0_3719-4308_1AMU:A:	4	26	5	15	0	55	36	34	0	514
ANID_07884T0_4816-5411_1AMU:A:	4	26	5	15	0	55	36	34	0	514
ANID_07884T0_5908-6461_1AMU:A:	4	26	5	15	0	55	36	34	0	514
ANID_07884T0_56-637_1AMU:A:	4	26	5	15	0	55	36	34	0	514
ANID_07884T0_2409-2643_1L5A:A:175-424	4	7	2	7	0	24	11	13	0	250
ANID_07884T0_4585-4838_1L5A:A:175-424	4	7	2	7	0	24	11	13	0	250
ANID_07884T0_883-1116_1L5A:A:175-424	4	7	2	7	0	24	11	13	0	250
ANID_07884T0_5678-5907_1L5A:A:175-424	4	7	2	7	0	24	11	13	0	250
ANID_07884T0_3487-3740_1L5A:A:175-424	4	7	2	7	0	24	11	13	0	250
ANID_07884T0_1787-1951_1L5A:A:1-174	1	6	2	5	0	15	9	11	0	174
ANID_07884T0_1972-2199_1L5A:A:175-424	4	7	2	7	0	24	11	13	0	250
ANID_07884T0_3324-3499_1Q9J:A:1-175	1	7	2	4	0	16	9	4	0	175
ANID_07884T0_2239-2422_1Q9J:A:1-175	1	7	2	4	0	16	9	4	0	175
ANID_07884T0_5508-5689_1NOC:B:	1	9	1	5	0	22	13	9	0	213
ANID_07884T0_6614-6847_1GY8:A:	4	14	2	11	0	41	23	17	0	383
ANID_07884T0_729-895_1L5A:A:1-174	1	6	2	5	0	15	9	11	0	174
ANID_07884T0_4415-4596_1L5A:A:1-174	1	6	2	5	0	15	9	11	0	174
ANID_07884T0_5391-5464_1DNY:A:	0	0	0	4	0	8	7	2	0	76
ANID_07884T0_617-688_1DNY:A:	0	0	0	4	0	8	7	2	0	76
ANID_07884T0_3214-3282_1DNY:A:	0	0	0	4	0	8	7	2	0	76
ANID_07884T0_1691-1794_1DNY:A:	0	0	0	4	0	8	7	2	0	76
ANID_07884T0_4291-4373_1KLP:A:	0	0	0	4	0	14	8	8	0	115
ANID_07890T0_2-139_1GPE:A:1-328,A:525-587	13	16	6	10	0	49	25	31	1	391
ANID_07895T0_8-176_1HSO:A:1-162,A:339-374	2	12	3	2	0	25	17	14	1	198
ANID_07895T0_124-252_1O89:A:116-292	0	6	3	7	0	15	11	6	0	177
ANID_07896T0_14-62_2HAP:C:55-97	0	0	1	2	0	6	3	2	0	43
ANID_07898T0_50-444_1PW4:A:	2	0	1	18	0	21	18	22	0	450
ANID_07900T0_38-327,430-442_1GOS:A:4-289,A:402-500	4	15	6	13	0	40	33	22	1	385
ANID_07903T0_380-746_1TQY:A:219-423	5	7	2	5	0	21	7	8	0	166
ANID_07903T0_904-1029,1104-1205_1MLA:A:3-127,A:198-307	2	5	1	12	0	22	14	13	1	235
ANID_07903T0_2228-2538_1SB8:A:	3	13	2	14	0	34	16	17	0	341
ANID_07903T0_1925-2151_1RI5:A:	1	10	1	9	0	22	15	13	0	252
ANID_07903T0_1664-1748_1KLP:A:	0	0	0	4	0	14	8	8	0	115
ANID_07903T0_1030-1089_1MLA:A:128-197	0	4	0	2	0	6	5	4	0	70
ANID_07903T0_139-183,259-353_1MLA:A:3-127,A:198-307	2	5	1	12	0	22	14	13	1	235
ANID_07904T0_29-180_2AVN:A:1-246	2	10	3	10	0	28	12	9	0	246
ANID_07912T0_16-177,210-384_1JS8:A:2503-2791	6	6	6	9	0	29	19	22	0	289
ANID_07915T0_402-665_1EX1:A:389-602	5	6	2	6	0	33	25	10	0	214
ANID_07915T0_22-176_1EX1:A:1-388	3	11	8	15	1	39	19	29	0	388
ANID_07915T0_248-401_1EX1:A:1-388	3	11	8	15	1	39	19	29	0	388
ANID_07917T0_36-321_1CHU:A:2-237,A:354-422	6	12	4	6	0	30	16	12	1	305
ANID_07918T0_3-235_1QQ5:A:	3	6	5	11	0	21	13	14	0	245
ANID_07922T0_63-267_1EJE:A:	2	14	2	5	0	21	6	13	0	192
ANID_07930T0_36-278,310-388_1W8O:A:47-402	3	26	2	1	0	50	35	23	0	356
ANID_07934T0_170-281_1YGY:A:99-282	3	7	2	7	0	24	14	12	0	184
ANID_07934T0_70-192_1MX3:A:27-125,A:319-352	7	16	2	18	0	55	34	29	1	444
ANID_07938T0_32-245,285-509_1PV7:A:	0	0	2	22	0	18	12	14	0	417
ANID_07946T0_125-226_3PCC:M:	5	14	4	2	0	33	16	19	0	236
ANID_07948T0_27-505_1THG:A:	5	16	8	19	0	57	37	36	0	543
ANID_07951T0_22-65_1D66:A:8-48	0	0	0	2	0	4	1	2	0	41
ANID_07954T0_5-298_1FRB:A:	8	10	4	10	0	47	20	23	0	315
ANID_07957T0_39-73,133-195_1BO4:A:	0	6	0	4	0	12	7	6	0	137
ANID_07966T0_8-199_1GQ8:A:	3	24	6	3	0	47	33	20	0	318
ANID_07966T0_269-354_1HG8:A:	1	26	3	1	0	43	31	12	0	349
ANID_07969T0_34-463_1TQN:A:	5	9	7	18	0	43	20	30	0	472
ANID_07970T0_154-194,222-471_2PTD:A:	4	10	3	8	0	35	23	17	0	296
ANID_07971T0_12-57_2HAP:C:55-97	0	0	1	2	0	6	3	2	0	43
ANID_07972T0_45-483_1PV7:A:	0	0	2	22	0	18	12	14	0	417
ANID_07976T0_28-270_1J7L:A:	1	10	2	9	0	29	20	16	0	263
ANID_07982T0_88-189_1XKL:A:	1	8	4	10	0	28	15	17	0	258
ANID_07983T0_170-259_1LL2:A:	1	11	7	10	0	24	19	16	0	263
ANID_07985T0_336-463_1QCF:A:249-531	6	7	5	10	0	31	17	17	0	282
ANID_07994T0_33-285_1LTL:A:	2	10	4	5	0	24	9	12	0	239
ANID_07994T0_329-640_1NY5:A:138-384	4	9	2	11	0	25	17	12	0	247
ANID_08000T0_2968-3142,3186-3335_1E8Y:A:726-1092	0	10	2	12	0	26	15	16	0	367
ANID_08000T0_258-444,536-1006_1TE4:A:	0	0	3	6	0	11	9	5	0	111
ANID_08000T0_1345-1443,1493-1547,1626-1824,1871-1954_1G3J:A:	2	0	4	35	0	31	15	35	0	531
ANID_08014T0_203-384_1X9N:A:534-753	5	11	2	6	0	25	17	14	0	220
ANID_08014T0_390-544_1X9N:A:754-901	3	10	1	2	0	17	13	7	0	148
ANID_08015T0_247-284_1WJV:A:36-66	0	2	1	0	0	4	2	3	0	31
ANID_08019T0_940-1298_1N11:A:	0	0	1	24	0	48	15	35	0	408
ANID_08019T0_95-241,304-390_1JYS:A:	2	10	1	6	0	21	9	12	0	230
ANID_08019T0_462-690_1WF3:A:3-180	1	6	2	5	0	17	15	11	0	178
ANID_08030T0_110-265_1QP8:A:83-263	3	6	2	7	0	24	15	13	0	181
ANID_08030T0_32-128_1YGY:A:3-98,A:283-316	4	5	2	4	0	19	10	9	1	130
ANID_08032T0_4-294_1VL0:A:	5	12	1	11	0	29	19	11	0	291
ANID_08036T0_15-295_1VP5:A:	3	10	4	11	0	36	16	14	0	284
ANID_08051T0_178-359_2BNH:A:	5	17	2	16	0	59	26	25	0	456
ANID_08051T0_41-103_1FQV:A:107-145	0	0	0	3	0	4	4	4	0	39
ANID_08071T0_388-563,608-680,710-814_1VYH:C:92-408	0	28	1	0	0	39	25	14	0	317
ANID_08073T0_241-558_1IXK:A:	0	13	5	10	0	28	19	14	0	313
ANID_08074T0_381-689_1NBF:A:	6	16	6	11	0	38	19	20	0	347
ANID_08074T0_140-202,266-342_1FLK:A:350-504	2	10	1	2	0	19	13	9	0	155
ANID_08074T0_1101-1190_1H3I:A:52-193	0	13	0	0	0	18	10	9	0	142
ANID_08074T0_1195-1241_1FBV:A:356-434	2	2	0	2	0	11	6	5	0	79
ANID_08075T0_11-362_1DHS:A:	2	9	3	16	0	28	17	24	0	361
ANID_08079T0_40-84_1CLD:A:	0	0	0	2	0	4	2	1	0	33
ANID_08083T0_147-584_1PV7:A:	0	0	2	22	0	18	12	14	0	417
ANID_08084T0_14-207,238-461_1PV7:A:	0	0	2	22	0	18	12	14	0	417
ANID_08085T0_3-339_1N11:A:	0	0	1	24	0	48	15	35	0	408
ANID_08085T0_339-628_1N11:A:	0	0	1	24	0	48	15	35	0	408
ANID_08085T0_983-1033_2IUB:A:286-349	0	0	0	2	0	2	2	2	0	64
ANID_08092T0_362-498,571-627_1N11:A:	0	0	1	24	0	48	15	35	0	408
ANID_08099T0_88-464_1J58:A:	3	25	4	8	0	49	28	23	0	372
ANID_08102T0_40-174,203-424_1PSO:E:	6	30	5	6	0	39	15	21	0	326
ANID_08110T0_15-264_1H5Q:A:	2	10	7	8	0	25	12	15	0	260
ANID_08124T0_38-458_1PW4:A:	2	0	1	18	0	21	18	22	0	450
ANID_08129T0_26-67_2HAP:C:55-97	0	0	1	2	0	6	3	2	0	43
ANID_08130T0_492-665_1D4O:A:	1	6	5	7	0	19	11	11	0	177
ANID_08131T0_11-172,226-321_3C96:A:4-182,A:294-402	1	13	1	8	0	26	14	13	1	288
ANID_08135T0_1-483_2ACV:A:3-463	2	15	6	19	0	45	24	28	0	461
ANID_08139T0_65-519_1OG2:A:	9	9	4	17	0	50	25	22	0	462
ANID_08140T0_19-190,322-432_3C96:A:4-182,A:294-402	1	13	1	8	0	26	14	13	1	288
ANID_08153T0_386-594_1LV7:A:	2	6	3	10	0	31	17	18	0	256
ANID_08155T0_6-241_1SNY:A:	3	7	6	7	0	28	16	13	0	266
ANID_08163T0_1-189,218-291_1NXQ:A:	4	7	3	9	0	24	12	17	0	251
ANID_08164T0_14-48_1CLD:A:	0	0	0	2	0	4	2	1	0	33
ANID_08177T0_278-324_1AW6:A:	0	0	0	2	0	6	3	2	0	43
ANID_08182T0_10-270_1WDT:A:8-274	2	11	3	9	0	22	15	13	0	267
ANID_08183T0_209-541_2OVR:B:2365-2706	0	32	2	1	0	36	24	21	0	342
ANID_08183T0_44-308_1ERJ:A:	2	30	1	1	0	43	24	22	0	388
ANID_08183T0_519-614,671-700_1NR0:A:2-312	4	27	1	0	0	38	22	20	0	311
ANID_08184T0_130-499_1TQN:A:	5	9	7	18	0	43	20	30	0	472
ANID_08187T0_129-157,192-403_1GOT:B:	1	28	0	2	0	36	22	23	0	339
ANID_08190T0_762-1045_3BLH:A:8-325	3	10	4	9	0	33	17	14	0	318
ANID_08191T0_82-277_1IPC:A:	0	8	4	4	0	18	9	15	0	191
ANID_08192T0_595-709,839-928_2CKH:A:419-643	2	6	1	8	0	22	10	13	0	225
ANID_08193T0_16-73,100-136_1VKB:A:	2	7	2	2	0	16	12	9	0	160
ANID_09459T0_16-73,100-136_1VKB:A:	2	7	2	2	0	16	12	9	0	160
ANID_08194T0_31-120_1O6U:A:275-398	0	8	1	1	0	14	7	4	0	124
ANID_08199T0_14-176,292-401_3C96:A:4-182,A:294-402	1	13	1	8	0	26	14	13	1	288
ANID_08199T0_182-300_3C96:A:183-293	3	5	0	4	0	12	4	7	0	111
ANID_08203T0_326-380,410-673_2NSY:A:	5	4	1	12	0	27	11	16	0	271
ANID_08203T0_4-293_1ERZ:A:	4	14	6	8	0	36	16	16	0	303
ANID_08205T0_1101-1256_1QZG:A:	1	7	0	3	0	19	13	10	0	170
ANID_08209T0_377-750_1TQY:A:219-423	5	7	2	5	0	21	7	8	0	166
ANID_08209T0_910-1037,1101-1206_1MLA:A:3-127,A:198-307	2	5	1	12	0	22	14	13	1	235
ANID_08209T0_1872-2146_1XKT:A:	2	7	3	8	0	30	19	12	0	288
ANID_08209T0_1769-1850_1T8K:A:	2	0	1	4	0	8	0	6	0	77
ANID_08209T0_1652-1719_1F80:D:	2	0	0	5	0	8	3	2	0	80
ANID_08209T0_1038-1099_1MLA:A:128-197	0	4	0	2	0	6	5	4	0	70
ANID_08219T0_181-281,422-520,824-988_1SU4:A:1-124,A:240-343,A:751-994	1	1	8	18	0	32	20	22	2	472
ANID_08219T0_522-578,617-824_1SU4:A:344-360,A:600-750	3	8	1	8	0	16	12	11	1	168
ANID_08219T0_282-323_1SU4:A:125-239	2	9	3	0	0	21	10	7	0	115
ANID_08219T0_369-422_1SU4:A:125-239	2	9	3	0	0	21	10	7	0	115
ANID_08224T0_205-518_1GTR:A:8-338	6	9	4	12	0	35	20	18	0	331
ANID_08224T0_512-708_1GTR:A:339-547	3	18	5	0	0	26	16	8	0	209
ANID_08224T0_62-168_2HRK:B:4-121	0	0	2	6	0	9	7	8	0	121
ANID_08231T0_37-218,251-273,323-479_1JL0:A:	4	16	4	6	0	35	19	12	0	325
ANID_08246T0_39-351_1QZX:A:88-294	0	8	2	8	0	21	11	12	0	207
ANID_08246T0_325-429_1QB2:A:	0	0	0	7	0	7	5	8	0	107
ANID_08249T0_384-733_1W6K:A:6-99,A:379-732	11	4	6	14	0	49	27	27	1	448
ANID_08249T0_118-394_1W6K:A:100-378	4	2	8	11	0	24	18	18	0	279
ANID_08256T0_68-144_2GYC:U:1-84	2	0	0	0	0	13	12	0	0	84
ANID_08259T0_88-406_1D3Y:A:	2	13	5	14	0	29	12	18	0	298
ANID_08270T0_237-284,335-450_1H65:A:	3	11	4	7	0	28	14	12	0	269
ANID_08276T0_3-150_1SZA:A:	0	0	2	8	0	12	7	6	0	143
ANID_08276T0_440-579_1H2T:Z:	3	6	4	4	0	20	12	10	0	146
ANID_08285T0_44-342_1UA2:A:	1	8	3	9	0	30	19	17	0	299
ANID_08291T0_1-326,363-573_1GW5:A:	0	2	4	33	0	46	32	22	0	620
ANID_08292T0_13-67,118-182_1O4W:A:	0	5	0	6	0	10	3	5	0	125
ANID_08299T0_5-216_1VL8:A:	2	7	6	9	0	25	10	14	0	251
ANID_08300T0_1279-1675_1N11:A:	0	0	1	24	0	48	15	35	0	408
ANID_08300T0_748-1065_1N11:A:	0	0	1	24	0	48	15	35	0	408
ANID_08300T0_1584-1847_1WDY:A:	2	0	0	17	0	35	10	27	0	285
ANID_08300T0_1096-1265_1WDY:A:	2	0	0	17	0	35	10	27	0	285
ANID_08300T0_304-556_2A5Y:B:109-385	4	5	1	11	0	20	17	17	0	277
ANID_08303T0_38-551_1MT5:A:	4	11	7	22	0	56	40	33	0	537
ANID_08314T0_1039-1336_1TYE:A:	12	36	2	4	0	66	33	39	0	452
ANID_08314T0_608-804_1JV2:A:1-438	9	35	2	3	0	69	38	34	0	438
ANID_08314T0_349-377,414-556_2HSJ:A:1-211	4	5	4	9	0	22	9	9	0	211
ANID_08316T0_43-236,301-483_1PV7:A:	0	0	2	22	0	18	12	14	0	417
ANID_08318T0_37-456_1PV7:A:	0	0	2	22	0	18	12	14	0	417
ANID_08322T0_72-311_1JBK:A:	0	6	2	10	0	18	8	13	0	194
ANID_08322T0_817-968_1W3B:A:	0	0	0	23	0	35	6	26	0	388
ANID_08322T0_406-548_1W3B:A:	0	0	0	23	0	35	6	26	0	388
ANID_08322T0_607-723_1W3B:A:	0	0	0	23	0	35	6	26	0	388
ANID_08322T0_691-811_1W3B:A:	0	0	0	23	0	35	6	26	0	388
ANID_08322T0_987-1104_1W3B:A:	0	0	0	23	0	35	6	26	0	388
ANID_08322T0_522-593_1W3B:A:	0	0	0	23	0	35	6	26	0	388
ANID_08324T0_107-160_1Y5M:A:25-289	4	7	4	10	0	23	10	14	0	265
ANID_08329T0_15-317,549-610_1CF3:A:3-324,A:521-583	17	12	7	11	0	49	28	29	1	385
ANID_08329T0_319-383,418-550_1CF3:A:325-520	4	8	6	6	0	21	11	8	0	196
ANID_08336T0_124-230_1JQB:A:1140-1313	2	7	2	7	0	16	9	10	0	174
ANID_08336T0_21-150_1YB5:A:6-120,A:295-329	2	9	3	2	0	18	11	6	1	150
ANID_08338T0_93-500_1TQN:A:	5	9	7	18	0	43	20	30	0	472
ANID_08340T0_40-234,299-471,517-541_1PV7:A:	0	0	2	22	0	18	12	14	0	417
ANID_08342T0_32-235,273-469_1PW4:A:	2	0	1	18	0	21	18	22	0	450
ANID_08346T0_31-176_1FCD:A:1-114,A:256-327	2	14	1	5	0	23	16	13	1	186
ANID_08346T0_155-292_2IVD:A:10-306,A:415-464	5	15	3	15	0	32	15	21	1	347
ANID_08347T0_31-225,257-478_1PV7:A:	0	0	2	22	0	18	12	14	0	417
ANID_08349T0_1-171,245-333_3C96:A:4-182,A:294-402	1	13	1	8	0	26	14	13	1	288
ANID_08349T0_178-250_3C96:A:183-293	3	5	0	4	0	12	4	7	0	111
ANID_08352T0_99-164_1PW4:A:	2	0	1	18	0	21	18	22	0	450
ANID_08353T0_14-236_2BGK:A:11-278	0	7	5	9	0	26	17	16	0	268
ANID_08357T0_8-58_2EPS:A:408-446	0	2	0	1	0	5	5	1	0	39
ANID_08357T0_70-112_2HAP:C:55-97	0	0	1	2	0	6	3	2	0	43
ANID_08358T0_3-455_3CZH:A:40-502	7	8	4	16	0	42	19	26	0	462
ANID_08359T0_36-303,403-444_1O5W:A:10-298,A:411-520	3	14	5	14	0	38	32	21	1	399
ANID_08363T0_35-511_1QWO:A:	5	10	6	15	0	41	25	28	0	435
ANID_08365T0_67-305_1PV7:A:	0	0	2	22	0	18	12	14	0	417
ANID_08365T0_293-512,557-585_1PV7:A:	0	0	2	22	0	18	12	14	0	417
ANID_08369T0_2381-2650,2693-2738_2IW1:A:2-371	0	15	4	16	0	41	26	17	0	370
ANID_08370T0_85-261,374-479_1FOH:A:1-240,A:342-461	4	15	4	9	0	43	22	18	1	360
ANID_08370T0_264-380_1FOH:A:241-341	0	5	0	1	0	7	4	3	0	101
ANID_08370T0_525-680_1FOH:A:462-662	10	7	3	4	0	22	21	18	0	201
ANID_08373T0_9-74,120-191_2GAN:A:1-182	0	7	4	5	0	20	10	12	0	182
ANID_08379T0_64-308_1W4X:A:10-154,A:390-542	6	10	5	9	0	33	21	19	1	298
ANID_08379T0_222-465_1W4X:A:155-389	3	10	3	7	0	23	20	9	0	235
ANID_08379T0_402-621_1W4X:A:10-154,A:390-542	6	10	5	9	0	33	21	19	1	298
ANID_08383T0_380-742_2IX4:A:31-300	7	8	4	11	0	30	15	18	0	270
ANID_08383T0_2053-2310,2342-2360,2388-2483_1EVQ:A:	0	8	4	9	0	28	16	23	0	308
ANID_08383T0_904-1039,1107-1201_1MLA:A:3-127,A:198-307	2	5	1	12	0	22	14	13	1	235
ANID_08383T0_1872-2105_2AVN:A:1-246	2	10	3	10	0	28	12	9	0	246
ANID_08383T0_1642-1707_1T8K:A:	2	0	1	4	0	8	0	6	0	77
ANID_08383T0_1040-1096_1MLA:A:128-197	0	4	0	2	0	6	5	4	0	70
ANID_08384T0_80-244_1RI5:A:	1	10	1	9	0	22	15	13	0	252
ANID_08397T0_51-162_1JU2:A:294-463	3	9	1	2	0	26	19	6	0	170
ANID_08404T0_13-186_1A44:A:	1	10	3	2	0	25	14	18	0	185
ANID_08409T0_4-169_1YB5:A:6-120,A:295-329	2	9	3	2	0	18	11	6	1	150
ANID_08409T0_121-317_1PQW:A:	0	7	2	7	0	15	7	13	0	183
ANID_08410T0_11-199,301-392_1FOH:A:1-240,A:342-461	4	15	4	9	0	43	22	18	1	360
ANID_08413T0_17-422_1PW4:A:	2	0	1	18	0	21	18	22	0	450
ANID_08414T0_10-54_2HAP:C:55-97	0	0	1	2	0	6	3	2	0	43
ANID_08417T0_3-326_1ERZ:A:	4	14	6	8	0	36	16	16	0	303
ANID_08417T0_531-598_1JFL:A:1-115	1	3	2	5	0	13	8	6	0	115
ANID_08418T0_66-398_2FVK:A:57-440	6	10	6	13	0	37	23	25	0	384
ANID_08418T0_369-490_2FVK:A:2-56,A:441-541	4	11	4	0	0	25	11	9	1	156
ANID_08418T0_22-76_1NFG:A:1-51,A:382-457	2	9	1	0	0	15	9	8	1	127
ANID_08423T0_70-472_1PW4:A:	2	0	1	18	0	21	18	22	0	450
ANID_08426T0_22-61_1D66:A:8-48	0	0	0	2	0	4	1	2	0	41
ANID_08432T0_103-497_2JG0:A:37-547	13	16	6	19	0	52	31	30	0	511
ANID_08434T0_17-158_1N11:A:	0	0	1	24	0	48	15	35	0	408
ANID_08434T0_291-432_1MF7:A:	2	6	4	8	0	15	14	9	0	193
ANID_08436T0_2-123_1W9S:A:	1	11	0	0	0	17	12	6	0	134
ANID_08437T0_69-529_1E9X:A:	5	12	6	18	0	48	21	22	0	449
ANID_08442T0_10-172_1X6M:A:	1	11	5	3	0	24	13	10	0	195
ANID_08444T0_102-360_1QG8:A:	2	9	4	8	0	22	13	12	0	255
ANID_08457T0_5-172,245-333_1ECP:A:	4	10	0	7	0	23	13	12	0	237
ANID_08457T0_556-878_1W3B:A:	0	0	0	23	0	35	6	26	0	388
ANID_08464T0_12-205,235-452_1PV7:A:	0	0	2	22	0	18	12	14	0	417
ANID_08466T0_256-305_1E0G:A:	0	2	1	2	0	8	1	3	0	48
ANID_08466T0_37-83_1Y7M:A:1-48	0	2	0	1	1	9	3	6	0	48
ANID_08466T0_175-224_1Y7M:A:1-48	0	2	0	1	1	9	3	6	0	48
ANID_08466T0_87-134_1E0G:A:	0	2	1	2	0	8	1	3	0	48
ANID_08469T0_39-69_2HAP:C:55-97	0	0	1	2	0	6	3	2	0	43
ANID_08470T0_7-164,278-367_3C96:A:4-182,A:294-402	1	13	1	8	0	26	14	13	1	288
ANID_08470T0_170-284_3C96:A:183-293	3	5	0	4	0	12	4	7	0	111
ANID_08471T0_7-340_1NX4:A:	2	16	0	6	0	31	18	10	0	271
ANID_08472T0_81-335_1UV4:A:3-293	7	20	2	0	0	35	18	20	0	291
ANID_08473T0_7-50_1PYI:A:30-71	0	2	0	2	0	6	1	3	0	42
ANID_08474T0_79-283,327-553_1PV7:A:	0	0	2	22	0	18	12	14	0	417
ANID_08475T0_24-340_1OIH:A:	4	16	1	5	0	32	17	14	0	288
ANID_08481T0_109-358,430-460_1LG2:A:22-266,A:335-386	1	9	6	9	0	32	20	17	1	297
ANID_08481T0_350-421_1LG2:A:267-334	1	6	0	1	0	8	3	7	0	68
ANID_08481T0_65-97_1UHA:A:1-42	3	2	2	1	0	7	4	4	0	42
ANID_08493T0_160-313_1TB3:A:1-349	5	10	4	12	0	38	23	17	0	349
ANID_08494T0_202-327_1KS9:A:168-291	0	0	2	6	0	7	1	7	0	124
ANID_08496T0_48-271_1E4C:P:	3	7	3	6	0	24	7	14	0	206
ANID_08505T0_638-817_1VYH:C:92-408	0	28	1	0	0	39	25	14	0	317
ANID_08505T0_180-466_1Z0J:A:2-168	2	6	2	5	0	14	10	10	0	167
ANID_08506T0_15-52_2HAP:C:55-97	0	0	1	2	0	6	3	2	0	43
ANID_08509T0_45-86_1CLD:A:	0	0	0	2	0	4	2	1	0	33
ANID_08510T0_20-369_3CZH:A:40-502	7	8	4	16	0	42	19	26	0	462
ANID_08511T0_32-329_1EKF:A:	6	19	3	7	0	43	24	20	0	365
ANID_08513T0_18-555_1LCI:A:	7	27	4	15	0	64	28	38	0	541
ANID_08513T0_665-951_1XKT:A:	2	7	3	8	0	30	19	12	0	288
ANID_08513T0_581-662_1DNY:A:	0	0	0	4	0	8	7	2	0	76
ANID_08520T0_135-286_1UIR:A:	1	15	3	10	0	27	16	17	0	312
ANID_08521T0_6-179,295-398_3C96:A:4-182,A:294-402	1	13	1	8	0	26	14	13	1	288
ANID_08524T0_176-236_1JYS:A:	2	10	1	6	0	21	9	12	0	230
ANID_08524T0_335-476_1X6V:A:34-228	0	5	0	6	0	15	9	6	0	195
ANID_08524T0_5-93_1JE0:A:	2	9	2	7	0	21	11	11	0	234
ANID_08527T0_28-228_2FEX:A:1-188	4	9	3	7	0	23	11	14	0	188
ANID_08528T0_7-215,249-360_1CI9:A:	7	15	6	14	0	46	29	29	0	377
ANID_08533T0_11-102,135-188,260-346_1JYS:A:	2	10	1	6	0	21	9	12	0	230
ANID_08535T0_21-68_1CLD:A:	0	0	0	2	0	4	2	1	0	33
ANID_08536T0_294-355_2IUB:A:286-349	0	0	0	2	0	2	2	2	0	64
ANID_08539T0_2-177_1NSL:A:	1	8	3	5	0	10	7	10	0	183
ANID_08549T0_302-370_1UFG:A:	0	11	0	0	0	21	12	5	0	150
ANID_08553T0_41-531_1DGF:A:	9	13	7	14	0	64	39	31	0	497
ANID_08561T0_14-277_1NFF:A:	4	7	6	7	0	23	13	15	0	244
ANID_08562T0_536-623,702-816,887-932_1S70:B:	2	1	1	15	0	32	11	25	0	291
ANID_08562T0_1100-1161,1248-1280,1364-1391,1435-1509,1585-1633_1K1A:A:	2	0	0	13	0	30	9	26	0	228
ANID_08571T0_27-136_1EP7:A:	1	5	0	4	0	8	5	6	0	112
ANID_08579T0_75-323_1GY9:A:	6	15	2	7	0	34	19	14	0	279
ANID_08581T0_153-348_1AOZ:A:130-338	4	11	1	2	0	31	19	15	0	209
ANID_08581T0_29-180_1AOZ:A:1-129	5	8	2	0	0	20	6	10	0	129
ANID_08581T0_356-552_1AOZ:A:339-552	0	13	2	4	0	28	17	12	0	214
ANID_08585T0_21-288_1WMA:A:2-276	2	8	1	11	0	26	15	13	0	275
ANID_08586T0_80-162_1T6C:A:7-132	0	5	0	5	0	9	4	7	0	126
ANID_08590T0_83-123_1CLD:A:	0	0	0	2	0	4	2	1	0	33
ANID_08593T0_64-373_2UZ9:A:76-388	0	10	3	14	0	26	16	19	0	313
ANID_08593T0_340-452_1M7J:A:7-61	2	7	0	0	0	9	5	3	0	55
ANID_08593T0_4-81_1M7J:A:7-61	2	7	0	0	0	9	5	3	0	55
ANID_08595T0_59-498_1PW4:A:	2	0	1	18	0	21	18	22	0	450
ANID_08603T0_34-297_1I01:A:	2	7	3	9	0	21	12	12	0	241
ANID_08608T0_5-189_1B65:A:	6	15	8	10	0	45	20	18	0	367
ANID_08610T0_68-513_1PV7:A:	0	0	2	22	0	18	12	14	0	417
ANID_08611T0_14-160,227-318_1JYS:A:	2	10	1	6	0	21	9	12	0	230
ANID_08614T0_41-132_2F4P:A:2-135	2	12	2	1	0	21	5	9	0	134
ANID_08616T0_112-329_1EJ0:A:	0	7	0	5	0	17	8	9	0	180
ANID_08620T0_118-398_1V25:A:	8	24	4	16	0	59	31	33	0	534
ANID_08621T0_48-498_1PV7:A:	0	0	2	22	0	18	12	14	0	417
ANID_08636T0_24-69_1CLD:A:	0	0	0	2	0	4	2	1	0	33
ANID_08642T0_19-172_1YDW:A:6-133,A:305-360	0	7	2	7	0	18	5	9	1	184
ANID_08642T0_149-307_1OFG:A:161-322	0	8	1	5	0	16	15	8	0	162
ANID_08646T0_109-223_1QOR:A:2-112,A:292-327	4	9	4	2	0	19	11	6	1	147
ANID_08653T0_208-620_1OCK:A:	6	11	6	13	0	38	21	23	0	412
ANID_08654T0_434-751_1PJ5:A:428-742	6	13	5	9	0	30	18	26	0	315
ANID_08654T0_9-223,345-429_1PJ5:A:4-219,A:339-427	2	17	6	8	0	32	16	16	1	305
ANID_08654T0_223-344_1PJ5:A:220-338	3	6	5	1	0	14	7	6	0	119
ANID_08654T0_759-844_1PJ5:A:743-830	0	7	0	0	0	10	6	8	0	88
ANID_08657T0_6-236,349-403_1EL5:A:1-217,A:322-385	0	16	6	7	0	31	12	17	1	281
ANID_08657T0_234-349_1EL5:A:218-321	2	6	2	2	0	13	4	6	0	104
ANID_08660T0_2-273_1W4X:A:10-154,A:390-542	6	10	5	9	0	33	21	19	1	298
ANID_08662T0_54-317_2ICH:A:24-351	2	23	2	0	0	34	18	20	0	328
ANID_08666T0_32-77_1ZME:C:31-66	0	0	0	2	0	4	1	2	0	36
ANID_08671T0_1290-1428,1462-1808_1SXJ:C:12-238	3	5	3	12	0	22	13	12	0	227
ANID_08671T0_1920-1957_1ESK:A:	2	0	0	0	0	11	5	4	0	42
ANID_08679T0_31-154_1LTX:R:2-444,R:558-614	6	16	9	11	0	37	21	21	1	500
ANID_08679T0_166-273_1UKV:G:302-399	0	5	2	2	0	11	8	7	0	98
ANID_08684T0_81-270_2B5G:A:3-169	0	7	3	6	0	14	4	7	0	168
ANID_08694T0_151-198_1CLD:A:	0	0	0	2	0	4	2	1	0	33
ANID_08707T0_72-528_1YFM:A:	4	8	6	16	1	38	15	23	0	459
ANID_08713T0_711-799,839-878_2BGW:A:16-148	0	6	1	5	0	8	10	4	0	133
ANID_08713T0_912-977_1Z00:B:823-905	1	0	1	6	0	9	8	4	0	83
ANID_08716T0_6-170,281-393_3C96:A:4-182,A:294-402	1	13	1	8	0	26	14	13	1	288
ANID_08718T0_204-313_1KS9:A:168-291	0	0	2	6	0	7	1	7	0	124
ANID_08722T0_128-414_1T6N:A:	0	7	0	9	0	22	16	12	0	207
ANID_08733T0_14-326_1PYF:A:	6	11	6	11	0	33	19	21	0	311
ANID_08742T0_119-317,379-438_1W1W:A:	2	14	3	8	0	28	15	19	0	427
ANID_08749T0_199-309_1Q9J:A:181-418	4	7	1	5	0	21	13	10	0	238
ANID_08751T0_235-400,443-591_1APM:E:	5	9	4	11	0	36	21	20	0	341
ANID_08753T0_53-89_1CLD:A:	0	0	0	2	0	4	2	1	0	33
ANID_08757T0_65-285_1W4X:A:10-154,A:390-542	6	10	5	9	0	33	21	19	1	298
ANID_08757T0_308-532_1W4X:A:10-154,A:390-542	6	10	5	9	0	33	21	19	1	298
ANID_08764T0_94-321_2PW6:A:14-271	1	10	3	7	0	26	19	11	0	258
ANID_08767T0_503-836_1N11:A:	0	0	1	24	0	48	15	35	0	408
ANID_08767T0_235-594_1N11:A:	0	0	1	24	0	48	15	35	0	408
ANID_08767T0_16-265_1N11:A:	0	0	1	24	0	48	15	35	0	408
ANID_08768T0_39-424_1PW4:A:	2	0	1	18	0	21	18	22	0	450
ANID_08772T0_24-81_1GD2:G:	0	0	0	1	0	3	1	0	0	69
ANID_08785T0_345-631_1OKC:A:	0	0	6	11	0	19	10	9	0	292
ANID_08785T0_57-230_1MXE:A:	0	4	0	8	0	14	5	6	0	144
ANID_08787T0_1-278,348-941_1WA5:C:	8	0	17	50	0	66	46	42	0	959
ANID_08794T0_100-249_1JFZ:A:	2	0	1	7	0	12	8	9	0	148
ANID_08799T0_14-73,120-350,386-441_1YB2:A:6-255	0	14	4	5	0	25	13	12	0	250
ANID_08800T0_25-104,236-480_1LI5:A:1-315	10	12	4	9	0	33	15	16	0	315
ANID_08800T0_511-616,670-696_1U0B:B:316-461	1	2	0	8	0	14	6	10	0	146
ANID_08801T0_30-289_1JR1:A:17-112,A:233-514	9	15	3	12	0	48	29	18	1	378
ANID_08805T0_58-149_1DCQ:A:369-522	2	0	0	8	0	17	7	13	0	154
ANID_08806T0_68-195,245-328_2BO4:A:2-382	0	8	4	17	0	37	18	18	0	381
ANID_08812T0_472-664_3DHW:C:1-240	3	10	1	7	0	21	17	12	0	240
ANID_08812T0_1236-1450_1G29:1:1-240	1	11	4	8	0	20	15	14	0	240
ANID_08814T0_55-507_1PV7:A:	0	0	2	22	0	18	12	14	0	417
ANID_08820T0_35-518_1AUI:A:	6	14	3	13	0	41	29	19	0	473
ANID_08825T0_150-361_1MVH:A:	5	15	3	2	0	50	27	17	0	269
ANID_08825T0_612-646_1O6W:A:30-75	0	3	0	1	0	4	1	3	0	46
ANID_08831T0_20-234_1URU:A:	2	0	0	4	0	8	3	8	0	217
ANID_08833T0_94-283_1XXL:A:	5	8	2	9	0	23	10	12	0	238
ANID_08836T0_541-827_1F3M:C:	1	10	4	11	0	33	20	20	0	294
ANID_08836T0_69-200_1EAZ:A:	0	7	1	2	0	13	8	5	0	104
ANID_08853T0_9-143_1DT9:A:5-142	0	4	1	4	0	16	5	7	0	138
ANID_08853T0_279-422_1DT9:A:277-422	3	4	0	4	0	12	10	4	0	146
ANID_08853T0_145-277_1DT9:A:143-276	0	5	0	4	0	15	13	7	0	134
ANID_08859T0_27-331_2HMF:A:2-303	2	12	2	10	0	29	13	19	0	302
ANID_08859T0_448-501_2HMF:A:404-470	0	3	1	2	0	5	2	4	0	67
ANID_08859T0_361-419_2J0W:A:295-385	0	4	0	2	0	9	8	3	0	91
ANID_08864T0_300-394,520-617,1058-1269_1SU4:A:1-124,A:240-343,A:751-994	1	1	8	18	0	32	20	22	2	472
ANID_08864T0_619-634,804-893,972-1059_1SU4:A:344-360,A:600-750	3	8	1	8	0	16	12	11	1	168
ANID_08864T0_395-522_1SU4:A:125-239	2	9	3	0	0	21	10	7	0	115
ANID_08864T0_629-713,749-857_1SU4:A:361-599	0	13	3	7	0	21	11	13	0	239
ANID_08869T0_40-244_1BD3:A:	2	12	3	7	0	27	10	12	0	224
ANID_08872T0_93-145,182-729_2A3L:A:212-839	5	9	4	24	0	60	44	31	0	628
ANID_08877T0_3-182_2BNX:A:133-475	0	0	1	17	0	20	13	25	0	343
ANID_08889T0_21-468_1PV7:A:	0	0	2	22	0	18	12	14	0	417
ANID_08892T0_133-360_1MT0:A:	2	10	3	10	0	20	20	20	0	241
ANID_08892T0_830-1039_1MV5:A:	2	12	1	8	1	29	24	14	0	242
ANID_08894T0_10-54_2HAP:C:55-97	0	0	1	2	0	6	3	2	0	43
ANID_08897T0_101-341_1LZL:A:	0	8	3	10	0	32	18	24	0	317
ANID_08899T0_15-346_1RQX:A:	2	10	6	11	0	31	17	22	0	338
ANID_08916T0_79-111_2HAP:C:55-97	0	0	1	2	0	6	3	2	0	43
ANID_08920T0_324-462_1I7P:A:154-300	0	8	4	5	0	14	9	7	0	147
ANID_08920T0_226-335_1NDH:A:3-125	2	7	0	1	0	17	9	9	0	123
ANID_08920T0_2-92_1AWP:A:	1	5	1	4	0	11	4	8	0	86
ANID_08930T0_20-65_1ZME:C:31-66	0	0	0	2	0	4	1	2	0	36
ANID_08933T0_179-297_1C8U:A:116-286	0	7	1	3	0	17	13	11	0	171
ANID_08933T0_11-93_1TBU:A:13-116	0	6	0	1	0	11	7	4	0	104
ANID_08935T0_34-358_1TRK:A:3-337	2	7	3	13	0	32	17	26	0	335
ANID_08935T0_388-576_1TRK:A:338-534	2	8	4	7	0	26	13	13	0	197
ANID_08935T0_581-718_1R9J:A:527-669	0	5	2	7	0	22	14	9	0	143
ANID_08937T0_30-275_1H5Q:A:	2	10	7	8	0	25	12	15	0	260
ANID_08941T0_240-260,383-617_1SU4:A:344-360,A:600-750	3	8	1	8	0	16	12	11	1	168
ANID_08941T0_9-48,136-236,601-675_1SU4:A:1-124,A:240-343,A:751-994	1	1	8	18	0	32	20	22	2	472
ANID_08941T0_47-151_1SU4:A:125-239	2	9	3	0	0	21	10	7	0	115
ANID_08942T0_191-258_1Z9H:A:213-373	2	0	1	9	0	9	9	6	0	161
ANID_08942T0_21-104_1E6B:A:8-87	0	4	1	3	0	9	4	5	0	80
ANID_08944T0_110-270_1LCI:A:	7	27	4	15	0	64	28	38	0	541
ANID_08945T0_55-330_1T43:A:	2	9	3	11	0	29	18	14	0	274
ANID_08947T0_148-434_1EQC:A:	4	8	10	10	0	47	30	30	0	394
ANID_08949T0_107-186_1D5V:A:	1	2	0	4	0	14	9	5	0	94
ANID_08955T0_27-458_1PW4:A:	2	0	1	18	0	21	18	22	0	450
ANID_08957T0_1225-1346,1419-1548_2HYD:A:324-578	2	10	5	9	0	25	21	16	0	255
ANID_08957T0_613-859_1R0W:A:	0	11	2	12	1	27	19	16	0	281
ANID_08957T0_932-1237_1PF4:A:10-320	0	0	9	16	0	12	11	14	0	310
ANID_08957T0_266-364,394-595_1PF4:A:10-320	0	0	9	16	0	12	11	14	0	310
ANID_08964T0_4-208_1DIQ:A:7-242	4	11	2	6	0	33	17	19	0	236
ANID_08966T0_25-447,534-614_2A65:A:5-513	2	2	0	28	0	21	17	29	0	509
ANID_08972T0_23-230,258-479_1PV7:A:	0	0	2	22	0	18	12	14	0	417
ANID_08973T0_69-106_2HAP:C:55-97	0	0	1	2	0	6	3	2	0	43
ANID_08983T0_40-234,315-540_1PV7:A:	0	0	2	22	0	18	12	14	0	417
ANID_08985T0_9-427_1AD3:A:	0	19	7	14	0	42	30	22	0	446
ANID_08988T0_1-339_1KEP:A:	5	13	5	13	0	38	16	20	0	346
ANID_08997T0_134-210,249-281_1KT1:A:254-421	0	0	1	7	0	12	3	7	0	168
ANID_08999T0_46-327_1N11:A:	0	0	1	24	0	48	15	35	0	408
ANID_08999T0_529-638_1HJX:A:22-260,A:329-383	1	9	6	9	0	34	23	12	1	294
ANID_09000T0_32-468_1PW4:A:	2	0	1	18	0	21	18	22	0	450
ANID_09003T0_695-1029_1N11:A:	0	0	1	24	0	48	15	35	0	408
ANID_09003T0_1093-1274_1UOH:A:	0	0	1	14	0	27	7	20	0	223
ANID_09003T0_359-424_1TOT:A:1-52	1	5	0	1	0	8	5	1	0	52
ANID_09003T0_200-359_1GVN:B:	0	6	1	11	0	24	8	17	0	273
ANID_09005T0_60-425,456-476_1DD8:A:254-406	3	7	2	4	0	19	8	6	0	153
ANID_09005T0_573-703,766-865_1MLA:A:3-127,A:198-307	2	5	1	12	0	22	14	13	1	235
ANID_09005T0_1893-2052_1PQW:A:	0	7	2	7	0	15	7	13	0	183
ANID_09005T0_2128-2322_2FR1:A:1657-1915	2	9	2	10	0	25	12	17	0	259
ANID_09005T0_1790-1921_1QOR:A:2-112,A:292-327	4	9	4	2	0	19	11	6	1	147
ANID_09005T0_1405-1578_1XXL:A:	5	8	2	9	0	23	10	12	0	238
ANID_09005T0_701-765_1MLA:A:128-197	0	4	0	2	0	6	5	4	0	70
ANID_09005T0_2436-2499_2PNG:A:1-76	0	0	1	5	0	12	9	8	0	89
ANID_09007T0_47-528_1TQN:A:	5	9	7	18	0	43	20	30	0	472
ANID_09013T0_2-43_1PYI:A:30-71	0	2	0	2	0	6	1	3	0	42
ANID_09014T0_12-354_1GOX:A:	4	12	5	13	0	39	21	21	0	359
ANID_09023T0_268-343_1KRH:A:106-205	0	6	0	1	0	15	6	7	0	100
ANID_09023T0_352-426_1EP3:B:103-262	3	9	2	4	0	14	11	11	0	160
ANID_09047T0_11-46_2HAP:C:55-97	0	0	1	2	0	6	3	2	0	43
ANID_09060T0_21-108_1XBL:A:	0	0	0	3	0	7	3	6	0	75
ANID_09060T0_300-355_1ZR9:A:28-94	0	2	1	2	0	10	9	4	0	67
ANID_09065T0_151-185_2FV6:A:503-544	0	0	0	2	0	8	7	1	0	42
ANID_09072T0_27-154,206-255_2BME:A:6-179	0	6	2	6	0	15	11	11	0	176
ANID_09081T0_41-553_1LCI:A:	7	27	4	15	0	64	28	38	0	541
ANID_09093T0_140-189_1F6U:A:	2	2	3	0	0	10	5	3	0	55
ANID_09093T0_44-92_1F6U:A:	2	2	3	0	0	10	5	3	0	55
ANID_09093T0_4-44_1AAF:A:	0	0	2	0	0	11	7	2	0	55
ANID_09096T0_57-82_2HAP:C:55-97	0	0	1	2	0	6	3	2	0	43
ANID_09098T0_150-268_1G6Q:1:	7	15	2	8	0	32	15	22	0	328
ANID_09106T0_66-322_4LIP:D:	4	11	2	11	0	29	17	24	0	319
ANID_09107T0_16-61_1L2P:A:	0	0	0	1	0	2	0	1	0	61
ANID_09108T0_32-448_2D0T:A:12-403	6	4	5	19	0	33	22	25	0	392
ANID_09115T0_18-206_1A0D:A:	5	14	5	16	0	41	24	25	0	437
ANID_09116T0_157-293,346-470_1VLP:A:150-415	4	10	1	12	0	29	14	17	0	266
ANID_09116T0_8-153_1VLP:A:1-149	2	3	1	7	0	12	6	8	0	149
ANID_09129T0_25-505_1AMU:A:	4	26	5	15	0	55	36	34	0	514
ANID_09138T0_21-559_1MT5:A:	4	11	7	22	0	56	40	33	0	537
ANID_09149T0_1103-1238_1DQV:A:295-424	1	8	2	0	0	20	13	4	0	130
ANID_09149T0_455-583_1DSY:A:	1	9	1	2	0	19	9	5	0	137
ANID_09149T0_736-869_2EP6:A:92-217	2	9	1	0	0	17	11	4	0	126
ANID_09149T0_599-723_1DSY:A:	1	9	1	2	0	19	9	5	0	137
ANID_09149T0_1363-1456_1UGK:A:	3	8	2	0	0	16	7	6	0	137
ANID_09156T0_299-603_2DNJ:A:	6	12	2	8	0	28	14	12	0	260
ANID_09159T0_3-233_1HKH:A:	8	8	1	13	0	23	13	22	0	279
ANID_09161T0_17-187,294-411_3C96:A:4-182,A:294-402	1	13	1	8	0	26	14	13	1	288
ANID_09161T0_194-296_3C96:A:183-293	3	5	0	4	0	12	4	7	0	111
ANID_09162T0_3-255_2C12:A:2-260	5	7	7	8	0	27	16	17	0	259
ANID_09162T0_258-420_2C12:A:261-430	1	0	2	6	0	8	6	10	0	171
ANID_09168T0_11-472_1PV7:A:	0	0	2	22	0	18	12	14	0	417
ANID_09171T0_26-394_2JBW:A:8-367	0	9	6	13	0	33	19	23	0	358
ANID_09173T0_13-205,237-467_1PV7:A:	0	0	2	22	0	18	12	14	0	417
ANID_09177T0_7-397_1ICP:A:	1	15	7	10	0	42	27	19	0	364
ANID_09178T0_715-1349_1FO4:A:695-1332	13	18	6	17	0	71	45	32	0	638
ANID_09178T0_226-443_1FO4:A:192-414	2	9	6	8	0	31	15	14	0	223
ANID_09178T0_571-716_1FO4:A:537-694	1	9	4	2	0	21	14	11	0	158
ANID_09178T0_450-564_1FO4:A:415-531	2	4	0	3	0	9	6	7	0	117
ANID_09178T0_75-151_1FO4:A:93-165	0	0	1	4	0	9	6	2	0	73
ANID_09178T0_10-69_1FO4:A:3-92	2	5	2	1	0	12	4	10	0	90
ANID_09181T0_7-51,80-299_1QYC:A:	1	13	4	12	0	30	15	23	0	307
ANID_09183T0_132-592_1WCG:A:3-464	5	13	5	17	0	45	29	23	0	462
ANID_09186T0_185-229,286-400,436-595_4KBP:A:121-432	5	15	5	6	0	41	25	21	0	312
ANID_09186T0_51-177_1XZW:A:1-119	1	10	2	1	0	17	3	6	0	119
ANID_09189T0_29-181,228-444_2SQC:A:8-36,A:308-630	5	3	4	12	0	37	22	24	1	352
ANID_09198T0_5-476_1WND:A:	8	21	3	16	0	44	25	26	0	474
ANID_09203T0_199-243,414-527_1UFO:A:	0	8	4	6	0	21	10	17	0	238
ANID_09213T0_232-268,313-462_1JRL:A:	2	5	4	7	0	18	5	9	0	179
ANID_09213T0_663-763_1FNH:A:93-182	0	8	0	0	0	11	5	3	0	90
ANID_09213T0_567-649_1X5Z:A:8-109	2	10	0	0	0	16	6	1	0	102
ANID_09221T0_262-307_1D66:A:8-48	0	0	0	2	0	4	1	2	0	41
ANID_09224T0_6-186,312-413_2GVC:A:3-180,A:288-444	5	14	3	8	0	38	25	20	1	335
ANID_09225T0_43-457_1DT6:A:	6	6	3	14	0	50	32	19	0	472
ANID_09226T0_201-756_1AMU:A:	4	26	5	15	0	55	36	34	0	514
ANID_09226T0_1295-1760,2169-2219_1AMU:A:	4	26	5	15	0	55	36	34	0	514
ANID_09226T0_847-1020_1L5A:A:1-174	1	6	2	5	0	15	9	11	0	174
ANID_09226T0_1028-1273_1XL7:A:393-610	1	6	1	6	0	16	7	12	0	218
ANID_09226T0_2344-2518_1Q9J:A:1-175	1	7	2	4	0	16	9	4	0	175
ANID_09226T0_2506-2747_1L5A:A:175-424	4	7	2	7	0	24	11	13	0	250
ANID_09226T0_2239-2308_1DNY:A:	0	0	0	4	0	8	7	2	0	76
ANID_09226T0_1775-1953_1VLM:A:	2	8	2	8	0	22	11	13	0	218
ANID_09226T0_738-810_1DNY:A:	0	0	0	4	0	8	7	2	0	76
ANID_09227T0_28-247_2A1X:A:43-338	5	15	4	5	0	35	14	11	0	296
ANID_09230T0_4-172,243-345_3C96:A:4-182,A:294-402	1	13	1	8	0	26	14	13	1	288
ANID_09232T0_11-257_1JA9:A:	2	7	5	9	0	22	13	15	0	259
ANID_09233T0_114-325_1KYW:A:120-362	2	7	1	11	0	24	14	14	0	243
ANID_09234T0_63-361_2ICH:A:24-351	2	23	2	0	0	34	18	20	0	328
ANID_09235T0_16-197_1IM5:A:	6	6	4	4	0	22	12	14	0	179
ANID_09241T0_150-343,372-483_1OXW:A:	8	8	9	12	0	35	16	21	0	360
ANID_09243T0_502-910_1AMU:A:	4	26	5	15	0	55	36	34	0	514
ANID_09243T0_42-195_1B5S:A:	2	9	4	6	0	29	13	11	0	242
ANID_09243T0_233-330_1Q9J:A:1-175	1	7	2	4	0	16	9	4	0	175
ANID_09243T0_332-505_1L5A:A:1-174	1	6	2	5	0	15	9	11	0	174
ANID_09243T0_2-35_1L5A:A:1-174	1	6	2	5	0	15	9	11	0	174
ANID_09245T0_309-342,399-514_1DD8:A:254-406	3	7	2	4	0	19	8	6	0	153
ANID_09245T0_140-287_1TQY:A:219-423	5	7	2	5	0	21	7	8	0	166
ANID_09247T0_1-129_1M98:A:176-317	3	6	4	3	0	15	4	7	0	141
ANID_09251T0_145-497_1TQN:A:	5	9	7	18	0	43	20	30	0	472
ANID_09253T0_146-494_1TQN:A:	5	9	7	18	0	43	20	30	0	472
ANID_09260T0_634-873_1TYE:A:	12	36	2	4	0	66	33	39	0	452
ANID_09260T0_53-262_1FXW:F:	4	5	3	7	0	21	13	10	0	212
ANID_09260T0_328-542_1JV2:A:1-438	9	35	2	3	0	69	38	34	0	438
ANID_09268T0_14-164_1S9A:A:	5	12	1	5	0	33	15	18	0	256
ANID_09276T0_60-398_1QNR:A:	4	16	3	11	0	38	22	25	0	344
ANID_09276T0_20-45_1AZK:A:	0	3	0	0	0	8	5	2	0	36
ANID_09277T0_146-237,278-542_1K87:A:262-612	3	8	7	14	0	31	17	23	0	351
ANID_09287T0_224-430_1YZF:A:1-195	6	5	4	7	0	20	8	11	0	195
ANID_09294T0_30-465_1PW4:A:	2	0	1	18	0	21	18	22	0	450
ANID_09307T0_3-188_1ORU:A:	2	12	2	3	0	22	16	15	0	182
ANID_09311T0_16-234_1Y63:A:	0	5	2	7	0	14	11	7	0	174
ANID_09314T0_72-120,223-554_2SQC:A:8-36,A:308-630	5	3	4	12	0	37	22	24	1	352
ANID_09316T0_60-214,255-469,516-547_1PV7:A:	0	0	2	22	0	18	12	14	0	417
ANID_09317T0_99-214_1CT9:A:193-516	0	5	6	17	0	28	12	15	0	324
ANID_09318T0_109-366_1C3B:A:	5	16	6	13	0	36	19	22	0	358
ANID_09323T0_186-252_1P22:A:135-252	0	0	2	7	0	7	4	6	0	114
ANID_09330T0_57-306_1LZL:A:	0	8	3	10	0	32	18	24	0	317
ANID_09332T0_2-275_1K6X:A:	2	13	3	12	0	37	26	20	0	350
ANID_09336T0_31-469_1PW4:A:	2	0	1	18	0	21	18	22	0	450
ANID_09338T0_13-134_1PF5:A:	2	6	2	2	0	15	10	6	0	130
ANID_09344T0_824-1043_1MT0:A:	2	10	3	10	0	20	20	20	0	241
ANID_09344T0_141-375_3D31:A:1-229	0	10	1	9	0	26	15	14	0	229
ANID_09345T0_37-407_1OYB:A:	6	12	6	13	0	45	27	29	0	399
ANID_09347T0_3-239_1JTV:A:	2	7	4	11	0	26	15	16	0	285
ANID_09351T0_13-143_3EJV:A:2-160	0	6	1	3	0	10	4	7	0	159
ANID_09370T0_33-216,273-480_1PW4:A:	2	0	1	18	0	21	18	22	0	450
ANID_09373T0_26-71_1CLD:A:	0	0	0	2	0	4	2	1	0	33
ANID_09382T0_54-174,212-356,395-412_1PV7:A:	0	0	2	22	0	18	12	14	0	417
ANID_09390T0_127-377,449-479_1ITX:A:33-337,A:410-451	4	11	6	11	0	42	24	21	1	347
ANID_09390T0_369-440_1HJX:A:261-328	1	6	0	1	0	6	2	6	0	68
ANID_09390T0_88-117_1ULK:A:1-42	3	2	2	1	0	7	4	4	0	42
ANID_09392T0_26-460_1PW4:A:	2	0	1	18	0	21	18	22	0	450
ANID_09394T0_67-377_1M3E:A:1-250	5	14	3	7	0	31	14	16	0	250
ANID_09394T0_333-505_1M3E:A:260-481	5	15	3	5	0	31	18	16	0	222
ANID_09397T0_78-136_1DH3:A:	0	0	0	1	0	1	1	2	0	54
ANID_09400T0_52-541_2GI3:A:1-475	12	11	5	13	0	42	26	30	0	475
ANID_09402T0_30-338_3C9F:A:16-337	3	14	3	10	0	34	23	18	0	322
ANID_09402T0_345-602_3C9F:A:338-561	7	9	4	5	0	23	13	9	0	223
ANID_09412T0_158-225_1IK9:A:118-211	0	8	1	2	0	10	4	3	0	117
ANID_09424T0_9-103_1PUC:A:	2	4	1	4	0	13	4	6	0	101
ANID_09425T0_5-251_1DXE:A:	0	8	1	12	0	24	18	17	0	253
ANID_09426T0_5-133,246-335_1JYS:A:	2	10	1	6	0	21	9	12	0	230
ANID_09426T0_341-579_1KSF:X:168-436	0	5	1	10	1	25	19	11	0	269
ANID_09426T0_903-1145_1W3B:A:	0	0	0	23	0	35	6	26	0	388
ANID_09426T0_736-851_1W3B:A:	0	0	0	23	0	35	6	26	0	388
ANID_09437T0_54-186,216-283,687-697,739-805,888-925,1063-1151,1179-1237_2NSZ:A:322-450	0	0	1	7	0	10	4	6	0	129
ANID_09442T0_33-100,130-241_1ESD:A:	4	9	7	8	0	34	21	22	0	302
ANID_09443T0_7-317_1ONR:A:	4	8	4	14	0	25	15	11	0	316
ANID_09445T0_148-198_1WRB:A:164-401	2	8	2	8	0	26	18	9	0	238
ANID_09448T0_195-257,296-365,566-672_1GXR:A:	2	31	0	0	0	37	29	20	0	336
ANID_09456T0_55-239_1PW4:A:	2	0	1	18	0	21	18	22	0	450
ANID_09461T0_13-163_1GKZ:A:38-185	0	2	0	6	0	7	8	7	0	148
ANID_09461T0_193-392_1GKZ:A:186-378	0	8	0	3	0	16	9	10	0	193
ANID_09467T0_175-554_2NPP:B:28-415	0	0	6	18	0	30	22	21	0	388
ANID_09472T0_4-149,197-338,373-425_1PV7:A:	0	0	2	22	0	18	12	14	0	417
ANID_09484T0_236-555_2ICH:A:24-351	2	23	2	0	0	34	18	20	0	328
ANID_09488T0_7-167_1IG3:A:10-178	4	8	0	0	0	11	8	2	0	85
ANID_09488T0_172-279_1IG3:A:179-263	4	8	0	0	0	11	8	2	0	85
ANID_09492T0_51-101_2ADR:A:102-130	2	0	0	1	0	5	2	2	0	29
ANID_09493T0_1-91,134-204_1Z4E:A:4-153	0	6	2	5	0	11	5	10	0	150
ANID_09494T0_14-165_1PV7:A:	0	0	2	22	0	18	12	14	0	417
ANID_09495T0_5-67_1IUF:A:2-75	0	0	0	3	0	6	7	2	0	75
ANID_09495T0_75-139_1IUF:A:76-141	0	0	0	3	0	8	6	3	0	66
ANID_09499T0_5-269_1GP6:A:	3	14	6	11	0	40	23	16	0	350
ANID_09500T0_177-281_1W98:B:88-227	1	0	2	6	0	12	5	6	0	140
ANID_09509T0_2-40_1H1J:S:	0	0	1	2	0	4	3	1	0	44
ANID_09511T0_15-199_1L3I:A:	1	8	1	6	0	16	9	11	0	186
ANID_09515T0_121-205_1XTE:A:	0	3	2	4	0	9	3	6	0	116
ANID_09520T0_56-174,211-459_2C7F:A:17-386	8	10	4	11	0	40	23	25	0	370
ANID_09531T0_4-295_1K6X:A:	2	13	3	12	0	37	26	20	0	350
ANID_09538T0_43-69_2ADR:A:131-161	0	2	0	1	0	4	4	2	0	31
ANID_10017T0_24-348,424-456_2OVR:B:2365-2706	0	32	2	1	0	36	24	21	0	342
ANID_10019T0_384-621,712-771_1IA8:A:	5	12	5	7	0	36	16	18	0	275
ANID_10021T0_69-153_1RI7:A:25-84	0	0	1	3	0	5	3	3	0	60
ANID_10024T0_1-197,317-434_3C96:A:4-182,A:294-402	1	13	1	8	0	26	14	13	1	288
ANID_10028T0_40-506_1TQN:A:	5	9	7	18	0	43	20	30	0	472
ANID_10035T0_67-577_1T5H:X:	5	27	4	15	0	56	23	34	0	503
ANID_10036T0_84-394,436-554_1PV7:A:	0	0	2	22	0	18	12	14	0	417
ANID_10038T0_74-207_1NHY:A:76-219	0	0	2	7	0	12	5	9	0	144
ANID_10038T0_1-78_1NHY:A:1-75	0	4	2	3	0	11	3	3	0	75
ANID_10041T0_90-291_1GA8:A:	1	9	6	12	0	34	23	21	0	282
ANID_10043T0_120-359_1Z63:A:432-661	0	7	2	11	0	24	16	18	0	230
ANID_10043T0_365-404,436-650_1Z3I:X:390-735	0	10	6	11	0	41	29	23	0	346
ANID_10049T0_5-151_3STD:A:	0	8	0	6	0	7	4	9	0	162
ANID_10057T0_96-237_1QNX:A:	2	5	4	5	0	25	15	9	0	208
ANID_10063T0_204-350,502-651_1WP9:A:201-486	0	6	1	11	0	23	15	14	0	286
ANID_10064T0_129-391_1A6Q:A:2-296	3	15	2	7	0	26	16	16	0	295
ANID_10068T0_97-149_1FBV:A:356-434	2	2	0	2	0	11	6	5	0	79
ANID_10073T0_3-44_1FQV:A:107-145	0	0	0	3	0	4	4	4	0	39
ANID_10075T0_38-493_1PW4:A:	2	0	1	18	0	21	18	22	0	450
ANID_10077T0_378-554_1TA0:A:	2	9	6	4	0	24	13	9	0	196
ANID_10079T0_401-703,768-855_4UBP:C:132-434,C:484-570	6	12	3	15	0	40	24	30	1	390
ANID_10079T0_271-449_4UBP:C:1-131,C:435-483	6	12	2	1	0	28	11	16	1	180
ANID_10079T0_137-265_1E9Y:A:106-238	0	10	2	1	0	23	11	11	0	133
ANID_10079T0_1-105_1EJR:A:	2	2	2	4	0	8	3	4	0	100
ANID_10079T0_681-750_1E9Y:B:1-131,B:432-480	4	13	2	1	0	28	11	15	1	180
ANID_10082T0_52-237,279-403,444-499_1HOW:A:	5	10	4	11	0	39	18	24	0	362
ANID_10083T0_4-49_1PYI:A:30-71	0	2	0	2	0	6	1	3	0	42
ANID_10084T0_407-598_1FOH:A:462-662	10	7	3	4	0	22	21	18	0	201
ANID_10084T0_7-194,287-379_1FOH:A:1-240,A:342-461	4	15	4	9	0	43	22	18	1	360
ANID_10084T0_197-293_1FOH:A:241-341	0	5	0	1	0	7	4	3	0	101
ANID_10087T0_1-126_1AXC:A:1-126	0	10	1	2	0	11	7	6	0	126
ANID_10087T0_128-255_1AXC:A:127-255	1	10	1	2	0	12	6	5	0	129
ANID_10088T0_55-341_1O6V:A:33-416	1	19	16	2	0	68	27	29	0	381
ANID_10097T0_10-410_1U7G:A:	2	2	6	15	0	21	14	16	0	383
ANID_10099T0_37-133_1VL7:A:	0	6	2	4	0	15	7	6	0	135
ANID_10100T0_320-385_2CT7:A:8-80	1	4	0	1	0	15	9	2	0	73
ANID_10100T0_505-531_1WD2:A:	0	0	2	0	0	10	10	2	0	59
ANID_10100T0_241-330_1CHC:A:	0	3	0	1	0	9	8	3	0	68
ANID_10105T0_29-74_1CLD:A:	0	0	0	2	0	4	2	1	0	33
ANID_10115T0_135-361,415-649_1PW4:A:	2	0	1	18	0	21	18	22	0	450
ANID_10116T0_84-104,203-286_1H4I:A:	12	38	11	5	0	80	39	44	0	595
ANID_10117T0_6-56_1FQV:A:107-145	0	0	0	3	0	4	4	4	0	39
ANID_10120T0_25-75_1PYI:A:30-71	0	2	0	2	0	6	1	3	0	42
ANID_10126T0_199-323_1KS9:A:168-291	0	0	2	6	0	7	1	7	0	124
ANID_10126T0_7-137_1CYD:A:	4	7	5	9	0	20	11	16	0	242
ANID_10128T0_29-71_1ZME:C:31-66	0	0	0	2	0	4	1	2	0	36
ANID_10132T0_51-123_1HLO:A:	0	0	1	4	0	4	2	2	0	80
ANID_10134T0_170-316_1T43:A:	2	9	3	11	0	29	18	14	0	274
ANID_10140T0_425-775_2BNH:A:	5	17	2	16	0	59	26	25	0	456
ANID_10147T0_33-384_1IDK:A:	7	28	5	4	0	54	34	19	0	359
ANID_10148T0_174-292_1RL1:A:	2	7	2	0	0	13	8	2	0	92
ANID_10152T0_76-390_1PW4:A:	2	0	1	18	0	21	18	22	0	450
ANID_10153T0_1041-1190,1222-1350_1F3M:C:	1	10	4	11	0	33	20	20	0	294
ANID_10156T0_29-182,219-417_1NW1:A:	0	14	8	13	0	38	16	17	0	395
ANID_10158T0_61-122,151-236_2HLJ:A:1-156	5	5	1	2	0	13	7	6	0	156
ANID_10164T0_173-284_1X5S:A:8-97	0	4	0	2	0	11	8	3	0	89
ANID_10164T0_69-171_1D8Z:A:	0	5	0	2	0	10	8	2	0	89
ANID_10164T0_288-406_1X4G:A:8-103	0	6	0	3	0	12	8	3	0	96
ANID_10167T0_1-276_2GVC:A:3-180,A:288-444	5	14	3	8	0	38	25	20	1	335
ANID_10167T0_201-321,366-431_1XHC:A:104-225	1	10	1	3	0	13	8	5	0	122
ANID_10194T0_1066-1236_2Q0Z:X:33-208	1	0	2	9	0	14	8	11	0	176
ANID_10194T0_543-711,740-795,833-928_2P6R:A:203-403	2	10	1	7	0	20	15	11	0	201
ANID_10194T0_1899-2064_2Q0Z:X:33-208	1	0	2	9	0	14	8	11	0	176
ANID_10194T0_1273-1562_2P6R:A:1-202	1	7	2	7	0	20	9	10	0	202
ANID_10194T0_1571-1780_2P6R:A:1-202	1	7	2	7	0	20	9	10	0	202
ANID_10194T0_2100-2212_2Q0Z:X:209-322	2	7	1	0	0	12	8	4	0	114
ANID_10194T0_943-1047_1ULY:A:	1	4	1	8	0	12	7	8	0	190
ANID_10207T0_43-277,321-543_1PW4:A:	2	0	1	18	0	21	18	22	0	450
ANID_10210T0_24-542_1MT5:A:	4	11	7	22	0	56	40	33	0	537
ANID_10214T0_3-165_2C31:A:7-194	0	8	2	9	0	17	9	7	0	188
ANID_10214T0_184-335_2C31:A:195-369	1	5	5	6	0	18	11	9	0	175
ANID_10214T0_362-484,525-588_2C31:A:370-552	6	6	1	7	0	19	13	10	0	183
ANID_10217T0_4-314_1PYF:A:	6	11	6	11	0	33	19	21	0	311
ANID_10218T0_176-268_1VKB:A:	2	7	2	2	0	16	12	9	0	160
ANID_10218T0_4-84_1VKB:A:	2	7	2	2	0	16	12	9	0	160
ANID_10223T0_8-219_1PRX:A:	4	11	0	6	0	30	13	16	0	220
ANID_10228T0_11-75_1E4U:A:	4	0	0	1	0	16	10	5	0	78
ANID_10228T0_115-203_2CPI:A:101-189	0	5	0	2	0	8	7	4	0	89
ANID_10229T0_74-255_2FUG:5:1-196	0	7	0	4	0	27	19	10	0	196
ANID_10230T0_12-277_1V4N:A:	4	11	2	6	0	34	18	12	0	280
ANID_10233T0_193-515_1PGP:A:177-473	6	0	2	12	0	23	12	11	0	297
ANID_10233T0_12-180_1PGJ:A:1-178	4	7	1	7	0	19	12	7	0	178
ANID_10238T0_7-116,143-217_1YVO:A:4-172	0	7	3	4	0	14	5	9	0	169
ANID_10243T0_77-177_1LXJ:A:	0	4	0	3	0	8	5	4	0	104
ANID_10251T0_270-380_2UZG:A:36-130	0	5	0	3	0	13	5	6	0	95
ANID_10258T0_551-790_1LDJ:A:411-686	3	7	3	9	0	24	12	13	0	276
ANID_10258T0_845-912_1LDD:A:	0	3	1	3	0	7	3	3	0	74
ANID_10273T0_167-308_1V2A:A:84-208	0	0	1	6	0	6	2	7	0	125
ANID_10273T0_30-92,125-161_1EEM:A:5-102	2	4	1	2	0	15	6	8	0	98
ANID_10276T0_36-113_1WHW:A:	0	5	0	2	0	10	6	5	0	98
ANID_10279T0_104-208_1X5S:A:8-97	0	4	0	2	0	11	8	3	0	89
ANID_10282T0_8-302,336-433_2G8L:A:1-284	4	7	1	12	0	25	15	15	0	284
ANID_10284T0_9-219,339-360_1M0W:A:6-210,A:324-491	3	18	5	11	0	34	15	17	1	373
ANID_10284T0_228-341_1M0W:A:216-323	0	6	1	4	0	13	5	6	0	108
ANID_10287T0_7-129,158-248_1O5W:A:10-298,A:411-520	3	14	5	14	0	38	32	21	1	399
ANID_10290T0_89-157,191-247,288-362_1CI0:A:	0	10	1	5	0	21	12	8	0	205
ANID_10295T0_147-198_1GD2:G:	0	0	0	1	0	3	1	0	0	69
ANID_10296T0_7-262,415-468_1QO8:A:103-359,A:506-565	5	14	2	9	0	40	16	20	1	317
ANID_10296T0_258-416_1QO8:A:360-505	1	6	1	6	0	16	11	8	0	146
ANID_10299T0_1-514_1JS3:A:	4	11	10	14	0	46	26	22	0	476
ANID_10302T0_987-1075,1123-1233_1ELR:A:	0	0	0	7	0	9	1	5	0	128
ANID_10305T0_73-140_1C99:A:	0	0	1	2	0	2	1	1	0	79
ANID_10306T0_9-297_1U6G:C:	0	2	14	60	0	74	56	65	0	1207
ANID_10308T0_59-358_1NXQ:A:	4	7	3	9	0	24	12	17	0	251
ANID_10309T0_115-337_2IW0:A:29-248	2	11	4	8	0	26	19	12	0	220
ANID_10309T0_362-404_1ULK:A:1-42	3	2	2	1	0	7	4	4	0	42
ANID_10323T0_11-290_1W9Y:A:2-308	1	12	5	7	0	27	12	12	0	307
ANID_10325T0_98-241,269-362,431-463_1K2P:A:	3	8	4	8	0	25	12	12	0	258
ANID_10334T0_220-275_1X2N:A:6-67	0	0	0	3	0	4	2	2	0	60
ANID_10341T0_469-532_1WE9:A:	0	2	1	1	0	11	6	3	0	63
ANID_10341T0_214-263_2CRG:A:8-64	0	0	0	3	0	8	5	3	0	57
ANID_10344T0_10-126,177-336_1NIJ:A:2-223	0	9	2	7	0	28	21	11	0	222
ANID_10344T0_410-501_1NIJ:A:224-318	2	5	0	2	0	8	4	5	0	95
ANID_10345T0_10-292_1IA6:A:	12	3	3	16	0	48	26	23	0	431
ANID_10349T0_10-118_1MP1:A:	0	0	2	5	0	8	10	5	0	110
ANID_10353T0_180-483_1SET:A:111-421	3	16	5	9	0	33	20	19	0	311
ANID_10353T0_36-153_1SET:A:1-110	0	0	1	4	0	6	1	3	0	110
ANID_10356T0_160-224,266-288_1R29:A:	0	3	0	6	0	11	5	9	0	122
ANID_10358T0_8-194_1LLU:A:2-143,A:310-342	5	11	2	3	0	26	13	11	1	175
ANID_10358T0_153-330_1RJW:A:138-305	0	7	1	8	0	16	10	9	0	168
ANID_10380T0_1020-1113,1194-1237_1JFZ:A:	2	0	1	7	0	12	8	9	0	148
ANID_10380T0_56-195,296-438_1HV8:A:211-365	1	6	1	6	0	17	12	7	0	155
ANID_10380T0_848-991_1JFZ:A:	2	0	1	7	0	12	8	9	0	148
ANID_10383T0_4-195_1BHG:A:22-225	7	11	1	3	0	33	25	4	0	204
ANID_10383T0_313-377_1UUQ:A:	7	13	4	12	0	47	24	28	0	410
ANID_10383T0_214-316_1DP0:A:220-333	5	7	0	0	0	10	7	6	0	114
ANID_10384T0_8-48_2HAP:C:55-97	0	0	1	2	0	6	3	2	0	43
ANID_10387T0_39-378_1PW4:A:	2	0	1	18	0	21	18	22	0	450
ANID_10392T0_22-238_1W1O:A:40-245	2	10	2	6	0	23	19	14	0	206
ANID_10402T0_17-231_1W1O:A:40-245	2	10	2	6	0	23	19	14	0	206
ANID_10406T0_203-365_2NN6:H:168-293	2	3	1	4	0	11	6	8	0	126
ANID_10406T0_109-201_2NN6:H:73-167	1	7	0	1	0	11	7	3	0	95
ANID_10406T0_58-109_2NN6:H:25-72	3	4	0	0	0	8	3	4	0	48
ANID_10417T0_114-400_1S2M:A:252-422	2	7	3	5	0	19	12	8	0	171
ANID_10428T0_33-337_1PW4:A:	2	0	1	18	0	21	18	22	0	450
ANID_10429T0_10-249_2FEA:A:2-227	4	7	3	11	0	24	11	14	0	226
ANID_10433T0_37-106,210-309_1W3B:A:	0	0	0	23	0	35	6	26	0	388
ANID_10435T0_160-356_1BU7:A:	0	12	10	16	0	39	22	21	0	455
ANID_10437T0_14-353_2GX8:A:4-373	3	13	4	11	0	29	17	13	0	370
ANID_10438T0_249-338,385-427_1MKY:A:173-358	2	7	3	5	0	16	12	10	0	186
ANID_10440T0_124-409_1ORR:A:	4	16	2	12	0	37	11	17	0	346
ANID_10444T0_100-627_2DG5:A:37-387,B:391-580	10	23	8	19	0	68	27	35	1	541
ANID_10448T0_7-132,246-332_1JYS:A:	2	10	1	6	0	21	9	12	0	230
ANID_10448T0_364-688_1W3B:A:	0	0	0	23	0	35	6	26	0	388
ANID_10448T0_699-812_1W3B:A:	0	0	0	23	0	35	6	26	0	388
ANID_10450T0_186-380_1UFK:A:	0	14	4	9	0	22	7	12	0	254
ANID_10451T0_136-184,239-321_1YZH:A:8-211	0	8	5	7	0	20	17	12	0	204
ANID_10456T0_143-353_2BKR:A:1-212	2	7	4	8	0	14	8	10	0	212
ANID_10462T0_23-176,221-373_1HOW:A:	5	10	4	11	0	39	18	24	0	362
ANID_10465T0_23-188_2IC8:A:91-272	0	0	3	8	0	13	9	4	0	182
ANID_10471T0_13-183_1F0Y:A:12-203	0	8	1	7	0	22	12	11	0	192
ANID_10471T0_336-597_2DG1:A:6-324	6	25	6	0	0	47	21	19	0	320
ANID_10471T0_186-280_1F0Y:A:204-302	3	0	1	5	0	8	3	5	0	99
ANID_10476T0_6-301_1JR1:A:17-112,A:233-514	9	15	3	12	0	48	29	18	1	378
ANID_10478T0_9-155,182-217_1WWZ:A:1-157	0	7	2	5	0	9	3	8	0	157
ANID_10480T0_3-180_1NIJ:A:2-223	0	9	2	7	0	28	21	11	0	222
ANID_10485T0_348-531,601-707_1FOT:A:	5	9	4	10	0	37	20	19	0	316
ANID_10491T0_46-88_1CLD:A:	0	0	0	2	0	4	2	1	0	33
ANID_10497T0_26-269_1LTL:A:	2	10	4	5	0	24	9	12	0	239
ANID_10497T0_313-514,566-676_1OFH:A:	0	9	5	14	0	31	16	15	0	309
ANID_10502T0_2-121,157-188,268-292_1LG2:A:22-266,A:335-386	1	9	6	9	0	32	20	17	1	297
ANID_10502T0_188-265_1LG2:A:267-334	1	6	0	1	0	8	3	7	0	68
ANID_10504T0_44-84_1CLD:A:	0	0	0	2	0	4	2	1	0	33
ANID_10507T0_16-141_1GME:A:	1	8	5	2	0	17	6	7	0	150
ANID_10513T0_85-228,262-455_1ZCM:A:33-353	7	12	6	10	0	39	24	22	0	321
ANID_10522T0_122-171,204-419_1QQ9:A:	4	8	1	9	0	26	19	18	0	277
ANID_10524T0_272-363_1V31:A:	2	4	0	4	0	14	11	2	0	92
ANID_10527T0_168-483_1Y0Z:A:	5	21	1	9	0	39	19	16	0	327
ANID_10529T0_148-565_1FC4:A:	4	15	0	16	0	43	22	25	0	400
ANID_10531T0_51-73,101-220_1JJI:A:	0	8	5	11	0	21	17	19	0	311
ANID_10535T0_603-784_1G7S:A:1-227	3	9	5	6	0	24	13	14	0	227
ANID_10535T0_917-1034_1G7S:A:329-459	3	4	0	5	0	10	10	6	0	131
ANID_10535T0_785-865_1WB1:A:180-271	6	5	1	0	0	22	10	2	0	92
ANID_10536T0_95-162_1IK9:A:118-211	0	8	1	2	0	10	4	3	0	117
ANID_10543T0_7-51_1D66:A:8-48	0	0	0	2	0	4	1	2	0	41
ANID_10544T0_167-416_1QFE:A:	4	10	4	9	0	26	14	12	0	252
ANID_10551T0_127-171,211-366,400-606_1ORV:A:39-508	12	36	3	4	0	53	35	31	0	470
ANID_10553T0_33-76_1OCR:L:	0	0	0	1	0	4	3	2	0	47
ANID_10556T0_961-1044_1WGM:A:	4	3	0	2	0	17	11	7	0	97
ANID_10561T0_8-155_1D3B:L:	0	5	1	1	0	9	3	5	0	90
ANID_10562T0_3-164_1NWA:A:	0	8	2	4	0	18	14	11	0	202
ANID_10565T0_30-262_1XKQ:A:	3	7	5	10	0	27	12	14	0	272
ANID_10569T0_92-235_2FVT:A:1-127	0	8	0	3	0	16	11	8	0	127
ANID_10570T0_1-102,144-174_5PNT:A:	1	4	2	5	0	12	6	7	0	157
ANID_10571T0_43-265_2FZV:A:1-233	6	7	3	7	0	31	18	15	0	233
ANID_10574T0_994-1081,1111-1174_2CPH:A:454-547	2	4	0	2	0	12	9	3	0	94
ANID_10574T0_199-684_1XNF:A:	0	0	1	14	0	19	6	12	0	259
ANID_10574T0_902-990_2GHP:A:116-196	0	6	0	2	0	9	2	4	0	81
ANID_10574T0_822-900_2GHP:A:41-115	0	6	1	2	0	8	3	4	0	75
ANID_10577T0_26-147_1JEH:A:356-478	2	5	1	5	0	12	5	9	0	123
ANID_10582T0_5-179,269-374_1FOH:A:1-240,A:342-461	4	15	4	9	0	43	22	18	1	360
ANID_10583T0_11-273_1MLV:A:50-310	4	6	3	8	0	32	19	16	0	261
ANID_10585T0_44-131_1OCR:G:	2	0	0	2	0	11	8	7	0	84
ANID_10586T0_295-427_1KS9:A:168-291	0	0	2	6	0	7	1	7	0	124
ANID_10586T0_156-264_1KS9:A:1-167	0	11	3	4	0	22	13	12	0	167
ANID_10595T0_104-312_1KMQ:A:	0	6	3	6	0	15	10	12	0	177
ANID_10602T0_2-479_1A4S:A:	7	20	8	15	0	54	30	24	0	503
ANID_10608T0_72-152,202-319_2GMN:A:29-292	0	12	6	7	0	26	12	19	0	264
ANID_10613T0_30-502_3CZH:A:40-502	7	8	4	16	0	42	19	26	0	462
ANID_10617T0_98-510_1TQN:A:	5	9	7	18	0	43	20	30	0	472
ANID_10619T0_62-541_1JS3:A:	4	11	10	14	0	46	26	22	0	476
ANID_10621T0_299-610_1EWQ:A:267-541	2	4	1	10	0	20	10	10	0	275
ANID_10621T0_615-866_1E3M:A:567-800	2	10	1	6	0	25	13	9	0	234
ANID_10623T0_7-49_2HAP:C:55-97	0	0	1	2	0	6	3	2	0	43
ANID_10624T0_4-310_1LKD:A:133-288	5	10	1	2	0	23	15	5	0	156
ANID_10626T0_175-457_1E79:A:95-379	8	11	6	9	0	30	20	18	0	285
ANID_10626T0_460-586_1E79:A:380-510	0	0	2	6	0	9	4	6	0	131
ANID_10626T0_89-173_1MAB:A:10-94	6	5	0	0	0	14	8	9	0	86
ANID_10641T0_5-233_1SYR:A:	0	5	0	4	0	9	5	6	0	103
ANID_10642T0_88-167,199-267_1T17:A:	0	7	0	2	0	12	8	7	0	148
ANID_10652T0_12-254_1DIN:A:	2	9	3	6	0	26	12	19	0	233
ANID_10656T0_118-388_1ULZ:A:115-328	2	8	1	6	0	23	11	8	0	214
ANID_10656T0_30-148_1ULZ:A:1-114	0	5	1	6	0	12	6	6	0	114
ANID_10656T0_371-493_1ULZ:A:329-451	2	7	2	3	0	15	9	6	0	123
ANID_10656T0_720-792_1O78:A:	4	6	0	0	0	18	11	2	0	84
ANID_10658T0_13-496_1PV7:A:	0	0	2	22	0	18	12	14	0	417
ANID_10660T0_40-122,156-242_1LVL:A:151-265	2	8	0	3	0	15	7	8	0	115
ANID_10660T0_218-342,377-446_1LVL:A:151-265	2	8	0	3	0	15	7	8	0	115
ANID_10662T0_34-463_1PW4:A:	2	0	1	18	0	21	18	22	0	450
ANID_10667T0_6-185_1LLU:A:2-143,A:310-342	5	11	2	3	0	26	13	11	1	175
ANID_10667T0_155-301_1RJW:A:138-305	0	7	1	8	0	16	10	9	0	168
ANID_10668T0_115-294_1YGY:A:99-282	3	7	2	7	0	24	14	12	0	184
ANID_10668T0_51-133_1YGY:A:3-98,A:283-316	4	5	2	4	0	19	10	9	1	130
ANID_10670T0_5-49_2ALC:A:	0	0	0	4	0	11	7	5	0	65
ANID_10672T0_306-766_1LF6:A:288-684	15	6	5	13	0	47	32	24	0	397
ANID_10676T0_89-163_1S7B:A:	0	0	0	4	0	10	7	3	0	109
ANID_10677T0_479-776_1Z3I:X:390-735	0	10	6	11	0	41	29	23	0	346
ANID_10677T0_213-478_1Z3I:X:92-389	0	9	4	12	0	34	20	12	0	298
ANID_10679T0_6-267_1UZM:A:9-245	2	7	3	8	0	20	12	10	0	237
ANID_10682T0_4-159,187-253,309-428,490-753_1QBK:B:	0	0	17	47	0	50	54	64	0	888
ANID_10686T0_3-284_1OKC:A:	0	0	6	11	0	19	10	9	0	292
ANID_10690T0_7-253_2C07:A:54-304	2	7	2	9	0	21	12	14	0	251
ANID_10692T0_22-72,101-310_1PV7:A:	0	0	2	22	0	18	12	14	0	417
ANID_10699T0_61-292_2F5T:X:110-246	0	8	2	3	0	12	8	6	0	137
ANID_10699T0_382-586_2F5T:X:110-246	0	8	2	3	0	12	8	6	0	137
ANID_10700T0_14-212_1NXJ:A:	4	12	0	4	0	24	14	6	0	156
ANID_10704T0_38-520_1TQN:A:	5	9	7	18	0	43	20	30	0	472
ANID_10707T0_268-285,342-565_1Z63:A:432-661	0	7	2	11	0	24	16	18	0	230
ANID_10707T0_482-522,1226-1370_1Z3I:X:390-735	0	10	6	11	0	41	29	23	0	346
ANID_10707T0_1134-1178_1IYM:A:	0	2	0	1	0	11	6	4	0	54
ANID_10719T0_12-73_1N9S:C:	0	6	2	0	0	6	4	4	0	74
ANID_10722T0_583-687,823-983,1050-1160_1NBF:A:	6	16	6	11	0	38	19	20	0	347
ANID_10732T0_455-549_1XTE:A:	0	3	2	4	0	9	3	6	0	116
ANID_10745T0_38-511_1EJI:A:	6	13	7	18	0	52	32	25	0	478
ANID_10746T0_246-321_1ORU:A:	2	12	2	3	0	22	16	15	0	182
ANID_10757T0_398-565,595-739_2P6R:A:1-202	1	7	2	7	0	20	9	10	0	202
ANID_10760T0_721-775_1IYM:A:	0	2	0	1	0	11	6	4	0	54
ANID_10768T0_10-89_1PJ5:A:4-219,A:339-427	2	17	6	8	0	32	16	16	1	305
ANID_10776T0_19-310_3CZH:A:40-502	7	8	4	16	0	42	19	26	0	462
ANID_10778T0_80-184_1XBL:A:	0	0	0	3	0	7	3	6	0	75
ANID_10778T0_375-466_1NLT:A:258-337	4	6	0	1	0	15	6	4	0	80
ANID_10778T0_240-320_1EXK:A:	2	6	2	0	0	10	7	6	0	79
ANID_10778T0_223-244,322-382_1NLT:A:110-138,A:213-257	2	5	0	1	0	12	2	5	1	74
ANID_10782T0_21-293_1OKC:A:	0	0	6	11	0	19	10	9	0	292
ANID_10787T0_4-292_1LKD:A:133-288	5	10	1	2	0	23	15	5	0	156
ANID_10789T0_10-55_1PYI:A:30-71	0	2	0	2	0	6	1	3	0	42
ANID_10792T0_329-385_1IYM:A:	0	2	0	1	0	11	6	4	0	54
ANID_10794T0_767-840,987-1175_1Z3I:X:390-735	0	10	6	11	0	41	29	23	0	346
ANID_10794T0_457-501,538-762_1Z63:A:432-661	0	7	2	11	0	24	16	18	0	230
ANID_10800T0_49-205_1GKZ:A:38-185	0	2	0	6	0	7	8	7	0	148
ANID_10800T0_237-317,374-466_1GKZ:A:186-378	0	8	0	3	0	16	9	10	0	193
ANID_10805T0_66-250,343-474_1LZL:A:	0	8	3	10	0	32	18	24	0	317
ANID_10812T0_149-306,344-600_1PW4:A:	2	0	1	18	0	21	18	22	0	450
ANID_10813T0_9-84,121-186_1Q9J:A:1-175	1	7	2	4	0	16	9	4	0	175
ANID_10824T0_290-495_1TIP:A:	2	6	3	7	0	22	8	11	0	191
ANID_10824T0_56-286_1BIF:A:37-249	0	6	1	7	0	16	9	11	0	213
ANID_10832T0_28-137,199-257,297-480_1P22:A:253-545	0	28	0	1	0	35	23	13	0	293
ANID_10832T0_566-811_1ERJ:A:	2	30	1	1	0	43	24	22	0	388
ANID_10833T0_41-541_1MT5:A:	4	11	7	22	0	56	40	33	0	537
ANID_10834T0_30-286_3MDD:A:11-241	4	7	4	7	0	18	10	14	0	231
ANID_10834T0_271-427_2D29:A:235-387	1	2	3	5	0	4	4	6	0	153
ANID_10841T0_6-263_1HNU:A:	3	9	2	11	0	23	8	13	0	263
ANID_10849T0_24-66,122-241,271-351_1G72:A:	6	38	10	5	0	74	38	44	0	571
ANID_10854T0_119-285_2OOX:E:3-181	5	5	2	7	0	16	11	8	0	179
ANID_10854T0_291-385_2NYC:A:181-320	8	5	2	5	0	14	9	7	0	140
ANID_10856T0_5-191,236-390_1N0U:A:3-343	9	9	5	14	0	30	13	15	0	341
ANID_10856T0_391-443,514-598_1N0U:A:344-481	3	10	0	2	0	16	10	11	0	138
ANID_10856T0_614-685_1N0U:A:482-560	0	4	1	2	0	9	6	3	0	79
ANID_10857T0_177-271_2AF7:A:1-119	0	0	0	8	1	9	2	7	0	119
ANID_10860T0_92-221_1OG6:A:	2	12	5	12	0	34	18	17	0	298
ANID_10861T0_19-448_1PV7:A:	0	0	2	22	0	18	12	14	0	417
ANID_10867T0_299-655_1V7W:A:271-801	11	25	6	16	0	58	33	35	0	531
ANID_10868T0_4-177_1H1N:A:	3	10	2	10	0	34	17	26	0	305
ANID_10876T0_10-142,189-256_2QFI:A:5-208	2	0	7	7	0	14	20	21	0	204
ANID_10882T0_74-234,288-439_1WA5:B:	0	0	5	29	0	38	22	22	0	506
ANID_10883T0_21-327_1LKD:A:133-288	5	10	1	2	0	23	15	5	0	156
ANID_10887T0_44-491_1TQN:A:	5	9	7	18	0	43	20	30	0	472
ANID_10888T0_30-95,226-343_1FOH:A:1-240,A:342-461	4	15	4	9	0	43	22	18	1	360
ANID_10893T0_384-478,560-598_1KRH:A:206-338	0	6	4	3	0	12	8	3	0	133
ANID_10893T0_304-394_1NDH:A:3-125	2	7	0	1	0	17	9	9	0	123
ANID_10895T0_47-229,267-392_1HOW:A:	5	10	4	11	0	39	18	24	0	362
ANID_10897T0_9-52_2HAP:C:55-97	0	0	1	2	0	6	3	2	0	43
ANID_10900T0_132-262_1QFM:A:431-710	0	8	7	8	0	25	16	19	0	280
ANID_10908T0_28-468_1EA5:A:	10	14	7	19	0	63	35	35	0	532
ANID_10909T0_7-258_2GH1:A:13-293	0	10	2	12	0	27	11	18	0	281
ANID_10916T0_7-177,291-352_3C96:A:4-182,A:294-402	1	13	1	8	0	26	14	13	1	288
ANID_10916T0_183-296_3C96:A:183-293	3	5	0	4	0	12	4	7	0	111
ANID_10917T0_12-45,120-199,245-369_1SXJ:A:295-547	1	5	4	11	0	21	18	23	0	253
ANID_10918T0_362-454_1OCS:A:	0	3	0	4	0	15	8	7	0	132
ANID_10919T0_12-309_1UV4:A:3-293	7	20	2	0	0	35	18	20	0	291
ANID_10919T0_324-414_1W9S:A:	1	11	0	0	0	17	12	6	0	134
ANID_10920T0_2-207,245-458_1PV7:A:	0	0	2	22	0	18	12	14	0	417
ANID_10921T0_759-866,951-1213_1G72:A:	6	38	10	5	0	74	38	44	0	571
ANID_10924T0_198-518_1MIW:A:140-404	1	2	5	15	0	24	17	10	0	265
ANID_10924T0_46-196_1OU5:A:1-150	4	6	2	5	0	19	11	8	0	150
ANID_10927T0_99-170,233-506_1TE4:A:	0	0	3	6	0	11	9	5	0	111
ANID_10930T0_40-218_1W1O:A:40-245	2	10	2	6	0	23	19	14	0	206
ANID_10931T0_19-326,532-593_1GPE:A:1-328,A:525-587	13	16	6	10	0	49	25	31	1	391
ANID_10931T0_329-533_1JU2:A:294-463	3	9	1	2	0	26	19	6	0	170
ANID_10933T0_11-261_2D1Y:A:2-249	6	7	4	9	0	21	10	16	0	248
ANID_10936T0_117-256,286-330_1V9K:A:	3	12	0	5	0	29	16	13	0	227
ANID_10938T0_4-219_1R4W:A:	0	4	1	10	0	15	10	13	0	221
ANID_10939T0_42-262_1DIN:A:	2	9	3	6	0	26	12	19	0	233
ANID_10940T0_52-152,199-303_1EJ0:A:	0	7	0	5	0	17	8	9	0	180
ANID_10942T0_186-263,315-402,440-609_1SQ9:A:	7	28	4	1	0	39	24	22	0	393
ANID_10942T0_17-308_1PGU:A:2-326	3	28	2	0	0	35	19	22	0	325
ANID_10951T0_63-360,398-522_1PV7:A:	0	0	2	22	0	18	12	14	0	417
ANID_10958T0_33-462_1PW4:A:	2	0	1	18	0	21	18	22	0	450
ANID_10961T0_7-53_1CLD:A:	0	0	0	2	0	4	2	1	0	33
ANID_10962T0_423-593_2DKF:A:1-431	4	21	3	12	0	51	31	26	0	431
ANID_10978T0_155-207,256-414_1ORN:A:	0	0	4	12	0	19	14	11	0	225
ANID_10982T0_71-182,318-409,793-1028_1SU4:A:1-124,A:240-343,A:751-994	1	1	8	18	0	32	20	22	2	472
ANID_10982T0_414-433,588-840_1SU4:A:344-360,A:600-750	3	8	1	8	0	16	12	11	1	168
ANID_10982T0_422-639_1MO7:A:	2	9	0	5	0	32	19	9	0	213
ANID_10982T0_182-292_1SU4:A:125-239	2	9	3	0	0	21	10	7	0	115
ANID_10993T0_3-114,156-175,281-344_1Q0R:A:	0	8	5	9	0	30	18	18	0	297
ANID_10997T0_3-103_1TR0:A:	0	4	1	3	0	11	3	4	0	106
ANID_11000T0_5-187_2BVL:A:1-542	3	10	8	21	0	46	20	34	0	542
ANID_11001T0_5-141_1JZT:A:	2	8	2	7	0	26	16	16	0	243
ANID_11005T0_315-576_1PV9:A:125-345	6	13	2	4	0	27	12	10	0	221
ANID_11005T0_13-132_1KP0:A:1-156	1	7	1	6	0	18	12	8	0	156
ANID_11015T0_32-219_1X6M:A:	1	11	5	3	0	24	13	10	0	195
ANID_11024T0_7-90_1IY8:A:	6	7	4	9	0	26	14	15	0	258
ANID_11028T0_22-290_1WMA:A:2-276	2	8	1	11	0	26	15	13	0	275
ANID_11031T0_117-503_1PV7:A:	0	0	2	22	0	18	12	14	0	417
ANID_11032T0_7-261_1F3M:C:	1	10	4	11	0	33	20	20	0	294
ANID_11034T0_49-510_1LCI:A:	7	27	4	15	0	64	28	38	0	541
ANID_11035T0_7-172,299-383_3C96:A:4-182,A:294-402	1	13	1	8	0	26	14	13	1	288
ANID_11035T0_182-305_3C96:A:183-293	3	5	0	4	0	12	4	7	0	111
ANID_11037T0_15-212,271-488_1PV7:A:	0	0	2	22	0	18	12	14	0	417
ANID_11039T0_17-170_1X6M:A:	1	11	5	3	0	24	13	10	0	195
ANID_11041T0_2-73_2DKT:A:8-81	2	4	0	1	0	10	11	2	0	74
ANID_11049T0_5-220_1QYC:A:	1	13	4	12	0	30	15	23	0	307
ANID_11053T0_69-157,187-325_1R61:A:	2	12	4	3	0	32	14	14	0	205
ANID_11059T0_25-179,218-288_2HVM:A:	3	9	7	10	0	29	21	13	0	273
ANID_11069T0_243-478,506-555_1UTE:A:	1	14	4	8	0	41	28	17	0	302
ANID_11071T0_234-335_1RL1:A:	2	7	2	0	0	13	8	2	0	92
ANID_11071T0_6-104_2C2L:A:24-224	0	0	1	10	0	12	7	11	0	201
ANID_11078T0_107-371,401-505_1VD5:A:	13	7	2	13	0	34	22	22	0	377
ANID_11086T0_17-88_2F4P:A:2-135	2	12	2	1	0	21	5	9	0	134
ANID_11089T0_193-396_1W4X:A:10-154,A:390-542	6	10	5	9	0	33	21	19	1	298
ANID_11089T0_360-422,450-592_1W4X:A:155-389	3	10	3	7	0	23	20	9	0	235
ANID_11093T0_7-54_1ZME:C:31-66	0	0	0	2	0	4	1	2	0	36
ANID_11096T0_25-221_1BDB:A:	0	7	6	10	0	27	14	16	0	276
ANID_11097T0_22-272_2A1X:A:43-338	5	15	4	5	0	35	14	11	0	296
ANID_11098T0_12-52_1PYI:A:30-71	0	2	0	2	0	6	1	3	0	42
ANID_11101T0_99-376_1JKS:A:	7	9	4	9	0	33	20	13	0	293
ANID_11106T0_90-247_1ZKI:A:4-129	2	6	2	2	0	13	7	4	0	126
ANID_11109T0_5-154_2IMJ:A:5-159	0	6	1	4	0	15	10	7	0	155
ANID_11110T0_154-298_2E1B:A:88-216	3	7	2	2	0	13	7	4	0	129
ANID_11110T0_5-24,52-81,109-127_2E1B:A:1-87	2	5	1	0	0	15	8	5	0	87
ANID_11121T0_122-186,228-282,406-525_1QTR:A:	0	8	6	9	0	28	23	22	0	314
ANID_11122T0_20-148_1ZEM:A:3-262	4	7	4	10	0	23	15	14	0	260
ANID_11124T0_4-142_1SIX:A:	0	11	0	2	0	23	14	9	0	173
ANID_11125T0_16-121,149-279,324-402,476-538_1ATI:A:1-394	3	18	6	9	0	33	19	17	0	394
ANID_11125T0_523-644_1ATI:A:395-505	0	5	1	4	0	14	8	6	0	111
ANID_11126T0_125-225_1K30:A:	2	9	5	14	0	31	12	16	0	367
ANID_11128T0_108-144,245-337_1W3B:A:	0	0	0	23	0	35	6	26	0	388
ANID_11128T0_644-713,772-922_1W3B:A:	0	0	0	23	0	35	6	26	0	388
ANID_11128T0_411-481,593-676_1XNF:A:	0	0	1	14	0	19	6	12	0	259
ANID_11132T0_5-187_2IC8:A:91-272	0	0	3	8	0	13	9	4	0	182
ANID_11141T0_71-361_1LL2:A:	1	11	7	10	0	24	19	16	0	263
ANID_11143T0_32-466_1GAI:A:	10	9	6	14	0	48	26	31	0	472
ANID_11143T0_516-608_1KUL:A:	2	9	1	0	0	22	9	4	0	108
ANID_11146T0_41-169_1MQ0:A:	3	5	3	4	0	18	8	6	0	130
ANID_11149T0_23-491_1P49:A:	2	17	7	13	0	62	48	36	0	553
ANID_11151T0_183-392_2OKC:A:9-433	2	9	3	16	0	39	24	24	0	425
ANID_11153T0_23-450_1PW4:A:	2	0	1	18	0	21	18	22	0	450
ANID_11156T0_2-143,215-277_1VA4:A:	4	8	3	10	0	25	15	19	0	271
ANID_11167T0_44-272,311-518_1PV7:A:	0	0	2	22	0	18	12	14	0	417
ANID_11168T0_54-393_1CS1:A:	8	12	2	13	0	42	23	28	0	384
ANID_11180T0_96-465_2I3D:A:2-219	0	8	1	5	0	25	11	20	0	218
ANID_11187T0_46-225,321-415_1FOH:A:1-240,A:342-461	4	15	4	9	0	43	22	18	1	360
ANID_11187T0_229-327_1FOH:A:241-341	0	5	0	1	0	7	4	3	0	101
ANID_11187T0_450-622_1FOH:A:462-662	10	7	3	4	0	22	21	18	0	201
ANID_11188T0_7-313_1W9Y:A:2-308	1	12	5	7	0	27	12	12	0	307
ANID_11189T0_30-458_1PV7:A:	0	0	2	22	0	18	12	14	0	417
ANID_11192T0_42-496_1OG2:A:	9	9	4	17	0	50	25	22	0	462
ANID_11193T0_109-350_1LLA:A:110-379	4	5	4	11	0	26	12	18	0	270
ANID_11193T0_377-561_1LLA:A:380-628	3	11	3	5	0	28	15	13	0	249
ANID_11195T0_33-72_1ZME:C:31-66	0	0	0	2	0	4	1	2	0	36
ANID_11196T0_59-285,321-524_1PW4:A:	2	0	1	18	0	21	18	22	0	450
ANID_11197T0_2-29_2GLI:A:168-197	0	0	0	1	0	3	2	2	0	30
ANID_11201T0_36-357_2ICH:A:24-351	2	23	2	0	0	34	18	20	0	328
ANID_11206T0_11-178,288-398_3C96:A:4-182,A:294-402	1	13	1	8	0	26	14	13	1	288
ANID_11207T0_1-265_1VL8:A:	2	7	6	9	0	25	10	14	0	251
ANID_11209T0_36-310_1PW4:A:	2	0	1	18	0	21	18	22	0	450
ANID_11212T0_11-60_2CSH:A:8-60	0	4	0	2	0	6	6	3	0	53
ANID_11218T0_1-155_1XD3:A:	5	6	1	8	0	24	9	15	0	229
ANID_11220T0_23-402_1CPT:A:	4	12	6	17	0	39	22	20	0	428
ANID_11224T0_69-204_1O0W:A:1-167	2	0	1	10	0	12	5	7	0	167
ANID_11224T0_212-294_1T4N:A:	0	3	0	3	0	10	6	1	0	93
ANID_11238T0_48-142,222-365_1JCN:A:10-111,A:232-499	8	12	3	10	0	43	26	17	1	370
ANID_11238T0_137-247_1JR1:A:113-232	2	4	0	2	0	9	4	6	0	120
ANID_11246T0_74-264_1XHN:A:13-182	1	7	5	5	0	21	9	8	0	170
ANID_11249T0_78-273_1S4B:P:	4	10	7	26	0	53	26	37	0	654
ANID_11254T0_15-129_1DXE:A:	0	8	1	12	0	24	18	17	0	253
ANID_11290T0_1-81_1Q4R:A:	0	4	0	4	0	11	5	5	0	103
ANID_11366T0_27-102_2BMO:A:3-152	4	11	5	2	0	20	11	13	0	150
ANID_11481T0_3-122_1BU7:A:	0	12	10	16	0	39	22	21	0	455
ANID_11499T0_44-80_1E79:I:	0	1	0	1	0	5	4	4	0	47
ANID_11500T0_2-100,129-175_1H3Q:A:	0	5	1	3	0	15	6	8	0	140
ANID_11541T0_9-83_1WHN:A:	1	4	1	2	0	13	10	5	0	127
ANID_11584T0_7-104_1MWQ:A:	0	4	1	4	0	10	2	5	0	100
ANID_11621T0_22-104_1JYS:A:	2	10	1	6	0	21	9	12	0	230
ANID_11626T0_2-112_1NHC:A:	2	29	2	2	0	43	29	13	0	336
ANID_11631T0_95-222_2J01:T:1-138	7	3	1	3	0	20	12	4	0	138
ANID_11679T0_23-215,318-422_2Q43:A:16-194,A:314-407	3	10	2	8	0	25	12	18	1	273
ANID_11679T0_202-302_1YSJ:A:178-292	0	4	0	2	0	9	4	1	0	115
ANID_11680T0_302-640_2VZS:A:336-674	7	11	2	9	0	43	29	18	0	339
ANID_11680T0_745-855_2VZS:A:778-899	3	9	3	0	0	16	6	6	0	122
ANID_11680T0_11-184_2VZS:A:42-225	3	13	3	2	0	25	17	15	0	184
ANID_11680T0_645-743_2VZS:A:675-777	0	8	1	0	0	12	7	4	0	103
ANID_11680T0_194-305_2VZS:A:226-335	0	8	0	0	0	9	5	5	0	110
ANID_11682T0_10-244,358-432_1R3N:A:18-247,A:364-455	6	11	2	10	0	36	26	18	1	322
ANID_11682T0_234-345_1R3N:A:248-363	0	7	1	2	0	11	4	5	0	116
ANID_11687T0_49-131_1XBL:A:	0	0	0	3	0	7	3	6	0	75
ANID_11691T0_110-214_2J01:V:1-101	1	6	1	0	0	14	6	2	0	101
ANID_11698T0_206-588_1GT9:1:	7	17	5	9	0	41	25	20	0	357
ANID_11698T0_33-182_1T1E:A:12-190	2	11	1	4	0	23	7	12	0	179
ANID_11702T0_177-286_1F37:A:	0	5	3	2	0	14	6	7	0	109
ANID_11706T0_161-283_1S70:B:	2	1	1	15	0	32	11	25	0	291
ANID_11713T0_2-171,278-392_3C96:A:4-182,A:294-402	1	13	1	8	0	26	14	13	1	288
ANID_11713T0_178-281_2VOU:A:164-291	3	6	1	4	0	14	7	8	0	128
ANID_11720T0_5-185_1Y23:A:	0	6	3	4	0	16	11	7	0	139
ANID_11721T0_1093-1318,1361-1525_1W36:D:2-360	6	9	4	14	0	32	29	25	0	359
ANID_11722T0_10-119_1U5T:C:2-125	0	3	2	2	0	13	9	5	0	124
ANID_11722T0_114-187_1U5T:C:126-199	0	3	0	3	0	11	6	4	0	74
ANID_11728T0_49-145_1S3A:A:15-99	0	4	0	3	0	10	4	4	0	85
ANID_11730T0_1-63,92-231_1EQ6:A:	0	10	5	3	0	16	9	11	0	189
ANID_11734T0_9-108_1X0H:A:8-107	0	7	1	3	0	10	5	5	0	99
ANID_11736T0_383-555,646-903_1NVU:S:	2	4	4	21	0	35	21	23	0	481
ANID_11736T0_93-214_1EGA:A:4-182	1	7	0	5	0	17	11	10	0	179
ANID_11740T0_213-259_1Y7M:A:1-48	0	2	0	1	1	9	3	6	0	48
ANID_11741T0_152-200_1E0G:A:	0	2	1	2	0	8	1	3	0	48
ANID_11741T0_320-364_1E0G:A:	0	2	1	2	0	8	1	3	0	48
ANID_11741T0_235-283_1E0G:A:	0	2	1	2	0	8	1	3	0	48
ANID_11746T0_10-241_1P16:A:1-245	1	13	3	7	0	28	17	11	0	244
ANID_11746T0_243-381_1P16:A:246-390	1	7	1	3	0	18	9	7	0	145
ANID_11753T0_34-75_1PYI:A:30-71	0	2	0	2	0	6	1	3	0	42
ANID_11760T0_17-61_1CLD:A:	0	0	0	2	0	4	2	1	0	33
ANID_11761T0_24-193_1QOU:A:	3	8	2	1	0	24	13	8	0	164
ANID_11762T0_99-203_2OV9:A:7-209	3	7	2	3	0	22	12	13	0	203
ANID_11763T0_325-541_1FOH:A:462-662	10	7	3	4	0	22	21	18	0	201
ANID_11763T0_8-281_1FOH:A:1-240,A:342-461	4	15	4	9	0	43	22	18	1	360
ANID_11763T0_553-632_1ZSO:A:1-156	1	15	1	0	0	18	10	9	0	156
ANID_11764T0_16-86_1E96:B:	0	2	2	9	0	15	3	11	0	185
ANID_11773T0_149-433_2HBJ:A:129-420	0	8	5	10	0	33	22	11	0	292
ANID_11773T0_436-535_2CPR:A:483-595	0	0	0	6	0	9	5	5	0	111
ANID_11776T0_45-137_1J26:A:	1	3	1	2	0	13	10	3	0	111
ANID_11778T0_29-381_1Y4W:A:20-372	6	24	4	0	0	47	30	19	0	353
ANID_11778T0_400-546_1Y4W:A:373-536	2	13	1	0	0	18	11	11	0	164
ANID_11786T0_17-329_1PME:A:	3	10	7	11	0	38	19	18	0	345
ANID_11788T0_127-186_1E4U:A:	4	0	0	1	0	16	10	5	0	78
ANID_11791T0_9-129_1YO6:A:1-250	2	8	5	8	0	24	10	16	0	250
ANID_11793T0_49-97_2HAP:C:55-97	0	0	1	2	0	6	3	2	0	43
ANID_11795T0_2-117_1C8U:A:2-115	2	6	0	2	0	12	7	5	0	114
ANID_11795T0_125-286_1C8U:A:116-286	0	7	1	3	0	17	13	11	0	171
ANID_11798T0_244-309_1XM8:A:	1	14	3	9	0	25	7	18	0	253
ANID_11798T0_12-186_1PW4:A:	2	0	1	18	0	21	18	22	0	450
ANID_11799T0_55-188_1GY9:A:	6	15	2	7	0	34	19	14	0	279
ANID_11802T0_102-175_1RRV:A:	2	13	4	14	0	41	22	18	0	401
ANID_11803T0_4-94,150-208_1JJ7:A:	4	10	3	10	0	29	19	15	0	251
ANID_11804T0_465-507,855-1003_1Z5Z:A:663-906	0	6	1	10	0	26	11	15	0	244
ANID_11804T0_205-236,267-302,383-507_1Z63:A:432-661	0	7	2	11	0	24	16	18	0	230
ANID_11807T0_4-200_1F8F:A:4-162,A:337-371	5	9	5	4	0	23	12	10	1	194
ANID_11807T0_174-345_1F8F:A:163-336	0	6	3	7	0	16	13	12	0	174
ANID_11810T0_145-217_2GE3:A:6-169	0	7	2	4	0	13	5	8	0	164
ANID_11812T0_31-150_1W3B:A:	0	0	0	23	0	35	6	26	0	388
ANID_11813T0_145-208_1UEQ:A:	0	6	0	2	0	16	12	9	0	122
ANID_11814T0_48-130_1OMW:A:186-549	2	10	4	12	0	37	25	17	0	364
ANID_11815T0_42-193_1QRE:A:	6	22	1	2	0	41	10	21	0	210
ANID_11818T0_7-48_1PYI:A:30-71	0	2	0	2	0	6	1	3	0	42
ANID_11820T0_298-522_1L5A:A:175-424	4	7	2	7	0	24	11	13	0	250
ANID_11820T0_126-312_1NOC:B:	1	9	1	5	0	22	13	9	0	213
ANID_11820T0_12-78_1DNY:A:	0	0	0	4	0	8	7	2	0	76
ANID_11821T0_30-251,300-472,518-545_1PW4:A:	2	0	1	18	0	21	18	22	0	450
ANID_11823T0_54-438_1PV7:A:	0	0	2	22	0	18	12	14	0	417
ANID_11825T0_16-140_1DB3:A:	2	15	3	10	0	35	15	17	0	357
ANID_11826T0_409-670_2HYD:A:324-578	2	10	5	9	0	25	21	16	0	255
ANID_11826T0_99-385_3B60:A:10-328	0	0	1	11	0	6	9	9	0	319
ANID_11826T0_1-47_1MT0:A:	2	10	3	10	0	20	20	20	0	241
ANID_11827T0_144-403_3B60:A:10-328	0	0	1	11	0	6	9	9	0	319
ANID_11827T0_417-564_3B60:A:329-581	4	10	2	9	0	24	18	16	0	253
ANID_11828T0_239-287_1BOR:A:	2	0	0	0	0	13	12	2	0	56
ANID_11829T0_31-315_1MUM:A:	3	8	1	13	0	30	19	11	0	289
ANID_11831T0_34-74_1PYI:A:30-71	0	2	0	2	0	6	1	3	0	42
ANID_11831T0_85-126_1D66:A:8-48	0	0	0	2	0	4	1	2	0	41
ANID_11833T0_54-472_1BU7:A:	0	12	10	16	0	39	22	21	0	455
ANID_11834T0_104-469_1CPT:A:	4	12	6	17	0	39	22	20	0	428
ANID_11837T0_4-102_1V9J:A:	0	3	1	4	0	13	10	2	0	112
ANID_11838T0_405-515_1D1R:A:	1	4	0	2	0	12	5	2	0	115
ANID_11838T0_3-79_1Q7H:A:69-153	0	6	1	3	0	10	5	6	0	85
ANID_11839T0_434-618_1PZN:A:96-349	0	12	2	8	0	19	19	13	0	254
ANID_11840T0_53-111_2NUJ:A:3-161	3	6	1	3	0	18	9	7	0	159
ANID_11841T0_7-115,142-216_1YVO:A:4-172	0	7	3	4	0	14	5	9	0	169
ANID_11843T0_11-91_1WJK:A:	0	4	0	3	0	8	11	4	0	99
ANID_11847T0_18-128_2FTR:A:4-106	2	4	1	4	0	6	5	5	0	103
ANID_11853T0_18-206_1H7S:A:29-231	0	10	3	5	0	18	14	9	0	203
ANID_11853T0_199-351_1H7S:A:232-365	2	7	1	4	0	12	4	9	0	134
ANID_11853T0_794-966_1X9Z:A:	2	7	1	7	0	14	7	8	0	182
ANID_11858T0_296-407_1FQV:A:146-431	8	13	3	8	0	55	21	24	0	286
ANID_11859T0_211-290_1K30:A:	2	9	5	14	0	31	12	16	0	367
ANID_11861T0_11-186_1LLU:A:2-143,A:310-342	5	11	2	3	0	26	13	11	1	175
ANID_11861T0_155-323_1LLU:A:144-309	0	7	1	8	0	14	10	9	0	166
ANID_11862T0_74-192_2A2L:A:4-145	0	5	4	3	0	11	10	8	0	142
ANID_11864T0_8-90_2AVN:A:1-246	2	10	3	10	0	28	12	9	0	246
ANID_11868T0_17-63_1CLD:A:	0	0	0	2	0	4	2	1	0	33
ANID_11870T0_30-112_1W4X:A:155-389	3	10	3	7	0	23	20	9	0	235
ANID_11870T0_43-282_1W4X:A:155-389	3	10	3	7	0	23	20	9	0	235
ANID_11873T0_21-293_1J8F:A:	4	9	5	12	0	33	20	18	0	323
ANID_11874T0_495-557,1228-1358_1BLX:B:	0	0	1	10	0	20	5	17	0	160
ANID_11874T0_150-349_1UOH:A:	0	0	1	14	0	27	7	20	0	223
ANID_11874T0_763-833,897-941,995-1032_2AJA:A:3-348	0	2	5	21	0	23	18	21	0	346
ANID_11875T0_1-57_1GCO:A:	2	7	8	9	0	24	12	14	0	261
ANID_11876T0_55-145_1PW4:A:	2	0	1	18	0	21	18	22	0	450
ANID_11877T0_12-86_2P6R:A:203-403	2	10	1	7	0	20	15	11	0	201
ANID_11885T0_11-98,129-294_1RU8:A:	2	9	0	6	0	24	9	13	0	231
ANID_11885T0_491-609,664-689_1NQ3:A:	3	7	4	2	0	19	10	5	0	133
ANID_11885T0_381-485_2CVL:A:1-124	3	6	3	2	0	16	10	4	0	124
ANID_11890T0_66-327_2O07:A:16-300	1	12	2	10	0	26	14	16	0	285
ANID_11891T0_314-372_1DH3:A:	0	0	0	1	0	1	1	2	0	54
ANID_11892T0_566-667,764-874_1Y44:A:1-307	11	14	2	7	0	35	16	14	0	307
ANID_11892T0_11-79,119-159,292-369,429-441_1Y44:A:1-307	11	14	2	7	0	35	16	14	0	307
ANID_11894T0_10-191_2FG1:A:2-155	1	6	1	4	0	17	10	12	0	155
ANID_11895T0_137-249_1MFI:A:	1	7	4	2	0	13	5	3	0	114
ANID_11897T0_33-254_1BOL:A:	2	7	3	6	0	29	18	15	0	222
ANID_11900T0_203-253_1GL2:C:	0	0	0	1	0	2	0	0	0	64
ANID_11902T0_8-237_1SOU:A:	3	10	3	5	0	28	20	1	0	193
ANID_11903T0_3-352_1JU3:A:5-351	2	14	1	13	1	36	21	29	0	347
ANID_11903T0_364-590_1JU3:A:352-574	4	11	4	0	0	33	18	11	0	223
ANID_11904T0_73-168_2PYT:A:100-227	2	9	3	0	0	17	6	8	0	128
ANID_11908T0_7-321_1XCR:A:3-315	5	20	1	6	0	40	24	11	0	313
ANID_11910T0_17-162_1ZD0:A:9-144	1	4	0	6	0	10	6	5	0	138
ANID_11913T0_4-116_1XTE:A:	0	3	2	4	0	9	3	6	0	116
ANID_11913T0_313-384_1GL2:D:	0	0	0	1	0	2	0	0	0	64
ANID_11916T0_171-357_1GSO:A:104-327	3	9	1	7	0	21	8	11	0	224
ANID_11917T0_35-230_2CL5:A:3-216	0	7	3	9	1	21	10	9	0	215
ANID_11920T0_31-341_1JS8:A:2503-2791	6	6	6	9	0	29	19	22	0	289
ANID_11922T0_105-231_1IQP:A:2-232	0	7	4	13	0	20	11	14	0	231
ANID_11924T0_37-139_1OG2:A:	9	9	4	17	0	50	25	22	0	462
ANID_11927T0_301-450,480-524,554-638,666-866_1FO3:A:	8	18	3	16	0	47	22	26	0	457
ANID_11927T0_1425-1527_1VKB:A:	2	7	2	2	0	16	12	9	0	160
ANID_11930T0_97-333_1V5W:A:	4	10	3	8	0	21	13	14	0	258
ANID_11930T0_15-76_1SZP:A:81-144	0	0	1	4	0	8	7	4	0	64
ANID_11932T0_151-198,242-254_1HYI:A:	0	4	0	1	0	11	5	3	0	65
ANID_11932T0_460-505_1IYM:A:	0	2	0	1	0	11	6	4	0	54
ANID_11933T0_92-140_2HAP:C:55-97	0	0	1	2	0	6	3	2	0	43
ANID_11934T0_1203-1449_2HYD:A:324-578	2	10	5	9	0	25	21	16	0	255
ANID_11934T0_599-825_1R0W:A:	0	11	2	12	1	27	19	16	0	281
ANID_11934T0_876-1184_3B60:A:10-328	0	0	1	11	0	6	9	9	0	319
ANID_11934T0_241-542_2HYD:A:1-323	0	0	1	15	1	9	5	12	0	323
ANID_11939T0_287-545_1SKY:E:83-356	6	11	4	9	0	36	19	17	0	274
ANID_11939T0_555-641_1SKY:E:357-470	2	0	1	5	0	7	5	6	0	114
ANID_11939T0_102-172_1SKY:B:21-95	0	6	1	0	0	7	5	6	0	75
ANID_11941T0_7-179_1E3J:A:4-142,A:313-351	5	12	4	3	0	23	8	10	1	178
ANID_11941T0_144-325_1E3J:A:143-312	0	6	0	8	0	21	14	9	0	170
ANID_11942T0_10-212_1ESM:A:	2	11	7	10	0	27	16	22	0	311
ANID_11943T0_9-250_1NRI:A:	2	5	4	9	0	21	14	19	0	248
ANID_11943T0_468-690_2CH5:A:118-344	0	6	3	9	0	18	13	11	0	227
ANID_11943T0_327-458_2AA4:A:1-119	0	7	2	3	0	12	7	6	0	119
ANID_11946T0_88-197_1TYE:A:	12	36	2	4	0	66	33	39	0	452
ANID_11947T0_201-356_1TW3:A:99-351	2	7	3	12	0	24	12	15	0	253
ANID_11949T0_2-307_2DG1:A:6-324	6	25	6	0	0	47	21	19	0	320
ANID_11950T0_4-46_1CLD:A:	0	0	0	2	0	4	2	1	0	33
ANID_11951T0_3-96_1J3L:A:	7	13	0	4	0	22	17	9	0	164
ANID_11954T0_440-863_1CLC:A:135-575	10	5	2	15	0	49	29	24	0	441
ANID_11959T0_3-167_1I01:A:	2	7	3	9	0	21	12	12	0	241
ANID_11961T0_6-68_1YDL:A:6-71	0	3	0	2	0	7	3	4	0	66
ANID_11968T0_27-263_2B3Z:A:146-359	4	9	0	7	0	26	18	13	0	214
ANID_11970T0_63-255_1T43:A:	2	9	3	11	0	29	18	14	0	274
ANID_11979T0_32-256_1GBG:A:	7	16	2	1	0	25	12	12	0	214
ANID_11981T0_29-236_1W1O:A:40-245	2	10	2	6	0	23	19	14	0	206
ANID_11984T0_396-679_2Q80:A:6-296	0	2	0	15	0	16	4	15	0	291
ANID_11984T0_32-313_1DI1:A:	0	0	0	13	0	17	9	12	0	300
ANID_11985T0_3-249_1U9C:A:	6	11	6	7	0	27	12	15	0	221
ANID_11986T0_13-211_1P49:A:	2	17	7	13	0	62	48	36	0	553
ANID_11989T0_48-357_1W9Y:A:2-308	1	12	5	7	0	27	12	12	0	307
ANID_11991T0_41-197_1W3B:A:	0	0	0	23	0	35	6	26	0	388
ANID_11992T0_5-47_2IUB:A:286-349	0	0	0	2	0	2	2	2	0	64
ANID_11994T0_54-279_1TX4:A:	0	0	4	12	0	17	9	13	0	196
ANID_11997T0_8-281_2EFK:A:10-288	0	0	1	6	0	5	3	5	0	279
ANID_11997T0_386-442_1XA6:A:209-270	3	2	1	0	0	13	5	5	0	62
ANID_11997T0_562-640_1ZUU:A:2-57	3	5	1	0	0	9	3	3	0	55
ANID_11997T0_661-725_1SHF:A:	3	5	1	0	0	9	3	2	0	59
ANID_12002T0_28-256_2A1X:A:43-338	5	15	4	5	0	35	14	11	0	296
ANID_12005T0_37-431_1YZY:A:1-412	3	18	4	15	0	39	22	24	0	412
ANID_12006T0_36-77_1CLD:A:	0	0	0	2	0	4	2	1	0	33
ANID_12008T0_22-197_1LS6:A:	5	6	1	14	0	30	16	23	0	288
ANID_12011T0_45-156_1RQ0:A:	0	11	3	9	0	23	14	13	0	333
ANID_12014T0_8-50_1CLD:A:	0	0	0	2	0	4	2	1	0	33
ANID_12021T0_22-211_1CI9:A:	7	15	6	14	0	46	29	29	0	377
ANID_12022T0_3-174,299-381_3C96:A:4-182,A:294-402	1	13	1	8	0	26	14	13	1	288
ANID_12033T0_20-326_1VJ5:A:226-547	0	8	9	13	0	29	21	23	0	321
ANID_12035T0_50-133_1G5C:A:	0	5	2	6	0	17	8	11	0	169
ANID_12042T0_32-258,307-357_1EL5:A:1-217,A:322-385	0	16	6	7	0	31	12	17	1	281
ANID_12045T0_19-65_1I50:I:1-49	2	4	0	0	0	7	4	1	0	49
ANID_12050T0_2-120_1Y81:A:6-121	1	7	1	4	0	18	8	9	0	116
ANID_12054T0_61-415_1W3B:A:	0	0	0	23	0	35	6	26	0	388
ANID_12058T0_484-748_1OZ4:A:471-763	2	0	3	7	0	31	24	19	0	292
ANID_12058T0_209-427_1E32:A:201-458	3	5	4	12	0	28	13	14	0	258
ANID_12058T0_19-93_1CZ4:A:1-91	0	6	0	2	0	11	5	5	0	91
ANID_12059T0_33-170_2B3J:A:1-151	2	5	0	5	0	15	6	13	0	151
ANID_12062T0_17-137_2F0X:A:3-138	3	6	2	2	0	13	5	6	0	136
ANID_12065T0_11-95_1XKT:A:	2	7	3	8	0	30	19	12	0	288
ANID_12066T0_1-152_1J3N:A:1-249	6	7	5	10	0	28	13	15	0	249
ANID_12068T0_14-300_1R5Y:A:	2	15	2	16	0	40	20	21	0	372
ANID_12069T0_24-340_1CI7:A:	3	9	4	8	0	31	18	17	0	295
ANID_12070T0_22-535_1MT5:A:	4	11	7	22	0	56	40	33	0	537
ANID_12071T0_3-93_1YAT:A:	2	7	3	1	0	16	4	8	0	113
ANID_12073T0_574-899_1M8Z:A:	0	2	4	27	0	17	16	26	0	339
ANID_12074T0_5-188,245-461_1PW4:A:	2	0	1	18	0	21	18	22	0	450
ANID_12076T0_102-120,154-236_1BUO:A:	0	3	1	6	0	11	5	4	0	121
ANID_12079T0_4-53_1XF7:A:	0	2	0	1	0	4	3	1	0	29
ANID_12079T0_69-107_1D66:A:8-48	0	0	0	2	0	4	1	2	0	41
ANID_12082T0_39-459_1PV7:A:	0	0	2	22	0	18	12	14	0	417
ANID_12086T0_2-137_1X6M:A:	1	11	5	3	0	24	13	10	0	195
ANID_12088T0_3-226_1W4X:A:10-154,A:390-542	6	10	5	9	0	33	21	19	1	298
ANID_12088T0_272-531_1W4X:A:10-154,A:390-542	6	10	5	9	0	33	21	19	1	298
ANID_12089T0_1-111_2FTR:A:4-106	2	4	1	4	0	6	5	5	0	103
ANID_12090T0_152-368_1FP1:D:129-372	0	8	1	9	0	19	10	13	0	244
ANID_12090T0_37-121_2CFX:A:1-63	0	1	1	3	0	6	2	4	0	63
ANID_12091T0_205-675_1TQN:A:	5	9	7	18	0	43	20	30	0	472
ANID_12093T0_7-316,463-498_1SEZ:A:13-329,A:442-497	7	15	2	15	0	38	28	17	1	373
ANID_12097T0_22-335_1NKG:A:1-250	4	20	4	0	0	35	14	17	0	250
ANID_12097T0_439-657_1NKG:A:338-508	2	10	4	1	0	22	17	11	0	171
ANID_12097T0_338-428_1NKG:A:251-337	2	8	1	0	0	14	4	4	0	87
ANID_12098T0_49-229_1G5B:A:	2	10	3	8	0	26	14	12	0	219
ANID_12100T0_10-220_1EDO:A:	2	7	2	10	0	24	12	13	0	244
ANID_12101T0_2-365_1OYB:A:	6	12	6	13	0	45	27	29	0	399
ANID_12102T0_3-43_1ITP:A:	0	4	0	2	0	7	7	2	0	76
ANID_12105T0_311-398_1M62:A:	0	0	0	3	0	5	4	3	0	86
ANID_12105T0_162-229_1P98:A:	0	5	1	1	0	12	7	7	0	78
ANID_12107T0_534-578_2IUB:A:286-349	0	0	0	2	0	2	2	2	0	64
ANID_12108T0_42-566_1MT5:A:	4	11	7	22	0	56	40	33	0	537
ANID_12112T0_11-177_1KSH:A:	0	6	4	5	0	17	8	14	0	165
ANID_12113T0_272-389_1YR0:A:4-166	0	7	2	4	0	10	4	9	0	163
ANID_12116T0_26-473_1PW4:A:	2	0	1	18	0	21	18	22	0	450
ANID_12117T0_2-139_1G1A:A:	3	13	4	12	0	40	20	14	0	352
ANID_12120T0_67-106_1PYI:A:30-71	0	2	0	2	0	6	1	3	0	42
ANID_12121T0_7-109_1WGK:A:	3	4	1	3	0	16	10	4	0	113
ANID_12122T0_21-199_2IC8:A:91-272	0	0	3	8	0	13	9	4	0	182
ANID_12124T0_120-504_1M22:A:	4	13	4	17	0	45	21	40	0	490
ANID_12125T0_8-104_1FMC:A:	2	7	3	9	0	25	11	15	0	255
ANID_12126T0_95-147,287-531_1OT8:A:	2	0	0	13	0	26	3	23	0	209
ANID_12126T0_64-251_1UOH:A:	0	0	1	14	0	27	7	20	0	223
ANID_12126T0_7-50_1FQV:A:107-145	0	0	0	3	0	4	4	4	0	39
ANID_12129T0_18-469_1PW4:A:	2	0	1	18	0	21	18	22	0	450
ANID_12130T0_2-209_1E5K:A:	0	9	1	7	0	22	13	14	0	188
ANID_12131T0_5-145_1RV8:A:	3	8	0	11	0	31	14	11	0	305
ANID_12138T0_275-383_1ERJ:A:	2	30	1	1	0	43	24	22	0	388
ANID_12142T0_12-70_1QJV:A:	5	28	2	5	0	53	36	22	0	342
ANID_12147T0_1-109_1SBZ:A:	2	6	2	7	0	19	9	11	0	186
ANID_12148T0_45-87_1ZME:C:31-66	0	0	0	2	0	4	1	2	0	36
ANID_12151T0_9-99_1SFE:A:93-176	2	2	1	4	0	12	4	9	0	84
ANID_12153T0_41-146,206-268_1FOH:A:1-240,A:342-461	4	15	4	9	0	43	22	18	1	360
ANID_12153T0_360-434_1FOH:A:462-662	10	7	3	4	0	22	21	18	0	201
ANID_12154T0_1-143_1E3J:A:4-142,A:313-351	5	12	4	3	0	23	8	10	1	178
ANID_12154T0_142-314_1PQW:A:	0	7	2	7	0	15	7	13	0	183
ANID_12161T0_13-139_1UD9:A:127-245	1	9	3	2	0	13	7	3	0	119
ANID_12168T0_418-559_1TQY:A:3-218	5	7	2	5	0	21	7	8	0	166
ANID_12169T0_29-189,235-328_1BYG:A:	2	8	4	9	0	25	10	13	0	262
ANID_12171T0_5-106_1LVF:A:	0	0	1	3	0	5	2	3	0	106
ANID_12171T0_148-218_1SFC:H:	0	0	0	1	0	3	2	0	0	86
ANID_12172T0_156-279_1JBI:A:	4	8	0	1	0	18	11	5	0	100
ANID_12173T0_7-333_2OVR:B:2365-2706	0	32	2	1	0	36	24	21	0	342
ANID_12178T0_100-200_1I7O:A:214-429	6	15	5	3	0	34	15	10	0	216
ANID_12179T0_105-213_1P22:A:253-545	0	28	0	1	0	35	23	13	0	293
ANID_12182T0_710-878_1G29:1:1-240	1	11	4	8	0	20	15	14	0	240
ANID_12182T0_60-276_1OXS:C:1-242	0	11	6	8	0	23	18	13	0	242
ANID_12186T0_15-288_1YBV:A:	2	7	6	9	0	26	16	13	0	270
ANID_12187T0_13-258_2BGK:A:11-278	0	7	5	9	0	26	17	16	0	268
ANID_12188T0_4-379_1TQY:A:219-423	5	7	2	5	0	21	7	8	0	166
ANID_12188T0_494-626,693-794_1MLA:A:3-127,A:198-307	2	5	1	12	0	22	14	13	1	235
ANID_12188T0_626-691_1MLA:A:128-197	0	4	0	2	0	6	5	4	0	70
ANID_12191T0_2-75_1PW4:A:	2	0	1	18	0	21	18	22	0	450
ANID_12192T0_12-139_2H8A:A:9-147	0	0	1	7	0	6	5	7	0	139
ANID_12193T0_14-324_1EVQ:A:	0	8	4	9	0	28	16	23	0	308
ANID_12194T0_58-91,125-278_1VJN:A:	2	14	1	3	0	24	15	9	0	219
ANID_12200T0_45-87_1O6W:A:1-29	0	3	0	0	0	4	1	2	0	29
ANID_12201T0_91-192_1AYF:A:	2	5	2	3	0	14	4	10	0	103
ANID_12203T0_316-416_1A79:A:83-179	0	6	1	2	0	10	6	8	0	97
ANID_12204T0_1146-1298_1KZY:C:1714-1866	1	6	1	4	0	12	6	7	0	153
ANID_12208T0_100-198_1W3B:A:	0	0	0	23	0	35	6	26	0	388
ANID_12213T0_7-94_1EZV:G:	4	1	2	2	0	9	6	2	0	93
ANID_12215T0_6-130,191-244,311-1342,1438-1610_1I50:A:	24	46	14	45	0	162	93	81	0	1449
ANID_12217T0_2-281,334-366_1PV7:A:	0	0	2	22	0	18	12	14	0	417
ANID_12219T0_296-441_1JKS:A:	7	9	4	9	0	33	20	13	0	293
ANID_12220T0_41-96_2F2A:A:1-485	12	11	6	15	0	46	29	35	0	485
ANID_12221T0_31-252_1O0Y:A:	0	8	2	11	0	23	14	10	0	259
ANID_12222T0_2-254_1PV7:A:	0	0	2	22	0	18	12	14	0	417
ANID_12228T0_43-107_1ID3:B:	0	3	1	3	0	8	3	4	0	79
ANID_12229T0_178-314_1WJ4:A:	1	5	0	1	0	15	10	6	0	123
ANID_12229T0_5-41_1WHC:A:	0	0	0	3	0	7	3	4	0	63
ANID_12231T0_886-968_2AVN:A:1-246	2	10	3	10	0	28	12	9	0	246
ANID_12233T0_10-103_1LM8:C:	0	3	1	4	0	9	4	6	0	96
ANID_12235T0_354-525_1B89:A:	0	0	2	22	0	24	7	21	0	336
ANID_12235T0_33-234_1K8K:C:	2	28	1	2	0	32	23	22	0	371
ANID_12242T0_71-112_1PYI:A:30-71	0	2	0	2	0	6	1	3	0	42
ANID_12242T0_8-58_2DRP:A:140-165	0	2	0	1	0	5	1	2	0	26
ANID_12243T0_18-196_1IM5:A:	6	6	4	4	0	22	12	14	0	179
ANID_12253T0_57-106_1VHE:A:3-72,A:163-367	1	13	1	8	0	25	16	18	1	273
ANID_12254T0_2-156_1PYF:A:	6	11	6	11	0	33	19	21	0	311
ANID_12255T0_13-297_2GZS:A:41-305	0	8	2	10	0	22	13	14	0	265
ANID_12256T0_4-133,179-194,250-304_2AC7:A:2-232	1	9	1	7	0	25	14	8	0	231
ANID_12256T0_599-709_1W3B:A:	0	0	0	23	0	35	6	26	0	388
ANID_12256T0_481-595_1FCH:A:	0	0	2	17	0	24	6	19	0	323
ANID_12258T0_5-151,218-304_1JYS:A:	2	10	1	6	0	21	9	12	0	230
ANID_12258T0_317-379_1JBK:A:	0	6	2	10	0	18	8	13	0	194
ANID_12260T0_6-125_1WN5:A:2-126	0	6	1	3	0	13	5	8	0	125
ANID_12266T0_24-136_1YGY:A:99-282	3	7	2	7	0	24	14	12	0	184
ANID_12267T0_22-209_1W1O:A:40-245	2	10	2	6	0	23	19	14	0	206
ANID_12271T0_5-47,78-95_1NO8:A:	0	6	0	2	0	11	6	3	0	78
ANID_12274T0_14-424_1PW4:A:	2	0	1	18	0	21	18	22	0	450
ANID_12275T0_6-165_2A9S:A:1-167	0	5	1	6	0	14	11	9	0	167
ANID_12277T0_180-368_1I01:A:	2	7	3	9	0	21	12	12	0	241
ANID_12278T0_19-60_2HAP:C:55-97	0	0	1	2	0	6	3	2	0	43
ANID_12279T0_147-395,467-499_1LG2:A:22-266,A:335-386	1	9	6	9	0	32	20	17	1	297
ANID_12279T0_395-466_1LJY:A:240-307	1	6	0	1	0	6	2	6	0	68
ANID_12279T0_108-141_1ULK:A:1-42	3	2	2	1	0	7	4	4	0	42
ANID_12279T0_66-97_1UHA:A:43-82	5	2	1	1	0	7	4	5	0	40
ANID_12280T0_348-403_1IDZ:A:	0	0	0	3	0	6	4	3	0	54
ANID_12282T0_127-182_1GD2:G:	0	0	0	1	0	3	1	0	0	69
ANID_12283T0_45-189_1TUB:A:246-440	3	3	2	5	0	20	14	11	0	195
ANID_12283T0_1-41_1TUB:A:1-245	0	6	2	9	0	25	23	14	0	245
ANID_12284T0_36-94_1MYO:A:	0	0	1	6	1	12	7	10	0	118
ANID_12290T0_27-287_1GCO:A:	2	7	8	9	0	24	12	14	0	261
ANID_12291T0_8-356_1CI9:A:	7	15	6	14	0	46	29	29	0	377
ANID_12292T0_31-212_1SQG:A:145-428	2	12	5	11	0	31	13	23	0	284
ANID_12293T0_11-63_1XF7:A:	0	2	0	1	0	4	3	1	0	29
ANID_12294T0_3-435_1TVL:A:	6	12	5	13	0	46	33	19	0	430
ANID_12295T0_49-295_1UZM:A:9-245	2	7	3	8	0	20	12	10	0	237
ANID_12296T0_14-51_1CLD:A:	0	0	0	2	0	4	2	1	0	33
ANID_12298T0_507-645_1OYJ:A:86-230	0	0	1	8	0	10	5	4	0	145
ANID_12298T0_432-534_1GWC:A:4-86	0	4	0	3	0	9	5	6	0	83
ANID_12299T0_7-147_2IC8:A:91-272	0	0	3	8	0	13	9	4	0	182
ANID_12302T0_8-345_1SVV:A:	2	13	1	14	0	34	22	25	0	340
ANID_12303T0_60-197_1PV7:A:	0	0	2	22	0	18	12	14	0	417
ANID_12304T0_108-201_1M94:A:	2	5	0	2	0	7	4	6	0	73
ANID_12305T0_1-142_1ELK:A:	0	0	1	9	0	11	7	9	0	153
ANID_12305T0_214-301_1WR6:A:211-300	0	0	0	4	0	6	2	6	0	90
ANID_12306T0_23-234,262-295_1YB1:A:	0	7	1	10	0	18	5	15	0	244
ANID_12307T0_73-183_2OV9:A:7-209	3	7	2	3	0	22	12	13	0	203
ANID_12309T0_10-70_1GYH:A:	5	23	3	2	0	39	25	22	0	318
ANID_12316T0_9-140_1UAQ:A:	0	5	0	8	0	15	4	9	0	151
ANID_12319T0_1-60_2ZJR:W:1-55	2	2	1	2	0	8	5	4	0	55
ANID_12322T0_135-245,306-467,550-667_1LW3:A:199-586	4	7	4	16	0	45	18	24	0	388
ANID_12322T0_6-127_1LW3:A:74-198	0	7	4	1	0	10	5	7	0	125
ANID_12326T0_38-245_1D7B:A:	5	13	1	1	0	24	10	12	0	185
ANID_12330T0_38-133_1MWQ:A:	0	4	1	4	0	10	2	5	0	100
ANID_12331T0_1-376,407-427_2IX4:A:301-461	2	7	2	5	0	21	9	9	0	161
ANID_12331T0_551-679,749-848_1MLA:A:3-127,A:198-307	2	5	1	12	0	22	14	13	1	235
ANID_12331T0_2016-2202_2FR1:A:1657-1915	2	9	2	10	0	25	12	17	0	259
ANID_12331T0_1661-1770_1D1T:A:1-162,A:339-374	4	11	3	3	0	25	18	12	1	197
ANID_12331T0_683-746_1MLA:A:128-197	0	4	0	2	0	6	5	4	0	70
ANID_12331T0_2322-2392_2PNG:A:1-76	0	0	1	5	0	12	9	8	0	89
ANID_12333T0_7-56,113-278_1PV7:A:	0	0	2	22	0	18	12	14	0	417
ANID_12335T0_14-273_1JQI:A:4-234	3	8	4	7	0	17	12	12	0	231
ANID_12335T0_258-415_2D29:A:235-387	1	2	3	5	0	4	4	6	0	153
ANID_12339T0_156-284_1URH:A:149-268	3	4	2	4	0	17	9	5	0	120
ANID_12339T0_9-146_1RHS:A:1-149	3	5	0	5	0	19	9	11	0	149
ANID_12346T0_525-677_1AZW:A:	1	8	5	12	0	26	20	23	0	313
ANID_12347T0_290-347_2DKT:A:8-81	2	4	0	1	0	10	11	2	0	74
ANID_12347T0_378-429_1IYM:A:	0	2	0	1	0	11	6	4	0	54
ANID_12352T0_231-322_1PUI:A:	2	7	3	5	0	15	9	7	0	188
ANID_12354T0_41-164_1N8Y:C:323-488	5	9	4	3	0	26	15	14	0	166
ANID_12356T0_2-180_1OT8:A:	2	0	0	13	0	26	3	23	0	209
ANID_12358T0_71-177_1OB8:A:	0	8	1	3	0	8	6	5	0	124
ANID_12360T0_463-518,570-660_2GM3:A:5-175	2	5	1	5	0	17	9	6	0	171
ANID_12366T0_2-70,103-310_1PV7:A:	0	0	2	22	0	18	12	14	0	417
ANID_12367T0_1-394_1G6S:A:	6	24	7	12	0	45	26	19	0	427
ANID_12367T0_600-840_1QFE:A:	4	10	4	9	0	26	14	12	0	252
ANID_12367T0_948-1131_1NVT:A:111-287	0	6	0	7	0	21	11	9	0	177
ANID_12367T0_839-947_1NVT:A:1-110	0	6	2	3	0	12	4	8	0	105
ANID_12367T0_421-573_1SHK:A:	0	5	1	7	0	12	6	5	0	173
ANID_12368T0_431-855_2JG0:A:37-547	13	16	6	19	0	52	31	30	0	511
ANID_12368T0_135-211_1YQ2:A:4-219	2	16	5	0	0	32	21	15	0	216
ANID_12374T0_312-420,705-795_1KLX:A:	0	0	0	8	0	11	4	8	0	133
ANID_12376T0_46-192_1HDC:A:	2	7	5	9	0	23	16	15	0	254
ANID_12380T0_81-385_1WRB:A:164-401	2	8	2	8	0	26	18	9	0	238
ANID_12381T0_96-360_2GL5:A:123-400	7	10	3	9	0	36	19	16	0	278
ANID_12381T0_4-113_2GL5:A:1-122	1	3	4	4	0	9	8	8	0	121
ANID_12381T0_388-431_1CLD:A:	0	0	0	2	0	4	2	1	0	33
ANID_12382T0_43-399_1NBF:A:	6	16	6	11	0	38	19	20	0	347
ANID_12386T0_86-224_2AF7:A:1-119	0	0	0	8	1	9	2	7	0	119
ANID_12389T0_1-154,186-422_1S4B:P:	4	10	7	26	0	53	26	37	0	654
ANID_12390T0_42-249_1K6X:A:	2	13	3	12	0	37	26	20	0	350
ANID_12391T0_29-163_3B8L:A:1-144	0	7	2	3	0	9	4	5	0	144
ANID_12393T0_55-184_1W9S:A:	1	11	0	0	0	17	12	6	0	134
ANID_12394T0_9-97_2CHC:A:1-167	0	7	1	4	0	8	5	7	0	167
ANID_12396T0_33-126_1MUM:A:	3	8	1	13	0	30	19	11	0	289
ANID_12399T0_91-148,228-338_1TJC:A:	0	0	0	5	0	8	1	4	0	95
ANID_12401T0_5-143_1MDB:A:	4	27	3	18	0	60	32	36	0	536
ANID_12401T0_279-361_1DNY:A:	0	0	0	4	0	8	7	2	0	76
ANID_12401T0_763-842_1KRR:A:	6	18	1	3	0	40	15	16	0	200
ANID_12401T0_454-583_1KRR:A:	6	18	1	3	0	40	15	16	0	200
ANID_12401T0_1057-1171_1XHD:A:	2	20	0	1	0	37	1	18	0	172
ANID_12403T0_5-98_1OEB:A:	3	5	1	0	0	10	4	3	0	59
ANID_12403T0_821-954_2F4M:A:164-450	1	11	3	10	0	27	16	14	0	287
ANID_12404T0_68-446_1RQX:A:	2	10	6	11	0	31	17	22	0	338
ANID_12408T0_41-399_1G3J:A:	2	0	4	35	0	31	15	35	0	531
ANID_12410T0_2-102_2EX4:A:2-224	2	9	5	8	0	18	12	9	0	222
ANID_12416T0_1-55_1S0U:A:348-437	0	6	0	0	0	8	3	5	0	90
ANID_12417T0_90-146,190-212_1F3U:D:	0	9	5	1	0	18	9	3	0	162
ANID_12419T0_69-259_1I50:A:	24	46	14	45	0	162	93	81	0	1449
ANID_12420T0_11-247,384-420_1W9P:A:39-298,A:361-433	4	9	9	11	0	41	22	17	1	333
ANID_12420T0_311-349_1UHA:A:1-42	3	2	2	1	0	7	4	4	0	42
ANID_12422T0_133-313_1H6K:A:27-290	3	2	4	12	0	21	8	8	0	264
ANID_12425T0_114-228,358-447_2CKH:A:419-643	2	6	1	8	0	22	10	13	0	225
ANID_12427T0_16-98_2CR2:A:8-153	4	10	1	1	0	22	13	6	0	146
ANID_12428T0_120-188_1C4X:A:	0	8	4	12	0	29	23	15	0	281
ANID_12429T0_176-247,276-528_1OXW:A:	8	8	9	12	0	35	16	21	0	360
ANID_12431T0_38-147,281-466_1UPK:A:	2	0	4	20	0	16	12	16	0	330
ANID_12436T0_35-125_1AUI:A:	6	14	3	13	0	41	29	19	0	473
ANID_12437T0_31-236_2EX4:A:2-224	2	9	5	8	0	18	12	9	0	222
ANID_12438T0_34-213_1GXR:A:	2	31	0	0	0	37	29	20	0	336
ANID_12439T0_62-273_1J97:A:	3	7	3	9	1	19	10	11	0	210
ANID_12440T0_14-323_1TQY:A:219-423	5	7	2	5	0	21	7	8	0	166
ANID_12440T0_478-603,668-763_1MLA:A:3-127,A:198-307	2	5	1	12	0	22	14	13	1	235
ANID_12440T0_1307-1378_1F80:D:	2	0	0	5	0	8	3	2	0	80
ANID_12440T0_1193-1265_1KLP:A:	0	0	0	4	0	14	8	8	0	115
ANID_12440T0_604-665_1MLA:A:128-197	0	4	0	2	0	6	5	4	0	70
ANID_12441T0_78-288_1I7O:A:214-429	6	15	5	3	0	34	15	10	0	216
ANID_12442T0_7-49_2HAP:C:55-97	0	0	1	2	0	6	3	2	0	43
ANID_12444T0_14-71_1X25:A:1-124	0	8	3	2	0	14	9	4	0	124
ANID_12445T0_199-454_1OMZ:A:	3	13	1	7	0	26	18	19	0	265
ANID_12448T0_36-113_1N11:A:	0	0	1	24	0	48	15	35	0	408
ANID_12448T0_145-249_1R29:A:	0	3	0	6	0	11	5	9	0	122
ANID_12449T0_81-253_1F8G:A:1-143,A:327-384	0	10	9	7	0	21	8	12	1	201
ANID_12449T0_222-401_1F8G:A:144-326	2	9	2	5	0	24	12	14	0	183
ANID_12458T0_89-590_1MDB:A:	4	27	3	18	0	60	32	36	0	536
ANID_12461T0_168-657_1G3J:A:	2	0	4	35	0	31	15	35	0	531
ANID_12463T0_2-250_1IAL:A:	0	0	4	28	0	36	22	21	0	453
ANID_12464T0_23-126_1PV7:A:	0	0	2	22	0	18	12	14	0	417
ANID_12465T0_46-381_1JEH:A:1-160,A:283-355	5	10	0	6	0	22	12	12	1	233
ANID_12466T0_47-274_1M0W:A:6-210,A:324-491	3	18	5	11	0	34	15	17	1	373
ANID_12467T0_7-144_2HYD:A:324-578	2	10	5	9	0	25	21	16	0	255
ANID_12468T0_169-239_1REO:A:3-319,A:433-486	3	16	7	15	0	35	20	23	1	371
ANID_12470T0_20-70_2EPS:A:408-446	0	2	0	1	0	5	5	1	0	39
