PDB_ID	B	E	G	H	I	L	S	T	X	sequence_length
gnl|GLV|CAGL0C04114g_40-134_1ID3:A:	0	2	0	4	0	9	3	4	0	97
gnl|GLV|CAGL0H09856g_40-134_1ID3:A:	0	2	0	4	0	9	3	4	0	97
gnl|GLV|CAGL0M06655g_40-134_1ID3:A:	0	2	0	4	0	9	3	4	0	97
gnl|GLV|CAGL0K12694g_149-374_1YAG:A:147-375	0	9	6	10	0	25	15	15	0	229
gnl|GLV|CAGL0K12694g_7-146_1YAG:A:4-146	0	10	2	4	0	16	11	9	0	143
gnl|GLV|CAGL0L04840g_22-143_1FJG:L:	1	6	1	1	0	20	8	9	0	125
gnl|GLV|CAGL0J03058g_13-533_1DQU:A:	3	13	5	23	0	50	31	25	0	519
gnl|GLV|CAGL0J04268g_239-518_2G39:A:224-497	2	17	5	10	0	29	21	17	0	274
gnl|GLV|CAGL0J04268g_8-237_2G39:A:3-223	10	9	3	6	0	25	19	14	0	221
gnl|GLV|CAGL0A03740g_137-308_1W07:A:2-272	6	11	5	8	0	26	14	14	0	271
gnl|GLV|CAGL0A03740g_550-715_1IS2:A:475-655	0	0	3	10	0	10	6	12	0	181
gnl|GLV|CAGL0A03740g_331-506_1IS2:A:272-460	3	0	4	6	0	10	7	7	0	189
gnl|GLV|CAGL0L00649g_65-699_1RY2:A:	13	28	0	20	0	87	54	43	0	640
gnl|GLV|CAGL0B02717g_40-667_1RY2:A:	13	28	0	20	0	87	54	43	0	640
gnl|GLV|CAGL0J05984g_6-345_1A4M:A:	2	8	6	15	0	34	19	18	0	349
gnl|GLV|CAGL0M08712g_57-280_1UOH:A:	0	0	1	14	0	27	7	20	0	223
gnl|GLV|CAGL0D01122g_50-494_2BIS:A:1-437	4	17	6	16	0	48	27	24	0	437
gnl|GLV|CAGL0K12342g_52-430_2F9F:A:2-167	2	6	1	7	0	19	11	10	0	166
gnl|GLV|CAGL0M05731g_5-427_2F9F:A:2-167	2	6	1	7	0	19	11	10	0	166
gnl|GLV|CAGL0H04125g_8-194_1W1O:A:40-245	2	10	2	6	0	23	19	14	0	206
gnl|GLV|CAGL0H07491g_252-452_1FQV:A:146-431	8	13	3	8	0	55	21	24	0	286
gnl|GLV|CAGL0I04180g_1-41_1CO4:A:	0	3	1	0	0	6	4	2	0	42
gnl|GLV|CAGL0D02398g_11-223_1FJ2:A:	2	9	5	5	0	26	16	11	0	231
gnl|GLV|CAGL0B01507g_28-423_1VEF:A:9-395	3	17	2	15	0	38	24	27	0	387
gnl|GLV|CAGL0M03201g_165-311,385-488_1C0G:A:147-375	0	9	6	10	0	23	12	12	0	229
gnl|GLV|CAGL0M03201g_12-170_1C0G:A:1-146	0	10	2	4	0	13	10	8	0	146
gnl|GLV|CAGL0L12166g_174-415_1YAG:A:147-375	0	9	6	10	0	25	15	15	0	229
gnl|GLV|CAGL0L12166g_5-139_1YAG:A:4-146	0	10	2	4	0	16	11	9	0	143
gnl|GLV|CAGL0L06314g_9-232_1XGS:A:1-194,A:272-295	7	13	0	4	0	29	8	16	1	218
gnl|GLV|CAGL0L05412g_1-155_1ROC:A:	0	10	2	2	0	19	14	6	0	154
gnl|GLV|CAGL0K06765g_97-180_1WZ3:A:10-93	4	4	0	2	0	10	6	6	0	84
gnl|GLV|CAGL0J03542g_150-412_1UWC:A:	2	13	3	7	0	25	14	17	0	260
gnl|GLV|CAGL0K10692g_7-153,227-327_1SQ9:A:	7	28	4	1	0	39	24	22	0	393
gnl|GLV|CAGL0L06006g_9-313_1MUO:A:	6	6	4	9	0	28	17	16	0	261
gnl|GLV|CAGL0H10428g_288-355,385-426_1OCS:A:	0	3	0	4	0	15	8	7	0	132
gnl|GLV|CAGL0H05841g_73-147,214-345,392-441_1NR0:A:2-312	4	27	1	0	0	38	22	20	0	311
gnl|GLV|CAGL0B00770g_220-530_1PW4:A:	2	0	1	18	0	21	18	22	0	450
gnl|GLV|CAGL0B00770g_100-191_1PV7:A:	0	0	2	22	0	18	12	14	0	417
gnl|GLV|CAGL0J07304g_36-102,132-370_2P82:A:26-359	5	15	3	8	0	30	21	21	0	334
gnl|GLV|CAGL0I02420g_315-590_1JW9:B:	5	8	2	9	0	22	10	18	0	247
gnl|GLV|CAGL0A04675g_1-116_1GNU:A:	4	4	0	4	0	15	8	8	0	117
gnl|GLV|CAGL0M13739g_461-703_3B60:A:329-581	4	10	2	9	0	24	18	16	0	253
gnl|GLV|CAGL0M13739g_121-437_1PF4:A:10-320	0	0	9	16	0	12	11	14	0	310
gnl|GLV|CAGL0H04609g_2386-2507,2537-2683_1E8Y:A:726-1092	0	10	2	12	0	26	15	16	0	367
gnl|GLV|CAGL0H05489g_112-214_2CLY:A:79-183	0	0	1	2	0	2	0	2	0	105
gnl|GLV|CAGL0H01397g_23-129_1ABV:A:	0	0	1	6	0	8	3	4	0	105
gnl|GLV|CAGL0C00473g_2050-2162,2191-2377_1E8Y:A:726-1092	0	10	2	12	0	26	15	16	0	367
gnl|GLV|CAGL0D02354g_134-253_1K1G:A:	0	3	1	4	0	10	10	5	0	122
gnl|GLV|CAGL0D02354g_254-300_1ESK:A:	2	0	0	0	0	11	5	4	0	42
gnl|GLV|CAGL0D00638g_640-685_1FBV:A:356-434	2	2	0	2	0	11	6	5	0	79
gnl|GLV|CAGL0K12408g_150-370_1PJA:A:	2	8	7	11	0	33	16	21	0	268
gnl|GLV|CAGL0J05104g_10-186,223-390_1PW4:A:	2	0	1	18	0	21	18	22	0	450
gnl|GLV|CAGL0F08415g_20-201_1CKI:A:	5	10	3	10	0	30	14	16	0	299
gnl|GLV|CAGL0M09086g_1311-1427_1FAO:A:	0	7	1	1	0	10	6	5	0	100
gnl|GLV|CAGL0I08349g_55-382_1GZ8:A:	3	8	3	10	0	29	17	22	0	298
gnl|GLV|CAGL0C01177g_23-169_2IVX:A:7-149	0	0	1	7	0	11	6	8	0	143
gnl|GLV|CAGL0M10285g_223-349_1ENW:A:	0	0	0	5	0	12	10	7	0	114
gnl|GLV|CAGL0M10285g_41-123_1WEE:A:	0	3	0	1	0	15	10	3	0	71
gnl|GLV|CAGL0H00484g_46-79,127-212,240-367_1NRK:A:1-243	0	11	5	6	0	22	14	17	0	243
gnl|GLV|CAGL0L03201g_257-517,551-578_2OVR:B:2365-2706	0	32	2	1	0	36	24	21	0	342
gnl|GLV|CAGL0L00605g_12-163_1AUI:B:	0	4	3	9	0	17	7	9	0	165
gnl|GLV|CAGL0K02783g_1-256_1IZN:A:	1	10	1	7	0	22	12	12	0	275
gnl|GLV|CAGL0I05214g_1-267_1IZN:B:	0	10	4	7	0	17	10	8	0	270
gnl|GLV|CAGL0I09592g_150-365_1A9X:B:1653-1880	4	10	1	6	0	22	14	15	0	228
gnl|GLV|CAGL0I09592g_2-153_1A9X:B:1502-1652	4	7	2	4	0	22	12	6	0	151
gnl|GLV|CAGL0J06072g_355-515,574-728_1APM:E:	5	9	4	11	0	36	21	20	0	341
gnl|GLV|CAGL0D05962g_95-146_1EF1:C:	1	0	1	5	0	9	1	6	0	90
gnl|GLV|CAGL0L11858g_187-528_1MIW:A:140-404	1	2	5	15	0	24	17	10	0	265
gnl|GLV|CAGL0L11858g_13-185_1VFG:A:1-136	1	7	2	5	0	12	6	9	0	136
gnl|GLV|CAGL0K08184g_76-342_2EUT:A:4-294	6	5	4	14	0	33	17	17	0	291
gnl|GLV|CAGL0H06149g_536-856_1HD7:A:	6	12	5	7	0	32	18	10	0	275
gnl|GLV|CAGL0H06149g_363-495_1O6V:A:33-416	1	19	16	2	0	68	27	29	0	381
gnl|GLV|CAGL0F06017g_76-234_1JK9:B:74-245	1	11	2	2	0	21	15	9	0	172
gnl|GLV|CAGL0F06017g_4-75_1QUP:A:2-73	0	4	1	2	0	7	2	5	0	72
gnl|GLV|CAGL0F03751g_8-101_1H88:C:89-143	0	0	0	3	0	6	5	5	0	55
gnl|GLV|CAGL0M13145g_137-238_1KX5:A:	0	2	0	4	0	17	13	6	0	135
gnl|GLV|CAGL0E06050g_293-591_1D8I:A:	1	12	4	5	0	26	16	5	0	301
gnl|GLV|CAGL0J02112g_21-249_1ION:A:	0	8	2	11	0	24	19	13	0	243
gnl|GLV|CAGL0E04246g_6-150_1ZD0:A:9-144	1	4	0	6	0	10	6	5	0	138
gnl|GLV|CAGL0L08844g_5-61,342-382_1Z63:A:432-661	0	7	2	11	0	24	16	18	0	230
gnl|GLV|CAGL0M08646g_12-336_2OVR:B:2365-2706	0	32	2	1	0	36	24	21	0	342
gnl|GLV|CAGL0B03641g_33-195,296-509_1II6:A:	4	14	4	9	0	34	19	15	0	350
gnl|GLV|CAGL0D02376g_51-489_2OOE:A:21-549	2	0	2	28	0	36	16	28	0	529
gnl|GLV|CAGL0D02376g_513-642_2OOE:A:21-549	2	0	2	28	0	36	16	28	0	529
gnl|GLV|CAGL0E04048g_2-140_1CFY:A:	0	6	1	4	0	14	7	5	0	133
gnl|GLV|CAGL0I02728g_58-105_2HP8:A:	0	0	1	3	0	6	3	5	0	68
gnl|GLV|CAGL0E04334g_49-527_1E9X:A:	5	12	6	18	0	48	21	22	0	449
gnl|GLV|CAGL0F08173g_1-193_1FSI:A:	2	7	1	4	0	18	1	7	0	188
gnl|GLV|CAGL0M05445g_141-202_1P22:A:135-252	0	0	2	7	0	7	4	6	0	114
gnl|GLV|CAGL0G05676g_74-201_1OI0:A:	0	9	0	2	0	14	8	5	0	121
gnl|GLV|CAGL0I01210g_97-289_1MLV:A:50-310	4	6	3	8	0	32	19	16	0	261
gnl|GLV|CAGL0K09306g_340-370,422-495_1XQR:A:87-350	0	0	3	17	0	17	9	12	0	267
gnl|GLV|CAGL0K09416g_56-287_1NI5:A:0-226	2	6	3	9	0	16	9	14	0	226
gnl|GLV|CAGL0L04026g_67-172,202-292_2PG3:A:1-230	0	5	1	10	0	19	14	11	0	230
gnl|GLV|CAGL0I09526g_9-87_1XBL:A:	0	0	0	3	0	7	3	6	0	75
gnl|GLV|CAGL0A00935g_162-205_1JM7:A:	2	0	1	3	0	11	9	5	0	103
gnl|GLV|CAGL0A00935g_106-138_1RGO:A:187-220	2	0	1	1	0	7	4	2	0	34
gnl|GLV|CAGL0J09592g_121-205_2CQI:A:1-90	0	5	0	2	0	9	5	4	0	90
gnl|GLV|CAGL0J09592g_66-89_2CQE:A:429-457	2	0	0	0	0	6	6	2	0	29
gnl|GLV|CAGL0I01408g_4-101_1YCC:A:	2	0	0	5	0	12	5	7	0	108
gnl|GLV|CAGL0F03157g_281-534_2FGE:A:272-539	0	6	3	10	0	23	15	9	0	268
gnl|GLV|CAGL0F03157g_533-783_2FGE:A:540-797	0	6	3	9	0	20	15	6	0	258
gnl|GLV|CAGL0F03157g_25-266_2FGE:A:15-271	3	10	4	10	0	24	18	13	0	257
gnl|GLV|CAGL0F03157g_807-972_2FGE:A:798-993	2	6	1	9	0	14	7	11	0	196
gnl|GLV|CAGL0K01551g_109-319_1HV8:A:3-210	0	7	1	9	0	25	17	9	0	208
gnl|GLV|CAGL0K01551g_257-338,390-517_2J0S:A:244-411	0	7	4	5	0	15	11	10	0	168
gnl|GLV|CAGL0J06908g_223-507_1WRB:A:164-401	2	8	2	8	0	26	18	9	0	238
gnl|GLV|CAGL0L03846g_182-466_1WRB:A:164-401	2	8	2	8	0	26	18	9	0	238
gnl|GLV|CAGL0H03377g_198-485_1WRB:A:164-401	2	8	2	8	0	26	18	9	0	238
gnl|GLV|CAGL0J01045g_113-401_1HV8:A:3-210	0	7	1	9	0	25	17	9	0	208
gnl|GLV|CAGL0L10021g_185-466_2G2J:A:307-474	2	7	1	5	0	20	12	5	0	178
gnl|GLV|CAGL0G07975g_248-578_1HV8:A:3-210	0	7	1	9	0	25	17	9	0	208
gnl|GLV|CAGL0L03047g_156-339,367-429,461-550_1WRB:A:164-401	2	8	2	8	0	26	18	9	0	238
gnl|GLV|CAGL0I02354g_78-377_2J0S:A:244-411	0	7	4	5	0	15	11	10	0	168
gnl|GLV|CAGL0F04983g_9-231_1HV8:A:3-210	0	7	1	9	0	25	17	9	0	208
gnl|GLV|CAGL0F04983g_245-328,383-434_1HV8:A:211-365	1	6	1	6	0	17	12	7	0	155
gnl|GLV|CAGL0M04257g_4-46_1V92:A:	0	0	0	3	0	4	2	4	0	46
gnl|GLV|CAGL0L01727g_41-343_1NC5:A:	11	6	5	13	0	40	21	26	0	363
gnl|GLV|CAGL0I06787g_204-306_4FIV:A:	0	7	1	1	0	16	6	6	0	113
gnl|GLV|CAGL0I06787g_387-425_1Z96:A:295-332	0	0	0	3	0	4	0	2	0	38
gnl|GLV|CAGL0I06787g_10-86_1WXV:A:7-87	2	5	0	2	0	8	6	4	0	79
gnl|GLV|CAGL0L02915g_230-513_1WRB:A:164-401	2	8	2	8	0	26	18	9	0	238
gnl|GLV|CAGL0B03927g_14-48,89-166_2IF1:A:	3	5	1	3	0	19	12	8	0	125
gnl|GLV|CAGL0I03476g_98-385_1S2M:A:252-422	2	7	3	5	0	19	12	8	0	171
gnl|GLV|CAGL0C03223g_126-251_1NEK:B:107-238	0	0	0	8	0	16	6	9	0	132
gnl|GLV|CAGL0C03223g_19-123_1NEK:B:1-106	3	7	0	1	0	15	7	8	0	106
gnl|GLV|CAGL0H07249g_9-379_1DHS:A:	2	9	3	16	0	28	17	24	0	361
gnl|GLV|CAGL0K07854g_5-136_1QGV:A:	1	5	0	3	0	14	10	7	0	137
gnl|GLV|CAGL0G01166g_7-283_1OKC:A:	0	0	6	11	0	19	10	9	0	292
gnl|GLV|CAGL0L07678g_25-312_1ZQ9:A:36-313	2	9	4	11	0	26	16	16	0	278
gnl|GLV|CAGL0F03795g_1-71,128-312_1TUB:B:1-245	2	5	1	8	0	23	21	13	0	243
gnl|GLV|CAGL0E02695g_227-362,390-482_1X9N:A:534-753	5	11	2	6	0	25	17	14	0	220
gnl|GLV|CAGL0E02695g_490-645_1X9N:A:754-901	3	10	1	2	0	17	13	7	0	148
gnl|GLV|CAGL0E02695g_690-784_1CDZ:A:	1	4	1	3	0	15	6	8	0	96
gnl|GLV|CAGL0E02695g_840-945_1WF6:A:	1	4	3	3	0	15	14	3	0	131
gnl|GLV|CAGL0F00407g_74-307_1TE4:A:	0	0	3	6	0	11	9	5	0	111
gnl|GLV|CAGL0J10516g_237-649_1U2Z:A:	7	11	6	12	0	46	21	21	0	406
gnl|GLV|CAGL0B03355g_22-103_1N1J:B:	1	1	1	3	0	7	3	6	0	78
gnl|GLV|CAGL0B01903g_29-175_2BYK:B:11-99	0	1	0	4	0	8	3	5	0	89
gnl|GLV|CAGL0A04499g_2-77_1YWS:A:1-82	0	6	0	2	0	7	3	5	0	82
gnl|GLV|CAGL0C04565g_6-108_1XBL:A:	0	0	0	3	0	7	3	6	0	75
gnl|GLV|CAGL0C04565g_95-173_1WGE:A:8-77	1	5	1	2	0	10	3	4	0	70
gnl|GLV|CAGL0B04961g_1-271_2DEK:A:1-265	7	12	5	10	0	28	14	14	0	265
gnl|GLV|CAGL0J08030g_511-567,635-675,761-894,923-1189_1TGO:A:348-773	5	12	5	13	0	44	20	26	0	426
gnl|GLV|CAGL0J08030g_99-193,241-532_1WNS:A:1-347	2	17	1	10	0	31	20	21	0	347
gnl|GLV|CAGL0D03124g_278-563_1VEC:A:	0	7	1	9	0	25	16	12	0	206
gnl|GLV|CAGL0K02277g_73-163,201-262,308-421_2OVR:B:2365-2706	0	32	2	1	0	36	24	21	0	342
gnl|GLV|CAGL0G05610g_1-147_1J7G:A:	4	8	1	2	0	18	6	8	0	144
gnl|GLV|CAGL0M09977g_268-607_1VHN:A:	0	9	3	14	0	31	18	15	0	317
gnl|GLV|CAGL0L09581g_2-144_1Q5H:C:	3	12	0	1	0	23	8	7	0	146
gnl|GLV|CAGL0F03091g_3-86_1RE6:A:	2	5	0	2	0	15	10	0	0	93
gnl|GLV|CAGL0K02321g_1-118,162-188_2F5K:A:6-88	0	5	2	1	0	7	5	3	0	83
gnl|GLV|CAGL0I09042g_109-214_2G3A:A:1-137	0	6	1	3	0	13	4	5	0	137
gnl|GLV|CAGL0A03234g_4-343_1N0U:A:3-343	9	9	5	14	0	30	13	15	0	341
gnl|GLV|CAGL0A03234g_561-724_1N0U:A:561-725	1	7	1	5	0	15	13	8	0	165
gnl|GLV|CAGL0A03234g_344-481_1N0U:A:344-481	3	10	0	2	0	16	10	11	0	138
gnl|GLV|CAGL0A03234g_726-839_1N0U:A:726-842	0	4	3	3	0	11	3	6	0	117
gnl|GLV|CAGL0A03234g_484-559_1N0U:A:482-560	0	4	1	2	0	9	6	3	0	79
gnl|GLV|CAGL0B03487g_10-214,249-374,420-429,567-639,715-800,910-968,1015-1036_1QBK:B:	0	0	17	47	0	50	54	64	0	888
gnl|GLV|CAGL0B03487g_436-619_1VPL:A:	2	10	2	9	0	18	9	15	0	238
gnl|GLV|CAGL0B03487g_669-729,830-975_1L7V:C:	7	9	2	9	0	28	16	12	0	231
gnl|GLV|CAGL0F01529g_63-344_2BV3:A:7-282	2	11	3	8	0	22	12	14	0	276
gnl|GLV|CAGL0F01529g_538-659_2BV3:A:479-599	1	6	1	2	0	15	8	4	0	121
gnl|GLV|CAGL0F01529g_328-454_2BV3:A:283-403	1	12	0	0	0	15	9	9	0	121
gnl|GLV|CAGL0F01529g_663-751_2BV3:A:600-688	0	4	2	3	0	5	0	4	0	89
gnl|GLV|CAGL0F01529g_462-539_1FNM:A:404-482	0	5	0	2	0	8	3	2	0	79
gnl|GLV|CAGL0K09966g_181-357,450-585_1ORV:A:39-508	12	36	3	4	0	53	35	31	0	470
gnl|GLV|CAGL0K09966g_57-107_1H2T:Z:	3	6	4	4	0	20	12	10	0	146
gnl|GLV|CAGL0H04675g_156-271_2CQ0:A:231-320	0	6	0	2	0	9	8	5	0	90
gnl|GLV|CAGL0L06952g_12-328_1ERJ:A:	2	30	1	1	0	43	24	22	0	388
gnl|GLV|CAGL0J05544g_2-93_1F8H:A:	2	0	1	4	0	12	7	5	0	95
gnl|GLV|CAGL0J05544g_123-217_1F8H:A:	2	0	1	4	0	12	7	5	0	95
gnl|GLV|CAGL0F08261g_145-429_1ONE:A:142-436	4	12	6	9	0	36	18	14	0	295
gnl|GLV|CAGL0F08261g_3-137_1ONE:A:1-141	1	3	1	5	0	15	6	12	0	141
gnl|GLV|CAGL0I02486g_145-434_1ONE:A:142-436	4	12	6	9	0	36	18	14	0	295
gnl|GLV|CAGL0I02486g_3-137_1ONE:A:1-141	1	3	1	5	0	15	6	12	0	141
gnl|GLV|CAGL0L01287g_5-237_2G80:A:17-241	5	6	2	10	0	29	14	14	0	225
gnl|GLV|CAGL0L04950g_389-503,576-803_1VYH:C:92-408	0	28	1	0	0	39	25	14	0	317
gnl|GLV|CAGL0D05940g_12-98,129-215,307-417_1KDG:A:215-512,A:694-755	11	11	11	9	0	49	29	28	1	360
gnl|GLV|CAGL0M11506g_7-115,143-245_1VL8:A:	2	7	6	9	0	25	10	14	0	251
gnl|GLV|CAGL0M11506g_253-336_1PXV:A:	1	8	2	4	0	20	8	11	0	182
gnl|GLV|CAGL0H04653g_72-298,329-369_1VE3:A:2-227	0	10	2	7	0	20	9	11	0	226
gnl|GLV|CAGL0J03696g_165-434_1FY7:A:	3	14	3	7	0	28	15	13	0	273
gnl|GLV|CAGL0J03696g_12-109_1WGS:A:	0	4	0	0	0	9	6	6	0	132
gnl|GLV|CAGL0C03355g_108-196_1FXL:A:37-118	0	6	0	2	0	9	4	5	0	82
gnl|GLV|CAGL0M03113g_72-619_2B7M:A:73-623	0	0	4	22	0	33	25	28	0	551
gnl|GLV|CAGL0K12166g_536-762_2D2S:A:525-753	0	0	2	9	0	10	3	9	0	229
gnl|GLV|CAGL0K12166g_359-460_1ZC3:B:171-279	2	7	0	1	0	8	4	5	0	109
gnl|GLV|CAGL0M06567g_91-381_2J0S:A:244-411	0	7	4	5	0	15	11	10	0	168
gnl|GLV|CAGL0M06567g_59-101_2J0S:A:22-243	0	7	3	9	0	25	14	17	0	223
gnl|GLV|CAGL0K01859g_84-316_1PRY:A:	0	12	1	6	0	21	11	17	0	226
gnl|GLV|CAGL0M07095g_39-379_1EZF:A:	0	0	3	18	0	19	14	22	0	333
gnl|GLV|CAGL0K12144g_40-281_1XQR:A:87-350	0	0	3	17	0	17	9	12	0	267
gnl|GLV|CAGL0F06413g_17-167_1GYC:A:1-130	6	8	3	0	0	20	7	10	0	130
gnl|GLV|CAGL0F06413g_333-536_1A65:A:304-504	3	12	3	5	0	28	17	10	0	201
gnl|GLV|CAGL0F06413g_149-337_1V10:A:137-304	4	11	3	0	0	23	15	7	0	168
gnl|GLV|CAGL0M12661g_13-154_1Y8M:A:1-138	0	0	1	6	0	10	7	7	0	138
gnl|GLV|CAGL0H01705g_21-134_1U79:A:	4	9	2	2	0	19	5	10	0	125
gnl|GLV|CAGL0L11484g_269-437_1YAT:A:	2	7	3	1	0	16	4	8	0	113
gnl|GLV|CAGL0M00638g_244-397_1YAT:A:	2	7	3	1	0	16	4	8	0	113
gnl|GLV|CAGL0K09724g_4-113_1YAT:A:	2	7	3	1	0	16	4	8	0	113
gnl|GLV|CAGL0M05951g_1-128_1WPI:A:1-133	0	4	0	5	2	11	11	6	0	133
gnl|GLV|CAGL0H09768g_1-212_2FMU:A:7-236	0	9	1	8	0	17	11	9	0	230
gnl|GLV|CAGL0J00451g_149-312_1GAD:O:149-312	2	8	3	3	0	15	11	8	0	164
gnl|GLV|CAGL0J00451g_1-168_1GAD:O:0-148,O:313-330	1	8	2	6	0	22	14	10	1	166
gnl|GLV|CAGL0G09383g_149-312_1GAD:O:149-312	2	8	3	3	0	15	11	8	0	164
gnl|GLV|CAGL0G09383g_1-168_1DSS:G:1-148,G:313-334	1	8	3	5	0	21	10	11	1	169
gnl|GLV|CAGL0H05445g_14-553_1GZD:A:	8	13	13	22	0	53	20	27	0	554
gnl|GLV|CAGL0H02057g_40-112_2EY4:C:1-73	2	6	0	0	0	12	4	5	0	73
gnl|GLV|CAGL0F08283g_411-541_1E6I:A:	0	0	2	5	0	8	8	7	0	111
gnl|GLV|CAGL0F08283g_208-367_1YGH:A:	3	6	2	5	0	17	5	9	0	164
gnl|GLV|CAGL0M12276g_435-602_2ATX:A:9-193	0	6	1	6	0	20	11	12	0	185
gnl|GLV|CAGL0M12276g_3-209_1KAO:A:	0	6	1	5	0	17	7	8	0	167
gnl|GLV|CAGL0M12276g_177-284,326-387_1C07:A:	0	2	0	4	0	11	7	6	0	95
gnl|GLV|CAGL0L07304g_16-326_1F48:A:1-296	0	8	6	11	0	31	20	16	0	296
gnl|GLV|CAGL0M03377g_177-363,395-594_1M7X:A:227-622	6	10	8	11	0	43	33	22	0	396
gnl|GLV|CAGL0M03377g_607-704_1M7X:A:623-728	5	8	2	0	0	16	8	6	0	106
gnl|GLV|CAGL0M03377g_59-160_1M7X:A:117-226	1	8	2	0	0	18	8	9	0	110
gnl|GLV|CAGL0K05357g_108-359_1F52:A:101-468	4	12	5	10	0	37	24	21	0	368
gnl|GLV|CAGL0K05357g_20-105_1HTQ:A:1-100	2	5	1	2	0	15	6	3	0	100
gnl|GLV|CAGL0F01749g_11-467_1EJI:A:	6	13	7	18	0	52	32	25	0	478
gnl|GLV|CAGL0I09284g_14-484_2A7V:A:26-488	2	14	5	16	0	43	26	18	0	463
gnl|GLV|CAGL0H09196g_212-313_1S7B:A:	0	0	0	4	0	10	7	3	0	109
gnl|GLV|CAGL0I09922g_88-226,307-365,426-448_1LL2:A:	1	11	7	10	0	24	19	16	0	263
gnl|GLV|CAGL0K01683g_242-394_1EVY:A:198-357	0	0	1	8	0	11	6	8	0	160
gnl|GLV|CAGL0K01683g_43-243_1M66:A:9-197	0	8	1	8	0	20	13	11	0	189
gnl|GLV|CAGL0C05137g_261-413_1EVY:A:198-357	0	0	1	8	0	11	6	8	0	160
gnl|GLV|CAGL0C05137g_63-262_1M66:A:9-197	0	8	1	8	0	20	13	11	0	189
gnl|GLV|CAGL0J05236g_39-284,312-332_1EI6:A:	8	19	7	15	0	50	30	24	0	406
gnl|GLV|CAGL0G08294g_7-251_1YRB:A:1-244	0	7	3	11	0	22	15	9	0	245
gnl|GLV|CAGL0D02816g_191-272_1MKY:A:2-172	2	6	2	6	0	13	10	9	0	171
gnl|GLV|CAGL0D02948g_36-219_1BUP:A:4-188	0	12	1	6	0	18	7	13	0	185
gnl|GLV|CAGL0D02948g_221-413_1BUP:A:189-381	1	6	3	7	0	14	7	9	0	193
gnl|GLV|CAGL0D02948g_415-572_1CKR:A:	1	10	0	2	0	15	14	9	0	159
gnl|GLV|CAGL0D02948g_566-646_1UD0:A:	0	0	1	3	0	3	3	4	0	112
gnl|GLV|CAGL0J03850g_71-173_1DKG:B:38-138	2	6	0	0	0	7	3	3	0	57
gnl|GLV|CAGL0J03850g_174-230_1DKG:A:139-197	2	6	0	0	0	7	3	3	0	59
gnl|GLV|CAGL0H05665g_12-386_1GES:A:3-146,A:263-335	3	10	2	6	0	20	11	15	1	217
gnl|GLV|CAGL0H05665g_362-476_1GES:A:336-450	1	5	2	4	0	12	8	5	0	115
gnl|GLV|CAGL0I00594g_7-194_1BYU:A:	4	8	3	8	0	20	8	14	0	202
gnl|GLV|CAGL0F03927g_189-446_1GPM:A:208-404	0	5	1	8	0	15	5	8	0	197
gnl|GLV|CAGL0F03927g_11-233_1GPM:A:3-207	1	12	1	4	0	26	19	16	0	205
gnl|GLV|CAGL0F03927g_405-525_1GPM:A:405-525	2	4	2	2	0	9	6	7	0	121
gnl|GLV|CAGL0C05489g_363-583_1FKM:A:249-442	2	0	8	8	0	13	13	10	0	194
gnl|GLV|CAGL0C05489g_558-681_1FKM:A:443-630	0	0	1	8	0	10	3	8	0	188
gnl|GLV|CAGL0M02783g_142-224_1YQA:A:171-257	2	2	1	4	0	12	7	4	0	87
gnl|GLV|CAGL0M02783g_9-94_1UST:A:	0	3	0	4	0	10	8	6	0	92
gnl|GLV|CAGL0C04411g_7-128_1ID3:C:	0	3	2	4	0	13	8	7	0	110
gnl|GLV|CAGL0K11440g_7-128_1ID3:C:	0	3	2	4	0	13	8	7	0	110
gnl|GLV|CAGL0C04389g_10-126_1ID3:D:	0	2	0	4	0	8	4	1	0	93
gnl|GLV|CAGL0K11462g_12-128_1ID3:D:	0	2	0	4	0	8	4	1	0	93
gnl|GLV|CAGL0C04136g_3-102_1KX5:B:	0	3	1	3	0	10	6	4	0	102
gnl|GLV|CAGL0H09834g_3-102_1KX5:B:	0	3	1	3	0	10	6	4	0	102
gnl|GLV|CAGL0M06677g_3-102_1KX5:B:	0	3	1	3	0	10	6	4	0	102
gnl|GLV|CAGL0I06248g_453-547,571-806_1OB3:A:	1	8	6	9	0	29	18	19	0	286
gnl|GLV|CAGL0M13519g_101-392_1WRB:A:164-401	2	8	2	8	0	26	18	9	0	238
gnl|GLV|CAGL0L09042g_6-321_1BOB:A:	1	15	2	11	0	26	14	18	0	315
gnl|GLV|CAGL0B03575g_125-404_1ERJ:A:	2	30	1	1	0	43	24	22	0	388
gnl|GLV|CAGL0B02607g_59-469_2BWN:A:2-397	7	14	2	14	0	46	24	23	0	396
gnl|GLV|CAGL0D06138g_15-339_1YLV:A:	6	10	6	11	0	36	22	23	0	341
gnl|GLV|CAGL0J09680g_5-227_1PDA:A:3-219	0	10	3	7	0	25	14	12	0	217
gnl|GLV|CAGL0J09680g_230-324_1GTK:A:220-313	0	3	1	3	0	7	3	6	0	94
gnl|GLV|CAGL0E02805g_19-282,311-375_1ERJ:A:	2	30	1	1	0	43	24	22	0	388
gnl|GLV|CAGL0I00968g_8-44,110-212,268-365_2OVR:B:2365-2706	0	32	2	1	0	36	24	21	0	342
gnl|GLV|CAGL0I00968g_295-465,624-747_1XFD:A:127-591	9	30	2	3	0	57	36	22	0	465
gnl|GLV|CAGL0L00759g_11-232_1H3D:A:5-224	0	11	2	7	0	18	13	10	0	220
gnl|GLV|CAGL0L00759g_234-305_1NH8:A:211-284	0	4	2	2	0	6	3	3	0	74
gnl|GLV|CAGL0J02398g_3-244_1THF:D:	0	11	2	10	0	24	18	15	0	253
gnl|GLV|CAGL0L02937g_103-194_1RHY:A:94-187	0	6	0	2	0	7	3	5	0	94
gnl|GLV|CAGL0L02937g_2-100_1RHY:A:2-93	0	4	0	2	0	10	4	4	0	92
gnl|GLV|CAGL0M11748g_9-341_2GFS:A:5-352	1	10	6	13	0	32	21	20	0	348
gnl|GLV|CAGL0J08756g_421-661_1OUV:A:	0	0	0	15	0	18	7	15	0	272
gnl|GLV|CAGL0J08756g_96-227_1OUV:A:	0	0	0	15	0	18	7	15	0	272
gnl|GLV|CAGL0K02761g_9-143_1ELK:A:	0	0	1	9	0	11	7	9	0	153
gnl|GLV|CAGL0K02761g_209-274_1OEB:A:	3	5	1	0	0	10	4	3	0	59
gnl|GLV|CAGL0C05379g_9-188_1BUP:A:4-188	0	12	1	6	0	18	7	13	0	185
gnl|GLV|CAGL0C05379g_193-385_1BUP:A:189-381	1	6	3	7	0	14	7	9	0	193
gnl|GLV|CAGL0C05379g_391-547_1CKR:A:	1	10	0	2	0	15	14	9	0	159
gnl|GLV|CAGL0C05379g_541-610_1UD0:A:	0	0	1	3	0	3	3	4	0	112
gnl|GLV|CAGL0K04741g_9-188_1BUP:A:4-188	0	12	1	6	0	18	7	13	0	185
gnl|GLV|CAGL0K04741g_193-385_1BUP:A:189-381	1	6	3	7	0	14	7	9	0	193
gnl|GLV|CAGL0K04741g_391-547_1CKR:A:	1	10	0	2	0	15	14	9	0	159
gnl|GLV|CAGL0K04741g_541-610_1UD0:A:	0	0	1	3	0	3	3	4	0	112
gnl|GLV|CAGL0M06083g_196-382_1HJO:A:189-382	1	6	2	6	0	13	8	10	0	194
gnl|GLV|CAGL0M06083g_1-185_1HJO:A:3-188	0	12	2	6	0	18	6	12	0	186
gnl|GLV|CAGL0M06083g_542-641_1DKZ:A:507-603	0	0	1	5	0	5	2	2	0	97
gnl|GLV|CAGL0M06083g_389-495,524-575_1CKR:A:	1	10	0	2	0	15	14	9	0	159
gnl|GLV|CAGL0B02101g_15-296,357-371_1NR0:A:2-312	4	27	1	0	0	38	22	20	0	311
gnl|GLV|CAGL0M10912g_1-72_1M94:A:	2	5	0	2	0	7	4	6	0	73
gnl|GLV|CAGL0H00847g_271-349_1S7B:A:	0	0	0	4	0	10	7	3	0	109
gnl|GLV|CAGL0I04356g_92-377_1FUK:A:	0	7	3	4	0	16	14	7	0	162
gnl|GLV|CAGL0I04356g_59-101_1QDE:A:	1	7	1	8	0	24	11	12	0	212
gnl|GLV|CAGL0E01463g_5-205_1RF8:A:	1	8	1	7	0	28	19	7	0	213
gnl|GLV|CAGL0M00352g_1398-1521_1O7F:A:180-321	0	4	2	5	0	12	12	5	0	142
gnl|GLV|CAGL0M03179g_420-509_1IYG:A:	0	0	0	7	0	9	9	3	0	132
gnl|GLV|CAGL0J10252g_84-262_2CXH:A:13-192	2	9	0	4	0	15	9	8	0	180
gnl|GLV|CAGL0I06050g_14-325,440-537_1JKI:A:9-322,A:438-533	9	15	4	11	0	44	20	20	1	410
gnl|GLV|CAGL0I06050g_326-440_1JKI:A:323-437	2	4	2	4	0	8	4	7	0	115
gnl|GLV|CAGL0E05038g_694-951_1Z63:A:432-661	0	7	2	11	0	24	16	18	0	230
gnl|GLV|CAGL0E05038g_953-1034,1287-1450_1Z3I:X:390-735	0	10	6	11	0	41	29	23	0	346
gnl|GLV|CAGL0M01210g_60-190_1Y6I:A:1-82	0	0	0	5	0	8	5	4	0	82
gnl|GLV|CAGL0J11286g_42-272,299-372_1P22:A:253-545	0	28	0	1	0	35	23	13	0	293
gnl|GLV|CAGL0E05720g_81-354_1MUO:A:	6	6	4	9	0	28	17	16	0	261
gnl|GLV|CAGL0H09878g_3-283_8PRK:A:	5	20	5	3	0	34	16	25	0	282
gnl|GLV|CAGL0M03157g_748-828_1F8H:A:	2	0	1	4	0	12	7	5	0	95
gnl|GLV|CAGL0L04268g_167-238,269-441_1WR8:A:	3	11	4	8	0	31	16	15	0	230
gnl|GLV|CAGL0M02629g_82-207_1Q48:A:	2	3	0	4	0	12	10	10	0	133
gnl|GLV|CAGL0I01364g_25-95_1X4T:A:7-86	0	0	0	2	0	6	5	3	0	79
gnl|GLV|CAGL0D04818g_205-267_1EO0:A:	0	0	0	4	0	7	4	3	0	77
gnl|GLV|CAGL0J02860g_110-343_3DL3:A:5-100	2	7	0	1	0	13	5	7	0	96
gnl|GLV|CAGL0I06490g_18-60,100-369_1P22:A:253-545	0	28	0	1	0	35	23	13	0	293
gnl|GLV|CAGL0I06226g_9-82_1XBL:A:	0	0	0	3	0	7	3	6	0	75
gnl|GLV|CAGL0K11418g_10-219_1AKY:A:3-130,A:169-220	0	5	1	9	0	13	6	8	1	180
gnl|GLV|CAGL0L03245g_17-340_1OKJ:A:1-106	0	5	1	3	0	7	4	4	0	106
gnl|GLV|CAGL0I05236g_150-270_1NE6:A:109-244	0	8	1	5	0	14	5	6	0	136
gnl|GLV|CAGL0I05236g_276-390_1NE6:A:245-376	0	8	3	5	0	15	8	6	0	132
gnl|GLV|CAGL0M08360g_451-760_1IA8:A:	5	12	5	7	0	36	16	18	0	275
gnl|GLV|CAGL0M12034g_10-93,178-362_1A3W:A:2-87,A:189-366	3	8	3	12	0	27	20	10	1	264
gnl|GLV|CAGL0M12034g_370-500_1A3W:A:367-500	0	5	1	5	0	17	10	9	0	134
gnl|GLV|CAGL0M12034g_89-189_1A3W:A:88-188	5	6	0	1	0	17	8	5	0	101
gnl|GLV|CAGL0E05610g_8-93,178-362_1A3W:A:2-87,A:189-366	3	8	3	12	0	27	20	10	1	264
gnl|GLV|CAGL0E05610g_370-502_1A3W:A:367-500	0	5	1	5	0	17	10	9	0	134
gnl|GLV|CAGL0E05610g_89-189_1A3W:A:88-188	5	6	0	1	0	17	8	5	0	101
gnl|GLV|CAGL0F03201g_4-313_1RJD:A:	0	8	2	15	0	27	14	19	0	333
gnl|GLV|CAGL0B01485g_59-338_1RJD:A:	0	8	2	15	0	27	14	19	0	333
gnl|GLV|CAGL0B01485g_376-665_1K3I:A:151-537	9	30	6	0	0	59	29	25	0	387
gnl|GLV|CAGL0H03795g_3-359_2AYQ:A:	2	14	4	13	0	32	18	21	0	356
gnl|GLV|CAGL0F06369g_219-418_1HJO:A:189-382	1	6	2	6	0	13	8	10	0	194
gnl|GLV|CAGL0F06369g_17-211_1DKG:D:3-185	4	12	2	5	0	21	12	11	0	183
gnl|GLV|CAGL0G01430g_240-482_1HS6:A:209-460	1	7	4	11	0	19	10	13	0	252
gnl|GLV|CAGL0G01430g_37-234_1HS6:A:1-208	2	15	4	0	0	20	10	12	0	208
gnl|GLV|CAGL0G01430g_500-651_1HS6:A:461-610	0	0	4	8	0	11	2	8	0	150
gnl|GLV|CAGL0J04422g_449-711_1KSF:X:437-755	2	10	4	12	0	25	21	18	0	319
gnl|GLV|CAGL0J04422g_818-999_1RRE:A:	5	10	1	6	0	17	11	10	0	182
gnl|GLV|CAGL0J04422g_61-168_2ANE:A:8-117	2	6	1	1	0	12	6	4	0	110
gnl|GLV|CAGL0G06226g_4-188,1055-1310_1NVU:S:	2	4	4	21	0	35	21	23	0	481
gnl|GLV|CAGL0F06875g_3-208_1PJC:A:1-135,A:304-361	0	8	5	8	0	20	7	14	1	193
gnl|GLV|CAGL0F06875g_190-305_1JVB:A:144-313	0	6	2	8	0	13	10	11	0	170
gnl|GLV|CAGL0K07788g_212-634,661-734,766-812_1AMU:A:	4	26	5	15	0	55	36	34	0	514
gnl|GLV|CAGL0K07788g_955-1244_1Y1P:A:2-343	0	12	1	11	0	37	20	20	0	342
gnl|GLV|CAGL0K07788g_831-901_1DNY:A:	0	0	0	4	0	8	7	2	0	76
gnl|GLV|CAGL0K07788g_3-192_1L5A:A:1-174	1	6	2	5	0	15	9	11	0	174
gnl|GLV|CAGL0K10978g_8-477_1ACO:A:2-528	11	21	6	16	0	60	33	33	0	527
gnl|GLV|CAGL0K10978g_500-688_1V7L:A:	4	8	0	7	0	21	10	13	0	162
gnl|GLV|CAGL0E05104g_120-232_1QR0:A:102-228	0	6	1	4	0	18	11	3	0	127
gnl|GLV|CAGL0E05104g_22-110_1QR0:A:1-101	0	5	1	3	0	12	5	6	0	101
gnl|GLV|CAGL0A03652g_186-361,412-554_1VEC:A:	0	7	1	9	0	25	16	12	0	206
gnl|GLV|CAGL0E00341g_67-127_1F43:A:	0	0	0	3	0	8	5	4	0	61
gnl|GLV|CAGL0M04983g_79-136_1X57:A:8-85	2	0	0	4	0	8	5	5	0	78
gnl|GLV|CAGL0I10945g_91-207_1M72:A:	6	14	2	5	0	30	16	17	0	256
gnl|GLV|CAGL0M08448g_48-351_2I09:A:2-107,A:227-403	4	11	3	10	0	35	19	17	1	281
gnl|GLV|CAGL0I09570g_248-408_1P16:A:246-390	1	7	1	3	0	18	9	7	0	145
gnl|GLV|CAGL0I09570g_7-246_1P16:A:1-245	1	13	3	7	0	28	17	11	0	244
gnl|GLV|CAGL0K07051g_145-411_1RI5:A:	1	10	1	9	0	22	15	13	0	252
gnl|GLV|CAGL0D01056g_22-486_1PV7:A:	0	0	2	22	0	18	12	14	0	417
gnl|GLV|CAGL0E06424g_138-297_1NDH:A:126-272	0	8	5	4	1	16	7	9	0	147
gnl|GLV|CAGL0E06424g_41-154_1NDH:A:3-125	2	7	0	1	0	17	9	9	0	123
gnl|GLV|CAGL0G04345g_391-709_2OVR:B:2365-2706	0	32	2	1	0	36	24	21	0	342
gnl|GLV|CAGL0H06215g_4-82_1SB0:A:	0	0	2	3	0	7	5	2	0	87
gnl|GLV|CAGL0J11022g_2-129_1YKH:B:2-130	0	0	0	3	0	4	2	2	0	129
gnl|GLV|CAGL0E01551g_106-196_1YKH:A:111-205	0	0	1	3	0	3	1	2	0	95
gnl|GLV|CAGL0B03839g_167-387_1G8F:A:169-389	7	7	3	8	0	26	12	13	0	221
gnl|GLV|CAGL0B03839g_2-166_1G8F:A:2-168	2	6	1	7	0	18	10	11	0	167
gnl|GLV|CAGL0B03839g_388-507_1G8F:A:390-511	0	5	2	4	0	16	9	9	0	122
gnl|GLV|CAGL0J09768g_101-183_1SFE:A:93-176	2	2	1	4	0	12	4	9	0	84
gnl|GLV|CAGL0H07513g_62-277_2C07:A:54-304	2	7	2	9	0	21	12	14	0	251
gnl|GLV|CAGL0H04983g_1-312_1TZF:A:	0	16	4	7	0	27	12	15	0	258
gnl|GLV|CAGL0J01980g_127-253,425-456,518-620_1WP9:A:1-200	2	7	4	8	0	27	18	8	0	200
gnl|GLV|CAGL0J02244g_4-428_1PMI:A:	3	25	3	14	0	53	25	21	0	440
gnl|GLV|CAGL0B04169g_638-815_2CPH:A:454-547	2	4	0	2	0	12	9	3	0	94
gnl|GLV|CAGL0B04169g_326-413,509-581_1WHW:A:	0	5	0	2	0	10	6	5	0	98
gnl|GLV|CAGL0B04169g_3-95_1X5S:A:8-97	0	4	0	2	0	11	8	3	0	89
gnl|GLV|CAGL0M05753g_212-444,489-553_1HV8:A:3-210	0	7	1	9	0	25	17	9	0	208
gnl|GLV|CAGL0M10197g_20-117_1ZAV:A:1-177	0	5	2	6	0	12	5	9	0	177
gnl|GLV|CAGL0F05577g_233-542_1HV8:A:3-210	0	7	1	9	0	25	17	9	0	208
gnl|GLV|CAGL0E00473g_431-749_1EWQ:A:267-541	2	4	1	10	0	20	10	10	0	275
gnl|GLV|CAGL0E00473g_751-986_1E3M:A:567-800	2	10	1	6	0	25	13	9	0	234
gnl|GLV|CAGL0E00473g_141-273_1EWQ:A:1-120	0	6	3	3	0	13	6	4	0	120
gnl|GLV|CAGL0E00473g_291-442_1E3M:A:117-269	1	7	4	3	0	23	9	11	0	153
gnl|GLV|CAGL0B01265g_104-167_1MNM:C:	0	2	0	3	0	7	3	4	0	77
gnl|GLV|CAGL0B00264g_104-167_1MNM:C:	0	2	0	3	0	7	3	4	0	77
gnl|GLV|CAGL0M07876g_4-207_1JDI:A:	5	7	1	8	0	25	7	13	0	223
gnl|GLV|CAGL0A03256g_349-493_1J23:A:	0	6	1	5	0	12	9	5	0	131
gnl|GLV|CAGL0A03256g_237-308_1I5P:A:473-633	1	15	1	0	0	20	13	7	0	161
gnl|GLV|CAGL0A03256g_5-70_1BPY:A:10-91	0	0	0	5	0	7	4	2	0	82
gnl|GLV|CAGL0J11704g_129-241_1XTE:A:	0	3	2	4	0	9	3	6	0	116
gnl|GLV|CAGL0K07590g_33-755_1LKX:A:	9	14	5	27	0	58	39	31	0	684
gnl|GLV|CAGL0K07590g_1108-1184_1UJY:A:	2	5	0	1	0	14	9	4	0	75
gnl|GLV|CAGL0K03487g_34-761_1LKX:A:	9	14	5	27	0	58	39	31	0	684
gnl|GLV|CAGL0K03487g_1055-1144_1UJY:A:	2	5	0	1	0	14	9	4	0	75
gnl|GLV|CAGL0M07161g_127-164_1EFU:B:1-54	0	0	0	3	0	3	1	2	0	54
gnl|GLV|CAGL0J07590g_56-68,102-395,438-501_1FEH:A:210-574	3	10	11	15	0	33	25	20	0	365
gnl|GLV|CAGL0H03091g_64-310_1G3Q:A:	0	8	3	11	0	25	16	14	0	237
gnl|GLV|CAGL0L00847g_132-272_2CND:A:125-270	0	8	3	6	0	14	9	6	0	146
gnl|GLV|CAGL0L00847g_34-146_1I7P:A:29-153	2	7	0	1	0	15	7	11	0	121
gnl|GLV|CAGL0B01232g_18-228_2V3K:A:25-251	2	10	2	6	0	30	16	14	0	227
gnl|GLV|CAGL0L04092g_52-258_1LCY:A:6-210	2	12	2	4	0	19	11	11	0	205
gnl|GLV|CAGL0L04092g_518-734_1SOT:A:42-254	2	12	2	3	0	19	12	10	0	212
gnl|GLV|CAGL0L04092g_265-373_1KY9:B:359-446	2	4	1	1	0	13	7	5	0	88
gnl|GLV|CAGL0L04092g_791-872_1KY9:A:260-353	4	4	0	2	0	14	9	8	0	94
gnl|GLV|CAGL0L04092g_877-947_1M5Z:A:	0	6	0	2	0	12	5	9	0	91
gnl|GLV|CAGL0A04059g_215-451_2NMT:A:219-455	1	12	3	6	0	27	15	14	0	237
gnl|GLV|CAGL0A04059g_31-214_2NMT:A:34-218	1	7	5	3	0	20	14	10	0	185
gnl|GLV|CAGL0M09801g_25-231_1JQE:A:	1	10	3	12	0	24	15	19	0	280
gnl|GLV|CAGL0H05709g_47-333_1UDX:A:157-336	0	7	2	6	0	22	13	8	0	180
gnl|GLV|CAGL0C03369g_208-381_1PUJ:A:	2	6	3	10	0	26	16	16	0	273
gnl|GLV|CAGL0J10802g_2-56_2AQA:A:2-58	0	2	0	1	0	8	8	1	0	57
gnl|GLV|CAGL0F01023g_203-315_1WI8:A:	2	6	1	2	0	13	8	4	0	103
gnl|GLV|CAGL0I09790g_156-401_2OZB:B:85-333	0	0	3	11	0	15	11	14	0	249
gnl|GLV|CAGL0K01353g_50-180_1KTJ:A:	6	10	1	0	0	20	10	7	0	129
gnl|GLV|CAGL0M06105g_1-85_1WF9:A:8-101	3	3	2	2	0	13	7	7	0	94
gnl|GLV|CAGL0F07403g_120-209,335-384_1ERJ:A:	2	30	1	1	0	43	24	22	0	388
gnl|GLV|CAGL0L11154g_1416-1701_1OXW:A:	8	8	9	12	0	35	16	21	0	360
gnl|GLV|CAGL0L11154g_992-1123_1HW5:A:1-137	2	8	1	3	0	15	9	5	0	137
gnl|GLV|CAGL0L11154g_864-987_1HW5:A:1-137	2	8	1	3	0	15	9	5	0	137
gnl|GLV|CAGL0L11154g_199-260_1NE6:A:245-376	0	8	3	5	0	15	8	6	0	132
gnl|GLV|CAGL0L11154g_504-549_1HW5:A:1-137	2	8	1	3	0	15	9	5	0	137
gnl|GLV|CAGL0H09658g_5-122_1GY7:A:	0	6	1	2	0	7	6	4	0	121
gnl|GLV|CAGL0G06578g_46-181_1XRI:A:	2	5	3	6	0	16	5	6	0	151
gnl|GLV|CAGL0L11792g_35-204_1CVJ:A:91-179	2	5	0	3	0	9	6	7	0	89
gnl|GLV|CAGL0L11792g_215-400_1CVJ:A:91-179	2	5	0	3	0	9	6	7	0	89
gnl|GLV|CAGL0L11792g_430-572_1IFW:A:	0	0	1	4	0	11	8	3	0	91
gnl|GLV|CAGL0E03762g_204-242_2CSH:A:8-60	0	4	0	2	0	6	6	3	0	53
gnl|GLV|CAGL0M09669g_111-327_1KFU:L:2-355	3	13	4	9	0	43	33	22	0	354
gnl|GLV|CAGL0D06204g_21-145_1G4M:A:5-175	1	10	2	2	0	21	12	8	0	171
gnl|GLV|CAGL0J01892g_561-656_1FI6:A:	0	2	0	4	0	9	6	3	0	92
gnl|GLV|CAGL0J01892g_194-292_1F8H:A:	2	0	1	4	0	12	7	5	0	95
gnl|GLV|CAGL0H03025g_490-833_2GFO:A:762-1109	3	20	3	10	0	40	19	15	0	348
gnl|GLV|CAGL0H03025g_883-1065_1WLJ:A:	0	7	1	7	0	16	4	10	0	173
gnl|GLV|CAGL0H03025g_19-324_1NEX:B:370-744	1	32	0	0	0	32	16	23	0	355
gnl|GLV|CAGL0L09889g_362-564_1KOA:A:5915-6264	7	11	8	11	0	40	20	20	0	350
gnl|GLV|CAGL0H06633g_225-544_2OLR:A:228-540	3	19	8	8	0	38	29	19	0	313
gnl|GLV|CAGL0H06633g_27-222_1II2:A:2-200	4	10	1	6	0	22	14	14	0	199
gnl|GLV|CAGL0M07920g_362-553_1PVD:A:361-556	2	6	4	9	0	22	7	15	0	196
gnl|GLV|CAGL0M07920g_183-345_1QPB:A:182-360	0	9	4	4	0	18	11	9	0	179
gnl|GLV|CAGL0M07920g_4-182_1PVD:A:2-181	0	8	3	6	0	14	9	8	0	180
gnl|GLV|CAGL0F02717g_901-1112_1F3O:A:	0	10	2	7	0	22	15	14	0	232
gnl|GLV|CAGL0F02717g_170-408_1V43:A:7-245	1	10	2	8	0	20	13	15	0	239
gnl|GLV|CAGL0G07843g_347-440_1IN1:A:	2	2	1	2	0	13	6	11	0	87
gnl|GLV|CAGL0K11209g_276-589_1FCH:A:	0	0	2	17	0	24	6	19	0	323
gnl|GLV|CAGL0D02574g_713-1011_1OZ4:A:471-763	2	0	3	7	0	31	24	19	0	292
gnl|GLV|CAGL0D02574g_475-704_1LV7:A:	2	6	3	10	0	31	17	18	0	256
gnl|GLV|CAGL0M04081g_65-368_1GOT:B:	1	28	0	2	0	36	22	23	0	339
gnl|GLV|CAGL0L07722g_4-415_1QPG:A:	5	17	8	15	0	46	30	21	0	415
gnl|GLV|CAGL0L12474g_4-300_1GZ8:A:	3	8	3	10	0	29	17	22	0	298
gnl|GLV|CAGL0J11770g_42-564_1CJY:A:142-721	2	16	10	18	0	52	32	26	0	580
gnl|GLV|CAGL0J11748g_36-551_1CJY:A:142-721	2	16	10	18	0	52	32	26	0	580
gnl|GLV|CAGL0D02112g_93-739_1I1I:P:	5	7	6	27	0	58	30	36	0	665
gnl|GLV|CAGL0H05753g_31-312_1X3Z:A:8-327	2	11	1	12	0	27	15	14	0	320
gnl|GLV|CAGL0K09460g_166-260_1TUA:A:85-188	0	3	1	5	0	6	1	5	0	104
gnl|GLV|CAGL0B04411g_4-177_2FG1:A:2-155	1	6	1	4	0	17	10	12	0	155
gnl|GLV|CAGL0L11352g_226-462_2GCL:A:237-474	0	18	3	3	0	18	11	10	0	238
gnl|GLV|CAGL0K10208g_3-289_2NYM:C:2-294	4	13	0	11	0	29	23	16	0	293
gnl|GLV|CAGL0I01056g_296-422,462-492,587-696_1WA5:B:	0	0	5	29	0	38	22	22	0	506
gnl|GLV|CAGL0I01056g_13-87_1EGX:A:	2	7	0	1	0	12	9	4	0	115
gnl|GLV|CAGL0J08954g_2-181_1IHG:A:2-196	9	10	1	2	0	28	15	15	0	195
gnl|GLV|CAGL0J08954g_216-363_1IHG:A:197-365	0	0	2	8	0	13	5	7	0	169
gnl|GLV|CAGL0J10736g_68-369_1HKH:A:	8	8	1	13	0	23	13	22	0	279
gnl|GLV|CAGL0K06237g_86-354_3CK2:A:1-173	1	11	2	2	0	25	13	13	0	173
gnl|GLV|CAGL0M02365g_3-143_1FTH:A:	0	5	1	4	0	12	8	3	0	117
gnl|GLV|CAGL0K11198g_252-545_1WRB:A:164-401	2	8	2	8	0	26	18	9	0	238
gnl|GLV|CAGL0M02277g_100-403_1VYH:C:92-408	0	28	1	0	0	39	25	14	0	317
gnl|GLV|CAGL0K07029g_238-464_1WRB:A:164-401	2	8	2	8	0	26	18	9	0	238
gnl|GLV|CAGL0K07029g_404-613_2J0S:A:244-411	0	7	4	5	0	15	11	10	0	168
gnl|GLV|CAGL0D04466g_1-173_2E9X:A:1-144	0	0	1	5	0	10	7	5	0	144
gnl|GLV|CAGL0H02849g_92-199_2E9X:B:62-173	0	1	1	4	0	8	5	6	0	114
gnl|GLV|CAGL0H02849g_11-90_2E9X:B:1-61	2	5	0	2	0	7	3	4	0	61
gnl|GLV|CAGL0D02596g_2-60_2E9X:C:1001-1087	2	3	2	2	0	10	4	6	0	87
gnl|GLV|CAGL0D02596g_86-155_2E9X:C:1088-1192	0	0	3	5	0	8	5	4	0	105
gnl|GLV|CAGL0D02596g_215-247_2E9X:C:1088-1192	0	0	3	5	0	8	5	4	0	105
gnl|GLV|CAGL0H09152g_226-540_1FOT:A:	5	9	4	10	0	37	20	19	0	316
gnl|GLV|CAGL0H06655g_2-301_2IXO:A:2-317	4	2	4	14	0	30	16	14	0	316
gnl|GLV|CAGL0M02255g_3-297_2IXN:A:3-299	1	2	1	15	0	25	13	17	0	297
gnl|GLV|CAGL0K10340g_402-568_1O4V:A:	0	5	1	6	0	16	3	8	0	169
gnl|GLV|CAGL0K10340g_105-303_1B6R:A:79-276	1	10	3	5	0	16	8	10	0	198
gnl|GLV|CAGL0K10340g_3-101_1EYZ:A:2-112	1	5	1	4	0	14	8	7	0	111
gnl|GLV|CAGL0K10340g_313-390_1B6R:A:277-355	0	3	2	2	0	9	6	4	0	79
gnl|GLV|CAGL0E05764g_85-221,299-430_1DJ0:A:	0	10	4	5	0	30	16	16	0	264
gnl|GLV|CAGL0H02717g_4-177_1PRZ:A:	5	11	2	5	0	31	18	12	0	252
gnl|GLV|CAGL0M12881g_70-427_1UUM:A:	3	13	6	13	0	34	22	17	0	359
gnl|GLV|CAGL0I03080g_3-263_1DQW:A:	2	8	3	10	0	32	15	16	0	267
gnl|GLV|CAGL0F04433g_1-270_2VO1:A:1-273	0	7	4	8	0	19	11	7	0	273
gnl|GLV|CAGL0F04433g_302-556_1VCO:A:298-547	4	12	3	7	0	21	13	17	0	250
gnl|GLV|CAGL0G10131g_17-210_1EZV:B:17-218	8	4	2	7	0	18	16	8	0	202
gnl|GLV|CAGL0G10131g_219-364_1EZV:B:219-368	1	5	2	3	0	16	15	9	0	150
gnl|GLV|CAGL0G10153g_4-125_1EZV:F:	0	0	3	5	0	9	6	4	0	125
gnl|GLV|CAGL0J03586g_18-90_1JM7:A:	2	0	1	3	0	11	9	5	0	103
gnl|GLV|CAGL0G07381g_13-177_1KN0:A:	2	5	2	5	0	19	7	11	0	184
gnl|GLV|CAGL0D00902g_32-101,129-210_1KN0:A:	2	5	2	5	0	19	7	11	0	184
gnl|GLV|CAGL0A03432g_757-832,967-1150_1Z5Z:A:663-906	0	6	1	10	0	26	11	15	0	244
gnl|GLV|CAGL0A03432g_403-434,505-750_1Z63:A:432-661	0	7	2	11	0	24	16	18	0	230
gnl|GLV|CAGL0A03432g_896-950_1JM7:A:	2	0	1	3	0	11	9	5	0	103
gnl|GLV|CAGL0H00803g_15-201_2NR9:A:4-192	0	0	2	8	0	13	11	7	0	189
gnl|GLV|CAGL0M11638g_222-388_1WLJ:A:	0	7	1	7	0	16	4	10	0	173
gnl|GLV|CAGL0I07931g_94-251_1WLJ:A:	0	7	1	7	0	16	4	10	0	173
gnl|GLV|CAGL0F05203g_23-239_2HXV:A:148-345	0	11	2	4	0	20	15	12	0	198
gnl|GLV|CAGL0H08976g_11-217_1DWU:A:	0	10	3	8	0	22	10	12	0	213
gnl|GLV|CAGL0A01540g_9-101_1T0K:B:	0	4	0	4	0	13	7	5	0	97
gnl|GLV|CAGL0H03883g_21-98_2GYC:U:1-84	2	0	0	0	0	13	12	0	0	84
gnl|GLV|CAGL0K06457g_195-410_1XCL:A:	2	10	3	10	0	22	13	15	0	229
gnl|GLV|CAGL0F06479g_27-561_2OOE:A:21-549	2	0	2	28	0	36	16	28	0	529
gnl|GLV|CAGL0J06820g_28-289_1BOL:A:	2	7	3	6	0	29	18	15	0	222
gnl|GLV|CAGL0K02387g_155-479_1VEC:A:	0	7	1	9	0	25	16	12	0	206
gnl|GLV|CAGL0I07799g_6-143_1DZF:A:5-143	4	6	1	7	0	17	6	8	0	139
gnl|GLV|CAGL0I07799g_140-215_1DZF:A:144-215	0	4	2	2	0	12	4	7	0	72
gnl|GLV|CAGL0L04246g_22-1219_1I50:B:	18	49	14	26	0	125	63	65	0	1207
gnl|GLV|CAGL0H03509g_51-114_1I50:I:50-122	0	4	1	0	0	12	2	6	0	73
gnl|GLV|CAGL0H03509g_1-48_1I50:I:1-49	2	4	0	0	0	7	4	1	0	49
gnl|GLV|CAGL0L05478g_1-231_1H1Y:A:	4	8	6	9	0	22	16	11	0	220
gnl|GLV|CAGL0L03740g_19-177_1LK5:A:1-130,A:211-229	2	8	3	4	0	18	9	8	1	149
gnl|GLV|CAGL0L03740g_158-239_1LK5:A:131-210	2	5	2	2	0	11	7	5	0	80
gnl|GLV|CAGL0L09152g_26-162_1OI0:A:	0	9	0	2	0	14	8	5	0	121
gnl|GLV|CAGL0J00605g_41-100,189-256,285-299,373-586,724-849_1TE4:A:	0	0	3	6	0	11	9	5	0	111
gnl|GLV|CAGL0M12859g_8-74,356-703_1QBK:B:	0	0	17	47	0	50	54	64	0	888
gnl|GLV|CAGL0F08943g_50-231_1DD5:A:	0	6	2	4	0	11	8	5	0	184
gnl|GLV|CAGL0L03652g_20-317_2BV3:A:7-282	2	11	3	8	0	22	12	14	0	276
gnl|GLV|CAGL0L03652g_300-436_2BV3:A:283-403	1	12	0	0	0	15	9	9	0	121
gnl|GLV|CAGL0L03652g_460-537_1FNM:A:404-482	0	5	0	2	0	8	3	2	0	79
gnl|GLV|CAGL0L03652g_683-718,752-803_2BV3:A:600-688	0	4	2	3	0	5	0	4	0	89
gnl|GLV|CAGL0J10912g_141-429_1WRB:A:164-401	2	8	2	8	0	26	18	9	0	238
gnl|GLV|CAGL0I00792g_6-143_2GY9:I:4-129	0	6	3	4	0	10	5	5	0	126
gnl|GLV|CAGL0K04587g_4-130_1I6U:A:	0	8	0	4	0	17	8	6	0	129
gnl|GLV|CAGL0L08114g_4-130_1I6U:A:	0	8	0	4	0	17	8	6	0	129
gnl|GLV|CAGL0J00165g_44-102_2J5O:A:742-811	0	2	0	3	0	8	6	5	0	70
gnl|GLV|CAGL0K06061g_5-67_1NY4:A:	0	4	0	0	0	10	7	1	0	71
gnl|GLV|CAGL0L04510g_5-67_1NY4:A:	0	4	0	0	0	10	7	1	0	71
gnl|GLV|CAGL0L01507g_544-654,918-1066_1P22:A:253-545	0	28	0	1	0	35	23	13	0	293
gnl|GLV|CAGL0M02849g_12-191_1VI6:A:	1	7	3	6	0	22	13	12	0	193
gnl|GLV|CAGL0L06732g_163-288_1FJG:I:	3	5	2	4	0	12	8	4	0	127
gnl|GLV|CAGL0H08041g_61-296_2GCL:A:237-474	0	18	3	3	0	18	11	10	0	238
gnl|GLV|CAGL0K12056g_80-177_1FJG:J:	2	6	0	2	0	14	6	3	0	98
gnl|GLV|CAGL0E05786g_27-162_1A9N:A:	0	10	3	4	0	27	13	10	0	162
gnl|GLV|CAGL0F05643g_41-155,201-437_2CE7:A:150-402	2	5	6	9	0	24	12	16	0	253
gnl|GLV|CAGL0H01001g_43-428_1JR3:A:3-242	2	5	2	11	0	27	23	12	0	240
gnl|GLV|CAGL0H10538g_4-292_1OKC:A:	0	0	6	11	0	19	10	9	0	292
gnl|GLV|CAGL0E05896g_19-189_1M2O:B:	2	6	4	4	0	16	10	12	0	167
gnl|GLV|CAGL0J08778g_11-290_1ERJ:A:	2	30	1	1	0	43	24	22	0	388
gnl|GLV|CAGL0I03454g_10-293_1ERJ:A:	2	30	1	1	0	43	24	22	0	388
gnl|GLV|CAGL0G09911g_120-381_1M2O:A:120-390	3	8	1	8	0	25	21	13	0	271
gnl|GLV|CAGL0G09911g_2-61,399-508_1M2O:A:2-44,A:391-523	5	10	0	3	0	21	15	9	1	176
gnl|GLV|CAGL0G09911g_612-749_1M2O:A:627-765	2	5	3	4	0	15	7	6	0	139
gnl|GLV|CAGL0G09911g_509-611_1M2O:A:524-626	2	0	1	5	0	9	6	6	0	103
gnl|GLV|CAGL0G09911g_45-117_1M2O:A:45-119	3	4	2	0	0	14	5	6	0	75
gnl|GLV|CAGL0H00242g_120-385_1M2O:A:120-390	3	8	1	8	0	25	21	13	0	271
gnl|GLV|CAGL0H00242g_2-61,402-512_1M2O:A:2-44,A:391-523	5	10	0	3	0	21	15	9	1	176
gnl|GLV|CAGL0H00242g_616-753_1M2O:A:627-765	2	5	3	4	0	15	7	6	0	139
gnl|GLV|CAGL0H00242g_513-615_1M2O:A:524-626	2	0	1	5	0	9	6	6	0	103
gnl|GLV|CAGL0H00242g_44-117_1M2O:A:45-119	3	4	2	0	0	14	5	6	0	75
gnl|GLV|CAGL0C01353g_47-197,530-624_1M2V:B:61-215,B:553-646	5	10	2	3	0	17	17	8	1	249
gnl|GLV|CAGL0C01353g_284-530_1M2V:B:301-552	1	9	0	8	0	19	17	12	0	252
gnl|GLV|CAGL0C01353g_732-896_1M2V:B:754-926	1	4	1	3	0	19	8	8	0	173
gnl|GLV|CAGL0C01353g_625-731_1M2V:B:647-753	0	1	1	5	0	7	7	5	0	107
gnl|GLV|CAGL0C01353g_202-283_1M2V:B:216-300	2	5	3	1	0	15	7	6	0	85
gnl|GLV|CAGL0D01078g_292-537_1M2V:B:301-552	1	9	0	8	0	19	17	12	0	252
gnl|GLV|CAGL0D01078g_34-206,538-632_1M2V:B:61-215,B:553-646	5	10	2	3	0	17	17	8	1	249
gnl|GLV|CAGL0D01078g_741-905_1M2V:B:754-926	1	4	1	3	0	19	8	8	0	173
gnl|GLV|CAGL0D01078g_633-739_1M2V:B:647-753	0	1	1	5	0	7	7	5	0	107
gnl|GLV|CAGL0D01078g_208-290_1M2V:B:216-300	2	5	3	1	0	15	7	6	0	85
gnl|GLV|CAGL0H04961g_8-463_1RH5:A:	4	2	2	14	0	28	20	20	0	422
gnl|GLV|CAGL0I08085g_52-135_1PUZ:A:	0	0	0	5	0	9	5	3	0	82
gnl|GLV|CAGL0K06699g_314-425,507-526_2NYC:A:181-320	8	5	2	5	0	14	9	7	0	140
gnl|GLV|CAGL0K06699g_129-281_2NYC:A:181-320	8	5	2	5	0	14	9	7	0	140
gnl|GLV|CAGL0M10703g_7-337_1K32:A:320-679	4	31	5	1	0	46	27	17	0	360
gnl|GLV|CAGL0D04290g_96-294_1AUA:A:97-299	2	5	7	8	0	23	12	12	0	203
gnl|GLV|CAGL0D04290g_4-93_1AUA:A:4-96	0	0	1	5	0	8	5	8	0	93
gnl|GLV|CAGL0C03179g_1-125_1IFQ:A:	0	5	1	3	0	8	4	9	0	137
gnl|GLV|CAGL0C03179g_131-192_1GL2:A:	0	0	0	1	0	2	0	0	0	64
gnl|GLV|CAGL0J08998g_13-338_1GOT:B:	1	28	0	2	0	36	22	23	0	339
gnl|GLV|CAGL0J08998g_1172-1278_1DVK:A:	2	0	3	6	0	12	6	9	0	169
gnl|GLV|CAGL0F02123g_16-193_1G16:A:	2	6	1	6	0	15	7	12	0	166
gnl|GLV|CAGL0J06578g_81-189_1JID:A:	4	3	4	2	0	18	9	10	0	114
gnl|GLV|CAGL0A01672g_466-536_3B5N:C:443-496	0	0	0	1	0	1	0	0	0	69
gnl|GLV|CAGL0A01672g_621-692_1SFC:H:	0	0	0	1	0	3	2	0	0	86
gnl|GLV|CAGL0J03564g_10-332_1ERJ:A:	2	30	1	1	0	43	24	22	0	388
gnl|GLV|CAGL0L12980g_964-1108_1MVH:A:	5	15	3	2	0	50	27	17	0	269
gnl|GLV|CAGL0C00297g_57-275_1MVH:A:	5	15	3	2	0	50	27	17	0	269
gnl|GLV|CAGL0C00297g_483-509_1E0N:A:	0	3	0	0	0	2	2	1	0	27
gnl|GLV|CAGL0F09119g_113-159,332-410_1ML9:A:	5	15	6	5	0	45	22	13	0	284
gnl|GLV|CAGL0L04466g_4-288_1F5N:A:7-283	4	9	4	10	0	28	18	11	0	277
gnl|GLV|CAGL0I05940g_103-264_1O6U:A:76-274	4	5	5	7	0	24	11	13	0	199
gnl|GLV|CAGL0C05357g_189-348,385-486_1J8F:A:	4	9	5	12	0	33	20	18	0	323
gnl|GLV|CAGL0G04587g_61-108,137-235_2E9X:D:21-165	0	0	2	6	0	10	5	5	0	145
gnl|GLV|CAGL0G04587g_240-309_2E9X:D:166-223	0	5	1	1	0	9	3	3	0	58
gnl|GLV|CAGL0K06941g_10-89_1MK0:A:	0	3	0	3	0	8	5	3	0	97
gnl|GLV|CAGL0L06534g_82-172,236-299_2ICG:A:1-158	3	6	1	6	0	14	7	10	0	158
gnl|GLV|CAGL0M08910g_36-291_1A06:A:	4	8	4	10	0	29	20	14	0	307
gnl|GLV|CAGL0M08910g_440-608_2QLV:A:460-630	0	7	2	4	0	13	5	5	0	171
gnl|GLV|CAGL0I03234g_4-124_2ALE:A:1-126	1	4	1	5	0	12	6	9	0	126
gnl|GLV|CAGL0G06424g_33-160_1OCS:A:	0	3	0	4	0	15	8	7	0	132
gnl|GLV|CAGL0J01001g_30-160_1OCS:A:	0	3	0	4	0	15	8	7	0	132
gnl|GLV|CAGL0J01001g_194-320,367-429_2ELB:A:6-273	0	0	3	6	0	7	3	6	0	268
gnl|GLV|CAGL0C04741g_3-152_1F1G:A:	2	9	1	1	0	22	14	11	0	153
gnl|GLV|CAGL0B00484g_24-203_1EJ0:A:	0	7	0	5	0	17	8	9	0	180
gnl|GLV|CAGL0L08976g_84-387_1S2M:A:46-251	0	7	1	9	0	25	17	9	0	206
gnl|GLV|CAGL0K03619g_145-199_2FTX:B:155-213	0	3	1	2	0	7	3	4	0	59
gnl|GLV|CAGL0C03047g_176-433_1PV9:A:125-345	6	13	2	4	0	27	12	10	0	221
gnl|GLV|CAGL0K04543g_2-78_1RYQ:A:	2	5	1	1	0	10	4	3	0	68
gnl|GLV|CAGL0H04697g_527-587_2DO3:A:462-523	0	5	0	0	0	9	7	3	0	62
gnl|GLV|CAGL0L04774g_745-898_3BZK:A:325-473	0	5	2	6	0	17	10	10	0	149
gnl|GLV|CAGL0L04774g_371-734_3BZK:A:1-324	2	3	4	16	0	23	11	18	0	324
gnl|GLV|CAGL0L04774g_1249-1342_2SHP:A:111-218	4	5	0	2	0	12	6	6	0	108
gnl|GLV|CAGL0L04774g_906-999_3BZK:A:474-563	0	2	1	4	0	8	6	7	0	90
gnl|GLV|CAGL0J07326g_625-682_1MSZ:A:	0	3	0	2	0	7	3	3	0	62
gnl|GLV|CAGL0M06545g_224-318_2FBE:A:1-188	2	14	1	0	0	22	13	11	0	181
gnl|GLV|CAGL0L12650g_63-88,182-479_1UA2:A:	1	8	3	9	0	30	19	17	0	299
gnl|GLV|CAGL0M06875g_73-196_2IVX:A:7-149	0	0	1	7	0	11	6	8	0	143
gnl|GLV|CAGL0M06875g_196-322_2I53:A:158-267	2	0	3	4	0	9	6	6	0	110
gnl|GLV|CAGL0K02673g_613-875_1F3M:C:	1	10	4	11	0	33	20	20	0	294
gnl|GLV|CAGL0L06908g_124-414_1T6N:A:	0	7	0	9	0	22	16	12	0	207
gnl|GLV|CAGL0F08613g_188-243_1XG1:A:5-67	0	0	0	3	0	7	5	2	0	63
gnl|GLV|CAGL0M01188g_866-934,1170-1353_1Z3I:X:390-735	0	10	6	11	0	41	29	23	0	346
gnl|GLV|CAGL0M01188g_579-864_1Z63:A:432-661	0	7	2	11	0	24	16	18	0	230
gnl|GLV|CAGL0F02915g_538-797_2OOE:A:21-549	2	0	2	28	0	36	16	28	0	529
gnl|GLV|CAGL0F02915g_399-527_1ELR:A:	0	0	0	7	0	9	1	5	0	128
gnl|GLV|CAGL0F02915g_14-348_1ELR:A:	0	0	0	7	0	9	1	5	0	128
gnl|GLV|CAGL0H08580g_224-466_1AMO:A:243-518	5	10	2	8	0	39	20	12	0	276
gnl|GLV|CAGL0H08580g_3-176_1YKG:A:63-208	2	6	4	4	0	15	5	9	0	146
gnl|GLV|CAGL0H08580g_473-621_1AMO:A:519-678	0	5	1	6	0	9	6	11	0	160
gnl|GLV|CAGL0J08888g_4-246_1TUB:B:1-245	2	5	1	8	0	23	21	13	0	243
gnl|GLV|CAGL0J08888g_247-444_1TUB:A:246-440	3	3	2	5	0	20	14	11	0	195
gnl|GLV|CAGL0I03762g_13-143,409-526_1A6D:A:17-145,A:404-519	0	9	1	11	0	18	7	14	1	245
gnl|GLV|CAGL0I03762g_207-382_1Q3Q:A:217-369	3	9	2	3	0	18	15	4	0	153
gnl|GLV|CAGL0I03762g_144-211,373-408_1Q3Q:A:146-216,A:370-405	1	5	3	3	0	8	7	2	1	107
gnl|GLV|CAGL0L12870g_1-167_1H6Q:A:	0	11	0	3	0	22	11	9	0	168
gnl|GLV|CAGL0K06369g_15-81_1G25:A:	0	3	0	2	0	10	4	5	0	65
gnl|GLV|CAGL0K10098g_6-67_1YDL:A:6-71	0	3	0	2	0	7	3	4	0	66
gnl|GLV|CAGL0M07722g_206-294_1SGO:A:	0	6	1	3	0	12	8	5	0	139
gnl|GLV|CAGL0H09306g_34-89_2BSK:B:13-77	0	0	0	2	0	5	1	3	0	65
gnl|GLV|CAGL0J00935g_86-147_1HDJ:A:	0	0	1	4	0	9	2	7	0	76
gnl|GLV|CAGL0H05159g_185-349_1TA0:A:	2	9	6	4	0	24	13	9	0	196
gnl|GLV|CAGL0M00418g_31-85_2BSK:B:13-77	0	0	0	2	0	5	1	3	0	65
gnl|GLV|CAGL0H06127g_20-84_2BSK:A:13-85	0	0	0	3	0	4	2	0	0	73
gnl|GLV|CAGL0J05610g_417-1175_1BJT:A:	7	25	4	20	0	69	43	34	0	760
gnl|GLV|CAGL0J05610g_9-242_1PVG:A:7-245	2	13	1	7	0	23	13	11	0	239
gnl|GLV|CAGL0J05610g_234-403_1PVG:A:246-406	3	5	1	5	0	13	8	7	0	161
gnl|GLV|CAGL0G03135g_12-301_1OKC:A:	0	0	6	11	0	19	10	9	0	292
gnl|GLV|CAGL0H08327g_2-245_7TIM:A:	2	8	4	10	0	25	12	12	0	247
gnl|GLV|CAGL0L05566g_10-362_1O54:A:	0	15	4	7	0	32	13	15	0	276
gnl|GLV|CAGL0E00979g_72-258_1ERJ:A:	2	30	1	1	0	43	24	22	0	388
gnl|GLV|CAGL0J09746g_93-248_1YZH:A:8-211	0	8	5	7	0	20	17	12	0	204
gnl|GLV|CAGL0C04092g_13-214_1NSJ:A:	1	10	4	7	0	20	17	10	0	205
gnl|GLV|CAGL0I01166g_1-315_1VDC:A:1-117,A:244-316	5	11	3	3	0	28	12	10	1	192
gnl|GLV|CAGL0I09328g_2-49,105-305_2A4K:A:2-242	2	7	3	8	0	23	14	14	0	241
gnl|GLV|CAGL0I01254g_28-399_1JW9:B:	5	8	2	9	0	22	10	18	0	247
gnl|GLV|CAGL0D06468g_16-181_2NVU:C:3-183	5	6	2	4	0	22	13	12	0	176
gnl|GLV|CAGL0I00352g_1-151_1AYZ:A:	2	4	1	4	0	15	7	11	0	153
gnl|GLV|CAGL0I05478g_6-146_2F4W:A:12-168	3	4	0	5	0	17	7	9	0	157
gnl|GLV|CAGL0I06765g_523-884_2GFO:A:762-1109	3	20	3	10	0	40	19	15	0	348
gnl|GLV|CAGL0I06765g_189-327_1WHB:A:	2	5	3	6	0	22	12	7	0	156
gnl|GLV|CAGL0J07392g_202-352_1HQO:A:201-354	2	0	1	7	0	9	5	7	0	154
gnl|GLV|CAGL0J07392g_103-196_1K0D:D:99-200	0	4	3	4	0	11	6	8	0	102
gnl|GLV|CAGL0C03784g_2-98_1WGK:A:	3	4	1	3	0	16	10	4	0	113
gnl|GLV|CAGL0G04411g_524-604,872-1065,1126-1465_1H6K:A:27-290	3	2	4	12	0	21	8	8	0	264
gnl|GLV|CAGL0G04411g_1287-1745_2BPT:A:1-861	0	0	19	43	0	44	28	37	0	860
gnl|GLV|CAGL0M03355g_87-494_1WA5:B:	0	0	5	29	0	38	22	22	0	506
gnl|GLV|CAGL0E06204g_90-160_1C99:A:	0	0	1	2	0	2	1	1	0	79
gnl|GLV|CAGL0E06204g_18-81_1C99:A:	0	0	1	2	0	2	1	1	0	79
gnl|GLV|CAGL0I05830g_4-150_1ELK:A:	0	0	1	9	0	11	7	9	0	153
gnl|GLV|CAGL0I05830g_170-230_1VFY:A:	4	4	2	1	0	10	2	4	0	72
gnl|GLV|CAGL0K09922g_475-531_1OXJ:A:594-655	0	0	1	4	0	6	0	6	0	62
gnl|GLV|CAGL0K00473g_5-275,343-781,864-1045_1QBK:B:	0	0	17	47	0	50	54	64	0	888
gnl|GLV|CAGL0I03542g_188-526_1ERJ:A:	2	30	1	1	0	43	24	22	0	388
gnl|GLV|CAGL0M08734g_77-249_1NYO:A:	5	7	0	8	0	18	16	11	0	163
gnl|GLV|CAGL0G03245g_430-518_1IYG:A:	0	0	0	7	0	9	9	3	0	132
gnl|GLV|CAGL0D03498g_1-144_1H8M:A:	1	5	0	4	0	17	10	5	0	140
gnl|GLV|CAGL0D03498g_139-203_1GL2:A:	0	0	0	1	0	2	0	0	0	64
gnl|GLV|CAGL0M13761g_194-267_2GHP:A:41-115	0	6	1	2	0	8	3	4	0	75
gnl|GLV|CAGL0H02035g_184-267_1WEN:A:	0	2	0	0	0	14	12	4	0	70
gnl|GLV|CAGL0K01001g_460-514,610-681_1KT1:A:254-421	0	0	1	7	0	12	3	7	0	168
gnl|GLV|CAGL0I01144g_44-171_1KMD:A:	0	3	0	5	0	14	7	4	0	117
gnl|GLV|CAGL0F05005g_7-471_2I7T:A:9-459	0	22	5	10	0	45	27	19	0	451
gnl|GLV|CAGL0G01694g_64-87_2CQE:A:429-457	2	0	0	0	0	6	6	2	0	29
gnl|GLV|CAGL0L10890g_102-232,271-450_1VYH:C:92-408	0	28	1	0	0	39	25	14	0	317
gnl|GLV|CAGL0B01589g_1-76_1NDD:A:	2	5	2	1	0	10	2	6	0	74
gnl|GLV|CAGL0C01325g_30-144_1OCR:D:	2	2	4	5	0	13	11	7	0	144
gnl|GLV|CAGL0C01435g_45-82_2ZJR:4:1-37	0	4	0	0	0	9	4	2	0	37
gnl|GLV|CAGL0C02623g_24-69_1OCR:L:	0	0	0	1	0	4	3	2	0	47
gnl|GLV|CAGL0C05461g_1-32_1RKL:A:	0	0	1	1	0	3	2	1	0	36
gnl|GLV|CAGL0D02150g_5-74_1TH7:A:3-78	0	5	1	1	0	8	2	4	0	76
gnl|GLV|CAGL0E01567g_14-99_1LDJ:B:	0	6	0	2	0	13	8	4	0	88
gnl|GLV|CAGL0E02315g_6-104_2JSS:A:96-192	0	0	0	5	0	11	8	5	0	97
gnl|GLV|CAGL0F06693g_26-88_2BSK:B:13-77	0	0	0	2	0	5	1	3	0	65
gnl|GLV|CAGL0G07183g2_485-919_1RW3:A:	14	14	5	11	0	57	32	26	0	454
gnl|GLV|CAGL0G07183g2_1119-1276_1C0M:A:49-216	1	5	2	6	0	18	15	5	0	168
gnl|GLV|CAGL0G07183g2_333-424_1BDQ:A:	0	9	0	1	0	12	6	5	0	99
gnl|GLV|CAGL0G07529g_4-107_1FXK:C:	0	4	0	2	0	5	1	6	0	133
gnl|GLV|CAGL0H08541g_7-90_1CG7:A:	0	0	0	6	0	6	4	8	0	93
gnl|GLV|CAGL0I07837g_48-100_1KU5:A:	0	2	0	3	0	7	3	3	0	66
gnl|GLV|CAGL0I10147g_108-246_1ACC:A:	15	41	7	10	0	90	43	37	0	734
gnl|GLV|CAGL0I10200g_108-243_1ACC:A:	15	41	7	10	0	90	43	37	0	734
gnl|GLV|CAGL0I10246g_105-261_1ACC:A:	15	41	7	10	0	90	43	37	0	734
gnl|GLV|CAGL0J07980g_13-68_1CC8:A:	0	4	0	2	0	5	4	3	0	72
gnl|GLV|CAGL0K05813g_40-139_1B4Q:A:	2	4	1	5	0	11	6	8	0	105
gnl|GLV|CAGL0L02799g_1-64_1I50:J:	3	0	0	4	0	8	4	6	0	65
gnl|GLV|CAGL0L04350g_12-93_1TH7:A:3-78	0	5	1	1	0	8	2	4	0	76
gnl|GLV|CAGL0L08068g_18-116_1QVC:A:	0	7	0	1	0	20	11	4	0	145
gnl|GLV|CAGL0L13299g_131-224_1ACC:A:	15	41	7	10	0	90	43	37	0	734
gnl|GLV|CAGL0M00874g_5-82_1JBM:A:	0	5	1	1	0	6	1	6	0	85
gnl|GLV|CAGL0M07001g_2-78_2GRG:A:1-98	0	6	1	2	0	10	7	4	0	97
gnl|GLV|CAGL0M10235g_4-63_1SFC:H:	0	0	0	1	0	3	2	0	0	86
gnl|GLV|CAGL0M10829g_1455-1667_1U5R:A:	5	8	4	12	0	31	20	16	0	309
gnl|GLV|CAGL0M11000g_5-92_2GRG:A:1-98	0	6	1	2	0	10	7	4	0	97
gnl|GLV|CAGL0M11104g_11-71_1RHZ:B:	0	0	0	2	0	3	1	2	0	65
gnl|GLV|CAGL0M14091g_1-209_1QR2:A:	6	6	5	8	0	28	13	13	0	230
gnl|GLV|CAGL0M14047g_4-184_1Q1N:A:1-152,A:321-360	3	12	3	4	0	28	9	12	1	192
gnl|GLV|CAGL0M14047g_153-319_1Q1N:A:153-320	0	6	5	5	0	19	11	12	0	168
gnl|GLV|CAGL0M14025g_3-189_1ZH8:A:4-131,A:276-328	0	7	3	8	0	16	11	4	1	181
gnl|GLV|CAGL0M14025g_134-271_1ZH8:A:132-275	2	8	2	3	0	12	7	8	0	144
gnl|GLV|CAGL0M14003g_4-232_1RYP:F:	2	10	1	6	0	18	12	13	0	233
gnl|GLV|CAGL0M13981g_195-503,549-580_1OXW:A:	8	8	9	12	0	35	16	21	0	360
gnl|GLV|CAGL0M13915g_40-167_1K3R:A:1-92,A:164-262	2	6	1	6	0	20	12	7	1	191
gnl|GLV|CAGL0M13871g_11-639,674-732,795-934_1QBK:B:	0	0	17	47	0	50	54	64	0	888
gnl|GLV|CAGL0M13871g_904-1051_1TE4:A:	0	0	3	6	0	11	9	5	0	111
gnl|GLV|CAGL0M13805g_123-371_1AQ0:A:	6	12	5	10	0	34	21	16	0	306
gnl|GLV|CAGL0M13783g_198-557_1NBF:A:	6	16	6	11	0	38	19	20	0	347
gnl|GLV|CAGL0M13783g_36-188_2CR2:A:8-153	4	10	1	1	0	22	13	6	0	146
gnl|GLV|CAGL0M13717g_261-483_1ECF:A:250-492	3	8	2	8	0	27	12	14	0	243
gnl|GLV|CAGL0M13717g_2-240_1ECF:A:1-249	2	13	1	7	0	30	14	12	0	249
gnl|GLV|CAGL0M13651g_88-506_1WPX:A:1-421	5	13	3	17	0	47	29	31	0	421
gnl|GLV|CAGL0M13585g_8-466_2F2A:A:1-485	12	11	6	15	0	46	29	35	0	485
gnl|GLV|CAGL0M13541g_52-381_1JKS:A:	7	9	4	9	0	33	20	13	0	293
gnl|GLV|CAGL0M13497g_212-365_1A3G:A:	5	16	3	7	0	37	19	17	0	305
gnl|GLV|CAGL0M13475g_149-720,758-907_1B3U:A:	0	0	8	44	0	40	26	36	0	588
gnl|GLV|CAGL0M13409g_1162-1447,1474-1515_1ERJ:A:	2	30	1	1	0	43	24	22	0	388
gnl|GLV|CAGL0M13409g_529-630,684-818,857-918_1IAL:A:	0	0	4	28	0	36	22	21	0	453
gnl|GLV|CAGL0M13343g_176-479_1PGP:A:177-473	6	0	2	12	0	23	12	11	0	297
gnl|GLV|CAGL0M13343g_3-175_1PGP:A:1-176	4	8	1	7	0	22	12	9	0	176
gnl|GLV|CAGL0M13277g_4-152_1JXV:A:	2	4	3	8	0	14	7	9	0	149
gnl|GLV|CAGL0M13233g_601-674,765-844,950-1032_2IUB:A:9-285	0	7	2	6	0	23	14	10	0	281
gnl|GLV|CAGL0M13233g_1041-1103_2IUB:A:286-349	0	0	0	2	0	2	2	2	0	64
gnl|GLV|CAGL0M13189g_482-535_2EPS:A:408-446	0	2	0	1	0	5	5	1	0	39
gnl|GLV|CAGL0M13167g_78-111,171-428_1JKS:A:	7	9	4	9	0	33	20	13	0	293
gnl|GLV|CAGL0M13013g_6-267_1I01:A:	2	7	3	9	0	21	12	12	0	241
gnl|GLV|CAGL0M12991g_320-605_1EVL:A:242-532	6	15	4	9	0	32	14	16	0	291
gnl|GLV|CAGL0M12991g_133-316_1NYR:A:63-241	0	8	1	5	0	17	11	8	0	179
gnl|GLV|CAGL0M12991g_607-714_1NYR:A:533-645	0	5	0	5	0	10	5	7	0	113
gnl|GLV|CAGL0M12991g_66-124_1NYR:A:4-62	3	3	0	2	0	11	3	5	0	59
gnl|GLV|CAGL0M12925g_7-224_1LVH:A:	2	6	7	9	0	21	8	14	0	221
gnl|GLV|CAGL0M12837g_152-347_1PSD:A:108-295	4	7	2	6	0	25	15	12	0	188
gnl|GLV|CAGL0M12837g_54-173_1PSD:A:7-107,A:296-326	2	5	0	5	0	21	6	8	1	132
gnl|GLV|CAGL0M12837g_393-465_1PSD:A:327-410	0	4	0	2	0	7	4	4	0	84
gnl|GLV|CAGL0M12771g_16-248_1KLQ:A:	1	7	1	3	0	16	12	5	0	196
gnl|GLV|CAGL0M12727g_58-277_1YQF:A:14-195	1	6	1	5	0	14	11	7	0	182
gnl|GLV|CAGL0M12683g_153-282_1JBI:A:	4	8	0	1	0	18	11	5	0	100
gnl|GLV|CAGL0M12639g_9-217_1WZN:A:1-251	1	11	4	7	0	20	9	14	0	251
gnl|GLV|CAGL0M12617g_196-323_2CRF:A:8-144	1	7	0	1	0	12	10	3	0	137
gnl|GLV|CAGL0M12595g_3-154_1K8K:G:	0	0	3	6	0	13	9	8	0	143
gnl|GLV|CAGL0M12573g_111-219_1X5S:A:8-97	0	4	0	2	0	11	8	3	0	89
gnl|GLV|CAGL0M12430g_11-220_2FDR:A:3-224	3	6	3	11	0	22	9	15	0	222
gnl|GLV|CAGL0M12386g_19-138_1JD1:A:	3	6	3	2	0	16	10	4	0	126
gnl|GLV|CAGL0M12298g_17-61_1CLD:A:	0	0	0	2	0	4	2	1	0	33
gnl|GLV|CAGL0M12232g_31-109_1V9J:A:	0	3	1	4	0	13	10	2	0	112
gnl|GLV|CAGL0M12210g_16-133_1NY8:A:	0	3	0	4	0	6	7	4	0	96
gnl|GLV|CAGL0M12188g_46-168_1ONL:A:	3	9	1	4	0	17	7	8	0	127
gnl|GLV|CAGL0M12144g_372-665_1G7S:A:1-227	3	9	5	6	0	24	13	14	0	227
gnl|GLV|CAGL0M12144g_699-826_1G7S:A:329-459	3	4	0	5	0	10	10	6	0	131
gnl|GLV|CAGL0M12144g_832-970_1G7S:A:460-587	2	8	0	2	0	12	6	9	0	128
gnl|GLV|CAGL0M12122g_68-307_1LNZ:A:158-342	3	7	0	6	0	20	18	9	0	185
gnl|GLV|CAGL0M12122g_288-368_1WXQ:A:320-395	1	4	0	2	0	9	4	5	0	76
gnl|GLV|CAGL0M12100g_222-319_1AM9:A:	0	0	0	2	0	4	1	1	0	80
gnl|GLV|CAGL0M11990g_47-191_1W98:B:88-227	1	0	2	6	0	12	5	6	0	140
gnl|GLV|CAGL0M11968g_315-523_1FOE:A:1034-1239	0	0	4	12	0	8	7	11	0	206
gnl|GLV|CAGL0M11968g_747-837_1Q1O:A:	0	5	0	2	0	13	6	2	0	97
gnl|GLV|CAGL0M11968g_521-568,615-676_1V61:A:	3	6	0	1	0	22	14	6	0	131
gnl|GLV|CAGL0M11902g_260-360_2CUJ:A:8-108	0	0	0	4	0	7	6	5	0	101
gnl|GLV|CAGL0M11836g_1-18,45-138_2AV5:A:15-120	0	5	1	3	0	5	2	4	0	106
gnl|GLV|CAGL0M11704g_36-174_1TP9:A:1-162	1	9	0	6	0	18	11	13	0	162
gnl|GLV|CAGL0M11682g_22-108_1S1G:A:	3	3	2	4	0	11	8	7	0	123
gnl|GLV|CAGL0M11682g_111-217_1S1G:A:	3	3	2	4	0	11	8	7	0	123
gnl|GLV|CAGL0M11660g_10-219_2FDR:A:3-224	3	6	3	11	0	22	9	15	0	222
gnl|GLV|CAGL0M11616g_1736-1960_1SXJ:C:12-238	3	5	3	12	0	22	13	12	0	227
gnl|GLV|CAGL0M11616g_1053-1280_1QVR:A:536-850	5	9	4	14	0	30	21	15	0	315
gnl|GLV|CAGL0M11616g_1333-1410,1473-1629_1SHK:A:	0	5	1	7	0	12	6	5	0	173
gnl|GLV|CAGL0M11616g_635-697,808-979_1G8P:A:	2	11	8	13	0	37	15	10	0	333
gnl|GLV|CAGL0M11616g_289-528_1QVR:A:536-850	5	9	4	14	0	30	21	15	0	315
gnl|GLV|CAGL0M11616g_2035-2097,2191-2292_1EGA:A:4-182	1	7	0	5	0	17	11	10	0	179
gnl|GLV|CAGL0M11616g_4672-4871_1MF7:A:	2	6	4	8	0	15	14	9	0	193
gnl|GLV|CAGL0M11594g_250-329_1A79:A:83-179	0	6	1	2	0	10	6	8	0	97
gnl|GLV|CAGL0M11484g_406-857_1G6S:A:	6	24	7	12	0	45	26	19	0	427
gnl|GLV|CAGL0M11484g_10-390_1DQS:A:	3	13	4	15	0	30	16	22	0	388
gnl|GLV|CAGL0M11484g_1052-1293_1QFE:A:	4	10	4	9	0	26	14	12	0	252
gnl|GLV|CAGL0M11484g_1398-1577_1NVT:A:111-287	0	6	0	7	0	21	11	9	0	177
gnl|GLV|CAGL0M11484g_1291-1397_1NVT:A:1-110	0	6	2	3	0	12	4	8	0	105
gnl|GLV|CAGL0M11484g_880-1035_1SHK:A:	0	5	1	7	0	12	6	5	0	173
gnl|GLV|CAGL0M11462g_33-91,143-384_2RHW:A:4-286	0	8	4	12	0	28	17	11	0	283
gnl|GLV|CAGL0M11440g_6-44_1CLD:A:	0	0	0	2	0	4	2	1	0	33
gnl|GLV|CAGL0M11418g_92-164_1FS1:A:109-149	0	0	2	3	0	6	2	3	0	41
gnl|GLV|CAGL0M11396g_105-144,174-426_1O6L:A:	6	9	5	10	0	39	20	21	0	337
gnl|GLV|CAGL0M11396g_933-991,1146-1192_1UL7:A:	1	4	1	2	0	12	5	2	0	101
gnl|GLV|CAGL0M11374g_479-582_2FQ3:A:311-395	0	0	1	4	0	12	6	5	0	85
gnl|GLV|CAGL0M11374g_713-762_1WGX:A:	0	0	0	3	0	7	7	1	0	72
gnl|GLV|CAGL0M11308g_446-540,664-761,1212-1419_1SU4:A:1-124,A:240-343,A:751-994	1	1	8	18	0	32	20	22	2	472
gnl|GLV|CAGL0M11308g_762-778,968-1057,1138-1216_1SU4:A:344-360,A:600-750	3	8	1	8	0	16	12	11	1	168
gnl|GLV|CAGL0M11308g_773-864,908-1021_1SU4:A:361-599	0	13	3	7	0	21	11	13	0	239
gnl|GLV|CAGL0M11308g_539-666_1SU4:A:125-239	2	9	3	0	0	21	10	7	0	115
gnl|GLV|CAGL0M11286g_12-322_1I4W:A:	2	8	7	11	0	36	19	18	0	322
gnl|GLV|CAGL0M11242g_10-253_1XG5:A:	2	7	3	9	0	23	11	14	0	278
gnl|GLV|CAGL0M11220g_9-79,113-346_1II7:A:	4	19	4	8	0	37	23	13	0	333
gnl|GLV|CAGL0M11198g_134-455_2GFO:A:762-1109	3	20	3	10	0	40	19	15	0	348
gnl|GLV|CAGL0M11198g_2-108_2UZG:A:36-130	0	5	0	3	0	13	5	6	0	95
gnl|GLV|CAGL0M11176g_5-218_1JFR:A:	0	9	4	6	0	32	19	18	0	260
gnl|GLV|CAGL0M11154g_321-451,504-641,915-932_1XQR:A:87-350	0	0	3	17	0	17	9	12	0	267
gnl|GLV|CAGL0M11066g_57-196_2CCH:B:181-308	0	0	1	6	0	9	3	5	0	128
gnl|GLV|CAGL0M11066g_199-330_1VIN:A:309-432	0	0	4	7	0	10	8	4	0	123
gnl|GLV|CAGL0M11044g_118-252_2CCH:B:181-308	0	0	1	6	0	9	3	5	0	128
gnl|GLV|CAGL0M11044g_254-364_1VIN:A:309-432	0	0	4	7	0	10	8	4	0	123
gnl|GLV|CAGL0M10956g_79-305_1PBT:A:	4	10	3	7	0	24	17	12	0	220
gnl|GLV|CAGL0M10934g_271-772_1K0G:A:	7	23	3	9	0	44	27	24	0	453
gnl|GLV|CAGL0M10934g_4-213_1QDL:B:	1	9	0	6	0	17	14	12	0	195
gnl|GLV|CAGL0M10890g_3-312_2NYM:C:2-294	4	13	0	11	0	29	23	16	0	293
gnl|GLV|CAGL0M10747g_69-296_1NIJ:A:2-223	0	9	2	7	0	28	21	11	0	222
gnl|GLV|CAGL0M10747g_367-425_1NIJ:A:224-318	2	5	0	2	0	8	4	5	0	95
gnl|GLV|CAGL0M10725g_15-306_1LHP:A:	0	10	3	9	0	29	18	12	0	309
gnl|GLV|CAGL0M10659g_309-422_1UHR:A:	1	5	1	4	0	12	8	5	0	92
gnl|GLV|CAGL0M10527g_1353-1745,1872-2269_1Z3X:A:1-87	0	0	0	5	0	7	4	5	0	87
gnl|GLV|CAGL0M10527g_69-331,499-539,585-623,654-720,831-931,994-1349_1Z3X:A:1-87	0	0	0	5	0	7	4	5	0	87
gnl|GLV|CAGL0M10527g_2181-2421_1GW5:A:	0	2	4	33	0	46	32	22	0	620
gnl|GLV|CAGL0M10505g_87-167_1CG7:A:	0	0	0	6	0	6	4	8	0	93
gnl|GLV|CAGL0M10439g_202-731_2JG0:A:37-547	13	16	6	19	0	52	31	30	0	511
gnl|GLV|CAGL0M10373g_85-267,382-410_1PZN:A:96-349	0	12	2	8	0	19	19	13	0	254
gnl|GLV|CAGL0M10329g_2-101_2QAL:F:1-100	4	4	1	2	0	15	7	5	0	100
gnl|GLV|CAGL0M10241g_11-103_2JOY:A:1-96	0	5	0	2	0	15	8	4	0	96
gnl|GLV|CAGL0M10175g_1075-1469_1C4Z:A:	4	10	4	13	0	35	26	18	0	350
gnl|GLV|CAGL0M10175g_161-432,489-564_1WA5:B:	0	0	5	29	0	38	22	22	0	506
gnl|GLV|CAGL0M10153g_560-822_1F3M:C:	1	10	4	11	0	33	20	20	0	294
gnl|GLV|CAGL0M10131g_440-530_1LKN:A:	1	6	1	1	0	13	5	3	0	89
gnl|GLV|CAGL0M10109g_365-449_2D9I:A:8-90	0	4	1	2	0	11	4	6	0	83
gnl|GLV|CAGL0M10087g_165-224_1GD2:G:	0	0	0	1	0	3	1	0	0	69
gnl|GLV|CAGL0M10065g_23-208_1XOY:A:	1	11	1	2	0	25	20	10	0	160
gnl|GLV|CAGL0M10043g_186-422_1J1I:A:	2	8	1	11	0	24	18	11	0	268
gnl|GLV|CAGL0M09999g_1722-2037_1NF1:A:	0	0	2	17	0	16	11	26	0	324
gnl|GLV|CAGL0M09955g_375-401,434-458_2EPQ:A:380-411	0	2	0	1	0	4	3	1	0	32
gnl|GLV|CAGL0M09911g_33-321_1VHN:A:	0	9	3	14	0	31	18	15	0	317
gnl|GLV|CAGL0M09845g_168-399,457-657_1KV9:A:1-560	8	39	7	5	0	72	35	35	0	560
gnl|GLV|CAGL0M09823g_472-546,603-676,722-804,882-1031_1RPA:A:	3	6	4	14	0	35	19	18	0	342
gnl|GLV|CAGL0M09823g_340-462_1AUV:A:214-417	1	9	2	5	0	17	10	8	0	204
gnl|GLV|CAGL0M09779g_22-295_2HVM:A:	3	9	7	10	0	29	21	13	0	273
gnl|GLV|CAGL0M09713g_142-280_1VJ1:A:125-311	0	6	4	7	0	13	12	10	0	187
gnl|GLV|CAGL0M09713g_11-123,336-364_1YB5:A:6-120,A:295-329	2	9	3	2	0	18	11	6	1	150
gnl|GLV|CAGL0M09691g_177-276_1WWH:A:169-249	0	6	2	3	0	8	3	3	0	81
gnl|GLV|CAGL0M09647g_12-203,284-520_1PV7:A:	0	0	2	22	0	18	12	14	0	417
gnl|GLV|CAGL0M09636g_29-130,176-248_1YJ5:A:144-338	5	9	1	6	0	27	15	15	0	195
gnl|GLV|CAGL0M09603g_2-155_1AN7:A:	2	10	2	3	0	13	7	7	0	136
gnl|GLV|CAGL0M09581g_131-413_1E79:A:95-379	8	11	6	9	0	30	20	18	0	285
gnl|GLV|CAGL0M09581g_416-543_1E79:A:380-510	0	0	2	6	0	9	4	6	0	131
gnl|GLV|CAGL0M09581g_45-129_1MAB:A:10-94	6	5	0	0	0	14	8	9	0	86
gnl|GLV|CAGL0M09537g_6-201_2OV9:A:7-209	3	7	2	3	0	22	12	13	0	203
gnl|GLV|CAGL0M09405g_260-345_1HLO:A:	0	0	1	4	0	4	2	2	0	80
gnl|GLV|CAGL0M09383g_52-284_1NR0:A:2-312	4	27	1	0	0	38	22	20	0	311
gnl|GLV|CAGL0M09361g_814-1131_1XJD:A:	8	7	5	9	0	32	15	17	0	320
gnl|GLV|CAGL0M09361g_119-192_1URF:A:	0	0	0	2	0	5	2	1	0	80
gnl|GLV|CAGL0M09361g_414-470_1FAQ:A:	1	4	0	0	0	9	5	3	0	52
gnl|GLV|CAGL0M09361g_213-305,366-390_1CJY:A:13-141	2	9	0	1	0	19	8	7	0	129
gnl|GLV|CAGL0M09361g_479-543_1XA6:A:209-270	3	2	1	0	0	13	5	5	0	62
gnl|GLV|CAGL0M09317g_111-223_1PG6:A:	2	17	2	3	0	23	12	10	0	227
gnl|GLV|CAGL0M09185g_140-207_1TJC:A:	0	0	0	5	0	8	1	4	0	95
gnl|GLV|CAGL0M09130g_447-709_1FQV:A:146-431	8	13	3	8	0	55	21	24	0	286
gnl|GLV|CAGL0M09130g_318-374_2OVR:B:2263-2364	0	0	0	6	0	9	7	5	0	102
gnl|GLV|CAGL0M09108g_557-888_1M8Z:A:	0	2	4	27	0	17	16	26	0	339
gnl|GLV|CAGL0M09108g_361-434_2CPD:A:223-308	0	5	0	2	0	8	7	4	0	86
gnl|GLV|CAGL0M09020g_8-327_1OKC:A:	0	0	6	11	0	19	10	9	0	292
gnl|GLV|CAGL0M08844g_10-198,238-303_1MLV:A:50-310	4	6	3	8	0	32	19	16	0	261
gnl|GLV|CAGL0M08822g_73-457_1QVR:A:149-535	0	8	0	16	0	30	17	16	0	387
gnl|GLV|CAGL0M08822g_458-770_1QVR:A:536-850	5	9	4	14	0	30	21	15	0	315
gnl|GLV|CAGL0M08800g_159-218_1GD2:G:	0	0	0	1	0	3	1	0	0	69
gnl|GLV|CAGL0M08756g_41-500_1EQC:A:	4	8	10	10	0	47	30	30	0	394
gnl|GLV|CAGL0M08690g_276-321_1CHC:A:	0	3	0	1	0	9	8	3	0	68
gnl|GLV|CAGL0M08668g_62-121_1FBV:A:356-434	2	2	0	2	0	11	6	5	0	79
gnl|GLV|CAGL0M08624g_3-336_1D2R:A:	6	5	3	13	0	31	17	19	0	326
gnl|GLV|CAGL0M08602g_625-645,727-946_2B8E:A:416-434,A:548-663	2	6	0	6	1	16	9	5	1	135
gnl|GLV|CAGL0M08602g_421-509_1SU4:A:125-239	2	9	3	0	0	21	10	7	0	115
gnl|GLV|CAGL0M08602g_82-149_1FVQ:A:	1	4	0	2	0	8	4	4	0	71
gnl|GLV|CAGL0M08602g_1-69_1FVQ:A:	1	4	0	2	0	8	4	4	0	71
gnl|GLV|CAGL0M08602g_378-408,511-621,889-907_1SU4:A:1-124,A:240-343,A:751-994	1	1	8	18	0	32	20	22	2	472
gnl|GLV|CAGL0M08580g_26-74_1WGL:A:	0	0	0	3	0	8	5	1	0	58
gnl|GLV|CAGL0M08426g_63-287,330-543_1PV7:A:	0	0	2	22	0	18	12	14	0	417
gnl|GLV|CAGL0M08404g_135-432_1FOT:A:	5	9	4	10	0	37	20	19	0	316
gnl|GLV|CAGL0M08382g_39-114_1S3A:A:15-99	0	4	0	3	0	10	4	4	0	85
gnl|GLV|CAGL0M08338g_1-136_2GYC:I:2-122	5	7	0	1	0	26	15	7	0	121
gnl|GLV|CAGL0M08316g_482-645,831-950_1GZ8:A:	3	8	3	10	0	29	17	22	0	298
gnl|GLV|CAGL0M08294g_120-439_1N0U:A:3-343	9	9	5	14	0	30	13	15	0	341
gnl|GLV|CAGL0M08294g_666-839_1N0U:A:561-725	1	7	1	5	0	15	13	8	0	165
gnl|GLV|CAGL0M08294g_590-663_1N0U:A:482-560	0	4	1	2	0	9	6	3	0	79
gnl|GLV|CAGL0M08294g_841-929_1N0U:A:726-842	0	4	3	3	0	11	3	6	0	117
gnl|GLV|CAGL0M08294g_465-573_1N0U:A:344-481	3	10	0	2	0	16	10	11	0	138
gnl|GLV|CAGL0M08052g_512-733_1RE0:B:	2	0	3	10	0	14	8	10	0	220
gnl|GLV|CAGL0M08052g_1078-1308_1HU3:A:	0	0	1	10	0	14	8	8	0	259
gnl|GLV|CAGL0M08030g_2-197_1A33:A:	7	8	1	2	0	27	13	13	0	174
gnl|GLV|CAGL0M08030g_233-373_1IHG:A:197-365	0	0	2	8	0	13	5	7	0	169
gnl|GLV|CAGL0M08008g_82-287,380-578_1P22:A:253-545	0	28	0	1	0	35	23	13	0	293
gnl|GLV|CAGL0M08008g_508-719_1PGU:A:2-326	3	28	2	0	0	35	19	22	0	325
gnl|GLV|CAGL0M07942g_399-463,595-656_1KRH:A:206-338	0	6	4	3	0	12	8	3	0	133
gnl|GLV|CAGL0M07898g_13-257,361-526_1GW5:B:	0	0	4	32	0	42	43	37	0	579
gnl|GLV|CAGL0M07854g_1-68_1I4K:1:	0	5	2	1	0	6	2	2	0	72
gnl|GLV|CAGL0M07656g_62-526_1TQN:A:	5	9	7	18	0	43	20	30	0	472
gnl|GLV|CAGL0M07634g_121-237_1L3G:A:	0	6	0	5	0	9	6	8	0	123
gnl|GLV|CAGL0M07612g_1-360,513-580_1GOS:A:4-289,A:402-500	4	15	6	13	0	40	33	22	1	385
gnl|GLV|CAGL0M07612g_345-374,421-524_2DW4:A:655-763	0	7	0	2	0	15	7	6	0	109
gnl|GLV|CAGL0M07590g_1-39_1CO4:A:	0	3	1	0	0	6	4	2	0	42
gnl|GLV|CAGL0M07568g_3-162_2UCZ:A:	2	4	2	4	0	18	13	11	0	164
gnl|GLV|CAGL0M07546g_84-181,219-399_1XZP:A:212-371	1	6	1	6	0	15	10	10	0	160
gnl|GLV|CAGL0M07513g_51-270_1O0W:A:1-167	2	0	1	10	0	12	5	7	0	167
gnl|GLV|CAGL0M07513g_269-351_2B7T:A:1-73	0	3	0	2	0	6	5	1	0	73
gnl|GLV|CAGL0M07469g_356-403_1CHC:A:	0	3	0	1	0	9	8	3	0	68
gnl|GLV|CAGL0M07447g_12-445_2FFJ:A:7-288	4	7	2	13	0	22	14	9	0	282
gnl|GLV|CAGL0M07381g_137-476_1S4N:A:	1	12	10	14	0	38	22	21	0	339
gnl|GLV|CAGL0M07359g_48-71_2CQE:A:429-457	2	0	0	0	0	6	6	2	0	29
gnl|GLV|CAGL0M07359g_80-101_2CQE:A:429-457	2	0	0	0	0	6	6	2	0	29
gnl|GLV|CAGL0M07315g_53-224_2VK9:A:2-541	9	6	8	20	0	52	25	29	0	540
gnl|GLV|CAGL0M07293g_852-1074_1Q12:A:4-235	1	11	4	7	0	25	20	16	0	232
gnl|GLV|CAGL0M07293g_165-397_1R0W:A:	0	11	2	12	1	27	19	16	0	281
gnl|GLV|CAGL0M07271g_33-139_1WIK:A:	0	4	0	5	0	14	12	6	0	108
gnl|GLV|CAGL0M07227g_7-39,74-304_1K32:A:320-679	4	31	5	1	0	46	27	17	0	360
gnl|GLV|CAGL0M07073g_19-182_2PTH:A:	0	7	4	6	0	15	9	12	0	193
gnl|GLV|CAGL0M07051g_432-851_2R7D:A:3-403	4	13	1	12	0	38	19	23	0	401
gnl|GLV|CAGL0M06963g_7-260_1PBT:A:	4	10	3	7	0	24	17	12	0	220
gnl|GLV|CAGL0M06941g_176-491_2B9E:A:133-425	1	13	5	9	0	30	15	22	0	293
gnl|GLV|CAGL0M06919g_725-803_1WHR:A:	0	3	1	3	0	17	10	4	0	123
gnl|GLV|CAGL0M06919g_62-130_1IYM:A:	0	2	0	1	0	11	6	4	0	54
gnl|GLV|CAGL0M06831g_521-571_2EPS:A:408-446	0	2	0	1	0	5	5	1	0	39
gnl|GLV|CAGL0M06831g_557-613_1SP2:A:	2	0	0	1	0	5	3	2	0	31
gnl|GLV|CAGL0M06809g_96-413_2FRN:A:19-278	0	13	3	6	0	25	10	16	0	260
gnl|GLV|CAGL0M06787g_69-277,355-437,465-500_1S4N:A:	1	12	10	14	0	38	22	21	0	339
gnl|GLV|CAGL0M06765g_115-261_1XRI:A:	2	5	3	6	0	16	5	6	0	151
gnl|GLV|CAGL0M06721g_61-353_1P9O:A:	3	15	4	8	0	25	12	11	0	290
gnl|GLV|CAGL0M06589g_36-166_1UJ2:A:	2	7	6	8	0	17	11	10	0	213
gnl|GLV|CAGL0M06501g_10-164_1C06:A:	0	5	1	7	0	16	11	9	0	159
gnl|GLV|CAGL0M06435g_296-500_1E32:A:201-458	3	5	4	12	0	28	13	14	0	258
gnl|GLV|CAGL0M06369g_128-367_1OLT:A:	1	19	6	15	0	46	26	24	0	441
gnl|GLV|CAGL0M06369g_364-553_1Y9W:A:1-140	0	7	3	3	0	13	3	7	0	140
gnl|GLV|CAGL0M06325g_2-84_1EGW:A:	0	2	0	2	0	8	4	2	0	71
gnl|GLV|CAGL0M06281g_72-282,319-536_1PW4:A:	2	0	1	18	0	21	18	22	0	450
gnl|GLV|CAGL0M06259g_170-394_1EGA:A:4-182	1	7	0	5	0	17	11	10	0	179
gnl|GLV|CAGL0M06237g_160-296,326-446_2R8B:A:44-246	2	9	2	5	0	21	16	11	0	203
gnl|GLV|CAGL0M06215g_29-293_1M3U:A:	0	8	3	11	0	27	18	16	0	262
gnl|GLV|CAGL0M06193g_12-311_2OVR:B:2365-2706	0	32	2	1	0	36	24	21	0	342
gnl|GLV|CAGL0M06149g_151-221_1WH2:A:	0	4	0	2	0	12	9	4	0	77
gnl|GLV|CAGL0M06039g_23-109_1H0X:A:	0	4	0	2	0	7	6	5	0	89
gnl|GLV|CAGL0M06017g_173-286_2PV7:A:244-371	0	0	0	8	0	7	2	6	0	128
gnl|GLV|CAGL0M06017g_322-435_2PV7:A:244-371	0	0	0	8	0	7	2	6	0	128
gnl|GLV|CAGL0M06017g_12-169_1YGY:A:99-282	3	7	2	7	0	24	14	12	0	184
gnl|GLV|CAGL0M05973g_69-358_2AYU:A:70-370	3	6	4	8	0	25	17	14	0	301
gnl|GLV|CAGL0M05907g_8-54_2HAP:C:55-97	0	0	1	2	0	6	3	2	0	43
gnl|GLV|CAGL0M05841g_66-406_1S4N:A:	1	12	10	14	0	38	22	21	0	339
gnl|GLV|CAGL0M05797g_2-274_1DJ0:A:	0	10	4	5	0	30	16	16	0	264
gnl|GLV|CAGL0M05775g_1-94_1T5Y:A:1-94	3	5	2	5	0	8	4	7	0	94
gnl|GLV|CAGL0M05775g_95-170_1T5Y:A:95-170	0	6	1	2	0	10	5	4	0	76
gnl|GLV|CAGL0M05687g_149-362_1VK6:A:126-256	1	6	0	2	0	11	4	7	0	131
gnl|GLV|CAGL0M05665g_2-74_1ITP:A:	0	4	0	2	0	7	7	2	0	76
gnl|GLV|CAGL0M05643g_50-164_2GA5:A:1-123	0	7	0	2	0	10	7	6	0	122
gnl|GLV|CAGL0M05621g_61-240_2VK9:A:2-541	9	6	8	20	0	52	25	29	0	540
gnl|GLV|CAGL0M05533g_12-452_2F2A:A:1-485	12	11	6	15	0	46	29	35	0	485
gnl|GLV|CAGL0M05533g_711-980_1ULZ:A:115-328	2	8	1	6	0	23	11	8	0	214
gnl|GLV|CAGL0M05533g_588-741_1ULZ:A:1-114	0	5	1	6	0	12	6	6	0	114
gnl|GLV|CAGL0M05533g_959-1070_1DV1:A:331-446	3	7	0	4	0	16	7	5	0	116
gnl|GLV|CAGL0M05533g_1262-1386_2PHC:B:86-217	4	9	1	2	0	15	8	8	0	132
gnl|GLV|CAGL0M05533g_1554-1683_2PHC:B:86-217	4	9	1	2	0	15	8	8	0	132
gnl|GLV|CAGL0M05533g_1756-1831_1O78:A:	4	6	0	0	0	18	11	2	0	84
gnl|GLV|CAGL0M05533g_1439-1531_2PHC:B:2-85	0	5	0	2	0	7	3	5	0	84
gnl|GLV|CAGL0M05489g_84-411_1S4N:A:	1	12	10	14	0	38	22	21	0	339
gnl|GLV|CAGL0M05467g_17-348_1BRT:A:	6	8	5	11	0	26	14	19	0	277
gnl|GLV|CAGL0M05423g_58-129,207-372_1LTL:A:	2	10	4	5	0	24	9	12	0	239
gnl|GLV|CAGL0M05423g_414-727_1OFH:A:	0	9	5	14	0	31	16	15	0	309
gnl|GLV|CAGL0M05357g_291-418_1KQ6:A:	0	4	1	5	0	16	9	5	0	140
gnl|GLV|CAGL0M05357g_475-555_1IP9:A:	1	4	0	2	0	11	6	3	0	84
gnl|GLV|CAGL0M05357g_51-123_1GBR:A:	6	4	1	0	0	15	7	3	0	73
gnl|GLV|CAGL0M05357g_139-211_1SHF:A:	3	5	1	0	0	9	3	2	0	59
gnl|GLV|CAGL0M05335g_461-733_1VYH:C:92-408	0	28	1	0	0	39	25	14	0	317
gnl|GLV|CAGL0M05335g_130-262_2J49:A:149-282	0	2	2	8	0	8	3	6	0	134
gnl|GLV|CAGL0M05291g_121-412_1NR0:A:2-312	4	27	1	0	0	38	22	20	0	311
gnl|GLV|CAGL0M05225g_52-373_1OKC:A:	0	0	6	11	0	19	10	9	0	292
gnl|GLV|CAGL0M05159g_183-325_1O0W:A:1-167	2	0	1	10	0	12	5	7	0	167
gnl|GLV|CAGL0M05159g_336-423_1T4L:B:	0	3	0	3	0	8	3	5	0	89
gnl|GLV|CAGL0M05137g_177-528_1JTD:B:	0	21	7	0	0	27	25	19	0	273
gnl|GLV|CAGL0M05137g_787-895_1BUO:A:	0	3	1	6	0	11	5	4	0	121
gnl|GLV|CAGL0M05049g_50-386_1KS8:A:	12	3	3	18	0	47	26	25	0	432
gnl|GLV|CAGL0M05027g_376-421,458-466,593-621_1ELW:A:	0	0	0	7	0	11	0	7	0	117
gnl|GLV|CAGL0M05005g_11-59,93-110_1TAF:A:	2	0	0	3	0	6	1	4	0	68
gnl|GLV|CAGL0M04961g_27-338_1YRG:A:	3	14	2	12	0	46	15	21	0	343
gnl|GLV|CAGL0M04939g_138-214_1V31:A:	2	4	0	4	0	14	11	2	0	92
gnl|GLV|CAGL0M04939g_14-55_1Q1V:A:	0	0	1	3	0	7	5	1	0	69
gnl|GLV|CAGL0M04917g_77-275_1NTY:A:1231-1414	0	1	1	10	0	9	3	13	0	184
gnl|GLV|CAGL0M04895g_30-251_1SQ9:A:	7	28	4	1	0	39	24	22	0	393
gnl|GLV|CAGL0M04895g_923-983_1JM7:A:	2	0	1	3	0	11	9	5	0	103
gnl|GLV|CAGL0M04873g_41-84_1XMA:A:	0	3	1	4	0	6	3	4	0	103
gnl|GLV|CAGL0M04829g_1480-1705_2OOE:A:21-549	2	0	2	28	0	36	16	28	0	529
gnl|GLV|CAGL0M04829g_1233-1327_3BZK:A:637-730	0	5	2	2	0	13	4	6	0	94
gnl|GLV|CAGL0M04829g_1138-1228_3BZK:A:637-730	0	5	2	2	0	13	4	6	0	94
gnl|GLV|CAGL0M04829g_584-661_2AHO:B:1-84	0	6	1	1	0	8	3	5	0	84
gnl|GLV|CAGL0M04829g_762-852_1SRO:A:	1	4	0	1	0	12	5	5	0	76
gnl|GLV|CAGL0M04829g_854-950_3BZK:A:637-730	0	5	2	2	0	13	4	6	0	94
gnl|GLV|CAGL0M04829g_102-144,178-225_1WI5:A:	0	5	0	1	0	15	8	4	0	118
gnl|GLV|CAGL0M04829g_669-755_1SRO:A:	1	4	0	1	0	12	5	5	0	76
gnl|GLV|CAGL0M04829g_482-566_1SRO:A:	1	4	0	1	0	12	5	5	0	76
gnl|GLV|CAGL0M04829g_957-1055_2Z0S:A:60-147	0	6	0	1	0	14	6	6	0	88
gnl|GLV|CAGL0M04829g_1058-1139_3BZK:A:637-730	0	5	2	2	0	13	4	6	0	94
gnl|GLV|CAGL0M04829g_219-295_1WI5:A:	0	5	0	1	0	15	8	4	0	118
gnl|GLV|CAGL0M04807g_1031-1327_1Z3I:X:390-735	0	10	6	11	0	41	29	23	0	346
gnl|GLV|CAGL0M04807g_774-1029_1Z63:A:432-661	0	7	2	11	0	24	16	18	0	230
gnl|GLV|CAGL0M04807g_1580-1689_1E6I:A:	0	0	2	5	0	8	8	7	0	111
gnl|GLV|CAGL0M04763g_6-225_1VAJ:A:3-205	2	9	5	4	0	21	12	12	0	203
gnl|GLV|CAGL0M04741g_22-142_2B5E:A:23-141	0	5	0	4	0	15	7	10	0	119
gnl|GLV|CAGL0M04697g_30-149_1QXN:A:	0	7	0	6	0	16	8	7	0	136
gnl|GLV|CAGL0M04675g_2-134_1TQ1:A:	2	5	0	5	0	13	8	7	0	119
gnl|GLV|CAGL0M04653g_16-206_1NR0:A:313-611	0	28	1	0	0	35	26	23	0	299
gnl|GLV|CAGL0M04653g_858-899_1IYM:A:	0	2	0	1	0	11	6	4	0	54
gnl|GLV|CAGL0M04631g_5-97_1D3B:A:	0	5	1	1	0	8	3	4	0	72
gnl|GLV|CAGL0M04609g_10-290_2B2C:A:3-314	1	12	2	9	0	30	16	16	0	312
gnl|GLV|CAGL0M04521g_1-235_1RU8:A:	2	9	0	6	0	24	9	13	0	231
gnl|GLV|CAGL0M04521g_314-420_1XRG:A:	4	6	3	2	0	16	9	5	0	125
gnl|GLV|CAGL0M04521g_436-580_1QD9:A:	5	6	3	2	0	17	10	4	0	124
gnl|GLV|CAGL0M04499g_107-459_1K87:A:262-612	3	8	7	14	0	31	17	23	0	351
gnl|GLV|CAGL0M04367g_125-510,559-585_1NW1:A:	0	14	8	13	0	38	16	17	0	395
gnl|GLV|CAGL0M04323g_539-578_1NCS:A:	0	3	1	1	0	6	3	3	0	47
gnl|GLV|CAGL0M04279g_333-687_1XIP:A:	5	30	1	2	0	35	25	17	0	387
gnl|GLV|CAGL0M04279g_41-286_2OVR:B:2365-2706	0	32	2	1	0	36	24	21	0	342
gnl|GLV|CAGL0M04235g_413-671_2HYE:C:403-675	1	8	3	9	0	25	16	11	0	273
gnl|GLV|CAGL0M04235g_708-780_1LDD:A:	0	3	1	3	0	7	3	3	0	74
gnl|GLV|CAGL0M04213g_63-252_1WL8:A:1-188	0	11	1	5	0	24	17	15	0	188
gnl|GLV|CAGL0M04191g_64-113,190-494_1J71:A:	2	26	4	3	0	34	19	20	0	334
gnl|GLV|CAGL0M04125g_21-282_1THT:A:	1	11	4	9	0	29	15	17	0	302
gnl|GLV|CAGL0M04103g_60-277,312-522_1PV7:A:	0	0	2	22	0	18	12	14	0	417
gnl|GLV|CAGL0M04059g_4-230_2QMW:A:1-184	1	10	1	6	0	20	19	9	0	184
gnl|GLV|CAGL0M04059g_238-342_1PHZ:A:19-115	1	4	1	2	0	11	4	7	0	97
gnl|GLV|CAGL0M03993g_39-180_1QUQ:A:	0	9	0	2	0	13	5	5	0	127
gnl|GLV|CAGL0M03993g_212-279_1DPU:A:	0	3	0	3	0	6	6	4	0	69
gnl|GLV|CAGL0M03971g_32-91_1P22:A:135-252	0	0	2	7	0	7	4	6	0	114
gnl|GLV|CAGL0M03883g_63-207_2QAL:K:12-128	0	5	1	3	0	11	7	6	0	117
gnl|GLV|CAGL0M03817g_115-137,230-382_1G16:A:	2	6	1	6	0	15	7	12	0	166
gnl|GLV|CAGL0M03795g_207-312_2MST:A:	3	4	0	2	0	14	6	4	0	75
gnl|GLV|CAGL0M03795g_125-210_1UAW:A:	0	4	0	2	0	10	7	3	0	77
gnl|GLV|CAGL0M03751g_180-319_1F5A:A:20-214	0	5	2	7	0	20	8	15	0	195
gnl|GLV|CAGL0M03751g_324-468_2B4V:A:289-471	3	4	4	5	0	20	10	9	0	183
gnl|GLV|CAGL0M03729g_562-845_1F3M:C:	1	10	4	11	0	33	20	20	0	294
gnl|GLV|CAGL0M03729g_63-170_1EAZ:A:	0	7	1	2	0	13	8	5	0	104
gnl|GLV|CAGL0M03641g_304-477_1FKM:A:249-442	2	0	8	8	0	13	13	10	0	194
gnl|GLV|CAGL0M03641g_517-569_1FKM:A:443-630	0	0	1	8	0	10	3	8	0	188
gnl|GLV|CAGL0M03619g_1-23,61-194,269-348_1K8W:A:9-250	2	13	4	7	0	21	9	18	0	241
gnl|GLV|CAGL0M03575g_8-231_1SXJ:C:12-238	3	5	3	12	0	22	13	12	0	227
gnl|GLV|CAGL0M03575g_234-326_1SXJ:C:239-333	0	0	0	5	0	6	3	4	0	95
gnl|GLV|CAGL0M03553g_149-296_1XQR:A:87-350	0	0	3	17	0	17	9	12	0	267
gnl|GLV|CAGL0M03531g_25-574_1GW5:B:	0	0	4	32	0	42	43	37	0	579
gnl|GLV|CAGL0M03531g_661-820_1PZD:A:604-762	3	11	2	1	0	22	8	7	0	159
gnl|GLV|CAGL0M03531g_821-931_1R4X:A:763-873	0	6	1	3	0	10	7	5	0	111
gnl|GLV|CAGL0M03487g_80-153_2DK5:A:8-85	0	3	0	3	0	8	6	3	0	78
gnl|GLV|CAGL0M03399g_6-151_1YH6:A:23-174	3	4	0	7	0	16	8	9	0	152
gnl|GLV|CAGL0M03333g_349-489,526-613_2AX3:A:1-211	2	8	1	8	0	23	15	9	0	211
gnl|GLV|CAGL0M03267g_183-245_1JM7:A:	2	0	1	3	0	11	9	5	0	103
gnl|GLV|CAGL0M03245g_18-177_2C31:A:7-194	0	8	2	9	0	17	9	7	0	188
gnl|GLV|CAGL0M03245g_369-559_2C31:A:370-552	6	6	1	7	0	19	13	10	0	183
gnl|GLV|CAGL0M03245g_188-348_2C31:A:195-369	1	5	5	6	0	18	11	9	0	175
gnl|GLV|CAGL0M03223g_156-253_2CTK:A:8-98	0	3	0	3	0	9	3	2	0	91
gnl|GLV|CAGL0M03223g_929-1020_2CTK:A:8-98	0	3	0	3	0	9	3	2	0	91
gnl|GLV|CAGL0M03223g_622-702_1KHM:A:	0	3	1	3	0	8	5	2	0	89
gnl|GLV|CAGL0M03223g_779-884_1X4M:A:8-88	0	3	0	3	0	9	7	2	0	81
gnl|GLV|CAGL0M03223g_700-767_2CTJ:A:8-89	0	3	0	3	0	9	5	2	0	82
gnl|GLV|CAGL0M03223g_1150-1208_2CTE:A:8-88	1	2	0	3	0	10	3	4	0	81
gnl|GLV|CAGL0M03135g_327-422_1G4M:A:5-175	1	10	2	2	0	21	12	8	0	171
gnl|GLV|CAGL0M03047g_66-299_1Q74:A:	8	10	5	6	0	34	18	16	0	297
gnl|GLV|CAGL0M03025g_52-96_1AW6:A:	0	0	0	2	0	6	3	2	0	43
gnl|GLV|CAGL0M03003g_74-276,332-538_1PV7:A:	0	0	2	22	0	18	12	14	0	417
gnl|GLV|CAGL0M02981g_38-229_3PMG:A:1-190	3	9	1	5	0	20	11	13	0	190
gnl|GLV|CAGL0M02981g_321-473_1KFI:A:324-443	0	4	0	6	0	10	8	10	0	120
gnl|GLV|CAGL0M02981g_240-332_1K2Y:X:155-258	0	5	2	3	0	14	9	8	0	104
gnl|GLV|CAGL0M02981g_559-602_1WJW:A:	0	3	0	2	0	7	8	3	0	111
gnl|GLV|CAGL0M02959g_159-202,230-347_1TA0:A:	2	9	6	4	0	24	13	9	0	196
gnl|GLV|CAGL0M02959g_491-581_1CDZ:A:	1	4	1	3	0	15	6	8	0	96
gnl|GLV|CAGL0M02937g_1-93_2BWF:A:2-74	2	5	2	1	0	8	1	7	0	77
gnl|GLV|CAGL0M02937g_328-371_2BWB:A:328-371	0	0	0	4	0	4	0	3	0	46
gnl|GLV|CAGL0M02893g_23-240_2EFK:A:10-288	0	0	1	6	0	5	3	5	0	279
gnl|GLV|CAGL0M02871g_161-294,365-443_1LL2:A:	1	11	7	10	0	24	19	16	0	263
gnl|GLV|CAGL0M02805g_252-325,476-683,727-763_1ERJ:A:	2	30	1	1	0	43	24	22	0	388
gnl|GLV|CAGL0M02805g_36-346_1SQ9:A:	7	28	4	1	0	39	24	22	0	393
gnl|GLV|CAGL0M02761g_428-492_1ITY:A:	0	0	0	3	0	8	5	2	0	67
gnl|GLV|CAGL0M02673g_128-252_1SO9:A:	3	9	1	0	0	26	14	6	0	131
gnl|GLV|CAGL0M02651g_6-48_2HAP:C:55-97	0	0	1	2	0	6	3	2	0	43
gnl|GLV|CAGL0M02651g_343-447_1LL8:A:	0	6	1	2	0	15	8	9	0	113
gnl|GLV|CAGL0M02607g_453-851_1FQV:A:146-431	8	13	3	8	0	55	21	24	0	286
gnl|GLV|CAGL0M02585g_3-73_1WEM:A:	0	2	0	3	0	11	7	3	0	75
gnl|GLV|CAGL0M02563g_196-450_2OVR:B:2365-2706	0	32	2	1	0	36	24	21	0	342
gnl|GLV|CAGL0M02519g_45-331_1IA8:A:	5	12	5	7	0	36	16	18	0	275
gnl|GLV|CAGL0M02497g_7-101_1SQR:A:	0	6	0	1	0	13	6	3	0	87
gnl|GLV|CAGL0M02431g_6-437_1ZHX:A:2-434	5	19	10	9	0	46	21	29	0	433
gnl|GLV|CAGL0M02387g_619-804_1JJ7:A:	4	10	3	10	0	29	19	15	0	251
gnl|GLV|CAGL0M02387g_189-510_1PF4:A:10-320	0	0	9	16	0	12	11	14	0	310
gnl|GLV|CAGL0M02299g_39-289_1O6L:A:	6	9	5	10	0	39	20	21	0	337
gnl|GLV|CAGL0M02233g_181-477_1A06:A:	4	8	4	10	0	29	20	14	0	307
gnl|GLV|CAGL0M02233g_540-704_1QU5:A:	2	11	4	1	0	28	21	8	0	182
gnl|GLV|CAGL0M02233g_3-155_1G3G:A:	0	11	0	3	0	24	14	7	0	164
gnl|GLV|CAGL0M02211g_66-411_1DPJ:A:	4	26	6	5	0	36	14	22	0	329
gnl|GLV|CAGL0M02189g_92-453_1GOJ:A:	6	14	5	9	0	36	20	25	0	354
gnl|GLV|CAGL0M02167g_102-216_1B4Q:A:	2	4	1	5	0	11	6	8	0	105
gnl|GLV|CAGL0M02145g_81-216_1NV8:A:	2	9	3	10	0	29	15	20	0	271
gnl|GLV|CAGL0M02035g_938-1351_1WNS:A:348-758	8	7	1	12	0	41	19	21	0	411
gnl|GLV|CAGL0M02035g_53-210,646-683,716-897_1WNS:A:1-347	2	17	1	10	0	31	20	21	0	347
gnl|GLV|CAGL0M02002g_10-62,286-364_1MVH:A:	5	15	3	2	0	50	27	17	0	269
gnl|GLV|CAGL0M01980g_17-233_1H7S:A:29-231	0	10	3	5	0	18	14	9	0	203
gnl|GLV|CAGL0M01980g_505-639,667-717_1X9Z:A:	2	7	1	7	0	14	7	8	0	182
gnl|GLV|CAGL0M01980g_234-377_1H7S:A:232-365	2	7	1	4	0	12	4	9	0	134
gnl|GLV|CAGL0M01958g_545-820_1Z3I:X:390-735	0	10	6	11	0	41	29	23	0	346
gnl|GLV|CAGL0M01958g_237-541_1Z3I:X:92-389	0	9	4	12	0	34	20	12	0	298
gnl|GLV|CAGL0M01936g_56-331_1RTQ:A:	0	9	4	8	0	27	18	18	0	291
gnl|GLV|CAGL0M01914g_77-112,314-437_1W3B:A:	0	0	0	23	0	35	6	26	0	388
gnl|GLV|CAGL0M01914g_11-127_1KT1:A:254-421	0	0	1	7	0	12	3	7	0	168
gnl|GLV|CAGL0M01870g_173-225_2CSH:A:8-60	0	4	0	2	0	6	6	3	0	53
gnl|GLV|CAGL0M01826g_36-131_1IVO:A:2-162	5	9	3	1	0	26	16	9	0	157
gnl|GLV|CAGL0M01826g_160-295_1IVO:A:2-162	5	9	3	1	0	26	16	9	0	157
gnl|GLV|CAGL0M01782g_241-521_1OZ4:A:471-763	2	0	3	7	0	31	24	19	0	292
gnl|GLV|CAGL0M01782g_110-221_1CR5:A:108-210	1	6	0	2	0	13	3	7	0	103
gnl|GLV|CAGL0M01782g_28-106_1CR5:A:26-107	0	6	0	3	0	11	3	7	0	82
gnl|GLV|CAGL0M01782g_520-721_1D2N:A:	2	7	2	10	0	24	16	16	0	246
gnl|GLV|CAGL0M01760g_865-1086_1F3O:A:	0	10	2	7	0	22	15	14	0	232
gnl|GLV|CAGL0M01760g_160-397_3D31:A:1-229	0	10	1	9	0	26	15	14	0	229
gnl|GLV|CAGL0M01738g_408-525_1E6I:A:	0	0	2	5	0	8	8	7	0	111
gnl|GLV|CAGL0M01694g_322-469,522-942_1EG7:A:	4	25	8	18	0	59	33	37	0	549
gnl|GLV|CAGL0M01694g_131-297_1A4I:A:127-296	4	5	1	6	0	22	8	10	0	170
gnl|GLV|CAGL0M01694g_11-130_1A4I:A:2-126	1	4	1	4	0	14	5	6	0	125
gnl|GLV|CAGL0M01672g_40-258,325-529_1PV7:A:	0	0	2	22	0	18	12	14	0	417
gnl|GLV|CAGL0M01650g_19-248_1URU:A:	2	0	0	4	0	8	3	8	0	217
gnl|GLV|CAGL0M01650g_400-465_1OOT:A:	3	5	1	0	0	9	4	4	0	58
gnl|GLV|CAGL0M01628g_82-198,276-357_1TX4:A:	0	0	4	12	0	17	9	13	0	196
gnl|GLV|CAGL0M01606g_11-391_1YOV:B:12-437	9	12	6	13	0	48	22	26	0	426
gnl|GLV|CAGL0M01540g_6-47_1BH9:A:	0	0	0	2	0	4	2	1	0	45
gnl|GLV|CAGL0M01496g_5-946_1WA5:C:	8	0	17	50	0	66	46	42	0	959
gnl|GLV|CAGL0M01474g_6-136_1JFI:B:	2	0	1	5	0	7	3	4	0	135
gnl|GLV|CAGL0M01452g_477-525_1Z0K:B:441-501	1	0	0	2	0	6	3	2	0	61
gnl|GLV|CAGL0M01452g_221-269,308-327_1HYI:A:	0	4	0	1	0	11	5	3	0	65
gnl|GLV|CAGL0M01452g_78-152_1VFY:A:	4	4	2	1	0	10	2	4	0	72
gnl|GLV|CAGL0M01430g_16-328_1ERJ:A:	2	30	1	1	0	43	24	22	0	388
gnl|GLV|CAGL0M01430g_294-564_1GXR:A:	2	31	0	0	0	37	29	20	0	336
gnl|GLV|CAGL0M01408g_86-348,420-456,655-802_1GW5:B:	0	0	4	32	0	42	43	37	0	579
gnl|GLV|CAGL0M01320g_202-348_2DLX:A:1-147	0	4	0	5	0	15	9	9	0	140
gnl|GLV|CAGL0M01320g_406-508_1S3S:G:	2	5	1	3	0	15	10	7	0	118
gnl|GLV|CAGL0M01320g_3-42_1V92:A:	0	0	0	3	0	4	2	4	0	46
gnl|GLV|CAGL0M01276g_81-222,256-381_1D9X:A:415-595	0	5	2	5	0	14	14	14	0	181
gnl|GLV|CAGL0M01166g_16-322_2GJC:A:16-326	2	13	2	9	0	30	16	17	0	311
gnl|GLV|CAGL0M01144g_1-296,357-692,780-951_1UPK:A:	2	0	4	20	0	16	12	16	0	330
gnl|GLV|CAGL0M01122g_123-315_1SVI:A:	2	7	3	5	0	16	8	11	0	195
gnl|GLV|CAGL0M01100g_153-235_1DK1:A:	0	0	0	4	0	6	2	3	0	86
gnl|GLV|CAGL0M00990g_1294-1387,1465-1809_1SXJ:D:26-262	0	5	2	13	0	21	15	15	0	237
gnl|GLV|CAGL0M00880g_16-420_2OAT:A:	6	15	3	13	0	35	23	31	0	404
gnl|GLV|CAGL0M00770g_1-213_1M4Z:A:	0	10	3	7	0	20	6	10	0	237
gnl|GLV|CAGL0M00682g_214-434_1BG3:A:466-670	3	8	1	7	0	22	13	9	0	205
gnl|GLV|CAGL0M00682g_15-209_1V4S:A:14-218	3	8	1	5	0	18	10	11	0	203
gnl|GLV|CAGL0M00660g_11-343_1V9M:A:	0	0	6	15	0	22	14	15	0	319
gnl|GLV|CAGL0M00616g_155-386_2OR4:A:118-350	8	12	3	4	0	39	15	17	0	233
gnl|GLV|CAGL0M00616g_134-148,368-607_2OR4:A:57-117,A:351-593	6	7	2	11	0	27	21	17	1	304
gnl|GLV|CAGL0M00616g_612-770_2OR4:A:594-750	4	2	1	6	0	11	6	10	0	157
gnl|GLV|CAGL0M00594g_24-73_2ADR:A:102-130	2	0	0	1	0	5	2	2	0	29
gnl|GLV|CAGL0M00572g_59-99,132-262_2AVN:A:1-246	2	10	3	10	0	28	12	9	0	246
gnl|GLV|CAGL0M00550g_194-565_1CS1:A:	8	12	2	13	0	42	23	28	0	384
gnl|GLV|CAGL0M00528g_30-542_1DL2:A:	6	19	4	20	0	49	26	30	0	511
gnl|GLV|CAGL0M00506g_3-1045_1WA5:C:	8	0	17	50	0	66	46	42	0	959
gnl|GLV|CAGL0M00484g_4-195_1VDM:A:1-153	3	9	0	3	0	18	9	6	0	153
gnl|GLV|CAGL0M00374g_306-675_1B0P:A:786-1232	9	8	4	17	0	46	33	30	0	447
gnl|GLV|CAGL0M00374g_940-991,1020-1166_1AOP:A:149-345	7	5	2	4	0	22	8	9	0	197
gnl|GLV|CAGL0M00374g_639-795_1JA1:A:63-239	0	7	4	5	0	17	7	9	0	177
gnl|GLV|CAGL0M00374g_1252-1384_1AOP:A:426-570	0	5	1	5	0	15	9	12	0	145
gnl|GLV|CAGL0M00374g_803-938_1AOP:A:81-145	2	4	1	2	0	8	2	2	0	65
gnl|GLV|CAGL0M00374g_1167-1248_1AOP:A:346-425	0	7	2	2	0	8	3	4	0	80
gnl|GLV|CAGL0M00330g_151-340_1EBF:A:151-340	1	5	3	7	0	18	12	11	0	190
gnl|GLV|CAGL0M00330g_3-173_1EBF:A:2-150,A:341-359	2	6	2	7	0	22	11	8	1	168
gnl|GLV|CAGL0M00242g_120-325_1Q27:A:	0	8	0	3	0	22	18	6	0	171
gnl|GLV|CAGL0M00220g_338-525_1T9F:A:	4	12	2	0	0	29	9	14	0	186
gnl|GLV|CAGL0M00176g_11-359_1EKF:A:	6	19	3	7	0	43	24	20	0	365
gnl|GLV|CAGL0L13266g_177-454_2PWA:A:1-279	4	15	3	6	0	32	20	20	0	279
gnl|GLV|CAGL0L13266g_69-97,125-169_1ITP:A:	0	4	0	2	0	7	7	2	0	76
gnl|GLV|CAGL0L13244g_34-254_2A6Z:A:7-227	4	15	5	1	0	27	18	12	0	221
gnl|GLV|CAGL0L13178g_179-233,263-310,339-536_1A12:A:	5	30	5	1	0	58	38	27	0	401
gnl|GLV|CAGL0L13090g_39-366_1MNN:A:	5	22	7	3	0	40	15	13	0	303
gnl|GLV|CAGL0L13046g_94-201_2CU6:A:6-96	0	5	1	2	0	11	5	6	0	91
gnl|GLV|CAGL0L13002g_348-503,532-700_1EWQ:A:267-541	2	4	1	10	0	20	10	10	0	275
gnl|GLV|CAGL0L13002g_706-941_1E3M:A:567-800	2	10	1	6	0	25	13	9	0	234
gnl|GLV|CAGL0L13002g_55-172_1EWQ:A:1-120	0	6	3	3	0	13	6	4	0	120
gnl|GLV|CAGL0L13002g_174-247,281-361_1EWQ:A:121-266	1	6	2	5	0	14	11	3	0	146
gnl|GLV|CAGL0L12936g_347-554_1ELW:A:	0	0	0	7	0	11	0	7	0	117
gnl|GLV|CAGL0L12936g_93-226,289-346_1ELW:A:	0	0	0	7	0	11	0	7	0	117
gnl|GLV|CAGL0L12826g_15-190_1E0S:A:	2	7	5	6	0	13	5	14	0	173
gnl|GLV|CAGL0L12804g_132-389_1E5K:A:	0	9	1	7	0	22	13	14	0	188
gnl|GLV|CAGL0L12760g_247-408_1PBU:A:	0	6	8	4	0	22	16	7	0	162
gnl|GLV|CAGL0L12760g_75-209_1NHY:A:76-219	0	0	2	7	0	12	5	9	0	144
gnl|GLV|CAGL0L12760g_1-72_1NHY:A:1-75	0	4	2	3	0	11	3	3	0	75
gnl|GLV|CAGL0L12716g_3-97_1HV2:A:	0	3	0	4	0	8	5	5	0	99
gnl|GLV|CAGL0L12694g_54-137,177-301_1Q7F:A:	4	25	3	0	0	39	19	20	0	279
gnl|GLV|CAGL0L12672g_20-105_1X5S:A:8-97	0	4	0	2	0	11	8	3	0	89
gnl|GLV|CAGL0L12672g_284-350_1P1T:A:	2	4	0	4	0	11	10	6	0	104
gnl|GLV|CAGL0L12672g_143-228_1X5S:A:8-97	0	4	0	2	0	11	8	3	0	89
gnl|GLV|CAGL0L12672g_518-579_1P1T:A:	2	4	0	4	0	11	10	6	0	104
gnl|GLV|CAGL0L12606g_72-225,443-707_1FFY:A:1-200,A:395-644	8	19	3	17	0	45	29	24	1	450
gnl|GLV|CAGL0L12606g_713-979_1FFY:A:645-917	0	8	4	11	1	21	16	15	0	273
gnl|GLV|CAGL0L12606g_229-443_1FFY:A:201-394	6	3	3	4	0	27	16	12	0	194
gnl|GLV|CAGL0L12562g_140-188_2CSH:A:8-60	0	4	0	2	0	6	6	3	0	53
gnl|GLV|CAGL0L12452g_206-339_1EVY:A:198-357	0	0	1	8	0	11	6	8	0	160
gnl|GLV|CAGL0L12386g_225-498_2P6R:A:203-403	2	10	1	7	0	20	15	11	0	201
gnl|GLV|CAGL0L12364g_5-274_1QFL:A:4-268	6	10	2	8	0	30	16	18	0	265
gnl|GLV|CAGL0L12364g_274-397_1WDK:C:264-391	2	4	3	5	0	10	4	7	0	128
gnl|GLV|CAGL0L12276g_1-106_1XBL:A:	0	0	0	3	0	7	3	6	0	75
gnl|GLV|CAGL0L12276g_118-152,237-278_1NLT:A:110-138,A:213-257	2	5	0	1	0	12	2	5	1	74
gnl|GLV|CAGL0L12276g_287-372_1NLT:A:258-337	4	6	0	1	0	15	6	4	0	80
gnl|GLV|CAGL0L12276g_134-229_1NLT:A:139-212	2	4	0	0	0	10	9	6	0	74
gnl|GLV|CAGL0L12254g_101-572_1XI9:A:	3	15	6	14	0	41	17	19	0	405
gnl|GLV|CAGL0L12188g_620-813_1GXL:A:	2	8	4	7	0	19	12	14	0	205
gnl|GLV|CAGL0L12188g_129-299,1278-1382_1XEW:X:,Y:	2	15	2	9	0	30	20	14	1	329
gnl|GLV|CAGL0L12100g_95-331_1V5W:A:	4	10	3	8	0	21	13	14	0	258
gnl|GLV|CAGL0L12100g_13-77_1B22:A:	2	0	1	4	0	7	7	5	0	70
gnl|GLV|CAGL0L12078g_64-383_1NI4:A:	2	12	3	11	0	37	24	21	0	364
gnl|GLV|CAGL0L12056g_4-236_1O9D:A:	0	0	0	10	0	12	5	8	0	236
gnl|GLV|CAGL0L12034g_645-720,761-1001,1040-1100_2J0S:A:22-243	0	7	3	9	0	25	14	17	0	223
gnl|GLV|CAGL0L12012g_12-178_1XXL:A:	5	8	2	9	0	23	10	12	0	238
gnl|GLV|CAGL0L11990g_143-228_1WIK:A:	0	4	0	5	0	14	12	6	0	108
gnl|GLV|CAGL0L11990g_2-102_1R26:A:	0	5	0	5	0	12	6	6	0	124
gnl|GLV|CAGL0L11968g_59-327_1E32:A:201-458	3	5	4	12	0	28	13	14	0	258
gnl|GLV|CAGL0L11946g_434-673_2P6R:A:1-202	1	7	2	7	0	20	9	10	0	202
gnl|GLV|CAGL0L11946g_682-893_2P6R:A:203-403	2	10	1	7	0	20	15	11	0	201
gnl|GLV|CAGL0L11946g_1016-1189_2Q0Z:X:33-208	1	0	2	9	0	14	8	11	0	176
gnl|GLV|CAGL0L11946g_1852-2027_2Q0Z:X:33-208	1	0	2	9	0	14	8	11	0	176
gnl|GLV|CAGL0L11946g_1229-1515_2P6R:A:1-202	1	7	2	7	0	20	9	10	0	202
gnl|GLV|CAGL0L11946g_2038-2138_2Q0Z:X:209-322	2	7	1	0	0	12	8	4	0	114
gnl|GLV|CAGL0L11946g_893-999_2P6R:A:404-488	0	2	0	5	0	5	6	5	0	85
gnl|GLV|CAGL0L11924g_13-123,203-242_1SXJ:D:26-262	0	5	2	13	0	21	15	15	0	237
gnl|GLV|CAGL0L11924g_33-87,188-254,452-466,501-681_2P6R:A:1-202	1	7	2	7	0	20	9	10	0	202
gnl|GLV|CAGL0L11902g_7-139,174-226_2AK3:A:0-124,A:162-225	2	5	1	8	0	16	10	8	1	189
gnl|GLV|CAGL0L11902g_139-175_2AK3:A:125-161	4	2	1	0	0	6	1	4	0	37
gnl|GLV|CAGL0L11880g_168-352_2A1X:A:43-338	5	15	4	5	0	35	14	11	0	296
gnl|GLV|CAGL0L11880g_900-950_2CSH:A:8-60	0	4	0	2	0	6	6	3	0	53
gnl|GLV|CAGL0L11814g_182-271,532-655,1173-1399_1SU4:A:1-124,A:240-343,A:751-994	1	1	8	18	0	32	20	22	2	472
gnl|GLV|CAGL0L11814g_656-672,961-1170_1SU4:A:344-360,A:600-750	3	8	1	8	0	16	12	11	1	168
gnl|GLV|CAGL0L11814g_667-683,761-967_1MO7:A:	2	9	0	5	0	32	19	9	0	213
gnl|GLV|CAGL0L11814g_385-449,490-529_1SU4:A:125-239	2	9	3	0	0	21	10	7	0	115
gnl|GLV|CAGL0L11770g_614-899_1Z3I:X:390-735	0	10	6	11	0	41	29	23	0	346
gnl|GLV|CAGL0L11770g_367-612_1Z63:A:432-661	0	7	2	11	0	24	16	18	0	230
gnl|GLV|CAGL0L11770g_189-265_2DY7:A:172-252	0	3	0	3	0	8	3	3	0	81
gnl|GLV|CAGL0L11770g_278-357_2DY8:A:279-347	0	3	0	2	0	8	6	1	0	69
gnl|GLV|CAGL0L11726g_158-456_1X3Z:A:8-327	2	11	1	12	0	27	15	14	0	320
gnl|GLV|CAGL0L11660g_6-1434_1I50:A:	24	46	14	45	0	162	93	81	0	1449
gnl|GLV|CAGL0L11594g_79-95,139-308_1TQI:A:91-282	0	10	1	4	0	15	9	8	0	192
gnl|GLV|CAGL0L11550g_14-270_1F3M:C:	1	10	4	11	0	33	20	20	0	294
gnl|GLV|CAGL0L11506g_600-736,855-1012_1HW8:A:441-586,A:704-861	4	7	3	10	0	18	15	19	1	304
gnl|GLV|CAGL0L11506g_739-857_1DQA:A:587-703	1	6	0	4	0	10	6	5	0	117
gnl|GLV|CAGL0L11462g_32-118_2JOY:A:1-96	0	5	0	2	0	15	8	4	0	96
gnl|GLV|CAGL0L11440g_1099-1217_3RPB:A:	3	7	0	2	0	18	11	6	0	140
gnl|GLV|CAGL0L11440g_457-590_1WFJ:A:	0	8	0	1	0	15	11	3	0	135
gnl|GLV|CAGL0L11440g_763-869_1DQV:A:425-569	1	7	1	1	0	21	14	5	0	145
gnl|GLV|CAGL0L11440g_626-747_1DSY:A:	1	9	1	2	0	19	9	5	0	137
gnl|GLV|CAGL0L11374g_10-354_1UN8:A:1-335	9	12	3	8	0	38	23	19	0	335
gnl|GLV|CAGL0L11374g_368-578_1UN8:A:336-550	2	1	1	9	0	15	8	9	0	215
gnl|GLV|CAGL0L11330g_387-446_1WD2:A:	0	0	2	0	0	10	10	2	0	59
gnl|GLV|CAGL0L11330g_175-237_1WIM:A:	2	4	1	3	0	13	8	2	0	93
gnl|GLV|CAGL0L11330g_294-336_1WD2:A:	0	0	2	0	0	10	10	2	0	59
gnl|GLV|CAGL0L11264g_1-221_1M4Z:A:	0	10	3	7	0	20	6	10	0	237
gnl|GLV|CAGL0L11264g_565-758,789-837_1E32:A:201-458	3	5	4	12	0	28	13	14	0	258
gnl|GLV|CAGL0L11242g_27-212_2FG5:A:3-167	2	6	2	5	0	16	8	10	0	165
gnl|GLV|CAGL0L11198g_389-566,691-779_1W36:D:361-606	4	4	2	9	0	19	18	13	0	246
gnl|GLV|CAGL0L11198g_173-191,255-459_1E79:D:82-357	4	12	5	8	0	32	21	15	0	276
gnl|GLV|CAGL0L11176g_120-324_1EBM:A:136-325	0	2	0	11	0	15	8	12	0	190
gnl|GLV|CAGL0L11176g_4-119_1EBM:A:9-135	0	5	1	4	0	14	7	6	0	127
gnl|GLV|CAGL0L11110g_54-426,470-570_1AUI:A:	6	14	3	13	0	41	29	19	0	473
gnl|GLV|CAGL0L11088g_17-228_1FZT:A:	9	5	1	7	0	22	14	12	0	211
gnl|GLV|CAGL0L11066g_16-231_2TRC:P:	1	5	3	7	0	24	21	12	0	217
gnl|GLV|CAGL0L11044g_5-49,92-236_1J1I:A:	2	8	1	11	0	24	18	11	0	268
gnl|GLV|CAGL0L11000g_15-265_1JR2:A:	2	11	3	12	0	26	17	11	0	260
gnl|GLV|CAGL0L10934g_7-123_1CTQ:A:	0	6	1	6	0	16	8	10	0	166
gnl|GLV|CAGL0L10934g_6-39,129-234_1CTQ:A:	0	6	1	6	0	16	8	10	0	166
gnl|GLV|CAGL0L10912g_71-374,413-536_1PV7:A:	0	0	2	22	0	18	12	14	0	417
gnl|GLV|CAGL0L10846g_1-171_1WZN:A:1-251	1	11	4	7	0	20	9	14	0	251
gnl|GLV|CAGL0L10824g_61-175_2J01:T:1-138	7	3	1	3	0	20	12	4	0	138
gnl|GLV|CAGL0L10802g_197-289,319-470_2PWA:A:1-279	4	15	3	6	0	32	20	20	0	279
gnl|GLV|CAGL0L10780g_1816-2200_1OD2:A:1815-2203	2	13	2	15	0	35	19	23	0	389
gnl|GLV|CAGL0L10780g_1489-1814_1OD2:A:1484-1814	4	14	5	11	0	34	22	20	0	331
gnl|GLV|CAGL0L10780g_184-446_1W96:A:184-450	2	10	2	9	0	30	12	15	0	267
gnl|GLV|CAGL0L10780g_18-183_1W96:A:14-183	2	5	3	8	0	17	12	8	0	170
gnl|GLV|CAGL0L10780g_450-567_1W96:A:451-566	0	4	0	4	0	12	11	4	0	116
gnl|GLV|CAGL0L10780g_693-767_1O78:A:	4	6	0	0	0	18	11	2	0	84
gnl|GLV|CAGL0L10758g_192-525_3PFK:A:	2	11	3	11	0	31	12	19	0	319
gnl|GLV|CAGL0L10758g_534-950_3PFK:A:	2	11	3	11	0	31	12	19	0	319
gnl|GLV|CAGL0L10692g_197-270_1D4U:A:37-111	0	3	0	3	0	9	8	3	0	75
gnl|GLV|CAGL0L10648g_31-190_2CCH:B:181-308	0	0	1	6	0	9	3	5	0	128
gnl|GLV|CAGL0L10604g_6-94_1VCS:A:8-96	0	0	1	4	0	4	3	5	0	89
gnl|GLV|CAGL0L10604g_135-194_1GL2:C:	0	0	0	1	0	2	0	0	0	64
gnl|GLV|CAGL0L10582g_427-676,718-933_1LF6:A:288-684	15	6	5	13	0	47	32	24	0	397
gnl|GLV|CAGL0L10560g_3-181_1DKG:D:3-185	4	12	2	5	0	21	12	11	0	183
gnl|GLV|CAGL0L10560g_188-385_1HJO:A:189-382	1	6	2	6	0	13	8	10	0	194
gnl|GLV|CAGL0L10560g_401-452,480-530_1CKR:A:	1	10	0	2	0	15	14	9	0	159
gnl|GLV|CAGL0L10538g_217-361_1KS9:A:168-291	0	0	2	6	0	7	1	7	0	124
gnl|GLV|CAGL0L10538g_9-160_1KS9:A:1-167	0	11	3	4	0	22	13	12	0	167
gnl|GLV|CAGL0L10494g_270-406,435-481_1FKM:A:249-442	2	0	8	8	0	13	13	10	0	194
gnl|GLV|CAGL0L10494g_456-634_1FKM:A:443-630	0	0	1	8	0	10	3	8	0	188
gnl|GLV|CAGL0L10472g_239-351_1XTE:A:	0	3	2	4	0	9	3	6	0	116
gnl|GLV|CAGL0L10406g_53-250_1EZV:D:62-260	4	4	2	6	0	22	12	20	0	199
gnl|GLV|CAGL0L10406g_251-296_1EZV:D:261-306	0	1	0	1	0	2	0	2	0	46
gnl|GLV|CAGL0L10384g_152-212_1WES:A:	0	2	0	0	0	16	13	4	0	70
gnl|GLV|CAGL0L10318g_4-206_4LIP:D:	4	11	2	11	0	29	17	24	0	319
gnl|GLV|CAGL0L10230g_165-278_1RL1:A:	2	7	2	0	0	13	8	2	0	92
gnl|GLV|CAGL0L10230g_13-117_1ELR:A:	0	0	0	7	0	9	1	5	0	128
gnl|GLV|CAGL0L10208g_237-286,358-493_1QZU:A:	0	5	3	8	0	18	11	11	0	181
gnl|GLV|CAGL0L10186g_100-164_1WFE:A:	0	4	2	0	0	15	9	4	0	85
gnl|GLV|CAGL0L09933g_77-124_1WGL:A:	0	0	0	3	0	8	5	1	0	58
gnl|GLV|CAGL0L09867g_70-255_1UKZ:A:	0	5	0	9	0	18	10	10	0	196
gnl|GLV|CAGL0L09823g_394-669_1P5Q:A:258-427	0	0	1	7	0	10	2	6	0	170
gnl|GLV|CAGL0L09823g_202-324,447-486_1KT1:A:254-421	0	0	1	7	0	12	3	7	0	168
gnl|GLV|CAGL0L09801g_8-316_1D8D:A:	0	1	4	16	0	29	9	21	0	323
gnl|GLV|CAGL0L09757g_27-318_1VYH:C:92-408	0	28	1	0	0	39	25	14	0	317
gnl|GLV|CAGL0L09735g_201-529,556-665_1W36:D:2-360	6	9	4	14	0	32	29	25	0	359
gnl|GLV|CAGL0L09713g_9-129_2CLY:B:4-123	0	0	1	6	0	7	4	7	0	120
gnl|GLV|CAGL0L09691g_20-62_1ZME:C:31-66	0	0	0	2	0	4	1	2	0	36
gnl|GLV|CAGL0L09647g_58-422_1GOT:B:	1	28	0	2	0	36	22	23	0	339
gnl|GLV|CAGL0L09537g_6-393_1OYB:A:	6	12	6	13	0	45	27	29	0	399
gnl|GLV|CAGL0L09493g_7-149,219-268,327-475_1FA2:A:	9	12	11	14	0	58	31	31	0	498
gnl|GLV|CAGL0L09471g_12-371_1V33:A:	0	12	6	16	0	36	19	17	0	346
gnl|GLV|CAGL0L09449g_30-113_1FHT:A:	0	5	0	3	0	12	11	4	0	116
gnl|GLV|CAGL0L09383g_218-242_2HAP:C:55-97	0	0	1	2	0	6	3	2	0	43
gnl|GLV|CAGL0L09339g_1-41_1CO4:A:	0	3	1	0	0	6	4	2	0	42
gnl|GLV|CAGL0L09273g_30-553_1DQU:A:	3	13	5	23	0	50	31	25	0	519
gnl|GLV|CAGL0L09229g_215-336_1EFV:A:208-331	2	5	5	4	0	16	12	8	0	124
gnl|GLV|CAGL0L09229g_21-211_1EFV:A:20-207	0	13	2	4	0	16	9	8	0	188
gnl|GLV|CAGL0L09207g_544-659_1AUZ:A:	4	4	3	3	0	15	8	8	0	116
gnl|GLV|CAGL0L09185g_203-485_2BWV:A:177-440	4	11	3	6	0	29	15	15	0	264
gnl|GLV|CAGL0L09185g_47-200_2BWV:A:1-176	0	8	2	7	0	18	9	6	0	176
gnl|GLV|CAGL0L09174g_126-427_2HD5:A:211-521	4	18	4	9	0	37	12	12	0	336
gnl|GLV|CAGL0L09174g_13-90_2UZG:A:36-130	0	5	0	3	0	13	5	6	0	95
gnl|GLV|CAGL0L09108g_37-510_1SZQ:A:	10	6	6	22	0	48	24	27	0	473
gnl|GLV|CAGL0L09086g_25-478_1CSH:A:	4	3	3	20	0	32	17	22	0	435
gnl|GLV|CAGL0L09020g_21-165_1U5T:A:20-164	0	3	1	6	0	9	4	8	0	145
gnl|GLV|CAGL0L09020g_167-232_1U5T:A:165-232	1	2	1	3	0	7	4	3	0	68
gnl|GLV|CAGL0L08998g_84-346_1DJ0:A:	0	10	4	5	0	30	16	16	0	264
gnl|GLV|CAGL0L08954g_2-449_1YOV:A:6-534	6	10	2	23	0	45	33	28	0	529
gnl|GLV|CAGL0L08888g_535-735_1IWG:A:7-37,A:331-498	0	0	1	8	0	9	7	9	1	199
gnl|GLV|CAGL0L08888g_1006-1181_1IWG:A:7-37,A:331-498	0	0	1	8	0	9	7	9	1	199
gnl|GLV|CAGL0L08866g_17-222_1QFM:A:1-430	1	31	5	2	0	53	25	25	0	430
gnl|GLV|CAGL0L08800g_7-150_1GW5:S:	0	7	0	5	0	11	6	9	0	142
gnl|GLV|CAGL0L08756g_27-62,95-399,440-986_1U6G:C:	0	2	14	60	0	74	56	65	0	1207
gnl|GLV|CAGL0L08734g_6-105_1FJG:P:	0	5	0	2	0	13	6	5	0	83
gnl|GLV|CAGL0L08668g_3-283_1Q1A:A:	5	10	5	11	0	31	16	17	0	289
gnl|GLV|CAGL0L08646g_369-585_1EUV:A:	1	7	4	7	0	15	10	15	0	220
gnl|GLV|CAGL0L08624g_317-379,509-698_1HO8:A:	0	0	3	27	0	26	24	17	0	477
gnl|GLV|CAGL0L08624g_1735-1768,1811-2016_1QBK:B:	0	0	17	47	0	50	54	64	0	888
gnl|GLV|CAGL0L08602g_29-310_1K23:A:	0	11	4	11	0	29	20	17	0	307
gnl|GLV|CAGL0L08580g_4-163_1JEY:A:34-253	3	5	2	6	0	21	12	10	0	220
gnl|GLV|CAGL0L08492g_51-92,158-246,319-382_1X04:A:26-225	0	0	0	6	0	4	2	6	0	200
gnl|GLV|CAGL0L08404g_8-37_1ZR7:A:12-39	0	3	0	0	0	2	1	3	0	28
gnl|GLV|CAGL0L08404g_201-254_2DOE:A:784-853	0	0	0	4	0	6	3	4	0	70
gnl|GLV|CAGL0L08360g_244-499_1HS6:A:209-460	1	7	4	11	0	19	10	13	0	252
gnl|GLV|CAGL0L08360g_9-223_1HS6:A:1-208	2	15	4	0	0	20	10	12	0	208
gnl|GLV|CAGL0L08338g_1-158_1C1G:C:	0	0	0	3	0	2	1	2	0	283
gnl|GLV|CAGL0L08316g_5-186_1KLQ:A:	1	7	1	3	0	16	12	5	0	196
gnl|GLV|CAGL0L08294g_24-123_1U2C:A:58-160	0	7	1	1	0	10	4	6	0	103
gnl|GLV|CAGL0L08294g_146-244_1L3W:A:101-213	0	10	0	1	0	19	11	5	0	113
gnl|GLV|CAGL0L08294g_350-433_1L3W:A:327-433	2	9	0	0	0	18	7	4	0	107
gnl|GLV|CAGL0L08272g_13-142,398-519_1A6D:A:17-145,A:404-519	0	9	1	11	0	18	7	14	1	245
gnl|GLV|CAGL0L08272g_205-371_1ASS:A:	3	6	1	4	0	17	14	8	0	152
gnl|GLV|CAGL0L08272g_150-209,361-396_1Q3Q:A:146-216,A:370-405	1	5	3	3	0	8	7	2	1	107
gnl|GLV|CAGL0L08250g_334-557_2FWR:A:23-256	3	12	5	9	0	19	16	14	0	234
gnl|GLV|CAGL0L08250g_494-565,598-785_2FWR:A:257-456	7	4	0	8	0	27	20	8	0	200
gnl|GLV|CAGL0L08228g_1-326_1RKD:A:	0	14	3	11	0	30	12	16	0	306
gnl|GLV|CAGL0L08206g_20-174,207-279_2NN6:C:7-187	4	5	0	4	0	23	18	11	0	181
gnl|GLV|CAGL0L08206g_347-400_2NN6:C:188-276	0	4	0	1	0	11	6	4	0	89
gnl|GLV|CAGL0L08162g_738-791_1XC5:A:413-480	0	0	0	3	0	6	6	6	0	68
gnl|GLV|CAGL0L08162g_983-1036_2CU7:A:8-72	0	0	0	3	0	8	5	2	0	65
gnl|GLV|CAGL0L08140g_1465-1767_1MI1:A:2249-2553	8	0	5	13	0	35	25	25	0	305
gnl|GLV|CAGL0L08140g_1299-1426_1MI1:A:2140-2248	0	7	1	3	0	12	6	8	0	109
gnl|GLV|CAGL0L08140g_1854-2043_1P22:A:253-545	0	28	0	1	0	35	23	13	0	293
gnl|GLV|CAGL0L08118g_10-133_2QAL:K:12-128	0	5	1	3	0	11	7	6	0	117
gnl|GLV|CAGL0L08096g_150-280,341-378_1LL2:A:	1	11	7	10	0	24	19	16	0	263
gnl|GLV|CAGL0L08074g_25-238_2EFL:A:1-288	0	0	0	7	0	7	3	7	0	288
gnl|GLV|CAGL0L08052g_19-457_1PV7:A:	0	0	2	22	0	18	12	14	0	417
gnl|GLV|CAGL0L08030g_125-459_1B8A:A:104-438	6	13	4	11	0	30	23	16	0	335
gnl|GLV|CAGL0L08030g_21-101_1C0A:A:1-106	0	5	3	1	0	12	3	7	0	106
gnl|GLV|CAGL0L07986g_172-627_1EI6:A:	8	19	7	15	0	50	30	24	0	406
gnl|GLV|CAGL0L07942g_10-74_1I8F:A:	0	5	2	1	0	5	1	3	0	71
gnl|GLV|CAGL0L07920g_3-215_1Z72:A:4-220	0	0	0	11	0	14	6	9	0	217
gnl|GLV|CAGL0L07898g_18-308_1VM7:A:	1	14	5	9	0	34	15	11	0	299
gnl|GLV|CAGL0L07854g_693-887_2DDR:A:7-305	4	15	0	5	0	36	21	17	0	299
gnl|GLV|CAGL0L07810g_297-579_1IA8:A:	5	12	5	7	0	36	16	18	0	275
gnl|GLV|CAGL0L07788g_22-238_1URU:A:	2	0	0	4	0	8	3	8	0	217
gnl|GLV|CAGL0L07744g_370-607_1F3O:A:	0	10	2	7	0	22	15	14	0	232
gnl|GLV|CAGL0L07700g_323-557_1RZT:A:386-575	1	11	2	6	0	21	6	11	0	190
gnl|GLV|CAGL0L07700g_179-256_1BPY:A:10-91	0	0	0	5	0	7	4	2	0	82
gnl|GLV|CAGL0L07700g_262-321_1JMS:A:243-302	0	0	0	5	0	6	4	4	0	60
gnl|GLV|CAGL0L07656g_15-163_1QIP:A:	2	8	4	4	0	21	8	12	0	176
gnl|GLV|CAGL0L07656g_175-314_1QIP:A:	2	8	4	4	0	21	8	12	0	176
gnl|GLV|CAGL0L07634g_246-464_1TXU:A:	0	0	4	11	0	13	8	14	0	254
gnl|GLV|CAGL0L07634g_496-732_1OT8:A:	2	0	0	13	0	26	3	23	0	209
gnl|GLV|CAGL0L07480g_261-308_2EPS:A:408-446	0	2	0	1	0	5	5	1	0	39
gnl|GLV|CAGL0L07436g_4-65_1YZ8:P:1-60	0	0	0	3	0	5	4	4	0	60
gnl|GLV|CAGL0L07392g_27-153_1OKJ:A:1-106	0	5	1	3	0	7	4	4	0	106
gnl|GLV|CAGL0L07392g_26-225,271-361_1OKJ:A:1-106	0	5	1	3	0	7	4	4	0	106
gnl|GLV|CAGL0L07370g_3-465_1JV1:A:	8	24	11	14	0	58	22	29	0	501
gnl|GLV|CAGL0L07348g_572-976_1WNS:A:348-758	8	7	1	12	0	41	19	21	0	411
gnl|GLV|CAGL0L07348g_129-551_1WNS:A:1-347	2	17	1	10	0	31	20	21	0	347
gnl|GLV|CAGL0L07326g_172-481_1A06:A:	4	8	4	10	0	29	20	14	0	307
gnl|GLV|CAGL0L07326g_43-146_2G1L:A:498-599	0	11	0	0	0	17	8	6	0	102
gnl|GLV|CAGL0L07260g_70-111_3ZNF:A:	2	0	0	1	0	5	3	1	0	30
gnl|GLV|CAGL0L07238g_315-396_1UFM:A:	0	3	0	3	0	8	7	3	0	83
gnl|GLV|CAGL0L07238g_109-320_1E96:B:	0	2	2	9	0	15	3	11	0	185
gnl|GLV|CAGL0L07216g_337-522_1T9F:A:	4	12	2	0	0	29	9	14	0	186
gnl|GLV|CAGL0L07172g_337-524_1T9F:A:	4	12	2	0	0	29	9	14	0	186
gnl|GLV|CAGL0L07150g_7-124_1914:A:2001-2097	1	4	0	2	0	7	5	2	0	97
gnl|GLV|CAGL0L07128g_119-255_2DLX:A:1-147	0	4	0	5	0	15	9	9	0	140
gnl|GLV|CAGL0L07128g_284-420_1S3S:G:	2	5	1	3	0	15	10	7	0	118
gnl|GLV|CAGL0L07106g_27-427_1D8D:B:	13	3	5	16	0	40	25	29	0	407
gnl|GLV|CAGL0L07062g_235-264,298-341_1WWH:A:169-249	0	6	2	3	0	8	3	3	0	81
gnl|GLV|CAGL0L07018g_132-302_1XG5:A:	2	7	3	9	0	23	11	14	0	278
gnl|GLV|CAGL0L06974g_4-255_1DIN:A:	2	9	3	6	0	26	12	19	0	233
gnl|GLV|CAGL0L06842g_13-188_1PVD:A:2-181	0	8	3	6	0	14	9	8	0	180
gnl|GLV|CAGL0L06842g_371-580_1PVD:A:361-556	2	6	4	9	0	22	7	15	0	196
gnl|GLV|CAGL0L06842g_205-354_1QPB:A:182-360	0	9	4	4	0	18	11	9	0	179
gnl|GLV|CAGL0L06820g_37-324_1H8F:A:	1	11	7	11	0	40	25	18	0	352
gnl|GLV|CAGL0L06798g_3-132_1MLD:A:1-144	0	6	2	5	0	12	10	10	0	144
gnl|GLV|CAGL0L06798g_145-362_1MLD:A:145-313	2	5	3	4	0	16	6	6	0	169
gnl|GLV|CAGL0L06776g_736-789_2GAT:A:	0	2	1	1	0	12	7	3	0	66
gnl|GLV|CAGL0L06754g_5-138_1DT9:A:5-142	0	4	1	4	0	16	5	7	0	138
gnl|GLV|CAGL0L06754g_274-416_1DT9:A:277-422	3	4	0	4	0	12	10	4	0	146
gnl|GLV|CAGL0L06754g_140-272_1DT9:A:143-276	0	5	0	4	0	15	13	7	0	134
gnl|GLV|CAGL0L06666g_1-149_1VHB:A:	0	0	4	6	0	6	0	5	0	144
gnl|GLV|CAGL0L06666g_268-391_1CQX:A:262-403	2	6	2	4	0	18	11	8	0	142
gnl|GLV|CAGL0L06666g_117-261_1GVH:A:147-253	0	6	0	1	0	16	6	7	0	107
gnl|GLV|CAGL0L06644g_75-215_1WF6:A:	1	4	3	3	0	15	14	3	0	131
gnl|GLV|CAGL0L06644g_331-408_1L7B:A:	1	4	0	3	0	14	10	4	0	92
gnl|GLV|CAGL0L06622g_364-602_1N11:A:	0	0	1	24	0	48	15	35	0	408
gnl|GLV|CAGL0L06600g_4-228_1IXV:A:	0	0	3	13	0	29	11	19	0	230
gnl|GLV|CAGL0L06578g_208-581_2OVR:B:2365-2706	0	32	2	1	0	36	24	21	0	342
gnl|GLV|CAGL0L06490g_91-226_1WIN:A:	0	6	0	5	0	15	6	3	0	142
gnl|GLV|CAGL0L06446g_29-57,100-166_1EXB:E:	0	4	1	4	0	7	5	8	0	91
gnl|GLV|CAGL0L06402g_1284-1527_2HYD:A:324-578	2	10	5	9	0	25	21	16	0	255
gnl|GLV|CAGL0L06402g_961-1265_1PF4:A:10-320	0	0	9	16	0	12	11	14	0	310
gnl|GLV|CAGL0L06402g_651-861_1R0W:A:	0	11	2	12	1	27	19	16	0	281
gnl|GLV|CAGL0L06402g_300-625_2HYD:A:1-323	0	0	1	15	1	9	5	12	0	323
gnl|GLV|CAGL0L06270g_4-236_1O9D:A:	0	0	0	10	0	12	5	8	0	236
gnl|GLV|CAGL0L06226g_375-457_1KHM:A:	0	3	1	3	0	8	5	2	0	89
gnl|GLV|CAGL0L06226g_143-219_2AXY:A:11-81	0	3	1	3	0	7	2	0	0	71
gnl|GLV|CAGL0L06204g_36-128_1OCR:G:	2	0	0	2	0	11	8	7	0	84
gnl|GLV|CAGL0L06182g_25-122,170-374,456-488_1NR0:A:2-312	4	27	1	0	0	38	22	20	0	311
gnl|GLV|CAGL0L06160g_51-148_2OCC:F:	2	5	0	2	0	16	7	4	0	98
gnl|GLV|CAGL0L06116g_141-165,195-359_1YGY:A:99-282	3	7	2	7	0	24	14	12	0	184
gnl|GLV|CAGL0L06116g_49-127_1GDH:A:2-100,A:292-321	4	5	0	5	0	15	9	9	1	129
gnl|GLV|CAGL0L06094g_6-387_1IBJ:A:	3	12	2	12	0	48	29	25	0	380
gnl|GLV|CAGL0L06072g_216-269_2CSH:A:8-60	0	4	0	2	0	6	6	3	0	53
gnl|GLV|CAGL0L06028g_20-141_1DCQ:A:247-368	2	3	1	5	0	15	8	9	0	122
gnl|GLV|CAGL0L06028g_197-249_1VEJ:A:8-68	0	0	1	3	0	6	4	4	0	61
gnl|GLV|CAGL0L05962g_235-499,538-563_1M8Z:A:	0	2	4	27	0	17	16	26	0	339
gnl|GLV|CAGL0L05940g_183-400_1GOT:B:	1	28	0	2	0	36	22	23	0	339
gnl|GLV|CAGL0L05786g_286-337_2CSH:A:8-60	0	4	0	2	0	6	6	3	0	53
gnl|GLV|CAGL0L05742g_14-297_1OKC:A:	0	0	6	11	0	19	10	9	0	292
gnl|GLV|CAGL0L05676g_555-824_1A9X:A:128-402	4	11	3	7	0	30	24	12	0	275
gnl|GLV|CAGL0L05676g_1904-2208_1TUG:A:1-150,A:151-310	5	9	6	10	0	36	22	16	1	310
gnl|GLV|CAGL0L05676g_1092-1351_1A9X:A:677-935	1	11	2	8	0	28	16	9	0	259
gnl|GLV|CAGL0L05676g_222-409_1A9X:B:1653-1880	4	10	1	6	0	22	14	15	0	228
gnl|GLV|CAGL0L05676g_21-168_1A9X:B:1502-1652	4	7	2	4	0	22	12	6	0	151
gnl|GLV|CAGL0L05676g_819-973_1A9X:A:403-555	3	2	1	7	0	15	8	10	0	153
gnl|GLV|CAGL0L05676g_975-1093_1A9X:A:556-676	3	4	0	6	0	13	10	8	0	121
gnl|GLV|CAGL0L05676g_434-557_1A9X:A:1-127	2	5	2	5	0	17	8	6	0	127
gnl|GLV|CAGL0L05676g_1506-1775_1XRT:A:56-365	5	7	4	10	0	31	14	12	0	310
gnl|GLV|CAGL0L05676g_1358-1500_1A9X:A:936-1073	2	5	1	7	0	14	5	11	0	138
gnl|GLV|CAGL0L05632g_361-642_1S9J:A:	3	8	3	12	0	27	14	14	0	340
gnl|GLV|CAGL0L05610g_138-249_1WWZ:A:1-157	0	7	2	5	0	9	3	8	0	157
gnl|GLV|CAGL0L05588g_3-307_1EMS:A:10-280	3	16	3	5	0	28	12	12	0	271
gnl|GLV|CAGL0L05544g_32-123_1I8F:A:	0	5	2	1	0	5	1	3	0	71
gnl|GLV|CAGL0L05390g_3-169_1K8K:F:	3	4	1	5	0	12	9	5	0	167
gnl|GLV|CAGL0L05368g_136-190_2B7E:A:4-59	0	0	0	4	0	5	2	3	0	56
gnl|GLV|CAGL0L05368g_356-422_2CQN:A:743-806	0	0	0	4	0	5	3	4	0	64
gnl|GLV|CAGL0L05368g_202-264_2CQN:A:743-806	0	0	0	4	0	5	3	4	0	64
gnl|GLV|CAGL0L05368g_4-33_1O6W:A:1-29	0	3	0	0	0	4	1	2	0	29
gnl|GLV|CAGL0L05368g_39-72_1O6W:A:30-75	0	3	0	1	0	4	1	3	0	46
gnl|GLV|CAGL0L05346g_60-308_1KCF:A:39-256	0	6	0	6	0	15	9	8	0	218
gnl|GLV|CAGL0L05302g_267-454_1E20:A:	2	6	2	9	0	22	10	12	0	185
gnl|GLV|CAGL0L05258g_3-123_2B6F:A:17-137	0	5	1	3	0	16	9	5	0	121
gnl|GLV|CAGL0L05236g_164-333_1MLD:A:145-313	2	5	3	4	0	16	6	6	0	169
gnl|GLV|CAGL0L05236g_7-164_1MLD:A:1-144	0	6	2	5	0	12	10	10	0	144
gnl|GLV|CAGL0L05148g_249-410_1PBU:A:	0	6	8	4	0	22	16	7	0	162
gnl|GLV|CAGL0L05148g_66-199_1NHY:A:76-219	0	0	2	7	0	12	5	9	0	144
gnl|GLV|CAGL0L05148g_1-70_1NHY:A:1-75	0	4	2	3	0	11	3	3	0	75
gnl|GLV|CAGL0L05126g_6-391_1U7L:A:	5	8	7	8	0	30	17	18	0	388
gnl|GLV|CAGL0L05104g_63-395,445-470_1GOJ:A:	6	14	5	9	0	36	20	25	0	354
gnl|GLV|CAGL0L05038g_455-496_1JMT:A:	0	6	0	2	0	8	2	3	0	104
gnl|GLV|CAGL0L04928g_875-1020_1KO6:A:,B:	2	11	1	4	0	20	14	12	1	158
gnl|GLV|CAGL0L04884g_152-252_1S94:A:	0	0	0	3	0	5	1	2	0	121
gnl|GLV|CAGL0L04818g_120-235,352-430_1GXR:A:	2	31	0	0	0	37	29	20	0	336
gnl|GLV|CAGL0L04796g_3-82_2FB7:A:16-95	0	5	0	0	0	11	11	3	0	80
gnl|GLV|CAGL0L04708g_123-193_1UFH:A:	0	5	2	4	0	14	4	8	0	155
gnl|GLV|CAGL0L04686g_109-448_1J1I:A:	2	8	1	11	0	24	18	11	0	268
gnl|GLV|CAGL0L04664g_25-362_1LBQ:A:	4	8	5	13	1	39	21	16	0	356
gnl|GLV|CAGL0L04598g_168-366_1VLR:A:146-337	1	8	3	7	0	21	9	10	0	192
gnl|GLV|CAGL0L04598g_45-167_1VLR:A:39-145	0	6	0	3	0	10	5	2	0	107
gnl|GLV|CAGL0L04576g_30-77_2HAP:C:55-97	0	0	1	2	0	6	3	2	0	43
gnl|GLV|CAGL0L04554g_167-360,424-543_2QV7:A:1-312	2	15	3	6	0	32	21	19	0	312
gnl|GLV|CAGL0L04532g_242-563_1GTR:A:8-338	6	9	4	12	0	35	20	18	0	331
gnl|GLV|CAGL0L04532g_559-793_1GTR:A:339-547	3	18	5	0	0	26	16	8	0	209
gnl|GLV|CAGL0L04488g_120-251_1O4W:A:	0	5	0	6	0	10	3	5	0	125
gnl|GLV|CAGL0L04422g_16-99,130-155_2FVV:A:8-142	1	7	0	4	0	15	6	7	0	135
gnl|GLV|CAGL0L04400g_27-71_2HAP:C:55-97	0	0	1	2	0	6	3	2	0	43
gnl|GLV|CAGL0L04356g_1-198,235-702,760-829,856-910_1QBK:B:	0	0	17	47	0	50	54	64	0	888
gnl|GLV|CAGL0L04312g_2-226_1RYP:I:	0	13	0	4	0	21	11	11	0	222
gnl|GLV|CAGL0L04290g_339-414_1JM7:A:	2	0	1	3	0	11	9	5	0	103
gnl|GLV|CAGL0L04290g_11-57_1KCF:A:3-38	0	0	0	2	0	4	1	2	0	36
gnl|GLV|CAGL0L04224g_12-137_2J01:N:1-139	4	3	0	4	0	18	13	7	0	139
gnl|GLV|CAGL0L04202g_10-82,118-194_1RZ3:A:	0	7	3	7	0	15	10	10	0	198
gnl|GLV|CAGL0L04180g_45-98,134-241_1D5R:A:14-187	4	5	0	5	0	17	15	8	0	174
gnl|GLV|CAGL0L04114g_206-283_2EY4:C:1-73	2	6	0	0	0	12	4	5	0	73
gnl|GLV|CAGL0L04070g_35-94_2J01:8:2-65	0	3	0	2	0	12	7	3	0	64
gnl|GLV|CAGL0L04048g_331-537_1W3B:A:	0	0	0	23	0	35	6	26	0	388
gnl|GLV|CAGL0L04048g_85-222,273-330_1A17:A:	0	0	0	7	0	11	3	7	0	159
gnl|GLV|CAGL0L04004g_11-101_2A6T:A:1-94	0	0	1	6	0	9	4	5	0	94
gnl|GLV|CAGL0L04004g_77-235_2A6T:A:95-245	2	6	3	2	0	13	4	9	0	151
gnl|GLV|CAGL0L03982g_27-543_1D8C:A:	4	24	9	25	0	64	40	37	0	720
gnl|GLV|CAGL0L03960g_374-486_1UHT:A:	3	9	0	0	0	18	9	7	0	117
gnl|GLV|CAGL0L03960g_510-564_1IYM:A:	0	2	0	1	0	11	6	4	0	54
gnl|GLV|CAGL0L03938g_322-516,566-622_1KEZ:A:	6	5	1	8	0	32	22	15	0	267
gnl|GLV|CAGL0L03916g_488-545_1UBD:C:351-380	0	2	0	1	0	5	2	1	0	30
gnl|GLV|CAGL0L03916g_530-584_1X6H:A:8-43	0	2	0	1	0	5	3	2	0	36
gnl|GLV|CAGL0L03872g_44-135_1I50:K:	0	4	1	2	0	12	7	9	0	114
gnl|GLV|CAGL0L03828g_2-87_1DO9:A:	3	3	2	4	0	9	5	7	0	94
gnl|GLV|CAGL0L03806g_124-203_1X5S:A:8-97	0	4	0	2	0	11	8	3	0	89
gnl|GLV|CAGL0L03718g_206-426,451-601,646-696_1LCI:A:	7	27	4	15	0	64	28	38	0	541
gnl|GLV|CAGL0L03718g_1031-1176,1224-1335,1408-1606_1RY2:A:	13	28	0	20	0	87	54	43	0	640
gnl|GLV|CAGL0L03674g_3-33_1ZME:C:31-66	0	0	0	2	0	4	1	2	0	36
gnl|GLV|CAGL0L03630g_40-209,261-319,353-388,442-637_1TT4:A:	6	11	5	13	0	33	20	16	0	366
gnl|GLV|CAGL0L03608g_402-451_2C2L:A:24-224	0	0	1	10	0	12	7	11	0	201
gnl|GLV|CAGL0L03542g_49-152_2J01:V:1-101	1	6	1	0	0	14	6	2	0	101
gnl|GLV|CAGL0L03520g_1151-1417_1F3M:C:	1	10	4	11	0	33	20	20	0	294
gnl|GLV|CAGL0L03476g_338-441_1LNQ:A:19-98	0	0	0	5	0	5	7	8	0	80
gnl|GLV|CAGL0L03476g_207-307_2A9H:A:23-119	0	0	0	3	0	5	6	3	0	97
gnl|GLV|CAGL0L03454g_14-147,184-479,580-618,654-692,721-761_1QHH:A:,B:,C:,D:	6	16	12	26	0	53	23	34	3	623
gnl|GLV|CAGL0L03410g_3-80_1L7B:A:	1	4	0	3	0	14	10	4	0	92
gnl|GLV|CAGL0L03410g_162-213_1WF6:A:	1	4	3	3	0	15	14	3	0	131
gnl|GLV|CAGL0L03410g_454-527_1EG3:A:85-209	0	2	2	6	0	7	5	7	0	125
gnl|GLV|CAGL0L03377g_19-65_1CLD:A:	0	0	0	2	0	4	2	1	0	33
gnl|GLV|CAGL0L03333g_71-223,250-335_1QMO:A:,E:	2	16	3	0	0	33	17	11	1	230
gnl|GLV|CAGL0L03311g_7-195_1FZT:A:	9	5	1	7	0	22	14	12	0	211
gnl|GLV|CAGL0L03157g_22-76_4GAT:A:	0	2	1	1	0	11	6	3	0	66
gnl|GLV|CAGL0L03135g_553-742,789-834_1F0I:A:6-263	5	9	3	7	0	19	12	12	0	258
gnl|GLV|CAGL0L03135g_847-1058_1BYR:A:	2	8	0	5	0	13	9	7	0	152
gnl|GLV|CAGL0L03135g_246-323_1XTE:A:	0	3	2	4	0	9	3	6	0	116
gnl|GLV|CAGL0L03091g_352-476_1ML9:A:	5	15	6	5	0	45	22	13	0	284
gnl|GLV|CAGL0L03091g_132-188_1WEE:A:	0	3	0	1	0	15	10	3	0	71
gnl|GLV|CAGL0L02871g_274-377,496-528,558-629,681-708_1H2T:C:481-790	0	0	4	14	0	15	11	16	0	262
gnl|GLV|CAGL0L02849g_24-1129_1I50:B:	18	49	14	26	0	125	63	65	0	1207
gnl|GLV|CAGL0L02827g_327-361,416-551,592-674_1LAR:A:1307-1623	1	11	2	10	0	27	23	18	0	317
gnl|GLV|CAGL0L02805g_151-414_1VLP:A:150-415	4	10	1	12	0	29	14	17	0	266
gnl|GLV|CAGL0L02805g_4-149_1VLP:A:1-149	2	3	1	7	0	12	6	8	0	149
gnl|GLV|CAGL0L02761g_43-305,341-409_1GOT:B:	1	28	0	2	0	36	22	23	0	339
gnl|GLV|CAGL0L02717g_26-162_1NG6:A:	0	0	2	7	0	8	4	5	0	148
gnl|GLV|CAGL0L02673g_548-691_1SXJ:A:548-693	1	2	3	7	0	9	9	12	0	146
gnl|GLV|CAGL0L02673g_296-540_1SXJ:A:295-547	1	5	4	11	0	21	18	23	0	253
gnl|GLV|CAGL0L02673g_146-224_1L7B:A:	1	4	0	3	0	14	10	4	0	92
gnl|GLV|CAGL0L02651g_654-900_1ORV:A:509-766	1	8	3	8	0	22	14	18	0	258
gnl|GLV|CAGL0L02651g_217-605_1ORV:A:39-508	12	36	3	4	0	53	35	31	0	470
gnl|GLV|CAGL0L02629g_361-727_1NEX:B:370-744	1	32	0	0	0	32	16	23	0	355
gnl|GLV|CAGL0L02629g_256-355_1NEX:B:270-369	0	0	0	7	0	9	5	6	0	100
gnl|GLV|CAGL0L02607g_35-351_3C9F:A:16-337	3	14	3	10	0	34	23	18	0	322
gnl|GLV|CAGL0L02607g_354-584_3C9F:A:338-561	7	9	4	5	0	23	13	9	0	223
gnl|GLV|CAGL0L02585g_111-208_1H8A:C:87-143	0	0	0	3	0	8	4	3	0	57
gnl|GLV|CAGL0L02585g_37-115_1A5J:A:1-55	0	0	0	3	0	9	8	2	0	55
gnl|GLV|CAGL0L02519g_24-234,291-501_1PW4:A:	2	0	1	18	0	21	18	22	0	450
gnl|GLV|CAGL0L02497g_8-360_1DOS:A:	0	11	3	12	0	36	18	17	0	358
gnl|GLV|CAGL0L02475g_253-307_1YSA:D:	0	0	0	1	0	2	2	0	0	57
gnl|GLV|CAGL0L02431g_27-135_2B5E:A:23-141	0	5	0	4	0	15	7	10	0	119
gnl|GLV|CAGL0L02387g_6-105_1FXK:C:	0	4	0	2	0	5	1	6	0	133
gnl|GLV|CAGL0L02365g_27-257_2GK3:A:8-253	1	13	3	8	0	26	16	16	0	246
gnl|GLV|CAGL0L02321g_25-198_1D6J:A:	0	5	1	6	0	19	12	6	0	203
gnl|GLV|CAGL0L02299g_4-73,114-341_2AKA:B:6-304	5	8	3	8	0	38	21	18	0	299
gnl|GLV|CAGL0L02277g_202-350_1FA0:A:202-351	3	0	1	6	0	18	8	9	0	150
gnl|GLV|CAGL0L02277g_352-522_1FA0:A:352-523	0	6	2	5	0	16	11	6	0	172
gnl|GLV|CAGL0L02277g_4-198_1FA0:A:3-201	2	5	2	6	0	21	7	13	0	199
gnl|GLV|CAGL0L02255g_19-159_1DCE:A:1-241,A:351-443	1	0	2	15	0	30	15	12	1	334
gnl|GLV|CAGL0L02189g_203-289_1E6I:A:	0	0	2	5	0	8	8	7	0	111
gnl|GLV|CAGL0L02189g_58-154_1EQF:A:1498-1625	0	0	2	6	0	9	5	8	0	128
gnl|GLV|CAGL0L02167g_5-290_1GZ6:A:	5	9	5	11	0	28	9	19	0	302
gnl|GLV|CAGL0L02167g_319-567_1ZBQ:A:3-304	1	9	4	11	0	27	12	16	0	302
gnl|GLV|CAGL0L02167g_622-754_1PN2:A:4-151	0	8	2	4	0	13	6	9	0	148
gnl|GLV|CAGL0L02167g_779-891_1PN2:A:152-275	0	5	2	3	0	13	6	5	0	124
gnl|GLV|CAGL0L02145g_226-542_1I31:A:	1	16	2	0	0	27	16	7	0	277
gnl|GLV|CAGL0L02079g_6-291_1OKC:A:	0	0	6	11	0	19	10	9	0	292
gnl|GLV|CAGL0L02057g_109-165_1VD4:A:	2	5	0	1	0	10	5	2	0	62
gnl|GLV|CAGL0L02035g_72-344_1DO8:A:21-279	2	5	4	13	0	28	17	14	0	259
gnl|GLV|CAGL0L02035g_345-649_1LLQ:A:296-600	5	9	6	11	0	37	20	13	0	305
gnl|GLV|CAGL0L02013g_305-379_1I11:A:	0	0	1	3	0	8	6	3	0	70
gnl|GLV|CAGL0L02013g_378-445_1K99:A:	0	0	1	3	0	8	7	3	0	98
gnl|GLV|CAGL0L01991g_81-255,314-410,482-537,566-783,814-956_1B3U:A:	0	0	8	44	0	40	26	36	0	588
gnl|GLV|CAGL0L01969g_8-209_1LVH:A:	2	6	7	9	0	21	8	14	0	221
gnl|GLV|CAGL0L01947g_681-756_1IYM:A:	0	2	0	1	0	11	6	4	0	54
gnl|GLV|CAGL0L01925g_48-483_2ICY:A:6-383	7	20	12	11	0	35	17	20	0	379
gnl|GLV|CAGL0L01903g_6-56_1AW6:A:	0	0	0	2	0	6	3	2	0	43
gnl|GLV|CAGL0L01859g_145-231_1VEH:A:	0	3	0	4	0	11	7	3	0	91
gnl|GLV|CAGL0L01859g_24-120_1PQX:A:	1	4	0	2	0	12	10	5	0	90
gnl|GLV|CAGL0L01771g_203-306_1L3G:A:	0	6	0	5	0	9	6	8	0	123
gnl|GLV|CAGL0L01639g_282-485,845-992_2GFO:A:762-1109	3	20	3	10	0	40	19	15	0	348
gnl|GLV|CAGL0L01639g_36-134_1W6V:A:1-120	4	3	0	3	0	19	9	9	0	120
gnl|GLV|CAGL0L01529g_209-310_1F37:A:	0	5	3	2	0	14	6	7	0	109
gnl|GLV|CAGL0L01441g_60-471_2OOE:A:21-549	2	0	2	28	0	36	16	28	0	529
gnl|GLV|CAGL0L01419g_168-250,380-477,979-1194_1SU4:A:1-124,A:240-343,A:751-994	1	1	8	18	0	32	20	22	2	472
gnl|GLV|CAGL0L01419g_479-494,622-727,785-837_1SU4:A:344-360,A:600-750	3	8	1	8	0	16	12	11	1	168
gnl|GLV|CAGL0L01419g_489-676_1Q3I:A:	0	9	0	5	0	18	12	9	0	213
gnl|GLV|CAGL0L01419g_251-382_1SU4:A:125-239	2	9	3	0	0	21	10	7	0	115
gnl|GLV|CAGL0L01397g_87-302_1LTL:A:	2	10	4	5	0	24	9	12	0	239
gnl|GLV|CAGL0L01397g_362-563,626-733_1OFH:A:	0	9	5	14	0	31	16	15	0	309
gnl|GLV|CAGL0I01430g_14-92_1X6O:A:19-86	0	6	1	0	0	6	1	4	0	68
gnl|GLV|CAGL0I01430g_85-154_1X6O:A:87-165	1	5	0	1	0	10	4	4	0	79
gnl|GLV|CAGL0L01353g_14-92_1X6O:A:19-86	0	6	1	0	0	6	1	4	0	68
gnl|GLV|CAGL0L01353g_85-154_1X6O:A:87-165	1	5	0	1	0	10	4	4	0	79
gnl|GLV|CAGL0L01331g_74-353_1FGX:A:	6	11	2	6	0	34	20	14	0	272
gnl|GLV|CAGL0L01309g_1-86_1WX7:A:7-100	0	5	0	2	0	11	5	7	0	93
gnl|GLV|CAGL0L01309g_253-317_1X3Z:B:253-309	0	0	1	4	0	5	0	3	0	57
gnl|GLV|CAGL0L01309g_335-391_1OQY:A:317-360	0	0	0	3	0	4	3	3	0	44
gnl|GLV|CAGL0L01309g_133-184_1IFY:A:	0	0	0	3	0	4	3	2	0	49
gnl|GLV|CAGL0L01265g_121-441_1U0T:A:	0	20	3	5	0	30	14	14	0	302
gnl|GLV|CAGL0L01221g_32-140_2CSP:A:8-124	2	6	0	2	0	13	11	4	0	117
gnl|GLV|CAGL0L01177g_4-258,412-463_1QO8:A:103-359,A:506-565	5	14	2	9	0	40	16	20	1	317
gnl|GLV|CAGL0L01177g_247-405_1QO8:A:360-505	1	6	1	6	0	16	11	8	0	146
gnl|GLV|CAGL0L01155g_7-141_1H3Q:A:	0	5	1	3	0	15	6	8	0	140
gnl|GLV|CAGL0L01111g_2-189_1M6H:A:1-162,A:339-373	4	11	2	4	0	25	15	14	1	197
gnl|GLV|CAGL0L01111g_167-344_1M6H:A:163-338	2	7	4	8	0	23	12	12	0	176
gnl|GLV|CAGL0L01111g_328-379_1M6H:A:1-162,A:339-373	4	11	2	4	0	25	15	14	1	197
gnl|GLV|CAGL0L01089g_523-1282_1EA0:A:423-1193	9	24	13	27	0	90	50	46	0	771
gnl|GLV|CAGL0L01089g_57-490_1LLW:A:1-422	8	16	9	13	0	46	26	21	0	422
gnl|GLV|CAGL0L01089g_1296-1563_1EA0:A:1203-1472	5	12	3	7	0	32	17	18	0	270
gnl|GLV|CAGL0L01089g_1790-2059_1H7W:A:184-287,A:441-532	6	7	3	6	0	23	15	12	1	196
gnl|GLV|CAGL0L01089g_1642-1802_1H7W:A:2-183	1	0	4	8	0	20	11	12	0	182
gnl|GLV|CAGL0L01089g_2014-2128_1H7W:A:184-287,A:441-532	6	7	3	6	0	23	15	12	1	196
gnl|GLV|CAGL0L00979g_87-168,224-318,353-406_1FJM:A:	2	14	0	10	0	35	21	16	0	294
gnl|GLV|CAGL0L00957g_2-102_1XBL:A:	0	0	0	3	0	7	3	6	0	75
gnl|GLV|CAGL0L00957g_107-203_1BZ4:A:	0	0	0	5	0	5	1	4	0	144
gnl|GLV|CAGL0L00891g_40-303_1X04:A:26-225	0	0	0	6	0	4	2	6	0	200
gnl|GLV|CAGL0L00869g_52-212_1GKZ:A:38-185	0	2	0	6	0	7	8	7	0	148
gnl|GLV|CAGL0L00869g_224-405_1GKZ:A:186-378	0	8	0	3	0	16	9	10	0	193
gnl|GLV|CAGL0L00825g_7-126_1DCQ:A:247-368	2	3	1	5	0	15	8	9	0	122
gnl|GLV|CAGL0L00781g_328-504,550-671_1KB0:A:1-573	5	40	7	6	0	73	38	39	0	573
gnl|GLV|CAGL0L00781g_152-227,292-321_2OVR:B:2263-2364	0	0	0	6	0	9	7	5	0	102
gnl|GLV|CAGL0L00715g_161-251,392-489,922-1130_1SU4:A:1-124,A:240-343,A:751-994	1	1	8	18	0	32	20	22	2	472
gnl|GLV|CAGL0L00715g_729-919_2B8E:A:416-434,A:548-663	2	6	0	6	1	16	9	5	1	135
gnl|GLV|CAGL0L00715g_501-749_1U7Q:A:	0	6	0	5	0	9	3	9	0	136
gnl|GLV|CAGL0L00715g_256-316,350-388_1SU4:A:125-239	2	9	3	0	0	21	10	7	0	115
gnl|GLV|CAGL0L00627g_258-301,333-450,495-517,653-751_2FLU:X:325-609	14	28	0	0	0	37	15	14	0	285
gnl|GLV|CAGL0L00583g_2-49_1LLM:C:129-156	0	2	0	2	0	3	1	2	0	28
gnl|GLV|CAGL0L00561g_6-217_1FIO:A:	0	0	0	6	0	7	2	5	0	196
gnl|GLV|CAGL0L00517g_504-942_1QBK:B:	0	0	17	47	0	50	54	64	0	888
gnl|GLV|CAGL0L00495g_268-523_1USU:A:	0	11	3	8	0	26	12	15	0	256
gnl|GLV|CAGL0L00495g_2-210_2IWX:A:2-214	0	8	5	5	0	22	9	11	0	214
gnl|GLV|CAGL0L00495g_545-668_1SF8:A:	0	3	1	5	0	9	8	3	0	125
gnl|GLV|CAGL0L00451g_3-102_1FJG:Q:	0	5	0	1	0	9	1	5	0	104
gnl|GLV|CAGL0L00429g_544-959,1002-1024_1WYU:B:2-472	8	12	4	15	0	59	32	31	0	473
gnl|GLV|CAGL0L00429g_49-505_1WYU:A:1-437	7	13	8	13	0	46	28	24	0	437
gnl|GLV|CAGL0L00407g_819-1077_1OYW:A:207-406	1	6	0	8	0	23	16	13	0	200
gnl|GLV|CAGL0L00407g_548-776,918-963_1OYW:A:1-206	0	7	2	10	0	22	14	12	0	206
gnl|GLV|CAGL0L00407g_1209-1285_1D8B:A:	0	0	2	5	0	7	5	2	0	81
gnl|GLV|CAGL0L00385g_15-141_1FXK:C:	0	4	0	2	0	5	1	6	0	133
gnl|GLV|CAGL0L00363g_104-222_2A1I:A:99-227	0	6	2	5	0	12	7	6	0	129
gnl|GLV|CAGL0L00319g_6-350_1UBY:A:	0	2	2	16	0	20	10	17	0	348
gnl|GLV|CAGL0L00297g_382-634_1HS6:A:209-460	1	7	4	11	0	19	10	13	0	252
gnl|GLV|CAGL0L00297g_19-88,129-147,176-242,301-344_1HS6:A:1-208	2	15	4	0	0	20	10	12	0	208
gnl|GLV|CAGL0K12958g_137-319_1V3U:A:113-294	2	6	2	7	0	15	10	11	0	182
gnl|GLV|CAGL0K12958g_1-150_1V3U:A:1-112,A:295-329	3	9	2	2	0	16	8	9	1	147
gnl|GLV|CAGL0K12914g_29-241_2A6Z:A:7-227	4	15	5	1	0	27	18	12	0	221
gnl|GLV|CAGL0K12892g_3-193_2EFL:A:1-288	0	0	0	7	0	7	3	7	0	288
gnl|GLV|CAGL0K12892g_495-707_1PBW:A:	1	0	2	10	0	19	11	10	0	184
gnl|GLV|CAGL0K12892g_334-486_2EFL:A:1-288	0	0	0	7	0	7	3	7	0	288
gnl|GLV|CAGL0K12892g_248-323_1FSH:A:	0	4	0	3	0	11	9	3	0	94
gnl|GLV|CAGL0K12848g_16-253_2AMY:A:4-246	2	11	2	9	0	24	17	13	0	243
gnl|GLV|CAGL0K12826g_4-173_2PA2:A:40-176	2	6	2	2	0	12	5	3	0	137
gnl|GLV|CAGL0K12804g_35-97_1ZR9:A:28-94	0	2	1	2	0	10	9	4	0	67
gnl|GLV|CAGL0K12782g_110-229_1TFF:A:	3	4	2	10	0	17	9	11	0	228
gnl|GLV|CAGL0K12738g_321-511_1V10:A:305-494	3	12	3	5	0	28	18	8	0	190
gnl|GLV|CAGL0K12738g_15-176_1GYC:A:1-130	6	8	3	0	0	20	7	10	0	130
gnl|GLV|CAGL0K12738g_150-339_1V10:A:137-304	4	11	3	0	0	23	15	7	0	168
gnl|GLV|CAGL0K12716g_9-457_1PW4:A:	2	0	1	18	0	21	18	22	0	450
gnl|GLV|CAGL0K12672g_4-206_1UKV:Y:	0	6	1	6	0	21	12	14	0	204
gnl|GLV|CAGL0K12650g_1-243_1TUB:B:1-245	2	5	1	8	0	23	21	13	0	243
gnl|GLV|CAGL0K12650g_244-429_1TUB:B:246-437	1	4	4	7	1	21	16	10	0	184
gnl|GLV|CAGL0K12628g_368-1210,1302-1326_1CEZ:A:	7	18	5	33	0	86	60	36	0	878
gnl|GLV|CAGL0K12606g_126-319_1R3B:A:	2	0	2	7	0	15	12	7	0	201
gnl|GLV|CAGL0K12584g_785-865_1R3D:A:	2	7	3	11	0	24	13	15	0	263
gnl|GLV|CAGL0K12562g_758-928,1090-1226_1FOT:A:	5	9	4	10	0	37	20	19	0	316
gnl|GLV|CAGL0K12562g_1541-1658_1NY5:A:1-137	2	5	0	5	0	10	7	5	0	137
gnl|GLV|CAGL0K12540g_43-90_1T2K:D:	0	0	0	1	0	1	0	1	0	60
gnl|GLV|CAGL0K12518g_7-354_2BKW:A:3-384	2	14	3	13	0	41	25	24	0	382
gnl|GLV|CAGL0K12496g_16-354_1UA2:A:	1	8	3	9	0	30	19	17	0	299
gnl|GLV|CAGL0K12474g_3-79,123-236_3DHW:C:1-240	3	10	1	7	0	21	17	12	0	240
gnl|GLV|CAGL0K12452g_51-223_1FKM:A:249-442	2	0	8	8	0	13	13	10	0	194
gnl|GLV|CAGL0K12232g_1-260_5CSM:A:	0	0	3	12	0	21	13	19	0	256
gnl|GLV|CAGL0K12210g_26-304_1OKC:A:	0	0	6	11	0	19	10	9	0	292
gnl|GLV|CAGL0K12188g_161-511_1P22:A:253-545	0	28	0	1	0	35	23	13	0	293
gnl|GLV|CAGL0K12100g_9-326_1TKL:A:	0	10	5	10	0	27	18	15	0	325
gnl|GLV|CAGL0K12078g_400-454_2EPS:A:408-446	0	2	0	1	0	5	5	1	0	39
gnl|GLV|CAGL0K12034g_12-124,264-355,800-1047_1SU4:A:1-124,A:240-343,A:751-994	1	1	8	18	0	32	20	22	2	472
gnl|GLV|CAGL0K12034g_360-379,585-859_1SU4:A:344-360,A:600-750	3	8	1	8	0	16	12	11	1	168
gnl|GLV|CAGL0K12034g_368-402,431-642_1MO7:A:	2	9	0	5	0	32	19	9	0	213
gnl|GLV|CAGL0K12034g_124-233_1SU4:A:125-239	2	9	3	0	0	21	10	7	0	115
gnl|GLV|CAGL0K12012g_226-578_1E1O:A:161-502	5	13	4	11	0	28	17	18	0	342
gnl|GLV|CAGL0K12012g_69-218_1BBU:A:11-154	0	5	1	4	0	13	6	7	0	144
gnl|GLV|CAGL0K11990g_101-445_2JAV:A:3-271	1	8	3	9	0	24	12	13	0	269
gnl|GLV|CAGL0K11968g_32-224,307-378_2DUB:A:	2	10	4	11	0	25	14	14	0	259
gnl|GLV|CAGL0K11902g_195-241_1CLD:A:	0	0	0	2	0	4	2	1	0	33
gnl|GLV|CAGL0K11880g_26-265_1UAZ:A:	0	2	0	8	0	11	8	12	0	236
gnl|GLV|CAGL0K11858g_1-197_2A5L:A:3-198	7	6	0	6	0	19	6	8	0	196
gnl|GLV|CAGL0K11836g_38-76,182-384,421-519_1GOT:B:	1	28	0	2	0	36	22	23	0	339
gnl|GLV|CAGL0K11770g_293-367_1H88:C:89-143	0	0	0	3	0	6	5	5	0	55
gnl|GLV|CAGL0K11770g_435-473_1GUU:A:	0	0	0	3	0	5	3	2	0	50
gnl|GLV|CAGL0K11748g_67-147_1I94:Q:	0	7	0	1	0	17	7	5	0	104
gnl|GLV|CAGL0K11726g_151-435_1SET:A:111-421	3	16	5	9	0	33	20	19	0	311
gnl|GLV|CAGL0K11726g_1-116_1SET:A:1-110	0	0	1	4	0	6	1	3	0	110
gnl|GLV|CAGL0K11638g_75-114,142-393_1ERJ:A:	2	30	1	1	0	43	24	22	0	388
gnl|GLV|CAGL0K11616g_15-304_1OKC:A:	0	0	6	11	0	19	10	9	0	292
gnl|GLV|CAGL0K11572g_5-165_1XO9:A:	0	7	0	3	0	17	9	9	0	149
gnl|GLV|CAGL0K11550g_216-532_1A06:A:	4	8	4	10	0	29	20	14	0	307
gnl|GLV|CAGL0K11528g_13-288_1QTW:A:	4	9	5	9	0	34	16	15	0	285
gnl|GLV|CAGL0K11506g_3-231_1UL1:X:2-217	0	7	1	7	0	19	10	10	0	216
gnl|GLV|CAGL0K11506g_216-353_1UL1:X:218-357	1	1	1	7	0	13	9	4	0	140
gnl|GLV|CAGL0K11374g_3-145_1SZA:A:	0	0	2	8	0	12	7	6	0	143
gnl|GLV|CAGL0K11297g_1-180_1KNQ:A:	0	5	1	7	0	16	7	10	0	171
gnl|GLV|CAGL0K11275g_5-54,113-236,289-402_1OB3:A:	1	8	6	9	0	29	18	19	0	286
gnl|GLV|CAGL0K11253g_2-54,194-298_1H3Q:A:	0	5	1	3	0	15	6	8	0	140
gnl|GLV|CAGL0K11088g_21-484,557-578,616-650_1GW5:B:	0	0	4	32	0	42	43	37	0	579
gnl|GLV|CAGL0K11066g_40-188_1KRR:A:	6	18	1	3	0	40	15	16	0	200
gnl|GLV|CAGL0K11044g_101-282_1MJI:A:	3	7	1	5	0	24	14	7	0	180
gnl|GLV|CAGL0K11000g_52-395_2OOE:A:21-549	2	0	2	28	0	36	16	28	0	529
gnl|GLV|CAGL0K10934g_316-410_1FKM:A:443-630	0	0	1	8	0	10	3	8	0	188
gnl|GLV|CAGL0K10912g_78-153_2QAM:Z:2-78	4	2	1	2	0	10	3	4	0	77
gnl|GLV|CAGL0K10890g_5-394_1OYB:A:	6	12	6	13	0	45	27	29	0	399
gnl|GLV|CAGL0K10868g_12-496_1A4E:A:	7	13	6	13	0	63	37	34	0	488
gnl|GLV|CAGL0K10846g_15-206,242-252_1NQZ:A:	3	11	2	4	0	20	4	7	0	187
gnl|GLV|CAGL0K10824g_227-456_1SQ9:A:	7	28	4	1	0	39	24	22	0	393
gnl|GLV|CAGL0K10780g_36-122,251-520_1JR1:A:17-112,A:233-514	9	15	3	12	0	48	29	18	1	378
gnl|GLV|CAGL0K10780g_129-236_1JCN:A:112-231	1	4	0	1	0	11	7	5	0	120
gnl|GLV|CAGL0K10736g_187-570_1LTD:A:98-511	2	13	7	14	0	44	26	19	0	414
gnl|GLV|CAGL0K10736g_86-167_1KBI:A:1-97	4	4	3	4	0	14	7	8	0	97
gnl|GLV|CAGL0K10648g_920-1008_1J0F:A:	0	4	0	4	0	12	4	7	0	99
gnl|GLV|CAGL0K10626g_142-348_2BIS:A:1-437	4	17	6	16	0	48	27	24	0	437
gnl|GLV|CAGL0K10626g_492-608_2IW1:A:2-371	0	15	4	16	0	41	26	17	0	370
gnl|GLV|CAGL0K10604g_64-327_1A06:A:	4	8	4	10	0	29	20	14	0	307
gnl|GLV|CAGL0K10494g_107-491_1VJV:A:	7	17	4	10	0	35	13	16	0	397
gnl|GLV|CAGL0K10494g_2-94_1WGG:A:	0	5	0	1	0	11	7	4	0	95
gnl|GLV|CAGL0K10472g_511-729_1MT0:A:	2	10	3	10	0	20	20	20	0	241
gnl|GLV|CAGL0K10472g_210-446_1B0U:A:	0	12	1	10	0	24	16	14	0	261
gnl|GLV|CAGL0K10406g_57-346_2AFW:A:33-361	6	6	3	10	0	32	24	20	0	329
gnl|GLV|CAGL0K10384g_1800-2092_1BO1:A:	1	12	2	8	0	33	23	12	0	383
gnl|GLV|CAGL0K10384g_777-941_1GML:A:	3	9	2	3	0	17	13	5	0	169
gnl|GLV|CAGL0K10384g_276-352_1DVP:A:149-220	2	4	1	1	0	12	5	4	0	72
gnl|GLV|CAGL0K10362g_14-298_1OKC:A:	0	0	6	11	0	19	10	9	0	292
gnl|GLV|CAGL0K10318g_692-915_1XA6:A:271-466	0	0	1	11	0	17	14	15	0	196
gnl|GLV|CAGL0K10296g_5-212_1YZF:A:1-195	6	5	4	7	0	20	8	11	0	195
gnl|GLV|CAGL0K10274g_50-128_1NFV:A:	2	0	0	5	0	7	3	5	0	169
gnl|GLV|CAGL0K10252g_719-821,924-1088,1145-1250_1NBF:A:	6	16	6	11	0	38	19	20	0	347
gnl|GLV|CAGL0K10186g_16-112,144-213_1PZN:A:96-349	0	12	2	8	0	19	19	13	0	254
gnl|GLV|CAGL0K10076g_213-377_1GOT:B:	1	28	0	2	0	36	22	23	0	339
gnl|GLV|CAGL0K10054g_71-135_1IUF:A:76-141	0	0	0	3	0	8	6	3	0	66
gnl|GLV|CAGL0K10010g_151-304_1VL5:A:	2	8	2	9	0	21	9	11	0	231
gnl|GLV|CAGL0K09944g_187-347,377-459,513-571_1TBF:A:	0	0	5	17	0	20	11	19	0	326
gnl|GLV|CAGL0K09900g_47-185_1N1J:B:	1	1	1	3	0	7	3	6	0	78
gnl|GLV|CAGL0K09856g_130-171,265-372_1L3I:A:	1	8	1	6	0	16	9	11	0	186
gnl|GLV|CAGL0K09812g_243-331_2CQC:A:109-191	0	5	1	2	0	7	6	3	0	82
gnl|GLV|CAGL0K09790g_81-247,281-290_1S0P:A:	0	2	1	7	0	10	6	8	0	176
gnl|GLV|CAGL0K09790g_367-519_1KQ5:A:	5	12	1	0	0	18	14	4	0	156
gnl|GLV|CAGL0K09768g_13-197_1FJG:D:	4	4	3	8	0	22	11	17	0	208
gnl|GLV|CAGL0K09702g_3-185_1YB5:A:6-120,A:295-329	2	9	3	2	0	18	11	6	1	150
gnl|GLV|CAGL0K09702g_137-299_1YB5:A:121-294	0	7	1	8	0	16	8	12	0	174
gnl|GLV|CAGL0K09526g_170-419_1IXZ:A:	2	5	3	11	0	25	13	15	0	247
gnl|GLV|CAGL0K09438g_245-282,326-507_1SXJ:B:7-230	3	5	4	13	0	18	14	12	0	224
gnl|GLV|CAGL0K09394g_10-186_2F9L:A:8-182	0	6	2	6	0	17	10	12	0	175
gnl|GLV|CAGL0K09372g_31-71_1X6E:A:8-40	0	2	1	1	0	4	3	1	0	33
gnl|GLV|CAGL0K09372g_14-39_1XF7:A:	0	2	0	1	0	4	3	1	0	29
gnl|GLV|CAGL0K09350g_329-432_2QLV:B:306-412	1	3	1	1	0	7	2	2	0	107
gnl|GLV|CAGL0K09350g_169-252_2QLV:B:161-247	1	9	1	0	0	14	7	4	0	87
gnl|GLV|CAGL0K09328g_4-506_1KL7:A:	5	14	3	20	0	57	37	25	0	511
gnl|GLV|CAGL0K09284g_184-545_2OVR:B:2365-2706	0	32	2	1	0	36	24	21	0	342
gnl|GLV|CAGL0K09284g_19-295_1P22:A:253-545	0	28	0	1	0	35	23	13	0	293
gnl|GLV|CAGL0K09284g_514-619,661-702_1NR0:A:2-312	4	27	1	0	0	38	22	20	0	311
gnl|GLV|CAGL0K09262g_127-255_2CVE:A:2-124	1	7	0	3	0	10	8	6	0	123
gnl|GLV|CAGL0K09262g_2-103_1YH6:A:23-174	3	4	0	7	0	16	8	9	0	152
gnl|GLV|CAGL0K09240g_36-101_1A17:A:	0	0	0	7	0	11	3	7	0	159
gnl|GLV|CAGL0K09152g_16-291_1AE1:A:	2	7	4	8	0	23	13	14	0	258
gnl|GLV|CAGL0K09064g_2-137_1RHS:A:1-149	3	5	0	5	0	19	9	11	0	149
gnl|GLV|CAGL0K09064g_164-294_1RHS:A:150-293	4	7	3	5	0	18	9	8	0	144
gnl|GLV|CAGL0K09020g_16-146_1TIQ:A:	0	7	3	5	0	11	6	8	0	179
gnl|GLV|CAGL0K08976g_173-215,404-629_1DE4:C:122-189,C:383-608	3	7	2	10	0	23	20	17	1	294
gnl|GLV|CAGL0K08976g_632-785_2OR4:A:594-750	4	2	1	6	0	11	6	10	0	157
gnl|GLV|CAGL0K08976g_225-406_2OR4:A:118-350	8	12	3	4	0	39	15	17	0	233
gnl|GLV|CAGL0K08954g_9-157_2GGM:A:24-166	2	2	1	7	0	11	6	5	0	143
gnl|GLV|CAGL0K08932g_18-160_1XQU:A:	1	5	1	2	0	17	11	6	0	146
gnl|GLV|CAGL0K08910g_177-425_2CE7:A:150-402	2	5	6	9	0	24	12	16	0	253
gnl|GLV|CAGL0K08888g_38-202,238-271,336-381,418-458_1HV9:A:4-251	0	11	6	7	0	28	14	14	0	248
gnl|GLV|CAGL0K08844g_135-377,423-503_1OIH:A:	4	16	1	5	0	32	17	14	0	288
gnl|GLV|CAGL0K08800g_4-172_1VR3:A:1-179	3	10	1	4	0	24	13	11	0	179
gnl|GLV|CAGL0K08756g_80-135_1GD2:G:	0	0	0	1	0	3	1	0	0	69
gnl|GLV|CAGL0K08668g_140-194_1NWQ:C:	0	0	0	1	0	1	0	1	0	61
gnl|GLV|CAGL0K08646g_3-176_1ZP6:A:6-181	0	5	1	7	0	20	9	15	0	176
gnl|GLV|CAGL0K08580g_33-446_7AAT:A:	0	13	2	16	0	41	13	22	0	401
gnl|GLV|CAGL0K08558g_355-723_1MOQ:A:	1	12	7	13	0	28	17	19	0	366
gnl|GLV|CAGL0K08558g_2-206,286-330_1XFF:A:	1	15	3	5	0	29	16	11	0	238
gnl|GLV|CAGL0K08536g_36-132,275-497_1Y7E:A:4-100,A:234-458	6	15	2	8	0	35	14	14	1	322
gnl|GLV|CAGL0K08536g_134-275_1Y7E:A:101-233	2	6	1	1	0	13	6	5	0	133
gnl|GLV|CAGL0K08514g_90-132,168-382_1JKS:A:	7	9	4	9	0	33	20	13	0	293
gnl|GLV|CAGL0K08426g_56-157_1O6U:A:275-398	0	8	1	1	0	14	7	4	0	124
gnl|GLV|CAGL0K08360g_194-584_1UWV:A:75-432	7	17	2	8	0	35	22	22	0	358
gnl|GLV|CAGL0K08360g_118-178_1YEZ:A:1-68	0	6	0	0	0	9	4	4	0	68
gnl|GLV|CAGL0K08316g_83-249_1KMQ:A:	0	6	3	6	0	15	10	12	0	177
gnl|GLV|CAGL0K08294g_1774-1993_1HQC:A:5-242	0	7	0	8	0	28	17	13	0	238
gnl|GLV|CAGL0K08294g_2375-2660_2CE7:A:150-402	2	5	6	9	0	24	12	16	0	253
gnl|GLV|CAGL0K08294g_2036-2226_1NY5:A:138-384	4	9	2	11	0	25	17	12	0	247
gnl|GLV|CAGL0K08272g_63-229_1D2T:A:	0	0	2	13	0	18	11	13	0	224
gnl|GLV|CAGL0K08250g_15-287_1OKC:A:	0	0	6	11	0	19	10	9	0	292
gnl|GLV|CAGL0K08162g_225-340_1K30:A:	2	9	5	14	0	31	12	16	0	367
gnl|GLV|CAGL0K08140g_27-188_1WC9:A:	0	4	2	5	0	14	7	9	0	161
gnl|GLV|CAGL0K08118g_322-395,463-497_1XTE:A:	0	3	2	4	0	9	3	6	0	116
gnl|GLV|CAGL0K08096g_441-639_1BC9:A:	0	0	1	10	0	16	16	14	0	200
gnl|GLV|CAGL0K08052g_5-53_1IYM:A:	0	2	0	1	0	11	6	4	0	54
gnl|GLV|CAGL0K08052g_124-179_1WE9:A:	0	2	1	1	0	11	6	3	0	63
gnl|GLV|CAGL0K08030g_119-184,224-265_2J59:M:931-1063	0	7	0	2	0	14	7	2	0	133
gnl|GLV|CAGL0K08008g_55-136_1YCS:B:327-456	0	0	0	8	0	14	5	13	0	130
gnl|GLV|CAGL0K07986g_103-304_1QZX:A:88-294	0	8	2	8	0	21	11	12	0	207
gnl|GLV|CAGL0K07986g_304-437_1QB2:A:	0	0	0	7	0	7	5	8	0	107
gnl|GLV|CAGL0K07986g_1-95_1WGW:A:	0	0	0	4	0	9	7	2	0	98
gnl|GLV|CAGL0K07964g_239-329_1VOL:A:208-316	0	0	3	6	0	10	6	6	0	109
gnl|GLV|CAGL0K07964g_128-215_1VOL:A:113-207	0	0	0	5	0	8	2	6	0	95
gnl|GLV|CAGL0K07964g_19-71_1DL6:A:	2	3	0	0	0	13	8	3	0	58
gnl|GLV|CAGL0K07920g_8-155,188-229,278-383_1GOT:B:	1	28	0	2	0	36	22	23	0	339
gnl|GLV|CAGL0K07898g_5-52,176-212,239-259,374-432_2ERX:A:6-176	2	7	1	6	0	19	9	8	0	171
gnl|GLV|CAGL0D01188g_3-259_1F60:A:2-240	2	8	3	8	0	25	15	13	0	239
gnl|GLV|CAGL0D01188g_336-440_1F60:A:335-441	2	7	1	0	0	15	7	6	0	107
gnl|GLV|CAGL0D01188g_241-332_1F60:A:241-334	3	7	0	0	0	13	6	9	0	94
gnl|GLV|CAGL0K07832g_3-259_1F60:A:2-240	2	8	3	8	0	25	15	13	0	239
gnl|GLV|CAGL0K07832g_336-440_1F60:A:335-441	2	7	1	0	0	15	7	6	0	107
gnl|GLV|CAGL0K07832g_241-332_1F60:A:241-334	3	7	0	0	0	13	6	9	0	94
gnl|GLV|CAGL0K07766g_490-578,651-829_1Z5Z:A:663-906	0	6	1	10	0	26	11	15	0	244
gnl|GLV|CAGL0K07766g_209-414,446-486_1Z63:A:432-661	0	7	2	11	0	24	16	18	0	230
gnl|GLV|CAGL0K07766g_569-634_1RMD:A:1-86	6	2	3	3	0	14	6	6	0	86
gnl|GLV|CAGL0K07744g_39-200_1V8Y:A:	5	9	0	3	0	15	5	6	0	158
gnl|GLV|CAGL0K07700g_7-134_1FXK:C:	0	4	0	2	0	5	1	6	0	133
gnl|GLV|CAGL0K07656g_213-477_1PYS:A:	5	10	3	7	0	28	12	12	0	266
gnl|GLV|CAGL0K07634g_252-308_4GAT:A:	0	2	1	1	0	11	6	3	0	66
gnl|GLV|CAGL0K07612g_9-235_1XLY:A:	2	0	4	7	0	14	4	8	0	232
gnl|GLV|CAGL0K07568g_79-303_1QHF:A:	6	6	5	7	0	30	17	17	0	240
gnl|GLV|CAGL0K07546g_78-315_1RII:A:	6	6	3	10	0	29	11	15	0	243
gnl|GLV|CAGL0K07524g_83-300_1RII:A:	6	6	3	10	0	29	11	15	0	243
gnl|GLV|CAGL0K07480g_2-200_3PMG:A:1-190	3	9	1	5	0	20	11	13	0	190
gnl|GLV|CAGL0K07480g_429-567_3PMG:A:421-561	0	9	0	3	0	14	7	7	0	141
gnl|GLV|CAGL0K07480g_289-434_3PMG:A:304-420	0	4	1	6	0	10	7	7	0	117
gnl|GLV|CAGL0K07480g_189-300_1KFI:A:206-323	1	5	3	4	0	13	11	10	0	118
gnl|GLV|CAGL0K07458g_374-691_1O6L:A:	6	9	5	10	0	39	20	21	0	337
gnl|GLV|CAGL0K07436g_8-287_1OKC:A:	0	0	6	11	0	19	10	9	0	292
gnl|GLV|CAGL0K07414g_72-147_2JXT:A:1-78	0	3	2	2	0	5	2	3	0	78
gnl|GLV|CAGL0K07392g_7-136,244-315_2QFI:A:5-208	2	0	7	7	0	14	20	21	0	204
gnl|GLV|CAGL0K07392g_321-393_2QFI:A:209-290	4	0	1	2	0	13	9	6	0	82
gnl|GLV|CAGL0K07337g_29-279_1H2S:A:	0	2	0	9	0	11	7	11	0	225
gnl|GLV|CAGL0K07315g_14-69_2OCC:H:	1	0	1	3	0	9	6	3	0	79
gnl|GLV|CAGL0K07293g_92-378,419-694_1LCI:A:	7	27	4	15	0	64	28	38	0	541
gnl|GLV|CAGL0K07161g_11-180_2OOX:E:3-181	5	5	2	7	0	16	11	8	0	179
gnl|GLV|CAGL0K07161g_182-319_2NYC:A:181-320	8	5	2	5	0	14	9	7	0	140
gnl|GLV|CAGL0K07117g_381-450_1DT4:A:	0	3	1	3	0	8	1	3	0	73
gnl|GLV|CAGL0K07117g_74-150_2AXY:A:11-81	0	3	1	3	0	7	2	0	0	71
gnl|GLV|CAGL0K07117g_176-250_1KHM:A:	0	3	1	3	0	8	5	2	0	89
gnl|GLV|CAGL0K07095g_15-288,323-371_1K8K:C:	2	28	1	2	0	32	23	22	0	371
gnl|GLV|CAGL0K06985g_489-590_1V9Y:A:	2	5	3	3	0	10	6	6	0	113
gnl|GLV|CAGL0K06985g_60-97_2HAP:C:55-97	0	0	1	2	0	6	3	2	0	43
gnl|GLV|CAGL0K06963g_370-717_2F2H:A:248-585	10	10	5	9	0	36	16	18	0	338
gnl|GLV|CAGL0K06963g_719-802_2F2H:A:586-665	0	8	1	1	0	13	7	5	0	80
gnl|GLV|CAGL0K06963g_248-368_2F2H:A:1-247	2	21	1	1	0	22	20	14	0	247
gnl|GLV|CAGL0K06919g_46-82,165-485_1UM8:A:	0	10	5	15	0	31	13	21	0	364
gnl|GLV|CAGL0K06897g_665-720,753-854_1P91:A:	4	11	1	8	0	29	16	19	0	268
gnl|GLV|CAGL0K06875g_88-298_1Q32:A:79-293	3	13	2	8	0	25	8	14	0	215
gnl|GLV|CAGL0K06875g_322-552_1Q32:A:302-538	7	10	5	5	0	25	17	10	0	237
gnl|GLV|CAGL0K06853g_13-532_1LCI:A:	7	27	4	15	0	64	28	38	0	541
gnl|GLV|CAGL0K06831g_29-212_1NI4:B:0-191	0	8	3	8	0	21	11	13	0	191
gnl|GLV|CAGL0K06831g_225-356_1NI4:B:192-329	0	6	1	5	0	16	10	7	0	138
gnl|GLV|CAGL0K06809g_14-253,285-495,529-552_1PW4:A:	2	0	1	18	0	21	18	22	0	450
gnl|GLV|CAGL0K06787g_552-859_1RQB:A:4-306	4	10	5	12	0	31	15	21	0	303
gnl|GLV|CAGL0K06787g_104-374_1ULZ:A:115-328	2	8	1	6	0	23	11	8	0	214
gnl|GLV|CAGL0K06787g_856-1029_1RQB:A:307-474	0	0	2	9	0	15	7	9	0	168
gnl|GLV|CAGL0K06787g_17-132_1ULZ:A:1-114	0	5	1	6	0	12	6	6	0	114
gnl|GLV|CAGL0K06787g_355-473_1ULZ:A:329-451	2	7	2	3	0	15	9	6	0	123
gnl|GLV|CAGL0K06787g_1091-1169_1O78:A:	4	6	0	0	0	18	11	2	0	84
gnl|GLV|CAGL0K06677g_137-246_1KYQ:A:151-273	2	2	2	5	0	7	5	2	0	123
gnl|GLV|CAGL0K06677g_1-142_1KYQ:A:1-150	1	8	4	3	0	19	8	8	0	150
gnl|GLV|CAGL0K06655g_222-323_1X5S:A:8-97	0	4	0	2	0	11	8	3	0	89
gnl|GLV|CAGL0K06655g_455-544_1X4G:A:8-103	0	6	0	3	0	12	8	3	0	96
gnl|GLV|CAGL0K06655g_35-84,169-194_2CQI:A:1-90	0	5	0	2	0	9	5	4	0	90
gnl|GLV|CAGL0K06589g_14-64,104-217_2J3W:B:21-188	0	5	1	6	0	11	10	7	0	168
gnl|GLV|CAGL0K06567g_3-135_2JOY:A:1-96	0	5	0	2	0	15	8	4	0	96
gnl|GLV|CAGL0K06545g_126-149,228-331_1OKC:A:	0	0	6	11	0	19	10	9	0	292
gnl|GLV|CAGL0K06501g_129-195_1GL2:D:	0	0	0	1	0	2	0	0	0	64
gnl|GLV|CAGL0K06501g_4-92_1LVF:A:	0	0	1	3	0	5	2	3	0	106
gnl|GLV|CAGL0K06479g_9-162,188-351_1H1W:A:	2	9	7	9	0	29	16	16	0	289
gnl|GLV|CAGL0K06413g_38-76_3ZNF:A:	2	0	0	1	0	5	3	1	0	30
gnl|GLV|CAGL0K06303g_2885-3240_1ND7:A:	2	12	7	14	0	33	22	22	0	373
gnl|GLV|CAGL0K06303g_87-148,273-697_1XM9:A:244-700	0	0	2	27	0	26	20	30	0	457
gnl|GLV|CAGL0K06281g_3-183_1GKY:A:	1	9	1	7	0	19	8	10	0	186
gnl|GLV|CAGL0K06259g_4-194_1QMV:A:	7	9	2	6	0	23	11	16	0	197
gnl|GLV|CAGL0K06215g_50-192_2OOE:A:21-549	2	0	2	28	0	36	16	28	0	529
gnl|GLV|CAGL0K06193g_351-445_2CUJ:A:8-108	0	0	0	4	0	7	6	5	0	101
gnl|GLV|CAGL0K06193g_4-55_1TOT:A:1-52	1	5	0	1	0	8	5	1	0	52
gnl|GLV|CAGL0K06193g_58-113_1X41:A:8-54	0	0	0	3	0	5	2	4	0	47
gnl|GLV|CAGL0K06149g_1-62_1RQ6:A:	0	0	0	3	0	4	2	3	0	62
gnl|GLV|CAGL0K06017g_11-179_1YZQ:A:14-177	0	6	2	6	0	16	11	9	0	164
gnl|GLV|CAGL0K05995g_401-593,665-783_2QV7:A:1-312	2	15	3	6	0	32	21	19	0	312
gnl|GLV|CAGL0K05973g_203-396_1KID:A:	4	9	4	5	0	22	10	5	0	193
gnl|GLV|CAGL0K05973g_26-153,426-544_1IOK:A:2-136,A:410-526	1	8	3	11	0	16	9	11	1	252
gnl|GLV|CAGL0K05973g_156-222_1OEL:A:137-190,A:367-409	0	3	0	4	0	7	5	2	1	97
gnl|GLV|CAGL0K05863g_366-442,479-524_2CND:A:125-270	0	8	3	6	0	14	9	6	0	146
gnl|GLV|CAGL0K05841g_105-137_2HAP:D:98-130	0	0	1	2	0	6	3	2	0	42
gnl|GLV|CAGL0K05841g_61-106_2HAP:C:55-97	0	0	1	2	0	6	3	2	0	43
gnl|GLV|CAGL0K05819g_207-407_1WLJ:A:	0	7	1	7	0	16	4	10	0	173
gnl|GLV|CAGL0K05731g_24-106_1EUV:B:	1	5	1	1	0	9	3	7	0	79
gnl|GLV|CAGL0K05709g_17-322_1A06:A:	4	8	4	10	0	29	20	14	0	307
gnl|GLV|CAGL0K05687g_39-379_1Z41:A:2-338	1	12	4	10	0	34	24	18	0	337
gnl|GLV|CAGL0K05665g_52-373_1CS1:A:	8	12	2	13	0	42	23	28	0	384
gnl|GLV|CAGL0K05621g_248-598_1CJY:A:142-721	2	16	10	18	0	52	32	26	0	580
gnl|GLV|CAGL0K05599g_11-140_1ELR:A:	0	0	0	7	0	9	1	5	0	128
gnl|GLV|CAGL0K05599g_218-278_2OVR:B:2263-2364	0	0	0	6	0	9	7	5	0	102
gnl|GLV|CAGL0K05599g_441-680_1IO0:A:	0	5	1	6	0	22	8	6	0	166
gnl|GLV|CAGL0K05533g_25-57_7ZNF:A:	0	2	0	1	0	5	3	2	0	30
gnl|GLV|CAGL0K05511g_282-483_1JNY:A:4-227	4	6	1	8	0	22	11	16	0	224
gnl|GLV|CAGL0K05467g_7-256_1CI7:A:	3	9	4	8	0	31	18	17	0	295
gnl|GLV|CAGL0K05401g_86-191_1JR8:A:	0	0	0	5	0	7	5	4	0	105
gnl|GLV|CAGL0K05379g_6-505_1HO8:A:	0	0	3	27	0	26	24	17	0	477
gnl|GLV|CAGL0K05335g_166-217,257-302,332-373,435-517_1C0G:A:147-375	0	9	6	10	0	23	12	12	0	229
gnl|GLV|CAGL0K05335g_4-172_1YAG:A:4-146	0	10	2	4	0	16	11	9	0	143
gnl|GLV|CAGL0K05313g_27-387_1WU7:A:3-329	3	12	1	12	0	35	21	19	0	327
gnl|GLV|CAGL0K05313g_396-499_1KMM:A:326-424	0	5	0	4	0	10	6	5	0	99
gnl|GLV|CAGL0K05291g_68-190,259-317,510-589,621-671_1GXR:A:	2	31	0	0	0	37	29	20	0	336
gnl|GLV|CAGL0K05269g_251-322_1MM2:A:	2	0	0	0	0	14	8	4	0	60
gnl|GLV|CAGL0K05225g_36-266,295-720_1GW5:A:	0	2	4	33	0	46	32	22	0	620
gnl|GLV|CAGL0K05225g_815-907_1GYW:B:	2	8	2	0	0	16	7	6	0	128
gnl|GLV|CAGL0K05137g_462-931_1H54:A:269-753	8	12	7	19	0	39	30	29	0	481
gnl|GLV|CAGL0K05137g_222-447_1H54:A:1-268	2	21	1	1	0	29	14	13	0	268
gnl|GLV|CAGL0K05115g_39-57,93-199_1JKW:A:11-161	0	0	2	6	0	12	6	7	0	151
gnl|GLV|CAGL0K05115g_203-339_1JKW:A:162-287	0	0	0	7	0	10	8	7	0	126
gnl|GLV|CAGL0K05093g_274-514_1LV7:A:	2	6	3	10	0	31	17	18	0	256
gnl|GLV|CAGL0K05093g_525-710_2CE7:A:411-603	1	2	1	7	0	10	7	6	0	193
gnl|GLV|CAGL0K05027g_2-428_1J4B:A:	6	18	7	13	0	50	29	24	0	432
gnl|GLV|CAGL0K04983g_368-532_3BGE:A:251-434	0	0	3	7	0	11	5	7	0	184
gnl|GLV|CAGL0K04983g_116-334_1IQP:A:2-232	0	7	4	13	0	20	11	14	0	231
gnl|GLV|CAGL0K04961g_4-160_1C02:A:	0	0	2	6	0	12	9	9	0	166
gnl|GLV|CAGL0K04939g_60-138,171-206,238-301_1G5B:A:	2	10	3	8	0	26	14	12	0	219
gnl|GLV|CAGL0K04807g_446-667_1JMX:B:	5	29	1	0	0	39	21	18	0	346
gnl|GLV|CAGL0K04697g_321-374_1ZFD:A:	2	0	1	1	0	4	2	2	0	32
gnl|GLV|CAGL0K04631g_10-61_2CSH:A:8-60	0	4	0	2	0	6	6	3	0	53
gnl|GLV|CAGL0K04609g_130-569_1PV7:A:	0	0	2	22	0	18	12	14	0	417
gnl|GLV|CAGL0K04565g_145-579_1PV7:A:	0	0	2	22	0	18	12	14	0	417
gnl|GLV|CAGL0K04499g_1078-1345_1T3T:A:1034-1295	7	11	7	8	0	30	18	19	0	262
gnl|GLV|CAGL0K04499g_669-853_1T3T:A:617-816	4	10	3	5	0	20	14	13	0	200
gnl|GLV|CAGL0K04499g_255-458_1T3T:A:221-429	1	10	1	5	0	19	7	10	0	209
gnl|GLV|CAGL0K04499g_467-693_1T3T:A:430-616	2	8	3	5	0	17	6	9	0	187
gnl|GLV|CAGL0K04499g_858-1071_1T3T:A:817-1033	1	7	3	8	0	18	12	12	0	217
gnl|GLV|CAGL0K04499g_3-173_1T3T:A:1-152	0	5	1	4	0	12	5	8	0	152
gnl|GLV|CAGL0K04499g_194-254_1T3T:A:153-220	2	0	0	6	0	5	2	4	0	68
gnl|GLV|CAGL0K04455g_54-262_1SVI:A:	2	7	3	5	0	16	8	11	0	195
gnl|GLV|CAGL0K04433g_181-352_1HQV:A:	6	0	0	8	0	23	10	4	0	181
gnl|GLV|CAGL0K04389g_265-402_1EQF:A:1498-1625	0	0	2	6	0	9	5	8	0	128
gnl|GLV|CAGL0K04389g_14-108_1E6I:A:	0	0	2	5	0	8	8	7	0	111
gnl|GLV|CAGL0K04345g_34-95,211-413_1XFD:A:127-591	9	30	2	3	0	57	36	22	0	465
gnl|GLV|CAGL0K04301g_5-319_1MUO:A:	6	6	4	9	0	28	17	16	0	261
gnl|GLV|CAGL0K04235g_10-328_2CWN:A:13-331	2	8	6	14	0	25	15	10	0	319
gnl|GLV|CAGL0K04169g_5-341_1PME:A:	3	10	7	11	0	38	19	18	0	345
gnl|GLV|CAGL0K04125g_3-85_1HB6:A:	0	0	1	4	0	9	3	3	0	86
gnl|GLV|CAGL0K04103g_22-186_1D2T:A:	0	0	2	13	0	18	11	13	0	224
gnl|GLV|CAGL0K04015g_32-275_1R3D:A:	2	7	3	11	0	24	13	15	0	263
gnl|GLV|CAGL0K03993g_63-112_1NH9:A:	0	4	1	2	0	8	3	2	0	87
gnl|GLV|CAGL0K03971g_84-318_1OZ4:A:471-763	2	0	3	7	0	31	24	19	0	292
gnl|GLV|CAGL0K03861g_211-510_2OVR:B:2365-2706	0	32	2	1	0	36	24	21	0	342
gnl|GLV|CAGL0K03839g_21-244_1X42:A:1-230	7	6	3	10	0	19	10	14	0	230
gnl|GLV|CAGL0K03795g_430-681,757-1056_1JR6:A:	3	10	0	3	0	22	12	7	0	138
gnl|GLV|CAGL0K03773g_16-43,111-344_2GIV:A:4-274	3	13	3	6	0	30	14	12	0	271
gnl|GLV|CAGL0K03729g_355-549_1H6K:A:291-480	1	0	4	8	0	15	11	11	0	190
gnl|GLV|CAGL0K03729g_579-772,803-857_1H2T:C:481-790	0	0	4	14	0	15	11	16	0	262
gnl|GLV|CAGL0K03729g_47-240_1H6K:A:27-290	3	2	4	12	0	21	8	8	0	264
gnl|GLV|CAGL0K03575g_2-248_2F20:A:2-232	5	13	7	8	0	28	8	14	0	231
gnl|GLV|CAGL0K03553g_3-275_1O5Z:A:2-293	2	11	4	9	0	24	12	14	0	293
gnl|GLV|CAGL0K03553g_299-434_1O5Z:A:294-430	0	6	2	5	0	15	10	7	0	137
gnl|GLV|CAGL0K03509g_33-476_1AD3:A:	0	19	7	14	0	42	30	22	0	446
gnl|GLV|CAGL0K03465g_456-663_1N0H:A:461-687	4	6	2	9	0	27	15	11	0	227
gnl|GLV|CAGL0K03465g_275-449_1JSC:A:280-460	0	6	4	7	0	16	17	10	0	181
gnl|GLV|CAGL0K03465g_82-255_1JSC:A:83-270	2	8	4	8	0	18	12	10	0	188
gnl|GLV|CAGL0K03443g_195-208,250-478,506-583_1JEY:B:242-545	2	15	5	6	0	28	15	10	0	304
gnl|GLV|CAGL0K03443g_23-165_1JEY:B:6-241	3	6	3	6	0	21	12	12	0	236
gnl|GLV|CAGL0K03421g_3-223_3PMG:A:1-190	3	9	1	5	0	20	11	13	0	190
gnl|GLV|CAGL0K03421g_430-568_3PMG:A:421-561	0	9	0	3	0	14	7	7	0	141
gnl|GLV|CAGL0K03421g_290-435_3PMG:A:304-420	0	4	1	6	0	10	7	7	0	117
gnl|GLV|CAGL0K03421g_190-300_3PMG:A:191-303	1	4	3	4	0	12	11	9	0	113
gnl|GLV|CAGL0K03399g_367-688_1O6L:A:	6	9	5	10	0	39	20	21	0	337
gnl|GLV|CAGL0K03377g_304-333,393-637_1VYH:C:92-408	0	28	1	0	0	39	25	14	0	317
gnl|GLV|CAGL0K03355g_61-293_1JP3:A:	0	6	3	7	0	23	13	11	0	228
gnl|GLV|CAGL0K03333g_483-529_2D8Q:A:8-64	4	0	0	2	0	9	3	2	0	57
gnl|GLV|CAGL0K03289g_10-285_1JOV:A:	8	21	4	0	0	29	21	17	0	269
gnl|GLV|CAGL0K03223g_249-503,546-595_1I31:A:	1	16	2	0	0	27	16	7	0	277
gnl|GLV|CAGL0K03223g_1-139_1GW5:M:1-141	2	5	1	4	0	13	8	7	0	140
gnl|GLV|CAGL0K03201g_12-105_1DCP:A:	2	4	0	3	0	9	2	6	0	99
gnl|GLV|CAGL0K03135g_19-115_2QAL:J:5-102	4	5	0	2	0	13	6	3	0	98
gnl|GLV|CAGL0K03113g_29-357_1NI3:A:11-306	0	7	3	11	0	29	19	15	0	296
gnl|GLV|CAGL0K03113g_336-420_1NI3:A:307-388	2	5	0	4	0	11	4	6	0	82
gnl|GLV|CAGL0K03091g_8-108_2CRU:A:8-112	2	0	0	4	0	8	3	3	0	105
gnl|GLV|CAGL0K03069g_113-193_1KBI:A:1-97	4	4	3	4	0	14	7	8	0	97
gnl|GLV|CAGL0K03047g_127-193_1CG7:A:	0	0	0	6	0	6	4	8	0	93
gnl|GLV|CAGL0K03047g_55-124_1J3D:A:	0	0	0	3	0	5	3	5	0	78
gnl|GLV|CAGL0K03003g_533-582_2DMD:A:8-33	2	0	1	1	0	3	0	1	0	26
gnl|GLV|CAGL0K02981g_155-240_2GE3:A:6-169	0	7	2	4	0	13	5	8	0	164
gnl|GLV|CAGL0K02959g_266-452_1TA0:A:	2	9	6	4	0	24	13	9	0	196
gnl|GLV|CAGL0K02937g_53-330_1JW9:B:	5	8	2	9	0	22	10	18	0	247
gnl|GLV|CAGL0K02915g_17-335_1OKC:A:	0	0	6	11	0	19	10	9	0	292
gnl|GLV|CAGL0K02849g_45-437_1ZHX:A:2-434	5	19	10	9	0	46	21	29	0	433
gnl|GLV|CAGL0K02717g_186-391_1FJG:B:	2	5	3	7	0	24	18	13	0	237
gnl|GLV|CAGL0K02629g_3-160_1YB5:A:6-120,A:295-329	2	9	3	2	0	18	11	6	1	150
gnl|GLV|CAGL0K02629g_137-263_1V3U:A:113-294	2	6	2	7	0	15	10	11	0	182
gnl|GLV|CAGL0K02585g_193-253_1GD2:G:	0	0	0	1	0	3	1	0	0	69
gnl|GLV|CAGL0K02563g_263-370_2UZG:A:36-130	0	5	0	3	0	13	5	6	0	95
gnl|GLV|CAGL0K02563g_230-291_1IYM:A:	0	2	0	1	0	11	6	4	0	54
gnl|GLV|CAGL0K02541g_72-309_1DKR:A:167-316	0	9	1	4	0	15	12	6	0	150
gnl|GLV|CAGL0K02497g_1-224_1G62:A:	8	15	1	9	0	31	15	14	0	224
gnl|GLV|CAGL0K02475g_2-149_1FWQ:A:	7	10	1	0	0	17	12	7	0	115
gnl|GLV|CAGL0K02431g_210-454_1LTL:A:	2	10	4	5	0	24	9	12	0	239
gnl|GLV|CAGL0K02431g_519-837_1NY5:A:138-384	4	9	2	11	0	25	17	12	0	247
gnl|GLV|CAGL0K02365g_541-822_1OKC:A:	0	0	6	11	0	19	10	9	0	292
gnl|GLV|CAGL0K02343g_45-105_1P7A:A:	2	0	1	1	0	5	3	3	0	36
gnl|GLV|CAGL0K02299g_21-42,70-351_1CSN:A:	3	10	2	9	0	31	12	17	0	293
gnl|GLV|CAGL0K02255g_449-815_1ND7:A:	2	12	7	14	0	33	22	22	0	373
gnl|GLV|CAGL0K02255g_4-133_2EP6:A:92-217	2	9	1	0	0	17	11	4	0	126
gnl|GLV|CAGL0K02255g_393-435_1TK7:A:1-45	0	3	0	1	0	5	4	3	0	43
gnl|GLV|CAGL0K02255g_340-380_1TK7:A:46-88	0	3	0	1	0	5	4	3	0	43
gnl|GLV|CAGL0K02255g_239-277_1I5H:W:	0	3	0	0	0	7	6	4	0	50
gnl|GLV|CAGL0K02167g_137-457,676-708_1MUO:A:	6	6	4	9	0	28	17	16	0	261
gnl|GLV|CAGL0K02145g_262-315_2CSH:A:8-60	0	4	0	2	0	6	6	3	0	53
gnl|GLV|CAGL0K02101g_66-89,119-261,410-498_2FLU:X:325-609	14	28	0	0	0	37	15	14	0	285
gnl|GLV|CAGL0K02079g_24-300_1FJM:A:	2	14	0	10	0	35	21	16	0	294
gnl|GLV|CAGL0K02035g_3-162_1U7P:A:	2	8	2	5	0	21	9	9	0	164
gnl|GLV|CAGL0K01991g_29-349,381-409_1IXK:A:	0	13	5	10	0	28	19	14	0	313
gnl|GLV|CAGL0K01947g_66-101_1U6P:A:	2	0	1	0	0	10	6	3	0	56
gnl|GLV|CAGL0K01925g_7-298_1UKV:G:5-301	4	15	7	10	0	34	19	16	0	297
gnl|GLV|CAGL0K01925g_305-399_1UKV:G:302-399	0	5	2	2	0	11	8	7	0	98
gnl|GLV|CAGL0K01925g_400-444_1UKV:G:400-446	1	2	0	1	0	4	6	2	0	47
gnl|GLV|CAGL0K01881g_432-493_1JM7:A:	2	0	1	3	0	11	9	5	0	103
gnl|GLV|CAGL0K01815g_14-187,268-379,439-470_1GZ8:A:	3	8	3	10	0	29	17	22	0	298
gnl|GLV|CAGL0K01771g_14-437_1NDB:A:30-405	5	9	3	11	0	33	24	20	0	376
gnl|GLV|CAGL0K01771g_438-659_1NDB:A:406-625	0	7	0	8	0	22	13	12	0	220
gnl|GLV|CAGL0K01749g_857-1249_1ZHX:A:2-434	5	19	10	9	0	46	21	29	0	433
gnl|GLV|CAGL0K01749g_285-399_1XX0:A:234-350	0	7	1	1	0	12	6	6	0	117
gnl|GLV|CAGL0K01749g_100-151,202-249_1SW6:A:	2	4	3	13	0	30	11	18	0	301
gnl|GLV|CAGL0K01705g_4-80,122-308_1QHF:A:	6	6	5	7	0	30	17	17	0	240
gnl|GLV|CAGL0K01661g_154-453_1IA8:A:	5	12	5	7	0	36	16	18	0	275
gnl|GLV|CAGL0K01617g_439-756_2JAV:A:3-271	1	8	3	9	0	24	12	13	0	269
gnl|GLV|CAGL0K01595g_149-385_1K8K:B:154-343	0	8	3	7	0	23	11	15	0	190
gnl|GLV|CAGL0K01595g_3-156_1ESV:A:6-146	0	10	1	3	0	12	10	8	0	141
gnl|GLV|CAGL0K01573g_280-330_2VRD:A:1-61	0	2	0	3	0	7	6	4	0	61
gnl|GLV|CAGL0K01529g_26-278_1GPM:A:208-404	0	5	1	8	0	15	5	8	0	197
gnl|GLV|CAGL0K01507g_22-192,221-281,543-624_1F88:A:	0	4	2	13	0	20	19	16	0	348
gnl|GLV|CAGL0K01485g_184-381,429-455_1PRZ:A:	5	11	2	5	0	31	18	12	0	252
gnl|GLV|CAGL0K01463g_189-361,397-501_1J8F:A:	4	9	5	12	0	33	20	18	0	323
gnl|GLV|CAGL0K01441g_63-101_2VRD:A:1-61	0	2	0	3	0	7	6	4	0	61
gnl|GLV|CAGL0K01397g_55-219_1ZUN:A:1-211	1	6	3	6	0	23	12	9	0	211
gnl|GLV|CAGL0K01331g_10-303_2NYM:C:2-294	4	13	0	11	0	29	23	16	0	293
gnl|GLV|CAGL0K01309g_136-241_1UW4:A:	0	6	0	2	0	13	5	4	0	91
gnl|GLV|CAGL0K01287g_5-51,86-127_1B34:A:	0	5	1	2	0	12	1	7	0	80
gnl|GLV|CAGL0K01199g_10-164_2NR9:A:4-192	0	0	2	8	0	13	11	7	0	189
gnl|GLV|CAGL0K01177g_40-171_1FXK:A:	0	2	0	2	0	5	1	3	0	107
gnl|GLV|CAGL0K01133g_180-294_1WFS:A:	0	8	1	4	0	21	12	4	0	150
gnl|GLV|CAGL0K01133g_1-117_1CNU:A:	0	6	0	4	0	13	8	9	0	134
gnl|GLV|CAGL0K01067g_73-163_1OM2:A:	0	0	0	5	0	7	6	2	0	95
gnl|GLV|CAGL0K01045g_259-534,581-632_1VB5:A:	3	12	4	9	0	31	10	13	0	274
gnl|GLV|CAGL0K00979g_310-508_1T9F:A:	4	12	2	0	0	29	9	14	0	186
gnl|GLV|CAGL0K00957g_276-480,556-645_1ERJ:A:	2	30	1	1	0	43	24	22	0	388
gnl|GLV|CAGL0K00957g_11-249,276-370_1P22:A:253-545	0	28	0	1	0	35	23	13	0	293
gnl|GLV|CAGL0K00957g_655-791_1VYH:C:92-408	0	28	1	0	0	39	25	14	0	317
gnl|GLV|CAGL0K00935g_5-142_1T3K:A:	0	5	0	4	0	15	17	5	0	132
gnl|GLV|CAGL0K00913g_317-464,516-944_1EG7:A:	4	25	8	18	0	59	33	37	0	549
gnl|GLV|CAGL0K00913g_123-293_1A4I:A:127-296	4	5	1	6	0	22	8	10	0	170
gnl|GLV|CAGL0K00913g_1-122_1A4I:A:2-126	1	4	1	4	0	14	5	6	0	125
gnl|GLV|CAGL0K00891g_13-296_1ODF:A:	2	10	3	9	0	28	17	16	0	286
gnl|GLV|CAGL0K00847g_5-253_1EFP:B:	2	13	2	6	0	25	15	14	0	246
gnl|GLV|CAGL0K00825g_82-291_1J97:A:	3	7	3	9	1	19	10	11	0	210
gnl|GLV|CAGL0K00803g_2-101_1SYR:A:	0	5	0	4	0	9	5	6	0	103
gnl|GLV|CAGL0K00781g_7-321_1WXQ:A:1-319	2	8	3	10	0	30	20	14	0	319
gnl|GLV|CAGL0K00737g_242-440_1Q9J:A:181-418	4	7	1	5	0	21	13	10	0	238
gnl|GLV|CAGL0K00737g_18-155_1L5A:A:1-174	1	6	2	5	0	15	9	11	0	174
gnl|GLV|CAGL0K00693g_497-721,798-846_1F3M:C:	1	10	4	11	0	33	20	20	0	294
gnl|GLV|CAGL0K00671g_13-136_2QAL:K:12-128	0	5	1	3	0	11	7	6	0	117
gnl|GLV|CAGL0K00605g_93-366_1SXJ:C:12-238	3	5	3	12	0	22	13	12	0	227
gnl|GLV|CAGL0K00605g_412-507_2J5O:A:742-811	0	2	0	3	0	8	6	5	0	70
gnl|GLV|CAGL0K00539g_164-454_1I31:A:	1	16	2	0	0	27	16	7	0	277
gnl|GLV|CAGL0K00539g_1-141_1GW5:M:1-141	2	5	1	4	0	13	8	7	0	140
gnl|GLV|CAGL0K00517g_80-422,640-1200,1235-1463_1QBK:B:	0	0	17	47	0	50	54	64	0	888
gnl|GLV|CAGL0K00517g_2031-2197,2232-2367_1E8Y:A:726-1092	0	10	2	12	0	26	15	16	0	367
gnl|GLV|CAGL0K00517g_1957-2050_3FAP:B:	0	0	0	4	0	5	1	1	0	94
gnl|GLV|CAGL0K00429g_5-257_1YRB:A:1-244	0	7	3	11	0	22	15	9	0	245
gnl|GLV|CAGL0K00363g_987-1226_3B60:A:329-581	4	10	2	9	0	24	18	16	0	253
gnl|GLV|CAGL0K00363g_351-570_3B60:A:329-581	4	10	2	9	0	24	18	16	0	253
gnl|GLV|CAGL0K00363g_659-957_2HYD:A:1-323	0	0	1	15	1	9	5	12	0	323
gnl|GLV|CAGL0K00363g_19-336_3B60:A:10-328	0	0	1	11	0	6	9	9	0	319
gnl|GLV|CAGL0K00319g_405-902_1YOV:B:12-437	9	12	6	13	0	48	22	26	0	426
gnl|GLV|CAGL0K00319g_7-392_1YOV:A:6-534	6	10	2	23	0	45	33	28	0	529
gnl|GLV|CAGL0K00275g_3-291_1P22:A:253-545	0	28	0	1	0	35	23	13	0	293
gnl|GLV|CAGL0K00253g_37-139_1NO8:A:	0	6	0	2	0	11	6	3	0	78
gnl|GLV|CAGL0J11858g_216-362_2J01:D:127-273	4	9	2	1	0	25	19	10	0	147
gnl|GLV|CAGL0J11858g_71-187_2J01:D:2-126	8	4	1	0	0	20	11	9	0	125
gnl|GLV|CAGL0J11836g_48-436_1NDB:A:30-405	5	9	3	11	0	33	24	20	0	376
gnl|GLV|CAGL0J11836g_439-652_1NM8:A:386-599	0	7	0	8	0	20	12	11	0	214
gnl|GLV|CAGL0J11682g_117-154_2HP8:A:	0	0	1	3	0	6	3	5	0	68
gnl|GLV|CAGL0J11660g_104-337_1OIS:A:	2	12	3	4	0	26	6	12	0	223
gnl|GLV|CAGL0J11660g_339-541,691-743_1K4T:A:431-640,A:713-765	4	3	5	11	0	20	11	18	1	263
gnl|GLV|CAGL0J11638g_79-394_1MUO:A:	6	6	4	9	0	28	17	16	0	261
gnl|GLV|CAGL0J11638g_518-645_1UMW:A:373-500	2	6	3	2	0	14	6	9	0	128
gnl|GLV|CAGL0J11638g_647-717_1UMW:A:501-595	0	6	0	2	0	9	4	5	0	95
gnl|GLV|CAGL0J11594g_199-262_1E91:A:	0	0	0	4	0	8	6	3	0	85
gnl|GLV|CAGL0J11506g_608-881_1OMZ:A:	3	13	1	7	0	26	18	19	0	265
gnl|GLV|CAGL0J11484g_25-305_1TE5:A:	4	16	1	3	0	30	19	6	0	253
gnl|GLV|CAGL0J11440g_14-515_1WA5:B:	0	0	5	29	0	38	22	22	0	506
gnl|GLV|CAGL0J11396g_82-362_2OVR:B:2365-2706	0	32	2	1	0	36	24	21	0	342
gnl|GLV|CAGL0J11352g_383-540,575-720_2GFO:A:762-1109	3	20	3	10	0	40	19	15	0	348
gnl|GLV|CAGL0J11330g_9-73_2GYC:G:2-72	4	0	0	0	0	11	6	4	0	71
gnl|GLV|CAGL0J11330g_69-148_1MMS:A:71-140	0	2	1	3	0	7	4	3	0	70
gnl|GLV|CAGL0J11308g_371-689_1IA8:A:	5	12	5	7	0	36	16	18	0	275
gnl|GLV|CAGL0J11264g_48-327_1VL8:A:	2	7	6	9	0	25	10	14	0	251
gnl|GLV|CAGL0J11242g_3-48,115-252_2NGR:A:	0	6	3	6	0	19	11	13	0	191
gnl|GLV|CAGL0J11220g_93-191_1FJG:C:107-207	1	4	2	2	0	13	6	6	0	101
gnl|GLV|CAGL0J11220g_13-99_1WH9:A:	0	3	1	3	0	10	7	2	0	91
gnl|GLV|CAGL0J11198g_152-268_2GYC:Q:5-110	4	2	0	1	0	12	8	6	0	106
gnl|GLV|CAGL0J11154g_214-310_1P1T:A:	2	4	0	4	0	11	10	6	0	104
gnl|GLV|CAGL0J11154g_109-208_1HD1:A:	2	4	1	2	0	7	2	4	0	75
gnl|GLV|CAGL0J11132g_5-86_2F15:A:75-163	0	9	1	0	0	14	6	5	0	89
gnl|GLV|CAGL0J11066g_159-363,413-514,541-589_1QBK:B:	0	0	17	47	0	50	54	64	0	888
gnl|GLV|CAGL0J11044g_321-523_1T9F:A:	4	12	2	0	0	29	9	14	0	186
gnl|GLV|CAGL0J11000g_91-167_2D9I:A:8-90	0	4	1	2	0	11	4	6	0	83
gnl|GLV|CAGL0J10934g_2-114_1Y5O:A:2-115	0	7	0	1	0	15	12	2	0	114
gnl|GLV|CAGL0J10934g_156-200_2DII:A:8-55	0	0	0	3	0	6	3	1	0	48
gnl|GLV|CAGL0J10934g_227-272_1X3A:A:8-94	0	0	0	5	0	6	4	4	0	87
gnl|GLV|CAGL0J10868g_161-244_2B3N:A:6-159	0	5	0	5	0	13	5	7	0	155
gnl|GLV|CAGL0J10846g_68-169_1W98:B:88-227	1	0	2	6	0	12	5	6	0	140
gnl|GLV|CAGL0J10824g_99-378_1W6K:A:100-378	4	2	8	11	0	24	18	18	0	279
gnl|GLV|CAGL0J10824g_374-722_1W6K:A:6-99,A:379-732	11	4	6	14	0	49	27	27	1	448
gnl|GLV|CAGL0J10780g_653-1007_1ZHX:A:2-434	5	19	10	9	0	46	21	29	0	433
gnl|GLV|CAGL0J10780g_249-345_1U5D:A:108-213	0	7	2	1	0	12	7	3	0	106
gnl|GLV|CAGL0J10758g_323-382,410-668_2NSY:A:	5	4	1	12	0	27	11	16	0	271
gnl|GLV|CAGL0J10758g_4-285_1ERZ:A:	4	14	6	8	0	36	16	16	0	303
gnl|GLV|CAGL0J10692g_115-365_1TXO:A:	3	11	3	6	0	26	12	11	0	235
gnl|GLV|CAGL0J10670g_570-778_1UW4:B:	0	0	4	11	0	18	12	13	0	248
gnl|GLV|CAGL0J10670g_372-557_1HU3:A:	0	0	1	10	0	14	8	8	0	259
gnl|GLV|CAGL0J10582g_64-178_1QM9:A:111-198	0	4	0	2	0	11	8	4	0	88
gnl|GLV|CAGL0J10494g_17-181_1G2Q:A:	0	9	0	5	0	20	10	9	0	178
gnl|GLV|CAGL0J10450g_101-299_1AUA:A:97-299	2	5	7	8	0	23	12	12	0	203
gnl|GLV|CAGL0J10450g_12-98_1AUA:A:4-96	0	0	1	5	0	8	5	8	0	93
gnl|GLV|CAGL0J10428g_494-802_1NF1:A:	0	0	2	17	0	16	11	26	0	324
gnl|GLV|CAGL0J10428g_382-493_1CJY:A:13-141	2	9	0	1	0	19	8	7	0	129
gnl|GLV|CAGL0J10406g_205-347_1FL0:A:	4	15	3	1	0	26	10	12	0	170
gnl|GLV|CAGL0J10406g_16-112_2HRK:B:4-121	0	0	2	6	0	9	7	8	0	121
gnl|GLV|CAGL0J10362g_27-206_1XX7:A:	2	0	3	11	0	13	6	7	0	183
gnl|GLV|CAGL0J10340g_6-247,281-319_1VYH:C:92-408	0	28	1	0	0	39	25	14	0	317
gnl|GLV|CAGL0J10296g_2-110_1HDJ:A:	0	0	1	4	0	9	2	7	0	76
gnl|GLV|CAGL0J10296g_175-244_1NLT:A:139-212	2	4	0	0	0	10	9	6	0	74
gnl|GLV|CAGL0J10296g_149-183,247-293_1NLT:A:110-138,A:213-257	2	5	0	1	0	12	2	5	1	74
gnl|GLV|CAGL0J10296g_309-396_1NLT:A:258-337	4	6	0	1	0	15	6	4	0	80
gnl|GLV|CAGL0J10230g_200-534_1BBU:A:161-502	3	13	4	11	0	30	17	16	0	342
gnl|GLV|CAGL0J10230g_63-177_1E1O:A:11-153	0	5	1	4	0	12	5	8	0	143
gnl|GLV|CAGL0J10208g_41-261_1UAX:A:	2	5	2	9	0	21	14	11	0	211
gnl|GLV|CAGL0J10186g_226-469_1SCZ:A:	0	10	2	7	0	19	8	12	0	233
gnl|GLV|CAGL0J10186g_34-128_1Y8O:B:128-229	0	8	1	0	0	16	9	6	0	102
gnl|GLV|CAGL0J10186g_170-215_1EBD:C:	0	0	1	2	0	5	1	3	0	41
gnl|GLV|CAGL0J10164g_8-150_1J3A:A:	3	5	4	5	0	13	6	6	0	142
gnl|GLV|CAGL0J10120g_305-394_1JXS:A:	0	3	0	4	0	10	8	5	0	98
gnl|GLV|CAGL0J10120g_48-156_1MZK:A:	0	11	0	0	0	17	11	9	0	138
gnl|GLV|CAGL0J10098g_9-153_1XRI:A:	2	5	3	6	0	16	5	6	0	151
gnl|GLV|CAGL0J10054g_182-290,609-749_1ESV:A:147-375	0	9	7	10	0	23	16	14	0	229
gnl|GLV|CAGL0J10054g_42-189_1YAG:A:4-146	0	10	2	4	0	16	11	9	0	143
gnl|GLV|CAGL0J10032g_236-552_1IXK:A:	0	13	5	10	0	28	19	14	0	313
gnl|GLV|CAGL0J09988g_84-259_1NV8:A:	2	9	3	10	0	29	15	20	0	271
gnl|GLV|CAGL0J09966g_2-101_1HDJ:A:	0	0	1	4	0	9	2	7	0	76
gnl|GLV|CAGL0J09966g_138-207_1NLT:A:139-212	2	4	0	0	0	10	9	6	0	74
gnl|GLV|CAGL0J09966g_256-342_1NLT:A:258-337	4	6	0	1	0	15	6	4	0	80
gnl|GLV|CAGL0J09966g_113-146,212-255_1NLT:A:110-138,A:213-257	2	5	0	1	0	12	2	5	1	74
gnl|GLV|CAGL0J09944g_84-284,321-557_1PV7:A:	0	0	2	22	0	18	12	14	0	417
gnl|GLV|CAGL0J09834g_22-116,163-384_1A6Q:A:2-296	3	15	2	7	0	26	16	16	0	295
gnl|GLV|CAGL0J09812g_12-476_1GZ5:A:	6	16	7	18	0	41	25	25	0	456
gnl|GLV|CAGL0J09790g_9-286_1OKC:A:	0	0	6	11	0	19	10	9	0	292
gnl|GLV|CAGL0J09724g_32-214_1ZAV:A:1-177	0	5	2	6	0	12	5	9	0	177
gnl|GLV|CAGL0J09702g_409-557_1OUV:A:	0	0	0	15	0	18	7	15	0	272
gnl|GLV|CAGL0J09702g_323-439_1OUV:A:	0	0	0	15	0	18	7	15	0	272
gnl|GLV|CAGL0J09614g_4-122_1E7K:A:	1	4	1	5	0	13	6	11	0	125
gnl|GLV|CAGL0J09570g_237-499_1FCH:A:	0	0	2	17	0	24	6	19	0	323
gnl|GLV|CAGL0J09548g_491-589_1KKX:A:	0	0	0	5	0	11	7	7	0	102
gnl|GLV|CAGL0J09526g_822-973_2BGW:A:16-148	0	6	1	5	0	8	10	4	0	133
gnl|GLV|CAGL0J09526g_999-1062_1Z00:B:823-905	1	0	1	6	0	9	8	4	0	83
gnl|GLV|CAGL0J09526g_472-565_1S2M:A:252-422	2	7	3	5	0	19	12	8	0	171
gnl|GLV|CAGL0J09504g_4-303_1V93:A:	0	8	2	11	0	28	13	16	0	292
gnl|GLV|CAGL0J09460g_52-84_1DSQ:A:	2	0	0	0	0	5	1	2	0	21
gnl|GLV|CAGL0J09460g_104-144_1AAF:A:	0	0	2	0	0	11	7	2	0	55
gnl|GLV|CAGL0J09460g_167-191_1DSQ:A:	2	0	0	0	0	5	1	2	0	21
gnl|GLV|CAGL0J09372g_6-141_1Y23:A:	0	6	3	4	0	16	11	7	0	139
gnl|GLV|CAGL0J09350g_483-785_1OZ4:A:471-763	2	0	3	7	0	31	24	19	0	292
gnl|GLV|CAGL0J09350g_210-472_1E32:A:201-458	3	5	4	12	0	28	13	14	0	258
gnl|GLV|CAGL0J09350g_117-209_1E32:A:107-200	5	5	1	2	0	13	7	9	0	94
gnl|GLV|CAGL0J09350g_32-115_1E32:A:21-106	0	6	0	2	0	14	4	9	0	86
gnl|GLV|CAGL0J09328g_51-145_3BLH:B:151-259	0	0	3	4	0	9	4	7	0	109
gnl|GLV|CAGL0J09262g_50-98_1GMJ:A:	0	0	0	1	0	2	0	0	0	83
gnl|GLV|CAGL0J09240g_32-309_1NVM:A:2-290	10	8	3	11	0	35	15	21	0	289
gnl|GLV|CAGL0J09218g_11-425_1LDJ:A:17-410	0	0	1	19	0	17	14	19	0	394
gnl|GLV|CAGL0J09218g_437-708_1LDJ:A:411-686	3	7	3	9	0	24	12	13	0	276
gnl|GLV|CAGL0J09218g_737-822_1LDJ:A:687-776	0	3	0	3	0	4	3	4	0	90
gnl|GLV|CAGL0J09152g_3-200_1DOA:B:	2	10	1	2	0	26	13	7	0	200
gnl|GLV|CAGL0J09130g_15-105_1WHR:A:	0	3	1	3	0	17	10	4	0	123
gnl|GLV|CAGL0J09108g_862-945_1WGM:A:	4	3	0	2	0	17	11	7	0	97
gnl|GLV|CAGL0J09086g_4-64_2GYA:W:1-60	0	0	1	3	0	5	2	1	0	60
gnl|GLV|CAGL0J09064g_14-178_1MR3:F:	2	7	3	6	0	17	7	14	0	177
gnl|GLV|CAGL0J09042g_148-357_1JP3:A:	0	6	3	7	0	23	13	11	0	228
gnl|GLV|CAGL0J09020g_108-576_1PV7:A:	0	0	2	22	0	18	12	14	0	417
gnl|GLV|CAGL0J08910g_145-351_1GBG:A:	7	16	2	1	0	25	12	12	0	214
gnl|GLV|CAGL0J08822g_177-311_2CCH:B:181-308	0	0	1	6	0	9	3	5	0	128
gnl|GLV|CAGL0J08822g_316-428_1VIN:A:309-432	0	0	4	7	0	10	8	4	0	123
gnl|GLV|CAGL0J08800g_21-311_1B8O:A:	1	9	3	8	0	30	12	19	0	280
gnl|GLV|CAGL0J08734g_327-513_1T9F:A:	4	12	2	0	0	29	9	14	0	186
gnl|GLV|CAGL0J08679g_85-110_1M9O:A:	0	0	2	0	0	8	6	3	0	76
gnl|GLV|CAGL0J08657g_171-436,483-531_1A6Q:A:2-296	3	15	2	7	0	26	16	16	0	295
gnl|GLV|CAGL0J08635g_8-193_1EK0:A:	0	6	2	5	0	16	10	10	0	170
gnl|GLV|CAGL0J08591g_1007-1134_1A25:A:	1	8	1	2	0	18	10	5	0	132
gnl|GLV|CAGL0J08591g_403-530_2EP6:A:92-217	2	9	1	0	0	17	11	4	0	126
gnl|GLV|CAGL0J08591g_670-810_1TJX:A:	1	8	2	2	0	16	7	6	0	158
gnl|GLV|CAGL0J08569g_34-159_1MEK:A:	1	6	0	4	0	13	10	8	0	120
gnl|GLV|CAGL0J08547g_41-330_1A8Q:A:	2	8	2	9	0	27	18	20	0	274
gnl|GLV|CAGL0J08481g_16-159_1A65:A:1-131	5	9	2	0	0	21	7	12	0	131
gnl|GLV|CAGL0J08481g_405-540_1AOZ:A:339-552	0	13	2	4	0	28	17	12	0	214
gnl|GLV|CAGL0J08481g_197-306_1V10:A:137-304	4	11	3	0	0	23	15	7	0	168
gnl|GLV|CAGL0J08437g_111-257_1D2T:A:	0	0	2	13	0	18	11	13	0	224
gnl|GLV|CAGL0J08415g_240-382_1QM4:A:253-396	1	3	1	4	0	20	15	11	0	144
gnl|GLV|CAGL0J08415g_5-111_2P02:A:38-147	0	6	1	3	0	9	3	7	0	110
gnl|GLV|CAGL0J08415g_115-239_1QM4:A:129-252	0	4	0	2	0	11	11	7	0	124
gnl|GLV|CAGL0J08349g_66-194_2J59:M:931-1063	0	7	0	2	0	14	7	2	0	133
gnl|GLV|CAGL0J08316g_28-258,349-463_2VAT:A:7-382	7	8	7	12	0	38	22	24	0	376
gnl|GLV|CAGL0J08272g_115-303_1YGY:A:99-282	3	7	2	7	0	24	14	12	0	184
gnl|GLV|CAGL0J08272g_3-146_1GDH:A:2-100,A:292-321	4	5	0	5	0	15	9	9	1	129
gnl|GLV|CAGL0J08228g_17-162_2OCY:A:16-162	0	0	0	4	0	2	1	5	0	153
gnl|GLV|CAGL0J08206g_1188-1198,1268-1666_1UX5:A:	6	0	6	19	0	32	18	22	0	411
gnl|GLV|CAGL0J08206g_184-225,311-466,531-685_2BNX:A:133-475	0	0	1	17	0	20	13	25	0	343
gnl|GLV|CAGL0J08140g_423-513,757-1032_1E8Y:A:726-1092	0	10	2	12	0	26	15	16	0	367
gnl|GLV|CAGL0J08140g_24-107_1E8Y:A:525-725	0	0	2	12	0	15	8	11	0	201
gnl|GLV|CAGL0J08074g_134-318_1AUA:A:97-299	2	5	7	8	0	23	12	12	0	203
gnl|GLV|CAGL0J08074g_32-122_1AUA:A:4-96	0	0	1	5	0	8	5	8	0	93
gnl|GLV|CAGL0J08008g_8-209_1FNN:A:1-276	4	5	2	12	0	25	19	17	0	276
gnl|GLV|CAGL0J07942g_18-268,306-334_2ELB:A:6-273	0	0	3	6	0	7	3	6	0	268
gnl|GLV|CAGL0J07942g_306-417_2ELB:A:274-374	0	6	0	1	0	11	5	3	0	101
gnl|GLV|CAGL0J07920g_495-802_1TX2:A:	2	10	3	9	0	30	15	14	0	273
gnl|GLV|CAGL0J07920g_292-452_1F9Y:A:	2	8	1	4	0	23	10	8	0	158
gnl|GLV|CAGL0J07920g_139-251_1B9L:A:	0	5	1	4	0	10	9	6	0	119
gnl|GLV|CAGL0J07920g_12-131_1B9L:A:	0	5	1	4	0	10	9	6	0	119
gnl|GLV|CAGL0J07898g_114-153_1ESK:A:	2	0	0	0	0	11	5	4	0	42
gnl|GLV|CAGL0J07898g_42-84_1AAF:A:	0	0	2	0	0	11	7	2	0	55
gnl|GLV|CAGL0J07898g_3-41_1AAF:A:	0	0	2	0	0	11	7	2	0	55
gnl|GLV|CAGL0J07854g_65-352_2OVR:B:2365-2706	0	32	2	1	0	36	24	21	0	342
gnl|GLV|CAGL0J07810g_7-154_1SZA:A:	0	0	2	8	0	12	7	6	0	143
gnl|GLV|CAGL0J07810g_348-429_1X4A:A:9-103	0	6	1	2	0	11	6	3	0	96
gnl|GLV|CAGL0J07788g_19-101,129-228,1192-1273_1F2T:A:,B:	2	15	3	7	0	24	21	15	1	292
gnl|GLV|CAGL0J07744g_39-117,236-481_1LI5:A:1-315	10	12	4	9	0	33	15	16	0	315
gnl|GLV|CAGL0J07744g_522-677_1U0B:B:316-461	1	2	0	8	0	14	6	10	0	146
gnl|GLV|CAGL0J07722g_10-221_2E50:A:1-222	2	4	2	7	0	15	9	7	0	222
gnl|GLV|CAGL0J07678g_3-108_2IF1:A:	3	5	1	3	0	19	12	8	0	125
gnl|GLV|CAGL0J07656g_700-891_1R0D:A:	0	0	1	6	0	8	3	4	0	194
gnl|GLV|CAGL0J07656g_9-122_1HF8:A:19-149	0	0	0	6	0	11	8	6	0	131
gnl|GLV|CAGL0J07612g_184-484_1QKI:A:200-434,A:450-511	3	9	4	8	0	31	23	14	1	297
gnl|GLV|CAGL0J07612g_6-197_1QKI:A:12-199,A:435-449	2	6	3	8	0	21	14	8	1	203
gnl|GLV|CAGL0J07568g_12-465_3GCB:A:	11	14	3	17	0	52	33	26	0	458
gnl|GLV|CAGL0J07546g_135-464_1OT5:A:123-460	10	9	5	8	0	46	22	27	0	338
gnl|GLV|CAGL0J07546g_467-602_1OT5:A:461-599	1	9	1	1	0	15	4	6	0	139
gnl|GLV|CAGL0J07502g_63-84,148-260_1Q1F:A:	2	0	3	7	0	9	6	7	0	148
gnl|GLV|CAGL0J07458g_121-152,187-278_2NN6:I:61-185	3	8	2	0	0	18	8	6	0	125
gnl|GLV|CAGL0J07436g_133-320_1AUA:A:97-299	2	5	7	8	0	23	12	12	0	203
gnl|GLV|CAGL0J07436g_19-125_1AUA:A:4-96	0	0	1	5	0	8	5	8	0	93
gnl|GLV|CAGL0J07370g_3-74_1HDJ:A:	0	0	1	4	0	9	2	7	0	76
gnl|GLV|CAGL0J07370g_352-410_3ZNF:A:	2	0	0	1	0	5	3	1	0	30
gnl|GLV|CAGL0J07282g_752-795,822-928_1K3I:A:151-537	9	30	6	0	0	59	29	25	0	387
gnl|GLV|CAGL0J07282g_311-332,372-484,569-601_1K3I:A:151-537	9	30	6	0	0	59	29	25	0	387
gnl|GLV|CAGL0J07260g_51-334_1D5T:A:2-291,A:389-431	6	15	7	10	0	37	26	18	1	331
gnl|GLV|CAGL0J07260g_360-448_1UKV:G:302-399	0	5	2	2	0	11	8	7	0	98
gnl|GLV|CAGL0J07216g_18-67,235-264_1GE8:A:2-117	1	9	1	2	0	12	7	4	0	116
gnl|GLV|CAGL0J07172g_23-160_1UJO:A:	0	0	0	6	0	17	13	6	0	143
gnl|GLV|CAGL0J07150g_13-58_2HAP:C:55-97	0	0	1	2	0	6	3	2	0	43
gnl|GLV|CAGL0J07128g_25-239_2R8B:A:44-246	2	9	2	5	0	21	16	11	0	203
gnl|GLV|CAGL0J07106g_196-248_1NH2:C:	1	3	0	0	0	3	0	2	0	59
gnl|GLV|CAGL0J07106g_3-46_1YTF:B:	0	0	0	2	0	3	0	1	0	46
gnl|GLV|CAGL0J07084g_194-344_1GDH:A:101-291	3	7	2	7	0	24	11	14	0	191
gnl|GLV|CAGL0J07084g_1-128_1DXY:A:1-100,A:300-330	2	6	1	4	0	17	8	8	1	131
gnl|GLV|CAGL0J07062g_13-316_2AEB:A:5-313	8	8	7	10	0	35	14	14	0	314
gnl|GLV|CAGL0J07040g_907-988,1062-1231_1O1Z:A:	1	11	4	10	0	22	17	11	0	233
gnl|GLV|CAGL0J07040g_423-638_1OT8:A:	2	0	0	13	0	26	3	23	0	209
gnl|GLV|CAGL0J07018g_238-420_1BYG:A:	2	8	4	9	0	25	10	13	0	262
gnl|GLV|CAGL0J06996g_878-1084_1TX4:A:	0	0	4	12	0	17	9	13	0	196
gnl|GLV|CAGL0J06996g_619-758_1FAO:A:	0	7	1	1	0	10	6	5	0	100
gnl|GLV|CAGL0J06996g_515-605_1XTE:A:	0	3	2	4	0	9	3	6	0	116
gnl|GLV|CAGL0J06974g_38-476_3C10:A:515-900	8	10	9	12	0	47	19	25	0	386
gnl|GLV|CAGL0J06952g_59-258_1HX3:A:	3	12	1	5	0	25	8	10	0	176
gnl|GLV|CAGL0J06776g_10-1023_1WA5:C:	8	0	17	50	0	66	46	42	0	959
gnl|GLV|CAGL0J06710g_50-276_1XXL:A:	5	8	2	9	0	23	10	12	0	238
gnl|GLV|CAGL0J06666g_1-103_1N6Z:A:	0	4	1	2	0	13	5	4	0	105
gnl|GLV|CAGL0J06600g_5-204_1ORO:A:	4	8	3	7	0	21	9	8	0	213
gnl|GLV|CAGL0J06556g_725-852_1XTE:A:	0	3	2	4	0	9	3	6	0	116
gnl|GLV|CAGL0J06512g_40-240,352-453_2OVR:B:2365-2706	0	32	2	1	0	36	24	21	0	342
gnl|GLV|CAGL0J06468g_316-777_1GZ5:A:	6	16	7	18	0	41	25	25	0	456
gnl|GLV|CAGL0J06468g_813-926_2AH5:A:1-210	1	8	4	10	0	19	12	14	0	210
gnl|GLV|CAGL0J06424g_120-199,249-393_1LTL:A:	2	10	4	5	0	24	9	12	0	239
gnl|GLV|CAGL0J06424g_518-832_1NY5:A:138-384	4	9	2	11	0	25	17	12	0	247
gnl|GLV|CAGL0J06402g_20-297_1NVM:A:2-290	10	8	3	11	0	35	15	21	0	289
gnl|GLV|CAGL0J06380g_45-91_1GMJ:A:	0	0	0	1	0	2	0	0	0	83
gnl|GLV|CAGL0J06336g_60-152_3BLH:B:151-259	0	0	3	4	0	9	4	7	0	109
gnl|GLV|CAGL0J06314g_79-291_1DIQ:A:7-242	4	11	2	6	0	33	17	19	0	236
gnl|GLV|CAGL0J06314g_294-543_1F0X:A:274-567	2	7	0	9	0	22	13	11	0	294
gnl|GLV|CAGL0J06292g_2-148_2CVE:A:2-124	1	7	0	3	0	10	8	6	0	123
gnl|GLV|CAGL0J06204g_10-258_1NKQ:A:	7	16	7	3	0	35	13	13	0	257
gnl|GLV|CAGL0J06182g_396-443_1DH3:A:	0	0	0	1	0	1	1	2	0	54
gnl|GLV|CAGL0J06094g_8-362_1N0U:A:3-343	9	9	5	14	0	30	13	15	0	341
gnl|GLV|CAGL0J06094g_755-970_1N0U:A:561-725	1	7	1	5	0	15	13	8	0	165
gnl|GLV|CAGL0J06094g_973-1085_1N0U:A:726-842	0	4	3	3	0	11	3	6	0	117
gnl|GLV|CAGL0J06094g_370-417,582-664_1N0U:A:344-481	3	10	0	2	0	16	10	11	0	138
gnl|GLV|CAGL0J06094g_680-753_1N0U:A:482-560	0	4	1	2	0	9	6	3	0	79
gnl|GLV|CAGL0J06050g_83-360_1AGX:A:	6	14	3	10	0	45	23	26	0	331
gnl|GLV|CAGL0J06028g_27-423_1U7G:A:	2	2	6	15	0	21	14	16	0	383
gnl|GLV|CAGL0J06006g_19-121_1FXK:A:	0	2	0	2	0	5	1	3	0	107
gnl|GLV|CAGL0J05962g_19-70_1WFP:A:	2	2	0	0	0	15	8	6	0	73
gnl|GLV|CAGL0J05940g_40-324_1CSN:A:	3	10	2	9	0	31	12	17	0	293
gnl|GLV|CAGL0J05852g_39-306_1YXM:A:7-303	4	7	7	9	0	27	14	20	0	297
gnl|GLV|CAGL0J05786g_40-79_2D8U:A:8-58	0	2	0	1	0	8	7	3	0	51
gnl|GLV|CAGL0J05764g_34-108_1JBM:A:	0	5	1	1	0	6	1	6	0	85
gnl|GLV|CAGL0J05742g_116-237_1WHG:A:	1	7	1	2	0	13	11	5	0	112
gnl|GLV|CAGL0J05742g_4-51_1WY8:A:8-83	2	5	0	2	0	9	3	6	0	76
gnl|GLV|CAGL0J05676g_9-138_2EP6:A:92-217	2	9	1	0	0	17	11	4	0	126
gnl|GLV|CAGL0J05632g_8-171_1Z2C:A:1-179	0	6	3	6	0	15	9	13	0	179
gnl|GLV|CAGL0J05566g_1-115,157-252_1A77:A:2-208	4	7	3	6	0	25	18	11	0	207
gnl|GLV|CAGL0J05522g_197-511_1OKC:A:	0	0	6	11	0	19	10	9	0	292
gnl|GLV|CAGL0J05522g_6-162_1JFJ:A:	0	4	0	8	0	12	8	4	0	134
gnl|GLV|CAGL0J05500g_17-216_1H7S:A:29-231	0	10	3	5	0	18	14	9	0	203
gnl|GLV|CAGL0J05500g_197-230,260-357_1H7S:A:232-365	2	7	1	4	0	12	4	9	0	134
gnl|GLV|CAGL0J05500g_706-892_1X9Z:A:	2	7	1	7	0	14	7	8	0	182
gnl|GLV|CAGL0J05478g_3-116_1FJG:M:	2	0	2	6	0	13	11	6	0	125
gnl|GLV|CAGL0J05434g_66-197_1C1G:C:	0	0	0	3	0	2	1	2	0	283
gnl|GLV|CAGL0J05434g_1-61_1IC2:A:	0	0	1	1	0	2	0	0	0	80
gnl|GLV|CAGL0J05412g_186-285,331-411_1SVI:A:	2	7	3	5	0	16	8	11	0	195
gnl|GLV|CAGL0J05346g_30-471_1A12:A:	5	30	5	1	0	58	38	27	0	401
gnl|GLV|CAGL0J05324g_1-294_1PV1:A:	4	9	3	10	0	32	19	22	0	299
gnl|GLV|CAGL0J05280g_176-218_1N1J:B:	1	1	1	3	0	7	3	6	0	78
gnl|GLV|CAGL0J05258g_6-124_1GD8:A:	0	3	0	5	0	8	5	3	0	105
gnl|GLV|CAGL0J05126g_39-427_1YIZ:A:12-429	5	13	7	13	0	44	25	21	0	418
gnl|GLV|CAGL0J05082g_150-268,298-491_1U5R:A:	5	8	4	12	0	31	20	16	0	309
gnl|GLV|CAGL0J05060g_606-662_2CT1:A:8-43	0	2	0	1	0	6	4	1	0	36
gnl|GLV|CAGL0J05060g_567-619_1XF7:A:	0	2	0	1	0	4	3	1	0	29
gnl|GLV|CAGL0J05060g_647-697_1X6E:A:8-40	0	2	1	1	0	4	3	1	0	33
gnl|GLV|CAGL0J05060g_534-562_2GLI:A:103-134	3	0	0	1	0	6	3	2	0	32
gnl|GLV|CAGL0J05060g_378-407_2GLI:A:103-134	3	0	0	1	0	6	3	2	0	32
gnl|GLV|CAGL0J05038g_1-73,100-206_2Q4O:A:8-190	0	7	1	7	0	15	11	8	0	183
gnl|GLV|CAGL0J04972g_48-318_1O6L:A:	6	9	5	10	0	39	20	21	0	337
gnl|GLV|CAGL0J04928g_153-291,365-420,460-554_2P6R:A:203-403	2	10	1	7	0	20	15	11	0	201
gnl|GLV|CAGL0J04928g_678-815_1RU3:A:	8	22	14	23	0	70	41	52	0	728
gnl|GLV|CAGL0J04884g_136-214_1H8C:A:	2	5	0	2	0	8	5	6	0	82
gnl|GLV|CAGL0J04862g_433-693_2HYE:C:403-675	1	8	3	9	0	25	16	11	0	273
gnl|GLV|CAGL0J04840g_107-352_1VQZ:A:1-241	3	12	2	7	0	28	9	15	0	241
gnl|GLV|CAGL0J04818g_56-315_1VYH:C:92-408	0	28	1	0	0	39	25	14	0	317
gnl|GLV|CAGL0J04796g_141-212_1JM7:A:	2	0	1	3	0	11	9	5	0	103
gnl|GLV|CAGL0J04774g_63-315_1I01:A:	2	7	3	9	0	21	12	12	0	241
gnl|GLV|CAGL0J04752g_462-692_1KI1:B:1229-1438	0	0	2	10	0	7	5	12	0	210
gnl|GLV|CAGL0J04752g_721-784,837-885_1BTN:A:	1	7	0	2	0	15	8	5	0	106
gnl|GLV|CAGL0J04664g_38-115_1T8K:A:	2	0	1	4	0	8	0	6	0	77
gnl|GLV|CAGL0J04598g_1-355_1J79:A:	3	15	4	14	0	42	18	22	0	343
gnl|GLV|CAGL0J04554g_7-414_1YAA:A:	2	13	2	16	0	44	15	26	0	412
gnl|GLV|CAGL0J04532g_591-787,828-1163_1A1V:A:190-325	0	7	1	4	0	14	10	6	0	136
gnl|GLV|CAGL0J04532g_415-529_2DAY:A:8-122	0	4	0	3	0	10	8	4	0	115
gnl|GLV|CAGL0J04488g_1-128_2CAY:A:1-99,A:252-282	4	17	4	3	0	30	13	11	1	242
gnl|GLV|CAGL0J04488g_407-520_1W7P:D:450-566	0	3	1	3	0	10	5	5	0	94
gnl|GLV|CAGL0J04488g_117-161_2J9U:B:115-161	3	2	1	1	0	11	2	3	0	47
gnl|GLV|CAGL0J04488g_178-201_1NJ3:A:	0	2	0	0	0	8	5	0	0	30
gnl|GLV|CAGL0J04444g_228-471_1LTL:A:	2	10	4	5	0	24	9	12	0	239
gnl|GLV|CAGL0J04444g_520-721,758-855_1OFH:A:	0	9	5	14	0	31	16	15	0	309
gnl|GLV|CAGL0J04400g_18-114_1N1J:A:	1	1	1	4	0	8	2	4	0	87
gnl|GLV|CAGL0J04356g_12-106,157-360_1HD7:A:	6	12	5	7	0	32	18	10	0	275
gnl|GLV|CAGL0J04334g_8-79_2AV5:A:15-120	0	5	1	3	0	5	2	4	0	106
gnl|GLV|CAGL0J04312g_696-911,1014-1179_1SQJ:A:431-786	12	28	0	0	0	52	32	25	0	356
gnl|GLV|CAGL0J04312g_36-234,345-511_1SQJ:A:431-786	12	28	0	0	0	52	32	25	0	356
gnl|GLV|CAGL0J04290g_6-318_1PME:A:	3	10	7	11	0	38	19	18	0	345
gnl|GLV|CAGL0J04246g_242-401_1F21:A:	3	5	0	5	0	13	6	10	0	152
gnl|GLV|CAGL0J04246g_7-50_1QHK:A:	0	3	0	2	0	7	4	0	0	47
gnl|GLV|CAGL0J04246g_160-207_1QHK:A:	0	3	0	2	0	7	4	0	0	47
gnl|GLV|CAGL0J04224g_43-153_1XBL:A:	0	0	0	3	0	7	3	6	0	75
gnl|GLV|CAGL0J04224g_213-287_1EXK:A:	2	6	2	0	0	10	7	6	0	79
gnl|GLV|CAGL0J04224g_354-438_1C3G:A:260-349	4	6	0	2	0	16	7	6	0	90
gnl|GLV|CAGL0J04224g_188-213,292-353_1C3G:A:180-259	2	5	0	1	0	11	4	4	0	80
gnl|GLV|CAGL0J04136g_4-124,213-332_1NM2:A:0-133,A:196-314	2	6	2	12	0	20	14	17	1	251
gnl|GLV|CAGL0J04114g_4-289_1OKC:A:	0	0	6	11	0	19	10	9	0	292
gnl|GLV|CAGL0J04070g_3-150_1TWF:H:	0	8	1	0	0	14	10	6	0	145
gnl|GLV|CAGL0J04048g_15-139_1Q48:A:	2	3	0	4	0	12	10	10	0	133
gnl|GLV|CAGL0J04026g_437-757_1PGV:A:	2	5	0	7	0	21	9	7	0	167
gnl|GLV|CAGL0J03960g_175-429_1ERJ:A:	2	30	1	1	0	43	24	22	0	388
gnl|GLV|CAGL0J03916g_5-431_1ZHX:A:2-434	5	19	10	9	0	46	21	29	0	433
gnl|GLV|CAGL0J03894g_4-158,187-216_1AOE:A:	2	12	3	5	0	20	12	11	0	192
gnl|GLV|CAGL0J03872g_41-317_1JKS:A:	7	9	4	9	0	33	20	13	0	293
gnl|GLV|CAGL0J03828g_180-453_1S9J:A:	3	8	3	12	0	27	14	14	0	340
gnl|GLV|CAGL0J03806g_164-349_2OVR:B:2365-2706	0	32	2	1	0	36	24	21	0	342
gnl|GLV|CAGL0J03780g_300-531_1VLM:A:	2	8	2	8	0	22	11	13	0	218
gnl|GLV|CAGL0J03762g_42-295_1O5Z:A:2-293	2	11	4	9	0	24	12	14	0	293
gnl|GLV|CAGL0J03762g_326-487_1E8C:A:338-497	1	8	1	5	0	21	15	10	0	157
gnl|GLV|CAGL0J03740g_293-342_2BZ2:A:35-113	2	4	0	2	0	12	6	3	0	79
gnl|GLV|CAGL0J03718g_31-60,200-360,433-473,510-590,634-656_1SZW:A:	6	14	7	8	0	36	21	14	0	341
gnl|GLV|CAGL0J03652g_9-128,185-272,531-778_1GAX:A:1-189,A:343-578	8	19	6	13	0	45	23	23	1	425
gnl|GLV|CAGL0J03652g_302-452,492-528_1UDZ:A:	6	9	4	3	0	24	11	11	0	179
gnl|GLV|CAGL0J03652g_790-1009_1ILE:A:642-821	0	0	1	7	0	10	11	15	0	180
gnl|GLV|CAGL0J03608g_111-199_2HDC:A:	1	2	0	5	0	14	5	4	0	97
gnl|GLV|CAGL0J03520g_41-200_1IST:A:	2	9	1	2	0	20	13	11	0	161
gnl|GLV|CAGL0J03476g_118-319,402-515_1VYH:C:92-408	0	28	1	0	0	39	25	14	0	317
gnl|GLV|CAGL0J03454g_42-418_3C10:A:515-900	8	10	9	12	0	47	19	25	0	386
gnl|GLV|CAGL0J03432g_12-320_2JAV:A:3-271	1	8	3	9	0	24	12	13	0	269
gnl|GLV|CAGL0J03388g_88-128_1F6U:A:	2	2	3	0	0	10	5	3	0	55
gnl|GLV|CAGL0J03388g_39-69_1DSQ:A:	2	0	0	0	0	5	1	2	0	21
gnl|GLV|CAGL0J03388g_147-170_1NC8:A:	2	0	1	0	0	6	3	1	0	29
gnl|GLV|CAGL0J03344g_95-387_1ERJ:A:	2	30	1	1	0	43	24	22	0	388
gnl|GLV|CAGL0J03322g_145-288,411-462_1PME:A:	3	10	7	11	0	38	19	18	0	345
gnl|GLV|CAGL0J03300g_218-471_2BWV:A:177-440	4	11	3	6	0	29	15	15	0	264
gnl|GLV|CAGL0J03300g_44-217_2BWV:A:1-176	0	8	2	7	0	18	9	6	0	176
gnl|GLV|CAGL0J03256g_471-537,575-840_1RPM:A:	0	13	3	6	0	26	21	14	0	278
gnl|GLV|CAGL0J03256g_53-204_1HZM:A:	3	3	0	6	0	20	19	8	0	154
gnl|GLV|CAGL0J03234g_5-105_2V94:A:1-93	0	4	1	3	0	8	4	5	0	93
gnl|GLV|CAGL0J03212g_29-510_1BI9:A:	7	19	2	16	0	50	25	21	0	499
gnl|GLV|CAGL0J03146g_214-645,678-754_1RLR:A:222-748	8	15	8	19	0	57	32	28	0	525
gnl|GLV|CAGL0J03146g_6-213_1RLR:A:10-221	2	1	1	11	0	20	13	16	0	212
gnl|GLV|CAGL0J03124g_84-363_2BTY:A:1-282	5	14	1	11	0	26	15	16	0	282
gnl|GLV|CAGL0J03124g_550-706_1VKN:A:1-144,A:308-339	3	6	2	7	0	19	10	11	1	176
gnl|GLV|CAGL0J03124g_685-841_1VKN:A:145-307	1	7	3	4	0	17	10	10	0	163
gnl|GLV|CAGL0J03102g_24-95_1E4U:A:	4	0	0	1	0	16	10	5	0	78
gnl|GLV|CAGL0J03102g_131-228_2CPI:A:101-189	0	5	0	2	0	8	7	4	0	89
gnl|GLV|CAGL0J02992g_2-40_1H1J:S:	0	0	1	2	0	4	3	1	0	44
gnl|GLV|CAGL0J02970g_3-119,168-392,423-445_2GFV:A:252-412	5	7	4	4	0	22	9	6	0	161
gnl|GLV|CAGL0J02882g_11-324_2HMF:A:2-303	2	12	2	10	0	29	13	19	0	302
gnl|GLV|CAGL0J02882g_427-501_2HMF:A:404-470	0	3	1	2	0	5	2	4	0	67
gnl|GLV|CAGL0J02882g_351-419_2J0W:A:295-385	0	4	0	2	0	9	8	3	0	91
gnl|GLV|CAGL0J02838g_81-156_1I94:R:	0	1	0	2	0	13	11	3	0	82
gnl|GLV|CAGL0J02750g_2-100_1XBL:A:	0	0	0	3	0	7	3	6	0	75
gnl|GLV|CAGL0J02728g_648-930_1OZ4:A:471-763	2	0	3	7	0	31	24	19	0	292
gnl|GLV|CAGL0J02662g_453-494,557-757_1Z3I:X:390-735	0	10	6	11	0	41	29	23	0	346
gnl|GLV|CAGL0J02662g_187-451_1Z63:A:432-661	0	7	2	11	0	24	16	18	0	230
gnl|GLV|CAGL0J02640g_46-150_2FQ3:A:311-395	0	0	1	4	0	12	6	5	0	85
gnl|GLV|CAGL0J02640g_317-360_1X41:A:8-54	0	0	0	3	0	5	2	4	0	47
gnl|GLV|CAGL0J02530g_332-456_3BSW:A:3-195	2	21	1	2	0	45	7	19	0	193
gnl|GLV|CAGL0J02508g_344-419_3BSW:A:3-195	2	21	1	2	0	45	7	19	0	193
gnl|GLV|CAGL0J02486g_6-68_1VYX:A:	2	2	1	1	0	11	6	4	0	60
gnl|GLV|CAGL0J02464g_409-536,571-686_2CKH:A:419-643	2	6	1	8	0	22	10	13	0	225
gnl|GLV|CAGL0J02442g_222-403_2FXT:A:234-425	3	8	0	7	0	18	6	11	0	192
gnl|GLV|CAGL0J02420g_42-172_1I50:C:42-172	0	8	3	1	0	20	8	7	0	131
gnl|GLV|CAGL0J02420g_172-266_1I50:C:3-41,C:173-268	2	3	1	3	0	17	12	4	1	135
gnl|GLV|CAGL0J02332g_454-658,691-761_1IAL:A:	0	0	4	28	0	36	22	21	0	453
gnl|GLV|CAGL0J02266g_90-178_1Q7H:A:69-153	0	6	1	3	0	10	5	6	0	85
gnl|GLV|CAGL0J02134g_510-848_1I9Z:A:	8	11	3	8	0	32	15	14	0	345
gnl|GLV|CAGL0J02090g_45-108_1L4A:D:	0	0	0	4	0	4	3	3	0	86
gnl|GLV|CAGL0J02068g_38-142_1MEK:A:	1	6	0	4	0	13	10	8	0	120
gnl|GLV|CAGL0J02002g_68-354_1OKC:A:	0	0	6	11	0	19	10	9	0	292
gnl|GLV|CAGL0J01936g_6-100_1XBL:A:	0	0	0	3	0	7	3	6	0	75
gnl|GLV|CAGL0J01914g_22-109_1X5S:A:8-97	0	4	0	2	0	11	8	3	0	89
gnl|GLV|CAGL0J01870g_47-161,277-370,724-932_1SU4:A:1-124,A:240-343,A:751-994	1	1	8	18	0	32	20	22	2	472
gnl|GLV|CAGL0J01870g_374-394,527-777_1SU4:A:344-360,A:600-750	3	8	1	8	0	16	12	11	1	168
gnl|GLV|CAGL0J01870g_385-578_1MO7:A:	2	9	0	5	0	32	19	9	0	213
gnl|GLV|CAGL0J01870g_160-276_1SU4:A:125-239	2	9	3	0	0	21	10	7	0	115
gnl|GLV|CAGL0J01848g_22-1129,1168-1200_1I50:B:	18	49	14	26	0	125	63	65	0	1207
gnl|GLV|CAGL0J01661g_23-318_1OKC:A:	0	0	6	11	0	19	10	9	0	292
gnl|GLV|CAGL0J01595g_285-336_2CSH:A:8-60	0	4	0	2	0	6	6	3	0	53
gnl|GLV|CAGL0J01529g_255-323_1MM2:A:	2	0	0	0	0	14	8	4	0	60
gnl|GLV|CAGL0J01529g_419-490_1F62:A:	0	2	0	1	0	13	6	4	0	51
gnl|GLV|CAGL0J01507g_272-499,674-765,935-974,1015-1072_1GW5:B:	0	0	4	32	0	42	43	37	0	579
gnl|GLV|CAGL0J01485g_133-297_1TFF:A:	3	4	2	10	0	17	9	11	0	228
gnl|GLV|CAGL0J01441g_34-200_1RJW:A:1-137,A:306-339	5	11	3	3	0	24	12	10	1	171
gnl|GLV|CAGL0J01441g_168-339_1LLU:A:144-309	0	7	1	8	0	14	10	9	0	166
gnl|GLV|CAGL0J01397g_14-273_1NJR:A:	2	6	4	10	0	28	15	19	0	264
gnl|GLV|CAGL0J01375g_25-215,277-479_1PV7:A:	0	0	2	22	0	18	12	14	0	417
gnl|GLV|CAGL0J01353g_344-595_1LV7:A:	2	6	3	10	0	31	17	18	0	256
gnl|GLV|CAGL0J01353g_606-797_2CE7:A:411-603	1	2	1	7	0	10	7	6	0	193
gnl|GLV|CAGL0J01331g_4-218_2Q46:A:2-253	0	12	3	8	0	27	15	20	0	252
gnl|GLV|CAGL0J01287g_177-355,463-607_1PGU:A:2-326	3	28	2	0	0	35	19	22	0	325
gnl|GLV|CAGL0J01287g_56-189_1PGU:A:2-326	3	28	2	0	0	35	19	22	0	325
gnl|GLV|CAGL0J01287g_309-445_2OVR:B:2365-2706	0	32	2	1	0	36	24	21	0	342
gnl|GLV|CAGL0J01265g_29-333_1GOT:B:	1	28	0	2	0	36	22	23	0	339
gnl|GLV|CAGL0J01221g_32-231_1PUJ:A:	2	6	3	10	0	26	16	16	0	273
gnl|GLV|CAGL0J01199g_121-196,229-264_2O5A:A:2-114	3	5	1	2	0	10	6	7	0	113
gnl|GLV|CAGL0J01089g_5-194_1KLQ:A:	1	7	1	3	0	16	12	5	0	196
gnl|GLV|CAGL0J01067g_7-313_1DCE:A:1-241,A:351-443	1	0	2	15	0	30	15	12	1	334
gnl|GLV|CAGL0J01023g_3-166_1Z3A:A:13-168	2	5	0	5	0	18	6	15	0	156
gnl|GLV|CAGL0J00869g_1-78_1GO3:E:1-78	1	4	1	1	0	8	2	4	0	78
gnl|GLV|CAGL0J00869g_79-155_1Y14:B:81-171	0	9	1	0	0	12	3	7	0	91
gnl|GLV|CAGL0J00847g_119-375,474-548_1NEK:A:1-235,A:356-450	7	17	3	8	0	41	22	15	1	330
gnl|GLV|CAGL0J00847g_567-710_1NEK:A:451-588	2	4	1	3	0	16	10	4	0	138
gnl|GLV|CAGL0J00847g_352-470_1NEK:A:236-355	2	4	1	5	0	14	7	9	0	120
gnl|GLV|CAGL0J00825g_57-90,133-254_1FKM:A:249-442	2	0	8	8	0	13	13	10	0	194
gnl|GLV|CAGL0J00803g_538-752,795-920_1YRG:A:	3	14	2	12	0	46	15	21	0	343
gnl|GLV|CAGL0J00759g_464-753,781-890_1H6K:A:291-480	1	0	4	8	0	15	11	11	0	190
gnl|GLV|CAGL0J00737g_28-82_1QXF:A:	0	6	0	0	0	12	6	1	0	58
gnl|GLV|CAGL0J00715g_18-42,87-227_1CTQ:A:	0	6	1	6	0	16	8	10	0	166
gnl|GLV|CAGL0J00693g_41-822_1B7T:A:5-28,A:77-835	5	15	8	27	0	58	41	42	1	783
gnl|GLV|CAGL0J00693g_1598-1713_2FXO:D:838-963	0	0	0	2	0	2	0	2	0	128
gnl|GLV|CAGL0J00671g_15-224_1HR6:A:14-233	3	6	5	7	0	22	11	9	0	220
gnl|GLV|CAGL0J00671g_252-426_1HR6:A:234-470	0	6	2	8	0	22	12	12	0	237
gnl|GLV|CAGL0J00649g_214-341_1FWK:A:168-300	1	6	1	6	0	13	8	6	0	133
gnl|GLV|CAGL0J00649g_2-159_1FWK:A:5-167	1	6	0	4	0	14	8	8	0	163
gnl|GLV|CAGL0J00627g_53-121_1C99:A:	0	0	1	2	0	2	1	1	0	79
gnl|GLV|CAGL0J00627g_136-204_1C99:A:	0	0	1	2	0	2	1	1	0	79
gnl|GLV|CAGL0J00583g_567-811_1N1M:A:509-764	1	8	3	8	0	23	16	15	0	256
gnl|GLV|CAGL0J00583g_129-525_1ORV:A:39-508	12	36	3	4	0	53	35	31	0	470
gnl|GLV|CAGL0J00561g_3-290_1S7J:A:	0	18	1	6	0	24	19	10	0	260
gnl|GLV|CAGL0J00539g_13-324_1PME:A:	3	10	7	11	0	38	19	18	0	345
gnl|GLV|CAGL0J00517g_340-518,627-700_1W36:D:361-606	4	4	2	9	0	19	18	13	0	246
gnl|GLV|CAGL0J00517g_207-393_1YE8:A:1-178	0	9	2	5	0	17	7	11	0	178
gnl|GLV|CAGL0J00473g_97-267_1DWU:A:	0	10	3	8	0	22	10	12	0	213
gnl|GLV|CAGL0J00429g_49-148_2OCC:E:	1	0	0	6	0	9	2	7	0	105
gnl|GLV|CAGL0J00385g_4-235_1DIN:A:	2	9	3	6	0	26	12	19	0	233
gnl|GLV|CAGL0J00363g_37-483_1PW4:A:	2	0	1	18	0	21	18	22	0	450
gnl|GLV|CAGL0J00341g_211-457_1HS6:A:209-460	1	7	4	11	0	19	10	13	0	252
gnl|GLV|CAGL0J00341g_6-200_1HS6:A:1-208	2	15	4	0	0	20	10	12	0	208
gnl|GLV|CAGL0J00319g_16-258_2HHM:A:	1	14	1	8	0	23	13	16	0	272
gnl|GLV|CAGL0J00275g_4-170,215-228_2NN6:A:1-184	5	6	0	5	0	23	12	12	0	184
gnl|GLV|CAGL0J00275g_187-292_2NN6:A:185-302	1	5	0	3	0	10	7	3	0	118
gnl|GLV|CAGL0I10989g_212-381_1GZ0:A:78-243	2	7	2	7	0	17	12	8	0	166
gnl|GLV|CAGL0I10989g_98-183_1GZ0:F:10-77	2	6	3	7	0	19	13	7	0	166
gnl|GLV|CAGL0I10923g_100-378_1R30:A:	5	9	1	11	0	35	25	12	0	312
gnl|GLV|CAGL0I10835g_16-181_1MOZ:A:	2	7	3	5	0	14	8	16	0	182
gnl|GLV|CAGL0I10791g_5-314_1OTH:A:185-354	3	5	2	7	0	22	9	13	0	170
gnl|GLV|CAGL0I10769g_60-142_1MNM:A:	0	2	0	3	0	7	4	4	0	85
gnl|GLV|CAGL0I10747g_13-402_1U7G:A:	2	2	6	15	0	21	14	16	0	383
gnl|GLV|CAGL0I10648g_205-251,286-508_1CT9:A:193-516	0	5	6	17	0	28	12	15	0	324
gnl|GLV|CAGL0I10648g_1-196_1CT9:A:1-192	1	12	3	3	0	22	12	14	0	192
gnl|GLV|CAGL0I10626g_705-822_1AUZ:A:	4	4	3	3	0	15	8	8	0	116
gnl|GLV|CAGL0I10626g_943-1045_1NE6:A:109-244	0	8	1	5	0	14	5	6	0	136
gnl|GLV|CAGL0I10472g_61-196_1WIN:A:	0	6	0	5	0	15	6	3	0	142
gnl|GLV|CAGL0I10450g_2-157_1Z2U:A:1-147	3	4	1	4	0	16	8	9	0	147
gnl|GLV|CAGL0I10406g_4-239_1RYP:C:	5	10	2	6	0	23	13	10	0	244
gnl|GLV|CAGL0I10384g_173-612_1PW4:A:	2	0	1	18	0	21	18	22	0	450
gnl|GLV|CAGL0I10362g_120-270_1ACC:A:	15	41	7	10	0	90	43	37	0	734
gnl|GLV|CAGL0I10362g_733-884_1ACC:A:	15	41	7	10	0	90	43	37	0	734
gnl|GLV|CAGL0I10340g_109-141,169-366_1ACC:A:	15	41	7	10	0	90	43	37	0	734
gnl|GLV|CAGL0I10098g_77-239_1ACC:A:	15	41	7	10	0	90	43	37	0	734
gnl|GLV|CAGL0I10054g_341-475,521-686_1AJO:A:	5	16	3	1	0	26	14	11	0	212
gnl|GLV|CAGL0I09988g_24-79_1CHC:A:	0	3	0	1	0	9	8	3	0	68
gnl|GLV|CAGL0I09900g_4-187_1X5U:A:7-99	4	4	0	2	0	14	8	4	0	92
gnl|GLV|CAGL0I09878g_30-60,91-377,418-694_1LCI:A:	7	27	4	15	0	64	28	38	0	541
gnl|GLV|CAGL0I09724g_65-486_1PW4:A:	2	0	1	18	0	21	18	22	0	450
gnl|GLV|CAGL0I09702g_91-510_1PW4:A:	2	0	1	18	0	21	18	22	0	450
gnl|GLV|CAGL0I09636g_420-569_1O0W:A:1-167	2	0	1	10	0	12	5	7	0	167
gnl|GLV|CAGL0I09636g_583-664_1T4L:B:	0	3	0	3	0	8	3	5	0	89
gnl|GLV|CAGL0I09614g_351-625_1Z3I:X:390-735	0	10	6	11	0	41	29	23	0	346
gnl|GLV|CAGL0I09614g_102-349_1Z63:A:432-661	0	7	2	11	0	24	16	18	0	230
gnl|GLV|CAGL0I09614g_881-1007_1OFC:X:851-978	0	0	1	6	0	9	3	8	0	128
gnl|GLV|CAGL0I09614g_703-828_1OFC:X:697-798	0	0	1	4	0	7	1	5	0	102
gnl|GLV|CAGL0I09614g_829-880_1OFC:X:799-850	0	0	1	3	0	5	1	5	0	52
gnl|GLV|CAGL0I09548g_111-177,231-313,359-422_1YE8:A:1-178	0	9	2	5	0	17	7	11	0	178
gnl|GLV|CAGL0I09504g_12-279_1IA8:A:	5	12	5	7	0	36	16	18	0	275
gnl|GLV|CAGL0I09482g_163-287_1S3S:G:	2	5	1	3	0	15	10	7	0	118
gnl|GLV|CAGL0I09438g_207-371_1DUS:A:	0	9	1	5	0	16	12	13	0	194
gnl|GLV|CAGL0I09350g_166-260_1NJQ:A:	0	2	0	1	0	6	3	3	0	37
gnl|GLV|CAGL0I09306g_8-178_1EK0:A:	0	6	2	5	0	16	10	10	0	170
gnl|GLV|CAGL0I09240g_7-226_2EX4:A:2-224	2	9	5	8	0	18	12	9	0	222
gnl|GLV|CAGL0I09218g_46-304_2EFK:A:10-288	0	0	1	6	0	5	3	5	0	279
gnl|GLV|CAGL0I09218g_485-679_1XA6:A:271-466	0	0	1	11	0	17	14	15	0	196
gnl|GLV|CAGL0I09196g_482-609_1LDJ:A:411-686	3	7	3	9	0	24	12	13	0	276
gnl|GLV|CAGL0I09152g_177-280_1TS9:A:	0	6	2	2	0	11	5	6	0	98
gnl|GLV|CAGL0I09130g_342-707_1NEX:B:370-744	1	32	0	0	0	32	16	23	0	355
gnl|GLV|CAGL0I09108g_172-581_1PV7:A:	0	0	2	22	0	18	12	14	0	417
gnl|GLV|CAGL0I09086g_149-542_1PV7:A:	0	0	2	22	0	18	12	14	0	417
gnl|GLV|CAGL0I09064g_8-159_1OHE:A:42-198	3	4	2	4	0	18	12	5	0	157
gnl|GLV|CAGL0I09064g_168-332_1OHE:A:199-380	2	5	1	7	0	19	11	10	0	182
gnl|GLV|CAGL0I09009g_2-41,74-192,231-301_1M65:A:	5	8	5	8	0	27	12	19	0	244
gnl|GLV|CAGL0I08987g_12-458_1AUW:A:	3	6	7	18	0	35	14	20	0	447
gnl|GLV|CAGL0I08965g_376-436_1OOT:A:	3	5	1	0	0	9	4	4	0	58
gnl|GLV|CAGL0I08943g_65-231_1CVJ:A:11-90	0	6	1	2	0	9	4	5	0	80
gnl|GLV|CAGL0I08943g_277-444_2CPF:A:362-446	0	6	0	2	0	10	6	5	0	85
gnl|GLV|CAGL0I08899g_620-868_1H1W:A:	2	9	7	9	0	29	16	16	0	289
gnl|GLV|CAGL0I08789g_112-323,384-393_1V9K:A:	3	12	0	5	0	29	16	13	0	227
gnl|GLV|CAGL0I08745g_582-689_1DQV:A:425-569	1	7	1	1	0	21	14	5	0	145
gnl|GLV|CAGL0I08723g_32-401_2D5B:A:1-348	3	16	3	14	0	29	15	22	0	348
gnl|GLV|CAGL0I08723g_409-557_1RQG:A:397-606	2	0	1	10	0	14	6	10	0	210
gnl|GLV|CAGL0I08635g_44-132_1JFI:A:	2	0	0	3	0	6	1	5	0	66
gnl|GLV|CAGL0I08569g_170-372_2D2S:A:525-753	0	0	2	9	0	10	3	9	0	229
gnl|GLV|CAGL0I08503g_17-211_1SUR:A:	2	6	2	9	0	21	10	13	0	215
gnl|GLV|CAGL0I08481g_17-114_2QAL:N:1-100	2	1	2	3	0	10	6	9	0	100
gnl|GLV|CAGL0I08459g_11-182_1KMQ:A:	0	6	3	6	0	15	10	12	0	177
gnl|GLV|CAGL0I08393g_90-199_1WI8:A:	2	6	1	2	0	13	8	4	0	103
gnl|GLV|CAGL0I08371g_109-145,183-319_1E32:A:201-458	3	5	4	12	0	28	13	14	0	258
gnl|GLV|CAGL0I08327g_81-142,180-302_1S0U:A:34-229	2	7	0	5	0	19	13	10	0	195
gnl|GLV|CAGL0I08327g_300-414_1S0U:A:230-347	0	10	3	0	0	17	8	7	0	118
gnl|GLV|CAGL0I08327g_415-509_1S0U:A:348-437	0	6	0	0	0	8	3	5	0	90
gnl|GLV|CAGL0I08305g_9-174,290-509,539-568_1NDB:A:30-405	5	9	3	11	0	33	24	20	0	376
gnl|GLV|CAGL0I08305g_569-788_1XL7:A:393-610	1	6	1	6	0	16	7	12	0	218
gnl|GLV|CAGL0I08283g_175-282_2AMF:A:153-256	0	0	1	6	0	5	2	5	0	104
gnl|GLV|CAGL0I08283g_5-174_1YQG:A:1-152	0	8	1	5	0	19	9	9	0	152
gnl|GLV|CAGL0I08239g_376-444_1UFM:A:	0	3	0	3	0	8	7	3	0	83
gnl|GLV|CAGL0I08195g_92-119,268-444_1SHZ:A:46-75,A:201-371	2	6	2	6	0	24	15	13	1	201
gnl|GLV|CAGL0I08195g_123-161,191-275_1TAD:A:57-177	0	0	1	7	0	8	4	8	0	121
gnl|GLV|CAGL0I08151g_82-367_1J1L:A:	3	26	3	1	0	39	19	20	0	288
gnl|GLV|CAGL0I08041g_7-117_1B34:A:	0	5	1	2	0	12	1	7	0	80
gnl|GLV|CAGL0I08019g_693-932_1F3O:A:	0	10	2	7	0	22	15	14	0	232
gnl|GLV|CAGL0I08019g_21-272_1Q12:A:4-235	1	11	4	7	0	25	20	16	0	232
gnl|GLV|CAGL0I07975g_32-231_2CXH:A:13-192	2	9	0	4	0	15	9	8	0	180
gnl|GLV|CAGL0I07909g_1627-1944_1NF1:A:	0	0	2	17	0	16	11	26	0	324
gnl|GLV|CAGL0I07843g_14-180_1RJW:A:1-137,A:306-339	5	11	3	3	0	24	12	10	1	171
gnl|GLV|CAGL0I07843g_148-319_1LLU:A:144-309	0	7	1	8	0	14	10	9	0	166
gnl|GLV|CAGL0I07821g_34-120,197-248,290-402_2OVR:B:2365-2706	0	32	2	1	0	36	24	21	0	342
gnl|GLV|CAGL0I07821g_203-240,330-353,426-537_1QFM:A:1-430	1	31	5	2	0	53	25	25	0	430
gnl|GLV|CAGL0I07777g_17-101_1MEK:A:	1	6	0	4	0	13	10	8	0	120
gnl|GLV|CAGL0I07755g_169-219_1CLD:A:	0	0	0	2	0	4	2	1	0	33
gnl|GLV|CAGL0I07733g_298-629_1E3M:A:270-566	3	4	1	15	0	23	13	17	0	297
gnl|GLV|CAGL0I07733g_634-876_1E3M:A:567-800	2	10	1	6	0	25	13	9	0	234
gnl|GLV|CAGL0I07645g_9-229_1SXJ:B:7-230	3	5	4	13	0	18	14	12	0	224
gnl|GLV|CAGL0I07645g_232-319_1SXJ:B:231-322	0	0	0	5	0	7	3	5	0	92
gnl|GLV|CAGL0I07623g_5-644_1QHH:A:,B:,C:,D:	6	16	12	26	0	53	23	34	3	623
gnl|GLV|CAGL0I07601g_110-283_1VL5:A:	2	8	2	9	0	21	9	11	0	231
gnl|GLV|CAGL0I07579g_21-406_1R6T:A:82-467	4	11	6	19	0	34	15	21	0	385
gnl|GLV|CAGL0I07557g_4-210_1TKS:A:	8	7	3	7	0	24	9	11	0	202
gnl|GLV|CAGL0I07535g_6-237_2FGE:A:15-271	3	10	4	10	0	24	18	13	0	257
gnl|GLV|CAGL0I07535g_257-510_2FGE:A:272-539	0	6	3	10	0	23	15	9	0	268
gnl|GLV|CAGL0I07535g_795-1017_1BCC:A:233-445	0	6	1	8	0	19	13	10	0	213
gnl|GLV|CAGL0I07513g_179-513_1H1W:A:	2	9	7	9	0	29	16	16	0	289
gnl|GLV|CAGL0I07469g_8-194_1WFX:A:	4	9	3	6	0	20	10	10	0	180
gnl|GLV|CAGL0I07447g_69-530_1PV7:A:	0	0	2	22	0	18	12	14	0	417
gnl|GLV|CAGL0I07381g_28-231_2NR9:A:4-192	0	0	2	8	0	13	11	7	0	189
gnl|GLV|CAGL0I07359g_43-112_1HLO:A:	0	0	1	4	0	4	2	2	0	80
gnl|GLV|CAGL0I07315g_15-215_2HSZ:A:1-224	1	8	4	8	0	23	14	13	0	224
gnl|GLV|CAGL0I07271g_92-213_1OCS:A:	0	3	0	4	0	15	8	7	0	132
gnl|GLV|CAGL0I07249g_15-133,195-281_1TX4:A:	0	0	4	12	0	17	9	13	0	196
gnl|GLV|CAGL0I07227g_28-368_1WPW:A:	1	12	3	11	0	30	15	18	0	336
gnl|GLV|CAGL0I07205g_4-48_1WIV:A:	0	0	0	3	0	12	10	2	0	72
gnl|GLV|CAGL0I07183g_10-133_1FBQ:A:	2	4	1	4	0	10	4	7	0	89
gnl|GLV|CAGL0I07161g_451-573,657-715,781-833_1YAG:A:147-375	0	9	6	10	0	25	15	15	0	229
gnl|GLV|CAGL0I07161g_222-259,335-447_1YAG:A:4-146	0	10	2	4	0	16	11	9	0	143
gnl|GLV|CAGL0I07139g_143-312_1EUC:A:131-306	2	7	2	5	0	20	12	9	0	176
gnl|GLV|CAGL0I07139g_15-142_1EUC:A:1-130	0	7	1	4	0	14	5	8	0	130
gnl|GLV|CAGL0I07117g_4-216_1IG0:A:3-223	1	8	3	8	0	25	17	12	0	221
gnl|GLV|CAGL0I07117g_219-312_1IG0:A:224-319	5	8	1	2	0	10	7	2	0	96
gnl|GLV|CAGL0I07095g_11-132_1KMD:A:	0	3	0	5	0	14	7	4	0	117
gnl|GLV|CAGL0I07095g_252-322_1GL2:D:	0	0	0	1	0	2	0	0	0	64
gnl|GLV|CAGL0I07073g_5-387_1SQ9:A:	7	28	4	1	0	39	24	22	0	393
gnl|GLV|CAGL0I07051g_132-237_2CCH:B:181-308	0	0	1	6	0	9	3	5	0	128
gnl|GLV|CAGL0I07029g_11-24,79-102,152-479_1I6I:A:	5	18	4	8	0	31	12	24	0	365
gnl|GLV|CAGL0I06985g_1-81_1V9J:A:	0	3	1	4	0	13	10	2	0	112
gnl|GLV|CAGL0I06963g_15-295_2FYW:A:1-265	2	12	4	9	0	26	20	12	0	265
gnl|GLV|CAGL0I06809g_112-252,286-311_1MPG:A:100-282	2	0	1	10	0	23	11	14	0	183
gnl|GLV|CAGL0I06721g_7-87_2FWK:A:24-115	2	8	1	1	0	10	4	4	0	92
gnl|GLV|CAGL0I06688g_56-149_1YTB:A:61-155	0	6	0	2	0	7	5	4	0	95
gnl|GLV|CAGL0I06688g_142-231_1YTB:A:156-240	2	5	0	2	0	9	5	4	0	85
gnl|GLV|CAGL0I06600g_371-438,466-514,602-814_2GFO:A:762-1109	3	20	3	10	0	40	19	15	0	348
gnl|GLV|CAGL0I06578g_5-432_1X0M:A:26-428	2	14	5	14	0	43	21	17	0	403
gnl|GLV|CAGL0I06512g_1917-2119_1XA6:A:271-466	0	0	1	11	0	17	14	15	0	196
gnl|GLV|CAGL0I06512g_381-432,468-746,786-894_1NVU:S:	2	4	4	21	0	35	21	23	0	481
gnl|GLV|CAGL0I06512g_1057-1092,1135-1307,1418-1507,1541-1652_1NVU:S:	2	4	4	21	0	35	21	23	0	481
gnl|GLV|CAGL0I06512g_1846-1903_1WJM:A:	1	8	0	2	0	15	8	5	0	122
gnl|GLV|CAGL0I06424g_1-101,146-200_1G79:A:	0	10	3	5	0	17	9	10	0	199
gnl|GLV|CAGL0I06402g_124-425_1OZ4:A:471-763	2	0	3	7	0	31	24	19	0	292
gnl|GLV|CAGL0I06402g_1-83_2CPT:A:8-111	0	0	0	3	0	7	6	2	0	104
gnl|GLV|CAGL0I06358g_1325-1943_1GW5:B:	0	0	4	32	0	42	43	37	0	579
gnl|GLV|CAGL0I06358g_84-648_1Z3X:A:1-87	0	0	0	5	0	7	4	5	0	87
gnl|GLV|CAGL0I06336g_53-304_2O3B:A:35-274	6	8	7	5	0	29	18	15	0	240
gnl|GLV|CAGL0I06270g_3-93_1EZV:G:	4	1	2	2	0	9	6	2	0	93
gnl|GLV|CAGL0I06138g_176-240_1IYM:A:	0	2	0	1	0	11	6	4	0	54
gnl|GLV|CAGL0I06116g_442-465,514-666_1KIG:H:	10	15	1	3	0	34	19	19	0	241
gnl|GLV|CAGL0I06094g_225-416_1TIP:A:	2	6	3	7	0	22	8	11	0	191
gnl|GLV|CAGL0I06094g_13-223_1BIF:A:37-249	0	6	1	7	0	16	9	11	0	213
gnl|GLV|CAGL0I06028g_4-70_1FQV:A:107-145	0	0	0	3	0	4	4	4	0	39
gnl|GLV|CAGL0I05962g_311-550_1LL2:A:	1	11	7	10	0	24	19	16	0	263
gnl|GLV|CAGL0I05896g_355-604,666-737_1UA2:A:	1	8	3	9	0	30	19	17	0	299
gnl|GLV|CAGL0I05874g_10-217_2FDR:A:3-224	3	6	3	11	0	22	9	15	0	222
gnl|GLV|CAGL0I05852g_31-191_2CCH:B:181-308	0	0	1	6	0	9	3	5	0	128
gnl|GLV|CAGL0I05786g_187-202,270-450,524-598_1QJ4:A:	1	8	4	11	0	28	17	16	0	256
gnl|GLV|CAGL0I05698g_180-564_3PFK:A:	2	11	3	11	0	31	12	19	0	319
gnl|GLV|CAGL0I05698g_519-935_3PFK:A:	2	11	3	11	0	31	12	19	0	319
gnl|GLV|CAGL0I05698g_6-142_1JC4:A:	2	8	1	3	0	17	10	6	0	145
gnl|GLV|CAGL0I05676g_120-632_1FUK:A:	0	7	3	4	0	16	14	7	0	162
gnl|GLV|CAGL0I05654g_15-226_1UJ2:A:	2	7	6	8	0	17	11	10	0	213
gnl|GLV|CAGL0I05654g_264-455_1BD3:A:	2	12	3	7	0	27	10	12	0	224
gnl|GLV|CAGL0I05588g_7-308_1VHN:A:	0	9	3	14	0	31	18	15	0	317
gnl|GLV|CAGL0I05544g_142-376_1SZP:A:145-395	0	11	3	9	0	20	16	11	0	251
gnl|GLV|CAGL0I05544g_63-125_1SZP:A:81-144	0	0	1	4	0	8	7	4	0	64
gnl|GLV|CAGL0I05522g_119-155,362-646_2GFO:A:762-1109	3	20	3	10	0	40	19	15	0	348
gnl|GLV|CAGL0I05500g_73-306_1DKR:A:8-166	1	7	1	4	0	20	10	6	0	159
gnl|GLV|CAGL0I05456g_288-366_1JM7:A:	2	0	1	3	0	11	9	5	0	103
gnl|GLV|CAGL0I05456g_178-207_1CL4:A:	0	0	0	0	0	8	7	2	0	32
gnl|GLV|CAGL0I05434g_56-117_1YTF:D:55-119	0	3	0	0	0	3	1	1	0	65
gnl|GLV|CAGL0I05434g_6-54_1YTF:D:5-54	0	0	1	2	0	2	3	2	0	50
gnl|GLV|CAGL0I05390g_6-49,99-368_2JAV:A:3-271	1	8	3	9	0	24	12	13	0	269
gnl|GLV|CAGL0I05302g_133-159,244-502_1OYZ:A:	0	0	3	17	0	21	10	14	0	276
gnl|GLV|CAGL0I05302g_346-513,541-820,870-887_1Y6I:A:1-82	0	0	0	5	0	8	5	4	0	82
gnl|GLV|CAGL0I05258g_64-169_2FQ3:A:311-395	0	0	1	4	0	12	6	5	0	85
gnl|GLV|CAGL0I05258g_290-337_1X41:A:8-54	0	0	0	3	0	5	2	4	0	47
gnl|GLV|CAGL0I05192g_20-89,128-367_1JWH:A:	6	8	8	12	0	37	16	22	0	336
gnl|GLV|CAGL0I05170g_600-656_1T2K:D:	0	0	0	1	0	1	0	1	0	60
gnl|GLV|CAGL0I05148g_122-314_1E8G:A:6-273	6	11	6	4	0	35	19	17	0	268
gnl|GLV|CAGL0I05148g_321-568_1DIQ:A:243-521	3	8	5	10	0	24	13	14	0	279
gnl|GLV|CAGL0I05126g_45-414_1TDJ:A:5-335	0	10	2	13	0	33	18	16	0	331
gnl|GLV|CAGL0I05126g_477-569_1TDJ:A:424-514	1	4	0	2	0	13	3	4	0	91
gnl|GLV|CAGL0I05104g_31-246,380-452_1EVL:A:242-532	6	15	4	9	0	32	14	16	0	291
gnl|GLV|CAGL0I05104g_435-549_1NYR:A:533-645	0	5	0	5	0	10	5	7	0	113
gnl|GLV|CAGL0I05082g_49-148_1P1T:A:	2	4	0	4	0	11	10	6	0	104
gnl|GLV|CAGL0I05060g_7-57_1GUU:A:	0	0	0	3	0	5	3	2	0	50
gnl|GLV|CAGL0I05038g_3-293_1A6Q:A:2-296	3	15	2	7	0	26	16	16	0	295
gnl|GLV|CAGL0I05016g_24-491_1QDL:A:	4	22	4	9	0	41	30	16	0	422
gnl|GLV|CAGL0I04994g_5-401_1U1J:A:2-395	4	11	5	14	0	51	22	18	0	394
gnl|GLV|CAGL0I04994g_404-763_1U1J:A:396-760	9	10	3	11	0	43	33	23	0	365
gnl|GLV|CAGL0I04950g_289-486,910-974,1101-1172_1XQR:A:87-350	0	0	3	17	0	17	9	12	0	267
gnl|GLV|CAGL0I04906g_7-204_1RYP:J:	1	12	1	4	0	19	10	8	0	204
gnl|GLV|CAGL0I04884g_175-427_1E32:A:201-458	3	5	4	12	0	28	13	14	0	258
gnl|GLV|CAGL0I04862g_859-1085_1MT0:A:	2	10	3	10	0	20	20	20	0	241
gnl|GLV|CAGL0I04862g_175-411_1XMI:A:	0	11	2	11	1	27	20	15	0	290
gnl|GLV|CAGL0I04840g_555-621,725-951_1OMZ:A:	3	13	1	7	0	26	18	19	0	265
gnl|GLV|CAGL0I04818g_236-276,356-608_1XHB:A:95-422	1	12	5	11	0	35	18	17	0	328
gnl|GLV|CAGL0I04796g_111-276_2B7K:A:111-279	0	7	1	4	0	18	6	11	0	169
gnl|GLV|CAGL0I04730g_26-329_1G6Q:1:	7	15	2	8	0	32	15	22	0	328
gnl|GLV|CAGL0I04708g_23-227_1CI0:A:	0	10	1	5	0	21	12	8	0	205
gnl|GLV|CAGL0I04686g_25-296_1E79:G:	0	5	2	5	0	15	14	8	0	272
gnl|GLV|CAGL0I04642g_64-633_1T5H:X:	5	27	4	15	0	56	23	34	0	503
gnl|GLV|CAGL0I04620g_108-166_1K30:A:	2	9	5	14	0	31	12	16	0	367
gnl|GLV|CAGL0I04598g_212-303_1KID:A:	4	9	4	5	0	22	10	5	0	193
gnl|GLV|CAGL0I04576g_1-96_1LDJ:B:	0	6	0	2	0	13	8	4	0	88
gnl|GLV|CAGL0I04554g_118-217_1B4Q:A:	2	4	1	5	0	11	6	8	0	105
gnl|GLV|CAGL0I04532g_177-301,356-384_1LL2:A:	1	11	7	10	0	24	19	16	0	263
gnl|GLV|CAGL0I04488g_1-915_1QBK:B:	0	0	17	47	0	50	54	64	0	888
gnl|GLV|CAGL0I04466g_260-352_1AWJ:A:	4	0	0	0	0	10	7	3	0	77
gnl|GLV|CAGL0I04444g_13-305_2CNQ:A:2-305	4	15	2	7	0	29	17	19	0	304
gnl|GLV|CAGL0I04422g_6-175,211-336_2JAV:A:3-271	1	8	3	9	0	24	12	13	0	269
gnl|GLV|CAGL0I04400g_45-214_1Y14:A:	0	1	1	7	0	11	9	2	0	176
gnl|GLV|CAGL0I04378g_81-417_1S4N:A:	1	12	10	14	0	38	22	21	0	339
gnl|GLV|CAGL0I04334g_81-247_1D2T:A:	0	0	2	13	0	18	11	13	0	224
gnl|GLV|CAGL0I04312g_45-159,278-371,729-939_1SU4:A:1-124,A:240-343,A:751-994	1	1	8	18	0	32	20	22	2	472
gnl|GLV|CAGL0I04312g_375-395,531-782_1SU4:A:344-360,A:600-750	3	8	1	8	0	16	12	11	1	168
gnl|GLV|CAGL0I04312g_387-583_1MO7:A:	2	9	0	5	0	32	19	9	0	213
gnl|GLV|CAGL0I04312g_158-277_1SU4:A:125-239	2	9	3	0	0	21	10	7	0	115
gnl|GLV|CAGL0I04290g_48-261_1JCU:A:	0	10	0	6	0	31	23	6	0	208
gnl|GLV|CAGL0I04246g_165-188_1D66:A:8-48	0	0	0	2	0	4	1	2	0	41
gnl|GLV|CAGL0I04224g_599-903_1Z3I:X:390-735	0	10	6	11	0	41	29	23	0	346
gnl|GLV|CAGL0I04224g_244-280,371-598_1Z3I:X:92-389	0	9	4	12	0	34	20	12	0	298
gnl|GLV|CAGL0I04136g_48-99_1OCR:D:	2	2	4	5	0	13	11	7	0	144
gnl|GLV|CAGL0I04114g_475-558_2AFJ:A:12-224	0	10	2	3	0	26	29	9	0	213
gnl|GLV|CAGL0I04070g_10-242_1K30:A:	2	9	5	14	0	31	12	16	0	367
gnl|GLV|CAGL0I04048g_7-332_1BK4:A:	4	13	5	8	0	33	15	14	0	332
gnl|GLV|CAGL0I03960g_283-440,655-698_1GPP:A:	7	17	4	2	0	25	9	9	0	236
gnl|GLV|CAGL0I03960g_695-883_1SKY:E:83-356	6	11	4	9	0	36	19	17	0	274
gnl|GLV|CAGL0I03960g_893-978_1FX0:B:378-485	0	0	2	3	0	10	7	7	0	108
gnl|GLV|CAGL0I03960g_206-292_1SKY:B:96-371	5	12	3	8	0	33	16	16	0	276
gnl|GLV|CAGL0I03960g_22-94_1SKY:B:21-95	0	6	1	0	0	7	5	6	0	75
gnl|GLV|CAGL0I03960g_570-640_1DFA:A:299-415	1	4	2	3	0	13	8	7	0	117
gnl|GLV|CAGL0I03960g_438-503_1DFA:A:181-298	3	0	0	3	0	9	6	6	0	118
gnl|GLV|CAGL0I03938g_65-353_2NYM:C:2-294	4	13	0	11	0	29	23	16	0	293
gnl|GLV|CAGL0I03916g_14-177_1MR3:F:	2	7	3	6	0	17	7	14	0	177
gnl|GLV|CAGL0I03894g_111-319_1JP3:A:	0	6	3	7	0	23	13	11	0	228
gnl|GLV|CAGL0I03872g_121-318,349-574_1PV7:A:	0	0	2	22	0	18	12	14	0	417
gnl|GLV|CAGL0I03828g_4-1448_1I50:A:	24	46	14	45	0	162	93	81	0	1449
gnl|GLV|CAGL0I03806g_371-496,527-622_1WQW:A:1-188	4	7	1	5	0	17	10	11	0	188
gnl|GLV|CAGL0I03806g_33-154_1KA9:H:	0	13	1	5	0	22	16	13	0	195
gnl|GLV|CAGL0I03740g_208-332_1KS9:A:168-291	0	0	2	6	0	7	1	7	0	124
gnl|GLV|CAGL0I03718g_3-166,197-337,489-513_1VYH:C:92-408	0	28	1	0	0	39	25	14	0	317
gnl|GLV|CAGL0I03718g_414-596_1JJU:B:	6	29	2	0	0	32	15	24	0	337
gnl|GLV|CAGL0I03674g_335-408_1UFM:A:	0	3	0	3	0	8	7	3	0	83
gnl|GLV|CAGL0I03586g_214-544_1EWQ:A:267-541	2	4	1	10	0	20	10	10	0	275
gnl|GLV|CAGL0I03586g_545-799_1E3M:A:567-800	2	10	1	6	0	25	13	9	0	234
gnl|GLV|CAGL0I03564g_188-321_2CCH:B:181-308	0	0	1	6	0	9	3	5	0	128
gnl|GLV|CAGL0I03564g_328-456_1VIN:A:309-432	0	0	4	7	0	10	8	4	0	123
gnl|GLV|CAGL0I03498g_102-396_1S9J:A:	3	8	3	12	0	27	14	14	0	340
gnl|GLV|CAGL0I03410g_112-352_1X9N:A:262-533	2	0	4	13	0	28	14	13	0	272
gnl|GLV|CAGL0I03410g_357-567_1X9N:A:534-753	5	11	2	6	0	25	17	14	0	220
gnl|GLV|CAGL0I03410g_575-719_1X9N:A:754-901	3	10	1	2	0	17	13	7	0	148
gnl|GLV|CAGL0I03366g_8-167_1RKB:A:	2	5	2	7	0	17	8	6	0	172
gnl|GLV|CAGL0I03344g_219-308_2CQ3:A:110-202	0	6	1	2	0	13	6	5	0	90
gnl|GLV|CAGL0I03344g_528-564_1N0Z:A:	4	0	0	0	0	12	8	1	0	44
gnl|GLV|CAGL0I03344g_347-379_1N0Z:A:	4	0	0	0	0	12	8	1	0	44
gnl|GLV|CAGL0I03322g_211-401_1DKG:D:186-383	1	6	1	6	0	13	10	7	0	198
gnl|GLV|CAGL0I03322g_28-207_1DKG:D:3-185	4	12	2	5	0	21	12	11	0	183
gnl|GLV|CAGL0I03322g_403-558_1CKR:A:	1	10	0	2	0	15	14	9	0	159
gnl|GLV|CAGL0I03322g_526-630_1DKZ:A:507-603	0	0	1	5	0	5	2	2	0	97
gnl|GLV|CAGL0I03300g_6-301_1LHP:A:	0	10	3	9	0	29	18	12	0	309
gnl|GLV|CAGL0I03190g_76-212_1EZV:E:87-215	0	10	3	2	0	16	7	10	0	129
gnl|GLV|CAGL0I03190g_29-84_1EZV:E:31-86	1	0	1	1	0	4	3	4	0	56
gnl|GLV|CAGL0I03102g_586-797_1KU1:A:	2	0	3	10	0	20	10	12	0	229
gnl|GLV|CAGL0I03036g_26-174_2GYA:J:4-143	1	2	0	0	0	24	22	4	0	140
gnl|GLV|CAGL0I02992g_4-136_1USU:B:	1	7	1	3	0	11	1	8	0	142
gnl|GLV|CAGL0I02926g_148-470_1M8Z:A:	0	2	4	27	0	17	16	26	0	339
gnl|GLV|CAGL0I02904g_5-211_1EBB:A:	4	6	4	7	0	26	7	13	0	202
gnl|GLV|CAGL0I02882g_8-212_1EX2:A:	0	7	2	6	0	12	9	11	0	185
gnl|GLV|CAGL0I02860g_291-532_1GW5:B:	0	0	4	32	0	42	43	37	0	579
gnl|GLV|CAGL0I02838g_609-649_2CSH:A:8-60	0	4	0	2	0	6	6	3	0	53
gnl|GLV|CAGL0I02816g_6-59_2CT1:A:8-43	0	2	0	1	0	6	4	1	0	36
gnl|GLV|CAGL0I02772g_24-44,110-266_2J3W:B:21-188	0	5	1	6	0	11	10	7	0	168
gnl|GLV|CAGL0I02750g_3-291_2EFK:A:10-288	0	0	1	6	0	5	3	5	0	279
gnl|GLV|CAGL0I02750g_552-618_1UDL:A:	4	5	0	0	0	15	12	3	0	97
gnl|GLV|CAGL0I02750g_486-562_1ZUU:A:2-57	3	5	1	0	0	9	3	3	0	55
gnl|GLV|CAGL0I02706g_1-57_2ZJR:W:1-55	2	2	1	2	0	8	5	4	0	55
gnl|GLV|CAGL0I02684g_79-306,401-431,466-492_1AKO:A:	6	12	3	10	0	27	14	16	0	268
gnl|GLV|CAGL0I02662g_274-562_1JEY:A:254-534	4	14	4	6	0	28	14	13	0	281
gnl|GLV|CAGL0I02662g_37-257_1JEY:A:34-253	3	5	2	6	0	21	12	10	0	220
gnl|GLV|CAGL0I02574g_7-396_1OYB:A:	6	12	6	13	0	45	27	29	0	399
gnl|GLV|CAGL0I02552g_28-70_1CLD:A:	0	0	0	2	0	4	2	1	0	33
gnl|GLV|CAGL0I02530g_2-219_2GVC:A:3-180,A:288-444	5	14	3	8	0	38	25	20	1	335
gnl|GLV|CAGL0I02530g_187-280_1M6I:A:264-400	0	10	0	5	0	13	9	7	0	137
gnl|GLV|CAGL0I02442g_7-245_1RYP:E:	6	10	2	6	0	23	15	14	0	242
gnl|GLV|CAGL0I02332g_368-535_1UDX:A:157-336	0	7	2	6	0	22	13	8	0	180
gnl|GLV|CAGL0I02332g_110-205,306-365_1UDX:A:1-156	6	9	1	0	0	21	9	6	0	156
gnl|GLV|CAGL0I02288g_410-578_1FCH:A:	0	0	2	17	0	24	6	19	0	323
gnl|GLV|CAGL0I02288g_225-266,331-371,406-447_1ELR:A:	0	0	0	7	0	9	1	5	0	128
gnl|GLV|CAGL0I02266g_1836-2087_3E9O:A:1835-2087	1	8	6	7	0	28	17	14	0	252
gnl|GLV|CAGL0I02266g_1071-1326_3E9L:A:1760-2016	0	9	7	7	0	28	14	13	0	257
gnl|GLV|CAGL0I02222g_1036-1265,1294-1444_1D9X:A:2-414	5	14	4	13	0	50	29	20	0	413
gnl|GLV|CAGL0I02200g_4-242_1PBT:A:	4	10	3	7	0	24	17	12	0	220
gnl|GLV|CAGL0I02156g_143-259_1HX8:A:167-299	0	0	2	4	0	8	3	5	0	133
gnl|GLV|CAGL0I02156g_4-126_1HF8:A:19-149	0	0	0	6	0	11	8	6	0	131
gnl|GLV|CAGL0I02090g_213-474_2FLU:X:325-609	14	28	0	0	0	37	15	14	0	285
gnl|GLV|CAGL0I02046g_20-336_1PYF:A:	6	11	6	11	0	33	19	21	0	311
gnl|GLV|CAGL0I02024g_7-395_1OYB:A:	6	12	6	13	0	45	27	29	0	399
gnl|GLV|CAGL0I02002g_238-294_1GYF:A:	2	4	1	1	0	9	7	2	0	62
gnl|GLV|CAGL0I01980g_32-185,213-309,369-398_2ELB:A:6-273	0	0	3	6	0	7	3	6	0	268
gnl|GLV|CAGL0I01980g_372-484_1WGQ:A:	0	7	0	1	0	13	13	4	0	108
gnl|GLV|CAGL0I01958g_340-458_1L7B:A:	1	4	0	3	0	14	10	4	0	92
gnl|GLV|CAGL0I01958g_116-222_1L0B:A:1591-1702	2	6	1	4	0	15	7	6	0	112
gnl|GLV|CAGL0I01958g_247-353_1CDZ:A:	1	4	1	3	0	15	6	8	0	96
gnl|GLV|CAGL0I01958g_70-127_1IN1:A:	2	2	1	2	0	13	6	11	0	87
gnl|GLV|CAGL0I01826g_27-175_1C06:A:	0	5	1	7	0	16	11	9	0	159
gnl|GLV|CAGL0I01804g_122-214_1RL6:A:82-170	0	7	0	1	0	7	4	7	0	89
gnl|GLV|CAGL0I01804g_19-119_2QAM:G:1-81	1	4	1	1	0	11	5	3	0	81
gnl|GLV|CAGL0I01782g_17-264,339-665,732-995_1W9C:A:	0	0	4	15	0	20	13	12	0	321
gnl|GLV|CAGL0I01694g_568-829_1Z3I:X:390-735	0	10	6	11	0	41	29	23	0	346
gnl|GLV|CAGL0I01694g_269-395,440-566_1Z63:A:432-661	0	7	2	11	0	24	16	18	0	230
gnl|GLV|CAGL0I01672g_476-852_1C4Z:A:	4	10	4	13	0	35	26	18	0	350
gnl|GLV|CAGL0I01628g_63-113,154-420,447-578_1KPL:A:	5	0	5	18	0	23	12	15	0	430
gnl|GLV|CAGL0I01628g_581-736_2J9L:A:578-746	4	10	1	5	0	17	12	8	0	169
gnl|GLV|CAGL0I01562g_84-151_1C99:A:	0	0	1	2	0	2	1	1	0	79
gnl|GLV|CAGL0I01496g_209-399_1DKG:D:186-383	1	6	1	6	0	13	10	7	0	198
gnl|GLV|CAGL0I01496g_26-205_1DKG:D:3-185	4	12	2	5	0	21	12	11	0	183
gnl|GLV|CAGL0I01496g_401-556_1CKR:A:	1	10	0	2	0	15	14	9	0	159
gnl|GLV|CAGL0I01496g_524-628_1DKZ:A:507-603	0	0	1	5	0	5	2	2	0	97
gnl|GLV|CAGL0I01386g_111-431_1U0T:A:	0	20	3	5	0	30	14	14	0	302
gnl|GLV|CAGL0I01342g_15-343_1JG8:A:	3	14	3	14	0	34	17	22	0	343
gnl|GLV|CAGL0I01320g_36-292,439-497_1D4C:A:103-359,A:506-570	4	15	3	10	0	39	17	21	1	322
gnl|GLV|CAGL0I01320g_281-439_1QO8:A:360-505	1	6	1	6	0	16	11	8	0	146
gnl|GLV|CAGL0I01298g_9-99,245-473_1Y7E:A:4-100,A:234-458	6	15	2	8	0	35	14	14	1	322
gnl|GLV|CAGL0I01298g_100-245_1Y7E:A:101-233	2	6	1	1	0	13	6	5	0	133
gnl|GLV|CAGL0I01276g_55-373_1IBJ:A:	3	12	2	12	0	48	29	25	0	380
gnl|GLV|CAGL0I01188g_7-269_1SVI:A:	2	7	3	5	0	16	8	11	0	195
gnl|GLV|CAGL0I01122g_1-317_1JEZ:A:	5	10	3	11	0	39	15	19	0	319
gnl|GLV|CAGL0I01100g_10-298_1AH4:A:	10	10	7	10	0	47	22	21	0	315
gnl|GLV|CAGL0I01078g_2-126_1YPR:A:	0	7	0	4	0	11	7	8	0	125
gnl|GLV|CAGL0I01034g_469-739_1HO8:A:	0	0	3	27	0	26	24	17	0	477
gnl|GLV|CAGL0I01012g_15-245_1DN1:B:	0	0	1	7	0	11	6	8	0	222
gnl|GLV|CAGL0I00990g_69-189_1UMK:A:30-153	4	7	0	1	0	16	7	9	0	124
gnl|GLV|CAGL0I00990g_208-339_2BMW:A:142-303	2	5	2	7	0	16	5	12	0	162
gnl|GLV|CAGL0I00946g_39-235_1JWH:C:	12	0	4	7	0	25	19	17	0	200
gnl|GLV|CAGL0I00924g_11-273_1QH5:A:	1	14	0	9	0	24	13	19	0	260
gnl|GLV|CAGL0I00902g_475-534_4GAT:A:	0	2	1	1	0	11	6	3	0	66
gnl|GLV|CAGL0I00880g_312-465_2AZ4:A:56-238	3	8	3	5	0	24	16	13	0	183
gnl|GLV|CAGL0I00858g_13-195_1FZQ:A:	0	7	4	6	0	19	9	13	0	176
gnl|GLV|CAGL0I00748g_82-297_1XHC:A:1-103,A:226-289	4	11	2	5	0	18	13	9	1	165
gnl|GLV|CAGL0I00748g_239-418_1XHC:A:1-103,A:226-289	4	11	2	5	0	18	13	9	1	165
gnl|GLV|CAGL0I00682g_22-156_1B12:A:	5	17	5	1	0	32	10	16	0	247
gnl|GLV|CAGL0I00660g_54-261_1N0U:A:3-343	9	9	5	14	0	30	13	15	0	341
gnl|GLV|CAGL0I00660g_227-339_2BV3:A:283-403	1	12	0	0	0	15	9	9	0	121
gnl|GLV|CAGL0I00660g_460-556_2BV3:A:600-688	0	4	2	3	0	5	0	4	0	89
gnl|GLV|CAGL0I00660g_349-428_1WDT:A:378-454	0	4	0	2	0	6	3	3	0	77
gnl|GLV|CAGL0I00638g_1-81,115-254_2BKA:A:5-236	0	9	4	8	0	20	12	13	0	232
gnl|GLV|CAGL0I00616g_54-188_1ELW:A:	0	0	0	7	0	11	0	7	0	117
gnl|GLV|CAGL0I00528g_1-41_2VRD:A:1-61	0	2	0	3	0	7	6	4	0	61
gnl|GLV|CAGL0I00506g_89-621_2NQO:A:29-375,B:380-565	13	17	5	19	0	63	26	35	1	533
gnl|GLV|CAGL0I00484g_50-442_1H4P:A:	4	8	7	13	0	48	31	34	0	408
gnl|GLV|CAGL0I00418g_381-469_1AWP:A:	1	5	1	4	0	11	4	8	0	86
gnl|GLV|CAGL0I00286g_43-514_1PV7:A:	0	0	2	22	0	18	12	14	0	417
gnl|GLV|CAGL0I00264g_4-160_1GP1:A:	4	7	5	4	0	26	16	13	0	185
gnl|GLV|CAGL0I00242g_6-163_1GP1:A:	4	7	5	4	0	26	16	13	0	185
gnl|GLV|CAGL0H10604g_138-252_1X5S:A:8-97	0	4	0	2	0	11	8	3	0	89
gnl|GLV|CAGL0H10604g_49-135_2CQI:A:1-90	0	5	0	2	0	9	5	4	0	90
gnl|GLV|CAGL0H10604g_251-384_1X4G:A:8-103	0	6	0	3	0	12	8	3	0	96
gnl|GLV|CAGL0H10582g_92-131,174-253,311-381,441-494,525-566,646-744_2GFO:A:762-1109	3	20	3	10	0	40	19	15	0	348
gnl|GLV|CAGL0H10516g_4-65_1QCF:A:80-145	3	5	2	0	0	9	2	5	0	65
gnl|GLV|CAGL0H10516g_443-590_1E2T:A:	3	13	1	8	0	31	17	16	0	274
gnl|GLV|CAGL0H10450g_45-265_1YB1:A:	0	7	1	10	0	18	5	15	0	244
gnl|GLV|CAGL0H10406g_1265-1419_1V2X:A:	4	7	4	6	1	16	17	10	0	191
gnl|GLV|CAGL0H10384g_3-160,193-209_2NN6:E:5-191	0	7	0	3	0	21	15	8	0	187
gnl|GLV|CAGL0H10384g_184-263_2BA0:G:179-257	2	4	1	1	0	10	4	4	0	79
gnl|GLV|CAGL0H10340g_173-376_4LIP:D:	4	11	2	11	0	29	17	24	0	319
gnl|GLV|CAGL0H10318g_5-296_1UA2:A:	1	8	3	9	0	30	19	17	0	299
gnl|GLV|CAGL0H10296g_219-346_1OUV:A:	0	0	0	15	0	18	7	15	0	272
gnl|GLV|CAGL0H10296g_106-253_1KLX:A:	0	0	0	8	0	11	4	8	0	133
gnl|GLV|CAGL0H10274g_94-156_1IYM:A:	0	2	0	1	0	11	6	4	0	54
gnl|GLV|CAGL0H10252g_20-211_1EJ0:A:	0	7	0	5	0	17	8	9	0	180
gnl|GLV|CAGL0H10208g_22-320_2JAV:A:3-271	1	8	3	9	0	24	12	13	0	269
gnl|GLV|CAGL0H10186g_330-623,676-777_2GFO:A:762-1109	3	20	3	10	0	40	19	15	0	348
gnl|GLV|CAGL0H10186g_178-269_2G45:A:173-285	5	6	0	2	0	17	5	9	0	117
gnl|GLV|CAGL0H10186g_643-692_1WIV:A:	0	0	0	3	0	12	10	2	0	72
gnl|GLV|CAGL0H10142g_16-366_1HFB:A:	7	11	3	10	0	34	18	19	0	347
gnl|GLV|CAGL0H10120g_38-393_1EQC:A:	4	8	10	10	0	47	30	30	0	394
gnl|GLV|CAGL0H10098g_190-628_1KT1:A:254-421	0	0	1	7	0	12	3	7	0	168
gnl|GLV|CAGL0H10098g_508-580,657-829_1FCH:A:	0	0	2	17	0	24	6	19	0	323
gnl|GLV|CAGL0H10076g_27-269_1UAZ:A:	0	2	0	8	0	11	8	12	0	236
gnl|GLV|CAGL0H10054g_17-330_2GHS:A:20-314	5	25	1	1	0	33	15	22	0	295
gnl|GLV|CAGL0H10032g_1-198_2A5L:A:3-198	7	6	0	6	0	19	6	8	0	196
gnl|GLV|CAGL0H09988g_354-426_1A5J:A:1-55	0	0	0	3	0	9	8	2	0	55
gnl|GLV|CAGL0H09988g_499-542_1GUU:A:	0	0	0	3	0	5	3	2	0	50
gnl|GLV|CAGL0H09944g_125-283_1QOR:A:113-291	2	6	1	8	0	15	10	12	0	179
gnl|GLV|CAGL0H09944g_3-121,301-328_1QOR:A:2-112,A:292-327	4	9	4	2	0	19	11	6	1	147
gnl|GLV|CAGL0H09724g_167-348_1PUJ:A:	2	6	3	10	0	26	16	16	0	273
gnl|GLV|CAGL0H09702g_4-138_1WHH:A:	0	7	1	0	0	16	12	5	0	101
gnl|GLV|CAGL0H09702g_124-353_1H6U:A:36-262	1	11	8	3	0	40	14	19	0	227
gnl|GLV|CAGL0H09702g_408-493_1WJN:A:	2	5	1	1	0	14	9	6	0	96
gnl|GLV|CAGL0H09636g_12-189_1J3L:A:	7	13	0	4	0	22	17	9	0	164
gnl|GLV|CAGL0H09548g_2-192_1RYP:K:	1	12	0	4	0	17	8	9	0	198
gnl|GLV|CAGL0H09526g_465-994_1D0Y:A:2-33,A:80-759	6	17	8	27	0	69	40	35	1	712
gnl|GLV|CAGL0H09526g_174-253_1SRO:A:	1	4	0	1	0	12	5	5	0	76
gnl|GLV|CAGL0H09504g_13-228,261-371_2IVD:A:10-306,A:415-464	5	15	3	15	0	32	15	21	1	347
gnl|GLV|CAGL0H09504g_357-485_2IVD:A:307-414	3	5	3	2	0	16	8	3	0	108
gnl|GLV|CAGL0H09460g_37-403,450-636,661-734_1LCI:A:	7	27	4	15	0	64	28	38	0	541
gnl|GLV|CAGL0H09438g_4-120_1PA7:A:	0	0	2	5	0	10	6	7	0	130
gnl|GLV|CAGL0H09438g_204-275_1TXQ:B:192-255	0	0	0	2	0	4	2	2	0	64
gnl|GLV|CAGL0H09416g_539-732_2CE7:A:411-603	1	2	1	7	0	10	7	6	0	193
gnl|GLV|CAGL0H09416g_273-529_1LV7:A:	2	6	3	10	0	31	17	18	0	256
gnl|GLV|CAGL0H09372g_2-339_1N3L:A:	2	8	6	14	0	28	15	19	0	339
gnl|GLV|CAGL0H09350g_1301-1343_1LDJ:B:	0	6	0	2	0	13	8	4	0	88
gnl|GLV|CAGL0H09328g_3-55_1EZV:I:	0	0	0	3	0	3	2	4	0	55
gnl|GLV|CAGL0H09262g_234-365,424-514_1JYK:A:	2	15	5	6	0	27	12	16	0	253
gnl|GLV|CAGL0H09240g_243-373,432-483_1LL2:A:	1	11	7	10	0	24	19	16	0	263
gnl|GLV|CAGL0H09218g_51-272_1ZRN:A:	1	8	4	9	0	18	11	14	0	220
gnl|GLV|CAGL0H09174g_675-906_1OZ4:A:471-763	2	0	3	7	0	31	24	19	0	292
gnl|GLV|CAGL0H09174g_93-170_1WLF:A:100-179	0	7	0	2	0	11	7	2	0	80
gnl|GLV|CAGL0H09174g_403-635_1KSF:X:437-755	2	10	4	12	0	25	21	18	0	319
gnl|GLV|CAGL0H09174g_7-83_1WLF:A:13-99	0	7	0	2	0	14	4	4	0	87
gnl|GLV|CAGL0H09086g_140-225_2CPD:A:223-308	0	5	0	2	0	8	7	4	0	86
gnl|GLV|CAGL0H09064g_6-214_1BD3:A:	2	12	3	7	0	27	10	12	0	224
gnl|GLV|CAGL0H09042g_152-373_1YAG:A:147-375	0	9	6	10	0	25	15	15	0	229
gnl|GLV|CAGL0H09042g_11-158_1YAG:A:4-146	0	10	2	4	0	16	11	9	0	143
gnl|GLV|CAGL0H08954g_47-271_1EJ0:A:	0	7	0	5	0	17	8	9	0	180
gnl|GLV|CAGL0H08932g_3-294_1VYH:C:92-408	0	28	1	0	0	39	25	14	0	317
gnl|GLV|CAGL0H08932g_196-487_1NIR:A:118-543	3	35	4	4	0	50	28	28	0	426
gnl|GLV|CAGL0H08822g_169-274,304-399_2QFI:A:5-208	2	0	7	7	0	14	20	21	0	204
gnl|GLV|CAGL0H08778g_579-909_1M8Z:A:	0	2	4	27	0	17	16	26	0	339
gnl|GLV|CAGL0H08778g_380-446_1FXL:A:119-203	0	4	2	2	0	11	4	5	0	85
gnl|GLV|CAGL0H08712g_200-319_1KQ6:A:	0	4	1	5	0	16	9	5	0	140
gnl|GLV|CAGL0H08712g_82-136_1OV3:A:150-214	3	5	1	0	0	9	4	3	0	59
gnl|GLV|CAGL0H08602g_95-189,249-371_1PYS:A:	5	10	3	7	0	28	12	12	0	266
gnl|GLV|CAGL0H08602g_377-479_1PYS:B:682-785	0	4	0	2	0	10	5	4	0	104
gnl|GLV|CAGL0H08547g_1-169_1WWZ:A:1-157	0	7	2	5	0	9	3	8	0	157
gnl|GLV|CAGL0H08525g_24-95_2BSK:B:13-77	0	0	0	2	0	5	1	3	0	65
gnl|GLV|CAGL0H08503g_1-61,98-310_1L5X:A:	8	11	1	8	0	39	23	12	0	279
gnl|GLV|CAGL0H08503g_446-559,605-678_1EYZ:A:113-318	3	10	2	6	0	15	11	6	0	206
gnl|GLV|CAGL0H08459g_64-190_1NJK:A:	2	6	1	3	0	10	4	7	0	155
gnl|GLV|CAGL0H08437g_32-293_1PHK:A:	4	9	5	8	0	32	15	17	0	277
gnl|GLV|CAGL0H08437g_236-315,400-530,558-730_1B3U:A:	0	0	8	44	0	40	26	36	0	588
gnl|GLV|CAGL0H08437g_1051-1283_2OVR:B:2365-2706	0	32	2	1	0	36	24	21	0	342
gnl|GLV|CAGL0H08415g_47-100_1QYP:A:	0	4	0	0	0	8	5	1	0	56
gnl|GLV|CAGL0H08371g_3-358_1URO:A:	1	9	5	16	0	33	22	19	0	357
gnl|GLV|CAGL0H08305g_9-61,99-120,174-313_1XQ9:A:	4	6	6	9	0	29	13	17	0	257
gnl|GLV|CAGL0H08283g_10-104_1P3H:A:	2	9	1	0	0	16	5	5	0	99
gnl|GLV|CAGL0H08239g_24-338_1J8F:A:	4	9	5	12	0	33	20	18	0	323
gnl|GLV|CAGL0H08217g_9-303_1U4C:A:	4	27	2	2	0	38	21	15	0	340
gnl|GLV|CAGL0H08195g_254-378_1ELR:A:	0	0	0	7	0	9	1	5	0	128
gnl|GLV|CAGL0H08195g_3-117_1ELW:A:	0	0	0	7	0	11	0	7	0	117
gnl|GLV|CAGL0H08195g_388-491_1A17:A:	0	0	0	7	0	11	3	7	0	159
gnl|GLV|CAGL0H08107g_228-323_1AM9:A:	0	0	0	2	0	4	1	1	0	80
gnl|GLV|CAGL0H08085g_3-227_1A77:A:2-208	4	7	3	6	0	25	18	11	0	207
gnl|GLV|CAGL0H08085g_212-304_1UL1:X:218-357	1	1	1	7	0	13	9	4	0	140
gnl|GLV|CAGL0H08063g_21-268_1YXM:A:7-303	4	7	7	9	0	27	14	20	0	297
gnl|GLV|CAGL0H08019g_95-282_1TQI:A:91-282	0	10	1	4	0	15	9	8	0	192
gnl|GLV|CAGL0H08019g_7-89_1TQI:A:1-90	0	3	0	5	0	7	4	5	0	90
gnl|GLV|CAGL0H07975g_16-103_1S29:A:	0	3	0	6	0	9	8	9	0	91
gnl|GLV|CAGL0H07975g_152-194_1S79:A:	0	4	1	3	0	13	8	5	0	102
gnl|GLV|CAGL0H07931g_158-239_2DIR:A:8-92	0	4	0	2	0	9	5	3	0	85
gnl|GLV|CAGL0H07887g_108-327_1GSO:A:104-327	3	9	1	7	0	21	8	11	0	224
gnl|GLV|CAGL0H07887g_612-777_1CLI:A:171-345	2	6	3	7	0	19	8	10	0	175
gnl|GLV|CAGL0H07887g_440-605_1CLI:A:5-170	0	6	2	5	0	15	7	12	0	166
gnl|GLV|CAGL0H07887g_2-107_1GSO:A:2-103	3	6	0	2	0	11	7	5	0	99
gnl|GLV|CAGL0H07887g_336-430_1VKZ:A:314-399	4	5	0	1	0	11	6	4	0	86
gnl|GLV|CAGL0H07865g_36-96,127-295_1OJT:A:117-275,A:401-470	1	8	4	5	0	15	9	12	1	229
gnl|GLV|CAGL0H07821g_1-957_1WA5:C:	8	0	17	50	0	66	46	42	0	959
gnl|GLV|CAGL0H07799g_46-233_1GQP:A:	1	12	4	2	0	17	11	8	0	195
gnl|GLV|CAGL0H07777g_6-853,886-1019_1WA5:C:	8	0	17	50	0	66	46	42	0	959
gnl|GLV|CAGL0H07755g_12-145_1S70:B:	2	1	1	15	0	32	11	25	0	291
gnl|GLV|CAGL0H07711g_248-377_2BZE:A:345-476	2	5	1	5	0	11	6	4	0	132
gnl|GLV|CAGL0H07667g_115-331_1P9E:A:	5	15	2	9	0	33	16	22	0	294
gnl|GLV|CAGL0H07601g_139-297,328-487_2P6R:A:1-202	1	7	2	7	0	20	9	10	0	202
gnl|GLV|CAGL0H07601g_637-824_2Q0Z:X:33-208	1	0	2	9	0	14	8	11	0	176
gnl|GLV|CAGL0H07579g_226-484_1IG8:A:225-486	1	5	5	10	0	20	16	19	0	262
gnl|GLV|CAGL0H07579g_19-223_1IG8:A:18-224	2	8	1	5	0	24	11	10	0	207
gnl|GLV|CAGL0H07557g_81-135_2EPS:A:408-446	0	2	0	1	0	5	5	1	0	39
gnl|GLV|CAGL0H07557g_57-90_2EPS:A:408-446	0	2	0	1	0	5	5	1	0	39
gnl|GLV|CAGL0H07535g_6-297_1GZ8:A:	3	8	3	10	0	29	17	22	0	298
gnl|GLV|CAGL0H07425g_79-197_1A17:A:	0	0	0	7	0	11	3	7	0	159
gnl|GLV|CAGL0H07403g_128-462_1S4N:A:	1	12	10	14	0	38	22	21	0	339
gnl|GLV|CAGL0H07359g_31-416,445-518_1EW2:A:	13	15	8	14	0	62	37	34	0	479
gnl|GLV|CAGL0H07315g_13-90_1HYI:A:	0	4	0	1	0	11	5	3	0	65
gnl|GLV|CAGL0H07315g_207-260_1CHC:A:	0	3	0	1	0	9	8	3	0	68
gnl|GLV|CAGL0H07227g_188-400_1VLM:A:	2	8	2	8	0	22	11	13	0	218
gnl|GLV|CAGL0H07205g_200-242,283-365_2NN6:H:168-293	2	3	1	4	0	11	6	8	0	126
gnl|GLV|CAGL0H07205g_106-198_2NN6:H:73-167	1	7	0	1	0	11	7	3	0	95
gnl|GLV|CAGL0H07205g_57-107_2NN6:H:25-72	3	4	0	0	0	8	3	4	0	48
gnl|GLV|CAGL0H07183g_162-343,392-492_2FRN:A:19-278	0	13	3	6	0	25	10	16	0	260
gnl|GLV|CAGL0H07161g_218-334_2A35:A:4-215	2	9	2	8	0	20	13	11	0	210
gnl|GLV|CAGL0H07095g_476-657_1N4C:A:	0	0	4	5	0	19	16	8	0	181
gnl|GLV|CAGL0H07095g_130-174_1PGY:A:	0	0	0	3	0	4	4	0	0	47
gnl|GLV|CAGL0H07095g_364-503_1A17:A:	0	0	0	7	0	11	3	7	0	159
gnl|GLV|CAGL0H07051g_44-372_1HFK:A:	5	14	3	9	0	38	17	21	0	324
gnl|GLV|CAGL0H07029g_154-344_1KN3:A:	2	10	3	2	0	25	16	16	0	180
gnl|GLV|CAGL0H07007g_1-249_1RYP:B:	7	11	2	7	0	24	19	14	0	250
gnl|GLV|CAGL0H06963g_221-480_1CT9:A:193-516	0	5	6	17	0	28	12	15	0	324
gnl|GLV|CAGL0H06963g_35-163_1CT9:A:1-192	1	12	3	3	0	22	12	14	0	192
gnl|GLV|CAGL0H06941g_62-325_1TXU:A:	0	0	4	11	0	13	8	14	0	254
gnl|GLV|CAGL0H06941g_403-447_1MN3:A:	0	0	0	3	0	6	4	1	0	54
gnl|GLV|CAGL0H06919g_47-428_1RP4:A:	4	5	6	13	0	26	21	22	0	388
gnl|GLV|CAGL0H06897g_11-54_1BH9:A:	0	0	0	2	0	4	2	1	0	45
gnl|GLV|CAGL0H06875g_7-50_2HAP:C:55-97	0	0	1	2	0	6	3	2	0	43
gnl|GLV|CAGL0H06853g_9-185_1Q1N:A:1-152,A:321-360	3	12	3	4	0	28	9	12	1	192
gnl|GLV|CAGL0H06853g_154-320_1Q1N:A:153-320	0	6	5	5	0	19	11	12	0	168
gnl|GLV|CAGL0H06831g_16-203_1YWQ:A:2-200	1	5	3	9	0	16	6	9	0	199
gnl|GLV|CAGL0H06787g_25-284_1AFW:A:25-293	6	8	5	10	0	29	16	16	0	269
gnl|GLV|CAGL0H06787g_287-407_1AFW:A:294-417	3	4	3	4	0	12	4	7	0	124
gnl|GLV|CAGL0H06765g_766-771,825-1219_1UX5:A:	6	0	6	19	0	32	18	22	0	411
gnl|GLV|CAGL0H06765g_8-47,84-335_2BNX:A:133-475	0	0	1	17	0	20	13	25	0	343
gnl|GLV|CAGL0H06721g_646-756,797-873,952-1081_2HD5:A:211-521	4	18	4	9	0	37	12	12	0	336
gnl|GLV|CAGL0H06721g_376-521_1E0C:A:1-135	2	5	2	5	0	18	7	11	0	135
gnl|GLV|CAGL0H06699g_62-183,214-299_1JNR:A:2-256,A:402-502	11	13	5	8	0	44	23	15	1	356
gnl|GLV|CAGL0H06699g_337-431_1NG4:A:219-306	0	6	1	1	0	9	5	4	0	88
gnl|GLV|CAGL0H06611g_269-620,696-865_1YA0:A:1-497	3	2	6	21	0	32	18	18	0	497
gnl|GLV|CAGL0H06589g_221-324_1FGU:A:181-298	0	8	2	1	0	18	6	5	0	118
gnl|GLV|CAGL0H06567g_1020-1148_1OXB:B:	0	5	0	5	0	13	11	4	0	124
gnl|GLV|CAGL0H06567g_803-881_1R62:A:	0	7	1	3	0	11	0	7	0	156
gnl|GLV|CAGL0H06567g_516-590_2C2A:A:232-320	0	0	1	3	0	3	0	4	0	89
gnl|GLV|CAGL0H06567g_584-678_1R62:A:	0	7	1	3	0	11	0	7	0	156
gnl|GLV|CAGL0H06523g_1-304_1IHO:A:	2	10	3	11	0	28	15	16	0	282
gnl|GLV|CAGL0H06501g_3-159,199-276,373-727_1U6G:C:	0	2	14	60	0	74	56	65	0	1207
gnl|GLV|CAGL0H06479g_179-231_1TF3:A:71-101	0	2	0	1	0	4	2	1	0	31
gnl|GLV|CAGL0H06457g_287-526_1Q2L:A:264-503	0	7	4	8	0	22	11	9	0	240
gnl|GLV|CAGL0H06457g_51-283_1Q2L:A:24-263	4	7	5	8	0	26	17	13	0	240
gnl|GLV|CAGL0H06457g_764-992_1Q2L:A:733-960	0	8	0	9	0	23	12	11	0	228
gnl|GLV|CAGL0H06457g_527-752_1Q2L:A:504-732	0	6	2	7	0	16	13	7	0	229
gnl|GLV|CAGL0H06369g_30-388_1N8P:A:	5	12	2	13	0	43	33	20	0	393
gnl|GLV|CAGL0H06325g_177-247_1GL2:D:	0	0	0	1	0	2	0	0	0	64
gnl|GLV|CAGL0H06303g_166-345_1ORN:A:	0	0	4	12	0	19	14	11	0	225
gnl|GLV|CAGL0H06281g_5-599_1B3U:A:	0	0	8	44	0	40	26	36	0	588
gnl|GLV|CAGL0H06259g_1068-1334_1XWS:A:	3	12	5	9	0	31	19	10	0	273
gnl|GLV|CAGL0H06259g_499-584_1LL8:A:	0	6	1	2	0	15	8	9	0	113
gnl|GLV|CAGL0H06193g_803-898,941-1109_1Z3I:X:390-735	0	10	6	11	0	41	29	23	0	346
gnl|GLV|CAGL0H06193g_556-801_1Z63:A:432-661	0	7	2	11	0	24	16	18	0	230
gnl|GLV|CAGL0H06171g_8-347_1A12:A:	5	30	5	1	0	58	38	27	0	401
gnl|GLV|CAGL0H06105g_6-239_1RYP:G:	3	10	1	6	0	18	11	18	0	244
gnl|GLV|CAGL0H06039g_128-574_1PV7:A:	0	0	2	22	0	18	12	14	0	417
gnl|GLV|CAGL0H06017g_98-542_1PW4:A:	2	0	1	18	0	21	18	22	0	450
gnl|GLV|CAGL0H05995g_36-241_2R8B:A:44-246	2	9	2	5	0	21	16	11	0	203
gnl|GLV|CAGL0H05929g_234-312_1WH2:A:	0	4	0	2	0	12	9	4	0	77
gnl|GLV|CAGL0H05907g_149-361,461-491,519-626_1G51:A:105-294,A:415-580	10	13	3	12	0	35	23	20	1	356
gnl|GLV|CAGL0H05907g_38-128_1G51:A:1-104	1	5	2	1	0	11	4	7	0	104
gnl|GLV|CAGL0H05885g_188-443_1ZKP:A:1-244	6	14	2	7	0	29	13	18	0	244
gnl|GLV|CAGL0H05775g_23-363_1JIL:A:	7	5	5	15	0	31	10	14	0	323
gnl|GLV|CAGL0H05775g_370-460_1JH3:A:	0	5	0	3	0	10	11	8	0	99
gnl|GLV|CAGL0H05621g_2-77_1EGW:A:	0	2	0	2	0	8	4	2	0	71
gnl|GLV|CAGL0H05533g_1550-1844_1Z3I:X:390-735	0	10	6	11	0	41	29	23	0	346
gnl|GLV|CAGL0H05533g_1273-1548_1Z63:A:432-661	0	7	2	11	0	24	16	18	0	230
gnl|GLV|CAGL0H05533g_335-693,949-1044,1083-1355_1E8Y:A:525-725	0	0	2	12	0	15	8	11	0	201
gnl|GLV|CAGL0H05533g_19-73,324-366_1B3U:A:	0	0	8	44	0	40	26	36	0	588
gnl|GLV|CAGL0H05511g_10-164_1C06:A:	0	5	1	7	0	16	11	9	0	159
gnl|GLV|CAGL0H05357g_482-764_1OZ4:A:471-763	2	0	3	7	0	31	24	19	0	292
gnl|GLV|CAGL0H05335g_70-259,320-410,444-481_2GFO:A:762-1109	3	20	3	10	0	40	19	15	0	348
gnl|GLV|CAGL0H05291g_58-121,201-223,266-427_1TXU:A:	0	0	4	11	0	13	8	14	0	254
gnl|GLV|CAGL0H05269g_10-297_2Q80:A:6-296	0	2	0	15	0	16	4	15	0	291
gnl|GLV|CAGL0H05181g_137-229_2J9U:A:148-241	2	0	0	4	0	7	1	4	0	94
gnl|GLV|CAGL0H05181g_8-105_2F6M:B:15-118	0	0	0	5	0	10	3	6	0	106
gnl|GLV|CAGL0H05137g_14-496_1CW3:A:	10	20	4	15	0	54	32	26	0	494
gnl|GLV|CAGL0H05093g_124-180,287-387,421-474,532-587_1ORV:A:39-508	12	36	3	4	0	53	35	31	0	470
gnl|GLV|CAGL0H05071g_79-375_1F2T:A:,B:	2	15	3	7	0	24	21	15	1	292
gnl|GLV|CAGL0H05071g_79-128,899-1082_1F2T:A:,B:	2	15	3	7	0	24	21	15	1	292
gnl|GLV|CAGL0H05049g_63-262,455-706_1H3N:A:1-225,A:418-686	9	23	6	18	0	52	29	25	1	494
gnl|GLV|CAGL0H05049g_259-457_1H3N:A:226-417	2	9	3	5	0	22	15	12	0	192
gnl|GLV|CAGL0H05049g_707-836_1H3N:A:687-814	0	0	2	6	0	9	4	4	0	128
gnl|GLV|CAGL0H05005g_206-370_1O6U:A:76-274	4	5	5	7	0	24	11	13	0	199
gnl|GLV|CAGL0H05005g_114-182_1AUA:A:4-96	0	0	1	5	0	8	5	8	0	93
gnl|GLV|CAGL0H04939g_14-341_1BK4:A:	4	13	5	8	0	33	15	14	0	332
gnl|GLV|CAGL0H04873g_275-317_2ADR:A:102-130	2	0	0	1	0	5	2	2	0	29
gnl|GLV|CAGL0H04851g_285-563_1FJM:A:	2	14	0	10	0	35	21	16	0	294
gnl|GLV|CAGL0H04829g_140-204_1BH9:B:	0	0	0	4	0	6	2	2	0	89
gnl|GLV|CAGL0H04807g_4-166_1VE3:A:2-227	0	10	2	7	0	20	9	11	0	226
gnl|GLV|CAGL0H04785g_14-60_1V92:A:	0	0	0	3	0	4	2	4	0	46
gnl|GLV|CAGL0H04785g_495-549,619-644_1H8C:A:	2	5	0	2	0	8	5	6	0	82
gnl|GLV|CAGL0H04763g_76-179_2CPD:A:223-308	0	5	0	2	0	8	7	4	0	86
gnl|GLV|CAGL0H04763g_180-283_1X4C:A:8-102	0	5	1	2	0	10	11	2	0	95
gnl|GLV|CAGL0H04631g_236-263,502-588_1SSE:A:,B:	0	4	1	4	0	16	11	4	1	121
gnl|GLV|CAGL0H04631g_29-85_1GD2:G:	0	0	0	1	0	3	1	0	0	69
gnl|GLV|CAGL0H04543g_29-149_1WIC:A:	6	7	0	1	0	23	14	3	0	151
gnl|GLV|CAGL0H04499g_18-125_1XBL:A:	0	0	0	3	0	7	3	6	0	75
gnl|GLV|CAGL0H04477g_122-210,402-521,1216-1441_1SU4:A:1-124,A:240-343,A:751-994	1	1	8	18	0	32	20	22	2	472
gnl|GLV|CAGL0H04477g_522-538,965-1086,1138-1223_1SU4:A:344-360,A:600-750	3	8	1	8	0	16	12	11	1	168
gnl|GLV|CAGL0H04477g_258-318,359-397_1SU4:A:125-239	2	9	3	0	0	21	10	7	0	115
gnl|GLV|CAGL0H04477g_667-795_1MO7:A:	2	9	0	5	0	32	19	9	0	213
gnl|GLV|CAGL0H04411g_484-915_2VNU:D:495-910	9	13	6	13	0	41	21	20	0	416
gnl|GLV|CAGL0H04411g_259-404_2VNU:D:252-399	5	5	1	2	0	14	5	5	0	148
gnl|GLV|CAGL0H04411g_395-500_2VNU:D:400-494	0	5	2	1	0	12	7	6	0	95
gnl|GLV|CAGL0H04411g_918-998_2VNU:D:911-998	0	8	1	1	0	10	3	5	0	88
gnl|GLV|CAGL0H04411g_91-210_1O4W:A:	0	5	0	6	0	10	3	5	0	125
gnl|GLV|CAGL0H04389g_34-163_1VJR:A:	1	15	3	10	0	29	18	14	0	270
gnl|GLV|CAGL0H04367g_53-106_1CLD:A:	0	0	0	2	0	4	2	1	0	33
gnl|GLV|CAGL0H04345g_1-155_1H3Q:A:	0	5	1	3	0	15	6	8	0	140
gnl|GLV|CAGL0H04323g_10-157_1INZ:A:	0	0	1	7	0	13	10	5	0	147
gnl|GLV|CAGL0H04301g_14-181_1IST:A:	2	9	1	2	0	20	13	11	0	161
gnl|GLV|CAGL0H04235g_22-325_1VHN:A:	0	9	3	14	0	31	18	15	0	317
gnl|GLV|CAGL0H04213g_30-79_2ADR:A:102-130	2	0	0	1	0	5	2	2	0	29
gnl|GLV|CAGL0H04169g_340-698_1N8P:A:	5	12	2	13	0	43	33	20	0	393
gnl|GLV|CAGL0H04103g_3-82_1NEX:B:270-369	0	0	0	7	0	9	5	6	0	100
gnl|GLV|CAGL0H04103g_178-480_1PGU:A:2-326	3	28	2	0	0	35	19	22	0	325
gnl|GLV|CAGL0H04081g_187-281,315-458_1TVZ:A:168-388	0	10	4	6	0	22	9	13	0	221
gnl|GLV|CAGL0H04081g_18-184_1TVZ:A:2-167	0	7	2	6	0	20	9	10	0	166
gnl|GLV|CAGL0H03993g_35-465_2CTS:A:	5	2	3	20	0	34	18	23	0	437
gnl|GLV|CAGL0H03971g_1-200_2A5L:A:3-198	7	6	0	6	0	19	6	8	0	196
gnl|GLV|CAGL0H03949g_137-277_2VGN:A:136-277	0	5	2	5	0	11	6	8	0	142
gnl|GLV|CAGL0H03949g_1-135_2VGN:A:1-135	0	7	0	2	0	15	5	8	0	135
gnl|GLV|CAGL0H03949g_268-376_2VGN:A:278-381	0	4	1	4	0	7	6	6	0	105
gnl|GLV|CAGL0H03927g_6-146_1UZX:A:	2	4	2	4	0	17	6	8	0	152
gnl|GLV|CAGL0H03927g_406-465_2F6M:A:322-385	0	0	0	2	0	3	1	2	0	64
gnl|GLV|CAGL0H03905g_70-143_2PC6:A:1-77	0	4	1	2	0	4	3	4	0	77
gnl|GLV|CAGL0H03905g_148-168,217-274_2FGC:A:105-187	0	5	2	2	0	8	4	1	0	83
gnl|GLV|CAGL0H03861g_106-293_1P1T:A:	2	4	0	4	0	11	10	6	0	104
gnl|GLV|CAGL0H03861g_347-440_2F9D:A:12-125	0	6	0	4	0	12	7	7	0	114
gnl|GLV|CAGL0H03839g_4-266_1OKC:A:	0	0	6	11	0	19	10	9	0	292
gnl|GLV|CAGL0H03817g_86-471_1P3W:A:	8	12	2	12	0	39	22	27	0	391
gnl|GLV|CAGL0H03751g_371-443_1DP7:P:	0	3	0	3	0	5	2	3	0	76
gnl|GLV|CAGL0H03729g_4-297_1H4I:A:	12	38	11	5	0	80	39	44	0	595
gnl|GLV|CAGL0H03707g_2-71_1HDJ:A:	0	0	1	4	0	9	2	7	0	76
gnl|GLV|CAGL0H03707g_257-344_1C3G:A:260-349	4	6	0	2	0	16	7	6	0	90
gnl|GLV|CAGL0H03707g_181-256_1C3G:A:180-259	2	5	0	1	0	11	4	4	0	80
gnl|GLV|CAGL0H03685g_19-263_2EY4:A:8-252	1	11	4	7	0	24	15	15	0	245
gnl|GLV|CAGL0H03685g_265-346_2APO:A:247-331	0	6	1	2	0	11	6	6	0	85
gnl|GLV|CAGL0H03663g_3-409_1LWD:A:	2	16	1	15	0	36	17	20	0	413
gnl|GLV|CAGL0H03641g_4-228_2FEA:A:2-227	4	7	3	11	0	24	11	14	0	226
gnl|GLV|CAGL0H03619g_1-82,133-204,308-468_2HZB:A:2-312	4	12	1	13	1	35	24	14	0	311
gnl|GLV|CAGL0H03597g_40-137_1SNL:A:	0	2	0	5	0	10	9	3	0	99
gnl|GLV|CAGL0H03575g_1-41,105-492_1CJY:A:142-721	2	16	10	18	0	52	32	26	0	580
gnl|GLV|CAGL0H03553g_6-290_1CKI:A:	5	10	3	10	0	30	14	16	0	299
gnl|GLV|CAGL0H03531g_43-89_1DD3:A:1-57	0	0	0	3	0	3	2	2	0	57
gnl|GLV|CAGL0H03443g_228-329_1FBQ:A:	2	4	1	4	0	10	4	7	0	89
gnl|GLV|CAGL0H03355g_132-180_1VP7:B:	1	0	1	2	0	5	2	1	0	77
gnl|GLV|CAGL0H03267g_322-407_2CPZ:A:383-484	1	6	1	2	0	13	10	3	0	102
gnl|GLV|CAGL0H03267g_455-529_1V95:A:	0	5	1	4	0	13	8	5	0	129
gnl|GLV|CAGL0H03245g_74-338_1H1W:A:	2	9	7	9	0	29	16	16	0	289
gnl|GLV|CAGL0H03245g_49-173,335-658_1TE4:A:	0	0	3	6	0	11	9	5	0	111
gnl|GLV|CAGL0H03201g_55-77,125-246_1JOQ:A:	3	9	1	3	0	22	11	8	0	149
gnl|GLV|CAGL0H03157g_2-138_1JAT:B:	4	4	0	4	0	17	7	12	0	136
gnl|GLV|CAGL0H03003g_1-587_1EPU:A:	10	13	8	23	0	49	33	33	0	590
gnl|GLV|CAGL0H02959g_150-218_1X2N:A:6-67	0	0	0	3	0	4	2	2	0	60
gnl|GLV|CAGL0H02937g_248-334,371-401,447-606_1GOT:B:	1	28	0	2	0	36	22	23	0	339
gnl|GLV|CAGL0H02893g_220-699,736-862_2A3L:A:212-839	5	9	4	24	0	60	44	31	0	628
gnl|GLV|CAGL0H02827g_539-654_1XBL:A:	0	0	0	3	0	7	3	6	0	75
gnl|GLV|CAGL0H02805g_520-690_1GXL:A:	2	8	4	7	0	19	12	14	0	205
gnl|GLV|CAGL0H02805g_1-222,1103-1190_1XEW:X:,Y:	2	15	2	9	0	30	20	14	1	329
gnl|GLV|CAGL0H02805g_842-924,987-1205_1XEW:X:,Y:	2	15	2	9	0	30	20	14	1	329
gnl|GLV|CAGL0H02739g_25-239_1HR6:B:24-245	3	6	4	8	0	20	15	8	0	222
gnl|GLV|CAGL0H02739g_260-459_1HR6:B:246-462	1	6	1	8	0	21	10	9	0	217
gnl|GLV|CAGL0H02695g_5-267_1LL2:A:	1	11	7	10	0	24	19	16	0	263
gnl|GLV|CAGL0H02673g_24-250_1CJS:A:	0	10	4	7	0	20	10	12	0	213
gnl|GLV|CAGL0H02651g_1489-1542_1IYM:A:	0	2	0	1	0	11	6	4	0	54
gnl|GLV|CAGL0H02607g_31-399_1JL0:A:	4	16	4	6	0	35	19	12	0	325
gnl|GLV|CAGL0H02585g_57-525_1PMM:A:	9	13	6	12	0	49	26	25	0	450
gnl|GLV|CAGL0H02519g_258-354_1S7B:A:	0	0	0	4	0	10	7	3	0	109
gnl|GLV|CAGL0H02519g_118-195_1S7B:A:	0	0	0	4	0	10	7	3	0	109
gnl|GLV|CAGL0H02431g_1050-1240,1342-1377_1QBK:B:	0	0	17	47	0	50	54	64	0	888
gnl|GLV|CAGL0H02409g_4-143_1D7Q:A:	0	5	1	1	0	17	12	6	0	143
gnl|GLV|CAGL0H02387g_370-828_1GZ5:A:	6	16	7	18	0	41	25	25	0	456
gnl|GLV|CAGL0H02387g_865-1033,1082-1109_1U02:A:	2	12	3	8	0	20	15	13	0	238
gnl|GLV|CAGL0H02365g_1-65,102-294_1ZZM:A:1-259	2	8	5	9	0	29	12	12	0	259
gnl|GLV|CAGL0H02233g_21-298_8PRK:A:	5	20	5	3	0	34	16	25	0	282
gnl|GLV|CAGL0H02211g_21-181_2GHP:A:116-196	0	6	0	2	0	9	2	4	0	81
gnl|GLV|CAGL0H02211g_193-368_2GHP:A:206-291	0	5	2	2	0	7	3	4	0	86
gnl|GLV|CAGL0H02123g_188-279,324-399_1P1T:A:	2	4	0	4	0	11	10	6	0	104
gnl|GLV|CAGL0H02123g_68-172_1CVJ:A:11-90	0	6	1	2	0	9	4	5	0	80
gnl|GLV|CAGL0H02101g_25-126_1NYN:A:	1	4	0	4	0	17	12	0	0	111
gnl|GLV|CAGL0H02079g_91-272_2CXH:A:13-192	2	9	0	4	0	15	9	8	0	180
gnl|GLV|CAGL0H01881g_4-208_1TMK:A:	2	5	1	8	0	17	10	14	0	214
gnl|GLV|CAGL0H01859g_3-144_1GW5:S:	0	7	0	5	0	11	6	9	0	142
gnl|GLV|CAGL0H01837g_259-575_1FOT:A:	5	9	4	10	0	37	20	19	0	316
gnl|GLV|CAGL0H01815g_276-336_1AN4:A:	0	0	0	2	0	4	3	3	0	64
gnl|GLV|CAGL0H01771g_7-211,319-400_1J31:A:	1	16	2	7	0	32	15	15	0	262
gnl|GLV|CAGL0H01727g_281-478_2DJJ:A:6-121	0	4	0	2	0	14	14	8	0	116
gnl|GLV|CAGL0H01727g_30-144_2B5E:A:23-141	0	5	0	4	0	15	7	10	0	119
gnl|GLV|CAGL0H01683g_42-86_2ALC:A:	0	0	0	4	0	11	7	5	0	65
gnl|GLV|CAGL0H01661g_249-395_1M6B:A:8-165	4	12	1	1	0	27	12	8	0	158
gnl|GLV|CAGL0H01661g_70-170_1M6B:A:8-165	4	12	1	1	0	27	12	8	0	158
gnl|GLV|CAGL0H01639g_3-260_1U5R:A:	5	8	4	12	0	31	20	16	0	309
gnl|GLV|CAGL0H01617g_18-128_1DCQ:A:247-368	2	3	1	5	0	15	8	9	0	122
gnl|GLV|CAGL0H01551g_98-114,145-244,282-365_2I7N:A:382-593	3	9	3	7	0	16	15	12	0	212
gnl|GLV|CAGL0H01551g_16-120_2EWS:A:1-267	0	12	4	8	0	22	14	15	0	266
gnl|GLV|CAGL0H01529g_19-188_1CYN:A:	8	8	1	2	0	22	15	12	0	178
gnl|GLV|CAGL0H01507g_4-47_2HAP:C:55-97	0	0	1	2	0	6	3	2	0	43
gnl|GLV|CAGL0H01441g_12-255_2AKO:A:2-251	6	8	3	9	0	26	12	9	0	250
gnl|GLV|CAGL0H01441g_321-423_2CX1:A:91-183	0	6	1	3	0	7	4	5	0	93
gnl|GLV|CAGL0H01309g_113-521_1PMM:A:	9	13	6	12	0	49	26	25	0	450
gnl|GLV|CAGL0H01287g_684-995,1028-1130_2VNU:D:495-910	9	13	6	13	0	41	21	20	0	416
gnl|GLV|CAGL0H01287g_427-530,578-621_2VNU:D:252-399	5	5	1	2	0	14	5	5	0	148
gnl|GLV|CAGL0H01265g_1-148_1NRJ:A:	1	6	2	4	0	12	6	10	0	155
gnl|GLV|CAGL0H01265g_379-604_1VMA:A:82-294	0	8	4	7	0	22	9	10	0	213
gnl|GLV|CAGL0H01265g_279-356_1LS1:A:1-88	0	0	0	4	0	6	4	4	0	88
gnl|GLV|CAGL0H01243g_304-473,502-645_1FUK:A:	0	7	3	4	0	16	14	7	0	162
gnl|GLV|CAGL0H01221g_3-132_1SZA:A:	0	0	2	8	0	12	7	6	0	143
gnl|GLV|CAGL0H01199g_593-658,769-1002_1A06:A:	4	8	4	10	0	29	20	14	0	307
gnl|GLV|CAGL0H01199g_1027-1350_1KMM:A:4-325	4	11	2	9	0	31	14	15	0	322
gnl|GLV|CAGL0H01199g_2-135_1UKX:A:	0	4	0	3	0	12	9	4	0	136
gnl|GLV|CAGL0H01199g_299-530_1OB3:A:	1	8	6	9	0	29	18	19	0	286
gnl|GLV|CAGL0H01177g_28-273_1D2T:A:	0	0	2	13	0	18	11	13	0	224
gnl|GLV|CAGL0H01111g_20-111_1WJK:A:	0	4	0	3	0	8	11	4	0	99
gnl|GLV|CAGL0H01089g_25-268_2HHM:A:	1	14	1	8	0	23	13	16	0	272
gnl|GLV|CAGL0H00979g_247-392_1KWP:A:	4	11	3	10	0	32	22	15	0	340
gnl|GLV|CAGL0H00979g_33-176,246-324_1S9I:A:	1	7	3	12	0	30	21	11	0	334
gnl|GLV|CAGL0H00957g_92-199_1NEE:A:1-98	1	3	0	4	0	10	9	4	0	98
gnl|GLV|CAGL0H00957g_196-233_1K81:A:	0	3	0	0	0	4	2	2	0	36
gnl|GLV|CAGL0H00935g_27-148_1N11:A:	0	0	1	24	0	48	15	35	0	408
gnl|GLV|CAGL0H00891g_86-233_1P5S:A:	0	0	2	7	0	13	8	7	0	159
gnl|GLV|CAGL0H00891g_814-1125_1NF1:A:	0	0	2	17	0	16	11	26	0	324
gnl|GLV|CAGL0H00825g_27-253_1E79:D:82-357	4	12	5	8	0	32	21	15	0	276
gnl|GLV|CAGL0H00781g_152-190,237-428,472-496_1ERJ:A:	2	30	1	1	0	43	24	22	0	388
gnl|GLV|CAGL0H00759g_144-439_1OYW:A:207-406	1	6	0	8	0	23	16	13	0	200
gnl|GLV|CAGL0H00759g_502-602_1OYW:A:407-516	0	4	3	5	0	8	4	7	0	110
gnl|GLV|CAGL0H00737g_568-730_1FKM:A:249-442	2	0	8	8	0	13	13	10	0	194
gnl|GLV|CAGL0H00737g_706-807_1FKM:A:443-630	0	0	1	8	0	10	3	8	0	188
gnl|GLV|CAGL0H00682g_428-699,748-930_1LF6:A:288-684	15	6	5	13	0	47	32	24	0	397
gnl|GLV|CAGL0H00660g_56-156_1AYF:A:	2	5	2	3	0	14	4	10	0	103
gnl|GLV|CAGL0H00528g_300-573_3DL3:A:5-100	2	7	0	1	0	13	5	7	0	96
gnl|GLV|CAGL0H00528g_251-310_1F62:A:	0	2	0	1	0	13	6	4	0	51
gnl|GLV|CAGL0H00506g_113-390_1E79:D:82-357	4	12	5	8	0	32	21	15	0	276
gnl|GLV|CAGL0H00506g_387-502_1E79:D:358-475	0	0	2	6	0	9	7	4	0	118
gnl|GLV|CAGL0H00506g_38-111_1MAB:B:1-81	1	7	0	0	0	12	6	5	0	81
gnl|GLV|CAGL0H00462g_40-225_1IQV:A:	4	2	1	6	0	14	6	7	0	201
gnl|GLV|CAGL0H00440g_11-432_1PV7:A:	0	0	2	22	0	18	12	14	0	417
gnl|GLV|CAGL0H00418g_13-201_1XXL:A:	5	8	2	9	0	23	10	12	0	238
gnl|GLV|CAGL0H00396g_48-96_1PYI:A:30-71	0	2	0	2	0	6	1	3	0	42
gnl|GLV|CAGL0H00374g_398-449,486-538,612-636_1CMZ:A:	0	0	1	9	0	10	8	9	0	128
gnl|GLV|CAGL0H00374g_263-340_2CSO:A:8-122	0	5	0	4	0	11	10	5	0	114
gnl|GLV|CAGL0H00308g_3-102_1H3Z:A:	0	5	3	3	0	12	5	4	0	108
gnl|GLV|CAGL0H00286g_7-115,148-197_1RFE:A:	0	7	3	4	0	13	4	7	0	160
gnl|GLV|CAGL0G10087g_591-778_1W3B:A:	0	0	0	23	0	35	6	26	0	388
gnl|GLV|CAGL0G10087g_410-554,587-638_1ELR:A:	0	0	0	7	0	9	1	5	0	128
gnl|GLV|CAGL0G10087g_938-1047_1W3B:A:	0	0	0	23	0	35	6	26	0	388
gnl|GLV|CAGL0G10087g_5-95_1W3B:A:	0	0	0	23	0	35	6	26	0	388
gnl|GLV|CAGL0G10065g_9-140_1RFJ:A:	2	2	0	7	0	16	5	7	0	148
gnl|GLV|CAGL0G10043g_9-157_1I50:F:	2	2	0	2	0	11	8	4	0	84
gnl|GLV|CAGL0G10021g_61-113_2CSH:A:8-60	0	4	0	2	0	6	6	3	0	53
gnl|GLV|CAGL0G10021g_35-71_2EPS:A:408-446	0	2	0	1	0	5	5	1	0	39
gnl|GLV|CAGL0G10021g_150-203_2CSH:A:8-60	0	4	0	2	0	6	6	3	0	53
gnl|GLV|CAGL0G10021g_107-159_1UBD:C:381-408	0	0	0	1	0	3	2	2	0	28
gnl|GLV|CAGL0G09977g_1053-1166,1232-1522_2JG0:A:37-547	13	16	6	19	0	52	31	30	0	511
gnl|GLV|CAGL0G09977g_140-268,467-606,641-709_4AIE:A:2-465	11	13	12	15	0	56	32	34	0	464
gnl|GLV|CAGL0G09955g_6-238_1XHB:A:95-422	1	12	5	11	0	35	18	17	0	328
gnl|GLV|CAGL0G09933g_8-76_1N9S:C:	0	6	2	0	0	6	4	4	0	74
gnl|GLV|CAGL0G09889g_5-334_1YOV:A:6-534	6	10	2	23	0	45	33	28	0	529
gnl|GLV|CAGL0G09845g_201-494_1VYH:C:92-408	0	28	1	0	0	39	25	14	0	317
gnl|GLV|CAGL0G09823g_2-319_1DCE:B:	14	2	7	14	0	38	22	26	0	329
gnl|GLV|CAGL0G09757g_35-74_1CLD:A:	0	0	0	2	0	4	2	1	0	33
gnl|GLV|CAGL0G09735g_13-127_1MKE:A:31-144	1	6	0	1	0	10	8	2	0	114
gnl|GLV|CAGL0G09691g_7-393_1BT4:A:	2	14	6	10	0	35	29	21	0	360
gnl|GLV|CAGL0G09669g_15-102,156-375_1VB5:A:	3	12	4	9	0	31	10	13	0	274
gnl|GLV|CAGL0G09581g_40-259_1D2E:A:55-250	1	8	1	7	0	19	13	10	0	196
gnl|GLV|CAGL0G09581g_238-333_1D2E:A:251-348	1	10	1	0	0	10	6	8	0	98
gnl|GLV|CAGL0G09581g_333-431_1EXM:A:313-405	2	6	1	0	0	12	1	7	0	93
gnl|GLV|CAGL0G09515g_22-422_1H4P:A:	4	8	7	13	0	48	31	34	0	408
gnl|GLV|CAGL0G09493g_1003-1073,1224-1406_1Z5Z:A:663-906	0	6	1	10	0	26	11	15	0	244
gnl|GLV|CAGL0G09493g_722-847,883-993_1Z63:A:432-661	0	7	2	11	0	24	16	18	0	230
gnl|GLV|CAGL0G09493g_1114-1191_1FBV:A:356-434	2	2	0	2	0	11	6	5	0	79
gnl|GLV|CAGL0G09449g_22-241_1GBG:A:	7	16	2	1	0	25	12	12	0	214
gnl|GLV|CAGL0G09361g_40-126_1Y8O:B:128-229	0	8	1	0	0	16	9	6	0	102
gnl|GLV|CAGL0G09361g_183-228_1EBD:C:	0	0	1	2	0	5	1	3	0	41
gnl|GLV|CAGL0G09339g_6-289_1BU6:O:3-253	1	15	1	9	0	25	13	17	0	251
gnl|GLV|CAGL0G09339g_295-401_2AP1:A:1-117	2	5	0	3	0	11	9	8	0	117
gnl|GLV|CAGL0G09317g_9-179_2BA0:D:10-153	3	5	2	2	0	16	7	8	0	144
gnl|GLV|CAGL0G09317g_154-238_2NN6:B:151-240	1	4	0	2	0	7	5	5	0	90
gnl|GLV|CAGL0G09196g_21-96_1AXC:A:1-126	0	10	1	2	0	11	7	6	0	126
gnl|GLV|CAGL0G09174g_42-634_1GW5:A:	0	2	4	33	0	46	32	22	0	620
gnl|GLV|CAGL0G09108g_91-167_2D9I:A:8-90	0	4	1	2	0	11	4	6	0	83
gnl|GLV|CAGL0G09020g_29-333_1FOT:A:	5	9	4	10	0	37	20	19	0	316
gnl|GLV|CAGL0G08932g_59-290_1DN1:B:	0	0	1	7	0	11	6	8	0	222
gnl|GLV|CAGL0G08910g_6-284_1OKC:A:	0	0	6	11	0	19	10	9	0	292
gnl|GLV|CAGL0G08866g_459-552_1JXS:A:	0	3	0	4	0	10	8	5	0	98
gnl|GLV|CAGL0G08866g_39-183_1UHT:A:	3	9	0	0	0	18	9	7	0	117
gnl|GLV|CAGL0G08844g_10-55_1CLD:A:	0	0	0	2	0	4	2	1	0	33
gnl|GLV|CAGL0G08822g_1876-2189_1GW5:B:	0	0	4	32	0	42	43	37	0	579
gnl|GLV|CAGL0G08822g_1197-1272,1420-1691,1765-1854_1B3U:A:	0	0	8	44	0	40	26	36	0	588
gnl|GLV|CAGL0G08800g_37-155,248-301,328-386,443-538,565-599,794-1012_1U6G:C:	0	2	14	60	0	74	56	65	0	1207
gnl|GLV|CAGL0G08756g_682-981_1Z3I:X:390-735	0	10	6	11	0	41	29	23	0	346
gnl|GLV|CAGL0G08756g_422-680_1Z63:A:432-661	0	7	2	11	0	24	16	18	0	230
gnl|GLV|CAGL0G08756g_1248-1353_1E6I:A:	0	0	2	5	0	8	8	7	0	111
gnl|GLV|CAGL0G08734g_1-85_2CQL:A:1-87	0	6	0	1	0	8	5	4	0	87
gnl|GLV|CAGL0G08712g_206-591_1UMD:A:	7	7	4	12	0	37	21	24	0	362
gnl|GLV|CAGL0G08712g_626-859_1IK6:A:1-191	0	8	1	6	0	18	6	6	0	191
gnl|GLV|CAGL0G08690g_5-276_2BGK:A:11-278	0	7	5	9	0	26	17	16	0	268
gnl|GLV|CAGL0G08624g_63-266,302-382,430-557_1PV7:A:	0	0	2	22	0	18	12	14	0	417
gnl|GLV|CAGL0G08558g_21-201_2FV8:A:4-184	0	6	2	6	0	16	5	13	0	181
gnl|GLV|CAGL0G08492g_112-140,280-516_1A17:A:	0	0	0	7	0	11	3	7	0	159
gnl|GLV|CAGL0G08470g_2-631_1MW9:X:	5	17	5	18	0	50	23	23	0	591
gnl|GLV|CAGL0G08426g_87-124,156-233_2CSW:A:8-139	6	10	1	1	0	25	16	9	0	132
gnl|GLV|CAGL0G08404g_91-304_1W66:A:1-216	2	11	3	4	0	24	12	10	0	216
gnl|GLV|CAGL0G08360g_542-881_1E8Y:A:726-1092	0	10	2	12	0	26	15	16	0	367
gnl|GLV|CAGL0G08360g_283-426,492-527_1E8Y:A:525-725	0	0	2	12	0	15	8	11	0	201
gnl|GLV|CAGL0G08360g_43-154_1RH8:A:	1	8	1	3	0	16	8	6	0	142
gnl|GLV|CAGL0G08272g_12-140,412-538_1A6D:A:17-145,A:404-519	0	9	1	11	0	18	7	14	1	245
gnl|GLV|CAGL0G08272g_209-385_1GML:A:	3	9	2	3	0	17	13	5	0	169
gnl|GLV|CAGL0G08272g_148-213,375-411_1Q3Q:A:146-216,A:370-405	1	5	3	3	0	8	7	2	1	107
gnl|GLV|CAGL0G08250g_77-371_1C22:A:	5	16	2	4	0	34	13	15	0	262
gnl|GLV|CAGL0G08228g_1-145_1R5T:A:	3	5	3	4	0	20	9	7	0	141
gnl|GLV|CAGL0G08173g_1-93_1XD3:B:	3	5	1	1	0	10	1	6	0	75
gnl|GLV|CAGL0G08173g_100-150_2K4X:A:1-55	0	3	0	0	0	7	2	2	0	55
gnl|GLV|CAGL0G08151g_161-247_1WIK:A:	0	4	0	5	0	14	12	6	0	108
gnl|GLV|CAGL0G08151g_18-123_2IFQ:A:1-105	1	5	0	4	0	10	5	6	0	105
gnl|GLV|CAGL0G08129g_591-892_1E3M:A:270-566	3	4	1	15	0	23	13	17	0	297
gnl|GLV|CAGL0G08129g_914-1142_1EWQ:A:542-765	2	10	1	6	0	20	13	10	0	224
gnl|GLV|CAGL0G08129g_277-399_1EWQ:A:1-120	0	6	3	3	0	13	6	4	0	120
gnl|GLV|CAGL0G08129g_398-572_1EWQ:A:121-266	1	6	2	5	0	14	11	3	0	146
gnl|GLV|CAGL0G08107g_560-611_2EPQ:A:380-411	0	2	0	1	0	4	3	1	0	32
gnl|GLV|CAGL0G08085g_189-283,543-666,1183-1412_1SU4:A:1-124,A:240-343,A:751-994	1	1	8	18	0	32	20	22	2	472
gnl|GLV|CAGL0G08085g_667-683,971-1180_1SU4:A:344-360,A:600-750	3	8	1	8	0	16	12	11	1	168
gnl|GLV|CAGL0G08085g_678-694,772-977_1MO7:A:	2	9	0	5	0	32	19	9	0	213
gnl|GLV|CAGL0G08085g_404-460,501-540_1SU4:A:125-239	2	9	3	0	0	21	10	7	0	115
gnl|GLV|CAGL0G08063g_5-148_1JAT:A:	3	5	1	4	0	17	8	12	0	154
gnl|GLV|CAGL0G08041g_371-541_1Q12:A:4-235	1	11	4	7	0	25	20	16	0	232
gnl|GLV|CAGL0G08041g_101-159,191-296_1OXS:C:1-242	0	11	6	8	0	23	18	13	0	242
gnl|GLV|CAGL0G08041g_6-143_1DUR:A:	0	4	1	1	0	12	2	4	0	55
gnl|GLV|CAGL0G07953g_10-85_2GY9:S:2-80	2	3	4	1	0	11	9	5	0	79
gnl|GLV|CAGL0G07931g_40-150_2QAL:L:1-123	4	5	0	1	0	21	11	8	0	123
gnl|GLV|CAGL0G07909g_127-303_1K8K:D:121-284	0	5	2	5	0	11	8	10	0	164
gnl|GLV|CAGL0G07909g_1-122_1K8K:D:1-120	0	5	2	5	0	11	6	8	0	120
gnl|GLV|CAGL0G07799g_136-330_2NR9:A:4-192	0	0	2	8	0	13	11	7	0	189
gnl|GLV|CAGL0G07777g_213-388_1FKM:A:249-442	2	0	8	8	0	13	13	10	0	194
gnl|GLV|CAGL0G07777g_524-709_1S6C:A:	0	4	0	10	0	18	8	7	0	178
gnl|GLV|CAGL0G07777g_365-459_1FKM:A:443-630	0	0	1	8	0	10	3	8	0	188
gnl|GLV|CAGL0G07733g_329-384_1WD2:A:	0	0	2	0	0	10	10	2	0	59
gnl|GLV|CAGL0G07733g_170-250_2CS3:A:8-87	2	2	0	2	0	14	12	2	0	80
gnl|GLV|CAGL0G07689g_3-192_1HUQ:A:	0	6	2	5	0	16	9	9	0	164
gnl|GLV|CAGL0G07667g_119-254_1CFE:A:	1	6	2	4	0	18	12	7	0	135
gnl|GLV|CAGL0G07623g_105-162,308-532_1QQ9:A:	4	8	1	9	0	26	19	18	0	277
gnl|GLV|CAGL0G07623g_200-277_1DE4:C:190-382	5	12	2	3	0	32	18	14	0	193
gnl|GLV|CAGL0G07579g_832-933_1DQV:A:295-424	1	8	2	0	0	20	13	4	0	130
gnl|GLV|CAGL0G07557g_120-206_1V31:A:	2	4	0	4	0	14	11	2	0	92
gnl|GLV|CAGL0G07513g_28-319_2R6I:A:1-261	5	5	3	12	0	22	10	13	0	261
gnl|GLV|CAGL0G07469g_119-230_1HDJ:A:	0	0	1	4	0	9	2	7	0	76
gnl|GLV|CAGL0G07469g_280-430_2Q0Z:X:33-208	1	0	2	9	0	14	8	11	0	176
gnl|GLV|CAGL0G07469g_435-463,498-538,568-611_2Q0Z:X:209-322	2	7	1	0	0	12	8	4	0	114
gnl|GLV|CAGL0G07425g_133-748_2A3L:A:212-839	5	9	4	24	0	60	44	31	0	628
gnl|GLV|CAGL0G07293g_270-340_1SE9:A:	2	5	2	1	0	14	9	7	0	101
gnl|GLV|CAGL0G07271g_4-193_1QMV:A:	7	9	2	6	0	23	11	16	0	197
gnl|GLV|CAGL0G07249g_150-212_1FJL:A:	0	0	0	3	0	5	1	1	0	65
gnl|GLV|CAGL0G07227g_16-144_1FJG:M:	2	0	2	6	0	13	11	6	0	125
gnl|GLV|CAGL0G07205g_41-175,208-279_2J01:F:1-208	0	4	1	6	0	20	14	11	0	208
gnl|GLV|CAGL0G07106g_6-178_1G2Q:A:	0	9	0	5	0	20	10	9	0	178
gnl|GLV|CAGL0G07084g_98-327_2HXM:A:82-304	1	6	5	7	0	21	17	17	0	220
gnl|GLV|CAGL0G07018g_130-208_1S7B:A:	0	0	0	4	0	10	7	3	0	109
gnl|GLV|CAGL0G07018g_282-380_1S7B:A:	0	0	0	4	0	10	7	3	0	109
gnl|GLV|CAGL0G06974g_7-152_2C35:A:14-142	2	1	2	6	0	13	8	4	0	129
gnl|GLV|CAGL0G06908g_12-143,412-531_1A6D:B:20-144,B:404-521	0	8	0	10	0	16	4	15	1	243
gnl|GLV|CAGL0G06908g_218-385_1GML:A:	3	9	2	3	0	17	13	5	0	169
gnl|GLV|CAGL0G06908g_143-222,376-411_1Q3Q:A:146-216,A:370-405	1	5	3	3	0	8	7	2	1	107
gnl|GLV|CAGL0G06842g_4-67_1UDL:A:	4	5	0	0	0	15	12	3	0	97
gnl|GLV|CAGL0G06776g_63-117_2ZJR:Z:2-59	3	2	0	1	0	11	4	5	0	58
gnl|GLV|CAGL0G06754g_13-276_1XZP:A:212-371	1	6	1	6	0	15	10	10	0	160
gnl|GLV|CAGL0G06732g_45-354_1SR9:A:61-370	6	8	4	11	0	32	18	18	0	310
gnl|GLV|CAGL0G06732g_474-589_1SR9:A:492-643	0	6	0	2	0	7	5	4	0	152
gnl|GLV|CAGL0G06732g_417-465_1SR9:A:437-491	0	0	0	3	0	3	1	2	0	55
gnl|GLV|CAGL0G06666g_794-1228_1WNS:A:348-758	8	7	1	12	0	41	19	21	0	411
gnl|GLV|CAGL0G06666g_334-560,593-799_1Q8I:A:2-389	6	16	1	11	0	33	18	20	0	388
gnl|GLV|CAGL0G06556g_238-313_1WEN:A:	0	2	0	0	0	14	12	4	0	70
gnl|GLV|CAGL0G06402g_89-302,399-551_2GMH:A:4-236,A:336-482	2	17	5	9	0	43	20	25	1	380
gnl|GLV|CAGL0G06402g_303-399_2GMH:A:237-335	0	5	1	2	0	11	4	8	0	99
gnl|GLV|CAGL0G06402g_553-655_2GMH:A:483-584	2	4	1	5	0	17	6	8	0	102
gnl|GLV|CAGL0G06358g_20-86_3B5N:A:28-86	0	0	0	1	0	1	0	0	0	60
gnl|GLV|CAGL0G06336g_51-817_1OE9:A:63-795	5	19	8	26	0	54	32	34	0	733
gnl|GLV|CAGL0G06336g_1-50_1OE9:A:5-62	1	4	0	0	0	7	3	3	0	58
gnl|GLV|CAGL0G06336g_823-921_1B7T:A:5-28,A:77-835	5	15	8	27	0	58	41	42	1	783
gnl|GLV|CAGL0G06270g_181-268,414-535,982-1213_1SU4:A:1-124,A:240-343,A:751-994	1	1	8	18	0	32	20	22	2	472
gnl|GLV|CAGL0G06270g_529-553,737-844,907-978_1SU4:A:344-360,A:600-750	3	8	1	8	0	16	12	11	1	168
gnl|GLV|CAGL0G06270g_547-798_1SU4:A:361-599	0	13	3	7	0	21	11	13	0	239
gnl|GLV|CAGL0G06270g_272-337,372-413_1SU4:A:125-239	2	9	3	0	0	21	10	7	0	115
gnl|GLV|CAGL0G06138g_60-344_1CSN:A:	3	10	2	9	0	31	12	17	0	293
gnl|GLV|CAGL0G06072g_132-443_2BO9:A:4-307	4	8	2	9	0	32	24	18	0	305
gnl|GLV|CAGL0G06028g_58-86,115-533_1X0M:A:26-428	2	14	5	14	0	43	21	17	0	403
gnl|GLV|CAGL0G06006g_25-104_1SPB:P:	0	5	0	2	0	9	1	3	0	71
gnl|GLV|CAGL0G05984g_140-414_1WSA:A:	4	14	4	9	0	39	22	18	0	328
gnl|GLV|CAGL0G05874g_26-70_1I50:L:	2	1	0	0	0	11	5	2	0	46
gnl|GLV|CAGL0G05852g_159-297_1VQ2:A:	5	7	3	6	0	24	3	10	0	193
gnl|GLV|CAGL0G05830g_4-89_2F15:A:75-163	0	9	1	0	0	14	6	5	0	89
gnl|GLV|CAGL0G05764g_3-187_2NGR:A:	0	6	3	6	0	19	11	13	0	191
gnl|GLV|CAGL0G05742g_64-152_1WI8:A:	2	6	1	2	0	13	8	4	0	103
gnl|GLV|CAGL0G05720g_319-356,399-689_1IA8:A:	5	12	5	7	0	36	16	18	0	275
gnl|GLV|CAGL0G05698g_712-809,843-1024_1B26:A:179-412	2	7	0	10	0	25	9	14	0	234
gnl|GLV|CAGL0G05698g_520-722_1BVU:A:3-180	2	6	4	5	0	19	9	9	0	178
gnl|GLV|CAGL0G05588g_408-583_1KXL:A:	1	7	0	6	0	23	13	8	0	187
gnl|GLV|CAGL0G05511g_542-632_2U1A:A:	0	4	1	2	0	11	8	4	0	88
gnl|GLV|CAGL0G05489g_19-83,143-261_1J8M:F:87-297	0	8	2	7	0	21	10	12	0	206
gnl|GLV|CAGL0G05357g_5-243_1JZT:A:	2	8	2	7	0	26	16	16	0	243
gnl|GLV|CAGL0G05335g_9-72,108-530_1GZ5:A:	6	16	7	18	0	41	25	25	0	456
gnl|GLV|CAGL0G05335g_564-839_1U02:A:	2	12	3	8	0	20	15	13	0	238
gnl|GLV|CAGL0G05291g_10-170_1CJW:A:	2	7	4	5	0	16	8	9	0	166
gnl|GLV|CAGL0G05247g_582-944_2GFO:A:762-1109	3	20	3	10	0	40	19	15	0	348
gnl|GLV|CAGL0G05247g_203-339_1WHB:A:	2	5	3	6	0	22	12	7	0	156
gnl|GLV|CAGL0G05225g_203-285_1X3A:A:8-94	0	0	0	5	0	6	4	4	0	87
gnl|GLV|CAGL0G05203g_4-155_1XRI:A:	2	5	3	6	0	16	5	6	0	151
gnl|GLV|CAGL0G05115g_3-90_1N9S:C:	0	6	2	0	0	6	4	4	0	74
gnl|GLV|CAGL0G05093g_311-537_1F3O:A:	0	10	2	7	0	22	15	14	0	232
gnl|GLV|CAGL0G05093g_128-251_3D31:A:1-229	0	10	1	9	0	26	15	14	0	229
gnl|GLV|CAGL0G05071g_109-527_1FC4:A:	4	15	0	16	0	43	22	25	0	400
gnl|GLV|CAGL0G05049g_1-146_1WFS:A:	0	8	1	4	0	21	12	4	0	150
gnl|GLV|CAGL0G05027g_66-142_1A32:A:	0	0	0	4	0	7	2	3	0	85
gnl|GLV|CAGL0G04961g_5-106_1V9W:A:	3	5	0	6	0	14	9	6	0	129
gnl|GLV|CAGL0G04939g_4-97_2OVR:B:2263-2364	0	0	0	6	0	9	7	5	0	102
gnl|GLV|CAGL0G04917g_212-403_1DKG:D:186-383	1	6	1	6	0	13	10	7	0	198
gnl|GLV|CAGL0G04917g_21-208_1DKG:D:3-185	4	12	2	5	0	21	12	11	0	183
gnl|GLV|CAGL0G04917g_405-560_1CKR:A:	1	10	0	2	0	15	14	9	0	159
gnl|GLV|CAGL0G04895g_2-176_1K8K:E:	4	2	1	5	0	19	12	8	0	174
gnl|GLV|CAGL0G04873g_657-885_1XCG:A:714-941	0	1	2	11	0	8	9	10	0	228
gnl|GLV|CAGL0G04873g_448-524_2CSO:A:8-122	0	5	0	4	0	11	10	5	0	114
gnl|GLV|CAGL0G04873g_895-971_1XCG:A:942-1081	0	8	3	2	0	16	11	2	0	140
gnl|GLV|CAGL0G04807g_1-89_1HS7:A:	0	0	0	5	0	4	3	3	0	97
gnl|GLV|CAGL0G04807g_148-220_1GL2:B:	0	0	0	1	0	2	0	0	0	64
gnl|GLV|CAGL0G04763g_25-154_2JM5:A:3-134	0	0	0	8	0	8	5	9	0	132
gnl|GLV|CAGL0G04741g_48-357_1SR9:A:61-370	6	8	4	11	0	32	18	18	0	310
gnl|GLV|CAGL0G04741g_476-592_1SR9:A:492-643	0	6	0	2	0	7	5	4	0	152
gnl|GLV|CAGL0G04741g_420-468_1SR9:A:437-491	0	0	0	3	0	3	1	2	0	55
gnl|GLV|CAGL0G04719g_538-875_1I9Z:A:	8	11	3	8	0	32	15	14	0	345
gnl|GLV|CAGL0G04609g_107-413_1H1W:A:	2	9	7	9	0	29	16	16	0	289
gnl|GLV|CAGL0G04565g_229-479_1KV9:A:1-560	8	39	7	5	0	72	35	35	0	560
gnl|GLV|CAGL0G04499g_154-275_1N6A:A:194-361	2	10	3	3	0	26	11	8	0	168
gnl|GLV|CAGL0G04455g_40-71,103-402_1GZ8:A:	3	8	3	10	0	29	17	22	0	298
gnl|GLV|CAGL0G04389g_79-134_4GAT:A:	0	2	1	1	0	11	6	3	0	66
gnl|GLV|CAGL0G04367g_19-147,407-527_1A6D:A:17-145,A:404-519	0	9	1	11	0	18	7	14	1	245
gnl|GLV|CAGL0G04367g_211-380_1Q3Q:A:217-369	3	9	2	3	0	18	15	4	0	153
gnl|GLV|CAGL0G04367g_153-215,370-406_1Q3Q:A:146-216,A:370-405	1	5	3	3	0	8	7	2	1	107
gnl|GLV|CAGL0G04279g_255-385,444-486_1LL2:A:	1	11	7	10	0	24	19	16	0	263
gnl|GLV|CAGL0G04213g_4-309_1SMS:A:	0	0	3	14	0	26	20	14	0	323
gnl|GLV|CAGL0G04169g_259-495_1FQV:A:146-431	8	13	3	8	0	55	21	24	0	286
gnl|GLV|CAGL0G04147g_16-170_1FIT:A:	0	7	3	2	0	15	9	6	0	146
gnl|GLV|CAGL0G04125g_18-174_1N67:A:229-369	3	11	1	1	0	19	5	11	0	141
gnl|GLV|CAGL0G04103g_6-598_1GW5:B:	0	0	4	32	0	42	43	37	0	579
gnl|GLV|CAGL0G04081g_58-488_1PW4:A:	2	0	1	18	0	21	18	22	0	450
gnl|GLV|CAGL0G04059g_99-261_1SHU:X:	2	6	3	6	0	13	8	7	0	181
gnl|GLV|CAGL0G04059g_359-433_1Z60:A:328-386	1	4	0	2	0	10	5	5	0	59
gnl|GLV|CAGL0G04037g_388-477_2AXY:A:11-81	0	3	1	3	0	7	2	0	0	71
gnl|GLV|CAGL0G04037g_455-536_2CTJ:A:8-89	0	3	0	3	0	9	5	2	0	82
gnl|GLV|CAGL0G04015g_82-379_2I09:A:2-107,A:227-403	4	11	3	10	0	35	19	17	1	281
gnl|GLV|CAGL0G03971g_459-719_1PV9:A:125-345	6	13	2	4	0	27	12	10	0	221
gnl|GLV|CAGL0G03971g_123-260_1PV9:A:8-124	1	6	1	6	0	11	7	7	0	117
gnl|GLV|CAGL0G03927g_106-558_1PV7:A:	0	0	2	22	0	18	12	14	0	417
gnl|GLV|CAGL0G03905g_146-239_1R94:A:	0	7	1	2	0	9	3	5	0	97
gnl|GLV|CAGL0G03883g_165-527_1QVR:A:149-535	0	8	0	16	0	30	17	16	0	387
gnl|GLV|CAGL0G03883g_556-858_1QVR:A:536-850	5	9	4	14	0	30	21	15	0	315
gnl|GLV|CAGL0G03883g_6-159_1KHY:A:	4	0	0	8	0	14	5	8	0	139
gnl|GLV|CAGL0G03795g_1-185_1BUP:A:4-188	0	12	1	6	0	18	7	13	0	185
gnl|GLV|CAGL0G03795g_188-379_1HJO:A:189-382	1	6	2	6	0	13	8	10	0	194
gnl|GLV|CAGL0G03795g_384-540_1CKR:A:	1	10	0	2	0	15	14	9	0	159
gnl|GLV|CAGL0G03795g_535-614_1UD0:A:	0	0	1	3	0	3	3	4	0	112
gnl|GLV|CAGL0G03707g_14-123_1DCQ:A:247-368	2	3	1	5	0	15	8	9	0	122
gnl|GLV|CAGL0G03663g_3-130_1WIC:A:	6	7	0	1	0	23	14	3	0	151
gnl|GLV|CAGL0G03641g_49-312,386-414_1B6A:A:110-374,A:449-478	7	13	1	6	0	31	14	17	1	295
gnl|GLV|CAGL0G03641g_313-384_1B6A:A:375-448	0	5	0	3	0	8	5	4	0	74
gnl|GLV|CAGL0G03597g_290-349_1SHF:A:	3	5	1	0	0	9	3	2	0	59
gnl|GLV|CAGL0G03553g_145-196_1JM7:A:	2	0	1	3	0	11	9	5	0	103
gnl|GLV|CAGL0G03509g_649-769_1UPQ:A:	0	7	1	1	0	13	8	5	0	107
gnl|GLV|CAGL0G03509g_39-99_1SHF:A:	3	5	1	0	0	9	3	2	0	59
gnl|GLV|CAGL0G03509g_231-298_1WWV:A:8-85	0	0	1	5	0	8	3	7	0	78
gnl|GLV|CAGL0G03465g_3-137_1LJO:A:	0	5	1	1	0	6	2	4	0	76
gnl|GLV|CAGL0G03443g_1-633,668-812_1QGR:A:	0	0	13	43	0	50	36	39	0	876
gnl|GLV|CAGL0G03443g_669-1099_1QBK:B:	0	0	17	47	0	50	54	64	0	888
gnl|GLV|CAGL0G03399g_34-331_1U4C:A:	4	27	2	2	0	38	21	15	0	340
gnl|GLV|CAGL0G03355g_1327-1414_1FNO:A:208-320	2	4	2	2	0	13	4	6	0	113
gnl|GLV|CAGL0G03311g_7-197,398-650_1ILE:A:1-197,A:387-641	12	19	3	20	0	43	24	22	1	452
gnl|GLV|CAGL0G03311g_657-914_1ILE:A:642-821	0	0	1	7	0	10	11	15	0	180
gnl|GLV|CAGL0G03311g_198-398_1UDZ:A:	6	9	4	3	0	24	11	11	0	179
gnl|GLV|CAGL0G03289g_1-185_1BUP:A:4-188	0	12	1	6	0	18	7	13	0	185
gnl|GLV|CAGL0G03289g_190-380_1HJO:A:189-382	1	6	2	6	0	13	8	10	0	194
gnl|GLV|CAGL0G03289g_385-541_1CKR:A:	1	10	0	2	0	15	14	9	0	159
gnl|GLV|CAGL0G03289g_535-617_1UD0:A:	0	0	1	3	0	3	3	4	0	112
gnl|GLV|CAGL0G03267g_49-189_1QOR:A:2-112,A:292-327	4	9	4	2	0	19	11	6	1	147
gnl|GLV|CAGL0G03267g_166-245,274-324,380-418_1VJ0:A:156-337	2	7	1	9	0	17	10	10	0	182
gnl|GLV|CAGL0G03201g_33-212_1RZ0:A:	4	11	0	3	0	15	3	10	0	153
gnl|GLV|CAGL0G03179g_269-458_2EFL:A:1-288	0	0	0	7	0	7	3	7	0	288
gnl|GLV|CAGL0G03179g_483-534,596-612_1EAZ:A:	0	7	1	2	0	13	8	5	0	104
gnl|GLV|CAGL0G03113g_4-127_2NN6:D:25-146	0	5	1	2	0	10	5	2	0	122
gnl|GLV|CAGL0G03113g_129-225_2BA0:G:179-257	2	4	1	1	0	10	4	4	0	79
gnl|GLV|CAGL0G03091g_146-341,507-721,759-791_1GAX:A:1-189,A:343-578	8	19	6	13	0	45	23	23	1	425
gnl|GLV|CAGL0G03091g_356-507_1GAX:A:190-342	5	8	2	2	0	23	11	10	0	153
gnl|GLV|CAGL0G03091g_792-1050_1IVS:A:579-796	2	4	1	9	0	16	9	7	0	218
gnl|GLV|CAGL0G03069g_250-367_1EMS:A:281-440	0	7	3	2	0	18	11	6	0	160
gnl|GLV|CAGL0G03047g_127-289,337-478_1FOT:A:	5	9	4	10	0	37	20	19	0	316
gnl|GLV|CAGL0G03025g_131-349_2OZB:B:85-333	0	0	3	11	0	15	11	14	0	249
gnl|GLV|CAGL0G02937g_364-554_1PVD:A:361-556	2	6	4	9	0	22	7	15	0	196
gnl|GLV|CAGL0G02937g_182-339_1QPB:A:182-360	0	9	4	4	0	18	11	9	0	179
gnl|GLV|CAGL0G02937g_4-182_1PVD:A:2-181	0	8	3	6	0	14	9	8	0	180
gnl|GLV|CAGL0G02893g_75-351_1U0T:A:	0	20	3	5	0	30	14	14	0	302
gnl|GLV|CAGL0G02849g_5-92_1Z0N:A:77-163	0	10	1	0	0	14	6	6	0	87
gnl|GLV|CAGL0G02827g_504-612_1P6S:A:	0	7	0	1	0	12	10	1	0	111
gnl|GLV|CAGL0G02827g_230-489_2EFL:A:1-288	0	0	0	7	0	7	3	7	0	288
gnl|GLV|CAGL0G02805g_99-289_1R3B:A:	2	0	2	7	0	15	12	7	0	201
gnl|GLV|CAGL0G02783g_3-92_1RL1:A:	2	7	2	0	0	13	8	2	0	92
gnl|GLV|CAGL0G02739g_165-208,327-394_1L3G:A:	0	6	0	5	0	9	6	8	0	123
gnl|GLV|CAGL0G02717g_36-511_2FBA:A:1-492	12	10	5	15	0	54	34	37	0	492
gnl|GLV|CAGL0G02673g_22-355_1WPW:A:	1	12	3	11	0	30	15	18	0	336
gnl|GLV|CAGL0G02607g_13-313_1KOB:A:	7	11	8	11	0	39	20	20	0	352
gnl|GLV|CAGL0G02585g_19-371_1WPW:A:	1	12	3	11	0	30	15	18	0	336
gnl|GLV|CAGL0G02563g_213-437,503-630_2GFO:A:762-1109	3	20	3	10	0	40	19	15	0	348
gnl|GLV|CAGL0G02541g_347-714,792-839,870-970_1YA0:A:1-497	3	2	6	21	0	32	18	18	0	497
gnl|GLV|CAGL0G02519g_51-304_2BON:A:5-299	2	15	0	7	0	26	18	16	0	295
gnl|GLV|CAGL0G02475g_1-92_1XD3:B:	3	5	1	1	0	10	1	6	0	75
gnl|GLV|CAGL0G02475g_76-128_2AYJ:A:1-56	0	3	0	0	0	12	6	4	0	56
gnl|GLV|CAGL0G02453g_92-555_1PV7:A:	0	0	2	22	0	18	12	14	0	417
gnl|GLV|CAGL0G02365g_310-657_1CJY:A:142-721	2	16	10	18	0	52	32	26	0	580
gnl|GLV|CAGL0G02299g_323-876_1FUK:A:	0	7	3	4	0	16	14	7	0	162
gnl|GLV|CAGL0G02255g_157-365_1F60:A:2-240	2	8	3	8	0	25	15	13	0	239
gnl|GLV|CAGL0G02255g_488-593_1ZUN:B:330-434	2	6	0	0	0	17	3	6	0	105
gnl|GLV|CAGL0G02255g_400-482_1R5B:A:460-554	1	10	0	1	0	12	6	7	0	95
gnl|GLV|CAGL0G02211g_92-475_1XKS:A:	4	28	4	3	0	43	16	22	0	403
gnl|GLV|CAGL0G02189g_6-151_1EDZ:A:3-148	3	4	1	5	0	15	7	7	0	146
gnl|GLV|CAGL0G02189g_152-302_1EDZ:A:149-319	2	7	1	4	0	22	10	11	0	171
gnl|GLV|CAGL0G02167g_473-611,665-794_1Y44:A:1-307	11	14	2	7	0	35	16	14	0	307
gnl|GLV|CAGL0G02167g_10-143,195-279_1Y44:A:1-307	11	14	2	7	0	35	16	14	0	307
gnl|GLV|CAGL0G02145g_154-247_1XTE:A:	0	3	2	4	0	9	3	6	0	116
gnl|GLV|CAGL0G02101g_193-346_1K0M:A:92-240	0	0	1	7	0	11	9	7	0	149
gnl|GLV|CAGL0G02101g_25-82,147-179_1EEM:A:5-102	2	4	1	2	0	15	6	8	0	98
gnl|GLV|CAGL0G02035g_42-336_1LPU:A:	1	9	10	13	0	32	15	13	0	327
gnl|GLV|CAGL0G01991g_323-393_2CON:A:8-73	2	3	0	0	0	12	7	0	0	66
gnl|GLV|CAGL0G01969g_234-290,340-471_1QZU:A:	0	5	3	8	0	18	11	11	0	181
gnl|GLV|CAGL0G01969g_459-531_1Y6I:A:1-82	0	0	0	5	0	8	5	4	0	82
gnl|GLV|CAGL0G01925g_15-116,152-260,288-341_1VJR:A:	1	15	3	10	0	29	18	14	0	270
gnl|GLV|CAGL0G01903g_338-575_1VA0:A:2-226	5	10	4	6	0	21	17	14	0	225
gnl|GLV|CAGL0G01903g_160-213,259-290_1PJQ:A:114-215	0	2	0	5	0	8	3	6	0	102
gnl|GLV|CAGL0G01881g_22-106_1S3A:A:15-99	0	4	0	3	0	10	4	4	0	85
gnl|GLV|CAGL0G01804g_67-275_1RYP:L:	3	12	0	5	0	14	7	11	0	212
gnl|GLV|CAGL0G01782g_895-978_1D5V:A:	1	2	0	4	0	14	9	5	0	94
gnl|GLV|CAGL0G01782g_686-816_1MZK:A:	0	11	0	0	0	17	11	9	0	138
gnl|GLV|CAGL0G01716g_81-315_1BLX:A:	4	7	7	8	0	33	18	18	0	305
gnl|GLV|CAGL0G01672g_309-388_1IN4:A:255-329	1	2	0	5	0	6	3	7	0	75
gnl|GLV|CAGL0G01672g_91-231_1ELR:A:	0	0	0	7	0	9	1	5	0	128
gnl|GLV|CAGL0G01628g_15-194,283-314_1ERJ:A:	2	30	1	1	0	43	24	22	0	388
gnl|GLV|CAGL0G01606g_118-281_1V7O:A:	2	7	3	3	0	17	7	6	0	155
gnl|GLV|CAGL0G01606g_42-111_2E1B:A:1-87	2	5	1	0	0	15	8	5	0	87
gnl|GLV|CAGL0G01584g_417-466_2IW5:B:376-440	0	0	0	4	0	5	3	2	0	65
gnl|GLV|CAGL0G01540g_5-212_1DDZ:A:326-564	0	5	0	11	0	20	12	19	0	239
gnl|GLV|CAGL0G01386g_341-470_1V89:A:	0	7	0	1	0	15	12	2	0	117
gnl|GLV|CAGL0G01364g_15-124,158-289,332-428,499-549_1ATI:A:1-394	3	18	6	9	0	33	19	17	0	394
gnl|GLV|CAGL0G01364g_534-654_1ATI:A:395-505	0	5	1	4	0	14	8	6	0	111
gnl|GLV|CAGL0G01320g_188-333_1MKP:A:	0	6	1	5	0	14	7	10	0	144
gnl|GLV|CAGL0G01254g_8-55,86-499_1X0M:A:26-428	2	14	5	14	0	43	21	17	0	403
gnl|GLV|CAGL0G01232g_41-465_1AC5:A:	3	18	9	15	0	51	36	39	0	483
gnl|GLV|CAGL0G01210g_4-278_1F89:A:	4	13	1	7	0	29	14	11	0	281
gnl|GLV|CAGL0G01144g_1-858_2BPT:A:1-861	0	0	19	43	0	44	28	37	0	860
gnl|GLV|CAGL0G01100g_301-342,377-518_1TIP:A:	2	6	3	7	0	22	8	11	0	191
gnl|GLV|CAGL0G01100g_91-295_1BIF:A:37-249	0	6	1	7	0	16	9	11	0	213
gnl|GLV|CAGL0G01056g_54-316_1GHS:A:	3	12	6	10	0	35	17	17	0	306
gnl|GLV|CAGL0G00990g_4-130_1ZAV:A:1-177	0	5	2	6	0	12	5	9	0	177
gnl|GLV|CAGL0G00946g_69-173_1OQC:A:	0	0	1	5	0	10	7	4	0	112
gnl|GLV|CAGL0G00924g_621-841_1HU3:A:	0	0	1	10	0	14	8	8	0	259
gnl|GLV|CAGL0G00902g_591-719_1RRP:B:	2	6	0	1	0	17	9	5	0	134
gnl|GLV|CAGL0G00814g_157-256_1CDZ:A:	1	4	1	3	0	15	6	8	0	96
gnl|GLV|CAGL0G00814g_78-165_1X5L:A:8-105	1	9	0	0	0	16	8	3	0	98
gnl|GLV|CAGL0G00748g_190-270_1A79:A:83-179	0	6	1	2	0	10	6	8	0	97
gnl|GLV|CAGL0G00726g_452-624_1L1O:C:	3	9	0	5	0	16	7	7	0	178
gnl|GLV|CAGL0G00726g_305-426_1FGU:A:299-426	1	7	1	2	0	17	6	5	0	128
gnl|GLV|CAGL0G00726g_191-301_1FGU:A:181-298	0	8	2	1	0	18	6	5	0	118
gnl|GLV|CAGL0G00726g_1-110_1EWI:A:	2	5	1	2	0	14	11	4	0	114
gnl|GLV|CAGL0G00704g_31-122,178-367_1ERJ:A:	2	30	1	1	0	43	24	22	0	388
gnl|GLV|CAGL0G00594g_5-285,313-345_1R6D:A:	3	12	4	12	0	35	11	18	0	322
gnl|GLV|CAGL0G00528g_392-663_1E32:A:201-458	3	5	4	12	0	28	13	14	0	258
gnl|GLV|CAGL0G00528g_740-898_1E32:A:201-458	3	5	4	12	0	28	13	14	0	258
gnl|GLV|CAGL0G00528g_1017-1052_1JSP:B:	2	0	1	4	0	10	12	9	0	120
gnl|GLV|CAGL0G00506g_1021-1318_2P6R:A:1-202	1	7	2	7	0	20	9	10	0	202
gnl|GLV|CAGL0G00506g_186-477_2P6R:A:1-202	1	7	2	7	0	20	9	10	0	202
gnl|GLV|CAGL0G00506g_1650-1845_2Q0Z:X:33-208	1	0	2	9	0	14	8	11	0	176
gnl|GLV|CAGL0G00506g_819-991_2Q0Z:X:33-208	1	0	2	9	0	14	8	11	0	176
gnl|GLV|CAGL0G00506g_483-697_2P6R:A:203-403	2	10	1	7	0	20	15	11	0	201
gnl|GLV|CAGL0G00506g_1321-1528_2P6R:A:203-403	2	10	1	7	0	20	15	11	0	201
gnl|GLV|CAGL0G00506g_1532-1633_1Y0U:A:	0	2	1	4	0	6	2	5	0	95
gnl|GLV|CAGL0G00506g_697-802_1TW3:A:14-98	1	2	1	5	0	4	4	7	0	85
gnl|GLV|CAGL0G00506g_1844-1952_2Q0Z:X:209-322	2	7	1	0	0	12	8	4	0	114
gnl|GLV|CAGL0G00440g_135-461,500-553_1FC4:A:	4	15	0	16	0	43	22	25	0	400
gnl|GLV|CAGL0G00374g_327-486_1WLJ:A:	0	7	1	7	0	16	4	10	0	173
gnl|GLV|CAGL0G00352g_140-287_1COZ:A:	1	5	2	5	0	12	6	10	0	126
gnl|GLV|CAGL0G00308g_121-371_1AQ0:A:	6	12	5	10	0	34	21	16	0	306
gnl|GLV|CAGL0G00286g_47-307_1GHS:A:	3	12	6	10	0	35	17	17	0	306
gnl|GLV|CAGL0G00242g_1205-1463_1MT0:A:	2	10	3	10	0	20	20	20	0	241
gnl|GLV|CAGL0G00242g_613-820_1R0W:A:	0	11	2	12	1	27	19	16	0	281
gnl|GLV|CAGL0G00242g_899-1194_1PF4:A:10-320	0	0	9	16	0	12	11	14	0	310
gnl|GLV|CAGL0G00242g_206-495_2HYD:A:1-323	0	0	1	15	1	9	5	12	0	323
gnl|GLV|CAGL0G00220g_27-305_1AQ0:A:	6	12	5	10	0	34	21	16	0	306
gnl|GLV|CAGL0G00154g_14-164_1XBL:A:	0	0	0	3	0	7	3	6	0	75
gnl|GLV|CAGL0F09229g_15-52_1ZME:C:31-66	0	0	0	2	0	4	1	2	0	36
gnl|GLV|CAGL0F09207g_37-387_1EKF:A:	6	19	3	7	0	43	24	20	0	365
gnl|GLV|CAGL0F09185g_7-225_1SOU:A:	3	10	3	5	0	28	20	1	0	193
gnl|GLV|CAGL0F09163g_43-248_2CY9:A:13-139	3	7	1	1	0	15	7	5	0	127
gnl|GLV|CAGL0F09097g_403-525_1OXB:B:	0	5	0	5	0	13	11	4	0	124
gnl|GLV|CAGL0F09097g_75-178_1HKS:A:	0	3	0	2	0	14	14	11	0	106
gnl|GLV|CAGL0F09075g_338-656_1O6L:A:	6	9	5	10	0	39	20	21	0	337
gnl|GLV|CAGL0F09075g_153-190,238-327_2EP6:A:92-217	2	9	1	0	0	17	11	4	0	126
gnl|GLV|CAGL0F09053g_33-486_1FO3:A:	8	18	3	16	0	47	22	26	0	457
gnl|GLV|CAGL0F09031g_53-93_1P9K:A:	1	4	0	2	0	8	8	4	0	78
gnl|GLV|CAGL0F09009g_2-39_1X4S:A:8-53	0	4	1	1	0	8	3	3	0	46
gnl|GLV|CAGL0F08965g_97-588_1EUH:A:	5	24	5	14	0	44	29	25	0	474
gnl|GLV|CAGL0F08855g_35-318_1R3D:A:	2	7	3	11	0	24	13	15	0	263
gnl|GLV|CAGL0F08789g_25-371_1O58:A:	4	9	5	10	0	29	12	19	0	302
gnl|GLV|CAGL0F08723g_9-162_1COZ:A:	1	5	2	5	0	12	6	10	0	126
gnl|GLV|CAGL0F08723g_201-285_1COZ:A:	1	5	2	5	0	12	6	10	0	126
gnl|GLV|CAGL0F08701g_11-184_1DVK:A:	2	0	3	6	0	12	6	9	0	169
gnl|GLV|CAGL0F08679g_47-143_1F3U:A:	1	7	0	3	0	13	3	10	0	118
gnl|GLV|CAGL0F08679g_286-351_1BBY:A:	3	0	0	3	0	11	3	2	0	69
gnl|GLV|CAGL0F08635g_392-662_2HYE:C:403-675	1	8	3	9	0	25	16	11	0	273
gnl|GLV|CAGL0F08635g_21-350_2HYE:C:55-401	0	0	1	19	0	15	13	23	0	347
gnl|GLV|CAGL0F08635g_675-756_1LDJ:A:687-776	0	3	0	3	0	4	3	4	0	90
gnl|GLV|CAGL0F08547g_119-207_1F60:B:	0	4	0	2	0	6	2	7	0	90
gnl|GLV|CAGL0F08547g_11-58_1PN9:A:84-209	2	0	0	6	0	7	4	7	0	126
gnl|GLV|CAGL0F08503g_29-241_1FB1:A:	0	5	2	7	0	19	10	9	0	196
gnl|GLV|CAGL0F08459g_195-331,366-576_1RQG:A:1-138,A:174-396	15	13	4	15	0	37	14	21	1	361
gnl|GLV|CAGL0F08459g_581-746_1RQG:A:397-606	2	0	1	10	0	14	6	10	0	210
gnl|GLV|CAGL0F08459g_332-366_1RQG:A:139-173	3	0	0	0	0	8	6	2	0	35
gnl|GLV|CAGL0F08437g_154-419_1JJI:A:	0	8	5	11	0	21	17	19	0	311
gnl|GLV|CAGL0F08393g_40-255,290-601,751-787_1GW5:B:	0	0	4	32	0	42	43	37	0	579
gnl|GLV|CAGL0F08371g_70-488_1PW4:A:	2	0	1	18	0	21	18	22	0	450
gnl|GLV|CAGL0F08327g_3-102,707-825_1B43:A:1-219	4	9	3	8	0	25	14	14	0	219
gnl|GLV|CAGL0F08327g_810-853,886-964_1B43:A:220-339	0	0	3	5	0	11	6	7	0	120
gnl|GLV|CAGL0F08305g_11-48,105-367_1OKC:A:	0	0	6	11	0	19	10	9	0	292
gnl|GLV|CAGL0F08239g_24-211,350-468_1K0I:A:1-173,A:276-394	1	15	5	10	0	30	13	14	1	292
gnl|GLV|CAGL0F08217g_276-370,437-531_2CPZ:A:383-484	1	6	1	2	0	13	10	3	0	102
gnl|GLV|CAGL0F08217g_133-208_1D9A:A:	0	4	0	2	0	10	5	4	0	85
gnl|GLV|CAGL0F08195g_3-124_1FBQ:A:	2	4	1	4	0	10	4	7	0	89
gnl|GLV|CAGL0F08151g_178-277_1AIS:B:1206-1300	0	0	1	5	0	7	1	6	0	95
gnl|GLV|CAGL0F08151g_84-172_1VOL:A:113-207	0	0	0	5	0	8	2	6	0	95
gnl|GLV|CAGL0F08151g_2-48_1PFT:A:	1	2	0	0	0	7	5	2	0	50
gnl|GLV|CAGL0F08129g_85-208,351-464,546-563_1BPO:A:331-487	0	0	1	10	0	13	9	8	0	157
gnl|GLV|CAGL0F08107g_23-270_1EUC:B:0-245	3	13	3	7	0	25	12	15	0	245
gnl|GLV|CAGL0F08107g_271-417_2SCU:B:239-385	1	6	0	6	0	15	10	5	0	147
gnl|GLV|CAGL0F08063g_174-295_1HX8:A:167-299	0	0	2	4	0	8	3	5	0	133
gnl|GLV|CAGL0F08063g_3-146_1HF8:A:19-149	0	0	0	6	0	11	8	6	0	131
gnl|GLV|CAGL0F08041g_206-554_3PFK:A:	2	11	3	11	0	31	12	19	0	319
gnl|GLV|CAGL0F08041g_535-897,928-965_3PFK:A:	2	11	3	11	0	31	12	19	0	319
gnl|GLV|CAGL0F07997g_226-488_2FLU:X:325-609	14	28	0	0	0	37	15	14	0	285
gnl|GLV|CAGL0F07909g_31-76_1CLD:A:	0	0	0	2	0	4	2	1	0	33
gnl|GLV|CAGL0F07887g_19-147,416-546_1Q3Q:A:9-145,A:406-526	0	9	0	10	0	19	6	13	1	258
gnl|GLV|CAGL0F07887g_215-389_1A6D:B:216-367	2	8	2	3	0	15	12	6	0	152
gnl|GLV|CAGL0F07887g_152-221,382-416_1A6D:B:145-215,B:368-403	0	5	3	3	0	7	6	2	1	107
gnl|GLV|CAGL0F07865g_44-91_1AW6:A:	0	0	0	2	0	6	3	2	0	43
gnl|GLV|CAGL0F07821g_561-915_1C4Z:A:	4	10	4	13	0	35	26	18	0	350
gnl|GLV|CAGL0F07799g_202-390_2AFJ:A:12-224	0	10	2	3	0	26	29	9	0	213
gnl|GLV|CAGL0F07777g_15-500_1AG8:A:	7	20	1	17	0	53	34	24	0	493
gnl|GLV|CAGL0F07755g_3-47_2HAP:C:55-97	0	0	1	2	0	6	3	2	0	43
gnl|GLV|CAGL0F07733g_3-218_1B63:A:2-216	0	8	2	8	0	19	14	13	0	216
gnl|GLV|CAGL0F07733g_194-334_1B63:A:217-331	0	7	3	3	0	10	2	7	0	115
gnl|GLV|CAGL0F07711g_50-351_1OKC:A:	0	0	6	11	0	19	10	9	0	292
gnl|GLV|CAGL0F07689g_360-469,526-556_1LTQ:A:153-301	3	5	1	4	0	19	7	10	0	149
gnl|GLV|CAGL0F07535g_17-304_1MTZ:A:	4	8	4	10	0	27	19	19	0	290
gnl|GLV|CAGL0F07491g_3-137_1M45:A:	0	4	2	9	0	11	4	9	0	146
gnl|GLV|CAGL0F07425g_313-353_1MN3:A:	0	0	0	3	0	6	4	1	0	54
gnl|GLV|CAGL0F07381g_25-99_1TAF:B:	2	0	0	3	0	7	2	2	0	70
gnl|GLV|CAGL0F07381g_241-406_1UPK:A:	2	0	4	20	0	16	12	16	0	330
gnl|GLV|CAGL0F07337g_241-548_1FLG:A:	8	40	6	3	0	86	43	41	0	582
gnl|GLV|CAGL0F07315g_14-182_2OOX:E:3-181	5	5	2	7	0	16	11	8	0	179
gnl|GLV|CAGL0F07315g_183-320_2NYC:A:181-320	8	5	2	5	0	14	9	7	0	140
gnl|GLV|CAGL0F07249g_26-100_1TAF:B:	2	0	0	3	0	7	2	2	0	70
gnl|GLV|CAGL0F07249g_242-407_1UPK:A:	2	0	4	20	0	16	12	16	0	330
gnl|GLV|CAGL0F07183g_73-133,170-300_1TKI:A:	2	12	5	11	0	30	17	15	0	321
gnl|GLV|CAGL0F07139g_75-631_1FUK:A:	0	7	3	4	0	16	14	7	0	162
gnl|GLV|CAGL0F07095g_100-159_1M2V:B:61-215,B:553-646	5	10	2	3	0	17	17	8	1	249
gnl|GLV|CAGL0F07073g_69-140_1PKP:A:4-77	2	4	1	1	0	9	7	1	0	74
gnl|GLV|CAGL0F07073g_151-231_1PKP:A:78-148	1	4	0	2	0	9	5	4	0	71
gnl|GLV|CAGL0F07029g_13-301_1V93:A:	0	8	2	11	0	28	13	16	0	292
gnl|GLV|CAGL0F07007g_59-224_1GKZ:A:38-185	0	2	0	6	0	7	8	7	0	148
gnl|GLV|CAGL0F07007g_260-389,437-470_1GKZ:A:186-378	0	8	0	3	0	16	9	10	0	193
gnl|GLV|CAGL0F06941g_557-863_1RQB:A:4-306	4	10	5	12	0	31	15	21	0	303
gnl|GLV|CAGL0F06941g_107-377_1ULZ:A:115-328	2	8	1	6	0	23	11	8	0	214
gnl|GLV|CAGL0F06941g_860-1033_1RQB:A:307-474	0	0	2	9	0	15	7	9	0	168
gnl|GLV|CAGL0F06941g_21-135_1ULZ:A:1-114	0	5	1	6	0	12	6	6	0	114
gnl|GLV|CAGL0F06941g_358-476_1ULZ:A:329-451	2	7	2	3	0	15	9	6	0	123
gnl|GLV|CAGL0F06941g_1095-1173_1O78:A:	4	6	0	0	0	18	11	2	0	84
gnl|GLV|CAGL0F06919g_3-245_1I01:A:	2	7	3	9	0	21	12	12	0	241
gnl|GLV|CAGL0F06897g_5-249_2AE2:A:	2	7	5	9	0	24	14	17	0	259
gnl|GLV|CAGL0F06853g_4-322_1ERJ:A:	2	30	1	1	0	43	24	22	0	388
gnl|GLV|CAGL0F06831g_685-804_1IKN:D:	0	0	3	10	0	26	9	18	0	221
gnl|GLV|CAGL0F06831g_542-661_1CYG:A:492-574	1	9	0	0	0	14	7	3	0	83
gnl|GLV|CAGL0F06809g_3-163_1VHR:A:	2	5	1	8	0	14	9	10	0	178
gnl|GLV|CAGL0F06721g_37-116_1JHF:A:73-198	1	9	3	0	0	16	8	10	0	126
gnl|GLV|CAGL0F06677g_37-65,267-443_1BOF:A:10-60,A:182-354	1	6	6	6	0	19	9	12	1	224
gnl|GLV|CAGL0F06677g_69-115,193-272_1CIP:A:61-181	0	0	1	8	0	7	3	10	0	121
gnl|GLV|CAGL0F06655g_10-194_1UOH:A:	0	0	1	14	0	27	7	20	0	223
gnl|GLV|CAGL0F06633g_2-74_2AL3:A:10-85	2	5	1	2	0	11	5	4	0	76
gnl|GLV|CAGL0F06633g_274-343_1WGR:A:	0	5	0	2	0	14	8	4	0	99
gnl|GLV|CAGL0F06523g_97-577_1HV8:A:3-210	0	7	1	9	0	25	17	9	0	208
gnl|GLV|CAGL0F06501g_28-438_1VZ6:A:	3	14	2	11	0	35	15	19	0	383
gnl|GLV|CAGL0F06435g_3-117_1A79:A:83-179	0	6	1	2	0	10	6	8	0	97
gnl|GLV|CAGL0F06391g_67-220_1FKM:A:249-442	2	0	8	8	0	13	13	10	0	194
gnl|GLV|CAGL0F06391g_205-305_1FKM:A:443-630	0	0	1	8	0	10	3	8	0	188
gnl|GLV|CAGL0F06259g_115-193_1MNM:A:	0	2	0	3	0	7	4	4	0	85
gnl|GLV|CAGL0F06237g_18-102_1MNM:A:	0	2	0	3	0	7	4	4	0	85
gnl|GLV|CAGL0F06215g_5-42,85-146_1H3Z:A:	0	5	3	3	0	12	5	4	0	108
gnl|GLV|CAGL0F06171g_888-1032_1KO6:A:,B:	2	11	1	4	0	20	14	12	1	158
gnl|GLV|CAGL0F06127g_17-168_1F5M:A:	2	6	2	4	0	18	12	9	0	176
gnl|GLV|CAGL0F06061g_10-314_1PYF:A:	6	11	6	11	0	33	19	21	0	311
gnl|GLV|CAGL0F06039g_38-102_1PCF:A:	0	4	0	1	0	4	1	3	0	65
gnl|GLV|CAGL0F05995g_533-586_2EPS:A:408-446	0	2	0	1	0	5	5	1	0	39
gnl|GLV|CAGL0F05973g_246-391_1C25:A:	3	7	1	5	0	18	12	10	0	161
gnl|GLV|CAGL0F05951g_28-153_1B12:A:	5	17	5	1	0	32	10	16	0	247
gnl|GLV|CAGL0F05907g_160-225,266-360,398-459_1YAG:A:147-375	0	9	6	10	0	25	15	15	0	229
gnl|GLV|CAGL0F05907g_17-156_1JCF:A:1-140	0	10	0	4	0	12	8	9	0	140
gnl|GLV|CAGL0F05885g_3-272_2EFL:A:1-288	0	0	0	7	0	7	3	7	0	288
gnl|GLV|CAGL0F05885g_633-706_1ARK:A:	1	6	0	0	0	11	4	3	0	60
gnl|GLV|CAGL0F05797g_483-848,925-1088,1182-1296_1TE4:A:	0	0	3	6	0	11	9	5	0	111
gnl|GLV|CAGL0F05753g_90-326_4KBP:A:121-432	5	15	5	6	0	41	25	21	0	312
gnl|GLV|CAGL0F05731g_14-169_1A0R:P:	0	5	1	7	0	18	12	12	0	218
gnl|GLV|CAGL0F05665g_7-663_1MQS:A:	4	14	2	25	0	48	32	27	0	653
gnl|GLV|CAGL0F05621g_70-358_1YC5:A:1-245	5	10	5	9	0	28	13	15	0	245
gnl|GLV|CAGL0F05599g_6-27_1RGO:A:151-186	2	0	2	1	0	5	4	2	0	36
gnl|GLV|CAGL0F05555g_1-197_1JJV:A:	0	5	1	9	0	20	8	8	0	205
gnl|GLV|CAGL0F05511g_1-63,103-333_1MLV:A:50-310	4	6	3	8	0	32	19	16	0	261
gnl|GLV|CAGL0F05489g_35-210_1UHT:A:	3	9	0	0	0	18	9	7	0	117
gnl|GLV|CAGL0F05401g_495-695_2QFI:A:5-208	2	0	7	7	0	14	20	21	0	204
gnl|GLV|CAGL0F05379g_52-598_1YA0:A:1-497	3	2	6	21	0	32	18	18	0	497
gnl|GLV|CAGL0F05357g_520-562_1D66:A:8-48	0	0	0	2	0	4	1	2	0	41
gnl|GLV|CAGL0F05335g_450-824_1BO1:A:	1	12	2	8	0	33	23	12	0	383
gnl|GLV|CAGL0F05269g_3-173_2NGR:A:	0	6	3	6	0	19	11	13	0	191
gnl|GLV|CAGL0F05247g_187-283_1F37:A:	0	5	3	2	0	14	6	7	0	109
gnl|GLV|CAGL0F05137g_85-224_1CFE:A:	1	6	2	4	0	18	12	7	0	135
gnl|GLV|CAGL0F05115g_75-462_1Z3X:A:1-87	0	0	0	5	0	7	4	5	0	87
gnl|GLV|CAGL0F05071g_6-275_1HNU:A:	3	9	2	11	0	23	8	13	0	263
gnl|GLV|CAGL0F05027g_44-118_1RQ0:A:	0	11	3	9	0	23	14	13	0	333
gnl|GLV|CAGL0F04961g_29-106_1B34:B:	0	5	1	1	0	8	1	3	0	93
gnl|GLV|CAGL0F04939g_31-104,136-213,240-330_1LTL:A:	2	10	4	5	0	24	9	12	0	239
gnl|GLV|CAGL0F04939g_378-693_1NY5:A:138-384	4	9	2	11	0	25	17	12	0	247
gnl|GLV|CAGL0F04895g_30-897_1YGP:A:	4	22	12	36	0	72	38	38	0	876
gnl|GLV|CAGL0F04873g_293-423,469-634_1AJO:A:	5	16	3	1	0	26	14	11	0	212
gnl|GLV|CAGL0F04829g_44-126_1GRI:A:157-217	1	5	1	0	0	8	4	2	0	61
gnl|GLV|CAGL0F04741g_35-319_1A06:A:	4	8	4	10	0	29	20	14	0	307
gnl|GLV|CAGL0F04719g_139-347_2BIS:A:1-437	4	17	6	16	0	48	27	24	0	437
gnl|GLV|CAGL0F04719g_492-608_2IW1:A:2-371	0	15	4	16	0	41	26	17	0	370
gnl|GLV|CAGL0F04653g_2-290_1QQE:A:	0	0	2	15	0	16	5	15	0	290
gnl|GLV|CAGL0F04609g_268-362_1F8H:A:	2	0	1	4	0	12	7	5	0	95
gnl|GLV|CAGL0F04609g_126-220_1F8H:A:	2	0	1	4	0	12	7	5	0	95
gnl|GLV|CAGL0F04609g_9-85_1IQ3:A:	0	2	0	4	0	13	11	1	0	109
gnl|GLV|CAGL0F04609g_1263-1309_2G3Q:A:1339-1381	0	0	0	3	0	4	2	3	0	43
gnl|GLV|CAGL0F04609g_637-869_1C1G:C:	0	0	0	3	0	2	1	2	0	283
gnl|GLV|CAGL0F04565g_24-221_1EZV:A:27-239	0	6	3	8	0	17	14	11	0	213
gnl|GLV|CAGL0F04565g_240-442_1EZV:A:240-456	1	6	1	8	0	20	10	14	0	217
gnl|GLV|CAGL0F04477g_23-239_1RYP:1:	3	12	0	4	0	20	12	13	0	222
gnl|GLV|CAGL0F04411g_21-165_2GYA:K:3-133	4	6	0	2	0	21	11	5	0	131
gnl|GLV|CAGL0F04389g_18-652_1GW5:A:	0	2	4	33	0	46	32	22	0	620
gnl|GLV|CAGL0F04389g_735-872_1W80:A:694-824	1	8	1	2	0	13	6	5	0	131
gnl|GLV|CAGL0F04389g_884-987_1QTS:A:825-938	0	6	2	3	0	8	6	5	0	114
gnl|GLV|CAGL0F04367g_21-254_1CT5:A:	2	8	1	9	0	23	11	9	0	244
gnl|GLV|CAGL0F04301g_344-554,1382-1464_1GW5:A:	0	2	4	33	0	46	32	22	0	620
gnl|GLV|CAGL0F04279g_5-43,105-248_2BZ1:A:1-174	0	7	0	7	0	17	9	10	0	174
gnl|GLV|CAGL0F04257g_114-195_2AXY:A:11-81	0	3	1	3	0	7	2	0	0	71
gnl|GLV|CAGL0F04257g_243-330_1WVN:A:5-74	0	3	2	3	0	7	1	2	0	70
gnl|GLV|CAGL0F04257g_2-86_2AXY:A:11-81	0	3	1	3	0	7	2	0	0	71
gnl|GLV|CAGL0F04213g_8-296_1OKC:A:	0	0	6	11	0	19	10	9	0	292
gnl|GLV|CAGL0F04015g_7-214,288-495_1PV7:A:	0	0	2	22	0	18	12	14	0	417
gnl|GLV|CAGL0F03993g_7-225,255-277_1K47:A:1-194	0	6	1	7	0	17	10	7	0	194
gnl|GLV|CAGL0F03905g_156-308,505-685_1HOW:A:	5	10	4	11	0	39	18	24	0	362
gnl|GLV|CAGL0F03883g_48-326_1GHS:A:	3	12	6	10	0	35	17	17	0	306
gnl|GLV|CAGL0F03861g_8-217_1KVK:A:1-225	0	8	2	6	0	18	15	9	0	225
gnl|GLV|CAGL0F03861g_233-387_1KVK:A:226-394	0	5	0	6	0	14	6	6	0	169
gnl|GLV|CAGL0F03839g_209-276,310-363_1YUB:A:	4	7	1	9	0	31	23	9	0	245
gnl|GLV|CAGL0F03817g_133-389_2R8B:A:44-246	2	9	2	5	0	21	16	11	0	203
gnl|GLV|CAGL0F03729g_18-119_1HDJ:A:	0	0	1	4	0	9	2	7	0	76
gnl|GLV|CAGL0F03729g_153-221_1NLT:A:139-212	2	4	0	0	0	10	9	6	0	74
gnl|GLV|CAGL0F03729g_271-354_1NLT:A:258-337	4	6	0	1	0	15	6	4	0	80
gnl|GLV|CAGL0F03729g_122-146,211-267_1NLT:A:110-138,A:213-257	2	5	0	1	0	12	2	5	1	74
gnl|GLV|CAGL0F03707g_151-435,544-578_1IA8:A:	5	12	5	7	0	36	16	18	0	275
gnl|GLV|CAGL0F03663g_55-133_2J01:Y:2-102	3	4	1	0	0	19	11	5	0	101
gnl|GLV|CAGL0F03641g_184-262_1S7B:A:	0	0	0	4	0	10	7	3	0	109
gnl|GLV|CAGL0F03619g_4-105_2CP6:A:8-167	1	7	1	0	0	21	20	4	0	159
gnl|GLV|CAGL0F03597g_1-376_2BIS:A:1-437	4	17	6	16	0	48	27	24	0	437
gnl|GLV|CAGL0F03575g_153-198,371-566_1DE4:C:122-189,C:383-608	3	7	2	10	0	23	20	17	1	294
gnl|GLV|CAGL0F03575g_206-369_2OR4:A:118-350	8	12	3	4	0	39	15	17	0	233
gnl|GLV|CAGL0F03575g_599-751_2OR4:A:594-750	4	2	1	6	0	11	6	10	0	157
gnl|GLV|CAGL0F03553g_41-144_1T0G:A:	0	5	1	3	0	13	7	9	0	109
gnl|GLV|CAGL0F03531g_265-480_1OF5:A:	1	7	3	2	0	14	5	6	0	220
gnl|GLV|CAGL0F03531g_99-251_1FO1:A:203-362	0	7	4	5	0	18	7	12	0	160
gnl|GLV|CAGL0F03531g_533-588_1GO5:A:	0	0	0	4	0	7	7	3	0	69
gnl|GLV|CAGL0F03399g_9-91_1CXY:A:	2	4	2	3	0	8	2	8	0	81
gnl|GLV|CAGL0F03311g_5-59,123-328_2JFL:A:21-308	1	11	6	10	0	27	17	20	0	288
gnl|GLV|CAGL0F03245g_605-910_1GZ8:A:	3	8	3	10	0	29	17	22	0	298
gnl|GLV|CAGL0F03245g_106-323_1G72:A:	6	38	10	5	0	74	38	44	0	571
gnl|GLV|CAGL0F03223g_366-660_1FJM:A:	2	14	0	10	0	35	21	16	0	294
gnl|GLV|CAGL0F03135g_281-358_1UFM:A:	0	3	0	3	0	8	7	3	0	83
gnl|GLV|CAGL0F03113g_153-248_1KMD:A:	0	3	0	5	0	14	7	4	0	117
gnl|GLV|CAGL0F03069g_376-484_1SSE:A:,B:	0	4	1	4	0	16	11	4	1	121
gnl|GLV|CAGL0F03069g_20-79_1GD2:G:	0	0	0	1	0	3	1	0	0	69
gnl|GLV|CAGL0F03047g_619-735_2QLV:B:306-412	1	3	1	1	0	7	2	2	0	107
gnl|GLV|CAGL0F03047g_403-459_2QLV:B:161-247	1	9	1	0	0	14	7	4	0	87
gnl|GLV|CAGL0F03025g_28-80_1PYI:A:30-71	0	2	0	2	0	6	1	3	0	42
gnl|GLV|CAGL0F02959g_3-390_1JIH:A:1-389	4	12	6	15	0	45	27	25	0	389
gnl|GLV|CAGL0F02959g_393-513_1JIH:A:390-509	0	4	0	2	0	11	5	4	0	120
gnl|GLV|CAGL0F02937g_1-86_1WIB:A:	1	3	0	2	0	10	7	4	0	91
gnl|GLV|CAGL0F02937g_75-147_1S72:I:	0	2	0	3	0	7	5	3	0	70
gnl|GLV|CAGL0F02893g_95-372_1RTQ:A:	0	9	4	8	0	27	18	18	0	291
gnl|GLV|CAGL0F02761g_2-204_1MEO:A:	0	9	1	6	0	19	15	11	0	208
gnl|GLV|CAGL0F02695g_42-124_2ZJR:Q:2-94	2	4	0	2	0	13	6	4	0	93
gnl|GLV|CAGL0F02673g_1-80_1Y14:B:1-80	1	4	1	1	0	7	2	4	0	80
gnl|GLV|CAGL0F02673g_81-170_1Y14:B:81-171	0	9	1	0	0	12	3	7	0	91
gnl|GLV|CAGL0F02607g_30-485_1OG2:A:	9	9	4	17	0	50	25	22	0	462
gnl|GLV|CAGL0F02585g_6-329_1Q8F:A:	0	12	3	12	0	38	16	10	0	308
gnl|GLV|CAGL0F02563g_4-208_1VDM:A:1-153	3	9	0	3	0	18	9	6	0	153
gnl|GLV|CAGL0F02541g_4-247_1P22:A:253-545	0	28	0	1	0	35	23	13	0	293
gnl|GLV|CAGL0F02519g_28-68_1ZME:C:31-66	0	0	0	2	0	4	1	2	0	36
gnl|GLV|CAGL0F02475g_74-154_2DT7:B:134-217	0	0	1	3	0	8	6	3	0	84
gnl|GLV|CAGL0F02475g_5-53_2DT6:A:48-110	0	0	1	3	0	4	4	5	0	63
gnl|GLV|CAGL0F02453g_208-368_1PBW:A:	1	0	2	10	0	19	11	10	0	184
gnl|GLV|CAGL0F02431g_28-542_1ACO:A:2-528	11	21	6	16	0	60	33	33	0	527
gnl|GLV|CAGL0F02431g_557-780_1ACO:A:529-754	9	9	4	7	0	28	12	16	0	226
gnl|GLV|CAGL0F02343g_22-54,149-316_1KAG:A:	0	5	1	7	0	12	8	5	0	169
gnl|GLV|CAGL0F02343g_25-114_1L4U:A:	0	5	2	8	0	16	11	7	0	165
gnl|GLV|CAGL0F02233g_183-468_2BWV:A:177-440	4	11	3	6	0	29	15	15	0	264
gnl|GLV|CAGL0F02233g_16-180_2BWV:A:1-176	0	8	2	7	0	18	9	6	0	176
gnl|GLV|CAGL0F02167g_282-599_1E3M:A:270-566	3	4	1	15	0	23	13	17	0	297
gnl|GLV|CAGL0F02167g_601-788_1EWQ:A:542-765	2	10	1	6	0	20	13	10	0	224
gnl|GLV|CAGL0F02101g_1306-1384,1425-1504,1597-1731,1765-1800,1829-1900,1944-2068_1TE4:A:	0	0	3	6	0	11	9	5	0	111
gnl|GLV|CAGL0F02101g_233-270,303-397,563-754,851-899,1000-1104_2BNX:A:133-475	0	0	1	17	0	20	13	25	0	343
gnl|GLV|CAGL0F02079g_486-683_1GXL:A:	2	8	4	7	0	19	12	14	0	205
gnl|GLV|CAGL0F02079g_4-225,1115-1202_1W1W:A:	2	14	3	8	0	28	15	19	0	427
gnl|GLV|CAGL0F02013g_6-41_2E45:A:1-50	0	3	0	0	0	8	4	6	0	50
gnl|GLV|CAGL0F01947g_19-393_1JEH:A:1-160,A:283-355	5	10	0	6	0	22	12	12	1	233
gnl|GLV|CAGL0F01947g_371-490_1JEH:A:356-478	2	5	1	5	0	12	5	9	0	123
gnl|GLV|CAGL0F01837g_122-159,210-315,434-581_2OVR:B:2365-2706	0	32	2	1	0	36	24	21	0	342
gnl|GLV|CAGL0F01815g_5-288_1J1L:A:	3	26	3	1	0	39	19	20	0	288
gnl|GLV|CAGL0F01771g_137-344,399-419,459-602,694-806_1FO3:A:	8	18	3	16	0	47	22	26	0	457
gnl|GLV|CAGL0F01727g_37-218_1J9A:A:	3	5	1	8	0	22	9	9	0	183
gnl|GLV|CAGL0F01705g_362-594_1PYS:B:475-681	0	12	2	5	0	19	14	9	0	207
gnl|GLV|CAGL0F01705g_295-369_1PYS:B:400-474	0	3	1	3	0	9	3	4	0	75
gnl|GLV|CAGL0F01705g_5-82_1PYS:B:1-38,B:152-190	0	3	1	3	0	8	2	5	1	77
gnl|GLV|CAGL0F01705g_208-266_1PYS:B:191-399	2	13	1	5	0	21	8	12	0	209
gnl|GLV|CAGL0F01661g_55-243_1QZZ:A:102-357	0	7	3	12	0	25	14	13	0	256
gnl|GLV|CAGL0F01419g_753-975_1MT0:A:	2	10	3	10	0	20	20	20	0	241
gnl|GLV|CAGL0F01419g_60-273_3DHW:C:1-240	3	10	1	7	0	21	17	12	0	240
gnl|GLV|CAGL0F01397g_248-583,610-665_2NPP:B:28-415	0	0	6	18	0	30	22	21	0	388
gnl|GLV|CAGL0F01287g_49-308_1GHS:A:	3	12	6	10	0	35	17	17	0	306
gnl|GLV|CAGL0F01265g_197-256_1GD2:G:	0	0	0	1	0	3	1	0	0	69
gnl|GLV|CAGL0F01199g_2-240_1RYP:D:	5	10	0	7	0	24	17	14	0	241
gnl|GLV|CAGL0F01155g_38-232,264-300,993-1064_1XEW:X:,Y:	2	15	2	9	0	30	20	14	1	329
gnl|GLV|CAGL0F01155g_826-1070_1XEW:X:,Y:	2	15	2	9	0	30	20	14	1	329
gnl|GLV|CAGL0F01133g_46-357_1J09:A:1-305	10	9	5	10	0	36	14	16	0	305
gnl|GLV|CAGL0F01133g_360-527_1J09:A:306-468	0	0	2	9	0	14	10	6	0	163
gnl|GLV|CAGL0F01045g_53-130_1FJG:S:	2	3	1	1	0	12	9	4	0	84
gnl|GLV|CAGL0F01001g_21-145,177-358_1AKO:A:	6	12	3	10	0	27	14	16	0	268
gnl|GLV|CAGL0F00979g_112-346_2ABK:A:	0	0	3	10	0	19	15	10	0	211
gnl|GLV|CAGL0F00957g_9-603_1B3U:A:	0	0	8	44	0	40	26	36	0	588
gnl|GLV|CAGL0F00913g_940-1205_1XWS:A:	3	12	5	9	0	31	19	10	0	273
gnl|GLV|CAGL0F00825g_12-206,316-483_1M0W:A:6-210,A:324-491	3	18	5	11	0	34	15	17	1	373
gnl|GLV|CAGL0F00825g_208-314_1M0W:A:216-323	0	6	1	4	0	13	5	6	0	108
gnl|GLV|CAGL0F00803g_8-79_1SB0:A:	0	0	2	3	0	7	5	2	0	87
gnl|GLV|CAGL0F00759g_321-505_1T9F:A:	4	12	2	0	0	29	9	14	0	186
gnl|GLV|CAGL0F00693g_3-430_1VLU:A:	4	13	4	14	0	38	20	18	0	467
gnl|GLV|CAGL0F00671g_45-824_1OE9:A:63-795	5	19	8	26	0	54	32	34	0	733
gnl|GLV|CAGL0F00671g_1-63_1OE9:A:5-62	1	4	0	0	0	7	3	3	0	58
gnl|GLV|CAGL0F00671g_830-931_1S96:A:	3	9	1	9	0	19	8	12	0	205
gnl|GLV|CAGL0F00649g_56-217,248-397_1A06:A:	4	8	4	10	0	29	20	14	0	307
gnl|GLV|CAGL0F00627g_398-471_1S7A:A:	0	3	1	5	0	9	8	3	0	103
gnl|GLV|CAGL0F00605g_240-494_1BG3:A:671-911	2	5	3	10	0	19	14	15	0	241
gnl|GLV|CAGL0F00605g_14-226_1IG8:A:18-224	2	8	1	5	0	24	11	10	0	207
gnl|GLV|CAGL0F00561g_83-127_1QYP:A:	0	4	0	0	0	8	5	1	0	56
gnl|GLV|CAGL0F00539g_37-167,440-559_1A6D:A:17-145,A:404-519	0	9	1	11	0	18	7	14	1	245
gnl|GLV|CAGL0F00539g_239-413_1ASS:A:	3	6	1	4	0	17	14	8	0	152
gnl|GLV|CAGL0F00539g_181-245,406-441_1A6D:B:145-215,B:368-403	0	5	3	3	0	7	6	2	1	107
gnl|GLV|CAGL0F00517g_206-448_1K8K:A:161-418	0	9	7	10	0	24	11	13	0	258
gnl|GLV|CAGL0F00517g_5-45,93-194_1K8K:A:3-160	0	10	4	3	0	17	12	9	0	158
gnl|GLV|CAGL0F00495g_445-517,579-1189,1223-1453_1U6G:C:	0	2	14	60	0	74	56	65	0	1207
gnl|GLV|CAGL0F00495g_2015-2182,2217-2352,2383-2423_1E8Y:A:726-1092	0	10	2	12	0	26	15	16	0	367
gnl|GLV|CAGL0F00495g_1943-2035_3FAP:B:	0	0	0	4	0	5	1	1	0	94
gnl|GLV|CAGL0F00495g_66-511_1B3U:A:	0	0	8	44	0	40	26	36	0	588
gnl|GLV|CAGL0F00451g_24-257_1SXJ:D:26-262	0	5	2	13	0	21	15	15	0	237
gnl|GLV|CAGL0F00451g_262-352_1SXJ:D:263-353	0	0	0	5	0	7	4	3	0	91
gnl|GLV|CAGL0F00429g_3-191_2CAR:A:1-194	1	7	2	6	0	24	13	9	0	194
gnl|GLV|CAGL0F00319g_1-189_1EQ6:A:	0	10	5	3	0	16	9	11	0	189
gnl|GLV|CAGL0F00297g_121-327_2VK9:A:2-541	9	6	8	20	0	52	25	29	0	540
gnl|GLV|CAGL0F00275g_10-209_1H65:A:	3	11	4	7	0	28	14	12	0	269
gnl|GLV|CAGL0F00253g_246-483_1A53:A:	4	8	1	11	0	28	15	13	0	247
gnl|GLV|CAGL0F00253g_1-194_1I7Q:B:	2	9	2	5	0	15	12	13	0	192
gnl|GLV|CAGL0F00231g_11-287_1OKC:A:	0	0	6	11	0	19	10	9	0	292
gnl|GLV|CAGL0F00209g_77-506_1PW4:A:	2	0	1	18	0	21	18	22	0	450
gnl|GLV|CAGL0E06644g_139-173,206-277_1ACC:A:	15	41	7	10	0	90	43	37	0	734
gnl|GLV|CAGL0E06556g_6-313_2DDR:A:7-305	4	15	0	5	0	36	21	17	0	299
gnl|GLV|CAGL0E06534g_68-149,178-209,271-415,520-609_1M8Z:A:	0	2	4	27	0	17	16	26	0	339
gnl|GLV|CAGL0E06490g_209-459_2CE7:A:150-402	2	5	6	9	0	24	12	16	0	253
gnl|GLV|CAGL0E06446g_4-249_1SU1:A:	4	11	1	3	0	23	10	12	0	184
gnl|GLV|CAGL0E06380g_16-327_2AX3:A:212-489	0	9	3	13	0	31	16	13	0	278
gnl|GLV|CAGL0E06358g_1-244_1QHF:A:	6	6	5	7	0	30	17	17	0	240
gnl|GLV|CAGL0E06336g_42-251_1NRJ:B:	3	6	4	5	0	18	9	10	0	209
gnl|GLV|CAGL0E06314g_113-337_1QZZ:A:102-357	0	7	3	12	0	25	14	13	0	256
gnl|GLV|CAGL0E06292g_18-66,98-231_2GF0:A:4-176	2	7	2	6	0	19	11	8	0	173
gnl|GLV|CAGL0E06270g_1-81_1WII:A:	0	3	0	1	0	8	4	3	0	84
gnl|GLV|CAGL0E06226g_280-525_1HS6:A:209-460	1	7	4	11	0	19	10	13	0	252
gnl|GLV|CAGL0E06226g_73-269_1HS6:A:1-208	2	15	4	0	0	20	10	12	0	208
gnl|GLV|CAGL0E06160g_24-237_1FIO:A:	0	0	0	6	0	7	2	5	0	196
gnl|GLV|CAGL0E06138g_1361-1428,1521-1658_2GFV:A:252-412	5	7	4	4	0	22	9	6	0	161
gnl|GLV|CAGL0E06138g_1018-1081,1187-1399_1J3N:A:1-249	6	7	5	10	0	28	13	15	0	249
gnl|GLV|CAGL0E06138g_1765-1882_1FTH:A:	0	5	1	4	0	12	8	3	0	117
gnl|GLV|CAGL0E06138g_672-902_1YBV:A:	2	7	6	9	0	26	16	13	0	270
gnl|GLV|CAGL0E06138g_14-66_1NM2:A:0-133,A:196-314	2	6	2	12	0	20	14	17	1	251
gnl|GLV|CAGL0E06116g_30-75_1XF7:A:	0	2	0	1	0	4	3	1	0	29
gnl|GLV|CAGL0E06028g_72-319_1QG8:A:	2	9	4	8	0	22	13	12	0	255
gnl|GLV|CAGL0E06006g_94-197,225-320_2QFI:A:5-208	2	0	7	7	0	14	20	21	0	204
gnl|GLV|CAGL0E05874g_66-208_1WB1:A:1-179	1	6	1	5	0	15	7	9	0	179
gnl|GLV|CAGL0E05808g_10-223_1XI3:A:	0	8	0	10	0	20	16	11	0	206
gnl|GLV|CAGL0E05808g_263-299,336-527_5CGE:A:1-263	0	9	2	11	0	21	9	10	0	263
gnl|GLV|CAGL0E05808g_252-298,361-527_3NL2:A:231-540	2	9	3	10	0	27	14	9	0	309
gnl|GLV|CAGL0E05742g_44-146_1TJC:A:	0	0	0	5	0	8	1	4	0	95
gnl|GLV|CAGL0E05698g_7-299_1MLV:A:50-310	4	6	3	8	0	32	19	16	0	261
gnl|GLV|CAGL0E05676g_172-350_1JA1:A:63-239	0	7	4	5	0	17	7	9	0	177
gnl|GLV|CAGL0E05676g_457-684_1TV8:A:	4	11	4	10	0	39	20	20	0	327
gnl|GLV|CAGL0E05654g_1-252_1O1Z:A:	1	11	4	10	0	22	17	11	0	233
gnl|GLV|CAGL0E05588g_258-521_1JX4:A:1-240	3	8	3	10	0	22	11	12	0	240
gnl|GLV|CAGL0E05588g_79-168_1CDZ:A:	1	4	1	3	0	15	6	8	0	96
gnl|GLV|CAGL0E05588g_534-647_1T94:A:411-515	0	4	0	2	0	8	4	3	0	105
gnl|GLV|CAGL0E05566g_123-154,186-227_1AM9:A:	0	0	0	2	0	4	1	1	0	80
gnl|GLV|CAGL0E05500g_4-129,197-246,298-1307,1464-1640_1I50:A:	24	46	14	45	0	162	93	81	0	1449
gnl|GLV|CAGL0E05456g_215-311_2CUJ:A:8-108	0	0	0	4	0	7	6	5	0	101
gnl|GLV|CAGL0E05434g_67-112_1PYI:A:30-71	0	2	0	2	0	6	1	3	0	42
gnl|GLV|CAGL0E05390g_9-262_1RIQ:A:1-236	0	11	4	7	0	22	14	13	0	236
gnl|GLV|CAGL0E05390g_263-467_1RIQ:A:237-457	0	2	1	9	0	13	8	12	0	217
gnl|GLV|CAGL0E05390g_592-756_1NYR:A:63-241	0	8	1	5	0	17	11	8	0	179
gnl|GLV|CAGL0E05390g_514-585_2E1B:A:1-87	2	5	1	0	0	15	8	5	0	87
gnl|GLV|CAGL0E05346g_93-224_2DM9:A:81-198	0	4	0	6	0	9	3	5	0	118
gnl|GLV|CAGL0E05324g_381-532,608-975_1QTM:A:423-831	4	11	3	17	0	33	15	20	0	409
gnl|GLV|CAGL0E05324g_172-271,317-395_1KFS:A:324-518	0	6	2	7	0	16	14	9	0	195
gnl|GLV|CAGL0E05280g_5-341_1Y1P:A:2-343	0	12	1	11	0	37	20	20	0	342
gnl|GLV|CAGL0E05258g_16-81_3B5N:A:28-86	0	0	0	1	0	1	0	0	0	60
gnl|GLV|CAGL0E05236g_7-340_1EXB:A:	4	10	6	13	1	24	21	17	0	326
gnl|GLV|CAGL0E05214g_8-341_1EXB:A:	4	10	6	13	1	24	21	17	0	326
gnl|GLV|CAGL0E05192g_8-341_1EXB:A:	4	10	6	13	1	24	21	17	0	326
gnl|GLV|CAGL0E05170g_4-344_1Y1P:A:2-343	0	12	1	11	0	37	20	20	0	342
gnl|GLV|CAGL0E05148g_700-1079_1HTY:A:523-1044	5	38	3	1	0	67	39	24	0	522
gnl|GLV|CAGL0E05148g_284-478_1HTY:A:31-411	6	11	4	12	0	41	27	21	0	381
gnl|GLV|CAGL0E05148g_565-669_1HTY:A:412-522	3	0	2	3	0	9	5	8	0	111
gnl|GLV|CAGL0E05126g_4-359_1N4Q:B:	11	5	5	14	0	36	20	25	0	346
gnl|GLV|CAGL0E05016g_1-367_1R53:A:	6	14	2	9	0	32	13	18	0	371
gnl|GLV|CAGL0E04994g_1-85_2CQL:A:1-87	0	6	0	1	0	8	5	4	0	87
gnl|GLV|CAGL0E04950g_191-394_4LIP:D:	4	11	2	11	0	29	17	24	0	319
gnl|GLV|CAGL0E04928g_54-390_1RQ0:A:	0	11	3	9	0	23	14	13	0	333
gnl|GLV|CAGL0E04906g_4-146_1USU:B:	1	7	1	3	0	11	1	8	0	142
gnl|GLV|CAGL0E04906g_216-358_1X53:A:8-139	3	6	0	4	0	14	6	8	0	132
gnl|GLV|CAGL0E04884g_27-76_2ADR:A:102-130	2	0	0	1	0	5	2	2	0	29
gnl|GLV|CAGL0E04862g_759-890_1KZY:C:1714-1866	1	6	1	4	0	12	6	7	0	153
gnl|GLV|CAGL0E04840g_26-60,95-224_1VMA:A:82-294	0	8	4	7	0	22	9	10	0	213
gnl|GLV|CAGL0E04818g_5-60_2OVR:B:2263-2364	0	0	0	6	0	9	7	5	0	102
gnl|GLV|CAGL0E04796g_598-649_1E6F:A:	7	10	2	0	0	16	8	7	0	134
gnl|GLV|CAGL0E04752g_2-146_1QCQ:A:	5	4	1	4	0	17	8	11	0	148
gnl|GLV|CAGL0E04708g_26-43,91-339_1CVL:A:	4	11	3	11	0	33	22	25	0	319
gnl|GLV|CAGL0E04642g_219-498_1OZ4:A:471-763	2	0	3	7	0	31	24	19	0	292
gnl|GLV|CAGL0E04642g_87-186_1CR5:A:108-210	1	6	0	2	0	13	3	7	0	103
gnl|GLV|CAGL0E04642g_5-81_1CR5:A:26-107	0	6	0	3	0	11	3	7	0	82
gnl|GLV|CAGL0E04642g_497-697_1D2N:A:	2	7	2	10	0	24	16	16	0	246
gnl|GLV|CAGL0E04620g_28-126_2DTG:E:312-467	7	8	1	3	0	23	17	14	0	156
gnl|GLV|CAGL0E04620g_255-351_1N8Z:C:323-488	5	9	5	2	0	25	16	13	0	166
gnl|GLV|CAGL0E04620g_197-281_1M6B:A:311-479	7	10	3	3	0	29	13	11	0	169
gnl|GLV|CAGL0E04598g_10-167_2UCZ:A:	2	4	2	4	0	18	13	11	0	164
gnl|GLV|CAGL0E04510g_449-557_1PJA:A:	2	8	7	11	0	33	16	21	0	268
gnl|GLV|CAGL0E04444g_1-54,88-191_2ATR:A:1-137	0	5	2	4	0	11	7	7	0	137
gnl|GLV|CAGL0E04422g_1-172,217-252_1Z2W:A:1-182	3	11	0	3	0	22	13	11	0	182
gnl|GLV|CAGL0E04400g_150-446_1SET:A:111-421	3	16	5	9	0	33	20	19	0	311
gnl|GLV|CAGL0E04400g_21-134_1SET:A:1-110	0	0	1	4	0	6	1	3	0	110
gnl|GLV|CAGL0E04378g_21-115,279-406,518-565_1REO:A:3-319,A:433-486	3	16	7	15	0	35	20	23	1	371
gnl|GLV|CAGL0E04356g_124-230_1KKC:A:98-213	2	3	4	5	0	8	5	7	0	116
gnl|GLV|CAGL0E04356g_17-115_1IDS:A:2-85	1	0	0	3	0	5	2	5	0	84
gnl|GLV|CAGL0E04312g_194-232_3ZNF:A:	2	0	0	1	0	5	3	1	0	30
gnl|GLV|CAGL0E04290g_97-175_1S7B:A:	0	0	0	4	0	10	7	3	0	109
gnl|GLV|CAGL0E04158g_19-71,112-133,188-310_1E58:A:	4	6	4	10	0	30	9	18	0	247
gnl|GLV|CAGL0E04114g_108-242_1LV7:A:	2	6	3	10	0	31	17	18	0	256
gnl|GLV|CAGL0E04092g_87-283,358-532_1PW4:A:	2	0	1	18	0	21	18	22	0	450
gnl|GLV|CAGL0E04070g_1-160,191-303_1MLV:A:50-310	4	6	3	8	0	32	19	16	0	261
gnl|GLV|CAGL0E03982g_1379-1636_1MV5:A:	2	12	1	8	1	29	24	14	0	242
gnl|GLV|CAGL0E03982g_1025-1065,1101-1368_2HYD:A:1-323	0	0	1	15	1	9	5	12	0	323
gnl|GLV|CAGL0E03982g_705-944_1R0W:A:	0	11	2	12	1	27	19	16	0	281
gnl|GLV|CAGL0E03982g_356-449,484-694_2HYD:A:1-323	0	0	1	15	1	9	5	12	0	323
gnl|GLV|CAGL0E03960g_25-139_2CQB:A:1-89	0	5	0	2	0	9	8	3	0	89
gnl|GLV|CAGL0E03960g_130-263_1P1T:A:	2	4	0	4	0	11	10	6	0	104
gnl|GLV|CAGL0E03938g_87-221_1SDS:A:	0	4	1	5	0	13	9	6	0	115
gnl|GLV|CAGL0E03916g_363-661_1BU6:O:254-499	1	9	1	7	0	25	18	16	0	246
gnl|GLV|CAGL0E03916g_108-363_1BU6:O:3-253	1	15	1	9	0	25	13	17	0	251
gnl|GLV|CAGL0E03916g_19-62_1R59:O:5-256	12	6	1	9	0	35	21	15	0	252
gnl|GLV|CAGL0E03894g_179-209,248-461_1FX8:A:	0	0	4	11	0	13	7	10	0	254
gnl|GLV|CAGL0E03850g_129-254_1NEK:B:107-238	0	0	0	8	0	16	6	9	0	132
gnl|GLV|CAGL0E03850g_23-127_1NEK:B:1-106	3	7	0	1	0	15	7	8	0	106
gnl|GLV|CAGL0E03828g_907-1558_1WA5:C:	8	0	17	50	0	66	46	42	0	959
gnl|GLV|CAGL0E03828g_1569-1867_1B3U:A:	0	0	8	44	0	40	26	36	0	588
gnl|GLV|CAGL0E03828g_22-58,120-138,269-371,437-497,631-977_1IAL:A:	0	0	4	28	0	36	22	21	0	453
gnl|GLV|CAGL0E03806g_13-158_1EYH:A:	2	0	2	8	0	11	5	5	0	144
gnl|GLV|CAGL0E03784g_321-389,478-524_1FKM:A:443-630	0	0	1	8	0	10	3	8	0	188
gnl|GLV|CAGL0E03674g_116-567_1PV7:A:	0	0	2	22	0	18	12	14	0	417
gnl|GLV|CAGL0E03652g_118-211_1R94:A:	0	7	1	2	0	9	3	5	0	97
gnl|GLV|CAGL0E03630g_372-464_2CQB:A:1-89	0	5	0	2	0	9	8	3	0	89
gnl|GLV|CAGL0E03630g_89-175_2CPD:A:223-308	0	5	0	2	0	8	7	4	0	86
gnl|GLV|CAGL0E03520g_62-197_1O0W:A:1-167	2	0	1	10	0	12	5	7	0	167
gnl|GLV|CAGL0E03476g_1085-1529_1NVU:S:	2	4	4	21	0	35	21	23	0	481
gnl|GLV|CAGL0E03476g_21-107_1UJY:A:	2	5	0	1	0	14	9	4	0	75
gnl|GLV|CAGL0E03454g_478-643_1C1G:C:	0	0	0	3	0	2	1	2	0	283
gnl|GLV|CAGL0E03432g_1-137_2C1I:A:268-463	0	9	4	8	0	22	8	9	0	196
gnl|GLV|CAGL0E03355g_1269-1525_1MV5:A:	2	12	1	8	1	29	24	14	0	242
gnl|GLV|CAGL0E03355g_954-1258_1PF4:A:10-320	0	0	9	16	0	12	11	14	0	310
gnl|GLV|CAGL0E03355g_631-842_1XMI:A:	0	11	2	11	1	27	20	15	0	290
gnl|GLV|CAGL0E03355g_263-569_3B60:A:10-328	0	0	1	11	0	6	9	9	0	319
gnl|GLV|CAGL0E03311g_12-185_1M2O:B:	2	6	4	4	0	16	10	12	0	167
gnl|GLV|CAGL0E03289g_316-568_1HU3:A:	0	0	1	10	0	14	8	8	0	259
gnl|GLV|CAGL0E03289g_113-209_1RF8:B:	1	0	2	3	0	15	12	4	0	99
gnl|GLV|CAGL0E03245g_272-385_1X5S:A:8-97	0	4	0	2	0	11	8	3	0	89
gnl|GLV|CAGL0E03245g_172-269_1P1T:A:	2	4	0	4	0	11	10	6	0	104
gnl|GLV|CAGL0E03223g_40-182_2NN6:B:6-150	2	5	1	2	0	16	10	8	0	145
gnl|GLV|CAGL0E03179g_6-82_1D8Z:A:	0	5	0	2	0	10	8	2	0	89
gnl|GLV|CAGL0E03157g_4-331_1JBQ:A:	3	11	7	11	0	40	22	20	0	355
gnl|GLV|CAGL0E03157g_354-498_2EF7:A:1-127	5	7	2	4	0	12	7	10	0	127
gnl|GLV|CAGL0E03113g_3-182_1C1Y:A:	2	6	1	6	0	18	12	8	0	167
gnl|GLV|CAGL0E03069g_121-395_1ERJ:A:	2	30	1	1	0	43	24	22	0	388
gnl|GLV|CAGL0E02915g_239-495_1VFF:A:1-423	5	17	5	14	0	44	20	22	0	423
gnl|GLV|CAGL0E02871g_18-177_1FMT:A:1-206	5	7	1	6	0	25	13	8	0	206
gnl|GLV|CAGL0E02871g_248-357_1FMT:A:207-314	5	6	1	3	0	10	7	7	0	108
gnl|GLV|CAGL0E02849g_228-331_1K30:A:	2	9	5	14	0	31	12	16	0	367
gnl|GLV|CAGL0E02783g_373-456_1UUE:A:	3	5	1	0	0	8	3	3	0	57
gnl|GLV|CAGL0E02783g_54-166_1OEB:A:	3	5	1	0	0	10	4	3	0	59
gnl|GLV|CAGL0E02783g_6-69_1JQQ:A:	3	5	1	0	0	12	7	5	0	91
gnl|GLV|CAGL0E02739g_92-195_1A17:A:	0	0	0	7	0	11	3	7	0	159
gnl|GLV|CAGL0E02673g_25-151_1O4W:A:	0	5	0	6	0	10	3	5	0	125
gnl|GLV|CAGL0E02651g_179-456_2PWA:A:1-279	4	15	3	6	0	32	20	20	0	279
gnl|GLV|CAGL0E02651g_73-171_1ITP:A:	0	4	0	2	0	7	7	2	0	76
gnl|GLV|CAGL0E02607g_5-181_1KY3:A:	2	6	1	5	0	19	10	9	0	175
gnl|GLV|CAGL0E02585g_129-407_2HBJ:A:129-420	0	8	5	10	0	33	22	11	0	292
gnl|GLV|CAGL0E02585g_422-510_2HBJ:A:421-516	0	0	0	6	0	9	5	5	0	96
gnl|GLV|CAGL0E02475g_335-404_1G1E:B:	0	0	0	4	0	6	2	5	0	89
gnl|GLV|CAGL0E02475g_185-255_1G1E:B:	0	0	0	4	0	6	2	5	0	89
gnl|GLV|CAGL0E02475g_613-684_1G1E:B:	0	0	0	4	0	6	2	5	0	89
gnl|GLV|CAGL0E02453g_1-111_1I50:K:	0	4	1	2	0	12	7	9	0	114
gnl|GLV|CAGL0E02431g_77-310_1OIS:A:	2	12	3	4	0	26	6	12	0	223
gnl|GLV|CAGL0E02431g_312-514,664-716_1K4T:A:431-640,A:713-765	4	3	5	11	0	20	11	18	1	263
gnl|GLV|CAGL0E02387g_42-184_1T17:A:	0	7	0	2	0	12	8	7	0	148
gnl|GLV|CAGL0E02343g_10-231_1QMH:A:5-184,A:280-338	5	11	0	7	0	25	12	12	1	239
gnl|GLV|CAGL0E02321g_40-570_1CJY:A:142-721	2	16	10	18	0	52	32	26	0	580
gnl|GLV|CAGL0E02299g_333-405_1IYM:A:	0	2	0	1	0	11	6	4	0	54
gnl|GLV|CAGL0E02255g_5-120_1AV1:D:	0	0	1	7	0	3	3	6	0	200
gnl|GLV|CAGL0E02233g_11-152_2CCH:B:181-308	0	0	1	6	0	9	3	5	0	128
gnl|GLV|CAGL0E02167g_66-143_1P98:A:	0	5	1	1	0	12	7	7	0	78
gnl|GLV|CAGL0E02145g_12-125_1U29:A:260-378	0	9	0	1	0	16	9	5	0	119
gnl|GLV|CAGL0E02123g_27-74_1J26:A:	1	3	1	2	0	13	10	3	0	111
gnl|GLV|CAGL0E02101g_86-252_1F5A:A:20-214	0	5	2	7	0	20	8	15	0	195
gnl|GLV|CAGL0E02101g_240-384_2B4V:A:289-471	3	4	4	5	0	20	10	9	0	183
gnl|GLV|CAGL0E02035g_114-520_1PW4:A:	2	0	1	18	0	21	18	22	0	450
gnl|GLV|CAGL0E01991g_4-142_2V7F:A:2-150	1	2	2	6	0	12	6	6	0	149
gnl|GLV|CAGL0E01947g_117-202_1UAW:A:	0	4	0	2	0	10	7	3	0	77
gnl|GLV|CAGL0E01947g_199-311_2MST:A:	3	4	0	2	0	14	6	4	0	75
gnl|GLV|CAGL0E01925g_156-391_2FHP:A:1-182	2	8	2	5	0	20	8	10	0	182
gnl|GLV|CAGL0E01881g_32-82,122-445_1J71:A:	2	26	4	3	0	34	19	20	0	334
gnl|GLV|CAGL0E01859g_35-80,115-438_1J71:A:	2	26	4	3	0	34	19	20	0	334
gnl|GLV|CAGL0E01837g_44-416_1EAG:A:	1	26	4	3	0	39	18	21	0	342
gnl|GLV|CAGL0E01815g_34-84,121-444_1J71:A:	2	26	4	3	0	34	19	20	0	334
gnl|GLV|CAGL0E01793g_38-83,120-440_1J71:A:	2	26	4	3	0	34	19	20	0	334
gnl|GLV|CAGL0E01771g_42-91,119-423_1J71:A:	2	26	4	3	0	34	19	20	0	334
gnl|GLV|CAGL0E01749g_35-84,121-440_1J71:A:	2	26	4	3	0	34	19	20	0	334
gnl|GLV|CAGL0E01727g_45-425_1J71:A:	2	26	4	3	0	34	19	20	0	334
gnl|GLV|CAGL0E01705g_11-156_1MLD:A:1-144	0	6	2	5	0	12	10	10	0	144
gnl|GLV|CAGL0E01705g_174-360_1MLD:A:145-313	2	5	3	4	0	16	6	6	0	169
gnl|GLV|CAGL0E01683g_38-355_1H8F:A:	1	11	7	11	0	40	25	18	0	352
gnl|GLV|CAGL0E01617g_390-589,626-667_2IUB:A:9-285	0	7	2	6	0	23	14	10	0	281
gnl|GLV|CAGL0E01617g_679-735_2IUB:A:286-349	0	0	0	2	0	2	2	2	0	64
gnl|GLV|CAGL0E01595g_24-319_1DP0:A:334-625	10	12	2	7	0	41	19	22	0	292
gnl|GLV|CAGL0E01573g_612-737_1W3B:A:	0	0	0	23	0	35	6	26	0	388
gnl|GLV|CAGL0E01573g_511-624_1ELW:A:	0	0	0	7	0	11	0	7	0	117
gnl|GLV|CAGL0E01529g_66-251_1K6M:A:39-251	0	6	1	7	0	18	12	12	0	213
gnl|GLV|CAGL0E01507g_68-470_1PW4:A:	2	0	1	18	0	21	18	22	0	450
gnl|GLV|CAGL0E01485g_244-425,468-584_1NR0:A:2-312	4	27	1	0	0	38	22	20	0	311
gnl|GLV|CAGL0E01441g_288-325_1FBV:A:356-434	2	2	0	2	0	11	6	5	0	79
gnl|GLV|CAGL0E01419g_52-101,169-243,271-502_1EAG:A:	1	26	4	3	0	39	18	21	0	342
gnl|GLV|CAGL0E01397g_444-522_1H3O:B:	0	1	0	3	0	7	2	2	0	75
gnl|GLV|CAGL0E01331g_566-623_1ZFD:A:	2	0	1	1	0	4	2	2	0	32
gnl|GLV|CAGL0E01309g_80-454_1NW1:A:	0	14	8	13	0	38	16	17	0	395
gnl|GLV|CAGL0E01287g_184-412_1SCZ:A:	0	10	2	7	0	19	8	12	0	233
gnl|GLV|CAGL0E01287g_39-133_1GHK:A:	3	6	0	0	0	17	8	3	0	79
gnl|GLV|CAGL0E01265g_1915-2045_1BAK:A:	0	7	0	1	0	18	12	3	0	118
gnl|GLV|CAGL0E01243g_339-370_1M9O:A:	0	0	2	0	0	8	6	3	0	76
gnl|GLV|CAGL0E01243g_376-405_1RGO:A:187-220	2	0	1	1	0	7	4	2	0	34
gnl|GLV|CAGL0E01221g_2-80,120-156_2DAY:A:8-122	0	4	0	3	0	10	8	4	0	115
gnl|GLV|CAGL0E01199g_11-184_1INZ:A:	0	0	1	7	0	13	10	5	0	147
gnl|GLV|CAGL0E01177g_2-162_1IST:A:	2	9	1	2	0	20	13	11	0	161
gnl|GLV|CAGL0E01133g_4-173_2GZ1:A:2-127,A:330-357	1	7	2	4	0	19	10	9	1	152
gnl|GLV|CAGL0E01133g_147-339_2GZ1:A:128-329	7	6	3	5	0	24	11	11	0	202
gnl|GLV|CAGL0E01067g_38-73,148-259_1TJC:A:	0	0	0	5	0	8	1	4	0	95
gnl|GLV|CAGL0E01045g_86-160_1YCS:B:457-519	3	5	2	0	0	8	5	4	0	63
gnl|GLV|CAGL0E01001g_2-622_1EPU:A:	10	13	8	23	0	49	33	33	0	590
gnl|GLV|CAGL0E00913g_250-476_1US7:B:	0	0	2	9	0	13	7	10	0	201
gnl|GLV|CAGL0E00847g_667-861_1PBV:A:	2	0	0	10	0	17	11	9	0	195
gnl|GLV|CAGL0E00847g_1197-1542,1627-1656,1693-1728,1756-1814_1XM9:A:244-700	0	0	2	27	0	26	20	30	0	457
gnl|GLV|CAGL0E00803g_246-360_1SHS:A:	2	10	3	0	0	16	4	4	0	115
gnl|GLV|CAGL0E00781g_248-495_1R5B:A:215-459	2	6	1	8	0	23	15	15	0	245
gnl|GLV|CAGL0E00781g_583-687_1R5B:A:555-622	5	4	0	0	0	11	7	1	0	68
gnl|GLV|CAGL0E00781g_486-578_1R5B:A:460-554	1	10	0	1	0	12	6	7	0	95
gnl|GLV|CAGL0E00759g_4-240,310-347_1W2F:A:	0	13	1	11	0	31	18	17	0	276
gnl|GLV|CAGL0E00737g_115-197_1CG7:A:	0	0	0	6	0	6	4	8	0	93
gnl|GLV|CAGL0E00671g_2-150_1FZY:A:	3	4	2	4	0	19	9	9	0	149
gnl|GLV|CAGL0E00671g_159-213_1TTE:A:161-215	0	0	0	3	0	7	6	2	0	55
gnl|GLV|CAGL0E00649g_52-168,252-466_1A6Q:A:2-296	3	15	2	7	0	26	16	16	0	295
gnl|GLV|CAGL0E00583g_35-140_1XWA:A:	0	5	0	4	0	8	5	7	0	110
gnl|GLV|CAGL0E00561g_434-819_1ERJ:A:	2	30	1	1	0	43	24	22	0	388
gnl|GLV|CAGL0E00517g_29-59_1WJV:A:36-66	0	2	1	0	0	4	2	3	0	31
gnl|GLV|CAGL0E00517g_1-27_1WJV:A:1-35	0	2	1	0	0	4	2	3	0	31
gnl|GLV|CAGL0E00495g_1-179_1ZSO:A:1-156	1	15	1	0	0	18	10	9	0	156
gnl|GLV|CAGL0E00407g_1-72,139-194_1XRI:A:	2	5	3	6	0	16	5	6	0	151
gnl|GLV|CAGL0E00385g_363-592_2HYD:A:324-578	2	10	5	9	0	25	21	16	0	255
gnl|GLV|CAGL0E00385g_35-344_2HYD:A:1-323	0	0	1	15	1	9	5	12	0	323
gnl|GLV|CAGL0E00363g_4-62_2V3K:A:25-251	2	10	2	6	0	30	16	14	0	227
gnl|GLV|CAGL0D06688g_40-522_1BI9:A:	7	19	2	16	0	50	25	21	0	499
gnl|GLV|CAGL0D06644g_523-769,815-878_1O6V:A:33-416	1	19	16	2	0	68	27	29	0	381
gnl|GLV|CAGL0D06600g_279-426,453-561,647-703_1HOW:A:	5	10	4	11	0	39	18	24	0	362
gnl|GLV|CAGL0D06556g_213-552_1EOV:A:205-557	7	11	2	13	0	32	18	22	0	353
gnl|GLV|CAGL0D06556g_71-199_1EOV:A:71-204	0	6	2	1	0	14	6	5	0	134
gnl|GLV|CAGL0D06512g_789-1239_1NVU:S:	2	4	4	21	0	35	21	23	0	481
gnl|GLV|CAGL0D06512g_4-89_1UJY:A:	2	5	0	1	0	14	9	4	0	75
gnl|GLV|CAGL0D06490g_166-326_2CC0:A:1-192	0	10	3	7	0	22	10	10	0	192
gnl|GLV|CAGL0D06446g_1542-1895_1E8Y:A:726-1092	0	10	2	12	0	26	15	16	0	367
gnl|GLV|CAGL0D06446g_1360-1516_1E8Y:A:525-725	0	0	2	12	0	15	8	11	0	201
gnl|GLV|CAGL0D06424g_32-548_1ACO:A:2-528	11	21	6	16	0	60	33	33	0	527
gnl|GLV|CAGL0D06424g_554-774_1ACO:A:529-754	9	9	4	7	0	28	12	16	0	226
gnl|GLV|CAGL0D06402g_4-435_2CTZ:A:1-421	7	12	6	18	0	48	21	31	0	421
gnl|GLV|CAGL0D06336g_6-224_1TLJ:A:	0	8	1	5	0	15	10	8	0	189
gnl|GLV|CAGL0D06314g_633-883_1HU3:A:	0	0	1	10	0	14	8	8	0	259
gnl|GLV|CAGL0D06314g_429-526_1RF8:B:	1	0	2	3	0	15	12	4	0	99
gnl|GLV|CAGL0D06292g_131-384_2CE7:A:150-402	2	5	6	9	0	24	12	16	0	253
gnl|GLV|CAGL0D06182g_4-98_1P1T:A:	2	4	0	4	0	11	10	6	0	104
gnl|GLV|CAGL0D06160g_126-236_1ENW:A:	0	0	0	5	0	12	10	7	0	114
gnl|GLV|CAGL0D06160g_2-77_1EO0:A:	0	0	0	4	0	7	4	3	0	77
gnl|GLV|CAGL0D06160g_245-304_1TFI:A:	0	4	0	0	0	10	6	0	0	50
gnl|GLV|CAGL0D06094g_5-40_1X4S:A:8-53	0	4	1	1	0	8	3	3	0	46
gnl|GLV|CAGL0D06006g_265-388,418-554_1FQV:A:146-431	8	13	3	8	0	55	21	24	0	286
gnl|GLV|CAGL0D05852g_581-739_1NYO:A:	5	7	0	8	0	18	16	11	0	163
gnl|GLV|CAGL0D05852g_13-159_1NYO:A:	5	7	0	8	0	18	16	11	0	163
gnl|GLV|CAGL0D05852g_435-599_1NYO:A:	5	7	0	8	0	18	16	11	0	163
gnl|GLV|CAGL0D05632g_3-55_1U97:A:	0	0	0	2	0	8	7	4	0	69
gnl|GLV|CAGL0D05610g_265-434_1TA0:A:	2	9	6	4	0	24	13	9	0	196
gnl|GLV|CAGL0D05588g_14-373_1VYH:C:92-408	0	28	1	0	0	39	25	14	0	317
gnl|GLV|CAGL0D05566g_97-468_1HLG:A:	6	8	6	17	0	44	23	24	0	371
gnl|GLV|CAGL0D05544g_561-891_1M8Z:A:	0	2	4	27	0	17	16	26	0	339
gnl|GLV|CAGL0D05500g_4-349_1GW5:B:	0	0	4	32	0	42	43	37	0	579
gnl|GLV|CAGL0D05478g_86-139,303-410_1F3U:D:	0	9	5	1	0	18	9	3	0	162
gnl|GLV|CAGL0D05434g_142-235_1J46:A:	0	0	0	3	0	5	3	3	0	84
gnl|GLV|CAGL0D05412g_153-226_1PKP:A:4-77	2	4	1	1	0	9	7	1	0	74
gnl|GLV|CAGL0D05412g_229-309_1FJG:E:74-154	1	4	0	3	0	9	4	4	0	81
gnl|GLV|CAGL0D05346g_3-170_1H3Q:A:	0	5	1	3	0	15	6	8	0	140
gnl|GLV|CAGL0D05302g_100-210_1KZL:A:93-202	1	6	2	2	0	13	5	7	0	110
gnl|GLV|CAGL0D05302g_1-94_1KZL:A:1-92	1	6	2	1	0	13	4	5	0	92
gnl|GLV|CAGL0D05280g_644-868_1AMO:A:243-518	5	10	2	8	0	39	20	12	0	276
gnl|GLV|CAGL0D05280g_359-629_1B0P:A:416-668	2	6	4	9	0	29	21	11	0	253
gnl|GLV|CAGL0D05280g_870-1030_1DDG:A:447-599	0	5	1	7	0	14	6	10	0	153
gnl|GLV|CAGL0D05280g_222-354_1B0P:A:259-415	1	7	1	4	0	20	14	8	0	157
gnl|GLV|CAGL0D05258g_1-200,1059-1165_1XEW:X:,Y:	2	15	2	9	0	30	20	14	1	329
gnl|GLV|CAGL0D05258g_479-690_1GXL:A:	2	8	4	7	0	19	12	14	0	205
gnl|GLV|CAGL0D05236g_4-97,180-266_1WHW:A:	0	5	0	2	0	10	6	5	0	98
gnl|GLV|CAGL0D05192g_51-123_1EZV:H:	0	0	1	3	0	4	4	3	0	74
gnl|GLV|CAGL0D05170g_469-532_1A0A:A:	0	0	1	3	0	6	4	6	0	63
gnl|GLV|CAGL0D05082g_456-532_1XD3:B:	3	5	1	1	0	10	1	6	0	75
gnl|GLV|CAGL0D05082g_76-152_1XD3:B:	3	5	1	1	0	10	1	6	0	75
gnl|GLV|CAGL0D05082g_228-304_1XD3:B:	3	5	1	1	0	10	1	6	0	75
gnl|GLV|CAGL0D05082g_304-380_1XD3:B:	3	5	1	1	0	10	1	6	0	75
gnl|GLV|CAGL0D05082g_380-456_1XD3:B:	3	5	1	1	0	10	1	6	0	75
gnl|GLV|CAGL0D05082g_153-228_1XD3:B:	3	5	1	1	0	10	1	6	0	75
gnl|GLV|CAGL0D05082g_1-76_1XD3:B:	3	5	1	1	0	10	1	6	0	75
gnl|GLV|CAGL0D05060g_187-505_1S95:A:	4	14	2	11	0	33	24	20	0	324
gnl|GLV|CAGL0D05060g_5-135_1A17:A:	0	0	0	7	0	11	3	7	0	159
gnl|GLV|CAGL0D04994g_308-685_1F9V:A:	2	14	8	7	0	22	10	16	0	342
gnl|GLV|CAGL0D04928g_19-403_1U7G:A:	2	2	6	15	0	21	14	16	0	383
gnl|GLV|CAGL0D04884g_172-353,383-431,461-514_1VYH:C:92-408	0	28	1	0	0	39	25	14	0	317
gnl|GLV|CAGL0D04862g_14-173,221-343_2OVR:B:2365-2706	0	32	2	1	0	36	24	21	0	342
gnl|GLV|CAGL0D04796g_3-144_2AE6:A:1-161	0	7	3	4	0	10	4	9	0	161
gnl|GLV|CAGL0D04774g_4-298_1OKC:A:	0	0	6	11	0	19	10	9	0	292
gnl|GLV|CAGL0D04752g_17-339_1PYF:A:	6	11	6	11	0	33	19	21	0	311
gnl|GLV|CAGL0D04686g_12-250_1Q2L:A:24-263	4	7	5	8	0	26	17	13	0	240
gnl|GLV|CAGL0D04686g_336-490,529-566_1Q2L:A:264-503	0	7	4	8	0	22	11	9	0	240
gnl|GLV|CAGL0D04686g_847-1021_1Q2L:A:733-960	0	8	0	9	0	23	12	11	0	228
gnl|GLV|CAGL0D04642g_120-259_1W98:B:88-227	1	0	2	6	0	12	5	6	0	140
gnl|GLV|CAGL0D04642g_261-373_2I53:A:158-267	2	0	3	4	0	9	6	6	0	110
gnl|GLV|CAGL0D04620g_206-342_2CCH:B:181-308	0	0	1	6	0	9	3	5	0	128
gnl|GLV|CAGL0D04620g_345-462_1JSU:B:310-432	0	0	3	7	0	11	7	4	0	123
gnl|GLV|CAGL0D04576g_12-405_1W2W:A:,B:	10	16	7	11	0	49	27	22	1	402
gnl|GLV|CAGL0D04378g_374-430,763-976_1W2F:A:	0	13	1	11	0	31	18	17	0	276
gnl|GLV|CAGL0D04356g_13-278_1WOS:A:1-278	6	13	6	8	0	26	15	23	0	278
gnl|GLV|CAGL0D04356g_296-390_1V5V:A:313-401	0	6	1	0	0	10	6	7	0	89
gnl|GLV|CAGL0D04312g_405-475,507-833_1C4O:A:2-409	2	9	6	11	0	33	21	16	0	408
gnl|GLV|CAGL0D04268g_104-357_1SXJ:A:295-547	1	5	4	11	0	21	18	23	0	253
gnl|GLV|CAGL0D04180g_214-324,356-443_1WRB:A:164-401	2	8	2	8	0	26	18	9	0	238
gnl|GLV|CAGL0D04114g_255-525_1AMO:A:243-518	5	10	2	8	0	39	20	12	0	276
gnl|GLV|CAGL0D04114g_526-687_1DDG:A:447-599	0	5	1	7	0	14	6	10	0	153
gnl|GLV|CAGL0D04114g_58-218_1JA1:A:63-239	0	7	4	5	0	17	7	9	0	177
gnl|GLV|CAGL0D04092g_11-230_1LVH:A:	2	6	7	9	0	21	8	14	0	221
gnl|GLV|CAGL0D04070g_35-288_1KON:A:	0	8	3	8	0	16	14	12	0	244
gnl|GLV|CAGL0D04048g_8-117_2D00:A:6-109	0	4	1	4	0	9	7	3	0	104
gnl|GLV|CAGL0D04026g_40-471_1OHW:A:	8	14	6	15	0	50	25	29	0	461
gnl|GLV|CAGL0D04004g_3-113,198-294_1NRG:A:	0	11	1	5	0	24	16	13	0	213
gnl|GLV|CAGL0D03982g_41-559_1UZB:A:	7	19	6	15	0	48	35	23	0	516
gnl|GLV|CAGL0D03938g_91-324_1M2O:A:120-390	3	8	1	8	0	25	21	13	0	271
gnl|GLV|CAGL0D03894g_3-248_2AKO:A:2-251	6	8	3	9	0	26	12	9	0	250
gnl|GLV|CAGL0D03894g_385-471_2AS0:A:1-72	0	6	1	1	0	9	3	5	0	72
gnl|GLV|CAGL0D03850g_9-49_2HAP:C:55-97	0	0	1	2	0	6	3	2	0	43
gnl|GLV|CAGL0D03740g_28-233_1M65:A:	5	8	5	8	0	27	12	19	0	244
gnl|GLV|CAGL0D03718g_253-397_1PAQ:A:	0	0	2	8	0	9	4	8	0	161
gnl|GLV|CAGL0D03718g_3-99_1NEE:A:1-98	1	3	0	4	0	10	9	4	0	98
gnl|GLV|CAGL0D03718g_96-130_1NEE:A:99-135	0	2	0	1	0	6	5	3	0	37
gnl|GLV|CAGL0D03696g_4-209_1T3E:A:499-653	2	9	0	5	0	17	9	9	0	155
gnl|GLV|CAGL0D03674g_562-763_1VPL:A:	2	10	2	9	0	18	9	15	0	238
gnl|GLV|CAGL0D03674g_810-1104_1PF4:A:321-564	3	9	2	6	0	30	21	8	0	243
gnl|GLV|CAGL0D03674g_117-453_1B3U:A:	0	0	8	44	0	40	26	36	0	588
gnl|GLV|CAGL0D03630g_6-257_1D8I:A:	1	12	4	5	0	26	16	5	0	301
gnl|GLV|CAGL0D03608g_377-424_4GAT:A:	0	2	1	1	0	11	6	3	0	66
gnl|GLV|CAGL0D03586g_35-112_1T8K:A:	2	0	1	4	0	8	0	6	0	77
gnl|GLV|CAGL0D03564g_46-333_1O6V:A:33-416	1	19	16	2	0	68	27	29	0	381
gnl|GLV|CAGL0D03542g_47-334_1EVL:A:242-532	6	15	4	9	0	32	14	16	0	291
gnl|GLV|CAGL0D03542g_335-460_1EVL:A:533-642	0	5	1	4	0	12	6	7	0	110
gnl|GLV|CAGL0D03454g_65-302_1UDX:A:157-336	0	7	2	6	0	22	13	8	0	180
gnl|GLV|CAGL0D03454g_288-367_1WXQ:A:320-395	1	4	0	2	0	9	4	5	0	76
gnl|GLV|CAGL0D03432g_35-359_1JK0:A:	0	0	5	16	1	23	10	16	0	334
gnl|GLV|CAGL0D03388g_1-157_1GW5:S:	0	7	0	5	0	11	6	9	0	142
gnl|GLV|CAGL0D03300g_11-95_1P9Q:C:2-86	1	5	0	4	0	8	3	4	0	85
gnl|GLV|CAGL0D03300g_91-163_1T95:A:87-161	2	2	0	4	0	4	3	5	0	75
gnl|GLV|CAGL0D03256g_137-412,459-529_1HLG:A:	6	8	6	17	0	44	23	24	0	371
gnl|GLV|CAGL0D03234g_227-396_1TA0:A:	2	9	6	4	0	24	13	9	0	196
gnl|GLV|CAGL0D03190g_26-295_1V4N:A:	4	11	2	6	0	34	18	12	0	280
gnl|GLV|CAGL0D03168g_1393-1680_1A6Q:A:2-296	3	15	2	7	0	26	16	16	0	295
gnl|GLV|CAGL0D03168g_1713-1884,1919-1950_1FX4:A:	0	9	0	8	0	25	16	13	0	231
gnl|GLV|CAGL0D03168g_1071-1393_1O6V:A:33-416	1	19	16	2	0	68	27	29	0	381
gnl|GLV|CAGL0D03168g_836-1092_1O6V:A:33-416	1	19	16	2	0	68	27	29	0	381
gnl|GLV|CAGL0D03058g_14-213_1RYP:H:	3	12	1	5	0	15	6	11	0	205
gnl|GLV|CAGL0D03014g_22-149,414-544_1A6D:A:17-145,A:404-519	0	9	1	11	0	18	7	14	1	245
gnl|GLV|CAGL0D03014g_217-385_1Q3Q:A:217-369	3	9	2	3	0	18	15	4	0	153
gnl|GLV|CAGL0D03014g_156-222,378-411_1Q3Q:A:146-216,A:370-405	1	5	3	3	0	8	7	2	1	107
gnl|GLV|CAGL0D02992g_6-146_2I53:A:14-157	0	0	2	7	0	14	7	6	0	144
gnl|GLV|CAGL0D02992g_156-240_2I53:A:158-267	2	0	3	4	0	9	6	6	0	110
gnl|GLV|CAGL0D02970g_95-200_1R21:A:	0	11	0	0	0	15	8	6	0	100
gnl|GLV|CAGL0D02926g_83-135,168-226,334-364_2AFJ:A:12-224	0	10	2	3	0	26	29	9	0	213
gnl|GLV|CAGL0D02904g_63-108_1PYI:A:72-117	0	2	0	2	0	6	1	3	0	42
gnl|GLV|CAGL0D02904g_16-59_1PYI:A:30-71	0	2	0	2	0	6	1	3	0	42
gnl|GLV|CAGL0D02882g_461-532,561-605_1OXB:B:	0	5	0	5	0	13	11	4	0	124
gnl|GLV|CAGL0D02838g_527-820_1OZ4:A:471-763	2	0	3	7	0	31	24	19	0	292
gnl|GLV|CAGL0D02838g_195-428_1E32:A:201-458	3	5	4	12	0	28	13	14	0	258
gnl|GLV|CAGL0D02772g_1-54_1N87:A:	0	3	1	1	0	10	4	3	0	56
gnl|GLV|CAGL0D02772g_278-463_1ORV:A:39-508	12	36	3	4	0	53	35	31	0	470
gnl|GLV|CAGL0D02728g_87-140,175-308_1EYQ:A:	0	11	0	7	0	18	7	11	0	212
gnl|GLV|CAGL0D02640g_60-523_1PV7:A:	0	0	2	22	0	18	12	14	0	417
gnl|GLV|CAGL0D02662g_60-523_1PV7:A:	0	0	2	22	0	18	12	14	0	417
gnl|GLV|CAGL0D02552g_73-139_1GH6:A:	0	0	0	4	0	11	6	7	0	113
gnl|GLV|CAGL0D02420g_116-177_2CAZ:C:139-203	0	0	0	2	0	3	0	0	0	65
gnl|GLV|CAGL0D02332g_6-390,528-587,617-695_2I7X:A:1-422,A:626-717	3	23	6	14	0	62	37	26	1	514
gnl|GLV|CAGL0D02288g_46-175_1DS9:A:	1	9	1	9	0	23	14	8	0	198
gnl|GLV|CAGL0D02244g_149-455_1A06:A:	4	8	4	10	0	29	20	14	0	307
gnl|GLV|CAGL0D02244g_29-125_1UHT:A:	3	9	0	0	0	18	9	7	0	117
gnl|GLV|CAGL0D02200g_283-334,397-459,674-831_1TE4:A:	0	0	3	6	0	11	9	5	0	111
gnl|GLV|CAGL0D02178g_105-216_1QMH:A:5-184,A:280-338	5	11	0	7	0	25	12	12	1	239
gnl|GLV|CAGL0D02156g_3-158_1I12:A:	3	6	3	5	0	13	5	6	0	157
gnl|GLV|CAGL0D02090g_9-275_1VYH:C:92-408	0	28	1	0	0	39	25	14	0	317
gnl|GLV|CAGL0D02068g_25-602_1GW5:B:	0	0	4	32	0	42	43	37	0	579
gnl|GLV|CAGL0D02002g_217-517_3BLH:A:8-325	3	10	4	9	0	33	17	14	0	318
gnl|GLV|CAGL0D01980g_57-413_1K8Q:A:	4	11	6	16	0	43	24	25	0	377
gnl|GLV|CAGL0D01958g_53-179_1NEK:C:	1	0	1	4	0	7	4	3	0	129
gnl|GLV|CAGL0D01914g_36-164,201-299_1DN1:B:	0	0	1	7	0	11	6	8	0	222
gnl|GLV|CAGL0D01892g_3-411_1YAA:A:	2	13	2	16	0	44	15	26	0	412
gnl|GLV|CAGL0D01826g_1270-2324_1B3U:A:	0	0	8	44	0	40	26	36	0	588
gnl|GLV|CAGL0D01826g_2203-2595_1OYZ:A:	0	0	3	17	0	21	10	14	0	276
gnl|GLV|CAGL0D01826g_840-1358_1GW5:A:	0	2	4	33	0	46	32	22	0	620
gnl|GLV|CAGL0D01826g_30-101,159-705,732-780_1G3J:A:	2	0	4	35	0	31	15	35	0	531
gnl|GLV|CAGL0D01804g_23-256_1KNW:A:32-278	0	11	3	9	0	21	15	14	0	247
gnl|GLV|CAGL0D01782g_172-284,406-492_2FLU:X:325-609	14	28	0	0	0	37	15	14	0	285
gnl|GLV|CAGL0D01738g_4-248_1SXJ:E:4-255	0	8	1	10	0	23	14	14	0	252
gnl|GLV|CAGL0D01738g_256-353_1SXJ:E:256-354	0	0	0	5	0	8	3	4	0	99
gnl|GLV|CAGL0D01716g_1-125_1PLQ:A:1-126	1	9	1	2	0	12	10	5	0	126
gnl|GLV|CAGL0D01716g_128-257_1PLQ:A:127-258	2	9	2	2	0	15	8	5	0	132
gnl|GLV|CAGL0D01694g_62-383_1PME:A:	3	10	7	11	0	38	19	18	0	345
gnl|GLV|CAGL0D01606g_24-298_1OKC:A:	0	0	6	11	0	19	10	9	0	292
gnl|GLV|CAGL0D01584g_56-92,123-161_1HDJ:A:	0	0	1	4	0	9	2	7	0	76
gnl|GLV|CAGL0D01562g_6-153_1UAQ:A:	0	5	0	8	0	15	4	9	0	151
gnl|GLV|CAGL0D01518g_2-295_1YOV:B:12-437	9	12	6	13	0	48	22	26	0	426
gnl|GLV|CAGL0D01496g_92-131,162-213_1NWB:A:	0	6	1	1	0	12	5	5	0	101
gnl|GLV|CAGL0D01452g_2-146_1LKJ:A:	0	4	0	8	0	12	5	3	0	146
gnl|GLV|CAGL0D01430g_13-76,147-440_1T64:A:	10	8	3	11	0	40	16	26	0	364
gnl|GLV|CAGL0D01408g_13-291_2O07:A:16-300	1	12	2	10	0	26	14	16	0	285
gnl|GLV|CAGL0D01364g_43-412_1W3B:A:	0	0	0	23	0	35	6	26	0	388
gnl|GLV|CAGL0D01320g_5-156_1D1Q:A:	3	4	3	4	0	17	9	7	0	159
gnl|GLV|CAGL0D01298g_10-334_1TRK:A:3-337	2	7	3	13	0	32	17	26	0	335
gnl|GLV|CAGL0D01298g_337-533_1TRK:A:338-534	2	8	4	7	0	26	13	13	0	197
gnl|GLV|CAGL0D01298g_537-670_1TRK:A:535-680	0	5	1	6	0	20	14	10	0	146
gnl|GLV|CAGL0D01232g_21-198_1C39:A:	3	8	3	1	0	19	9	6	0	152
gnl|GLV|CAGL0D01210g_118-226_1IU9:A:	0	4	1	6	0	12	4	5	0	111
gnl|GLV|CAGL0D01210g_2-112_1JFL:A:1-115	1	3	2	5	0	13	8	6	0	115
gnl|GLV|CAGL0D01166g_214-300_2U1A:A:	0	4	1	2	0	11	8	4	0	88
gnl|GLV|CAGL0D01166g_76-128_2CPX:A:291-392	2	4	0	3	0	15	11	3	0	102
gnl|GLV|CAGL0D01100g_459-504,553-721_1TIP:A:	2	6	3	7	0	22	8	11	0	191
gnl|GLV|CAGL0D01100g_245-458_1K6M:A:39-251	0	6	1	7	0	18	12	12	0	213
gnl|GLV|CAGL0D01012g_4-122_1L3G:A:	0	6	0	5	0	9	6	8	0	123
gnl|GLV|CAGL0D01012g_345-540_1SW6:A:	2	4	3	13	0	30	11	18	0	301
gnl|GLV|CAGL0D00990g_33-173,220-274_1IMJ:A:	0	10	3	8	0	25	14	17	0	208
gnl|GLV|CAGL0D00946g_173-332_1AUA:A:97-299	2	5	7	8	0	23	12	12	0	203
gnl|GLV|CAGL0D00946g_10-36,116-158_1AUA:A:4-96	0	0	1	5	0	8	5	8	0	93
gnl|GLV|CAGL0D00924g_17-465,1960-1978_1WA5:B:	0	0	5	29	0	38	22	22	0	506
gnl|GLV|CAGL0D00924g_1613-1792_1C1G:C:	0	0	0	3	0	2	1	2	0	283
gnl|GLV|CAGL0D00924g_754-955_1C1G:C:	0	0	0	3	0	2	1	2	0	283
gnl|GLV|CAGL0D00836g_38-142,172-205,477-604_1G3J:A:	2	0	4	35	0	31	15	35	0	531
gnl|GLV|CAGL0D00814g_1-155_1U9A:A:	2	4	1	4	0	20	9	11	0	160
gnl|GLV|CAGL0D00770g_14-419_1LWD:A:	2	16	1	15	0	36	17	20	0	413
gnl|GLV|CAGL0D00682g_456-482,514-538_2EPQ:A:380-411	0	2	0	1	0	4	3	1	0	32
gnl|GLV|CAGL0D00550g_5-160_1DKR:A:8-166	1	7	1	4	0	20	10	6	0	159
gnl|GLV|CAGL0D00550g_161-206,297-424_2C4K:A:167-350	1	8	2	6	0	12	6	9	0	184
gnl|GLV|CAGL0D00528g_1694-1746,1800-1876,2005-2050_1MLA:A:3-127,A:198-307	2	5	1	12	0	22	14	13	1	235
gnl|GLV|CAGL0D00528g_1568-1688_1S9C:A:164-289	0	5	3	3	0	12	6	7	0	126
gnl|GLV|CAGL0D00528g_187-350,458-560_1NM2:A:0-133,A:196-314	2	6	2	12	0	20	14	17	1	251
gnl|GLV|CAGL0D00528g_1321-1446_1S9C:A:10-163	1	5	3	3	0	12	6	7	0	154
gnl|GLV|CAGL0D00484g_91-327_1D7K:A:44-283	2	9	4	9	0	27	11	9	0	240
gnl|GLV|CAGL0D00484g_300-459_1F3T:A:14-43,A:284-422	1	8	3	3	0	21	9	5	1	169
gnl|GLV|CAGL0D00462g_623-683_1GNF:A:	2	0	0	1	0	9	4	3	0	45
gnl|GLV|CAGL0D00440g_9-178_1OF5:B:	1	6	1	3	0	10	3	5	0	165
gnl|GLV|CAGL0D00418g_84-452_1Z3X:A:1-87	0	0	0	5	0	7	4	5	0	87
gnl|GLV|CAGL0D00352g_491-588,639-751_1G29:1:1-240	1	11	4	8	0	20	15	14	0	240
gnl|GLV|CAGL0D00352g_140-393_3B60:A:10-328	0	0	1	11	0	6	9	9	0	319
gnl|GLV|CAGL0D00330g_21-365_1UPK:A:	2	0	4	20	0	16	12	16	0	330
gnl|GLV|CAGL0D00264g_87-377_1O6V:A:33-416	1	19	16	2	0	68	27	29	0	381
gnl|GLV|CAGL0D00242g_20-290_1JHN:A:61-262,A:412-458	4	15	1	2	0	35	16	9	1	249
gnl|GLV|CAGL0D00198g_1-197_1RJW:A:1-137,A:306-339	5	11	3	3	0	24	12	10	1	171
gnl|GLV|CAGL0D00198g_164-336_1E3J:A:143-312	0	6	0	8	0	21	14	9	0	170
gnl|GLV|CAGL0D00176g_5-190_1BGV:A:1-194	3	5	2	8	0	16	8	12	0	194
gnl|GLV|CAGL0D00176g_188-457_1BGV:A:195-449	2	7	2	10	0	29	11	16	0	255
gnl|GLV|CAGL0D00154g_40-276_1FQY:A:	0	0	0	8	0	17	16	8	0	226
gnl|GLV|CAGL0C05599g_760-962_1TX4:A:	0	0	4	12	0	17	9	13	0	196
gnl|GLV|CAGL0C05599g_129-190_1X3H:A:8-42	2	2	0	0	0	8	2	3	0	35
gnl|GLV|CAGL0C05599g_63-133_1NYP:A:1-31	1	4	0	0	0	4	2	3	0	29
gnl|GLV|CAGL0C05555g_88-405_2UZ9:A:76-388	0	10	3	14	0	26	16	19	0	313
gnl|GLV|CAGL0C05533g_123-280,330-400_1O1Z:A:	1	11	4	10	0	22	17	11	0	233
gnl|GLV|CAGL0C05511g_23-304_1YV9:A:4-256	1	15	3	8	0	27	18	14	0	253
gnl|GLV|CAGL0C05423g_43-333_1RPM:A:	0	13	3	6	0	26	21	14	0	278
gnl|GLV|CAGL0C05335g_20-38,72-115_1AM9:A:	0	0	0	2	0	4	1	1	0	80
gnl|GLV|CAGL0C05313g_24-147_1ELR:A:	0	0	0	7	0	9	1	5	0	128
gnl|GLV|CAGL0C05313g_240-279,374-472_1E96:B:	0	2	2	9	0	15	3	11	0	185
gnl|GLV|CAGL0C05291g_155-346,400-430_1V9K:A:	3	12	0	5	0	29	16	13	0	227
gnl|GLV|CAGL0C05291g_435-575_2HXV:A:1-147	0	5	1	6	0	13	7	10	0	147
gnl|GLV|CAGL0C05269g_13-324_1I9Z:A:	8	11	3	8	0	32	15	14	0	345
gnl|GLV|CAGL0C05247g_4-353_1QGX:A:	4	14	3	10	0	37	23	23	0	354
gnl|GLV|CAGL0C05203g_191-474_1I31:A:	1	16	2	0	0	27	16	7	0	277
gnl|GLV|CAGL0C05203g_1-141_1GW5:M:1-141	2	5	1	4	0	13	8	7	0	140
gnl|GLV|CAGL0C05181g_4-112,214-263_1DKR:A:8-166	1	7	1	4	0	20	10	6	0	159
gnl|GLV|CAGL0C05181g_264-306,354-478_2C4K:A:167-350	1	8	2	6	0	12	6	9	0	184
gnl|GLV|CAGL0C05159g_227-364_1PVM:A:1-142	6	6	4	5	0	14	7	11	0	142
gnl|GLV|CAGL0C05115g_176-411_1VL2:A:174-409	0	9	2	5	0	19	14	10	0	236
gnl|GLV|CAGL0C05115g_1-174_1VL2:A:2-169	2	5	1	8	0	15	6	10	0	168
gnl|GLV|CAGL0C05071g_27-298_1UB0:A:	1	9	1	8	0	20	12	11	0	258
gnl|GLV|CAGL0C05071g_333-550_2GM8:A:2-212	0	0	1	12	0	10	6	8	0	211
gnl|GLV|CAGL0C05049g_785-1181_1ZHX:A:2-434	5	19	10	9	0	46	21	29	0	433
gnl|GLV|CAGL0C05049g_279-378_1V89:A:	0	7	0	1	0	15	12	2	0	117
gnl|GLV|CAGL0C05049g_19-239_1UOH:A:	0	0	1	14	0	27	7	20	0	223
gnl|GLV|CAGL0C05027g_22-467_1NM8:A:9-385	5	11	2	11	0	30	22	18	0	372
gnl|GLV|CAGL0C05027g_468-681_1XL7:A:393-610	1	6	1	6	0	16	7	12	0	218
gnl|GLV|CAGL0C05005g_21-287_2JFL:A:21-308	1	11	6	10	0	27	17	20	0	288
gnl|GLV|CAGL0C04983g_1-330_1BX4:A:	0	14	5	12	0	30	15	16	0	342
gnl|GLV|CAGL0C04939g_62-361_1TIB:A:	7	10	6	6	0	30	21	17	0	269
gnl|GLV|CAGL0C04917g_148-416_1A9X:A:128-402	4	11	3	7	0	30	24	12	0	275
gnl|GLV|CAGL0C04917g_693-955_1A9X:A:677-935	1	11	2	8	0	28	16	9	0	259
gnl|GLV|CAGL0C04917g_576-695_1A9X:A:556-676	3	4	0	6	0	13	10	8	0	121
gnl|GLV|CAGL0C04917g_412-574_1A9X:A:403-555	3	2	1	7	0	15	8	10	0	153
gnl|GLV|CAGL0C04917g_26-146_1A9X:A:1-127	2	5	2	5	0	17	8	6	0	127
gnl|GLV|CAGL0C04917g_970-1081_1A9X:A:936-1073	2	5	1	7	0	14	5	11	0	138
gnl|GLV|CAGL0C04895g_137-422,525-638_1LW3:A:199-586	4	7	4	16	0	45	18	24	0	388
gnl|GLV|CAGL0C04895g_8-129_2HTH:B:3-131	0	8	1	1	0	15	9	6	0	129
gnl|GLV|CAGL0C04873g_103-129,170-289_2AF7:A:1-119	0	0	0	8	1	9	2	7	0	119
gnl|GLV|CAGL0C04807g_115-268_1RSS:A:	0	2	0	6	0	12	6	5	0	145
gnl|GLV|CAGL0C04719g_1-123_1U5T:C:2-125	0	3	2	2	0	13	9	5	0	124
gnl|GLV|CAGL0C04719g_118-189_1U5T:C:126-199	0	3	0	3	0	11	6	4	0	74
gnl|GLV|CAGL0C04697g_117-182,222-265_1ISA:A:83-192	1	3	2	5	0	10	6	7	0	110
gnl|GLV|CAGL0C04697g_13-106_1QNN:A:1-84	1	0	0	4	0	6	5	6	0	84
gnl|GLV|CAGL0C04609g_4-242_1CMX:A:	4	9	3	6	0	28	13	13	0	229
gnl|GLV|CAGL0C04587g_375-494_1I6W:A:	3	6	5	5	0	21	9	11	0	179
gnl|GLV|CAGL0C04543g_10-273_1MZR:A:	4	10	3	10	0	33	15	16	0	274
gnl|GLV|CAGL0C04499g_10-276_1A6Q:A:2-296	3	15	2	7	0	26	16	16	0	295
gnl|GLV|CAGL0C04455g_26-107_1E79:H:15-100	3	10	1	0	0	12	8	2	0	86
gnl|GLV|CAGL0C04433g_500-577_1W1W:E:	0	3	1	3	0	8	4	4	0	79
gnl|GLV|CAGL0C04367g_4-103_1LXJ:A:	0	4	0	3	0	8	5	4	0	104
gnl|GLV|CAGL0C04323g_187-725_2JG0:A:37-547	13	16	6	19	0	52	31	30	0	511
gnl|GLV|CAGL0C04301g_56-194_1K5D:B:	1	6	0	1	0	17	11	3	0	146
gnl|GLV|CAGL0C04279g_27-251_1JP3:A:	0	6	3	7	0	23	13	11	0	228
gnl|GLV|CAGL0C04257g_41-101,172-257,300-470_1V4E:A:	0	2	1	14	0	18	6	12	0	280
gnl|GLV|CAGL0C04026g_246-379,437-521_1GA8:A:	1	9	6	12	0	34	23	21	0	282
gnl|GLV|CAGL0C04004g_245-376,434-484_1LL2:A:	1	11	7	10	0	24	19	16	0	263
gnl|GLV|CAGL0C03982g_236-368,427-474_1LL2:A:	1	11	7	10	0	24	19	16	0	263
gnl|GLV|CAGL0C03960g_234-364,423-488_1LL2:A:	1	11	7	10	0	24	19	16	0	263
gnl|GLV|CAGL0C03938g_247-377,436-499_1LL2:A:	1	11	7	10	0	24	19	16	0	263
gnl|GLV|CAGL0C03916g_236-368,427-473_1LL2:A:	1	11	7	10	0	24	19	16	0	263
gnl|GLV|CAGL0C03894g_222-352,411-462_1LL2:A:	1	11	7	10	0	24	19	16	0	263
gnl|GLV|CAGL0C03850g_57-201_2A4V:A:59-214	3	7	0	5	0	19	8	9	0	156
gnl|GLV|CAGL0C03762g_142-214_1SOT:A:255-353	2	6	0	1	0	12	5	3	0	99
gnl|GLV|CAGL0C03630g_191-394_1FI4:A:191-393	1	5	2	7	0	16	13	9	0	203
gnl|GLV|CAGL0C03630g_6-189_1FI4:A:3-190	3	9	3	3	0	23	11	11	0	188
gnl|GLV|CAGL0C03608g_297-640_1ERJ:A:	2	30	1	1	0	43	24	22	0	388
gnl|GLV|CAGL0C03597g_8-142_1HQZ:1:	0	5	1	4	0	17	10	10	0	139
gnl|GLV|CAGL0C03597g_503-576_1JO8:A:	3	5	1	0	0	9	3	3	0	58
gnl|GLV|CAGL0C03531g_101-131_2PK7:A:3-61	0	5	2	1	0	8	2	5	0	59
gnl|GLV|CAGL0C03509g_480-802_1VZO:A:	2	11	7	9	0	31	20	19	0	322
gnl|GLV|CAGL0C03443g_124-389_1FF9:A:125-391	7	8	2	9	0	27	16	18	0	267
gnl|GLV|CAGL0C03443g_1-179_1E5Q:A:2-124,A:392-450	1	8	1	8	0	21	8	10	1	182
gnl|GLV|CAGL0C03421g_5-141_2QIY:A:3-141	0	6	2	3	0	9	3	4	0	141
gnl|GLV|CAGL0C03399g_204-476_1UOC:A:	4	6	3	10	0	25	14	16	0	286
gnl|GLV|CAGL0C03333g_547-640,672-710_2PIA:A:104-223	0	5	2	4	0	13	9	8	0	120
gnl|GLV|CAGL0C03289g_1364-1621_1PF4:A:321-564	3	9	2	6	0	30	21	8	0	243
gnl|GLV|CAGL0C03289g_1007-1057,1084-1356_2HYD:A:1-323	0	0	1	15	1	9	5	12	0	323
gnl|GLV|CAGL0C03289g_699-938_1R0W:A:	0	11	2	12	1	27	19	16	0	281
gnl|GLV|CAGL0C03289g_347-441,481-682_2HYD:A:1-323	0	0	1	15	1	9	5	12	0	323
gnl|GLV|CAGL0C03267g_249-278,316-529_1FX8:A:	0	0	4	11	0	13	7	10	0	254
gnl|GLV|CAGL0C03135g_253-430,562-782,911-1127_1GW5:B:	0	0	4	32	0	42	43	37	0	579
gnl|GLV|CAGL0C03113g_140-339_1VLR:A:146-337	1	8	3	7	0	21	9	10	0	192
gnl|GLV|CAGL0C03113g_17-139_1ST0:A:38-145	1	6	1	2	0	11	6	5	0	108
gnl|GLV|CAGL0C03025g_239-351_1UHR:A:	1	5	1	4	0	12	8	5	0	92
gnl|GLV|CAGL0C03003g_4-103_1UOH:A:	0	0	1	14	0	27	7	20	0	223
gnl|GLV|CAGL0C02937g_110-465_1VYH:C:92-408	0	28	1	0	0	39	25	14	0	317
gnl|GLV|CAGL0C02937g_4-83_1UUJ:A:	0	0	0	5	0	5	0	5	0	76
gnl|GLV|CAGL0C02893g_184-447,585-619_1IA8:A:	5	12	5	7	0	36	16	18	0	275
gnl|GLV|CAGL0C02849g_5-103_1QSD:A:	0	0	0	3	0	6	2	2	0	102
gnl|GLV|CAGL0C02805g_6-260_1YRB:A:1-244	0	7	3	11	0	22	15	9	0	245
gnl|GLV|CAGL0C02783g_93-367_1D3Y:A:	2	13	5	14	0	29	12	18	0	298
gnl|GLV|CAGL0C02761g_50-116_1O6U:A:275-398	0	8	1	1	0	14	7	4	0	124
gnl|GLV|CAGL0C02607g_23-491,523-586,613-676_1EPU:A:	10	13	8	23	0	49	33	33	0	590
gnl|GLV|CAGL0C02585g_501-763_1OZ4:A:471-763	2	0	3	7	0	31	24	19	0	292
gnl|GLV|CAGL0C02585g_234-491_1E32:A:201-458	3	5	4	12	0	28	13	14	0	258
gnl|GLV|CAGL0C02563g_339-479,590-642,682-776_2P6R:A:1-202	1	7	2	7	0	20	9	10	0	202
gnl|GLV|CAGL0C02541g_273-391_1E6I:A:	0	0	2	5	0	8	8	7	0	111
gnl|GLV|CAGL0C02541g_92-216_1JSP:B:	2	0	1	4	0	10	12	9	0	120
gnl|GLV|CAGL0C02519g_18-72_2ADR:A:102-130	2	0	0	1	0	5	2	2	0	29
gnl|GLV|CAGL0C02497g_10-155_1D3B:L:	0	5	1	1	0	9	3	5	0	90
gnl|GLV|CAGL0C02453g_9-191_2F9L:A:8-182	0	6	2	6	0	17	10	12	0	175
gnl|GLV|CAGL0C02343g_190-277,306-444_1B0U:A:	0	12	1	10	0	24	16	14	0	261
gnl|GLV|CAGL0C02343g_484-700_1MT0:A:	2	10	3	10	0	20	20	20	0	241
gnl|GLV|CAGL0C02321g_78-307_1X42:A:1-230	7	6	3	10	0	19	10	14	0	230
gnl|GLV|CAGL0C02277g_333-388_4GAT:A:	0	2	1	1	0	11	6	3	0	66
gnl|GLV|CAGL0C02255g_2-212,247-268_1RXW:A:3-219	4	7	3	8	0	21	9	11	0	217
gnl|GLV|CAGL0C02255g_254-293,343-400_1MC8:A:221-332	0	0	1	5	0	9	7	7	0	112
gnl|GLV|CAGL0C02233g_8-177_1FVG:A:	2	8	2	5	0	23	16	13	0	192
gnl|GLV|CAGL0C02211g_63-302_1CPM:A:	7	16	5	1	0	28	14	7	0	214
gnl|GLV|CAGL0C02189g_5-193,356-449_1A7A:A:2-189,A:353-432	1	9	4	11	0	30	15	14	1	268
gnl|GLV|CAGL0C02189g_194-355_1B3R:A:190-352	3	8	1	7	0	16	12	10	0	163
gnl|GLV|CAGL0C02123g_38-137_1XBL:A:	0	0	0	3	0	7	3	6	0	75
gnl|GLV|CAGL0C02035g_8-218,392-478_1LFW:A:1-186,A:383-468	2	14	2	7	0	28	18	15	1	272
gnl|GLV|CAGL0C02013g_5-137,174-313_1OKC:A:	0	0	6	11	0	19	10	9	0	292
gnl|GLV|CAGL0C01947g_201-513_1GTR:A:8-338	6	9	4	12	0	35	20	18	0	331
gnl|GLV|CAGL0C01947g_508-696_1GTR:A:339-547	3	18	5	0	0	26	16	8	0	209
gnl|GLV|CAGL0C01947g_62-162_1JLW:A:91-217	0	0	2	6	0	8	7	6	0	127
gnl|GLV|CAGL0C01903g_548-753_1FCH:A:	0	0	2	17	0	24	6	19	0	323
gnl|GLV|CAGL0C01903g_466-588_1W3B:A:	0	0	0	23	0	35	6	26	0	388
gnl|GLV|CAGL0C01903g_65-123,159-205_1ELR:A:	0	0	0	7	0	9	1	5	0	128
gnl|GLV|CAGL0C01881g_801-921_1V89:A:	0	7	0	1	0	15	12	2	0	117
gnl|GLV|CAGL0C01881g_3-79_1SHF:A:	3	5	1	0	0	9	3	2	0	59
gnl|GLV|CAGL0C01881g_198-271_1PK3:A:17-79	0	0	3	5	0	7	1	3	0	74
gnl|GLV|CAGL0C01771g_79-238,277-476_1PV7:A:	0	0	2	22	0	18	12	14	0	417
gnl|GLV|CAGL0C01749g_46-227_1XX7:A:	2	0	3	11	0	13	6	7	0	183
gnl|GLV|CAGL0C01705g_4-161_1GP1:A:	4	7	5	4	0	26	16	13	0	185
gnl|GLV|CAGL0C01683g_393-653_1Z3I:X:390-735	0	10	6	11	0	41	29	23	0	346
gnl|GLV|CAGL0C01683g_145-391_1Z63:A:432-661	0	7	2	11	0	24	16	18	0	230
gnl|GLV|CAGL0C01683g_916-1036_1OFC:X:851-978	0	0	1	6	0	9	3	8	0	128
gnl|GLV|CAGL0C01683g_753-862_1OFC:X:697-798	0	0	1	4	0	7	1	5	0	102
gnl|GLV|CAGL0C01683g_863-914_1OFC:X:799-850	0	0	1	3	0	5	1	5	0	52
gnl|GLV|CAGL0C01661g_15-141,178-372_1ERJ:A:	2	30	1	1	0	43	24	22	0	388
gnl|GLV|CAGL0C01595g_233-548_1JVN:A:230-552	0	15	5	10	0	37	21	13	0	323
gnl|GLV|CAGL0C01595g_2-211_1JVN:A:3-229	3	12	2	7	0	24	15	15	0	229
gnl|GLV|CAGL0C01573g_11-353_1HFB:A:	7	11	3	10	0	34	18	19	0	347
gnl|GLV|CAGL0C01551g_63-132_1X2N:A:6-67	0	0	0	3	0	4	2	2	0	60
gnl|GLV|CAGL0C01529g_41-155_1H2T:Z:	3	6	4	4	0	20	12	10	0	146
gnl|GLV|CAGL0C01507g_277-555_1FJM:A:	2	14	0	10	0	35	21	16	0	294
gnl|GLV|CAGL0C01485g_8-73_1WEM:A:	0	2	0	3	0	11	7	3	0	75
gnl|GLV|CAGL0C01441g_6-300_1VYH:C:92-408	0	28	1	0	0	39	25	14	0	317
gnl|GLV|CAGL0C01441g_616-839,869-967_1ERJ:A:	2	30	1	1	0	43	24	22	0	388
gnl|GLV|CAGL0C01441g_257-542_1Q7F:A:	4	25	3	0	0	39	19	20	0	279
gnl|GLV|CAGL0C01419g_222-380_1X4G:A:8-103	0	6	0	3	0	12	8	3	0	96
gnl|GLV|CAGL0C01419g_449-535_2CQI:A:1-90	0	5	0	2	0	9	5	4	0	90
gnl|GLV|CAGL0C01419g_545-635_1P1T:A:	2	4	0	4	0	11	10	6	0	104
gnl|GLV|CAGL0C01397g_390-435,488-655_1TIP:A:	2	6	3	7	0	22	8	11	0	191
gnl|GLV|CAGL0C01397g_176-389_1K6M:A:39-251	0	6	1	7	0	18	12	12	0	213
gnl|GLV|CAGL0C01375g_543-567,598-680_2GUD:A:1-121	0	13	0	0	0	14	12	3	0	121
gnl|GLV|CAGL0C01309g_355-466,549-647_1N11:A:	0	0	1	24	0	48	15	35	0	408
gnl|GLV|CAGL0C01265g_1-381_1XIP:A:	5	30	1	2	0	35	25	17	0	387
gnl|GLV|CAGL0C01243g_8-379_1FG7:A:	0	13	5	12	0	36	22	23	0	354
gnl|GLV|CAGL0C01221g_552-711_1PAQ:A:	0	0	2	8	0	9	4	8	0	161
gnl|GLV|CAGL0C01221g_21-298,352-368_1JYK:A:	2	15	5	6	0	27	12	16	0	253
gnl|GLV|CAGL0C01221g_265-431_1OCX:A:	4	18	0	4	0	35	12	13	0	182
gnl|GLV|CAGL0C01199g_38-81_1PYI:A:30-71	0	2	0	2	0	6	1	3	0	42
gnl|GLV|CAGL0C00737g_66-238,385-442,476-628_1KB0:A:1-573	5	40	7	6	0	73	38	39	0	573
gnl|GLV|CAGL0C00737g_171-443_1ERJ:A:	2	30	1	1	0	43	24	22	0	388
gnl|GLV|CAGL0C00649g_101-386_1FX0:A:97-372	7	8	6	5	0	32	23	17	0	276
gnl|GLV|CAGL0C00605g_208-311_2J59:M:931-1063	0	7	0	2	0	14	7	2	0	133
gnl|GLV|CAGL0C00605g_43-117_1DYN:A:	0	8	1	1	0	12	11	6	0	113
gnl|GLV|CAGL0C00517g_346-585,627-675_1YUB:A:	4	7	1	9	0	31	23	9	0	245
gnl|GLV|CAGL0C00495g_8-115_1QB3:A:	2	5	2	4	0	13	5	7	0	113
gnl|GLV|CAGL0C00451g_27-162_2A2L:A:4-145	0	5	4	3	0	11	10	8	0	142
gnl|GLV|CAGL0C00429g_150-210_1SFC:A:	0	0	0	1	0	2	1	1	0	95
gnl|GLV|CAGL0C00319g_86-291,477-573_1Q7L:A:,B:	3	10	4	8	0	31	16	18	1	280
gnl|GLV|CAGL0C00319g_292-340,392-449_1YSJ:A:178-292	0	4	0	2	0	9	4	1	0	115
gnl|GLV|CAGL0C00275g_4-235_1QVZ:A:	7	8	7	9	0	31	14	16	0	236
gnl|GLV|CAGL0B00638g_34-265_1VLH:A:	0	5	1	6	0	19	6	12	0	157
gnl|GLV|CAGL0B00616g_232-336_1M6B:A:8-165	4	12	1	1	0	27	12	8	0	158
gnl|GLV|CAGL0B00616g_31-111_1N8Y:C:1-165	4	10	2	2	0	26	12	10	0	165
gnl|GLV|CAGL0B00550g_37-162_1Z84:A:23-195	2	8	5	1	0	20	12	8	0	173
gnl|GLV|CAGL0B00418g_66-741_1S4B:P:	4	10	7	26	0	53	26	37	0	654
gnl|GLV|CAGL0B00352g_120-223_2CTE:A:8-88	1	2	0	3	0	10	3	4	0	81
gnl|GLV|CAGL0B00286g_3-320_1PWH:A:	3	10	2	13	0	37	25	18	0	327
gnl|GLV|CAGL0B01166g_307-519_1SW6:A:	2	4	3	13	0	30	11	18	0	301
gnl|GLV|CAGL0B01122g_239-380_1QM4:A:253-396	1	3	1	4	0	20	15	11	0	144
gnl|GLV|CAGL0B01122g_5-110_2P02:A:38-147	0	6	1	3	0	9	3	7	0	110
gnl|GLV|CAGL0B01122g_114-238_1QM4:A:129-252	0	4	0	2	0	11	11	7	0	124
gnl|GLV|CAGL0B01100g_4-209_1WPX:B:501-719	2	9	4	3	0	25	14	10	0	219
gnl|GLV|CAGL0B00990g_7-188_1YWQ:A:2-200	1	5	3	9	0	16	6	9	0	199
gnl|GLV|CAGL0B00968g_342-409_1ZUU:A:2-57	3	5	1	0	0	9	3	3	0	55
gnl|GLV|CAGL0B00924g_5-84_1WHG:A:	1	7	1	2	0	13	11	5	0	112
gnl|GLV|CAGL0B00924g_408-432_1DSQ:A:	2	0	0	0	0	5	1	2	0	21
gnl|GLV|CAGL0B00902g_382-791_1K75:A:	1	14	4	16	0	38	24	17	0	431
gnl|GLV|CAGL0B00902g_139-242_1ZPS:A:8-131	3	8	1	1	0	13	9	7	0	124
gnl|GLV|CAGL0B00902g_244-327_2A7W:A:4-94	0	0	1	5	0	7	1	3	0	91
gnl|GLV|CAGL0B00858g_14-88_1UQV:A:	0	0	1	4	0	8	6	4	0	84
gnl|GLV|CAGL0B00858g_220-300_2RGF:A:	0	5	0	2	0	11	9	6	0	97
gnl|GLV|CAGL0B00836g_33-162_1XM0:A:1-143	0	8	2	3	0	18	13	9	0	143
gnl|GLV|CAGL0B00814g_7-131_1EYH:A:	2	0	2	8	0	11	5	5	0	144
gnl|GLV|CAGL0B00814g_244-300_1WR6:A:211-300	0	0	0	4	0	6	2	6	0	90
gnl|GLV|CAGL0B00792g_257-327_1S7A:A:	0	3	1	5	0	9	8	3	0	103
gnl|GLV|CAGL0B00748g_328-430,509-567,608-808_1ERJ:A:	2	30	1	1	0	43	24	22	0	388
gnl|GLV|CAGL0B00726g_190-415_1BG3:A:671-911	2	5	3	10	0	19	14	15	0	241
gnl|GLV|CAGL0B00704g_27-137_2B5E:A:23-141	0	5	0	4	0	15	7	10	0	119
gnl|GLV|CAGL0B00704g_373-484_2B5E:A:365-504	1	4	1	4	0	18	7	6	0	140
gnl|GLV|CAGL0B00704g_139-236_2B5E:A:142-239	0	5	0	4	0	11	9	4	0	98
gnl|GLV|CAGL0B00704g_237-359_2B5E:A:240-364	1	4	0	6	0	10	6	7	0	125
gnl|GLV|CAGL0B01573g_29-210_1NV8:A:	2	9	3	10	0	29	15	20	0	271
gnl|GLV|CAGL0B01529g_12-148,177-366_1GOT:B:	1	28	0	2	0	36	22	23	0	339
gnl|GLV|CAGL0B01463g_58-152_2JA9:A:62-151	0	6	0	0	0	14	8	8	0	90
gnl|GLV|CAGL0B01463g_148-229_2JA9:A:152-236	0	3	1	4	0	8	3	4	0	85
gnl|GLV|CAGL0B01441g_19-381_1T64:A:	10	8	3	11	0	40	16	26	0	364
gnl|GLV|CAGL0B01419g_4-164_1EJB:A:	3	4	2	5	0	14	8	9	0	168
gnl|GLV|CAGL0B01397g_4-104_2CQ3:A:110-202	0	6	1	2	0	13	6	5	0	90
gnl|GLV|CAGL0B01375g_187-263,335-418_1KLX:A:	0	0	0	8	0	11	4	8	0	133
gnl|GLV|CAGL0B01375g_699-861_1W3B:A:	0	0	0	23	0	35	6	26	0	388
gnl|GLV|CAGL0B01375g_34-253_1IHG:A:197-365	0	0	2	8	0	13	5	7	0	169
gnl|GLV|CAGL0B01375g_446-590,640-716,750-821_1ELW:A:	0	0	0	7	0	11	0	7	0	117
gnl|GLV|CAGL0B01331g_21-202_1Q67:A:	0	7	0	4	0	11	7	4	0	207
gnl|GLV|CAGL0B01287g_673-837,947-1180,1207-1247_1NVU:S:	2	4	4	21	0	35	21	23	0	481
gnl|GLV|CAGL0B01287g_147-212_1UJY:A:	2	5	0	1	0	14	9	4	0	75
gnl|GLV|CAGL0B02167g_45-260_2ZJR:B:1-205	1	12	1	2	0	29	15	10	0	205
gnl|GLV|CAGL0B02123g_194-265_1X4A:A:9-103	0	6	1	2	0	11	6	3	0	96
gnl|GLV|CAGL0B02079g_36-272_1PW4:A:	2	0	1	18	0	21	18	22	0	450
gnl|GLV|CAGL0B02079g_288-521,566-599_1PV7:A:	0	0	2	22	0	18	12	14	0	417
gnl|GLV|CAGL0B02035g_139-640_1RT8:A:	0	0	8	23	0	40	26	26	0	505
gnl|GLV|CAGL0B02035g_7-85,162-183_1S6J:A:	0	2	0	5	0	10	6	5	0	86
gnl|GLV|CAGL0B02013g_24-334_2OVR:B:2365-2706	0	32	2	1	0	36	24	21	0	342
gnl|GLV|CAGL0B01969g_108-153,189-421_1IUP:A:	0	8	2	13	0	25	18	18	0	271
gnl|GLV|CAGL0B01947g_358-430_1MDY:A:	0	0	0	2	0	6	4	3	0	68
gnl|GLV|CAGL0B01925g_64-103,133-381_1A06:A:	4	8	4	10	0	29	20	14	0	307
gnl|GLV|CAGL0B01925g_749-807,898-944_1UL7:A:	1	4	1	2	0	12	5	2	0	101
gnl|GLV|CAGL0B01881g_31-70,106-312,345-467_2DUL:A:3-377	4	17	1	14	0	30	24	14	0	375
gnl|GLV|CAGL0B01837g_462-556_2IF1:A:	3	5	1	3	0	19	12	8	0	125
gnl|GLV|CAGL0B01837g_101-175_1Q7H:A:69-153	0	6	1	3	0	10	5	6	0	85
gnl|GLV|CAGL0B01837g_359-424_1V32:A:	1	2	0	4	0	13	9	5	0	100
gnl|GLV|CAGL0B01815g_61-289_1AD2:A:	2	9	3	6	0	31	15	17	0	224
gnl|GLV|CAGL0B01727g_3-274_1BU6:O:3-253	1	15	1	9	0	25	13	17	0	251
gnl|GLV|CAGL0B01727g_295-565_1R59:O:257-491	1	10	2	5	0	26	22	13	0	235
gnl|GLV|CAGL0B02651g_115-167_2CSH:A:8-60	0	4	0	2	0	6	6	3	0	53
gnl|GLV|CAGL0B02541g_129-325_1QBK:B:	0	0	17	47	0	50	54	64	0	888
gnl|GLV|CAGL0B02519g_160-299_2CND:A:125-270	0	8	3	6	0	14	9	6	0	146
gnl|GLV|CAGL0B02519g_63-175_1UMK:A:30-153	4	7	0	1	0	16	7	9	0	124
gnl|GLV|CAGL0B02497g_1-245_1TUB:A:1-245	0	6	2	9	0	25	23	14	0	245
gnl|GLV|CAGL0B02497g_247-440_1TUB:A:246-440	3	3	2	5	0	20	14	11	0	195
gnl|GLV|CAGL0B02475g_47-280,320-551_1PW4:A:	2	0	1	18	0	21	18	22	0	450
gnl|GLV|CAGL0B02453g_6-188_1BYU:A:	4	8	3	8	0	20	8	14	0	202
gnl|GLV|CAGL0B02431g_61-292_1XHC:A:1-103,A:226-289	4	11	2	5	0	18	13	9	1	165
gnl|GLV|CAGL0B02431g_235-418_1XHC:A:1-103,A:226-289	4	11	2	5	0	18	13	9	1	165
gnl|GLV|CAGL0B02387g_76-284,357-362,401-416,444-470_1AKO:A:	6	12	3	10	0	27	14	16	0	268
gnl|GLV|CAGL0B02365g_601-687,720-772_2CQI:A:1-90	0	5	0	2	0	9	5	4	0	90
gnl|GLV|CAGL0B02343g_66-261,311-516_1PV7:A:	0	0	2	22	0	18	12	14	0	417
gnl|GLV|CAGL0B02321g_176-229,305-500_1XHB:A:95-422	1	12	5	11	0	35	18	17	0	328
gnl|GLV|CAGL0B02211g_1263-1419,1455-1529_1XL4:A:23-138	0	1	0	4	0	11	8	6	0	116
gnl|GLV|CAGL0B02211g_540-638,707-773_1LNQ:A:19-98	0	0	0	5	0	5	7	8	0	80
gnl|GLV|CAGL0B02211g_1589-1827_1ORQ:C:	0	0	0	9	0	12	9	11	0	223
gnl|GLV|CAGL0B02211g_830-1058_1ORQ:C:	0	0	0	9	0	12	9	11	0	223
gnl|GLV|CAGL0B02189g_16-266,336-377,419-717,784-1030_1W9C:A:	0	0	4	15	0	20	13	12	0	321
gnl|GLV|CAGL0B03113g_201-335,364-473_1PGV:A:	2	5	0	7	0	21	9	7	0	167
gnl|GLV|CAGL0B03069g_12-332_2CWN:A:13-331	2	8	6	14	0	25	15	10	0	319
gnl|GLV|CAGL0B03047g_252-398_1QMG:A:308-595	2	0	1	17	0	17	9	19	0	288
gnl|GLV|CAGL0B03047g_50-249_1NP3:A:1-182	0	9	2	9	0	24	9	11	0	182
gnl|GLV|CAGL0B02816g_241-379_1E6I:A:	0	0	2	5	0	8	8	7	0	111
gnl|GLV|CAGL0B02816g_26-107_1E6I:A:	0	0	2	5	0	8	8	7	0	111
gnl|GLV|CAGL0B02761g_245-577_1II7:A:	4	19	4	8	0	37	23	13	0	333
gnl|GLV|CAGL0B02739g_372-673_1F3M:C:	1	10	4	11	0	33	20	20	0	294
gnl|GLV|CAGL0B02739g_5-64_1OW5:A:	0	0	0	5	0	6	1	4	0	60
gnl|GLV|CAGL0B02695g_360-423_1JM7:A:	2	0	1	3	0	11	9	5	0	103
gnl|GLV|CAGL0B03619g_104-386_2PWA:A:1-279	4	15	3	6	0	32	20	20	0	279
gnl|GLV|CAGL0B03619g_1-99_1SPB:P:	0	5	0	2	0	9	1	3	0	71
gnl|GLV|CAGL0B03597g_443-538_1WJW:A:	0	3	0	2	0	7	8	3	0	111
gnl|GLV|CAGL0B03597g_16-102_1K2Y:X:5-154	5	7	1	4	0	15	5	10	0	150
gnl|GLV|CAGL0B03597g_175-291_1K2Y:X:155-258	0	5	2	3	0	14	9	8	0	104
gnl|GLV|CAGL0B03597g_77-169_1K2Y:X:5-154	5	7	1	4	0	15	5	10	0	150
gnl|GLV|CAGL0B03531g_1-71,122-245_2FEA:A:2-227	4	7	3	11	0	24	11	14	0	226
gnl|GLV|CAGL0B03509g_136-318,351-481_1A06:A:	4	8	4	10	0	29	20	14	0	307
gnl|GLV|CAGL0B03443g_147-213,254-378_1A06:A:	4	8	4	10	0	29	20	14	0	307
gnl|GLV|CAGL0B03421g_57-89_2HAP:D:98-130	0	0	1	2	0	6	3	2	0	42
gnl|GLV|CAGL0B03421g_12-59_2HAP:C:55-97	0	0	1	2	0	6	3	2	0	43
gnl|GLV|CAGL0B03377g_562-741_1VHR:A:	2	5	1	8	0	14	9	10	0	178
gnl|GLV|CAGL0B03311g_123-224,334-474,528-611_1A12:A:	5	30	5	1	0	58	38	27	0	401
gnl|GLV|CAGL0B03311g_20-121_2OVR:B:2263-2364	0	0	0	6	0	9	7	5	0	102
gnl|GLV|CAGL0B03289g_429-623,785-869_1LFW:A:1-186,A:383-468	2	14	2	7	0	28	18	15	1	272
gnl|GLV|CAGL0B03289g_13-119,210-402_1P22:A:253-545	0	28	0	1	0	35	23	13	0	293
gnl|GLV|CAGL0B03245g_8-211,238-468_1RH5:A:	4	2	2	14	0	28	20	20	0	422
gnl|GLV|CAGL0B05049g_232-274,348-560_1Z63:A:432-661	0	7	2	11	0	24	16	18	0	230
gnl|GLV|CAGL0B05049g_614-690,1266-1460_1Z3I:X:390-735	0	10	6	11	0	41	29	23	0	346
gnl|GLV|CAGL0B05049g_1163-1206_1CHC:A:	0	3	0	1	0	9	8	3	0	68
gnl|GLV|CAGL0B04983g_5-145_1GW5:S:	0	7	0	5	0	11	6	9	0	142
gnl|GLV|CAGL0B04917g_1-408_1LWD:A:	2	16	1	15	0	36	17	20	0	413
gnl|GLV|CAGL0B04895g_156-230_1DP7:P:	0	3	0	3	0	5	2	3	0	76
gnl|GLV|CAGL0B04851g_240-408_1F5X:A:	0	0	2	11	0	11	9	11	0	208
gnl|GLV|CAGL0B04807g_118-296_1P1T:A:	2	4	0	4	0	11	10	6	0	104
gnl|GLV|CAGL0B04807g_330-417_1X4A:A:9-103	0	6	1	2	0	11	6	3	0	96
gnl|GLV|CAGL0B04785g_205-241_1SSF:A:7-60	0	5	0	0	0	8	4	4	0	54
gnl|GLV|CAGL0B04741g_44-208_1F0I:A:6-263	5	9	3	7	0	19	12	12	0	258
gnl|GLV|CAGL0B04741g_400-479_1XDP:A:315-501	2	8	2	5	0	21	8	14	0	187
gnl|GLV|CAGL0B04675g_139-279_2VGN:A:136-277	0	5	2	5	0	11	6	8	0	142
gnl|GLV|CAGL0B04675g_1-137_2VGN:A:1-135	0	7	0	2	0	15	5	8	0	135
gnl|GLV|CAGL0B04675g_271-378_2VGN:A:278-381	0	4	1	4	0	7	6	6	0	105
gnl|GLV|CAGL0B04631g_543-886_1I9Z:A:	8	11	3	8	0	32	15	14	0	345
gnl|GLV|CAGL0B04587g_5-252_1EBB:A:	4	6	4	7	0	26	7	13	0	202
gnl|GLV|CAGL0B04565g_70-396_1S4N:A:	1	12	10	14	0	38	22	21	0	339
gnl|GLV|CAGL0B04543g_20-306_1OKC:A:	0	0	6	11	0	19	10	9	0	292
gnl|GLV|CAGL0B04521g_7-177_1CTQ:A:	0	6	1	6	0	16	8	10	0	166
gnl|GLV|CAGL0B04389g_829-932,959-1120_1OMZ:A:	3	13	1	7	0	26	18	19	0	265
gnl|GLV|CAGL0B04367g_103-262_2B7K:A:111-279	0	7	1	4	0	18	6	11	0	169
gnl|GLV|CAGL0B04345g_21-328_1NI3:A:11-306	0	7	3	11	0	29	19	15	0	296
gnl|GLV|CAGL0B04345g_306-387_1NI3:A:307-388	2	5	0	4	0	11	4	6	0	82
gnl|GLV|CAGL0B04301g_142-184,212-439_1VZO:A:	2	11	7	9	0	31	20	19	0	322
gnl|GLV|CAGL0B04279g_25-251_1MLV:A:50-310	4	6	3	8	0	32	19	16	0	261
gnl|GLV|CAGL0B04279g_322-365_1MLV:A:50-310	4	6	3	8	0	32	19	16	0	261
gnl|GLV|CAGL0B04213g_486-551_1U29:A:260-378	0	9	0	1	0	16	9	5	0	119
gnl|GLV|CAGL0B04213g_274-465_2EFL:A:1-288	0	0	0	7	0	7	3	7	0	288
gnl|GLV|CAGL0B04147g_145-316,357-505_1FOT:A:	5	9	4	10	0	37	20	19	0	316
gnl|GLV|CAGL0B04125g_76-221_1I50:C:42-172	0	8	3	1	0	20	8	7	0	131
gnl|GLV|CAGL0B04125g_38-81,248-330_1I50:C:3-41,C:173-268	2	3	1	3	0	17	12	4	1	135
gnl|GLV|CAGL0B04059g_11-111_1TBU:A:13-116	0	6	0	1	0	11	7	4	0	104
gnl|GLV|CAGL0B04059g_167-335_1C8U:A:116-286	0	7	1	3	0	17	13	11	0	171
gnl|GLV|CAGL0B04037g_59-172_1J6Y:A:	0	5	0	4	0	20	14	4	0	138
gnl|GLV|CAGL0B04037g_7-42_1ZR7:A:12-39	0	3	0	0	0	2	1	3	0	28
gnl|GLV|CAGL0B04015g_106-236_1COZ:A:	1	5	2	5	0	12	6	10	0	126
gnl|GLV|CAGL0B03993g_13-401_2GP4:A:1-418	5	7	4	13	0	30	17	20	0	418
gnl|GLV|CAGL0B03993g_403-582_2GP4:A:419-608	2	8	8	5	0	22	17	12	0	190
gnl|GLV|CAGL0B03883g_6-297_1OKC:A:	0	0	6	11	0	19	10	9	0	292
gnl|GLV|CAGL0B03795g_180-296_1Q8K:A:186-302	2	6	1	3	0	11	7	4	0	117
gnl|GLV|CAGL0B03795g_90-176_1Q46:A:89-175	0	0	1	5	0	6	2	3	0	87
gnl|GLV|CAGL0B03795g_12-91_1Q46:A:2-88	0	5	2	0	0	8	6	7	0	87
gnl|GLV|CAGL0B03685g_1-198_2A5L:A:3-198	7	6	0	6	0	19	6	8	0	196
gnl|GLV|CAGL0B03663g_12-454_2CTS:A:	5	2	3	20	0	34	18	23	0	437
gnl|GLV|CAGL0A04741g_5-142_1GW5:S:	0	7	0	5	0	11	6	9	0	142
gnl|GLV|CAGL0A04741g_281-450_1I31:A:	1	16	2	0	0	27	16	7	0	277
gnl|GLV|CAGL0A04719g_34-263_1RYP:2:	1	13	2	4	0	19	8	12	0	233
gnl|GLV|CAGL0A04653g_31-326_2F2A:B:4-293	4	16	1	4	0	32	18	16	0	290
gnl|GLV|CAGL0A04653g_333-447_2F2A:B:294-400	0	0	0	8	0	9	6	9	0	118
gnl|GLV|CAGL0A04565g_37-159_1L3G:A:	0	6	0	5	0	9	6	8	0	123
gnl|GLV|CAGL0A04565g_471-641_1SW6:A:	2	4	3	13	0	30	11	18	0	301
gnl|GLV|CAGL0A04477g_147-191,396-679_2GFO:A:762-1109	3	20	3	10	0	40	19	15	0	348
gnl|GLV|CAGL0A04455g_80-126_1D66:A:8-48	0	0	0	2	0	4	1	2	0	41
gnl|GLV|CAGL0A04433g_48-258_1PRX:A:	4	11	0	6	0	30	13	16	0	220
gnl|GLV|CAGL0A04411g_273-492_1OUV:A:	0	0	0	15	0	18	7	15	0	272
gnl|GLV|CAGL0A04345g_192-287_1SS6:A:	0	4	1	2	0	12	10	7	0	101
gnl|GLV|CAGL0A04345g_274-391_1S3S:G:	2	5	1	3	0	15	10	7	0	118
gnl|GLV|CAGL0A04345g_3-42_1V92:A:	0	0	0	3	0	4	2	4	0	46
gnl|GLV|CAGL0A04323g_95-216_1Q7S:A:	1	4	1	4	0	8	3	3	0	117
gnl|GLV|CAGL0A04301g_3-293_1A6Q:A:2-296	3	15	2	7	0	26	16	16	0	295
gnl|GLV|CAGL0A04279g_7-97,135-209,240-306,342-384_1XWY:A:1-260	0	8	7	9	0	24	12	14	0	260
gnl|GLV|CAGL0A04829g_226-483_1IG8:A:225-486	1	5	5	10	0	20	16	19	0	262
gnl|GLV|CAGL0A04829g_19-223_1IG8:A:18-224	2	8	1	5	0	24	11	10	0	207
gnl|GLV|CAGL0A04785g_18-148_1T6C:A:7-132	0	5	0	5	0	9	4	7	0	126
gnl|GLV|CAGL0A04785g_153-344_1U6Z:A:136-312	4	5	3	7	0	18	10	9	0	177
gnl|GLV|CAGL0A00561g_97-401_2OVR:B:2365-2706	0	32	2	1	0	36	24	21	0	342
gnl|GLV|CAGL0A00517g_22-156,287-400,844-1076_1SU4:A:1-124,A:240-343,A:751-994	1	1	8	18	0	32	20	22	2	472
gnl|GLV|CAGL0A00517g_405-424,662-901_1SU4:A:344-360,A:600-750	3	8	1	8	0	16	12	11	1	168
gnl|GLV|CAGL0A00517g_412-470,514-699_1MO7:A:	2	9	0	5	0	32	19	9	0	213
gnl|GLV|CAGL0A00517g_157-285_1SU4:A:125-239	2	9	3	0	0	21	10	7	0	115
gnl|GLV|CAGL0A00495g_61-162,261-354,665-860_1SU4:A:1-124,A:240-343,A:751-994	1	1	8	18	0	32	20	22	2	472
gnl|GLV|CAGL0A00495g_357-403,451-665_1SU4:A:344-360,A:600-750	3	8	1	8	0	16	12	11	1	168
gnl|GLV|CAGL0A00495g_163-260_1SU4:A:125-239	2	9	3	0	0	21	10	7	0	115
gnl|GLV|CAGL0A00473g_448-784_1M8Z:A:	0	2	4	27	0	17	16	26	0	339
gnl|GLV|CAGL0A00451g_21-66_1CLD:A:	0	0	0	2	0	4	2	1	0	33
gnl|GLV|CAGL0A00407g_12-253_1RYP:A:	3	10	2	6	0	21	15	12	0	243
gnl|GLV|CAGL0A00363g_8-501_1ACO:A:2-528	11	21	6	16	0	60	33	33	0	527
gnl|GLV|CAGL0A00363g_542-748_1V7L:A:	4	8	0	7	0	21	10	13	0	162
gnl|GLV|CAGL0A00319g_235-317_1MK4:A:	2	9	2	4	0	15	7	11	0	156
gnl|GLV|CAGL0A00297g_105-192_1FPO:A:77-171	0	0	0	3	0	7	2	4	0	95
gnl|GLV|CAGL0A00297g_36-95_1FPO:A:1-76	0	0	1	4	0	5	3	4	0	76
gnl|GLV|CAGL0A00275g_19-241_1JWH:C:	12	0	4	7	0	25	19	17	0	200
gnl|GLV|CAGL0A00231g_511-547,612-685_1K2P:A:	3	8	4	8	0	25	12	12	0	258
gnl|GLV|CAGL0A00187g_597-672_1VFY:A:	4	4	2	1	0	10	2	4	0	72
gnl|GLV|CAGL0A01133g_460-699_3B60:A:329-581	4	10	2	9	0	24	18	16	0	253
gnl|GLV|CAGL0A01133g_122-452_2HYD:A:1-323	0	0	1	15	1	9	5	12	0	323
gnl|GLV|CAGL0A01111g_9-55_1E79:I:	0	1	0	1	0	5	4	4	0	47
gnl|GLV|CAGL0A01067g_90-357,435-482_2FLU:X:325-609	14	28	0	0	0	37	15	14	0	285
gnl|GLV|CAGL0A01045g_22-479_1YFM:A:	4	8	6	16	1	38	15	23	0	459
gnl|GLV|CAGL0A01023g_160-399_1KQN:A:	2	6	3	11	0	22	8	15	0	270
gnl|GLV|CAGL0A00847g_136-317_1WWR:A:1-151	2	5	1	5	0	16	8	11	0	151
gnl|GLV|CAGL0A00781g_40-130,238-312_2OVR:B:2365-2706	0	32	2	1	0	36	24	21	0	342
gnl|GLV|CAGL0A00781g_1134-1206_1V87:A:	2	5	0	2	0	19	13	6	0	113
gnl|GLV|CAGL0A00737g_46-507_1PV7:A:	0	0	2	22	0	18	12	14	0	417
gnl|GLV|CAGL0A00605g_320-618_1VYH:C:92-408	0	28	1	0	0	39	25	14	0	317
gnl|GLV|CAGL0A00583g_8-50_1D66:A:8-48	0	0	0	2	0	4	1	2	0	41
gnl|GLV|CAGL0A01628g_41-95_2EPS:A:408-446	0	2	0	1	0	5	5	1	0	39
gnl|GLV|CAGL0A01474g_333-589_1GHS:A:	3	12	6	10	0	35	17	17	0	306
gnl|GLV|CAGL0A01452g_313-490,517-811_2JG0:A:37-547	13	16	6	19	0	52	31	30	0	511
gnl|GLV|CAGL0A01430g_300-685_1V8Z:A:1-386	8	14	4	15	0	30	22	23	0	386
gnl|GLV|CAGL0A01430g_4-249_1GEQ:A:	1	8	3	11	0	24	9	11	0	248
gnl|GLV|CAGL0A01243g_44-480_1PV7:A:	0	0	2	22	0	18	12	14	0	417
gnl|GLV|CAGL0A01221g_47-278_1J4N:A:	0	0	3	9	0	17	7	12	0	249
gnl|GLV|CAGL0A01177g_379-700_1QAS:A:299-625	3	11	6	8	0	35	21	20	0	327
gnl|GLV|CAGL0A01177g_254-372_1DJX:B:158-298	2	4	2	8	0	10	8	7	0	141
gnl|GLV|CAGL0A01177g_106-206_1V5U:A:	0	7	1	1	0	13	9	4	0	116
gnl|GLV|CAGL0A01177g_716-847_1QAS:A:626-756	1	8	2	0	0	14	6	3	0	131
gnl|GLV|CAGL0A02145g_323-389_1OOT:A:	3	5	1	0	0	9	4	4	0	58
gnl|GLV|CAGL0A02112g_225-542_1B8A:A:104-438	6	13	4	11	0	30	23	16	0	335
gnl|GLV|CAGL0A02112g_105-209_1N9W:A:1-93	1	5	1	0	0	9	6	5	0	93
gnl|GLV|CAGL0A02090g_179-446_1HC7:A:5-276	5	14	1	6	0	26	14	14	0	272
gnl|GLV|CAGL0A02090g_448-580_1HC7:A:277-403	1	5	1	4	0	10	5	8	0	127
gnl|GLV|CAGL0A02090g_582-673_1HC7:A:404-477	3	4	0	2	0	10	4	3	0	74
gnl|GLV|CAGL0A02090g_19-104_1WDV:A:	3	8	3	5	0	21	9	9	0	150
gnl|GLV|CAGL0A02046g_41-111,157-224_1G4M:A:5-175	1	10	2	2	0	21	12	8	0	171
gnl|GLV|CAGL0A01980g_124-311_1G7S:A:1-227	3	9	5	6	0	24	13	14	0	227
gnl|GLV|CAGL0A01980g_450-575_1G7S:A:329-459	3	4	0	5	0	10	10	6	0	131
gnl|GLV|CAGL0A01980g_571-673_1D1N:A:	2	7	0	0	0	17	11	2	0	99
gnl|GLV|CAGL0A01980g_322-404_1WB1:A:180-271	6	5	1	0	0	22	10	2	0	92
gnl|GLV|CAGL0A01914g_3306-3479,3521-3704_1E8Y:A:726-1092	0	10	2	12	0	26	15	16	0	367
gnl|GLV|CAGL0A01914g_21-180,298-453,738-963_1UG3:A:1438-1564	0	2	0	8	0	10	4	6	0	127
gnl|GLV|CAGL0A01914g_726-965,1077-1124,1152-1244,1300-1580_1UG3:A:1235-1427	0	0	4	11	0	13	4	12	0	193
gnl|GLV|CAGL0A01870g_523-738_3SIL:A:	7	27	3	2	0	51	26	21	0	379
gnl|GLV|CAGL0A01870g_44-66,140-233,420-573_2SLI:A:277-759	6	35	5	1	0	62	44	28	0	483
gnl|GLV|CAGL0A01848g_39-200,540-635_1M2V:B:61-215,B:553-646	5	10	2	3	0	17	17	8	1	249
gnl|GLV|CAGL0A01848g_299-526_1M2V:B:301-552	1	9	0	8	0	19	17	12	0	252
gnl|GLV|CAGL0A01848g_742-906_1M2V:B:754-926	1	4	1	3	0	19	8	8	0	173
gnl|GLV|CAGL0A01848g_218-294_1M2V:B:216-300	2	5	3	1	0	15	7	6	0	85
gnl|GLV|CAGL0A01848g_637-741_1M2V:B:647-753	0	1	1	5	0	7	7	5	0	107
gnl|GLV|CAGL0A01826g_87-289,320-544_1PV7:A:	0	0	2	22	0	18	12	14	0	417
gnl|GLV|CAGL0A01804g_62-264,295-519_1PV7:A:	0	0	2	22	0	18	12	14	0	417
gnl|GLV|CAGL0A01782g_70-272,303-526_1PV7:A:	0	0	2	22	0	18	12	14	0	417
gnl|GLV|CAGL0A01760g_138-482_1BS2:A:136-483	7	9	3	12	0	34	19	16	0	348
gnl|GLV|CAGL0A01760g_483-605_1BS2:A:484-607	0	0	1	6	0	8	5	7	0	124
gnl|GLV|CAGL0A01760g_11-135_1BS2:A:5-135	1	3	3	5	0	12	3	7	0	131
gnl|GLV|CAGL0A01738g_2-412_2VK9:A:2-541	9	6	8	20	0	52	25	29	0	540
gnl|GLV|CAGL0A01716g_2-199_1IM5:A:	6	6	4	4	0	22	12	14	0	179
gnl|GLV|CAGL0A02629g_20-165_1ELK:A:	0	0	1	9	0	11	7	9	0	153
gnl|GLV|CAGL0A02629g_451-582_1GYW:B:	2	8	2	0	0	16	7	6	0	128
gnl|GLV|CAGL0A02629g_195-315_1OXZ:A:	0	0	0	5	0	7	5	4	0	132
gnl|GLV|CAGL0A02574g_105-375_1V8G:A:66-329	3	7	5	11	0	22	10	13	0	264
gnl|GLV|CAGL0A02552g_13-273_1TQ4:A:	2	6	4	17	0	36	21	21	0	400
gnl|GLV|CAGL0A02530g_2-315_1VDC:A:1-117,A:244-316	5	11	3	3	0	28	12	10	1	192
gnl|GLV|CAGL0A02431g_44-432_1J71:A:	2	26	4	3	0	34	19	20	0	334
gnl|GLV|CAGL0A02387g_138-212,262-310_1ISA:A:83-192	1	3	2	5	0	10	6	7	0	110
gnl|GLV|CAGL0A02321g_55-257,288-512_1PV7:A:	0	0	2	22	0	18	12	14	0	417
gnl|GLV|CAGL0A02233g_49-507_1PV7:A:	0	0	2	22	0	18	12	14	0	417
gnl|GLV|CAGL0A02211g_54-256,287-510_1PV7:A:	0	0	2	22	0	18	12	14	0	417
gnl|GLV|CAGL0A02189g_136-481_1BS2:A:136-483	7	9	3	12	0	34	19	16	0	348
gnl|GLV|CAGL0A02189g_3-133_1BS2:A:5-135	1	3	3	5	0	12	3	7	0	131
gnl|GLV|CAGL0A02189g_482-605_1BS2:A:484-607	0	0	1	6	0	8	5	7	0	124
gnl|GLV|CAGL0A03014g_14-243,311-370_1CJC:A:6-106,A:332-460	6	9	1	9	0	25	11	18	1	230
gnl|GLV|CAGL0A02992g_211-410_1IXZ:A:	2	5	3	11	0	25	13	15	0	247
gnl|GLV|CAGL0A02948g_1-188_1FPW:A:	0	4	0	10	0	17	16	11	0	190
gnl|GLV|CAGL0A02904g_56-114,143-352,423-475_1W9P:A:39-298,A:361-433	4	9	9	11	0	41	22	17	1	333
gnl|GLV|CAGL0A02904g_344-414_1D2K:A:293-354	2	5	1	0	0	7	5	5	0	62
gnl|GLV|CAGL0A02882g_1-97_1MWQ:A:	0	4	1	4	0	10	2	5	0	100
gnl|GLV|CAGL0A02838g_19-72_1MZK:A:	0	11	0	0	0	17	11	9	0	138
gnl|GLV|CAGL0A02816g_9-291_1AH4:A:	10	10	7	10	0	47	22	21	0	315
gnl|GLV|CAGL0A02772g_124-439_2OVR:B:2365-2706	0	32	2	1	0	36	24	21	0	342
gnl|GLV|CAGL0A02750g_172-421_2CE7:A:150-402	2	5	6	9	0	24	12	16	0	253
gnl|GLV|CAGL0A02706g_290-367_1A5R:A:	1	4	0	1	0	12	10	5	0	102
gnl|GLV|CAGL0A02695g_357-599_1U4C:A:	4	27	2	2	0	38	21	15	0	340
gnl|GLV|CAGL0A02651g_623-682_1H88:C:89-143	0	0	0	3	0	6	5	5	0	55
gnl|GLV|CAGL0A03718g_3-336_1C9L:A:3-330	1	28	3	0	0	29	16	19	0	328
gnl|GLV|CAGL0A03718g_1189-1523_1B89:A:	0	0	2	22	0	24	7	21	0	336
gnl|GLV|CAGL0A03718g_448-785_1BPO:A:331-487	0	0	1	10	0	13	9	8	0	157
gnl|GLV|CAGL0A03718g_339-491_1BPO:A:331-487	0	0	1	10	0	13	9	8	0	157
gnl|GLV|CAGL0A03718g_893-1098_1B89:A:	0	0	2	22	0	24	7	21	0	336
gnl|GLV|CAGL0A03718g_806-931_1BPO:A:331-487	0	0	1	10	0	13	9	8	0	157
gnl|GLV|CAGL0A03718g_1098-1186_1B89:A:	0	0	2	22	0	24	7	21	0	336
gnl|GLV|CAGL0A03696g_308-414_2QLV:B:306-412	1	3	1	1	0	7	2	2	0	107
gnl|GLV|CAGL0A03696g_158-241_2QLV:B:161-247	1	9	1	0	0	14	7	4	0	87
gnl|GLV|CAGL0A03630g_134-299_1ELW:A:	0	0	0	7	0	11	0	7	0	117
gnl|GLV|CAGL0A03630g_447-575_1KT1:A:254-421	0	0	1	7	0	12	3	7	0	168
gnl|GLV|CAGL0A03630g_911-1061_1W3B:A:	0	0	0	23	0	35	6	26	0	388
gnl|GLV|CAGL0A03564g_95-137,255-466_1ERJ:A:	2	30	1	1	0	43	24	22	0	388
gnl|GLV|CAGL0A03542g_5-77_2OCC:H:	1	0	1	3	0	9	6	3	0	79
gnl|GLV|CAGL0A03498g_20-200_1H7S:A:29-231	0	10	3	5	0	18	14	9	0	203
gnl|GLV|CAGL0A03498g_224-358_1H7S:A:232-365	2	7	1	4	0	12	4	9	0	134
gnl|GLV|CAGL0A03366g_200-590_1G8M:A:201-593	3	17	3	13	0	40	23	23	0	393
gnl|GLV|CAGL0A03366g_3-194_1G8M:A:4-200	3	5	2	10	0	16	9	11	0	197
gnl|GLV|CAGL0A03322g_28-394_1T64:A:	10	8	3	11	0	40	16	26	0	364
gnl|GLV|CAGL0A03300g_284-460_2FPO:A:10-192	0	9	2	5	0	19	8	10	0	183
gnl|GLV|CAGL0A04257g_108-160_1GUU:A:	0	0	0	3	0	5	3	2	0	50
gnl|GLV|CAGL0A04235g_197-481_2OZU:A:507-776	3	11	2	7	0	25	15	15	0	270
gnl|GLV|CAGL0A04213g_34-137_1P1T:A:	2	4	0	4	0	11	10	6	0	104
gnl|GLV|CAGL0A04147g_310-384_1JQQ:A:	3	5	1	0	0	12	7	5	0	91
gnl|GLV|CAGL0A04037g_226-250,280-522_1P22:A:253-545	0	28	0	1	0	35	23	13	0	293
gnl|GLV|CAGL0A04015g_165-413_2OZB:B:85-333	0	0	3	11	0	15	11	14	0	249
gnl|GLV|CAGL0A03971g_4-102_1FXK:A:	0	2	0	2	0	5	1	3	0	107
gnl|GLV|CAGL0A03905g_10-266_1WOV:A:2-250	0	1	3	14	0	16	6	11	0	249
gnl|GLV|CAGL0A03872g_4-144_1INZ:A:	0	0	1	7	0	13	10	5	0	147
gnl|GLV|CAGL0A03828g_9-59,199-281_2IK8:B:65-180	0	0	0	8	0	6	3	9	0	116
gnl|GLV|CAGL0A03117g_65-160_1NO8:A:	0	6	0	2	0	11	6	3	0	78
gnl|GLV|CAGL0A03102g_425-606_1PVD:A:361-556	2	6	4	9	0	22	7	15	0	196
gnl|GLV|CAGL0A03102g_31-221_1PVD:A:2-181	0	8	3	6	0	14	9	8	0	180
gnl|GLV|CAGL0A03102g_210-409_1QPB:A:182-360	0	9	4	4	0	18	11	9	0	179
gnl|GLV|CAGL0A03058g_553-670,698-791_1XA6:A:271-466	0	0	1	11	0	17	14	15	0	196
gnl|GLV|CAGL0A00385g_1-151,195-326,406-872_1QBK:B:	0	0	17	47	0	50	54	64	0	888
gnl|GLV|CAGL0G05401g_527-618_2CQI:A:1-90	0	5	0	2	0	9	5	4	0	90
gnl|GLV|CAGL0G05423g_2-187,422-463_1GPP:A:	7	17	4	2	0	25	9	9	0	236
gnl|GLV|CAGL0G05423g_185-301_1DFA:A:181-298	3	0	0	3	0	9	6	6	0	118
gnl|GLV|CAGL0G05423g_305-425_1DFA:A:299-415	1	4	2	3	0	13	8	7	0	117
gnl|GLV|CAGL0G05445g_10-129_1DCQ:A:247-368	2	3	1	5	0	15	8	9	0	122
gnl|GLV|CAGL0J02288g_46-397_1J71:A:	2	26	4	3	0	34	19	20	0	334
gnl|GLV|CAGL0J02310g_31-152_1UK5:A:	0	0	0	3	0	7	5	1	0	110
gnl|GLV|CAGL0J02156g_16-87_1UOH:A:	0	0	1	14	0	27	7	20	0	223
gnl|GLV|CAGL0J02156g_272-382_1HV2:A:	0	3	0	4	0	8	5	5	0	99
gnl|GLV|CAGL0J02200g_41-128_1H2T:Z:	3	6	4	4	0	20	12	10	0	146
gnl|GLV|CAGL0H03069g_453-610_1KO6:A:,B:	2	11	1	4	0	20	14	12	1	158
gnl|GLV|CAGL0B01188g_91-174_1LGP:A:	0	8	1	0	0	20	9	7	0	113
gnl|GLV|CAGL0C04048g_231-362,421-464_1LL2:A:	1	11	7	10	0	24	19	16	0	263
gnl|GLV|CAGL0C04169g_501-574,602-678_1OUV:A:	0	0	0	15	0	18	7	15	0	272
gnl|GLV|CAGL0C04191g_15-488_1O9J:A:	5	22	4	17	0	50	32	20	0	494
gnl|GLV|CAGL0L02893g_142-224,259-299_1PUI:A:	2	7	3	5	0	15	9	7	0	188
gnl|GLV|CAGL0L03003g_3-303_1VB5:A:	3	12	4	9	0	31	10	13	0	274
gnl|GLV|CAGL0M13849g_48-308_7A3H:A:	4	10	2	11	0	35	20	23	0	300
gnl|GLV|CAGL0M01056g_61-185_1O4W:A:	0	5	0	6	0	10	3	5	0	125
gnl|GLV|CAGL0K04917g_318-465_1IGN:A:446-594	2	0	0	5	0	10	4	4	0	149
gnl|GLV|CAGL0K04917g_232-311_1IGN:A:360-445	4	2	2	3	0	12	8	7	0	86
gnl|GLV|CAGL0K04917g_72-177_1IN1:A:	2	2	1	2	0	13	6	11	0	87
gnl|GLV|CAGL0M01364g_102-176_1NEX:A:116-185	0	0	0	5	0	7	1	5	0	70
gnl|GLV|CAGL0M01364g_6-86_1NEX:A:4-103	0	3	0	3	0	7	2	5	0	72
gnl|GLV|CAGL0K02805g_134-317_1D2T:A:	0	0	2	13	0	18	11	13	0	224
gnl|GLV|CAGL0A03051g_45-113_1JBM:A:	0	5	1	1	0	6	1	6	0	85
gnl|GLV|CAGL0B00220g_5-75_2V3K:A:25-251	2	10	2	6	0	30	16	14	0	227
gnl|GLV|CAGL0B00242g_104-149_1I11:A:	0	0	1	3	0	8	6	3	0	70
gnl|GLV|CAGL0B01243g_62-108_1I11:A:	0	0	1	3	0	8	6	3	0	70
gnl|GLV|CAGL0B04323g_196-386_1GU7:A:161-349	0	7	1	10	0	20	8	12	0	189
gnl|GLV|CAGL0B04323g_95-237_1GU7:A:23-160,A:350-386	3	10	2	4	0	26	14	8	1	175
gnl|GLV|CAGL0D01034g_1-311_1TZF:A:	0	16	4	7	0	27	12	15	0	258
gnl|GLV|CAGL0K11022g_89-130,161-243_1N08:A:	0	6	4	2	0	19	9	8	0	154
gnl|GLV|CAGL0M07403g_87-170_1ZO0:A:94-219	0	8	0	2	0	18	10	4	0	126
