PDB_ID	B	E	G	H	I	L	S	T	X	sequence_length
jgi|Lacbi1|305873|eu2.Lbscf0002g09310_120-185,223-322_1NRJ:B:	3	6	4	5	0	18	9	10	0	209
jgi|Lacbi1|330073|fgenesh3_pg.C_scaffold_25000056_40-270_1NI5:A:0-226	2	6	3	9	0	16	9	14	0	226
jgi|Lacbi1|292653|estExt_fgenesh2_pg.C_40046_4-187_1BGV:A:1-194	3	5	2	8	0	16	8	12	0	194
jgi|Lacbi1|292653|estExt_fgenesh2_pg.C_40046_180-450_1BGV:A:195-449	2	7	2	10	0	29	11	16	0	255
jgi|Lacbi1|295443|estExt_fgenesh2_pg.C_400119_32-318_2BV3:A:7-282	2	11	3	8	0	22	12	14	0	276
jgi|Lacbi1|295443|estExt_fgenesh2_pg.C_400119_514-637_2BV3:A:479-599	1	6	1	2	0	15	8	4	0	121
jgi|Lacbi1|295443|estExt_fgenesh2_pg.C_400119_286-311,343-436_2BV3:A:283-403	1	12	0	0	0	15	9	9	0	121
jgi|Lacbi1|295443|estExt_fgenesh2_pg.C_400119_440-516_1FNM:A:404-482	0	5	0	2	0	8	3	2	0	79
jgi|Lacbi1|295443|estExt_fgenesh2_pg.C_400119_639-725_2BV3:A:600-688	0	4	2	3	0	5	0	4	0	89
jgi|Lacbi1|251779|e_gww1.22.153.1_210-317_1S7B:A:	0	0	0	4	0	10	7	3	0	109
jgi|Lacbi1|191132|estExt_GeneWisePlus_worm.C_220112_3-102_1KX5:B:	0	3	1	3	0	10	6	4	0	102
jgi|Lacbi1|191150|estExt_GeneWisePlus_worm.C_220149_3-102_1KX5:B:	0	3	1	3	0	10	6	4	0	102
jgi|Lacbi1|291419|estExt_fgenesh2_pm.C_830001_3-102_1KX5:B:	0	3	1	3	0	10	6	4	0	102
jgi|Lacbi1|306722|eu2.Lbscf0325g00050_3-102_1KX5:B:	0	3	1	3	0	10	6	4	0	102
jgi|Lacbi1|189769|estExt_GeneWisePlus_worm.C_70402_5-286_1VYH:C:92-408	0	28	1	0	0	39	25	14	0	317
jgi|Lacbi1|290988|estExt_fgenesh2_pm.C_60015_41-253_1AKY:A:3-130,A:169-220	0	5	1	9	0	13	6	8	1	180
jgi|Lacbi1|180652|estExt_Genewise1_worm.C_540054_28-95_1N9S:C:	0	6	2	0	0	6	4	4	0	74
jgi|Lacbi1|192627|estExt_fgenesh1_kg.C_100008_61-254_2C07:A:54-304	2	7	2	9	0	21	12	14	0	251
jgi|Lacbi1|312101|eu2.Lbscf0004g10570_16-234_1E4C:P:	3	7	3	6	0	24	7	14	0	206
jgi|Lacbi1|300832|eu2.Lbscf0001g02810_153-295_1UMK:A:154-300	0	8	4	5	0	15	10	8	0	147
jgi|Lacbi1|300832|eu2.Lbscf0001g02810_57-168_1NDH:A:3-125	2	7	0	1	0	17	9	9	0	123
jgi|Lacbi1|243679|e_gww1.1.188.1_349-446_1WF6:A:	1	4	3	3	0	15	14	3	0	131
jgi|Lacbi1|181082|estExt_GeneWisePlus_human.C_10038_79-488,523-743_1I1I:P:	5	7	6	27	0	58	30	36	0	665
jgi|Lacbi1|189049|estExt_GeneWisePlus_worm.C_50145_12-194_1VI6:A:	1	7	3	6	0	22	13	12	0	193
jgi|Lacbi1|191230|estExt_GeneWisePlus_worm.C_250120_5-299_1OKC:A:	0	0	6	11	0	19	10	9	0	292
jgi|Lacbi1|189306|estExt_GeneWisePlus_worm.C_50669_35-307_1F5N:A:7-283	4	9	4	10	0	28	18	11	0	277
jgi|Lacbi1|184088|estExt_GeneWisePlus_human.C_70359_6-122_1WGK:A:	3	4	1	3	0	16	10	4	0	113
jgi|Lacbi1|249920|e_gww1.11.14.1_1-196,244-305,371-524,558-950_1QBK:B:	0	0	17	47	0	50	54	64	0	888
jgi|Lacbi1|186716|estExt_GeneWisePlus_worm.C_10001_152-228_1XD3:B:	3	5	1	1	0	10	1	6	0	75
jgi|Lacbi1|186716|estExt_GeneWisePlus_worm.C_10001_228-304_1XD3:B:	3	5	1	1	0	10	1	6	0	75
jgi|Lacbi1|186716|estExt_GeneWisePlus_worm.C_10001_76-152_1XD3:B:	3	5	1	1	0	10	1	6	0	75
jgi|Lacbi1|186716|estExt_GeneWisePlus_worm.C_10001_1-76_1XD3:B:	3	5	1	1	0	10	1	6	0	75
jgi|Lacbi1|294559|estExt_fgenesh2_pg.C_150090_2-134_1KX5:A:	0	2	0	4	0	17	13	6	0	135
jgi|Lacbi1|318312|eu2.Lbscf0008g04940_2-148_1MXE:A:	0	4	0	8	0	14	5	6	0	144
jgi|Lacbi1|301301|eu2.Lbscf0001g07500_4-343_1N0U:A:3-343	9	9	5	14	0	30	13	15	0	341
jgi|Lacbi1|301301|eu2.Lbscf0001g07500_561-724_1N0U:A:561-725	1	7	1	5	0	15	13	8	0	165
jgi|Lacbi1|301301|eu2.Lbscf0001g07500_344-481_1N0U:A:344-481	3	10	0	2	0	16	10	11	0	138
jgi|Lacbi1|301301|eu2.Lbscf0001g07500_726-839_1N0U:A:726-842	0	4	3	3	0	11	3	6	0	117
jgi|Lacbi1|301301|eu2.Lbscf0001g07500_484-559_1N0U:A:482-560	0	4	1	2	0	9	6	3	0	79
jgi|Lacbi1|320940|fgenesh3_pg.C_scaffold_1000510_9-84_1M2T:B:249-384	3	13	5	0	0	24	10	8	0	136
jgi|Lacbi1|301306|eu2.Lbscf0001g07550_15-42_1NJ3:A:	0	2	0	0	0	8	5	0	0	30
jgi|Lacbi1|162354|gwh1.1.732.1_5-145_1HUS:A:	0	4	0	6	0	13	5	4	0	139
jgi|Lacbi1|301309|eu2.Lbscf0001g07580_203-249,287-510_2P6R:A:203-403	2	10	1	7	0	20	15	11	0	201
jgi|Lacbi1|301311|eu2.Lbscf0001g07600_201-228_1NJ3:A:	0	2	0	0	0	8	5	0	0	30
jgi|Lacbi1|228774|e_gwh1.1.1345.1_27-175_1HOW:A:	5	10	4	11	0	39	18	24	0	362
jgi|Lacbi1|301313|eu2.Lbscf0001g07620_318-345_1NJ3:A:	0	2	0	0	0	8	5	0	0	30
jgi|Lacbi1|301314|eu2.Lbscf0001g07630_148-257_1DUS:A:	0	9	1	5	0	16	12	13	0	194
jgi|Lacbi1|301317|eu2.Lbscf0001g07660_11-148_1TVG:A:	1	8	2	0	0	17	8	5	0	136
jgi|Lacbi1|320947|fgenesh3_pg.C_scaffold_1000517_71-236,265-410_1LAR:A:1307-1623	1	11	2	10	0	27	23	18	0	317
jgi|Lacbi1|243307|e_gww1.1.610.1_86-246_1QOR:A:113-291	2	6	1	8	0	15	10	12	0	179
jgi|Lacbi1|243307|e_gww1.1.610.1_2-113_1QOR:A:2-112,A:292-327	4	9	4	2	0	19	11	6	1	147
jgi|Lacbi1|301320|eu2.Lbscf0001g07690_826-931,1070-1238,1287-1395_2AYN:A:100-482	11	15	4	9	0	36	15	14	0	383
jgi|Lacbi1|186793|estExt_GeneWisePlus_worm.C_10150_6-152_1AN7:A:	2	10	2	3	0	13	7	7	0	136
jgi|Lacbi1|301322|eu2.Lbscf0001g07710_28-109_1S7B:A:	0	0	0	4	0	10	7	3	0	109
jgi|Lacbi1|301322|eu2.Lbscf0001g07710_192-276_1S7B:A:	0	0	0	4	0	10	7	3	0	109
jgi|Lacbi1|158432|gwh1.1.319.1_49-150_1S7B:A:	0	0	0	4	0	10	7	3	0	109
jgi|Lacbi1|158432|gwh1.1.319.1_223-317_1S7B:A:	0	0	0	4	0	10	7	3	0	109
jgi|Lacbi1|301332|eu2.Lbscf0001g07810_9-396_1Z45:A:11-357	2	11	2	11	0	33	21	15	0	347
jgi|Lacbi1|181371|estExt_GeneWisePlus_human.C_10543_53-162_1PIN:A:45-163	3	4	1	3	0	16	8	6	0	119
jgi|Lacbi1|181371|estExt_GeneWisePlus_human.C_10543_2-31_1ZR7:A:12-39	0	3	0	0	0	2	1	3	0	28
jgi|Lacbi1|301335|eu2.Lbscf0001g07840_57-204_2EXN:A:1-128	0	10	2	1	0	16	8	7	0	120
jgi|Lacbi1|301335|eu2.Lbscf0001g07840_253-362_1ORU:A:	2	12	2	3	0	22	16	15	0	182
jgi|Lacbi1|243698|e_gww1.1.497.1_42-365_2GFO:A:762-1109	3	20	3	10	0	40	19	15	0	348
jgi|Lacbi1|301337|eu2.Lbscf0001g07860_16-80_1NEX:B:270-369	0	0	0	7	0	9	5	6	0	100
jgi|Lacbi1|301338|eu2.Lbscf0001g07870_72-114_1CLD:A:	0	0	0	2	0	4	2	1	0	33
jgi|Lacbi1|301339|eu2.Lbscf0001g07880_171-262_1AM9:A:	0	0	0	2	0	4	1	1	0	80
jgi|Lacbi1|301351|eu2.Lbscf0001g08000_52-190,243-419_1HOW:A:	5	10	4	11	0	39	18	24	0	362
jgi|Lacbi1|181553|estExt_GeneWisePlus_human.C_10871_863-1078_1Q12:A:4-235	1	11	4	7	0	25	20	16	0	232
jgi|Lacbi1|181553|estExt_GeneWisePlus_human.C_10871_162-400_3D31:A:1-229	0	10	1	9	0	26	15	14	0	229
jgi|Lacbi1|301353|eu2.Lbscf0001g08020_18-321_2PUL:A:5-396	1	10	6	14	0	29	12	21	0	392
jgi|Lacbi1|301354|eu2.Lbscf0001g08030_152-192,258-377_1TA0:A:	2	9	6	4	0	24	13	9	0	196
jgi|Lacbi1|301354|eu2.Lbscf0001g08030_542-635_1WF6:A:	1	4	3	3	0	15	14	3	0	131
jgi|Lacbi1|301355|eu2.Lbscf0001g08040_137-419_1CKI:A:	5	10	3	10	0	30	14	16	0	299
jgi|Lacbi1|301357|eu2.Lbscf0001g08060_92-242_1F21:A:	3	5	0	5	0	13	6	10	0	152
jgi|Lacbi1|301357|eu2.Lbscf0001g08060_10-54_1QHK:A:	0	3	0	2	0	7	4	0	0	47
jgi|Lacbi1|301359|eu2.Lbscf0001g08080_738-808,977-1145_1Z3I:X:390-735	0	10	6	11	0	41	29	23	0	346
jgi|Lacbi1|301359|eu2.Lbscf0001g08080_384-429,486-521,551-726_1Z63:A:432-661	0	7	2	11	0	24	16	18	0	230
jgi|Lacbi1|170335|estExt_Genewise1_human.C_10250_14-142,403-523_1A6D:A:17-145,A:404-519	0	9	1	11	0	18	7	14	1	245
jgi|Lacbi1|170335|estExt_Genewise1_human.C_10250_207-376_1GML:A:	3	9	2	3	0	17	13	5	0	169
jgi|Lacbi1|170335|estExt_Genewise1_human.C_10250_150-211,366-402_1Q3Q:A:146-216,A:370-405	1	5	3	3	0	8	7	2	1	107
jgi|Lacbi1|242814|e_gww1.1.1134.1_76-477_1PW4:A:	2	0	1	18	0	21	18	22	0	450
jgi|Lacbi1|242531|e_gww1.1.466.1_65-261_2QFI:A:5-208	2	0	7	7	0	14	20	21	0	204
jgi|Lacbi1|242531|e_gww1.1.466.1_269-340_2QFI:A:209-290	4	0	1	2	0	13	9	6	0	82
jgi|Lacbi1|320976|fgenesh3_pg.C_scaffold_1000546_235-294,368-425,476-555_1SVP:A:	3	13	3	0	0	22	12	14	0	160
jgi|Lacbi1|242500|e_gww1.1.407.1_12-275_2JFL:A:21-308	1	11	6	10	0	27	17	20	0	288
jgi|Lacbi1|301371|eu2.Lbscf0001g08200_520-668_1CSN:A:	3	10	2	9	0	31	12	17	0	293
jgi|Lacbi1|243007|e_gww1.1.146.1_89-357_1DV1:A:115-330	3	7	1	6	0	20	10	7	0	216
jgi|Lacbi1|243007|e_gww1.1.146.1_6-119_1DV1:A:1-114	0	5	2	5	0	11	5	6	0	114
jgi|Lacbi1|243007|e_gww1.1.146.1_341-461_1DV1:A:331-446	3	7	0	4	0	16	7	5	0	116
jgi|Lacbi1|243007|e_gww1.1.146.1_604-674_1O78:A:	4	6	0	0	0	18	11	2	0	84
jgi|Lacbi1|228793|e_gwh1.1.1206.1_31-274_1VHN:A:	0	9	3	14	0	31	18	15	0	317
jgi|Lacbi1|181468|estExt_GeneWisePlus_human.C_10726_126-450_1N0U:A:3-343	9	9	5	14	0	30	13	15	0	341
jgi|Lacbi1|181468|estExt_GeneWisePlus_human.C_10726_672-839_1N0U:A:561-725	1	7	1	5	0	15	13	8	0	165
jgi|Lacbi1|181468|estExt_GeneWisePlus_human.C_10726_452-582_1N0U:A:344-481	3	10	0	2	0	16	10	11	0	138
jgi|Lacbi1|181468|estExt_GeneWisePlus_human.C_10726_840-928_1N0U:A:726-842	0	4	3	3	0	11	3	6	0	117
jgi|Lacbi1|181468|estExt_GeneWisePlus_human.C_10726_594-669_1N0U:A:482-560	0	4	1	2	0	9	6	3	0	79
jgi|Lacbi1|291776|estExt_fgenesh2_pg.C_10545_10-62_1ELW:A:	0	0	0	7	0	11	0	7	0	117
jgi|Lacbi1|320988|fgenesh3_pg.C_scaffold_1000558_304-329,372-428_1BGX:T:174-289	0	0	3	2	0	12	13	7	0	116
jgi|Lacbi1|161044|gwh1.1.609.1_28-214_1W91:A:14-360	7	16	7	9	0	42	31	17	0	347
jgi|Lacbi1|301394|eu2.Lbscf0001g08430_39-123_5PAL:A:	0	2	1	7	0	14	4	9	0	109
jgi|Lacbi1|301397|eu2.Lbscf0001g08460_4-145_1X6M:A:	1	11	5	3	0	24	13	10	0	195
jgi|Lacbi1|301402|eu2.Lbscf0001g08510_42-165,201-276_1ZAV:A:1-177	0	5	2	6	0	12	5	9	0	177
jgi|Lacbi1|301407|eu2.Lbscf0001g08560_36-113_1IA9:A:	5	14	4	6	0	31	17	13	0	278
jgi|Lacbi1|301409|eu2.Lbscf0001g08580_390-452_1WEN:A:	0	2	0	0	0	14	12	4	0	70
jgi|Lacbi1|149014|gww1.1.867.1_2-123_1SZA:A:	0	0	2	8	0	12	7	6	0	143
jgi|Lacbi1|228028|e_gwh1.1.534.1_101-257_2CND:A:125-270	0	8	3	6	0	14	9	6	0	146
jgi|Lacbi1|228028|e_gwh1.1.534.1_55-114_1I7P:A:29-153	2	7	0	1	0	15	7	11	0	121
jgi|Lacbi1|187188|estExt_GeneWisePlus_worm.C_10838_5-337_2GFS:A:5-352	1	10	6	13	0	32	21	20	0	348
jgi|Lacbi1|301416|eu2.Lbscf0001g08650_747-968,997-1032,1086-1118,1151-1240_1G55:A:	1	11	6	12	0	40	15	18	0	343
jgi|Lacbi1|157347|gwh1.1.206.1_156-319_1FKM:A:249-442	2	0	8	8	0	13	13	10	0	194
jgi|Lacbi1|157347|gwh1.1.206.1_296-412_1FKM:A:443-630	0	0	1	8	0	10	3	8	0	188
jgi|Lacbi1|181287|estExt_GeneWisePlus_human.C_10392_144-423_1TE6:A:140-433	6	13	7	9	0	40	18	13	0	294
jgi|Lacbi1|181287|estExt_GeneWisePlus_human.C_10392_3-138_1PDZ:A:1-139	2	3	1	5	0	14	6	10	0	139
jgi|Lacbi1|242896|e_gww1.1.69.1_5-849,884-995_1QBK:B:	0	0	17	47	0	50	54	64	0	888
jgi|Lacbi1|291789|estExt_fgenesh2_pg.C_10576_146-352_1A4Y:A:	2	17	3	16	0	56	24	32	0	460
jgi|Lacbi1|227995|e_gwh1.1.233.1_139-366_2D2S:A:525-753	0	0	2	9	0	10	3	9	0	229
jgi|Lacbi1|243804|e_gww1.1.1358.1_34-82,109-180_1VCD:A:1-126	1	7	0	3	0	16	6	5	0	126
jgi|Lacbi1|181749|estExt_GeneWisePlus_human.C_11201_55-234_1BOF:A:10-60,A:182-354	1	6	6	6	0	19	9	12	1	224
jgi|Lacbi1|181749|estExt_GeneWisePlus_human.C_11201_30-57_1CIP:A:61-181	0	0	1	8	0	7	3	10	0	121
jgi|Lacbi1|301440|eu2.Lbscf0001g08890_14-135_1XRG:A:	4	6	3	2	0	16	9	5	0	125
jgi|Lacbi1|291793|estExt_fgenesh2_pg.C_10593_7-241_1RYP:E:	6	10	2	6	0	23	15	14	0	242
jgi|Lacbi1|301445|eu2.Lbscf0001g08940_52-190,239-416_1HOW:A:	5	10	4	11	0	39	18	24	0	362
jgi|Lacbi1|301447|eu2.Lbscf0001g08960_51-188,237-396_1HOW:A:	5	10	4	11	0	39	18	24	0	362
jgi|Lacbi1|301448|eu2.Lbscf0001g08970_10-269_2HHM:A:	1	14	1	8	0	23	13	16	0	272
jgi|Lacbi1|321040|fgenesh3_pg.C_scaffold_1000610_50-189,238-413_1HOW:A:	5	10	4	11	0	39	18	24	0	362
jgi|Lacbi1|321041|fgenesh3_pg.C_scaffold_1000611_50-189,238-413_1HOW:A:	5	10	4	11	0	39	18	24	0	362
jgi|Lacbi1|301457|eu2.Lbscf0001g09060_29-101,134-159_1S1G:A:	3	3	2	4	0	11	8	7	0	123
jgi|Lacbi1|187522|estExt_GeneWisePlus_worm.C_11386_688-749,837-949,985-1059,1088-1147_1QG8:A:	2	9	4	8	0	22	13	12	0	255
jgi|Lacbi1|301459|eu2.Lbscf0001g09080_101-266_1AUA:A:97-299	2	5	7	8	0	23	12	12	0	203
jgi|Lacbi1|301459|eu2.Lbscf0001g09080_3-102_1AUA:A:4-96	0	0	1	5	0	8	5	8	0	93
jgi|Lacbi1|301465|eu2.Lbscf0001g09140_58-100_1QHK:A:	0	3	0	2	0	7	4	0	0	47
jgi|Lacbi1|181264|estExt_GeneWisePlus_human.C_10353_21-117,149-381_1GY9:A:	6	15	2	7	0	34	19	14	0	279
jgi|Lacbi1|290699|estExt_fgenesh2_pm.C_10068_10-158_1C06:A:	0	5	1	7	0	16	11	9	0	159
jgi|Lacbi1|301474|eu2.Lbscf0001g09230_15-123_1FO3:A:	8	18	3	16	0	47	22	26	0	457
jgi|Lacbi1|301475|eu2.Lbscf0001g09240_33-178_1DL2:A:	6	19	4	20	0	49	26	30	0	511
jgi|Lacbi1|301478|eu2.Lbscf0001g09270_34-126,160-396_1NX4:A:	2	16	0	6	0	31	18	10	0	271
jgi|Lacbi1|243109|e_gww1.1.811.1_8-156_1C06:A:	0	5	1	7	0	16	11	9	0	159
jgi|Lacbi1|228999|e_gwh1.1.211.1_7-503_1FO3:A:	8	18	3	16	0	47	22	26	0	457
jgi|Lacbi1|143712|gww1.1.320.1_63-325_1RTQ:A:	0	9	4	8	0	27	18	18	0	291
jgi|Lacbi1|242796|e_gww1.1.486.1_21-115,152-379_1NX4:A:	2	16	0	6	0	31	18	10	0	271
jgi|Lacbi1|227808|e_gwh1.1.426.1_22-114,148-383_1NX4:A:	2	16	0	6	0	31	18	10	0	271
jgi|Lacbi1|321078|fgenesh3_pg.C_scaffold_1000648_25-111_1FTZ:A:	0	0	1	3	0	8	3	4	0	70
jgi|Lacbi1|187302|estExt_GeneWisePlus_worm.C_11021_1258-1483_1VPL:A:	2	10	2	9	0	18	9	15	0	238
jgi|Lacbi1|187302|estExt_GeneWisePlus_worm.C_11021_464-689_1VPL:A:	2	10	2	9	0	18	9	15	0	238
jgi|Lacbi1|301509|eu2.Lbscf0001g09580_2-105,140-238_1NRG:A:	0	11	1	5	0	24	16	13	0	213
jgi|Lacbi1|291812|estExt_fgenesh2_pg.C_10641_57-100_1X6H:A:8-43	0	2	0	1	0	5	3	2	0	36
jgi|Lacbi1|291812|estExt_fgenesh2_pg.C_10641_104-131_3ZNF:A:	2	0	0	1	0	5	3	1	0	30
jgi|Lacbi1|291812|estExt_fgenesh2_pg.C_10641_242-267_2GLI:A:103-134	3	0	0	1	0	6	3	2	0	32
jgi|Lacbi1|301518|eu2.Lbscf0001g09670_231-503_1FPU:A:	3	9	8	8	0	29	16	17	0	292
jgi|Lacbi1|301518|eu2.Lbscf0001g09670_544-652,687-905_1WA5:B:	0	0	5	29	0	38	22	22	0	506
jgi|Lacbi1|301519|eu2.Lbscf0001g09680_91-201,337-455,509-551_2IUB:A:9-285	0	7	2	6	0	23	14	10	0	281
jgi|Lacbi1|301519|eu2.Lbscf0001g09680_553-613_2IUB:A:286-349	0	0	0	2	0	2	2	2	0	64
jgi|Lacbi1|228351|e_gwh1.1.466.1_195-390_1FI4:A:191-393	1	5	2	7	0	16	13	9	0	203
jgi|Lacbi1|228351|e_gwh1.1.466.1_6-193_1FI4:A:3-190	3	9	3	3	0	23	11	11	0	188
jgi|Lacbi1|301530|eu2.Lbscf0001g09790_127-244,365-547_2IUB:A:9-285	0	7	2	6	0	23	14	10	0	281
jgi|Lacbi1|301530|eu2.Lbscf0001g09790_549-607_2IUB:A:286-349	0	0	0	2	0	2	2	2	0	64
jgi|Lacbi1|301535|eu2.Lbscf0001g09840_4-416_1A12:A:	5	30	5	1	0	58	38	27	0	401
jgi|Lacbi1|321101|fgenesh3_pg.C_scaffold_1000671_38-175_2B4V:A:289-471	3	4	4	5	0	20	10	9	0	183
jgi|Lacbi1|187526|estExt_GeneWisePlus_worm.C_11391_24-550_1CRL:A:	9	15	7	20	0	67	42	36	0	534
jgi|Lacbi1|301542|eu2.Lbscf0001g09910_453-551_1K3I:A:538-639	3	10	0	0	0	15	10	5	0	102
jgi|Lacbi1|301542|eu2.Lbscf0001g09910_125-451_1K3I:A:151-537	9	30	6	0	0	59	29	25	0	387
jgi|Lacbi1|242724|e_gww1.1.1052.1_950-1212_1ERJ:A:	2	30	1	1	0	43	24	22	0	388
jgi|Lacbi1|242724|e_gww1.1.1052.1_412-667,717-748_1OYZ:A:	0	0	3	17	0	21	10	14	0	276
jgi|Lacbi1|299846|eu2.Lbscf0017g03000_3-50_2BW3:A:163-609	0	5	7	21	0	33	14	25	0	447
jgi|Lacbi1|301544|eu2.Lbscf0001g09930_3-50_2BW3:A:163-609	0	5	7	21	0	33	14	25	0	447
jgi|Lacbi1|310450|eu2.Lbscf0046g00290_3-50_2BW3:A:163-609	0	5	7	21	0	33	14	25	0	447
jgi|Lacbi1|312702|eu2.Lbscf0054g00270_3-50_2BW3:A:163-609	0	5	7	21	0	33	14	25	0	447
jgi|Lacbi1|317620|eu2.Lbscf0083g00210_3-50_2BW3:A:163-609	0	5	7	21	0	33	14	25	0	447
jgi|Lacbi1|243495|e_gww1.1.17.1_4-97_2COY:A:8-106	1	7	1	0	0	15	11	4	0	99
jgi|Lacbi1|301549|eu2.Lbscf0001g09980_40-90_1A1I:A:103-131	0	2	0	2	0	3	2	3	0	29
jgi|Lacbi1|192435|estExt_fgenesh1_kg.C_10048_6-342_1BX4:A:	0	14	5	12	0	30	15	16	0	342
jgi|Lacbi1|301555|eu2.Lbscf0001g10040_23-76_2COW:A:7-94	0	7	1	0	0	18	9	3	0	87
jgi|Lacbi1|301560|eu2.Lbscf0001g10090_295-444_1PGV:A:	2	5	0	7	0	21	9	7	0	167
jgi|Lacbi1|301560|eu2.Lbscf0001g10090_15-70_1FQV:A:107-145	0	0	0	3	0	4	4	4	0	39
jgi|Lacbi1|291829|estExt_fgenesh2_pg.C_10672_178-235_2EPS:A:408-446	0	2	0	1	0	5	5	1	0	39
jgi|Lacbi1|301563|eu2.Lbscf0001g10120_685-742_2EPS:A:408-446	0	2	0	1	0	5	5	1	0	39
jgi|Lacbi1|181094|estExt_GeneWisePlus_human.C_10061_8-162_2GGM:A:24-166	2	2	1	7	0	11	6	5	0	143
jgi|Lacbi1|301568|eu2.Lbscf0001g10170_13-81_1X48:A:8-83	0	3	0	2	0	5	4	1	0	75
jgi|Lacbi1|301569|eu2.Lbscf0001g10180_147-218_1X48:A:8-83	0	3	0	2	0	5	4	1	0	75
jgi|Lacbi1|291831|estExt_fgenesh2_pg.C_10680_9-70_1UIL:A:	0	3	0	3	0	8	7	3	0	112
jgi|Lacbi1|321126|fgenesh3_pg.C_scaffold_1000696_7-74_2B7V:A:1-71	0	3	0	2	0	9	4	2	0	71
jgi|Lacbi1|301576|eu2.Lbscf0001g10250_346-386,454-471_1A17:A:	0	0	0	7	0	11	3	7	0	159
jgi|Lacbi1|321129|fgenesh3_pg.C_scaffold_1000699_493-603_1XJD:A:	8	7	5	9	0	32	15	17	0	320
jgi|Lacbi1|301592|eu2.Lbscf0001g10410_15-112_1EKM:A:17-115	0	4	0	2	0	7	4	5	0	99
jgi|Lacbi1|291835|estExt_fgenesh2_pg.C_10696_87-147_1FQV:A:107-145	0	0	0	3	0	4	4	4	0	39
jgi|Lacbi1|301605|eu2.Lbscf0001g10540_202-313_1CKI:A:	5	10	3	10	0	30	14	16	0	299
jgi|Lacbi1|321144|fgenesh3_pg.C_scaffold_1000714_363-677_1M8Z:A:	0	2	4	27	0	17	16	26	0	339
jgi|Lacbi1|321147|fgenesh3_pg.C_scaffold_1000717_23-181_1XZP:A:212-371	1	6	1	6	0	15	10	10	0	160
jgi|Lacbi1|321149|fgenesh3_pg.C_scaffold_1000719_384-512_1LUF:A:	5	7	6	10	0	32	10	16	0	301
jgi|Lacbi1|301626|eu2.Lbscf0001g10750_43-309_1LGY:A:	6	13	4	6	0	26	14	17	0	265
jgi|Lacbi1|242914|e_gww1.1.1208.1_215-353_2QAM:C:125-269	8	3	4	1	0	25	19	9	0	145
jgi|Lacbi1|242914|e_gww1.1.1208.1_61-181_2J01:D:2-126	8	4	1	0	0	20	11	9	0	125
jgi|Lacbi1|187439|estExt_GeneWisePlus_worm.C_11250_40-153,196-430_1JR3:A:3-242	2	5	2	11	0	27	23	12	0	240
jgi|Lacbi1|149239|gww1.1.891.1_4-153_1OHE:A:199-380	2	5	1	7	0	19	11	10	0	182
jgi|Lacbi1|301641|eu2.Lbscf0001g10900_177-282_1O7I:A:	2	7	3	0	0	15	2	8	0	115
jgi|Lacbi1|181679|estExt_GeneWisePlus_human.C_11084_2-106_1EP7:A:	1	5	0	4	0	8	5	6	0	112
jgi|Lacbi1|301644|eu2.Lbscf0001g10930_180-226_1E0G:A:	0	2	1	2	0	8	1	3	0	48
jgi|Lacbi1|291844|estExt_fgenesh2_pg.C_10736_10-133_1BD8:A:	0	0	0	10	0	20	8	16	0	156
jgi|Lacbi1|155279|gww1.1.1402.1_1-68_1GZ8:A:	3	8	3	10	0	29	17	22	0	298
jgi|Lacbi1|227985|e_gwh1.1.622.1_3-217_1H1Y:A:	4	8	6	9	0	22	16	11	0	220
jgi|Lacbi1|301693|eu2.Lbscf0001g11420_523-592_2VK9:A:2-541	9	6	8	20	0	52	25	29	0	540
jgi|Lacbi1|301697|eu2.Lbscf0001g11460_6-101_1GUU:A:	0	0	0	3	0	5	3	2	0	50
jgi|Lacbi1|301697|eu2.Lbscf0001g11460_96-154_1A5J:A:1-55	0	0	0	3	0	9	8	2	0	55
jgi|Lacbi1|170847|estExt_Genewise1_human.C_11159_209-493_1GOT:B:	1	28	0	2	0	36	22	23	0	339
jgi|Lacbi1|170847|estExt_Genewise1_human.C_11159_2-54_1N87:A:	0	3	1	1	0	10	4	3	0	56
jgi|Lacbi1|301702|eu2.Lbscf0001g11510_51-222_1GY9:A:	6	15	2	7	0	34	19	14	0	279
jgi|Lacbi1|170543|estExt_Genewise1_human.C_10596_2-224_1OKB:A:	1	6	6	7	0	20	18	15	0	223
jgi|Lacbi1|301709|eu2.Lbscf0001g11580_14-212_1NV8:A:	2	9	3	10	0	29	15	20	0	271
jgi|Lacbi1|227976|e_gwh1.1.1043.1_1083-1209_2EP6:A:92-217	2	9	1	0	0	17	11	4	0	126
jgi|Lacbi1|227976|e_gwh1.1.1043.1_703-812_2EP6:A:92-217	2	9	1	0	0	17	11	4	0	126
jgi|Lacbi1|227976|e_gwh1.1.1043.1_430-562_2NQ3:A:13-145	0	10	0	1	0	12	8	4	0	133
jgi|Lacbi1|227976|e_gwh1.1.1043.1_571-698_1RSY:A:	1	8	1	2	0	17	8	5	0	151
jgi|Lacbi1|227976|e_gwh1.1.1043.1_1302-1420_2EP6:A:92-217	2	9	1	0	0	17	11	4	0	126
jgi|Lacbi1|181548|estExt_GeneWisePlus_human.C_10866_68-106,176-406,451-471_1OKC:A:	0	0	6	11	0	19	10	9	0	292
jgi|Lacbi1|166916|gwh1.1.1177.1_87-218_2AZW:A:2-148	1	10	1	3	0	14	8	4	0	142
jgi|Lacbi1|301719|eu2.Lbscf0001g11680_1-81_1WF9:A:8-101	3	3	2	2	0	13	7	7	0	94
jgi|Lacbi1|301720|eu2.Lbscf0001g11690_174-225_1T2K:D:	0	0	0	1	0	1	0	1	0	60
jgi|Lacbi1|301721|eu2.Lbscf0001g11700_26-63_1U97:A:	0	0	0	2	0	8	7	4	0	69
jgi|Lacbi1|192436|estExt_fgenesh1_kg.C_10049_32-336_1O1Z:A:	1	11	4	10	0	22	17	11	0	233
jgi|Lacbi1|321219|fgenesh3_pg.C_scaffold_1000789_19-157_1EZV:E:87-215	0	10	3	2	0	16	7	10	0	129
jgi|Lacbi1|187376|estExt_GeneWisePlus_worm.C_11154_14-152_1A9N:A:	0	10	3	4	0	27	13	10	0	162
jgi|Lacbi1|291858|estExt_fgenesh2_pg.C_10774_13-234_2E50:A:1-222	2	4	2	7	0	15	9	7	0	222
jgi|Lacbi1|152235|gww1.1.1184.1_111-304_2CC0:A:1-192	0	10	3	7	0	22	10	10	0	192
jgi|Lacbi1|186862|estExt_GeneWisePlus_worm.C_10268_53-202,343-513_1HOW:A:	5	10	4	11	0	39	18	24	0	362
jgi|Lacbi1|187017|estExt_GeneWisePlus_worm.C_10535_33-282_1LTL:A:	2	10	4	5	0	24	9	12	0	239
jgi|Lacbi1|187017|estExt_GeneWisePlus_worm.C_10535_350-663_1OFH:A:	0	9	5	14	0	31	16	15	0	309
jgi|Lacbi1|122879|fgenesh1_kg.C_scaffold_1000050_28-82_1QXF:A:	0	6	0	0	0	12	6	1	0	58
jgi|Lacbi1|301740|eu2.Lbscf0001g11890_1146-1257,1306-1391,1530-1565,1609-1645,1771-1978_1QBK:B:	0	0	17	47	0	50	54	64	0	888
jgi|Lacbi1|301740|eu2.Lbscf0001g11890_503-573,728-826,923-957,1143-1257_1GW5:B:	0	0	4	32	0	42	43	37	0	579
jgi|Lacbi1|301741|eu2.Lbscf0001g11900_36-179_1XQU:A:	1	5	1	2	0	17	11	6	0	146
jgi|Lacbi1|301742|eu2.Lbscf0001g11910_12-231_1KEY:A:	0	0	2	8	0	9	6	8	0	218
jgi|Lacbi1|301746|eu2.Lbscf0001g11950_47-207_1YT3:A:1-193	0	6	1	8	0	20	12	8	0	193
jgi|Lacbi1|301747|eu2.Lbscf0001g11960_52-338_2HVM:A:	3	9	7	10	0	29	21	13	0	273
jgi|Lacbi1|301747|eu2.Lbscf0001g11960_354-407_1E15:A:447-498	6	3	1	0	0	9	2	5	0	52
jgi|Lacbi1|301747|eu2.Lbscf0001g11960_425-467_1AIW:A:	4	5	0	0	0	8	6	5	0	62
jgi|Lacbi1|291869|estExt_fgenesh2_pg.C_10789_17-330_1LPU:A:	1	9	10	13	0	32	15	13	0	327
jgi|Lacbi1|301749|eu2.Lbscf0001g11980_10-177_1N3J:A:	3	9	0	2	0	19	13	1	0	119
jgi|Lacbi1|151865|gww1.1.1143.1_3-108_1XBL:A:	0	0	0	3	0	7	3	6	0	75
jgi|Lacbi1|151865|gww1.1.1143.1_275-360_1NLT:A:258-337	4	6	0	1	0	15	6	4	0	80
jgi|Lacbi1|151865|gww1.1.1143.1_146-224_1EXK:A:	2	6	2	0	0	10	7	6	0	79
jgi|Lacbi1|151865|gww1.1.1143.1_126-150,228-276_1NLT:A:110-138,A:213-257	2	5	0	1	0	12	2	5	1	74
jgi|Lacbi1|301751|eu2.Lbscf0001g12000_13-211,277-456,498-525_1PV7:A:	0	0	2	22	0	18	12	14	0	417
jgi|Lacbi1|291870|estExt_fgenesh2_pg.C_10792_77-472_1NW1:A:	0	14	8	13	0	38	16	17	0	395
jgi|Lacbi1|291871|estExt_fgenesh2_pg.C_10793_526-557_1RGO:A:151-186	2	0	2	1	0	5	4	2	0	36
jgi|Lacbi1|291871|estExt_fgenesh2_pg.C_10793_561-591_1RGO:A:187-220	2	0	1	1	0	7	4	2	0	34
jgi|Lacbi1|301754|eu2.Lbscf0001g12030_1214-1297,1412-1485,1535-1617,1650-1879_1LRV:A:	2	0	8	10	0	22	18	13	0	233
jgi|Lacbi1|301754|eu2.Lbscf0001g12030_166-200,646-783,978-996,1048-1170,1219-1298_2BPT:A:1-861	0	0	19	43	0	44	28	37	0	860
jgi|Lacbi1|301754|eu2.Lbscf0001g12030_400-552,599-736_1Y6I:A:1-82	0	0	0	5	0	8	5	4	0	82
jgi|Lacbi1|301755|eu2.Lbscf0001g12040_80-274_1EYQ:A:	0	11	0	7	0	18	7	11	0	212
jgi|Lacbi1|170733|estExt_Genewise1_human.C_10930_2-135_1KX5:A:	0	2	0	4	0	17	13	6	0	135
jgi|Lacbi1|181240|estExt_GeneWisePlus_human.C_10313_13-119_2I4R:A:4-79	0	4	1	3	0	7	5	3	0	76
jgi|Lacbi1|147555|gww1.1.728.1_4-149_1GW5:S:	0	7	0	5	0	11	6	9	0	142
jgi|Lacbi1|301763|eu2.Lbscf0001g12120_252-305_2CSH:A:8-60	0	4	0	2	0	6	6	3	0	53
jgi|Lacbi1|301764|eu2.Lbscf0001g12130_1-35_1C8U:A:116-286	0	7	1	3	0	17	13	11	0	171
jgi|Lacbi1|301765|eu2.Lbscf0001g12140_10-116_1C8U:A:2-115	2	6	0	2	0	12	7	5	0	114
jgi|Lacbi1|301765|eu2.Lbscf0001g12140_120-252_1C8U:A:116-286	0	7	1	3	0	17	13	11	0	171
jgi|Lacbi1|242668|e_gww1.1.1255.1_182-253_1D4U:A:37-111	0	3	0	3	0	9	8	3	0	75
jgi|Lacbi1|186850|estExt_GeneWisePlus_worm.C_10253_12-374_1T64:A:	10	8	3	11	0	40	16	26	0	364
jgi|Lacbi1|301769|eu2.Lbscf0001g12180_23-268_1EUC:B:0-245	3	13	3	7	0	25	12	15	0	245
jgi|Lacbi1|301769|eu2.Lbscf0001g12180_270-414_2SCU:B:239-385	1	6	0	6	0	15	10	5	0	147
jgi|Lacbi1|170574|estExt_Genewise1_human.C_10651_68-249_2FUG:5:1-196	0	7	0	4	0	27	19	10	0	196
jgi|Lacbi1|291884|estExt_fgenesh2_pg.C_10809_4-170_1KAO:A:	0	6	1	5	0	17	7	8	0	167
jgi|Lacbi1|227913|e_gwh1.1.1270.1_40-253_2CKH:A:419-643	2	6	1	8	0	22	10	13	0	225
jgi|Lacbi1|301783|eu2.Lbscf0001g12320_1-100_1Q7S:A:	1	4	1	4	0	8	3	3	0	117
jgi|Lacbi1|181741|estExt_GeneWisePlus_human.C_11187_85-208_2YZI:A:4-135	6	6	2	4	0	14	9	11	0	132
jgi|Lacbi1|181741|estExt_GeneWisePlus_human.C_11187_267-393_2YZI:A:4-135	6	6	2	4	0	14	9	11	0	132
jgi|Lacbi1|181741|estExt_GeneWisePlus_human.C_11187_495-606_1OEY:J:	1	5	0	2	0	14	6	6	0	105
jgi|Lacbi1|242726|e_gww1.1.249.1_73-364_1HV8:A:3-210	0	7	1	9	0	25	17	9	0	208
jgi|Lacbi1|170963|estExt_Genewise1_human.C_11330_1-103_1Q7S:A:	1	4	1	4	0	8	3	3	0	117
jgi|Lacbi1|301791|eu2.Lbscf0001g12400_125-204,231-339,671-741_2OVR:B:2365-2706	0	32	2	1	0	36	24	21	0	342
jgi|Lacbi1|301791|eu2.Lbscf0001g12400_501-746_1L0Q:A:1-301	0	29	1	0	0	20	16	19	0	301
jgi|Lacbi1|169738|gwh1.1.1391.1_29-89_2BSK:B:13-77	0	0	0	2	0	5	1	3	0	65
jgi|Lacbi1|291891|estExt_fgenesh2_pg.C_10819_1-72_1WVK:A:	0	2	3	1	0	14	12	6	0	85
jgi|Lacbi1|301794|eu2.Lbscf0001g12430_35-384_1JG8:A:	3	14	3	14	0	34	17	22	0	343
jgi|Lacbi1|301795|eu2.Lbscf0001g12440_251-406,546-696_1WP9:A:201-486	0	6	1	11	0	23	15	14	0	286
jgi|Lacbi1|301796|eu2.Lbscf0001g12450_120-158_3ZNF:A:	2	0	0	1	0	5	3	1	0	30
jgi|Lacbi1|227936|e_gwh1.1.1107.1_204-333_1JSP:B:	2	0	1	4	0	10	12	9	0	120
jgi|Lacbi1|227936|e_gwh1.1.1107.1_10-144_1E6I:A:	0	0	2	5	0	8	8	7	0	111
jgi|Lacbi1|228512|e_gwh1.1.912.1_6-116_1EKG:A:	1	6	1	2	0	9	6	11	0	119
jgi|Lacbi1|301802|eu2.Lbscf0001g12510_191-248_1WIM:A:	2	4	1	3	0	13	8	2	0	93
jgi|Lacbi1|301802|eu2.Lbscf0001g12510_378-437_1WD2:A:	0	0	2	0	0	10	10	2	0	59
jgi|Lacbi1|301802|eu2.Lbscf0001g12510_15-145_2DAW:A:8-148	0	4	1	5	0	12	12	8	0	141
jgi|Lacbi1|301802|eu2.Lbscf0001g12510_272-334_2CT7:A:8-80	1	4	0	1	0	15	9	2	0	73
jgi|Lacbi1|141174|gww1.1.60.1_501-571_2CTJ:A:8-89	0	3	0	3	0	9	5	2	0	82
jgi|Lacbi1|141174|gww1.1.60.1_109-202_2CTL:A:8-91	0	3	0	4	0	10	5	5	0	84
jgi|Lacbi1|141174|gww1.1.60.1_418-474_2CTJ:A:8-89	0	3	0	3	0	9	5	2	0	82
jgi|Lacbi1|141174|gww1.1.60.1_348-418_2AXY:A:11-81	0	3	1	3	0	7	2	0	0	71
jgi|Lacbi1|181261|estExt_GeneWisePlus_human.C_10349_1-388_1U7L:A:	5	8	7	8	0	30	17	18	0	388
jgi|Lacbi1|227781|e_gwh1.1.1252.1_7-152_1RHS:A:1-149	3	5	0	5	0	19	9	11	0	149
jgi|Lacbi1|227781|e_gwh1.1.1252.1_178-305_1URH:A:149-268	3	4	2	4	0	17	9	5	0	120
jgi|Lacbi1|242762|e_gww1.1.1337.1_1-183_1H1Y:A:	4	8	6	9	0	22	16	11	0	220
jgi|Lacbi1|300556|eu2.Lbscf0001g00050_39-202_1V9M:A:	0	0	6	15	0	22	14	15	0	319
jgi|Lacbi1|300560|eu2.Lbscf0001g00090_11-78,350-704_1OYZ:A:	0	0	3	17	0	21	10	14	0	276
jgi|Lacbi1|243718|e_gww1.1.1145.1_12-498_1WA5:B:	0	0	5	29	0	38	22	22	0	506
jgi|Lacbi1|186866|estExt_GeneWisePlus_worm.C_10282_5-77_2FWK:A:24-115	2	8	1	1	0	10	4	4	0	92
jgi|Lacbi1|300563|eu2.Lbscf0001g00120_2-92_1FJG:P:	0	5	0	2	0	13	6	5	0	83
jgi|Lacbi1|291426|estExt_fgenesh2_pg.C_10009_140-229_1N11:A:	0	0	1	24	0	48	15	35	0	408
jgi|Lacbi1|291426|estExt_fgenesh2_pg.C_10009_5-86_1HB6:A:	0	0	1	4	0	9	3	3	0	86
jgi|Lacbi1|320441|fgenesh3_pg.C_scaffold_1000011_563-657,800-809,856-1057_1U4C:A:	4	27	2	2	0	38	21	15	0	340
jgi|Lacbi1|300566|eu2.Lbscf0001g00150_154-318_1EUC:A:131-306	2	7	2	5	0	20	12	9	0	176
jgi|Lacbi1|300566|eu2.Lbscf0001g00150_26-153_1EUC:A:1-130	0	7	1	4	0	14	5	8	0	130
jgi|Lacbi1|181790|estExt_GeneWisePlus_human.C_11273_1-254,306-684,712-803_1QBK:B:	0	0	17	47	0	50	54	64	0	888
jgi|Lacbi1|300570|eu2.Lbscf0001g00190_1-156_1ZSO:A:1-156	1	15	1	0	0	18	10	9	0	156
jgi|Lacbi1|300573|eu2.Lbscf0001g00220_26-261_2GVC:A:3-180,A:288-444	5	14	3	8	0	38	25	20	1	335
jgi|Lacbi1|300573|eu2.Lbscf0001g00220_278-451_2GVC:A:3-180,A:288-444	5	14	3	8	0	38	25	20	1	335
jgi|Lacbi1|300575|eu2.Lbscf0001g00240_45-174_1UOH:A:	0	0	1	14	0	27	7	20	0	223
jgi|Lacbi1|229109|e_gwh1.1.1146.1_26-83,124-271_2IC8:A:91-272	0	0	3	8	0	13	9	4	0	182
jgi|Lacbi1|242884|e_gww1.1.818.1_15-170_1WLJ:A:	0	7	1	7	0	16	4	10	0	173
jgi|Lacbi1|243174|e_gww1.1.1252.1_2-264_1OKC:A:	0	0	6	11	0	19	10	9	0	292
jgi|Lacbi1|300583|eu2.Lbscf0001g00320_32-97_1VYX:A:	2	2	1	1	0	11	6	4	0	60
jgi|Lacbi1|300584|eu2.Lbscf0001g00330_112-305_1K32:A:320-679	4	31	5	1	0	46	27	17	0	360
jgi|Lacbi1|320454|fgenesh3_pg.C_scaffold_1000024_44-146_1O0W:A:1-167	2	0	1	10	0	12	5	7	0	167
jgi|Lacbi1|181577|estExt_GeneWisePlus_human.C_10915_77-343_1OYW:A:207-406	1	6	0	8	0	23	16	13	0	200
jgi|Lacbi1|243586|e_gww1.1.1127.1_247-361_1QFJ:A:1-97	0	6	0	1	0	11	7	3	0	97
jgi|Lacbi1|243586|e_gww1.1.1127.1_368-447,487-537_2PIA:A:104-223	0	5	2	4	0	13	9	8	0	120
jgi|Lacbi1|187491|estExt_GeneWisePlus_worm.C_11324_10-205_1KLQ:A:	1	7	1	3	0	16	12	5	0	196
jgi|Lacbi1|291442|estExt_fgenesh2_pg.C_10030_14-398_1U1J:A:396-760	9	10	3	11	0	43	33	23	0	365
jgi|Lacbi1|227863|e_gwh1.1.207.1_4-84_1AWP:A:	1	5	1	4	0	11	4	8	0	86
jgi|Lacbi1|301821|eu2.Lbscf0001g12700_22-136_1JBK:A:	0	6	2	10	0	18	8	13	0	194
jgi|Lacbi1|301824|eu2.Lbscf0001g12730_11-155_1U6G:C:	0	2	14	60	0	74	56	65	0	1207
jgi|Lacbi1|243786|e_gww1.1.845.1_11-102_1UAR:A:145-285	4	5	3	5	0	18	12	9	0	141
jgi|Lacbi1|301827|eu2.Lbscf0001g12760_426-512_1X4G:A:8-103	0	6	0	3	0	12	8	3	0	96
jgi|Lacbi1|301827|eu2.Lbscf0001g12760_208-240_2CQE:A:429-457	2	0	0	0	0	6	6	2	0	29
jgi|Lacbi1|301827|eu2.Lbscf0001g12760_8-76_1MP1:A:	0	0	2	5	0	8	10	5	0	110
jgi|Lacbi1|181461|estExt_GeneWisePlus_human.C_10710_62-419_1EKF:A:	6	19	3	7	0	43	24	20	0	365
jgi|Lacbi1|291901|estExt_fgenesh2_pg.C_10835_1633-1815_1C1G:C:	0	0	0	3	0	2	1	2	0	283
jgi|Lacbi1|301830|eu2.Lbscf0001g12790_42-383_1ZHX:A:2-434	5	19	10	9	0	46	21	29	0	433
jgi|Lacbi1|181543|estExt_GeneWisePlus_human.C_10857_85-384_1WRB:A:164-401	2	8	2	8	0	26	18	9	0	238
jgi|Lacbi1|227802|e_gwh1.1.700.1_51-234_1TG6:A:1-193	4	7	0	7	0	20	10	6	0	193
jgi|Lacbi1|187396|estExt_GeneWisePlus_worm.C_11177_402-762_1U1J:A:396-760	9	10	3	11	0	43	33	23	0	365
jgi|Lacbi1|187396|estExt_GeneWisePlus_worm.C_11177_4-396_1U1J:A:2-395	4	11	5	14	0	51	22	18	0	394
jgi|Lacbi1|242593|e_gww1.1.1018.1_9-66_1GD2:G:	0	0	0	1	0	3	1	0	0	69
jgi|Lacbi1|301842|eu2.Lbscf0001g12910_11-220_1JEY:B:6-241	3	6	3	6	0	21	12	12	0	236
jgi|Lacbi1|301843|eu2.Lbscf0001g12920_28-109,145-398_1JEY:B:242-545	2	15	5	6	0	28	15	10	0	304
jgi|Lacbi1|301843|eu2.Lbscf0001g12920_488-627_1RW2:A:	0	0	0	6	0	17	15	5	0	151
jgi|Lacbi1|242549|e_gww1.1.4.1_473-934_1KFS:A:519-928	6	8	2	17	0	32	17	21	0	410
jgi|Lacbi1|242549|e_gww1.1.4.1_122-215,274-343_1KFS:A:324-518	0	6	2	7	0	16	14	9	0	195
jgi|Lacbi1|291910|estExt_fgenesh2_pg.C_10851_463-748_1QHH:A:,B:,C:,D:	6	16	12	26	0	53	23	34	3	623
jgi|Lacbi1|301848|eu2.Lbscf0001g12970_356-495,524-634_3B60:A:329-581	4	10	2	9	0	24	18	16	0	253
jgi|Lacbi1|301849|eu2.Lbscf0001g12980_216-376_1KLX:A:	0	0	0	8	0	11	4	8	0	133
jgi|Lacbi1|301854|eu2.Lbscf0001g13030_651-725_1WEE:A:	0	3	0	1	0	15	10	3	0	71
jgi|Lacbi1|243521|e_gww1.1.575.1_2-328_1G55:A:	1	11	6	12	0	40	15	18	0	343
jgi|Lacbi1|243443|e_gww1.1.370.1_7-240_1ULQ:A:276-400	2	4	2	4	0	11	5	8	0	125
jgi|Lacbi1|243443|e_gww1.1.370.1_245-403_1ULQ:A:276-400	2	4	2	4	0	11	5	8	0	125
jgi|Lacbi1|321307|fgenesh3_pg.C_scaffold_1000877_16-243_1NW3:A:	2	11	2	10	0	37	20	18	0	328
jgi|Lacbi1|187175|estExt_GeneWisePlus_worm.C_10818_71-315,444-521_1NG4:A:1-218,A:307-364	3	11	2	10	0	27	13	19	1	276
jgi|Lacbi1|301862|eu2.Lbscf0001g13110_13-100_1DCQ:A:247-368	2	3	1	5	0	15	8	9	0	122
jgi|Lacbi1|314436|eu2.Lbscf0061g00170_13-100_1DCQ:A:247-368	2	3	1	5	0	15	8	9	0	122
jgi|Lacbi1|301868|eu2.Lbscf0001g13170_458-652_1FQV:A:146-431	8	13	3	8	0	55	21	24	0	286
jgi|Lacbi1|321319|fgenesh3_pg.C_scaffold_1000889_28-539_1THG:A:	5	16	8	19	0	57	37	36	0	543
jgi|Lacbi1|301873|eu2.Lbscf0001g13220_203-251_3ZNF:A:	2	0	0	1	0	5	3	1	0	30
jgi|Lacbi1|301888|eu2.Lbscf0001g13370_16-43_1I6P:A:	1	5	1	10	0	18	11	13	0	214
jgi|Lacbi1|301892|eu2.Lbscf0001g13410_3-50_2BW3:A:163-609	0	5	7	21	0	33	14	25	0	447
jgi|Lacbi1|301896|eu2.Lbscf0001g13450_3-50_2BW3:A:163-609	0	5	7	21	0	33	14	25	0	447
jgi|Lacbi1|302747|eu2.Lbscf0022g00370_3-50_2BW3:A:163-609	0	5	7	21	0	33	14	25	0	447
jgi|Lacbi1|310901|eu2.Lbscf0048g01330_3-50_2BW3:A:163-609	0	5	7	21	0	33	14	25	0	447
jgi|Lacbi1|317954|eu2.Lbscf0008g01360_3-50_2BW3:A:163-609	0	5	7	21	0	33	14	25	0	447
jgi|Lacbi1|301894|eu2.Lbscf0001g13430_57-97_2FV6:A:503-544	0	0	0	2	0	8	7	1	0	42
jgi|Lacbi1|181495|estExt_GeneWisePlus_human.C_10767_230-552_1JVN:A:230-552	0	15	5	10	0	37	21	13	0	323
jgi|Lacbi1|181495|estExt_GeneWisePlus_human.C_10767_5-206_1JVN:A:3-229	3	12	2	7	0	24	15	15	0	229
jgi|Lacbi1|291447|estExt_fgenesh2_pg.C_10036_146-340_1PSD:A:108-295	4	7	2	6	0	25	15	12	0	188
jgi|Lacbi1|291447|estExt_fgenesh2_pg.C_10036_47-173_1PSD:A:7-107,A:296-326	2	5	0	5	0	21	6	8	1	132
jgi|Lacbi1|291447|estExt_fgenesh2_pg.C_10036_386-448_1PSD:A:327-410	0	4	0	2	0	7	4	4	0	84
jgi|Lacbi1|300599|eu2.Lbscf0001g00480_196-380_1FQV:A:146-431	8	13	3	8	0	55	21	24	0	286
jgi|Lacbi1|300600|eu2.Lbscf0001g00490_39-232_2ZJR:C:2-198	2	3	1	5	0	25	19	10	0	197
jgi|Lacbi1|176101|estExt_Genewise1_worm.C_10886_7-144_1FJG:I:	3	5	2	4	0	12	8	4	0	127
jgi|Lacbi1|300604|eu2.Lbscf0001g00530_138-204,261-353,501-539_1VYH:C:92-408	0	28	1	0	0	39	25	14	0	317
jgi|Lacbi1|243058|e_gww1.1.780.1_35-151_1WFI:A:	5	6	0	0	0	17	17	5	0	130
jgi|Lacbi1|192393|estExt_fgenesh1_kg.C_10006_10-297_1OKC:A:	0	0	6	11	0	19	10	9	0	292
jgi|Lacbi1|300611|eu2.Lbscf0001g00600_82-235,269-390_1C4O:A:410-583	0	6	2	5	0	15	10	12	0	174
jgi|Lacbi1|300612|eu2.Lbscf0001g00610_32-333_1VKM:A:	8	11	3	11	0	34	15	14	0	296
jgi|Lacbi1|300612|eu2.Lbscf0001g00610_368-583,612-670,703-762_2FV7:A:15-322	0	14	5	10	0	34	19	14	0	308
jgi|Lacbi1|300613|eu2.Lbscf0001g00620_22-167_1FM0:E:	0	8	0	4	0	13	4	5	0	149
jgi|Lacbi1|181773|estExt_GeneWisePlus_human.C_11243_446-539_1WJW:A:	0	3	0	2	0	7	8	3	0	111
jgi|Lacbi1|181773|estExt_GeneWisePlus_human.C_11243_78-204_1K2Y:X:5-154	5	7	1	4	0	15	5	10	0	150
jgi|Lacbi1|181773|estExt_GeneWisePlus_human.C_11243_22-106_1K2Y:X:5-154	5	7	1	4	0	15	5	10	0	150
jgi|Lacbi1|181773|estExt_GeneWisePlus_human.C_11243_190-299_1K2Y:X:155-258	0	5	2	3	0	14	9	8	0	104
jgi|Lacbi1|181307|estExt_GeneWisePlus_human.C_10428_7-285_1QQE:A:	0	0	2	15	0	16	5	15	0	290
jgi|Lacbi1|300618|eu2.Lbscf0001g00670_42-95_1JP3:A:	0	6	3	7	0	23	13	11	0	228
jgi|Lacbi1|300619|eu2.Lbscf0001g00680_22-156_2FUK:A:3-220	2	8	1	5	0	26	14	17	0	218
jgi|Lacbi1|300622|eu2.Lbscf0001g00710_290-458,551-633_2IUB:A:9-285	0	7	2	6	0	23	14	10	0	281
jgi|Lacbi1|181470|estExt_GeneWisePlus_human.C_10729_223-310,365-438_2CQB:A:1-89	0	5	0	2	0	9	8	3	0	89
jgi|Lacbi1|181470|estExt_GeneWisePlus_human.C_10729_100-211_2CQ4:A:132-232	0	5	1	4	0	10	7	6	0	101
jgi|Lacbi1|181778|estExt_GeneWisePlus_human.C_11252_16-188_2BME:A:6-179	0	6	2	6	0	15	11	11	0	176
jgi|Lacbi1|300632|eu2.Lbscf0001g00810_8-68_1PN9:A:1-83	0	4	2	3	0	8	4	6	0	83
jgi|Lacbi1|187057|estExt_GeneWisePlus_worm.C_10602_8-111_1RL1:A:	2	7	2	0	0	13	8	2	0	92
jgi|Lacbi1|227877|e_gwh1.1.778.1_3-200_4CD2:A:	0	11	2	5	0	21	14	11	0	202
jgi|Lacbi1|243094|e_gww1.1.1015.1_1-35_1DFE:A:	0	3	1	0	0	8	4	1	0	37
jgi|Lacbi1|192395|estExt_fgenesh1_kg.C_10008_95-177_1S7B:A:	0	0	0	4	0	10	7	3	0	109
jgi|Lacbi1|242852|e_gww1.1.1169.1_127-403_1FJM:A:	2	14	0	10	0	35	21	16	0	294
jgi|Lacbi1|291467|estExt_fgenesh2_pg.C_10063_67-145_2GY9:Q:5-82	0	5	0	0	0	11	5	2	0	78
jgi|Lacbi1|187450|estExt_GeneWisePlus_worm.C_11268_181-430_1X9N:A:262-533	2	0	4	13	0	28	14	13	0	272
jgi|Lacbi1|187450|estExt_GeneWisePlus_worm.C_11268_431-650_1X9N:A:534-753	5	11	2	6	0	25	17	14	0	220
jgi|Lacbi1|187450|estExt_GeneWisePlus_worm.C_11268_652-796_1X9N:A:754-901	3	10	1	2	0	17	13	7	0	148
jgi|Lacbi1|291469|estExt_fgenesh2_pg.C_10065_31-222_1HX3:A:	3	12	1	5	0	25	8	10	0	176
jgi|Lacbi1|300645|eu2.Lbscf0001g00940_25-116_2A6T:A:1-94	0	0	1	6	0	9	4	5	0	94
jgi|Lacbi1|300645|eu2.Lbscf0001g00940_88-231_2A6T:A:95-245	2	6	3	2	0	13	4	9	0	151
jgi|Lacbi1|243771|e_gww1.1.405.1_72-306_1DKR:A:8-166	1	7	1	4	0	20	10	6	0	159
jgi|Lacbi1|228756|e_gwh1.1.623.1_1-171_1PME:A:	3	10	7	11	0	38	19	18	0	345
jgi|Lacbi1|300650|eu2.Lbscf0001g00990_174-566_1QVR:A:149-535	0	8	0	16	0	30	17	16	0	387
jgi|Lacbi1|300650|eu2.Lbscf0001g00990_568-870_1QVR:A:536-850	5	9	4	14	0	30	21	15	0	315
jgi|Lacbi1|300650|eu2.Lbscf0001g00990_7-170_1QVR:A:4-148	0	2	1	7	0	16	12	7	0	145
jgi|Lacbi1|300651|eu2.Lbscf0001g01000_52-128_1S7B:A:	0	0	0	4	0	10	7	3	0	109
jgi|Lacbi1|186956|estExt_GeneWisePlus_worm.C_10438_5-581_1GW5:A:	0	2	4	33	0	46	32	22	0	620
jgi|Lacbi1|186956|estExt_GeneWisePlus_worm.C_10438_687-815_1W80:A:694-824	1	8	1	2	0	13	6	5	0	131
jgi|Lacbi1|186956|estExt_GeneWisePlus_worm.C_10438_816-933_1QTS:A:825-938	0	6	2	3	0	8	6	5	0	114
jgi|Lacbi1|300658|eu2.Lbscf0001g01070_142-224_1FPO:A:77-171	0	0	0	3	0	7	2	4	0	95
jgi|Lacbi1|300658|eu2.Lbscf0001g01070_64-134_1FPO:A:1-76	0	0	1	4	0	5	3	4	0	76
jgi|Lacbi1|228424|e_gwh1.1.1219.1_79-347_1ERJ:A:	2	30	1	1	0	43	24	22	0	388
jgi|Lacbi1|300664|eu2.Lbscf0001g01130_10-290_1JOV:A:	8	21	4	0	0	29	21	17	0	269
jgi|Lacbi1|300665|eu2.Lbscf0001g01140_12-586_1B3U:A:	0	0	8	44	0	40	26	36	0	588
jgi|Lacbi1|242757|e_gww1.1.1353.1_33-132_2V94:A:1-93	0	4	1	3	0	8	4	5	0	93
jgi|Lacbi1|300668|eu2.Lbscf0001g01170_152-375_2BTF:A:147-375	0	9	5	10	0	22	20	16	0	229
jgi|Lacbi1|300668|eu2.Lbscf0001g01170_11-159_1C0G:A:1-146	0	10	2	4	0	13	10	8	0	146
jgi|Lacbi1|291485|estExt_fgenesh2_pg.C_10083_694-748_1GD2:G:	0	0	0	1	0	3	1	0	0	69
jgi|Lacbi1|290659|estExt_fgenesh2_pm.C_10014_71-350_1WRB:A:164-401	2	8	2	8	0	26	18	9	0	238
jgi|Lacbi1|321341|fgenesh3_pg.C_scaffold_1000911_5-109_1WKR:A:	3	24	5	4	0	38	20	21	0	340
jgi|Lacbi1|301923|eu2.Lbscf0001g13720_70-169_1AV1:D:	0	0	1	7	0	3	3	6	0	200
jgi|Lacbi1|301926|eu2.Lbscf0001g13750_15-171_1GY8:A:	4	14	2	11	0	41	23	17	0	383
jgi|Lacbi1|321360|fgenesh3_pg.C_scaffold_1000930_430-457_2FV6:A:503-544	0	0	0	2	0	8	7	1	0	42
jgi|Lacbi1|301934|eu2.Lbscf0001g13830_19-128_1R29:A:	0	3	0	6	0	11	5	9	0	122
jgi|Lacbi1|187323|estExt_GeneWisePlus_worm.C_11061_587-701_1EWF:A:1-217	1	11	1	4	0	15	9	7	0	217
jgi|Lacbi1|321374|fgenesh3_pg.C_scaffold_1000944_78-230_1FQV:A:146-431	8	13	3	8	0	55	21	24	0	286
jgi|Lacbi1|321377|fgenesh3_pg.C_scaffold_1000947_183-454_1IO0:A:	0	5	1	6	0	22	8	6	0	166
jgi|Lacbi1|301946|eu2.Lbscf0001g13950_218-342,372-648_1SIO:A:	8	17	6	8	0	42	24	21	0	357
jgi|Lacbi1|301946|eu2.Lbscf0001g13950_23-201_1T1E:A:12-190	2	11	1	4	0	23	7	12	0	179
jgi|Lacbi1|321389|fgenesh3_pg.C_scaffold_1000959_125-245_1O6Y:A:	1	11	3	8	0	24	14	12	0	276
jgi|Lacbi1|321390|fgenesh3_pg.C_scaffold_1000960_203-320_1TQI:A:91-282	0	10	1	4	0	15	9	8	0	192
jgi|Lacbi1|227966|e_gwh1.1.1408.1_111-162_4GAT:A:	0	2	1	1	0	11	6	3	0	66
jgi|Lacbi1|227966|e_gwh1.1.1408.1_47-94_1GNF:A:	2	0	0	1	0	9	4	3	0	45
jgi|Lacbi1|321397|fgenesh3_pg.C_scaffold_1000967_2-208_1UL1:X:2-217	0	7	1	7	0	19	10	10	0	216
jgi|Lacbi1|321397|fgenesh3_pg.C_scaffold_1000967_193-235,280-350_1A77:A:209-316	0	0	0	6	0	9	3	6	0	108
jgi|Lacbi1|243814|e_gww1.1.1219.1_4-310_1J9L:A:	2	11	2	6	0	30	17	12	0	247
jgi|Lacbi1|291488|estExt_fgenesh2_pg.C_10088_65-192,230-317_1O4Y:A:	5	19	5	4	0	33	15	16	0	270
jgi|Lacbi1|300680|eu2.Lbscf0001g01290_66-505_1PV7:A:	0	0	2	22	0	18	12	14	0	417
jgi|Lacbi1|300689|eu2.Lbscf0001g01380_72-441_1CB8:A:26-335	2	5	7	13	0	23	15	20	0	310
jgi|Lacbi1|300689|eu2.Lbscf0001g01380_430-683_1CB8:A:336-599	5	19	3	1	0	30	16	20	0	264
jgi|Lacbi1|300689|eu2.Lbscf0001g01380_687-801_1J0M:A:660-777	0	12	0	0	0	12	9	7	0	118
jgi|Lacbi1|300690|eu2.Lbscf0001g01390_35-286_1AFW:A:25-293	6	8	5	10	0	29	16	16	0	269
jgi|Lacbi1|300690|eu2.Lbscf0001g01390_292-409_1AFW:A:294-417	3	4	3	4	0	12	4	7	0	124
jgi|Lacbi1|300691|eu2.Lbscf0001g01400_46-101_2ZJR:Z:2-59	3	2	0	1	0	11	4	5	0	58
jgi|Lacbi1|243025|e_gww1.1.1373.1_13-92_1I8F:A:	0	5	2	1	0	5	1	3	0	71
jgi|Lacbi1|300694|eu2.Lbscf0001g01430_835-902_1WEM:A:	0	2	0	3	0	11	7	3	0	75
jgi|Lacbi1|300696|eu2.Lbscf0001g01450_4-209_1EBB:A:	4	6	4	7	0	26	7	13	0	202
jgi|Lacbi1|300699|eu2.Lbscf0001g01480_211-282,315-550_1XWS:A:	3	12	5	9	0	31	19	10	0	273
jgi|Lacbi1|291503|estExt_fgenesh2_pg.C_10106_3-259_1F60:A:2-240	2	8	3	8	0	25	15	13	0	239
jgi|Lacbi1|291503|estExt_fgenesh2_pg.C_10106_336-440_1F60:A:335-441	2	7	1	0	0	15	7	6	0	107
jgi|Lacbi1|291503|estExt_fgenesh2_pg.C_10106_241-332_1F60:A:241-334	3	7	0	0	0	13	6	9	0	94
jgi|Lacbi1|186973|estExt_GeneWisePlus_worm.C_10474_20-256_1DIN:A:	2	9	3	6	0	26	12	19	0	233
jgi|Lacbi1|300702|eu2.Lbscf0001g01510_91-235_1WWZ:A:1-157	0	7	2	5	0	9	3	8	0	157
jgi|Lacbi1|181058|estExt_GeneWisePlus_human.C_10004_18-419_7AAT:A:	0	13	2	16	0	41	13	22	0	401
jgi|Lacbi1|187071|estExt_GeneWisePlus_worm.C_10627_202-537_1EOV:A:205-557	7	11	2	13	0	32	18	22	0	353
jgi|Lacbi1|187071|estExt_GeneWisePlus_worm.C_10627_58-178_1EOV:A:71-204	0	6	2	1	0	14	6	5	0	134
jgi|Lacbi1|228899|e_gwh1.1.502.1_113-310_2AFJ:A:12-224	0	10	2	3	0	26	29	9	0	213
jgi|Lacbi1|160684|gwh1.1.568.1_4-170_2OOX:E:3-181	5	5	2	7	0	16	11	8	0	179
jgi|Lacbi1|160684|gwh1.1.568.1_198-321_2NYC:A:181-320	8	5	2	5	0	14	9	7	0	140
jgi|Lacbi1|300710|eu2.Lbscf0001g01590_226-457_1VL5:A:	2	8	2	9	0	21	9	11	0	231
jgi|Lacbi1|243177|e_gww1.1.1236.1_6-115_1KMD:A:	0	3	0	5	0	14	7	4	0	117
jgi|Lacbi1|243177|e_gww1.1.1236.1_288-359_1GL2:D:	0	0	0	1	0	2	0	0	0	64
jgi|Lacbi1|300712|eu2.Lbscf0001g01610_4-41,84-325_1OKC:A:	0	0	6	11	0	19	10	9	0	292
jgi|Lacbi1|229065|e_gwh1.1.821.1_3-175_1IPC:A:	0	8	4	4	0	18	9	15	0	191
jgi|Lacbi1|300718|eu2.Lbscf0001g01670_49-268_1D2E:A:55-250	1	8	1	7	0	19	13	10	0	196
jgi|Lacbi1|300718|eu2.Lbscf0001g01670_345-441_1EFC:A:297-393	2	6	1	0	0	13	3	6	0	97
jgi|Lacbi1|300718|eu2.Lbscf0001g01670_245-341_1D2E:A:251-348	1	10	1	0	0	10	6	8	0	98
jgi|Lacbi1|300719|eu2.Lbscf0001g01680_18-137_1HTP:A:	3	9	1	4	0	17	7	9	0	131
jgi|Lacbi1|300721|eu2.Lbscf0001g01700_43-191_2FE7:A:3-158	0	7	3	5	0	12	3	9	0	156
jgi|Lacbi1|227800|e_gwh1.1.565.1_96-258_1TQI:A:91-282	0	10	1	4	0	15	9	8	0	192
jgi|Lacbi1|227800|e_gwh1.1.565.1_8-90_1TQI:A:1-90	0	3	0	5	0	7	4	5	0	90
jgi|Lacbi1|187015|estExt_GeneWisePlus_worm.C_10533_66-134_1MHN:A:	1	4	1	0	0	7	1	5	0	59
jgi|Lacbi1|243825|e_gww1.1.896.1_68-169_1BW3:A:	0	5	2	4	0	16	12	8	0	125
jgi|Lacbi1|300729|eu2.Lbscf0001g01780_66-186_1GW5:B:	0	0	4	32	0	42	43	37	0	579
jgi|Lacbi1|243331|e_gww1.1.768.1_1-119_2QAM:N:1-120	2	3	1	5	0	12	7	10	0	120
jgi|Lacbi1|300734|eu2.Lbscf0001g01830_9-308_2GHS:A:20-314	5	25	1	1	0	33	15	22	0	295
jgi|Lacbi1|192404|estExt_fgenesh1_kg.C_10017_9-152_1J3A:A:	3	5	4	5	0	13	6	6	0	142
jgi|Lacbi1|227785|e_gwh1.1.1236.1_224-304_1WVN:A:5-74	0	3	2	3	0	7	1	2	0	70
jgi|Lacbi1|227785|e_gwh1.1.1236.1_88-161_1EC6:A:	1	3	1	3	0	7	5	2	0	86
jgi|Lacbi1|227785|e_gwh1.1.1236.1_2-67_2AXY:A:11-81	0	3	1	3	0	7	2	0	0	71
jgi|Lacbi1|300739|eu2.Lbscf0001g01880_34-226_2FGE:A:15-271	3	10	4	10	0	24	18	13	0	257
jgi|Lacbi1|300739|eu2.Lbscf0001g01880_837-1037_1BE3:B:236-439	1	5	1	7	0	17	11	7	0	204
jgi|Lacbi1|300739|eu2.Lbscf0001g01880_273-543_2FGE:A:272-539	0	6	3	10	0	23	15	9	0	268
jgi|Lacbi1|300739|eu2.Lbscf0001g01880_600-800_2FGE:A:540-797	0	6	3	9	0	20	15	6	0	258
jgi|Lacbi1|300740|eu2.Lbscf0001g01890_33-211,245-288,410-468_1HD7:A:	6	12	5	7	0	32	18	10	0	275
jgi|Lacbi1|243137|e_gww1.1.1066.1_3-193_1F5X:A:	0	0	2	11	0	11	9	11	0	208
jgi|Lacbi1|300743|eu2.Lbscf0001g01920_14-44_2HAP:C:55-97	0	0	1	2	0	6	3	2	0	43
jgi|Lacbi1|243327|e_gww1.1.899.1_3-137_1XBF:A:	0	8	0	3	0	16	11	5	0	139
jgi|Lacbi1|181346|estExt_GeneWisePlus_human.C_10506_240-274_1ESK:A:	2	0	0	0	0	11	5	4	0	42
jgi|Lacbi1|181346|estExt_GeneWisePlus_human.C_10506_89-114_2CQE:A:429-457	2	0	0	0	0	6	6	2	0	29
jgi|Lacbi1|181346|estExt_GeneWisePlus_human.C_10506_119-145_2FC6:A:8-44	2	0	1	1	0	7	4	3	0	37
jgi|Lacbi1|300746|eu2.Lbscf0001g01950_13-192_2QMW:A:1-184	1	10	1	6	0	20	19	9	0	184
jgi|Lacbi1|170638|estExt_Genewise1_human.C_10768_4-177_2C2H:A:3-177	0	6	3	6	0	15	7	11	0	175
jgi|Lacbi1|301968|eu2.Lbscf0001g14170_19-118_1P4S:A:	0	5	0	8	0	16	11	9	0	181
jgi|Lacbi1|301969|eu2.Lbscf0001g14180_287-332,369-496_1IO0:A:	0	5	1	6	0	22	8	6	0	166
jgi|Lacbi1|321404|fgenesh3_pg.C_scaffold_1000974_51-193_1F5N:A:7-283	4	9	4	10	0	28	18	11	0	277
jgi|Lacbi1|301981|eu2.Lbscf0001g14300_121-301,342-455,489-583_1PW4:A:	2	0	1	18	0	21	18	22	0	450
jgi|Lacbi1|291934|estExt_fgenesh2_pg.C_10959_7-207_3D03:A:1-271	8	13	4	6	0	39	23	13	0	274
jgi|Lacbi1|243532|e_gww1.1.68.1_406-470,535-771_1QG8:A:	2	9	4	8	0	22	13	12	0	255
jgi|Lacbi1|243532|e_gww1.1.68.1_123-193_1KBI:A:1-97	4	4	3	4	0	14	7	8	0	97
jgi|Lacbi1|229075|e_gwh1.1.440.1_5-465_1D0Y:A:2-33,A:80-759	6	17	8	27	0	69	40	35	1	712
jgi|Lacbi1|301991|eu2.Lbscf0001g14400_53-148,261-354,732-940_1SU4:A:1-124,A:240-343,A:751-994	1	1	8	18	0	32	20	22	2	472
jgi|Lacbi1|301991|eu2.Lbscf0001g14400_358-378,518-764_1SU4:A:344-360,A:600-750	3	8	1	8	0	16	12	11	1	168
jgi|Lacbi1|301991|eu2.Lbscf0001g14400_148-259_1SU4:A:125-239	2	9	3	0	0	21	10	7	0	115
jgi|Lacbi1|301992|eu2.Lbscf0001g14410_22-487_1PV7:A:	0	0	2	22	0	18	12	14	0	417
jgi|Lacbi1|187465|estExt_GeneWisePlus_worm.C_11291_19-480_1PV7:A:	0	0	2	22	0	18	12	14	0	417
jgi|Lacbi1|321428|fgenesh3_pg.C_scaffold_1000998_540-695_1YT3:A:1-193	0	6	1	8	0	20	12	8	0	193
jgi|Lacbi1|302005|eu2.Lbscf0001g14540_38-599_1LCI:A:	7	27	4	15	0	64	28	38	0	541
jgi|Lacbi1|302020|eu2.Lbscf0001g14690_235-336,363-502_1FQV:A:146-431	8	13	3	8	0	55	21	24	0	286
jgi|Lacbi1|302020|eu2.Lbscf0001g14690_70-129_1FS1:A:109-149	0	0	2	3	0	6	2	3	0	41
jgi|Lacbi1|228706|e_gwh1.1.1116.1_114-305_1W1O:A:40-245	2	10	2	6	0	23	19	14	0	206
jgi|Lacbi1|243209|e_gww1.1.1180.1_5-359_1TQN:A:	5	9	7	18	0	43	20	30	0	472
jgi|Lacbi1|321455|fgenesh3_pg.C_scaffold_1001025_64-521_1BU7:A:	0	12	10	16	0	39	22	21	0	455
jgi|Lacbi1|302038|eu2.Lbscf0001g14870_9-494_1TQN:A:	5	9	7	18	0	43	20	30	0	472
jgi|Lacbi1|243087|e_gww1.1.1138.1_2-88_2B0C:A:8-204	1	7	2	11	0	21	5	12	0	197
jgi|Lacbi1|187046|estExt_GeneWisePlus_worm.C_10580_12-326_1PYF:A:	6	11	6	11	0	33	19	21	0	311
jgi|Lacbi1|227919|e_gwh1.1.1246.1_9-320_1PYF:A:	6	11	6	11	0	33	19	21	0	311
jgi|Lacbi1|243483|e_gww1.1.290.1_11-428_1PW4:A:	2	0	1	18	0	21	18	22	0	450
jgi|Lacbi1|170295|estExt_Genewise1_human.C_10160_119-323,352-486_1XFD:A:127-591	9	30	2	3	0	57	36	22	0	465
jgi|Lacbi1|170295|estExt_Genewise1_human.C_10160_2-50_1X5S:A:8-97	0	4	0	2	0	11	8	3	0	89
jgi|Lacbi1|300757|eu2.Lbscf0001g02060_49-108_1GD2:G:	0	0	0	1	0	3	1	0	0	69
jgi|Lacbi1|300759|eu2.Lbscf0001g02080_54-233_1PZN:A:96-349	0	12	2	8	0	19	19	13	0	254
jgi|Lacbi1|181179|estExt_GeneWisePlus_human.C_10210_125-204_1S7B:A:	0	0	0	4	0	10	7	3	0	109
jgi|Lacbi1|291534|estExt_fgenesh2_pg.C_10146_57-178_2NN6:I:61-185	3	8	2	0	0	18	8	6	0	125
jgi|Lacbi1|300769|eu2.Lbscf0001g02180_76-270_1C1G:C:	0	0	0	3	0	2	1	2	0	283
jgi|Lacbi1|300770|eu2.Lbscf0001g02190_19-335_1OKJ:A:1-106	0	5	1	3	0	7	4	4	0	106
jgi|Lacbi1|242566|e_gww1.1.628.1_10-280_1LL2:A:	1	11	7	10	0	24	19	16	0	263
jgi|Lacbi1|229120|e_gwh1.1.1015.1_6-66_1NY4:A:	0	4	0	0	0	10	7	1	0	71
jgi|Lacbi1|181332|estExt_GeneWisePlus_human.C_10481_79-363_1R30:A:	5	9	1	11	0	35	25	12	0	312
jgi|Lacbi1|300776|eu2.Lbscf0001g02250_28-484_1YFM:A:	4	8	6	16	1	38	15	23	0	459
jgi|Lacbi1|300777|eu2.Lbscf0001g02260_700-966_1Z63:A:432-661	0	7	2	11	0	24	16	18	0	230
jgi|Lacbi1|300777|eu2.Lbscf0001g02260_968-1043,1308-1471_1Z3I:X:390-735	0	10	6	11	0	41	29	23	0	346
jgi|Lacbi1|300778|eu2.Lbscf0001g02270_634-837,917-1231_1YKS:A:325-623	3	11	4	8	0	38	21	17	0	299
jgi|Lacbi1|300778|eu2.Lbscf0001g02270_158-198_2CPW:A:8-58	0	0	0	3	0	7	5	2	0	51
jgi|Lacbi1|186907|estExt_GeneWisePlus_worm.C_10355_32-277_2EY4:A:8-252	1	11	4	7	0	24	15	15	0	245
jgi|Lacbi1|186907|estExt_GeneWisePlus_worm.C_10355_279-360_2APO:A:247-331	0	6	1	2	0	11	6	6	0	85
jgi|Lacbi1|300781|eu2.Lbscf0001g02300_19-127_1ADW:A:	1	8	1	2	0	17	6	7	0	123
jgi|Lacbi1|300781|eu2.Lbscf0001g02300_207-316_1AG6:A:	2	8	2	1	0	20	7	6	0	99
jgi|Lacbi1|300783|eu2.Lbscf0001g02320_114-471_1LTD:A:98-511	2	13	7	14	0	44	26	19	0	414
jgi|Lacbi1|300783|eu2.Lbscf0001g02320_1-79_1KBI:A:1-97	4	4	3	4	0	14	7	8	0	97
jgi|Lacbi1|300784|eu2.Lbscf0001g02330_44-125,164-211_1NGN:A:	0	0	3	8	0	11	11	8	0	144
jgi|Lacbi1|170616|estExt_Genewise1_human.C_10739_3-76_1HDJ:A:	0	0	1	4	0	9	2	7	0	76
jgi|Lacbi1|228884|e_gwh1.1.748.1_3-169_1RKB:A:	2	5	2	7	0	17	8	6	0	172
jgi|Lacbi1|242480|e_gww1.1.1198.1_18-174_1JKW:A:11-161	0	0	2	6	0	12	6	7	0	151
jgi|Lacbi1|242480|e_gww1.1.1198.1_176-293_1JKW:A:162-287	0	0	0	7	0	10	8	7	0	126
jgi|Lacbi1|300797|eu2.Lbscf0001g02460_132-170,198-274_1C20:A:	0	2	0	8	0	11	5	7	0	128
jgi|Lacbi1|300799|eu2.Lbscf0001g02480_30-153,191-235_1EK0:A:	0	6	2	5	0	16	10	10	0	170
jgi|Lacbi1|242982|e_gww1.1.1187.1_6-299_1QAZ:A:	6	0	6	12	0	30	19	21	0	351
jgi|Lacbi1|243823|e_gww1.1.210.1_9-544_1V25:A:	8	24	4	16	0	59	31	33	0	534
jgi|Lacbi1|291549|estExt_fgenesh2_pg.C_10174_1-30_1GYF:A:	2	4	1	1	0	9	7	2	0	62
jgi|Lacbi1|175753|estExt_Genewise1_worm.C_10293_4-184_1I19:A:57-273	2	11	1	4	0	28	15	16	0	217
jgi|Lacbi1|175753|estExt_Genewise1_worm.C_10293_157-439_1F0X:A:274-567	2	7	0	9	0	22	13	11	0	294
jgi|Lacbi1|300808|eu2.Lbscf0001g02570_189-252_1FEX:A:	0	0	0	3	0	5	5	3	0	59
jgi|Lacbi1|300809|eu2.Lbscf0001g02580_86-383_1GZ8:A:	3	8	3	10	0	29	17	22	0	298
jgi|Lacbi1|242904|e_gww1.1.437.1_121-216,268-345_2SCU:B:1-238	1	12	3	7	0	24	11	11	0	238
jgi|Lacbi1|300812|eu2.Lbscf0001g02610_39-168_1BN7:A:	3	8	7	12	0	25	20	15	0	291
jgi|Lacbi1|291551|estExt_fgenesh2_pg.C_10179_7-162_1TWF:H:	0	8	1	0	0	14	10	6	0	145
jgi|Lacbi1|300814|eu2.Lbscf0001g02630_455-608_2R09:A:65-252	2	0	0	10	0	15	10	10	0	190
jgi|Lacbi1|300814|eu2.Lbscf0001g02630_749-880_1BTN:A:	1	7	0	2	0	15	8	5	0	106
jgi|Lacbi1|187180|estExt_GeneWisePlus_worm.C_10825_28-107_1B34:B:	0	5	1	1	0	8	1	3	0	93
jgi|Lacbi1|167309|gwh1.1.1210.1_2-133_2CCH:B:181-308	0	0	1	6	0	9	3	5	0	128
jgi|Lacbi1|167309|gwh1.1.1210.1_145-249_1VIN:A:309-432	0	0	4	7	0	10	8	4	0	123
jgi|Lacbi1|300822|eu2.Lbscf0001g02710_11-196_1OFG:A:1-160,A:323-381	1	7	4	8	0	25	13	9	1	219
jgi|Lacbi1|300822|eu2.Lbscf0001g02710_172-338_1ZH8:A:132-275	2	8	2	3	0	12	7	8	0	144
jgi|Lacbi1|321463|fgenesh3_pg.C_scaffold_1001033_1097-1168_1WEE:A:	0	3	0	1	0	15	10	3	0	71
jgi|Lacbi1|302050|eu2.Lbscf0001g14990_102-172_2DT6:A:48-110	0	0	1	3	0	4	4	5	0	63
jgi|Lacbi1|302050|eu2.Lbscf0001g14990_7-64_2DT6:A:48-110	0	0	1	3	0	4	4	5	0	63
jgi|Lacbi1|228207|e_gwh1.1.722.1_73-211_1CFE:A:	1	6	2	4	0	18	12	7	0	135
jgi|Lacbi1|291560|estExt_fgenesh2_pg.C_10192_95-142,174-285_1M3G:A:	0	6	0	5	0	15	12	8	0	145
jgi|Lacbi1|291562|estExt_fgenesh2_pg.C_10195_155-261_1H1W:A:	2	9	7	9	0	29	16	16	0	289
jgi|Lacbi1|300839|eu2.Lbscf0001g02880_1029-1184,1239-1331_1FOE:A:1034-1239	0	0	4	12	0	8	7	11	0	206
jgi|Lacbi1|300839|eu2.Lbscf0001g02880_348-456_1DS9:A:	1	9	1	9	0	23	14	8	0	198
jgi|Lacbi1|300839|eu2.Lbscf0001g02880_1320-1358,1385-1464_1EAZ:A:	0	7	1	2	0	13	8	5	0	104
jgi|Lacbi1|242895|e_gww1.1.1355.1_29-147_1B12:A:	5	17	5	1	0	32	10	16	0	247
jgi|Lacbi1|300842|eu2.Lbscf0001g02910_18-58,93-171_1P5Q:A:258-427	0	0	1	7	0	10	2	6	0	170
jgi|Lacbi1|291564|estExt_fgenesh2_pg.C_10199_7-227_1YO6:A:1-250	2	8	5	8	0	24	10	16	0	250
jgi|Lacbi1|228788|e_gwh1.1.1222.1_6-140,319-354_1F8G:A:1-143,A:327-384	0	10	9	7	0	21	8	12	1	201
jgi|Lacbi1|228788|e_gwh1.1.1222.1_179-300_2A4K:A:2-242	2	7	3	8	0	23	14	14	0	241
jgi|Lacbi1|170754|estExt_Genewise1_human.C_10987_28-84_2BSK:B:13-77	0	0	0	2	0	5	1	3	0	65
jgi|Lacbi1|291569|estExt_fgenesh2_pg.C_10205_515-633,935-991_1BRT:A:	6	8	5	11	0	26	14	19	0	277
jgi|Lacbi1|300853|eu2.Lbscf0001g03020_14-258_1XZP:A:212-371	1	6	1	6	0	15	10	10	0	160
jgi|Lacbi1|228518|e_gwh1.1.1059.1_600-843_1E3M:A:567-800	2	10	1	6	0	25	13	9	0	234
jgi|Lacbi1|228518|e_gwh1.1.1059.1_258-599_1EWQ:A:267-541	2	4	1	10	0	20	10	10	0	275
jgi|Lacbi1|228518|e_gwh1.1.1059.1_3-99_1E3M:A:2-116	0	6	3	3	0	11	6	7	0	115
jgi|Lacbi1|228518|e_gwh1.1.1059.1_101-269_1EWQ:A:121-266	1	6	2	5	0	14	11	3	0	146
jgi|Lacbi1|243371|e_gww1.1.117.1_30-551_1ACO:A:2-528	11	21	6	16	0	60	33	33	0	527
jgi|Lacbi1|243371|e_gww1.1.117.1_567-795_1ACO:A:529-754	9	9	4	7	0	28	12	16	0	226
jgi|Lacbi1|300857|eu2.Lbscf0001g03060_264-329,362-582_1CT9:A:193-516	0	5	6	17	0	28	12	15	0	324
jgi|Lacbi1|300857|eu2.Lbscf0001g03060_1-193_1CT9:A:1-192	1	12	3	3	0	22	12	14	0	192
jgi|Lacbi1|300858|eu2.Lbscf0001g03070_56-191_1WIN:A:	0	6	0	5	0	15	6	3	0	142
jgi|Lacbi1|243767|e_gww1.1.421.1_94-197_1X5T:A:8-90	2	6	0	2	0	10	6	5	0	83
jgi|Lacbi1|243767|e_gww1.1.421.1_218-305_1X4G:A:8-103	0	6	0	3	0	12	8	3	0	96
jgi|Lacbi1|243767|e_gww1.1.421.1_9-93_2CQI:A:1-90	0	5	0	2	0	9	5	4	0	90
jgi|Lacbi1|300861|eu2.Lbscf0001g03100_4-179_1VG8:A:	2	6	3	5	0	18	16	7	0	184
jgi|Lacbi1|300862|eu2.Lbscf0001g03110_23-46,86-125_1GUW:A:	2	5	0	1	0	12	6	4	0	72
jgi|Lacbi1|291579|estExt_fgenesh2_pg.C_10218_14-253_1PBT:A:	4	10	3	7	0	24	17	12	0	220
jgi|Lacbi1|300869|eu2.Lbscf0001g03180_40-121,172-241,290-452_2HZB:A:2-312	4	12	1	13	1	35	24	14	0	311
jgi|Lacbi1|181235|estExt_GeneWisePlus_human.C_10306_1-382_1R53:A:	6	14	2	9	0	32	13	18	0	371
jgi|Lacbi1|300875|eu2.Lbscf0001g03240_398-514,546-601,642-673_1RPM:A:	0	13	3	6	0	26	21	14	0	278
jgi|Lacbi1|300875|eu2.Lbscf0001g03240_62-204_1HZM:A:	3	3	0	6	0	20	19	8	0	154
jgi|Lacbi1|300875|eu2.Lbscf0001g03240_978-1012_1RPM:A:	0	13	3	6	0	26	21	14	0	278
jgi|Lacbi1|300876|eu2.Lbscf0001g03250_93-185_1R94:A:	0	7	1	2	0	9	3	5	0	97
jgi|Lacbi1|186940|estExt_GeneWisePlus_worm.C_10406_19-241_1URU:A:	2	0	0	4	0	8	3	8	0	217
jgi|Lacbi1|186940|estExt_GeneWisePlus_worm.C_10406_364-432_1OOT:A:	3	5	1	0	0	9	4	4	0	58
jgi|Lacbi1|242892|e_gww1.1.711.1_11-95_1P9Q:C:2-86	1	5	0	4	0	8	3	4	0	85
jgi|Lacbi1|242892|e_gww1.1.711.1_90-163_1T95:A:87-161	2	2	0	4	0	4	3	5	0	75
jgi|Lacbi1|319224|fgenesh3_pm.C_scaffold_1000036_1-90_1PQX:A:	1	4	0	2	0	12	10	5	0	90
jgi|Lacbi1|319224|fgenesh3_pm.C_scaffold_1000036_105-195_1VEH:A:	0	3	0	4	0	11	7	3	0	91
jgi|Lacbi1|300881|eu2.Lbscf0001g03300_8-48_1CO4:A:	0	3	1	0	0	6	4	2	0	42
jgi|Lacbi1|242784|e_gww1.1.883.1_2-124_2A7L:A:1-117	3	3	2	2	0	16	7	11	0	117
jgi|Lacbi1|181601|estExt_GeneWisePlus_human.C_10959_4-229_1PDA:A:3-219	0	10	3	7	0	25	14	12	0	217
jgi|Lacbi1|181601|estExt_GeneWisePlus_human.C_10959_233-325_1GTK:A:220-313	0	3	1	3	0	7	3	6	0	94
jgi|Lacbi1|300884|eu2.Lbscf0001g03330_28-216_2AFJ:A:12-224	0	10	2	3	0	26	29	9	0	213
jgi|Lacbi1|243747|e_gww1.1.560.1_2-328_2DOR:A:	5	15	4	9	0	36	26	13	0	311
jgi|Lacbi1|300898|eu2.Lbscf0001g03470_11-88_1J46:A:	0	0	0	3	0	5	3	3	0	84
jgi|Lacbi1|320675|fgenesh3_pg.C_scaffold_1000245_21-150,215-237,266-313_1LDJ:A:17-410	0	0	1	19	0	17	14	19	0	394
jgi|Lacbi1|300904|eu2.Lbscf0001g03530_39-374,409-558_1BU7:A:	0	12	10	16	0	39	22	21	0	455
jgi|Lacbi1|300908|eu2.Lbscf0001g03570_1-163_1XO9:A:	0	7	0	3	0	17	9	9	0	149
jgi|Lacbi1|300909|eu2.Lbscf0001g03580_12-203_2FDR:A:3-224	3	6	3	11	0	22	9	15	0	222
jgi|Lacbi1|300912|eu2.Lbscf0001g03610_264-309_1CHC:A:	0	3	0	1	0	9	8	3	0	68
jgi|Lacbi1|300913|eu2.Lbscf0001g03620_11-85_1JBM:A:	0	5	1	1	0	6	1	6	0	85
jgi|Lacbi1|300914|eu2.Lbscf0001g03630_1729-1852,1884-2029_1RKB:A:	2	5	2	7	0	17	8	6	0	172
jgi|Lacbi1|300914|eu2.Lbscf0001g03630_1404-1677_1SXJ:C:12-238	3	5	3	12	0	22	13	12	0	227
jgi|Lacbi1|300914|eu2.Lbscf0001g03630_723-939_1L8Q:A:77-289	0	5	2	9	0	17	9	11	0	213
jgi|Lacbi1|300914|eu2.Lbscf0001g03630_976-1189_1QVR:A:536-850	5	9	4	14	0	30	21	15	0	315
jgi|Lacbi1|186781|estExt_GeneWisePlus_worm.C_10118_211-332_1FWK:A:168-300	1	6	1	6	0	13	8	6	0	133
jgi|Lacbi1|186781|estExt_GeneWisePlus_worm.C_10118_5-155_1FWK:A:5-167	1	6	0	4	0	14	8	8	0	163
jgi|Lacbi1|243689|e_gww1.1.894.1_24-108_1S3A:A:15-99	0	4	0	3	0	10	4	4	0	85
jgi|Lacbi1|300921|eu2.Lbscf0001g03700_39-85,129-345_1NEX:B:370-744	1	32	0	0	0	32	16	23	0	355
jgi|Lacbi1|242941|e_gww1.1.1259.1_10-292_1H4L:A:	2	11	6	8	0	33	20	12	0	286
jgi|Lacbi1|300923|eu2.Lbscf0001g03720_1847-2021_2C2A:A:321-481	0	7	2	3	0	13	4	10	0	161
jgi|Lacbi1|300923|eu2.Lbscf0001g03720_2213-2326_1OXB:B:	0	5	0	5	0	13	11	4	0	124
jgi|Lacbi1|300923|eu2.Lbscf0001g03720_1583-1733_1MC0:A:402-555	0	7	0	4	0	14	7	11	0	154
jgi|Lacbi1|300923|eu2.Lbscf0001g03720_1749-1825_2C2A:A:232-320	0	0	1	3	0	3	0	4	0	89
jgi|Lacbi1|300923|eu2.Lbscf0001g03720_34-96,152-333_1O6Y:A:	1	11	3	8	0	24	14	12	0	276
jgi|Lacbi1|300923|eu2.Lbscf0001g03720_502-536,590-756_2I3B:A:1-189	0	10	1	5	0	20	14	8	0	189
jgi|Lacbi1|186980|estExt_GeneWisePlus_worm.C_10486_120-406_1T6N:A:	0	7	0	9	0	22	16	12	0	207
jgi|Lacbi1|187294|estExt_GeneWisePlus_worm.C_11009_15-281_1OKC:A:	0	0	6	11	0	19	10	9	0	292
jgi|Lacbi1|243044|e_gww1.1.340.1_97-385_1WRB:A:164-401	2	8	2	8	0	26	18	9	0	238
jgi|Lacbi1|300927|eu2.Lbscf0001g03760_130-243,271-319,354-488_1MIW:A:140-404	1	2	5	15	0	24	17	10	0	265
jgi|Lacbi1|300927|eu2.Lbscf0001g03760_3-128_1VFG:A:1-136	1	7	2	5	0	12	6	9	0	136
jgi|Lacbi1|242589|e_gww1.1.239.1_114-501_1WA5:B:	0	0	5	29	0	38	22	22	0	506
jgi|Lacbi1|242589|e_gww1.1.239.1_44-110_1TE4:A:	0	0	3	6	0	11	9	5	0	111
jgi|Lacbi1|144806|gww1.1.428.1_40-163,200-288_1O4Y:A:	5	19	5	4	0	33	15	16	0	270
jgi|Lacbi1|300931|eu2.Lbscf0001g03800_43-350_1B37:A:5-293,A:406-463	9	15	3	12	0	38	24	22	1	347
jgi|Lacbi1|300932|eu2.Lbscf0001g03810_26-413_1U7G:A:	2	2	6	15	0	21	14	16	0	383
jgi|Lacbi1|300933|eu2.Lbscf0001g03820_32-244_1W66:A:1-216	2	11	3	4	0	24	12	10	0	216
jgi|Lacbi1|162197|gwh1.1.717.1_2-167_1HDO:A:	0	10	3	5	0	24	20	11	0	205
jgi|Lacbi1|187166|estExt_GeneWisePlus_worm.C_10798_53-510_1TQN:A:	5	9	7	18	0	43	20	30	0	472
jgi|Lacbi1|300937|eu2.Lbscf0001g03860_30-497_1TQN:A:	5	9	7	18	0	43	20	30	0	472
jgi|Lacbi1|142711|gww1.1.211.1_5-393,460-485_1PV7:A:	0	0	2	22	0	18	12	14	0	417
jgi|Lacbi1|291613|estExt_fgenesh2_pg.C_10269_346-405_1WH2:A:	0	4	0	2	0	12	9	4	0	77
jgi|Lacbi1|300941|eu2.Lbscf0001g03900_253-334_1M62:A:	0	0	0	3	0	5	4	3	0	86
jgi|Lacbi1|300945|eu2.Lbscf0001g03940_385-451_1OOT:A:	3	5	1	0	0	9	4	4	0	58
jgi|Lacbi1|300948|eu2.Lbscf0001g03970_391-611_1XA6:A:271-466	0	0	1	11	0	17	14	15	0	196
jgi|Lacbi1|300948|eu2.Lbscf0001g03970_33-169,258-381_2EFK:A:10-288	0	0	1	6	0	5	3	5	0	279
jgi|Lacbi1|300949|eu2.Lbscf0001g03980_119-215_1X4A:A:9-103	0	6	1	2	0	11	6	3	0	96
jgi|Lacbi1|187145|estExt_GeneWisePlus_worm.C_10762_26-333_1YQ2:A:313-609	4	13	4	8	0	40	16	19	0	297
jgi|Lacbi1|243090|e_gww1.1.236.1_199-550_1IIR:A:	0	13	4	14	0	38	21	15	0	401
jgi|Lacbi1|243835|e_gww1.1.642.1_4-260_1DCS:A:	1	15	0	9	0	31	12	12	0	311
jgi|Lacbi1|243251|e_gww1.1.72.1_22-164,321-505_1N1M:A:39-508	9	38	3	4	0	58	37	26	0	470
jgi|Lacbi1|243251|e_gww1.1.72.1_195-404_1Q7F:A:	4	25	3	0	0	39	19	20	0	279
jgi|Lacbi1|243200|e_gww1.1.643.1_9-22,54-298_1Y44:A:1-307	11	14	2	7	0	35	16	14	0	307
jgi|Lacbi1|187186|estExt_GeneWisePlus_worm.C_10835_64-299_1UDX:A:157-336	0	7	2	6	0	22	13	8	0	180
jgi|Lacbi1|187186|estExt_GeneWisePlus_worm.C_10835_284-362_1WXQ:A:320-395	1	4	0	2	0	9	4	5	0	76
jgi|Lacbi1|141037|gww1.1.38.1_844-1137_1U5R:A:	5	8	4	12	0	31	20	16	0	309
jgi|Lacbi1|242594|e_gww1.1.132.1_445-645_1MV5:A:	2	12	1	8	1	29	24	14	0	242
jgi|Lacbi1|181724|estExt_GeneWisePlus_human.C_11159_51-216_1MH9:A:	3	6	3	6	0	25	17	12	0	194
jgi|Lacbi1|300968|eu2.Lbscf0001g04170_243-384,414-426_1TTU:A:381-541	9	11	3	1	0	25	10	9	0	161
jgi|Lacbi1|300968|eu2.Lbscf0001g04170_96-243_1TTU:A:196-380	2	10	0	3	0	19	9	7	0	185
jgi|Lacbi1|300970|eu2.Lbscf0001g04190_26-221,277-288_1Q0U:A:	0	7	4	9	0	26	14	9	0	209
jgi|Lacbi1|300970|eu2.Lbscf0001g04190_105-200,251-317,395-532_1Q0U:A:	0	7	4	9	0	26	14	9	0	209
jgi|Lacbi1|300971|eu2.Lbscf0001g04200_22-214,249-455_1PV7:A:	0	0	2	22	0	18	12	14	0	417
jgi|Lacbi1|300974|eu2.Lbscf0001g04230_271-432_1XYH:A:1-160	6	8	1	2	0	23	13	12	0	160
jgi|Lacbi1|300974|eu2.Lbscf0001g04230_39-112_2C2L:A:225-304	2	3	1	2	0	14	7	6	0	80
jgi|Lacbi1|243475|e_gww1.1.397.1_43-66,93-135,167-378_1A6Q:A:2-296	3	15	2	7	0	26	16	16	0	295
jgi|Lacbi1|242632|e_gww1.1.191.1_17-576_2NLZ:A:3-539	7	21	3	19	0	59	29	32	0	537
jgi|Lacbi1|242739|e_gww1.1.939.1_6-108_1FXK:A:	0	2	0	2	0	5	1	3	0	107
jgi|Lacbi1|300980|eu2.Lbscf0001g04290_43-135_1RIP:A:	5	2	0	0	0	17	12	1	0	81
jgi|Lacbi1|300981|eu2.Lbscf0001g04300_80-304,354-475_1KV9:A:1-560	8	39	7	5	0	72	35	35	0	560
jgi|Lacbi1|175679|estExt_Genewise1_worm.C_10153_416-609_2CE7:A:411-603	1	2	1	7	0	10	7	6	0	193
jgi|Lacbi1|175679|estExt_Genewise1_worm.C_10153_156-429_1LV7:A:	2	6	3	10	0	31	17	18	0	256
jgi|Lacbi1|243582|e_gww1.1.1151.1_35-472_1PW4:A:	2	0	1	18	0	21	18	22	0	450
jgi|Lacbi1|300986|eu2.Lbscf0001g04350_651-759_2OOE:A:21-549	2	0	2	28	0	36	16	28	0	529
jgi|Lacbi1|300987|eu2.Lbscf0001g04360_1-94_1T5Y:A:1-94	3	5	2	5	0	8	4	7	0	94
jgi|Lacbi1|300987|eu2.Lbscf0001g04360_95-170_1T5Y:A:95-170	0	6	1	2	0	10	5	4	0	76
jgi|Lacbi1|228107|e_gwh1.1.1061.1_90-243_2OVR:B:2365-2706	0	32	2	1	0	36	24	21	0	342
jgi|Lacbi1|228107|e_gwh1.1.1061.1_901-932_1IYM:A:	0	2	0	1	0	11	6	4	0	54
jgi|Lacbi1|242520|e_gww1.1.732.1_1-210_1FZT:A:	9	5	1	7	0	22	14	12	0	211
jgi|Lacbi1|291635|estExt_fgenesh2_pg.C_10302_11-293_1OKC:A:	0	0	6	11	0	19	10	9	0	292
jgi|Lacbi1|187225|estExt_GeneWisePlus_worm.C_10889_99-218_1JBI:A:	4	8	0	1	0	18	11	5	0	100
jgi|Lacbi1|301005|eu2.Lbscf0001g04540_3-92_1J0F:A:	0	4	0	4	0	12	4	7	0	99
jgi|Lacbi1|243421|e_gww1.1.882.1_1-137_5PNT:A:	1	4	2	5	0	12	6	7	0	157
jgi|Lacbi1|228901|e_gwh1.1.260.1_50-522_1A4S:A:	7	20	8	15	0	54	30	24	0	503
jgi|Lacbi1|186903|estExt_GeneWisePlus_worm.C_10350_1-287_1UKV:G:5-301	4	15	7	10	0	34	19	16	0	297
jgi|Lacbi1|186903|estExt_GeneWisePlus_worm.C_10350_303-396_1UKV:G:302-399	0	5	2	2	0	11	8	7	0	98
jgi|Lacbi1|186903|estExt_GeneWisePlus_worm.C_10350_398-443_1UKV:G:400-446	1	2	0	1	0	4	6	2	0	47
jgi|Lacbi1|301010|eu2.Lbscf0001g04590_57-230,425-448,553-648_1P22:A:253-545	0	28	0	1	0	35	23	13	0	293
jgi|Lacbi1|301011|eu2.Lbscf0001g04600_188-347_1O70:A:328-467	1	7	1	6	0	14	9	10	0	140
jgi|Lacbi1|301011|eu2.Lbscf0001g04600_362-498_1NYO:A:	5	7	0	8	0	18	16	11	0	163
jgi|Lacbi1|301011|eu2.Lbscf0001g04600_17-128,156-211_1NYO:A:	5	7	0	8	0	18	16	11	0	163
jgi|Lacbi1|301011|eu2.Lbscf0001g04600_510-644_1NYO:A:	5	7	0	8	0	18	16	11	0	163
jgi|Lacbi1|301011|eu2.Lbscf0001g04600_656-734_1O70:A:328-467	1	7	1	6	0	14	9	10	0	140
jgi|Lacbi1|301012|eu2.Lbscf0001g04610_18-296_1OKC:A:	0	0	6	11	0	19	10	9	0	292
jgi|Lacbi1|301014|eu2.Lbscf0001g04630_3-55_1NEX:B:270-369	0	0	0	7	0	9	5	6	0	100
jgi|Lacbi1|301015|eu2.Lbscf0001g04640_642-815_2UCZ:A:	2	4	2	4	0	18	13	11	0	164
jgi|Lacbi1|186913|estExt_GeneWisePlus_worm.C_10365_102-182,262-295,337-473_1AJO:A:	5	16	3	1	0	26	14	11	0	212
jgi|Lacbi1|181789|estExt_GeneWisePlus_human.C_11272_140-466_1HN0:A:235-618	3	7	5	17	0	32	19	25	0	384
jgi|Lacbi1|301021|eu2.Lbscf0001g04700_28-290_1AFW:A:25-293	6	8	5	10	0	29	16	16	0	269
jgi|Lacbi1|301021|eu2.Lbscf0001g04700_291-393_1AFW:A:294-417	3	4	3	4	0	12	4	7	0	124
jgi|Lacbi1|187066|estExt_GeneWisePlus_worm.C_10617_49-313_1QG8:A:	2	9	4	8	0	22	13	12	0	255
jgi|Lacbi1|301023|eu2.Lbscf0001g04720_126-178_2E1O:A:8-64	0	0	0	3	0	4	1	1	0	57
jgi|Lacbi1|301025|eu2.Lbscf0001g04740_858-948,1098-1305_1Z3I:X:390-735	0	10	6	11	0	41	29	23	0	346
jgi|Lacbi1|301025|eu2.Lbscf0001g04740_395-437,477-512,577-599,646-682,744-845_1Z5Z:A:663-906	0	6	1	10	0	26	11	15	0	244
jgi|Lacbi1|301026|eu2.Lbscf0001g04750_40-176_1O0W:A:1-167	2	0	1	10	0	12	5	7	0	167
jgi|Lacbi1|301026|eu2.Lbscf0001g04750_300-365_1QU6:A:91-179	1	3	0	2	0	7	6	1	0	85
jgi|Lacbi1|301027|eu2.Lbscf0001g04760_1090-1349_1Z3I:X:390-735	0	10	6	11	0	41	29	23	0	346
jgi|Lacbi1|301027|eu2.Lbscf0001g04760_840-1084_1Z63:A:432-661	0	7	2	11	0	24	16	18	0	230
jgi|Lacbi1|301027|eu2.Lbscf0001g04760_510-625_1GUW:A:	2	5	0	1	0	12	6	4	0	72
jgi|Lacbi1|301029|eu2.Lbscf0001g04780_28-71_2HAP:C:55-97	0	0	1	2	0	6	3	2	0	43
jgi|Lacbi1|170578|estExt_Genewise1_human.C_10661_7-289_1PV1:A:	4	9	3	10	0	32	19	22	0	299
jgi|Lacbi1|301031|eu2.Lbscf0001g04800_133-344_1A06:A:	4	8	4	10	0	29	20	14	0	307
jgi|Lacbi1|301031|eu2.Lbscf0001g04800_8-113_1LGP:A:	0	8	1	0	0	20	9	7	0	113
jgi|Lacbi1|320763|fgenesh3_pg.C_scaffold_1000333_35-266_2I3D:A:2-219	0	8	1	5	0	25	11	20	0	218
jgi|Lacbi1|187086|estExt_GeneWisePlus_worm.C_10661_1245-1462_2OOE:A:21-549	2	0	2	28	0	36	16	28	0	529
jgi|Lacbi1|187086|estExt_GeneWisePlus_worm.C_10661_510-608_3BZK:A:637-730	0	5	2	2	0	13	4	6	0	94
jgi|Lacbi1|187086|estExt_GeneWisePlus_worm.C_10661_876-967_3BZK:A:637-730	0	5	2	2	0	13	4	6	0	94
jgi|Lacbi1|187086|estExt_GeneWisePlus_worm.C_10661_975-1063_1SRO:A:	1	4	0	1	0	12	5	5	0	76
jgi|Lacbi1|187086|estExt_GeneWisePlus_worm.C_10661_612-695_1SRO:A:	1	4	0	1	0	12	5	5	0	76
jgi|Lacbi1|187086|estExt_GeneWisePlus_worm.C_10661_786-876_3BZK:A:637-730	0	5	2	2	0	13	4	6	0	94
jgi|Lacbi1|187086|estExt_GeneWisePlus_worm.C_10661_237-333_1WI5:A:	0	5	0	1	0	15	8	4	0	118
jgi|Lacbi1|187086|estExt_GeneWisePlus_worm.C_10661_436-520_1SRO:A:	1	4	0	1	0	12	5	5	0	76
jgi|Lacbi1|187086|estExt_GeneWisePlus_worm.C_10661_115-162,191-212_1GO3:E:79-184	0	9	1	1	0	13	4	5	0	106
jgi|Lacbi1|170594|estExt_Genewise1_human.C_10691_44-84_1ZU1:A:2-73	1	2	0	3	0	6	4	3	0	72
jgi|Lacbi1|242915|e_gww1.1.322.1_375-451_1UFM:A:	0	3	0	3	0	8	7	3	0	83
jgi|Lacbi1|291657|estExt_fgenesh2_pg.C_10335_31-256_1LGY:A:	6	13	4	6	0	26	14	17	0	265
jgi|Lacbi1|243451|e_gww1.1.1133.1_3-477_1LCI:A:	7	27	4	15	0	64	28	38	0	541
jgi|Lacbi1|301049|eu2.Lbscf0001g04980_110-211_1YKH:A:111-205	0	0	1	3	0	3	1	2	0	95
jgi|Lacbi1|291659|estExt_fgenesh2_pg.C_10338_157-380_1ERZ:A:	4	14	6	8	0	36	16	16	0	303
jgi|Lacbi1|181423|estExt_GeneWisePlus_human.C_10646_107-328_1GSO:A:104-327	3	9	1	7	0	21	8	11	0	224
jgi|Lacbi1|181423|estExt_GeneWisePlus_human.C_10646_605-775_1CLI:A:171-345	2	6	3	7	0	19	8	10	0	175
jgi|Lacbi1|181423|estExt_GeneWisePlus_human.C_10646_438-601_1CLI:A:5-170	0	6	2	5	0	15	7	12	0	166
jgi|Lacbi1|181423|estExt_GeneWisePlus_human.C_10646_3-106_1GSO:A:2-103	3	6	0	2	0	11	7	5	0	99
jgi|Lacbi1|181423|estExt_GeneWisePlus_human.C_10646_335-427_1VKZ:A:314-399	4	5	0	1	0	11	6	4	0	86
jgi|Lacbi1|301055|eu2.Lbscf0001g05040_3-61_1WDY:A:	2	0	0	17	0	35	10	27	0	285
jgi|Lacbi1|301055|eu2.Lbscf0001g05040_391-413_2CQE:A:458-513	2	0	0	2	0	7	7	2	0	56
jgi|Lacbi1|301056|eu2.Lbscf0001g05050_207-359_1EVY:A:198-357	0	0	1	8	0	11	6	8	0	160
jgi|Lacbi1|301056|eu2.Lbscf0001g05050_22-207_1M66:A:9-197	0	8	1	8	0	20	13	11	0	189
jgi|Lacbi1|228299|e_gwh1.1.546.1_42-169,205-290_1DN1:B:	0	0	1	7	0	11	6	8	0	222
jgi|Lacbi1|301058|eu2.Lbscf0001g05070_147-236_1WI8:A:	2	6	1	2	0	13	8	4	0	103
jgi|Lacbi1|242919|e_gww1.1.893.1_5-125_2UUI:A:2-147	0	0	2	4	0	6	4	4	0	146
jgi|Lacbi1|243182|e_gww1.1.334.1_192-499_1P22:A:253-545	0	28	0	1	0	35	23	13	0	293
jgi|Lacbi1|301065|eu2.Lbscf0001g05140_46-218_1AVO:A:,B:	2	0	1	6	0	11	5	6	1	200
jgi|Lacbi1|301068|eu2.Lbscf0001g05170_32-180_1GGZ:A:	0	4	0	7	0	13	4	7	0	144
jgi|Lacbi1|187296|estExt_GeneWisePlus_worm.C_11011_3-268_1I01:A:	2	7	3	9	0	21	12	12	0	241
jgi|Lacbi1|145571|gww1.1.511.1_2-280_2PTD:A:	4	10	3	8	0	35	23	17	0	296
jgi|Lacbi1|301073|eu2.Lbscf0001g05220_12-152_1ELK:A:	0	0	1	9	0	11	7	9	0	153
jgi|Lacbi1|301073|eu2.Lbscf0001g05220_244-305_1OXZ:A:	0	0	0	5	0	7	5	4	0	132
jgi|Lacbi1|301074|eu2.Lbscf0001g05230_162-476_1SET:A:111-421	3	16	5	9	0	33	20	19	0	311
jgi|Lacbi1|301074|eu2.Lbscf0001g05230_42-149_1SET:A:1-110	0	0	1	4	0	6	1	3	0	110
jgi|Lacbi1|301075|eu2.Lbscf0001g05240_18-240_1SXJ:B:7-230	3	5	4	13	0	18	14	12	0	224
jgi|Lacbi1|301075|eu2.Lbscf0001g05240_241-333_1SXJ:B:231-322	0	0	0	5	0	7	3	5	0	92
jgi|Lacbi1|291671|estExt_fgenesh2_pg.C_10357_504-594_1X5S:A:8-97	0	4	0	2	0	11	8	3	0	89
jgi|Lacbi1|291671|estExt_fgenesh2_pg.C_10357_55-138_1P1T:A:	2	4	0	4	0	11	10	6	0	104
jgi|Lacbi1|163919|gwh1.1.892.1_7-86_1I50:F:	2	2	0	2	0	11	8	4	0	84
jgi|Lacbi1|187062|estExt_GeneWisePlus_worm.C_10609_42-286_1BOL:A:	2	7	3	6	0	29	18	15	0	222
jgi|Lacbi1|301085|eu2.Lbscf0001g05340_776-965_1R0D:A:	0	0	1	6	0	8	3	4	0	194
jgi|Lacbi1|301085|eu2.Lbscf0001g05340_3-97_1HF8:A:19-149	0	0	0	6	0	11	8	6	0	131
jgi|Lacbi1|301085|eu2.Lbscf0001g05340_137-236_1HF8:A:150-281	0	0	2	3	0	10	8	4	0	132
jgi|Lacbi1|301089|eu2.Lbscf0001g05380_389-437_1A5J:A:56-110	0	0	0	3	0	7	5	4	0	55
jgi|Lacbi1|243354|e_gww1.1.506.1_4-272_1VL0:A:	5	12	1	11	0	29	19	11	0	291
jgi|Lacbi1|301091|eu2.Lbscf0001g05400_39-350_1PW4:A:	2	0	1	18	0	21	18	22	0	450
jgi|Lacbi1|301091|eu2.Lbscf0001g05400_444-523_1PW4:A:	2	0	1	18	0	21	18	22	0	450
jgi|Lacbi1|229137|e_gwh1.1.97.1_2-941_1I50:B:	18	49	14	26	0	125	63	65	0	1207
jgi|Lacbi1|301097|eu2.Lbscf0001g05460_5-164_1KLQ:A:	1	7	1	3	0	16	12	5	0	196
jgi|Lacbi1|187260|estExt_GeneWisePlus_worm.C_10949_176-215,249-261,295-398_1MQB:A:	4	8	3	8	0	26	11	14	0	283
jgi|Lacbi1|291682|estExt_fgenesh2_pg.C_10372_1-257_1LL2:A:	1	11	7	10	0	24	19	16	0	263
jgi|Lacbi1|243459|e_gww1.1.1010.1_1-53_1FTT:A:	0	0	0	3	0	7	6	2	0	68
jgi|Lacbi1|301103|eu2.Lbscf0001g05520_128-176_1X2N:A:6-67	0	0	0	3	0	4	2	2	0	60
jgi|Lacbi1|145827|gww1.1.548.1_12-212_2IC8:A:91-272	0	0	3	8	0	13	9	4	0	182
jgi|Lacbi1|170758|estExt_Genewise1_human.C_10994_6-65_1RHZ:B:	0	0	0	2	0	3	1	2	0	65
jgi|Lacbi1|243489|e_gww1.1.33.1_42-475_1WYU:A:1-437	7	13	8	13	0	46	28	24	0	437
jgi|Lacbi1|243489|e_gww1.1.33.1_509-922,967-989_1WYU:B:2-472	8	12	4	15	0	59	32	31	0	473
jgi|Lacbi1|301119|eu2.Lbscf0001g05680_84-93,120-303_1U6G:C:	0	2	14	60	0	74	56	65	0	1207
jgi|Lacbi1|170747|estExt_Genewise1_human.C_10967_4-133_1TTB:A:	0	9	0	1	0	17	10	7	0	127
jgi|Lacbi1|181297|estExt_GeneWisePlus_human.C_10408_7-174_2NVU:C:3-183	5	6	2	4	0	22	13	12	0	176
jgi|Lacbi1|301123|eu2.Lbscf0001g05720_5-366_1W9Y:A:2-308	1	12	5	7	0	27	12	12	0	307
jgi|Lacbi1|301124|eu2.Lbscf0001g05730_271-738_1K0G:A:	7	23	3	9	0	44	27	24	0	453
jgi|Lacbi1|301124|eu2.Lbscf0001g05730_3-206_1QDL:B:	1	9	0	6	0	17	14	12	0	195
jgi|Lacbi1|320828|fgenesh3_pg.C_scaffold_1000398_34-234,301-464,665-795,906-981_1GW5:B:	0	0	4	32	0	42	43	37	0	579
jgi|Lacbi1|228936|e_gwh1.1.545.1_129-269_1VQ2:A:	5	7	3	6	0	24	3	10	0	193
jgi|Lacbi1|320829|fgenesh3_pg.C_scaffold_1000399_297-515_1G4M:A:176-393	4	11	2	0	0	21	11	6	0	218
jgi|Lacbi1|228582|e_gwh1.1.185.1_188-267,357-442_2CXX:A:2-185	2	6	3	7	0	17	7	11	0	184
jgi|Lacbi1|301132|eu2.Lbscf0001g05810_84-195_1WZN:A:1-251	1	11	4	7	0	20	9	14	0	251
jgi|Lacbi1|301133|eu2.Lbscf0001g05820_80-358_1P22:A:253-545	0	28	0	1	0	35	23	13	0	293
jgi|Lacbi1|301133|eu2.Lbscf0001g05820_252-344,513-705_1ERJ:A:	2	30	1	1	0	43	24	22	0	388
jgi|Lacbi1|291692|estExt_fgenesh2_pg.C_10395_397-548_2BNH:A:	5	17	2	16	0	59	26	25	0	456
jgi|Lacbi1|291692|estExt_fgenesh2_pg.C_10395_200-273_2OVR:B:2263-2364	0	0	0	6	0	9	7	5	0	102
jgi|Lacbi1|291693|estExt_fgenesh2_pg.C_10396_4-89_1WJ6:A:	2	5	0	2	0	14	10	4	0	100
jgi|Lacbi1|228716|e_gwh1.1.437.1_246-300,328-393_1KS9:A:168-291	0	0	2	6	0	7	1	7	0	124
jgi|Lacbi1|228716|e_gwh1.1.437.1_1-180_1KS9:A:1-167	0	11	3	4	0	22	13	12	0	167
jgi|Lacbi1|301140|eu2.Lbscf0001g05890_293-476_1FKM:A:249-442	2	0	8	8	0	13	13	10	0	194
jgi|Lacbi1|301140|eu2.Lbscf0001g05890_459-549_1FKM:A:443-630	0	0	1	8	0	10	3	8	0	188
jgi|Lacbi1|301142|eu2.Lbscf0001g05910_27-313_8PRK:A:	5	20	5	3	0	34	16	25	0	282
jgi|Lacbi1|301144|eu2.Lbscf0001g05930_12-70_1O0W:A:1-167	2	0	1	10	0	12	5	7	0	167
jgi|Lacbi1|301147|eu2.Lbscf0001g05960_2-54_1FS1:A:109-149	0	0	2	3	0	6	2	3	0	41
jgi|Lacbi1|301148|eu2.Lbscf0001g05970_199-291,336-420_1F5X:A:	0	0	2	11	0	11	9	11	0	208
jgi|Lacbi1|301149|eu2.Lbscf0001g05980_21-234_2B3Z:A:146-359	4	9	0	7	0	26	18	13	0	214
jgi|Lacbi1|301150|eu2.Lbscf0001g05990_387-448_2FC7:A:8-76	0	5	1	0	0	12	12	2	0	69
jgi|Lacbi1|301150|eu2.Lbscf0001g05990_480-541_1TOT:A:1-52	1	5	0	1	0	8	5	1	0	52
jgi|Lacbi1|301150|eu2.Lbscf0001g05990_545-601_2FC7:A:8-76	0	5	1	0	0	12	12	2	0	69
jgi|Lacbi1|301151|eu2.Lbscf0001g06000_190-373,405-462_1FP2:A:109-352	1	9	4	13	0	24	10	15	0	244
jgi|Lacbi1|301151|eu2.Lbscf0001g06000_68-150_1MKM:A:1-75	1	2	0	4	0	9	3	5	0	75
jgi|Lacbi1|243106|e_gww1.1.684.1_36-222_1EKF:A:	6	19	3	7	0	43	24	20	0	365
jgi|Lacbi1|301156|eu2.Lbscf0001g06050_109-195_1JXS:A:	0	3	0	4	0	10	8	5	0	98
jgi|Lacbi1|301157|eu2.Lbscf0001g06060_23-72_2HAP:C:55-97	0	0	1	2	0	6	3	2	0	43
jgi|Lacbi1|291705|estExt_fgenesh2_pg.C_10412_3-208_1RYP:J:	1	12	1	4	0	19	10	8	0	204
jgi|Lacbi1|242765|e_gww1.1.1095.1_2-283_1TV8:A:	4	11	4	10	0	39	20	20	0	327
jgi|Lacbi1|242765|e_gww1.1.1095.1_351-517_1EKR:A:	1	4	2	4	0	11	5	6	0	146
jgi|Lacbi1|187395|estExt_GeneWisePlus_worm.C_11176_349-628_1OKC:A:	0	0	6	11	0	19	10	9	0	292
jgi|Lacbi1|187395|estExt_GeneWisePlus_worm.C_11176_115-249_1RFJ:A:	2	2	0	7	0	16	5	7	0	148
jgi|Lacbi1|187395|estExt_GeneWisePlus_worm.C_11176_18-143_1DTL:A:	2	2	3	8	0	13	5	7	0	156
jgi|Lacbi1|186732|estExt_GeneWisePlus_worm.C_10032_125-296,350-449_2FRN:A:19-278	0	13	3	6	0	25	10	16	0	260
jgi|Lacbi1|160357|gwh1.1.519.1_1-66,108-260_1YIX:A:1-265	1	8	6	9	0	29	14	18	0	265
jgi|Lacbi1|301169|eu2.Lbscf0001g06180_88-121_2HF1:A:2-60	2	6	2	1	0	8	0	4	0	59
jgi|Lacbi1|227929|e_gwh1.1.591.1_4-170,204-217_2NN6:A:1-184	5	6	0	5	0	23	12	12	0	184
jgi|Lacbi1|227929|e_gwh1.1.591.1_187-278_2NN6:A:185-302	1	5	0	3	0	10	7	3	0	118
jgi|Lacbi1|301173|eu2.Lbscf0001g06220_38-315_1VYH:C:92-408	0	28	1	0	0	39	25	14	0	317
jgi|Lacbi1|301173|eu2.Lbscf0001g06220_612-907_1PGU:A:327-613	0	28	0	0	0	31	21	20	0	287
jgi|Lacbi1|243185|e_gww1.1.318.1_115-339,370-462_2G8L:A:1-284	4	7	1	12	0	25	15	15	0	284
jgi|Lacbi1|320862|fgenesh3_pg.C_scaffold_1000432_267-319_1IYM:A:	0	2	0	1	0	11	6	4	0	54
jgi|Lacbi1|301178|eu2.Lbscf0001g06270_1234-1479_1PF4:A:321-564	3	9	2	6	0	30	21	8	0	243
jgi|Lacbi1|301178|eu2.Lbscf0001g06270_950-1222_2HYD:A:1-323	0	0	1	15	1	9	5	12	0	323
jgi|Lacbi1|301178|eu2.Lbscf0001g06270_608-833_1R0W:A:	0	11	2	12	1	27	19	16	0	281
jgi|Lacbi1|301178|eu2.Lbscf0001g06270_279-585_2HYD:A:1-323	0	0	1	15	1	9	5	12	0	323
jgi|Lacbi1|243830|e_gww1.1.757.1_96-205_1KZL:A:93-202	1	6	2	2	0	13	5	7	0	110
jgi|Lacbi1|243830|e_gww1.1.757.1_1-93_1KZL:A:1-92	1	6	2	1	0	13	4	5	0	92
jgi|Lacbi1|301184|eu2.Lbscf0001g06330_335-671_1XM9:A:244-700	0	0	2	27	0	26	20	30	0	457
jgi|Lacbi1|301184|eu2.Lbscf0001g06330_39-375_1WA5:B:	0	0	5	29	0	38	22	22	0	506
jgi|Lacbi1|301186|eu2.Lbscf0001g06350_861-971_1XTE:A:	0	3	2	4	0	9	3	6	0	116
jgi|Lacbi1|301186|eu2.Lbscf0001g06350_435-590_1AGR:E:	0	0	0	9	0	8	4	12	0	128
jgi|Lacbi1|301187|eu2.Lbscf0001g06360_13-309_1OKC:A:	0	0	6	11	0	19	10	9	0	292
jgi|Lacbi1|243581|e_gww1.1.356.1_25-422_1EQC:A:	4	8	10	10	0	47	30	30	0	394
jgi|Lacbi1|181872|estExt_GeneWisePlus_human.C_11401_5-477_1VM8:A:	11	25	8	15	0	57	25	32	0	516
jgi|Lacbi1|159274|gwh1.1.396.1_62-187_1MIU:A:2590-2722	4	7	1	2	0	24	14	3	0	133
jgi|Lacbi1|159274|gwh1.1.396.1_191-217,370-451_1MIU:A:2723-2751,A:2888-2970	1	5	1	2	0	15	6	1	1	112
jgi|Lacbi1|159274|gwh1.1.396.1_4-60_1IYJ:B:2403-2598	3	2	3	7	0	18	12	14	0	196
jgi|Lacbi1|320873|fgenesh3_pg.C_scaffold_1000443_16-234_1HR6:A:14-233	3	6	5	7	0	22	11	9	0	220
jgi|Lacbi1|320873|fgenesh3_pg.C_scaffold_1000443_289-484_1HR6:A:234-470	0	6	2	8	0	22	12	12	0	237
jgi|Lacbi1|301194|eu2.Lbscf0001g06430_78-195_1TFE:A:	2	5	2	5	0	9	8	4	0	142
jgi|Lacbi1|301194|eu2.Lbscf0001g06430_24-75_1EFU:B:1-54	0	0	0	3	0	3	1	2	0	54
jgi|Lacbi1|320875|fgenesh3_pg.C_scaffold_1000445_144-217_2EY4:C:1-73	2	6	0	0	0	12	4	5	0	73
jgi|Lacbi1|301196|eu2.Lbscf0001g06450_75-139_1ZHV:A:62-127	0	4	1	2	0	7	3	2	0	66
jgi|Lacbi1|301196|eu2.Lbscf0001g06450_9-58_1ZHV:A:2-61	0	5	1	0	0	9	5	3	0	60
jgi|Lacbi1|320880|fgenesh3_pg.C_scaffold_1000450_9-247_1TWD:A:	5	10	2	8	0	27	13	11	0	247
jgi|Lacbi1|301202|eu2.Lbscf0001g06510_315-397_1ICC:A:	1	5	3	4	0	11	3	8	0	87
jgi|Lacbi1|301203|eu2.Lbscf0001g06520_178-298_1E6I:A:	0	0	2	5	0	8	8	7	0	111
jgi|Lacbi1|301203|eu2.Lbscf0001g06520_70-166_1E6I:A:	0	0	2	5	0	8	8	7	0	111
jgi|Lacbi1|242662|e_gww1.1.484.1_43-255,329-357_1B6A:A:110-374,A:449-478	7	13	1	6	0	31	14	17	1	295
jgi|Lacbi1|242662|e_gww1.1.484.1_255-328_1B6A:A:375-448	0	5	0	3	0	8	5	4	0	74
jgi|Lacbi1|301205|eu2.Lbscf0001g06540_177-417_1JJI:A:	0	8	5	11	0	21	17	19	0	311
jgi|Lacbi1|301206|eu2.Lbscf0001g06550_4-300_1ZWX:A:41-333	6	14	2	5	0	34	21	18	0	293
jgi|Lacbi1|301207|eu2.Lbscf0001g06560_8-155_1JKG:A:	0	6	1	2	0	10	6	5	0	139
jgi|Lacbi1|301208|eu2.Lbscf0001g06570_491-1025_1UAA:A:2-307	4	8	4	13	0	27	16	15	0	306
jgi|Lacbi1|301208|eu2.Lbscf0001g06570_205-277_1SRO:A:	1	4	0	1	0	12	5	5	0	76
jgi|Lacbi1|243398|e_gww1.1.58.1_564-755,805-1100_2BMF:A:178-482	1	13	4	8	0	36	26	14	0	312
jgi|Lacbi1|181719|estExt_GeneWisePlus_human.C_11152_6-216_1IM5:A:	6	6	4	4	0	22	12	14	0	179
jgi|Lacbi1|301214|eu2.Lbscf0001g06630_26-352_2JFL:A:21-308	1	11	6	10	0	27	17	20	0	288
jgi|Lacbi1|228921|e_gwh1.1.926.1_3-106_2CVL:A:1-124	3	6	3	2	0	16	10	4	0	124
jgi|Lacbi1|301216|eu2.Lbscf0001g06650_40-303,466-642_1GW5:B:	0	0	4	32	0	42	43	37	0	579
jgi|Lacbi1|291720|estExt_fgenesh2_pg.C_10450_88-158_1E91:A:	0	0	0	4	0	8	6	3	0	85
jgi|Lacbi1|291720|estExt_fgenesh2_pg.C_10450_278-348_1G1E:B:	0	0	0	4	0	6	2	5	0	89
jgi|Lacbi1|291720|estExt_fgenesh2_pg.C_10450_478-539_1E91:A:	0	0	0	4	0	8	6	3	0	85
jgi|Lacbi1|291722|estExt_fgenesh2_pg.C_10452_231-346_1XXL:A:	5	8	2	9	0	23	10	12	0	238
jgi|Lacbi1|291724|estExt_fgenesh2_pg.C_10454_430-614,650-788_1FQV:A:146-431	8	13	3	8	0	55	21	24	0	286
jgi|Lacbi1|291724|estExt_fgenesh2_pg.C_10454_398-437_1FS1:A:109-149	0	0	2	3	0	6	2	3	0	41
jgi|Lacbi1|301226|eu2.Lbscf0001g06750_8-67_1WGF:A:	0	0	0	4	0	9	6	3	0	89
jgi|Lacbi1|243220|e_gww1.1.21.1_1122-1415_1OXW:A:	8	8	9	12	0	35	16	21	0	360
jgi|Lacbi1|243220|e_gww1.1.21.1_771-882_1CX4:A:266-412	0	6	2	5	0	15	4	7	0	147
jgi|Lacbi1|243220|e_gww1.1.21.1_618-667,701-765_1HW5:A:1-137	2	8	1	3	0	15	9	5	0	137
jgi|Lacbi1|243220|e_gww1.1.21.1_116-177,320-357_1VP6:A:	0	8	1	5	0	18	5	4	0	133
jgi|Lacbi1|229070|e_gwh1.1.1103.1_25-543_1DQU:A:	3	13	5	23	0	50	31	25	0	519
jgi|Lacbi1|149572|gww1.1.925.1_1-81_2AYV:A:1-146	3	4	1	4	0	19	8	10	0	145
jgi|Lacbi1|320896|fgenesh3_pg.C_scaffold_1000466_139-220_2HDD:B:	0	0	0	3	0	5	1	1	0	56
jgi|Lacbi1|320896|fgenesh3_pg.C_scaffold_1000466_21-88_1FJL:A:	0	0	0	3	0	5	1	1	0	65
jgi|Lacbi1|320896|fgenesh3_pg.C_scaffold_1000466_307-369_1FJL:A:	0	0	0	3	0	5	1	1	0	65
jgi|Lacbi1|301232|eu2.Lbscf0001g06810_216-236,293-477_2I7N:A:382-593	3	9	3	7	0	16	15	12	0	212
jgi|Lacbi1|301232|eu2.Lbscf0001g06810_44-62,125-236_2I7P:A:12-152	1	6	2	5	0	9	5	4	0	141
jgi|Lacbi1|228340|e_gwh1.1.589.1_13-298_1CKI:A:	5	10	3	10	0	30	14	16	0	299
jgi|Lacbi1|181144|estExt_GeneWisePlus_human.C_10151_196-446_1FGX:A:	6	11	2	6	0	34	20	14	0	272
jgi|Lacbi1|320903|fgenesh3_pg.C_scaffold_1000473_186-279_1AN4:A:	0	0	0	2	0	4	3	3	0	64
jgi|Lacbi1|301245|eu2.Lbscf0001g06940_191-262_1HLO:A:	0	0	1	4	0	4	2	2	0	80
jgi|Lacbi1|192425|estExt_fgenesh1_kg.C_10038_8-110_1H7C:A:	0	0	1	4	0	5	2	3	0	103
jgi|Lacbi1|243353|e_gww1.1.1166.1_348-422_1UFM:A:	0	3	0	3	0	8	7	3	0	83
jgi|Lacbi1|301255|eu2.Lbscf0001g07040_1964-2239_1BO1:A:	1	12	2	8	0	33	23	12	0	383
jgi|Lacbi1|301255|eu2.Lbscf0001g07040_575-742_1GML:A:	3	9	2	3	0	17	13	5	0	169
jgi|Lacbi1|301255|eu2.Lbscf0001g07040_217-284_1DVP:A:149-220	2	4	1	1	0	12	5	4	0	72
jgi|Lacbi1|301256|eu2.Lbscf0001g07050_58-284_1AD2:A:	2	9	3	6	0	31	15	17	0	224
jgi|Lacbi1|301270|eu2.Lbscf0001g07190_163-329_2CQ3:A:110-202	0	6	1	2	0	13	6	5	0	90
jgi|Lacbi1|148181|gww1.1.776.1_1-168_1HUQ:A:	0	6	2	5	0	16	9	9	0	164
jgi|Lacbi1|301272|eu2.Lbscf0001g07210_314-711_1NVU:S:	2	4	4	21	0	35	21	23	0	481
jgi|Lacbi1|301272|eu2.Lbscf0001g07210_40-119_1NEG:A:	3	5	1	0	0	9	4	4	0	82
jgi|Lacbi1|301274|eu2.Lbscf0001g07230_126-285_2I6G:A:1-198	3	7	1	6	0	17	8	11	0	198
jgi|Lacbi1|301280|eu2.Lbscf0001g07290_13-693_1MQS:A:	4	14	2	25	0	48	32	27	0	653
jgi|Lacbi1|187174|estExt_GeneWisePlus_worm.C_10816_215-253,291-574_1SU1:A:	4	11	1	3	0	23	10	12	0	184
jgi|Lacbi1|301285|eu2.Lbscf0001g07340_187-347_1G12:A:	2	4	3	7	0	20	11	6	0	167
jgi|Lacbi1|301286|eu2.Lbscf0001g07350_120-290_1YRG:A:	3	14	2	12	0	46	15	21	0	343
jgi|Lacbi1|301287|eu2.Lbscf0001g07360_2-108_1FIT:A:	0	7	3	2	0	15	9	6	0	146
jgi|Lacbi1|301289|eu2.Lbscf0001g07380_51-173_1IA8:A:	5	12	5	7	0	36	16	18	0	275
jgi|Lacbi1|301290|eu2.Lbscf0001g07390_6-293_1S7J:A:	0	18	1	6	0	24	19	10	0	260
jgi|Lacbi1|301293|eu2.Lbscf0001g07420_6-56_1XUB:A:1-128	0	9	1	2	0	13	10	5	0	128
jgi|Lacbi1|301294|eu2.Lbscf0001g07430_199-386_1PGV:A:	2	5	0	7	0	21	9	7	0	167
jgi|Lacbi1|301296|eu2.Lbscf0001g07450_124-172_1JM7:A:	2	0	1	3	0	11	9	5	0	103
jgi|Lacbi1|186951|estExt_GeneWisePlus_worm.C_10430_273-335_1UDL:A:	4	5	0	0	0	15	12	3	0	97
jgi|Lacbi1|301299|eu2.Lbscf0001g07480_28-127,159-235_1S7K:A:3-176	0	8	2	4	0	13	5	6	0	177
jgi|Lacbi1|305745|eu2.Lbscf0002g08030_6-46_1X4S:A:8-53	0	4	1	1	0	8	3	3	0	46
jgi|Lacbi1|305750|eu2.Lbscf0002g08080_485-541,933-1071,1135-1153,1185-1217_1TZD:A:	3	7	1	9	0	32	16	14	0	256
jgi|Lacbi1|305751|eu2.Lbscf0002g08090_245-333_1JXS:A:	0	3	0	4	0	10	8	5	0	98
jgi|Lacbi1|305751|eu2.Lbscf0002g08090_25-149_1G3G:A:	0	11	0	3	0	24	14	7	0	164
jgi|Lacbi1|181880|estExt_GeneWisePlus_human.C_20007_1-125_1IFQ:A:	0	5	1	3	0	8	4	9	0	137
jgi|Lacbi1|181880|estExt_GeneWisePlus_human.C_20007_135-198_1GL2:A:	0	0	0	1	0	2	0	0	0	64
jgi|Lacbi1|187873|estExt_GeneWisePlus_worm.C_20611_1-265_1IY8:A:	6	7	4	9	0	26	14	15	0	258
jgi|Lacbi1|169007|gwh1.2.1027.1_3-139_1Q5H:C:	3	12	0	1	0	23	8	7	0	146
jgi|Lacbi1|229555|e_gwh1.2.531.1_19-205_1R55:A:	2	5	4	5	0	24	11	10	0	213
jgi|Lacbi1|244827|e_gww1.2.783.1_8-89_1HB6:A:	0	0	1	4	0	9	3	3	0	86
jgi|Lacbi1|292173|estExt_fgenesh2_pg.C_20533_6-189_1M6H:A:1-162,A:339-373	4	11	2	4	0	25	15	14	1	197
jgi|Lacbi1|292173|estExt_fgenesh2_pg.C_20533_170-344_1M6H:A:163-338	2	7	4	8	0	23	12	12	0	176
jgi|Lacbi1|292173|estExt_fgenesh2_pg.C_20533_329-378_1M6H:A:1-162,A:339-373	4	11	2	4	0	25	15	14	1	197
jgi|Lacbi1|305767|eu2.Lbscf0002g08250_13-102_1V9J:A:	0	3	1	4	0	13	10	2	0	112
jgi|Lacbi1|305768|eu2.Lbscf0002g08260_57-203_1G6Q:1:	7	15	2	8	0	32	15	22	0	328
jgi|Lacbi1|305769|eu2.Lbscf0002g08270_37-92_1Z0N:A:77-163	0	10	1	0	0	14	6	6	0	87
jgi|Lacbi1|188045|estExt_GeneWisePlus_worm.C_20901_45-285_1F60:A:2-240	2	8	3	8	0	25	15	13	0	239
jgi|Lacbi1|188045|estExt_GeneWisePlus_worm.C_20901_363-461_1JNY:A:323-429	2	9	1	0	0	13	7	7	0	107
jgi|Lacbi1|188045|estExt_GeneWisePlus_worm.C_20901_262-357_1JNY:A:228-322	2	10	2	0	0	11	5	7	0	95
jgi|Lacbi1|164012|gwh1.2.727.1_12-100_1QVC:A:	0	7	0	1	0	20	11	4	0	145
jgi|Lacbi1|182157|estExt_GeneWisePlus_human.C_20489_320-371_1CHC:A:	0	3	0	1	0	9	8	3	0	68
jgi|Lacbi1|305779|eu2.Lbscf0002g08370_430-697_3B60:A:329-581	4	10	2	9	0	24	18	16	0	253
jgi|Lacbi1|171534|estExt_Genewise1_human.C_20975_2-179_1FB1:A:	0	5	2	7	0	19	10	9	0	196
jgi|Lacbi1|305783|eu2.Lbscf0002g08410_35-228_1K30:A:	2	9	5	14	0	31	12	16	0	367
jgi|Lacbi1|322047|fgenesh3_pg.C_scaffold_2000581_82-217,269-316_1A0R:P:	0	5	1	7	0	18	12	12	0	218
jgi|Lacbi1|322048|fgenesh3_pg.C_scaffold_2000582_195-347_1FQV:A:146-431	8	13	3	8	0	55	21	24	0	286
jgi|Lacbi1|305803|eu2.Lbscf0002g08610_51-317_1FHF:A:	6	2	6	12	0	29	25	22	0	304
jgi|Lacbi1|305811|eu2.Lbscf0002g08690_232-282_1CLD:A:	0	0	0	2	0	4	2	1	0	33
jgi|Lacbi1|305812|eu2.Lbscf0002g08700_358-489_1CSN:A:	3	10	2	9	0	31	12	17	0	293
jgi|Lacbi1|305814|eu2.Lbscf0002g08720_907-971_1X3H:A:43-74	2	2	0	1	0	6	5	0	0	32
jgi|Lacbi1|305814|eu2.Lbscf0002g08720_843-908_2CUQ:A:8-42	0	2	0	0	0	6	3	2	0	35
jgi|Lacbi1|305817|eu2.Lbscf0002g08750_49-85_1QMH:A:5-184,A:280-338	5	11	0	7	0	25	12	12	1	239
jgi|Lacbi1|305823|eu2.Lbscf0002g08810_156-220_1X3H:A:43-74	2	2	0	1	0	6	5	0	0	32
jgi|Lacbi1|152397|gww1.2.916.1_1-366_1TQY:A:219-423	5	7	2	5	0	21	7	8	0	166
jgi|Lacbi1|292187|estExt_fgenesh2_pg.C_20574_145-316_1RII:A:	6	6	3	10	0	29	11	15	0	243
jgi|Lacbi1|305831|eu2.Lbscf0002g08890_194-404_1IQP:A:2-232	0	7	4	13	0	20	11	14	0	231
jgi|Lacbi1|305831|eu2.Lbscf0002g08890_633-673,793-868_2FF4:A:105-283	2	0	2	8	0	9	4	10	0	179
jgi|Lacbi1|244034|e_gww1.2.877.1_4-47,84-366_2OCD:A:2-337	4	17	4	9	0	39	20	21	0	336
jgi|Lacbi1|187542|estExt_GeneWisePlus_worm.C_20029_301-683_1V8Z:A:1-386	8	14	4	15	0	30	22	23	0	386
jgi|Lacbi1|187542|estExt_GeneWisePlus_worm.C_20029_1-257_1GEQ:A:	1	8	3	11	0	24	9	11	0	248
jgi|Lacbi1|305835|eu2.Lbscf0002g08930_10-94,146-362_1VB5:A:	3	12	4	9	0	31	10	13	0	274
jgi|Lacbi1|243891|e_gww1.2.142.1_29-226_1N0U:A:3-343	9	9	5	14	0	30	13	15	0	341
jgi|Lacbi1|243891|e_gww1.2.142.1_190-306_2BV3:A:283-403	1	12	0	0	0	15	9	9	0	121
jgi|Lacbi1|243891|e_gww1.2.142.1_426-525_2BV3:A:600-688	0	4	2	3	0	5	0	4	0	89
jgi|Lacbi1|243891|e_gww1.2.142.1_317-395_1WDT:A:378-454	0	4	0	2	0	6	3	3	0	77
jgi|Lacbi1|305843|eu2.Lbscf0002g09010_25-237,265-270,309-361_1T5J:A:	6	2	4	16	0	25	14	17	0	312
jgi|Lacbi1|181979|estExt_GeneWisePlus_human.C_20200_16-71_1OMW:G:	0	0	1	2	0	6	2	4	0	61
jgi|Lacbi1|305855|eu2.Lbscf0002g09130_19-70_1OMW:G:	0	0	1	2	0	6	2	4	0	61
jgi|Lacbi1|322093|fgenesh3_pg.C_scaffold_2000627_81-136_1TI3:A:	0	5	0	4	0	9	5	5	0	113
jgi|Lacbi1|305858|eu2.Lbscf0002g09160_22-142_1BQK:A:	1	8	1	2	0	18	5	10	0	124
jgi|Lacbi1|292201|estExt_fgenesh2_pg.C_20599_21-130_1BYP:A:	2	8	1	1	0	19	9	7	0	99
jgi|Lacbi1|143319|gww1.2.248.1_115-413,447-575_1LW3:A:199-586	4	7	4	16	0	45	18	24	0	388
jgi|Lacbi1|143319|gww1.2.248.1_13-105_1PFJ:A:	2	7	0	1	0	16	9	3	0	108
jgi|Lacbi1|188038|estExt_GeneWisePlus_worm.C_20885_250-392_1QM4:A:253-396	1	3	1	4	0	20	15	11	0	144
jgi|Lacbi1|188038|estExt_GeneWisePlus_worm.C_20885_125-249_1QM4:A:129-252	0	4	0	2	0	11	11	7	0	124
jgi|Lacbi1|188038|estExt_GeneWisePlus_worm.C_20885_16-123_2P02:A:38-147	0	6	1	3	0	9	3	7	0	110
jgi|Lacbi1|305864|eu2.Lbscf0002g09220_291-524_1ECF:A:250-492	3	8	2	8	0	27	12	14	0	243
jgi|Lacbi1|305864|eu2.Lbscf0002g09220_38-296_1ECF:A:1-249	2	13	1	7	0	30	14	12	0	249
jgi|Lacbi1|229936|e_gwh1.2.512.1_116-210_1TUA:A:85-188	0	3	1	5	0	6	1	5	0	104
jgi|Lacbi1|305867|eu2.Lbscf0002g09250_833-1102_1QCF:A:249-531	6	7	5	10	0	31	17	17	0	282
jgi|Lacbi1|305870|eu2.Lbscf0002g09280_247-515_1SXJ:A:295-547	1	5	4	11	0	21	18	23	0	253
jgi|Lacbi1|305871|eu2.Lbscf0002g09290_65-147_1NEX:B:270-369	0	0	0	7	0	9	5	6	0	100
jgi|Lacbi1|187852|estExt_GeneWisePlus_worm.C_20573_2-420_1PV7:A:	0	0	2	22	0	18	12	14	0	417
jgi|Lacbi1|187883|estExt_GeneWisePlus_worm.C_20628_2-152_1U9A:A:	2	4	1	4	0	20	9	11	0	160
jgi|Lacbi1|305879|eu2.Lbscf0002g09370_241-332_1FKM:A:443-630	0	0	1	8	0	10	3	8	0	188
jgi|Lacbi1|305882|eu2.Lbscf0002g09400_37-487_1PV7:A:	0	0	2	22	0	18	12	14	0	417
jgi|Lacbi1|290764|estExt_fgenesh2_pm.C_20072_13-462_1AOS:A:	0	6	4	20	0	37	16	22	0	443
jgi|Lacbi1|244189|e_gww1.2.529.1_19-232_1FIO:A:	0	0	0	6	0	7	2	5	0	196
jgi|Lacbi1|305885|eu2.Lbscf0002g09430_4-69_1WG2:A:	0	2	0	0	0	15	11	4	0	63
jgi|Lacbi1|244612|e_gww1.2.307.1_19-423_1YAA:A:	2	13	2	16	0	44	15	26	0	412
jgi|Lacbi1|305888|eu2.Lbscf0002g09460_127-294,468-900_1B3U:A:	0	0	8	44	0	40	26	36	0	588
jgi|Lacbi1|229516|e_gwh1.2.849.1_181-494_1IXK:A:	0	13	5	10	0	28	19	14	0	313
jgi|Lacbi1|142306|gww1.2.157.1_2-277,350-366_1LVW:A:	1	14	3	11	0	29	22	21	0	294
jgi|Lacbi1|142306|gww1.2.157.1_242-404_1HM9:A:252-459	3	28	3	0	0	55	16	17	0	208
jgi|Lacbi1|142306|gww1.2.157.1_493-618_1PAQ:A:	0	0	2	8	0	9	4	8	0	161
jgi|Lacbi1|305900|eu2.Lbscf0002g09580_5-242_1VKH:A:	0	7	6	9	0	28	7	18	0	272
jgi|Lacbi1|305901|eu2.Lbscf0002g09590_34-440_1QZ9:A:	7	13	7	13	1	43	24	27	0	404
jgi|Lacbi1|292224|estExt_fgenesh2_pg.C_20629_236-293_1E6F:A:	7	10	2	0	0	16	8	7	0	134
jgi|Lacbi1|182393|estExt_GeneWisePlus_human.C_20914_340-438,468-653_1WRB:A:164-401	2	8	2	8	0	26	18	9	0	238
jgi|Lacbi1|305908|eu2.Lbscf0002g09660_8-117_1D3B:A:	0	5	1	1	0	8	3	4	0	72
jgi|Lacbi1|305911|eu2.Lbscf0002g09690_47-164_1T43:A:	2	9	3	11	0	29	18	14	0	274
jgi|Lacbi1|305912|eu2.Lbscf0002g09700_266-321,511-691_1XCG:A:714-941	0	1	2	11	0	8	9	10	0	228
jgi|Lacbi1|188009|estExt_GeneWisePlus_worm.C_20835_213-260,290-522_1CT9:A:193-516	0	5	6	17	0	28	12	15	0	324
jgi|Lacbi1|188009|estExt_GeneWisePlus_worm.C_20835_1-199_1CT9:A:1-192	1	12	3	3	0	22	12	14	0	192
jgi|Lacbi1|305914|eu2.Lbscf0002g09720_34-243_1FIO:A:	0	0	0	6	0	7	2	5	0	196
jgi|Lacbi1|305916|eu2.Lbscf0002g09740_697-930_1IXZ:A:	2	5	3	11	0	25	13	15	0	247
jgi|Lacbi1|305917|eu2.Lbscf0002g09750_191-244_1E4U:A:	4	0	0	1	0	16	10	5	0	78
jgi|Lacbi1|305921|eu2.Lbscf0002g09790_216-569_1NBF:A:	6	16	6	11	0	38	19	20	0	347
jgi|Lacbi1|305921|eu2.Lbscf0002g09790_49-204_2CR2:A:8-153	4	10	1	1	0	22	13	6	0	146
jgi|Lacbi1|188044|estExt_GeneWisePlus_worm.C_20900_26-457_2CTS:A:	5	2	3	20	0	34	18	23	0	437
jgi|Lacbi1|229206|e_gwh1.2.851.1_42-418_2NPP:B:28-415	0	0	6	18	0	30	22	21	0	388
jgi|Lacbi1|171471|estExt_Genewise1_human.C_20846_5-188_1BUP:A:4-188	0	12	1	6	0	18	7	13	0	185
jgi|Lacbi1|171471|estExt_Genewise1_human.C_20846_193-383_1HJO:A:189-382	1	6	2	6	0	13	8	10	0	194
jgi|Lacbi1|171471|estExt_Genewise1_human.C_20846_387-544_1CKR:A:	1	10	0	2	0	15	14	9	0	159
jgi|Lacbi1|171471|estExt_Genewise1_human.C_20846_539-620_1UD0:A:	0	0	1	3	0	3	3	4	0	112
jgi|Lacbi1|305928|eu2.Lbscf0002g09860_40-84_1PYI:A:30-71	0	2	0	2	0	6	1	3	0	42
jgi|Lacbi1|305931|eu2.Lbscf0002g09890_203-383_1ZH8:A:132-275	2	8	2	3	0	12	7	8	0	144
jgi|Lacbi1|305931|eu2.Lbscf0002g09890_43-263_1TLT:A:5-127,A:268-308	1	5	2	8	0	16	11	11	1	164
jgi|Lacbi1|305932|eu2.Lbscf0002g09900_437-545,581-667_1FKM:A:249-442	2	0	8	8	0	13	13	10	0	194
jgi|Lacbi1|305932|eu2.Lbscf0002g09900_642-765_1FKM:A:443-630	0	0	1	8	0	10	3	8	0	188
jgi|Lacbi1|305933|eu2.Lbscf0002g09910_108-143,215-420_2FDI:A:15-214	8	12	1	2	0	25	12	13	0	200
jgi|Lacbi1|305937|eu2.Lbscf0002g09950_535-615_2DIT:A:8-106	0	6	1	3	0	13	9	6	0	99
jgi|Lacbi1|322150|fgenesh3_pg.C_scaffold_2000684_84-166,193-209_1FKM:A:249-442	2	0	8	8	0	13	13	10	0	194
jgi|Lacbi1|322150|fgenesh3_pg.C_scaffold_2000684_249-351_1FKM:A:443-630	0	0	1	8	0	10	3	8	0	188
jgi|Lacbi1|305939|eu2.Lbscf0002g09970_1-247_2F6Q:A:108-352	3	10	4	10	0	22	13	14	0	245
jgi|Lacbi1|187841|estExt_GeneWisePlus_worm.C_20555_8-297_1J1L:A:	3	26	3	1	0	39	19	20	0	288
jgi|Lacbi1|305942|eu2.Lbscf0002g10000_28-160,192-354_1ERJ:A:	2	30	1	1	0	43	24	22	0	388
jgi|Lacbi1|305943|eu2.Lbscf0002g10010_318-374_1T1H:A:	2	3	0	2	0	10	5	5	0	77
jgi|Lacbi1|322155|fgenesh3_pg.C_scaffold_2000689_332-367,451-716,755-798_1IAL:A:	0	0	4	28	0	36	22	21	0	453
jgi|Lacbi1|292242|estExt_fgenesh2_pg.C_20659_79-244_1TFF:A:	3	4	2	10	0	17	9	11	0	228
jgi|Lacbi1|187666|estExt_GeneWisePlus_worm.C_20235_15-585_1GW5:B:	0	0	4	32	0	42	43	37	0	579
jgi|Lacbi1|322158|fgenesh3_pg.C_scaffold_2000692_155-255_2PLT:A:	0	9	2	1	0	18	7	5	0	98
jgi|Lacbi1|188129|estExt_GeneWisePlus_worm.C_21045_32-180_1XHC:A:1-103,A:226-289	4	11	2	5	0	18	13	9	1	165
jgi|Lacbi1|188129|estExt_GeneWisePlus_worm.C_21045_160-291_1B37:A:5-293,A:406-463	9	15	3	12	0	38	24	22	1	347
jgi|Lacbi1|305951|eu2.Lbscf0002g10090_6-149_1KPP:A:	2	8	0	4	0	19	11	7	0	144
jgi|Lacbi1|305951|eu2.Lbscf0002g10090_438-498_2F6M:A:322-385	0	0	0	2	0	3	1	2	0	64
jgi|Lacbi1|171034|estExt_Genewise1_human.C_20054_190-304_1K30:A:	2	9	5	14	0	31	12	16	0	367
jgi|Lacbi1|171034|estExt_Genewise1_human.C_20054_3-89_1K30:A:	2	9	5	14	0	31	12	16	0	367
jgi|Lacbi1|187752|estExt_GeneWisePlus_worm.C_20393_75-363_1C22:A:	5	16	2	4	0	34	13	15	0	262
jgi|Lacbi1|145994|gww1.2.472.1_17-317_1VB5:A:	3	12	4	9	0	31	10	13	0	274
jgi|Lacbi1|305961|eu2.Lbscf0002g10190_2-144_2I53:A:14-157	0	0	2	7	0	14	7	6	0	144
jgi|Lacbi1|305961|eu2.Lbscf0002g10190_145-210_2IVX:A:150-262	0	0	2	5	0	9	3	6	0	113
jgi|Lacbi1|182360|estExt_GeneWisePlus_human.C_20865_9-254_1XG5:A:	2	7	3	9	0	23	11	14	0	278
jgi|Lacbi1|305970|eu2.Lbscf0002g10280_6-290_1MLV:A:50-310	4	6	3	8	0	32	19	16	0	261
jgi|Lacbi1|244075|e_gww1.2.690.1_18-147_1D2T:A:	0	0	2	13	0	18	11	13	0	224
jgi|Lacbi1|187731|estExt_GeneWisePlus_worm.C_20354_15-113_1HDJ:A:	0	0	1	4	0	9	2	7	0	76
jgi|Lacbi1|305975|eu2.Lbscf0002g10330_78-185_1A4Y:A:	2	17	3	16	0	56	24	32	0	460
jgi|Lacbi1|305976|eu2.Lbscf0002g10340_84-93,128-166,200-382_1TXO:A:	3	11	3	6	0	26	12	11	0	235
jgi|Lacbi1|292256|estExt_fgenesh2_pg.C_20679_64-176,208-317,395-463_1QNR:A:	4	16	3	11	0	38	22	25	0	344
jgi|Lacbi1|319363|fgenesh3_pm.C_scaffold_2000088_34-87,210-264,459-473,511-688_1WP9:A:1-200	2	7	4	8	0	27	18	8	0	200
jgi|Lacbi1|305984|eu2.Lbscf0002g10420_355-415_1X6E:A:8-40	0	2	1	1	0	4	3	1	0	33
jgi|Lacbi1|305984|eu2.Lbscf0002g10420_402-458_2CSH:A:8-60	0	4	0	2	0	6	6	3	0	53
jgi|Lacbi1|187631|estExt_GeneWisePlus_worm.C_20169_323-470,522-944_1EG7:A:	4	25	8	18	0	59	33	37	0	549
jgi|Lacbi1|187631|estExt_GeneWisePlus_worm.C_20169_133-300_1A4I:A:127-296	4	5	1	6	0	22	8	10	0	170
jgi|Lacbi1|187631|estExt_GeneWisePlus_worm.C_20169_10-132_1A4I:A:2-126	1	4	1	4	0	14	5	6	0	125
jgi|Lacbi1|187879|estExt_GeneWisePlus_worm.C_20622_184-240_1DKG:A:139-197	2	6	0	0	0	7	3	3	0	59
jgi|Lacbi1|187879|estExt_GeneWisePlus_worm.C_20622_64-181_1DKG:B:38-138	2	6	0	0	0	7	3	3	0	57
jgi|Lacbi1|187846|estExt_GeneWisePlus_worm.C_20562_7-227_3DHW:C:1-240	3	10	1	7	0	21	17	12	0	240
jgi|Lacbi1|187980|estExt_GeneWisePlus_worm.C_20786_1-283_1S4N:A:	1	12	10	14	0	38	22	21	0	339
jgi|Lacbi1|305994|eu2.Lbscf0002g10520_68-385_1S4N:A:	1	12	10	14	0	38	22	21	0	339
jgi|Lacbi1|290773|estExt_fgenesh2_pm.C_20086_342-439,747-1019_1E8Y:A:726-1092	0	10	2	12	0	26	15	16	0	367
jgi|Lacbi1|244636|e_gww1.2.374.1_28-354_1M8Z:A:	0	2	4	27	0	17	16	26	0	339
jgi|Lacbi1|305999|eu2.Lbscf0002g10570_3-354_1GOJ:A:	6	14	5	9	0	36	20	25	0	354
jgi|Lacbi1|322203|fgenesh3_pg.C_scaffold_2000737_212-465_1GW5:A:	0	2	4	33	0	46	32	22	0	620
jgi|Lacbi1|322204|fgenesh3_pg.C_scaffold_2000738_403-462_1TBO:A:	2	3	0	0	0	13	9	2	0	66
jgi|Lacbi1|306007|eu2.Lbscf0002g10650_131-171_1BH9:A:	0	0	0	2	0	4	2	1	0	45
jgi|Lacbi1|306008|eu2.Lbscf0002g10660_5-114_2CQB:A:1-89	0	5	0	2	0	9	8	3	0	89
jgi|Lacbi1|306009|eu2.Lbscf0002g10670_110-317_1GZ8:A:	3	8	3	10	0	29	17	22	0	298
jgi|Lacbi1|187838|estExt_GeneWisePlus_worm.C_20550_52-583_1BVZ:A:121-502	10	8	6	13	0	46	25	26	0	382
jgi|Lacbi1|187838|estExt_GeneWisePlus_worm.C_20550_1164-1619_1RZU:A:	12	18	3	21	0	50	30	28	0	477
jgi|Lacbi1|229328|e_gwh1.2.448.1_2-271_1F3M:C:	1	10	4	11	0	33	20	20	0	294
jgi|Lacbi1|182060|estExt_GeneWisePlus_human.C_20329_14-51,134-361,393-508_2DUL:A:3-377	4	17	1	14	0	30	24	14	0	375
jgi|Lacbi1|306014|eu2.Lbscf0002g10720_23-232_1XXL:A:	5	8	2	9	0	23	10	12	0	238
jgi|Lacbi1|306015|eu2.Lbscf0002g10730_110-300,355-469_2QV7:A:1-312	2	15	3	6	0	32	21	19	0	312
jgi|Lacbi1|306016|eu2.Lbscf0002g10740_215-324_2B3N:A:6-159	0	5	0	5	0	13	5	7	0	155
jgi|Lacbi1|187660|estExt_GeneWisePlus_worm.C_20225_37-196_2NN6:F:29-175	3	4	0	2	0	14	9	4	0	147
jgi|Lacbi1|187660|estExt_GeneWisePlus_worm.C_20225_173-254_2NN6:F:176-270	1	3	1	1	0	9	6	4	0	95
jgi|Lacbi1|306021|eu2.Lbscf0002g10790_73-481_1XKS:A:	4	28	4	3	0	43	16	22	0	403
jgi|Lacbi1|292278|estExt_fgenesh2_pg.C_20717_26-63_1ZRJ:A:1-37	0	0	1	2	0	4	2	1	0	37
jgi|Lacbi1|306024|eu2.Lbscf0002g10820_120-132,161-191_1UX5:A:	6	0	6	19	0	32	18	22	0	411
jgi|Lacbi1|306025|eu2.Lbscf0002g10830_177-384,421-458_1ERJ:A:	2	30	1	1	0	43	24	22	0	388
jgi|Lacbi1|182129|estExt_GeneWisePlus_human.C_20447_14-245_1XTP:A:	2	11	3	9	0	24	16	15	0	253
jgi|Lacbi1|187538|estExt_GeneWisePlus_worm.C_20019_5-84,130-218,272-307_1ORR:A:	4	16	2	12	0	37	11	17	0	346
jgi|Lacbi1|306030|eu2.Lbscf0002g10880_163-263_1BW3:A:	0	5	2	4	0	16	12	8	0	125
jgi|Lacbi1|306032|eu2.Lbscf0002g10900_54-217_1XXL:A:	5	8	2	9	0	23	10	12	0	238
jgi|Lacbi1|244818|e_gww1.2.212.1_45-361_1QZX:A:88-294	0	8	2	8	0	21	11	12	0	207
jgi|Lacbi1|244818|e_gww1.2.212.1_336-447_1QB2:A:	0	0	0	7	0	7	5	8	0	107
jgi|Lacbi1|306035|eu2.Lbscf0002g10930_20-280_2O14:A:160-367	5	5	3	8	0	27	8	18	0	208
jgi|Lacbi1|306038|eu2.Lbscf0002g10960_1-156_2B3Z:A:1-145	0	5	2	6	0	12	10	9	0	145
jgi|Lacbi1|229844|e_gwh1.2.37.1_332-430,466-690_3BZK:A:1-324	2	3	4	16	0	23	11	18	0	324
jgi|Lacbi1|229844|e_gwh1.2.37.1_709-865_3BZK:A:325-473	0	5	2	6	0	17	10	10	0	149
jgi|Lacbi1|229844|e_gwh1.2.37.1_874-965_3BZK:A:474-563	0	2	1	4	0	8	6	7	0	90
jgi|Lacbi1|229844|e_gwh1.2.37.1_985-1077_3BZK:A:564-636	0	0	3	4	0	9	5	4	0	73
jgi|Lacbi1|229844|e_gwh1.2.37.1_1220-1313_2CS0:A:8-113	3	4	0	2	0	17	14	5	0	106
jgi|Lacbi1|244225|e_gww1.2.600.1_3-129_1QUQ:A:	0	9	0	2	0	13	5	5	0	127
jgi|Lacbi1|244225|e_gww1.2.600.1_161-222_1DPU:A:	0	3	0	3	0	6	6	4	0	69
jgi|Lacbi1|306042|eu2.Lbscf0002g11000_17-145_1ELW:A:	0	0	0	7	0	11	0	7	0	117
jgi|Lacbi1|290778|estExt_fgenesh2_pm.C_20093_11-33,63-195,242-295_1SGV:A:3-235	2	12	2	5	0	18	10	13	0	233
jgi|Lacbi1|306052|eu2.Lbscf0002g11100_890-1062_1D4O:A:	1	6	5	7	0	19	11	11	0	177
jgi|Lacbi1|306052|eu2.Lbscf0002g11100_61-230_1F8G:A:1-143,A:327-384	0	10	9	7	0	21	8	12	1	201
jgi|Lacbi1|306052|eu2.Lbscf0002g11100_199-378_1F8G:A:144-326	2	9	2	5	0	24	12	14	0	183
jgi|Lacbi1|292294|estExt_fgenesh2_pg.C_20736_986-1115_1KZY:C:1714-1866	1	6	1	4	0	12	6	7	0	153
jgi|Lacbi1|292294|estExt_fgenesh2_pg.C_20736_849-887_1SSF:A:7-60	0	5	0	0	0	8	4	4	0	54
jgi|Lacbi1|306057|eu2.Lbscf0002g11150_2-66_2DNT:A:8-73	2	3	1	1	0	13	7	4	0	65
jgi|Lacbi1|229662|e_gwh1.2.92.1_471-767_1Z3I:X:390-735	0	10	6	11	0	41	29	23	0	346
jgi|Lacbi1|229662|e_gwh1.2.92.1_205-469_1Z3I:X:92-389	0	9	4	12	0	34	20	12	0	298
jgi|Lacbi1|306059|eu2.Lbscf0002g11170_318-377_1GYF:A:	2	4	1	1	0	9	7	2	0	62
jgi|Lacbi1|306060|eu2.Lbscf0002g11180_3-308_2CNQ:A:2-305	4	15	2	7	0	29	17	19	0	304
jgi|Lacbi1|322240|fgenesh3_pg.C_scaffold_2000774_154-479_1OT5:A:123-460	10	9	5	8	0	46	22	27	0	338
jgi|Lacbi1|322240|fgenesh3_pg.C_scaffold_2000774_482-630_1OT5:A:461-599	1	9	1	1	0	15	4	6	0	139
jgi|Lacbi1|306064|eu2.Lbscf0002g11220_446-713_1SXJ:C:12-238	3	5	3	12	0	22	13	12	0	227
jgi|Lacbi1|229195|e_gwh1.2.161.1_164-403_2NMT:A:219-455	1	12	3	6	0	27	15	14	0	237
jgi|Lacbi1|229195|e_gwh1.2.161.1_2-163_1NMT:A:60-224	0	8	3	3	0	17	10	9	0	165
jgi|Lacbi1|182156|estExt_GeneWisePlus_human.C_20487_42-277_1IVH:A:6-241	3	8	6	7	0	20	10	16	0	236
jgi|Lacbi1|182156|estExt_GeneWisePlus_human.C_20487_265-414_1IVH:A:242-392	1	2	2	6	0	5	3	8	0	151
jgi|Lacbi1|187973|estExt_GeneWisePlus_worm.C_20774_146-421_1E79:D:82-357	4	12	5	8	0	32	21	15	0	276
jgi|Lacbi1|187973|estExt_GeneWisePlus_worm.C_20774_419-535_1E79:D:358-475	0	0	2	6	0	9	7	4	0	118
jgi|Lacbi1|187973|estExt_GeneWisePlus_worm.C_20774_67-143_1MAB:B:1-81	1	7	0	0	0	12	6	5	0	81
jgi|Lacbi1|306075|eu2.Lbscf0002g11330_9-173_1FSI:A:	2	7	1	4	0	18	1	7	0	188
jgi|Lacbi1|306076|eu2.Lbscf0002g11340_8-46_2D8Q:A:8-64	4	0	0	2	0	9	3	2	0	57
jgi|Lacbi1|244298|e_gww1.2.182.1_16-329_1SR9:A:61-370	6	8	4	11	0	32	18	18	0	310
jgi|Lacbi1|244298|e_gww1.2.182.1_479-594_1SR9:A:492-643	0	6	0	2	0	7	5	4	0	152
jgi|Lacbi1|244298|e_gww1.2.182.1_397-445_1SR9:A:437-491	0	0	0	3	0	3	1	2	0	55
jgi|Lacbi1|306080|eu2.Lbscf0002g11380_509-563_1C07:A:	0	2	0	4	0	11	7	6	0	95
jgi|Lacbi1|306081|eu2.Lbscf0002g11390_5-107_1LXJ:A:	0	4	0	3	0	8	5	4	0	104
jgi|Lacbi1|306082|eu2.Lbscf0002g11400_794-1082,1154-1290_1DCT:A:	8	11	10	8	0	35	20	17	0	324
jgi|Lacbi1|192472|estExt_fgenesh1_kg.C_20030_34-260_2GYC:B:1-209	1	11	1	3	0	28	16	8	0	209
jgi|Lacbi1|244431|e_gww1.2.370.1_20-339_1OKC:A:	0	0	6	11	0	19	10	9	0	292
jgi|Lacbi1|181994|estExt_GeneWisePlus_human.C_20220_2-125,389-507_1A6D:B:20-144,B:404-521	0	8	0	10	0	16	4	15	1	243
jgi|Lacbi1|181994|estExt_GeneWisePlus_human.C_20220_189-360_1Q3Q:A:217-369	3	9	2	3	0	18	15	4	0	153
jgi|Lacbi1|181994|estExt_GeneWisePlus_human.C_20220_125-193,353-388_1A6D:B:145-215,B:368-403	0	5	3	3	0	7	6	2	1	107
jgi|Lacbi1|322262|fgenesh3_pg.C_scaffold_2000796_65-367_1FOT:A:	5	9	4	10	0	37	20	19	0	316
jgi|Lacbi1|306097|eu2.Lbscf0002g11550_283-321_1GNF:A:	2	0	0	1	0	9	4	3	0	45
jgi|Lacbi1|306097|eu2.Lbscf0002g11550_42-114_1P97:A:	0	5	0	4	0	12	9	7	0	113
jgi|Lacbi1|306098|eu2.Lbscf0002g11560_17-295_1VL8:A:	2	7	6	9	0	25	10	14	0	251
jgi|Lacbi1|306099|eu2.Lbscf0002g11570_13-263,346-498_1II6:A:	4	14	4	9	0	34	19	15	0	350
jgi|Lacbi1|176615|estExt_Genewise1_worm.C_20390_13-308_1D3V:A:	6	8	6	10	0	33	12	16	0	308
jgi|Lacbi1|176573|estExt_Genewise1_worm.C_20313_22-401_1O4S:A:	2	12	4	14	0	38	16	21	0	375
jgi|Lacbi1|244678|e_gww1.2.163.1_417-533_1FIT:A:	0	7	3	2	0	15	9	6	0	146
jgi|Lacbi1|244678|e_gww1.2.163.1_315-363_1AAF:A:	0	0	2	0	0	11	7	2	0	55
jgi|Lacbi1|306103|eu2.Lbscf0002g11610_19-446_1QE3:A:	7	14	7	14	0	50	31	31	0	483
jgi|Lacbi1|306104|eu2.Lbscf0002g11620_18-92,136-215_1VCD:A:1-126	1	7	0	3	0	16	6	5	0	126
jgi|Lacbi1|306105|eu2.Lbscf0002g11630_165-348_1TA0:A:	2	9	6	4	0	24	13	9	0	196
jgi|Lacbi1|306105|eu2.Lbscf0002g11630_33-126_1V5T:A:	2	6	0	2	0	11	6	7	0	89
jgi|Lacbi1|306108|eu2.Lbscf0002g11660_3-127_1TQZ:A:1-133	1	7	0	2	0	22	14	2	0	133
jgi|Lacbi1|182219|estExt_GeneWisePlus_human.C_20585_1-368_1P3W:A:	8	12	2	12	0	39	22	27	0	391
jgi|Lacbi1|306110|eu2.Lbscf0002g11680_2-175_1X4A:A:9-103	0	6	1	2	0	11	6	3	0	96
jgi|Lacbi1|292320|estExt_fgenesh2_pg.C_20773_40-224,298-374_1HZD:A:	3	10	3	11	0	24	15	16	0	266
jgi|Lacbi1|306113|eu2.Lbscf0002g11710_44-475_2D0T:A:12-403	6	4	5	19	0	33	22	25	0	392
jgi|Lacbi1|182415|estExt_GeneWisePlus_human.C_20943_428-595_1L1O:C:	3	9	0	5	0	16	7	7	0	178
jgi|Lacbi1|182415|estExt_GeneWisePlus_human.C_20943_285-405_1FGU:A:299-426	1	7	1	2	0	17	6	5	0	128
jgi|Lacbi1|182415|estExt_GeneWisePlus_human.C_20943_168-280_1FGU:A:181-298	0	8	2	1	0	18	6	5	0	118
jgi|Lacbi1|182415|estExt_GeneWisePlus_human.C_20943_1-117_1EWI:A:	2	5	1	2	0	14	11	4	0	114
jgi|Lacbi1|244036|e_gww1.2.37.1_269-515_1Q2L:A:264-503	0	7	4	8	0	22	11	9	0	240
jgi|Lacbi1|244036|e_gww1.2.37.1_26-262_1Q2L:A:24-263	4	7	5	8	0	26	17	13	0	240
jgi|Lacbi1|244036|e_gww1.2.37.1_516-738_1Q2L:A:504-732	0	6	2	7	0	16	13	7	0	229
jgi|Lacbi1|244036|e_gww1.2.37.1_749-949_1Q2L:A:733-960	0	8	0	9	0	23	12	11	0	228
jgi|Lacbi1|243868|e_gww1.2.777.1_1-87_1QB3:A:	2	5	2	4	0	13	5	7	0	113
jgi|Lacbi1|306118|eu2.Lbscf0002g11760_210-360,395-449,484-578_2P6R:A:203-403	2	10	1	7	0	20	15	11	0	201
jgi|Lacbi1|306118|eu2.Lbscf0002g11760_766-922_2Q0Z:X:33-208	1	0	2	9	0	14	8	11	0	176
jgi|Lacbi1|306121|eu2.Lbscf0002g11790_9-349_1I9Z:A:	8	11	3	8	0	32	15	14	0	345
jgi|Lacbi1|292325|estExt_fgenesh2_pg.C_20783_4-208_1I6P:A:	1	5	1	10	0	18	11	13	0	214
jgi|Lacbi1|306124|eu2.Lbscf0002g11820_3-275_1HW6:A:	4	9	4	10	0	28	14	13	0	262
jgi|Lacbi1|230039|e_gwh1.2.514.1_3-117_1TFF:A:	3	4	2	10	0	17	9	11	0	228
jgi|Lacbi1|306129|eu2.Lbscf0002g11870_64-339_1HD7:A:	6	12	5	7	0	32	18	10	0	275
jgi|Lacbi1|306132|eu2.Lbscf0002g11900_204-278_1AXD:A:81-210	0	0	2	8	0	6	3	6	0	129
jgi|Lacbi1|306135|eu2.Lbscf0002g11930_175-464_1NBF:A:	6	16	6	11	0	38	19	20	0	347
jgi|Lacbi1|306135|eu2.Lbscf0002g11930_1055-1117_1NDD:A:	2	5	2	1	0	10	2	6	0	74
jgi|Lacbi1|306135|eu2.Lbscf0002g11930_897-976_1W6V:A:1-120	4	3	0	3	0	19	9	9	0	120
jgi|Lacbi1|306136|eu2.Lbscf0002g11940_726-814_1U2C:A:58-160	0	7	1	1	0	10	4	6	0	103
jgi|Lacbi1|292334|estExt_fgenesh2_pg.C_20794_237-340_1UOH:A:	0	0	1	14	0	27	7	20	0	223
jgi|Lacbi1|292334|estExt_fgenesh2_pg.C_20794_35-68_1HDJ:A:	0	0	1	4	0	9	2	7	0	76
jgi|Lacbi1|187928|estExt_GeneWisePlus_worm.C_20703_178-361_2CE7:A:150-402	2	5	6	9	0	24	12	16	0	253
jgi|Lacbi1|244288|e_gww1.2.555.1_1-235_1WZN:A:1-251	1	11	4	7	0	20	9	14	0	251
jgi|Lacbi1|188078|estExt_GeneWisePlus_worm.C_20966_21-201_1WC9:A:	0	4	2	5	0	14	7	9	0	161
jgi|Lacbi1|181913|estExt_GeneWisePlus_human.C_20080_2-107_2GY9:M:1-114	2	0	0	6	0	12	10	5	0	114
jgi|Lacbi1|306146|eu2.Lbscf0002g12040_100-213_1DFC:A:1008-1140	7	12	2	0	0	28	10	6	0	133
jgi|Lacbi1|292340|estExt_fgenesh2_pg.C_20801_10-182_1BYU:A:	4	8	3	8	0	20	8	14	0	202
jgi|Lacbi1|306148|eu2.Lbscf0002g12060_43-232,302-472,518-556_1PV7:A:	0	0	2	22	0	18	12	14	0	417
jgi|Lacbi1|292343|estExt_fgenesh2_pg.C_20804_186-360_1W4X:A:155-389	3	10	3	7	0	23	20	9	0	235
jgi|Lacbi1|292343|estExt_fgenesh2_pg.C_20804_12-260_1W4X:A:155-389	3	10	3	7	0	23	20	9	0	235
jgi|Lacbi1|292343|estExt_fgenesh2_pg.C_20804_296-501_1W4X:A:155-389	3	10	3	7	0	23	20	9	0	235
jgi|Lacbi1|244411|e_gww1.2.882.1_13-300_1CSN:A:	3	10	2	9	0	31	12	17	0	293
jgi|Lacbi1|292345|estExt_fgenesh2_pg.C_20806_100-358_1H2K:A:	3	17	6	8	0	41	17	19	0	335
jgi|Lacbi1|306155|eu2.Lbscf0002g12130_184-240_1XO8:A:	1	9	0	1	0	18	12	4	0	151
jgi|Lacbi1|306157|eu2.Lbscf0002g12150_306-464_1OTC:A:37-204	2	10	2	2	0	22	16	7	0	168
jgi|Lacbi1|306157|eu2.Lbscf0002g12150_506-590_1XJV:A:149-299	1	7	3	3	0	19	9	4	0	151
jgi|Lacbi1|306157|eu2.Lbscf0002g12150_640-765_1XJV:A:149-299	1	7	3	3	0	19	9	4	0	151
jgi|Lacbi1|319398|fgenesh3_pm.C_scaffold_2000123_1-170_2BFD:B:2-204	0	8	5	7	0	20	13	12	0	203
jgi|Lacbi1|319398|fgenesh3_pm.C_scaffold_2000123_182-277_1DTW:B:205-342	1	5	0	5	0	15	9	7	0	138
jgi|Lacbi1|292346|estExt_fgenesh2_pg.C_20812_221-265,321-478_2OVR:B:2365-2706	0	32	2	1	0	36	24	21	0	342
jgi|Lacbi1|244474|e_gww1.2.151.1_9-295_1V93:A:	0	8	2	11	0	28	13	16	0	292
jgi|Lacbi1|182447|estExt_GeneWisePlus_human.C_20989_16-186_1YZQ:A:14-177	0	6	2	6	0	16	11	9	0	164
jgi|Lacbi1|188073|estExt_GeneWisePlus_worm.C_20959_51-416_1YOV:B:12-437	9	12	6	13	0	48	22	26	0	426
jgi|Lacbi1|306168|eu2.Lbscf0002g12260_10-231_1QMH:A:5-184,A:280-338	5	11	0	7	0	25	12	12	1	239
jgi|Lacbi1|146719|gww1.2.523.1_117-219_1KYQ:A:151-273	2	2	2	5	0	7	5	2	0	123
jgi|Lacbi1|146719|gww1.2.523.1_8-122_1KYQ:A:1-150	1	8	4	3	0	19	8	8	0	150
jgi|Lacbi1|159735|gwh1.2.393.1_216-296_2BZ2:A:35-113	2	4	0	2	0	12	6	3	0	79
jgi|Lacbi1|159735|gwh1.2.393.1_150-172_2CQE:A:429-457	2	0	0	0	0	6	6	2	0	29
jgi|Lacbi1|187897|estExt_GeneWisePlus_worm.C_20649_1258-1628_1E8Y:A:726-1092	0	10	2	12	0	26	15	16	0	367
jgi|Lacbi1|187897|estExt_GeneWisePlus_worm.C_20649_1072-1234_1E8Y:A:525-725	0	0	2	12	0	15	8	11	0	201
jgi|Lacbi1|182255|estExt_GeneWisePlus_human.C_20657_1-131_1H3Q:A:	0	5	1	3	0	15	6	8	0	140
jgi|Lacbi1|306176|eu2.Lbscf0002g12340_12-48,91-143,172-271_1KLQ:A:	1	7	1	3	0	16	12	5	0	196
jgi|Lacbi1|306176|eu2.Lbscf0002g12340_526-588_1WEE:A:	0	3	0	1	0	15	10	3	0	71
jgi|Lacbi1|244097|e_gww1.2.154.1_3-288_2OVR:B:2365-2706	0	32	2	1	0	36	24	21	0	342
jgi|Lacbi1|306179|eu2.Lbscf0002g12370_1-171_1VG8:A:	2	6	3	5	0	18	16	7	0	184
jgi|Lacbi1|182050|estExt_GeneWisePlus_human.C_20311_15-212_1C41:A:	0	4	1	5	0	11	8	8	0	195
jgi|Lacbi1|322333|fgenesh3_pg.C_scaffold_2000867_22-235_1NI5:A:0-226	2	6	3	9	0	16	9	14	0	226
jgi|Lacbi1|306184|eu2.Lbscf0002g12420_120-334_1XHC:A:1-103,A:226-289	4	11	2	5	0	18	13	9	1	165
jgi|Lacbi1|306184|eu2.Lbscf0002g12420_275-442_1EBD:A:155-271	1	8	0	3	0	9	8	7	0	117
jgi|Lacbi1|306184|eu2.Lbscf0002g12420_449-522_1DTL:A:	2	2	3	8	0	13	5	7	0	156
jgi|Lacbi1|306187|eu2.Lbscf0002g12450_67-524_2AMX:A:20-376	2	8	5	19	0	34	15	18	0	357
jgi|Lacbi1|176650|estExt_Genewise1_worm.C_20452_234-334_1WVN:A:5-74	0	3	2	3	0	7	1	2	0	70
jgi|Lacbi1|176650|estExt_Genewise1_worm.C_20452_136-212_2AXY:A:11-81	0	3	1	3	0	7	2	0	0	71
jgi|Lacbi1|176650|estExt_Genewise1_worm.C_20452_52-129_2AXY:A:11-81	0	3	1	3	0	7	2	0	0	71
jgi|Lacbi1|229254|e_gwh1.2.501.1_16-210_2CXH:A:13-192	2	9	0	4	0	15	9	8	0	180
jgi|Lacbi1|181985|estExt_GeneWisePlus_human.C_20207_67-272_1RYP:L:	3	12	0	5	0	14	7	11	0	212
jgi|Lacbi1|306191|eu2.Lbscf0002g12490_8-124_1VKB:A:	2	7	2	2	0	16	12	9	0	160
jgi|Lacbi1|176816|estExt_Genewise1_worm.C_20747_4-124_2ALE:A:1-126	1	4	1	5	0	12	6	9	0	126
jgi|Lacbi1|306196|eu2.Lbscf0002g12540_48-222_2FUG:2:3-180	2	3	2	7	0	21	16	8	0	178
jgi|Lacbi1|306198|eu2.Lbscf0002g12560_26-113_1UST:A:	0	3	0	4	0	10	8	6	0	92
jgi|Lacbi1|306199|eu2.Lbscf0002g12570_94-374,416-562_1LCI:A:	7	27	4	15	0	64	28	38	0	541
jgi|Lacbi1|306200|eu2.Lbscf0002g12580_66-154_1UST:A:	0	3	0	4	0	10	8	6	0	92
jgi|Lacbi1|306201|eu2.Lbscf0002g12590_645-736_1L3G:A:	0	6	0	5	0	9	6	8	0	123
jgi|Lacbi1|155850|gwh1.2.40.1_728-1047_1M8Z:A:	0	2	4	27	0	17	16	26	0	339
jgi|Lacbi1|155850|gwh1.2.40.1_501-600_2CQI:A:1-90	0	5	0	2	0	9	5	4	0	90
jgi|Lacbi1|155850|gwh1.2.40.1_369-447_1P1T:A:	2	4	0	4	0	11	10	6	0	104
jgi|Lacbi1|304953|eu2.Lbscf0002g00110_116-288_1A41:A:	2	5	1	10	0	14	7	14	0	230
jgi|Lacbi1|304960|eu2.Lbscf0002g00180_9-179_1MOZ:A:	2	7	3	5	0	14	8	16	0	182
jgi|Lacbi1|321484|fgenesh3_pg.C_scaffold_2000018_81-273,377-442_2I0Z:A:1-192,A:362-420	4	15	6	8	0	27	12	15	1	251
jgi|Lacbi1|321485|fgenesh3_pg.C_scaffold_2000019_213-251,341-422,507-560_1VCP:A:	5	14	1	1	0	20	9	12	0	149
jgi|Lacbi1|304966|eu2.Lbscf0002g00240_949-997_1WD2:A:	0	0	2	0	0	10	10	2	0	59
jgi|Lacbi1|304966|eu2.Lbscf0002g00240_805-875_1CHC:A:	0	3	0	1	0	9	8	3	0	68
jgi|Lacbi1|229767|e_gwh1.2.86.1_3-288_1RTQ:A:	0	9	4	8	0	27	18	18	0	291
jgi|Lacbi1|229974|e_gwh1.2.289.1_2-464_1TQN:A:	5	9	7	18	0	43	20	30	0	472
jgi|Lacbi1|304976|eu2.Lbscf0002g00340_931-982_1WD2:A:	0	0	2	0	0	10	10	2	0	59
jgi|Lacbi1|304976|eu2.Lbscf0002g00340_793-872_1CHC:A:	0	3	0	1	0	9	8	3	0	68
jgi|Lacbi1|304976|eu2.Lbscf0002g00340_358-441_1X4A:A:9-103	0	6	1	2	0	11	6	3	0	96
jgi|Lacbi1|304976|eu2.Lbscf0002g00340_19-42_1RGO:A:187-220	2	0	1	1	0	7	4	2	0	34
jgi|Lacbi1|304985|eu2.Lbscf0002g00430_457-507_1WD2:A:	0	0	2	0	0	10	10	2	0	59
jgi|Lacbi1|304985|eu2.Lbscf0002g00430_340-378_1JM7:A:	2	0	1	3	0	11	9	5	0	103
jgi|Lacbi1|304985|eu2.Lbscf0002g00430_399-447_2CT7:A:8-80	1	4	0	1	0	15	9	2	0	73
jgi|Lacbi1|321501|fgenesh3_pg.C_scaffold_2000035_468-589_1SVP:A:	3	13	3	0	0	22	12	14	0	160
jgi|Lacbi1|321502|fgenesh3_pg.C_scaffold_2000036_643-761_1SGP:E:	2	17	0	2	0	22	9	13	0	185
jgi|Lacbi1|321504|fgenesh3_pg.C_scaffold_2000038_94-318_1U59:A:	2	12	4	8	0	31	10	17	0	286
jgi|Lacbi1|304993|eu2.Lbscf0002g00510_5-92_1A5J:A:1-55	0	0	0	3	0	9	8	2	0	55
jgi|Lacbi1|304995|eu2.Lbscf0002g00530_2-227_2FR1:A:1657-1915	2	9	2	10	0	25	12	17	0	259
jgi|Lacbi1|304996|eu2.Lbscf0002g00540_2-245_2FR1:A:1657-1915	2	9	2	10	0	25	12	17	0	259
jgi|Lacbi1|321507|fgenesh3_pg.C_scaffold_2000041_161-289_1FQV:A:146-431	8	13	3	8	0	55	21	24	0	286
jgi|Lacbi1|305001|eu2.Lbscf0002g00590_461-563_1E6I:A:	0	0	2	5	0	8	8	7	0	111
jgi|Lacbi1|305001|eu2.Lbscf0002g00590_130-197_1MM2:A:	2	0	0	0	0	14	8	4	0	60
jgi|Lacbi1|305001|eu2.Lbscf0002g00590_1064-1163_2QQR:A:956-1011	0	4	1	0	0	7	3	4	0	56
jgi|Lacbi1|305002|eu2.Lbscf0002g00600_22-135_2B5E:A:23-141	0	5	0	4	0	15	7	10	0	119
jgi|Lacbi1|230077|e_gwh1.2.450.1_1-279_1OKC:A:	0	0	6	11	0	19	10	9	0	292
jgi|Lacbi1|187687|estExt_GeneWisePlus_worm.C_20270_508-751_1ORV:A:509-766	1	8	3	8	0	22	14	18	0	258
jgi|Lacbi1|187687|estExt_GeneWisePlus_worm.C_20270_64-492_1ORV:A:39-508	12	36	3	4	0	53	35	31	0	470
jgi|Lacbi1|306206|eu2.Lbscf0002g12640_40-129,160-201,249-412_1Y44:A:1-307	11	14	2	7	0	35	16	14	0	307
jgi|Lacbi1|290801|estExt_fgenesh2_pm.C_20123_38-357_1H8F:A:	1	11	7	11	0	40	25	18	0	352
jgi|Lacbi1|306209|eu2.Lbscf0002g12670_632-1031_1NVU:S:	2	4	4	21	0	35	21	23	0	481
jgi|Lacbi1|306209|eu2.Lbscf0002g12670_223-460_1QPC:A:	3	11	3	9	0	32	11	19	0	272
jgi|Lacbi1|306213|eu2.Lbscf0002g12710_116-181_2CQG:A:96-185	0	5	1	2	0	10	8	2	0	90
jgi|Lacbi1|306213|eu2.Lbscf0002g12710_287-351_1FXL:A:37-118	0	6	0	2	0	9	4	5	0	82
jgi|Lacbi1|292374|estExt_fgenesh2_pg.C_20854_26-199_1WPX:B:501-719	2	9	4	3	0	25	14	10	0	219
jgi|Lacbi1|306215|eu2.Lbscf0002g12730_213-603_2BNX:A:133-475	0	0	1	17	0	20	13	25	0	343
jgi|Lacbi1|306215|eu2.Lbscf0002g12730_1142-1491_1V9D:A:	2	0	2	14	0	19	11	13	0	332
jgi|Lacbi1|322361|fgenesh3_pg.C_scaffold_2000895_70-636,674-846_1OE9:A:63-795	5	19	8	26	0	54	32	34	0	733
jgi|Lacbi1|322361|fgenesh3_pg.C_scaffold_2000895_5-49_1OE9:A:5-62	1	4	0	0	0	7	3	3	0	58
jgi|Lacbi1|306217|eu2.Lbscf0002g12750_5-47_1WFE:A:	0	4	2	0	0	15	9	4	0	85
jgi|Lacbi1|306217|eu2.Lbscf0002g12750_61-101_1WG2:A:	0	2	0	0	0	15	11	4	0	63
jgi|Lacbi1|192482|estExt_fgenesh1_kg.C_20040_3-102_1HDJ:A:	0	0	1	4	0	9	2	7	0	76
jgi|Lacbi1|192482|estExt_fgenesh1_kg.C_20040_255-341_1NLT:A:258-337	4	6	0	1	0	15	6	4	0	80
jgi|Lacbi1|192482|estExt_fgenesh1_kg.C_20040_137-207_1NLT:A:139-212	2	4	0	0	0	10	9	6	0	74
jgi|Lacbi1|192482|estExt_fgenesh1_kg.C_20040_112-145,211-253_1NLT:A:110-138,A:213-257	2	5	0	1	0	12	2	5	1	74
jgi|Lacbi1|171244|estExt_Genewise1_human.C_20432_6-291_1F89:A:	4	13	1	7	0	29	14	11	0	281
jgi|Lacbi1|306224|eu2.Lbscf0002g12820_1-235_2QV7:A:1-312	2	15	3	6	0	32	21	19	0	312
jgi|Lacbi1|244113|e_gww1.2.594.1_12-211_1UKZ:A:	0	5	0	9	0	18	10	10	0	196
jgi|Lacbi1|292380|estExt_fgenesh2_pg.C_20865_7-212,267-312_1K8K:C:	2	28	1	2	0	32	23	22	0	371
jgi|Lacbi1|230018|e_gwh1.2.213.1_29-84_2ALC:A:	0	0	0	4	0	11	7	5	0	65
jgi|Lacbi1|243973|e_gww1.2.680.1_36-109_2EY4:C:1-73	2	6	0	0	0	12	4	5	0	73
jgi|Lacbi1|291958|estExt_fgenesh2_pg.C_20049_210-413_1IXZ:A:	2	5	3	11	0	25	13	15	0	247
jgi|Lacbi1|305021|eu2.Lbscf0002g00790_49-390_1GQ6:A:	7	8	6	9	0	33	21	11	0	301
jgi|Lacbi1|321527|fgenesh3_pg.C_scaffold_2000061_204-240,327-412,496-549_1VCP:A:	5	14	1	1	0	20	9	12	0	149
jgi|Lacbi1|244493|e_gww1.2.575.1_90-220_1LPL:A:	1	7	1	1	0	13	9	5	0	95
jgi|Lacbi1|244493|e_gww1.2.575.1_1-87_1V6E:A:	4	5	0	1	0	16	9	6	0	94
jgi|Lacbi1|187856|estExt_GeneWisePlus_worm.C_20578_476-773_1OZ4:A:471-763	2	0	3	7	0	31	24	19	0	292
jgi|Lacbi1|187856|estExt_GeneWisePlus_worm.C_20578_204-464_1E32:A:201-458	3	5	4	12	0	28	13	14	0	258
jgi|Lacbi1|187856|estExt_GeneWisePlus_worm.C_20578_111-201_1E32:A:107-200	5	5	1	2	0	13	7	9	0	94
jgi|Lacbi1|187856|estExt_GeneWisePlus_worm.C_20578_25-109_1E32:A:21-106	0	6	0	2	0	14	4	9	0	86
jgi|Lacbi1|305031|eu2.Lbscf0002g00890_35-265_1TIB:A:	7	10	6	6	0	30	21	17	0	269
jgi|Lacbi1|305032|eu2.Lbscf0002g00900_24-255,319-466_1EQC:A:	4	8	10	10	0	47	30	30	0	394
jgi|Lacbi1|291967|estExt_fgenesh2_pg.C_20068_38-253_3TGL:A:	6	13	5	5	0	24	18	15	0	265
jgi|Lacbi1|150048|gww1.2.776.1_1-95_1HKS:A:	0	3	0	2	0	14	14	11	0	106
jgi|Lacbi1|305037|eu2.Lbscf0002g00950_171-296,417-467_2BNH:A:	5	17	2	16	0	59	26	25	0	456
jgi|Lacbi1|305037|eu2.Lbscf0002g00950_31-83_1FS1:A:109-149	0	0	2	3	0	6	2	3	0	41
jgi|Lacbi1|305038|eu2.Lbscf0002g00960_38-253_3TGL:A:	6	13	5	5	0	24	18	15	0	265
jgi|Lacbi1|321546|fgenesh3_pg.C_scaffold_2000080_195-412_1A4Y:A:	2	17	3	16	0	56	24	32	0	460
jgi|Lacbi1|305057|eu2.Lbscf0002g01150_1-143_1HQZ:1:	0	5	1	4	0	17	10	10	0	139
jgi|Lacbi1|305057|eu2.Lbscf0002g01150_661-726_1JO8:A:	3	5	1	0	0	9	3	3	0	58
jgi|Lacbi1|305057|eu2.Lbscf0002g01150_551-641_1JO8:A:	3	5	1	0	0	9	3	3	0	58
jgi|Lacbi1|321554|fgenesh3_pg.C_scaffold_2000088_68-248,325-389_1FQV:A:146-431	8	13	3	8	0	55	21	24	0	286
jgi|Lacbi1|321555|fgenesh3_pg.C_scaffold_2000089_5-156_1H65:A:	3	11	4	7	0	28	14	12	0	269
jgi|Lacbi1|244279|e_gww1.2.928.1_148-378_1K8K:B:154-343	0	8	3	7	0	23	11	15	0	190
jgi|Lacbi1|244279|e_gww1.2.928.1_5-155_1C0G:A:1-146	0	10	2	4	0	13	10	8	0	146
jgi|Lacbi1|305067|eu2.Lbscf0002g01250_11-260_1LHP:A:	0	10	3	9	0	29	18	12	0	309
jgi|Lacbi1|305086|eu2.Lbscf0002g01440_11-260_1LHP:A:	0	10	3	9	0	29	18	12	0	309
jgi|Lacbi1|305072|eu2.Lbscf0002g01300_16-136_1EM2:A:	2	12	1	4	0	21	7	12	0	214
jgi|Lacbi1|321568|fgenesh3_pg.C_scaffold_2000102_234-276_1QHK:A:	0	3	0	2	0	7	4	0	0	47
jgi|Lacbi1|305084|eu2.Lbscf0002g01420_298-498_2PSO:A:908-1104	1	10	2	3	0	23	10	7	0	197
jgi|Lacbi1|229556|e_gwh1.2.388.1_133-366_1K8K:B:154-343	0	8	3	7	0	23	11	15	0	190
jgi|Lacbi1|229556|e_gwh1.2.388.1_2-140_1ESV:A:6-146	0	10	1	3	0	12	10	8	0	141
jgi|Lacbi1|321574|fgenesh3_pg.C_scaffold_2000108_254-414,453-492_1SC3:A:,B:	4	11	2	6	0	32	19	15	1	261
jgi|Lacbi1|244728|e_gww1.2.900.1_14-416_1TQN:A:	5	9	7	18	0	43	20	30	0	472
jgi|Lacbi1|305101|eu2.Lbscf0002g01590_489-671_2PSO:A:908-1104	1	10	2	3	0	23	10	7	0	197
jgi|Lacbi1|305101|eu2.Lbscf0002g01590_12-249_1EM2:A:	2	12	1	4	0	21	7	12	0	214
jgi|Lacbi1|305101|eu2.Lbscf0002g01590_1000-1097,1138-1232_1LN1:A:	2	10	0	6	0	17	7	13	0	203
jgi|Lacbi1|305106|eu2.Lbscf0002g01640_17-77,121-231_2J0S:A:244-411	0	7	4	5	0	15	11	10	0	168
jgi|Lacbi1|321586|fgenesh3_pg.C_scaffold_2000120_220-264_1QHK:A:	0	3	0	2	0	7	4	0	0	47
jgi|Lacbi1|291979|estExt_fgenesh2_pg.C_20123_3-67_1JM7:A:	2	0	1	3	0	11	9	5	0	103
jgi|Lacbi1|305130|eu2.Lbscf0002g01880_27-125_1BUO:A:	0	3	1	6	0	11	5	4	0	121
jgi|Lacbi1|143274|gww1.2.239.1_1-465_2F2A:A:1-485	12	11	6	15	0	46	29	35	0	485
jgi|Lacbi1|244253|e_gww1.2.643.1_4-110_1U5T:C:2-125	0	3	2	2	0	13	9	5	0	124
jgi|Lacbi1|244253|e_gww1.2.643.1_105-176_1U5T:C:126-199	0	3	0	3	0	11	6	4	0	74
jgi|Lacbi1|187907|estExt_GeneWisePlus_worm.C_20669_52-287_1QG8:A:	2	9	4	8	0	22	13	12	0	255
jgi|Lacbi1|319284|fgenesh3_pm.C_scaffold_2000009_80-222_1I50:C:42-172	0	8	3	1	0	20	8	7	0	131
jgi|Lacbi1|319284|fgenesh3_pm.C_scaffold_2000009_42-85,249-336_1I50:C:3-41,C:173-268	2	3	1	3	0	17	12	4	1	135
jgi|Lacbi1|244290|e_gww1.2.539.1_162-230_1FP0:A:19-88	0	2	0	0	0	11	9	3	0	61
jgi|Lacbi1|305139|eu2.Lbscf0002g01970_549-597,647-723_2C2A:A:321-481	0	7	2	3	0	13	4	10	0	161
jgi|Lacbi1|305139|eu2.Lbscf0002g01970_943-985,1022-1101_1DCF:A:	0	5	0	5	0	14	9	5	0	134
jgi|Lacbi1|305140|eu2.Lbscf0002g01980_485-605_2CRF:A:8-144	1	7	0	1	0	12	10	3	0	137
jgi|Lacbi1|153780|gww1.2.992.1_12-152_2JFL:A:21-308	1	11	6	10	0	27	17	20	0	288
jgi|Lacbi1|305151|eu2.Lbscf0002g02090_273-315_1QHK:A:	0	3	0	2	0	7	4	0	0	47
jgi|Lacbi1|305155|eu2.Lbscf0002g02130_8-53_1NR0:A:2-312	4	27	1	0	0	38	22	20	0	311
jgi|Lacbi1|305164|eu2.Lbscf0002g02220_2-165_1GXR:A:	2	31	0	0	0	37	29	20	0	336
jgi|Lacbi1|305165|eu2.Lbscf0002g02230_4-118_1P22:A:253-545	0	28	0	1	0	35	23	13	0	293
jgi|Lacbi1|188035|estExt_GeneWisePlus_worm.C_20880_15-149,180-216,316-409_1FOH:A:1-240,A:342-461	4	15	4	9	0	43	22	18	1	360
jgi|Lacbi1|188035|estExt_GeneWisePlus_worm.C_20880_445-618_1FOH:A:462-662	10	7	3	4	0	22	21	18	0	201
jgi|Lacbi1|188035|estExt_GeneWisePlus_worm.C_20880_219-322_1FOH:A:241-341	0	5	0	1	0	7	4	3	0	101
jgi|Lacbi1|305170|eu2.Lbscf0002g02280_6-82_1WXV:A:7-87	2	5	0	2	0	8	6	4	0	79
jgi|Lacbi1|321625|fgenesh3_pg.C_scaffold_2000159_5-350_1ZFJ:A:2-94,A:221-492	7	15	3	12	0	41	24	17	1	365
jgi|Lacbi1|305175|eu2.Lbscf0002g02330_688-915_1KI1:B:1229-1438	0	0	2	10	0	7	5	12	0	210
jgi|Lacbi1|305175|eu2.Lbscf0002g02330_459-669_1KI1:B:1229-1438	0	0	2	10	0	7	5	12	0	210
jgi|Lacbi1|305175|eu2.Lbscf0002g02330_908-1071_1KI1:B:1439-1580	4	9	1	1	0	17	10	3	0	142
jgi|Lacbi1|229586|e_gwh1.2.824.1_96-326_1T43:A:	2	9	3	11	0	29	18	14	0	274
jgi|Lacbi1|321633|fgenesh3_pg.C_scaffold_2000167_145-424_1FQV:A:146-431	8	13	3	8	0	55	21	24	0	286
jgi|Lacbi1|169027|gwh1.2.1030.1_6-56_1VCD:A:1-126	1	7	0	3	0	16	6	5	0	126
jgi|Lacbi1|244510|e_gww1.2.999.1_10-181_1ORO:A:	4	8	3	7	0	21	9	8	0	213
jgi|Lacbi1|305185|eu2.Lbscf0002g02430_71-139_1K1G:A:	0	3	1	4	0	10	10	5	0	122
jgi|Lacbi1|321638|fgenesh3_pg.C_scaffold_2000172_85-315_1VSN:A:1-211	5	10	3	5	0	26	13	12	0	215
jgi|Lacbi1|305198|eu2.Lbscf0002g02560_28-196_1J7L:A:	1	10	2	9	0	29	20	16	0	263
jgi|Lacbi1|305200|eu2.Lbscf0002g02580_64-523_1TQN:A:	5	9	7	18	0	43	20	30	0	472
jgi|Lacbi1|291994|estExt_fgenesh2_pg.C_20174_556-765_1KI1:B:1229-1438	0	0	2	10	0	7	5	12	0	210
jgi|Lacbi1|291994|estExt_fgenesh2_pg.C_20174_784-1010_1TXD:A:766-999	0	1	1	13	0	11	6	11	0	234
jgi|Lacbi1|291994|estExt_fgenesh2_pg.C_20174_1010-1104,1139-1175_1KI1:B:1439-1580	4	9	1	1	0	17	10	3	0	142
jgi|Lacbi1|229680|e_gwh1.2.965.1_193-329_1S3S:G:	2	5	1	3	0	15	10	7	0	118
jgi|Lacbi1|229680|e_gwh1.2.965.1_6-44_1WHC:A:	0	0	0	3	0	7	3	4	0	63
jgi|Lacbi1|321650|fgenesh3_pg.C_scaffold_2000184_41-98_1FS1:A:109-149	0	0	2	3	0	6	2	3	0	41
jgi|Lacbi1|321650|fgenesh3_pg.C_scaffold_2000184_184-325_1ERJ:A:	2	30	1	1	0	43	24	22	0	388
jgi|Lacbi1|305207|eu2.Lbscf0002g02650_183-339,436-490,522-540_1FQV:A:146-431	8	13	3	8	0	55	21	24	0	286
jgi|Lacbi1|291996|estExt_fgenesh2_pg.C_20178_1-94_1E31:A:	1	3	3	4	0	17	8	7	0	136
jgi|Lacbi1|291996|estExt_fgenesh2_pg.C_20178_120-208_1M4M:A:	0	3	2	5	0	18	8	8	0	112
jgi|Lacbi1|305215|eu2.Lbscf0002g02730_2-217_1UL1:X:2-217	0	7	1	7	0	19	10	10	0	216
jgi|Lacbi1|305215|eu2.Lbscf0002g02730_203-243,286-346_1A77:A:209-316	0	0	0	6	0	9	3	6	0	108
jgi|Lacbi1|305220|eu2.Lbscf0002g02780_5-179_2FMU:A:7-236	0	9	1	8	0	17	11	9	0	230
jgi|Lacbi1|305227|eu2.Lbscf0002g02850_546-667,716-841_1Y44:A:1-307	11	14	2	7	0	35	16	14	0	307
jgi|Lacbi1|305227|eu2.Lbscf0002g02850_16-144,278-354_2CBN:A:1-305	9	16	2	10	0	41	18	18	0	305
jgi|Lacbi1|305228|eu2.Lbscf0002g02860_740-979_1C1G:C:	0	0	0	3	0	2	1	2	0	283
jgi|Lacbi1|182480|estExt_GeneWisePlus_human.C_21048_190-288,326-470_1TVZ:A:168-388	0	10	4	6	0	22	9	13	0	221
jgi|Lacbi1|182480|estExt_GeneWisePlus_human.C_21048_19-187_1TVZ:A:2-167	0	7	2	6	0	20	9	10	0	166
jgi|Lacbi1|305237|eu2.Lbscf0002g02950_13-174_1XZP:A:212-371	1	6	1	6	0	15	10	10	0	160
jgi|Lacbi1|305240|eu2.Lbscf0002g02980_233-487_1TXU:A:	0	0	4	11	0	13	8	14	0	254
jgi|Lacbi1|305240|eu2.Lbscf0002g02980_731-780_1WGL:A:	0	0	0	3	0	8	5	1	0	58
jgi|Lacbi1|244188|e_gww1.2.537.1_9-178_2CE7:A:150-402	2	5	6	9	0	24	12	16	0	253
jgi|Lacbi1|305245|eu2.Lbscf0002g03030_170-493_2GFO:A:762-1109	3	20	3	10	0	40	19	15	0	348
jgi|Lacbi1|305245|eu2.Lbscf0002g03030_4-14,43-119_2UZG:A:36-130	0	5	0	3	0	13	5	6	0	95
jgi|Lacbi1|187958|estExt_GeneWisePlus_worm.C_20748_574-593,648-686,719-915_2B8E:A:416-434,A:548-663	2	6	0	6	1	16	9	5	1	135
jgi|Lacbi1|187958|estExt_GeneWisePlus_worm.C_20748_371-458_1SU4:A:125-239	2	9	3	0	0	21	10	7	0	115
jgi|Lacbi1|187958|estExt_GeneWisePlus_worm.C_20748_122-192_1AW0:A:	0	4	0	2	0	7	1	5	0	72
jgi|Lacbi1|187958|estExt_GeneWisePlus_worm.C_20748_43-116_1AW0:A:	0	4	0	2	0	7	1	5	0	72
jgi|Lacbi1|187958|estExt_GeneWisePlus_worm.C_20748_344-355,459-569,859-880_1SU4:A:1-124,A:240-343,A:751-994	1	1	8	18	0	32	20	22	2	472
jgi|Lacbi1|229597|e_gwh1.2.558.1_31-248_1VL5:A:	2	8	2	9	0	21	9	11	0	231
jgi|Lacbi1|305249|eu2.Lbscf0002g03070_244-343_1XTE:A:	0	3	2	4	0	9	3	6	0	116
jgi|Lacbi1|305249|eu2.Lbscf0002g03070_72-138_1QJT:A:	0	0	1	5	0	11	8	5	0	99
jgi|Lacbi1|244283|e_gww1.2.821.1_7-828_1WA5:C:	8	0	17	50	0	66	46	42	0	959
jgi|Lacbi1|292007|estExt_fgenesh2_pg.C_20208_362-548_1T9F:A:	4	12	2	0	0	29	9	14	0	186
jgi|Lacbi1|305253|eu2.Lbscf0002g03110_642-817_1ATZ:A:	1	6	1	7	0	16	13	8	0	184
jgi|Lacbi1|305253|eu2.Lbscf0002g03110_87-161_1IYM:A:	0	2	0	1	0	11	6	4	0	54
jgi|Lacbi1|305253|eu2.Lbscf0002g03110_369-507_1DBH:A:418-550	0	8	1	2	0	17	12	8	0	133
jgi|Lacbi1|188130|estExt_GeneWisePlus_worm.C_21046_46-159_2P8I:A:1-115	1	5	3	3	0	14	6	3	0	116
jgi|Lacbi1|305256|eu2.Lbscf0002g03140_10-74_1HV8:A:3-210	0	7	1	9	0	25	17	9	0	208
jgi|Lacbi1|187997|estExt_GeneWisePlus_worm.C_20815_26-209,240-333_1A88:A:	4	8	1	11	0	28	19	18	0	275
jgi|Lacbi1|171213|estExt_Genewise1_human.C_20379_4-340_1JBQ:A:	3	11	7	11	0	40	22	20	0	355
jgi|Lacbi1|188008|estExt_GeneWisePlus_worm.C_20834_5-115,149-304_1E8Y:A:726-1092	0	10	2	12	0	26	15	16	0	367
jgi|Lacbi1|229673|e_gwh1.2.152.1_32-294_1F3M:C:	1	10	4	11	0	33	20	20	0	294
jgi|Lacbi1|171102|estExt_Genewise1_human.C_20176_18-73_1EJ5:A:	2	0	1	5	0	9	5	6	0	107
jgi|Lacbi1|321696|fgenesh3_pg.C_scaffold_2000230_243-360_2F6S:A:1-177	1	4	2	8	0	16	11	10	0	177
jgi|Lacbi1|305268|eu2.Lbscf0002g03260_197-367,452-538_1PGV:A:	2	5	0	7	0	21	9	7	0	167
jgi|Lacbi1|305268|eu2.Lbscf0002g03260_74-139_1NEX:B:270-369	0	0	0	7	0	9	5	6	0	100
jgi|Lacbi1|305269|eu2.Lbscf0002g03270_171-331,379-524_1PGV:A:	2	5	0	7	0	21	9	7	0	167
jgi|Lacbi1|305271|eu2.Lbscf0002g03290_166-331,366-465_1PGV:A:	2	5	0	7	0	21	9	7	0	167
jgi|Lacbi1|305272|eu2.Lbscf0002g03300_31-63,114-249_1ELW:A:	0	0	0	7	0	11	0	7	0	117
jgi|Lacbi1|182062|estExt_GeneWisePlus_human.C_20333_2-45,83-249_1LTL:A:	2	10	4	5	0	24	9	12	0	239
jgi|Lacbi1|182062|estExt_GeneWisePlus_human.C_20333_291-595_1OFH:A:	0	9	5	14	0	31	16	15	0	309
jgi|Lacbi1|305274|eu2.Lbscf0002g03320_72-394,428-586_1CVU:A:74-583	20	4	8	24	0	55	35	33	0	511
jgi|Lacbi1|305274|eu2.Lbscf0002g03320_652-1024_1CPT:A:	4	12	6	17	0	39	22	20	0	428
jgi|Lacbi1|166037|gwh1.2.836.1_2-101_1L3G:A:	0	6	0	5	0	9	6	8	0	123
jgi|Lacbi1|166037|gwh1.2.836.1_283-451_1SW6:A:	2	4	3	13	0	30	11	18	0	301
jgi|Lacbi1|229738|e_gwh1.2.226.1_68-233,279-419_1APM:E:	5	9	4	11	0	36	21	20	0	341
jgi|Lacbi1|305279|eu2.Lbscf0002g03370_105-136,171-254_1ENW:A:	0	0	0	5	0	12	10	7	0	114
jgi|Lacbi1|305280|eu2.Lbscf0002g03380_78-131_1WEP:A:	3	2	0	2	0	13	9	5	0	78
jgi|Lacbi1|244017|e_gww1.2.453.1_2-255_1F3M:C:	1	10	4	11	0	33	20	20	0	294
jgi|Lacbi1|151832|gww1.2.871.1_3-116_1XTE:A:	0	3	2	4	0	9	3	6	0	116
jgi|Lacbi1|151832|gww1.2.871.1_151-346_1Y2O:A:1-248	0	0	0	6	0	6	3	8	0	248
jgi|Lacbi1|305285|eu2.Lbscf0002g03430_317-389_1RMD:A:1-86	6	2	3	3	0	14	6	6	0	86
jgi|Lacbi1|305285|eu2.Lbscf0002g03430_213-244_1U6P:A:	2	0	1	0	0	10	6	3	0	56
jgi|Lacbi1|321710|fgenesh3_pg.C_scaffold_2000244_27-187_1EFC:A:8-204	0	8	1	7	0	20	12	8	0	197
jgi|Lacbi1|305293|eu2.Lbscf0002g03510_488-601_1ELR:A:	0	0	0	7	0	9	1	5	0	128
jgi|Lacbi1|305294|eu2.Lbscf0002g03520_673-768_1V5R:A:7-91	0	5	0	3	0	5	3	6	0	84
jgi|Lacbi1|305309|eu2.Lbscf0002g03670_147-238_2OVR:B:2263-2364	0	0	0	6	0	9	7	5	0	102
jgi|Lacbi1|305309|eu2.Lbscf0002g03670_50-93_1W3B:A:	0	0	0	23	0	35	6	26	0	388
jgi|Lacbi1|152282|gww1.2.903.1_115-237_1XBL:A:	0	0	0	3	0	7	3	6	0	75
jgi|Lacbi1|171195|estExt_Genewise1_human.C_20344_29-125,166-369,410-441_1ERJ:A:	2	30	1	1	0	43	24	22	0	388
jgi|Lacbi1|305317|eu2.Lbscf0002g03750_5-142,179-250_2QFI:A:5-208	2	0	7	7	0	14	20	21	0	204
jgi|Lacbi1|305317|eu2.Lbscf0002g03750_257-328_2QFI:A:209-290	4	0	1	2	0	13	9	6	0	82
jgi|Lacbi1|229498|e_gwh1.2.425.1_17-230_1SXJ:C:12-238	3	5	3	12	0	22	13	12	0	227
jgi|Lacbi1|229498|e_gwh1.2.425.1_236-328_1SXJ:C:239-333	0	0	0	5	0	6	3	4	0	95
jgi|Lacbi1|290725|estExt_fgenesh2_pm.C_20025_1-93_1XD3:B:	3	5	1	1	0	10	1	6	0	75
jgi|Lacbi1|290725|estExt_fgenesh2_pm.C_20025_100-151_2K4X:A:1-55	0	3	0	0	0	7	2	2	0	55
jgi|Lacbi1|292032|estExt_fgenesh2_pg.C_20250_114-290,348-471_1FQV:A:146-431	8	13	3	8	0	55	21	24	0	286
jgi|Lacbi1|305325|eu2.Lbscf0002g03830_2-148_1SZA:A:	0	0	2	8	0	12	7	6	0	143
jgi|Lacbi1|305326|eu2.Lbscf0002g03840_13-171_1D2T:A:	0	0	2	13	0	18	11	13	0	224
jgi|Lacbi1|321733|fgenesh3_pg.C_scaffold_2000267_59-282,338-456_6MHT:A:	6	11	8	8	0	39	19	21	0	327
jgi|Lacbi1|321733|fgenesh3_pg.C_scaffold_2000267_1382-1435,1768-1919_1Z5Z:A:663-906	0	6	1	10	0	26	11	15	0	244
jgi|Lacbi1|321733|fgenesh3_pg.C_scaffold_2000267_1054-1085,1117-1224,1373-1437_1Z3I:X:92-389	0	9	4	12	0	34	20	12	0	298
jgi|Lacbi1|305330|eu2.Lbscf0002g03880_77-235_1DL5:A:1-213	5	9	5	7	0	25	11	9	0	213
jgi|Lacbi1|187545|estExt_GeneWisePlus_worm.C_20034_7-333_2OVR:B:2365-2706	0	32	2	1	0	36	24	21	0	342
jgi|Lacbi1|244755|e_gww1.2.943.1_20-173,209-324_1MA3:A:	3	10	4	11	0	25	16	16	0	252
jgi|Lacbi1|187709|estExt_GeneWisePlus_worm.C_20314_54-181,214-300_1UMZ:A:	3	15	8	3	0	31	18	14	0	267
jgi|Lacbi1|187613|estExt_GeneWisePlus_worm.C_20139_5-318_2AX3:A:212-489	0	9	3	13	0	31	16	13	0	278
jgi|Lacbi1|321741|fgenesh3_pg.C_scaffold_2000275_109-160_2CSH:A:8-60	0	4	0	2	0	6	6	3	0	53
jgi|Lacbi1|305339|eu2.Lbscf0002g03970_4-215_3PMG:A:1-190	3	9	1	5	0	20	11	13	0	190
jgi|Lacbi1|305339|eu2.Lbscf0002g03970_420-565_3PMG:A:421-561	0	9	0	3	0	14	7	7	0	141
jgi|Lacbi1|305339|eu2.Lbscf0002g03970_281-421_1KFI:A:324-443	0	4	0	6	0	10	8	10	0	120
jgi|Lacbi1|305339|eu2.Lbscf0002g03970_184-294_3PMG:A:191-303	1	4	3	4	0	12	11	9	0	113
jgi|Lacbi1|229319|e_gwh1.2.730.1_5-150_4LIP:D:	4	11	2	11	0	29	17	24	0	319
jgi|Lacbi1|305344|eu2.Lbscf0002g04020_248-301_2CU7:A:8-72	0	0	0	3	0	8	5	2	0	65
jgi|Lacbi1|305345|eu2.Lbscf0002g04030_183-338,378-480_1PGV:A:	2	5	0	7	0	21	9	7	0	167
jgi|Lacbi1|305345|eu2.Lbscf0002g04030_73-141_1FS1:A:109-149	0	0	2	3	0	6	2	3	0	41
jgi|Lacbi1|144256|gww1.2.333.1_207-392_2FXT:A:234-425	3	8	0	7	0	18	6	11	0	192
jgi|Lacbi1|305350|eu2.Lbscf0002g04080_32-259_1JBK:A:	0	6	2	10	0	18	8	13	0	194
jgi|Lacbi1|305350|eu2.Lbscf0002g04080_453-583_1QQE:A:	0	0	2	15	0	16	5	15	0	290
jgi|Lacbi1|305350|eu2.Lbscf0002g04080_594-742_1TJC:A:	0	0	0	5	0	8	1	4	0	95
jgi|Lacbi1|305352|eu2.Lbscf0002g04100_28-233,264-487_1PW4:A:	2	0	1	18	0	21	18	22	0	450
jgi|Lacbi1|305354|eu2.Lbscf0002g04120_404-597,934-1101_2GFO:A:762-1109	3	20	3	10	0	40	19	15	0	348
jgi|Lacbi1|305354|eu2.Lbscf0002g04120_104-207_1W6V:A:1-120	4	3	0	3	0	19	9	9	0	120
jgi|Lacbi1|305355|eu2.Lbscf0002g04130_273-304_2CQE:A:429-457	2	0	0	0	0	6	6	2	0	29
jgi|Lacbi1|305355|eu2.Lbscf0002g04130_193-224_2CQE:A:458-513	2	0	0	2	0	7	7	2	0	56
jgi|Lacbi1|305357|eu2.Lbscf0002g04150_6-100_1HDJ:A:	0	0	1	4	0	9	2	7	0	76
jgi|Lacbi1|305358|eu2.Lbscf0002g04160_111-291,408-500_2Q43:A:16-194,A:314-407	3	10	2	8	0	25	12	18	1	273
jgi|Lacbi1|305358|eu2.Lbscf0002g04160_280-405_1CG2:A:214-326	3	6	2	2	0	12	8	5	0	113
jgi|Lacbi1|305360|eu2.Lbscf0002g04180_313-411,558-668_1YAG:A:147-375	0	9	6	10	0	25	15	15	0	229
jgi|Lacbi1|305360|eu2.Lbscf0002g04180_67-100,191-318_1C0G:A:1-146	0	10	2	4	0	13	10	8	0	146
jgi|Lacbi1|321755|fgenesh3_pg.C_scaffold_2000289_303-373_1JM7:A:	2	0	1	3	0	11	9	5	0	103
jgi|Lacbi1|305363|eu2.Lbscf0002g04210_47-248,284-330_1A12:A:	5	30	5	1	0	58	38	27	0	401
jgi|Lacbi1|305363|eu2.Lbscf0002g04210_304-461_1A12:A:	5	30	5	1	0	58	38	27	0	401
jgi|Lacbi1|305365|eu2.Lbscf0002g04230_108-215,245-420_1XM9:A:244-700	0	0	2	27	0	26	20	30	0	457
jgi|Lacbi1|182479|estExt_GeneWisePlus_human.C_21047_6-297_1V93:A:	0	8	2	11	0	28	13	16	0	292
jgi|Lacbi1|305371|eu2.Lbscf0002g04290_87-203_1WHR:A:	0	3	1	3	0	17	10	4	0	123
jgi|Lacbi1|187652|estExt_GeneWisePlus_worm.C_20214_6-132_2C35:A:14-142	2	1	2	6	0	13	8	4	0	129
jgi|Lacbi1|305378|eu2.Lbscf0002g04360_2-206_1PW4:A:	2	0	1	18	0	21	18	22	0	450
jgi|Lacbi1|305383|eu2.Lbscf0002g04410_31-113_1JM7:A:	2	0	1	3	0	11	9	5	0	103
jgi|Lacbi1|321771|fgenesh3_pg.C_scaffold_2000305_34-112_1P22:A:135-252	0	0	2	7	0	7	4	6	0	114
jgi|Lacbi1|243960|e_gww1.2.224.1_96-235,266-393_1DJ0:A:	0	10	4	5	0	30	16	16	0	264
jgi|Lacbi1|305389|eu2.Lbscf0002g04470_233-524_1NR0:A:313-611	0	28	1	0	0	35	26	23	0	299
jgi|Lacbi1|292054|estExt_fgenesh2_pg.C_20293_54-296,369-568_1WPX:A:1-421	5	13	3	17	0	47	29	31	0	421
jgi|Lacbi1|244258|e_gww1.2.385.1_142-392_2CE7:A:150-402	2	5	6	9	0	24	12	16	0	253
jgi|Lacbi1|243963|e_gww1.2.101.1_3-201,247-649_1DN1:A:	7	15	9	20	0	49	28	32	0	589
jgi|Lacbi1|229432|e_gwh1.2.335.1_224-414_2CC0:A:1-192	0	10	3	7	0	22	10	10	0	192
jgi|Lacbi1|305397|eu2.Lbscf0002g04550_52-237_2OVR:B:2365-2706	0	32	2	1	0	36	24	21	0	342
jgi|Lacbi1|305400|eu2.Lbscf0002g04580_22-180_1YDW:A:6-133,A:305-360	0	7	2	7	0	18	5	9	1	184
jgi|Lacbi1|305400|eu2.Lbscf0002g04580_157-354_1OFG:A:161-322	0	8	1	5	0	16	15	8	0	162
jgi|Lacbi1|244654|e_gww1.2.941.1_90-293_2QFI:A:5-208	2	0	7	7	0	14	20	21	0	204
jgi|Lacbi1|244654|e_gww1.2.941.1_295-372_2QFI:A:209-290	4	0	1	2	0	13	9	6	0	82
jgi|Lacbi1|305410|eu2.Lbscf0002g04680_144-311_1O6U:A:76-274	4	5	5	7	0	24	11	13	0	199
jgi|Lacbi1|305410|eu2.Lbscf0002g04680_37-143_1AUA:A:4-96	0	0	1	5	0	8	5	8	0	93
jgi|Lacbi1|166816|gwh1.2.890.1_39-136_1S7B:A:	0	0	0	4	0	10	7	3	0	109
jgi|Lacbi1|166816|gwh1.2.890.1_225-305_1S7B:A:	0	0	0	4	0	10	7	3	0	109
jgi|Lacbi1|244371|e_gww1.2.256.1_54-395_2DKF:A:1-431	4	21	3	12	0	51	31	26	0	431
jgi|Lacbi1|305415|eu2.Lbscf0002g04730_16-462_1VEF:A:9-395	3	17	2	15	0	38	24	27	0	387
jgi|Lacbi1|176411|estExt_Genewise1_worm.C_20039_1255-1422,1477-1659_1C4Z:A:	4	10	4	13	0	35	26	18	0	350
jgi|Lacbi1|176411|estExt_Genewise1_worm.C_20039_39-93,133-349_1IAL:A:	0	0	4	28	0	36	22	21	0	453
jgi|Lacbi1|305418|eu2.Lbscf0002g04760_686-755_2FC7:A:8-76	0	5	1	0	0	12	12	2	0	69
jgi|Lacbi1|305418|eu2.Lbscf0002g04760_813-872_1TOT:A:1-52	1	5	0	1	0	8	5	1	0	52
jgi|Lacbi1|305418|eu2.Lbscf0002g04760_5-87_1WJ6:A:	2	5	0	2	0	14	10	4	0	100
jgi|Lacbi1|305418|eu2.Lbscf0002g04760_621-664_2DIP:A:8-92	0	4	1	1	0	13	11	1	0	85
jgi|Lacbi1|305418|eu2.Lbscf0002g04760_907-960_2FC7:A:8-76	0	5	1	0	0	12	12	2	0	69
jgi|Lacbi1|244106|e_gww1.2.860.1_25-399_1NM8:A:9-385	5	11	2	11	0	30	22	18	0	372
jgi|Lacbi1|244106|e_gww1.2.860.1_406-584_1XL7:A:393-610	1	6	1	6	0	16	7	12	0	218
jgi|Lacbi1|305420|eu2.Lbscf0002g04780_113-295_2CXH:A:13-192	2	9	0	4	0	15	9	8	0	180
jgi|Lacbi1|154364|gww1.2.1033.1_8-119_1VE3:A:2-227	0	10	2	7	0	20	9	11	0	226
jgi|Lacbi1|182268|estExt_GeneWisePlus_human.C_20676_141-328,355-465_1ZKD:A:2-366	1	18	4	12	0	33	22	20	0	365
jgi|Lacbi1|243929|e_gww1.2.51.1_168-409,725-749,844-1009_1B3U:A:	0	0	8	44	0	40	26	36	0	588
jgi|Lacbi1|243929|e_gww1.2.51.1_106-159,208-237,332-385,481-534,590-749_1WA5:B:	0	0	5	29	0	38	22	22	0	506
jgi|Lacbi1|292066|estExt_fgenesh2_pg.C_20317_1-52_1FS1:A:109-149	0	0	2	3	0	6	2	3	0	41
jgi|Lacbi1|151359|gww1.2.838.1_153-219_1UZC:A:	0	0	1	3	0	6	5	3	0	69
jgi|Lacbi1|151359|gww1.2.838.1_366-436_1UZC:A:	0	0	1	3	0	6	5	3	0	69
jgi|Lacbi1|151359|gww1.2.838.1_507-569_2DOE:A:784-853	0	0	0	4	0	6	3	4	0	70
jgi|Lacbi1|151359|gww1.2.838.1_2-33_1ZR7:A:12-39	0	3	0	0	0	2	1	3	0	28
jgi|Lacbi1|151359|gww1.2.838.1_41-73_1ZR7:A:12-39	0	3	0	0	0	2	1	3	0	28
jgi|Lacbi1|151359|gww1.2.838.1_227-285_2CQN:A:743-806	0	0	0	4	0	5	3	4	0	64
jgi|Lacbi1|229249|e_gwh1.2.616.1_22-125_2J01:V:1-101	1	6	1	0	0	14	6	2	0	101
jgi|Lacbi1|305432|eu2.Lbscf0002g04900_127-409_1E79:A:95-379	8	11	6	9	0	30	20	18	0	285
jgi|Lacbi1|305432|eu2.Lbscf0002g04900_411-538_1E79:A:380-510	0	0	2	6	0	9	4	6	0	131
jgi|Lacbi1|305432|eu2.Lbscf0002g04900_41-125_1MAB:A:10-94	6	5	0	0	0	14	8	9	0	86
jgi|Lacbi1|230015|e_gwh1.2.328.1_7-427_1VLU:A:	4	13	4	14	0	38	20	18	0	467
jgi|Lacbi1|305434|eu2.Lbscf0002g04920_53-103,143-240_1W3B:A:	0	0	0	23	0	35	6	26	0	388
jgi|Lacbi1|305435|eu2.Lbscf0002g04930_181-311_1HF8:A:150-281	0	0	2	3	0	10	8	4	0	132
jgi|Lacbi1|305435|eu2.Lbscf0002g04930_3-129_1HF8:A:19-149	0	0	0	6	0	11	8	6	0	131
jgi|Lacbi1|305436|eu2.Lbscf0002g04940_64-450,489-601_1FO3:A:	8	18	3	16	0	47	22	26	0	457
jgi|Lacbi1|187757|estExt_GeneWisePlus_worm.C_20399_11-283_1R59:O:5-256	12	6	1	9	0	35	21	15	0	252
jgi|Lacbi1|187757|estExt_GeneWisePlus_worm.C_20399_283-531_1BU6:O:254-499	1	9	1	7	0	25	18	16	0	246
jgi|Lacbi1|319316|fgenesh3_pm.C_scaffold_2000041_9-228_1S2M:A:46-251	0	7	1	9	0	25	17	9	0	206
jgi|Lacbi1|319316|fgenesh3_pm.C_scaffold_2000041_31-99,243-324,389-471_1HV8:A:211-365	1	6	1	6	0	17	12	7	0	155
jgi|Lacbi1|292070|estExt_fgenesh2_pg.C_20324_620-677_1WD2:A:	0	0	2	0	0	10	10	2	0	59
jgi|Lacbi1|292070|estExt_fgenesh2_pg.C_20324_1539-1578_1WD2:A:	0	0	2	0	0	10	10	2	0	59
jgi|Lacbi1|292070|estExt_fgenesh2_pg.C_20324_476-528_1WIM:A:	2	4	1	3	0	13	8	2	0	93
jgi|Lacbi1|305441|eu2.Lbscf0002g04990_215-262_1WD2:A:	0	0	2	0	0	10	10	2	0	59
jgi|Lacbi1|305441|eu2.Lbscf0002g04990_69-120_1JM7:A:	2	0	1	3	0	11	9	5	0	103
jgi|Lacbi1|305443|eu2.Lbscf0002g05010_235-287_1JM7:A:	2	0	1	3	0	11	9	5	0	103
jgi|Lacbi1|305443|eu2.Lbscf0002g05010_382-431_1WD2:A:	0	0	2	0	0	10	10	2	0	59
jgi|Lacbi1|305444|eu2.Lbscf0002g05020_116-141_1X4S:A:8-53	0	4	1	1	0	8	3	3	0	46
jgi|Lacbi1|321813|fgenesh3_pg.C_scaffold_2000347_237-308_2CSO:A:8-122	0	5	0	4	0	11	10	5	0	114
jgi|Lacbi1|321813|fgenesh3_pg.C_scaffold_2000347_24-130_1T98:A:8-118	1	3	0	5	0	10	5	5	0	111
jgi|Lacbi1|162969|gwh1.2.656.1_2-111_1OQC:A:	0	0	1	5	0	10	7	4	0	112
jgi|Lacbi1|229349|e_gwh1.2.634.1_41-199_2Q37:A:6-160	0	0	1	7	0	11	10	8	0	155
jgi|Lacbi1|321815|fgenesh3_pg.C_scaffold_2000349_9-66_1XBL:A:	0	0	0	3	0	7	3	6	0	75
jgi|Lacbi1|305450|eu2.Lbscf0002g05080_11-302_1UA2:A:	1	8	3	9	0	30	19	17	0	299
jgi|Lacbi1|305454|eu2.Lbscf0002g05120_9-154_1VHR:A:	2	5	1	8	0	14	9	10	0	178
jgi|Lacbi1|305456|eu2.Lbscf0002g05140_71-109,143-572_1KPL:A:	5	0	5	18	0	23	12	15	0	430
jgi|Lacbi1|305456|eu2.Lbscf0002g05140_599-724_2J9L:A:578-746	4	10	1	5	0	17	12	8	0	169
jgi|Lacbi1|176790|estExt_Genewise1_worm.C_20697_5-163_1C1G:C:	0	0	0	3	0	2	1	2	0	283
jgi|Lacbi1|292080|estExt_fgenesh2_pg.C_20342_5-131_1L1D:A:	0	9	5	3	0	18	11	8	0	144
jgi|Lacbi1|244180|e_gww1.2.684.1_1-113_1IPC:A:	0	8	4	4	0	18	9	15	0	191
jgi|Lacbi1|244575|e_gww1.2.403.1_17-329_1MA3:A:	3	10	4	11	0	25	16	16	0	252
jgi|Lacbi1|305465|eu2.Lbscf0002g05230_538-593_1WIM:A:	2	4	1	3	0	13	8	2	0	93
jgi|Lacbi1|305465|eu2.Lbscf0002g05230_694-733_1WD2:A:	0	0	2	0	0	10	10	2	0	59
jgi|Lacbi1|305466|eu2.Lbscf0002g05240_21-254,285-345_2OVR:B:2365-2706	0	32	2	1	0	36	24	21	0	342
jgi|Lacbi1|321834|fgenesh3_pg.C_scaffold_2000368_3-76_1XBL:A:	0	0	0	3	0	7	3	6	0	75
jgi|Lacbi1|305468|eu2.Lbscf0002g05260_8-76_2F3N:A:2-65	0	0	3	4	0	6	0	4	0	64
jgi|Lacbi1|305468|eu2.Lbscf0002g05260_454-526_1AOJ:A:	3	5	1	0	0	9	4	4	0	60
jgi|Lacbi1|305468|eu2.Lbscf0002g05260_568-639_2FO0:A:76-138	3	5	3	0	0	9	4	7	0	74
jgi|Lacbi1|305468|eu2.Lbscf0002g05260_238-313_1WXA:A:8-110	0	5	1	2	0	16	7	5	0	103
jgi|Lacbi1|182385|estExt_GeneWisePlus_human.C_20905_37-360_1DXL:A:4-152,A:276-347	3	12	0	6	0	26	14	11	1	221
jgi|Lacbi1|182385|estExt_GeneWisePlus_human.C_20905_382-503_1JEH:A:356-478	2	5	1	5	0	12	5	9	0	123
jgi|Lacbi1|305471|eu2.Lbscf0002g05290_2-180,255-267_2NN6:E:5-191	0	7	0	3	0	21	15	8	0	187
jgi|Lacbi1|305471|eu2.Lbscf0002g05290_246-336_2NN6:E:192-285	1	4	0	2	0	10	7	2	0	94
jgi|Lacbi1|292092|estExt_fgenesh2_pg.C_20357_21-299_1OKC:A:	0	0	6	11	0	19	10	9	0	292
jgi|Lacbi1|229552|e_gwh1.2.646.1_36-240_1TKS:A:	8	7	3	7	0	24	9	11	0	202
jgi|Lacbi1|305477|eu2.Lbscf0002g05350_711-743_1IYM:A:	0	2	0	1	0	11	6	4	0	54
jgi|Lacbi1|305481|eu2.Lbscf0002g05390_79-201,437-510_1G3J:A:	2	0	4	35	0	31	15	35	0	531
jgi|Lacbi1|305483|eu2.Lbscf0002g05410_57-216,243-251_1NQZ:A:	3	11	2	4	0	20	4	7	0	187
jgi|Lacbi1|305484|eu2.Lbscf0002g05420_258-274,312-384_2UZG:A:36-130	0	5	0	3	0	13	5	6	0	95
jgi|Lacbi1|305484|eu2.Lbscf0002g05420_234-293_1IYM:A:	0	2	0	1	0	11	6	4	0	54
jgi|Lacbi1|305489|eu2.Lbscf0002g05470_17-177_1AM5:A:	4	26	4	5	0	41	17	17	0	324
jgi|Lacbi1|305494|eu2.Lbscf0002g05520_34-90,118-242,403-520_1K0I:A:1-173,A:276-394	1	15	5	10	0	30	13	14	1	292
jgi|Lacbi1|305496|eu2.Lbscf0002g05540_326-384,413-669_2NSY:A:	5	4	1	12	0	27	11	16	0	271
jgi|Lacbi1|305496|eu2.Lbscf0002g05540_8-289_1ERZ:A:	4	14	6	8	0	36	16	16	0	303
jgi|Lacbi1|187554|estExt_GeneWisePlus_worm.C_20043_1791-2131_1OD2:A:1815-2203	2	13	2	15	0	35	19	23	0	389
jgi|Lacbi1|187554|estExt_GeneWisePlus_worm.C_20043_1465-1786_1OD2:A:1484-1814	4	14	5	11	0	34	22	20	0	331
jgi|Lacbi1|187554|estExt_GeneWisePlus_worm.C_20043_154-396_1W96:A:184-450	2	10	2	9	0	30	12	15	0	267
jgi|Lacbi1|187554|estExt_GeneWisePlus_worm.C_20043_6-153_1W96:A:14-183	2	5	3	8	0	17	12	8	0	170
jgi|Lacbi1|187554|estExt_GeneWisePlus_worm.C_20043_418-535_1W96:A:451-566	0	4	0	4	0	12	11	4	0	116
jgi|Lacbi1|187554|estExt_GeneWisePlus_worm.C_20043_662-735_1GHK:A:	3	6	0	0	0	17	8	3	0	79
jgi|Lacbi1|305498|eu2.Lbscf0002g05560_121-287_1K8K:D:121-284	0	5	2	5	0	11	8	10	0	164
jgi|Lacbi1|305498|eu2.Lbscf0002g05560_1-117_1K8K:D:1-120	0	5	2	5	0	11	6	8	0	120
jgi|Lacbi1|305503|eu2.Lbscf0002g05610_6-204,307-390_1FOH:A:1-240,A:342-461	4	15	4	9	0	43	22	18	1	360
jgi|Lacbi1|305504|eu2.Lbscf0002g05620_85-182_1COZ:A:	1	5	2	5	0	12	6	10	0	126
jgi|Lacbi1|305505|eu2.Lbscf0002g05630_314-372_1XF7:A:	0	2	0	1	0	4	3	1	0	29
jgi|Lacbi1|305505|eu2.Lbscf0002g05630_361-415_2CSH:A:8-60	0	4	0	2	0	6	6	3	0	53
jgi|Lacbi1|305505|eu2.Lbscf0002g05630_284-327_1A1I:A:132-159	0	2	0	1	0	5	1	1	0	28
jgi|Lacbi1|305505|eu2.Lbscf0002g05630_238-267_2GLI:A:103-134	3	0	0	1	0	6	3	2	0	32
jgi|Lacbi1|305505|eu2.Lbscf0002g05630_117-144_2GLI:A:103-134	3	0	0	1	0	6	3	2	0	32
jgi|Lacbi1|305506|eu2.Lbscf0002g05640_209-289_1DS9:A:	1	9	1	9	0	23	14	8	0	198
jgi|Lacbi1|305507|eu2.Lbscf0002g05650_90-210_1MVE:A:	5	17	3	1	0	29	16	13	0	243
jgi|Lacbi1|163947|gwh1.2.722.1_5-95_2ZJR:Q:2-94	2	4	0	2	0	13	6	4	0	93
jgi|Lacbi1|244580|e_gww1.2.129.1_286-472,506-518,545-639_3D03:A:1-271	8	13	4	6	0	39	23	13	0	274
jgi|Lacbi1|305515|eu2.Lbscf0002g05730_70-422_1UUM:A:	3	13	6	13	0	34	22	17	0	359
jgi|Lacbi1|305517|eu2.Lbscf0002g05750_1-616,671-808_1QGR:A:	0	0	13	43	0	50	36	39	0	876
jgi|Lacbi1|305517|eu2.Lbscf0002g05750_672-1067_1QBK:B:	0	0	17	47	0	50	54	64	0	888
jgi|Lacbi1|305518|eu2.Lbscf0002g05760_31-116_1U2C:A:58-160	0	7	1	1	0	10	4	6	0	103
jgi|Lacbi1|305518|eu2.Lbscf0002g05760_150-245_1EDH:A:102-213	0	9	1	0	0	19	11	8	0	112
jgi|Lacbi1|305520|eu2.Lbscf0002g05780_1-76_1CMI:A:	1	5	0	2	0	7	4	2	0	85
jgi|Lacbi1|305522|eu2.Lbscf0002g05800_769-929_1N4C:A:	0	0	4	5	0	19	16	8	0	181
jgi|Lacbi1|305522|eu2.Lbscf0002g05800_622-690,720-751_1ELW:A:	0	0	0	7	0	11	0	7	0	117
jgi|Lacbi1|305522|eu2.Lbscf0002g05800_334-394_1VEG:A:	0	0	0	3	0	11	9	3	0	82
jgi|Lacbi1|244875|e_gww1.2.425.1_5-290_1FOT:A:	5	9	4	10	0	37	20	19	0	316
jgi|Lacbi1|305524|eu2.Lbscf0002g05820_219-471_1X9N:A:534-753	5	11	2	6	0	25	17	14	0	220
jgi|Lacbi1|305524|eu2.Lbscf0002g05820_478-623_1X9N:A:754-901	3	10	1	2	0	17	13	7	0	148
jgi|Lacbi1|305524|eu2.Lbscf0002g05820_967-1051_1WF6:A:	1	4	3	3	0	15	14	3	0	131
jgi|Lacbi1|305524|eu2.Lbscf0002g05820_33-244_1X9N:A:262-533	2	0	4	13	0	28	14	13	0	272
jgi|Lacbi1|305524|eu2.Lbscf0002g05820_680-780_1CDZ:A:	1	4	1	3	0	15	6	8	0	96
jgi|Lacbi1|305525|eu2.Lbscf0002g05830_336-424_2HDC:A:	1	2	0	5	0	14	5	4	0	97
jgi|Lacbi1|182440|estExt_GeneWisePlus_human.C_20981_340-426,462-941,979-1126_1QBK:B:	0	0	17	47	0	50	54	64	0	888
jgi|Lacbi1|305530|eu2.Lbscf0002g05880_6-227,272-336_1LQT:A:2-108,A:325-456	4	10	2	9	0	23	15	17	1	239
jgi|Lacbi1|305532|eu2.Lbscf0002g05900_21-578_1GW5:A:	0	2	4	33	0	46	32	22	0	620
jgi|Lacbi1|305532|eu2.Lbscf0002g05900_663-678,724-836_1GYW:B:	2	8	2	0	0	16	7	6	0	128
jgi|Lacbi1|305534|eu2.Lbscf0002g05920_844-918_1X5S:A:8-97	0	4	0	2	0	11	8	3	0	89
jgi|Lacbi1|305534|eu2.Lbscf0002g05920_1345-1405_2CT7:A:8-80	1	4	0	1	0	15	9	2	0	73
jgi|Lacbi1|305534|eu2.Lbscf0002g05920_1293-1329_1CHC:A:	0	3	0	1	0	9	8	3	0	68
jgi|Lacbi1|305534|eu2.Lbscf0002g05920_491-516_2FC6:A:8-44	2	0	1	1	0	7	4	3	0	37
jgi|Lacbi1|305534|eu2.Lbscf0002g05920_742-765_1RGO:A:151-186	2	0	2	1	0	5	4	2	0	36
jgi|Lacbi1|182303|estExt_GeneWisePlus_human.C_20749_90-290,481-581_1Q7L:A:,B:	3	10	4	8	0	31	16	18	1	280
jgi|Lacbi1|182303|estExt_GeneWisePlus_human.C_20749_291-339,391-447_1VGY:A:181-293	2	6	1	2	0	14	4	4	0	113
jgi|Lacbi1|149931|gww1.2.769.1_9-55_1L2P:A:	0	0	0	1	0	2	0	1	0	61
jgi|Lacbi1|305537|eu2.Lbscf0002g05950_84-126_1CLD:A:	0	0	0	2	0	4	2	1	0	33
jgi|Lacbi1|305539|eu2.Lbscf0002g05970_56-136_1FJG:S:	2	3	1	1	0	12	9	4	0	84
jgi|Lacbi1|305540|eu2.Lbscf0002g05980_30-123,227-326,696-803,872-973_1LRV:A:	2	0	8	10	0	22	18	13	0	233
jgi|Lacbi1|244909|e_gww1.2.361.1_16-320_1PME:A:	3	10	7	11	0	38	19	18	0	345
jgi|Lacbi1|292114|estExt_fgenesh2_pg.C_20396_55-304_1HYQ:A:	0	8	2	11	0	23	12	9	0	232
jgi|Lacbi1|305544|eu2.Lbscf0002g06020_1019-1227_1XA6:A:271-466	0	0	1	11	0	17	14	15	0	196
jgi|Lacbi1|305544|eu2.Lbscf0002g06020_285-348_1X3H:A:8-42	2	2	0	0	0	8	2	3	0	35
jgi|Lacbi1|305544|eu2.Lbscf0002g06020_221-288_2DAR:A:8-52	3	3	0	0	0	10	3	3	0	45
jgi|Lacbi1|305544|eu2.Lbscf0002g06020_190-220_1RUT:X:83-113	0	4	1	0	0	6	1	3	0	31
jgi|Lacbi1|244368|e_gww1.2.1059.1_36-81_2HP8:A:	0	0	1	3	0	6	3	5	0	68
jgi|Lacbi1|244209|e_gww1.2.862.1_3-522_1MT5:A:	4	11	7	22	0	56	40	33	0	537
jgi|Lacbi1|230113|e_gwh1.2.346.1_135-226,260-346_2U2F:A:	0	4	0	2	0	9	7	3	0	85
jgi|Lacbi1|230113|e_gwh1.2.346.1_29-115_1U2F:A:	1	4	1	1	0	13	8	6	0	90
jgi|Lacbi1|171571|estExt_Genewise1_human.C_21031_8-154_1Y8M:A:1-138	0	0	1	6	0	10	7	7	0	138
jgi|Lacbi1|182374|estExt_GeneWisePlus_human.C_20889_9-190_1GKY:A:	1	9	1	7	0	19	8	10	0	186
jgi|Lacbi1|305554|eu2.Lbscf0002g06120_21-336_1APM:E:	5	9	4	11	0	36	21	20	0	341
jgi|Lacbi1|305555|eu2.Lbscf0002g06130_293-382,431-527_1X9N:A:534-753	5	11	2	6	0	25	17	14	0	220
jgi|Lacbi1|229832|e_gwh1.2.367.1_168-353_1GU7:A:161-349	0	7	1	10	0	20	8	12	0	189
jgi|Lacbi1|229832|e_gwh1.2.367.1_35-213_1GU7:A:23-160,A:350-386	3	10	2	4	0	26	14	8	1	175
jgi|Lacbi1|305559|eu2.Lbscf0002g06170_98-268,377-482_3C96:A:4-182,A:294-402	1	13	1	8	0	26	14	13	1	288
jgi|Lacbi1|244339|e_gww1.2.1008.1_6-197_1VDM:A:1-153	3	9	0	3	0	18	9	6	0	153
jgi|Lacbi1|182401|estExt_GeneWisePlus_human.C_20926_458-529,559-603,701-931,970-1035_1RIF:A:	0	15	5	10	0	30	15	19	0	282
jgi|Lacbi1|182401|estExt_GeneWisePlus_human.C_20926_1826-2076_2CE7:A:150-402	2	5	6	9	0	24	12	16	0	253
jgi|Lacbi1|182401|estExt_GeneWisePlus_human.C_20926_1275-1468_1QVR:A:149-535	0	8	0	16	0	30	17	16	0	387
jgi|Lacbi1|182401|estExt_GeneWisePlus_human.C_20926_1547-1797_1JBK:A:	0	6	2	10	0	18	8	13	0	194
jgi|Lacbi1|182113|estExt_GeneWisePlus_human.C_20421_15-289_1OKC:A:	0	0	6	11	0	19	10	9	0	292
jgi|Lacbi1|305568|eu2.Lbscf0002g06260_1242-1476_1PF4:A:321-564	3	9	2	6	0	30	21	8	0	243
jgi|Lacbi1|305568|eu2.Lbscf0002g06260_928-1235_2HYD:A:1-323	0	0	1	15	1	9	5	12	0	323
jgi|Lacbi1|305568|eu2.Lbscf0002g06260_608-827_1R0W:A:	0	11	2	12	1	27	19	16	0	281
jgi|Lacbi1|305568|eu2.Lbscf0002g06260_268-582_3B60:A:10-328	0	0	1	11	0	6	9	9	0	319
jgi|Lacbi1|305569|eu2.Lbscf0002g06270_9-178,426-541_2EFK:A:10-288	0	0	1	6	0	5	3	5	0	279
jgi|Lacbi1|305569|eu2.Lbscf0002g06270_576-773_1XA6:A:271-466	0	0	1	11	0	17	14	15	0	196
jgi|Lacbi1|305569|eu2.Lbscf0002g06270_303-391_2CSO:A:8-122	0	5	0	4	0	11	10	5	0	114
jgi|Lacbi1|305570|eu2.Lbscf0002g06280_57-225_1O0W:A:1-167	2	0	1	10	0	12	5	7	0	167
jgi|Lacbi1|305570|eu2.Lbscf0002g06280_222-297_2B7T:A:1-73	0	3	0	2	0	6	5	1	0	73
jgi|Lacbi1|305581|eu2.Lbscf0002g06390_2-79_1DKG:D:186-383	1	6	1	6	0	13	10	7	0	198
jgi|Lacbi1|321926|fgenesh3_pg.C_scaffold_2000460_1006-1215_1VRB:A:8-326	2	13	4	10	0	39	20	15	0	319
jgi|Lacbi1|321931|fgenesh3_pg.C_scaffold_2000465_2-49_1OEB:A:	3	5	1	0	0	10	4	3	0	59
jgi|Lacbi1|321937|fgenesh3_pg.C_scaffold_2000471_108-305_1A4Y:A:	2	17	3	16	0	56	24	32	0	460
jgi|Lacbi1|305677|eu2.Lbscf0002g07350_24-118_2FA8:A:4-89	0	4	1	3	0	8	2	5	0	86
jgi|Lacbi1|305678|eu2.Lbscf0002g07360_7-75,157-234,359-581,1162-1233_1TE4:A:	0	0	3	6	0	11	9	5	0	111
jgi|Lacbi1|305679|eu2.Lbscf0002g07370_72-269_2IC8:A:91-272	0	0	3	8	0	13	9	4	0	182
jgi|Lacbi1|181948|estExt_GeneWisePlus_human.C_20141_9-78_1N9S:C:	0	6	2	0	0	6	4	4	0	74
jgi|Lacbi1|176793|estExt_Genewise1_worm.C_20703_15-142_1JFI:B:	2	0	1	5	0	7	3	4	0	135
jgi|Lacbi1|305690|eu2.Lbscf0002g07480_17-314_1UB0:A:	1	9	1	8	0	20	12	11	0	258
jgi|Lacbi1|305691|eu2.Lbscf0002g07490_119-230_1QR0:A:102-228	0	6	1	4	0	18	11	3	0	127
jgi|Lacbi1|305691|eu2.Lbscf0002g07490_20-105_1QR0:A:1-101	0	5	1	3	0	12	5	6	0	101
jgi|Lacbi1|292147|estExt_fgenesh2_pg.C_20487_89-214,241-308_1FQV:A:146-431	8	13	3	8	0	55	21	24	0	286
jgi|Lacbi1|292147|estExt_fgenesh2_pg.C_20487_2-38_1FQV:A:107-145	0	0	0	3	0	4	4	4	0	39
jgi|Lacbi1|305695|eu2.Lbscf0002g07530_153-367,459-616_1G51:A:105-294,A:415-580	10	13	3	12	0	35	23	20	1	356
jgi|Lacbi1|305695|eu2.Lbscf0002g07530_35-138_1G51:A:1-104	1	5	2	1	0	11	4	7	0	104
jgi|Lacbi1|305696|eu2.Lbscf0002g07540_61-237_1Y2O:A:1-248	0	0	0	6	0	6	3	8	0	248
jgi|Lacbi1|176778|estExt_Genewise1_worm.C_20673_68-170_2GYA:N:1-114	2	0	0	0	0	17	12	7	0	114
jgi|Lacbi1|292149|estExt_fgenesh2_pg.C_20489_34-76_2HAP:C:55-97	0	0	1	2	0	6	3	2	0	43
jgi|Lacbi1|305700|eu2.Lbscf0002g07580_22-283_3MDD:A:11-241	4	7	4	7	0	18	10	14	0	231
jgi|Lacbi1|305700|eu2.Lbscf0002g07580_269-425_1BUC:A:233-383	1	2	3	5	0	4	4	6	0	151
jgi|Lacbi1|244601|e_gww1.2.462.1_4-270_2NYR:A:36-302	3	11	4	10	0	27	13	16	0	267
jgi|Lacbi1|305703|eu2.Lbscf0002g07610_249-286,326-390_1F37:A:	0	5	3	2	0	14	6	7	0	109
jgi|Lacbi1|187569|estExt_GeneWisePlus_worm.C_20067_1101-1302_1IWG:A:7-37,A:331-498	0	0	1	8	0	9	7	9	1	199
jgi|Lacbi1|187569|estExt_GeneWisePlus_worm.C_20067_548-607,666-729,757-824_1IWG:A:7-37,A:331-498	0	0	1	8	0	9	7	9	1	199
jgi|Lacbi1|305709|eu2.Lbscf0002g07670_25-123_1QM9:A:1-110	0	5	0	2	0	15	9	5	0	109
jgi|Lacbi1|305710|eu2.Lbscf0002g07680_1-59_1EZV:I:	0	0	0	3	0	3	2	4	0	55
jgi|Lacbi1|162795|gwh1.2.631.1_1-118_2QAL:K:12-128	0	5	1	3	0	11	7	6	0	117
jgi|Lacbi1|244860|e_gww1.2.695.1_39-179_1N08:A:	0	6	4	2	0	19	9	8	0	154
jgi|Lacbi1|305714|eu2.Lbscf0002g07720_223-319_1H8A:C:87-143	0	0	0	3	0	8	4	3	0	57
jgi|Lacbi1|305714|eu2.Lbscf0002g07720_303-378_1A5J:A:56-110	0	0	0	3	0	7	5	4	0	55
jgi|Lacbi1|305714|eu2.Lbscf0002g07720_155-218_1WGX:A:	0	0	0	3	0	7	7	1	0	72
jgi|Lacbi1|243879|e_gww1.2.388.1_119-285_2ESR:A:28-179	1	8	1	5	0	16	6	8	0	152
jgi|Lacbi1|305719|eu2.Lbscf0002g07770_84-206,269-417_1J1I:A:	2	8	1	11	0	24	18	11	0	268
jgi|Lacbi1|305721|eu2.Lbscf0002g07790_53-464_1VEF:A:9-395	3	17	2	15	0	38	24	27	0	387
jgi|Lacbi1|187624|estExt_GeneWisePlus_worm.C_20159_101-512_2BWN:A:2-397	7	14	2	14	0	46	24	23	0	396
jgi|Lacbi1|171373|estExt_Genewise1_human.C_20659_21-185_1MOZ:A:	2	7	3	5	0	14	8	16	0	182
jgi|Lacbi1|229977|e_gwh1.2.424.1_14-359_1WPW:A:	1	12	3	11	0	30	15	18	0	336
jgi|Lacbi1|292160|estExt_fgenesh2_pg.C_20508_2617-2699_1V5R:A:7-91	0	5	0	3	0	5	3	6	0	84
jgi|Lacbi1|305730|eu2.Lbscf0002g07880_467-517_1SP2:A:	2	0	0	1	0	5	3	2	0	31
jgi|Lacbi1|321999|fgenesh3_pg.C_scaffold_2000533_41-126_2CND:A:125-270	0	8	3	6	0	14	9	6	0	146
jgi|Lacbi1|321999|fgenesh3_pg.C_scaffold_2000533_1-54_1UMK:A:30-153	4	7	0	1	0	16	7	9	0	124
jgi|Lacbi1|187875|estExt_GeneWisePlus_worm.C_20614_4-346_1J79:A:	3	15	4	14	0	42	18	22	0	343
jgi|Lacbi1|290751|estExt_fgenesh2_pm.C_20059_31-117_1O6U:A:275-398	0	8	1	1	0	14	7	4	0	124
jgi|Lacbi1|168591|gwh1.2.997.1_4-142_1K5D:B:	1	6	0	1	0	17	11	3	0	146
jgi|Lacbi1|305736|eu2.Lbscf0002g07940_51-83,126-460_1UM8:A:	0	10	5	15	0	31	13	21	0	364
jgi|Lacbi1|171030|estExt_Genewise1_human.C_20050_402-897_1YOV:B:12-437	9	12	6	13	0	48	22	26	0	426
jgi|Lacbi1|171030|estExt_Genewise1_human.C_20050_8-394_1YOV:A:6-534	6	10	2	23	0	45	33	28	0	529
jgi|Lacbi1|244928|e_gww1.3.129.1_14-143,404-523_1A6D:A:17-145,A:404-519	0	9	1	11	0	18	7	14	1	245
jgi|Lacbi1|244928|e_gww1.3.129.1_210-377_1GML:A:	3	9	2	3	0	17	13	5	0	169
jgi|Lacbi1|244928|e_gww1.3.129.1_143-214,368-403_1Q3Q:A:146-216,A:370-405	1	5	3	3	0	8	7	2	1	107
jgi|Lacbi1|188449|estExt_GeneWisePlus_worm.C_30636_12-328_2JFL:A:21-308	1	11	6	10	0	27	17	20	0	288
jgi|Lacbi1|188449|estExt_GeneWisePlus_worm.C_30636_592-1002_1WA5:B:	0	0	5	29	0	38	22	22	0	506
jgi|Lacbi1|308867|eu2.Lbscf0003g05060_29-235_1DN1:B:	0	0	1	7	0	11	6	8	0	222
jgi|Lacbi1|322752|fgenesh3_pg.C_scaffold_3000369_32-145,198-296_2PUL:A:5-396	1	10	6	14	0	29	12	21	0	392
jgi|Lacbi1|230665|e_gwh1.3.275.1_3-264_1MUO:A:	6	6	4	9	0	28	17	16	0	261
jgi|Lacbi1|182606|estExt_GeneWisePlus_human.C_30263_36-165,197-301_1DYP:A:	1	21	3	1	0	33	17	16	0	271
jgi|Lacbi1|245357|e_gww1.3.280.1_2-312_1VDC:A:118-243	2	8	1	3	0	13	12	8	0	130
jgi|Lacbi1|188193|estExt_GeneWisePlus_worm.C_30115_23-301_1VL8:A:	2	7	6	9	0	25	10	14	0	251
jgi|Lacbi1|245359|e_gww1.3.272.1_22-348_1GP6:A:	3	14	6	11	0	40	23	16	0	350
jgi|Lacbi1|182694|estExt_GeneWisePlus_human.C_30434_694-789,818-974_1B26:A:179-412	2	7	0	10	0	25	9	14	0	234
jgi|Lacbi1|182694|estExt_GeneWisePlus_human.C_30434_501-699_1V9L:A:4-179	1	5	3	5	0	19	11	6	0	176
jgi|Lacbi1|188202|estExt_GeneWisePlus_worm.C_30131_14-241_1NFF:A:	4	7	6	7	0	23	13	15	0	244
jgi|Lacbi1|292475|estExt_fgenesh2_pg.C_30362_536-605_1OXJ:A:594-655	0	0	1	4	0	6	0	6	0	62
jgi|Lacbi1|308879|eu2.Lbscf0003g05180_8-361_1N4Q:B:	11	5	5	14	0	36	20	25	0	346
jgi|Lacbi1|308881|eu2.Lbscf0003g05200_6-33,64-147_2C35:A:14-142	2	1	2	6	0	13	8	4	0	129
jgi|Lacbi1|292479|estExt_fgenesh2_pg.C_30367_27-245_1NH8:A:1-210	0	11	2	7	0	17	12	12	0	210
jgi|Lacbi1|292479|estExt_fgenesh2_pg.C_30367_247-319_1NH8:A:211-284	0	4	2	2	0	6	3	3	0	74
jgi|Lacbi1|182747|estExt_GeneWisePlus_human.C_30537_11-210_1RYP:1:	3	12	0	4	0	20	12	13	0	222
jgi|Lacbi1|245122|e_gww1.3.295.1_1-259_2ALR:A:	8	14	3	10	0	42	18	18	0	324
jgi|Lacbi1|292481|estExt_fgenesh2_pg.C_30370_3-200_1WMA:A:2-276	2	8	1	11	0	26	15	13	0	275
jgi|Lacbi1|308903|eu2.Lbscf0003g05420_108-198_1A5R:A:	1	4	0	1	0	12	10	5	0	102
jgi|Lacbi1|188469|estExt_GeneWisePlus_worm.C_30687_8-140_1Y23:A:	0	6	3	4	0	16	11	7	0	139
jgi|Lacbi1|245639|e_gww1.3.268.1_9-328_1GP6:A:	3	14	6	11	0	40	23	16	0	350
jgi|Lacbi1|245232|e_gww1.3.115.1_212-458,490-548_1G6Q:1:	7	15	2	8	0	32	15	22	0	328
jgi|Lacbi1|245232|e_gww1.3.115.1_29-147_1WIR:A:	0	2	1	6	0	16	9	6	0	120
jgi|Lacbi1|308908|eu2.Lbscf0003g05470_21-128_1P1T:A:	2	4	0	4	0	11	10	6	0	104
jgi|Lacbi1|245054|e_gww1.3.81.1_66-622_2JG0:A:37-547	13	16	6	19	0	52	31	30	0	511
jgi|Lacbi1|182815|estExt_GeneWisePlus_human.C_30670_24-537_1CRL:A:	9	15	7	20	0	67	42	36	0	534
jgi|Lacbi1|308911|eu2.Lbscf0003g05500_8-228,306-372_1C0P:A:999-1193,A:1289-1361	6	30	14	10	0	80	40	44	1	724
jgi|Lacbi1|308911|eu2.Lbscf0003g05500_215-320_1C0P:A:1194-1288	0	6	2	1	0	9	3	3	0	95
jgi|Lacbi1|308913|eu2.Lbscf0003g05520_81-306_1OZ4:A:471-763	2	0	3	7	0	31	24	19	0	292
jgi|Lacbi1|230911|e_gwh1.3.587.1_7-350_1HUV:A:	2	12	8	12	0	43	26	14	0	353
jgi|Lacbi1|188456|estExt_GeneWisePlus_worm.C_30649_84-336_2AP9:A:6-296	4	14	2	11	0	27	16	16	0	291
jgi|Lacbi1|188456|estExt_GeneWisePlus_worm.C_30649_547-700_1VKN:A:1-144,A:308-339	3	6	2	7	0	19	10	11	1	176
jgi|Lacbi1|188456|estExt_GeneWisePlus_worm.C_30649_685-862_2G17:A:154-308	2	7	3	3	0	18	10	12	0	155
jgi|Lacbi1|182517|estExt_GeneWisePlus_human.C_30073_9-261_1EFP:B:	2	13	2	6	0	25	15	14	0	246
jgi|Lacbi1|292494|estExt_fgenesh2_pg.C_30388_9-144_1WIC:A:	6	7	0	1	0	23	14	3	0	151
jgi|Lacbi1|188284|estExt_GeneWisePlus_worm.C_30302_1074-1322_2HYD:A:324-578	2	10	5	9	0	25	21	16	0	255
jgi|Lacbi1|188284|estExt_GeneWisePlus_worm.C_30302_415-672_3B60:A:329-581	4	10	2	9	0	24	18	16	0	253
jgi|Lacbi1|188284|estExt_GeneWisePlus_worm.C_30302_744-1063_1PF4:A:10-320	0	0	9	16	0	12	11	14	0	310
jgi|Lacbi1|188284|estExt_GeneWisePlus_worm.C_30302_73-414_3B60:A:10-328	0	0	1	11	0	6	9	9	0	319
jgi|Lacbi1|308922|eu2.Lbscf0003g05610_223-550_1O6L:A:	6	9	5	10	0	39	20	21	0	337
jgi|Lacbi1|230418|e_gwh1.3.679.1_37-127_2OCC:E:	1	0	0	6	0	9	2	7	0	105
jgi|Lacbi1|322797|fgenesh3_pg.C_scaffold_3000414_29-283_1K2P:A:	3	8	4	8	0	25	12	12	0	258
jgi|Lacbi1|230208|e_gwh1.3.317.1_4-271_1OB3:A:	1	8	6	9	0	29	18	19	0	286
jgi|Lacbi1|292500|estExt_fgenesh2_pg.C_30407_40-237_1SHU:X:	2	6	3	6	0	13	8	7	0	181
jgi|Lacbi1|188270|estExt_GeneWisePlus_worm.C_30269_2-204_1KMQ:A:	0	6	3	6	0	15	10	12	0	177
jgi|Lacbi1|188270|estExt_GeneWisePlus_worm.C_30269_415-582_2GJS:A:91-258	2	6	1	5	0	13	6	8	0	168
jgi|Lacbi1|188270|estExt_GeneWisePlus_worm.C_30269_170-270,312-372_1LKJ:A:	0	4	0	8	0	12	5	3	0	146
jgi|Lacbi1|292502|estExt_fgenesh2_pg.C_30409_145-439_2OVR:B:2365-2706	0	32	2	1	0	36	24	21	0	342
jgi|Lacbi1|308947|eu2.Lbscf0003g05860_761-1218_1NVU:S:	2	4	4	21	0	35	21	23	0	481
jgi|Lacbi1|308947|eu2.Lbscf0003g05860_88-158_1SEM:A:	3	5	1	0	0	8	3	3	0	58
jgi|Lacbi1|308948|eu2.Lbscf0003g05870_56-330_1YDE:A:4-253	2	7	2	10	0	23	11	14	0	250
jgi|Lacbi1|292505|estExt_fgenesh2_pg.C_30415_5-122_1SGO:A:	0	6	1	3	0	12	8	5	0	139
jgi|Lacbi1|308957|eu2.Lbscf0003g05960_292-392_1WGV:A:	5	7	1	0	0	20	16	5	0	123
jgi|Lacbi1|322816|fgenesh3_pg.C_scaffold_3000433_3-300_1A6Q:A:2-296	3	15	2	7	0	26	16	16	0	295
jgi|Lacbi1|322818|fgenesh3_pg.C_scaffold_3000435_369-997_1XM9:A:244-700	0	0	2	27	0	26	20	30	0	457
jgi|Lacbi1|182825|estExt_GeneWisePlus_human.C_30687_103-390_1FX0:A:97-372	7	8	6	5	0	32	23	17	0	276
jgi|Lacbi1|308969|eu2.Lbscf0003g06080_34-161_1AGR:E:	0	0	0	9	0	8	4	12	0	128
jgi|Lacbi1|322822|fgenesh3_pg.C_scaffold_3000439_256-333,369-443_1PGV:A:	2	5	0	7	0	21	9	7	0	167
jgi|Lacbi1|322822|fgenesh3_pg.C_scaffold_3000439_47-111_1NEX:B:270-369	0	0	0	7	0	9	5	6	0	100
jgi|Lacbi1|292507|estExt_fgenesh2_pg.C_30423_3-147_2V7F:A:2-150	1	2	2	6	0	12	6	6	0	149
jgi|Lacbi1|308972|eu2.Lbscf0003g06110_5-157_2CX4:A:4-163	2	9	0	5	0	19	10	14	0	159
jgi|Lacbi1|308973|eu2.Lbscf0003g06120_2-317_1JR1:A:17-112,A:233-514	9	15	3	12	0	48	29	18	1	378
jgi|Lacbi1|308976|eu2.Lbscf0003g06150_504-764_2HU7:A:322-581	1	8	2	10	0	27	14	15	0	260
jgi|Lacbi1|308976|eu2.Lbscf0003g06150_129-208,266-410_1K32:A:320-679	4	31	5	1	0	46	27	17	0	360
jgi|Lacbi1|308977|eu2.Lbscf0003g06160_18-140_1ZAV:A:1-177	0	5	2	6	0	12	5	9	0	177
jgi|Lacbi1|292511|estExt_fgenesh2_pg.C_30428_9-134,170-316_1TE4:A:	0	0	3	6	0	11	9	5	0	111
jgi|Lacbi1|290827|estExt_fgenesh2_pm.C_30029_26-249_1SNY:A:	3	7	6	7	0	28	16	13	0	266
jgi|Lacbi1|150186|gww1.3.496.1_1-77_1MNM:A:	0	2	0	3	0	7	4	4	0	85
jgi|Lacbi1|308988|eu2.Lbscf0003g06270_26-142_1WZN:A:1-251	1	11	4	7	0	20	9	14	0	251
jgi|Lacbi1|292515|estExt_fgenesh2_pg.C_30434_9-161_1J7D:B:	3	4	1	4	0	21	11	12	0	149
jgi|Lacbi1|182751|estExt_GeneWisePlus_human.C_30544_246-378,418-469_1US7:B:	0	0	2	9	0	13	7	10	0	201
jgi|Lacbi1|245351|e_gww1.3.395.1_109-213_2QAM:G:82-176	2	4	0	1	0	13	7	5	0	95
jgi|Lacbi1|245351|e_gww1.3.395.1_26-108_1RL6:A:7-81	0	6	0	1	0	8	2	6	0	75
jgi|Lacbi1|308994|eu2.Lbscf0003g06330_220-355_1FL0:A:	4	15	3	1	0	26	10	12	0	170
jgi|Lacbi1|308994|eu2.Lbscf0003g06330_19-118_2HRK:B:4-121	0	0	2	6	0	9	7	8	0	121
jgi|Lacbi1|308995|eu2.Lbscf0003g06340_5-354_1GP6:A:	3	14	6	11	0	40	23	16	0	350
jgi|Lacbi1|308996|eu2.Lbscf0003g06350_81-141_1N1J:B:	1	1	1	3	0	7	3	6	0	78
jgi|Lacbi1|308997|eu2.Lbscf0003g06360_32-184_1GME:A:	1	8	5	2	0	17	6	7	0	150
jgi|Lacbi1|308999|eu2.Lbscf0003g06380_3-215_1KEY:A:	0	0	2	8	0	9	6	8	0	218
jgi|Lacbi1|309000|eu2.Lbscf0003g06390_1294-1383,1427-1450,1478-1799_1SXJ:C:12-238	3	5	3	12	0	22	13	12	0	227
jgi|Lacbi1|309000|eu2.Lbscf0003g06390_193-226,348-432,524-582,655-710,810-868_1Z3X:A:1-87	0	0	0	5	0	7	4	5	0	87
jgi|Lacbi1|230870|e_gwh1.3.12.1_282-528,597-826_1A1V:A:190-325	0	7	1	4	0	14	10	6	0	136
jgi|Lacbi1|292519|estExt_fgenesh2_pg.C_30440_1057-1158_1R29:A:	0	3	0	6	0	11	5	9	0	122
jgi|Lacbi1|182757|estExt_GeneWisePlus_human.C_30557_53-259_1CI0:A:	0	10	1	5	0	21	12	8	0	205
jgi|Lacbi1|309006|eu2.Lbscf0003g06450_5-180,295-380_2FLU:X:325-609	14	28	0	0	0	37	15	14	0	285
jgi|Lacbi1|230584|e_gwh1.3.663.1_44-138_1J7L:A:	1	10	2	9	0	29	20	16	0	263
jgi|Lacbi1|309007|eu2.Lbscf0003g06460_70-126_1CHC:A:	0	3	0	1	0	9	8	3	0	68
jgi|Lacbi1|309008|eu2.Lbscf0003g06470_199-251_2HAP:C:55-97	0	0	1	2	0	6	3	2	0	43
jgi|Lacbi1|245278|e_gww1.3.644.1_172-296_1R21:A:	0	11	0	0	0	15	8	6	0	100
jgi|Lacbi1|292523|estExt_fgenesh2_pg.C_30447_30-128_1BUO:A:	0	3	1	6	0	11	5	4	0	121
jgi|Lacbi1|244943|e_gww1.3.234.1_10-194_1KOL:A:2-160,A:356-397	6	11	2	6	0	34	16	13	1	201
jgi|Lacbi1|244943|e_gww1.3.234.1_215-365_1CDO:A:165-339	2	7	4	8	0	23	11	10	0	175
jgi|Lacbi1|188163|estExt_GeneWisePlus_worm.C_30054_390-572,730-815_1VGY:A:2-180,A:294-376	6	13	2	7	0	28	17	16	1	262
jgi|Lacbi1|188163|estExt_GeneWisePlus_worm.C_30054_22-371_1P22:A:253-545	0	28	0	1	0	35	23	13	0	293
jgi|Lacbi1|188163|estExt_GeneWisePlus_worm.C_30054_654-709_1R3N:A:248-363	0	7	1	2	0	11	4	5	0	116
jgi|Lacbi1|245635|e_gww1.3.284.1_26-263_1SGJ:A:	0	8	2	10	0	19	18	15	0	231
jgi|Lacbi1|188465|estExt_GeneWisePlus_worm.C_30675_42-431_1Q7E:A:	0	11	5	17	0	41	21	30	0	427
jgi|Lacbi1|245099|e_gww1.3.472.1_28-160_1C02:A:	0	0	2	6	0	12	9	9	0	166
jgi|Lacbi1|244993|e_gww1.3.48.1_16-91,339-384_2J0S:A:22-243	0	7	3	9	0	25	14	17	0	223
jgi|Lacbi1|309027|eu2.Lbscf0003g06660_121-177,332-413,629-785_2OVR:B:2365-2706	0	32	2	1	0	36	24	21	0	342
jgi|Lacbi1|309028|eu2.Lbscf0003g06670_78-138_1N1J:B:	1	1	1	3	0	7	3	6	0	78
jgi|Lacbi1|309030|eu2.Lbscf0003g06690_63-138_1ML9:A:	5	15	6	5	0	45	22	13	0	284
jgi|Lacbi1|177012|estExt_Genewise1_worm.C_30073_238-504_1AMO:A:243-518	5	10	2	8	0	39	20	12	0	276
jgi|Lacbi1|177012|estExt_Genewise1_worm.C_30073_62-226_1JA1:A:63-239	0	7	4	5	0	17	7	9	0	177
jgi|Lacbi1|177012|estExt_Genewise1_worm.C_30073_554-728_1AMO:A:519-678	0	5	1	6	0	9	6	11	0	160
jgi|Lacbi1|309035|eu2.Lbscf0003g06740_3-72_2CPE:A:353-453	6	6	0	2	0	15	8	6	0	101
jgi|Lacbi1|171620|estExt_Genewise1_human.C_30073_102-451_1H6U:A:36-262	1	11	8	3	0	40	14	19	0	227
jgi|Lacbi1|292536|estExt_fgenesh2_pg.C_30466_351-425_1X2N:A:6-67	0	0	0	3	0	4	2	2	0	60
jgi|Lacbi1|309042|eu2.Lbscf0003g06810_133-202_1P91:A:	4	11	1	8	0	29	16	19	0	268
jgi|Lacbi1|309043|eu2.Lbscf0003g06820_113-212_1FSI:A:	2	7	1	4	0	18	1	7	0	188
jgi|Lacbi1|245416|e_gww1.3.654.1_62-256_1XZP:A:212-371	1	6	1	6	0	15	10	10	0	160
jgi|Lacbi1|309052|eu2.Lbscf0003g06910_14-88,115-299,357-433_2BW3:A:163-609	0	5	7	21	0	33	14	25	0	447
jgi|Lacbi1|245017|e_gww1.3.219.1_4-123,293-377_1VGY:A:2-180,A:294-376	6	13	2	7	0	28	17	16	1	262
jgi|Lacbi1|245017|e_gww1.3.219.1_205-259_1R3N:A:248-363	0	7	1	2	0	11	4	5	0	116
jgi|Lacbi1|145649|gww1.3.267.1_2-211_1CKI:A:	5	10	3	10	0	30	14	16	0	299
jgi|Lacbi1|309062|eu2.Lbscf0003g07010_223-322_1MUO:A:	6	6	4	9	0	28	17	16	0	261
jgi|Lacbi1|309063|eu2.Lbscf0003g07020_105-294_1MNA:A:	0	9	2	10	0	29	20	14	0	281
jgi|Lacbi1|309066|eu2.Lbscf0003g07050_5-180,222-372_1N0U:A:3-343	9	9	5	14	0	30	13	15	0	341
jgi|Lacbi1|309066|eu2.Lbscf0003g07050_678-729,770-924_1N0U:A:561-725	1	7	1	5	0	15	13	8	0	165
jgi|Lacbi1|309066|eu2.Lbscf0003g07050_927-1038_1N0U:A:726-842	0	4	3	3	0	11	3	6	0	117
jgi|Lacbi1|309066|eu2.Lbscf0003g07050_411-427,485-575_1N0U:A:344-481	3	10	0	2	0	16	10	11	0	138
jgi|Lacbi1|309066|eu2.Lbscf0003g07050_602-676_1N0U:A:482-560	0	4	1	2	0	9	6	3	0	79
jgi|Lacbi1|230493|e_gwh1.3.573.1_3-427_1NVU:S:	2	4	4	21	0	35	21	23	0	481
jgi|Lacbi1|309070|eu2.Lbscf0003g07090_774-1090_1XJD:A:	8	7	5	9	0	32	15	17	0	320
jgi|Lacbi1|309070|eu2.Lbscf0003g07090_140-209_1URF:A:	0	0	0	2	0	5	2	1	0	80
jgi|Lacbi1|309070|eu2.Lbscf0003g07090_442-500_1FAQ:A:	1	4	0	0	0	9	5	3	0	52
jgi|Lacbi1|309070|eu2.Lbscf0003g07090_511-572_1TBO:A:	2	3	0	0	0	13	9	2	0	66
jgi|Lacbi1|309070|eu2.Lbscf0003g07090_236-336,394-416_1WFJ:A:	0	8	0	1	0	15	11	3	0	135
jgi|Lacbi1|309074|eu2.Lbscf0003g07130_26-241_1NIJ:A:2-223	0	9	2	7	0	28	21	11	0	222
jgi|Lacbi1|309074|eu2.Lbscf0003g07130_300-377_1NIJ:A:224-318	2	5	0	2	0	8	4	5	0	95
jgi|Lacbi1|245407|e_gww1.3.192.1_2-245_1TUB:B:1-245	2	5	1	8	0	23	21	13	0	243
jgi|Lacbi1|245407|e_gww1.3.192.1_246-442_1TUB:B:246-437	1	4	4	7	1	21	16	10	0	184
jgi|Lacbi1|188472|estExt_GeneWisePlus_worm.C_30691_27-174_1VHR:A:	2	5	1	8	0	14	9	10	0	178
jgi|Lacbi1|309077|eu2.Lbscf0003g07160_292-368_1S7B:A:	0	0	0	4	0	10	7	3	0	109
jgi|Lacbi1|309078|eu2.Lbscf0003g07170_42-197,258-368,433-483_1A06:A:	4	8	4	10	0	29	20	14	0	307
jgi|Lacbi1|230666|e_gwh1.3.267.1_88-216_1WIN:A:	0	6	0	5	0	15	6	3	0	142
jgi|Lacbi1|188376|estExt_GeneWisePlus_worm.C_30484_101-181_2CAZ:C:139-203	0	0	0	2	0	3	0	0	0	65
jgi|Lacbi1|188180|estExt_GeneWisePlus_worm.C_30084_56-149_2NN6:G:107-194	2	5	0	0	0	13	11	4	0	88
jgi|Lacbi1|188180|estExt_GeneWisePlus_worm.C_30084_145-208_2NN6:G:195-274	0	3	0	4	0	9	5	5	0	80
jgi|Lacbi1|188180|estExt_GeneWisePlus_worm.C_30084_3-56_2NN6:G:16-106	2	6	1	0	0	13	8	2	0	91
jgi|Lacbi1|245320|e_gww1.3.221.1_148-394_2CE7:A:150-402	2	5	6	9	0	24	12	16	0	253
jgi|Lacbi1|188301|estExt_GeneWisePlus_worm.C_30339_1031-1279_1QVR:A:536-850	5	9	4	14	0	30	21	15	0	315
jgi|Lacbi1|188301|estExt_GeneWisePlus_worm.C_30339_1734-1950_1RKB:A:	2	5	2	7	0	17	8	6	0	172
jgi|Lacbi1|188301|estExt_GeneWisePlus_worm.C_30339_605-681,791-967_1NY5:A:138-384	4	9	2	11	0	25	17	12	0	247
jgi|Lacbi1|188301|estExt_GeneWisePlus_worm.C_30339_1329-1404,1472-1627_1KSF:X:168-436	0	5	1	10	1	25	19	11	0	269
jgi|Lacbi1|188301|estExt_GeneWisePlus_worm.C_30339_2049-2100,2170-2268_1N25:A:	0	7	3	19	0	35	16	23	0	362
jgi|Lacbi1|188301|estExt_GeneWisePlus_worm.C_30339_267-490_1QVR:A:536-850	5	9	4	14	0	30	21	15	0	315
jgi|Lacbi1|188301|estExt_GeneWisePlus_worm.C_30339_4553-4700,4730-4767_1QC5:A:	1	6	3	8	0	15	13	11	0	192
jgi|Lacbi1|182791|estExt_GeneWisePlus_human.C_30625_136-260_1NEK:B:107-238	0	0	0	8	0	16	6	9	0	132
jgi|Lacbi1|182791|estExt_GeneWisePlus_human.C_30625_31-134_1NEK:B:1-106	3	7	0	1	0	15	7	8	0	106
jgi|Lacbi1|309096|eu2.Lbscf0003g07350_80-523_1GAI:A:	10	9	6	14	0	48	26	31	0	472
jgi|Lacbi1|309096|eu2.Lbscf0003g07350_543-637_1KUL:A:	2	9	1	0	0	22	9	4	0	108
jgi|Lacbi1|309098|eu2.Lbscf0003g07370_342-392_1IYM:A:	0	2	0	1	0	11	6	4	0	54
jgi|Lacbi1|309098|eu2.Lbscf0003g07370_120-161_1DE4:C:190-382	5	12	2	3	0	32	18	14	0	193
jgi|Lacbi1|292557|estExt_fgenesh2_pg.C_30513_188-217_1RGO:A:187-220	2	0	1	1	0	7	4	2	0	34
jgi|Lacbi1|322919|fgenesh3_pg.C_scaffold_3000536_9-239_1WOV:A:2-250	0	1	3	14	0	16	6	11	0	249
jgi|Lacbi1|309101|eu2.Lbscf0003g07400_41-383_1DPJ:A:	4	26	6	5	0	36	14	22	0	329
jgi|Lacbi1|309105|eu2.Lbscf0003g07440_48-155_1D5A:A:1-347	0	17	1	9	0	27	25	19	0	347
jgi|Lacbi1|148633|gww1.3.427.1_16-136_1CLQ:A:1-375	2	16	5	12	0	38	21	19	0	375
jgi|Lacbi1|309107|eu2.Lbscf0003g07460_37-124_1TBU:A:13-116	0	6	0	1	0	11	7	4	0	104
jgi|Lacbi1|309110|eu2.Lbscf0003g07490_8-100_1DHN:A:	0	4	1	4	0	14	8	2	0	121
jgi|Lacbi1|188236|estExt_GeneWisePlus_worm.C_30195_559-801_1Y4J:A:28-294	11	11	2	5	0	39	24	24	0	267
jgi|Lacbi1|182672|estExt_GeneWisePlus_human.C_30389_36-177_1T44:G:	1	8	1	4	0	15	3	10	0	144
jgi|Lacbi1|182672|estExt_GeneWisePlus_human.C_30389_276-380_1JHW:A:245-346	4	5	2	1	0	16	6	6	0	102
jgi|Lacbi1|182672|estExt_GeneWisePlus_human.C_30389_170-262_1SVY:A:	2	5	1	2	0	14	9	6	0	102
jgi|Lacbi1|309120|eu2.Lbscf0003g07590_188-244,278-434_1RZT:A:386-575	1	11	2	6	0	21	6	11	0	190
jgi|Lacbi1|309120|eu2.Lbscf0003g07590_38-126_1BPY:A:10-91	0	0	0	5	0	7	4	2	0	82
jgi|Lacbi1|309120|eu2.Lbscf0003g07590_130-185_1JN3:A:91-148	0	0	2	4	0	5	4	5	0	58
jgi|Lacbi1|309123|eu2.Lbscf0003g07620_6-228,269-314,343-387_1GOT:B:	1	28	0	2	0	36	22	23	0	339
jgi|Lacbi1|230442|e_gwh1.3.159.1_99-466_1DTW:A:	6	8	8	10	0	37	19	29	0	394
jgi|Lacbi1|148745|gww1.3.433.1_70-139_1C99:A:	0	0	1	2	0	2	1	1	0	79
jgi|Lacbi1|309138|eu2.Lbscf0003g07770_6-267_1N3J:A:	3	9	0	2	0	19	13	1	0	119
jgi|Lacbi1|309140|eu2.Lbscf0003g07790_12-355_1V9M:A:	0	0	6	15	0	22	14	15	0	319
jgi|Lacbi1|309141|eu2.Lbscf0003g07800_5-154_1QGV:A:	1	5	0	3	0	14	10	7	0	137
jgi|Lacbi1|309143|eu2.Lbscf0003g07820_34-93_1V9M:A:	0	0	6	15	0	22	14	15	0	319
jgi|Lacbi1|182495|estExt_GeneWisePlus_human.C_30026_12-311_1N1B:A:271-598	0	0	1	15	0	19	10	13	0	328
jgi|Lacbi1|309154|eu2.Lbscf0003g07930_42-170_2DYA:A:6-158	0	4	3	8	0	14	8	9	0	154
jgi|Lacbi1|245538|e_gww1.3.460.1_1-83_2F0X:A:3-138	3	6	2	2	0	13	5	6	0	136
jgi|Lacbi1|292578|estExt_fgenesh2_pg.C_30554_85-307_1RX0:A:10-240	3	8	4	6	0	17	10	16	0	231
jgi|Lacbi1|292578|estExt_fgenesh2_pg.C_30554_300-458_2D29:A:235-387	1	2	3	5	0	4	4	6	0	153
jgi|Lacbi1|309163|eu2.Lbscf0003g08020_116-188_1LCY:A:226-325	0	8	0	3	0	13	6	8	0	100
jgi|Lacbi1|177156|estExt_Genewise1_worm.C_30330_4-270_5CSM:A:	0	0	3	12	0	21	13	19	0	256
jgi|Lacbi1|309165|eu2.Lbscf0003g08040_117-259,308-341_1Y63:A:	0	5	2	7	0	14	11	7	0	174
jgi|Lacbi1|309166|eu2.Lbscf0003g08050_679-715_1PYI:A:30-71	0	2	0	2	0	6	1	3	0	42
jgi|Lacbi1|309166|eu2.Lbscf0003g08050_479-527_1D66:A:8-48	0	0	0	2	0	4	1	2	0	41
jgi|Lacbi1|309167|eu2.Lbscf0003g08060_356-404_1D66:A:8-48	0	0	0	2	0	4	1	2	0	41
jgi|Lacbi1|177029|estExt_Genewise1_worm.C_30107_2-385_2GP4:A:1-418	5	7	4	13	0	30	17	20	0	418
jgi|Lacbi1|177029|estExt_Genewise1_worm.C_30107_387-566_2GP4:A:419-608	2	8	8	5	0	22	17	12	0	190
jgi|Lacbi1|322968|fgenesh3_pg.C_scaffold_3000585_512-668_2A2N:A:483-646	6	8	1	2	0	24	12	11	0	164
jgi|Lacbi1|322968|fgenesh3_pg.C_scaffold_3000585_91-321_1VYH:C:92-408	0	28	1	0	0	39	25	14	0	317
jgi|Lacbi1|322968|fgenesh3_pg.C_scaffold_3000585_271-400,438-478_1FLG:A:	8	40	6	3	0	86	43	41	0	582
jgi|Lacbi1|245367|e_gww1.3.19.1_911-991_1WGM:A:	4	3	0	2	0	17	11	7	0	97
jgi|Lacbi1|309174|eu2.Lbscf0003g08130_38-99_2J01:8:2-65	0	3	0	2	0	12	7	3	0	64
jgi|Lacbi1|322971|fgenesh3_pg.C_scaffold_3000588_117-187_1ND4:A:	2	10	5	7	0	32	13	15	0	255
jgi|Lacbi1|309180|eu2.Lbscf0003g08190_423-791_1ND7:A:	2	12	7	14	0	33	22	22	0	373
jgi|Lacbi1|309180|eu2.Lbscf0003g08190_13-135_2EP6:A:92-217	2	9	1	0	0	17	11	4	0	126
jgi|Lacbi1|309180|eu2.Lbscf0003g08190_371-410_1TK7:A:1-45	0	3	0	1	0	5	4	3	0	43
jgi|Lacbi1|309180|eu2.Lbscf0003g08190_322-358_1JMQ:A:	3	2	0	0	0	7	4	3	0	46
jgi|Lacbi1|309180|eu2.Lbscf0003g08190_240-273_1TK7:A:1-45	0	3	0	1	0	5	4	3	0	43
jgi|Lacbi1|309182|eu2.Lbscf0003g08210_191-370,439-454,841-891,992-1090_1WA5:B:	0	0	5	29	0	38	22	22	0	506
jgi|Lacbi1|309182|eu2.Lbscf0003g08210_24-86_1URF:A:	0	0	0	2	0	5	2	1	0	80
jgi|Lacbi1|322978|fgenesh3_pg.C_scaffold_3000595_6-99_1ELW:A:	0	0	0	7	0	11	0	7	0	117
jgi|Lacbi1|322978|fgenesh3_pg.C_scaffold_3000595_248-502_2BNH:A:	5	17	2	16	0	59	26	25	0	456
jgi|Lacbi1|322978|fgenesh3_pg.C_scaffold_3000595_136-199_1NEX:B:270-369	0	0	0	7	0	9	5	6	0	100
jgi|Lacbi1|292588|estExt_fgenesh2_pg.C_30573_6-92_1LQ9:A:	3	4	1	3	0	7	7	8	0	112
jgi|Lacbi1|188276|estExt_GeneWisePlus_worm.C_30281_15-292_1OKC:A:	0	0	6	11	0	19	10	9	0	292
jgi|Lacbi1|245445|e_gww1.3.620.1_80-214_1WIN:A:	0	6	0	5	0	15	6	3	0	142
jgi|Lacbi1|322986|fgenesh3_pg.C_scaffold_3000603_224-462_1YRG:A:	3	14	2	12	0	46	15	21	0	343
jgi|Lacbi1|192503|estExt_fgenesh1_kg.C_30020_22-85_2BSK:A:13-85	0	0	0	3	0	4	2	0	0	73
jgi|Lacbi1|309198|eu2.Lbscf0003g08370_15-358_1GG1:A:	4	11	2	10	0	36	17	18	0	343
jgi|Lacbi1|309199|eu2.Lbscf0003g08380_661-1071_1IIR:A:	0	13	4	14	0	38	21	15	0	401
jgi|Lacbi1|309199|eu2.Lbscf0003g08380_229-328_1EAZ:A:	0	7	1	2	0	13	8	5	0	104
jgi|Lacbi1|188373|estExt_GeneWisePlus_worm.C_30476_45-303,402-481_1NEK:A:1-235,A:356-450	7	17	3	8	0	41	22	15	1	330
jgi|Lacbi1|188373|estExt_GeneWisePlus_worm.C_30476_494-639_1KF6:A:443-576	6	2	0	3	0	16	7	5	0	134
jgi|Lacbi1|188373|estExt_GeneWisePlus_worm.C_30476_280-398_1NEK:A:236-355	2	4	1	5	0	14	7	9	0	120
jgi|Lacbi1|309201|eu2.Lbscf0003g08400_5-227_1IA8:A:	5	12	5	7	0	36	16	18	0	275
jgi|Lacbi1|230536|e_gwh1.3.134.1_20-146,415-541_1A6D:A:17-145,A:404-519	0	9	1	11	0	18	7	14	1	245
jgi|Lacbi1|230536|e_gwh1.3.134.1_212-388_1Q3Q:A:217-369	3	9	2	3	0	18	15	4	0	153
jgi|Lacbi1|230536|e_gwh1.3.134.1_153-217,381-416_1Q3Q:A:146-216,A:370-405	1	5	3	3	0	8	7	2	1	107
jgi|Lacbi1|230763|e_gwh1.3.61.1_112-322,426-487_1VLO:A:4-277	5	13	5	9	0	25	12	21	0	274
jgi|Lacbi1|188460|estExt_GeneWisePlus_worm.C_30663_1-277,305-339_1UDB:A:	3	13	1	11	0	38	21	15	0	338
jgi|Lacbi1|245192|e_gww1.3.288.1_1-264_1CKI:A:	5	10	3	10	0	30	14	16	0	299
jgi|Lacbi1|188285|estExt_GeneWisePlus_worm.C_30305_33-211_1OVM:A:3-180	2	6	2	9	0	16	9	9	0	178
jgi|Lacbi1|188285|estExt_GeneWisePlus_worm.C_30305_392-583_1PVD:A:361-556	2	6	4	9	0	22	7	15	0	196
jgi|Lacbi1|188285|estExt_GeneWisePlus_worm.C_30305_198-373_1QPB:A:182-360	0	9	4	4	0	18	11	9	0	179
jgi|Lacbi1|245334|e_gww1.3.77.1_5-671_1S4B:P:	4	10	7	26	0	53	26	37	0	654
jgi|Lacbi1|309214|eu2.Lbscf0003g08530_394-546_2GM3:A:5-175	2	5	1	5	0	17	9	6	0	171
jgi|Lacbi1|245262|e_gww1.3.432.1_19-178_1ZD9:A:18-181	0	6	3	6	0	16	9	13	0	165
jgi|Lacbi1|323012|fgenesh3_pg.C_scaffold_3000629_248-322_1JM7:A:	2	0	1	3	0	11	9	5	0	103
jgi|Lacbi1|169220|gwh1.3.681.1_4-117_2QAL:L:1-123	4	5	0	1	0	21	11	8	0	123
jgi|Lacbi1|292614|estExt_fgenesh2_pg.C_30611_295-359_1HLV:A:67-131	0	0	1	3	0	4	0	4	0	63
jgi|Lacbi1|309226|eu2.Lbscf0003g08650_16-58_1D66:A:8-48	0	0	0	2	0	4	1	2	0	41
jgi|Lacbi1|230624|e_gwh1.3.224.1_16-267_1VL0:A:	5	12	1	11	0	29	19	11	0	291
jgi|Lacbi1|323025|fgenesh3_pg.C_scaffold_3000642_4-220_1XXL:A:	5	8	2	9	0	23	10	12	0	238
jgi|Lacbi1|245059|e_gww1.3.65.1_10-399_1LDJ:A:17-410	0	0	1	19	0	17	14	19	0	394
jgi|Lacbi1|245059|e_gww1.3.65.1_403-672_1LDJ:A:411-686	3	7	3	9	0	24	12	13	0	276
jgi|Lacbi1|245059|e_gww1.3.65.1_674-763_1LDJ:A:687-776	0	3	0	3	0	4	3	4	0	90
jgi|Lacbi1|188199|estExt_GeneWisePlus_worm.C_30125_237-528_1LLQ:A:296-600	5	9	6	11	0	37	20	13	0	305
jgi|Lacbi1|188199|estExt_GeneWisePlus_worm.C_30125_20-236_1DO8:A:21-279	2	5	4	13	0	28	17	14	0	259
jgi|Lacbi1|171643|estExt_Genewise1_human.C_30118_3-518_1DQU:A:	3	13	5	23	0	50	31	25	0	519
jgi|Lacbi1|245314|e_gww1.3.344.1_3-284_1IZN:A:	1	10	1	7	0	22	12	12	0	275
jgi|Lacbi1|182594|estExt_GeneWisePlus_human.C_30231_1740-1992_3E9L:A:1760-2016	0	9	7	7	0	28	14	13	0	257
jgi|Lacbi1|182594|estExt_GeneWisePlus_human.C_30231_973-1230_3E9O:A:1835-2087	1	8	6	7	0	28	17	14	0	252
jgi|Lacbi1|309244|eu2.Lbscf0003g08830_299-415_1X1G:A:8-123	0	7	0	1	0	18	14	3	0	116
jgi|Lacbi1|309247|eu2.Lbscf0003g08860_543-644,860-975_1TH0:A:	0	7	6	7	0	16	6	15	0	226
jgi|Lacbi1|230398|e_gwh1.3.124.1_105-231,293-460_1OA4:A:	3	17	1	1	0	28	18	10	0	222
jgi|Lacbi1|292626|estExt_fgenesh2_pg.C_30632_74-132_1FS1:A:109-149	0	0	2	3	0	6	2	3	0	41
jgi|Lacbi1|292626|estExt_fgenesh2_pg.C_30632_214-390_1D0B:A:	0	10	7	3	0	37	15	16	0	207
jgi|Lacbi1|309251|eu2.Lbscf0003g08900_363-528_2CQC:A:109-191	0	5	1	2	0	7	6	3	0	82
jgi|Lacbi1|309251|eu2.Lbscf0003g08900_273-358_2GHP:A:116-196	0	6	0	2	0	9	2	4	0	81
jgi|Lacbi1|309251|eu2.Lbscf0003g08900_194-271_2CQ4:A:132-232	0	5	1	4	0	10	7	6	0	101
jgi|Lacbi1|309251|eu2.Lbscf0003g08900_29-119_1ELW:A:	0	0	0	7	0	11	0	7	0	117
jgi|Lacbi1|309252|eu2.Lbscf0003g08910_96-188_2CR2:A:8-153	4	10	1	1	0	22	13	6	0	146
jgi|Lacbi1|309252|eu2.Lbscf0003g08910_204-260,370-403,470-499_1BUO:A:	0	3	1	6	0	11	5	4	0	121
jgi|Lacbi1|309255|eu2.Lbscf0003g08940_75-123_1PYI:A:30-71	0	2	0	2	0	6	1	3	0	42
jgi|Lacbi1|309256|eu2.Lbscf0003g08950_14-327_1YOV:A:6-534	6	10	2	23	0	45	33	28	0	529
jgi|Lacbi1|245542|e_gww1.3.5.1_425-609,663-709_1F0I:A:6-263	5	9	3	7	0	19	12	12	0	258
jgi|Lacbi1|245542|e_gww1.3.5.1_717-924_1BYR:A:	2	8	0	5	0	13	9	7	0	152
jgi|Lacbi1|245542|e_gww1.3.5.1_154-269_1H6H:A:	0	3	1	6	0	14	9	6	0	143
jgi|Lacbi1|177307|estExt_Genewise1_worm.C_30660_18-287_1JKS:A:	7	9	4	9	0	33	20	13	0	293
jgi|Lacbi1|245379|e_gww1.3.611.1_26-326_1GQ8:A:	3	24	6	3	0	47	33	20	0	318
jgi|Lacbi1|292631|estExt_fgenesh2_pg.C_30642_20-123_1R29:A:	0	3	0	6	0	11	5	9	0	122
jgi|Lacbi1|292636|estExt_fgenesh2_pg.C_30648_2-116_1T3K:A:	0	5	0	4	0	15	17	5	0	132
jgi|Lacbi1|292638|estExt_fgenesh2_pg.C_30652_135-286,323-438_1FQV:A:146-431	8	13	3	8	0	55	21	24	0	286
jgi|Lacbi1|182799|estExt_GeneWisePlus_human.C_30641_8-367_1YRG:A:	3	14	2	12	0	46	15	21	0	343
jgi|Lacbi1|145836|gww1.3.279.1_20-50_7ZNF:A:	0	2	0	1	0	5	3	2	0	30
jgi|Lacbi1|171793|estExt_Genewise1_human.C_30385_48-228_1R3B:A:	2	0	2	7	0	15	12	7	0	201
jgi|Lacbi1|292644|estExt_fgenesh2_pg.C_30660_50-230_1R3B:A:	2	0	2	7	0	15	12	7	0	201
jgi|Lacbi1|309278|eu2.Lbscf0003g09170_22-130_1PLB:A:	0	9	1	0	0	18	10	5	0	97
jgi|Lacbi1|182812|estExt_GeneWisePlus_human.C_30665_12-194_1QZU:A:	0	5	3	8	0	18	11	11	0	181
jgi|Lacbi1|309284|eu2.Lbscf0003g09230_1-70_1B89:A:	0	0	2	22	0	24	7	21	0	336
jgi|Lacbi1|309286|eu2.Lbscf0003g09250_31-100_1HDJ:A:	0	0	1	4	0	9	2	7	0	76
jgi|Lacbi1|309293|eu2.Lbscf0003g09320_149-279_1GXL:A:	2	8	4	7	0	19	12	14	0	205
jgi|Lacbi1|323079|fgenesh3_pg.C_scaffold_3000696_13-48,112-171_1N1M:A:39-508	9	38	3	4	0	58	37	26	0	470
jgi|Lacbi1|323084|fgenesh3_pg.C_scaffold_3000701_601-831_1VRB:A:8-326	2	13	4	10	0	39	20	15	0	319
jgi|Lacbi1|323085|fgenesh3_pg.C_scaffold_3000702_18-131_1PGU:A:2-326	3	28	2	0	0	35	19	22	0	325
jgi|Lacbi1|323087|fgenesh3_pg.C_scaffold_3000704_18-131_1PGU:A:327-613	0	28	0	0	0	31	21	20	0	287
jgi|Lacbi1|292649|estExt_fgenesh2_pg.C_30682_17-243_1PGU:A:327-613	0	28	0	0	0	31	21	20	0	287
jgi|Lacbi1|323090|fgenesh3_pg.C_scaffold_3000707_408-647_1N1M:A:39-508	9	38	3	4	0	58	37	26	0	470
jgi|Lacbi1|309329|eu2.Lbscf0003g09680_28-86_1MUO:A:	6	6	4	9	0	28	17	16	0	261
jgi|Lacbi1|309329|eu2.Lbscf0003g09680_216-287_1UMW:A:373-500	2	6	3	2	0	14	6	9	0	128
jgi|Lacbi1|308363|eu2.Lbscf0003g00020_2-57_2BW3:A:163-609	0	5	7	21	0	33	14	25	0	447
jgi|Lacbi1|317685|eu2.Lbscf0085g00020_2-57_2BW3:A:163-609	0	5	7	21	0	33	14	25	0	447
jgi|Lacbi1|308411|eu2.Lbscf0003g00500_4-181_2BW3:A:163-609	0	5	7	21	0	33	14	25	0	447
jgi|Lacbi1|308416|eu2.Lbscf0003g00550_649-737_2RSP:A:	1	11	0	1	0	21	11	5	0	124
jgi|Lacbi1|292386|estExt_fgenesh2_pg.C_30049_6-148_1VCL:A:151-283	3	13	4	0	0	19	7	5	0	133
jgi|Lacbi1|322456|fgenesh3_pg.C_scaffold_3000073_260-527_2BNH:A:	5	17	2	16	0	59	26	25	0	456
jgi|Lacbi1|308480|eu2.Lbscf0003g01190_37-103_2BV3:A:7-282	2	11	3	8	0	22	12	14	0	276
jgi|Lacbi1|322500|fgenesh3_pg.C_scaffold_3000117_98-330_2BW3:A:163-609	0	5	7	21	0	33	14	25	0	447
jgi|Lacbi1|308513|eu2.Lbscf0003g01520_4-92_6PAX:A:69-133	0	0	0	3	0	7	3	4	0	65
jgi|Lacbi1|322508|fgenesh3_pg.C_scaffold_3000125_23-80_1P22:A:135-252	0	0	2	7	0	7	4	6	0	114
jgi|Lacbi1|147022|gww1.3.355.1_19-210_1CGL:A:	2	5	0	3	0	22	18	7	0	168
jgi|Lacbi1|308530|eu2.Lbscf0003g01690_23-162_2BW3:A:163-609	0	5	7	21	0	33	14	25	0	447
jgi|Lacbi1|147032|gww1.3.356.1_11-151_1CGL:A:	2	5	0	3	0	22	18	7	0	168
jgi|Lacbi1|161711|gwh1.196.2.1_11-151_1CGL:A:	2	5	0	3	0	22	18	7	0	168
jgi|Lacbi1|308537|eu2.Lbscf0003g01760_146-260_1TQI:A:91-282	0	10	1	4	0	15	9	8	0	192
jgi|Lacbi1|244979|e_gww1.3.527.1_396-767_1E5M:A:6-255	6	7	5	9	0	27	15	17	0	250
jgi|Lacbi1|244979|e_gww1.3.527.1_918-1048,1117-1215_1MLA:A:3-127,A:198-307	2	5	1	12	0	22	14	13	1	235
jgi|Lacbi1|244979|e_gww1.3.527.1_1758-1984_1XKT:A:	2	7	3	8	0	30	19	12	0	288
jgi|Lacbi1|244979|e_gww1.3.527.1_1675-1761_1T8K:A:	2	0	1	4	0	8	0	6	0	77
jgi|Lacbi1|244979|e_gww1.3.527.1_1049-1114_1MLA:A:128-197	0	4	0	2	0	6	5	4	0	70
jgi|Lacbi1|244979|e_gww1.3.527.1_12-181,271-372_1NM2:A:0-133,A:196-314	2	6	2	12	0	20	14	17	1	251
jgi|Lacbi1|308541|eu2.Lbscf0003g01800_44-255_1U6G:C:	0	2	14	60	0	74	56	65	0	1207
jgi|Lacbi1|322537|fgenesh3_pg.C_scaffold_3000154_4-263_1ERJ:A:	2	30	1	1	0	43	24	22	0	388
jgi|Lacbi1|308565|eu2.Lbscf0003g02040_250-330_2RSP:A:	1	11	0	1	0	21	11	5	0	124
jgi|Lacbi1|322542|fgenesh3_pg.C_scaffold_3000159_248-277_1U6P:A:	2	0	1	0	0	10	6	3	0	56
jgi|Lacbi1|308572|eu2.Lbscf0003g02110_16-127_1H3Z:A:	0	5	3	3	0	12	5	4	0	108
jgi|Lacbi1|322550|fgenesh3_pg.C_scaffold_3000167_86-200_1PJQ:A:216-457	3	10	3	8	0	24	20	15	0	242
jgi|Lacbi1|308583|eu2.Lbscf0003g02220_31-79_2ADR:A:102-130	2	0	0	1	0	5	2	2	0	29
jgi|Lacbi1|308583|eu2.Lbscf0003g02220_85-127_1PYI:A:30-71	0	2	0	2	0	6	1	3	0	42
jgi|Lacbi1|230214|e_gwh1.3.668.1_1-160_1X6M:A:	1	11	5	3	0	24	13	10	0	195
jgi|Lacbi1|308586|eu2.Lbscf0003g02250_43-286_1F88:A:	0	4	2	13	0	20	19	16	0	348
jgi|Lacbi1|308598|eu2.Lbscf0003g02370_47-297_1MAA:A:	7	18	7	18	0	67	40	32	0	540
jgi|Lacbi1|245383|e_gww1.3.345.1_7-206_1HV5:A:	1	9	0	3	0	21	16	8	0	162
jgi|Lacbi1|322569|fgenesh3_pg.C_scaffold_3000186_1142-1225_1WGR:A:	0	5	0	2	0	14	8	4	0	99
jgi|Lacbi1|188448|estExt_GeneWisePlus_worm.C_30634_5-227_1BKR:A:	0	0	3	5	0	10	3	5	0	108
jgi|Lacbi1|188448|estExt_GeneWisePlus_worm.C_30634_248-368_1HCI:A:272-396	0	0	1	7	0	3	3	8	0	123
jgi|Lacbi1|188448|estExt_GeneWisePlus_worm.C_30634_472-582_1RFJ:A:	2	2	0	7	0	16	5	7	0	148
jgi|Lacbi1|188448|estExt_GeneWisePlus_worm.C_30634_372-477_1HCI:A:633-746	0	0	0	3	0	6	5	5	0	114
jgi|Lacbi1|292399|estExt_fgenesh2_pg.C_30182_1-135_1CFY:A:	0	6	1	4	0	14	7	5	0	133
jgi|Lacbi1|308612|eu2.Lbscf0003g02510_10-55_2B33:A:2-127	2	6	3	2	0	16	8	5	0	127
jgi|Lacbi1|308613|eu2.Lbscf0003g02520_1-77_1PW4:A:	2	0	1	18	0	21	18	22	0	450
jgi|Lacbi1|322575|fgenesh3_pg.C_scaffold_3000192_59-130_1FS1:A:109-149	0	0	2	3	0	6	2	3	0	41
jgi|Lacbi1|322576|fgenesh3_pg.C_scaffold_3000193_58-184_1PGV:A:	2	5	0	7	0	21	9	7	0	167
jgi|Lacbi1|308618|eu2.Lbscf0003g02570_4-80_1XRG:A:	4	6	3	2	0	16	9	5	0	125
jgi|Lacbi1|308620|eu2.Lbscf0003g02590_381-490_1WI8:A:	2	6	1	2	0	13	8	4	0	103
jgi|Lacbi1|322579|fgenesh3_pg.C_scaffold_3000196_558-805_1QPC:A:	3	11	3	9	0	32	11	19	0	272
jgi|Lacbi1|322580|fgenesh3_pg.C_scaffold_3000197_35-104_1FS1:A:109-149	0	0	2	3	0	6	2	3	0	41
jgi|Lacbi1|308624|eu2.Lbscf0003g02630_102-255_1W25:A:294-455	1	7	1	5	0	15	9	9	0	161
jgi|Lacbi1|230227|e_gwh1.3.279.1_1-306_1WKR:A:	3	24	5	4	0	38	20	21	0	340
jgi|Lacbi1|322584|fgenesh3_pg.C_scaffold_3000201_72-171_1BUO:A:	0	3	1	6	0	11	5	4	0	121
jgi|Lacbi1|308633|eu2.Lbscf0003g02720_160-513_1A12:A:	5	30	5	1	0	58	38	27	0	401
jgi|Lacbi1|308633|eu2.Lbscf0003g02720_56-142_1MYO:A:	0	0	1	6	1	12	7	10	0	118
jgi|Lacbi1|308633|eu2.Lbscf0003g02720_855-975_1R29:A:	0	3	0	6	0	11	5	9	0	122
jgi|Lacbi1|308633|eu2.Lbscf0003g02720_686-771_1BUO:A:	0	3	1	6	0	11	5	4	0	121
jgi|Lacbi1|176996|estExt_Genewise1_worm.C_30036_216-642,675-751_1RLR:A:222-748	8	15	8	19	0	57	32	28	0	525
jgi|Lacbi1|176996|estExt_Genewise1_worm.C_30036_9-215_1RLR:A:10-221	2	1	1	11	0	20	13	16	0	212
jgi|Lacbi1|308645|eu2.Lbscf0003g02840_13-59_2FV6:A:503-544	0	0	0	2	0	8	7	1	0	42
jgi|Lacbi1|245214|e_gww1.3.377.1_3-230_1JZT:A:	2	8	2	7	0	26	16	16	0	243
jgi|Lacbi1|308654|eu2.Lbscf0003g02930_8-125_1R1D:A:	0	7	4	8	0	23	15	16	0	242
jgi|Lacbi1|308656|eu2.Lbscf0003g02950_1-88_2A3L:A:212-839	5	9	4	24	0	60	44	31	0	628
jgi|Lacbi1|182574|estExt_GeneWisePlus_human.C_30180_1-192_1RYP:K:	1	12	0	4	0	17	8	9	0	198
jgi|Lacbi1|245492|e_gww1.3.532.1_201-577_1UMD:A:	7	7	4	12	0	37	21	24	0	362
jgi|Lacbi1|245492|e_gww1.3.532.1_622-855_1IK6:A:1-191	0	8	1	6	0	18	6	6	0	191
jgi|Lacbi1|245406|e_gww1.3.78.1_52-389,431-571_2OOE:A:21-549	2	0	2	28	0	36	16	28	0	529
jgi|Lacbi1|308679|eu2.Lbscf0003g03180_723-849_1KKX:A:	0	0	0	5	0	11	7	7	0	102
jgi|Lacbi1|308679|eu2.Lbscf0003g03180_523-641_1KKX:A:	0	0	0	5	0	11	7	7	0	102
jgi|Lacbi1|245541|e_gww1.3.96.1_76-190,221-308_1D4C:A:103-359,A:506-570	4	15	3	10	0	39	17	21	1	322
jgi|Lacbi1|245541|e_gww1.3.96.1_313-408_1NG4:A:219-306	0	6	1	1	0	9	5	4	0	88
jgi|Lacbi1|308689|eu2.Lbscf0003g03280_43-143_1LPU:A:	1	9	10	13	0	32	15	13	0	327
jgi|Lacbi1|322629|fgenesh3_pg.C_scaffold_3000246_686-904_1TIB:A:	7	10	6	6	0	30	21	17	0	269
jgi|Lacbi1|322629|fgenesh3_pg.C_scaffold_3000246_104-218_1ABR:B:141-267	1	13	6	0	0	19	4	8	0	127
jgi|Lacbi1|245157|e_gww1.3.24.1_62-199_1YE8:A:1-178	0	9	2	5	0	17	7	11	0	178
jgi|Lacbi1|245534|e_gww1.3.710.1_3-123_1Q4R:A:	0	4	0	4	0	11	5	5	0	103
jgi|Lacbi1|308703|eu2.Lbscf0003g03420_137-247_1VZO:A:	2	11	7	9	0	31	20	19	0	322
jgi|Lacbi1|322635|fgenesh3_pg.C_scaffold_3000252_38-150,182-281_1JKS:A:	7	9	4	9	0	33	20	13	0	293
jgi|Lacbi1|308709|eu2.Lbscf0003g03480_9-315_1OKC:A:	0	0	6	11	0	19	10	9	0	292
jgi|Lacbi1|308712|eu2.Lbscf0003g03510_24-556_1LCI:A:	7	27	4	15	0	64	28	38	0	541
jgi|Lacbi1|308714|eu2.Lbscf0003g03530_25-186,232-561_1LCI:A:	7	27	4	15	0	64	28	38	0	541
jgi|Lacbi1|188306|estExt_GeneWisePlus_worm.C_30346_65-394_2UZ9:A:76-388	0	10	3	14	0	26	16	19	0	313
jgi|Lacbi1|308722|eu2.Lbscf0003g03610_94-124_2HAP:C:55-97	0	0	1	2	0	6	3	2	0	43
jgi|Lacbi1|292420|estExt_fgenesh2_pg.C_30253_4-254_2D5R:A:11-262	3	6	2	11	0	26	15	12	0	252
jgi|Lacbi1|292421|estExt_fgenesh2_pg.C_30254_9-270_2EFL:A:1-288	0	0	0	7	0	7	3	7	0	288
jgi|Lacbi1|292422|estExt_fgenesh2_pg.C_30255_29-132_1BW3:A:	0	5	2	4	0	16	12	8	0	125
jgi|Lacbi1|308731|eu2.Lbscf0003g03700_293-499_1O6Y:A:	1	11	3	8	0	24	14	12	0	276
jgi|Lacbi1|245134|e_gww1.3.172.1_3-307_1KPG:A:	0	7	2	12	0	28	16	18	0	285
jgi|Lacbi1|308733|eu2.Lbscf0003g03720_152-291_1GW5:B:	0	0	4	32	0	42	43	37	0	579
jgi|Lacbi1|292427|estExt_fgenesh2_pg.C_30267_642-815_1O6Y:A:	1	11	3	8	0	24	14	12	0	276
jgi|Lacbi1|188234|estExt_GeneWisePlus_worm.C_30193_27-398_1NM8:A:9-385	5	11	2	11	0	30	22	18	0	372
jgi|Lacbi1|188234|estExt_GeneWisePlus_worm.C_30193_401-614_1NM8:A:386-599	0	7	0	8	0	20	12	11	0	214
jgi|Lacbi1|322669|fgenesh3_pg.C_scaffold_3000286_315-494_1O6Y:A:	1	11	3	8	0	24	14	12	0	276
jgi|Lacbi1|322670|fgenesh3_pg.C_scaffold_3000287_61-245_2BNH:A:	5	17	2	16	0	59	26	25	0	456
jgi|Lacbi1|188295|estExt_GeneWisePlus_worm.C_30331_173-288_2IFQ:A:1-105	1	5	0	4	0	10	5	6	0	105
jgi|Lacbi1|188295|estExt_GeneWisePlus_worm.C_30331_403-552_1G3J:A:	2	0	4	35	0	31	15	35	0	531
jgi|Lacbi1|308757|eu2.Lbscf0003g03960_209-404_1O6Y:A:	1	11	3	8	0	24	14	12	0	276
jgi|Lacbi1|245637|e_gww1.3.71.1_57-602_1YKS:A:185-324	0	6	0	4	0	11	11	10	0	138
jgi|Lacbi1|292430|estExt_fgenesh2_pg.C_30279_1113-1298,1331-1428,1578-1598,1646-1689_1GW5:A:	0	2	4	33	0	46	32	22	0	620
jgi|Lacbi1|292434|estExt_fgenesh2_pg.C_30284_393-694_1OXW:A:	8	8	9	12	0	35	16	21	0	360
jgi|Lacbi1|308768|eu2.Lbscf0003g04070_101-295_1AUA:A:97-299	2	5	7	8	0	23	12	12	0	203
jgi|Lacbi1|308768|eu2.Lbscf0003g04070_6-97_1AUA:A:4-96	0	0	1	5	0	8	5	8	0	93
jgi|Lacbi1|177284|estExt_Genewise1_worm.C_30590_23-342_1LQA:A:	4	10	4	11	0	41	19	22	0	346
jgi|Lacbi1|322687|fgenesh3_pg.C_scaffold_3000304_119-310_1X74:A:2-360	0	12	4	14	1	37	25	27	0	359
jgi|Lacbi1|322687|fgenesh3_pg.C_scaffold_3000304_7-110_1X74:A:2-360	0	12	4	14	1	37	25	27	0	359
jgi|Lacbi1|292439|estExt_fgenesh2_pg.C_30294_29-242_1HR6:B:24-245	3	6	4	8	0	20	15	8	0	222
jgi|Lacbi1|292439|estExt_fgenesh2_pg.C_30294_253-454_1HR6:B:246-462	1	6	1	8	0	21	10	9	0	217
jgi|Lacbi1|177286|estExt_Genewise1_worm.C_30594_115-293_1YB5:A:121-294	0	7	1	8	0	16	8	12	0	174
jgi|Lacbi1|177286|estExt_Genewise1_worm.C_30594_3-141_1RJW:A:1-137,A:306-339	5	11	3	3	0	24	12	10	1	171
jgi|Lacbi1|308796|eu2.Lbscf0003g04350_66-161,212-285_1VA4:A:	4	8	3	10	0	25	15	19	0	271
jgi|Lacbi1|230477|e_gwh1.3.611.1_30-241_1CJS:A:	0	10	4	7	0	20	10	12	0	213
jgi|Lacbi1|153696|gww1.3.649.1_1-16,60-228_1IQ4:A:	3	5	4	5	0	23	16	6	0	179
jgi|Lacbi1|308803|eu2.Lbscf0003g04420_250-295,697-827,1250-1320_1VYH:C:92-408	0	28	1	0	0	39	25	14	0	317
jgi|Lacbi1|308803|eu2.Lbscf0003g04420_1088-1251_1GW5:B:	0	0	4	32	0	42	43	37	0	579
jgi|Lacbi1|188374|estExt_GeneWisePlus_worm.C_30477_83-153_1C99:A:	0	0	1	2	0	2	1	1	0	79
jgi|Lacbi1|292452|estExt_fgenesh2_pg.C_30325_7-329_1KEP:A:	5	13	5	13	0	38	16	20	0	346
jgi|Lacbi1|292453|estExt_fgenesh2_pg.C_30327_131-252,281-380,416-431_1CVL:A:	4	11	3	11	0	33	22	25	0	319
jgi|Lacbi1|308833|eu2.Lbscf0003g04720_14-161_1INZ:A:	0	0	1	7	0	13	10	5	0	147
jgi|Lacbi1|308834|eu2.Lbscf0003g04730_21-316_2G62:A:22-322	3	4	4	15	0	26	15	16	0	301
jgi|Lacbi1|292455|estExt_fgenesh2_pg.C_30331_27-189,251-381_1TQI:A:91-282	0	10	1	4	0	15	9	8	0	192
jgi|Lacbi1|230488|e_gwh1.3.214.1_75-388_1JK0:A:	0	0	5	16	1	23	10	16	0	334
jgi|Lacbi1|177008|estExt_Genewise1_worm.C_30064_10-285_2O07:A:16-300	1	12	2	10	0	26	14	16	0	285
jgi|Lacbi1|177008|estExt_Genewise1_worm.C_30064_430-696_1FF9:A:125-391	7	8	2	9	0	27	16	18	0	267
jgi|Lacbi1|177008|estExt_Genewise1_worm.C_30064_308-484_1E5Q:A:2-124,A:392-450	1	8	1	8	0	21	8	10	1	182
jgi|Lacbi1|308840|eu2.Lbscf0003g04790_8-54_1OB3:A:	1	8	6	9	0	29	18	19	0	286
jgi|Lacbi1|167793|gwh1.3.617.1_2-205_1CKI:A:	5	10	3	10	0	30	14	16	0	299
jgi|Lacbi1|245630|e_gww1.3.542.1_38-255_1EGA:A:4-182	1	7	0	5	0	17	11	10	0	179
jgi|Lacbi1|182604|estExt_GeneWisePlus_human.C_30261_1-319_1NOW:A:200-552	3	10	0	15	0	39	18	25	0	353
jgi|Lacbi1|182804|estExt_GeneWisePlus_human.C_30653_351-630_1Z3I:X:390-735	0	10	6	11	0	41	29	23	0	346
jgi|Lacbi1|182804|estExt_GeneWisePlus_human.C_30653_97-349_1Z63:A:432-661	0	7	2	11	0	24	16	18	0	230
jgi|Lacbi1|182804|estExt_GeneWisePlus_human.C_30653_864-982_1OFC:X:851-978	0	0	1	6	0	9	3	8	0	128
jgi|Lacbi1|182804|estExt_GeneWisePlus_human.C_30653_700-808_1OFC:X:697-798	0	0	1	4	0	7	1	5	0	102
jgi|Lacbi1|182804|estExt_GeneWisePlus_human.C_30653_810-859_1OFC:X:799-850	0	0	1	3	0	5	1	5	0	52
jgi|Lacbi1|308847|eu2.Lbscf0003g04860_21-519_1YOV:A:6-534	6	10	2	23	0	45	33	28	0	529
jgi|Lacbi1|308848|eu2.Lbscf0003g04870_24-57_1NOW:A:55-199	1	7	1	2	0	19	9	5	0	145
jgi|Lacbi1|308854|eu2.Lbscf0003g04930_5-108_2GJX:A:167-528	3	10	0	14	0	42	22	24	0	362
jgi|Lacbi1|246501|e_gww1.4.448.1_6-182_2IC8:A:91-272	0	0	3	8	0	13	9	4	0	182
jgi|Lacbi1|163689|gwh1.4.608.1_19-113_1P1T:A:	2	4	0	4	0	11	10	6	0	104
jgi|Lacbi1|182889|estExt_GeneWisePlus_human.C_40123_41-421_1EQC:A:	4	8	10	10	0	47	30	30	0	394
jgi|Lacbi1|311440|eu2.Lbscf0004g03960_86-355_1PXZ:A:	3	30	5	4	0	50	38	14	0	346
jgi|Lacbi1|311442|eu2.Lbscf0004g03980_223-371_1FA0:A:202-351	3	0	1	6	0	18	8	9	0	150
jgi|Lacbi1|311442|eu2.Lbscf0004g03980_373-536_1FA0:A:352-523	0	6	2	5	0	16	11	6	0	172
jgi|Lacbi1|311442|eu2.Lbscf0004g03980_27-220_1FA0:A:3-201	2	5	2	6	0	21	7	13	0	199
jgi|Lacbi1|311445|eu2.Lbscf0004g04010_559-880_1YVU:A:315-706	2	20	1	9	0	32	17	11	0	311
jgi|Lacbi1|311445|eu2.Lbscf0004g04010_249-410_1T2S:A:	0	9	1	3	0	12	6	10	0	122
jgi|Lacbi1|231681|e_gwh1.4.173.1_38-335_2F2A:B:4-293	4	16	1	4	0	32	18	16	0	290
jgi|Lacbi1|231681|e_gwh1.4.173.1_336-438_2F2A:B:294-400	0	0	0	8	0	9	6	9	0	118
jgi|Lacbi1|231681|e_gwh1.4.173.1_464-527_1NG6:A:	0	0	2	7	0	8	4	5	0	148
jgi|Lacbi1|311449|eu2.Lbscf0004g04050_52-64,92-193,222-246_1AOX:A:	1	6	3	8	0	17	14	12	0	201
jgi|Lacbi1|311453|eu2.Lbscf0004g04090_123-187_2HYE:C:403-675	1	8	3	9	0	25	16	11	0	273
jgi|Lacbi1|165152|gwh1.4.691.1_2-61_1H3O:B:	0	1	0	3	0	7	2	2	0	75
jgi|Lacbi1|311460|eu2.Lbscf0004g04160_30-149,203-224_1HUQ:A:	0	6	2	5	0	16	9	9	0	164
jgi|Lacbi1|311462|eu2.Lbscf0004g04180_79-191_1MKE:A:31-144	1	6	0	1	0	10	8	2	0	114
jgi|Lacbi1|311463|eu2.Lbscf0004g04190_30-256_1XHC:A:1-103,A:226-289	4	11	2	5	0	18	13	9	1	165
jgi|Lacbi1|311463|eu2.Lbscf0004g04190_198-377_1XHC:A:1-103,A:226-289	4	11	2	5	0	18	13	9	1	165
jgi|Lacbi1|311465|eu2.Lbscf0004g04210_6-118_1SIO:A:	8	17	6	8	0	42	24	21	0	357
jgi|Lacbi1|311470|eu2.Lbscf0004g04260_244-299_2BW3:A:79-162	2	0	1	4	0	8	3	1	0	84
jgi|Lacbi1|311473|eu2.Lbscf0004g04290_14-60_1VD2:A:	0	5	0	2	0	11	6	3	0	88
jgi|Lacbi1|311479|eu2.Lbscf0004g04350_175-414,452-506_1RI6:A:	1	28	2	0	0	36	19	23	0	342
jgi|Lacbi1|245886|e_gww1.4.387.1_6-155_1EDZ:A:3-148	3	4	1	5	0	15	7	7	0	146
jgi|Lacbi1|245886|e_gww1.4.387.1_152-301_1EDZ:A:149-319	2	7	1	4	0	22	10	11	0	171
jgi|Lacbi1|292753|estExt_fgenesh2_pg.C_40294_174-371,578-657,750-821,853-1007_1UG3:A:1438-1564	0	2	0	8	0	10	4	6	0	127
jgi|Lacbi1|172231|estExt_Genewise1_human.C_40622_84-143_1WGE:A:8-77	1	5	1	2	0	10	3	4	0	70
jgi|Lacbi1|172231|estExt_Genewise1_human.C_40622_1-70_1HDJ:A:	0	0	1	4	0	9	2	7	0	76
jgi|Lacbi1|188643|estExt_GeneWisePlus_worm.C_40293_23-413_1U7G:A:	2	2	6	15	0	21	14	16	0	383
jgi|Lacbi1|323403|fgenesh3_pg.C_scaffold_4000306_593-737_1XXL:A:	5	8	2	9	0	23	10	12	0	238
jgi|Lacbi1|323404|fgenesh3_pg.C_scaffold_4000307_83-193_3C9F:A:338-561	7	9	4	5	0	23	13	9	0	223
jgi|Lacbi1|245803|e_gww1.4.263.1_74-308_2IUB:A:9-285	0	7	2	6	0	23	14	10	0	281
jgi|Lacbi1|245803|e_gww1.4.263.1_317-370_2IUB:A:286-349	0	0	0	2	0	2	2	2	0	64
jgi|Lacbi1|311495|eu2.Lbscf0004g04510_576-798_3BB6:A:1-109	4	8	1	1	0	14	8	7	0	109
jgi|Lacbi1|311495|eu2.Lbscf0004g04510_207-344_1IG6:A:	0	0	1	6	0	9	3	9	0	107
jgi|Lacbi1|311495|eu2.Lbscf0004g04510_445-511_1F62:A:	0	2	0	1	0	13	6	4	0	51
jgi|Lacbi1|311495|eu2.Lbscf0004g04510_1501-1576_1WEM:A:	0	2	0	3	0	11	7	3	0	75
jgi|Lacbi1|323411|fgenesh3_pg.C_scaffold_4000314_4-235_1O9D:A:	0	0	0	10	0	12	5	8	0	236
jgi|Lacbi1|246146|e_gww1.4.313.1_5-92_1XOD:A:10-123	0	8	1	1	0	9	2	4	0	114
jgi|Lacbi1|323417|fgenesh3_pg.C_scaffold_4000320_1072-1182_1QM9:A:111-198	0	4	0	2	0	11	8	4	0	88
jgi|Lacbi1|188773|estExt_GeneWisePlus_worm.C_40539_10-234_1FJ2:A:	2	9	5	5	0	26	16	11	0	231
jgi|Lacbi1|246207|e_gww1.4.826.1_39-313_1Y8C:A:	1	11	3	7	0	21	9	14	0	246
jgi|Lacbi1|246569|e_gww1.4.3.1_18-1177_1I50:B:	18	49	14	26	0	125	63	65	0	1207
jgi|Lacbi1|311515|eu2.Lbscf0004g04710_799-948_1KO6:A:,B:	2	11	1	4	0	20	14	12	1	158
jgi|Lacbi1|323426|fgenesh3_pg.C_scaffold_4000329_690-893_1W3B:A:	0	0	0	23	0	35	6	26	0	388
jgi|Lacbi1|323426|fgenesh3_pg.C_scaffold_4000329_479-691_1W3B:A:	0	0	0	23	0	35	6	26	0	388
jgi|Lacbi1|323426|fgenesh3_pg.C_scaffold_4000329_258-361_1FCH:A:	0	0	2	17	0	24	6	19	0	323
jgi|Lacbi1|311519|eu2.Lbscf0004g04750_120-211_1G4M:A:176-393	4	11	2	0	0	21	11	6	0	218
jgi|Lacbi1|172108|estExt_Genewise1_human.C_40384_69-265_1K30:A:	2	9	5	14	0	31	12	16	0	367
jgi|Lacbi1|145774|gww1.4.363.1_3-242_1ZCC:A:1-240	3	9	1	11	0	24	20	15	0	240
jgi|Lacbi1|323439|fgenesh3_pg.C_scaffold_4000342_756-862_1TQI:A:91-282	0	10	1	4	0	15	9	8	0	192
jgi|Lacbi1|188636|estExt_GeneWisePlus_worm.C_40283_135-222_1VOL:A:113-207	0	0	0	5	0	8	2	6	0	95
jgi|Lacbi1|188636|estExt_GeneWisePlus_worm.C_40283_239-332_1VOL:A:208-316	0	0	3	6	0	10	6	6	0	109
jgi|Lacbi1|188636|estExt_GeneWisePlus_worm.C_40283_27-78_1DL6:A:	2	3	0	0	0	13	8	3	0	58
jgi|Lacbi1|311540|eu2.Lbscf0004g04960_9-313_1VJ5:A:226-547	0	8	9	13	0	29	21	23	0	321
jgi|Lacbi1|311542|eu2.Lbscf0004g04980_53-350_1ERJ:A:	2	30	1	1	0	43	24	22	0	388
jgi|Lacbi1|231619|e_gwh1.4.90.1_374-526_1LTQ:A:153-301	3	5	1	4	0	19	7	10	0	149
jgi|Lacbi1|246001|e_gww1.4.134.1_77-276,323-403_1UG3:A:1235-1427	0	0	4	11	0	13	4	12	0	193
jgi|Lacbi1|311550|eu2.Lbscf0004g05060_1272-1282,1325-1687_1V9D:A:	2	0	2	14	0	19	11	13	0	332
jgi|Lacbi1|311550|eu2.Lbscf0004g05060_366-402,526-897_1Z2C:B:83-443	0	0	1	19	0	20	14	22	0	361
jgi|Lacbi1|188723|estExt_GeneWisePlus_worm.C_40442_103-330_1LTL:A:	2	10	4	5	0	24	9	12	0	239
jgi|Lacbi1|188723|estExt_GeneWisePlus_worm.C_40442_442-750_1NY5:A:138-384	4	9	2	11	0	25	17	12	0	247
jgi|Lacbi1|188808|estExt_GeneWisePlus_worm.C_40611_23-273_1YWF:A:4-275	0	5	3	12	0	22	11	13	0	272
jgi|Lacbi1|231055|e_gwh1.4.719.1_8-158,198-284,363-442,506-767_1Y6I:A:1-82	0	0	0	5	0	8	5	4	0	82
jgi|Lacbi1|231399|e_gwh1.4.277.1_8-248,347-378_1LG2:A:22-266,A:335-386	1	9	6	9	0	32	20	17	1	297
jgi|Lacbi1|231399|e_gwh1.4.277.1_299-346_1ITX:A:338-409	1	6	1	1	0	8	5	6	0	72
jgi|Lacbi1|311555|eu2.Lbscf0004g05110_10-306_1MLV:A:50-310	4	6	3	8	0	32	19	16	0	261
jgi|Lacbi1|292777|estExt_fgenesh2_pg.C_40350_381-432_1JM7:A:	2	0	1	3	0	11	9	5	0	103
jgi|Lacbi1|143231|gww1.4.171.1_68-207_1E32:A:201-458	3	5	4	12	0	28	13	14	0	258
jgi|Lacbi1|292781|estExt_fgenesh2_pg.C_40355_5-96_1NYN:A:	1	4	0	4	0	17	12	0	0	111
jgi|Lacbi1|311564|eu2.Lbscf0004g05200_689-751_1X9Z:A:	2	7	1	7	0	14	7	8	0	182
jgi|Lacbi1|311564|eu2.Lbscf0004g05200_18-77_1B63:A:2-216	0	8	2	8	0	19	14	13	0	216
jgi|Lacbi1|311565|eu2.Lbscf0004g05210_5-106_1B63:A:2-216	0	8	2	8	0	19	14	13	0	216
jgi|Lacbi1|311566|eu2.Lbscf0004g05220_260-527_1ON3:A:261-524	2	8	6	10	0	22	15	15	0	264
jgi|Lacbi1|311566|eu2.Lbscf0004g05220_47-286_1VRG:A:1-251	6	7	5	10	0	21	10	13	0	251
jgi|Lacbi1|311570|eu2.Lbscf0004g05260_10-159_1Q2Y:A:	0	8	3	3	0	10	7	8	0	140
jgi|Lacbi1|311571|eu2.Lbscf0004g05270_432-521_1CG7:A:	0	0	0	6	0	6	4	8	0	93
jgi|Lacbi1|311571|eu2.Lbscf0004g05270_339-429_1HMF:A:	0	0	0	3	0	5	4	2	0	77
jgi|Lacbi1|172170|estExt_Genewise1_human.C_40534_17-126_2FUG:9:26-179	5	7	1	3	0	27	18	9	0	154
jgi|Lacbi1|311575|eu2.Lbscf0004g05310_17-120_1FXK:A:	0	2	0	2	0	5	1	3	0	107
jgi|Lacbi1|311576|eu2.Lbscf0004g05320_41-180_1CFE:A:	1	6	2	4	0	18	12	7	0	135
jgi|Lacbi1|246559|e_gww1.4.368.1_5-258_1YB1:A:	0	7	1	10	0	18	5	15	0	244
jgi|Lacbi1|311584|eu2.Lbscf0004g05400_90-203,231-420,458-504_1A6Q:A:2-296	3	15	2	7	0	26	16	16	0	295
jgi|Lacbi1|246413|e_gww1.4.189.1_16-312_2HD5:A:211-521	4	18	4	9	0	37	12	12	0	336
jgi|Lacbi1|311586|eu2.Lbscf0004g05420_4-52_1FS1:A:109-149	0	0	2	3	0	6	2	3	0	41
jgi|Lacbi1|245697|e_gww1.4.149.1_105-229,296-469_1DYP:A:	1	21	3	1	0	33	17	16	0	271
jgi|Lacbi1|311589|eu2.Lbscf0004g05450_543-637,667-683_1XWS:A:	3	12	5	9	0	31	19	10	0	273
jgi|Lacbi1|231753|e_gwh1.4.563.1_73-176_2E9X:B:62-173	0	1	1	4	0	8	5	6	0	114
jgi|Lacbi1|231753|e_gwh1.4.563.1_12-71_2E9X:B:1-61	2	5	0	2	0	7	3	4	0	61
jgi|Lacbi1|311593|eu2.Lbscf0004g05490_285-354_2CON:A:8-73	2	3	0	0	0	12	7	0	0	66
jgi|Lacbi1|231016|e_gwh1.4.303.1_3-374_2AYQ:A:	2	14	4	13	0	32	18	21	0	356
jgi|Lacbi1|292800|estExt_fgenesh2_pg.C_40385_94-346,373-573_1M7X:A:227-622	6	10	8	11	0	43	33	22	0	396
jgi|Lacbi1|292800|estExt_fgenesh2_pg.C_40385_583-679_1M7X:A:623-728	5	8	2	0	0	16	8	6	0	106
jgi|Lacbi1|292800|estExt_fgenesh2_pg.C_40385_48-112_1M7X:A:117-226	1	8	2	0	0	18	8	9	0	110
jgi|Lacbi1|311596|eu2.Lbscf0004g05520_136-201_1CHC:A:	0	3	0	1	0	9	8	3	0	68
jgi|Lacbi1|292802|estExt_fgenesh2_pg.C_40387_204-461_1FQV:A:146-431	8	13	3	8	0	55	21	24	0	286
jgi|Lacbi1|311598|eu2.Lbscf0004g05540_99-291_2DFK:A:37-239	0	0	2	10	0	10	6	10	0	203
jgi|Lacbi1|311599|eu2.Lbscf0004g05550_239-294,357-465,534-609_2DFK:A:37-239	0	0	2	10	0	10	6	10	0	203
jgi|Lacbi1|311599|eu2.Lbscf0004g05550_646-760_1KZ7:A:819-965	2	8	2	1	0	11	7	4	0	147
jgi|Lacbi1|311600|eu2.Lbscf0004g05560_30-187,219-385_1FQV:A:146-431	8	13	3	8	0	55	21	24	0	286
jgi|Lacbi1|311602|eu2.Lbscf0004g05580_157-473_2OOD:A:73-397	4	10	4	15	0	31	12	22	0	325
jgi|Lacbi1|311602|eu2.Lbscf0004g05580_96-158,473-510_2FVK:A:2-56,A:441-541	4	11	4	0	0	25	11	9	1	156
jgi|Lacbi1|311603|eu2.Lbscf0004g05590_149-201_1A5J:A:1-55	0	0	0	3	0	9	8	2	0	55
jgi|Lacbi1|311603|eu2.Lbscf0004g05590_206-270_1GUU:A:	0	0	0	3	0	5	3	2	0	50
jgi|Lacbi1|311605|eu2.Lbscf0004g05610_38-65_2GLI:A:103-134	3	0	0	1	0	6	3	2	0	32
jgi|Lacbi1|311606|eu2.Lbscf0004g05620_23-159_4LIP:D:	4	11	2	11	0	29	17	24	0	319
jgi|Lacbi1|311608|eu2.Lbscf0004g05640_92-388_2CIT:A:9-282	4	9	1	8	0	29	17	19	0	274
jgi|Lacbi1|245866|e_gww1.4.87.1_80-443_1FQV:A:146-431	8	13	3	8	0	55	21	24	0	286
jgi|Lacbi1|245866|e_gww1.4.87.1_3-54_2OVR:B:2263-2364	0	0	0	6	0	9	7	5	0	102
jgi|Lacbi1|246149|e_gww1.4.680.1_10-93_1JBM:A:	0	5	1	1	0	6	1	6	0	85
jgi|Lacbi1|311614|eu2.Lbscf0004g05700_134-197_1XG1:A:5-67	0	0	0	3	0	7	5	2	0	63
jgi|Lacbi1|152223|gww1.4.786.1_151-361_1OZ4:A:471-763	2	0	3	7	0	31	24	19	0	292
jgi|Lacbi1|183098|estExt_GeneWisePlus_human.C_40520_252-566_1GTR:A:8-338	6	9	4	12	0	35	20	18	0	331
jgi|Lacbi1|183098|estExt_GeneWisePlus_human.C_40520_562-738,779-825_1GTR:A:339-547	3	18	5	0	0	26	16	8	0	209
jgi|Lacbi1|192523|estExt_fgenesh1_kg.C_40014_1-243_1TUB:A:1-245	0	6	2	9	0	25	23	14	0	245
jgi|Lacbi1|192523|estExt_fgenesh1_kg.C_40014_245-434_1TUB:A:246-440	3	3	2	5	0	20	14	11	0	195
jgi|Lacbi1|231539|e_gwh1.4.57.1_1-129,163-461,592-734_2I7X:A:1-422,A:626-717	3	23	6	14	0	62	37	26	1	514
jgi|Lacbi1|192524|estExt_fgenesh1_kg.C_40015_1-243_1TUB:A:1-245	0	6	2	9	0	25	23	14	0	245
jgi|Lacbi1|192524|estExt_fgenesh1_kg.C_40015_245-436_1TUB:A:246-440	3	3	2	5	0	20	14	11	0	195
jgi|Lacbi1|311620|eu2.Lbscf0004g05760_8-218_1LVH:A:	2	6	7	9	0	21	8	14	0	221
jgi|Lacbi1|311622|eu2.Lbscf0004g05780_14-179_1HUR:A:	2	7	2	6	0	19	13	14	0	180
jgi|Lacbi1|311623|eu2.Lbscf0004g05790_4-148_1VHR:A:	2	5	1	8	0	14	9	10	0	178
jgi|Lacbi1|231037|e_gwh1.4.400.1_114-288_1O4U:A:104-273	0	7	2	6	0	15	10	10	0	170
jgi|Lacbi1|231037|e_gwh1.4.400.1_6-113_1QAP:A:8-129	0	6	2	3	0	12	5	6	0	122
jgi|Lacbi1|182959|estExt_GeneWisePlus_human.C_40245_10-367_2HBV:A:3-333	5	12	6	13	0	33	18	26	0	331
jgi|Lacbi1|245955|e_gww1.4.418.1_42-293_1HZD:A:	3	10	3	11	0	24	15	16	0	266
jgi|Lacbi1|292824|estExt_fgenesh2_pg.C_40418_9-122,202-308,345-421_1QBK:B:	0	0	17	47	0	50	54	64	0	888
jgi|Lacbi1|245901|e_gww1.4.6.1_6-157,234-259,312-1369,1492-1709_1I50:A:	24	46	14	45	0	162	93	81	0	1449
jgi|Lacbi1|183183|estExt_GeneWisePlus_human.C_40675_15-93_2F9D:A:12-125	0	6	0	4	0	12	7	7	0	114
jgi|Lacbi1|311642|eu2.Lbscf0004g05980_91-379_2J0S:A:244-411	0	7	4	5	0	15	11	10	0	168
jgi|Lacbi1|311642|eu2.Lbscf0004g05980_59-101_2J0S:A:22-243	0	7	3	9	0	25	14	17	0	223
jgi|Lacbi1|183121|estExt_GeneWisePlus_human.C_40560_567-897_1I9Z:A:	8	11	3	8	0	32	15	14	0	345
jgi|Lacbi1|182837|estExt_GeneWisePlus_human.C_40003_85-376,420-494_2PL5:A:5-366	8	12	4	9	0	39	31	22	0	362
jgi|Lacbi1|311651|eu2.Lbscf0004g06070_15-494_1A4S:A:	7	20	8	15	0	54	30	24	0	503
jgi|Lacbi1|158234|gwh1.4.192.1_41-433_1A12:A:	5	30	5	1	0	58	38	27	0	401
jgi|Lacbi1|245857|e_gww1.4.298.1_21-356_1GP6:A:	3	14	6	11	0	40	23	16	0	350
jgi|Lacbi1|292833|estExt_fgenesh2_pg.C_40434_257-283,320-386_1R29:A:	0	3	0	6	0	11	5	9	0	122
jgi|Lacbi1|143120|gww1.4.163.1_2-236_1UF3:A:	7	14	3	6	0	25	16	13	0	228
jgi|Lacbi1|311659|eu2.Lbscf0004g06150_314-483_1UIR:A:	1	15	3	10	0	27	16	17	0	312
jgi|Lacbi1|245820|e_gww1.4.733.1_54-287_2OR4:A:118-350	8	12	3	4	0	39	15	17	0	233
jgi|Lacbi1|245820|e_gww1.4.733.1_270-501_2OR4:A:57-117,A:351-593	6	7	2	11	0	27	21	17	1	304
jgi|Lacbi1|245820|e_gww1.4.733.1_505-555,603-696_2OR4:A:594-750	4	2	1	6	0	11	6	10	0	157
jgi|Lacbi1|152612|gww1.4.810.1_113-262_2BZ1:A:1-174	0	7	0	7	0	17	9	10	0	174
jgi|Lacbi1|152612|gww1.4.810.1_10-54_2BZ1:A:1-174	0	7	0	7	0	17	9	10	0	174
jgi|Lacbi1|311668|eu2.Lbscf0004g06240_103-201_1OCS:A:	0	3	0	4	0	15	8	7	0	132
jgi|Lacbi1|311669|eu2.Lbscf0004g06250_9-242_1G3Q:A:	0	8	3	11	0	25	16	14	0	237
jgi|Lacbi1|311671|eu2.Lbscf0004g06270_37-170,201-402_1Y44:A:1-307	11	14	2	7	0	35	16	14	0	307
jgi|Lacbi1|292836|estExt_fgenesh2_pg.C_40448_25-160_1OI0:A:	0	9	0	2	0	14	8	5	0	121
jgi|Lacbi1|231169|e_gwh1.4.583.1_35-101_1I94:R:	0	1	0	2	0	13	11	3	0	82
jgi|Lacbi1|311677|eu2.Lbscf0004g06330_1049-1200,1316-1491_1O6L:A:	6	9	5	10	0	39	20	21	0	337
jgi|Lacbi1|311677|eu2.Lbscf0004g06330_1694-1808_1MB3:A:	2	5	0	5	0	13	10	3	0	123
jgi|Lacbi1|183002|estExt_GeneWisePlus_human.C_40321_24-155_1B12:A:	5	17	5	1	0	32	10	16	0	247
jgi|Lacbi1|245746|e_gww1.4.335.1_67-301_1LNZ:A:158-342	3	7	0	6	0	20	18	9	0	185
jgi|Lacbi1|245746|e_gww1.4.335.1_283-359_1WXQ:A:320-395	1	4	0	2	0	9	4	5	0	76
jgi|Lacbi1|311687|eu2.Lbscf0004g06430_15-284_1ERJ:A:	2	30	1	1	0	43	24	22	0	388
jgi|Lacbi1|311689|eu2.Lbscf0004g06450_1-188_1G8I:A:	2	4	1	10	0	17	9	7	0	187
jgi|Lacbi1|177565|estExt_Genewise1_worm.C_40523_10-93_1VCS:A:8-96	0	0	1	4	0	4	3	5	0	89
jgi|Lacbi1|177565|estExt_Genewise1_worm.C_40523_140-199_1GL2:C:	0	0	0	1	0	2	0	0	0	64
jgi|Lacbi1|311694|eu2.Lbscf0004g06500_81-261_2CXH:A:13-192	2	9	0	4	0	15	9	8	0	180
jgi|Lacbi1|188577|estExt_GeneWisePlus_worm.C_40164_8-93,221-435_1Y7E:A:4-100,A:234-458	6	15	2	8	0	35	14	14	1	322
jgi|Lacbi1|188577|estExt_GeneWisePlus_worm.C_40164_94-221_1Y7E:A:101-233	2	6	1	1	0	13	6	5	0	133
jgi|Lacbi1|323571|fgenesh3_pg.C_scaffold_4000474_101-201_1BW3:A:	0	5	2	4	0	16	12	8	0	125
jgi|Lacbi1|311699|eu2.Lbscf0004g06550_30-391_1N8P:A:	5	12	2	13	0	43	33	20	0	393
jgi|Lacbi1|311700|eu2.Lbscf0004g06560_67-156_1WG4:A:	0	5	0	2	0	12	10	3	0	97
jgi|Lacbi1|172363|estExt_Genewise1_human.C_40887_4-217_1PRX:A:	4	11	0	6	0	30	13	16	0	220
jgi|Lacbi1|188978|estExt_GeneWisePlus_worm.C_40936_9-219_1IRU:B:	5	10	0	6	0	21	18	11	0	233
jgi|Lacbi1|311707|eu2.Lbscf0004g06630_6-54_2HAP:C:55-97	0	0	1	2	0	6	3	2	0	43
jgi|Lacbi1|188764|estExt_GeneWisePlus_worm.C_40527_9-492_1BI9:A:	7	19	2	16	0	50	25	21	0	499
jgi|Lacbi1|311711|eu2.Lbscf0004g06670_1074-1166,1204-1250_1O0W:A:1-167	2	0	1	10	0	12	5	7	0	167
jgi|Lacbi1|311711|eu2.Lbscf0004g06670_828-907,1004-1048_1JFZ:A:	2	0	1	7	0	12	8	9	0	148
jgi|Lacbi1|311711|eu2.Lbscf0004g06670_86-132,206-332_2J0S:A:244-411	0	7	4	5	0	15	11	10	0	168
jgi|Lacbi1|183097|estExt_GeneWisePlus_human.C_40519_12-178_1G2Q:A:	0	9	0	5	0	20	10	9	0	178
jgi|Lacbi1|311721|eu2.Lbscf0004g06770_22-284_1QFL:A:4-268	6	10	2	8	0	30	16	18	0	265
jgi|Lacbi1|311721|eu2.Lbscf0004g06770_282-403_1QFL:A:269-392	2	4	3	4	0	10	4	5	0	124
jgi|Lacbi1|311723|eu2.Lbscf0004g06790_147-235,363-466_1XMI:A:	0	11	2	11	1	27	20	15	0	290
jgi|Lacbi1|231004|e_gwh1.4.426.1_5-267_1YRB:A:1-244	0	7	3	11	0	22	15	9	0	245
jgi|Lacbi1|292861|estExt_fgenesh2_pg.C_40484_20-48_1RK8:C:	0	5	0	0	0	7	1	3	0	33
jgi|Lacbi1|188517|estExt_GeneWisePlus_worm.C_40065_103-220_1HQO:A:201-354	2	0	1	7	0	9	5	7	0	154
jgi|Lacbi1|188517|estExt_GeneWisePlus_worm.C_40065_6-92_1AW9:A:2-82	0	4	1	2	0	10	7	7	0	81
jgi|Lacbi1|311730|eu2.Lbscf0004g06860_9-251_1NRK:A:1-243	0	11	5	6	0	22	14	17	0	243
jgi|Lacbi1|311732|eu2.Lbscf0004g06880_28-154_1F7L:A:	2	5	1	4	0	11	5	6	0	118
jgi|Lacbi1|182886|estExt_GeneWisePlus_human.C_40111_27-187_2J0S:A:244-411	0	7	4	5	0	15	11	10	0	168
jgi|Lacbi1|311735|eu2.Lbscf0004g06910_60-153_1X5S:A:8-97	0	4	0	2	0	11	8	3	0	89
jgi|Lacbi1|145463|gww1.4.340.1_31-228_1JCU:A:	0	10	0	6	0	31	23	6	0	208
jgi|Lacbi1|311738|eu2.Lbscf0004g06940_127-203_1I11:A:	0	0	1	3	0	8	6	3	0	70
jgi|Lacbi1|311739|eu2.Lbscf0004g06950_52-167_1Q9U:A:	0	5	1	5	0	12	4	5	0	128
jgi|Lacbi1|152287|gww1.4.790.1_68-373_1VEC:A:	0	7	1	9	0	25	16	12	0	206
jgi|Lacbi1|182845|estExt_GeneWisePlus_human.C_40020_15-213_1R3B:A:	2	0	2	7	0	15	12	7	0	201
jgi|Lacbi1|188623|estExt_GeneWisePlus_worm.C_40257_332-584_1OMZ:A:	3	13	1	7	0	26	18	19	0	265
jgi|Lacbi1|188914|estExt_GeneWisePlus_worm.C_40802_308-652_2JE8:A:331-678	9	13	4	11	0	41	27	20	0	348
jgi|Lacbi1|188914|estExt_GeneWisePlus_worm.C_40802_7-187_2JE8:A:28-219	6	10	4	3	0	24	18	9	0	192
jgi|Lacbi1|188914|estExt_GeneWisePlus_worm.C_40802_191-294_2VZS:A:226-335	0	8	0	0	0	9	5	5	0	110
jgi|Lacbi1|188914|estExt_GeneWisePlus_worm.C_40802_787-841_2JE8:A:784-864	0	7	1	0	0	13	5	5	0	81
jgi|Lacbi1|231644|e_gwh1.4.199.1_28-399_1PW4:A:	2	0	1	18	0	21	18	22	0	450
jgi|Lacbi1|311748|eu2.Lbscf0004g07040_218-411_1TA0:A:	2	9	6	4	0	24	13	9	0	196
jgi|Lacbi1|182928|estExt_GeneWisePlus_human.C_40188_5-83_1FHT:A:	0	5	0	3	0	12	11	4	0	116
jgi|Lacbi1|188835|estExt_GeneWisePlus_worm.C_40665_29-194_1T17:A:	0	7	0	2	0	12	8	7	0	148
jgi|Lacbi1|311755|eu2.Lbscf0004g07110_9-57,102-407,442-543_1WST:A:13-415	2	14	5	14	0	40	17	16	0	403
jgi|Lacbi1|246018|e_gww1.4.338.1_8-347_1DHS:A:	2	9	3	16	0	28	17	24	0	361
jgi|Lacbi1|311758|eu2.Lbscf0004g07140_326-390_1QCF:A:80-145	3	5	2	0	0	9	2	5	0	65
jgi|Lacbi1|311758|eu2.Lbscf0004g07140_11-70_1JQQ:A:	3	5	1	0	0	12	7	5	0	91
jgi|Lacbi1|311758|eu2.Lbscf0004g07140_74-140_1H8K:A:	1	5	0	0	0	8	4	4	0	57
jgi|Lacbi1|246136|e_gww1.4.98.1_3-239_1R5B:A:215-459	2	6	1	8	0	23	15	15	0	245
jgi|Lacbi1|246136|e_gww1.4.98.1_326-431_1JNY:A:323-429	2	9	1	0	0	13	7	7	0	107
jgi|Lacbi1|246136|e_gww1.4.98.1_230-321_1R5B:A:460-554	1	10	0	1	0	12	6	7	0	95
jgi|Lacbi1|311760|eu2.Lbscf0004g07160_314-434,512-567,601-909,953-978_1OYZ:A:	0	0	3	17	0	21	10	14	0	276
jgi|Lacbi1|188794|estExt_GeneWisePlus_worm.C_40572_3-228_1JI0:A:	2	10	1	10	0	19	14	15	0	240
jgi|Lacbi1|246178|e_gww1.4.56.1_636-802_1YH2:A:1-154	3	4	1	4	0	18	12	10	0	154
jgi|Lacbi1|246468|e_gww1.4.367.1_3-290_1OKC:A:	0	0	6	11	0	19	10	9	0	292
jgi|Lacbi1|183224|estExt_GeneWisePlus_human.C_40744_695-833,865-1065_1NF1:A:	0	0	2	17	0	16	11	26	0	324
jgi|Lacbi1|183224|estExt_GeneWisePlus_human.C_40744_34-193_1P5S:A:	0	0	2	7	0	13	8	7	0	159
jgi|Lacbi1|183224|estExt_GeneWisePlus_human.C_40744_1296-1396_1X0H:A:8-107	0	7	1	3	0	10	5	5	0	99
jgi|Lacbi1|311767|eu2.Lbscf0004g07230_44-575_1V25:A:	8	24	4	16	0	59	31	33	0	534
jgi|Lacbi1|292877|estExt_fgenesh2_pg.C_40514_254-283_1ESK:A:	2	0	0	0	0	11	5	4	0	42
jgi|Lacbi1|311777|eu2.Lbscf0004g07330_89-205_2ZJR:P:8-134	1	5	1	5	0	10	4	6	0	127
jgi|Lacbi1|292883|estExt_fgenesh2_pg.C_40523_59-385_1LYA:A:,B:	4	25	5	4	0	36	19	23	1	338
jgi|Lacbi1|311781|eu2.Lbscf0004g07370_57-457_1RRM:A:	3	10	9	14	0	32	17	17	0	385
jgi|Lacbi1|311783|eu2.Lbscf0004g07390_29-248_1DIN:A:	2	9	3	6	0	26	12	19	0	233
jgi|Lacbi1|192531|estExt_fgenesh1_kg.C_40022_29-246_2H1I:A:1-202	0	11	0	5	0	23	15	13	0	202
jgi|Lacbi1|188803|estExt_GeneWisePlus_worm.C_40600_5-65_2GYA:W:1-60	0	0	1	3	0	5	2	1	0	60
jgi|Lacbi1|311791|eu2.Lbscf0004g07470_143-343_2CC0:A:1-192	0	10	3	7	0	22	10	10	0	192
jgi|Lacbi1|311792|eu2.Lbscf0004g07480_53-101,155-246_1F3U:D:	0	9	5	1	0	18	9	3	0	162
jgi|Lacbi1|311793|eu2.Lbscf0004g07490_345-420_1AN2:A:	0	0	0	2	0	4	4	3	0	86
jgi|Lacbi1|311795|eu2.Lbscf0004g07510_315-353,453-520,567-655_1SXJ:A:295-547	1	5	4	11	0	21	18	23	0	253
jgi|Lacbi1|311796|eu2.Lbscf0004g07520_30-229,257-319_1H2K:A:	3	17	6	8	0	41	17	19	0	335
jgi|Lacbi1|245726|e_gww1.4.589.1_2-109_1E7K:A:	1	4	1	5	0	13	6	11	0	125
jgi|Lacbi1|311799|eu2.Lbscf0004g07550_188-258_1DP7:P:	0	3	0	3	0	5	2	3	0	76
jgi|Lacbi1|311800|eu2.Lbscf0004g07560_69-187,257-406_1QHW:A:	0	14	5	7	0	41	26	17	0	300
jgi|Lacbi1|230952|e_gwh1.4.93.1_18-677_1PG4:A:	11	30	5	21	0	71	40	44	0	643
jgi|Lacbi1|183149|estExt_GeneWisePlus_human.C_40609_3-150_1YH6:A:23-174	3	4	0	7	0	16	8	9	0	152
jgi|Lacbi1|188936|estExt_GeneWisePlus_worm.C_40850_194-495_1QKI:A:200-434,A:450-511	3	9	4	8	0	31	23	14	1	297
jgi|Lacbi1|188936|estExt_GeneWisePlus_worm.C_40850_15-207_1QKI:A:12-199,A:435-449	2	6	3	8	0	21	14	8	1	203
jgi|Lacbi1|311812|eu2.Lbscf0004g07680_266-458_1ZBO:A:2-198	2	6	2	5	0	20	10	7	0	197
jgi|Lacbi1|311812|eu2.Lbscf0004g07680_167-226_1JM7:A:	2	0	1	3	0	11	9	5	0	103
jgi|Lacbi1|231484|e_gwh1.4.14.1_210-285,314-348_1XTE:A:	0	3	2	4	0	9	3	6	0	116
jgi|Lacbi1|323655|fgenesh3_pg.C_scaffold_4000558_69-250_2ONK:A:1-240	2	9	2	9	0	23	17	15	0	240
jgi|Lacbi1|311816|eu2.Lbscf0004g07720_44-198_1GKZ:A:38-185	0	2	0	6	0	7	8	7	0	148
jgi|Lacbi1|311816|eu2.Lbscf0004g07720_249-373,402-436_1GKZ:A:186-378	0	8	0	3	0	16	9	10	0	193
jgi|Lacbi1|166708|gwh1.4.771.1_71-233,286-425_1APM:E:	5	9	4	11	0	36	21	20	0	341
jgi|Lacbi1|231284|e_gwh1.4.179.1_43-105,136-224,262-409_1HV8:A:3-210	0	7	1	9	0	25	17	9	0	208
jgi|Lacbi1|245823|e_gww1.4.116.1_202-537_1OXW:A:	8	8	9	12	0	35	16	21	0	360
jgi|Lacbi1|177541|estExt_Genewise1_worm.C_40476_101-189_1X5S:A:8-97	0	4	0	2	0	11	8	3	0	89
jgi|Lacbi1|292906|estExt_fgenesh2_pg.C_40557_1-47,83-407_1DPJ:A:	4	26	6	5	0	36	14	22	0	329
jgi|Lacbi1|311832|eu2.Lbscf0004g07880_489-599_1N72:A:	0	0	1	5	0	9	10	6	0	117
jgi|Lacbi1|311834|eu2.Lbscf0004g07900_185-498,556-586_1TE4:A:	0	0	3	6	0	11	9	5	0	111
jgi|Lacbi1|311835|eu2.Lbscf0004g07910_28-328_1VYH:C:92-408	0	28	1	0	0	39	25	14	0	317
jgi|Lacbi1|311836|eu2.Lbscf0004g07920_1-166_1H6Q:A:	0	11	0	3	0	22	11	9	0	168
jgi|Lacbi1|311840|eu2.Lbscf0004g07960_20-62_2HAP:C:55-97	0	0	1	2	0	6	3	2	0	43
jgi|Lacbi1|311842|eu2.Lbscf0004g07980_35-372_1WPW:A:	1	12	3	11	0	30	15	18	0	336
jgi|Lacbi1|188575|estExt_GeneWisePlus_worm.C_40161_506-935_2VNU:D:495-910	9	13	6	13	0	41	21	20	0	416
jgi|Lacbi1|188575|estExt_GeneWisePlus_worm.C_40161_249-392_2VNU:D:252-399	5	5	1	2	0	14	5	5	0	148
jgi|Lacbi1|188575|estExt_GeneWisePlus_worm.C_40161_384-403,440-520_2VNU:D:400-494	0	5	2	1	0	12	7	6	0	95
jgi|Lacbi1|323678|fgenesh3_pg.C_scaffold_4000581_286-358_3KVT:A:	2	4	2	4	0	11	8	8	0	103
jgi|Lacbi1|183291|estExt_GeneWisePlus_human.C_40882_386-589_1L0Q:A:1-301	0	29	1	0	0	20	16	19	0	301
jgi|Lacbi1|311853|eu2.Lbscf0004g08090_292-582_1OKC:A:	0	0	6	11	0	19	10	9	0	292
jgi|Lacbi1|311853|eu2.Lbscf0004g08090_107-222_1Y1X:A:	6	1	0	8	0	23	10	10	0	182
jgi|Lacbi1|311854|eu2.Lbscf0004g08100_548-864_1YVU:A:315-706	2	20	1	9	0	32	17	11	0	311
jgi|Lacbi1|311854|eu2.Lbscf0004g08100_252-418_1T2S:A:	0	9	1	3	0	12	6	10	0	122
jgi|Lacbi1|231720|e_gwh1.4.67.1_435-838_1K75:A:	1	14	4	16	0	38	24	17	0	431
jgi|Lacbi1|231720|e_gwh1.4.67.1_182-294_1ZPS:A:8-131	3	8	1	1	0	13	9	7	0	124
jgi|Lacbi1|231720|e_gwh1.4.67.1_286-368_2A7W:A:4-94	0	0	1	5	0	7	1	3	0	91
jgi|Lacbi1|188842|estExt_GeneWisePlus_worm.C_40674_4-215_1NI4:B:0-191	0	8	3	8	0	21	11	13	0	191
jgi|Lacbi1|188842|estExt_GeneWisePlus_worm.C_40674_202-336_1NI4:B:192-329	0	6	1	5	0	16	10	7	0	138
jgi|Lacbi1|188868|estExt_GeneWisePlus_worm.C_40718_3-244_2A4K:A:2-242	2	7	3	8	0	23	14	14	0	241
jgi|Lacbi1|311859|eu2.Lbscf0004g08150_2-277_2F6K:A:2-307	0	10	4	13	0	28	16	17	0	306
jgi|Lacbi1|311860|eu2.Lbscf0004g08160_274-349,380-522_1I6W:A:	3	6	5	5	0	21	9	11	0	179
jgi|Lacbi1|311861|eu2.Lbscf0004g08170_26-373_1WPW:A:	1	12	3	11	0	30	15	18	0	336
jgi|Lacbi1|183088|estExt_GeneWisePlus_human.C_40503_107-353_1F52:A:101-468	4	12	5	10	0	37	24	21	0	368
jgi|Lacbi1|183088|estExt_GeneWisePlus_human.C_40503_19-104_1HTQ:A:1-100	2	5	1	2	0	15	6	3	0	100
jgi|Lacbi1|311866|eu2.Lbscf0004g08220_1-139_1GW5:S:	0	7	0	5	0	11	6	9	0	142
jgi|Lacbi1|311868|eu2.Lbscf0004g08240_44-143_1XBL:A:	0	0	0	3	0	7	3	6	0	75
jgi|Lacbi1|245826|e_gww1.4.483.1_29-241_2B0C:A:8-204	1	7	2	11	0	21	5	12	0	197
jgi|Lacbi1|292925|estExt_fgenesh2_pg.C_40588_89-171_2JOY:A:1-96	0	5	0	2	0	15	8	4	0	96
jgi|Lacbi1|246331|e_gww1.4.908.1_7-116_1KX5:A:	0	2	0	4	0	17	13	6	0	135
jgi|Lacbi1|311875|eu2.Lbscf0004g08310_163-348_2D5R:A:11-262	3	6	2	11	0	26	15	12	0	252
jgi|Lacbi1|311877|eu2.Lbscf0004g08330_355-513_1WLJ:A:	0	7	1	7	0	16	4	10	0	173
jgi|Lacbi1|290932|estExt_fgenesh2_pm.C_40089_9-272_1DQW:A:	2	8	3	10	0	32	15	16	0	267
jgi|Lacbi1|246172|e_gww1.4.72.1_16-37,197-376,443-498,535-614,644-668_1SZW:A:	6	14	7	8	0	36	21	14	0	341
jgi|Lacbi1|311884|eu2.Lbscf0004g08400_7-39,76-451_1PV7:A:	0	0	2	22	0	18	12	14	0	417
jgi|Lacbi1|231771|e_gwh1.4.408.1_63-222_2VK9:A:2-541	9	6	8	20	0	52	25	29	0	540
jgi|Lacbi1|311886|eu2.Lbscf0004g08420_54-121,149-196_1O4W:A:	0	5	0	6	0	10	3	5	0	125
jgi|Lacbi1|183094|estExt_GeneWisePlus_human.C_40514_401-761_1U1J:A:396-760	9	10	3	11	0	43	33	23	0	365
jgi|Lacbi1|183094|estExt_GeneWisePlus_human.C_40514_4-394_1U1J:A:2-395	4	11	5	14	0	51	22	18	0	394
jgi|Lacbi1|246217|e_gww1.4.568.1_5-224_1A06:A:	4	8	4	10	0	29	20	14	0	307
jgi|Lacbi1|188827|estExt_GeneWisePlus_worm.C_40650_9-182_1E3J:A:4-142,A:313-351	5	12	4	3	0	23	8	10	1	178
jgi|Lacbi1|188827|estExt_GeneWisePlus_worm.C_40650_145-332_1E3J:A:143-312	0	6	0	8	0	21	14	9	0	170
jgi|Lacbi1|323717|fgenesh3_pg.C_scaffold_4000620_9-266_1GOT:B:	1	28	0	2	0	36	22	23	0	339
jgi|Lacbi1|311907|eu2.Lbscf0004g08630_69-199_1GOT:B:	1	28	0	2	0	36	22	23	0	339
jgi|Lacbi1|323727|fgenesh3_pg.C_scaffold_4000630_12-139_1PGU:A:327-613	0	28	0	0	0	31	21	20	0	287
jgi|Lacbi1|311912|eu2.Lbscf0004g08680_228-272_1QHK:A:	0	3	0	2	0	7	4	0	0	47
jgi|Lacbi1|311918|eu2.Lbscf0004g08740_210-253_1QHK:A:	0	3	0	2	0	7	4	0	0	47
jgi|Lacbi1|311925|eu2.Lbscf0004g08810_130-247_1RZ3:A:	0	7	3	7	0	15	10	10	0	198
jgi|Lacbi1|311928|eu2.Lbscf0004g08840_22-323_2BV3:A:7-282	2	11	3	8	0	22	12	14	0	276
jgi|Lacbi1|311928|eu2.Lbscf0004g08840_308-424_2BV3:A:283-403	1	12	0	0	0	15	9	9	0	121
jgi|Lacbi1|311928|eu2.Lbscf0004g08840_439-513_1FNM:A:404-482	0	5	0	2	0	8	3	2	0	79
jgi|Lacbi1|311928|eu2.Lbscf0004g08840_645-679,719-767_2BV3:A:600-688	0	4	2	3	0	5	0	4	0	89
jgi|Lacbi1|311930|eu2.Lbscf0004g08860_4-87_2CQL:A:1-87	0	6	0	1	0	8	5	4	0	87
jgi|Lacbi1|188563|estExt_GeneWisePlus_worm.C_40140_134-276_2VGN:A:136-277	0	5	2	5	0	11	6	8	0	142
jgi|Lacbi1|188563|estExt_GeneWisePlus_worm.C_40140_1-130_2QI2:A:1-126	0	7	0	2	0	13	4	5	0	126
jgi|Lacbi1|188563|estExt_GeneWisePlus_worm.C_40140_268-375_1X52:A:8-118	0	4	1	5	0	7	5	5	0	111
jgi|Lacbi1|231608|e_gwh1.4.511.1_2-126_1A0R:P:	0	5	1	7	0	18	12	12	0	218
jgi|Lacbi1|311936|eu2.Lbscf0004g08920_10-208_1S70:B:	2	1	1	15	0	32	11	25	0	291
jgi|Lacbi1|142282|gww1.4.107.1_5-98,127-327,371-424_1PW4:A:	2	0	1	18	0	21	18	22	0	450
jgi|Lacbi1|245647|e_gww1.4.457.1_1-248_1RU8:A:	2	9	0	6	0	24	9	13	0	231
jgi|Lacbi1|311939|eu2.Lbscf0004g08950_370-610_1PYS:B:475-681	0	12	2	5	0	19	14	9	0	207
jgi|Lacbi1|311939|eu2.Lbscf0004g08950_305-377_1PYS:B:400-474	0	3	1	3	0	9	3	4	0	75
jgi|Lacbi1|311939|eu2.Lbscf0004g08950_6-86_1PYS:B:1-38,B:152-190	0	3	1	3	0	8	2	5	1	77
jgi|Lacbi1|311939|eu2.Lbscf0004g08950_106-275_1PYS:B:191-399	2	13	1	5	0	21	8	12	0	209
jgi|Lacbi1|183128|estExt_GeneWisePlus_human.C_40575_219-490_1PYS:A:	5	10	3	7	0	28	12	12	0	266
jgi|Lacbi1|311945|eu2.Lbscf0004g09010_342-365_1RMD:A:1-86	6	2	3	3	0	14	6	6	0	86
jgi|Lacbi1|311946|eu2.Lbscf0004g09020_20-205,236-357,401-943,996-1052_1WA5:C:	8	0	17	50	0	66	46	42	0	959
jgi|Lacbi1|311948|eu2.Lbscf0004g09040_64-311_1O5Z:A:2-293	2	11	4	9	0	24	12	14	0	293
jgi|Lacbi1|311948|eu2.Lbscf0004g09040_334-443,486-526_1E8C:A:338-497	1	8	1	5	0	21	15	10	0	157
jgi|Lacbi1|292946|estExt_fgenesh2_pg.C_40649_121-211_1WF6:A:	1	4	3	3	0	15	14	3	0	131
jgi|Lacbi1|188791|estExt_GeneWisePlus_worm.C_40569_659-834_2Q0Z:X:33-208	1	0	2	9	0	14	8	11	0	176
jgi|Lacbi1|188791|estExt_GeneWisePlus_worm.C_40569_114-314_2P6R:A:1-202	1	7	2	7	0	20	9	10	0	202
jgi|Lacbi1|188791|estExt_GeneWisePlus_worm.C_40569_324-538_2P6R:A:203-403	2	10	1	7	0	20	15	11	0	201
jgi|Lacbi1|188791|estExt_GeneWisePlus_worm.C_40569_1160-1374_2P6R:A:203-403	2	10	1	7	0	20	15	11	0	201
jgi|Lacbi1|188791|estExt_GeneWisePlus_worm.C_40569_831-938_2Q0Z:X:209-322	2	7	1	0	0	12	8	4	0	114
jgi|Lacbi1|188791|estExt_GeneWisePlus_worm.C_40569_942-1157_2P6R:A:1-202	1	7	2	7	0	20	9	10	0	202
jgi|Lacbi1|188791|estExt_GeneWisePlus_worm.C_40569_538-643_1TW3:A:14-98	1	2	1	5	0	4	4	7	0	85
jgi|Lacbi1|292948|estExt_fgenesh2_pg.C_40651_35-423_1YIZ:A:12-429	5	13	7	13	0	44	25	21	0	418
jgi|Lacbi1|311954|eu2.Lbscf0004g09100_41-261_1S70:B:	2	1	1	15	0	32	11	25	0	291
jgi|Lacbi1|311954|eu2.Lbscf0004g09100_676-752_1HYI:A:	0	4	0	1	0	11	5	3	0	65
jgi|Lacbi1|311954|eu2.Lbscf0004g09100_848-891_1IYM:A:	0	2	0	1	0	11	6	4	0	54
jgi|Lacbi1|151181|gww1.4.725.1_13-254,399-440_1WRB:A:164-401	2	8	2	8	0	26	18	9	0	238
jgi|Lacbi1|151181|gww1.4.725.1_227-464_2J0S:A:244-411	0	7	4	5	0	15	11	10	0	168
jgi|Lacbi1|311959|eu2.Lbscf0004g09150_47-72,139-383_1JR3:A:3-242	2	5	2	11	0	27	23	12	0	240
jgi|Lacbi1|246167|e_gww1.4.267.1_192-344_1VL5:A:	2	8	2	9	0	21	9	11	0	231
jgi|Lacbi1|311962|eu2.Lbscf0004g09180_666-895_1AMO:A:243-518	5	10	2	8	0	39	20	12	0	276
jgi|Lacbi1|311962|eu2.Lbscf0004g09180_897-1055_1AMO:A:519-678	0	5	1	6	0	9	6	11	0	160
jgi|Lacbi1|311962|eu2.Lbscf0004g09180_462-537_1B0P:A:416-668	2	6	4	9	0	29	21	11	0	253
jgi|Lacbi1|311962|eu2.Lbscf0004g09180_248-346_1B0P:A:259-415	1	7	1	4	0	20	14	8	0	157
jgi|Lacbi1|311963|eu2.Lbscf0004g09190_52-538_1TF4:A:1-460	16	3	5	16	0	54	31	25	0	460
jgi|Lacbi1|311964|eu2.Lbscf0004g09200_2-214_1OFG:A:1-160,A:323-381	1	7	4	8	0	25	13	9	1	219
jgi|Lacbi1|311965|eu2.Lbscf0004g09210_10-82_1WGD:A:	0	5	0	2	0	13	8	4	0	92
jgi|Lacbi1|188795|estExt_GeneWisePlus_worm.C_40577_176-315_1CX4:A:130-265	0	8	1	4	0	13	4	5	0	136
jgi|Lacbi1|188795|estExt_GeneWisePlus_worm.C_40577_321-452_1CX4:A:266-412	0	6	2	5	0	15	4	7	0	147
jgi|Lacbi1|183024|estExt_GeneWisePlus_human.C_40375_4-202_1DOA:B:	2	10	1	2	0	26	13	7	0	200
jgi|Lacbi1|311973|eu2.Lbscf0004g09290_5-195,232-316_1BRT:A:	6	8	5	11	0	26	14	19	0	277
jgi|Lacbi1|183239|estExt_GeneWisePlus_human.C_40788_32-197_1OFG:A:1-160,A:323-381	1	7	4	8	0	25	13	9	1	219
jgi|Lacbi1|183239|estExt_GeneWisePlus_human.C_40788_176-263,323-400_1ZH8:A:132-275	2	8	2	3	0	12	7	8	0	144
jgi|Lacbi1|188567|estExt_GeneWisePlus_worm.C_40151_8-214_1IRU:H:	1	12	2	4	0	15	7	10	0	202
jgi|Lacbi1|290938|estExt_fgenesh2_pm.C_40097_3-241_1IRU:G:	6	10	1	6	0	23	15	13	0	245
jgi|Lacbi1|311979|eu2.Lbscf0004g09350_79-206_1PGU:A:2-326	3	28	2	0	0	35	19	22	0	325
jgi|Lacbi1|311981|eu2.Lbscf0004g09370_176-250_1S7B:A:	0	0	0	4	0	10	7	3	0	109
jgi|Lacbi1|163221|gwh1.4.573.1_2-125_1Q48:A:	2	3	0	4	0	12	10	10	0	133
jgi|Lacbi1|245937|e_gww1.4.214.1_90-330_2OZB:B:85-333	0	0	3	11	0	15	11	14	0	249
jgi|Lacbi1|177404|estExt_Genewise1_worm.C_40153_69-217,248-383_1A06:A:	4	8	4	10	0	29	20	14	0	307
jgi|Lacbi1|311992|eu2.Lbscf0004g09480_56-141_1HKS:A:	0	3	0	2	0	14	14	11	0	106
jgi|Lacbi1|245814|e_gww1.4.140.1_42-232,301-478,526-549_1PV7:A:	0	0	2	22	0	18	12	14	0	417
jgi|Lacbi1|172261|estExt_Genewise1_human.C_40684_4-100_2QAL:N:1-100	2	1	2	3	0	10	6	9	0	100
jgi|Lacbi1|246020|e_gww1.4.697.1_21-65_1I50:L:	2	1	0	0	0	11	5	2	0	46
jgi|Lacbi1|292975|estExt_fgenesh2_pg.C_40689_27-126_2CQD:A:1-103	0	6	0	2	0	12	11	4	0	103
jgi|Lacbi1|292975|estExt_fgenesh2_pg.C_40689_209-307_1X5S:A:8-97	0	4	0	2	0	11	8	3	0	89
jgi|Lacbi1|246347|e_gww1.4.420.1_1-191_1EGZ:A:	2	11	2	9	0	31	18	19	0	291
jgi|Lacbi1|292977|estExt_fgenesh2_pg.C_40693_10-77_2GYC:G:2-72	4	0	0	0	0	11	6	4	0	71
jgi|Lacbi1|292977|estExt_fgenesh2_pg.C_40693_72-146_3CJR:B:71-137	0	0	1	3	0	5	5	4	0	67
jgi|Lacbi1|246070|e_gww1.4.290.1_5-280_1RTQ:A:	0	9	4	8	0	27	18	18	0	291
jgi|Lacbi1|292980|estExt_fgenesh2_pg.C_40697_7-72,103-168_2EP6:A:92-217	2	9	1	0	0	17	11	4	0	126
jgi|Lacbi1|292982|estExt_fgenesh2_pg.C_40699_7-482_1ACO:A:2-528	11	21	6	16	0	60	33	33	0	527
jgi|Lacbi1|292982|estExt_fgenesh2_pg.C_40699_502-703_1V7L:A:	4	8	0	7	0	21	10	13	0	162
jgi|Lacbi1|147552|gww1.4.486.1_93-208_1X5S:A:8-97	0	4	0	2	0	11	8	3	0	89
jgi|Lacbi1|147552|gww1.4.486.1_1-85_1X5S:A:8-97	0	4	0	2	0	11	8	3	0	89
jgi|Lacbi1|188926|estExt_GeneWisePlus_worm.C_40827_1-309_1D5T:A:2-291,A:389-431	6	15	7	10	0	37	26	18	1	331
jgi|Lacbi1|312016|eu2.Lbscf0004g09720_355-410_1T2K:D:	0	0	0	1	0	1	0	1	0	60
jgi|Lacbi1|312017|eu2.Lbscf0004g09730_4-126_2CLY:B:4-123	0	0	1	6	0	7	4	7	0	120
jgi|Lacbi1|312018|eu2.Lbscf0004g09740_228-510_1BG3:A:671-911	2	5	3	10	0	19	14	15	0	241
jgi|Lacbi1|312018|eu2.Lbscf0004g09740_12-223_1CZA:N:466-670	3	8	0	7	0	20	13	11	0	205
jgi|Lacbi1|312019|eu2.Lbscf0004g09750_127-190,293-343_1Y67:A:98-213	1	3	2	6	0	8	5	5	0	114
jgi|Lacbi1|312019|eu2.Lbscf0004g09750_28-116_1MY6:A:1-88	1	0	2	4	0	7	3	8	0	88
jgi|Lacbi1|312024|eu2.Lbscf0004g09800_723-782_2OAU:A:113-179	0	5	0	2	0	7	5	3	0	67
jgi|Lacbi1|312024|eu2.Lbscf0004g09800_618-665_1CMF:A:	2	0	1	4	0	7	5	5	0	73
jgi|Lacbi1|231472|e_gwh1.4.909.1_4-190_1X9G:A:	2	7	1	6	0	20	14	13	0	199
jgi|Lacbi1|160940|gwh1.4.394.1_1-230_1PYF:A:	6	11	6	11	0	33	19	21	0	311
jgi|Lacbi1|312029|eu2.Lbscf0004g09850_184-287,316-472_1I31:A:	1	16	2	0	0	27	16	7	0	277
jgi|Lacbi1|312029|eu2.Lbscf0004g09850_3-152_1GW5:M:1-141	2	5	1	4	0	13	8	7	0	140
jgi|Lacbi1|312031|eu2.Lbscf0004g09870_48-82_2HAP:C:55-97	0	0	1	2	0	6	3	2	0	43
jgi|Lacbi1|312033|eu2.Lbscf0004g09890_97-338_1KV9:A:1-560	8	39	7	5	0	72	35	35	0	560
jgi|Lacbi1|312035|eu2.Lbscf0004g09910_132-235_1T0G:A:	0	5	1	3	0	13	7	9	0	109
jgi|Lacbi1|292995|estExt_fgenesh2_pg.C_40715_20-76_1TAF:B:	2	0	0	3	0	7	2	2	0	70
jgi|Lacbi1|292995|estExt_fgenesh2_pg.C_40715_248-374_1WA5:B:	0	0	5	29	0	38	22	22	0	506
jgi|Lacbi1|183170|estExt_GeneWisePlus_human.C_40652_2-1024_1WA5:C:	8	0	17	50	0	66	46	42	0	959
jgi|Lacbi1|183172|estExt_GeneWisePlus_human.C_40655_154-397_1YAG:A:147-375	0	9	6	10	0	25	15	15	0	229
jgi|Lacbi1|183172|estExt_GeneWisePlus_human.C_40655_2-139_1YAG:A:4-146	0	10	2	4	0	16	11	9	0	143
jgi|Lacbi1|182923|estExt_GeneWisePlus_human.C_40181_161-411_2OZB:B:85-333	0	0	3	11	0	15	11	14	0	249
jgi|Lacbi1|312051|eu2.Lbscf0004g10070_27-566_1LCI:A:	7	27	4	15	0	64	28	38	0	541
jgi|Lacbi1|312052|eu2.Lbscf0004g10080_373-418_2D8Q:A:8-64	4	0	0	2	0	9	3	2	0	57
jgi|Lacbi1|312053|eu2.Lbscf0004g10090_226-402_1TX4:A:	0	0	4	12	0	17	9	13	0	196
jgi|Lacbi1|312053|eu2.Lbscf0004g10090_73-203_1AUA:A:97-299	2	5	7	8	0	23	12	12	0	203
jgi|Lacbi1|312055|eu2.Lbscf0004g10110_183-491_3C10:A:515-900	8	10	9	12	0	47	19	25	0	386
jgi|Lacbi1|312056|eu2.Lbscf0004g10120_133-473_1YRG:A:	3	14	2	12	0	46	15	21	0	343
jgi|Lacbi1|312058|eu2.Lbscf0004g10140_26-169,212-385_1HOW:A:	5	10	4	11	0	39	18	24	0	362
jgi|Lacbi1|312059|eu2.Lbscf0004g10150_124-305_1W1O:A:40-245	2	10	2	6	0	23	19	14	0	206
jgi|Lacbi1|246231|e_gww1.4.788.1_1-188_1XYH:A:1-160	6	8	1	2	0	23	13	12	0	160
jgi|Lacbi1|246231|e_gww1.4.788.1_232-351_1X5S:A:8-97	0	4	0	2	0	11	8	3	0	89
jgi|Lacbi1|246464|e_gww1.4.617.1_4-148_2IMJ:A:5-159	0	6	1	4	0	15	10	7	0	155
jgi|Lacbi1|312062|eu2.Lbscf0004g10180_362-509_1U2F:A:	1	4	1	1	0	13	8	6	0	90
jgi|Lacbi1|312064|eu2.Lbscf0004g10200_35-73_1ND4:A:	2	10	5	7	0	32	13	15	0	255
jgi|Lacbi1|312065|eu2.Lbscf0004g10210_1-248_1YO6:A:1-250	2	8	5	8	0	24	10	16	0	250
jgi|Lacbi1|312069|eu2.Lbscf0004g10250_52-145_1ULE:A:	2	12	0	0	0	25	11	8	0	150
jgi|Lacbi1|323858|fgenesh3_pg.C_scaffold_4000761_159-471_1A4Y:A:	2	17	3	16	0	56	24	32	0	460
jgi|Lacbi1|323866|fgenesh3_pg.C_scaffold_4000769_36-206,238-371_1YRG:A:	3	14	2	12	0	46	15	21	0	343
jgi|Lacbi1|246555|e_gww1.4.392.1_1-165_1PUJ:A:	2	6	3	10	0	26	16	16	0	273
jgi|Lacbi1|323868|fgenesh3_pg.C_scaffold_4000771_25-158_1HOW:A:	5	10	4	11	0	39	18	24	0	362
jgi|Lacbi1|312084|eu2.Lbscf0004g10400_2-38_2FV6:A:503-544	0	0	0	2	0	8	7	1	0	42
jgi|Lacbi1|312085|eu2.Lbscf0004g10410_25-243,282-501_1PV7:A:	0	0	2	22	0	18	12	14	0	417
jgi|Lacbi1|312090|eu2.Lbscf0004g10460_59-143_1OH0:A:	0	8	1	3	0	10	7	3	0	125
jgi|Lacbi1|312093|eu2.Lbscf0004g10490_3-44_2FV6:A:503-544	0	0	0	2	0	8	7	1	0	42
jgi|Lacbi1|312094|eu2.Lbscf0004g10500_2-110_2GW6:A:2-123	0	6	0	3	0	13	8	7	0	122
jgi|Lacbi1|323876|fgenesh3_pg.C_scaffold_4000779_340-669_1YRG:A:	3	14	2	12	0	46	15	21	0	343
jgi|Lacbi1|312099|eu2.Lbscf0004g10550_8-247,281-330_1J31:A:	1	16	2	7	0	32	15	15	0	262
jgi|Lacbi1|312100|eu2.Lbscf0004g10560_32-298,326-384_1OYW:A:1-206	0	7	2	10	0	22	14	12	0	206
jgi|Lacbi1|312102|eu2.Lbscf0004g10580_14-210,286-370_1EVQ:A:	0	8	4	9	0	28	16	23	0	308
jgi|Lacbi1|245936|e_gww1.4.823.1_21-296_1J8F:A:	4	9	5	12	0	33	20	18	0	323
jgi|Lacbi1|312108|eu2.Lbscf0004g10640_75-271_1MTZ:A:	4	8	4	10	0	27	19	19	0	290
jgi|Lacbi1|312109|eu2.Lbscf0004g10650_65-236,350-494_2F4M:A:164-450	1	11	3	10	0	27	16	14	0	287
jgi|Lacbi1|312111|eu2.Lbscf0004g10670_13-86_1P97:A:	0	5	0	4	0	12	9	7	0	113
jgi|Lacbi1|311077|eu2.Lbscf0004g00330_293-451_2BCJ:Q:38-66,Q:184-354	2	6	3	6	0	24	17	10	1	200
jgi|Lacbi1|311077|eu2.Lbscf0004g00330_103-146,223-297_1TAD:A:57-177	0	0	1	7	0	8	4	8	0	121
jgi|Lacbi1|311083|eu2.Lbscf0004g00390_30-159,190-230,258-321_1O4Y:A:	5	19	5	4	0	33	15	16	0	270
jgi|Lacbi1|311085|eu2.Lbscf0004g00410_61-87,286-473_1BOF:A:10-60,A:182-354	1	6	6	6	0	19	9	12	1	224
jgi|Lacbi1|311085|eu2.Lbscf0004g00410_94-137,214-291_1TAD:A:57-177	0	0	1	7	0	8	4	8	0	121
jgi|Lacbi1|323127|fgenesh3_pg.C_scaffold_4000030_96-175,204-264_2BNH:A:	5	17	2	16	0	59	26	25	0	456
jgi|Lacbi1|311092|eu2.Lbscf0004g00480_18-120_1BUO:A:	0	3	1	6	0	11	5	4	0	121
jgi|Lacbi1|323136|fgenesh3_pg.C_scaffold_4000039_461-513_1CHC:A:	0	3	0	1	0	9	8	3	0	68
jgi|Lacbi1|323136|fgenesh3_pg.C_scaffold_4000039_618-686_2CPY:A:536-638	0	5	1	3	0	14	12	5	0	101
jgi|Lacbi1|311104|eu2.Lbscf0004g00600_2-59,101-284_1HOW:A:	5	10	4	11	0	39	18	24	0	362
jgi|Lacbi1|311109|eu2.Lbscf0004g00650_26-198_1HOW:A:	5	10	4	11	0	39	18	24	0	362
jgi|Lacbi1|172304|estExt_Genewise1_human.C_40754_1-232_2VO1:A:1-273	0	7	4	8	0	19	11	7	0	273
jgi|Lacbi1|172304|estExt_Genewise1_human.C_40754_264-518_1VCO:A:298-547	4	12	3	7	0	21	13	17	0	250
jgi|Lacbi1|311116|eu2.Lbscf0004g00720_51-191_1JFZ:A:	2	0	1	7	0	12	8	9	0	148
jgi|Lacbi1|311118|eu2.Lbscf0004g00740_61-117_1G3G:A:	0	11	0	3	0	24	14	7	0	164
jgi|Lacbi1|323152|fgenesh3_pg.C_scaffold_4000055_14-157,187-278_1GEG:A:	4	7	4	9	0	21	11	15	0	255
jgi|Lacbi1|246562|e_gww1.4.870.1_14-268_1GEG:A:	4	7	4	9	0	21	11	15	0	255
jgi|Lacbi1|311126|eu2.Lbscf0004g00820_9-61_2IC8:A:91-272	0	0	3	8	0	13	9	4	0	182
jgi|Lacbi1|292658|estExt_fgenesh2_pg.C_40058_551-643_1LNQ:A:19-98	0	0	0	5	0	5	7	8	0	80
jgi|Lacbi1|292658|estExt_fgenesh2_pg.C_40058_256-381_1P7B:A:36-151	0	1	0	4	0	7	7	4	0	116
jgi|Lacbi1|290873|estExt_fgenesh2_pm.C_40003_56-120_1S7B:A:	0	0	0	4	0	10	7	3	0	109
jgi|Lacbi1|323171|fgenesh3_pg.C_scaffold_4000074_44-521_1TQN:A:	5	9	7	18	0	43	20	30	0	472
jgi|Lacbi1|323173|fgenesh3_pg.C_scaffold_4000076_186-441_1OGQ:A:	1	22	12	1	0	50	24	17	0	313
jgi|Lacbi1|183186|estExt_GeneWisePlus_human.C_40681_28-145_1PXW:A:	0	4	3	5	0	12	11	7	0	128
jgi|Lacbi1|292667|estExt_fgenesh2_pg.C_40094_121-315,980-1165_1XEW:X:,Y:	2	15	2	9	0	30	20	14	1	329
jgi|Lacbi1|231094|e_gwh1.4.427.1_8-176,209-222_2NN6:C:7-187	4	5	0	4	0	23	18	11	0	181
jgi|Lacbi1|231094|e_gwh1.4.427.1_194-270_2NN6:C:188-276	0	4	0	1	0	11	6	4	0	89
jgi|Lacbi1|290875|estExt_fgenesh2_pm.C_40005_17-189_2GZ1:A:2-127,A:330-357	1	7	2	4	0	19	10	9	1	152
jgi|Lacbi1|290875|estExt_fgenesh2_pm.C_40005_167-360_2GZ1:A:128-329	7	6	3	5	0	24	11	11	0	202
jgi|Lacbi1|182961|estExt_GeneWisePlus_human.C_40248_539-700_1ELR:A:	0	0	0	7	0	9	1	5	0	128
jgi|Lacbi1|188597|estExt_GeneWisePlus_worm.C_40205_12-135_2J01:N:1-139	4	3	0	4	0	18	13	7	0	139
jgi|Lacbi1|166907|gwh1.4.784.1_93-464_1B8A:A:104-438	6	13	4	11	0	30	23	16	0	335
jgi|Lacbi1|166907|gwh1.4.784.1_3-74_1GM5:A:106-285	2	8	1	3	0	28	17	6	0	180
jgi|Lacbi1|319506|fgenesh3_pm.C_scaffold_4000007_15-333_1GZ8:A:	3	8	3	10	0	29	17	22	0	298
jgi|Lacbi1|158584|gwh1.4.212.1_178-279_1CDZ:A:	1	4	1	3	0	15	6	8	0	96
jgi|Lacbi1|158584|gwh1.4.212.1_86-171_1K85:A:	0	8	0	0	0	9	7	1	0	87
jgi|Lacbi1|311211|eu2.Lbscf0004g01670_235-458_1FQV:A:146-431	8	13	3	8	0	55	21	24	0	286
jgi|Lacbi1|292676|estExt_fgenesh2_pg.C_40109_54-338_1IUP:A:	0	8	2	13	0	25	18	18	0	271
jgi|Lacbi1|311221|eu2.Lbscf0004g01770_99-164,211-295_1K32:A:320-679	4	31	5	1	0	46	27	17	0	360
jgi|Lacbi1|323217|fgenesh3_pg.C_scaffold_4000120_4-43_2OVR:B:2263-2364	0	0	0	6	0	9	7	5	0	102
jgi|Lacbi1|245841|e_gww1.4.695.1_1-76_1NDD:A:	2	5	2	1	0	10	2	6	0	74
jgi|Lacbi1|311223|eu2.Lbscf0004g01790_42-175_1NQZ:A:	3	11	2	4	0	20	4	7	0	187
jgi|Lacbi1|311230|eu2.Lbscf0004g01860_6-156_1MC8:A:2-220	4	7	3	6	0	30	20	11	0	219
jgi|Lacbi1|311230|eu2.Lbscf0004g01860_141-183,226-308_1A77:A:209-316	0	0	0	6	0	9	3	6	0	108
jgi|Lacbi1|311231|eu2.Lbscf0004g01870_241-439_1A0P:A:111-292	4	3	3	8	0	17	7	7	0	182
jgi|Lacbi1|311240|eu2.Lbscf0004g01960_30-156_1GPE:A:1-328,A:525-587	13	16	6	10	0	49	25	31	1	391
jgi|Lacbi1|311242|eu2.Lbscf0004g01980_156-224,263-404_2BNH:A:	5	17	2	16	0	59	26	25	0	456
jgi|Lacbi1|245877|e_gww1.4.159.1_8-345_1T64:A:	10	8	3	11	0	40	16	26	0	364
jgi|Lacbi1|292681|estExt_fgenesh2_pg.C_40130_32-179_2F0X:A:3-138	3	6	2	2	0	13	5	6	0	136
jgi|Lacbi1|292682|estExt_fgenesh2_pg.C_40131_170-352_2FDI:A:15-214	8	12	1	2	0	25	12	13	0	200
jgi|Lacbi1|245825|e_gww1.4.717.1_63-370_1EQJ:A:3-76,A:311-510	6	8	4	9	0	34	20	17	1	274
jgi|Lacbi1|311256|eu2.Lbscf0004g02120_32-117_2FI9:A:11-128	1	8	2	3	0	11	5	8	0	118
jgi|Lacbi1|311264|eu2.Lbscf0004g02200_339-400_1ND1:A:	0	9	3	6	0	25	12	9	0	201
jgi|Lacbi1|192514|estExt_fgenesh1_kg.C_40004_1-139_2CAY:A:1-99,A:252-282	4	17	4	3	0	30	13	11	1	242
jgi|Lacbi1|311267|eu2.Lbscf0004g02230_32-493_1OG2:A:	9	9	4	17	0	50	25	22	0	462
jgi|Lacbi1|311268|eu2.Lbscf0004g02240_23-78_1QM9:A:111-198	0	4	0	2	0	11	8	4	0	88
jgi|Lacbi1|311269|eu2.Lbscf0004g02250_17-226_1OFZ:A:	10	25	2	0	0	35	18	22	0	312
jgi|Lacbi1|311272|eu2.Lbscf0004g02280_1293-1602_1NF1:A:	0	0	2	17	0	16	11	26	0	324
jgi|Lacbi1|311272|eu2.Lbscf0004g02280_1181-1278,1374-1460,1561-1615,1946-1975,2059-2180,2275-2425_1G3J:A:	2	0	4	35	0	31	15	35	0	531
jgi|Lacbi1|311276|eu2.Lbscf0004g02320_222-348_2CSO:A:8-122	0	5	0	4	0	11	10	5	0	114
jgi|Lacbi1|153137|gww1.4.836.1_3-151_1H65:A:	3	11	4	7	0	28	14	12	0	269
jgi|Lacbi1|152151|gww1.4.783.1_61-94,124-248,291-362_1JWH:A:	6	8	8	12	0	37	16	22	0	336
jgi|Lacbi1|311279|eu2.Lbscf0004g02350_447-579_2CSO:A:8-122	0	5	0	4	0	11	10	5	0	114
jgi|Lacbi1|246465|e_gww1.4.383.1_10-295_1W2F:A:	0	13	1	11	0	31	18	17	0	276
jgi|Lacbi1|231034|e_gwh1.4.874.1_10-263_1CT5:A:	2	8	1	9	0	23	11	9	0	244
jgi|Lacbi1|311282|eu2.Lbscf0004g02380_34-179_1CT5:A:	2	8	1	9	0	23	11	9	0	244
jgi|Lacbi1|311285|eu2.Lbscf0004g02410_186-352_2OK5:A:200-452	2	8	2	7	0	23	12	14	0	253
jgi|Lacbi1|245914|e_gww1.4.125.1_60-342_2CU2:A:1-268	4	11	7	10	0	28	13	12	0	268
jgi|Lacbi1|245914|e_gww1.4.125.1_367-413_2CU2:A:269-335	2	6	1	1	0	6	7	2	0	67
jgi|Lacbi1|311304|eu2.Lbscf0004g02600_148-361,426-477,507-534,595-634_2GFO:A:762-1109	3	20	3	10	0	40	19	15	0	348
jgi|Lacbi1|323275|fgenesh3_pg.C_scaffold_4000178_733-846_1UPQ:A:	0	7	1	1	0	13	8	5	0	107
jgi|Lacbi1|323275|fgenesh3_pg.C_scaffold_4000178_243-315_1PK3:A:17-79	0	0	3	5	0	7	1	3	0	74
jgi|Lacbi1|292698|estExt_fgenesh2_pg.C_40178_156-304_1N3Y:A:	2	6	5	6	0	16	15	10	0	189
jgi|Lacbi1|292698|estExt_fgenesh2_pg.C_40178_362-451_1WIM:A:	2	4	1	3	0	13	8	2	0	93
jgi|Lacbi1|323284|fgenesh3_pg.C_scaffold_4000187_267-436_1SHU:X:	2	6	3	6	0	13	8	7	0	181
jgi|Lacbi1|292700|estExt_fgenesh2_pg.C_40185_173-286_1BUO:A:	0	3	1	6	0	11	5	4	0	121
jgi|Lacbi1|292701|estExt_fgenesh2_pg.C_40186_631-779_1MF7:A:	2	6	4	8	0	15	14	9	0	193
jgi|Lacbi1|292702|estExt_fgenesh2_pg.C_40187_39-496,525-549_2D3Q:A:4-442	10	15	9	13	0	53	32	29	0	439
jgi|Lacbi1|292702|estExt_fgenesh2_pg.C_40187_556-761_1JV2:B:107-354	6	6	6	7	0	24	18	14	0	248
jgi|Lacbi1|311330|eu2.Lbscf0004g02860_168-310_1JV2:B:107-354	6	6	6	7	0	24	18	14	0	248
jgi|Lacbi1|311331|eu2.Lbscf0004g02870_3-142_1JV2:B:107-354	6	6	6	7	0	24	18	14	0	248
jgi|Lacbi1|183317|estExt_GeneWisePlus_human.C_40937_2-311,410-473_1O5W:A:10-298,A:411-520	3	14	5	14	0	38	32	21	1	399
jgi|Lacbi1|183317|estExt_GeneWisePlus_human.C_40937_296-421_1F8R:A:320-432	0	7	2	3	0	14	6	6	0	113
jgi|Lacbi1|188701|estExt_GeneWisePlus_worm.C_40407_12-533_1UZB:A:	7	19	6	15	0	48	35	23	0	516
jgi|Lacbi1|323298|fgenesh3_pg.C_scaffold_4000201_205-454_1DCE:A:444-567	0	6	5	1	0	21	11	9	0	124
jgi|Lacbi1|311349|eu2.Lbscf0004g03050_13-181_2BW3:A:163-609	0	5	7	21	0	33	14	25	0	447
jgi|Lacbi1|311350|eu2.Lbscf0004g03060_29-88_2BW3:A:163-609	0	5	7	21	0	33	14	25	0	447
jgi|Lacbi1|311351|eu2.Lbscf0004g03070_15-44_2FV6:A:503-544	0	0	0	2	0	8	7	1	0	42
jgi|Lacbi1|231118|e_gwh1.4.532.1_25-230_1MUO:A:	6	6	4	9	0	28	17	16	0	261
jgi|Lacbi1|311366|eu2.Lbscf0004g03220_635-683,841-943_1UPQ:A:	0	7	1	1	0	13	8	5	0	107
jgi|Lacbi1|311366|eu2.Lbscf0004g03220_31-97_1OEB:A:	3	5	1	0	0	10	4	3	0	59
jgi|Lacbi1|311366|eu2.Lbscf0004g03220_525-598_1PK3:A:17-79	0	0	3	5	0	7	1	3	0	74
jgi|Lacbi1|311366|eu2.Lbscf0004g03220_1057-1163_1QAG:A:31-151	0	0	0	6	0	7	5	6	0	121
jgi|Lacbi1|292707|estExt_fgenesh2_pg.C_40215_360-430_1UQV:A:	0	0	1	4	0	8	6	4	0	84
jgi|Lacbi1|292707|estExt_fgenesh2_pg.C_40215_821-906_1UPQ:A:	0	7	1	1	0	13	8	5	0	107
jgi|Lacbi1|292707|estExt_fgenesh2_pg.C_40215_2-42_1OEB:A:	3	5	1	0	0	10	4	3	0	59
jgi|Lacbi1|292707|estExt_fgenesh2_pg.C_40215_1023-1125_1QAG:A:31-151	0	0	0	6	0	7	5	6	0	121
jgi|Lacbi1|188632|estExt_GeneWisePlus_worm.C_40279_62-359_1ERJ:A:	2	30	1	1	0	43	24	22	0	388
jgi|Lacbi1|183083|estExt_GeneWisePlus_human.C_40491_8-397_1LDJ:A:17-410	0	0	1	19	0	17	14	19	0	394
jgi|Lacbi1|183083|estExt_GeneWisePlus_human.C_40491_401-662_1LDJ:A:411-686	3	7	3	9	0	24	12	13	0	276
jgi|Lacbi1|183083|estExt_GeneWisePlus_human.C_40491_665-753_1LDJ:A:687-776	0	3	0	3	0	4	3	4	0	90
jgi|Lacbi1|311371|eu2.Lbscf0004g03270_1120-1162_2FV6:A:503-544	0	0	0	2	0	8	7	1	0	42
jgi|Lacbi1|311372|eu2.Lbscf0004g03280_1122-1166_2DJ8:A:8-54	0	2	0	2	0	6	6	3	0	47
jgi|Lacbi1|231002|e_gwh1.4.442.1_33-142_1EEM:A:5-102	2	4	1	2	0	15	6	8	0	98
jgi|Lacbi1|231002|e_gwh1.4.442.1_117-256_1GWC:A:87-224	2	0	0	8	0	10	8	7	0	138
jgi|Lacbi1|292710|estExt_fgenesh2_pg.C_40221_522-667_2B3W:A:1-160	2	4	1	6	0	16	12	8	0	160
jgi|Lacbi1|311379|eu2.Lbscf0004g03350_93-124,159-217_2OV9:A:7-209	3	7	2	3	0	22	12	13	0	203
jgi|Lacbi1|311380|eu2.Lbscf0004g03360_4-101_2CY9:A:13-139	3	7	1	1	0	15	7	5	0	127
jgi|Lacbi1|323328|fgenesh3_pg.C_scaffold_4000231_78-160_2F0X:A:3-138	3	6	2	2	0	13	5	6	0	136
jgi|Lacbi1|311383|eu2.Lbscf0004g03390_5-188_2CAR:A:1-194	1	7	2	6	0	24	13	9	0	194
jgi|Lacbi1|246034|e_gww1.4.574.1_4-185_2CAR:A:1-194	1	7	2	6	0	24	13	9	0	194
jgi|Lacbi1|231584|e_gwh1.4.422.1_17-206_1SUR:A:	2	6	2	9	0	21	10	13	0	215
jgi|Lacbi1|311389|eu2.Lbscf0004g03450_70-211_1O0W:A:1-167	2	0	1	10	0	12	5	7	0	167
jgi|Lacbi1|311389|eu2.Lbscf0004g03450_304-352_1O0W:A:168-236	0	3	0	2	0	5	3	2	0	69
jgi|Lacbi1|183113|estExt_GeneWisePlus_human.C_40543_3-82_1AXX:A:	1	5	1	4	0	11	7	6	0	94
jgi|Lacbi1|311395|eu2.Lbscf0004g03510_102-194,222-325_2CPH:A:454-547	2	4	0	2	0	12	9	3	0	94
jgi|Lacbi1|311397|eu2.Lbscf0004g03530_92-243_2HU7:A:322-581	1	8	2	10	0	27	14	15	0	260
jgi|Lacbi1|246295|e_gww1.4.835.1_1-34_1BH9:A:	0	0	0	2	0	4	2	1	0	45
jgi|Lacbi1|311401|eu2.Lbscf0004g03570_225-348_2CVE:A:2-124	1	7	0	3	0	10	8	6	0	123
jgi|Lacbi1|311401|eu2.Lbscf0004g03570_34-162_2DAY:A:8-122	0	4	0	3	0	10	8	4	0	115
jgi|Lacbi1|292723|estExt_fgenesh2_pg.C_40242_54-559_1BXS:A:	5	22	2	17	0	52	33	26	0	494
jgi|Lacbi1|188966|estExt_GeneWisePlus_worm.C_40912_80-294_1I7O:A:214-429	6	15	5	3	0	34	15	10	0	216
jgi|Lacbi1|292728|estExt_fgenesh2_pg.C_40252_5-186_1V58:A:62-230	1	5	1	7	0	12	10	10	0	169
jgi|Lacbi1|311419|eu2.Lbscf0004g03750_11-93_2CQ3:A:110-202	0	6	1	2	0	13	6	5	0	90
jgi|Lacbi1|292733|estExt_fgenesh2_pg.C_40260_271-317_1GNF:A:	2	0	0	1	0	9	4	3	0	45
jgi|Lacbi1|323365|fgenesh3_pg.C_scaffold_4000268_270-339_1WES:A:	0	2	0	0	0	16	13	4	0	70
jgi|Lacbi1|313421|eu2.Lbscf0005g00100_6-77_1MQB:A:	4	8	3	8	0	26	11	14	0	283
jgi|Lacbi1|313447|eu2.Lbscf0005g00360_11-50_1QPC:A:	3	11	3	9	0	32	11	19	0	272
jgi|Lacbi1|313452|eu2.Lbscf0005g00410_58-138_2RSP:A:	1	11	0	1	0	21	11	5	0	124
jgi|Lacbi1|313458|eu2.Lbscf0005g00470_13-112_1UWH:A:	2	8	4	8	0	28	15	13	0	276
jgi|Lacbi1|313490|eu2.Lbscf0005g00790_6-97_1OGS:A:78-431	4	10	4	12	0	35	27	25	0	354
jgi|Lacbi1|313497|eu2.Lbscf0005g00860_2-167,205-237_1OGS:A:78-431	4	10	4	12	0	35	27	25	0	354
jgi|Lacbi1|313498|eu2.Lbscf0005g00870_68-128_1OGS:A:78-431	4	10	4	12	0	35	27	25	0	354
jgi|Lacbi1|323952|fgenesh3_pg.C_scaffold_5000059_309-436_1JJ7:A:	4	10	3	10	0	29	19	15	0	251
jgi|Lacbi1|323952|fgenesh3_pg.C_scaffold_5000059_77-255_3B60:A:329-581	4	10	2	9	0	24	18	16	0	253
jgi|Lacbi1|145387|gww1.5.283.1_7-99_1OMZ:A:	3	13	1	7	0	26	18	19	0	265
jgi|Lacbi1|313529|eu2.Lbscf0005g01180_183-401_3B60:A:329-581	4	10	2	9	0	24	18	16	0	253
jgi|Lacbi1|313529|eu2.Lbscf0005g01180_2-172_3B60:A:10-328	0	0	1	11	0	6	9	9	0	319
jgi|Lacbi1|313530|eu2.Lbscf0005g01190_129-226_3B60:A:10-328	0	0	1	11	0	6	9	9	0	319
jgi|Lacbi1|313546|eu2.Lbscf0005g01350_578-712,818-933_1FCH:A:	0	0	2	17	0	24	6	19	0	323
jgi|Lacbi1|313546|eu2.Lbscf0005g01350_377-560_1P5Q:A:258-427	0	0	1	7	0	10	2	6	0	170
jgi|Lacbi1|313546|eu2.Lbscf0005g01350_881-1255_1P5Q:A:258-427	0	0	1	7	0	10	2	6	0	170
jgi|Lacbi1|313547|eu2.Lbscf0005g01360_315-442,472-511_1FPR:A:	7	10	2	6	0	35	27	19	0	284
jgi|Lacbi1|247128|e_gww1.5.29.1_446-508,581-829_1QG8:A:	2	9	4	8	0	22	13	12	0	255
jgi|Lacbi1|313549|eu2.Lbscf0005g01380_15-253_1TC6:A:	1	8	3	6	0	23	8	10	0	225
jgi|Lacbi1|140913|gww1.5.10.1_458-518_1XO8:A:	1	9	0	1	0	18	12	4	0	151
jgi|Lacbi1|313557|eu2.Lbscf0005g01460_341-612_1Z3I:X:92-389	0	9	4	12	0	34	20	12	0	298
jgi|Lacbi1|313557|eu2.Lbscf0005g01460_616-945_1Z3I:X:390-735	0	10	6	11	0	41	29	23	0	346
jgi|Lacbi1|323980|fgenesh3_pg.C_scaffold_5000087_2-163,201-222_1A77:A:2-208	4	7	3	6	0	25	18	11	0	207
jgi|Lacbi1|323980|fgenesh3_pg.C_scaffold_5000087_207-248,289-356_1RXW:A:220-324	2	0	1	6	0	8	2	4	0	105
jgi|Lacbi1|313559|eu2.Lbscf0005g01480_19-139_1OKJ:A:1-106	0	5	1	3	0	7	4	4	0	106
jgi|Lacbi1|313559|eu2.Lbscf0005g01480_18-346_1OKJ:A:1-106	0	5	1	3	0	7	4	4	0	106
jgi|Lacbi1|246874|e_gww1.5.543.1_683-756_1UFM:A:	0	3	0	3	0	8	7	3	0	83
jgi|Lacbi1|313561|eu2.Lbscf0005g01500_16-259,320-367,397-446_1JYK:A:	2	15	5	6	0	27	12	16	0	253
jgi|Lacbi1|144919|gww1.5.261.1_3-244_1F3M:C:	1	10	4	11	0	33	20	20	0	294
jgi|Lacbi1|293022|estExt_fgenesh2_pg.C_50084_22-196_1D6J:A:	0	5	1	6	0	19	12	6	0	203
jgi|Lacbi1|183417|estExt_GeneWisePlus_human.C_50189_10-263_1RIQ:A:1-236	0	11	4	7	0	22	14	13	0	236
jgi|Lacbi1|183417|estExt_GeneWisePlus_human.C_50189_264-468_1RIQ:A:237-457	0	2	1	9	0	13	8	12	0	217
jgi|Lacbi1|183417|estExt_GeneWisePlus_human.C_50189_596-760_1NYR:A:63-241	0	8	1	5	0	17	11	8	0	179
jgi|Lacbi1|183417|estExt_GeneWisePlus_human.C_50189_522-589_2E1B:A:1-87	2	5	1	0	0	15	8	5	0	87
jgi|Lacbi1|192547|estExt_fgenesh1_kg.C_50002_16-155_1FJG:M:	2	0	2	6	0	13	11	6	0	125
jgi|Lacbi1|313569|eu2.Lbscf0005g01580_158-231_2DRP:A:140-165	0	2	0	1	0	5	1	2	0	26
jgi|Lacbi1|313569|eu2.Lbscf0005g01580_66-101_1ZU1:A:2-73	1	2	0	3	0	6	4	3	0	72
jgi|Lacbi1|313570|eu2.Lbscf0005g01590_856-1136_1K3I:A:151-537	9	30	6	0	0	59	29	25	0	387
jgi|Lacbi1|313570|eu2.Lbscf0005g01590_1337-1389_1K9A:A:6-76	3	5	1	0	0	11	3	5	0	71
jgi|Lacbi1|313570|eu2.Lbscf0005g01590_656-793_1K3I:A:151-537	9	30	6	0	0	59	29	25	0	387
jgi|Lacbi1|313578|eu2.Lbscf0005g01670_69-125_1L7B:A:	1	4	0	3	0	14	10	4	0	92
jgi|Lacbi1|231937|e_gwh1.5.381.1_3-178_1TA0:A:	2	9	6	4	0	24	13	9	0	196
jgi|Lacbi1|293033|estExt_fgenesh2_pg.C_50099_240-290_1GD2:G:	0	0	0	1	0	3	1	0	0	69
jgi|Lacbi1|246766|e_gww1.5.372.1_3-178_1TA0:A:	2	9	6	4	0	24	13	9	0	196
jgi|Lacbi1|247017|e_gww1.5.287.1_1-88_1UEL:A:	2	5	2	1	0	9	4	8	0	94
jgi|Lacbi1|247017|e_gww1.5.287.1_320-376_1OQY:A:317-360	0	0	0	3	0	4	3	3	0	44
jgi|Lacbi1|247017|e_gww1.5.287.1_138-195_1IFY:A:	0	0	0	3	0	4	3	2	0	49
jgi|Lacbi1|247017|e_gww1.5.287.1_261-314_1TP4:A:	0	0	0	5	0	4	4	6	0	59
jgi|Lacbi1|313588|eu2.Lbscf0005g01770_314-450_1DS9:A:	1	9	1	9	0	23	14	8	0	198
jgi|Lacbi1|172605|estExt_Genewise1_human.C_50439_14-180_1E0S:A:	2	7	5	6	0	13	5	14	0	173
jgi|Lacbi1|246677|e_gww1.5.274.1_19-340_1JBQ:A:	3	11	7	11	0	40	22	20	0	355
jgi|Lacbi1|172677|estExt_Genewise1_human.C_50610_10-377_1JL0:A:	4	16	4	6	0	35	19	12	0	325
jgi|Lacbi1|246724|e_gww1.5.186.1_84-122_1BUO:A:	0	3	1	6	0	11	5	4	0	121
jgi|Lacbi1|246724|e_gww1.5.186.1_225-288_1BUO:A:	0	3	1	6	0	11	5	4	0	121
jgi|Lacbi1|247097|e_gww1.5.79.1_394-596_1XA6:A:271-466	0	0	1	11	0	17	14	15	0	196
jgi|Lacbi1|247097|e_gww1.5.79.1_327-382_1PTQ:A:	2	3	0	1	0	11	4	3	0	50
jgi|Lacbi1|313597|eu2.Lbscf0005g01860_3-167_1ZP6:A:6-181	0	5	1	7	0	20	9	15	0	176
jgi|Lacbi1|313598|eu2.Lbscf0005g01870_98-306_1DL5:A:1-213	5	9	5	7	0	25	11	9	0	213
jgi|Lacbi1|232337|e_gwh1.5.167.1_117-549_1TQN:A:	5	9	7	18	0	43	20	30	0	472
jgi|Lacbi1|313603|eu2.Lbscf0005g01920_581-657_1W1W:E:	0	3	1	3	0	8	4	4	0	79
jgi|Lacbi1|192550|estExt_fgenesh1_kg.C_50005_154-234_1PKP:A:78-148	1	4	0	2	0	9	5	4	0	71
jgi|Lacbi1|192550|estExt_fgenesh1_kg.C_50005_72-143_1PKP:A:4-77	2	4	1	1	0	9	7	1	0	74
jgi|Lacbi1|324019|fgenesh3_pg.C_scaffold_5000126_193-274_1ZO0:A:94-219	0	8	0	2	0	18	10	4	0	126
jgi|Lacbi1|231873|e_gwh1.5.356.1_83-159_2D9I:A:8-90	0	4	1	2	0	11	4	6	0	83
jgi|Lacbi1|313614|eu2.Lbscf0005g02030_17-55_1ZME:C:31-66	0	0	0	2	0	4	1	2	0	36
jgi|Lacbi1|313616|eu2.Lbscf0005g02050_29-360_1TE4:A:	0	0	3	6	0	11	9	5	0	111
jgi|Lacbi1|293050|estExt_fgenesh2_pg.C_50123_22-173_1D7B:A:	5	13	1	1	0	24	10	12	0	185
jgi|Lacbi1|293051|estExt_fgenesh2_pg.C_50124_163-455_1JKS:A:	7	9	4	9	0	33	20	13	0	293
jgi|Lacbi1|293051|estExt_fgenesh2_pg.C_50124_44-147_1G3G:A:	0	11	0	3	0	24	14	7	0	164
jgi|Lacbi1|313619|eu2.Lbscf0005g02080_284-333_2HAP:C:55-97	0	0	1	2	0	6	3	2	0	43
jgi|Lacbi1|189191|estExt_GeneWisePlus_worm.C_50440_25-201_1K30:A:	2	9	5	14	0	31	12	16	0	367
jgi|Lacbi1|313621|eu2.Lbscf0005g02100_634-767,871-889_1PBV:A:	2	0	0	10	0	17	11	9	0	195
jgi|Lacbi1|313621|eu2.Lbscf0005g02100_1025-1153_1WJM:A:	1	8	0	2	0	15	8	5	0	122
jgi|Lacbi1|313622|eu2.Lbscf0005g02110_973-1028_4GAT:A:	0	2	1	1	0	11	6	3	0	66
jgi|Lacbi1|313624|eu2.Lbscf0005g02130_71-603_2DG5:A:37-387,B:391-580	10	23	8	19	0	68	27	35	1	541
jgi|Lacbi1|246678|e_gww1.5.266.1_258-341_2DIT:A:8-106	0	6	1	3	0	13	9	6	0	99
jgi|Lacbi1|246678|e_gww1.5.266.1_82-192_2CPE:A:353-453	6	6	0	2	0	15	8	6	0	101
jgi|Lacbi1|313635|eu2.Lbscf0005g02240_129-263_1MPG:A:100-282	2	0	1	10	0	23	11	14	0	183
jgi|Lacbi1|313636|eu2.Lbscf0005g02250_360-533_1XWS:A:	3	12	5	9	0	31	19	10	0	273
jgi|Lacbi1|313636|eu2.Lbscf0005g02250_174-265_1IA8:A:	5	12	5	7	0	36	16	18	0	275
jgi|Lacbi1|183558|estExt_GeneWisePlus_human.C_50481_39-187_2FUG:6:15-175	2	4	2	5	0	17	14	7	0	161
jgi|Lacbi1|183409|estExt_GeneWisePlus_human.C_50172_32-392_1TQN:A:	5	9	7	18	0	43	20	30	0	472
jgi|Lacbi1|313642|eu2.Lbscf0005g02310_47-88_1PYI:A:30-71	0	2	0	2	0	6	1	3	0	42
jgi|Lacbi1|189130|estExt_GeneWisePlus_worm.C_50319_262-387_1UG3:A:1438-1564	0	2	0	8	0	10	4	6	0	127
jgi|Lacbi1|145447|gww1.5.286.1_2-110,189-328_1A6Q:A:2-296	3	15	2	7	0	26	16	16	0	295
jgi|Lacbi1|246746|e_gww1.5.259.1_5-263,325-380_1W9P:A:39-298,A:361-433	4	9	9	11	0	41	22	17	1	333
jgi|Lacbi1|246746|e_gww1.5.259.1_255-316_1W9P:A:299-360	1	5	2	0	0	6	5	5	0	62
jgi|Lacbi1|247183|e_gww1.5.140.1_107-187,269-302,341-452_1UPS:A:19-284	7	16	2	1	0	36	22	17	0	266
jgi|Lacbi1|246636|e_gww1.5.223.1_4-64,98-266_1S0U:A:34-229	2	7	0	5	0	19	13	10	0	195
jgi|Lacbi1|246636|e_gww1.5.223.1_248-373_1JNY:A:228-322	2	10	2	0	0	11	5	7	0	95
jgi|Lacbi1|246636|e_gww1.5.223.1_342-431_1JNY:A:323-429	2	9	1	0	0	13	7	7	0	107
jgi|Lacbi1|293064|estExt_fgenesh2_pg.C_50144_1060-1097_1IYM:A:	0	2	0	1	0	11	6	4	0	54
jgi|Lacbi1|313652|eu2.Lbscf0005g02410_1-346_1HRK:A:	4	8	4	13	1	33	20	19	0	359
jgi|Lacbi1|246613|e_gww1.5.150.1_6-130,164-243,271-293_1KVK:A:1-225	0	8	2	6	0	18	15	9	0	225
jgi|Lacbi1|246707|e_gww1.5.216.1_76-88,115-435_1FEH:A:210-574	3	10	11	15	0	33	25	20	0	365
jgi|Lacbi1|172704|estExt_Genewise1_human.C_50662_3-170_1ORO:A:	4	8	3	7	0	21	9	8	0	213
jgi|Lacbi1|293070|estExt_fgenesh2_pg.C_50152_45-270_1DN1:B:	0	0	1	7	0	11	6	8	0	222
jgi|Lacbi1|232188|e_gwh1.5.42.1_492-545_2OAU:A:113-179	0	5	0	2	0	7	5	3	0	67
jgi|Lacbi1|232188|e_gwh1.5.42.1_357-422_1S6I:A:	0	4	0	8	0	18	14	14	0	182
jgi|Lacbi1|313663|eu2.Lbscf0005g02520_377-443,479-515,551-725,755-810_1WRB:A:164-401	2	8	2	8	0	26	18	9	0	238
jgi|Lacbi1|313664|eu2.Lbscf0005g02530_14-595_1V25:A:	8	24	4	16	0	59	31	33	0	534
jgi|Lacbi1|183429|estExt_GeneWisePlus_human.C_50207_113-272_1QOR:A:113-291	2	6	1	8	0	15	10	12	0	179
jgi|Lacbi1|183429|estExt_GeneWisePlus_human.C_50207_1-142_1IZ0:A:1-98,A:270-302	3	9	2	2	0	16	7	7	1	131
jgi|Lacbi1|313667|eu2.Lbscf0005g02560_3261-3620_1ND7:A:	2	12	7	14	0	33	22	22	0	373
jgi|Lacbi1|313667|eu2.Lbscf0005g02560_1254-1307_1WHC:A:	0	0	0	3	0	7	3	4	0	63
jgi|Lacbi1|313667|eu2.Lbscf0005g02560_334-468,505-686,980-1028,1856-1973,2034-2058_1LRV:A:	2	0	8	10	0	22	18	13	0	233
jgi|Lacbi1|313668|eu2.Lbscf0005g02570_86-133_1PCF:A:	0	4	0	1	0	4	1	3	0	65
jgi|Lacbi1|246646|e_gww1.5.100.1_201-394_1O6Y:A:	1	11	3	8	0	24	14	12	0	276
jgi|Lacbi1|246621|e_gww1.5.118.1_23-252,354-473_2GMH:A:4-236,A:336-482	2	17	5	9	0	43	20	25	1	380
jgi|Lacbi1|246621|e_gww1.5.118.1_253-354_2GMH:A:237-335	0	5	1	2	0	11	4	8	0	99
jgi|Lacbi1|246621|e_gww1.5.118.1_509-614_2GMH:A:483-584	2	4	1	5	0	17	6	8	0	102
jgi|Lacbi1|313674|eu2.Lbscf0005g02630_173-337_1FKM:A:249-442	2	0	8	8	0	13	13	10	0	194
jgi|Lacbi1|313674|eu2.Lbscf0005g02630_313-414_1FKM:A:443-630	0	0	1	8	0	10	3	8	0	188
jgi|Lacbi1|232312|e_gwh1.5.221.1_4-320_1GKR:A:55-379	4	9	7	14	0	33	16	17	0	325
jgi|Lacbi1|232312|e_gwh1.5.221.1_320-384_1NFG:A:1-51,A:382-457	2	9	1	0	0	15	9	8	1	127
jgi|Lacbi1|313677|eu2.Lbscf0005g02660_451-507_1IYM:A:	0	2	0	1	0	11	6	4	0	54
jgi|Lacbi1|313679|eu2.Lbscf0005g02680_24-182_1Q25:A:130-280	5	11	3	0	0	27	14	6	0	151
jgi|Lacbi1|293078|estExt_fgenesh2_pg.C_50174_94-252,297-468_1HOW:A:	5	10	4	11	0	39	18	24	0	362
jgi|Lacbi1|189073|estExt_GeneWisePlus_worm.C_50183_1-371_1R5Y:A:	2	15	2	16	0	40	20	21	0	372
jgi|Lacbi1|246777|e_gww1.5.209.1_30-368_1JIL:A:	7	5	5	15	0	31	10	14	0	323
jgi|Lacbi1|246777|e_gww1.5.209.1_372-470_1JH3:A:	0	5	0	3	0	10	11	8	0	99
jgi|Lacbi1|189243|estExt_GeneWisePlus_worm.C_50540_23-143_1FJG:L:	1	6	1	1	0	20	8	9	0	125
jgi|Lacbi1|313701|eu2.Lbscf0005g02900_143-363_1F13:A:191-515	8	13	1	9	0	38	18	23	0	325
jgi|Lacbi1|232470|e_gwh1.5.320.1_45-192_1I50:C:42-172	0	8	3	1	0	20	8	7	0	131
jgi|Lacbi1|232470|e_gwh1.5.320.1_9-50,198-282_1I50:C:3-41,C:173-268	2	3	1	3	0	17	12	4	1	135
jgi|Lacbi1|166507|gwh1.5.570.1_1-184_2B0C:A:8-204	1	7	2	11	0	21	5	12	0	197
jgi|Lacbi1|313707|eu2.Lbscf0005g02960_13-407_1TDJ:A:5-335	0	10	2	13	0	33	18	16	0	331
jgi|Lacbi1|313707|eu2.Lbscf0005g02960_465-557_1TDJ:A:424-514	1	4	0	2	0	13	3	4	0	91
jgi|Lacbi1|246733|e_gww1.5.2.1_27-146,298-346_1U4C:A:	4	27	2	2	0	38	21	15	0	340
jgi|Lacbi1|313710|eu2.Lbscf0005g02990_9-101_1GE8:A:2-117	1	9	1	2	0	12	7	4	0	116
jgi|Lacbi1|313711|eu2.Lbscf0005g03000_180-357_1FQV:A:146-431	8	13	3	8	0	55	21	24	0	286
jgi|Lacbi1|189099|estExt_GeneWisePlus_worm.C_50253_109-153,189-363_2AS0:A:73-396	2	14	5	10	0	29	16	20	0	324
jgi|Lacbi1|313717|eu2.Lbscf0005g03060_4-354_1PW4:A:	2	0	1	18	0	21	18	22	0	450
jgi|Lacbi1|313718|eu2.Lbscf0005g03070_9-54_2VRD:A:1-61	0	2	0	3	0	7	6	4	0	61
jgi|Lacbi1|313719|eu2.Lbscf0005g03080_562-637_2D9I:A:8-90	0	4	1	2	0	11	4	6	0	83
jgi|Lacbi1|246643|e_gww1.5.30.1_208-449_1FGX:A:	6	11	2	6	0	34	20	14	0	272
jgi|Lacbi1|189233|estExt_GeneWisePlus_worm.C_50514_15-324_1XKY:A:1-292	2	8	2	12	0	25	18	17	0	292
jgi|Lacbi1|313724|eu2.Lbscf0005g03130_27-626_1PG4:A:	11	30	5	21	0	71	40	44	0	643
jgi|Lacbi1|178018|estExt_Genewise1_worm.C_50442_32-111_1E79:H:15-100	3	10	1	0	0	12	8	2	0	86
jgi|Lacbi1|313729|eu2.Lbscf0005g03180_837-1043_2IUW:A:70-279	2	14	1	4	0	25	13	5	0	210
jgi|Lacbi1|247161|e_gww1.5.96.1_39-218,273-355,426-607_1TT4:A:	6	11	5	13	0	33	20	16	0	366
jgi|Lacbi1|183579|estExt_GeneWisePlus_human.C_50525_82-324_1T94:A:75-407	2	10	5	13	0	31	13	16	0	333
jgi|Lacbi1|183579|estExt_GeneWisePlus_human.C_50525_333-406_1T94:A:411-515	0	4	0	2	0	8	4	3	0	105
jgi|Lacbi1|232209|e_gwh1.5.393.1_8-194_1J3L:A:	7	13	0	4	0	22	17	9	0	164
jgi|Lacbi1|246710|e_gww1.5.575.1_37-245_1FKM:A:249-442	2	0	8	8	0	13	13	10	0	194
jgi|Lacbi1|246710|e_gww1.5.575.1_221-342_1FKM:A:443-630	0	0	1	8	0	10	3	8	0	188
jgi|Lacbi1|313735|eu2.Lbscf0005g03240_485-601_1K5D:B:	1	6	0	1	0	17	11	3	0	146
jgi|Lacbi1|313737|eu2.Lbscf0005g03260_563-682_1CYG:A:492-574	1	9	0	0	0	14	7	3	0	83
jgi|Lacbi1|313737|eu2.Lbscf0005g03260_764-843_1IKN:D:	0	0	3	10	0	26	9	18	0	221
jgi|Lacbi1|313743|eu2.Lbscf0005g03320_79-180_1FIT:A:	0	7	3	2	0	15	9	6	0	146
jgi|Lacbi1|313745|eu2.Lbscf0005g03340_21-406_2GP4:A:1-418	5	7	4	13	0	30	17	20	0	418
jgi|Lacbi1|313745|eu2.Lbscf0005g03340_408-588_2GP4:A:419-608	2	8	8	5	0	22	17	12	0	190
jgi|Lacbi1|313746|eu2.Lbscf0005g03350_317-626_1FCH:A:	0	0	2	17	0	24	6	19	0	323
jgi|Lacbi1|313747|eu2.Lbscf0005g03360_1295-1457_1FAO:A:	0	7	1	1	0	10	6	5	0	100
jgi|Lacbi1|293100|estExt_fgenesh2_pg.C_50215_1-248_1HW6:A:	4	9	4	10	0	28	14	13	0	262
jgi|Lacbi1|123000|fgenesh1_kg.C_scaffold_5000008_11-87_2GY9:S:2-80	2	3	4	1	0	11	9	5	0	79
jgi|Lacbi1|313750|eu2.Lbscf0005g03390_6-81_1RMD:A:1-86	6	2	3	3	0	14	6	6	0	86
jgi|Lacbi1|313750|eu2.Lbscf0005g03390_76-139_1K2F:A:	2	12	2	5	0	17	7	14	0	190
jgi|Lacbi1|313751|eu2.Lbscf0005g03400_90-176_1M62:A:	0	0	0	3	0	5	4	3	0	86
jgi|Lacbi1|313751|eu2.Lbscf0005g03400_1-88_2BWF:A:2-74	2	5	2	1	0	8	1	7	0	77
jgi|Lacbi1|324122|fgenesh3_pg.C_scaffold_5000229_2-264_1S9I:A:	1	7	3	12	0	30	21	11	0	334
jgi|Lacbi1|313754|eu2.Lbscf0005g03430_51-195_1JFZ:A:	2	0	1	7	0	12	8	9	0	148
jgi|Lacbi1|313755|eu2.Lbscf0005g03440_10-201,402-654_1ILE:A:1-197,A:387-641	12	19	3	20	0	43	24	22	1	452
jgi|Lacbi1|313755|eu2.Lbscf0005g03440_661-915_1ILE:A:642-821	0	0	1	7	0	10	11	15	0	180
jgi|Lacbi1|313755|eu2.Lbscf0005g03440_203-402_1UDZ:A:	6	9	4	3	0	24	11	11	0	179
jgi|Lacbi1|313756|eu2.Lbscf0005g03450_89-142_1A1G:A:103-131	2	0	0	1	0	5	1	2	0	29
jgi|Lacbi1|319636|fgenesh3_pm.C_scaffold_5000027_271-397_1E6I:A:	0	0	2	5	0	8	8	7	0	111
jgi|Lacbi1|319636|fgenesh3_pm.C_scaffold_5000027_65-225_1YGH:A:	3	6	2	5	0	17	5	9	0	164
jgi|Lacbi1|183653|estExt_GeneWisePlus_human.C_50684_27-199_1CYN:A:	8	8	1	2	0	22	15	12	0	178
jgi|Lacbi1|246659|e_gww1.5.169.1_260-527_1FY7:A:	3	14	3	7	0	28	15	13	0	273
jgi|Lacbi1|246659|e_gww1.5.169.1_23-136_1WGS:A:	0	4	0	0	0	9	6	6	0	132
jgi|Lacbi1|313765|eu2.Lbscf0005g03540_616-844_1TTU:A:381-541	9	11	3	1	0	25	10	9	0	161
jgi|Lacbi1|313765|eu2.Lbscf0005g03540_446-616_1TTU:A:196-380	2	10	0	3	0	19	9	7	0	185
jgi|Lacbi1|313765|eu2.Lbscf0005g03540_979-1089_1TTU:A:542-660	2	9	2	1	0	13	4	7	0	119
jgi|Lacbi1|247281|e_gww1.5.565.1_109-355,423-458_1HOW:A:	5	10	4	11	0	39	18	24	0	362
jgi|Lacbi1|183528|estExt_GeneWisePlus_human.C_50417_4-189_1J97:A:	3	7	3	9	1	19	10	11	0	210
jgi|Lacbi1|313773|eu2.Lbscf0005g03620_5-99_1PFJ:A:	2	7	0	1	0	16	9	3	0	108
jgi|Lacbi1|313773|eu2.Lbscf0005g03620_160-204_2DII:A:8-55	0	0	0	3	0	6	3	1	0	48
jgi|Lacbi1|313773|eu2.Lbscf0005g03620_221-275_1X3A:A:8-94	0	0	0	5	0	6	4	4	0	87
jgi|Lacbi1|313776|eu2.Lbscf0005g03650_756-801_1JM7:A:	2	0	1	3	0	11	9	5	0	103
jgi|Lacbi1|313779|eu2.Lbscf0005g03680_37-298_1T43:A:	2	9	3	11	0	29	18	14	0	274
jgi|Lacbi1|313780|eu2.Lbscf0005g03690_81-116_2HAP:C:55-97	0	0	1	2	0	6	3	2	0	43
jgi|Lacbi1|313783|eu2.Lbscf0005g03720_391-701_1FCH:A:	0	0	2	17	0	24	6	19	0	323
jgi|Lacbi1|313784|eu2.Lbscf0005g03730_175-214_1ZFD:A:	2	0	1	1	0	4	2	2	0	32
jgi|Lacbi1|313784|eu2.Lbscf0005g03730_155-184_1NCS:A:	0	3	1	1	0	6	3	3	0	47
jgi|Lacbi1|313785|eu2.Lbscf0005g03740_126-365,560-634,687-724_1JJI:A:	0	8	5	11	0	21	17	19	0	311
jgi|Lacbi1|189088|estExt_GeneWisePlus_worm.C_50225_6-369_2A0U:A:10-383	5	14	4	12	0	41	26	18	0	374
jgi|Lacbi1|313787|eu2.Lbscf0005g03760_5-338_1K2X:A:,B:	4	13	2	9	0	28	12	18	1	291
jgi|Lacbi1|155621|gwh1.5.4.1_499-748_1Z3I:X:390-735	0	10	6	11	0	41	29	23	0	346
jgi|Lacbi1|155621|gwh1.5.4.1_282-497_1Z63:A:432-661	0	7	2	11	0	24	16	18	0	230
jgi|Lacbi1|155621|gwh1.5.4.1_172-243_2B2Y:A:108-187	0	3	1	2	0	6	3	4	0	78
jgi|Lacbi1|155621|gwh1.5.4.1_91-159_2DY7:A:172-252	0	3	0	3	0	8	3	3	0	81
jgi|Lacbi1|313796|eu2.Lbscf0005g03850_23-71_1CLD:A:	0	0	0	2	0	4	2	1	0	33
jgi|Lacbi1|313797|eu2.Lbscf0005g03860_69-534_1SZQ:A:	10	6	6	22	0	48	24	27	0	473
jgi|Lacbi1|183631|estExt_GeneWisePlus_human.C_50632_172-391_1I2D:A:171-390	8	7	2	7	0	26	15	13	0	220
jgi|Lacbi1|183631|estExt_GeneWisePlus_human.C_50632_4-171_1I2D:A:2-170	3	7	1	7	0	21	13	9	0	169
jgi|Lacbi1|183631|estExt_GeneWisePlus_human.C_50632_392-507,544-572_1I2D:A:391-573	0	5	1	7	0	17	12	10	0	183
jgi|Lacbi1|313802|eu2.Lbscf0005g03910_66-203,233-446_1RP4:A:	4	5	6	13	0	26	21	22	0	388
jgi|Lacbi1|189159|estExt_GeneWisePlus_worm.C_50367_138-341_2BIS:A:1-437	4	17	6	16	0	48	27	24	0	437
jgi|Lacbi1|189159|estExt_GeneWisePlus_worm.C_50367_479-577_2F9F:A:2-167	2	6	1	7	0	19	11	10	0	166
jgi|Lacbi1|232126|e_gwh1.5.17.1_805-909_1WE8:A:	0	3	0	3	0	7	5	2	0	103
jgi|Lacbi1|232126|e_gwh1.5.17.1_159-256_1DT4:A:	0	3	1	3	0	8	1	3	0	73
jgi|Lacbi1|232126|e_gwh1.5.17.1_698-796_1VIG:A:	0	3	0	3	0	7	4	3	0	71
jgi|Lacbi1|232126|e_gwh1.5.17.1_634-720_1VIG:A:	0	3	0	3	0	7	4	3	0	71
jgi|Lacbi1|232126|e_gwh1.5.17.1_960-1074_2CTE:A:8-88	1	2	0	3	0	10	3	4	0	81
jgi|Lacbi1|232126|e_gwh1.5.17.1_559-635_1VIG:A:	0	3	0	3	0	7	4	3	0	71
jgi|Lacbi1|232126|e_gwh1.5.17.1_1168-1221_2AXY:A:11-81	0	3	1	3	0	7	2	0	0	71
jgi|Lacbi1|313806|eu2.Lbscf0005g03950_181-278_1P1T:A:	2	4	0	4	0	11	10	6	0	104
jgi|Lacbi1|313806|eu2.Lbscf0005g03950_387-445_2DT6:A:48-110	0	0	1	3	0	4	4	5	0	63
jgi|Lacbi1|313808|eu2.Lbscf0005g03970_166-265_1QSA:A:451-618	3	0	1	9	0	18	9	10	0	168
jgi|Lacbi1|313811|eu2.Lbscf0005g04000_46-93_1PYI:A:30-71	0	2	0	2	0	6	1	3	0	42
jgi|Lacbi1|290968|estExt_fgenesh2_pm.C_50035_9-158_1UFH:A:	0	5	2	4	0	14	4	8	0	155
jgi|Lacbi1|313819|eu2.Lbscf0005g04080_143-194_1SP2:A:	2	0	0	1	0	5	3	2	0	31
jgi|Lacbi1|313821|eu2.Lbscf0005g04100_4-100_1V9J:A:	0	3	1	4	0	13	10	2	0	112
jgi|Lacbi1|246709|e_gww1.5.208.1_72-228,268-435_1VZO:A:	2	11	7	9	0	31	20	19	0	322
jgi|Lacbi1|324166|fgenesh3_pg.C_scaffold_5000273_244-311_1FJL:A:	0	0	0	3	0	5	1	1	0	65
jgi|Lacbi1|231985|e_gwh1.5.23.1_631-918_1MT0:A:	2	10	3	10	0	20	20	20	0	241
jgi|Lacbi1|231985|e_gwh1.5.23.1_386-577_3DHW:C:1-240	3	10	1	7	0	21	17	12	0	240
jgi|Lacbi1|231985|e_gwh1.5.23.1_3-276_1QGR:A:	0	0	13	43	0	50	36	39	0	876
jgi|Lacbi1|313826|eu2.Lbscf0005g04150_11-210_1K30:A:	2	9	5	14	0	31	12	16	0	367
jgi|Lacbi1|313827|eu2.Lbscf0005g04160_103-368,409-670,724-956_1U6G:C:	0	2	14	60	0	74	56	65	0	1207
jgi|Lacbi1|313828|eu2.Lbscf0005g04170_4-130_2P90:A:6-274	3	11	3	8	0	25	11	7	0	269
jgi|Lacbi1|313829|eu2.Lbscf0005g04180_18-304_1QYC:A:	1	13	4	12	0	30	15	23	0	307
jgi|Lacbi1|313830|eu2.Lbscf0005g04190_198-227,329-349,406-510_1EP5:A:	4	13	1	2	0	20	6	14	0	156
jgi|Lacbi1|189164|estExt_GeneWisePlus_worm.C_50376_226-347_1EFP:A:185-308	2	5	3	4	0	16	11	8	0	124
jgi|Lacbi1|189164|estExt_GeneWisePlus_worm.C_50376_26-215_1EFV:A:20-207	0	13	2	4	0	16	9	8	0	188
jgi|Lacbi1|313832|eu2.Lbscf0005g04210_726-794,843-865,1102-1338,1367-1452_1W36:D:2-360	6	9	4	14	0	32	29	25	0	359
jgi|Lacbi1|156742|gwh1.5.81.1_19-33,104-279,356-392_1I6W:A:	3	6	5	5	0	21	9	11	0	179
jgi|Lacbi1|247116|e_gww1.5.597.1_1-145,260-336_2I0Z:A:1-192,A:362-420	4	15	6	8	0	27	12	15	1	251
jgi|Lacbi1|189144|estExt_GeneWisePlus_worm.C_50345_8-280_2ALR:A:	8	14	3	10	0	42	18	18	0	324
jgi|Lacbi1|232455|e_gwh1.5.62.1_284-518_1VC4:A:	2	8	1	12	0	27	17	13	0	254
jgi|Lacbi1|232455|e_gwh1.5.62.1_535-582,619-721,762-813_1NSJ:A:	1	10	4	7	0	20	17	10	0	205
jgi|Lacbi1|232455|e_gwh1.5.62.1_22-212_1I1Q:B:	3	9	2	5	0	16	13	15	0	192
jgi|Lacbi1|232153|e_gwh1.5.229.1_13-326_1PME:A:	3	10	7	11	0	38	19	18	0	345
jgi|Lacbi1|313845|eu2.Lbscf0005g04340_413-580_1H4L:A:	2	11	6	8	0	33	20	12	0	286
jgi|Lacbi1|189016|estExt_GeneWisePlus_worm.C_50076_100-188,338-461,905-1135_1SU4:A:1-124,A:240-343,A:751-994	1	1	8	18	0	32	20	22	2	472
jgi|Lacbi1|189016|estExt_GeneWisePlus_worm.C_50076_455-526,708-768,820-901_1SU4:A:344-360,A:600-750	3	8	1	8	0	16	12	11	1	168
jgi|Lacbi1|189016|estExt_GeneWisePlus_worm.C_50076_473-489,530-722_1SU4:A:361-599	0	13	3	7	0	21	11	13	0	239
jgi|Lacbi1|189016|estExt_GeneWisePlus_worm.C_50076_191-256,296-337_1SU4:A:125-239	2	9	3	0	0	21	10	7	0	115
jgi|Lacbi1|313849|eu2.Lbscf0005g04380_459-530_2C60:A:43-122	0	5	0	2	0	10	6	1	0	80
jgi|Lacbi1|313849|eu2.Lbscf0005g04380_11-148_1E96:B:	0	2	2	9	0	15	3	11	0	185
jgi|Lacbi1|231930|e_gwh1.5.137.1_79-436_1K8Q:A:	4	11	6	16	0	43	24	25	0	377
jgi|Lacbi1|247189|e_gww1.5.46.1_60-105,132-555_1KPL:A:	5	0	5	18	0	23	12	15	0	430
jgi|Lacbi1|247189|e_gww1.5.46.1_555-631,674-742_2J9L:A:578-746	4	10	1	5	0	17	12	8	0	169
jgi|Lacbi1|189236|estExt_GeneWisePlus_worm.C_50521_10-255_1Z06:A:32-196	0	6	2	7	0	18	9	8	0	165
jgi|Lacbi1|313858|eu2.Lbscf0005g04470_15-100_1FMC:A:	2	7	3	9	0	25	11	15	0	255
jgi|Lacbi1|313859|eu2.Lbscf0005g04480_9-99_2GDZ:A:3-256	2	8	5	10	0	22	10	12	0	254
jgi|Lacbi1|313860|eu2.Lbscf0005g04490_14-204_2B6H:A:7-180	2	7	4	5	0	14	6	15	0	173
jgi|Lacbi1|189259|estExt_GeneWisePlus_worm.C_50580_42-110_1C99:A:	0	0	1	2	0	2	1	1	0	79
jgi|Lacbi1|189259|estExt_GeneWisePlus_worm.C_50580_126-194_1C99:A:	0	0	1	2	0	2	1	1	0	79
jgi|Lacbi1|324189|fgenesh3_pg.C_scaffold_5000296_95-145_1WGL:A:	0	0	0	3	0	8	5	1	0	58
jgi|Lacbi1|293143|estExt_fgenesh2_pg.C_50284_31-216,277-337_1MLV:A:50-310	4	6	3	8	0	32	19	16	0	261
jgi|Lacbi1|293143|estExt_fgenesh2_pg.C_50284_386-488_1MLV:A:311-486	0	2	3	8	0	11	8	12	0	172
jgi|Lacbi1|313864|eu2.Lbscf0005g04530_102-266_1R5L:A:91-275	0	5	5	10	0	19	10	12	0	185
jgi|Lacbi1|232344|e_gwh1.5.629.1_3-291_2NYM:C:2-294	4	13	0	11	0	29	23	16	0	293
jgi|Lacbi1|324193|fgenesh3_pg.C_scaffold_5000300_212-257_1LLM:C:129-156	0	2	0	2	0	3	1	2	0	28
jgi|Lacbi1|183375|estExt_GeneWisePlus_human.C_50103_230-273_1RMD:A:1-86	6	2	3	3	0	14	6	6	0	86
jgi|Lacbi1|183375|estExt_GeneWisePlus_human.C_50103_165-196_1M9O:A:	0	0	2	0	0	8	6	3	0	76
jgi|Lacbi1|313869|eu2.Lbscf0005g04580_235-287_1CI6:A:	0	0	0	1	0	1	0	0	0	62
jgi|Lacbi1|313870|eu2.Lbscf0005g04590_130-175_1Y7M:A:1-48	0	2	0	1	1	9	3	6	0	48
jgi|Lacbi1|183422|estExt_GeneWisePlus_human.C_50195_11-201_1SWX:A:	2	0	3	8	0	10	6	12	0	202
jgi|Lacbi1|189281|estExt_GeneWisePlus_worm.C_50625_56-132,256-496_1LI5:A:1-315	10	12	4	9	0	33	15	16	0	315
jgi|Lacbi1|189281|estExt_GeneWisePlus_worm.C_50625_535-684_1U0B:B:316-461	1	2	0	8	0	14	6	10	0	146
jgi|Lacbi1|246912|e_gww1.5.219.1_66-206,241-426_1JBQ:A:	3	11	7	11	0	40	22	20	0	355
jgi|Lacbi1|183473|estExt_GeneWisePlus_human.C_50303_3-128_1Y81:A:6-121	1	7	1	4	0	18	8	9	0	116
jgi|Lacbi1|246840|e_gww1.5.242.1_27-268,368-400_1LG2:A:22-266,A:335-386	1	9	6	9	0	32	20	17	1	297
jgi|Lacbi1|246840|e_gww1.5.242.1_288-367_1ITX:A:338-409	1	6	1	1	0	8	5	6	0	72
jgi|Lacbi1|183526|estExt_GeneWisePlus_human.C_50412_3-289_1OKC:A:	0	0	6	11	0	19	10	9	0	292
jgi|Lacbi1|313890|eu2.Lbscf0005g04790_370-514_1JKS:A:	7	9	4	9	0	33	20	13	0	293
jgi|Lacbi1|313891|eu2.Lbscf0005g04800_164-263_1B4Q:A:	2	4	1	5	0	11	6	8	0	105
jgi|Lacbi1|324212|fgenesh3_pg.C_scaffold_5000319_19-114_1B4Q:A:	2	4	1	5	0	11	6	8	0	105
jgi|Lacbi1|189155|estExt_GeneWisePlus_worm.C_50363_6-243_2FDR:A:3-224	3	6	3	11	0	22	9	15	0	222
jgi|Lacbi1|313901|eu2.Lbscf0005g04900_71-394_1KPG:A:	0	7	2	12	0	28	16	18	0	285
jgi|Lacbi1|324217|fgenesh3_pg.C_scaffold_5000324_158-286_1HU3:A:	0	0	1	10	0	14	8	8	0	259
jgi|Lacbi1|189197|estExt_GeneWisePlus_worm.C_50450_19-237_1URU:A:	2	0	0	4	0	8	3	8	0	217
jgi|Lacbi1|313909|eu2.Lbscf0005g04980_170-329_1QTW:A:	4	9	5	9	0	34	16	15	0	285
jgi|Lacbi1|189090|estExt_GeneWisePlus_worm.C_50234_7-450_2I7T:A:9-459	0	22	5	10	0	45	27	19	0	451
jgi|Lacbi1|232121|e_gwh1.5.33.1_422-581_1SHK:A:	0	5	1	7	0	12	6	5	0	173
jgi|Lacbi1|324227|fgenesh3_pg.C_scaffold_5000334_33-288_1UWC:A:	2	13	3	7	0	25	14	17	0	260
jgi|Lacbi1|313918|eu2.Lbscf0005g05070_23-242,317-466_1EQC:A:	4	8	10	10	0	47	30	30	0	394
jgi|Lacbi1|189025|estExt_GeneWisePlus_worm.C_50099_47-238,310-482,527-560_1PW4:A:	2	0	1	18	0	21	18	22	0	450
jgi|Lacbi1|144077|gww1.5.213.1_1-332_1LYA:A:,B:	4	25	5	4	0	36	19	23	1	338
jgi|Lacbi1|313927|eu2.Lbscf0005g05160_45-186_1N8Z:C:166-322	10	10	1	0	0	22	19	11	0	157
jgi|Lacbi1|313928|eu2.Lbscf0005g05170_8-41_1X4S:A:8-53	0	4	1	1	0	8	3	3	0	46
jgi|Lacbi1|313929|eu2.Lbscf0005g05180_20-336_1Y1P:A:2-343	0	12	1	11	0	37	20	20	0	342
jgi|Lacbi1|293170|estExt_fgenesh2_pg.C_50329_8-163_2PTH:A:	0	7	4	6	0	15	9	12	0	193
jgi|Lacbi1|141932|gww1.5.74.1_267-548_1V7W:A:271-801	11	25	6	16	0	58	33	35	0	531
jgi|Lacbi1|313934|eu2.Lbscf0005g05230_185-292,321-361_1JKS:A:	7	9	4	9	0	33	20	13	0	293
jgi|Lacbi1|313935|eu2.Lbscf0005g05240_480-595_1K3I:A:538-639	3	10	0	0	0	15	10	5	0	102
jgi|Lacbi1|313935|eu2.Lbscf0005g05240_55-373,403-482_1K3I:A:151-537	9	30	6	0	0	59	29	25	0	387
jgi|Lacbi1|293172|estExt_fgenesh2_pg.C_50332_59-298_1F88:A:	0	4	2	13	0	20	19	16	0	348
jgi|Lacbi1|231949|e_gwh1.5.218.1_379-461_2CUJ:A:8-108	0	0	0	4	0	7	6	5	0	101
jgi|Lacbi1|231949|e_gwh1.5.218.1_78-132_1X41:A:8-54	0	0	0	3	0	5	2	4	0	47
jgi|Lacbi1|231949|e_gwh1.5.218.1_19-75_2FC7:A:8-76	0	5	1	0	0	12	12	2	0	69
jgi|Lacbi1|313939|eu2.Lbscf0005g05280_152-255,370-416_1ELR:A:	0	0	0	7	0	9	1	5	0	128
jgi|Lacbi1|313939|eu2.Lbscf0005g05280_524-671,702-730_1W3B:A:	0	0	0	23	0	35	6	26	0	388
jgi|Lacbi1|313939|eu2.Lbscf0005g05280_702-723,760-860_1KT1:A:254-421	0	0	1	7	0	12	3	7	0	168
jgi|Lacbi1|313942|eu2.Lbscf0005g05310_78-322_1V04:A:	1	25	2	3	0	40	22	18	0	340
jgi|Lacbi1|183606|estExt_GeneWisePlus_human.C_50587_49-505_3GCB:A:	11	14	3	17	0	52	33	26	0	458
jgi|Lacbi1|313945|eu2.Lbscf0005g05340_48-114_1HDJ:A:	0	0	1	4	0	9	2	7	0	76
jgi|Lacbi1|313948|eu2.Lbscf0005g05370_22-135_1ABV:A:	0	0	1	6	0	8	3	4	0	105
jgi|Lacbi1|313951|eu2.Lbscf0005g05400_458-515_2IUB:A:286-349	0	0	0	2	0	2	2	2	0	64
jgi|Lacbi1|246865|e_gww1.5.315.1_1-31,62-280_2A1X:A:43-338	5	15	4	5	0	35	14	11	0	296
jgi|Lacbi1|313960|eu2.Lbscf0005g05490_15-247_1K5C:A:	1	29	3	0	0	49	30	12	0	333
jgi|Lacbi1|293181|estExt_fgenesh2_pg.C_50350_244-472_1FOE:A:1034-1239	0	0	4	12	0	8	7	11	0	206
jgi|Lacbi1|293181|estExt_fgenesh2_pg.C_50350_983-1065_1Q1O:A:	0	5	0	2	0	13	6	2	0	97
jgi|Lacbi1|293181|estExt_fgenesh2_pg.C_50350_470-514,549-626_1DBH:A:418-550	0	8	1	2	0	17	12	8	0	133
jgi|Lacbi1|313964|eu2.Lbscf0005g05530_32-313_1HD7:A:	6	12	5	7	0	32	18	10	0	275
jgi|Lacbi1|313965|eu2.Lbscf0005g05540_53-123_1IN1:A:	2	2	1	2	0	13	6	11	0	87
jgi|Lacbi1|183625|estExt_GeneWisePlus_human.C_50622_582-816,866-1045_2JG0:A:37-547	13	16	6	19	0	52	31	30	0	511
jgi|Lacbi1|324262|fgenesh3_pg.C_scaffold_5000369_601-723,759-827_1TX4:A:	0	0	4	12	0	17	9	13	0	196
jgi|Lacbi1|247279|e_gww1.5.206.1_56-190,229-376_1OKC:A:	0	0	6	11	0	19	10	9	0	292
jgi|Lacbi1|231927|e_gwh1.5.153.1_252-530_1EKQ:A:	2	9	1	11	0	21	9	11	0	269
jgi|Lacbi1|231927|e_gwh1.5.153.1_5-218_1XI3:A:	0	8	0	10	0	20	16	11	0	206
jgi|Lacbi1|313976|eu2.Lbscf0005g05650_1-216_2GVC:A:3-180,A:288-444	5	14	3	8	0	38	25	20	1	335
jgi|Lacbi1|232120|e_gwh1.5.537.1_189-390_1OUV:A:	0	0	0	15	0	18	7	15	0	272
jgi|Lacbi1|145110|gww1.5.272.1_41-313_1D3Y:A:	2	13	5	14	0	29	12	18	0	298
jgi|Lacbi1|293187|estExt_fgenesh2_pg.C_50370_5-65_2OVR:B:2263-2364	0	0	0	6	0	9	7	5	0	102
jgi|Lacbi1|293189|estExt_fgenesh2_pg.C_50372_156-404_1FNN:A:1-276	4	5	2	12	0	25	19	17	0	276
jgi|Lacbi1|324287|fgenesh3_pg.C_scaffold_5000394_4-56_2OVR:B:2263-2364	0	0	0	6	0	9	7	5	0	102
jgi|Lacbi1|313997|eu2.Lbscf0005g05860_78-402_1I4W:A:	2	8	7	11	0	36	19	18	0	322
jgi|Lacbi1|232533|e_gwh1.5.444.1_10-63_1ESK:A:	2	0	0	0	0	11	5	4	0	42
jgi|Lacbi1|232533|e_gwh1.5.444.1_66-119_1F6U:A:	2	2	3	0	0	10	5	3	0	55
jgi|Lacbi1|314000|eu2.Lbscf0005g05890_16-62_2HAP:C:55-97	0	0	1	2	0	6	3	2	0	43
jgi|Lacbi1|149371|gww1.5.467.1_24-110_1EQZ:B:	0	2	0	4	0	10	4	3	0	108
jgi|Lacbi1|149405|gww1.25.149.1_24-110_1EQZ:B:	0	2	0	4	0	10	4	3	0	108
jgi|Lacbi1|324296|fgenesh3_pg.C_scaffold_5000403_177-372_1A0P:A:111-292	4	3	3	8	0	17	7	7	0	182
jgi|Lacbi1|314008|eu2.Lbscf0005g05970_2-207_1RXW:A:3-219	4	7	3	8	0	21	9	11	0	217
jgi|Lacbi1|314008|eu2.Lbscf0005g05970_192-230,275-343_1A77:A:209-316	0	0	0	6	0	9	3	6	0	108
jgi|Lacbi1|314010|eu2.Lbscf0005g05990_80-261_1A0P:A:111-292	4	3	3	8	0	17	7	7	0	182
jgi|Lacbi1|293198|estExt_fgenesh2_pg.C_50395_37-137,179-248_2ATR:A:1-137	0	5	2	4	0	11	7	7	0	137
jgi|Lacbi1|293200|estExt_fgenesh2_pg.C_50398_91-380_2J0S:A:244-411	0	7	4	5	0	15	11	10	0	168
jgi|Lacbi1|183494|estExt_GeneWisePlus_human.C_50348_35-189_1VHR:A:	2	5	1	8	0	14	9	10	0	178
jgi|Lacbi1|189312|estExt_GeneWisePlus_worm.C_50681_21-123_1FXK:A:	0	2	0	2	0	5	1	3	0	107
jgi|Lacbi1|189158|estExt_GeneWisePlus_worm.C_50366_111-523_1PMM:A:	9	13	6	12	0	49	26	25	0	450
jgi|Lacbi1|314025|eu2.Lbscf0005g06140_74-200_1G4M:A:5-175	1	10	2	2	0	21	12	8	0	171
jgi|Lacbi1|314031|eu2.Lbscf0005g06200_278-322_1QHK:A:	0	3	0	2	0	7	4	0	0	47
jgi|Lacbi1|290976|estExt_fgenesh2_pm.C_50049_4-316_1DCE:B:	14	2	7	14	0	38	22	26	0	329
jgi|Lacbi1|293207|estExt_fgenesh2_pg.C_50417_2-72_1EGW:A:	0	2	0	2	0	8	4	2	0	71
jgi|Lacbi1|293210|estExt_fgenesh2_pg.C_50421_47-90_1DH3:A:	0	0	0	1	0	1	1	2	0	54
jgi|Lacbi1|314056|eu2.Lbscf0005g06450_204-449_1FQV:A:146-431	8	13	3	8	0	55	21	24	0	286
jgi|Lacbi1|153788|gww1.5.651.1_4-176_1ND4:A:	2	10	5	7	0	32	13	15	0	255
jgi|Lacbi1|189321|estExt_GeneWisePlus_worm.C_50696_30-340_1ORI:A:	6	15	2	8	0	33	14	21	0	316
jgi|Lacbi1|293214|estExt_fgenesh2_pg.C_50426_313-528_1G3J:A:	2	0	4	35	0	31	15	35	0	531
jgi|Lacbi1|314065|eu2.Lbscf0005g06540_59-88,265-406_1TAD:A:27-56,A:178-342	2	6	4	6	0	22	12	13	1	195
jgi|Lacbi1|314065|eu2.Lbscf0005g06540_91-133,195-265_1CIP:A:61-181	0	0	1	8	0	7	3	10	0	121
jgi|Lacbi1|314066|eu2.Lbscf0005g06550_111-254_1FQV:A:146-431	8	13	3	8	0	55	21	24	0	286
jgi|Lacbi1|168957|gwh1.5.672.1_1-103_2B6H:A:7-180	2	7	4	5	0	14	6	15	0	173
jgi|Lacbi1|183517|estExt_GeneWisePlus_human.C_50387_247-604_1BBU:A:161-502	3	13	4	11	0	30	17	16	0	342
jgi|Lacbi1|183517|estExt_GeneWisePlus_human.C_50387_92-239_1BBU:A:11-154	0	5	1	4	0	13	6	7	0	144
jgi|Lacbi1|293218|estExt_fgenesh2_pg.C_50436_25-157_1VJX:A:	4	0	1	5	0	10	7	3	0	156
jgi|Lacbi1|246915|e_gww1.5.578.1_318-374_1WD2:A:	0	0	2	0	0	10	10	2	0	59
jgi|Lacbi1|246915|e_gww1.5.578.1_149-236_1CHC:A:	0	3	0	1	0	9	8	3	0	68
jgi|Lacbi1|314077|eu2.Lbscf0005g06660_111-166_1S7B:A:	0	0	0	4	0	10	7	3	0	109
jgi|Lacbi1|314078|eu2.Lbscf0005g06670_3-47_2D8Q:A:8-64	4	0	0	2	0	9	3	2	0	57
jgi|Lacbi1|172709|estExt_Genewise1_human.C_50676_11-156_1QIP:A:	2	8	4	4	0	21	8	12	0	176
jgi|Lacbi1|247150|e_gww1.5.539.1_353-745_2JE8:A:331-678	9	13	4	11	0	41	27	20	0	348
jgi|Lacbi1|247150|e_gww1.5.539.1_21-216_2JE8:A:28-219	6	10	4	3	0	24	18	9	0	192
jgi|Lacbi1|189092|estExt_GeneWisePlus_worm.C_50237_11-449_1AD3:A:	0	19	7	14	0	42	30	22	0	446
jgi|Lacbi1|314084|eu2.Lbscf0005g06730_9-216_1PHK:A:	4	9	5	8	0	32	15	17	0	277
jgi|Lacbi1|314085|eu2.Lbscf0005g06740_62-258_1W91:A:14-360	7	16	7	9	0	42	31	17	0	347
jgi|Lacbi1|314086|eu2.Lbscf0005g06750_17-226_1OFZ:A:	10	25	2	0	0	35	18	22	0	312
jgi|Lacbi1|246981|e_gww1.5.595.1_72-361_1HV8:A:211-365	1	6	1	6	0	17	12	7	0	155
jgi|Lacbi1|247011|e_gww1.5.561.1_196-350_1WLJ:A:	0	7	1	7	0	16	4	10	0	173
jgi|Lacbi1|314091|eu2.Lbscf0005g06800_132-264_1N2F:A:	3	6	1	3	0	13	6	7	0	142
jgi|Lacbi1|314104|eu2.Lbscf0005g06930_3-36_1IYM:A:	0	2	0	1	0	11	6	4	0	54
jgi|Lacbi1|314106|eu2.Lbscf0005g06950_14-200_1N3Y:A:	2	6	5	6	0	16	15	10	0	189
jgi|Lacbi1|314107|eu2.Lbscf0005g06960_13-526_1D8C:A:	4	24	9	25	0	64	40	37	0	720
jgi|Lacbi1|314113|eu2.Lbscf0005g07020_112-153,196-250_1RXW:A:220-324	2	0	1	6	0	8	2	4	0	105
jgi|Lacbi1|314113|eu2.Lbscf0005g07020_6-127_1RXW:A:3-219	4	7	3	8	0	21	9	11	0	217
jgi|Lacbi1|172713|estExt_Genewise1_human.C_50687_31-136_1YAT:A:	2	7	3	1	0	16	4	8	0	113
jgi|Lacbi1|324377|fgenesh3_pg.C_scaffold_5000484_215-283,328-444_1IO0:A:	0	5	1	6	0	22	8	6	0	166
jgi|Lacbi1|324377|fgenesh3_pg.C_scaffold_5000484_78-137_1FS1:A:109-149	0	0	2	3	0	6	2	3	0	41
jgi|Lacbi1|246776|e_gww1.5.584.1_27-453_1PW4:A:	2	0	1	18	0	21	18	22	0	450
jgi|Lacbi1|232184|e_gwh1.5.562.1_2-592_1MW9:X:	5	17	5	18	0	50	23	23	0	591
jgi|Lacbi1|246783|e_gww1.5.102.1_80-120,165-223,252-396_1WRB:A:164-401	2	8	2	8	0	26	18	9	0	238
jgi|Lacbi1|314129|eu2.Lbscf0005g07180_16-205_1XM7:A:	4	9	1	6	0	24	16	14	0	194
jgi|Lacbi1|324382|fgenesh3_pg.C_scaffold_5000489_7-74_1RXW:A:3-219	4	7	3	8	0	21	9	11	0	217
jgi|Lacbi1|314132|eu2.Lbscf0005g07210_5-56_1I50:A:	24	46	14	45	0	162	93	81	0	1449
jgi|Lacbi1|314134|eu2.Lbscf0005g07230_42-94_1WEE:A:	0	3	0	1	0	15	10	3	0	71
jgi|Lacbi1|232257|e_gwh1.5.35.1_129-336,487-599_1TO2:E:	8	11	0	9	0	37	20	22	0	280
jgi|Lacbi1|232257|e_gwh1.5.35.1_390-432,471-518_1DE4:C:190-382	5	12	2	3	0	32	18	14	0	193
jgi|Lacbi1|324397|fgenesh3_pg.C_scaffold_5000504_204-470_2BW3:A:163-609	0	5	7	21	0	33	14	25	0	447
jgi|Lacbi1|314157|eu2.Lbscf0005g07460_4-237_1RYP:C:	5	10	2	6	0	23	13	10	0	244
jgi|Lacbi1|324403|fgenesh3_pg.C_scaffold_5000510_67-419_1LYA:A:,B:	4	25	5	4	0	36	19	23	1	338
jgi|Lacbi1|314161|eu2.Lbscf0005g07500_10-210_1KNQ:A:	0	5	1	7	0	16	7	10	0	171
jgi|Lacbi1|314166|eu2.Lbscf0005g07550_23-300_1F88:A:	0	4	2	13	0	20	19	16	0	348
jgi|Lacbi1|324409|fgenesh3_pg.C_scaffold_5000516_36-192,242-353,390-434_1HOW:A:	5	10	4	11	0	39	18	24	0	362
jgi|Lacbi1|314168|eu2.Lbscf0005g07570_69-406_1LYA:A:,B:	4	25	5	4	0	36	19	23	1	338
jgi|Lacbi1|314169|eu2.Lbscf0005g07580_23-327_1F88:A:	0	4	2	13	0	20	19	16	0	348
jgi|Lacbi1|142382|gww1.5.109.1_268-457,490-614_1HD7:A:	6	12	5	7	0	32	18	10	0	275
jgi|Lacbi1|142382|gww1.5.109.1_108-221_1O6V:A:33-416	1	19	16	2	0	68	27	29	0	381
jgi|Lacbi1|189161|estExt_GeneWisePlus_worm.C_50371_1-184_1HJO:A:3-188	0	12	2	6	0	18	6	12	0	186
jgi|Lacbi1|189161|estExt_GeneWisePlus_worm.C_50371_194-382_1BUP:A:189-381	1	6	3	7	0	14	7	9	0	193
jgi|Lacbi1|189161|estExt_GeneWisePlus_worm.C_50371_544-641_1UD0:A:	0	0	1	3	0	3	3	4	0	112
jgi|Lacbi1|189161|estExt_GeneWisePlus_worm.C_50371_386-574_1CKR:A:	1	10	0	2	0	15	14	9	0	159
jgi|Lacbi1|189161|estExt_GeneWisePlus_worm.C_50371_659-742_1UD0:A:	0	0	1	3	0	3	3	4	0	112
jgi|Lacbi1|189137|estExt_GeneWisePlus_worm.C_50333_479-729_1QZM:A:	0	2	0	5	0	9	2	6	0	94
jgi|Lacbi1|189137|estExt_GeneWisePlus_worm.C_50333_828-1011_1RRE:A:	5	10	1	6	0	17	11	10	0	182
jgi|Lacbi1|189137|estExt_GeneWisePlus_worm.C_50333_123-225_2ANE:A:8-117	2	6	1	1	0	12	6	4	0	110
jgi|Lacbi1|177837|estExt_Genewise1_worm.C_50082_289-544_1PV9:A:125-345	6	13	2	4	0	27	12	10	0	221
jgi|Lacbi1|177837|estExt_Genewise1_worm.C_50082_25-115_1CHM:A:2-156	1	7	1	6	0	19	11	7	0	155
jgi|Lacbi1|189031|estExt_GeneWisePlus_worm.C_50107_51-293_1OMZ:A:	3	13	1	7	0	26	18	19	0	265
jgi|Lacbi1|183424|estExt_GeneWisePlus_human.C_50199_11-488_1PV7:A:	0	0	2	22	0	18	12	14	0	417
jgi|Lacbi1|232400|e_gwh1.5.192.1_34-314_1IA8:A:	5	12	5	7	0	36	16	18	0	275
jgi|Lacbi1|314207|eu2.Lbscf0005g07960_46-126_1X5S:A:8-97	0	4	0	2	0	11	8	3	0	89
jgi|Lacbi1|314210|eu2.Lbscf0005g07990_35-320_1PV7:A:	0	0	2	22	0	18	12	14	0	417
jgi|Lacbi1|232388|e_gwh1.5.700.1_25-104_1X5S:A:8-97	0	4	0	2	0	11	8	3	0	89
jgi|Lacbi1|303947|eu2.Lbscf0263g00010_14-49_1ID3:B:	0	3	1	3	0	8	3	4	0	79
jgi|Lacbi1|314218|eu2.Lbscf0005g08070_14-49_1ID3:B:	0	3	1	3	0	8	3	4	0	79
jgi|Lacbi1|324451|fgenesh3_pg.C_scaffold_5000558_138-348_3BB6:A:1-109	4	8	1	1	0	14	8	7	0	109
jgi|Lacbi1|314243|eu2.Lbscf0005g08320_24-304_1J7L:A:	1	10	2	9	0	29	20	16	0	263
jgi|Lacbi1|324468|fgenesh3_pg.C_scaffold_5000575_7-219_2BW3:A:163-609	0	5	7	21	0	33	14	25	0	447
jgi|Lacbi1|314263|eu2.Lbscf0005g08520_297-356_1UDL:A:	4	5	0	0	0	15	12	3	0	97
jgi|Lacbi1|293242|estExt_fgenesh2_pg.C_50565_547-599_1YSA:D:	0	0	0	1	0	2	2	0	0	57
jgi|Lacbi1|324492|fgenesh3_pg.C_scaffold_5000599_55-213_1S70:B:	2	1	1	15	0	32	11	25	0	291
jgi|Lacbi1|324495|fgenesh3_pg.C_scaffold_5000602_213-258_1U6P:A:	2	0	1	0	0	10	6	3	0	56
jgi|Lacbi1|314282|eu2.Lbscf0005g08710_27-68_1QHK:A:	0	3	0	2	0	7	4	0	0	47
jgi|Lacbi1|324504|fgenesh3_pg.C_scaffold_5000611_110-153_1QHK:A:	0	3	0	2	0	7	4	0	0	47
jgi|Lacbi1|325071|fgenesh3_pg.C_scaffold_6000565_51-95_2HAP:C:55-97	0	0	1	2	0	6	3	2	0	43
jgi|Lacbi1|316123|eu2.Lbscf0006g08070_242-360_1N11:A:	0	0	1	24	0	48	15	35	0	408
jgi|Lacbi1|316123|eu2.Lbscf0006g08070_6-61_1XBL:A:	0	0	0	3	0	7	3	6	0	75
jgi|Lacbi1|143523|gww1.6.137.1_47-359_1GZ8:A:	3	8	3	10	0	29	17	22	0	298
jgi|Lacbi1|189595|estExt_GeneWisePlus_worm.C_60523_192-420_2CE7:A:150-402	2	5	6	9	0	24	12	16	0	253
jgi|Lacbi1|189496|estExt_GeneWisePlus_worm.C_60338_173-466_1SKY:E:83-356	6	11	4	9	0	36	19	17	0	274
jgi|Lacbi1|189496|estExt_GeneWisePlus_worm.C_60338_474-563_1FX0:B:378-485	0	0	2	3	0	10	7	7	0	108
jgi|Lacbi1|189496|estExt_GeneWisePlus_worm.C_60338_20-92_1SKY:B:21-95	0	6	1	0	0	7	5	6	0	75
jgi|Lacbi1|232955|e_gwh1.6.152.1_170-352_1NYO:A:	5	7	0	8	0	18	16	11	0	163
jgi|Lacbi1|232955|e_gwh1.6.152.1_2-42,76-170_1O70:A:468-624	0	7	3	6	0	10	8	7	0	157
jgi|Lacbi1|232761|e_gwh1.6.183.1_6-122_1RKB:A:	2	5	2	7	0	17	8	6	0	172
jgi|Lacbi1|232761|e_gwh1.6.183.1_6-78,158-185,216-253_1RKB:A:	2	5	2	7	0	17	8	6	0	172
jgi|Lacbi1|325078|fgenesh3_pg.C_scaffold_6000572_11-162_2GYA:J:4-143	1	2	0	0	0	24	22	4	0	140
jgi|Lacbi1|316132|eu2.Lbscf0006g08160_205-268_1MM2:A:	2	0	0	0	0	14	8	4	0	60
jgi|Lacbi1|316132|eu2.Lbscf0006g08160_381-428_1MM2:A:	2	0	0	0	0	14	8	4	0	60
jgi|Lacbi1|189579|estExt_GeneWisePlus_worm.C_60493_165-399_1WRB:A:164-401	2	8	2	8	0	26	18	9	0	238
jgi|Lacbi1|189579|estExt_GeneWisePlus_worm.C_60493_336-554_2J0S:A:244-411	0	7	4	5	0	15	11	10	0	168
jgi|Lacbi1|247525|e_gww1.6.512.1_2-173_1GUQ:A:2-177	2	7	3	2	0	27	18	11	0	176
jgi|Lacbi1|247525|e_gww1.6.512.1_195-343_1GUQ:A:178-348	0	8	1	6	0	19	10	8	0	171
jgi|Lacbi1|316135|eu2.Lbscf0006g08190_59-233_1YJ5:A:144-338	5	9	1	6	0	27	15	15	0	195
jgi|Lacbi1|316135|eu2.Lbscf0006g08190_268-410_1YJ5:A:351-522	1	5	2	7	0	18	13	9	0	172
jgi|Lacbi1|316136|eu2.Lbscf0006g08200_36-197_1V8Y:A:	5	9	0	3	0	15	5	6	0	158
jgi|Lacbi1|189339|estExt_GeneWisePlus_worm.C_60029_2-414_1QPG:A:	5	17	8	15	0	46	30	21	0	415
jgi|Lacbi1|316140|eu2.Lbscf0006g08240_177-432_1VRB:A:8-326	2	13	4	10	0	39	20	15	0	319
jgi|Lacbi1|316140|eu2.Lbscf0006g08240_44-108_1WEN:A:	0	2	0	0	0	14	12	4	0	70
jgi|Lacbi1|247763|e_gww1.6.83.1_210-458_1OUV:A:	0	0	0	15	0	18	7	15	0	272
jgi|Lacbi1|324509|fgenesh3_pg.C_scaffold_6000003_93-285_1VYB:A:	1	14	3	4	0	23	11	11	0	236
jgi|Lacbi1|315326|eu2.Lbscf0006g00100_18-86_1WEN:A:	0	2	0	0	0	14	12	4	0	70
jgi|Lacbi1|232595|e_gwh1.6.172.1_9-141_1I2D:A:2-170	3	7	1	7	0	21	13	9	0	169
jgi|Lacbi1|315343|eu2.Lbscf0006g00270_28-587_1CRL:A:	9	15	7	20	0	67	42	36	0	534
jgi|Lacbi1|324528|fgenesh3_pg.C_scaffold_6000022_151-469_2BW3:A:163-609	0	5	7	21	0	33	14	25	0	447
jgi|Lacbi1|315357|eu2.Lbscf0006g00410_2-214_1UL1:X:2-217	0	7	1	7	0	19	10	10	0	216
jgi|Lacbi1|315357|eu2.Lbscf0006g00410_199-241,278-347_1A77:A:209-316	0	0	0	6	0	9	3	6	0	108
jgi|Lacbi1|315358|eu2.Lbscf0006g00420_60-110,160-271_4CRX:A:130-341	2	5	3	9	0	25	15	9	0	212
jgi|Lacbi1|247479|e_gww1.6.122.1_29-548_1CRL:A:	9	15	7	20	0	67	42	36	0	534
jgi|Lacbi1|315360|eu2.Lbscf0006g00440_29-558_1GZ7:A:	9	15	8	19	0	65	41	38	0	534
jgi|Lacbi1|324536|fgenesh3_pg.C_scaffold_6000030_179-385_1PGV:A:	2	5	0	7	0	21	9	7	0	167
jgi|Lacbi1|315373|eu2.Lbscf0006g00570_30-92_2FV6:A:503-544	0	0	0	2	0	8	7	1	0	42
jgi|Lacbi1|315375|eu2.Lbscf0006g00590_36-77_2F2H:A:586-665	0	8	1	1	0	13	7	5	0	80
jgi|Lacbi1|315382|eu2.Lbscf0006g00660_31-69_2D8Q:A:8-64	4	0	0	2	0	9	3	2	0	57
jgi|Lacbi1|324551|fgenesh3_pg.C_scaffold_6000045_209-415_1A4Y:A:	2	17	3	16	0	56	24	32	0	460
jgi|Lacbi1|324552|fgenesh3_pg.C_scaffold_6000046_243-362,395-451_1A4Y:A:	2	17	3	16	0	56	24	32	0	460
jgi|Lacbi1|324556|fgenesh3_pg.C_scaffold_6000050_337-436_1R29:A:	0	3	0	6	0	11	5	9	0	122
jgi|Lacbi1|324556|fgenesh3_pg.C_scaffold_6000050_35-133_1R29:A:	0	3	0	6	0	11	5	9	0	122
jgi|Lacbi1|315392|eu2.Lbscf0006g00760_79-174_1YX0:A:1-151	0	7	0	4	0	18	13	7	0	149
jgi|Lacbi1|293252|estExt_fgenesh2_pg.C_60050_133-252_1VKC:A:	0	5	3	4	0	13	5	7	0	149
jgi|Lacbi1|233034|e_gwh1.6.91.1_34-118,161-182,243-384_1ORV:A:39-508	12	36	3	4	0	53	35	31	0	470
jgi|Lacbi1|189432|estExt_GeneWisePlus_worm.C_60215_15-135_1FUS:A:	0	7	0	1	0	16	10	9	0	105
jgi|Lacbi1|232643|e_gwh1.6.431.1_2-72_1FUS:A:	0	7	0	1	0	16	10	9	0	105
jgi|Lacbi1|232702|e_gwh1.6.424.1_2-72_1FUS:A:	0	7	0	1	0	16	10	9	0	105
jgi|Lacbi1|315406|eu2.Lbscf0006g00900_13-369_1PV7:A:	0	0	2	22	0	18	12	14	0	417
jgi|Lacbi1|315415|eu2.Lbscf0006g00990_50-106,138-212,268-312_1JWH:A:	6	8	8	12	0	37	16	22	0	336
jgi|Lacbi1|315422|eu2.Lbscf0006g01060_49-150_1WFJ:A:	0	8	0	1	0	15	11	3	0	135
jgi|Lacbi1|247779|e_gww1.6.240.1_10-281,312-357_1A6Q:A:2-296	3	15	2	7	0	26	16	16	0	295
jgi|Lacbi1|315429|eu2.Lbscf0006g01130_415-738_1YVU:A:315-706	2	20	1	9	0	32	17	11	0	311
jgi|Lacbi1|315429|eu2.Lbscf0006g01130_118-280_1R4K:A:	3	8	1	3	0	25	13	6	0	168
jgi|Lacbi1|315431|eu2.Lbscf0006g01150_27-100_1HDJ:A:	0	0	1	4	0	9	2	7	0	76
jgi|Lacbi1|315434|eu2.Lbscf0006g01180_6-232,298-415_1W4X:A:10-154,A:390-542	6	10	5	9	0	33	21	19	1	298
jgi|Lacbi1|324584|fgenesh3_pg.C_scaffold_6000078_2-169_1LLU:A:2-143,A:310-342	5	11	2	3	0	26	13	11	1	175
jgi|Lacbi1|324584|fgenesh3_pg.C_scaffold_6000078_147-309_1RJW:A:138-305	0	7	1	8	0	16	10	9	0	168
jgi|Lacbi1|315438|eu2.Lbscf0006g01220_33-236,288-460,506-530_1PV7:A:	0	0	2	22	0	18	12	14	0	417
jgi|Lacbi1|324588|fgenesh3_pg.C_scaffold_6000082_127-388,447-493_1A6Q:A:2-296	3	15	2	7	0	26	16	16	0	295
jgi|Lacbi1|247842|e_gww1.6.110.1_13-267,310-342_1HOW:A:	5	10	4	11	0	39	18	24	0	362
jgi|Lacbi1|157632|gwh1.6.115.1_195-478_1A4Y:A:	2	17	3	16	0	56	24	32	0	460
jgi|Lacbi1|324597|fgenesh3_pg.C_scaffold_6000091_223-380_1PGV:A:	2	5	0	7	0	21	9	7	0	167
jgi|Lacbi1|324598|fgenesh3_pg.C_scaffold_6000092_66-127_1FEX:A:	0	0	0	3	0	5	5	3	0	59
jgi|Lacbi1|315452|eu2.Lbscf0006g01360_36-227,287-478,524-548_1PW4:A:	2	0	1	18	0	21	18	22	0	450
jgi|Lacbi1|324602|fgenesh3_pg.C_scaffold_6000096_90-125_2DMD:A:8-33	2	0	1	1	0	3	0	1	0	26
jgi|Lacbi1|324609|fgenesh3_pg.C_scaffold_6000103_761-852_1EAG:A:	1	26	4	3	0	39	18	21	0	342
jgi|Lacbi1|315480|eu2.Lbscf0006g01640_61-400_1OYW:A:1-206	0	7	2	10	0	22	14	12	0	206
jgi|Lacbi1|315481|eu2.Lbscf0006g01650_61-400_1OYW:A:1-206	0	7	2	10	0	22	14	12	0	206
jgi|Lacbi1|324637|fgenesh3_pg.C_scaffold_6000131_72-232_1RI6:A:	1	28	2	0	0	36	19	23	0	342
jgi|Lacbi1|147323|gww1.6.296.1_5-106_1RSS:A:	0	2	0	6	0	12	6	5	0	145
jgi|Lacbi1|247303|e_gww1.6.250.1_2-45,83-255_1X04:A:26-225	0	0	0	6	0	4	2	6	0	200
jgi|Lacbi1|315521|eu2.Lbscf0006g02050_3-90_2FWR:A:23-256	3	12	5	9	0	19	16	14	0	234
jgi|Lacbi1|147357|gww1.6.297.1_5-145_1HUS:A:	0	4	0	6	0	13	5	4	0	139
jgi|Lacbi1|315527|eu2.Lbscf0006g02110_144-357,432-491_1K32:A:320-679	4	31	5	1	0	46	27	17	0	360
jgi|Lacbi1|315539|eu2.Lbscf0006g02230_27-196_4LIP:D:	4	11	2	11	0	29	17	24	0	319
jgi|Lacbi1|247328|e_gww1.6.307.1_1-153_1UFH:A:	0	5	2	4	0	14	4	8	0	155
jgi|Lacbi1|315541|eu2.Lbscf0006g02250_127-170,270-316,353-437_1EVQ:A:	0	8	4	9	0	28	16	23	0	308
jgi|Lacbi1|315547|eu2.Lbscf0006g02310_451-621,684-855_1QAS:A:299-625	3	11	6	8	0	35	21	20	0	327
jgi|Lacbi1|315547|eu2.Lbscf0006g02310_297-450_1DJX:B:158-298	2	4	2	8	0	10	8	7	0	141
jgi|Lacbi1|315547|eu2.Lbscf0006g02310_171-280_1MAI:A:	0	7	2	3	0	13	8	5	0	119
jgi|Lacbi1|315547|eu2.Lbscf0006g02310_869-905,942-1041_1QAS:A:626-756	1	8	2	0	0	14	6	3	0	131
jgi|Lacbi1|233152|e_gwh1.6.472.1_1-310_1QAS:A:299-625	3	11	6	8	0	35	21	20	0	327
jgi|Lacbi1|233152|e_gwh1.6.472.1_324-430_1QAS:A:626-756	1	8	2	0	0	14	6	3	0	131
jgi|Lacbi1|189413|estExt_GeneWisePlus_worm.C_60178_30-88,126-298_1X04:A:26-225	0	0	0	6	0	4	2	6	0	200
jgi|Lacbi1|315556|eu2.Lbscf0006g02400_19-244_1TQI:A:91-282	0	10	1	4	0	15	9	8	0	192
jgi|Lacbi1|319670|fgenesh3_pm.C_scaffold_6000005_14-285_1OKC:A:	0	0	6	11	0	19	10	9	0	292
jgi|Lacbi1|315571|eu2.Lbscf0006g02550_28-139_9PCY:A:	2	8	2	0	0	19	9	6	0	99
jgi|Lacbi1|324671|fgenesh3_pg.C_scaffold_6000165_324-529_1OGQ:A:	1	22	12	1	0	50	24	17	0	313
jgi|Lacbi1|293285|estExt_fgenesh2_pg.C_60161_49-277_1TQI:A:91-282	0	10	1	4	0	15	9	8	0	192
jgi|Lacbi1|315577|eu2.Lbscf0006g02610_96-373_1E9X:A:	5	12	6	18	0	48	21	22	0	449
jgi|Lacbi1|178278|estExt_Genewise1_worm.C_60269_13-270_2C07:A:54-304	2	7	2	9	0	21	12	14	0	251
jgi|Lacbi1|293288|estExt_fgenesh2_pg.C_60168_231-331_1C07:A:	0	2	0	4	0	11	7	6	0	95
jgi|Lacbi1|293288|estExt_fgenesh2_pg.C_60168_1708-1809_1KI1:B:1229-1438	0	0	2	10	0	7	5	12	0	210
jgi|Lacbi1|293288|estExt_fgenesh2_pg.C_60168_1326-1399_1UDL:A:	4	5	0	0	0	15	12	3	0	97
jgi|Lacbi1|293288|estExt_fgenesh2_pg.C_60168_1264-1326_1OOT:A:	3	5	1	0	0	9	4	4	0	58
jgi|Lacbi1|293288|estExt_fgenesh2_pg.C_60168_1822-1910_1KI1:B:1439-1580	4	9	1	1	0	17	10	3	0	142
jgi|Lacbi1|324687|fgenesh3_pg.C_scaffold_6000181_116-302_1QPC:A:	3	11	3	9	0	32	11	19	0	272
jgi|Lacbi1|315594|eu2.Lbscf0006g02780_113-294_1FGK:A:	3	7	5	8	0	31	12	14	0	299
jgi|Lacbi1|315595|eu2.Lbscf0006g02790_10-220,256-292_1W2F:A:	0	13	1	11	0	31	18	17	0	276
jgi|Lacbi1|189357|estExt_GeneWisePlus_worm.C_60079_25-169,232-285,347-487_1CEO:A:	6	10	3	12	0	37	23	14	0	340
jgi|Lacbi1|293295|estExt_fgenesh2_pg.C_60182_133-342_2BNH:A:	5	17	2	16	0	59	26	25	0	456
jgi|Lacbi1|324697|fgenesh3_pg.C_scaffold_6000191_154-317_1FQV:A:146-431	8	13	3	8	0	55	21	24	0	286
jgi|Lacbi1|315612|eu2.Lbscf0006g02960_16-64_2DJ8:A:8-54	0	2	0	2	0	6	6	3	0	47
jgi|Lacbi1|247492|e_gww1.6.199.1_39-378_1D2R:A:	6	5	3	13	0	31	17	19	0	326
jgi|Lacbi1|315615|eu2.Lbscf0006g02990_11-61_2DJ8:A:8-54	0	2	0	2	0	6	6	3	0	47
jgi|Lacbi1|146613|gww1.6.267.1_20-233_1ORN:A:	0	0	4	12	0	19	14	11	0	225
jgi|Lacbi1|232790|e_gwh1.6.484.1_8-291_1UB0:A:	1	9	1	8	0	20	12	11	0	258
jgi|Lacbi1|232790|e_gwh1.6.484.1_287-506_1UDD:A:	0	0	1	13	0	13	8	10	0	215
jgi|Lacbi1|247570|e_gww1.6.182.1_11-367_1T64:A:	10	8	3	11	0	40	16	26	0	364
jgi|Lacbi1|315632|eu2.Lbscf0006g03160_88-196,252-313_2YVX:A:276-448	0	0	1	5	0	10	9	7	0	173
jgi|Lacbi1|315632|eu2.Lbscf0006g03160_347-523_2YVX:A:276-448	0	0	1	5	0	10	9	7	0	173
jgi|Lacbi1|315633|eu2.Lbscf0006g03170_6-96,151-204_2YVX:A:276-448	0	0	1	5	0	10	9	7	0	173
jgi|Lacbi1|315654|eu2.Lbscf0006g03380_31-113_2C2L:A:24-224	0	0	1	10	0	12	7	11	0	201
jgi|Lacbi1|189447|estExt_GeneWisePlus_worm.C_60243_12-347,374-417_1NM8:A:9-385	5	11	2	11	0	30	22	18	0	372
jgi|Lacbi1|189447|estExt_GeneWisePlus_worm.C_60243_420-644_1XL7:A:393-610	1	6	1	6	0	16	7	12	0	218
jgi|Lacbi1|293314|estExt_fgenesh2_pg.C_60222_221-383_2BNH:A:	5	17	2	16	0	59	26	25	0	456
jgi|Lacbi1|324736|fgenesh3_pg.C_scaffold_6000230_268-442_1FQV:A:146-431	8	13	3	8	0	55	21	24	0	286
jgi|Lacbi1|315670|eu2.Lbscf0006g03540_12-255_2AKO:A:2-251	6	8	3	9	0	26	12	9	0	250
jgi|Lacbi1|315670|eu2.Lbscf0006g03540_334-377,428-470_2CX1:A:91-183	0	6	1	3	0	7	4	5	0	93
jgi|Lacbi1|315671|eu2.Lbscf0006g03550_317-472_1O6V:A:33-416	1	19	16	2	0	68	27	29	0	381
jgi|Lacbi1|247694|e_gww1.6.515.1_5-161_1DKR:A:8-166	1	7	1	4	0	20	10	6	0	159
jgi|Lacbi1|247694|e_gww1.6.515.1_109-311_1DKR:A:167-316	0	9	1	4	0	15	12	6	0	150
jgi|Lacbi1|293318|estExt_fgenesh2_pg.C_60228_28-230_2IW0:A:29-248	2	11	4	8	0	26	19	12	0	220
jgi|Lacbi1|192569|estExt_fgenesh1_kg.C_60004_15-133_2P8I:A:1-115	1	5	3	3	0	14	6	3	0	116
jgi|Lacbi1|172945|estExt_Genewise1_human.C_60423_6-141_2ENG:A:	9	7	5	4	0	29	16	16	0	210
jgi|Lacbi1|324746|fgenesh3_pg.C_scaffold_6000240_158-480_1A4Y:A:	2	17	3	16	0	56	24	32	0	460
jgi|Lacbi1|315681|eu2.Lbscf0006g03650_54-93_1FQV:A:107-145	0	0	0	3	0	4	4	4	0	39
jgi|Lacbi1|192570|estExt_fgenesh1_kg.C_60005_6-181_2F9L:A:8-182	0	6	2	6	0	17	10	12	0	175
jgi|Lacbi1|293326|estExt_fgenesh2_pg.C_60238_209-482_1FQV:A:146-431	8	13	3	8	0	55	21	24	0	286
jgi|Lacbi1|293326|estExt_fgenesh2_pg.C_60238_90-157_1FS1:A:109-149	0	0	2	3	0	6	2	3	0	41
jgi|Lacbi1|315686|eu2.Lbscf0006g03700_2-76,104-176_1Y8C:A:	1	11	3	7	0	21	9	14	0	246
jgi|Lacbi1|293329|estExt_fgenesh2_pg.C_60243_83-268_1AV1:D:	0	0	1	7	0	3	3	6	0	200
jgi|Lacbi1|315697|eu2.Lbscf0006g03810_377-630_1JX4:A:1-240	3	8	3	10	0	22	11	12	0	240
jgi|Lacbi1|315697|eu2.Lbscf0006g03810_91-204_1WF6:A:	1	4	3	3	0	15	14	3	0	131
jgi|Lacbi1|315697|eu2.Lbscf0006g03810_637-754_1T94:A:411-515	0	4	0	2	0	8	4	3	0	105
jgi|Lacbi1|315698|eu2.Lbscf0006g03820_126-309_1Y8C:A:	1	11	3	7	0	21	9	14	0	246
jgi|Lacbi1|315699|eu2.Lbscf0006g03830_3-185_1GEG:A:	4	7	4	9	0	21	11	15	0	255
jgi|Lacbi1|315701|eu2.Lbscf0006g03850_4-177_1GEG:A:	4	7	4	9	0	21	11	15	0	255
jgi|Lacbi1|247761|e_gww1.6.91.1_483-595_1K3I:A:538-639	3	10	0	0	0	15	10	5	0	102
jgi|Lacbi1|247761|e_gww1.6.91.1_69-108,139-480_1K3I:A:151-537	9	30	6	0	0	59	29	25	0	387
jgi|Lacbi1|324786|fgenesh3_pg.C_scaffold_6000280_34-463_1VZ6:A:	3	14	2	11	0	35	15	19	0	383
jgi|Lacbi1|157734|gwh1.6.119.1_84-515_1IHP:A:	5	10	6	16	0	41	24	26	0	438
jgi|Lacbi1|315739|eu2.Lbscf0006g04230_28-519_1BU7:A:	0	12	10	16	0	39	22	21	0	455
jgi|Lacbi1|315740|eu2.Lbscf0006g04240_11-111_1PS1:A:	0	0	2	17	0	17	10	19	0	311
jgi|Lacbi1|293338|estExt_fgenesh2_pg.C_60273_494-624_1NQL:A:481-614	10	9	1	0	0	18	16	10	0	134
jgi|Lacbi1|293338|estExt_fgenesh2_pg.C_60273_301-435_1M6B:B:480-611	10	9	1	0	0	14	18	10	0	132
jgi|Lacbi1|324793|fgenesh3_pg.C_scaffold_6000287_75-161,194-433_1A6Q:A:2-296	3	15	2	7	0	26	16	16	0	295
jgi|Lacbi1|293340|estExt_fgenesh2_pg.C_60280_78-169_1J46:A:	0	0	0	3	0	5	3	3	0	84
jgi|Lacbi1|189535|estExt_GeneWisePlus_worm.C_60409_24-456_1WPX:A:1-421	5	13	3	17	0	47	29	31	0	421
jgi|Lacbi1|293342|estExt_fgenesh2_pg.C_60282_21-109_1SXL:A:	2	3	0	2	0	19	15	2	0	97
jgi|Lacbi1|293344|estExt_fgenesh2_pg.C_60284_4-127_1XZP:A:212-371	1	6	1	6	0	15	10	10	0	160
jgi|Lacbi1|315756|eu2.Lbscf0006g04400_1-333_1BU7:A:	0	12	10	16	0	39	22	21	0	455
jgi|Lacbi1|315758|eu2.Lbscf0006g04420_30-513_1BU7:A:	0	12	10	16	0	39	22	21	0	455
jgi|Lacbi1|315759|eu2.Lbscf0006g04430_298-383_1RRP:B:	2	6	0	1	0	17	9	5	0	134
jgi|Lacbi1|315761|eu2.Lbscf0006g04450_32-267_1JBK:A:	0	6	2	10	0	18	8	13	0	194
jgi|Lacbi1|315761|eu2.Lbscf0006g04450_461-584_1ELR:A:	0	0	0	7	0	9	1	5	0	128
jgi|Lacbi1|315761|eu2.Lbscf0006g04450_615-747_1HZ4:A:	0	0	2	19	0	22	5	20	0	366
jgi|Lacbi1|247405|e_gww1.6.139.1_34-461_1PV7:A:	0	0	2	22	0	18	12	14	0	417
jgi|Lacbi1|315765|eu2.Lbscf0006g04490_42-272_1V77:A:	0	7	1	10	0	20	13	6	0	202
jgi|Lacbi1|315766|eu2.Lbscf0006g04500_512-611_2IF1:A:	3	5	1	3	0	19	12	8	0	125
jgi|Lacbi1|315766|eu2.Lbscf0006g04500_103-194_2CX1:A:91-183	0	6	1	3	0	7	4	5	0	93
jgi|Lacbi1|315766|eu2.Lbscf0006g04500_403-467_1YCR:A:	1	5	0	4	0	9	4	7	0	85
jgi|Lacbi1|247484|e_gww1.6.106.1_55-298_1H6K:A:27-290	3	2	4	12	0	21	8	8	0	264
jgi|Lacbi1|232674|e_gwh1.6.107.1_309-410,445-611_2DNJ:A:	6	12	2	8	0	28	14	12	0	260
jgi|Lacbi1|247864|e_gww1.6.542.1_10-272_1KO3:A:	1	12	0	6	0	23	11	19	0	230
jgi|Lacbi1|293350|estExt_fgenesh2_pg.C_60298_687-784,881-991_1B0U:A:	0	12	1	10	0	24	16	14	0	261
jgi|Lacbi1|293350|estExt_fgenesh2_pg.C_60298_456-649_1B0U:A:	0	12	1	10	0	24	16	14	0	261
jgi|Lacbi1|293350|estExt_fgenesh2_pg.C_60298_38-232,268-397,440-450,589-662,748-829,925-981_1WA5:B:	0	0	5	29	0	38	22	22	0	506
jgi|Lacbi1|293350|estExt_fgenesh2_pg.C_60298_815-870_1GUW:A:	2	5	0	1	0	12	6	4	0	72
jgi|Lacbi1|315775|eu2.Lbscf0006g04590_29-126_1R29:A:	0	3	0	6	0	11	5	9	0	122
jgi|Lacbi1|293353|estExt_fgenesh2_pg.C_60305_13-57_2HAP:C:55-97	0	0	1	2	0	6	3	2	0	43
jgi|Lacbi1|293357|estExt_fgenesh2_pg.C_60309_50-119_1D4U:A:37-111	0	3	0	3	0	9	8	3	0	75
jgi|Lacbi1|315787|eu2.Lbscf0006g04710_14-207_1VE3:A:2-227	0	10	2	7	0	20	9	11	0	226
jgi|Lacbi1|324832|fgenesh3_pg.C_scaffold_6000326_315-335,466-809_1VZO:A:	2	11	7	9	0	31	20	19	0	322
jgi|Lacbi1|232676|e_gwh1.6.79.1_61-310,391-411_1TYE:A:	12	36	2	4	0	66	33	39	0	452
jgi|Lacbi1|232676|e_gwh1.6.79.1_395-503_1JV2:A:1-438	9	35	2	3	0	69	38	34	0	438
jgi|Lacbi1|293360|estExt_fgenesh2_pg.C_60316_83-145_1NEX:B:270-369	0	0	0	7	0	9	5	6	0	100
jgi|Lacbi1|315794|eu2.Lbscf0006g04780_76-139_1NEX:B:270-369	0	0	0	7	0	9	5	6	0	100
jgi|Lacbi1|315795|eu2.Lbscf0006g04790_399-618_2ONK:A:1-240	2	9	2	9	0	23	17	15	0	240
jgi|Lacbi1|232872|e_gwh1.6.427.1_10-62_1U97:A:	0	0	0	2	0	8	7	4	0	69
jgi|Lacbi1|232929|e_gwh1.6.444.1_40-169,279-374,768-844_1SU4:A:1-124,A:240-343,A:751-994	1	1	8	18	0	32	20	22	2	472
jgi|Lacbi1|232929|e_gwh1.6.444.1_378-398,542-808_1SU4:A:344-360,A:600-750	3	8	1	8	0	16	12	11	1	168
jgi|Lacbi1|232929|e_gwh1.6.444.1_389-601_1MO7:A:	2	9	0	5	0	32	19	9	0	213
jgi|Lacbi1|232929|e_gwh1.6.444.1_168-277_1SU4:A:125-239	2	9	3	0	0	21	10	7	0	115
jgi|Lacbi1|232929|e_gwh1.6.444.1_904-1083_1SU4:A:1-124,A:240-343,A:751-994	1	1	8	18	0	32	20	22	2	472
jgi|Lacbi1|315798|eu2.Lbscf0006g04820_27-212_1NEK:D:	0	0	0	4	0	4	4	2	0	113
jgi|Lacbi1|232799|e_gwh1.6.230.1_11-320_1OKC:A:	0	0	6	11	0	19	10	9	0	292
jgi|Lacbi1|315811|eu2.Lbscf0006g04950_37-416_1BS0:A:	7	14	3	14	0	42	23	18	0	383
jgi|Lacbi1|315812|eu2.Lbscf0006g04960_1-119_2AV5:A:15-120	0	5	1	3	0	5	2	4	0	106
jgi|Lacbi1|315813|eu2.Lbscf0006g04970_2-294_2PLC:A:	5	13	4	8	0	26	18	17	0	274
jgi|Lacbi1|324849|fgenesh3_pg.C_scaffold_6000343_1-114_1MFI:A:	1	7	4	2	0	13	5	3	0	114
jgi|Lacbi1|183914|estExt_GeneWisePlus_human.C_60481_40-391_1VD5:A:	13	7	2	13	0	34	22	22	0	377
jgi|Lacbi1|183852|estExt_GeneWisePlus_human.C_60368_5-123_1GY7:A:	0	6	1	2	0	7	6	4	0	121
jgi|Lacbi1|178406|estExt_Genewise1_worm.C_60514_13-302_1U4C:A:	4	27	2	2	0	38	21	15	0	340
jgi|Lacbi1|315821|eu2.Lbscf0006g05050_227-300_1UST:A:	0	3	0	4	0	10	8	6	0	92
jgi|Lacbi1|315822|eu2.Lbscf0006g05060_39-109_1JM7:A:	2	0	1	3	0	11	9	5	0	103
jgi|Lacbi1|247576|e_gww1.6.98.1_34-504_1CW3:A:	10	20	4	15	0	54	32	26	0	494
jgi|Lacbi1|315827|eu2.Lbscf0006g05110_117-207,234-295_2PAG:A:1-135	5	4	0	5	0	13	6	10	0	135
jgi|Lacbi1|315828|eu2.Lbscf0006g05120_10-373_1Z41:A:2-338	1	12	4	10	0	34	24	18	0	337
jgi|Lacbi1|324861|fgenesh3_pg.C_scaffold_6000355_3-285_1M3E:A:1-250	5	14	3	7	0	31	14	16	0	250
jgi|Lacbi1|324861|fgenesh3_pg.C_scaffold_6000355_240-440_1M3E:A:260-481	5	15	3	5	0	31	18	16	0	222
jgi|Lacbi1|315833|eu2.Lbscf0006g05170_673-945_1P22:A:253-545	0	28	0	1	0	35	23	13	0	293
jgi|Lacbi1|232722|e_gwh1.6.247.1_4-101_1Y8O:B:128-229	0	8	1	0	0	16	9	6	0	102
jgi|Lacbi1|232722|e_gwh1.6.247.1_137-180_1BAL:A:	0	0	1	2	0	7	6	5	0	51
jgi|Lacbi1|315835|eu2.Lbscf0006g05190_285-360_1AXC:A:1-126	0	10	1	2	0	11	7	6	0	126
jgi|Lacbi1|315836|eu2.Lbscf0006g05200_34-117_1Y8O:B:128-229	0	8	1	0	0	16	9	6	0	102
jgi|Lacbi1|290991|estExt_fgenesh2_pm.C_60019_12-70,99-346_3GRS:A:18-165,A:291-363	3	11	3	5	0	26	14	14	1	221
jgi|Lacbi1|290991|estExt_fgenesh2_pm.C_60019_357-471_1GES:A:336-450	1	5	2	4	0	12	8	5	0	115
jgi|Lacbi1|315840|eu2.Lbscf0006g05240_6-139_1DT9:A:5-142	0	4	1	4	0	16	5	7	0	138
jgi|Lacbi1|315840|eu2.Lbscf0006g05240_141-273_1DT9:A:143-276	0	5	0	4	0	15	13	7	0	134
jgi|Lacbi1|315840|eu2.Lbscf0006g05240_275-419_1DT9:A:277-422	3	4	0	4	0	12	10	4	0	146
jgi|Lacbi1|233103|e_gwh1.6.189.1_66-367_1DS1:A:	5	16	8	7	0	38	23	18	0	323
jgi|Lacbi1|189477|estExt_GeneWisePlus_worm.C_60305_1-321_1EX1:A:1-388	3	11	8	15	1	39	19	29	0	388
jgi|Lacbi1|189477|estExt_GeneWisePlus_worm.C_60305_323-577_1EX1:A:389-602	5	6	2	6	0	33	25	10	0	214
jgi|Lacbi1|189591|estExt_GeneWisePlus_worm.C_60515_8-186_1A0R:P:	0	5	1	7	0	18	12	12	0	218
jgi|Lacbi1|233002|e_gwh1.6.518.1_10-146_1YB5:A:6-120,A:295-329	2	9	3	2	0	18	11	6	1	150
jgi|Lacbi1|233002|e_gwh1.6.518.1_119-258_1IZ0:A:99-269	3	6	3	9	0	11	7	13	0	171
jgi|Lacbi1|315847|eu2.Lbscf0006g05310_74-233_2AF7:A:1-119	0	0	0	8	1	9	2	7	0	119
jgi|Lacbi1|293378|estExt_fgenesh2_pg.C_60355_784-1090_2OVR:B:2365-2706	0	32	2	1	0	36	24	21	0	342
jgi|Lacbi1|172912|estExt_Genewise1_human.C_60359_3-173_2NGR:A:	0	6	3	6	0	19	11	13	0	191
jgi|Lacbi1|189531|estExt_GeneWisePlus_worm.C_60402_5-245_1IRU:F:	2	10	1	6	0	18	11	14	0	238
jgi|Lacbi1|189440|estExt_GeneWisePlus_worm.C_60233_11-182_1X5U:A:7-99	4	4	0	2	0	14	8	4	0	92
jgi|Lacbi1|189452|estExt_GeneWisePlus_worm.C_60252_15-533_1ACO:A:2-528	11	21	6	16	0	60	33	33	0	527
jgi|Lacbi1|189452|estExt_GeneWisePlus_worm.C_60252_538-758_1ACO:A:529-754	9	9	4	7	0	28	12	16	0	226
jgi|Lacbi1|315857|eu2.Lbscf0006g05410_930-1224_2R8C:A:58-368	4	11	2	13	0	35	18	21	0	310
jgi|Lacbi1|315857|eu2.Lbscf0006g05410_157-192,242-279,326-467_1ORV:A:39-508	12	36	3	4	0	53	35	31	0	470
jgi|Lacbi1|315857|eu2.Lbscf0006g05410_868-930,1224-1239_1NFG:A:1-51,A:382-457	2	9	1	0	0	15	9	8	1	127
jgi|Lacbi1|315857|eu2.Lbscf0006g05410_93-189_1K32:A:39-319	1	27	1	0	0	31	19	21	0	281
jgi|Lacbi1|315859|eu2.Lbscf0006g05430_103-264_1UYJ:A:	2	16	2	2	0	30	11	10	0	280
jgi|Lacbi1|189604|estExt_GeneWisePlus_worm.C_60538_55-178_1NEK:C:	1	0	1	4	0	7	4	3	0	129
jgi|Lacbi1|247338|e_gww1.6.420.1_6-97_1X5T:A:8-90	2	6	0	2	0	10	6	5	0	83
jgi|Lacbi1|315875|eu2.Lbscf0006g05590_4-46_1VD5:A:	13	7	2	13	0	34	22	22	0	377
jgi|Lacbi1|148575|gww1.6.357.1_12-105_1YTB:A:61-155	0	6	0	2	0	7	5	4	0	95
jgi|Lacbi1|148575|gww1.6.357.1_103-188_1YTB:A:156-240	2	5	0	2	0	9	5	4	0	85
jgi|Lacbi1|159097|gwh1.6.173.1_2-326_1EQC:A:	4	8	10	10	0	47	30	30	0	394
jgi|Lacbi1|324897|fgenesh3_pg.C_scaffold_6000391_85-373_1HV8:A:3-210	0	7	1	9	0	25	17	9	0	208
jgi|Lacbi1|315886|eu2.Lbscf0006g05700_232-480_1RI5:A:	1	10	1	9	0	22	15	13	0	252
jgi|Lacbi1|247319|e_gww1.6.454.1_423-789_1ND7:A:	2	12	7	14	0	33	22	22	0	373
jgi|Lacbi1|247319|e_gww1.6.454.1_1-118_1DSY:A:	1	9	1	2	0	19	9	5	0	137
jgi|Lacbi1|247319|e_gww1.6.454.1_311-350_1TK7:A:46-88	0	3	0	1	0	5	4	3	0	43
jgi|Lacbi1|247319|e_gww1.6.454.1_368-409_1TK7:A:1-45	0	3	0	1	0	5	4	3	0	43
jgi|Lacbi1|247319|e_gww1.6.454.1_207-245_1TK7:A:1-45	0	3	0	1	0	5	4	3	0	43
jgi|Lacbi1|315889|eu2.Lbscf0006g05730_2-179_1EQ6:A:	0	10	5	3	0	16	9	11	0	189
jgi|Lacbi1|293395|estExt_fgenesh2_pg.C_60381_35-253_1W0H:A:	4	7	2	7	0	20	10	12	0	200
jgi|Lacbi1|293399|estExt_fgenesh2_pg.C_60385_11-81_2DT6:A:48-110	0	0	1	3	0	4	4	5	0	63
jgi|Lacbi1|293399|estExt_fgenesh2_pg.C_60385_111-182_2DT7:B:134-217	0	0	1	3	0	8	6	3	0	84
jgi|Lacbi1|293399|estExt_fgenesh2_pg.C_60385_651-752_1WE7:A:	2	5	1	3	0	17	13	5	0	114
jgi|Lacbi1|315903|eu2.Lbscf0006g05870_26-271_1LFP:A:	0	10	4	7	0	23	16	9	0	243
jgi|Lacbi1|315905|eu2.Lbscf0006g05890_15-127_2CAY:A:1-99,A:252-282	4	17	4	3	0	30	13	11	1	242
jgi|Lacbi1|315905|eu2.Lbscf0006g05890_386-479_1U5T:B:396-489	0	3	1	3	0	6	6	7	0	94
jgi|Lacbi1|315905|eu2.Lbscf0006g05890_178-257_2HTH:B:3-131	0	8	1	1	0	15	9	6	0	129
jgi|Lacbi1|247670|e_gww1.6.206.1_38-295_1VL8:A:	2	7	6	9	0	25	10	14	0	251
jgi|Lacbi1|315910|eu2.Lbscf0006g05940_10-324_1TRK:A:3-337	2	7	3	13	0	32	17	26	0	335
jgi|Lacbi1|315910|eu2.Lbscf0006g05940_337-531_1TRK:A:338-534	2	8	4	7	0	26	13	13	0	197
jgi|Lacbi1|315910|eu2.Lbscf0006g05940_537-670_1TRK:A:535-680	0	5	1	6	0	20	14	10	0	146
jgi|Lacbi1|293408|estExt_fgenesh2_pg.C_60396_8-124_1EZV:F:	0	0	3	5	0	9	6	4	0	125
jgi|Lacbi1|192576|estExt_fgenesh1_kg.C_60011_3-148_1NUE:A:	0	4	4	8	0	15	6	8	0	151
jgi|Lacbi1|324923|fgenesh3_pg.C_scaffold_6000417_46-185_1D7B:A:	5	13	1	1	0	24	10	12	0	185
jgi|Lacbi1|315914|eu2.Lbscf0006g05980_312-432,512-663,757-866_1YA0:A:1-497	3	2	6	21	0	32	18	18	0	497
jgi|Lacbi1|315914|eu2.Lbscf0006g05980_1042-1105,1138-1209_1O4W:A:	0	5	0	6	0	10	3	5	0	125
jgi|Lacbi1|293413|estExt_fgenesh2_pg.C_60402_104-222_1A17:A:	0	0	0	7	0	11	3	7	0	159
jgi|Lacbi1|167586|gwh1.6.517.1_2-319_1P5J:A:	2	10	3	14	0	35	20	16	0	319
jgi|Lacbi1|315921|eu2.Lbscf0006g06050_31-491_1PMM:A:	9	13	6	12	0	49	26	25	0	450
jgi|Lacbi1|324930|fgenesh3_pg.C_scaffold_6000424_20-164_1NOC:B:	1	9	1	5	0	22	13	9	0	213
jgi|Lacbi1|232944|e_gwh1.6.283.1_25-174_1U5T:A:20-164	0	3	1	6	0	9	4	8	0	145
jgi|Lacbi1|232944|e_gwh1.6.283.1_178-245_1U5T:A:165-232	1	2	1	3	0	7	4	3	0	68
jgi|Lacbi1|315929|eu2.Lbscf0006g06130_49-166_1PLB:A:	0	9	1	0	0	18	10	5	0	97
jgi|Lacbi1|293419|estExt_fgenesh2_pg.C_60414_285-420_1WIN:A:	0	6	0	5	0	15	6	3	0	142
jgi|Lacbi1|232800|e_gwh1.6.222.1_25-259_1SXJ:D:26-262	0	5	2	13	0	21	15	15	0	237
jgi|Lacbi1|232800|e_gwh1.6.222.1_274-356_1SXJ:D:263-353	0	0	0	5	0	7	4	3	0	91
jgi|Lacbi1|291002|estExt_fgenesh2_pm.C_60034_9-190_1BUP:A:4-188	0	12	1	6	0	18	7	13	0	185
jgi|Lacbi1|291002|estExt_fgenesh2_pm.C_60034_194-385_1HJO:A:189-382	1	6	2	6	0	13	8	10	0	194
jgi|Lacbi1|291002|estExt_fgenesh2_pm.C_60034_389-546_1CKR:A:	1	10	0	2	0	15	14	9	0	159
jgi|Lacbi1|161454|gwh1.6.273.1_5-193_1FJG:B:	2	5	3	7	0	24	18	13	0	237
jgi|Lacbi1|315942|eu2.Lbscf0006g06260_25-492_1QDL:A:	4	22	4	9	0	41	30	16	0	422
jgi|Lacbi1|247458|e_gww1.6.172.1_3-82_1RL1:A:	2	7	2	0	0	13	8	2	0	92
jgi|Lacbi1|189612|estExt_GeneWisePlus_worm.C_60554_4-127,240-342,745-986_1SU4:A:1-124,A:240-343,A:751-994	1	1	8	18	0	32	20	22	2	472
jgi|Lacbi1|189612|estExt_GeneWisePlus_worm.C_60554_355-594_1SU4:A:361-599	0	13	3	7	0	21	11	13	0	239
jgi|Lacbi1|189612|estExt_GeneWisePlus_worm.C_60554_579-744_1SU4:A:344-360,A:600-750	3	8	1	8	0	16	12	11	1	168
jgi|Lacbi1|189612|estExt_GeneWisePlus_worm.C_60554_126-238_1SU4:A:125-239	2	9	3	0	0	21	10	7	0	115
jgi|Lacbi1|293429|estExt_fgenesh2_pg.C_60428_64-156_1WC2:A:1-180	3	7	3	3	0	24	16	15	0	180
jgi|Lacbi1|315951|eu2.Lbscf0006g06350_49-145_1BW3:A:	0	5	2	4	0	16	12	8	0	125
jgi|Lacbi1|293430|estExt_fgenesh2_pg.C_60429_45-141_1BW3:A:	0	5	2	4	0	16	12	8	0	125
jgi|Lacbi1|189382|estExt_GeneWisePlus_worm.C_60116_4-156_1K8K:G:	0	0	3	6	0	13	9	8	0	143
jgi|Lacbi1|315956|eu2.Lbscf0006g06400_93-285,353-549_1JTD:B:	0	21	7	0	0	27	25	19	0	273
jgi|Lacbi1|291005|estExt_fgenesh2_pm.C_60037_201-308_2AMF:A:153-256	0	0	1	6	0	5	2	5	0	104
jgi|Lacbi1|291005|estExt_fgenesh2_pm.C_60037_72-199_1YQG:A:1-152	0	8	1	5	0	19	9	9	0	152
jgi|Lacbi1|315958|eu2.Lbscf0006g06420_155-404_1E32:A:201-458	3	5	4	12	0	28	13	14	0	258
jgi|Lacbi1|178312|estExt_Genewise1_worm.C_60324_22-150_1H2T:Z:	3	6	4	4	0	20	12	10	0	146
jgi|Lacbi1|192577|estExt_fgenesh1_kg.C_60012_3-112_2IF1:A:	3	5	1	3	0	19	12	8	0	125
jgi|Lacbi1|315965|eu2.Lbscf0006g06490_95-261_1VNS:A:	18	8	7	16	0	68	39	32	0	574
jgi|Lacbi1|293440|estExt_fgenesh2_pg.C_60441_122-193_1VOL:A:113-207	0	0	0	5	0	8	2	6	0	95
jgi|Lacbi1|315971|eu2.Lbscf0006g06550_26-280_2R31:A:6-238	5	5	4	11	0	20	8	12	0	235
jgi|Lacbi1|315974|eu2.Lbscf0006g06580_70-170_1R29:A:	0	3	0	6	0	11	5	9	0	122
jgi|Lacbi1|178346|estExt_Genewise1_worm.C_60381_3-148_2AYV:A:1-146	3	4	1	4	0	19	8	10	0	145
jgi|Lacbi1|315978|eu2.Lbscf0006g06620_122-257,352-370_2FNJ:A:35-251	2	15	1	3	0	22	13	17	0	217
jgi|Lacbi1|291007|estExt_fgenesh2_pm.C_60039_352-509_1K8F:A:	2	16	0	0	0	18	13	5	0	157
jgi|Lacbi1|291007|estExt_fgenesh2_pm.C_60039_81-274_1S0P:A:	0	2	1	7	0	10	6	8	0	176
jgi|Lacbi1|291007|estExt_fgenesh2_pm.C_60039_266-315_1UX5:A:	6	0	6	19	0	32	18	22	0	411
jgi|Lacbi1|315985|eu2.Lbscf0006g06690_185-273_1RQ0:A:	0	11	3	9	0	23	14	13	0	333
jgi|Lacbi1|315986|eu2.Lbscf0006g06700_28-114_1UST:A:	0	3	0	4	0	10	8	6	0	92
jgi|Lacbi1|315989|eu2.Lbscf0006g06730_234-315_1R0V:A:215-305	1	5	2	2	0	9	5	6	0	91
jgi|Lacbi1|315990|eu2.Lbscf0006g06740_10-225_2HSJ:A:1-211	4	5	4	9	0	22	9	9	0	211
jgi|Lacbi1|315991|eu2.Lbscf0006g06750_459-620_1C25:A:	3	7	1	5	0	18	12	10	0	161
jgi|Lacbi1|315992|eu2.Lbscf0006g06760_15-144,411-542_1Q3Q:A:9-145,A:406-526	0	9	0	10	0	19	6	13	1	258
jgi|Lacbi1|315992|eu2.Lbscf0006g06760_212-384_1A6D:B:216-367	2	8	2	3	0	15	12	6	0	152
jgi|Lacbi1|315992|eu2.Lbscf0006g06760_149-218,377-411_1Q3Q:A:146-216,A:370-405	1	5	3	3	0	8	7	2	1	107
jgi|Lacbi1|315993|eu2.Lbscf0006g06770_480-748_1W3B:A:	0	0	0	23	0	35	6	26	0	388
jgi|Lacbi1|315993|eu2.Lbscf0006g06770_14-168_2FBN:A:22-174	0	0	1	7	0	10	3	7	0	153
jgi|Lacbi1|183839|estExt_GeneWisePlus_human.C_60340_92-181_2CX1:A:91-183	0	6	1	3	0	7	4	5	0	93
jgi|Lacbi1|315997|eu2.Lbscf0006g06810_706-1031_1W9C:A:	0	0	4	15	0	20	13	12	0	321
jgi|Lacbi1|315997|eu2.Lbscf0006g06810_25-266,331-373,406-704,771-1032_1W9C:A:	0	0	4	15	0	20	13	12	0	321
jgi|Lacbi1|315998|eu2.Lbscf0006g06820_129-316_1QOR:A:113-291	2	6	1	8	0	15	10	12	0	179
jgi|Lacbi1|315998|eu2.Lbscf0006g06820_27-155_1TT7:A:2-127,A:295-330	3	11	2	3	0	21	16	11	1	162
jgi|Lacbi1|247298|e_gww1.6.373.1_34-138_1F0K:A:	0	13	3	16	0	35	15	23	0	363
jgi|Lacbi1|316000|eu2.Lbscf0006g06840_19-136,162-249_2AVN:A:1-246	2	10	3	10	0	28	12	9	0	246
jgi|Lacbi1|232979|e_gwh1.6.82.1_263-518_1USU:A:	0	11	3	8	0	26	12	15	0	256
jgi|Lacbi1|232979|e_gwh1.6.82.1_3-210_2IWX:A:2-214	0	8	5	5	0	22	9	11	0	214
jgi|Lacbi1|232979|e_gwh1.6.82.1_541-663_1SF8:A:	0	3	1	5	0	9	8	3	0	125
jgi|Lacbi1|178249|estExt_Genewise1_worm.C_60202_6-400_1W23:A:	2	14	6	10	0	36	25	20	0	360
jgi|Lacbi1|293463|estExt_fgenesh2_pg.C_60470_180-291_1PLB:A:	0	9	1	0	0	18	10	5	0	97
jgi|Lacbi1|293463|estExt_fgenesh2_pg.C_60470_23-131_1ADW:A:	1	8	1	2	0	17	6	7	0	123
jgi|Lacbi1|316012|eu2.Lbscf0006g06960_5-100_2CRU:A:8-112	2	0	0	4	0	8	3	3	0	105
jgi|Lacbi1|232663|e_gwh1.6.10.1_12-57,101-307_2OVR:B:2365-2706	0	32	2	1	0	36	24	21	0	342
jgi|Lacbi1|232663|e_gwh1.6.10.1_471-814_1QOL:A:	2	9	4	4	0	19	10	8	0	173
jgi|Lacbi1|232663|e_gwh1.6.10.1_864-1040_1WLJ:A:	0	7	1	7	0	16	4	10	0	173
jgi|Lacbi1|316014|eu2.Lbscf0006g06980_51-159_1DS9:A:	1	9	1	9	0	23	14	8	0	198
jgi|Lacbi1|316015|eu2.Lbscf0006g06990_166-434_1H2K:A:	3	17	6	8	0	41	17	19	0	335
jgi|Lacbi1|316017|eu2.Lbscf0006g07010_667-721_1Z0K:B:441-501	1	0	0	2	0	6	3	2	0	61
jgi|Lacbi1|316017|eu2.Lbscf0006g07010_417-472,514-532_1HYI:A:	0	4	0	1	0	11	5	3	0	65
jgi|Lacbi1|316018|eu2.Lbscf0006g07020_5-150_1M4J:A:	1	5	2	5	0	12	6	4	0	133
jgi|Lacbi1|316018|eu2.Lbscf0006g07020_176-321_1CNU:A:	0	6	0	4	0	13	8	9	0	134
jgi|Lacbi1|172821|estExt_Genewise1_human.C_60176_32-416_1R6T:A:82-467	4	11	6	19	0	34	15	21	0	385
jgi|Lacbi1|293468|estExt_fgenesh2_pg.C_60477_42-102_1E4U:A:	4	0	0	1	0	16	10	5	0	78
jgi|Lacbi1|293468|estExt_fgenesh2_pg.C_60477_136-215_2CPI:A:101-189	0	5	0	2	0	8	7	4	0	89
jgi|Lacbi1|316023|eu2.Lbscf0006g07070_889-948_1H88:C:89-143	0	0	0	3	0	6	5	5	0	55
jgi|Lacbi1|172826|estExt_Genewise1_human.C_60190_39-442_1EQC:A:	4	8	10	10	0	47	30	30	0	394
jgi|Lacbi1|183838|estExt_GeneWisePlus_human.C_60336_525-1275_1LLW:A:439-1239	10	19	12	28	0	98	61	37	0	801
jgi|Lacbi1|183838|estExt_GeneWisePlus_human.C_60336_60-492_1LLW:A:1-422	8	16	9	13	0	46	26	21	0	422
jgi|Lacbi1|183838|estExt_GeneWisePlus_human.C_60336_1293-1557_1LLW:A:1240-1507	0	10	1	7	0	33	17	19	0	268
jgi|Lacbi1|183838|estExt_GeneWisePlus_human.C_60336_1755-2025_1CJC:A:6-106,A:332-460	6	9	1	9	0	25	11	18	1	230
jgi|Lacbi1|183838|estExt_GeneWisePlus_human.C_60336_1614-1767_1H7W:A:2-183	1	0	4	8	0	20	11	12	0	182
jgi|Lacbi1|183838|estExt_GeneWisePlus_human.C_60336_1965-2089_1H7W:A:184-287,A:441-532	6	7	3	6	0	23	15	12	1	196
jgi|Lacbi1|316029|eu2.Lbscf0006g07130_18-70,102-227_2IUW:A:70-279	2	14	1	4	0	25	13	5	0	210
jgi|Lacbi1|316030|eu2.Lbscf0006g07140_75-319_1OKC:A:	0	0	6	11	0	19	10	9	0	292
jgi|Lacbi1|316031|eu2.Lbscf0006g07150_143-286_2Q4M:A:24-212	5	12	3	1	0	20	9	8	0	189
jgi|Lacbi1|142375|gww1.6.87.1_77-257_1G7S:A:1-227	3	9	5	6	0	24	13	14	0	227
jgi|Lacbi1|142375|gww1.6.87.1_394-509_1G7S:A:329-459	3	4	0	5	0	10	10	6	0	131
jgi|Lacbi1|142375|gww1.6.87.1_504-601_1D1N:A:	2	7	0	0	0	17	11	2	0	99
jgi|Lacbi1|142375|gww1.6.87.1_265-344_1G7S:A:460-587	2	8	0	2	0	12	6	9	0	128
jgi|Lacbi1|247307|e_gww1.6.218.1_189-310_1RL1:A:	2	7	2	0	0	13	8	2	0	92
jgi|Lacbi1|247734|e_gww1.6.451.1_23-345_1H80:A:	9	29	2	5	0	61	31	22	0	464
jgi|Lacbi1|247734|e_gww1.6.451.1_388-567,595-692_1H80:A:	9	29	2	5	0	61	31	22	0	464
jgi|Lacbi1|183668|estExt_GeneWisePlus_human.C_60001_90-182_1RHY:A:94-187	0	6	0	2	0	7	3	5	0	94
jgi|Lacbi1|183668|estExt_GeneWisePlus_human.C_60001_3-87_1RHY:A:2-93	0	4	0	2	0	10	4	4	0	92
jgi|Lacbi1|233060|e_gwh1.6.33.1_66-283,324-804_1DMT:A:	5	11	11	32	0	60	31	37	0	696
jgi|Lacbi1|316042|eu2.Lbscf0006g07260_39-483_1PV7:A:	0	0	2	22	0	18	12	14	0	417
jgi|Lacbi1|232887|e_gwh1.6.516.1_18-274_2IUW:A:70-279	2	14	1	4	0	25	13	5	0	210
jgi|Lacbi1|325016|fgenesh3_pg.C_scaffold_6000510_219-436_1PV9:A:125-345	6	13	2	4	0	27	12	10	0	221
jgi|Lacbi1|189537|estExt_GeneWisePlus_worm.C_60411_44-340,381-570,607-666_1LCI:A:	7	27	4	15	0	64	28	38	0	541
jgi|Lacbi1|316048|eu2.Lbscf0006g07320_45-219_1HQV:A:	6	0	0	8	0	23	10	4	0	181
jgi|Lacbi1|316049|eu2.Lbscf0006g07330_6-227_1VJ5:A:2-225	1	7	3	11	0	19	9	16	0	226
jgi|Lacbi1|293478|estExt_fgenesh2_pg.C_60495_30-78_2ALC:A:	0	0	0	4	0	11	7	5	0	65
jgi|Lacbi1|183731|estExt_GeneWisePlus_human.C_60140_5-181_2FOL:A:5-173	3	6	0	5	0	18	8	10	0	169
jgi|Lacbi1|247304|e_gww1.6.242.1_55-305_1ZNN:A:18-271	0	8	3	10	0	24	18	11	0	254
jgi|Lacbi1|146293|gww1.6.256.1_6-158_3BLH:B:5-150	0	0	0	7	0	11	5	8	0	146
jgi|Lacbi1|146293|gww1.6.256.1_160-251_2I53:A:158-267	2	0	3	4	0	9	6	6	0	110
jgi|Lacbi1|316059|eu2.Lbscf0006g07430_441-663_1FTS:A:285-495	0	8	3	7	0	20	7	12	0	211
jgi|Lacbi1|316059|eu2.Lbscf0006g07430_1-149_2FH5:A:1-129	3	4	2	5	0	6	7	7	0	129
jgi|Lacbi1|316059|eu2.Lbscf0006g07430_338-417_1LS1:A:1-88	0	0	0	4	0	6	4	4	0	88
jgi|Lacbi1|183753|estExt_GeneWisePlus_human.C_60183_1-236_1QH5:A:	1	14	0	9	0	24	13	19	0	260
jgi|Lacbi1|316062|eu2.Lbscf0006g07460_485-705_1U4C:A:	4	27	2	2	0	38	21	15	0	340
jgi|Lacbi1|233141|e_gwh1.6.244.1_1-336_1DCE:A:1-241,A:351-443	1	0	2	15	0	30	15	12	1	334
jgi|Lacbi1|316064|eu2.Lbscf0006g07480_427-726_1FCH:A:	0	0	2	17	0	24	6	19	0	323
jgi|Lacbi1|316064|eu2.Lbscf0006g07480_826-903_1W3B:A:	0	0	0	23	0	35	6	26	0	388
jgi|Lacbi1|247855|e_gww1.6.195.1_9-339_1VRD:A:1-85,A:213-457	5	15	2	11	0	35	20	14	1	330
jgi|Lacbi1|189547|estExt_GeneWisePlus_worm.C_60427_24-333_1APM:E:	5	9	4	11	0	36	21	20	0	341
jgi|Lacbi1|183765|estExt_GeneWisePlus_human.C_60204_21-302_2PW6:A:14-271	1	10	3	7	0	26	19	11	0	258
jgi|Lacbi1|316073|eu2.Lbscf0006g07570_74-129_1G25:A:	0	3	0	2	0	10	4	5	0	65
jgi|Lacbi1|189495|estExt_GeneWisePlus_worm.C_60337_4-236_1IRU:D:	3	10	1	6	0	23	19	12	0	243
jgi|Lacbi1|189521|estExt_GeneWisePlus_worm.C_60383_544-742_2R09:A:65-252	2	0	0	10	0	15	10	10	0	190
jgi|Lacbi1|189521|estExt_GeneWisePlus_worm.C_60383_272-388,448-503,874-906,969-1108,1151-1185,1229-1334_1TE4:A:	0	0	3	6	0	11	9	5	0	111
jgi|Lacbi1|316078|eu2.Lbscf0006g07620_274-581_1JEY:A:254-534	4	14	4	6	0	28	14	13	0	281
jgi|Lacbi1|316078|eu2.Lbscf0006g07620_28-249_1JEY:A:34-253	3	5	2	6	0	21	12	10	0	220
jgi|Lacbi1|316078|eu2.Lbscf0006g07620_603-651_1JEQ:A:559-609	0	0	1	3	0	5	1	3	0	51
jgi|Lacbi1|316079|eu2.Lbscf0006g07630_5-252,289-316,372-411_1E6U:A:	5	12	3	11	0	32	17	17	0	315
jgi|Lacbi1|316080|eu2.Lbscf0006g07640_18-196_3CUM:A:1-162	0	9	0	8	0	19	11	8	0	162
jgi|Lacbi1|316080|eu2.Lbscf0006g07640_197-331_3CUM:A:163-296	2	0	2	6	0	8	7	11	0	134
jgi|Lacbi1|316081|eu2.Lbscf0006g07650_58-79,107-369_1TKI:A:	2	12	5	11	0	30	17	15	0	321
jgi|Lacbi1|316081|eu2.Lbscf0006g07650_374-518_1B3U:A:	0	0	8	44	0	40	26	36	0	588
jgi|Lacbi1|316084|eu2.Lbscf0006g07680_330-505,537-675_1OYW:A:207-406	1	6	0	8	0	23	16	13	0	200
jgi|Lacbi1|189430|estExt_GeneWisePlus_worm.C_60209_40-294_1PV9:A:125-345	6	13	2	4	0	27	12	10	0	221
jgi|Lacbi1|189592|estExt_GeneWisePlus_worm.C_60517_149-282_1VLM:A:	2	8	2	8	0	22	11	13	0	218
jgi|Lacbi1|316088|eu2.Lbscf0006g07720_2-325_1HP1:A:26-362	3	19	2	7	0	35	24	20	0	328
jgi|Lacbi1|316088|eu2.Lbscf0006g07720_332-545_2Z1A:A:330-534	2	12	4	8	0	20	13	12	0	205
jgi|Lacbi1|316091|eu2.Lbscf0006g07750_32-263_2YVT:A:4-260	4	14	3	6	0	25	16	13	0	257
jgi|Lacbi1|319718|fgenesh3_pm.C_scaffold_6000053_77-133_1X57:A:8-85	2	0	0	4	0	8	5	5	0	78
jgi|Lacbi1|247310|e_gww1.6.111.1_21-390_2GUY:A:1-381	12	13	11	13	0	43	24	24	0	381
jgi|Lacbi1|247310|e_gww1.6.111.1_400-487_2AAA:A:382-476	0	8	0	1	0	12	5	9	0	95
jgi|Lacbi1|183701|estExt_GeneWisePlus_human.C_60080_8-451_1PV7:A:	0	0	2	22	0	18	12	14	0	417
jgi|Lacbi1|316098|eu2.Lbscf0006g07820_358-594_1VJ5:A:226-547	0	8	9	13	0	29	21	23	0	321
jgi|Lacbi1|316101|eu2.Lbscf0006g07850_82-266_2DKF:A:1-431	4	21	3	12	0	51	31	26	0	431
jgi|Lacbi1|316103|eu2.Lbscf0006g07870_312-411_1F8H:A:	2	0	1	4	0	12	7	5	0	95
jgi|Lacbi1|316103|eu2.Lbscf0006g07870_134-232_1F8H:A:	2	0	1	4	0	12	7	5	0	95
jgi|Lacbi1|316103|eu2.Lbscf0006g07870_8-88_1C07:A:	0	2	0	4	0	11	7	6	0	95
jgi|Lacbi1|316103|eu2.Lbscf0006g07870_1220-1267_2G3Q:A:1339-1381	0	0	0	3	0	4	2	3	0	43
jgi|Lacbi1|172905|estExt_Genewise1_human.C_60346_16-162_1I7K:A:	4	4	1	4	0	16	8	13	0	146
jgi|Lacbi1|316105|eu2.Lbscf0006g07890_88-196_1P1T:A:	2	4	0	4	0	11	10	6	0	104
jgi|Lacbi1|316105|eu2.Lbscf0006g07890_312-371_1MSZ:A:	0	3	0	2	0	7	3	3	0	62
jgi|Lacbi1|145519|gww1.6.225.1_5-245_2O3B:A:35-274	6	8	7	5	0	29	18	15	0	240
jgi|Lacbi1|293507|estExt_fgenesh2_pg.C_60534_175-278_2B06:A:1-155	4	10	2	2	0	18	6	7	0	155
jgi|Lacbi1|316108|eu2.Lbscf0006g07920_4-434_1HO8:A:	0	0	3	27	0	26	24	17	0	477
jgi|Lacbi1|316111|eu2.Lbscf0006g07950_328-467_1QF9:A:	0	5	0	9	0	14	7	13	0	194
jgi|Lacbi1|316112|eu2.Lbscf0006g07960_3-157_1WIX:A:	0	0	1	9	0	13	9	9	0	163
jgi|Lacbi1|316113|eu2.Lbscf0006g07970_9-195_1QMH:A:5-184,A:280-338	5	11	0	7	0	25	12	12	1	239
jgi|Lacbi1|316113|eu2.Lbscf0006g07970_197-298_1QMH:A:185-279	2	4	1	2	0	9	7	1	0	95
jgi|Lacbi1|316113|eu2.Lbscf0006g07970_291-357_1QMH:A:5-184,A:280-338	5	11	0	7	0	25	12	12	1	239
jgi|Lacbi1|247655|e_gww1.6.109.1_33-214_1K2Y:X:5-154	5	7	1	4	0	15	5	10	0	150
jgi|Lacbi1|247655|e_gww1.6.109.1_304-454_1KFI:A:324-443	0	4	0	6	0	10	8	10	0	120
jgi|Lacbi1|247655|e_gww1.6.109.1_206-312_3PMG:A:191-303	1	4	3	4	0	12	11	9	0	113
jgi|Lacbi1|247655|e_gww1.6.109.1_539-579_1WJW:A:	0	3	0	2	0	7	8	3	0	111
jgi|Lacbi1|316118|eu2.Lbscf0006g08020_300-376_1WEN:A:	0	2	0	0	0	14	12	4	0	70
jgi|Lacbi1|247901|e_gww1.7.313.1_4-43_1CO4:A:	0	3	1	0	0	6	4	2	0	42
jgi|Lacbi1|178543|estExt_Genewise1_worm.C_70332_7-460_1XI9:A:	3	15	6	14	0	41	17	19	0	405
jgi|Lacbi1|293539|estExt_fgenesh2_pg.C_70055_194-466_1YRG:A:	3	14	2	12	0	46	15	21	0	343
jgi|Lacbi1|325156|fgenesh3_pg.C_scaffold_7000058_10-183_1PGV:A:	2	5	0	7	0	21	9	7	0	167
jgi|Lacbi1|316950|eu2.Lbscf0007g00780_106-321_1ERJ:A:	2	30	1	1	0	43	24	22	0	388
jgi|Lacbi1|293540|estExt_fgenesh2_pg.C_70059_161-470_1FOT:A:	5	9	4	10	0	37	20	19	0	316
jgi|Lacbi1|325159|fgenesh3_pg.C_scaffold_7000061_760-818_2IUB:A:286-349	0	0	0	2	0	2	2	2	0	64
jgi|Lacbi1|325159|fgenesh3_pg.C_scaffold_7000061_610-741_2IUB:A:9-285	0	7	2	6	0	23	14	10	0	281
jgi|Lacbi1|325160|fgenesh3_pg.C_scaffold_7000062_465-769_1PGV:A:	2	5	0	7	0	21	9	7	0	167
jgi|Lacbi1|316954|eu2.Lbscf0007g00820_129-339_1HV5:A:	1	9	0	3	0	21	16	8	0	162
jgi|Lacbi1|316954|eu2.Lbscf0007g00820_448-528,569-662_1RM8:A:	0	7	0	3	0	20	15	9	0	169
jgi|Lacbi1|184047|estExt_GeneWisePlus_human.C_70242_1-315,342-528_1KL7:A:	5	14	3	20	0	57	37	25	0	511
jgi|Lacbi1|293544|estExt_fgenesh2_pg.C_70066_402-491_1UPQ:A:	0	7	1	1	0	13	8	5	0	107
jgi|Lacbi1|293544|estExt_fgenesh2_pg.C_70066_24-78_1WNJ:A:	0	6	0	5	0	17	10	5	0	144
jgi|Lacbi1|316965|eu2.Lbscf0007g00930_11-205,244-322_1A6Q:A:2-296	3	15	2	7	0	26	16	16	0	295
jgi|Lacbi1|189645|estExt_GeneWisePlus_worm.C_70063_21-218_1XQR:A:87-350	0	0	3	17	0	17	9	12	0	267
jgi|Lacbi1|316969|eu2.Lbscf0007g00970_65-205_2IAF:A:4-148	0	7	0	5	0	13	6	10	0	145
jgi|Lacbi1|316970|eu2.Lbscf0007g00980_365-552,660-799_1B3U:A:	0	0	8	44	0	40	26	36	0	588
jgi|Lacbi1|319731|fgenesh3_pm.C_scaffold_7000007_146-433_1SET:A:111-421	3	16	5	9	0	33	20	19	0	311
jgi|Lacbi1|319731|fgenesh3_pm.C_scaffold_7000007_14-118_1SET:A:1-110	0	0	1	4	0	6	1	3	0	110
jgi|Lacbi1|316978|eu2.Lbscf0007g01060_719-903,940-1035_1A06:A:	4	8	4	10	0	29	20	14	0	307
jgi|Lacbi1|316978|eu2.Lbscf0007g01060_60-262_1KV9:A:1-560	8	39	7	5	0	72	35	35	0	560
jgi|Lacbi1|316979|eu2.Lbscf0007g01070_493-552_2VK9:A:2-541	9	6	8	20	0	52	25	29	0	540
jgi|Lacbi1|316981|eu2.Lbscf0007g01090_38-180,215-313_2PPQ:A:5-320	7	9	3	9	0	29	14	15	0	316
jgi|Lacbi1|316982|eu2.Lbscf0007g01100_39-138_1JFZ:A:	2	0	1	7	0	12	8	9	0	148
jgi|Lacbi1|248281|e_gww1.7.77.1_18-506_1WND:A:	8	21	3	16	0	44	25	26	0	474
jgi|Lacbi1|316986|eu2.Lbscf0007g01140_183-211_2FC6:A:8-44	2	0	1	1	0	7	4	3	0	37
jgi|Lacbi1|316986|eu2.Lbscf0007g01140_89-114_1RGO:A:151-186	2	0	2	1	0	5	4	2	0	36
jgi|Lacbi1|233519|e_gwh1.7.255.1_3-141_1MVH:A:	5	15	3	2	0	50	27	17	0	269
jgi|Lacbi1|316990|eu2.Lbscf0007g01180_130-208,239-446_1CVL:A:	4	11	3	11	0	33	22	25	0	319
jgi|Lacbi1|293553|estExt_fgenesh2_pg.C_70091_149-326_1K32:A:320-679	4	31	5	1	0	46	27	17	0	360
jgi|Lacbi1|248102|e_gww1.7.256.1_10-103_1GME:A:	1	8	5	2	0	17	6	7	0	150
jgi|Lacbi1|178467|estExt_Genewise1_worm.C_70120_4-113_1P1T:A:	2	4	0	4	0	11	10	6	0	104
jgi|Lacbi1|183994|estExt_GeneWisePlus_human.C_70089_318-600_1EVL:A:242-532	6	15	4	9	0	32	14	16	0	291
jgi|Lacbi1|183994|estExt_GeneWisePlus_human.C_70089_141-316_1NYR:A:63-241	0	8	1	5	0	17	11	8	0	179
jgi|Lacbi1|183994|estExt_GeneWisePlus_human.C_70089_602-711_1NYR:A:533-645	0	5	0	5	0	10	5	7	0	113
jgi|Lacbi1|183994|estExt_GeneWisePlus_human.C_70089_78-138_1QF6:A:2-62	2	6	0	2	0	13	5	4	0	61
jgi|Lacbi1|317003|eu2.Lbscf0007g01310_143-385,505-535_1LG2:A:22-266,A:335-386	1	9	6	9	0	32	20	17	1	297
jgi|Lacbi1|317003|eu2.Lbscf0007g01310_4-113_1XTE:A:	0	3	2	4	0	9	3	6	0	116
jgi|Lacbi1|317008|eu2.Lbscf0007g01360_47-81_2HAP:C:55-97	0	0	1	2	0	6	3	2	0	43
jgi|Lacbi1|317013|eu2.Lbscf0007g01410_25-110_1LDJ:B:	0	6	0	2	0	13	8	4	0	88
jgi|Lacbi1|317014|eu2.Lbscf0007g01420_506-575,603-650_1BTK:A:	0	11	2	2	0	17	9	8	0	169
jgi|Lacbi1|248062|e_gww1.7.315.1_564-585,625-893_2B8E:A:416-434,A:548-663	2	6	0	6	1	16	9	5	1	135
jgi|Lacbi1|248062|e_gww1.7.315.1_364-450_1SU4:A:125-239	2	9	3	0	0	21	10	7	0	115
jgi|Lacbi1|248062|e_gww1.7.315.1_2-67_1FVQ:A:	1	4	0	2	0	8	4	4	0	71
jgi|Lacbi1|248062|e_gww1.7.315.1_265-347,451-560,836-858_1SU4:A:1-124,A:240-343,A:751-994	1	1	8	18	0	32	20	22	2	472
jgi|Lacbi1|317018|eu2.Lbscf0007g01460_30-355_1CI9:A:	7	15	6	14	0	46	29	29	0	377
jgi|Lacbi1|317019|eu2.Lbscf0007g01470_93-266_1FJ2:A:	2	9	5	5	0	26	16	11	0	231
jgi|Lacbi1|293565|estExt_fgenesh2_pg.C_70118_43-98_1I11:A:	0	0	1	3	0	8	6	3	0	70
jgi|Lacbi1|293566|estExt_fgenesh2_pg.C_70119_347-555_1SAT:A:4-246	5	11	2	6	0	35	14	21	0	243
jgi|Lacbi1|293566|estExt_fgenesh2_pg.C_70119_676-754,792-883_1RM8:A:	0	7	0	3	0	20	15	9	0	169
jgi|Lacbi1|317034|eu2.Lbscf0007g01620_206-360_1KS9:A:168-291	0	0	2	6	0	7	1	7	0	124
jgi|Lacbi1|317035|eu2.Lbscf0007g01630_602-914_1YVU:A:315-706	2	20	1	9	0	32	17	11	0	311
jgi|Lacbi1|317035|eu2.Lbscf0007g01630_300-457_1R4K:A:	3	8	1	3	0	25	13	6	0	168
jgi|Lacbi1|325226|fgenesh3_pg.C_scaffold_7000128_46-166_1O0W:A:1-167	2	0	1	10	0	12	5	7	0	167
jgi|Lacbi1|233557|e_gwh1.7.323.1_8-107,138-252,354-403_1PJ5:A:4-219,A:339-427	2	17	6	8	0	32	16	16	1	305
jgi|Lacbi1|189721|estExt_GeneWisePlus_worm.C_70251_22-210_2HBJ:A:129-420	0	8	5	10	0	33	22	11	0	292
jgi|Lacbi1|192584|estExt_fgenesh1_kg.C_70002_94-191_1FJG:C:107-207	1	4	2	2	0	13	6	6	0	101
jgi|Lacbi1|192584|estExt_fgenesh1_kg.C_70002_10-99_1WH9:A:	0	3	1	3	0	10	7	2	0	91
jgi|Lacbi1|293575|estExt_fgenesh2_pg.C_70136_42-132_1UW4:A:	0	6	0	2	0	13	5	4	0	91
jgi|Lacbi1|248250|e_gww1.7.13.1_470-895_2VNU:D:495-910	9	13	6	13	0	41	21	20	0	416
jgi|Lacbi1|248250|e_gww1.7.13.1_251-341,412-464_2VNU:D:252-399	5	5	1	2	0	14	5	5	0	148
jgi|Lacbi1|248250|e_gww1.7.13.1_911-984_2VNU:D:911-998	0	8	1	1	0	10	3	5	0	88
jgi|Lacbi1|248250|e_gww1.7.13.1_77-223_1O4W:A:	0	5	0	6	0	10	3	5	0	125
jgi|Lacbi1|317054|eu2.Lbscf0007g01820_88-210,245-333_1O4Y:A:	5	19	5	4	0	33	15	16	0	270
jgi|Lacbi1|325245|fgenesh3_pg.C_scaffold_7000147_27-90_1FS1:A:109-149	0	0	2	3	0	6	2	3	0	41
jgi|Lacbi1|317059|eu2.Lbscf0007g01870_22-198_1FQV:A:146-431	8	13	3	8	0	55	21	24	0	286
jgi|Lacbi1|325247|fgenesh3_pg.C_scaffold_7000149_175-339_1FQV:A:146-431	8	13	3	8	0	55	21	24	0	286
jgi|Lacbi1|178529|estExt_Genewise1_worm.C_70290_5-104_1YEB:A:	2	0	1	5	0	11	4	8	0	108
jgi|Lacbi1|317063|eu2.Lbscf0007g01910_371-581_1WQW:A:1-188	4	7	1	5	0	17	10	11	0	188
jgi|Lacbi1|293581|estExt_fgenesh2_pg.C_70148_2-172_1Y9W:A:1-140	0	7	3	3	0	13	3	7	0	140
jgi|Lacbi1|325252|fgenesh3_pg.C_scaffold_7000154_509-577_1FS1:A:109-149	0	0	2	3	0	6	2	3	0	41
jgi|Lacbi1|325253|fgenesh3_pg.C_scaffold_7000155_31-92_1NEX:B:270-369	0	0	0	7	0	9	5	6	0	100
jgi|Lacbi1|325254|fgenesh3_pg.C_scaffold_7000156_905-976,1217-1351_1O6V:A:33-416	1	19	16	2	0	68	27	29	0	381
jgi|Lacbi1|317070|eu2.Lbscf0007g01980_209-357_2BZE:A:345-476	2	5	1	5	0	11	6	4	0	132
jgi|Lacbi1|317073|eu2.Lbscf0007g02010_170-220_1CLD:A:	0	0	0	2	0	4	2	1	0	33
jgi|Lacbi1|319739|fgenesh3_pm.C_scaffold_7000015_25-312_1B8O:A:	1	9	3	8	0	30	12	19	0	280
jgi|Lacbi1|173015|estExt_Genewise1_human.C_70068_254-334,363-372_1QFJ:A:1-97	0	6	0	1	0	11	7	3	0	97
jgi|Lacbi1|173015|estExt_Genewise1_human.C_70068_379-535_1QFZ:A:154-308	2	5	3	6	0	14	4	10	0	155
jgi|Lacbi1|317080|eu2.Lbscf0007g02080_763-991_1OFH:A:	0	9	5	14	0	31	16	15	0	309
jgi|Lacbi1|317080|eu2.Lbscf0007g02080_86-236_1KSF:X:437-755	2	10	4	12	0	25	21	18	0	319
jgi|Lacbi1|317080|eu2.Lbscf0007g02080_1202-1383_1SHU:X:	2	6	3	6	0	13	8	7	0	181
jgi|Lacbi1|317084|eu2.Lbscf0007g02120_45-453_1LWD:A:	2	16	1	15	0	36	17	20	0	413
jgi|Lacbi1|293591|estExt_fgenesh2_pg.C_70169_200-471_1PGV:A:	2	5	0	7	0	21	9	7	0	167
jgi|Lacbi1|192586|estExt_fgenesh1_kg.C_70004_106-216_1AP6:A:84-198	1	3	2	6	0	9	4	6	0	115
jgi|Lacbi1|192586|estExt_fgenesh1_kg.C_70004_23-103_1KKC:A:14-97	1	0	0	3	0	5	2	4	0	84
jgi|Lacbi1|247946|e_gww1.7.364.1_12-254_1FX8:A:	0	0	4	11	0	13	7	10	0	254
jgi|Lacbi1|317100|eu2.Lbscf0007g02280_276-341_1IYM:A:	0	2	0	1	0	11	6	4	0	54
jgi|Lacbi1|192587|estExt_fgenesh1_kg.C_70005_20-256_1DU5:A:	4	15	3	4	0	31	13	11	0	206
jgi|Lacbi1|248227|e_gww1.7.317.1_73-363_1VEC:A:	0	7	1	9	0	25	16	12	0	206
jgi|Lacbi1|317133|eu2.Lbscf0007g02610_133-248_1TKL:A:	0	10	5	10	0	27	18	15	0	325
jgi|Lacbi1|317135|eu2.Lbscf0007g02630_18-53_2HAP:C:55-97	0	0	1	2	0	6	3	2	0	43
jgi|Lacbi1|317137|eu2.Lbscf0007g02650_180-220_1WEP:A:	3	2	0	2	0	13	9	5	0	78
jgi|Lacbi1|248146|e_gww1.7.316.1_71-322_1LTL:A:	2	10	4	5	0	24	9	12	0	239
jgi|Lacbi1|248146|e_gww1.7.316.1_386-705_1NY5:A:138-384	4	9	2	11	0	25	17	12	0	247
jgi|Lacbi1|248110|e_gww1.7.358.1_103-301_1DXY:A:101-299	2	7	2	9	0	23	13	13	0	199
jgi|Lacbi1|248110|e_gww1.7.358.1_2-135_2DLD:A:1-103,A:301-337	6	4	1	4	0	22	8	9	1	140
jgi|Lacbi1|317144|eu2.Lbscf0007g02720_29-535_1UKC:A:	4	16	7	18	0	57	36	35	0	517
jgi|Lacbi1|184023|estExt_GeneWisePlus_human.C_70176_46-250_1T3E:A:499-653	2	9	0	5	0	17	9	9	0	155
jgi|Lacbi1|317158|eu2.Lbscf0007g02860_179-317_1LTL:A:	2	10	4	5	0	24	9	12	0	239
jgi|Lacbi1|317165|eu2.Lbscf0007g02930_7-397_1CI9:A:	7	15	6	14	0	46	29	29	0	377
jgi|Lacbi1|317167|eu2.Lbscf0007g02950_31-538_1UKC:A:	4	16	7	18	0	57	36	35	0	517
jgi|Lacbi1|317169|eu2.Lbscf0007g02970_257-430_2BNH:A:	5	17	2	16	0	59	26	25	0	456
jgi|Lacbi1|317173|eu2.Lbscf0007g03010_60-308_1FX8:A:	0	0	4	11	0	13	7	10	0	254
jgi|Lacbi1|233199|e_gwh1.7.361.1_11-253_1FX8:A:	0	0	4	11	0	13	7	10	0	254
jgi|Lacbi1|248257|e_gww1.7.164.1_44-70,181-336_1SHZ:A:46-75,A:201-371	2	6	2	6	0	24	15	13	1	201
jgi|Lacbi1|248257|e_gww1.7.164.1_77-185_2BCJ:Q:67-183	0	0	0	8	0	7	6	10	0	117
jgi|Lacbi1|317179|eu2.Lbscf0007g03070_58-144_2H9D:A:1-94	0	0	1	3	0	5	2	3	0	94
jgi|Lacbi1|317181|eu2.Lbscf0007g03090_59-226,258-369_1I74:A:	3	10	3	12	0	28	16	20	0	309
jgi|Lacbi1|317182|eu2.Lbscf0007g03100_49-213_1W3B:A:	0	0	0	23	0	35	6	26	0	388
jgi|Lacbi1|247939|e_gww1.7.86.1_213-510_1TX2:A:	2	10	3	9	0	30	15	14	0	273
jgi|Lacbi1|247939|e_gww1.7.86.1_1-33,63-179_1F9Y:A:	2	8	1	4	0	23	10	8	0	158
jgi|Lacbi1|184000|estExt_GeneWisePlus_human.C_70116_48-157_1B12:A:	5	17	5	1	0	32	10	16	0	247
jgi|Lacbi1|317188|eu2.Lbscf0007g03160_14-111_1K78:A:82-142	0	0	0	3	0	7	3	3	0	61
jgi|Lacbi1|247942|e_gww1.7.246.1_53-133_1B12:A:	5	17	5	1	0	32	10	16	0	247
jgi|Lacbi1|293614|estExt_fgenesh2_pg.C_70239_127-429_1VZO:A:	2	11	7	9	0	31	20	19	0	322
jgi|Lacbi1|147915|gww1.7.226.1_46-180_1UDX:A:157-336	0	7	2	6	0	22	13	8	0	180
jgi|Lacbi1|147915|gww1.7.226.1_1-43_1UDX:A:1-156	6	9	1	0	0	21	9	6	0	156
jgi|Lacbi1|325351|fgenesh3_pg.C_scaffold_7000253_53-395_1YRG:A:	3	14	2	12	0	46	15	21	0	343
jgi|Lacbi1|325353|fgenesh3_pg.C_scaffold_7000255_95-357_1FQV:A:146-431	8	13	3	8	0	55	21	24	0	286
jgi|Lacbi1|293616|estExt_fgenesh2_pg.C_70248_92-121,160-194_1AN4:A:	0	0	0	2	0	4	3	3	0	64
jgi|Lacbi1|317206|eu2.Lbscf0007g03340_286-520_2BNH:A:	5	17	2	16	0	59	26	25	0	456
jgi|Lacbi1|317206|eu2.Lbscf0007g03340_173-206_1FS1:A:109-149	0	0	2	3	0	6	2	3	0	41
jgi|Lacbi1|317209|eu2.Lbscf0007g03370_1-32_1RKL:A:	0	0	1	1	0	3	2	1	0	36
jgi|Lacbi1|293619|estExt_fgenesh2_pg.C_70253_11-97_1EZV:G:	4	1	2	2	0	9	6	2	0	93
jgi|Lacbi1|293620|estExt_fgenesh2_pg.C_70254_198-237,284-299_1JM7:A:	2	0	1	3	0	11	9	5	0	103
jgi|Lacbi1|317213|eu2.Lbscf0007g03410_40-239,338-433_1YSJ:A:4-177,A:293-379	3	10	2	7	0	31	13	17	1	261
jgi|Lacbi1|317213|eu2.Lbscf0007g03410_228-331_1R3N:A:248-363	0	7	1	2	0	11	4	5	0	116
jgi|Lacbi1|317217|eu2.Lbscf0007g03450_17-144_1VKB:A:	2	7	2	2	0	16	12	9	0	160
jgi|Lacbi1|317236|eu2.Lbscf0007g03640_37-151_2CIW:A:0-119	2	2	2	3	0	17	10	8	0	119
jgi|Lacbi1|293625|estExt_fgenesh2_pg.C_70268_37-149_2CIW:A:0-119	2	2	2	3	0	17	10	8	0	119
jgi|Lacbi1|317239|eu2.Lbscf0007g03670_251-439_1YRG:A:	3	14	2	12	0	46	15	21	0	343
jgi|Lacbi1|152374|gww1.7.350.1_9-277_1JW9:B:	5	8	2	9	0	22	10	18	0	247
jgi|Lacbi1|184102|estExt_GeneWisePlus_human.C_70408_33-231_2AVD:A:44-262	0	7	2	8	0	22	14	16	0	219
jgi|Lacbi1|325387|fgenesh3_pg.C_scaffold_7000289_125-406_1FQV:A:146-431	8	13	3	8	0	55	21	24	0	286
jgi|Lacbi1|317254|eu2.Lbscf0007g03820_238-461,534-642_1NBF:A:	6	16	6	11	0	38	19	20	0	347
jgi|Lacbi1|184083|estExt_GeneWisePlus_human.C_70346_262-588_1VHN:A:	0	9	3	14	0	31	18	15	0	317
jgi|Lacbi1|184083|estExt_GeneWisePlus_human.C_70346_28-55_1RGO:A:151-186	2	0	2	1	0	5	4	2	0	36
jgi|Lacbi1|317258|eu2.Lbscf0007g03860_202-434_4CRX:A:130-341	2	5	3	9	0	25	15	9	0	212
jgi|Lacbi1|317263|eu2.Lbscf0007g03910_7-208_1MV8:A:1-202	4	8	0	9	0	22	14	13	0	202
jgi|Lacbi1|317263|eu2.Lbscf0007g03910_324-460_1MV8:A:301-436	1	5	1	7	0	17	12	8	0	136
jgi|Lacbi1|317263|eu2.Lbscf0007g03910_217-316_1DLJ:A:197-294	0	0	0	4	0	5	6	4	0	98
jgi|Lacbi1|291036|estExt_fgenesh2_pm.C_70028_5-214,388-475_1LFW:A:1-186,A:383-468	2	14	2	7	0	28	18	15	1	272
jgi|Lacbi1|184078|estExt_GeneWisePlus_human.C_70338_4-124_1B34:A:	0	5	1	2	0	12	1	7	0	80
jgi|Lacbi1|184002|estExt_GeneWisePlus_human.C_70125_100-423_1NX4:A:	2	16	0	6	0	31	18	10	0	271
jgi|Lacbi1|189724|estExt_GeneWisePlus_worm.C_70273_160-275_1S9C:A:164-289	0	5	3	3	0	12	6	7	0	126
jgi|Lacbi1|189724|estExt_GeneWisePlus_worm.C_70273_2-136_1S9C:A:10-163	1	5	3	3	0	12	6	7	0	154
jgi|Lacbi1|293638|estExt_fgenesh2_pg.C_70296_4-38,66-108,146-410,438-544_1YA0:A:1-497	3	2	6	21	0	32	18	18	0	497
jgi|Lacbi1|317275|eu2.Lbscf0007g04030_497-580,639-819_1Z5Z:A:663-906	0	6	1	10	0	26	11	15	0	244
jgi|Lacbi1|317275|eu2.Lbscf0007g04030_213-333,381-486_1Z63:A:432-661	0	7	2	11	0	24	16	18	0	230
jgi|Lacbi1|293641|estExt_fgenesh2_pg.C_70300_61-162_1DCQ:A:247-368	2	3	1	5	0	15	8	9	0	122
jgi|Lacbi1|248055|e_gww1.7.37.1_4-74,109-322_1II7:A:	4	19	4	8	0	37	23	13	0	333
jgi|Lacbi1|248075|e_gww1.7.175.1_20-116_1S7B:A:	0	0	0	4	0	10	7	3	0	109
jgi|Lacbi1|317288|eu2.Lbscf0007g04160_22-219_1ZUN:A:1-211	1	6	3	6	0	23	12	9	0	211
jgi|Lacbi1|317289|eu2.Lbscf0007g04170_3-319_1E6U:A:	5	12	3	11	0	32	17	17	0	315
jgi|Lacbi1|317290|eu2.Lbscf0007g04180_25-106_1GZ8:A:	3	8	3	10	0	29	17	22	0	298
jgi|Lacbi1|317296|eu2.Lbscf0007g04240_139-269_1NEK:A:451-588	2	4	1	3	0	16	10	4	0	138
jgi|Lacbi1|317297|eu2.Lbscf0007g04250_2-80_1NEK:A:1-235,A:356-450	7	17	3	8	0	41	22	15	1	330
jgi|Lacbi1|317302|eu2.Lbscf0007g04300_49-138_1NEK:A:1-235,A:356-450	7	17	3	8	0	41	22	15	1	330
jgi|Lacbi1|317302|eu2.Lbscf0007g04300_127-179_1NEK:A:236-355	2	4	1	5	0	14	7	9	0	120
jgi|Lacbi1|325430|fgenesh3_pg.C_scaffold_7000332_2-36_1U6P:A:	2	0	1	0	0	10	6	3	0	56
jgi|Lacbi1|247971|e_gww1.7.52.1_45-303,402-486_1NEK:A:1-235,A:356-450	7	17	3	8	0	41	22	15	1	330
jgi|Lacbi1|247971|e_gww1.7.52.1_494-639_1KF6:A:443-576	6	2	0	3	0	16	7	5	0	134
jgi|Lacbi1|247971|e_gww1.7.52.1_280-398_1NEK:A:236-355	2	4	1	5	0	14	7	9	0	120
jgi|Lacbi1|317313|eu2.Lbscf0007g04410_21-168_1QI9:A:	18	10	8	19	0	65	45	30	0	555
jgi|Lacbi1|317314|eu2.Lbscf0007g04420_48-172_1B6C:B:	8	10	5	10	0	37	15	18	0	326
jgi|Lacbi1|183999|estExt_GeneWisePlus_human.C_70111_7-341_1T2A:A:	3	15	4	11	0	40	20	15	0	347
jgi|Lacbi1|317321|eu2.Lbscf0007g04490_42-222,321-416_1YSJ:A:4-177,A:293-379	3	10	2	7	0	31	13	17	1	261
jgi|Lacbi1|317321|eu2.Lbscf0007g04490_210-315_1R3N:A:248-363	0	7	1	2	0	11	4	5	0	116
jgi|Lacbi1|319758|fgenesh3_pm.C_scaffold_7000034_217-451,482-698_1QHH:A:,B:,C:,D:	6	16	12	26	0	53	23	34	3	623
jgi|Lacbi1|248160|e_gww1.7.311.1_2-50_2JOY:A:1-96	0	5	0	2	0	15	8	4	0	96
jgi|Lacbi1|248037|e_gww1.7.242.1_7-178_1Z2C:A:1-179	0	6	3	6	0	15	9	13	0	179
jgi|Lacbi1|147701|gww1.7.218.1_2-105_1HKS:A:	0	3	0	2	0	14	14	11	0	106
jgi|Lacbi1|325441|fgenesh3_pg.C_scaffold_7000343_3-212_1PV7:A:	0	0	2	22	0	18	12	14	0	417
jgi|Lacbi1|317336|eu2.Lbscf0007g04640_38-191_1PW4:A:	2	0	1	18	0	21	18	22	0	450
jgi|Lacbi1|317337|eu2.Lbscf0007g04650_2-137_1PV7:A:	0	0	2	22	0	18	12	14	0	417
jgi|Lacbi1|248030|e_gww1.7.349.1_14-378_1PW4:A:	2	0	1	18	0	21	18	22	0	450
jgi|Lacbi1|184025|estExt_GeneWisePlus_human.C_70179_53-116_1I50:I:50-122	0	4	1	0	0	12	2	6	0	73
jgi|Lacbi1|184025|estExt_GeneWisePlus_human.C_70179_1-48_1I50:I:1-49	2	4	0	0	0	7	4	1	0	49
jgi|Lacbi1|192592|estExt_fgenesh1_kg.C_70010_3-135_2JOY:A:1-96	0	5	0	2	0	15	8	4	0	96
jgi|Lacbi1|168945|gwh1.7.390.1_7-178_1Z2C:A:1-179	0	6	3	6	0	15	9	13	0	179
jgi|Lacbi1|169236|gwh1.253.3.1_7-178_1Z2C:A:1-179	0	6	3	6	0	15	9	13	0	179
jgi|Lacbi1|154172|gww1.7.390.1_6-177_1Z2C:A:1-179	0	6	3	6	0	15	9	13	0	179
jgi|Lacbi1|168862|gwh1.7.387.1_1-105_1KMQ:A:	0	6	3	6	0	15	10	12	0	177
jgi|Lacbi1|148214|gww1.7.234.1_6-189_2FV8:A:4-184	0	6	2	6	0	16	5	13	0	181
jgi|Lacbi1|317361|eu2.Lbscf0007g04890_20-63_2HAP:C:55-97	0	0	1	2	0	6	3	2	0	43
jgi|Lacbi1|317363|eu2.Lbscf0007g04910_41-93_2O0Q:A:2-114	2	9	3	4	0	13	5	5	0	113
jgi|Lacbi1|189733|estExt_GeneWisePlus_worm.C_70313_45-422_2OVR:B:2365-2706	0	32	2	1	0	36	24	21	0	342
jgi|Lacbi1|317366|eu2.Lbscf0007g04940_32-55_1OKC:A:	0	0	6	11	0	19	10	9	0	292
jgi|Lacbi1|183992|estExt_GeneWisePlus_human.C_70085_1-133_2J01:O:1-122	0	7	0	2	0	24	11	7	0	122
jgi|Lacbi1|184098|estExt_GeneWisePlus_human.C_70393_247-495_1IG8:A:225-486	1	5	5	10	0	20	16	19	0	262
jgi|Lacbi1|184098|estExt_GeneWisePlus_human.C_70393_49-245_1IG8:A:18-224	2	8	1	5	0	24	11	10	0	207
jgi|Lacbi1|178493|estExt_Genewise1_worm.C_70196_2-282_1E79:G:	0	5	2	5	0	15	14	8	0	272
jgi|Lacbi1|148078|gww1.7.229.1_8-117_1NEE:A:1-98	1	3	0	4	0	10	9	4	0	98
jgi|Lacbi1|148078|gww1.7.229.1_114-149_1NEE:A:99-135	0	2	0	1	0	6	5	3	0	37
jgi|Lacbi1|317375|eu2.Lbscf0007g05030_664-1102_2BW3:A:163-609	0	5	7	21	0	33	14	25	0	447
jgi|Lacbi1|317375|eu2.Lbscf0007g05030_131-326_1EUV:A:	1	7	4	7	0	15	10	15	0	220
jgi|Lacbi1|317379|eu2.Lbscf0007g05070_79-154_1ZHX:A:2-434	5	19	10	9	0	46	21	29	0	433
jgi|Lacbi1|147315|gww1.7.211.1_5-226_1BQB:A:	2	15	4	8	0	30	19	17	0	301
jgi|Lacbi1|325488|fgenesh3_pg.C_scaffold_7000390_11-73_1KB0:A:1-573	5	40	7	6	0	73	38	39	0	573
jgi|Lacbi1|317409|eu2.Lbscf0007g05370_38-125_1TB3:A:1-349	5	10	4	12	0	38	23	17	0	349
jgi|Lacbi1|316878|eu2.Lbscf0007g00060_138-475_3PSG:A:	4	27	9	6	0	45	17	22	0	370
jgi|Lacbi1|316882|eu2.Lbscf0007g00100_110-207_2F0X:A:3-138	3	6	2	2	0	13	5	6	0	136
jgi|Lacbi1|248220|e_gww1.7.39.1_222-346,378-634_1GT9:1:	7	17	5	9	0	41	25	20	0	357
jgi|Lacbi1|248220|e_gww1.7.39.1_26-176_1T1E:A:12-190	2	11	1	4	0	23	7	12	0	179
jgi|Lacbi1|316884|eu2.Lbscf0007g00120_70-158_1AYF:A:	2	5	2	3	0	14	4	10	0	103
jgi|Lacbi1|316886|eu2.Lbscf0007g00140_105-148,214-294_1ML9:A:	5	15	6	5	0	45	22	13	0	284
jgi|Lacbi1|316887|eu2.Lbscf0007g00150_153-196,266-344_1ML9:A:	5	15	6	5	0	45	22	13	0	284
jgi|Lacbi1|316888|eu2.Lbscf0007g00160_31-357,389-443,566-594,657-686_1PV7:A:	0	0	2	22	0	18	12	14	0	417
jgi|Lacbi1|152320|gww1.7.347.1_7-357_1PW4:A:	2	0	1	18	0	21	18	22	0	450
jgi|Lacbi1|248175|e_gww1.7.155.1_1-276_1M65:A:	5	8	5	8	0	27	12	19	0	244
jgi|Lacbi1|316918|eu2.Lbscf0007g00460_2-90_1RW3:A:	14	14	5	11	0	57	32	26	0	454
jgi|Lacbi1|316919|eu2.Lbscf0007g00470_1-55_1RW3:A:	14	14	5	11	0	57	32	26	0	454
jgi|Lacbi1|145794|gww1.7.150.1_2-92_1XBL:A:	0	0	0	3	0	7	3	6	0	75
jgi|Lacbi1|316924|eu2.Lbscf0007g00520_212-398_1YT3:A:1-193	0	6	1	8	0	20	12	8	0	193
jgi|Lacbi1|247997|e_gww1.7.166.1_29-323_1RQB:A:4-306	4	10	5	12	0	31	15	21	0	303
jgi|Lacbi1|316933|eu2.Lbscf0007g00610_6-45_1DSQ:A:	2	0	0	0	0	5	1	2	0	21
jgi|Lacbi1|293665|estExt_fgenesh2_pg.C_80004_1007-1146_1BUO:A:	0	3	1	6	0	11	5	4	0	121
jgi|Lacbi1|317830|eu2.Lbscf0008g00120_1073-1213_1BUO:A:	0	3	1	6	0	11	5	4	0	121
jgi|Lacbi1|319764|fgenesh3_pm.C_scaffold_8000001_15-114_1KX5:B:	0	3	1	3	0	10	6	4	0	102
jgi|Lacbi1|248603|e_gww1.8.183.1_13-246_1EJ0:A:	0	7	0	5	0	17	8	9	0	180
jgi|Lacbi1|317850|eu2.Lbscf0008g00320_106-199_1HDJ:A:	0	0	1	4	0	9	2	7	0	76
jgi|Lacbi1|248684|e_gww1.8.294.1_97-565_1PV7:A:	0	0	2	22	0	18	12	14	0	417
jgi|Lacbi1|317855|eu2.Lbscf0008g00370_73-145_2DK5:A:8-85	0	3	0	3	0	8	6	3	0	78
jgi|Lacbi1|325530|fgenesh3_pg.C_scaffold_8000024_95-662_2MYS:A:4-33,A:80-843	7	18	6	28	0	68	41	40	1	794
jgi|Lacbi1|317860|eu2.Lbscf0008g00420_19-87_2F9F:A:2-167	2	6	1	7	0	19	11	10	0	166
jgi|Lacbi1|325536|fgenesh3_pg.C_scaffold_8000030_72-160_2RSP:A:	1	11	0	1	0	21	11	5	0	124
jgi|Lacbi1|248368|e_gww1.8.44.1_67-408_1KPG:A:	0	7	2	12	0	28	16	18	0	285
jgi|Lacbi1|189914|estExt_GeneWisePlus_worm.C_80313_9-363_1UBY:A:	0	2	2	16	0	20	10	17	0	348
jgi|Lacbi1|317888|eu2.Lbscf0008g00700_3-323_2AKA:B:6-304	5	8	3	8	0	38	21	18	0	299
jgi|Lacbi1|291045|estExt_fgenesh2_pm.C_80004_22-137_1XY7:A:	0	8	1	3	0	14	4	7	0	135
jgi|Lacbi1|317897|eu2.Lbscf0008g00790_12-79_1IAE:A:	3	9	7	4	0	25	17	12	0	200
jgi|Lacbi1|233630|e_gwh1.8.276.1_6-158,204-211_1KLX:A:	0	0	0	8	0	11	4	8	0	133
jgi|Lacbi1|293681|estExt_fgenesh2_pg.C_80059_98-346_1LZL:A:	0	8	3	10	0	32	18	24	0	317
jgi|Lacbi1|317905|eu2.Lbscf0008g00870_85-345_1LZL:A:	0	8	3	10	0	32	18	24	0	317
jgi|Lacbi1|317906|eu2.Lbscf0008g00880_200-369_1XPJ:A:	2	5	2	5	0	16	3	7	0	124
jgi|Lacbi1|317916|eu2.Lbscf0008g00980_24-76,103-172_1XD3:A:	5	6	1	8	0	24	9	15	0	229
jgi|Lacbi1|317917|eu2.Lbscf0008g00990_3-50_1XD3:A:	5	6	1	8	0	24	9	15	0	229
jgi|Lacbi1|317921|eu2.Lbscf0008g01030_18-70_1AW6:A:	0	0	0	2	0	6	3	2	0	43
jgi|Lacbi1|317933|eu2.Lbscf0008g01150_229-268_1QHK:A:	0	3	0	2	0	7	4	0	0	47
jgi|Lacbi1|317939|eu2.Lbscf0008g01210_26-156,417-536_1A6D:A:17-145,A:404-519	0	9	1	11	0	18	7	14	1	245
jgi|Lacbi1|317939|eu2.Lbscf0008g01210_222-390_1Q3Q:A:217-369	3	9	2	3	0	18	15	4	0	153
jgi|Lacbi1|317939|eu2.Lbscf0008g01210_163-228,383-418_1A6D:B:145-215,B:368-403	0	5	3	3	0	7	6	2	1	107
jgi|Lacbi1|317940|eu2.Lbscf0008g01220_5-289_2NYM:C:2-294	4	13	0	11	0	29	23	16	0	293
jgi|Lacbi1|189922|estExt_GeneWisePlus_worm.C_80340_85-222,260-288,326-384_1G5B:A:	2	10	3	8	0	26	14	12	0	219
jgi|Lacbi1|325594|fgenesh3_pg.C_scaffold_8000088_9-277_2DUB:A:	2	10	4	11	0	25	14	14	0	259
jgi|Lacbi1|233905|e_gwh1.8.334.1_1-165_1RFL:A:	0	4	1	5	0	22	18	7	0	171
jgi|Lacbi1|293694|estExt_fgenesh2_pg.C_80095_2-66_1XBL:A:	0	0	0	3	0	7	3	6	0	75
jgi|Lacbi1|293694|estExt_fgenesh2_pg.C_80095_179-255_1C3G:A:180-259	2	5	0	1	0	11	4	4	0	80
jgi|Lacbi1|293695|estExt_fgenesh2_pg.C_80096_1227-1321_1BUO:A:	0	3	1	6	0	11	5	4	0	121
jgi|Lacbi1|317961|eu2.Lbscf0008g01430_109-529_1PV7:A:	0	0	2	22	0	18	12	14	0	417
jgi|Lacbi1|317962|eu2.Lbscf0008g01440_207-385,435-518,550-715_1PV7:A:	0	0	2	22	0	18	12	14	0	417
jgi|Lacbi1|319772|fgenesh3_pm.C_scaffold_8000009_86-391_1H1N:A:	3	10	2	10	0	34	17	26	0	305
jgi|Lacbi1|319772|fgenesh3_pm.C_scaffold_8000009_23-51_1AZK:A:	0	3	0	0	0	8	5	2	0	36
jgi|Lacbi1|293700|estExt_fgenesh2_pg.C_80105_521-628_1TQI:A:91-282	0	10	1	4	0	15	9	8	0	192
jgi|Lacbi1|317976|eu2.Lbscf0008g01580_134-462_1M8Z:A:	0	2	4	27	0	17	16	26	0	339
jgi|Lacbi1|317979|eu2.Lbscf0008g01610_8-148_2IHO:A:2-155	0	12	5	0	0	18	9	11	0	154
jgi|Lacbi1|184269|estExt_GeneWisePlus_human.C_80374_2-282_1AZW:A:	1	8	5	12	0	26	20	23	0	313
jgi|Lacbi1|152940|gww1.8.331.1_86-257_1AUA:A:97-299	2	5	7	8	0	23	12	12	0	203
jgi|Lacbi1|152940|gww1.8.331.1_11-73_1AUA:A:4-96	0	0	1	5	0	8	5	8	0	93
jgi|Lacbi1|184113|estExt_GeneWisePlus_human.C_80016_68-245_1FJM:A:	2	14	0	10	0	35	21	16	0	294
jgi|Lacbi1|317986|eu2.Lbscf0008g01680_134-207_1UYJ:A:	2	16	2	2	0	30	11	10	0	280
jgi|Lacbi1|248602|e_gww1.8.34.1_141-562,599-658_1ED8:A:	11	18	3	14	0	58	36	29	0	449
jgi|Lacbi1|184183|estExt_GeneWisePlus_human.C_80168_98-222,339-498_1HW8:A:441-586,A:704-861	4	7	3	10	0	18	15	19	1	304
jgi|Lacbi1|184183|estExt_GeneWisePlus_human.C_80168_225-341_1DQA:A:587-703	1	6	0	4	0	10	6	5	0	117
jgi|Lacbi1|325628|fgenesh3_pg.C_scaffold_8000122_90-271_1ED8:A:	11	18	3	14	0	58	36	29	0	449
jgi|Lacbi1|317994|eu2.Lbscf0008g01760_40-92_1HT0:A:1-162,A:339-374	4	11	3	3	0	26	17	13	1	198
jgi|Lacbi1|317996|eu2.Lbscf0008g01780_62-126,155-235_1F21:A:	3	5	0	5	0	13	6	10	0	152
jgi|Lacbi1|248667|e_gww1.8.332.1_18-235_1PDA:A:3-219	0	10	3	7	0	25	14	12	0	217
jgi|Lacbi1|248667|e_gww1.8.332.1_244-333_1GTK:A:220-313	0	3	1	3	0	7	3	6	0	94
jgi|Lacbi1|318002|eu2.Lbscf0008g01840_253-462_1A26:A:797-1012	1	14	6	4	0	25	16	10	0	216
jgi|Lacbi1|318003|eu2.Lbscf0008g01850_143-314_1UK0:A:138-350	3	12	6	4	0	27	19	9	0	213
jgi|Lacbi1|318004|eu2.Lbscf0008g01860_24-250_1UK0:A:138-350	3	12	6	4	0	27	19	9	0	213
jgi|Lacbi1|318005|eu2.Lbscf0008g01870_158-306_2B3W:A:1-160	2	4	1	6	0	16	12	8	0	160
jgi|Lacbi1|318009|eu2.Lbscf0008g01910_26-225_1F0I:A:264-514	2	9	3	7	0	27	19	11	0	246
jgi|Lacbi1|318010|eu2.Lbscf0008g01920_101-205_2FBN:A:22-174	0	0	1	7	0	10	3	7	0	153
jgi|Lacbi1|325649|fgenesh3_pg.C_scaffold_8000143_288-317,377-427_1HLO:A:	0	0	1	4	0	4	2	2	0	80
jgi|Lacbi1|293715|estExt_fgenesh2_pg.C_80144_237-389_1PAQ:A:	0	0	2	8	0	9	4	8	0	161
jgi|Lacbi1|293715|estExt_fgenesh2_pg.C_80144_4-102_1NEE:A:1-98	1	3	0	4	0	10	9	4	0	98
jgi|Lacbi1|293715|estExt_fgenesh2_pg.C_80144_99-137_1NEE:A:99-135	0	2	0	1	0	6	5	3	0	37
jgi|Lacbi1|318019|eu2.Lbscf0008g02010_137-312,353-427_1YRG:A:	3	14	2	12	0	46	15	21	0	343
jgi|Lacbi1|325656|fgenesh3_pg.C_scaffold_8000150_261-485_2FG5:A:3-167	2	6	2	5	0	16	8	10	0	165
jgi|Lacbi1|325656|fgenesh3_pg.C_scaffold_8000150_771-887_1W3B:A:	0	0	0	23	0	35	6	26	0	388
jgi|Lacbi1|318023|eu2.Lbscf0008g02050_136-289,326-442_2BNH:A:	5	17	2	16	0	59	26	25	0	456
jgi|Lacbi1|293716|estExt_fgenesh2_pg.C_80149_709-946_2FG5:A:3-167	2	6	2	5	0	16	8	10	0	165
jgi|Lacbi1|293716|estExt_fgenesh2_pg.C_80149_1286-1364_2C2L:A:24-224	0	0	1	10	0	12	7	11	0	201
jgi|Lacbi1|325660|fgenesh3_pg.C_scaffold_8000154_20-218_1DKG:D:3-185	4	12	2	5	0	21	12	11	0	183
jgi|Lacbi1|325660|fgenesh3_pg.C_scaffold_8000154_233-371_1BUP:A:189-381	1	6	3	7	0	14	7	9	0	193
jgi|Lacbi1|233927|e_gwh1.8.173.1_1-291_1XJD:A:	8	7	5	9	0	32	15	17	0	320
jgi|Lacbi1|318038|eu2.Lbscf0008g02200_62-90,339-512_1AZS:C:36-66,C:202-393	2	6	4	5	0	23	11	14	1	223
jgi|Lacbi1|318038|eu2.Lbscf0008g02200_92-136,262-339_1ZCB:A:76-201	0	0	2	9	0	8	5	9	0	126
jgi|Lacbi1|318039|eu2.Lbscf0008g02210_1-161_1XYH:A:1-160	6	8	1	2	0	23	13	12	0	160
jgi|Lacbi1|178594|estExt_Genewise1_worm.C_80073_13-395,450-483_1D8D:B:	13	3	5	16	0	40	25	29	0	407
jgi|Lacbi1|318042|eu2.Lbscf0008g02240_161-241_2DIR:A:8-92	0	4	0	2	0	9	5	3	0	85
jgi|Lacbi1|318045|eu2.Lbscf0008g02270_9-126_2FVV:A:8-142	1	7	0	4	0	15	6	7	0	135
jgi|Lacbi1|248341|e_gww1.8.354.1_1-193_3B57:A:1-201	0	0	0	11	0	11	4	8	0	201
jgi|Lacbi1|318048|eu2.Lbscf0008g02300_3-62,90-235_1SXJ:E:4-255	0	8	1	10	0	23	14	14	0	252
jgi|Lacbi1|318048|eu2.Lbscf0008g02300_248-344_1SXJ:E:256-354	0	0	0	5	0	8	3	4	0	99
jgi|Lacbi1|318049|eu2.Lbscf0008g02310_5-311,542-603_1CF3:A:3-324,A:521-583	17	12	7	11	0	49	28	29	1	385
jgi|Lacbi1|318049|eu2.Lbscf0008g02310_314-543_1CF3:A:325-520	4	8	6	6	0	21	11	8	0	196
jgi|Lacbi1|293724|estExt_fgenesh2_pg.C_80170_5-261_1NFF:A:	4	7	6	7	0	23	13	15	0	244
jgi|Lacbi1|318053|eu2.Lbscf0008g02350_83-294_1UWH:A:	2	8	4	8	0	28	15	13	0	276
jgi|Lacbi1|248404|e_gww1.8.95.1_186-294_2G5C:A:201-310	2	0	2	5	0	8	1	6	0	110
jgi|Lacbi1|248404|e_gww1.8.95.1_24-184_2G5C:A:30-200	0	9	3	5	0	23	15	7	0	171
jgi|Lacbi1|318056|eu2.Lbscf0008g02380_25-60,112-266_1R74:A:	4	11	2	9	0	28	14	16	0	289
jgi|Lacbi1|318058|eu2.Lbscf0008g02400_1-26_1WJV:A:1-35	0	2	1	0	0	4	2	3	0	31
jgi|Lacbi1|318058|eu2.Lbscf0008g02400_29-58_1WJV:A:36-66	0	2	1	0	0	4	2	3	0	31
jgi|Lacbi1|318061|eu2.Lbscf0008g02430_17-183_1YZG:A:6-173	2	6	4	6	0	17	7	13	0	168
jgi|Lacbi1|233735|e_gwh1.8.235.1_1-112_1UL1:X:2-217	0	7	1	7	0	19	10	10	0	216
jgi|Lacbi1|325693|fgenesh3_pg.C_scaffold_8000187_550-601,632-910_2BW3:A:163-609	0	5	7	21	0	33	14	25	0	447
jgi|Lacbi1|325697|fgenesh3_pg.C_scaffold_8000191_144-294_1WF3:A:3-180	1	6	2	5	0	17	15	11	0	178
jgi|Lacbi1|325699|fgenesh3_pg.C_scaffold_8000193_217-397_1XZP:A:212-371	1	6	1	6	0	15	10	10	0	160
jgi|Lacbi1|164996|gwh1.8.255.1_4-62_1ID3:B:	0	3	1	3	0	8	3	4	0	79
jgi|Lacbi1|325710|fgenesh3_pg.C_scaffold_8000204_139-282_1VG8:A:	2	6	3	5	0	18	16	7	0	184
jgi|Lacbi1|318092|eu2.Lbscf0008g02740_13-180_1VE3:A:2-227	0	10	2	7	0	20	9	11	0	226
jgi|Lacbi1|318094|eu2.Lbscf0008g02760_7-70_1SFC:H:	0	0	0	1	0	3	2	0	0	86
jgi|Lacbi1|325716|fgenesh3_pg.C_scaffold_8000210_152-384_1YRG:A:	3	14	2	12	0	46	15	21	0	343
jgi|Lacbi1|318097|eu2.Lbscf0008g02790_21-68_1ZME:C:31-66	0	0	0	2	0	4	1	2	0	36
jgi|Lacbi1|318098|eu2.Lbscf0008g02800_151-305,445-509_1FQV:A:146-431	8	13	3	8	0	55	21	24	0	286
jgi|Lacbi1|318099|eu2.Lbscf0008g02810_104-304,358-374_1MNA:A:	0	9	2	10	0	29	20	14	0	281
jgi|Lacbi1|318101|eu2.Lbscf0008g02830_32-498_1TQN:A:	5	9	7	18	0	43	20	30	0	472
jgi|Lacbi1|325720|fgenesh3_pg.C_scaffold_8000214_208-319_2CSW:A:8-139	6	10	1	1	0	25	16	9	0	132
jgi|Lacbi1|325720|fgenesh3_pg.C_scaffold_8000214_360-408_1IYM:A:	0	2	0	1	0	11	6	4	0	54
jgi|Lacbi1|318110|eu2.Lbscf0008g02920_12-165_1VE3:A:2-227	0	10	2	7	0	20	9	11	0	226
jgi|Lacbi1|318113|eu2.Lbscf0008g02950_162-319,470-654_2BNH:A:	5	17	2	16	0	59	26	25	0	456
jgi|Lacbi1|178653|estExt_Genewise1_worm.C_80203_3-148_2A4V:A:59-214	3	7	0	5	0	19	8	9	0	156
jgi|Lacbi1|318115|eu2.Lbscf0008g02970_34-126_1E6B:A:8-87	0	4	1	3	0	9	4	5	0	80
jgi|Lacbi1|318115|eu2.Lbscf0008g02970_136-152,182-260_1B48:A:80-222	0	0	2	7	0	8	7	8	0	143
jgi|Lacbi1|248359|e_gww1.8.333.1_1-321_2CWN:A:13-331	2	8	6	14	0	25	15	10	0	319
jgi|Lacbi1|318118|eu2.Lbscf0008g03000_1-164_1TP9:A:1-162	1	9	0	6	0	18	11	13	0	162
jgi|Lacbi1|233707|e_gwh1.8.170.1_22-291_1OKC:A:	0	0	6	11	0	19	10	9	0	292
jgi|Lacbi1|318128|eu2.Lbscf0008g03100_65-192,270-483_3PSG:A:	4	27	9	6	0	45	17	22	0	370
jgi|Lacbi1|318129|eu2.Lbscf0008g03110_62-194,276-485_1QDM:A:2-247,A:248-338	4	24	8	5	0	40	17	18	1	337
jgi|Lacbi1|325744|fgenesh3_pg.C_scaffold_8000238_13-148_1PGU:A:2-326	3	28	2	0	0	35	19	22	0	325
jgi|Lacbi1|318140|eu2.Lbscf0008g03220_57-190,227-436_1PSO:E:	6	30	5	6	0	39	15	21	0	326
jgi|Lacbi1|318148|eu2.Lbscf0008g03300_581-757,1033-1073_1P22:A:253-545	0	28	0	1	0	35	23	13	0	293
jgi|Lacbi1|318148|eu2.Lbscf0008g03300_496-580_1P22:A:135-252	0	0	2	7	0	7	4	6	0	114
jgi|Lacbi1|248466|e_gww1.8.267.1_1-56_1N72:A:	0	0	1	5	0	9	10	6	0	117
jgi|Lacbi1|250371|e_gww1.13.91.1_1-56_1N72:A:	0	0	1	5	0	9	10	6	0	117
jgi|Lacbi1|318160|eu2.Lbscf0008g03420_4-196_1IA9:A:	5	14	4	6	0	31	17	13	0	278
jgi|Lacbi1|318163|eu2.Lbscf0008g03450_56-149_1UPS:A:290-420	2	12	3	0	0	22	4	11	0	131
jgi|Lacbi1|189858|estExt_GeneWisePlus_worm.C_80193_38-506_3CZH:A:40-502	7	8	4	16	0	42	19	26	0	462
jgi|Lacbi1|318175|eu2.Lbscf0008g03570_29-337,535-580_1GPE:A:1-328,A:525-587	13	16	6	10	0	49	25	31	1	391
jgi|Lacbi1|318175|eu2.Lbscf0008g03570_339-536_1JU2:A:294-463	3	9	1	2	0	26	19	6	0	170
jgi|Lacbi1|248415|e_gww1.8.122.1_1-381_1OG2:A:	9	9	4	17	0	50	25	22	0	462
jgi|Lacbi1|192602|estExt_fgenesh1_kg.C_80008_2-126_1YPR:A:	0	7	0	4	0	11	7	8	0	125
jgi|Lacbi1|318182|eu2.Lbscf0008g03640_26-44,81-273_1RI6:A:	1	28	2	0	0	36	19	23	0	342
jgi|Lacbi1|325779|fgenesh3_pg.C_scaffold_8000273_66-223,262-383_1OYW:A:1-206	0	7	2	10	0	22	14	12	0	206
jgi|Lacbi1|318194|eu2.Lbscf0008g03760_14-81_1YKH:B:2-130	0	0	0	3	0	4	2	2	0	129
jgi|Lacbi1|318221|eu2.Lbscf0008g04030_10-263_1HW6:A:	4	9	4	10	0	28	14	13	0	262
jgi|Lacbi1|318223|eu2.Lbscf0008g04050_55-242_3CZH:A:40-502	7	8	4	16	0	42	19	26	0	462
jgi|Lacbi1|318224|eu2.Lbscf0008g04060_1-198_1OG2:A:	9	9	4	17	0	50	25	22	0	462
jgi|Lacbi1|233802|e_gwh1.8.126.1_4-393_3CZH:A:40-502	7	8	4	16	0	42	19	26	0	462
jgi|Lacbi1|189790|estExt_GeneWisePlus_worm.C_80042_9-350_1PQ2:A:	6	9	3	17	0	42	25	31	0	463
jgi|Lacbi1|184122|estExt_GeneWisePlus_human.C_80036_4-367_3CZH:A:40-502	7	8	4	16	0	42	19	26	0	462
jgi|Lacbi1|184184|estExt_GeneWisePlus_human.C_80174_2-248_1TPH:1:	2	8	4	11	0	24	15	15	0	245
jgi|Lacbi1|318236|eu2.Lbscf0008g04180_1159-1402_1MT0:A:	2	10	3	10	0	20	20	20	0	241
jgi|Lacbi1|318236|eu2.Lbscf0008g04180_570-780_1R0W:A:	0	11	2	12	1	27	19	16	0	281
jgi|Lacbi1|318236|eu2.Lbscf0008g04180_858-1151_1PF4:A:10-320	0	0	9	16	0	12	11	14	0	310
jgi|Lacbi1|318236|eu2.Lbscf0008g04180_153-475_2HYD:A:1-323	0	0	1	15	1	9	5	12	0	323
jgi|Lacbi1|318237|eu2.Lbscf0008g04190_1-248_1YO6:A:1-250	2	8	5	8	0	24	10	16	0	250
jgi|Lacbi1|325806|fgenesh3_pg.C_scaffold_8000300_1-248_1YO6:A:1-250	2	8	5	8	0	24	10	16	0	250
jgi|Lacbi1|318240|eu2.Lbscf0008g04220_147-232_1F37:A:	0	5	3	2	0	14	6	7	0	109
jgi|Lacbi1|248682|e_gww1.8.311.1_5-409_1OG2:A:	9	9	4	17	0	50	25	22	0	462
jgi|Lacbi1|293754|estExt_fgenesh2_pg.C_80290_6-67_1FBV:A:356-434	2	2	0	2	0	11	6	5	0	79
jgi|Lacbi1|318247|eu2.Lbscf0008g04290_7-63_1R69:A:	0	0	0	5	0	7	3	5	0	63
jgi|Lacbi1|248400|e_gww1.8.127.1_12-60,272-350_1N3J:A:	3	9	0	2	0	19	13	1	0	119
jgi|Lacbi1|325812|fgenesh3_pg.C_scaffold_8000306_6-56_1JM7:A:	2	0	1	3	0	11	9	5	0	103
jgi|Lacbi1|293756|estExt_fgenesh2_pg.C_80296_686-739_1CHC:A:	0	3	0	1	0	9	8	3	0	68
jgi|Lacbi1|293756|estExt_fgenesh2_pg.C_80296_5-58_1CHC:A:	0	3	0	1	0	9	8	3	0	68
jgi|Lacbi1|248655|e_gww1.8.80.1_38-498_3CZH:A:40-502	7	8	4	16	0	42	19	26	0	462
jgi|Lacbi1|318268|eu2.Lbscf0008g04500_9-58_1JM7:A:	2	0	1	3	0	11	9	5	0	103
jgi|Lacbi1|318269|eu2.Lbscf0008g04510_4-64_1CHC:A:	0	3	0	1	0	9	8	3	0	68
jgi|Lacbi1|325819|fgenesh3_pg.C_scaffold_8000313_2-43_2OVR:B:2263-2364	0	0	0	6	0	9	7	5	0	102
jgi|Lacbi1|325820|fgenesh3_pg.C_scaffold_8000314_2-43_2OVR:B:2263-2364	0	0	0	6	0	9	7	5	0	102
jgi|Lacbi1|184112|estExt_GeneWisePlus_human.C_80015_78-347_1EO9:B:	4	14	7	2	0	35	18	16	0	238
jgi|Lacbi1|318272|eu2.Lbscf0008g04540_104-274,373-402_1FWX:A:8-451	6	31	4	6	0	48	33	25	0	459
jgi|Lacbi1|184206|estExt_GeneWisePlus_human.C_80225_24-149_2QAL:K:12-128	0	5	1	3	0	11	7	6	0	117
jgi|Lacbi1|325826|fgenesh3_pg.C_scaffold_8000320_14-223_1K30:A:	2	9	5	14	0	31	12	16	0	367
jgi|Lacbi1|293759|estExt_fgenesh2_pg.C_80304_4-48_1CHC:A:	0	3	0	1	0	9	8	3	0	68
jgi|Lacbi1|325830|fgenesh3_pg.C_scaffold_8000324_4-51_1JM7:A:	2	0	1	3	0	11	9	5	0	103
jgi|Lacbi1|325831|fgenesh3_pg.C_scaffold_8000325_8-66_1JM7:A:	2	0	1	3	0	11	9	5	0	103
jgi|Lacbi1|318283|eu2.Lbscf0008g04650_14-200_1LFA:A:	2	6	4	7	0	15	12	10	0	183
jgi|Lacbi1|293762|estExt_fgenesh2_pg.C_80309_28-74_1FQV:A:107-145	0	0	0	3	0	4	4	4	0	39
jgi|Lacbi1|325835|fgenesh3_pg.C_scaffold_8000329_211-375_1BUP:A:189-381	1	6	3	7	0	14	7	9	0	193
jgi|Lacbi1|325835|fgenesh3_pg.C_scaffold_8000329_14-194_1DKG:D:3-185	4	12	2	5	0	21	12	11	0	183
jgi|Lacbi1|293763|estExt_fgenesh2_pg.C_80312_18-117,147-302,339-374_1JOF:A:	3	28	1	0	0	39	21	26	0	365
jgi|Lacbi1|248389|e_gww1.8.290.1_117-484_1S3L:A:	0	11	1	4	0	19	12	8	0	165
jgi|Lacbi1|248441|e_gww1.8.203.1_8-140_1V6W:A:304-436	5	12	5	0	0	24	7	8	0	133
jgi|Lacbi1|318303|eu2.Lbscf0008g04850_219-414_2BNH:A:	5	17	2	16	0	59	26	25	0	456
jgi|Lacbi1|325848|fgenesh3_pg.C_scaffold_8000342_22-125_1MKE:A:31-144	1	6	0	1	0	10	8	2	0	114
jgi|Lacbi1|325848|fgenesh3_pg.C_scaffold_8000342_161-217_1EJ5:A:	2	0	1	5	0	9	5	6	0	107
jgi|Lacbi1|318305|eu2.Lbscf0008g04870_411-575_1O4V:A:	0	5	1	6	0	16	3	8	0	169
jgi|Lacbi1|318305|eu2.Lbscf0008g04870_109-309_1B6R:A:79-276	1	10	3	5	0	16	8	10	0	198
jgi|Lacbi1|318305|eu2.Lbscf0008g04870_5-106_1EYZ:A:2-112	1	5	1	4	0	14	8	7	0	111
jgi|Lacbi1|318305|eu2.Lbscf0008g04870_314-389_1B6R:A:277-355	0	3	2	2	0	9	6	4	0	79
jgi|Lacbi1|325851|fgenesh3_pg.C_scaffold_8000345_149-321_1IWG:A:513-566,A:869-1036	2	0	1	11	0	13	7	10	1	222
jgi|Lacbi1|318309|eu2.Lbscf0008g04910_2-146_1MXE:A:	0	4	0	8	0	14	5	6	0	144
jgi|Lacbi1|189840|estExt_GeneWisePlus_worm.C_80159_11-91_1S3A:A:15-99	0	4	0	3	0	10	4	4	0	85
jgi|Lacbi1|184151|estExt_GeneWisePlus_human.C_80102_14-60,199-297_1DK8:A:	0	0	0	10	0	9	6	10	0	147
jgi|Lacbi1|233717|e_gwh1.8.272.1_415-846_1G6S:A:	6	24	7	12	0	45	26	19	0	427
jgi|Lacbi1|233717|e_gwh1.8.272.1_12-385_1DQS:A:	3	13	4	15	0	30	16	22	0	388
jgi|Lacbi1|233717|e_gwh1.8.272.1_1060-1306_1QFE:A:	4	10	4	9	0	26	14	12	0	252
jgi|Lacbi1|233717|e_gwh1.8.272.1_1412-1588_1NVT:A:111-287	0	6	0	7	0	21	11	9	0	177
jgi|Lacbi1|233717|e_gwh1.8.272.1_1309-1411_1NYT:A:1-101	0	6	0	4	0	15	6	7	0	101
jgi|Lacbi1|233717|e_gwh1.8.272.1_878-1018_1SHK:A:	0	5	1	7	0	12	6	5	0	173
jgi|Lacbi1|318333|eu2.Lbscf0008g05150_218-283_1CG7:A:	0	0	0	6	0	6	4	8	0	93
jgi|Lacbi1|318333|eu2.Lbscf0008g05150_119-191_2LEF:A:	0	0	0	3	0	7	7	3	0	86
jgi|Lacbi1|318334|eu2.Lbscf0008g05160_21-86_1V64:A:	0	0	0	4	0	11	9	3	0	107
jgi|Lacbi1|318334|eu2.Lbscf0008g05160_96-165_1J3X:A:	0	0	1	3	0	7	3	3	0	77
jgi|Lacbi1|318334|eu2.Lbscf0008g05160_167-211_1V63:A:	0	0	0	4	0	7	6	3	0	100
jgi|Lacbi1|318336|eu2.Lbscf0008g05180_80-133_1YDL:A:6-71	0	3	0	2	0	7	3	4	0	66
jgi|Lacbi1|248375|e_gww1.8.169.1_6-155_1LK5:A:1-130,A:211-229	2	8	3	4	0	18	9	8	1	149
jgi|Lacbi1|248375|e_gww1.8.169.1_139-218_1LK5:A:131-210	2	5	2	2	0	11	7	5	0	80
jgi|Lacbi1|318340|eu2.Lbscf0008g05220_2-350_1PV7:A:	0	0	2	22	0	18	12	14	0	417
jgi|Lacbi1|318346|eu2.Lbscf0008g05280_3-118,205-278_1J7L:A:	1	10	2	9	0	29	20	16	0	263
jgi|Lacbi1|318348|eu2.Lbscf0008g05300_365-757_1PW4:A:	2	0	1	18	0	21	18	22	0	450
jgi|Lacbi1|318349|eu2.Lbscf0008g05310_563-681_1TQI:A:91-282	0	10	1	4	0	15	9	8	0	192
jgi|Lacbi1|189797|estExt_GeneWisePlus_worm.C_80057_311-392_1KBI:A:1-97	4	4	3	4	0	14	7	8	0	97
jgi|Lacbi1|318352|eu2.Lbscf0008g05340_7-160_2AAK:A:	2	4	1	4	0	15	9	11	0	150
jgi|Lacbi1|189781|estExt_GeneWisePlus_worm.C_80029_248-561_1VA4:A:	4	8	3	10	0	25	15	19	0	271
jgi|Lacbi1|189781|estExt_GeneWisePlus_worm.C_80029_20-204_2O4D:A:2-145	0	0	2	8	0	12	6	6	0	144
jgi|Lacbi1|248522|e_gww1.8.322.1_3-71,98-328_1V04:A:	1	25	2	3	0	40	22	18	0	340
jgi|Lacbi1|291064|estExt_fgenesh2_pm.C_80032_15-532_1ACO:A:2-528	11	21	6	16	0	60	33	33	0	527
jgi|Lacbi1|291064|estExt_fgenesh2_pm.C_80032_538-758_1ACO:A:529-754	9	9	4	7	0	28	12	16	0	226
jgi|Lacbi1|318359|eu2.Lbscf0008g05410_70-462_1PV7:A:	0	0	2	22	0	18	12	14	0	417
jgi|Lacbi1|318363|eu2.Lbscf0008g05450_10-443_1PW4:A:	2	0	1	18	0	21	18	22	0	450
jgi|Lacbi1|318365|eu2.Lbscf0008g05470_60-328_2PLC:A:	5	13	4	8	0	26	18	17	0	274
jgi|Lacbi1|325891|fgenesh3_pg.C_scaffold_8000385_48-186_1U0L:A:69-293	0	8	2	7	0	24	18	13	0	225
jgi|Lacbi1|248353|e_gww1.8.215.1_1-152_2GE3:A:6-169	0	7	2	4	0	13	5	8	0	164
jgi|Lacbi1|325894|fgenesh3_pg.C_scaffold_8000388_26-158_1BYU:A:	4	8	3	8	0	20	8	14	0	202
jgi|Lacbi1|318374|eu2.Lbscf0008g05560_143-269_2PLC:A:	5	13	4	8	0	26	18	17	0	274
jgi|Lacbi1|318375|eu2.Lbscf0008g05570_379-668_1OUV:A:	0	0	0	15	0	18	7	15	0	272
jgi|Lacbi1|318375|eu2.Lbscf0008g05570_648-776_1W3B:A:	0	0	0	23	0	35	6	26	0	388
jgi|Lacbi1|318375|eu2.Lbscf0008g05570_738-877_1W3B:A:	0	0	0	23	0	35	6	26	0	388
jgi|Lacbi1|148717|gww1.8.217.1_10-129_2GE3:A:6-169	0	7	2	4	0	13	5	8	0	164
jgi|Lacbi1|318387|eu2.Lbscf0008g05690_43-191_1WDT:A:8-274	2	11	3	9	0	22	15	13	0	267
jgi|Lacbi1|318388|eu2.Lbscf0008g05700_57-96_1W36:D:2-360	6	9	4	14	0	32	29	25	0	359
jgi|Lacbi1|318390|eu2.Lbscf0008g05720_3-188,351-430_1A7A:A:2-189,A:353-432	1	9	4	11	0	30	15	14	1	268
jgi|Lacbi1|318390|eu2.Lbscf0008g05720_189-350_1B3R:A:190-352	3	8	1	7	0	16	12	10	0	163
jgi|Lacbi1|325908|fgenesh3_pg.C_scaffold_8000402_1253-1410_1KOB:A:	7	11	8	11	0	39	20	20	0	352
jgi|Lacbi1|325909|fgenesh3_pg.C_scaffold_8000403_209-396,456-474_1PGV:A:	2	5	0	7	0	21	9	7	0	167
jgi|Lacbi1|318396|eu2.Lbscf0008g05780_102-149_1WEP:A:	3	2	0	2	0	13	9	5	0	78
jgi|Lacbi1|325913|fgenesh3_pg.C_scaffold_8000407_115-244_2B7M:A:73-623	0	0	4	22	0	33	25	28	0	551
jgi|Lacbi1|318641|eu2.Lbscf0009g00010_1-30_3GPD:G:151-314	2	6	0	3	0	23	13	6	0	164
jgi|Lacbi1|310124|eu2.Lbscf0044g00020_6-234_2FUK:A:3-220	2	8	1	5	0	26	14	17	0	218
jgi|Lacbi1|318642|eu2.Lbscf0009g00020_6-234_2FUK:A:3-220	2	8	1	5	0	26	14	17	0	218
jgi|Lacbi1|184457|estExt_GeneWisePlus_human.C_90342_3-243_1F3M:C:	1	10	4	11	0	33	20	20	0	294
jgi|Lacbi1|248725|e_gww1.9.183.1_6-78,121-241_1WZN:A:1-251	1	11	4	7	0	20	9	14	0	251
jgi|Lacbi1|318649|eu2.Lbscf0009g00090_71-108,148-484_2HPA:A:	4	6	5	13	0	38	21	16	0	342
jgi|Lacbi1|318650|eu2.Lbscf0009g00100_25-132_1R29:A:	0	3	0	6	0	11	5	9	0	122
jgi|Lacbi1|318652|eu2.Lbscf0009g00120_39-188,233-296,327-651_1V25:A:	8	24	4	16	0	59	31	33	0	534
jgi|Lacbi1|318655|eu2.Lbscf0009g00150_7-158_1SVI:A:	2	7	3	5	0	16	8	11	0	195
jgi|Lacbi1|189945|estExt_GeneWisePlus_worm.C_90022_5-139,396-517_1A6D:A:17-145,A:404-519	0	9	1	11	0	18	7	14	1	245
jgi|Lacbi1|189945|estExt_GeneWisePlus_worm.C_90022_204-370_1Q3Q:A:217-369	3	9	2	3	0	18	15	4	0	153
jgi|Lacbi1|189945|estExt_GeneWisePlus_worm.C_90022_149-210,363-397_1A6D:B:145-215,B:368-403	0	5	3	3	0	7	6	2	1	107
jgi|Lacbi1|293801|estExt_fgenesh2_pg.C_90010_49-221_1GE9:A:	0	6	0	4	0	15	9	6	0	184
jgi|Lacbi1|248952|e_gww1.9.321.1_2-81_1AWP:A:	1	5	1	4	0	11	4	8	0	86
jgi|Lacbi1|318663|eu2.Lbscf0009g00230_10-82_1XBL:A:	0	0	0	3	0	7	3	6	0	75
jgi|Lacbi1|318664|eu2.Lbscf0009g00240_91-320_1MUN:A:	0	0	3	12	0	19	16	12	0	225
jgi|Lacbi1|318668|eu2.Lbscf0009g00280_20-58_1DH3:A:	0	0	0	1	0	1	1	2	0	54
jgi|Lacbi1|184376|estExt_GeneWisePlus_human.C_90190_249-688,720-895_1AMU:A:	4	26	5	15	0	55	36	34	0	514
jgi|Lacbi1|184376|estExt_GeneWisePlus_human.C_90190_1013-1302_1Y1P:A:2-343	0	12	1	11	0	37	20	20	0	342
jgi|Lacbi1|184376|estExt_GeneWisePlus_human.C_90190_76-249_1B5S:A:	2	9	4	6	0	29	13	11	0	242
jgi|Lacbi1|184376|estExt_GeneWisePlus_human.C_90190_880-958_1DNY:A:	0	0	0	4	0	8	7	2	0	76
jgi|Lacbi1|318670|eu2.Lbscf0009g00300_223-332_2GE3:A:6-169	0	7	2	4	0	13	5	8	0	164
jgi|Lacbi1|184460|estExt_GeneWisePlus_human.C_90346_215-482_1HC7:A:5-276	5	14	1	6	0	26	14	14	0	272
jgi|Lacbi1|184460|estExt_GeneWisePlus_human.C_90346_485-613_1HC7:A:277-403	1	5	1	4	0	10	5	8	0	127
jgi|Lacbi1|184460|estExt_GeneWisePlus_human.C_90346_12-166_1VKI:A:	2	8	2	5	0	19	6	11	0	165
jgi|Lacbi1|184460|estExt_GeneWisePlus_human.C_90346_618-709_1NJ1:A:411-481	3	4	0	2	0	11	4	2	0	71
jgi|Lacbi1|325955|fgenesh3_pg.C_scaffold_9000039_206-391_1IO0:A:	0	5	1	6	0	22	8	6	0	166
jgi|Lacbi1|325955|fgenesh3_pg.C_scaffold_9000039_105-152_1P22:A:135-252	0	0	2	7	0	7	4	6	0	114
jgi|Lacbi1|318681|eu2.Lbscf0009g00410_50-250,476-742_1FFY:A:1-200,A:395-644	8	19	3	17	0	45	29	24	1	450
jgi|Lacbi1|318681|eu2.Lbscf0009g00410_748-1038_1FFY:A:645-917	0	8	4	11	1	21	16	15	0	273
jgi|Lacbi1|318681|eu2.Lbscf0009g00410_253-476_1UDZ:A:	6	9	4	3	0	24	11	11	0	179
jgi|Lacbi1|248925|e_gww1.9.339.1_5-153,326-353_1E3J:A:4-142,A:313-351	5	12	4	3	0	23	8	10	1	178
jgi|Lacbi1|248925|e_gww1.9.339.1_152-316_1PL7:A:146-316	0	6	0	7	0	22	14	8	0	171
jgi|Lacbi1|318695|eu2.Lbscf0009g00550_27-64,93-252,598-624,946-1057,1091-1125_2HD5:A:211-521	4	18	4	9	0	37	12	12	0	336
jgi|Lacbi1|318699|eu2.Lbscf0009g00590_424-475_2DLK:A:38-73	0	2	0	1	0	6	5	2	0	36
jgi|Lacbi1|318699|eu2.Lbscf0009g00590_77-201_1MP8:A:	2	8	5	8	0	23	10	12	0	273
jgi|Lacbi1|304512|eu2.Lbscf0028g00610_2-55_1BY1:A:	0	0	2	7	0	9	10	12	0	208
jgi|Lacbi1|310923|eu2.Lbscf0048g01550_2-55_1BY1:A:	0	0	2	7	0	9	10	12	0	208
jgi|Lacbi1|318702|eu2.Lbscf0009g00620_2-55_1BY1:A:	0	0	2	7	0	9	10	12	0	208
jgi|Lacbi1|325973|fgenesh3_pg.C_scaffold_9000057_25-131_1R29:A:	0	3	0	6	0	11	5	9	0	122
jgi|Lacbi1|291072|estExt_fgenesh2_pm.C_90010_109-620_1RT8:A:	0	0	8	23	0	40	26	26	0	505
jgi|Lacbi1|291072|estExt_fgenesh2_pm.C_90010_7-87,132-153_1K9U:A:	0	2	0	5	0	9	2	4	0	76
jgi|Lacbi1|318728|eu2.Lbscf0009g00880_16-62_2NYM:C:2-294	4	13	0	11	0	29	23	16	0	293
jgi|Lacbi1|248983|e_gww1.9.136.1_90-288_2QFI:A:5-208	2	0	7	7	0	14	20	21	0	204
jgi|Lacbi1|248983|e_gww1.9.136.1_291-367_2QFI:A:209-290	4	0	1	2	0	13	9	6	0	82
jgi|Lacbi1|256277|e_gww1.75.46.1_90-288_2QFI:A:5-208	2	0	7	7	0	14	20	21	0	204
jgi|Lacbi1|256277|e_gww1.75.46.1_291-367_2QFI:A:209-290	4	0	1	2	0	13	9	6	0	82
jgi|Lacbi1|318745|eu2.Lbscf0009g01050_146-256_1B9L:A:	0	5	1	4	0	10	9	6	0	119
jgi|Lacbi1|318745|eu2.Lbscf0009g01050_8-124_1DHN:A:	0	4	1	4	0	14	8	2	0	121
jgi|Lacbi1|318747|eu2.Lbscf0009g01070_43-201,280-331_1KV9:A:1-560	8	39	7	5	0	72	35	35	0	560
jgi|Lacbi1|248987|e_gww1.9.254.1_1-47_2NYM:C:2-294	4	13	0	11	0	29	23	16	0	293
jgi|Lacbi1|318751|eu2.Lbscf0009g01110_14-65_2DJ8:A:8-54	0	2	0	2	0	6	6	3	0	47
jgi|Lacbi1|318752|eu2.Lbscf0009g01120_234-341,372-442_2CE7:A:150-402	2	5	6	9	0	24	12	16	0	253
jgi|Lacbi1|293825|estExt_fgenesh2_pg.C_90092_29-107_1NOX:A:	2	4	2	9	0	19	7	11	0	200
jgi|Lacbi1|318760|eu2.Lbscf0009g01200_2-66_1GZ5:A:	6	16	7	18	0	41	25	25	0	456
jgi|Lacbi1|248844|e_gww1.9.228.1_3-135_1KX5:A:	0	2	0	4	0	17	13	6	0	135
jgi|Lacbi1|318769|eu2.Lbscf0009g01290_4-96_1KX5:A:	0	2	0	4	0	17	13	6	0	135
jgi|Lacbi1|248989|e_gww1.9.238.1_3-132_1KX5:A:	0	2	0	4	0	17	13	6	0	135
jgi|Lacbi1|293827|estExt_fgenesh2_pg.C_90103_34-136,170-207_1TFF:A:	3	4	2	10	0	17	9	11	0	228
jgi|Lacbi1|318780|eu2.Lbscf0009g01400_228-291_1UYJ:A:	2	16	2	2	0	30	11	10	0	280
jgi|Lacbi1|326033|fgenesh3_pg.C_scaffold_9000117_40-119_1NOX:A:	2	4	2	9	0	19	7	11	0	200
jgi|Lacbi1|293829|estExt_fgenesh2_pg.C_90112_9-95_2CIW:A:0-119	2	2	2	3	0	17	10	8	0	119
jgi|Lacbi1|178737|estExt_Genewise1_worm.C_90029_5-340_1EX1:A:1-388	3	11	8	15	1	39	19	29	0	388
jgi|Lacbi1|178737|estExt_Genewise1_worm.C_90029_346-602_1EX1:A:389-602	5	6	2	6	0	33	25	10	0	214
jgi|Lacbi1|326041|fgenesh3_pg.C_scaffold_9000125_53-151_1WI8:A:	2	6	1	2	0	13	8	4	0	103
jgi|Lacbi1|326041|fgenesh3_pg.C_scaffold_9000125_166-251_1FXL:A:37-118	0	6	0	2	0	9	4	5	0	82
jgi|Lacbi1|184365|estExt_GeneWisePlus_human.C_90169_85-104,131-291_1AJO:A:	5	16	3	1	0	26	14	11	0	212
jgi|Lacbi1|318801|eu2.Lbscf0009g01610_414-485,786-966_1Z3I:X:390-735	0	10	6	11	0	41	29	23	0	346
jgi|Lacbi1|318801|eu2.Lbscf0009g01610_160-404_1Z63:A:432-661	0	7	2	11	0	24	16	18	0	230
jgi|Lacbi1|318801|eu2.Lbscf0009g01610_538-572_1G25:A:	0	3	0	2	0	10	4	5	0	65
jgi|Lacbi1|318803|eu2.Lbscf0009g01630_37-123_1S7A:A:	0	3	1	5	0	9	8	3	0	103
jgi|Lacbi1|318803|eu2.Lbscf0009g01630_125-214_1S79:A:	0	4	1	3	0	13	8	5	0	102
jgi|Lacbi1|318806|eu2.Lbscf0009g01660_142-322_1H2B:A:155-326	0	6	2	8	0	14	8	9	0	172
jgi|Lacbi1|318806|eu2.Lbscf0009g01660_7-172_1LLU:A:2-143,A:310-342	5	11	2	3	0	26	13	11	1	175
jgi|Lacbi1|318811|eu2.Lbscf0009g01710_122-206_1F37:A:	0	5	3	2	0	14	6	7	0	109
jgi|Lacbi1|248749|e_gww1.9.138.1_2-376_1PO5:A:	6	9	5	15	0	47	22	28	0	475
jgi|Lacbi1|318813|eu2.Lbscf0009g01730_251-316_1BBY:A:	3	0	0	3	0	11	3	2	0	69
jgi|Lacbi1|318813|eu2.Lbscf0009g01730_25-178_1F3U:A:	1	7	0	3	0	13	3	10	0	118
jgi|Lacbi1|184382|estExt_GeneWisePlus_human.C_90202_45-453_2OAT:A:	6	15	3	13	0	35	23	31	0	404
jgi|Lacbi1|293842|estExt_fgenesh2_pg.C_90136_64-342_1FOT:A:	5	9	4	10	0	37	20	19	0	316
jgi|Lacbi1|293843|estExt_fgenesh2_pg.C_90137_16-197,234-245_2FDI:A:15-214	8	12	1	2	0	25	12	13	0	200
jgi|Lacbi1|234055|e_gwh1.9.58.1_202-420_1VFF:A:1-423	5	17	5	14	0	44	20	22	0	423
jgi|Lacbi1|318823|eu2.Lbscf0009g01830_413-488_1WES:A:	0	2	0	0	0	16	13	4	0	70
jgi|Lacbi1|318829|eu2.Lbscf0009g01890_2-153_1MC8:A:2-220	4	7	3	6	0	30	20	11	0	219
jgi|Lacbi1|234059|e_gwh1.9.291.1_115-420_7A3H:A:	4	10	2	11	0	35	20	23	0	300
jgi|Lacbi1|248825|e_gww1.9.273.1_139-464_1OT5:A:123-460	10	9	5	8	0	46	22	27	0	338
jgi|Lacbi1|248825|e_gww1.9.273.1_469-615_1OT5:A:461-599	1	9	1	1	0	15	4	6	0	139
jgi|Lacbi1|318835|eu2.Lbscf0009g01950_111-372_2GCL:A:237-474	0	18	3	3	0	18	11	10	0	238
jgi|Lacbi1|326076|fgenesh3_pg.C_scaffold_9000160_48-161_2A9H:A:23-119	0	0	0	3	0	5	6	3	0	97
jgi|Lacbi1|318844|eu2.Lbscf0009g02040_126-214_1B64:A:	1	4	0	2	0	11	6	5	0	91
jgi|Lacbi1|318844|eu2.Lbscf0009g02040_6-59_1JLV:A:85-207	0	0	1	6	0	6	6	7	0	123
jgi|Lacbi1|318851|eu2.Lbscf0009g02110_56-83,299-484_1SHZ:A:46-75,A:201-371	2	6	2	6	0	24	15	13	1	201
jgi|Lacbi1|318851|eu2.Lbscf0009g02110_90-135,232-303_2BCJ:Q:67-183	0	0	0	8	0	7	6	10	0	117
jgi|Lacbi1|234053|e_gwh1.9.165.1_85-118,155-268_1AJO:A:	5	16	3	1	0	26	14	11	0	212
jgi|Lacbi1|184285|estExt_GeneWisePlus_human.C_90026_424-496_1QFJ:A:98-232	0	6	2	5	0	18	9	7	0	135
jgi|Lacbi1|318859|eu2.Lbscf0009g02190_2-275_1JR2:A:	2	11	3	12	0	26	17	11	0	260
jgi|Lacbi1|293855|estExt_fgenesh2_pg.C_90169_6-279_1OKC:A:	0	0	6	11	0	19	10	9	0	292
jgi|Lacbi1|318864|eu2.Lbscf0009g02240_493-589,623-829_1FPU:A:	3	9	8	8	0	29	16	17	0	292
jgi|Lacbi1|184293|estExt_GeneWisePlus_human.C_90042_50-256_1S0U:A:34-229	2	7	0	5	0	19	13	10	0	195
jgi|Lacbi1|184293|estExt_GeneWisePlus_human.C_90042_258-372_1S0U:A:230-347	0	10	3	0	0	17	8	7	0	118
jgi|Lacbi1|184293|estExt_GeneWisePlus_human.C_90042_373-469_1S0U:A:348-437	0	6	0	0	0	8	3	5	0	90
jgi|Lacbi1|319820|fgenesh3_pm.C_scaffold_9000020_1-152_1ROC:A:	0	10	2	2	0	19	14	6	0	154
jgi|Lacbi1|184409|estExt_GeneWisePlus_human.C_90256_3-170_1J0X:O:1-148,O:313-332	1	8	3	5	0	22	13	9	1	168
jgi|Lacbi1|184409|estExt_GeneWisePlus_human.C_90256_151-315_1GAD:O:149-312	2	8	3	3	0	15	11	8	0	164
jgi|Lacbi1|318873|eu2.Lbscf0009g02330_149-312_1GAD:O:149-312	2	8	3	3	0	15	11	8	0	164
jgi|Lacbi1|318873|eu2.Lbscf0009g02330_2-171_1DSS:G:1-148,G:313-334	1	8	3	5	0	21	10	11	1	169
jgi|Lacbi1|189973|estExt_GeneWisePlus_worm.C_90061_45-313_1XVX:A:	5	9	8	11	0	31	19	13	0	311
jgi|Lacbi1|190104|estExt_GeneWisePlus_worm.C_90293_44-324_1XVX:A:	5	9	8	11	0	31	19	13	0	311
jgi|Lacbi1|326114|fgenesh3_pg.C_scaffold_9000198_1-147_1MLD:A:1-144	0	6	2	5	0	12	10	10	0	144
jgi|Lacbi1|326114|fgenesh3_pg.C_scaffold_9000198_147-329_1MLD:A:145-313	2	5	3	4	0	16	6	6	0	169
jgi|Lacbi1|178748|estExt_Genewise1_worm.C_90047_61-311_1QZM:A:	0	2	0	5	0	9	2	6	0	94
jgi|Lacbi1|178748|estExt_Genewise1_worm.C_90047_373-557_1RRE:A:	5	10	1	6	0	17	11	10	0	182
jgi|Lacbi1|293867|estExt_fgenesh2_pg.C_90193_130-289,345-438_2BNH:A:	5	17	2	16	0	59	26	25	0	456
jgi|Lacbi1|293867|estExt_fgenesh2_pg.C_90193_11-52_1FQV:A:107-145	0	0	0	3	0	4	4	4	0	39
jgi|Lacbi1|123064|fgenesh1_kg.C_scaffold_9000009_11-87_2GY9:S:2-80	2	3	4	1	0	11	9	5	0	79
jgi|Lacbi1|315126|eu2.Lbscf0067g00790_11-87_2GY9:S:2-80	2	3	4	1	0	11	9	5	0	79
jgi|Lacbi1|248873|e_gww1.9.62.1_327-511_1RRE:A:	5	10	1	6	0	17	11	10	0	182
jgi|Lacbi1|248873|e_gww1.9.62.1_42-291_1QZM:A:	0	2	0	5	0	9	2	6	0	94
jgi|Lacbi1|326126|fgenesh3_pg.C_scaffold_9000210_354-518_1RRE:A:	5	10	1	6	0	17	11	10	0	182
jgi|Lacbi1|326126|fgenesh3_pg.C_scaffold_9000210_232-338_1QZM:A:	0	2	0	5	0	9	2	6	0	94
jgi|Lacbi1|326126|fgenesh3_pg.C_scaffold_9000210_80-106,176-232_2CE7:A:150-402	2	5	6	9	0	24	12	16	0	253
jgi|Lacbi1|248839|e_gww1.9.260.1_11-87_2GY9:S:2-80	2	3	4	1	0	11	9	5	0	79
jgi|Lacbi1|318898|eu2.Lbscf0009g02580_2-81_1X4A:A:9-103	0	6	1	2	0	11	6	3	0	96
jgi|Lacbi1|318899|eu2.Lbscf0009g02590_26-95_1VYX:A:	2	2	1	1	0	11	6	4	0	60
jgi|Lacbi1|318900|eu2.Lbscf0009g02600_553-711,1279-1466,1503-1527,1563-1608_1NVU:S:	2	4	4	21	0	35	21	23	0	481
jgi|Lacbi1|189980|estExt_GeneWisePlus_worm.C_90072_24-203_1BUP:A:4-188	0	12	1	6	0	18	7	13	0	185
jgi|Lacbi1|189980|estExt_GeneWisePlus_worm.C_90072_209-395_1HJO:A:189-382	1	6	2	6	0	13	8	10	0	194
jgi|Lacbi1|189980|estExt_GeneWisePlus_worm.C_90072_625-710_1UD0:A:	0	0	1	3	0	3	3	4	0	112
jgi|Lacbi1|318905|eu2.Lbscf0009g02650_49-102_2GYC:X:3-58	0	3	0	2	0	8	3	5	0	56
jgi|Lacbi1|190101|estExt_GeneWisePlus_worm.C_90289_5-859_1QGR:A:	0	0	13	43	0	50	36	39	0	876
jgi|Lacbi1|234170|e_gwh1.9.242.1_20-88_1TH7:A:3-78	0	5	1	1	0	8	2	4	0	76
jgi|Lacbi1|318909|eu2.Lbscf0009g02690_183-368_2B4V:A:289-471	3	4	4	5	0	20	10	9	0	183
jgi|Lacbi1|318909|eu2.Lbscf0009g02690_37-179_1FA0:A:3-201	2	5	2	6	0	21	7	13	0	199
jgi|Lacbi1|248700|e_gww1.9.78.1_43-214_2JAV:A:3-271	1	8	3	9	0	24	12	13	0	269
jgi|Lacbi1|190082|estExt_GeneWisePlus_worm.C_90256_103-384,422-534_1VJV:A:	7	17	4	10	0	35	13	16	0	397
jgi|Lacbi1|190082|estExt_GeneWisePlus_worm.C_90256_3-92_1WGG:A:	0	5	0	1	0	11	7	4	0	95
jgi|Lacbi1|318914|eu2.Lbscf0009g02740_54-208,270-324_1XQR:A:87-350	0	0	3	17	0	17	9	12	0	267
jgi|Lacbi1|318916|eu2.Lbscf0009g02760_83-141,299-402_1N3J:A:	3	9	0	2	0	19	13	1	0	119
jgi|Lacbi1|318917|eu2.Lbscf0009g02770_197-260_1AN4:A:	0	0	0	2	0	4	3	3	0	64
jgi|Lacbi1|318922|eu2.Lbscf0009g02820_392-679_1KLX:A:	0	0	0	8	0	11	4	8	0	133
jgi|Lacbi1|318922|eu2.Lbscf0009g02820_662-769_1W3B:A:	0	0	0	23	0	35	6	26	0	388
jgi|Lacbi1|293884|estExt_fgenesh2_pg.C_90223_546-705_1M3G:A:	0	6	0	5	0	15	12	8	0	145
jgi|Lacbi1|293884|estExt_fgenesh2_pg.C_90223_195-335_1HZM:A:	3	3	0	6	0	20	19	8	0	154
jgi|Lacbi1|234075|e_gwh1.9.128.1_3-359_1W36:D:2-360	6	9	4	14	0	32	29	25	0	359
jgi|Lacbi1|318928|eu2.Lbscf0009g02880_142-358_1MVH:A:	5	15	3	2	0	50	27	17	0	269
jgi|Lacbi1|293888|estExt_fgenesh2_pg.C_90230_837-1100_1F3M:C:	1	10	4	11	0	33	20	20	0	294
jgi|Lacbi1|318934|eu2.Lbscf0009g02940_1112-1261,1302-1370,1414-1477,1531-1753,1783-1999_1UG3:A:1438-1564	0	2	0	8	0	10	4	6	0	127
jgi|Lacbi1|293890|estExt_fgenesh2_pg.C_90232_52-262_1I19:A:57-273	2	11	1	4	0	28	15	16	0	217
jgi|Lacbi1|318937|eu2.Lbscf0009g02970_55-263_1I19:A:57-273	2	11	1	4	0	28	15	16	0	217
jgi|Lacbi1|318938|eu2.Lbscf0009g02980_231-285_1M62:A:	0	0	0	3	0	5	4	3	0	86
jgi|Lacbi1|318943|eu2.Lbscf0009g03030_17-183_3CNW:A:3-140	0	7	2	2	0	13	5	7	0	138
jgi|Lacbi1|318953|eu2.Lbscf0009g03130_197-214,288-585_2Q09:A:66-366	4	9	1	15	0	25	13	19	0	301
jgi|Lacbi1|318953|eu2.Lbscf0009g03130_236-247,584-626_1O12:A:1-43,A:332-364	1	7	0	0	0	8	4	5	1	76
jgi|Lacbi1|318954|eu2.Lbscf0009g03140_222-353_1COZ:A:	1	5	2	5	0	12	6	10	0	126
jgi|Lacbi1|318955|eu2.Lbscf0009g03150_142-268_2AFJ:A:12-224	0	10	2	3	0	26	29	9	0	213
jgi|Lacbi1|318956|eu2.Lbscf0009g03160_45-106_1QYP:A:	0	4	0	0	0	8	5	1	0	56
jgi|Lacbi1|318957|eu2.Lbscf0009g03170_296-369,398-422,454-808_1W36:D:2-360	6	9	4	14	0	32	29	25	0	359
jgi|Lacbi1|293893|estExt_fgenesh2_pg.C_90246_254-292_1N0Z:A:	4	0	0	0	0	12	8	1	0	44
jgi|Lacbi1|318960|eu2.Lbscf0009g03200_22-371_1HFB:A:	7	11	3	10	0	34	18	19	0	347
jgi|Lacbi1|318962|eu2.Lbscf0009g03220_38-76_1A7I:A:36-67	0	4	0	1	0	6	3	1	0	32
jgi|Lacbi1|318962|eu2.Lbscf0009g03220_314-354_1B8T:A:144-192	2	2	0	1	0	4	1	3	0	49
jgi|Lacbi1|318962|eu2.Lbscf0009g03220_283-313_2CU8:A:8-37	2	2	0	0	0	5	0	4	0	30
jgi|Lacbi1|318962|eu2.Lbscf0009g03220_3-36_1B8T:A:101-143	0	4	0	0	0	7	2	3	0	43
jgi|Lacbi1|192615|estExt_fgenesh1_kg.C_90012_16-94_1X6O:A:19-86	0	6	1	0	0	6	1	4	0	68
jgi|Lacbi1|192615|estExt_fgenesh1_kg.C_90012_87-156_1X6O:A:87-165	1	5	0	1	0	10	4	4	0	79
jgi|Lacbi1|184356|estExt_GeneWisePlus_human.C_90153_91-499_1FC4:A:	4	15	0	16	0	43	22	25	0	400
jgi|Lacbi1|318966|eu2.Lbscf0009g03260_4-118_1MZK:A:	0	11	0	0	0	17	11	9	0	138
jgi|Lacbi1|293900|estExt_fgenesh2_pg.C_90255_3-152_2FFS:A:1-151	2	7	1	2	0	10	3	5	0	151
jgi|Lacbi1|234195|e_gwh1.9.200.1_6-240_1SRQ:A:	0	13	3	8	0	35	24	16	0	336
jgi|Lacbi1|318973|eu2.Lbscf0009g03330_2-162,195-216_1MC8:A:2-220	4	7	3	6	0	30	20	11	0	219
jgi|Lacbi1|318973|eu2.Lbscf0009g03330_201-243,288-355_1A77:A:209-316	0	0	0	6	0	9	3	6	0	108
jgi|Lacbi1|318988|eu2.Lbscf0009g03480_5-50_1HV2:A:	0	3	0	4	0	8	5	5	0	99
jgi|Lacbi1|318989|eu2.Lbscf0009g03490_19-53_1LM8:C:	0	3	1	4	0	9	4	6	0	96
jgi|Lacbi1|189987|estExt_GeneWisePlus_worm.C_90085_1-210_1E2F:A:	0	7	2	9	0	17	15	16	0	210
jgi|Lacbi1|173457|estExt_Genewise1_human.C_90309_37-120,235-519_1JR1:A:17-112,A:233-514	9	15	3	12	0	48	29	18	1	378
jgi|Lacbi1|173457|estExt_Genewise1_human.C_90309_124-233_1JCN:A:112-231	1	4	0	1	0	11	7	5	0	120
jgi|Lacbi1|326198|fgenesh3_pg.C_scaffold_9000282_20-73_1KU5:A:	0	2	0	3	0	7	3	3	0	66
jgi|Lacbi1|318997|eu2.Lbscf0009g03570_248-365_1DVP:A:1-145	0	0	0	8	0	11	8	5	0	145
jgi|Lacbi1|318997|eu2.Lbscf0009g03570_425-485,524-550_1OXZ:A:	0	0	0	5	0	7	5	4	0	132
jgi|Lacbi1|293911|estExt_fgenesh2_pg.C_90274_343-420_1UFM:A:	0	3	0	3	0	8	7	3	0	83
jgi|Lacbi1|248887|e_gww1.9.180.1_1-259_1MUO:A:	6	6	4	9	0	28	17	16	0	261
jgi|Lacbi1|168990|gwh1.9.372.1_2-129_2GE3:A:6-169	0	7	2	4	0	13	5	8	0	164
jgi|Lacbi1|189966|estExt_GeneWisePlus_worm.C_90051_48-231_1BUP:A:4-188	0	12	1	6	0	18	7	13	0	185
jgi|Lacbi1|189966|estExt_GeneWisePlus_worm.C_90051_235-425_1BUP:A:189-381	1	6	3	7	0	14	7	9	0	193
jgi|Lacbi1|189966|estExt_GeneWisePlus_worm.C_90051_427-582_1CKR:A:	1	10	0	2	0	15	14	9	0	159
jgi|Lacbi1|189966|estExt_GeneWisePlus_worm.C_90051_578-660_1UD0:A:	0	0	1	3	0	3	3	4	0	112
jgi|Lacbi1|319005|eu2.Lbscf0009g03650_5-76_1V9J:A:	0	3	1	4	0	13	10	2	0	112
jgi|Lacbi1|248879|e_gww1.9.320.1_73-292,348-427_2G8L:A:1-284	4	7	1	12	0	25	15	15	0	284
jgi|Lacbi1|248869|e_gww1.9.309.1_23-317,425-464_1B37:A:5-293,A:406-463	9	15	3	12	0	38	24	22	1	347
jgi|Lacbi1|248869|e_gww1.9.309.1_303-411_1B37:A:294-405	0	7	0	2	0	14	11	8	0	112
jgi|Lacbi1|319008|eu2.Lbscf0009g03680_556-701_1OUV:A:	0	0	0	15	0	18	7	15	0	272
jgi|Lacbi1|184303|estExt_GeneWisePlus_human.C_90060_23-102_1CG7:A:	0	0	0	6	0	6	4	8	0	93
jgi|Lacbi1|319010|eu2.Lbscf0009g03700_12-365_1ZHX:A:2-434	5	19	10	9	0	46	21	29	0	433
jgi|Lacbi1|184453|estExt_GeneWisePlus_human.C_90336_21-408_1LDJ:A:17-410	0	0	1	19	0	17	14	19	0	394
jgi|Lacbi1|184453|estExt_GeneWisePlus_human.C_90336_412-672_1LDJ:A:411-686	3	7	3	9	0	24	12	13	0	276
jgi|Lacbi1|184453|estExt_GeneWisePlus_human.C_90336_677-764_1LDJ:A:687-776	0	3	0	3	0	4	3	4	0	90
jgi|Lacbi1|319013|eu2.Lbscf0009g03730_5-134_1PUI:A:	2	7	3	5	0	15	9	7	0	188
jgi|Lacbi1|319014|eu2.Lbscf0009g03740_1-180_1RFL:A:	0	4	1	5	0	22	18	7	0	171
jgi|Lacbi1|184404|estExt_GeneWisePlus_human.C_90244_128-464_1BS2:A:136-483	7	9	3	12	0	34	19	16	0	348
jgi|Lacbi1|184404|estExt_GeneWisePlus_human.C_90244_464-591_1BS2:A:484-607	0	0	1	6	0	8	5	7	0	124
jgi|Lacbi1|326214|fgenesh3_pg.C_scaffold_9000298_6-133_1XZP:A:212-371	1	6	1	6	0	15	10	10	0	160
jgi|Lacbi1|293921|estExt_fgenesh2_pg.C_90289_93-303_1SC3:A:,B:	4	11	2	6	0	32	19	15	1	261
jgi|Lacbi1|319029|eu2.Lbscf0009g03890_161-304_2FHP:A:1-182	2	8	2	5	0	20	8	10	0	182
jgi|Lacbi1|249040|e_gww1.9.35.1_232-383,429-495,524-561_1WA5:B:	0	0	5	29	0	38	22	22	0	506
jgi|Lacbi1|319032|eu2.Lbscf0009g03920_143-334_1HJO:A:3-188	0	12	2	6	0	18	6	12	0	186
jgi|Lacbi1|319032|eu2.Lbscf0009g03920_345-541_1DKG:D:186-383	1	6	1	6	0	13	10	7	0	198
jgi|Lacbi1|248838|e_gww1.9.118.1_23-209_1W1O:A:40-245	2	10	2	6	0	23	19	14	0	206
jgi|Lacbi1|190123|estExt_GeneWisePlus_worm.C_90327_9-172_2UCZ:A:	2	4	2	4	0	18	13	11	0	164
jgi|Lacbi1|190099|estExt_GeneWisePlus_worm.C_90285_26-1141_1I50:B:	18	49	14	26	0	125	63	65	0	1207
jgi|Lacbi1|293928|estExt_fgenesh2_pg.C_90298_11-159_1PZV:A:	2	4	2	4	0	20	11	10	0	161
jgi|Lacbi1|319037|eu2.Lbscf0009g03970_467-542,579-760_1Z3I:X:390-735	0	10	6	11	0	41	29	23	0	346
jgi|Lacbi1|319037|eu2.Lbscf0009g03970_151-220,249-426_1Z63:A:432-661	0	7	2	11	0	24	16	18	0	230
jgi|Lacbi1|184403|estExt_GeneWisePlus_human.C_90240_20-263_1TFF:A:	3	4	2	10	0	17	9	11	0	228
jgi|Lacbi1|319039|eu2.Lbscf0009g03990_1-150_1PUI:A:	2	7	3	5	0	15	9	7	0	188
jgi|Lacbi1|248757|e_gww1.9.10.1_1-838,936-960_1CEZ:A:	7	18	5	33	0	86	60	36	0	878
jgi|Lacbi1|184424|estExt_GeneWisePlus_human.C_90277_48-319_1DJ0:A:	0	10	4	5	0	30	16	16	0	264
jgi|Lacbi1|319047|eu2.Lbscf0009g04070_15-170_1XOY:A:	1	11	1	2	0	25	20	10	0	160
jgi|Lacbi1|319050|eu2.Lbscf0009g04100_29-269_1V9K:A:	3	12	0	5	0	29	16	13	0	227
jgi|Lacbi1|326236|fgenesh3_pg.C_scaffold_9000320_4-72_1ELR:A:	0	0	0	7	0	9	1	5	0	128
jgi|Lacbi1|178776|estExt_Genewise1_worm.C_90105_155-244_1UHR:A:	1	5	1	4	0	12	8	5	0	92
jgi|Lacbi1|319065|eu2.Lbscf0009g04250_173-255_1UHR:A:	1	5	1	4	0	12	8	5	0	92
jgi|Lacbi1|319066|eu2.Lbscf0009g04260_16-245_1X04:A:26-225	0	0	0	6	0	4	2	6	0	200
jgi|Lacbi1|319066|eu2.Lbscf0009g04260_430-502_1UDL:A:	4	5	0	0	0	15	12	3	0	97
jgi|Lacbi1|234321|e_gwh1.9.370.1_6-178_1XTQ:A:3-169	0	6	2	4	0	17	8	8	0	167
jgi|Lacbi1|189949|estExt_GeneWisePlus_worm.C_90027_190-432_1AMO:A:243-518	5	10	2	8	0	39	20	12	0	276
jgi|Lacbi1|189949|estExt_GeneWisePlus_worm.C_90027_12-169_1YKG:A:63-208	2	6	4	4	0	15	5	9	0	146
jgi|Lacbi1|189949|estExt_GeneWisePlus_worm.C_90027_441-595_1DDG:A:447-599	0	5	1	7	0	14	6	10	0	153
jgi|Lacbi1|319069|eu2.Lbscf0009g04290_80-240_1JOQ:A:	3	9	1	3	0	22	11	8	0	149
jgi|Lacbi1|319071|eu2.Lbscf0009g04310_82-571_1TQN:A:	5	9	7	18	0	43	20	30	0	472
jgi|Lacbi1|167698|gwh1.9.351.1_8-242_1IA8:A:	5	12	5	7	0	36	16	18	0	275
jgi|Lacbi1|319074|eu2.Lbscf0009g04340_39-324_2NYR:A:36-302	3	11	4	10	0	27	13	16	0	267
jgi|Lacbi1|190022|estExt_GeneWisePlus_worm.C_90155_14-109_1F66:C:	0	3	1	5	0	11	6	5	0	103
jgi|Lacbi1|248976|e_gww1.9.160.1_6-287_1ZQ9:A:36-313	2	9	4	11	0	26	16	16	0	278
jgi|Lacbi1|291101|estExt_fgenesh2_pm.C_90043_8-582_1GW5:B:	0	0	4	32	0	42	43	37	0	579
jgi|Lacbi1|319085|eu2.Lbscf0009g04450_70-412_1OGS:A:78-431	4	10	4	12	0	35	27	25	0	354
jgi|Lacbi1|190116|estExt_GeneWisePlus_worm.C_90318_39-501_3CZH:A:40-502	7	8	4	16	0	42	19	26	0	462
jgi|Lacbi1|293945|estExt_fgenesh2_pg.C_90330_30-91,133-197_1FQV:A:146-431	8	13	3	8	0	55	21	24	0	286
jgi|Lacbi1|319089|eu2.Lbscf0009g04490_5-327,436-463_2IVD:A:10-306,A:415-464	5	15	3	15	0	32	15	21	1	347
jgi|Lacbi1|319089|eu2.Lbscf0009g04490_312-416_2IVD:A:307-414	3	5	3	2	0	16	8	3	0	108
jgi|Lacbi1|248936|e_gww1.9.68.1_40-476_1PW4:A:	2	0	1	18	0	21	18	22	0	450
jgi|Lacbi1|293947|estExt_fgenesh2_pg.C_90333_119-195_1FTH:A:	0	5	1	4	0	12	8	3	0	117
jgi|Lacbi1|319093|eu2.Lbscf0009g04530_281-459_1IS2:A:272-460	3	0	4	6	0	10	7	7	0	189
jgi|Lacbi1|319093|eu2.Lbscf0009g04530_21-271_1W07:A:2-272	6	11	5	8	0	26	14	14	0	271
jgi|Lacbi1|319093|eu2.Lbscf0009g04530_488-665_1W07:A:462-659	0	0	3	12	0	11	9	14	0	198
jgi|Lacbi1|319094|eu2.Lbscf0009g04540_45-71,100-371,409-596,628-688_1LCI:A:	7	27	4	15	0	64	28	38	0	541
jgi|Lacbi1|293949|estExt_fgenesh2_pg.C_90336_595-647_4GAT:A:	0	2	1	1	0	11	6	3	0	66
jgi|Lacbi1|293949|estExt_fgenesh2_pg.C_90336_527-576_1GNF:A:	2	0	0	1	0	9	4	3	0	45
jgi|Lacbi1|319100|eu2.Lbscf0009g04600_476-722_2HU7:A:322-581	1	8	2	10	0	27	14	15	0	260
jgi|Lacbi1|189951|estExt_GeneWisePlus_worm.C_90029_126-428_2CIT:A:9-282	4	9	1	8	0	29	17	19	0	274
jgi|Lacbi1|190079|estExt_GeneWisePlus_worm.C_90253_6-518_1RY2:A:	13	28	0	20	0	87	54	43	0	640
jgi|Lacbi1|319104|eu2.Lbscf0009g04640_353-603_1JY1:A:351-608	9	12	5	5	0	35	19	12	0	258
jgi|Lacbi1|319104|eu2.Lbscf0009g04640_161-349_1JY1:A:145-350	9	7	6	5	0	30	11	16	0	202
jgi|Lacbi1|319106|eu2.Lbscf0009g04660_21-272,344-663,719-744,811-957_1QBK:B:	0	0	17	47	0	50	54	64	0	888
jgi|Lacbi1|319108|eu2.Lbscf0009g04680_625-693_1NZP:A:	0	0	0	4	0	8	6	5	0	86
jgi|Lacbi1|319108|eu2.Lbscf0009g04680_699-753_1JMS:A:243-302	0	0	0	5	0	6	4	4	0	60
jgi|Lacbi1|319108|eu2.Lbscf0009g04680_365-495_1CDZ:A:	1	4	1	3	0	15	6	8	0	96
jgi|Lacbi1|319109|eu2.Lbscf0009g04690_1-165_1RZT:A:386-575	1	11	2	6	0	21	6	11	0	190
jgi|Lacbi1|190127|estExt_GeneWisePlus_worm.C_90334_11-231_1IRU:I:	3	13	0	5	0	24	15	10	0	220
jgi|Lacbi1|234031|e_gwh1.9.101.1_4-472_1BXS:A:	5	22	2	17	0	52	33	26	0	494
jgi|Lacbi1|190033|estExt_GeneWisePlus_worm.C_90166_1-138_1GW5:S:	0	7	0	5	0	11	6	9	0	142
jgi|Lacbi1|319126|eu2.Lbscf0009g04860_45-360,408-436_1IXK:A:	0	13	5	10	0	28	19	14	0	313
jgi|Lacbi1|190061|estExt_GeneWisePlus_worm.C_90221_12-97,171-248_1JM6:A:1003-1169	1	0	0	8	0	8	7	9	0	167
jgi|Lacbi1|190061|estExt_GeneWisePlus_worm.C_90221_255-433_1JM6:A:1177-1366	3	7	2	3	0	18	11	8	0	190
jgi|Lacbi1|190025|estExt_GeneWisePlus_worm.C_90158_30-487_1BJ4:A:	4	17	7	18	0	50	27	28	0	470
jgi|Lacbi1|293964|estExt_fgenesh2_pg.C_90364_572-658_1SXL:A:	2	3	0	2	0	19	15	2	0	97
jgi|Lacbi1|293964|estExt_fgenesh2_pg.C_90364_1172-1218_1WD2:A:	0	0	2	0	0	10	10	2	0	59
jgi|Lacbi1|293964|estExt_fgenesh2_pg.C_90364_1033-1103_1JM7:A:	2	0	1	3	0	11	9	5	0	103
jgi|Lacbi1|293964|estExt_fgenesh2_pg.C_90364_425-450_2CQE:A:429-457	2	0	0	0	0	6	6	2	0	29
jgi|Lacbi1|319137|eu2.Lbscf0009g04970_1-83_1LJR:A:1-79	0	4	1	3	0	8	3	7	0	79
jgi|Lacbi1|319137|eu2.Lbscf0009g04970_120-217_1TW9:A:78-206	0	0	1	6	0	7	6	5	0	129
jgi|Lacbi1|319141|eu2.Lbscf0009g05010_21-92_2JZ6:A:6-75	1	2	0	1	0	7	4	3	0	70
jgi|Lacbi1|319144|eu2.Lbscf0009g05040_37-107_1E91:A:	0	0	0	4	0	8	6	3	0	85
jgi|Lacbi1|319149|eu2.Lbscf0009g05090_6-88_1WJ6:A:	2	5	0	2	0	14	10	4	0	100
jgi|Lacbi1|248920|e_gww1.9.130.1_249-404_1PBU:A:	0	6	8	4	0	22	16	7	0	162
jgi|Lacbi1|248920|e_gww1.9.130.1_64-221_1NHY:A:76-219	0	0	2	7	0	12	5	9	0	144
jgi|Lacbi1|248920|e_gww1.9.130.1_2-72_1GNW:A:2-85	0	4	3	2	0	10	3	8	0	84
jgi|Lacbi1|184442|estExt_GeneWisePlus_human.C_90316_7-158,189-226_2GMN:A:29-292	0	12	6	7	0	26	12	19	0	264
jgi|Lacbi1|293969|estExt_fgenesh2_pg.C_90377_762-807_1JM7:B:	4	0	1	2	0	15	9	4	0	97
jgi|Lacbi1|326309|fgenesh3_pg.C_scaffold_9000393_490-641_1M6B:B:480-611	10	9	1	0	0	14	18	10	0	132
jgi|Lacbi1|326309|fgenesh3_pg.C_scaffold_9000393_380-533_2DTG:E:157-311	8	9	3	1	0	30	18	7	0	155
jgi|Lacbi1|326309|fgenesh3_pg.C_scaffold_9000393_43-63,187-284_1M6B:B:480-611	10	9	1	0	0	14	18	10	0	132
jgi|Lacbi1|326309|fgenesh3_pg.C_scaffold_9000393_279-442_1IVO:A:163-311	3	10	0	0	0	22	20	10	0	149
jgi|Lacbi1|293971|estExt_fgenesh2_pg.C_90381_177-479_1PGP:A:177-473	6	0	2	12	0	23	12	11	0	297
jgi|Lacbi1|293971|estExt_fgenesh2_pg.C_90381_5-176_1PGP:A:1-176	4	8	1	7	0	22	12	9	0	176
jgi|Lacbi1|319167|eu2.Lbscf0009g05270_17-148_2O16:A:20-158	7	6	1	5	0	14	8	7	0	139
jgi|Lacbi1|234236|e_gwh1.9.34.1_9-232_1B63:A:2-216	0	8	2	8	0	19	14	13	0	216
jgi|Lacbi1|234236|e_gwh1.9.34.1_213-346_1B63:A:217-331	0	7	3	3	0	10	2	7	0	115
jgi|Lacbi1|319169|eu2.Lbscf0009g05290_1445-1843,1880-2066,2111-2186_1GW5:B:	0	0	4	32	0	42	43	37	0	579
jgi|Lacbi1|178729|estExt_Genewise1_worm.C_90015_179-194,261-277,357-539,606-734_1OYZ:A:	0	0	3	17	0	21	10	14	0	276
jgi|Lacbi1|293975|estExt_fgenesh2_pg.C_90388_204-274_1G1X:B:	0	0	0	4	0	7	3	3	0	88
jgi|Lacbi1|326318|fgenesh3_pg.C_scaffold_9000402_183-224,259-329,406-537,635-742,881-925_1TE4:A:	0	0	3	6	0	11	9	5	0	111
jgi|Lacbi1|319175|eu2.Lbscf0009g05350_37-193_1A06:A:	4	8	4	10	0	29	20	14	0	307
jgi|Lacbi1|189982|estExt_GeneWisePlus_worm.C_90074_109-186,237-293_1WZN:A:1-251	1	11	4	7	0	20	9	14	0	251
jgi|Lacbi1|326325|fgenesh3_pg.C_scaffold_9000409_13-44_1O1W:A:	0	7	1	3	0	19	15	6	0	137
jgi|Lacbi1|326328|fgenesh3_pg.C_scaffold_9000412_13-44_1O1W:A:	0	7	1	3	0	19	15	6	0	137
jgi|Lacbi1|296684|eu2.Lbscf0010g04930_29-166_2IW0:A:29-248	2	11	4	8	0	26	19	12	0	220
jgi|Lacbi1|296689|eu2.Lbscf0010g04980_374-589_1IA9:A:	5	14	4	6	0	31	17	13	0	278
jgi|Lacbi1|312164|eu2.Lbscf0050g00320_374-589_1IA9:A:	5	14	4	6	0	31	17	13	0	278
jgi|Lacbi1|296690|eu2.Lbscf0010g04990_19-67_1CLD:A:	0	0	0	2	0	4	2	1	0	33
jgi|Lacbi1|234473|e_gwh1.10.136.1_130-241_1VL0:A:	5	12	1	11	0	29	19	11	0	291
jgi|Lacbi1|184665|estExt_GeneWisePlus_human.C_100346_83-209_1GNW:A:86-211	0	0	1	9	0	6	6	9	0	126
jgi|Lacbi1|184665|estExt_GeneWisePlus_human.C_100346_1-82_1GNW:A:2-85	0	4	3	2	0	10	3	8	0	84
jgi|Lacbi1|294111|estExt_fgenesh2_pg.C_100344_50-92_1WE3:A:3-138,A:409-527	1	8	1	10	0	18	7	11	1	255
jgi|Lacbi1|326687|fgenesh3_pg.C_scaffold_10000358_214-378_2FG5:A:3-167	2	6	2	5	0	16	8	10	0	165
jgi|Lacbi1|296727|eu2.Lbscf0010g05360_2-230_2FG5:A:3-167	2	6	2	5	0	16	8	10	0	165
jgi|Lacbi1|296727|eu2.Lbscf0010g05360_508-622_1W3B:A:	0	0	0	23	0	35	6	26	0	388
jgi|Lacbi1|296194|eu2.Lbscf0010g00030_60-160_2EFL:A:1-288	0	0	0	7	0	7	3	7	0	288
jgi|Lacbi1|141514|gww1.10.10.1_200-444_1LTL:A:	2	10	4	5	0	24	9	12	0	239
jgi|Lacbi1|141514|gww1.10.10.1_485-797_1OFH:A:	0	9	5	14	0	31	16	15	0	309
jgi|Lacbi1|249179|e_gww1.10.343.1_8-274_1OKC:A:	0	0	6	11	0	19	10	9	0	292
jgi|Lacbi1|296202|eu2.Lbscf0010g00110_1205-1405_2R09:A:65-252	2	0	0	10	0	15	10	10	0	190
jgi|Lacbi1|296202|eu2.Lbscf0010g00110_1115-1198,1515-1555_1V5M:A:	3	6	0	1	0	20	14	4	0	135
jgi|Lacbi1|249237|e_gww1.10.140.1_73-268_1EJE:A:	2	14	2	5	0	21	6	13	0	192
jgi|Lacbi1|234505|e_gwh1.10.327.1_87-186,219-320_2QFI:A:5-208	2	0	7	7	0	14	20	21	0	204
jgi|Lacbi1|234505|e_gwh1.10.327.1_347-409_2QFI:A:209-290	4	0	1	2	0	13	9	6	0	82
jgi|Lacbi1|296206|eu2.Lbscf0010g00150_339-630_1MVH:A:	5	15	3	2	0	50	27	17	0	269
jgi|Lacbi1|184628|estExt_GeneWisePlus_human.C_100281_30-728_1T6J:A:	8	7	8	23	0	53	30	35	0	678
jgi|Lacbi1|296209|eu2.Lbscf0010g00180_74-151_1S7B:A:	0	0	0	4	0	10	7	3	0	109
jgi|Lacbi1|249203|e_gww1.10.61.1_51-220_1ATZ:A:	1	6	1	7	0	16	13	8	0	184
jgi|Lacbi1|249203|e_gww1.10.61.1_319-394_1Z60:A:328-386	1	4	0	2	0	10	5	5	0	59
jgi|Lacbi1|296211|eu2.Lbscf0010g00200_138-455_1J6P:A:50-330	2	8	3	12	0	25	12	22	0	281
jgi|Lacbi1|296211|eu2.Lbscf0010g00200_73-139,455-494_2FTW:A:7-59,A:394-490	2	11	2	1	0	21	8	9	1	150
jgi|Lacbi1|296212|eu2.Lbscf0010g00210_596-783_1TE4:A:	0	0	3	6	0	11	9	5	0	111
jgi|Lacbi1|296213|eu2.Lbscf0010g00220_38-226_1RXW:A:3-219	4	7	3	8	0	21	9	11	0	217
jgi|Lacbi1|296215|eu2.Lbscf0010g00240_38-309_1U0T:A:	0	20	3	5	0	30	14	14	0	302
jgi|Lacbi1|296216|eu2.Lbscf0010g00250_1081-1180_1WF6:A:	1	4	3	3	0	15	14	3	0	131
jgi|Lacbi1|296217|eu2.Lbscf0010g00260_6-67_1EQZ:A:	0	3	1	5	0	14	10	7	0	125
jgi|Lacbi1|296227|eu2.Lbscf0010g00360_120-177,215-279_1F3M:C:	1	10	4	11	0	33	20	20	0	294
jgi|Lacbi1|293988|estExt_fgenesh2_pg.C_100022_45-113_1YZ8:P:1-60	0	0	0	3	0	5	4	4	0	60
jgi|Lacbi1|293989|estExt_fgenesh2_pg.C_100023_16-70_1KOB:A:	7	11	8	11	0	39	20	20	0	352
jgi|Lacbi1|296233|eu2.Lbscf0010g00420_7-326_1YLV:A:	6	10	6	11	0	36	22	23	0	341
jgi|Lacbi1|296235|eu2.Lbscf0010g00440_61-347_3D03:A:1-271	8	13	4	6	0	39	23	13	0	274
jgi|Lacbi1|296236|eu2.Lbscf0010g00450_270-372_1X3A:A:8-94	0	0	0	5	0	6	4	4	0	87
jgi|Lacbi1|249272|e_gww1.10.323.1_27-172_1A9X:B:1502-1652	4	7	2	4	0	22	12	6	0	151
jgi|Lacbi1|249272|e_gww1.10.323.1_180-389_1A9X:B:1653-1880	4	10	1	6	0	22	14	15	0	228
jgi|Lacbi1|326357|fgenesh3_pg.C_scaffold_10000028_462-569,602-626_1PKG:A:	4	11	7	8	0	37	18	12	0	303
jgi|Lacbi1|296242|eu2.Lbscf0010g00510_56-363_3D03:A:1-271	8	13	4	6	0	39	23	13	0	274
jgi|Lacbi1|184494|estExt_GeneWisePlus_human.C_100022_59-482_2ICY:A:6-383	7	20	12	11	0	35	17	20	0	379
jgi|Lacbi1|296245|eu2.Lbscf0010g00540_52-474_2ICY:A:6-383	7	20	12	11	0	35	17	20	0	379
jgi|Lacbi1|234402|e_gwh1.10.261.1_3-88_1B34:A:	0	5	1	2	0	12	1	7	0	80
jgi|Lacbi1|296249|eu2.Lbscf0010g00580_24-127_1FS1:A:109-149	0	0	2	3	0	6	2	3	0	41
jgi|Lacbi1|296249|eu2.Lbscf0010g00580_195-290,476-553_2OVR:B:2365-2706	0	32	2	1	0	36	24	21	0	342
jgi|Lacbi1|184639|estExt_GeneWisePlus_human.C_100303_17-201_1IQV:A:	4	2	1	6	0	14	6	7	0	201
jgi|Lacbi1|296260|eu2.Lbscf0010g00690_1115-1195_1JHW:A:245-346	4	5	2	1	0	16	6	6	0	102
jgi|Lacbi1|296260|eu2.Lbscf0010g00690_1182-1295_1D0N:A:263-383	2	5	2	3	0	14	6	10	0	121
jgi|Lacbi1|179061|estExt_Genewise1_worm.C_100293_382-422,662-827_1Z3I:X:390-735	0	10	6	11	0	41	29	23	0	346
jgi|Lacbi1|179061|estExt_Genewise1_worm.C_100293_255-477_1Z63:A:432-661	0	7	2	11	0	24	16	18	0	230
jgi|Lacbi1|179061|estExt_Genewise1_worm.C_100293_600-644_1CHC:A:	0	3	0	1	0	9	8	3	0	68
jgi|Lacbi1|296263|eu2.Lbscf0010g00720_26-194_1NSL:A:	1	8	3	5	0	10	7	10	0	183
jgi|Lacbi1|296264|eu2.Lbscf0010g00730_4-168_1K8K:F:	3	4	1	5	0	12	9	5	0	167
jgi|Lacbi1|173603|estExt_Genewise1_human.C_100258_196-350_1U79:A:	4	9	2	2	0	19	5	10	0	125
jgi|Lacbi1|296266|eu2.Lbscf0010g00750_41-463_1BU7:A:	0	12	10	16	0	39	22	21	0	455
jgi|Lacbi1|190199|estExt_GeneWisePlus_worm.C_100094_43-302_1IY8:A:	6	7	4	9	0	26	14	15	0	258
jgi|Lacbi1|249261|e_gww1.10.4.1_177-272,394-491,939-1154_1SU4:A:1-124,A:240-343,A:751-994	1	1	8	18	0	32	20	22	2	472
jgi|Lacbi1|249261|e_gww1.10.4.1_492-508,685-787,862-943_1SU4:A:344-360,A:600-750	3	8	1	8	0	16	12	11	1	168
jgi|Lacbi1|249261|e_gww1.10.4.1_503-580,625-739_1SU4:A:361-599	0	13	3	7	0	21	11	13	0	239
jgi|Lacbi1|249261|e_gww1.10.4.1_275-396_1SU4:A:125-239	2	9	3	0	0	21	10	7	0	115
jgi|Lacbi1|190285|estExt_GeneWisePlus_worm.C_100265_58-210,254-354_1P9E:A:	5	15	2	9	0	33	16	22	0	294
jgi|Lacbi1|192623|estExt_fgenesh1_kg.C_100004_151-228_1XD3:B:	3	5	1	1	0	10	1	6	0	75
jgi|Lacbi1|192623|estExt_fgenesh1_kg.C_100004_304-380_1XD3:B:	3	5	1	1	0	10	1	6	0	75
jgi|Lacbi1|192623|estExt_fgenesh1_kg.C_100004_76-152_1XD3:B:	3	5	1	1	0	10	1	6	0	75
jgi|Lacbi1|192623|estExt_fgenesh1_kg.C_100004_228-304_1XD3:B:	3	5	1	1	0	10	1	6	0	75
jgi|Lacbi1|192623|estExt_fgenesh1_kg.C_100004_1-76_1XD3:B:	3	5	1	1	0	10	1	6	0	75
jgi|Lacbi1|326385|fgenesh3_pg.C_scaffold_10000056_120-247_1N3J:A:	3	9	0	2	0	19	13	1	0	119
jgi|Lacbi1|190335|estExt_GeneWisePlus_worm.C_100361_15-142,415-533_1A6D:A:17-145,A:404-519	0	9	1	11	0	18	7	14	1	245
jgi|Lacbi1|190335|estExt_GeneWisePlus_worm.C_100361_207-388_1Q3Q:A:217-369	3	9	2	3	0	18	15	4	0	153
jgi|Lacbi1|190335|estExt_GeneWisePlus_worm.C_100361_144-211,378-414_1Q3Q:A:146-216,A:370-405	1	5	3	3	0	8	7	2	1	107
jgi|Lacbi1|296283|eu2.Lbscf0010g00920_183-334_2FFI:A:10-280	6	7	4	11	0	35	13	20	0	271
jgi|Lacbi1|296285|eu2.Lbscf0010g00940_26-153_1LGY:A:	6	13	4	6	0	26	14	17	0	265
jgi|Lacbi1|296287|eu2.Lbscf0010g00960_41-259_1LGY:A:	6	13	4	6	0	26	14	17	0	265
jgi|Lacbi1|249126|e_gww1.10.288.1_606-840_1UW4:B:	0	0	4	11	0	18	12	13	0	248
jgi|Lacbi1|249126|e_gww1.10.288.1_407-599_1UW4:B:	0	0	4	11	0	18	12	13	0	248
jgi|Lacbi1|162730|gwh1.10.174.1_5-174_1A06:A:	4	8	4	10	0	29	20	14	0	307
jgi|Lacbi1|296292|eu2.Lbscf0010g01010_533-673_1JOQ:A:	3	9	1	3	0	22	11	8	0	149
jgi|Lacbi1|296292|eu2.Lbscf0010g01010_362-511_1JOQ:A:	3	9	1	3	0	22	11	8	0	149
jgi|Lacbi1|296292|eu2.Lbscf0010g01010_184-347_1JOQ:A:	3	9	1	3	0	22	11	8	0	149
jgi|Lacbi1|296292|eu2.Lbscf0010g01010_3-19,48-164_1JOQ:A:	3	9	1	3	0	22	11	8	0	149
jgi|Lacbi1|296292|eu2.Lbscf0010g01010_722-817_2HQX:A:8-97	0	5	2	1	0	10	4	6	0	90
jgi|Lacbi1|296292|eu2.Lbscf0010g01010_776-927_1JOQ:A:	3	9	1	3	0	22	11	8	0	149
jgi|Lacbi1|296293|eu2.Lbscf0010g01020_4-224_2GFH:A:1-247	2	8	4	9	0	22	10	13	0	247
jgi|Lacbi1|319863|fgenesh3_pm.C_scaffold_10000008_1-104_1VMB:A:	0	4	0	3	0	8	2	6	0	107
jgi|Lacbi1|326397|fgenesh3_pg.C_scaffold_10000068_703-794_1B7F:A:123-204	0	8	0	2	0	9	4	5	0	82
jgi|Lacbi1|296296|eu2.Lbscf0010g01050_246-352_2AJA:A:3-348	0	2	5	21	0	23	18	21	0	346
jgi|Lacbi1|190163|estExt_GeneWisePlus_worm.C_100021_116-296_1YGY:A:99-282	3	7	2	7	0	24	14	12	0	184
jgi|Lacbi1|190163|estExt_GeneWisePlus_worm.C_100021_1-147_1YGY:A:3-98,A:283-316	4	5	2	4	0	19	10	9	1	130
jgi|Lacbi1|294013|estExt_fgenesh2_pg.C_100070_130-346_1ZXO:A:107-280	1	5	3	8	0	15	16	14	0	174
jgi|Lacbi1|294013|estExt_fgenesh2_pg.C_100070_1-118_2CH5:A:1-117	2	5	0	4	0	12	6	6	0	117
jgi|Lacbi1|294017|estExt_fgenesh2_pg.C_100074_100-177,248-268_2CPE:A:353-453	6	6	0	2	0	15	8	6	0	101
jgi|Lacbi1|296305|eu2.Lbscf0010g01140_19-574_1LCI:A:	7	27	4	15	0	64	28	38	0	541
jgi|Lacbi1|296310|eu2.Lbscf0010g01190_94-402_1EVQ:A:	0	8	4	9	0	28	16	23	0	308
jgi|Lacbi1|296314|eu2.Lbscf0010g01230_3-421_1C0N:A:	4	15	6	13	0	47	23	26	0	404
jgi|Lacbi1|296315|eu2.Lbscf0010g01240_36-259,545-617_1XQR:A:87-350	0	0	3	17	0	17	9	12	0	267
jgi|Lacbi1|296323|eu2.Lbscf0010g01320_272-429_1VRB:A:8-326	2	13	4	10	0	39	20	15	0	319
jgi|Lacbi1|296345|eu2.Lbscf0010g01540_30-160_1VJR:A:	1	15	3	10	0	29	18	14	0	270
jgi|Lacbi1|294023|estExt_fgenesh2_pg.C_100101_12-301_1VA4:A:	4	8	3	10	0	25	15	19	0	271
jgi|Lacbi1|296348|eu2.Lbscf0010g01570_406-652_2HYD:A:324-578	2	10	5	9	0	25	21	16	0	255
jgi|Lacbi1|296348|eu2.Lbscf0010g01570_82-401_2HYD:A:1-323	0	0	1	15	1	9	5	12	0	323
jgi|Lacbi1|144265|gww1.10.77.1_178-368_1VK6:A:126-256	1	6	0	2	0	11	4	7	0	131
jgi|Lacbi1|296355|eu2.Lbscf0010g01640_3-73_1UH6:A:	2	5	1	2	0	11	5	4	0	99
jgi|Lacbi1|296357|eu2.Lbscf0010g01660_189-341,432-534_1JJI:A:	0	8	5	11	0	21	17	19	0	311
jgi|Lacbi1|190245|estExt_GeneWisePlus_worm.C_100187_21-360_1ND4:A:	2	10	5	7	0	32	13	15	0	255
jgi|Lacbi1|190293|estExt_GeneWisePlus_worm.C_100282_37-220_1DKG:D:3-185	4	12	2	5	0	21	12	11	0	183
jgi|Lacbi1|190293|estExt_GeneWisePlus_worm.C_100282_223-414_1DKG:D:186-383	1	6	1	6	0	13	10	7	0	198
jgi|Lacbi1|190293|estExt_GeneWisePlus_worm.C_100282_416-570_1CKR:A:	1	10	0	2	0	15	14	9	0	159
jgi|Lacbi1|190293|estExt_GeneWisePlus_worm.C_100282_539-640_1DKZ:A:507-603	0	0	1	5	0	5	2	2	0	97
jgi|Lacbi1|296360|eu2.Lbscf0010g01690_3-61_2OVR:B:2263-2364	0	0	0	6	0	9	7	5	0	102
jgi|Lacbi1|296361|eu2.Lbscf0010g01700_10-183_1V3W:A:	4	20	0	1	0	34	5	15	0	173
jgi|Lacbi1|296363|eu2.Lbscf0010g01720_112-468_1LTD:A:98-511	2	13	7	14	0	44	26	19	0	414
jgi|Lacbi1|296363|eu2.Lbscf0010g01720_5-86_1KBI:A:1-97	4	4	3	4	0	14	7	8	0	97
jgi|Lacbi1|296364|eu2.Lbscf0010g01730_113-385_1A4Y:A:	2	17	3	16	0	56	24	32	0	460
jgi|Lacbi1|296365|eu2.Lbscf0010g01740_6-325_1RJD:A:	0	8	2	15	0	27	14	19	0	333
jgi|Lacbi1|179015|estExt_Genewise1_worm.C_100193_6-100_1SQR:A:	0	6	0	1	0	13	6	3	0	87
jgi|Lacbi1|296371|eu2.Lbscf0010g01800_37-279_1SIQ:A:3-238	4	9	4	7	0	21	11	19	0	236
jgi|Lacbi1|296371|eu2.Lbscf0010g01800_269-418_1SIQ:A:239-392	0	2	3	5	0	5	7	4	0	154
jgi|Lacbi1|296372|eu2.Lbscf0010g01810_333-524_1JMS:A:303-510	3	8	3	6	0	23	8	7	0	208
jgi|Lacbi1|296372|eu2.Lbscf0010g01810_153-246_1JMS:A:148-242	1	0	2	4	0	11	7	4	0	95
jgi|Lacbi1|296372|eu2.Lbscf0010g01810_251-330_1JN3:A:91-148	0	0	2	4	0	5	4	5	0	58
jgi|Lacbi1|249182|e_gww1.10.102.1_34-255_1KQN:A:	2	6	3	11	0	22	8	15	0	270
jgi|Lacbi1|184655|estExt_GeneWisePlus_human.C_100326_26-434_1PW4:A:	2	0	1	18	0	21	18	22	0	450
jgi|Lacbi1|296376|eu2.Lbscf0010g01850_212-358_2BNH:A:	5	17	2	16	0	59	26	25	0	456
jgi|Lacbi1|296376|eu2.Lbscf0010g01850_21-96_1FS1:A:109-149	0	0	2	3	0	6	2	3	0	41
jgi|Lacbi1|296378|eu2.Lbscf0010g01870_148-190_1DH3:A:	0	0	0	1	0	1	1	2	0	54
jgi|Lacbi1|296379|eu2.Lbscf0010g01880_22-127_1PLB:A:	0	9	1	0	0	18	10	5	0	97
jgi|Lacbi1|249451|e_gww1.10.156.1_46-297_1HU3:A:	0	0	1	10	0	14	8	8	0	259
jgi|Lacbi1|249442|e_gww1.10.51.1_78-147,182-305_3D31:A:1-229	0	10	1	9	0	26	15	14	0	229
jgi|Lacbi1|296390|eu2.Lbscf0010g01990_72-166_1G3N:C:16-147	0	0	2	7	0	10	3	5	0	132
jgi|Lacbi1|190323|estExt_GeneWisePlus_worm.C_100335_16-171_1ODF:A:	2	10	3	9	0	28	17	16	0	286
jgi|Lacbi1|296394|eu2.Lbscf0010g02030_22-152_1VI7:A:3-137	1	8	0	3	0	18	9	6	0	134
jgi|Lacbi1|296396|eu2.Lbscf0010g02050_19-253_1ZTP:A:17-250	2	9	2	7	0	29	19	12	0	234
jgi|Lacbi1|319868|fgenesh3_pm.C_scaffold_10000013_33-157_1O4W:A:	0	5	0	6	0	10	3	5	0	125
jgi|Lacbi1|291120|estExt_fgenesh2_pm.C_100013_3-685_1T6J:A:	8	7	8	23	0	53	30	35	0	678
jgi|Lacbi1|249101|e_gww1.10.78.1_8-226,338-396_1EL5:A:1-217,A:322-385	0	16	6	7	0	31	12	17	1	281
jgi|Lacbi1|249101|e_gww1.10.78.1_237-338_1EL5:A:218-321	2	6	2	2	0	13	4	6	0	104
jgi|Lacbi1|184504|estExt_GeneWisePlus_human.C_100037_202-471_1A9X:A:128-402	4	11	3	7	0	30	24	12	0	275
jgi|Lacbi1|184504|estExt_GeneWisePlus_human.C_100037_740-1007_1A9X:A:677-935	1	11	2	8	0	28	16	9	0	259
jgi|Lacbi1|184504|estExt_GeneWisePlus_human.C_100037_467-621_1A9X:A:403-555	3	2	1	7	0	15	8	10	0	153
jgi|Lacbi1|184504|estExt_GeneWisePlus_human.C_100037_623-742_1A9X:A:556-676	3	4	0	6	0	13	10	8	0	121
jgi|Lacbi1|184504|estExt_GeneWisePlus_human.C_100037_79-200_1A9X:A:1-127	2	5	2	5	0	17	8	6	0	127
jgi|Lacbi1|184504|estExt_GeneWisePlus_human.C_100037_1010-1133_1ZCZ:A:1-157	0	5	3	6	0	14	8	7	0	157
jgi|Lacbi1|296403|eu2.Lbscf0010g02120_86-153,185-318_1D8D:A:	0	1	4	16	0	29	9	21	0	323
jgi|Lacbi1|141635|gww1.10.12.1_289-483_1OUV:A:	0	0	0	15	0	18	7	15	0	272
jgi|Lacbi1|141635|gww1.10.12.1_455-593_1OUV:A:	0	0	0	15	0	18	7	15	0	272
jgi|Lacbi1|141635|gww1.10.12.1_16-139_1KLX:A:	0	0	0	8	0	11	4	8	0	133
jgi|Lacbi1|296406|eu2.Lbscf0010g02150_190-271_1V31:A:	2	4	0	4	0	14	11	2	0	92
jgi|Lacbi1|294045|estExt_fgenesh2_pg.C_100140_279-302_1SP2:A:	2	0	0	1	0	5	3	2	0	31
jgi|Lacbi1|296408|eu2.Lbscf0010g02170_31-273_1DDZ:A:84-325	0	5	2	10	0	19	10	17	0	242
jgi|Lacbi1|296409|eu2.Lbscf0010g02180_33-96_1TTN:A:21-100	0	5	0	2	0	9	6	6	0	80
jgi|Lacbi1|296410|eu2.Lbscf0010g02190_376-621_1Z70:X:1086-1371	10	14	3	4	0	41	27	22	0	286
jgi|Lacbi1|190337|estExt_GeneWisePlus_worm.C_100363_1-480_1JS3:A:	4	11	10	14	0	46	26	22	0	476
jgi|Lacbi1|296415|eu2.Lbscf0010g02240_687-912_1OZ4:A:471-763	2	0	3	7	0	31	24	19	0	292
jgi|Lacbi1|296415|eu2.Lbscf0010g02240_421-580,613-669_2CE7:A:150-402	2	5	6	9	0	24	12	16	0	253
jgi|Lacbi1|296415|eu2.Lbscf0010g02240_113-193_1WLF:A:100-179	0	7	0	2	0	11	7	2	0	80
jgi|Lacbi1|296415|eu2.Lbscf0010g02240_3-109_1WLF:A:13-99	0	7	0	2	0	14	4	4	0	87
jgi|Lacbi1|296416|eu2.Lbscf0010g02250_22-163_1N11:A:	0	0	1	24	0	48	15	35	0	408
jgi|Lacbi1|184606|estExt_GeneWisePlus_human.C_100238_16-320_1OKC:A:	0	0	6	11	0	19	10	9	0	292
jgi|Lacbi1|179004|estExt_Genewise1_worm.C_100174_9-180_2FV8:A:4-184	0	6	2	6	0	16	5	13	0	181
jgi|Lacbi1|326486|fgenesh3_pg.C_scaffold_10000157_4-82_1R94:A:	0	7	1	2	0	9	3	5	0	97
jgi|Lacbi1|296424|eu2.Lbscf0010g02330_42-207_2EFL:A:1-288	0	0	0	7	0	7	3	7	0	288
jgi|Lacbi1|296426|eu2.Lbscf0010g02350_62-89,306-491_1SHZ:A:46-75,A:201-371	2	6	2	6	0	24	15	13	1	201
jgi|Lacbi1|296426|eu2.Lbscf0010g02350_96-139,225-311_2BCJ:Q:67-183	0	0	0	8	0	7	6	10	0	117
jgi|Lacbi1|161970|gwh1.10.156.1_1-188_1RZ3:A:	0	7	3	7	0	15	10	10	0	198
jgi|Lacbi1|184667|estExt_GeneWisePlus_human.C_100352_4-258,399-460_1D4C:A:103-359,A:506-570	4	15	3	10	0	39	17	21	1	322
jgi|Lacbi1|184667|estExt_GeneWisePlus_human.C_100352_244-396_1D4C:A:360-505	0	6	0	6	0	14	9	12	0	146
jgi|Lacbi1|184667|estExt_GeneWisePlus_human.C_100352_509-583_1KBI:A:1-97	4	4	3	4	0	14	7	8	0	97
jgi|Lacbi1|296430|eu2.Lbscf0010g02390_83-426_1ITU:A:	8	9	6	14	0	41	19	23	0	369
jgi|Lacbi1|296431|eu2.Lbscf0010g02400_313-377_1OXJ:A:594-655	0	0	1	4	0	6	0	6	0	62
jgi|Lacbi1|159819|gwh1.10.98.1_3-113,147-323_1YV9:A:4-256	1	15	3	8	0	27	18	14	0	253
jgi|Lacbi1|296434|eu2.Lbscf0010g02430_27-74_1A1I:A:103-131	0	2	0	2	0	3	2	3	0	29
jgi|Lacbi1|296434|eu2.Lbscf0010g02430_84-119_1PYI:A:30-71	0	2	0	2	0	6	1	3	0	42
jgi|Lacbi1|296436|eu2.Lbscf0010g02450_18-64_1PYI:A:30-71	0	2	0	2	0	6	1	3	0	42
jgi|Lacbi1|296437|eu2.Lbscf0010g02460_100-200_1S7B:A:	0	0	0	4	0	10	7	3	0	109
jgi|Lacbi1|326496|fgenesh3_pg.C_scaffold_10000167_8-226_1XD3:A:	5	6	1	8	0	24	9	15	0	229
jgi|Lacbi1|234621|e_gwh1.10.146.1_18-284_2DUB:A:	2	10	4	11	0	25	14	14	0	259
jgi|Lacbi1|296444|eu2.Lbscf0010g02530_14-112_1MWQ:A:	0	4	1	4	0	10	2	5	0	100
jgi|Lacbi1|234524|e_gwh1.10.297.1_305-570_1B3U:A:	0	0	8	44	0	40	26	36	0	588
jgi|Lacbi1|234524|e_gwh1.10.297.1_36-283_1T4H:A:	3	9	7	7	0	27	19	13	0	270
jgi|Lacbi1|296450|eu2.Lbscf0010g02590_15-90_1MK0:A:	0	3	0	3	0	8	5	3	0	97
jgi|Lacbi1|234370|e_gwh1.10.304.1_243-558_1J3B:A:212-529	5	21	6	7	0	46	23	17	0	318
jgi|Lacbi1|234370|e_gwh1.10.304.1_46-239_1II2:A:2-200	4	10	1	6	0	22	14	14	0	199
jgi|Lacbi1|190151|estExt_GeneWisePlus_worm.C_100001_53-236_1HJO:A:3-188	0	12	2	6	0	18	6	12	0	186
jgi|Lacbi1|190151|estExt_GeneWisePlus_worm.C_100001_240-429_1BUP:A:189-381	1	6	3	7	0	14	7	9	0	193
jgi|Lacbi1|190151|estExt_GeneWisePlus_worm.C_100001_431-587_1CKR:A:	1	10	0	2	0	15	14	9	0	159
jgi|Lacbi1|190151|estExt_GeneWisePlus_worm.C_100001_582-659_1UD0:A:	0	0	1	3	0	3	3	4	0	112
jgi|Lacbi1|184643|estExt_GeneWisePlus_human.C_100308_1-354_1G71:A:	0	12	6	15	0	35	20	17	0	344
jgi|Lacbi1|296456|eu2.Lbscf0010g02650_33-288,325-433,476-627_1GW5:A:	0	2	4	33	0	46	32	22	0	620
jgi|Lacbi1|249185|e_gww1.10.90.1_3-345_1EZR:A:	4	10	2	12	0	42	22	10	0	312
jgi|Lacbi1|296464|eu2.Lbscf0010g02730_97-464_1W3B:A:	0	0	0	23	0	35	6	26	0	388
jgi|Lacbi1|296465|eu2.Lbscf0010g02740_152-187,217-295,331-449_1FOT:A:	5	9	4	10	0	37	20	19	0	316
jgi|Lacbi1|249133|e_gww1.10.165.1_56-151_1W98:B:88-227	1	0	2	6	0	12	5	6	0	140
jgi|Lacbi1|294076|estExt_fgenesh2_pg.C_100184_1-86_1WIB:A:	1	3	0	2	0	10	7	4	0	91
jgi|Lacbi1|249168|e_gww1.10.107.1_65-368_1GOT:B:	1	28	0	2	0	36	22	23	0	339
jgi|Lacbi1|184682|estExt_GeneWisePlus_human.C_100383_99-173_2PC6:A:1-77	0	4	1	2	0	4	3	4	0	77
jgi|Lacbi1|184682|estExt_GeneWisePlus_human.C_100383_257-321_2FGC:A:105-187	0	5	2	2	0	8	4	1	0	83
jgi|Lacbi1|296486|eu2.Lbscf0010g02950_3-117_1X5S:A:8-97	0	4	0	2	0	11	8	3	0	89
jgi|Lacbi1|249450|e_gww1.10.19.1_344-592_3B60:A:329-581	4	10	2	9	0	24	18	16	0	253
jgi|Lacbi1|249450|e_gww1.10.19.1_14-343_3B60:A:10-328	0	0	1	11	0	6	9	9	0	319
jgi|Lacbi1|166577|gwh1.10.308.1_28-183,222-379_1U0T:A:	0	20	3	5	0	30	14	14	0	302
jgi|Lacbi1|296491|eu2.Lbscf0010g03000_3-123_1NG6:A:	0	0	2	7	0	8	4	5	0	148
jgi|Lacbi1|296492|eu2.Lbscf0010g03010_305-380_1IYM:A:	0	2	0	1	0	11	6	4	0	54
jgi|Lacbi1|296522|eu2.Lbscf0010g03310_1-51_1TX4:A:	0	0	4	12	0	17	9	13	0	196
jgi|Lacbi1|296535|eu2.Lbscf0010g03440_330-498_2A1X:A:43-338	5	15	4	5	0	35	14	11	0	296
jgi|Lacbi1|249103|e_gww1.10.208.1_16-98_1NEK:D:	0	0	0	4	0	4	4	2	0	113
jgi|Lacbi1|249166|e_gww1.10.115.1_32-245_1XD3:A:	5	6	1	8	0	24	9	15	0	229
jgi|Lacbi1|184661|estExt_GeneWisePlus_human.C_100340_210-403_1KID:A:	4	9	4	5	0	22	10	5	0	193
jgi|Lacbi1|184661|estExt_GeneWisePlus_human.C_100340_33-160,433-570_1IOK:A:2-136,A:410-526	1	8	3	11	0	16	9	11	1	252
jgi|Lacbi1|184661|estExt_GeneWisePlus_human.C_100340_164-230_1OEL:A:137-190,A:367-409	0	3	0	4	0	7	5	2	1	97
jgi|Lacbi1|296546|eu2.Lbscf0010g03550_20-147_1JR7:A:	5	17	3	7	0	39	15	20	0	311
jgi|Lacbi1|304456|eu2.Lbscf0028g00050_20-147_1JR7:A:	5	17	3	7	0	39	15	20	0	311
jgi|Lacbi1|296548|eu2.Lbscf0010g03570_6-230_2BW3:A:163-609	0	5	7	21	0	33	14	25	0	447
jgi|Lacbi1|296550|eu2.Lbscf0010g03590_72-252_2BNH:A:	5	17	2	16	0	59	26	25	0	456
jgi|Lacbi1|296553|eu2.Lbscf0010g03620_22-201_3B57:A:1-201	0	0	0	11	0	11	4	8	0	201
jgi|Lacbi1|249411|e_gww1.10.85.1_87-386_1DS1:A:	5	16	8	7	0	38	23	18	0	323
jgi|Lacbi1|296555|eu2.Lbscf0010g03640_16-335_1R3D:A:	2	7	3	11	0	24	13	15	0	263
jgi|Lacbi1|190250|estExt_GeneWisePlus_worm.C_100199_28-444_1PW4:A:	2	0	1	18	0	21	18	22	0	450
jgi|Lacbi1|249110|e_gww1.10.318.1_34-477_1PW4:A:	2	0	1	18	0	21	18	22	0	450
jgi|Lacbi1|296574|eu2.Lbscf0010g03830_78-434_1TQN:A:	5	9	7	18	0	43	20	30	0	472
jgi|Lacbi1|326593|fgenesh3_pg.C_scaffold_10000264_32-101_1TQN:A:	5	9	7	18	0	43	20	30	0	472
jgi|Lacbi1|296576|eu2.Lbscf0010g03850_11-288,333-710,745-848_2BPT:A:1-861	0	0	19	43	0	44	28	37	0	860
jgi|Lacbi1|249330|e_gww1.10.345.1_52-221_1F3L:A:	8	15	5	7	0	34	16	23	0	321
jgi|Lacbi1|249285|e_gww1.10.310.1_78-521_1PV7:A:	0	0	2	22	0	18	12	14	0	417
jgi|Lacbi1|296580|eu2.Lbscf0010g03890_323-451,490-546_2QFI:A:5-208	2	0	7	7	0	14	20	21	0	204
jgi|Lacbi1|296585|eu2.Lbscf0010g03940_13-318_1PZ1:A:	6	12	9	9	0	39	21	23	0	332
jgi|Lacbi1|234612|e_gwh1.10.285.1_1-72_1XD3:B:	3	5	1	1	0	10	1	6	0	75
jgi|Lacbi1|296588|eu2.Lbscf0010g03970_46-265_1KOQ:A:	5	13	5	4	0	33	18	7	0	222
jgi|Lacbi1|143003|gww1.10.49.1_66-305_1YQ2:A:313-609	4	13	4	8	0	40	16	19	0	297
jgi|Lacbi1|326619|fgenesh3_pg.C_scaffold_10000290_132-557_2BW3:A:163-609	0	5	7	21	0	33	14	25	0	447
jgi|Lacbi1|326637|fgenesh3_pg.C_scaffold_10000308_24-206_2BW3:A:163-609	0	5	7	21	0	33	14	25	0	447
jgi|Lacbi1|296671|eu2.Lbscf0010g04800_82-208_1GNW:A:86-211	0	0	1	9	0	6	6	9	0	126
jgi|Lacbi1|296671|eu2.Lbscf0010g04800_2-87_1AW9:A:2-82	0	4	1	2	0	10	7	7	0	81
jgi|Lacbi1|190296|estExt_GeneWisePlus_worm.C_100286_193-459_1GPM:A:208-404	0	5	1	8	0	15	5	8	0	197
jgi|Lacbi1|190296|estExt_GeneWisePlus_worm.C_100286_10-208_1GPM:A:3-207	1	12	1	4	0	26	19	16	0	205
jgi|Lacbi1|190296|estExt_GeneWisePlus_worm.C_100286_418-537_1GPM:A:405-525	2	4	2	2	0	9	6	7	0	121
jgi|Lacbi1|296675|eu2.Lbscf0010g04840_61-156_1A5J:A:1-55	0	0	0	3	0	9	8	2	0	55
jgi|Lacbi1|296675|eu2.Lbscf0010g04840_6-59_1H88:C:89-143	0	0	0	3	0	6	5	5	0	55
jgi|Lacbi1|296682|eu2.Lbscf0010g04910_18-70_1AW6:A:	0	0	0	2	0	6	3	2	0	43
jgi|Lacbi1|326719|fgenesh3_pg.C_scaffold_11000021_218-417_1FQV:A:146-431	8	13	3	8	0	55	21	24	0	286
jgi|Lacbi1|326720|fgenesh3_pg.C_scaffold_11000022_218-374_1IO0:A:	0	5	1	6	0	22	8	6	0	166
jgi|Lacbi1|296872|eu2.Lbscf0011g00290_10-73_2OCC:H:	1	0	1	3	0	9	6	3	0	79
jgi|Lacbi1|296876|eu2.Lbscf0011g00330_356-467_1A17:A:	0	0	0	7	0	11	3	7	0	159
jgi|Lacbi1|294115|estExt_fgenesh2_pg.C_110029_468-618,675-751_1OUV:A:	0	0	0	15	0	18	7	15	0	272
jgi|Lacbi1|294115|estExt_fgenesh2_pg.C_110029_788-1001_1W3B:A:	0	0	0	23	0	35	6	26	0	388
jgi|Lacbi1|294115|estExt_fgenesh2_pg.C_110029_51-132_1QE3:A:	7	14	7	14	0	50	31	31	0	483
jgi|Lacbi1|296885|eu2.Lbscf0011g00420_87-406_1OYW:A:1-206	0	7	2	10	0	22	14	12	0	206
jgi|Lacbi1|296887|eu2.Lbscf0011g00440_87-406_1OYW:A:1-206	0	7	2	10	0	22	14	12	0	206
jgi|Lacbi1|296893|eu2.Lbscf0011g00500_34-401_1PV7:A:	0	0	2	22	0	18	12	14	0	417
jgi|Lacbi1|291133|estExt_fgenesh2_pm.C_110002_398-703,752-838_1EJR:C:1130-1422,C:1476-1567	2	13	5	15	0	38	21	27	1	385
jgi|Lacbi1|291133|estExt_fgenesh2_pm.C_110002_269-447_1E9Y:B:1-131,B:432-480	4	13	2	1	0	28	11	15	1	180
jgi|Lacbi1|291133|estExt_fgenesh2_pm.C_110002_137-261_1E9Y:A:106-238	0	10	2	1	0	23	11	11	0	133
jgi|Lacbi1|291133|estExt_fgenesh2_pm.C_110002_1-104_1EJR:A:	2	2	2	4	0	8	3	4	0	100
jgi|Lacbi1|326747|fgenesh3_pg.C_scaffold_11000049_157-319_1SU4:A:1-124,A:240-343,A:751-994	1	1	8	18	0	32	20	22	2	472
jgi|Lacbi1|326747|fgenesh3_pg.C_scaffold_11000049_114-158_1SU4:A:344-360,A:600-750	3	8	1	8	0	16	12	11	1	168
jgi|Lacbi1|319888|fgenesh3_pm.C_scaffold_11000003_80-369_1HV8:A:211-365	1	6	1	6	0	17	12	7	0	155
jgi|Lacbi1|294122|estExt_fgenesh2_pg.C_110057_99-183_1HD1:A:	2	4	1	2	0	7	2	4	0	75
jgi|Lacbi1|296931|eu2.Lbscf0011g00880_25-239,266-482_1PV7:A:	0	0	2	22	0	18	12	14	0	417
jgi|Lacbi1|296932|eu2.Lbscf0011g00890_25-239,269-485_1PW4:A:	2	0	1	18	0	21	18	22	0	450
jgi|Lacbi1|326769|fgenesh3_pg.C_scaffold_11000071_653-698_1H1W:A:	2	9	7	9	0	29	16	16	0	289
jgi|Lacbi1|294126|estExt_fgenesh2_pg.C_110070_13-119,179-273,528-774_1H3N:A:1-225,A:418-686	9	23	6	18	0	52	29	25	1	494
jgi|Lacbi1|294126|estExt_fgenesh2_pg.C_110070_304-449,489-525_1FFY:A:201-394	6	3	3	4	0	27	16	12	0	194
jgi|Lacbi1|294126|estExt_fgenesh2_pg.C_110070_780-905_1ILE:A:642-821	0	0	1	7	0	10	11	15	0	180
jgi|Lacbi1|296945|eu2.Lbscf0011g01020_269-467_1Q40:B:	1	7	2	3	0	23	8	9	0	205
jgi|Lacbi1|296945|eu2.Lbscf0011g01020_127-230_1A9N:A:	0	10	3	4	0	27	13	10	0	162
jgi|Lacbi1|296945|eu2.Lbscf0011g01020_498-556_1GO5:A:	0	0	0	4	0	7	7	3	0	69
jgi|Lacbi1|296947|eu2.Lbscf0011g01040_11-59,94-185,278-333_1N11:A:	0	0	1	24	0	48	15	35	0	408
jgi|Lacbi1|296947|eu2.Lbscf0011g01040_297-414_1SW6:A:	2	4	3	13	0	30	11	18	0	301
jgi|Lacbi1|294128|estExt_fgenesh2_pg.C_110075_30-49,90-181,274-411_1N11:A:	0	0	1	24	0	48	15	35	0	408
jgi|Lacbi1|249655|e_gww1.11.208.1_21-266_1H1W:A:	2	9	7	9	0	29	16	16	0	289
jgi|Lacbi1|326782|fgenesh3_pg.C_scaffold_11000084_203-397_1FQV:A:146-431	8	13	3	8	0	55	21	24	0	286
jgi|Lacbi1|326783|fgenesh3_pg.C_scaffold_11000085_225-336_1F3M:C:	1	10	4	11	0	33	20	20	0	294
jgi|Lacbi1|326783|fgenesh3_pg.C_scaffold_11000085_356-400_1F3M:C:	1	10	4	11	0	33	20	20	0	294
jgi|Lacbi1|326784|fgenesh3_pg.C_scaffold_11000086_2-121_2FLU:X:325-609	14	28	0	0	0	37	15	14	0	285
jgi|Lacbi1|145246|gww1.11.198.1_28-160,194-327_1MUO:A:	6	6	4	9	0	28	17	16	0	261
jgi|Lacbi1|296972|eu2.Lbscf0011g01290_1332-1483_1CSN:A:	3	10	2	9	0	31	12	17	0	293
jgi|Lacbi1|296978|eu2.Lbscf0011g01350_402-808_2R7D:A:3-403	4	13	1	12	0	38	19	23	0	401
jgi|Lacbi1|234769|e_gwh1.11.117.1_3-471_1E9X:A:	5	12	6	18	0	48	21	22	0	449
jgi|Lacbi1|190410|estExt_GeneWisePlus_worm.C_110116_219-251,278-524_1P22:A:253-545	0	28	0	1	0	35	23	13	0	293
jgi|Lacbi1|296981|eu2.Lbscf0011g01380_133-429_2G2J:A:307-474	2	7	1	5	0	20	12	5	0	178
jgi|Lacbi1|296982|eu2.Lbscf0011g01390_63-330_1F9A:A:	0	5	2	7	0	18	11	8	0	164
jgi|Lacbi1|296983|eu2.Lbscf0011g01400_3070-3134,3239-3451_1J3N:A:1-249	6	7	5	10	0	28	13	15	0	249
jgi|Lacbi1|296983|eu2.Lbscf0011g01400_1691-1744,1799-1875,2007-2028,2070-2147_1MLA:A:3-127,A:198-307	2	5	1	12	0	22	14	13	1	235
jgi|Lacbi1|296983|eu2.Lbscf0011g01400_3412-3480,3573-3706_2GFV:A:252-412	5	7	4	4	0	22	9	6	0	161
jgi|Lacbi1|296983|eu2.Lbscf0011g01400_1581-1686_1S9C:A:164-289	0	5	3	3	0	12	6	7	0	126
jgi|Lacbi1|296983|eu2.Lbscf0011g01400_3816-3932_1FTH:A:	0	5	1	4	0	12	8	3	0	117
jgi|Lacbi1|296983|eu2.Lbscf0011g01400_171-331,439-542_1MLA:A:3-127,A:198-307	2	5	1	12	0	22	14	13	1	235
jgi|Lacbi1|296983|eu2.Lbscf0011g01400_2725-2936_1I01:A:	2	7	3	9	0	21	12	12	0	241
jgi|Lacbi1|296983|eu2.Lbscf0011g01400_1313-1438_1IXL:A:	3	6	1	1	0	14	4	9	0	130
jgi|Lacbi1|296983|eu2.Lbscf0011g01400_580-791_1EEP:A:	4	15	2	11	0	38	24	16	0	388
jgi|Lacbi1|235071|e_gwh1.11.233.1_2-149_1D2E:A:55-250	1	8	1	7	0	19	13	10	0	196
jgi|Lacbi1|296988|eu2.Lbscf0011g01450_58-100_1PYI:A:30-71	0	2	0	2	0	6	1	3	0	42
jgi|Lacbi1|296989|eu2.Lbscf0011g01460_20-61_1PYI:A:30-71	0	2	0	2	0	6	1	3	0	42
jgi|Lacbi1|296990|eu2.Lbscf0011g01470_39-77,108-204_1EAZ:A:	0	7	1	2	0	13	8	5	0	104
jgi|Lacbi1|296990|eu2.Lbscf0011g01470_242-354,383-417_1EAZ:A:	0	7	1	2	0	13	8	5	0	104
jgi|Lacbi1|184710|estExt_GeneWisePlus_human.C_110050_3-90_1HB6:A:	0	0	1	4	0	9	3	3	0	86
jgi|Lacbi1|296993|eu2.Lbscf0011g01500_39-353_2FLU:X:325-609	14	28	0	0	0	37	15	14	0	285
jgi|Lacbi1|296994|eu2.Lbscf0011g01510_6-62_1HDJ:A:	0	0	1	4	0	9	2	7	0	76
jgi|Lacbi1|296994|eu2.Lbscf0011g01510_256-330_1C3G:A:180-259	2	5	0	1	0	11	4	4	0	80
jgi|Lacbi1|296997|eu2.Lbscf0011g01540_129-419_1AQ0:A:	6	12	5	10	0	34	21	16	0	306
jgi|Lacbi1|296999|eu2.Lbscf0011g01560_68-371,583-644_1CF3:A:3-324,A:521-583	17	12	7	11	0	49	28	29	1	385
jgi|Lacbi1|296999|eu2.Lbscf0011g01560_373-583_1JU2:A:294-463	3	9	1	2	0	26	19	6	0	170
jgi|Lacbi1|297001|eu2.Lbscf0011g01580_78-113,233-420,503-585_2BNX:A:133-475	0	0	1	17	0	20	13	25	0	343
jgi|Lacbi1|297002|eu2.Lbscf0011g01590_270-490_1HU3:A:	0	0	1	10	0	14	8	8	0	259
jgi|Lacbi1|249707|e_gww1.11.259.1_4-202_1VE3:A:2-227	0	10	2	7	0	20	9	11	0	226
jgi|Lacbi1|319893|fgenesh3_pm.C_scaffold_11000008_18-81_1HDJ:A:	0	0	1	4	0	9	2	7	0	76
jgi|Lacbi1|184843|estExt_GeneWisePlus_human.C_110281_9-439_1NM8:A:9-385	5	11	2	11	0	30	22	18	0	372
jgi|Lacbi1|184843|estExt_GeneWisePlus_human.C_110281_443-655_1Q6X:A:402-617	0	7	0	8	0	23	13	9	0	216
jgi|Lacbi1|297009|eu2.Lbscf0011g01660_80-205_1SO9:A:	3	9	1	0	0	26	14	6	0	131
jgi|Lacbi1|297010|eu2.Lbscf0011g01670_2-103,718-835_1RXW:A:3-219	4	7	3	8	0	21	9	11	0	217
jgi|Lacbi1|297010|eu2.Lbscf0011g01670_820-867,894-966_1UL1:X:218-357	1	1	1	7	0	13	9	4	0	140
jgi|Lacbi1|297012|eu2.Lbscf0011g01690_141-183_2D8Q:A:8-64	4	0	0	2	0	9	3	2	0	57
jgi|Lacbi1|297014|eu2.Lbscf0011g01710_55-166_1WZN:A:1-251	1	11	4	7	0	20	9	14	0	251
jgi|Lacbi1|190518|estExt_GeneWisePlus_worm.C_110312_22-251,323-350_1XGS:A:1-194,A:272-295	7	13	0	4	0	29	8	16	1	218
jgi|Lacbi1|190518|estExt_GeneWisePlus_worm.C_110312_253-322_1XGS:A:195-271	0	3	1	2	0	4	6	4	0	77
jgi|Lacbi1|297019|eu2.Lbscf0011g01760_56-458_1K3P:A:	4	9	3	16	0	40	25	29	0	426
jgi|Lacbi1|249535|e_gww1.11.118.1_33-228,262-480_1PV7:A:	0	0	2	22	0	18	12	14	0	417
jgi|Lacbi1|297021|eu2.Lbscf0011g01780_32-399_1HVX:A:1-393	6	17	5	10	0	41	24	22	0	393
jgi|Lacbi1|297021|eu2.Lbscf0011g01780_422-513_2D3N:A:399-485	0	8	1	0	0	11	7	6	0	87
jgi|Lacbi1|190413|estExt_GeneWisePlus_worm.C_110122_264-410_1QMG:A:308-595	2	0	1	17	0	17	9	19	0	288
jgi|Lacbi1|190413|estExt_GeneWisePlus_worm.C_110122_56-261_1NP3:A:1-182	0	9	2	9	0	24	9	11	0	182
jgi|Lacbi1|249619|e_gww1.11.151.1_61-368_1DS1:A:	5	16	8	7	0	38	23	18	0	323
jgi|Lacbi1|297027|eu2.Lbscf0011g01840_360-405_1PLS:A:	0	7	0	1	0	9	10	4	0	112
jgi|Lacbi1|297042|eu2.Lbscf0011g01990_6-326_1GOT:B:	1	28	0	2	0	36	22	23	0	339
jgi|Lacbi1|297043|eu2.Lbscf0011g02000_306-400_2BNH:A:	5	17	2	16	0	59	26	25	0	456
jgi|Lacbi1|249795|e_gww1.11.284.1_10-181_2ERY:A:10-180	2	6	0	6	0	16	9	11	0	169
jgi|Lacbi1|297047|eu2.Lbscf0011g02040_125-267_2ERY:A:10-180	2	6	0	6	0	16	9	11	0	169
jgi|Lacbi1|297051|eu2.Lbscf0011g02080_32-324_2H1I:A:1-202	0	11	0	5	0	23	15	13	0	202
jgi|Lacbi1|297053|eu2.Lbscf0011g02100_357-403,465-498,994-1036,1139-1191,1414-1493,1649-1722,1788-1953_1TE4:A:	0	0	3	6	0	11	9	5	0	111
jgi|Lacbi1|184939|estExt_GeneWisePlus_human.C_110480_28-486_1ACO:A:2-528	11	21	6	16	0	60	33	33	0	527
jgi|Lacbi1|184939|estExt_GeneWisePlus_human.C_110480_508-726_1V7L:A:	4	8	0	7	0	21	10	13	0	162
jgi|Lacbi1|249517|e_gww1.11.273.1_10-184_2ERY:A:10-180	2	6	0	6	0	16	9	11	0	169
jgi|Lacbi1|297059|eu2.Lbscf0011g02160_127-269_2ERY:A:10-180	2	6	0	6	0	16	9	11	0	169
jgi|Lacbi1|297073|eu2.Lbscf0011g02300_133-289,320-459_1D7Y:A:5-115,A:237-308	4	13	4	4	0	25	13	11	1	183
jgi|Lacbi1|297073|eu2.Lbscf0011g02300_6-106_1RFS:A:	8	9	1	1	0	24	9	10	0	127
jgi|Lacbi1|297073|eu2.Lbscf0011g02300_448-528_1Q1R:A:320-422	0	5	0	3	0	8	3	7	0	103
jgi|Lacbi1|249504|e_gww1.11.60.1_27-423_1JIH:A:1-389	4	12	6	15	0	45	27	25	0	389
jgi|Lacbi1|249504|e_gww1.11.60.1_391-501_1JIH:A:390-509	0	4	0	2	0	11	5	4	0	120
jgi|Lacbi1|297075|eu2.Lbscf0011g02320_28-291_1F88:A:	0	4	2	13	0	20	19	16	0	348
jgi|Lacbi1|190510|estExt_GeneWisePlus_worm.C_110299_12-209_1V0A:A:4-170	2	12	1	0	0	21	11	5	0	167
jgi|Lacbi1|190576|estExt_GeneWisePlus_worm.C_110429_9-182_2ERY:A:10-180	2	6	0	6	0	16	9	11	0	169
jgi|Lacbi1|184892|estExt_GeneWisePlus_human.C_110375_6-136_1DZF:A:5-143	4	6	1	7	0	17	6	8	0	139
jgi|Lacbi1|184892|estExt_GeneWisePlus_human.C_110375_133-207_1DZF:A:144-215	0	4	2	2	0	12	4	7	0	72
jgi|Lacbi1|326872|fgenesh3_pg.C_scaffold_11000174_31-245_1PS1:A:	0	0	2	17	0	17	10	19	0	311
jgi|Lacbi1|291144|estExt_fgenesh2_pm.C_110015_21-297_1NVM:A:2-290	10	8	3	11	0	35	15	21	0	289
jgi|Lacbi1|249888|e_gww1.11.420.1_65-289_3EUG:A:	1	6	4	8	0	19	17	15	0	225
jgi|Lacbi1|297089|eu2.Lbscf0011g02460_17-55_1GD2:G:	0	0	0	1	0	3	1	0	0	69
jgi|Lacbi1|184863|estExt_GeneWisePlus_human.C_110325_372-447,480-667_2FWR:A:257-456	7	4	0	8	0	27	20	8	0	200
jgi|Lacbi1|184863|estExt_GeneWisePlus_human.C_110325_215-439_2FWR:A:23-256	3	12	5	9	0	19	16	14	0	234
jgi|Lacbi1|144334|gww1.11.161.1_102-221_1K1G:A:	0	3	1	4	0	10	10	5	0	122
jgi|Lacbi1|144334|gww1.11.161.1_218-264_1ESK:A:	2	0	0	0	0	11	5	4	0	42
jgi|Lacbi1|184877|estExt_GeneWisePlus_human.C_110350_131-435_2B9E:A:133-425	1	13	5	9	0	30	15	22	0	293
jgi|Lacbi1|159402|gwh1.11.176.1_5-108_1HDJ:A:	0	0	1	4	0	9	2	7	0	76
jgi|Lacbi1|159402|gwh1.11.176.1_266-346_1C3G:A:260-349	4	6	0	2	0	16	7	6	0	90
jgi|Lacbi1|159402|gwh1.11.176.1_146-218_1NLT:A:139-212	2	4	0	0	0	10	9	6	0	74
jgi|Lacbi1|159402|gwh1.11.176.1_114-170,221-273_1NLT:A:110-138,A:213-257	2	5	0	1	0	12	2	5	1	74
jgi|Lacbi1|173797|estExt_Genewise1_human.C_110211_21-253_1T0B:A:	0	10	5	7	0	27	17	9	0	240
jgi|Lacbi1|297096|eu2.Lbscf0011g02530_21-239_1UIY:A:	1	9	3	12	0	25	13	10	0	253
jgi|Lacbi1|190404|estExt_GeneWisePlus_worm.C_110104_117-461_1PSO:E:	6	30	5	6	0	39	15	21	0	326
jgi|Lacbi1|297098|eu2.Lbscf0011g02550_904-1062_1COZ:A:	1	5	2	5	0	12	6	10	0	126
jgi|Lacbi1|294176|estExt_fgenesh2_pg.C_110180_172-422_1K8K:A:161-418	0	9	7	10	0	24	11	13	0	258
jgi|Lacbi1|294176|estExt_fgenesh2_pg.C_110180_6-161_1K8K:A:3-160	0	10	4	3	0	17	12	9	0	158
jgi|Lacbi1|297101|eu2.Lbscf0011g02580_145-181_1E0G:A:	0	2	1	2	0	8	1	3	0	48
jgi|Lacbi1|297102|eu2.Lbscf0011g02590_1128-1388_1PF4:A:321-564	3	9	2	6	0	30	21	8	0	243
jgi|Lacbi1|297102|eu2.Lbscf0011g02590_548-756_1R0W:A:	0	11	2	12	1	27	19	16	0	281
jgi|Lacbi1|297102|eu2.Lbscf0011g02590_822-1117_1PF4:A:10-320	0	0	9	16	0	12	11	14	0	310
jgi|Lacbi1|297102|eu2.Lbscf0011g02590_157-480_2HYD:A:1-323	0	0	1	15	1	9	5	12	0	323
jgi|Lacbi1|249927|e_gww1.11.243.1_31-231_2OZU:A:507-776	3	11	2	7	0	25	15	15	0	270
jgi|Lacbi1|143963|gww1.11.144.1_6-341_1HOW:A:	5	10	4	11	0	39	18	24	0	362
jgi|Lacbi1|190384|estExt_GeneWisePlus_worm.C_110062_7-248,290-414_2VAT:A:7-382	7	8	7	12	0	38	22	24	0	376
jgi|Lacbi1|297109|eu2.Lbscf0011g02660_12-92,240-351,379-403_1P22:A:253-545	0	28	0	1	0	35	23	13	0	293
jgi|Lacbi1|297111|eu2.Lbscf0011g02680_72-206_1WIN:A:	0	6	0	5	0	15	6	3	0	142
jgi|Lacbi1|297113|eu2.Lbscf0011g02700_9-240_1QYC:A:	1	13	4	12	0	30	15	23	0	307
jgi|Lacbi1|297118|eu2.Lbscf0011g02750_220-266_1PYI:A:30-71	0	2	0	2	0	6	1	3	0	42
jgi|Lacbi1|190411|estExt_GeneWisePlus_worm.C_110119_109-365_1UKW:A:32-258	3	8	6	6	0	18	8	13	0	227
jgi|Lacbi1|190411|estExt_GeneWisePlus_worm.C_110119_352-512_1UKW:A:259-410	2	0	3	5	0	5	5	4	0	152
jgi|Lacbi1|190411|estExt_GeneWisePlus_worm.C_110119_3-100_1KBI:A:1-97	4	4	3	4	0	14	7	8	0	97
jgi|Lacbi1|190400|estExt_GeneWisePlus_worm.C_110092_111-368_1UKW:A:32-258	3	8	6	6	0	18	8	13	0	227
jgi|Lacbi1|190400|estExt_GeneWisePlus_worm.C_110092_3-101_1KBI:A:1-97	4	4	3	4	0	14	7	8	0	97
jgi|Lacbi1|190400|estExt_GeneWisePlus_worm.C_110092_355-514_1EGD:A:242-396	2	2	3	5	0	4	4	8	0	155
jgi|Lacbi1|297126|eu2.Lbscf0011g02830_69-194_1MZK:A:	0	11	0	0	0	17	11	9	0	138
jgi|Lacbi1|190376|estExt_GeneWisePlus_worm.C_110053_86-222_2CCH:B:181-308	0	0	1	6	0	9	3	5	0	128
jgi|Lacbi1|190376|estExt_GeneWisePlus_worm.C_110053_226-335_1VIN:A:309-432	0	0	4	7	0	10	8	4	0	123
jgi|Lacbi1|234865|e_gwh1.11.21.1_1-239_1ZBQ:A:3-304	1	9	4	11	0	27	12	16	0	302
jgi|Lacbi1|234865|e_gwh1.11.21.1_272-531_1ZBQ:A:3-304	1	9	4	11	0	27	12	16	0	302
jgi|Lacbi1|234865|e_gwh1.11.21.1_588-730_1S9C:A:10-163	1	5	3	3	0	12	6	7	0	154
jgi|Lacbi1|234865|e_gwh1.11.21.1_739-850_1S9C:A:164-289	0	5	3	3	0	12	6	7	0	126
jgi|Lacbi1|297137|eu2.Lbscf0011g02940_379-549_1FQV:A:146-431	8	13	3	8	0	55	21	24	0	286
jgi|Lacbi1|297140|eu2.Lbscf0011g02970_3-76_1WFI:A:	5	6	0	0	0	17	17	5	0	130
jgi|Lacbi1|294193|estExt_fgenesh2_pg.C_110210_13-155_1IG3:A:10-178	4	8	0	0	0	11	8	2	0	85
jgi|Lacbi1|294193|estExt_fgenesh2_pg.C_110210_162-249_1IG3:A:179-263	4	8	0	0	0	11	8	2	0	85
jgi|Lacbi1|297142|eu2.Lbscf0011g02990_8-91_1VJK:A:	5	4	1	2	0	13	5	6	0	97
jgi|Lacbi1|297144|eu2.Lbscf0011g03010_49-335_1O6V:A:33-416	1	19	16	2	0	68	27	29	0	381
jgi|Lacbi1|297145|eu2.Lbscf0011g03020_504-539_1GNF:A:	2	0	0	1	0	9	4	3	0	45
jgi|Lacbi1|297146|eu2.Lbscf0011g03030_5-96_1YCS:B:327-456	0	0	0	8	0	14	5	13	0	130
jgi|Lacbi1|297150|eu2.Lbscf0011g03070_75-150,177-267_1KPI:A:	0	7	3	11	0	27	14	17	0	291
jgi|Lacbi1|319911|fgenesh3_pm.C_scaffold_11000026_1-278_1Z45:A:11-357	2	11	2	11	0	33	21	15	0	347
jgi|Lacbi1|297155|eu2.Lbscf0011g03120_11-432_1PW4:A:	2	0	1	18	0	21	18	22	0	450
jgi|Lacbi1|297156|eu2.Lbscf0011g03130_6-223_1FO5:A:	0	4	0	2	0	8	6	4	0	85
jgi|Lacbi1|297157|eu2.Lbscf0011g03140_220-369_1FQV:A:146-431	8	13	3	8	0	55	21	24	0	286
jgi|Lacbi1|297158|eu2.Lbscf0011g03150_6-130_1WFJ:A:	0	8	0	1	0	15	11	3	0	135
jgi|Lacbi1|249916|e_gww1.11.141.1_146-249,300-501_1HV8:A:211-365	1	6	1	6	0	17	12	7	0	155
jgi|Lacbi1|294204|estExt_fgenesh2_pg.C_110228_5-132_1ZAV:A:1-177	0	5	2	6	0	12	5	9	0	177
jgi|Lacbi1|234950|e_gwh1.11.143.1_2-129,162-468_1GZ5:A:	6	16	7	18	0	41	25	25	0	456
jgi|Lacbi1|179114|estExt_Genewise1_worm.C_110003_67-170,286-396,807-1021_1SU4:A:1-124,A:240-343,A:751-994	1	1	8	18	0	32	20	22	2	472
jgi|Lacbi1|179114|estExt_Genewise1_worm.C_110003_400-420,601-864_1SU4:A:344-360,A:600-750	3	8	1	8	0	16	12	11	1	168
jgi|Lacbi1|179114|estExt_Genewise1_worm.C_110003_409-421,461-659_1MO7:A:	2	9	0	5	0	32	19	9	0	213
jgi|Lacbi1|179114|estExt_Genewise1_worm.C_110003_173-283_1SU4:A:125-239	2	9	3	0	0	21	10	7	0	115
jgi|Lacbi1|184735|estExt_GeneWisePlus_human.C_110098_28-324_1U4C:A:	4	27	2	2	0	38	21	15	0	340
jgi|Lacbi1|249479|e_gww1.11.450.1_81-183_2CLY:A:79-183	0	0	1	2	0	2	0	2	0	105
jgi|Lacbi1|190457|estExt_GeneWisePlus_worm.C_110201_195-390_1FI4:A:191-393	1	5	2	7	0	16	13	9	0	203
jgi|Lacbi1|190457|estExt_GeneWisePlus_worm.C_110201_6-193_1FI4:A:3-190	3	9	3	3	0	23	11	11	0	188
jgi|Lacbi1|297177|eu2.Lbscf0011g03340_191-441_1E32:A:201-458	3	5	4	12	0	28	13	14	0	258
jgi|Lacbi1|249620|e_gww1.11.32.1_28-299_1WRB:A:164-401	2	8	2	8	0	26	18	9	0	238
jgi|Lacbi1|249620|e_gww1.11.32.1_83-146,420-527_2J0S:A:244-411	0	7	4	5	0	15	11	10	0	168
jgi|Lacbi1|297182|eu2.Lbscf0011g03390_156-264,321-446_1KLX:A:	0	0	0	8	0	11	4	8	0	133
jgi|Lacbi1|297182|eu2.Lbscf0011g03390_66-191_1OUV:A:	0	0	0	15	0	18	7	15	0	272
jgi|Lacbi1|294219|estExt_fgenesh2_pg.C_110244_852-1009,1044-1103_1SC3:A:,B:	4	11	2	6	0	32	19	15	1	261
jgi|Lacbi1|294219|estExt_fgenesh2_pg.C_110244_56-205,238-314_1SC3:A:,B:	4	11	2	6	0	32	19	15	1	261
jgi|Lacbi1|297188|eu2.Lbscf0011g03450_34-206_1US5:A:	3	10	2	12	0	29	18	20	0	298
jgi|Lacbi1|184771|estExt_GeneWisePlus_human.C_110166_6-161_1GP1:A:	4	7	5	4	0	26	16	13	0	185
jgi|Lacbi1|297192|eu2.Lbscf0011g03490_44-575_1GW5:B:	0	0	4	32	0	42	43	37	0	579
jgi|Lacbi1|184692|estExt_GeneWisePlus_human.C_110017_125-363_1UR4:A:	10	8	5	11	0	52	24	24	0	387
jgi|Lacbi1|235091|e_gwh1.11.212.1_1-277_1M65:A:	5	8	5	8	0	27	12	19	0	244
jgi|Lacbi1|297196|eu2.Lbscf0011g03530_73-240_1T4G:A:65-322	1	12	2	9	0	19	17	15	0	258
jgi|Lacbi1|297199|eu2.Lbscf0011g03560_43-315_1GY9:A:	6	15	2	7	0	34	19	14	0	279
jgi|Lacbi1|297200|eu2.Lbscf0011g03570_604-649_4GAT:A:	0	2	1	1	0	11	6	3	0	66
jgi|Lacbi1|297206|eu2.Lbscf0011g03630_171-290,374-447,509-539_1C0G:A:147-375	0	9	6	10	0	23	12	12	0	229
jgi|Lacbi1|297206|eu2.Lbscf0011g03630_50-177_1C0G:A:1-146	0	10	2	4	0	13	10	8	0	146
jgi|Lacbi1|190550|estExt_GeneWisePlus_worm.C_110381_11-323_1OKC:A:	0	0	6	11	0	19	10	9	0	292
jgi|Lacbi1|297214|eu2.Lbscf0011g03710_7-93,120-166_2F5K:A:6-88	0	5	2	1	0	7	5	3	0	83
jgi|Lacbi1|297216|eu2.Lbscf0011g03730_171-501,534-720_2JG0:A:37-547	13	16	6	19	0	52	31	30	0	511
jgi|Lacbi1|143750|gww1.11.134.1_9-263_1TIB:A:	7	10	6	6	0	30	21	17	0	269
jgi|Lacbi1|297223|eu2.Lbscf0011g03800_13-198,225-425_1ZKD:A:2-366	1	18	4	12	0	33	22	20	0	365
jgi|Lacbi1|297224|eu2.Lbscf0011g03810_1-224_1G62:A:	8	15	1	9	0	31	15	14	0	224
jgi|Lacbi1|297225|eu2.Lbscf0011g03820_61-111_2FV6:A:503-544	0	0	0	2	0	8	7	1	0	42
jgi|Lacbi1|297226|eu2.Lbscf0011g03830_308-414_1O73:A:	2	5	2	4	0	19	7	12	0	144
jgi|Lacbi1|235009|e_gwh1.11.305.1_29-168_1I12:A:	3	6	3	5	0	13	5	6	0	157
jgi|Lacbi1|297231|eu2.Lbscf0011g03880_68-147_1OOT:A:	3	5	1	0	0	9	4	4	0	58
jgi|Lacbi1|294237|estExt_fgenesh2_pg.C_110276_99-350_1XIP:A:	5	30	1	2	0	35	25	17	0	387
jgi|Lacbi1|326986|fgenesh3_pg.C_scaffold_11000288_48-153_1OEB:A:	3	5	1	0	0	10	4	3	0	59
jgi|Lacbi1|190389|estExt_GeneWisePlus_worm.C_110069_323-464,516-785_1QJ5:A:	8	17	6	12	0	38	21	28	0	429
jgi|Lacbi1|190389|estExt_GeneWisePlus_worm.C_110069_10-220_1BYI:A:	2	10	2	8	0	28	14	14	0	224
jgi|Lacbi1|249530|e_gww1.11.367.1_498-825_1E8Y:A:726-1092	0	10	2	12	0	26	15	16	0	367
jgi|Lacbi1|249530|e_gww1.11.367.1_285-472_1E8Y:A:525-725	0	0	2	12	0	15	8	11	0	201
jgi|Lacbi1|249530|e_gww1.11.367.1_40-165_1E8Y:A:357-522	2	10	2	0	0	19	9	2	0	166
jgi|Lacbi1|297239|eu2.Lbscf0011g03960_856-1132_1VZO:A:	2	11	7	9	0	31	20	19	0	322
jgi|Lacbi1|294240|estExt_fgenesh2_pg.C_110283_60-296_1A4Y:A:	2	17	3	16	0	56	24	32	0	460
jgi|Lacbi1|173809|estExt_Genewise1_human.C_110232_34-258_1UAX:A:	2	5	2	9	0	21	14	11	0	211
jgi|Lacbi1|145071|gww1.11.188.1_2-215_1FX8:A:	0	0	4	11	0	13	7	10	0	254
jgi|Lacbi1|294249|estExt_fgenesh2_pg.C_110297_15-409_2HYE:C:55-401	0	0	1	19	0	15	13	23	0	347
jgi|Lacbi1|294249|estExt_fgenesh2_pg.C_110297_402-677_2HYE:C:403-675	1	8	3	9	0	25	16	11	0	273
jgi|Lacbi1|294249|estExt_fgenesh2_pg.C_110297_681-768_1IUY:A:	0	3	0	3	0	9	6	3	0	92
jgi|Lacbi1|327010|fgenesh3_pg.C_scaffold_11000312_77-224,260-422_1V04:A:	1	25	2	3	0	40	22	18	0	340
jgi|Lacbi1|297262|eu2.Lbscf0011g04190_73-159_1L3G:A:	0	6	0	5	0	9	6	8	0	123
jgi|Lacbi1|190490|estExt_GeneWisePlus_worm.C_110262_18-257_1D7K:A:44-283	2	9	4	9	0	27	11	9	0	240
jgi|Lacbi1|190490|estExt_GeneWisePlus_worm.C_110262_225-392_7ODC:A:2-43,A:284-418	0	10	2	3	0	19	7	5	1	177
jgi|Lacbi1|297268|eu2.Lbscf0011g04250_433-459_2GQE:A:3-31	2	2	0	0	0	8	3	1	0	29
jgi|Lacbi1|327015|fgenesh3_pg.C_scaffold_11000317_42-179_2D0T:A:12-403	6	4	5	19	0	33	22	25	0	392
jgi|Lacbi1|190537|estExt_GeneWisePlus_worm.C_110353_43-463_2CSG:A:3-419	10	12	6	15	0	56	28	26	0	417
jgi|Lacbi1|297272|eu2.Lbscf0011g04290_225-304_1HJZ:A:	0	7	2	5	0	18	9	8	0	192
jgi|Lacbi1|235125|e_gwh1.11.45.1_116-244,277-485_1WER:A:	0	0	6	15	0	23	13	16	0	324
jgi|Lacbi1|235125|e_gwh1.11.45.1_673-769_1X0H:A:8-107	0	7	1	3	0	10	5	5	0	99
jgi|Lacbi1|297279|eu2.Lbscf0011g04360_71-397_3PSG:A:	4	27	9	6	0	45	17	22	0	370
jgi|Lacbi1|179223|estExt_Genewise1_worm.C_110190_19-114_1HDJ:A:	0	0	1	4	0	9	2	7	0	76
jgi|Lacbi1|179223|estExt_Genewise1_worm.C_110190_138-218_1NLT:A:139-212	2	4	0	0	0	10	9	6	0	74
jgi|Lacbi1|179223|estExt_Genewise1_worm.C_110190_268-349_1C3G:A:260-349	4	6	0	2	0	16	7	6	0	90
jgi|Lacbi1|179223|estExt_Genewise1_worm.C_110190_126-156,222-262_1NLT:A:110-138,A:213-257	2	5	0	1	0	12	2	5	1	74
jgi|Lacbi1|297282|eu2.Lbscf0011g04390_339-440_1MUO:A:	6	6	4	9	0	28	17	16	0	261
jgi|Lacbi1|235046|e_gwh1.11.136.1_12-317_1O6L:A:	6	9	5	10	0	39	20	21	0	337
jgi|Lacbi1|190479|estExt_GeneWisePlus_worm.C_110242_50-229_1SPV:A:	0	6	1	5	0	17	11	6	0	172
jgi|Lacbi1|249631|e_gww1.11.245.1_121-202_1WDY:A:	2	0	0	17	0	35	10	27	0	285
jgi|Lacbi1|297287|eu2.Lbscf0011g04440_1-138_1D7Q:A:	0	5	1	1	0	17	12	6	0	143
jgi|Lacbi1|297290|eu2.Lbscf0011g04470_150-232_1P1T:A:	2	4	0	4	0	11	10	6	0	104
jgi|Lacbi1|297291|eu2.Lbscf0011g04480_35-259,290-524_1PW4:A:	2	0	1	18	0	21	18	22	0	450
jgi|Lacbi1|234758|e_gwh1.11.17.1_25-589_1UAA:A:2-307	4	8	4	13	0	27	16	15	0	306
jgi|Lacbi1|294263|estExt_fgenesh2_pg.C_110326_8-123_1IKT:A:	0	5	0	4	0	7	8	5	0	115
jgi|Lacbi1|249762|e_gww1.11.204.1_3-191_1NIJ:A:2-223	0	9	2	7	0	28	21	11	0	222
jgi|Lacbi1|297306|eu2.Lbscf0011g04630_87-186_1HDJ:A:	0	0	1	4	0	9	2	7	0	76
jgi|Lacbi1|297307|eu2.Lbscf0011g04640_71-158_1SC3:A:,B:	4	11	2	6	0	32	19	15	1	261
jgi|Lacbi1|297310|eu2.Lbscf0011g04670_446-563_1KKX:A:	0	0	0	5	0	11	7	7	0	102
jgi|Lacbi1|297312|eu2.Lbscf0011g04690_67-133,222-433_1I9Z:A:	8	11	3	8	0	32	15	14	0	345
jgi|Lacbi1|297314|eu2.Lbscf0011g04710_7-236_1SOX:A:94-343	1	13	5	6	0	31	18	16	0	250
jgi|Lacbi1|297314|eu2.Lbscf0011g04710_252-353_1OGP:A:263-389	1	9	0	1	0	18	13	6	0	127
jgi|Lacbi1|190553|estExt_GeneWisePlus_worm.C_110385_7-79_2OCC:H:	1	0	1	3	0	9	6	3	0	79
jgi|Lacbi1|294271|estExt_fgenesh2_pg.C_110335_176-330_1DVK:A:	2	0	3	6	0	12	6	9	0	169
jgi|Lacbi1|294271|estExt_fgenesh2_pg.C_110335_75-121_2DK4:A:8-70	0	0	0	2	0	11	7	2	0	63
jgi|Lacbi1|297317|eu2.Lbscf0011g04740_12-83_1XBL:A:	0	0	0	3	0	7	3	6	0	75
jgi|Lacbi1|297317|eu2.Lbscf0011g04740_308-354_1ZR9:A:28-94	0	2	1	2	0	10	9	4	0	67
jgi|Lacbi1|327047|fgenesh3_pg.C_scaffold_11000349_18-76_2BSK:B:13-77	0	0	0	2	0	5	1	3	0	65
jgi|Lacbi1|297319|eu2.Lbscf0011g04760_83-150_1ZTR:A:0-59	0	0	0	4	0	5	5	4	0	60
jgi|Lacbi1|319933|fgenesh3_pm.C_scaffold_11000048_97-205_2CQC:A:109-191	0	5	1	2	0	7	6	3	0	82
jgi|Lacbi1|297331|eu2.Lbscf0011g04880_38-150_1WI8:A:	2	6	1	2	0	13	8	4	0	103
jgi|Lacbi1|190473|estExt_GeneWisePlus_worm.C_110225_3-174_1KAO:A:	0	6	1	5	0	17	7	8	0	167
jgi|Lacbi1|184803|estExt_GeneWisePlus_human.C_110214_133-416_1WRB:A:164-401	2	8	2	8	0	26	18	9	0	238
jgi|Lacbi1|294280|estExt_fgenesh2_pg.C_110349_33-224_1B7T:A:5-28,A:77-835	5	15	8	27	0	58	41	42	1	783
jgi|Lacbi1|294281|estExt_fgenesh2_pg.C_110350_275-379_1L8Q:A:77-289	0	5	2	9	0	17	9	11	0	213
jgi|Lacbi1|294282|estExt_fgenesh2_pg.C_110352_555-622_1F62:A:	0	2	0	1	0	13	6	4	0	51
jgi|Lacbi1|297341|eu2.Lbscf0011g04980_15-161_1JHJ:A:	4	11	3	3	0	17	12	7	0	161
jgi|Lacbi1|297342|eu2.Lbscf0011g04990_4-359_1JW9:B:	5	8	2	9	0	22	10	18	0	247
jgi|Lacbi1|297343|eu2.Lbscf0011g05000_72-167_1H8C:A:	2	5	0	2	0	8	5	6	0	82
jgi|Lacbi1|234830|e_gwh1.11.278.1_18-170_1XOY:A:	1	11	1	2	0	25	20	10	0	160
jgi|Lacbi1|179196|estExt_Genewise1_worm.C_110147_22-331_1NI3:A:11-306	0	7	3	11	0	29	19	15	0	296
jgi|Lacbi1|179196|estExt_Genewise1_worm.C_110147_309-390_1NI3:A:307-388	2	5	0	4	0	11	4	6	0	82
jgi|Lacbi1|249790|e_gww1.11.47.1_48-186,221-438_1RQG:A:1-138,A:174-396	15	13	4	15	0	37	14	21	1	361
jgi|Lacbi1|249790|e_gww1.11.47.1_447-616_1RQG:A:397-606	2	0	1	10	0	14	6	10	0	210
jgi|Lacbi1|249790|e_gww1.11.47.1_187-221_1RQG:A:139-173	3	0	0	0	0	8	6	2	0	35
jgi|Lacbi1|297355|eu2.Lbscf0011g05120_149-238_1GME:A:	1	8	5	2	0	17	6	7	0	150
jgi|Lacbi1|297356|eu2.Lbscf0011g05130_35-579,607-697_1QHH:A:,B:,C:,D:	6	16	12	26	0	53	23	34	3	623
jgi|Lacbi1|327081|fgenesh3_pg.C_scaffold_11000383_75-104,143-191,225-367_1NI5:A:0-226	2	6	3	9	0	16	9	14	0	226
jgi|Lacbi1|297359|eu2.Lbscf0011g05160_6-94_1XHS:A:	0	6	0	2	0	14	7	7	0	113
jgi|Lacbi1|297360|eu2.Lbscf0011g05170_102-203_1XHS:A:	0	6	0	2	0	14	7	7	0	113
jgi|Lacbi1|297361|eu2.Lbscf0011g05180_60-153,228-281,379-415_1G5B:A:	2	10	3	8	0	26	14	12	0	219
jgi|Lacbi1|297362|eu2.Lbscf0011g05190_299-528_1BD3:A:	2	12	3	7	0	27	10	12	0	224
jgi|Lacbi1|297362|eu2.Lbscf0011g05190_57-244_1UJ2:A:	2	7	6	8	0	17	11	10	0	213
jgi|Lacbi1|173909|estExt_Genewise1_human.C_110459_52-148_2OCC:F:	2	5	0	2	0	16	7	4	0	98
jgi|Lacbi1|297372|eu2.Lbscf0011g05290_22-127_1XNF:A:	0	0	1	14	0	19	6	12	0	259
jgi|Lacbi1|297372|eu2.Lbscf0011g05290_185-290_1KT1:A:254-421	0	0	1	7	0	12	3	7	0	168
jgi|Lacbi1|297373|eu2.Lbscf0011g05300_24-148_2AFB:A:2-330	3	14	4	10	0	33	15	17	0	331
jgi|Lacbi1|297375|eu2.Lbscf0011g05320_76-202_1KKX:A:	0	0	0	5	0	11	7	7	0	102
jgi|Lacbi1|297378|eu2.Lbscf0011g05350_149-199_2CSH:A:8-60	0	4	0	2	0	6	6	3	0	53
jgi|Lacbi1|297379|eu2.Lbscf0011g05360_77-200_1MP8:A:	2	8	5	8	0	23	10	12	0	273
jgi|Lacbi1|297384|eu2.Lbscf0011g05410_76-283_1SU4:A:1-124,A:240-343,A:751-994	1	1	8	18	0	32	20	22	2	472
jgi|Lacbi1|297384|eu2.Lbscf0011g05410_3-77_2B8E:A:416-434,A:548-663	2	6	0	6	1	16	9	5	1	135
jgi|Lacbi1|294379|estExt_fgenesh2_pg.C_120192_122-391_1M2O:A:120-390	3	8	1	8	0	25	21	13	0	271
jgi|Lacbi1|294379|estExt_fgenesh2_pg.C_120192_3-62,408-514_1M2O:A:2-44,A:391-523	5	10	0	3	0	21	15	9	1	176
jgi|Lacbi1|294379|estExt_fgenesh2_pg.C_120192_618-762_1M2O:A:627-765	2	5	3	4	0	15	7	6	0	139
jgi|Lacbi1|294379|estExt_fgenesh2_pg.C_120192_515-617_1M2O:A:524-626	2	0	1	5	0	9	6	6	0	103
jgi|Lacbi1|294379|estExt_fgenesh2_pg.C_120192_44-124_1M2O:A:45-119	3	4	2	0	0	14	5	6	0	75
jgi|Lacbi1|297714|eu2.Lbscf0012g02690_266-403_1XTE:A:	0	3	2	4	0	9	3	6	0	116
jgi|Lacbi1|297714|eu2.Lbscf0012g02690_77-152_1ZUU:A:2-57	3	5	1	0	0	9	3	3	0	55
jgi|Lacbi1|297715|eu2.Lbscf0012g02700_12-105_1QUQ:B:	0	6	2	1	0	15	11	5	0	114
jgi|Lacbi1|294382|estExt_fgenesh2_pg.C_120196_419-468_2DI0:A:8-70	0	0	0	3	0	8	4	4	0	63
jgi|Lacbi1|297717|eu2.Lbscf0012g02720_164-326_1G12:A:	2	4	3	7	0	20	11	6	0	167
jgi|Lacbi1|327316|fgenesh3_pg.C_scaffold_12000206_141-368_2BNH:A:	5	17	2	16	0	59	26	25	0	456
jgi|Lacbi1|297719|eu2.Lbscf0012g02740_80-196,338-376,403-420_1W3B:A:	0	0	0	23	0	35	6	26	0	388
jgi|Lacbi1|297719|eu2.Lbscf0012g02740_196-415_1QGR:A:	0	0	13	43	0	50	36	39	0	876
jgi|Lacbi1|294384|estExt_fgenesh2_pg.C_120202_1446-1571_1FGY:A:	0	9	0	1	0	18	12	6	0	127
jgi|Lacbi1|297725|eu2.Lbscf0012g02800_70-412_2HD1:A:181-506	0	0	5	17	0	22	12	21	0	326
jgi|Lacbi1|297730|eu2.Lbscf0012g02850_684-986_1E3M:A:270-566	3	4	1	15	0	23	13	17	0	297
jgi|Lacbi1|297730|eu2.Lbscf0012g02850_992-1227_1EWQ:A:542-765	2	10	1	6	0	20	13	10	0	224
jgi|Lacbi1|297730|eu2.Lbscf0012g02850_364-495_1E3M:A:2-116	0	6	3	3	0	11	6	7	0	115
jgi|Lacbi1|297730|eu2.Lbscf0012g02850_494-656_1E3M:A:117-269	1	7	4	3	0	23	9	11	0	153
jgi|Lacbi1|291192|estExt_fgenesh2_pm.C_120027_337-703_1MOQ:A:	1	12	7	13	0	28	17	19	0	366
jgi|Lacbi1|291192|estExt_fgenesh2_pm.C_120027_2-204,261-305_1XFF:A:	1	15	3	5	0	29	16	11	0	238
jgi|Lacbi1|235461|e_gwh1.12.74.1_2-235_1UL1:X:2-217	0	7	1	7	0	19	10	10	0	216
jgi|Lacbi1|235461|e_gwh1.12.74.1_221-313_1UL1:X:218-357	1	1	1	7	0	13	9	4	0	140
jgi|Lacbi1|235424|e_gwh1.12.23.1_245-630_1GC0:A:	3	12	5	14	0	37	15	23	0	392
jgi|Lacbi1|327329|fgenesh3_pg.C_scaffold_12000219_244-360_2NYC:A:181-320	8	5	2	5	0	14	9	7	0	140
jgi|Lacbi1|327329|fgenesh3_pg.C_scaffold_12000219_35-216_1PVM:A:1-142	6	6	4	5	0	14	7	11	0	142
jgi|Lacbi1|297736|eu2.Lbscf0012g02910_59-284_3TGL:A:	6	13	5	5	0	24	18	15	0	265
jgi|Lacbi1|297738|eu2.Lbscf0012g02930_513-613,848-929,1094-1195,1345-1459,1584-1604,1684-1749_2NPP:B:28-415	0	0	6	18	0	30	22	21	0	388
jgi|Lacbi1|294393|estExt_fgenesh2_pg.C_120215_62-299_1GBG:A:	7	16	2	1	0	25	12	12	0	214
jgi|Lacbi1|179365|estExt_Genewise1_worm.C_120017_34-107_1GUU:A:	0	0	0	3	0	5	3	2	0	50
jgi|Lacbi1|179365|estExt_Genewise1_worm.C_120017_719-830_1C1G:C:	0	0	0	3	0	2	1	2	0	283
jgi|Lacbi1|250233|e_gww1.12.144.1_10-206_1SOU:A:	3	10	3	5	0	28	20	1	0	193
jgi|Lacbi1|294395|estExt_fgenesh2_pg.C_120218_3-67_1G19:A:1-269	0	11	2	8	0	22	17	13	0	269
jgi|Lacbi1|297745|eu2.Lbscf0012g03000_80-170,220-300_1FXL:A:119-203	0	4	2	2	0	11	4	5	0	85
jgi|Lacbi1|297745|eu2.Lbscf0012g03000_12-68_2CPX:A:291-392	2	4	0	3	0	15	11	3	0	102
jgi|Lacbi1|235554|e_gwh1.12.246.1_231-428_1TIP:A:	2	6	3	7	0	22	8	11	0	191
jgi|Lacbi1|235554|e_gwh1.12.246.1_18-227_1BIF:A:37-249	0	6	1	7	0	16	9	11	0	213
jgi|Lacbi1|291195|estExt_fgenesh2_pm.C_120031_1-350_1DOS:A:	0	11	3	12	0	36	18	17	0	358
jgi|Lacbi1|297749|eu2.Lbscf0012g03040_44-143_1NO8:A:	0	6	0	2	0	11	6	3	0	78
jgi|Lacbi1|294399|estExt_fgenesh2_pg.C_120224_577-606,644-689_1R05:A:	0	0	1	2	0	5	6	2	0	86
jgi|Lacbi1|327347|fgenesh3_pg.C_scaffold_12000237_105-167,202-230_1TS9:A:	0	6	2	2	0	11	5	6	0	98
jgi|Lacbi1|327350|fgenesh3_pg.C_scaffold_12000240_26-193,243-339_1HOW:A:	5	10	4	11	0	39	18	24	0	362
jgi|Lacbi1|294404|estExt_fgenesh2_pg.C_120233_24-174,222-396_1HOW:A:	5	10	4	11	0	39	18	24	0	362
jgi|Lacbi1|168158|gwh1.12.305.1_64-136_1FJG:E:74-154	1	4	0	3	0	9	4	4	0	81
jgi|Lacbi1|168158|gwh1.12.305.1_3-61_2QAL:E:9-77	5	3	0	1	0	8	3	2	0	69
jgi|Lacbi1|250246|e_gww1.12.131.1_1-122_1XOY:A:	1	11	1	2	0	25	20	10	0	160
jgi|Lacbi1|297765|eu2.Lbscf0012g03200_242-506_1PW4:A:	2	0	1	18	0	21	18	22	0	450
jgi|Lacbi1|184986|estExt_GeneWisePlus_human.C_120082_32-144_1ID3:D:	0	2	0	4	0	8	4	1	0	93
jgi|Lacbi1|190640|estExt_GeneWisePlus_worm.C_120079_7-107_1EQZ:A:	0	3	1	5	0	14	10	7	0	125
jgi|Lacbi1|327363|fgenesh3_pg.C_scaffold_12000253_795-963_1H8F:A:	1	11	7	11	0	40	25	18	0	352
jgi|Lacbi1|297771|eu2.Lbscf0012g03260_2-140_1VHR:A:	2	5	1	8	0	14	9	10	0	178
jgi|Lacbi1|297773|eu2.Lbscf0012g03280_73-547_1TQN:A:	5	9	7	18	0	43	20	30	0	472
jgi|Lacbi1|297775|eu2.Lbscf0012g03300_17-49_1I50:K:	0	4	1	2	0	12	7	9	0	114
jgi|Lacbi1|297780|eu2.Lbscf0012g03350_5-350_1GOJ:A:	6	14	5	9	0	36	20	25	0	354
jgi|Lacbi1|297786|eu2.Lbscf0012g03410_27-308_1UAS:A:1-273	6	8	3	10	0	34	17	23	0	273
jgi|Lacbi1|297786|eu2.Lbscf0012g03410_309-408_1SZN:A:315-417	0	8	1	0	0	15	8	5	0	103
jgi|Lacbi1|297788|eu2.Lbscf0012g03430_98-254_1TE4:A:	0	0	3	6	0	11	9	5	0	111
jgi|Lacbi1|235498|e_gwh1.12.106.1_177-293_1Q8K:A:186-302	2	6	1	3	0	11	7	4	0	117
jgi|Lacbi1|235498|e_gwh1.12.106.1_85-173_1Q46:A:89-175	0	0	1	5	0	6	2	3	0	87
jgi|Lacbi1|235498|e_gwh1.12.106.1_6-88_1Q46:A:2-88	0	5	2	0	0	8	6	7	0	87
jgi|Lacbi1|190672|estExt_GeneWisePlus_worm.C_120129_7-322_1VM7:A:	1	14	5	9	0	34	15	11	0	299
jgi|Lacbi1|250005|e_gww1.12.82.1_8-314_1PME:A:	3	10	7	11	0	38	19	18	0	345
jgi|Lacbi1|184967|estExt_GeneWisePlus_human.C_120043_656-1130_1O7D:C:488-585,D:603-875,E:885-1007	8	35	4	2	0	60	35	19	2	490
jgi|Lacbi1|184967|estExt_GeneWisePlus_human.C_120043_272-546_1O7D:A:51-342,B:347-384	6	10	1	10	0	37	20	19	1	330
jgi|Lacbi1|184967|estExt_GeneWisePlus_human.C_120043_547-650_1O7D:B:385-422,C:431-487	2	0	1	3	0	8	5	4	1	95
jgi|Lacbi1|297797|eu2.Lbscf0012g03520_14-110,150-270,297-380,428-440_1KV9:A:1-560	8	39	7	5	0	72	35	35	0	560
jgi|Lacbi1|294417|estExt_fgenesh2_pg.C_120270_23-219_1DWU:A:	0	10	3	8	0	22	10	12	0	213
jgi|Lacbi1|167022|gwh1.12.263.1_6-392_1PW4:A:	2	0	1	18	0	21	18	22	0	450
jgi|Lacbi1|184960|estExt_GeneWisePlus_human.C_120031_2-279_1OKC:A:	0	0	6	11	0	19	10	9	0	292
jgi|Lacbi1|294420|estExt_fgenesh2_pg.C_120274_57-223,375-516_1WP9:A:1-200	2	7	4	8	0	27	18	8	0	200
jgi|Lacbi1|294420|estExt_fgenesh2_pg.C_120274_1153-1250,1311-1363_1JFZ:A:	2	0	1	7	0	12	8	9	0	148
jgi|Lacbi1|294420|estExt_fgenesh2_pg.C_120274_966-1044,1085-1122_1JFZ:A:	2	0	1	7	0	12	8	9	0	148
jgi|Lacbi1|294420|estExt_fgenesh2_pg.C_120274_1329-1449_2B7T:A:1-73	0	3	0	2	0	6	5	1	0	73
jgi|Lacbi1|291201|estExt_fgenesh2_pm.C_120038_82-309_1EQJ:A:77-310	2	8	2	8	0	31	15	12	0	234
jgi|Lacbi1|291201|estExt_fgenesh2_pm.C_120038_6-82,310-525_1EQJ:A:3-76,A:311-510	6	8	4	9	0	34	20	17	1	274
jgi|Lacbi1|297810|eu2.Lbscf0012g03650_15-174_1N08:A:	0	6	4	2	0	19	9	8	0	154
jgi|Lacbi1|168843|gwh1.12.322.1_39-130_1N9L:A:	0	5	1	3	0	14	5	7	0	109
jgi|Lacbi1|297819|eu2.Lbscf0012g03740_15-70_1J3D:A:	0	0	0	3	0	5	3	5	0	78
jgi|Lacbi1|327406|fgenesh3_pg.C_scaffold_12000296_51-115_1WEN:A:	0	2	0	0	0	14	12	4	0	70
jgi|Lacbi1|327406|fgenesh3_pg.C_scaffold_12000296_246-358_1MVH:A:	5	15	3	2	0	50	27	17	0	269
jgi|Lacbi1|250172|e_gww1.12.119.1_1-126_1AXC:A:1-126	0	10	1	2	0	11	7	6	0	126
jgi|Lacbi1|250172|e_gww1.12.119.1_127-256_1AXC:A:127-255	1	10	1	2	0	12	6	5	0	129
jgi|Lacbi1|297827|eu2.Lbscf0012g03820_449-587_1OUV:A:	0	0	0	15	0	18	7	15	0	272
jgi|Lacbi1|297827|eu2.Lbscf0012g03820_300-405_1KLX:A:	0	0	0	8	0	11	4	8	0	133
jgi|Lacbi1|297828|eu2.Lbscf0012g03830_164-286_1R29:A:	0	3	0	6	0	11	5	9	0	122
jgi|Lacbi1|297828|eu2.Lbscf0012g03830_1212-1312_2CP2:A:8-89	2	6	2	0	0	13	10	3	0	82
jgi|Lacbi1|297829|eu2.Lbscf0012g03840_4-139_1JWH:A:	6	8	8	12	0	37	16	22	0	336
jgi|Lacbi1|297858|eu2.Lbscf0012g04130_9-81_1D3B:L:	0	5	1	1	0	9	3	5	0	90
jgi|Lacbi1|294430|estExt_fgenesh2_pg.C_120309_83-149_1NEX:B:270-369	0	0	0	7	0	9	5	6	0	100
jgi|Lacbi1|297861|eu2.Lbscf0012g04160_20-250_1XHB:A:95-422	1	12	5	11	0	35	18	17	0	328
jgi|Lacbi1|250235|e_gww1.12.136.1_5-178_2FU5:C:3-175	0	6	0	4	0	13	5	5	0	173
jgi|Lacbi1|327435|fgenesh3_pg.C_scaffold_12000325_460-508,557-585,651-956_1QHH:A:,B:,C:,D:	6	16	12	26	0	53	23	34	3	623
jgi|Lacbi1|297866|eu2.Lbscf0012g04210_39-184_1F21:A:	3	5	0	5	0	13	6	10	0	152
jgi|Lacbi1|294434|estExt_fgenesh2_pg.C_120316_452-518,568-816_1UAA:A:308-640	4	6	3	15	0	25	16	17	0	333
jgi|Lacbi1|327438|fgenesh3_pg.C_scaffold_12000328_37-185_1F21:A:	3	5	0	5	0	13	6	10	0	152
jgi|Lacbi1|291204|estExt_fgenesh2_pm.C_120043_51-149,179-450_2CE7:A:150-402	2	5	6	9	0	24	12	16	0	253
jgi|Lacbi1|250266|e_gww1.12.220.1_218-528_1EWQ:A:267-541	2	4	1	10	0	20	10	10	0	275
jgi|Lacbi1|250266|e_gww1.12.220.1_541-766_1EWQ:A:542-765	2	10	1	6	0	20	13	10	0	224
jgi|Lacbi1|250266|e_gww1.12.220.1_44-106,148-230_1E3M:A:117-269	1	7	4	3	0	23	9	11	0	153
jgi|Lacbi1|297872|eu2.Lbscf0012g04270_14-154_1ELK:A:	0	0	1	9	0	11	7	9	0	153
jgi|Lacbi1|297872|eu2.Lbscf0012g04270_172-233_1DVP:A:149-220	2	4	1	1	0	12	5	4	0	72
jgi|Lacbi1|250154|e_gww1.12.63.1_90-479_1PV7:A:	0	0	2	22	0	18	12	14	0	417
jgi|Lacbi1|327445|fgenesh3_pg.C_scaffold_12000335_32-117_1S3A:A:15-99	0	4	0	3	0	10	4	4	0	85
jgi|Lacbi1|327451|fgenesh3_pg.C_scaffold_12000341_701-838_1CSN:A:	3	10	2	9	0	31	12	17	0	293
jgi|Lacbi1|327451|fgenesh3_pg.C_scaffold_12000341_83-232_1CSN:A:	3	10	2	9	0	31	12	17	0	293
jgi|Lacbi1|327452|fgenesh3_pg.C_scaffold_12000342_7-1460_1I50:A:	24	46	14	45	0	162	93	81	0	1449
jgi|Lacbi1|327453|fgenesh3_pg.C_scaffold_12000343_1464-1619_1CSN:A:	3	10	2	9	0	31	12	17	0	293
jgi|Lacbi1|327453|fgenesh3_pg.C_scaffold_12000343_781-919_1APM:E:	5	9	4	11	0	36	21	20	0	341
jgi|Lacbi1|294441|estExt_fgenesh2_pg.C_120332_569-732_1CSN:A:	3	10	2	9	0	31	12	17	0	293
jgi|Lacbi1|327455|fgenesh3_pg.C_scaffold_12000345_90-182,231-392,428-504_1K87:A:262-612	3	8	7	14	0	31	17	23	0	351
jgi|Lacbi1|250259|e_gww1.12.110.1_18-223_1FY7:A:	3	14	3	7	0	28	15	13	0	273
jgi|Lacbi1|235377|e_gwh1.12.308.1_1-191_1MEO:A:	0	9	1	6	0	19	15	11	0	208
jgi|Lacbi1|294445|estExt_fgenesh2_pg.C_120345_179-519_1VZO:A:	2	11	7	9	0	31	20	19	0	322
jgi|Lacbi1|297910|eu2.Lbscf0012g04650_35-74_1A06:A:	4	8	4	10	0	29	20	14	0	307
jgi|Lacbi1|297457|eu2.Lbscf0012g00120_1310-1555_1PF4:A:321-564	3	9	2	6	0	30	21	8	0	243
jgi|Lacbi1|297457|eu2.Lbscf0012g00120_683-910_1R0W:A:	0	11	2	12	1	27	19	16	0	281
jgi|Lacbi1|297457|eu2.Lbscf0012g00120_999-1304_1PF4:A:10-320	0	0	9	16	0	12	11	14	0	310
jgi|Lacbi1|297457|eu2.Lbscf0012g00120_305-401,430-643_2HYD:A:1-323	0	0	1	15	1	9	5	12	0	323
jgi|Lacbi1|297458|eu2.Lbscf0012g00130_274-579_1DO8:A:280-573	2	9	5	11	0	33	16	13	0	294
jgi|Lacbi1|297458|eu2.Lbscf0012g00130_35-273_1DO8:A:21-279	2	5	4	13	0	28	17	14	0	259
jgi|Lacbi1|235362|e_gwh1.12.112.1_16-264_1EDO:A:	2	7	2	10	0	24	12	13	0	244
jgi|Lacbi1|174052|estExt_Genewise1_human.C_120265_10-185_1E3J:A:4-142,A:313-351	5	12	4	3	0	23	8	10	1	178
jgi|Lacbi1|174052|estExt_Genewise1_human.C_120265_152-334_1PL7:A:146-316	0	6	0	7	0	22	14	8	0	171
jgi|Lacbi1|160437|gwh1.12.92.1_7-234_1VHN:A:	0	9	3	14	0	31	18	15	0	317
jgi|Lacbi1|297468|eu2.Lbscf0012g00230_55-129_1NO8:A:	0	6	0	2	0	11	6	3	0	78
jgi|Lacbi1|235422|e_gwh1.12.31.1_135-171,200-456_3C9F:A:16-337	3	14	3	10	0	34	23	18	0	322
jgi|Lacbi1|179500|estExt_Genewise1_worm.C_120279_5-196_1LLU:A:2-143,A:310-342	5	11	2	3	0	26	13	11	1	175
jgi|Lacbi1|179500|estExt_Genewise1_worm.C_120279_155-326_1RJW:A:138-305	0	7	1	8	0	16	10	9	0	168
jgi|Lacbi1|190760|estExt_GeneWisePlus_worm.C_120306_104-207_2FQ3:A:311-395	0	0	1	4	0	12	6	5	0	85
jgi|Lacbi1|190760|estExt_GeneWisePlus_worm.C_120306_357-408_1H8A:C:87-143	0	0	0	3	0	8	4	3	0	57
jgi|Lacbi1|294302|estExt_fgenesh2_pg.C_120023_3-61_2OVR:B:2263-2364	0	0	0	6	0	9	7	5	0	102
jgi|Lacbi1|250157|e_gww1.12.148.1_20-230_1A06:A:	4	8	4	10	0	29	20	14	0	307
jgi|Lacbi1|297490|eu2.Lbscf0012g00450_30-393_1HOW:A:	5	10	4	11	0	39	18	24	0	362
jgi|Lacbi1|235343|e_gwh1.12.43.1_38-232,263-480_1PV7:A:	0	0	2	22	0	18	12	14	0	417
jgi|Lacbi1|294311|estExt_fgenesh2_pg.C_120038_23-307_1FJM:A:	2	14	0	10	0	35	21	16	0	294
jgi|Lacbi1|297493|eu2.Lbscf0012g00480_753-786,1009-1069_1DRO:A:	2	6	0	2	0	16	10	4	0	122
jgi|Lacbi1|149540|gww1.12.180.1_3-100_1JFI:A:	2	0	0	3	0	6	1	5	0	66
jgi|Lacbi1|297503|eu2.Lbscf0012g00580_221-334_2VK9:A:2-541	9	6	8	20	0	52	25	29	0	540
jgi|Lacbi1|294317|estExt_fgenesh2_pg.C_120052_1-140_1X6M:A:	1	11	5	3	0	24	13	10	0	195
jgi|Lacbi1|294317|estExt_fgenesh2_pg.C_120052_167-313_1FWQ:A:	7	10	1	0	0	17	12	7	0	115
jgi|Lacbi1|235491|e_gwh1.12.24.1_61-125,166-280,331-468_1WRB:A:164-401	2	8	2	8	0	26	18	9	0	238
jgi|Lacbi1|297517|eu2.Lbscf0012g00720_87-285_1PW4:A:	2	0	1	18	0	21	18	22	0	450
jgi|Lacbi1|297517|eu2.Lbscf0012g00720_604-819_1PW4:A:	2	0	1	18	0	21	18	22	0	450
jgi|Lacbi1|297518|eu2.Lbscf0012g00730_28-327_1PS1:A:	0	0	2	17	0	17	10	19	0	311
jgi|Lacbi1|297524|eu2.Lbscf0012g00790_151-164,255-286,355-390_1KLX:A:	0	0	0	8	0	11	4	8	0	133
jgi|Lacbi1|184962|estExt_GeneWisePlus_human.C_120035_26-336_1PME:A:	3	10	7	11	0	38	19	18	0	345
jgi|Lacbi1|297528|eu2.Lbscf0012g00830_22-140_1ZO2:A:10-126	1	6	1	2	0	8	4	3	0	117
jgi|Lacbi1|297528|eu2.Lbscf0012g00830_348-440_2BZ2:A:35-113	2	4	0	2	0	12	6	3	0	79
jgi|Lacbi1|190666|estExt_GeneWisePlus_worm.C_120118_1-63_1I50:J:	3	0	0	4	0	8	4	6	0	65
jgi|Lacbi1|327188|fgenesh3_pg.C_scaffold_12000078_11-129,160-242_1X42:A:1-230	7	6	3	10	0	19	10	14	0	230
jgi|Lacbi1|190662|estExt_GeneWisePlus_worm.C_120114_66-172,219-283_1K32:A:320-679	4	31	5	1	0	46	27	17	0	360
jgi|Lacbi1|297546|eu2.Lbscf0012g01010_1-274_1VL0:A:	5	12	1	11	0	29	19	11	0	291
jgi|Lacbi1|297547|eu2.Lbscf0012g01020_2-78_1D3B:L:	0	5	1	1	0	9	3	5	0	90
jgi|Lacbi1|185029|estExt_GeneWisePlus_human.C_120166_29-287_1P9O:A:	3	15	4	8	0	25	12	11	0	290
jgi|Lacbi1|297551|eu2.Lbscf0012g01060_67-211_2OCY:A:16-162	0	0	0	4	0	2	1	5	0	153
jgi|Lacbi1|297552|eu2.Lbscf0012g01070_11-92_1ZIV:A:28-337	7	10	6	9	0	38	25	18	0	310
jgi|Lacbi1|297556|eu2.Lbscf0012g01110_60-182_2OCY:A:16-162	0	0	0	4	0	2	1	5	0	153
jgi|Lacbi1|294333|estExt_fgenesh2_pg.C_120087_121-195_1J46:A:	0	0	0	3	0	5	3	3	0	84
jgi|Lacbi1|297559|eu2.Lbscf0012g01140_263-364_1C07:A:	0	2	0	4	0	11	7	6	0	95
jgi|Lacbi1|297559|eu2.Lbscf0012g01140_114-213_1F8H:A:	2	0	1	4	0	12	7	5	0	95
jgi|Lacbi1|297559|eu2.Lbscf0012g01140_5-95_1QJT:A:	0	0	1	5	0	11	8	5	0	99
jgi|Lacbi1|297561|eu2.Lbscf0012g01160_41-276_1UFK:A:	0	14	4	9	0	22	7	12	0	254
jgi|Lacbi1|250117|e_gww1.12.105.1_58-142_1S7B:A:	0	0	0	4	0	10	7	3	0	109
jgi|Lacbi1|297563|eu2.Lbscf0012g01180_52-166_1QUQ:A:	0	9	0	2	0	13	5	5	0	127
jgi|Lacbi1|297564|eu2.Lbscf0012g01190_48-249,309-527_1PW4:A:	2	0	1	18	0	21	18	22	0	450
jgi|Lacbi1|168781|gwh1.12.320.1_1-139_1KN0:A:	2	5	2	5	0	19	7	11	0	184
jgi|Lacbi1|297566|eu2.Lbscf0012g01210_426-679_2HU7:A:322-581	1	8	2	10	0	27	14	15	0	260
jgi|Lacbi1|297566|eu2.Lbscf0012g01210_21-146,173-264_1N1M:A:39-508	9	38	3	4	0	58	37	26	0	470
jgi|Lacbi1|179379|estExt_Genewise1_worm.C_120047_15-403_1PW4:A:	2	0	1	18	0	21	18	22	0	450
jgi|Lacbi1|184995|estExt_GeneWisePlus_human.C_120096_47-275,306-345_2O57:A:16-297	0	7	3	11	0	24	14	16	0	282
jgi|Lacbi1|297571|eu2.Lbscf0012g01260_30-456_1PW4:A:	2	0	1	18	0	21	18	22	0	450
jgi|Lacbi1|167144|gwh1.12.267.1_2-216_1FMT:A:1-206	5	7	1	6	0	25	13	8	0	206
jgi|Lacbi1|319952|fgenesh3_pm.C_scaffold_12000012_95-382_1S2M:A:252-422	2	7	3	5	0	19	12	8	0	171
jgi|Lacbi1|235328|e_gwh1.12.64.1_64-498_1PV7:A:	0	0	2	22	0	18	12	14	0	417
jgi|Lacbi1|185105|estExt_GeneWisePlus_human.C_120316_7-104_1EQZ:A:	0	3	1	5	0	14	10	7	0	125
jgi|Lacbi1|327221|fgenesh3_pg.C_scaffold_12000111_344-438_1X5T:A:8-90	2	6	0	2	0	10	6	5	0	83
jgi|Lacbi1|327221|fgenesh3_pg.C_scaffold_12000111_148-315_2CPZ:A:383-484	1	6	1	2	0	13	10	3	0	102
jgi|Lacbi1|327221|fgenesh3_pg.C_scaffold_12000111_798-860_1JGN:A:	0	0	2	6	0	8	4	5	0	97
jgi|Lacbi1|297588|eu2.Lbscf0012g01430_47-141_1NO8:A:	0	6	0	2	0	11	6	3	0	78
jgi|Lacbi1|291181|estExt_fgenesh2_pm.C_120013_37-403_1Z41:A:2-338	1	12	4	10	0	34	24	18	0	337
jgi|Lacbi1|185040|estExt_GeneWisePlus_human.C_120185_30-142_1ID3:D:	0	2	0	4	0	8	4	1	0	93
jgi|Lacbi1|192658|estExt_fgenesh1_kg.C_120008_8-107_1EQZ:A:	0	3	1	5	0	14	10	7	0	125
jgi|Lacbi1|294351|estExt_fgenesh2_pg.C_120119_49-140_1XD3:B:	3	5	1	1	0	10	1	6	0	75
jgi|Lacbi1|179508|estExt_Genewise1_worm.C_120290_151-285_1JLV:A:85-207	0	0	1	6	0	6	6	7	0	123
jgi|Lacbi1|179508|estExt_Genewise1_worm.C_120290_20-77,106-141_1EEM:A:5-102	2	4	1	2	0	15	6	8	0	98
jgi|Lacbi1|297602|eu2.Lbscf0012g01570_159-232_1TON:A:	4	14	5	1	0	34	18	14	0	235
jgi|Lacbi1|291185|estExt_fgenesh2_pm.C_120018_41-537_1BU7:A:	0	12	10	16	0	39	22	21	0	455
jgi|Lacbi1|297605|eu2.Lbscf0012g01600_101-169_1YTB:A:61-155	0	6	0	2	0	7	5	4	0	95
jgi|Lacbi1|297620|eu2.Lbscf0012g01750_77-294_1Q74:A:	8	10	5	6	0	34	18	16	0	297
jgi|Lacbi1|297620|eu2.Lbscf0012g01750_35-61_1Q74:A:	8	10	5	6	0	34	18	16	0	297
jgi|Lacbi1|294356|estExt_fgenesh2_pg.C_120134_1-147_1QCQ:A:	5	4	1	4	0	17	8	11	0	148
jgi|Lacbi1|297626|eu2.Lbscf0012g01810_18-241_2BNH:A:	5	17	2	16	0	59	26	25	0	456
jgi|Lacbi1|297628|eu2.Lbscf0012g01830_628-822_1MQB:A:	4	8	3	8	0	26	11	14	0	283
jgi|Lacbi1|297628|eu2.Lbscf0012g01830_235-305_1FJL:A:	0	0	0	3	0	5	1	1	0	65
jgi|Lacbi1|327254|fgenesh3_pg.C_scaffold_12000144_4-71_1XBL:A:	0	0	0	3	0	7	3	6	0	75
jgi|Lacbi1|294359|estExt_fgenesh2_pg.C_120141_942-1003_1XC5:A:413-480	0	0	0	3	0	6	6	6	0	68
jgi|Lacbi1|235517|e_gwh1.12.178.1_5-98_1EQ3:A:	1	4	0	3	0	10	8	5	0	96
jgi|Lacbi1|297638|eu2.Lbscf0012g01930_360-420_1T1H:A:	2	3	0	2	0	10	5	5	0	77
jgi|Lacbi1|297641|eu2.Lbscf0012g01960_50-476_1E9X:A:	5	12	6	18	0	48	21	22	0	449
jgi|Lacbi1|297643|eu2.Lbscf0012g01980_6-142_1WNJ:A:	0	6	0	5	0	17	10	5	0	144
jgi|Lacbi1|297644|eu2.Lbscf0012g01990_5-147_2FE7:A:3-158	0	7	3	5	0	12	3	9	0	156
jgi|Lacbi1|327265|fgenesh3_pg.C_scaffold_12000155_1274-1327_1X63:A:8-44	2	2	0	0	0	10	5	1	0	37
jgi|Lacbi1|327265|fgenesh3_pg.C_scaffold_12000155_1183-1247_2CU8:A:38-70	2	2	0	1	0	6	3	3	0	33
jgi|Lacbi1|327265|fgenesh3_pg.C_scaffold_12000155_1152-1182_2D8X:A:8-32	1	2	0	0	0	5	3	2	0	25
jgi|Lacbi1|297648|eu2.Lbscf0012g02030_280-421_1ZTP:A:17-250	2	9	2	7	0	29	19	12	0	234
jgi|Lacbi1|297651|eu2.Lbscf0012g02060_2-105,325-443_1A77:A:2-208	4	7	3	6	0	25	18	11	0	207
jgi|Lacbi1|297651|eu2.Lbscf0012g02060_428-519_1RXW:A:220-324	2	0	1	6	0	8	2	4	0	105
jgi|Lacbi1|291188|estExt_fgenesh2_pm.C_120023_360-424_1UFM:A:	0	3	0	3	0	8	7	3	0	83
jgi|Lacbi1|190685|estExt_GeneWisePlus_worm.C_120155_38-518_1KRE:A:	9	16	6	17	0	42	30	26	0	475
jgi|Lacbi1|327283|fgenesh3_pg.C_scaffold_12000173_283-403_1YE8:A:1-178	0	9	2	5	0	17	7	11	0	178
jgi|Lacbi1|297675|eu2.Lbscf0012g02300_35-98_2OVR:B:2263-2364	0	0	0	6	0	9	7	5	0	102
jgi|Lacbi1|327287|fgenesh3_pg.C_scaffold_12000177_47-108_1M2V:B:61-215,B:553-646	5	10	2	3	0	17	17	8	1	249
jgi|Lacbi1|327292|fgenesh3_pg.C_scaffold_12000182_20-243_2GVC:A:3-180,A:288-444	5	14	3	8	0	38	25	20	1	335
jgi|Lacbi1|297690|eu2.Lbscf0012g02450_1172-1236_1KNA:A:	0	4	2	1	0	5	1	2	0	52
jgi|Lacbi1|297690|eu2.Lbscf0012g02450_1110-1152_1WEM:A:	0	2	0	3	0	11	7	3	0	75
jgi|Lacbi1|297690|eu2.Lbscf0012g02450_46-107_1M2V:B:61-215,B:553-646	5	10	2	3	0	17	17	8	1	249
jgi|Lacbi1|297691|eu2.Lbscf0012g02460_4-105_1LVF:A:	0	0	1	3	0	5	2	3	0	106
jgi|Lacbi1|297691|eu2.Lbscf0012g02460_144-212_1SFC:H:	0	0	0	1	0	3	2	0	0	86
jgi|Lacbi1|327295|fgenesh3_pg.C_scaffold_12000185_418-543_1O6L:A:	6	9	5	10	0	39	20	21	0	337
jgi|Lacbi1|294369|estExt_fgenesh2_pg.C_120180_1-205_1FZT:A:	9	5	1	7	0	22	14	12	0	211
jgi|Lacbi1|235479|e_gwh1.12.151.1_2-131_1V6W:A:304-436	5	12	5	0	0	24	7	8	0	133
jgi|Lacbi1|297696|eu2.Lbscf0012g02510_19-92_1WFK:A:	2	4	0	1	0	13	8	3	0	87
jgi|Lacbi1|297696|eu2.Lbscf0012g02510_505-556_1FBV:A:356-434	2	2	0	2	0	11	6	5	0	79
jgi|Lacbi1|297698|eu2.Lbscf0012g02530_405-441,486-497_1JM7:A:	2	0	1	3	0	11	9	5	0	103
jgi|Lacbi1|190677|estExt_GeneWisePlus_worm.C_120137_1-109_1I50:K:	0	4	1	2	0	12	7	9	0	114
jgi|Lacbi1|327303|fgenesh3_pg.C_scaffold_12000193_21-182_1PUJ:A:	2	6	3	10	0	26	16	16	0	273
jgi|Lacbi1|297707|eu2.Lbscf0012g02620_110-164_1VD4:A:	2	5	0	1	0	10	5	2	0	62
jgi|Lacbi1|297708|eu2.Lbscf0012g02630_149-192,239-364_1X6M:A:	1	11	5	3	0	24	13	10	0	195
jgi|Lacbi1|297708|eu2.Lbscf0012g02630_8-149_1X6M:A:	1	11	5	3	0	24	13	10	0	195
jgi|Lacbi1|235360|e_gwh1.12.219.1_118-308,423-521,565-771_1GW5:B:	0	0	4	32	0	42	43	37	0	579
jgi|Lacbi1|297930|eu2.Lbscf0013g00040_10-120_1SQJ:A:4-430	5	31	4	2	0	58	43	30	0	427
jgi|Lacbi1|297936|eu2.Lbscf0013g00100_131-334_1W3B:A:	0	0	0	23	0	35	6	26	0	388
jgi|Lacbi1|297936|eu2.Lbscf0013g00100_382-514_1A17:A:	0	0	0	7	0	11	3	7	0	159
jgi|Lacbi1|297936|eu2.Lbscf0013g00100_887-922,969-1037_2FBN:A:22-174	0	0	1	7	0	10	3	7	0	153
jgi|Lacbi1|327486|fgenesh3_pg.C_scaffold_13000009_45-355_1PSO:E:	6	30	5	6	0	39	15	21	0	326
jgi|Lacbi1|327488|fgenesh3_pg.C_scaffold_13000011_287-583_1A9N:A:	0	10	3	4	0	27	13	10	0	162
jgi|Lacbi1|297944|eu2.Lbscf0013g00180_40-88_1XMA:A:	0	3	1	4	0	6	3	4	0	103
jgi|Lacbi1|327503|fgenesh3_pg.C_scaffold_13000026_436-628_1F7C:A:	0	0	1	10	0	13	9	9	0	191
jgi|Lacbi1|297963|eu2.Lbscf0013g00370_2-104_2B0C:A:8-204	1	7	2	11	0	21	5	12	0	197
jgi|Lacbi1|297965|eu2.Lbscf0013g00390_78-163_1F7C:A:	0	0	1	10	0	13	9	9	0	191
jgi|Lacbi1|294455|estExt_fgenesh2_pg.C_130034_380-532_1DKG:D:3-185	4	12	2	5	0	21	12	11	0	183
jgi|Lacbi1|297982|eu2.Lbscf0013g00560_297-474_1DKG:D:186-383	1	6	1	6	0	13	10	7	0	198
jgi|Lacbi1|297982|eu2.Lbscf0013g00560_92-279_1DKG:D:3-185	4	12	2	5	0	21	12	11	0	183
jgi|Lacbi1|297983|eu2.Lbscf0013g00570_20-143_2NYR:A:36-302	3	11	4	10	0	27	13	16	0	267
jgi|Lacbi1|250402|e_gww1.13.25.1_52-402_1KPG:A:	0	7	2	12	0	28	16	18	0	285
jgi|Lacbi1|294459|estExt_fgenesh2_pg.C_130049_274-363_1WZ0:A:8-100	1	4	0	1	0	14	8	6	0	91
jgi|Lacbi1|250411|e_gww1.13.12.1_154-338_1A65:A:132-303	5	11	5	0	0	23	13	9	0	172
jgi|Lacbi1|250411|e_gww1.13.12.1_323-492_1V10:A:305-494	3	12	3	5	0	28	18	8	0	190
jgi|Lacbi1|250411|e_gww1.13.12.1_24-179_1GYC:A:1-130	6	8	3	0	0	20	7	10	0	130
jgi|Lacbi1|327532|fgenesh3_pg.C_scaffold_13000055_732-851,879-968_2BNH:A:	5	17	2	16	0	59	26	25	0	456
jgi|Lacbi1|327532|fgenesh3_pg.C_scaffold_13000055_74-118_1FS1:A:109-149	0	0	2	3	0	6	2	3	0	41
jgi|Lacbi1|298006|eu2.Lbscf0013g00800_77-123,180-324_1HOW:A:	5	10	4	11	0	39	18	24	0	362
jgi|Lacbi1|327547|fgenesh3_pg.C_scaffold_13000070_321-525_1IA9:A:	5	14	4	6	0	31	17	13	0	278
jgi|Lacbi1|250310|e_gww1.13.50.1_1-166_1HQV:A:	6	0	0	8	0	23	10	4	0	181
jgi|Lacbi1|327564|fgenesh3_pg.C_scaffold_13000087_16-209_1DKG:D:3-185	4	12	2	5	0	21	12	11	0	183
jgi|Lacbi1|327564|fgenesh3_pg.C_scaffold_13000087_223-278,313-412_1DKG:D:186-383	1	6	1	6	0	13	10	7	0	198
jgi|Lacbi1|298050|eu2.Lbscf0013g01240_225-409_1MWM:A:158-320	0	5	4	6	0	16	7	9	0	163
jgi|Lacbi1|298050|eu2.Lbscf0013g01240_15-207_1DKG:D:3-185	4	12	2	5	0	21	12	11	0	183
jgi|Lacbi1|294465|estExt_fgenesh2_pg.C_130086_91-366_1CG2:A:26-213,A:327-414	3	15	3	8	0	27	16	13	1	276
jgi|Lacbi1|298053|eu2.Lbscf0013g01270_2-71_2HP8:A:	0	0	1	3	0	6	3	5	0	68
jgi|Lacbi1|294466|estExt_fgenesh2_pg.C_130089_1-162_1VR3:A:1-179	3	10	1	4	0	24	13	11	0	179
jgi|Lacbi1|294468|estExt_fgenesh2_pg.C_130091_22-200_1DKG:D:3-185	4	12	2	5	0	21	12	11	0	183
jgi|Lacbi1|294468|estExt_fgenesh2_pg.C_130091_217-376_1BUP:A:189-381	1	6	3	7	0	14	7	9	0	193
jgi|Lacbi1|327574|fgenesh3_pg.C_scaffold_13000097_15-42,72-226_1HJO:A:3-188	0	12	2	6	0	18	6	12	0	186
jgi|Lacbi1|327574|fgenesh3_pg.C_scaffold_13000097_243-429_1DKG:D:186-383	1	6	1	6	0	13	10	7	0	198
jgi|Lacbi1|298062|eu2.Lbscf0013g01360_225-413_1JCF:A:141-336	2	9	2	9	0	18	11	7	0	196
jgi|Lacbi1|298062|eu2.Lbscf0013g01360_16-208_1HJO:A:3-188	0	12	2	6	0	18	6	12	0	186
jgi|Lacbi1|250303|e_gww1.13.10.1_43-380_1AUI:A:	6	14	3	13	0	41	29	19	0	473
jgi|Lacbi1|298087|eu2.Lbscf0013g01610_48-116,151-261_3D31:A:1-229	0	10	1	9	0	26	15	14	0	229
jgi|Lacbi1|298087|eu2.Lbscf0013g01610_441-653_1F3O:A:	0	10	2	7	0	22	15	14	0	232
jgi|Lacbi1|327593|fgenesh3_pg.C_scaffold_13000116_203-317_1C1D:A:149-349	2	6	1	10	0	24	9	11	0	201
jgi|Lacbi1|327594|fgenesh3_pg.C_scaffold_13000117_21-141_2EW8:A:3-249	0	7	4	7	0	20	10	12	0	247
jgi|Lacbi1|327598|fgenesh3_pg.C_scaffold_13000121_386-601_1SC3:A:,B:	4	11	2	6	0	32	19	15	1	261
jgi|Lacbi1|327599|fgenesh3_pg.C_scaffold_13000122_19-256_1B0U:A:	0	12	1	10	0	24	16	14	0	261
jgi|Lacbi1|327608|fgenesh3_pg.C_scaffold_13000131_414-629_1SC3:A:,B:	4	11	2	6	0	32	19	15	1	261
jgi|Lacbi1|327612|fgenesh3_pg.C_scaffold_13000135_95-187,276-371_1F3O:A:	0	10	2	7	0	22	15	14	0	232
jgi|Lacbi1|327612|fgenesh3_pg.C_scaffold_13000135_2-65_3D31:A:1-229	0	10	1	9	0	26	15	14	0	229
jgi|Lacbi1|294471|estExt_fgenesh2_pg.C_130127_905-1170_1OUV:A:	0	0	0	15	0	18	7	15	0	272
jgi|Lacbi1|294471|estExt_fgenesh2_pg.C_130127_364-608_1D6J:A:	0	5	1	6	0	19	12	6	0	203
jgi|Lacbi1|298107|eu2.Lbscf0013g01810_9-40_1OXS:C:1-242	0	11	6	8	0	23	18	13	0	242
jgi|Lacbi1|250343|e_gww1.13.115.1_4-324_1DPJ:A:	4	26	6	5	0	36	14	22	0	329
jgi|Lacbi1|327616|fgenesh3_pg.C_scaffold_13000139_16-121_1BUO:A:	0	3	1	6	0	11	5	4	0	121
jgi|Lacbi1|298113|eu2.Lbscf0013g01870_198-393_1HJO:A:189-382	1	6	2	6	0	13	8	10	0	194
jgi|Lacbi1|298113|eu2.Lbscf0013g01870_15-42,72-185_1HJO:A:3-188	0	12	2	6	0	18	6	12	0	186
jgi|Lacbi1|298114|eu2.Lbscf0013g01880_241-429_1DKG:D:186-383	1	6	1	6	0	13	10	7	0	198
jgi|Lacbi1|298114|eu2.Lbscf0013g01880_31-224_1DKG:D:3-185	4	12	2	5	0	21	12	11	0	183
jgi|Lacbi1|298117|eu2.Lbscf0013g01910_45-190_2FR1:A:1657-1915	2	9	2	10	0	25	12	17	0	259
jgi|Lacbi1|298120|eu2.Lbscf0013g01940_225-411_1DKG:D:186-383	1	6	1	6	0	13	10	7	0	198
jgi|Lacbi1|298120|eu2.Lbscf0013g01940_15-209_1DKG:D:3-185	4	12	2	5	0	21	12	11	0	183
jgi|Lacbi1|298123|eu2.Lbscf0013g01970_244-430_1JCF:A:141-336	2	9	2	9	0	18	11	7	0	196
jgi|Lacbi1|298123|eu2.Lbscf0013g01970_15-44,72-227_1DKG:D:3-185	4	12	2	5	0	21	12	11	0	183
jgi|Lacbi1|298124|eu2.Lbscf0013g01980_14-207_1DKG:D:3-185	4	12	2	5	0	21	12	11	0	183
jgi|Lacbi1|298124|eu2.Lbscf0013g01980_240-417_1BUP:A:189-381	1	6	3	7	0	14	7	9	0	193
jgi|Lacbi1|294476|estExt_fgenesh2_pg.C_130139_56-223_1H65:A:	3	11	4	7	0	28	14	12	0	269
jgi|Lacbi1|294476|estExt_fgenesh2_pg.C_130139_272-386_2NRJ:A:2-341	0	3	6	8	0	16	7	12	0	339
jgi|Lacbi1|166150|gwh1.13.102.1_12-485_1F8N:A:150-839	10	12	17	27	1	74	51	41	0	690
jgi|Lacbi1|327628|fgenesh3_pg.C_scaffold_13000151_87-192_1LOX:A:113-663	2	9	9	22	1	50	36	36	0	551
jgi|Lacbi1|327630|fgenesh3_pg.C_scaffold_13000153_87-192_1LOX:A:113-663	2	9	9	22	1	50	36	36	0	551
jgi|Lacbi1|294478|estExt_fgenesh2_pg.C_130142_105-296_1DKG:D:186-383	1	6	1	6	0	13	10	7	0	198
jgi|Lacbi1|294479|estExt_fgenesh2_pg.C_130143_436-488,542-790_1N1M:A:39-508	9	38	3	4	0	58	37	26	0	470
jgi|Lacbi1|298146|eu2.Lbscf0013g02200_9-265_2GFO:A:762-1109	3	20	3	10	0	40	19	15	0	348
jgi|Lacbi1|298147|eu2.Lbscf0013g02210_308-337_2HD5:A:211-521	4	18	4	9	0	37	12	12	0	336
jgi|Lacbi1|327634|fgenesh3_pg.C_scaffold_13000157_159-213_1F8N:A:150-839	10	12	17	27	1	74	51	41	0	690
jgi|Lacbi1|298151|eu2.Lbscf0013g02250_108-152,235-474_1OT8:A:	2	0	0	13	0	26	3	23	0	209
jgi|Lacbi1|250338|e_gww1.13.29.1_1-153_1OT8:A:	2	0	0	13	0	26	3	23	0	209
jgi|Lacbi1|294480|estExt_fgenesh2_pg.C_130150_139-299,371-486_1YRG:A:	3	14	2	12	0	46	15	21	0	343
jgi|Lacbi1|149380|gww1.13.84.1_1-94_1XA6:A:271-466	0	0	1	11	0	17	14	15	0	196
jgi|Lacbi1|294483|estExt_fgenesh2_pg.C_130153_226-413_1DKG:D:186-383	1	6	1	6	0	13	10	7	0	198
jgi|Lacbi1|294483|estExt_fgenesh2_pg.C_130153_16-208_1DKG:D:3-185	4	12	2	5	0	21	12	11	0	183
jgi|Lacbi1|298169|eu2.Lbscf0013g02430_20-186,290-396_3C96:A:4-182,A:294-402	1	13	1	8	0	26	14	13	1	288
jgi|Lacbi1|298169|eu2.Lbscf0013g02430_192-295_3C96:A:183-293	3	5	0	4	0	12	4	7	0	111
jgi|Lacbi1|298171|eu2.Lbscf0013g02450_108-426_1OYW:A:1-206	0	7	2	10	0	22	14	12	0	206
jgi|Lacbi1|298182|eu2.Lbscf0013g02560_69-218_1ZCB:A:47-75,A:202-372	0	8	2	5	0	21	8	15	1	200
jgi|Lacbi1|298188|eu2.Lbscf0013g02620_69-218_1ZCB:A:47-75,A:202-372	0	8	2	5	0	21	8	15	1	200
jgi|Lacbi1|327650|fgenesh3_pg.C_scaffold_13000173_22-174_2CXX:A:2-185	2	6	3	7	0	17	7	11	0	184
jgi|Lacbi1|298184|eu2.Lbscf0013g02580_1-146_2CXX:A:2-185	2	6	3	7	0	17	7	11	0	184
jgi|Lacbi1|298185|eu2.Lbscf0013g02590_1-138_1PUI:A:	2	7	3	5	0	15	9	7	0	188
jgi|Lacbi1|298189|eu2.Lbscf0013g02630_1-146_2CXX:A:2-185	2	6	3	7	0	17	7	11	0	184
jgi|Lacbi1|190813|estExt_GeneWisePlus_worm.C_130088_35-338,463-558_1JKI:A:9-322,A:438-533	9	15	4	11	0	44	20	20	1	410
jgi|Lacbi1|190813|estExt_GeneWisePlus_worm.C_130088_339-463_1JKI:A:323-437	2	4	2	4	0	8	4	7	0	115
jgi|Lacbi1|298197|eu2.Lbscf0013g02710_34-104_1E91:A:	0	0	0	4	0	8	6	3	0	85
jgi|Lacbi1|298207|eu2.Lbscf0013g02810_63-254_1EBB:A:	4	6	4	7	0	26	7	13	0	202
jgi|Lacbi1|294488|estExt_fgenesh2_pg.C_130180_19-68_2CSH:A:8-60	0	4	0	2	0	6	6	3	0	53
jgi|Lacbi1|298211|eu2.Lbscf0013g02850_3-187,252-463_1PW4:A:	2	0	1	18	0	21	18	22	0	450
jgi|Lacbi1|298212|eu2.Lbscf0013g02860_1-171,236-446_1PV7:A:	0	0	2	22	0	18	12	14	0	417
jgi|Lacbi1|190820|estExt_GeneWisePlus_worm.C_130116_10-150_1Q5H:C:	3	12	0	1	0	23	8	7	0	146
jgi|Lacbi1|298216|eu2.Lbscf0013g02900_124-312,399-425_1A4Y:A:	2	17	3	16	0	56	24	32	0	460
jgi|Lacbi1|298217|eu2.Lbscf0013g02910_2-410_1Q7E:A:	0	11	5	17	0	41	21	30	0	427
jgi|Lacbi1|298218|eu2.Lbscf0013g02920_4-329_1JOF:A:	3	28	1	0	0	39	21	26	0	365
jgi|Lacbi1|155511|gwh1.13.1.1_1316-1839,1867-2047_1B3U:A:	0	0	8	44	0	40	26	36	0	588
jgi|Lacbi1|155511|gwh1.13.1.1_1883-2374_1B3U:A:	0	0	8	44	0	40	26	36	0	588
jgi|Lacbi1|155511|gwh1.13.1.1_1058-1366_1TE4:A:	0	0	3	6	0	11	9	5	0	111
jgi|Lacbi1|155511|gwh1.13.1.1_259-374,444-477,568-784,891-1078_1Z3X:A:1-87	0	0	0	5	0	7	4	5	0	87
jgi|Lacbi1|294493|estExt_fgenesh2_pg.C_130189_213-437_1FQV:A:146-431	8	13	3	8	0	55	21	24	0	286
jgi|Lacbi1|235655|e_gwh1.13.30.1_82-264_1VNS:A:	18	8	7	16	0	68	39	32	0	574
jgi|Lacbi1|327684|fgenesh3_pg.C_scaffold_13000207_12-160_2BW3:A:163-609	0	5	7	21	0	33	14	25	0	447
jgi|Lacbi1|250381|e_gww1.13.14.1_2-275,400-495_1JKI:A:9-322,A:438-533	9	15	4	11	0	44	20	20	1	410
jgi|Lacbi1|250381|e_gww1.13.14.1_276-400_1JKI:A:323-437	2	4	2	4	0	8	4	7	0	115
jgi|Lacbi1|298240|eu2.Lbscf0013g03140_9-104_1NR0:A:2-312	4	27	1	0	0	38	22	20	0	311
jgi|Lacbi1|298241|eu2.Lbscf0013g03150_23-132_2OVR:B:2365-2706	0	32	2	1	0	36	24	21	0	342
jgi|Lacbi1|298242|eu2.Lbscf0013g03160_50-101_2DO3:A:462-523	0	5	0	0	0	9	7	3	0	62
jgi|Lacbi1|298246|eu2.Lbscf0013g03200_4-129_1D2T:A:	0	0	2	13	0	18	11	13	0	224
jgi|Lacbi1|298254|eu2.Lbscf0013g03280_75-113,216-354_1VNS:A:	18	8	7	16	0	68	39	32	0	574
jgi|Lacbi1|298254|eu2.Lbscf0013g03280_9-128_1D2T:A:	0	0	2	13	0	18	11	13	0	224
jgi|Lacbi1|298257|eu2.Lbscf0013g03310_35-338,463-558_1JKI:A:9-322,A:438-533	9	15	4	11	0	44	20	20	1	410
jgi|Lacbi1|298257|eu2.Lbscf0013g03310_339-463_1JKI:A:323-437	2	4	2	4	0	8	4	7	0	115
jgi|Lacbi1|327706|fgenesh3_pg.C_scaffold_13000229_2-57_2OVR:B:2263-2364	0	0	0	6	0	9	7	5	0	102
jgi|Lacbi1|298268|eu2.Lbscf0013g03420_20-344_1LDJ:A:17-410	0	0	1	19	0	17	14	19	0	394
jgi|Lacbi1|298278|eu2.Lbscf0013g03520_49-165_1A17:A:	0	0	0	7	0	11	3	7	0	159
jgi|Lacbi1|298279|eu2.Lbscf0013g03530_5-366_1RPA:A:	3	6	4	14	0	35	19	18	0	342
jgi|Lacbi1|327719|fgenesh3_pg.C_scaffold_13000242_270-512_1PGV:A:	2	5	0	7	0	21	9	7	0	167
jgi|Lacbi1|327720|fgenesh3_pg.C_scaffold_13000243_242-346_1R29:A:	0	3	0	6	0	11	5	9	0	122
jgi|Lacbi1|235643|e_gwh1.13.88.1_1-101_1JR8:A:	0	0	0	5	0	7	5	4	0	105
jgi|Lacbi1|190795|estExt_GeneWisePlus_worm.C_130023_409-592_1AOX:A:	1	6	3	8	0	17	14	12	0	201
jgi|Lacbi1|298284|eu2.Lbscf0013g03580_26-128_1BUO:A:	0	3	1	6	0	11	5	4	0	121
jgi|Lacbi1|327722|fgenesh3_pg.C_scaffold_13000245_61-197_1CFE:A:	1	6	2	4	0	18	12	7	0	135
jgi|Lacbi1|327723|fgenesh3_pg.C_scaffold_13000246_42-150_1GME:A:	1	8	5	2	0	17	6	7	0	150
jgi|Lacbi1|190797|estExt_GeneWisePlus_worm.C_130032_38-152_1GME:A:	1	8	5	2	0	17	6	7	0	150
jgi|Lacbi1|186670|estExt_GeneWisePlus_human.C_820003_44-149_1GME:A:	1	8	5	2	0	17	6	7	0	150
jgi|Lacbi1|298293|eu2.Lbscf0013g03670_44-149_1GME:A:	1	8	5	2	0	17	6	7	0	150
jgi|Lacbi1|294507|estExt_fgenesh2_pg.C_130244_66-166_1M98:A:176-317	3	6	4	3	0	15	4	7	0	141
jgi|Lacbi1|298306|eu2.Lbscf0013g03800_41-149_1GME:A:	1	8	5	2	0	17	6	7	0	150
jgi|Lacbi1|190819|estExt_GeneWisePlus_worm.C_130109_18-279_1OY0:A:	1	8	2	10	0	27	16	14	0	262
jgi|Lacbi1|298314|eu2.Lbscf0013g03880_40-151_1BUO:A:	0	3	1	6	0	11	5	4	0	121
jgi|Lacbi1|327754|fgenesh3_pg.C_scaffold_14000001_504-738_1A4Y:A:	2	17	3	16	0	56	24	32	0	460
jgi|Lacbi1|298399|eu2.Lbscf0014g00120_28-169_2IB0:A:17-158	0	0	1	4	0	7	6	1	0	142
jgi|Lacbi1|298401|eu2.Lbscf0014g00140_24-416_1ELU:A:	4	15	5	10	0	39	20	21	0	381
jgi|Lacbi1|298403|eu2.Lbscf0014g00160_15-53_2HAP:C:55-97	0	0	1	2	0	6	3	2	0	43
jgi|Lacbi1|298406|eu2.Lbscf0014g00190_635-791_2HBJ:A:129-420	0	8	5	10	0	33	22	11	0	292
jgi|Lacbi1|327773|fgenesh3_pg.C_scaffold_14000020_40-247_1PHK:A:	4	9	5	8	0	32	15	17	0	277
jgi|Lacbi1|298413|eu2.Lbscf0014g00260_72-136_1XBL:A:	0	0	0	3	0	7	3	6	0	75
jgi|Lacbi1|250557|e_gww1.14.60.1_73-403_1WKR:A:	3	24	5	4	0	38	20	21	0	340
jgi|Lacbi1|298422|eu2.Lbscf0014g00350_64-383_1NI4:A:	2	12	3	11	0	37	24	21	0	364
jgi|Lacbi1|190855|estExt_GeneWisePlus_worm.C_140149_7-176,272-381_3C96:A:4-182,A:294-402	1	13	1	8	0	26	14	13	1	288
jgi|Lacbi1|190829|estExt_GeneWisePlus_worm.C_140018_27-153_1ULE:A:	2	12	0	0	0	25	11	8	0	150
jgi|Lacbi1|327787|fgenesh3_pg.C_scaffold_14000034_5-173_2D30:A:1-124	3	5	1	4	0	17	6	6	0	124
jgi|Lacbi1|298431|eu2.Lbscf0014g00440_178-274_1FQV:A:146-431	8	13	3	8	0	55	21	24	0	286
jgi|Lacbi1|327797|fgenesh3_pg.C_scaffold_14000044_248-277_1U6P:A:	2	0	1	0	0	10	6	3	0	56
jgi|Lacbi1|298443|eu2.Lbscf0014g00560_264-345_2RSP:A:	1	11	0	1	0	21	11	5	0	124
jgi|Lacbi1|250573|e_gww1.14.76.1_1-78_1GO3:E:1-78	1	4	1	1	0	8	2	4	0	78
jgi|Lacbi1|250573|e_gww1.14.76.1_79-175_2C35:B:78-171	0	9	1	0	0	9	5	8	0	94
jgi|Lacbi1|185165|estExt_GeneWisePlus_human.C_140027_14-52,87-331_1OKC:A:	0	0	6	11	0	19	10	9	0	292
jgi|Lacbi1|327809|fgenesh3_pg.C_scaffold_14000056_78-191_1F21:A:	3	5	0	5	0	13	6	10	0	152
jgi|Lacbi1|298460|eu2.Lbscf0014g00730_154-229_1WWH:A:169-249	0	6	2	3	0	8	3	3	0	81
jgi|Lacbi1|298461|eu2.Lbscf0014g00740_10-180,313-405_3C96:A:4-182,A:294-402	1	13	1	8	0	26	14	13	1	288
jgi|Lacbi1|298461|eu2.Lbscf0014g00740_204-314_3C96:A:183-293	3	5	0	4	0	12	4	7	0	111
jgi|Lacbi1|250454|e_gww1.14.58.1_14-52,85-335_1OKC:A:	0	0	6	11	0	19	10	9	0	292
jgi|Lacbi1|298464|eu2.Lbscf0014g00770_68-223_1IA8:A:	5	12	5	7	0	36	16	18	0	275
jgi|Lacbi1|298467|eu2.Lbscf0014g00800_33-417_1QVR:A:149-535	0	8	0	16	0	30	17	16	0	387
jgi|Lacbi1|298467|eu2.Lbscf0014g00800_419-731_1QVR:A:536-850	5	9	4	14	0	30	21	15	0	315
jgi|Lacbi1|327818|fgenesh3_pg.C_scaffold_14000065_4-137_1QVR:A:149-535	0	8	0	16	0	30	17	16	0	387
jgi|Lacbi1|294524|estExt_fgenesh2_pg.C_140069_57-277_1O0Y:A:	0	8	2	11	0	23	14	10	0	259
jgi|Lacbi1|327824|fgenesh3_pg.C_scaffold_14000071_83-175_1N02:A:	0	10	1	0	0	7	6	9	0	101
jgi|Lacbi1|327824|fgenesh3_pg.C_scaffold_14000071_1-49_3EZM:A:	0	10	3	0	0	8	4	9	0	101
jgi|Lacbi1|190833|estExt_GeneWisePlus_worm.C_140031_4-201_2A5L:A:3-198	7	6	0	6	0	19	6	8	0	196
jgi|Lacbi1|250466|e_gww1.14.37.1_2-284_1WOS:A:1-278	6	13	6	8	0	26	15	23	0	278
jgi|Lacbi1|250466|e_gww1.14.37.1_278-370_1V5V:A:313-401	0	6	1	0	0	10	6	7	0	89
jgi|Lacbi1|298517|eu2.Lbscf0014g01300_247-290_2FV6:A:503-544	0	0	0	2	0	8	7	1	0	42
jgi|Lacbi1|327857|fgenesh3_pg.C_scaffold_14000104_14-235_1YZF:A:1-195	6	5	4	7	0	20	8	11	0	195
jgi|Lacbi1|298520|eu2.Lbscf0014g01330_36-81,112-229,266-394_2I7T:A:9-459	0	22	5	10	0	45	27	19	0	451
jgi|Lacbi1|235825|e_gwh1.14.6.1_4-420_1C0N:A:	4	15	6	13	0	47	23	26	0	404
jgi|Lacbi1|327866|fgenesh3_pg.C_scaffold_14000113_225-402_1YRG:A:	3	14	2	12	0	46	15	21	0	343
jgi|Lacbi1|298530|eu2.Lbscf0014g01430_155-341_1A65:A:132-303	5	11	5	0	0	23	13	9	0	172
jgi|Lacbi1|298530|eu2.Lbscf0014g01430_325-520_1KYA:A:301-499	2	12	1	4	0	31	21	10	0	199
jgi|Lacbi1|298530|eu2.Lbscf0014g01430_31-180_1GYC:A:1-130	6	8	3	0	0	20	7	10	0	130
jgi|Lacbi1|327871|fgenesh3_pg.C_scaffold_14000118_79-192_1GDT:A:141-183	0	0	0	3	0	5	3	2	0	43
jgi|Lacbi1|250496|e_gww1.14.108.1_4-415_1A12:A:	5	30	5	1	0	58	38	27	0	401
jgi|Lacbi1|250496|e_gww1.14.108.1_422-483_1F62:A:	0	2	0	1	0	13	6	4	0	51
jgi|Lacbi1|298548|eu2.Lbscf0014g01610_7-214_1FUK:A:	0	7	3	4	0	16	14	7	0	162
jgi|Lacbi1|298566|eu2.Lbscf0014g01790_3-92_1CE7:B:134-255	0	12	4	0	0	19	7	7	0	122
jgi|Lacbi1|298590|eu2.Lbscf0014g02030_12-88,224-279_2C2L:A:24-224	0	0	1	10	0	12	7	11	0	201
jgi|Lacbi1|327912|fgenesh3_pg.C_scaffold_14000159_68-137_2B7T:A:1-73	0	3	0	2	0	6	5	1	0	73
jgi|Lacbi1|298606|eu2.Lbscf0014g02190_82-208_1GNW:A:86-211	0	0	1	9	0	6	6	9	0	126
jgi|Lacbi1|298606|eu2.Lbscf0014g02190_2-87_1AW9:A:2-82	0	4	1	2	0	10	7	7	0	81
jgi|Lacbi1|327918|fgenesh3_pg.C_scaffold_14000165_25-139_2IHO:A:2-155	0	12	5	0	0	18	9	11	0	154
jgi|Lacbi1|298609|eu2.Lbscf0014g02220_4-135_1HG8:A:	1	26	3	1	0	43	31	12	0	349
jgi|Lacbi1|302994|eu2.Lbscf0230g00010_4-135_1HG8:A:	1	26	3	1	0	43	31	12	0	349
jgi|Lacbi1|298610|eu2.Lbscf0014g02230_30-160_1IA5:A:	2	28	4	1	0	45	32	12	0	339
jgi|Lacbi1|302995|eu2.Lbscf0230g00020_30-160_1IA5:A:	2	28	4	1	0	45	32	12	0	339
jgi|Lacbi1|298628|eu2.Lbscf0014g02410_96-131_2FV6:A:503-544	0	0	0	2	0	8	7	1	0	42
jgi|Lacbi1|298629|eu2.Lbscf0014g02420_30-332_1HG8:A:	1	26	3	1	0	43	31	12	0	349
jgi|Lacbi1|327938|fgenesh3_pg.C_scaffold_14000185_29-130_2GUD:A:1-121	0	13	0	0	0	14	12	3	0	121
jgi|Lacbi1|298640|eu2.Lbscf0014g02530_80-125_1SC3:A:,B:	4	11	2	6	0	32	19	15	1	261
jgi|Lacbi1|327942|fgenesh3_pg.C_scaffold_14000189_21-265_1AE1:A:	2	7	4	8	0	23	13	14	0	258
jgi|Lacbi1|298644|eu2.Lbscf0014g02570_3-69_2AG5:A:1-245	4	9	5	9	0	21	12	14	0	245
jgi|Lacbi1|298645|eu2.Lbscf0014g02580_21-154_2FR1:A:1657-1915	2	9	2	10	0	25	12	17	0	259
jgi|Lacbi1|298653|eu2.Lbscf0014g02660_65-101_1UL1:X:218-357	1	1	1	7	0	13	9	4	0	140
jgi|Lacbi1|250508|e_gww1.14.91.1_403-658_2HYD:A:324-578	2	10	5	9	0	25	21	16	0	255
jgi|Lacbi1|250508|e_gww1.14.91.1_1058-1312_2HYD:A:324-578	2	10	5	9	0	25	21	16	0	255
jgi|Lacbi1|250508|e_gww1.14.91.1_730-1046_3B60:A:10-328	0	0	1	11	0	6	9	9	0	319
jgi|Lacbi1|250508|e_gww1.14.91.1_59-399_3B60:A:10-328	0	0	1	11	0	6	9	9	0	319
jgi|Lacbi1|235838|e_gwh1.14.49.1_41-260_1BOL:A:	2	7	3	6	0	29	18	15	0	222
jgi|Lacbi1|327958|fgenesh3_pg.C_scaffold_14000205_36-271_1YDE:A:4-253	2	7	2	10	0	23	11	14	0	250
jgi|Lacbi1|298669|eu2.Lbscf0014g02820_35-118_1XKQ:A:	3	7	5	10	0	27	12	14	0	272
jgi|Lacbi1|298670|eu2.Lbscf0014g02830_38-270_1VL8:A:	2	7	6	9	0	25	10	14	0	251
jgi|Lacbi1|327972|fgenesh3_pg.C_scaffold_14000219_157-234_1GT0:D:	0	0	0	3	0	5	3	4	0	80
jgi|Lacbi1|298696|eu2.Lbscf0014g03090_148-222_1U79:A:	4	9	2	2	0	19	5	10	0	125
jgi|Lacbi1|298700|eu2.Lbscf0014g03130_3-50_2BW3:A:163-609	0	5	7	21	0	33	14	25	0	447
jgi|Lacbi1|327990|fgenesh3_pg.C_scaffold_14000237_11-126_1OYW:A:207-406	1	6	0	8	0	23	16	13	0	200
jgi|Lacbi1|298711|eu2.Lbscf0014g03240_2-85_1OYW:A:1-206	0	7	2	10	0	22	14	12	0	206
jgi|Lacbi1|298724|eu2.Lbscf0014g03370_1-56_1IK6:A:1-191	0	8	1	6	0	18	6	6	0	191
jgi|Lacbi1|298745|eu2.Lbscf0014g03580_41-110,140-245_1XM7:A:	4	9	1	6	0	24	16	14	0	194
jgi|Lacbi1|169971|gwh1.14.158.1_1-48_1J46:A:	0	0	0	3	0	5	3	3	0	84
jgi|Lacbi1|235799|e_gwh1.14.59.1_89-295_2ABK:A:	0	0	3	10	0	19	15	10	0	211
jgi|Lacbi1|294547|estExt_fgenesh2_pg.C_150051_24-130_1R29:A:	0	3	0	6	0	11	5	9	0	122
jgi|Lacbi1|298941|eu2.Lbscf0015g00870_30-247_1PW4:A:	2	0	1	18	0	21	18	22	0	450
jgi|Lacbi1|298947|eu2.Lbscf0015g00930_20-450_1PW4:A:	2	0	1	18	0	21	18	22	0	450
jgi|Lacbi1|298950|eu2.Lbscf0015g00960_53-289_1F88:A:	0	4	2	13	0	20	19	16	0	348
jgi|Lacbi1|250673|e_gww1.15.83.1_8-384_1PV7:A:	0	0	2	22	0	18	12	14	0	417
jgi|Lacbi1|147635|gww1.15.49.1_4-110_1XM9:A:244-700	0	0	2	27	0	26	20	30	0	457
jgi|Lacbi1|298955|eu2.Lbscf0015g01010_24-131_1R29:A:	0	3	0	6	0	11	5	9	0	122
jgi|Lacbi1|250584|e_gww1.15.79.1_11-485_1PV7:A:	0	0	2	22	0	18	12	14	0	417
jgi|Lacbi1|143251|gww1.15.24.1_299-424_1V89:A:	0	7	0	1	0	15	12	2	0	117
jgi|Lacbi1|143251|gww1.15.24.1_34-268_2EFL:A:1-288	0	0	0	7	0	7	3	7	0	288
jgi|Lacbi1|298964|eu2.Lbscf0015g01100_71-156_1J46:A:	0	0	0	3	0	5	3	3	0	84
jgi|Lacbi1|328087|fgenesh3_pg.C_scaffold_15000075_232-423_1FQV:A:146-431	8	13	3	8	0	55	21	24	0	286
jgi|Lacbi1|298970|eu2.Lbscf0015g01160_32-252,326-470_1EQC:A:	4	8	10	10	0	47	30	30	0	394
jgi|Lacbi1|298977|eu2.Lbscf0015g01230_4-71_2DIX:A:7-79	0	3	0	2	0	7	2	4	0	71
jgi|Lacbi1|250594|e_gww1.15.46.1_2-234_1BQB:A:	2	15	4	8	0	30	19	17	0	301
jgi|Lacbi1|298981|eu2.Lbscf0015g01270_257-441_1PGV:A:	2	5	0	7	0	21	9	7	0	167
jgi|Lacbi1|146860|gww1.15.43.1_3-237_1BQB:A:	2	15	4	8	0	30	19	17	0	301
jgi|Lacbi1|294557|estExt_fgenesh2_pg.C_150086_612-775_1FVI:A:2-189	3	10	2	4	0	26	16	7	0	188
jgi|Lacbi1|294557|estExt_fgenesh2_pg.C_150086_750-851_1FVI:A:190-293	0	5	0	2	0	10	3	4	0	104
jgi|Lacbi1|298988|eu2.Lbscf0015g01340_150-434_1A06:A:	4	8	4	10	0	29	20	14	0	307
jgi|Lacbi1|298988|eu2.Lbscf0015g01340_22-139_1G3G:A:	0	11	0	3	0	24	14	7	0	164
jgi|Lacbi1|298989|eu2.Lbscf0015g01350_331-765_1V7W:A:271-801	11	25	6	16	0	58	33	35	0	531
jgi|Lacbi1|294562|estExt_fgenesh2_pg.C_150095_447-489_2DJ8:A:8-54	0	2	0	2	0	6	6	3	0	47
jgi|Lacbi1|250640|e_gww1.15.36.1_34-160,192-231,259-296_1W0P:A:347-543	0	18	1	3	0	21	15	11	0	197
jgi|Lacbi1|299004|eu2.Lbscf0015g01500_5-52_2EPS:A:408-446	0	2	0	1	0	5	5	1	0	39
jgi|Lacbi1|190858|estExt_GeneWisePlus_worm.C_150004_156-315_1R51:A:137-296	5	6	1	3	0	15	7	5	0	160
jgi|Lacbi1|190858|estExt_GeneWisePlus_worm.C_150004_9-144_1R51:A:1-136	0	6	1	3	0	11	4	5	0	136
jgi|Lacbi1|299006|eu2.Lbscf0015g01520_27-218_1PV7:A:	0	0	2	22	0	18	12	14	0	417
jgi|Lacbi1|299006|eu2.Lbscf0015g01520_228-508_1PV7:A:	0	0	2	22	0	18	12	14	0	417
jgi|Lacbi1|299007|eu2.Lbscf0015g01530_16-70_1WEN:A:	0	2	0	0	0	14	12	4	0	70
jgi|Lacbi1|190873|estExt_GeneWisePlus_worm.C_150063_36-443_1SFF:A:	10	16	5	13	0	39	23	28	0	425
jgi|Lacbi1|328126|fgenesh3_pg.C_scaffold_15000114_271-447_1FQV:A:146-431	8	13	3	8	0	55	21	24	0	286
jgi|Lacbi1|328135|fgenesh3_pg.C_scaffold_15000123_217-452_1FQV:A:146-431	8	13	3	8	0	55	21	24	0	286
jgi|Lacbi1|299035|eu2.Lbscf0015g01810_1-121_1HOW:A:	5	10	4	11	0	39	18	24	0	362
jgi|Lacbi1|299039|eu2.Lbscf0015g01850_45-149,195-369_1HOW:A:	5	10	4	11	0	39	18	24	0	362
jgi|Lacbi1|250626|e_gww1.15.93.1_32-125_1B0U:A:	0	12	1	10	0	24	16	14	0	261
jgi|Lacbi1|328168|fgenesh3_pg.C_scaffold_15000156_252-426_4CRX:A:130-341	2	5	3	9	0	25	15	9	0	212
jgi|Lacbi1|299079|eu2.Lbscf0015g02250_25-286_1OYW:A:207-406	1	6	0	8	0	23	16	13	0	200
jgi|Lacbi1|299086|eu2.Lbscf0015g02320_41-153_1L3G:A:	0	6	0	5	0	9	6	8	0	123
jgi|Lacbi1|291218|estExt_fgenesh2_pm.C_150009_149-245_1WIK:A:	0	4	0	5	0	14	12	6	0	108
jgi|Lacbi1|291218|estExt_fgenesh2_pm.C_150009_5-110_1TI3:A:	0	5	0	4	0	9	5	5	0	113
jgi|Lacbi1|328208|fgenesh3_pg.C_scaffold_15000196_223-268_1U6P:A:	2	0	1	0	0	10	6	3	0	56
jgi|Lacbi1|299143|eu2.Lbscf0015g02890_210-252_1QHK:A:	0	3	0	2	0	7	4	0	0	47
jgi|Lacbi1|298866|eu2.Lbscf0015g00120_168-310_1MUG:A:	1	5	2	5	0	16	14	8	0	165
jgi|Lacbi1|328031|fgenesh3_pg.C_scaffold_15000019_1095-1238,1277-1413_1OYW:A:207-406	1	6	0	8	0	23	16	13	0	200
jgi|Lacbi1|298891|eu2.Lbscf0015g00370_52-135_1HJO:A:189-382	1	6	2	6	0	13	8	10	0	194
jgi|Lacbi1|298892|eu2.Lbscf0015g00380_1-41_1WHC:A:	0	0	0	3	0	7	3	4	0	63
jgi|Lacbi1|294576|estExt_fgenesh2_pg.C_160002_6-251_1YRB:A:1-244	0	7	3	11	0	22	15	9	0	245
jgi|Lacbi1|165891|gwh1.16.59.1_67-375_1OYW:A:1-206	0	7	2	10	0	22	14	12	0	206
jgi|Lacbi1|299218|eu2.Lbscf0016g00120_4-113_1EEM:A:5-102	2	4	1	2	0	15	6	8	0	98
jgi|Lacbi1|299218|eu2.Lbscf0016g00120_91-220_1FW1:A:88-212	2	0	3	5	0	8	7	7	0	125
jgi|Lacbi1|299219|eu2.Lbscf0016g00130_9-59_1WOT:A:	0	4	0	4	0	13	6	4	0	98
jgi|Lacbi1|328241|fgenesh3_pg.C_scaffold_16000006_184-258_1N5D:A:	2	8	2	11	0	30	19	12	0	288
jgi|Lacbi1|299222|eu2.Lbscf0016g00160_38-118_1VL8:A:	2	7	6	9	0	25	10	14	0	251
jgi|Lacbi1|236166|e_gwh1.16.18.1_5-310_1PZ1:A:	6	12	9	9	0	39	21	23	0	332
jgi|Lacbi1|299240|eu2.Lbscf0016g00340_18-182,209-362_1K2X:A:,B:	4	13	2	9	0	28	12	18	1	291
jgi|Lacbi1|328256|fgenesh3_pg.C_scaffold_16000021_206-354,478-524_1FQV:A:146-431	8	13	3	8	0	55	21	24	0	286
jgi|Lacbi1|328264|fgenesh3_pg.C_scaffold_16000029_94-128_1AN4:A:	0	0	0	2	0	4	3	3	0	64
jgi|Lacbi1|328265|fgenesh3_pg.C_scaffold_16000030_143-275_1MVE:A:	5	17	3	1	0	29	16	13	0	243
jgi|Lacbi1|299271|eu2.Lbscf0016g00650_154-286_1MVE:A:	5	17	3	1	0	29	16	13	0	243
jgi|Lacbi1|299283|eu2.Lbscf0016g00770_2-35_1PMR:A:	8	4	0	0	0	18	6	3	0	80
jgi|Lacbi1|328290|fgenesh3_pg.C_scaffold_16000055_261-367_1T7P:A:1-210	0	5	4	6	0	16	11	14	0	204
jgi|Lacbi1|328291|fgenesh3_pg.C_scaffold_16000056_141-275_1CPM:A:	7	16	5	1	0	28	14	7	0	214
jgi|Lacbi1|328295|fgenesh3_pg.C_scaffold_16000060_255-301,336-589_2BW3:A:163-609	0	5	7	21	0	33	14	25	0	447
jgi|Lacbi1|299305|eu2.Lbscf0016g00990_8-67_2DO3:A:462-523	0	5	0	0	0	9	7	3	0	62
jgi|Lacbi1|328297|fgenesh3_pg.C_scaffold_16000062_412-445,531-578_1AN4:A:	0	0	0	2	0	4	3	3	0	64
jgi|Lacbi1|299310|eu2.Lbscf0016g01040_25-109_1PYF:A:	6	11	6	11	0	33	19	21	0	311
jgi|Lacbi1|174184|estExt_Genewise1_human.C_160019_5-310_1PYF:A:	6	11	6	11	0	33	19	21	0	311
jgi|Lacbi1|328304|fgenesh3_pg.C_scaffold_16000069_40-189_1YIX:A:1-265	1	8	6	9	0	29	14	18	0	265
jgi|Lacbi1|299319|eu2.Lbscf0016g01130_9-106_2BW3:A:163-609	0	5	7	21	0	33	14	25	0	447
jgi|Lacbi1|328309|fgenesh3_pg.C_scaffold_16000074_102-208_1AJO:A:	5	16	3	1	0	26	14	11	0	212
jgi|Lacbi1|299323|eu2.Lbscf0016g01170_13-149_1PJ5:A:4-219,A:339-427	2	17	6	8	0	32	16	16	1	305
jgi|Lacbi1|294581|estExt_fgenesh2_pg.C_160074_232-274_1UKL:C:	0	0	0	2	0	4	3	1	0	61
jgi|Lacbi1|328314|fgenesh3_pg.C_scaffold_16000079_43-103_1HQC:A:5-242	0	7	0	8	0	28	17	13	0	238
jgi|Lacbi1|328317|fgenesh3_pg.C_scaffold_16000082_303-460_1A0P:A:111-292	4	3	3	8	0	17	7	7	0	182
jgi|Lacbi1|328326|fgenesh3_pg.C_scaffold_16000091_303-460_1A0P:A:111-292	4	3	3	8	0	17	7	7	0	182
jgi|Lacbi1|299349|eu2.Lbscf0016g01430_25-207_1UL1:X:2-217	0	7	1	7	0	19	10	10	0	216
jgi|Lacbi1|299349|eu2.Lbscf0016g01430_192-236,279-334_1B43:A:220-339	0	0	3	5	0	11	6	7	0	120
jgi|Lacbi1|299352|eu2.Lbscf0016g01460_415-448,526-573_1AN4:A:	0	0	0	2	0	4	3	3	0	64
jgi|Lacbi1|299361|eu2.Lbscf0016g01550_147-276_1MVE:A:	5	17	3	1	0	29	16	13	0	243
jgi|Lacbi1|328338|fgenesh3_pg.C_scaffold_16000103_6-169_1XWY:A:1-260	0	8	7	9	0	24	12	14	0	260
jgi|Lacbi1|299364|eu2.Lbscf0016g01580_9-106_2BW3:A:163-609	0	5	7	21	0	33	14	25	0	447
jgi|Lacbi1|328353|fgenesh3_pg.C_scaffold_16000118_60-93,176-197_1AN4:A:	0	0	0	2	0	4	3	3	0	64
jgi|Lacbi1|328369|fgenesh3_pg.C_scaffold_16000134_62-91,182-227_1AN4:A:	0	0	0	2	0	4	3	3	0	64
jgi|Lacbi1|328376|fgenesh3_pg.C_scaffold_16000141_42-107_1AJO:A:	5	16	3	1	0	26	14	11	0	212
jgi|Lacbi1|299432|eu2.Lbscf0016g02260_86-381_1XWY:A:1-260	0	8	7	9	0	24	12	14	0	260
jgi|Lacbi1|328378|fgenesh3_pg.C_scaffold_16000143_2-42_1FQV:A:107-145	0	0	0	3	0	4	4	4	0	39
jgi|Lacbi1|328386|fgenesh3_pg.C_scaffold_16000151_108-335_1FQV:A:146-431	8	13	3	8	0	55	21	24	0	286
jgi|Lacbi1|299451|eu2.Lbscf0016g02450_17-222_1PJZ:A:	0	9	1	7	0	21	17	8	0	201
jgi|Lacbi1|328393|fgenesh3_pg.C_scaffold_16000158_792-874,1152-1333_1Z5Z:A:663-906	0	6	1	10	0	26	11	15	0	244
jgi|Lacbi1|328393|fgenesh3_pg.C_scaffold_16000158_512-636,682-783_1Z63:A:432-661	0	7	2	11	0	24	16	18	0	230
jgi|Lacbi1|328393|fgenesh3_pg.C_scaffold_16000158_924-992_1JM7:A:	2	0	1	3	0	11	9	5	0	103
jgi|Lacbi1|299469|eu2.Lbscf0016g02630_55-277_1PG4:A:	11	30	5	21	0	71	40	44	0	643
jgi|Lacbi1|299500|eu2.Lbscf0016g02940_303-495_1ZCB:A:47-75,A:202-372	0	8	2	5	0	21	8	15	1	200
jgi|Lacbi1|299500|eu2.Lbscf0016g02940_121-164,241-303_1ZCB:A:76-201	0	0	2	9	0	8	5	9	0	126
jgi|Lacbi1|299501|eu2.Lbscf0016g02950_18-93_1PSO:E:	6	30	5	6	0	39	15	21	0	326
jgi|Lacbi1|299557|eu2.Lbscf0017g00110_191-442_1GW5:B:	0	0	4	32	0	42	43	37	0	579
jgi|Lacbi1|299570|eu2.Lbscf0017g00240_54-115,180-490_1WA5:C:	8	0	17	50	0	66	46	42	0	959
jgi|Lacbi1|299573|eu2.Lbscf0017g00270_22-69_2OO2:A:1-75	0	2	1	3	0	3	1	2	0	74
jgi|Lacbi1|299574|eu2.Lbscf0017g00280_634-906_1MQB:A:	4	8	3	8	0	26	11	14	0	283
jgi|Lacbi1|328458|fgenesh3_pg.C_scaffold_17000022_1194-1445_1MQB:A:	4	8	3	8	0	26	11	14	0	283
jgi|Lacbi1|299583|eu2.Lbscf0017g00370_1357-1636_1MQB:A:	4	8	3	8	0	26	11	14	0	283
jgi|Lacbi1|299584|eu2.Lbscf0017g00380_196-302,386-581_1U5R:A:	5	8	4	12	0	31	20	16	0	309
jgi|Lacbi1|328462|fgenesh3_pg.C_scaffold_17000026_810-1020_1MQB:A:	4	8	3	8	0	26	11	14	0	283
jgi|Lacbi1|299595|eu2.Lbscf0017g00490_178-284,368-562_1U5R:A:	5	8	4	12	0	31	20	16	0	309
jgi|Lacbi1|299599|eu2.Lbscf0017g00530_49-270,298-366_2NXF:A:3-322	4	15	4	8	0	43	22	24	0	320
jgi|Lacbi1|299600|eu2.Lbscf0017g00540_119-411_1YRG:A:	3	14	2	12	0	46	15	21	0	343
jgi|Lacbi1|294593|estExt_fgenesh2_pg.C_170040_503-792_1FQV:A:146-431	8	13	3	8	0	55	21	24	0	286
jgi|Lacbi1|294593|estExt_fgenesh2_pg.C_170040_65-317_2BNH:A:	5	17	2	16	0	59	26	25	0	456
jgi|Lacbi1|299606|eu2.Lbscf0017g00600_1-83,134-318_1HD7:A:	6	12	5	7	0	32	18	10	0	275
jgi|Lacbi1|236329|e_gwh1.17.154.1_11-243_1THF:D:	0	11	2	10	0	24	18	15	0	253
jgi|Lacbi1|299608|eu2.Lbscf0017g00620_28-337,535-596_1CF3:A:3-324,A:521-583	17	12	7	11	0	49	28	29	1	385
jgi|Lacbi1|299608|eu2.Lbscf0017g00620_339-536_1GPE:A:329-524	4	8	4	7	0	18	14	8	0	196
jgi|Lacbi1|328482|fgenesh3_pg.C_scaffold_17000046_7-43_2OVR:B:2263-2364	0	0	0	6	0	9	7	5	0	102
jgi|Lacbi1|299612|eu2.Lbscf0017g00660_668-788,833-1140_1K3P:A:	4	9	3	16	0	40	25	29	0	426
jgi|Lacbi1|299612|eu2.Lbscf0017g00660_66-256_2SCU:B:1-238	1	12	3	7	0	24	11	11	0	238
jgi|Lacbi1|299612|eu2.Lbscf0017g00660_310-455_1EUC:B:246-393	1	6	0	6	0	16	11	8	0	148
jgi|Lacbi1|299612|eu2.Lbscf0017g00660_541-672_1OI7:A:1-121	0	7	0	4	0	13	8	8	0	121
jgi|Lacbi1|299613|eu2.Lbscf0017g00670_134-391_1NC5:A:	11	6	5	13	0	40	21	26	0	363
jgi|Lacbi1|294595|estExt_fgenesh2_pg.C_170048_121-192_1WGH:A:	2	5	0	1	0	16	10	4	0	115
jgi|Lacbi1|328490|fgenesh3_pg.C_scaffold_17000054_215-257_1QHK:A:	0	3	0	2	0	7	4	0	0	47
jgi|Lacbi1|299624|eu2.Lbscf0017g00780_2-51_1TX4:A:	0	0	4	12	0	17	9	13	0	196
jgi|Lacbi1|328498|fgenesh3_pg.C_scaffold_17000062_3-114_1PDN:C:	0	2	0	6	0	15	8	9	0	127
jgi|Lacbi1|328500|fgenesh3_pg.C_scaffold_17000064_110-425_1F52:A:101-468	4	12	5	10	0	37	24	21	0	368
jgi|Lacbi1|299633|eu2.Lbscf0017g00870_126-373_1NC5:A:	11	6	5	13	0	40	21	26	0	363
jgi|Lacbi1|299654|eu2.Lbscf0017g01080_151-475_1F52:A:101-468	4	12	5	10	0	37	24	21	0	368
jgi|Lacbi1|299656|eu2.Lbscf0017g01100_125-401_1NC5:A:	11	6	5	13	0	40	21	26	0	363
jgi|Lacbi1|299675|eu2.Lbscf0017g01290_187-510_1F52:A:101-468	4	12	5	10	0	37	24	21	0	368
jgi|Lacbi1|299676|eu2.Lbscf0017g01300_125-401_1NC5:A:	11	6	5	13	0	40	21	26	0	363
jgi|Lacbi1|299686|eu2.Lbscf0017g01400_116-271_1NC5:A:	11	6	5	13	0	40	21	26	0	363
jgi|Lacbi1|310937|eu2.Lbscf0497g00010_116-271_1NC5:A:	11	6	5	13	0	40	21	26	0	363
jgi|Lacbi1|299691|eu2.Lbscf0017g01450_152-475_1F52:A:101-468	4	12	5	10	0	37	24	21	0	368
jgi|Lacbi1|299692|eu2.Lbscf0017g01460_125-400_1NC5:A:	11	6	5	13	0	40	21	26	0	363
jgi|Lacbi1|299700|eu2.Lbscf0017g01540_43-122_1EAG:A:	1	26	4	3	0	39	18	21	0	342
jgi|Lacbi1|236175|e_gwh1.17.141.1_22-366_1F52:A:101-468	4	12	5	10	0	37	24	21	0	368
jgi|Lacbi1|299709|eu2.Lbscf0017g01630_125-401_1NC5:A:	11	6	5	13	0	40	21	26	0	363
jgi|Lacbi1|299710|eu2.Lbscf0017g01640_145-409_1YRG:A:	3	14	2	12	0	46	15	21	0	343
jgi|Lacbi1|299718|eu2.Lbscf0017g01720_282-337_1DKZ:A:389-506	3	8	1	0	0	16	9	7	0	118
jgi|Lacbi1|328557|fgenesh3_pg.C_scaffold_17000121_126-243_1O6Y:A:	1	11	3	8	0	24	14	12	0	276
jgi|Lacbi1|294601|estExt_fgenesh2_pg.C_170116_146-266_1N3J:A:	3	9	0	2	0	19	13	1	0	119
jgi|Lacbi1|250965|e_gww1.17.33.1_34-507_3CZH:A:40-502	7	8	4	16	0	42	19	26	0	462
jgi|Lacbi1|185252|estExt_GeneWisePlus_human.C_170104_53-187_1OI0:A:	0	9	0	2	0	14	8	5	0	121
jgi|Lacbi1|192674|estExt_fgenesh1_kg.C_170001_68-143_2JXT:A:1-78	0	3	2	2	0	5	2	3	0	78
jgi|Lacbi1|328563|fgenesh3_pg.C_scaffold_17000127_107-272,341-438_1FQV:A:146-431	8	13	3	8	0	55	21	24	0	286
jgi|Lacbi1|299726|eu2.Lbscf0017g01800_231-440_4CRX:A:130-341	2	5	3	9	0	25	15	9	0	212
jgi|Lacbi1|299727|eu2.Lbscf0017g01810_2-203_1UL1:X:2-217	0	7	1	7	0	19	10	10	0	216
jgi|Lacbi1|299727|eu2.Lbscf0017g01810_188-230,275-330_1A77:A:209-316	0	0	0	6	0	9	3	6	0	108
jgi|Lacbi1|299730|eu2.Lbscf0017g01840_69-197,357-448_1J7L:A:	1	10	2	9	0	29	20	16	0	263
jgi|Lacbi1|328568|fgenesh3_pg.C_scaffold_17000132_380-497,529-643_2BNH:A:	5	17	2	16	0	59	26	25	0	456
jgi|Lacbi1|299733|eu2.Lbscf0017g01870_24-547_1MT5:A:	4	11	7	22	0	56	40	33	0	537
jgi|Lacbi1|299735|eu2.Lbscf0017g01890_28-567_1MT5:A:	4	11	7	22	0	56	40	33	0	537
jgi|Lacbi1|328574|fgenesh3_pg.C_scaffold_17000138_136-233_1H1W:A:	2	9	7	9	0	29	16	16	0	289
jgi|Lacbi1|328577|fgenesh3_pg.C_scaffold_17000141_53-202,248-343_2BNH:A:	5	17	2	16	0	59	26	25	0	456
jgi|Lacbi1|299741|eu2.Lbscf0017g01950_951-1006_2DNT:A:8-73	2	3	1	1	0	13	7	4	0	65
jgi|Lacbi1|294609|estExt_fgenesh2_pg.C_170140_3-162_2CFE:A:1-162	5	8	1	2	0	21	12	12	0	162
jgi|Lacbi1|328585|fgenesh3_pg.C_scaffold_17000149_95-180_1DKZ:A:389-506	3	8	1	0	0	16	9	7	0	118
jgi|Lacbi1|236299|e_gwh1.17.55.1_78-175_1FXL:A:119-203	0	4	2	2	0	11	4	5	0	85
jgi|Lacbi1|299777|eu2.Lbscf0017g02310_43-72_2FV6:A:503-544	0	0	0	2	0	8	7	1	0	42
jgi|Lacbi1|328608|fgenesh3_pg.C_scaffold_17000172_205-288_1IA9:A:	5	14	4	6	0	31	17	13	0	278
jgi|Lacbi1|299795|eu2.Lbscf0017g02490_73-337_1SM2:A:	3	7	3	8	0	30	12	13	0	263
jgi|Lacbi1|299797|eu2.Lbscf0017g02510_109-413_2PWA:A:1-279	4	15	3	6	0	32	20	20	0	279
jgi|Lacbi1|299797|eu2.Lbscf0017g02510_13-79_1SCJ:B:	0	5	0	2	0	8	4	3	0	71
jgi|Lacbi1|299799|eu2.Lbscf0017g02530_218-484_1UWH:A:	2	8	4	8	0	28	15	13	0	276
jgi|Lacbi1|328622|fgenesh3_pg.C_scaffold_17000186_204-316,392-539_1GCO:A:	2	7	8	9	0	24	12	14	0	261
jgi|Lacbi1|299811|eu2.Lbscf0017g02650_183-443_1JPA:A:	2	8	5	9	0	28	13	13	0	299
jgi|Lacbi1|152667|gww1.17.146.1_217-291_1JQQ:A:	3	5	1	0	0	12	7	5	0	91
jgi|Lacbi1|299815|eu2.Lbscf0017g02690_71-118,282-365_1N3J:A:	3	9	0	2	0	19	13	1	0	119
jgi|Lacbi1|299815|eu2.Lbscf0017g02690_112-162_2FV6:A:503-544	0	0	0	2	0	8	7	1	0	42
jgi|Lacbi1|190903|estExt_GeneWisePlus_worm.C_170044_32-501_3CZH:A:40-502	7	8	4	16	0	42	19	26	0	462
jgi|Lacbi1|320024|fgenesh3_pm.C_scaffold_17000005_8-550_1GZD:A:	8	13	13	22	0	53	20	27	0	554
jgi|Lacbi1|250989|e_gww1.17.44.1_230-337_2I6G:A:1-198	3	7	1	6	0	17	8	11	0	198
jgi|Lacbi1|185266|estExt_GeneWisePlus_human.C_170144_43-238_2A5L:A:3-198	7	6	0	6	0	19	6	8	0	196
jgi|Lacbi1|236174|e_gwh1.17.29.1_31-465_3CZH:A:40-502	7	8	4	16	0	42	19	26	0	462
jgi|Lacbi1|190906|estExt_GeneWisePlus_worm.C_170061_24-414_1U7G:A:	2	2	6	15	0	21	14	16	0	383
jgi|Lacbi1|299838|eu2.Lbscf0017g02920_6-213_1I6P:A:	1	5	1	10	0	18	11	13	0	214
jgi|Lacbi1|299840|eu2.Lbscf0017g02940_189-426_1PGV:A:	2	5	0	7	0	21	9	7	0	167
jgi|Lacbi1|299843|eu2.Lbscf0017g02970_383-428_1F6U:A:	2	2	3	0	0	10	5	3	0	55
jgi|Lacbi1|250962|e_gww1.17.41.1_32-463_1PW4:A:	2	0	1	18	0	21	18	22	0	450
jgi|Lacbi1|251026|e_gww1.17.42.1_35-494_3CZH:A:40-502	7	8	4	16	0	42	19	26	0	462
jgi|Lacbi1|299855|eu2.Lbscf0017g03090_163-346_1W1O:A:40-245	2	10	2	6	0	23	19	14	0	206
jgi|Lacbi1|250961|e_gww1.17.86.1_2-140_1XTQ:A:3-169	0	6	2	4	0	17	8	8	0	167
jgi|Lacbi1|236212|e_gwh1.17.27.1_21-205,261-425,469-498_1PV7:A:	0	0	2	22	0	18	12	14	0	417
jgi|Lacbi1|328666|fgenesh3_pg.C_scaffold_17000230_132-323_2BNH:A:	5	17	2	16	0	59	26	25	0	456
jgi|Lacbi1|299916|eu2.Lbscf0018g00030_348-456_1W3B:A:	0	0	0	23	0	35	6	26	0	388
jgi|Lacbi1|328672|fgenesh3_pg.C_scaffold_18000004_1864-1964_1FKM:A:443-630	0	0	1	8	0	10	3	8	0	188
jgi|Lacbi1|190969|estExt_GeneWisePlus_worm.C_180125_16-101_2K3K:A:1-104	2	4	2	3	0	8	7	5	0	98
jgi|Lacbi1|190969|estExt_GeneWisePlus_worm.C_180125_154-242_2U1A:A:	0	4	1	2	0	11	8	4	0	88
jgi|Lacbi1|157553|gwh1.18.23.1_5-336_1WRB:A:164-401	2	8	2	8	0	26	18	9	0	238
jgi|Lacbi1|185317|estExt_GeneWisePlus_human.C_180157_11-202_1SWX:A:	2	0	3	8	0	10	6	12	0	202
jgi|Lacbi1|236402|e_gwh1.18.25.1_38-427_2D5B:A:1-348	3	16	3	14	0	29	15	22	0	348
jgi|Lacbi1|236402|e_gwh1.18.25.1_436-577_1RQG:A:397-606	2	0	1	10	0	14	6	10	0	210
jgi|Lacbi1|154927|gww1.18.174.1_1-102_2C21:A:3-141	0	8	1	3	0	13	7	7	0	139
jgi|Lacbi1|299937|eu2.Lbscf0018g00240_296-346_2HAP:C:55-97	0	0	1	2	0	6	3	2	0	43
jgi|Lacbi1|159502|gwh1.18.51.1_2-247_3B60:A:329-581	4	10	2	9	0	24	18	16	0	253
jgi|Lacbi1|299945|eu2.Lbscf0018g00320_9-103_1A25:A:	1	8	1	2	0	18	10	5	0	132
jgi|Lacbi1|328697|fgenesh3_pg.C_scaffold_18000029_527-688,745-842_2BNH:A:	5	17	2	16	0	59	26	25	0	456
jgi|Lacbi1|328698|fgenesh3_pg.C_scaffold_18000030_159-519_1PGV:A:	2	5	0	7	0	21	9	7	0	167
jgi|Lacbi1|299954|eu2.Lbscf0018g00410_1-122_2NN6:D:25-146	0	5	1	2	0	10	5	2	0	122
jgi|Lacbi1|299954|eu2.Lbscf0018g00410_125-220_2BA0:D:154-252	1	4	0	2	0	4	3	2	0	99
jgi|Lacbi1|299955|eu2.Lbscf0018g00420_117-166_2ADR:A:102-130	2	0	0	1	0	5	2	2	0	29
jgi|Lacbi1|185287|estExt_GeneWisePlus_human.C_180054_27-411_1N8P:A:	5	12	2	13	0	43	33	20	0	393
jgi|Lacbi1|251146|e_gww1.18.89.1_1-246_3B60:A:329-581	4	10	2	9	0	24	18	16	0	253
jgi|Lacbi1|190947|estExt_GeneWisePlus_worm.C_180040_108-498_1EQC:A:	4	8	10	10	0	47	30	30	0	394
jgi|Lacbi1|251065|e_gww1.18.64.1_1-279_1QTW:A:	4	9	5	9	0	34	16	15	0	285
jgi|Lacbi1|185290|estExt_GeneWisePlus_human.C_180064_303-385_1UFM:A:	0	3	0	3	0	8	7	3	0	83
jgi|Lacbi1|185290|estExt_GeneWisePlus_human.C_180064_115-314_1A17:A:	0	0	0	7	0	11	3	7	0	159
jgi|Lacbi1|299976|eu2.Lbscf0018g00630_286-366_1UFM:A:	0	3	0	3	0	8	7	3	0	83
jgi|Lacbi1|328723|fgenesh3_pg.C_scaffold_18000055_9-113_1GDT:A:141-183	0	0	0	3	0	5	3	2	0	43
jgi|Lacbi1|328731|fgenesh3_pg.C_scaffold_18000063_4-121_2BW3:A:163-609	0	5	7	21	0	33	14	25	0	447
jgi|Lacbi1|328732|fgenesh3_pg.C_scaffold_18000064_152-181_1U6P:A:	2	0	1	0	0	10	6	3	0	56
jgi|Lacbi1|299997|eu2.Lbscf0018g00840_265-345_2RSP:A:	1	11	0	1	0	21	11	5	0	124
jgi|Lacbi1|294647|estExt_fgenesh2_pg.C_180066_349-410_1IYM:A:	0	2	0	1	0	11	6	4	0	54
jgi|Lacbi1|236401|e_gwh1.18.164.1_30-273_1JP3:A:	0	6	3	7	0	23	13	11	0	228
jgi|Lacbi1|300013|eu2.Lbscf0018g01000_5-58_1F75:A:	1	6	5	7	0	25	15	11	0	229
jgi|Lacbi1|300014|eu2.Lbscf0018g01010_2-92_1JP3:A:	0	6	3	7	0	23	13	11	0	228
jgi|Lacbi1|300018|eu2.Lbscf0018g01050_62-166_1RY2:A:	13	28	0	20	0	87	54	43	0	640
jgi|Lacbi1|328751|fgenesh3_pg.C_scaffold_18000083_332-461_1L7B:A:	1	4	0	3	0	14	10	4	0	92
jgi|Lacbi1|328751|fgenesh3_pg.C_scaffold_18000083_58-187_1CDZ:A:	1	4	1	3	0	15	6	8	0	96
jgi|Lacbi1|328751|fgenesh3_pg.C_scaffold_18000083_1435-1519_1JNX:X:1649-1757	4	4	0	5	0	15	7	4	0	109
jgi|Lacbi1|328751|fgenesh3_pg.C_scaffold_18000083_17-86_1WF6:A:	1	4	3	3	0	15	14	3	0	131
jgi|Lacbi1|300024|eu2.Lbscf0018g01110_8-67_2DO3:A:462-523	0	5	0	0	0	9	7	3	0	62
jgi|Lacbi1|300036|eu2.Lbscf0018g01230_102-251_1GZH:B:1867-1972	0	4	2	3	0	13	8	9	0	106
jgi|Lacbi1|300037|eu2.Lbscf0018g01240_26-159_1L7B:A:	1	4	0	3	0	14	10	4	0	92
jgi|Lacbi1|294648|estExt_fgenesh2_pg.C_180094_63-143_1HLO:A:	0	0	1	4	0	4	2	2	0	80
jgi|Lacbi1|154298|gww1.18.169.1_23-150_1I12:A:	3	6	3	5	0	13	5	6	0	157
jgi|Lacbi1|149497|gww1.18.116.1_2-92_2AS0:A:73-396	2	14	5	10	0	29	16	20	0	324
jgi|Lacbi1|300067|eu2.Lbscf0018g01540_137-236_1HKS:A:	0	3	0	2	0	14	14	11	0	106
jgi|Lacbi1|300068|eu2.Lbscf0018g01550_245-373_1OXB:B:	0	5	0	5	0	13	11	4	0	124
jgi|Lacbi1|236346|e_gwh1.18.11.1_269-457_1T9F:A:	4	12	2	0	0	29	9	14	0	186
jgi|Lacbi1|185280|estExt_GeneWisePlus_human.C_180038_104-325_1PRY:A:	0	12	1	6	0	21	11	17	0	226
jgi|Lacbi1|144415|gww1.18.45.1_5-355_1PW4:A:	2	0	1	18	0	21	18	22	0	450
jgi|Lacbi1|300100|eu2.Lbscf0018g01870_81-141_1WES:A:	0	2	0	0	0	16	13	4	0	70
jgi|Lacbi1|300104|eu2.Lbscf0018g01910_272-332_1WES:A:	0	2	0	0	0	16	13	4	0	70
jgi|Lacbi1|300106|eu2.Lbscf0018g01930_11-85_1NEX:B:270-369	0	0	0	7	0	9	5	6	0	100
jgi|Lacbi1|300111|eu2.Lbscf0018g01980_39-96_1L7B:A:	1	4	0	3	0	14	10	4	0	92
jgi|Lacbi1|300113|eu2.Lbscf0018g02000_1-46_1E79:I:	0	1	0	1	0	5	4	4	0	47
jgi|Lacbi1|251181|e_gww1.18.95.1_6-131,164-209_1Z0A:A:2-170	0	6	1	6	0	17	7	13	0	169
jgi|Lacbi1|300115|eu2.Lbscf0018g02020_36-188_1VHR:A:	2	5	1	8	0	14	9	10	0	178
jgi|Lacbi1|300117|eu2.Lbscf0018g02040_46-440_1PW4:A:	2	0	1	18	0	21	18	22	0	450
jgi|Lacbi1|300119|eu2.Lbscf0018g02060_18-214_1XJD:A:	8	7	5	9	0	32	15	17	0	320
jgi|Lacbi1|163585|gwh1.18.109.1_15-127_1OCR:D:	2	2	4	5	0	13	11	7	0	144
jgi|Lacbi1|300125|eu2.Lbscf0018g02120_14-226_1FOT:A:	5	9	4	10	0	37	20	19	0	316
jgi|Lacbi1|236364|e_gwh1.18.19.1_228-460_2HYE:C:403-675	1	8	3	9	0	25	16	11	0	273
jgi|Lacbi1|300135|eu2.Lbscf0018g02220_64-255_1YZH:A:8-211	0	8	5	7	0	20	17	12	0	204
jgi|Lacbi1|300140|eu2.Lbscf0018g02270_122-215_2PYT:A:100-227	2	9	3	0	0	17	6	8	0	128
jgi|Lacbi1|328829|fgenesh3_pg.C_scaffold_18000161_261-365_1PGV:A:	2	5	0	7	0	21	9	7	0	167
jgi|Lacbi1|328831|fgenesh3_pg.C_scaffold_18000163_556-624_2PYT:A:100-227	2	9	3	0	0	17	6	8	0	128
jgi|Lacbi1|294663|estExt_fgenesh2_pg.C_180157_367-514_1FQV:A:146-431	8	13	3	8	0	55	21	24	0	286
jgi|Lacbi1|300149|eu2.Lbscf0018g02360_45-184_1VL8:A:	2	7	6	9	0	25	10	14	0	251
jgi|Lacbi1|300150|eu2.Lbscf0018g02370_26-457_2CTZ:A:1-421	7	12	6	18	0	48	21	31	0	421
jgi|Lacbi1|300157|eu2.Lbscf0018g02440_10-143_1HDC:A:	2	7	5	9	0	23	16	15	0	254
jgi|Lacbi1|300168|eu2.Lbscf0018g02550_38-72_1J46:A:	0	0	0	3	0	5	3	3	0	84
jgi|Lacbi1|300170|eu2.Lbscf0018g02570_2-143_1MC8:A:2-220	4	7	3	6	0	30	20	11	0	219
jgi|Lacbi1|300170|eu2.Lbscf0018g02570_128-166,211-279_1A77:A:209-316	0	0	0	6	0	9	3	6	0	108
jgi|Lacbi1|328853|fgenesh3_pg.C_scaffold_18000185_197-367_1A0P:A:111-292	4	3	3	8	0	17	7	7	0	182
jgi|Lacbi1|300178|eu2.Lbscf0018g02650_30-274_1P22:A:253-545	0	28	0	1	0	35	23	13	0	293
jgi|Lacbi1|300194|eu2.Lbscf0018g02810_2-110_2GW6:A:2-123	0	6	0	3	0	13	8	7	0	122
jgi|Lacbi1|300196|eu2.Lbscf0018g02830_40-160_2YVT:A:4-260	4	14	3	6	0	25	16	13	0	257
jgi|Lacbi1|300200|eu2.Lbscf0018g02870_6-70_1GUW:A:	2	5	0	1	0	12	6	4	0	72
jgi|Lacbi1|251110|e_gww1.18.7.1_434-596_1B89:A:	0	0	2	22	0	24	7	21	0	336
jgi|Lacbi1|251110|e_gww1.18.7.1_949-998_1BOR:A:	2	0	0	0	0	13	12	2	0	56
jgi|Lacbi1|251110|e_gww1.18.7.1_96-280_1PGU:A:327-613	0	28	0	0	0	31	21	20	0	287
jgi|Lacbi1|300208|eu2.Lbscf0018g02950_3-153_2BW3:A:163-609	0	5	7	21	0	33	14	25	0	447
jgi|Lacbi1|300210|eu2.Lbscf0018g02970_270-324_2BW3:A:79-162	2	0	1	4	0	8	3	1	0	84
jgi|Lacbi1|300256|eu2.Lbscf0019g00020_174-248_1U79:A:	4	9	2	2	0	19	5	10	0	125
jgi|Lacbi1|300257|eu2.Lbscf0019g00030_229-265_1CHC:A:	0	3	0	1	0	9	8	3	0	68
jgi|Lacbi1|300263|eu2.Lbscf0019g00090_7-321_1VYH:C:92-408	0	28	1	0	0	39	25	14	0	317
jgi|Lacbi1|328907|fgenesh3_pg.C_scaffold_19000019_346-543_1A4Y:A:	2	17	3	16	0	56	24	32	0	460
jgi|Lacbi1|144317|gww1.19.30.1_4-148_1ELK:A:	0	0	1	9	0	11	7	9	0	153
jgi|Lacbi1|144317|gww1.19.30.1_175-306_1OXZ:A:	0	0	0	5	0	7	5	4	0	132
jgi|Lacbi1|300302|eu2.Lbscf0019g00480_3-115_2I7T:A:9-459	0	22	5	10	0	45	27	19	0	451
jgi|Lacbi1|144177|gww1.19.27.1_4-148_1ELK:A:	0	0	1	9	0	11	7	9	0	153
jgi|Lacbi1|144177|gww1.19.27.1_175-306_1OXZ:A:	0	0	0	5	0	7	5	4	0	132
jgi|Lacbi1|294677|estExt_fgenesh2_pg.C_190033_34-80_1ZFD:A:	2	0	1	1	0	4	2	2	0	32
jgi|Lacbi1|300315|eu2.Lbscf0019g00610_134-301_2BW3:A:163-609	0	5	7	21	0	33	14	25	0	447
jgi|Lacbi1|174313|estExt_Genewise1_human.C_190114_4-147_1JAT:A:	3	5	1	4	0	17	8	12	0	154
jgi|Lacbi1|294681|estExt_fgenesh2_pg.C_190051_265-330,362-487_2BNH:A:	5	17	2	16	0	59	26	25	0	456
jgi|Lacbi1|251245|e_gww1.19.101.1_20-70_1XD3:B:	3	5	1	1	0	10	1	6	0	75
jgi|Lacbi1|294682|estExt_fgenesh2_pg.C_190057_1302-1367_1IYM:A:	0	2	0	1	0	11	6	4	0	54
jgi|Lacbi1|300335|eu2.Lbscf0019g00810_2-35_1PMR:A:	8	4	0	0	0	18	6	3	0	80
jgi|Lacbi1|300342|eu2.Lbscf0019g00880_112-275_1WLJ:A:	0	7	1	7	0	16	4	10	0	173
jgi|Lacbi1|300343|eu2.Lbscf0019g00890_8-277_1OKC:A:	0	0	6	11	0	19	10	9	0	292
jgi|Lacbi1|328950|fgenesh3_pg.C_scaffold_19000062_191-539_1GT9:1:	7	17	5	9	0	41	25	20	0	357
jgi|Lacbi1|328950|fgenesh3_pg.C_scaffold_19000062_9-173_1T1E:A:12-190	2	11	1	4	0	23	7	12	0	179
jgi|Lacbi1|300353|eu2.Lbscf0019g00990_25-169,211-344_1HOW:A:	5	10	4	11	0	39	18	24	0	362
jgi|Lacbi1|236531|e_gwh1.19.39.1_20-58,100-303_2H1I:A:1-202	0	11	0	5	0	23	15	13	0	202
jgi|Lacbi1|142277|gww1.19.6.1_55-307_2AP9:A:6-296	4	14	2	11	0	27	16	16	0	291
jgi|Lacbi1|142277|gww1.19.6.1_519-632_1VKN:A:1-144,A:308-339	3	6	2	7	0	19	10	11	1	176
jgi|Lacbi1|236527|e_gwh1.19.10.1_24-420_1AUI:A:	6	14	3	13	0	41	29	19	0	473
jgi|Lacbi1|300363|eu2.Lbscf0019g01090_88-176_1X4G:A:8-103	0	6	0	3	0	12	8	3	0	96
jgi|Lacbi1|328962|fgenesh3_pg.C_scaffold_19000074_425-495,541-662_1J7L:A:	1	10	2	9	0	29	20	16	0	263
jgi|Lacbi1|300368|eu2.Lbscf0019g01140_429-632_1FP2:A:109-352	1	9	4	13	0	24	10	15	0	244
jgi|Lacbi1|300368|eu2.Lbscf0019g01140_159-245_1KYW:A:13-119	1	2	0	6	0	9	4	10	0	107
jgi|Lacbi1|300371|eu2.Lbscf0019g01170_1-326_1Y1P:A:2-343	0	12	1	11	0	37	20	20	0	342
jgi|Lacbi1|251291|e_gww1.19.25.1_155-433_1V4E:A:	0	2	1	14	0	18	6	12	0	280
jgi|Lacbi1|300387|eu2.Lbscf0019g01330_424-659_2DFK:A:37-239	0	0	2	10	0	10	6	10	0	203
jgi|Lacbi1|300387|eu2.Lbscf0019g01330_212-396_1KI1:B:1229-1438	0	0	2	10	0	7	5	12	0	210
jgi|Lacbi1|300387|eu2.Lbscf0019g01330_676-745,822-856_1KI1:B:1439-1580	4	9	1	1	0	17	10	3	0	142
jgi|Lacbi1|300388|eu2.Lbscf0019g01340_62-133_1LM8:C:	0	3	1	4	0	9	4	6	0	96
jgi|Lacbi1|300390|eu2.Lbscf0019g01360_44-100_1WIN:A:	0	6	0	5	0	15	6	3	0	142
jgi|Lacbi1|294692|estExt_fgenesh2_pg.C_190094_17-288_1HYQ:A:	0	8	2	11	0	23	12	9	0	232
jgi|Lacbi1|300400|eu2.Lbscf0019g01460_9-322_1UPK:A:	2	0	4	20	0	16	12	16	0	330
jgi|Lacbi1|294694|estExt_fgenesh2_pg.C_190096_3-304_1AOG:A:170-286	1	7	1	3	0	15	10	7	0	117
jgi|Lacbi1|300403|eu2.Lbscf0019g01490_174-462_1OYW:A:1-206	0	7	2	10	0	22	14	12	0	206
jgi|Lacbi1|163010|gwh1.19.72.1_1-143_1Y6L:A:	3	4	1	4	0	17	8	10	0	148
jgi|Lacbi1|300409|eu2.Lbscf0019g01550_1359-1619_1MVH:A:	5	15	3	2	0	50	27	17	0	269
jgi|Lacbi1|300410|eu2.Lbscf0019g01560_91-201,327-353_1ELW:A:	0	0	0	7	0	11	0	7	0	117
jgi|Lacbi1|300411|eu2.Lbscf0019g01570_38-345_1W3B:A:	0	0	0	23	0	35	6	26	0	388
jgi|Lacbi1|300411|eu2.Lbscf0019g01570_326-428_1ELW:A:	0	0	0	7	0	11	0	7	0	117
jgi|Lacbi1|300414|eu2.Lbscf0019g01600_470-528_2IUB:A:286-349	0	0	0	2	0	2	2	2	0	64
jgi|Lacbi1|294697|estExt_fgenesh2_pg.C_190105_481-539_2IUB:A:286-349	0	0	0	2	0	2	2	2	0	64
jgi|Lacbi1|329000|fgenesh3_pg.C_scaffold_19000112_110-235_1ZWX:A:41-333	6	14	2	5	0	34	21	18	0	293
jgi|Lacbi1|236602|e_gwh1.19.16.1_2-451_1PQ2:A:	6	9	3	17	0	42	25	31	0	463
jgi|Lacbi1|329003|fgenesh3_pg.C_scaffold_19000115_75-216_1RFL:A:	0	4	1	5	0	22	18	7	0	171
jgi|Lacbi1|294700|estExt_fgenesh2_pg.C_190113_67-211_1RFL:A:	0	4	1	5	0	22	18	7	0	171
jgi|Lacbi1|329005|fgenesh3_pg.C_scaffold_19000117_7-122_1RFL:A:	0	4	1	5	0	22	18	7	0	171
jgi|Lacbi1|236600|e_gwh1.19.69.1_7-149_2E9X:A:1-144	0	0	1	5	0	10	7	5	0	144
jgi|Lacbi1|240464|e_gwh1.57.32.1_7-149_2E9X:A:1-144	0	0	1	5	0	10	7	5	0	144
jgi|Lacbi1|329014|fgenesh3_pg.C_scaffold_19000126_505-563_1FS1:A:109-149	0	0	2	3	0	6	2	3	0	41
jgi|Lacbi1|163800|gwh1.19.79.1_5-53_1Y7M:A:1-48	0	2	0	1	1	9	3	6	0	48
jgi|Lacbi1|163800|gwh1.19.79.1_60-104_1Y7M:A:1-48	0	2	0	1	1	9	3	6	0	48
jgi|Lacbi1|300463|eu2.Lbscf0019g02090_9-235_2FL4:A:1-146	0	6	1	4	0	14	5	10	0	146
jgi|Lacbi1|329034|fgenesh3_pg.C_scaffold_19000146_233-456_1FQV:A:146-431	8	13	3	8	0	55	21	24	0	286
jgi|Lacbi1|329035|fgenesh3_pg.C_scaffold_19000147_53-237_1ZTP:A:17-250	2	9	2	7	0	29	19	12	0	234
jgi|Lacbi1|294704|estExt_fgenesh2_pg.C_190143_182-400_1PGV:A:	2	5	0	7	0	21	9	7	0	167
jgi|Lacbi1|329038|fgenesh3_pg.C_scaffold_19000150_762-1068_1O6V:A:33-416	1	19	16	2	0	68	27	29	0	381
jgi|Lacbi1|251253|e_gww1.19.22.1_55-493_1PV7:A:	0	0	2	22	0	18	12	14	0	417
jgi|Lacbi1|329040|fgenesh3_pg.C_scaffold_19000152_760-971_1FQV:A:146-431	8	13	3	8	0	55	21	24	0	286
jgi|Lacbi1|329040|fgenesh3_pg.C_scaffold_19000152_167-361_1PGV:A:	2	5	0	7	0	21	9	7	0	167
jgi|Lacbi1|329040|fgenesh3_pg.C_scaffold_19000152_582-647_1P22:A:135-252	0	0	2	7	0	7	4	6	0	114
jgi|Lacbi1|329041|fgenesh3_pg.C_scaffold_19000153_77-519_1PV7:A:	0	0	2	22	0	18	12	14	0	417
jgi|Lacbi1|329047|fgenesh3_pg.C_scaffold_19000159_246-330,370-436,477-575_1A4Y:A:	2	17	3	16	0	56	24	32	0	460
jgi|Lacbi1|300491|eu2.Lbscf0019g02370_18-236_1ODK:A:	0	9	2	7	0	19	10	10	0	234
jgi|Lacbi1|251259|e_gww1.19.50.1_23-266_1W6U:A:	2	7	4	11	0	28	15	17	0	294
jgi|Lacbi1|329051|fgenesh3_pg.C_scaffold_19000163_466-588_1NYO:A:	5	7	0	8	0	18	16	11	0	163
jgi|Lacbi1|329051|fgenesh3_pg.C_scaffold_19000163_263-336,409-433_1NYO:A:	5	7	0	8	0	18	16	11	0	163
jgi|Lacbi1|300502|eu2.Lbscf0019g02480_75-355_1GY9:A:	6	15	2	7	0	34	19	14	0	279
jgi|Lacbi1|300503|eu2.Lbscf0019g02490_170-218_1ZME:C:31-66	0	0	0	2	0	4	1	2	0	36
jgi|Lacbi1|174286|estExt_Genewise1_human.C_190007_30-335,539-600_1CF3:A:3-324,A:521-583	17	12	7	11	0	49	28	29	1	385
jgi|Lacbi1|174286|estExt_Genewise1_human.C_190007_342-543_1GPE:A:329-524	4	8	4	7	0	18	14	8	0	196
jgi|Lacbi1|300506|eu2.Lbscf0019g02520_32-113_1SHF:A:	3	5	1	0	0	9	3	2	0	59
jgi|Lacbi1|300506|eu2.Lbscf0019g02520_116-169_1SHF:A:	3	5	1	0	0	9	3	2	0	59
jgi|Lacbi1|300506|eu2.Lbscf0019g02520_172-230_1SHF:A:	3	5	1	0	0	9	3	2	0	59
jgi|Lacbi1|300507|eu2.Lbscf0019g02530_67-129_1UJ0:A:	3	5	1	0	0	8	4	3	0	61
jgi|Lacbi1|300507|eu2.Lbscf0019g02530_134-191_1QCF:A:80-145	3	5	2	0	0	9	2	5	0	65
jgi|Lacbi1|294710|estExt_fgenesh2_pg.C_190168_169-397_2GVC:A:3-180,A:288-444	5	14	3	8	0	38	25	20	1	335
jgi|Lacbi1|294710|estExt_fgenesh2_pg.C_190168_18-94_2AYU:A:70-370	3	6	4	8	0	25	17	14	0	301
jgi|Lacbi1|294710|estExt_fgenesh2_pg.C_190168_416-546_2GVC:A:3-180,A:288-444	5	14	3	8	0	38	25	20	1	335
jgi|Lacbi1|300515|eu2.Lbscf0019g02610_294-338_1F6U:A:	2	2	3	0	0	10	5	3	0	55
jgi|Lacbi1|251340|e_gww1.19.31.1_16-288_1A06:A:	4	8	4	10	0	29	20	14	0	307
jgi|Lacbi1|329072|fgenesh3_pg.C_scaffold_19000184_223-305_1SHF:A:	3	5	1	0	0	9	3	2	0	59
jgi|Lacbi1|329072|fgenesh3_pg.C_scaffold_19000184_370-408_1QCF:A:80-145	3	5	2	0	0	9	2	5	0	65
jgi|Lacbi1|329073|fgenesh3_pg.C_scaffold_19000185_216-291_1SHF:A:	3	5	1	0	0	9	3	2	0	59
jgi|Lacbi1|300535|eu2.Lbscf0019g02810_9-277_1DCI:A:	3	9	4	11	0	22	16	14	0	275
jgi|Lacbi1|300536|eu2.Lbscf0019g02820_222-513_1PW4:A:	2	0	1	18	0	21	18	22	0	450
jgi|Lacbi1|191009|estExt_GeneWisePlus_worm.C_190085_17-497_1BXS:A:	5	22	2	17	0	52	33	26	0	494
jgi|Lacbi1|300543|eu2.Lbscf0019g02890_668-1081_1ZHX:A:2-434	5	19	10	9	0	46	21	29	0	433
jgi|Lacbi1|300543|eu2.Lbscf0019g02890_260-362_1X1G:A:8-123	0	7	0	1	0	18	14	3	0	116
jgi|Lacbi1|300543|eu2.Lbscf0019g02890_53-127,197-235_1AWC:B:	0	0	0	10	0	18	2	16	0	153
jgi|Lacbi1|300544|eu2.Lbscf0019g02900_103-338_1LPU:A:	1	9	10	13	0	32	15	13	0	327
jgi|Lacbi1|251460|e_gww1.20.127.1_1-85_1BH9:B:	0	0	0	4	0	6	2	2	0	89
jgi|Lacbi1|329272|fgenesh3_pg.C_scaffold_20000179_1046-1150_1UWH:A:	2	8	4	8	0	28	15	13	0	276
jgi|Lacbi1|302344|eu2.Lbscf0020g02590_6-195_1UWH:A:	2	8	4	8	0	28	15	13	0	276
jgi|Lacbi1|302345|eu2.Lbscf0020g02600_2-142_1YB5:A:6-120,A:295-329	2	9	3	2	0	18	11	6	1	150
jgi|Lacbi1|302345|eu2.Lbscf0020g02600_118-264_1YB5:A:121-294	0	7	1	8	0	16	8	12	0	174
jgi|Lacbi1|236676|e_gwh1.20.123.1_1-85_1BH9:B:	0	0	0	4	0	6	2	2	0	89
jgi|Lacbi1|302090|eu2.Lbscf0020g00050_6-202_1UWH:A:	2	8	4	8	0	28	15	13	0	276
jgi|Lacbi1|329103|fgenesh3_pg.C_scaffold_20000010_517-609_1KFS:A:324-518	0	6	2	7	0	16	14	9	0	195
jgi|Lacbi1|302109|eu2.Lbscf0020g00240_103-277_1UWH:A:	2	8	4	8	0	28	15	13	0	276
jgi|Lacbi1|329110|fgenesh3_pg.C_scaffold_20000017_366-503_1FMK:A:249-533	3	7	5	9	0	31	16	14	0	285
jgi|Lacbi1|302134|eu2.Lbscf0020g00490_379-650_1UWH:A:	2	8	4	8	0	28	15	13	0	276
jgi|Lacbi1|251364|e_gww1.20.163.1_3-137_1YB5:A:6-120,A:295-329	2	9	3	2	0	18	11	6	1	150
jgi|Lacbi1|251364|e_gww1.20.163.1_114-258_1YB5:A:121-294	0	7	1	8	0	16	8	12	0	174
jgi|Lacbi1|302136|eu2.Lbscf0020g00510_221-409_1DKG:D:186-383	1	6	1	6	0	13	10	7	0	198
jgi|Lacbi1|302136|eu2.Lbscf0020g00510_16-208_1DKG:D:3-185	4	12	2	5	0	21	12	11	0	183
jgi|Lacbi1|294716|estExt_fgenesh2_pg.C_200029_2-112_6PAX:A:69-133	0	0	0	3	0	7	3	4	0	65
jgi|Lacbi1|302141|eu2.Lbscf0020g00560_1-52_1EGW:A:	0	2	0	2	0	8	4	2	0	71
jgi|Lacbi1|191020|estExt_GeneWisePlus_worm.C_200024_3-296_2NYM:C:2-294	4	13	0	11	0	29	23	16	0	293
jgi|Lacbi1|302147|eu2.Lbscf0020g00620_383-658_1UWH:A:	2	8	4	8	0	28	15	13	0	276
jgi|Lacbi1|174328|estExt_Genewise1_human.C_200095_4-197_1QMV:A:	7	9	2	6	0	23	11	16	0	197
jgi|Lacbi1|236702|e_gwh1.20.8.1_343-440,494-701_1QG8:A:	2	9	4	8	0	22	13	12	0	255
jgi|Lacbi1|302157|eu2.Lbscf0020g00720_922-1021_1K3I:A:538-639	3	10	0	0	0	15	10	5	0	102
jgi|Lacbi1|302157|eu2.Lbscf0020g00720_569-918_1K3I:A:151-537	9	30	6	0	0	59	29	25	0	387
jgi|Lacbi1|302159|eu2.Lbscf0020g00740_88-256_1PUJ:A:	2	6	3	10	0	26	16	16	0	273
jgi|Lacbi1|329145|fgenesh3_pg.C_scaffold_20000052_286-376,427-551_1B9D:A:	2	5	2	5	0	12	5	4	0	154
jgi|Lacbi1|329160|fgenesh3_pg.C_scaffold_20000067_1005-1221_2CKH:A:419-643	2	6	1	8	0	22	10	13	0	225
jgi|Lacbi1|302190|eu2.Lbscf0020g01050_5-189_1XZP:A:212-371	1	6	1	6	0	15	10	10	0	160
jgi|Lacbi1|329171|fgenesh3_pg.C_scaffold_20000078_122-366_1IOW:A:97-306	1	10	1	8	0	21	10	13	0	210
jgi|Lacbi1|329171|fgenesh3_pg.C_scaffold_20000078_36-122_1E4E:A:2-131	1	7	0	3	0	15	9	9	0	130
jgi|Lacbi1|329174|fgenesh3_pg.C_scaffold_20000081_73-243,276-388_1QAS:A:299-625	3	11	6	8	0	35	21	20	0	327
jgi|Lacbi1|294724|estExt_fgenesh2_pg.C_200081_43-141_1UHT:A:	3	9	0	0	0	18	9	7	0	117
jgi|Lacbi1|185358|estExt_GeneWisePlus_human.C_200023_27-428_1EQC:A:	4	8	10	10	0	47	30	30	0	394
jgi|Lacbi1|294727|estExt_fgenesh2_pg.C_200085_141-188_2FV6:A:503-544	0	0	0	2	0	8	7	1	0	42
jgi|Lacbi1|329183|fgenesh3_pg.C_scaffold_20000090_23-250_2IUW:A:70-279	2	14	1	4	0	25	13	5	0	210
jgi|Lacbi1|302208|eu2.Lbscf0020g01230_7-48_1WEN:A:	0	2	0	0	0	14	12	4	0	70
jgi|Lacbi1|307145|eu2.Lbscf0034g00100_7-48_1WEN:A:	0	2	0	0	0	14	12	4	0	70
jgi|Lacbi1|302213|eu2.Lbscf0020g01280_18-437_2BW3:A:163-609	0	5	7	21	0	33	14	25	0	447
jgi|Lacbi1|302224|eu2.Lbscf0020g01390_95-209,241-358_1LPU:A:	1	9	10	13	0	32	15	13	0	327
jgi|Lacbi1|191040|estExt_GeneWisePlus_worm.C_200147_1-170,1064-1173_1XEW:X:,Y:	2	15	2	9	0	30	20	14	1	329
jgi|Lacbi1|191040|estExt_GeneWisePlus_worm.C_200147_484-688_1GXL:A:	2	8	4	7	0	19	12	14	0	205
jgi|Lacbi1|236666|e_gwh1.20.192.1_30-165_1HOW:A:	5	10	4	11	0	39	18	24	0	362
jgi|Lacbi1|329210|fgenesh3_pg.C_scaffold_20000117_2-137_1B43:A:1-219	4	9	3	8	0	25	14	14	0	219
jgi|Lacbi1|329210|fgenesh3_pg.C_scaffold_20000117_710-881_1A41:A:	2	5	1	10	0	14	7	14	0	230
jgi|Lacbi1|329211|fgenesh3_pg.C_scaffold_20000118_2-176,204-225_1MC8:A:2-220	4	7	3	6	0	30	20	11	0	219
jgi|Lacbi1|329211|fgenesh3_pg.C_scaffold_20000118_210-252,295-370_1A77:A:209-316	0	0	0	6	0	9	3	6	0	108
jgi|Lacbi1|302248|eu2.Lbscf0020g01630_108-140_1QNA:A:17-115	0	6	0	2	0	8	6	5	0	99
jgi|Lacbi1|185377|estExt_GeneWisePlus_human.C_200164_15-100_1WZ0:A:8-100	1	4	0	1	0	14	8	6	0	91
jgi|Lacbi1|251514|e_gww1.20.9.1_53-330,507-572_1O6L:A:	6	9	5	10	0	39	20	21	0	337
jgi|Lacbi1|251514|e_gww1.20.9.1_687-746,788-834_1UL7:A:	1	4	1	2	0	12	5	2	0	101
jgi|Lacbi1|251532|e_gww1.20.49.1_8-348_1OTH:A:185-354	3	5	2	7	0	22	9	13	0	170
jgi|Lacbi1|302260|eu2.Lbscf0020g01750_17-186_3BI7:A:414-617	2	8	2	4	0	23	14	13	0	204
jgi|Lacbi1|179760|estExt_Genewise1_worm.C_200047_2-244_1YRB:A:1-244	0	7	3	11	0	22	15	9	0	245
jgi|Lacbi1|236681|e_gwh1.20.74.1_29-312_1GZ8:A:	3	8	3	10	0	29	17	22	0	298
jgi|Lacbi1|294745|estExt_fgenesh2_pg.C_200138_411-576_1A4Y:A:	2	17	3	16	0	56	24	32	0	460
jgi|Lacbi1|329236|fgenesh3_pg.C_scaffold_20000143_104-304_1FQV:A:146-431	8	13	3	8	0	55	21	24	0	286
jgi|Lacbi1|191037|estExt_GeneWisePlus_worm.C_200141_7-334_1BK4:A:	4	13	5	8	0	33	15	14	0	332
jgi|Lacbi1|294746|estExt_fgenesh2_pg.C_200140_1-243_1TUB:B:1-245	2	5	1	8	0	23	21	13	0	243
jgi|Lacbi1|294746|estExt_fgenesh2_pg.C_200140_244-429_1TUB:B:246-437	1	4	4	7	1	21	16	10	0	184
jgi|Lacbi1|294748|estExt_fgenesh2_pg.C_200142_556-825_1A9X:A:128-402	4	11	3	7	0	30	24	12	0	275
jgi|Lacbi1|294748|estExt_fgenesh2_pg.C_200142_1876-2170_1TUG:A:1-150,A:151-310	5	9	6	10	0	36	22	16	1	310
jgi|Lacbi1|294748|estExt_fgenesh2_pg.C_200142_1095-1354_1A9X:A:677-935	1	11	2	8	0	28	16	9	0	259
jgi|Lacbi1|294748|estExt_fgenesh2_pg.C_200142_213-409_1A9X:B:1653-1880	4	10	1	6	0	22	14	15	0	228
jgi|Lacbi1|294748|estExt_fgenesh2_pg.C_200142_820-976_1A9X:A:403-555	3	2	1	7	0	15	8	10	0	153
jgi|Lacbi1|294748|estExt_fgenesh2_pg.C_200142_20-163_1A9X:B:1502-1652	4	7	2	4	0	22	12	6	0	151
jgi|Lacbi1|294748|estExt_fgenesh2_pg.C_200142_978-1096_1A9X:A:556-676	3	4	0	6	0	13	10	8	0	121
jgi|Lacbi1|294748|estExt_fgenesh2_pg.C_200142_436-558_1A9X:A:1-127	2	5	2	5	0	17	8	6	0	127
jgi|Lacbi1|294748|estExt_fgenesh2_pg.C_200142_1519-1775_1XRT:A:56-365	5	7	4	10	0	31	14	12	0	310
jgi|Lacbi1|294748|estExt_fgenesh2_pg.C_200142_1361-1512_1ZCZ:A:1-157	0	5	3	6	0	14	8	7	0	157
jgi|Lacbi1|251443|e_gww1.20.156.1_7-368_1HLG:A:	6	8	6	17	0	44	23	24	0	371
jgi|Lacbi1|329245|fgenesh3_pg.C_scaffold_20000152_243-476_2FG5:A:3-167	2	6	2	5	0	16	8	10	0	165
jgi|Lacbi1|329245|fgenesh3_pg.C_scaffold_20000152_705-878_1TJC:A:	0	0	0	5	0	8	1	4	0	95
jgi|Lacbi1|329250|fgenesh3_pg.C_scaffold_20000157_80-151_2E9X:D:21-165	0	0	2	6	0	10	5	5	0	145
jgi|Lacbi1|294752|estExt_fgenesh2_pg.C_200155_5-190_1AVO:A:,B:	2	0	1	6	0	11	5	6	1	200
jgi|Lacbi1|329257|fgenesh3_pg.C_scaffold_20000164_181-392_1FQV:A:146-431	8	13	3	8	0	55	21	24	0	286
jgi|Lacbi1|294753|estExt_fgenesh2_pg.C_200163_85-194_2E9X:D:21-165	0	0	2	6	0	10	5	5	0	145
jgi|Lacbi1|294753|estExt_fgenesh2_pg.C_200163_203-253_2E9X:D:166-223	0	5	1	1	0	9	3	3	0	58
jgi|Lacbi1|302396|eu2.Lbscf0021g00010_181-375_2CKH:A:419-643	2	6	1	8	0	22	10	13	0	225
jgi|Lacbi1|185408|estExt_GeneWisePlus_human.C_210124_7-233_1SOX:A:94-343	1	13	5	6	0	31	18	16	0	250
jgi|Lacbi1|185408|estExt_GeneWisePlus_human.C_210124_251-351_1OGP:A:263-389	1	9	0	1	0	18	13	6	0	127
jgi|Lacbi1|302404|eu2.Lbscf0021g00090_3-146_1WIC:A:	6	7	0	1	0	23	14	3	0	151
jgi|Lacbi1|251630|e_gww1.21.69.1_23-195_1D6J:A:	0	5	1	6	0	19	12	6	0	203
jgi|Lacbi1|329291|fgenesh3_pg.C_scaffold_21000008_77-221_1H65:A:	3	11	4	7	0	28	14	12	0	269
jgi|Lacbi1|329297|fgenesh3_pg.C_scaffold_21000014_719-871_1KFS:A:324-518	0	6	2	7	0	16	14	9	0	195
jgi|Lacbi1|329298|fgenesh3_pg.C_scaffold_21000015_446-563_1TQI:A:91-282	0	10	1	4	0	15	9	8	0	192
jgi|Lacbi1|251575|e_gww1.21.26.1_127-403_1FJM:A:	2	14	0	10	0	35	21	16	0	294
jgi|Lacbi1|302419|eu2.Lbscf0021g00240_2-200_1MC8:A:2-220	4	7	3	6	0	30	20	11	0	219
jgi|Lacbi1|329308|fgenesh3_pg.C_scaffold_21000025_65-160_1P5Q:A:258-427	0	0	1	7	0	10	2	6	0	170
jgi|Lacbi1|329338|fgenesh3_pg.C_scaffold_21000055_807-934_1IA9:A:	5	14	4	6	0	31	17	13	0	278
jgi|Lacbi1|329339|fgenesh3_pg.C_scaffold_21000056_20-212_1WDT:A:8-274	2	11	3	9	0	22	15	13	0	267
jgi|Lacbi1|302478|eu2.Lbscf0021g00830_8-258_1OYW:A:207-406	1	6	0	8	0	23	16	13	0	200
jgi|Lacbi1|329347|fgenesh3_pg.C_scaffold_21000064_5-94,121-134_1SVI:A:	2	7	3	5	0	16	8	11	0	195
jgi|Lacbi1|294760|estExt_fgenesh2_pg.C_210061_52-213_1F5N:A:7-283	4	9	4	10	0	28	18	11	0	277
jgi|Lacbi1|302488|eu2.Lbscf0021g00930_11-201_1SVI:A:	2	7	3	5	0	16	8	11	0	195
jgi|Lacbi1|302488|eu2.Lbscf0021g00930_259-438_1RFL:A:	0	4	1	5	0	22	18	7	0	171
jgi|Lacbi1|302491|eu2.Lbscf0021g00960_24-183_1PUI:A:	2	7	3	5	0	15	9	7	0	188
jgi|Lacbi1|302493|eu2.Lbscf0021g00980_29-188_1H65:A:	3	11	4	7	0	28	14	12	0	269
jgi|Lacbi1|302493|eu2.Lbscf0021g00980_201-368_1H65:A:	3	11	4	7	0	28	14	12	0	269
jgi|Lacbi1|294761|estExt_fgenesh2_pg.C_210064_17-208_1H65:A:	3	11	4	7	0	28	14	12	0	269
jgi|Lacbi1|329353|fgenesh3_pg.C_scaffold_21000070_155-300_1U0L:A:69-293	0	8	2	7	0	24	18	13	0	225
jgi|Lacbi1|302498|eu2.Lbscf0021g01030_13-191_1RFL:A:	0	4	1	5	0	22	18	7	0	171
jgi|Lacbi1|329355|fgenesh3_pg.C_scaffold_21000072_77-190_1WF3:A:3-180	1	6	2	5	0	17	15	11	0	178
jgi|Lacbi1|302511|eu2.Lbscf0021g01160_3-264_1BYG:A:	2	8	4	9	0	25	10	13	0	262
jgi|Lacbi1|302511|eu2.Lbscf0021g01160_349-511_1F5N:A:7-283	4	9	4	10	0	28	18	11	0	277
jgi|Lacbi1|302514|eu2.Lbscf0021g01190_23-191_1WF3:A:3-180	1	6	2	5	0	17	15	11	0	178
jgi|Lacbi1|294762|estExt_fgenesh2_pg.C_210079_19-188_1KY3:A:	2	6	1	5	0	19	10	9	0	175
jgi|Lacbi1|302516|eu2.Lbscf0021g01210_1-137_1WF3:A:3-180	1	6	2	5	0	17	15	11	0	178
jgi|Lacbi1|302516|eu2.Lbscf0021g01210_177-347_1PUJ:A:	2	6	3	10	0	26	16	16	0	273
jgi|Lacbi1|302517|eu2.Lbscf0021g01220_9-181_2ONK:A:1-240	2	9	2	9	0	23	17	15	0	240
jgi|Lacbi1|302523|eu2.Lbscf0021g01280_267-315_2CSH:A:8-60	0	4	0	2	0	6	6	3	0	53
jgi|Lacbi1|302525|eu2.Lbscf0021g01300_144-194_2CSH:A:8-60	0	4	0	2	0	6	6	3	0	53
jgi|Lacbi1|185404|estExt_GeneWisePlus_human.C_210102_5-173_1YB5:A:6-120,A:295-329	2	9	3	2	0	18	11	6	1	150
jgi|Lacbi1|185404|estExt_GeneWisePlus_human.C_210102_117-261_1QOR:A:113-291	2	6	1	8	0	15	10	12	0	179
jgi|Lacbi1|251570|e_gww1.21.50.1_147-237_1X4B:A:8-110	0	5	0	3	0	10	8	6	0	103
jgi|Lacbi1|236837|e_gwh1.21.47.1_74-99_1M9O:A:	0	0	2	0	0	8	6	3	0	76
jgi|Lacbi1|251637|e_gww1.21.52.1_14-168_1F5N:A:7-283	4	9	4	10	0	28	18	11	0	277
jgi|Lacbi1|302569|eu2.Lbscf0021g01740_82-146_1H65:A:	3	11	4	7	0	28	14	12	0	269
jgi|Lacbi1|302570|eu2.Lbscf0021g01750_9-152_2ONK:A:1-240	2	9	2	9	0	23	17	15	0	240
jgi|Lacbi1|294772|estExt_fgenesh2_pg.C_210116_102-173_1H65:A:	3	11	4	7	0	28	14	12	0	269
jgi|Lacbi1|302572|eu2.Lbscf0021g01770_18-109_1HV8:A:3-210	0	7	1	9	0	25	17	9	0	208
jgi|Lacbi1|150072|gww1.21.88.1_9-68_1SP2:A:	2	0	0	1	0	5	3	2	0	31
jgi|Lacbi1|302576|eu2.Lbscf0021g01810_15-184_1OXS:C:1-242	0	11	6	8	0	23	18	13	0	242
jgi|Lacbi1|236861|e_gwh1.21.105.1_6-267_1EDT:A:	1	15	4	8	0	29	17	16	0	265
jgi|Lacbi1|329415|fgenesh3_pg.C_scaffold_21000132_150-315_1UYJ:A:	2	16	2	2	0	30	11	10	0	280
jgi|Lacbi1|185397|estExt_GeneWisePlus_human.C_210079_10-273_1EDT:A:	1	15	4	8	0	29	17	16	0	265
jgi|Lacbi1|329421|fgenesh3_pg.C_scaffold_21000138_9-224,251-273_1LRW:A:	8	38	9	5	0	74	41	47	0	600
jgi|Lacbi1|302598|eu2.Lbscf0021g02030_1-169_1KMQ:A:	0	6	3	6	0	15	10	12	0	177
jgi|Lacbi1|185384|estExt_GeneWisePlus_human.C_210013_422-669_2HYD:A:324-578	2	10	5	9	0	25	21	16	0	255
jgi|Lacbi1|185384|estExt_GeneWisePlus_human.C_210013_101-420_1PF4:A:10-320	0	0	9	16	0	12	11	14	0	310
jgi|Lacbi1|191048|estExt_GeneWisePlus_worm.C_210006_4-105_1HDJ:A:	0	0	1	4	0	9	2	7	0	76
jgi|Lacbi1|191048|estExt_GeneWisePlus_worm.C_210006_170-244_1C3G:A:180-259	2	5	0	1	0	11	4	4	0	80
jgi|Lacbi1|191048|estExt_GeneWisePlus_worm.C_210006_248-343_1C3G:A:260-349	4	6	0	2	0	16	7	6	0	90
jgi|Lacbi1|302619|eu2.Lbscf0021g02240_64-308_1SQ9:A:	7	28	4	1	0	39	24	22	0	393
jgi|Lacbi1|302624|eu2.Lbscf0021g02290_1364-1418,1461-1561_1VHR:A:	2	5	1	8	0	14	9	10	0	178
jgi|Lacbi1|251636|e_gww1.21.97.1_255-313,387-510_1WUU:A:217-392	0	5	2	6	0	12	10	8	0	176
jgi|Lacbi1|251636|e_gww1.21.97.1_25-253_1WUU:A:2-216	1	7	2	5	0	22	14	8	0	215
jgi|Lacbi1|191053|estExt_GeneWisePlus_worm.C_210028_22-389_1X0M:A:26-428	2	14	5	14	0	43	21	17	0	403
jgi|Lacbi1|147958|gww1.21.68.1_2-214_1A06:A:	4	8	4	10	0	29	20	14	0	307
jgi|Lacbi1|291245|estExt_fgenesh2_pm.C_210008_30-256_1F75:A:	1	6	5	7	0	25	15	11	0	229
jgi|Lacbi1|236913|e_gwh1.21.77.1_37-141_1ULE:A:	2	12	0	0	0	25	11	8	0	150
jgi|Lacbi1|294783|estExt_fgenesh2_pg.C_210161_730-803_1DI2:A:	0	3	1	2	0	5	2	2	0	69
jgi|Lacbi1|329466|fgenesh3_pg.C_scaffold_21000183_258-449_1A4Y:A:	2	17	3	16	0	56	24	32	0	460
jgi|Lacbi1|329481|fgenesh3_pg.C_scaffold_22000006_557-902_2BW3:A:163-609	0	5	7	21	0	33	14	25	0	447
jgi|Lacbi1|302731|eu2.Lbscf0022g00210_400-519_1W36:D:2-360	6	9	4	14	0	32	29	25	0	359
jgi|Lacbi1|302750|eu2.Lbscf0022g00400_1122-1238,1304-1590_2JG0:A:37-547	13	16	6	19	0	52	31	30	0	511
jgi|Lacbi1|302750|eu2.Lbscf0022g00400_216-342,546-685,712-766_1EA9:C:122-503	6	8	0	15	0	53	38	25	0	382
jgi|Lacbi1|294785|estExt_fgenesh2_pg.C_220017_15-38_2CQE:A:458-513	2	0	0	2	0	7	7	2	0	56
jgi|Lacbi1|302752|eu2.Lbscf0022g00420_1202-1388_1TX4:A:	0	0	4	12	0	17	9	13	0	196
jgi|Lacbi1|302752|eu2.Lbscf0022g00420_812-924_1XX0:A:234-350	0	7	1	1	0	12	6	6	0	117
jgi|Lacbi1|302752|eu2.Lbscf0022g00420_689-795_1XTE:A:	0	3	2	4	0	9	3	6	0	116
jgi|Lacbi1|251796|e_gww1.22.124.1_2-81_1D3B:L:	0	5	1	1	0	9	3	5	0	90
jgi|Lacbi1|191118|estExt_GeneWisePlus_worm.C_220088_1-315_1JR1:A:17-112,A:233-514	9	15	3	12	0	48	29	18	1	378
jgi|Lacbi1|185474|estExt_GeneWisePlus_human.C_220133_582-888_1RQB:A:4-306	4	10	5	12	0	31	15	21	0	303
jgi|Lacbi1|185474|estExt_GeneWisePlus_human.C_220133_127-395_1ULZ:A:115-328	2	8	1	6	0	23	11	8	0	214
jgi|Lacbi1|185474|estExt_GeneWisePlus_human.C_220133_885-1058_1RQB:A:307-474	0	0	2	9	0	15	7	9	0	168
jgi|Lacbi1|185474|estExt_GeneWisePlus_human.C_220133_32-155_1ULZ:A:1-114	0	5	1	6	0	12	6	6	0	114
jgi|Lacbi1|185474|estExt_GeneWisePlus_human.C_220133_378-496_1ULZ:A:329-451	2	7	2	3	0	15	9	6	0	123
jgi|Lacbi1|185474|estExt_GeneWisePlus_human.C_220133_1121-1194_1O78:A:	4	6	0	0	0	18	11	2	0	84
jgi|Lacbi1|185417|estExt_GeneWisePlus_human.C_220027_8-338_1C9L:A:3-330	1	28	3	0	0	29	16	19	0	328
jgi|Lacbi1|185417|estExt_GeneWisePlus_human.C_220027_1191-1526_1B89:A:	0	0	2	22	0	24	7	21	0	336
jgi|Lacbi1|185417|estExt_GeneWisePlus_human.C_220027_452-788_1BPO:A:331-487	0	0	1	10	0	13	9	8	0	157
jgi|Lacbi1|185417|estExt_GeneWisePlus_human.C_220027_340-495_1BPO:A:331-487	0	0	1	10	0	13	9	8	0	157
jgi|Lacbi1|185417|estExt_GeneWisePlus_human.C_220027_896-1076_1BPO:A:331-487	0	0	1	10	0	13	9	8	0	157
jgi|Lacbi1|185417|estExt_GeneWisePlus_human.C_220027_1045-1193_1B89:A:	0	0	2	22	0	24	7	21	0	336
jgi|Lacbi1|185417|estExt_GeneWisePlus_human.C_220027_807-897_1B89:A:	0	0	2	22	0	24	7	21	0	336
jgi|Lacbi1|302760|eu2.Lbscf0022g00500_21-191_2FV8:A:4-184	0	6	2	6	0	16	5	13	0	181
jgi|Lacbi1|302761|eu2.Lbscf0022g00510_31-61_2HAP:C:55-97	0	0	1	2	0	6	3	2	0	43
jgi|Lacbi1|302766|eu2.Lbscf0022g00560_89-122_1H1J:S:	0	0	1	2	0	4	3	1	0	44
jgi|Lacbi1|302767|eu2.Lbscf0022g00570_781-856_2D9I:A:8-90	0	4	1	2	0	11	4	6	0	83
jgi|Lacbi1|302767|eu2.Lbscf0022g00570_506-530_2CQE:A:429-457	2	0	0	0	0	6	6	2	0	29
jgi|Lacbi1|302769|eu2.Lbscf0022g00590_15-51_2HAP:C:55-97	0	0	1	2	0	6	3	2	0	43
jgi|Lacbi1|191080|estExt_GeneWisePlus_worm.C_220012_33-147,191-257_2QFI:A:5-208	2	0	7	7	0	14	20	21	0	204
jgi|Lacbi1|294799|estExt_fgenesh2_pg.C_220039_213-434_1UWH:A:	2	8	4	8	0	28	15	13	0	276
jgi|Lacbi1|294799|estExt_fgenesh2_pg.C_220039_794-988_1UWH:A:	2	8	4	8	0	28	15	13	0	276
jgi|Lacbi1|251746|e_gww1.22.4.1_111-471_1B0P:A:786-1232	9	8	4	17	0	46	33	30	0	447
jgi|Lacbi1|251746|e_gww1.22.4.1_742-940_1AOP:A:149-345	7	5	2	4	0	22	8	9	0	197
jgi|Lacbi1|251746|e_gww1.22.4.1_438-596_1JA1:A:63-239	0	7	4	5	0	17	7	9	0	177
jgi|Lacbi1|251746|e_gww1.22.4.1_1024-1155_1AOP:A:426-570	0	5	1	5	0	15	9	12	0	145
jgi|Lacbi1|251746|e_gww1.22.4.1_608-741_1AOP:A:81-145	2	4	1	2	0	8	2	2	0	65
jgi|Lacbi1|251746|e_gww1.22.4.1_943-1020_1AOP:A:346-425	0	7	2	2	0	8	3	4	0	80
jgi|Lacbi1|251746|e_gww1.22.4.1_5-88_1B0P:A:259-415	1	7	1	4	0	20	14	8	0	157
jgi|Lacbi1|302783|eu2.Lbscf0022g00730_29-400_2BKW:A:3-384	2	14	3	13	0	41	25	24	0	382
jgi|Lacbi1|294801|estExt_fgenesh2_pg.C_220044_266-361_1A79:A:83-179	0	6	1	2	0	10	6	8	0	97
jgi|Lacbi1|329524|fgenesh3_pg.C_scaffold_22000049_91-277_1EZV:D:62-260	4	4	2	6	0	22	12	20	0	199
jgi|Lacbi1|329524|fgenesh3_pg.C_scaffold_22000049_278-322_1EZV:D:261-306	0	1	0	1	0	2	0	2	0	46
jgi|Lacbi1|147385|gww1.22.87.1_19-146_1W3B:A:	0	0	0	23	0	35	6	26	0	388
jgi|Lacbi1|302796|eu2.Lbscf0022g00860_23-161_1YJ5:A:351-522	1	5	2	7	0	18	13	9	0	172
jgi|Lacbi1|191143|estExt_GeneWisePlus_worm.C_220132_91-202_1OCS:A:	0	3	0	4	0	15	8	7	0	132
jgi|Lacbi1|294812|estExt_fgenesh2_pg.C_220056_12-251_2FUE:A:13-256	2	11	1	10	0	25	23	16	0	246
jgi|Lacbi1|251819|e_gww1.22.15.1_524-941_1TGO:A:348-773	5	12	5	13	0	44	20	26	0	426
jgi|Lacbi1|251819|e_gww1.22.15.1_69-505_1D5A:A:1-347	0	17	1	9	0	27	25	19	0	347
jgi|Lacbi1|302807|eu2.Lbscf0022g00970_247-642_1NVU:S:	2	4	4	21	0	35	21	23	0	481
jgi|Lacbi1|302808|eu2.Lbscf0022g00980_13-158_1VHR:A:	2	5	1	8	0	14	9	10	0	178
jgi|Lacbi1|302809|eu2.Lbscf0022g00990_74-135_1ML9:A:	5	15	6	5	0	45	22	13	0	284
jgi|Lacbi1|185470|estExt_GeneWisePlus_human.C_220125_15-108_1T0K:B:	0	4	0	4	0	13	7	5	0	97
jgi|Lacbi1|302812|eu2.Lbscf0022g01020_182-231,309-492_2BTF:A:147-375	0	9	5	10	0	22	20	16	0	229
jgi|Lacbi1|302812|eu2.Lbscf0022g01020_5-186_1YAG:A:4-146	0	10	2	4	0	16	11	9	0	143
jgi|Lacbi1|185468|estExt_GeneWisePlus_human.C_220120_319-718_1W6K:A:6-99,A:379-732	11	4	6	14	0	49	27	27	1	448
jgi|Lacbi1|185468|estExt_GeneWisePlus_human.C_220120_97-376_1W6K:A:100-378	4	2	8	11	0	24	18	18	0	279
jgi|Lacbi1|329551|fgenesh3_pg.C_scaffold_22000076_4-181_2BW3:A:163-609	0	5	7	21	0	33	14	25	0	447
jgi|Lacbi1|302843|eu2.Lbscf0022g01330_212-336_1T43:A:	2	9	3	11	0	29	18	14	0	274
jgi|Lacbi1|302845|eu2.Lbscf0022g01350_184-259,291-310,355-434_2IC8:A:91-272	0	0	3	8	0	13	9	4	0	182
jgi|Lacbi1|302846|eu2.Lbscf0022g01360_151-304_1DUS:A:	0	9	1	5	0	16	12	13	0	194
jgi|Lacbi1|185495|estExt_GeneWisePlus_human.C_220169_20-136_1KX5:A:	0	2	0	4	0	17	13	6	0	135
jgi|Lacbi1|302848|eu2.Lbscf0022g01380_36-409_3PSG:A:	4	27	9	6	0	45	17	22	0	370
jgi|Lacbi1|302849|eu2.Lbscf0022g01390_2-135_1KX5:A:	0	2	0	4	0	17	13	6	0	135
jgi|Lacbi1|302851|eu2.Lbscf0022g01410_38-280_1IO0:A:	0	5	1	6	0	22	8	6	0	166
jgi|Lacbi1|294825|estExt_fgenesh2_pg.C_220099_308-382_1CHC:A:	0	3	0	1	0	9	8	3	0	68
jgi|Lacbi1|294826|estExt_fgenesh2_pg.C_220100_178-400_1VL2:A:174-409	0	9	2	5	0	19	14	10	0	236
jgi|Lacbi1|294826|estExt_fgenesh2_pg.C_220100_5-176_1VL2:A:2-169	2	5	1	8	0	15	6	10	0	168
jgi|Lacbi1|302857|eu2.Lbscf0022g01470_130-324_1WFX:A:	4	9	3	6	0	20	10	10	0	180
jgi|Lacbi1|185466|estExt_GeneWisePlus_human.C_220118_158-525_1SIO:A:	8	17	6	8	0	42	24	21	0	357
jgi|Lacbi1|185466|estExt_GeneWisePlus_human.C_220118_6-126_1PCA:A:4A-99A	0	4	2	3	0	11	4	5	0	94
jgi|Lacbi1|294828|estExt_fgenesh2_pg.C_220103_5-61_1VYX:A:	2	2	1	1	0	11	6	4	0	60
jgi|Lacbi1|251730|e_gww1.22.107.1_2-143_1KX5:A:	0	2	0	4	0	17	13	6	0	135
jgi|Lacbi1|302864|eu2.Lbscf0022g01540_28-192_2NWI:A:1-160	1	6	2	6	0	16	5	7	0	159
jgi|Lacbi1|294833|estExt_fgenesh2_pg.C_220110_42-209_2NWI:A:1-160	1	6	2	6	0	16	5	7	0	159
jgi|Lacbi1|302868|eu2.Lbscf0022g01580_345-405_1Q1A:A:	5	10	5	11	0	31	16	17	0	289
jgi|Lacbi1|302868|eu2.Lbscf0022g01580_225-303_1J8F:A:	4	9	5	12	0	33	20	18	0	323
jgi|Lacbi1|191088|estExt_GeneWisePlus_worm.C_220023_214-579_1SIO:A:	8	17	6	8	0	42	24	21	0	357
jgi|Lacbi1|191088|estExt_GeneWisePlus_worm.C_220023_32-187_1PYT:A:	0	4	1	3	0	11	5	5	0	94
jgi|Lacbi1|302873|eu2.Lbscf0022g01630_46-111_1GUW:A:	2	5	0	1	0	12	6	4	0	72
jgi|Lacbi1|302873|eu2.Lbscf0022g01630_220-277_1E0B:A:	0	3	0	2	0	6	3	5	0	61
jgi|Lacbi1|329593|fgenesh3_pg.C_scaffold_22000118_3-59_2D8Q:A:8-64	4	0	0	2	0	9	3	2	0	57
jgi|Lacbi1|146089|gww1.22.69.1_187-287_2NN6:H:168-293	2	3	1	4	0	11	6	8	0	126
jgi|Lacbi1|146089|gww1.22.69.1_94-185_2NN6:H:73-167	1	7	0	1	0	11	7	3	0	95
jgi|Lacbi1|146089|gww1.22.69.1_42-91_2NN6:H:25-72	3	4	0	0	0	8	3	4	0	48
jgi|Lacbi1|302879|eu2.Lbscf0022g01690_480-551_2D9I:A:8-90	0	4	1	2	0	11	4	6	0	83
jgi|Lacbi1|302883|eu2.Lbscf0022g01730_239-372_1UFH:A:	0	5	2	4	0	14	4	8	0	155
jgi|Lacbi1|302889|eu2.Lbscf0022g01790_4-149,181-274,310-400_1B3U:A:	0	0	8	44	0	40	26	36	0	588
jgi|Lacbi1|302892|eu2.Lbscf0022g01820_358-405_1GNF:A:	2	0	0	1	0	9	4	3	0	45
jgi|Lacbi1|302895|eu2.Lbscf0022g01850_264-553_1WRB:A:164-401	2	8	2	8	0	26	18	9	0	238
jgi|Lacbi1|161973|gwh1.22.85.1_52-167_1ELW:A:	0	0	0	7	0	11	0	7	0	117
jgi|Lacbi1|302899|eu2.Lbscf0022g01890_82-121_1GNF:A:	2	0	0	1	0	9	4	3	0	45
jgi|Lacbi1|302902|eu2.Lbscf0022g01920_30-141,186-266_2NR9:A:4-192	0	0	2	8	0	13	11	7	0	189
jgi|Lacbi1|302905|eu2.Lbscf0022g01950_247-350_1T43:A:	2	9	3	11	0	29	18	14	0	274
jgi|Lacbi1|302910|eu2.Lbscf0022g02000_8-142_1SO8:A:	2	7	2	6	0	23	9	12	0	248
jgi|Lacbi1|302915|eu2.Lbscf0022g02050_314-713_1W6K:A:6-99,A:379-732	11	4	6	14	0	49	27	27	1	448
jgi|Lacbi1|302915|eu2.Lbscf0022g02050_97-370_1W6K:A:100-378	4	2	8	11	0	24	18	18	0	279
jgi|Lacbi1|302917|eu2.Lbscf0022g02070_74-520_1PW4:A:	2	0	1	18	0	21	18	22	0	450
jgi|Lacbi1|251789|e_gww1.22.20.1_216-391_1FKM:A:249-442	2	0	8	8	0	13	13	10	0	194
jgi|Lacbi1|251789|e_gww1.22.20.1_367-468_1FKM:A:443-630	0	0	1	8	0	10	3	8	0	188
jgi|Lacbi1|251789|e_gww1.22.20.1_623-703_1S6C:A:	0	4	0	10	0	18	8	7	0	178
jgi|Lacbi1|302930|eu2.Lbscf0022g02200_70-241_1SVI:A:	2	7	3	5	0	16	8	11	0	195
jgi|Lacbi1|302931|eu2.Lbscf0022g02210_97-246,275-561_1TQN:A:	5	9	7	18	0	43	20	30	0	472
jgi|Lacbi1|159108|gwh1.22.48.1_3-332_1TKL:A:	0	10	5	10	0	27	18	15	0	325
jgi|Lacbi1|302938|eu2.Lbscf0022g02280_1-64_1G8M:A:4-200	3	5	2	10	0	16	9	11	0	197
jgi|Lacbi1|329635|fgenesh3_pg.C_scaffold_22000160_19-439_2BW3:A:163-609	0	5	7	21	0	33	14	25	0	447
jgi|Lacbi1|236989|e_gwh1.22.162.1_17-210_2FEX:A:1-188	4	9	3	7	0	23	11	14	0	188
jgi|Lacbi1|294849|estExt_fgenesh2_pg.C_220161_17-212_2FEX:A:1-188	4	9	3	7	0	23	11	14	0	188
jgi|Lacbi1|291261|estExt_fgenesh2_pm.C_220020_210-600_1PKX:A:201-592	5	15	2	13	0	36	25	22	0	392
jgi|Lacbi1|291261|estExt_fgenesh2_pm.C_220020_5-195_1G8M:A:4-200	3	5	2	10	0	16	9	11	0	197
jgi|Lacbi1|302953|eu2.Lbscf0022g02430_11-125_1XX7:A:	2	0	3	11	0	13	6	7	0	183
jgi|Lacbi1|329649|fgenesh3_pg.C_scaffold_22000174_8-177_2FEX:A:1-188	4	9	3	7	0	23	11	14	0	188
jgi|Lacbi1|302962|eu2.Lbscf0022g02520_183-236_1WES:A:	0	2	0	0	0	16	13	4	0	70
jgi|Lacbi1|302967|eu2.Lbscf0022g02570_183-236_1WES:A:	0	2	0	0	0	16	13	4	0	70
jgi|Lacbi1|329650|fgenesh3_pg.C_scaffold_22000175_8-150_2AB0:A:2-196	2	9	2	7	0	21	10	13	0	195
jgi|Lacbi1|148268|gww1.47.23.1_4-151_1C1Y:A:	2	6	1	6	0	18	12	8	0	167
jgi|Lacbi1|150140|gww1.23.87.1_4-151_1C1Y:A:	2	6	1	6	0	18	12	8	0	167
jgi|Lacbi1|329672|fgenesh3_pg.C_scaffold_23000004_493-601_1N3J:A:	3	9	0	2	0	19	13	1	0	119
jgi|Lacbi1|303028|eu2.Lbscf0023g00120_2-114_1BU7:A:	0	12	10	16	0	39	22	21	0	455
jgi|Lacbi1|303034|eu2.Lbscf0023g00180_3-162_1ODO:A:	4	11	2	18	0	43	24	27	0	401
jgi|Lacbi1|303035|eu2.Lbscf0023g00190_8-76_1BU7:A:	0	12	10	16	0	39	22	21	0	455
jgi|Lacbi1|147471|gww1.23.63.1_1-139_3B60:A:329-581	4	10	2	9	0	24	18	16	0	253
jgi|Lacbi1|303049|eu2.Lbscf0023g00330_2-80_1TQN:A:	5	9	7	18	0	43	20	30	0	472
jgi|Lacbi1|303050|eu2.Lbscf0023g00340_18-148_1TQN:A:	5	9	7	18	0	43	20	30	0	472
jgi|Lacbi1|167127|gwh1.23.107.1_3-219_2IXN:A:3-299	1	2	1	15	0	25	13	17	0	297
jgi|Lacbi1|303058|eu2.Lbscf0023g00420_2-41_1Q1V:A:	0	0	1	3	0	7	5	1	0	69
jgi|Lacbi1|329693|fgenesh3_pg.C_scaffold_23000025_24-160_1RY2:A:	13	28	0	20	0	87	54	43	0	640
jgi|Lacbi1|303080|eu2.Lbscf0023g00640_68-277_1OGS:A:78-431	4	10	4	12	0	35	27	25	0	354
jgi|Lacbi1|303091|eu2.Lbscf0023g00750_107-254_1HG8:A:	1	26	3	1	0	43	31	12	0	349
jgi|Lacbi1|329700|fgenesh3_pg.C_scaffold_23000032_25-184_1DL2:A:	6	19	4	20	0	49	26	30	0	511
jgi|Lacbi1|154928|gww1.23.117.1_1-104_2C21:A:3-141	0	8	1	3	0	13	7	7	0	139
jgi|Lacbi1|303095|eu2.Lbscf0023g00790_228-278_2HAP:C:55-97	0	0	1	2	0	6	3	2	0	43
jgi|Lacbi1|303104|eu2.Lbscf0023g00880_81-253_1AQ0:A:	6	12	5	10	0	34	21	16	0	306
jgi|Lacbi1|303116|eu2.Lbscf0023g01000_46-113,230-457_1SQJ:A:4-430	5	31	4	2	0	58	43	30	0	427
jgi|Lacbi1|303130|eu2.Lbscf0023g01140_30-171_1I01:A:	2	7	3	9	0	21	12	12	0	241
jgi|Lacbi1|303133|eu2.Lbscf0023g01170_26-116_2HYD:A:324-578	2	10	5	9	0	25	21	16	0	255
jgi|Lacbi1|303137|eu2.Lbscf0023g01210_302-352_2HAP:C:55-97	0	0	1	2	0	6	3	2	0	43
jgi|Lacbi1|329725|fgenesh3_pg.C_scaffold_23000057_117-179_1OGM:X:202-574	8	29	2	0	0	60	31	21	0	373
jgi|Lacbi1|294856|estExt_fgenesh2_pg.C_230067_157-274_1N3J:A:	3	9	0	2	0	19	13	1	0	119
jgi|Lacbi1|237208|e_gwh1.23.75.1_20-160_1RY2:A:	13	28	0	20	0	87	54	43	0	640
jgi|Lacbi1|303186|eu2.Lbscf0023g01700_48-105_2FC3:A:4-127	0	4	2	5	0	11	8	7	0	124
jgi|Lacbi1|329752|fgenesh3_pg.C_scaffold_23000084_33-60,246-304_1GPE:A:1-328,A:525-587	13	16	6	10	0	49	25	31	1	391
jgi|Lacbi1|329753|fgenesh3_pg.C_scaffold_23000085_330-408,544-681_1SQJ:A:431-786	12	28	0	0	0	52	32	25	0	356
jgi|Lacbi1|329755|fgenesh3_pg.C_scaffold_23000087_231-340_1SHZ:A:46-75,A:201-371	2	6	2	6	0	24	15	13	1	201
jgi|Lacbi1|303213|eu2.Lbscf0023g01970_52-112_1BU7:A:	0	12	10	16	0	39	22	21	0	455
jgi|Lacbi1|303218|eu2.Lbscf0023g02020_289-335_2HAP:C:55-97	0	0	1	2	0	6	3	2	0	43
jgi|Lacbi1|303236|eu2.Lbscf0023g02200_3-77_1KX5:B:	0	3	1	3	0	10	6	4	0	102
jgi|Lacbi1|329802|fgenesh3_pg.C_scaffold_23000134_419-477_2DNT:A:8-73	2	3	1	1	0	13	7	4	0	65
jgi|Lacbi1|294863|estExt_fgenesh2_pg.C_230130_100-292_1EUV:A:	1	7	4	7	0	15	10	15	0	220
jgi|Lacbi1|329820|fgenesh3_pg.C_scaffold_23000152_303-391,459-661_1SQJ:A:4-430	5	31	4	2	0	58	43	30	0	427
jgi|Lacbi1|303329|eu2.Lbscf0023g03130_137-187_1JU2:A:294-463	3	9	1	2	0	26	19	6	0	170
jgi|Lacbi1|303351|eu2.Lbscf0023g03350_89-431_2FUG:4:35-409	3	7	3	13	0	39	26	18	0	375
jgi|Lacbi1|303351|eu2.Lbscf0023g03350_450-587_1PW4:A:	2	0	1	18	0	21	18	22	0	450
jgi|Lacbi1|174455|estExt_Genewise1_human.C_230094_3-102_1KX5:B:	0	3	1	3	0	10	6	4	0	102
jgi|Lacbi1|303366|eu2.Lbscf0023g03500_2-92_1MVH:A:	5	15	3	2	0	50	27	17	0	269
jgi|Lacbi1|303372|eu2.Lbscf0023g03560_5-185_1MUG:A:	1	5	2	5	0	16	14	8	0	165
jgi|Lacbi1|303427|eu2.Lbscf0024g00080_3-50_2BW3:A:163-609	0	5	7	21	0	33	14	25	0	447
jgi|Lacbi1|294865|estExt_fgenesh2_pg.C_240008_8-199_2FEX:A:1-188	4	9	3	7	0	23	11	14	0	188
jgi|Lacbi1|294867|estExt_fgenesh2_pg.C_240010_593-747_1WZN:A:1-251	1	11	4	7	0	20	9	14	0	251
jgi|Lacbi1|294868|estExt_fgenesh2_pg.C_240011_655-765_1B6C:B:	8	10	5	10	0	37	15	18	0	326
jgi|Lacbi1|329858|fgenesh3_pg.C_scaffold_24000014_25-210_1PHK:A:	4	9	5	8	0	32	15	17	0	277
jgi|Lacbi1|320095|fgenesh3_pm.C_scaffold_24000002_1-255_1UAY:A:	2	7	1	9	0	24	15	13	0	241
jgi|Lacbi1|329863|fgenesh3_pg.C_scaffold_24000019_76-152_1UAY:A:	2	7	1	9	0	24	15	13	0	241
jgi|Lacbi1|329867|fgenesh3_pg.C_scaffold_24000023_498-557_1UZB:A:	7	19	6	15	0	48	35	23	0	516
jgi|Lacbi1|329869|fgenesh3_pg.C_scaffold_24000025_351-588_1IA9:A:	5	14	4	6	0	31	17	13	0	278
jgi|Lacbi1|329879|fgenesh3_pg.C_scaffold_24000035_351-588_1IA9:A:	5	14	4	6	0	31	17	13	0	278
jgi|Lacbi1|303452|eu2.Lbscf0024g00330_38-246_1DIN:A:	2	9	3	6	0	26	12	19	0	233
jgi|Lacbi1|153942|gww1.24.124.1_2-190_1WFX:A:	4	9	3	6	0	20	10	10	0	180
jgi|Lacbi1|303457|eu2.Lbscf0024g00380_55-228_1WFX:A:	4	9	3	6	0	20	10	10	0	180
jgi|Lacbi1|303461|eu2.Lbscf0024g00420_22-108_2PYT:A:100-227	2	9	3	0	0	17	6	8	0	128
jgi|Lacbi1|329878|fgenesh3_pg.C_scaffold_24000034_88-156_1FS1:A:109-149	0	0	2	3	0	6	2	3	0	41
jgi|Lacbi1|329884|fgenesh3_pg.C_scaffold_24000040_180-317_1N3J:A:	3	9	0	2	0	19	13	1	0	119
jgi|Lacbi1|329893|fgenesh3_pg.C_scaffold_24000049_382-584_1IA9:A:	5	14	4	6	0	31	17	13	0	278
jgi|Lacbi1|303489|eu2.Lbscf0024g00700_6-83_1HQC:A:5-242	0	7	0	8	0	28	17	13	0	238
jgi|Lacbi1|329924|fgenesh3_pg.C_scaffold_24000080_465-597,654-775_1A4Y:A:	2	17	3	16	0	56	24	32	0	460
jgi|Lacbi1|329936|fgenesh3_pg.C_scaffold_24000092_122-295,352-474_1FQV:A:146-431	8	13	3	8	0	55	21	24	0	286
jgi|Lacbi1|303534|eu2.Lbscf0024g01150_7-264_1TQ5:A:1-231	3	22	2	0	0	33	18	9	0	231
jgi|Lacbi1|303535|eu2.Lbscf0024g01160_4-112_2PYT:A:100-227	2	9	3	0	0	17	6	8	0	128
jgi|Lacbi1|146783|gww1.24.42.1_1-189_1TQ5:A:1-231	3	22	2	0	0	33	18	9	0	231
jgi|Lacbi1|303541|eu2.Lbscf0024g01220_20-113_2PYT:A:100-227	2	9	3	0	0	17	6	8	0	128
jgi|Lacbi1|303543|eu2.Lbscf0024g01240_19-112_2PYT:A:100-227	2	9	3	0	0	17	6	8	0	128
jgi|Lacbi1|303545|eu2.Lbscf0024g01260_80-114_2D8Q:A:8-64	4	0	0	2	0	9	3	2	0	57
jgi|Lacbi1|303546|eu2.Lbscf0024g01270_66-100_2D8Q:A:8-64	4	0	0	2	0	9	3	2	0	57
jgi|Lacbi1|303547|eu2.Lbscf0024g01280_30-220_1RZ0:A:	4	11	0	3	0	15	3	10	0	153
jgi|Lacbi1|303548|eu2.Lbscf0024g01290_6-113_2PYT:A:100-227	2	9	3	0	0	17	6	8	0	128
jgi|Lacbi1|329944|fgenesh3_pg.C_scaffold_24000100_3-94_2F4P:A:2-135	2	12	2	1	0	21	5	9	0	134
jgi|Lacbi1|252064|e_gww1.24.31.1_7-263_1TQ5:A:1-231	3	22	2	0	0	33	18	9	0	231
jgi|Lacbi1|303553|eu2.Lbscf0024g01340_188-280_1SPV:A:	0	6	1	5	0	17	11	6	0	172
jgi|Lacbi1|174464|estExt_Genewise1_human.C_240039_7-235_1TQ5:A:1-231	3	22	2	0	0	33	18	9	0	231
jgi|Lacbi1|303559|eu2.Lbscf0024g01400_106-330_1KI1:B:1229-1438	0	0	2	10	0	7	5	12	0	210
jgi|Lacbi1|303559|eu2.Lbscf0024g01400_579-653_1HYI:A:	0	4	0	1	0	11	5	3	0	65
jgi|Lacbi1|303559|eu2.Lbscf0024g01400_332-387,450-507_2COD:A:8-109	0	7	0	1	0	9	7	3	0	102
jgi|Lacbi1|294883|estExt_fgenesh2_pg.C_240110_91-310_1LL2:A:	1	11	7	10	0	24	19	16	0	263
jgi|Lacbi1|329960|fgenesh3_pg.C_scaffold_24000116_137-215_1X47:A:8-92	0	3	0	2	0	9	6	3	0	85
jgi|Lacbi1|303579|eu2.Lbscf0024g01600_3-76_1ITP:A:	0	4	0	2	0	7	7	2	0	76
jgi|Lacbi1|303581|eu2.Lbscf0024g01620_415-432,469-583,706-768_1TXU:A:	0	0	4	11	0	13	8	14	0	254
jgi|Lacbi1|303582|eu2.Lbscf0024g01630_161-383_1F3M:C:	1	10	4	11	0	33	20	20	0	294
jgi|Lacbi1|303585|eu2.Lbscf0024g01660_11-362_2CWN:A:13-331	2	8	6	14	0	25	15	10	0	319
jgi|Lacbi1|303596|eu2.Lbscf0024g01770_6-284_1BU6:O:3-253	1	15	1	9	0	25	13	17	0	251
jgi|Lacbi1|303596|eu2.Lbscf0024g01770_291-535_1BU6:O:254-499	1	9	1	7	0	25	18	16	0	246
jgi|Lacbi1|329980|fgenesh3_pg.C_scaffold_24000136_250-334_1DKZ:A:389-506	3	8	1	0	0	16	9	7	0	118
jgi|Lacbi1|192694|estExt_fgenesh1_kg.C_240002_3-72_1ITP:A:	0	4	0	2	0	7	7	2	0	76
jgi|Lacbi1|294891|estExt_fgenesh2_pg.C_240138_552-693_1JKG:B:	2	7	2	5	0	17	9	7	0	249
jgi|Lacbi1|303607|eu2.Lbscf0024g01880_188-345_1KWF:A:	13	4	5	12	0	40	24	23	0	363
jgi|Lacbi1|329989|fgenesh3_pg.C_scaffold_24000145_42-230_1UFK:A:	0	14	4	9	0	22	7	12	0	254
jgi|Lacbi1|252050|e_gww1.24.52.1_7-140_2F4W:A:12-168	3	4	0	5	0	17	7	9	0	157
jgi|Lacbi1|148880|gww1.24.66.1_1-120_1XWN:A:1-166	2	8	0	2	0	21	16	8	0	166
jgi|Lacbi1|294893|estExt_fgenesh2_pg.C_240148_33-144,174-367_1QNR:A:	4	16	3	11	0	38	22	25	0	344
jgi|Lacbi1|330013|fgenesh3_pg.C_scaffold_24000169_237-329,363-555_1WA5:B:	0	0	5	29	0	38	22	22	0	506
jgi|Lacbi1|294981|estExt_fgenesh2_pg.C_250180_187-348,651-851_1XKU:A:	5	16	7	1	0	61	27	24	0	305
jgi|Lacbi1|303912|eu2.Lbscf0025g02470_183-458_1FP2:A:109-352	1	9	4	13	0	24	10	15	0	244
jgi|Lacbi1|303912|eu2.Lbscf0025g02470_67-157_2DK5:A:8-85	0	3	0	3	0	8	6	3	0	78
jgi|Lacbi1|294984|estExt_fgenesh2_pg.C_250184_251-335_1DKZ:A:389-506	3	8	1	0	0	16	9	7	0	118
jgi|Lacbi1|330223|fgenesh3_pg.C_scaffold_25000206_126-253_1TQI:A:91-282	0	10	1	4	0	15	9	8	0	192
jgi|Lacbi1|303929|eu2.Lbscf0025g02640_78-151_1SHF:A:	3	5	1	0	0	9	3	2	0	59
jgi|Lacbi1|303929|eu2.Lbscf0025g02640_680-757_1WXA:A:8-110	0	5	1	2	0	16	7	5	0	103
jgi|Lacbi1|303937|eu2.Lbscf0025g02720_33-320_1IMJ:A:	0	10	3	8	0	25	14	17	0	208
jgi|Lacbi1|191220|estExt_GeneWisePlus_worm.C_250095_1-230_1JQI:A:4-234	3	8	4	7	0	17	12	12	0	231
jgi|Lacbi1|191220|estExt_GeneWisePlus_worm.C_250095_215-368_1BUC:A:233-383	1	2	3	5	0	4	4	6	0	151
jgi|Lacbi1|166267|gwh1.25.185.1_12-158_3D03:A:1-271	8	13	4	6	0	39	23	13	0	274
jgi|Lacbi1|191251|estExt_GeneWisePlus_worm.C_250173_5-262_1IRU:A:	4	10	1	6	0	19	14	11	0	244
jgi|Lacbi1|252209|e_gww1.25.7.1_3-1375_1I50:A:	24	46	14	45	0	162	93	81	0	1449
jgi|Lacbi1|303689|eu2.Lbscf0025g00240_84-219_2E9X:C:1088-1192	0	0	3	5	0	8	5	4	0	105
jgi|Lacbi1|303689|eu2.Lbscf0025g00240_4-59_2E9X:C:1001-1087	2	3	2	2	0	10	4	6	0	87
jgi|Lacbi1|303691|eu2.Lbscf0025g00260_290-557_1K2P:A:	3	8	4	8	0	25	12	12	0	258
jgi|Lacbi1|291269|estExt_fgenesh2_pm.C_250004_8-149_1P27:A:	0	6	1	3	0	12	6	8	0	144
jgi|Lacbi1|303695|eu2.Lbscf0025g00300_174-380_1YRB:A:1-244	0	7	3	11	0	22	15	9	0	245
jgi|Lacbi1|162985|gwh1.25.128.1_9-107_1FJG:J:	2	6	0	2	0	14	6	3	0	98
jgi|Lacbi1|237613|e_gwh1.25.234.1_7-74_1I4K:1:	0	5	2	1	0	6	2	2	0	72
jgi|Lacbi1|303701|eu2.Lbscf0025g00360_130-334,371-408_1OZ4:A:471-763	2	0	3	7	0	31	24	19	0	292
jgi|Lacbi1|303702|eu2.Lbscf0025g00370_75-271,440-654,692-724_1GAX:A:1-189,A:343-578	8	19	6	13	0	45	23	23	1	425
jgi|Lacbi1|303702|eu2.Lbscf0025g00370_289-440_1GAX:A:190-342	5	8	2	2	0	23	11	10	0	153
jgi|Lacbi1|303702|eu2.Lbscf0025g00370_725-983_1IVS:A:579-796	2	4	1	9	0	16	9	7	0	218
jgi|Lacbi1|303704|eu2.Lbscf0025g00390_249-519_2BWV:A:177-440	4	11	3	6	0	29	15	15	0	264
jgi|Lacbi1|303704|eu2.Lbscf0025g00390_45-248_2BWV:A:1-176	0	8	2	7	0	18	9	6	0	176
jgi|Lacbi1|252126|e_gww1.25.178.1_345-641_1G7S:A:1-227	3	9	5	6	0	24	13	14	0	227
jgi|Lacbi1|252126|e_gww1.25.178.1_675-801_1G7S:A:329-459	3	4	0	5	0	10	10	6	0	131
jgi|Lacbi1|252126|e_gww1.25.178.1_808-943_1G7S:A:460-587	2	8	0	2	0	12	6	9	0	128
jgi|Lacbi1|252312|e_gww1.25.127.1_13-178_1KSH:A:	0	6	4	5	0	17	8	14	0	165
jgi|Lacbi1|191189|estExt_GeneWisePlus_worm.C_250009_52-402_1KPG:A:	0	7	2	12	0	28	16	18	0	285
jgi|Lacbi1|191260|estExt_GeneWisePlus_worm.C_250204_28-175_1VIO:A:0-57	0	6	0	2	0	7	2	6	0	56
jgi|Lacbi1|294913|estExt_fgenesh2_pg.C_250041_345-427_1EO0:A:	0	0	0	4	0	7	4	3	0	77
jgi|Lacbi1|294913|estExt_fgenesh2_pg.C_250041_828-852_1RGO:A:151-186	2	0	2	1	0	5	4	2	0	36
jgi|Lacbi1|294914|estExt_fgenesh2_pg.C_250042_130-212_1HMF:A:	0	0	0	3	0	5	4	2	0	77
jgi|Lacbi1|320108|fgenesh3_pm.C_scaffold_25000008_109-363_1UKW:A:32-258	3	8	6	6	0	18	8	13	0	227
jgi|Lacbi1|320108|fgenesh3_pm.C_scaffold_25000008_3-90_1KBI:A:1-97	4	4	3	4	0	14	7	8	0	97
jgi|Lacbi1|320108|fgenesh3_pm.C_scaffold_25000008_350-507_1BUC:A:233-383	1	2	3	5	0	4	4	6	0	151
jgi|Lacbi1|303721|eu2.Lbscf0025g00560_4-156_1Z3A:A:13-168	2	5	0	5	0	18	6	15	0	156
jgi|Lacbi1|303722|eu2.Lbscf0025g00570_10-448_1QFM:A:1-430	1	31	5	2	0	53	25	25	0	430
jgi|Lacbi1|303722|eu2.Lbscf0025g00570_467-710_1QFM:A:431-710	0	8	7	8	0	25	16	19	0	280
jgi|Lacbi1|185531|estExt_GeneWisePlus_human.C_250029_13-94_1RYQ:A:	2	5	1	1	0	10	4	3	0	68
jgi|Lacbi1|237493|e_gwh1.25.206.1_1-287_1OKC:A:	0	0	6	11	0	19	10	9	0	292
jgi|Lacbi1|303726|eu2.Lbscf0025g00610_126-188_1TIG:A:	0	4	0	2	0	7	2	5	0	88
jgi|Lacbi1|303728|eu2.Lbscf0025g00630_545-732,789-893_1H6K:A:481-790	0	0	2	14	0	13	10	18	0	296
jgi|Lacbi1|303728|eu2.Lbscf0025g00630_340-534_1H6K:A:291-480	1	0	4	8	0	15	11	11	0	190
jgi|Lacbi1|303728|eu2.Lbscf0025g00630_34-286_1H6K:A:27-290	3	2	4	12	0	21	8	8	0	264
jgi|Lacbi1|330070|fgenesh3_pg.C_scaffold_25000053_83-172_1JI5:A:	0	0	0	5	0	7	1	4	0	142
jgi|Lacbi1|191218|estExt_GeneWisePlus_worm.C_250090_159-409_2OZB:B:85-333	0	0	3	11	0	15	11	14	0	249
jgi|Lacbi1|294923|estExt_fgenesh2_pg.C_250054_772-875_1UUF:A:3-144,A:313-349	5	11	4	3	0	24	13	10	1	179
jgi|Lacbi1|303733|eu2.Lbscf0025g00680_701-1015_1H2K:A:	3	17	6	8	0	41	17	19	0	335
jgi|Lacbi1|303734|eu2.Lbscf0025g00690_58-144,173-292_1XG5:A:	2	7	3	9	0	23	11	14	0	278
jgi|Lacbi1|303735|eu2.Lbscf0025g00700_940-1011,1056-1106_1OXB:B:	0	5	0	5	0	13	11	4	0	124
jgi|Lacbi1|303740|eu2.Lbscf0025g00750_146-249_1TUA:A:85-188	0	3	1	5	0	6	1	5	0	104
jgi|Lacbi1|303744|eu2.Lbscf0025g00790_21-196,265-349_1ERJ:A:	2	30	1	1	0	43	24	22	0	388
jgi|Lacbi1|303745|eu2.Lbscf0025g00800_95-174,201-232,388-446,538-682_1IAL:A:	0	0	4	28	0	36	22	21	0	453
jgi|Lacbi1|330083|fgenesh3_pg.C_scaffold_25000066_1118-1208_1JO8:A:	3	5	1	0	0	9	3	3	0	58
jgi|Lacbi1|303749|eu2.Lbscf0025g00840_297-575_1BU6:O:254-499	1	9	1	7	0	25	18	16	0	246
jgi|Lacbi1|303749|eu2.Lbscf0025g00840_6-274_1R59:O:5-256	12	6	1	9	0	35	21	15	0	252
jgi|Lacbi1|191258|estExt_GeneWisePlus_worm.C_250198_428-532_1E6F:A:	7	10	2	0	0	16	8	7	0	134
jgi|Lacbi1|303762|eu2.Lbscf0025g00970_28-341_2OVR:B:2365-2706	0	32	2	1	0	36	24	21	0	342
jgi|Lacbi1|303763|eu2.Lbscf0025g00980_189-444_1WA5:B:	0	0	5	29	0	38	22	22	0	506
jgi|Lacbi1|291275|estExt_fgenesh2_pm.C_250014_6-161_1AUI:B:	0	4	3	9	0	17	7	9	0	165
jgi|Lacbi1|237500|e_gwh1.25.49.1_195-293,454-527_1XZP:A:118-211,A:372-450	0	0	0	8	0	10	7	7	1	173
jgi|Lacbi1|237500|e_gwh1.25.49.1_68-194_1XZP:A:1-117	2	7	0	3	0	15	10	6	0	117
jgi|Lacbi1|237500|e_gwh1.25.49.1_287-419_1RFL:A:	0	4	1	5	0	22	18	7	0	171
jgi|Lacbi1|303776|eu2.Lbscf0025g01110_174-376_1TW3:A:99-351	2	7	3	12	0	24	12	15	0	253
jgi|Lacbi1|303776|eu2.Lbscf0025g01110_72-166_1I1G:A:2-61	0	0	1	3	0	5	4	4	0	60
jgi|Lacbi1|237463|e_gwh1.25.133.1_3-116_2CQC:A:109-191	0	5	1	2	0	7	6	3	0	82
jgi|Lacbi1|303781|eu2.Lbscf0025g01160_174-248,276-375_1PUJ:A:	2	6	3	10	0	26	16	16	0	273
jgi|Lacbi1|330103|fgenesh3_pg.C_scaffold_25000086_62-125_1FS1:A:109-149	0	0	2	3	0	6	2	3	0	41
jgi|Lacbi1|252249|e_gww1.25.215.1_42-206_2B7K:A:111-279	0	7	1	4	0	18	6	11	0	169
jgi|Lacbi1|320116|fgenesh3_pm.C_scaffold_25000016_25-340,536-595_1GPE:A:1-328,A:525-587	13	16	6	10	0	49	25	31	1	391
jgi|Lacbi1|320116|fgenesh3_pm.C_scaffold_25000016_342-537_1GPE:A:329-524	4	8	4	7	0	18	14	8	0	196
jgi|Lacbi1|303793|eu2.Lbscf0025g01280_46-142_1S7B:A:	0	0	0	4	0	10	7	3	0	109
jgi|Lacbi1|303796|eu2.Lbscf0025g01310_61-481_1TQN:A:	5	9	7	18	0	43	20	30	0	472
jgi|Lacbi1|303797|eu2.Lbscf0025g01320_47-402_1TQN:A:	5	9	7	18	0	43	20	30	0	472
jgi|Lacbi1|303798|eu2.Lbscf0025g01330_102-198_2CCH:B:181-308	0	0	1	6	0	9	3	5	0	128
jgi|Lacbi1|303799|eu2.Lbscf0025g01340_29-177_1F1G:A:	2	9	1	1	0	22	14	11	0	153
jgi|Lacbi1|252281|e_gww1.25.108.1_14-238_2V3K:A:25-251	2	10	2	6	0	30	16	14	0	227
jgi|Lacbi1|237398|e_gwh1.25.72.1_92-273_1AUA:A:97-299	2	5	7	8	0	23	12	12	0	203
jgi|Lacbi1|237398|e_gwh1.25.72.1_6-87_1AUA:A:4-96	0	0	1	5	0	8	5	8	0	93
jgi|Lacbi1|191198|estExt_GeneWisePlus_worm.C_250030_1-226_2Q46:A:2-253	0	12	3	8	0	27	15	20	0	252
jgi|Lacbi1|303806|eu2.Lbscf0025g01410_112-137,374-466,502-658_1W3B:A:	0	0	0	23	0	35	6	26	0	388
jgi|Lacbi1|303813|eu2.Lbscf0025g01480_73-148_2FBN:A:22-174	0	0	1	7	0	10	3	7	0	153
jgi|Lacbi1|303814|eu2.Lbscf0025g01490_290-422,475-543_1ZU2:A:1-145	0	0	0	7	0	11	4	4	0	145
jgi|Lacbi1|303814|eu2.Lbscf0025g01490_203-324_1W3B:A:	0	0	0	23	0	35	6	26	0	388
jgi|Lacbi1|330126|fgenesh3_pg.C_scaffold_25000109_7-44_2OVR:B:2263-2364	0	0	0	6	0	9	7	5	0	102
jgi|Lacbi1|330131|fgenesh3_pg.C_scaffold_25000114_9-43_2OVR:B:2263-2364	0	0	0	6	0	9	7	5	0	102
jgi|Lacbi1|192701|estExt_fgenesh1_kg.C_250007_147-375_2BTF:A:147-375	0	9	5	10	0	22	20	16	0	229
jgi|Lacbi1|192701|estExt_fgenesh1_kg.C_250007_3-153_1C0G:A:1-146	0	10	2	4	0	13	10	8	0	146
jgi|Lacbi1|294947|estExt_fgenesh2_pg.C_250108_79-168_2C35:B:78-171	0	9	1	0	0	9	5	8	0	94
jgi|Lacbi1|294947|estExt_fgenesh2_pg.C_250108_1-78_1Y14:B:1-80	1	4	1	1	0	7	2	4	0	80
jgi|Lacbi1|303826|eu2.Lbscf0025g01610_147-374_1ESV:A:147-375	0	9	7	10	0	23	16	14	0	229
jgi|Lacbi1|303826|eu2.Lbscf0025g01610_4-153_1C0G:A:1-146	0	10	2	4	0	13	10	8	0	146
jgi|Lacbi1|330139|fgenesh3_pg.C_scaffold_25000122_79-227_1WDT:A:8-274	2	11	3	9	0	22	15	13	0	267
jgi|Lacbi1|330139|fgenesh3_pg.C_scaffold_25000122_82-151,377-463_1BYU:A:	4	8	3	8	0	20	8	14	0	202
jgi|Lacbi1|330141|fgenesh3_pg.C_scaffold_25000124_12-147_1MIW:A:1-139	1	9	2	5	0	14	6	8	0	139
jgi|Lacbi1|303832|eu2.Lbscf0025g01670_15-168_1ZD0:A:9-144	1	4	0	6	0	10	6	5	0	138
jgi|Lacbi1|303833|eu2.Lbscf0025g01680_161-267_1MEK:A:	1	6	0	4	0	13	10	8	0	120
jgi|Lacbi1|303833|eu2.Lbscf0025g01680_33-134_1MEK:A:	1	6	0	4	0	13	10	8	0	120
jgi|Lacbi1|294953|estExt_fgenesh2_pg.C_250119_280-335_2FV6:A:503-544	0	0	0	2	0	8	7	1	0	42
jgi|Lacbi1|303839|eu2.Lbscf0025g01740_29-134_1TW3:A:99-351	2	7	3	12	0	24	12	15	0	253
jgi|Lacbi1|303841|eu2.Lbscf0025g01760_42-132_1OKC:A:	0	0	6	11	0	19	10	9	0	292
jgi|Lacbi1|303842|eu2.Lbscf0025g01770_163-325_1WDT:A:8-274	2	11	3	9	0	22	15	13	0	267
jgi|Lacbi1|303845|eu2.Lbscf0025g01800_114-184,246-355_1IA9:A:	5	14	4	6	0	31	17	13	0	278
jgi|Lacbi1|303855|eu2.Lbscf0025g01900_1-356_1DOS:A:	0	11	3	12	0	36	18	17	0	358
jgi|Lacbi1|185536|estExt_GeneWisePlus_human.C_250039_169-337_1MLD:A:145-313	2	5	3	4	0	16	6	6	0	169
jgi|Lacbi1|185536|estExt_GeneWisePlus_human.C_250039_17-169_1MLD:A:1-144	0	6	2	5	0	12	10	10	0	144
jgi|Lacbi1|168583|gwh1.25.219.1_1-93_2I53:A:14-157	0	0	2	7	0	14	7	6	0	144
jgi|Lacbi1|168583|gwh1.25.219.1_95-155,195-237_2I53:A:158-267	2	0	3	4	0	9	6	6	0	110
jgi|Lacbi1|303861|eu2.Lbscf0025g01960_129-180,229-283,393-523_1AZW:A:	1	8	5	12	0	26	20	23	0	313
jgi|Lacbi1|294965|estExt_fgenesh2_pg.C_250143_235-439_1FP2:A:109-352	1	9	4	13	0	24	10	15	0	244
jgi|Lacbi1|294965|estExt_fgenesh2_pg.C_250143_69-160_1FP1:D:19-128	1	2	2	5	0	10	5	11	0	110
jgi|Lacbi1|303868|eu2.Lbscf0025g02030_241-421_1A0P:A:111-292	4	3	3	8	0	17	7	7	0	182
jgi|Lacbi1|303869|eu2.Lbscf0025g02040_2-207_1RXW:A:3-219	4	7	3	8	0	21	9	11	0	217
jgi|Lacbi1|303869|eu2.Lbscf0025g02040_192-230,275-343_1A77:A:209-316	0	0	0	6	0	9	3	6	0	108
jgi|Lacbi1|252233|e_gww1.25.182.1_342-533_1T9F:A:	4	12	2	0	0	29	9	14	0	186
jgi|Lacbi1|294966|estExt_fgenesh2_pg.C_250149_8-108_2PYT:A:100-227	2	9	3	0	0	17	6	8	0	128
jgi|Lacbi1|330180|fgenesh3_pg.C_scaffold_25000163_281-364_2BNH:A:	5	17	2	16	0	59	26	25	0	456
jgi|Lacbi1|294969|estExt_fgenesh2_pg.C_250154_6-330_1K5H:A:1-125,A:275-300	0	6	1	6	0	14	10	9	1	151
jgi|Lacbi1|303883|eu2.Lbscf0025g02180_7-456_1TQN:A:	5	9	7	18	0	43	20	30	0	472
jgi|Lacbi1|252184|e_gww1.25.115.1_19-231_1BD3:A:	2	12	3	7	0	27	10	12	0	224
jgi|Lacbi1|303885|eu2.Lbscf0025g02200_62-182_1JL2:A:	3	5	0	5	0	15	8	10	0	150
jgi|Lacbi1|303887|eu2.Lbscf0025g02220_29-122_1A6D:B:216-367	2	8	2	3	0	15	12	6	0	152
jgi|Lacbi1|303887|eu2.Lbscf0025g02220_115-142_1Q3Q:A:146-216,A:370-405	1	5	3	3	0	8	7	2	1	107
jgi|Lacbi1|303889|eu2.Lbscf0025g02240_244-416_2Q0Z:X:33-208	1	0	2	9	0	14	8	11	0	176
jgi|Lacbi1|303889|eu2.Lbscf0025g02240_451-480,525-612_2Q0Z:X:209-322	2	7	1	0	0	12	8	4	0	114
jgi|Lacbi1|303889|eu2.Lbscf0025g02240_85-170_1XBL:A:	0	0	0	3	0	7	3	6	0	75
jgi|Lacbi1|252315|e_gww1.25.45.1_10-176,280-385_3C96:A:4-182,A:294-402	1	13	1	8	0	26	14	13	1	288
jgi|Lacbi1|252315|e_gww1.25.45.1_182-286_2VOU:A:164-291	3	6	1	4	0	14	7	8	0	128
jgi|Lacbi1|294975|estExt_fgenesh2_pg.C_250165_130-177,365-393_1Y6I:A:1-82	0	0	0	5	0	8	5	4	0	82
jgi|Lacbi1|330194|fgenesh3_pg.C_scaffold_25000177_35-152,182-291_1KOB:A:	7	11	8	11	0	39	20	20	0	352
jgi|Lacbi1|330197|fgenesh3_pg.C_scaffold_25000180_133-193_1FEX:A:	0	0	0	3	0	5	5	3	0	59
jgi|Lacbi1|330197|fgenesh3_pg.C_scaffold_25000180_35-77_1H88:C:89-143	0	0	0	3	0	6	5	5	0	55
jgi|Lacbi1|330197|fgenesh3_pg.C_scaffold_25000180_76-117_1H8A:C:87-143	0	0	0	3	0	8	4	3	0	57
jgi|Lacbi1|303899|eu2.Lbscf0025g02340_52-358_1VJ5:A:226-547	0	8	9	13	0	29	21	23	0	321
jgi|Lacbi1|303900|eu2.Lbscf0025g02350_194-473_1FP2:A:109-352	1	9	4	13	0	24	10	15	0	244
jgi|Lacbi1|303900|eu2.Lbscf0025g02350_81-171_1FP2:A:8-108	0	3	1	6	0	4	6	8	0	101
jgi|Lacbi1|303901|eu2.Lbscf0025g02360_667-820_1SXJ:A:548-693	1	2	3	7	0	9	9	12	0	146
jgi|Lacbi1|303901|eu2.Lbscf0025g02360_413-648_1SXJ:A:295-547	1	5	4	11	0	21	18	23	0	253
jgi|Lacbi1|303901|eu2.Lbscf0025g02360_285-363_1L7B:A:	1	4	0	3	0	14	10	4	0	92
jgi|Lacbi1|303904|eu2.Lbscf0025g02390_247-331_1DKZ:A:389-506	3	8	1	0	0	16	9	7	0	118
jgi|Lacbi1|252427|e_gww1.26.15.1_260-537_2G39:A:224-497	2	17	5	10	0	29	21	17	0	274
jgi|Lacbi1|252427|e_gww1.26.15.1_19-255_2G39:A:3-223	10	9	3	6	0	25	19	14	0	221
jgi|Lacbi1|330235|fgenesh3_pg.C_scaffold_26000004_82-327_1DCE:A:444-567	0	6	5	1	0	21	11	9	0	124
jgi|Lacbi1|237703|e_gwh1.26.48.1_7-203_1E32:A:201-458	3	5	4	12	0	28	13	14	0	258
jgi|Lacbi1|303972|eu2.Lbscf0026g00070_23-117_1FS1:A:109-149	0	0	2	3	0	6	2	3	0	41
jgi|Lacbi1|303972|eu2.Lbscf0026g00070_112-216,247-332,368-387_1G72:A:	6	38	10	5	0	74	38	44	0	571
jgi|Lacbi1|303976|eu2.Lbscf0026g00110_7-186_1BEH:A:	5	9	3	2	0	27	19	14	0	184
jgi|Lacbi1|252397|e_gww1.26.6.1_7-500_1UOK:A:1-479	6	15	12	16	0	55	33	34	0	479
jgi|Lacbi1|252397|e_gww1.26.6.1_503-585_1UOK:A:480-558	0	7	0	0	0	11	6	4	0	79
jgi|Lacbi1|303978|eu2.Lbscf0026g00130_32-582_1TQN:A:	5	9	7	18	0	43	20	30	0	472
jgi|Lacbi1|303979|eu2.Lbscf0026g00140_32-519_1TQN:A:	5	9	7	18	0	43	20	30	0	472
jgi|Lacbi1|303983|eu2.Lbscf0026g00180_28-544_1THG:A:	5	16	8	19	0	57	37	36	0	543
jgi|Lacbi1|294995|estExt_fgenesh2_pg.C_260019_206-254_1VA3:A:595-623	0	0	0	1	0	4	4	0	0	29
jgi|Lacbi1|294995|estExt_fgenesh2_pg.C_260019_3-49_1UBD:C:323-350	0	2	1	1	0	4	2	2	0	28
jgi|Lacbi1|303987|eu2.Lbscf0026g00220_222-269,301-494_1B5S:A:	2	9	4	6	0	29	13	11	0	242
jgi|Lacbi1|303987|eu2.Lbscf0026g00220_32-117_1LAB:A:	4	6	0	0	0	20	13	1	0	80
jgi|Lacbi1|303987|eu2.Lbscf0026g00220_158-203_1EBD:C:	0	0	1	2	0	5	1	3	0	41
jgi|Lacbi1|303988|eu2.Lbscf0026g00230_37-385_1EKF:A:	6	19	3	7	0	43	24	20	0	365
jgi|Lacbi1|303990|eu2.Lbscf0026g00250_133-483_4KBP:A:121-432	5	15	5	6	0	41	25	21	0	312
jgi|Lacbi1|303990|eu2.Lbscf0026g00250_14-124_4KBP:A:9-120	3	8	1	0	0	19	7	2	0	112
jgi|Lacbi1|330257|fgenesh3_pg.C_scaffold_26000026_136-490_4KBP:A:121-432	5	15	5	6	0	41	25	21	0	312
jgi|Lacbi1|330257|fgenesh3_pg.C_scaffold_26000026_22-129_4KBP:A:9-120	3	8	1	0	0	19	7	2	0	112
jgi|Lacbi1|330258|fgenesh3_pg.C_scaffold_26000027_242-280_2D8Q:A:8-64	4	0	0	2	0	9	3	2	0	57
jgi|Lacbi1|294998|estExt_fgenesh2_pg.C_260027_556-623,714-921_1GZ8:A:	3	8	3	10	0	29	17	22	0	298
jgi|Lacbi1|294998|estExt_fgenesh2_pg.C_260027_978-1279_1WU7:A:3-329	3	12	1	12	0	35	21	19	0	327
jgi|Lacbi1|294998|estExt_fgenesh2_pg.C_260027_1-135_1UKX:A:	0	4	0	3	0	12	9	4	0	136
jgi|Lacbi1|294998|estExt_fgenesh2_pg.C_260027_286-464_1JKS:A:	7	9	4	9	0	33	20	13	0	293
jgi|Lacbi1|303996|eu2.Lbscf0026g00310_44-331_1VL8:A:	2	7	6	9	0	25	10	14	0	251
jgi|Lacbi1|252407|e_gww1.26.24.1_178-290_1T43:A:	2	9	3	11	0	29	18	14	0	274
jgi|Lacbi1|295000|estExt_fgenesh2_pg.C_260030_684-907_1FQV:A:146-431	8	13	3	8	0	55	21	24	0	286
jgi|Lacbi1|295000|estExt_fgenesh2_pg.C_260030_6-95_1FS1:A:109-149	0	0	2	3	0	6	2	3	0	41
jgi|Lacbi1|330264|fgenesh3_pg.C_scaffold_26000033_241-494_1GVN:B:	0	6	1	11	0	24	8	17	0	273
jgi|Lacbi1|237670|e_gwh1.26.33.1_82-218_1RLG:A:	0	4	1	5	0	10	10	5	0	113
jgi|Lacbi1|252413|e_gww1.26.36.1_105-242_1RLG:A:	0	4	1	5	0	10	10	5	0	113
jgi|Lacbi1|304049|eu2.Lbscf0026g00840_92-258_2OV9:A:7-209	3	7	2	3	0	22	12	13	0	203
jgi|Lacbi1|304051|eu2.Lbscf0026g00860_26-70_2HAP:C:55-97	0	0	1	2	0	6	3	2	0	43
jgi|Lacbi1|304052|eu2.Lbscf0026g00870_3-340_1Y1P:A:2-343	0	12	1	11	0	37	20	20	0	342
jgi|Lacbi1|304054|eu2.Lbscf0026g00890_54-152_1S04:A:	2	4	0	5	0	14	7	7	0	110
jgi|Lacbi1|304059|eu2.Lbscf0026g00940_10-281_1IA8:A:	5	12	5	7	0	36	16	18	0	275
jgi|Lacbi1|304063|eu2.Lbscf0026g00980_40-537_1TQN:A:	5	9	7	18	0	43	20	30	0	472
jgi|Lacbi1|304064|eu2.Lbscf0026g00990_194-388_1JJU:B:	6	29	2	0	0	32	15	24	0	337
jgi|Lacbi1|304065|eu2.Lbscf0026g01000_221-367,394-501_1QPC:A:	3	11	3	9	0	32	11	19	0	272
jgi|Lacbi1|330311|fgenesh3_pg.C_scaffold_26000080_31-132_1BUO:A:	0	3	1	6	0	11	5	4	0	121
jgi|Lacbi1|295007|estExt_fgenesh2_pg.C_260079_38-253_1DIN:A:	2	9	3	6	0	26	12	19	0	233
jgi|Lacbi1|304068|eu2.Lbscf0026g01030_224-371_2NYC:A:181-320	8	5	2	5	0	14	9	7	0	140
jgi|Lacbi1|304069|eu2.Lbscf0026g01040_222-369_3DDJ:A:1-135	2	8	5	5	0	11	11	9	0	135
jgi|Lacbi1|304070|eu2.Lbscf0026g01050_9-40,67-138_1XHS:A:	0	6	0	2	0	14	7	7	0	113
jgi|Lacbi1|151917|gww1.26.73.1_68-455_1UWV:A:75-432	7	17	2	8	0	35	22	22	0	358
jgi|Lacbi1|151917|gww1.26.73.1_2-57_1YEZ:A:1-68	0	6	0	0	0	9	4	4	0	68
jgi|Lacbi1|300254|eu2.Lbscf0199g00030_25-150_1ERJ:A:	2	30	1	1	0	43	24	22	0	388
jgi|Lacbi1|304080|eu2.Lbscf0026g01150_25-150_1ERJ:A:	2	30	1	1	0	43	24	22	0	388
jgi|Lacbi1|330322|fgenesh3_pg.C_scaffold_26000091_128-350_1N1M:A:39-508	9	38	3	4	0	58	37	26	0	470
jgi|Lacbi1|330326|fgenesh3_pg.C_scaffold_26000095_112-307_1XFD:A:127-591	9	30	2	3	0	57	36	22	0	465
jgi|Lacbi1|330327|fgenesh3_pg.C_scaffold_26000096_457-590_1L0Q:A:1-301	0	29	1	0	0	20	16	19	0	301
jgi|Lacbi1|330330|fgenesh3_pg.C_scaffold_26000099_111-288_1XFD:A:127-591	9	30	2	3	0	57	36	22	0	465
jgi|Lacbi1|330332|fgenesh3_pg.C_scaffold_26000101_169-190,218-351_1CRZ:A:141-409	0	24	0	0	0	34	21	17	0	269
jgi|Lacbi1|330335|fgenesh3_pg.C_scaffold_26000104_200-341_1NIR:A:118-543	3	35	4	4	0	50	28	28	0	426
jgi|Lacbi1|304113|eu2.Lbscf0026g01480_117-308_1ORV:A:39-508	12	36	3	4	0	53	35	31	0	470
jgi|Lacbi1|304117|eu2.Lbscf0026g01520_190-371_1K32:A:39-319	1	27	1	0	0	31	19	21	0	281
jgi|Lacbi1|304130|eu2.Lbscf0026g01650_73-111,157-174_1IYM:A:	0	2	0	1	0	11	6	4	0	54
jgi|Lacbi1|304140|eu2.Lbscf0026g01750_8-135_1YKH:B:2-130	0	0	0	3	0	4	2	2	0	129
jgi|Lacbi1|330354|fgenesh3_pg.C_scaffold_26000123_92-296_2HYE:C:55-401	0	0	1	19	0	15	13	23	0	347
jgi|Lacbi1|237655|e_gwh1.26.18.1_107-380_2HYE:C:403-675	1	8	3	9	0	25	16	11	0	273
jgi|Lacbi1|237655|e_gwh1.26.18.1_378-467_1IUY:A:	0	3	0	3	0	9	6	3	0	92
jgi|Lacbi1|237655|e_gwh1.26.18.1_4-99_2HYE:C:55-401	0	0	1	19	0	15	13	23	0	347
jgi|Lacbi1|252398|e_gww1.26.65.1_86-158,530-610,665-892_1W3B:A:	0	0	0	23	0	35	6	26	0	388
jgi|Lacbi1|252398|e_gww1.26.65.1_27-152,389-465_1W3B:A:	0	0	0	23	0	35	6	26	0	388
jgi|Lacbi1|252398|e_gww1.26.65.1_268-290,335-438_1W3B:A:	0	0	0	23	0	35	6	26	0	388
jgi|Lacbi1|330357|fgenesh3_pg.C_scaffold_26000126_331-468_1H8F:A:	1	11	7	11	0	40	25	18	0	352
jgi|Lacbi1|330357|fgenesh3_pg.C_scaffold_26000126_76-167_1IA8:A:	5	12	5	7	0	36	16	18	0	275
jgi|Lacbi1|304147|eu2.Lbscf0026g01820_153-453_1ERJ:A:	2	30	1	1	0	43	24	22	0	388
jgi|Lacbi1|295014|estExt_fgenesh2_pg.C_260122_78-501_1WPX:A:1-421	5	13	3	17	0	47	29	31	0	421
jgi|Lacbi1|304153|eu2.Lbscf0026g01880_265-349,381-613_1ERJ:A:	2	30	1	1	0	43	24	22	0	388
jgi|Lacbi1|304154|eu2.Lbscf0026g01890_43-379_1A9N:A:	0	10	3	4	0	27	13	10	0	162
jgi|Lacbi1|330365|fgenesh3_pg.C_scaffold_26000134_66-109_1G72:A:	6	38	10	5	0	74	38	44	0	571
jgi|Lacbi1|304168|eu2.Lbscf0026g02030_109-203_2IVX:A:7-149	0	0	1	7	0	11	6	8	0	143
jgi|Lacbi1|330376|fgenesh3_pg.C_scaffold_26000145_1-111_1YKH:B:2-130	0	0	0	3	0	4	2	2	0	129
jgi|Lacbi1|330381|fgenesh3_pg.C_scaffold_26000150_641-977_1K3I:A:151-537	9	30	6	0	0	59	29	25	0	387
jgi|Lacbi1|330383|fgenesh3_pg.C_scaffold_26000152_15-186_2OVR:B:2365-2706	0	32	2	1	0	36	24	21	0	342
jgi|Lacbi1|304193|eu2.Lbscf0026g02280_61-239_1P22:A:253-545	0	28	0	1	0	35	23	13	0	293
jgi|Lacbi1|330392|fgenesh3_pg.C_scaffold_26000161_80-482_1QBK:B:	0	0	17	47	0	50	54	64	0	888
jgi|Lacbi1|330392|fgenesh3_pg.C_scaffold_26000161_399-506,803-1069,1122-1215_1QBK:B:	0	0	17	47	0	50	54	64	0	888
jgi|Lacbi1|304222|eu2.Lbscf0027g00020_24-92_1OYW:A:1-206	0	7	2	10	0	22	14	12	0	206
jgi|Lacbi1|304225|eu2.Lbscf0027g00050_197-231_1QHK:A:	0	3	0	2	0	7	4	0	0	47
jgi|Lacbi1|304258|eu2.Lbscf0027g00380_55-82,418-495_1ZCB:A:47-75,A:202-372	0	8	2	5	0	21	8	15	1	200
jgi|Lacbi1|304258|eu2.Lbscf0027g00380_89-132,339-422_1ZCA:A:83-204	0	0	2	7	0	8	3	7	0	122
jgi|Lacbi1|304268|eu2.Lbscf0027g00480_88-388_1OYW:A:1-206	0	7	2	10	0	22	14	12	0	206
jgi|Lacbi1|304277|eu2.Lbscf0027g00570_3-60_2BW3:A:163-609	0	5	7	21	0	33	14	25	0	447
jgi|Lacbi1|330434|fgenesh3_pg.C_scaffold_27000042_55-82,417-584_1ZCB:A:47-75,A:202-372	0	8	2	5	0	21	8	15	1	200
jgi|Lacbi1|330434|fgenesh3_pg.C_scaffold_27000042_89-132,337-421_1ZCA:A:83-204	0	0	2	7	0	8	3	7	0	122
jgi|Lacbi1|252519|e_gww1.27.10.1_35-110,151-454_1W36:D:2-360	6	9	4	14	0	32	29	25	0	359
jgi|Lacbi1|237781|e_gwh1.27.56.1_2-180_2JAV:A:3-271	1	8	3	9	0	24	12	13	0	269
jgi|Lacbi1|152540|gww1.27.92.1_2-173,280-371_3C96:A:4-182,A:294-402	1	13	1	8	0	26	14	13	1	288
jgi|Lacbi1|304300|eu2.Lbscf0027g00800_72-419_2ICH:A:24-351	2	23	2	0	0	34	18	20	0	328
jgi|Lacbi1|252456|e_gww1.27.25.1_3-250,290-359_1N3L:A:	2	8	6	14	0	28	15	19	0	339
jgi|Lacbi1|191308|estExt_GeneWisePlus_worm.C_270042_138-394_2CE7:A:150-402	2	5	6	9	0	24	12	16	0	253
jgi|Lacbi1|295028|estExt_fgenesh2_pg.C_270061_202-238_1F8A:B:1-42	0	3	0	0	0	5	2	3	0	38
jgi|Lacbi1|185623|estExt_GeneWisePlus_human.C_270002_64-510_1AUI:A:	6	14	3	13	0	41	29	19	0	473
jgi|Lacbi1|237810|e_gwh1.27.83.1_12-450_1RE5:A:	3	4	5	19	0	27	13	20	0	448
jgi|Lacbi1|304321|eu2.Lbscf0027g01010_38-77_2FV6:A:503-544	0	0	0	2	0	8	7	1	0	42
jgi|Lacbi1|191321|estExt_GeneWisePlus_worm.C_270076_6-385_2BIS:A:1-437	4	17	6	16	0	48	27	24	0	437
jgi|Lacbi1|295034|estExt_fgenesh2_pg.C_270072_14-139_2F6S:A:1-177	1	4	2	8	0	16	11	10	0	177
jgi|Lacbi1|252507|e_gww1.27.96.1_5-248_1FX8:A:	0	0	4	11	0	13	7	10	0	254
jgi|Lacbi1|330474|fgenesh3_pg.C_scaffold_27000082_353-466_1Q5N:A:	2	4	4	20	0	27	11	22	0	444
jgi|Lacbi1|165492|gwh1.27.71.1_590-640,683-761_1IHG:A:197-365	0	0	2	8	0	13	5	7	0	169
jgi|Lacbi1|304339|eu2.Lbscf0027g01190_320-348,401-440_1AM9:A:	0	0	0	2	0	4	1	1	0	80
jgi|Lacbi1|304341|eu2.Lbscf0027g01210_4-77_1IRY:A:	5	9	0	2	0	20	10	6	0	156
jgi|Lacbi1|252503|e_gww1.27.68.1_3-125_1Q4R:A:	0	4	0	4	0	11	5	5	0	103
jgi|Lacbi1|304350|eu2.Lbscf0027g01300_7-109_1UW0:A:	2	5	0	2	0	19	11	5	0	117
jgi|Lacbi1|304351|eu2.Lbscf0027g01310_6-109_1UW0:A:	2	5	0	2	0	19	11	5	0	117
jgi|Lacbi1|252526|e_gww1.27.30.1_156-420_1I31:A:	1	16	2	0	0	27	16	7	0	277
jgi|Lacbi1|252526|e_gww1.27.30.1_1-140_1GW5:M:1-141	2	5	1	4	0	13	8	7	0	140
jgi|Lacbi1|252516|e_gww1.27.100.1_3-175_2B3W:A:1-160	2	4	1	6	0	16	12	8	0	160
jgi|Lacbi1|304371|eu2.Lbscf0027g01510_849-908_1S7A:A:	0	3	1	5	0	9	8	3	0	103
jgi|Lacbi1|304372|eu2.Lbscf0027g01520_58-82,270-457_1TAD:A:27-56,A:178-342	2	6	4	6	0	22	12	13	1	195
jgi|Lacbi1|304372|eu2.Lbscf0027g01520_89-132,198-275_1TAD:A:57-177	0	0	1	7	0	8	4	8	0	121
jgi|Lacbi1|304374|eu2.Lbscf0027g01540_506-816_1W9H:A:93-408	2	7	1	5	0	18	10	4	0	160
jgi|Lacbi1|304374|eu2.Lbscf0027g01540_210-367_1R4K:A:	3	8	1	3	0	25	13	6	0	168
jgi|Lacbi1|304389|eu2.Lbscf0027g01690_77-193_1V10:A:137-304	4	11	3	0	0	23	15	7	0	168
jgi|Lacbi1|304389|eu2.Lbscf0027g01690_27-100_1GYC:A:1-130	6	8	3	0	0	20	7	10	0	130
jgi|Lacbi1|304390|eu2.Lbscf0027g01700_212-327,361-404_1YVB:A:0-212	9	8	2	6	0	31	17	15	0	241
jgi|Lacbi1|304399|eu2.Lbscf0027g01790_115-276_1P5Q:A:258-427	0	0	1	7	0	10	2	6	0	170
jgi|Lacbi1|304399|eu2.Lbscf0027g01790_177-209,313-353,388-446_1A17:A:	0	0	0	7	0	11	3	7	0	159
jgi|Lacbi1|296066|estExt_fgenesh2_pg.C_2760001_71-291_1GEC:E:	10	8	1	6	0	32	17	12	0	216
jgi|Lacbi1|304414|eu2.Lbscf0027g01940_71-291_1GEC:E:	10	8	1	6	0	32	17	12	0	216
jgi|Lacbi1|152711|gww1.27.94.1_157-245_2BL5:A:1-134	0	3	2	6	0	11	13	9	0	134
jgi|Lacbi1|152711|gww1.27.94.1_69-138_1K1G:A:	0	3	1	4	0	10	10	5	0	122
jgi|Lacbi1|330527|fgenesh3_pg.C_scaffold_27000135_68-390_1BXK:A:	3	13	4	12	0	37	16	15	0	350
jgi|Lacbi1|304418|eu2.Lbscf0027g01980_95-227_2BNH:A:	5	17	2	16	0	59	26	25	0	456
jgi|Lacbi1|304420|eu2.Lbscf0027g02000_14-58_1GEC:E:	10	8	1	6	0	32	17	12	0	216
jgi|Lacbi1|304421|eu2.Lbscf0027g02010_68-118_1VSN:A:1-211	5	10	3	5	0	26	13	12	0	215
jgi|Lacbi1|191312|estExt_GeneWisePlus_worm.C_270053_244-650_2FBA:A:1-492	12	10	5	15	0	54	34	37	0	492
jgi|Lacbi1|185642|estExt_GeneWisePlus_human.C_270047_150-351_1V10:A:137-304	4	11	3	0	0	23	15	7	0	168
jgi|Lacbi1|185642|estExt_GeneWisePlus_human.C_270047_347-544_1V10:A:305-494	3	12	3	5	0	28	18	8	0	190
jgi|Lacbi1|185642|estExt_GeneWisePlus_human.C_270047_4-173_1KYA:A:1-130	7	8	2	0	0	20	7	9	0	130
jgi|Lacbi1|304428|eu2.Lbscf0027g02080_16-188,226-351_1BPO:A:331-487	0	0	1	10	0	13	9	8	0	157
jgi|Lacbi1|295043|estExt_fgenesh2_pg.C_270129_341-424_1AWP:A:	1	5	1	4	0	11	4	8	0	86
jgi|Lacbi1|304430|eu2.Lbscf0027g02100_1745-1802_1IYM:A:	0	2	0	1	0	11	6	4	0	54
jgi|Lacbi1|304430|eu2.Lbscf0027g02100_136-213,284-407,593-682,1105-1175,1206-1312,1348-1371,1415-1448_2I9C:A:3-123	0	0	1	5	0	8	4	6	0	121
jgi|Lacbi1|304431|eu2.Lbscf0027g02110_87-309_1IAL:A:	0	0	4	28	0	36	22	21	0	453
jgi|Lacbi1|304431|eu2.Lbscf0027g02110_661-697_2D8Q:A:8-64	4	0	0	2	0	9	3	2	0	57
jgi|Lacbi1|252536|e_gww1.27.79.1_303-605_1EWQ:A:267-541	2	4	1	10	0	20	10	10	0	275
jgi|Lacbi1|252536|e_gww1.27.79.1_647-881_1E3M:A:567-800	2	10	1	6	0	25	13	9	0	234
jgi|Lacbi1|330542|fgenesh3_pg.C_scaffold_28000003_2-44_1FQV:A:107-145	0	0	0	3	0	4	4	4	0	39
jgi|Lacbi1|330542|fgenesh3_pg.C_scaffold_28000003_107-268_1PGV:A:	2	5	0	7	0	21	9	7	0	167
jgi|Lacbi1|295047|estExt_fgenesh2_pg.C_280004_25-320_1J6O:A:	1	8	6	9	0	23	12	16	0	267
jgi|Lacbi1|296178|eu2.Lbscf0108g00020_6-230_2BW3:A:163-609	0	5	7	21	0	33	14	25	0	447
jgi|Lacbi1|304455|eu2.Lbscf0028g00040_6-230_2BW3:A:163-609	0	5	7	21	0	33	14	25	0	447
jgi|Lacbi1|296076|estExt_fgenesh2_pg.C_5420001_23-199_3B57:A:1-201	0	0	0	11	0	11	4	8	0	201
jgi|Lacbi1|304457|eu2.Lbscf0028g00060_23-199_3B57:A:1-201	0	0	0	11	0	11	4	8	0	201
jgi|Lacbi1|330552|fgenesh3_pg.C_scaffold_28000013_198-433_1FQV:A:146-431	8	13	3	8	0	55	21	24	0	286
jgi|Lacbi1|185674|estExt_GeneWisePlus_human.C_280082_13-294_1O6L:A:	6	9	5	10	0	39	20	21	0	337
jgi|Lacbi1|185674|estExt_GeneWisePlus_human.C_280082_421-574,603-636_2QLV:A:460-630	0	7	2	4	0	13	5	5	0	171
jgi|Lacbi1|304485|eu2.Lbscf0028g00340_203-300_1PGV:A:	2	5	0	7	0	21	9	7	0	167
jgi|Lacbi1|330566|fgenesh3_pg.C_scaffold_28000027_308-469_1IA9:A:	5	14	4	6	0	31	17	13	0	278
jgi|Lacbi1|330578|fgenesh3_pg.C_scaffold_28000039_247-556_2BW3:A:163-609	0	5	7	21	0	33	14	25	0	447
jgi|Lacbi1|330580|fgenesh3_pg.C_scaffold_28000041_81-162_1NEX:B:270-369	0	0	0	7	0	9	5	6	0	100
jgi|Lacbi1|295056|estExt_fgenesh2_pg.C_280043_89-306_1LL2:A:	1	11	7	10	0	24	19	16	0	263
jgi|Lacbi1|237838|e_gwh1.28.49.1_43-264_1KOQ:A:	5	13	5	4	0	33	18	7	0	222
jgi|Lacbi1|252565|e_gww1.28.16.1_13-337_1EXB:A:	4	10	6	13	1	24	21	17	0	326
jgi|Lacbi1|304523|eu2.Lbscf0028g00720_77-150_2OVR:B:2263-2364	0	0	0	6	0	9	7	5	0	102
jgi|Lacbi1|252630|e_gww1.28.9.1_15-339_1EXB:A:	4	10	6	13	1	24	21	17	0	326
jgi|Lacbi1|304526|eu2.Lbscf0028g00750_28-152_1O70:A:468-624	0	7	3	6	0	10	8	7	0	157
jgi|Lacbi1|237909|e_gwh1.28.58.1_21-165_1M3G:A:	0	6	0	5	0	15	12	8	0	145
jgi|Lacbi1|304539|eu2.Lbscf0028g00880_44-140_1HV8:A:211-365	1	6	1	6	0	17	12	7	0	155
jgi|Lacbi1|185667|estExt_GeneWisePlus_human.C_280002_23-480,558-583_1GW5:B:	0	0	4	32	0	42	43	37	0	579
jgi|Lacbi1|304545|eu2.Lbscf0028g00940_18-49_1UL1:X:218-357	1	1	1	7	0	13	9	4	0	140
jgi|Lacbi1|191338|estExt_GeneWisePlus_worm.C_280012_37-352_1W9Y:A:2-308	1	12	5	7	0	27	12	12	0	307
jgi|Lacbi1|304549|eu2.Lbscf0028g00980_170-486_1I4A:A:	0	0	0	19	0	23	16	5	0	309
jgi|Lacbi1|237860|e_gwh1.28.48.1_46-265_1KOQ:A:	5	13	5	4	0	33	18	7	0	222
jgi|Lacbi1|304553|eu2.Lbscf0028g01020_39-116_2IE7:A:2-319	0	0	1	20	0	24	12	6	0	318
jgi|Lacbi1|237880|e_gwh1.28.47.1_46-267_1KOQ:A:	5	13	5	4	0	33	18	7	0	222
jgi|Lacbi1|237828|e_gwh1.28.45.1_46-265_1KOQ:A:	5	13	5	4	0	33	18	7	0	222
jgi|Lacbi1|237891|e_gwh1.28.50.1_5-173_1KOQ:A:	5	13	5	4	0	33	18	7	0	222
jgi|Lacbi1|304580|eu2.Lbscf0028g01290_19-130_1KOQ:A:	5	13	5	4	0	33	18	7	0	222
jgi|Lacbi1|304606|eu2.Lbscf0028g01550_138-182_1QHK:A:	0	3	0	2	0	7	4	0	0	47
jgi|Lacbi1|330644|fgenesh3_pg.C_scaffold_28000105_338-380_1WEW:A:	0	2	0	2	0	14	10	2	0	77
jgi|Lacbi1|304626|eu2.Lbscf0028g01750_16-79_1RW3:A:	14	14	5	11	0	57	32	26	0	454
jgi|Lacbi1|330694|fgenesh3_pg.C_scaffold_28000155_248-277_1U6P:A:	2	0	1	0	0	10	6	3	0	56
jgi|Lacbi1|304718|eu2.Lbscf0029g00020_72-180_2Q0Z:X:209-322	2	7	1	0	0	12	8	4	0	114
jgi|Lacbi1|304718|eu2.Lbscf0029g00020_183-258_2P6R:A:1-202	1	7	2	7	0	20	9	10	0	202
jgi|Lacbi1|330707|fgenesh3_pg.C_scaffold_29000010_231-276_1QHK:A:	0	3	0	2	0	7	4	0	0	47
jgi|Lacbi1|304745|eu2.Lbscf0029g00290_80-174,222-288_1XFD:A:127-591	9	30	2	3	0	57	36	22	0	465
jgi|Lacbi1|191364|estExt_GeneWisePlus_worm.C_290063_47-400_1C4Z:A:	4	10	4	13	0	35	26	18	0	350
jgi|Lacbi1|304751|eu2.Lbscf0029g00350_165-257_1XTE:A:	0	3	2	4	0	9	3	6	0	116
jgi|Lacbi1|304752|eu2.Lbscf0029g00360_35-127_2H8A:A:9-147	0	0	1	7	0	6	5	7	0	139
jgi|Lacbi1|330729|fgenesh3_pg.C_scaffold_29000032_87-208,235-335_1YRG:A:	3	14	2	12	0	46	15	21	0	343
jgi|Lacbi1|304755|eu2.Lbscf0029g00390_17-208,240-471_1PV7:A:	0	0	2	22	0	18	12	14	0	417
jgi|Lacbi1|304757|eu2.Lbscf0029g00410_221-475_1PGV:A:	2	5	0	7	0	21	9	7	0	167
jgi|Lacbi1|295069|estExt_fgenesh2_pg.C_290040_14-361_1JS8:A:2503-2791	6	6	6	9	0	29	19	22	0	289
jgi|Lacbi1|167767|gwh1.29.87.1_1-199_1YDE:A:4-253	2	7	2	10	0	23	11	14	0	250
jgi|Lacbi1|174636|estExt_Genewise1_human.C_290034_30-229,259-317_1O4Y:A:	5	19	5	4	0	33	15	16	0	270
jgi|Lacbi1|304781|eu2.Lbscf0029g00650_19-264_1YDE:A:4-253	2	7	2	10	0	23	11	14	0	250
jgi|Lacbi1|304783|eu2.Lbscf0029g00670_6-138_1X6M:A:	1	11	5	3	0	24	13	10	0	195
jgi|Lacbi1|304786|eu2.Lbscf0029g00700_114-444_1DTD:A:	4	8	2	9	0	37	20	18	0	303
jgi|Lacbi1|304787|eu2.Lbscf0029g00710_72-180_1UOH:A:	0	0	1	14	0	27	7	20	0	223
jgi|Lacbi1|304789|eu2.Lbscf0029g00730_210-307_1SW6:A:	2	4	3	13	0	30	11	18	0	301
jgi|Lacbi1|304789|eu2.Lbscf0029g00730_99-191_2Q4V:A:3-169	1	7	2	6	0	14	4	9	0	167
jgi|Lacbi1|295072|estExt_fgenesh2_pg.C_290053_7-50_1P22:A:135-252	0	0	2	7	0	7	4	6	0	114
jgi|Lacbi1|295072|estExt_fgenesh2_pg.C_290053_214-338,383-432_1PGV:A:	2	5	0	7	0	21	9	7	0	167
jgi|Lacbi1|304796|eu2.Lbscf0029g00800_95-547_1PW4:A:	2	0	1	18	0	21	18	22	0	450
jgi|Lacbi1|330759|fgenesh3_pg.C_scaffold_29000062_61-170_2FUG:4:35-409	3	7	3	13	0	39	26	18	0	375
jgi|Lacbi1|330762|fgenesh3_pg.C_scaffold_29000065_501-637,668-762_2EW1:A:4-174	0	6	3	6	0	15	10	10	0	171
jgi|Lacbi1|304805|eu2.Lbscf0029g00890_450-720_1E9R:A:	4	15	5	17	0	45	21	21	0	433
jgi|Lacbi1|252635|e_gww1.29.77.1_50-499_1PW4:A:	2	0	1	18	0	21	18	22	0	450
jgi|Lacbi1|304813|eu2.Lbscf0029g00970_65-514_1PW4:A:	2	0	1	18	0	21	18	22	0	450
jgi|Lacbi1|304818|eu2.Lbscf0029g01020_52-88_2BIS:A:1-437	4	17	6	16	0	48	27	24	0	437
jgi|Lacbi1|304824|eu2.Lbscf0029g01080_17-288_1N1M:A:39-508	9	38	3	4	0	58	37	26	0	470
jgi|Lacbi1|330779|fgenesh3_pg.C_scaffold_29000082_223-289,346-391_1G7S:A:1-227	3	9	5	6	0	24	13	14	0	227
jgi|Lacbi1|252734|e_gww1.29.7.1_122-310_3DC7:A:18-224	5	5	1	8	0	25	19	14	0	207
jgi|Lacbi1|330791|fgenesh3_pg.C_scaffold_29000094_49-139_1ORV:A:39-508	12	36	3	4	0	53	35	31	0	470
jgi|Lacbi1|295081|estExt_fgenesh2_pg.C_290091_23-61_1P22:A:135-252	0	0	2	7	0	7	4	6	0	114
jgi|Lacbi1|304860|eu2.Lbscf0029g01440_19-71_1P22:A:135-252	0	0	2	7	0	7	4	6	0	114
jgi|Lacbi1|330799|fgenesh3_pg.C_scaffold_29000102_22-157_1GGP:B:141-267	2	12	2	0	0	19	9	7	0	128
jgi|Lacbi1|304863|eu2.Lbscf0029g01470_178-388_1IAE:A:	3	9	7	4	0	25	17	12	0	200
jgi|Lacbi1|304863|eu2.Lbscf0029g01470_496-577,616-702_1RM8:A:	0	7	0	3	0	20	15	9	0	169
jgi|Lacbi1|330803|fgenesh3_pg.C_scaffold_29000106_7-43_1FQV:A:107-145	0	0	0	3	0	4	4	4	0	39
jgi|Lacbi1|330804|fgenesh3_pg.C_scaffold_29000107_4-43_1FQV:A:107-145	0	0	0	3	0	4	4	4	0	39
jgi|Lacbi1|330805|fgenesh3_pg.C_scaffold_29000108_147-188_1FQV:A:107-145	0	0	0	3	0	4	4	4	0	39
jgi|Lacbi1|304868|eu2.Lbscf0029g01520_48-281_2FLU:X:325-609	14	28	0	0	0	37	15	14	0	285
jgi|Lacbi1|252641|e_gww1.29.2.1_15-148,222-258,356-551_1BGG:A:	8	15	6	16	0	39	20	27	0	447
jgi|Lacbi1|304870|eu2.Lbscf0029g01540_36-299_2FLU:X:325-609	14	28	0	0	0	37	15	14	0	285
jgi|Lacbi1|304872|eu2.Lbscf0029g01560_39-246_2FLU:X:325-609	14	28	0	0	0	37	15	14	0	285
jgi|Lacbi1|330814|fgenesh3_pg.C_scaffold_29000117_132-218_1EEM:A:103-241	2	0	2	7	0	10	6	8	0	139
jgi|Lacbi1|330814|fgenesh3_pg.C_scaffold_29000117_6-88_1GWC:A:4-86	0	4	0	3	0	9	5	6	0	83
jgi|Lacbi1|252730|e_gww1.29.81.1_59-478_1WPX:A:1-421	5	13	3	17	0	47	29	31	0	421
jgi|Lacbi1|252664|e_gww1.29.15.1_27-561_1MT5:A:	4	11	7	22	0	56	40	33	0	537
jgi|Lacbi1|304909|eu2.Lbscf0029g01930_94-195_1QFJ:A:1-97	0	6	0	1	0	11	7	3	0	97
jgi|Lacbi1|304909|eu2.Lbscf0029g01930_189-267_1QFJ:A:98-232	0	6	2	5	0	18	9	7	0	135
jgi|Lacbi1|304910|eu2.Lbscf0029g01940_406-471_1QFJ:A:98-232	0	6	2	5	0	18	9	7	0	135
jgi|Lacbi1|304910|eu2.Lbscf0029g01940_312-412_1QFJ:A:1-97	0	6	0	1	0	11	7	3	0	97
jgi|Lacbi1|191368|estExt_GeneWisePlus_worm.C_290072_17-294_1YDF:A:4-256	1	15	4	8	0	26	16	14	0	253
jgi|Lacbi1|304919|eu2.Lbscf0029g02030_2-250_1F05:A:	2	8	5	14	0	25	15	8	0	322
jgi|Lacbi1|330842|fgenesh3_pg.C_scaffold_29000145_327-446,485-553_1YRG:A:	3	14	2	12	0	46	15	21	0	343
jgi|Lacbi1|295094|estExt_fgenesh2_pg.C_290140_246-486_1A4Y:A:	2	17	3	16	0	56	24	32	0	460
jgi|Lacbi1|330846|fgenesh3_pg.C_scaffold_29000149_245-454_2BNH:A:	5	17	2	16	0	59	26	25	0	456
jgi|Lacbi1|304937|eu2.Lbscf0029g02210_14-178_1UL1:X:2-217	0	7	1	7	0	19	10	10	0	216
jgi|Lacbi1|304937|eu2.Lbscf0029g02210_163-206,249-273_1A77:A:209-316	0	0	0	6	0	9	3	6	0	108
jgi|Lacbi1|330927|fgenesh3_pg.C_scaffold_30000071_238-300_1FBV:A:356-434	2	2	0	2	0	11	6	5	0	79
jgi|Lacbi1|306354|eu2.Lbscf0030g00920_15-182,294-390_3C96:A:4-182,A:294-402	1	13	1	8	0	26	14	13	1	288
jgi|Lacbi1|330933|fgenesh3_pg.C_scaffold_30000077_112-258_2FUJ:A:5-122	2	5	1	1	0	12	7	3	0	118
jgi|Lacbi1|295121|estExt_fgenesh2_pg.C_300083_48-511_1UKC:A:	4	16	7	18	0	57	36	35	0	517
jgi|Lacbi1|167839|gwh1.30.86.1_1-214_1SOR:A:	0	0	1	9	0	19	13	9	0	235
jgi|Lacbi1|320159|fgenesh3_pm.C_scaffold_30000008_29-295_2CYG:A:29-340	5	10	6	10	0	32	25	18	0	312
jgi|Lacbi1|252833|e_gww1.30.99.1_12-197_1ND4:A:	2	10	5	7	0	32	13	15	0	255
jgi|Lacbi1|330957|fgenesh3_pg.C_scaffold_30000101_12-107_1J26:A:	1	3	1	2	0	13	10	3	0	111
jgi|Lacbi1|252813|e_gww1.30.75.1_82-236,277-355_1HKH:A:	8	8	1	13	0	23	13	22	0	279
jgi|Lacbi1|306396|eu2.Lbscf0030g01340_25-288_1A88:A:	4	8	1	11	0	28	19	18	0	275
jgi|Lacbi1|306398|eu2.Lbscf0030g01360_120-295_1EVQ:A:	0	8	4	9	0	28	16	23	0	308
jgi|Lacbi1|252832|e_gww1.30.62.1_6-301,532-593_1GPE:A:1-328,A:525-587	13	16	6	10	0	49	25	31	1	391
jgi|Lacbi1|252832|e_gww1.30.62.1_304-533_1CF3:A:325-520	4	8	6	6	0	21	11	8	0	196
jgi|Lacbi1|252824|e_gww1.30.42.1_5-141_1GZ8:A:	3	8	3	10	0	29	17	22	0	298
jgi|Lacbi1|295130|estExt_fgenesh2_pg.C_300109_5-47_1ED7:A:	2	4	0	0	0	10	3	4	0	45
jgi|Lacbi1|330970|fgenesh3_pg.C_scaffold_30000114_496-640,730-862_2BNH:A:	5	17	2	16	0	59	26	25	0	456
jgi|Lacbi1|330970|fgenesh3_pg.C_scaffold_30000114_363-426_1FS1:A:109-149	0	0	2	3	0	6	2	3	0	41
jgi|Lacbi1|306417|eu2.Lbscf0030g01550_457-742_1OZ4:A:471-763	2	0	3	7	0	31	24	19	0	292
jgi|Lacbi1|306417|eu2.Lbscf0030g01550_119-351_1E32:A:201-458	3	5	4	12	0	28	13	14	0	258
jgi|Lacbi1|295131|estExt_fgenesh2_pg.C_300118_51-162_1XQU:A:	1	5	1	2	0	17	11	6	0	146
jgi|Lacbi1|306421|eu2.Lbscf0030g01590_502-584_1L7B:A:	1	4	0	3	0	14	10	4	0	92
jgi|Lacbi1|306421|eu2.Lbscf0030g01590_54-127_1KZY:C:1714-1866	1	6	1	4	0	12	6	7	0	153
jgi|Lacbi1|306421|eu2.Lbscf0030g01590_144-242_1WF6:A:	1	4	3	3	0	15	14	3	0	131
jgi|Lacbi1|306421|eu2.Lbscf0030g01590_401-486_1L7B:A:	1	4	0	3	0	14	10	4	0	92
jgi|Lacbi1|306423|eu2.Lbscf0030g01610_32-253_1UWC:A:	2	13	3	7	0	25	14	17	0	260
jgi|Lacbi1|295137|estExt_fgenesh2_pg.C_300129_55-178_1NEK:C:	1	0	1	4	0	7	4	3	0	129
jgi|Lacbi1|185727|estExt_GeneWisePlus_human.C_300044_12-359_1JS8:A:2503-2791	6	6	6	9	0	29	19	22	0	289
jgi|Lacbi1|306434|eu2.Lbscf0030g01720_34-293_1FQV:A:146-431	8	13	3	8	0	55	21	24	0	286
jgi|Lacbi1|320163|fgenesh3_pm.C_scaffold_30000012_38-287_2HUO:A:28-285	2	2	5	10	0	30	17	17	0	258
jgi|Lacbi1|331006|fgenesh3_pg.C_scaffold_30000150_77-311_1SM2:A:	3	7	3	8	0	30	12	13	0	263
jgi|Lacbi1|331006|fgenesh3_pg.C_scaffold_30000150_684-771,827-1009_1N11:A:	0	0	1	24	0	48	15	35	0	408
jgi|Lacbi1|331007|fgenesh3_pg.C_scaffold_30000151_367-509_1U5R:A:	5	8	4	12	0	31	20	16	0	309
jgi|Lacbi1|331008|fgenesh3_pg.C_scaffold_30000152_187-300_1A4Y:A:	2	17	3	16	0	56	24	32	0	460
jgi|Lacbi1|331024|fgenesh3_pg.C_scaffold_30000168_32-121_1O6V:A:33-416	1	19	16	2	0	68	27	29	0	381
jgi|Lacbi1|330872|fgenesh3_pg.C_scaffold_30000016_29-328_1U4C:A:	4	27	2	2	0	38	21	15	0	340
jgi|Lacbi1|191394|estExt_GeneWisePlus_worm.C_300045_220-424_1W4X:A:10-154,A:390-542	6	10	5	9	0	33	21	19	1	298
jgi|Lacbi1|191394|estExt_GeneWisePlus_worm.C_300045_371-414,493-605_1D7Y:A:116-236	0	8	1	3	0	15	9	7	0	121
jgi|Lacbi1|149337|gww1.30.45.1_1-98_1X99:A:	0	10	2	2	0	16	8	8	0	144
jgi|Lacbi1|330882|fgenesh3_pg.C_scaffold_30000026_58-328_1LZL:A:	0	8	3	10	0	32	18	24	0	317
jgi|Lacbi1|252781|e_gww1.30.5.1_19-286_1QGD:A:2-332	2	7	3	13	0	33	13	24	0	331
jgi|Lacbi1|252781|e_gww1.30.5.1_304-487_1ITZ:A:348-539	4	5	3	6	0	27	10	13	0	192
jgi|Lacbi1|252781|e_gww1.30.5.1_500-631_1IK6:A:192-326	0	6	1	4	0	12	7	6	0	135
jgi|Lacbi1|306303|eu2.Lbscf0030g00410_241-526_1MQB:A:	4	8	3	8	0	26	11	14	0	283
jgi|Lacbi1|191405|estExt_GeneWisePlus_worm.C_300074_5-249_1TUB:B:1-245	2	5	1	8	0	23	21	13	0	243
jgi|Lacbi1|191405|estExt_GeneWisePlus_worm.C_300074_250-437_1TUB:B:246-437	1	4	4	7	1	21	16	10	0	184
jgi|Lacbi1|306309|eu2.Lbscf0030g00470_288-452_2BNH:A:	5	17	2	16	0	59	26	25	0	456
jgi|Lacbi1|295106|estExt_fgenesh2_pg.C_300032_215-412_1YRG:A:	3	14	2	12	0	46	15	21	0	343
jgi|Lacbi1|306311|eu2.Lbscf0030g00490_14-245_1MQB:A:	4	8	3	8	0	26	11	14	0	283
jgi|Lacbi1|295108|estExt_fgenesh2_pg.C_300036_2-423_2CSG:A:3-419	10	12	6	15	0	56	28	26	0	417
jgi|Lacbi1|330895|fgenesh3_pg.C_scaffold_30000039_4-231_1XD3:A:	5	6	1	8	0	24	9	15	0	229
jgi|Lacbi1|174676|estExt_Genewise1_human.C_300052_97-165_1DW9:A:87-156	0	2	0	1	0	4	4	2	0	70
jgi|Lacbi1|174676|estExt_Genewise1_human.C_300052_14-93_1DW9:A:1-86	2	0	0	5	0	8	5	5	0	86
jgi|Lacbi1|330902|fgenesh3_pg.C_scaffold_30000046_206-417_2BNH:A:	5	17	2	16	0	59	26	25	0	456
jgi|Lacbi1|306328|eu2.Lbscf0030g00660_2-250_1HOW:A:	5	10	4	11	0	39	18	24	0	362
jgi|Lacbi1|320156|fgenesh3_pm.C_scaffold_30000005_21-223_1EX2:A:	0	7	2	6	0	12	9	11	0	185
jgi|Lacbi1|252775|e_gww1.30.28.1_3-114_1UD9:A:1-119	0	9	1	2	0	11	7	4	0	119
jgi|Lacbi1|330907|fgenesh3_pg.C_scaffold_30000051_48-95_1FS1:A:109-149	0	0	2	3	0	6	2	3	0	41
jgi|Lacbi1|295114|estExt_fgenesh2_pg.C_300054_11-129_2DP9:A:1-120	0	5	1	4	0	11	4	6	0	121
jgi|Lacbi1|306340|eu2.Lbscf0030g00780_180-230,261-394_1PGV:A:	2	5	0	7	0	21	9	7	0	167
jgi|Lacbi1|157224|gwh1.30.7.1_409-574_1T3E:A:499-653	2	9	0	5	0	17	9	9	0	155
jgi|Lacbi1|157224|gwh1.30.7.1_231-410_1T3E:A:318-498	7	13	3	2	0	33	10	10	0	181
jgi|Lacbi1|157224|gwh1.30.7.1_9-147_1EAV:A:	1	6	1	6	0	14	11	7	0	160
jgi|Lacbi1|306342|eu2.Lbscf0030g00800_284-404_1A9N:A:	0	10	3	4	0	27	13	10	0	162
jgi|Lacbi1|330917|fgenesh3_pg.C_scaffold_30000061_100-177,205-271_2BNH:A:	5	17	2	16	0	59	26	25	0	456
jgi|Lacbi1|330923|fgenesh3_pg.C_scaffold_30000067_112-334_2BNH:A:	5	17	2	16	0	59	26	25	0	456
jgi|Lacbi1|295117|estExt_fgenesh2_pg.C_300067_210-265_2DIP:A:8-92	0	4	1	1	0	13	11	1	0	85
jgi|Lacbi1|306505|eu2.Lbscf0031g00070_2-181_1A77:A:2-208	4	7	3	6	0	25	18	11	0	207
jgi|Lacbi1|306505|eu2.Lbscf0031g00070_166-208,253-320_1B43:A:220-339	0	0	3	5	0	11	6	7	0	120
jgi|Lacbi1|306525|eu2.Lbscf0031g00270_37-176_2BW3:A:163-609	0	5	7	21	0	33	14	25	0	447
jgi|Lacbi1|306531|eu2.Lbscf0031g00330_22-265,453-492_1GZ8:A:	3	8	3	10	0	29	17	22	0	298
jgi|Lacbi1|185754|estExt_GeneWisePlus_human.C_310003_2-58_2AQA:A:2-58	0	2	0	1	0	8	8	1	0	57
jgi|Lacbi1|295142|estExt_fgenesh2_pg.C_310016_2-104_1SYR:A:	0	5	0	4	0	9	5	6	0	103
jgi|Lacbi1|295143|estExt_fgenesh2_pg.C_310017_2-106_1EP7:A:	1	5	0	4	0	8	5	6	0	112
jgi|Lacbi1|252896|e_gww1.31.54.1_1-143_1GW5:A:	0	2	4	33	0	46	32	22	0	620
jgi|Lacbi1|306538|eu2.Lbscf0031g00400_6-90_2HPA:A:	4	6	5	13	0	38	21	16	0	342
jgi|Lacbi1|312463|eu2.Lbscf0052g00620_6-90_2HPA:A:	4	6	5	13	0	38	21	16	0	342
jgi|Lacbi1|306554|eu2.Lbscf0031g00560_11-312_1GP6:A:	3	14	6	11	0	40	23	16	0	350
jgi|Lacbi1|306565|eu2.Lbscf0031g00670_814-1030_1VRB:A:8-326	2	13	4	10	0	39	20	15	0	319
jgi|Lacbi1|148696|gww1.31.51.1_27-115_1AYF:A:	2	5	2	3	0	14	4	10	0	103
jgi|Lacbi1|331070|fgenesh3_pg.C_scaffold_31000045_1133-1182_1MM2:A:	2	0	0	0	0	14	8	4	0	60
jgi|Lacbi1|252949|e_gww1.31.39.1_10-184_1E69:A:	6	14	2	6	0	26	20	16	0	308
jgi|Lacbi1|306584|eu2.Lbscf0031g00860_66-320_1XEW:X:,Y:	2	15	2	9	0	30	20	14	1	329
jgi|Lacbi1|306585|eu2.Lbscf0031g00870_295-356_1UDL:A:	4	5	0	0	0	15	12	3	0	97
jgi|Lacbi1|306589|eu2.Lbscf0031g00910_295-356_1UDL:A:	4	5	0	0	0	15	12	3	0	97
jgi|Lacbi1|148435|gww1.31.49.1_47-135_1AYF:A:	2	5	2	3	0	14	4	10	0	103
jgi|Lacbi1|295146|estExt_fgenesh2_pg.C_310054_137-303,1064-1164_1XEW:X:,Y:	2	15	2	9	0	30	20	14	1	329
jgi|Lacbi1|295146|estExt_fgenesh2_pg.C_310054_749-874,965-989,1072-1153_1E69:A:	6	14	2	6	0	26	20	16	0	308
jgi|Lacbi1|331096|fgenesh3_pg.C_scaffold_31000071_159-201_1QHK:A:	0	3	0	2	0	7	4	0	0	47
jgi|Lacbi1|306633|eu2.Lbscf0031g01350_6-99_1VA0:A:2-226	5	10	4	6	0	21	17	14	0	225
jgi|Lacbi1|306649|eu2.Lbscf0031g01510_1-83_1H3Z:A:	0	5	3	3	0	12	5	4	0	108
jgi|Lacbi1|252895|e_gww1.31.99.1_2-126_1SHZ:A:46-75,A:201-371	2	6	2	6	0	24	15	13	1	201
jgi|Lacbi1|331109|fgenesh3_pg.C_scaffold_31000084_21-283_1HOW:A:	5	10	4	11	0	39	18	24	0	362
jgi|Lacbi1|331109|fgenesh3_pg.C_scaffold_31000084_306-374_1YB5:A:6-120,A:295-329	2	9	3	2	0	18	11	6	1	150
jgi|Lacbi1|306661|eu2.Lbscf0031g01630_3-55_1SHZ:A:46-75,A:201-371	2	6	2	6	0	24	15	13	1	201
jgi|Lacbi1|306663|eu2.Lbscf0031g01650_114-201_1VA0:A:2-226	5	10	4	6	0	21	17	14	0	225
jgi|Lacbi1|303005|eu2.Lbscf0234g00010_2-93_1VA0:A:2-226	5	10	4	6	0	21	17	14	0	225
jgi|Lacbi1|306666|eu2.Lbscf0031g01680_2-93_1VA0:A:2-226	5	10	4	6	0	21	17	14	0	225
jgi|Lacbi1|306667|eu2.Lbscf0031g01690_2-93_1VA0:A:2-226	5	10	4	6	0	21	17	14	0	225
jgi|Lacbi1|306673|eu2.Lbscf0031g01750_13-51_1VA0:A:2-226	5	10	4	6	0	21	17	14	0	225
jgi|Lacbi1|306674|eu2.Lbscf0031g01760_24-86_1PJQ:A:114-215	0	2	0	5	0	8	3	6	0	102
jgi|Lacbi1|306684|eu2.Lbscf0031g01860_16-111_1H3Z:A:	0	5	3	3	0	12	5	4	0	108
jgi|Lacbi1|306686|eu2.Lbscf0031g01880_48-160_1VA0:A:2-226	5	10	4	6	0	21	17	14	0	225
jgi|Lacbi1|306699|eu2.Lbscf0031g02010_14-145,204-264_1A4Y:A:	2	17	3	16	0	56	24	32	0	460
jgi|Lacbi1|306709|eu2.Lbscf0031g02110_1-61_1AW9:A:2-82	0	4	1	2	0	10	7	7	0	81
jgi|Lacbi1|295149|estExt_fgenesh2_pg.C_320019_161-336,400-526_1XFD:A:127-591	9	30	2	3	0	57	36	22	0	465
jgi|Lacbi1|295149|estExt_fgenesh2_pg.C_320019_11-50_2OVR:B:2263-2364	0	0	0	6	0	9	7	5	0	102
jgi|Lacbi1|306758|eu2.Lbscf0032g00300_12-72_2OVR:B:2263-2364	0	0	0	6	0	9	7	5	0	102
jgi|Lacbi1|306761|eu2.Lbscf0032g00330_12-72_1P22:A:135-252	0	0	2	7	0	7	4	6	0	114
jgi|Lacbi1|306762|eu2.Lbscf0032g00340_12-67_1P22:A:135-252	0	0	2	7	0	7	4	6	0	114
jgi|Lacbi1|331164|fgenesh3_pg.C_scaffold_32000026_11-455_1AD3:A:	0	19	7	14	0	42	30	22	0	446
jgi|Lacbi1|238280|e_gwh1.32.43.1_5-109_1A65:A:304-504	3	12	3	5	0	28	17	10	0	201
jgi|Lacbi1|306768|eu2.Lbscf0032g00400_736-824,856-894_2BGW:A:16-148	0	6	1	5	0	8	10	4	0	133
jgi|Lacbi1|306768|eu2.Lbscf0032g00400_923-978_1Z00:B:823-905	1	0	1	6	0	9	8	4	0	83
jgi|Lacbi1|331168|fgenesh3_pg.C_scaffold_32000030_27-67_2OVR:B:2263-2364	0	0	0	6	0	9	7	5	0	102
jgi|Lacbi1|331170|fgenesh3_pg.C_scaffold_32000032_135-177_2OVR:B:2263-2364	0	0	0	6	0	9	7	5	0	102
jgi|Lacbi1|306773|eu2.Lbscf0032g00450_215-348_1AV1:D:	0	0	1	7	0	3	3	6	0	200
jgi|Lacbi1|306781|eu2.Lbscf0032g00530_184-391,431-539_1RI6:A:	1	28	2	0	0	36	19	23	0	342
jgi|Lacbi1|306782|eu2.Lbscf0032g00540_32-242_1YQF:A:14-195	1	6	1	5	0	14	11	7	0	182
jgi|Lacbi1|331178|fgenesh3_pg.C_scaffold_32000040_60-117_2OVR:B:2263-2364	0	0	0	6	0	9	7	5	0	102
jgi|Lacbi1|306787|eu2.Lbscf0032g00590_266-390_1X4A:A:9-103	0	6	1	2	0	11	6	3	0	96
jgi|Lacbi1|306787|eu2.Lbscf0032g00590_84-128,158-237_1X4C:A:8-102	0	5	1	2	0	10	11	2	0	95
jgi|Lacbi1|306787|eu2.Lbscf0032g00590_433-543_2CQG:A:96-185	0	5	1	2	0	10	8	2	0	90
jgi|Lacbi1|191438|estExt_GeneWisePlus_worm.C_320008_9-397_1PV7:A:	0	0	2	22	0	18	12	14	0	417
jgi|Lacbi1|295156|estExt_fgenesh2_pg.C_320041_2-192_1R18:A:	3	9	3	6	0	25	17	12	0	226
jgi|Lacbi1|331182|fgenesh3_pg.C_scaffold_32000044_69-209,265-391_1TQI:A:91-282	0	10	1	4	0	15	9	8	0	192
jgi|Lacbi1|306792|eu2.Lbscf0032g00640_6-62_2OVR:B:2263-2364	0	0	0	6	0	9	7	5	0	102
jgi|Lacbi1|306792|eu2.Lbscf0032g00640_118-292,430-475_1GXR:A:	2	31	0	0	0	37	29	20	0	336
jgi|Lacbi1|306794|eu2.Lbscf0032g00660_88-127,172-595_1GZ5:A:	6	16	7	18	0	41	25	25	0	456
jgi|Lacbi1|306794|eu2.Lbscf0032g00660_624-830,865-888_1U02:A:	2	12	3	8	0	20	15	13	0	238
jgi|Lacbi1|306800|eu2.Lbscf0032g00720_2-51_2OVR:B:2263-2364	0	0	0	6	0	9	7	5	0	102
jgi|Lacbi1|306800|eu2.Lbscf0032g00720_95-243_1GXR:A:	2	31	0	0	0	37	29	20	0	336
jgi|Lacbi1|331194|fgenesh3_pg.C_scaffold_32000056_631-870_1KLX:A:	0	0	0	8	0	11	4	8	0	133
jgi|Lacbi1|252993|e_gww1.32.88.1_34-342_1LNL:A:3-304	6	2	5	11	0	38	28	25	0	307
jgi|Lacbi1|331197|fgenesh3_pg.C_scaffold_32000059_13-234_1HOW:A:	5	10	4	11	0	39	18	24	0	362
jgi|Lacbi1|306807|eu2.Lbscf0032g00790_251-565_2OOE:A:21-549	2	0	2	28	0	36	16	28	0	529
jgi|Lacbi1|306807|eu2.Lbscf0032g00790_61-171_2OOE:A:21-549	2	0	2	28	0	36	16	28	0	529
jgi|Lacbi1|306807|eu2.Lbscf0032g00790_173-246_1ELR:A:	0	0	0	7	0	9	1	5	0	128
jgi|Lacbi1|253103|e_gww1.32.11.1_110-309,563-754_1B3U:A:	0	0	8	44	0	40	26	36	0	588
jgi|Lacbi1|180175|estExt_Genewise1_worm.C_320068_1-151_1JAS:A:	2	4	2	4	0	17	13	8	0	152
jgi|Lacbi1|253028|e_gww1.32.1.1_66-183,281-375,690-901_1SU4:A:1-124,A:240-343,A:751-994	1	1	8	18	0	32	20	22	2	472
jgi|Lacbi1|253028|e_gww1.32.1.1_378-437,478-691_1SU4:A:344-360,A:600-750	3	8	1	8	0	16	12	11	1	168
jgi|Lacbi1|253028|e_gww1.32.1.1_183-280_1SU4:A:125-239	2	9	3	0	0	21	10	7	0	115
jgi|Lacbi1|295163|estExt_fgenesh2_pg.C_320062_26-70_2FV6:A:503-544	0	0	0	2	0	8	7	1	0	42
jgi|Lacbi1|191443|estExt_GeneWisePlus_worm.C_320020_61-178,276-370,685-897_1SU4:A:1-124,A:240-343,A:751-994	1	1	8	18	0	32	20	22	2	472
jgi|Lacbi1|191443|estExt_GeneWisePlus_worm.C_320020_374-394,491-726_1SU4:A:344-360,A:600-750	3	8	1	8	0	16	12	11	1	168
jgi|Lacbi1|191443|estExt_GeneWisePlus_worm.C_320020_178-275_1SU4:A:125-239	2	9	3	0	0	21	10	7	0	115
jgi|Lacbi1|191443|estExt_GeneWisePlus_worm.C_320020_398-541_1U7Q:A:	0	6	0	5	0	9	3	9	0	136
jgi|Lacbi1|306819|eu2.Lbscf0032g00910_29-162_1CSN:A:	3	10	2	9	0	31	12	17	0	293
jgi|Lacbi1|306821|eu2.Lbscf0032g00930_408-610_1CSN:A:	3	10	2	9	0	31	12	17	0	293
jgi|Lacbi1|306822|eu2.Lbscf0032g00940_354-559_1CKI:A:	5	10	3	10	0	30	14	16	0	299
jgi|Lacbi1|331215|fgenesh3_pg.C_scaffold_32000077_234-291,682-849_1O6V:A:33-416	1	19	16	2	0	68	27	29	0	381
jgi|Lacbi1|331215|fgenesh3_pg.C_scaffold_32000077_515-581_1NEX:B:270-369	0	0	0	7	0	9	5	6	0	100
jgi|Lacbi1|331223|fgenesh3_pg.C_scaffold_32000085_117-323_1YRG:A:	3	14	2	12	0	46	15	21	0	343
jgi|Lacbi1|238324|e_gwh1.32.38.1_161-362_1EBF:A:151-340	1	5	3	7	0	18	12	11	0	190
jgi|Lacbi1|238324|e_gwh1.32.38.1_4-183_1EBF:A:2-150,A:341-359	2	6	2	7	0	22	11	8	1	168
jgi|Lacbi1|295167|estExt_fgenesh2_pg.C_320087_71-272_1C7K:A:	0	5	2	4	0	17	7	7	0	132
jgi|Lacbi1|331240|fgenesh3_pg.C_scaffold_32000102_2-56_2OVR:B:2263-2364	0	0	0	6	0	9	7	5	0	102
jgi|Lacbi1|306867|eu2.Lbscf0032g01390_5-372_1H61:A:	5	14	5	11	0	33	27	22	0	364
jgi|Lacbi1|174716|estExt_Genewise1_human.C_320031_1-376_1H61:A:	5	14	5	11	0	33	27	22	0	364
jgi|Lacbi1|331247|fgenesh3_pg.C_scaffold_32000109_36-100_1H61:A:	5	14	5	11	0	33	27	22	0	364
jgi|Lacbi1|306872|eu2.Lbscf0032g01440_70-231,261-449_1ZIV:A:28-337	7	10	6	9	0	38	25	18	0	310
jgi|Lacbi1|306873|eu2.Lbscf0032g01450_82-239,268-461_1ZIV:A:28-337	7	10	6	9	0	38	25	18	0	310
jgi|Lacbi1|306874|eu2.Lbscf0032g01460_95-246,275-468_1ZIV:A:28-337	7	10	6	9	0	38	25	18	0	310
jgi|Lacbi1|191455|estExt_GeneWisePlus_worm.C_320063_11-333_1D8D:A:	0	1	4	16	0	29	9	21	0	323
jgi|Lacbi1|191458|estExt_GeneWisePlus_worm.C_320090_17-339_1D8D:A:	0	1	4	16	0	29	9	21	0	323
jgi|Lacbi1|253023|e_gww1.32.42.1_11-333_1D8D:A:	0	1	4	16	0	29	9	21	0	323
jgi|Lacbi1|238525|e_gwh1.33.80.1_8-164_1W3B:A:	0	0	0	23	0	35	6	26	0	388
jgi|Lacbi1|157487|gwh1.33.27.1_2-318,522-555_1GPE:A:1-328,A:525-587	13	16	6	10	0	49	25	31	1	391
jgi|Lacbi1|157487|gwh1.33.27.1_320-523_1GPE:A:329-524	4	8	4	7	0	18	14	8	0	196
jgi|Lacbi1|185826|estExt_GeneWisePlus_human.C_330083_135-284_1V3U:A:113-294	2	6	2	7	0	15	10	11	0	182
jgi|Lacbi1|185826|estExt_GeneWisePlus_human.C_330083_4-176_1VJ1:A:1-124,A:312-351	3	9	5	1	0	18	9	8	1	164
jgi|Lacbi1|238438|e_gwh1.33.127.1_15-98_1FW1:A:5-87	0	4	1	3	0	11	7	5	0	83
jgi|Lacbi1|238438|e_gwh1.33.127.1_159-230_1GLQ:A:79-209	0	0	1	6	0	7	10	6	0	131
jgi|Lacbi1|295178|estExt_fgenesh2_pg.C_330011_15-101_1FW1:A:5-87	0	4	1	3	0	11	7	5	0	83
jgi|Lacbi1|295178|estExt_fgenesh2_pg.C_330011_151-229_1GWC:A:87-224	2	0	0	8	0	10	8	7	0	138
jgi|Lacbi1|151694|gww1.33.93.1_229-468_1E8G:A:274-560	3	8	5	10	0	29	14	16	0	287
jgi|Lacbi1|151694|gww1.33.93.1_7-225_1W1O:A:40-245	2	10	2	6	0	23	19	14	0	206
jgi|Lacbi1|191495|estExt_GeneWisePlus_worm.C_330092_488-632_1CQX:A:262-403	2	6	2	4	0	18	11	8	0	142
jgi|Lacbi1|253135|e_gww1.33.94.1_23-216,247-460_1PV7:A:	0	0	2	22	0	18	12	14	0	417
jgi|Lacbi1|331299|fgenesh3_pg.C_scaffold_33000021_572-637_1ZUU:A:2-57	3	5	1	0	0	9	3	3	0	55
jgi|Lacbi1|295183|estExt_fgenesh2_pg.C_330023_572-637_1ZUU:A:2-57	3	5	1	0	0	9	3	3	0	55
jgi|Lacbi1|306967|eu2.Lbscf0033g00220_194-364,453-578_1W3B:A:	0	0	0	23	0	35	6	26	0	388
jgi|Lacbi1|306967|eu2.Lbscf0033g00220_927-962,1009-1077_2FBN:A:22-174	0	0	1	7	0	10	3	7	0	153
jgi|Lacbi1|253196|e_gww1.33.87.1_10-544_1V25:A:	8	24	4	16	0	59	31	33	0	534
jgi|Lacbi1|253196|e_gww1.33.87.1_675-970_1Y1P:A:2-343	0	12	1	11	0	37	20	20	0	342
jgi|Lacbi1|253196|e_gww1.33.87.1_562-661_1DV5:A:	0	0	0	3	0	7	8	6	0	80
jgi|Lacbi1|306987|eu2.Lbscf0033g00420_3-55_1FS1:A:109-149	0	0	2	3	0	6	2	3	0	41
jgi|Lacbi1|306990|eu2.Lbscf0033g00450_3-55_1FS1:A:109-149	0	0	2	3	0	6	2	3	0	41
jgi|Lacbi1|306989|eu2.Lbscf0033g00440_164-473_2A35:A:4-215	2	9	2	8	0	20	13	11	0	210
jgi|Lacbi1|306989|eu2.Lbscf0033g00440_17-103_1DV5:A:	0	0	0	3	0	7	8	6	0	80
jgi|Lacbi1|306995|eu2.Lbscf0033g00500_52-295_1JA9:A:	2	7	5	9	0	22	13	15	0	259
jgi|Lacbi1|307014|eu2.Lbscf0033g00690_239-455_2BNH:A:	5	17	2	16	0	59	26	25	0	456
jgi|Lacbi1|307015|eu2.Lbscf0033g00700_540-591_1WD2:A:	0	0	2	0	0	10	10	2	0	59
jgi|Lacbi1|307022|eu2.Lbscf0033g00770_39-508_1PQ2:A:	6	9	3	17	0	42	25	31	0	463
jgi|Lacbi1|331339|fgenesh3_pg.C_scaffold_33000061_44-337_1JFA:A:	0	0	3	19	0	26	13	19	0	354
jgi|Lacbi1|253158|e_gww1.33.60.1_8-150_1V6W:A:304-436	5	12	5	0	0	24	7	8	0	133
jgi|Lacbi1|191474|estExt_GeneWisePlus_worm.C_330026_57-337_1MUO:A:	6	6	4	9	0	28	17	16	0	261
jgi|Lacbi1|191474|estExt_GeneWisePlus_worm.C_330026_604-707_1UMW:A:373-500	2	6	3	2	0	14	6	9	0	128
jgi|Lacbi1|191474|estExt_GeneWisePlus_worm.C_330026_718-789_1UMW:A:501-595	0	6	0	2	0	9	4	5	0	95
jgi|Lacbi1|307038|eu2.Lbscf0033g00930_305-439_1V6W:A:304-436	5	12	5	0	0	24	7	8	0	133
jgi|Lacbi1|253220|e_gww1.33.61.1_2-142_1V6W:A:304-436	5	12	5	0	0	24	7	8	0	133
jgi|Lacbi1|307040|eu2.Lbscf0033g00950_49-110,137-516_1E9X:A:	5	12	6	18	0	48	21	22	0	449
jgi|Lacbi1|331353|fgenesh3_pg.C_scaffold_33000075_143-274,308-405_2BNH:A:	5	17	2	16	0	59	26	25	0	456
jgi|Lacbi1|307042|eu2.Lbscf0033g00970_869-1088_1F3O:A:	0	10	2	7	0	22	15	14	0	232
jgi|Lacbi1|307042|eu2.Lbscf0033g00970_193-418_1F3O:A:	0	10	2	7	0	22	15	14	0	232
jgi|Lacbi1|307059|eu2.Lbscf0033g01140_94-477_1E9X:A:	5	12	6	18	0	48	21	22	0	449
jgi|Lacbi1|253174|e_gww1.33.31.1_22-447_1E9X:A:	5	12	6	18	0	48	21	22	0	449
jgi|Lacbi1|307062|eu2.Lbscf0033g01170_495-692_1GXL:A:	2	8	4	7	0	19	12	14	0	205
jgi|Lacbi1|307062|eu2.Lbscf0033g01170_1-224,1032-1233_1W1W:A:	2	14	3	8	0	28	15	19	0	427
jgi|Lacbi1|238469|e_gwh1.33.55.1_31-210_1YT3:A:1-193	0	6	1	8	0	20	12	8	0	193
jgi|Lacbi1|307066|eu2.Lbscf0033g01210_10-56_2OVR:B:2263-2364	0	0	0	6	0	9	7	5	0	102
jgi|Lacbi1|307067|eu2.Lbscf0033g01220_849-1003,1173-1237,1343-1426_2P6R:A:1-202	1	7	2	7	0	20	9	10	0	202
jgi|Lacbi1|191503|estExt_GeneWisePlus_worm.C_330128_66-142_1A32:A:	0	0	0	4	0	7	2	3	0	85
jgi|Lacbi1|331387|fgenesh3_pg.C_scaffold_33000109_11-118_1BW3:A:	0	5	2	4	0	16	12	8	0	125
jgi|Lacbi1|331389|fgenesh3_pg.C_scaffold_33000111_9-118_1BW3:A:	0	5	2	4	0	16	12	8	0	125
jgi|Lacbi1|307084|eu2.Lbscf0033g01390_38-132,184-195_1FKM:A:249-442	2	0	8	8	0	13	13	10	0	194
jgi|Lacbi1|307084|eu2.Lbscf0033g01390_157-250_1FKM:A:443-630	0	0	1	8	0	10	3	8	0	188
jgi|Lacbi1|295209|estExt_fgenesh2_pg.C_330116_4-244_2FEA:A:2-227	4	7	3	11	0	24	11	14	0	226
jgi|Lacbi1|307087|eu2.Lbscf0033g01420_46-299_2HUO:A:28-285	2	2	5	10	0	30	17	17	0	258
jgi|Lacbi1|331398|fgenesh3_pg.C_scaffold_33000120_6-291_1US0:A:	10	10	4	10	0	46	22	22	0	314
jgi|Lacbi1|307095|eu2.Lbscf0033g01500_712-746,869-980_2FBN:A:22-174	0	0	1	7	0	10	3	7	0	153
jgi|Lacbi1|307095|eu2.Lbscf0033g01500_248-276,312-355,955-988_2FBN:A:22-174	0	0	1	7	0	10	3	7	0	153
jgi|Lacbi1|155822|gwh1.33.11.1_234-464,693-842,968-1208_1GW5:B:	0	0	4	32	0	42	43	37	0	579
jgi|Lacbi1|253262|e_gww1.33.5.1_215-376,481-539,590-742,923-1064_1GW5:B:	0	0	4	32	0	42	43	37	0	579
jgi|Lacbi1|307138|eu2.Lbscf0034g00030_79-297_1LL2:A:	1	11	7	10	0	24	19	16	0	263
jgi|Lacbi1|307141|eu2.Lbscf0034g00060_14-60_1CLD:A:	0	0	0	2	0	4	2	1	0	33
jgi|Lacbi1|295214|estExt_fgenesh2_pg.C_340012_459-654_1FQV:A:146-431	8	13	3	8	0	55	21	24	0	286
jgi|Lacbi1|307152|eu2.Lbscf0034g00170_91-230_1FQV:A:146-431	8	13	3	8	0	55	21	24	0	286
jgi|Lacbi1|307156|eu2.Lbscf0034g00210_32-313_2PLC:A:	5	13	4	8	0	26	18	17	0	274
jgi|Lacbi1|331445|fgenesh3_pg.C_scaffold_34000020_152-223,255-402_2BNH:A:	5	17	2	16	0	59	26	25	0	456
jgi|Lacbi1|331445|fgenesh3_pg.C_scaffold_34000020_1-36_1FS1:A:109-149	0	0	2	3	0	6	2	3	0	41
jgi|Lacbi1|331446|fgenesh3_pg.C_scaffold_34000021_210-605_1EQC:A:	4	8	10	10	0	47	30	30	0	394
jgi|Lacbi1|192720|estExt_fgenesh1_kg.C_340001_32-311_2PLC:A:	5	13	4	8	0	26	18	17	0	274
jgi|Lacbi1|143618|gww1.34.14.1_174-270_1AIS:B:1206-1300	0	0	1	5	0	7	1	6	0	95
jgi|Lacbi1|143618|gww1.34.14.1_82-173_1AIS:B:1108-1205	0	0	0	5	0	7	1	6	0	98
jgi|Lacbi1|143618|gww1.34.14.1_1-44_1PFT:A:	1	2	0	0	0	7	5	2	0	50
jgi|Lacbi1|148929|gww1.34.39.1_1-88_1SFE:A:93-176	2	2	1	4	0	12	4	9	0	84
jgi|Lacbi1|307171|eu2.Lbscf0034g00360_14-88_1EUV:B:	1	5	1	1	0	9	3	7	0	79
jgi|Lacbi1|307176|eu2.Lbscf0034g00410_972-1106_1ZUO:A:201-362	2	6	2	5	0	15	10	11	0	162
jgi|Lacbi1|307176|eu2.Lbscf0034g00410_682-815_1GS0:A:341-557	2	13	6	4	0	27	18	10	0	217
jgi|Lacbi1|253329|e_gww1.34.11.1_56-496_1TQN:A:	5	9	7	18	0	43	20	30	0	472
jgi|Lacbi1|174798|estExt_Genewise1_human.C_340059_37-424_1EQC:A:	4	8	10	10	0	47	30	30	0	394
jgi|Lacbi1|253303|e_gww1.34.12.1_28-440_1PW4:A:	2	0	1	18	0	21	18	22	0	450
jgi|Lacbi1|307192|eu2.Lbscf0034g00570_33-286_1FX8:A:	0	0	4	11	0	13	7	10	0	254
jgi|Lacbi1|174796|estExt_Genewise1_human.C_340055_695-870_2C2A:A:321-481	0	7	2	3	0	13	4	10	0	161
jgi|Lacbi1|174796|estExt_Genewise1_human.C_340055_1018-1142_1MB3:A:	2	5	0	5	0	13	10	3	0	123
jgi|Lacbi1|174796|estExt_Genewise1_human.C_340055_630-707_2C2A:A:232-320	0	0	1	3	0	3	0	4	0	89
jgi|Lacbi1|174796|estExt_Genewise1_human.C_340055_225-406_2CH7:B:225-529	0	0	1	4	0	2	1	4	0	308
jgi|Lacbi1|174796|estExt_Genewise1_human.C_340055_409-541_1QU7:A:	0	0	1	6	0	2	1	7	0	226
jgi|Lacbi1|174796|estExt_Genewise1_human.C_340055_40-171_1QU7:A:	0	0	1	6	0	2	1	7	0	226
jgi|Lacbi1|191541|estExt_GeneWisePlus_worm.C_340076_124-251,313-480_1DYP:A:	1	21	3	1	0	33	17	16	0	271
jgi|Lacbi1|191538|estExt_GeneWisePlus_worm.C_340067_24-484_1OG2:A:	9	9	4	17	0	50	25	22	0	462
jgi|Lacbi1|307208|eu2.Lbscf0034g00730_7-72_2JAV:A:3-271	1	8	3	9	0	24	12	13	0	269
jgi|Lacbi1|307209|eu2.Lbscf0034g00740_147-373_1F3M:C:	1	10	4	11	0	33	20	20	0	294
jgi|Lacbi1|307210|eu2.Lbscf0034g00750_120-161_1X6H:A:8-43	0	2	0	1	0	5	3	2	0	36
jgi|Lacbi1|307210|eu2.Lbscf0034g00750_70-99_2GLI:A:103-134	3	0	0	1	0	6	3	2	0	32
jgi|Lacbi1|307223|eu2.Lbscf0034g00880_14-134_1OYW:A:1-206	0	7	2	10	0	22	14	12	0	206
jgi|Lacbi1|253367|e_gww1.34.50.1_4-88_1BH9:B:	0	0	0	4	0	6	2	2	0	89
jgi|Lacbi1|191542|estExt_GeneWisePlus_worm.C_340078_20-214,246-475_1PV7:A:	0	0	2	22	0	18	12	14	0	417
jgi|Lacbi1|253339|e_gww1.34.15.1_9-441_1PW4:A:	2	0	1	18	0	21	18	22	0	450
jgi|Lacbi1|307259|eu2.Lbscf0034g01240_23-83,114-286_2I0Z:A:1-192,A:362-420	4	15	6	8	0	27	12	15	1	251
jgi|Lacbi1|331536|fgenesh3_pg.C_scaffold_34000111_79-121_1TA0:A:	2	9	6	4	0	24	13	9	0	196
jgi|Lacbi1|307264|eu2.Lbscf0034g01290_263-474_1FQV:A:146-431	8	13	3	8	0	55	21	24	0	286
jgi|Lacbi1|307267|eu2.Lbscf0034g01320_62-135_1Z01:A:16-163	4	10	4	2	0	21	7	14	0	148
jgi|Lacbi1|307267|eu2.Lbscf0034g01320_281-443_2FKZ:A:1-154	0	0	0	5	0	7	2	4	0	155
jgi|Lacbi1|307269|eu2.Lbscf0034g01340_28-498_2D3Q:A:4-442	10	15	9	13	0	53	32	29	0	439
jgi|Lacbi1|253381|e_gww1.34.46.1_88-121_2HF1:A:2-60	2	6	2	1	0	8	0	4	0	59
jgi|Lacbi1|185879|estExt_GeneWisePlus_human.C_340085_4-168,202-215_2NN6:A:1-184	5	6	0	5	0	23	12	12	0	184
jgi|Lacbi1|185879|estExt_GeneWisePlus_human.C_340085_185-276_2NN6:A:185-302	1	5	0	3	0	10	7	3	0	118
jgi|Lacbi1|331551|fgenesh3_pg.C_scaffold_34000126_16-97_1OYW:A:1-206	0	7	2	10	0	22	14	12	0	206
jgi|Lacbi1|192725|estExt_fgenesh1_kg.C_340006_56-165_1T0G:A:	0	5	1	3	0	13	7	9	0	109
jgi|Lacbi1|331563|fgenesh3_pg.C_scaffold_34000138_9-237_1VL8:A:	2	7	6	9	0	25	10	14	0	251
jgi|Lacbi1|331574|fgenesh3_pg.C_scaffold_34000149_388-558_2CKH:A:419-643	2	6	1	8	0	22	10	13	0	225
jgi|Lacbi1|307323|eu2.Lbscf0034g01880_37-88_2E9X:D:166-223	0	5	1	1	0	9	3	3	0	58
jgi|Lacbi1|145392|gww1.35.50.1_31-293_1TIB:A:	7	10	6	6	0	30	21	17	0	269
jgi|Lacbi1|185911|estExt_GeneWisePlus_human.C_350064_74-409_2UZ9:A:76-388	0	10	3	14	0	26	16	19	0	313
jgi|Lacbi1|185911|estExt_GeneWisePlus_human.C_350064_380-472_2UZ9:A:8-75,A:389-451	2	8	3	3	0	16	8	9	1	131
jgi|Lacbi1|192726|estExt_fgenesh1_kg.C_350001_83-158_1FQV:B:85-160	0	0	0	5	0	7	2	5	0	76
jgi|Lacbi1|192726|estExt_fgenesh1_kg.C_350001_1-63_1FS1:B:2-68	0	3	1	2	0	8	2	5	0	61
jgi|Lacbi1|238794|e_gwh1.35.104.1_4-79_2GYC:U:1-84	2	0	0	0	0	13	12	0	0	84
jgi|Lacbi1|307354|eu2.Lbscf0035g00130_74-216_1LN1:A:	2	10	0	6	0	17	7	13	0	203
jgi|Lacbi1|191578|estExt_GeneWisePlus_worm.C_350053_121-481_1F52:A:101-468	4	12	5	10	0	37	24	21	0	368
jgi|Lacbi1|238685|e_gwh1.35.150.1_1-76_1XD3:B:	3	5	1	1	0	10	1	6	0	75
jgi|Lacbi1|307359|eu2.Lbscf0035g00180_57-282,314-384_1P22:A:253-545	0	28	0	1	0	35	23	13	0	293
jgi|Lacbi1|307361|eu2.Lbscf0035g00200_231-387,509-681_1G72:A:	6	38	10	5	0	74	38	44	0	571
jgi|Lacbi1|307361|eu2.Lbscf0035g00200_71-291_2OVR:B:2365-2706	0	32	2	1	0	36	24	21	0	342
jgi|Lacbi1|295266|estExt_fgenesh2_pg.C_350017_54-178_2FH5:B:63-269	3	6	2	5	0	19	10	8	0	207
jgi|Lacbi1|307364|eu2.Lbscf0035g00230_3-83_1C3T:A:	2	5	2	1	0	12	2	7	0	76
jgi|Lacbi1|307364|eu2.Lbscf0035g00230_170-220_1BOR:A:	2	0	0	0	0	13	12	2	0	56
jgi|Lacbi1|238699|e_gwh1.35.113.1_1-76_1UD7:A:	2	5	2	1	0	12	3	6	0	76
jgi|Lacbi1|253518|e_gww1.35.102.1_1-77_1UD7:A:	2	5	2	1	0	12	3	6	0	76
jgi|Lacbi1|307368|eu2.Lbscf0035g00270_39-476_3CZH:A:40-502	7	8	4	16	0	42	19	26	0	462
jgi|Lacbi1|191565|estExt_GeneWisePlus_worm.C_350025_18-189_1M2O:B:	2	6	4	4	0	16	10	12	0	167
jgi|Lacbi1|295269|estExt_fgenesh2_pg.C_350027_2-98_1CKI:A:	5	10	3	10	0	30	14	16	0	299
jgi|Lacbi1|307377|eu2.Lbscf0035g00360_36-395_1US3:A:243-606	9	9	4	12	0	41	26	18	0	364
jgi|Lacbi1|295270|estExt_fgenesh2_pg.C_350028_2-134_1V6F:A:	0	8	2	4	0	18	10	4	0	150
jgi|Lacbi1|307380|eu2.Lbscf0035g00390_209-382,422-505,554-673_1PV7:A:	0	0	2	22	0	18	12	14	0	417
jgi|Lacbi1|307381|eu2.Lbscf0035g00400_188-351,403-471,514-631_1PV7:A:	0	0	2	22	0	18	12	14	0	417
jgi|Lacbi1|152799|gww1.35.130.1_85-158_1S7B:A:	0	0	0	4	0	10	7	3	0	109
jgi|Lacbi1|307384|eu2.Lbscf0035g00430_550-712_1MVH:A:	5	15	3	2	0	50	27	17	0	269
jgi|Lacbi1|307385|eu2.Lbscf0035g00440_120-359_1OLT:A:	1	19	6	15	0	46	26	24	0	441
jgi|Lacbi1|307385|eu2.Lbscf0035g00440_257-281,356-551_1Y9W:A:1-140	0	7	3	3	0	13	3	7	0	140
jgi|Lacbi1|307391|eu2.Lbscf0035g00500_162-210_1D66:A:8-48	0	0	0	2	0	4	1	2	0	41
jgi|Lacbi1|191564|estExt_GeneWisePlus_worm.C_350024_1-154_1XWN:A:1-166	2	8	0	2	0	21	16	8	0	166
jgi|Lacbi1|307404|eu2.Lbscf0035g00630_17-194_1GHS:A:	3	12	6	10	0	35	17	17	0	306
jgi|Lacbi1|253394|e_gww1.35.105.1_1-150_1JKE:A:	4	8	1	2	0	17	6	6	0	145
jgi|Lacbi1|295281|estExt_fgenesh2_pg.C_350049_50-358_2F6K:A:2-307	0	10	4	13	0	28	16	17	0	306
jgi|Lacbi1|142837|gww1.35.19.1_252-391_2B4V:A:289-471	3	4	4	5	0	20	10	9	0	183
jgi|Lacbi1|142837|gww1.35.19.1_95-233_1F5A:A:20-214	0	5	2	7	0	20	8	15	0	195
jgi|Lacbi1|253407|e_gww1.35.129.1_88-356_1V8G:A:66-329	3	7	5	11	0	22	10	13	0	264
jgi|Lacbi1|307418|eu2.Lbscf0035g00770_252-316_1ZUU:A:2-57	3	5	1	0	0	9	3	3	0	55
jgi|Lacbi1|192730|estExt_fgenesh1_kg.C_350005_8-154_1USU:B:	1	7	1	3	0	11	1	8	0	142
jgi|Lacbi1|192730|estExt_fgenesh1_kg.C_350005_199-325_1X53:A:8-139	3	6	0	4	0	14	6	8	0	132
jgi|Lacbi1|192731|estExt_fgenesh1_kg.C_350006_6-272_1Z0F:A:8-173	0	6	2	6	0	19	9	13	0	167
jgi|Lacbi1|155569|gwh1.35.1.1_41-133,359-484,1039-1267_1SU4:A:1-124,A:240-343,A:751-994	1	1	8	18	0	32	20	22	2	472
jgi|Lacbi1|155569|gwh1.35.1.1_478-502,750-859,964-1034_1YMQ:A:2-261	3	13	6	10	0	30	16	15	0	260
jgi|Lacbi1|155569|gwh1.35.1.1_496-526,606-811_1MO7:A:	2	9	0	5	0	32	19	9	0	213
jgi|Lacbi1|155569|gwh1.35.1.1_219-280,317-354_1SU4:A:125-239	2	9	3	0	0	21	10	7	0	115
jgi|Lacbi1|253463|e_gww1.35.138.1_22-279_1GCO:A:	2	7	8	9	0	24	12	14	0	261
jgi|Lacbi1|307430|eu2.Lbscf0035g00890_63-191,290-376_1TQI:A:91-282	0	10	1	4	0	15	9	8	0	192
jgi|Lacbi1|307431|eu2.Lbscf0035g00900_467-507,938-1084_1Z5Z:A:663-906	0	6	1	10	0	26	11	15	0	244
jgi|Lacbi1|307431|eu2.Lbscf0035g00900_141-165,203-238,364-425,460-508_1Z63:A:432-661	0	7	2	11	0	24	16	18	0	230
jgi|Lacbi1|295293|estExt_fgenesh2_pg.C_350069_938-1176_1QVR:A:536-850	5	9	4	14	0	30	21	15	0	315
jgi|Lacbi1|295294|estExt_fgenesh2_pg.C_350072_158-423_1I31:A:	1	16	2	0	0	27	16	7	0	277
jgi|Lacbi1|295294|estExt_fgenesh2_pg.C_350072_1-138_1GW5:M:1-141	2	5	1	4	0	13	8	7	0	140
jgi|Lacbi1|331656|fgenesh3_pg.C_scaffold_35000076_11-233_1SAW:A:	4	16	4	4	0	29	14	12	0	217
jgi|Lacbi1|191581|estExt_GeneWisePlus_worm.C_350066_450-650_1N0H:A:461-687	4	6	2	9	0	27	15	11	0	227
jgi|Lacbi1|191581|estExt_GeneWisePlus_worm.C_350066_265-439_1JSC:A:280-460	0	6	4	7	0	16	17	10	0	181
jgi|Lacbi1|191581|estExt_GeneWisePlus_worm.C_350066_70-242_1JSC:A:83-270	2	8	4	8	0	18	12	10	0	188
jgi|Lacbi1|307460|eu2.Lbscf0035g01190_1146-1232_1O7F:A:180-321	0	4	2	5	0	12	12	5	0	142
jgi|Lacbi1|307461|eu2.Lbscf0035g01200_18-116_1YX0:A:1-151	0	7	0	4	0	18	13	7	0	149
jgi|Lacbi1|253385|e_gww1.35.81.1_3-140_2GE3:A:6-169	0	7	2	4	0	13	5	8	0	164
jgi|Lacbi1|295299|estExt_fgenesh2_pg.C_350093_82-175_2CCH:B:181-308	0	0	1	6	0	9	3	5	0	128
jgi|Lacbi1|307468|eu2.Lbscf0035g01270_1-247_1GPM:A:208-404	0	5	1	8	0	15	5	8	0	197
jgi|Lacbi1|307469|eu2.Lbscf0035g01280_496-578_1V70:A:	0	9	0	1	0	15	6	5	0	105
jgi|Lacbi1|307470|eu2.Lbscf0035g01290_550-620,649-699,738-948_2GFO:A:762-1109	3	20	3	10	0	40	19	15	0	348
jgi|Lacbi1|152448|gww1.35.128.1_3-273_1O5Z:A:2-293	2	11	4	9	0	24	12	14	0	293
jgi|Lacbi1|307478|eu2.Lbscf0035g01370_76-128_1JM7:A:	2	0	1	3	0	11	9	5	0	103
jgi|Lacbi1|331690|fgenesh3_pg.C_scaffold_35000110_348-463,514-688_1QG8:A:	2	9	4	8	0	22	13	12	0	255
jgi|Lacbi1|307494|eu2.Lbscf0035g01530_247-262,331-358,391-605_2Z0D:A:5-354	2	13	4	8	0	30	16	20	0	350
jgi|Lacbi1|307494|eu2.Lbscf0035g01530_727-791_2Z0D:A:5-354	2	13	4	8	0	30	16	20	0	350
jgi|Lacbi1|295305|estExt_fgenesh2_pg.C_350113_4-80_2FB7:A:16-95	0	5	0	0	0	11	11	3	0	80
jgi|Lacbi1|307497|eu2.Lbscf0035g01560_125-259_1UWH:A:	2	8	4	8	0	28	15	13	0	276
jgi|Lacbi1|253472|e_gww1.35.133.1_14-173_1YB5:A:6-120,A:295-329	2	9	3	2	0	18	11	6	1	150
jgi|Lacbi1|253472|e_gww1.35.133.1_117-261_1QOR:A:113-291	2	6	1	8	0	15	10	12	0	179
jgi|Lacbi1|238721|e_gwh1.35.132.1_9-312_1VYH:C:92-408	0	28	1	0	0	39	25	14	0	317
jgi|Lacbi1|295307|estExt_fgenesh2_pg.C_350118_229-273_2DJ8:A:8-54	0	2	0	2	0	6	6	3	0	47
jgi|Lacbi1|295307|estExt_fgenesh2_pg.C_350118_5-39,106-152_1HZ4:A:	0	0	2	19	0	22	5	20	0	366
jgi|Lacbi1|331705|fgenesh3_pg.C_scaffold_35000125_383-574_1PGV:A:	2	5	0	7	0	21	9	7	0	167
jgi|Lacbi1|307507|eu2.Lbscf0035g01660_388-600_1GXR:A:	2	31	0	0	0	37	29	20	0	336
jgi|Lacbi1|331709|fgenesh3_pg.C_scaffold_35000129_239-325_1DKZ:A:389-506	3	8	1	0	0	16	9	7	0	118
jgi|Lacbi1|295311|estExt_fgenesh2_pg.C_350126_1-422_1J4B:A:	6	18	7	13	0	50	29	24	0	432
jgi|Lacbi1|307512|eu2.Lbscf0035g01710_278-500_3DHW:C:1-240	3	10	1	7	0	21	17	12	0	240
jgi|Lacbi1|307512|eu2.Lbscf0035g01710_765-952_1W3B:A:	0	0	0	23	0	35	6	26	0	388
jgi|Lacbi1|307512|eu2.Lbscf0035g01710_1078-1260_1W3B:A:	0	0	0	23	0	35	6	26	0	388
jgi|Lacbi1|307512|eu2.Lbscf0035g01710_902-1072_1P5Q:A:258-427	0	0	1	7	0	10	2	6	0	170
jgi|Lacbi1|307524|eu2.Lbscf0035g01830_26-159_1WA5:C:	8	0	17	50	0	66	46	42	0	959
jgi|Lacbi1|307525|eu2.Lbscf0035g01840_14-179,246-293_1WA5:C:	8	0	17	50	0	66	46	42	0	959
jgi|Lacbi1|331724|fgenesh3_pg.C_scaffold_35000144_761-791_2FV6:A:503-544	0	0	0	2	0	8	7	1	0	42
jgi|Lacbi1|331724|fgenesh3_pg.C_scaffold_35000144_400-427_2FV6:A:503-544	0	0	0	2	0	8	7	1	0	42
jgi|Lacbi1|295317|estExt_fgenesh2_pg.C_360004_25-74_2FV6:A:503-544	0	0	0	2	0	8	7	1	0	42
jgi|Lacbi1|331747|fgenesh3_pg.C_scaffold_36000006_1-371_1U7G:A:	2	2	6	15	0	21	14	16	0	383
jgi|Lacbi1|307563|eu2.Lbscf0036g00110_99-372_1CKI:A:	5	10	3	10	0	30	14	16	0	299
jgi|Lacbi1|238862|e_gwh1.36.87.1_1-150_1XJT:A:	4	6	2	8	0	17	4	8	0	190
jgi|Lacbi1|307566|eu2.Lbscf0036g00140_16-442_1AD3:A:	0	19	7	14	0	42	30	22	0	446
jgi|Lacbi1|307578|eu2.Lbscf0036g00260_22-112_1CFE:A:	1	6	2	4	0	18	12	7	0	135
jgi|Lacbi1|307579|eu2.Lbscf0036g00270_101-193_2HLJ:A:1-156	5	5	1	2	0	13	7	6	0	156
jgi|Lacbi1|180319|estExt_Genewise1_worm.C_360022_35-277,377-409_1ITX:A:33-337,A:410-451	4	11	6	11	0	42	24	21	1	347
jgi|Lacbi1|180319|estExt_Genewise1_worm.C_360022_277-376_1EDQ:A:444-516	3	6	1	1	0	7	7	5	0	73
jgi|Lacbi1|307585|eu2.Lbscf0036g00330_1-71,139-319_1TUB:B:1-245	2	5	1	8	0	23	21	13	0	243
jgi|Lacbi1|307590|eu2.Lbscf0036g00380_7-173_1XJT:A:	4	6	2	8	0	17	4	8	0	190
jgi|Lacbi1|238810|e_gwh1.36.32.1_8-265_1FMK:A:249-533	3	7	5	9	0	31	16	14	0	285
jgi|Lacbi1|307593|eu2.Lbscf0036g00410_7-151_1RFL:A:	0	4	1	5	0	22	18	7	0	171
jgi|Lacbi1|307594|eu2.Lbscf0036g00420_31-249_2IW0:A:29-248	2	11	4	8	0	26	19	12	0	220
jgi|Lacbi1|307595|eu2.Lbscf0036g00430_10-327_1QJE:A:	6	13	3	7	0	38	16	21	0	327
jgi|Lacbi1|307596|eu2.Lbscf0036g00440_29-260_2IW0:A:29-248	2	11	4	8	0	26	19	12	0	220
jgi|Lacbi1|191617|estExt_GeneWisePlus_worm.C_360038_7-365_1OYB:A:	6	12	6	13	0	45	27	29	0	399
jgi|Lacbi1|295325|estExt_fgenesh2_pg.C_360037_142-371_7A3H:A:	4	10	2	11	0	35	20	23	0	300
jgi|Lacbi1|307604|eu2.Lbscf0036g00520_1-60_1HV8:A:211-365	1	6	1	6	0	17	12	7	0	155
jgi|Lacbi1|307628|eu2.Lbscf0036g00760_106-353_1FMK:A:249-533	3	7	5	9	0	31	16	14	0	285
jgi|Lacbi1|295329|estExt_fgenesh2_pg.C_360055_14-261_1A06:A:	4	8	4	10	0	29	20	14	0	307
jgi|Lacbi1|307631|eu2.Lbscf0036g00790_65-356_1JFA:A:	0	0	3	19	0	26	13	19	0	354
jgi|Lacbi1|307634|eu2.Lbscf0036g00820_145-194_2GLI:A:229-257	0	2	0	1	0	4	3	1	0	29
jgi|Lacbi1|307634|eu2.Lbscf0036g00820_67-102_2CSH:A:8-60	0	4	0	2	0	6	6	3	0	53
jgi|Lacbi1|307634|eu2.Lbscf0036g00820_3-32_1XF7:A:	0	2	0	1	0	4	3	1	0	29
jgi|Lacbi1|307635|eu2.Lbscf0036g00830_169-405_2BNH:A:	5	17	2	16	0	59	26	25	0	456
jgi|Lacbi1|307637|eu2.Lbscf0036g00850_98-181,271-310_1FQV:A:146-431	8	13	3	8	0	55	21	24	0	286
jgi|Lacbi1|295331|estExt_fgenesh2_pg.C_360061_114-444_2OVR:B:2365-2706	0	32	2	1	0	36	24	21	0	342
jgi|Lacbi1|331812|fgenesh3_pg.C_scaffold_36000071_209-352,437-462_1FQV:A:146-431	8	13	3	8	0	55	21	24	0	286
jgi|Lacbi1|185962|estExt_GeneWisePlus_human.C_360080_83-505_1TQN:A:	5	9	7	18	0	43	20	30	0	472
jgi|Lacbi1|307651|eu2.Lbscf0036g00990_2-55_1BY1:A:	0	0	2	7	0	9	10	12	0	208
jgi|Lacbi1|307656|eu2.Lbscf0036g01040_70-122_1OYW:A:1-206	0	7	2	10	0	22	14	12	0	206
jgi|Lacbi1|307663|eu2.Lbscf0036g01110_1374-1475,1530-1654_1PF4:A:321-564	3	9	2	6	0	30	21	8	0	243
jgi|Lacbi1|307663|eu2.Lbscf0036g01110_1011-1052,1094-1360_2HYD:A:1-323	0	0	1	15	1	9	5	12	0	323
jgi|Lacbi1|307663|eu2.Lbscf0036g01110_725-938_1R0W:A:	0	11	2	12	1	27	19	16	0	281
jgi|Lacbi1|307663|eu2.Lbscf0036g01110_276-374,422-626_2HYD:A:1-323	0	0	1	15	1	9	5	12	0	323
jgi|Lacbi1|331837|fgenesh3_pg.C_scaffold_36000096_227-315,359-491_2HYD:A:1-323	0	0	1	15	1	9	5	12	0	323
jgi|Lacbi1|331838|fgenesh3_pg.C_scaffold_36000097_73-131,159-287_1FQV:A:146-431	8	13	3	8	0	55	21	24	0	286
jgi|Lacbi1|253586|e_gww1.36.62.1_29-189,228-363_1MUO:A:	6	6	4	9	0	28	17	16	0	261
jgi|Lacbi1|331856|fgenesh3_pg.C_scaffold_36000115_200-223,260-288_3B60:A:329-581	4	10	2	9	0	24	18	16	0	253
jgi|Lacbi1|331857|fgenesh3_pg.C_scaffold_36000116_8-284_1OKC:A:	0	0	6	11	0	19	10	9	0	292
jgi|Lacbi1|307712|eu2.Lbscf0036g01600_159-279_1TQ1:A:	2	5	0	5	0	13	8	7	0	119
jgi|Lacbi1|307716|eu2.Lbscf0036g01640_6-126_1WPI:A:1-133	0	4	0	5	2	11	11	6	0	133
jgi|Lacbi1|307717|eu2.Lbscf0036g01650_27-131_2PLT:A:	0	9	2	1	0	18	7	5	0	98
jgi|Lacbi1|331864|fgenesh3_pg.C_scaffold_36000123_133-296_1TX4:A:	0	0	4	12	0	17	9	13	0	196
jgi|Lacbi1|307719|eu2.Lbscf0036g01670_51-861_1YGP:A:	4	22	12	36	0	72	38	38	0	876
jgi|Lacbi1|307721|eu2.Lbscf0036g01690_8-262_1XSE:A:	4	7	2	11	0	28	16	12	0	274
jgi|Lacbi1|331870|fgenesh3_pg.C_scaffold_36000129_68-115_2A5L:A:3-198	7	6	0	6	0	19	6	8	0	196
jgi|Lacbi1|295343|estExt_fgenesh2_pg.C_360130_8-54,86-204_1IA8:A:	5	12	5	7	0	36	16	18	0	275
jgi|Lacbi1|307733|eu2.Lbscf0036g01810_27-416_1EQC:A:	4	8	10	10	0	47	30	30	0	394
jgi|Lacbi1|307734|eu2.Lbscf0036g01820_54-288,321-528_1PW4:A:	2	0	1	18	0	21	18	22	0	450
jgi|Lacbi1|253601|e_gww1.36.41.1_13-197_2FSR:A:4-167	0	8	2	4	0	19	10	9	0	164
jgi|Lacbi1|307738|eu2.Lbscf0036g01860_604-750_1VK0:A:	0	7	4	7	0	18	10	5	0	205
jgi|Lacbi1|295345|estExt_fgenesh2_pg.C_360141_3-110_1Z5Z:A:663-906	0	6	1	10	0	26	11	15	0	244
jgi|Lacbi1|180331|estExt_Genewise1_worm.C_360056_370-470_2CPH:A:454-547	2	4	0	2	0	12	9	3	0	94
jgi|Lacbi1|180331|estExt_Genewise1_worm.C_360056_2-58,151-221_1WHX:A:	2	4	2	3	0	13	10	6	0	110
jgi|Lacbi1|180331|estExt_Genewise1_worm.C_360056_264-355_2CPF:A:362-446	0	6	0	2	0	10	6	5	0	85
jgi|Lacbi1|307743|eu2.Lbscf0036g01910_57-101,158-249_2FE7:A:3-158	0	7	3	5	0	12	3	9	0	156
jgi|Lacbi1|307744|eu2.Lbscf0036g01920_115-170_1XG1:A:5-67	0	0	0	3	0	7	5	2	0	63
jgi|Lacbi1|307744|eu2.Lbscf0036g01920_198-251_1ITY:A:	0	0	0	3	0	8	5	2	0	67
jgi|Lacbi1|123195|fgenesh1_kg.C_scaffold_36000002_267-348_1UFM:A:	0	3	0	3	0	8	7	3	0	83
jgi|Lacbi1|307873|eu2.Lbscf0037g01140_7-35_1WFX:A:	4	9	3	6	0	20	10	10	0	180
jgi|Lacbi1|307876|eu2.Lbscf0037g01170_4-91,136-238_1OKC:A:	0	0	6	11	0	19	10	9	0	292
jgi|Lacbi1|307877|eu2.Lbscf0037g01180_4-203_1UL1:X:2-217	0	7	1	7	0	19	10	10	0	216
jgi|Lacbi1|307877|eu2.Lbscf0037g01180_188-230,275-329_1A77:A:209-316	0	0	0	6	0	9	3	6	0	108
jgi|Lacbi1|331989|fgenesh3_pg.C_scaffold_37000098_28-168_1HOW:A:	5	10	4	11	0	39	18	24	0	362
jgi|Lacbi1|307892|eu2.Lbscf0037g01330_33-127_1IA9:A:	5	14	4	6	0	31	17	13	0	278
jgi|Lacbi1|331909|fgenesh3_pg.C_scaffold_37000018_2-182_2BW3:A:163-609	0	5	7	21	0	33	14	25	0	447
jgi|Lacbi1|307809|eu2.Lbscf0037g00500_12-95_1A0P:A:111-292	4	3	3	8	0	17	7	7	0	182
jgi|Lacbi1|307810|eu2.Lbscf0037g00510_2-202_1UL1:X:2-217	0	7	1	7	0	19	10	10	0	216
jgi|Lacbi1|307810|eu2.Lbscf0037g00510_187-229,274-329_1A77:A:209-316	0	0	0	6	0	9	3	6	0	108
jgi|Lacbi1|191633|estExt_GeneWisePlus_worm.C_370004_27-415_1N8P:A:	5	12	2	13	0	43	33	20	0	393
jgi|Lacbi1|307848|eu2.Lbscf0037g00890_254-405_1OUV:A:	0	0	0	15	0	18	7	15	0	272
jgi|Lacbi1|307848|eu2.Lbscf0037g00890_152-320_1KLX:A:	0	0	0	8	0	11	4	8	0	133
jgi|Lacbi1|253660|e_gww1.37.36.1_27-415_1N8P:A:	5	12	2	13	0	43	33	20	0	393
jgi|Lacbi1|332002|fgenesh3_pg.C_scaffold_38000009_219-461_1FQV:A:146-431	8	13	3	8	0	55	21	24	0	286
jgi|Lacbi1|253700|e_gww1.38.33.1_31-57,177-352_1BOF:A:10-60,A:182-354	1	6	6	6	0	19	9	12	1	224
jgi|Lacbi1|253700|e_gww1.38.33.1_61-181_1TAD:A:57-177	0	0	1	7	0	8	4	8	0	121
jgi|Lacbi1|307942|eu2.Lbscf0038g00240_31-57,177-324_1BOF:A:10-60,A:182-354	1	6	6	6	0	19	9	12	1	224
jgi|Lacbi1|307942|eu2.Lbscf0038g00240_61-180_2BCJ:Q:67-183	0	0	0	8	0	7	6	10	0	117
jgi|Lacbi1|307944|eu2.Lbscf0038g00260_6-134,188-275_2QFI:A:5-208	2	0	7	7	0	14	20	21	0	204
jgi|Lacbi1|307944|eu2.Lbscf0038g00260_312-375_3BYP:A:6-87	1	3	0	2	0	5	2	4	0	82
jgi|Lacbi1|332008|fgenesh3_pg.C_scaffold_38000015_623-766_1UPQ:A:	0	7	1	1	0	13	8	5	0	107
jgi|Lacbi1|332008|fgenesh3_pg.C_scaffold_38000015_411-486_1PK3:A:17-79	0	0	3	5	0	7	1	3	0	74
jgi|Lacbi1|332008|fgenesh3_pg.C_scaffold_38000015_868-971_1QAG:A:31-151	0	0	0	6	0	7	5	6	0	121
jgi|Lacbi1|295356|estExt_fgenesh2_pg.C_380015_124-248,282-381_2BNH:A:	5	17	2	16	0	59	26	25	0	456
jgi|Lacbi1|174921|estExt_Genewise1_human.C_380088_47-108_1ZR9:A:28-94	0	2	1	2	0	10	9	4	0	67
jgi|Lacbi1|332018|fgenesh3_pg.C_scaffold_38000025_128-360_1FQV:A:146-431	8	13	3	8	0	55	21	24	0	286
jgi|Lacbi1|332018|fgenesh3_pg.C_scaffold_38000025_441-512_1H5Q:A:	2	10	7	8	0	25	12	15	0	260
jgi|Lacbi1|307963|eu2.Lbscf0038g00450_121-155_2FV6:A:503-544	0	0	0	2	0	8	7	1	0	42
jgi|Lacbi1|332022|fgenesh3_pg.C_scaffold_38000029_133-337_1IA9:A:	5	14	4	6	0	31	17	13	0	278
jgi|Lacbi1|192736|estExt_fgenesh1_kg.C_380002_58-110,142-217_2I3B:A:1-189	0	10	1	5	0	20	14	8	0	189
jgi|Lacbi1|185971|estExt_GeneWisePlus_human.C_380014_1-138_1JAT:B:	4	4	0	4	0	17	7	12	0	136
jgi|Lacbi1|308000|eu2.Lbscf0038g00820_26-177,207-415_1ZIV:A:28-337	7	10	6	9	0	38	25	18	0	310
jgi|Lacbi1|308005|eu2.Lbscf0038g00870_40-120_1ZIV:A:28-337	7	10	6	9	0	38	25	18	0	310
jgi|Lacbi1|308011|eu2.Lbscf0038g00930_601-657_2EPS:A:408-446	0	2	0	1	0	5	5	1	0	39
jgi|Lacbi1|191659|estExt_GeneWisePlus_worm.C_380079_74-404_1WKR:A:	3	24	5	4	0	38	20	21	0	340
jgi|Lacbi1|332053|fgenesh3_pg.C_scaffold_38000060_82-324_1A4Y:A:	2	17	3	16	0	56	24	32	0	460
jgi|Lacbi1|308018|eu2.Lbscf0038g01000_53-83_1GNF:A:	2	0	0	1	0	9	4	3	0	45
jgi|Lacbi1|170124|gwh1.38.94.1_3-53_4GAT:A:	0	2	1	1	0	11	6	3	0	66
jgi|Lacbi1|191650|estExt_GeneWisePlus_worm.C_380055_5-110_1Y23:A:	0	6	3	4	0	16	11	7	0	139
jgi|Lacbi1|239038|e_gwh1.38.71.1_5-381_1OYB:A:	6	12	6	13	0	45	27	29	0	399
jgi|Lacbi1|185981|estExt_GeneWisePlus_human.C_380058_17-280_1AFW:A:25-293	6	8	5	10	0	29	16	16	0	269
jgi|Lacbi1|185981|estExt_GeneWisePlus_human.C_380058_287-405_1AFW:A:294-417	3	4	3	4	0	12	4	7	0	124
jgi|Lacbi1|332073|fgenesh3_pg.C_scaffold_38000080_12-147,257-314_1Q1R:A:115-247	0	8	1	4	0	15	8	9	0	133
jgi|Lacbi1|332074|fgenesh3_pg.C_scaffold_38000081_17-169,384-456_3C96:A:4-182,A:294-402	1	13	1	8	0	26	14	13	1	288
jgi|Lacbi1|295375|estExt_fgenesh2_pg.C_380074_261-312_1GNF:A:	2	0	0	1	0	9	4	3	0	45
jgi|Lacbi1|239030|e_gwh1.38.15.1_35-462_1PW4:A:	2	0	1	18	0	21	18	22	0	450
jgi|Lacbi1|308054|eu2.Lbscf0038g01360_23-164_1ND4:A:	2	10	5	7	0	32	13	15	0	255
jgi|Lacbi1|332089|fgenesh3_pg.C_scaffold_38000096_23-130_1P0H:A:	1	11	5	8	0	25	12	13	0	308
jgi|Lacbi1|253748|e_gww1.38.51.1_20-187_1FF3:A:	2	8	3	5	0	24	18	10	0	211
jgi|Lacbi1|332113|fgenesh3_pg.C_scaffold_38000120_49-347_3PSG:A:	4	27	9	6	0	45	17	22	0	370
jgi|Lacbi1|308094|eu2.Lbscf0038g01760_72-122_2CSH:A:8-60	0	4	0	2	0	6	6	3	0	53
jgi|Lacbi1|308095|eu2.Lbscf0038g01770_317-367_1IYM:A:	0	2	0	1	0	11	6	4	0	54
jgi|Lacbi1|308095|eu2.Lbscf0038g01770_159-271_1LGP:A:	0	8	1	0	0	20	9	7	0	113
jgi|Lacbi1|308099|eu2.Lbscf0038g01810_34-96_2CSW:A:8-139	6	10	1	1	0	25	16	9	0	132
jgi|Lacbi1|308109|eu2.Lbscf0038g01910_4-35_2HAP:C:55-97	0	0	1	2	0	6	3	2	0	43
jgi|Lacbi1|185985|estExt_GeneWisePlus_human.C_380066_42-654_1RY2:A:	13	28	0	20	0	87	54	43	0	640
jgi|Lacbi1|253742|e_gww1.38.76.1_26-424_1TQN:A:	5	9	7	18	0	43	20	30	0	472
jgi|Lacbi1|308149|eu2.Lbscf0039g00020_154-207_1WES:A:	0	2	0	0	0	16	13	4	0	70
jgi|Lacbi1|308153|eu2.Lbscf0039g00060_56-86,387-454,493-603_1ZCB:A:47-75,A:202-372	0	8	2	5	0	21	8	15	1	200
jgi|Lacbi1|308153|eu2.Lbscf0039g00060_89-137,317-387_1ZCA:A:83-204	0	0	2	7	0	8	3	7	0	122
jgi|Lacbi1|253793|e_gww1.39.47.1_10-410_2D0T:A:12-403	6	4	5	19	0	33	22	25	0	392
jgi|Lacbi1|257063|e_gww1.408.2.1_10-410_2D0T:A:12-403	6	4	5	19	0	33	22	25	0	392
jgi|Lacbi1|308183|eu2.Lbscf0039g00360_5-125_2CKH:A:419-643	2	6	1	8	0	22	10	13	0	225
jgi|Lacbi1|308190|eu2.Lbscf0039g00430_141-183_1QHK:A:	0	3	0	2	0	7	4	0	0	47
jgi|Lacbi1|308196|eu2.Lbscf0039g00490_61-178,276-370,708-905_1SU4:A:1-124,A:240-343,A:751-994	1	1	8	18	0	32	20	22	2	472
jgi|Lacbi1|308196|eu2.Lbscf0039g00490_374-394,514-754_1SU4:A:344-360,A:600-750	3	8	1	8	0	16	12	11	1	168
jgi|Lacbi1|308196|eu2.Lbscf0039g00490_178-275_1SU4:A:125-239	2	9	3	0	0	21	10	7	0	115
jgi|Lacbi1|308201|eu2.Lbscf0039g00540_90-123_1JEQ:A:559-609	0	0	1	3	0	5	1	3	0	51
jgi|Lacbi1|308202|eu2.Lbscf0039g00550_30-62_2PLC:A:	5	13	4	8	0	26	18	17	0	274
jgi|Lacbi1|308204|eu2.Lbscf0039g00570_31-114_2PLC:A:	5	13	4	8	0	26	18	17	0	274
jgi|Lacbi1|332179|fgenesh3_pg.C_scaffold_39000047_53-112_1WEW:A:	0	2	0	2	0	14	10	2	0	77
jgi|Lacbi1|308210|eu2.Lbscf0039g00630_7-253_1K3I:A:151-537	9	30	6	0	0	59	29	25	0	387
jgi|Lacbi1|332181|fgenesh3_pg.C_scaffold_39000049_657-716_1WEW:A:	0	2	0	2	0	14	10	2	0	77
jgi|Lacbi1|253815|e_gww1.39.52.1_10-396_2D0T:A:12-403	6	4	5	19	0	33	22	25	0	392
jgi|Lacbi1|143239|gww1.39.9.1_5-366_1PW4:A:	2	0	1	18	0	21	18	22	0	450
jgi|Lacbi1|308269|eu2.Lbscf0039g01220_63-334_2PLC:A:	5	13	4	8	0	26	18	17	0	274
jgi|Lacbi1|296801|eu2.Lbscf0115g00160_17-341_1KRM:A:	2	7	5	15	0	35	23	20	0	349
jgi|Lacbi1|332215|fgenesh3_pg.C_scaffold_39000083_17-341_1KRM:A:	2	7	5	15	0	35	23	20	0	349
jgi|Lacbi1|308280|eu2.Lbscf0039g01330_27-254_1H8V:A:	1	15	1	1	0	19	12	11	0	217
jgi|Lacbi1|164055|gwh1.39.36.1_2-115_1TQN:A:	5	9	7	18	0	43	20	30	0	472
jgi|Lacbi1|308283|eu2.Lbscf0039g01360_407-435,474-508_1VC1:A:	2	5	1	3	0	8	6	6	0	110
jgi|Lacbi1|308285|eu2.Lbscf0039g01380_51-325_1S4N:A:	1	12	10	14	0	38	22	21	0	339
jgi|Lacbi1|332227|fgenesh3_pg.C_scaffold_39000095_225-439_1A4Y:A:	2	17	3	16	0	56	24	32	0	460
jgi|Lacbi1|332233|fgenesh3_pg.C_scaffold_39000101_225-439_1A4Y:A:	2	17	3	16	0	56	24	32	0	460
jgi|Lacbi1|308308|eu2.Lbscf0039g01610_87-385_1OYW:A:207-406	1	6	0	8	0	23	16	13	0	200
jgi|Lacbi1|332239|fgenesh3_pg.C_scaffold_39000107_417-532,585-649_1W3B:A:	0	0	0	23	0	35	6	26	0	388
jgi|Lacbi1|332239|fgenesh3_pg.C_scaffold_39000107_222-332_1W3B:A:	0	0	0	23	0	35	6	26	0	388
jgi|Lacbi1|332239|fgenesh3_pg.C_scaffold_39000107_581-692,888-924_1ELR:A:	0	0	0	7	0	9	1	5	0	128
jgi|Lacbi1|295390|estExt_fgenesh2_pg.C_390106_96-208_1A17:A:	0	0	0	7	0	11	3	7	0	159
jgi|Lacbi1|308312|eu2.Lbscf0039g01650_28-253_2IW0:A:29-248	2	11	4	8	0	26	19	12	0	220
jgi|Lacbi1|308313|eu2.Lbscf0039g01660_23-233_1R3D:A:	2	7	3	11	0	24	13	15	0	263
jgi|Lacbi1|308315|eu2.Lbscf0039g01680_109-389_1PZ1:A:	6	12	9	9	0	39	21	23	0	332
jgi|Lacbi1|308327|eu2.Lbscf0039g01800_110-237_1JJ7:A:	4	10	3	10	0	29	19	15	0	251
jgi|Lacbi1|308327|eu2.Lbscf0039g01800_3-74_3B60:A:10-328	0	0	1	11	0	6	9	9	0	319
jgi|Lacbi1|253791|e_gww1.39.55.1_2-18,50-132_1QG8:A:	2	9	4	8	0	22	13	12	0	255
jgi|Lacbi1|163607|gwh1.39.29.1_42-92_1XMA:A:	0	3	1	4	0	6	3	4	0	103
jgi|Lacbi1|308351|eu2.Lbscf0039g02040_49-152,207-331_1PF4:A:321-564	3	9	2	6	0	30	21	8	0	243
jgi|Lacbi1|309377|eu2.Lbscf0040g00030_982-1079_1W3B:A:	0	0	0	23	0	35	6	26	0	388
jgi|Lacbi1|309377|eu2.Lbscf0040g00030_522-633_2C2L:A:24-224	0	0	1	10	0	12	7	11	0	201
jgi|Lacbi1|186016|estExt_GeneWisePlus_human.C_400030_175-377_2C2L:A:24-224	0	0	1	10	0	12	7	11	0	201
jgi|Lacbi1|186016|estExt_GeneWisePlus_human.C_400030_9-117_2C2L:A:24-224	0	0	1	10	0	12	7	11	0	201
jgi|Lacbi1|186016|estExt_GeneWisePlus_human.C_400030_340-466_1ELR:A:	0	0	0	7	0	9	1	5	0	128
jgi|Lacbi1|309384|eu2.Lbscf0040g00100_131-225_1ENW:A:	0	0	0	5	0	12	10	7	0	114
jgi|Lacbi1|309384|eu2.Lbscf0040g00100_4-91_1EO0:A:	0	0	0	4	0	7	4	3	0	77
jgi|Lacbi1|309384|eu2.Lbscf0040g00100_246-292_1TFI:A:	0	4	0	0	0	10	6	0	0	50
jgi|Lacbi1|239129|e_gwh1.40.109.1_15-187_1NSL:A:	1	8	3	5	0	10	7	10	0	183
jgi|Lacbi1|309390|eu2.Lbscf0040g00160_134-191,234-376_1A4Y:A:	2	17	3	16	0	56	24	32	0	460
jgi|Lacbi1|191712|estExt_GeneWisePlus_worm.C_400090_93-348_1OKC:A:	0	0	6	11	0	19	10	9	0	292
jgi|Lacbi1|309395|eu2.Lbscf0040g00210_5-172_1QOI:A:	5	10	2	2	0	25	13	11	0	173
jgi|Lacbi1|295403|estExt_fgenesh2_pg.C_400015_1293-1562_1BO1:A:	1	12	2	8	0	33	23	12	0	383
jgi|Lacbi1|295403|estExt_fgenesh2_pg.C_400015_2025-2098,2161-2185_1PKG:A:	4	11	7	8	0	37	18	12	0	303
jgi|Lacbi1|332286|fgenesh3_pg.C_scaffold_40000016_831-914,961-986_1PKG:A:	4	11	7	8	0	37	18	12	0	303
jgi|Lacbi1|309403|eu2.Lbscf0040g00290_2-81_1A77:A:2-208	4	7	3	6	0	25	18	11	0	207
jgi|Lacbi1|309403|eu2.Lbscf0040g00290_67-107,150-210_1A77:A:209-316	0	0	0	6	0	9	3	6	0	108
jgi|Lacbi1|309412|eu2.Lbscf0040g00380_72-146_1B89:A:	0	0	2	22	0	24	7	21	0	336
jgi|Lacbi1|309414|eu2.Lbscf0040g00400_54-121_1HDJ:A:	0	0	1	4	0	9	2	7	0	76
jgi|Lacbi1|332296|fgenesh3_pg.C_scaffold_40000026_123-192_1GXL:A:	2	8	4	7	0	19	12	14	0	205
jgi|Lacbi1|332298|fgenesh3_pg.C_scaffold_40000028_78-224_1HOW:A:	5	10	4	11	0	39	18	24	0	362
jgi|Lacbi1|191714|estExt_GeneWisePlus_worm.C_400093_5-137_1QGV:A:	1	5	0	3	0	14	10	7	0	137
jgi|Lacbi1|192741|estExt_fgenesh1_kg.C_400001_38-220_2FCT:A:3-310	14	16	4	4	0	47	24	25	0	308
jgi|Lacbi1|332304|fgenesh3_pg.C_scaffold_40000034_11-150_1VZO:A:	2	11	7	9	0	31	20	19	0	322
jgi|Lacbi1|309430|eu2.Lbscf0040g00560_7-149,180-404_1LVL:A:151-265	2	8	0	3	0	15	7	8	0	115
jgi|Lacbi1|332315|fgenesh3_pg.C_scaffold_40000045_22-72_1WJT:A:	0	0	0	5	0	11	9	4	0	102
jgi|Lacbi1|309444|eu2.Lbscf0040g00700_1-58_2VRD:A:1-61	0	2	0	3	0	7	6	4	0	61
jgi|Lacbi1|253907|e_gww1.40.76.1_9-92_1TH7:A:3-78	0	5	1	1	0	8	2	4	0	76
jgi|Lacbi1|309448|eu2.Lbscf0040g00740_61-194_1FA0:A:3-201	2	5	2	6	0	21	7	13	0	199
jgi|Lacbi1|309448|eu2.Lbscf0040g00740_203-249,279-372_2B4V:A:289-471	3	4	4	5	0	20	10	9	0	183
jgi|Lacbi1|239167|e_gwh1.40.32.1_22-220_1H7S:A:29-231	0	10	3	5	0	18	14	9	0	203
jgi|Lacbi1|239167|e_gwh1.40.32.1_211-354_1H7S:A:232-365	2	7	1	4	0	12	4	9	0	134
jgi|Lacbi1|253924|e_gww1.40.63.1_83-246_1X9Z:A:	2	7	1	7	0	14	7	8	0	182
jgi|Lacbi1|309451|eu2.Lbscf0040g00770_363-448_1Q1H:A:	1	2	0	5	0	10	5	6	0	88
jgi|Lacbi1|309452|eu2.Lbscf0040g00780_68-96,275-451_1ZCA:A:54-82,A:205-371	2	6	2	6	0	21	12	13	1	196
jgi|Lacbi1|309452|eu2.Lbscf0040g00780_90-134,205-275_2BCJ:Q:67-183	0	0	0	8	0	7	6	10	0	117
jgi|Lacbi1|151061|gww1.40.85.1_45-336_2I09:A:2-107,A:227-403	4	11	3	10	0	35	19	17	1	281
jgi|Lacbi1|309454|eu2.Lbscf0040g00800_5-51_1FS1:A:109-149	0	0	2	3	0	6	2	3	0	41
jgi|Lacbi1|309454|eu2.Lbscf0040g00800_102-139,194-286,389-441_1PGU:A:327-613	0	28	0	0	0	31	21	20	0	287
jgi|Lacbi1|174940|estExt_Genewise1_human.C_400022_12-322_1PME:A:	3	10	7	11	0	38	19	18	0	345
jgi|Lacbi1|332328|fgenesh3_pg.C_scaffold_40000058_16-136_1M2T:B:249-384	3	13	5	0	0	24	10	8	0	136
jgi|Lacbi1|309465|eu2.Lbscf0040g00910_8-139_2IHO:A:2-155	0	12	5	0	0	18	9	11	0	154
jgi|Lacbi1|309466|eu2.Lbscf0040g00920_11-305_1BU6:O:3-253	1	15	1	9	0	25	13	17	0	251
jgi|Lacbi1|253898|e_gww1.40.64.1_11-169_1U7P:A:	2	8	2	5	0	21	9	9	0	164
jgi|Lacbi1|186002|estExt_GeneWisePlus_human.C_400003_69-382_1S4N:A:	1	12	10	14	0	38	22	21	0	339
jgi|Lacbi1|309478|eu2.Lbscf0040g01040_874-1296,1396-1434_2NSZ:A:322-450	0	0	1	7	0	10	4	6	0	129
jgi|Lacbi1|309478|eu2.Lbscf0040g01040_17-174,231-323_1U6G:C:	0	2	14	60	0	74	56	65	0	1207
jgi|Lacbi1|309482|eu2.Lbscf0040g01080_17-246_2C07:A:54-304	2	7	2	9	0	21	12	14	0	251
jgi|Lacbi1|309483|eu2.Lbscf0040g01090_233-376_2JFL:A:21-308	1	11	6	10	0	27	17	20	0	288
jgi|Lacbi1|295425|estExt_fgenesh2_pg.C_400069_45-97_1CHC:A:	0	3	0	1	0	9	8	3	0	68
jgi|Lacbi1|332342|fgenesh3_pg.C_scaffold_40000072_130-194_1NK2:P:	0	0	0	3	0	7	3	2	0	77
jgi|Lacbi1|149883|gww1.40.75.1_1-69_1E6I:A:	0	0	2	5	0	8	8	7	0	111
jgi|Lacbi1|168639|gwh1.40.111.1_1-163_1J7L:A:	1	10	2	9	0	29	20	16	0	263
jgi|Lacbi1|309497|eu2.Lbscf0040g01230_26-130_2BYK:B:11-99	0	1	0	4	0	8	3	5	0	89
jgi|Lacbi1|295431|estExt_fgenesh2_pg.C_400080_131-289_1XFD:A:127-591	9	30	2	3	0	57	36	22	0	465
jgi|Lacbi1|295431|estExt_fgenesh2_pg.C_400080_25-67_2OVR:B:2263-2364	0	0	0	6	0	9	7	5	0	102
jgi|Lacbi1|309499|eu2.Lbscf0040g01250_23-66_2OVR:B:2263-2364	0	0	0	6	0	9	7	5	0	102
jgi|Lacbi1|309499|eu2.Lbscf0040g01250_125-298_1NEX:B:370-744	1	32	0	0	0	32	16	23	0	355
jgi|Lacbi1|309500|eu2.Lbscf0040g01260_18-299_1PS1:A:	0	0	2	17	0	17	10	19	0	311
jgi|Lacbi1|295434|estExt_fgenesh2_pg.C_400085_61-105_1HYI:A:	0	4	0	1	0	11	5	3	0	65
jgi|Lacbi1|253889|e_gww1.40.52.1_15-177_1TQI:A:91-282	0	10	1	4	0	15	9	8	0	192
jgi|Lacbi1|239127|e_gwh1.40.82.1_507-734_1ORQ:C:	0	0	0	9	0	12	9	11	0	223
jgi|Lacbi1|239127|e_gwh1.40.82.1_936-1099,1143-1219_1ORQ:C:	0	0	0	9	0	12	9	11	0	223
jgi|Lacbi1|239127|e_gwh1.40.82.1_75-145,229-326,395-460_1ORQ:C:	0	0	0	9	0	12	9	11	0	223
jgi|Lacbi1|239127|e_gwh1.40.82.1_1270-1523_1XL4:A:23-138	0	1	0	4	0	11	8	6	0	116
jgi|Lacbi1|332367|fgenesh3_pg.C_scaffold_40000097_399-527_1A4Y:A:	2	17	3	16	0	56	24	32	0	460
jgi|Lacbi1|332368|fgenesh3_pg.C_scaffold_40000098_168-285_1FQV:A:146-431	8	13	3	8	0	55	21	24	0	286
jgi|Lacbi1|309522|eu2.Lbscf0040g01480_32-318_1HV8:A:211-365	1	6	1	6	0	17	12	7	0	155
jgi|Lacbi1|253885|e_gww1.40.16.1_229-473_1HS6:A:209-460	1	7	4	11	0	19	10	13	0	252
jgi|Lacbi1|253885|e_gww1.40.16.1_3-215_1HS6:A:1-208	2	15	4	0	0	20	10	12	0	208
jgi|Lacbi1|253885|e_gww1.40.16.1_483-632_1HS6:A:461-610	0	0	4	8	0	11	2	8	0	150
jgi|Lacbi1|332384|fgenesh3_pg.C_scaffold_40000114_83-256_1MQB:A:	4	8	3	8	0	26	11	14	0	283
jgi|Lacbi1|253920|e_gww1.40.27.1_98-276_2CC0:A:1-192	0	10	3	7	0	22	10	10	0	192
jgi|Lacbi1|253895|e_gww1.40.28.1_93-276_2CC0:A:1-192	0	10	3	7	0	22	10	10	0	192
jgi|Lacbi1|309554|eu2.Lbscf0040g01800_5-194_1QCF:A:249-531	6	7	5	10	0	31	17	17	0	282
jgi|Lacbi1|309563|eu2.Lbscf0040g01890_81-117_1UL1:X:218-357	1	1	1	7	0	13	9	4	0	140
jgi|Lacbi1|332397|fgenesh3_pg.C_scaffold_40000127_41-115_1FNM:A:404-482	0	5	0	2	0	8	3	2	0	79
jgi|Lacbi1|332397|fgenesh3_pg.C_scaffold_40000127_113-195_2BV3:A:479-599	1	6	1	2	0	15	8	4	0	121
jgi|Lacbi1|332398|fgenesh3_pg.C_scaffold_40000128_24-36,64-306_1MQB:A:	4	8	3	8	0	26	11	14	0	283
jgi|Lacbi1|309565|eu2.Lbscf0040g01910_5-213_1QCF:A:249-531	6	7	5	10	0	31	17	17	0	282
jgi|Lacbi1|309568|eu2.Lbscf0040g01940_23-286_1SM2:A:	3	7	3	8	0	30	12	13	0	263
jgi|Lacbi1|148472|gww1.41.94.1_1-200_1QOZ:A:	4	6	4	6	0	26	13	13	0	206
jgi|Lacbi1|309610|eu2.Lbscf0041g00200_114-360_1ERJ:A:	2	30	1	1	0	43	24	22	0	388
jgi|Lacbi1|151810|gww1.41.115.1_6-323,418-446_1F8R:A:4-319,A:433-486	5	16	5	15	0	36	19	22	1	370
jgi|Lacbi1|309612|eu2.Lbscf0041g00220_113-445_1TG7:A:41-394	13	10	6	10	0	54	27	25	0	354
jgi|Lacbi1|309612|eu2.Lbscf0041g00220_455-610_1TG7:A:395-569	2	17	0	1	0	17	10	13	0	175
jgi|Lacbi1|309612|eu2.Lbscf0041g00220_933-1085_1TG7:A:849-1011	5	9	0	1	0	21	11	11	0	163
jgi|Lacbi1|309612|eu2.Lbscf0041g00220_748-927_1TG7:A:667-848	2	10	5	0	0	24	14	11	0	182
jgi|Lacbi1|309612|eu2.Lbscf0041g00220_641-721_1TG7:A:570-666	1	9	0	2	0	11	5	6	0	97
jgi|Lacbi1|332416|fgenesh3_pg.C_scaffold_41000016_139-310,342-445_1PGV:A:	2	5	0	7	0	21	9	7	0	167
jgi|Lacbi1|254074|e_gww1.41.51.1_3-234_1UL1:X:2-217	0	7	1	7	0	19	10	10	0	216
jgi|Lacbi1|254074|e_gww1.41.51.1_220-356_1UL1:X:218-357	1	1	1	7	0	13	9	4	0	140
jgi|Lacbi1|175004|estExt_Genewise1_human.C_410069_1-194_1N3B:A:	0	5	2	8	0	16	7	7	0	204
jgi|Lacbi1|239274|e_gwh1.41.129.1_19-204_1VLR:A:146-337	1	8	3	7	0	21	9	10	0	192
jgi|Lacbi1|239274|e_gwh1.41.129.1_1-19_1VLR:A:39-145	0	6	0	3	0	10	5	2	0	107
jgi|Lacbi1|309620|eu2.Lbscf0041g00300_2-78_2OVR:B:2263-2364	0	0	0	6	0	9	7	5	0	102
jgi|Lacbi1|295449|estExt_fgenesh2_pg.C_410022_18-195_1VA4:A:	4	8	3	10	0	25	15	19	0	271
jgi|Lacbi1|309627|eu2.Lbscf0041g00370_104-424_2B69:A:4-315	4	13	3	9	0	33	14	16	0	312
jgi|Lacbi1|158383|gwh1.41.32.1_1-243,300-367_1EL5:A:1-217,A:322-385	0	16	6	7	0	31	12	17	1	281
jgi|Lacbi1|309639|eu2.Lbscf0041g00490_56-120_1DD3:A:1-57	0	0	0	3	0	3	2	2	0	57
jgi|Lacbi1|295462|estExt_fgenesh2_pg.C_410039_35-492_3CZH:A:40-502	7	8	4	16	0	42	19	26	0	462
jgi|Lacbi1|191778|estExt_GeneWisePlus_worm.C_410149_5-359_1URO:A:	1	9	5	16	0	33	22	19	0	357
jgi|Lacbi1|239321|e_gwh1.41.114.1_139-313_1OHE:A:199-380	2	5	1	7	0	19	11	10	0	182
jgi|Lacbi1|239321|e_gwh1.41.114.1_2-133_1OHE:A:42-198	3	4	2	4	0	18	12	5	0	157
jgi|Lacbi1|191754|estExt_GeneWisePlus_worm.C_410080_5-117_1L3G:A:	0	6	0	5	0	9	6	8	0	123
jgi|Lacbi1|191754|estExt_GeneWisePlus_worm.C_410080_231-392_1SW6:A:	2	4	3	13	0	30	11	18	0	301
jgi|Lacbi1|309650|eu2.Lbscf0041g00600_46-463_1PV7:A:	0	0	2	22	0	18	12	14	0	417
jgi|Lacbi1|164021|gwh1.41.99.1_4-134_3B8L:A:1-144	0	7	2	3	0	9	4	5	0	144
jgi|Lacbi1|295469|estExt_fgenesh2_pg.C_410050_155-355_1NOF:A:44-320	10	8	5	9	0	31	18	20	0	277
jgi|Lacbi1|309659|eu2.Lbscf0041g00690_95-330_1FQV:A:146-431	8	13	3	8	0	55	21	24	0	286
jgi|Lacbi1|254095|e_gww1.41.150.1_11-144_2AV9:A:5-146	5	5	2	2	0	16	7	8	0	142
jgi|Lacbi1|253994|e_gww1.41.143.1_39-233_2BD0:A:2-241	2	7	3	7	0	19	10	16	0	240
jgi|Lacbi1|254066|e_gww1.41.11.1_53-311_1OGP:A:2-262	0	15	5	6	0	36	20	16	0	261
jgi|Lacbi1|254066|e_gww1.41.11.1_313-455_1SOX:A:344-466	3	9	1	0	0	21	10	7	0	123
jgi|Lacbi1|254066|e_gww1.41.11.1_724-877_1I7P:A:154-300	0	8	4	5	0	14	9	7	0	147
jgi|Lacbi1|254066|e_gww1.41.11.1_616-739_1I7P:A:29-153	2	7	0	1	0	15	7	11	0	121
jgi|Lacbi1|254066|e_gww1.41.11.1_516-600_1AWP:A:	1	5	1	4	0	11	4	8	0	86
jgi|Lacbi1|254042|e_gww1.41.29.1_43-239,288-498_1PW4:A:	2	0	1	18	0	21	18	22	0	450
jgi|Lacbi1|291347|estExt_fgenesh2_pm.C_410009_88-196_1AP6:A:84-198	1	3	2	6	0	9	4	6	0	115
jgi|Lacbi1|291347|estExt_fgenesh2_pm.C_410009_3-81_1KKC:A:14-97	1	0	0	3	0	5	2	4	0	84
jgi|Lacbi1|291348|estExt_fgenesh2_pm.C_410010_696-867_3C7B:A:167-238,A:305-417	5	5	3	7	0	25	10	10	1	183
jgi|Lacbi1|291348|estExt_fgenesh2_pm.C_410010_107-312_1XHC:A:1-103,A:226-289	4	11	2	5	0	18	13	9	1	165
jgi|Lacbi1|291348|estExt_fgenesh2_pm.C_410010_919-1043_3C0D:A:4-111	3	12	2	0	0	12	6	7	0	108
jgi|Lacbi1|291348|estExt_fgenesh2_pm.C_410010_575-704_1ZJ8:A:10-161	2	5	9	7	0	16	8	9	0	152
jgi|Lacbi1|291348|estExt_fgenesh2_pm.C_410010_2-104_1Q1R:A:2-114,A:248-319	4	13	3	4	0	23	16	10	1	185
jgi|Lacbi1|332470|fgenesh3_pg.C_scaffold_41000070_365-494_1YT3:A:1-193	0	6	1	8	0	20	12	8	0	193
jgi|Lacbi1|169454|gwh1.41.160.1_3-111_2CBP:A:	1	7	2	1	0	17	5	8	0	96
jgi|Lacbi1|309694|eu2.Lbscf0041g01040_146-200_1WES:A:	0	2	0	0	0	16	13	4	0	70
jgi|Lacbi1|254038|e_gww1.41.53.1_2-338_1EXB:A:	4	10	6	13	1	24	21	17	0	326
jgi|Lacbi1|175009|estExt_Genewise1_human.C_410078_10-97_1VCS:A:8-96	0	0	1	4	0	4	3	5	0	89
jgi|Lacbi1|175009|estExt_Genewise1_human.C_410078_136-195_1GL2:C:	0	0	0	1	0	2	0	0	0	64
jgi|Lacbi1|309699|eu2.Lbscf0041g01090_1-224_1LAM:A:160-484	0	14	2	11	0	31	25	18	0	325
jgi|Lacbi1|167431|gwh1.41.127.1_3-40_2HAP:C:55-97	0	0	1	2	0	6	3	2	0	43
jgi|Lacbi1|332494|fgenesh3_pg.C_scaffold_41000094_4-40_1X49:A:8-92	0	3	0	2	0	7	6	3	0	84
jgi|Lacbi1|309717|eu2.Lbscf0041g01270_11-187,268-451,487-515_1PW4:A:	2	0	1	18	0	21	18	22	0	450
jgi|Lacbi1|332497|fgenesh3_pg.C_scaffold_41000097_27-534_1THG:A:	5	16	8	19	0	57	37	36	0	543
jgi|Lacbi1|309723|eu2.Lbscf0041g01330_14-200_1ZEM:A:3-262	4	7	4	10	0	23	15	14	0	260
jgi|Lacbi1|309726|eu2.Lbscf0041g01360_224-377,415-435_1FQV:A:146-431	8	13	3	8	0	55	21	24	0	286
jgi|Lacbi1|191735|estExt_GeneWisePlus_worm.C_410025_91-160,192-318_1O4Y:A:	5	19	5	4	0	33	15	16	0	270
jgi|Lacbi1|309729|eu2.Lbscf0041g01390_36-164,196-307_1O4Y:A:	5	19	5	4	0	33	15	16	0	270
jgi|Lacbi1|309733|eu2.Lbscf0041g01430_718-813,842-998_1B26:A:179-412	2	7	0	10	0	25	9	14	0	234
jgi|Lacbi1|309733|eu2.Lbscf0041g01430_529-725_1V9L:A:4-179	1	5	3	5	0	19	11	6	0	176
jgi|Lacbi1|309736|eu2.Lbscf0041g01460_31-71_1OCR:L:	0	0	0	1	0	4	3	2	0	47
jgi|Lacbi1|332507|fgenesh3_pg.C_scaffold_41000107_382-460_1GO4:G:	2	1	0	2	0	4	2	3	0	99
jgi|Lacbi1|309738|eu2.Lbscf0041g01480_50-284_1N0U:A:3-343	9	9	5	14	0	30	13	15	0	341
jgi|Lacbi1|309738|eu2.Lbscf0041g01480_232-260,287-370_2BV3:A:283-403	1	12	0	0	0	15	9	9	0	121
jgi|Lacbi1|309738|eu2.Lbscf0041g01480_499-614_2BV3:A:600-688	0	4	2	3	0	5	0	4	0	89
jgi|Lacbi1|309738|eu2.Lbscf0041g01480_398-482_1WDT:A:378-454	0	4	0	2	0	6	3	3	0	77
jgi|Lacbi1|309740|eu2.Lbscf0041g01500_32-520_1TQN:A:	5	9	7	18	0	43	20	30	0	472
jgi|Lacbi1|332511|fgenesh3_pg.C_scaffold_41000111_48-342_1S4N:A:	1	12	10	14	0	38	22	21	0	339
jgi|Lacbi1|309748|eu2.Lbscf0041g01580_62-177,209-322_1KOB:A:	7	11	8	11	0	39	20	20	0	352
jgi|Lacbi1|146695|gww1.41.65.1_1-182_1E32:A:201-458	3	5	4	12	0	28	13	14	0	258
jgi|Lacbi1|332517|fgenesh3_pg.C_scaffold_41000117_187-232,268-411_1PGV:A:	2	5	0	7	0	21	9	7	0	167
jgi|Lacbi1|253981|e_gww1.41.164.1_1-85_1MGT:A:89-169	2	2	1	4	0	10	4	7	0	81
jgi|Lacbi1|253991|e_gww1.41.23.1_8-443_1IVY:A:	7	18	4	14	0	50	34	32	0	452
jgi|Lacbi1|309756|eu2.Lbscf0041g01660_10-225_1Q7R:A:	0	12	3	6	0	17	7	9	0	218
jgi|Lacbi1|148459|gww1.41.93.1_1-134_1X4B:A:8-110	0	5	0	3	0	10	8	6	0	103
jgi|Lacbi1|309799|eu2.Lbscf0042g00040_370-599_1MV5:A:	2	12	1	8	1	29	24	14	0	242
jgi|Lacbi1|332554|fgenesh3_pg.C_scaffold_42000020_8-67_2DO3:A:462-523	0	5	0	0	0	9	7	3	0	62
jgi|Lacbi1|159277|gwh1.42.22.1_38-238_1D2T:A:	0	0	2	13	0	18	11	13	0	224
jgi|Lacbi1|332565|fgenesh3_pg.C_scaffold_42000031_53-105_1QI9:A:	18	10	8	19	0	65	45	30	0	555
jgi|Lacbi1|309835|eu2.Lbscf0042g00400_6-106_1FOT:A:	5	9	4	10	0	37	20	19	0	316
jgi|Lacbi1|332575|fgenesh3_pg.C_scaffold_42000041_213-258_1U6P:A:	2	0	1	0	0	10	6	3	0	56
jgi|Lacbi1|309851|eu2.Lbscf0042g00560_38-161_1FMK:A:249-533	3	7	5	9	0	31	16	14	0	285
jgi|Lacbi1|159197|gwh1.42.18.1_117-303_1D2T:A:	0	0	2	13	0	18	11	13	0	224
jgi|Lacbi1|309857|eu2.Lbscf0042g00620_50-204_1VLM:A:	2	8	2	8	0	22	11	13	0	218
jgi|Lacbi1|191799|estExt_GeneWisePlus_worm.C_420057_1-363_1VLL:A:	3	15	2	12	0	33	17	19	0	321
jgi|Lacbi1|309866|eu2.Lbscf0042g00710_151-388_1IO0:A:	0	5	1	6	0	22	8	6	0	166
jgi|Lacbi1|309866|eu2.Lbscf0042g00710_25-77_1FS1:A:109-149	0	0	2	3	0	6	2	3	0	41
jgi|Lacbi1|191797|estExt_GeneWisePlus_worm.C_420051_28-223_1EZV:B:17-218	8	4	2	7	0	18	16	8	0	202
jgi|Lacbi1|191797|estExt_GeneWisePlus_worm.C_420051_230-365,394-424_1BCC:B:236-439	2	5	1	7	0	16	9	8	0	204
jgi|Lacbi1|295490|estExt_fgenesh2_pg.C_420043_183-427_1FQV:A:146-431	8	13	3	8	0	55	21	24	0	286
jgi|Lacbi1|141728|gww1.42.8.1_372-628,667-724_1U4G:A:	11	10	3	8	0	32	19	18	0	298
jgi|Lacbi1|141923|gww1.42.9.1_552-674_1VP6:A:	0	8	1	5	0	18	5	4	0	133
jgi|Lacbi1|141923|gww1.42.9.1_360-474_1TH8:B:	0	5	1	4	0	6	5	5	0	115
jgi|Lacbi1|332584|fgenesh3_pg.C_scaffold_42000050_1386-1581_1KI1:B:1229-1438	0	0	2	10	0	7	5	12	0	210
jgi|Lacbi1|309878|eu2.Lbscf0042g00830_11-429_2CTZ:A:1-421	7	12	6	18	0	48	21	31	0	421
jgi|Lacbi1|254168|e_gww1.42.58.1_4-96_1Y4O:A:10-104	0	5	0	2	0	6	4	3	0	95
jgi|Lacbi1|332587|fgenesh3_pg.C_scaffold_42000053_220-425_1A4Y:A:	2	17	3	16	0	56	24	32	0	460
jgi|Lacbi1|254115|e_gww1.42.40.1_53-141_2B0C:A:8-204	1	7	2	11	0	21	5	12	0	197
jgi|Lacbi1|332589|fgenesh3_pg.C_scaffold_42000055_9-80_1TUV:A:	0	4	0	3	0	6	4	6	0	103
jgi|Lacbi1|332595|fgenesh3_pg.C_scaffold_42000061_14-144_1FXK:C:	0	4	0	2	0	5	1	6	0	133
jgi|Lacbi1|186136|estExt_GeneWisePlus_human.C_420065_40-259_1BOL:A:	2	7	3	6	0	29	18	15	0	222
jgi|Lacbi1|191792|estExt_GeneWisePlus_worm.C_420035_7-336_1QGX:A:	4	14	3	10	0	37	23	23	0	354
jgi|Lacbi1|186131|estExt_GeneWisePlus_human.C_420049_2-309_1VYH:C:92-408	0	28	1	0	0	39	25	14	0	317
jgi|Lacbi1|309898|eu2.Lbscf0042g01030_34-308_1JPA:A:	2	8	5	9	0	28	13	13	0	299
jgi|Lacbi1|309899|eu2.Lbscf0042g01040_81-160_1MP8:A:	2	8	5	8	0	23	10	12	0	273
jgi|Lacbi1|309911|eu2.Lbscf0042g01160_349-579_1IA9:A:	5	14	4	6	0	31	17	13	0	278
jgi|Lacbi1|309916|eu2.Lbscf0042g01210_5-197_1QCF:A:249-531	6	7	5	10	0	31	17	17	0	282
jgi|Lacbi1|309920|eu2.Lbscf0042g01250_29-299_1MQB:A:	4	8	3	8	0	26	11	14	0	283
jgi|Lacbi1|309921|eu2.Lbscf0042g01260_76-221_1MQB:A:	4	8	3	8	0	26	11	14	0	283
jgi|Lacbi1|309922|eu2.Lbscf0042g01270_126-244_2BV3:A:479-599	1	6	1	2	0	15	8	4	0	121
jgi|Lacbi1|309922|eu2.Lbscf0042g01270_78-128_1FNM:A:404-482	0	5	0	2	0	8	3	2	0	79
jgi|Lacbi1|309922|eu2.Lbscf0042g01270_241-321_2BV3:A:600-688	0	4	2	3	0	5	0	4	0	89
jgi|Lacbi1|332622|fgenesh3_pg.C_scaffold_43000002_175-407_1FQV:A:146-431	8	13	3	8	0	55	21	24	0	286
jgi|Lacbi1|148000|gww1.43.49.1_21-163_2GYA:K:3-133	4	6	0	2	0	21	11	5	0	131
jgi|Lacbi1|254229|e_gww1.43.58.1_45-490_1PMM:A:	9	13	6	12	0	49	26	25	0	450
jgi|Lacbi1|332658|fgenesh3_pg.C_scaffold_43000038_294-499,530-585_1YRG:A:	3	14	2	12	0	46	15	21	0	343
jgi|Lacbi1|310018|eu2.Lbscf0043g00560_202-453_1A4Y:A:	2	17	3	16	0	56	24	32	0	460
jgi|Lacbi1|310018|eu2.Lbscf0043g00560_19-55_1FQV:A:107-145	0	0	0	3	0	4	4	4	0	39
jgi|Lacbi1|191812|estExt_GeneWisePlus_worm.C_430058_5-233_1SNY:A:	3	7	6	7	0	28	16	13	0	266
jgi|Lacbi1|310039|eu2.Lbscf0043g00770_43-127,171-194_1Q67:A:	0	7	0	4	0	11	7	4	0	207
jgi|Lacbi1|310068|eu2.Lbscf0043g01060_307-527_1GW5:B:	0	0	4	32	0	42	43	37	0	579
jgi|Lacbi1|310077|eu2.Lbscf0043g01150_32-296,328-449_1GW5:B:	0	0	4	32	0	42	43	37	0	579
jgi|Lacbi1|332715|fgenesh3_pg.C_scaffold_43000095_223-268_1U6P:A:	2	0	1	0	0	10	6	3	0	56
jgi|Lacbi1|332780|fgenesh3_pg.C_scaffold_44000061_114-213_1K3I:A:538-639	3	10	0	0	0	15	10	5	0	102
jgi|Lacbi1|332780|fgenesh3_pg.C_scaffold_44000061_3-71_1K3I:A:151-537	9	30	6	0	0	59	29	25	0	387
jgi|Lacbi1|310201|eu2.Lbscf0044g00790_11-404_1T64:A:	10	8	3	11	0	40	16	26	0	364
jgi|Lacbi1|310203|eu2.Lbscf0044g00810_8-339_1EXB:A:	4	10	6	13	1	24	21	17	0	326
jgi|Lacbi1|310210|eu2.Lbscf0044g00880_52-168,204-416_1Q7Z:A:1-300	2	10	3	13	0	32	19	15	0	300
jgi|Lacbi1|310211|eu2.Lbscf0044g00890_69-579_2DG5:A:37-387,B:391-580	10	23	8	19	0	68	27	35	1	541
jgi|Lacbi1|295520|estExt_fgenesh2_pg.C_440068_397-549_2JAV:A:3-271	1	8	3	9	0	24	12	13	0	269
jgi|Lacbi1|310215|eu2.Lbscf0044g00930_2-92_2FUG:4:35-409	3	7	3	13	0	39	26	18	0	375
jgi|Lacbi1|295521|estExt_fgenesh2_pg.C_440085_193-395_1QOU:A:	3	8	2	1	0	24	13	8	0	164
jgi|Lacbi1|310240|eu2.Lbscf0044g01180_201-521_1PW4:A:	2	0	1	18	0	21	18	22	0	450
jgi|Lacbi1|310245|eu2.Lbscf0044g01230_3-72_1B63:A:217-331	0	7	3	3	0	10	2	7	0	115
jgi|Lacbi1|310252|eu2.Lbscf0044g01300_12-228_1AK0:A:	3	2	4	13	0	17	12	19	0	264
jgi|Lacbi1|310253|eu2.Lbscf0044g01310_23-96_1AK0:A:	3	2	4	13	0	17	12	19	0	264
jgi|Lacbi1|310255|eu2.Lbscf0044g01330_23-343_1AK0:A:	3	2	4	13	0	17	12	19	0	264
jgi|Lacbi1|191837|estExt_GeneWisePlus_worm.C_440067_39-404_1FG7:A:	0	13	5	12	0	36	22	23	0	354
jgi|Lacbi1|310257|eu2.Lbscf0044g01350_22-236,280-299,326-367_1AK0:A:	3	2	4	13	0	17	12	19	0	264
jgi|Lacbi1|310261|eu2.Lbscf0044g01390_330-368,416-537_1ML9:A:	5	15	6	5	0	45	22	13	0	284
jgi|Lacbi1|310262|eu2.Lbscf0044g01400_130-334_1YGY:A:99-282	3	7	2	7	0	24	14	12	0	184
jgi|Lacbi1|310262|eu2.Lbscf0044g01400_25-159_1GDH:A:2-100,A:292-321	4	5	0	5	0	15	9	9	1	129
jgi|Lacbi1|310264|eu2.Lbscf0044g01420_106-177_1E91:A:	0	0	0	4	0	8	6	3	0	85
jgi|Lacbi1|310264|eu2.Lbscf0044g01420_254-321_1G1E:B:	0	0	0	4	0	6	2	5	0	89
jgi|Lacbi1|310264|eu2.Lbscf0044g01420_429-494_1E91:A:	0	0	0	4	0	8	6	3	0	85
jgi|Lacbi1|175070|estExt_Genewise1_human.C_440020_4-476_1WND:A:	8	21	3	16	0	44	25	26	0	474
jgi|Lacbi1|295504|estExt_fgenesh2_pg.C_440002_2-171_1J0X:O:1-148,O:313-332	1	8	3	5	0	22	13	9	1	168
jgi|Lacbi1|295504|estExt_fgenesh2_pg.C_440002_149-312_1GAD:O:149-312	2	8	3	3	0	15	11	8	0	164
jgi|Lacbi1|165672|gwh1.44.70.1_552-681,798-957_1HW8:A:441-586,A:704-861	4	7	3	10	0	18	15	19	1	304
jgi|Lacbi1|165672|gwh1.44.70.1_685-800_1DQA:A:587-703	1	6	0	4	0	10	6	5	0	117
jgi|Lacbi1|310130|eu2.Lbscf0044g00080_1-331_1N0U:A:3-343	9	9	5	14	0	30	13	15	0	341
jgi|Lacbi1|310130|eu2.Lbscf0044g00080_549-712_1N0U:A:561-725	1	7	1	5	0	15	13	8	0	165
jgi|Lacbi1|310130|eu2.Lbscf0044g00080_332-469_1N0U:A:344-481	3	10	0	2	0	16	10	11	0	138
jgi|Lacbi1|310130|eu2.Lbscf0044g00080_714-827_1N0U:A:726-842	0	4	3	3	0	11	3	6	0	117
jgi|Lacbi1|310130|eu2.Lbscf0044g00080_472-547_1N0U:A:482-560	0	4	1	2	0	9	6	3	0	79
jgi|Lacbi1|191816|estExt_GeneWisePlus_worm.C_440005_48-217_1W3B:A:	0	0	0	23	0	35	6	26	0	388
jgi|Lacbi1|191816|estExt_GeneWisePlus_worm.C_440005_374-479,631-686_1W3B:A:	0	0	0	23	0	35	6	26	0	388
jgi|Lacbi1|254367|e_gww1.44.71.1_69-149,195-457,652-711,741-915,955-1001_1TE4:A:	0	0	3	6	0	11	9	5	0	111
jgi|Lacbi1|310133|eu2.Lbscf0044g00110_27-318,360-484,539-567_1QE3:A:	7	14	7	14	0	50	31	31	0	483
jgi|Lacbi1|310134|eu2.Lbscf0044g00120_89-190_1JID:A:	4	3	4	2	0	18	9	10	0	114
jgi|Lacbi1|332730|fgenesh3_pg.C_scaffold_44000011_131-201,454-568_1IO0:A:	0	5	1	6	0	22	8	6	0	166
jgi|Lacbi1|310136|eu2.Lbscf0044g00140_53-314,416-450_1ITX:A:33-337,A:410-451	4	11	6	11	0	42	24	21	1	347
jgi|Lacbi1|310136|eu2.Lbscf0044g00140_314-415_1ITX:A:338-409	1	6	1	1	0	8	5	6	0	72
jgi|Lacbi1|191848|estExt_GeneWisePlus_worm.C_440100_48-288,388-419_1LG2:A:22-266,A:335-386	1	9	6	9	0	32	20	17	1	297
jgi|Lacbi1|191848|estExt_GeneWisePlus_worm.C_440100_288-387_1ITX:A:338-409	1	6	1	1	0	8	5	6	0	72
jgi|Lacbi1|310140|eu2.Lbscf0044g00180_2-225_1UZM:A:9-245	2	7	3	8	0	20	12	10	0	237
jgi|Lacbi1|310141|eu2.Lbscf0044g00190_4-339_1ZFJ:A:2-94,A:221-492	7	15	3	12	0	41	24	17	1	365
jgi|Lacbi1|310144|eu2.Lbscf0044g00220_24-149_1D5R:A:14-187	4	5	0	5	0	17	15	8	0	174
jgi|Lacbi1|295514|estExt_fgenesh2_pg.C_440019_6-181_2ZKD:A:405-613	3	9	2	3	0	31	21	16	0	209
jgi|Lacbi1|166963|gwh1.44.84.1_26-163_2CCH:B:181-308	0	0	1	6	0	9	3	5	0	128
jgi|Lacbi1|166963|gwh1.44.84.1_166-273_1VIN:A:309-432	0	0	4	7	0	10	8	4	0	123
jgi|Lacbi1|332749|fgenesh3_pg.C_scaffold_44000030_82-167_1DS1:A:	5	16	8	7	0	38	23	18	0	323
jgi|Lacbi1|310170|eu2.Lbscf0044g00480_1-46_1TX4:A:	0	0	4	12	0	17	9	13	0	196
jgi|Lacbi1|310175|eu2.Lbscf0044g00530_43-88_1F6U:A:	2	2	3	0	0	10	5	3	0	55
jgi|Lacbi1|332773|fgenesh3_pg.C_scaffold_44000054_44-108_1X3S:A:2-178	0	6	2	6	0	18	11	14	0	177
jgi|Lacbi1|310186|eu2.Lbscf0044g00640_7-67_2DO3:A:462-523	0	5	0	0	0	9	7	3	0	62
jgi|Lacbi1|332845|fgenesh3_pg.C_scaffold_45000008_13-111,151-210_1A4Y:A:	2	17	3	16	0	56	24	32	0	460
jgi|Lacbi1|332852|fgenesh3_pg.C_scaffold_45000015_21-52,99-188_1XZP:A:212-371	1	6	1	6	0	15	10	10	0	160
jgi|Lacbi1|332854|fgenesh3_pg.C_scaffold_45000017_218-347_1WF3:A:3-180	1	6	2	5	0	17	15	11	0	178
jgi|Lacbi1|332856|fgenesh3_pg.C_scaffold_45000019_157-200,324-383_1CIP:A:61-181	0	0	1	8	0	7	3	10	0	121
jgi|Lacbi1|310333|eu2.Lbscf0045g00520_2-59_2BW3:A:163-609	0	5	7	21	0	33	14	25	0	447
jgi|Lacbi1|332893|fgenesh3_pg.C_scaffold_45000056_180-313_2CYG:A:29-340	5	10	6	10	0	32	25	18	0	312
jgi|Lacbi1|332893|fgenesh3_pg.C_scaffold_45000056_7-103_1SQJ:A:4-430	5	31	4	2	0	58	43	30	0	427
jgi|Lacbi1|239654|e_gwh1.45.28.1_9-61_1CI6:A:	0	0	0	1	0	1	0	0	0	62
jgi|Lacbi1|310368|eu2.Lbscf0045g00870_178-224_1CLD:A:	0	0	0	2	0	4	2	1	0	33
jgi|Lacbi1|239661|e_gwh1.45.31.1_19-38,112-356_2Q09:A:66-366	4	9	1	15	0	25	13	19	0	301
jgi|Lacbi1|239661|e_gwh1.45.31.1_355-397_1O12:A:1-43,A:332-364	1	7	0	0	0	8	4	5	1	76
jgi|Lacbi1|310371|eu2.Lbscf0045g00900_68-161_1G3N:C:16-147	0	0	2	7	0	10	3	5	0	132
jgi|Lacbi1|295529|estExt_fgenesh2_pg.C_450053_72-179_1G3N:C:16-147	0	0	2	7	0	10	3	5	0	132
jgi|Lacbi1|239682|e_gwh1.45.30.1_100-231,299-473_1AJO:A:	5	16	3	1	0	26	14	11	0	212
jgi|Lacbi1|332907|fgenesh3_pg.C_scaffold_45000070_70-220_1WKR:A:	3	24	5	4	0	38	20	21	0	340
jgi|Lacbi1|310387|eu2.Lbscf0045g01060_385-461_1QFJ:A:98-232	0	6	2	5	0	18	9	7	0	135
jgi|Lacbi1|310387|eu2.Lbscf0045g01060_298-391_1KRH:A:106-205	0	6	0	1	0	15	6	7	0	100
jgi|Lacbi1|186182|estExt_GeneWisePlus_human.C_450016_26-548_1CRL:A:	9	15	7	20	0	67	42	36	0	534
jgi|Lacbi1|332912|fgenesh3_pg.C_scaffold_45000075_4-74_1OEB:A:	3	5	1	0	0	10	4	3	0	59
jgi|Lacbi1|332912|fgenesh3_pg.C_scaffold_45000075_841-941_1UPQ:A:	0	7	1	1	0	13	8	5	0	107
jgi|Lacbi1|332912|fgenesh3_pg.C_scaffold_45000075_397-461_1UQV:A:	0	0	1	4	0	8	6	4	0	84
jgi|Lacbi1|332912|fgenesh3_pg.C_scaffold_45000075_1060-1162_1MB8:A:56-180	0	0	1	5	0	8	6	5	0	127
jgi|Lacbi1|310392|eu2.Lbscf0045g01110_5-132_1D7B:A:	5	13	1	1	0	24	10	12	0	185
jgi|Lacbi1|310393|eu2.Lbscf0045g01120_12-396_1U7G:A:	2	2	6	15	0	21	14	16	0	383
jgi|Lacbi1|254389|e_gww1.45.3.1_4-390_1U7G:A:	2	2	6	15	0	21	14	16	0	383
jgi|Lacbi1|191850|estExt_GeneWisePlus_worm.C_450013_30-279_1O4Y:A:	5	19	5	4	0	33	15	16	0	270
jgi|Lacbi1|310410|eu2.Lbscf0045g01290_29-182_1GYC:A:1-130	6	8	3	0	0	20	7	10	0	130
jgi|Lacbi1|315309|eu2.Lbscf0069g00910_29-182_1GYC:A:1-130	6	8	3	0	0	20	7	10	0	130
jgi|Lacbi1|310426|eu2.Lbscf0046g00050_218-330_2FLU:X:325-609	14	28	0	0	0	37	15	14	0	285
jgi|Lacbi1|310426|eu2.Lbscf0046g00050_18-111_1ELW:A:	0	0	0	7	0	11	0	7	0	117
jgi|Lacbi1|314538|eu2.Lbscf0061g01190_218-330_2FLU:X:325-609	14	28	0	0	0	37	15	14	0	285
jgi|Lacbi1|314538|eu2.Lbscf0061g01190_18-111_1ELW:A:	0	0	0	7	0	11	0	7	0	117
jgi|Lacbi1|310427|eu2.Lbscf0046g00060_5-97_2BWF:A:2-74	2	5	2	1	0	8	1	7	0	77
jgi|Lacbi1|310427|eu2.Lbscf0046g00060_331-374_2DAH:A:8-48	0	0	0	3	0	2	2	2	0	41
jgi|Lacbi1|175105|estExt_Genewise1_human.C_460020_3-117_1PA7:A:	0	0	2	5	0	10	6	7	0	130
jgi|Lacbi1|175105|estExt_Genewise1_human.C_460020_169-237_1TXQ:B:192-255	0	0	0	2	0	4	2	2	0	64
jgi|Lacbi1|191873|estExt_GeneWisePlus_worm.C_460054_3-150_1FZY:A:	3	4	2	4	0	19	9	9	0	149
jgi|Lacbi1|191873|estExt_GeneWisePlus_worm.C_460054_169-222_1TTE:A:161-215	0	0	0	3	0	7	6	2	0	55
jgi|Lacbi1|310437|eu2.Lbscf0046g00160_55-154_2BSW:A:2-146	0	7	4	3	0	14	8	10	0	145
jgi|Lacbi1|310440|eu2.Lbscf0046g00190_9-113_1DCQ:A:247-368	2	3	1	5	0	15	8	9	0	122
jgi|Lacbi1|239714|e_gwh1.46.60.1_63-444_1PW4:A:	2	0	1	18	0	21	18	22	0	450
jgi|Lacbi1|156969|gwh1.46.5.1_324-425,453-468_1LNQ:A:19-98	0	0	0	5	0	5	7	8	0	80
jgi|Lacbi1|156969|gwh1.46.5.1_153-253_2A9H:A:23-119	0	0	0	3	0	5	6	3	0	97
jgi|Lacbi1|175119|estExt_Genewise1_human.C_460055_43-282_2FUG:1:7-249	8	5	2	10	0	26	22	14	0	243
jgi|Lacbi1|175119|estExt_Genewise1_human.C_460055_369-465_2FUG:1:334-438	2	0	0	5	1	7	4	5	0	105
jgi|Lacbi1|175119|estExt_Genewise1_human.C_460055_283-368_2FUG:1:250-333	4	5	0	2	0	11	8	7	0	84
jgi|Lacbi1|310457|eu2.Lbscf0046g00360_23-284_1DIN:A:	2	9	3	6	0	26	12	19	0	233
jgi|Lacbi1|295539|estExt_fgenesh2_pg.C_460026_7-208_1DIN:A:	2	9	3	6	0	26	12	19	0	233
jgi|Lacbi1|310470|eu2.Lbscf0046g00490_33-266_2GVC:A:3-180,A:288-444	5	14	3	8	0	38	25	20	1	335
jgi|Lacbi1|332963|fgenesh3_pg.C_scaffold_46000035_28-265_1DIN:A:	2	9	3	6	0	26	12	19	0	233
jgi|Lacbi1|239741|e_gwh1.46.47.1_218-461_1OMZ:A:	3	13	1	7	0	26	18	19	0	265
jgi|Lacbi1|254417|e_gww1.46.53.1_18-179_1I19:A:57-273	2	11	1	4	0	28	15	16	0	217
jgi|Lacbi1|295545|estExt_fgenesh2_pg.C_460065_6-49_1RYK:A:	0	0	0	4	0	7	2	4	0	69
jgi|Lacbi1|295545|estExt_fgenesh2_pg.C_460065_57-97_1RYK:A:	0	0	0	4	0	7	2	4	0	69
jgi|Lacbi1|239749|e_gwh1.46.14.1_100-255_1XJT:A:	4	6	2	8	0	17	4	8	0	190
jgi|Lacbi1|310502|eu2.Lbscf0046g00810_62-478_1WPX:A:1-421	5	13	3	17	0	47	29	31	0	421
jgi|Lacbi1|310503|eu2.Lbscf0046g00820_1-180,298-417_3C96:A:4-182,A:294-402	1	13	1	8	0	26	14	13	1	288
jgi|Lacbi1|333002|fgenesh3_pg.C_scaffold_46000074_269-396_1IA9:A:	5	14	4	6	0	31	17	13	0	278
jgi|Lacbi1|310516|eu2.Lbscf0046g00950_43-438_1PV7:A:	0	0	2	22	0	18	12	14	0	417
jgi|Lacbi1|186194|estExt_GeneWisePlus_human.C_460030_44-438_1PV7:A:	0	0	2	22	0	18	12	14	0	417
jgi|Lacbi1|333006|fgenesh3_pg.C_scaffold_46000078_59-447_1PV7:A:	0	0	2	22	0	18	12	14	0	417
jgi|Lacbi1|333008|fgenesh3_pg.C_scaffold_46000080_1-421_1J4B:A:	6	18	7	13	0	50	29	24	0	432
jgi|Lacbi1|310531|eu2.Lbscf0046g01100_1042-1091_1IYM:A:	0	2	0	1	0	11	6	4	0	54
jgi|Lacbi1|310534|eu2.Lbscf0046g01130_165-319,357-413_1A4Y:A:	2	17	3	16	0	56	24	32	0	460
jgi|Lacbi1|310542|eu2.Lbscf0046g01210_37-137_1BUO:A:	0	3	1	6	0	11	5	4	0	121
jgi|Lacbi1|310543|eu2.Lbscf0046g01220_163-414_2HBJ:A:129-420	0	8	5	10	0	33	22	11	0	292
jgi|Lacbi1|310543|eu2.Lbscf0046g01220_486-563_2HBJ:A:421-516	0	0	0	6	0	9	5	5	0	96
jgi|Lacbi1|333017|fgenesh3_pg.C_scaffold_46000089_18-104_1R29:A:	0	3	0	6	0	11	5	9	0	122
jgi|Lacbi1|333018|fgenesh3_pg.C_scaffold_46000090_18-104_1R29:A:	0	3	0	6	0	11	5	9	0	122
jgi|Lacbi1|310548|eu2.Lbscf0046g01270_48-146_1R29:A:	0	3	0	6	0	11	5	9	0	122
jgi|Lacbi1|191874|estExt_GeneWisePlus_worm.C_460067_1-213,971-1188_1XEW:X:,Y:	2	15	2	9	0	30	20	14	1	329
jgi|Lacbi1|191874|estExt_GeneWisePlus_worm.C_460067_483-682_1GXL:A:	2	8	4	7	0	19	12	14	0	205
jgi|Lacbi1|333026|fgenesh3_pg.C_scaffold_46000098_27-156,202-289_1NR0:A:2-312	4	27	1	0	0	38	22	20	0	311
jgi|Lacbi1|310575|eu2.Lbscf0047g00030_1127-1167_2FV6:A:503-544	0	0	0	2	0	8	7	1	0	42
jgi|Lacbi1|333033|fgenesh3_pg.C_scaffold_47000003_110-216_1FX8:A:	0	0	4	11	0	13	7	10	0	254
jgi|Lacbi1|333039|fgenesh3_pg.C_scaffold_47000009_45-154_1AMU:A:	4	26	5	15	0	55	36	34	0	514
jgi|Lacbi1|333039|fgenesh3_pg.C_scaffold_47000009_241-360_1DNY:A:	0	0	0	4	0	8	7	2	0	76
jgi|Lacbi1|333039|fgenesh3_pg.C_scaffold_47000009_347-409_1TQY:A:3-218	5	7	2	5	0	21	7	8	0	166
jgi|Lacbi1|310599|eu2.Lbscf0047g00270_14-188_2R8B:A:44-246	2	9	2	5	0	21	16	11	0	203
jgi|Lacbi1|333050|fgenesh3_pg.C_scaffold_47000020_56-103_1J46:A:	0	0	0	3	0	5	3	3	0	84
jgi|Lacbi1|310609|eu2.Lbscf0047g00370_17-36,81-136_1MC8:A:221-332	0	0	1	5	0	9	7	7	0	112
jgi|Lacbi1|310630|eu2.Lbscf0047g00580_90-254_1YQ2:A:313-609	4	13	4	8	0	40	16	19	0	297
jgi|Lacbi1|333071|fgenesh3_pg.C_scaffold_47000041_175-239_1NEX:B:270-369	0	0	0	7	0	9	5	6	0	100
jgi|Lacbi1|310636|eu2.Lbscf0047g00640_12-65_1G5C:A:	0	5	2	6	0	17	8	11	0	169
jgi|Lacbi1|310648|eu2.Lbscf0047g00760_12-65_1G5C:A:	0	5	2	6	0	17	8	11	0	169
jgi|Lacbi1|295558|estExt_fgenesh2_pg.C_470045_175-238_1NEX:B:270-369	0	0	0	7	0	9	5	6	0	100
jgi|Lacbi1|310649|eu2.Lbscf0047g00770_7-39_1DDZ:A:84-325	0	5	2	10	0	19	10	17	0	242
jgi|Lacbi1|239776|e_gwh1.47.14.1_22-48,167-340_1SHZ:A:46-75,A:201-371	2	6	2	6	0	24	15	13	1	201
jgi|Lacbi1|239776|e_gwh1.47.14.1_52-170_1TAD:A:57-177	0	0	1	7	0	8	4	8	0	121
jgi|Lacbi1|310661|eu2.Lbscf0047g00890_22-112_2HYD:A:324-578	2	10	5	9	0	25	21	16	0	255
jgi|Lacbi1|333092|fgenesh3_pg.C_scaffold_47000062_228-343_1SQJ:A:4-430	5	31	4	2	0	58	43	30	0	427
jgi|Lacbi1|333092|fgenesh3_pg.C_scaffold_47000062_533-633_1SQJ:A:431-786	12	28	0	0	0	52	32	25	0	356
jgi|Lacbi1|254501|e_gww1.47.26.1_4-175_1C1Y:A:	2	6	1	6	0	18	12	8	0	167
jgi|Lacbi1|310670|eu2.Lbscf0047g00980_55-160_1DQV:A:295-424	1	8	2	0	0	20	13	4	0	130
jgi|Lacbi1|310670|eu2.Lbscf0047g00980_435-556_1DSY:A:	1	9	1	2	0	19	9	5	0	137
jgi|Lacbi1|333103|fgenesh3_pg.C_scaffold_47000073_35-86_1IA9:A:	5	14	4	6	0	31	17	13	0	278
jgi|Lacbi1|254518|e_gww1.47.15.1_29-55,167-342_1BOF:A:10-60,A:182-354	1	6	6	6	0	19	9	12	1	224
jgi|Lacbi1|254518|e_gww1.47.15.1_59-171_1TAD:A:57-177	0	0	1	7	0	8	4	8	0	121
jgi|Lacbi1|310686|eu2.Lbscf0047g01140_69-334,369-442_1OGS:A:78-431	4	10	4	12	0	35	27	25	0	354
jgi|Lacbi1|310692|eu2.Lbscf0047g01200_6-122_1BU7:A:	0	12	10	16	0	39	22	21	0	455
jgi|Lacbi1|310698|eu2.Lbscf0047g01260_2-40_1E8G:A:6-273	6	11	6	4	0	35	19	17	0	268
jgi|Lacbi1|310701|eu2.Lbscf0047g01290_136-246_1N3J:A:	3	9	0	2	0	19	13	1	0	119
jgi|Lacbi1|310706|eu2.Lbscf0047g01340_70-139_1DQV:A:295-424	1	8	2	0	0	20	13	4	0	130
jgi|Lacbi1|191878|estExt_GeneWisePlus_worm.C_470015_3-298_2IXN:A:3-299	1	2	1	15	0	25	13	17	0	297
jgi|Lacbi1|310721|eu2.Lbscf0047g01490_14-111_1LKX:A:	9	14	5	27	0	58	39	31	0	684
jgi|Lacbi1|310724|eu2.Lbscf0047g01520_146-272_2HU7:A:322-581	1	8	2	10	0	27	14	15	0	260
jgi|Lacbi1|310725|eu2.Lbscf0047g01530_4-90_1H5Q:A:	2	10	7	8	0	25	12	15	0	260
jgi|Lacbi1|310736|eu2.Lbscf0047g01640_26-143_1RY2:A:	13	28	0	20	0	87	54	43	0	640
jgi|Lacbi1|315081|eu2.Lbscf0067g00340_26-143_1RY2:A:	13	28	0	20	0	87	54	43	0	640
jgi|Lacbi1|333132|fgenesh3_pg.C_scaffold_47000102_28-134,232-320_1SU4:A:1-124,A:240-343,A:751-994	1	1	8	18	0	32	20	22	2	472
jgi|Lacbi1|333132|fgenesh3_pg.C_scaffold_47000102_134-229_1SU4:A:125-239	2	9	3	0	0	21	10	7	0	115
jgi|Lacbi1|333132|fgenesh3_pg.C_scaffold_47000102_331-459_1MO7:A:	2	9	0	5	0	32	19	9	0	213
jgi|Lacbi1|310745|eu2.Lbscf0047g01730_4-56_1PV7:A:	0	0	2	22	0	18	12	14	0	417
jgi|Lacbi1|333137|fgenesh3_pg.C_scaffold_47000107_76-205_1MO7:A:	2	9	0	5	0	32	19	9	0	213
jgi|Lacbi1|333137|fgenesh3_pg.C_scaffold_47000107_14-65_1SU4:A:1-124,A:240-343,A:751-994	1	1	8	18	0	32	20	22	2	472
jgi|Lacbi1|333139|fgenesh3_pg.C_scaffold_47000109_12-271_1TQN:A:	5	9	7	18	0	43	20	30	0	472
jgi|Lacbi1|239800|e_gwh1.47.31.1_1-56_2JOY:A:1-96	0	5	0	2	0	15	8	4	0	96
jgi|Lacbi1|310769|eu2.Lbscf0048g00010_377-419_2FV6:A:503-544	0	0	0	2	0	8	7	1	0	42
jgi|Lacbi1|310771|eu2.Lbscf0048g00030_4-156_1I6P:A:	1	5	1	10	0	18	11	13	0	214
jgi|Lacbi1|333157|fgenesh3_pg.C_scaffold_48000012_17-178_2CFE:A:1-162	5	8	1	2	0	21	12	12	0	162
jgi|Lacbi1|310787|eu2.Lbscf0048g00190_34-246,285-347,415-463_2FLU:X:325-609	14	28	0	0	0	37	15	14	0	285
jgi|Lacbi1|310797|eu2.Lbscf0048g00290_34-130_1R29:A:	0	3	0	6	0	11	5	9	0	122
jgi|Lacbi1|239890|e_gwh1.48.69.1_32-253_1DIN:A:	2	9	3	6	0	26	12	19	0	233
jgi|Lacbi1|186220|estExt_GeneWisePlus_human.C_480052_156-485_1LAM:A:160-484	0	14	2	11	0	31	25	18	0	325
jgi|Lacbi1|186220|estExt_GeneWisePlus_human.C_480052_26-154_1LAM:A:1-159	1	7	0	5	0	17	5	10	0	159
jgi|Lacbi1|239833|e_gwh1.48.15.1_93-500_1QWO:A:	5	10	6	15	0	41	25	28	0	435
jgi|Lacbi1|191889|estExt_GeneWisePlus_worm.C_480068_3-460_2B7O:A:1-462	4	13	2	14	0	45	28	29	0	462
jgi|Lacbi1|310810|eu2.Lbscf0048g00420_56-135_1P49:A:	2	17	7	13	0	62	48	36	0	553
jgi|Lacbi1|333177|fgenesh3_pg.C_scaffold_48000032_8-73_2OVR:B:2263-2364	0	0	0	6	0	9	7	5	0	102
jgi|Lacbi1|310824|eu2.Lbscf0048g00560_52-260_7A3H:A:	4	10	2	11	0	35	20	23	0	300
jgi|Lacbi1|295571|estExt_fgenesh2_pg.C_480040_69-192_2CIW:A:0-119	2	2	2	3	0	17	10	8	0	119
jgi|Lacbi1|254611|e_gww1.48.60.1_3-40_2HAP:C:55-97	0	0	1	2	0	6	3	2	0	43
jgi|Lacbi1|254568|e_gww1.48.59.1_3-40_2HAP:C:55-97	0	0	1	2	0	6	3	2	0	43
jgi|Lacbi1|333195|fgenesh3_pg.C_scaffold_48000050_79-165_1L2M:A:	0	7	0	2	0	16	7	4	0	118
jgi|Lacbi1|333195|fgenesh3_pg.C_scaffold_48000050_240-313_1E32:A:201-458	3	5	4	12	0	28	13	14	0	258
jgi|Lacbi1|295575|estExt_fgenesh2_pg.C_480050_47-292_2ESN:A:92-303	0	10	0	7	0	22	12	11	0	212
jgi|Lacbi1|291366|estExt_fgenesh2_pm.C_480006_69-326_2ESN:A:92-303	0	10	0	7	0	22	12	11	0	212
jgi|Lacbi1|310846|eu2.Lbscf0048g00780_73-255_1YRG:A:	3	14	2	12	0	46	15	21	0	343
jgi|Lacbi1|310858|eu2.Lbscf0048g00900_41-169_1ZPY:A:4-94	0	0	1	3	0	8	4	2	0	91
jgi|Lacbi1|310865|eu2.Lbscf0048g00970_41-167_1ZPY:A:4-94	0	0	1	3	0	8	4	2	0	91
jgi|Lacbi1|333220|fgenesh3_pg.C_scaffold_48000075_10-292_1YV9:A:4-256	1	15	3	8	0	27	18	14	0	253
jgi|Lacbi1|295582|estExt_fgenesh2_pg.C_480074_211-272_1XF7:A:	0	2	0	1	0	4	3	1	0	29
jgi|Lacbi1|295583|estExt_fgenesh2_pg.C_480075_17-124_2CIW:A:0-119	2	2	2	3	0	17	10	8	0	119
jgi|Lacbi1|254621|e_gww1.48.11.1_49-406_1KPG:A:	0	7	2	12	0	28	16	18	0	285
jgi|Lacbi1|310878|eu2.Lbscf0048g01100_163-213_2CSH:A:8-60	0	4	0	2	0	6	6	3	0	53
jgi|Lacbi1|310879|eu2.Lbscf0048g01110_171-240,292-364_1YRG:A:	3	14	2	12	0	46	15	21	0	343
jgi|Lacbi1|310884|eu2.Lbscf0048g01160_2-95_1UL1:X:2-217	0	7	1	7	0	19	10	10	0	216
jgi|Lacbi1|310905|eu2.Lbscf0048g01370_9-261_1V4N:A:	4	11	2	6	0	34	18	12	0	280
jgi|Lacbi1|333246|fgenesh3_pg.C_scaffold_48000101_752-824_1OV3:A:150-214	3	5	1	0	0	9	4	3	0	59
jgi|Lacbi1|310910|eu2.Lbscf0048g01420_139-190_1ZME:C:31-66	0	0	0	2	0	4	1	2	0	36
jgi|Lacbi1|295589|estExt_fgenesh2_pg.C_480102_901-1250_1I9Z:A:	8	11	3	8	0	32	15	14	0	345
jgi|Lacbi1|295589|estExt_fgenesh2_pg.C_480102_576-894_1P22:A:253-545	0	28	0	1	0	35	23	13	0	293
jgi|Lacbi1|192361|estExt_GeneWisePlus_worm.C_1110005_16-446_1PW4:A:	2	0	1	18	0	21	18	22	0	450
jgi|Lacbi1|254577|e_gww1.48.62.1_16-446_1PW4:A:	2	0	1	18	0	21	18	22	0	450
jgi|Lacbi1|333263|fgenesh3_pg.C_scaffold_49000002_2-181_1PW4:A:	2	0	1	18	0	21	18	22	0	450
jgi|Lacbi1|333264|fgenesh3_pg.C_scaffold_49000003_107-250,283-317_1FQV:A:146-431	8	13	3	8	0	55	21	24	0	286
jgi|Lacbi1|310949|eu2.Lbscf0049g00090_9-109_2O3I:A:2-390	6	15	4	12	0	37	28	14	0	389
jgi|Lacbi1|310964|eu2.Lbscf0049g00240_82-173_2HYD:A:1-323	0	0	1	15	1	9	5	12	0	323
jgi|Lacbi1|191892|estExt_GeneWisePlus_worm.C_490011_74-405_1WKR:A:	3	24	5	4	0	38	20	21	0	340
jgi|Lacbi1|310984|eu2.Lbscf0049g00440_2-288_1TQN:A:	5	9	7	18	0	43	20	30	0	472
jgi|Lacbi1|254624|e_gww1.49.10.1_73-404_1WKR:A:	3	24	5	4	0	38	20	21	0	340
jgi|Lacbi1|310997|eu2.Lbscf0049g00570_98-400_1WKR:A:	3	24	5	4	0	38	20	21	0	340
jgi|Lacbi1|239939|e_gwh1.49.7.1_25-490_1TQN:A:	5	9	7	18	0	43	20	30	0	472
jgi|Lacbi1|312153|eu2.Lbscf0050g00210_15-202_1JV2:B:107-354	6	6	6	7	0	24	18	14	0	248
jgi|Lacbi1|312166|eu2.Lbscf0050g00340_132-406_1YRG:A:	3	14	2	12	0	46	15	21	0	343
jgi|Lacbi1|312170|eu2.Lbscf0050g00380_2-51_1N3J:A:	3	9	0	2	0	19	13	1	0	119
jgi|Lacbi1|254718|e_gww1.50.57.1_6-272_1GXR:A:	2	31	0	0	0	37	29	20	0	336
jgi|Lacbi1|191902|estExt_GeneWisePlus_worm.C_500024_1-259_1BQB:A:	2	15	4	8	0	30	19	17	0	301
jgi|Lacbi1|240003|e_gwh1.50.24.1_1-252_1BQB:A:	2	15	4	8	0	30	19	17	0	301
jgi|Lacbi1|239946|e_gwh1.50.23.1_2-236_1BQB:A:	2	15	4	8	0	30	19	17	0	301
jgi|Lacbi1|312225|eu2.Lbscf0050g00930_70-605_2B7M:A:73-623	0	0	4	22	0	33	25	28	0	551
jgi|Lacbi1|312228|eu2.Lbscf0050g00960_111-387_2B7M:A:73-623	0	0	4	22	0	33	25	28	0	551
jgi|Lacbi1|163968|gwh1.50.36.1_5-76_2OCC:E:	1	0	0	6	0	9	2	7	0	105
jgi|Lacbi1|312238|eu2.Lbscf0050g01060_92-142_2FV6:A:503-544	0	0	0	2	0	8	7	1	0	42
jgi|Lacbi1|254737|e_gww1.50.11.1_186-284,322-466_1TVZ:A:168-388	0	10	4	6	0	22	9	13	0	221
jgi|Lacbi1|254737|e_gww1.50.11.1_15-183_1TVZ:A:2-167	0	7	2	6	0	20	9	10	0	166
jgi|Lacbi1|312243|eu2.Lbscf0050g01110_40-501_3CZH:A:40-502	7	8	4	16	0	42	19	26	0	462
jgi|Lacbi1|186244|estExt_GeneWisePlus_human.C_500067_9-99_2JOY:A:1-96	0	5	0	2	0	15	8	4	0	96
jgi|Lacbi1|312250|eu2.Lbscf0050g01180_29-169,221-348_1HOW:A:	5	10	4	11	0	39	18	24	0	362
jgi|Lacbi1|191903|estExt_GeneWisePlus_worm.C_500025_29-342_1LLP:A:	8	6	6	13	0	38	28	22	0	343
jgi|Lacbi1|254717|e_gww1.50.20.1_35-306_1A06:A:	4	8	4	10	0	29	20	14	0	307
jgi|Lacbi1|239957|e_gwh1.50.10.1_190-288,326-470_1TVZ:A:168-388	0	10	4	6	0	22	9	13	0	221
jgi|Lacbi1|239957|e_gwh1.50.10.1_19-187_1TVZ:A:2-167	0	7	2	6	0	20	9	10	0	166
jgi|Lacbi1|312265|eu2.Lbscf0050g01330_60-93_1RXW:A:220-324	2	0	1	6	0	8	2	4	0	105
jgi|Lacbi1|312266|eu2.Lbscf0050g01340_71-172_1G3N:C:16-147	0	0	2	7	0	10	3	5	0	132
jgi|Lacbi1|312269|eu2.Lbscf0050g01370_58-86,355-543_1SHZ:A:46-75,A:201-371	2	6	2	6	0	24	15	13	1	201
jgi|Lacbi1|312269|eu2.Lbscf0050g01370_89-132,278-355_2BCJ:Q:67-183	0	0	0	8	0	7	6	10	0	117
jgi|Lacbi1|312273|eu2.Lbscf0050g01410_10-121_1SQJ:A:4-430	5	31	4	2	0	58	43	30	0	427
jgi|Lacbi1|312282|eu2.Lbscf0051g00010_128-308_1MUG:A:	1	5	2	5	0	16	14	8	0	165
jgi|Lacbi1|240054|e_gwh1.51.1.1_1020-1193_2Q0Z:X:33-208	1	0	2	9	0	14	8	11	0	176
jgi|Lacbi1|240054|e_gwh1.51.1.1_1854-2027_2Q0Z:X:33-208	1	0	2	9	0	14	8	11	0	176
jgi|Lacbi1|240054|e_gwh1.51.1.1_687-899_2P6R:A:203-403	2	10	1	7	0	20	15	11	0	201
jgi|Lacbi1|240054|e_gwh1.51.1.1_437-677_2P6R:A:1-202	1	7	2	7	0	20	9	10	0	202
jgi|Lacbi1|240054|e_gwh1.51.1.1_1222-1517_2P6R:A:1-202	1	7	2	7	0	20	9	10	0	202
jgi|Lacbi1|240054|e_gwh1.51.1.1_1526-1735_2P6R:A:203-403	2	10	1	7	0	20	15	11	0	201
jgi|Lacbi1|240054|e_gwh1.51.1.1_2039-2136_2Q0Z:X:209-322	2	7	1	0	0	12	8	4	0	114
jgi|Lacbi1|240054|e_gwh1.51.1.1_899-1004_2A07:F:503-584	3	2	0	4	0	11	4	2	0	82
jgi|Lacbi1|240054|e_gwh1.51.1.1_1735-1835_1OYI:A:	0	3	0	3	0	5	6	2	0	62
jgi|Lacbi1|312288|eu2.Lbscf0051g00070_432-654_1MVH:A:	5	15	3	2	0	50	27	17	0	269
jgi|Lacbi1|312295|eu2.Lbscf0051g00140_83-137_1WEE:A:	0	3	0	1	0	15	10	3	0	71
jgi|Lacbi1|254745|e_gww1.51.22.1_28-112_1EQZ:B:	0	2	0	4	0	10	4	3	0	108
jgi|Lacbi1|333445|fgenesh3_pg.C_scaffold_51000021_71-266_1A0P:A:111-292	4	3	3	8	0	17	7	7	0	182
jgi|Lacbi1|240096|e_gwh1.51.24.1_6-96_2JOY:A:1-96	0	5	0	2	0	15	8	4	0	96
jgi|Lacbi1|333469|fgenesh3_pg.C_scaffold_51000045_215-257_1QHK:A:	0	3	0	2	0	7	4	0	0	47
jgi|Lacbi1|240091|e_gwh1.51.100.1_6-96_2JOY:A:1-96	0	5	0	2	0	15	8	4	0	96
jgi|Lacbi1|333494|fgenesh3_pg.C_scaffold_52000004_2-208_1A77:A:2-208	4	7	3	6	0	25	18	11	0	207
jgi|Lacbi1|333494|fgenesh3_pg.C_scaffold_52000004_193-222,258-324_1RXW:A:220-324	2	0	1	6	0	8	2	4	0	105
jgi|Lacbi1|312412|eu2.Lbscf0052g00110_197-257_1R05:A:	0	0	1	2	0	5	6	2	0	86
jgi|Lacbi1|333496|fgenesh3_pg.C_scaffold_52000006_660-772_1SGP:E:	2	17	0	2	0	22	9	13	0	185
jgi|Lacbi1|312416|eu2.Lbscf0052g00150_27-177_1E6F:A:	7	10	2	0	0	16	8	7	0	134
jgi|Lacbi1|186248|estExt_GeneWisePlus_human.C_520012_89-454_2FUG:4:35-409	3	7	3	13	0	39	26	18	0	375
jgi|Lacbi1|333500|fgenesh3_pg.C_scaffold_52000010_6-245_2FYW:A:1-265	2	12	4	9	0	26	20	12	0	265
jgi|Lacbi1|312422|eu2.Lbscf0052g00210_9-280_2DUB:A:	2	10	4	11	0	25	14	14	0	259
jgi|Lacbi1|240178|e_gwh1.52.47.1_2-92_1FOV:A:	0	4	0	4	0	10	6	4	0	82
jgi|Lacbi1|191920|estExt_GeneWisePlus_worm.C_520045_23-196_1D6J:A:	0	5	1	6	0	19	12	6	0	203
jgi|Lacbi1|312431|eu2.Lbscf0052g00300_55-107_1NEX:B:270-369	0	0	0	7	0	9	5	6	0	100
jgi|Lacbi1|312432|eu2.Lbscf0052g00310_207-363_1GOT:B:	1	28	0	2	0	36	22	23	0	339
jgi|Lacbi1|312433|eu2.Lbscf0052g00320_231-361,418-439_1Y97:A:1-228	2	6	2	9	0	21	12	7	0	228
jgi|Lacbi1|312439|eu2.Lbscf0052g00380_78-133_1NEX:B:270-369	0	0	0	7	0	9	5	6	0	100
jgi|Lacbi1|312444|eu2.Lbscf0052g00430_39-241_1IA9:A:	5	14	4	6	0	31	17	13	0	278
jgi|Lacbi1|312453|eu2.Lbscf0052g00520_43-215_1TKI:A:	2	12	5	11	0	30	17	15	0	321
jgi|Lacbi1|312460|eu2.Lbscf0052g00590_14-169_1T4H:A:	3	9	7	7	0	27	19	13	0	270
jgi|Lacbi1|254927|e_gww1.52.38.1_1-143_1GW5:A:	0	2	4	33	0	46	32	22	0	620
jgi|Lacbi1|312467|eu2.Lbscf0052g00660_71-156_1I11:A:	0	0	1	3	0	8	6	3	0	70
jgi|Lacbi1|254899|e_gww1.52.23.1_39-74_1JM7:A:	2	0	1	3	0	11	9	5	0	103
jgi|Lacbi1|333548|fgenesh3_pg.C_scaffold_52000058_6-181_1Z2C:A:1-179	0	6	3	6	0	15	9	13	0	179
jgi|Lacbi1|312485|eu2.Lbscf0052g00840_31-74_1D66:A:8-48	0	0	0	2	0	4	1	2	0	41
jgi|Lacbi1|312494|eu2.Lbscf0052g00930_7-146_1IA9:A:	5	14	4	6	0	31	17	13	0	278
jgi|Lacbi1|333558|fgenesh3_pg.C_scaffold_52000068_71-121_1VYH:C:92-408	0	28	1	0	0	39	25	14	0	317
jgi|Lacbi1|333560|fgenesh3_pg.C_scaffold_52000070_71-121_1VYH:C:92-408	0	28	1	0	0	39	25	14	0	317
jgi|Lacbi1|312561|eu2.Lbscf0053g00210_54-174_1R1D:A:	0	7	4	8	0	23	15	16	0	242
jgi|Lacbi1|191924|estExt_GeneWisePlus_worm.C_530015_35-267,298-533_1PV7:A:	0	0	2	22	0	18	12	14	0	417
jgi|Lacbi1|153702|gww1.53.47.1_4-196_1UFK:A:	0	14	4	9	0	22	7	12	0	254
jgi|Lacbi1|312570|eu2.Lbscf0053g00300_1-90_1914:A:2001-2097	1	4	0	2	0	7	5	2	0	97
jgi|Lacbi1|143192|gww1.53.10.1_173-408_1VA0:A:2-226	5	10	4	6	0	21	17	14	0	225
jgi|Lacbi1|143192|gww1.53.10.1_31-159_1KYQ:A:151-273	2	2	2	5	0	7	5	2	0	123
jgi|Lacbi1|312573|eu2.Lbscf0053g00330_3-117_1W1O:A:40-245	2	10	2	6	0	23	19	14	0	206
jgi|Lacbi1|312576|eu2.Lbscf0053g00360_38-223_1W1O:A:40-245	2	10	2	6	0	23	19	14	0	206
jgi|Lacbi1|333595|fgenesh3_pg.C_scaffold_53000026_5-331_1KEP:A:	5	13	5	13	0	38	16	20	0	346
jgi|Lacbi1|333596|fgenesh3_pg.C_scaffold_53000027_83-254_1W1O:A:40-245	2	10	2	6	0	23	19	14	0	206
jgi|Lacbi1|333604|fgenesh3_pg.C_scaffold_53000035_282-458_1MOZ:A:	2	7	3	5	0	14	8	16	0	182
jgi|Lacbi1|333606|fgenesh3_pg.C_scaffold_53000037_94-122,358-497_1ZCA:A:54-82,A:205-371	2	6	2	6	0	21	12	13	1	196
jgi|Lacbi1|333606|fgenesh3_pg.C_scaffold_53000037_124-168,289-358_1ZCB:A:76-201	0	0	2	9	0	8	5	9	0	126
jgi|Lacbi1|333609|fgenesh3_pg.C_scaffold_53000040_141-319_1YRG:A:	3	14	2	12	0	46	15	21	0	343
jgi|Lacbi1|312621|eu2.Lbscf0053g00810_21-183_1EFC:A:8-204	0	8	1	7	0	20	12	8	0	197
jgi|Lacbi1|312662|eu2.Lbscf0053g01220_24-64_1WF3:A:3-180	1	6	2	5	0	17	15	11	0	178
jgi|Lacbi1|255013|e_gww1.54.59.1_82-175,328-424,850-1055_1SU4:A:1-124,A:240-343,A:751-994	1	1	8	18	0	32	20	22	2	472
jgi|Lacbi1|255013|e_gww1.54.59.1_419-442,615-725,761-846_1SU4:A:344-360,A:600-750	3	8	1	8	0	16	12	11	1	168
jgi|Lacbi1|255013|e_gww1.54.59.1_436-677_1U7Q:A:	0	6	0	5	0	9	3	9	0	136
jgi|Lacbi1|255013|e_gww1.54.59.1_196-259,287-322_1SU4:A:125-239	2	9	3	0	0	21	10	7	0	115
jgi|Lacbi1|180667|estExt_Genewise1_worm.C_540077_5-138_1GGW:A:	0	2	0	8	0	15	11	8	0	140
jgi|Lacbi1|312756|eu2.Lbscf0054g00810_397-472_1S3S:G:	2	5	1	3	0	15	10	7	0	118
jgi|Lacbi1|312756|eu2.Lbscf0054g00810_199-288_1UC7:A:	2	5	1	5	0	17	7	6	0	124
jgi|Lacbi1|255050|e_gww1.54.12.1_6-70,114-360_2HMF:A:2-303	2	12	2	10	0	29	13	19	0	302
jgi|Lacbi1|255050|e_gww1.54.12.1_450-519_2HMF:A:404-470	0	3	1	2	0	5	2	4	0	67
jgi|Lacbi1|255050|e_gww1.54.12.1_373-443_2CDQ:A:329-419	0	4	2	2	0	6	2	6	0	91
jgi|Lacbi1|312758|eu2.Lbscf0054g00830_9-460_1RH5:A:	4	2	2	14	0	28	20	20	0	422
jgi|Lacbi1|145454|gww1.54.35.1_4-280_2JAV:A:3-271	1	8	3	9	0	24	12	13	0	269
jgi|Lacbi1|312761|eu2.Lbscf0054g00860_556-615,652-866_1KLX:A:	0	0	0	8	0	11	4	8	0	133
jgi|Lacbi1|312761|eu2.Lbscf0054g00860_360-615_1W3B:A:	0	0	0	23	0	35	6	26	0	388
jgi|Lacbi1|255012|e_gww1.54.22.1_10-328_2B3T:B:7-354	1	11	3	7	0	25	15	13	0	344
jgi|Lacbi1|312763|eu2.Lbscf0054g00880_419-480_1JM7:A:	2	0	1	3	0	11	9	5	0	103
jgi|Lacbi1|295662|estExt_fgenesh2_pg.C_540066_183-456_1KPG:A:	0	7	2	12	0	28	16	18	0	285
jgi|Lacbi1|333702|fgenesh3_pg.C_scaffold_54000069_256-339_1UD7:A:	2	5	2	1	0	12	3	6	0	76
jgi|Lacbi1|312776|eu2.Lbscf0054g01010_27-240,275-499_1T5H:X:	5	27	4	15	0	56	23	34	0	503
jgi|Lacbi1|312776|eu2.Lbscf0054g01010_714-750,788-1015_1GY8:A:	4	14	2	11	0	41	23	17	0	383
jgi|Lacbi1|255034|e_gww1.54.78.1_19-84_3B5N:A:28-86	0	0	0	1	0	1	0	0	0	60
jgi|Lacbi1|255042|e_gww1.54.37.1_38-290_1A06:A:	4	8	4	10	0	29	20	14	0	307
jgi|Lacbi1|312779|eu2.Lbscf0054g01040_18-564_1LCI:A:	7	27	4	15	0	64	28	38	0	541
jgi|Lacbi1|312779|eu2.Lbscf0054g01040_704-987_1Y1P:A:2-343	0	12	1	11	0	37	20	20	0	342
jgi|Lacbi1|312780|eu2.Lbscf0054g01050_547-579,647-699,729-1192_1WNS:A:348-758	8	7	1	12	0	41	19	21	0	411
jgi|Lacbi1|312780|eu2.Lbscf0054g01050_99-200,252-528_1D5A:A:1-347	0	17	1	9	0	27	25	19	0	347
jgi|Lacbi1|312782|eu2.Lbscf0054g01070_77-242,352-460_2VOU:A:2-163,A:292-394	2	13	4	6	0	31	15	12	1	265
jgi|Lacbi1|295667|estExt_fgenesh2_pg.C_540077_327-513_1SXJ:B:7-230	3	5	4	13	0	18	14	12	0	224
jgi|Lacbi1|255052|e_gww1.54.40.1_1-152_2GE3:A:6-169	0	7	2	4	0	13	5	8	0	164
jgi|Lacbi1|312711|eu2.Lbscf0054g00360_292-338_2CSH:A:8-60	0	4	0	2	0	6	6	3	0	53
jgi|Lacbi1|295643|estExt_fgenesh2_pg.C_540019_394-445_2CSH:A:8-60	0	4	0	2	0	6	6	3	0	53
jgi|Lacbi1|175190|estExt_Genewise1_human.C_540027_133-327_1BQC:A:	3	10	5	11	0	37	15	25	0	302
jgi|Lacbi1|254988|e_gww1.54.11.1_260-461_1K6M:A:252-470	4	6	3	8	0	28	10	11	0	219
jgi|Lacbi1|254988|e_gww1.54.11.1_40-258_1K6M:A:39-251	0	6	1	7	0	18	12	12	0	213
jgi|Lacbi1|312722|eu2.Lbscf0054g00470_3-51_1PBU:A:	0	6	8	4	0	22	16	7	0	162
jgi|Lacbi1|255022|e_gww1.54.18.1_24-312_1CSN:A:	3	10	2	9	0	31	12	17	0	293
jgi|Lacbi1|153002|gww1.54.73.1_2-223_2DDR:A:7-305	4	15	0	5	0	36	21	17	0	299
jgi|Lacbi1|295651|estExt_fgenesh2_pg.C_540030_18-127_2DJJ:A:6-121	0	4	0	2	0	14	14	8	0	116
jgi|Lacbi1|295651|estExt_fgenesh2_pg.C_540030_138-249_1MEK:A:	1	6	0	4	0	13	10	8	0	120
jgi|Lacbi1|295651|estExt_fgenesh2_pg.C_540030_262-359_1G7D:A:	0	0	0	5	0	7	5	6	0	106
jgi|Lacbi1|312730|eu2.Lbscf0054g00550_227-458_1XCG:A:714-941	0	1	2	11	0	8	9	10	0	228
jgi|Lacbi1|312730|eu2.Lbscf0054g00550_468-609_1XCG:A:942-1081	0	8	3	2	0	16	11	2	0	140
jgi|Lacbi1|312734|eu2.Lbscf0054g00590_37-292_1X2G:A:1-246	3	11	2	8	0	28	9	16	0	246
jgi|Lacbi1|312734|eu2.Lbscf0054g00590_293-327_1X2G:A:247-337	1	3	2	3	0	6	3	4	0	91
jgi|Lacbi1|312740|eu2.Lbscf0054g00650_10-66_1SU4:A:1-124,A:240-343,A:751-994	1	1	8	18	0	32	20	22	2	472
jgi|Lacbi1|312806|eu2.Lbscf0055g00010_19-73_1VA0:A:2-226	5	10	4	6	0	21	17	14	0	225
jgi|Lacbi1|333721|fgenesh3_pg.C_scaffold_55000004_3-113_1HCR:A:	1	0	0	3	0	7	4	3	0	52
jgi|Lacbi1|312828|eu2.Lbscf0055g00230_3-348_2BW3:A:163-609	0	5	7	21	0	33	14	25	0	447
jgi|Lacbi1|240361|e_gwh1.55.49.1_1-153_1J7L:A:	1	10	2	9	0	29	20	16	0	263
jgi|Lacbi1|312850|eu2.Lbscf0055g00450_12-309_1PS1:A:	0	0	2	17	0	17	10	19	0	311
jgi|Lacbi1|312861|eu2.Lbscf0055g00560_105-231_1FQV:A:146-431	8	13	3	8	0	55	21	24	0	286
jgi|Lacbi1|255095|e_gww1.55.36.1_4-261_1LLQ:A:2-295	3	5	4	14	0	31	21	15	0	294
jgi|Lacbi1|255095|e_gww1.55.36.1_262-578_1LLQ:A:296-600	5	9	6	11	0	37	20	13	0	305
jgi|Lacbi1|255070|e_gww1.55.37.1_14-274_1LLQ:A:2-295	3	5	4	14	0	31	21	15	0	294
jgi|Lacbi1|255070|e_gww1.55.37.1_275-483_1GQ2:A:280-580	3	9	5	11	0	37	20	16	0	298
jgi|Lacbi1|312882|eu2.Lbscf0055g00770_370-561_1FQV:A:146-431	8	13	3	8	0	55	21	24	0	286
jgi|Lacbi1|312886|eu2.Lbscf0055g00810_125-460_1BS2:A:136-483	7	9	3	12	0	34	19	16	0	348
jgi|Lacbi1|312886|eu2.Lbscf0055g00810_460-587_1BS2:A:484-607	0	0	1	6	0	8	5	7	0	124
jgi|Lacbi1|333777|fgenesh3_pg.C_scaffold_55000060_114-161_1X6H:A:8-43	0	2	0	1	0	5	3	2	0	36
jgi|Lacbi1|186329|estExt_GeneWisePlus_human.C_550047_33-262_1UF3:A:	7	14	3	6	0	25	16	13	0	228
jgi|Lacbi1|312895|eu2.Lbscf0055g00900_442-556_1K3I:A:538-639	3	10	0	0	0	15	10	5	0	102
jgi|Lacbi1|312895|eu2.Lbscf0055g00900_94-443_1K3I:A:151-537	9	30	6	0	0	59	29	25	0	387
jgi|Lacbi1|295682|estExt_fgenesh2_pg.C_550062_88-196_1AP6:A:84-198	1	3	2	6	0	9	4	6	0	115
jgi|Lacbi1|295682|estExt_fgenesh2_pg.C_550062_1-81_1KKC:A:14-97	1	0	0	3	0	5	2	4	0	84
jgi|Lacbi1|191988|estExt_GeneWisePlus_worm.C_550033_2-134_1KX5:A:	0	2	0	4	0	17	13	6	0	135
jgi|Lacbi1|295685|estExt_fgenesh2_pg.C_550067_16-82_2PLT:A:	0	9	2	1	0	18	7	5	0	98
jgi|Lacbi1|312916|eu2.Lbscf0055g01110_68-498_2CB5:A:	11	14	5	16	0	52	28	23	0	453
jgi|Lacbi1|312917|eu2.Lbscf0055g01120_6-397_1PV7:A:	0	0	2	22	0	18	12	14	0	417
jgi|Lacbi1|152412|gww1.55.44.1_94-178_1S7B:A:	0	0	0	4	0	10	7	3	0	109
jgi|Lacbi1|312923|eu2.Lbscf0055g01180_30-124_1WOT:A:	0	4	0	4	0	13	6	4	0	98
jgi|Lacbi1|295693|estExt_fgenesh2_pg.C_550087_138-244_1R29:A:	0	3	0	6	0	11	5	9	0	122
jgi|Lacbi1|312928|eu2.Lbscf0055g01230_316-487_2BZ1:A:1-174	0	7	0	7	0	17	9	10	0	174
jgi|Lacbi1|333815|fgenesh3_pg.C_scaffold_56000002_274-312_2DJ8:A:8-54	0	2	0	2	0	6	6	3	0	47
jgi|Lacbi1|312942|eu2.Lbscf0056g00040_330-384_1WD2:A:	0	0	2	0	0	10	10	2	0	59
jgi|Lacbi1|312942|eu2.Lbscf0056g00040_175-225_1JM7:A:	2	0	1	3	0	11	9	5	0	103
jgi|Lacbi1|312944|eu2.Lbscf0056g00060_325-380_1WD2:A:	0	0	2	0	0	10	10	2	0	59
jgi|Lacbi1|312944|eu2.Lbscf0056g00060_185-258_1JM7:A:	2	0	1	3	0	11	9	5	0	103
jgi|Lacbi1|240429|e_gwh1.56.45.1_156-206_1WD2:A:	0	0	2	0	0	10	10	2	0	59
jgi|Lacbi1|240429|e_gwh1.56.45.1_17-95_1JM7:A:	2	0	1	3	0	11	9	5	0	103
jgi|Lacbi1|240391|e_gwh1.56.30.1_288-342_1WD2:A:	0	0	2	0	0	10	10	2	0	59
jgi|Lacbi1|240391|e_gwh1.56.30.1_148-216_1JM7:A:	2	0	1	3	0	11	9	5	0	103
jgi|Lacbi1|255111|e_gww1.56.40.1_147-193_1WD2:A:	0	0	2	0	0	10	10	2	0	59
jgi|Lacbi1|255111|e_gww1.56.40.1_10-66_1CHC:A:	0	3	0	1	0	9	8	3	0	68
jgi|Lacbi1|312956|eu2.Lbscf0056g00180_73-105_1HDJ:A:	0	0	1	4	0	9	2	7	0	76
jgi|Lacbi1|255147|e_gww1.56.45.1_185-235_1WD2:A:	0	0	2	0	0	10	10	2	0	59
jgi|Lacbi1|255147|e_gww1.56.45.1_46-121_1JM7:A:	2	0	1	3	0	11	9	5	0	103
jgi|Lacbi1|333839|fgenesh3_pg.C_scaffold_56000026_3-95_1V6W:A:304-436	5	12	5	0	0	24	7	8	0	133
jgi|Lacbi1|313006|eu2.Lbscf0056g00680_111-141_1O1W:A:	0	7	1	3	0	19	15	6	0	137
jgi|Lacbi1|295701|estExt_fgenesh2_pg.C_560061_3-78_1NEX:B:270-369	0	0	0	7	0	9	5	6	0	100
jgi|Lacbi1|313023|eu2.Lbscf0056g00850_5-83_1NEX:B:270-369	0	0	0	7	0	9	5	6	0	100
jgi|Lacbi1|180699|estExt_Genewise1_worm.C_560028_20-309_1AK0:A:	3	2	4	13	0	17	12	19	0	264
jgi|Lacbi1|295705|estExt_fgenesh2_pg.C_560068_275-519_1D6J:A:	0	5	1	6	0	19	12	6	0	203
jgi|Lacbi1|295705|estExt_fgenesh2_pg.C_560068_928-1172_1OUV:A:	0	0	0	15	0	18	7	15	0	272
jgi|Lacbi1|295705|estExt_fgenesh2_pg.C_560068_817-967_1W3B:A:	0	0	0	23	0	35	6	26	0	388
jgi|Lacbi1|295705|estExt_fgenesh2_pg.C_560068_725-857_1ELW:A:	0	0	0	7	0	11	0	7	0	117
jgi|Lacbi1|295707|estExt_fgenesh2_pg.C_570007_92-305_1K32:A:39-319	1	27	1	0	0	31	19	21	0	281
jgi|Lacbi1|295708|estExt_fgenesh2_pg.C_570010_83-311_1XFD:A:127-591	9	30	2	3	0	57	36	22	0	465
jgi|Lacbi1|313063|eu2.Lbscf0057g00110_86-338_2HYE:C:55-401	0	0	1	19	0	15	13	23	0	347
jgi|Lacbi1|333904|fgenesh3_pg.C_scaffold_57000013_1-111_1YKH:B:2-130	0	0	0	3	0	4	2	2	0	129
jgi|Lacbi1|313079|eu2.Lbscf0057g00270_213-304_1JMX:B:	5	29	1	0	0	39	21	18	0	346
jgi|Lacbi1|333910|fgenesh3_pg.C_scaffold_57000019_262-462_2P4O:A:4-305	6	24	2	0	0	42	19	24	0	302
jgi|Lacbi1|313081|eu2.Lbscf0057g00290_38-62,179-347_2BCJ:Q:38-66,Q:184-354	2	6	3	6	0	24	17	10	1	200
jgi|Lacbi1|313081|eu2.Lbscf0057g00290_66-185_2BCJ:Q:67-183	0	0	0	8	0	7	6	10	0	117
jgi|Lacbi1|313083|eu2.Lbscf0057g00310_22-136_1BAK:A:	0	7	0	1	0	18	12	3	0	118
jgi|Lacbi1|313083|eu2.Lbscf0057g00310_216-335_1U29:A:260-378	0	9	0	1	0	16	9	5	0	119
jgi|Lacbi1|313084|eu2.Lbscf0057g00320_23-396_2GUY:A:1-381	12	13	11	13	0	43	24	24	0	381
jgi|Lacbi1|313084|eu2.Lbscf0057g00320_412-496_2AAA:A:382-476	0	8	0	1	0	12	5	9	0	95
jgi|Lacbi1|255191|e_gww1.57.44.1_1-104_1Z5Z:A:663-906	0	6	1	10	0	26	11	15	0	244
jgi|Lacbi1|240505|e_gwh1.57.8.1_11-298_1J09:A:1-305	10	9	5	10	0	36	14	16	0	305
jgi|Lacbi1|313091|eu2.Lbscf0057g00390_841-930_2DOA:A:8-98	0	3	1	4	0	10	9	2	0	93
jgi|Lacbi1|313091|eu2.Lbscf0057g00390_263-312_1MBX:C:	0	3	0	3	0	6	2	1	0	87
jgi|Lacbi1|313092|eu2.Lbscf0057g00400_31-49,106-241_2J3W:B:21-188	0	5	1	6	0	11	10	7	0	168
jgi|Lacbi1|255188|e_gww1.57.2.1_3-491_1FO3:A:	8	18	3	16	0	47	22	26	0	457
jgi|Lacbi1|192028|estExt_GeneWisePlus_worm.C_570057_3-148_1Z5Z:A:663-906	0	6	1	10	0	26	11	15	0	244
jgi|Lacbi1|333922|fgenesh3_pg.C_scaffold_57000031_79-252_1Z63:A:432-661	0	7	2	11	0	24	16	18	0	230
jgi|Lacbi1|313099|eu2.Lbscf0057g00470_9-51_1ZME:C:31-66	0	0	0	2	0	4	1	2	0	36
jgi|Lacbi1|295718|estExt_fgenesh2_pg.C_570033_336-382_2D8Q:A:8-64	4	0	0	2	0	9	3	2	0	57
jgi|Lacbi1|313105|eu2.Lbscf0057g00530_177-399_2BNH:A:	5	17	2	16	0	59	26	25	0	456
jgi|Lacbi1|313105|eu2.Lbscf0057g00530_64-119_1FS1:A:109-149	0	0	2	3	0	6	2	3	0	41
jgi|Lacbi1|313108|eu2.Lbscf0057g00560_3-168_1FQV:A:146-431	8	13	3	8	0	55	21	24	0	286
jgi|Lacbi1|186343|estExt_GeneWisePlus_human.C_570015_17-342_1KRM:A:	2	7	5	15	0	35	23	20	0	349
jgi|Lacbi1|313118|eu2.Lbscf0057g00660_1-95_1LDJ:B:	0	6	0	2	0	13	8	4	0	88
jgi|Lacbi1|333943|fgenesh3_pg.C_scaffold_57000052_639-785_1IA9:A:	5	14	4	6	0	31	17	13	0	278
jgi|Lacbi1|192016|estExt_GeneWisePlus_worm.C_570031_16-145,449-535_1SU4:A:1-124,A:240-343,A:751-994	1	1	8	18	0	32	20	22	2	472
jgi|Lacbi1|313150|eu2.Lbscf0057g00980_12-112_1E6I:A:	0	0	2	5	0	8	8	7	0	111
jgi|Lacbi1|313150|eu2.Lbscf0057g00980_310-368_1N72:A:	0	0	1	5	0	9	10	6	0	117
jgi|Lacbi1|313151|eu2.Lbscf0057g00990_231-281_2CSH:A:8-60	0	4	0	2	0	6	6	3	0	53
jgi|Lacbi1|192031|estExt_GeneWisePlus_worm.C_570061_20-223_1ESM:A:	2	11	7	10	0	27	16	22	0	311
jgi|Lacbi1|313158|eu2.Lbscf0057g01060_3-107_1YAT:A:	2	7	3	1	0	16	4	8	0	113
jgi|Lacbi1|333967|fgenesh3_pg.C_scaffold_57000076_270-453_1DKG:D:186-383	1	6	1	6	0	13	10	7	0	198
jgi|Lacbi1|333967|fgenesh3_pg.C_scaffold_57000076_81-252_1DKG:D:3-185	4	12	2	5	0	21	12	11	0	183
jgi|Lacbi1|192765|estExt_fgenesh1_kg.C_570002_4-173_2PA2:A:40-176	2	6	2	2	0	12	5	3	0	137
jgi|Lacbi1|313162|eu2.Lbscf0057g01100_6-1192_1U6G:C:	0	2	14	60	0	74	56	65	0	1207
jgi|Lacbi1|153039|gww1.57.59.1_15-283_1IA8:A:	5	12	5	7	0	36	16	18	0	275
jgi|Lacbi1|313174|eu2.Lbscf0057g01220_129-431_1OZ4:A:471-763	2	0	3	7	0	31	24	19	0	292
jgi|Lacbi1|313174|eu2.Lbscf0057g01220_2-84_2CPT:A:8-111	0	0	0	3	0	7	6	2	0	104
jgi|Lacbi1|313180|eu2.Lbscf0057g01280_28-233,264-487_1PW4:A:	2	0	1	18	0	21	18	22	0	450
jgi|Lacbi1|313184|eu2.Lbscf0057g01320_272-464_1L0Q:A:1-301	0	29	1	0	0	20	16	19	0	301
jgi|Lacbi1|313185|eu2.Lbscf0057g01330_9-161_1RFL:A:	0	4	1	5	0	22	18	7	0	171
jgi|Lacbi1|313187|eu2.Lbscf0057g01350_34-126_1L0L:H:	0	0	1	4	0	4	5	2	0	78
jgi|Lacbi1|295750|estExt_fgenesh2_pg.C_570099_2-51_2OVR:B:2263-2364	0	0	0	6	0	9	7	5	0	102
jgi|Lacbi1|334011|fgenesh3_pg.C_scaffold_58000007_203-277_1RTQ:A:	0	9	4	8	0	27	18	18	0	291
jgi|Lacbi1|313216|eu2.Lbscf0058g00080_28-236_1K2W:A:	2	7	4	9	0	21	11	17	0	256
jgi|Lacbi1|313221|eu2.Lbscf0058g00130_12-396_1U7G:A:	2	2	6	15	0	21	14	16	0	383
jgi|Lacbi1|313222|eu2.Lbscf0058g00140_1-100_1D7B:A:	5	13	1	1	0	24	10	12	0	185
jgi|Lacbi1|334022|fgenesh3_pg.C_scaffold_58000018_4-75_1GRI:A:157-217	1	5	1	0	0	8	4	2	0	61
jgi|Lacbi1|313226|eu2.Lbscf0058g00180_360-435_1QFJ:A:98-232	0	6	2	5	0	18	9	7	0	135
jgi|Lacbi1|313226|eu2.Lbscf0058g00180_273-366_1KRH:A:106-205	0	6	0	1	0	15	6	7	0	100
jgi|Lacbi1|192047|estExt_GeneWisePlus_worm.C_580014_9-119_2FR1:A:1657-1915	2	9	2	10	0	25	12	17	0	259
jgi|Lacbi1|192054|estExt_GeneWisePlus_worm.C_580029_42-158_1GME:A:	1	8	5	2	0	17	6	7	0	150
jgi|Lacbi1|313239|eu2.Lbscf0058g00310_229-368_1Q27:A:	0	8	0	3	0	22	18	6	0	171
jgi|Lacbi1|295757|estExt_fgenesh2_pg.C_580032_35-160_1QOR:A:2-112,A:292-327	4	9	4	2	0	19	11	6	1	147
jgi|Lacbi1|295757|estExt_fgenesh2_pg.C_580032_136-275_1XA0:A:119-294	0	6	1	6	0	17	10	9	0	176
jgi|Lacbi1|334038|fgenesh3_pg.C_scaffold_58000034_59-187_1CFE:A:	1	6	2	4	0	18	12	7	0	135
jgi|Lacbi1|313247|eu2.Lbscf0058g00390_79-231_1CFE:A:	1	6	2	4	0	18	12	7	0	135
jgi|Lacbi1|255261|e_gww1.58.52.1_359-710_2F2H:A:248-585	10	10	5	9	0	36	16	18	0	338
jgi|Lacbi1|255261|e_gww1.58.52.1_711-802_2F2H:A:586-665	0	8	1	1	0	13	7	5	0	80
jgi|Lacbi1|255261|e_gww1.58.52.1_86-178,241-358_2F2H:A:1-247	2	21	1	1	0	22	20	14	0	247
jgi|Lacbi1|240565|e_gwh1.58.31.1_7-206_1F0Y:A:12-203	0	8	1	7	0	22	12	11	0	192
jgi|Lacbi1|240565|e_gwh1.58.31.1_206-304_1F0Y:A:204-302	3	0	1	5	0	8	3	5	0	99
jgi|Lacbi1|313252|eu2.Lbscf0058g00440_7-168_2B0A:A:1-186	3	10	5	2	0	23	15	9	0	185
jgi|Lacbi1|313253|eu2.Lbscf0058g00450_563-682_1AUZ:A:	4	4	3	3	0	15	8	8	0	116
jgi|Lacbi1|295762|estExt_fgenesh2_pg.C_580041_283-367,421-450_1C4O:A:2-409	2	9	6	11	0	33	21	16	0	408
jgi|Lacbi1|313260|eu2.Lbscf0058g00520_51-143_1WC2:A:1-180	3	7	3	3	0	24	16	15	0	180
jgi|Lacbi1|291381|estExt_fgenesh2_pm.C_580005_114-400_2PWA:A:1-279	4	15	3	6	0	32	20	20	0	279
jgi|Lacbi1|291381|estExt_fgenesh2_pm.C_580005_51-131_1SCJ:B:	0	5	0	2	0	8	4	3	0	71
jgi|Lacbi1|313263|eu2.Lbscf0058g00550_20-175_1UPT:A:	0	6	3	4	0	17	8	14	0	169
jgi|Lacbi1|255256|e_gww1.58.16.1_231-555_1B8A:A:104-438	6	13	4	11	0	30	23	16	0	335
jgi|Lacbi1|255256|e_gww1.58.16.1_118-214_1N9W:A:1-93	1	5	1	0	0	9	6	5	0	93
jgi|Lacbi1|334053|fgenesh3_pg.C_scaffold_58000049_1-275_2DEK:A:1-265	7	12	5	10	0	28	14	14	0	265
jgi|Lacbi1|313267|eu2.Lbscf0058g00590_108-309,347-403_1FQV:A:146-431	8	13	3	8	0	55	21	24	0	286
jgi|Lacbi1|313267|eu2.Lbscf0058g00590_9-63_1P22:A:135-252	0	0	2	7	0	7	4	6	0	114
jgi|Lacbi1|313271|eu2.Lbscf0058g00630_108-454_1KFU:L:2-355	3	13	4	9	0	43	33	22	0	354
jgi|Lacbi1|313271|eu2.Lbscf0058g00630_590-725_1DF0:A:356-514	1	8	0	1	0	19	11	5	0	159
jgi|Lacbi1|313271|eu2.Lbscf0058g00630_734-858_1QXP:A:356-514	5	8	1	1	0	22	11	4	0	159
jgi|Lacbi1|313271|eu2.Lbscf0058g00630_13-92_1YXR:A:1-77	0	0	0	3	0	4	1	1	0	77
jgi|Lacbi1|313271|eu2.Lbscf0058g00630_453-580_1KFU:L:356-514	2	9	1	1	0	24	15	4	0	159
jgi|Lacbi1|313272|eu2.Lbscf0058g00640_49-96,150-229_1N3J:A:	3	9	0	2	0	19	13	1	0	119
jgi|Lacbi1|313277|eu2.Lbscf0058g00690_183-319_1U6M:A:	0	7	5	6	0	12	8	15	0	198
jgi|Lacbi1|313279|eu2.Lbscf0058g00710_6-116_1MLV:A:50-310	4	6	3	8	0	32	19	16	0	261
jgi|Lacbi1|313280|eu2.Lbscf0058g00720_3-91,127-176_1MLV:A:50-310	4	6	3	8	0	32	19	16	0	261
jgi|Lacbi1|255253|e_gww1.58.24.1_10-322_1FOT:A:	5	9	4	10	0	37	20	19	0	316
jgi|Lacbi1|240551|e_gwh1.58.62.1_8-299_1OKC:A:	0	0	6	11	0	19	10	9	0	292
jgi|Lacbi1|313285|eu2.Lbscf0058g00770_4-43,85-223_1JFR:A:	0	9	4	6	0	32	19	18	0	260
jgi|Lacbi1|240538|e_gwh1.58.7.1_1-876_1QBK:B:	0	0	17	47	0	50	54	64	0	888
jgi|Lacbi1|240596|e_gwh1.59.9.1_33-206_1BOF:A:10-60,A:182-354	1	6	6	6	0	19	9	12	1	224
jgi|Lacbi1|255304|e_gww1.59.8.1_22-411_1U7G:A:	2	2	6	15	0	21	14	16	0	383
jgi|Lacbi1|334124|fgenesh3_pg.C_scaffold_59000040_79-296_1LL2:A:	1	11	7	10	0	24	19	16	0	263
jgi|Lacbi1|313368|eu2.Lbscf0059g00530_60-192_1R89:A:1-142	0	5	0	5	0	9	7	7	0	142
jgi|Lacbi1|313369|eu2.Lbscf0059g00540_59-194_1WOT:A:	0	4	0	4	0	13	6	4	0	98
jgi|Lacbi1|186401|estExt_GeneWisePlus_human.C_590029_531-557,597-631_1VC1:A:	2	5	1	3	0	8	6	6	0	110
jgi|Lacbi1|255302|e_gww1.59.6.1_17-477_1PQ2:A:	6	9	3	17	0	42	25	31	0	463
jgi|Lacbi1|313383|eu2.Lbscf0059g00680_64-371_1H80:A:	9	29	2	5	0	61	31	22	0	464
jgi|Lacbi1|313383|eu2.Lbscf0059g00680_432-615,643-751_1RMG:A:	8	23	1	3	0	46	35	15	0	422
jgi|Lacbi1|313388|eu2.Lbscf0059g00730_2-207_1RXW:A:3-219	4	7	3	8	0	21	9	11	0	217
jgi|Lacbi1|313388|eu2.Lbscf0059g00730_192-234,279-347_1A77:A:209-316	0	0	0	6	0	9	3	6	0	108
jgi|Lacbi1|313389|eu2.Lbscf0059g00740_204-237,280-393_1A0P:A:111-292	4	3	3	8	0	17	7	7	0	182
jgi|Lacbi1|313393|eu2.Lbscf0059g00780_63-91,133-220_1XZP:A:212-371	1	6	1	6	0	15	10	10	0	160
jgi|Lacbi1|313400|eu2.Lbscf0059g00850_4-29_1M9O:A:	0	0	2	0	0	8	6	3	0	76
jgi|Lacbi1|334157|fgenesh3_pg.C_scaffold_60000005_193-225_1CLD:A:	0	0	0	2	0	4	2	1	0	33
jgi|Lacbi1|314316|eu2.Lbscf0060g00130_606-654_1ZME:C:31-66	0	0	0	2	0	4	1	2	0	36
jgi|Lacbi1|314324|eu2.Lbscf0060g00210_84-165_1WZN:A:1-251	1	11	4	7	0	20	9	14	0	251
jgi|Lacbi1|334168|fgenesh3_pg.C_scaffold_60000016_508-657_1WZN:A:1-251	1	11	4	7	0	20	9	14	0	251
jgi|Lacbi1|314331|eu2.Lbscf0060g00280_109-146_2GVC:A:181-287	3	8	2	2	0	13	9	7	0	107
jgi|Lacbi1|314331|eu2.Lbscf0060g00280_8-141_2GVC:A:181-287	3	8	2	2	0	13	9	7	0	107
jgi|Lacbi1|334175|fgenesh3_pg.C_scaffold_60000023_43-104,154-256_1CM8:A:	4	12	4	11	0	37	21	16	0	346
jgi|Lacbi1|314345|eu2.Lbscf0060g00420_9-44_1ESK:A:	2	0	0	0	0	11	5	4	0	42
jgi|Lacbi1|334177|fgenesh3_pg.C_scaffold_60000025_105-141,188-288_1OMW:A:186-549	2	10	4	12	0	37	25	17	0	364
jgi|Lacbi1|314347|eu2.Lbscf0060g00440_7-296_1W9Y:A:2-308	1	12	5	7	0	27	12	12	0	307
jgi|Lacbi1|334180|fgenesh3_pg.C_scaffold_60000028_46-260_1J7L:A:	1	10	2	9	0	29	20	16	0	263
jgi|Lacbi1|295788|estExt_fgenesh2_pg.C_600029_126-151,231-336_2OCY:A:16-162	0	0	0	4	0	2	1	5	0	153
jgi|Lacbi1|154465|gww1.60.49.1_2-94_2D30:A:1-124	3	5	1	4	0	17	6	6	0	124
jgi|Lacbi1|192076|estExt_GeneWisePlus_worm.C_600045_33-150_1OCS:A:	0	3	0	4	0	15	8	7	0	132
jgi|Lacbi1|240613|e_gwh1.60.37.1_365-561_1OXS:C:1-242	0	11	6	8	0	23	18	13	0	242
jgi|Lacbi1|240613|e_gwh1.60.37.1_52-136,180-300_1B0U:A:	0	12	1	10	0	24	16	14	0	261
jgi|Lacbi1|314361|eu2.Lbscf0060g00580_75-180_2F0X:A:3-138	3	6	2	2	0	13	5	6	0	136
jgi|Lacbi1|314362|eu2.Lbscf0060g00590_82-208_1AW9:A:83-217	2	0	0	9	0	7	9	9	0	135
jgi|Lacbi1|314362|eu2.Lbscf0060g00590_1-87_1AW9:A:2-82	0	4	1	2	0	10	7	7	0	81
jgi|Lacbi1|334191|fgenesh3_pg.C_scaffold_60000039_1031-1088_1MSZ:A:	0	3	0	2	0	7	3	3	0	62
jgi|Lacbi1|314366|eu2.Lbscf0060g00630_165-423_1A4Y:A:	2	17	3	16	0	56	24	32	0	460
jgi|Lacbi1|334193|fgenesh3_pg.C_scaffold_60000041_48-117_1ITP:A:	0	4	0	2	0	7	7	2	0	76
jgi|Lacbi1|334200|fgenesh3_pg.C_scaffold_60000048_92-116,148-247_2JFL:A:21-308	1	11	6	10	0	27	17	20	0	288
jgi|Lacbi1|320321|fgenesh3_pm.C_scaffold_60000002_82-208_1AW9:A:83-217	2	0	0	9	0	7	9	9	0	135
jgi|Lacbi1|320321|fgenesh3_pm.C_scaffold_60000002_1-87_1AW9:A:2-82	0	4	1	2	0	10	7	7	0	81
jgi|Lacbi1|334204|fgenesh3_pg.C_scaffold_60000052_69-138_1FS1:A:109-149	0	0	2	3	0	6	2	3	0	41
jgi|Lacbi1|314396|eu2.Lbscf0060g00930_28-197_1VA0:A:2-226	5	10	4	6	0	21	17	14	0	225
jgi|Lacbi1|240633|e_gwh1.60.16.1_114-238_1AW9:A:83-217	2	0	0	9	0	7	9	9	0	135
jgi|Lacbi1|240633|e_gwh1.60.16.1_30-119_1AW9:A:2-82	0	4	1	2	0	10	7	7	0	81
jgi|Lacbi1|314401|eu2.Lbscf0060g00980_4-20,66-233_1HOW:A:	5	10	4	11	0	39	18	24	0	362
jgi|Lacbi1|144731|gww1.60.4.1_97-315_1NC5:A:	11	6	5	13	0	40	21	26	0	363
jgi|Lacbi1|240638|e_gwh1.60.7.1_32-58,174-352_1BOF:A:10-60,A:182-354	1	6	6	6	0	19	9	12	1	224
jgi|Lacbi1|240638|e_gwh1.60.7.1_62-181_1CIP:A:61-181	0	0	1	8	0	7	3	10	0	121
jgi|Lacbi1|314407|eu2.Lbscf0060g01040_16-151_1H3Z:A:	0	5	3	3	0	12	5	4	0	108
jgi|Lacbi1|240712|e_gwh1.61.87.1_78-118_1QYP:A:	0	4	0	0	0	8	5	1	0	56
jgi|Lacbi1|175325|estExt_Genewise1_human.C_610076_6-178_2FV8:A:4-184	0	6	2	6	0	16	5	13	0	181
jgi|Lacbi1|314443|eu2.Lbscf0061g00240_28-344_3PSG:A:	4	27	9	6	0	45	17	22	0	370
jgi|Lacbi1|314444|eu2.Lbscf0061g00250_30-220_1YRG:A:	3	14	2	12	0	46	15	21	0	343
jgi|Lacbi1|255397|e_gww1.61.11.1_28-242,283-499_1PV7:A:	0	0	2	22	0	18	12	14	0	417
jgi|Lacbi1|314446|eu2.Lbscf0061g00270_30-491_1TQN:A:	5	9	7	18	0	43	20	30	0	472
jgi|Lacbi1|314448|eu2.Lbscf0061g00290_32-403,435-555_1TQN:A:	5	9	7	18	0	43	20	30	0	472
jgi|Lacbi1|314449|eu2.Lbscf0061g00300_33-522_1TQN:A:	5	9	7	18	0	43	20	30	0	472
jgi|Lacbi1|314452|eu2.Lbscf0061g00330_51-88_2D8Q:A:8-64	4	0	0	2	0	9	3	2	0	57
jgi|Lacbi1|314468|eu2.Lbscf0061g00490_81-133,252-345_1HV8:A:211-365	1	6	1	6	0	17	12	7	0	155
jgi|Lacbi1|314468|eu2.Lbscf0061g00490_36-201_1OYW:A:1-206	0	7	2	10	0	22	14	12	0	206
jgi|Lacbi1|314470|eu2.Lbscf0061g00510_1-36_1YTB:A:61-155	0	6	0	2	0	7	5	4	0	95
jgi|Lacbi1|314471|eu2.Lbscf0061g00520_2-211_1RXW:A:3-219	4	7	3	8	0	21	9	11	0	217
jgi|Lacbi1|314471|eu2.Lbscf0061g00520_196-238,281-363_1A77:A:209-316	0	0	0	6	0	9	3	6	0	108
jgi|Lacbi1|314472|eu2.Lbscf0061g00530_244-441_1A0P:A:111-292	4	3	3	8	0	17	7	7	0	182
jgi|Lacbi1|143646|gww1.61.14.1_13-367_1PW4:A:	2	0	1	18	0	21	18	22	0	450
jgi|Lacbi1|314480|eu2.Lbscf0061g00610_38-263,321-534_1PV7:A:	0	0	2	22	0	18	12	14	0	417
jgi|Lacbi1|334260|fgenesh3_pg.C_scaffold_61000038_72-244_1N3J:A:	3	9	0	2	0	19	13	1	0	119
jgi|Lacbi1|334261|fgenesh3_pg.C_scaffold_61000039_391-567_1N3J:A:	3	9	0	2	0	19	13	1	0	119
jgi|Lacbi1|334261|fgenesh3_pg.C_scaffold_61000039_248-340_1A17:A:	0	0	0	7	0	11	3	7	0	159
jgi|Lacbi1|314483|eu2.Lbscf0061g00640_28-449_1PW4:A:	2	0	1	18	0	21	18	22	0	450
jgi|Lacbi1|314486|eu2.Lbscf0061g00670_41-109_1FS1:A:109-149	0	0	2	3	0	6	2	3	0	41
jgi|Lacbi1|240706|e_gwh1.61.22.1_9-180_1KMQ:A:	0	6	3	6	0	15	10	12	0	177
jgi|Lacbi1|295812|estExt_fgenesh2_pg.C_610043_9-362_1UBY:A:	0	2	2	16	0	20	10	17	0	348
jgi|Lacbi1|314494|eu2.Lbscf0061g00750_7-178_2FV8:A:4-184	0	6	2	6	0	16	5	13	0	181
jgi|Lacbi1|240754|e_gwh1.61.32.1_8-180_2FV8:A:4-184	0	6	2	6	0	16	5	13	0	181
jgi|Lacbi1|255472|e_gww1.61.77.1_8-180_2FV8:A:4-184	0	6	2	6	0	16	5	13	0	181
jgi|Lacbi1|255437|e_gww1.61.62.1_22-238_1FZT:A:	9	5	1	7	0	22	14	12	0	211
jgi|Lacbi1|255465|e_gww1.61.20.1_7-179_2FV8:A:4-184	0	6	2	6	0	16	5	13	0	181
jgi|Lacbi1|192093|estExt_GeneWisePlus_worm.C_610051_7-179_1KMQ:A:	0	6	3	6	0	15	10	12	0	177
jgi|Lacbi1|334282|fgenesh3_pg.C_scaffold_61000060_1-177,313-431_3C96:A:4-182,A:294-402	1	13	1	8	0	26	14	13	1	288
jgi|Lacbi1|255458|e_gww1.61.3.1_397-654_3B60:A:329-581	4	10	2	9	0	24	18	16	0	253
jgi|Lacbi1|255458|e_gww1.61.3.1_1050-1299_1MV5:A:	2	12	1	8	1	29	24	14	0	242
jgi|Lacbi1|255458|e_gww1.61.3.1_55-395_3B60:A:10-328	0	0	1	11	0	6	9	9	0	319
jgi|Lacbi1|255458|e_gww1.61.3.1_721-1038_3B60:A:10-328	0	0	1	11	0	6	9	9	0	319
jgi|Lacbi1|314531|eu2.Lbscf0061g01120_12-262_2GVC:A:3-180,A:288-444	5	14	3	8	0	38	25	20	1	335
jgi|Lacbi1|314531|eu2.Lbscf0061g01120_208-250,317-398_1Q1R:A:2-114,A:248-319	4	13	3	4	0	23	16	10	1	185
jgi|Lacbi1|334294|fgenesh3_pg.C_scaffold_61000072_274-558_2FLU:X:325-609	14	28	0	0	0	37	15	14	0	285
jgi|Lacbi1|314537|eu2.Lbscf0061g01180_3-211_1K3I:A:151-537	9	30	6	0	0	59	29	25	0	387
jgi|Lacbi1|186424|estExt_GeneWisePlus_human.C_610041_225-268_2DAH:A:8-48	0	0	0	3	0	2	2	2	0	41
jgi|Lacbi1|314591|eu2.Lbscf0062g00370_20-209_2BW3:A:163-609	0	5	7	21	0	33	14	25	0	447
jgi|Lacbi1|314599|eu2.Lbscf0062g00450_38-153_2BKR:A:1-212	2	7	4	8	0	14	8	10	0	212
jgi|Lacbi1|334335|fgenesh3_pg.C_scaffold_62000031_402-452_2NCD:A:	2	16	5	10	0	34	17	20	0	368
jgi|Lacbi1|314672|eu2.Lbscf0063g00070_3-52_2OVR:B:2263-2364	0	0	0	6	0	9	7	5	0	102
jgi|Lacbi1|240874|e_gwh1.63.8.1_4-267_1LLQ:A:2-295	3	5	4	14	0	31	21	15	0	294
jgi|Lacbi1|240874|e_gwh1.63.8.1_268-575_1GQ2:A:280-580	3	9	5	11	0	37	20	16	0	298
jgi|Lacbi1|334373|fgenesh3_pg.C_scaffold_63000011_4-67_1DO8:A:21-279	2	5	4	13	0	28	17	14	0	259
jgi|Lacbi1|334396|fgenesh3_pg.C_scaffold_63000034_73-376_2FLU:X:325-609	14	28	0	0	0	37	15	14	0	285
jgi|Lacbi1|314719|eu2.Lbscf0063g00540_793-1003_1F3O:A:	0	10	2	7	0	22	15	14	0	232
jgi|Lacbi1|314719|eu2.Lbscf0063g00540_89-314_1F3O:A:	0	10	2	7	0	22	15	14	0	232
jgi|Lacbi1|314722|eu2.Lbscf0063g00570_36-226_1W1O:A:40-245	2	10	2	6	0	23	19	14	0	206
jgi|Lacbi1|295838|estExt_fgenesh2_pg.C_630042_91-188_1SS6:A:	0	4	1	2	0	12	10	7	0	101
jgi|Lacbi1|295838|estExt_fgenesh2_pg.C_630042_199-279_1S3S:G:	2	5	1	3	0	15	10	7	0	118
jgi|Lacbi1|314728|eu2.Lbscf0063g00630_153-187,214-219,251-347_1ML9:A:	5	15	6	5	0	45	22	13	0	284
jgi|Lacbi1|314729|eu2.Lbscf0063g00640_16-105_1S3S:G:	2	5	1	3	0	15	10	7	0	118
jgi|Lacbi1|314730|eu2.Lbscf0063g00650_21-68_1SS6:A:	0	4	1	2	0	12	10	7	0	101
jgi|Lacbi1|192122|estExt_GeneWisePlus_worm.C_630037_57-107_1NVP:D:54-99	0	3	0	0	0	4	1	1	0	46
jgi|Lacbi1|192122|estExt_GeneWisePlus_worm.C_630037_5-54_1YTF:D:5-54	0	0	1	2	0	2	3	2	0	50
jgi|Lacbi1|334411|fgenesh3_pg.C_scaffold_63000049_3-47_1HLV:A:67-131	0	0	1	3	0	4	0	4	0	63
jgi|Lacbi1|334411|fgenesh3_pg.C_scaffold_63000049_95-173_1LQ8:A:,B:	4	16	4	9	0	32	17	13	1	358
jgi|Lacbi1|314744|eu2.Lbscf0063g00790_5-52_1HOW:A:	5	10	4	11	0	39	18	24	0	362
jgi|Lacbi1|314745|eu2.Lbscf0063g00800_26-135_1HOW:A:	5	10	4	11	0	39	18	24	0	362
jgi|Lacbi1|314747|eu2.Lbscf0063g00820_44-176_1F8F:A:163-336	0	6	3	7	0	16	13	12	0	174
jgi|Lacbi1|314753|eu2.Lbscf0063g00880_58-138_2RSP:A:	1	11	0	1	0	21	11	5	0	124
jgi|Lacbi1|334420|fgenesh3_pg.C_scaffold_63000058_248-277_1U6P:A:	2	0	1	0	0	10	6	3	0	56
jgi|Lacbi1|314764|eu2.Lbscf0063g00990_265-345_2RSP:A:	1	11	0	1	0	21	11	5	0	124
jgi|Lacbi1|334433|fgenesh3_pg.C_scaffold_63000071_16-70_1H3Z:A:	0	5	3	3	0	12	5	4	0	108
jgi|Lacbi1|314783|eu2.Lbscf0064g00030_25-105_1NR0:A:2-312	4	27	1	0	0	38	22	20	0	311
jgi|Lacbi1|314786|eu2.Lbscf0064g00060_47-88_2BIS:A:1-437	4	17	6	16	0	48	27	24	0	437
jgi|Lacbi1|314790|eu2.Lbscf0064g00100_198-259_2CG4:A:4-66	0	1	0	3	0	6	3	4	0	63
jgi|Lacbi1|314795|eu2.Lbscf0064g00150_4-57_2B3Y:A:2-630	5	25	11	23	0	64	33	40	0	629
jgi|Lacbi1|334459|fgenesh3_pg.C_scaffold_64000018_63-348_1FQV:A:146-431	8	13	3	8	0	55	21	24	0	286
jgi|Lacbi1|144193|gww1.64.22.1_313-381_2CG4:A:4-66	0	1	0	3	0	6	3	4	0	63
jgi|Lacbi1|192125|estExt_GeneWisePlus_worm.C_640012_339-415_2CG4:A:4-66	0	1	0	3	0	6	3	4	0	63
jgi|Lacbi1|314821|eu2.Lbscf0064g00410_70-431,556-589_1REO:A:3-319,A:433-486	3	16	7	15	0	35	20	23	1	371
jgi|Lacbi1|314821|eu2.Lbscf0064g00410_413-540_1REO:A:320-432	0	7	2	3	0	14	6	6	0	113
jgi|Lacbi1|314831|eu2.Lbscf0064g00510_105-239_2GM3:A:5-175	2	5	1	5	0	17	9	6	0	171
jgi|Lacbi1|334484|fgenesh3_pg.C_scaffold_64000043_23-60_1ZR7:A:12-39	0	3	0	0	0	2	1	3	0	28
jgi|Lacbi1|295844|estExt_fgenesh2_pg.C_640042_18-176_1A4Y:A:	2	17	3	16	0	56	24	32	0	460
jgi|Lacbi1|314836|eu2.Lbscf0064g00560_179-490_1XKU:A:	5	16	7	1	0	61	27	24	0	305
jgi|Lacbi1|314840|eu2.Lbscf0064g00600_177-351_1EJ0:A:	0	7	0	5	0	17	8	9	0	180
jgi|Lacbi1|314841|eu2.Lbscf0064g00610_112-277_1EJ0:A:	0	7	0	5	0	17	8	9	0	180
jgi|Lacbi1|192128|estExt_GeneWisePlus_worm.C_640015_239-651_2FUG:3:247-685	5	17	5	15	0	55	35	21	0	439
jgi|Lacbi1|192128|estExt_GeneWisePlus_worm.C_640015_99-237_2FUG:3:96-246	4	2	3	4	0	19	8	8	0	151
jgi|Lacbi1|192128|estExt_GeneWisePlus_worm.C_640015_26-97_2FUG:3:1-95	3	5	0	1	0	15	8	6	0	95
jgi|Lacbi1|147162|gww1.64.54.1_3-135_1OI0:A:	0	9	0	2	0	14	8	5	0	121
jgi|Lacbi1|255655|e_gww1.64.52.1_26-263_1P91:A:	4	11	1	8	0	29	16	19	0	268
jgi|Lacbi1|180818|estExt_Genewise1_worm.C_640044_20-94_1X4T:A:7-86	0	0	0	2	0	6	5	3	0	79
jgi|Lacbi1|334497|fgenesh3_pg.C_scaffold_64000056_1301-1544_1FQV:A:146-431	8	13	3	8	0	55	21	24	0	286
jgi|Lacbi1|295851|estExt_fgenesh2_pg.C_640056_107-237,475-533_1D0B:A:	0	10	7	3	0	37	15	16	0	207
jgi|Lacbi1|314858|eu2.Lbscf0064g00780_146-291,341-398_1PGV:A:	2	5	0	7	0	21	9	7	0	167
jgi|Lacbi1|186476|estExt_GeneWisePlus_human.C_640054_8-569,626-761_1D0Y:A:2-33,A:80-759	6	17	8	27	0	69	40	35	1	712
jgi|Lacbi1|186476|estExt_GeneWisePlus_human.C_640054_1257-1323,1387-1703_1QG8:A:	2	9	4	8	0	22	13	12	0	255
jgi|Lacbi1|186476|estExt_GeneWisePlus_human.C_640054_1861-1918_1Q1V:A:	0	0	1	3	0	7	5	1	0	69
jgi|Lacbi1|186476|estExt_GeneWisePlus_human.C_640054_980-1025_1MJ4:A:	2	4	2	3	0	8	4	8	0	80
jgi|Lacbi1|240941|e_gwh1.64.64.1_3-299_2IXN:A:3-299	1	2	1	15	0	25	13	17	0	297
jgi|Lacbi1|334520|fgenesh3_pg.C_scaffold_65000016_289-339,370-619_2BW3:A:163-609	0	5	7	21	0	33	14	25	0	447
jgi|Lacbi1|296112|eu2.Lbscf0101g00120_15-77_1A4Y:A:	2	17	3	16	0	56	24	32	0	460
jgi|Lacbi1|314912|eu2.Lbscf0065g00390_15-77_1A4Y:A:	2	17	3	16	0	56	24	32	0	460
jgi|Lacbi1|314916|eu2.Lbscf0065g00430_42-185_2E9X:D:21-165	0	0	2	6	0	10	5	5	0	145
jgi|Lacbi1|314916|eu2.Lbscf0065g00430_194-244_2E9X:D:166-223	0	5	1	1	0	9	3	3	0	58
jgi|Lacbi1|314918|eu2.Lbscf0065g00450_224-455_1UWH:A:	2	8	4	8	0	28	15	13	0	276
jgi|Lacbi1|314919|eu2.Lbscf0065g00460_3-138_1YB5:A:6-120,A:295-329	2	9	3	2	0	18	11	6	1	150
jgi|Lacbi1|314919|eu2.Lbscf0065g00460_115-261_1YB5:A:121-294	0	7	1	8	0	16	8	12	0	174
jgi|Lacbi1|241868|e_gwh1.92.5.1_1-85_1BH9:B:	0	0	0	4	0	6	2	2	0	89
jgi|Lacbi1|255725|e_gww1.65.13.1_1-85_1BH9:B:	0	0	0	4	0	6	2	2	0	89
jgi|Lacbi1|314925|eu2.Lbscf0065g00520_7-60_1RW3:A:	14	14	5	11	0	57	32	26	0	454
jgi|Lacbi1|315001|eu2.Lbscf0066g00440_75-148_1W36:D:2-360	6	9	4	14	0	32	29	25	0	359
jgi|Lacbi1|315002|eu2.Lbscf0066g00450_27-98_1Z3I:X:92-389	0	9	4	12	0	34	20	12	0	298
jgi|Lacbi1|315009|eu2.Lbscf0066g00520_55-82,423-500_1ZCB:A:47-75,A:202-372	0	8	2	5	0	21	8	15	1	200
jgi|Lacbi1|315009|eu2.Lbscf0066g00520_89-132,343-427_1ZCA:A:83-204	0	0	2	7	0	8	3	7	0	122
jgi|Lacbi1|334583|fgenesh3_pg.C_scaffold_66000033_24-378_2BW3:A:163-609	0	5	7	21	0	33	14	25	0	447
jgi|Lacbi1|315024|eu2.Lbscf0066g00670_13-79_1PV9:A:8-124	1	6	1	6	0	11	7	7	0	117
jgi|Lacbi1|315028|eu2.Lbscf0066g00710_346-606_1PV9:A:125-345	6	13	2	4	0	27	12	10	0	221
jgi|Lacbi1|315028|eu2.Lbscf0066g00710_49-168_1PV9:A:8-124	1	6	1	6	0	11	7	7	0	117
jgi|Lacbi1|315028|eu2.Lbscf0066g00710_210-299_1CHM:A:2-156	1	7	1	6	0	19	11	7	0	155
jgi|Lacbi1|334594|fgenesh3_pg.C_scaffold_66000044_680-760_1GME:A:	1	8	5	2	0	17	6	7	0	150
jgi|Lacbi1|315031|eu2.Lbscf0066g00740_569-674_1LNQ:A:19-98	0	0	0	5	0	5	7	8	0	80
jgi|Lacbi1|315031|eu2.Lbscf0066g00740_286-413_1LNQ:A:19-98	0	0	0	5	0	5	7	8	0	80
jgi|Lacbi1|151854|gww1.66.31.1_4-310_2HMF:A:2-303	2	12	2	10	0	29	13	19	0	302
jgi|Lacbi1|151854|gww1.66.31.1_406-477_2HMF:A:404-470	0	3	1	2	0	5	2	4	0	67
jgi|Lacbi1|151854|gww1.66.31.1_329-402_2CDQ:A:329-419	0	4	2	2	0	6	2	6	0	91
jgi|Lacbi1|241029|e_gwh1.66.11.1_12-373_1W36:D:2-360	6	9	4	14	0	32	29	25	0	359
jgi|Lacbi1|192159|estExt_GeneWisePlus_worm.C_660051_220-347,588-646_1KT1:A:254-421	0	0	1	7	0	12	3	7	0	168
jgi|Lacbi1|314960|eu2.Lbscf0066g00030_89-132,344-421_1ZCA:A:83-204	0	0	2	7	0	8	3	7	0	122
jgi|Lacbi1|314960|eu2.Lbscf0066g00030_55-82,416-493_1ZCB:A:47-75,A:202-372	0	8	2	5	0	21	8	15	1	200
jgi|Lacbi1|314982|eu2.Lbscf0066g00250_89-132,340-417_1ZCA:A:83-204	0	0	2	7	0	8	3	7	0	122
jgi|Lacbi1|314982|eu2.Lbscf0066g00250_55-82,412-489_1ZCB:A:47-75,A:202-372	0	8	2	5	0	21	8	15	1	200
jgi|Lacbi1|315050|eu2.Lbscf0067g00030_387-431_1F6U:A:	2	2	3	0	0	10	5	3	0	55
jgi|Lacbi1|315054|eu2.Lbscf0067g00070_9-178_1H65:A:	3	11	4	7	0	28	14	12	0	269
jgi|Lacbi1|315054|eu2.Lbscf0067g00070_313-509_1F3O:A:	0	10	2	7	0	22	15	14	0	232
jgi|Lacbi1|192185|estExt_GeneWisePlus_worm.C_670061_32-501_1OG2:A:	9	9	4	17	0	50	25	22	0	462
jgi|Lacbi1|255862|e_gww1.67.11.1_5-183_1OVM:A:3-180	2	6	2	9	0	16	9	9	0	178
jgi|Lacbi1|255862|e_gww1.67.11.1_366-557_1PVD:A:361-556	2	6	4	9	0	22	7	15	0	196
jgi|Lacbi1|255862|e_gww1.67.11.1_172-348_1QPB:A:182-360	0	9	4	4	0	18	11	9	0	179
jgi|Lacbi1|175400|estExt_Genewise1_human.C_670053_3-313,454-492_1GOS:A:4-289,A:402-500	4	15	6	13	0	40	33	22	1	385
jgi|Lacbi1|175400|estExt_Genewise1_human.C_670053_294-440_1F8R:A:320-432	0	7	2	3	0	14	6	6	0	113
jgi|Lacbi1|151504|gww1.67.48.1_33-441_1K3I:A:151-537	9	30	6	0	0	59	29	25	0	387
jgi|Lacbi1|151504|gww1.67.48.1_444-556_1K3I:A:538-639	3	10	0	0	0	15	10	5	0	102
jgi|Lacbi1|168601|gwh1.67.60.1_1-188_2FEX:A:1-188	4	9	3	7	0	23	11	14	0	188
jgi|Lacbi1|315085|eu2.Lbscf0067g00380_57-120_1J58:A:	3	25	4	8	0	49	28	23	0	372
jgi|Lacbi1|241117|e_gwh1.67.17.1_57-429_1J58:A:	3	25	4	8	0	49	28	23	0	372
jgi|Lacbi1|241145|e_gwh1.67.31.1_1-189_1ZVF:A:1-175	3	12	1	3	0	27	11	7	0	175
jgi|Lacbi1|315092|eu2.Lbscf0067g00450_97-179,245-293,322-408_1SXJ:C:12-238	3	5	3	12	0	22	13	12	0	227
jgi|Lacbi1|241099|e_gwh1.67.50.1_13-415_1YOV:B:12-437	9	12	6	13	0	48	22	26	0	426
jgi|Lacbi1|315101|eu2.Lbscf0067g00540_56-135_1FOH:A:1-240,A:342-461	4	15	4	9	0	43	22	18	1	360
jgi|Lacbi1|334645|fgenesh3_pg.C_scaffold_67000047_8-130_2I02:A:5-147	1	7	3	3	0	13	3	8	0	143
jgi|Lacbi1|334649|fgenesh3_pg.C_scaffold_67000051_8-130_2I02:A:5-147	1	7	3	3	0	13	3	8	0	143
jgi|Lacbi1|295873|estExt_fgenesh2_pg.C_670047_7-131_2I02:A:5-147	1	7	3	3	0	13	3	8	0	143
jgi|Lacbi1|147303|gww1.67.25.1_1-233_1HU3:A:	0	0	1	10	0	14	8	8	0	259
jgi|Lacbi1|255852|e_gww1.67.24.1_10-245_1HU3:A:	0	0	1	10	0	14	8	8	0	259
jgi|Lacbi1|315110|eu2.Lbscf0067g00630_17-282_1HU3:A:	0	0	1	10	0	14	8	8	0	259
jgi|Lacbi1|315112|eu2.Lbscf0067g00650_35-94_1RF8:B:	1	0	2	3	0	15	12	4	0	99
jgi|Lacbi1|255866|e_gww1.67.23.1_2-248_1HU3:A:	0	0	1	10	0	14	8	8	0	259
jgi|Lacbi1|315117|eu2.Lbscf0067g00700_2-90_1HOW:A:	5	10	4	11	0	39	18	24	0	362
jgi|Lacbi1|192183|estExt_GeneWisePlus_worm.C_670057_390-646_1F3M:C:	1	10	4	11	0	33	20	20	0	294
jgi|Lacbi1|192183|estExt_GeneWisePlus_worm.C_670057_78-186_1BAK:A:	0	7	0	1	0	18	12	3	0	118
jgi|Lacbi1|334665|fgenesh3_pg.C_scaffold_67000067_22-174_1H65:A:	3	11	4	7	0	28	14	12	0	269
jgi|Lacbi1|315141|eu2.Lbscf0068g00100_223-311,442-535,1016-1231_1SU4:A:1-124,A:240-343,A:751-994	1	1	8	18	0	32	20	22	2	472
jgi|Lacbi1|315141|eu2.Lbscf0068g00100_537-552,684-786,843-898_1SU4:A:344-360,A:600-750	3	8	1	8	0	16	12	11	1	168
jgi|Lacbi1|315141|eu2.Lbscf0068g00100_309-440_1SU4:A:125-239	2	9	3	0	0	21	10	7	0	115
jgi|Lacbi1|175425|estExt_Genewise1_human.C_680039_1-138_1H8M:A:	1	5	0	4	0	17	10	5	0	140
jgi|Lacbi1|175425|estExt_Genewise1_human.C_680039_133-197_1GL2:A:	0	0	0	1	0	2	0	0	0	64
jgi|Lacbi1|315146|eu2.Lbscf0068g00150_64-407,441-596_1CVU:A:74-583	20	4	8	24	0	55	35	33	0	511
jgi|Lacbi1|315146|eu2.Lbscf0068g00150_757-1037_1F24:A:	3	12	6	15	0	42	26	23	0	399
jgi|Lacbi1|315148|eu2.Lbscf0068g00170_13-142_1NO5:A:	0	4	2	3	0	12	7	3	0	100
jgi|Lacbi1|315148|eu2.Lbscf0068g00170_146-292_2B4V:A:289-471	3	4	4	5	0	20	10	9	0	183
jgi|Lacbi1|315149|eu2.Lbscf0068g00180_204-538_1O6L:A:	6	9	5	10	0	39	20	21	0	337
jgi|Lacbi1|315151|eu2.Lbscf0068g00200_36-105_1SXL:A:	2	3	0	2	0	19	15	2	0	97
jgi|Lacbi1|192231|estExt_GeneWisePlus_worm.C_680072_5-308_1CI7:A:	3	9	4	8	0	31	18	17	0	295
jgi|Lacbi1|123238|fgenesh1_kg.C_scaffold_68000004_5-502_1A4E:A:	7	13	6	13	0	63	37	34	0	488
jgi|Lacbi1|255896|e_gww1.68.61.1_86-223,313-355,395-489_2P6R:A:203-403	2	10	1	7	0	20	15	11	0	201
jgi|Lacbi1|175463|estExt_Genewise1_human.C_680095_2-107_1YAT:A:	2	7	3	1	0	16	4	8	0	113
jgi|Lacbi1|334689|fgenesh3_pg.C_scaffold_68000022_25-163,208-345_1F3M:C:	1	10	4	11	0	33	20	20	0	294
jgi|Lacbi1|295890|estExt_fgenesh2_pg.C_680023_29-215_1Z0J:A:2-168	2	6	2	5	0	14	10	10	0	167
jgi|Lacbi1|192205|estExt_GeneWisePlus_worm.C_680031_336-451,506-706_1QG8:A:	2	9	4	8	0	22	13	12	0	255
jgi|Lacbi1|186533|estExt_GeneWisePlus_human.C_680029_148-212,242-380,420-436,467-491_1AJO:A:	5	16	3	1	0	26	14	11	0	212
jgi|Lacbi1|241237|e_gwh1.68.83.1_4-172_1NJR:A:	2	6	4	10	0	28	15	19	0	264
jgi|Lacbi1|192197|estExt_GeneWisePlus_worm.C_680017_92-218_2DM9:A:81-198	0	4	0	6	0	9	3	5	0	118
jgi|Lacbi1|186573|estExt_GeneWisePlus_human.C_680092_87-210,319-419,841-1075_1SU4:A:1-124,A:240-343,A:751-994	1	1	8	18	0	32	20	22	2	472
jgi|Lacbi1|186573|estExt_GeneWisePlus_human.C_680092_423-443,605-887_1SU4:A:344-360,A:600-750	3	8	1	8	0	16	12	11	1	168
jgi|Lacbi1|186573|estExt_GeneWisePlus_human.C_680092_431-671_1MO7:A:	2	9	0	5	0	32	19	9	0	213
jgi|Lacbi1|186573|estExt_GeneWisePlus_human.C_680092_209-316_1SU4:A:125-239	2	9	3	0	0	21	10	7	0	115
jgi|Lacbi1|148888|gww1.68.42.1_6-125_1CJW:A:	2	7	4	5	0	16	8	9	0	166
jgi|Lacbi1|315175|eu2.Lbscf0068g00440_355-378,408-828_1V5D:A:	12	6	6	13	0	40	20	25	0	386
jgi|Lacbi1|295899|estExt_fgenesh2_pg.C_680037_145-213_1SFC:H:	0	0	0	1	0	3	2	0	0	86
jgi|Lacbi1|255924|e_gww1.68.80.1_10-159_1WL8:A:1-188	0	11	1	5	0	24	17	15	0	188
jgi|Lacbi1|192207|estExt_GeneWisePlus_worm.C_680033_103-320_1EBD:A:155-271	1	8	0	3	0	9	8	7	0	117
jgi|Lacbi1|192207|estExt_GeneWisePlus_worm.C_680033_263-445_1XHC:A:1-103,A:226-289	4	11	2	5	0	18	13	9	1	165
jgi|Lacbi1|315188|eu2.Lbscf0068g00570_65-101_1UL1:X:218-357	1	1	1	7	0	13	9	4	0	140
jgi|Lacbi1|315189|eu2.Lbscf0068g00580_348-438_1KRH:A:106-205	0	6	0	1	0	15	6	7	0	100
jgi|Lacbi1|315189|eu2.Lbscf0068g00580_446-594_2PIA:A:104-223	0	5	2	4	0	13	9	8	0	120
jgi|Lacbi1|315196|eu2.Lbscf0068g00650_7-327_1JOF:A:	3	28	1	0	0	39	21	26	0	365
jgi|Lacbi1|315201|eu2.Lbscf0068g00700_72-205,251-416_1HOW:A:	5	10	4	11	0	39	18	24	0	362
jgi|Lacbi1|295911|estExt_fgenesh2_pg.C_680057_16-121,149-279,323-423,488-539_1ATI:A:1-394	3	18	6	9	0	33	19	17	0	394
jgi|Lacbi1|295911|estExt_fgenesh2_pg.C_680057_523-644_1ATI:A:395-505	0	5	1	4	0	14	8	6	0	111
jgi|Lacbi1|154073|gww1.68.87.1_15-49,83-166_2IF1:A:	3	5	1	3	0	19	12	8	0	125
jgi|Lacbi1|255963|e_gww1.68.95.1_1-85_1WZ3:A:10-93	4	4	0	2	0	10	6	6	0	84
jgi|Lacbi1|255903|e_gww1.68.73.1_4-371_1H61:A:	5	14	5	11	0	33	27	22	0	364
jgi|Lacbi1|315220|eu2.Lbscf0069g00020_18-70_1D66:A:8-48	0	0	0	2	0	4	1	2	0	41
jgi|Lacbi1|315221|eu2.Lbscf0069g00030_1-134_2PLC:A:	5	13	4	8	0	26	18	17	0	274
jgi|Lacbi1|315230|eu2.Lbscf0069g00120_28-100_1S2M:A:252-422	2	7	3	5	0	19	12	8	0	171
jgi|Lacbi1|315237|eu2.Lbscf0069g00190_61-178,276-370,685-896_1SU4:A:1-124,A:240-343,A:751-994	1	1	8	18	0	32	20	22	2	472
jgi|Lacbi1|315237|eu2.Lbscf0069g00190_374-394,483-730_1SU4:A:344-360,A:600-750	3	8	1	8	0	16	12	11	1	168
jgi|Lacbi1|315237|eu2.Lbscf0069g00190_178-275_1SU4:A:125-239	2	9	3	0	0	21	10	7	0	115
jgi|Lacbi1|315258|eu2.Lbscf0069g00400_35-329_1GQ8:A:	3	24	6	3	0	47	33	20	0	318
jgi|Lacbi1|334757|fgenesh3_pg.C_scaffold_69000022_62-192_1YDE:A:4-253	2	7	2	10	0	23	11	14	0	250
jgi|Lacbi1|256000|e_gww1.69.8.1_10-410_2D0T:A:12-403	6	4	5	19	0	33	22	25	0	392
jgi|Lacbi1|315284|eu2.Lbscf0069g00660_4-50_1WES:A:	0	2	0	0	0	16	13	4	0	70
jgi|Lacbi1|315285|eu2.Lbscf0069g00670_532-628_1WDU:A:	2	14	2	3	0	29	13	10	0	228
jgi|Lacbi1|315285|eu2.Lbscf0069g00670_345-391_1F6U:A:	2	2	3	0	0	10	5	3	0	55
jgi|Lacbi1|315290|eu2.Lbscf0069g00720_10-125_2D0T:A:12-403	6	4	5	19	0	33	22	25	0	392
jgi|Lacbi1|315292|eu2.Lbscf0069g00740_17-341_1KRM:A:	2	7	5	15	0	35	23	20	0	349
jgi|Lacbi1|315306|eu2.Lbscf0069g00880_12-137_1U7G:A:	2	2	6	15	0	21	14	16	0	383
jgi|Lacbi1|315313|eu2.Lbscf0069g00950_30-329_1GQ8:A:	3	24	6	3	0	47	33	20	0	318
jgi|Lacbi1|255995|e_gww1.69.18.1_30-318_1O4Y:A:	5	19	5	4	0	33	15	16	0	270
jgi|Lacbi1|315315|eu2.Lbscf0069g00970_3-84_1YDE:A:4-253	2	7	2	10	0	23	11	14	0	250
jgi|Lacbi1|295922|estExt_fgenesh2_pg.C_700003_214-426_1YRG:A:	3	14	2	12	0	46	15	21	0	343
jgi|Lacbi1|295922|estExt_fgenesh2_pg.C_700003_7-46_1NEX:B:270-369	0	0	0	7	0	9	5	6	0	100
jgi|Lacbi1|295923|estExt_fgenesh2_pg.C_700005_28-100_2OVR:B:2263-2364	0	0	0	6	0	9	7	5	0	102
jgi|Lacbi1|316166|eu2.Lbscf0070g00100_79-313_1FQV:A:146-431	8	13	3	8	0	55	21	24	0	286
jgi|Lacbi1|295924|estExt_fgenesh2_pg.C_700009_123-445_1PGV:A:	2	5	0	7	0	21	9	7	0	167
jgi|Lacbi1|334796|fgenesh3_pg.C_scaffold_70000010_133-463_1IO0:A:	0	5	1	6	0	22	8	6	0	166
jgi|Lacbi1|295925|estExt_fgenesh2_pg.C_700011_606-916_1YVU:A:315-706	2	20	1	9	0	32	17	11	0	311
jgi|Lacbi1|295925|estExt_fgenesh2_pg.C_700011_316-458_1R4K:A:	3	8	1	3	0	25	13	6	0	168
jgi|Lacbi1|241285|e_gwh1.70.8.1_1-83_1SS6:A:	0	4	1	2	0	12	10	7	0	101
jgi|Lacbi1|241285|e_gwh1.70.8.1_70-188_1S3S:G:	2	5	1	3	0	15	10	7	0	118
jgi|Lacbi1|334800|fgenesh3_pg.C_scaffold_70000014_148-185,223-344_1ML9:A:	5	15	6	5	0	45	22	13	0	284
jgi|Lacbi1|316178|eu2.Lbscf0070g00220_129-166,222-328_1ML9:A:	5	15	6	5	0	45	22	13	0	284
jgi|Lacbi1|334802|fgenesh3_pg.C_scaffold_70000016_141-184,252-332_1ML9:A:	5	15	6	5	0	45	22	13	0	284
jgi|Lacbi1|295928|estExt_fgenesh2_pg.C_700021_134-282,319-400_1IO0:A:	0	5	1	6	0	22	8	6	0	166
jgi|Lacbi1|316191|eu2.Lbscf0070g00350_116-384_1FQV:A:146-431	8	13	3	8	0	55	21	24	0	286
jgi|Lacbi1|192259|estExt_GeneWisePlus_worm.C_700010_12-182_1Z2C:A:1-179	0	6	3	6	0	15	9	13	0	179
jgi|Lacbi1|316196|eu2.Lbscf0070g00400_168-240,309-399,443-501,546-698,868-894_1GW5:B:	0	0	4	32	0	42	43	37	0	579
jgi|Lacbi1|241294|e_gwh1.70.1.1_605-877_1FF9:A:125-391	7	8	2	9	0	27	16	18	0	267
jgi|Lacbi1|241294|e_gwh1.70.1.1_482-631_1E5Q:A:2-124,A:392-450	1	8	1	8	0	21	8	10	1	182
jgi|Lacbi1|241294|e_gwh1.70.1.1_23-90_1PJC:A:1-135,A:304-361	0	8	5	8	0	20	7	14	1	193
jgi|Lacbi1|241294|e_gwh1.70.1.1_24-246_1PJC:A:1-135,A:304-361	0	8	5	8	0	20	7	14	1	193
jgi|Lacbi1|186590|estExt_GeneWisePlus_human.C_700015_141-217,255-437_1KOA:A:5915-6264	7	11	8	11	0	40	20	20	0	350
jgi|Lacbi1|316201|eu2.Lbscf0070g00450_243-374_2RC3:A:23-149	6	5	3	5	0	11	7	7	0	127
jgi|Lacbi1|316202|eu2.Lbscf0070g00460_68-311,414-484_1NG4:A:1-218,A:307-364	3	11	2	10	0	27	13	19	1	276
jgi|Lacbi1|256027|e_gww1.70.25.1_154-446_2BWV:A:177-440	4	11	3	6	0	29	15	15	0	264
jgi|Lacbi1|256027|e_gww1.70.25.1_2-153_2BWV:A:1-176	0	8	2	7	0	18	9	6	0	176
jgi|Lacbi1|334822|fgenesh3_pg.C_scaffold_70000036_1-81,108-140,197-260,291-337_1W36:D:361-606	4	4	2	9	0	19	18	13	0	246
jgi|Lacbi1|316211|eu2.Lbscf0070g00550_2-170_1B43:A:1-219	4	9	3	8	0	25	14	14	0	219
jgi|Lacbi1|316211|eu2.Lbscf0070g00550_192-220,265-338_1A77:A:209-316	0	0	0	6	0	9	3	6	0	108
jgi|Lacbi1|334832|fgenesh3_pg.C_scaffold_70000046_597-833_1VRB:A:8-326	2	13	4	10	0	39	20	15	0	319
jgi|Lacbi1|334833|fgenesh3_pg.C_scaffold_70000047_150-287_1FQV:A:146-431	8	13	3	8	0	55	21	24	0	286
jgi|Lacbi1|316238|eu2.Lbscf0071g00010_170-249_1HJZ:A:	0	7	2	5	0	18	9	8	0	192
jgi|Lacbi1|295935|estExt_fgenesh2_pg.C_710002_22-122_1NEX:A:4-103	0	3	0	3	0	7	2	5	0	72
jgi|Lacbi1|295936|estExt_fgenesh2_pg.C_710003_25-127_1R29:A:	0	3	0	6	0	11	5	9	0	122
jgi|Lacbi1|316243|eu2.Lbscf0071g00060_225-304_1HJZ:A:	0	7	2	5	0	18	9	8	0	192
jgi|Lacbi1|157851|gwh1.71.9.1_8-432_2D0T:A:12-403	6	4	5	19	0	33	22	25	0	392
jgi|Lacbi1|256076|e_gww1.71.1.1_727-967,1025-1115,1176-1234,1344-1714_1B3U:A:	0	0	8	44	0	40	26	36	0	588
jgi|Lacbi1|256076|e_gww1.71.1.1_179-263,293-317,373-683_2NPP:B:28-415	0	0	6	18	0	30	22	21	0	388
jgi|Lacbi1|256060|e_gww1.71.18.1_23-316_2Q80:A:6-296	0	2	0	15	0	16	4	15	0	291
jgi|Lacbi1|316256|eu2.Lbscf0071g00190_41-375_2AKA:B:6-304	5	8	3	8	0	38	21	18	0	299
jgi|Lacbi1|334853|fgenesh3_pg.C_scaffold_71000017_51-375_2AKA:B:6-304	5	8	3	8	0	38	21	18	0	299
jgi|Lacbi1|143584|gww1.71.10.1_210-359_1SXL:A:	2	3	0	2	0	19	15	2	0	97
jgi|Lacbi1|143584|gww1.71.10.1_1-146_2CQI:A:1-90	0	5	0	2	0	9	5	4	0	90
jgi|Lacbi1|256049|e_gww1.71.22.1_70-276_1HNN:A:	3	9	3	9	0	26	17	15	0	261
jgi|Lacbi1|316267|eu2.Lbscf0071g00300_74-224_1CFE:A:	1	6	2	4	0	18	12	7	0	135
jgi|Lacbi1|334862|fgenesh3_pg.C_scaffold_71000026_20-173_1SMB:A:	0	4	2	6	0	13	7	6	0	149
jgi|Lacbi1|186602|estExt_GeneWisePlus_human.C_710012_1074-1339_1T3T:A:1034-1295	7	11	7	8	0	30	18	19	0	262
jgi|Lacbi1|186602|estExt_GeneWisePlus_human.C_710012_668-850_1T3T:A:617-816	4	10	3	5	0	20	14	13	0	200
jgi|Lacbi1|186602|estExt_GeneWisePlus_human.C_710012_243-443_1T3T:A:221-429	1	10	1	5	0	19	7	10	0	209
jgi|Lacbi1|186602|estExt_GeneWisePlus_human.C_710012_861-1065_1T3T:A:817-1033	1	7	3	8	0	18	12	12	0	217
jgi|Lacbi1|186602|estExt_GeneWisePlus_human.C_710012_452-636_1T3T:A:430-616	2	8	3	5	0	17	6	9	0	187
jgi|Lacbi1|186602|estExt_GeneWisePlus_human.C_710012_1-167_1T3T:A:1-152	0	5	1	4	0	12	5	8	0	152
jgi|Lacbi1|186602|estExt_GeneWisePlus_human.C_710012_179-242_1T3T:A:153-220	2	0	0	6	0	5	2	4	0	68
jgi|Lacbi1|316276|eu2.Lbscf0071g00390_67-182,214-325_1KOB:A:	7	11	8	11	0	39	20	20	0	352
jgi|Lacbi1|256071|e_gww1.71.23.1_11-261_1H5Q:A:	2	10	7	8	0	25	12	15	0	260
jgi|Lacbi1|295948|estExt_fgenesh2_pg.C_710050_93-299_1IAE:A:	3	9	7	4	0	25	17	12	0	200
jgi|Lacbi1|316305|eu2.Lbscf0071g00680_88-278_1KLX:A:	0	0	0	8	0	11	4	8	0	133
jgi|Lacbi1|256061|e_gww1.71.36.1_3-264_1VJN:A:	2	14	1	3	0	24	15	9	0	219
jgi|Lacbi1|316310|eu2.Lbscf0071g00730_151-200_2BW3:A:79-162	2	0	1	4	0	8	3	1	0	84
jgi|Lacbi1|334897|fgenesh3_pg.C_scaffold_72000002_12-253_1VL8:A:	2	7	6	9	0	25	10	14	0	251
jgi|Lacbi1|256124|e_gww1.72.40.1_258-462_1X74:A:2-360	0	12	4	14	1	37	25	27	0	359
jgi|Lacbi1|256124|e_gww1.72.40.1_46-239_1Q7E:A:	0	11	5	17	0	41	21	30	0	427
jgi|Lacbi1|316322|eu2.Lbscf0072g00080_1257-1672_1UAA:A:2-307	4	8	4	13	0	27	16	15	0	306
jgi|Lacbi1|334902|fgenesh3_pg.C_scaffold_72000007_7-176_2CE7:A:150-402	2	5	6	9	0	24	12	16	0	253
jgi|Lacbi1|147030|gww1.72.23.1_8-252_1FMK:A:249-533	3	7	5	9	0	31	16	14	0	285
jgi|Lacbi1|316329|eu2.Lbscf0072g00150_227-306,339-423_1AIH:A:	2	3	1	9	0	13	9	12	0	170
jgi|Lacbi1|316330|eu2.Lbscf0072g00160_17-207_1UL1:X:2-217	0	7	1	7	0	19	10	10	0	216
jgi|Lacbi1|316330|eu2.Lbscf0072g00160_192-234,279-338_1B43:A:220-339	0	0	3	5	0	11	6	7	0	120
jgi|Lacbi1|316334|eu2.Lbscf0072g00200_224-332,359-409_1MUG:A:	1	5	2	5	0	16	14	8	0	165
jgi|Lacbi1|334913|fgenesh3_pg.C_scaffold_72000018_3-114_2JN6:A:1-89	0	0	3	5	0	8	5	5	0	89
jgi|Lacbi1|316355|eu2.Lbscf0072g00410_42-219_1MUG:A:	1	5	2	5	0	16	14	8	0	165
jgi|Lacbi1|334926|fgenesh3_pg.C_scaffold_72000031_110-207_2Q0Z:X:209-322	2	7	1	0	0	12	8	4	0	114
jgi|Lacbi1|241395|e_gwh1.72.10.1_141-353_2P6R:A:203-403	2	10	1	7	0	20	15	11	0	201
jgi|Lacbi1|241395|e_gwh1.72.10.1_2-131_2P6R:A:1-202	1	7	2	7	0	20	9	10	0	202
jgi|Lacbi1|241395|e_gwh1.72.10.1_474-555_2Q0Z:X:33-208	1	0	2	9	0	14	8	11	0	176
jgi|Lacbi1|241395|e_gwh1.72.10.1_353-458_2A07:F:503-584	3	2	0	4	0	11	4	2	0	82
jgi|Lacbi1|316369|eu2.Lbscf0072g00550_5-168_1MUG:A:	1	5	2	5	0	16	14	8	0	165
jgi|Lacbi1|316377|eu2.Lbscf0072g00630_141-321_1MUG:A:	1	5	2	5	0	16	14	8	0	165
jgi|Lacbi1|316378|eu2.Lbscf0072g00640_78-251_2Q0Z:X:33-208	1	0	2	9	0	14	8	11	0	176
jgi|Lacbi1|316378|eu2.Lbscf0072g00640_263-360_2Q0Z:X:209-322	2	7	1	0	0	12	8	4	0	114
jgi|Lacbi1|334938|fgenesh3_pg.C_scaffold_73000002_14-325_3C9F:A:16-337	3	14	3	10	0	34	23	18	0	322
jgi|Lacbi1|334938|fgenesh3_pg.C_scaffold_73000002_355-595_3C9F:A:338-561	7	9	4	5	0	23	13	9	0	223
jgi|Lacbi1|241431|e_gwh1.73.34.1_8-152_1GW5:M:1-141	2	5	1	4	0	13	8	7	0	140
jgi|Lacbi1|256137|e_gww1.73.19.1_3-419_1PMI:A:	3	25	3	14	0	53	25	21	0	440
jgi|Lacbi1|316391|eu2.Lbscf0073g00070_28-304_2EFL:A:1-288	0	0	0	7	0	7	3	7	0	288
jgi|Lacbi1|316391|eu2.Lbscf0073g00070_961-1034_1SEM:A:	3	5	1	0	0	8	3	3	0	58
jgi|Lacbi1|334944|fgenesh3_pg.C_scaffold_73000008_237-279_1QHK:A:	0	3	0	2	0	7	4	0	0	47
jgi|Lacbi1|316405|eu2.Lbscf0073g00210_87-240_2EFL:A:1-288	0	0	0	7	0	7	3	7	0	288
jgi|Lacbi1|316406|eu2.Lbscf0073g00220_2-72_2DKT:A:8-81	2	4	0	1	0	10	11	2	0	74
jgi|Lacbi1|256143|e_gww1.73.39.1_6-140_1AWC:B:	0	0	0	10	0	18	2	16	0	153
jgi|Lacbi1|295954|estExt_fgenesh2_pg.C_730022_313-446_1W1O:A:40-245	2	10	2	6	0	23	19	14	0	206
jgi|Lacbi1|295954|estExt_fgenesh2_pg.C_730022_4-100_1DIQ:A:7-242	4	11	2	6	0	33	17	19	0	236
jgi|Lacbi1|192284|estExt_GeneWisePlus_worm.C_730009_148-261,379-472,838-1042_1SU4:A:1-124,A:240-343,A:751-994	1	1	8	18	0	32	20	22	2	472
jgi|Lacbi1|192284|estExt_GeneWisePlus_worm.C_730009_476-496,636-891_1SU4:A:344-360,A:600-750	3	8	1	8	0	16	12	11	1	168
jgi|Lacbi1|192284|estExt_GeneWisePlus_worm.C_730009_484-687_1MO7:A:	2	9	0	5	0	32	19	9	0	213
jgi|Lacbi1|192284|estExt_GeneWisePlus_worm.C_730009_260-378_1SU4:A:125-239	2	9	3	0	0	21	10	7	0	115
jgi|Lacbi1|291410|estExt_fgenesh2_pm.C_730005_6-295_1US0:A:	10	10	4	10	0	46	22	22	0	314
jgi|Lacbi1|334966|fgenesh3_pg.C_scaffold_73000030_202-486_2BW3:A:163-609	0	5	7	21	0	33	14	25	0	447
jgi|Lacbi1|256187|e_gww1.73.2.1_3-31,91-368_1K32:A:320-679	4	31	5	1	0	46	27	17	0	360
jgi|Lacbi1|316427|eu2.Lbscf0073g00430_34-309_2EFL:A:1-288	0	0	0	7	0	7	3	7	0	288
jgi|Lacbi1|316427|eu2.Lbscf0073g00430_476-534_1UJ0:A:	3	5	1	0	0	8	4	3	0	61
jgi|Lacbi1|256131|e_gww1.73.15.1_90-282_1V9K:A:	3	12	0	5	0	29	16	13	0	227
jgi|Lacbi1|256162|e_gww1.73.21.1_156-370_1ZX0:A:8-236	2	10	5	10	0	24	11	14	0	229
jgi|Lacbi1|256162|e_gww1.73.21.1_5-101_1N11:A:	0	0	1	24	0	48	15	35	0	408
jgi|Lacbi1|148521|gww1.73.40.1_85-192_1H3Q:A:	0	5	1	3	0	15	6	8	0	140
jgi|Lacbi1|256193|e_gww1.73.6.1_342-429,472-637_1Z3I:X:390-735	0	10	6	11	0	41	29	23	0	346
jgi|Lacbi1|256193|e_gww1.73.6.1_115-340_1Z63:A:432-661	0	7	2	11	0	24	16	18	0	230
jgi|Lacbi1|295963|estExt_fgenesh2_pg.C_730041_6-115,214-248,281-314_1OKC:A:	0	0	6	11	0	19	10	9	0	292
jgi|Lacbi1|316437|eu2.Lbscf0073g00530_27-71_2HAP:C:55-97	0	0	1	2	0	6	3	2	0	43
jgi|Lacbi1|180966|estExt_Genewise1_worm.C_730033_72-143_1JMT:A:	0	6	0	2	0	8	2	3	0	104
jgi|Lacbi1|316440|eu2.Lbscf0073g00560_372-539_1FCH:A:	0	0	2	17	0	24	6	19	0	323
jgi|Lacbi1|316440|eu2.Lbscf0073g00560_201-241,294-337_1ZU2:A:1-145	0	0	0	7	0	11	4	4	0	145
jgi|Lacbi1|295965|estExt_fgenesh2_pg.C_730046_174-381_1YRB:A:1-244	0	7	3	11	0	22	15	9	0	245
jgi|Lacbi1|141547|gww1.73.9.1_34-83,127-154,194-597_1KPL:A:	5	0	5	18	0	23	12	15	0	430
jgi|Lacbi1|141547|gww1.73.9.1_603-773_2J9L:A:578-746	4	10	1	5	0	17	12	8	0	169
jgi|Lacbi1|316453|eu2.Lbscf0073g00690_12-61_1CLD:A:	0	0	0	2	0	4	2	1	0	33
jgi|Lacbi1|316459|eu2.Lbscf0073g00750_45-417_3C10:A:515-900	8	10	9	12	0	47	19	25	0	386
jgi|Lacbi1|316460|eu2.Lbscf0073g00760_150-307,334-486_2BB0:A:74-373	5	9	2	15	0	29	13	18	0	300
jgi|Lacbi1|316460|eu2.Lbscf0073g00760_86-151,485-520_1NFG:A:1-51,A:382-457	2	9	1	0	0	15	9	8	1	127
jgi|Lacbi1|147485|gww1.73.32.1_10-137_2A1I:A:99-227	0	6	2	5	0	12	7	6	0	129
jgi|Lacbi1|147485|gww1.73.32.1_134-205_2A1J:B:219-296	0	0	0	5	0	5	8	3	0	77
jgi|Lacbi1|256196|e_gww1.73.48.1_22-69_1RLG:A:	0	4	1	5	0	10	10	5	0	113
jgi|Lacbi1|316533|eu2.Lbscf0074g00530_8-47_2DO3:A:462-523	0	5	0	0	0	9	7	3	0	62
jgi|Lacbi1|335026|fgenesh3_pg.C_scaffold_74000025_783-848_1A0P:A:111-292	4	3	3	8	0	17	7	7	0	182
jgi|Lacbi1|316557|eu2.Lbscf0075g00030_24-170,217-346_1HOW:A:	5	10	4	11	0	39	18	24	0	362
jgi|Lacbi1|316558|eu2.Lbscf0075g00040_13-99_2HU7:A:322-581	1	8	2	10	0	27	14	15	0	260
jgi|Lacbi1|256250|e_gww1.75.19.1_114-217_1CF3:A:325-520	4	8	6	6	0	21	11	8	0	196
jgi|Lacbi1|256250|e_gww1.75.19.1_4-111_1JU2:A:1-293,A:464-521	13	17	8	7	0	40	25	18	1	351
jgi|Lacbi1|316565|eu2.Lbscf0075g00110_17-111_1BW3:A:	0	5	2	4	0	16	12	8	0	125
jgi|Lacbi1|186664|estExt_GeneWisePlus_human.C_750048_1-181_1Z2W:A:1-182	3	11	0	3	0	22	13	11	0	182
jgi|Lacbi1|291413|estExt_fgenesh2_pm.C_750002_9-442_1PQ2:A:	6	9	3	17	0	42	25	31	0	463
jgi|Lacbi1|256256|e_gww1.75.7.1_26-475_1FO3:A:	8	18	3	16	0	47	22	26	0	457
jgi|Lacbi1|316574|eu2.Lbscf0075g00200_51-129_1FO3:A:	8	18	3	16	0	47	22	26	0	457
jgi|Lacbi1|335047|fgenesh3_pg.C_scaffold_75000016_206-440_1W3B:A:	0	0	0	23	0	35	6	26	0	388
jgi|Lacbi1|316579|eu2.Lbscf0075g00250_109-245_1RLG:A:	0	4	1	5	0	10	10	5	0	113
jgi|Lacbi1|241535|e_gwh1.75.29.1_31-87_1BW3:A:	0	5	2	4	0	16	12	8	0	125
jgi|Lacbi1|241531|e_gwh1.75.27.1_3-128_1VG8:A:	2	6	3	5	0	18	16	7	0	184
jgi|Lacbi1|192314|estExt_GeneWisePlus_worm.C_750007_4-201_1IR3:A:	3	12	6	9	0	39	17	21	0	303
jgi|Lacbi1|256254|e_gww1.75.10.1_13-497_1CW3:A:	10	20	4	15	0	54	32	26	0	494
jgi|Lacbi1|192317|estExt_GeneWisePlus_worm.C_750013_22-94,135-229_1BUP:A:4-188	0	12	1	6	0	18	7	13	0	185
jgi|Lacbi1|192317|estExt_GeneWisePlus_worm.C_750013_241-449_1BUP:A:189-381	1	6	3	7	0	14	7	9	0	193
jgi|Lacbi1|316612|eu2.Lbscf0075g00580_308-378,407-644,698-799_2GFO:A:762-1109	3	20	3	10	0	40	19	15	0	348
jgi|Lacbi1|316612|eu2.Lbscf0075g00580_161-271_2G45:A:173-285	5	6	0	2	0	17	5	9	0	117
jgi|Lacbi1|316612|eu2.Lbscf0075g00580_1-79,110-118_2IDA:A:1-102	2	4	1	2	0	14	7	5	0	102
jgi|Lacbi1|316612|eu2.Lbscf0075g00580_659-714_2CPW:A:8-58	0	0	0	3	0	7	5	2	0	51
jgi|Lacbi1|295992|estExt_fgenesh2_pg.C_750043_3-41_1P22:A:135-252	0	0	2	7	0	7	4	6	0	114
jgi|Lacbi1|295992|estExt_fgenesh2_pg.C_750043_598-641_1FQV:A:107-145	0	0	0	3	0	4	4	4	0	39
jgi|Lacbi1|316616|eu2.Lbscf0075g00620_362-428,464-500,539-713,740-795_1FUK:A:	0	7	3	4	0	16	14	7	0	162
jgi|Lacbi1|256270|e_gww1.75.34.1_2-149_1UAQ:A:	0	5	0	8	0	15	4	9	0	151
jgi|Lacbi1|316618|eu2.Lbscf0075g00640_39-230_1MP8:A:	2	8	5	8	0	23	10	12	0	273
jgi|Lacbi1|335081|fgenesh3_pg.C_scaffold_75000050_104-306_1FPU:A:	3	9	8	8	0	29	16	17	0	292
jgi|Lacbi1|316624|eu2.Lbscf0075g00700_31-185_1U0L:A:69-293	0	8	2	7	0	24	18	13	0	225
jgi|Lacbi1|316625|eu2.Lbscf0075g00710_524-595_1H3I:A:52-193	0	13	0	0	0	18	10	9	0	142
jgi|Lacbi1|335088|fgenesh3_pg.C_scaffold_76000001_33-129_1EXM:A:3-212	1	6	2	8	0	25	15	10	0	210
jgi|Lacbi1|335101|fgenesh3_pg.C_scaffold_76000014_600-696_1WF3:A:3-180	1	6	2	5	0	17	15	11	0	178
jgi|Lacbi1|316661|eu2.Lbscf0076g00350_165-255_1AZS:C:36-66,C:202-393	2	6	4	5	0	23	11	14	1	223
jgi|Lacbi1|316661|eu2.Lbscf0076g00350_96-165_2BCJ:Q:67-183	0	0	0	8	0	7	6	10	0	117
jgi|Lacbi1|335106|fgenesh3_pg.C_scaffold_76000019_7-100_1G7S:A:1-227	3	9	5	6	0	24	13	14	0	227
jgi|Lacbi1|335108|fgenesh3_pg.C_scaffold_76000021_7-100_1G7S:A:1-227	3	9	5	6	0	24	13	14	0	227
jgi|Lacbi1|316690|eu2.Lbscf0077g00110_48-146_1EFC:A:8-204	0	8	1	7	0	20	12	8	0	197
jgi|Lacbi1|335154|fgenesh3_pg.C_scaffold_78000003_299-343_1U6P:A:	2	0	1	0	0	10	6	3	0	56
jgi|Lacbi1|295996|estExt_fgenesh2_pg.C_780007_498-555,596-950,986-1129_1IAL:A:	0	0	4	28	0	36	22	21	0	453
jgi|Lacbi1|295996|estExt_fgenesh2_pg.C_780007_1124-1255,1292-1573,1645-1727,1765-1787,1874-1953_1LRV:A:	2	0	8	10	0	22	18	13	0	233
jgi|Lacbi1|335167|fgenesh3_pg.C_scaffold_78000016_552-727_1IA9:A:	5	14	4	6	0	31	17	13	0	278
jgi|Lacbi1|316766|eu2.Lbscf0078g00290_4-146_1A26:A:797-1012	1	14	6	4	0	25	16	10	0	216
jgi|Lacbi1|316768|eu2.Lbscf0078g00310_198-299_1A26:A:797-1012	1	14	6	4	0	25	16	10	0	216
jgi|Lacbi1|316769|eu2.Lbscf0078g00320_24-252_1A26:A:797-1012	1	14	6	4	0	25	16	10	0	216
jgi|Lacbi1|316770|eu2.Lbscf0078g00330_71-223_2B3W:A:1-160	2	4	1	6	0	16	12	8	0	160
jgi|Lacbi1|335185|fgenesh3_pg.C_scaffold_78000034_33-162_1IAE:A:	3	9	7	4	0	25	17	12	0	200
jgi|Lacbi1|335202|fgenesh3_pg.C_scaffold_79000007_98-289_1FPU:A:	3	9	8	8	0	29	16	17	0	292
jgi|Lacbi1|335212|fgenesh3_pg.C_scaffold_79000017_280-382_1X1G:A:8-123	0	7	0	1	0	18	14	3	0	116
jgi|Lacbi1|335212|fgenesh3_pg.C_scaffold_79000017_96-253_1IXV:A:	0	0	3	13	0	29	11	19	0	230
jgi|Lacbi1|316838|eu2.Lbscf0079g00340_5-63_1EJR:C:1130-1422,C:1476-1567	2	13	5	15	0	38	21	27	1	385
jgi|Lacbi1|335236|fgenesh3_pg.C_scaffold_79000041_140-182_1FQV:A:107-145	0	0	0	3	0	4	4	4	0	39
jgi|Lacbi1|317500|eu2.Lbscf0081g00030_771-806,962-1072_1ELW:A:	0	0	0	7	0	11	0	7	0	117
jgi|Lacbi1|317500|eu2.Lbscf0081g00030_379-409,767-843_2FBN:A:22-174	0	0	1	7	0	10	3	7	0	153
jgi|Lacbi1|317502|eu2.Lbscf0081g00050_181-285_1ELW:A:	0	0	0	7	0	11	0	7	0	117
jgi|Lacbi1|296014|estExt_fgenesh2_pg.C_810007_46-107,184-387_1W9C:A:	0	0	4	15	0	20	13	12	0	321
jgi|Lacbi1|335307|fgenesh3_pg.C_scaffold_82000011_59-86,338-500_1AZS:C:36-66,C:202-393	2	6	4	5	0	23	11	14	1	223
jgi|Lacbi1|335307|fgenesh3_pg.C_scaffold_82000011_88-132,249-312_1ZCB:A:76-201	0	0	2	9	0	8	5	9	0	126
jgi|Lacbi1|317582|eu2.Lbscf0082g00390_15-50_1UPT:A:	0	6	3	4	0	17	8	14	0	169
jgi|Lacbi1|317582|eu2.Lbscf0082g00390_31-119_1XZP:A:212-371	1	6	1	6	0	15	10	10	0	160
jgi|Lacbi1|296025|estExt_fgenesh2_pg.C_830002_196-502_1YRG:A:	3	14	2	12	0	46	15	21	0	343
jgi|Lacbi1|256451|e_gww1.83.17.1_17-413_1BJW:A:	3	12	6	13	0	38	12	22	0	382
jgi|Lacbi1|241730|e_gwh1.83.6.1_3-215_1IRU:2:	1	13	1	5	0	20	10	10	0	217
jgi|Lacbi1|335334|fgenesh3_pg.C_scaffold_83000009_259-340_1OYW:A:1-206	0	7	2	10	0	22	14	12	0	206
jgi|Lacbi1|241727|e_gwh1.83.13.1_49-184_1TP9:A:1-162	1	9	0	6	0	18	11	13	0	162
jgi|Lacbi1|256445|e_gww1.83.9.1_33-121_1O6U:A:275-398	0	8	1	1	0	14	7	4	0	124
jgi|Lacbi1|335346|fgenesh3_pg.C_scaffold_83000021_402-529,580-593_1TXO:A:	3	11	3	6	0	26	12	11	0	235
jgi|Lacbi1|256459|e_gww1.83.7.1_53-210_2H00:A:5-254	2	7	2	7	0	18	14	13	0	250
jgi|Lacbi1|167799|gwh1.83.18.1_6-187_1ACO:A:2-528	11	21	6	16	0	60	33	33	0	527
jgi|Lacbi1|317643|eu2.Lbscf0083g00440_13-151,199-279_1ERJ:A:	2	30	1	1	0	43	24	22	0	388
jgi|Lacbi1|317657|eu2.Lbscf0084g00130_52-214,246-286_1CP3:A:	8	11	3	5	0	26	15	14	0	243
jgi|Lacbi1|317667|eu2.Lbscf0084g00230_22-128_1BUO:A:	0	3	1	6	0	11	5	4	0	121
jgi|Lacbi1|317671|eu2.Lbscf0084g00270_100-186_1I11:A:	0	0	1	3	0	8	6	3	0	70
jgi|Lacbi1|317672|eu2.Lbscf0084g00280_68-407_1OGS:A:78-431	4	10	4	12	0	35	27	25	0	354
jgi|Lacbi1|296032|estExt_fgenesh2_pg.C_840019_253-302_2FV6:A:503-544	0	0	0	2	0	8	7	1	0	42
jgi|Lacbi1|317677|eu2.Lbscf0084g00330_47-135_1SC3:A:,B:	4	11	2	6	0	32	19	15	1	261
jgi|Lacbi1|335389|fgenesh3_pg.C_scaffold_85000006_454-552_1MVE:A:	5	17	3	1	0	29	16	13	0	243
jgi|Lacbi1|317700|eu2.Lbscf0085g00170_18-182,209-340_1K2X:A:,B:	4	13	2	9	0	28	12	18	1	291
jgi|Lacbi1|335396|fgenesh3_pg.C_scaffold_85000013_132-272,334-463_1OGQ:A:	1	22	12	1	0	50	24	17	0	313
jgi|Lacbi1|335401|fgenesh3_pg.C_scaffold_85000018_143-275_1MVE:A:	5	17	3	1	0	29	16	13	0	243
jgi|Lacbi1|335402|fgenesh3_pg.C_scaffold_86000001_226-264_1U6P:A:	2	0	1	0	0	10	6	3	0	56
jgi|Lacbi1|317738|eu2.Lbscf0086g00210_273-315_1QHK:A:	0	3	0	2	0	7	4	0	0	47
jgi|Lacbi1|317748|eu2.Lbscf0087g00060_16-144_1H3Z:A:	0	5	3	3	0	12	5	4	0	108
jgi|Lacbi1|154248|gww1.87.28.1_2-117_1CIP:A:61-181	0	0	1	8	0	7	3	10	0	121
jgi|Lacbi1|317762|eu2.Lbscf0087g00200_134-239_1VA0:A:2-226	5	10	4	6	0	21	17	14	0	225
jgi|Lacbi1|317765|eu2.Lbscf0087g00230_1-87_1AW9:A:2-82	0	4	1	2	0	10	7	7	0	81
jgi|Lacbi1|317765|eu2.Lbscf0087g00230_82-209_1AW9:A:83-217	2	0	0	9	0	7	9	9	0	135
jgi|Lacbi1|317772|eu2.Lbscf0087g00300_30-145_1H3Z:A:	0	5	3	3	0	12	5	4	0	108
jgi|Lacbi1|241776|e_gwh1.87.7.1_125-296_1BOF:A:10-60,A:182-354	1	6	6	6	0	19	9	12	1	224
jgi|Lacbi1|241776|e_gwh1.87.7.1_12-129_1CIP:A:61-181	0	0	1	8	0	7	3	10	0	121
jgi|Lacbi1|317781|eu2.Lbscf0088g00030_19-49_1PF4:A:321-564	3	9	2	6	0	30	21	8	0	243
jgi|Lacbi1|317789|eu2.Lbscf0088g00110_1238-1348_2FBN:A:22-174	0	0	1	7	0	10	3	7	0	153
jgi|Lacbi1|298787|eu2.Lbscf0152g00050_4-66_1TX4:A:	0	0	4	12	0	17	9	13	0	196
jgi|Lacbi1|317801|eu2.Lbscf0089g00010_4-66_1TX4:A:	0	0	4	12	0	17	9	13	0	196
jgi|Lacbi1|256562|e_gww1.89.9.1_2-60_1ASU:A:	0	5	1	5	0	18	12	6	0	162
jgi|Lacbi1|317811|eu2.Lbscf0089g00110_25-93_1A9X:B:1502-1652	4	7	2	4	0	22	12	6	0	151
jgi|Lacbi1|335466|fgenesh3_pg.C_scaffold_89000014_55-82,422-499_1ZCB:A:47-75,A:202-372	0	8	2	5	0	21	8	15	1	200
jgi|Lacbi1|335466|fgenesh3_pg.C_scaffold_89000014_89-132,342-426_1ZCA:A:83-204	0	0	2	7	0	8	3	7	0	122
jgi|Lacbi1|335480|fgenesh3_pg.C_scaffold_90000013_22-71_2FV6:A:503-544	0	0	0	2	0	8	7	1	0	42
jgi|Lacbi1|318427|eu2.Lbscf0090g00220_1127-1167_2FV6:A:503-544	0	0	0	2	0	8	7	1	0	42
jgi|Lacbi1|335491|fgenesh3_pg.C_scaffold_90000024_157-200_1QHK:A:	0	3	0	2	0	7	4	0	0	47
jgi|Lacbi1|151873|gww1.90.11.1_23-483_1PV7:A:	0	0	2	22	0	18	12	14	0	417
jgi|Lacbi1|318408|eu2.Lbscf0090g00030_85-280,486-556_1Q7L:A:,B:	3	10	4	8	0	31	16	18	1	280
jgi|Lacbi1|296037|estExt_fgenesh2_pg.C_900005_60-114_2EPS:A:408-446	0	2	0	1	0	5	5	1	0	39
jgi|Lacbi1|186682|estExt_GeneWisePlus_human.C_900011_2-292_2NYM:C:2-294	4	13	0	11	0	29	23	16	0	293
jgi|Lacbi1|256579|e_gww1.90.4.1_386-600_1F3O:A:	0	10	2	7	0	22	15	14	0	232
jgi|Lacbi1|256579|e_gww1.90.4.1_86-165,202-330_1OXS:C:1-242	0	11	6	8	0	23	18	13	0	242
jgi|Lacbi1|318417|eu2.Lbscf0090g00120_27-206_1APM:E:	5	9	4	11	0	36	21	20	0	341
jgi|Lacbi1|335478|fgenesh3_pg.C_scaffold_90000011_229-347,378-448_1FQV:A:146-431	8	13	3	8	0	55	21	24	0	286
jgi|Lacbi1|296040|estExt_fgenesh2_pg.C_900012_75-306_1FQV:A:146-431	8	13	3	8	0	55	21	24	0	286
jgi|Lacbi1|318454|eu2.Lbscf0092g00040_16-209_1DKG:D:3-185	4	12	2	5	0	21	12	11	0	183
jgi|Lacbi1|318455|eu2.Lbscf0092g00050_4-121_1YB5:A:6-120,A:295-329	2	9	3	2	0	18	11	6	1	150
jgi|Lacbi1|318455|eu2.Lbscf0092g00050_98-242_1YB5:A:121-294	0	7	1	8	0	16	8	12	0	174
jgi|Lacbi1|318460|eu2.Lbscf0092g00100_245-476_1UWH:A:	2	8	4	8	0	28	15	13	0	276
jgi|Lacbi1|318523|eu2.Lbscf0094g00180_38-212_1AZS:C:36-66,C:202-393	2	6	4	5	0	23	11	14	1	223
jgi|Lacbi1|318523|eu2.Lbscf0094g00180_16-39_1CIP:A:61-181	0	0	1	8	0	7	3	10	0	121
jgi|Lacbi1|318524|eu2.Lbscf0094g00190_71-112_1CIP:A:61-181	0	0	1	8	0	7	3	10	0	121
jgi|Lacbi1|318533|eu2.Lbscf0094g00280_10-153_1EFC:A:8-204	0	8	1	7	0	20	12	8	0	197
jgi|Lacbi1|335545|fgenesh3_pg.C_scaffold_94000015_17-52,99-188_1XZP:A:212-371	1	6	1	6	0	15	10	10	0	160
jgi|Lacbi1|318570|eu2.Lbscf0096g00050_7-131_1GOT:B:	1	28	0	2	0	36	22	23	0	339
jgi|Lacbi1|256615|e_gww1.96.3.1_4-175_1C1Y:A:	2	6	1	6	0	18	12	8	0	167
jgi|Lacbi1|335577|fgenesh3_pg.C_scaffold_96000013_24-160_1RY2:A:	13	28	0	20	0	87	54	43	0	640
jgi|Lacbi1|318621|eu2.Lbscf0098g00070_18-154_1RLR:A:222-748	8	15	8	19	0	57	32	28	0	525
jgi|Lacbi1|335605|fgenesh3_pg.C_scaffold_100000003_2-55_1FQV:A:107-145	0	0	0	3	0	4	4	4	0	39
jgi|Lacbi1|296086|eu2.Lbscf0100g00050_145-426_1YRG:A:	3	14	2	12	0	46	15	21	0	343
jgi|Lacbi1|192355|estExt_GeneWisePlus_worm.C_1000002_736-881,1027-1222_1SQJ:A:4-430	5	31	4	2	0	58	43	30	0	427
jgi|Lacbi1|192355|estExt_GeneWisePlus_worm.C_1000002_58-133,245-338,380-529_1SQJ:A:4-430	5	31	4	2	0	58	43	30	0	427
jgi|Lacbi1|335610|fgenesh3_pg.C_scaffold_100000008_714-948_1A4Y:A:	2	17	3	16	0	56	24	32	0	460
jgi|Lacbi1|296120|eu2.Lbscf0102g00060_59-117_1KNA:A:	0	4	2	1	0	5	1	2	0	52
jgi|Lacbi1|296133|eu2.Lbscf0104g00010_58-270_1U6G:C:	0	2	14	60	0	74	56	65	0	1207
jgi|Lacbi1|335633|fgenesh3_pg.C_scaffold_104000005_124-277_1FQV:A:146-431	8	13	3	8	0	55	21	24	0	286
jgi|Lacbi1|296149|eu2.Lbscf0104g00170_17-183_1ZJ6:A:2-178	2	7	3	6	0	16	9	14	0	177
jgi|Lacbi1|296159|eu2.Lbscf0105g00030_520-649_1IA9:A:	5	14	4	6	0	31	17	13	0	278
jgi|Lacbi1|296169|eu2.Lbscf0107g00060_41-69,311-468_1ZCB:A:47-75,A:202-372	0	8	2	5	0	21	8	15	1	200
jgi|Lacbi1|296169|eu2.Lbscf0107g00060_71-115,234-311_1ZCB:A:76-201	0	0	2	9	0	8	5	9	0	126
jgi|Lacbi1|296173|eu2.Lbscf0107g00100_17-83_1WF3:A:3-180	1	6	2	5	0	17	15	11	0	178
jgi|Lacbi1|335660|fgenesh3_pg.C_scaffold_108000003_565-801_1VRB:A:8-326	2	13	4	10	0	39	20	15	0	319
jgi|Lacbi1|335662|fgenesh3_pg.C_scaffold_109000002_451-660_1VRB:A:8-326	2	13	4	10	0	39	20	15	0	319
jgi|Lacbi1|335668|fgenesh3_pg.C_scaffold_110000002_18-56_1TA0:A:	2	9	6	4	0	24	13	9	0	196
jgi|Lacbi1|296746|eu2.Lbscf0110g00090_46-176_1VL8:A:	2	7	6	9	0	25	10	14	0	251
jgi|Lacbi1|296753|eu2.Lbscf0110g00160_25-123,209-304_1F3O:A:	0	10	2	7	0	22	15	14	0	232
jgi|Lacbi1|186688|estExt_GeneWisePlus_human.C_1110004_262-519_1T3T:A:1034-1295	7	11	7	8	0	30	18	19	0	262
jgi|Lacbi1|186688|estExt_GeneWisePlus_human.C_1110004_49-253_1T3T:A:817-1033	1	7	3	8	0	18	12	12	0	217
jgi|Lacbi1|186688|estExt_GeneWisePlus_human.C_1110004_1-38_1T3T:A:617-816	4	10	3	5	0	20	14	13	0	200
jgi|Lacbi1|256686|e_gww1.115.1.1_27-295_1PW4:A:	2	0	1	18	0	21	18	22	0	450
jgi|Lacbi1|335698|fgenesh3_pg.C_scaffold_115000005_63-384_2PLC:A:	5	13	4	8	0	26	18	17	0	274
jgi|Lacbi1|296804|eu2.Lbscf0115g00190_17-124_1KRM:A:	2	7	5	15	0	35	23	20	0	349
jgi|Lacbi1|320398|fgenesh3_pm.C_scaffold_115000001_15-231_1KS5:A:	0	15	3	1	0	15	12	10	0	223
jgi|Lacbi1|335705|fgenesh3_pg.C_scaffold_116000001_24-131_1BOF:A:10-60,A:182-354	1	6	6	6	0	19	9	12	1	224
jgi|Lacbi1|256692|e_gww1.117.3.1_38-351_1W9Y:A:2-308	1	12	5	7	0	27	12	12	0	307
jgi|Lacbi1|256696|e_gww1.120.2.1_325-554_1MV5:A:	2	12	1	8	1	29	24	14	0	242
jgi|Lacbi1|297409|eu2.Lbscf0121g00070_9-61_1WF3:A:3-180	1	6	2	5	0	17	15	11	0	178
jgi|Lacbi1|297434|eu2.Lbscf0124g00060_2-111_2ZNC:A:	3	15	8	2	0	35	22	9	0	258
jgi|Lacbi1|335748|fgenesh3_pg.C_scaffold_142000007_6-56_2DO3:A:462-523	0	5	0	0	0	9	7	3	0	62
jgi|Lacbi1|298348|eu2.Lbscf0145g00120_87-406_1OYW:A:1-206	0	7	2	10	0	22	14	12	0	206
jgi|Lacbi1|298352|eu2.Lbscf0146g00030_3-65_2P6R:A:203-403	2	10	1	7	0	20	15	11	0	201
jgi|Lacbi1|298363|eu2.Lbscf0147g00030_46-204_1GW5:B:	0	0	4	32	0	42	43	37	0	579
jgi|Lacbi1|298374|eu2.Lbscf0148g00050_73-221_1A4M:A:	2	8	6	15	0	34	19	18	0	349
jgi|Lacbi1|298376|eu2.Lbscf0148g00070_10-124_2D0T:A:12-403	6	4	5	19	0	33	22	25	0	392
jgi|Lacbi1|298378|eu2.Lbscf0148g00090_154-207_1WES:A:	0	2	0	0	0	16	13	4	0	70
jgi|Lacbi1|298772|eu2.Lbscf0150g00050_4-154_2BW3:A:163-609	0	5	7	21	0	33	14	25	0	447
jgi|Lacbi1|298774|eu2.Lbscf0151g00020_2-129_1T4H:A:	3	9	7	7	0	27	19	13	0	270
jgi|Lacbi1|298814|eu2.Lbscf0155g00100_4-57_2B3Y:A:2-630	5	25	11	23	0	64	33	40	0	629
jgi|Lacbi1|242018|e_gwh1.157.1.1_9-168_2B3W:A:1-160	2	4	1	6	0	16	12	8	0	160
jgi|Lacbi1|335822|fgenesh3_pg.C_scaffold_157000004_16-179_1EFC:A:8-204	0	8	1	7	0	20	12	8	0	197
jgi|Lacbi1|335860|fgenesh3_pg.C_scaffold_167000002_115-324_1VRB:A:8-326	2	13	4	10	0	39	20	15	0	319
jgi|Lacbi1|335861|fgenesh3_pg.C_scaffold_167000003_2-75,114-177_1G7S:A:1-227	3	9	5	6	0	24	13	14	0	227
jgi|Lacbi1|299197|eu2.Lbscf0168g00010_130-267_1KT1:A:254-421	0	0	1	7	0	12	3	7	0	168
jgi|Lacbi1|299198|eu2.Lbscf0168g00020_56-110_1KPG:A:	0	7	2	12	0	28	16	18	0	285
jgi|Lacbi1|335892|fgenesh3_pg.C_scaffold_177000001_298-343_1U6P:A:	2	0	1	0	0	10	6	3	0	56
jgi|Lacbi1|242078|e_gwh1.180.1.1_1-136_1C4Z:A:	4	10	4	13	0	35	26	18	0	350
jgi|Lacbi1|299895|eu2.Lbscf0184g00040_18-178_1GOT:B:	1	28	0	2	0	36	22	23	0	339
jgi|Lacbi1|335910|fgenesh3_pg.C_scaffold_185000001_137-313_1A4Y:A:	2	17	3	16	0	56	24	32	0	460
jgi|Lacbi1|299902|eu2.Lbscf0185g00050_5-56_1AE1:A:	2	7	4	8	0	23	13	14	0	258
jgi|Lacbi1|300223|eu2.Lbscf0193g00010_170-262_2I6G:A:1-198	3	7	1	6	0	17	8	11	0	198
jgi|Lacbi1|256821|e_gww1.193.1.1_24-548_1V25:A:	8	24	4	16	0	59	31	33	0	534
jgi|Lacbi1|256821|e_gww1.193.1.1_664-699,732-944_1JTV:A:	2	7	4	11	0	26	15	16	0	285
jgi|Lacbi1|300229|eu2.Lbscf0193g00070_5-190_1V25:A:	8	24	4	16	0	59	31	33	0	534
jgi|Lacbi1|335933|fgenesh3_pg.C_scaffold_195000002_242-293,324-354,382-654_2BW3:A:163-609	0	5	7	21	0	33	14	25	0	447
jgi|Lacbi1|335939|fgenesh3_pg.C_scaffold_197000001_71-205_1AW9:A:83-217	2	0	0	9	0	7	9	9	0	135
jgi|Lacbi1|335939|fgenesh3_pg.C_scaffold_197000001_3-80_1AW9:A:2-82	0	4	1	2	0	10	7	7	0	81
jgi|Lacbi1|335947|fgenesh3_pg.C_scaffold_201000002_1-239_1V4E:A:	0	2	1	14	0	18	6	12	0	280
jgi|Lacbi1|302057|eu2.Lbscf0201g00040_31-126_1PV7:A:	0	0	2	22	0	18	12	14	0	417
jgi|Lacbi1|335972|fgenesh3_pg.C_scaffold_213000002_180-313_2CYG:A:29-340	5	10	6	10	0	32	25	18	0	312
jgi|Lacbi1|335972|fgenesh3_pg.C_scaffold_213000002_7-103_1SQJ:A:4-430	5	31	4	2	0	58	43	30	0	427
jgi|Lacbi1|302373|eu2.Lbscf0214g00020_86-381_1J6O:A:	1	8	6	9	0	23	12	16	0	267
jgi|Lacbi1|335975|fgenesh3_pg.C_scaffold_214000002_2-43_1FQV:A:107-145	0	0	0	3	0	4	4	4	0	39
jgi|Lacbi1|192371|estExt_GeneWisePlus_worm.C_2150001_3-237_1UL1:X:2-217	0	7	1	7	0	19	10	10	0	216
jgi|Lacbi1|192371|estExt_GeneWisePlus_worm.C_2150001_226-269,345-427_1UL1:X:218-357	1	1	1	7	0	13	9	4	0	140
jgi|Lacbi1|302393|eu2.Lbscf0219g00020_155-372_1NOF:A:44-320	10	8	5	9	0	31	18	20	0	277
jgi|Lacbi1|302693|eu2.Lbscf0225g00020_25-118_1VG8:A:	2	6	3	5	0	18	16	7	0	184
jgi|Lacbi1|313048|eu2.Lbscf0576g00010_25-118_1VG8:A:	2	6	3	5	0	18	16	7	0	184
jgi|Lacbi1|302694|eu2.Lbscf0225g00030_2-302_2OOE:A:21-549	2	0	2	28	0	36	16	28	0	529
jgi|Lacbi1|336005|fgenesh3_pg.C_scaffold_229000001_2-20,103-208_1SM2:A:	3	7	3	8	0	30	12	13	0	263
jgi|Lacbi1|336006|fgenesh3_pg.C_scaffold_229000002_697-966_1MQB:A:	4	8	3	8	0	26	11	14	0	283
jgi|Lacbi1|336012|fgenesh3_pg.C_scaffold_233000001_213-258_1U6P:A:	2	0	1	0	0	10	6	3	0	56
jgi|Lacbi1|303386|eu2.Lbscf0240g00030_13-24,51-83,140-203,234-280_1W36:D:361-606	4	4	2	9	0	19	18	13	0	246
jgi|Lacbi1|242154|e_gwh1.242.1.1_73-202_1AW9:A:83-217	2	0	0	9	0	7	9	9	0	135
jgi|Lacbi1|242154|e_gwh1.242.1.1_1-87_1AW9:A:2-82	0	4	1	2	0	10	7	7	0	81
jgi|Lacbi1|303415|eu2.Lbscf0248g00020_4-92_1D1T:A:1-162,A:339-374	4	11	3	3	0	25	18	12	1	197
jgi|Lacbi1|303664|eu2.Lbscf0259g00010_24-318_1J6O:A:	1	8	6	9	0	23	12	16	0	267
jgi|Lacbi1|303943|eu2.Lbscf0261g00050_39-163_1T43:A:	2	9	3	11	0	29	18	14	0	274
jgi|Lacbi1|336069|fgenesh3_pg.C_scaffold_264000003_6-178_2FV8:A:4-184	0	6	2	6	0	16	5	13	0	181
jgi|Lacbi1|304198|eu2.Lbscf0271g00010_288-334_2HAP:C:55-97	0	0	1	2	0	6	3	2	0	43
jgi|Lacbi1|304441|eu2.Lbscf0284g00010_6-260_1HV8:A:211-365	1	6	1	6	0	17	12	7	0	155
jgi|Lacbi1|242236|e_gwh1.287.3.1_45-246_1EBF:A:151-340	1	5	3	7	0	18	12	11	0	190
jgi|Lacbi1|242236|e_gwh1.287.3.1_1-67_1EBF:A:2-150,A:341-359	2	6	2	7	0	22	11	8	1	168
jgi|Lacbi1|304448|eu2.Lbscf0288g00040_18-184_1XZP:A:212-371	1	6	1	6	0	15	10	10	0	160
jgi|Lacbi1|165125|gwh1.294.1.1_2-78_1DKG:D:186-383	1	6	1	6	0	13	10	7	0	198
jgi|Lacbi1|336122|fgenesh3_pg.C_scaffold_307000002_2-193_1HTQ:A:101-468	9	10	3	11	0	42	27	21	0	374
jgi|Lacbi1|336129|fgenesh3_pg.C_scaffold_312000001_4-203_1UL1:X:2-217	0	7	1	7	0	19	10	10	0	216
jgi|Lacbi1|336129|fgenesh3_pg.C_scaffold_312000001_188-230,275-329_1A77:A:209-316	0	0	0	6	0	9	3	6	0	108
jgi|Lacbi1|336138|fgenesh3_pg.C_scaffold_324000001_722-877_1YT3:A:1-193	0	6	1	8	0	20	12	8	0	193
jgi|Lacbi1|306723|eu2.Lbscf0325g00060_27-192_1BYQ:A:	0	8	3	5	0	23	13	12	0	213
jgi|Lacbi1|336146|fgenesh3_pg.C_scaffold_335000002_2-153_1IRU:I:	3	13	0	5	0	24	15	10	0	220
jgi|Lacbi1|242275|e_gwh1.343.1.1_1-245_1HU3:A:	0	0	1	10	0	14	8	8	0	259
jgi|Lacbi1|307135|eu2.Lbscf0349g00010_9-149_1GOT:B:	1	28	0	2	0	36	22	23	0	339
jgi|Lacbi1|336159|fgenesh3_pg.C_scaffold_357000002_227-314_1AM9:A:	0	0	0	2	0	4	1	1	0	80
jgi|Lacbi1|336164|fgenesh3_pg.C_scaffold_377000001_487-654_1IA9:A:	5	14	4	6	0	31	17	13	0	278
jgi|Lacbi1|242325|e_gwh1.390.1.1_3-140_1V6W:A:304-436	5	12	5	0	0	24	7	8	0	133
jgi|Lacbi1|336176|fgenesh3_pg.C_scaffold_390000003_253-349_1V6W:A:304-436	5	12	5	0	0	24	7	8	0	133
jgi|Lacbi1|336180|fgenesh3_pg.C_scaffold_394000001_28-43,237-402_1SHZ:A:46-75,A:201-371	2	6	2	6	0	24	15	13	1	201
jgi|Lacbi1|336180|fgenesh3_pg.C_scaffold_394000001_49-93,187-242_1ZCB:A:76-201	0	0	2	9	0	8	5	9	0	126
jgi|Lacbi1|336188|fgenesh3_pg.C_scaffold_400000001_197-322_1KPG:A:	0	7	2	12	0	28	16	18	0	285
jgi|Lacbi1|309345|eu2.Lbscf0402g00030_15-334_1JV2:A:1-438	9	35	2	3	0	69	38	34	0	438
jgi|Lacbi1|309354|eu2.Lbscf0404g00030_26-183_1WB1:A:1-179	1	6	1	5	0	15	7	9	0	179
jgi|Lacbi1|336207|fgenesh3_pg.C_scaffold_409000002_66-176_1PDN:C:	0	2	0	6	0	15	8	9	0	127
jgi|Lacbi1|309572|eu2.Lbscf0410g00020_28-44,81-390_1PGU:A:327-613	0	28	0	0	0	31	21	20	0	287
jgi|Lacbi1|242344|e_gwh1.411.3.1_3-316_1LDJ:A:17-410	0	0	1	19	0	17	14	19	0	394
jgi|Lacbi1|242344|e_gwh1.411.3.1_320-580_1LDJ:A:411-686	3	7	3	9	0	24	12	13	0	276
jgi|Lacbi1|242344|e_gwh1.411.3.1_585-672_1LDJ:A:687-776	0	3	0	3	0	4	3	4	0	90
jgi|Lacbi1|309575|eu2.Lbscf0411g00030_5-134_1PUI:A:	2	7	3	5	0	15	9	7	0	188
jgi|Lacbi1|309784|eu2.Lbscf0423g00010_2-53,85-171_1GQ2:A:280-580	3	9	5	11	0	37	20	16	0	298
jgi|Lacbi1|309959|eu2.Lbscf0437g00030_45-120_2P6R:A:1-202	1	7	2	7	0	20	9	10	0	202
jgi|Lacbi1|242355|e_gwh1.440.2.1_7-272_1HU3:A:	0	0	1	10	0	14	8	8	0	259
jgi|Lacbi1|310280|eu2.Lbscf0458g00010_14-172_1WA5:C:	8	0	17	50	0	66	46	42	0	959
jgi|Lacbi1|296073|estExt_fgenesh2_pg.C_4590002_186-377,407-438_1XKU:A:	5	16	7	1	0	61	27	24	0	305
jgi|Lacbi1|310568|eu2.Lbscf0474g00010_45-318_1XVX:A:	5	9	8	11	0	31	19	13	0	311
jgi|Lacbi1|336261|fgenesh3_pg.C_scaffold_474000003_4-131_3MBP:A:	5	16	3	16	0	31	22	21	0	370
jgi|Lacbi1|310762|eu2.Lbscf0481g00010_133-169_1UL1:X:218-357	1	1	1	7	0	13	9	4	0	140
jgi|Lacbi1|310762|eu2.Lbscf0481g00010_79-148_1UL1:X:2-217	0	7	1	7	0	19	10	10	0	216
jgi|Lacbi1|312401|eu2.Lbscf0529g00010_228-349,391-439_1FQV:A:146-431	8	13	3	8	0	55	21	24	0	286
jgi|Lacbi1|186713|estExt_GeneWisePlus_human.C_5490001_66-291_1A17:A:	0	0	0	7	0	11	3	7	0	159
jgi|Lacbi1|186713|estExt_GeneWisePlus_human.C_5490001_435-539_1HDJ:A:	0	0	1	4	0	9	2	7	0	76
jgi|Lacbi1|186713|estExt_GeneWisePlus_human.C_5490001_297-409_2C2L:A:24-224	0	0	1	10	0	12	7	11	0	201
jgi|Lacbi1|150719|gww1.552.1.1_1-76_2P6R:A:1-202	1	7	2	7	0	20	9	10	0	202
jgi|Lacbi1|313050|eu2.Lbscf0577g00010_265-345_2RSP:A:	1	11	0	1	0	21	11	5	0	124
jgi|Lacbi1|313052|eu2.Lbscf0579g00010_151-200_2BW3:A:79-162	2	0	1	4	0	8	3	1	0	84
jgi|Lacbi1|296079|estExt_fgenesh2_pg.C_5890002_204-315_1C1G:C:	0	0	0	3	0	2	1	2	0	283
jgi|Lacbi1|336312|fgenesh3_pg.C_scaffold_599000001_225-264_2DO3:A:462-523	0	5	0	0	0	9	7	3	0	62
jgi|Lacbi1|314298|eu2.Lbscf0600g00020_1-39_2G6B:A:58-227	0	6	1	5	0	16	10	9	0	170
jgi|Lacbi1|242402|e_gwh1.617.1.1_1-76_1YB5:A:6-120,A:295-329	2	9	3	2	0	18	11	6	1	150
jgi|Lacbi1|314663|eu2.Lbscf0635g00020_76-126_1WEE:A:	0	3	0	1	0	15	10	3	0	71
jgi|Lacbi1|315043|eu2.Lbscf0678g00030_34-125_1PKX:A:201-592	5	15	2	13	0	36	25	22	0	392
jgi|Lacbi1|315047|eu2.Lbscf0679g00030_21-88_2FR1:A:1657-1915	2	9	2	10	0	25	12	17	0	259
jgi|Lacbi1|257167|e_gww1.679.1.1_3-192_1YDE:A:4-253	2	7	2	10	0	23	11	14	0	250
jgi|Lacbi1|315217|eu2.Lbscf0698g00020_89-134,163-401_2G0D:A:7-415	2	2	7	18	0	33	23	23	0	409
jgi|Lacbi1|336342|fgenesh3_pg.C_scaffold_735000001_2-86_1OKC:A:	0	0	6	11	0	19	10	9	0	292
jgi|Lacbi1|316554|eu2.Lbscf0757g00020_11-65_1WDU:A:	2	14	2	3	0	29	13	10	0	228
jgi|Lacbi1|257172|e_gww1.781.3.1_2-70_1ID3:D:	0	2	0	4	0	8	4	1	0	93
jgi|Lacbi1|316737|eu2.Lbscf0785g00010_4-68_1ZHX:A:2-434	5	19	10	9	0	46	21	29	0	433
jgi|Lacbi1|317717|eu2.Lbscf0862g00050_10-69_1QDE:A:	1	7	1	8	0	24	11	12	0	212
jgi|Lacbi1|317800|eu2.Lbscf0890g00010_2-160_1W6K:A:6-99,A:379-732	11	4	6	14	0	49	27	27	1	448
jgi|Lacbi1|296081|estExt_fgenesh2_pg.C_9560001_177-354_1FQV:A:146-431	8	13	3	8	0	55	21	24	0	286
jgi|Lacbi1|336361|fgenesh3_pg.C_scaffold_985000001_8-148_1NEX:B:370-744	1	32	0	0	0	32	16	23	0	355
jgi|Lacbi1|257178|e_gww1.1017.2.1_83-150_1SU4:A:125-239	2	9	3	0	0	21	10	7	0	115
jgi|Lacbi1|257178|e_gww1.1017.2.1_7-83_1SU4:A:1-124,A:240-343,A:751-994	1	1	8	18	0	32	20	22	2	472
jgi|Lacbi1|336363|fgenesh3_pg.C_scaffold_1041000001_2-112_1K3I:A:538-639	3	10	0	0	0	15	10	5	0	102
jgi|Lacbi1|296810|eu2.Lbscf1169g00010_44-121_1OYW:A:1-206	0	7	2	10	0	22	14	12	0	206
jgi|Lacbi1|140772|gww1.1.5.1_257-397,515-558,598-690_2P6R:A:1-202	1	7	2	7	0	20	9	10	0	202
jgi|Lacbi1|140780|gww1.5.3.1_898-948,1168-1224,1293-1338,1460-1614_1GW5:A:	0	2	4	33	0	46	32	22	0	620
jgi|Lacbi1|140787|gww1.4.2.1_1316-1456,1489-1640_1E8Y:A:726-1092	0	10	2	12	0	26	15	16	0	367
jgi|Lacbi1|140787|gww1.4.2.1_5-64,135-448,589-655_2BPT:A:1-861	0	0	19	43	0	44	28	37	0	860
jgi|Lacbi1|140810|gww1.89.1.1_372-613_1A9X:A:677-935	1	11	2	8	0	28	16	9	0	259
jgi|Lacbi1|140810|gww1.89.1.1_101-253_1A9X:A:403-555	3	2	1	7	0	15	8	10	0	153
jgi|Lacbi1|140810|gww1.89.1.1_261-372_1A9X:A:556-676	3	4	0	6	0	13	10	8	0	121
jgi|Lacbi1|140810|gww1.89.1.1_2-106_1A9X:A:128-402	4	11	3	7	0	30	24	12	0	275
jgi|Lacbi1|140813|gww1.15.1.1_323-496_2Q0Z:X:33-208	1	0	2	9	0	14	8	11	0	176
jgi|Lacbi1|140813|gww1.15.1.1_6-181_2P6R:A:1-202	1	7	2	7	0	20	9	10	0	202
jgi|Lacbi1|140813|gww1.15.1.1_823-1032_2P6R:A:203-403	2	10	1	7	0	20	15	11	0	201
jgi|Lacbi1|140813|gww1.15.1.1_524-814_2P6R:A:1-202	1	7	2	7	0	20	9	10	0	202
jgi|Lacbi1|140813|gww1.15.1.1_204-307_2A07:F:503-584	3	2	0	4	0	11	4	2	0	82
jgi|Lacbi1|140813|gww1.15.1.1_1032-1127_1ZYB:A:148-220	0	3	1	3	0	8	5	4	0	73
jgi|Lacbi1|140834|gww1.24.1.1_24-242,272-363,399-477,513-637,671-723,921-1218_1TE4:A:	0	0	3	6	0	11	9	5	0	111
jgi|Lacbi1|140834|gww1.24.1.1_1057-1450,1600-1622,1653-1737,1856-1877_1Y6I:A:1-82	0	0	0	5	0	8	5	4	0	82
jgi|Lacbi1|140840|gww1.9.3.1_818-936_1A25:A:	1	8	1	2	0	18	10	5	0	132
jgi|Lacbi1|140868|gww1.11.6.1_545-663,709-779_2SHP:A:219-525	0	13	3	8	0	23	15	13	0	307
jgi|Lacbi1|140868|gww1.11.6.1_953-1089,1124-1199_1U24:A:	2	11	6	8	0	41	18	17	0	336
jgi|Lacbi1|140868|gww1.11.6.1_10-118,199-294_1U24:A:	2	11	6	8	0	41	18	17	0	336
jgi|Lacbi1|140895|gww1.23.7.1_493-660_2Q0Z:X:33-208	1	0	2	9	0	14	8	11	0	176
jgi|Lacbi1|140895|gww1.23.7.1_61-253_2P6R:A:1-202	1	7	2	7	0	20	9	10	0	202
jgi|Lacbi1|140895|gww1.23.7.1_742-942_2P6R:A:1-202	1	7	2	7	0	20	9	10	0	202
jgi|Lacbi1|140895|gww1.23.7.1_992-1189_2P6R:A:203-403	2	10	1	7	0	20	15	11	0	201
jgi|Lacbi1|140895|gww1.23.7.1_88-151,272-405_2P6R:A:203-403	2	10	1	7	0	20	15	11	0	201
jgi|Lacbi1|140895|gww1.23.7.1_672-770_2Q0Z:X:209-322	2	7	1	0	0	12	8	4	0	114
jgi|Lacbi1|140895|gww1.23.7.1_1293-1346_2Q0Z:X:33-208	1	0	2	9	0	14	8	11	0	176
jgi|Lacbi1|140898|gww1.18.4.1_34-124,341-466,980-1209_1SU4:A:1-124,A:240-343,A:751-994	1	1	8	18	0	32	20	22	2	472
jgi|Lacbi1|140898|gww1.18.4.1_460-484,695-812,905-976_1YMQ:A:2-261	3	13	6	10	0	30	16	15	0	260
jgi|Lacbi1|140898|gww1.18.4.1_478-494,556-756_1SU4:A:361-599	0	13	3	7	0	21	11	13	0	239
jgi|Lacbi1|140898|gww1.18.4.1_201-262,299-336_1SU4:A:125-239	2	9	3	0	0	21	10	7	0	115
jgi|Lacbi1|140911|gww1.24.2.1_520-962_1TGO:A:348-773	5	12	5	13	0	44	20	26	0	426
jgi|Lacbi1|140911|gww1.24.2.1_42-210,238-292,323-524_1WNS:A:1-347	2	17	1	10	0	31	20	21	0	347
jgi|Lacbi1|140954|gww1.19.1.1_262-444,543-707_2F2H:A:248-585	10	10	5	9	0	36	16	18	0	338
jgi|Lacbi1|140954|gww1.19.1.1_6-260_2F2H:A:1-247	2	21	1	1	0	22	20	14	0	247
jgi|Lacbi1|140954|gww1.19.1.1_709-794_2F2H:A:586-665	0	8	1	1	0	13	7	5	0	80
jgi|Lacbi1|140963|gww1.12.3.1_2-107,464-559_1M2V:B:61-215,B:553-646	5	10	2	3	0	17	17	8	1	249
jgi|Lacbi1|140963|gww1.12.3.1_217-449_1M2V:B:301-552	1	9	0	8	0	19	17	12	0	252
jgi|Lacbi1|140963|gww1.12.3.1_109-194_1M2V:B:216-300	2	5	3	1	0	15	7	6	0	85
jgi|Lacbi1|140963|gww1.12.3.1_665-812_1M2V:B:754-926	1	4	1	3	0	19	8	8	0	173
jgi|Lacbi1|140963|gww1.12.3.1_560-664_1M2V:B:647-753	0	1	1	5	0	7	7	5	0	107
jgi|Lacbi1|140994|gww1.6.12.1_334-640_1EWQ:A:267-541	2	4	1	10	0	20	10	10	0	275
jgi|Lacbi1|140994|gww1.6.12.1_642-881_1E3M:A:567-800	2	10	1	6	0	25	13	9	0	234
jgi|Lacbi1|140994|gww1.6.12.1_9-122_1E3M:A:2-116	0	6	3	3	0	11	6	7	0	115
jgi|Lacbi1|141006|gww1.21.1.1_57-287_2ONK:A:1-240	2	9	2	9	0	23	17	15	0	240
jgi|Lacbi1|141112|gww1.1.52.1_1197-1307_1E6I:A:	0	0	2	5	0	8	8	7	0	111
jgi|Lacbi1|141112|gww1.1.52.1_1516-1639_1F68:A:	0	0	1	5	0	8	6	4	0	103
jgi|Lacbi1|141112|gww1.1.52.1_297-540_1HS6:A:209-460	1	7	4	11	0	19	10	13	0	252
jgi|Lacbi1|141112|gww1.1.52.1_2-64,129-276_1HS6:A:1-208	2	15	4	0	0	20	10	12	0	208
jgi|Lacbi1|141112|gww1.1.52.1_1648-1733_1JSP:B:	2	0	1	4	0	10	12	9	0	120
jgi|Lacbi1|141123|gww1.25.5.1_1-369_1I6I:A:	5	18	4	8	0	31	12	24	0	365
jgi|Lacbi1|141123|gww1.25.5.1_478-584_2G1L:A:498-599	0	11	0	0	0	17	8	6	0	102
jgi|Lacbi1|141123|gww1.25.5.1_1481-1575_1UPQ:A:	0	7	1	1	0	13	8	5	0	107
jgi|Lacbi1|141163|gww1.31.4.1_737-990_1A9X:A:677-935	1	11	2	8	0	28	16	9	0	259
jgi|Lacbi1|141163|gww1.31.4.1_466-618_1A9X:A:403-555	3	2	1	7	0	15	8	10	0	153
jgi|Lacbi1|141163|gww1.31.4.1_86-282_1A9X:B:1653-1880	4	10	1	6	0	22	14	15	0	228
jgi|Lacbi1|141163|gww1.31.4.1_621-737_1A9X:A:556-676	3	4	0	6	0	13	10	8	0	121
jgi|Lacbi1|141163|gww1.31.4.1_370-471_1A9X:A:128-402	4	11	3	7	0	30	24	12	0	275
jgi|Lacbi1|141163|gww1.31.4.1_1-63_1A9X:B:1502-1652	4	7	2	4	0	22	12	6	0	151
jgi|Lacbi1|141163|gww1.31.4.1_310-349_1A9X:A:1-127	2	5	2	5	0	17	8	6	0	127
jgi|Lacbi1|141163|gww1.31.4.1_999-1035_1ZCZ:A:1-157	0	5	3	6	0	14	8	7	0	157
jgi|Lacbi1|141258|gww1.198.1.1_141-520_1UMD:A:	7	7	4	12	0	37	21	24	0	362
jgi|Lacbi1|141258|gww1.198.1.1_563-790_2BFD:B:2-204	0	8	5	7	0	20	13	12	0	203
jgi|Lacbi1|141289|gww1.6.25.1_233-482_1HS6:A:209-460	1	7	4	11	0	19	10	13	0	252
jgi|Lacbi1|141289|gww1.6.25.1_1-219_1HS6:A:1-208	2	15	4	0	0	20	10	12	0	208
jgi|Lacbi1|141362|gww1.3.41.1_258-580_1EWQ:A:267-541	2	4	1	10	0	20	10	10	0	275
jgi|Lacbi1|141362|gww1.3.41.1_582-870_1EWQ:A:542-765	2	10	1	6	0	20	13	10	0	224
jgi|Lacbi1|141442|gww1.11.23.1_30-374_1IBJ:A:	3	12	2	12	0	48	29	25	0	380
jgi|Lacbi1|141442|gww1.11.23.1_415-632_1KVK:A:1-225	0	8	2	6	0	18	15	9	0	225
jgi|Lacbi1|141442|gww1.11.23.1_648-801_1KVK:A:226-394	0	5	0	6	0	14	6	6	0	169
jgi|Lacbi1|141475|gww1.8.14.1_169-452_1MI1:A:2249-2553	8	0	5	13	0	35	25	25	0	305
jgi|Lacbi1|141475|gww1.8.14.1_503-664_1P22:A:253-545	0	28	0	1	0	35	23	13	0	293
jgi|Lacbi1|141475|gww1.8.14.1_22-133_1MI1:A:2140-2248	0	7	1	3	0	12	6	8	0	109
jgi|Lacbi1|141480|gww1.69.3.1_21-112,427-634_1SU4:A:1-124,A:240-343,A:751-994	1	1	8	18	0	32	20	22	2	472
jgi|Lacbi1|141480|gww1.69.3.1_116-136,233-460_1SU4:A:344-360,A:600-750	3	8	1	8	0	16	12	11	1	168
jgi|Lacbi1|141505|gww1.8.15.1_219-327,393-454_2CPH:A:454-547	2	4	0	2	0	12	9	3	0	94
jgi|Lacbi1|141505|gww1.8.15.1_2-194_2CPH:A:454-547	2	4	0	2	0	12	9	3	0	94
jgi|Lacbi1|141512|gww1.4.54.1_1-443_1FO3:A:	8	18	3	16	0	47	22	26	0	457
jgi|Lacbi1|141595|gww1.22.19.1_364-562_1XA6:A:271-466	0	0	1	11	0	17	14	15	0	196
jgi|Lacbi1|141595|gww1.22.19.1_16-165,198-323_2EFK:A:10-288	0	0	1	6	0	5	3	5	0	279
jgi|Lacbi1|141630|gww1.5.50.1_132-366_1OIS:A:	2	12	3	4	0	26	6	12	0	223
jgi|Lacbi1|141630|gww1.5.50.1_368-570,720-770_1K4T:A:431-640,A:713-765	4	3	5	11	0	20	11	18	1	263
jgi|Lacbi1|141735|gww1.1.119.1_263-691_1EKM:A:237-672	7	24	6	5	0	52	24	29	0	436
jgi|Lacbi1|141735|gww1.1.119.1_110-203,235-249_1EKM:A:116-236	1	4	2	4	0	14	8	6	0	121
jgi|Lacbi1|141735|gww1.1.119.1_1-90_1EKM:A:17-115	0	4	0	2	0	7	4	5	0	99
jgi|Lacbi1|141739|gww1.1.120.1_284-711_1EKM:A:237-672	7	24	6	5	0	52	24	29	0	436
jgi|Lacbi1|141739|gww1.1.120.1_130-224,256-271_1EKM:A:116-236	1	4	2	4	0	14	8	6	0	121
jgi|Lacbi1|141739|gww1.1.120.1_1-82_1EKM:A:17-115	0	4	0	2	0	7	4	5	0	99
jgi|Lacbi1|141760|gww1.4.71.1_373-596_2HYD:A:324-578	2	10	5	9	0	25	21	16	0	255
jgi|Lacbi1|141816|gww1.52.4.1_2-158,188-297_1L0Q:A:1-301	0	29	1	0	0	20	16	19	0	301
jgi|Lacbi1|141828|gww1.1.128.1_133-539_1EKM:A:237-672	7	24	6	5	0	52	24	29	0	436
jgi|Lacbi1|141828|gww1.1.128.1_1-73_1EKM:A:116-236	1	4	2	4	0	14	8	6	0	121
jgi|Lacbi1|141864|gww1.1.131.1_498-714_3B60:A:329-581	4	10	2	9	0	24	18	16	0	253
jgi|Lacbi1|141864|gww1.1.131.1_180-272,314-456_1B0U:A:	0	12	1	10	0	24	16	14	0	261
jgi|Lacbi1|141947|gww1.5.75.1_237-469_2FLU:X:325-609	14	28	0	0	0	37	15	14	0	285
jgi|Lacbi1|141947|gww1.5.75.1_16-124_1XNA:A:	2	8	1	1	1	22	17	5	0	151
jgi|Lacbi1|142000|gww1.2.121.1_471-535_1TN4:A:	0	4	0	8	0	14	5	7	0	157
jgi|Lacbi1|142036|gww1.1.161.1_317-638_1ZHX:A:2-434	5	19	10	9	0	46	21	29	0	433
jgi|Lacbi1|142036|gww1.1.161.1_3-95_1EAZ:A:	0	7	1	2	0	13	8	5	0	104
jgi|Lacbi1|142093|gww1.10.27.1_451-507_2OAU:A:113-179	0	5	0	2	0	7	5	3	0	67
jgi|Lacbi1|142093|gww1.10.27.1_346-380_1BJF:A:	0	4	1	10	0	16	12	9	0	181
jgi|Lacbi1|142129|gww1.1.171.1_200-450_1PUJ:A:	2	6	3	10	0	26	16	16	0	273
jgi|Lacbi1|142155|gww1.2.141.1_97-409_1GTR:A:8-338	6	9	4	12	0	35	20	18	0	331
jgi|Lacbi1|142155|gww1.2.141.1_404-600_1GTR:A:339-547	3	18	5	0	0	26	16	8	0	209
jgi|Lacbi1|142155|gww1.2.141.1_1-60_1NHY:A:76-219	0	0	2	7	0	12	5	9	0	144
jgi|Lacbi1|142235|gww1.7.38.1_334-566,594-637_1JW9:B:	5	8	2	9	0	22	10	18	0	247
jgi|Lacbi1|142242|gww1.81.7.1_17-418_1BO1:A:	1	12	2	8	0	33	23	12	0	383
jgi|Lacbi1|142250|gww1.33.21.1_31-432_1BO1:A:	1	12	2	8	0	33	23	12	0	383
jgi|Lacbi1|142287|gww1.4.108.1_124-423_1WRB:A:164-401	2	8	2	8	0	26	18	9	0	238
jgi|Lacbi1|142326|gww1.5.103.1_48-328_1UDX:A:157-336	0	7	2	6	0	22	13	8	0	180
jgi|Lacbi1|142370|gww1.3.92.1_2-163,192-247,368-567_1PW4:A:	2	0	1	18	0	21	18	22	0	450
jgi|Lacbi1|142394|gww1.8.38.1_185-369_1CVJ:A:91-179	2	5	0	3	0	9	6	7	0	89
jgi|Lacbi1|142394|gww1.8.38.1_4-174_1CVJ:A:91-179	2	5	0	3	0	9	6	7	0	89
jgi|Lacbi1|142394|gww1.8.38.1_479-599_1G9L:A:	0	0	0	5	0	15	16	8	0	143
jgi|Lacbi1|142426|gww1.5.115.1_308-562_1PV9:A:125-345	6	13	2	4	0	27	12	10	0	221
jgi|Lacbi1|142426|gww1.5.115.1_7-126_1PV9:A:8-124	1	6	1	6	0	11	7	7	0	117
jgi|Lacbi1|142430|gww1.7.50.1_2-252,373-457_1NEK:A:1-235,A:356-450	7	17	3	8	0	41	22	15	1	330
jgi|Lacbi1|142430|gww1.7.50.1_467-608_1NEK:A:451-588	2	4	1	3	0	16	10	4	0	138
jgi|Lacbi1|142430|gww1.7.50.1_235-369_1NEK:A:236-355	2	4	1	5	0	14	7	9	0	120
jgi|Lacbi1|142473|gww1.6.93.1_6-492_1RY2:A:	13	28	0	20	0	87	54	43	0	640
jgi|Lacbi1|142557|gww1.69.6.1_417-531_1K3I:A:538-639	3	10	0	0	0	15	10	5	0	102
jgi|Lacbi1|142557|gww1.69.6.1_51-393_1K3I:A:151-537	9	30	6	0	0	59	29	25	0	387
jgi|Lacbi1|142568|gww1.1.202.1_43-470_1QWO:A:	5	10	6	15	0	41	25	28	0	435
jgi|Lacbi1|142592|gww1.47.3.1_10-246_2G39:A:3-223	10	9	3	6	0	25	19	14	0	221
jgi|Lacbi1|142592|gww1.47.3.1_251-483_2G39:A:224-497	2	17	5	10	0	29	21	17	0	274
jgi|Lacbi1|142630|gww1.29.6.1_76-209,276-450_1GBG:A:	7	16	2	1	0	25	12	12	0	214
jgi|Lacbi1|142667|gww1.21.13.1_1-49_2CSH:A:8-60	0	4	0	2	0	6	6	3	0	53
jgi|Lacbi1|142676|gww1.9.63.1_51-359_1ERJ:A:	2	30	1	1	0	43	24	22	0	388
jgi|Lacbi1|142693|gww1.64.14.1_75-260_2HSJ:A:1-211	4	5	4	9	0	22	9	9	0	211
jgi|Lacbi1|142696|gww1.25.22.1_54-341_1OYW:A:207-406	1	6	0	8	0	23	16	13	0	200
jgi|Lacbi1|142705|gww1.100.5.1_2-321,555-587_1GPE:A:1-328,A:525-587	13	16	6	10	0	49	25	31	1	391
jgi|Lacbi1|142705|gww1.100.5.1_323-379,417-556_1CF3:A:325-520	4	8	6	6	0	21	11	8	0	196
jgi|Lacbi1|142722|gww1.36.6.1_4-57_2ADR:A:102-130	2	0	0	1	0	5	2	2	0	29
jgi|Lacbi1|142776|gww1.7.66.1_161-506_1G8M:A:201-593	3	17	3	13	0	40	23	23	0	393
jgi|Lacbi1|142776|gww1.7.66.1_10-146_1PKX:A:3-200	3	5	1	10	0	17	9	10	0	198
jgi|Lacbi1|142784|gww1.2.203.1_2-312_1OI2:A:	8	16	1	8	0	32	19	19	0	347
jgi|Lacbi1|142784|gww1.2.203.1_341-545_1UN8:A:336-550	2	1	1	9	0	15	8	9	0	215
jgi|Lacbi1|142833|gww1.5.145.1_162-320_1O59:A:194-343	0	12	3	0	0	21	12	5	0	150
jgi|Lacbi1|142833|gww1.5.145.1_2-158_1O59:A:0-187	3	12	3	1	0	30	16	8	0	187
jgi|Lacbi1|142833|gww1.5.145.1_352-502_1XSQ:A:	5	13	0	1	0	24	7	4	0	160
jgi|Lacbi1|142933|gww1.14.16.1_80-333_1NR0:A:2-312	4	27	1	0	0	38	22	20	0	311
jgi|Lacbi1|142967|gww1.29.20.1_61-233_3DC7:A:18-224	5	5	1	8	0	25	19	14	0	207
jgi|Lacbi1|142989|gww1.1.242.1_87-300_1I2D:A:171-390	8	7	2	7	0	26	15	13	0	220
jgi|Lacbi1|142989|gww1.1.242.1_301-416,453-472_1I2D:A:391-573	0	5	1	7	0	17	12	10	0	183
jgi|Lacbi1|142989|gww1.1.242.1_2-83_1I2D:A:2-170	3	7	1	7	0	21	13	9	0	169
jgi|Lacbi1|143019|gww1.12.41.1_159-453_1VYH:C:92-408	0	28	1	0	0	39	25	14	0	317
jgi|Lacbi1|143116|gww1.5.164.1_4-141_1GW5:S:	0	7	0	5	0	11	6	9	0	142
jgi|Lacbi1|143116|gww1.5.164.1_280-532_1I31:A:	1	16	2	0	0	27	16	7	0	277
jgi|Lacbi1|143136|gww1.61.13.1_5-233,288-502_1PV7:A:	0	0	2	22	0	18	12	14	0	417
jgi|Lacbi1|143175|gww1.2.229.1_44-334_2R8B:A:44-246	2	9	2	5	0	21	16	11	0	203
jgi|Lacbi1|143298|gww1.23.36.1_345-453_1GPM:A:405-525	2	4	2	2	0	9	6	7	0	121
jgi|Lacbi1|143298|gww1.23.36.1_29-169_1GPM:A:3-207	1	12	1	4	0	26	19	16	0	205
jgi|Lacbi1|143298|gww1.23.36.1_179-385_1GPM:A:208-404	0	5	1	8	0	15	5	8	0	197
jgi|Lacbi1|143304|gww1.69.9.1_162-344_1GYC:A:131-300	5	11	3	0	0	25	17	11	0	170
jgi|Lacbi1|143304|gww1.69.9.1_331-500_1V10:A:305-494	3	12	3	5	0	28	18	8	0	190
jgi|Lacbi1|143304|gww1.69.9.1_18-183_1GYC:A:1-130	6	8	3	0	0	20	7	10	0	130
jgi|Lacbi1|143356|gww1.11.113.1_29-313,359-411_1WU7:A:3-329	3	12	1	12	0	35	21	19	0	327
jgi|Lacbi1|143356|gww1.11.113.1_425-500_1QE0:A:326-420	0	5	0	4	0	11	3	5	0	95
jgi|Lacbi1|143394|gww1.23.37.1_281-402_1GPM:A:405-525	2	4	2	2	0	9	6	7	0	121
jgi|Lacbi1|143394|gww1.23.37.1_5-158_1GPM:A:3-207	1	12	1	4	0	26	19	16	0	205
jgi|Lacbi1|143394|gww1.23.37.1_159-321_1GPM:A:208-404	0	5	1	8	0	15	5	8	0	197
jgi|Lacbi1|143454|gww1.1.300.1_33-268_1VHN:A:	0	9	3	14	0	31	18	15	0	317
jgi|Lacbi1|143555|gww1.24.22.1_46-209,246-288,329-390_1ERJ:A:	2	30	1	1	0	43	24	22	0	388
jgi|Lacbi1|143571|gww1.3.153.1_34-273_1O5Z:A:2-293	2	11	4	9	0	24	12	14	0	293
jgi|Lacbi1|143571|gww1.3.153.1_298-422,451-492_1E8C:A:338-497	1	8	1	5	0	21	15	10	0	157
jgi|Lacbi1|143575|gww1.48.8.1_143-472_1LAM:A:160-484	0	14	2	11	0	31	25	18	0	325
jgi|Lacbi1|143575|gww1.48.8.1_49-113_1LAM:A:1-159	1	7	0	5	0	17	5	10	0	159
jgi|Lacbi1|143592|gww1.3.154.1_5-446_1PW4:A:	2	0	1	18	0	21	18	22	0	450
jgi|Lacbi1|143605|gww1.16.9.1_39-208_1QI9:A:	18	10	8	19	0	65	45	30	0	555
jgi|Lacbi1|143607|gww1.23.39.1_10-246_2G39:A:3-223	10	9	3	6	0	25	19	14	0	221
jgi|Lacbi1|143607|gww1.23.39.1_251-321_2G39:A:224-497	2	17	5	10	0	29	21	17	0	274
jgi|Lacbi1|143634|gww1.18.31.1_6-418_1PW4:A:	2	0	1	18	0	21	18	22	0	450
jgi|Lacbi1|143662|gww1.1.313.1_101-343_1OUV:A:	0	0	0	15	0	18	7	15	0	272
jgi|Lacbi1|143673|gww1.32.23.1_25-347_1P22:A:253-545	0	28	0	1	0	35	23	13	0	293
jgi|Lacbi1|143694|gww1.1.316.1_63-341_1RTQ:A:	0	9	4	8	0	27	18	18	0	291
jgi|Lacbi1|143713|gww1.2.280.1_27-162,216-304_1PYS:A:	5	10	3	7	0	28	12	12	0	266
jgi|Lacbi1|143713|gww1.2.280.1_310-408_1PYS:B:682-785	0	4	0	2	0	10	5	4	0	104
jgi|Lacbi1|143727|gww1.1.323.1_13-202,241-407_2F9F:A:2-167	2	6	1	7	0	19	11	10	0	166
jgi|Lacbi1|143737|gww1.12.58.1_19-206,249-371_1FLG:A:	8	40	6	3	0	86	43	41	0	582
jgi|Lacbi1|143873|gww1.6.149.1_7-265_1UWC:A:	2	13	3	7	0	25	14	17	0	260
jgi|Lacbi1|143894|gww1.2.294.1_24-433_1TQN:A:	5	9	7	18	0	43	20	30	0	472
jgi|Lacbi1|143989|gww1.34.17.1_16-119,176-444_1ZHX:A:2-434	5	19	10	9	0	46	21	29	0	433
jgi|Lacbi1|144026|gww1.88.8.1_14-388_1BO1:A:	1	12	2	8	0	33	23	12	0	383
jgi|Lacbi1|144038|gww1.5.210.1_1-328_3PSG:A:	4	27	9	6	0	45	17	22	0	370
jgi|Lacbi1|144039|gww1.8.94.1_38-95,128-437_2HPA:A:	4	6	5	13	0	38	21	16	0	342
jgi|Lacbi1|144082|gww1.5.214.1_167-268_1AIS:B:1206-1300	0	0	1	5	0	7	1	6	0	95
jgi|Lacbi1|144082|gww1.5.214.1_92-166_1AIS:B:1108-1205	0	0	0	5	0	7	1	6	0	98
jgi|Lacbi1|144082|gww1.5.214.1_1-44_1PFT:A:	1	2	0	0	0	7	5	2	0	50
jgi|Lacbi1|144202|gww1.35.32.1_16-234_1P16:A:1-245	1	13	3	7	0	28	17	11	0	244
jgi|Lacbi1|144202|gww1.35.32.1_236-366_1P16:A:246-390	1	7	1	3	0	18	9	7	0	145
jgi|Lacbi1|144218|gww1.2.322.1_115-318_1EBM:A:136-325	0	2	0	11	0	15	8	12	0	190
jgi|Lacbi1|144218|gww1.2.322.1_1-114_1EBM:A:9-135	0	5	1	4	0	14	7	6	0	127
jgi|Lacbi1|144250|gww1.7.101.1_78-387_1VYH:C:92-408	0	28	1	0	0	39	25	14	0	317
jgi|Lacbi1|144261|gww1.5.220.1_4-57_2CSH:A:8-60	0	4	0	2	0	6	6	3	0	53
jgi|Lacbi1|144261|gww1.5.220.1_44-101_1SP2:A:	2	0	0	1	0	5	3	2	0	31
jgi|Lacbi1|144261|gww1.5.220.1_124-152_1XF7:A:	0	2	0	1	0	4	3	1	0	29
jgi|Lacbi1|144261|gww1.5.220.1_256-308_2CSH:A:8-60	0	4	0	2	0	6	6	3	0	53
jgi|Lacbi1|144268|gww1.56.19.1_298-345_1WD2:A:	0	0	2	0	0	10	10	2	0	59
jgi|Lacbi1|144288|gww1.44.23.1_15-151_2CCH:B:181-308	0	0	1	6	0	9	3	5	0	128
jgi|Lacbi1|144288|gww1.44.23.1_153-265_1JSU:B:310-432	0	0	3	7	0	11	7	4	0	123
jgi|Lacbi1|144289|gww1.56.20.1_301-348_1WD2:A:	0	0	2	0	0	10	10	2	0	59
jgi|Lacbi1|144341|gww1.2.345.1_1-174,282-392_1FOH:A:1-240,A:342-461	4	15	4	9	0	43	22	18	1	360
jgi|Lacbi1|144347|gww1.6.170.1_1-251_1TUB:B:1-245	2	5	1	8	0	23	21	13	0	243
jgi|Lacbi1|144347|gww1.6.170.1_252-387_1TUB:B:246-437	1	4	4	7	1	21	16	10	0	184
jgi|Lacbi1|144397|gww1.2.352.1_89-172_1S7B:A:	0	0	0	4	0	10	7	3	0	109
jgi|Lacbi1|144404|gww1.23.44.1_38-408_2FUG:4:35-409	3	7	3	13	0	39	26	18	0	375
jgi|Lacbi1|144435|gww1.52.14.1_3-183_1VYH:C:92-408	0	28	1	0	0	39	25	14	0	317
jgi|Lacbi1|144453|gww1.1.385.1_8-136,231-302_2QFI:A:5-208	2	0	7	7	0	14	20	21	0	204
jgi|Lacbi1|144453|gww1.1.385.1_309-377_2QFI:A:209-290	4	0	1	2	0	13	9	6	0	82
jgi|Lacbi1|144475|gww1.5.232.1_6-297_2IXN:A:3-299	1	2	1	15	0	25	13	17	0	297
jgi|Lacbi1|144521|gww1.54.27.1_54-381_1KV9:A:1-560	8	39	7	5	0	72	35	35	0	560
jgi|Lacbi1|144522|gww1.20.37.1_52-230_1D2T:A:	0	0	2	13	0	18	11	13	0	224
jgi|Lacbi1|144541|gww1.7.110.1_1-197_1SAT:A:4-246	5	11	2	6	0	35	14	21	0	243
jgi|Lacbi1|144586|gww1.52.16.1_107-413_1VYH:C:92-408	0	28	1	0	0	39	25	14	0	317
jgi|Lacbi1|144586|gww1.52.16.1_1-58_1UUJ:A:	0	0	0	5	0	5	0	5	0	76
jgi|Lacbi1|144588|gww1.6.184.1_78-158_1S7B:A:	0	0	0	4	0	10	7	3	0	109
jgi|Lacbi1|144607|gww1.3.211.1_108-413_1S9J:A:	3	8	3	12	0	27	14	14	0	340
jgi|Lacbi1|144628|gww1.41.43.1_44-175_2C2L:A:24-224	0	0	1	10	0	12	7	11	0	201
jgi|Lacbi1|144643|gww1.4.274.1_3-240,328-361_1LG2:A:22-266,A:335-386	1	9	6	9	0	32	20	17	1	297
jgi|Lacbi1|144723|gww1.18.50.1_83-372_2J0S:A:244-411	0	7	4	5	0	15	11	10	0	168
jgi|Lacbi1|144743|gww1.12.75.1_2-209_2GVC:A:3-180,A:288-444	5	14	3	8	0	38	25	20	1	335
jgi|Lacbi1|144773|gww1.20.43.1_1-140_1N11:A:	0	0	1	24	0	48	15	35	0	408
jgi|Lacbi1|144780|gww1.176.2.1_38-408_2FUG:4:35-409	3	7	3	13	0	39	26	18	0	375
jgi|Lacbi1|144791|gww1.27.35.1_1-344_1W36:D:2-360	6	9	4	14	0	32	29	25	0	359
jgi|Lacbi1|144794|gww1.10.89.1_4-270_1RRM:A:	3	10	9	14	0	32	17	17	0	385
jgi|Lacbi1|144829|gww1.63.9.1_14-147_1H3Z:A:	0	5	3	3	0	12	5	4	0	108
jgi|Lacbi1|144866|gww1.7.125.1_5-334_1W9Y:A:2-308	1	12	5	7	0	27	12	12	0	307
jgi|Lacbi1|144903|gww1.4.297.1_1-113_1DCQ:A:247-368	2	3	1	5	0	15	8	9	0	122
jgi|Lacbi1|144989|gww1.4.304.1_198-262_1UZC:A:	0	0	1	3	0	6	5	3	0	69
jgi|Lacbi1|144989|gww1.4.304.1_278-334_2DOF:A:888-959	0	0	0	4	0	5	5	3	0	72
jgi|Lacbi1|144989|gww1.4.304.1_36-73_1E0L:A:	0	3	0	0	0	7	5	2	0	37
jgi|Lacbi1|144996|gww1.53.16.1_53-341_1VYH:C:92-408	0	28	1	0	0	39	25	14	0	317
jgi|Lacbi1|144996|gww1.53.16.1_3-45_1N1M:A:39-508	9	38	3	4	0	58	37	26	0	470
jgi|Lacbi1|145093|gww1.25.68.1_142-371_2BTF:A:147-375	0	9	5	10	0	22	20	16	0	229
jgi|Lacbi1|145093|gww1.25.68.1_4-148_1C0G:A:1-146	0	10	2	4	0	13	10	8	0	146
jgi|Lacbi1|145105|gww1.125.1.1_10-246_2G39:A:3-223	10	9	3	6	0	25	19	14	0	221
jgi|Lacbi1|145105|gww1.125.1.1_251-495_2G39:A:224-497	2	17	5	10	0	29	21	17	0	274
jgi|Lacbi1|145126|gww1.2.404.1_6-318_2AFW:A:33-361	6	6	3	10	0	32	24	20	0	329
jgi|Lacbi1|145157|gww1.20.54.1_28-218_1D2T:A:	0	0	2	13	0	18	11	13	0	224
jgi|Lacbi1|145181|gww1.1.464.1_213-326_1UFK:A:	0	14	4	9	0	22	7	12	0	254
jgi|Lacbi1|145285|gww1.1.475.1_131-241_1UFK:A:	0	14	4	9	0	22	7	12	0	254
jgi|Lacbi1|145310|gww1.15.34.1_1-297_2IXN:A:3-299	1	2	1	15	0	25	13	17	0	297
jgi|Lacbi1|145319|gww1.54.34.1_2-114,154-319_1J8F:A:	4	9	5	12	0	33	20	18	0	323
jgi|Lacbi1|145332|gww1.27.41.1_3-320_3BLH:A:8-325	3	10	4	9	0	33	17	14	0	318
jgi|Lacbi1|145363|gww1.29.27.1_2-172_1UOH:A:	0	0	1	14	0	27	7	20	0	223
jgi|Lacbi1|145485|gww1.1.502.1_6-247_1CKI:A:	5	10	3	10	0	30	14	16	0	299
jgi|Lacbi1|145505|gww1.4.350.1_33-274_1C22:A:	5	16	2	4	0	34	13	15	0	262
jgi|Lacbi1|145569|gww1.1.510.1_21-151,181-221,248-287_1O4Y:A:	5	19	5	4	0	33	15	16	0	270
jgi|Lacbi1|145595|gww1.9.145.1_14-224_2F20:A:2-232	5	13	7	8	0	28	8	14	0	231
jgi|Lacbi1|145616|gww1.60.10.1_2-118_1CIP:A:61-181	0	0	1	8	0	7	3	10	0	121
jgi|Lacbi1|145616|gww1.60.10.1_105-283_1BOF:A:10-60,A:182-354	1	6	6	6	0	19	9	12	1	224
jgi|Lacbi1|145688|gww1.80.17.1_2-143_1WDY:A:	2	0	0	17	0	35	10	27	0	285
jgi|Lacbi1|145715|gww1.31.23.1_109-275_1BOF:A:10-60,A:182-354	1	6	6	6	0	19	9	12	1	224
jgi|Lacbi1|145715|gww1.31.23.1_2-110_1CIP:A:61-181	0	0	1	8	0	7	3	10	0	121
jgi|Lacbi1|145731|gww1.463.1.1_539-719_2CPH:A:454-547	2	4	0	2	0	12	9	3	0	94
jgi|Lacbi1|145731|gww1.463.1.1_237-325,418-488_1WHW:A:	0	5	0	2	0	10	6	5	0	98
jgi|Lacbi1|145731|gww1.463.1.1_3-98_2CQ3:A:110-202	0	6	1	2	0	13	6	5	0	90
jgi|Lacbi1|145734|gww1.31.29.1_115-285_1BOF:A:10-60,A:182-354	1	6	6	6	0	19	9	12	1	224
jgi|Lacbi1|145734|gww1.31.29.1_2-118_1CIP:A:61-181	0	0	1	8	0	7	3	10	0	121
jgi|Lacbi1|145802|gww1.3.276.1_88-183_1FC6:A:157-248	3	6	0	2	0	13	5	8	0	92
jgi|Lacbi1|145822|gww1.31.38.1_111-286_1BOF:A:10-60,A:182-354	1	6	6	6	0	19	9	12	1	224
jgi|Lacbi1|145822|gww1.31.38.1_4-118_1CIP:A:61-181	0	0	1	8	0	7	3	10	0	121
jgi|Lacbi1|145890|gww1.2.466.1_2-261_2GFO:A:762-1109	3	20	3	10	0	40	19	15	0	348
jgi|Lacbi1|145938|gww1.2.469.1_1-247_1ERJ:A:	2	30	1	1	0	43	24	22	0	388
jgi|Lacbi1|146001|gww1.4.375.1_10-184,225-248_1JWH:C:	12	0	4	7	0	25	19	17	0	200
jgi|Lacbi1|146027|gww1.19.43.1_3-126_1J0X:O:1-148,O:313-332	1	8	3	5	0	22	13	9	1	168
jgi|Lacbi1|146027|gww1.19.43.1_104-169_1GAD:O:149-312	2	8	3	3	0	15	11	8	0	164
jgi|Lacbi1|146057|gww1.12.98.1_91-178_1GAD:O:149-312	2	8	3	3	0	15	11	8	0	164
jgi|Lacbi1|146057|gww1.12.98.1_1-113_1J0X:O:1-148,O:313-332	1	8	3	5	0	22	13	9	1	168
jgi|Lacbi1|146084|gww1.10.123.1_1-257_1EI9:A:	2	8	5	13	0	31	20	23	0	279
jgi|Lacbi1|146133|gww1.3.293.1_8-280_1HW6:A:	4	9	4	10	0	28	14	13	0	262
jgi|Lacbi1|146172|gww1.2.482.1_33-97_1M7T:A:	0	5	0	4	0	10	5	6	0	106
jgi|Lacbi1|146215|gww1.30.22.1_2-157_1FKM:A:249-442	2	0	8	8	0	13	13	10	0	194
jgi|Lacbi1|146215|gww1.30.22.1_141-221_1FKM:A:443-630	0	0	1	8	0	10	3	8	0	188
jgi|Lacbi1|146233|gww1.35.60.1_3-160_1V3W:A:	4	20	0	1	0	34	5	15	0	173
jgi|Lacbi1|146236|gww1.1.601.1_2-264_1CVL:A:	4	11	3	11	0	33	22	25	0	319
jgi|Lacbi1|146339|gww1.5.328.1_1-166_1CKI:A:	5	10	3	10	0	30	14	16	0	299
jgi|Lacbi1|161077|gwh1.5.329.1_1-166_1CKI:A:	5	10	3	10	0	30	14	16	0	299
jgi|Lacbi1|146354|gww1.25.89.1_1-166_1CKI:A:	5	10	3	10	0	30	14	16	0	299
jgi|Lacbi1|146357|gww1.260.1.1_133-287_1AV1:D:	0	0	1	7	0	3	3	6	0	200
jgi|Lacbi1|146476|gww1.30.25.1_1-266_1A88:A:	4	8	1	11	0	28	19	18	0	275
jgi|Lacbi1|146522|gww1.41.64.1_2-195_1ZQ7:A:1-199	3	9	3	5	0	20	9	10	0	199
jgi|Lacbi1|146577|gww1.7.181.1_47-222_1Q27:A:	0	8	0	3	0	22	18	6	0	171
jgi|Lacbi1|146634|gww1.4.414.1_1-298_1EZR:A:	4	10	2	12	0	42	22	10	0	312
jgi|Lacbi1|146791|gww1.40.46.1_2-209_1VYH:C:92-408	0	28	1	0	0	39	25	14	0	317
jgi|Lacbi1|146891|gww1.25.96.1_19-102_2CPJ:A:65-150	2	4	0	2	0	10	7	7	0	86
jgi|Lacbi1|147296|gww1.42.43.1_3-119_1UOH:A:	0	0	1	14	0	27	7	20	0	223
jgi|Lacbi1|147298|gww1.7.210.1_2-166_1P22:A:253-545	0	28	0	1	0	35	23	13	0	293
jgi|Lacbi1|147327|gww1.11.256.1_16-57_2DRP:A:103-139	0	3	0	1	0	4	2	2	0	37
jgi|Lacbi1|147376|gww1.1.703.1_25-154_1O4W:A:	0	5	0	6	0	10	3	5	0	125
jgi|Lacbi1|147433|gww1.17.75.1_1-118_1ERJ:A:	2	30	1	1	0	43	24	22	0	388
jgi|Lacbi1|147523|gww1.16.30.1_2-155_1IPC:A:	0	8	4	4	0	18	9	15	0	191
jgi|Lacbi1|147603|gww1.2.588.1_2-53_1XD3:B:	3	5	1	1	0	10	1	6	0	75
jgi|Lacbi1|147603|gww1.2.588.1_59-124_1C3T:A:	2	5	2	1	0	12	2	7	0	76
jgi|Lacbi1|147603|gww1.2.588.1_124-164_1XD3:B:	3	5	1	1	0	10	1	6	0	75
jgi|Lacbi1|147662|gww1.3.388.1_14-153_1RZY:A:	0	5	2	3	0	14	9	4	0	114
jgi|Lacbi1|147667|gww1.25.119.1_1-198_2Q46:A:2-253	0	12	3	8	0	27	15	20	0	252
jgi|Lacbi1|147719|gww1.21.64.1_2-127_1DT6:A:	6	6	3	14	0	50	32	19	0	472
jgi|Lacbi1|147843|gww1.6.320.1_3-153_2F4W:A:12-168	3	4	0	5	0	17	7	9	0	157
jgi|Lacbi1|147863|gww1.17.80.1_2-190_1R3B:A:	2	0	2	7	0	15	12	7	0	201
jgi|Lacbi1|147927|gww1.10.168.1_7-182_1J9A:A:	3	5	1	8	0	22	9	9	0	183
jgi|Lacbi1|147993|gww1.11.289.1_1-109_2ERY:A:10-180	2	6	0	6	0	16	9	11	0	169
jgi|Lacbi1|148017|gww1.22.95.1_3-91_1TA0:A:	2	9	6	4	0	24	13	9	0	196
jgi|Lacbi1|148067|gww1.2.642.1_41-155_1WHW:A:	0	5	0	2	0	10	6	5	0	98
jgi|Lacbi1|148119|gww1.32.60.1_12-165_1T64:A:	10	8	3	11	0	40	16	26	0	364
jgi|Lacbi1|148133|gww1.41.81.1_2-137_2F9L:A:8-182	0	6	2	6	0	17	10	12	0	175
jgi|Lacbi1|148182|gww1.77.3.1_3-77_1T64:A:	10	8	3	11	0	40	16	26	0	364
jgi|Lacbi1|148230|gww1.5.424.1_21-158_2I02:A:5-147	1	7	3	3	0	13	3	8	0	143
jgi|Lacbi1|148238|gww1.36.40.1_30-160_1FXK:C:	0	4	0	2	0	5	1	6	0	133
jgi|Lacbi1|148241|gww1.88.9.1_17-105_1BO1:A:	1	12	2	8	0	33	23	12	0	383
jgi|Lacbi1|148260|gww1.42.51.1_4-173_1X3S:A:2-178	0	6	2	6	0	18	11	14	0	177
jgi|Lacbi1|148282|gww1.23.70.1_26-130_1SHZ:A:46-75,A:201-371	2	6	2	6	0	24	15	13	1	201
jgi|Lacbi1|148282|gww1.23.70.1_1-27_1CIP:A:61-181	0	0	1	8	0	7	3	10	0	121
jgi|Lacbi1|148396|gww1.23.72.1_26-130_1SHZ:A:46-75,A:201-371	2	6	2	6	0	24	15	13	1	201
jgi|Lacbi1|148396|gww1.23.72.1_1-27_1CIP:A:61-181	0	0	1	8	0	7	3	10	0	121
jgi|Lacbi1|148285|gww1.22.100.1_1-170_1XX7:A:	2	0	3	11	0	13	6	7	0	183
jgi|Lacbi1|148360|gww1.22.101.1_1-170_1XX7:A:	2	0	3	11	0	13	6	7	0	183
jgi|Lacbi1|148376|gww1.70.18.1_12-105_1YTB:A:61-155	0	6	0	2	0	7	5	4	0	95
jgi|Lacbi1|148377|gww1.5.436.1_10-126_1KMQ:A:	0	6	3	6	0	15	10	12	0	177
jgi|Lacbi1|148398|gww1.13.51.1_6-160_1UOH:A:	0	0	1	14	0	27	7	20	0	223
jgi|Lacbi1|148456|gww1.4.569.1_6-123_1H3Q:A:	0	5	1	3	0	15	6	8	0	140
jgi|Lacbi1|148511|gww1.9.212.1_1-139_1HD1:A:	2	4	1	2	0	7	2	4	0	75
jgi|Lacbi1|148556|gww1.5.440.1_2-168_1FOT:A:	5	9	4	10	0	37	20	19	0	316
jgi|Lacbi1|148574|gww1.12.152.1_1-183_1A06:A:	4	8	4	10	0	29	20	14	0	307
jgi|Lacbi1|148581|gww1.6.359.1_1-116_1GNU:A:	4	4	0	4	0	15	8	8	0	117
jgi|Lacbi1|148596|gww1.20.99.1_1-86_1N11:A:	0	0	1	24	0	48	15	35	0	408
jgi|Lacbi1|148636|gww1.59.20.1_4-176_1CTQ:A:	0	6	1	6	0	16	8	10	0	166
jgi|Lacbi1|148638|gww1.3.428.1_1-269_1ERJ:A:	2	30	1	1	0	43	24	22	0	388
jgi|Lacbi1|148657|gww1.40.67.1_10-73_1YTB:A:61-155	0	6	0	2	0	7	5	4	0	95
jgi|Lacbi1|148829|gww1.34.37.1_10-73_1YTB:A:61-155	0	6	0	2	0	7	5	4	0	95
jgi|Lacbi1|148753|gww1.1.839.1_7-84_1X5S:A:8-97	0	4	0	2	0	11	8	3	0	89
jgi|Lacbi1|148818|gww1.23.73.1_27-140_1I12:A:	3	6	3	5	0	13	5	6	0	157
jgi|Lacbi1|148826|gww1.20.102.1_1-85_1UOH:A:	0	0	1	14	0	27	7	20	0	223
jgi|Lacbi1|148866|gww1.10.206.1_6-110_1WIK:A:	0	4	0	5	0	14	12	6	0	108
jgi|Lacbi1|148868|gww1.5.453.1_1-116_1WDY:A:	2	0	0	17	0	35	10	27	0	285
jgi|Lacbi1|148874|gww1.40.69.1_3-104_1BCO:A:258-480	4	10	3	4	0	26	13	13	0	223
jgi|Lacbi1|148947|gww1.18.109.1_1-74_1DT6:A:	6	6	3	14	0	50	32	19	0	472
jgi|Lacbi1|149015|gww1.3.449.1_4-127_1N3J:A:	3	9	0	2	0	19	13	1	0	119
jgi|Lacbi1|149028|gww1.65.10.1_1-116_1RW3:A:	14	14	5	11	0	57	32	26	0	454
jgi|Lacbi1|149087|gww1.60.26.1_16-130_1OCS:A:	0	3	0	4	0	15	8	7	0	132
jgi|Lacbi1|149168|gww1.6.377.1_2-93_2CU6:A:6-96	0	5	1	2	0	11	5	6	0	91
jgi|Lacbi1|149286|gww1.3.463.1_1-127_2FG1:A:2-155	1	6	1	4	0	17	10	12	0	155
jgi|Lacbi1|149511|gww1.1.919.1_12-67_1FXK:A:	0	2	0	2	0	5	1	3	0	107
jgi|Lacbi1|149511|gww1.1.919.1_84-131_1FXK:A:	0	2	0	2	0	5	1	3	0	107
jgi|Lacbi1|149557|gww1.50.41.1_1-88_2JOY:A:1-96	0	5	0	2	0	15	8	4	0	96
jgi|Lacbi1|149627|gww1.20.108.1_3-89_1WDY:A:	2	0	0	17	0	35	10	27	0	285
jgi|Lacbi1|149644|gww1.5.477.1_2-76_1AIS:B:1206-1300	0	0	1	5	0	7	1	6	0	95
jgi|Lacbi1|149661|gww1.6.399.1_1-48_1MAB:B:1-81	1	7	0	0	0	12	6	5	0	81
jgi|Lacbi1|164601|gwh1.15.64.1_1-48_1MAB:B:1-81	1	7	0	0	0	12	6	5	0	81
jgi|Lacbi1|149718|gww1.48.44.1_14-95_1N1J:B:	1	1	1	3	0	7	3	6	0	78
jgi|Lacbi1|149762|gww1.27.63.1_99-127_2FV6:A:503-544	0	0	0	2	0	8	7	1	0	42
jgi|Lacbi1|149780|gww1.80.35.1_3-89_1N11:A:	0	0	1	24	0	48	15	35	0	408
jgi|Lacbi1|149785|gww1.80.37.1_3-89_1WDY:A:	2	0	0	17	0	35	10	27	0	285
jgi|Lacbi1|149790|gww1.1.945.1_2-89_1N11:A:	0	0	1	24	0	48	15	35	0	408
jgi|Lacbi1|149899|gww1.52.42.1_1-105_1MYO:A:	0	0	1	6	1	12	7	10	0	118
jgi|Lacbi1|150056|gww1.22.127.1_25-68_1GUW:A:	2	5	0	1	0	12	6	4	0	72
jgi|Lacbi1|150117|gww1.8.251.1_2-73_1KX5:B:	0	3	1	3	0	10	6	4	0	102
jgi|Lacbi1|150119|gww1.20.123.1_20-73_1KX5:B:	0	3	1	3	0	10	6	4	0	102
jgi|Lacbi1|150123|gww1.57.45.1_1-70_1Z5Z:A:663-906	0	6	1	10	0	26	11	15	0	244
jgi|Lacbi1|150129|gww1.22.130.1_4-85_1P27:B:	5	5	1	2	0	10	6	4	0	92
jgi|Lacbi1|150156|gww1.105.5.1_1-104_1RYP:K:	1	12	0	4	0	17	8	9	0	198
jgi|Lacbi1|150197|gww1.49.32.1_2-91_1KX5:B:	0	3	1	3	0	10	6	4	0	102
jgi|Lacbi1|150213|gww1.1.978.1_5-64_1CKI:A:	5	10	3	10	0	30	14	16	0	299
jgi|Lacbi1|150262|gww1.5.504.1_2-59_1KX5:B:	0	3	1	3	0	10	6	4	0	102
jgi|Lacbi1|150306|gww1.62.65.1_2-65_1VYH:C:92-408	0	28	1	0	0	39	25	14	0	317
jgi|Lacbi1|150318|gww1.19.88.1_1-71_1GT0:D:	0	0	0	3	0	5	3	4	0	80
jgi|Lacbi1|150322|gww1.231.4.1_1-106_1JQB:A:1140-1313	2	7	2	7	0	16	9	10	0	174
jgi|Lacbi1|150355|gww1.40.80.1_4-69_1WGE:A:8-77	1	5	1	2	0	10	3	4	0	70
jgi|Lacbi1|150360|gww1.60.33.1_1-52_1CTQ:A:	0	6	1	6	0	16	8	10	0	166
jgi|Lacbi1|150425|gww1.17.111.1_2-97_1XJD:A:	8	7	5	9	0	32	15	17	0	320
jgi|Lacbi1|150542|gww1.8.265.1_1-76_1XD3:B:	3	5	1	1	0	10	1	6	0	75
jgi|Lacbi1|150553|gww1.1.1000.1_19-66_2EPS:A:408-446	0	2	0	1	0	5	5	1	0	39
jgi|Lacbi1|150762|gww1.1.1032.1_626-925_1Z3I:X:390-735	0	10	6	11	0	41	29	23	0	346
jgi|Lacbi1|150762|gww1.1.1032.1_371-624_1Z63:A:432-661	0	7	2	11	0	24	16	18	0	230
jgi|Lacbi1|150762|gww1.1.1032.1_1086-1186_1E6I:A:	0	0	2	5	0	8	8	7	0	111
jgi|Lacbi1|150774|gww1.38.62.1_1064-1307_3B60:A:329-581	4	10	2	9	0	24	18	16	0	253
jgi|Lacbi1|150774|gww1.38.62.1_332-572_3B60:A:329-581	4	10	2	9	0	24	18	16	0	253
jgi|Lacbi1|150774|gww1.38.62.1_747-1051_3B60:A:10-328	0	0	1	11	0	6	9	9	0	319
jgi|Lacbi1|150774|gww1.38.62.1_2-302_3B60:A:10-328	0	0	1	11	0	6	9	9	0	319
jgi|Lacbi1|150777|gww1.8.271.1_31-123,411-535,1034-1262_1SU4:A:1-124,A:240-343,A:751-994	1	1	8	18	0	32	20	22	2	472
jgi|Lacbi1|150777|gww1.8.271.1_536-552,768-873,941-1040_1YMQ:A:2-261	3	13	6	10	0	30	16	15	0	260
jgi|Lacbi1|150777|gww1.8.271.1_547-581,640-838_1MO7:A:	2	9	0	5	0	32	19	9	0	213
jgi|Lacbi1|150777|gww1.8.271.1_266-328,369-407_1SU4:A:125-239	2	9	3	0	0	21	10	7	0	115
jgi|Lacbi1|150801|gww1.1.1037.1_347-510,588-744_1FUK:A:	0	7	3	4	0	16	14	7	0	162
jgi|Lacbi1|150802|gww1.19.92.1_330-615_1KLX:A:	0	0	0	8	0	11	4	8	0	133
jgi|Lacbi1|150802|gww1.19.92.1_597-724_1W3B:A:	0	0	0	23	0	35	6	26	0	388
jgi|Lacbi1|150802|gww1.19.92.1_195-323_1W3B:A:	0	0	0	23	0	35	6	26	0	388
jgi|Lacbi1|150802|gww1.19.92.1_687-814_1W3B:A:	0	0	0	23	0	35	6	26	0	388
jgi|Lacbi1|150802|gww1.19.92.1_777-903_1W3B:A:	0	0	0	23	0	35	6	26	0	388
jgi|Lacbi1|150802|gww1.19.92.1_14-140_1W3B:A:	0	0	0	23	0	35	6	26	0	388
jgi|Lacbi1|150809|gww1.3.524.1_558-978_1KV9:A:1-560	8	39	7	5	0	72	35	35	0	560
jgi|Lacbi1|150809|gww1.3.524.1_941-1101_1FLG:A:	8	40	6	3	0	86	43	41	0	582
jgi|Lacbi1|150809|gww1.3.524.1_7-258_1QF9:A:	0	5	0	9	0	14	7	13	0	194
jgi|Lacbi1|150815|gww1.13.92.1_132-378_1OUV:A:	0	0	0	15	0	18	7	15	0	272
jgi|Lacbi1|150815|gww1.13.92.1_560-710_1W3B:A:	0	0	0	23	0	35	6	26	0	388
jgi|Lacbi1|150815|gww1.13.92.1_18-167_1W3B:A:	0	0	0	23	0	35	6	26	0	388
jgi|Lacbi1|150815|gww1.13.92.1_357-486_1W3B:A:	0	0	0	23	0	35	6	26	0	388
jgi|Lacbi1|150815|gww1.13.92.1_675-800_1W3B:A:	0	0	0	23	0	35	6	26	0	388
jgi|Lacbi1|150862|gww1.85.3.1_455-606_1ELR:A:	0	0	0	7	0	9	1	5	0	128
jgi|Lacbi1|150862|gww1.85.3.1_1-188_2ERX:A:6-176	2	7	1	6	0	19	9	8	0	171
jgi|Lacbi1|150862|gww1.85.3.1_338-480_1W3B:A:	0	0	0	23	0	35	6	26	0	388
jgi|Lacbi1|150862|gww1.85.3.1_583-699_1ELR:A:	0	0	0	7	0	9	1	5	0	128
jgi|Lacbi1|150862|gww1.85.3.1_708-816_1ELR:A:	0	0	0	7	0	9	1	5	0	128
jgi|Lacbi1|150865|gww1.81.12.1_2-256_2G6B:A:58-227	0	6	1	5	0	16	10	9	0	170
jgi|Lacbi1|150865|gww1.81.12.1_544-693_1ELR:A:	0	0	0	7	0	9	1	5	0	128
jgi|Lacbi1|150865|gww1.81.12.1_712-862_1W3B:A:	0	0	0	23	0	35	6	26	0	388
jgi|Lacbi1|150865|gww1.81.12.1_374-524_1W3B:A:	0	0	0	23	0	35	6	26	0	388
jgi|Lacbi1|150865|gww1.81.12.1_838-947_1W3B:A:	0	0	0	23	0	35	6	26	0	388
jgi|Lacbi1|150880|gww1.20.135.1_363-515_1W3B:A:	0	0	0	23	0	35	6	26	0	388
jgi|Lacbi1|150880|gww1.20.135.1_491-641_1W3B:A:	0	0	0	23	0	35	6	26	0	388
jgi|Lacbi1|150880|gww1.20.135.1_659-810_1W3B:A:	0	0	0	23	0	35	6	26	0	388
jgi|Lacbi1|150880|gww1.20.135.1_1-220_2ERX:A:6-176	2	7	1	6	0	19	9	8	0	171
jgi|Lacbi1|150896|gww1.34.55.1_2-261_2GF0:A:4-176	2	7	2	6	0	19	11	8	0	173
jgi|Lacbi1|150896|gww1.34.55.1_489-611_1W3B:A:	0	0	0	23	0	35	6	26	0	388
jgi|Lacbi1|150896|gww1.34.55.1_363-484_1W3B:A:	0	0	0	23	0	35	6	26	0	388
jgi|Lacbi1|150896|gww1.34.55.1_573-696_1W3B:A:	0	0	0	23	0	35	6	26	0	388
jgi|Lacbi1|150896|gww1.34.55.1_657-780_1ELR:A:	0	0	0	7	0	9	1	5	0	128
jgi|Lacbi1|150896|gww1.34.55.1_784-895_1ELR:A:	0	0	0	7	0	9	1	5	0	128
jgi|Lacbi1|150903|gww1.51.47.1_55-206_1W3B:A:	0	0	0	23	0	35	6	26	0	388
jgi|Lacbi1|150903|gww1.51.47.1_266-416_1W3B:A:	0	0	0	23	0	35	6	26	0	388
jgi|Lacbi1|150903|gww1.51.47.1_476-626_1W3B:A:	0	0	0	23	0	35	6	26	0	388
jgi|Lacbi1|150905|gww1.5.533.1_402-552_1W3B:A:	0	0	0	23	0	35	6	26	0	388
jgi|Lacbi1|150905|gww1.5.533.1_35-58,109-188,241-353_1W3B:A:	0	0	0	23	0	35	6	26	0	388
jgi|Lacbi1|150905|gww1.5.533.1_3-103_1ELR:A:	0	0	0	7	0	9	1	5	0	128
jgi|Lacbi1|150911|gww1.30.58.1_2-251_2FG5:A:3-167	2	6	2	5	0	16	8	10	0	165
jgi|Lacbi1|150911|gww1.30.58.1_360-511_1W3B:A:	0	0	0	23	0	35	6	26	0	388
jgi|Lacbi1|150911|gww1.30.58.1_569-722_1W3B:A:	0	0	0	23	0	35	6	26	0	388
jgi|Lacbi1|150911|gww1.30.58.1_743-852_1W3B:A:	0	0	0	23	0	35	6	26	0	388
jgi|Lacbi1|150911|gww1.30.58.1_866-937_1W3B:A:	0	0	0	23	0	35	6	26	0	388
jgi|Lacbi1|150913|gww1.25.175.1_136-290,392-516_1KLX:A:	0	0	0	8	0	11	4	8	0	133
jgi|Lacbi1|150913|gww1.25.175.1_271-397_1W3B:A:	0	0	0	23	0	35	6	26	0	388
jgi|Lacbi1|150913|gww1.25.175.1_586-712_1W3B:A:	0	0	0	23	0	35	6	26	0	388
jgi|Lacbi1|150913|gww1.25.175.1_677-815_1W3B:A:	0	0	0	23	0	35	6	26	0	388
jgi|Lacbi1|150916|gww1.65.14.1_304-415_1W3B:A:	0	0	0	23	0	35	6	26	0	388
jgi|Lacbi1|150916|gww1.65.14.1_388-499_1W3B:A:	0	0	0	23	0	35	6	26	0	388
jgi|Lacbi1|150916|gww1.65.14.1_90-203_1W3B:A:	0	0	0	23	0	35	6	26	0	388
jgi|Lacbi1|150916|gww1.65.14.1_515-633_1W3B:A:	0	0	0	23	0	35	6	26	0	388
jgi|Lacbi1|150916|gww1.65.14.1_221-337_1W3B:A:	0	0	0	23	0	35	6	26	0	388
jgi|Lacbi1|150918|gww1.51.48.1_55-206_1W3B:A:	0	0	0	23	0	35	6	26	0	388
jgi|Lacbi1|150918|gww1.51.48.1_181-306_1W3B:A:	0	0	0	23	0	35	6	26	0	388
jgi|Lacbi1|150918|gww1.51.48.1_517-636_1W3B:A:	0	0	0	23	0	35	6	26	0	388
jgi|Lacbi1|150918|gww1.51.48.1_321-458_1ELR:A:	0	0	0	7	0	9	1	5	0	128
jgi|Lacbi1|150921|gww1.101.4.1_74-226_1W3B:A:	0	0	0	23	0	35	6	26	0	388
jgi|Lacbi1|150921|gww1.101.4.1_367-485_1W3B:A:	0	0	0	23	0	35	6	26	0	388
jgi|Lacbi1|150921|gww1.101.4.1_201-312_1W3B:A:	0	0	0	23	0	35	6	26	0	388
jgi|Lacbi1|150921|gww1.101.4.1_493-609_1W3B:A:	0	0	0	23	0	35	6	26	0	388
jgi|Lacbi1|150921|gww1.101.4.1_3-107_1W3B:A:	0	0	0	23	0	35	6	26	0	388
jgi|Lacbi1|150922|gww1.6.442.1_2-67,321-366,396-700,743-780,961-1002,1042-1329_1B3U:A:	0	0	8	44	0	40	26	36	0	588
jgi|Lacbi1|150922|gww1.6.442.1_1524-1810_1Z3I:X:390-735	0	10	6	11	0	41	29	23	0	346
jgi|Lacbi1|150922|gww1.6.442.1_1250-1522_1Z63:A:432-661	0	7	2	11	0	24	16	18	0	230
jgi|Lacbi1|150924|gww1.24.72.1_475-625_1W3B:A:	0	0	0	23	0	35	6	26	0	388
jgi|Lacbi1|150924|gww1.24.72.1_270-414_1W3B:A:	0	0	0	23	0	35	6	26	0	388
jgi|Lacbi1|150924|gww1.24.72.1_601-750_1W3B:A:	0	0	0	23	0	35	6	26	0	388
jgi|Lacbi1|150924|gww1.24.72.1_9-112_2A5Y:B:109-385	4	5	1	11	0	20	17	17	0	277
jgi|Lacbi1|150926|gww1.13.97.1_102-392_1OUV:A:	0	0	0	15	0	18	7	15	0	272
jgi|Lacbi1|150926|gww1.13.97.1_598-723_1W3B:A:	0	0	0	23	0	35	6	26	0	388
jgi|Lacbi1|150926|gww1.13.97.1_417-544_1W3B:A:	0	0	0	23	0	35	6	26	0	388
jgi|Lacbi1|150926|gww1.13.97.1_689-801_1TJC:A:	0	0	0	5	0	8	1	4	0	95
jgi|Lacbi1|150951|gww1.31.72.1_345-619_1OUV:A:	0	0	0	15	0	18	7	15	0	272
jgi|Lacbi1|150951|gww1.31.72.1_1-195_2ERX:A:6-176	2	7	1	6	0	19	9	8	0	171
jgi|Lacbi1|150951|gww1.31.72.1_585-705_1W3B:A:	0	0	0	23	0	35	6	26	0	388
jgi|Lacbi1|150951|gww1.31.72.1_727-820_1ELR:A:	0	0	0	7	0	9	1	5	0	128
jgi|Lacbi1|150961|gww1.1.1053.1_795-1211_1WNS:A:348-758	8	7	1	12	0	41	19	21	0	411
jgi|Lacbi1|150961|gww1.1.1053.1_25-169,517-755_1WNS:A:1-347	2	17	1	10	0	31	20	21	0	347
jgi|Lacbi1|150972|gww1.3.530.1_178-465_1KLX:A:	0	0	0	8	0	11	4	8	0	133
jgi|Lacbi1|150972|gww1.3.530.1_88-215_1W3B:A:	0	0	0	23	0	35	6	26	0	388
jgi|Lacbi1|150972|gww1.3.530.1_541-801_1W3B:A:	0	0	0	23	0	35	6	26	0	388
jgi|Lacbi1|150972|gww1.3.530.1_763-868_1W3B:A:	0	0	0	23	0	35	6	26	0	388
jgi|Lacbi1|150973|gww1.12.211.1_194-392_1OUV:A:	0	0	0	15	0	18	7	15	0	272
jgi|Lacbi1|150973|gww1.12.211.1_425-773_1W3B:A:	0	0	0	23	0	35	6	26	0	388
jgi|Lacbi1|150973|gww1.12.211.1_95-232_1W3B:A:	0	0	0	23	0	35	6	26	0	388
jgi|Lacbi1|150973|gww1.12.211.1_18-141_1W3B:A:	0	0	0	23	0	35	6	26	0	388
jgi|Lacbi1|150973|gww1.12.211.1_735-839_1W3B:A:	0	0	0	23	0	35	6	26	0	388
jgi|Lacbi1|150986|gww1.65.15.1_107-227_1W3B:A:	0	0	0	23	0	35	6	26	0	388
jgi|Lacbi1|150986|gww1.65.15.1_21-143_1W3B:A:	0	0	0	23	0	35	6	26	0	388
jgi|Lacbi1|150991|gww1.66.23.1_507-948_1W3B:A:	0	0	0	23	0	35	6	26	0	388
jgi|Lacbi1|150991|gww1.66.23.1_2-248_1SXJ:A:295-547	1	5	4	11	0	21	18	23	0	253
jgi|Lacbi1|150991|gww1.66.23.1_378-498_1W3B:A:	0	0	0	23	0	35	6	26	0	388
jgi|Lacbi1|151011|gww1.16.58.1_1-188_2ERX:A:6-176	2	7	1	6	0	19	9	8	0	171
jgi|Lacbi1|151011|gww1.16.58.1_455-571_1ELR:A:	0	0	0	7	0	9	1	5	0	128
jgi|Lacbi1|151011|gww1.16.58.1_580-725_1W3B:A:	0	0	0	23	0	35	6	26	0	388
jgi|Lacbi1|151011|gww1.16.58.1_340-482_1ELR:A:	0	0	0	7	0	9	1	5	0	128
jgi|Lacbi1|151011|gww1.16.58.1_710-805_1KT1:A:254-421	0	0	1	7	0	12	3	7	0	168
jgi|Lacbi1|151016|gww1.33.86.1_1-189_2G6B:A:58-227	0	6	1	5	0	16	10	9	0	170
jgi|Lacbi1|151016|gww1.33.86.1_583-733_1W3B:A:	0	0	0	23	0	35	6	26	0	388
jgi|Lacbi1|151016|gww1.33.86.1_415-565_1ELW:A:	0	0	0	7	0	11	0	7	0	117
jgi|Lacbi1|151016|gww1.33.86.1_708-816_1ELR:A:	0	0	0	7	0	9	1	5	0	128
jgi|Lacbi1|151016|gww1.33.86.1_336-446_1W3B:A:	0	0	0	23	0	35	6	26	0	388
jgi|Lacbi1|151024|gww1.6.445.1_2-250_1SXJ:D:26-262	0	5	2	13	0	21	15	15	0	237
jgi|Lacbi1|151024|gww1.6.445.1_518-668_1W3B:A:	0	0	0	23	0	35	6	26	0	388
jgi|Lacbi1|151024|gww1.6.445.1_392-542_1W3B:A:	0	0	0	23	0	35	6	26	0	388
jgi|Lacbi1|151024|gww1.6.445.1_644-794_1W3B:A:	0	0	0	23	0	35	6	26	0	388
jgi|Lacbi1|151024|gww1.6.445.1_812-965_1W3B:A:	0	0	0	23	0	35	6	26	0	388
jgi|Lacbi1|151024|gww1.6.445.1_322-424_1W3B:A:	0	0	0	23	0	35	6	26	0	388
jgi|Lacbi1|151037|gww1.38.65.1_428-581_1ELR:A:	0	0	0	7	0	9	1	5	0	128
jgi|Lacbi1|151037|gww1.38.65.1_177-298_1ELR:A:	0	0	0	7	0	9	1	5	0	128
jgi|Lacbi1|151037|gww1.38.65.1_59-163_1W3B:A:	0	0	0	23	0	35	6	26	0	388
jgi|Lacbi1|151037|gww1.38.65.1_260-412_1ELR:A:	0	0	0	7	0	9	1	5	0	128
jgi|Lacbi1|151039|gww1.48.46.1_556-709_1W3B:A:	0	0	0	23	0	35	6	26	0	388
jgi|Lacbi1|151039|gww1.48.46.1_1-258_2GF0:A:4-176	2	7	2	6	0	19	11	8	0	173
jgi|Lacbi1|151039|gww1.48.46.1_430-550_1W3B:A:	0	0	0	23	0	35	6	26	0	388
jgi|Lacbi1|151039|gww1.48.46.1_348-466_1FCH:A:	0	0	2	17	0	24	6	19	0	323
jgi|Lacbi1|151039|gww1.48.46.1_683-833_1ELR:A:	0	0	0	7	0	9	1	5	0	128
jgi|Lacbi1|151039|gww1.48.46.1_850-965_1ELR:A:	0	0	0	7	0	9	1	5	0	128
jgi|Lacbi1|151040|gww1.36.54.1_2-257_1SXJ:D:26-262	0	5	2	13	0	21	15	15	0	237
jgi|Lacbi1|151040|gww1.36.54.1_555-706_1W3B:A:	0	0	0	23	0	35	6	26	0	388
jgi|Lacbi1|151040|gww1.36.54.1_318-454_1W3B:A:	0	0	0	23	0	35	6	26	0	388
jgi|Lacbi1|151040|gww1.36.54.1_682-831_1W3B:A:	0	0	0	23	0	35	6	26	0	388
jgi|Lacbi1|151040|gww1.36.54.1_430-543_1W3B:A:	0	0	0	23	0	35	6	26	0	388
jgi|Lacbi1|151040|gww1.36.54.1_850-959_1W3B:A:	0	0	0	23	0	35	6	26	0	388
jgi|Lacbi1|151043|gww1.3.533.1_1-252_2GF0:A:4-176	2	7	2	6	0	19	11	8	0	173
jgi|Lacbi1|151043|gww1.3.533.1_371-525,618-733_1OUV:A:	0	0	0	15	0	18	7	15	0	272
jgi|Lacbi1|151043|gww1.3.533.1_662-862_1W3B:A:	0	0	0	23	0	35	6	26	0	388
jgi|Lacbi1|151043|gww1.3.533.1_531-649_1W3B:A:	0	0	0	23	0	35	6	26	0	388
jgi|Lacbi1|151045|gww1.33.88.1_2-257_2GF0:A:4-176	2	7	2	6	0	19	11	8	0	173
jgi|Lacbi1|151045|gww1.33.88.1_683-833_1ELR:A:	0	0	0	7	0	9	1	5	0	128
jgi|Lacbi1|151045|gww1.33.88.1_515-632,683-706_1W3B:A:	0	0	0	23	0	35	6	26	0	388
jgi|Lacbi1|151045|gww1.33.88.1_347-496_1ELR:A:	0	0	0	7	0	9	1	5	0	128
jgi|Lacbi1|151050|gww1.21.96.1_1-252_1JR3:A:3-242	2	5	2	11	0	27	23	12	0	240
jgi|Lacbi1|151050|gww1.21.96.1_566-718_1W3B:A:	0	0	0	23	0	35	6	26	0	388
jgi|Lacbi1|151050|gww1.21.96.1_365-490_1W3B:A:	0	0	0	23	0	35	6	26	0	388
jgi|Lacbi1|151050|gww1.21.96.1_693-804_1W3B:A:	0	0	0	23	0	35	6	26	0	388
jgi|Lacbi1|151050|gww1.21.96.1_489-601_1W3B:A:	0	0	0	23	0	35	6	26	0	388
jgi|Lacbi1|151051|gww1.11.363.1_703-887_1AKO:A:	6	12	3	10	0	27	14	16	0	268
jgi|Lacbi1|151052|gww1.5.536.1_107-259_1W3B:A:	0	0	0	23	0	35	6	26	0	388
jgi|Lacbi1|151052|gww1.5.536.1_359-499_1W3B:A:	0	0	0	23	0	35	6	26	0	388
jgi|Lacbi1|151052|gww1.5.536.1_234-352_1W3B:A:	0	0	0	23	0	35	6	26	0	388
jgi|Lacbi1|151052|gww1.5.536.1_19-144_1FCH:A:	0	0	2	17	0	24	6	19	0	323
jgi|Lacbi1|151056|gww1.4.714.1_2-253_2FG5:A:3-167	2	6	2	5	0	16	8	10	0	165
jgi|Lacbi1|151056|gww1.4.714.1_353-388,481-846_1W3B:A:	0	0	0	23	0	35	6	26	0	388
jgi|Lacbi1|151056|gww1.4.714.1_316-461_1W3B:A:	0	0	0	23	0	35	6	26	0	388
jgi|Lacbi1|151056|gww1.4.714.1_855-967_1W3B:A:	0	0	0	23	0	35	6	26	0	388
jgi|Lacbi1|151064|gww1.32.76.1_41-152,210-334_1OUV:A:	0	0	0	15	0	18	7	15	0	272
jgi|Lacbi1|151064|gww1.32.76.1_286-437_1IHG:A:197-365	0	0	2	8	0	13	5	7	0	169
jgi|Lacbi1|151064|gww1.32.76.1_372-511_1OUV:A:	0	0	0	15	0	18	7	15	0	272
jgi|Lacbi1|151129|gww1.40.90.1_20-179,227-273_1F0I:A:264-514	2	9	3	7	0	27	19	11	0	246
jgi|Lacbi1|151129|gww1.40.90.1_331-485,609-689_1BYR:A:	2	8	0	5	0	13	9	7	0	152
jgi|Lacbi1|151201|gww1.40.93.1_23-172,220-257_1BYR:A:	2	8	0	5	0	13	9	7	0	152
jgi|Lacbi1|151201|gww1.40.93.1_314-406,568-648_1BYR:A:	2	8	0	5	0	13	9	7	0	152
jgi|Lacbi1|151245|gww1.6.456.1_3-431_1IIR:A:	0	13	4	14	0	38	21	15	0	401
jgi|Lacbi1|151249|gww1.6.457.1_75-238_2F2H:A:248-585	10	10	5	9	0	36	16	18	0	338
jgi|Lacbi1|151249|gww1.6.457.1_240-322_2F2H:A:586-665	0	8	1	1	0	13	7	5	0	80
jgi|Lacbi1|151260|gww1.17.120.1_696-750_1WHR:A:	0	3	1	3	0	17	10	4	0	123
jgi|Lacbi1|151339|gww1.11.377.1_258-506_1W3B:A:	0	0	0	23	0	35	6	26	0	388
jgi|Lacbi1|151339|gww1.11.377.1_31-154_1ELW:A:	0	0	0	7	0	11	0	7	0	117
jgi|Lacbi1|151354|gww1.34.61.1_48-447_1EQC:A:	4	8	10	10	0	47	30	30	0	394
jgi|Lacbi1|151412|gww1.66.27.1_198-318_1KT1:A:254-421	0	0	1	7	0	12	3	7	0	168
jgi|Lacbi1|151420|gww1.6.464.1_364-514_1W3B:A:	0	0	0	23	0	35	6	26	0	388
jgi|Lacbi1|151420|gww1.6.464.1_532-653_1W3B:A:	0	0	0	23	0	35	6	26	0	388
jgi|Lacbi1|151420|gww1.6.464.1_280-397_1W3B:A:	0	0	0	23	0	35	6	26	0	388
jgi|Lacbi1|151420|gww1.6.464.1_6-132_2A5Y:B:109-385	4	5	1	11	0	20	17	17	0	277
jgi|Lacbi1|151461|gww1.4.744.1_404-557_1W3B:A:	0	0	0	23	0	35	6	26	0	388
jgi|Lacbi1|151461|gww1.4.744.1_320-440_1ELR:A:	0	0	0	7	0	9	1	5	0	128
jgi|Lacbi1|151461|gww1.4.744.1_530-647_1W3B:A:	0	0	0	23	0	35	6	26	0	388
jgi|Lacbi1|151461|gww1.4.744.1_5-136_2BME:A:6-179	0	6	2	6	0	15	11	11	0	176
jgi|Lacbi1|151468|gww1.16.62.1_514-663_1W3B:A:	0	0	0	23	0	35	6	26	0	388
jgi|Lacbi1|151468|gww1.16.62.1_309-452_1W3B:A:	0	0	0	23	0	35	6	26	0	388
jgi|Lacbi1|151468|gww1.16.62.1_6-138_2A5Y:B:109-385	4	5	1	11	0	20	17	17	0	277
jgi|Lacbi1|151482|gww1.1.1097.1_3-540,572-633_1EPU:A:	10	13	8	23	0	49	33	33	0	590
jgi|Lacbi1|151500|gww1.55.29.1_34-195,354-528_1HOW:A:	5	10	4	11	0	39	18	24	0	362
jgi|Lacbi1|151539|gww1.39.42.1_150-350_1V10:A:137-304	4	11	3	0	0	23	15	7	0	168
jgi|Lacbi1|151539|gww1.39.42.1_346-511_1V10:A:305-494	3	12	3	5	0	28	18	8	0	190
jgi|Lacbi1|151539|gww1.39.42.1_9-147_1A65:A:1-131	5	9	2	0	0	21	7	12	0	131
jgi|Lacbi1|151571|gww1.39.44.1_428-542_1K3I:A:538-639	3	10	0	0	0	15	10	5	0	102
jgi|Lacbi1|151571|gww1.39.44.1_51-404_1K3I:A:151-537	9	30	6	0	0	59	29	25	0	387
jgi|Lacbi1|151600|gww1.9.295.1_2-421_1PW4:A:	2	0	1	18	0	21	18	22	0	450
jgi|Lacbi1|151633|gww1.4.752.1_15-430_1AC5:A:	3	18	9	15	0	51	36	39	0	483
jgi|Lacbi1|151723|gww1.12.249.1_211-525_1ERJ:A:	2	30	1	1	0	43	24	22	0	388
jgi|Lacbi1|151736|gww1.62.78.1_1-137_2OVR:B:2365-2706	0	32	2	1	0	36	24	21	0	342
jgi|Lacbi1|151776|gww1.57.53.1_4-380_2GUY:A:1-381	12	13	11	13	0	43	24	24	0	381
jgi|Lacbi1|151776|gww1.57.53.1_391-466_2AAA:A:382-476	0	8	0	1	0	12	5	9	0	95
jgi|Lacbi1|151814|gww1.65.17.1_75-194_1W3B:A:	0	0	0	23	0	35	6	26	0	388
jgi|Lacbi1|151814|gww1.65.17.1_3-112_1W3B:A:	0	0	0	23	0	35	6	26	0	388
jgi|Lacbi1|151898|gww1.30.73.1_6-435_1PW4:A:	2	0	1	18	0	21	18	22	0	450
jgi|Lacbi1|151934|gww1.1.1149.1_8-451_1PW4:A:	2	0	1	18	0	21	18	22	0	450
jgi|Lacbi1|151986|gww1.47.44.1_6-240_2G39:A:3-223	10	9	3	6	0	25	19	14	0	221
jgi|Lacbi1|151986|gww1.47.44.1_245-309_2G39:A:224-497	2	17	5	10	0	29	21	17	0	274
jgi|Lacbi1|152096|gww1.14.110.1_8-366_1EQC:A:	4	8	10	10	0	47	30	30	0	394
jgi|Lacbi1|152154|gww1.39.49.1_190-441_1Z70:X:1086-1371	10	14	3	4	0	41	27	22	0	286
jgi|Lacbi1|152257|gww1.34.80.1_2-314,444-458_1F8R:A:4-319,A:433-486	5	16	5	15	0	36	19	22	1	370
jgi|Lacbi1|152257|gww1.34.80.1_295-430_1F8R:A:320-432	0	7	2	3	0	14	6	6	0	113
jgi|Lacbi1|152284|gww1.36.63.1_6-308_1S9J:A:	3	8	3	12	0	27	14	14	0	340
jgi|Lacbi1|152393|gww1.1.1195.1_3-63,122-364_1V4E:A:	0	2	1	14	0	18	6	12	0	280
jgi|Lacbi1|152426|gww1.55.45.1_100-177_1S7B:A:	0	0	0	4	0	10	7	3	0	109
jgi|Lacbi1|152440|gww1.28.72.1_1-271_1VYH:C:92-408	0	28	1	0	0	39	25	14	0	317
jgi|Lacbi1|152455|gww1.30.76.1_2-281_1FLG:A:	8	40	6	3	0	86	43	41	0	582
jgi|Lacbi1|152504|gww1.7.355.1_48-321_1VYH:C:92-408	0	28	1	0	0	39	25	14	0	317
jgi|Lacbi1|152512|gww1.62.93.1_4-294_1VYH:C:92-408	0	28	1	0	0	39	25	14	0	317
jgi|Lacbi1|152524|gww1.29.85.1_4-331_2OVR:B:2365-2706	0	32	2	1	0	36	24	21	0	342
jgi|Lacbi1|152535|gww1.4.801.1_117-211,247-321_1X5T:A:8-90	2	6	0	2	0	10	6	5	0	83
jgi|Lacbi1|152616|gww1.5.612.1_79-339_2EUT:A:4-294	6	5	4	14	0	33	17	17	0	291
jgi|Lacbi1|152636|gww1.54.71.1_32-211_1D2T:A:	0	0	2	13	0	18	11	13	0	224
jgi|Lacbi1|167318|gwh1.20.160.1_32-211_1D2T:A:	0	0	2	13	0	18	11	13	0	224
jgi|Lacbi1|152669|gww1.11.418.1_1-311_1X74:A:2-360	0	12	4	14	1	37	25	27	0	359
jgi|Lacbi1|152828|gww1.50.59.1_1-242_1YDE:A:4-253	2	7	2	10	0	23	11	14	0	250
jgi|Lacbi1|152838|gww1.4.825.1_1-142_1YB5:A:6-120,A:295-329	2	9	3	2	0	18	11	6	1	150
jgi|Lacbi1|152838|gww1.4.825.1_87-225_1F8F:A:163-336	0	6	3	7	0	16	13	12	0	174
jgi|Lacbi1|152843|gww1.7.357.1_39-134_1S7B:A:	0	0	0	4	0	10	7	3	0	109
jgi|Lacbi1|152909|gww1.17.148.1_4-253_1S9A:A:	5	12	1	5	0	33	15	18	0	256
jgi|Lacbi1|152965|gww1.32.91.1_6-301_1CKI:A:	5	10	3	10	0	30	14	16	0	299
jgi|Lacbi1|152968|gww1.9.350.1_49-216_1MLD:A:145-313	2	5	3	4	0	16	6	6	0	169
jgi|Lacbi1|152968|gww1.9.350.1_2-48_2CMD:A:1-145	0	6	2	5	0	15	10	8	0	145
jgi|Lacbi1|153014|gww1.34.82.1_21-227_1K2W:A:	2	7	4	9	0	21	11	17	0	256
jgi|Lacbi1|153019|gww1.18.159.1_1-293_2IXN:A:3-299	1	2	1	15	0	25	13	17	0	297
jgi|Lacbi1|153024|gww1.9.353.1_3-146,177-338_1OKC:A:	0	0	6	11	0	19	10	9	0	292
jgi|Lacbi1|153030|gww1.20.166.1_109-184_1RLG:A:	0	4	1	5	0	10	10	5	0	113
jgi|Lacbi1|153070|gww1.44.94.1_1-202_1ERJ:A:	2	30	1	1	0	43	24	22	0	388
jgi|Lacbi1|153087|gww1.68.76.1_5-79,118-187_1FJG:D:	4	4	3	8	0	22	11	17	0	208
jgi|Lacbi1|153161|gww1.9.357.1_1-163_1CKI:A:	5	10	3	10	0	30	14	16	0	299
jgi|Lacbi1|153293|gww1.32.95.1_78-213_1W3B:A:	0	0	0	23	0	35	6	26	0	388
jgi|Lacbi1|153293|gww1.32.95.1_3-102_1ELR:A:	0	0	0	7	0	9	1	5	0	128
jgi|Lacbi1|153346|gww1.11.433.1_78-193_1ELW:A:	0	0	0	7	0	11	0	7	0	117
jgi|Lacbi1|153346|gww1.11.433.1_4-101_1W3B:A:	0	0	0	23	0	35	6	26	0	388
jgi|Lacbi1|153366|gww1.16.86.1_78-197_1ELR:A:	0	0	0	7	0	9	1	5	0	128
jgi|Lacbi1|153366|gww1.16.86.1_2-110_1KT1:A:254-421	0	0	1	7	0	12	3	7	0	168
jgi|Lacbi1|153380|gww1.3.636.1_75-187_1W3B:A:	0	0	0	23	0	35	6	26	0	388
jgi|Lacbi1|153380|gww1.3.636.1_3-111_1W3B:A:	0	0	0	23	0	35	6	26	0	388
jgi|Lacbi1|153475|gww1.1.1285.1_78-195_1W3B:A:	0	0	0	23	0	35	6	26	0	388
jgi|Lacbi1|153475|gww1.1.1285.1_3-110_1ELR:A:	0	0	0	7	0	9	1	5	0	128
jgi|Lacbi1|153604|gww1.3.643.1_6-91_1AJ2:A:	1	10	2	9	1	29	16	19	0	282
jgi|Lacbi1|153640|gww1.5.646.1_3-247_1AFS:A:	4	12	5	10	0	42	20	22	0	319
jgi|Lacbi1|153675|gww1.20.188.1_2-32,67-253_1UPS:A:19-284	7	16	2	1	0	36	22	17	0	266
jgi|Lacbi1|153712|gww1.20.189.1_8-219_1F75:A:	1	6	5	7	0	25	15	11	0	229
jgi|Lacbi1|153730|gww1.65.23.1_1-185,223-245_1JWH:C:	12	0	4	7	0	25	19	17	0	200
jgi|Lacbi1|153763|gww1.1.1304.1_36-171,204-242_1HOW:A:	5	10	4	11	0	39	18	24	0	362
jgi|Lacbi1|153863|gww1.11.452.1_2-181_1S3Z:A:	0	6	2	4	0	13	7	6	0	164
jgi|Lacbi1|153867|gww1.2.997.1_8-210_1IA8:A:	5	12	5	7	0	36	16	18	0	275
jgi|Lacbi1|153871|gww1.47.49.1_2-123_1I6P:A:	1	5	1	10	0	18	11	13	0	214
jgi|Lacbi1|153882|gww1.32.105.1_1-163_1NJR:A:	2	6	4	10	0	28	15	19	0	264
jgi|Lacbi1|153937|gww1.1.1327.1_3-151_3BI7:A:414-617	2	8	2	4	0	23	14	13	0	204
jgi|Lacbi1|153962|gww1.61.69.1_1-172_1KMQ:A:	0	6	3	6	0	15	10	12	0	177
jgi|Lacbi1|153974|gww1.5.665.1_3-127_1DWU:A:	0	10	3	8	0	22	10	12	0	213
jgi|Lacbi1|154034|gww1.12.319.1_104-186_1P1T:A:	2	4	0	4	0	11	10	6	0	104
jgi|Lacbi1|154034|gww1.12.319.1_1-75_2CQ3:A:110-202	0	6	1	2	0	13	6	5	0	90
jgi|Lacbi1|154174|gww1.1.1346.1_1-145_2JFL:A:21-308	1	11	6	10	0	27	17	20	0	288
jgi|Lacbi1|154219|gww1.1.1350.1_7-155_1C06:A:	0	5	1	7	0	16	11	9	0	159
jgi|Lacbi1|154221|gww1.59.37.1_8-132_2FV8:A:4-184	0	6	2	6	0	16	5	13	0	181
jgi|Lacbi1|154230|gww1.27.101.1_3-160_2B3W:A:1-160	2	4	1	6	0	16	12	8	0	160
jgi|Lacbi1|154235|gww1.10.364.1_1-137_1QOI:A:	5	10	2	2	0	25	13	11	0	173
jgi|Lacbi1|154311|gww1.1.1360.1_3-111_1KTJ:A:	6	10	1	0	0	20	10	7	0	129
jgi|Lacbi1|154423|gww1.60.47.1_1-89_1OCS:A:	0	3	0	4	0	15	8	7	0	132
jgi|Lacbi1|154480|gww1.22.169.1_1-74_1K8K:B:154-343	0	8	3	7	0	23	11	15	0	190
jgi|Lacbi1|154554|gww1.22.170.1_1-77_1VYH:C:92-408	0	28	1	0	0	39	25	14	0	317
jgi|Lacbi1|154629|gww1.10.380.1_7-55_2DKT:A:8-81	2	4	0	1	0	10	11	2	0	74
jgi|Lacbi1|154897|gww1.34.107.1_1-90_1SFE:A:93-176	2	2	1	4	0	12	4	9	0	84
jgi|Lacbi1|154989|gww1.73.68.1_2-81_1D3B:A:	0	5	1	1	0	8	3	4	0	72
jgi|Lacbi1|155035|gww1.33.149.1_1-60_1ELR:A:	0	0	0	7	0	9	1	5	0	128
jgi|Lacbi1|155057|gww1.6.576.1_4-73_1ELR:A:	0	0	0	7	0	9	1	5	0	128
jgi|Lacbi1|155091|gww1.65.36.1_2-56_1W3B:A:	0	0	0	23	0	35	6	26	0	388
jgi|Lacbi1|155281|gww1.2.1056.1_2-64_1ID3:B:	0	3	1	3	0	8	3	4	0	79
jgi|Lacbi1|155501|gwh1.15.2.1_1-485,534-669_1D0Y:A:2-33,A:80-759	6	17	8	27	0	69	40	35	1	712
jgi|Lacbi1|155501|gwh1.15.2.1_1174-1227,1291-1414,1446-1607_1FO8:A:	7	15	6	10	0	38	22	24	0	343
jgi|Lacbi1|155501|gwh1.15.2.1_888-933_1MJ4:A:	2	4	2	3	0	8	4	8	0	80
jgi|Lacbi1|155506|gwh1.15.4.1_555-728_2Q0Z:X:33-208	1	0	2	9	0	14	8	11	0	176
jgi|Lacbi1|155506|gwh1.15.4.1_1386-1557_2Q0Z:X:33-208	1	0	2	9	0	14	8	11	0	176
jgi|Lacbi1|155506|gwh1.15.4.1_175-402_2P6R:A:1-202	1	7	2	7	0	20	9	10	0	202
jgi|Lacbi1|155506|gwh1.15.4.1_1057-1266_2P6R:A:203-403	2	10	1	7	0	20	15	11	0	201
jgi|Lacbi1|155506|gwh1.15.4.1_758-1048_2P6R:A:1-202	1	7	2	7	0	20	9	10	0	202
jgi|Lacbi1|155506|gwh1.15.4.1_1569-1631_2Q0Z:X:209-322	2	7	1	0	0	12	8	4	0	114
jgi|Lacbi1|155506|gwh1.15.4.1_426-539_1ULY:A:	1	4	1	8	0	12	7	8	0	190
jgi|Lacbi1|155506|gwh1.15.4.1_1266-1362_1ZYB:A:148-220	0	3	1	3	0	8	5	4	0	73
jgi|Lacbi1|155541|gwh1.23.4.1_655-867_2P6R:A:203-403	2	10	1	7	0	20	15	11	0	201
jgi|Lacbi1|155541|gwh1.23.4.1_1206-1499_2P6R:A:1-202	1	7	2	7	0	20	9	10	0	202
jgi|Lacbi1|155541|gwh1.23.4.1_1836-1989_2Q0Z:X:33-208	1	0	2	9	0	14	8	11	0	176
jgi|Lacbi1|155541|gwh1.23.4.1_986-1171_2Q0Z:X:33-208	1	0	2	9	0	14	8	11	0	176
jgi|Lacbi1|155541|gwh1.23.4.1_407-645_2P6R:A:1-202	1	7	2	7	0	20	9	10	0	202
jgi|Lacbi1|155541|gwh1.23.4.1_1508-1717_2P6R:A:203-403	2	10	1	7	0	20	15	11	0	201
jgi|Lacbi1|155541|gwh1.23.4.1_867-970_2A07:F:503-584	3	2	0	4	0	11	4	2	0	82
jgi|Lacbi1|155541|gwh1.23.4.1_1717-1817_1OYI:A:	0	3	0	3	0	5	6	2	0	62
jgi|Lacbi1|155578|gwh1.17.1.1_11-359_1KB0:A:1-573	5	40	7	6	0	73	38	39	0	573
jgi|Lacbi1|155602|gwh1.3.9.1_3-226,1106-1296_1E69:A:	6	14	2	6	0	26	20	16	0	308
jgi|Lacbi1|155629|gwh1.1.16.1_480-1222_1BJT:A:	7	25	4	20	0	69	43	34	0	760
jgi|Lacbi1|155629|gwh1.1.16.1_73-307_1PVG:A:7-245	2	13	1	7	0	23	13	11	0	239
jgi|Lacbi1|155629|gwh1.1.16.1_298-466_1PVG:A:246-406	3	5	1	5	0	13	8	7	0	161
jgi|Lacbi1|155630|gwh1.81.1.1_261-422,561-619,670-822,998-1176_1GW5:B:	0	0	4	32	0	42	43	37	0	579
jgi|Lacbi1|155645|gwh1.36.1.1_1221-1323,1378-1519_1PF4:A:321-564	3	9	2	6	0	30	21	8	0	243
jgi|Lacbi1|155645|gwh1.36.1.1_859-900,942-1208_2HYD:A:1-323	0	0	1	15	1	9	5	12	0	323
jgi|Lacbi1|155645|gwh1.36.1.1_570-787_1R0W:A:	0	11	2	12	1	27	19	16	0	281
jgi|Lacbi1|155645|gwh1.36.1.1_156-254,283-487_2HYD:A:1-323	0	0	1	15	1	9	5	12	0	323
jgi|Lacbi1|155652|gwh1.2.22.1_59-460_1II6:A:	4	14	4	9	0	34	19	15	0	350
jgi|Lacbi1|155693|gwh1.13.3.1_384-623_3B60:A:329-581	4	10	2	9	0	24	18	16	0	253
jgi|Lacbi1|155693|gwh1.13.3.1_15-328_1PF4:A:10-320	0	0	9	16	0	12	11	14	0	310
jgi|Lacbi1|155693|gwh1.13.3.1_1102-1243_2HYD:A:324-578	2	10	5	9	0	25	21	16	0	255
jgi|Lacbi1|155693|gwh1.13.3.1_785-1090_2HYD:A:1-323	0	0	1	15	1	9	5	12	0	323
jgi|Lacbi1|155727|gwh1.64.6.1_63-250_3DC7:A:18-224	5	5	1	8	0	25	19	14	0	207
jgi|Lacbi1|155784|gwh1.32.2.1_1213-1474_1GA8:A:	1	9	6	12	0	34	23	21	0	282
jgi|Lacbi1|155813|gwh1.18.5.1_256-444_1T9F:A:	4	12	2	0	0	29	9	14	0	186
jgi|Lacbi1|155825|gwh1.88.3.1_233-412,686-835,961-1170_1GW5:B:	0	0	4	32	0	42	43	37	0	579
jgi|Lacbi1|155936|gwh1.18.8.1_181-282_1DQV:A:295-424	1	8	2	0	0	20	13	4	0	130
jgi|Lacbi1|155936|gwh1.18.8.1_4-128_1DQV:A:295-424	1	8	2	0	0	20	13	4	0	130
jgi|Lacbi1|155936|gwh1.18.8.1_335-400_1GJY:A:	4	3	0	8	0	18	6	11	0	167
jgi|Lacbi1|156106|gwh1.2.63.1_75-294_1KI1:B:1229-1438	0	0	2	10	0	7	5	12	0	210
jgi|Lacbi1|156106|gwh1.2.63.1_309-374,418-450_1KI1:B:1439-1580	4	9	1	1	0	17	10	3	0	142
jgi|Lacbi1|156202|gwh1.4.49.1_356-385,467-829_2HPA:A:	4	6	5	13	0	38	21	16	0	342
jgi|Lacbi1|156202|gwh1.4.49.1_165-309_1AUV:A:214-417	1	9	2	5	0	17	10	8	0	204
jgi|Lacbi1|156280|gwh1.3.50.1_8-499_2A3L:A:212-839	5	9	4	24	0	60	44	31	0	628
jgi|Lacbi1|156327|gwh1.1.102.1_19-254_1LTL:A:	2	10	4	5	0	24	9	12	0	239
jgi|Lacbi1|156327|gwh1.1.102.1_307-509,568-679_1NY5:A:138-384	4	9	2	11	0	25	17	12	0	247
jgi|Lacbi1|156331|gwh1.11.35.1_351-662_1G6Q:1:	7	15	2	8	0	32	15	22	0	328
jgi|Lacbi1|156341|gwh1.40.6.1_242-280,370-574_1Z5Z:A:663-906	0	6	1	10	0	26	11	15	0	244
jgi|Lacbi1|156341|gwh1.40.6.1_6-238_1Z63:A:432-661	0	7	2	11	0	24	16	18	0	230
jgi|Lacbi1|156374|gwh1.1.107.1_17-566_1GW5:A:	0	2	4	33	0	46	32	22	0	620
jgi|Lacbi1|156417|gwh1.23.20.1_485-652_2Q0Z:X:33-208	1	0	2	9	0	14	8	11	0	176
jgi|Lacbi1|156417|gwh1.23.20.1_2-175_2P6R:A:1-202	1	7	2	7	0	20	9	10	0	202
jgi|Lacbi1|156417|gwh1.23.20.1_664-757_2Q0Z:X:209-322	2	7	1	0	0	12	8	4	0	114
jgi|Lacbi1|156417|gwh1.23.20.1_219-376_2P6R:A:203-403	2	10	1	7	0	20	15	11	0	201
jgi|Lacbi1|156451|gwh1.1.119.1_24-204_1EJ0:A:	0	7	0	5	0	17	8	9	0	180
jgi|Lacbi1|156491|gwh1.2.99.1_32-108_1GUU:A:	0	0	0	3	0	5	3	2	0	50
jgi|Lacbi1|156780|gwh1.7.32.1_100-388,418-539_1FC4:A:	4	15	0	16	0	43	22	25	0	400
jgi|Lacbi1|157036|gwh1.23.24.1_4-61,126-250,282-374_1LL2:A:	1	11	7	10	0	24	19	16	0	263
jgi|Lacbi1|157051|gwh1.41.20.1_301-432_1KQ6:A:	0	4	1	5	0	16	9	5	0	140
jgi|Lacbi1|157051|gwh1.41.20.1_26-110_1SHF:A:	3	5	1	0	0	9	3	2	0	59
jgi|Lacbi1|157051|gwh1.41.20.1_135-213_1OOT:A:	3	5	1	0	0	9	4	4	0	58
jgi|Lacbi1|157051|gwh1.41.20.1_569-651_1IP9:A:	1	4	0	2	0	11	6	3	0	84
jgi|Lacbi1|157138|gwh1.2.167.1_2-241_1LV7:A:	2	6	3	10	0	31	17	18	0	256
jgi|Lacbi1|157138|gwh1.2.167.1_253-434_2CE7:A:411-603	1	2	1	7	0	10	7	6	0	193
jgi|Lacbi1|157176|gwh1.1.191.1_222-524_1VYH:C:92-408	0	28	1	0	0	39	25	14	0	317
jgi|Lacbi1|157198|gwh1.1.195.1_158-251,325-433_1PUJ:A:	2	6	3	10	0	26	16	16	0	273
jgi|Lacbi1|157243|gwh1.1.197.1_3-337_1M8Z:A:	0	2	4	27	0	17	16	26	0	339
jgi|Lacbi1|157266|gwh1.10.38.1_36-310_1FGX:A:	6	11	2	6	0	34	20	14	0	272
jgi|Lacbi1|157395|gwh1.155.3.1_50-237_1JRL:A:	2	5	4	7	0	18	5	9	0	179
jgi|Lacbi1|157406|gwh1.23.28.1_89-274_1DEO:A:	4	7	4	7	0	25	12	13	0	233
jgi|Lacbi1|157409|gwh1.58.14.1_235-506_1Z3I:X:390-735	0	10	6	11	0	41	29	23	0	346
jgi|Lacbi1|157409|gwh1.58.14.1_1-233_1Z63:A:432-661	0	7	2	11	0	24	16	18	0	230
jgi|Lacbi1|157424|gwh1.1.210.1_4-226_1QUA:A:	0	5	2	6	0	24	15	10	0	197
jgi|Lacbi1|157424|gwh1.1.210.1_245-321_1L3X:A:	2	0	0	0	0	14	10	7	0	73
jgi|Lacbi1|157431|gwh1.7.63.1_203-545_1PKX:A:201-592	5	15	2	13	0	36	25	22	0	392
jgi|Lacbi1|157431|gwh1.7.63.1_1-187_1G8M:A:4-200	3	5	2	10	0	16	9	11	0	197
jgi|Lacbi1|157502|gwh1.48.5.1_36-168,228-384_1GBG:A:	7	16	2	1	0	25	12	12	0	214
jgi|Lacbi1|157516|gwh1.11.78.1_108-398_2OVR:B:2365-2706	0	32	2	1	0	36	24	21	0	342
jgi|Lacbi1|157625|gwh1.6.114.1_3-449_2F9F:A:2-167	2	6	1	7	0	19	11	10	0	166
jgi|Lacbi1|157756|gwh1.49.4.1_48-390_1EZF:A:	0	0	3	18	0	19	14	22	0	333
jgi|Lacbi1|157760|gwh1.4.159.1_266-306_1ZU1:A:74-128	0	2	0	2	0	7	6	3	0	55
jgi|Lacbi1|157859|gwh1.14.19.1_2-311,520-553_1CF3:A:3-324,A:521-583	17	12	7	11	0	49	28	29	1	385
jgi|Lacbi1|157859|gwh1.14.19.1_313-521_1GPE:A:329-524	4	8	4	7	0	18	14	8	0	196
jgi|Lacbi1|157912|gwh1.32.21.1_41-364_1P22:A:253-545	0	28	0	1	0	35	23	13	0	293
jgi|Lacbi1|157939|gwh1.1.279.1_10-314_2J13:A:1-235	2	11	2	8	0	24	9	9	0	235
jgi|Lacbi1|158104|gwh1.25.41.1_7-127,366-467_1Q3Q:A:9-145,A:406-526	0	9	0	10	0	19	6	13	1	258
jgi|Lacbi1|158104|gwh1.25.41.1_192-341_1ASS:A:	3	6	1	4	0	17	14	8	0	152
jgi|Lacbi1|158104|gwh1.25.41.1_142-197,335-361_1A6D:B:145-215,B:368-403	0	5	3	3	0	7	6	2	1	107
jgi|Lacbi1|158152|gwh1.48.7.1_422-524_1HDJ:A:	0	0	1	4	0	9	2	7	0	76
jgi|Lacbi1|158152|gwh1.48.7.1_29-124_1ELW:A:	0	0	0	7	0	11	0	7	0	117
jgi|Lacbi1|158152|gwh1.48.7.1_158-249,350-398_1P5Q:A:258-427	0	0	1	7	0	10	2	6	0	170
jgi|Lacbi1|158182|gwh1.2.262.1_170-485_1ERJ:A:	2	30	1	1	0	43	24	22	0	388
jgi|Lacbi1|158250|gwh1.3.149.1_4-207,321-523_2HGS:A:3-201,A:304-474	1	14	3	15	0	33	20	15	1	370
jgi|Lacbi1|158250|gwh1.3.149.1_212-322_2HGS:A:202-303	0	6	1	4	0	10	6	5	0	102
jgi|Lacbi1|158277|gwh1.21.17.1_118-436_1P22:A:253-545	0	28	0	1	0	35	23	13	0	293
jgi|Lacbi1|158311|gwh1.13.23.1_6-229_1AQ0:A:	6	12	5	10	0	34	21	16	0	306
jgi|Lacbi1|158313|gwh1.11.123.1_6-428_1PV7:A:	0	0	2	22	0	18	12	14	0	417
jgi|Lacbi1|158314|gwh1.11.124.1_8-443_1PV7:A:	0	0	2	22	0	18	12	14	0	417
jgi|Lacbi1|158415|gwh1.1.317.1_63-317_1RTQ:A:	0	9	4	8	0	27	18	18	0	291
jgi|Lacbi1|158451|gwh1.2.282.1_11-416_1TQN:A:	5	9	7	18	0	43	20	30	0	472
jgi|Lacbi1|158567|gwh1.6.148.1_71-370_1VYH:C:92-408	0	28	1	0	0	39	25	14	0	317
jgi|Lacbi1|158840|gwh1.2.310.1_20-188,224-333_1HOW:A:	5	10	4	11	0	39	18	24	0	362
jgi|Lacbi1|158898|gwh1.6.164.1_3-129_1GKZ:A:38-185	0	2	0	6	0	7	8	7	0	148
jgi|Lacbi1|158898|gwh1.6.164.1_143-348_1GKZ:A:186-378	0	8	0	3	0	16	9	10	0	193
jgi|Lacbi1|158930|gwh1.11.154.1_1-196_1JWH:C:	12	0	4	7	0	25	19	17	0	200
jgi|Lacbi1|159042|gwh1.3.193.1_3-361_2HPA:A:	4	6	5	13	0	38	21	16	0	342
jgi|Lacbi1|159289|gwh1.7.111.1_5-280_1VYH:C:92-408	0	28	1	0	0	39	25	14	0	317
jgi|Lacbi1|159312|gwh1.1.399.1_71-179_1K30:A:	2	9	5	14	0	31	12	16	0	367
jgi|Lacbi1|159434|gwh1.15.32.1_94-315_1VL2:A:174-409	0	9	2	5	0	19	14	10	0	236
jgi|Lacbi1|159434|gwh1.15.32.1_2-88_1KOR:A:1-165	2	5	1	7	0	16	7	11	0	165
jgi|Lacbi1|159481|gwh1.47.10.1_2-316_1N8P:A:	5	12	2	13	0	43	33	20	0	393
jgi|Lacbi1|159525|gwh1.52.18.1_4-299_1L0Q:A:1-301	0	29	1	0	0	20	16	19	0	301
jgi|Lacbi1|159527|gwh1.4.285.1_2-291_3BLH:A:8-325	3	10	4	9	0	33	17	14	0	318
jgi|Lacbi1|159530|gwh1.17.50.1_1-254_1VYH:C:92-408	0	28	1	0	0	39	25	14	0	317
jgi|Lacbi1|159686|gwh1.38.23.1_5-136_1DVP:A:1-145	0	0	0	8	0	11	8	5	0	145
jgi|Lacbi1|159686|gwh1.38.23.1_201-266_1SEM:A:	3	5	1	0	0	8	3	3	0	58
jgi|Lacbi1|159686|gwh1.38.23.1_285-357_1WRD:A:215-307	0	0	0	3	0	4	1	2	0	93
jgi|Lacbi1|159720|gwh1.155.4.1_81-321_1ERJ:A:	2	30	1	1	0	43	24	22	0	388
jgi|Lacbi1|159720|gwh1.155.4.1_1-118_1K32:A:320-679	4	31	5	1	0	46	27	17	0	360
jgi|Lacbi1|159738|gwh1.19.35.1_56-367_2AYU:A:70-370	3	6	4	8	0	25	17	14	0	301
jgi|Lacbi1|159743|gwh1.64.31.1_2-329_2OVR:B:2365-2706	0	32	2	1	0	36	24	21	0	342
jgi|Lacbi1|159818|gwh1.64.34.1_4-329_1VYH:C:92-408	0	28	1	0	0	39	25	14	0	317
jgi|Lacbi1|159823|gwh1.11.190.1_36-273_1T64:A:	10	8	3	11	0	40	16	26	0	364
jgi|Lacbi1|159848|gwh1.4.313.1_262-326_1UFM:A:	0	3	0	3	0	8	7	3	0	83
jgi|Lacbi1|159897|gwh1.2.411.1_62-293_1K8K:B:154-343	0	8	3	7	0	23	11	15	0	190
jgi|Lacbi1|159897|gwh1.2.411.1_2-69_1C0G:A:1-146	0	10	2	4	0	13	10	8	0	146
jgi|Lacbi1|159909|gwh1.2.412.1_1-303_1VB5:A:	3	12	4	9	0	31	10	13	0	274
jgi|Lacbi1|160038|gwh1.34.20.1_4-286_2PLC:A:	5	13	4	8	0	26	18	17	0	274
jgi|Lacbi1|160081|gwh1.8.127.1_5-350_3CZH:A:40-502	7	8	4	16	0	42	19	26	0	462
jgi|Lacbi1|160090|gwh1.8.128.1_8-349_1PQ2:A:	6	9	3	17	0	42	25	31	0	463
jgi|Lacbi1|160094|gwh1.3.250.1_7-158_2IVX:A:7-149	0	0	1	7	0	11	6	8	0	143
jgi|Lacbi1|160094|gwh1.3.250.1_162-268_2I53:A:158-267	2	0	3	4	0	9	6	6	0	110
jgi|Lacbi1|160104|gwh1.1.484.1_4-75_3B5N:C:443-496	0	0	0	1	0	1	0	0	0	69
jgi|Lacbi1|160104|gwh1.1.484.1_164-233_1L4A:D:	0	0	0	4	0	4	3	3	0	86
jgi|Lacbi1|160152|gwh1.7.135.1_1-263_1A06:A:	4	8	4	10	0	29	20	14	0	307
jgi|Lacbi1|160181|gwh1.18.60.1_5-330_1W0D:A:	1	12	4	12	0	31	20	21	0	336
jgi|Lacbi1|160259|gwh1.62.35.1_2-290_1VYH:C:92-408	0	28	1	0	0	39	25	14	0	317
jgi|Lacbi1|160346|gwh1.5.298.1_2-219_1MUO:A:	6	6	4	9	0	28	17	16	0	261
jgi|Lacbi1|160375|gwh1.25.78.1_3-279_1HKH:A:	8	8	1	13	0	23	13	22	0	279
jgi|Lacbi1|160452|gwh1.31.27.1_114-287_1BOF:A:10-60,A:182-354	1	6	6	6	0	19	9	12	1	224
jgi|Lacbi1|160452|gwh1.31.27.1_2-118_1CIP:A:61-181	0	0	1	8	0	7	3	10	0	121
jgi|Lacbi1|160458|gwh1.8.140.1_8-167_1YB5:A:6-120,A:295-329	2	9	3	2	0	18	11	6	1	150
jgi|Lacbi1|160458|gwh1.8.140.1_112-250_1PQW:A:	0	7	2	7	0	15	7	13	0	183
jgi|Lacbi1|160465|gwh1.31.32.1_105-283_1BOF:A:10-60,A:182-354	1	6	6	6	0	19	9	12	1	224
jgi|Lacbi1|160465|gwh1.31.32.1_4-118_1CIP:A:61-181	0	0	1	8	0	7	3	10	0	121
jgi|Lacbi1|160472|gwh1.21.43.1_1-143_1YB5:A:6-120,A:295-329	2	9	3	2	0	18	11	6	1	150
jgi|Lacbi1|160472|gwh1.21.43.1_88-227_1PQW:A:	0	7	2	7	0	15	7	13	0	183
jgi|Lacbi1|160542|gwh1.71.17.1_1-276_1ERJ:A:	2	30	1	1	0	43	24	22	0	388
jgi|Lacbi1|160583|gwh1.5.308.1_133-284_2GY9:I:4-129	0	6	3	4	0	10	5	5	0	126
jgi|Lacbi1|160589|gwh1.28.41.1_11-229_1KOQ:A:	5	13	5	4	0	33	18	7	0	222
jgi|Lacbi1|160642|gwh1.1.563.1_2-235_1O6L:A:	6	9	5	10	0	39	20	21	0	337
jgi|Lacbi1|160758|gwh1.20.71.1_2-279_1A06:A:	4	8	4	10	0	29	20	14	0	307
jgi|Lacbi1|160813|gwh1.17.58.1_82-160_1GAD:O:149-312	2	8	3	3	0	15	11	8	0	164
jgi|Lacbi1|160813|gwh1.17.58.1_2-99_1J0X:O:1-148,O:313-332	1	8	3	5	0	22	13	9	1	168
jgi|Lacbi1|160816|gwh1.8.147.1_2-128_1J0X:O:1-148,O:313-332	1	8	3	5	0	22	13	9	1	168
jgi|Lacbi1|160816|gwh1.8.147.1_106-192_1GAD:O:149-312	2	8	3	3	0	15	11	8	0	164
jgi|Lacbi1|160938|gwh1.18.71.1_1-172_1CKI:A:	5	10	3	10	0	30	14	16	0	299
jgi|Lacbi1|160973|gwh1.62.47.1_1-288_2OVR:B:2365-2706	0	32	2	1	0	36	24	21	0	342
jgi|Lacbi1|161028|gwh1.40.39.1_1-288_1VYH:C:92-408	0	28	1	0	0	39	25	14	0	317
jgi|Lacbi1|161095|gwh1.51.11.1_1-166_1CKI:A:	5	10	3	10	0	30	14	16	0	299
jgi|Lacbi1|164316|gwh1.499.1.1_1-166_1CKI:A:	5	10	3	10	0	30	14	16	0	299
jgi|Lacbi1|161102|gwh1.74.14.1_100-188_1GAD:O:149-312	2	8	3	3	0	15	11	8	0	164
jgi|Lacbi1|161102|gwh1.74.14.1_2-116_1J0X:O:1-148,O:313-332	1	8	3	5	0	22	13	9	1	168
jgi|Lacbi1|161176|gwh1.5.337.1_151-275_2CQ0:A:231-320	0	6	0	2	0	9	8	5	0	90
jgi|Lacbi1|161313|gwh1.18.82.1_1-292_1ERJ:A:	2	30	1	1	0	43	24	22	0	388
jgi|Lacbi1|161328|gwh1.70.7.1_2-83,121-146_2F5K:A:6-88	0	5	2	1	0	7	5	3	0	83
jgi|Lacbi1|161360|gwh1.11.239.1_27-89_1HDJ:A:	0	0	1	4	0	9	2	7	0	76
jgi|Lacbi1|161361|gwh1.1.628.1_15-162_1RZ4:A:2-131	0	0	3	9	0	8	7	9	0	130
jgi|Lacbi1|161361|gwh1.1.628.1_176-251_1RZ4:A:132-216	0	3	0	5	0	9	4	4	0	85
jgi|Lacbi1|161376|gwh1.1.630.1_140-245_1VQS:A:	0	4	0	5	0	9	5	5	0	115
jgi|Lacbi1|161376|gwh1.1.630.1_25-135_1VQY:A:1-104	1	4	0	4	0	9	4	5	0	104
jgi|Lacbi1|161487|gwh1.33.47.1_18-213_1UHV:A:14-359	6	15	5	9	0	42	29	21	0	346
jgi|Lacbi1|161489|gwh1.37.23.1_2-219_1MUO:A:	6	6	4	9	0	28	17	16	0	261
jgi|Lacbi1|161658|gwh1.1.661.1_3-247_1F3M:C:	1	10	4	11	0	33	20	20	0	294
jgi|Lacbi1|161692|gwh1.33.49.1_1-210_2FDR:A:3-224	3	6	3	11	0	22	9	15	0	222
jgi|Lacbi1|161811|gwh1.12.120.1_20-130_1MP1:A:	0	0	2	5	0	8	10	5	0	110
jgi|Lacbi1|161841|gwh1.2.557.1_5-243_1V4E:A:	0	2	1	14	0	18	6	12	0	280
jgi|Lacbi1|161889|gwh1.3.363.1_1-262_1D8I:A:	1	12	4	5	0	26	16	5	0	301
jgi|Lacbi1|161901|gwh1.18.90.1_2-114_1N11:A:	0	0	1	24	0	48	15	35	0	408
jgi|Lacbi1|161953|gwh1.50.26.1_3-230_1BQB:A:	2	15	4	8	0	30	19	17	0	301
jgi|Lacbi1|162014|gwh1.49.24.1_4-148_1UOH:A:	0	0	1	14	0	27	7	20	0	223
jgi|Lacbi1|162141|gwh1.5.388.1_2-142_2OVR:B:2365-2706	0	32	2	1	0	36	24	21	0	342
jgi|Lacbi1|162279|gwh1.1.728.1_13-184_2J3W:B:21-188	0	5	1	6	0	11	10	7	0	168
jgi|Lacbi1|162339|gwh1.4.490.1_1-114_1AWC:B:	0	0	0	10	0	18	2	16	0	153
jgi|Lacbi1|162361|gwh1.25.115.1_2-167_1JEY:B:6-241	3	6	3	6	0	21	12	12	0	236
jgi|Lacbi1|162497|gwh1.10.164.1_74-165_1YR0:A:4-166	0	7	2	4	0	10	4	9	0	163
jgi|Lacbi1|162524|gwh1.2.610.1_1-131,159-184_2AK3:A:0-124,A:162-225	2	5	1	8	0	16	10	8	1	189
jgi|Lacbi1|162524|gwh1.2.610.1_126-162_2AK3:A:125-161	4	2	1	0	0	6	1	4	0	37
jgi|Lacbi1|162710|gwh1.29.47.1_1-107_1FOT:A:	5	9	4	10	0	37	20	19	0	316
jgi|Lacbi1|162713|gwh1.46.23.1_1-131_1M3G:A:	0	6	0	5	0	15	12	8	0	145
jgi|Lacbi1|162762|gwh1.147.3.1_2-119_1ERJ:A:	2	30	1	1	0	43	24	22	0	388
jgi|Lacbi1|162766|gwh1.3.405.1_7-185_2NR9:A:4-192	0	0	2	8	0	13	11	7	0	189
jgi|Lacbi1|162822|gwh1.23.67.1_17-170_1BO1:A:	1	12	2	8	0	33	23	12	0	383
jgi|Lacbi1|162824|gwh1.5.420.1_1-47_1BAK:A:	0	7	0	1	0	18	12	3	0	118
jgi|Lacbi1|162875|gwh1.23.68.1_4-159_1C1Y:A:	2	6	1	6	0	18	12	8	0	167
jgi|Lacbi1|162999|gwh1.47.22.1_1-115_1TQN:A:	5	9	7	18	0	43	20	30	0	472
jgi|Lacbi1|163095|gwh1.66.20.1_4-94_1PV9:A:125-345	6	13	2	4	0	27	12	10	0	221
jgi|Lacbi1|163133|gwh1.71.27.1_38-127_1XBL:A:	0	0	0	3	0	7	3	6	0	75
jgi|Lacbi1|163137|gwh1.21.74.1_1-117_1GAD:O:149-312	2	8	3	3	0	15	11	8	0	164
jgi|Lacbi1|163181|gwh1.20.98.1_6-180_1KMQ:A:	0	6	3	6	0	15	10	12	0	177
jgi|Lacbi1|163205|gwh1.20.99.1_1-114_1WDY:A:	2	0	0	17	0	35	10	27	0	285
jgi|Lacbi1|163219|gwh1.198.5.1_1-144_1IRU:K:	3	12	0	4	0	16	8	8	0	199
jgi|Lacbi1|163268|gwh1.20.100.1_2-103_1WDY:A:	2	0	0	17	0	35	10	27	0	285
jgi|Lacbi1|163291|gwh1.7.244.1_3-128_1V6W:A:304-436	5	12	5	0	0	24	7	8	0	133
jgi|Lacbi1|163306|gwh1.19.75.1_59-151_1I12:A:	3	6	3	5	0	13	5	6	0	157
jgi|Lacbi1|163355|gwh1.52.36.1_6-175_2FV8:A:4-184	0	6	2	6	0	16	5	13	0	181
jgi|Lacbi1|163452|gwh1.42.53.1_4-120_1WDY:A:	2	0	0	17	0	35	10	27	0	285
jgi|Lacbi1|163515|gwh1.35.95.1_1-121_1PS1:A:	0	0	2	17	0	17	10	19	0	311
jgi|Lacbi1|163635|gwh1.3.442.1_2-122_1PS1:A:	0	0	2	17	0	17	10	19	0	311
jgi|Lacbi1|163734|gwh1.3.447.1_84-132_1WG2:A:	0	2	0	0	0	15	11	4	0	63
jgi|Lacbi1|163734|gwh1.3.447.1_3-51_1WFE:A:	0	4	2	0	0	15	9	4	0	85
jgi|Lacbi1|163804|gwh1.40.71.1_2-137_1INZ:A:	0	0	1	7	0	13	10	5	0	147
jgi|Lacbi1|163812|gwh1.61.38.1_1-116_1RW3:A:	14	14	5	11	0	57	32	26	0	454
jgi|Lacbi1|163818|gwh1.4.616.1_7-68_1TAF:A:	2	0	0	3	0	6	1	4	0	68
jgi|Lacbi1|163849|gwh1.4.617.1_61-130_1OM2:A:	0	0	0	5	0	7	6	2	0	95
jgi|Lacbi1|163910|gwh1.23.82.1_1-95_2OVR:B:2365-2706	0	32	2	1	0	36	24	21	0	342
jgi|Lacbi1|163955|gwh1.20.106.1_4-95_1N11:A:	0	0	1	24	0	48	15	35	0	408
jgi|Lacbi1|164002|gwh1.12.169.1_8-86_1PUZ:A:	0	0	0	5	0	9	5	3	0	82
jgi|Lacbi1|164043|gwh1.51.27.1_1-111_1RW3:A:	14	14	5	11	0	57	32	26	0	454
jgi|Lacbi1|164056|gwh1.5.468.1_1-107_1K1A:A:	2	0	0	13	0	30	9	26	0	228
jgi|Lacbi1|164079|gwh1.36.43.1_2-74_1E8O:A:	2	4	1	2	0	7	2	5	0	74
jgi|Lacbi1|164161|gwh1.4.632.1_1-100_1M3G:A:	0	6	0	5	0	15	12	8	0	145
jgi|Lacbi1|164277|gwh1.6.395.1_8-84_1X4G:A:8-103	0	6	0	3	0	12	8	3	0	96
jgi|Lacbi1|164287|gwh1.20.110.1_1-95_1AWC:B:	0	0	0	10	0	18	2	16	0	153
jgi|Lacbi1|164326|gwh1.3.471.1_1-52_1II6:A:	4	14	4	9	0	34	19	15	0	350
jgi|Lacbi1|164386|gwh1.80.34.1_3-89_1WDY:A:	2	0	0	17	0	35	10	27	0	285
jgi|Lacbi1|164445|gwh1.4.658.1_2-73_2DNT:A:8-73	2	3	1	1	0	13	7	4	0	65
jgi|Lacbi1|164447|gwh1.4.659.1_2-108_1N11:A:	0	0	1	24	0	48	15	35	0	408
jgi|Lacbi1|164503|gwh1.58.47.1_3-98_1D3B:A:	0	5	1	1	0	8	3	4	0	72
jgi|Lacbi1|164524|gwh1.30.48.1_1-82_1D5V:A:	1	2	0	4	0	14	9	5	0	94
jgi|Lacbi1|164622|gwh1.2.768.1_1-83_1WII:A:	0	3	0	1	0	8	4	3	0	84
jgi|Lacbi1|164628|gwh1.20.119.1_3-78_1GUW:A:	2	5	0	1	0	12	6	4	0	72
jgi|Lacbi1|164630|gwh1.1.954.1_26-103_1T8K:A:	2	0	1	4	0	8	0	6	0	77
jgi|Lacbi1|164666|gwh1.600.1.1_2-115_1W3B:A:	0	0	0	23	0	35	6	26	0	388
jgi|Lacbi1|164666|gwh1.600.1.1_87-190_1W3B:A:	0	0	0	23	0	35	6	26	0	388
jgi|Lacbi1|164699|gwh1.5.491.1_1-72_1MYO:A:	0	0	1	6	1	12	7	10	0	118
jgi|Lacbi1|164734|gwh1.79.5.1_1-69_1KX5:B:	0	3	1	3	0	10	6	4	0	102
jgi|Lacbi1|164792|gwh1.49.33.1_1-60_1KX5:B:	0	3	1	3	0	10	6	4	0	102
jgi|Lacbi1|164805|gwh1.10.249.1_1-60_1KX5:B:	0	3	1	3	0	10	6	4	0	102
jgi|Lacbi1|164987|gwh1.29.64.1_1-83_1WDY:A:	2	0	0	17	0	35	10	27	0	285
jgi|Lacbi1|165006|gwh1.9.257.1_5-57_1TUB:B:1-245	2	5	1	8	0	23	21	13	0	243
jgi|Lacbi1|165046|gwh1.3.506.1_5-61_2CSH:A:8-60	0	4	0	2	0	6	6	3	0	53
jgi|Lacbi1|165205|gwh1.50.46.1_4-92_1N1J:A:	1	1	1	4	0	8	2	4	0	87
jgi|Lacbi1|165254|gwh1.277.1.1_5-105_1ERJ:A:	2	30	1	1	0	43	24	22	0	388
jgi|Lacbi1|165498|gwh1.16.51.1_131-501_1W3B:A:	0	0	0	23	0	35	6	26	0	388
jgi|Lacbi1|165498|gwh1.16.51.1_508-621_1ELW:A:	0	0	0	7	0	11	0	7	0	117
jgi|Lacbi1|165498|gwh1.16.51.1_22-115_1W3B:A:	0	0	0	23	0	35	6	26	0	388
jgi|Lacbi1|165517|gwh1.32.74.1_2-257_2GF0:A:4-176	2	7	2	6	0	19	11	8	0	173
jgi|Lacbi1|165517|gwh1.32.74.1_688-838_1ELR:A:	0	0	0	7	0	9	1	5	0	128
jgi|Lacbi1|165517|gwh1.32.74.1_558-712_1W3B:A:	0	0	0	23	0	35	6	26	0	388
jgi|Lacbi1|165517|gwh1.32.74.1_432-573_1W3B:A:	0	0	0	23	0	35	6	26	0	388
jgi|Lacbi1|165517|gwh1.32.74.1_311-456_1W3B:A:	0	0	0	23	0	35	6	26	0	388
jgi|Lacbi1|165517|gwh1.32.74.1_814-969_1W3B:A:	0	0	0	23	0	35	6	26	0	388
jgi|Lacbi1|165537|gwh1.16.52.1_440-590_1W3B:A:	0	0	0	23	0	35	6	26	0	388
jgi|Lacbi1|165537|gwh1.16.52.1_608-757_1ELR:A:	0	0	0	7	0	9	1	5	0	128
jgi|Lacbi1|165537|gwh1.16.52.1_1-192_2FG5:A:3-167	2	6	2	5	0	16	8	10	0	165
jgi|Lacbi1|165537|gwh1.16.52.1_359-464_1W3B:A:	0	0	0	23	0	35	6	26	0	388
jgi|Lacbi1|165537|gwh1.16.52.1_734-841_1W3B:A:	0	0	0	23	0	35	6	26	0	388
jgi|Lacbi1|165539|gwh1.50.48.1_51-203_1W3B:A:	0	0	0	23	0	35	6	26	0	388
jgi|Lacbi1|165539|gwh1.50.48.1_222-623_1W3B:A:	0	0	0	23	0	35	6	26	0	388
jgi|Lacbi1|165543|gwh1.24.73.1_206-355_1W3B:A:	0	0	0	23	0	35	6	26	0	388
jgi|Lacbi1|165543|gwh1.24.73.1_80-229_1W3B:A:	0	0	0	23	0	35	6	26	0	388
jgi|Lacbi1|165543|gwh1.24.73.1_332-480_1W3B:A:	0	0	0	23	0	35	6	26	0	388
jgi|Lacbi1|165543|gwh1.24.73.1_2-111_1W3B:A:	0	0	0	23	0	35	6	26	0	388
jgi|Lacbi1|165545|gwh1.53.34.1_640-974_1VYH:C:92-408	0	28	1	0	0	39	25	14	0	317
jgi|Lacbi1|165545|gwh1.53.34.1_897-1121_1VYH:C:92-408	0	28	1	0	0	39	25	14	0	317
jgi|Lacbi1|165545|gwh1.53.34.1_546-678_2OVR:B:2365-2706	0	32	2	1	0	36	24	21	0	342
jgi|Lacbi1|165545|gwh1.53.34.1_7-259_1QF9:A:	0	5	0	9	0	14	7	13	0	194
jgi|Lacbi1|165578|gwh1.87.19.1_646-797_1W3B:A:	0	0	0	23	0	35	6	26	0	388
jgi|Lacbi1|165578|gwh1.87.19.1_520-641_1W3B:A:	0	0	0	23	0	35	6	26	0	388
jgi|Lacbi1|165578|gwh1.87.19.1_436-557_1W3B:A:	0	0	0	23	0	35	6	26	0	388
jgi|Lacbi1|165578|gwh1.87.19.1_1-195_2ERX:A:6-176	2	7	1	6	0	19	9	8	0	171
jgi|Lacbi1|165578|gwh1.87.19.1_349-472_1W3B:A:	0	0	0	23	0	35	6	26	0	388
jgi|Lacbi1|165580|gwh1.6.440.1_269-419_1W3B:A:	0	0	0	23	0	35	6	26	0	388
jgi|Lacbi1|165580|gwh1.6.440.1_143-293_1W3B:A:	0	0	0	23	0	35	6	26	0	388
jgi|Lacbi1|165580|gwh1.6.440.1_479-634_1ELR:A:	0	0	0	7	0	9	1	5	0	128
jgi|Lacbi1|165580|gwh1.6.440.1_57-175_1W3B:A:	0	0	0	23	0	35	6	26	0	388
jgi|Lacbi1|165594|gwh1.50.49.1_572-863_2OVR:B:2365-2706	0	32	2	1	0	36	24	21	0	342
jgi|Lacbi1|165594|gwh1.50.49.1_813-1106_1VYH:C:92-408	0	28	1	0	0	39	25	14	0	317
jgi|Lacbi1|165594|gwh1.50.49.1_9-76,106-234_2BME:A:6-179	0	6	2	6	0	15	11	11	0	176
jgi|Lacbi1|165598|gwh1.31.72.1_500-691_1GXL:A:	2	8	4	7	0	19	12	14	0	205
jgi|Lacbi1|165598|gwh1.31.72.1_12-239,1111-1197_1W1W:A:	2	14	3	8	0	28	15	19	0	427
jgi|Lacbi1|165606|gwh1.85.4.1_468-618_1W3B:A:	0	0	0	23	0	35	6	26	0	388
jgi|Lacbi1|165606|gwh1.85.4.1_637-786_1W3B:A:	0	0	0	23	0	35	6	26	0	388
jgi|Lacbi1|165606|gwh1.85.4.1_263-405_1ELR:A:	0	0	0	7	0	9	1	5	0	128
jgi|Lacbi1|165606|gwh1.85.4.1_804-913_1W3B:A:	0	0	0	23	0	35	6	26	0	388
jgi|Lacbi1|165606|gwh1.85.4.1_3-201_2A5Y:B:109-385	4	5	1	11	0	20	17	17	0	277
jgi|Lacbi1|165613|gwh1.81.12.1_543-694_1W3B:A:	0	0	0	23	0	35	6	26	0	388
jgi|Lacbi1|165613|gwh1.81.12.1_416-567_1ELR:A:	0	0	0	7	0	9	1	5	0	128
jgi|Lacbi1|165613|gwh1.81.12.1_1-220_2G6B:A:58-227	0	6	1	5	0	16	10	9	0	170
jgi|Lacbi1|165613|gwh1.81.12.1_711-826_1W3B:A:	0	0	0	23	0	35	6	26	0	388
jgi|Lacbi1|165613|gwh1.81.12.1_337-448_1W3B:A:	0	0	0	23	0	35	6	26	0	388
jgi|Lacbi1|165659|gwh1.62.74.1_87-323_1VYH:C:92-408	0	28	1	0	0	39	25	14	0	317
jgi|Lacbi1|165659|gwh1.62.74.1_3-106_1LRW:A:	8	38	9	5	0	74	41	47	0	600
jgi|Lacbi1|165663|gwh1.19.93.1_284-571_1OUV:A:	0	0	0	15	0	18	7	15	0	272
jgi|Lacbi1|165663|gwh1.19.93.1_509-792_1KLX:A:	0	0	0	8	0	11	4	8	0	133
jgi|Lacbi1|165663|gwh1.19.93.1_16-304_1W3B:A:	0	0	0	23	0	35	6	26	0	388
jgi|Lacbi1|165703|gwh1.16.56.1_5-261_1SXJ:C:12-238	3	5	3	12	0	22	13	12	0	227
jgi|Lacbi1|165703|gwh1.16.56.1_458-608_1ELR:A:	0	0	0	7	0	9	1	5	0	128
jgi|Lacbi1|165703|gwh1.16.56.1_710-860_1ELR:A:	0	0	0	7	0	9	1	5	0	128
jgi|Lacbi1|165703|gwh1.16.56.1_584-734_1ELW:A:	0	0	0	7	0	11	0	7	0	117
jgi|Lacbi1|165703|gwh1.16.56.1_384-489_1ELR:A:	0	0	0	7	0	9	1	5	0	128
jgi|Lacbi1|165714|gwh1.31.73.1_676-827_1W3B:A:	0	0	0	23	0	35	6	26	0	388
jgi|Lacbi1|165714|gwh1.31.73.1_1-224_2ERX:A:6-176	2	7	1	6	0	19	9	8	0	171
jgi|Lacbi1|165714|gwh1.31.73.1_464-576_1W3B:A:	0	0	0	23	0	35	6	26	0	388
jgi|Lacbi1|165714|gwh1.31.73.1_550-669_1W3B:A:	0	0	0	23	0	35	6	26	0	388
jgi|Lacbi1|165714|gwh1.31.73.1_350-460_1ELR:A:	0	0	0	7	0	9	1	5	0	128
jgi|Lacbi1|165734|gwh1.2.819.1_476-626_1ELR:A:	0	0	0	7	0	9	1	5	0	128
jgi|Lacbi1|165734|gwh1.2.819.1_34-132,183-398,484-586_1W3B:A:	0	0	0	23	0	35	6	26	0	388
jgi|Lacbi1|165744|gwh1.24.74.1_403-552_1FCH:A:	0	0	2	17	0	24	6	19	0	323
jgi|Lacbi1|165744|gwh1.24.74.1_67-217_1ELR:A:	0	0	0	7	0	9	1	5	0	128
jgi|Lacbi1|165744|gwh1.24.74.1_193-342_1ELR:A:	0	0	0	7	0	9	1	5	0	128
jgi|Lacbi1|165744|gwh1.24.74.1_529-639_1W3B:A:	0	0	0	23	0	35	6	26	0	388
jgi|Lacbi1|165744|gwh1.24.74.1_1-96_1ELR:A:	0	0	0	7	0	9	1	5	0	128
jgi|Lacbi1|165746|gwh1.8.277.1_33-143,194-517_1W3B:A:	0	0	0	23	0	35	6	26	0	388
jgi|Lacbi1|165746|gwh1.8.277.1_528-649_1W3B:A:	0	0	0	23	0	35	6	26	0	388
jgi|Lacbi1|165751|gwh1.63.16.1_1-251_1YE8:A:1-178	0	9	2	5	0	17	7	11	0	178
jgi|Lacbi1|165751|gwh1.63.16.1_394-615_1W3B:A:	0	0	0	23	0	35	6	26	0	388
jgi|Lacbi1|165751|gwh1.63.16.1_624-744_1W3B:A:	0	0	0	23	0	35	6	26	0	388
jgi|Lacbi1|165751|gwh1.63.16.1_750-870_1W3B:A:	0	0	0	23	0	35	6	26	0	388
jgi|Lacbi1|165751|gwh1.63.16.1_834-945_1W3B:A:	0	0	0	23	0	35	6	26	0	388
jgi|Lacbi1|165755|gwh1.28.66.1_572-639_1JMK:C:	3	9	4	6	0	23	15	12	0	230
jgi|Lacbi1|165760|gwh1.58.50.1_49-165,247-342_1SU4:A:1-124,A:240-343,A:751-994	1	1	8	18	0	32	20	22	2	472
jgi|Lacbi1|165760|gwh1.58.50.1_151-246_1SU4:A:125-239	2	9	3	0	0	21	10	7	0	115
jgi|Lacbi1|165781|gwh1.11.365.1_681-833_1W3B:A:	0	0	0	23	0	35	6	26	0	388
jgi|Lacbi1|165781|gwh1.11.365.1_2-219_1F48:A:1-296	0	8	6	11	0	31	20	16	0	296
jgi|Lacbi1|165781|gwh1.11.365.1_430-573_1ELR:A:	0	0	0	7	0	9	1	5	0	128
jgi|Lacbi1|165781|gwh1.11.365.1_314-422_1W3B:A:	0	0	0	23	0	35	6	26	0	388
jgi|Lacbi1|165781|gwh1.11.365.1_805-922_1W3B:A:	0	0	0	23	0	35	6	26	0	388
jgi|Lacbi1|165781|gwh1.11.365.1_557-667_1W3B:A:	0	0	0	23	0	35	6	26	0	388
jgi|Lacbi1|165801|gwh1.20.142.1_7-268_2GF0:A:4-176	2	7	2	6	0	19	11	8	0	173
jgi|Lacbi1|165801|gwh1.20.142.1_631-783_1ELR:A:	0	0	0	7	0	9	1	5	0	128
jgi|Lacbi1|165801|gwh1.20.142.1_505-656_1ELR:A:	0	0	0	7	0	9	1	5	0	128
jgi|Lacbi1|165801|gwh1.20.142.1_378-498_1W3B:A:	0	0	0	23	0	35	6	26	0	388
jgi|Lacbi1|165801|gwh1.20.142.1_797-919_1ELR:A:	0	0	0	7	0	9	1	5	0	128
jgi|Lacbi1|165856|gwh1.47.39.1_4-103,203-298_1SU4:A:1-124,A:240-343,A:751-994	1	1	8	18	0	32	20	22	2	472
jgi|Lacbi1|165856|gwh1.47.39.1_103-200_1SU4:A:125-239	2	9	3	0	0	21	10	7	0	115
jgi|Lacbi1|165856|gwh1.47.39.1_309-437_1MO7:A:	2	9	0	5	0	32	19	9	0	213
jgi|Lacbi1|165919|gwh1.14.98.1_342-636_1QVR:A:536-850	5	9	4	14	0	30	21	15	0	315
jgi|Lacbi1|165919|gwh1.14.98.1_1-339_1QVR:A:149-535	0	8	0	16	0	30	17	16	0	387
jgi|Lacbi1|166068|gwh1.33.89.1_428-578_1W3B:A:	0	0	0	23	0	35	6	26	0	388
jgi|Lacbi1|166068|gwh1.33.89.1_554-669_1ELW:A:	0	0	0	7	0	11	0	7	0	117
jgi|Lacbi1|166068|gwh1.33.89.1_306-410_1W3B:A:	0	0	0	23	0	35	6	26	0	388
jgi|Lacbi1|166068|gwh1.33.89.1_9-134_2A5Y:B:109-385	4	5	1	11	0	20	17	17	0	277
jgi|Lacbi1|166155|gwh1.24.76.1_201-333_1W3B:A:	0	0	0	23	0	35	6	26	0	388
jgi|Lacbi1|166155|gwh1.24.76.1_132-227_1ELR:A:	0	0	0	7	0	9	1	5	0	128
jgi|Lacbi1|166155|gwh1.24.76.1_2-97_1ELR:A:	0	0	0	7	0	9	1	5	0	128
jgi|Lacbi1|166163|gwh1.41.111.1_116-266_1W3B:A:	0	0	0	23	0	35	6	26	0	388
jgi|Lacbi1|166163|gwh1.41.111.1_1-140_1W3B:A:	0	0	0	23	0	35	6	26	0	388
jgi|Lacbi1|166187|gwh1.14.104.1_106-257_1W3B:A:	0	0	0	23	0	35	6	26	0	388
jgi|Lacbi1|166187|gwh1.14.104.1_1-99_1ELR:A:	0	0	0	7	0	9	1	5	0	128
jgi|Lacbi1|166187|gwh1.14.104.1_233-356_1ELR:A:	0	0	0	7	0	9	1	5	0	128
jgi|Lacbi1|166204|gwh1.35.118.1_159-512_1NEX:B:370-744	1	32	0	0	0	32	16	23	0	355
jgi|Lacbi1|166204|gwh1.35.118.1_44-152_2OVR:B:2263-2364	0	0	0	6	0	9	7	5	0	102
jgi|Lacbi1|166244|gwh1.2.846.1_174-485_1O6L:A:	6	9	5	10	0	39	20	21	0	337
jgi|Lacbi1|166244|gwh1.2.846.1_4-42,84-163_1QAS:A:626-756	1	8	2	0	0	14	6	3	0	131
jgi|Lacbi1|166292|gwh1.39.44.1_417-531_1K3I:A:538-639	3	10	0	0	0	15	10	5	0	102
jgi|Lacbi1|166292|gwh1.39.44.1_51-395_1K3I:A:151-537	9	30	6	0	0	59	29	25	0	387
jgi|Lacbi1|166368|gwh1.4.754.1_10-183,212-348_1APM:E:	5	9	4	11	0	36	21	20	0	341
jgi|Lacbi1|166540|gwh1.26.72.1_30-256,292-495_1PW4:A:	2	0	1	18	0	21	18	22	0	450
jgi|Lacbi1|166563|gwh1.50.53.1_34-249_1YQ2:A:313-609	4	13	4	8	0	40	16	19	0	297
jgi|Lacbi1|166592|gwh1.3.563.1_195-427_2GCL:A:237-474	0	18	3	3	0	18	11	10	0	238
jgi|Lacbi1|166635|gwh1.2.877.1_53-182,218-358_1MUO:A:	6	6	4	9	0	28	17	16	0	261
jgi|Lacbi1|166723|gwh1.12.255.1_13-211,248-349_1VYH:C:92-408	0	28	1	0	0	39	25	14	0	317
jgi|Lacbi1|166761|gwh1.7.333.1_2-177,205-318_1PW4:A:	2	0	1	18	0	21	18	22	0	450
jgi|Lacbi1|166784|gwh1.8.309.1_28-178,228-409_1HOW:A:	5	10	4	11	0	39	18	24	0	362
jgi|Lacbi1|166928|gwh1.9.323.1_223-367_1VPM:A:	4	7	2	2	0	14	6	6	0	155
jgi|Lacbi1|166928|gwh1.9.323.1_23-181_1VPM:A:	4	7	2	2	0	14	6	6	0	155
jgi|Lacbi1|167123|gwh1.18.152.1_4-265_2OVR:B:2365-2706	0	32	2	1	0	36	24	21	0	342
jgi|Lacbi1|167123|gwh1.18.152.1_260-337_1P22:A:253-545	0	28	0	1	0	35	23	13	0	293
jgi|Lacbi1|167143|gwh1.62.82.1_4-293_1VYH:C:92-408	0	28	1	0	0	39	25	14	0	317
jgi|Lacbi1|167147|gwh1.9.329.1_4-302_1VYH:C:92-408	0	28	1	0	0	39	25	14	0	317
jgi|Lacbi1|167149|gwh1.7.353.1_4-290_1VYH:C:92-408	0	28	1	0	0	39	25	14	0	317
jgi|Lacbi1|167165|gwh1.62.83.1_4-295_1VYH:C:92-408	0	28	1	0	0	39	25	14	0	317
jgi|Lacbi1|167168|gwh1.62.84.1_4-279_1VYH:C:92-408	0	28	1	0	0	39	25	14	0	317
jgi|Lacbi1|167172|gwh1.31.79.1_4-285_2OVR:B:2365-2706	0	32	2	1	0	36	24	21	0	342
jgi|Lacbi1|167174|gwh1.3.584.1_2-291_1VYH:C:92-408	0	28	1	0	0	39	25	14	0	317
jgi|Lacbi1|167182|gwh1.62.86.1_4-295_1VYH:C:92-408	0	28	1	0	0	39	25	14	0	317
jgi|Lacbi1|167183|gwh1.95.13.1_2-295_1VYH:C:92-408	0	28	1	0	0	39	25	14	0	317
jgi|Lacbi1|167188|gwh1.5.607.1_4-295_1VYH:C:92-408	0	28	1	0	0	39	25	14	0	317
jgi|Lacbi1|167259|gwh1.2.929.1_3-316_1IHO:A:	2	10	3	11	0	28	15	16	0	282
jgi|Lacbi1|167308|gwh1.3.589.1_22-337_1LQA:A:	4	10	4	11	0	41	19	22	0	346
jgi|Lacbi1|167376|gwh1.4.814.1_2-233_1O54:A:	0	15	4	7	0	32	13	15	0	276
jgi|Lacbi1|167414|gwh1.12.277.1_2-271_1JKS:A:	7	9	4	9	0	33	20	13	0	293
jgi|Lacbi1|167795|gwh1.30.82.1_1-185_1JWH:C:	12	0	4	7	0	25	19	17	0	200
jgi|Lacbi1|167865|gwh1.1.1271.1_3-185_1W3B:A:	0	0	0	23	0	35	6	26	0	388
jgi|Lacbi1|167888|gwh1.59.32.1_1-165_1CKI:A:	5	10	3	10	0	30	14	16	0	299
jgi|Lacbi1|167905|gwh1.34.84.1_75-195_1W3B:A:	0	0	0	23	0	35	6	26	0	388
jgi|Lacbi1|167905|gwh1.34.84.1_3-110_1W3B:A:	0	0	0	23	0	35	6	26	0	388
jgi|Lacbi1|167991|gwh1.56.40.1_3-199_1W3B:A:	0	0	0	23	0	35	6	26	0	388
jgi|Lacbi1|168061|gwh1.68.78.1_4-148_1ELR:A:	0	0	0	7	0	9	1	5	0	128
jgi|Lacbi1|168184|gwh1.16.97.1_78-195_1ELR:A:	0	0	0	7	0	9	1	5	0	128
jgi|Lacbi1|168184|gwh1.16.97.1_3-110_1ELR:A:	0	0	0	7	0	9	1	5	0	128
jgi|Lacbi1|168440|gwh1.3.651.1_118-231_1VZO:A:	2	11	7	9	0	31	20	19	0	322
jgi|Lacbi1|168519|gwh1.4.878.1_4-180_1SO8:A:	2	7	2	6	0	23	9	12	0	248
jgi|Lacbi1|168522|gwh1.4.879.1_1-174_2AR1:A:7-163	0	6	2	5	0	20	8	9	0	157
jgi|Lacbi1|168523|gwh1.8.350.1_103-179_1KBI:A:1-97	4	4	3	4	0	14	7	8	0	97
jgi|Lacbi1|168540|gwh1.389.3.1_13-232_1GVE:A:	4	8	6	11	0	33	16	22	0	324
jgi|Lacbi1|168782|gwh1.87.25.1_5-121_1W3B:A:	0	0	0	23	0	35	6	26	0	388
jgi|Lacbi1|168929|gwh1.1.1350.1_11-136_1KTJ:A:	6	10	1	0	0	20	10	7	0	129
jgi|Lacbi1|168934|gwh1.11.457.1_1-174_1IHG:A:2-196	9	10	1	2	0	28	15	15	0	195
jgi|Lacbi1|169065|gwh1.43.77.1_52-147_1I12:A:	3	6	3	5	0	13	5	6	0	157
jgi|Lacbi1|169827|gwh1.221.1.1_3-70_1W3B:A:	0	0	0	23	0	35	6	26	0	388
jgi|Lacbi1|170122|gwh1.38.93.1_2-57_2BW3:A:163-609	0	5	7	21	0	33	14	25	0	447
jgi|Lacbi1|170131|gwh1.800.2.1_7-105_1W3B:A:	0	0	0	23	0	35	6	26	0	388
jgi|Lacbi1|171923|estExt_Genewise1_human.C_40001_623-818_1BC9:A:	0	0	1	10	0	16	16	14	0	200
jgi|Lacbi1|171923|estExt_Genewise1_human.C_40001_1106-1465,1604-1708_1QBK:B:	0	0	17	47	0	50	54	64	0	888
jgi|Lacbi1|171995|estExt_Genewise1_human.C_40136_4-67_1ELW:A:	0	0	0	7	0	11	0	7	0	117
jgi|Lacbi1|172637|estExt_Genewise1_human.C_50532_21-377_1O6V:A:33-416	1	19	16	2	0	68	27	29	0	381
jgi|Lacbi1|172637|estExt_Genewise1_human.C_50532_975-1197_1FX2:A:	0	9	1	8	0	26	17	13	0	235
jgi|Lacbi1|172637|estExt_Genewise1_human.C_50532_631-934_1A6Q:A:2-296	3	15	2	7	0	26	16	16	0	295
jgi|Lacbi1|172637|estExt_Genewise1_human.C_50532_424-618_1FQV:A:146-431	8	13	3	8	0	55	21	24	0	286
jgi|Lacbi1|173190|estExt_Genewise1_human.C_80115_12-269_2CXX:A:2-185	2	6	3	7	0	17	7	11	0	184
jgi|Lacbi1|181674|estExt_GeneWisePlus_human.C_11076_17-107,191-358_1A3W:A:2-87,A:189-366	3	8	3	12	0	27	20	10	1	264
jgi|Lacbi1|181674|estExt_GeneWisePlus_human.C_11076_392-526_1A3W:A:367-500	0	5	1	5	0	17	10	9	0	134
jgi|Lacbi1|181674|estExt_GeneWisePlus_human.C_11076_103-202_1A3W:A:88-188	5	6	0	1	0	17	8	5	0	101
jgi|Lacbi1|182350|estExt_GeneWisePlus_human.C_20846_9-104_2CAZ:B:23-123	0	0	0	5	0	9	6	6	0	101
jgi|Lacbi1|182350|estExt_GeneWisePlus_human.C_20846_114-207_2J9U:A:148-241	2	0	0	4	0	7	1	4	0	94
jgi|Lacbi1|184036|estExt_GeneWisePlus_human.C_70221_1-223_1SCZ:A:	0	10	2	7	0	19	8	12	0	233
jgi|Lacbi1|184243|estExt_GeneWisePlus_human.C_80304_5-284_1IZN:B:	0	10	4	7	0	17	10	8	0	270
jgi|Lacbi1|184699|estExt_GeneWisePlus_human.C_110029_1-367_3PFK:A:	2	11	3	11	0	31	12	19	0	319
jgi|Lacbi1|184699|estExt_GeneWisePlus_human.C_110029_344-742_3PFK:A:	2	11	3	11	0	31	12	19	0	319
jgi|Lacbi1|185494|estExt_GeneWisePlus_human.C_220164_52-349_1VYH:C:92-408	0	28	1	0	0	39	25	14	0	317
jgi|Lacbi1|185954|estExt_GeneWisePlus_human.C_360054_2-124_1PS1:A:	0	0	2	17	0	17	10	19	0	311
jgi|Lacbi1|185968|estExt_GeneWisePlus_human.C_370039_440-696_2HU7:A:322-581	1	8	2	10	0	27	14	15	0	260
jgi|Lacbi1|185968|estExt_GeneWisePlus_human.C_370039_129-370_1K32:A:320-679	4	31	5	1	0	46	27	17	0	360
jgi|Lacbi1|186709|estExt_GeneWisePlus_human.C_4550004_89-207_1W3B:A:	0	0	0	23	0	35	6	26	0	388
jgi|Lacbi1|186709|estExt_GeneWisePlus_human.C_4550004_2-87_1W3B:A:	0	0	0	23	0	35	6	26	0	388
jgi|Lacbi1|187336|estExt_GeneWisePlus_worm.C_11083_31-341_1R30:A:	5	9	1	11	0	35	25	12	0	312
jgi|Lacbi1|187515|estExt_GeneWisePlus_worm.C_11372_123-414_1GOT:B:	1	28	0	2	0	36	22	23	0	339
jgi|Lacbi1|187695|estExt_GeneWisePlus_worm.C_20289_11-293,336-384_1K8K:C:	2	28	1	2	0	32	23	22	0	371
jgi|Lacbi1|187868|estExt_GeneWisePlus_worm.C_20600_115-408_1VYH:C:92-408	0	28	1	0	0	39	25	14	0	317
jgi|Lacbi1|188092|estExt_GeneWisePlus_worm.C_20983_362-480,522-745_1PGU:A:327-613	0	28	0	0	0	31	21	20	0	287
jgi|Lacbi1|188603|estExt_GeneWisePlus_worm.C_40216_144-328,366-509_1VYH:C:92-408	0	28	1	0	0	39	25	14	0	317
jgi|Lacbi1|188879|estExt_GeneWisePlus_worm.C_40737_20-129_1MEK:A:	1	6	0	4	0	13	10	8	0	120
jgi|Lacbi1|188879|estExt_GeneWisePlus_worm.C_40737_335-475_2DJJ:A:6-121	0	4	0	2	0	14	14	8	0	116
jgi|Lacbi1|188879|estExt_GeneWisePlus_worm.C_40737_232-362_2DJK:A:1-133	1	4	1	3	0	14	10	7	0	128
jgi|Lacbi1|188879|estExt_GeneWisePlus_worm.C_40737_141-235_1BJX:A:	1	4	0	4	0	13	10	3	0	110
jgi|Lacbi1|189969|estExt_GeneWisePlus_worm.C_90056_2-143_1AWC:B:	0	0	0	10	0	18	2	16	0	153
jgi|Lacbi1|190157|estExt_GeneWisePlus_worm.C_100009_6-310_1VYH:C:92-408	0	28	1	0	0	39	25	14	0	317
jgi|Lacbi1|190315|estExt_GeneWisePlus_worm.C_100322_33-122,151-214_1FKM:A:249-442	2	0	8	8	0	13	13	10	0	194
jgi|Lacbi1|190315|estExt_GeneWisePlus_worm.C_100322_192-290_1FKM:A:443-630	0	0	1	8	0	10	3	8	0	188
jgi|Lacbi1|190649|estExt_GeneWisePlus_worm.C_120093_224-542_1ERJ:A:	2	30	1	1	0	43	24	22	0	388
jgi|Lacbi1|190656|estExt_GeneWisePlus_worm.C_120107_174-415_1M2V:B:301-552	1	9	0	8	0	19	17	12	0	252
jgi|Lacbi1|190656|estExt_GeneWisePlus_worm.C_120107_19-87,417-511_1M2V:B:61-215,B:553-646	5	10	2	3	0	17	17	8	1	249
jgi|Lacbi1|190656|estExt_GeneWisePlus_worm.C_120107_620-767_1M2V:B:754-926	1	4	1	3	0	19	8	8	0	173
jgi|Lacbi1|190656|estExt_GeneWisePlus_worm.C_120107_512-619_1M2V:B:647-753	0	1	1	5	0	7	7	5	0	107
jgi|Lacbi1|190656|estExt_GeneWisePlus_worm.C_120107_90-173_1M2V:B:216-300	2	5	3	1	0	15	7	6	0	85
jgi|Lacbi1|192171|estExt_GeneWisePlus_worm.C_670025_152-336_1A65:A:132-303	5	11	5	0	0	23	13	9	0	172
jgi|Lacbi1|192171|estExt_GeneWisePlus_worm.C_670025_321-506_1A65:A:304-504	3	12	3	5	0	28	17	10	0	201
jgi|Lacbi1|192171|estExt_GeneWisePlus_worm.C_670025_18-175_1KYA:A:1-130	7	8	2	0	0	20	7	9	0	130
jgi|Lacbi1|227937|e_gwh1.1.567.1_32-316_1F48:A:1-296	0	8	6	11	0	31	20	16	0	296
jgi|Lacbi1|228089|e_gwh1.1.200.1_24-345_1GOT:B:	1	28	0	2	0	36	22	23	0	339
jgi|Lacbi1|228320|e_gwh1.1.61.1_3-289_1VYH:C:92-408	0	28	1	0	0	39	25	14	0	317
jgi|Lacbi1|228320|e_gwh1.1.61.1_237-494_1JJU:B:	6	29	2	0	0	32	15	24	0	337
jgi|Lacbi1|228385|e_gwh1.1.1049.1_6-185_2GF0:A:4-176	2	7	2	6	0	19	11	8	0	173
jgi|Lacbi1|228385|e_gwh1.1.1049.1_357-502_1W3B:A:	0	0	0	23	0	35	6	26	0	388
jgi|Lacbi1|228385|e_gwh1.1.1049.1_604-756_1W3B:A:	0	0	0	23	0	35	6	26	0	388
jgi|Lacbi1|228385|e_gwh1.1.1049.1_478-587_1KT1:A:254-421	0	0	1	7	0	12	3	7	0	168
jgi|Lacbi1|228385|e_gwh1.1.1049.1_732-845_1ELR:A:	0	0	0	7	0	9	1	5	0	128
jgi|Lacbi1|228411|e_gwh1.1.961.1_3-111_1WDY:A:	2	0	0	17	0	35	10	27	0	285
jgi|Lacbi1|228628|e_gwh1.1.339.1_55-174_1OCS:A:	0	3	0	4	0	15	8	7	0	132
jgi|Lacbi1|228649|e_gwh1.1.914.1_7-134_1N11:A:	0	0	1	24	0	48	15	35	0	408
jgi|Lacbi1|229023|e_gwh1.1.1048.1_6-717_1LKX:A:	9	14	5	27	0	58	39	31	0	684
jgi|Lacbi1|229023|e_gwh1.1.1048.1_1009-1094_1OV3:A:150-214	3	5	1	0	0	9	4	3	0	59
jgi|Lacbi1|229224|e_gwh1.2.462.1_8-301_1SDM:A:	4	16	3	11	0	35	16	19	0	364
jgi|Lacbi1|229438|e_gwh1.2.204.1_12-46,100-197,264-428_1NR0:A:2-312	4	27	1	0	0	38	22	20	0	311
jgi|Lacbi1|229621|e_gwh1.2.728.1_5-110_1H3Q:A:	0	5	1	3	0	15	6	8	0	140
jgi|Lacbi1|229626|e_gwh1.2.613.1_9-80_1UKX:A:	0	4	0	3	0	12	9	4	0	136
jgi|Lacbi1|229839|e_gwh1.2.244.1_168-341_1GYC:A:131-300	5	11	3	0	0	25	17	11	0	170
jgi|Lacbi1|229839|e_gwh1.2.244.1_327-498_1V10:A:305-494	3	12	3	5	0	28	18	8	0	190
jgi|Lacbi1|229839|e_gwh1.2.244.1_47-154_1GYC:A:1-130	6	8	3	0	0	20	7	10	0	130
jgi|Lacbi1|229918|e_gwh1.2.12.1_16-230,272-496_1B3U:A:	0	0	8	44	0	40	26	36	0	588
jgi|Lacbi1|229918|e_gwh1.2.12.1_642-846,910-1027,1062-1105,1242-1486,1814-1861_1TE4:A:	0	0	3	6	0	11	9	5	0	111
jgi|Lacbi1|229993|e_gwh1.2.856.1_195-380_2OVR:B:2365-2706	0	32	2	1	0	36	24	21	0	342
jgi|Lacbi1|229993|e_gwh1.2.856.1_330-378,415-518_1FLG:A:	8	40	6	3	0	86	43	41	0	582
jgi|Lacbi1|229993|e_gwh1.2.856.1_36-118,175-190_2OVR:B:2263-2364	0	0	0	6	0	9	7	5	0	102
jgi|Lacbi1|230630|e_gwh1.3.583.1_9-346_2OVR:B:2365-2706	0	32	2	1	0	36	24	21	0	342
jgi|Lacbi1|231374|e_gwh1.4.323.1_1-28_1HAR:A:	6	8	3	4	0	21	6	10	0	216
jgi|Lacbi1|231693|e_gwh1.4.627.1_4-95_2JOY:A:1-96	0	5	0	2	0	15	8	4	0	96
jgi|Lacbi1|231695|e_gwh1.4.619.1_1-159_1K8K:E:	4	2	1	5	0	19	12	8	0	174
jgi|Lacbi1|231708|e_gwh1.4.855.1_118-263_1W3B:A:	0	0	0	23	0	35	6	26	0	388
jgi|Lacbi1|231708|e_gwh1.4.855.1_2-112_1W3B:A:	0	0	0	23	0	35	6	26	0	388
jgi|Lacbi1|232207|e_gwh1.5.635.1_2-160_1ERJ:A:	2	30	1	1	0	43	24	22	0	388
jgi|Lacbi1|232259|e_gwh1.5.297.1_1-272_1S9J:A:	3	8	3	12	0	27	14	14	0	340
jgi|Lacbi1|232578|e_gwh1.6.553.1_91-243_1ELR:A:	0	0	0	7	0	9	1	5	0	128
jgi|Lacbi1|232578|e_gwh1.6.553.1_8-127_1W3B:A:	0	0	0	23	0	35	6	26	0	388
jgi|Lacbi1|233279|e_gwh1.7.228.1_9-128_1W3B:A:	0	0	0	23	0	35	6	26	0	388
jgi|Lacbi1|233279|e_gwh1.7.228.1_93-204_1W3B:A:	0	0	0	23	0	35	6	26	0	388
jgi|Lacbi1|233280|e_gwh1.7.370.1_34-152_1W3B:A:	0	0	0	23	0	35	6	26	0	388
jgi|Lacbi1|233280|e_gwh1.7.370.1_159-269_2HR2:A:2-157	0	0	0	7	0	10	4	8	0	156
jgi|Lacbi1|233530|e_gwh1.7.124.1_1-240_1VYH:C:92-408	0	28	1	0	0	39	25	14	0	317
jgi|Lacbi1|233556|e_gwh1.7.331.1_81-374_1VYH:C:92-408	0	28	1	0	0	39	25	14	0	317
jgi|Lacbi1|233902|e_gwh1.8.199.1_1-215_1OA3:A:	1	15	2	1	0	18	14	10	0	217
jgi|Lacbi1|233940|e_gwh1.8.160.1_2-119_1IFQ:A:	0	5	1	3	0	8	4	9	0	137
jgi|Lacbi1|233940|e_gwh1.8.160.1_123-187_1SFC:A:	0	0	0	1	0	2	1	1	0	95
jgi|Lacbi1|234619|e_gwh1.10.154.1_175-226_1GL2:C:	0	0	0	1	0	2	0	0	0	64
jgi|Lacbi1|234627|e_gwh1.10.15.1_621-809_1TX4:A:	0	0	4	12	0	17	9	13	0	196
jgi|Lacbi1|234627|e_gwh1.10.15.1_100-136_1O6W:A:1-29	0	3	0	0	0	4	1	2	0	29
jgi|Lacbi1|234703|e_gwh1.10.265.1_18-97_1J46:A:	0	0	0	3	0	5	3	3	0	84
jgi|Lacbi1|234732|e_gwh1.10.223.1_5-95_2JOY:A:1-96	0	5	0	2	0	15	8	4	0	96
jgi|Lacbi1|235061|e_gwh1.11.356.1_3-143_1W3B:A:	0	0	0	23	0	35	6	26	0	388
jgi|Lacbi1|235061|e_gwh1.11.356.1_117-260_1W3B:A:	0	0	0	23	0	35	6	26	0	388
jgi|Lacbi1|235061|e_gwh1.11.356.1_410-522_1W3B:A:	0	0	0	23	0	35	6	26	0	388
jgi|Lacbi1|235061|e_gwh1.11.356.1_536-655_1W3B:A:	0	0	0	23	0	35	6	26	0	388
jgi|Lacbi1|235061|e_gwh1.11.356.1_327-444_1ELR:A:	0	0	0	7	0	9	1	5	0	128
jgi|Lacbi1|235061|e_gwh1.11.356.1_259-354_1FCH:A:	0	0	2	17	0	24	6	19	0	323
jgi|Lacbi1|235684|e_gwh1.13.81.1_34-153_1GME:A:	1	8	5	2	0	17	6	7	0	150
jgi|Lacbi1|235761|e_gwh1.14.24.1_322-514_1KYA:A:301-499	2	12	1	4	0	31	21	10	0	199
jgi|Lacbi1|235761|e_gwh1.14.24.1_154-337_1GYC:A:131-300	5	11	3	0	0	25	17	11	0	170
jgi|Lacbi1|235761|e_gwh1.14.24.1_28-176_1GYC:A:1-130	6	8	3	0	0	20	7	10	0	130
jgi|Lacbi1|235765|e_gwh1.14.16.1_82-335_1VYH:C:92-408	0	28	1	0	0	39	25	14	0	317
jgi|Lacbi1|235768|e_gwh1.14.72.1_25-359_2OVR:B:2365-2706	0	32	2	1	0	36	24	21	0	342
jgi|Lacbi1|236021|e_gwh1.16.154.1_2-144_1W3B:A:	0	0	0	23	0	35	6	26	0	388
jgi|Lacbi1|236021|e_gwh1.16.154.1_162-272_1W3B:A:	0	0	0	23	0	35	6	26	0	388
jgi|Lacbi1|236055|e_gwh1.16.120.1_78-193_1W3B:A:	0	0	0	23	0	35	6	26	0	388
jgi|Lacbi1|236055|e_gwh1.16.120.1_162-284_1W3B:A:	0	0	0	23	0	35	6	26	0	388
jgi|Lacbi1|236055|e_gwh1.16.120.1_3-101_1W3B:A:	0	0	0	23	0	35	6	26	0	388
jgi|Lacbi1|236145|e_gwh1.16.55.1_17-235_2FG5:A:3-167	2	6	2	5	0	16	8	10	0	165
jgi|Lacbi1|236145|e_gwh1.16.55.1_615-764_1ELR:A:	0	0	0	7	0	9	1	5	0	128
jgi|Lacbi1|236145|e_gwh1.16.55.1_824-947_1ELR:A:	0	0	0	7	0	9	1	5	0	128
jgi|Lacbi1|236145|e_gwh1.16.55.1_487-595_1KT1:A:254-421	0	0	1	7	0	12	3	7	0	168
jgi|Lacbi1|236145|e_gwh1.16.55.1_408-510_1W3B:A:	0	0	0	23	0	35	6	26	0	388
jgi|Lacbi1|236480|e_gwh1.18.66.1_111-182_1IN4:A:255-329	1	2	0	5	0	6	3	7	0	75
jgi|Lacbi1|236665|e_gwh1.20.87.1_37-157_1WDY:A:	2	0	0	17	0	35	10	27	0	285
jgi|Lacbi1|236791|e_gwh1.20.183.1_4-144_1ELR:A:	0	0	0	7	0	9	1	5	0	128
jgi|Lacbi1|236821|e_gwh1.20.89.1_1-163_1N11:A:	0	0	1	24	0	48	15	35	0	408
jgi|Lacbi1|236937|e_gwh1.21.119.1_3-126_1FLG:A:	8	40	6	3	0	86	43	41	0	582
jgi|Lacbi1|237283|e_gwh1.24.75.1_334-484_1W3B:A:	0	0	0	23	0	35	6	26	0	388
jgi|Lacbi1|237283|e_gwh1.24.75.1_166-316_1W3B:A:	0	0	0	23	0	35	6	26	0	388
jgi|Lacbi1|237283|e_gwh1.24.75.1_3-147_1W3B:A:	0	0	0	23	0	35	6	26	0	388
jgi|Lacbi1|237283|e_gwh1.24.75.1_460-564_1W3B:A:	0	0	0	23	0	35	6	26	0	388
jgi|Lacbi1|237314|e_gwh1.24.114.1_124-234_1W3B:A:	0	0	0	23	0	35	6	26	0	388
jgi|Lacbi1|237314|e_gwh1.24.114.1_3-104_1W3B:A:	0	0	0	23	0	35	6	26	0	388
jgi|Lacbi1|237595|e_gwh1.25.210.1_3-144_1ELW:A:	0	0	0	7	0	11	0	7	0	117
jgi|Lacbi1|237595|e_gwh1.25.210.1_120-274_1W3B:A:	0	0	0	23	0	35	6	26	0	388
jgi|Lacbi1|237812|e_gwh1.27.75.1_726-1021_1G72:A:	6	38	10	5	0	74	38	44	0	571
jgi|Lacbi1|237812|e_gwh1.27.75.1_556-816_1VYH:C:92-408	0	28	1	0	0	39	25	14	0	317
jgi|Lacbi1|237812|e_gwh1.27.75.1_1009-1117_1N1M:A:39-508	9	38	3	4	0	58	37	26	0	470
jgi|Lacbi1|237812|e_gwh1.27.75.1_8-180_1X6V:A:34-228	0	5	0	6	0	15	9	6	0	195
jgi|Lacbi1|237865|e_gwh1.28.68.1_6-308_2OVR:B:2365-2706	0	32	2	1	0	36	24	21	0	342
jgi|Lacbi1|237871|e_gwh1.28.43.1_6-299_2OVR:B:2365-2706	0	32	2	1	0	36	24	21	0	342
jgi|Lacbi1|237875|e_gwh1.28.71.1_1-323_2OVR:B:2365-2706	0	32	2	1	0	36	24	21	0	342
jgi|Lacbi1|237885|e_gwh1.28.75.1_2-299_1FLG:A:	8	40	6	3	0	86	43	41	0	582
jgi|Lacbi1|237906|e_gwh1.28.74.1_1-290_1VYH:C:92-408	0	28	1	0	0	39	25	14	0	317
jgi|Lacbi1|238035|e_gwh1.30.57.1_46-316_2A5Y:B:109-385	4	5	1	11	0	20	17	17	0	277
jgi|Lacbi1|238035|e_gwh1.30.57.1_460-613_1W3B:A:	0	0	0	23	0	35	6	26	0	388
jgi|Lacbi1|238035|e_gwh1.30.57.1_628-781_1W3B:A:	0	0	0	23	0	35	6	26	0	388
jgi|Lacbi1|238035|e_gwh1.30.57.1_841-959_1W3B:A:	0	0	0	23	0	35	6	26	0	388
jgi|Lacbi1|238035|e_gwh1.30.57.1_967-1073_1W3B:A:	0	0	0	23	0	35	6	26	0	388
jgi|Lacbi1|238035|e_gwh1.30.57.1_384-495_1W3B:A:	0	0	0	23	0	35	6	26	0	388
jgi|Lacbi1|238106|e_gwh1.30.95.1_86-196_1W3B:A:	0	0	0	23	0	35	6	26	0	388
jgi|Lacbi1|238106|e_gwh1.30.95.1_10-120_1FCH:A:	0	0	2	17	0	24	6	19	0	323
jgi|Lacbi1|238254|e_gwh1.31.61.1_8-99_1FMB:A:	0	9	0	2	0	13	5	5	0	104
jgi|Lacbi1|256519|e_gww1.87.18.1_8-99_1FMB:A:	0	9	0	2	0	13	5	5	0	104
jgi|Lacbi1|238522|e_gwh1.33.102.1_2-132_1ELR:A:	0	0	0	7	0	9	1	5	0	128
jgi|Lacbi1|238522|e_gwh1.33.102.1_110-197_1ELR:A:	0	0	0	7	0	9	1	5	0	128
jgi|Lacbi1|239031|e_gwh1.38.96.1_2-61_2BW3:A:163-609	0	5	7	21	0	33	14	25	0	447
jgi|Lacbi1|239109|e_gwh1.40.42.1_7-300_1ERJ:A:	2	30	1	1	0	43	24	22	0	388
jgi|Lacbi1|239159|e_gwh1.40.12.1_4-238_1VYH:C:92-408	0	28	1	0	0	39	25	14	0	317
jgi|Lacbi1|239159|e_gwh1.40.12.1_219-324_1ERJ:A:	2	30	1	1	0	43	24	22	0	388
jgi|Lacbi1|239415|e_gwh1.42.68.1_21-313_2Q80:A:6-296	0	2	0	15	0	16	4	15	0	291
jgi|Lacbi1|239564|e_gwh1.44.95.1_120-270_1ELR:A:	0	0	0	7	0	9	1	5	0	128
jgi|Lacbi1|239564|e_gwh1.44.95.1_3-100_1ELR:A:	0	0	0	7	0	9	1	5	0	128
jgi|Lacbi1|239600|e_gwh1.44.45.1_4-207_2GFS:A:5-352	1	10	6	13	0	32	21	20	0	348
jgi|Lacbi1|239610|e_gwh1.44.3.1_303-362,418-624_1FGG:A:	1	13	2	8	0	29	11	17	0	260
jgi|Lacbi1|239701|e_gwh1.46.73.1_2-136_1ELR:A:	0	0	0	7	0	9	1	5	0	128
jgi|Lacbi1|239794|e_gwh1.47.38.1_378-438,502-624,656-753_2CU2:A:1-268	4	11	7	10	0	28	13	12	0	268
jgi|Lacbi1|239794|e_gwh1.47.38.1_928-983_1Q1V:A:	0	0	1	3	0	7	5	1	0	69
jgi|Lacbi1|239855|e_gwh1.48.34.1_3-124_1PS1:A:	0	0	2	17	0	17	10	19	0	311
jgi|Lacbi1|239928|e_gwh1.49.28.1_3-154_1UOH:A:	0	0	1	14	0	27	7	20	0	223
jgi|Lacbi1|240059|e_gwh1.51.13.1_124-447_2OVR:B:2365-2706	0	32	2	1	0	36	24	21	0	342
jgi|Lacbi1|240059|e_gwh1.51.13.1_3-166_1FLG:A:	8	40	6	3	0	86	43	41	0	582
jgi|Lacbi1|240071|e_gwh1.51.98.1_8-107_1W3B:A:	0	0	0	23	0	35	6	26	0	388
jgi|Lacbi1|240095|e_gwh1.51.69.1_99-320_1W3B:A:	0	0	0	23	0	35	6	26	0	388
jgi|Lacbi1|240095|e_gwh1.51.69.1_3-145_1W3B:A:	0	0	0	23	0	35	6	26	0	388
jgi|Lacbi1|240522|e_gwh1.58.55.1_237-403_1AWC:B:	0	0	0	10	0	18	2	16	0	153
jgi|Lacbi1|240641|e_gwh1.60.36.1_479-734_2OVR:B:2365-2706	0	32	2	1	0	36	24	21	0	342
jgi|Lacbi1|240641|e_gwh1.60.36.1_34-199_2BME:A:6-179	0	6	2	6	0	15	11	11	0	176
jgi|Lacbi1|240682|e_gwh1.61.84.1_43-192_1ELW:A:	0	0	0	7	0	11	0	7	0	117
jgi|Lacbi1|240682|e_gwh1.61.84.1_169-286_1ELR:A:	0	0	0	7	0	9	1	5	0	128
jgi|Lacbi1|240833|e_gwh1.62.85.1_4-297_1VYH:C:92-408	0	28	1	0	0	39	25	14	0	317
jgi|Lacbi1|240849|e_gwh1.62.80.1_18-333_1ERJ:A:	2	30	1	1	0	43	24	22	0	388
jgi|Lacbi1|240888|e_gwh1.63.15.1_10-112_1T0G:A:	0	5	1	3	0	13	7	9	0	109
jgi|Lacbi1|240961|e_gwh1.64.47.1_7-235_1ERJ:A:	2	30	1	1	0	43	24	22	0	388
jgi|Lacbi1|241023|e_gwh1.66.28.1_161-312_1W3B:A:	0	0	0	23	0	35	6	26	0	388
jgi|Lacbi1|241023|e_gwh1.66.28.1_3-144_1W3B:A:	0	0	0	23	0	35	6	26	0	388
jgi|Lacbi1|241023|e_gwh1.66.28.1_332-476_1W3B:A:	0	0	0	23	0	35	6	26	0	388
jgi|Lacbi1|241231|e_gwh1.68.63.1_47-324_1VC4:A:	2	8	1	12	0	27	17	13	0	254
jgi|Lacbi1|241231|e_gwh1.68.63.1_343-390,431-506_1V5X:A:	1	10	3	7	0	23	17	10	0	200
jgi|Lacbi1|241358|e_gwh1.72.14.1_301-474_2Q0Z:X:33-208	1	0	2	9	0	14	8	11	0	176
jgi|Lacbi1|241358|e_gwh1.72.14.1_14-182_2P6R:A:203-403	2	10	1	7	0	20	15	11	0	201
jgi|Lacbi1|241358|e_gwh1.72.14.1_486-583_2Q0Z:X:209-322	2	7	1	0	0	12	8	4	0	114
jgi|Lacbi1|241358|e_gwh1.72.14.1_182-282_1OYI:A:	0	3	0	3	0	5	6	2	0	62
jgi|Lacbi1|241372|e_gwh1.72.46.1_5-183_1VYH:C:92-408	0	28	1	0	0	39	25	14	0	317
jgi|Lacbi1|241379|e_gwh1.72.4.1_897-1070_2Q0Z:X:33-208	1	0	2	9	0	14	8	11	0	176
jgi|Lacbi1|241379|e_gwh1.72.4.1_59-234_2Q0Z:X:33-208	1	0	2	9	0	14	8	11	0	176
jgi|Lacbi1|241379|e_gwh1.72.4.1_273-558_2P6R:A:1-202	1	7	2	7	0	20	9	10	0	202
jgi|Lacbi1|241379|e_gwh1.72.4.1_567-778_2P6R:A:203-403	2	10	1	7	0	20	15	11	0	201
jgi|Lacbi1|241379|e_gwh1.72.4.1_1082-1179_2Q0Z:X:209-322	2	7	1	0	0	12	8	4	0	114
jgi|Lacbi1|241379|e_gwh1.72.4.1_778-877_1OMI:A:1138-1237	0	4	1	5	0	7	5	4	0	100
jgi|Lacbi1|241390|e_gwh1.72.35.1_587-918_1H4I:A:	12	38	11	5	0	80	39	44	0	595
jgi|Lacbi1|241390|e_gwh1.72.35.1_863-1145_1VYH:C:92-408	0	28	1	0	0	39	25	14	0	317
jgi|Lacbi1|241390|e_gwh1.72.35.1_25-92,130-256_2BME:A:6-179	0	6	2	6	0	15	11	11	0	176
jgi|Lacbi1|241577|e_gwh1.78.15.1_6-133_1ELR:A:	0	0	0	7	0	9	1	5	0	128
jgi|Lacbi1|241577|e_gwh1.78.15.1_102-215_1W3B:A:	0	0	0	23	0	35	6	26	0	388
jgi|Lacbi1|241752|e_gwh1.85.2.1_15-107_1FMB:A:	0	9	0	2	0	13	5	5	0	104
jgi|Lacbi1|241772|e_gwh1.87.21.1_76-188_1W3B:A:	0	0	0	23	0	35	6	26	0	388
jgi|Lacbi1|241772|e_gwh1.87.21.1_3-112_1W3B:A:	0	0	0	23	0	35	6	26	0	388
jgi|Lacbi1|241787|e_gwh1.87.4.1_62-351_2J0S:A:244-411	0	7	4	5	0	15	11	10	0	168
jgi|Lacbi1|241823|e_gwh1.88.11.1_3-260_2G6B:A:58-227	0	6	1	5	0	16	10	9	0	170
jgi|Lacbi1|241823|e_gwh1.88.11.1_709-859_1ELR:A:	0	0	0	7	0	9	1	5	0	128
jgi|Lacbi1|241823|e_gwh1.88.11.1_583-732_1W3B:A:	0	0	0	23	0	35	6	26	0	388
jgi|Lacbi1|241823|e_gwh1.88.11.1_468-606_1ELR:A:	0	0	0	7	0	9	1	5	0	128
jgi|Lacbi1|241823|e_gwh1.88.11.1_835-956_1ELW:A:	0	0	0	7	0	11	0	7	0	117
jgi|Lacbi1|241823|e_gwh1.88.11.1_369-465_1W3B:A:	0	0	0	23	0	35	6	26	0	388
jgi|Lacbi1|241823|e_gwh1.88.11.1_255-362_1W3B:A:	0	0	0	23	0	35	6	26	0	388
jgi|Lacbi1|241945|e_gwh1.106.1.1_3-38_1G6Z:A:	0	3	1	1	0	12	8	3	0	69
jgi|Lacbi1|245217|e_gww1.3.512.1_3-38_1G6Z:A:	0	3	1	1	0	12	8	3	0	69
jgi|Lacbi1|241950|e_gwh1.110.1.1_65-353_1OUV:A:	0	0	0	15	0	18	7	15	0	272
jgi|Lacbi1|241980|e_gwh1.127.1.1_5-64_2BW3:A:163-609	0	5	7	21	0	33	14	25	0	447
jgi|Lacbi1|242033|e_gwh1.164.7.1_4-284_1VYH:C:92-408	0	28	1	0	0	39	25	14	0	317
jgi|Lacbi1|242092|e_gwh1.187.3.1_1-89_1W3B:A:	0	0	0	23	0	35	6	26	0	388
jgi|Lacbi1|242107|e_gwh1.197.7.1_22-131_1W3B:A:	0	0	0	23	0	35	6	26	0	388
jgi|Lacbi1|242149|e_gwh1.238.2.1_7-203_1TQ5:A:1-231	3	22	2	0	0	33	18	9	0	231
jgi|Lacbi1|242215|e_gwh1.270.1.1_88-207_1W3B:A:	0	0	0	23	0	35	6	26	0	388
jgi|Lacbi1|242215|e_gwh1.270.1.1_2-90_1W3B:A:	0	0	0	23	0	35	6	26	0	388
jgi|Lacbi1|242278|e_gwh1.353.1.1_3-120,173-195_1JWH:C:	12	0	4	7	0	25	19	17	0	200
jgi|Lacbi1|242284|e_gwh1.357.1.1_2-143_1ELR:A:	0	0	0	7	0	9	1	5	0	128
jgi|Lacbi1|242284|e_gwh1.357.1.1_120-241_1ELR:A:	0	0	0	7	0	9	1	5	0	128
jgi|Lacbi1|242578|e_gww1.1.22.1_226-258,398-455,542-729,760-869,896-908,937-1003_2I9C:A:3-123	0	0	1	5	0	8	4	6	0	121
jgi|Lacbi1|242578|e_gww1.1.22.1_946-1023,1133-1169,1264-1334,1495-1590_1TE4:A:	0	0	3	6	0	11	9	5	0	111
jgi|Lacbi1|242859|e_gww1.1.267.1_109-442_2HD5:A:211-521	4	18	4	9	0	37	12	12	0	336
jgi|Lacbi1|242859|e_gww1.1.267.1_3-85_2UZG:A:36-130	0	5	0	3	0	13	5	6	0	95
jgi|Lacbi1|243022|e_gww1.1.578.1_48-343_1VYH:C:92-408	0	28	1	0	0	39	25	14	0	317
jgi|Lacbi1|243045|e_gww1.1.189.1_276-493_2D2S:A:525-753	0	0	2	9	0	10	3	9	0	229
jgi|Lacbi1|243045|e_gww1.1.189.1_132-243_1ZC3:B:171-279	2	7	0	1	0	8	4	5	0	109
jgi|Lacbi1|243100|e_gww1.1.799.1_2-144_1WLJ:A:	0	7	1	7	0	16	4	10	0	173
jgi|Lacbi1|243538|e_gww1.1.1096.1_162-373_1OUV:A:	0	0	0	15	0	18	7	15	0	272
jgi|Lacbi1|243538|e_gww1.1.1096.1_3-242_1W3B:A:	0	0	0	23	0	35	6	26	0	388
jgi|Lacbi1|243722|e_gww1.1.1129.1_27-232,382-418_1JHN:A:61-262,A:412-458	4	15	1	2	0	35	16	9	1	249
jgi|Lacbi1|243722|e_gww1.1.1129.1_232-371_1JHN:A:270-411	6	4	1	0	0	29	13	11	0	142
jgi|Lacbi1|243931|e_gww1.2.875.1_165-401,434-488_1VYH:C:92-408	0	28	1	0	0	39	25	14	0	317
jgi|Lacbi1|243931|e_gww1.2.875.1_28-83_2DK4:A:8-70	0	0	0	2	0	11	7	2	0	63
jgi|Lacbi1|244160|e_gww1.2.359.1_160-198,250-429_1C0G:A:147-375	0	9	6	10	0	23	12	12	0	229
jgi|Lacbi1|244160|e_gww1.2.359.1_1-166_1C0G:A:1-146	0	10	2	4	0	13	10	8	0	146
jgi|Lacbi1|244318|e_gww1.2.741.1_5-107_1KX5:C:	0	3	2	5	0	14	10	8	0	128
jgi|Lacbi1|244764|e_gww1.2.812.1_540-787,822-1110,1139-1353_1U6G:C:	0	2	14	60	0	74	56	65	0	1207
jgi|Lacbi1|244764|e_gww1.2.812.1_1910-2074,2111-2251_1E8Y:A:726-1092	0	10	2	12	0	26	15	16	0	367
jgi|Lacbi1|244764|e_gww1.2.812.1_1834-1926_3FAP:B:	0	0	0	4	0	5	1	1	0	94
jgi|Lacbi1|244764|e_gww1.2.812.1_12-438,474-551_1XQR:A:87-350	0	0	3	17	0	17	9	12	0	267
jgi|Lacbi1|244887|e_gww1.2.988.1_58-207_2OH3:A:3-154	0	0	2	4	0	7	5	3	0	152
jgi|Lacbi1|245010|e_gww1.3.501.1_1-143_1GOJ:A:	6	14	5	9	0	36	20	25	0	354
jgi|Lacbi1|245094|e_gww1.3.113.1_1-560_1DN1:A:	7	15	9	20	0	49	28	32	0	589
jgi|Lacbi1|245124|e_gww1.3.82.1_218-625_1SIO:A:	8	17	6	8	0	42	24	21	0	357
jgi|Lacbi1|245124|e_gww1.3.82.1_23-187_1T1E:A:12-190	2	11	1	4	0	23	7	12	0	179
jgi|Lacbi1|245341|e_gww1.3.175.1_55-470_2F9F:A:2-167	2	6	1	7	0	19	11	10	0	166
jgi|Lacbi1|245540|e_gww1.3.444.1_16-133_1Q4R:A:	0	4	0	4	0	11	5	5	0	103
jgi|Lacbi1|245891|e_gww1.4.280.1_5-286_1F3M:C:	1	10	4	11	0	33	20	20	0	294
jgi|Lacbi1|246264|e_gww1.4.73.1_47-123,174-229,289-331,391-421,563-697_2OVR:B:2365-2706	0	32	2	1	0	36	24	21	0	342
jgi|Lacbi1|246264|e_gww1.4.73.1_669-795_1NEX:B:370-744	1	32	0	0	0	32	16	23	0	355
jgi|Lacbi1|246368|e_gww1.4.640.1_25-162_1N11:A:	0	0	1	24	0	48	15	35	0	408
jgi|Lacbi1|246384|e_gww1.4.1.1_3101-3274,3330-3465_1E8Y:A:726-1092	0	10	2	12	0	26	15	16	0	367
jgi|Lacbi1|246384|e_gww1.4.1.1_4-128,234-286,334-419,649-793,956-1087_1H6K:A:291-480	1	0	4	8	0	15	11	11	0	190
jgi|Lacbi1|246384|e_gww1.4.1.1_986-1154,1243-1528_1LRV:A:	2	0	8	10	0	22	18	13	0	233
jgi|Lacbi1|246384|e_gww1.4.1.1_1456-1530,1650-1761,1798-2127,2313-2408_1TE4:A:	0	0	3	6	0	11	9	5	0	111
jgi|Lacbi1|246384|e_gww1.4.1.1_2757-2846_1HXI:A:	0	0	1	5	0	10	3	4	0	112
jgi|Lacbi1|246438|e_gww1.4.887.1_1-146_1AWC:B:	0	0	0	10	0	18	2	16	0	153
jgi|Lacbi1|246447|e_gww1.4.75.1_254-513_1USU:A:	0	11	3	8	0	26	12	15	0	256
jgi|Lacbi1|246447|e_gww1.4.75.1_3-216_1TC6:A:	1	8	3	6	0	23	8	10	0	225
jgi|Lacbi1|246447|e_gww1.4.75.1_541-674_1SF8:A:	0	3	1	5	0	9	8	3	0	125
jgi|Lacbi1|246450|e_gww1.4.67.1_212-492_1OZ4:A:471-763	2	0	3	7	0	31	24	19	0	292
jgi|Lacbi1|246450|e_gww1.4.67.1_486-673_1D2N:A:	2	7	2	10	0	24	16	16	0	246
jgi|Lacbi1|246450|e_gww1.4.67.1_83-192_1CR5:A:108-210	1	6	0	2	0	13	3	7	0	103
jgi|Lacbi1|246450|e_gww1.4.67.1_3-64_1QCS:A:0-85	0	6	0	2	0	14	3	8	0	86
jgi|Lacbi1|246568|e_gww1.4.846.1_34-185_1W3B:A:	0	0	0	23	0	35	6	26	0	388
jgi|Lacbi1|246794|e_gww1.5.330.1_3-303_1ERJ:A:	2	30	1	1	0	43	24	22	0	388
jgi|Lacbi1|246798|e_gww1.5.306.1_10-352_1FLG:A:	8	40	6	3	0	86	43	41	0	582
jgi|Lacbi1|246798|e_gww1.5.306.1_314-436_1ERJ:A:	2	30	1	1	0	43	24	22	0	388
jgi|Lacbi1|246982|e_gww1.5.587.1_28-403_1PW4:A:	2	0	1	18	0	21	18	22	0	450
jgi|Lacbi1|247019|e_gww1.5.279.1_9-299_1K5C:A:	1	29	3	0	0	49	30	12	0	333
jgi|Lacbi1|247429|e_gww1.6.45.1_289-474,505-779_2JG0:A:37-547	13	16	6	19	0	52	31	30	0	511
jgi|Lacbi1|247531|e_gww1.6.238.1_49-309_1VYH:C:92-408	0	28	1	0	0	39	25	14	0	317
jgi|Lacbi1|248051|e_gww1.7.53.1_7-198,292-376_1NEK:A:1-235,A:356-450	7	17	3	8	0	41	22	15	1	330
jgi|Lacbi1|248051|e_gww1.7.53.1_386-530_1KF6:A:443-576	6	2	0	3	0	16	7	5	0	134
jgi|Lacbi1|248051|e_gww1.7.53.1_175-288_1NEK:A:236-355	2	4	1	5	0	14	7	9	0	120
jgi|Lacbi1|248169|e_gww1.7.2.1_384-506,541-714_1B3U:A:	0	0	8	44	0	40	26	36	0	588
jgi|Lacbi1|248169|e_gww1.7.2.1_26-304_1A06:A:	4	8	4	10	0	29	20	14	0	307
jgi|Lacbi1|248169|e_gww1.7.2.1_1086-1351,1430-1463_1ERJ:A:	2	30	1	1	0	43	24	22	0	388
jgi|Lacbi1|248169|e_gww1.7.2.1_1435-1551_1ERJ:A:	2	30	1	1	0	43	24	22	0	388
jgi|Lacbi1|248296|e_gww1.7.72.1_172-341,384-492_1VYH:C:92-408	0	28	1	0	0	39	25	14	0	317
jgi|Lacbi1|248329|e_gww1.8.118.1_1-286_1ERJ:A:	2	30	1	1	0	43	24	22	0	388
jgi|Lacbi1|248803|e_gww1.9.9.1_1-420_1GZ5:A:	6	16	7	18	0	41	25	25	0	456
jgi|Lacbi1|248902|e_gww1.9.20.1_25-366_1ERJ:A:	2	30	1	1	0	43	24	22	0	388
jgi|Lacbi1|248902|e_gww1.9.20.1_303-376,619-744_1L0Q:A:1-301	0	29	1	0	0	20	16	19	0	301
jgi|Lacbi1|249838|e_gww1.11.226.1_1-289_1ERJ:A:	2	30	1	1	0	43	24	22	0	388
jgi|Lacbi1|249851|e_gww1.11.221.1_31-212_1TX4:A:	0	0	4	12	0	17	9	13	0	196
jgi|Lacbi1|249987|e_gww1.12.221.1_25-208,332-511_1KB0:A:1-573	5	40	7	6	0	73	38	39	0	573
jgi|Lacbi1|249987|e_gww1.12.221.1_438-625,686-716_1ERJ:A:	2	30	1	1	0	43	24	22	0	388
jgi|Lacbi1|249987|e_gww1.12.221.1_117-326_1P22:A:253-545	0	28	0	1	0	35	23	13	0	293
jgi|Lacbi1|250179|e_gww1.12.229.1_189-289,603-730_1YAG:A:147-375	0	9	6	10	0	25	15	15	0	229
jgi|Lacbi1|250179|e_gww1.12.229.1_30-170_1C0G:A:1-146	0	10	2	4	0	13	10	8	0	146
jgi|Lacbi1|250357|e_gww1.13.11.1_16-207,254-470_1PV7:A:	0	0	2	22	0	18	12	14	0	417
jgi|Lacbi1|250359|e_gww1.13.6.1_114-508_1EQC:A:	4	8	10	10	0	47	30	30	0	394
jgi|Lacbi1|250417|e_gww1.13.127.1_141-286_1ELR:A:	0	0	0	7	0	9	1	5	0	128
jgi|Lacbi1|250417|e_gww1.13.127.1_15-131_1W3B:A:	0	0	0	23	0	35	6	26	0	388
jgi|Lacbi1|250446|e_gww1.14.102.1_227-537_2OVR:B:2365-2706	0	32	2	1	0	36	24	21	0	342
jgi|Lacbi1|250446|e_gww1.14.102.1_68-147_2OVR:B:2263-2364	0	0	0	6	0	9	7	5	0	102
jgi|Lacbi1|250472|e_gww1.14.93.1_10-193_2G6B:A:58-227	0	6	1	5	0	16	10	9	0	170
jgi|Lacbi1|250472|e_gww1.14.93.1_592-709_1W3B:A:	0	0	0	23	0	35	6	26	0	388
jgi|Lacbi1|250472|e_gww1.14.93.1_467-582_1W3B:A:	0	0	0	23	0	35	6	26	0	388
jgi|Lacbi1|250472|e_gww1.14.93.1_346-491_1W3B:A:	0	0	0	23	0	35	6	26	0	388
jgi|Lacbi1|250472|e_gww1.14.93.1_719-842_1W3B:A:	0	0	0	23	0	35	6	26	0	388
jgi|Lacbi1|250474|e_gww1.14.40.1_53-340_1WOS:A:1-278	6	13	6	8	0	26	15	23	0	278
jgi|Lacbi1|250474|e_gww1.14.40.1_334-426_1V5V:A:313-401	0	6	1	0	0	10	6	7	0	89
jgi|Lacbi1|250638|e_gww1.15.89.1_30-416_1FLG:A:	8	40	6	3	0	86	43	41	0	582
jgi|Lacbi1|250692|e_gww1.16.98.1_3-111_1W3B:A:	0	0	0	23	0	35	6	26	0	388
jgi|Lacbi1|250692|e_gww1.16.98.1_117-220_1W3B:A:	0	0	0	23	0	35	6	26	0	388
jgi|Lacbi1|250694|e_gww1.16.53.1_17-282_2FG5:A:3-167	2	6	2	5	0	16	8	10	0	165
jgi|Lacbi1|250694|e_gww1.16.53.1_785-934_1W3B:A:	0	0	0	23	0	35	6	26	0	388
jgi|Lacbi1|250694|e_gww1.16.53.1_408-558_1W3B:A:	0	0	0	23	0	35	6	26	0	388
jgi|Lacbi1|250694|e_gww1.16.53.1_659-808_1ELW:A:	0	0	0	7	0	11	0	7	0	117
jgi|Lacbi1|250694|e_gww1.16.53.1_534-681_1ELW:A:	0	0	0	7	0	11	0	7	0	117
jgi|Lacbi1|250694|e_gww1.16.53.1_911-1032_1ELR:A:	0	0	0	7	0	9	1	5	0	128
jgi|Lacbi1|250694|e_gww1.16.53.1_330-434_1W3B:A:	0	0	0	23	0	35	6	26	0	388
jgi|Lacbi1|250779|e_gww1.16.209.1_3-144_1W3B:A:	0	0	0	23	0	35	6	26	0	388
jgi|Lacbi1|250779|e_gww1.16.209.1_120-241_1W3B:A:	0	0	0	23	0	35	6	26	0	388
jgi|Lacbi1|250855|e_gww1.16.108.1_2-144_1W3B:A:	0	0	0	23	0	35	6	26	0	388
jgi|Lacbi1|250855|e_gww1.16.108.1_162-283_1ELR:A:	0	0	0	7	0	9	1	5	0	128
jgi|Lacbi1|250859|e_gww1.16.63.1_162-283_1W3B:A:	0	0	0	23	0	35	6	26	0	388
jgi|Lacbi1|250859|e_gww1.16.63.1_78-193_1E96:B:	0	2	2	9	0	15	3	11	0	185
jgi|Lacbi1|250859|e_gww1.16.63.1_3-101_1ELW:A:	0	0	0	7	0	11	0	7	0	117
jgi|Lacbi1|250987|e_gww1.17.143.1_3-313_1VYH:C:92-408	0	28	1	0	0	39	25	14	0	317
jgi|Lacbi1|251052|e_gww1.17.53.1_63-348_1ERJ:A:	2	30	1	1	0	43	24	22	0	388
jgi|Lacbi1|251102|e_gww1.18.135.1_33-142_2OVR:B:2365-2706	0	32	2	1	0	36	24	21	0	342
jgi|Lacbi1|251142|e_gww1.18.97.1_6-96_1UOH:A:	0	0	1	14	0	27	7	20	0	223
jgi|Lacbi1|251323|e_gww1.19.89.1_1-42_2BTF:A:147-375	0	9	5	10	0	22	20	16	0	229
jgi|Lacbi1|251522|e_gww1.20.112.1_1-120_1AWC:B:	0	0	0	10	0	18	2	16	0	153
jgi|Lacbi1|251537|e_gww1.20.144.1_3-256_1SXJ:C:12-238	3	5	3	12	0	22	13	12	0	227
jgi|Lacbi1|251537|e_gww1.20.144.1_670-820_1W3B:A:	0	0	0	23	0	35	6	26	0	388
jgi|Lacbi1|251537|e_gww1.20.144.1_458-608_1W3B:A:	0	0	0	23	0	35	6	26	0	388
jgi|Lacbi1|251537|e_gww1.20.144.1_315-482_1ELW:A:	0	0	0	7	0	11	0	7	0	117
jgi|Lacbi1|251537|e_gww1.20.144.1_838-954_1W3B:A:	0	0	0	23	0	35	6	26	0	388
jgi|Lacbi1|251781|e_gww1.22.145.1_69-411_2OVR:B:2365-2706	0	32	2	1	0	36	24	21	0	342
jgi|Lacbi1|251882|e_gww1.23.52.1_1-214_2OVR:B:2365-2706	0	32	2	1	0	36	24	21	0	342
jgi|Lacbi1|251980|e_gww1.24.111.1_80-186_1W3B:A:	0	0	0	23	0	35	6	26	0	388
jgi|Lacbi1|251980|e_gww1.24.111.1_164-297_1ELW:A:	0	0	0	7	0	11	0	7	0	117
jgi|Lacbi1|251980|e_gww1.24.111.1_3-106_1ELR:A:	0	0	0	7	0	9	1	5	0	128
jgi|Lacbi1|252152|e_gww1.25.30.1_42-452_1TQN:A:	5	9	7	18	0	43	20	30	0	472
jgi|Lacbi1|252173|e_gww1.25.4.1_312-382,471-650_1Z5Z:A:663-906	0	6	1	10	0	26	11	15	0	244
jgi|Lacbi1|252173|e_gww1.25.4.1_29-232,264-304_1Z63:A:432-661	0	7	2	11	0	24	16	18	0	230
jgi|Lacbi1|252173|e_gww1.25.4.1_383-457_1RMD:A:1-86	6	2	3	3	0	14	6	6	0	86
jgi|Lacbi1|252195|e_gww1.25.171.1_3-256_2GF0:A:4-176	2	7	2	6	0	19	11	8	0	173
jgi|Lacbi1|252195|e_gww1.25.171.1_600-750_1W3B:A:	0	0	0	23	0	35	6	26	0	388
jgi|Lacbi1|252195|e_gww1.25.171.1_348-498_1W3B:A:	0	0	0	23	0	35	6	26	0	388
jgi|Lacbi1|252195|e_gww1.25.171.1_728-877_1ELW:A:	0	0	0	7	0	11	0	7	0	117
jgi|Lacbi1|252195|e_gww1.25.171.1_474-593_1W3B:A:	0	0	0	23	0	35	6	26	0	388
jgi|Lacbi1|252331|e_gww1.25.40.1_3-389_1TQN:A:	5	9	7	18	0	43	20	30	0	472
jgi|Lacbi1|252444|e_gww1.27.74.1_475-628_1W3B:A:	0	0	0	23	0	35	6	26	0	388
jgi|Lacbi1|252444|e_gww1.27.74.1_1-225_2FG5:A:3-167	2	6	2	5	0	16	8	10	0	165
jgi|Lacbi1|252444|e_gww1.27.74.1_349-469_1W3B:A:	0	0	0	23	0	35	6	26	0	388
jgi|Lacbi1|252444|e_gww1.27.74.1_640-760_1W3B:A:	0	0	0	23	0	35	6	26	0	388
jgi|Lacbi1|252444|e_gww1.27.74.1_766-869_1W3B:A:	0	0	0	23	0	35	6	26	0	388
jgi|Lacbi1|252500|e_gww1.27.8.1_35-109,150-455_1W36:D:2-360	6	9	4	14	0	32	29	25	0	359
jgi|Lacbi1|252552|e_gww1.28.65.1_1-132_1ERJ:A:	2	30	1	1	0	43	24	22	0	388
jgi|Lacbi1|252592|e_gww1.28.27.1_1-328_2OVR:B:2365-2706	0	32	2	1	0	36	24	21	0	342
jgi|Lacbi1|252660|e_gww1.29.31.1_8-329_2OVR:B:2365-2706	0	32	2	1	0	36	24	21	0	342
jgi|Lacbi1|252700|e_gww1.29.70.1_48-285,326-559_1PW4:A:	2	0	1	18	0	21	18	22	0	450
jgi|Lacbi1|252874|e_gww1.31.88.1_78-200_1W3B:A:	0	0	0	23	0	35	6	26	0	388
jgi|Lacbi1|252874|e_gww1.31.88.1_2-114_1W3B:A:	0	0	0	23	0	35	6	26	0	388
jgi|Lacbi1|252955|e_gww1.31.34.1_124-288_1BOF:A:10-60,A:182-354	1	6	6	6	0	19	9	12	1	224
jgi|Lacbi1|252955|e_gww1.31.34.1_12-124_1CIP:A:61-181	0	0	1	8	0	7	3	10	0	121
jgi|Lacbi1|252964|e_gww1.31.122.1_2-119_1W3B:A:	0	0	0	23	0	35	6	26	0	388
jgi|Lacbi1|253036|e_gww1.32.46.1_7-19,83-115,153-289_1MVE:A:	5	17	3	1	0	29	16	13	0	243
jgi|Lacbi1|253147|e_gww1.33.81.1_770-978_1F3O:A:	0	10	2	7	0	22	15	14	0	232
jgi|Lacbi1|253147|e_gww1.33.81.1_77-302_1F3O:A:	0	10	2	7	0	22	15	14	0	232
jgi|Lacbi1|253236|e_gww1.33.24.1_87-489_1BO1:A:	1	12	2	8	0	33	23	12	0	383
jgi|Lacbi1|253255|e_gww1.33.108.1_79-281_1W3B:A:	0	0	0	23	0	35	6	26	0	388
jgi|Lacbi1|253255|e_gww1.33.108.1_3-108_1ELR:A:	0	0	0	7	0	9	1	5	0	128
jgi|Lacbi1|253302|e_gww1.34.57.1_180-332_1W3B:A:	0	0	0	23	0	35	6	26	0	388
jgi|Lacbi1|253302|e_gww1.34.57.1_57-206_1W3B:A:	0	0	0	23	0	35	6	26	0	388
jgi|Lacbi1|253302|e_gww1.34.57.1_348-500_1W3B:A:	0	0	0	23	0	35	6	26	0	388
jgi|Lacbi1|253302|e_gww1.34.57.1_600-722_1W3B:A:	0	0	0	23	0	35	6	26	0	388
jgi|Lacbi1|253302|e_gww1.34.57.1_516-634_1W3B:A:	0	0	0	23	0	35	6	26	0	388
jgi|Lacbi1|253414|e_gww1.35.23.1_50-117,151-291,328-344,375-398_1O4Z:A:	5	21	6	5	0	39	21	19	0	295
jgi|Lacbi1|253435|e_gww1.35.34.1_6-352_1NEX:B:370-744	1	32	0	0	0	32	16	23	0	355
jgi|Lacbi1|253482|e_gww1.35.48.1_148-323_1JVB:A:144-313	0	6	2	8	0	13	10	11	0	170
jgi|Lacbi1|253482|e_gww1.35.48.1_25-182_1F8F:A:4-162,A:337-371	5	9	5	4	0	23	12	10	1	194
jgi|Lacbi1|253530|e_gww1.35.142.1_4-177_1M2O:B:	2	6	4	4	0	16	10	12	0	167
jgi|Lacbi1|253589|e_gww1.36.5.1_36-263,295-512_1PW4:A:	2	0	1	18	0	21	18	22	0	450
jgi|Lacbi1|253677|e_gww1.38.42.1_79-325_1H4I:A:	12	38	11	5	0	80	39	44	0	595
jgi|Lacbi1|253677|e_gww1.38.42.1_2-117_1ERJ:A:	2	30	1	1	0	43	24	22	0	388
jgi|Lacbi1|253744|e_gww1.38.68.1_130-517_1F9V:A:	2	14	8	7	0	22	10	16	0	342
jgi|Lacbi1|253829|e_gww1.40.26.1_50-350_1VYH:C:92-408	0	28	1	0	0	39	25	14	0	317
jgi|Lacbi1|253871|e_gww1.40.20.1_27-452_1TQN:A:	5	9	7	18	0	43	20	30	0	472
jgi|Lacbi1|254287|e_gww1.44.26.1_3-336_1VYH:C:92-408	0	28	1	0	0	39	25	14	0	317
jgi|Lacbi1|254476|e_gww1.46.3.1_293-536_1OZ4:A:471-763	2	0	3	7	0	31	24	19	0	292
jgi|Lacbi1|254476|e_gww1.46.3.1_20-282_1E32:A:201-458	3	5	4	12	0	28	13	14	0	258
jgi|Lacbi1|254642|e_gww1.49.18.1_1-124_1N11:A:	0	0	1	24	0	48	15	35	0	408
jgi|Lacbi1|254759|e_gww1.51.18.1_6-278_1KB0:A:1-573	5	40	7	6	0	73	38	39	0	573
jgi|Lacbi1|254771|e_gww1.51.66.1_118-238_1W3B:A:	0	0	0	23	0	35	6	26	0	388
jgi|Lacbi1|254771|e_gww1.51.66.1_2-125_1W3B:A:	0	0	0	23	0	35	6	26	0	388
jgi|Lacbi1|254814|e_gww1.51.97.1_90-222_1W3B:A:	0	0	0	23	0	35	6	26	0	388
jgi|Lacbi1|254814|e_gww1.51.97.1_8-127_1W3B:A:	0	0	0	23	0	35	6	26	0	388
jgi|Lacbi1|254822|e_gww1.51.72.1_76-212_1W3B:A:	0	0	0	23	0	35	6	26	0	388
jgi|Lacbi1|254822|e_gww1.51.72.1_3-111_1W3B:A:	0	0	0	23	0	35	6	26	0	388
jgi|Lacbi1|254822|e_gww1.51.72.1_202-314_1W3B:A:	0	0	0	23	0	35	6	26	0	388
jgi|Lacbi1|254994|e_gww1.54.23.1_103-214,247-414_2OVR:B:2365-2706	0	32	2	1	0	36	24	21	0	342
jgi|Lacbi1|255223|e_gww1.57.14.1_1-251_1ERJ:A:	2	30	1	1	0	43	24	22	0	388
jgi|Lacbi1|255231|e_gww1.57.62.1_23-288_1EDO:A:	2	7	2	10	0	24	12	13	0	244
jgi|Lacbi1|255335|e_gww1.59.34.1_5-200_1JTV:A:	2	7	4	11	0	26	15	16	0	285
jgi|Lacbi1|255373|e_gww1.60.41.1_2-143_1W3B:A:	0	0	0	23	0	35	6	26	0	388
jgi|Lacbi1|255373|e_gww1.60.41.1_120-216_1W3B:A:	0	0	0	23	0	35	6	26	0	388
jgi|Lacbi1|255457|e_gww1.61.53.1_593-745_1W3B:A:	0	0	0	23	0	35	6	26	0	388
jgi|Lacbi1|255457|e_gww1.61.53.1_5-262_2GF0:A:4-176	2	7	2	6	0	19	11	8	0	173
jgi|Lacbi1|255457|e_gww1.61.53.1_719-872_1W3B:A:	0	0	0	23	0	35	6	26	0	388
jgi|Lacbi1|255457|e_gww1.61.53.1_468-578_1W3B:A:	0	0	0	23	0	35	6	26	0	388
jgi|Lacbi1|255457|e_gww1.61.53.1_845-964_1W3B:A:	0	0	0	23	0	35	6	26	0	388
jgi|Lacbi1|255457|e_gww1.61.53.1_385-496_1ELR:A:	0	0	0	7	0	9	1	5	0	128
jgi|Lacbi1|255457|e_gww1.61.53.1_297-409_1W3B:A:	0	0	0	23	0	35	6	26	0	388
jgi|Lacbi1|255468|e_gww1.61.7.1_86-246,286-437_1APM:E:	5	9	4	11	0	36	21	20	0	341
jgi|Lacbi1|255501|e_gww1.62.67.1_4-78_1ERJ:A:	2	30	1	1	0	43	24	22	0	388
jgi|Lacbi1|255604|e_gww1.63.41.1_106-215_1W3B:A:	0	0	0	23	0	35	6	26	0	388
jgi|Lacbi1|255604|e_gww1.63.41.1_18-143_1W3B:A:	0	0	0	23	0	35	6	26	0	388
jgi|Lacbi1|255684|e_gww1.64.67.1_157-403_1VYH:C:92-408	0	28	1	0	0	39	25	14	0	317
jgi|Lacbi1|255684|e_gww1.64.67.1_7-213_2OVR:B:2365-2706	0	32	2	1	0	36	24	21	0	342
jgi|Lacbi1|255689|e_gww1.64.1.1_804-1022_1OXS:C:1-242	0	11	6	8	0	23	18	13	0	242
jgi|Lacbi1|255689|e_gww1.64.1.1_108-333_3D31:A:1-229	0	10	1	9	0	26	15	14	0	229
jgi|Lacbi1|255748|e_gww1.66.48.1_3-144_1W3B:A:	0	0	0	23	0	35	6	26	0	388
jgi|Lacbi1|255748|e_gww1.66.48.1_117-255_1W3B:A:	0	0	0	23	0	35	6	26	0	388
jgi|Lacbi1|255806|e_gww1.66.56.1_8-96_1W3B:A:	0	0	0	23	0	35	6	26	0	388
jgi|Lacbi1|255877|e_gww1.68.5.1_52-857_1B7T:A:5-28,A:77-835	5	15	8	27	0	58	41	42	1	783
jgi|Lacbi1|255877|e_gww1.68.5.1_1462-1571_2FXO:D:838-963	0	0	0	2	0	2	0	2	0	128
jgi|Lacbi1|255877|e_gww1.68.5.1_1248-1358_2FXO:D:838-963	0	0	0	2	0	2	0	2	0	128
jgi|Lacbi1|256105|e_gww1.72.2.1_12-357_1ERJ:A:	2	30	1	1	0	43	24	22	0	388
jgi|Lacbi1|256112|e_gww1.72.37.1_482-728_1ERJ:A:	2	30	1	1	0	43	24	22	0	388
jgi|Lacbi1|256112|e_gww1.72.37.1_25-92,130-256_2BME:A:6-179	0	6	2	6	0	15	11	11	0	176
jgi|Lacbi1|256222|e_gww1.74.17.1_11-118_1HAR:A:	6	8	3	4	0	21	6	10	0	216
jgi|Lacbi1|256328|e_gww1.80.27.1_2-106_1WDY:A:	2	0	0	17	0	35	10	27	0	285
jgi|Lacbi1|256350|e_gww1.80.16.1_4-309_1N11:A:	0	0	1	24	0	48	15	35	0	408
jgi|Lacbi1|256699|e_gww1.124.3.1_7-289_1ERJ:A:	2	30	1	1	0	43	24	22	0	388
jgi|Lacbi1|256881|e_gww1.242.4.1_76-197_1W3B:A:	0	0	0	23	0	35	6	26	0	388
jgi|Lacbi1|256881|e_gww1.242.4.1_3-112_1W3B:A:	0	0	0	23	0	35	6	26	0	388
jgi|Lacbi1|256909|e_gww1.250.1.1_330-556_1UMD:B:2-187	0	8	4	7	0	21	12	11	0	186
jgi|Lacbi1|256909|e_gww1.250.1.1_2-278_1NI4:A:	2	12	3	11	0	37	24	21	0	364
jgi|Lacbi1|256967|e_gww1.307.4.1_4-294_1VYH:C:92-408	0	28	1	0	0	39	25	14	0	317
jgi|Lacbi1|257054|e_gww1.401.2.1_1-118_1JWH:C:	12	0	4	7	0	25	19	17	0	200
jgi|Lacbi1|290996|estExt_fgenesh2_pm.C_60027_9-313_2OVR:B:2365-2706	0	32	2	1	0	36	24	21	0	342
jgi|Lacbi1|291424|estExt_fgenesh2_pg.C_10005_39-123_1OCR:G:	2	0	0	2	0	11	8	7	0	84
jgi|Lacbi1|291535|estExt_fgenesh2_pg.C_10147_195-427_1SCZ:A:	0	10	2	7	0	19	8	12	0	233
jgi|Lacbi1|291535|estExt_fgenesh2_pg.C_10147_1-89_1Y8O:B:128-229	0	8	1	0	0	16	9	6	0	102
jgi|Lacbi1|291535|estExt_fgenesh2_pg.C_10147_128-171_1EBD:C:	0	0	1	2	0	5	1	3	0	41
jgi|Lacbi1|291735|estExt_fgenesh2_pg.C_10473_21-348_1GOT:B:	1	28	0	2	0	36	22	23	0	339
jgi|Lacbi1|291863|estExt_fgenesh2_pg.C_10781_11-115_3E9V:A:9-128	0	4	0	5	0	10	7	7	0	120
jgi|Lacbi1|293432|estExt_fgenesh2_pg.C_60431_330-437,496-675_1GXR:A:	2	31	0	0	0	37	29	20	0	336
jgi|Lacbi1|293432|estExt_fgenesh2_pg.C_60431_165-256_1FS1:A:109-149	0	0	2	3	0	6	2	3	0	41
jgi|Lacbi1|293441|estExt_fgenesh2_pg.C_60442_292-684_2F9F:A:2-167	2	6	1	7	0	19	11	10	0	166
jgi|Lacbi1|294107|estExt_fgenesh2_pg.C_100339_536-730_1FQV:A:146-431	8	13	3	8	0	55	21	24	0	286
jgi|Lacbi1|294362|estExt_fgenesh2_pg.C_120154_4-170,199-318_1VYH:C:92-408	0	28	1	0	0	39	25	14	0	317
jgi|Lacbi1|294362|estExt_fgenesh2_pg.C_120154_249-400,452-566_1XFD:A:127-591	9	30	2	3	0	57	36	22	0	465
jgi|Lacbi1|294469|estExt_fgenesh2_pg.C_130093_16-215_1DKG:D:3-185	4	12	2	5	0	21	12	11	0	183
jgi|Lacbi1|294469|estExt_fgenesh2_pg.C_130093_299-374_1C0G:A:147-375	0	9	6	10	0	23	12	12	0	229
jgi|Lacbi1|295004|estExt_fgenesh2_pg.C_260059_90-226_1RLG:A:	0	4	1	5	0	10	10	5	0	113
jgi|Lacbi1|295289|estExt_fgenesh2_pg.C_350061_23-281_1GCO:A:	2	7	8	9	0	24	12	14	0	261
jgi|Lacbi1|295376|estExt_fgenesh2_pg.C_380091_16-55_2HAP:C:55-97	0	0	1	2	0	6	3	2	0	43
jgi|Lacbi1|295503|estExt_fgenesh2_pg.C_430046_300-472_1YE8:A:1-178	0	9	2	5	0	17	7	11	0	178
jgi|Lacbi1|295706|estExt_fgenesh2_pg.C_560071_116-237_2FG5:A:3-167	2	6	2	5	0	16	8	10	0	165
jgi|Lacbi1|295782|estExt_fgenesh2_pg.C_600010_187-307,363-427_2CE7:A:150-402	2	5	6	9	0	24	12	16	0	253
jgi|Lacbi1|295832|estExt_fgenesh2_pg.C_630027_150-325_1S96:A:	3	9	1	9	0	19	8	12	0	205
jgi|Lacbi1|296012|estExt_fgenesh2_pg.C_800014_648-971_1N11:A:	0	0	1	24	0	48	15	35	0	408
jgi|Lacbi1|296022|estExt_fgenesh2_pg.C_820024_61-249_1G6H:A:	2	11	5	9	0	21	16	17	0	254
jgi|Lacbi1|296138|eu2.Lbscf0104g00060_109-249_1Z0J:A:2-168	2	6	2	5	0	14	10	10	0	167
jgi|Lacbi1|296248|eu2.Lbscf0010g00570_13-306_1ERJ:A:	2	30	1	1	0	43	24	22	0	388
jgi|Lacbi1|296631|eu2.Lbscf0010g04400_50-108_2DO3:A:462-523	0	5	0	0	0	9	7	3	0	62
jgi|Lacbi1|296752|eu2.Lbscf0110g00150_381-427_1FP6:A:	1	8	3	12	0	26	18	18	0	289
jgi|Lacbi1|296803|eu2.Lbscf0115g00180_7-85_1KRM:A:	2	7	5	15	0	35	23	20	0	349
jgi|Lacbi1|296951|eu2.Lbscf0011g01080_50-164_1EZF:A:	0	0	3	18	0	19	14	22	0	333
jgi|Lacbi1|296953|eu2.Lbscf0011g01100_19-181_1XZP:A:212-371	1	6	1	6	0	15	10	10	0	160
jgi|Lacbi1|297038|eu2.Lbscf0011g01950_105-183_2RSP:A:	1	11	0	1	0	21	11	5	0	124
jgi|Lacbi1|297041|eu2.Lbscf0011g01980_226-284_2DO3:A:462-523	0	5	0	0	0	9	7	3	0	62
jgi|Lacbi1|297376|eu2.Lbscf0011g05330_97-475_1MU2:A:3-429	15	20	3	9	0	47	24	17	0	427
jgi|Lacbi1|297452|eu2.Lbscf0012g00070_69-361_1SXJ:C:12-238	3	5	3	12	0	22	13	12	0	227
jgi|Lacbi1|297474|eu2.Lbscf0012g00290_69-155,185-317_1SXJ:C:12-238	3	5	3	12	0	22	13	12	0	227
jgi|Lacbi1|297587|eu2.Lbscf0012g01420_31-308_1NR0:A:2-312	4	27	1	0	0	38	22	20	0	311
jgi|Lacbi1|297587|eu2.Lbscf0012g01420_294-381,414-599_1NR0:A:313-611	0	28	1	0	0	35	26	23	0	299
jgi|Lacbi1|297608|eu2.Lbscf0012g01630_376-427_2DO3:A:462-523	0	5	0	0	0	9	7	3	0	62
jgi|Lacbi1|297680|eu2.Lbscf0012g02350_42-180_2GVC:A:3-180,A:288-444	5	14	3	8	0	38	25	20	1	335
jgi|Lacbi1|297905|eu2.Lbscf0012g04600_68-253_1ZP6:A:6-181	0	5	1	7	0	20	9	15	0	176
jgi|Lacbi1|298070|eu2.Lbscf0013g01440_47-89_1ODF:A:	2	10	3	9	0	28	17	16	0	286
jgi|Lacbi1|298074|eu2.Lbscf0013g01480_51-255_1VL8:A:	2	7	6	9	0	25	10	14	0	251
jgi|Lacbi1|298205|eu2.Lbscf0013g02790_35-120_2GF0:A:4-176	2	7	2	6	0	19	11	8	0	173
jgi|Lacbi1|298333|eu2.Lbscf0144g00070_28-124_4FIV:A:	0	7	1	1	0	16	6	6	0	113
jgi|Lacbi1|298337|eu2.Lbscf0145g00010_52-100_1JWH:C:	12	0	4	7	0	25	19	17	0	200
jgi|Lacbi1|298398|eu2.Lbscf0014g00110_65-179_1A17:A:	0	0	0	7	0	11	3	7	0	159
jgi|Lacbi1|298398|eu2.Lbscf0014g00110_297-409_2C2L:A:24-224	0	0	1	10	0	12	7	11	0	201
jgi|Lacbi1|298398|eu2.Lbscf0014g00110_395-474_1HDJ:A:	0	0	1	4	0	9	2	7	0	76
jgi|Lacbi1|298398|eu2.Lbscf0014g00110_193-296_1XNF:A:	0	0	1	14	0	19	6	12	0	259
jgi|Lacbi1|298440|eu2.Lbscf0014g00530_120-240_1W3B:A:	0	0	0	23	0	35	6	26	0	388
jgi|Lacbi1|298440|eu2.Lbscf0014g00530_204-324_1W3B:A:	0	0	0	23	0	35	6	26	0	388
jgi|Lacbi1|298440|eu2.Lbscf0014g00530_4-114_1W3B:A:	0	0	0	23	0	35	6	26	0	388
jgi|Lacbi1|298442|eu2.Lbscf0014g00550_64-327_2FG5:A:3-167	2	6	2	5	0	16	8	10	0	165
jgi|Lacbi1|298442|eu2.Lbscf0014g00550_493-610_1W3B:A:	0	0	0	23	0	35	6	26	0	388
jgi|Lacbi1|298474|eu2.Lbscf0014g00870_217-261_1ATI:A:395-505	0	5	1	4	0	14	8	6	0	111
jgi|Lacbi1|298551|eu2.Lbscf0014g01640_26-106_1OYW:A:1-206	0	7	2	10	0	22	14	12	0	206
jgi|Lacbi1|298615|eu2.Lbscf0014g02280_91-255_1EXQ:A:	0	5	3	5	0	10	7	4	0	154
jgi|Lacbi1|298641|eu2.Lbscf0014g02540_80-127_1SC3:A:,B:	4	11	2	6	0	32	19	15	1	261
jgi|Lacbi1|298718|eu2.Lbscf0014g03310_113-202_1QS0:A:	5	7	8	13	0	43	26	30	0	407
jgi|Lacbi1|298735|eu2.Lbscf0014g03480_57-354_1NI4:A:	2	12	3	11	0	37	24	21	0	364
jgi|Lacbi1|298744|eu2.Lbscf0014g03570_70-133_1L8Q:A:77-289	0	5	2	9	0	17	9	11	0	213
jgi|Lacbi1|298771|eu2.Lbscf0150g00040_383-441_2DO3:A:462-523	0	5	0	0	0	9	7	3	0	62
jgi|Lacbi1|298799|eu2.Lbscf0154g00010_173-305,334-342_1ORV:A:39-508	12	36	3	4	0	53	35	31	0	470
jgi|Lacbi1|298844|eu2.Lbscf0159g00010_229-356_1ODF:A:	2	10	3	9	0	28	17	16	0	286
jgi|Lacbi1|299157|eu2.Lbscf0161g00070_8-81_1W36:D:361-606	4	4	2	9	0	19	18	13	0	246
jgi|Lacbi1|299245|eu2.Lbscf0016g00390_63-163_1U0J:A:	1	10	2	10	0	31	18	15	0	266
jgi|Lacbi1|299275|eu2.Lbscf0016g00690_68-279_1S4Q:A:	2	9	2	7	0	18	10	11	0	183
jgi|Lacbi1|299297|eu2.Lbscf0016g00910_75-376_2BW3:A:163-609	0	5	7	21	0	33	14	25	0	447
jgi|Lacbi1|299313|eu2.Lbscf0016g01070_72-247_1KAG:A:	0	5	1	7	0	12	8	5	0	169
jgi|Lacbi1|299322|eu2.Lbscf0016g01160_139-289_1E96:B:	0	2	2	9	0	15	3	11	0	185
jgi|Lacbi1|299322|eu2.Lbscf0016g01160_18-163_1W3B:A:	0	0	0	23	0	35	6	26	0	388
jgi|Lacbi1|299322|eu2.Lbscf0016g01160_265-387_1W3B:A:	0	0	0	23	0	35	6	26	0	388
jgi|Lacbi1|299338|eu2.Lbscf0016g01320_6-220_2BW3:A:163-609	0	5	7	21	0	33	14	25	0	447
jgi|Lacbi1|299372|eu2.Lbscf0016g01660_72-167_1U0J:A:	1	10	2	10	0	31	18	15	0	266
jgi|Lacbi1|299378|eu2.Lbscf0016g01720_207-241_1AN4:A:	0	0	0	2	0	4	3	3	0	64
jgi|Lacbi1|299389|eu2.Lbscf0016g01830_40-75_1UKL:C:	0	0	0	2	0	4	3	1	0	61
jgi|Lacbi1|299395|eu2.Lbscf0016g01890_406-465_2DO3:A:462-523	0	5	0	0	0	9	7	3	0	62
jgi|Lacbi1|299395|eu2.Lbscf0016g01890_363-409_1NZ9:A:	0	5	2	0	0	7	3	3	0	58
jgi|Lacbi1|299447|eu2.Lbscf0016g02410_71-249_2FWR:A:23-256	3	12	5	9	0	19	16	14	0	234
jgi|Lacbi1|299459|eu2.Lbscf0016g02530_16-198_1ZP6:A:6-181	0	5	1	7	0	20	9	15	0	176
jgi|Lacbi1|299495|eu2.Lbscf0016g02890_49-306_2FG5:A:3-167	2	6	2	5	0	16	8	10	0	165
jgi|Lacbi1|299495|eu2.Lbscf0016g02890_477-570_1ELR:A:	0	0	0	7	0	9	1	5	0	128
jgi|Lacbi1|299519|eu2.Lbscf0174g00040_5-82_1EZF:A:	0	0	3	18	0	19	14	22	0	333
jgi|Lacbi1|299529|eu2.Lbscf0175g00060_19-213_1S96:A:	3	9	1	9	0	19	8	12	0	205
jgi|Lacbi1|299563|eu2.Lbscf0017g00170_64-155,190-283_1HTW:A:	0	7	1	5	0	15	12	10	0	158
jgi|Lacbi1|299877|eu2.Lbscf0180g00070_68-283_1OGS:A:78-431	4	10	4	12	0	35	27	25	0	354
jgi|Lacbi1|299882|eu2.Lbscf0181g00050_131-280_1W3B:A:	0	0	0	23	0	35	6	26	0	388
jgi|Lacbi1|299882|eu2.Lbscf0181g00050_299-435_1W3B:A:	0	0	0	23	0	35	6	26	0	388
jgi|Lacbi1|299882|eu2.Lbscf0181g00050_52-162_1ELR:A:	0	0	0	7	0	9	1	5	0	128
jgi|Lacbi1|299939|eu2.Lbscf0018g00260_690-784_4FIV:A:	0	7	1	1	0	16	6	6	0	113
jgi|Lacbi1|300054|eu2.Lbscf0018g01410_88-140_2DO3:A:462-523	0	5	0	0	0	9	7	3	0	62
jgi|Lacbi1|300126|eu2.Lbscf0018g02130_52-193_1ODF:A:	2	10	3	9	0	28	17	16	0	286
jgi|Lacbi1|300198|eu2.Lbscf0018g02850_983-1311_1VYH:C:92-408	0	28	1	0	0	39	25	14	0	317
jgi|Lacbi1|300198|eu2.Lbscf0018g02850_729-1005_1ERJ:A:	2	30	1	1	0	43	24	22	0	388
jgi|Lacbi1|300198|eu2.Lbscf0018g02850_188-355_1QF9:A:	0	5	0	9	0	14	7	13	0	194
jgi|Lacbi1|300207|eu2.Lbscf0018g02940_3-61_2BW3:A:163-609	0	5	7	21	0	33	14	25	0	447
jgi|Lacbi1|300265|eu2.Lbscf0019g00110_1-59_1W36:D:361-606	4	4	2	9	0	19	18	13	0	246
jgi|Lacbi1|309904|eu2.Lbscf0042g01090_1-59_1W36:D:361-606	4	4	2	9	0	19	18	13	0	246
jgi|Lacbi1|300288|eu2.Lbscf0019g00340_2-65_2BW3:A:163-609	0	5	7	21	0	33	14	25	0	447
jgi|Lacbi1|300320|eu2.Lbscf0019g00660_689-784_4FIV:A:	0	7	1	1	0	16	6	6	0	113
jgi|Lacbi1|300432|eu2.Lbscf0019g01780_7-144_1RFL:A:	0	4	1	5	0	22	18	7	0	171
jgi|Lacbi1|300588|eu2.Lbscf0001g00370_433-476,505-720,750-777_1VYH:C:92-408	0	28	1	0	0	39	25	14	0	317
jgi|Lacbi1|300588|eu2.Lbscf0001g00370_132-283_2J49:A:149-282	0	2	2	8	0	8	3	6	0	134
jgi|Lacbi1|300906|eu2.Lbscf0001g03550_323-407,453-500,543-692_2OVR:B:2365-2706	0	32	2	1	0	36	24	21	0	342
jgi|Lacbi1|301155|eu2.Lbscf0001g06040_397-696_1P22:A:253-545	0	28	0	1	0	35	23	13	0	293
jgi|Lacbi1|301155|eu2.Lbscf0001g06040_27-153,182-261,290-331,417-561_1FLG:A:	8	40	6	3	0	86	43	41	0	582
jgi|Lacbi1|301233|eu2.Lbscf0001g06820_26-189,223-577_1GW5:B:	0	0	4	32	0	42	43	37	0	579
jgi|Lacbi1|301233|eu2.Lbscf0001g06820_660-816_1PZD:A:604-762	3	11	2	1	0	22	8	7	0	159
jgi|Lacbi1|301233|eu2.Lbscf0001g06820_825-931_1R4X:A:763-873	0	6	1	3	0	10	7	5	0	111
jgi|Lacbi1|301277|eu2.Lbscf0001g07260_189-442,480-512,547-567_1GXR:A:	2	31	0	0	0	37	29	20	0	336
jgi|Lacbi1|301278|eu2.Lbscf0001g07270_290-568_1VYH:C:92-408	0	28	1	0	0	39	25	14	0	317
jgi|Lacbi1|301278|eu2.Lbscf0001g07270_232-274_1VYH:C:92-408	0	28	1	0	0	39	25	14	0	317
jgi|Lacbi1|301431|eu2.Lbscf0001g08800_408-467_2DO3:A:462-523	0	5	0	0	0	9	7	3	0	62
jgi|Lacbi1|301472|eu2.Lbscf0001g09210_2-126_1AWC:B:	0	0	0	10	0	18	2	16	0	153
jgi|Lacbi1|301527|eu2.Lbscf0001g09760_33-300_1IQP:A:2-232	0	7	4	13	0	20	11	14	0	231
jgi|Lacbi1|301527|eu2.Lbscf0001g09760_681-832_1W3B:A:	0	0	0	23	0	35	6	26	0	388
jgi|Lacbi1|301527|eu2.Lbscf0001g09760_806-913_1W3B:A:	0	0	0	23	0	35	6	26	0	388
jgi|Lacbi1|301527|eu2.Lbscf0001g09760_480-586_1W3B:A:	0	0	0	23	0	35	6	26	0	388
jgi|Lacbi1|301527|eu2.Lbscf0001g09760_554-671_1W3B:A:	0	0	0	23	0	35	6	26	0	388
jgi|Lacbi1|301611|eu2.Lbscf0001g10600_27-162_1KSH:A:	0	6	4	5	0	17	8	14	0	165
jgi|Lacbi1|301630|eu2.Lbscf0001g10790_46-280_1LGY:A:	6	13	4	6	0	26	14	17	0	265
jgi|Lacbi1|301658|eu2.Lbscf0001g11070_39-132_2GF0:A:4-176	2	7	2	6	0	19	11	8	0	173
jgi|Lacbi1|301706|eu2.Lbscf0001g11550_16-144,202-231,261-388,416-474,554-579_2NCD:A:	2	16	5	10	0	34	17	20	0	368
jgi|Lacbi1|301781|eu2.Lbscf0001g12300_97-161_1SFC:H:	0	0	0	1	0	3	2	0	0	86
jgi|Lacbi1|302075|eu2.Lbscf0206g00040_1-81,108-140,197-253,291-337_1W36:D:361-606	4	4	2	9	0	19	18	13	0	246
jgi|Lacbi1|302097|eu2.Lbscf0020g00120_203-211,243-496_1TF7:A:14-255	0	11	1	7	0	23	21	15	0	242
jgi|Lacbi1|302118|eu2.Lbscf0020g00330_250-389_1UOH:A:	0	0	1	14	0	27	7	20	0	223
jgi|Lacbi1|302131|eu2.Lbscf0020g00460_9-130_1WDY:A:	2	0	0	17	0	35	10	27	0	285
jgi|Lacbi1|302132|eu2.Lbscf0020g00470_604-748_1UOH:A:	0	0	1	14	0	27	7	20	0	223
jgi|Lacbi1|302132|eu2.Lbscf0020g00470_166-419_1TF7:A:14-255	0	11	1	7	0	23	21	15	0	242
jgi|Lacbi1|302252|eu2.Lbscf0020g01670_63-322_1SXJ:D:26-262	0	5	2	13	0	21	15	15	0	237
jgi|Lacbi1|302252|eu2.Lbscf0020g01670_879-1032_1W3B:A:	0	0	0	23	0	35	6	26	0	388
jgi|Lacbi1|302252|eu2.Lbscf0020g01670_712-865_1W3B:A:	0	0	0	23	0	35	6	26	0	388
jgi|Lacbi1|302252|eu2.Lbscf0020g01670_588-737_1ELR:A:	0	0	0	7	0	9	1	5	0	128
jgi|Lacbi1|302252|eu2.Lbscf0020g01670_1090-1209_1W3B:A:	0	0	0	23	0	35	6	26	0	388
jgi|Lacbi1|302252|eu2.Lbscf0020g01670_499-611_1W3B:A:	0	0	0	23	0	35	6	26	0	388
jgi|Lacbi1|302252|eu2.Lbscf0020g01670_1189-1321_1ELR:A:	0	0	0	7	0	9	1	5	0	128
jgi|Lacbi1|302325|eu2.Lbscf0020g02400_6-116_1UWH:A:	2	8	4	8	0	28	15	13	0	276
jgi|Lacbi1|302430|eu2.Lbscf0021g00350_56-107,145-174_1IYG:A:	0	0	0	7	0	9	9	3	0	132
jgi|Lacbi1|302436|eu2.Lbscf0021g00410_69-308_1E32:A:201-458	3	5	4	12	0	28	13	14	0	258
jgi|Lacbi1|302592|eu2.Lbscf0021g01970_66-281_1HTW:A:	0	7	1	5	0	15	12	10	0	158
jgi|Lacbi1|302605|eu2.Lbscf0021g02100_305-479_1KHT:A:	0	7	1	7	0	17	10	7	0	190
jgi|Lacbi1|302724|eu2.Lbscf0022g00140_8-108_1W36:D:2-360	6	9	4	14	0	32	29	25	0	359
jgi|Lacbi1|302820|eu2.Lbscf0022g01100_51-107_2DIP:A:8-92	0	4	1	1	0	13	11	1	0	85
jgi|Lacbi1|302821|eu2.Lbscf0022g01110_45-179_1W6K:A:100-378	4	2	8	11	0	24	18	18	0	279
jgi|Lacbi1|302821|eu2.Lbscf0022g01110_174-297_1W6K:A:6-99,A:379-732	11	4	6	14	0	49	27	27	1	448
jgi|Lacbi1|302825|eu2.Lbscf0022g01150_50-108_2DO3:A:462-523	0	5	0	0	0	9	7	3	0	62
jgi|Lacbi1|302825|eu2.Lbscf0022g01150_7-48_2DO3:A:462-523	0	5	0	0	0	9	7	3	0	62
jgi|Lacbi1|302922|eu2.Lbscf0022g02120_49-424_1PKX:A:201-592	5	15	2	13	0	36	25	22	0	392
jgi|Lacbi1|302983|eu2.Lbscf0022g02730_25-162_2BW3:A:163-609	0	5	7	21	0	33	14	25	0	447
jgi|Lacbi1|303015|eu2.Lbscf0238g00040_30-220_1RZ0:A:	4	11	0	3	0	15	3	10	0	153
jgi|Lacbi1|303168|eu2.Lbscf0023g01520_31-290_2BW3:A:163-609	0	5	7	21	0	33	14	25	0	447
jgi|Lacbi1|303287|eu2.Lbscf0023g02710_41-103_1G6Z:A:	0	3	1	1	0	12	8	3	0	69
jgi|Lacbi1|303387|eu2.Lbscf0240g00040_223-269,296-379_1E9R:A:	4	15	5	17	0	45	21	21	0	433
jgi|Lacbi1|303420|eu2.Lbscf0249g00020_22-106,138-157_1QHH:A:,B:,C:,D:	6	16	12	26	0	53	23	34	3	623
jgi|Lacbi1|303477|eu2.Lbscf0024g00580_2-125_1KT1:A:254-421	0	0	1	7	0	12	3	7	0	168
jgi|Lacbi1|303486|eu2.Lbscf0024g00670_20-276_1QVR:A:536-850	5	9	4	14	0	30	21	15	0	315
jgi|Lacbi1|303610|eu2.Lbscf0024g01910_58-311_2FG5:A:3-167	2	6	2	5	0	16	8	10	0	165
jgi|Lacbi1|303611|eu2.Lbscf0024g01920_18-163_1W3B:A:	0	0	0	23	0	35	6	26	0	388
jgi|Lacbi1|303611|eu2.Lbscf0024g01920_221-372_1W3B:A:	0	0	0	23	0	35	6	26	0	388
jgi|Lacbi1|303655|eu2.Lbscf0254g00030_19-218_1OYW:A:1-206	0	7	2	10	0	22	14	12	0	206
jgi|Lacbi1|303655|eu2.Lbscf0254g00030_159-336_1OYW:A:1-206	0	7	2	10	0	22	14	12	0	206
jgi|Lacbi1|303665|eu2.Lbscf0259g00020_147-260_1MVE:A:	5	17	3	1	0	29	16	13	0	243
jgi|Lacbi1|303774|eu2.Lbscf0025g01090_5-46_1FE0:A:	0	4	0	2	0	6	4	2	0	66
jgi|Lacbi1|303800|eu2.Lbscf0025g01350_90-318_2BTF:A:147-375	0	9	5	10	0	22	20	16	0	229
jgi|Lacbi1|303800|eu2.Lbscf0025g01350_8-97_1YAG:A:4-146	0	10	2	4	0	16	11	9	0	143
jgi|Lacbi1|303807|eu2.Lbscf0025g01420_57-271_1OUV:A:	0	0	0	15	0	18	7	15	0	272
jgi|Lacbi1|303807|eu2.Lbscf0025g01420_236-349_1W3B:A:	0	0	0	23	0	35	6	26	0	388
jgi|Lacbi1|303926|eu2.Lbscf0025g02610_250-309_2DO3:A:462-523	0	5	0	0	0	9	7	3	0	62
jgi|Lacbi1|304004|eu2.Lbscf0026g00390_97-233_1RLG:A:	0	4	1	5	0	10	10	5	0	113
jgi|Lacbi1|304055|eu2.Lbscf0026g00900_40-367_1OYW:A:1-206	0	7	2	10	0	22	14	12	0	206
jgi|Lacbi1|304149|eu2.Lbscf0026g01840_180-284_1TCW:A:	0	9	0	1	0	16	7	4	0	99
jgi|Lacbi1|304194|eu2.Lbscf0026g02290_14-299_1GOT:B:	1	28	0	2	0	36	22	23	0	339
jgi|Lacbi1|304200|eu2.Lbscf0272g00010_144-307_1IO0:A:	0	5	1	6	0	22	8	6	0	166
jgi|Lacbi1|304217|eu2.Lbscf0278g00010_27-133_1K2W:A:	2	7	4	9	0	21	11	17	0	256
jgi|Lacbi1|304219|eu2.Lbscf0279g00010_73-257_2I3B:A:1-189	0	10	1	5	0	20	14	8	0	189
jgi|Lacbi1|304280|eu2.Lbscf0027g00600_71-158,198-261_1U0J:A:	1	10	2	10	0	31	18	15	0	266
jgi|Lacbi1|304364|eu2.Lbscf0027g01440_91-279_2FWR:A:23-256	3	12	5	9	0	19	16	14	0	234
jgi|Lacbi1|304368|eu2.Lbscf0027g01480_16-177_1EFC:A:8-204	0	8	1	7	0	20	12	8	0	197
jgi|Lacbi1|304445|eu2.Lbscf0288g00010_47-106_1EZF:A:	0	0	3	18	0	19	14	22	0	333
jgi|Lacbi1|304452|eu2.Lbscf0028g00010_16-247_2R8B:A:44-246	2	9	2	5	0	21	16	11	0	203
jgi|Lacbi1|304660|eu2.Lbscf0028g02090_1-60_1W36:D:361-606	4	4	2	9	0	19	18	13	0	246
jgi|Lacbi1|304845|eu2.Lbscf0029g01290_122-227_1XFD:A:127-591	9	30	2	3	0	57	36	22	0	465
jgi|Lacbi1|304903|eu2.Lbscf0029g01870_3-143_1ELR:A:	0	0	0	7	0	9	1	5	0	128
jgi|Lacbi1|304903|eu2.Lbscf0029g01870_119-261_1W3B:A:	0	0	0	23	0	35	6	26	0	388
jgi|Lacbi1|304931|eu2.Lbscf0029g02150_30-191_1UL1:X:2-217	0	7	1	7	0	19	10	10	0	216
jgi|Lacbi1|304931|eu2.Lbscf0029g02150_176-219,262-286_1A77:A:209-316	0	0	0	6	0	9	3	6	0	108
jgi|Lacbi1|304939|eu2.Lbscf0029g02230_49-230_1ODF:A:	2	10	3	9	0	28	17	16	0	286
jgi|Lacbi1|304977|eu2.Lbscf0002g00350_765-802_1JM7:A:	2	0	1	3	0	11	9	5	0	103
jgi|Lacbi1|304978|eu2.Lbscf0002g00360_813-861_1WD2:A:	0	0	2	0	0	10	10	2	0	59
jgi|Lacbi1|304978|eu2.Lbscf0002g00360_1166-1211_1WD2:A:	0	0	2	0	0	10	10	2	0	59
jgi|Lacbi1|304978|eu2.Lbscf0002g00360_1019-1096_1CHC:A:	0	3	0	1	0	9	8	3	0	68
jgi|Lacbi1|304978|eu2.Lbscf0002g00360_670-748_1CHC:A:	0	3	0	1	0	9	8	3	0	68
jgi|Lacbi1|304978|eu2.Lbscf0002g00360_755-804_2CT7:A:8-80	1	4	0	1	0	15	9	2	0	73
jgi|Lacbi1|304978|eu2.Lbscf0002g00360_1103-1154_2CT7:A:8-80	1	4	0	1	0	15	9	2	0	73
jgi|Lacbi1|304979|eu2.Lbscf0002g00370_1-175_3C96:A:4-182,A:294-402	1	13	1	8	0	26	14	13	1	288
jgi|Lacbi1|304981|eu2.Lbscf0002g00390_181-215_1FBV:A:356-434	2	2	0	2	0	11	6	5	0	79
jgi|Lacbi1|305005|eu2.Lbscf0002g00630_683-776_4FIV:A:	0	7	1	1	0	16	6	6	0	113
jgi|Lacbi1|305006|eu2.Lbscf0002g00640_102-193_1MU2:A:3-429	15	20	3	9	0	47	24	17	0	427
jgi|Lacbi1|305103|eu2.Lbscf0002g01610_69-157,195-298_1ODF:A:	2	10	3	9	0	28	17	16	0	286
jgi|Lacbi1|305123|eu2.Lbscf0002g01810_18-154_2BW3:A:163-609	0	5	7	21	0	33	14	25	0	447
jgi|Lacbi1|305193|eu2.Lbscf0002g02510_158-236_1RW3:A:	14	14	5	11	0	57	32	26	0	454
jgi|Lacbi1|305197|eu2.Lbscf0002g02550_260-424_4CRX:A:130-341	2	5	3	9	0	25	15	9	0	212
jgi|Lacbi1|305257|eu2.Lbscf0002g03150_67-276_1UM8:A:	0	10	5	15	0	31	13	21	0	364
jgi|Lacbi1|305650|eu2.Lbscf0002g07080_360-403_1ZP6:A:6-181	0	5	1	7	0	20	9	15	0	176
jgi|Lacbi1|305725|eu2.Lbscf0002g07830_137-264,291-500_1ERJ:A:	2	30	1	1	0	43	24	22	0	388
jgi|Lacbi1|306235|eu2.Lbscf0002g12930_4-208_2BW3:A:163-609	0	5	7	21	0	33	14	25	0	447
jgi|Lacbi1|306245|eu2.Lbscf0002g13030_824-1070_1OZ4:A:471-763	2	0	3	7	0	31	24	19	0	292
jgi|Lacbi1|306245|eu2.Lbscf0002g13030_572-817_1E32:A:201-458	3	5	4	12	0	28	13	14	0	258
jgi|Lacbi1|306258|eu2.Lbscf0307g00020_160-399_1QF9:A:	0	5	0	9	0	14	7	13	0	194
jgi|Lacbi1|306292|eu2.Lbscf0030g00300_2-103_1VYH:C:92-408	0	28	1	0	0	39	25	14	0	317
jgi|Lacbi1|306358|eu2.Lbscf0030g00960_97-137,180-263_1E32:A:201-458	3	5	4	12	0	28	13	14	0	258
jgi|Lacbi1|306478|eu2.Lbscf0310g00020_16-199_1VRT:A:4-429	9	19	4	9	0	48	27	19	0	426
jgi|Lacbi1|313691|eu2.Lbscf0005g02800_16-199_1VRT:A:4-429	9	19	4	9	0	48	27	19	0	426
jgi|Lacbi1|306504|eu2.Lbscf0031g00060_2-181_1A77:A:2-208	4	7	3	6	0	25	18	11	0	207
jgi|Lacbi1|306526|eu2.Lbscf0031g00280_26-141_2BW3:A:163-609	0	5	7	21	0	33	14	25	0	447
jgi|Lacbi1|306588|eu2.Lbscf0031g00900_66-296_1XEW:X:,Y:	2	15	2	9	0	30	20	14	1	329
jgi|Lacbi1|306599|eu2.Lbscf0031g01010_504-789_1VYH:C:92-408	0	28	1	0	0	39	25	14	0	317
jgi|Lacbi1|306599|eu2.Lbscf0031g01010_3-239_1ZP6:A:6-181	0	5	1	7	0	20	9	15	0	176
jgi|Lacbi1|306676|eu2.Lbscf0031g01780_123-322_1W3B:A:	0	0	0	23	0	35	6	26	0	388
jgi|Lacbi1|306676|eu2.Lbscf0031g01780_2-196_1W3B:A:	0	0	0	23	0	35	6	26	0	388
jgi|Lacbi1|306676|eu2.Lbscf0031g01780_328-437_1W3B:A:	0	0	0	23	0	35	6	26	0	388
jgi|Lacbi1|306677|eu2.Lbscf0031g01790_46-165_2BW3:A:163-609	0	5	7	21	0	33	14	25	0	447
jgi|Lacbi1|306688|eu2.Lbscf0031g01900_27-286_1JR3:A:3-242	2	5	2	11	0	27	23	12	0	240
jgi|Lacbi1|306688|eu2.Lbscf0031g01900_660-781_1W3B:A:	0	0	0	23	0	35	6	26	0	388
jgi|Lacbi1|306688|eu2.Lbscf0031g01900_496-845_1W3B:A:	0	0	0	23	0	35	6	26	0	388
jgi|Lacbi1|306726|eu2.Lbscf0328g00010_3-109_1W3B:A:	0	0	0	23	0	35	6	26	0	388
jgi|Lacbi1|306726|eu2.Lbscf0328g00010_74-195_1W3B:A:	0	0	0	23	0	35	6	26	0	388
jgi|Lacbi1|306887|eu2.Lbscf0032g01590_68-360_1SXJ:C:12-238	3	5	3	12	0	22	13	12	0	227
jgi|Lacbi1|306897|eu2.Lbscf0032g01690_69-361_1SXJ:C:12-238	3	5	3	12	0	22	13	12	0	227
jgi|Lacbi1|306912|eu2.Lbscf0032g01840_75-415_2BW3:A:163-609	0	5	7	21	0	33	14	25	0	447
jgi|Lacbi1|306940|eu2.Lbscf0337g00030_2-46_1ERJ:A:	2	30	1	1	0	43	24	22	0	388
jgi|Lacbi1|306993|eu2.Lbscf0033g00480_43-371_1OYW:A:1-206	0	7	2	10	0	22	14	12	0	206
jgi|Lacbi1|307026|eu2.Lbscf0033g00810_19-285_2G6B:A:58-227	0	6	1	5	0	16	10	9	0	170
jgi|Lacbi1|307027|eu2.Lbscf0033g00820_115-265_1W3B:A:	0	0	0	23	0	35	6	26	0	388
jgi|Lacbi1|307027|eu2.Lbscf0033g00820_2-140_1KT1:A:254-421	0	0	1	7	0	12	3	7	0	168
jgi|Lacbi1|307027|eu2.Lbscf0033g00820_241-378_1W3B:A:	0	0	0	23	0	35	6	26	0	388
jgi|Lacbi1|307072|eu2.Lbscf0033g01270_19-145_1SXJ:C:12-238	3	5	3	12	0	22	13	12	0	227
jgi|Lacbi1|307175|eu2.Lbscf0034g00400_25-136_1AWC:B:	0	0	0	10	0	18	2	16	0	153
jgi|Lacbi1|307214|eu2.Lbscf0034g00790_88-141_2DO3:A:462-523	0	5	0	0	0	9	7	3	0	62
jgi|Lacbi1|307321|eu2.Lbscf0034g01860_31-174_2E9X:D:21-165	0	0	2	6	0	10	5	5	0	145
jgi|Lacbi1|307429|eu2.Lbscf0035g00880_270-476,526-597_1P22:A:253-545	0	28	0	1	0	35	23	13	0	293
jgi|Lacbi1|307429|eu2.Lbscf0035g00880_62-132_1NEX:B:270-369	0	0	0	7	0	9	5	6	0	100
jgi|Lacbi1|307442|eu2.Lbscf0035g01010_8-107_1U78:A:55-104	0	0	0	3	0	6	2	2	0	50
jgi|Lacbi1|307445|eu2.Lbscf0035g01040_17-71,134-181_1E32:A:201-458	3	5	4	12	0	28	13	14	0	258
jgi|Lacbi1|307479|eu2.Lbscf0035g01380_69-289_2FWR:A:23-256	3	12	5	9	0	19	16	14	0	234
jgi|Lacbi1|307515|eu2.Lbscf0035g01740_775-933_2HBJ:A:129-420	0	8	5	10	0	33	22	11	0	292
jgi|Lacbi1|307519|eu2.Lbscf0035g01780_1-60_1W36:D:361-606	4	4	2	9	0	19	18	13	0	246
jgi|Lacbi1|307532|eu2.Lbscf0035g01910_10-67_1G6Z:A:	0	3	1	1	0	12	8	3	0	69
jgi|Lacbi1|307669|eu2.Lbscf0036g01170_11-82_1ELR:A:	0	0	0	7	0	9	1	5	0	128
jgi|Lacbi1|307698|eu2.Lbscf0036g01460_135-264_1W3B:A:	0	0	0	23	0	35	6	26	0	388
jgi|Lacbi1|307698|eu2.Lbscf0036g01460_7-131_1W3B:A:	0	0	0	23	0	35	6	26	0	388
jgi|Lacbi1|307698|eu2.Lbscf0036g01460_218-348_1ELR:A:	0	0	0	7	0	9	1	5	0	128
jgi|Lacbi1|307698|eu2.Lbscf0036g01460_325-424_1ELR:A:	0	0	0	7	0	9	1	5	0	128
jgi|Lacbi1|307739|eu2.Lbscf0036g01870_351-380,429-515_1Z63:A:432-661	0	7	2	11	0	24	16	18	0	230
jgi|Lacbi1|308086|eu2.Lbscf0038g01680_8-308_2BW3:A:163-609	0	5	7	21	0	33	14	25	0	447
jgi|Lacbi1|308089|eu2.Lbscf0038g01710_222-281_2DO3:A:462-523	0	5	0	0	0	9	7	3	0	62
jgi|Lacbi1|308089|eu2.Lbscf0038g01710_158-225_1NZ9:A:	0	5	2	0	0	7	3	3	0	58
jgi|Lacbi1|308372|eu2.Lbscf0003g00110_58-248_1U0J:A:	1	10	2	10	0	31	18	15	0	266
jgi|Lacbi1|308384|eu2.Lbscf0003g00230_7-180_2BW3:A:163-609	0	5	7	21	0	33	14	25	0	447
jgi|Lacbi1|308462|eu2.Lbscf0003g01010_112-165_2BW3:A:79-162	2	0	1	4	0	8	3	1	0	84
jgi|Lacbi1|308531|eu2.Lbscf0003g01700_9-278_2BW3:A:163-609	0	5	7	21	0	33	14	25	0	447
jgi|Lacbi1|308536|eu2.Lbscf0003g01750_618-1020_1VRT:A:4-429	9	19	4	9	0	48	27	19	0	426
jgi|Lacbi1|308629|eu2.Lbscf0003g02680_246-474_1QF9:A:	0	5	0	9	0	14	7	13	0	194
jgi|Lacbi1|308668|eu2.Lbscf0003g03070_213-294_2QLV:B:161-247	1	9	1	0	0	14	7	4	0	87
jgi|Lacbi1|308700|eu2.Lbscf0003g03390_584-805_3TGL:A:	6	13	5	5	0	24	18	15	0	265
jgi|Lacbi1|308700|eu2.Lbscf0003g03390_10-113_1ABR:B:141-267	1	13	6	0	0	19	4	8	0	127
jgi|Lacbi1|308822|eu2.Lbscf0003g04610_50-108_2DO3:A:462-523	0	5	0	0	0	9	7	3	0	62
jgi|Lacbi1|309250|eu2.Lbscf0003g08890_17-350_2OOE:A:21-549	2	0	2	28	0	36	16	28	0	529
jgi|Lacbi1|309459|eu2.Lbscf0040g00850_375-427_2DO3:A:462-523	0	5	0	0	0	9	7	3	0	62
jgi|Lacbi1|309758|eu2.Lbscf0041g01680_4-86_2BW3:A:163-609	0	5	7	21	0	33	14	25	0	447
jgi|Lacbi1|309775|eu2.Lbscf0041g01850_16-93_1R0W:A:	0	11	2	12	1	27	19	16	0	281
jgi|Lacbi1|309778|eu2.Lbscf0041g01880_545-693_1W3B:A:	0	0	0	23	0	35	6	26	0	388
jgi|Lacbi1|309778|eu2.Lbscf0041g01880_755-902_1W3B:A:	0	0	0	23	0	35	6	26	0	388
jgi|Lacbi1|309778|eu2.Lbscf0041g01880_1-211_2G6B:A:58-227	0	6	1	5	0	16	10	9	0	170
jgi|Lacbi1|309778|eu2.Lbscf0041g01880_382-524_1W3B:A:	0	0	0	23	0	35	6	26	0	388
jgi|Lacbi1|309786|eu2.Lbscf0423g00030_33-132_1LLQ:A:2-295	3	5	4	14	0	31	21	15	0	294
jgi|Lacbi1|309957|eu2.Lbscf0437g00010_3-210_1HS6:A:1-208	2	15	4	0	0	20	10	12	0	208
jgi|Lacbi1|309976|eu2.Lbscf0043g00140_670-763_4FIV:A:	0	7	1	1	0	16	6	6	0	113
jgi|Lacbi1|310006|eu2.Lbscf0043g00440_155-255_2RSP:A:	1	11	0	1	0	21	11	5	0	124
jgi|Lacbi1|310034|eu2.Lbscf0043g00720_325-522_1X6V:A:34-228	0	5	0	6	0	15	9	6	0	195
jgi|Lacbi1|310064|eu2.Lbscf0043g01020_67-274_1HTW:A:	0	7	1	5	0	15	12	10	0	158
jgi|Lacbi1|310072|eu2.Lbscf0043g01100_60-155,192-278_1KNQ:A:	0	5	1	7	0	16	7	10	0	171
jgi|Lacbi1|310083|eu2.Lbscf0043g01210_67-155,192-279_1HTW:A:	0	7	1	5	0	15	12	10	0	158
jgi|Lacbi1|310100|eu2.Lbscf0043g01380_60-241_1HTW:A:	0	7	1	5	0	15	12	10	0	158
jgi|Lacbi1|310123|eu2.Lbscf0044g00010_58-270_1E32:A:201-458	3	5	4	12	0	28	13	14	0	258
jgi|Lacbi1|310330|eu2.Lbscf0045g00490_29-125_1EZF:A:	0	0	3	18	0	19	14	22	0	333
jgi|Lacbi1|310337|eu2.Lbscf0045g00560_641-1032_1MU2:A:3-429	15	20	3	9	0	47	24	17	0	427
jgi|Lacbi1|310396|eu2.Lbscf0045g01150_1-258_1U7G:A:	2	2	6	15	0	21	14	16	0	383
jgi|Lacbi1|310414|eu2.Lbscf0461g00020_2-199_1VRT:A:4-429	9	19	4	9	0	48	27	19	0	426
jgi|Lacbi1|313686|eu2.Lbscf0005g02750_2-199_1VRT:A:4-429	9	19	4	9	0	48	27	19	0	426
jgi|Lacbi1|310425|eu2.Lbscf0046g00040_3-119_1K3I:A:151-537	9	30	6	0	0	59	29	25	0	387
jgi|Lacbi1|310622|eu2.Lbscf0047g00500_151-327_1GYC:A:131-300	5	11	3	0	0	25	17	11	0	170
jgi|Lacbi1|310622|eu2.Lbscf0047g00500_315-471_1V10:A:305-494	3	12	3	5	0	28	18	8	0	190
jgi|Lacbi1|310622|eu2.Lbscf0047g00500_44-149_1KYA:A:1-130	7	8	2	0	0	20	7	9	0	130
jgi|Lacbi1|310834|eu2.Lbscf0048g00660_42-371_1OYW:A:207-406	1	6	0	8	0	23	16	13	0	200
jgi|Lacbi1|310955|eu2.Lbscf0049g00150_50-109_2DO3:A:462-523	0	5	0	0	0	9	7	3	0	62
jgi|Lacbi1|311001|eu2.Lbscf0049g00610_128-328_1WF3:A:3-180	1	6	2	5	0	17	15	11	0	178
jgi|Lacbi1|311004|eu2.Lbscf0049g00640_27-181_1FZQ:A:	0	7	4	6	0	19	9	13	0	176
jgi|Lacbi1|311038|eu2.Lbscf0049g00980_137-151,183-375_1X6V:A:34-228	0	5	0	6	0	15	9	6	0	195
jgi|Lacbi1|311056|eu2.Lbscf0004g00120_2-110_1W3B:A:	0	0	0	23	0	35	6	26	0	388
jgi|Lacbi1|311056|eu2.Lbscf0004g00120_118-262_1ELW:A:	0	0	0	7	0	11	0	7	0	117
jgi|Lacbi1|311059|eu2.Lbscf0004g00150_148-242_4FIV:A:	0	7	1	1	0	16	6	6	0	113
jgi|Lacbi1|311071|eu2.Lbscf0004g00270_5-98_1TX4:A:	0	0	4	12	0	17	9	13	0	196
jgi|Lacbi1|311075|eu2.Lbscf0004g00310_46-306_2FG5:A:3-167	2	6	2	5	0	16	8	10	0	165
jgi|Lacbi1|311102|eu2.Lbscf0004g00580_711-804_4FIV:A:	0	7	1	1	0	16	6	6	0	113
jgi|Lacbi1|311163|eu2.Lbscf0004g01190_706-851_1UOH:A:	0	0	1	14	0	27	7	20	0	223
jgi|Lacbi1|311163|eu2.Lbscf0004g01190_252-503_1ODF:A:	2	10	3	9	0	28	17	16	0	286
jgi|Lacbi1|311174|eu2.Lbscf0004g01300_62-120_1Q3T:A:	0	8	1	8	0	21	13	9	0	223
jgi|Lacbi1|311307|eu2.Lbscf0004g02630_305-396_4FIV:A:	0	7	1	1	0	16	6	6	0	113
jgi|Lacbi1|311360|eu2.Lbscf0004g03160_8-81_1W36:D:361-606	4	4	2	9	0	19	18	13	0	246
jgi|Lacbi1|311466|eu2.Lbscf0004g04220_20-166_1T1E:A:12-190	2	11	1	4	0	23	7	12	0	179
jgi|Lacbi1|311466|eu2.Lbscf0004g04220_266-301,329-435_1GCI:A:	9	9	0	9	0	38	20	19	0	269
jgi|Lacbi1|311696|eu2.Lbscf0004g06520_370-696_1ERJ:A:	2	30	1	1	0	43	24	22	0	388
jgi|Lacbi1|311696|eu2.Lbscf0004g06520_53-280,408-513_2OVR:B:2365-2706	0	32	2	1	0	36	24	21	0	342
jgi|Lacbi1|311830|eu2.Lbscf0004g07860_41-241,271-307,418-481_2OVR:B:2365-2706	0	32	2	1	0	36	24	21	0	342
jgi|Lacbi1|311892|eu2.Lbscf0004g08480_412-469_2DO3:A:462-523	0	5	0	0	0	9	7	3	0	62
jgi|Lacbi1|311961|eu2.Lbscf0004g09170_5-210_1I5E:A:	1	15	2	6	0	26	11	8	0	208
jgi|Lacbi1|311982|eu2.Lbscf0004g09380_102-366_1P22:A:253-545	0	28	0	1	0	35	23	13	0	293
jgi|Lacbi1|312037|eu2.Lbscf0004g09930_420-462,490-539,568-601_1CMZ:A:	0	0	1	9	0	10	8	9	0	128
jgi|Lacbi1|312037|eu2.Lbscf0004g09930_227-351_2CSO:A:8-122	0	5	0	4	0	11	10	5	0	114
jgi|Lacbi1|312037|eu2.Lbscf0004g09930_55-159_1T98:A:8-118	1	3	0	5	0	10	5	5	0	111
jgi|Lacbi1|312061|eu2.Lbscf0004g10170_1169-1412_1MT0:A:	2	10	3	10	0	20	20	20	0	241
jgi|Lacbi1|312061|eu2.Lbscf0004g10170_860-1162_3B60:A:10-328	0	0	1	11	0	6	9	9	0	319
jgi|Lacbi1|312061|eu2.Lbscf0004g10170_596-769_1R0W:A:	0	11	2	12	1	27	19	16	0	281
jgi|Lacbi1|312061|eu2.Lbscf0004g10170_161-261,324-530_2HYD:A:1-323	0	0	1	15	1	9	5	12	0	323
jgi|Lacbi1|312179|eu2.Lbscf0050g00470_152-211_2DO3:A:462-523	0	5	0	0	0	9	7	3	0	62
jgi|Lacbi1|312179|eu2.Lbscf0050g00470_92-155_1NZ9:A:	0	5	2	0	0	7	3	3	0	58
jgi|Lacbi1|312220|eu2.Lbscf0050g00880_4-167_2D2S:A:525-753	0	0	2	9	0	10	3	9	0	229
jgi|Lacbi1|312246|eu2.Lbscf0050g01140_9-58_2BME:A:6-179	0	6	2	6	0	15	11	11	0	176
jgi|Lacbi1|312294|eu2.Lbscf0051g00130_180-224,272-405_2BME:A:6-179	0	6	2	6	0	15	11	11	0	176
jgi|Lacbi1|312370|eu2.Lbscf0051g00890_36-296_1IQP:A:2-232	0	7	4	13	0	20	11	14	0	231
jgi|Lacbi1|312370|eu2.Lbscf0051g00890_671-822_1W3B:A:	0	0	0	23	0	35	6	26	0	388
jgi|Lacbi1|312370|eu2.Lbscf0051g00890_839-953_1W3B:A:	0	0	0	23	0	35	6	26	0	388
jgi|Lacbi1|312370|eu2.Lbscf0051g00890_470-612_1W3B:A:	0	0	0	23	0	35	6	26	0	388
jgi|Lacbi1|312381|eu2.Lbscf0051g01000_35-295_2G6B:A:58-227	0	6	1	5	0	16	10	9	0	170
jgi|Lacbi1|312381|eu2.Lbscf0051g01000_629-745_1W3B:A:	0	0	0	23	0	35	6	26	0	388
jgi|Lacbi1|312381|eu2.Lbscf0051g01000_509-657_1W3B:A:	0	0	0	23	0	35	6	26	0	388
jgi|Lacbi1|312530|eu2.Lbscf0530g00010_8-292_2BW3:A:163-609	0	5	7	21	0	33	14	25	0	447
jgi|Lacbi1|312618|eu2.Lbscf0053g00780_10-327_2BW3:A:163-609	0	5	7	21	0	33	14	25	0	447
jgi|Lacbi1|312824|eu2.Lbscf0055g00190_42-377_1OYW:A:1-206	0	7	2	10	0	22	14	12	0	206
jgi|Lacbi1|312846|eu2.Lbscf0055g00410_32-119_2BW3:A:163-609	0	5	7	21	0	33	14	25	0	447
jgi|Lacbi1|312961|eu2.Lbscf0056g00230_9-90_1E6F:A:	7	10	2	0	0	16	8	7	0	134
jgi|Lacbi1|313123|eu2.Lbscf0057g00710_108-528_1MU2:A:3-429	15	20	3	9	0	47	24	17	0	427
jgi|Lacbi1|313147|eu2.Lbscf0057g00950_15-137_2OVR:B:2365-2706	0	32	2	1	0	36	24	21	0	342
jgi|Lacbi1|313193|eu2.Lbscf0057g01410_65-310_1X6V:A:34-228	0	5	0	6	0	15	9	6	0	195
jgi|Lacbi1|313194|eu2.Lbscf0057g01420_10-162_1RFL:A:	0	4	1	5	0	22	18	7	0	171
jgi|Lacbi1|313262|eu2.Lbscf0058g00540_165-330_1XZP:A:212-371	1	6	1	6	0	15	10	10	0	160
jgi|Lacbi1|313288|eu2.Lbscf0058g00800_4-226_1GV9:A:	4	18	1	1	0	32	17	8	0	228
jgi|Lacbi1|313365|eu2.Lbscf0059g00500_695-768_1X49:A:8-92	0	3	0	2	0	7	6	3	0	84
jgi|Lacbi1|313365|eu2.Lbscf0059g00500_84-143,286-429_1E32:A:201-458	3	5	4	12	0	28	13	14	0	258
jgi|Lacbi1|313409|eu2.Lbscf0059g00940_49-293_1MU2:A:3-429	15	20	3	9	0	47	24	17	0	427
jgi|Lacbi1|313439|eu2.Lbscf0005g00280_4-165_1UL1:X:2-217	0	7	1	7	0	19	10	10	0	216
jgi|Lacbi1|313439|eu2.Lbscf0005g00280_152-193,230-296_1BGX:T:174-289	0	0	3	2	0	12	13	7	0	116
jgi|Lacbi1|313476|eu2.Lbscf0005g00650_154-190_1DSQ:A:	2	0	0	0	0	5	1	2	0	21
jgi|Lacbi1|313482|eu2.Lbscf0005g00710_238-289_2DO3:A:462-523	0	5	0	0	0	9	7	3	0	62
jgi|Lacbi1|313482|eu2.Lbscf0005g00710_195-240_1NZ9:A:	0	5	2	0	0	7	3	3	0	58
jgi|Lacbi1|313912|eu2.Lbscf0005g05010_5-308_1ERJ:A:	2	30	1	1	0	43	24	22	0	388
jgi|Lacbi1|313926|eu2.Lbscf0005g05150_755-915_1KFS:A:324-518	0	6	2	7	0	16	14	9	0	195
jgi|Lacbi1|314011|eu2.Lbscf0005g06000_2-207_1RXW:A:3-219	4	7	3	8	0	21	9	11	0	217
jgi|Lacbi1|314146|eu2.Lbscf0005g07350_430-474_2DO3:A:462-523	0	5	0	0	0	9	7	3	0	62
jgi|Lacbi1|314152|eu2.Lbscf0005g07410_65-114,170-317_2ONK:A:1-240	2	9	2	9	0	23	17	15	0	240
jgi|Lacbi1|314175|eu2.Lbscf0005g07640_62-274_1OZ4:A:471-763	2	0	3	7	0	31	24	19	0	292
jgi|Lacbi1|314180|eu2.Lbscf0005g07690_39-226_1GKY:A:	1	9	1	7	0	19	8	10	0	186
jgi|Lacbi1|314237|eu2.Lbscf0005g08260_890-1019,1063-1251_1FLG:A:	8	40	6	3	0	86	43	41	0	582
jgi|Lacbi1|314237|eu2.Lbscf0005g08260_763-929_1K32:A:320-679	4	31	5	1	0	46	27	17	0	360
jgi|Lacbi1|314237|eu2.Lbscf0005g08260_264-435_1QF9:A:	0	5	0	9	0	14	7	13	0	194
jgi|Lacbi1|314273|eu2.Lbscf0005g08620_247-305_2DO3:A:462-523	0	5	0	0	0	9	7	3	0	62
jgi|Lacbi1|314370|eu2.Lbscf0060g00670_90-129,189-305_1VNS:A:	18	8	7	16	0	68	39	32	0	574
jgi|Lacbi1|314400|eu2.Lbscf0060g00970_187-401_1W3B:A:	0	0	0	23	0	35	6	26	0	388
jgi|Lacbi1|314400|eu2.Lbscf0060g00970_90-199_1W3B:A:	0	0	0	23	0	35	6	26	0	388
jgi|Lacbi1|314418|eu2.Lbscf0619g00010_118-239_1W3B:A:	0	0	0	23	0	35	6	26	0	388
jgi|Lacbi1|314418|eu2.Lbscf0619g00010_2-112_1W3B:A:	0	0	0	23	0	35	6	26	0	388
jgi|Lacbi1|314419|eu2.Lbscf0619g00020_44-129_1HQC:A:5-242	0	7	0	8	0	28	17	13	0	238
jgi|Lacbi1|314464|eu2.Lbscf0061g00450_2-108_1EXQ:A:	0	5	3	5	0	10	7	4	0	154
jgi|Lacbi1|314467|eu2.Lbscf0061g00480_55-121_2BW3:A:163-609	0	5	7	21	0	33	14	25	0	447
jgi|Lacbi1|314488|eu2.Lbscf0061g00690_175-471_1ERJ:A:	2	30	1	1	0	43	24	22	0	388
jgi|Lacbi1|314499|eu2.Lbscf0061g00800_169-563_1VRT:A:4-429	9	19	4	9	0	48	27	19	0	426
jgi|Lacbi1|314560|eu2.Lbscf0062g00060_2-91_2JN6:A:1-89	0	0	3	5	0	8	5	5	0	89
jgi|Lacbi1|314570|eu2.Lbscf0062g00160_121-363_1QF9:A:	0	5	0	9	0	14	7	13	0	194
jgi|Lacbi1|314592|eu2.Lbscf0062g00380_2-65_2BW3:A:163-609	0	5	7	21	0	33	14	25	0	447
jgi|Lacbi1|314600|eu2.Lbscf0062g00460_3-290_1ERJ:A:	2	30	1	1	0	43	24	22	0	388
jgi|Lacbi1|314601|eu2.Lbscf0062g00470_277-450_1QF9:A:	0	5	0	9	0	14	7	13	0	194
jgi|Lacbi1|314634|eu2.Lbscf0062g00800_85-397_2BW3:A:163-609	0	5	7	21	0	33	14	25	0	447
jgi|Lacbi1|314674|eu2.Lbscf0063g00090_125-276_2BNH:A:	5	17	2	16	0	59	26	25	0	456
jgi|Lacbi1|314679|eu2.Lbscf0063g00140_19-213_1S96:A:	3	9	1	9	0	19	8	12	0	205
jgi|Lacbi1|314748|eu2.Lbscf0063g00830_37-82_1PL7:A:1-145,A:317-356	1	14	4	3	0	22	9	12	1	185
jgi|Lacbi1|314800|eu2.Lbscf0064g00200_90-409_1ERJ:A:	2	30	1	1	0	43	24	22	0	388
jgi|Lacbi1|314800|eu2.Lbscf0064g00200_408-656_1VYH:C:92-408	0	28	1	0	0	39	25	14	0	317
jgi|Lacbi1|314816|eu2.Lbscf0064g00360_3-75_2OVR:B:2365-2706	0	32	2	1	0	36	24	21	0	342
jgi|Lacbi1|314880|eu2.Lbscf0065g00070_42-211,264-286_1JWH:C:	12	0	4	7	0	25	19	17	0	200
jgi|Lacbi1|314889|eu2.Lbscf0065g00160_3-243_2GF0:A:4-176	2	7	2	6	0	19	11	8	0	173
jgi|Lacbi1|314940|eu2.Lbscf0065g00670_8-66_2DO3:A:462-523	0	5	0	0	0	9	7	3	0	62
jgi|Lacbi1|314993|eu2.Lbscf0066g00360_69-254_1U0J:A:	1	10	2	10	0	31	18	15	0	266
jgi|Lacbi1|315018|eu2.Lbscf0066g00610_392-440_2DO3:A:462-523	0	5	0	0	0	9	7	3	0	62
jgi|Lacbi1|315216|eu2.Lbscf0698g00010_69-148_2JFL:A:21-308	1	11	6	10	0	27	17	20	0	288
jgi|Lacbi1|315231|eu2.Lbscf0069g00130_11-75_1OYW:A:1-206	0	7	2	10	0	22	14	12	0	206
jgi|Lacbi1|315232|eu2.Lbscf0069g00140_33-341_2BW3:A:163-609	0	5	7	21	0	33	14	25	0	447
jgi|Lacbi1|315240|eu2.Lbscf0069g00220_61-132_1SU4:A:1-124,A:240-343,A:751-994	1	1	8	18	0	32	20	22	2	472
jgi|Lacbi1|315268|eu2.Lbscf0069g00500_54-82_1TAD:A:27-56,A:178-342	2	6	4	6	0	22	12	13	1	195
jgi|Lacbi1|315455|eu2.Lbscf0006g01390_43-89_2CSH:A:8-60	0	4	0	2	0	6	6	3	0	53
jgi|Lacbi1|315499|eu2.Lbscf0006g01830_12-88_1W36:D:2-360	6	9	4	14	0	32	29	25	0	359
jgi|Lacbi1|315561|eu2.Lbscf0006g02450_3-144_1ELR:A:	0	0	0	7	0	9	1	5	0	128
jgi|Lacbi1|315561|eu2.Lbscf0006g02450_120-261_1W3B:A:	0	0	0	23	0	35	6	26	0	388
jgi|Lacbi1|315603|eu2.Lbscf0006g02870_967-1149_4CRX:A:130-341	2	5	3	9	0	25	15	9	0	212
jgi|Lacbi1|315603|eu2.Lbscf0006g02870_405-794_1VRT:A:4-429	9	19	4	9	0	48	27	19	0	426
jgi|Lacbi1|315715|eu2.Lbscf0006g03990_67-155,192-282_1HTW:A:	0	7	1	5	0	15	12	10	0	158
jgi|Lacbi1|315757|eu2.Lbscf0006g04410_28-174_1DT6:A:	6	6	3	14	0	50	32	19	0	472
jgi|Lacbi1|316069|eu2.Lbscf0006g07530_43-359_1VYH:C:92-408	0	28	1	0	0	39	25	14	0	317
jgi|Lacbi1|316100|eu2.Lbscf0006g07840_430-773_1VYH:C:92-408	0	28	1	0	0	39	25	14	0	317
jgi|Lacbi1|316143|eu2.Lbscf0006g08270_4-382_1MU2:A:3-429	15	20	3	9	0	47	24	17	0	427
jgi|Lacbi1|316312|eu2.Lbscf0071g00750_12-277_2BW3:A:163-609	0	5	7	21	0	33	14	25	0	447
jgi|Lacbi1|317923|eu2.Lbscf0008g01050_12-277_2BW3:A:163-609	0	5	7	21	0	33	14	25	0	447
jgi|Lacbi1|316347|eu2.Lbscf0072g00330_93-173_4FIV:A:	0	7	1	1	0	16	6	6	0	113
jgi|Lacbi1|316379|eu2.Lbscf0072g00650_65-132,170-266_2BME:A:6-179	0	6	2	6	0	15	11	11	0	176
jgi|Lacbi1|316495|eu2.Lbscf0074g00150_10-114_1MYO:A:	0	0	1	6	1	12	7	10	0	118
jgi|Lacbi1|316507|eu2.Lbscf0074g00270_646-774_1AWC:B:	0	0	0	10	0	18	2	16	0	153
jgi|Lacbi1|316507|eu2.Lbscf0074g00270_197-463_1ODF:A:	2	10	3	9	0	28	17	16	0	286
jgi|Lacbi1|316599|eu2.Lbscf0075g00450_1101-1171_1WEE:A:	0	3	0	1	0	15	10	3	0	71
jgi|Lacbi1|316634|eu2.Lbscf0076g00080_25-182_1XZP:A:212-371	1	6	1	6	0	15	10	10	0	160
jgi|Lacbi1|317561|eu2.Lbscf0082g00180_25-182_1XZP:A:212-371	1	6	1	6	0	15	10	10	0	160
jgi|Lacbi1|316781|eu2.Lbscf0078g00440_171-475_1ERJ:A:	2	30	1	1	0	43	24	22	0	388
jgi|Lacbi1|316784|eu2.Lbscf0078g00470_172-475_1ERJ:A:	2	30	1	1	0	43	24	22	0	388
jgi|Lacbi1|316823|eu2.Lbscf0079g00190_1183-1365_4CRX:A:130-341	2	5	3	9	0	25	15	9	0	212
jgi|Lacbi1|316823|eu2.Lbscf0079g00190_621-1007_1MU2:A:3-429	15	20	3	9	0	47	24	17	0	427
jgi|Lacbi1|316837|eu2.Lbscf0079g00330_1-34_4UBP:C:1-131,C:435-483	6	12	2	1	0	28	11	16	1	180
jgi|Lacbi1|316890|eu2.Lbscf0007g00180_614-914_1ORV:A:39-508	12	36	3	4	0	53	35	31	0	470
jgi|Lacbi1|316890|eu2.Lbscf0007g00180_87-239_1ZP6:A:6-181	0	5	1	7	0	20	9	15	0	176
jgi|Lacbi1|317083|eu2.Lbscf0007g02110_44-350_1VYH:C:92-408	0	28	1	0	0	39	25	14	0	317
jgi|Lacbi1|317097|eu2.Lbscf0007g02250_571-759_1S70:B:	2	1	1	15	0	32	11	25	0	291
jgi|Lacbi1|317097|eu2.Lbscf0007g02250_136-388_1ODF:A:	2	10	3	9	0	28	17	16	0	286
jgi|Lacbi1|317107|eu2.Lbscf0007g02350_12-221_1PCV:A:	4	14	0	5	0	31	19	12	0	205
jgi|Lacbi1|317117|eu2.Lbscf0007g02450_38-135_1PW4:A:	2	0	1	18	0	21	18	22	0	450
jgi|Lacbi1|317128|eu2.Lbscf0007g02560_10-108_4FIV:A:	0	7	1	1	0	16	6	6	0	113
jgi|Lacbi1|317215|eu2.Lbscf0007g03430_19-241,281-414,457-499_1R5Y:A:	2	15	2	16	0	40	20	21	0	372
jgi|Lacbi1|317227|eu2.Lbscf0007g03550_554-728_1MU2:A:3-429	15	20	3	9	0	47	24	17	0	427
jgi|Lacbi1|317230|eu2.Lbscf0007g03580_34-119_1W36:D:361-606	4	4	2	9	0	19	18	13	0	246
jgi|Lacbi1|317259|eu2.Lbscf0007g03870_2-207_1UL1:X:2-217	0	7	1	7	0	19	10	10	0	216
jgi|Lacbi1|317259|eu2.Lbscf0007g03870_192-232,279-337_1B43:A:220-339	0	0	3	5	0	11	6	7	0	120
jgi|Lacbi1|317294|eu2.Lbscf0007g04220_10-160_1W3B:A:	0	0	0	23	0	35	6	26	0	388
jgi|Lacbi1|317294|eu2.Lbscf0007g04220_136-245_1ELW:A:	0	0	0	7	0	11	0	7	0	117
jgi|Lacbi1|317334|eu2.Lbscf0007g04620_9-89_1O1W:A:	0	7	1	3	0	19	15	6	0	137
jgi|Lacbi1|317378|eu2.Lbscf0007g05060_99-432_1VYH:C:92-408	0	28	1	0	0	39	25	14	0	317
jgi|Lacbi1|317378|eu2.Lbscf0007g05060_5-79_1UUJ:A:	0	0	0	5	0	5	0	5	0	76
jgi|Lacbi1|317382|eu2.Lbscf0007g05100_2-290_1VYH:C:92-408	0	28	1	0	0	39	25	14	0	317
jgi|Lacbi1|317386|eu2.Lbscf0007g05140_693-753_2OVR:B:2365-2706	0	32	2	1	0	36	24	21	0	342
jgi|Lacbi1|317386|eu2.Lbscf0007g05140_119-384_1X6V:A:34-228	0	5	0	6	0	15	9	6	0	195
jgi|Lacbi1|317387|eu2.Lbscf0007g05150_6-46_2OVR:B:2365-2706	0	32	2	1	0	36	24	21	0	342
jgi|Lacbi1|317388|eu2.Lbscf0007g05160_3-326_1VYH:C:92-408	0	28	1	0	0	39	25	14	0	317
jgi|Lacbi1|317388|eu2.Lbscf0007g05160_255-516_2OVR:B:2365-2706	0	32	2	1	0	36	24	21	0	342
jgi|Lacbi1|317425|eu2.Lbscf0007g05530_183-213_1AAF:A:	0	0	2	0	0	11	7	2	0	55
jgi|Lacbi1|317441|eu2.Lbscf0080g00070_47-239_1SKY:E:83-356	6	11	4	9	0	36	19	17	0	274
jgi|Lacbi1|317487|eu2.Lbscf0080g00530_137-299_1SKY:E:83-356	6	11	4	9	0	36	19	17	0	274
jgi|Lacbi1|317514|eu2.Lbscf0081g00170_13-278_2G6B:A:58-227	0	6	1	5	0	16	10	9	0	170
jgi|Lacbi1|317514|eu2.Lbscf0081g00170_526-676_1W3B:A:	0	0	0	23	0	35	6	26	0	388
jgi|Lacbi1|317514|eu2.Lbscf0081g00170_652-801_1ELR:A:	0	0	0	7	0	9	1	5	0	128
jgi|Lacbi1|317514|eu2.Lbscf0081g00170_695-978,1007-1117_1ELR:A:	0	0	0	7	0	9	1	5	0	128
jgi|Lacbi1|317514|eu2.Lbscf0081g00170_447-558_1W3B:A:	0	0	0	23	0	35	6	26	0	388
jgi|Lacbi1|317540|eu2.Lbscf0081g00430_34-301_2G6B:A:58-227	0	6	1	5	0	16	10	9	0	170
jgi|Lacbi1|317540|eu2.Lbscf0081g00430_734-856_1W3B:A:	0	0	0	23	0	35	6	26	0	388
jgi|Lacbi1|317540|eu2.Lbscf0081g00430_470-615_1W3B:A:	0	0	0	23	0	35	6	26	0	388
jgi|Lacbi1|317540|eu2.Lbscf0081g00430_591-700_1ELR:A:	0	0	0	7	0	9	1	5	0	128
jgi|Lacbi1|317541|eu2.Lbscf0081g00440_32-110,282-536_1GW5:B:	0	0	4	32	0	42	43	37	0	579
jgi|Lacbi1|317542|eu2.Lbscf0081g00450_103-167_1BO1:A:	1	12	2	8	0	33	23	12	0	383
jgi|Lacbi1|317593|eu2.Lbscf0082g00500_92-245_1MKY:A:2-172	2	6	2	6	0	13	10	9	0	171
jgi|Lacbi1|317630|eu2.Lbscf0083g00310_375-430_2DO3:A:462-523	0	5	0	0	0	9	7	3	0	62
jgi|Lacbi1|317703|eu2.Lbscf0085g00200_69-270_1E32:A:201-458	3	5	4	12	0	28	13	14	0	258
jgi|Lacbi1|317705|eu2.Lbscf0085g00220_45-91,199-226,263-396_1X6V:A:34-228	0	5	0	6	0	15	9	6	0	195
jgi|Lacbi1|317809|eu2.Lbscf0089g00090_105-185_2RSP:A:	1	11	0	1	0	21	11	5	0	124
jgi|Lacbi1|317832|eu2.Lbscf0008g00140_27-169_1BYQ:A:	0	8	3	5	0	23	13	12	0	213
jgi|Lacbi1|317856|eu2.Lbscf0008g00380_39-308_1FUK:A:	0	7	3	4	0	16	14	7	0	162
jgi|Lacbi1|317877|eu2.Lbscf0008g00590_79-108,183-465_1ERJ:A:	2	30	1	1	0	43	24	22	0	388
jgi|Lacbi1|318064|eu2.Lbscf0008g02460_8-100_1EFC:A:8-204	0	8	1	7	0	20	12	8	0	197
jgi|Lacbi1|318065|eu2.Lbscf0008g02470_14-57_1FZQ:A:	0	7	4	6	0	19	9	13	0	176
jgi|Lacbi1|318165|eu2.Lbscf0008g03470_78-132,240-394_1E32:A:201-458	3	5	4	12	0	28	13	14	0	258
jgi|Lacbi1|318165|eu2.Lbscf0008g03470_89-203_1U94:A:6-268	2	11	2	8	0	23	14	12	0	263
jgi|Lacbi1|318179|eu2.Lbscf0008g03610_80-163_1JR3:A:3-242	2	5	2	11	0	27	23	12	0	240
jgi|Lacbi1|318209|eu2.Lbscf0008g03910_1-56_1W36:D:361-606	4	4	2	9	0	19	18	13	0	246
jgi|Lacbi1|318234|eu2.Lbscf0008g04160_43-370_1OYW:A:1-206	0	7	2	10	0	22	14	12	0	206
jgi|Lacbi1|318440|eu2.Lbscf0091g00020_163-239_2BCJ:Q:67-183	0	0	0	8	0	7	6	10	0	117
jgi|Lacbi1|318557|eu2.Lbscf0095g00160_946-1156_3BB6:A:1-109	4	8	1	1	0	14	8	7	0	109
jgi|Lacbi1|318614|eu2.Lbscf0985g00020_12-119_1EKF:A:	6	19	3	7	0	43	24	20	0	365
jgi|Lacbi1|318620|eu2.Lbscf0098g00060_8-308_2BW3:A:163-609	0	5	7	21	0	33	14	25	0	447
jgi|Lacbi1|318643|eu2.Lbscf0009g00030_57-270_1E32:A:201-458	3	5	4	12	0	28	13	14	0	258
jgi|Lacbi1|318784|eu2.Lbscf0009g01440_11-333_1VRT:A:4-429	9	19	4	9	0	48	27	19	0	426
jgi|Lacbi1|319018|eu2.Lbscf0009g03780_30-57_1PUI:A:	2	7	3	5	0	15	9	7	0	188
jgi|Lacbi1|319028|eu2.Lbscf0009g03880_436-492_1KNA:A:	0	4	2	1	0	5	1	2	0	52
jgi|Lacbi1|319934|fgenesh3_pm.C_scaffold_11000049_15-442_2CTS:A:	5	2	3	20	0	34	18	23	0	437
jgi|Lacbi1|320226|fgenesh3_pm.C_scaffold_39000004_326-497_1V10:A:305-494	3	12	3	5	0	28	18	8	0	190
jgi|Lacbi1|320226|fgenesh3_pm.C_scaffold_39000004_162-339_1GYC:A:131-300	5	11	3	0	0	25	17	11	0	170
jgi|Lacbi1|320226|fgenesh3_pm.C_scaffold_39000004_89-184_1V10:A:1-136	4	8	3	0	0	19	6	12	0	136
jgi|Lacbi1|320435|fgenesh3_pg.C_scaffold_1000005_1482-1557_1WJ6:A:	2	5	0	2	0	14	10	4	0	100
jgi|Lacbi1|320444|fgenesh3_pg.C_scaffold_1000014_4-266_2CXX:A:2-185	2	6	3	7	0	17	7	11	0	184
jgi|Lacbi1|321170|fgenesh3_pg.C_scaffold_1000740_199-344_2GF0:A:4-176	2	7	2	6	0	19	11	8	0	173
jgi|Lacbi1|321196|fgenesh3_pg.C_scaffold_1000766_374-526_1E79:D:82-357	4	12	5	8	0	32	21	15	0	276
jgi|Lacbi1|321362|fgenesh3_pg.C_scaffold_1000932_63-413_1OYW:A:1-206	0	7	2	10	0	22	14	12	0	206
jgi|Lacbi1|321409|fgenesh3_pg.C_scaffold_1000979_144-398_1M7B:A:	2	6	3	6	0	17	9	10	0	179
jgi|Lacbi1|321544|fgenesh3_pg.C_scaffold_2000078_11-272_1SXJ:D:26-262	0	5	2	13	0	21	15	15	0	237
jgi|Lacbi1|321927|fgenesh3_pg.C_scaffold_2000461_549-642,696-733,772-835_1G7S:A:1-227	3	9	5	6	0	24	13	14	0	227
jgi|Lacbi1|322063|fgenesh3_pg.C_scaffold_2000597_453-841_1VRT:A:4-429	9	19	4	9	0	48	27	19	0	426
jgi|Lacbi1|322063|fgenesh3_pg.C_scaffold_2000597_990-1153_4CRX:A:130-341	2	5	3	9	0	25	15	9	0	212
jgi|Lacbi1|322431|fgenesh3_pg.C_scaffold_3000048_765-835_1WEE:A:	0	3	0	1	0	15	10	3	0	71
jgi|Lacbi1|322513|fgenesh3_pg.C_scaffold_3000130_298-337_1FLG:A:	8	40	6	3	0	86	43	41	0	582
jgi|Lacbi1|322565|fgenesh3_pg.C_scaffold_3000182_35-300_1IQP:A:2-232	0	7	4	13	0	20	11	14	0	231
jgi|Lacbi1|322565|fgenesh3_pg.C_scaffold_3000182_636-788_1ELR:A:	0	0	0	7	0	9	1	5	0	128
jgi|Lacbi1|322565|fgenesh3_pg.C_scaffold_3000182_1016-1166_1ELR:A:	0	0	0	7	0	9	1	5	0	128
jgi|Lacbi1|322565|fgenesh3_pg.C_scaffold_3000182_764-913_1ELR:A:	0	0	0	7	0	9	1	5	0	128
jgi|Lacbi1|322565|fgenesh3_pg.C_scaffold_3000182_1226-1376_1ELW:A:	0	0	0	7	0	11	0	7	0	117
jgi|Lacbi1|322565|fgenesh3_pg.C_scaffold_3000182_890-1040_1ELR:A:	0	0	0	7	0	9	1	5	0	128
jgi|Lacbi1|322565|fgenesh3_pg.C_scaffold_3000182_554-668_1ELR:A:	0	0	0	7	0	9	1	5	0	128
jgi|Lacbi1|322565|fgenesh3_pg.C_scaffold_3000182_475-585_1E96:B:	0	2	2	9	0	15	3	11	0	185
jgi|Lacbi1|322713|fgenesh3_pg.C_scaffold_3000330_233-256_1DSQ:A:	2	0	0	0	0	5	1	2	0	21
jgi|Lacbi1|322800|fgenesh3_pg.C_scaffold_3000417_231-393_1QF9:A:	0	5	0	9	0	14	7	13	0	194
jgi|Lacbi1|323101|fgenesh3_pg.C_scaffold_4000004_246-504_2FG5:A:3-167	2	6	2	5	0	16	8	10	0	165
jgi|Lacbi1|323185|fgenesh3_pg.C_scaffold_4000088_219-470_1ODF:A:	2	10	3	9	0	28	17	16	0	286
jgi|Lacbi1|323193|fgenesh3_pg.C_scaffold_4000096_3-83,123-278_1VYH:C:92-408	0	28	1	0	0	39	25	14	0	317
jgi|Lacbi1|323344|fgenesh3_pg.C_scaffold_4000247_334-413_1SIF:A:	2	5	2	1	0	9	4	6	0	71
jgi|Lacbi1|323410|fgenesh3_pg.C_scaffold_4000313_84-178_4LIP:D:	4	11	2	11	0	29	17	24	0	319
jgi|Lacbi1|323549|fgenesh3_pg.C_scaffold_4000452_63-363_2CYG:A:29-340	5	10	6	10	0	32	25	18	0	312
jgi|Lacbi1|323853|fgenesh3_pg.C_scaffold_4000756_5-314_2OVR:B:2365-2706	0	32	2	1	0	36	24	21	0	342
jgi|Lacbi1|324053|fgenesh3_pg.C_scaffold_5000160_158-248_2BL5:A:1-134	0	3	2	6	0	11	13	9	0	134
jgi|Lacbi1|324053|fgenesh3_pg.C_scaffold_5000160_72-139_1K1G:A:	0	3	1	4	0	10	10	5	0	122
jgi|Lacbi1|324076|fgenesh3_pg.C_scaffold_5000183_149-310_4CRX:A:130-341	2	5	3	9	0	25	15	9	0	212
jgi|Lacbi1|324076|fgenesh3_pg.C_scaffold_5000183_54-148_4CRX:A:20-129	0	0	2	5	0	7	4	5	0	110
jgi|Lacbi1|324384|fgenesh3_pg.C_scaffold_5000491_644-832_2HBJ:A:129-420	0	8	5	10	0	33	22	11	0	292
jgi|Lacbi1|324481|fgenesh3_pg.C_scaffold_5000588_36-86,117-323_2BW3:A:163-609	0	5	7	21	0	33	14	25	0	447
jgi|Lacbi1|324539|fgenesh3_pg.C_scaffold_6000033_266-443,514-679_2F2H:A:248-585	10	10	5	9	0	36	16	18	0	338
jgi|Lacbi1|324539|fgenesh3_pg.C_scaffold_6000033_33-259_2F2H:A:1-247	2	21	1	1	0	22	20	14	0	247
jgi|Lacbi1|324539|fgenesh3_pg.C_scaffold_6000033_681-749_2F2H:A:586-665	0	8	1	1	0	13	7	5	0	80
jgi|Lacbi1|324548|fgenesh3_pg.C_scaffold_6000042_72-171_1SC3:A:,B:	4	11	2	6	0	32	19	15	1	261
jgi|Lacbi1|324668|fgenesh3_pg.C_scaffold_6000162_43-121_2G6B:A:58-227	0	6	1	5	0	16	10	9	0	170
jgi|Lacbi1|324797|fgenesh3_pg.C_scaffold_6000291_29-275,313-415_2BW3:A:163-609	0	5	7	21	0	33	14	25	0	447
jgi|Lacbi1|324862|fgenesh3_pg.C_scaffold_6000356_2-112,140-291,325-355_1BOB:A:	1	15	2	11	0	26	14	18	0	315
jgi|Lacbi1|325131|fgenesh3_pg.C_scaffold_7000033_25-234_2FG5:A:3-167	2	6	2	5	0	16	8	10	0	165
jgi|Lacbi1|325218|fgenesh3_pg.C_scaffold_7000120_479-729_1VYB:A:	1	14	3	4	0	23	11	11	0	236
jgi|Lacbi1|325421|fgenesh3_pg.C_scaffold_7000323_1037-1182_4CRX:A:130-341	2	5	3	9	0	25	15	9	0	212
jgi|Lacbi1|325570|fgenesh3_pg.C_scaffold_8000064_662-848_1IAE:A:	3	9	7	4	0	25	17	12	0	200
jgi|Lacbi1|325570|fgenesh3_pg.C_scaffold_8000064_64-352_1VRT:A:4-429	9	19	4	9	0	48	27	19	0	426
jgi|Lacbi1|325575|fgenesh3_pg.C_scaffold_8000069_109-158,215-287_1ML9:A:	5	15	6	5	0	45	22	13	0	284
jgi|Lacbi1|325620|fgenesh3_pg.C_scaffold_8000114_97-285_1KAG:A:	0	5	1	7	0	12	8	5	0	169
jgi|Lacbi1|325666|fgenesh3_pg.C_scaffold_8000160_489-660_4CRX:A:130-341	2	5	3	9	0	25	15	9	0	212
jgi|Lacbi1|326717|fgenesh3_pg.C_scaffold_11000019_31-48,95-143_1GZ8:A:	3	8	3	10	0	29	17	22	0	298
jgi|Lacbi1|326785|fgenesh3_pg.C_scaffold_11000087_903-1068_2FLU:X:325-609	14	28	0	0	0	37	15	14	0	285
jgi|Lacbi1|326785|fgenesh3_pg.C_scaffold_11000087_424-553_1FQV:A:146-431	8	13	3	8	0	55	21	24	0	286
jgi|Lacbi1|326838|fgenesh3_pg.C_scaffold_11000140_298-343_1U6P:A:	2	0	1	0	0	10	6	3	0	56
jgi|Lacbi1|326843|fgenesh3_pg.C_scaffold_11000145_43-81_1C1Y:A:	2	6	1	6	0	18	12	8	0	167
jgi|Lacbi1|326908|fgenesh3_pg.C_scaffold_11000210_40-307_1SXJ:D:26-262	0	5	2	13	0	21	15	15	0	237
jgi|Lacbi1|326955|fgenesh3_pg.C_scaffold_11000257_18-151_2FBN:A:22-174	0	0	1	7	0	10	3	7	0	153
jgi|Lacbi1|327352|fgenesh3_pg.C_scaffold_12000242_15-134_1A06:A:	4	8	4	10	0	29	20	14	0	307
jgi|Lacbi1|327407|fgenesh3_pg.C_scaffold_12000297_61-162,197-258_1E32:A:201-458	3	5	4	12	0	28	13	14	0	258
jgi|Lacbi1|327636|fgenesh3_pg.C_scaffold_13000159_78-265_1N11:A:	0	0	1	24	0	48	15	35	0	408
jgi|Lacbi1|327778|fgenesh3_pg.C_scaffold_14000025_366-691_1VRT:A:4-429	9	19	4	9	0	48	27	19	0	426
jgi|Lacbi1|328145|fgenesh3_pg.C_scaffold_15000133_381-560_1VEC:A:	0	7	1	9	0	25	16	12	0	206
jgi|Lacbi1|328146|fgenesh3_pg.C_scaffold_15000134_634-753_1C1G:C:	0	0	0	3	0	2	1	2	0	283
jgi|Lacbi1|328248|fgenesh3_pg.C_scaffold_16000013_71-249_2FWR:A:23-256	3	12	5	9	0	19	16	14	0	234
jgi|Lacbi1|328277|fgenesh3_pg.C_scaffold_16000042_71-304_1SXJ:C:12-238	3	5	3	12	0	22	13	12	0	227
jgi|Lacbi1|328321|fgenesh3_pg.C_scaffold_16000086_127-353_2FG5:A:3-167	2	6	2	5	0	16	8	10	0	165
jgi|Lacbi1|328334|fgenesh3_pg.C_scaffold_16000099_43-224_2GF0:A:4-176	2	7	2	6	0	19	11	8	0	173
jgi|Lacbi1|328335|fgenesh3_pg.C_scaffold_16000100_42-303_1SXJ:C:12-238	3	5	3	12	0	22	13	12	0	227
jgi|Lacbi1|328335|fgenesh3_pg.C_scaffold_16000100_377-527_1ELR:A:	0	0	0	7	0	9	1	5	0	128
jgi|Lacbi1|328335|fgenesh3_pg.C_scaffold_16000100_503-653_1W3B:A:	0	0	0	23	0	35	6	26	0	388
jgi|Lacbi1|328335|fgenesh3_pg.C_scaffold_16000100_629-779_1W3B:A:	0	0	0	23	0	35	6	26	0	388
jgi|Lacbi1|328335|fgenesh3_pg.C_scaffold_16000100_797-919_1W3B:A:	0	0	0	23	0	35	6	26	0	388
jgi|Lacbi1|328336|fgenesh3_pg.C_scaffold_16000101_42-304_1SXJ:C:12-238	3	5	3	12	0	22	13	12	0	227
jgi|Lacbi1|328336|fgenesh3_pg.C_scaffold_16000101_419-540_1W3B:A:	0	0	0	23	0	35	6	26	0	388
jgi|Lacbi1|328336|fgenesh3_pg.C_scaffold_16000101_332-450_1W3B:A:	0	0	0	23	0	35	6	26	0	388
jgi|Lacbi1|328336|fgenesh3_pg.C_scaffold_16000101_563-680_1W3B:A:	0	0	0	23	0	35	6	26	0	388
jgi|Lacbi1|328336|fgenesh3_pg.C_scaffold_16000101_773-895_1ELR:A:	0	0	0	7	0	9	1	5	0	128
jgi|Lacbi1|328351|fgenesh3_pg.C_scaffold_16000116_760-997_2FG5:A:3-167	2	6	2	5	0	16	8	10	0	165
jgi|Lacbi1|328357|fgenesh3_pg.C_scaffold_16000122_211-396_2BW3:A:163-609	0	5	7	21	0	33	14	25	0	447
jgi|Lacbi1|328358|fgenesh3_pg.C_scaffold_16000123_1-222_2FG5:A:3-167	2	6	2	5	0	16	8	10	0	165
jgi|Lacbi1|328374|fgenesh3_pg.C_scaffold_16000139_19-279_2FG5:A:3-167	2	6	2	5	0	16	8	10	0	165
jgi|Lacbi1|328396|fgenesh3_pg.C_scaffold_16000161_17-198_1LVG:A:	2	9	1	8	0	18	8	13	0	190
jgi|Lacbi1|328538|fgenesh3_pg.C_scaffold_17000102_42-210_1AV1:D:	0	0	1	7	0	3	3	6	0	200
jgi|Lacbi1|328567|fgenesh3_pg.C_scaffold_17000131_115-345_1VMA:A:82-294	0	8	4	7	0	22	9	10	0	213
jgi|Lacbi1|328722|fgenesh3_pg.C_scaffold_18000054_625-1011_1MU2:A:3-429	15	20	3	9	0	47	24	17	0	427
jgi|Lacbi1|328752|fgenesh3_pg.C_scaffold_18000084_98-354_1UM8:A:	0	10	5	15	0	31	13	21	0	364
jgi|Lacbi1|328763|fgenesh3_pg.C_scaffold_18000095_75-101,140-232_2AK3:A:0-124,A:162-225	2	5	1	8	0	16	10	8	1	189
jgi|Lacbi1|328816|fgenesh3_pg.C_scaffold_18000148_175-397_2HYE:C:403-675	1	8	3	9	0	25	16	11	0	273
jgi|Lacbi1|328816|fgenesh3_pg.C_scaffold_18000148_429-484_1LDD:A:	0	3	1	3	0	7	3	3	0	74
jgi|Lacbi1|328935|fgenesh3_pg.C_scaffold_19000047_52-253_1U0J:A:	1	10	2	10	0	31	18	15	0	266
jgi|Lacbi1|329006|fgenesh3_pg.C_scaffold_19000118_1095-1269_2CKH:A:419-643	2	6	1	8	0	22	10	13	0	225
jgi|Lacbi1|329105|fgenesh3_pg.C_scaffold_20000012_207-411_1HV8:A:3-210	0	7	1	9	0	25	17	9	0	208
jgi|Lacbi1|329114|fgenesh3_pg.C_scaffold_20000021_5-107_1OYW:A:1-206	0	7	2	10	0	22	14	12	0	206
jgi|Lacbi1|333722|fgenesh3_pg.C_scaffold_55000005_5-107_1OYW:A:1-206	0	7	2	10	0	22	14	12	0	206
jgi|Lacbi1|329203|fgenesh3_pg.C_scaffold_20000110_40-300_1G16:A:	2	6	1	6	0	15	7	12	0	166
jgi|Lacbi1|329266|fgenesh3_pg.C_scaffold_20000173_365-604_1PZN:A:96-349	0	12	2	8	0	19	19	13	0	254
jgi|Lacbi1|329277|fgenesh3_pg.C_scaffold_20000184_299-492_1KHT:A:	0	7	1	7	0	17	10	7	0	190
jgi|Lacbi1|329360|fgenesh3_pg.C_scaffold_21000077_28-112_1WRB:A:164-401	2	8	2	8	0	26	18	9	0	238
jgi|Lacbi1|329469|fgenesh3_pg.C_scaffold_21000186_93-241_1MOZ:A:	2	7	3	5	0	14	8	16	0	182
jgi|Lacbi1|329475|fgenesh3_pg.C_scaffold_21000192_181-227_1QHK:A:	0	3	0	2	0	7	4	0	0	47
jgi|Lacbi1|329851|fgenesh3_pg.C_scaffold_24000007_196-376_4CRX:A:130-341	2	5	3	9	0	25	15	9	0	212
jgi|Lacbi1|329910|fgenesh3_pg.C_scaffold_24000066_37-296_2G6B:A:58-227	0	6	1	5	0	16	10	9	0	170
jgi|Lacbi1|329919|fgenesh3_pg.C_scaffold_24000075_51-307_1QVR:A:536-850	5	9	4	14	0	30	21	15	0	315
jgi|Lacbi1|329923|fgenesh3_pg.C_scaffold_24000079_97-246_1ELR:A:	0	0	0	7	0	9	1	5	0	128
jgi|Lacbi1|329923|fgenesh3_pg.C_scaffold_24000079_223-372_1ELR:A:	0	0	0	7	0	9	1	5	0	128
jgi|Lacbi1|329923|fgenesh3_pg.C_scaffold_24000079_349-479_1W3B:A:	0	0	0	23	0	35	6	26	0	388
jgi|Lacbi1|329923|fgenesh3_pg.C_scaffold_24000079_18-129_1W3B:A:	0	0	0	23	0	35	6	26	0	388
jgi|Lacbi1|329935|fgenesh3_pg.C_scaffold_24000091_39-226_2GF0:A:4-176	2	7	2	6	0	19	11	8	0	173
jgi|Lacbi1|330226|fgenesh3_pg.C_scaffold_25000209_163-204,237-372_1FQV:A:146-431	8	13	3	8	0	55	21	24	0	286
jgi|Lacbi1|330291|fgenesh3_pg.C_scaffold_26000060_293-425_1YE8:A:1-178	0	9	2	5	0	17	7	11	0	178
jgi|Lacbi1|330343|fgenesh3_pg.C_scaffold_26000112_2949-3039,3067-3128_1OXS:C:1-242	0	11	6	8	0	23	18	13	0	242
jgi|Lacbi1|330382|fgenesh3_pg.C_scaffold_26000151_15-302_2OVR:B:2365-2706	0	32	2	1	0	36	24	21	0	342
jgi|Lacbi1|330435|fgenesh3_pg.C_scaffold_27000043_228-315,357-442_1HTW:A:	0	7	1	5	0	15	12	10	0	158
jgi|Lacbi1|330449|fgenesh3_pg.C_scaffold_27000057_40-390_1OYW:A:1-206	0	7	2	10	0	22	14	12	0	206
jgi|Lacbi1|330452|fgenesh3_pg.C_scaffold_27000060_70-289_1UM8:A:	0	10	5	15	0	31	13	21	0	364
jgi|Lacbi1|330493|fgenesh3_pg.C_scaffold_27000101_385-599_1HTW:A:	0	7	1	5	0	15	12	10	0	158
jgi|Lacbi1|330495|fgenesh3_pg.C_scaffold_27000103_5-150_1MKY:A:2-172	2	6	2	6	0	13	10	9	0	171
jgi|Lacbi1|330577|fgenesh3_pg.C_scaffold_28000038_488-547_2DO3:A:462-523	0	5	0	0	0	9	7	3	0	62
jgi|Lacbi1|330624|fgenesh3_pg.C_scaffold_28000085_26-137_2ZNC:A:	3	15	8	2	0	35	22	9	0	258
jgi|Lacbi1|330634|fgenesh3_pg.C_scaffold_28000095_338-396_2DO3:A:462-523	0	5	0	0	0	9	7	3	0	62
jgi|Lacbi1|330930|fgenesh3_pg.C_scaffold_30000074_159-367_1U0J:A:	1	10	2	10	0	31	18	15	0	266
jgi|Lacbi1|331077|fgenesh3_pg.C_scaffold_31000052_662-1031_1VRT:A:4-429	9	19	4	9	0	48	27	19	0	426
jgi|Lacbi1|331077|fgenesh3_pg.C_scaffold_31000052_1336-1382_2BW3:A:163-609	0	5	7	21	0	33	14	25	0	447
jgi|Lacbi1|331110|fgenesh3_pg.C_scaffold_31000085_374-633_1JR3:A:3-242	2	5	2	11	0	27	23	12	0	240
jgi|Lacbi1|331110|fgenesh3_pg.C_scaffold_31000085_44-176_1F8F:A:163-336	0	6	3	7	0	16	13	12	0	174
jgi|Lacbi1|331139|fgenesh3_pg.C_scaffold_32000001_181-330_1W3B:A:	0	0	0	23	0	35	6	26	0	388
jgi|Lacbi1|331139|fgenesh3_pg.C_scaffold_32000001_391-514_1W3B:A:	0	0	0	23	0	35	6	26	0	388
jgi|Lacbi1|331139|fgenesh3_pg.C_scaffold_32000001_18-163_1W3B:A:	0	0	0	23	0	35	6	26	0	388
jgi|Lacbi1|331236|fgenesh3_pg.C_scaffold_32000098_2226-2383_1UL1:X:2-217	0	7	1	7	0	19	10	10	0	216
jgi|Lacbi1|331236|fgenesh3_pg.C_scaffold_32000098_2368-2409,2454-2509_1A77:A:209-316	0	0	0	6	0	9	3	6	0	108
jgi|Lacbi1|331272|fgenesh3_pg.C_scaffold_32000134_4-167_1OYW:A:1-206	0	7	2	10	0	22	14	12	0	206
jgi|Lacbi1|331413|fgenesh3_pg.C_scaffold_33000135_61-334_1PGU:A:327-613	0	28	0	0	0	31	21	20	0	287
jgi|Lacbi1|331413|fgenesh3_pg.C_scaffold_33000135_738-796_2DO3:A:462-523	0	5	0	0	0	9	7	3	0	62
jgi|Lacbi1|331417|fgenesh3_pg.C_scaffold_33000139_41-303_2G6B:A:58-227	0	6	1	5	0	16	10	9	0	170
jgi|Lacbi1|331417|fgenesh3_pg.C_scaffold_33000139_422-538_1ELR:A:	0	0	0	7	0	9	1	5	0	128
jgi|Lacbi1|331417|fgenesh3_pg.C_scaffold_33000139_632-755_1ELR:A:	0	0	0	7	0	9	1	5	0	128
jgi|Lacbi1|331417|fgenesh3_pg.C_scaffold_33000139_336-445_1ELR:A:	0	0	0	7	0	9	1	5	0	128
jgi|Lacbi1|331417|fgenesh3_pg.C_scaffold_33000139_548-664_1ELR:A:	0	0	0	7	0	9	1	5	0	128
jgi|Lacbi1|331516|fgenesh3_pg.C_scaffold_34000091_323-505_2I3B:A:1-189	0	10	1	5	0	20	14	8	0	189
jgi|Lacbi1|331525|fgenesh3_pg.C_scaffold_34000100_497-672_1NKS:A:	0	7	0	8	0	17	10	8	0	194
jgi|Lacbi1|331759|fgenesh3_pg.C_scaffold_36000018_377-432_2DO3:A:462-523	0	5	0	0	0	9	7	3	0	62
jgi|Lacbi1|331819|fgenesh3_pg.C_scaffold_36000078_11-111_1EXQ:A:	0	5	3	5	0	10	7	4	0	154
jgi|Lacbi1|331848|fgenesh3_pg.C_scaffold_36000107_93-353_2GF0:A:4-176	2	7	2	6	0	19	11	8	0	173
jgi|Lacbi1|331987|fgenesh3_pg.C_scaffold_37000096_261-386_1O1W:A:	0	7	1	3	0	19	15	6	0	137
jgi|Lacbi1|332041|fgenesh3_pg.C_scaffold_38000048_688-782_4FIV:A:	0	7	1	1	0	16	6	6	0	113
jgi|Lacbi1|332079|fgenesh3_pg.C_scaffold_38000086_47-190_1HQC:A:5-242	0	7	0	8	0	28	17	13	0	238
jgi|Lacbi1|332119|fgenesh3_pg.C_scaffold_38000126_479-649_4CRX:A:130-341	2	5	3	9	0	25	15	9	0	212
jgi|Lacbi1|332392|fgenesh3_pg.C_scaffold_40000122_44-63,93-321_1MQB:A:	4	8	3	8	0	26	11	14	0	283
jgi|Lacbi1|332492|fgenesh3_pg.C_scaffold_41000092_138-289_1ELR:A:	0	0	0	7	0	9	1	5	0	128
jgi|Lacbi1|332492|fgenesh3_pg.C_scaffold_41000092_24-162_1W3B:A:	0	0	0	23	0	35	6	26	0	388
jgi|Lacbi1|332492|fgenesh3_pg.C_scaffold_41000092_266-419_1ELR:A:	0	0	0	7	0	9	1	5	0	128
jgi|Lacbi1|332493|fgenesh3_pg.C_scaffold_41000093_41-252_1SXJ:C:12-238	3	5	3	12	0	22	13	12	0	227
jgi|Lacbi1|332528|fgenesh3_pg.C_scaffold_41000128_38-301_1IQP:A:2-232	0	7	4	13	0	20	11	14	0	231
jgi|Lacbi1|332566|fgenesh3_pg.C_scaffold_42000032_106-112,144-337_1TF7:A:14-255	0	11	1	7	0	23	21	15	0	242
jgi|Lacbi1|332625|fgenesh3_pg.C_scaffold_43000005_354-581_1LY1:A:	0	4	2	6	0	14	7	7	0	152
jgi|Lacbi1|332843|fgenesh3_pg.C_scaffold_45000006_685-721_1DSQ:A:	2	0	0	0	0	5	1	2	0	21
jgi|Lacbi1|332872|fgenesh3_pg.C_scaffold_45000035_283-435_1EFC:A:8-204	0	8	1	7	0	20	12	8	0	197
jgi|Lacbi1|333000|fgenesh3_pg.C_scaffold_46000072_706-797,866-1063_2BW3:A:163-609	0	5	7	21	0	33	14	25	0	447
jgi|Lacbi1|333133|fgenesh3_pg.C_scaffold_47000103_262-500_1I6P:A:	1	5	1	10	0	18	11	13	0	214
jgi|Lacbi1|333273|fgenesh3_pg.C_scaffold_49000012_8-308_2BW3:A:163-609	0	5	7	21	0	33	14	25	0	447
jgi|Lacbi1|333460|fgenesh3_pg.C_scaffold_51000036_93-351_1JR3:A:3-242	2	5	2	11	0	27	23	12	0	240
jgi|Lacbi1|333857|fgenesh3_pg.C_scaffold_56000044_20-218_1OYW:A:1-206	0	7	2	10	0	22	14	12	0	206
jgi|Lacbi1|334218|fgenesh3_pg.C_scaffold_60000066_107-369_1JR3:A:3-242	2	5	2	11	0	27	23	12	0	240
jgi|Lacbi1|334250|fgenesh3_pg.C_scaffold_61000028_280-346,478-729_2BW3:A:163-609	0	5	7	21	0	33	14	25	0	447
jgi|Lacbi1|334436|fgenesh3_pg.C_scaffold_63000074_1-193_1CTQ:A:	0	6	1	6	0	16	8	10	0	166
jgi|Lacbi1|334569|fgenesh3_pg.C_scaffold_66000019_134-181_1S4Q:A:	2	9	2	7	0	18	10	11	0	183
jgi|Lacbi1|334892|fgenesh3_pg.C_scaffold_71000056_42-377_1OYW:A:1-206	0	7	2	10	0	22	14	12	0	206
jgi|Lacbi1|334900|fgenesh3_pg.C_scaffold_72000005_51-123,264-393_1E32:A:201-458	3	5	4	12	0	28	13	14	0	258
jgi|Lacbi1|334916|fgenesh3_pg.C_scaffold_72000021_182-282_1ASU:A:	0	5	1	5	0	18	12	6	0	162
jgi|Lacbi1|334965|fgenesh3_pg.C_scaffold_73000029_50-108_2DO3:A:462-523	0	5	0	0	0	9	7	3	0	62
jgi|Lacbi1|335094|fgenesh3_pg.C_scaffold_76000007_56-225_1EFC:A:8-204	0	8	1	7	0	20	12	8	0	197
jgi|Lacbi1|335156|fgenesh3_pg.C_scaffold_78000005_44-270_2GF0:A:4-176	2	7	2	6	0	19	11	8	0	173
jgi|Lacbi1|335423|fgenesh3_pg.C_scaffold_87000006_52-231_1PJQ:A:216-457	3	10	3	8	0	24	20	15	0	242
jgi|Lacbi1|335432|fgenesh3_pg.C_scaffold_87000015_7-271_1JR3:A:3-242	2	5	2	11	0	27	23	12	0	240
jgi|Lacbi1|335506|fgenesh3_pg.C_scaffold_92000001_296-489_1KHT:A:	0	7	1	7	0	17	10	7	0	190
jgi|Lacbi1|335512|fgenesh3_pg.C_scaffold_92000007_102-307_1OYW:A:1-206	0	7	2	10	0	22	14	12	0	206
jgi|Lacbi1|335544|fgenesh3_pg.C_scaffold_94000014_16-74_1EZF:A:	0	0	3	18	0	19	14	22	0	333
jgi|Lacbi1|335570|fgenesh3_pg.C_scaffold_96000006_50-109_2DO3:A:462-523	0	5	0	0	0	9	7	3	0	62
jgi|Lacbi1|335579|fgenesh3_pg.C_scaffold_96000015_68-169_1OGS:A:78-431	4	10	4	12	0	35	27	25	0	354
jgi|Lacbi1|335589|fgenesh3_pg.C_scaffold_98000002_397-432_2DO3:A:462-523	0	5	0	0	0	9	7	3	0	62
jgi|Lacbi1|335589|fgenesh3_pg.C_scaffold_98000002_333-400_1NZ9:A:	0	5	2	0	0	7	3	3	0	58
jgi|Lacbi1|335612|fgenesh3_pg.C_scaffold_101000002_19-195_2BW3:A:163-609	0	5	7	21	0	33	14	25	0	447
jgi|Lacbi1|335616|fgenesh3_pg.C_scaffold_101000006_32-172_1IQP:A:2-232	0	7	4	13	0	20	11	14	0	231
jgi|Lacbi1|335624|fgenesh3_pg.C_scaffold_103000002_500-586,640-677,734-779_1G7S:A:1-227	3	9	5	6	0	24	13	14	0	227
jgi|Lacbi1|335653|fgenesh3_pg.C_scaffold_107000002_625-1043_1VRT:A:4-429	9	19	4	9	0	48	27	19	0	426
jgi|Lacbi1|335785|fgenesh3_pg.C_scaffold_149000001_50-190_2GF0:A:4-176	2	7	2	6	0	19	11	8	0	173
jgi|Lacbi1|335820|fgenesh3_pg.C_scaffold_157000002_91-272_1KNQ:A:	0	5	1	7	0	16	7	10	0	171
jgi|Lacbi1|335830|fgenesh3_pg.C_scaffold_159000002_8-149_1WDY:A:	2	0	0	17	0	35	10	27	0	285
jgi|Lacbi1|335903|fgenesh3_pg.C_scaffold_182000001_123-192_1GXL:A:	2	8	4	7	0	19	12	14	0	205
jgi|Lacbi1|335909|fgenesh3_pg.C_scaffold_184000003_213-257_1U6P:A:	2	0	1	0	0	10	6	3	0	56
jgi|Lacbi1|335940|fgenesh3_pg.C_scaffold_197000002_21-144_1G3Q:A:	0	8	3	11	0	25	16	14	0	237
jgi|Lacbi1|335990|fgenesh3_pg.C_scaffold_221000001_20-238_1IQP:A:2-232	0	7	4	13	0	20	11	14	0	231
jgi|Lacbi1|336024|fgenesh3_pg.C_scaffold_242000003_109-370_1JR3:A:3-242	2	5	2	11	0	27	23	12	0	240
jgi|Lacbi1|336127|fgenesh3_pg.C_scaffold_310000003_54-148_4CRX:A:20-129	0	0	2	5	0	7	4	5	0	110
jgi|Lacbi1|336137|fgenesh3_pg.C_scaffold_323000001_147-241_4FIV:A:	0	7	1	1	0	16	6	6	0	113
jgi|Lacbi1|336259|fgenesh3_pg.C_scaffold_474000001_46-230_1XVX:A:	5	9	8	11	0	31	19	13	0	311
jgi|Lacbi1|336358|fgenesh3_pg.C_scaffold_942000001_1-135_1X3S:A:2-178	0	6	2	6	0	18	11	14	0	177
jgi|Lacbi1|336365|fgenesh3_pg.C_scaffold_1159000001_1-113_1IWG:A:513-566,A:869-1036	2	0	1	11	0	13	7	10	1	222
