PDB_ID	B	E	G	H	I	L	S	T	X	sequence_length
gi|116618456|ref|YP_818827.1|_1-49_2J01:6:9-53	0	0	0	0	0	5	4	2	0	45
gi|116617350|ref|YP_817721.1|_2-70_1AH9:A:	0	7	1	0	0	13	6	4	0	71
gi|116617337|ref|YP_817708.1|_2-64_1R73:A:	0	0	0	3	0	4	2	2	0	66
gi|116617328|ref|YP_817699.1|_5-102_2QAL:J:5-102	4	5	0	2	0	13	6	3	0	98
gi|116617175|ref|YP_817546.1|_108-319_1L8Q:A:77-289	0	5	2	9	0	17	9	11	0	213
gi|116617175|ref|YP_817546.1|_341-445_1J1V:A:	0	0	0	6	0	7	3	3	0	94
gi|116617176|ref|YP_817547.1|_252-377_1VPK:A:244-366	1	9	1	2	0	13	8	4	0	123
gi|116617176|ref|YP_817547.1|_1-125_2POL:A:1-122	2	8	2	2	0	12	7	5	0	122
gi|116617176|ref|YP_817547.1|_132-253_2POL:A:123-244	0	6	2	3	0	9	8	2	0	122
gi|116617177|ref|YP_817548.1|_3-68_1P9K:A:	1	4	0	2	0	8	8	4	0	78
gi|116617178|ref|YP_817549.1|_1-217,244-352_1F2T:A:,B:	2	15	3	7	0	24	21	15	1	292
gi|116617179|ref|YP_817550.1|_431-663_1BJT:A:	7	25	4	20	0	69	43	34	0	760
gi|116617179|ref|YP_817550.1|_38-247_1EI1:A:2-220	2	11	1	6	0	26	18	12	0	219
gi|116617179|ref|YP_817550.1|_257-428_1EI1:A:221-392	5	5	0	6	0	12	6	8	0	172
gi|116617180|ref|YP_817551.1|_32-487_1AB4:A:	1	20	2	16	0	51	27	22	0	493
gi|116617180|ref|YP_817551.1|_500-820_1WP5:A:	3	23	6	3	0	42	27	18	0	322
gi|116617181|ref|YP_817552.1|_1-157_2F8A:A:12-195	2	7	5	4	0	26	16	13	0	184
gi|116617182|ref|YP_817553.1|_2-114_1KRW:A:	0	5	0	5	0	10	8	4	0	124
gi|116617183|ref|YP_817554.1|_131-238_1L0O:A:	1	6	3	4	0	15	8	5	0	141
gi|116617184|ref|YP_817555.1|_2-78,223-507_2F9F:A:2-167	2	6	1	7	0	19	11	10	0	166
gi|116617185|ref|YP_817556.1|_264-487_2F9F:A:2-167	2	6	1	7	0	19	11	10	0	166
gi|116617187|ref|YP_817558.1|_316-477_1HKH:A:	8	8	1	13	0	23	13	22	0	279
gi|116617189|ref|YP_817560.1|_3-117_1O0I:A:	2	6	0	3	0	15	10	7	0	137
gi|116617190|ref|YP_817561.1|_11-273_1Q52:A:	0	11	4	10	0	23	12	15	0	297
gi|116617191|ref|YP_817562.1|_2-264_1F89:A:	4	13	1	7	0	29	14	11	0	281
gi|116617192|ref|YP_817563.1|_6-389_1GDE:A:	4	12	7	13	0	42	12	25	0	388
gi|116617193|ref|YP_817564.1|_7-387_1PW4:A:	2	0	1	18	0	21	18	22	0	450
gi|116617194|ref|YP_817565.1|_3-255_1YV9:A:4-256	1	15	3	8	0	27	18	14	0	253
gi|116617197|ref|YP_817568.1|_14-146_1Q2Y:A:	0	8	3	3	0	10	7	8	0	140
gi|116617198|ref|YP_817569.1|_266-669_1HDH:A:	1	18	10	15	0	58	40	36	0	525
gi|116617199|ref|YP_817570.1|_12-353_2F9F:A:2-167	2	6	1	7	0	19	11	10	0	166
gi|116617200|ref|YP_817571.1|_18-92_1Q06:A:	0	2	0	6	0	12	2	6	0	127
gi|116617201|ref|YP_817572.1|_82-295_1PRZ:A:	5	11	2	5	0	31	18	12	0	252
gi|116617202|ref|YP_817573.1|_1-231_1RC2:A:	0	0	0	10	0	15	9	12	0	231
gi|116617203|ref|YP_817574.1|_385-402,440-679_2B8E:A:416-434,A:548-663	2	6	0	6	1	16	9	5	1	135
gi|116617203|ref|YP_817574.1|_188-283_1SU4:A:125-239	2	9	3	0	0	21	10	7	0	115
gi|116617203|ref|YP_817574.1|_135-189,286-373_1SU4:A:1-124,A:240-343,A:751-994	1	1	8	18	0	32	20	22	2	472
gi|116617204|ref|YP_817575.1|_5-122_1OKR:A:	0	3	0	6	0	6	5	4	0	120
gi|116617205|ref|YP_817576.1|_1-77_3BWG:A:5-82	1	3	1	3	0	8	3	5	0	78
gi|116617206|ref|YP_817577.1|_3-207_1VPL:A:	2	10	2	9	0	18	9	15	0	238
gi|116617208|ref|YP_817579.1|_3-222_1VPL:A:	2	10	2	9	0	18	9	15	0	238
gi|116617210|ref|YP_817581.1|_5-271_1HW6:A:	4	9	4	10	0	28	14	13	0	262
gi|116617211|ref|YP_817582.1|_4-371_1VEF:A:9-395	3	17	2	15	0	38	24	27	0	387
gi|116617212|ref|YP_817583.1|_1-242_2BTY:A:1-282	5	14	1	11	0	26	15	16	0	282
gi|116617213|ref|YP_817584.1|_19-400_1VZ6:A:	3	14	2	11	0	35	15	19	0	383
gi|116617214|ref|YP_817585.1|_150-314_1VKN:A:145-307	1	7	3	4	0	17	10	10	0	163
gi|116617214|ref|YP_817585.1|_6-176_1VKN:A:1-144,A:308-339	3	6	2	7	0	19	10	11	1	176
gi|116617215|ref|YP_817586.1|_3-162_1FJJ:A:	5	8	2	1	0	21	10	12	0	158
gi|116617218|ref|YP_817589.1|_4-135_1LSU:A:	0	6	1	6	0	12	8	7	0	134
gi|116617218|ref|YP_817589.1|_131-216_1VCT:A:108-201	2	4	0	4	0	12	4	6	0	94
gi|116617220|ref|YP_817591.1|_5-396_1PV7:A:	0	0	2	22	0	18	12	14	0	417
gi|116617221|ref|YP_817592.1|_1-65_1UTX:A:	0	2	0	5	0	7	3	4	0	66
gi|116617222|ref|YP_817593.1|_25-85_1B0N:A:1-68	0	0	0	5	0	8	1	5	0	68
gi|116617227|ref|YP_817598.1|_6-230_3DHW:C:1-240	3	10	1	7	0	21	17	12	0	240
gi|116617227|ref|YP_817598.1|_249-490_1JI0:A:	2	10	1	10	0	19	14	15	0	240
gi|116617230|ref|YP_817601.1|_1-145_1HYH:A:21-166	0	6	4	4	0	14	9	5	0	146
gi|116617230|ref|YP_817601.1|_144-300_1HYH:A:167-329	2	7	2	4	0	14	2	9	0	163
gi|116617231|ref|YP_817602.1|_4-233_1F3O:A:	0	10	2	7	0	22	15	14	0	232
gi|116617233|ref|YP_817604.1|_39-258_1JDP:A:	1	15	2	11	0	36	19	23	0	401
gi|116617234|ref|YP_817605.1|_12-73_1Y7Y:A:5-73	1	0	1	4	0	7	2	4	0	69
gi|116617235|ref|YP_817606.1|_1-185_1VL8:A:	2	7	6	9	0	25	10	14	0	251
gi|116617238|ref|YP_817609.1|_474-714_2HYD:A:324-578	2	10	5	9	0	25	21	16	0	255
gi|116617238|ref|YP_817609.1|_155-459_2HYD:A:1-323	0	0	1	15	1	9	5	12	0	323
gi|116617247|ref|YP_817618.1|_1-130_1XHF:A:2-122	0	5	0	5	0	13	10	2	0	121
gi|116617248|ref|YP_817619.1|_298-414_1ID0:A:	0	7	2	3	0	16	7	7	0	146
gi|116617250|ref|YP_817621.1|_1-258_1UB0:A:	1	9	1	8	0	20	12	11	0	258
gi|116617252|ref|YP_817623.1|_17-274,402-463_1E39:A:103-359,A:506-568	2	15	3	9	0	38	17	21	1	320
gi|116617252|ref|YP_817623.1|_255-403_1D4C:A:360-505	0	6	0	6	0	14	9	12	0	146
gi|116617253|ref|YP_817624.1|_83-288_2HYD:A:324-578	2	10	5	9	0	25	21	16	0	255
gi|116617253|ref|YP_817624.1|_4-68_1ADR:A:	0	0	0	5	0	9	6	6	0	76
gi|116617256|ref|YP_817627.1|_6-233_1QG8:A:	2	9	4	8	0	22	13	12	0	255
gi|116617258|ref|YP_817629.1|_1-288_1NHP:A:120-242	2	8	0	3	0	12	10	6	0	123
gi|116617258|ref|YP_817629.1|_327-452_1NHP:A:322-447	3	5	0	4	0	15	3	10	0	126
gi|116617260|ref|YP_817631.1|_197-327_1JLV:A:85-207	0	0	1	6	0	6	6	7	0	123
gi|116617261|ref|YP_817632.1|_12-416_1SZQ:A:	10	6	6	22	0	48	24	27	0	473
gi|116617262|ref|YP_817633.1|_5-158_1Z4E:A:4-153	0	6	2	5	0	11	5	10	0	150
gi|116617263|ref|YP_817634.1|_13-206_3DHW:A:6-208	0	0	1	9	0	11	7	9	0	203
gi|116617264|ref|YP_817635.1|_3-238_1B0U:A:	0	12	1	10	0	24	16	14	0	261
gi|116617265|ref|YP_817636.1|_11-265_1LST:A:	6	12	3	10	0	29	17	16	0	238
gi|116617266|ref|YP_817637.1|_7-195,296-377_1YSJ:A:4-177,A:293-379	3	10	2	7	0	31	13	17	1	261
gi|116617266|ref|YP_817637.1|_181-291_1YSJ:A:178-292	0	4	0	2	0	9	4	1	0	115
gi|116617267|ref|YP_817638.1|_3-103_1QUW:A:	0	4	0	4	0	11	5	6	0	105
gi|116617268|ref|YP_817639.1|_15-244_1R61:A:	2	12	4	3	0	32	14	14	0	205
gi|116617270|ref|YP_817641.1|_3-256_1GEG:A:	4	7	4	9	0	21	11	15	0	255
gi|116617271|ref|YP_817642.1|_36-279_1P99:A:	0	13	7	8	0	27	14	15	0	255
gi|116617272|ref|YP_817643.1|_11-197_3DHW:A:6-208	0	0	1	9	0	11	7	9	0	203
gi|116617273|ref|YP_817644.1|_18-208_3DHW:A:6-208	0	0	1	9	0	11	7	9	0	203
gi|116617274|ref|YP_817645.1|_5-239_1B0U:A:	0	12	1	10	0	24	16	14	0	261
gi|116617275|ref|YP_817646.1|_3-262_1XT8:A:10-257	2	13	3	10	0	20	15	15	0	248
gi|116617276|ref|YP_817647.1|_3-217,314-371_1EL5:A:1-217,A:322-385	0	16	6	7	0	31	12	17	1	281
gi|116617276|ref|YP_817647.1|_213-314_1EL5:A:218-321	2	6	2	2	0	13	4	6	0	104
gi|116617279|ref|YP_817650.1|_1-287_1MGP:A:	0	13	2	10	0	26	12	16	0	312
gi|116617281|ref|YP_817652.1|_9-463_1PV7:A:	0	0	2	22	0	18	12	14	0	417
gi|116617282|ref|YP_817653.1|_82-373_2HOE:A:200-368	0	7	2	6	0	16	6	3	0	169
gi|116617282|ref|YP_817653.1|_9-68_2HOE:A:10-71	1	2	0	3	0	6	3	2	0	62
gi|116617283|ref|YP_817654.1|_5-445_1A0D:A:	5	14	5	16	0	41	24	25	0	437
gi|116617284|ref|YP_817655.1|_4-249_1R59:O:5-256	12	6	1	9	0	35	21	15	0	252
gi|116617284|ref|YP_817655.1|_249-489_1R59:O:257-491	1	10	2	5	0	26	22	13	0	235
gi|116617286|ref|YP_817657.1|_32-336_1J93:A:	5	9	3	15	0	35	20	15	0	343
gi|116617287|ref|YP_817658.1|_12-330_1J93:A:	5	9	3	15	0	35	20	15	0	343
gi|116617288|ref|YP_817659.1|_39-280_1WDN:A:	2	11	1	8	0	14	14	12	0	223
gi|116617289|ref|YP_817660.1|_15-211_3DHW:A:6-208	0	0	1	9	0	11	7	9	0	203
gi|116617290|ref|YP_817661.1|_15-212_3DHW:A:6-208	0	0	1	9	0	11	7	9	0	203
gi|116617291|ref|YP_817662.1|_1-238_1B0U:A:	0	12	1	10	0	24	16	14	0	261
gi|116617292|ref|YP_817663.1|_8-254_2BV3:A:7-282	2	11	3	8	0	22	12	14	0	276
gi|116617292|ref|YP_817663.1|_239-367_2BV3:A:283-403	1	12	0	0	0	15	9	9	0	121
gi|116617292|ref|YP_817663.1|_372-444_1N0U:A:482-560	0	4	1	2	0	9	6	3	0	79
gi|116617295|ref|YP_817666.1|_6-266_1UB0:A:	1	9	1	8	0	20	12	11	0	258
gi|116617297|ref|YP_817668.1|_3-256_1GEG:A:	4	7	4	9	0	21	11	15	0	255
gi|116617298|ref|YP_817669.1|_474-898_1RRM:A:	3	10	9	14	0	32	17	17	0	385
gi|116617298|ref|YP_817669.1|_30-475_1O20:A:	1	16	5	14	0	43	24	19	0	414
gi|116617299|ref|YP_817670.1|_108-493_1UWV:A:75-432	7	17	2	8	0	35	22	22	0	358
gi|116617299|ref|YP_817670.1|_41-101_1YVC:A:1-69	0	6	0	0	0	12	5	6	0	69
gi|116617302|ref|YP_817673.1|_405-684_1QVR:A:536-850	5	9	4	14	0	30	21	15	0	315
gi|116617302|ref|YP_817673.1|_87-354_1QVR:A:149-535	0	8	0	16	0	30	17	16	0	387
gi|116617304|ref|YP_817675.1|_170-311_2JEK:A:6-145	2	0	0	10	0	14	11	9	0	140
gi|116617304|ref|YP_817675.1|_8-157_1VCD:A:1-126	1	7	0	3	0	16	6	5	0	126
gi|116617305|ref|YP_817676.1|_1-451_1J3U:A:	3	8	7	15	1	40	20	27	0	462
gi|116617306|ref|YP_817677.1|_5-146_1LK5:A:1-130,A:211-229	2	8	3	4	0	18	9	8	1	149
gi|116617306|ref|YP_817677.1|_133-207_1LK5:A:131-210	2	5	2	2	0	11	7	5	0	80
gi|116617307|ref|YP_817678.1|_2-89_1R57:A:	1	5	1	2	0	7	5	6	0	101
gi|116617308|ref|YP_817679.1|_3-40,71-178_1Q5H:C:	3	12	0	1	0	23	8	7	0	146
gi|116617309|ref|YP_817680.1|_19-241_1SZP:A:145-395	0	11	3	9	0	20	16	11	0	251
gi|116617309|ref|YP_817680.1|_205-219,253-407_1XHK:A:	5	9	2	4	0	19	12	7	0	185
gi|116617312|ref|YP_817683.1|_6-72_2G3B:A:2-73	0	0	0	4	0	4	3	2	0	72
gi|116617312|ref|YP_817683.1|_82-176_2HYJ:A:83-200	0	0	0	5	0	7	5	7	0	118
gi|116617313|ref|YP_817684.1|_5-323_1J09:A:1-305	10	9	5	10	0	36	14	16	0	305
gi|116617313|ref|YP_817684.1|_307-491_1J09:A:306-468	0	0	2	9	0	14	10	6	0	163
gi|116617314|ref|YP_817685.1|_3-317_1LI5:A:1-315	10	12	4	9	0	33	15	16	0	315
gi|116617314|ref|YP_817685.1|_321-467_1U0B:B:316-461	1	2	0	8	0	14	6	10	0	146
gi|116617315|ref|YP_817686.1|_138-424_1SET:A:111-421	3	16	5	9	0	33	20	19	0	311
gi|116617315|ref|YP_817686.1|_1-113_1SET:A:1-110	0	0	1	4	0	6	1	3	0	110
gi|116617316|ref|YP_817687.1|_11-242,364-411_1M6N:A:1-226,A:349-395	0	9	4	12	0	18	13	11	1	273
gi|116617316|ref|YP_817687.1|_588-800_1M6N:A:571-802	0	1	1	6	0	16	14	9	0	232
gi|116617316|ref|YP_817687.1|_412-584_1M6N:A:396-570	1	7	2	5	0	16	11	11	0	175
gi|116617316|ref|YP_817687.1|_241-364_1M6N:A:227-348	4	2	2	5	0	15	3	11	0	122
gi|116617317|ref|YP_817688.1|_29-366_1GQE:A:	2	11	5	9	0	25	16	15	0	362
gi|116617318|ref|YP_817689.1|_497-800_1QVR:A:536-850	5	9	4	14	0	30	21	15	0	315
gi|116617318|ref|YP_817689.1|_167-469_1QVR:A:149-535	0	8	0	16	0	30	17	16	0	387
gi|116617318|ref|YP_817689.1|_3-149_1QVR:A:4-148	0	2	1	7	0	16	12	7	0	145
gi|116617320|ref|YP_817691.1|_2-136_2QAL:L:1-123	4	5	0	1	0	21	11	8	0	123
gi|116617321|ref|YP_817692.1|_7-149_1HUS:A:	0	4	0	6	0	13	5	4	0	139
gi|116617322|ref|YP_817693.1|_6-289_2BV3:A:7-282	2	11	3	8	0	22	12	14	0	276
gi|116617322|ref|YP_817693.1|_487-606_2BV3:A:479-599	1	6	1	2	0	15	8	4	0	121
gi|116617322|ref|YP_817693.1|_273-412_2BV3:A:283-403	1	12	0	0	0	15	9	9	0	121
gi|116617322|ref|YP_817693.1|_611-697_2BV3:A:600-688	0	4	2	3	0	5	0	4	0	89
gi|116617322|ref|YP_817693.1|_412-489_1FNM:A:404-482	0	5	0	2	0	8	3	2	0	79
gi|116617323|ref|YP_817694.1|_10-389_1PW4:A:	2	0	1	18	0	21	18	22	0	450
gi|116617324|ref|YP_817695.1|_9-245_1G29:1:1-240	1	11	4	8	0	20	15	14	0	240
gi|116617324|ref|YP_817695.1|_241-346_1G29:1:302-372	2	5	1	0	0	10	1	5	0	71
gi|116617325|ref|YP_817696.1|_7-270_3D31:C:13-260	0	0	2	12	0	11	6	13	0	248
gi|116617326|ref|YP_817697.1|_5-253_2ONK:C:1-252	0	0	1	12	0	13	9	9	0	252
gi|116617327|ref|YP_817698.1|_36-355_1POT:A:	7	9	7	12	0	35	22	23	0	322
gi|116617329|ref|YP_817700.1|_1-212_2ZJR:B:1-205	1	12	1	2	0	29	15	10	0	205
gi|116617330|ref|YP_817701.1|_1-204_1DMG:A:	0	6	0	7	0	18	9	7	0	225
gi|116617331|ref|YP_817702.1|_1-92_2ZJR:Q:2-94	2	4	0	2	0	13	6	4	0	93
gi|116617332|ref|YP_817703.1|_126-272_2J01:D:127-273	4	9	2	1	0	25	19	10	0	147
gi|116617332|ref|YP_817703.1|_2-125_2J01:D:2-126	8	4	1	0	0	20	11	9	0	125
gi|116617333|ref|YP_817704.1|_3-84_2GY9:S:2-80	2	3	4	1	0	11	9	5	0	79
gi|116617334|ref|YP_817705.1|_6-116_2ZJR:P:8-134	1	5	1	5	0	10	4	6	0	127
gi|116617335|ref|YP_817706.1|_115-214_2QAL:C:106-206	2	4	3	2	0	14	5	3	0	101
gi|116617335|ref|YP_817706.1|_2-114_2QAL:C:1-105	2	3	0	4	0	12	7	5	0	105
gi|116617336|ref|YP_817707.1|_1-135_1WKI:A:	1	8	0	2	0	20	12	5	0	141
gi|116617338|ref|YP_817709.1|_8-85_1RIP:A:	5	2	0	0	0	17	12	1	0	81
gi|116617339|ref|YP_817710.1|_1-122_1WHI:A:	7	7	0	2	0	27	10	9	0	122
gi|116617340|ref|YP_817711.1|_2-100_2GYA:S:3-101	0	6	1	1	0	16	11	6	0	99
gi|116617341|ref|YP_817712.1|_5-179_1IQ4:A:	3	5	4	5	0	23	16	6	0	179
gi|116617342|ref|YP_817713.1|_2-132_1SEI:A:	4	8	1	3	0	13	7	6	0	130
gi|116617343|ref|YP_817714.1|_83-177_1RL6:A:82-170	0	7	0	1	0	7	4	7	0	89
gi|116617343|ref|YP_817714.1|_1-82_1RL6:A:7-81	0	6	0	1	0	8	2	6	0	75
gi|116617344|ref|YP_817715.1|_7-115_1OVY:A:	0	3	0	2	0	10	11	6	0	97
gi|116617345|ref|YP_817716.1|_82-160_1PKP:A:78-148	1	4	0	2	0	9	5	4	0	71
gi|116617345|ref|YP_817716.1|_10-77_1PKP:A:4-77	2	4	1	1	0	9	7	1	0	74
gi|116617346|ref|YP_817717.1|_1-59_2GYC:X:3-58	0	3	0	2	0	8	3	5	0	56
gi|116617347|ref|YP_817718.1|_4-143_2GYA:J:4-143	1	2	0	0	0	24	22	4	0	140
gi|116617348|ref|YP_817719.1|_1-421_1RH5:A:	4	2	2	14	0	28	20	20	0	422
gi|116617349|ref|YP_817720.1|_2-184_1P3J:A:1-125,A:161-212	0	5	2	8	0	13	7	9	1	177
gi|116617351|ref|YP_817722.1|_1-38_2ZJR:4:1-37	0	4	0	0	0	9	4	2	0	37
gi|116617352|ref|YP_817723.1|_2-115_2GY9:M:1-114	2	0	0	6	0	12	10	5	0	114
gi|116617353|ref|YP_817724.1|_12-128_2QAL:K:12-128	0	5	1	3	0	11	7	6	0	117
gi|116617354|ref|YP_817725.1|_48-171_1I6V:A:50-172	4	6	1	1	0	19	12	4	0	123
gi|116617354|ref|YP_817725.1|_4-48,172-226_1I6V:A:6-49,A:173-229	6	4	0	3	0	16	6	5	1	101
gi|116617354|ref|YP_817725.1|_250-312_1Z3E:B:245-311	3	0	1	5	0	7	3	6	0	67
gi|116617355|ref|YP_817726.1|_2-127_1GD8:A:	0	3	0	5	0	8	5	3	0	105
gi|116617356|ref|YP_817727.1|_6-331_1V4E:A:	0	2	1	14	0	18	6	12	0	280
gi|116617357|ref|YP_817728.1|_1-341_1XHC:A:1-103,A:226-289	4	11	2	5	0	18	13	9	1	165
gi|116617358|ref|YP_817729.1|_4-230_3DHW:C:1-240	3	10	1	7	0	21	17	12	0	240
gi|116617359|ref|YP_817730.1|_3-235_1B0U:A:	0	12	1	10	0	24	16	14	0	261
gi|116617361|ref|YP_817732.1|_1-255_1DJ0:A:	0	10	4	5	0	30	16	16	0	264
gi|116617362|ref|YP_817733.1|_10-126_1G79:A:	0	10	3	5	0	17	9	10	0	199
gi|116617363|ref|YP_817734.1|_6-144_2GYC:H:1-140	0	0	0	2	0	18	19	8	0	140
gi|116617364|ref|YP_817735.1|_7-131_2GY9:I:4-129	0	6	3	4	0	10	5	5	0	126
gi|116617365|ref|YP_817736.1|_1-80_1IXC:A:1-89	2	0	0	4	0	6	2	3	0	89
gi|116617365|ref|YP_817736.1|_92-301_1ZBM:A:2-261	0	11	5	11	0	24	18	13	0	260
gi|116617366|ref|YP_817737.1|_1-336_1Z41:A:2-338	1	12	4	10	0	34	24	18	0	337
gi|116617369|ref|YP_817740.1|_8-255_2BTM:A:	2	8	3	12	0	23	13	15	0	251
gi|116617370|ref|YP_817741.1|_139-430_1IYX:A:137-431	4	13	3	9	0	38	18	14	0	295
gi|116617370|ref|YP_817741.1|_3-138_1W6T:A:1-137	2	3	1	5	0	12	6	12	0	137
gi|116617371|ref|YP_817742.1|_5-191_1LMZ:A:	0	2	0	8	0	14	11	8	0	187
gi|116617372|ref|YP_817743.1|_304-488_1U6Z:A:313-509	0	3	3	7	0	16	6	11	0	197
gi|116617372|ref|YP_817743.1|_5-116_1T6C:A:7-132	0	5	0	5	0	9	4	7	0	126
gi|116617373|ref|YP_817744.1|_499-676_1XDP:A:502-688	5	9	1	5	0	21	14	9	0	187
gi|116617373|ref|YP_817744.1|_327-494_1XDP:A:315-501	2	8	2	5	0	21	8	14	0	187
gi|116617373|ref|YP_817744.1|_115-313_1XDP:A:107-314	0	9	4	3	0	26	15	15	0	208
gi|116617373|ref|YP_817744.1|_7-109_1XDP:A:2-106	1	0	0	4	0	7	4	3	0	105
gi|116617374|ref|YP_817745.1|_129-304_1T6C:A:133-312	0	6	1	8	0	13	10	9	0	180
gi|116617374|ref|YP_817745.1|_4-126_1U6Z:A:12-135	2	5	2	4	0	14	3	6	0	124
gi|116617375|ref|YP_817746.1|_2-132_2CVE:A:2-124	1	7	0	3	0	10	8	6	0	123
gi|116617375|ref|YP_817746.1|_136-200_1VI7:A:138-208	0	4	0	2	0	6	2	4	0	70
gi|116617376|ref|YP_817747.1|_104-394_1GM5:A:550-755	5	3	1	7	0	26	21	8	0	206
gi|116617377|ref|YP_817748.1|_61-223_1DKR:A:167-316	0	9	1	4	0	15	12	6	0	150
gi|116617378|ref|YP_817749.1|_4-106_2YWQ:A:1-95	0	4	1	2	0	6	4	3	0	95
gi|116617380|ref|YP_817751.1|_1-218_1E58:A:	4	6	4	10	0	30	9	18	0	247
gi|116617381|ref|YP_817752.1|_210-350_2YZQ:A:1-122	3	7	1	3	0	11	9	5	0	122
gi|116617381|ref|YP_817752.1|_354-433_2RK5:A:5-88	2	5	0	2	0	6	3	6	0	84
gi|116617382|ref|YP_817753.1|_3-73_1H75:A:	0	4	1	3	0	9	3	5	0	76
gi|116617383|ref|YP_817754.1|_171-705_1PEQ:A:175-699	5	17	4	21	0	59	31	26	0	525
gi|116617383|ref|YP_817754.1|_23-170_1PEQ:A:13-174	5	1	1	10	0	14	10	10	0	162
gi|116617384|ref|YP_817755.1|_1-140_1RLJ:A:	2	5	3	5	0	13	7	6	0	138
gi|116617385|ref|YP_817756.1|_6-321_1OQU:C:	0	0	4	14	0	19	11	11	0	328
gi|116617386|ref|YP_817757.1|_10-206_1D2T:A:	0	0	2	13	0	18	11	13	0	224
gi|116617387|ref|YP_817758.1|_184-313_1KS9:A:168-291	0	0	2	6	0	7	1	7	0	124
gi|116617387|ref|YP_817758.1|_1-127_1DLJ:A:1-196	0	10	0	8	0	26	16	8	0	196
gi|116617389|ref|YP_817760.1|_140-322_1JCF:A:141-336	2	9	2	9	0	18	11	7	0	196
gi|116617389|ref|YP_817760.1|_3-139_1JCF:A:1-140	0	10	0	4	0	12	8	9	0	140
gi|116617393|ref|YP_817764.1|_135-358_1EHI:A:135-362	0	9	3	6	0	24	11	13	0	228
gi|116617393|ref|YP_817764.1|_3-134_1EHI:A:3-134	2	3	1	5	0	13	8	10	0	132
gi|116617394|ref|YP_817765.1|_6-79_1Z77:A:1-75	0	0	0	4	0	4	1	3	0	75
gi|116617395|ref|YP_817766.1|_14-59_2J01:6:9-53	0	0	0	0	0	5	4	2	0	45
gi|116617397|ref|YP_817768.1|_6-124_1NZ8:A:	1	5	0	3	0	13	7	6	0	119
gi|116617397|ref|YP_817768.1|_127-186_1NZ9:A:	0	5	2	0	0	7	3	3	0	58
gi|116617398|ref|YP_817769.1|_67-138_1HC8:A:	0	2	1	3	0	7	4	3	0	74
gi|116617399|ref|YP_817770.1|_8-228_1AD2:A:	2	9	3	6	0	31	15	17	0	224
gi|116617400|ref|YP_817771.1|_7-162_1ZAV:A:1-177	0	5	2	6	0	12	5	9	0	177
gi|116617401|ref|YP_817772.1|_52-121_1CTF:A:	0	3	1	3	0	7	1	2	0	68
gi|116617401|ref|YP_817772.1|_3-51_1DD3:A:1-57	0	0	0	3	0	3	2	2	0	57
gi|116617402|ref|YP_817773.1|_15-201_1DUS:A:	0	9	1	5	0	16	12	13	0	194
gi|116617403|ref|YP_817774.1|_10-160_2B3J:A:1-151	2	5	0	5	0	15	6	13	0	151
gi|116617404|ref|YP_817775.1|_18-158_1XX7:A:	2	0	3	11	0	13	6	7	0	183
gi|116617405|ref|YP_817776.1|_36-212_1JR3:A:3-242	2	5	2	11	0	27	23	12	0	240
gi|116617405|ref|YP_817776.1|_236-350_1JR3:A:243-368	0	0	1	6	0	8	4	7	0	126
gi|116617406|ref|YP_817777.1|_13-213_1VDD:A:	4	7	3	7	0	24	13	11	0	199
gi|116617408|ref|YP_817779.1|_1-211_4TMK:A:	0	5	0	9	0	16	8	12	0	210
gi|116617409|ref|YP_817780.1|_1-105_1GNK:A:	2	4	3	2	0	11	1	4	0	112
gi|116617410|ref|YP_817781.1|_15-161_1A5T:A:1-207	4	5	3	9	0	22	14	14	0	207
gi|116617411|ref|YP_817782.1|_13-231_1WYZ:A:2-234	0	10	1	9	0	23	14	9	0	233
gi|116617412|ref|YP_817783.1|_3-144_2OWN:A:3-149	3	7	3	2	0	17	6	9	0	147
gi|116617412|ref|YP_817783.1|_148-241_2OWN:A:150-258	2	5	2	2	0	11	4	6	0	109
gi|116617413|ref|YP_817784.1|_1-327_1GY8:A:	4	14	2	11	0	41	23	17	0	383
gi|116617414|ref|YP_817785.1|_87-155_2H3J:A:1-75	0	5	0	2	0	10	3	6	0	75
gi|116617414|ref|YP_817785.1|_4-74_1BYM:A:	0	5	1	3	0	12	9	5	0	97
gi|116617415|ref|YP_817786.1|_6-164_1WF3:A:3-180	1	6	2	5	0	17	15	11	0	178
gi|116617416|ref|YP_817787.1|_62-312_2NZU:G:58-332	0	12	2	9	0	30	19	13	0	275
gi|116617416|ref|YP_817787.1|_3-59_2BJC:A:1-62	0	0	1	4	0	7	3	3	0	62
gi|116617417|ref|YP_817788.1|_490-639_2GPR:A:	1	13	2	2	0	27	13	7	0	154
gi|116617417|ref|YP_817788.1|_7-81_1O2F:B:	0	4	1	3	0	9	4	6	0	77
gi|116617418|ref|YP_817789.1|_11-327_1UYP:A:1-294	3	21	2	0	0	24	19	15	0	294
gi|116617418|ref|YP_817789.1|_334-421_1Y4W:A:373-536	2	13	1	0	0	18	11	11	0	164
gi|116617419|ref|YP_817790.1|_3-286_1XC3:A:119-294	4	5	5	5	0	14	11	12	0	176
gi|116617420|ref|YP_817791.1|_83-239_1R44:A:	3	7	4	5	0	26	17	17	0	202
gi|116617421|ref|YP_817792.1|_2-207_1P5Z:B:	0	5	4	10	0	19	11	10	0	241
gi|116617422|ref|YP_817793.1|_6-260_2AKO:A:2-251	6	8	3	9	0	26	12	9	0	250
gi|116617423|ref|YP_817794.1|_2-412_1O20:A:	1	16	5	14	0	43	24	19	0	414
gi|116617424|ref|YP_817795.1|_1-313_1Q8F:A:	0	12	3	12	0	38	16	10	0	308
gi|116617425|ref|YP_817796.1|_1-315_1TRB:A:119-244	1	8	1	4	0	13	10	6	0	126
gi|116617427|ref|YP_817798.1|_1-216_2PJQ:A:1-215	0	0	2	11	0	15	11	12	0	215
gi|116617428|ref|YP_817799.1|_36-391_2D5B:A:1-348	3	16	3	14	0	29	15	22	0	348
gi|116617428|ref|YP_817799.1|_397-564_1RQG:A:397-606	2	0	1	10	0	14	6	10	0	210
gi|116617428|ref|YP_817799.1|_599-701_1PYB:A:	1	8	0	2	0	16	10	6	0	107
gi|116617429|ref|YP_817800.1|_76-262_1WQW:A:1-188	4	7	1	5	0	17	10	11	0	188
gi|116617429|ref|YP_817800.1|_5-60_1BIA:A:1-63	1	2	0	3	0	7	3	4	0	63
gi|116617429|ref|YP_817800.1|_274-316_1BIA:A:271-317	0	5	0	0	0	4	3	4	0	47
gi|116617431|ref|YP_817802.1|_1-213_1BYI:A:	2	10	2	8	0	28	14	14	0	224
gi|116617432|ref|YP_817803.1|_1-176_1GD1:O:0-148,O:313-333	2	11	3	5	0	21	11	11	1	171
gi|116617432|ref|YP_817803.1|_155-320_1HDG:O:149-312	2	8	3	3	0	14	9	8	0	163
gi|116617433|ref|YP_817804.1|_1-259_1II7:A:	4	19	4	8	0	37	23	13	0	333
gi|116617434|ref|YP_817805.1|_33-172_1U1Z:A:	1	6	1	2	0	12	5	10	0	145
gi|116617435|ref|YP_817806.1|_12-150_2ETH:A:1-140	2	2	0	7	0	10	5	5	0	140
gi|116617436|ref|YP_817807.1|_4-322_1UB7:A:2-173	1	9	1	6	0	18	10	11	0	172
gi|116617437|ref|YP_817808.1|_1-77_1F80:D:	2	0	0	5	0	8	3	2	0	80
gi|116617438|ref|YP_817809.1|_3-315_1VRD:A:1-85,A:213-457	5	15	2	11	0	35	20	14	1	330
gi|116617439|ref|YP_817810.1|_3-118,187-307_1MLA:A:3-127,A:198-307	2	5	1	12	0	22	14	13	1	235
gi|116617439|ref|YP_817810.1|_124-194_1MLA:A:128-197	0	4	0	2	0	6	5	4	0	70
gi|116617440|ref|YP_817811.1|_6-243_2C07:A:54-304	2	7	2	9	0	21	12	14	0	251
gi|116617441|ref|YP_817812.1|_1-257_1OX0:A:5-251	6	7	4	9	0	27	16	15	0	251
gi|116617441|ref|YP_817812.1|_220-416_1OX0:A:252-409	4	8	2	4	0	21	9	6	0	158
gi|116617442|ref|YP_817813.1|_75-149_1BDO:A:	0	8	0	0	0	15	7	6	0	80
gi|116617443|ref|YP_817814.1|_11-99_1U1Z:A:	1	6	1	2	0	12	5	10	0	145
gi|116617444|ref|YP_817815.1|_83-350_1ULZ:A:115-328	2	8	1	6	0	23	11	8	0	214
gi|116617444|ref|YP_817815.1|_1-113_1DV1:A:1-114	0	5	2	5	0	11	5	6	0	114
gi|116617444|ref|YP_817815.1|_331-445_1DV1:A:331-446	3	7	0	4	0	16	7	5	0	116
gi|116617445|ref|YP_817816.1|_30-275_2F9Y:B:23-285	7	12	4	8	0	30	14	18	0	263
gi|116617446|ref|YP_817817.1|_14-266_2F9Y:A:4-319	0	7	3	15	0	27	17	21	0	316
gi|116617448|ref|YP_817819.1|_4-201,354-586_1GAX:A:1-189,A:343-578	8	19	6	13	0	45	23	23	1	425
gi|116617448|ref|YP_817819.1|_587-840_1IVS:A:579-796	2	4	1	9	0	16	9	7	0	218
gi|116617448|ref|YP_817819.1|_201-355_1GAX:A:190-342	5	8	2	2	0	23	11	10	0	153
gi|116617448|ref|YP_817819.1|_826-890_1IVS:A:797-862	0	0	0	3	0	3	2	3	0	66
gi|116617449|ref|YP_817820.1|_4-321_1UB7:A:2-173	1	9	1	6	0	18	10	11	0	172
gi|116617450|ref|YP_817821.1|_330-428_1CFE:A:	1	6	2	4	0	18	12	7	0	135
gi|116617450|ref|YP_817821.1|_88-131_1E0G:A:	0	2	1	2	0	8	1	3	0	48
gi|116617450|ref|YP_817821.1|_33-73_1Y7M:A:1-48	0	2	0	1	1	9	3	6	0	48
gi|116617451|ref|YP_817822.1|_19-125_2EVR:A:87-234	0	6	1	4	0	16	11	7	0	148
gi|116617452|ref|YP_817823.1|_263-363_1SMB:A:	0	4	2	6	0	13	7	6	0	149
gi|116617452|ref|YP_817823.1|_173-216_1Y7M:A:1-48	0	2	0	1	1	9	3	6	0	48
gi|116617452|ref|YP_817823.1|_98-141_1Y7M:A:1-48	0	2	0	1	1	9	3	6	0	48
gi|116617452|ref|YP_817823.1|_29-70_1Y7M:A:1-48	0	2	0	1	1	9	3	6	0	48
gi|116617453|ref|YP_817824.1|_3-163_1LRZ:A:1-165	0	10	0	4	0	20	8	13	0	165
gi|116617453|ref|YP_817824.1|_168-245,312-408_1LRZ:A:166-244,A:310-412	0	8	3	7	0	17	6	6	1	182
gi|116617453|ref|YP_817824.1|_245-308_1LRZ:A:245-309	0	0	0	2	0	3	1	1	0	65
gi|116617454|ref|YP_817825.1|_319-679_1RP5:A:264-631	13	13	2	10	0	43	25	20	0	368
gi|116617454|ref|YP_817825.1|_69-125,186-318_1QME:A:71-263	2	6	0	3	0	12	4	4	0	193
gi|116617455|ref|YP_817826.1|_2-85_1SMT:A:	1	2	0	5	0	9	4	3	0	98
gi|116617457|ref|YP_817828.1|_4-235_1F3O:A:	0	10	2	7	0	22	15	14	0	232
gi|116617460|ref|YP_817831.1|_127-304_1T6C:A:133-312	0	6	1	8	0	13	10	9	0	180
gi|116617460|ref|YP_817831.1|_4-125_1T6C:A:7-132	0	5	0	5	0	9	4	7	0	126
gi|116617461|ref|YP_817832.1|_3-105,200-397_1QAX:A:4-110,A:221-428	1	8	0	16	0	25	16	12	1	315
gi|116617461|ref|YP_817832.1|_98-195_1QAX:A:111-220	0	4	0	4	0	11	4	5	0	110
gi|116617463|ref|YP_817834.1|_6-232_1ICI:A:	3	9	5	8	0	33	20	15	0	255
gi|116617464|ref|YP_817835.1|_10-216_2QFI:A:5-208	2	0	7	7	0	14	20	21	0	204
gi|116617464|ref|YP_817835.1|_222-294_3BYP:A:6-87	1	3	0	2	0	5	2	4	0	82
gi|116617466|ref|YP_817837.1|_13-152_1TQ8:A:	1	5	0	5	0	9	5	6	0	162
gi|116617467|ref|YP_817838.1|_1-93_1R1U:A:	1	2	0	5	0	6	4	5	0	94
gi|116617468|ref|YP_817839.1|_4-511_1JET:A:	9	18	8	17	0	53	34	35	0	517
gi|116617469|ref|YP_817840.1|_3-297_1EZR:A:	4	10	2	12	0	42	22	10	0	312
gi|116617470|ref|YP_817841.1|_3-238_1XDZ:A:	0	7	3	10	0	25	13	12	0	239
gi|116617471|ref|YP_817842.1|_1-251_1ION:A:	0	8	2	11	0	24	19	13	0	243
gi|116617472|ref|YP_817843.1|_125-235_1VZ0:A:116-208	0	0	2	7	0	8	3	6	0	93
gi|116617472|ref|YP_817843.1|_43-134_1VZ0:A:23-115	0	5	1	3	0	7	3	2	0	93
gi|116617474|ref|YP_817845.1|_3-303_1JAL:A:1-278	0	7	4	11	0	25	14	14	0	278
gi|116617474|ref|YP_817845.1|_282-363_1JAL:A:279-363	2	5	0	4	0	11	3	7	0	85
gi|116617475|ref|YP_817846.1|_79-202_1PW4:A:	2	0	1	18	0	21	18	22	0	450
gi|116617476|ref|YP_817847.1|_1-122_1NXO:A:	0	5	0	5	0	10	7	4	0	119
gi|116617476|ref|YP_817847.1|_125-227_1QQI:A:	0	7	1	3	0	7	4	6	0	104
gi|116617477|ref|YP_817848.1|_192-358_2C2A:A:321-481	0	7	2	3	0	13	4	10	0	161
gi|116617477|ref|YP_817848.1|_121-202_2C2A:A:232-320	0	0	1	3	0	3	0	4	0	89
gi|116617478|ref|YP_817849.1|_10-331_1XP4:A:25-293	4	12	3	8	0	26	15	19	0	269
gi|116617479|ref|YP_817850.1|_1-233_1NE7:A:	3	10	8	9	0	26	24	20	0	281
gi|116617480|ref|YP_817851.1|_5-445_1C7Q:A:	2	10	7	18	0	40	23	28	0	442
gi|116617481|ref|YP_817852.1|_124-203_1VCT:A:108-201	2	4	0	4	0	12	4	6	0	94
gi|116617481|ref|YP_817852.1|_6-83_3BWG:A:5-82	1	3	1	3	0	8	3	5	0	78
gi|116617482|ref|YP_817853.1|_42-269_1V43:A:7-245	1	10	2	8	0	20	13	15	0	239
gi|116617482|ref|YP_817853.1|_273-389_1PVM:A:1-142	6	6	4	5	0	14	7	11	0	142
gi|116617483|ref|YP_817854.1|_318-570_1R9L:A:	5	12	4	13	0	32	16	18	0	309
gi|116617483|ref|YP_817854.1|_89-276_3DHW:A:6-208	0	0	1	9	0	11	7	9	0	203
gi|116617486|ref|YP_817857.1|_2-227_1VPL:A:	2	10	2	9	0	18	9	15	0	238
gi|116617488|ref|YP_817859.1|_3-65_1UTX:A:	0	2	0	5	0	7	3	4	0	66
gi|116617491|ref|YP_817862.1|_7-164_1J2R:A:	2	6	3	6	0	16	9	11	0	188
gi|116617492|ref|YP_817863.1|_16-216_3DHW:A:6-208	0	0	1	9	0	11	7	9	0	203
gi|116617493|ref|YP_817864.1|_42-273_1LST:A:	6	12	3	10	0	29	17	16	0	238
gi|116617494|ref|YP_817865.1|_15-213_3DHW:A:6-208	0	0	1	9	0	11	7	9	0	203
gi|116617495|ref|YP_817866.1|_1-238_1B0U:A:	0	12	1	10	0	24	16	14	0	261
gi|116617496|ref|YP_817867.1|_6-400_1X0M:A:26-428	2	14	5	14	0	43	21	17	0	403
gi|116617497|ref|YP_817868.1|_106-291_1DXY:A:101-299	2	7	2	9	0	23	13	13	0	199
gi|116617497|ref|YP_817868.1|_2-125_1J4A:A:2-103,A:301-332	4	5	2	4	0	19	8	8	1	134
gi|116617498|ref|YP_817869.1|_4-240_1B0U:A:	0	12	1	10	0	24	16	14	0	261
gi|116617499|ref|YP_817870.1|_29-404_1PV7:A:	0	0	2	22	0	18	12	14	0	417
gi|116617500|ref|YP_817871.1|_9-396_1R5Y:A:	2	15	2	16	0	40	20	21	0	372
gi|116617502|ref|YP_817873.1|_6-236_1A88:A:	4	8	1	11	0	28	19	18	0	275
gi|116617503|ref|YP_817874.1|_632-806_2AJ6:A:1-118	0	4	1	3	0	7	4	6	0	118
gi|116617504|ref|YP_817875.1|_3-188_2PAQ:A:2-187	2	0	3	9	0	12	7	8	0	186
gi|116617505|ref|YP_817876.1|_15-140_1K2E:A:	2	10	1	2	0	15	9	5	0	155
gi|116617506|ref|YP_817877.1|_1-215_1EBB:A:	4	6	4	7	0	26	7	13	0	202
gi|116617507|ref|YP_817878.1|_7-391_1PW4:A:	2	0	1	18	0	21	18	22	0	450
gi|116617508|ref|YP_817879.1|_4-428_1R7A:A:1-434	10	14	6	18	0	46	38	22	0	434
gi|116617509|ref|YP_817880.1|_324-566_3B60:A:329-581	4	10	2	9	0	24	18	16	0	253
gi|116617509|ref|YP_817880.1|_5-320_1PF4:A:10-320	0	0	9	16	0	12	11	14	0	310
gi|116617510|ref|YP_817881.1|_345-590_2HYD:A:324-578	2	10	5	9	0	25	21	16	0	255
gi|116617510|ref|YP_817881.1|_9-335_3B60:A:10-328	0	0	1	11	0	6	9	9	0	319
gi|116617511|ref|YP_817882.1|_1-376_2F9F:A:2-167	2	6	1	7	0	19	11	10	0	166
gi|116617512|ref|YP_817883.1|_2-333_2IW1:A:2-371	0	15	4	16	0	41	26	17	0	370
gi|116617514|ref|YP_817885.1|_9-81_2FFG:A:2-79	0	4	0	2	0	3	2	4	0	78
gi|116617515|ref|YP_817886.1|_243-627_1AUK:A:	9	18	12	9	0	55	41	32	0	485
gi|116617516|ref|YP_817887.1|_9-421_1D9X:A:2-414	5	14	4	13	0	50	29	20	0	413
gi|116617516|ref|YP_817887.1|_40-85,476-601_1D9X:A:415-595	0	5	2	5	0	14	14	14	0	181
gi|116617516|ref|YP_817887.1|_624-665_1E52:A:	0	0	0	3	0	5	3	3	0	56
gi|116617517|ref|YP_817888.1|_620-918_1PF4:A:321-564	3	9	2	6	0	30	21	8	0	243
gi|116617517|ref|YP_817888.1|_6-207,437-576_1F3O:A:	0	10	2	7	0	22	15	14	0	232
gi|116617518|ref|YP_817889.1|_2-316_2HZB:A:2-312	4	12	1	13	1	35	24	14	0	311
gi|116617519|ref|YP_817890.1|_111-219_1DQ3:A:227-335	0	4	1	5	0	10	5	4	0	109
gi|116617520|ref|YP_817891.1|_10-193_1Y7O:A:2-193	3	8	0	7	0	19	7	8	0	192
gi|116617521|ref|YP_817892.1|_5-127_2YVX:A:132-275	10	5	1	4	0	20	17	6	0	144
gi|116617522|ref|YP_817893.1|_1-182_2PTH:A:	0	7	4	6	0	15	9	12	0	193
gi|116617523|ref|YP_817894.1|_23-365_2EYQ:A:2-348	5	15	4	11	0	41	28	19	0	347
gi|116617523|ref|YP_817894.1|_538-799_2EYQ:A:546-778	0	7	1	9	0	16	16	11	0	233
gi|116617523|ref|YP_817894.1|_798-1003_2EYQ:A:779-989	5	6	2	8	0	21	10	10	0	211
gi|116617523|ref|YP_817894.1|_1014-1149_2EYQ:A:990-1147	0	5	2	5	0	18	11	3	0	158
gi|116617523|ref|YP_817894.1|_484-562_2EYQ:A:466-545	0	5	2	1	0	10	3	5	0	80
gi|116617523|ref|YP_817894.1|_376-482_1W36:B:486-880	2	13	5	13	0	29	21	20	0	395
gi|116617524|ref|YP_817895.1|_1-77_1DM9:A:	2	6	1	4	0	11	2	8	0	104
gi|116617526|ref|YP_817897.1|_4-220_1WY5:A:1-216	0	6	1	10	0	20	9	10	0	216
gi|116617527|ref|YP_817898.1|_3-177_1YFZ:A:3-180	4	8	3	4	0	20	13	8	0	178
gi|116617528|ref|YP_817899.1|_181-426_1IXZ:A:	2	5	3	11	0	25	13	15	0	247
gi|116617528|ref|YP_817899.1|_438-624_2CE7:A:411-603	1	2	1	7	0	10	7	6	0	193
gi|116617529|ref|YP_817900.1|_3-226_1VZY:A:1-233	0	11	0	7	0	23	13	12	0	233
gi|116617529|ref|YP_817900.1|_241-291_1VZY:A:234-290	0	2	0	3	0	5	1	2	0	57
gi|116617530|ref|YP_817901.1|_154-493_1BBU:A:161-502	3	13	4	11	0	30	17	16	0	342
gi|116617530|ref|YP_817901.1|_6-147_1BBU:A:11-154	0	5	1	4	0	13	6	7	0	144
gi|116617531|ref|YP_817902.1|_2-176_1KSK:A:60-231	2	9	2	4	0	23	8	13	0	172
gi|116617532|ref|YP_817903.1|_1-237_1KON:A:	0	8	3	8	0	16	14	12	0	244
gi|116617533|ref|YP_817904.1|_1-313_1HRK:A:	4	8	4	13	1	33	20	19	0	359
gi|116617535|ref|YP_817906.1|_2-211_1F3O:A:	0	10	2	7	0	22	15	14	0	232
gi|116617539|ref|YP_817910.1|_4-593_1D6M:A:	6	17	9	21	0	60	34	22	0	609
gi|116617540|ref|YP_817911.1|_4-189_1PV7:A:	0	0	2	22	0	18	12	14	0	417
gi|116617540|ref|YP_817911.1|_205-414,577-606_1PV7:A:	0	0	2	22	0	18	12	14	0	417
gi|116617541|ref|YP_817912.1|_7-71_1T56:A:22-94	0	0	1	4	0	6	3	1	0	73
gi|116617542|ref|YP_817913.1|_15-247_1BD0:A:12-244	2	9	3	9	0	27	16	11	0	233
gi|116617542|ref|YP_817913.1|_239-372_1BD0:A:2-11,A:245-382	0	13	3	2	0	20	11	10	1	148
gi|116617543|ref|YP_817914.1|_3-160_1TLQ:A:	0	0	0	11	0	12	5	14	0	161
gi|116617544|ref|YP_817915.1|_67-355_1UN7:A:58-358	5	14	7	10	0	33	17	16	0	300
gi|116617544|ref|YP_817915.1|_12-66,357-386_1ONW:A:1-62,A:347-389	1	11	1	0	0	14	6	9	1	105
gi|116617545|ref|YP_817916.1|_56-231_3DDV:A:3-145	0	7	1	2	0	13	5	6	0	143
gi|116617545|ref|YP_817916.1|_3-72_2HS5:A:25-93	0	3	0	3	0	6	2	5	0	69
gi|116617546|ref|YP_817917.1|_21-217_3DHW:A:6-208	0	0	1	9	0	11	7	9	0	203
gi|116617547|ref|YP_817918.1|_5-254_3DHW:C:1-240	3	10	1	7	0	21	17	12	0	240
gi|116617547|ref|YP_817918.1|_268-357_3DHX:A:2-100	1	4	0	3	0	9	4	4	0	97
gi|116617548|ref|YP_817919.1|_7-188,358-443_1VGY:A:2-180,A:294-376	6	13	2	7	0	28	17	16	1	262
gi|116617549|ref|YP_817920.1|_35-278_1P99:A:	0	13	7	8	0	27	14	15	0	255
gi|116617550|ref|YP_817921.1|_35-275_1P99:A:	0	13	7	8	0	27	14	15	0	255
gi|116617553|ref|YP_817924.1|_5-117,228-322,668-886_1SU4:A:1-124,A:240-343,A:751-994	1	1	8	18	0	32	20	22	2	472
gi|116617553|ref|YP_817924.1|_327-346,468-722_1SU4:A:344-360,A:600-750	3	8	1	8	0	16	12	11	1	168
gi|116617553|ref|YP_817924.1|_334-525_1MO7:A:	2	9	0	5	0	32	19	9	0	213
gi|116617553|ref|YP_817924.1|_117-227_1SU4:A:125-239	2	9	3	0	0	21	10	7	0	115
gi|116617556|ref|YP_817927.1|_48-304_2FVY:A:2-306	3	12	4	10	0	31	14	21	0	305
gi|116617557|ref|YP_817928.1|_2-252_1WDN:A:	2	11	1	8	0	14	14	12	0	223
gi|116617557|ref|YP_817928.1|_276-464_3DHW:A:6-208	0	0	1	9	0	11	7	9	0	203
gi|116617558|ref|YP_817929.1|_11-243_1B0U:A:	0	12	1	10	0	24	16	14	0	261
gi|116617559|ref|YP_817930.1|_3-253_1WDN:A:	2	11	1	8	0	14	14	12	0	223
gi|116617559|ref|YP_817930.1|_277-469_3DHW:A:6-208	0	0	1	9	0	11	7	9	0	203
gi|116617560|ref|YP_817931.1|_1-581_1I1I:P:	5	7	6	27	0	58	30	36	0	665
gi|116617561|ref|YP_817932.1|_4-126_2D30:A:1-124	3	5	1	4	0	17	6	6	0	124
gi|116617562|ref|YP_817933.1|_1-145_1S2D:A:	1	7	1	4	0	22	10	10	0	167
gi|116617563|ref|YP_817934.1|_98-277_1YGY:A:99-282	3	7	2	7	0	24	14	12	0	184
gi|116617563|ref|YP_817934.1|_16-119_1YGY:A:3-98,A:283-316	4	5	2	4	0	19	10	9	1	130
gi|116617564|ref|YP_817935.1|_14-107_2F2E:A:5-146	3	4	1	6	0	17	8	8	0	142
gi|116617565|ref|YP_817936.1|_101-354_1PYS:A:	5	10	3	7	0	28	12	12	0	266
gi|116617565|ref|YP_817936.1|_31-108_1EIY:A:6-84	0	0	0	6	0	3	3	6	0	79
gi|116617566|ref|YP_817937.1|_217-414_1PYS:B:191-399	2	13	1	5	0	21	8	12	0	209
gi|116617566|ref|YP_817937.1|_487-708_1PYS:B:475-681	0	12	2	5	0	19	14	9	0	207
gi|116617566|ref|YP_817937.1|_47-213_1PYS:B:39-151	4	7	1	1	0	19	10	10	0	113
gi|116617566|ref|YP_817937.1|_720-818_1PYS:B:682-785	0	4	0	2	0	10	5	4	0	104
gi|116617566|ref|YP_817937.1|_425-495_1PYS:B:400-474	0	3	1	3	0	9	3	4	0	75
gi|116617567|ref|YP_817938.1|_1-418_1EJD:A:	10	24	4	14	0	50	23	20	0	419
gi|116617568|ref|YP_817939.1|_1-81_1VS6:Z:1-70	4	0	0	1	0	10	6	3	0	70
gi|116617569|ref|YP_817940.1|_91-462_1UWV:A:75-432	7	17	2	8	0	35	22	22	0	358
gi|116617569|ref|YP_817940.1|_12-70_1YVC:A:1-69	0	6	0	0	0	12	5	6	0	69
gi|116617570|ref|YP_817941.1|_99-296_1GG4:A:99-312	2	9	1	7	0	21	11	13	0	214
gi|116617570|ref|YP_817941.1|_299-440_1GG4:A:313-447	0	6	1	5	0	9	8	7	0	135
gi|116617570|ref|YP_817941.1|_2-96_1GG4:A:1-98	2	7	1	3	0	14	9	4	0	98
gi|116617571|ref|YP_817942.1|_64-371_1CI9:A:	7	15	6	14	0	46	29	29	0	377
gi|116617572|ref|YP_817943.1|_69-354_1HV8:A:3-210	0	7	1	9	0	25	17	9	0	208
gi|116617573|ref|YP_817944.1|_3-265_2GC6:A:1-296	1	11	2	10	0	25	15	15	0	296
gi|116617573|ref|YP_817944.1|_269-392_1O5Z:A:294-430	0	6	2	5	0	15	10	7	0	137
gi|116617574|ref|YP_817945.1|_6-194,247-455_1PW4:A:	2	0	1	18	0	21	18	22	0	450
gi|116617576|ref|YP_817947.1|_5-322_1TSY:A:	2	10	5	11	0	29	12	20	0	316
gi|116617577|ref|YP_817948.1|_9-142_1VQ2:A:	5	7	3	6	0	24	3	10	0	193
gi|116617578|ref|YP_817949.1|_126-279_1B0A:A:123-288	2	7	0	6	0	25	12	10	0	166
gi|116617578|ref|YP_817949.1|_1-117_1B0A:A:2-122	0	5	0	4	0	16	4	9	0	121
gi|116617579|ref|YP_817950.1|_3-267_1P9R:A:	2	16	4	14	0	37	18	18	0	417
gi|116617581|ref|YP_817952.1|_11-72_1OQW:A:	5	6	1	2	0	19	5	9	0	144
gi|116617586|ref|YP_817957.1|_23-317_2F8L:A:2-329	0	10	4	11	0	27	18	16	0	328
gi|116617587|ref|YP_817958.1|_181-417_1G99:A:198-398	2	6	3	8	0	23	13	10	0	201
gi|116617587|ref|YP_817958.1|_2-52,81-220_1G99:A:1-197	0	8	3	6	0	22	15	11	0	197
gi|116617589|ref|YP_817960.1|_41-134_1S7B:A:	0	0	0	4	0	10	7	3	0	109
gi|116617590|ref|YP_817961.1|_5-80_1GRJ:A:2-79	0	2	2	3	0	4	0	2	0	78
gi|116617590|ref|YP_817961.1|_84-158_1GRJ:A:80-158	3	5	1	1	0	9	3	6	0	79
gi|116617592|ref|YP_817963.1|_1-193_1O5I:A:	4	7	4	9	0	23	14	14	0	234
gi|116617593|ref|YP_817964.1|_14-59,89-213_1YE8:A:1-178	0	9	2	5	0	17	7	11	0	178
gi|116617596|ref|YP_817967.1|_99-146_1SQE:A:	0	4	2	3	0	8	5	6	0	108
gi|116617598|ref|YP_817969.1|_36-385_2LIV:A:	4	14	6	11	0	34	17	17	0	344
gi|116617601|ref|YP_817972.1|_4-258_1G6H:A:	2	11	5	9	0	21	16	17	0	254
gi|116617602|ref|YP_817973.1|_4-235_1JI0:A:	2	10	1	10	0	19	14	15	0	240
gi|116617603|ref|YP_817974.1|_5-249_1EKQ:A:	2	9	1	11	0	21	9	11	0	269
gi|116617604|ref|YP_817975.1|_6-264_1UB0:A:	1	9	1	8	0	20	12	11	0	258
gi|116617605|ref|YP_817976.1|_10-210_2TPS:A:	0	8	1	10	0	22	17	13	0	226
gi|116617606|ref|YP_817977.1|_3-454_1BXS:A:	5	22	2	17	0	52	33	26	0	494
gi|116617608|ref|YP_817979.1|_58-598_1K9X:A:	3	3	9	22	0	37	24	27	0	497
gi|116617609|ref|YP_817980.1|_64-197,236-307_1R1D:A:	0	7	4	8	0	23	15	16	0	242
gi|116617610|ref|YP_817981.1|_5-129_1MZB:A:	1	5	0	5	0	12	4	5	0	134
gi|116617614|ref|YP_817985.1|_1-196_2A8E:A:2-211	0	7	2	8	0	23	15	10	0	210
gi|116617616|ref|YP_817987.1|_61-324_2NZU:G:58-332	0	12	2	9	0	30	19	13	0	275
gi|116617616|ref|YP_817987.1|_1-59_2BJC:A:1-62	0	0	1	4	0	7	3	3	0	62
gi|116617618|ref|YP_817989.1|_5-246_1YX1:A:3-252	1	10	5	10	0	27	13	13	0	250
gi|116617620|ref|YP_817991.1|_1-313_1V1A:A:	1	13	6	9	0	32	16	17	0	302
gi|116617621|ref|YP_817992.1|_100-279_1YGY:A:99-282	3	7	2	7	0	24	14	12	0	184
gi|116617621|ref|YP_817992.1|_1-131_1YGY:A:3-98,A:283-316	4	5	2	4	0	19	10	9	1	130
gi|116617622|ref|YP_817993.1|_196-445_1HS6:A:209-460	1	7	4	11	0	19	10	13	0	252
gi|116617622|ref|YP_817993.1|_5-188_1HS6:A:1-208	2	15	4	0	0	20	10	12	0	208
gi|116617623|ref|YP_817994.1|_26-291_1F8R:A:4-319,A:433-486	5	16	5	15	0	36	19	22	1	370
gi|116617624|ref|YP_817995.1|_146-557_1LNS:A:146-550	6	16	3	10	0	46	30	23	0	405
gi|116617624|ref|YP_817995.1|_568-773_1LNS:A:551-763	1	16	1	2	0	28	13	7	0	213
gi|116617624|ref|YP_817995.1|_2-142_1LNS:A:1-145	6	0	1	7	0	16	9	9	0	145
gi|116617625|ref|YP_817996.1|_5-153_1GPR:A:	6	13	3	2	0	25	13	9	0	158
gi|116617626|ref|YP_817997.1|_9-85_1O2F:B:	0	4	1	3	0	9	4	6	0	77
gi|116617627|ref|YP_817998.1|_6-471_1UOK:A:1-479	6	15	12	16	0	55	33	34	0	479
gi|116617627|ref|YP_817998.1|_474-547_1UOK:A:480-558	0	7	0	0	0	11	6	4	0	79
gi|116617628|ref|YP_817999.1|_55-237_2OGG:A:95-238	0	6	1	4	0	11	4	8	0	144
gi|116617628|ref|YP_817999.1|_2-71_3BWG:A:5-82	1	3	1	3	0	8	3	5	0	78
gi|116617629|ref|YP_818000.1|_5-420_2O6I:A:1-453	6	9	8	23	0	32	20	22	0	453
gi|116617630|ref|YP_818001.1|_4-140_1R0U:A:	1	10	1	0	0	6	2	6	0	146
gi|116617634|ref|YP_818005.1|_4-88_2DKT:A:8-81	2	4	0	1	0	10	11	2	0	74
gi|116617635|ref|YP_818006.1|_75-265_1WQW:A:1-188	4	7	1	5	0	17	10	11	0	188
gi|116617635|ref|YP_818006.1|_7-59_1BIA:A:1-63	1	2	0	3	0	7	3	4	0	63
gi|116617636|ref|YP_818007.1|_6-275_1S1M:A:1-266	0	11	3	9	0	29	16	14	0	266
gi|116617636|ref|YP_818007.1|_293-535_1VCO:A:298-547	4	12	3	7	0	21	13	17	0	250
gi|116617637|ref|YP_818008.1|_506-590_1KFT:A:	0	0	1	4	0	6	4	4	0	56
gi|116617637|ref|YP_818008.1|_20-98_1MK0:A:	0	3	0	3	0	8	5	3	0	97
gi|116617637|ref|YP_818008.1|_186-239_1E52:A:	0	0	0	3	0	5	3	3	0	56
gi|116617638|ref|YP_818009.1|_3-158_1LNZ:A:1-157	4	8	2	0	0	18	6	7	0	156
gi|116617638|ref|YP_818009.1|_151-347_1LNZ:A:158-342	3	7	0	6	0	20	18	9	0	185
gi|116617638|ref|YP_818009.1|_365-436_1UDX:A:341-416	0	5	1	3	0	6	0	7	0	76
gi|116617639|ref|YP_818010.1|_371-550_1OZH:A:367-558	5	6	3	9	0	17	11	11	0	191
gi|116617639|ref|YP_818010.1|_5-182_1OZH:A:7-187	0	8	3	8	0	16	10	6	0	181
gi|116617639|ref|YP_818010.1|_190-357_1OZH:A:188-366	3	7	5	5	0	21	13	7	0	179
gi|116617640|ref|YP_818011.1|_4-409_1ZJC:A:3-415	4	19	5	13	0	39	21	25	0	413
gi|116617641|ref|YP_818012.1|_53-242_1JFX:A:	1	9	1	6	0	25	12	13	0	217
gi|116617642|ref|YP_818013.1|_2-140_1YDW:A:6-133,A:305-360	0	7	2	7	0	18	5	9	1	184
gi|116617642|ref|YP_818013.1|_130-293_1YDW:A:134-304	3	9	3	3	0	18	16	9	0	171
gi|116617643|ref|YP_818014.1|_61-342_2G9N:A:21-238	0	7	1	8	0	23	14	10	0	218
gi|116617644|ref|YP_818015.1|_2-141_1NNJ:A:1-131	3	8	2	3	0	15	2	10	0	131
gi|116617644|ref|YP_818015.1|_133-223_1NNJ:A:132-219	2	0	1	4	0	8	3	6	0	88
gi|116617644|ref|YP_818015.1|_223-273_1NNJ:A:224-271	2	2	1	0	0	9	4	6	0	48
gi|116617646|ref|YP_818017.1|_1-195_1JJV:A:	0	5	1	9	0	20	8	8	0	205
gi|116617648|ref|YP_818019.1|_145-280_1L8Q:A:77-289	0	5	2	9	0	17	9	11	0	213
gi|116617652|ref|YP_818023.1|_170-432_1GM5:A:286-549	0	7	0	10	0	25	18	5	0	264
gi|116617652|ref|YP_818023.1|_372-581_1GM5:A:550-755	5	3	1	7	0	26	21	8	0	206
gi|116617652|ref|YP_818023.1|_3-157_1GM5:A:106-285	2	8	1	3	0	28	17	6	0	180
gi|116617653|ref|YP_818024.1|_1-328_1U7N:A:	2	11	2	11	0	40	17	18	0	329
gi|116617654|ref|YP_818025.1|_2-81_1T8K:A:	2	0	1	4	0	8	0	6	0	77
gi|116617656|ref|YP_818027.1|_1-274_1RKQ:A:	2	14	5	10	1	32	13	16	0	281
gi|116617659|ref|YP_818030.1|_96-359_1PV9:A:125-345	6	13	2	4	0	27	12	10	0	221
gi|116617659|ref|YP_818030.1|_4-138_1KP0:A:1-156	1	7	1	6	0	18	12	8	0	156
gi|116617660|ref|YP_818031.1|_66-334_2NZU:G:58-332	0	12	2	9	0	30	19	13	0	275
gi|116617660|ref|YP_818031.1|_6-64_2HSG:A:2-58	0	0	0	4	0	7	3	5	0	59
gi|116617661|ref|YP_818032.1|_460-612_1VJG:A:	0	7	1	9	0	17	8	15	0	201
gi|116617662|ref|YP_818033.1|_10-194,243-441_1PV7:A:	0	0	2	22	0	18	12	14	0	417
gi|116617664|ref|YP_818035.1|_193-291_1S7B:A:	0	0	0	4	0	10	7	3	0	109
gi|116617664|ref|YP_818035.1|_51-146_1S7B:A:	0	0	0	4	0	10	7	3	0	109
gi|116617665|ref|YP_818036.1|_3-235_1XV2:A:	2	14	2	6	0	22	12	11	0	232
gi|116617666|ref|YP_818037.1|_94-281_1VIM:A:	0	5	1	8	0	19	10	10	0	199
gi|116617666|ref|YP_818037.1|_2-75_2O3F:A:1-83	0	0	2	6	0	7	3	3	0	83
gi|116617667|ref|YP_818038.1|_168-298_1PGJ:A:179-478	6	2	2	12	0	18	11	16	0	300
gi|116617667|ref|YP_818038.1|_1-158_1PGP:A:1-176	4	8	1	7	0	22	12	9	0	176
gi|116617668|ref|YP_818039.1|_251-499_1BU6:O:254-499	1	9	1	7	0	25	18	16	0	246
gi|116617668|ref|YP_818039.1|_3-250_1BU6:O:3-253	1	15	1	9	0	25	13	17	0	251
gi|116617671|ref|YP_818042.1|_20-428_1SFF:A:	10	16	5	13	0	39	23	28	0	425
gi|116617672|ref|YP_818043.1|_5-250_1RIQ:A:1-236	0	11	4	7	0	22	14	13	0	236
gi|116617672|ref|YP_818043.1|_251-448_1RIQ:A:237-457	0	2	1	9	0	13	8	12	0	217
gi|116617672|ref|YP_818043.1|_569-729_1NYR:A:63-241	0	8	1	5	0	17	11	8	0	179
gi|116617672|ref|YP_818043.1|_469-569_2E1B:A:1-87	2	5	1	0	0	15	8	5	0	87
gi|116617674|ref|YP_818045.1|_1-138_1VHX:A:	4	5	1	4	0	13	5	6	0	149
gi|116617678|ref|YP_818049.1|_327-558_2HYD:A:324-578	2	10	5	9	0	25	21	16	0	255
gi|116617678|ref|YP_818049.1|_14-297,473-481_1PF4:A:10-320	0	0	9	16	0	12	11	14	0	310
gi|116617679|ref|YP_818050.1|_335-569_1MV5:A:	2	12	1	8	1	29	24	14	0	242
gi|116617679|ref|YP_818050.1|_11-308,478-491_2HYD:A:1-323	0	0	1	15	1	9	5	12	0	323
gi|116617681|ref|YP_818052.1|_2-158_1NSL:A:	1	8	3	5	0	10	7	10	0	183
gi|116617682|ref|YP_818053.1|_19-665_1QHH:A:,B:,C:,D:	6	16	12	26	0	53	23	34	3	623
gi|116617683|ref|YP_818054.1|_3-159_1VIA:A:	0	5	3	7	0	17	6	10	0	161
gi|116617684|ref|YP_818055.1|_13-325_1TA8:A:	8	11	3	10	0	32	21	13	0	313
gi|116617684|ref|YP_818055.1|_411-590_1DGS:A:401-581	4	2	3	10	0	19	10	14	0	181
gi|116617684|ref|YP_818055.1|_324-406_1DGS:A:315-400	3	5	1	1	0	9	4	4	0	86
gi|116617684|ref|YP_818055.1|_599-672_1L7B:A:	1	4	0	3	0	14	10	4	0	92
gi|116617687|ref|YP_818058.1|_364-654_1QVR:A:536-850	5	9	4	14	0	30	21	15	0	315
gi|116617687|ref|YP_818058.1|_46-336_1QVR:A:149-535	0	8	0	16	0	30	17	16	0	387
gi|116617689|ref|YP_818060.1|_145-326_1JCF:A:141-336	2	9	2	9	0	18	11	7	0	196
gi|116617689|ref|YP_818060.1|_9-143_1JCF:A:1-140	0	10	0	4	0	12	8	9	0	140
gi|116617692|ref|YP_818063.1|_10-198_3DHW:A:6-208	0	0	1	9	0	11	7	9	0	203
gi|116617693|ref|YP_818064.1|_1-206_1B0U:A:	0	12	1	10	0	24	16	14	0	261
gi|116617694|ref|YP_818065.1|_17-283_1WDN:A:	2	11	1	8	0	14	14	12	0	223
gi|116617695|ref|YP_818066.1|_85-315_1F0I:A:6-263	5	9	3	7	0	19	12	12	0	258
gi|116617695|ref|YP_818066.1|_269-471_1BYR:A:	2	8	0	5	0	13	9	7	0	152
gi|116617696|ref|YP_818067.1|_250-415_1BE3:B:236-439	1	5	1	7	0	17	11	7	0	204
gi|116617696|ref|YP_818067.1|_6-223_1BCC:A:4-232	3	6	2	10	0	22	15	6	0	229
gi|116617697|ref|YP_818068.1|_12-219_1Q2L:A:24-263	4	7	5	8	0	26	17	13	0	240
gi|116617697|ref|YP_818068.1|_271-416_1HR6:A:234-470	0	6	2	8	0	22	12	12	0	237
gi|116617698|ref|YP_818069.1|_4-76_1B0N:A:1-68	0	0	0	5	0	8	1	5	0	68
gi|116617700|ref|YP_818071.1|_18-280_1UBE:A:5-270	2	9	1	9	0	25	18	12	0	266
gi|116617700|ref|YP_818071.1|_281-341_1G19:A:270-329	0	3	0	3	0	4	4	2	0	60
gi|116617701|ref|YP_818072.1|_1-126_1MVO:A:	0	5	0	5	0	13	6	5	0	121
gi|116617701|ref|YP_818072.1|_129-228_1YS7:A:128-233	1	6	0	3	0	7	0	5	0	106
gi|116617702|ref|YP_818073.1|_50-293_1TWY:A:	4	13	2	8	0	31	13	17	0	249
gi|116617704|ref|YP_818075.1|_164-326_2C2A:A:321-481	0	7	2	3	0	13	4	10	0	161
gi|116617704|ref|YP_818075.1|_95-174_2C2A:A:232-320	0	0	1	3	0	3	0	4	0	89
gi|116617705|ref|YP_818076.1|_38-286_1TWY:A:	4	13	2	8	0	31	13	17	0	249
gi|116617706|ref|YP_818077.1|_35-297_3DHW:A:6-208	0	0	1	9	0	11	7	9	0	203
gi|116617707|ref|YP_818078.1|_19-276_3DHW:A:6-208	0	0	1	9	0	11	7	9	0	203
gi|116617708|ref|YP_818079.1|_30-268_1B0U:A:	0	12	1	10	0	24	16	14	0	261
gi|116617709|ref|YP_818080.1|_8-241_3DHW:C:1-240	3	10	1	7	0	21	17	12	0	240
gi|116617710|ref|YP_818081.1|_2-218_1XWM:A:	0	0	0	7	0	8	4	6	0	212
gi|116617713|ref|YP_818084.1|_4-132_1KO7:A:1-129	2	5	1	7	0	18	4	10	0	129
gi|116617713|ref|YP_818084.1|_134-302_1JB1:A:	2	11	2	4	0	17	8	8	0	173
gi|116617714|ref|YP_818085.1|_184-335_1EVY:A:198-357	0	0	1	8	0	11	6	8	0	160
gi|116617714|ref|YP_818085.1|_3-182_1M66:A:9-197	0	8	1	8	0	20	13	11	0	189
gi|116617715|ref|YP_818086.1|_2-269_1H5R:A:	0	13	5	11	0	29	20	21	0	290
gi|116617716|ref|YP_818087.1|_5-305_1VDC:A:118-243	2	8	1	3	0	13	12	8	0	130
gi|116617717|ref|YP_818088.1|_9-125_1ECS:A:	1	8	1	2	0	14	6	6	0	120
gi|116617719|ref|YP_818090.1|_1-172_1RJW:A:1-137,A:306-339	5	11	3	3	0	24	12	10	1	171
gi|116617719|ref|YP_818090.1|_141-302_1PL7:A:146-316	0	6	0	7	0	22	14	8	0	171
gi|116617720|ref|YP_818091.1|_60-310_1DBQ:A:	1	11	2	8	0	30	17	12	0	282
gi|116617720|ref|YP_818091.1|_3-60_2BJC:A:1-62	0	0	1	4	0	7	3	3	0	62
gi|116617722|ref|YP_818093.1|_26-228_1K2Y:X:5-154	5	7	1	4	0	15	5	10	0	150
gi|116617722|ref|YP_818093.1|_298-448_1KFI:A:324-443	0	4	0	6	0	10	8	10	0	120
gi|116617722|ref|YP_818093.1|_201-306_1K2Y:X:155-258	0	5	2	3	0	14	9	8	0	104
gi|116617722|ref|YP_818093.1|_438-475,506-563_1WJW:A:	0	3	0	2	0	7	8	3	0	111
gi|116617723|ref|YP_818094.1|_3-117_2GYA:N:1-114	2	0	0	0	0	17	12	7	0	114
gi|116617724|ref|YP_818095.1|_6-124_2OSO:A:5-156	0	4	1	7	0	18	11	5	0	158
gi|116617725|ref|YP_818096.1|_124-274_1B74:A:106-252	0	6	0	6	0	16	11	8	0	147
gi|116617725|ref|YP_818096.1|_19-121_1B74:A:1-105	0	4	2	4	0	9	7	2	0	105
gi|116617726|ref|YP_818097.1|_1-194_1K7K:A:	1	7	7	5	0	16	12	10	0	220
gi|116617727|ref|YP_818098.1|_1-175_3CK2:A:1-173	1	11	2	2	0	25	13	13	0	173
gi|116617728|ref|YP_818099.1|_38-270_1HQC:A:5-242	0	7	0	8	0	28	17	13	0	238
gi|116617728|ref|YP_818099.1|_275-345_1IN4:A:255-329	1	2	0	5	0	6	3	7	0	75
gi|116617729|ref|YP_818100.1|_1-151_1XM7:A:	4	9	1	6	0	24	16	14	0	194
gi|116617730|ref|YP_818101.1|_32-375_1VKY:A:	3	15	4	6	0	31	15	14	0	332
gi|116617731|ref|YP_818102.1|_105-334_1ZCC:A:1-240	3	9	1	11	0	24	20	15	0	240
gi|116617731|ref|YP_818102.1|_37-102_1H09:A:191-339	4	14	1	0	0	21	12	10	0	149
gi|116617732|ref|YP_818103.1|_64-134_1CUK:A:65-142	0	0	1	5	0	6	5	4	0	78
gi|116617732|ref|YP_818103.1|_1-61_1IXR:A:1-62	0	5	0	1	0	7	4	1	0	62
gi|116617732|ref|YP_818103.1|_149-194_1CUK:A:156-203	0	0	0	3	0	5	2	2	0	48
gi|116617733|ref|YP_818104.1|_6-203_1J90:A:	2	5	2	9	0	18	8	12	0	195
gi|116617734|ref|YP_818105.1|_10-117_2OAR:A:10-118	0	2	0	5	0	8	2	3	0	118
gi|116617736|ref|YP_818107.1|_3-216_1F3O:A:	0	10	2	7	0	22	15	14	0	232
gi|116617740|ref|YP_818111.1|_5-423_2DKF:A:1-431	4	21	3	12	0	51	31	26	0	431
gi|116617742|ref|YP_818113.1|_8-226_1EFC:A:8-204	0	8	1	7	0	20	12	8	0	197
gi|116617742|ref|YP_818113.1|_303-394_1EXM:A:313-405	2	6	1	0	0	12	1	7	0	93
gi|116617742|ref|YP_818113.1|_205-300_1EXM:A:213-312	1	10	0	0	0	12	7	9	0	100
gi|116617744|ref|YP_818115.1|_4-239_1B0U:A:	0	12	1	10	0	24	16	14	0	261
gi|116617745|ref|YP_818116.1|_2-143_1LK5:A:1-130,A:211-229	2	8	3	4	0	18	9	8	1	149
gi|116617745|ref|YP_818116.1|_127-205_1LK5:A:131-210	2	5	2	2	0	11	7	5	0	80
gi|116617746|ref|YP_818117.1|_3-142_1TQ8:A:	1	5	0	5	0	9	5	6	0	162
gi|116617747|ref|YP_818118.1|_58-246_2A2N:A:483-646	6	8	1	2	0	24	12	11	0	164
gi|116617748|ref|YP_818119.1|_18-148_1O54:A:	0	15	4	7	0	32	13	15	0	276
gi|116617749|ref|YP_818120.1|_8-202_1QI9:A:	18	10	8	19	0	65	45	30	0	555
gi|116617750|ref|YP_818121.1|_1-227,414-627_1H3N:A:1-225,A:418-686	9	23	6	18	0	52	29	25	1	494
gi|116617750|ref|YP_818121.1|_227-413_1H3N:A:226-417	2	9	3	5	0	22	15	12	0	192
gi|116617750|ref|YP_818121.1|_625-807_1H3N:A:687-814	0	0	2	6	0	9	4	4	0	128
gi|116617754|ref|YP_818125.1|_24-172_2ETD:A:35-183	0	0	0	5	0	7	2	2	0	149
gi|116617757|ref|YP_818128.1|_2-60_1OTF:A:	0	4	2	1	0	6	1	3	0	59
gi|116617758|ref|YP_818129.1|_363-475_2EVR:A:87-234	0	6	1	4	0	16	11	7	0	148
gi|116617758|ref|YP_818129.1|_88-131_1E0G:A:	0	2	1	2	0	8	1	3	0	48
gi|116617759|ref|YP_818130.1|_5-67_1RYK:A:	0	0	0	4	0	7	2	4	0	69
gi|116617760|ref|YP_818131.1|_9-353_1ZFJ:A:2-94,A:221-492	7	15	3	12	0	41	24	17	1	365
gi|116617761|ref|YP_818132.1|_8-325_1ZFJ:A:2-94,A:221-492	7	15	3	12	0	41	24	17	1	365
gi|116617763|ref|YP_818134.1|_5-64_1RYK:A:	0	0	0	4	0	7	2	4	0	69
gi|116617764|ref|YP_818135.1|_36-200_1Y1O:A:	2	10	2	5	0	14	9	5	0	168
gi|116617765|ref|YP_818136.1|_267-287,324-679_2C5W:B:266-650	7	16	5	11	0	46	30	18	0	385
gi|116617765|ref|YP_818136.1|_94-308_2OQO:A:57-243	2	0	3	10	0	18	11	7	0	187
gi|116617766|ref|YP_818137.1|_1-176_2NX2:A:1-177	2	6	0	7	0	17	6	8	0	176
gi|116617768|ref|YP_818139.1|_17-266_1WDN:A:	2	11	1	8	0	14	14	12	0	223
gi|116617768|ref|YP_818139.1|_285-471_3DHW:A:6-208	0	0	1	9	0	11	7	9	0	203
gi|116617769|ref|YP_818140.1|_34-341_1QKS:A:136-567	3	35	4	4	0	49	27	29	0	432
gi|116617771|ref|YP_818142.1|_4-158_1MXI:A:	2	6	3	5	0	19	11	9	0	156
gi|116617772|ref|YP_818143.1|_390-687_1E9R:A:	4	15	5	17	0	45	21	21	0	433
gi|116617772|ref|YP_818143.1|_717-780_2J5O:A:742-811	0	2	0	3	0	8	6	5	0	70
gi|116617774|ref|YP_818145.1|_246-537_1NYR:A:242-532	6	15	2	9	0	26	11	15	0	291
gi|116617774|ref|YP_818145.1|_66-244_1NYR:A:63-241	0	8	1	5	0	17	11	8	0	179
gi|116617774|ref|YP_818145.1|_540-648_1NYR:A:533-645	0	5	0	5	0	10	5	7	0	113
gi|116617774|ref|YP_818145.1|_4-63_1NYR:A:4-62	3	3	0	2	0	11	3	5	0	59
gi|116617777|ref|YP_818148.1|_2-56_1UTX:A:	0	2	0	5	0	7	3	4	0	66
gi|116617778|ref|YP_818149.1|_14-277_1ZYL:A:4-328	4	10	3	11	0	33	21	18	0	325
gi|116617779|ref|YP_818150.1|_26-291_1HKV:A:46-310	3	14	3	9	0	21	16	11	0	265
gi|116617779|ref|YP_818150.1|_267-422_1HKV:A:2-45,A:311-447	2	13	2	3	0	26	10	11	1	181
gi|116617780|ref|YP_818151.1|_85-224_1TDT:A:	2	26	1	4	0	47	10	24	0	256
gi|116617781|ref|YP_818152.1|_5-195,297-376_1YSJ:A:4-177,A:293-379	3	10	2	7	0	31	13	17	1	261
gi|116617781|ref|YP_818152.1|_180-287_1YSJ:A:178-292	0	4	0	2	0	9	4	1	0	115
gi|116617782|ref|YP_818153.1|_7-287_1XKY:A:1-292	2	8	2	12	0	25	18	17	0	292
gi|116617783|ref|YP_818154.1|_109-212_1P9L:A:106-214	0	5	2	2	0	11	5	6	0	109
gi|116617783|ref|YP_818154.1|_1-133_1VM6:A:1-96,A:183-214	0	7	1	5	0	14	8	8	1	128
gi|116617785|ref|YP_818156.1|_12-176_2P12:A:8-172	0	10	1	3	0	13	7	9	0	165
gi|116617786|ref|YP_818157.1|_7-197_2IC8:A:91-272	0	0	3	8	0	13	9	4	0	182
gi|116617787|ref|YP_818158.1|_1-62_2NN4:A:1-62	0	0	0	3	0	5	3	2	0	61
gi|116617788|ref|YP_818159.1|_5-319_2AA4:A:120-289	4	5	3	7	0	17	13	11	0	170
gi|116617790|ref|YP_818161.1|_1-188_2BE3:A:1-203	0	5	1	7	0	13	5	10	0	203
gi|116617791|ref|YP_818162.1|_17-259_1U0T:A:	0	20	3	5	0	30	14	14	0	302
gi|116617792|ref|YP_818163.1|_73-296_1PRZ:A:	5	11	2	5	0	31	18	12	0	252
gi|116617793|ref|YP_818164.1|_279-447_2YVX:A:276-448	0	0	1	5	0	10	9	7	0	173
gi|116617793|ref|YP_818164.1|_138-270_2OUX:A:136-262	8	6	0	6	0	14	11	7	0	127
gi|116617793|ref|YP_818164.1|_10-136_2OUX:A:6-135	0	0	0	10	0	11	10	10	0	130
gi|116617795|ref|YP_818166.1|_59-305_1XRT:A:56-365	5	7	4	10	0	31	14	12	0	310
gi|116617795|ref|YP_818166.1|_5-59,307-337_2PUZ:A:17-79,A:381-420	2	8	1	1	0	13	7	8	1	103
gi|116617796|ref|YP_818167.1|_249-600_1MOQ:A:	1	12	7	13	0	28	17	19	0	366
gi|116617796|ref|YP_818167.1|_2-240_1XFF:A:	1	15	3	5	0	29	16	11	0	238
gi|116617797|ref|YP_818168.1|_18-245_1F75:A:	1	6	5	7	0	25	15	11	0	229
gi|116617799|ref|YP_818170.1|_172-268_1UEP:A:	1	7	1	1	0	13	8	8	0	102
gi|116617800|ref|YP_818171.1|_10-237,406-477_1NJ8:A:0-267	9	12	1	7	0	30	16	15	0	267
gi|116617800|ref|YP_818171.1|_218-376_1WDV:A:	3	8	3	5	0	21	9	9	0	150
gi|116617800|ref|YP_818171.1|_463-567_1NYR:A:533-645	0	5	0	5	0	10	5	7	0	113
gi|116617801|ref|YP_818172.1|_419-873_1J54:A:	0	6	1	7	0	16	12	11	0	174
gi|116617801|ref|YP_818172.1|_230-311_1QUQ:A:	0	9	0	2	0	13	5	5	0	127
gi|116617803|ref|YP_818174.1|_3-302_1RKD:A:	0	14	3	11	0	30	12	16	0	306
gi|116617804|ref|YP_818175.1|_3-309_1IXK:A:	0	13	5	10	0	28	19	14	0	313
gi|116617805|ref|YP_818176.1|_43-316_2DRI:A:	0	12	0	9	0	27	10	13	0	271
gi|116617806|ref|YP_818177.1|_1-111_2IAY:A:1-113	2	7	1	2	0	17	11	8	0	113
gi|116617807|ref|YP_818178.1|_1-210_1EBB:A:	4	6	4	7	0	26	7	13	0	202
gi|116617808|ref|YP_818179.1|_458-523,562-744_1W36:D:361-606	4	4	2	9	0	19	18	13	0	246
gi|116617808|ref|YP_818179.1|_191-505_1W36:D:2-360	6	9	4	14	0	32	29	25	0	359
gi|116617809|ref|YP_818180.1|_7-157_1DKR:A:8-166	1	7	1	4	0	20	10	6	0	159
gi|116617809|ref|YP_818180.1|_88-302_1DKR:A:167-316	0	9	1	4	0	15	12	6	0	150
gi|116617810|ref|YP_818181.1|_122-295_1ES9:A:	2	5	2	8	0	21	13	11	0	212
gi|116617811|ref|YP_818182.1|_13-328_1EXB:A:	4	10	6	13	1	24	21	17	0	326
gi|116617812|ref|YP_818183.1|_104-316_1GSO:A:104-327	3	9	1	7	0	21	8	11	0	224
gi|116617812|ref|YP_818183.1|_2-103_1GSO:A:2-103	3	6	0	2	0	11	7	5	0	99
gi|116617812|ref|YP_818183.1|_324-411_1VKZ:A:314-399	4	5	0	1	0	11	6	4	0	86
gi|116617813|ref|YP_818184.1|_4-552_1EG7:A:	4	25	8	18	0	59	33	37	0	549
gi|116617814|ref|YP_818185.1|_14-210_2QFI:A:5-208	2	0	7	7	0	14	20	21	0	204
gi|116617814|ref|YP_818185.1|_212-290_2QFI:A:209-290	4	0	1	2	0	13	9	6	0	82
gi|116617815|ref|YP_818186.1|_1-67_1MJC:A:	1	5	1	0	0	8	2	4	0	69
gi|116617816|ref|YP_818187.1|_8-180_1MP2:A:	1	10	0	4	0	18	7	8	0	202
gi|116617818|ref|YP_818189.1|_1-221_1JYS:A:	2	10	1	6	0	21	9	12	0	230
gi|116617819|ref|YP_818190.1|_93-200_1PYS:B:39-151	4	7	1	1	0	19	10	10	0	113
gi|116617821|ref|YP_818192.1|_95-296_1P3D:A:107-321	0	10	2	6	0	17	12	13	0	215
gi|116617821|ref|YP_818192.1|_298-435_1J6U:A:296-446	2	6	1	5	0	12	7	5	0	151
gi|116617821|ref|YP_818192.1|_3-91_1P3D:A:11-106	0	5	1	3	0	11	6	9	0	96
gi|116617823|ref|YP_818194.1|_30-131_2K5Q:A:2-97	2	6	1	1	0	11	6	6	0	96
gi|116617824|ref|YP_818195.1|_30-348_1Y4W:A:20-372	6	24	4	0	0	47	30	19	0	353
gi|116617825|ref|YP_818196.1|_486-893_2HHV:A:469-876	2	11	5	17	0	34	17	17	0	408
gi|116617825|ref|YP_818196.1|_4-177_1BGX:T:1-173	6	0	3	5	0	23	15	17	0	173
gi|116617825|ref|YP_818196.1|_327-483_2HHV:A:298-468	0	6	3	7	0	17	8	7	0	171
gi|116617825|ref|YP_818196.1|_178-294_1BGX:T:174-289	0	0	3	2	0	12	13	7	0	116
gi|116617826|ref|YP_818197.1|_123-288_1IJA:A:	0	10	1	1	0	17	13	11	0	148
gi|116617827|ref|YP_818198.1|_24-111,141-393_1P9R:A:	2	16	4	14	0	37	18	18	0	417
gi|116617828|ref|YP_818199.1|_14-102_1Q06:A:	0	2	0	6	0	12	2	6	0	127
gi|116617829|ref|YP_818200.1|_110-446_1F52:A:101-468	4	12	5	10	0	37	24	21	0	368
gi|116617829|ref|YP_818200.1|_7-108_1HTQ:A:1-100	2	5	1	2	0	15	6	3	0	100
gi|116617830|ref|YP_818201.1|_3-158_1QCZ:A:	0	5	1	6	0	16	7	8	0	163
gi|116617831|ref|YP_818202.1|_105-299_1B6R:A:79-276	1	10	3	5	0	16	8	10	0	198
gi|116617831|ref|YP_818202.1|_8-91_1EYZ:A:2-112	1	5	1	4	0	14	8	7	0	111
gi|116617831|ref|YP_818202.1|_303-363_1B6R:A:277-355	0	3	2	2	0	9	6	4	0	79
gi|116617832|ref|YP_818203.1|_12-246_1KUT:A:	2	11	2	6	0	20	6	12	0	224
gi|116617833|ref|YP_818204.1|_2-78_1T4A:A:	0	3	0	2	0	8	2	5	0	80
gi|116617834|ref|YP_818205.1|_1-215_1T3T:A:1034-1295	7	11	7	8	0	30	18	19	0	262
gi|116617835|ref|YP_818206.1|_395-567_1VK3:A:346-507	1	8	2	4	0	17	5	8	0	162
gi|116617835|ref|YP_818206.1|_203-427_1VK3:A:167-345	2	7	3	5	0	16	10	7	0	179
gi|116617835|ref|YP_818206.1|_17-198_1VK3:A:2-166	1	5	1	7	0	13	8	10	0	165
gi|116617835|ref|YP_818206.1|_572-711_1T3T:A:817-1033	1	7	3	8	0	18	12	12	0	217
gi|116617836|ref|YP_818207.1|_29-254_1GPH:1:1-234	3	13	2	6	0	27	14	15	0	234
gi|116617836|ref|YP_818207.1|_267-482_1GPH:1:235-465	2	10	2	10	0	29	15	13	0	231
gi|116617837|ref|YP_818208.1|_171-338_1CLI:A:171-345	2	6	3	7	0	19	8	10	0	175
gi|116617837|ref|YP_818208.1|_5-167_1CLI:A:5-170	0	6	2	5	0	15	7	12	0	166
gi|116617838|ref|YP_818209.1|_6-194_1MEO:A:	0	9	1	6	0	19	15	11	0	208
gi|116617839|ref|YP_818210.1|_202-508_1ZCZ:A:158-452	2	16	1	8	0	32	22	11	0	295
gi|116617839|ref|YP_818210.1|_2-190_1PKX:A:3-200	3	5	1	10	0	17	9	10	0	198
gi|116617840|ref|YP_818211.1|_1-286_1II7:A:	4	19	4	8	0	37	23	13	0	333
gi|116617841|ref|YP_818212.1|_1-51,575-772_1F2T:A:,B:	2	15	3	7	0	24	21	15	1	292
gi|116617842|ref|YP_818213.1|_141-280_2PJQ:A:1-215	0	0	2	11	0	15	11	12	0	215
gi|116617844|ref|YP_818215.1|_4-411_1EI6:A:	8	19	7	15	0	50	30	24	0	406
gi|116617845|ref|YP_818216.1|_18-303_1O5Z:A:2-293	2	11	4	9	0	24	12	14	0	293
gi|116617845|ref|YP_818216.1|_306-437_2GC6:A:297-425	1	5	0	3	0	14	9	5	0	129
gi|116617846|ref|YP_818217.1|_27-334_1VHN:A:	0	9	3	14	0	31	18	15	0	317
gi|116617847|ref|YP_818218.1|_97-326_1E8C:A:104-337	3	10	2	8	0	23	13	12	0	234
gi|116617847|ref|YP_818218.1|_329-483_1E8C:A:338-497	1	8	1	5	0	21	15	10	0	157
gi|116617847|ref|YP_818218.1|_9-97_1GG4:A:1-98	2	7	1	3	0	14	9	4	0	98
gi|116617848|ref|YP_818219.1|_1-240_1VQZ:A:1-241	3	12	2	7	0	28	9	15	0	241
gi|116617848|ref|YP_818219.1|_241-327_1VQZ:A:242-329	1	3	1	3	0	7	6	7	0	88
gi|116617849|ref|YP_818220.1|_25-373_1W85:A:	3	8	5	13	0	39	20	23	0	365
gi|116617850|ref|YP_818221.1|_3-204_1W85:B:1-192	1	8	2	7	0	20	12	15	0	192
gi|116617850|ref|YP_818221.1|_189-324_1W85:B:193-324	0	6	2	5	0	13	8	5	0	132
gi|116617851|ref|YP_818222.1|_191-429_1B5S:A:	2	9	4	6	0	29	13	11	0	242
gi|116617851|ref|YP_818222.1|_2-90_1LAB:A:	4	6	0	0	0	20	13	1	0	80
gi|116617851|ref|YP_818222.1|_122-165_1EBD:C:	0	0	1	2	0	5	1	3	0	41
gi|116617852|ref|YP_818223.1|_8-340_1EBD:A:7-154,A:272-346	4	13	2	5	0	24	15	13	1	223
gi|116617852|ref|YP_818223.1|_349-468_1EBD:A:347-461	1	5	1	5	0	10	4	8	0	115
gi|116617853|ref|YP_818224.1|_2-258_1A8Q:A:	2	8	2	9	0	27	18	20	0	274
gi|116617854|ref|YP_818225.1|_304-532_1O1Z:A:	1	11	4	10	0	22	17	11	0	233
gi|116617855|ref|YP_818226.1|_344-390_1EYF:A:	0	4	1	2	0	13	6	7	0	92
gi|116617858|ref|YP_818229.1|_23-606_1MW9:X:	5	17	5	18	0	50	23	23	0	591
gi|116617858|ref|YP_818229.1|_592-630_1YUA:A:1-65	1	3	0	1	0	10	7	2	0	65
gi|116617861|ref|YP_818232.1|_3-249_1UB0:A:	1	9	1	8	0	20	12	11	0	258
gi|116617862|ref|YP_818233.1|_44-374_1QDL:A:	4	22	4	9	0	41	30	16	0	422
gi|116617863|ref|YP_818234.1|_9-188_1YBH:A:86-280	0	8	4	9	0	19	7	8	0	195
gi|116617863|ref|YP_818234.1|_356-512_1Q6Z:A:342-524	4	6	1	8	0	22	11	10	0	183
gi|116617864|ref|YP_818235.1|_4-262_1R3D:A:	2	7	3	11	0	24	13	15	0	263
gi|116617865|ref|YP_818236.1|_124-360_1WUF:A:1127-1370	8	10	4	8	0	29	21	17	0	244
gi|116617865|ref|YP_818236.1|_3-133_1WUF:A:1001-1126	1	5	0	5	0	9	7	7	0	126
gi|116617866|ref|YP_818237.1|_98-415_1W3B:A:	0	0	0	23	0	35	6	26	0	388
gi|116617866|ref|YP_818237.1|_13-119_1W3B:A:	0	0	0	23	0	35	6	26	0	388
gi|116617867|ref|YP_818238.1|_145-399_1MIW:A:140-404	1	2	5	15	0	24	17	10	0	265
gi|116617867|ref|YP_818238.1|_12-143_1MIW:A:1-139	1	9	2	5	0	14	6	8	0	139
gi|116617868|ref|YP_818239.1|_2-164_3DFR:A:	2	10	3	4	0	18	11	7	0	162
gi|116617869|ref|YP_818240.1|_1-282_1PZX:A:	2	13	2	10	0	23	9	13	0	287
gi|116617870|ref|YP_818241.1|_1-304_1Q8F:A:	0	12	3	12	0	38	16	10	0	308
gi|116617872|ref|YP_818243.1|_44-220,255-295_1VJG:A:	0	7	1	9	0	17	8	15	0	201
gi|116617874|ref|YP_818245.1|_6-73_2FJ6:A:1-74	0	0	0	5	0	6	4	8	0	74
gi|116617875|ref|YP_818246.1|_11-221_1PUJ:A:	2	6	3	10	0	26	16	16	0	273
gi|116617876|ref|YP_818247.1|_61-253_2ETJ:A:1-221	2	5	1	10	0	20	11	9	0	221
gi|116617878|ref|YP_818249.1|_6-214_1V43:A:7-245	1	10	2	8	0	20	13	15	0	239
gi|116617878|ref|YP_818249.1|_240-451_3DHW:C:1-240	3	10	1	7	0	21	17	12	0	240
gi|116617879|ref|YP_818250.1|_1-96_1YQH:A:1-101	0	4	1	3	0	12	6	4	0	101
gi|116617882|ref|YP_818253.1|_1-260_2FYW:A:1-265	2	12	4	9	0	26	20	12	0	265
gi|116617883|ref|YP_818254.1|_5-214,326-407_1FNO:A:1-207,A:321-408	6	13	2	8	0	39	21	17	1	295
gi|116617883|ref|YP_818254.1|_213-324_1FNO:A:208-320	2	4	2	2	0	13	4	6	0	113
gi|116617885|ref|YP_818256.1|_11-64_1M65:A:	5	8	5	8	0	27	12	19	0	244
gi|116617886|ref|YP_818257.1|_1-74,157-341_1E0T:A:1-69,A:168-344	0	8	1	10	0	19	11	10	1	246
gi|116617886|ref|YP_818257.1|_324-473_1E0T:A:354-470	2	5	1	4	0	13	9	6	0	117
gi|116617886|ref|YP_818257.1|_71-168_1E0T:A:70-167	4	9	1	1	0	16	5	7	0	98
gi|116617887|ref|YP_818258.1|_2-373_1U7G:A:	2	2	6	15	0	21	14	16	0	383
gi|116617888|ref|YP_818259.1|_111-290_1E9R:A:	4	15	5	17	0	45	21	21	0	433
gi|116617889|ref|YP_818260.1|_16-159_1OZ9:A:	0	5	0	5	0	12	8	5	0	141
gi|116617891|ref|YP_818262.1|_11-208_1EGA:A:4-182	1	7	0	5	0	17	11	10	0	179
gi|116617891|ref|YP_818262.1|_184-299_1WF3:A:181-298	1	3	2	5	0	8	4	7	0	118
gi|116617892|ref|YP_818263.1|_83-234_1U5K:A:81-237	2	2	3	6	0	16	13	6	0	157
gi|116617892|ref|YP_818263.1|_4-75_1U5K:A:2-80	0	5	0	0	0	8	4	6	0	79
gi|116617893|ref|YP_818264.1|_1-317_4ECA:A:	8	14	6	9	0	42	22	18	0	326
gi|116617894|ref|YP_818265.1|_7-169_1EBB:A:	4	6	4	7	0	26	7	13	0	202
gi|116617895|ref|YP_818266.1|_1-290_2HMF:A:2-303	2	12	2	10	0	29	13	19	0	302
gi|116617895|ref|YP_818266.1|_378-450_2HMF:A:404-470	0	3	1	2	0	5	2	4	0	67
gi|116617895|ref|YP_818266.1|_298-361_2J0W:A:295-385	0	4	0	2	0	9	8	3	0	91
gi|116617896|ref|YP_818267.1|_1-147_1FWK:A:5-167	1	6	0	4	0	14	8	8	0	163
gi|116617896|ref|YP_818267.1|_155-269_1FWK:A:168-300	1	6	1	6	0	13	8	6	0	133
gi|116617897|ref|YP_818268.1|_136-301_1EBF:A:151-340	1	5	3	7	0	18	12	11	0	190
gi|116617897|ref|YP_818268.1|_3-157_2AMF:A:1-152	1	7	3	6	0	20	8	7	0	152
gi|116617897|ref|YP_818268.1|_347-413_2PC6:A:1-77	0	4	1	2	0	4	3	4	0	77
gi|116617898|ref|YP_818269.1|_1-479_1KL7:A:	5	14	3	20	0	57	37	25	0	511
gi|116617899|ref|YP_818270.1|_3-404_1KL1:A:	2	15	5	16	0	44	22	22	0	405
gi|116617900|ref|YP_818271.1|_3-176_1SOU:A:	3	10	3	5	0	28	20	1	0	193
gi|116617901|ref|YP_818272.1|_113-374_1KPG:A:	0	7	2	12	0	28	16	18	0	285
gi|116617902|ref|YP_818273.1|_4-263_1MZR:A:	4	10	3	10	0	33	15	16	0	274
gi|116617904|ref|YP_818275.1|_7-145_1LK5:A:1-130,A:211-229	2	8	3	4	0	18	9	8	1	149
gi|116617904|ref|YP_818275.1|_126-205_1KS2:A:127-198	1	5	1	2	0	8	6	6	0	72
gi|116617905|ref|YP_818276.1|_3-303_1RKD:A:	0	14	3	11	0	30	12	16	0	306
gi|116617906|ref|YP_818277.1|_63-329_1DBQ:A:	1	11	2	8	0	30	17	12	0	282
gi|116617906|ref|YP_818277.1|_2-60_2BJC:A:1-62	0	0	1	4	0	7	3	3	0	62
gi|116617908|ref|YP_818279.1|_1-303_1Q8F:A:	0	12	3	12	0	38	16	10	0	308
gi|116617909|ref|YP_818280.1|_2-313_1Q8F:A:	0	12	3	12	0	38	16	10	0	308
gi|116617910|ref|YP_818281.1|_17-422_1KPL:A:	5	0	5	18	0	23	12	15	0	430
gi|116617911|ref|YP_818282.1|_7-319_1VIM:A:	0	5	1	8	0	19	10	10	0	199
gi|116617912|ref|YP_818283.1|_13-262_1FXQ:A:	2	13	7	8	0	29	16	15	0	263
gi|116617913|ref|YP_818284.1|_12-140_1MZB:A:	1	5	0	5	0	12	4	5	0	134
gi|116617914|ref|YP_818285.1|_32-291_1PSZ:A:	3	8	4	9	0	26	19	18	0	286
gi|116617915|ref|YP_818286.1|_2-208_1G29:1:1-240	1	11	4	8	0	20	15	14	0	240
gi|116617916|ref|YP_818287.1|_2-255_1L7V:A:	2	0	2	14	0	18	8	12	0	324
gi|116617917|ref|YP_818288.1|_1-316_1EBD:A:7-154,A:272-346	4	13	2	5	0	24	15	13	1	223
gi|116617917|ref|YP_818288.1|_334-441_1JEH:A:356-478	2	5	1	5	0	12	5	9	0	123
gi|116617920|ref|YP_818291.1|_8-334_2AMX:A:20-376	2	8	5	19	0	34	15	18	0	357
gi|116617921|ref|YP_818292.1|_198-468_1DNP:A:201-469	0	0	5	14	0	25	15	19	0	269
gi|116617921|ref|YP_818292.1|_3-179_1OWL:A:3-204	0	5	2	7	0	23	14	9	0	202
gi|116617923|ref|YP_818294.1|_4-223_1F3O:A:	0	10	2	7	0	22	15	14	0	232
gi|116617924|ref|YP_818295.1|_8-75_2IU5:A:1-71	0	0	2	3	0	6	5	4	0	71
gi|116617925|ref|YP_818296.1|_131-333_1IWG:A:7-37,A:331-498	0	0	1	8	0	9	7	9	1	199
gi|116617926|ref|YP_818297.1|_3-143_1TQ8:A:	1	5	0	5	0	9	5	6	0	162
gi|116617928|ref|YP_818299.1|_435-1186_1LLW:A:439-1239	10	19	12	28	0	98	61	37	0	801
gi|116617928|ref|YP_818299.1|_26-430_1EA0:A:1-422	4	17	7	13	0	46	26	20	0	422
gi|116617928|ref|YP_818299.1|_1214-1465_1LLW:A:1240-1507	0	10	1	7	0	33	17	19	0	268
gi|116617929|ref|YP_818300.1|_155-414_1H7W:A:184-287,A:441-532	6	7	3	6	0	23	15	12	1	196
gi|116617929|ref|YP_818300.1|_5-167_1H7W:A:2-183	1	0	4	8	0	20	11	12	0	182
gi|116617929|ref|YP_818300.1|_390-465_1DJN:A:341-489,A:646-729	0	7	3	9	0	25	15	15	1	233
gi|116617930|ref|YP_818301.1|_5-219_2QFI:A:5-208	2	0	7	7	0	14	20	21	0	204
gi|116617931|ref|YP_818302.1|_2-316_1BWD:A:	7	19	9	6	0	44	21	21	0	348
gi|116617932|ref|YP_818303.1|_149-313_2B3Z:A:146-359	4	9	0	7	0	26	18	13	0	214
gi|116617932|ref|YP_818303.1|_3-136_2B3Z:A:1-145	0	5	2	6	0	12	10	9	0	145
gi|116617933|ref|YP_818304.1|_94-194_1KZL:A:93-202	1	6	2	2	0	13	5	7	0	110
gi|116617933|ref|YP_818304.1|_1-90_1I8D:A:1-93	2	6	2	1	0	11	4	6	0	93
gi|116617934|ref|YP_818305.1|_4-201_1G57:A:	5	7	3	7	0	24	12	10	0	209
gi|116617934|ref|YP_818305.1|_214-375_2BZ1:A:1-174	0	7	0	7	0	17	9	10	0	174
gi|116617935|ref|YP_818306.1|_6-153_1RVV:1:	0	7	2	5	0	10	8	7	0	154
gi|116617936|ref|YP_818307.1|_4-120,234-327,662-876_1SU4:A:1-124,A:240-343,A:751-994	1	1	8	18	0	32	20	22	2	472
gi|116617936|ref|YP_818307.1|_331-351,465-715_1SU4:A:344-360,A:600-750	3	8	1	8	0	16	12	11	1	168
gi|116617936|ref|YP_818307.1|_342-518_1MO7:A:	2	9	0	5	0	32	19	9	0	213
gi|116617936|ref|YP_818307.1|_120-231_1SU4:A:125-239	2	9	3	0	0	21	10	7	0	115
gi|116617937|ref|YP_818308.1|_1-387_1PV7:A:	0	0	2	22	0	18	12	14	0	417
gi|116617938|ref|YP_818309.1|_4-478_1UOK:A:1-479	6	15	12	16	0	55	33	34	0	479
gi|116617938|ref|YP_818309.1|_484-554_1UOK:A:480-558	0	7	0	0	0	11	6	4	0	79
gi|116617939|ref|YP_818310.1|_64-326_2NZU:G:58-332	0	12	2	9	0	30	19	13	0	275
gi|116617939|ref|YP_818310.1|_2-62_2HSG:A:2-58	0	0	0	4	0	7	3	5	0	59
gi|116617943|ref|YP_818314.1|_1-166_2FEX:A:1-188	4	9	3	7	0	23	11	14	0	188
gi|116617944|ref|YP_818315.1|_3-176_1MVO:A:	0	5	0	5	0	13	6	5	0	121
gi|116617945|ref|YP_818316.1|_169-325_2C2A:A:321-481	0	7	2	3	0	13	4	10	0	161
gi|116617946|ref|YP_818317.1|_3-227_1F3O:A:	0	10	2	7	0	22	15	14	0	232
gi|116617948|ref|YP_818319.1|_87-298_1I6A:A:	1	12	4	4	0	23	15	16	0	212
gi|116617948|ref|YP_818319.1|_1-111_1IXC:A:1-89	2	0	0	4	0	6	2	3	0	89
gi|116617949|ref|YP_818320.1|_15-435_1ZOD:A:3-433	2	20	0	15	0	44	14	32	0	431
gi|116617950|ref|YP_818321.1|_2-161_1SSQ:A:	3	15	0	8	0	40	9	17	0	241
gi|116617951|ref|YP_818322.1|_11-177_1NSL:A:	1	8	3	5	0	10	7	10	0	183
gi|116617952|ref|YP_818323.1|_13-301_1PYF:A:	6	11	6	11	0	33	19	21	0	311
gi|116617953|ref|YP_818324.1|_5-147_1PUN:A:	3	5	2	2	0	22	12	8	0	129
gi|116617954|ref|YP_818325.1|_248-297_1BL0:A:9-62	0	0	0	4	0	4	3	1	0	54
gi|116617954|ref|YP_818325.1|_23-99_3BU7:A:19-373	6	23	3	6	0	51	21	21	0	355
gi|116617955|ref|YP_818326.1|_8-382_1KWG:A:1-393	7	9	5	14	0	47	27	21	0	393
gi|116617955|ref|YP_818326.1|_391-601_1KWG:A:394-590	1	11	1	4	0	26	13	15	0	197
gi|116617956|ref|YP_818327.1|_16-412_1PW4:A:	2	0	1	18	0	21	18	22	0	450
gi|116617957|ref|YP_818328.1|_1-369_1EQC:A:	4	8	10	10	0	47	30	30	0	394
gi|116617958|ref|YP_818329.1|_4-322_1YRZ:A:1004-1320	6	25	0	0	0	45	27	21	0	317
gi|116617958|ref|YP_818329.1|_342-550_1YRZ:A:1321-1525	1	16	1	0	0	19	14	12	0	205
gi|116617961|ref|YP_818332.1|_81-356_1DBQ:A:	1	11	2	8	0	30	17	12	0	282
gi|116617961|ref|YP_818332.1|_3-71_3BWG:A:5-82	1	3	1	3	0	8	3	5	0	78
gi|116617962|ref|YP_818333.1|_1-326_2AJT:A:1-328	1	10	2	12	0	36	18	17	0	328
gi|116617962|ref|YP_818333.1|_327-474_2AJT:A:329-498	3	9	1	3	0	22	10	6	0	170
gi|116617963|ref|YP_818334.1|_13-208,236-453_1PW4:A:	2	0	1	18	0	21	18	22	0	450
gi|116617964|ref|YP_818335.1|_16-261_1R59:O:5-256	12	6	1	9	0	35	21	15	0	252
gi|116617964|ref|YP_818335.1|_273-519_1R59:O:5-256	12	6	1	9	0	35	21	15	0	252
gi|116617965|ref|YP_818336.1|_1-223_1JDI:A:	5	7	1	8	0	25	7	13	0	223
gi|116617966|ref|YP_818337.1|_5-65_1Y9Q:A:4-82	0	0	1	5	0	7	4	5	0	79
gi|116617967|ref|YP_818338.1|_444-647,684-730_2D3N:A:5-398	8	17	5	10	0	47	28	25	0	394
gi|116617967|ref|YP_818338.1|_1203-1397_1H09:A:191-339	4	14	1	0	0	21	12	10	0	149
gi|116617967|ref|YP_818338.1|_1551-1731_2BIB:A:309-541	11	22	0	0	0	41	19	21	0	233
gi|116617967|ref|YP_818338.1|_1402-1544_1HCX:A:	6	11	0	0	0	29	11	10	0	127
gi|116617967|ref|YP_818338.1|_898-1064_1HVX:A:1-393	6	17	5	10	0	41	24	22	0	393
gi|116617967|ref|YP_818338.1|_2119-2320,2355-2401_2D3N:A:5-398	8	17	5	10	0	47	28	25	0	394
gi|116617967|ref|YP_818338.1|_2575-2741_1HVX:A:1-393	6	17	5	10	0	41	24	22	0	393
gi|116617967|ref|YP_818338.1|_1840-1958_1HCX:A:	6	11	0	0	0	29	11	10	0	127
gi|116617967|ref|YP_818338.1|_1078-1242_2BIB:A:309-541	11	22	0	0	0	41	19	21	0	233
gi|116617967|ref|YP_818338.1|_240-297_1HCX:A:	6	11	0	0	0	29	11	10	0	127
gi|116617967|ref|YP_818338.1|_1700-1806_1HCX:A:	6	11	0	0	0	29	11	10	0	127
gi|116617968|ref|YP_818339.1|_45-288_1GCO:A:	2	7	8	9	0	24	12	14	0	261
gi|116617978|ref|YP_818349.1|_7-266_1MZR:A:	4	10	3	10	0	33	15	16	0	274
gi|116617979|ref|YP_818350.1|_13-444_1PV7:A:	0	0	2	22	0	18	12	14	0	417
gi|116617982|ref|YP_818353.1|_70-317_2NZU:G:58-332	0	12	2	9	0	30	19	13	0	275
gi|116617982|ref|YP_818353.1|_2-46_2BJC:A:1-62	0	0	1	4	0	7	3	3	0	62
gi|116617984|ref|YP_818355.1|_12-389_1PW4:A:	2	0	1	18	0	21	18	22	0	450
gi|116617985|ref|YP_818356.1|_9-316_1EX1:A:1-388	3	11	8	15	1	39	19	29	0	388
gi|116617985|ref|YP_818356.1|_317-551_1EX1:A:389-602	5	6	2	6	0	33	25	10	0	214
gi|116617986|ref|YP_818357.1|_3-174_1RTT:A:	2	8	1	6	0	23	8	12	0	174
gi|116617989|ref|YP_818360.1|_7-129_1IUH:A:	0	9	4	3	0	14	7	3	0	183
gi|116617990|ref|YP_818361.1|_480-636_1GLA:F:	2	14	2	2	0	23	17	9	0	168
gi|116617990|ref|YP_818361.1|_14-458_1PV7:A:	0	0	2	22	0	18	12	14	0	417
gi|116617991|ref|YP_818362.1|_75-315_1TLF:A:	2	12	1	9	0	28	15	13	0	296
gi|116617991|ref|YP_818362.1|_2-50_2HSG:A:2-58	0	0	0	4	0	7	3	5	0	59
gi|116617992|ref|YP_818363.1|_334-675_1ZY9:A:178-525	7	19	7	9	0	39	18	21	0	348
gi|116617993|ref|YP_818364.1|_2-205_1PIE:A:9-213	1	7	1	5	0	22	9	13	0	205
gi|116617993|ref|YP_818364.1|_207-388_1PIE:A:214-396	2	4	3	6	0	13	7	7	0	183
gi|116617995|ref|YP_818366.1|_457-727_1F3O:A:	0	10	2	7	0	22	15	14	0	232
gi|116617995|ref|YP_818366.1|_13-154,279-417_1G29:1:1-240	1	11	4	8	0	20	15	14	0	240
gi|116617996|ref|YP_818367.1|_31-233,270-372_2JBW:A:8-367	0	9	6	13	0	33	19	23	0	358
gi|116617997|ref|YP_818368.1|_5-67_2FQ4:A:9-77	0	0	0	4	0	6	2	2	0	69
gi|116617998|ref|YP_818369.1|_318-364_1BL0:A:9-62	0	0	0	4	0	4	3	1	0	54
gi|116617998|ref|YP_818369.1|_266-315_1BL0:A:9-62	0	0	0	4	0	4	3	1	0	54
gi|116617999|ref|YP_818370.1|_14-397_1QW9:A:18-384	7	13	5	11	0	39	22	25	0	367
gi|116617999|ref|YP_818370.1|_386-505_2C7F:A:2-16,A:387-502	3	13	0	0	0	21	10	5	1	131
gi|116618000|ref|YP_818371.1|_59-308_2NZU:G:58-332	0	12	2	9	0	30	19	13	0	275
gi|116618000|ref|YP_818371.1|_1-59_2BJC:A:1-62	0	0	1	4	0	7	3	3	0	62
gi|116618001|ref|YP_818372.1|_73-305_2NZU:G:58-332	0	12	2	9	0	30	19	13	0	275
gi|116618001|ref|YP_818372.1|_1-58_1EFA:A:2-60	0	0	0	4	0	6	2	5	0	59
gi|116618002|ref|YP_818373.1|_16-441_1PV7:A:	0	0	2	22	0	18	12	14	0	417
gi|116618003|ref|YP_818374.1|_267-747_1H54:A:269-753	8	12	7	19	0	39	30	29	0	481
gi|116618003|ref|YP_818374.1|_1-262_1H54:A:1-268	2	21	1	1	0	29	14	13	0	268
gi|116618004|ref|YP_818375.1|_6-212_1LVH:A:	2	6	7	9	0	21	8	14	0	221
gi|116618005|ref|YP_818376.1|_59-307_2NZU:G:58-332	0	12	2	9	0	30	19	13	0	275
gi|116618005|ref|YP_818376.1|_3-60_2BJC:A:1-62	0	0	1	4	0	7	3	3	0	62
gi|116618006|ref|YP_818377.1|_5-481_1UOK:A:1-479	6	15	12	16	0	55	33	34	0	479
gi|116618006|ref|YP_818377.1|_486-555_1UOK:A:480-558	0	7	0	0	0	11	6	4	0	79
gi|116618007|ref|YP_818378.1|_18-446_1PV7:A:	0	0	2	22	0	18	12	14	0	417
gi|116618008|ref|YP_818379.1|_6-485_1UOK:A:1-479	6	15	12	16	0	55	33	34	0	479
gi|116618008|ref|YP_818379.1|_488-558_1UOK:A:480-558	0	7	0	0	0	11	6	4	0	79
gi|116618009|ref|YP_818380.1|_63-161_1H99:A:54-168	0	0	1	5	0	8	5	7	0	115
gi|116618009|ref|YP_818380.1|_173-281_1H99:A:169-275	0	0	0	5	0	5	1	5	0	107
gi|116618009|ref|YP_818380.1|_1-54_1AUU:A:	0	4	0	0	0	9	6	4	0	55
gi|116618010|ref|YP_818381.1|_463-597_1GPR:A:	6	13	3	2	0	25	13	9	0	158
gi|116618010|ref|YP_818381.1|_6-81_1O2F:B:	0	4	1	3	0	9	4	6	0	77
gi|116618011|ref|YP_818382.1|_7-479_1PBG:A:	8	18	1	16	0	44	18	27	0	468
gi|116618012|ref|YP_818383.1|_13-176_1NSL:A:	1	8	3	5	0	10	7	10	0	183
gi|116618013|ref|YP_818384.1|_11-151_1VHM:A:	0	6	1	4	0	11	11	10	0	159
gi|116618015|ref|YP_818386.1|_6-118_1B66:A:	0	5	2	5	0	13	4	8	0	138
gi|116618017|ref|YP_818388.1|_3-268_1I01:A:	2	7	3	9	0	21	12	12	0	241
gi|116618018|ref|YP_818389.1|_7-126,156-177_2FML:A:3-204	1	9	1	4	0	16	9	13	0	202
gi|116618018|ref|YP_818389.1|_181-237_2FML:A:205-268	4	0	3	2	0	9	3	1	0	64
gi|116618019|ref|YP_818390.1|_4-381_1PW4:A:	2	0	1	18	0	21	18	22	0	450
gi|116618020|ref|YP_818391.1|_1-177_1E3J:A:4-142,A:313-351	5	12	4	3	0	23	8	10	1	178
gi|116618020|ref|YP_818391.1|_143-311_1PL7:A:146-316	0	6	0	7	0	22	14	8	0	171
gi|116618022|ref|YP_818393.1|_2-187_3D31:A:1-229	0	10	1	9	0	26	15	14	0	229
gi|116618023|ref|YP_818394.1|_3-187_1UI0:A:	2	6	3	9	0	21	15	9	0	192
gi|116618025|ref|YP_818396.1|_2-221_1YMQ:A:2-261	3	13	6	10	0	30	16	15	0	260
gi|116618026|ref|YP_818397.1|_5-398_1PW4:A:	2	0	1	18	0	21	18	22	0	450
gi|116618027|ref|YP_818398.1|_1-167_1OI4:A:23-192	2	11	4	6	0	19	6	13	0	170
gi|116618028|ref|YP_818399.1|_4-121_2ASF:A:11-135	0	7	0	3	0	11	3	7	0	125
gi|116618029|ref|YP_818400.1|_11-389_1GDE:A:	4	12	7	13	0	42	12	25	0	388
gi|116618030|ref|YP_818401.1|_12-255_1I01:A:	2	7	3	9	0	21	12	12	0	241
gi|116618032|ref|YP_818403.1|_178-473_1PGP:A:177-473	6	0	2	12	0	23	12	11	0	297
gi|116618032|ref|YP_818403.1|_4-167_1PGP:A:1-176	4	8	1	7	0	22	12	9	0	176
gi|116618033|ref|YP_818404.1|_2-165_1ZL0:A:3-169	3	5	3	5	0	16	9	7	0	167
gi|116618033|ref|YP_818404.1|_169-316_2AUN:A:152-307	0	9	1	4	0	18	8	10	0	156
gi|116618034|ref|YP_818405.1|_1-152_2GE3:A:6-169	0	7	2	4	0	13	5	8	0	164
gi|116618035|ref|YP_818406.1|_3-470_1BGG:A:	8	15	6	16	0	39	20	27	0	447
gi|116618036|ref|YP_818407.1|_1-89_1IIB:A:	0	4	2	5	0	10	3	4	0	103
gi|116618037|ref|YP_818408.1|_301-392_1H99:A:54-168	0	0	1	5	0	8	5	7	0	115
gi|116618037|ref|YP_818408.1|_513-652_1A3A:A:	3	5	2	5	0	14	8	7	0	145
gi|116618037|ref|YP_818408.1|_197-283_1H99:A:169-275	0	0	0	5	0	5	1	5	0	107
gi|116618037|ref|YP_818408.1|_402-482_2R48:A:2-104	2	5	1	4	0	11	7	3	0	103
gi|116618037|ref|YP_818408.1|_94-138_1J5Y:A:3-67	1	2	0	3	0	7	2	4	0	65
gi|116618038|ref|YP_818409.1|_1-101_1E2A:A:	0	0	0	3	0	4	0	3	0	102
gi|116618042|ref|YP_818413.1|_244-322_1LCI:A:	7	27	4	15	0	64	28	38	0	541
gi|116618044|ref|YP_818415.1|_4-254_1EDO:A:	2	7	2	10	0	24	12	13	0	244
gi|116618046|ref|YP_818417.1|_16-262_1V8A:A:	2	9	1	11	0	20	8	10	0	264
gi|116618047|ref|YP_818418.1|_4-100_1IIB:A:	0	4	2	5	0	10	3	4	0	103
gi|116618049|ref|YP_818420.1|_7-104_1E2A:A:	0	0	0	3	0	4	0	3	0	102
gi|116618050|ref|YP_818421.1|_4-474_1PBG:A:	8	18	1	16	0	44	18	27	0	468
gi|116618052|ref|YP_818423.1|_1-174_1JAY:A:	0	11	1	10	0	20	11	11	0	212
gi|116618053|ref|YP_818424.1|_10-114_2HZT:A:4-98	1	2	1	5	0	9	4	6	0	95
gi|116618054|ref|YP_818425.1|_6-121_2BV6:A:5-140	0	3	0	8	0	8	4	10	0	135
gi|116618055|ref|YP_818426.1|_1-354_3LAD:A:1-158,A:278-348	5	12	2	5	0	29	17	12	1	229
gi|116618055|ref|YP_818426.1|_331-442_1EBD:A:347-461	1	5	1	5	0	10	4	8	0	115
gi|116618056|ref|YP_818427.1|_1-152_1YB5:A:6-120,A:295-329	2	9	3	2	0	18	11	6	1	150
gi|116618056|ref|YP_818427.1|_120-237_1PQW:A:	0	7	2	7	0	15	7	13	0	183
gi|116618058|ref|YP_818429.1|_4-267_1GA8:A:	1	9	6	12	0	34	23	21	0	282
gi|116618059|ref|YP_818430.1|_2-225_1F3O:A:	0	10	2	7	0	22	15	14	0	232
gi|116618060|ref|YP_818431.1|_12-263_1L7V:A:	2	0	2	14	0	18	8	12	0	324
gi|116618061|ref|YP_818432.1|_30-312_1PSZ:A:	3	8	4	9	0	26	19	18	0	286
gi|116618062|ref|YP_818433.1|_3-235_1XV2:A:	2	14	2	6	0	22	12	11	0	232
gi|116618063|ref|YP_818434.1|_43-166_1L5A:A:1-174	1	6	2	5	0	15	9	11	0	174
gi|116618064|ref|YP_818435.1|_1-179_1NXO:A:	0	5	0	5	0	10	7	4	0	119
gi|116618065|ref|YP_818436.1|_187-352_2C2A:A:321-481	0	7	2	3	0	13	4	10	0	161
gi|116618065|ref|YP_818436.1|_116-197_2C2A:A:232-320	0	0	1	3	0	3	0	4	0	89
gi|116618070|ref|YP_818441.1|_4-132_3BRO:A:3-137	1	2	0	7	0	9	4	7	0	135
gi|116618071|ref|YP_818442.1|_6-195,243-443_1PV7:A:	0	0	2	22	0	18	12	14	0	417
gi|116618072|ref|YP_818443.1|_19-130,240-334,686-892_1SU4:A:1-124,A:240-343,A:751-994	1	1	8	18	0	32	20	22	2	472
gi|116618072|ref|YP_818443.1|_338-358,489-738_1SU4:A:344-360,A:600-750	3	8	1	8	0	16	12	11	1	168
gi|116618072|ref|YP_818443.1|_347-539_1SU4:A:361-599	0	13	3	7	0	21	11	13	0	239
gi|116618072|ref|YP_818443.1|_130-239_1SU4:A:125-239	2	9	3	0	0	21	10	7	0	115
gi|116618074|ref|YP_818445.1|_4-269_1VP5:A:	3	10	4	11	0	36	16	14	0	284
gi|116618075|ref|YP_818446.1|_1-151_1WDV:A:	3	8	3	5	0	21	9	9	0	150
gi|116618077|ref|YP_818448.1|_103-289_1YGY:A:99-282	3	7	2	7	0	24	14	12	0	184
gi|116618077|ref|YP_818448.1|_1-134_1YGY:A:3-98,A:283-316	4	5	2	4	0	19	10	9	1	130
gi|116618078|ref|YP_818449.1|_6-252_1JTV:A:	2	7	4	11	0	26	15	16	0	285
gi|116618079|ref|YP_818450.1|_16-121_1Q7R:A:	0	12	3	6	0	17	7	9	0	218
gi|116618081|ref|YP_818452.1|_17-259_1JX4:A:1-240	3	8	3	10	0	22	11	12	0	240
gi|116618081|ref|YP_818452.1|_268-382_1UNN:C:	3	4	0	2	0	12	3	3	0	114
gi|116618084|ref|YP_818455.1|_370-590_2DJI:A:364-592	4	6	2	10	0	28	14	15	0	229
gi|116618084|ref|YP_818455.1|_3-181_2DJI:A:3-186	0	8	5	7	0	16	6	13	0	184
gi|116618084|ref|YP_818455.1|_196-364_2DJI:A:187-363	1	5	3	5	0	19	12	9	0	177
gi|116618085|ref|YP_818456.1|_10-133_1SHS:A:	2	10	3	0	0	16	4	4	0	115
gi|116618086|ref|YP_818457.1|_1-202_2FMU:A:7-236	0	9	1	8	0	17	11	9	0	230
gi|116618088|ref|YP_818459.1|_2-92_2GRE:A:3-73,A:187-348	3	10	0	5	0	19	13	10	1	233
gi|116618090|ref|YP_818461.1|_59-132_1BDO:A:	0	8	0	0	0	15	7	6	0	80
gi|116618091|ref|YP_818462.1|_89-332_1DV1:A:115-330	3	7	1	6	0	20	10	7	0	216
gi|116618091|ref|YP_818462.1|_10-119_1DV1:A:1-114	0	5	2	5	0	11	5	6	0	114
gi|116618091|ref|YP_818462.1|_337-436_1DV1:A:331-446	3	7	0	4	0	16	7	5	0	116
gi|116618092|ref|YP_818463.1|_6-250_1V6T:A:	6	10	1	8	0	32	10	13	0	254
gi|116618094|ref|YP_818465.1|_92-220_2PHC:B:86-217	4	9	1	2	0	15	8	8	0	132
gi|116618094|ref|YP_818465.1|_5-95_2PHC:B:2-85	0	5	0	2	0	7	3	5	0	84
gi|116618096|ref|YP_818467.1|_2-382_1O4S:A:	2	12	4	14	0	38	16	21	0	375
gi|116618097|ref|YP_818468.1|_40-181_1ASU:A:	0	5	1	5	0	18	12	6	0	162
gi|116618098|ref|YP_818469.1|_17-440_1PV7:A:	0	0	2	22	0	18	12	14	0	417
gi|116618099|ref|YP_818470.1|_268-745_1H54:A:269-753	8	12	7	19	0	39	30	29	0	481
gi|116618099|ref|YP_818470.1|_1-262_1H54:A:1-268	2	21	1	1	0	29	14	13	0	268
gi|116618100|ref|YP_818471.1|_6-321_1SNZ:A:	12	29	5	2	0	50	22	25	0	343
gi|116618101|ref|YP_818472.1|_6-213_1LVH:A:	2	6	7	9	0	21	8	14	0	221
gi|116618104|ref|YP_818475.1|_11-189_1K30:A:	2	9	5	14	0	31	12	16	0	367
gi|116618107|ref|YP_818478.1|_123-292_1AL3:A:	3	10	1	9	0	23	12	16	0	237
gi|116618107|ref|YP_818478.1|_1-88_1IXC:A:1-89	2	0	0	4	0	6	2	3	0	89
gi|116618108|ref|YP_818479.1|_3-260_1GQ2:A:23-279	1	5	5	13	0	28	14	15	0	257
gi|116618108|ref|YP_818479.1|_261-538_1GQ2:A:280-580	3	9	5	11	0	37	20	16	0	298
gi|116618110|ref|YP_818481.1|_3-78_2JN6:A:1-89	0	0	3	5	0	8	5	5	0	89
gi|116618111|ref|YP_818482.1|_125-263_1ASU:A:	0	5	1	5	0	18	12	6	0	162
gi|116326511|ref|YP_794191.1|_3-77_2JN6:A:1-89	0	0	3	5	0	8	5	5	0	89
gi|116326520|ref|YP_794200.1|_3-77_2JN6:A:1-89	0	0	3	5	0	8	5	5	0	89
gi|116618112|ref|YP_818483.1|_3-77_2JN6:A:1-89	0	0	3	5	0	8	5	5	0	89
gi|116618116|ref|YP_818487.1|_11-291_2ATX:A:9-193	0	6	1	6	0	20	11	12	0	185
gi|116618118|ref|YP_818489.1|_22-128_1RIL:A:	4	6	1	5	0	13	9	8	0	147
gi|116618119|ref|YP_818490.1|_234-504_1SW5:A:	2	10	4	12	0	25	13	16	0	270
gi|116618119|ref|YP_818490.1|_13-197_3DHW:A:6-208	0	0	1	9	0	11	7	9	0	203
gi|116618120|ref|YP_818491.1|_5-242_1V43:A:7-245	1	10	2	8	0	20	13	15	0	239
gi|116618121|ref|YP_818492.1|_1-361_1GES:A:3-146,A:263-335	3	10	2	6	0	20	11	15	1	217
gi|116618121|ref|YP_818492.1|_331-442_1GES:A:336-450	1	5	2	4	0	12	8	5	0	115
gi|116618126|ref|YP_818497.1|_12-87,151-287_1J90:A:	2	5	2	9	0	18	8	12	0	195
gi|116618135|ref|YP_818506.1|_259-368_2IO8:A:10-200	2	14	3	1	0	22	10	12	0	191
gi|116618138|ref|YP_818509.1|_49-128_1FO5:A:	0	4	0	2	0	8	6	4	0	85
gi|116618139|ref|YP_818510.1|_456-811_1E9R:A:	4	15	5	17	0	45	21	21	0	433
gi|116618141|ref|YP_818512.1|_84-124,198-364_1FX0:B:98-377	4	10	3	9	0	35	23	19	0	280
gi|116618142|ref|YP_818513.1|_211-404_1LV7:A:	2	6	3	10	0	31	17	18	0	256
gi|116618146|ref|YP_818517.1|_127-178_1UTX:A:	0	2	0	5	0	7	3	4	0	66
gi|116618148|ref|YP_818519.1|_1-320,452-493_1SEZ:A:13-329,A:442-497	7	15	2	15	0	38	28	17	1	373
gi|116618149|ref|YP_818520.1|_20-290_1EZF:A:	0	0	3	18	0	19	14	22	0	333
gi|116618151|ref|YP_818522.1|_6-220_1F3O:A:	0	10	2	7	0	22	15	14	0	232
gi|116618153|ref|YP_818524.1|_208-364_1B9D:A:	2	5	2	5	0	12	5	4	0	154
gi|116618154|ref|YP_818525.1|_2-68_1UTX:A:	0	2	0	5	0	7	3	4	0	66
gi|116618158|ref|YP_818529.1|_5-113_1QVC:A:	0	7	0	1	0	20	11	4	0	145
gi|116618165|ref|YP_818536.1|_69-329_2NZU:G:58-332	0	12	2	9	0	30	19	13	0	275
gi|116618165|ref|YP_818536.1|_3-48_2BJC:A:1-62	0	0	1	4	0	7	3	3	0	62
gi|116618166|ref|YP_818537.1|_10-374_1KWG:A:1-393	7	9	5	14	0	47	27	21	0	393
gi|116618166|ref|YP_818537.1|_404-612_1KWG:A:394-590	1	11	1	4	0	26	13	15	0	197
gi|116618167|ref|YP_818538.1|_488-633_2GPR:A:	1	13	2	2	0	27	13	7	0	154
gi|116618167|ref|YP_818538.1|_17-464_1PV7:A:	0	0	2	22	0	18	12	14	0	417
gi|116618168|ref|YP_818539.1|_39-408_1UR4:A:	10	8	5	11	0	52	24	24	0	387
gi|116618170|ref|YP_818541.1|_1-327_1GY8:A:	4	14	2	11	0	41	23	17	0	383
gi|116618171|ref|YP_818542.1|_4-205_1PIE:A:9-213	1	7	1	5	0	22	9	13	0	205
gi|116618171|ref|YP_818542.1|_209-388_1PIE:A:214-396	2	4	3	6	0	13	7	7	0	183
gi|116618175|ref|YP_818546.1|_22-187_1TC6:A:	1	8	3	6	0	23	8	10	0	225
gi|116618176|ref|YP_818547.1|_120-229_1FYX:A:	0	5	3	8	0	17	10	7	0	149
gi|116618178|ref|YP_818549.1|_248-506_1QVR:A:536-850	5	9	4	14	0	30	21	15	0	315
gi|116618179|ref|YP_818550.1|_6-191,234-440_1PW4:A:	2	0	1	18	0	21	18	22	0	450
gi|116618180|ref|YP_818551.1|_51-169_1OBO:A:	0	10	3	4	0	17	6	13	0	169
gi|116618181|ref|YP_818552.1|_62-276_1GKL:A:	2	8	3	8	0	29	21	23	0	296
gi|116618182|ref|YP_818553.1|_1-187_1QYC:A:	1	13	4	12	0	30	15	23	0	307
gi|116618183|ref|YP_818554.1|_52-181_1AG9:A:	0	11	1	6	0	19	6	13	0	175
gi|116618184|ref|YP_818555.1|_291-415_1KRH:A:206-338	0	6	4	3	0	12	8	3	0	133
gi|116618184|ref|YP_818555.1|_212-301_1KRH:A:106-205	0	6	0	1	0	15	6	7	0	100
gi|116618185|ref|YP_818556.1|_1-314_1PYF:A:	6	11	6	11	0	33	19	21	0	311
gi|116618186|ref|YP_818557.1|_11-130_2F4P:A:2-135	2	12	2	1	0	21	5	9	0	134
gi|116618187|ref|YP_818558.1|_8-105_2AF7:A:1-119	0	0	0	8	1	9	2	7	0	119
gi|116618188|ref|YP_818559.1|_3-238_1EDO:A:	2	7	2	10	0	24	12	13	0	244
gi|116618189|ref|YP_818560.1|_3-275_1VP5:A:	3	10	4	11	0	36	16	14	0	284
gi|116618190|ref|YP_818561.1|_4-270_1VP5:A:	3	10	4	11	0	36	16	14	0	284
gi|116618191|ref|YP_818562.1|_1-116_1Q06:A:	0	2	0	6	0	12	2	6	0	127
gi|116618192|ref|YP_818563.1|_3-458_1BI9:A:	7	19	2	16	0	50	25	21	0	499
gi|116618193|ref|YP_818564.1|_44-278_1I6W:A:	3	6	5	5	0	21	9	11	0	179
gi|116618196|ref|YP_818567.1|_18-258_1JX4:A:1-240	3	8	3	10	0	22	11	12	0	240
gi|116618196|ref|YP_818567.1|_267-370_1T94:A:411-515	0	4	0	2	0	8	4	3	0	105
gi|116618199|ref|YP_818570.1|_3-104_2A3Q:A:22-134	0	0	1	5	0	10	6	3	0	113
gi|116618209|ref|YP_818580.1|_4-178_2OCP:A:37-277	0	5	2	11	0	21	14	10	0	241
gi|116618211|ref|YP_818582.1|_150-296_1NUI:A:64-255	7	8	3	7	0	22	8	15	0	192
gi|116618213|ref|YP_818584.1|_276-533_1QVR:A:536-850	5	9	4	14	0	30	21	15	0	315
gi|116618213|ref|YP_818584.1|_34-275_1QVR:A:149-535	0	8	0	16	0	30	17	16	0	387
gi|116618214|ref|YP_818585.1|_277-415,558-778_1E9R:A:	4	15	5	17	0	45	21	21	0	433
gi|116618218|ref|YP_818589.1|_1-256_1ION:A:	0	8	2	11	0	24	19	13	0	243
gi|116618221|ref|YP_818592.1|_222-630_1CBU:A:	0	7	2	5	0	16	13	7	0	180
gi|116618223|ref|YP_818594.1|_38-128_1FO5:A:	0	4	0	2	0	8	6	4	0	85
gi|116618226|ref|YP_818597.1|_1-186_1FYE:A:	3	11	2	7	0	33	17	14	0	229
gi|116618229|ref|YP_818600.1|_114-279_1IJA:A:	0	10	1	1	0	17	13	11	0	148
gi|116618231|ref|YP_818602.1|_154-300_1C6V:A:	0	5	0	5	0	13	9	9	0	159
gi|116618232|ref|YP_818603.1|_186-338_1EXQ:A:	0	5	3	5	0	10	7	4	0	154
gi|116618233|ref|YP_818604.1|_18-154_1V8Y:A:	5	9	0	3	0	15	5	6	0	158
gi|116618234|ref|YP_818605.1|_154-300_1C6V:A:	0	5	0	5	0	13	9	9	0	159
gi|116618235|ref|YP_818606.1|_3-105_2FPR:A:3-163	7	5	4	4	0	15	6	10	0	161
gi|116618236|ref|YP_818607.1|_3-108_1S04:A:	2	4	0	5	0	14	7	7	0	110
gi|116618238|ref|YP_818609.1|_3-134_1JTK:A:	3	5	1	5	0	18	7	6	0	131
gi|116618239|ref|YP_818610.1|_6-134_2OIK:A:6-144	0	5	1	3	0	19	13	6	0	139
gi|116618240|ref|YP_818611.1|_2-135_2GAX:A:1-135	2	7	2	4	0	16	5	6	0	135
gi|116618241|ref|YP_818612.1|_206-254_1BL0:A:63-124	0	0	0	4	0	7	4	3	0	62
gi|116618241|ref|YP_818612.1|_154-204_1BL0:A:9-62	0	0	0	4	0	4	3	1	0	54
gi|116618241|ref|YP_818612.1|_27-100_2ARC:A:	0	10	1	2	0	17	7	11	0	161
gi|116618242|ref|YP_818613.1|_1-128_1A04:A:5-142	0	5	0	6	0	12	9	7	0	138
gi|116618242|ref|YP_818613.1|_141-208_1A04:A:150-216	0	0	1	4	0	6	2	4	0	67
gi|116618243|ref|YP_818614.1|_270-393_1L0O:A:	1	6	3	4	0	15	8	5	0	141
gi|116618244|ref|YP_818615.1|_121-336_1IWG:A:513-566,A:869-1036	2	0	1	11	0	13	7	10	1	222
gi|116618244|ref|YP_818615.1|_452-688_1IWG:A:7-37,A:331-498	0	0	1	8	0	9	7	9	1	199
gi|116618245|ref|YP_818616.1|_2-147_1UFH:A:	0	5	2	4	0	14	4	8	0	155
gi|116618246|ref|YP_818617.1|_35-212_1W1O:A:40-245	2	10	2	6	0	23	19	14	0	206
gi|116618247|ref|YP_818618.1|_5-390_1PV7:A:	0	0	2	22	0	18	12	14	0	417
gi|116618248|ref|YP_818619.1|_260-307_1D5Y:A:57-121	0	1	0	4	0	7	4	2	0	65
gi|116618248|ref|YP_818619.1|_207-256_1D5Y:A:3-56	0	0	0	4	0	4	3	2	0	54
gi|116618249|ref|YP_818620.1|_3-251_1GEG:A:	4	7	4	9	0	21	11	15	0	255
gi|116618251|ref|YP_818622.1|_4-502_1LCI:A:	7	27	4	15	0	64	28	38	0	541
gi|116618252|ref|YP_818623.1|_37-258_1II5:A:	0	12	3	8	0	21	13	13	0	232
gi|116618253|ref|YP_818624.1|_4-205_1F3O:A:	0	10	2	7	0	22	15	14	0	232
gi|116618254|ref|YP_818625.1|_60-243_3DHW:A:6-208	0	0	1	9	0	11	7	9	0	203
gi|116618255|ref|YP_818626.1|_2-218,324-397_1Z2L:A:4-212,A:330-413	3	9	2	9	0	29	19	15	1	293
gi|116618255|ref|YP_818626.1|_208-302_1Z2L:A:213-329	0	7	1	2	0	11	3	4	0	117
gi|116618256|ref|YP_818627.1|_6-236_1TYG:A:	5	11	1	9	0	33	17	11	0	242
gi|116618257|ref|YP_818628.1|_28-212_1JW9:B:	5	8	2	9	0	22	10	18	0	247
gi|116618258|ref|YP_818629.1|_2-64_1TYG:B:	2	5	1	1	0	8	4	5	0	65
gi|116618259|ref|YP_818630.1|_7-204_1XI3:A:	0	8	0	10	0	20	16	11	0	206
gi|116618260|ref|YP_818631.1|_3-54,103-292_1QFE:A:	4	10	4	9	0	26	14	12	0	252
gi|116618262|ref|YP_818633.1|_9-166_1KAG:A:	0	5	1	7	0	12	8	5	0	169
gi|116618262|ref|YP_818633.1|_178-263_1YBZ:A:2-75	0	0	1	3	0	3	1	1	0	74
gi|116618263|ref|YP_818634.1|_3-159_2G5C:A:30-200	0	9	3	5	0	23	15	7	0	171
gi|116618263|ref|YP_818634.1|_173-280_2G5C:A:201-310	2	0	2	5	0	8	1	6	0	110
gi|116618264|ref|YP_818635.1|_8-429_1RF6:A:	6	23	6	12	0	43	18	25	0	427
gi|116618265|ref|YP_818636.1|_1-391_1QXO:A:	5	17	7	10	0	41	26	25	0	388
gi|116618266|ref|YP_818637.1|_4-341_1DQS:A:	3	13	4	15	0	30	16	22	0	388
gi|116618267|ref|YP_818638.1|_52-329_1RZM:A:	8	15	4	10	0	42	23	21	0	338
gi|116618268|ref|YP_818639.1|_101-273_1NPD:A:107-287	0	6	1	7	0	19	12	12	0	181
gi|116618268|ref|YP_818639.1|_2-100_1NVT:A:1-110	0	6	2	3	0	12	4	8	0	105
gi|116618269|ref|YP_818640.1|_8-293_1QGD:A:2-332	2	7	3	13	0	33	13	24	0	331
gi|116618269|ref|YP_818640.1|_332-502_1ITZ:A:348-539	4	5	3	6	0	27	10	13	0	192
gi|116618269|ref|YP_818640.1|_515-639_1QGD:A:528-663	0	5	3	7	0	17	10	6	0	136
gi|116618270|ref|YP_818641.1|_1-187_1QDL:B:	1	9	0	6	0	17	14	12	0	195
gi|116618271|ref|YP_818642.1|_5-449_1QDL:A:	4	22	4	9	0	41	30	16	0	422
gi|116618272|ref|YP_818643.1|_1-256_1UJP:A:	2	9	2	12	0	27	8	11	0	271
gi|116618273|ref|YP_818644.1|_2-188_1NSJ:A:	1	10	4	7	0	20	17	10	0	205
gi|116618274|ref|YP_818645.1|_15-259_1PII:A:1-254	0	12	2	11	0	27	19	14	0	254
gi|116618275|ref|YP_818646.1|_73-332_1V8G:A:66-329	3	7	5	11	0	22	10	13	0	264
gi|116618275|ref|YP_818646.1|_3-71_1O17:A:1-70	0	0	0	4	0	6	2	2	0	70
gi|116618276|ref|YP_818647.1|_4-386_1V8Z:A:1-386	8	14	4	15	0	30	22	23	0	386
gi|116618277|ref|YP_818648.1|_1-291_1L7K:A:	9	31	5	3	0	49	22	27	0	346
gi|116618278|ref|YP_818649.1|_7-289_1A0P:A:111-292	4	3	3	8	0	17	7	7	0	182
gi|116618280|ref|YP_818651.1|_2-442_2HA9:A:1-440	1	12	2	15	0	35	21	21	0	440
gi|116618281|ref|YP_818652.1|_5-86_1ZPV:A:1-83	0	4	1	2	0	4	2	5	0	83
gi|116618282|ref|YP_818653.1|_3-146_1S2D:A:	1	7	1	4	0	22	10	10	0	167
gi|116618284|ref|YP_818655.1|_169-384_1TVZ:A:168-388	0	10	4	6	0	22	9	13	0	221
gi|116618284|ref|YP_818655.1|_3-166_1TVZ:A:2-167	0	7	2	6	0	20	9	10	0	166
gi|116618285|ref|YP_818656.1|_2-92,125-248_1B0U:A:	0	12	1	10	0	24	16	14	0	261
gi|116618285|ref|YP_818656.1|_295-516_1V43:A:7-245	1	10	2	8	0	20	13	15	0	239
gi|116618287|ref|YP_818658.1|_71-243_1VHK:A:74-253	1	6	1	6	0	18	5	10	0	180
gi|116618287|ref|YP_818658.1|_1-68_1V6Z:A:4-66	1	4	1	1	0	11	4	2	0	63
gi|116618288|ref|YP_818659.1|_35-291_1UFK:A:	0	14	4	9	0	22	7	12	0	254
gi|116618289|ref|YP_818660.1|_32-157_1QOR:A:2-112,A:292-327	4	9	4	2	0	19	11	6	1	147
gi|116618289|ref|YP_818660.1|_134-289_1JVB:A:144-313	0	6	2	8	0	13	10	11	0	170
gi|116618291|ref|YP_818662.1|_11-245_1N0U:A:3-343	9	9	5	14	0	30	13	15	0	341
gi|116618291|ref|YP_818662.1|_414-509_2BV3:A:600-688	0	4	2	3	0	5	0	4	0	89
gi|116618291|ref|YP_818662.1|_307-385_1FNM:A:404-482	0	5	0	2	0	8	3	2	0	79
gi|116618292|ref|YP_818663.1|_2-195_1TLT:A:5-127,A:268-308	1	5	2	8	0	16	11	11	1	164
gi|116618293|ref|YP_818664.1|_335-498_3DTO:A:2-213	0	0	2	10	0	13	6	9	0	212
gi|116618294|ref|YP_818665.1|_7-285_1J5W:A:	2	10	4	8	0	20	11	13	0	281
gi|116618296|ref|YP_818667.1|_3-181_1IS1:A:	0	6	2	4	0	8	5	9	0	185
gi|116618297|ref|YP_818668.1|_5-239_1Z9D:A:4-241	4	9	1	8	0	27	14	17	0	238
gi|116618298|ref|YP_818669.1|_152-290_1EFU:B:140-282	2	5	1	5	0	7	7	6	0	143
gi|116618298|ref|YP_818669.1|_1-55_1EFU:B:1-54	0	0	0	3	0	3	1	2	0	54
gi|116618298|ref|YP_818669.1|_55-145_1EFU:B:55-139	0	3	0	3	0	7	2	3	0	85
gi|116618299|ref|YP_818670.1|_6-228_2GY9:B:8-225	4	5	3	6	0	21	13	11	0	218
gi|116618300|ref|YP_818671.1|_3-75_1MK0:A:	0	3	0	3	0	8	5	3	0	97
gi|116618301|ref|YP_818672.1|_18-200_1DUS:A:	0	9	1	5	0	16	12	13	0	194
gi|116618302|ref|YP_818673.1|_8-198_1K30:A:	2	9	5	14	0	31	12	16	0	367
gi|116618304|ref|YP_818675.1|_87-208_1JHF:A:73-198	1	9	3	0	0	16	8	10	0	126
gi|116618304|ref|YP_818675.1|_7-67_1JHF:A:2-72	0	2	0	3	0	6	4	2	0	71
gi|116618305|ref|YP_818676.1|_12-209_2AEE:A:1-208	0	10	2	7	0	22	10	10	0	208
gi|116618306|ref|YP_818677.1|_1-229_1DBT:A:	3	8	3	11	0	32	16	16	0	237
gi|116618307|ref|YP_818678.1|_128-399_1A9X:A:128-402	4	11	3	7	0	30	24	12	0	275
gi|116618307|ref|YP_818678.1|_666-927_1A9X:A:677-935	1	11	2	8	0	28	16	9	0	259
gi|116618307|ref|YP_818678.1|_1-127_1A9X:A:1-127	2	5	2	5	0	17	8	6	0	127
gi|116618307|ref|YP_818678.1|_551-668_1A9X:A:556-676	3	4	0	6	0	13	10	8	0	121
gi|116618307|ref|YP_818678.1|_395-546_1A9X:A:403-555	3	2	1	7	0	15	8	10	0	153
gi|116618307|ref|YP_818678.1|_930-1051_1A9X:A:936-1073	2	5	1	7	0	14	5	11	0	138
gi|116618308|ref|YP_818679.1|_150-354_1A9X:B:1653-1880	4	10	1	6	0	22	14	15	0	228
gi|116618308|ref|YP_818679.1|_1-143_1A9X:B:1502-1652	4	7	2	4	0	22	12	6	0	151
gi|116618309|ref|YP_818680.1|_52-362_1XRT:A:56-365	5	7	4	10	0	31	14	12	0	310
gi|116618309|ref|YP_818680.1|_3-51,365-423_1GKR:A:1-54,A:380-451	2	11	1	0	0	17	6	9	1	126
gi|116618311|ref|YP_818682.1|_24-192_1B12:A:	5	17	5	1	0	32	10	16	0	247
gi|116618312|ref|YP_818683.1|_3-113_2OEE:A:3-112	0	0	0	6	0	3	3	3	0	110
gi|116618313|ref|YP_818684.1|_231-253,283-641_2OLU:A:293-692	5	20	4	14	0	42	26	30	0	400
gi|116618313|ref|YP_818684.1|_59-269_2OQO:A:57-243	2	0	3	10	0	18	11	7	0	187
gi|116618314|ref|YP_818685.1|_1-69_1F9N:A:3-78	0	2	0	4	0	8	4	5	0	76
gi|116618314|ref|YP_818685.1|_86-154_1XXA:A:	0	4	0	2	0	7	4	5	0	71
gi|116618315|ref|YP_818686.1|_108-445_1BS2:A:136-483	7	9	3	12	0	34	19	16	0	348
gi|116618315|ref|YP_818686.1|_445-563_1IQ0:A:467-592	0	2	1	5	0	8	5	6	0	126
gi|116618315|ref|YP_818686.1|_7-104_1IQ0:A:1-96	0	4	0	4	0	9	7	6	0	96
gi|116618317|ref|YP_818688.1|_186-399_1U7Z:A:	2	12	1	5	0	19	15	8	0	223
gi|116618317|ref|YP_818688.1|_4-177_1P3Y:1:	2	6	3	9	0	20	8	7	0	183
gi|116618318|ref|YP_818689.1|_2-154_2Q4M:A:24-212	5	12	3	1	0	20	9	8	0	189
gi|116618319|ref|YP_818690.1|_33-165_1WIN:A:	0	6	0	5	0	15	6	3	0	142
gi|116618320|ref|YP_818691.1|_9-52_1B28:A:	0	1	0	2	0	4	2	2	0	53
gi|116618321|ref|YP_818692.1|_5-65_1RYK:A:	0	0	0	4	0	7	2	4	0	69
gi|116618325|ref|YP_818696.1|_21-216_1YZH:A:8-211	0	8	5	7	0	20	17	12	0	204
gi|116618327|ref|YP_818698.1|_3-224_1VPL:A:	2	10	2	9	0	18	9	15	0	238
gi|116618328|ref|YP_818699.1|_3-137_1Y23:A:	0	6	3	4	0	16	11	7	0	139
gi|116618330|ref|YP_818701.1|_36-165_1W26:A:248-432	1	1	1	8	0	12	6	9	0	185
gi|116618330|ref|YP_818701.1|_143-234_1PIN:A:45-163	3	4	1	3	0	16	8	6	0	119
gi|116618331|ref|YP_818702.1|_8-389_1PV7:A:	0	0	2	22	0	18	12	14	0	417
gi|116618332|ref|YP_818703.1|_13-391_1O4S:A:	2	12	4	14	0	38	16	21	0	375
gi|116618333|ref|YP_818704.1|_101-281_1YGY:A:99-282	3	7	2	7	0	24	14	12	0	184
gi|116618333|ref|YP_818704.1|_4-128_1YGY:A:3-98,A:283-316	4	5	2	4	0	19	10	9	1	130
gi|116618334|ref|YP_818705.1|_1-235_1B0U:A:	0	12	1	10	0	24	16	14	0	261
gi|116618335|ref|YP_818706.1|_13-204_3DHW:A:6-208	0	0	1	9	0	11	7	9	0	203
gi|116618336|ref|YP_818707.1|_31-268_1WDN:A:	2	11	1	8	0	14	14	12	0	223
gi|116618337|ref|YP_818708.1|_47-391_1Y4I:A:2-398	0	12	2	16	0	43	23	28	0	397
gi|116618338|ref|YP_818709.1|_1-79_1IXC:A:1-89	2	0	0	4	0	6	2	3	0	89
gi|116618338|ref|YP_818709.1|_97-293_2FYI:A:88-307	1	10	2	8	0	21	11	17	0	220
gi|116618339|ref|YP_818710.1|_8-243_2C07:A:54-304	2	7	2	9	0	21	12	14	0	251
gi|116618341|ref|YP_818712.1|_156-265_1KU2:A:93-272	0	0	1	8	0	14	8	7	0	180
gi|116618341|ref|YP_818712.1|_325-427_1IW7:F:319-423	0	2	1	4	0	8	6	6	0	105
gi|116618341|ref|YP_818712.1|_268-342_1IW7:F:258-318	0	1	0	3	0	5	4	2	0	61
gi|116618342|ref|YP_818713.1|_31-113,182-210_1Y3T:A:5-334	1	27	2	4	0	49	28	21	0	330
gi|116618343|ref|YP_818714.1|_305-644_2F2H:A:248-585	10	10	5	9	0	36	16	18	0	338
gi|116618343|ref|YP_818714.1|_1-145,172-289_2F2H:A:1-247	2	21	1	1	0	22	20	14	0	247
gi|116618343|ref|YP_818714.1|_629-710_2F2H:A:586-665	0	8	1	1	0	13	7	5	0	80
gi|116618344|ref|YP_818715.1|_1-443_1PV7:A:	0	0	2	22	0	18	12	14	0	417
gi|116618351|ref|YP_818722.1|_95-134,213-615_1CSE:E:	6	10	0	9	0	36	18	23	0	274
gi|116618352|ref|YP_818723.1|_96-291_1E32:A:201-458	3	5	4	12	0	28	13	14	0	258
gi|116618353|ref|YP_818724.1|_4-189_2I1S:A:4-188	4	8	1	4	0	22	8	14	0	185
gi|116618363|ref|YP_818734.1|_6-126_1QVC:A:	0	7	0	1	0	20	11	4	0	145
gi|116618367|ref|YP_818738.1|_1-64_1Y7Y:A:5-73	1	0	1	4	0	7	2	4	0	69
gi|116618371|ref|YP_818742.1|_1-163_1BLE:A:	2	9	0	7	0	18	10	11	0	161
gi|116618372|ref|YP_818743.1|_1-132_1PDO:A:	2	4	0	5	0	12	6	9	0	129
gi|116618373|ref|YP_818744.1|_4-70_2IU5:A:1-71	0	0	2	3	0	6	5	4	0	71
gi|116618374|ref|YP_818745.1|_31-235,272-375_2JBW:A:8-367	0	9	6	13	0	33	19	23	0	358
gi|116618376|ref|YP_818747.1|_78-283_1T35:A:	0	7	1	8	0	16	11	10	0	179
gi|116618377|ref|YP_818748.1|_9-240_1OXS:C:1-242	0	11	6	8	0	23	18	13	0	242
gi|116618377|ref|YP_818748.1|_314-517_1OXS:C:1-242	0	11	6	8	0	23	18	13	0	242
gi|116618378|ref|YP_818749.1|_1-307_2DOR:A:	5	15	4	9	0	36	26	13	0	311
gi|116618379|ref|YP_818750.1|_178-414_1G99:A:198-398	2	6	3	8	0	23	13	10	0	201
gi|116618379|ref|YP_818750.1|_1-215_1G99:A:1-197	0	8	3	6	0	22	15	11	0	197
gi|116618380|ref|YP_818751.1|_107-281_1JWQ:A:	4	6	1	6	0	19	11	9	0	179
gi|116618380|ref|YP_818751.1|_58-90_1QCF:A:80-145	3	5	2	0	0	9	2	5	0	65
gi|116618382|ref|YP_818753.1|_19-326_3BZK:A:1-324	2	3	4	16	0	23	11	18	0	324
gi|116618382|ref|YP_818753.1|_327-473_3BZK:A:325-473	0	5	2	6	0	17	10	10	0	149
gi|116618382|ref|YP_818753.1|_474-562_3BZK:A:474-563	0	2	1	4	0	8	6	7	0	90
gi|116618382|ref|YP_818753.1|_644-727_3BZK:A:637-730	0	5	2	2	0	13	4	6	0	94
gi|116618382|ref|YP_818753.1|_564-639_3BZK:A:564-636	0	0	3	4	0	9	5	4	0	73
gi|116618383|ref|YP_818754.1|_3-143_1WJG:A:	0	5	1	4	0	15	7	4	0	135
gi|116618384|ref|YP_818755.1|_29-115_2OAR:A:10-118	0	2	0	5	0	8	2	3	0	118
gi|116618386|ref|YP_818757.1|_3-300_1O58:A:	4	9	5	10	0	29	12	19	0	302
gi|116618387|ref|YP_818758.1|_4-377_1IBJ:A:	3	12	2	12	0	48	29	25	0	380
gi|116618388|ref|YP_818759.1|_8-164_1SSQ:A:	3	15	0	8	0	40	9	17	0	241
gi|116618389|ref|YP_818760.1|_3-91_1HUU:A:	2	3	0	3	0	8	0	3	0	90
gi|116618390|ref|YP_818761.1|_138-435_1MKY:A:173-358	2	7	3	5	0	16	12	10	0	186
gi|116618390|ref|YP_818761.1|_4-173_1MKY:A:2-172	2	6	2	6	0	13	10	9	0	171
gi|116618391|ref|YP_818762.1|_195-281_1SRO:A:	1	4	0	1	0	12	5	5	0	76
gi|116618391|ref|YP_818762.1|_265-355_1SRO:A:	1	4	0	1	0	12	5	5	0	76
gi|116618391|ref|YP_818762.1|_109-189_1SRO:A:	1	4	0	1	0	12	5	5	0	76
gi|116618391|ref|YP_818762.1|_9-105_1SRO:A:	1	4	0	1	0	12	5	5	0	76
gi|116618392|ref|YP_818763.1|_1-221_1Q3T:A:	0	8	1	8	0	21	13	9	0	223
gi|116618395|ref|YP_818766.1|_63-238_1KSK:A:60-231	2	9	2	4	0	23	8	13	0	172
gi|116618395|ref|YP_818766.1|_4-70_1JH3:A:	0	5	0	3	0	10	11	8	0	99
gi|116618396|ref|YP_818767.1|_83-157_1T6S:A:86-162	0	3	0	4	0	7	4	4	0	77
gi|116618396|ref|YP_818767.1|_3-79_1T6S:A:1-85	1	2	1	4	0	7	3	3	0	85
gi|116618399|ref|YP_818770.1|_8-290_1A0P:A:111-292	4	3	3	8	0	17	7	7	0	182
gi|116618400|ref|YP_818771.1|_151-217_1SRO:A:	1	4	0	1	0	12	5	5	0	76
gi|116618401|ref|YP_818772.1|_1-146_1NG6:A:	0	0	2	7	0	8	4	5	0	148
gi|116618403|ref|YP_818774.1|_1-323_1PV7:A:	0	0	2	22	0	18	12	14	0	417
gi|116618407|ref|YP_818778.1|_110-296,426-585_1G51:A:105-294,A:415-580	10	13	3	12	0	35	23	20	1	356
gi|116618407|ref|YP_818778.1|_295-420_1C0A:A:288-420	0	5	3	5	0	14	6	8	0	133
gi|116618407|ref|YP_818778.1|_3-106_1C0A:A:1-106	0	5	3	1	0	12	3	7	0	106
gi|116618408|ref|YP_818779.1|_5-325_1QE0:A:1-325	2	11	4	10	0	27	10	13	0	325
gi|116618408|ref|YP_818779.1|_333-422_1QE0:A:326-420	0	5	0	4	0	11	3	5	0	95
gi|116618409|ref|YP_818780.1|_4-329_1SNZ:A:	12	29	5	2	0	50	22	25	0	343
gi|116618410|ref|YP_818781.1|_6-159_2ARC:A:	0	10	1	2	0	17	7	11	0	161
gi|116618410|ref|YP_818781.1|_229-281_1D5Y:A:57-121	0	1	0	4	0	7	4	2	0	65
gi|116618410|ref|YP_818781.1|_183-227_1BL0:A:9-62	0	0	0	4	0	4	3	1	0	54
gi|116618411|ref|YP_818782.1|_2-202_1PIE:A:9-213	1	7	1	5	0	22	9	13	0	205
gi|116618411|ref|YP_818782.1|_206-386_1PIE:A:214-396	2	4	3	6	0	13	7	7	0	183
gi|116618412|ref|YP_818783.1|_12-456_1PV7:A:	0	0	2	22	0	18	12	14	0	417
gi|116618413|ref|YP_818784.1|_12-329_1EXB:A:	4	10	6	13	1	24	21	17	0	326
gi|116618414|ref|YP_818785.1|_329-618_1DP0:A:334-625	10	12	2	7	0	41	19	22	0	292
gi|116618414|ref|YP_818785.1|_742-1027_1DP0:A:731-1023	4	17	3	3	0	28	21	13	0	293
gi|116618414|ref|YP_818785.1|_11-214_1DP0:A:13-219	2	15	4	3	0	28	20	10	0	207
gi|116618414|ref|YP_818785.1|_216-328_1DP0:A:220-333	5	7	0	0	0	10	7	6	0	114
gi|116618414|ref|YP_818785.1|_635-726_1DP0:A:626-730	0	7	0	0	0	10	5	5	0	105
gi|116618416|ref|YP_818787.1|_96-274_1PSD:A:108-295	4	7	2	6	0	25	15	12	0	188
gi|116618416|ref|YP_818787.1|_11-116_1GDH:A:2-100,A:292-321	4	5	0	5	0	15	9	9	1	129
gi|116618417|ref|YP_818788.1|_7-341_1EKF:A:	6	19	3	7	0	43	24	20	0	365
gi|116618419|ref|YP_818790.1|_2-271_2Z1A:A:28-329	3	16	3	9	0	37	21	18	0	302
gi|116618419|ref|YP_818790.1|_292-443_1HP1:A:363-550	3	11	3	6	0	16	13	10	0	188
gi|116618421|ref|YP_818792.1|_139-363_1PV9:A:125-345	6	13	2	4	0	27	12	10	0	221
gi|116618421|ref|YP_818792.1|_5-133_1PV9:A:8-124	1	6	1	6	0	11	7	7	0	117
gi|116618422|ref|YP_818793.1|_12-93_2GYC:U:1-84	2	0	0	0	0	13	12	0	0	84
gi|116618423|ref|YP_818794.1|_3-98_2J01:V:1-101	1	6	1	0	0	14	6	2	0	101
gi|116618424|ref|YP_818795.1|_8-71_1T56:A:22-94	0	0	1	4	0	6	3	1	0	73
gi|116618431|ref|YP_818802.1|_1-162_1YR0:A:4-166	0	7	2	4	0	10	4	9	0	163
gi|116618432|ref|YP_818803.1|_40-147_1S7B:A:	0	0	0	4	0	10	7	3	0	109
gi|116618432|ref|YP_818803.1|_191-284_1S7B:A:	0	0	0	4	0	10	7	3	0	109
gi|116618434|ref|YP_818805.1|_4-102_1S7B:A:	0	0	0	4	0	10	7	3	0	109
gi|116618437|ref|YP_818808.1|_3-211_1N0U:A:3-343	9	9	5	14	0	30	13	15	0	341
gi|116618437|ref|YP_818808.1|_154-303_1EXM:A:213-312	1	10	0	0	0	12	7	9	0	100
gi|116618437|ref|YP_818808.1|_402-516_2BV3:A:600-688	0	4	2	3	0	5	0	4	0	89
gi|116618437|ref|YP_818808.1|_306-391_1FNM:A:404-482	0	5	0	2	0	8	3	2	0	79
gi|116618438|ref|YP_818809.1|_14-259_2HHM:A:	1	14	1	8	0	23	13	16	0	272
gi|116618439|ref|YP_818810.1|_7-89_2OY9:A:6-90	0	2	0	4	0	6	2	2	0	85
gi|116618440|ref|YP_818811.1|_4-187_1LM6:A:	4	8	4	4	0	27	12	12	0	202
gi|116618441|ref|YP_818812.1|_1-105_1XBL:A:	0	0	0	3	0	7	3	6	0	75
gi|116618441|ref|YP_818812.1|_194-279_1NLT:A:258-337	4	6	0	1	0	15	6	4	0	80
gi|116618441|ref|YP_818812.1|_111-189_1C3G:A:260-349	4	6	0	2	0	16	7	6	0	90
gi|116618442|ref|YP_818813.1|_161-352_1DKG:D:186-383	1	6	1	6	0	13	10	7	0	198
gi|116618442|ref|YP_818813.1|_355-511_1CKR:A:	1	10	0	2	0	15	14	9	0	159
gi|116618442|ref|YP_818813.1|_1-158_1DKG:D:3-185	4	12	2	5	0	21	12	11	0	183
gi|116618442|ref|YP_818813.1|_478-581_1DKZ:A:507-603	0	0	1	5	0	5	2	2	0	97
gi|116618443|ref|YP_818814.1|_39-133_1DKG:B:38-138	2	6	0	0	0	7	3	3	0	57
gi|116618443|ref|YP_818814.1|_135-189_1DKG:A:139-197	2	6	0	0	0	7	3	3	0	59
gi|116618444|ref|YP_818815.1|_72-338_1STZ:A:101-336	3	8	4	9	0	21	7	11	0	236
gi|116618444|ref|YP_818815.1|_3-80_1STZ:A:14-100	2	2	0	4	0	11	7	2	0	87
gi|116618445|ref|YP_818816.1|_179-313_1MRZ:A:159-288	2	6	1	1	0	14	3	2	0	130
gi|116618445|ref|YP_818816.1|_23-180_1MRZ:A:2-158	3	7	2	7	0	19	6	11	0	157
gi|116618446|ref|YP_818817.1|_7-237_1SGV:A:3-235	2	12	2	5	0	18	10	13	0	233
gi|116618447|ref|YP_818818.1|_22-167_1GPR:A:	6	13	3	2	0	25	13	9	0	158
gi|116618448|ref|YP_818819.1|_9-388_1GDE:A:	4	12	7	13	0	42	12	25	0	388
gi|116618449|ref|YP_818820.1|_1-113_1JOS:A:	0	3	0	3	0	10	4	3	0	100
gi|116618450|ref|YP_818821.1|_325-508_1G7S:A:1-227	3	9	5	6	0	24	13	14	0	227
gi|116618450|ref|YP_818821.1|_618-742_1G7S:A:329-459	3	4	0	5	0	10	10	6	0	131
gi|116618450|ref|YP_818821.1|_736-833_1D1N:A:	2	7	0	0	0	17	11	2	0	99
gi|116618450|ref|YP_818821.1|_507-590_1JNY:A:228-322	2	10	2	0	0	11	5	7	0	95
gi|116618451|ref|YP_818822.1|_7-101_1PXW:A:	0	4	3	5	0	12	11	7	0	128
gi|116618452|ref|YP_818823.1|_1-87_1G2R:A:	2	3	1	3	0	10	5	6	0	94
gi|116618453|ref|YP_818824.1|_1-127_1HH2:P:1-126	0	4	1	3	0	16	11	7	0	126
gi|116618453|ref|YP_818824.1|_203-278_1K0R:A:184-262	0	3	1	4	0	6	4	4	0	79
gi|116618453|ref|YP_818824.1|_134-201_1K0R:A:108-183	0	5	1	1	0	12	4	4	0	76
gi|116618453|ref|YP_818824.1|_281-346_1K0R:A:263-329	0	3	2	3	0	5	4	2	0	67
gi|116618454|ref|YP_818825.1|_2-88_1IB8:A:1-90	0	3	1	2	0	9	6	2	0	90
gi|116618454|ref|YP_818825.1|_89-158_1IB8:A:91-164	0	5	0	1	0	12	10	1	0	74
gi|116618455|ref|YP_818826.1|_2-89_2QAL:N:1-100	2	1	2	3	0	10	6	9	0	100
gi|116618457|ref|YP_818828.1|_3-300_1K20:A:	3	10	3	12	0	29	18	19	0	310
gi|116618458|ref|YP_818829.1|_28-483_1AB4:A:	1	20	2	16	0	51	27	22	0	493
gi|116618458|ref|YP_818829.1|_498-803_1WP5:A:	3	23	6	3	0	42	27	18	0	322
gi|116618459|ref|YP_818830.1|_405-636_1BJT:A:	7	25	4	20	0	69	43	34	0	760
gi|116618459|ref|YP_818830.1|_6-219_1EI1:A:2-220	2	11	1	6	0	26	18	12	0	219
gi|116618459|ref|YP_818830.1|_224-394_1EI1:A:221-392	5	5	0	6	0	12	6	8	0	172
gi|116618461|ref|YP_818832.1|_1-145_1J7G:A:	4	8	1	2	0	18	6	8	0	144
gi|116618462|ref|YP_818833.1|_2-181_1VJ7:A:5-196	2	0	0	11	0	14	5	9	0	192
gi|116618462|ref|YP_818833.1|_171-389_1VJ7:A:197-371	1	5	2	6	0	12	4	7	0	175
gi|116618462|ref|YP_818833.1|_373-445_1WXQ:A:320-395	1	4	0	2	0	9	4	5	0	76
gi|116618462|ref|YP_818833.1|_655-729_1U8S:A:2-87	0	4	0	2	0	6	0	4	0	84
gi|116618463|ref|YP_818834.1|_1-398_1PV7:A:	0	0	2	22	0	18	12	14	0	417
gi|116618465|ref|YP_818836.1|_130-403_1A9X:A:128-402	4	11	3	7	0	30	24	12	0	275
gi|116618465|ref|YP_818836.1|_398-550_1A9X:A:403-555	3	2	1	7	0	15	8	10	0	153
gi|116618465|ref|YP_818836.1|_554-652_1A9X:A:556-676	3	4	0	6	0	13	10	8	0	121
gi|116618465|ref|YP_818836.1|_5-122_1A9X:A:1-127	2	5	2	5	0	17	8	6	0	127
gi|116618466|ref|YP_818837.1|_3-142_1A9X:B:1502-1652	4	7	2	4	0	22	12	6	0	151
gi|116618466|ref|YP_818837.1|_138-354_1A9X:B:1653-1880	4	10	1	6	0	22	14	15	0	228
gi|116618467|ref|YP_818838.1|_4-169_1NON:A:	1	8	0	4	0	14	10	6	0	179
gi|116618468|ref|YP_818839.1|_72-300_1PRZ:A:	5	11	2	5	0	31	18	12	0	252
gi|116618468|ref|YP_818839.1|_15-100_1C06:A:	0	5	1	7	0	16	11	9	0	159
gi|116618470|ref|YP_818841.1|_1-123_1O1W:A:	0	7	1	3	0	19	15	6	0	137
gi|116618471|ref|YP_818842.1|_7-163_2FIA:A:1-157	0	7	3	4	0	15	2	10	0	157
gi|116618472|ref|YP_818843.1|_12-393_1GDE:A:	4	12	7	13	0	42	12	25	0	388
gi|116618473|ref|YP_818844.1|_147-219,256-365_1DUS:A:	0	9	1	5	0	16	12	13	0	194
gi|116618475|ref|YP_818846.1|_125-190_2I5U:A:2-75	0	0	0	4	0	5	3	4	0	74
gi|116618476|ref|YP_818847.1|_103-434_1B8A:A:104-438	6	13	4	11	0	30	23	16	0	335
gi|116618476|ref|YP_818847.1|_14-107_1B8A:A:1-103	1	5	3	1	0	10	5	7	0	103
gi|116618477|ref|YP_818848.1|_1-394_1O4S:A:	2	12	4	14	0	38	16	21	0	375
gi|116618478|ref|YP_818849.1|_112-172_2GU3:A:99-161	0	4	0	1	0	6	3	4	0	63
gi|116618478|ref|YP_818849.1|_51-107_2GU3:A:34-98	0	4	1	1	0	3	4	3	0	65
gi|116618479|ref|YP_818850.1|_3-183_1J54:A:	0	6	1	7	0	16	12	11	0	174
gi|116618480|ref|YP_818851.1|_10-189_1KKH:A:1-180	0	7	4	4	0	13	9	6	0	175
gi|116618480|ref|YP_818851.1|_174-309_1KKH:A:181-317	1	4	1	6	0	12	5	5	0	137
gi|116618481|ref|YP_818852.1|_2-158_1FI4:A:3-190	3	9	3	3	0	23	11	11	0	188
gi|116618481|ref|YP_818852.1|_165-298_1FI4:A:191-393	1	5	2	7	0	16	13	9	0	203
gi|116618482|ref|YP_818853.1|_1-224_1K47:A:1-194	0	6	1	7	0	17	10	7	0	194
gi|116618482|ref|YP_818853.1|_207-332_1K47:A:195-329	0	4	0	5	0	12	6	5	0	135
gi|116618483|ref|YP_818854.1|_31-343_1P0K:A:	2	12	3	11	0	33	16	14	0	329
gi|116618484|ref|YP_818855.1|_2-184_1YFZ:A:3-180	4	8	3	4	0	20	13	8	0	178
gi|116618487|ref|YP_818858.1|_2-237_1FX8:A:	0	0	4	11	0	13	7	10	0	254
gi|116618488|ref|YP_818859.1|_1-146_1OBO:A:	0	10	3	4	0	17	6	13	0	169
gi|116618490|ref|YP_818861.1|_5-287_1QG8:A:	2	9	4	8	0	22	13	12	0	255
gi|116618492|ref|YP_818863.1|_365-559_1P49:A:	2	17	7	13	0	62	48	36	0	553
gi|116618495|ref|YP_818866.1|_2-253_1QG8:A:	2	9	4	8	0	22	13	12	0	255
gi|116618496|ref|YP_818867.1|_13-228_1QG8:A:	2	9	4	8	0	22	13	12	0	255
gi|116618497|ref|YP_818868.1|_8-279,349-379_1I8T:A:1-244,A:314-367	4	11	4	11	0	29	22	14	1	298
gi|116618497|ref|YP_818868.1|_261-330_1I8T:A:245-313	0	5	1	0	0	9	7	2	0	69
gi|116618503|ref|YP_818874.1|_37-351_1Y4W:A:20-372	6	24	4	0	0	47	30	19	0	353
gi|116618503|ref|YP_818874.1|_375-486_1Y4W:A:373-536	2	13	1	0	0	18	11	11	0	164
gi|116618504|ref|YP_818875.1|_174-620_1OYG:A:	9	23	11	6	0	49	22	33	0	440
gi|116618504|ref|YP_818875.1|_665-823,854-916_2BIB:A:309-541	11	22	0	0	0	41	19	21	0	233
gi|116618504|ref|YP_818875.1|_943-1007_2BIB:A:309-541	11	22	0	0	0	41	19	21	0	233
gi|116618505|ref|YP_818876.1|_189-635_1OYG:A:	9	23	11	6	0	49	22	33	0	440
gi|116618505|ref|YP_818876.1|_768-932_2BIB:A:309-541	11	22	0	0	0	41	19	21	0	233
gi|116618505|ref|YP_818876.1|_689-788_2BIB:A:309-541	11	22	0	0	0	41	19	21	0	233
gi|116618505|ref|YP_818876.1|_959-1023_2BIB:A:309-541	11	22	0	0	0	41	19	21	0	233
gi|116618506|ref|YP_818877.1|_177-613_1OYG:A:	9	23	11	6	0	49	22	33	0	440
gi|116618506|ref|YP_818877.1|_745-908_2BIB:A:309-541	11	22	0	0	0	41	19	21	0	233
gi|116618506|ref|YP_818877.1|_666-776_2BIB:A:309-541	11	22	0	0	0	41	19	21	0	233
gi|116618506|ref|YP_818877.1|_936-1000_2BIB:A:309-541	11	22	0	0	0	41	19	21	0	233
gi|116618508|ref|YP_818879.1|_44-240_1JFX:A:	1	9	1	6	0	25	12	13	0	217
gi|116618508|ref|YP_818879.1|_271-435_1HCX:A:	6	11	0	0	0	29	11	10	0	127
gi|116618510|ref|YP_818881.1|_90-105,189-315_1F3O:A:	0	10	2	7	0	22	15	14	0	232
gi|116618515|ref|YP_818886.1|_1-276_1VL0:A:	5	12	1	11	0	29	19	11	0	291
gi|116618516|ref|YP_818887.1|_5-335_1KEP:A:	5	13	5	13	0	38	16	20	0	346
gi|116618517|ref|YP_818888.1|_16-191_1NXM:A:	4	13	4	2	0	28	11	13	0	194
gi|116618518|ref|YP_818889.1|_1-287_1H5R:A:	0	13	5	11	0	29	20	21	0	290
gi|116618519|ref|YP_818890.1|_9-214_1QG8:A:	2	9	4	8	0	22	13	12	0	255
gi|116618523|ref|YP_818894.1|_6-237_1QG8:A:	2	9	4	8	0	22	13	12	0	255
gi|116618526|ref|YP_818897.1|_6-231_1QG8:A:	2	9	4	8	0	22	13	12	0	255
gi|116618527|ref|YP_818898.1|_6-382_2IW1:A:2-371	0	15	4	16	0	41	26	17	0	370
gi|116618529|ref|YP_818900.1|_58-232_1G3Q:A:	0	8	3	11	0	25	16	14	0	237
gi|116618531|ref|YP_818902.1|_1-211_1M65:A:	5	8	5	8	0	27	12	19	0	244
gi|116618532|ref|YP_818903.1|_1-256_1O0X:A:	6	14	2	4	0	30	14	14	0	249
gi|116618534|ref|YP_818905.1|_2-201_1I5E:A:	1	15	2	6	0	26	11	8	0	208
gi|116618536|ref|YP_818907.1|_1-116_2GYC:O:2-116	0	0	2	1	0	9	14	10	0	115
gi|116618537|ref|YP_818908.1|_2-62_2I2T:3:1-64	2	0	2	1	0	9	5	6	0	64
gi|116618538|ref|YP_818909.1|_54-141_1TIG:A:	0	4	0	2	0	7	2	5	0	88
gi|116618538|ref|YP_818909.1|_1-50_1TIF:A:	1	4	1	2	0	8	3	4	0	76
gi|116618541|ref|YP_818912.1|_2-55_2I2T:0:1-56	0	2	0	1	0	10	7	3	0	56
gi|116618542|ref|YP_818913.1|_4-208_1TWD:A:	5	10	2	8	0	27	13	11	0	247
gi|116618543|ref|YP_818914.1|_1-178_1Y1P:A:2-343	0	12	1	11	0	37	20	20	0	342
gi|116618545|ref|YP_818916.1|_7-189_1N8J:A:	5	9	1	5	0	21	10	15	0	186
gi|116618546|ref|YP_818917.1|_2-307_1VDC:A:1-117,A:244-316	5	11	3	3	0	28	12	10	1	192
gi|116618546|ref|YP_818917.1|_358-466_1HYU:A:1-102	0	4	1	3	0	12	6	6	0	102
gi|116618546|ref|YP_818917.1|_472-561_1HYU:A:103-198	0	4	0	4	0	11	6	5	0	96
gi|116618548|ref|YP_818919.1|_11-214_1WZN:A:1-251	1	11	4	7	0	20	9	14	0	251
gi|116618549|ref|YP_818920.1|_8-273_1QQQ:A:	2	10	4	7	0	22	12	12	0	264
gi|116618550|ref|YP_818921.1|_2-148_1S2D:A:	1	7	1	4	0	22	10	10	0	167
gi|116618551|ref|YP_818922.1|_4-367_1TRK:A:3-337	2	7	3	13	0	32	17	26	0	335
gi|116618551|ref|YP_818922.1|_375-588_1TRK:A:338-534	2	8	4	7	0	26	13	13	0	197
gi|116618552|ref|YP_818923.1|_5-331_1DUV:G:1-150	3	4	1	5	0	18	12	7	0	150
gi|116618553|ref|YP_818924.1|_8-458_1TJ7:A:	4	4	6	20	0	37	14	25	0	455
gi|116618554|ref|YP_818925.1|_172-401_1KOR:A:171-395	0	9	2	5	0	20	9	10	0	225
gi|116618554|ref|YP_818925.1|_4-202_1KOR:A:1-165	2	5	1	7	0	16	7	11	0	165
gi|116618555|ref|YP_818926.1|_1-426_1QF5:A:	8	19	8	13	0	54	26	26	0	431
gi|116618556|ref|YP_818927.1|_3-239_1KON:A:	0	8	3	8	0	16	14	12	0	244
gi|116618557|ref|YP_818928.1|_4-157_1RFZ:A:	0	0	0	10	0	15	4	12	0	164
gi|116618558|ref|YP_818929.1|_85-271_1YGY:A:99-282	3	7	2	7	0	24	14	12	0	184
gi|116618558|ref|YP_818929.1|_32-102_1YGY:A:3-98,A:283-316	4	5	2	4	0	19	10	9	1	130
gi|116618558|ref|YP_818929.1|_308-384_1PSD:A:327-410	0	4	0	2	0	7	4	4	0	84
gi|116618559|ref|YP_818930.1|_3-359_1BT4:A:	2	14	6	10	0	35	29	21	0	360
gi|116618560|ref|YP_818931.1|_2-325_1XCO:A:	3	11	0	13	0	34	22	19	0	328
gi|116618561|ref|YP_818932.1|_4-218_2HXM:A:82-304	1	6	5	7	0	21	17	17	0	220
gi|116618562|ref|YP_818933.1|_2-152_2Q4M:A:24-212	5	12	3	1	0	20	9	8	0	189
gi|116618565|ref|YP_818936.1|_82-170_1NE2:A:	2	7	2	6	0	12	8	7	0	197
gi|116618567|ref|YP_818938.1|_6-166_1ORE:A:	0	9	2	6	0	16	8	12	0	179
gi|116618568|ref|YP_818939.1|_56-442_1IR6:A:	0	10	7	15	0	38	21	20	0	385
gi|116618569|ref|YP_818940.1|_1-308_1Y44:A:1-307	11	14	2	7	0	35	16	14	0	307
gi|116618570|ref|YP_818941.1|_3-154_1FF3:A:	2	8	3	5	0	24	18	10	0	211
gi|116618571|ref|YP_818942.1|_195-321_1KS9:A:168-291	0	0	2	6	0	7	1	7	0	124
gi|116618571|ref|YP_818942.1|_21-178_1DLJ:A:1-196	0	10	0	8	0	26	16	8	0	196
gi|116618572|ref|YP_818943.1|_1-241_1P9P:A:	0	9	2	10	0	28	16	10	0	246
gi|116618573|ref|YP_818944.1|_6-95_2F1L:A:7-95	0	6	2	1	0	6	3	5	0	89
gi|116618573|ref|YP_818944.1|_101-171_2F1L:A:101-175	0	6	0	1	0	10	4	6	0	75
gi|116618574|ref|YP_818945.1|_78-156_1SFE:A:93-176	2	2	1	4	0	12	4	9	0	84
gi|116618575|ref|YP_818946.1|_3-177,348-795,844-870_1QHH:A:,B:,C:,D:	6	16	12	26	0	53	23	34	3	623
gi|116618575|ref|YP_818946.1|_997-1207_1W36:B:899-1174	5	5	5	9	0	31	23	9	0	276
gi|116618576|ref|YP_818947.1|_310-715_1W36:C:348-817	5	12	5	19	0	47	32	25	0	470
gi|116618577|ref|YP_818948.1|_3-252_1JJF:A:	2	8	1	8	0	27	12	20	0	255
gi|116618579|ref|YP_818950.1|_2-94_2GY9:P:1-78	2	6	0	2	0	14	6	4	0	78
gi|116618581|ref|YP_818952.1|_1-200,396-644_1FFY:A:1-200,A:395-644	8	19	3	17	0	45	29	24	1	450
gi|116618581|ref|YP_818952.1|_647-917_1FFY:A:645-917	0	8	4	11	1	21	16	15	0	273
gi|116618581|ref|YP_818952.1|_202-396_1FFY:A:201-394	6	3	3	4	0	27	16	12	0	194
gi|116618583|ref|YP_818954.1|_40-131,185-256_1FJG:D:	4	4	3	8	0	22	11	17	0	208
gi|116618586|ref|YP_818957.1|_15-209_1OFU:A:11-208	2	6	3	8	0	14	11	8	0	198
gi|116618586|ref|YP_818957.1|_205-318_1RQ2:A:206-312	0	4	3	3	0	11	3	7	0	107
gi|116618587|ref|YP_818958.1|_6-193_1E4F:T:7-199	0	13	0	4	0	16	10	7	0	193
gi|116618587|ref|YP_818958.1|_197-360_1E4F:T:200-390	0	8	4	7	0	20	8	8	0	191
gi|116618589|ref|YP_818960.1|_1-361_1F0K:A:	0	13	3	16	0	35	15	23	0	363
gi|116618590|ref|YP_818961.1|_103-306_2UAG:A:94-297	1	9	5	6	0	22	8	9	0	204
gi|116618590|ref|YP_818961.1|_308-444_2UAG:A:298-437	2	6	3	4	0	14	12	9	0	140
gi|116618590|ref|YP_818961.1|_9-99_1J6U:A:0-88	0	5	0	3	0	11	5	7	0	88
gi|116618592|ref|YP_818963.1|_199-583_1QME:A:264-620	9	15	3	10	0	42	19	19	0	357
gi|116618592|ref|YP_818963.1|_61-239_1QME:A:71-263	2	6	0	3	0	12	4	4	0	193
gi|116618592|ref|YP_818963.1|_590-646_1QME:A:693-750	3	3	0	1	0	8	3	4	0	58
gi|116618592|ref|YP_818963.1|_651-705_1K25:A:693-750	1	3	1	1	0	9	3	3	0	58
gi|116618594|ref|YP_818965.1|_5-114,216-311_1WG8:A:5-108,A:207-284	1	7	3	8	0	21	9	10	1	182
gi|116618594|ref|YP_818965.1|_115-216_1M6Y:A:115-215	2	0	0	6	0	12	9	5	0	101
gi|116618595|ref|YP_818966.1|_1-136_1N0E:A:	3	8	0	6	0	19	12	8	0	165
gi|116618598|ref|YP_818969.1|_7-205_3CR3:A:1-192	0	0	2	9	0	11	8	8	0	192
gi|116618600|ref|YP_818971.1|_3-62_2JZ6:A:6-75	1	2	0	1	0	7	4	3	0	70
gi|116618601|ref|YP_818972.1|_3-103_1QUW:A:	0	4	0	4	0	11	5	6	0	105
gi|116618602|ref|YP_818973.1|_3-130_1IG3:A:10-178	4	8	0	0	0	11	8	2	0	85
gi|116618603|ref|YP_818974.1|_4-218_2FLI:A:3-219	4	8	6	8	0	21	14	11	0	217
gi|116618604|ref|YP_818975.1|_66-284_1T9H:A:68-298	0	8	4	8	0	20	12	12	0	231
gi|116618604|ref|YP_818975.1|_1-63_1T9H:A:1-67	1	5	0	0	0	10	6	3	0	67
gi|116618605|ref|YP_818976.1|_8-274_1O6Y:A:	1	11	3	8	0	24	14	12	0	276
gi|116618606|ref|YP_818977.1|_2-240_1TXO:A:	3	11	3	6	0	26	12	11	0	235
gi|116618607|ref|YP_818978.1|_142-446_1IXK:A:	0	13	5	10	0	28	19	14	0	313
gi|116618607|ref|YP_818978.1|_9-132_1EY1:A:	0	0	0	6	0	12	9	6	0	139
gi|116618608|ref|YP_818979.1|_3-205_1FMT:A:1-206	5	7	1	6	0	25	13	8	0	206
gi|116618608|ref|YP_818979.1|_219-310_1FMT:A:207-314	5	6	1	3	0	10	7	7	0	108
gi|116618609|ref|YP_818980.1|_228-450_1GM5:A:286-549	0	7	0	10	0	25	18	5	0	264
gi|116618609|ref|YP_818980.1|_531-710_1C4O:A:410-583	0	6	2	5	0	15	10	12	0	174
gi|116618610|ref|YP_818981.1|_2-170_1NSL:A:	1	8	3	5	0	10	7	10	0	183
gi|116618611|ref|YP_818982.1|_17-174_1LW7:A:57-219	0	5	2	6	0	19	11	8	0	163
gi|116618611|ref|YP_818982.1|_177-324_1LW7:A:220-411	0	5	2	7	0	15	12	8	0	192
gi|116618613|ref|YP_818984.1|_3-146_1L1D:A:	0	9	5	3	0	18	11	8	0	144
gi|116618614|ref|YP_818985.1|_1-194_1SVI:A:	2	7	3	5	0	16	8	11	0	195
gi|116618615|ref|YP_818986.1|_62-401_1UM8:A:	0	10	5	15	0	31	13	21	0	364
gi|116618615|ref|YP_818986.1|_11-47_1OVX:A:	0	2	0	1	0	5	2	2	0	38
gi|116618616|ref|YP_818987.1|_252-429_1T11:A:248-376	1	1	2	5	0	8	6	7	0	129
gi|116618616|ref|YP_818987.1|_90-245_1W26:A:132-247	1	8	0	2	0	20	10	6	0	116
gi|116618616|ref|YP_818987.1|_9-128_1T11:A:1-129	2	5	0	2	0	14	6	7	0	129
gi|116618617|ref|YP_818988.1|_13-243_1R61:A:	2	12	4	3	0	32	14	14	0	205
gi|116618619|ref|YP_818990.1|_2-188,386-468_1LFW:A:1-186,A:383-468	2	14	2	7	0	28	18	15	1	272
gi|116618619|ref|YP_818990.1|_188-377_1LFW:A:187-382	8	10	1	4	0	22	9	12	0	196
gi|116618620|ref|YP_818991.1|_14-171_1E79:D:82-357	4	12	5	8	0	32	21	15	0	276
gi|116618621|ref|YP_818992.1|_6-270_2AX3:A:212-489	0	9	3	13	0	31	16	13	0	278
gi|116618622|ref|YP_818993.1|_1-271_1HD7:A:	6	12	5	7	0	32	18	10	0	275
gi|116618623|ref|YP_818994.1|_1-169_1J54:A:	0	6	1	7	0	16	12	11	0	174
gi|116618624|ref|YP_818995.1|_13-159_2GE3:A:6-169	0	7	2	4	0	13	5	8	0	164
gi|116618625|ref|YP_818996.1|_23-127_1HTW:A:	0	7	1	5	0	15	12	10	0	158
gi|116618626|ref|YP_818997.1|_91-229_1IJA:A:	0	10	1	1	0	17	13	11	0	148
gi|116618627|ref|YP_818998.1|_98-240_1IJA:A:	0	10	1	1	0	17	13	11	0	148
gi|116618630|ref|YP_819001.1|_140-280_1AOX:A:	1	6	3	8	0	17	14	12	0	201
gi|116618630|ref|YP_819001.1|_540-644_1D2O:A:625-721	0	9	1	0	0	8	8	7	0	97
gi|116618630|ref|YP_819001.1|_774-847_1TI6:B:196-274	0	8	0	0	0	7	3	5	0	79
gi|116618631|ref|YP_819002.1|_314-364_1BL0:A:63-124	0	0	0	4	0	7	4	3	0	62
gi|116618631|ref|YP_819002.1|_262-312_1BL0:A:9-62	0	0	0	4	0	4	3	1	0	54
gi|116618632|ref|YP_819003.1|_47-121_1OLT:A:	1	19	6	15	0	46	26	24	0	441
gi|116618633|ref|YP_819004.1|_125-690_1H78:A:	12	17	2	17	0	45	26	29	0	562
gi|116618634|ref|YP_819005.1|_138-472_2F7F:A:141-485	1	16	3	12	0	33	20	15	0	345
gi|116618634|ref|YP_819005.1|_2-137_2F7F:A:4-140	0	5	1	5	0	17	7	8	0	137
gi|116618635|ref|YP_819006.1|_4-271_1WXI:A:2-275	2	4	3	11	0	25	10	14	0	274
gi|116618636|ref|YP_819007.1|_4-170_2IF6:A:19-200	2	8	3	6	0	18	8	12	0	182
gi|116618638|ref|YP_819009.1|_4-223_1G29:1:1-240	1	11	4	8	0	20	15	14	0	240
gi|116618638|ref|YP_819009.1|_252-458_1OXS:C:1-242	0	11	6	8	0	23	18	13	0	242
gi|116618640|ref|YP_819011.1|_2-224_1TO9:A:	0	0	0	12	0	12	6	10	0	225
gi|116618641|ref|YP_819012.1|_23-347_1FG7:A:	0	13	5	12	0	36	22	23	0	354
gi|116618642|ref|YP_819013.1|_5-92_1YVW:A:4-95	0	0	0	5	0	6	2	3	0	92
gi|116618643|ref|YP_819014.1|_8-112_1ZPS:A:8-131	3	8	1	1	0	13	9	7	0	124
gi|116618644|ref|YP_819015.1|_3-253_1KA9:F:	2	11	1	10	0	25	15	15	0	251
gi|116618645|ref|YP_819016.1|_1-235_1VZW:A:2-240	3	10	2	11	0	20	11	10	0	239
gi|116618646|ref|YP_819017.1|_3-202_1KA9:H:	0	13	1	5	0	22	16	13	0	195
gi|116618647|ref|YP_819018.1|_88-180_2AE8:A:85-179	2	6	0	2	0	10	5	5	0	95
gi|116618647|ref|YP_819018.1|_3-86_1RHY:A:2-93	0	4	0	2	0	10	4	4	0	92
gi|116618648|ref|YP_819019.1|_23-423_1K75:A:	1	14	4	16	0	38	24	17	0	431
gi|116618649|ref|YP_819020.1|_5-312_1Z7M:A:6-323	0	11	0	12	0	27	12	16	0	318
gi|116618649|ref|YP_819020.1|_325-526_1Z7M:E:1-204	0	11	1	7	0	19	11	9	0	204
gi|116618650|ref|YP_819021.1|_212-366_1W25:A:294-455	1	7	1	5	0	15	9	9	0	161
gi|116618651|ref|YP_819022.1|_13-232_2BAS:A:2-262	2	9	2	10	0	20	10	14	0	261
gi|116618652|ref|YP_819023.1|_3-275_1M65:A:	5	8	5	8	0	27	12	19	0	244
gi|116618653|ref|YP_819024.1|_1-266_1RLM:A:	0	14	7	9	1	30	15	17	0	269
gi|116618655|ref|YP_819026.1|_43-355_1LS1:A:89-295	0	8	2	7	0	20	6	8	0	207
gi|116618655|ref|YP_819026.1|_328-429_1HQ1:A:	0	0	1	5	0	7	2	3	0	104
gi|116618656|ref|YP_819027.1|_2-103_1S7O:A:	0	0	1	6	0	8	1	4	0	106
gi|116618657|ref|YP_819028.1|_234-436_1FTS:A:285-495	0	8	3	7	0	20	7	12	0	211
gi|116618657|ref|YP_819028.1|_136-210_1VMA:A:1-81	0	0	0	5	0	6	2	5	0	81
gi|116618658|ref|YP_819029.1|_1-210,1063-1174_1E69:A:	6	14	2	6	0	26	20	16	0	308
gi|116618658|ref|YP_819029.1|_482-685_1GXL:A:	2	8	4	7	0	19	12	14	0	205
gi|116618658|ref|YP_819029.1|_234-353_2FXO:D:838-963	0	0	0	2	0	2	0	2	0	128
gi|116618659|ref|YP_819030.1|_7-160_1O0W:A:1-167	2	0	1	10	0	12	5	7	0	167
gi|116618659|ref|YP_819030.1|_117-230_1O0W:A:168-236	0	3	0	2	0	5	3	2	0	69
gi|116618660|ref|YP_819031.1|_5-187_1K2Y:X:5-154	5	7	1	4	0	15	5	10	0	150
gi|116618660|ref|YP_819031.1|_265-372_1K2Y:X:259-367	1	4	0	5	0	13	9	8	0	109
gi|116618660|ref|YP_819031.1|_365-452_1WJW:A:	0	3	0	2	0	7	8	3	0	111
gi|116618660|ref|YP_819031.1|_165-264_1K2Y:X:155-258	0	5	2	3	0	14	9	8	0	104
gi|116618662|ref|YP_819033.1|_40-239_2FB5:A:5-205	2	7	1	5	0	18	8	14	0	201
gi|116618664|ref|YP_819035.1|_5-185_1HSK:A:15-208	4	14	3	6	0	20	9	15	0	194
gi|116618664|ref|YP_819035.1|_188-291_1HSK:A:209-317	2	5	0	3	0	16	8	6	0	109
gi|116618665|ref|YP_819036.1|_1-136_1NSQ:A:	2	4	6	7	0	16	7	10	0	152
gi|116618667|ref|YP_819038.1|_5-67_1RYK:A:	0	0	0	4	0	7	2	4	0	69
gi|116618669|ref|YP_819040.1|_1-214_1B63:A:2-216	0	8	2	8	0	19	14	13	0	216
gi|116618669|ref|YP_819040.1|_443-632_1X9Z:A:	2	7	1	7	0	14	7	8	0	182
gi|116618669|ref|YP_819040.1|_191-326_1B63:A:217-331	0	7	3	3	0	10	2	7	0	115
gi|116618670|ref|YP_819041.1|_260-557_1EWQ:A:267-541	2	4	1	10	0	20	10	10	0	275
gi|116618670|ref|YP_819041.1|_560-793_1EWQ:A:542-765	2	10	1	6	0	20	13	10	0	224
gi|116618670|ref|YP_819041.1|_5-114_1E3M:A:2-116	0	6	3	3	0	11	6	7	0	115
gi|116618670|ref|YP_819041.1|_117-271_1EWQ:A:121-266	1	6	2	5	0	14	11	3	0	146
gi|116618671|ref|YP_819042.1|_80-461_1UWV:A:75-432	7	17	2	8	0	35	22	22	0	358
gi|116618671|ref|YP_819042.1|_8-70_1YEZ:A:1-68	0	6	0	0	0	9	4	4	0	68
gi|116618672|ref|YP_819043.1|_1-303_2QV7:A:1-312	2	15	3	6	0	32	21	19	0	312
gi|116618673|ref|YP_819044.1|_7-298_2F2A:B:4-293	4	16	1	4	0	32	18	16	0	290
gi|116618673|ref|YP_819044.1|_303-402_2F2A:B:294-400	0	0	0	8	0	9	6	9	0	118
gi|116618674|ref|YP_819045.1|_4-481_2F2A:A:1-485	12	11	6	15	0	46	29	35	0	485
gi|116618675|ref|YP_819046.1|_12-102_2F2A:C:3-94	1	2	1	3	0	9	4	5	0	92
gi|116618676|ref|YP_819047.1|_3-89_1A32:A:	0	0	0	4	0	7	2	3	0	85
gi|116618677|ref|YP_819048.1|_4-83_1FJG:T:	0	0	0	3	0	5	3	4	0	99
gi|116618678|ref|YP_819049.1|_75-359_1Q0U:A:	0	7	4	9	0	26	14	9	0	209
gi|116618679|ref|YP_819050.1|_15-304_1I74:A:	3	10	3	12	0	28	16	20	0	309
gi|116618680|ref|YP_819051.1|_9-239_1JX4:A:1-240	3	8	3	10	0	22	11	12	0	240
gi|116618680|ref|YP_819051.1|_251-360_1T94:A:411-515	0	4	0	2	0	8	4	3	0	105
gi|116618681|ref|YP_819052.1|_216-329_1JR3:D:212-338	0	0	0	7	0	10	8	6	0	127
gi|116618681|ref|YP_819052.1|_2-210_1JR3:A:3-242	2	5	2	11	0	27	23	12	0	240
gi|116618682|ref|YP_819053.1|_491-744_2BIB:A:1-308	13	15	5	7	0	41	27	16	0	308
gi|116618683|ref|YP_819054.1|_133-211_3BZK:A:474-563	0	2	1	4	0	8	6	7	0	90
gi|116618684|ref|YP_819055.1|_234-350_1RRE:A:	5	10	1	6	0	17	11	10	0	182
gi|116618684|ref|YP_819055.1|_130-201_1KY9:A:260-353	4	4	0	2	0	14	9	8	0	94
gi|116618685|ref|YP_819056.1|_1-156_1OD6:A:	0	5	1	6	0	17	6	10	0	160
gi|116618686|ref|YP_819057.1|_1-181_2FHP:A:1-182	2	8	2	5	0	20	8	10	0	182
gi|116618689|ref|YP_819060.1|_5-79,171-347_1VHE:A:3-72,A:163-367	1	13	1	8	0	25	16	18	1	273
gi|116618689|ref|YP_819060.1|_69-179_1VHE:A:73-162	0	6	3	1	0	12	6	6	0	90
gi|116618690|ref|YP_819061.1|_1-213_1E58:A:	4	6	4	10	0	30	9	18	0	247
gi|116618693|ref|YP_819064.1|_1-220_1E69:A:	6	14	2	6	0	26	20	16	0	308
gi|116618693|ref|YP_819064.1|_3-50,299-507_1F2T:A:,B:	2	15	3	7	0	24	21	15	1	292
gi|116618694|ref|YP_819065.1|_1-71_1F9N:A:3-78	0	2	0	4	0	8	4	5	0	76
gi|116618694|ref|YP_819065.1|_80-148_1F9N:A:79-149	0	4	0	3	0	5	4	4	0	71
gi|116618695|ref|YP_819066.1|_56-265_1EJ0:A:	0	7	0	5	0	17	8	9	0	180
gi|116618695|ref|YP_819066.1|_3-72_1JH3:A:	0	5	0	3	0	10	11	8	0	99
gi|116618696|ref|YP_819067.1|_5-282_1RQJ:A:	0	2	0	16	0	15	8	14	0	299
gi|116618697|ref|YP_819068.1|_3-69_1VP7:B:	1	0	1	2	0	5	2	1	0	77
gi|116618701|ref|YP_819072.1|_1-236_1G97:A:2-251	0	11	6	9	0	26	13	15	0	250
gi|116618701|ref|YP_819072.1|_239-420_1HM9:A:252-459	3	28	3	0	0	55	16	17	0	208
gi|116618702|ref|YP_819073.1|_96-235_1O57:A:75-276	1	10	4	4	0	19	12	11	0	202
gi|116618702|ref|YP_819073.1|_2-74_1O57:A:2-74	1	2	0	3	0	7	3	5	0	73
gi|116618703|ref|YP_819074.1|_2-257_1L7V:A:	2	0	2	14	0	18	8	12	0	324
gi|116618704|ref|YP_819075.1|_3-209_3DHW:C:1-240	3	10	1	7	0	21	17	12	0	240
gi|116618705|ref|YP_819076.1|_36-279_1PSZ:A:	3	8	4	9	0	26	19	18	0	286
gi|116618707|ref|YP_819078.1|_20-290_1QYR:A:	2	9	5	11	0	27	13	14	0	252
gi|116618708|ref|YP_819079.1|_6-122_2FCJ:A:1-114	2	4	1	4	0	12	8	6	0	114
gi|116618709|ref|YP_819080.1|_14-261_1J6O:A:	1	8	6	9	0	23	12	16	0	267
gi|116618710|ref|YP_819081.1|_4-133_1TZV:A:	0	0	2	7	0	13	6	6	0	141
gi|116618712|ref|YP_819083.1|_3-64_1UEB:A:1-63	0	6	1	0	0	7	2	4	0	63
gi|116618712|ref|YP_819083.1|_129-186_1UEB:A:127-184	0	5	0	0	0	7	4	4	0	58
gi|116618712|ref|YP_819083.1|_66-127_1UEB:A:64-126	1	5	2	0	0	5	1	5	0	63
gi|116618713|ref|YP_819084.1|_8-143_2A61:A:5-143	1	2	0	7	0	7	1	6	0	139
gi|116618714|ref|YP_819085.1|_3-181_1T35:A:	0	7	1	8	0	16	11	10	0	179
gi|116618717|ref|YP_819088.1|_14-428_2DKF:A:1-431	4	21	3	12	0	51	31	26	0	431
gi|116618722|ref|YP_819093.1|_28-230_1H09:A:2-190	0	9	2	6	0	24	11	11	0	189
gi|116618731|ref|YP_819102.1|_1512-1613_1QSA:A:451-618	3	0	1	9	0	18	9	10	0	168
gi|116618739|ref|YP_819110.1|_110-379_1OHG:A:	3	16	5	6	0	28	16	15	0	281
gi|116618740|ref|YP_819111.1|_38-175_1Y7O:A:2-193	3	8	0	7	0	19	7	8	0	192
gi|116618756|ref|YP_819127.1|_65-127_1RP3:A:164-234	0	0	0	4	0	4	3	3	0	71
gi|116618759|ref|YP_819130.1|_1-127_1Q8R:A:	2	6	2	3	0	13	6	3	0	118
gi|116618765|ref|YP_819136.1|_87-230_1SXJ:D:26-262	0	5	2	13	0	21	15	15	0	237
gi|116618766|ref|YP_819137.1|_172-243_2I5U:A:2-75	0	0	0	4	0	5	3	4	0	74
gi|116618770|ref|YP_819141.1|_4-64_2OFY:A:3-84	1	0	0	5	0	8	3	5	0	82
gi|116618775|ref|YP_819146.1|_24-74_1J9I:A:	0	2	1	3	0	6	3	3	0	68
gi|116618778|ref|YP_819149.1|_3-47_1WH8:A:	0	0	0	6	0	10	4	4	0	110
gi|116618781|ref|YP_819152.1|_11-66_1ADR:A:	0	0	0	5	0	9	6	6	0	76
gi|116618782|ref|YP_819153.1|_31-73_1C7K:A:	0	5	2	4	0	17	7	7	0	132
gi|116618784|ref|YP_819155.1|_61-336_1AIH:A:	2	3	1	9	0	13	9	12	0	170
gi|116618787|ref|YP_819158.1|_128-429_1JQN:A:	3	8	5	38	0	62	30	39	0	880
gi|116618788|ref|YP_819159.1|_35-301_2QV7:A:1-312	2	15	3	6	0	32	21	19	0	312
gi|116618789|ref|YP_819160.1|_5-278_1T5J:A:	6	2	4	16	0	25	14	17	0	312
gi|116618790|ref|YP_819161.1|_235-383_1MXA:A:232-383	1	3	2	5	0	19	17	9	0	152
gi|116618790|ref|YP_819161.1|_113-234_1QM4:A:129-252	0	4	0	2	0	11	11	7	0	124
gi|116618790|ref|YP_819161.1|_3-108_1MXA:A:1-102	0	6	1	2	0	8	3	7	0	102
gi|116618792|ref|YP_819163.1|_4-142_1D6J:A:	0	5	1	6	0	19	12	6	0	203
gi|116618792|ref|YP_819163.1|_2-51,140-217_1KAG:A:	0	5	1	7	0	12	8	5	0	169
gi|116618793|ref|YP_819164.1|_2-239_1ZCC:A:1-240	3	9	1	11	0	24	20	15	0	240
gi|116618795|ref|YP_819166.1|_14-129_1YT8:A:6-106	2	5	1	5	0	13	6	7	0	101
gi|116618797|ref|YP_819168.1|_1-126_1Z3E:A:1-114	3	4	4	4	0	15	8	7	0	114
gi|116618799|ref|YP_819170.1|_4-78_1SRO:A:	1	4	0	1	0	12	5	5	0	76
gi|116618800|ref|YP_819171.1|_15-117,144-192_2A2N:A:483-646	6	8	1	2	0	24	12	11	0	164
gi|116618801|ref|YP_819172.1|_2-69_1IW7:E:	2	1	0	4	0	10	9	8	0	95
gi|116618802|ref|YP_819173.1|_3-191_1S96:A:	3	9	1	9	0	19	8	12	0	205
gi|116618806|ref|YP_819177.1|_294-516_1EWQ:A:542-765	2	10	1	6	0	20	13	10	0	224
gi|116618806|ref|YP_819177.1|_5-290_1E3M:A:270-566	3	4	1	15	0	23	13	17	0	297
gi|116618806|ref|YP_819177.1|_724-800_2D9I:A:8-90	0	4	1	2	0	11	4	6	0	83
gi|116618808|ref|YP_819179.1|_9-91_1T3U:A:	0	2	0	2	0	5	2	3	0	92
gi|116618810|ref|YP_819181.1|_90-300_1UAX:A:	2	5	2	9	0	21	14	11	0	211
gi|116618811|ref|YP_819182.1|_54-130_1AV1:D:	0	0	1	7	0	3	3	6	0	200
gi|116618813|ref|YP_819184.1|_316-449_1XX7:A:	2	0	3	11	0	13	6	7	0	183
gi|116618813|ref|YP_819184.1|_209-302_1TUA:A:85-188	0	3	1	5	0	6	1	5	0	104
gi|116618814|ref|YP_819185.1|_5-135_1J1H:A:	2	9	0	3	0	23	10	5	0	123
gi|116618815|ref|YP_819186.1|_214-629_2VNU:D:495-910	9	13	6	13	0	41	21	20	0	416
gi|116618815|ref|YP_819186.1|_630-707_1GO3:E:79-184	0	9	1	1	0	13	4	5	0	106
gi|116618815|ref|YP_819186.1|_59-135_2IX0:A:4-82	0	5	0	2	0	8	2	4	0	79
gi|116618815|ref|YP_819186.1|_126-231_2IX0:A:83-172	0	5	1	1	0	14	6	7	0	90
gi|116618817|ref|YP_819188.1|_89-254_1IPA:A:106-263	2	6	2	5	0	18	10	9	0	158
gi|116618817|ref|YP_819188.1|_3-99_1IPA:A:1-105	0	5	1	5	0	9	5	4	0	105
gi|116618819|ref|YP_819190.1|_2-89_1APS:A:	0	5	0	2	0	11	6	5	0	98
gi|116618820|ref|YP_819191.1|_191-361_2C2A:A:321-481	0	7	2	3	0	13	4	10	0	161
gi|116618820|ref|YP_819191.1|_118-200_2C2A:A:232-320	0	0	1	3	0	3	0	4	0	89
gi|116618821|ref|YP_819192.1|_2-125_1NXO:A:	0	5	0	5	0	10	7	4	0	119
gi|116618821|ref|YP_819192.1|_128-227_1YS7:A:128-233	1	6	0	3	0	7	0	5	0	106
gi|116618823|ref|YP_819194.1|_10-105,190-223_1OD6:A:	0	5	1	6	0	17	6	10	0	160
gi|116618824|ref|YP_819195.1|_7-250_1Y8C:A:	1	11	3	7	0	21	9	14	0	246
gi|116618825|ref|YP_819196.1|_7-120_2O5A:A:2-114	3	5	1	2	0	10	6	7	0	113
gi|116618826|ref|YP_819197.1|_2-192_3DJB:A:2-214	0	0	1	10	0	12	8	14	0	213
gi|116618827|ref|YP_819198.1|_21-208_1KAM:A:	1	6	1	6	0	18	11	9	0	193
gi|116618828|ref|YP_819199.1|_1-96_1RQ8:A:	0	4	0	3	0	9	6	3	0	96
gi|116618829|ref|YP_819200.1|_79-294_1PUJ:A:	2	6	3	10	0	26	16	16	0	273
gi|116618830|ref|YP_819201.1|_7-142_2HSZ:A:1-224	1	8	4	8	0	23	14	13	0	224
gi|116618833|ref|YP_819204.1|_4-215_1HDO:A:	0	10	3	5	0	24	20	11	0	205
gi|116618834|ref|YP_819205.1|_5-200_2IFA:A:2-200	1	6	3	8	0	13	6	10	0	199
gi|116618835|ref|YP_819206.1|_2-135_1YLF:A:5-142	2	2	2	6	0	10	4	3	0	138
gi|116618836|ref|YP_819207.1|_1254-1456_2BIB:A:309-541	11	22	0	0	0	41	19	21	0	233
gi|116618836|ref|YP_819207.1|_482-675,712-759_1E43:A:1-393	6	17	4	9	0	44	28	22	0	393
gi|116618836|ref|YP_819207.1|_150-304_2BIB:A:309-541	11	22	0	0	0	41	19	21	0	233
gi|116618836|ref|YP_819207.1|_1157-1268_1HCX:A:	6	11	0	0	0	29	11	10	0	127
gi|116618836|ref|YP_819207.1|_922-1072_1HVX:A:1-393	6	17	5	10	0	41	24	22	0	393
gi|116618836|ref|YP_819207.1|_1414-1525_1HCX:A:	6	11	0	0	0	29	11	10	0	127
gi|116618838|ref|YP_819209.1|_14-69_1Y9Q:A:4-82	0	0	1	5	0	7	4	5	0	79
gi|116618839|ref|YP_819210.1|_2-68_1Y9Q:A:4-82	0	0	1	5	0	7	4	5	0	79
gi|116618841|ref|YP_819212.1|_1325-1512_1H09:A:191-339	4	14	1	0	0	21	12	10	0	149
gi|116618841|ref|YP_819212.1|_1159-1384_1HCX:A:	6	11	0	0	0	29	11	10	0	127
gi|116618841|ref|YP_819212.1|_470-662,699-746_1E43:A:1-393	6	17	4	9	0	44	28	22	0	393
gi|116618841|ref|YP_819212.1|_924-1075_1HVX:A:1-393	6	17	5	10	0	41	24	22	0	393
gi|116618841|ref|YP_819212.1|_243-284_2BIB:A:309-541	11	22	0	0	0	41	19	21	0	233
gi|116618842|ref|YP_819213.1|_4-64_1Y9Q:A:4-82	0	0	1	5	0	7	4	5	0	79
gi|116618845|ref|YP_819216.1|_103-300_1J4A:A:104-300	6	6	3	8	0	26	15	13	0	197
gi|116618845|ref|YP_819216.1|_2-135_2DLD:A:1-103,A:301-337	6	4	1	4	0	22	8	9	1	140
gi|116618849|ref|YP_819220.1|_18-445_2CB5:A:	11	14	5	16	0	52	28	23	0	453
gi|116618851|ref|YP_819222.1|_182-374_1SJP:A:189-372	7	8	1	5	0	20	12	7	0	184
gi|116618851|ref|YP_819222.1|_6-133,404-518_1WE3:A:3-138,A:409-527	1	8	1	10	0	18	7	11	1	255
gi|116618851|ref|YP_819222.1|_137-194_1SJP:A:135-188,A:373-407	0	3	0	3	0	6	6	2	1	89
gi|116618852|ref|YP_819223.1|_1-94_1WE3:O:	0	9	0	0	0	19	8	7	0	96
gi|116618857|ref|YP_819228.1|_153-312_1BLE:A:	2	9	0	7	0	18	10	11	0	161
gi|116618857|ref|YP_819228.1|_1-128_1PDO:A:	2	4	0	5	0	12	6	9	0	129
gi|116618858|ref|YP_819229.1|_2-307_1QWR:A:	3	20	1	6	0	39	15	14	0	315
gi|116618859|ref|YP_819230.1|_3-246_1ZCH:A:1-249	2	4	3	11	0	20	11	9	0	249
gi|116618861|ref|YP_819232.1|_1-270_1RLM:A:	0	14	7	9	1	30	15	17	0	269
gi|116618862|ref|YP_819233.1|_170-338_1NE9:A:165-335	1	7	0	6	0	15	9	8	0	171
gi|116618862|ref|YP_819233.1|_9-155_1NE9:A:1-164	3	6	3	4	0	21	13	12	0	164
gi|116618863|ref|YP_819234.1|_84-207_1XCB:A:78-203	2	6	1	3	0	16	12	9	0	126
gi|116618863|ref|YP_819234.1|_8-79_1XCB:A:4-77	0	2	0	4	0	7	4	5	0	74
gi|116618864|ref|YP_819235.1|_102-310_2A6A:A:1-103	0	5	3	3	0	10	5	4	0	103
gi|116618864|ref|YP_819235.1|_4-121_1OKJ:A:1-106	0	5	1	3	0	7	4	4	0	106
gi|116618865|ref|YP_819236.1|_1-135_2AE6:A:1-161	0	7	3	4	0	10	4	9	0	161
gi|116618866|ref|YP_819237.1|_30-177_1Y9K:A:1-152	0	9	2	5	0	15	7	6	0	151
gi|116618867|ref|YP_819238.1|_1-102_1OKJ:A:1-106	0	5	1	3	0	7	4	4	0	106
gi|116618867|ref|YP_819238.1|_107-209_2A6A:A:104-193	1	4	1	3	0	8	4	3	0	90
gi|116618868|ref|YP_819239.1|_251-550_1KBL:A:510-873	0	9	4	18	0	33	20	15	0	364
gi|116618868|ref|YP_819239.1|_127-248_1ZYM:A:3-21,A:145-249	1	6	3	4	0	20	9	4	1	124
gi|116618868|ref|YP_819239.1|_24-145_1ZYM:A:22-144	0	0	0	5	0	6	1	4	0	123
gi|116618869|ref|YP_819240.1|_4-84_1PTF:A:	0	4	0	3	0	9	3	7	0	87
gi|116618870|ref|YP_819241.1|_3-489_1K9X:A:	3	3	9	22	0	37	24	27	0	497
gi|116618871|ref|YP_819242.1|_11-205_1JCU:A:	0	10	0	6	0	31	23	6	0	208
gi|116618872|ref|YP_819243.1|_115-297_1T43:A:	2	9	3	11	0	29	18	14	0	274
gi|116618873|ref|YP_819244.1|_12-351_2B3T:B:7-354	1	11	3	7	0	25	15	13	0	344
gi|116618874|ref|YP_819245.1|_12-152_2B8T:A:11-149	2	6	2	4	0	18	12	9	0	139
gi|116618874|ref|YP_819245.1|_152-204_2B8T:A:150-216	0	5	1	1	0	11	5	6	0	67
gi|116618875|ref|YP_819246.1|_153-285_2EVR:A:87-234	0	6	1	4	0	16	11	7	0	148
gi|116618875|ref|YP_819246.1|_90-138_2BIB:A:309-541	11	22	0	0	0	41	19	21	0	233
gi|116618876|ref|YP_819247.1|_1-195_1V7R:A:	1	6	4	6	0	15	10	9	0	186
gi|116618877|ref|YP_819248.1|_40-198,247-304_1P3D:A:107-321	0	10	2	6	0	17	12	13	0	215
gi|116618878|ref|YP_819249.1|_21-206_1JVN:A:3-229	3	12	2	7	0	24	15	15	0	229
gi|116618883|ref|YP_819254.1|_399-756_1U1J:A:396-760	9	10	3	11	0	43	33	23	0	365
gi|116618883|ref|YP_819254.1|_8-397_1U1J:A:2-395	4	11	5	14	0	51	22	18	0	394
gi|116618884|ref|YP_819255.1|_3-286_1V93:A:	0	8	2	11	0	28	13	16	0	292
gi|116618886|ref|YP_819257.1|_22-236_1QDL:B:	1	9	0	6	0	17	14	12	0	195
gi|116618887|ref|YP_819258.1|_29-530_1JET:A:	9	18	8	17	0	53	34	35	0	517
gi|116618888|ref|YP_819259.1|_9-426_2CTZ:A:1-421	7	12	6	18	0	48	21	31	0	421
gi|116618890|ref|YP_819261.1|_12-375_1U1J:A:2-395	4	11	5	14	0	51	22	18	0	394
gi|116618891|ref|YP_819262.1|_4-152_1INN:A:	3	4	1	3	0	19	9	8	0	151
gi|116618892|ref|YP_819263.1|_14-372_1U1J:A:396-760	9	10	3	11	0	43	33	23	0	365
gi|116618893|ref|YP_819264.1|_16-376_1IBJ:A:	3	12	2	12	0	48	29	25	0	380
gi|116618894|ref|YP_819265.1|_28-365_1N8P:A:	5	12	2	13	0	43	33	20	0	393
gi|116618895|ref|YP_819266.1|_26-275_2GHR:A:17-297	1	10	4	7	0	24	13	17	0	281
gi|116618896|ref|YP_819267.1|_5-106_1M7T:A:	0	5	0	4	0	10	5	6	0	106
gi|116618897|ref|YP_819268.1|_61-283_1Y8T:A:6-226	0	14	2	3	0	23	8	10	0	221
gi|116618898|ref|YP_819269.1|_266-432_2C2A:A:321-481	0	7	2	3	0	13	4	10	0	161
gi|116618898|ref|YP_819269.1|_199-276_2C2A:A:232-320	0	0	1	3	0	3	0	4	0	89
gi|116618899|ref|YP_819270.1|_3-128_1KGS:A:2-123	0	5	0	5	0	11	9	3	0	122
gi|116618899|ref|YP_819270.1|_126-226_1YS7:A:128-233	1	6	0	3	0	7	0	5	0	106
gi|116618900|ref|YP_819271.1|_9-120_1NE8:A:	0	6	1	3	0	14	9	5	0	116
gi|116618901|ref|YP_819272.1|_16-250_1BD0:A:12-244	2	9	3	9	0	27	16	11	0	233
gi|116618901|ref|YP_819272.1|_244-373_1BD0:A:2-11,A:245-382	0	13	3	2	0	20	11	10	1	148
gi|116618902|ref|YP_819273.1|_1-116_1F7L:A:	2	5	1	4	0	11	5	6	0	118
gi|116618904|ref|YP_819275.1|_2-76_1DV5:A:	0	0	0	3	0	7	8	6	0	80
gi|116618906|ref|YP_819277.1|_5-506_1AMU:A:	4	26	5	15	0	55	36	34	0	514
gi|116618909|ref|YP_819280.1|_42-266_2H1I:A:1-202	0	11	0	5	0	23	15	13	0	202
gi|116618910|ref|YP_819281.1|_7-97_1KU2:A:93-272	0	0	1	8	0	14	8	7	0	180
gi|116618911|ref|YP_819282.1|_72-245_1GZ0:A:78-243	2	7	2	7	0	17	12	8	0	166
gi|116618911|ref|YP_819282.1|_3-80_1GZ0:F:10-77	2	6	3	7	0	19	13	7	0	166
gi|116618912|ref|YP_819283.1|_1-120_1U61:A:	0	0	1	6	0	11	5	5	0	127
gi|116618913|ref|YP_819284.1|_3-1081,1122-1183_1I6V:D:	12	21	8	39	0	125	102	71	0	1234
gi|116618914|ref|YP_819285.1|_6-280,378-669,718-1143_1I6V:C:	33	26	6	25	0	159	114	74	0	1113
gi|116618916|ref|YP_819287.1|_104-299_1J4A:A:104-300	6	6	3	8	0	26	15	13	0	197
gi|116618916|ref|YP_819287.1|_1-137_2DLD:A:1-103,A:301-337	6	4	1	4	0	22	8	9	1	140
gi|116618917|ref|YP_819288.1|_11-393_1GDE:A:	4	12	7	13	0	42	12	25	0	388
gi|116618918|ref|YP_819289.1|_4-181_1LVG:A:	2	9	1	8	0	18	8	13	0	190
gi|116618921|ref|YP_819292.1|_3-200_1C06:A:	0	5	1	7	0	16	11	9	0	159
gi|116618922|ref|YP_819293.1|_124-563_1DPE:A:	3	19	4	19	0	53	36	33	0	507
gi|116618923|ref|YP_819294.1|_17-405_1PV7:A:	0	0	2	22	0	18	12	14	0	417
gi|116618924|ref|YP_819295.1|_2-123_2OHW:A:3-130	0	4	1	6	0	14	11	6	0	128
gi|116618925|ref|YP_819296.1|_239-419_2R9G:A:238-423	0	0	5	7	0	14	7	7	0	185
gi|116618925|ref|YP_819296.1|_4-226_1IQP:A:2-232	0	7	4	13	0	20	11	14	0	231
gi|116618927|ref|YP_819298.1|_5-146_1MJH:A:	0	5	1	4	0	16	7	5	0	160
gi|116618931|ref|YP_819302.1|_59-362_3BE7:A:57-359	6	8	2	11	0	34	18	23	0	303
gi|116618931|ref|YP_819302.1|_30-70_2P9B:A:9-70,A:395-450	2	8	2	1	0	16	6	8	1	118
gi|116618932|ref|YP_819303.1|_34-537_1JET:A:	9	18	8	17	0	53	34	35	0	517
gi|116618935|ref|YP_819306.1|_5-334_1D2R:A:	6	5	3	13	0	31	17	19	0	326
gi|116618936|ref|YP_819307.1|_193-369_1UDX:A:157-336	0	7	2	6	0	22	13	8	0	180
gi|116618938|ref|YP_819309.1|_9-230_1RRQ:A:9-229	0	0	3	12	0	21	13	15	0	221
gi|116618938|ref|YP_819309.1|_226-338_1X51:A:8-149	2	7	0	3	0	17	11	6	0	142
gi|116618940|ref|YP_819311.1|_6-196,244-463_1PW4:A:	2	0	1	18	0	21	18	22	0	450
gi|116618941|ref|YP_819312.1|_1-149_1YQG:A:1-152	0	8	1	5	0	19	9	9	0	152
gi|116618941|ref|YP_819312.1|_151-252_2AMF:A:153-256	0	0	1	6	0	5	2	5	0	104
gi|116618942|ref|YP_819313.1|_1-313_1Z41:A:2-338	1	12	4	10	0	34	24	18	0	337
gi|116618943|ref|YP_819314.1|_31-73_1Y7M:A:1-48	0	2	0	1	1	9	3	6	0	48
gi|116618944|ref|YP_819315.1|_12-92_1AQT:A:2-86	1	9	1	0	0	5	5	3	0	85
gi|116618944|ref|YP_819315.1|_97-142_1AQT:A:87-136	0	0	1	2	0	3	1	1	0	50
gi|116618945|ref|YP_819316.1|_79-351_1SKY:E:83-356	6	11	4	9	0	36	19	17	0	274
gi|116618945|ref|YP_819316.1|_349-465_1SKY:E:357-470	2	0	1	5	0	7	5	6	0	114
gi|116618945|ref|YP_819316.1|_1-77_1SKY:E:1-82	0	6	0	0	0	7	3	7	0	82
gi|116618946|ref|YP_819317.1|_2-301_1FS0:G:	0	6	1	5	0	15	11	5	0	230
gi|116618947|ref|YP_819318.1|_95-370_1SKY:B:96-371	5	12	3	8	0	33	16	16	0	276
gi|116618947|ref|YP_819318.1|_372-498_1SKY:B:372-502	0	0	2	6	0	7	2	4	0	131
gi|116618947|ref|YP_819318.1|_10-94_1SKY:B:21-95	0	6	1	0	0	7	5	6	0	75
gi|116618948|ref|YP_819319.1|_8-108_1ABV:A:	0	0	1	6	0	8	3	4	0	105
gi|116618950|ref|YP_819321.1|_4-74_1C99:A:	0	0	1	2	0	2	1	1	0	79
gi|116618951|ref|YP_819322.1|_70-235_1C17:M:	0	0	0	4	0	5	4	2	0	171
gi|116618953|ref|YP_819324.1|_1-228_1E58:A:	4	6	4	10	0	30	9	18	0	247
gi|116618954|ref|YP_819325.1|_1-64_1C9O:A:	1	5	1	0	0	5	1	4	0	66
gi|116618956|ref|YP_819327.1|_12-213,265-437,466-489_1PV7:A:	0	0	2	22	0	18	12	14	0	417
gi|116618957|ref|YP_819328.1|_13-225_1ESM:A:	2	11	7	10	0	27	16	22	0	311
gi|116618958|ref|YP_819329.1|_210-315,415-660_1UAA:A:2-307	4	8	4	13	0	27	16	15	0	306
gi|116618958|ref|YP_819329.1|_689-771_1PJR:A:319-651	4	8	6	12	0	21	12	17	0	333
gi|116618959|ref|YP_819330.1|_13-137_1JGS:A:	1	2	0	6	0	11	5	7	0	138
gi|116618960|ref|YP_819331.1|_5-219_2QFI:A:5-208	2	0	7	7	0	14	20	21	0	204
gi|116618961|ref|YP_819332.1|_153-315_1D2T:A:	0	0	2	13	0	18	11	13	0	224
gi|116618962|ref|YP_819333.1|_1-86,116-186_1U6M:A:	0	7	5	6	0	12	8	15	0	198
gi|116618963|ref|YP_819334.1|_3-100_1TDP:A:	0	0	1	6	0	8	5	8	0	111
gi|116618965|ref|YP_819336.1|_1-65_1ADR:A:	0	0	0	5	0	9	6	6	0	76
gi|116618966|ref|YP_819337.1|_140-369_1PV9:A:125-345	6	13	2	4	0	27	12	10	0	221
gi|116618966|ref|YP_819337.1|_6-116_1CHM:A:2-156	1	7	1	6	0	19	11	7	0	155
gi|116618967|ref|YP_819338.1|_260-425_1P9H:A:	3	20	0	1	0	34	19	20	0	189
gi|116618968|ref|YP_819339.1|_5-70_2IU5:A:1-71	0	0	2	3	0	6	5	4	0	71
gi|116618969|ref|YP_819340.1|_117-450_1X0M:A:26-428	2	14	5	14	0	43	21	17	0	403
gi|116618969|ref|YP_819340.1|_17-87_2HS5:A:25-93	0	3	0	3	0	6	2	5	0	69
gi|116618971|ref|YP_819342.1|_471-537_1HCX:A:	6	11	0	0	0	29	11	10	0	127
gi|116618971|ref|YP_819342.1|_74-218,313-398_1FO1:A:203-362	0	7	4	5	0	18	7	12	0	160
gi|116618972|ref|YP_819343.1|_2-169_2AE6:A:1-161	0	7	3	4	0	10	4	9	0	161
gi|116618973|ref|YP_819344.1|_6-67_3C07:A:15-89	0	0	0	5	0	6	3	4	0	75
gi|116618974|ref|YP_819345.1|_1-153_1KAG:A:	0	5	1	7	0	12	8	5	0	169
gi|116618976|ref|YP_819347.1|_2-160_1CTQ:A:	0	6	1	6	0	16	8	10	0	166
gi|116618977|ref|YP_819348.1|_2-169_1NSL:A:	1	8	3	5	0	10	7	10	0	183
gi|116618979|ref|YP_819350.1|_9-160_1W3B:A:	0	0	0	23	0	35	6	26	0	388
gi|116618988|ref|YP_819359.1|_13-244_1SML:A:	6	12	5	6	0	26	13	18	0	266
gi|116618989|ref|YP_819360.1|_56-117_1ZHV:A:62-127	0	4	1	2	0	7	3	2	0	66
gi|116618989|ref|YP_819360.1|_1-51_1ZHV:A:2-61	0	5	1	0	0	9	5	3	0	60
gi|116618990|ref|YP_819361.1|_4-235_1OXS:C:1-242	0	11	6	8	0	23	18	13	0	242
gi|116618990|ref|YP_819361.1|_310-504_1SGW:A:	3	9	3	5	0	13	15	12	0	213
gi|116618991|ref|YP_819362.1|_1-62_2B5A:A:1-77	1	0	0	5	0	7	1	4	0	77
gi|116618992|ref|YP_819363.1|_6-411_1PW4:A:	2	0	1	18	0	21	18	22	0	450
gi|116618993|ref|YP_819364.1|_1-108_1NPB:A:	0	9	1	3	0	16	7	7	0	140
gi|116618994|ref|YP_819365.1|_2-180_1RJW:A:1-137,A:306-339	5	11	3	3	0	24	12	10	1	171
gi|116618994|ref|YP_819365.1|_148-316_1RJW:A:138-305	0	7	1	8	0	16	10	9	0	168
gi|116618995|ref|YP_819366.1|_8-414_1PW4:A:	2	0	1	18	0	21	18	22	0	450
gi|116618996|ref|YP_819367.1|_1-404_1VPE:A:	3	17	8	14	0	45	29	26	0	398
gi|116618998|ref|YP_819369.1|_206-477_2F9F:A:2-167	2	6	1	7	0	19	11	10	0	166
gi|116619000|ref|YP_819371.1|_5-630_1DMT:A:	5	11	11	32	0	60	31	37	0	696
gi|116619001|ref|YP_819372.1|_9-254_3DHW:C:1-240	3	10	1	7	0	21	17	12	0	240
gi|116619002|ref|YP_819373.1|_5-255_3DHW:C:1-240	3	10	1	7	0	21	17	12	0	240
gi|116619003|ref|YP_819374.1|_133-319_3DHW:A:6-208	0	0	1	9	0	11	7	9	0	203
gi|116619004|ref|YP_819375.1|_90-291_3DHW:A:6-208	0	0	1	9	0	11	7	9	0	203
gi|116619005|ref|YP_819376.1|_31-536_1JET:A:	9	18	8	17	0	53	34	35	0	517
gi|116619006|ref|YP_819377.1|_17-203_3DHW:A:6-208	0	0	1	9	0	11	7	9	0	203
gi|116619007|ref|YP_819378.1|_9-195_3DHW:A:6-208	0	0	1	9	0	11	7	9	0	203
gi|116619008|ref|YP_819379.1|_17-275_1XT8:A:10-257	2	13	3	10	0	20	15	15	0	248
gi|116619009|ref|YP_819380.1|_3-238_1B0U:A:	0	12	1	10	0	24	16	14	0	261
gi|116619010|ref|YP_819381.1|_351-591_2HYD:A:324-578	2	10	5	9	0	25	21	16	0	255
gi|116619010|ref|YP_819381.1|_25-334_2HYD:A:1-323	0	0	1	15	1	9	5	12	0	323
gi|116619011|ref|YP_819382.1|_332-573_2HYD:A:324-578	2	10	5	9	0	25	21	16	0	255
gi|116619011|ref|YP_819382.1|_6-318_3B60:A:10-328	0	0	1	11	0	6	9	9	0	319
gi|116619013|ref|YP_819384.1|_129-333_2GZ1:A:128-329	7	6	3	5	0	24	11	11	0	202
gi|116619013|ref|YP_819384.1|_5-156_2GZ1:A:2-127,A:330-357	1	7	2	4	0	19	10	9	1	152
gi|116619014|ref|YP_819385.1|_13-245_1BD0:A:12-244	2	9	3	9	0	27	16	11	0	233
gi|116619014|ref|YP_819385.1|_239-369_1BD0:A:2-11,A:245-382	0	13	3	2	0	20	11	10	1	148
gi|116619015|ref|YP_819386.1|_4-204_2AX3:A:1-211	2	8	1	8	0	23	15	9	0	211
gi|116619016|ref|YP_819387.1|_2-137_1YLF:A:5-142	2	2	2	6	0	10	4	3	0	138
gi|116619018|ref|YP_819389.1|_1-157_1TO0:A:	0	5	0	5	0	12	9	5	0	157
gi|116619019|ref|YP_819390.1|_58-273_1SOT:A:42-254	2	12	2	3	0	19	12	10	0	212
gi|116619019|ref|YP_819390.1|_262-373_1KY9:A:260-353	4	4	0	2	0	14	9	8	0	94
gi|116619022|ref|YP_819393.1|_435-611_2C2A:A:321-481	0	7	2	3	0	13	4	10	0	161
gi|116619022|ref|YP_819393.1|_365-447_2C2A:A:232-320	0	0	1	3	0	3	0	4	0	89
gi|116619022|ref|YP_819393.1|_256-371_1EW0:A:	2	5	2	5	0	11	8	8	0	130
gi|116619022|ref|YP_819393.1|_207-256_2ASX:A:278-331	0	0	0	2	0	4	1	3	0	54
gi|116619023|ref|YP_819394.1|_2-125_1NXO:A:	0	5	0	5	0	10	7	4	0	119
gi|116619023|ref|YP_819394.1|_133-231_1YS7:A:128-233	1	6	0	3	0	7	0	5	0	106
gi|116619024|ref|YP_819395.1|_71-308_1DKR:A:8-166	1	7	1	4	0	20	10	6	0	159
gi|116619025|ref|YP_819396.1|_3-157_1PSQ:A:	7	7	1	4	0	22	12	13	0	163
gi|116619026|ref|YP_819397.1|_2-269_1RKQ:A:	2	14	5	10	1	32	13	16	0	281
gi|116619027|ref|YP_819398.1|_2-259_1VLC:A:	0	12	7	13	0	29	18	15	0	365
gi|116619028|ref|YP_819399.1|_1-130_1NQ3:A:	3	7	4	2	0	19	10	5	0	133
gi|116619029|ref|YP_819400.1|_10-365_1TDJ:A:5-335	0	10	2	13	0	33	18	16	0	331
gi|116619030|ref|YP_819401.1|_4-183_1NP3:A:1-182	0	9	2	9	0	24	9	11	0	182
gi|116619030|ref|YP_819401.1|_184-334_1NP3:A:183-327	0	0	0	9	0	5	4	7	0	145
gi|116619031|ref|YP_819402.1|_6-74_2FGC:A:27-104	0	4	0	2	0	6	2	6	0	78
gi|116619032|ref|YP_819403.1|_373-567_1YBH:A:460-667	6	6	2	8	0	28	15	12	0	208
gi|116619032|ref|YP_819403.1|_6-177_1JSC:A:83-270	2	8	4	8	0	18	12	10	0	188
gi|116619032|ref|YP_819403.1|_195-361_1JSC:A:280-460	0	6	4	7	0	16	17	10	0	181
gi|116619033|ref|YP_819404.1|_6-235_2HYD:A:324-578	2	10	5	9	0	25	21	16	0	255
gi|116619034|ref|YP_819405.1|_3-375_1TRK:A:3-337	2	7	3	13	0	32	17	26	0	335
gi|116619034|ref|YP_819405.1|_384-606_1TRK:A:338-534	2	8	4	7	0	26	13	13	0	197
gi|116619035|ref|YP_819406.1|_55-237_2OGG:A:95-238	0	6	1	4	0	11	4	8	0	144
gi|116619035|ref|YP_819406.1|_3-71_3BWG:A:5-82	1	3	1	3	0	8	3	5	0	78
gi|116619036|ref|YP_819407.1|_8-157_1DBX:A:	3	8	2	5	0	20	8	9	0	157
gi|116619038|ref|YP_819409.1|_190-459_1CR1:A:	2	9	1	9	0	25	13	10	0	277
gi|116619038|ref|YP_819409.1|_10-124_1JWE:A:	0	0	3	6	0	7	4	6	0	114
gi|116619039|ref|YP_819410.1|_57-149_1DIV:A:56-149	2	5	2	2	0	8	2	2	0	94
gi|116619039|ref|YP_819410.1|_1-56_1CQU:A:	0	3	0	2	1	7	5	4	0	56
gi|116619040|ref|YP_819411.1|_350-666_1K23:A:	0	11	4	11	0	29	20	17	0	307
gi|116619041|ref|YP_819412.1|_21-93_1I94:R:	0	1	0	2	0	13	11	3	0	82
gi|116619042|ref|YP_819413.1|_1-188_1UE1:A:	0	7	0	1	0	11	4	2	0	118
gi|116619043|ref|YP_819414.1|_4-96_2J5A:A:3-108	0	4	1	2	0	11	6	4	0	106
gi|116619044|ref|YP_819415.1|_4-191,393-474_1LFW:A:1-186,A:383-468	2	14	2	7	0	28	18	15	1	272
gi|116619044|ref|YP_819415.1|_191-382_1LFW:A:187-382	8	10	1	4	0	22	9	12	0	196
gi|116619046|ref|YP_819417.1|_299-525_3DHW:C:1-240	3	10	1	7	0	21	17	12	0	240
gi|116619046|ref|YP_819417.1|_4-236_1MV5:A:	2	12	1	8	1	29	24	14	0	242
gi|116619048|ref|YP_819419.1|_10-173_1RQP:A:8-192	5	6	3	5	0	25	13	13	0	185
gi|116619048|ref|YP_819419.1|_181-287_1RQP:A:193-298	1	8	1	2	0	10	4	10	0	106
gi|116619049|ref|YP_819420.1|_59-347_1OYW:A:207-406	1	6	0	8	0	23	16	13	0	200
gi|116619049|ref|YP_819420.1|_397-514_1OYW:A:407-516	0	4	3	5	0	8	4	7	0	110
gi|116619049|ref|YP_819420.1|_527-599_1WUD:A:530-606	0	0	0	5	0	6	3	4	0	77
gi|116619051|ref|YP_819422.1|_1-67_1ADR:A:	0	0	0	5	0	9	6	6	0	76
gi|116619054|ref|YP_819425.1|_2-63_1UTX:A:	0	2	0	5	0	7	3	4	0	66
gi|116619064|ref|YP_819435.1|_1-222_1JDI:A:	5	7	1	8	0	25	7	13	0	223
gi|116619065|ref|YP_819436.1|_4-259_1A0C:A:	5	14	4	16	0	42	26	25	0	437
gi|116619066|ref|YP_819437.1|_1-209_1KV8:A:	0	8	2	10	0	20	11	10	0	213
gi|116619067|ref|YP_819438.1|_1-90_2R48:A:2-104	2	5	1	4	0	11	7	3	0	103
gi|116619069|ref|YP_819440.1|_10-151_1A3A:A:	3	5	2	5	0	14	8	7	0	145
gi|116619070|ref|YP_819441.1|_37-305_2QED:A:1-251	1	14	2	9	0	27	10	18	0	251
gi|116619072|ref|YP_819443.1|_2-271_1RKQ:A:	2	14	5	10	1	32	13	16	0	281
gi|116619076|ref|YP_819447.1|_9-141_1LNW:A:	1	2	0	6	0	8	4	7	0	141
gi|116619077|ref|YP_819448.1|_1-137_1GHE:A:	0	7	1	5	0	13	6	13	0	170
gi|116619080|ref|YP_819451.1|_7-340_1H61:A:	5	14	5	11	0	33	27	22	0	364
gi|116619081|ref|YP_819452.1|_5-94_2HZT:A:4-98	1	2	1	5	0	9	4	6	0	95
gi|116619082|ref|YP_819453.1|_4-321_1PYF:A:	6	11	6	11	0	33	19	21	0	311
gi|116619083|ref|YP_819454.1|_7-133_1Z91:A:8-144	2	3	2	8	0	10	6	9	0	137
gi|116619084|ref|YP_819455.1|_1-307_1PYF:A:	6	11	6	11	0	33	19	21	0	311
gi|116619086|ref|YP_819457.1|_10-405_1PW4:A:	2	0	1	18	0	21	18	22	0	450
gi|116619088|ref|YP_819459.1|_183-484_1DPG:A:182-412,A:427-485	5	9	3	9	0	29	17	14	1	290
gi|116619088|ref|YP_819459.1|_4-187_1DPG:A:1-181,A:413-426	0	6	4	8	0	20	11	10	1	195
gi|116619089|ref|YP_819460.1|_1-297_1XP4:A:25-293	4	12	3	8	0	26	15	19	0	269
gi|116619090|ref|YP_819461.1|_25-142_1LNW:A:	1	2	0	6	0	8	4	7	0	141
gi|116619091|ref|YP_819462.1|_31-290_1PSZ:A:	3	8	4	9	0	26	19	18	0	286
gi|116619092|ref|YP_819463.1|_6-226_1VL5:A:	2	8	2	9	0	21	9	11	0	231
gi|116619093|ref|YP_819464.1|_3-472_1T5H:X:	5	27	4	15	0	56	23	34	0	503
gi|116619094|ref|YP_819465.1|_1-128_1QSM:A:	0	7	2	4	0	15	5	6	0	150
gi|116619098|ref|YP_819469.1|_3-101_1XMA:A:	0	3	1	4	0	6	3	4	0	103
gi|116619099|ref|YP_819470.1|_8-201_1JCU:A:	0	10	0	6	0	31	23	6	0	208
gi|116619100|ref|YP_819471.1|_12-425_1PW4:A:	2	0	1	18	0	21	18	22	0	450
gi|116619101|ref|YP_819472.1|_2-191_1V7L:A:	4	8	0	7	0	21	10	13	0	162
gi|116619102|ref|YP_819473.1|_1-455_1ACO:A:2-528	11	21	6	16	0	60	33	33	0	527
gi|116619103|ref|YP_819474.1|_6-348_1XAD:A:	0	12	5	13	0	31	23	17	0	345
gi|116619104|ref|YP_819475.1|_2-291_1SR9:A:61-370	6	8	4	11	0	32	18	18	0	310
gi|116619105|ref|YP_819476.1|_4-100_2CU6:A:6-96	0	5	1	2	0	11	5	6	0	91
gi|116619106|ref|YP_819477.1|_43-471_1VH4:A:	0	20	1	8	0	48	17	22	0	413
gi|116619107|ref|YP_819478.1|_2-140_1SU0:B:	1	3	1	4	0	11	5	4	0	136
gi|116619108|ref|YP_819479.1|_2-400_1T3I:A:	8	16	7	15	0	48	19	26	0	408
gi|116619109|ref|YP_819480.1|_7-390_1VH4:A:	0	20	1	8	0	48	17	22	0	413
gi|116619110|ref|YP_819481.1|_3-231_1G6H:A:	2	11	5	9	0	21	16	17	0	254
gi|116619111|ref|YP_819482.1|_9-61_1UTX:A:	0	2	0	5	0	7	3	4	0	66
gi|116619111|ref|YP_819482.1|_155-225_2IJQ:A:14-158	3	2	2	6	0	11	3	8	0	145
gi|116619112|ref|YP_819483.1|_11-391_2GP4:A:1-418	5	7	4	13	0	30	17	20	0	418
gi|116619112|ref|YP_819483.1|_392-572_2GP4:A:419-608	2	8	8	5	0	22	17	12	0	190
gi|116619113|ref|YP_819484.1|_8-103_1UWD:A:	2	3	1	3	0	14	7	6	0	102
gi|116619115|ref|YP_819486.1|_102-298_1DXY:A:101-299	2	7	2	9	0	23	13	13	0	199
gi|116619115|ref|YP_819486.1|_2-135_1DXY:A:1-100,A:300-330	2	6	1	4	0	17	8	8	1	131
gi|116619116|ref|YP_819487.1|_1-319_1JIL:A:	7	5	5	15	0	31	10	14	0	323
gi|116619116|ref|YP_819487.1|_317-411_1JH3:A:	0	5	0	3	0	10	11	8	0	99
gi|116619117|ref|YP_819488.1|_12-108_1XMA:A:	0	3	1	4	0	6	3	4	0	103
gi|116619120|ref|YP_819491.1|_16-295_2PBL:A:1-261	0	8	8	9	0	25	14	17	0	261
gi|116619121|ref|YP_819492.1|_8-459_1VA6:A:	8	14	7	19	0	59	36	25	0	515
gi|116619123|ref|YP_819494.1|_1-221_1F3O:A:	0	10	2	7	0	22	15	14	0	232
gi|116619124|ref|YP_819495.1|_58-193_1VF7:A:	2	20	0	3	0	31	18	9	0	237
gi|116619126|ref|YP_819497.1|_1-67_1UTX:A:	0	2	0	5	0	7	3	4	0	66
gi|116619127|ref|YP_819498.1|_6-261_1SV6:A:	5	13	3	7	0	28	12	18	0	261
gi|116619129|ref|YP_819500.1|_3-111_1IXC:A:1-89	2	0	0	4	0	6	2	3	0	89
gi|116619129|ref|YP_819500.1|_89-269_2FYI:A:88-307	1	10	2	8	0	21	11	17	0	220
gi|116619130|ref|YP_819501.1|_1-186_1Y0B:A:1-191	1	11	1	5	0	15	6	12	0	191
gi|116619131|ref|YP_819502.1|_10-236_2IUB:A:9-285	0	7	2	6	0	23	14	10	0	281
gi|116619131|ref|YP_819502.1|_241-300_2IUB:A:286-349	0	0	0	2	0	2	2	2	0	64
gi|116619132|ref|YP_819503.1|_15-141_2AE6:A:1-161	0	7	3	4	0	10	4	9	0	161
gi|116619133|ref|YP_819504.1|_22-186_1B12:A:	5	17	5	1	0	32	10	16	0	247
gi|116619135|ref|YP_819506.1|_1-114_1A6F:A:	3	4	2	3	0	13	6	5	0	113
gi|116619137|ref|YP_819508.1|_11-149_1HW5:A:1-137	2	8	1	3	0	15	9	5	0	137
gi|116619137|ref|YP_819508.1|_152-220_3E5U:A:148-227	0	4	0	4	0	8	3	4	0	80
gi|116619138|ref|YP_819509.1|_1-312_1NHP:A:120-242	2	8	0	3	0	12	10	6	0	123
gi|116619138|ref|YP_819509.1|_320-441_1NHP:A:322-447	3	5	0	4	0	15	3	10	0	126
gi|116619140|ref|YP_819511.1|_1-162_1VPD:A:3-163	0	9	0	8	0	18	9	8	0	161
gi|116619140|ref|YP_819511.1|_163-284_1VPD:A:164-296	2	0	1	6	0	6	4	9	0	133
gi|116619141|ref|YP_819512.1|_1-266_1RLM:A:	0	14	7	9	1	30	15	17	0	269
gi|116619142|ref|YP_819513.1|_1-238_2GVC:A:3-180,A:288-444	5	14	3	8	0	38	25	20	1	335
gi|116619144|ref|YP_819515.1|_7-200_1KOQ:A:	5	13	5	4	0	33	18	7	0	222
gi|116326525|ref|YP_794205.1|_3-78_2JN6:A:1-89	0	0	3	5	0	8	5	5	0	89
gi|116326504|ref|YP_794184.1|_1-135_1JL3:A:	1	4	1	5	0	13	7	5	0	137
gi|116326515|ref|YP_794195.1|_3-176_1SOU:A:	3	10	3	5	0	28	20	1	0	193
gi|116326516|ref|YP_794196.1|_1-133_1GDT:A:1-140	1	4	2	4	0	11	5	7	0	140
gi|116326528|ref|YP_794208.1|_1-311_1NHP:A:1-119,A:243-321	5	12	5	4	0	23	13	12	1	198
gi|116326528|ref|YP_794208.1|_320-440_1NHP:A:322-447	3	5	0	4	0	15	3	10	0	126
gi|116326528|ref|YP_794208.1|_430-536_1TQ1:A:	2	5	0	5	0	13	8	7	0	119
gi|116326527|ref|YP_794207.1|_4-108_1QUW:A:	0	4	0	4	0	11	5	6	0	105
gi|116326526|ref|YP_794206.1|_138-276_1B9D:A:	2	5	2	5	0	12	5	4	0	154
gi|116326524|ref|YP_794204.1|_183-247,391-476_1KV7:A:336-516	5	10	4	2	0	18	7	8	0	181
gi|116326524|ref|YP_794204.1|_33-173_1KV7:A:31-170	4	9	1	2	0	18	6	9	0	140
gi|116326510|ref|YP_794190.1|_138-206_1ASU:A:	0	5	1	5	0	18	12	6	0	162
gi|116326521|ref|YP_794201.1|_138-206_1ASU:A:	0	5	1	5	0	18	12	6	0	162
gi|116326518|ref|YP_794198.1|_6-425_1KPL:A:	5	0	5	18	0	23	12	15	0	430
gi|116326518|ref|YP_794198.1|_435-498_2FY8:A:245-336	2	4	0	4	0	13	5	6	0	92
gi|116326514|ref|YP_794194.1|_3-188_1UI0:A:	2	6	3	9	0	21	15	9	0	192
gi|116326513|ref|YP_794193.1|_1-265_1ION:A:	0	8	2	11	0	24	19	13	0	243
gi|116326508|ref|YP_794188.1|_1-65_1UTX:A:	0	2	0	5	0	7	3	4	0	66
gi|116326503|ref|YP_794183.1|_4-212_3D31:A:1-229	0	10	1	9	0	26	15	14	0	229
gi|116326501|ref|YP_794181.1|_5-193_1A0P:A:111-292	4	3	3	8	0	17	7	7	0	182
gi|116326499|ref|YP_794179.1|_11-149_1HW5:A:1-137	2	8	1	3	0	15	9	5	0	137
gi|116326499|ref|YP_794179.1|_155-226_1ZYB:A:148-220	0	3	1	3	0	8	5	4	0	73
gi|116326498|ref|YP_794178.1|_6-175_1QGH:A:	0	0	0	5	0	9	5	4	0	150
gi|116326497|ref|YP_794177.1|_1-71_1K0V:A:	0	4	0	2	0	9	2	5	0	72
gi|116326496|ref|YP_794176.1|_307-327,363-608_2B8E:A:416-434,A:548-663	2	6	0	6	1	16	9	5	1	135
gi|116326496|ref|YP_794176.1|_124-217_1SU4:A:125-239	2	9	3	0	0	21	10	7	0	115
gi|116326496|ref|YP_794176.1|_68-120,218-303,556-585_1SU4:A:1-124,A:240-343,A:751-994	1	1	8	18	0	32	20	22	2	472
gi|116326495|ref|YP_794175.1|_109-249_1C0M:A:49-216	1	5	2	6	0	18	15	5	0	168
