PDB_ID	B	E	G	H	I	L	S	T	X	sequence_length
gi|154149550|ref|YP_001403168.1|_21-300_1FNN:A:1-276	1.00	5.40	3.50	11.00	0.00	1.88	1.42	1.88	0.00	276.00
gi|154149550|ref|YP_001403168.1|_306-412_1FNN:A:277-388	0.00	3.33	0.00	13.00	0.00	2.78	1.75	1.67	0.00	112.00
gi|154149551|ref|YP_001403169.1|_64-144_1RI7:A:85-170	0.00	7.50	0.00	10.50	0.00	2.12	2.00	1.60	0.00	86.00
gi|154149551|ref|YP_001403169.1|_1-60_2CFX:A:1-63	0.00	8.00	3.00	11.00	0.00	2.00	1.00	1.25	0.00	63.00
gi|154149552|ref|YP_001403170.1|_4-383_1GDE:A:	1.00	4.17	3.14	12.15	0.00	2.02	1.17	2.20	0.00	388.00
gi|154149553|ref|YP_001403171.1|_1-332_1QF5:A:	1.12	3.95	3.38	10.23	0.00	1.61	1.73	2.12	0.00	431.00
gi|154149554|ref|YP_001403172.1|_3-58_2PK7:A:3-61	0.00	3.20	3.00	4.00	0.00	2.25	1.50	2.40	0.00	59.00
gi|154149557|ref|YP_001403175.1|_22-273_1ZNN:A:18-271	0.00	4.88	3.67	10.50	0.00	2.21	1.44	1.82	0.00	254.00
gi|154149558|ref|YP_001403176.1|_6-195_1Q7R:A:	0.00	5.50	3.33	9.33	0.00	3.29	1.57	2.11	0.00	218.00
gi|154149559|ref|YP_001403177.1|_172-225_1CLF:A:	1.00	3.00	0.00	0.00	0.00	2.00	1.50	3.17	0.00	55.00
gi|154149560|ref|YP_001403178.1|_4-226_1RC2:A:	0.00	0.00	0.00	15.80	0.00	2.07	1.67	2.25	0.00	231.00
gi|154149561|ref|YP_001403179.1|_11-226_2B6C:A:3-215	0.00	0.00	3.25	10.00	0.00	2.50	1.62	2.45	0.00	213.00
gi|154149562|ref|YP_001403180.1|_7-117_2HZT:A:4-98	1.00	6.00	4.00	10.20	0.00	1.11	1.50	1.83	0.00	95.00
gi|154149563|ref|YP_001403181.1|_8-160_1EJE:A:	1.00	5.29	4.50	6.00	0.00	1.90	1.67	2.08	0.00	192.00
gi|154149564|ref|YP_001403182.1|_87-144,172-265_2B67:A:1-201	1.00	6.40	3.00	10.11	0.00	2.17	1.67	1.50	0.00	201.00
gi|154149564|ref|YP_001403182.1|_3-69_7FD1:A:	1.00	3.00	3.20	6.00	0.00	1.89	1.25	2.22	0.00	106.00
gi|154149565|ref|YP_001403183.1|_2-256_2AF7:A:1-119	0.00	0.00	0.00	11.00	6.00	1.44	1.50	1.29	0.00	119.00
gi|154149566|ref|YP_001403184.1|_1-188_1RLI:A:	1.00	6.60	4.00	8.00	0.00	3.21	1.57	1.67	0.00	179.00
gi|154149567|ref|YP_001403185.1|_1-217_1RLI:A:	1.00	6.60	4.00	8.00	0.00	3.21	1.57	1.67	0.00	179.00
gi|154149568|ref|YP_001403186.1|_1-63,90-190_1NOX:A:	1.00	6.75	3.00	10.00	0.00	2.58	1.29	1.55	0.00	200.00
gi|154149569|ref|YP_001403187.1|_12-54_1T0Q:A:	1.00	3.00	3.60	11.16	7.00	1.97	1.72	1.89	0.00	491.00
gi|154149570|ref|YP_001403188.1|_8-140_1NYO:A:	1.00	3.43	0.00	6.25	0.00	1.83	1.81	2.00	0.00	163.00
gi|154149571|ref|YP_001403189.1|_70-437,480-553_1PEQ:A:175-699	1.00	4.00	3.00	10.38	0.00	2.27	1.35	1.77	0.00	525.00
gi|154149571|ref|YP_001403189.1|_26-69_1PEQ:A:13-174	1.00	3.00	3.00	9.20	0.00	2.07	1.40	1.60	0.00	162.00
gi|154149575|ref|YP_001403193.1|_6-136_2FUG:6:15-175	1.00	3.25	3.00	10.20	0.00	3.35	1.43	1.71	0.00	161.00
gi|154149576|ref|YP_001403194.1|_4-107_2FUG:5:1-196	0.00	4.57	0.00	7.75	0.00	2.74	1.84	2.40	0.00	196.00
gi|154149577|ref|YP_001403195.1|_15-359_2FUG:4:35-409	1.00	3.29	3.00	10.92	0.00	2.44	1.96	2.89	0.00	375.00
gi|154149578|ref|YP_001403196.1|_36-110_2FUG:9:26-179	1.00	4.00	3.00	6.67	0.00	1.89	1.50	2.22	0.00	154.00
gi|154149580|ref|YP_001403198.1|_40-118_2OAR:A:10-118	0.00	3.00	0.00	17.20	0.00	2.25	1.00	2.00	0.00	118.00
gi|154149583|ref|YP_001403201.1|_3-391_1VBG:A:3-382	1.00	5.00	3.00	11.73	0.00	2.06	1.61	1.90	0.00	380.00
gi|154149583|ref|YP_001403201.1|_471-799_1H6Z:A:538-903	1.00	4.38	3.40	11.40	0.00	1.54	1.52	2.59	0.00	366.00
gi|154149583|ref|YP_001403201.1|_353-471_1H6Z:A:406-537	0.00	3.73	3.00	6.50	0.00	2.20	1.58	2.88	0.00	132.00
gi|154149584|ref|YP_001403202.1|_214-434_1SU1:A:	1.00	4.82	3.00	9.67	0.00	2.30	1.80	2.00	0.00	184.00
gi|154149586|ref|YP_001403204.1|_52-140,208-268_1B12:A:	1.00	6.12	3.00	4.00	0.00	2.22	1.10	2.31	0.00	247.00
gi|154149587|ref|YP_001403205.1|_15-355_1OLT:A:	1.00	4.74	3.50	10.80	0.00	1.87	1.35	1.92	0.00	441.00
gi|154149588|ref|YP_001403206.1|_5-99_1QW2:A:	1.00	4.83	4.00	5.25	0.00	1.86	1.50	2.00	0.00	101.00
gi|154149589|ref|YP_001403207.1|_16-350_1R30:A:	1.00	4.78	3.00	11.27	0.00	2.06	1.60	2.08	0.00	312.00
gi|154149590|ref|YP_001403208.1|_1-150_2FG9:A:1-157	0.00	7.60	0.00	9.00	0.00	1.82	1.17	1.75	0.00	157.00
gi|154149592|ref|YP_001403210.1|_10-193_2QED:A:1-251	1.00	4.43	4.50	9.89	0.00	1.56	1.40	1.89	0.00	251.00
gi|154149594|ref|YP_001403212.1|_155-167,210-289,343-379_1KT1:A:254-421	0.00	0.00	3.00	18.86	0.00	1.33	1.00	2.00	0.00	168.00
gi|154149595|ref|YP_001403213.1|_1-107_1VC1:A:	1.00	6.00	3.00	13.33	0.00	2.00	1.17	2.00	0.00	110.00
gi|154149596|ref|YP_001403214.1|_46-153_1VC1:A:	1.00	6.00	3.00	13.33	0.00	2.00	1.17	2.00	0.00	110.00
gi|154149597|ref|YP_001403215.1|_14-149_1P0H:A:	1.00	7.36	3.00	11.12	0.00	2.76	2.08	2.15	0.00	308.00
gi|154149598|ref|YP_001403216.1|_1-169_2HIY:A:1-180	0.00	5.62	3.25	10.00	0.00	1.94	1.20	2.12	0.00	180.00
gi|154149599|ref|YP_001403217.1|_4-130_1XO8:A:	1.00	6.89	0.00	14.00	0.00	2.17	2.08	2.50	0.00	151.00
gi|154149601|ref|YP_001403219.1|_4-128_1O4V:A:	0.00	5.40	3.00	14.67	0.00	1.50	1.67	2.75	0.00	169.00
gi|154149602|ref|YP_001403220.1|_5-357_1VJO:A:	1.00	3.86	3.00	12.42	0.00	2.02	1.50	2.39	0.00	377.00
gi|154149603|ref|YP_001403221.1|_1-133_1RVV:1:	0.00	5.29	3.00	14.20	0.00	1.70	1.50	1.57	0.00	154.00
gi|154149604|ref|YP_001403222.1|_3-138_1RVV:1:	0.00	5.29	3.00	14.20	0.00	1.70	1.50	1.57	0.00	154.00
gi|154149605|ref|YP_001403223.1|_1-376_1J32:A:	1.00	4.00	3.20	11.57	0.00	2.02	1.36	2.12	0.00	388.00
gi|154149606|ref|YP_001403224.1|_4-191,240-412,439-469_1PV7:A:	0.00	0.00	4.00	15.09	0.00	1.72	1.67	1.86	0.00	417.00
gi|154149607|ref|YP_001403225.1|_64-264_1XXL:A:	1.00	8.25	3.00	10.22	0.00	1.61	1.20	1.67	0.00	238.00
gi|154149609|ref|YP_001403227.1|_14-230_1F3O:A:	0.00	6.00	3.00	11.14	0.00	1.59	1.47	2.21	0.00	232.00
gi|154149612|ref|YP_001403230.1|_26-424_1V8Z:A:1-386	1.12	5.07	3.00	11.53	0.00	1.60	1.45	1.78	0.00	386.00
gi|154149613|ref|YP_001403231.1|_82-136_1U0T:A:	0.00	5.15	3.67	9.60	0.00	2.87	2.07	1.79	0.00	302.00
gi|154149615|ref|YP_001403233.1|_30-621_1PG4:A:	1.00	4.97	3.20	9.29	0.00	1.85	1.40	1.93	0.00	643.00
gi|154149616|ref|YP_001403234.1|_1-289_1T5J:A:	1.00	2.00	3.50	11.31	0.00	2.12	1.43	2.00	0.00	312.00
gi|154149617|ref|YP_001403235.1|_1-158_1VKN:A:1-144,A:308-339	1.00	4.50	3.00	8.00	0.00	2.16	1.30	2.73	1.00	176.00
gi|154149617|ref|YP_001403235.1|_143-296_1VKN:A:145-307	1.00	6.71	3.67	11.00	0.00	1.53	1.50	1.90	0.00	163.00
gi|154149618|ref|YP_001403236.1|_1-151_1PVM:A:1-142	1.00	4.67	3.00	9.20	0.00	1.71	1.14	1.64	0.00	142.00
gi|154149619|ref|YP_001403237.1|_12-381_1VZ6:A:	1.00	7.29	3.00	11.36	0.00	2.31	2.13	1.79	0.00	383.00
gi|154149620|ref|YP_001403238.1|_3-289_2BTY:A:1-282	1.00	4.21	3.00	10.73	0.00	1.54	1.80	1.88	0.00	282.00
gi|154149621|ref|YP_001403239.1|_30-131_1FO5:A:	0.00	5.25	0.00	10.50	0.00	2.12	2.83	2.25	0.00	85.00
gi|154149623|ref|YP_001403241.1|_36-115_2GTV:X:1-93	0.00	0.00	0.00	19.50	0.00	2.00	1.80	1.00	0.00	101.00
gi|154149625|ref|YP_001403243.1|_1-197_1RLI:A:	1.00	6.60	4.00	8.00	0.00	3.21	1.57	1.67	0.00	179.00
gi|154149626|ref|YP_001403244.1|_1-190_1RLI:A:	1.00	6.60	4.00	8.00	0.00	3.21	1.57	1.67	0.00	179.00
gi|154149627|ref|YP_001403245.1|_26-134_2AF7:A:1-119	0.00	0.00	0.00	11.00	6.00	1.44	1.50	1.29	0.00	119.00
gi|154149628|ref|YP_001403246.1|_7-38_1DXG:A:	0.00	3.20	0.00	0.00	0.00	1.38	2.00	2.33	0.00	36.00
gi|154149629|ref|YP_001403247.1|_3-193_1RLI:A:	1.00	6.60	4.00	8.00	0.00	3.21	1.57	1.67	0.00	179.00
gi|154149631|ref|YP_001403249.1|_2-127_1NNQ:A:2-134	0.00	0.00	0.00	22.20	0.00	2.40	1.00	1.80	0.00	133.00
gi|154149631|ref|YP_001403249.1|_132-164_1NNQ:A:135-171	1.00	3.00	3.00	0.00	0.00	1.62	1.00	3.00	0.00	37.00
gi|154149632|ref|YP_001403250.1|_30-239_1A8D:A:1-247	1.00	6.24	3.00	7.67	0.00	1.90	1.67	2.21	0.00	247.00
gi|154149633|ref|YP_001403251.1|_79-380_1HYU:A:326-451	1.00	4.30	4.00	10.00	0.00	1.85	1.62	3.33	0.00	126.00
gi|154149633|ref|YP_001403251.1|_4-76_1FOV:A:	0.00	4.25	0.00	9.00	0.00	1.40	1.33	1.75	0.00	82.00
gi|154149634|ref|YP_001403252.1|_2-99_1KF6:B:1-105	1.00	5.00	3.00	11.00	0.00	1.80	2.67	2.00	0.00	105.00
gi|154149634|ref|YP_001403252.1|_118-218_2BS2:B:107-239	0.00	0.00	3.00	8.38	0.00	2.56	1.25	1.80	0.00	134.00
gi|154149635|ref|YP_001403253.1|_5-253,349-400_1KF6:A:0-225,A:358-442	1.00	4.21	3.25	15.14	0.00	1.67	1.45	2.11	1.00	311.00
gi|154149635|ref|YP_001403253.1|_226-345_1NEK:A:236-355	1.00	6.00	3.00	8.20	0.00	1.57	1.29	2.11	0.00	120.00
gi|154149635|ref|YP_001403253.1|_426-519_1CHU:A:423-533	1.00	2.00	0.00	21.67	0.00	2.18	2.00	2.00	0.00	111.00
gi|154149636|ref|YP_001403254.1|_4-300_2HMF:A:2-303	1.00	4.17	3.00	14.20	0.00	1.55	1.46	2.00	0.00	302.00
gi|154149636|ref|YP_001403254.1|_382-461_2HMF:A:404-470	0.00	6.00	3.00	11.50	0.00	1.60	2.00	2.75	0.00	67.00
gi|154149636|ref|YP_001403254.1|_306-378_2HMF:A:304-403	0.00	8.75	0.00	13.00	0.00	2.50	2.00	2.00	0.00	100.00
gi|154149637|ref|YP_001403255.1|_164-322_1CLI:A:171-345	1.00	5.67	3.00	8.14	0.00	1.95	1.88	2.10	0.00	175.00
gi|154149637|ref|YP_001403255.1|_5-163_1CLI:A:5-170	0.00	7.83	3.00	10.20	0.00	1.60	2.29	1.83	0.00	166.00
gi|154149641|ref|YP_001403259.1|_88-168_1Q7H:A:69-153	0.00	5.00	3.00	5.33	0.00	1.40	1.60	2.33	0.00	85.00
gi|154149642|ref|YP_001403260.1|_3-72_1I4K:1:	0.00	7.80	3.00	6.00	0.00	1.67	2.50	3.00	0.00	72.00
gi|154149644|ref|YP_001403262.1|_2-244_1GPH:1:1-234	1.00	5.85	3.00	8.17	0.00	1.70	1.86	1.87	0.00	234.00
gi|154149644|ref|YP_001403262.1|_237-447_1GPH:1:235-465	1.00	3.30	3.50	7.70	0.00	2.21	1.40	2.08	0.00	231.00
gi|154149645|ref|YP_001403263.1|_8-217_1WZN:A:1-251	1.00	7.91	3.25	9.43	0.00	2.15	1.44	2.00	0.00	251.00
gi|154149646|ref|YP_001403264.1|_15-146_1FB6:A:	0.00	5.60	0.00	9.25	0.00	1.36	2.50	2.71	0.00	104.00
gi|154149649|ref|YP_001403267.1|_20-516_1LCI:A:	1.00	4.33	3.00	10.73	0.00	2.09	1.29	1.95	0.00	541.00
gi|154149650|ref|YP_001403268.1|_17-197_1UBE:A:5-270	1.00	6.11	3.00	9.44	0.00	2.96	1.50	1.67	0.00	266.00
gi|154149653|ref|YP_001403271.1|_12-297_1U1J:A:396-760	1.33	3.30	3.67	10.82	0.00	2.07	1.64	2.04	0.00	365.00
gi|154149654|ref|YP_001403272.1|_113-425_1B8A:A:104-438	1.00	5.23	3.50	10.45	0.00	2.17	1.57	1.94	0.00	335.00
gi|154149654|ref|YP_001403272.1|_16-101_1B8A:A:1-103	1.00	10.40	3.00	6.00	0.00	1.50	1.00	2.14	0.00	103.00
gi|154149656|ref|YP_001403274.1|_15-358_1MDB:A:	1.00	4.70	3.00	9.78	0.00	1.75	1.50	1.86	0.00	536.00
gi|154149657|ref|YP_001403275.1|_228-355_1BMT:A:741-896	0.00	4.40	3.00	12.17	0.00	1.65	1.62	2.12	0.00	156.00
gi|154149658|ref|YP_001403276.1|_77-273_1QHX:A:	0.00	4.71	3.50	10.29	0.00	1.73	1.67	1.92	0.00	178.00
gi|154149660|ref|YP_001403278.1|_1-155_1HJR:A:	0.00	7.60	0.00	13.20	0.00	2.45	2.17	2.00	0.00	158.00
gi|154149661|ref|YP_001403279.1|_67-135_1CUK:A:65-142	0.00	0.00	3.00	10.00	0.00	1.67	1.40	2.00	0.00	78.00
gi|154149661|ref|YP_001403279.1|_1-63_1CUK:A:1-64	0.00	8.00	0.00	4.00	0.00	2.67	1.00	2.00	0.00	64.00
gi|154149661|ref|YP_001403279.1|_150-197_1IXS:A:	0.00	0.00	0.00	11.67	0.00	1.80	0.00	2.00	0.00	50.00
gi|154149662|ref|YP_001403280.1|_20-245_1IN4:A:17-254	1.00	4.80	3.00	11.89	0.00	2.71	1.33	1.53	0.00	238.00
gi|154149662|ref|YP_001403280.1|_256-328_1IN4:A:255-329	1.00	4.00	0.00	8.00	0.00	2.00	1.00	1.57	0.00	75.00
gi|154149664|ref|YP_001403282.1|_28-391_1TE4:A:	0.00	0.00	3.00	10.33	0.00	1.55	1.67	1.60	0.00	111.00
gi|154149666|ref|YP_001403284.1|_2-298_2FFE:A:1-309	1.00	4.17	3.00	8.67	0.00	2.00	1.44	2.95	0.00	308.00
gi|154149667|ref|YP_001403285.1|_3-388_2HEK:A:1-369	1.00	5.67	3.25	9.25	0.00	1.76	1.53	1.96	0.00	369.00
gi|154149670|ref|YP_001403288.1|_3-181_1SBZ:A:	1.00	5.00	3.00	10.43	0.00	2.26	1.56	1.64	0.00	186.00
gi|154149671|ref|YP_001403289.1|_1-271_2IDB:A:6-325	1.00	4.72	3.00	9.57	0.00	2.05	1.44	1.93	0.00	320.00
gi|154149671|ref|YP_001403289.1|_273-411_2IDB:A:326-491	1.00	5.83	3.00	11.00	0.00	2.21	1.40	2.20	0.00	166.00
gi|154149674|ref|YP_001403292.1|_18-165_1TE4:A:	0.00	0.00	3.00	10.33	0.00	1.55	1.67	1.60	0.00	111.00
gi|154149675|ref|YP_001403293.1|_887-1052_1AT0:A:	1.00	7.91	3.00	0.00	0.00	1.25	1.40	2.30	0.00	145.00
gi|154149676|ref|YP_001403294.1|_508-562,665-724,763-836_1ATZ:A:	1.00	6.67	7.00	9.57	0.00	2.00	1.77	1.75	0.00	184.00
gi|154149676|ref|YP_001403294.1|_367-470_1F00:I:658-752	0.00	4.42	0.00	0.00	0.00	1.62	1.62	2.00	0.00	95.00
gi|154149676|ref|YP_001403294.1|_29-121_1F00:I:658-752	0.00	4.42	0.00	0.00	0.00	1.62	1.62	2.00	0.00	95.00
gi|154149676|ref|YP_001403294.1|_272-348_1CWV:A:503-596	1.00	6.50	0.00	0.00	0.00	1.29	1.62	2.00	0.00	94.00
gi|154149683|ref|YP_001403301.1|_1-215_1Z7M:E:1-204	0.00	5.27	5.00	8.86	0.00	2.26	1.45	2.22	0.00	204.00
gi|154149683|ref|YP_001403301.1|_218-289_1NH8:A:211-284	0.00	7.00	3.00	8.50	0.00	2.00	2.00	1.67	0.00	74.00
gi|154149685|ref|YP_001403303.1|_24-169_1CJW:A:	1.00	6.71	3.50	8.80	0.00	1.88	1.50	1.89	0.00	166.00
gi|154149686|ref|YP_001403304.1|_17-143,257-412_1HW8:A:441-586,A:704-861	1.00	8.86	3.67	11.00	0.00	2.83	1.80	2.05	1.00	304.00
gi|154149686|ref|YP_001403304.1|_146-259_1DQA:A:587-703	1.00	5.50	0.00	11.75	0.00	1.60	1.83	1.80	0.00	117.00
gi|154149687|ref|YP_001403305.1|_67-300_2FRN:A:19-278	0.00	6.38	3.33	9.50	0.00	2.36	1.10	2.50	0.00	260.00
gi|154149689|ref|YP_001403307.1|_26-113_1JT8:A:	1.00	6.40	0.00	10.00	0.00	2.38	1.56	2.00	0.00	102.00
gi|154149691|ref|YP_001403309.1|_3-138_2FBI:A:5-140	0.00	5.67	0.00	13.29	0.00	1.71	1.00	2.00	0.00	136.00
gi|154149692|ref|YP_001403310.1|_597-770_1RRE:A:	1.00	5.10	9.00	9.50	0.00	1.41	1.45	2.00	0.00	182.00
gi|154149692|ref|YP_001403310.1|_313-562_1QZM:A:	0.00	3.00	0.00	10.40	0.00	2.11	2.00	2.17	0.00	94.00
gi|154149692|ref|YP_001403310.1|_14-200_2ANE:A:8-117	1.00	9.50	3.00	11.00	0.00	1.50	1.67	2.25	0.00	110.00
gi|154149693|ref|YP_001403311.1|_148-618_1C4K:A:108-569	1.00	3.79	3.44	10.06	0.00	1.60	1.39	2.32	0.00	462.00
gi|154149693|ref|YP_001403311.1|_621-759_1C4K:A:570-730	1.20	3.86	3.00	8.29	0.00	1.31	1.27	2.23	0.00	161.00
gi|154149697|ref|YP_001403315.1|_7-265_2RHW:A:4-286	0.00	6.75	4.00	9.83	0.00	1.75	1.59	1.73	0.00	283.00
gi|154149699|ref|YP_001403317.1|_645-820_1OFZ:A:	1.00	6.40	4.00	0.00	0.00	1.71	1.39	2.23	0.00	312.00
gi|154149700|ref|YP_001403318.1|_10-79_1WHZ:A:	0.00	5.33	0.00	8.67	0.00	1.88	2.50	2.00	0.00	70.00
gi|154149701|ref|YP_001403319.1|_3-53_2DSY:A:3-82	1.00	4.00	0.00	16.00	0.00	2.12	2.00	1.80	0.00	80.00
gi|154149702|ref|YP_001403320.1|_99-209_1Y88:A:3-127	1.00	0.00	3.00	9.50	0.00	1.60	2.00	2.00	0.00	57.00
gi|154149703|ref|YP_001403321.1|_5-114_2GNR:A:8-144	1.00	4.91	3.00	14.50	0.00	1.42	1.33	2.50	0.00	137.00
gi|154149704|ref|YP_001403322.1|_3-230_1ULQ:A:276-400	1.00	7.75	4.50	11.00	0.00	1.73	1.00	1.88	0.00	125.00
gi|154149704|ref|YP_001403322.1|_247-375_1WDK:C:264-391	1.00	7.50	4.00	9.60	0.00	2.00	1.00	1.71	0.00	128.00
gi|154149705|ref|YP_001403323.1|_169-346_1TVZ:A:168-388	0.00	4.60	3.25	14.00	0.00	1.73	1.22	2.23	0.00	221.00
gi|154149705|ref|YP_001403323.1|_2-167_1TVZ:A:2-167	0.00	7.14	3.00	8.17	0.00	1.45	1.44	1.90	0.00	166.00
gi|154149706|ref|YP_001403324.1|_23-73_1X57:A:8-85	1.00	0.00	0.00	9.75	0.00	2.38	1.60	2.00	0.00	78.00
gi|154149707|ref|YP_001403325.1|_92-219_3CTA:A:90-220	0.00	5.00	3.00	8.00	0.00	4.92	1.20	2.00	0.00	131.00
gi|154149707|ref|YP_001403325.1|_8-84_3CTA:A:5-89	0.00	5.00	0.00	12.50	0.00	1.20	1.33	2.00	0.00	85.00
gi|154149708|ref|YP_001403326.1|_2-216_1PVY:A:	1.00	6.57	3.00	8.70	0.00	1.57	2.00	2.00	0.00	219.00
gi|154149709|ref|YP_001403327.1|_690-818_1EW0:A:	1.00	7.80	3.50	7.80	0.00	1.55	1.25	2.00	0.00	130.00
gi|154149709|ref|YP_001403327.1|_1-138_1QKK:A:	0.00	4.80	3.00	14.60	0.00	2.33	1.43	1.80	0.00	154.00
gi|154149709|ref|YP_001403327.1|_565-691_1EW0:A:	1.00	7.80	3.50	7.80	0.00	1.55	1.25	2.00	0.00	130.00
gi|154149709|ref|YP_001403327.1|_124-259_1MZU:A:	1.00	7.20	3.00	6.67	5.00	1.67	1.50	2.00	0.00	110.00
gi|154149709|ref|YP_001403327.1|_926-1030_2C2A:A:321-481	0.00	6.71	3.00	15.00	0.00	2.92	1.50	1.90	0.00	161.00
gi|154149709|ref|YP_001403327.1|_438-566_1V9Y:A:	1.00	7.20	3.33	7.33	0.00	2.30	1.17	2.17	0.00	113.00
gi|154149709|ref|YP_001403327.1|_311-438_1EW0:A:	1.00	7.80	3.50	7.80	0.00	1.55	1.25	2.00	0.00	130.00
gi|154149710|ref|YP_001403328.1|_137-392_1PV9:A:125-345	1.00	3.92	4.00	18.00	0.00	1.56	1.75	2.10	0.00	221.00
gi|154149710|ref|YP_001403328.1|_21-119_1PV9:A:8-124	1.00	4.67	3.00	7.17	0.00	1.73	1.43	1.86	0.00	117.00
gi|154149711|ref|YP_001403329.1|_112-298_3DHW:A:6-208	0.00	0.00	10.00	15.89	0.00	1.64	1.86	2.11	0.00	203.00
gi|154149712|ref|YP_001403330.1|_4-235_1V43:A:7-245	1.00	6.20	3.50	9.50	0.00	2.25	1.38	2.00	0.00	239.00
gi|154149713|ref|YP_001403331.1|_1-218_1F3O:A:	0.00	6.00	3.00	11.14	0.00	1.59	1.47	2.21	0.00	232.00
gi|154149715|ref|YP_001403333.1|_66-293_1XT8:A:10-257	1.00	4.92	3.00	8.80	0.00	1.65	1.40	2.07	0.00	248.00
gi|154149716|ref|YP_001403334.1|_26-398_1W7L:A:	1.00	4.00	3.29	10.62	0.00	2.20	1.21	2.09	0.00	418.00
gi|154149717|ref|YP_001403335.1|_41-399_1T5H:X:	1.00	4.85	3.00	9.53	0.00	2.00	1.39	2.00	0.00	503.00
gi|154149718|ref|YP_001403336.1|_8-279_1B0P:A:786-1232	1.11	4.88	3.00	10.41	0.00	2.07	1.45	2.20	0.00	447.00
gi|154149719|ref|YP_001403337.1|_3-245_1B0P:A:2-258	1.00	4.45	0.00	12.40	0.00	1.91	1.23	2.67	0.00	257.00
gi|154149719|ref|YP_001403337.1|_248-356_1B0P:A:259-415	1.00	4.57	3.00	11.25	0.00	2.10	1.36	1.88	0.00	157.00
gi|154149720|ref|YP_001403338.1|_1-173_1B0P:A:416-668	1.00	6.50	3.75	9.89	0.00	1.97	1.33	2.09	0.00	253.00
gi|154149721|ref|YP_001403339.1|_13-83_1CLF:A:	1.00	3.00	0.00	0.00	0.00	2.00	1.50	3.17	0.00	55.00
gi|154149722|ref|YP_001403340.1|_2-232_1XP3:A:2-298	1.00	3.50	3.25	10.90	0.00	1.97	2.00	1.83	0.00	297.00
gi|154149724|ref|YP_001403342.1|_41-278_2GH1:A:13-293	0.00	5.70	3.00	9.08	0.00	2.00	1.45	2.17	0.00	281.00
gi|154149727|ref|YP_001403345.1|_265-401_1L1O:C:	1.00	6.67	0.00	9.80	0.00	2.12	1.86	2.71	0.00	178.00
gi|154149727|ref|YP_001403345.1|_77-170_1O7I:A:	1.00	7.57	3.00	0.00	0.00	2.13	1.50	2.00	0.00	115.00
gi|154149727|ref|YP_001403345.1|_175-263_1O7I:A:	1.00	7.57	3.00	0.00	0.00	2.13	1.50	2.00	0.00	115.00
gi|154149728|ref|YP_001403346.1|_3-60_2FI0:A:3-81	1.00	3.00	3.50	6.17	0.00	1.62	1.00	2.20	0.00	79.00
gi|154149730|ref|YP_001403348.1|_67-101_1H78:A:	1.00	4.06	3.50	14.12	0.00	2.71	1.50	2.52	0.00	562.00
gi|154149731|ref|YP_001403349.1|_2-210_1DVJ:A:	1.00	4.88	3.33	10.64	0.00	1.77	1.42	1.75	0.00	245.00
gi|154149732|ref|YP_001403350.1|_6-309_1DHS:A:	1.00	4.00	3.67	10.25	0.00	3.04	1.18	1.79	0.00	361.00
gi|154149741|ref|YP_001403359.1|_212-308,337-423_2OKC:A:9-433	1.00	6.22	3.33	11.00	0.00	2.49	1.62	1.88	0.00	425.00
gi|154149743|ref|YP_001403361.1|_127-185_1UTX:A:	0.00	3.00	0.00	7.40	0.00	1.86	1.00	1.75	0.00	66.00
gi|154149747|ref|YP_001403365.1|_18-147,403-521_1Q3Q:A:9-145,A:406-526	0.00	3.78	0.00	15.80	0.00	1.58	1.17	2.23	1.00	258.00
gi|154149747|ref|YP_001403365.1|_210-376_1Q3Q:A:217-369	1.00	4.22	3.00	15.00	0.00	1.78	1.47	1.75	0.00	153.00
gi|154149747|ref|YP_001403365.1|_151-216,369-403_1Q3Q:A:146-216,A:370-405	1.00	4.20	3.00	16.33	0.00	1.25	1.86	2.00	1.00	107.00
gi|154149748|ref|YP_001403366.1|_95-190_1BXU:A:	0.00	5.00	3.00	0.00	0.00	1.12	1.43	2.00	0.00	91.00
gi|154149750|ref|YP_001403368.1|_15-84_2FDN:A:	0.00	2.50	3.00	4.00	0.00	1.92	3.00	2.00	0.00	55.00
gi|154149751|ref|YP_001403369.1|_1-173_1B0P:A:416-668	1.00	6.50	3.75	9.89	0.00	1.97	1.33	2.09	0.00	253.00
gi|154149752|ref|YP_001403370.1|_3-245_1B0P:A:2-258	1.00	4.45	0.00	12.40	0.00	1.91	1.23	2.67	0.00	257.00
gi|154149752|ref|YP_001403370.1|_246-357_1B0P:A:259-415	1.00	4.57	3.00	11.25	0.00	2.10	1.36	1.88	0.00	157.00
gi|154149753|ref|YP_001403371.1|_11-278_1B0P:A:786-1232	1.11	4.88	3.00	10.41	0.00	2.07	1.45	2.20	0.00	447.00
gi|154149754|ref|YP_001403372.1|_87-160_2FY8:A:245-336	1.00	5.75	0.00	7.50	0.00	1.31	1.60	2.00	0.00	92.00
gi|154149756|ref|YP_001403374.1|_5-139_1COZ:A:	1.00	5.60	3.00	7.80	0.00	1.92	1.33	2.10	0.00	126.00
gi|154149757|ref|YP_001403375.1|_5-121_1OI0:A:	0.00	4.22	0.00	11.50	0.00	2.86	1.25	2.00	0.00	121.00
gi|154149759|ref|YP_001403377.1|_38-270_1XV2:A:	1.00	7.50	3.00	6.33	0.00	2.00	1.33	1.91	0.00	232.00
gi|154149760|ref|YP_001403378.1|_2-90_1JNS:A:	0.00	6.50	3.00	10.33	0.00	1.75	1.50	2.40	0.00	92.00
gi|154149762|ref|YP_001403380.1|_130-349_1AJ2:A:	1.00	4.10	5.00	12.89	5.00	2.00	1.06	1.79	0.00	282.00
gi|154149763|ref|YP_001403381.1|_1-191_2ANU:A:5-233	1.00	6.20	4.00	9.57	0.00	2.00	1.29	2.82	0.00	229.00
gi|154149764|ref|YP_001403382.1|_16-238_1DJ0:A:	0.00	7.30	3.00	10.40	0.00	2.33	1.44	2.12	0.00	264.00
gi|154149765|ref|YP_001403383.1|_6-135_1JL3:A:	1.00	5.50	3.00	11.20	0.00	2.54	1.71	2.00	0.00	137.00
gi|154149767|ref|YP_001403385.1|_6-196_1G3Q:A:	0.00	5.50	3.33	8.55	0.00	1.60	1.50	1.79	0.00	237.00
gi|154149767|ref|YP_001403385.1|_243-438_1R9G:A:	0.00	4.58	4.50	9.60	0.00	1.82	1.50	1.82	0.00	196.00
gi|154149769|ref|YP_001403387.1|_2-262_1QOP:A:	0.00	4.11	3.00	10.75	0.00	1.72	2.00	2.00	0.00	267.00
gi|154149770|ref|YP_001403388.1|_4-381_1V8Z:A:1-386	1.12	5.07	3.00	11.53	0.00	1.60	1.45	1.78	0.00	386.00
gi|154149771|ref|YP_001403389.1|_1-189_1NSJ:A:	1.00	4.50	3.75	9.43	0.00	1.70	1.59	1.70	0.00	205.00
gi|154149772|ref|YP_001403390.1|_2-248_1VC4:A:	1.00	5.00	3.00	8.33	0.00	2.26	1.29	2.00	0.00	254.00
gi|154149773|ref|YP_001403391.1|_75-337_1V8G:A:66-329	1.00	5.57	3.60	10.18	0.00	2.27	2.00	1.69	0.00	264.00
gi|154149773|ref|YP_001403391.1|_1-69_1V8G:A:1-65	0.00	0.00	0.00	11.25	0.00	2.17	1.00	1.67	0.00	65.00
gi|154149774|ref|YP_001403392.1|_4-189_1QDL:B:	1.00	7.56	0.00	8.17	0.00	1.59	1.64	2.25	0.00	195.00
gi|154149775|ref|YP_001403393.1|_32-509_1QDL:A:	1.00	6.59	3.75	12.44	0.00	1.83	1.30	2.00	0.00	422.00
gi|154149780|ref|YP_001403398.1|_4-319_1TV8:A:	1.00	4.91	3.00	10.50	0.00	1.97	1.65	2.10	0.00	327.00
gi|154149784|ref|YP_001403402.1|_106-215_1ZTP:A:17-250	1.00	4.78	3.00	10.43	0.00	2.03	1.37	2.08	0.00	234.00
gi|154149785|ref|YP_001403403.1|_1-47_2AYJ:A:1-56	0.00	2.67	0.00	0.00	0.00	2.17	1.67	3.00	0.00	56.00
gi|154149786|ref|YP_001403404.1|_3-181_1V7R:A:	1.00	8.00	3.00	10.17	0.00	1.80	1.60	2.33	0.00	186.00
gi|154149787|ref|YP_001403405.1|_7-285_1OKJ:A:1-106	0.00	6.80	3.00	13.33	0.00	1.57	2.00	2.50	0.00	106.00
gi|154149787|ref|YP_001403405.1|_354-485_1A06:A:	1.00	5.00	3.50	9.60	0.00	3.21	1.40	2.29	0.00	307.00
gi|154149788|ref|YP_001403406.1|_17-61_2K4X:A:1-55	0.00	2.33	0.00	0.00	0.00	5.00	2.00	4.50	0.00	55.00
gi|154149789|ref|YP_001403407.1|_1-97_1XN9:A:	0.00	8.75	3.00	9.50	0.00	2.78	2.25	2.50	0.00	101.00
gi|154149791|ref|YP_001403409.1|_6-68_1RYQ:A:	1.00	4.20	3.00	6.00	0.00	2.20	1.75	2.33	0.00	68.00
gi|154149792|ref|YP_001403410.1|_81-180_1GO3:E:79-184	0.00	5.00	3.00	11.00	0.00	2.23	1.75	2.20	0.00	106.00
gi|154149792|ref|YP_001403410.1|_1-76_1GO3:E:1-78	1.00	9.50	3.00	13.00	0.00	1.50	1.00	2.25	0.00	78.00
gi|154149793|ref|YP_001403411.1|_4-108_1O4W:A:	0.00	4.00	0.00	10.67	0.00	2.90	1.33	1.60	0.00	125.00
gi|154149794|ref|YP_001403412.1|_2-192_1S0U:A:34-229	1.00	6.14	0.00	10.00	0.00	2.84	1.46	2.70	0.00	195.00
gi|154149794|ref|YP_001403412.1|_196-309_1S0U:A:230-347	0.00	5.20	3.00	0.00	0.00	1.76	1.50	2.14	0.00	118.00
gi|154149794|ref|YP_001403412.1|_310-402_1KK1:A:322-410	0.00	9.50	0.00	0.00	0.00	3.50	1.00	2.00	0.00	89.00
gi|154149797|ref|YP_001403415.1|_2-375_2IW1:A:2-371	0.00	3.93	3.00	10.25	0.00	1.73	1.23	1.88	0.00	370.00
gi|154149798|ref|YP_001403416.1|_35-191_1XHD:A:	1.00	3.30	0.00	24.00	0.00	1.16	1.00	2.00	0.00	172.00
gi|154149799|ref|YP_001403417.1|_241-580_1MOQ:A:	1.00	5.00	3.57	12.15	0.00	2.18	1.59	1.79	0.00	366.00
gi|154149799|ref|YP_001403417.1|_2-221_1XFF:A:	1.00	5.27	3.00	10.40	0.00	1.66	1.56	2.18	0.00	238.00
gi|154149800|ref|YP_001403418.1|_1-295_1H5R:A:	0.00	5.15	3.00	8.73	0.00	1.52	1.35	1.95	0.00	290.00
gi|154149800|ref|YP_001403418.1|_229-383_1XHD:A:	1.00	3.30	0.00	24.00	0.00	1.16	1.00	2.00	0.00	172.00
gi|154149801|ref|YP_001403419.1|_1-231,265-305_1LVW:A:	1.00	4.29	3.00	8.82	0.00	1.72	1.32	2.29	0.00	294.00
gi|154149801|ref|YP_001403419.1|_237-393_1HM9:A:252-459	1.00	2.75	3.33	0.00	0.00	1.13	1.38	2.00	0.00	208.00
gi|154149802|ref|YP_001403420.1|_2-163_1K2Y:X:5-154	1.00	5.14	3.00	12.75	0.00	1.93	1.60	1.80	0.00	150.00
gi|154149802|ref|YP_001403420.1|_151-240_1K2Y:X:155-258	0.00	4.40	4.00	9.33	0.00	1.50	1.22	1.75	0.00	104.00
gi|154149802|ref|YP_001403420.1|_329-412_1K2Y:X:368-463	0.00	4.83	0.00	14.50	0.00	2.50	2.75	2.33	0.00	96.00
gi|154149802|ref|YP_001403420.1|_241-328_1K2Y:X:259-367	1.00	4.00	0.00	10.80	0.00	1.00	1.33	1.62	0.00	109.00
gi|154149803|ref|YP_001403421.1|_41-195_2H1Q:A:1-251	1.00	5.30	3.80	6.73	0.00	2.21	1.41	2.18	0.00	251.00
gi|154149804|ref|YP_001403422.1|_1-198_1R61:A:	1.00	5.33	3.25	7.33	0.00	1.78	1.36	2.00	0.00	205.00
gi|154149805|ref|YP_001403423.1|_9-213_1JG1:A:	1.25	6.00	4.00	10.67	0.00	1.44	1.38	1.80	0.00	215.00
gi|154149806|ref|YP_001403424.1|_35-364_1VH4:A:	0.00	8.30	3.00	10.12	0.00	1.92	1.65	1.95	0.00	413.00
gi|154149807|ref|YP_001403425.1|_12-241_2HYD:A:324-578	1.00	5.50	3.00	8.00	0.00	1.72	1.38	2.44	0.00	255.00
gi|154149808|ref|YP_001403426.1|_24-213,374-459_1LFW:A:1-186,A:383-468	1.00	3.86	3.50	13.29	0.00	2.00	1.61	2.07	1.00	272.00
gi|154149809|ref|YP_001403427.1|_15-215_1ORQ:C:	0.00	0.00	0.00	18.67	0.00	1.58	1.44	2.09	0.00	223.00
gi|154149810|ref|YP_001403428.1|_7-265_1N0U:A:3-343	1.00	5.56	3.40	10.00	0.00	2.53	1.38	2.07	0.00	341.00
gi|154149810|ref|YP_001403428.1|_465-622_1N0U:A:561-725	1.00	5.43	3.00	11.60	0.00	1.80	1.62	2.12	0.00	165.00
gi|154149810|ref|YP_001403428.1|_259-383_2BV3:A:283-403	1.00	5.00	0.00	0.00	0.00	1.80	1.33	2.33	0.00	121.00
gi|154149810|ref|YP_001403428.1|_624-715_2BV3:A:600-688	0.00	10.50	3.00	7.33	0.00	1.60	0.00	2.75	0.00	89.00
gi|154149810|ref|YP_001403428.1|_388-463_1FNM:A:404-482	0.00	4.20	0.00	14.00	0.00	2.25	2.00	3.00	0.00	79.00
gi|154149811|ref|YP_001403429.1|_22-204_1IQV:A:	1.00	7.00	3.00	15.33	0.00	4.50	1.50	2.29	0.00	201.00
gi|154149812|ref|YP_001403430.1|_18-142_2QAL:L:1-123	1.25	3.20	0.00	6.00	0.00	2.95	1.45	2.25	0.00	123.00
gi|154149813|ref|YP_001403431.1|_3-136_1B66:A:	0.00	8.80	3.50	8.40	0.00	1.85	1.50	1.88	0.00	138.00
gi|154149814|ref|YP_001403432.1|_13-103_1TV8:A:	1.00	4.91	3.00	10.50	0.00	1.97	1.65	2.10	0.00	327.00
gi|154149815|ref|YP_001403433.1|_3-160_1V8Y:A:	1.20	7.00	0.00	11.67	0.00	2.20	1.20	2.50	0.00	158.00
gi|154149816|ref|YP_001403434.1|_46-285_1L7A:A:	0.00	7.22	3.00	10.27	0.00	2.06	1.62	2.36	0.00	318.00
gi|154149817|ref|YP_001403435.1|_7-141_1DT9:A:5-142	0.00	7.00	3.00	13.50	0.00	1.81	2.20	1.86	0.00	138.00
gi|154149817|ref|YP_001403435.1|_144-276_1DT9:A:143-276	0.00	4.80	0.00	7.25	0.00	2.00	1.77	4.00	0.00	134.00
gi|154149817|ref|YP_001403435.1|_280-422_1DT9:A:277-422	1.00	4.00	0.00	10.50	0.00	4.75	1.70	2.75	0.00	146.00
gi|154149818|ref|YP_001403436.1|_104-440_1IQ0:A:97-466	1.00	5.33	3.00	12.15	0.00	1.97	1.47	2.30	0.00	370.00
gi|154149818|ref|YP_001403436.1|_443-558_1IQ0:A:467-592	0.00	2.00	3.00	16.20	0.00	2.38	1.60	1.83	0.00	126.00
gi|154149818|ref|YP_001403436.1|_24-95_1IQ0:A:1-96	0.00	4.75	0.00	9.25	0.00	2.33	1.14	1.83	0.00	96.00
gi|154149819|ref|YP_001403437.1|_55-260_1TV8:A:	1.00	4.91	3.00	10.50	0.00	1.97	1.65	2.10	0.00	327.00
gi|154149820|ref|YP_001403438.1|_36-87,193-365_1PYS:A:	1.00	6.80	4.67	10.00	0.00	2.21	1.50	2.42	0.00	266.00
gi|154149821|ref|YP_001403439.1|_1-134_1ZH2:A:2-120	0.00	4.00	0.00	11.40	0.00	1.60	1.25	2.00	0.00	119.00
gi|154149821|ref|YP_001403439.1|_347-465_2C2A:A:321-481	0.00	6.71	3.00	15.00	0.00	2.92	1.50	1.90	0.00	161.00
gi|154149821|ref|YP_001403439.1|_125-249_1G28:A:	1.00	7.20	4.00	8.00	0.00	1.36	1.60	2.00	0.00	104.00
gi|154149822|ref|YP_001403440.1|_18-195_1UJ2:A:	1.00	6.00	3.67	10.75	0.00	1.59	1.18	2.10	0.00	213.00
gi|154149824|ref|YP_001403442.1|_3-64_1UTX:A:	0.00	3.00	0.00	7.40	0.00	1.86	1.00	1.75	0.00	66.00
gi|154149825|ref|YP_001403443.1|_99-407_1HV8:A:3-210	0.00	4.57	3.00	10.11	0.00	1.60	1.59	1.67	0.00	208.00
gi|154149826|ref|YP_001403444.1|_186-356_1D5A:A:1-347	0.00	5.82	4.00	11.00	0.00	2.26	1.64	2.26	0.00	347.00
gi|154149827|ref|YP_001403445.1|_14-179_1O1Y:A:	1.00	4.91	3.00	12.50	0.00	2.04	1.46	1.69	0.00	238.00
gi|154149828|ref|YP_001403446.1|_5-254_1YV9:A:4-256	1.00	3.60	3.00	10.88	0.00	1.74	1.50	2.00	0.00	253.00
gi|154149830|ref|YP_001403448.1|_30-280_1G60:A:	1.00	5.88	3.00	11.43	0.00	2.79	1.69	1.89	0.00	256.00
gi|154149831|ref|YP_001403449.1|_87-313_1JOF:A:	1.00	7.21	4.00	0.00	0.00	1.49	1.86	2.27	0.00	365.00
gi|154149831|ref|YP_001403449.1|_294-409_1V04:A:	1.00	6.24	3.00	7.67	0.00	1.90	1.77	2.17	0.00	340.00
gi|154149831|ref|YP_001403449.1|_467-548_1UAD:C:	0.00	3.91	3.00	0.00	0.00	2.00	2.00	2.25	0.00	92.00
gi|154149838|ref|YP_001403456.1|_246-314_1QGP:A:	0.00	3.33	0.00	10.75	0.00	1.62	2.33	1.00	0.00	76.00
gi|154149839|ref|YP_001403457.1|_1-139_1QKK:A:	0.00	4.80	3.00	14.60	0.00	2.33	1.43	1.80	0.00	154.00
gi|154149839|ref|YP_001403457.1|_382-519_2C2A:A:321-481	0.00	6.71	3.00	15.00	0.00	2.92	1.50	1.90	0.00	161.00
gi|154149839|ref|YP_001403457.1|_119-297_2K2N:A:31-200	1.00	5.20	3.00	13.50	0.00	2.45	1.43	2.00	0.00	170.00
gi|154149840|ref|YP_001403458.1|_4-120_1FLM:A:	0.00	8.71	3.00	6.67	0.00	1.56	2.00	2.50	0.00	122.00
gi|154149842|ref|YP_001403460.1|_178-305_1N9L:A:	0.00	8.00	4.00	8.00	0.00	1.64	1.00	1.86	0.00	109.00
gi|154149842|ref|YP_001403460.1|_304-430_1P97:A:	0.00	9.20	0.00	5.75	0.00	1.33	1.33	2.29	0.00	113.00
gi|154149842|ref|YP_001403460.1|_514-647_2C2A:A:321-481	0.00	6.71	3.00	15.00	0.00	2.92	1.50	1.90	0.00	161.00
gi|154149843|ref|YP_001403461.1|_26-161_2I6G:A:1-198	1.00	7.43	3.00	8.67	0.00	3.41	1.00	2.00	0.00	198.00
gi|154149844|ref|YP_001403462.1|_1-107_1HWU:A:	1.00	7.20	3.00	11.00	0.00	3.30	1.50	2.00	0.00	112.00
gi|154149845|ref|YP_001403463.1|_3-378_1C0N:A:	1.00	4.47	3.17	11.23	0.00	1.66	1.39	2.23	0.00	404.00
gi|154149851|ref|YP_001403469.1|_3-146_1O0W:A:1-167	1.00	0.00	3.00	12.20	0.00	1.75	1.20	1.86	0.00	167.00
gi|154149852|ref|YP_001403470.1|_1-130_1V37:A:	1.00	4.50	3.00	9.33	0.00	2.19	1.20	2.11	0.00	171.00
gi|154149853|ref|YP_001403471.1|_163-341_1IM5:A:	1.00	6.33	3.25	11.00	0.00	1.50	1.25	2.14	0.00	179.00
gi|154149853|ref|YP_001403471.1|_1-155_2GE3:A:6-169	0.00	8.00	3.00	12.75	0.00	1.69	2.40	2.12	0.00	164.00
gi|154149854|ref|YP_001403472.1|_1-51_2DSX:A:1-52	1.00	2.67	3.00	0.00	0.00	1.45	1.00	2.33	0.00	52.00
gi|154149856|ref|YP_001403474.1|_4-147_1B00:A:	0.00	5.20	0.00	9.40	0.00	1.58	1.33	2.25	0.00	122.00
gi|154149856|ref|YP_001403474.1|_516-650_2C2A:A:321-481	0.00	6.71	3.00	15.00	0.00	2.92	1.50	1.90	0.00	161.00
gi|154149856|ref|YP_001403474.1|_122-300_1VHM:A:	0.00	7.00	3.00	14.75	0.00	2.00	1.36	1.80	0.00	159.00
gi|154149856|ref|YP_001403474.1|_308-432_1EW0:A:	1.00	7.80	3.50	7.80	0.00	1.55	1.25	2.00	0.00	130.00
gi|154149860|ref|YP_001403478.1|_57-142_1L0Q:A:302-391	1.00	5.38	0.00	0.00	0.00	1.79	1.75	2.00	0.00	90.00
gi|154149862|ref|YP_001403480.1|_19-147,403-522_1Q3Q:A:9-145,A:406-526	0.00	3.78	0.00	15.80	0.00	1.58	1.17	2.23	1.00	258.00
gi|154149862|ref|YP_001403480.1|_210-376_1Q3Q:A:217-369	1.00	4.22	3.00	15.00	0.00	1.78	1.47	1.75	0.00	153.00
gi|154149862|ref|YP_001403480.1|_150-214,366-402_1Q3Q:A:146-216,A:370-405	1.00	4.20	3.00	16.33	0.00	1.25	1.86	2.00	1.00	107.00
gi|154149863|ref|YP_001403481.1|_2-191_1DDZ:A:326-564	0.00	6.40	0.00	9.27	0.00	2.55	1.42	1.95	0.00	239.00
gi|154149867|ref|YP_001403485.1|_19-147,404-522_1A6D:B:20-144,B:404-521	0.00	3.75	0.00	14.90	0.00	1.62	1.50	2.13	1.00	243.00
gi|154149867|ref|YP_001403485.1|_213-377_1Q3Q:A:217-369	1.00	4.22	3.00	15.00	0.00	1.78	1.47	1.75	0.00	153.00
gi|154149867|ref|YP_001403485.1|_151-219,370-404_1Q3Q:A:146-216,A:370-405	1.00	4.20	3.00	16.33	0.00	1.25	1.86	2.00	1.00	107.00
gi|154149868|ref|YP_001403486.1|_11-155_1W3B:A:	0.00	0.00	0.00	12.65	0.00	1.11	1.33	1.92	0.00	388.00
gi|154149870|ref|YP_001403488.1|_95-182_1MP9:A:97-197	0.00	5.00	0.00	12.00	0.00	1.60	1.86	2.60	0.00	101.00
gi|154149870|ref|YP_001403488.1|_5-93_1MP9:A:5-96	1.00	6.75	0.00	12.00	0.00	2.22	1.40	2.60	0.00	92.00
gi|154149871|ref|YP_001403489.1|_1-59_1RQ6:A:	0.00	0.00	0.00	12.00	0.00	4.25	1.50	2.00	0.00	62.00
gi|154149874|ref|YP_001403492.1|_35-220_1CHD:A:	1.00	5.22	3.00	9.50	0.00	1.60	1.60	2.20	0.00	198.00
gi|154149874|ref|YP_001403492.1|_302-496_1AF7:A:92-284	0.00	5.10	3.33	9.33	0.00	1.65	1.17	2.42	0.00	193.00
gi|154149874|ref|YP_001403492.1|_239-305_1AF7:A:11-91	0.00	0.00	3.00	12.25	0.00	4.17	0.00	1.33	0.00	81.00
gi|154149874|ref|YP_001403492.1|_861-990_1EW0:A:	1.00	7.80	3.50	7.80	0.00	1.55	1.25	2.00	0.00	130.00
gi|154149874|ref|YP_001403492.1|_742-862_1EW0:A:	1.00	7.80	3.50	7.80	0.00	1.55	1.25	2.00	0.00	130.00
gi|154149874|ref|YP_001403492.1|_667-763_2D3E:C:161-282	0.00	0.00	0.00	42.00	0.00	2.50	0.00	1.00	0.00	133.00
gi|154149875|ref|YP_001403493.1|_65-190_1LL8:A:	0.00	4.67	4.00	5.00	0.00	1.60	2.75	2.78	0.00	113.00
gi|154149875|ref|YP_001403493.1|_280-365_2C2A:A:321-481	0.00	6.71	3.00	15.00	0.00	2.92	1.50	1.90	0.00	161.00
gi|154149876|ref|YP_001403494.1|_4-74_1JDQ:A:	0.00	5.50	0.00	11.00	0.00	2.14	2.11	1.33	0.00	97.00
gi|154149877|ref|YP_001403495.1|_251-379_1V9Y:A:	1.00	7.20	3.33	7.33	0.00	2.30	1.17	2.17	0.00	113.00
gi|154149877|ref|YP_001403495.1|_3-142_1YS7:A:7-127	0.00	4.80	0.00	12.25	0.00	1.83	1.62	3.25	0.00	121.00
gi|154149877|ref|YP_001403495.1|_466-595_2C2A:A:321-481	0.00	6.71	3.00	15.00	0.00	2.92	1.50	1.90	0.00	161.00
gi|154149877|ref|YP_001403495.1|_150-263_1OTD:A:	1.00	6.60	3.00	7.00	5.00	1.36	2.00	2.00	0.00	105.00
gi|154149878|ref|YP_001403496.1|_1-126_1KRW:A:	0.00	4.20	0.00	11.20	0.00	2.10	2.38	1.75	0.00	124.00
gi|154149879|ref|YP_001403497.1|_314-439_1EW0:A:	1.00	7.80	3.50	7.80	0.00	1.55	1.25	2.00	0.00	130.00
gi|154149879|ref|YP_001403497.1|_191-315_1V9Y:A:	1.00	7.20	3.33	7.33	0.00	2.30	1.17	2.17	0.00	113.00
gi|154149879|ref|YP_001403497.1|_93-201_1G28:A:	1.00	7.20	4.00	8.00	0.00	1.36	1.60	2.00	0.00	104.00
gi|154149884|ref|YP_001403502.1|_1-137_1QKK:A:	0.00	4.80	3.00	14.60	0.00	2.33	1.43	1.80	0.00	154.00
gi|154149884|ref|YP_001403502.1|_304-427_1V9Y:A:	1.00	7.20	3.33	7.33	0.00	2.30	1.17	2.17	0.00	113.00
gi|154149884|ref|YP_001403502.1|_515-644_2C2A:A:321-481	0.00	6.71	3.00	15.00	0.00	2.92	1.50	1.90	0.00	161.00
gi|154149884|ref|YP_001403502.1|_156-305_1VHM:A:	0.00	7.00	3.00	14.75	0.00	2.00	1.36	1.80	0.00	159.00
gi|154149885|ref|YP_001403503.1|_1-174_1B00:A:	0.00	5.20	0.00	9.40	0.00	1.58	1.33	2.25	0.00	122.00
gi|154149885|ref|YP_001403503.1|_655-761_2C2A:A:321-481	0.00	6.71	3.00	15.00	0.00	2.92	1.50	1.90	0.00	161.00
gi|154149885|ref|YP_001403503.1|_286-413_1V9Y:A:	1.00	7.20	3.33	7.33	0.00	2.30	1.17	2.17	0.00	113.00
gi|154149885|ref|YP_001403503.1|_412-542_1EW0:A:	1.00	7.80	3.50	7.80	0.00	1.55	1.25	2.00	0.00	130.00
gi|154149885|ref|YP_001403503.1|_148-252_1LL8:A:	0.00	4.67	4.00	5.00	0.00	1.60	2.75	2.78	0.00	113.00
gi|154149885|ref|YP_001403503.1|_547-619_2C2A:A:232-320	0.00	0.00	3.00	24.00	0.00	2.33	0.00	1.75	0.00	89.00
gi|154149886|ref|YP_001403504.1|_3-125_2FHQ:A:3-137	0.00	8.12	5.00	8.00	0.00	1.50	1.00	1.90	0.00	135.00
gi|154149888|ref|YP_001403506.1|_5-91_1TE4:A:	0.00	0.00	3.00	10.33	0.00	1.55	1.67	1.60	0.00	111.00
gi|154149889|ref|YP_001403507.1|_15-24,57-158,366-419_2A22:A:4-196	1.00	6.09	3.00	8.67	0.00	2.08	1.45	2.00	0.00	193.00
gi|154149890|ref|YP_001403508.1|_1-108_2FZ5:A:1-137	1.00	6.40	3.00	10.60	0.00	1.54	2.14	1.71	0.00	137.00
gi|154149890|ref|YP_001403508.1|_193-250_1HFE:L:2-86	1.00	3.00	3.00	5.00	0.00	2.60	1.00	2.14	0.00	85.00
gi|154149892|ref|YP_001403510.1|_10-102_1XMA:A:	0.00	5.67	3.00	14.50	0.00	2.50	1.00	1.75	0.00	103.00
gi|154149893|ref|YP_001403511.1|_2-90_1WOT:A:	0.00	3.00	0.00	11.50	0.00	1.92	1.33	1.75	0.00	98.00
gi|154149894|ref|YP_001403512.1|_2-136_2FE1:A:1-130	1.00	3.75	3.00	10.71	0.00	1.33	1.60	1.71	0.00	130.00
gi|154149895|ref|YP_001403513.1|_4-268_1HD7:A:	1.00	5.08	3.60	8.71	0.00	2.62	1.44	1.90	0.00	275.00
gi|154149896|ref|YP_001403514.1|_230-357_1TF7:A:14-255	0.00	5.45	3.00	10.43	0.00	1.87	1.57	2.00	0.00	242.00
gi|154149899|ref|YP_001403517.1|_9-327_1VPL:A:	1.00	6.20	4.00	9.89	0.00	1.72	1.33	2.27	0.00	238.00
gi|154149900|ref|YP_001403518.1|_224-394,441-572_1C4O:A:410-583	0.00	4.83	3.00	14.20	0.00	2.13	1.20	2.00	0.00	174.00
gi|154149901|ref|YP_001403519.1|_7-381_1P3W:A:	1.00	4.33	3.00	12.75	0.00	2.10	1.18	2.37	0.00	391.00
gi|154149903|ref|YP_001403521.1|_1-292_1F2T:A:,B:	1.00	6.13	4.00	12.57	0.00	1.67	1.43	1.87	1.00	292.00
gi|154149903|ref|YP_001403521.1|_1-60,449-630_1F2T:A:,B:	1.00	6.13	4.00	12.57	0.00	1.67	1.43	1.87	1.00	292.00
gi|154149904|ref|YP_001403522.1|_22-223_2NSY:A:	1.00	4.25	4.00	11.58	0.00	2.00	1.73	2.06	0.00	271.00
gi|154149907|ref|YP_001403525.1|_170-361_2SQC:A:8-36,A:308-630	1.00	3.33	3.75	13.75	0.00	2.08	1.59	1.88	1.00	352.00
gi|154149907|ref|YP_001403525.1|_375-559_1D8D:B:	1.23	3.33	4.20	11.69	0.00	1.88	1.48	2.10	0.00	407.00
gi|154149909|ref|YP_001403527.1|_1-121_2H1C:A:1-138	0.00	2.80	3.33	10.14	0.00	1.53	1.50	1.75	0.00	138.00
gi|154149910|ref|YP_001403528.1|_11-107_1WOT:A:	0.00	3.00	0.00	11.50	0.00	1.92	1.33	1.75	0.00	98.00
gi|154149911|ref|YP_001403529.1|_12-129_1UFB:A:	0.00	0.00	3.50	16.20	0.00	1.60	2.00	1.86	0.00	127.00
gi|154149914|ref|YP_001403532.1|_11-102_1WOT:A:	0.00	3.00	0.00	11.50	0.00	1.92	1.33	1.75	0.00	98.00
gi|154149916|ref|YP_001403534.1|_12-81_1Y7Y:A:5-73	1.00	0.00	4.00	11.00	0.00	1.57	1.00	1.75	0.00	69.00
gi|154149919|ref|YP_001403537.1|_19-106_1WOT:A:	0.00	3.00	0.00	11.50	0.00	1.92	1.33	1.75	0.00	98.00
gi|154149920|ref|YP_001403538.1|_157-245_1SMT:A:	1.00	5.00	0.00	12.20	0.00	1.78	1.25	1.67	0.00	98.00
gi|154149920|ref|YP_001403538.1|_97-167_1Y0U:A:	0.00	4.00	3.00	14.00	0.00	2.67	1.00	2.00	0.00	95.00
gi|154149923|ref|YP_001403541.1|_46-382_1KV9:A:1-560	1.00	5.18	3.57	5.20	0.00	2.18	1.51	2.54	0.00	560.00
gi|154149931|ref|YP_001403549.1|_5-101_2HZT:A:4-98	1.00	6.00	4.00	10.20	0.00	1.11	1.50	1.83	0.00	95.00
gi|154149932|ref|YP_001403550.1|_2-209_2GMN:A:29-292	0.00	5.00	3.00	10.29	0.00	2.19	1.67	1.95	0.00	264.00
gi|154149933|ref|YP_001403551.1|_12-210,260-456_1PV7:A:	0.00	0.00	4.00	15.09	0.00	1.72	1.67	1.86	0.00	417.00
gi|154149934|ref|YP_001403552.1|_13-149_2ETH:A:1-140	1.00	5.00	0.00	13.57	0.00	1.60	1.20	2.20	0.00	140.00
gi|154149935|ref|YP_001403553.1|_88-145,173-277_1ZCH:A:1-249	1.00	7.25	3.33	10.91	0.00	2.85	1.36	1.78	0.00	249.00
gi|154149935|ref|YP_001403553.1|_4-67_1CLF:A:	1.00	3.00	0.00	0.00	0.00	2.00	1.50	3.17	0.00	55.00
gi|154149936|ref|YP_001403554.1|_30-225_1YB2:A:6-255	0.00	5.57	3.25	8.40	0.00	3.04	1.23	2.08	0.00	250.00
gi|154149941|ref|YP_001403559.1|_12-155_1LNW:A:	1.00	5.00	0.00	15.17	0.00	2.00	2.50	1.86	0.00	141.00
gi|154149945|ref|YP_001403563.1|_2-62_2DSY:A:3-82	1.00	4.00	0.00	16.00	0.00	2.12	2.00	1.80	0.00	80.00
gi|154149946|ref|YP_001403564.1|_62-345_1DAB:A:	1.00	5.94	3.00	0.00	0.00	1.62	1.54	2.00	0.00	539.00
gi|154149947|ref|YP_001403565.1|_1-137_1B00:A:	0.00	5.20	0.00	9.40	0.00	1.58	1.33	2.25	0.00	122.00
gi|154149947|ref|YP_001403565.1|_637-758_2C2A:A:321-481	0.00	6.71	3.00	15.00	0.00	2.92	1.50	1.90	0.00	161.00
gi|154149947|ref|YP_001403565.1|_123-263_1EW0:A:	1.00	7.80	3.50	7.80	0.00	1.55	1.25	2.00	0.00	130.00
gi|154149947|ref|YP_001403565.1|_413-537_1P97:A:	0.00	9.20	0.00	5.75	0.00	1.33	1.33	2.29	0.00	113.00
gi|154149947|ref|YP_001403565.1|_262-273,302-415_1EW0:A:	1.00	7.80	3.50	7.80	0.00	1.55	1.25	2.00	0.00	130.00
gi|154149948|ref|YP_001403566.1|_1-81_2A6S:A:1-83	0.00	4.40	3.00	13.50	0.00	1.33	2.20	2.00	0.00	83.00
gi|154149949|ref|YP_001403567.1|_1-47_2FY9:A:1-54	0.00	4.25	0.00	6.00	0.00	2.00	2.75	2.00	0.00	54.00
gi|154149950|ref|YP_001403568.1|_5-239_1NFF:A:	1.00	5.43	3.00	14.00	0.00	1.78	1.23	1.93	0.00	244.00
gi|154149953|ref|YP_001403571.1|_5-178_1SQS:A:	0.00	7.20	4.50	11.11	0.00	2.32	1.56	2.64	0.00	232.00
gi|154149954|ref|YP_001403572.1|_22-150_3DEU:A:2-141	0.00	3.00	3.00	15.17	0.00	2.22	1.20	2.50	0.00	139.00
gi|154149959|ref|YP_001403577.1|_207-295_1OED:A:	0.00	0.00	3.00	28.00	0.00	22.00	1.00	1.00	0.00	227.00
gi|154149959|ref|YP_001403577.1|_40-81_1I9B:A:	1.00	8.25	3.00	11.00	0.00	2.60	1.55	2.55	0.00	216.00
gi|154149961|ref|YP_001403579.1|_48-259_1T47:A:16-178	0.00	7.67	3.00	11.00	0.00	1.65	1.38	1.71	0.00	163.00
gi|154149964|ref|YP_001403582.1|_3-305_1Z7W:A:3-322	1.33	5.20	3.20	11.70	0.00	1.74	1.44	1.81	0.00	320.00
gi|154149965|ref|YP_001403583.1|_11-64_7FD1:A:	1.00	3.00	3.20	6.00	0.00	1.89	1.25	2.22	0.00	106.00
gi|154149967|ref|YP_001403585.1|_50-125_1U2W:A:12-119	0.00	3.00	0.00	11.83	0.00	2.50	1.20	1.75	0.00	108.00
gi|154149971|ref|YP_001403589.1|_2-225_1VPL:A:	1.00	6.20	4.00	9.89	0.00	1.72	1.33	2.27	0.00	238.00
gi|154149972|ref|YP_001403590.1|_66-222_1OGP:A:2-262	0.00	4.67	3.00	5.17	0.00	2.08	1.50	2.50	0.00	261.00
gi|154149974|ref|YP_001403592.1|_222-283_1CLF:A:	1.00	3.00	0.00	0.00	0.00	2.00	1.50	3.17	0.00	55.00
gi|154149976|ref|YP_001403594.1|_5-117_1Y23:A:	0.00	5.50	3.00	9.75	0.00	1.69	1.64	1.86	0.00	139.00
gi|154149978|ref|YP_001403596.1|_7-265_1O6Y:A:	1.00	5.18	3.00	12.00	0.00	2.67	1.64	2.17	0.00	276.00
gi|154149979|ref|YP_001403597.1|_4-110_1QY7:A:	0.00	7.83	3.00	11.00	0.00	2.00	2.00	2.25	0.00	112.00
gi|154149980|ref|YP_001403598.1|_1-54,88-145_1QY7:A:	0.00	7.83	3.00	11.00	0.00	2.00	2.00	2.25	0.00	112.00
gi|154149981|ref|YP_001403599.1|_1-112_1VFJ:A:	1.00	7.00	3.00	7.50	0.00	1.85	1.20	2.00	0.00	116.00
gi|154149982|ref|YP_001403600.1|_22-267_1TXO:A:	1.00	6.18	3.67	11.33	0.00	1.50	1.83	2.18	0.00	235.00
gi|154149987|ref|YP_001403605.1|_311-335,399-426,457-581_2B8E:A:416-434,A:548-663	1.00	4.33	0.00	7.83	5.00	1.94	1.67	1.80	1.00	135.00
gi|154149987|ref|YP_001403605.1|_334-472_1U7Q:A:	0.00	7.33	0.00	10.00	0.00	2.22	1.33	2.00	0.00	136.00
gi|154149987|ref|YP_001403605.1|_129-218_1SU4:A:125-239	1.00	3.78	3.00	0.00	0.00	1.62	1.70	2.71	0.00	115.00
gi|154149987|ref|YP_001403605.1|_39-107,220-317_1SU4:A:1-124,A:240-343,A:751-994	1.00	2.00	3.25	16.11	0.00	2.41	1.70	1.91	1.00	472.00
gi|154149989|ref|YP_001403607.1|_14-218_2QFI:A:5-208	1.00	0.00	3.57	5.86	0.00	2.43	2.25	2.71	0.00	204.00
gi|154149989|ref|YP_001403607.1|_221-300_3BYP:A:6-87	1.00	9.67	0.00	16.50	0.00	1.60	1.00	2.25	0.00	82.00
gi|154149995|ref|YP_001403613.1|_11-75_1XER:A:	1.00	3.71	3.00	4.67	0.00	2.06	1.40	2.25	0.00	103.00
gi|154149997|ref|YP_001403615.1|_1-127_2MHR:A:	0.00	0.00	3.50	19.00	0.00	2.22	1.50	1.80	0.00	118.00
gi|154149998|ref|YP_001403616.1|_16-293_1J1L:A:	1.00	5.23	3.00	12.00	0.00	1.59	1.47	1.90	0.00	288.00
gi|154150000|ref|YP_001403618.1|_2-158_1X3S:A:2-178	0.00	8.00	3.00	8.50	0.00	1.72	1.36	1.86	0.00	177.00
gi|154150001|ref|YP_001403619.1|_101-190_2PQ7:A:1-217	0.00	0.00	3.50	12.40	0.00	7.11	1.40	2.14	0.00	217.00
gi|154150002|ref|YP_001403620.1|_1-127_1KGS:A:2-123	0.00	4.80	0.00	11.00	0.00	2.09	1.67	1.67	0.00	122.00
gi|154150002|ref|YP_001403620.1|_945-1074_1V9Y:A:	1.00	7.20	3.33	7.33	0.00	2.30	1.17	2.17	0.00	113.00
gi|154150002|ref|YP_001403620.1|_822-946_1LL8:A:	0.00	4.67	4.00	5.00	0.00	1.60	2.75	2.78	0.00	113.00
gi|154150002|ref|YP_001403620.1|_697-823_1V9Y:A:	1.00	7.20	3.33	7.33	0.00	2.30	1.17	2.17	0.00	113.00
gi|154150002|ref|YP_001403620.1|_1188-1291_2C2A:A:321-481	0.00	6.71	3.00	15.00	0.00	2.92	1.50	1.90	0.00	161.00
gi|154150002|ref|YP_001403620.1|_423-545_1EW0:A:	1.00	7.80	3.50	7.80	0.00	1.55	1.25	2.00	0.00	130.00
gi|154150002|ref|YP_001403620.1|_574-698_1EW0:A:	1.00	7.80	3.50	7.80	0.00	1.55	1.25	2.00	0.00	130.00
gi|154150002|ref|YP_001403620.1|_124-262_1EW0:A:	1.00	7.80	3.50	7.80	0.00	1.55	1.25	2.00	0.00	130.00
gi|154150002|ref|YP_001403620.1|_261-392_1DP6:A:	1.00	8.00	4.00	9.50	0.00	1.30	1.17	1.83	0.00	116.00
gi|154150003|ref|YP_001403621.1|_8-156_1XWN:A:1-166	1.00	6.12	0.00	11.00	0.00	2.10	1.69	2.75	0.00	166.00
gi|154150004|ref|YP_001403622.1|_48-200_1XYH:A:1-160	1.00	5.25	3.00	10.50	0.00	1.70	1.62	2.33	0.00	160.00
gi|154150007|ref|YP_001403625.1|_3-390_1X0M:A:26-428	1.00	4.36	3.20	12.50	0.00	1.91	1.48	2.12	0.00	403.00
gi|154150010|ref|YP_001403628.1|_78-205_1V9Y:A:	1.00	7.20	3.33	7.33	0.00	2.30	1.17	2.17	0.00	113.00
gi|154150010|ref|YP_001403628.1|_319-423_2C2A:A:321-481	0.00	6.71	3.00	15.00	0.00	2.92	1.50	1.90	0.00	161.00
gi|154150012|ref|YP_001403630.1|_13-250_1BOO:A:	0.00	5.17	3.00	10.12	5.00	2.86	1.48	1.77	0.00	320.00
gi|154150013|ref|YP_001403631.1|_10-151_1XQB:A:	1.00	5.73	3.00	7.00	0.00	3.63	1.09	3.00	0.00	231.00
gi|154150015|ref|YP_001403633.1|_435-657_1VK3:A:167-345	1.00	6.14	3.00	10.00	0.00	3.06	1.30	1.86	0.00	179.00
gi|154150015|ref|YP_001403633.1|_628-815_1VK3:A:346-507	1.00	5.88	3.00	11.50	0.00	2.24	1.40	2.12	0.00	162.00
gi|154150015|ref|YP_001403633.1|_219-252,283-426_1VK3:A:2-166	1.00	8.40	3.00	9.71	0.00	1.54	1.75	1.70	0.00	165.00
gi|154150015|ref|YP_001403633.1|_822-975_1VK3:A:167-345	1.00	6.14	3.00	10.00	0.00	3.06	1.30	1.86	0.00	179.00
gi|154150016|ref|YP_001403634.1|_15-276_1T3T:A:1034-1295	1.00	5.27	3.14	8.12	0.00	1.43	1.61	2.00	0.00	262.00
gi|154150020|ref|YP_001403638.1|_4-232_1E3D:A:	1.00	3.44	3.14	6.15	0.00	1.55	1.60	1.78	0.00	262.00
gi|154150021|ref|YP_001403639.1|_5-154_1CFZ:A:	1.00	5.14	3.33	9.00	0.00	1.76	1.40	2.00	0.00	162.00
gi|154150022|ref|YP_001403640.1|_3-420_1FRF:L:	1.00	4.87	3.50	13.06	0.00	2.06	1.78	1.87	0.00	543.00
gi|154150024|ref|YP_001403642.1|_2-182_1NP3:A:1-182	0.00	4.22	3.00	7.67	0.00	1.54	1.44	1.73	0.00	182.00
gi|154150024|ref|YP_001403642.1|_183-327_1NP3:A:183-327	0.00	0.00	0.00	13.22	0.00	1.20	1.00	2.29	0.00	145.00
gi|154150025|ref|YP_001403643.1|_1-142_1NNI:1:	1.00	4.00	3.00	10.71	0.00	2.00	1.00	1.90	0.00	173.00
gi|154150026|ref|YP_001403644.1|_4-103_1NEE:A:1-98	1.00	3.33	0.00	7.50	0.00	3.00	2.11	2.00	0.00	98.00
gi|154150026|ref|YP_001403644.1|_143-201_1YEZ:A:1-68	0.00	5.83	0.00	0.00	0.00	2.11	1.25	2.25	0.00	68.00
gi|154150026|ref|YP_001403644.1|_100-134_1K81:A:	0.00	6.33	0.00	0.00	0.00	2.00	2.00	2.50	0.00	36.00
gi|154150027|ref|YP_001403645.1|_2-89_1XPP:A:	0.00	6.75	0.00	22.00	0.00	1.50	1.80	2.33	0.00	99.00
gi|154150028|ref|YP_001403646.1|_1-227_1ZKP:A:1-244	1.00	5.00	3.00	7.43	0.00	1.83	1.62	2.00	0.00	244.00
gi|154150029|ref|YP_001403647.1|_172-407_1OZ4:A:471-763	1.00	0.00	3.00	5.57	0.00	4.48	2.17	2.68	0.00	292.00
gi|154150030|ref|YP_001403648.1|_4-202,269-293_1XGS:A:1-194,A:272-295	1.00	4.15	0.00	15.75	0.00	1.69	1.75	1.94	1.00	218.00
gi|154150030|ref|YP_001403648.1|_203-267_1XGS:A:195-271	0.00	7.67	3.00	13.50	0.00	2.25	1.17	2.00	0.00	77.00
gi|154150031|ref|YP_001403649.1|_137-375_1PV9:A:125-345	1.00	3.92	4.00	18.00	0.00	1.56	1.75	2.10	0.00	221.00
gi|154150033|ref|YP_001403651.1|_12-76_2P8T:A:14-82	1.00	3.00	0.00	10.50	0.00	2.00	1.00	1.50	0.00	69.00
gi|154150034|ref|YP_001403652.1|_208-254,288-302_1WS6:A:15-185	0.00	5.22	3.00	11.00	0.00	1.80	1.17	1.77	0.00	171.00
gi|154150035|ref|YP_001403653.1|_147-309_1HYE:A:146-313	0.00	4.88	3.50	15.00	0.00	2.46	2.67	1.88	0.00	168.00
gi|154150035|ref|YP_001403653.1|_3-145_1HYE:A:1-145	0.00	4.67	3.50	15.00	0.00	2.00	1.33	2.00	0.00	145.00
gi|154150036|ref|YP_001403654.1|_1-83_1GH8:A:	0.00	6.60	4.00	8.50	0.00	1.89	2.00	2.00	0.00	89.00
gi|154150037|ref|YP_001403655.1|_16-204_2BTY:A:1-282	1.00	4.21	3.00	10.73	0.00	1.54	1.80	1.88	0.00	282.00
gi|154150038|ref|YP_001403656.1|_169-326_1BYR:A:	1.00	5.25	0.00	11.40	0.00	1.85	1.44	2.00	0.00	152.00
gi|154150038|ref|YP_001403656.1|_358-533_1BYR:A:	1.00	5.25	0.00	11.40	0.00	1.85	1.44	2.00	0.00	152.00
gi|154150039|ref|YP_001403657.1|_3-38_2A6C:A:1-69	0.00	0.00	3.00	10.50	0.00	3.00	1.00	2.00	0.00	69.00
gi|154150040|ref|YP_001403658.1|_4-66_1Z05:A:10-80	1.00	4.50	0.00	11.25	0.00	1.29	1.00	1.33	0.00	71.00
gi|154150042|ref|YP_001403660.1|_103-273_1O4U:A:104-273	0.00	4.43	3.50	10.00	0.00	2.53	1.50	1.90	0.00	170.00
gi|154150042|ref|YP_001403660.1|_5-102_1QPO:A:2-116	0.00	5.20	0.00	14.25	0.00	1.64	1.33	2.00	0.00	115.00
gi|154150043|ref|YP_001403661.1|_119-220_1J5P:A:109-211	0.00	7.40	3.33	8.00	0.00	1.46	2.25	1.33	0.00	103.00
gi|154150043|ref|YP_001403661.1|_1-147_1J5P:A:1-108,A:220-241	0.00	3.83	5.00	11.75	0.00	1.88	1.55	1.50	1.00	130.00
gi|154150044|ref|YP_001403662.1|_134-353_1OLT:A:	1.00	4.74	3.50	10.80	0.00	1.87	1.35	1.92	0.00	441.00
gi|154150046|ref|YP_001403664.1|_1-209_1POX:A:9-182	0.00	4.62	3.33	10.50	0.00	1.85	1.22	2.42	0.00	174.00
gi|154150046|ref|YP_001403664.1|_344-557_1B0P:A:786-1232	1.11	4.88	3.00	10.41	0.00	2.07	1.45	2.20	0.00	447.00
gi|154150047|ref|YP_001403665.1|_5-192_1B0P:A:416-668	1.00	6.50	3.75	9.89	0.00	1.97	1.33	2.09	0.00	253.00
gi|154150048|ref|YP_001403666.1|_10-235_1G60:A:	1.00	5.88	3.00	11.43	0.00	2.79	1.69	1.89	0.00	256.00
gi|154150049|ref|YP_001403667.1|_43-338_1A0P:A:111-292	1.00	4.00	3.00	11.62	0.00	2.12	1.86	2.14	0.00	182.00
gi|154150056|ref|YP_001403674.1|_18-195_2APO:A:17-246	1.00	6.45	5.00	9.50	0.00	2.37	1.70	1.73	0.00	230.00
gi|154150056|ref|YP_001403674.1|_223-303_2EY4:A:253-336	0.00	5.33	3.00	6.50	0.00	1.45	1.50	2.20	0.00	84.00
gi|154150057|ref|YP_001403675.1|_1-224_1WD7:A:	1.00	3.83	7.00	10.09	0.00	2.17	1.47	1.83	0.00	260.00
gi|154150059|ref|YP_001403677.1|_81-278_1NT2:B:	1.00	2.00	4.00	11.77	0.00	2.83	1.71	1.64	0.00	256.00
gi|154150060|ref|YP_001403678.1|_16-197_1NT2:A:	0.00	5.33	3.00	9.67	0.00	1.71	1.36	2.14	0.00	209.00
gi|154150064|ref|YP_001403682.1|_14-209_1BKP:A:	1.14	6.60	3.00	10.86	0.00	2.37	1.36	2.14	0.00	278.00
gi|154150066|ref|YP_001403684.1|_157-407_1UOU:A:101-373	1.00	5.00	6.00	11.58	0.00	2.19	1.50	2.00	0.00	273.00
gi|154150066|ref|YP_001403684.1|_413-484_1BRW:A:331-433	0.00	4.86	0.00	9.50	0.00	1.85	1.75	2.00	0.00	103.00
gi|154150066|ref|YP_001403684.1|_89-155_1BRW:A:1-70	0.00	0.00	0.00	12.00	0.00	2.80	1.50	1.67	0.00	70.00
gi|154150067|ref|YP_001403685.1|_269-331_1NKG:A:251-337	1.00	5.62	3.00	0.00	0.00	1.64	1.50	2.00	0.00	87.00
gi|154150067|ref|YP_001403685.1|_348-437_1QMU:A:305-383	1.00	5.00	0.00	0.00	0.00	1.50	1.67	2.40	0.00	79.00
gi|154150067|ref|YP_001403685.1|_115-180_1QMU:A:305-383	1.00	5.00	0.00	0.00	0.00	1.50	1.67	2.40	0.00	79.00
gi|154150067|ref|YP_001403685.1|_30-111_1QMU:A:305-383	1.00	5.00	0.00	0.00	0.00	1.50	1.67	2.40	0.00	79.00
gi|154150068|ref|YP_001403686.1|_1-142_1DUN:A:	1.00	4.45	0.00	5.00	0.00	2.05	2.00	2.00	0.00	120.00
gi|154150070|ref|YP_001403688.1|_1-172_1RQ2:A:8-205	1.00	6.33	3.00	12.25	0.00	2.07	1.33	1.88	0.00	198.00
gi|154150071|ref|YP_001403689.1|_1-327_1F07:A:	1.00	5.11	3.00	11.21	0.00	1.81	1.80	1.80	0.00	321.00
gi|154150072|ref|YP_001403690.1|_15-147_1GUQ:A:2-177	1.00	5.57	3.00	11.00	0.00	2.07	1.33	2.18	0.00	176.00
gi|154150073|ref|YP_001403691.1|_1-277_1QV9:A:	1.00	5.67	4.50	16.38	0.00	1.96	1.27	1.93	0.00	282.00
gi|154150074|ref|YP_001403692.1|_20-135_1NR3:A:	0.00	4.67	3.00	9.20	0.00	2.13	2.40	1.50	0.00	122.00
gi|154150079|ref|YP_001403697.1|_63-123_1FJG:S:	1.00	4.33	3.00	12.00	0.00	2.58	1.67	2.00	0.00	84.00
gi|154150081|ref|YP_001403699.1|_86-184_1FJG:C:107-207	1.00	5.25	3.00	14.00	0.00	2.15	1.17	1.67	0.00	101.00
gi|154150081|ref|YP_001403699.1|_6-95_1FJG:C:2-106	1.33	3.33	3.00	9.67	0.00	2.07	2.17	3.00	0.00	105.00
gi|154150083|ref|YP_001403701.1|_2-87_1V76:A:	0.00	5.83	3.50	4.00	0.00	1.60	1.50	1.83	0.00	92.00
gi|154150084|ref|YP_001403702.1|_30-107_2GY9:Q:5-82	0.00	8.80	0.00	0.00	0.00	1.64	2.40	2.00	0.00	78.00
gi|154150087|ref|YP_001403705.1|_47-94_2GY9:D:2-205	1.00	3.50	3.00	9.88	0.00	2.00	2.42	2.00	0.00	204.00
gi|154150089|ref|YP_001403707.1|_5-49_1FJG:N:	0.00	2.33	3.00	10.00	0.00	2.43	1.75	3.20	0.00	60.00
gi|154150090|ref|YP_001403708.1|_4-130_1I6U:A:	0.00	4.38	0.00	9.75	0.00	1.71	1.75	2.00	0.00	129.00
gi|154150095|ref|YP_001403713.1|_127-200_1PKP:A:78-148	1.00	4.75	0.00	12.00	0.00	1.56	1.20	1.75	0.00	71.00
gi|154150095|ref|YP_001403713.1|_43-114_1PKP:A:4-77	1.00	6.75	3.00	12.00	0.00	1.56	2.00	2.00	0.00	74.00
gi|154150098|ref|YP_001403716.1|_7-462_1RH5:A:	1.00	5.00	3.00	17.79	0.00	2.71	1.70	2.15	0.00	422.00
gi|154150099|ref|YP_001403717.1|_3-189_1KI9:A:	0.00	4.71	0.00	11.88	0.00	1.82	1.40	2.57	0.00	191.00
gi|154150101|ref|YP_001403719.1|_1-144_1P4S:A:	0.00	4.00	0.00	11.50	0.00	1.69	1.73	2.56	0.00	181.00
gi|154150102|ref|YP_001403720.1|_8-129_2ATR:A:1-137	0.00	7.00	3.50	8.50	0.00	3.45	1.57	1.71	0.00	137.00
gi|154150103|ref|YP_001403721.1|_136-295_2HQY:A:135-298	0.00	6.14	3.00	11.33	0.00	1.62	1.00	1.91	0.00	164.00
gi|154150103|ref|YP_001403721.1|_6-135_2HQY:A:1-134	0.00	4.62	3.00	8.17	0.00	1.85	1.25	1.67	0.00	134.00
gi|154150105|ref|YP_001403723.1|_130-181_2DSX:A:1-52	1.00	2.67	3.00	0.00	0.00	1.45	1.00	2.33	0.00	52.00
gi|154150105|ref|YP_001403723.1|_70-115_1RB9:A:	1.00	2.67	3.00	0.00	0.00	1.45	1.00	2.33	0.00	52.00
gi|154150107|ref|YP_001403725.1|_17-192_1DCE:A:1-241,A:351-443	1.00	0.00	3.00	15.13	0.00	1.70	1.60	2.08	1.00	334.00
gi|154150118|ref|YP_001403736.1|_37-377_2HEK:A:1-369	1.00	5.67	3.25	9.25	0.00	1.76	1.53	1.96	0.00	369.00
gi|154150121|ref|YP_001403739.1|_4-125_2C21:A:3-141	0.00	6.62	3.00	11.67	0.00	1.77	1.71	1.86	0.00	139.00
gi|154150122|ref|YP_001403740.1|_11-111_1IUJ:A:	1.00	8.25	3.50	8.33	0.00	1.22	1.62	2.20	0.00	102.00
gi|154150123|ref|YP_001403741.1|_4-315_1R30:A:	1.00	4.78	3.00	11.27	0.00	2.06	1.60	2.08	0.00	312.00
gi|154150125|ref|YP_001403743.1|_7-279_1E6Y:A:1002-1283	1.00	3.83	2.86	11.00	0.00	2.10	1.37	2.00	0.00	282.00
gi|154150125|ref|YP_001403743.1|_280-560_1E6Y:A:1284-1569	1.00	0.00	2.75	10.93	5.00	1.88	1.55	1.89	0.00	286.00
gi|154150126|ref|YP_001403744.1|_6-253_1E6V:C:	1.00	5.43	3.00	9.71	0.00	2.16	1.56	2.47	0.00	248.00
gi|154150129|ref|YP_001403747.1|_189-437_1E6Y:B:2186-2433	1.00	5.50	3.33	12.17	0.00	1.44	2.08	1.93	0.00	248.00
gi|154150129|ref|YP_001403747.1|_3-188_1E6Y:B:2002-2185	0.00	4.83	3.20	10.83	0.00	1.81	2.00	1.92	0.00	184.00
gi|154150131|ref|YP_001403749.1|_167-278,334-599_1B37:A:5-293,A:406-463	1.11	3.87	3.00	10.08	0.00	1.61	1.79	2.05	1.00	347.00
gi|154150131|ref|YP_001403749.1|_588-681_1CLF:A:	1.00	3.00	0.00	0.00	0.00	2.00	1.50	3.17	0.00	55.00
gi|154150131|ref|YP_001403749.1|_255-340_1KF6:B:106-243	0.00	0.00	3.33	8.50	0.00	2.73	1.00	1.67	0.00	138.00
gi|154150133|ref|YP_001403751.1|_40-117_1KF6:B:106-243	0.00	0.00	3.33	8.50	0.00	2.73	1.00	1.67	0.00	138.00
gi|154150134|ref|YP_001403752.1|_165-345_1KQF:B:2-245	1.00	4.55	3.00	7.67	0.00	2.23	1.53	2.26	0.00	244.00
gi|154150134|ref|YP_001403752.1|_30-143,170-188_2FUG:9:26-179	1.00	4.00	3.00	6.67	0.00	1.89	1.50	2.22	0.00	154.00
gi|154150135|ref|YP_001403753.1|_13-78_1JB0:C:	0.00	4.25	3.00	5.00	0.00	2.33	1.80	2.60	0.00	80.00
gi|154150136|ref|YP_001403754.1|_143-293_1M5S:A:146-297	1.00	7.00	4.00	15.00	0.00	1.62	1.50	1.89	0.00	152.00
gi|154150136|ref|YP_001403754.1|_1-142_1M5S:A:1-145	0.00	6.22	3.00	11.00	0.00	1.07	1.36	2.20	0.00	145.00
gi|154150139|ref|YP_001403757.1|_94-296_1R30:A:	1.00	4.78	3.00	11.27	0.00	2.06	1.60	2.08	0.00	312.00
gi|154150140|ref|YP_001403758.1|_1-183_2DJI:A:3-186	0.00	4.62	3.00	8.71	0.00	2.12	1.50	2.15	0.00	184.00
gi|154150140|ref|YP_001403758.1|_269-418_2C31:A:370-552	1.00	5.33	3.00	9.43	0.00	1.79	1.54	2.20	0.00	183.00
gi|154150141|ref|YP_001403759.1|_3-279_1SR9:A:61-370	1.00	6.50	3.00	11.64	0.00	1.59	1.39	2.00	0.00	310.00
gi|154150142|ref|YP_001403760.1|_9-401_1ACO:A:2-528	1.00	4.19	4.33	10.69	0.00	1.95	1.55	1.91	0.00	527.00
gi|154150143|ref|YP_001403761.1|_6-155_1V7L:A:	1.00	4.12	0.00	7.00	0.00	1.81	1.10	2.08	0.00	162.00
gi|154150145|ref|YP_001403763.1|_2-318_1WPW:A:	1.00	5.83	3.00	12.82	0.00	1.70	1.60	2.22	0.00	336.00
gi|154150149|ref|YP_001403767.1|_31-155_1L1D:A:	0.00	4.44	3.80	6.67	0.00	1.78	1.45	2.12	0.00	144.00
gi|154150151|ref|YP_001403769.1|_4-160_1O0W:A:1-167	1.00	0.00	3.00	12.20	0.00	1.75	1.20	1.86	0.00	167.00
gi|154150152|ref|YP_001403770.1|_72-336_2IUB:A:9-285	0.00	7.71	4.00	22.17	0.00	1.70	1.64	2.40	0.00	281.00
gi|154150153|ref|YP_001403771.1|_7-155_1XVW:A:1-153	1.00	4.11	3.50	9.25	0.00	1.71	1.44	2.15	0.00	153.00
gi|154150155|ref|YP_001403773.1|_298-639_1XKN:A:	1.00	5.00	3.20	10.00	0.00	1.82	1.50	1.96	0.00	354.00
gi|154150155|ref|YP_001403773.1|_5-280_1J31:A:	1.00	4.81	4.00	9.29	0.00	1.78	1.33	2.27	0.00	262.00
gi|154150157|ref|YP_001403775.1|_44-267_3DHW:C:1-240	1.00	6.40	3.00	11.43	0.00	1.57	1.47	2.67	0.00	240.00
gi|154150158|ref|YP_001403776.1|_32-142_1S3J:A:	0.00	4.33	0.00	17.33	0.00	1.25	1.17	1.80	0.00	143.00
gi|154150164|ref|YP_001403782.1|_43-131_1JT8:A:	1.00	6.40	0.00	10.00	0.00	2.38	1.56	2.00	0.00	102.00
gi|154150165|ref|YP_001403783.1|_10-245_1K1S:A:1-239	1.00	5.12	4.00	9.40	0.00	1.95	1.20	2.33	0.00	239.00
gi|154150165|ref|YP_001403783.1|_252-360_1T94:A:411-515	0.00	7.25	0.00	12.50	0.00	4.75	1.75	2.00	0.00	105.00
gi|154150170|ref|YP_001403788.1|_6-135_1VQ2:A:	1.00	5.00	3.00	9.67	0.00	2.58	1.67	1.90	0.00	193.00
gi|154150171|ref|YP_001403789.1|_6-120,166-220_4LIP:D:	1.00	5.27	3.00	10.45	0.00	2.00	1.59	2.12	0.00	319.00
gi|154150175|ref|YP_001403793.1|_3-225_1VPL:A:	1.00	6.20	4.00	9.89	0.00	1.72	1.33	2.27	0.00	238.00
gi|154150178|ref|YP_001403796.1|_18-243_1O6Y:A:	1.00	5.18	3.00	12.00	0.00	2.67	1.64	2.17	0.00	276.00
gi|154150179|ref|YP_001403797.1|_7-196_1A6Q:A:2-296	1.00	6.33	3.00	11.86	0.00	1.88	1.62	2.06	0.00	295.00
gi|154150180|ref|YP_001403798.1|_27-177_1ATZ:A:	1.00	6.67	7.00	9.57	0.00	2.00	1.77	1.75	0.00	184.00
gi|154150181|ref|YP_001403799.1|_360-445_1L0Q:A:302-391	1.00	5.38	0.00	0.00	0.00	1.79	1.75	2.00	0.00	90.00
gi|154150181|ref|YP_001403799.1|_276-362_1L0Q:A:302-391	1.00	5.38	0.00	0.00	0.00	1.79	1.75	2.00	0.00	90.00
gi|154150181|ref|YP_001403799.1|_74-183_1L0Q:A:302-391	1.00	5.38	0.00	0.00	0.00	1.79	1.75	2.00	0.00	90.00
gi|154150181|ref|YP_001403799.1|_192-271_1PAM:A:497-582	1.00	5.00	3.00	0.00	0.00	1.50	1.43	2.00	0.00	86.00
gi|154150182|ref|YP_001403800.1|_3-262_2Q7S:A:10-289	1.00	4.27	3.00	10.25	0.00	2.67	1.53	2.12	0.00	280.00
gi|154150183|ref|YP_001403801.1|_1-143_1NXO:A:	0.00	5.00	0.00	11.40	0.00	2.10	1.29	1.75	0.00	119.00
gi|154150183|ref|YP_001403801.1|_143-252_1DP6:A:	1.00	8.00	4.00	9.50	0.00	1.30	1.17	1.83	0.00	116.00
gi|154150183|ref|YP_001403801.1|_514-634_1V9Y:A:	1.00	7.20	3.33	7.33	0.00	2.30	1.17	2.17	0.00	113.00
gi|154150183|ref|YP_001403801.1|_270-396_1N9L:A:	0.00	8.00	4.00	8.00	0.00	1.64	1.00	1.86	0.00	109.00
gi|154150183|ref|YP_001403801.1|_719-854_2C2A:A:321-481	0.00	6.71	3.00	15.00	0.00	2.92	1.50	1.90	0.00	161.00
gi|154150183|ref|YP_001403801.1|_408-516_1EW0:A:	1.00	7.80	3.50	7.80	0.00	1.55	1.25	2.00	0.00	130.00
gi|154150184|ref|YP_001403802.1|_58-295_1EVQ:A:	0.00	7.12	4.00	11.44	0.00	2.21	1.38	2.09	0.00	308.00
gi|154150186|ref|YP_001403804.1|_505-705_1A6Q:A:2-296	1.00	6.33	3.00	11.86	0.00	1.88	1.62	2.06	0.00	295.00
gi|154150186|ref|YP_001403804.1|_405-455_2ASX:A:278-331	0.00	0.00	0.00	19.00	0.00	1.75	1.00	2.67	0.00	54.00
gi|154150186|ref|YP_001403804.1|_166-249_1OJG:A:	0.00	7.00	3.00	8.60	0.00	1.67	1.67	2.43	0.00	136.00
gi|154150192|ref|YP_001403810.1|_75-359_1HV8:A:211-365	1.00	4.67	3.00	9.33	0.00	1.76	1.92	2.00	0.00	155.00
gi|154150193|ref|YP_001403811.1|_1-188_1YDG:A:	1.00	5.14	0.00	9.67	0.00	2.16	1.78	2.42	0.00	210.00
gi|154150195|ref|YP_001403813.1|_1-221_1ZKP:A:1-244	1.00	5.00	3.00	7.43	0.00	1.83	1.62	2.00	0.00	244.00
gi|154150197|ref|YP_001403815.1|_5-278_1QTW:A:	1.00	4.11	3.00	12.22	0.00	1.85	1.69	1.93	0.00	285.00
gi|154150198|ref|YP_001403816.1|_84-173_1A79:A:83-179	0.00	5.50	3.00	12.50	0.00	1.30	1.33	1.88	0.00	97.00
gi|154150198|ref|YP_001403816.1|_263-339_1A79:A:83-179	0.00	5.50	3.00	12.50	0.00	1.30	1.33	1.88	0.00	97.00
gi|154150198|ref|YP_001403816.1|_14-78_1R0V:A:140-214	0.00	4.00	0.00	8.33	0.00	2.67	1.00	1.57	0.00	75.00
gi|154150198|ref|YP_001403816.1|_193-258_1R11:A:3-60	0.00	3.33	0.00	7.67	0.00	1.67	1.50	2.00	0.00	58.00
gi|154150199|ref|YP_001403817.1|_6-223,289-414_1R6T:A:82-467	1.00	4.27	3.17	9.79	0.00	2.12	1.33	1.76	0.00	385.00
gi|154150200|ref|YP_001403818.1|_218-485_1PYS:A:	1.00	6.80	4.67	10.00	0.00	2.21	1.50	2.42	0.00	266.00
gi|154150201|ref|YP_001403819.1|_334-535_1PYS:B:475-681	0.00	5.42	3.00	11.00	0.00	2.26	1.43	2.00	0.00	207.00
gi|154150201|ref|YP_001403819.1|_270-340_1PYS:B:400-474	0.00	3.33	3.00	10.00	0.00	2.00	2.33	1.75	0.00	75.00
gi|154150201|ref|YP_001403819.1|_4-74_1PYS:B:1-38,B:152-190	0.00	4.67	4.00	8.33	0.00	2.75	1.00	2.00	1.00	77.00
gi|154150201|ref|YP_001403819.1|_83-237_1PYS:B:191-399	1.00	4.62	3.00	11.20	0.00	2.48	1.38	2.08	0.00	209.00
gi|154150202|ref|YP_001403820.1|_11-275_1KA9:F:	1.00	5.45	3.00	9.20	0.00	1.64	1.40	2.13	0.00	251.00
gi|154150203|ref|YP_001403821.1|_2-174,337-408_1A7A:A:2-189,A:353-432	1.00	3.22	3.00	10.55	0.00	1.83	1.60	2.21	1.00	268.00
gi|154150203|ref|YP_001403821.1|_175-334_1B3R:A:190-352	1.00	5.12	3.00	8.00	0.00	1.38	1.33	2.20	0.00	163.00
gi|154150204|ref|YP_001403822.1|_70-152_1S7B:A:	0.00	0.00	0.00	18.25	0.00	2.00	1.57	1.67	0.00	109.00
gi|154150204|ref|YP_001403822.1|_201-293_1S7B:A:	0.00	0.00	0.00	18.25	0.00	2.00	1.57	1.67	0.00	109.00
gi|154150205|ref|YP_001403823.1|_102-279_1EBM:A:136-325	0.00	4.50	0.00	10.36	0.00	2.00	1.50	2.08	0.00	190.00
gi|154150205|ref|YP_001403823.1|_10-100_1EBM:A:9-135	0.00	5.20	3.00	8.00	0.00	2.57	1.71	3.00	0.00	127.00
gi|154150208|ref|YP_001403826.1|_40-260_1TV8:A:	1.00	4.91	3.00	10.50	0.00	1.97	1.65	2.10	0.00	327.00
gi|154150210|ref|YP_001403828.1|_3-139_1IX5:A:	1.00	3.90	0.00	6.33	0.00	2.09	1.50	1.93	0.00	151.00
gi|154150212|ref|YP_001403830.1|_22-85_1YLQ:A:1-90	0.00	4.75	4.00	9.25	0.00	1.50	1.33	2.33	0.00	90.00
gi|154150213|ref|YP_001403831.1|_14-69_2DSY:A:3-82	1.00	4.00	0.00	16.00	0.00	2.12	2.00	1.80	0.00	80.00
gi|154150214|ref|YP_001403832.1|_145-310_2PVA:A:	1.00	4.68	3.40	9.60	0.00	1.87	1.64	2.18	0.00	342.00
gi|154150215|ref|YP_001403833.1|_9-289_1B0P:A:786-1232	1.11	4.88	3.00	10.41	0.00	2.07	1.45	2.20	0.00	447.00
gi|154150216|ref|YP_001403834.1|_5-248_1B0P:A:2-258	1.00	4.45	0.00	12.40	0.00	1.91	1.23	2.67	0.00	257.00
gi|154150216|ref|YP_001403834.1|_251-368_1B0P:A:259-415	1.00	4.57	3.00	11.25	0.00	2.10	1.36	1.88	0.00	157.00
gi|154150217|ref|YP_001403835.1|_15-84_1DUR:A:	0.00	2.50	3.00	5.00	0.00	2.00	2.00	2.25	0.00	55.00
gi|154150218|ref|YP_001403836.1|_2-177_1B0P:A:416-668	1.00	6.50	3.75	9.89	0.00	1.97	1.33	2.09	0.00	253.00
gi|154150220|ref|YP_001403838.1|_4-306_2B69:A:4-315	1.00	4.15	3.33	13.33	0.00	2.21	1.64	1.75	0.00	312.00
gi|154150221|ref|YP_001403839.1|_2-70,184-352_1EQJ:A:3-76,A:311-510	1.00	5.25	3.25	9.67	0.00	1.97	1.10	2.18	1.00	274.00
gi|154150222|ref|YP_001403840.1|_12-274_1FNN:A:1-276	1.00	5.40	3.50	11.00	0.00	1.88	1.42	1.88	0.00	276.00
gi|154150222|ref|YP_001403840.1|_287-373_1W5S:A:300-409	1.00	4.00	0.00	14.75	0.00	2.89	2.00	2.00	0.00	110.00
gi|154150223|ref|YP_001403841.1|_1-313_1QLM:A:	0.00	6.42	3.00	8.54	0.00	1.92	1.67	2.06	0.00	316.00
gi|154150224|ref|YP_001403842.1|_1-90_1ULR:A:	0.00	6.80	0.00	12.00	0.00	1.50	1.60	2.00	0.00	87.00
gi|154150226|ref|YP_001403844.1|_2-392_1V7C:A:	1.33	5.09	3.50	10.07	0.00	1.85	1.46	1.63	0.00	351.00
gi|154150227|ref|YP_001403845.1|_1-251_1F89:A:	1.00	5.31	5.00	11.00	0.00	2.69	1.71	2.18	0.00	281.00
gi|154150230|ref|YP_001403848.1|_1-148_1JXV:A:	1.00	6.00	3.00	7.62	0.00	1.93	1.57	1.67	0.00	149.00
gi|154150232|ref|YP_001403850.1|_2-67_1NE3:A:	0.00	6.50	0.00	0.00	0.00	3.12	3.00	2.00	0.00	68.00
gi|154150233|ref|YP_001403851.1|_5-117_1PXW:A:	0.00	4.75	3.00	10.80	0.00	1.67	1.18	1.86	0.00	128.00
gi|154150236|ref|YP_001403854.1|_5-233_1QG8:A:	1.00	6.89	3.50	9.25	0.00	2.82	1.38	1.92	0.00	255.00
gi|154150237|ref|YP_001403855.1|_1-275,368-403_2IVD:A:10-306,A:415-464	1.20	4.07	3.33	9.13	0.00	2.16	1.67	1.86	1.00	347.00
gi|154150238|ref|YP_001403856.1|_1-194_1W5B:A:23-231	0.00	6.33	3.00	11.00	0.00	1.80	1.12	1.78	0.00	209.00
gi|154150241|ref|YP_001403859.1|_3-99_1FJG:J:	1.00	3.67	0.00	12.50	0.00	2.43	1.83	1.33	0.00	98.00
gi|154150242|ref|YP_001403860.1|_4-240_1F60:A:2-240	1.00	5.62	3.67	10.50	0.00	1.92	1.67	1.85	0.00	239.00
gi|154150242|ref|YP_001403860.1|_316-419_1JNY:A:323-429	1.00	6.56	3.00	0.00	0.00	1.46	1.29	2.14	0.00	107.00
gi|154150242|ref|YP_001403860.1|_217-313_1JNY:A:228-322	1.00	4.90	3.00	0.00	0.00	1.45	1.20	2.29	0.00	95.00
gi|154150245|ref|YP_001403863.1|_4-141_1RFZ:A:	0.00	0.00	0.00	11.20	0.00	1.40	2.00	1.92	0.00	164.00
gi|154150246|ref|YP_001403864.1|_37-330_1J33:A:	1.00	5.50	5.50	11.50	0.00	2.00	1.50	1.89	0.00	333.00
gi|154150247|ref|YP_001403865.1|_2-182_1WL8:A:1-188	0.00	5.18	3.00	8.80	0.00	1.58	1.24	1.67	0.00	188.00
gi|154150249|ref|YP_001403867.1|_4-163_1NOX:A:	1.00	6.75	3.00	10.00	0.00	2.58	1.29	1.55	0.00	200.00
gi|154150250|ref|YP_001403868.1|_233-393_1J3L:A:	1.00	3.92	0.00	6.75	0.00	1.59	1.65	1.78	0.00	164.00
gi|154150250|ref|YP_001403868.1|_2-210_1KV8:A:	0.00	5.38	5.00	9.50	0.00	1.60	1.36	1.80	0.00	213.00
gi|154150251|ref|YP_001403869.1|_7-73_2F06:A:1-70	0.00	7.25	0.00	10.50	0.00	1.33	2.00	2.00	0.00	70.00
gi|154150251|ref|YP_001403869.1|_76-139_2F06:A:71-141	0.00	6.75	0.00	8.33	0.00	1.20	1.50	2.00	0.00	71.00
gi|154150252|ref|YP_001403870.1|_43-383_1T5H:X:	1.00	4.85	3.00	9.53	0.00	2.00	1.39	2.00	0.00	503.00
gi|154150253|ref|YP_001403871.1|_30-388_1T5H:X:	1.00	4.85	3.00	9.53	0.00	2.00	1.39	2.00	0.00	503.00
gi|154150255|ref|YP_001403873.1|_1-87_1GXU:A:	0.00	7.20	0.00	10.50	0.00	1.56	2.60	1.33	0.00	88.00
gi|154150257|ref|YP_001403875.1|_6-179_1K2Y:X:5-154	1.00	5.14	3.00	12.75	0.00	1.93	1.60	1.80	0.00	150.00
gi|154150257|ref|YP_001403875.1|_155-257_1K2Y:X:155-258	0.00	4.40	4.00	9.33	0.00	1.50	1.22	1.75	0.00	104.00
gi|154150257|ref|YP_001403875.1|_262-368_1K2Y:X:259-367	1.00	4.00	0.00	10.80	0.00	1.00	1.33	1.62	0.00	109.00
gi|154150257|ref|YP_001403875.1|_361-453_1K2Y:X:368-463	0.00	4.83	0.00	14.50	0.00	2.50	2.75	2.33	0.00	96.00
gi|154150258|ref|YP_001403876.1|_1-130_1NP6:A:	0.00	5.50	3.00	9.25	0.00	2.68	1.58	1.86	0.00	170.00
gi|154150260|ref|YP_001403878.1|_156-312_1MUS:A:	1.00	8.18	3.62	12.86	0.00	2.35	1.55	2.10	0.00	476.00
gi|154150261|ref|YP_001403879.1|_213-364_1MUS:A:	1.00	8.18	3.62	12.86	0.00	2.35	1.55	2.10	0.00	476.00
gi|154150262|ref|YP_001403880.1|_16-65_2DSY:A:3-82	1.00	4.00	0.00	16.00	0.00	2.12	2.00	1.80	0.00	80.00
gi|154150263|ref|YP_001403881.1|_20-70_1J9I:A:	0.00	3.00	10.00	7.33	0.00	2.17	2.67	3.00	0.00	68.00
gi|154150264|ref|YP_001403882.1|_1-149_2GM4:A:1-140	1.00	4.50	3.00	16.50	0.00	2.36	2.25	2.12	0.00	140.00
gi|154150265|ref|YP_001403883.1|_6-294_1A0P:A:111-292	1.00	4.00	3.00	11.62	0.00	2.12	1.86	2.14	0.00	182.00
gi|154150268|ref|YP_001403886.1|_6-100_1LNQ:A:19-98	0.00	0.00	0.00	5.20	0.00	2.60	2.00	3.38	0.00	80.00
gi|154150269|ref|YP_001403887.1|_127-289_1OI7:A:122-288	1.00	5.50	3.00	11.40	0.00	2.65	1.90	1.80	0.00	167.00
gi|154150269|ref|YP_001403887.1|_2-126_1OI7:A:1-121	0.00	4.14	0.00	11.75	0.00	1.62	1.12	1.88	0.00	121.00
gi|154150270|ref|YP_001403888.1|_1-212_1EUC:B:0-245	1.00	5.15	4.00	10.00	0.00	1.76	1.50	2.07	0.00	245.00
gi|154150270|ref|YP_001403888.1|_221-359_2SCU:B:239-385	1.00	5.17	0.00	11.67	0.00	1.40	1.60	1.60	0.00	147.00
gi|154150271|ref|YP_001403889.1|_2-173_1B0P:A:416-668	1.00	6.50	3.75	9.89	0.00	1.97	1.33	2.09	0.00	253.00
gi|154150272|ref|YP_001403890.1|_11-239_1B0P:A:786-1232	1.11	4.88	3.00	10.41	0.00	2.07	1.45	2.20	0.00	447.00
gi|154150273|ref|YP_001403891.1|_6-255_1B0P:A:2-258	1.00	4.45	0.00	12.40	0.00	1.91	1.23	2.67	0.00	257.00
gi|154150273|ref|YP_001403891.1|_268-365_1B0P:A:259-415	1.00	4.57	3.00	11.25	0.00	2.10	1.36	1.88	0.00	157.00
gi|154150274|ref|YP_001403892.1|_3-81_7FD1:A:	1.00	3.00	3.20	6.00	0.00	1.89	1.25	2.22	0.00	106.00
gi|154150275|ref|YP_001403893.1|_8-167_2ISB:A:2-179	1.00	6.89	3.67	8.25	0.00	1.59	1.56	2.22	0.00	180.00
gi|154150277|ref|YP_001403895.1|_4-163_1S72:H:	0.00	5.62	3.00	15.00	0.00	3.05	1.30	1.86	0.00	171.00
gi|154150278|ref|YP_001403896.1|_3-236_1V43:A:7-245	1.00	6.20	3.50	9.50	0.00	2.25	1.38	2.00	0.00	239.00
gi|154150279|ref|YP_001403897.1|_52-235_3DHW:A:6-208	0.00	0.00	10.00	15.89	0.00	1.64	1.86	2.11	0.00	203.00
gi|154150280|ref|YP_001403898.1|_62-164_2CZL:A:3-272	1.00	4.64	3.50	9.25	0.00	1.39	1.68	2.00	0.00	270.00
gi|154150280|ref|YP_001403898.1|_308-420_1NH8:A:1-210	0.00	6.00	3.50	8.43	0.00	2.24	1.50	1.83	0.00	210.00
gi|154150281|ref|YP_001403899.1|_33-74_1SQ8:A:	0.00	0.00	0.00	8.20	0.00	1.57	1.33	1.33	0.00	64.00
gi|154150281|ref|YP_001403899.1|_69-173_2PJU:A:11-196	0.00	4.88	0.00	11.12	0.00	1.67	1.44	2.50	0.00	186.00
gi|154150282|ref|YP_001403900.1|_3-444_1TJ7:A:	1.00	4.25	4.33	13.75	0.00	1.62	1.43	2.12	0.00	455.00
gi|154150283|ref|YP_001403901.1|_36-376_2D6F:A:84-435	1.00	3.72	3.40	10.11	0.00	2.24	1.86	2.10	0.00	352.00
gi|154150284|ref|YP_001403902.1|_2-263,391-436_2D6F:C:1-270,C:396-444	1.00	5.88	3.50	11.33	0.00	2.50	1.81	2.06	1.00	319.00
gi|154150284|ref|YP_001403902.1|_266-387_2D6F:C:271-395	0.00	4.50	3.00	11.00	0.00	1.42	1.86	2.33	0.00	125.00
gi|154150284|ref|YP_001403902.1|_471-625_1ZQ1:C:457-512	0.00	0.00	0.00	8.75	0.00	2.00	1.00	1.83	0.00	56.00
gi|154150287|ref|YP_001403905.1|_21-481_2P3Y:A:22-482	1.10	4.86	3.20	11.00	0.00	1.85	1.41	2.07	0.00	461.00
gi|154150292|ref|YP_001403910.1|_119-240_1UHT:A:	1.00	4.33	0.00	0.00	0.00	2.00	2.44	2.43	0.00	117.00
gi|154150292|ref|YP_001403910.1|_15-81_2P4W:A:1-194	1.00	5.60	0.00	15.38	0.00	1.58	1.29	2.00	0.00	197.00
gi|154150293|ref|YP_001403911.1|_406-662_1O6Y:A:	1.00	5.18	3.00	12.00	0.00	2.67	1.64	2.17	0.00	276.00
gi|154150293|ref|YP_001403911.1|_21-187_1BHE:A:	1.00	5.90	3.00	8.50	0.00	1.62	1.53	2.00	0.00	376.00
gi|154150296|ref|YP_001403914.1|_191-277_1L0Q:A:302-391	1.00	5.38	0.00	0.00	0.00	1.79	1.75	2.00	0.00	90.00
gi|154150296|ref|YP_001403914.1|_276-360_1L0Q:A:302-391	1.00	5.38	0.00	0.00	0.00	1.79	1.75	2.00	0.00	90.00
gi|154150296|ref|YP_001403914.1|_112-192_1L0Q:A:302-391	1.00	5.38	0.00	0.00	0.00	1.79	1.75	2.00	0.00	90.00
gi|154150296|ref|YP_001403914.1|_360-445_1L0Q:A:302-391	1.00	5.38	0.00	0.00	0.00	1.79	1.75	2.00	0.00	90.00
gi|154150296|ref|YP_001403914.1|_27-107_1L0Q:A:302-391	1.00	5.38	0.00	0.00	0.00	1.79	1.75	2.00	0.00	90.00
gi|154150299|ref|YP_001403917.1|_6-225_1F3O:A:	0.00	6.00	3.00	11.14	0.00	1.59	1.47	2.21	0.00	232.00
gi|154150302|ref|YP_001403920.1|_48-312_1TV8:A:	1.00	4.91	3.00	10.50	0.00	1.97	1.65	2.10	0.00	327.00
gi|154150303|ref|YP_001403921.1|_2-216_2IJ9:A:1-219	1.00	4.57	0.00	11.88	0.00	1.88	2.08	1.89	0.00	219.00
gi|154150304|ref|YP_001403922.1|_3-211_1ORN:A:	0.00	0.00	3.00	10.58	0.00	2.58	1.36	1.64	0.00	225.00
gi|154150309|ref|YP_001403927.1|_110-364_2I14:A:111-389	1.00	4.00	3.25	9.60	0.00	2.17	1.40	2.00	0.00	279.00
gi|154150309|ref|YP_001403927.1|_3-113_2I14:A:1-110	1.00	4.40	3.00	7.80	0.00	1.75	1.43	2.20	0.00	110.00
gi|154150310|ref|YP_001403928.1|_1-221_1V4N:A:	1.00	5.36	3.00	12.17	0.00	2.29	1.67	2.50	0.00	280.00
gi|154150311|ref|YP_001403929.1|_66-361_1J6P:A:50-330	1.00	6.00	5.33	9.00	0.00	1.80	1.42	2.05	0.00	281.00
gi|154150311|ref|YP_001403929.1|_335-438_1J6P:A:1-49,A:331-405	1.00	5.50	3.00	11.50	0.00	1.69	1.09	1.88	1.00	124.00
gi|154150312|ref|YP_001403930.1|_31-224,266-478_1PV7:A:	0.00	0.00	4.00	15.09	0.00	1.72	1.67	1.86	0.00	417.00
gi|154150313|ref|YP_001403931.1|_16-550_1LCI:A:	1.00	4.33	3.00	10.73	0.00	2.09	1.29	1.95	0.00	541.00
gi|154150314|ref|YP_001403932.1|_1-262_1S7J:A:	0.00	6.06	3.00	9.33	0.00	1.75	1.79	1.60	0.00	260.00
gi|154150315|ref|YP_001403933.1|_1-163_1Y60:A:	1.00	5.14	3.00	12.00	0.00	1.94	1.38	2.11	0.00	168.00
gi|154150315|ref|YP_001403933.1|_97-384_1DVJ:A:	1.00	4.88	3.33	10.64	0.00	1.77	1.42	1.75	0.00	245.00
gi|154150320|ref|YP_001403938.1|_49-276_1A8S:A:	1.00	5.50	4.00	11.50	0.00	1.64	1.33	1.89	0.00	273.00
gi|154150321|ref|YP_001403939.1|_35-502_1EA5:A:	1.00	5.64	3.29	9.53	0.00	1.87	1.60	1.86	0.00	532.00
gi|154150323|ref|YP_001403941.1|_1-239_1XM8:A:	1.00	4.43	4.00	9.78	0.00	1.68	2.14	1.83	0.00	253.00
gi|154150325|ref|YP_001403943.1|_67-290_1WDN:A:	1.00	6.27	3.00	9.50	0.00	1.57	1.50	2.50	0.00	223.00
gi|154150325|ref|YP_001403943.1|_341-467_1EW0:A:	1.00	7.80	3.50	7.80	0.00	1.55	1.25	2.00	0.00	130.00
gi|154150325|ref|YP_001403943.1|_604-718_2C2A:A:321-481	0.00	6.71	3.00	15.00	0.00	2.92	1.50	1.90	0.00	161.00
gi|154150327|ref|YP_001403945.1|_2-137_1YR0:A:4-166	0.00	8.29	3.00	12.75	0.00	1.80	3.00	2.00	0.00	163.00
gi|154150330|ref|YP_001403948.1|_109-215_1L0Q:A:302-391	1.00	5.38	0.00	0.00	0.00	1.79	1.75	2.00	0.00	90.00
gi|154150330|ref|YP_001403948.1|_305-364_1NKG:A:251-337	1.00	5.62	3.00	0.00	0.00	1.64	1.50	2.00	0.00	87.00
gi|154150330|ref|YP_001403948.1|_209-288_1NKG:A:251-337	1.00	5.62	3.00	0.00	0.00	1.64	1.50	2.00	0.00	87.00
gi|154150331|ref|YP_001403949.1|_12-109_1YHF:A:1-112	0.00	6.56	0.00	4.00	0.00	1.47	1.67	2.00	0.00	112.00
gi|154150332|ref|YP_001403950.1|_498-518,556-803_2B8E:A:416-434,A:548-663	1.00	4.33	0.00	7.83	5.00	1.94	1.67	1.80	1.00	135.00
gi|154150332|ref|YP_001403950.1|_303-399_1SU4:A:125-239	1.00	3.78	3.00	0.00	0.00	1.62	1.70	2.71	0.00	115.00
gi|154150332|ref|YP_001403950.1|_14-82_1JWW:A:	0.00	5.25	0.00	11.50	0.00	2.43	2.40	1.75	0.00	80.00
gi|154150332|ref|YP_001403950.1|_84-149_1OQ3:A:	0.00	5.75	3.00	10.50	0.00	1.50	1.00	1.67	0.00	75.00
gi|154150332|ref|YP_001403950.1|_265-303,400-494,748-770_1SU4:A:1-124,A:240-343,A:751-994	1.00	2.00	3.25	16.11	0.00	2.41	1.70	1.91	1.00	472.00
gi|154150333|ref|YP_001403951.1|_5-47_1T0Q:A:	1.00	3.00	3.60	11.16	7.00	1.97	1.72	1.89	0.00	491.00
gi|154150336|ref|YP_001403954.1|_9-138_1A17:A:	0.00	0.00	0.00	17.43	0.00	1.82	1.00	2.00	0.00	159.00
gi|154150337|ref|YP_001403955.1|_1-161_1S3Q:A:3-164	1.00	0.00	0.00	25.60	0.00	3.14	2.00	1.80	0.00	162.00
gi|154150338|ref|YP_001403956.1|_312-442_1W3B:A:	0.00	0.00	0.00	12.65	0.00	1.11	1.33	1.92	0.00	388.00
gi|154150338|ref|YP_001403956.1|_1-123_1NY5:A:1-137	1.00	5.40	0.00	14.40	0.00	1.60	1.43	2.00	0.00	137.00
gi|154150338|ref|YP_001403956.1|_136-263_1OTD:A:	1.00	6.60	3.00	7.00	5.00	1.36	2.00	2.00	0.00	105.00
gi|154150339|ref|YP_001403957.1|_145-295_1CLF:A:	1.00	3.00	0.00	0.00	0.00	2.00	1.50	3.17	0.00	55.00
gi|154150344|ref|YP_001403962.1|_1-64_1WHZ:A:	0.00	5.33	0.00	8.67	0.00	1.88	2.50	2.00	0.00	70.00
gi|154150345|ref|YP_001403963.1|_3-63_2DSY:A:3-82	1.00	4.00	0.00	16.00	0.00	2.12	2.00	1.80	0.00	80.00
gi|154150347|ref|YP_001403965.1|_1-222_2AZN:A:6-224	1.00	6.44	3.00	10.00	0.00	2.23	1.60	1.91	0.00	219.00
gi|154150348|ref|YP_001403966.1|_408-547_2FY8:A:116-244	0.00	4.00	3.00	9.00	0.00	1.29	1.40	2.00	0.00	130.00
gi|154150348|ref|YP_001403966.1|_578-656_1VCT:A:108-201	1.00	5.75	0.00	7.50	0.00	1.67	1.50	2.17	0.00	94.00
gi|154150349|ref|YP_001403967.1|_407-549_1LSS:A:	0.00	4.33	0.00	10.17	0.00	1.29	1.22	2.29	0.00	132.00
gi|154150349|ref|YP_001403967.1|_580-657_1VCT:A:108-201	1.00	5.75	0.00	7.50	0.00	1.67	1.50	2.17	0.00	94.00
gi|154150351|ref|YP_001403969.1|_20-307_1K23:A:	0.00	5.64	3.25	10.00	0.00	1.83	1.35	2.47	0.00	307.00
gi|154150354|ref|YP_001403972.1|_2-85_2QZG:A:4-91	0.00	0.00	0.00	14.75	0.00	1.88	1.00	1.71	0.00	88.00
gi|154150356|ref|YP_001403974.1|_58-218,355-493_1WP9:A:201-486	0.00	4.83	8.00	14.18	0.00	2.13	1.27	1.79	0.00	286.00
gi|154150356|ref|YP_001403974.1|_535-664_1J23:A:	0.00	5.00	3.00	11.60	0.00	1.42	1.56	1.80	0.00	131.00
gi|154150356|ref|YP_001403974.1|_681-739_1X2I:A:2-69	0.00	0.00	0.00	8.40	0.00	2.33	1.00	2.00	0.00	68.00
gi|154150357|ref|YP_001403975.1|_4-223,267-368,422-474_1ATI:A:1-394	1.00	5.44	2.67	9.56	0.00	3.94	1.47	1.94	0.00	394.00
gi|154150357|ref|YP_001403975.1|_458-566_1ATI:A:395-505	0.00	4.80	2.00	10.25	0.00	1.43	1.25	2.33	0.00	111.00
gi|154150359|ref|YP_001403977.1|_1-200_1VJN:A:	1.00	5.21	4.00	7.00	0.00	3.25	1.60	1.89	0.00	219.00
gi|154150360|ref|YP_001403978.1|_20-428_2IX0:A:173-557	1.00	5.23	3.00	14.30	0.00	2.62	1.47	1.94	0.00	385.00
gi|154150360|ref|YP_001403978.1|_430-489_1SRO:A:	1.00	6.75	0.00	4.00	0.00	2.08	1.80	2.00	0.00	76.00
gi|154150361|ref|YP_001403979.1|_191-276_1L0Q:A:302-391	1.00	5.38	0.00	0.00	0.00	1.79	1.75	2.00	0.00	90.00
gi|154150361|ref|YP_001403979.1|_14-106_1L0Q:A:302-391	1.00	5.38	0.00	0.00	0.00	1.79	1.75	2.00	0.00	90.00
gi|154150361|ref|YP_001403979.1|_362-444_1L0Q:A:302-391	1.00	5.38	0.00	0.00	0.00	1.79	1.75	2.00	0.00	90.00
gi|154150361|ref|YP_001403979.1|_110-190_1L0Q:A:302-391	1.00	5.38	0.00	0.00	0.00	1.79	1.75	2.00	0.00	90.00
gi|154150361|ref|YP_001403979.1|_279-359_1L0Q:A:302-391	1.00	5.38	0.00	0.00	0.00	1.79	1.75	2.00	0.00	90.00
gi|154150363|ref|YP_001403981.1|_3-139,174-378_1RQG:A:1-138,A:174-396	1.00	4.77	3.00	9.33	0.00	1.73	1.71	2.10	1.00	361.00
gi|154150363|ref|YP_001403981.1|_381-531_1RQG:A:397-606	1.00	0.00	3.00	13.30	0.00	2.79	1.33	2.50	0.00	210.00
gi|154150363|ref|YP_001403981.1|_559-661_1PYB:A:	1.00	5.25	0.00	5.00	0.00	1.62	1.50	2.17	0.00	107.00
gi|154150363|ref|YP_001403981.1|_140-174_1RQG:A:139-173	1.00	0.00	0.00	0.00	0.00	2.00	1.83	2.50	0.00	35.00
gi|154150364|ref|YP_001403982.1|_373-499_1OTD:A:	1.00	6.60	3.00	7.00	5.00	1.36	2.00	2.00	0.00	105.00
gi|154150364|ref|YP_001403982.1|_579-708_2C2A:A:321-481	0.00	6.71	3.00	15.00	0.00	2.92	1.50	1.90	0.00	161.00
gi|154150364|ref|YP_001403982.1|_328-377_2ASX:A:278-331	0.00	0.00	0.00	19.00	0.00	1.75	1.00	2.67	0.00	54.00
gi|154150365|ref|YP_001403983.1|_23-196_1TE4:A:	0.00	0.00	3.00	10.33	0.00	1.55	1.67	1.60	0.00	111.00
gi|154150369|ref|YP_001403987.1|_225-376_2Z1E:A:156-334	0.00	4.57	3.00	10.60	0.00	2.25	1.80	1.90	0.00	179.00
gi|154150369|ref|YP_001403987.1|_67-217_2Z1E:A:43-155	0.00	7.29	0.00	15.50	0.00	1.57	2.25	2.20	0.00	113.00
gi|154150370|ref|YP_001403988.1|_6-260_1MTZ:A:	1.00	6.38	5.25	11.30	0.00	1.59	1.21	1.84	0.00	290.00
gi|154150372|ref|YP_001403990.1|_4-98_1WOT:A:	0.00	3.00	0.00	11.50	0.00	1.92	1.33	1.75	0.00	98.00
gi|154150374|ref|YP_001403992.1|_9-112_1DJ7:A:	1.00	0.00	0.00	11.40	0.00	1.33	1.78	2.00	0.00	109.00
gi|154150374|ref|YP_001403992.1|_137-169_1BRF:A:	1.00	3.33	3.00	0.00	0.00	1.40	1.00	2.33	0.00	53.00
gi|154150375|ref|YP_001403993.1|_13-90_1FOV:A:	0.00	4.25	0.00	9.00	0.00	1.40	1.33	1.75	0.00	82.00
gi|154150376|ref|YP_001403994.1|_154-345_1A9X:B:1653-1880	1.00	7.20	3.00	8.67	0.00	1.86	1.57	2.27	0.00	228.00
gi|154150376|ref|YP_001403994.1|_4-146_1A9X:B:1502-1652	1.00	5.86	3.00	8.25	0.00	1.68	1.67	1.67	0.00	151.00
gi|154150377|ref|YP_001403995.1|_656-915_1A9X:A:677-935	1.00	5.91	3.50	9.88	0.00	2.43	1.50	1.67	0.00	259.00
gi|154150377|ref|YP_001403995.1|_126-395_1A9X:A:128-402	1.00	6.18	3.00	11.86	0.00	1.67	1.33	2.42	0.00	275.00
gi|154150377|ref|YP_001403995.1|_1-125_1A9X:A:1-127	1.00	3.60	3.00	10.60	0.00	1.53	1.62	1.50	0.00	127.00
gi|154150377|ref|YP_001403995.1|_532-655_1A9X:A:556-676	1.00	4.00	0.00	7.83	0.00	1.69	1.80	1.88	0.00	121.00
gi|154150377|ref|YP_001403995.1|_919-1040_1A9X:A:936-1073	1.00	3.60	4.00	8.14	0.00	2.00	1.80	1.82	0.00	138.00
gi|154150377|ref|YP_001403995.1|_390-530_1A9X:A:403-555	1.00	5.00	3.00	10.57	0.00	2.07	1.75	1.80	0.00	153.00
gi|154150378|ref|YP_001403996.1|_68-167_1SFD:A:	1.00	4.09	3.00	0.00	0.00	1.19	2.25	2.00	0.00	105.00
gi|154150379|ref|YP_001403997.1|_169-392_1KOR:A:171-395	0.00	5.89	3.50	17.40	0.00	2.20	1.67	1.90	0.00	225.00
gi|154150379|ref|YP_001403997.1|_4-203_1KOR:A:1-165	1.00	5.00	3.00	10.86	0.00	1.75	1.57	1.82	0.00	165.00
gi|154150382|ref|YP_001404000.1|_2-302_1PVV:A:1-150	1.00	5.50	3.00	13.00	0.00	1.71	1.36	2.83	0.00	150.00
gi|154150383|ref|YP_001404001.1|_104-316_1GSO:A:104-327	1.00	8.00	3.00	9.00	0.00	2.05	1.88	2.27	0.00	224.00
gi|154150383|ref|YP_001404001.1|_1-103_1GSO:A:2-103	1.00	5.17	0.00	8.00	0.00	2.18	1.71	2.60	0.00	99.00
gi|154150383|ref|YP_001404001.1|_327-416_1VKZ:A:314-399	1.00	5.60	0.00	14.00	0.00	1.73	1.67	2.75	0.00	86.00
gi|154150384|ref|YP_001404002.1|_4-166_2AEE:A:1-208	0.00	4.30	4.50	12.14	0.00	1.73	1.30	2.00	0.00	208.00
gi|154150386|ref|YP_001404004.1|_80-349_1TV8:A:	1.00	4.91	3.00	10.50	0.00	1.97	1.65	2.10	0.00	327.00
gi|154150387|ref|YP_001404005.1|_7-306_1VLL:A:	1.00	5.27	3.00	9.00	0.00	1.94	1.41	1.95	0.00	321.00
gi|154150388|ref|YP_001404006.1|_1-86_2GF4:A:1-89	0.00	0.00	0.00	15.75	0.00	1.67	1.00	2.00	0.00	89.00
gi|154150389|ref|YP_001404007.1|_165-263_1DD9:A:	1.00	4.55	3.25	10.92	0.00	1.77	1.50	1.73	0.00	314.00
gi|154150390|ref|YP_001404008.1|_5-93_1JRM:A:	0.00	5.50	3.00	11.50	5.00	3.88	1.43	2.25	0.00	103.00
gi|154150391|ref|YP_001404009.1|_55-347_1XRT:A:56-365	1.00	4.43	3.50	10.70	0.00	3.65	1.43	1.67	0.00	310.00
gi|154150391|ref|YP_001404009.1|_16-52,346-406_2FVK:A:2-56,A:441-541	1.00	4.55	3.00	0.00	0.00	2.08	1.64	2.22	1.00	156.00
gi|154150395|ref|YP_001404013.1|_5-55_2DSY:A:3-82	1.00	4.00	0.00	16.00	0.00	2.12	2.00	1.80	0.00	80.00
gi|154150396|ref|YP_001404014.1|_5-70_1WHZ:A:	0.00	5.33	0.00	8.67	0.00	1.88	2.50	2.00	0.00	70.00
gi|154150397|ref|YP_001404015.1|_3-96_1WOT:A:	0.00	3.00	0.00	11.50	0.00	1.92	1.33	1.75	0.00	98.00
gi|154150398|ref|YP_001404016.1|_83-324_1CT9:A:193-516	0.00	4.40	3.33	10.00	0.00	2.61	1.25	1.60	0.00	324.00
gi|154150399|ref|YP_001404017.1|_1-88_2F2A:C:3-94	1.00	3.50	5.00	10.33	0.00	3.56	1.50	2.00	0.00	92.00
gi|154150400|ref|YP_001404018.1|_10-433_2F2A:A:1-485	1.00	5.45	3.17	11.87	0.00	1.80	1.69	2.40	0.00	485.00
gi|154150401|ref|YP_001404019.1|_6-293_2F2A:B:4-293	1.00	5.44	3.00	13.25	0.00	2.31	1.67	2.44	0.00	290.00
gi|154150401|ref|YP_001404019.1|_292-394_2F2A:B:294-400	0.00	0.00	0.00	9.00	0.00	1.89	1.83	2.00	0.00	118.00
gi|154150402|ref|YP_001404020.1|_1-600_1D6M:A:	1.00	6.18	3.89	11.29	0.00	2.28	1.35	1.95	0.00	609.00
gi|154150403|ref|YP_001404021.1|_12-231_2F6U:A:1001-1231	1.00	5.12	3.00	8.50	0.00	2.35	1.36	2.08	0.00	231.00
gi|154150404|ref|YP_001404022.1|_4-157_1V2X:A:	1.00	4.57	3.25	11.33	5.00	1.81	1.35	1.70	0.00	191.00
gi|154150405|ref|YP_001404023.1|_3-170_2OPL:A:4-185	1.00	5.50	3.50	14.25	0.00	1.78	1.50	2.50	0.00	182.00
gi|154150407|ref|YP_001404025.1|_3-245_1HUX:A:	0.00	6.00	4.00	12.38	0.00	1.86	1.33	2.54	0.00	259.00
gi|154150408|ref|YP_001404026.1|_20-158_1H21:A:	1.00	0.00	4.40	15.71	0.00	2.19	1.25	2.00	0.00	240.00
gi|154150411|ref|YP_001404029.1|_138-257_2HY5:A:1-130	1.00	5.00	7.00	9.80	0.00	1.73	1.17	1.56	0.00	130.00
gi|154150413|ref|YP_001404031.1|_98-163,220-286_2V4J:A:168-241,A:323-437	1.00	5.40	3.00	8.43	0.00	1.85	1.53	2.00	1.00	189.00
gi|154150413|ref|YP_001404031.1|_12-109_2AKJ:A:346-430	1.00	5.00	3.00	7.33	0.00	2.20	1.83	2.40	0.00	85.00
gi|154150413|ref|YP_001404031.1|_143-221_1CLF:A:	1.00	3.00	0.00	0.00	0.00	2.00	1.50	3.17	0.00	55.00
gi|154150415|ref|YP_001404033.1|_45-83_2RDV:A:	1.00	2.67	3.00	0.00	0.00	1.45	1.00	2.33	0.00	52.00
gi|154150415|ref|YP_001404033.1|_1-22_2RDV:A:	1.00	2.67	3.00	0.00	0.00	1.45	1.00	2.33	0.00	52.00
gi|154150416|ref|YP_001404034.1|_1-106_1JX7:A:	1.00	4.80	7.00	9.50	0.00	1.57	1.40	2.29	0.00	116.00
gi|154150418|ref|YP_001404036.1|_14-263_1LLW:A:1240-1507	0.00	7.00	3.00	8.00	0.00	1.73	1.35	3.11	0.00	268.00
gi|154150419|ref|YP_001404037.1|_1-98_1XRT:A:1-55,A:366-422	1.00	6.00	3.00	0.00	0.00	1.83	1.43	2.29	1.00	112.00
gi|154150419|ref|YP_001404037.1|_430-519_1XRT:A:1-55,A:366-422	1.00	6.00	3.00	0.00	0.00	1.83	1.43	2.29	1.00	112.00
gi|154150419|ref|YP_001404037.1|_53-459_1XRT:A:56-365	1.00	4.43	3.50	10.70	0.00	3.65	1.43	1.67	0.00	310.00
gi|154150420|ref|YP_001404038.1|_5-433_2IV2:X:1-564	1.00	3.95	3.57	8.59	0.00	1.84	1.62	2.14	0.00	564.00
gi|154150421|ref|YP_001404039.1|_3-118_2IV2:X:565-715	0.00	5.83	3.00	11.33	0.00	2.78	2.00	1.86	0.00	151.00
gi|154150422|ref|YP_001404040.1|_4-76_1JB0:C:	0.00	4.25	3.00	5.00	0.00	2.33	1.80	2.60	0.00	80.00
gi|154150423|ref|YP_001404041.1|_51-148,180-321_2DKF:A:1-431	1.00	4.33	4.33	9.58	0.00	1.78	1.87	2.27	0.00	431.00
gi|154150424|ref|YP_001404042.1|_287-393_2D1P:A:1-128	1.00	5.20	7.00	9.60	0.00	1.64	2.00	1.71	0.00	128.00
gi|154150424|ref|YP_001404042.1|_137-252_2HY5:A:1-130	1.00	5.00	7.00	9.80	0.00	1.73	1.17	1.56	0.00	130.00
gi|154150425|ref|YP_001404043.1|_1-180_1XS1:A:	1.00	4.36	3.00	8.33	0.00	1.50	1.50	2.00	0.00	193.00
gi|154150426|ref|YP_001404044.1|_199-477_1EVL:A:242-532	1.00	5.20	3.00	10.67	0.00	1.56	1.21	2.00	0.00	291.00
gi|154150426|ref|YP_001404044.1|_487-594_1NYR:A:533-645	0.00	4.40	0.00	9.60	0.00	1.90	1.80	2.14	0.00	113.00
gi|154150427|ref|YP_001404045.1|_31-653_1SU8:A:	1.00	4.25	3.17	12.00	0.00	1.86	1.44	1.82	0.00	633.00
gi|154150428|ref|YP_001404046.1|_13-256_1HYQ:A:	0.00	5.62	3.50	9.64	0.00	1.52	1.92	1.78	0.00	232.00
gi|154150429|ref|YP_001404047.1|_115-272_1VK6:A:126-256	1.00	9.33	0.00	14.00	0.00	2.27	1.25	2.29	0.00	131.00
gi|154150430|ref|YP_001404048.1|_34-140_1W25:A:2-140	0.00	4.80	0.00	13.40	0.00	1.45	1.70	2.50	0.00	139.00
gi|154150433|ref|YP_001404051.1|_63-297_1AMF:A:	1.00	5.18	3.00	8.90	0.00	1.71	1.56	1.91	0.00	231.00
gi|154150434|ref|YP_001404052.1|_16-265_2ONK:C:1-252	0.00	0.00	3.00	16.25	0.00	1.54	1.33	2.44	0.00	252.00
gi|154150435|ref|YP_001404053.1|_6-222_1G29:1:1-240	1.00	6.27	3.00	10.75	0.00	1.45	1.20	1.79	0.00	240.00
gi|154150436|ref|YP_001404054.1|_109-228_1V9Y:A:	1.00	7.20	3.33	7.33	0.00	2.30	1.17	2.17	0.00	113.00
gi|154150438|ref|YP_001404056.1|_311-335,418-581_2B8E:A:416-434,A:548-663	1.00	4.33	0.00	7.83	5.00	1.94	1.67	1.80	1.00	135.00
gi|154150438|ref|YP_001404056.1|_129-218_1SU4:A:125-239	1.00	3.78	3.00	0.00	0.00	1.62	1.70	2.71	0.00	115.00
gi|154150438|ref|YP_001404056.1|_37-107,220-317_1SU4:A:1-124,A:240-343,A:751-994	1.00	2.00	3.25	16.11	0.00	2.41	1.70	1.91	1.00	472.00
gi|154150439|ref|YP_001404057.1|_262-383_1MJH:A:	0.00	6.40	3.00	15.00	0.00	2.94	1.43	1.60	0.00	160.00
gi|154150439|ref|YP_001404057.1|_513-654_2K2N:A:31-200	1.00	5.20	3.00	13.50	0.00	2.45	1.43	2.00	0.00	170.00
gi|154150441|ref|YP_001404059.1|_12-314_1F0K:A:	0.00	4.23	3.33	9.62	0.00	2.23	1.60	1.83	0.00	363.00
gi|154150443|ref|YP_001404061.1|_1-121_1S8N:A:	0.00	5.60	3.00	13.88	0.00	1.50	1.60	2.00	0.00	190.00
gi|154150446|ref|YP_001404064.1|_1-153_2A5L:A:3-198	1.00	4.83	0.00	11.67	0.00	3.37	1.50	2.12	0.00	196.00
gi|154150448|ref|YP_001404066.1|_8-120_1RZW:A:	0.00	6.00	3.00	10.75	0.00	1.81	1.22	1.71	0.00	122.00
gi|154150449|ref|YP_001404067.1|_11-194,259-417_1SZW:A:	1.00	5.93	3.14	11.25	0.00	2.08	1.67	2.14	0.00	341.00
gi|154150450|ref|YP_001404068.1|_34-164,193-251_1Y7O:A:2-193	1.00	4.25	0.00	11.14	0.00	2.89	1.29	1.62	0.00	192.00
gi|154150451|ref|YP_001404069.1|_7-218_2AZN:A:6-224	1.00	6.44	3.00	10.00	0.00	2.23	1.60	1.91	0.00	219.00
gi|154150454|ref|YP_001404072.1|_43-104_1QYP:A:	0.00	4.75	0.00	0.00	0.00	2.62	2.60	3.00	0.00	56.00
gi|154150456|ref|YP_001404074.1|_3-122_1S8N:A:	0.00	5.60	3.00	13.88	0.00	1.50	1.60	2.00	0.00	190.00
gi|154150457|ref|YP_001404075.1|_358-519_2CSU:A:130-290	0.00	3.89	3.00	10.60	0.00	2.62	1.36	2.17	0.00	161.00
gi|154150457|ref|YP_001404075.1|_4-222_2SCU:B:1-238	1.00	5.42	4.00	10.29	0.00	1.83	1.64	2.36	0.00	238.00
gi|154150457|ref|YP_001404075.1|_237-359_2CSU:A:1-129	1.00	3.57	0.00	13.33	0.00	1.44	1.40	1.78	0.00	129.00
gi|154150457|ref|YP_001404075.1|_524-677_2CSU:A:291-453	0.00	4.00	0.00	12.17	0.00	1.87	1.56	2.50	0.00	163.00
gi|154150458|ref|YP_001404076.1|_28-620_1PG4:A:	1.00	4.97	3.20	9.29	0.00	1.85	1.40	1.93	0.00	643.00
gi|154150459|ref|YP_001404077.1|_94-184_1MP9:A:97-197	0.00	5.00	0.00	12.00	0.00	1.60	1.86	2.60	0.00	101.00
gi|154150459|ref|YP_001404077.1|_7-93_1AIS:A:1-92	1.00	6.75	0.00	10.50	0.00	1.73	1.67	2.33	0.00	92.00
gi|154150460|ref|YP_001404078.1|_12-108_2P4W:A:1-194	1.00	5.60	0.00	15.38	0.00	1.58	1.29	2.00	0.00	197.00
gi|154150461|ref|YP_001404079.1|_10-150_1LK5:A:1-130,A:211-229	1.00	4.88	3.00	11.25	0.00	1.56	1.33	1.75	1.00	149.00
gi|154150461|ref|YP_001404079.1|_137-210_1LK5:A:131-210	1.00	4.20	3.50	8.00	0.00	1.36	1.71	1.40	0.00	80.00
gi|154150462|ref|YP_001404080.1|_4-258_1L5X:A:	1.00	5.36	3.00	11.38	0.00	1.67	1.35	1.83	0.00	279.00
gi|154150463|ref|YP_001404081.1|_82-283_1IOW:A:97-306	1.00	5.00	3.00	9.00	0.00	1.95	1.80	1.92	0.00	210.00
gi|154150466|ref|YP_001404084.1|_4-521_2IV2:X:1-564	1.00	3.95	3.57	8.59	0.00	1.84	1.62	2.14	0.00	564.00
gi|154150466|ref|YP_001404084.1|_494-609_2IV2:X:565-715	0.00	5.83	3.00	11.33	0.00	2.78	2.00	1.86	0.00	151.00
gi|154150467|ref|YP_001404085.1|_281-357_2BS2:B:107-239	0.00	0.00	3.00	8.38	0.00	2.56	1.25	1.80	0.00	134.00
gi|154150468|ref|YP_001404086.1|_29-119_1ID2:A:	1.00	4.09	3.00	0.00	0.00	1.19	2.00	2.17	0.00	106.00
gi|154150470|ref|YP_001404088.1|_21-115,212-305,606-804_1SU4:A:1-124,A:240-343,A:751-994	1.00	2.00	3.25	16.11	0.00	2.41	1.70	1.91	1.00	472.00
gi|154150470|ref|YP_001404088.1|_309-329,425-655_1SU4:A:344-360,A:600-750	1.00	3.88	3.00	8.75	0.00	1.56	1.33	1.82	1.00	168.00
gi|154150470|ref|YP_001404088.1|_115-212_1SU4:A:125-239	1.00	3.78	3.00	0.00	0.00	1.62	1.70	2.71	0.00	115.00
gi|154150470|ref|YP_001404088.1|_327-468_2B8E:A:435-547	0.00	5.83	0.00	9.75	0.00	2.29	1.67	2.57	0.00	113.00
gi|154150471|ref|YP_001404089.1|_12-450_1KPL:A:	1.00	0.00	3.20	17.50	0.00	2.09	1.50	1.87	0.00	430.00
gi|154150471|ref|YP_001404089.1|_467-593_1JR1:A:113-232	1.00	3.50	0.00	8.00	0.00	7.89	1.00	2.17	0.00	120.00
gi|154150472|ref|YP_001404090.1|_3-103_1O51:A:	0.00	5.67	0.00	11.50	0.00	5.11	1.00	1.75	0.00	113.00
gi|154150475|ref|YP_001404093.1|_5-53_1IYX:A:1-136	1.00	8.00	3.00	10.20	0.00	2.00	1.25	1.80	0.00	136.00
gi|154150477|ref|YP_001404095.1|_18-171_2OSO:A:5-156	0.00	6.25	3.00	10.29	0.00	1.94	1.36	1.60	0.00	158.00
gi|154150478|ref|YP_001404096.1|_259-374_2C2A:A:321-481	0.00	6.71	3.00	15.00	0.00	2.92	1.50	1.90	0.00	161.00
gi|154150479|ref|YP_001404097.1|_258-381_1P97:A:	0.00	9.20	0.00	5.75	0.00	1.33	1.33	2.29	0.00	113.00
gi|154150479|ref|YP_001404097.1|_29-141_1P97:A:	0.00	9.20	0.00	5.75	0.00	1.33	1.33	2.29	0.00	113.00
gi|154150479|ref|YP_001404097.1|_807-936_1EW0:A:	1.00	7.80	3.50	7.80	0.00	1.55	1.25	2.00	0.00	130.00
gi|154150479|ref|YP_001404097.1|_383-511_1EW0:A:	1.00	7.80	3.50	7.80	0.00	1.55	1.25	2.00	0.00	130.00
gi|154150479|ref|YP_001404097.1|_681-808_1EW0:A:	1.00	7.80	3.50	7.80	0.00	1.55	1.25	2.00	0.00	130.00
gi|154150479|ref|YP_001404097.1|_135-259_1LL8:A:	0.00	4.67	4.00	5.00	0.00	1.60	2.75	2.78	0.00	113.00
gi|154150479|ref|YP_001404097.1|_540-693_1F5M:A:	1.00	6.83	4.00	15.00	0.00	1.72	1.42	1.89	0.00	176.00
gi|154150479|ref|YP_001404097.1|_1029-1168_1L0O:A:	1.00	5.50	3.00	11.25	0.00	1.87	1.50	2.60	0.00	141.00
gi|154150480|ref|YP_001404098.1|_143-513_1LV7:A:	1.00	4.67	3.33	10.20	0.00	1.90	1.35	1.78	0.00	256.00
gi|154150482|ref|YP_001404100.1|_1-166,201-237,615-801_1II8:A:,B:	1.00	6.36	3.50	17.33	0.00	1.33	1.74	2.00	1.00	369.00
gi|154150482|ref|YP_001404100.1|_382-469_1L8D:B:	0.00	2.00	0.00	42.50	0.00	2.67	1.00	2.50	0.00	111.00
gi|154150483|ref|YP_001404101.1|_1-247_1II7:A:	1.00	5.47	3.00	9.25	0.00	1.97	1.65	2.15	0.00	333.00
gi|154150485|ref|YP_001404103.1|_2-136_1V8P:A:	1.00	2.75	6.00	9.88	0.00	1.54	1.00	1.71	0.00	132.00
gi|154150486|ref|YP_001404104.1|_1-94_1WOT:A:	0.00	3.00	0.00	11.50	0.00	1.92	1.33	1.75	0.00	98.00
gi|154150488|ref|YP_001404106.1|_33-174_1UAQ:A:	0.00	5.80	0.00	8.88	0.00	1.87	1.75	1.78	0.00	151.00
gi|154150489|ref|YP_001404107.1|_8-111_2HZT:A:4-98	1.00	6.00	4.00	10.20	0.00	1.11	1.50	1.83	0.00	95.00
gi|154150490|ref|YP_001404108.1|_7-200,250-462_1PW4:A:	1.00	0.00	5.00	17.67	0.00	2.95	1.44	1.68	0.00	450.00
gi|154150491|ref|YP_001404109.1|_1-186_1NNI:1:	1.00	4.00	3.00	10.71	0.00	2.00	1.00	1.90	0.00	173.00
gi|154150492|ref|YP_001404110.1|_24-141_2F4P:A:2-135	1.00	4.83	3.00	8.00	0.00	1.52	1.80	2.11	0.00	134.00
gi|154150493|ref|YP_001404111.1|_7-152_1AG9:A:	0.00	3.45	3.00	10.17	0.00	1.63	1.50	2.54	0.00	175.00
gi|154150494|ref|YP_001404112.1|_1-325_1LQA:A:	1.00	4.80	4.00	11.91	0.00	1.78	1.53	2.05	0.00	346.00
gi|154150497|ref|YP_001404115.1|_1-183_1RLI:A:	1.00	6.60	4.00	8.00	0.00	3.21	1.57	1.67	0.00	179.00
gi|154150498|ref|YP_001404116.1|_38-368_1TV8:A:	1.00	4.91	3.00	10.50	0.00	1.97	1.65	2.10	0.00	327.00
gi|154150499|ref|YP_001404117.1|_1-64_1I1G:A:2-61	0.00	0.00	3.00	11.00	0.00	2.80	1.25	1.25	0.00	60.00
gi|154150500|ref|YP_001404118.1|_8-69_1I1G:A:2-61	0.00	0.00	3.00	11.00	0.00	2.80	1.25	1.25	0.00	60.00
gi|154150501|ref|YP_001404119.1|_8-312_1TV8:A:	1.00	4.91	3.00	10.50	0.00	1.97	1.65	2.10	0.00	327.00
gi|154150502|ref|YP_001404120.1|_19-424_1MWV:A:35-440	1.00	2.86	3.00	10.69	0.00	2.04	1.40	2.00	0.00	405.00
gi|154150502|ref|YP_001404120.1|_425-730_1MWV:A:441-748	1.00	3.42	3.05	10.88	0.00	2.00	1.35	1.94	0.00	713.00
gi|154150503|ref|YP_001404121.1|_47-113_4KBP:A:9-120	1.00	5.75	3.00	0.00	0.00	1.95	2.71	2.00	0.00	112.00
gi|154150507|ref|YP_001404125.1|_228-263,304-329,383-396_1Q3A:A:	0.00	4.00	0.00	13.33	0.00	2.26	2.06	2.17	0.00	159.00
gi|154150508|ref|YP_001404126.1|_195-331_1NXO:A:	0.00	5.00	0.00	11.40	0.00	2.10	1.29	1.75	0.00	119.00
gi|154150511|ref|YP_001404129.1|_6-50_3CTA:A:5-89	0.00	5.00	0.00	12.50	0.00	1.20	1.33	2.00	0.00	85.00
gi|154150513|ref|YP_001404131.1|_5-164_1XZP:A:212-371	1.00	6.17	3.00	8.67	0.00	2.40	1.60	1.50	0.00	160.00
gi|154150514|ref|YP_001404132.1|_6-73_1FX7:A:145-230	0.00	4.67	3.00	5.67	0.00	1.13	1.43	1.83	0.00	86.00
gi|154150515|ref|YP_001404133.1|_27-89_2H3J:A:1-75	0.00	4.60	0.00	6.00	0.00	2.20	2.33	1.83	0.00	75.00
gi|154150516|ref|YP_001404134.1|_5-64_1ON2:A:2-62	0.00	4.00	0.00	12.67	0.00	1.67	1.33	2.00	0.00	61.00
gi|154150516|ref|YP_001404134.1|_65-131_1ON2:A:63-136	0.00	0.00	3.00	15.00	0.00	1.40	1.00	1.50	0.00	74.00
gi|154150519|ref|YP_001404137.1|_5-107_1T6S:A:86-162	0.00	4.33	0.00	10.25	0.00	1.57	1.25	1.75	0.00	77.00
gi|154150520|ref|YP_001404138.1|_11-111_1YYV:A:9-122	0.00	4.67	3.00	12.80	0.00	1.89	1.50	1.67	0.00	114.00
gi|154150521|ref|YP_001404139.1|_19-215_2QFI:A:5-208	1.00	0.00	3.57	5.86	0.00	2.43	2.25	2.71	0.00	204.00
gi|154150521|ref|YP_001404139.1|_220-293_2QFI:A:209-290	1.00	0.00	3.00	9.50	0.00	2.23	1.56	2.17	0.00	82.00
gi|154150526|ref|YP_001404144.1|_39-310_1N2Z:A:	1.00	3.50	3.67	9.60	0.00	1.74	1.53	2.00	0.00	245.00
gi|154150528|ref|YP_001404146.1|_3-128_2H1C:A:1-138	0.00	2.80	3.33	10.14	0.00	1.53	1.50	1.75	0.00	138.00
gi|154150529|ref|YP_001404147.1|_5-311_1L7V:A:	1.00	0.00	3.00	17.07	0.00	2.00	2.00	2.08	0.00	324.00
gi|154150530|ref|YP_001404148.1|_2-225_1VPL:A:	1.00	6.20	4.00	9.89	0.00	1.72	1.33	2.27	0.00	238.00
gi|154150531|ref|YP_001404149.1|_6-235_1XP3:A:2-298	1.00	3.50	3.25	10.90	0.00	1.97	2.00	1.83	0.00	297.00
gi|154150534|ref|YP_001404152.1|_22-184_1WL8:A:1-188	0.00	5.18	3.00	8.80	0.00	1.58	1.24	1.67	0.00	188.00
gi|154150535|ref|YP_001404153.1|_1-225_2D13:A:2-227	1.00	7.00	3.00	11.33	0.00	2.08	1.38	1.85	0.00	226.00
gi|154150536|ref|YP_001404154.1|_149-301_1FTR:A:149-296	1.00	6.00	3.33	15.00	0.00	1.50	1.36	1.90	0.00	148.00
gi|154150536|ref|YP_001404154.1|_7-148_1M5S:A:1-145	0.00	6.22	3.00	11.00	0.00	1.07	1.36	2.20	0.00	145.00
gi|154150537|ref|YP_001404155.1|_4-185_1SOU:A:	1.00	3.90	3.00	9.60	0.00	2.07	1.70	2.00	0.00	193.00
gi|154150538|ref|YP_001404156.1|_8-188_1VL5:A:	1.00	8.38	3.00	9.78	0.00	1.86	1.22	1.64	0.00	231.00
gi|154150539|ref|YP_001404157.1|_23-178_1YVO:A:4-172	0.00	7.86	3.00	13.00	0.00	1.71	2.40	1.89	0.00	169.00
gi|154150540|ref|YP_001404158.1|_1-87_1TUV:A:	0.00	8.25	0.00	12.00	0.00	2.83	1.25	2.00	0.00	103.00
gi|154150541|ref|YP_001404159.1|_18-439_1PW4:A:	1.00	0.00	5.00	17.67	0.00	2.95	1.44	1.68	0.00	450.00
gi|154150542|ref|YP_001404160.1|_115-230_1N9L:A:	0.00	8.00	4.00	8.00	0.00	1.64	1.00	1.86	0.00	109.00
gi|154150542|ref|YP_001404160.1|_331-447_2C2A:A:321-481	0.00	6.71	3.00	15.00	0.00	2.92	1.50	1.90	0.00	161.00
gi|154150543|ref|YP_001404161.1|_14-163_1W3B:A:	0.00	0.00	0.00	12.65	0.00	1.11	1.33	1.92	0.00	388.00
gi|154150543|ref|YP_001404161.1|_337-474_2C2L:A:24-224	0.00	0.00	3.00	14.50	0.00	1.92	1.14	2.00	0.00	201.00
gi|154150546|ref|YP_001404164.1|_11-309_2DPM:A:	1.00	5.14	3.75	9.90	0.00	2.79	1.29	2.25	0.00	275.00
gi|154150548|ref|YP_001404166.1|_53-213_1I9B:A:	1.00	8.25	3.00	11.00	0.00	2.60	1.55	2.55	0.00	216.00
gi|154150550|ref|YP_001404168.1|_4-147_1S8N:A:	0.00	5.60	3.00	13.88	0.00	1.50	1.60	2.00	0.00	190.00
gi|154150550|ref|YP_001404168.1|_173-310_2K2N:A:31-200	1.00	5.20	3.00	13.50	0.00	2.45	1.43	2.00	0.00	170.00
gi|154150551|ref|YP_001404169.1|_209-345_1YSR:A:299-446	0.00	6.14	3.00	11.50	0.00	3.27	1.50	1.83	0.00	148.00
gi|154150555|ref|YP_001404173.1|_30-118_2P4W:A:1-194	1.00	5.60	0.00	15.38	0.00	1.58	1.29	2.00	0.00	197.00
gi|154150556|ref|YP_001404174.1|_25-176_2NR9:A:4-192	0.00	0.00	4.00	15.12	0.00	1.92	1.36	2.86	0.00	189.00
gi|154150557|ref|YP_001404175.1|_6-189_1J2R:A:	1.00	6.17	3.00	9.33	0.00	2.56	2.00	2.27	0.00	188.00
gi|154150558|ref|YP_001404176.1|_18-201,258-478_1PV7:A:	0.00	0.00	4.00	15.09	0.00	1.72	1.67	1.86	0.00	417.00
gi|154150559|ref|YP_001404177.1|_4-70,301-534_1K23:A:	0.00	5.64	3.25	10.00	0.00	1.83	1.35	2.47	0.00	307.00
gi|154150559|ref|YP_001404177.1|_68-140,222-297_2EF7:A:1-127	1.00	4.43	3.00	10.50	0.00	1.67	1.00	1.60	0.00	127.00
gi|154150559|ref|YP_001404177.1|_138-248_2IOJ:A:206-325	0.00	3.88	0.00	8.40	0.00	1.38	1.80	1.78	0.00	120.00
gi|154150561|ref|YP_001404179.1|_15-109_2ESH:A:4-117	1.00	6.00	0.00	17.25	0.00	2.00	2.00	2.00	0.00	114.00
gi|154150562|ref|YP_001404180.1|_6-226_1VPL:A:	1.00	6.20	4.00	9.89	0.00	1.72	1.33	2.27	0.00	238.00
gi|154150564|ref|YP_001404182.1|_5-110_1VR4:A:1-103	1.00	8.20	3.00	11.00	0.00	1.25	2.50	2.40	0.00	103.00
gi|154150565|ref|YP_001404183.1|_11-90_1BXD:A:	0.00	6.00	3.00	11.67	0.00	3.12	1.45	2.00	0.00	161.00
gi|154150566|ref|YP_001404184.1|_1-105_2AYZ:A:817-949	0.00	5.40	0.00	12.00	0.00	2.15	1.30	1.67	0.00	133.00
gi|154150568|ref|YP_001404186.1|_4-222_1F3O:A:	0.00	6.00	3.00	11.14	0.00	1.59	1.47	2.21	0.00	232.00
gi|154150569|ref|YP_001404187.1|_186-259_1F13:A:628-728	1.00	9.14	0.00	0.00	0.00	1.91	2.00	2.33	0.00	101.00
gi|154150570|ref|YP_001404188.1|_6-101_1KU9:A:	0.00	3.33	4.00	14.71	0.00	1.55	1.40	1.67	0.00	151.00
gi|154150571|ref|YP_001404189.1|_197-329_2C2A:A:321-481	0.00	6.71	3.00	15.00	0.00	2.92	1.50	1.90	0.00	161.00
gi|154150573|ref|YP_001404191.1|_174-231,281-364,430-573_1C4O:A:2-409	1.00	4.78	3.67	13.09	0.00	4.42	1.24	1.56	0.00	408.00
gi|154150574|ref|YP_001404192.1|_3-463_2AR0:A:6-529	1.00	5.45	3.00	10.42	0.00	3.20	1.44	1.93	0.00	524.00
gi|154150575|ref|YP_001404193.1|_244-454_1YF2:A:1-220	1.00	3.25	3.00	10.86	0.00	2.04	2.60	1.70	0.00	220.00
gi|154150575|ref|YP_001404193.1|_20-218_1YF2:A:1-220	1.00	3.25	3.00	10.86	0.00	2.04	2.60	1.70	0.00	220.00
gi|154150579|ref|YP_001404197.1|_18-340_2DVT:A:1-325	1.00	4.88	3.11	9.64	0.00	1.80	1.62	2.16	0.00	325.00
gi|154150583|ref|YP_001404201.1|_11-73,119-418_1URO:A:	1.00	4.33	4.00	10.44	0.00	1.82	1.59	1.84	0.00	357.00
gi|154150584|ref|YP_001404202.1|_70-209_1BMT:A:741-896	0.00	4.40	3.00	12.17	0.00	1.65	1.62	2.12	0.00	156.00
gi|154150584|ref|YP_001404202.1|_6-82_1BMT:A:651-740	0.00	0.00	0.00	12.60	0.00	1.60	1.80	1.67	0.00	90.00
gi|154150585|ref|YP_001404203.1|_5-96_1B9R:A:	1.00	3.50	3.00	5.33	0.00	2.79	1.29	1.92	0.00	105.00
gi|154150586|ref|YP_001404204.1|_16-227_1Q7Z:A:301-559	1.00	4.30	3.33	12.78	0.00	1.57	1.50	2.08	0.00	259.00
gi|154150588|ref|YP_001404206.1|_1-85_1WMI:A:1-88	0.00	6.20	0.00	8.33	0.00	1.56	1.50	2.25	0.00	88.00
gi|154150589|ref|YP_001404207.1|_33-288_1D7K:A:44-283	1.00	4.00	3.00	11.44	0.00	2.00	1.55	1.78	0.00	240.00
gi|154150589|ref|YP_001404207.1|_258-394_7ODC:A:2-43,A:284-418	0.00	6.20	3.00	7.00	0.00	3.26	1.86	2.60	1.00	177.00
gi|154150593|ref|YP_001404211.1|_13-380_2E7J:A:8-371	1.00	4.42	3.00	9.33	0.00	2.52	1.80	2.40	0.00	364.00
gi|154150594|ref|YP_001404212.1|_299-482_1QZX:A:88-294	0.00	5.00	4.50	9.88	0.00	1.71	1.82	1.92	0.00	207.00
gi|154150594|ref|YP_001404212.1|_41-233_1E2F:A:	0.00	4.29	3.00	10.56	0.00	1.71	1.33	1.88	0.00	210.00
gi|154150595|ref|YP_001404213.1|_294-479_4TMK:A:	0.00	5.40	0.00	12.44	0.00	1.88	1.38	2.50	0.00	210.00
gi|154150595|ref|YP_001404213.1|_40-226_1G3U:A:	0.00	5.00	3.00	11.89	0.00	1.61	1.20	2.42	0.00	208.00
gi|154150598|ref|YP_001404216.1|_28-196_1G2I:A:	1.00	3.64	3.00	9.00	0.00	1.40	1.50	2.10	0.00	166.00
gi|154150600|ref|YP_001404218.1|_303-427_1P97:A:	0.00	9.20	0.00	5.75	0.00	1.33	1.33	2.29	0.00	113.00
gi|154150600|ref|YP_001404218.1|_178-304_1V9Y:A:	1.00	7.20	3.33	7.33	0.00	2.30	1.17	2.17	0.00	113.00
gi|154150600|ref|YP_001404218.1|_80-190_1G28:A:	1.00	7.20	4.00	8.00	0.00	1.36	1.60	2.00	0.00	104.00
gi|154150602|ref|YP_001404220.1|_148-357_1IWG:A:7-37,A:331-498	0.00	0.00	3.00	18.12	0.00	2.22	1.14	2.56	1.00	199.00
gi|154150602|ref|YP_001404220.1|_559-754_1IWG:A:7-37,A:331-498	0.00	0.00	3.00	18.12	0.00	2.22	1.14	2.56	1.00	199.00
gi|154150608|ref|YP_001404226.1|_1-209_1Z7M:E:1-204	0.00	5.27	5.00	8.86	0.00	2.26	1.45	2.22	0.00	204.00
gi|154150608|ref|YP_001404226.1|_212-284_1H3D:A:225-299	1.00	3.67	0.00	5.67	0.00	3.30	1.40	2.50	0.00	75.00
gi|154150609|ref|YP_001404227.1|_1-233_1VZW:A:2-240	1.00	5.10	3.00	8.09	0.00	2.80	1.55	1.70	0.00	239.00
gi|154150610|ref|YP_001404228.1|_86-176_2AE8:A:85-179	1.00	5.50	0.00	15.50	0.00	1.50	1.00	1.80	0.00	95.00
gi|154150610|ref|YP_001404228.1|_4-83_1RHY:A:2-93	0.00	6.25	0.00	14.00	0.00	2.60	1.25	2.00	0.00	92.00
gi|154150612|ref|YP_001404230.1|_593-675_1L0Q:A:302-391	1.00	5.38	0.00	0.00	0.00	1.79	1.75	2.00	0.00	90.00
gi|154150612|ref|YP_001404230.1|_1428-1517_1L0Q:A:302-391	1.00	5.38	0.00	0.00	0.00	1.79	1.75	2.00	0.00	90.00
gi|154150612|ref|YP_001404230.1|_1337-1428_1L0Q:A:302-391	1.00	5.38	0.00	0.00	0.00	1.79	1.75	2.00	0.00	90.00
gi|154150612|ref|YP_001404230.1|_1141-1241_1L0Q:A:302-391	1.00	5.38	0.00	0.00	0.00	1.79	1.75	2.00	0.00	90.00
gi|154150612|ref|YP_001404230.1|_1253-1342_1L0Q:A:302-391	1.00	5.38	0.00	0.00	0.00	1.79	1.75	2.00	0.00	90.00
gi|154150612|ref|YP_001404230.1|_853-954_1L0Q:A:302-391	1.00	5.38	0.00	0.00	0.00	1.79	1.75	2.00	0.00	90.00
gi|154150612|ref|YP_001404230.1|_757-858_1L0Q:A:302-391	1.00	5.38	0.00	0.00	0.00	1.79	1.75	2.00	0.00	90.00
gi|154150612|ref|YP_001404230.1|_949-1049_1L0Q:A:302-391	1.00	5.38	0.00	0.00	0.00	1.79	1.75	2.00	0.00	90.00
gi|154150612|ref|YP_001404230.1|_1052-1145_1L0Q:A:302-391	1.00	5.38	0.00	0.00	0.00	1.79	1.75	2.00	0.00	90.00
gi|154150612|ref|YP_001404230.1|_677-763_1L0Q:A:302-391	1.00	5.38	0.00	0.00	0.00	1.79	1.75	2.00	0.00	90.00
gi|154150614|ref|YP_001404232.1|_4-66_1B67:A:	0.00	2.00	4.00	15.00	0.00	1.14	1.00	2.00	0.00	68.00
gi|154150615|ref|YP_001404233.1|_65-250_1R5J:A:	1.00	4.80	3.00	11.15	0.00	1.42	1.54	2.00	0.00	329.00
gi|154150616|ref|YP_001404234.1|_4-157_1VK3:A:2-166	1.00	8.40	3.00	9.71	0.00	1.54	1.75	1.70	0.00	165.00
gi|154150616|ref|YP_001404234.1|_162-313_2ZOD:A:155-336	1.00	4.14	4.00	9.12	0.00	1.67	1.67	1.78	0.00	182.00
gi|154150617|ref|YP_001404235.1|_2-215_1IQP:A:2-232	0.00	4.57	3.00	8.77	0.00	1.65	1.09	2.00	0.00	231.00
gi|154150619|ref|YP_001404237.1|_49-168_1Q3A:A:	0.00	4.00	0.00	13.33	0.00	2.26	2.06	2.17	0.00	159.00
gi|154150623|ref|YP_001404241.1|_60-292_1P9E:A:	1.00	5.27	3.00	8.11	0.00	1.88	1.62	1.95	0.00	294.00
gi|154150624|ref|YP_001404242.1|_9-107_2HZT:A:4-98	1.00	6.00	4.00	10.20	0.00	1.11	1.50	1.83	0.00	95.00
gi|154150625|ref|YP_001404243.1|_2-60_1OTF:A:	0.00	4.75	3.00	19.00	0.00	1.50	1.00	1.67	0.00	59.00
gi|154150626|ref|YP_001404244.1|_6-108_1NE8:A:	0.00	7.17	3.00	8.00	0.00	1.71	1.44	1.80	0.00	116.00
gi|154150627|ref|YP_001404245.1|_607-905_1PF4:A:321-564	1.00	3.22	5.00	9.50	0.00	3.00	1.81	2.00	0.00	243.00
gi|154150627|ref|YP_001404245.1|_1-203,425-564_1F3O:A:	0.00	6.00	3.00	11.14	0.00	1.59	1.47	2.21	0.00	232.00
gi|154150629|ref|YP_001404247.1|_34-382_2Z1A:A:28-329	1.00	5.25	3.33	8.56	0.00	1.62	1.48	2.06	0.00	302.00
gi|154150629|ref|YP_001404247.1|_382-571_2Z1A:A:330-534	1.00	5.33	3.00	7.25	0.00	1.75	1.08	1.67	0.00	205.00
gi|154150630|ref|YP_001404248.1|_198-364_1OFZ:A:	1.00	6.40	4.00	0.00	0.00	1.71	1.39	2.23	0.00	312.00
gi|154150630|ref|YP_001404248.1|_32-208_1OFZ:A:	1.00	6.40	4.00	0.00	0.00	1.71	1.39	2.23	0.00	312.00
gi|154150632|ref|YP_001404250.1|_57-118_1UB9:A:	0.00	5.00	0.00	10.83	0.00	1.29	1.50	1.67	0.00	100.00
gi|154150633|ref|YP_001404251.1|_1-90_1WE3:O:	0.00	3.78	0.00	0.00	0.00	1.89	1.25	2.29	0.00	96.00
gi|154150634|ref|YP_001404252.1|_184-376_1WE3:A:190-373	1.00	6.00	3.00	13.80	0.00	1.65	1.50	2.67	0.00	184.00
gi|154150634|ref|YP_001404252.1|_8-134,406-521_1WE3:A:3-138,A:409-527	1.00	4.12	3.00	15.40	0.00	1.50	1.71	2.27	1.00	255.00
gi|154150634|ref|YP_001404252.1|_137-198_1WE3:A:139-189,A:374-408	0.00	5.67	0.00	16.00	0.00	1.14	2.00	1.67	1.00	86.00
gi|154150635|ref|YP_001404253.1|_71-358_1OYW:A:207-406	1.00	5.00	0.00	10.62	0.00	1.57	1.38	2.00	0.00	200.00
gi|154150636|ref|YP_001404254.1|_10-92_1MK0:A:	0.00	7.00	0.00	12.67	0.00	2.38	2.00	3.00	0.00	97.00
gi|154150636|ref|YP_001404254.1|_178-230_1E52:A:	0.00	0.00	0.00	12.33	0.00	1.80	1.33	2.00	0.00	56.00
gi|154150637|ref|YP_001404255.1|_12-90_1ZPY:A:4-94	0.00	0.00	3.00	22.00	0.00	1.88	1.00	1.50	0.00	91.00
gi|154150638|ref|YP_001404256.1|_103-262_1OHG:A:	1.00	5.88	3.00	9.17	0.00	2.11	1.25	2.33	0.00	281.00
gi|154150640|ref|YP_001404258.1|_1-216_2PG3:A:1-230	0.00	5.00	3.00	11.20	0.00	2.58	1.43	1.91	0.00	230.00
gi|154150641|ref|YP_001404259.1|_21-173_1K0S:A:	0.00	6.30	0.00	7.00	0.00	1.72	1.93	2.29	0.00	151.00
gi|154150642|ref|YP_001404260.1|_223-489_2CH7:B:225-529	0.00	0.00	3.00	72.50	0.00	2.00	2.00	2.25	0.00	308.00
gi|154150642|ref|YP_001404260.1|_10-121_1BYW:A:	1.00	8.60	3.00	7.67	0.00	1.46	1.67	1.88	0.00	110.00
gi|154150644|ref|YP_001404262.1|_197-306_1OTD:A:	1.00	6.60	3.00	7.00	5.00	1.36	2.00	2.00	0.00	105.00
gi|154150644|ref|YP_001404262.1|_364-471_1EW0:A:	1.00	7.80	3.50	7.80	0.00	1.55	1.25	2.00	0.00	130.00
gi|154150644|ref|YP_001404262.1|_79-172_1V9Y:A:	1.00	7.20	3.33	7.33	0.00	2.30	1.17	2.17	0.00	113.00
gi|154150645|ref|YP_001404263.1|_1-103_1MVO:A:	0.00	4.80	0.00	10.60	0.00	1.85	1.83	1.80	0.00	121.00
gi|154150647|ref|YP_001404265.1|_442-557_2C2A:A:321-481	0.00	6.71	3.00	15.00	0.00	2.92	1.50	1.90	0.00	161.00
gi|154150647|ref|YP_001404265.1|_247-349_1OTD:A:	1.00	6.60	3.00	7.00	5.00	1.36	2.00	2.00	0.00	105.00
gi|154150648|ref|YP_001404266.1|_125-428_2D69:A:134-424	1.00	3.67	3.00	10.50	0.00	1.73	1.67	1.64	0.00	291.00
gi|154150648|ref|YP_001404266.1|_4-126_2D69:A:8-133	1.00	3.67	3.00	10.50	0.00	1.73	1.67	1.64	0.00	291.00
gi|154150649|ref|YP_001404267.1|_3-408_1D9X:A:2-414	1.00	3.71	4.00	10.62	0.00	2.12	1.72	2.30	0.00	413.00
gi|154150649|ref|YP_001404267.1|_36-81,452-576_1D9X:A:415-595	0.00	5.00	3.00	12.40	0.00	2.93	1.21	2.14	0.00	181.00
gi|154150649|ref|YP_001404267.1|_594-640_1E52:A:	0.00	0.00	0.00	12.33	0.00	1.80	1.33	2.00	0.00	56.00
gi|154150650|ref|YP_001404268.1|_137-235_1P97:A:	0.00	9.20	0.00	5.75	0.00	1.33	1.33	2.29	0.00	113.00
gi|154150650|ref|YP_001404268.1|_244-351_1N9L:A:	0.00	8.00	4.00	8.00	0.00	1.64	1.00	1.86	0.00	109.00
gi|154150651|ref|YP_001404269.1|_404-808_1WNS:A:348-758	1.00	4.86	3.00	12.75	0.00	3.22	1.53	2.48	0.00	411.00
gi|154150651|ref|YP_001404269.1|_35-403_1NOY:A:	0.00	5.38	3.43	12.36	0.00	2.11	1.29	2.06	0.00	372.00
gi|154150652|ref|YP_001404270.1|_137-286_2HLP:A:163-330	1.00	5.14	3.00	17.50	0.00	2.25	1.67	1.86	0.00	161.00
gi|154150652|ref|YP_001404270.1|_2-137_1GV0:A:1-142	0.00	4.50	3.50	10.60	0.00	2.00	1.67	1.67	0.00	142.00
gi|154150653|ref|YP_001404271.1|_8-280_1EP3:A:	1.00	3.88	3.00	9.90	0.00	1.51	1.42	1.90	0.00	311.00
gi|154150654|ref|YP_001404272.1|_84-235_1EP3:B:103-262	1.00	5.11	3.00	8.75	0.00	1.71	1.91	2.27	0.00	160.00
gi|154150654|ref|YP_001404272.1|_6-89_1CQX:A:151-261	1.00	7.33	0.00	9.00	0.00	2.06	1.67	2.40	0.00	111.00
gi|154150655|ref|YP_001404273.1|_344-478_2C2A:A:321-481	0.00	6.71	3.00	15.00	0.00	2.92	1.50	1.90	0.00	161.00
gi|154150655|ref|YP_001404273.1|_109-222_1LL8:A:	0.00	4.67	4.00	5.00	0.00	1.60	2.75	2.78	0.00	113.00
gi|154150656|ref|YP_001404274.1|_117-221_1LL8:A:	0.00	4.67	4.00	5.00	0.00	1.60	2.75	2.78	0.00	113.00
gi|154150657|ref|YP_001404275.1|_2-190_1E5K:A:	0.00	4.44	3.00	8.14	0.00	1.77	1.54	2.07	0.00	188.00
gi|154150658|ref|YP_001404276.1|_174-300_1KS9:A:168-291	0.00	0.00	4.50	14.33	0.00	2.43	1.00	1.57	0.00	124.00
gi|154150658|ref|YP_001404276.1|_1-110_1KYQ:A:1-150	1.00	4.88	3.25	10.00	0.00	2.21	1.25	1.88	0.00	150.00
gi|154150659|ref|YP_001404277.1|_68-141_1MGT:A:89-169	1.00	2.00	3.00	9.75	0.00	1.50	1.00	2.00	0.00	81.00
gi|154150660|ref|YP_001404278.1|_51-138,244-313_1A1V:A:190-325	0.00	4.57	4.00	10.25	0.00	2.00	1.30	3.00	0.00	136.00
gi|154150661|ref|YP_001404279.1|_4-442_1C3C:A:	0.00	3.50	4.00	13.35	0.00	2.07	1.82	1.96	0.00	429.00
gi|154150662|ref|YP_001404280.1|_423-590_2C2A:A:321-481	0.00	6.71	3.00	15.00	0.00	2.92	1.50	1.90	0.00	161.00
gi|154150662|ref|YP_001404280.1|_227-346_1V9Y:A:	1.00	7.20	3.33	7.33	0.00	2.30	1.17	2.17	0.00	113.00
gi|154150662|ref|YP_001404280.1|_115-225_1OTD:A:	1.00	6.60	3.00	7.00	5.00	1.36	2.00	2.00	0.00	105.00
gi|154150662|ref|YP_001404280.1|_351-433_2C2A:A:232-320	0.00	0.00	3.00	24.00	0.00	2.33	0.00	1.75	0.00	89.00
gi|154150663|ref|YP_001404281.1|_3-120_1NXO:A:	0.00	5.00	0.00	11.40	0.00	2.10	1.29	1.75	0.00	119.00
gi|154150664|ref|YP_001404282.1|_1-139_1NXO:A:	0.00	5.00	0.00	11.40	0.00	2.10	1.29	1.75	0.00	119.00
gi|154150664|ref|YP_001404282.1|_1393-1503_2C2A:A:321-481	0.00	6.71	3.00	15.00	0.00	2.92	1.50	1.90	0.00	161.00
gi|154150664|ref|YP_001404282.1|_124-242_1P97:A:	0.00	9.20	0.00	5.75	0.00	1.33	1.33	2.29	0.00	113.00
gi|154150664|ref|YP_001404282.1|_801-925_1V9Y:A:	1.00	7.20	3.33	7.33	0.00	2.30	1.17	2.17	0.00	113.00
gi|154150664|ref|YP_001404282.1|_527-669_1VHM:A:	0.00	7.00	3.00	14.75	0.00	2.00	1.36	1.80	0.00	159.00
gi|154150664|ref|YP_001404282.1|_256-369_1EW0:A:	1.00	7.80	3.50	7.80	0.00	1.55	1.25	2.00	0.00	130.00
gi|154150664|ref|YP_001404282.1|_690-801_1EW0:A:	1.00	7.80	3.50	7.80	0.00	1.55	1.25	2.00	0.00	130.00
gi|154150664|ref|YP_001404282.1|_394-500_1V9Y:A:	1.00	7.20	3.33	7.33	0.00	2.30	1.17	2.17	0.00	113.00
gi|154150664|ref|YP_001404282.1|_923-1031_1NWZ:A:	1.00	7.00	3.00	5.80	5.00	1.64	1.80	2.11	0.00	125.00
gi|154150664|ref|YP_001404282.1|_1046-1172_1EW0:A:	1.00	7.80	3.50	7.80	0.00	1.55	1.25	2.00	0.00	130.00
gi|154150665|ref|YP_001404283.1|_36-167_2FUG:6:15-175	1.00	3.25	3.00	10.20	0.00	3.35	1.43	1.71	0.00	161.00
gi|154150666|ref|YP_001404284.1|_183-525_2FUG:4:35-409	1.00	3.29	3.00	10.92	0.00	2.44	1.96	2.89	0.00	375.00
gi|154150666|ref|YP_001404284.1|_27-187_2FUG:5:1-196	0.00	4.57	0.00	7.75	0.00	2.74	1.84	2.40	0.00	196.00
gi|154150671|ref|YP_001404289.1|_37-130_2ATR:A:1-137	0.00	7.00	3.50	8.50	0.00	3.45	1.57	1.71	0.00	137.00
gi|154150674|ref|YP_001404292.1|_17-112_2P4W:A:1-194	1.00	5.60	0.00	15.38	0.00	1.58	1.29	2.00	0.00	197.00
gi|154150675|ref|YP_001404293.1|_4-122_1FLM:A:	0.00	8.71	3.00	6.67	0.00	1.56	2.00	2.50	0.00	122.00
gi|154150676|ref|YP_001404294.1|_5-85_1IIO:A:	1.00	0.00	3.00	11.33	0.00	2.57	1.50	2.40	0.00	83.00
gi|154150677|ref|YP_001404295.1|_175-246_1U2W:A:12-119	0.00	3.00	0.00	11.83	0.00	2.50	1.20	1.75	0.00	108.00
gi|154150678|ref|YP_001404296.1|_17-403_1PV7:A:	0.00	0.00	4.00	15.09	0.00	1.72	1.67	1.86	0.00	417.00
gi|154150680|ref|YP_001404298.1|_12-196_1YAC:A:	1.00	5.00	3.33	11.00	5.00	1.60	1.36	2.22	0.00	204.00
gi|154150681|ref|YP_001404299.1|_13-273_2PW6:A:14-271	1.00	4.70	4.00	9.57	0.00	2.96	1.53	2.27	0.00	258.00
gi|154150682|ref|YP_001404300.1|_1-56_1OTF:A:	0.00	4.75	3.00	19.00	0.00	1.50	1.00	1.67	0.00	59.00
gi|154150683|ref|YP_001404301.1|_426-554_2C2A:A:321-481	0.00	6.71	3.00	15.00	0.00	2.92	1.50	1.90	0.00	161.00
gi|154150683|ref|YP_001404301.1|_215-335_1EW0:A:	1.00	7.80	3.50	7.80	0.00	1.55	1.25	2.00	0.00	130.00
gi|154150685|ref|YP_001404303.1|_1-269_1CP2:A:	1.33	5.62	3.00	9.42	0.00	1.93	1.54	2.08	0.00	269.00
gi|154150686|ref|YP_001404304.1|_1-107_1HWU:A:	1.00	7.20	3.00	11.00	0.00	3.30	1.50	2.00	0.00	112.00
gi|154150687|ref|YP_001404305.1|_1-134_1HWU:A:	1.00	7.20	3.00	11.00	0.00	3.30	1.50	2.00	0.00	112.00
gi|154150688|ref|YP_001404306.1|_8-530_1MIO:A:	1.00	5.07	3.40	10.50	5.00	2.36	1.86	1.79	0.00	525.00
gi|154150689|ref|YP_001404307.1|_12-454_1MIO:B:	1.00	4.43	3.00	11.33	0.00	2.02	1.35	1.79	0.00	457.00
gi|154150690|ref|YP_001404308.1|_37-457_2MIN:A:	1.00	4.43	3.67	10.45	5.00	2.04	1.45	2.15	0.00	476.00
gi|154150691|ref|YP_001404309.1|_15-450_1MIO:B:	1.00	4.43	3.00	11.33	0.00	2.02	1.35	1.79	0.00	457.00
gi|154150692|ref|YP_001404310.1|_4-102_1F37:A:	0.00	4.60	3.00	12.00	0.00	1.86	1.17	2.86	0.00	109.00
gi|154150695|ref|YP_001404313.1|_137-207_1KF6:B:106-243	0.00	0.00	3.33	8.50	0.00	2.73	1.00	1.67	0.00	138.00
gi|154150696|ref|YP_001404314.1|_10-284_1YCG:A:2-250	1.50	3.62	3.00	10.43	0.00	1.71	1.64	2.14	0.00	249.00
gi|154150696|ref|YP_001404314.1|_249-403_1YCG:A:251-399	1.00	5.00	3.00	12.80	0.00	1.67	1.78	2.00	0.00	149.00
gi|154150697|ref|YP_001404315.1|_120-256_2OSO:A:5-156	0.00	6.25	3.00	10.29	0.00	1.94	1.36	1.60	0.00	158.00
gi|154150697|ref|YP_001404315.1|_27-135_1I1G:A:2-61	0.00	0.00	3.00	11.00	0.00	2.80	1.25	1.25	0.00	60.00
gi|154150698|ref|YP_001404316.1|_120-303_1KO7:A:130-298	1.00	5.25	3.00	10.00	0.00	2.58	1.86	2.14	0.00	169.00
gi|154150700|ref|YP_001404318.1|_14-248_1MT0:A:	1.00	5.80	3.33	7.20	0.00	1.60	1.25	2.10	0.00	241.00
gi|154150701|ref|YP_001404319.1|_64-250_1BKJ:A:	1.00	6.20	4.50	9.45	0.00	3.20	1.22	1.64	0.00	239.00
gi|154150702|ref|YP_001404320.1|_9-115_1VC1:A:	1.00	6.00	3.00	13.33	0.00	2.00	1.17	2.00	0.00	110.00
gi|154150703|ref|YP_001404321.1|_34-128_1L0O:A:	1.00	5.50	3.00	11.25	0.00	1.87	1.50	2.60	0.00	141.00
gi|154150704|ref|YP_001404322.1|_1-108_1VC1:A:	1.00	6.00	3.00	13.33	0.00	2.00	1.17	2.00	0.00	110.00
gi|154150709|ref|YP_001404327.1|_5-167,246-326_1OJT:A:117-275,A:401-470	1.00	7.62	3.25	15.40	0.00	2.73	1.56	1.83	1.00	229.00
gi|154150710|ref|YP_001404328.1|_9-272_1L7V:A:	1.00	0.00	3.00	17.07	0.00	2.00	2.00	2.08	0.00	324.00
gi|154150711|ref|YP_001404329.1|_6-232_1F3O:A:	0.00	6.00	3.00	11.14	0.00	1.59	1.47	2.21	0.00	232.00
gi|154150712|ref|YP_001404330.1|_45-311_1PQ4:A:	1.00	4.50	3.00	12.44	0.00	3.25	1.55	2.70	0.00	289.00
gi|154150713|ref|YP_001404331.1|_68-138_1FX7:A:65-144	1.00	0.00	4.00	14.67	0.00	1.88	1.00	2.00	0.00	80.00
gi|154150713|ref|YP_001404331.1|_14-66_1ON2:A:2-62	0.00	4.00	0.00	12.67	0.00	1.67	1.33	2.00	0.00	61.00
gi|154150715|ref|YP_001404333.1|_2594-2963_1W3B:A:	0.00	0.00	0.00	12.65	0.00	1.11	1.33	1.92	0.00	388.00
gi|154150715|ref|YP_001404333.1|_954-1298_1W3B:A:	0.00	0.00	0.00	12.65	0.00	1.11	1.33	1.92	0.00	388.00
gi|154150715|ref|YP_001404333.1|_1954-2320_1FCH:A:	0.00	0.00	3.00	12.47	0.00	2.50	1.33	1.95	0.00	323.00
gi|154150715|ref|YP_001404333.1|_2325-2663_1W3B:A:	0.00	0.00	0.00	12.65	0.00	1.11	1.33	1.92	0.00	388.00
gi|154150715|ref|YP_001404333.1|_3444-3780_1W3B:A:	0.00	0.00	0.00	12.65	0.00	1.11	1.33	1.92	0.00	388.00
gi|154150715|ref|YP_001404333.1|_3783-4079_1W3B:A:	0.00	0.00	0.00	12.65	0.00	1.11	1.33	1.92	0.00	388.00
gi|154150715|ref|YP_001404333.1|_455-749_1W3B:A:	0.00	0.00	0.00	12.65	0.00	1.11	1.33	1.92	0.00	388.00
gi|154150715|ref|YP_001404333.1|_1268-1572_1W3B:A:	0.00	0.00	0.00	12.65	0.00	1.11	1.33	1.92	0.00	388.00
gi|154150715|ref|YP_001404333.1|_3164-3472_1W3B:A:	0.00	0.00	0.00	12.65	0.00	1.11	1.33	1.92	0.00	388.00
gi|154150715|ref|YP_001404333.1|_731-994_1FCH:A:	0.00	0.00	3.00	12.47	0.00	2.50	1.33	1.95	0.00	323.00
gi|154150715|ref|YP_001404333.1|_199-487_1FCH:A:	0.00	0.00	3.00	12.47	0.00	2.50	1.33	1.95	0.00	323.00
gi|154150715|ref|YP_001404333.1|_5-246_1ELW:A:	0.00	0.00	0.00	13.29	0.00	1.00	0.00	1.86	0.00	117.00
gi|154150715|ref|YP_001404333.1|_1775-2014_2C2L:A:24-224	0.00	0.00	3.00	14.50	0.00	1.92	1.14	2.00	0.00	201.00
gi|154150715|ref|YP_001404333.1|_1537-1773_1ELW:A:	0.00	0.00	0.00	13.29	0.00	1.00	0.00	1.86	0.00	117.00
gi|154150715|ref|YP_001404333.1|_2937-3241_1W3B:A:	0.00	0.00	0.00	12.65	0.00	1.11	1.33	1.92	0.00	388.00
gi|154150716|ref|YP_001404334.1|_55-189_1WIN:A:	0.00	4.50	0.00	11.20	0.00	2.73	1.83	2.33	0.00	142.00
gi|154150718|ref|YP_001404336.1|_16-229_1X42:A:1-230	1.00	4.50	4.00	11.10	0.00	1.58	1.40	2.07	0.00	230.00
gi|154150719|ref|YP_001404337.1|_2-161_1N13:A:,B:	1.00	8.38	0.00	15.50	0.00	1.78	1.62	1.71	1.00	158.00
gi|154150720|ref|YP_001404338.1|_56-163_2H7W:A:3-110	1.00	6.62	3.00	0.00	0.00	1.29	1.50	2.38	0.00	108.00
gi|154150732|ref|YP_001404350.1|_166-235_2HOE:A:10-71	1.00	5.00	0.00	9.33	0.00	3.00	1.00	1.00	0.00	62.00
gi|154150732|ref|YP_001404350.1|_85-150_2HTJ:A:1-73	0.00	4.00	4.00	10.67	0.00	1.50	2.14	1.00	0.00	73.00
gi|154150734|ref|YP_001404352.1|_8-251_1HYQ:A:	0.00	5.62	3.50	9.64	0.00	1.52	1.92	1.78	0.00	232.00
gi|154150735|ref|YP_001404353.1|_113-341_1U1J:A:396-760	1.33	3.30	3.67	10.82	0.00	2.07	1.64	2.04	0.00	365.00
gi|154150736|ref|YP_001404354.1|_3-95_1FRR:A:	0.00	4.43	0.00	6.00	0.00	1.75	3.00	2.38	0.00	95.00
gi|154150737|ref|YP_001404355.1|_122-269_1F6Y:A:	1.00	4.62	4.00	12.40	0.00	1.70	1.43	1.79	0.00	262.00
gi|154150738|ref|YP_001404356.1|_81-281_1AJ2:A:	1.00	4.10	5.00	12.89	5.00	2.00	1.06	1.79	0.00	282.00
gi|154150739|ref|YP_001404357.1|_22-675_1RU3:A:	1.00	4.36	3.57	10.57	0.00	2.19	1.68	2.10	0.00	728.00
gi|154150741|ref|YP_001404359.1|_239-488_1ZTC:A:1-207	1.00	4.46	3.83	9.20	0.00	1.76	1.40	2.11	0.00	207.00
gi|154150742|ref|YP_001404360.1|_6-190_1VIM:A:	0.00	4.40	3.00	12.88	0.00	2.00	1.40	1.90	0.00	199.00
gi|154150743|ref|YP_001404361.1|_2-368_1GDE:A:	1.00	4.17	3.14	12.15	0.00	2.02	1.17	2.20	0.00	388.00
gi|154150744|ref|YP_001404362.1|_3-76,166-340_1XFO:A:6-72,A:164-353	1.00	5.50	2.75	11.14	0.00	1.70	1.39	2.00	1.00	255.00
gi|154150744|ref|YP_001404362.1|_66-174_1VHE:A:73-162	0.00	5.50	3.00	6.00	0.00	1.58	1.17	2.67	0.00	90.00
gi|154150746|ref|YP_001404364.1|_3-371_2GP4:A:1-418	1.00	4.14	3.75	11.23	0.00	5.20	1.65	1.95	0.00	418.00
gi|154150746|ref|YP_001404364.1|_372-549_2GP4:A:419-608	1.00	5.75	3.00	6.00	0.00	1.73	1.59	1.92	0.00	190.00
gi|154150748|ref|YP_001404366.1|_235-525_1ZCZ:A:158-452	1.00	5.12	4.00	10.88	0.00	1.88	1.59	2.27	0.00	295.00
gi|154150748|ref|YP_001404366.1|_31-219_1G8M:A:4-200	1.00	4.40	3.00	10.10	0.00	2.00	1.33	1.91	0.00	197.00
gi|154150749|ref|YP_001404367.1|_28-115_1DKG:B:38-138	1.00	5.17	0.00	0.00	0.00	1.43	2.33	2.33	0.00	57.00
gi|154150749|ref|YP_001404367.1|_117-172_1DKG:A:139-197	1.00	5.50	0.00	0.00	0.00	1.71	2.00	2.00	0.00	59.00
gi|154150750|ref|YP_001404368.1|_166-355_1DKG:D:186-383	1.00	8.83	4.00	13.33	0.00	1.92	1.60	2.71	0.00	198.00
gi|154150750|ref|YP_001404368.1|_6-162_1DKG:D:3-185	1.00	3.83	3.00	10.40	0.00	1.67	1.42	2.09	0.00	183.00
gi|154150750|ref|YP_001404368.1|_357-513_1CKR:A:	1.00	5.90	0.00	7.00	0.00	2.00	2.14	2.78	0.00	159.00
gi|154150750|ref|YP_001404368.1|_507-581_1DKZ:A:507-603	0.00	0.00	3.00	16.60	0.00	1.20	1.50	1.00	0.00	97.00
gi|154150751|ref|YP_001404369.1|_3-107_1XBL:A:	0.00	0.00	0.00	12.67	0.00	2.14	2.33	2.50	0.00	75.00
gi|154150751|ref|YP_001404369.1|_260-345_1C3G:A:260-349	1.00	5.00	0.00	5.00	0.00	1.44	1.71	1.83	0.00	90.00
gi|154150751|ref|YP_001404369.1|_113-137,215-268_1NLT:A:110-138,A:213-257	1.00	6.80	0.00	4.00	0.00	1.83	1.00	2.00	1.00	74.00
gi|154150751|ref|YP_001404369.1|_144-211_1EXK:A:	1.00	3.67	3.00	0.00	0.00	1.60	1.86	3.33	0.00	79.00
gi|154150753|ref|YP_001404371.1|_132-288_1VE3:A:2-227	0.00	6.60	3.00	9.86	0.00	2.50	1.00	2.36	0.00	226.00
gi|154150754|ref|YP_001404372.1|_26-201_1DCE:A:1-241,A:351-443	1.00	0.00	3.00	15.13	0.00	1.70	1.60	2.08	1.00	334.00
gi|154150755|ref|YP_001404373.1|_297-433_1XM7:A:	1.00	4.11	3.00	7.00	0.00	2.25	1.50	2.14	0.00	194.00
gi|154150756|ref|YP_001404374.1|_5-116_2HQ9:A:1-148	1.00	8.25	3.00	12.00	0.00	2.91	1.33	2.00	0.00	148.00
gi|154150757|ref|YP_001404375.1|_213-569_1CLC:A:135-575	1.00	4.40	3.50	13.00	0.00	2.16	1.66	2.21	0.00	441.00
gi|154150757|ref|YP_001404375.1|_28-153_1SEN:A:	1.00	5.67	3.00	11.00	0.00	1.45	1.09	1.83	0.00	135.00
gi|154150759|ref|YP_001404377.1|_287-595_1EWQ:A:267-541	1.00	5.50	6.00	17.20	0.00	1.90	1.50	2.00	0.00	275.00
gi|154150759|ref|YP_001404377.1|_597-825_1EWQ:A:542-765	1.00	5.50	3.00	12.17	0.00	2.35	1.85	2.00	0.00	224.00
gi|154150759|ref|YP_001404377.1|_15-127_1E3M:A:2-116	0.00	5.67	3.00	10.67	0.00	1.82	1.50	1.57	0.00	115.00
gi|154150759|ref|YP_001404377.1|_126-286_1E3M:A:117-269	1.00	4.14	3.25	13.67	0.00	1.52	1.22	2.09	0.00	153.00
gi|154150760|ref|YP_001404378.1|_9-225_1B63:A:2-216	0.00	6.62	3.00	9.12	0.00	2.05	1.36	2.00	0.00	216.00
gi|154150760|ref|YP_001404378.1|_424-611_1X9Z:A:	1.00	6.29	3.00	11.14	0.00	2.00	1.29	2.25	0.00	182.00
gi|154150760|ref|YP_001404378.1|_200-337_1H7S:A:232-365	1.00	4.29	3.00	10.00	0.00	2.75	1.50	2.22	0.00	134.00
gi|154150761|ref|YP_001404379.1|_207-448_2IUB:A:9-285	0.00	7.71	4.00	22.17	0.00	1.70	1.64	2.40	0.00	281.00
gi|154150761|ref|YP_001404379.1|_52-158_1ORQ:C:	0.00	0.00	0.00	18.67	0.00	1.58	1.44	2.09	0.00	223.00
gi|154150761|ref|YP_001404379.1|_450-509_2IUB:A:286-349	0.00	0.00	0.00	18.50	0.00	9.50	1.00	3.00	0.00	64.00
gi|154150762|ref|YP_001404380.1|_52-237_1RRQ:A:9-229	0.00	0.00	3.00	10.58	0.00	2.00	1.23	1.80	0.00	221.00
gi|154150766|ref|YP_001404384.1|_3-191_2BB3:A:1-195	1.00	5.10	3.00	7.14	0.00	2.10	1.25	2.08	0.00	195.00
gi|154150767|ref|YP_001404385.1|_22-291_1SR8:A:	1.00	4.11	3.25	9.33	0.00	1.41	1.47	2.12	0.00	282.00
gi|154150768|ref|YP_001404386.1|_28-218_1F2V:A:	0.00	3.50	4.67	9.60	0.00	2.05	1.42	1.80	0.00	209.00
gi|154150769|ref|YP_001404387.1|_9-259_1VE2:A:1-235	1.00	5.10	3.67	7.57	0.00	2.45	1.32	2.33	0.00	235.00
gi|154150770|ref|YP_001404388.1|_8-181_3EEQ:A:8-214	1.00	4.60	3.00	9.67	0.00	2.38	1.25	2.40	0.00	205.00
gi|154150770|ref|YP_001404388.1|_169-290_3BY5:A:8-130	0.00	4.33	3.00	11.75	0.00	1.75	2.20	1.60	0.00	123.00
gi|154150771|ref|YP_001404389.1|_12-240_1CBF:A:	1.00	5.10	3.00	8.00	0.00	3.00	1.24	2.29	0.00	284.00
gi|154150772|ref|YP_001404390.1|_1-198_1CBF:A:	1.00	5.10	3.00	8.00	0.00	3.00	1.24	2.29	0.00	284.00
gi|154150773|ref|YP_001404391.1|_10-146_1L3I:A:	1.00	7.12	3.00	9.83	0.00	2.19	1.11	1.91	0.00	186.00
gi|154150774|ref|YP_001404392.1|_216-348_2C2A:A:321-481	0.00	6.71	3.00	15.00	0.00	2.92	1.50	1.90	0.00	161.00
gi|154150776|ref|YP_001404394.1|_1-240_1PJQ:A:216-457	1.00	5.10	4.33	7.12	0.00	2.17	1.45	2.47	0.00	242.00
gi|154150777|ref|YP_001404395.1|_1-199_1PDA:A:3-219	0.00	4.60	3.00	8.71	0.00	2.24	1.14	2.42	0.00	217.00
gi|154150777|ref|YP_001404395.1|_208-277_1GTK:A:220-313	0.00	8.33	3.00	12.33	0.00	1.71	1.33	2.17	0.00	94.00
gi|154150778|ref|YP_001404396.1|_2-407_2GSA:A:	1.00	4.36	3.20	10.47	0.00	1.78	1.62	2.19	0.00	427.00
gi|154150779|ref|YP_001404397.1|_2-324_1B4E:A:	1.00	3.85	3.33	10.91	0.00	1.61	1.36	2.05	0.00	323.00
gi|154150781|ref|YP_001404399.1|_8-147_1GPJ:A:1-143	0.00	6.25	0.00	11.83	0.00	1.40	1.50	2.00	0.00	143.00
gi|154150781|ref|YP_001404399.1|_149-309_1GPJ:A:144-302	1.00	4.33	3.00	11.50	0.00	1.56	1.50	1.43	0.00	159.00
gi|154150781|ref|YP_001404399.1|_312-411_1GPJ:A:303-404	0.00	0.00	0.00	25.67	0.00	3.00	1.33	2.25	0.00	102.00
gi|154150782|ref|YP_001404400.1|_121-201_1PJQ:A:114-215	0.00	5.50	0.00	12.60	0.00	1.75	1.00	1.83	0.00	102.00
gi|154150782|ref|YP_001404400.1|_1-104_1PJQ:A:1-113	1.00	4.29	4.00	10.67	0.00	1.54	1.57	2.00	0.00	113.00
gi|154150784|ref|YP_001404402.1|_1-169_1RLI:A:	1.00	6.60	4.00	8.00	0.00	3.21	1.57	1.67	0.00	179.00
gi|154150785|ref|YP_001404403.1|_4-132_1S8N:A:	0.00	5.60	3.00	13.88	0.00	1.50	1.60	2.00	0.00	190.00
gi|154150785|ref|YP_001404403.1|_331-463_2C2A:A:321-481	0.00	6.71	3.00	15.00	0.00	2.92	1.50	1.90	0.00	161.00
gi|154150785|ref|YP_001404403.1|_139-250_1P97:A:	0.00	9.20	0.00	5.75	0.00	1.33	1.33	2.29	0.00	113.00
gi|154150787|ref|YP_001404405.1|_306-429_1P97:A:	0.00	9.20	0.00	5.75	0.00	1.33	1.33	2.29	0.00	113.00
gi|154150787|ref|YP_001404405.1|_465-589_1V9Y:A:	1.00	7.20	3.33	7.33	0.00	2.30	1.17	2.17	0.00	113.00
gi|154150787|ref|YP_001404405.1|_683-802_2C2A:A:321-481	0.00	6.71	3.00	15.00	0.00	2.92	1.50	1.90	0.00	161.00
gi|154150787|ref|YP_001404405.1|_5-111_1P97:A:	0.00	9.20	0.00	5.75	0.00	1.33	1.33	2.29	0.00	113.00
gi|154150787|ref|YP_001404405.1|_145-254_1OTD:A:	1.00	6.60	3.00	7.00	5.00	1.36	2.00	2.00	0.00	105.00
gi|154150788|ref|YP_001404406.1|_1-125_1JBE:A:	0.00	4.40	0.00	10.80	0.00	2.07	1.71	1.83	0.00	128.00
gi|154150788|ref|YP_001404406.1|_128-252_1EW0:A:	1.00	7.80	3.50	7.80	0.00	1.55	1.25	2.00	0.00	130.00
gi|154150788|ref|YP_001404406.1|_243-336_2O9C:A:135-321	1.00	5.33	3.00	13.80	0.00	1.79	1.20	2.22	0.00	187.00
gi|154150789|ref|YP_001404407.1|_34-135_1OXB:B:	0.00	4.80	0.00	10.60	0.00	1.69	1.55	2.00	0.00	124.00
gi|154150790|ref|YP_001404408.1|_33-185_1K0S:A:	0.00	6.30	0.00	7.00	0.00	1.72	1.93	2.29	0.00	151.00
gi|154150791|ref|YP_001404409.1|_694-960_2CH7:B:225-529	0.00	0.00	3.00	72.50	0.00	2.00	2.00	2.25	0.00	308.00
gi|154150791|ref|YP_001404409.1|_443-695_2CH7:B:225-529	0.00	0.00	3.00	72.50	0.00	2.00	2.00	2.25	0.00	308.00
gi|154150793|ref|YP_001404411.1|_420-551_2C2A:A:321-481	0.00	6.71	3.00	15.00	0.00	2.92	1.50	1.90	0.00	161.00
gi|154150793|ref|YP_001404411.1|_208-332_1N9L:A:	0.00	8.00	4.00	8.00	0.00	1.64	1.00	1.86	0.00	109.00
gi|154150793|ref|YP_001404411.1|_78-188_1BYW:A:	1.00	8.60	3.00	7.67	0.00	1.46	1.67	1.88	0.00	110.00
gi|154150794|ref|YP_001404412.1|_13-192_1XM8:A:	1.00	4.43	4.00	9.78	0.00	1.68	2.14	1.83	0.00	253.00
gi|154150795|ref|YP_001404413.1|_3-177_1AF7:A:92-284	0.00	5.10	3.33	9.33	0.00	1.65	1.17	2.42	0.00	193.00
gi|154150796|ref|YP_001404414.1|_280-646_1QHT:A:348-750	1.00	5.20	0.00	11.86	0.00	3.32	1.27	2.10	0.00	403.00
gi|154150796|ref|YP_001404414.1|_13-248_1D5A:A:1-347	0.00	5.82	4.00	11.00	0.00	2.26	1.64	2.26	0.00	347.00
gi|154150798|ref|YP_001404416.1|_30-123_1FSI:A:	1.00	8.71	3.00	12.25	0.00	3.17	1.00	2.14	0.00	188.00
gi|154150799|ref|YP_001404417.1|_1-160_1KAG:A:	0.00	3.60	3.00	12.86	0.00	3.08	1.62	1.60	0.00	169.00
gi|154150800|ref|YP_001404418.1|_18-124,220-313,609-808_1SU4:A:1-124,A:240-343,A:751-994	1.00	2.00	3.25	16.11	0.00	2.41	1.70	1.91	1.00	472.00
gi|154150800|ref|YP_001404418.1|_317-337,425-641_1SU4:A:344-360,A:600-750	1.00	3.88	3.00	8.75	0.00	1.56	1.33	1.82	1.00	168.00
gi|154150800|ref|YP_001404418.1|_125-220_1SU4:A:125-239	1.00	3.78	3.00	0.00	0.00	1.62	1.70	2.71	0.00	115.00
gi|154150801|ref|YP_001404419.1|_14-79,118-218_2B67:A:1-201	1.00	6.40	3.00	10.11	0.00	2.17	1.67	1.50	0.00	201.00
gi|154150806|ref|YP_001404424.1|_220-400_1ZUN:A:1-211	1.00	3.83	3.00	12.17	0.00	3.04	1.42	2.00	0.00	211.00
gi|154150806|ref|YP_001404424.1|_124-196_1Q7H:A:69-153	0.00	5.00	3.00	5.33	0.00	1.40	1.60	2.33	0.00	85.00
gi|154150807|ref|YP_001404425.1|_3-200_1KA9:H:	0.00	4.31	6.00	8.60	0.00	1.55	2.00	1.85	0.00	195.00
gi|154150809|ref|YP_001404427.1|_13-99_1ULY:A:	1.00	6.25	4.00	14.50	0.00	1.67	1.43	1.75	0.00	190.00
gi|154150810|ref|YP_001404428.1|_58-260_1RIQ:A:1-236	0.00	7.00	2.75	8.00	0.00	1.68	1.79	2.31	0.00	236.00
gi|154150810|ref|YP_001404428.1|_308-495_1RIQ:A:237-457	0.00	2.00	1.00	15.56	0.00	2.85	1.12	2.17	0.00	217.00
gi|154150810|ref|YP_001404428.1|_596-754_1V7O:A:	1.00	6.57	3.00	14.33	0.00	1.88	1.29	2.33	0.00	155.00
gi|154150810|ref|YP_001404428.1|_510-595_2E1B:A:1-87	1.00	4.60	3.00	0.00	0.00	2.47	1.50	2.00	0.00	87.00
gi|154150812|ref|YP_001404430.1|_10-181_1XI8:A:6-181	1.33	3.75	3.00	10.00	0.00	7.80	1.40	1.67	0.00	176.00
gi|154150812|ref|YP_001404430.1|_183-327_1UZ5:A:181-328	1.00	4.67	0.00	13.50	0.00	1.73	1.33	1.86	0.00	148.00
gi|154150812|ref|YP_001404430.1|_334-402_1XI8:A:325-396	0.00	5.00	0.00	4.00	0.00	1.73	1.50	1.60	0.00	72.00
gi|154150814|ref|YP_001404432.1|_1-225_2FYW:A:1-265	1.00	5.50	3.50	9.78	0.00	1.85	1.25	1.83	0.00	265.00
gi|154150815|ref|YP_001404433.1|_377-493_1Y5H:A:2-124	1.00	4.29	3.00	7.17	0.00	2.00	1.00	1.64	0.00	123.00
gi|154150816|ref|YP_001404434.1|_64-126_2FDN:A:	0.00	2.50	3.00	4.00	0.00	1.92	3.00	2.00	0.00	55.00
gi|154150817|ref|YP_001404435.1|_2-222_2O34:A:1-248	1.00	5.75	3.67	14.40	0.00	1.78	1.61	2.30	0.00	247.00
gi|154150819|ref|YP_001404437.1|_27-76_2FBI:A:5-140	0.00	5.67	0.00	13.29	0.00	1.71	1.00	2.00	0.00	136.00
gi|154150820|ref|YP_001404438.1|_5-173_2O3A:A:1-167	0.00	5.12	0.00	9.83	0.00	2.38	1.89	1.83	0.00	166.00
gi|154150821|ref|YP_001404439.1|_95-276_1ULZ:A:115-328	1.00	7.25	3.00	12.00	0.00	1.91	1.73	2.00	0.00	214.00
gi|154150822|ref|YP_001404440.1|_8-89_1Q1H:A:	1.00	5.00	0.00	8.20	0.00	1.80	1.00	2.17	0.00	88.00
gi|154150822|ref|YP_001404440.1|_116-153_1DFX:A:1-36	0.00	2.40	0.00	0.00	0.00	1.44	2.00	2.33	0.00	36.00
gi|154150823|ref|YP_001404441.1|_20-126_2PQ7:A:1-217	0.00	0.00	3.50	12.40	0.00	7.11	1.40	2.14	0.00	217.00
gi|154150825|ref|YP_001404443.1|_43-272_1HYQ:A:	0.00	5.62	3.50	9.64	0.00	1.52	1.92	1.78	0.00	232.00
gi|154150826|ref|YP_001404444.1|_138-300_1CER:O:149-312	0.00	6.25	3.00	9.25	0.00	1.75	1.45	2.78	0.00	162.00
gi|154150826|ref|YP_001404444.1|_3-154_1GD1:O:0-148,O:313-333	1.00	4.00	3.33	8.60	0.00	1.57	1.55	2.00	1.00	171.00
gi|154150827|ref|YP_001404445.1|_14-47_1DFX:A:1-36	0.00	2.40	0.00	0.00	0.00	1.44	2.00	2.33	0.00	36.00
gi|154150828|ref|YP_001404446.1|_18-130,239-332,649-852_1SU4:A:1-124,A:240-343,A:751-994	1.00	2.00	3.25	16.11	0.00	2.41	1.70	1.91	1.00	472.00
gi|154150828|ref|YP_001404446.1|_336-356,456-698_2B8E:A:416-434,A:548-663	1.00	4.33	0.00	7.83	5.00	1.94	1.67	1.80	1.00	135.00
gi|154150828|ref|YP_001404446.1|_132-238_1SU4:A:125-239	1.00	3.78	3.00	0.00	0.00	1.62	1.70	2.71	0.00	115.00
gi|154150829|ref|YP_001404447.1|_1-316_1PZ1:A:	1.00	3.58	3.33	12.33	0.00	1.72	1.43	1.96	0.00	332.00
gi|154150829|ref|YP_001404447.1|_295-377_1KF6:B:106-243	0.00	0.00	3.33	8.50	0.00	2.73	1.00	1.67	0.00	138.00
gi|154150830|ref|YP_001404448.1|_10-219_2GMN:A:29-292	0.00	5.00	3.00	10.29	0.00	2.19	1.67	1.95	0.00	264.00
gi|154150831|ref|YP_001404449.1|_5-80_3C07:A:15-89	0.00	0.00	0.00	11.40	0.00	1.17	1.33	1.75	0.00	75.00
gi|154150831|ref|YP_001404449.1|_84-194_2GEN:A:76-193	1.00	0.00	4.00	18.00	0.00	1.71	1.33	2.00	0.00	118.00
gi|154150832|ref|YP_001404450.1|_3-228_1VPL:A:	1.00	6.20	4.00	9.89	0.00	1.72	1.33	2.27	0.00	238.00
gi|154150839|ref|YP_001404457.1|_5-235_3DHW:C:1-240	1.00	6.40	3.00	11.43	0.00	1.57	1.47	2.67	0.00	240.00
gi|154150842|ref|YP_001404460.1|_2-230_1I60:A:	1.00	4.90	3.60	11.20	0.00	1.84	1.62	2.00	0.00	278.00
gi|154150843|ref|YP_001404461.1|_240-342_2OAU:A:180-280	1.00	8.50	0.00	18.00	0.00	1.70	1.25	1.60	0.00	101.00
gi|154150843|ref|YP_001404461.1|_171-237_2OAU:A:113-179	0.00	4.80	0.00	10.50	0.00	1.00	1.80	2.00	0.00	67.00
gi|154150843|ref|YP_001404461.1|_86-170_2OAU:A:27-112	0.00	0.00	0.00	26.00	0.00	2.00	0.00	2.00	0.00	86.00
gi|154150846|ref|YP_001404464.1|_266-471_3DHW:C:1-240	1.00	6.40	3.00	11.43	0.00	1.57	1.47	2.67	0.00	240.00
gi|154150846|ref|YP_001404464.1|_2-239_1G29:1:1-240	1.00	6.27	3.00	10.75	0.00	1.45	1.20	1.79	0.00	240.00
gi|154150849|ref|YP_001404467.1|_8-160_1XI8:A:6-181	1.33	3.75	3.00	10.00	0.00	7.80	1.40	1.67	0.00	176.00
gi|154150849|ref|YP_001404467.1|_167-306_1UZ5:A:181-328	1.00	4.67	0.00	13.50	0.00	1.73	1.33	1.86	0.00	148.00
gi|154150849|ref|YP_001404467.1|_315-387_1XI8:A:325-396	0.00	5.00	0.00	4.00	0.00	1.73	1.50	1.60	0.00	72.00
gi|154150849|ref|YP_001404467.1|_466-594_1IXC:A:90-294	1.00	6.40	4.67	10.00	0.00	1.68	1.60	1.64	0.00	205.00
gi|154150850|ref|YP_001404468.1|_2-476_1BXS:A:	1.00	4.50	3.00	11.00	0.00	2.04	1.27	1.88	0.00	494.00
gi|154150852|ref|YP_001404470.1|_62-208_2GVI:A:1-168	0.00	4.00	3.00	9.86	0.00	2.00	1.33	1.75	0.00	168.00
gi|154150854|ref|YP_001404472.1|_1-126_1S8N:A:	0.00	5.60	3.00	13.88	0.00	1.50	1.60	2.00	0.00	190.00
gi|154150854|ref|YP_001404472.1|_145-251_1LL8:A:	0.00	4.67	4.00	5.00	0.00	1.60	2.75	2.78	0.00	113.00
gi|154150855|ref|YP_001404473.1|_3-188_1ZQ7:A:1-199	1.00	5.56	4.67	10.80	0.00	2.25	1.11	2.30	0.00	199.00
gi|154150856|ref|YP_001404474.1|_1-354_1IQ8:A:6-360	1.40	4.91	3.00	10.56	0.00	1.73	1.32	2.06	0.00	355.00
gi|154150856|ref|YP_001404474.1|_358-438_1IQ8:A:361-505	0.00	3.62	3.67	13.33	0.00	1.62	1.64	2.33	0.00	145.00
gi|154150857|ref|YP_001404475.1|_261-408_2Q07:A:244-393	0.00	4.40	3.00	11.40	0.00	2.85	1.82	1.60	0.00	150.00
gi|154150857|ref|YP_001404475.1|_1-237_1IQ8:A:6-360	1.40	4.91	3.00	10.56	0.00	1.73	1.32	2.06	0.00	355.00
gi|154150857|ref|YP_001404475.1|_481-543_2Q07:A:460-527	0.00	5.17	3.00	4.00	0.00	1.70	1.50	2.00	0.00	68.00
gi|154150858|ref|YP_001404476.1|_6-174_1F8G:A:1-143,A:327-384	0.00	3.70	3.11	8.57	0.00	2.00	1.12	2.08	1.00	201.00
gi|154150858|ref|YP_001404476.1|_144-319_1F8G:A:144-326	1.00	3.78	3.50	10.20	0.00	2.00	1.25	1.86	0.00	183.00
gi|154150860|ref|YP_001404478.1|_285-459_1E3T:A:	1.00	3.14	0.00	6.43	0.00	1.71	1.53	2.67	0.00	175.00
gi|154150862|ref|YP_001404480.1|_8-167_1N3Y:A:	1.00	6.67	4.40	9.33	0.00	1.50	1.60	2.10	0.00	189.00
gi|154150863|ref|YP_001404481.1|_32-279_1TXO:A:	1.00	6.18	3.67	11.33	0.00	1.50	1.83	2.18	0.00	235.00
gi|154150864|ref|YP_001404482.1|_18-288_1O6L:A:	1.00	5.33	3.20	9.50	0.00	2.54	1.45	2.10	0.00	337.00
gi|154150865|ref|YP_001404483.1|_167-276_1TE4:A:	0.00	0.00	3.00	10.33	0.00	1.55	1.67	1.60	0.00	111.00
gi|154150867|ref|YP_001404485.1|_135-333_1OLT:A:	1.00	4.74	3.50	10.80	0.00	1.87	1.35	1.92	0.00	441.00
gi|154150868|ref|YP_001404486.1|_4-202_1SU1:A:	1.00	4.82	3.00	9.67	0.00	2.30	1.80	2.00	0.00	184.00
gi|154150869|ref|YP_001404487.1|_2-171_1YEM:A:	1.00	9.75	3.00	11.00	0.00	2.50	1.75	2.62	0.00	178.00
gi|154150870|ref|YP_001404488.1|_2-145_1IX5:A:	1.00	3.90	0.00	6.33	0.00	2.09	1.50	1.93	0.00	151.00
gi|154150872|ref|YP_001404490.1|_7-125_2QI2:A:1-126	0.00	6.57	0.00	9.50	0.00	3.46	1.25	2.20	0.00	126.00
gi|154150872|ref|YP_001404490.1|_239-340_2VGN:A:278-381	0.00	5.00	3.00	11.75	0.00	1.57	1.67	2.33	0.00	105.00
gi|154150872|ref|YP_001404490.1|_130-243_2QI2:A:127-243	0.00	5.60	0.00	8.00	0.00	2.09	1.88	1.00	0.00	117.00
gi|154150875|ref|YP_001404493.1|_337-526_1VPL:A:	1.00	6.20	4.00	9.89	0.00	1.72	1.33	2.27	0.00	238.00
gi|154150875|ref|YP_001404493.1|_77-280_3DHW:C:1-240	1.00	6.40	3.00	11.43	0.00	1.57	1.47	2.67	0.00	240.00
gi|154150875|ref|YP_001404493.1|_2-82_2FDN:A:	0.00	2.50	3.00	4.00	0.00	1.92	3.00	2.00	0.00	55.00
gi|154150876|ref|YP_001404494.1|_101-337_1RWI:A:	0.00	4.42	3.25	0.00	0.00	2.27	1.27	2.07	0.00	269.00
gi|154150877|ref|YP_001404495.1|_2-127_2F9Z:C:1-157	1.00	5.50	3.00	14.00	0.00	2.00	1.57	2.83	0.00	157.00
gi|154150878|ref|YP_001404496.1|_1-197_1XKR:A:	0.00	7.00	7.00	16.80	0.00	2.06	1.62	1.71	0.00	205.00
gi|154150879|ref|YP_001404497.1|_344-527_1B3Q:A:355-539	0.00	6.57	3.00	9.29	0.00	3.00	1.30	2.08	0.00	185.00
gi|154150879|ref|YP_001404497.1|_529-654_1B3Q:A:540-671	1.00	6.55	3.00	4.00	0.00	1.67	1.43	2.00	0.00	132.00
gi|154150879|ref|YP_001404497.1|_5-127_1TQG:A:	0.00	0.00	0.00	22.00	0.00	1.60	2.00	1.50	0.00	104.00
gi|154150879|ref|YP_001404497.1|_164-244_1U0S:A:	0.00	7.00	0.00	9.33	0.00	1.22	2.00	1.75	0.00	86.00
gi|154150879|ref|YP_001404497.1|_284-343_1B3Q:A:293-354	0.00	5.00	0.00	24.00	0.00	2.50	2.00	2.00	0.00	62.00
gi|154150880|ref|YP_001404498.1|_147-340_1CHD:A:	1.00	5.22	3.00	9.50	0.00	1.60	1.60	2.20	0.00	198.00
gi|154150880|ref|YP_001404498.1|_1-128_1U0S:Y:	0.00	5.00	3.00	11.00	0.00	1.33	1.40	2.00	0.00	118.00
gi|154150881|ref|YP_001404499.1|_2-119_1U0S:Y:	0.00	5.00	3.00	11.00	0.00	1.33	1.40	2.00	0.00	118.00
gi|154150885|ref|YP_001404503.1|_220-582_1G6O:A:	1.00	5.15	3.00	13.11	0.00	1.74	1.55	2.05	0.00	323.00
gi|154150886|ref|YP_001404504.1|_13-236_1TF7:A:14-255	0.00	5.45	3.00	10.43	0.00	1.87	1.57	2.00	0.00	242.00
gi|154150893|ref|YP_001404511.1|_5-76_1IZ6:A:2-70	0.00	6.50	3.00	0.00	0.00	2.17	1.00	2.20	0.00	69.00
gi|154150893|ref|YP_001404511.1|_68-123_2EIF:A:74-132	0.00	7.40	0.00	0.00	0.00	1.50	1.00	2.20	0.00	59.00
gi|154150894|ref|YP_001404512.1|_5-258_1LBV:A:	1.00	4.73	3.00	10.43	0.00	1.80	2.00	2.08	0.00	252.00
gi|154150895|ref|YP_001404513.1|_3-267_1SUW:A:	1.00	6.00	3.67	8.20	0.00	1.68	1.79	2.07	0.00	249.00
gi|154150897|ref|YP_001404515.1|_143-305_1EBF:A:151-340	1.00	7.80	3.33	9.43	0.00	1.89	1.58	1.91	0.00	190.00
gi|154150897|ref|YP_001404515.1|_1-164_1EUZ:A:181-419	1.00	3.86	2.00	13.11	0.00	1.62	2.00	1.87	0.00	239.00
gi|154150898|ref|YP_001404516.1|_10-63_1ON2:A:2-62	0.00	4.00	0.00	12.67	0.00	1.67	1.33	2.00	0.00	61.00
gi|154150899|ref|YP_001404517.1|_25-196_1O1Y:A:	1.00	4.91	3.00	12.50	0.00	2.04	1.46	1.69	0.00	238.00
gi|154150901|ref|YP_001404519.1|_4-131_1S8N:A:	0.00	5.60	3.00	13.88	0.00	1.50	1.60	2.00	0.00	190.00
gi|154150901|ref|YP_001404519.1|_307-398_1W3B:A:	0.00	0.00	0.00	12.65	0.00	1.11	1.33	1.92	0.00	388.00
gi|154150901|ref|YP_001404519.1|_126-246_1DP6:A:	1.00	8.00	4.00	9.50	0.00	1.30	1.17	1.83	0.00	116.00
gi|154150902|ref|YP_001404520.1|_284-410_1EW0:A:	1.00	7.80	3.50	7.80	0.00	1.55	1.25	2.00	0.00	130.00
gi|154150902|ref|YP_001404520.1|_161-285_1P97:A:	0.00	9.20	0.00	5.75	0.00	1.33	1.33	2.29	0.00	113.00
gi|154150902|ref|YP_001404520.1|_493-622_1L0O:A:	1.00	5.50	3.00	11.25	0.00	1.87	1.50	2.60	0.00	141.00
gi|154150902|ref|YP_001404520.1|_17-130_1EW0:A:	1.00	7.80	3.50	7.80	0.00	1.55	1.25	2.00	0.00	130.00
gi|154150903|ref|YP_001404521.1|_56-202_1B00:A:	0.00	5.20	0.00	9.40	0.00	1.58	1.33	2.25	0.00	122.00
gi|154150903|ref|YP_001404521.1|_180-304_1EW0:A:	1.00	7.80	3.50	7.80	0.00	1.55	1.25	2.00	0.00	130.00
gi|154150903|ref|YP_001404521.1|_387-516_1L0O:A:	1.00	5.50	3.00	11.25	0.00	1.87	1.50	2.60	0.00	141.00
gi|154150905|ref|YP_001404523.1|_5-57_2J5O:A:742-811	0.00	2.00	0.00	11.00	0.00	2.00	1.67	1.40	0.00	70.00
gi|154150911|ref|YP_001404529.1|_8-102_1KRH:A:2-105	0.00	4.29	3.00	6.50	0.00	1.50	2.00	2.12	0.00	104.00
gi|154150912|ref|YP_001404530.1|_136-326_1TX2:A:	1.00	3.90	4.33	12.78	0.00	1.90	1.53	1.71	0.00	273.00
gi|154150913|ref|YP_001404531.1|_152-374_1F6Y:A:	1.00	4.62	4.00	12.40	0.00	1.70	1.43	1.79	0.00	262.00
gi|154150914|ref|YP_001404532.1|_1-399_1RU3:A:	1.00	4.36	3.57	10.57	0.00	2.19	1.68	2.10	0.00	728.00
gi|154150915|ref|YP_001404533.1|_17-175_1YTL:A:17-174	0.00	3.71	3.00	10.83	0.00	1.94	1.70	1.86	0.00	158.00
gi|154150916|ref|YP_001404534.1|_38-737_1MJG:A:	1.00	4.25	3.00	12.07	0.00	2.10	1.51	2.00	0.00	672.00
gi|154150916|ref|YP_001404534.1|_395-468_1H7W:A:2-183	1.00	0.00	3.50	9.12	0.00	2.90	1.18	1.92	0.00	182.00
gi|154150917|ref|YP_001404535.1|_3-249_1ION:A:	0.00	5.50	3.50	8.27	0.00	1.75	1.63	2.15	0.00	243.00
gi|154150918|ref|YP_001404536.1|_1-252_1HYQ:A:	0.00	5.62	3.50	9.64	0.00	1.52	1.92	1.78	0.00	232.00
gi|154150921|ref|YP_001404539.1|_1-191,347-405_2I0Z:A:1-192,A:362-420	1.00	3.73	3.17	10.25	0.00	1.56	1.75	1.80	1.00	251.00
gi|154150921|ref|YP_001404539.1|_192-350_2I0Z:A:193-361	1.00	4.33	3.00	10.00	0.00	1.75	1.25	2.71	0.00	169.00
gi|154150923|ref|YP_001404541.1|_2-223_2PHN:A:2-249	1.00	5.00	3.00	10.00	0.00	1.79	1.54	1.85	0.00	248.00
gi|154150924|ref|YP_001404542.1|_47-291_2IMR:A:91-398	1.00	4.75	3.00	8.94	0.00	1.85	1.24	1.59	0.00	308.00
gi|154150925|ref|YP_001404543.1|_2-141_1WJG:A:	0.00	5.00	3.00	15.25	0.00	1.67	2.00	1.75	0.00	135.00
gi|154150926|ref|YP_001404544.1|_1-117_2EF7:A:1-127	1.00	4.43	3.00	10.50	0.00	1.67	1.00	1.60	0.00	127.00
gi|154150926|ref|YP_001404544.1|_123-276_2YZQ:A:123-278	1.00	5.20	3.80	8.00	0.00	4.42	1.33	1.88	0.00	156.00
gi|154150927|ref|YP_001404545.1|_5-209_1J2Q:H:	0.00	5.42	3.00	14.20	0.00	1.65	1.50	2.09	0.00	202.00
gi|154150928|ref|YP_001404546.1|_188-637_2I7T:A:9-459	0.00	4.64	3.20	10.40	0.00	3.20	1.67	2.11	0.00	451.00
gi|154150928|ref|YP_001404546.1|_93-134_1FJG:C:2-106	1.33	3.33	3.00	9.67	0.00	2.07	2.17	3.00	0.00	105.00
gi|154150929|ref|YP_001404547.1|_5-357_1PV7:A:	0.00	0.00	4.00	15.09	0.00	1.72	1.67	1.86	0.00	417.00
gi|154150930|ref|YP_001404548.1|_26-238_1W3B:A:	0.00	0.00	0.00	12.65	0.00	1.11	1.33	1.92	0.00	388.00
gi|154150931|ref|YP_001404549.1|_8-169,306-389_1Q7L:A:,B:	1.00	5.50	3.00	10.88	0.00	2.00	1.44	2.11	1.00	280.00
gi|154150931|ref|YP_001404549.1|_169-213,245-300_1CG2:A:214-326	1.00	7.00	3.00	13.50	0.00	1.08	1.38	2.20	0.00	113.00
gi|154150933|ref|YP_001404551.1|_8-276_1TV8:A:	1.00	4.91	3.00	10.50	0.00	1.97	1.65	2.10	0.00	327.00
gi|154150934|ref|YP_001404552.1|_18-193_1EJ0:A:	0.00	7.14	0.00	13.40	0.00	2.06	1.25	2.00	0.00	180.00
gi|154150935|ref|YP_001404553.1|_5-108_1AXC:A:1-126	0.00	6.40	3.00	10.00	0.00	1.55	1.43	2.00	0.00	126.00
gi|154150935|ref|YP_001404553.1|_123-245_1RWZ:A:123-244	1.00	6.00	3.00	9.50	0.00	1.92	1.80	2.50	0.00	122.00
gi|154150936|ref|YP_001404554.1|_11-199,231-243_1ZT2:B:3-209	0.00	6.00	3.00	11.10	0.00	1.65	2.12	1.80	0.00	207.00
gi|154150937|ref|YP_001404555.1|_6-181_2PHP:A:241-420	1.33	3.89	3.00	12.60	0.00	1.76	1.33	1.73	0.00	180.00
gi|154150938|ref|YP_001404556.1|_1-59_1RQ6:A:	0.00	0.00	0.00	12.00	0.00	4.25	1.50	2.00	0.00	62.00
gi|154150939|ref|YP_001404557.1|_1-290_1O5K:A:	0.00	4.10	3.00	11.67	0.00	2.56	1.67	1.75	0.00	305.00
gi|154150940|ref|YP_001404558.1|_2-118,222-253_1DIH:A:2-130,A:241-273	1.00	3.00	3.00	10.60	0.00	1.76	1.38	2.60	1.00	162.00
gi|154150940|ref|YP_001404558.1|_119-222_1DIH:A:131-240	0.00	7.00	3.00	15.00	0.00	1.82	1.40	1.88	0.00	110.00
gi|154150941|ref|YP_001404559.1|_2-57_1CLF:A:	1.00	3.00	0.00	0.00	0.00	2.00	1.50	3.17	0.00	55.00
gi|154150942|ref|YP_001404560.1|_2-173_2GZ1:A:2-127,A:330-357	1.00	5.14	4.50	10.25	0.00	1.53	1.20	2.67	1.00	152.00
gi|154150942|ref|YP_001404560.1|_146-320_2GZ1:A:128-329	1.00	6.50	3.33	12.00	0.00	1.79	1.82	2.09	0.00	202.00
gi|154150943|ref|YP_001404561.1|_8-94_1NFJ:A:	1.00	8.00	0.00	14.00	0.00	1.44	1.50	1.80	0.00	87.00
gi|154150947|ref|YP_001404565.1|_34-228_1W5B:A:23-231	0.00	6.33	3.00	11.00	0.00	1.80	1.12	1.78	0.00	209.00
gi|154150947|ref|YP_001404565.1|_227-342_1W5B:A:232-354	0.00	7.00	3.00	10.00	0.00	1.33	1.00	2.10	0.00	123.00
gi|154150948|ref|YP_001404566.1|_2-44_2BJ7:A:1-50	0.00	9.00	0.00	14.50	0.00	2.00	1.50	1.50	0.00	50.00
gi|154150949|ref|YP_001404567.1|_17-330_1LC5:A:	0.00	4.31	3.29	10.58	0.00	1.87	1.37	2.00	0.00	355.00
gi|154150950|ref|YP_001404568.1|_1-199_1VIC:A:	1.00	4.91	3.00	8.60	0.00	2.10	1.46	1.78	0.00	261.00
gi|154150952|ref|YP_001404570.1|_29-244_1TV8:A:	1.00	4.91	3.00	10.50	0.00	1.97	1.65	2.10	0.00	327.00
gi|154150954|ref|YP_001404572.1|_1-73_2Z1C:A:2-72	0.00	6.00	0.00	17.00	0.00	1.43	1.00	2.00	0.00	71.00
gi|154150956|ref|YP_001404574.1|_155-325_2Z1E:A:156-334	0.00	4.57	3.00	10.60	0.00	2.25	1.80	1.90	0.00	179.00
gi|154150956|ref|YP_001404574.1|_2-151_2Z1E:A:43-155	0.00	7.29	0.00	15.50	0.00	1.57	2.25	2.20	0.00	113.00
gi|154150957|ref|YP_001404575.1|_3-183_2NR4:A:19-210	0.00	7.75	3.33	13.40	0.00	1.94	1.62	1.75	0.00	192.00
gi|154150959|ref|YP_001404577.1|_16-238_1EP3:A:	1.00	3.88	3.00	9.90	0.00	1.51	1.42	1.90	0.00	311.00
gi|154150960|ref|YP_001404578.1|_3-129_1TJN:A:	0.00	5.80	0.00	8.80	0.00	1.85	1.89	1.57	0.00	125.00
gi|154150961|ref|YP_001404579.1|_57-127_2GC6:A:1-296	1.00	4.73	3.50	12.50	0.00	2.24	1.73	1.93	0.00	296.00
gi|154150962|ref|YP_001404580.1|_4-137_2MIN:B:	1.00	4.17	3.00	11.81	0.00	2.23	1.43	2.04	0.00	522.00
gi|154150963|ref|YP_001404581.1|_1-195_1BYI:A:	1.00	4.50	3.00	9.88	0.00	1.61	1.57	1.79	0.00	224.00
gi|154150963|ref|YP_001404581.1|_245-453_1R9G:A:	0.00	4.58	4.50	9.60	0.00	1.82	1.50	1.82	0.00	196.00
gi|154150964|ref|YP_001404582.1|_1-279_1A3G:A:	1.00	4.25	3.00	11.00	0.00	2.24	1.53	2.00	0.00	305.00
gi|154150966|ref|YP_001404584.1|_1050-1129_1L0Q:A:302-391	1.00	5.38	0.00	0.00	0.00	1.79	1.75	2.00	0.00	90.00
gi|154150966|ref|YP_001404584.1|_963-1043_1L0Q:A:302-391	1.00	5.38	0.00	0.00	0.00	1.79	1.75	2.00	0.00	90.00
gi|154150966|ref|YP_001404584.1|_876-958_1L0Q:A:302-391	1.00	5.38	0.00	0.00	0.00	1.79	1.75	2.00	0.00	90.00
gi|154150966|ref|YP_001404584.1|_601-697_1L0Q:A:302-391	1.00	5.38	0.00	0.00	0.00	1.79	1.75	2.00	0.00	90.00
gi|154150966|ref|YP_001404584.1|_789-876_1L0Q:A:302-391	1.00	5.38	0.00	0.00	0.00	1.79	1.75	2.00	0.00	90.00
gi|154150966|ref|YP_001404584.1|_699-780_1L0Q:A:302-391	1.00	5.38	0.00	0.00	0.00	1.79	1.75	2.00	0.00	90.00
gi|154150966|ref|YP_001404584.1|_1133-1213_1L0Q:A:302-391	1.00	5.38	0.00	0.00	0.00	1.79	1.75	2.00	0.00	90.00
gi|154150966|ref|YP_001404584.1|_236-329_1L0Q:A:302-391	1.00	5.38	0.00	0.00	0.00	1.79	1.75	2.00	0.00	90.00
gi|154150966|ref|YP_001404584.1|_334-415_1L0Q:A:302-391	1.00	5.38	0.00	0.00	0.00	1.79	1.75	2.00	0.00	90.00
gi|154150966|ref|YP_001404584.1|_418-505_1L0Q:A:302-391	1.00	5.38	0.00	0.00	0.00	1.79	1.75	2.00	0.00	90.00
gi|154150966|ref|YP_001404584.1|_503-575_1L0Q:A:302-391	1.00	5.38	0.00	0.00	0.00	1.79	1.75	2.00	0.00	90.00
gi|154150967|ref|YP_001404585.1|_118-476_1FLG:A:	1.00	5.25	3.50	5.33	0.00	1.95	1.53	2.27	0.00	582.00
gi|154150970|ref|YP_001404588.1|_7-68_1Z77:A:1-75	0.00	0.00	0.00	14.75	0.00	2.00	2.00	2.00	0.00	75.00
gi|154150970|ref|YP_001404588.1|_84-194_2G3B:A:74-189	0.00	0.00	3.00	18.20	0.00	1.00	1.50	1.50	0.00	116.00
gi|154150972|ref|YP_001404590.1|_1-28_1AIW:A:	1.00	3.80	0.00	0.00	0.00	1.62	2.83	1.80	0.00	62.00
gi|154150976|ref|YP_001404594.1|_119-420_1SET:A:111-421	1.33	5.38	3.00	9.67	0.00	1.58	1.50	1.95	0.00	311.00
gi|154150976|ref|YP_001404594.1|_1-115_1SET:A:1-110	0.00	0.00	3.00	20.75	0.00	2.83	1.00	2.00	0.00	110.00
gi|154150979|ref|YP_001404597.1|_179-294_2YVX:A:7-131	0.00	0.00	3.00	7.00	0.00	1.18	1.67	2.36	0.00	125.00
gi|154150979|ref|YP_001404597.1|_307-419_2OUX:A:136-262	1.00	4.33	0.00	7.83	0.00	1.43	1.27	1.71	0.00	127.00
gi|154150980|ref|YP_001404598.1|_24-178_1XXL:A:	1.00	8.25	3.00	10.22	0.00	1.61	1.20	1.67	0.00	238.00
gi|154150982|ref|YP_001404600.1|_84-216_1ZJ8:A:407-555	1.00	4.83	3.50	8.80	0.00	1.45	1.67	2.10	0.00	149.00
gi|154150982|ref|YP_001404600.1|_6-78_1AOP:A:81-145	1.00	2.75	3.00	10.50	0.00	2.62	1.50	2.00	0.00	65.00
gi|154150983|ref|YP_001404601.1|_41-127_1L0Q:A:302-391	1.00	5.38	0.00	0.00	0.00	1.79	1.75	2.00	0.00	90.00
gi|154150983|ref|YP_001404601.1|_128-209_1L0Q:A:302-391	1.00	5.38	0.00	0.00	0.00	1.79	1.75	2.00	0.00	90.00
gi|154150983|ref|YP_001404601.1|_212-292_1L0Q:A:302-391	1.00	5.38	0.00	0.00	0.00	1.79	1.75	2.00	0.00	90.00
gi|154150983|ref|YP_001404601.1|_291-376_1L0Q:A:302-391	1.00	5.38	0.00	0.00	0.00	1.79	1.75	2.00	0.00	90.00
gi|154150985|ref|YP_001404603.1|_4-281_1NVM:A:2-290	1.00	5.12	3.33	10.55	0.00	1.49	1.40	1.86	0.00	289.00
gi|154150985|ref|YP_001404603.1|_382-491_1SR9:A:492-643	0.00	9.50	0.00	13.00	0.00	6.86	2.40	2.25	0.00	152.00
gi|154150986|ref|YP_001404604.1|_362-555_1N0H:A:461-687	1.00	5.17	3.00	9.89	0.00	2.04	1.40	1.91	0.00	227.00
gi|154150986|ref|YP_001404604.1|_184-353_1YBH:A:281-459	0.00	4.50	3.00	9.71	0.00	2.19	1.36	2.67	0.00	179.00
gi|154150986|ref|YP_001404604.1|_2-174_1YBH:A:86-280	0.00	4.12	3.00	8.56	0.00	2.16	2.00	2.25	0.00	195.00
gi|154150987|ref|YP_001404605.1|_77-160_2FGC:A:105-187	0.00	7.00	3.00	10.00	0.00	1.62	1.75	2.00	0.00	83.00
gi|154150987|ref|YP_001404605.1|_4-77_2PC6:A:1-77	0.00	8.00	2.00	12.50	0.00	1.75	1.33	1.75	0.00	77.00
gi|154150989|ref|YP_001404607.1|_11-306_1SEZ:A:13-329,A:442-497	1.00	3.73	3.00	8.53	0.00	2.29	2.07	1.82	1.00	373.00
gi|154150990|ref|YP_001404608.1|_1-207_1QG8:A:	1.00	6.89	3.50	9.25	0.00	2.82	1.38	1.92	0.00	255.00
gi|154150991|ref|YP_001404609.1|_38-153_1J1Y:A:	1.33	9.33	3.00	11.00	0.00	1.50	1.33	2.00	0.00	116.00
gi|154150993|ref|YP_001404611.1|_1-244_1E58:A:	1.00	5.00	3.00	9.50	0.00	2.07	1.11	1.89	0.00	247.00
gi|154150994|ref|YP_001404612.1|_46-199_1UEK:A:1-148	0.00	9.83	3.00	10.50	0.00	1.42	1.67	2.40	0.00	148.00
gi|154150997|ref|YP_001404615.1|_511-692_2O8R:A:506-691	1.00	4.00	3.00	12.80	0.00	1.70	1.42	2.00	0.00	186.00
gi|154150997|ref|YP_001404615.1|_117-323_2O8R:A:113-317	0.00	5.33	4.50	7.50	0.00	3.23	1.50	2.64	0.00	205.00
gi|154150997|ref|YP_001404615.1|_325-504_1XDP:A:315-501	1.00	6.38	3.50	10.20	0.00	1.52	1.50	2.29	0.00	187.00
gi|154150997|ref|YP_001404615.1|_11-114_1XDP:A:2-106	1.00	0.00	0.00	20.75	0.00	1.57	1.00	2.00	0.00	105.00
gi|154150998|ref|YP_001404616.1|_362-533_1U6Z:A:313-509	0.00	5.67	3.33	14.14	0.00	2.12	1.50	2.55	0.00	197.00
gi|154150999|ref|YP_001404617.1|_331-522_1U6Z:A:313-509	0.00	5.67	3.33	14.14	0.00	2.12	1.50	2.55	0.00	197.00
gi|154150999|ref|YP_001404617.1|_141-320_1U6Z:A:136-312	1.00	5.60	3.00	11.57	0.00	1.39	1.30	1.89	0.00	177.00
gi|154150999|ref|YP_001404617.1|_14-136_1U6Z:A:12-135	1.00	6.60	3.00	11.25	0.00	1.43	1.67	2.17	0.00	124.00
gi|154151000|ref|YP_001404618.1|_13-140_2HI6:A:1-132	1.33	4.25	0.00	7.67	0.00	1.52	1.38	2.00	0.00	131.00
gi|154151001|ref|YP_001404619.1|_132-382_2CE7:A:150-402	1.00	5.40	3.17	11.89	0.00	2.33	1.25	1.69	0.00	253.00
gi|154151003|ref|YP_001404621.1|_59-201_1IX5:A:	1.00	3.90	0.00	6.33	0.00	2.09	1.50	1.93	0.00	151.00
gi|154151004|ref|YP_001404622.1|_175-421_2CE7:A:150-402	1.00	5.40	3.17	11.89	0.00	2.33	1.25	1.69	0.00	253.00
gi|154151005|ref|YP_001404623.1|_82-148_1X57:A:8-85	1.00	0.00	0.00	9.75	0.00	2.38	1.60	2.00	0.00	78.00
gi|154151006|ref|YP_001404624.1|_1-134_1KGS:A:2-123	0.00	4.80	0.00	11.00	0.00	2.09	1.67	1.67	0.00	122.00
gi|154151006|ref|YP_001404624.1|_292-422_1P97:A:	0.00	9.20	0.00	5.75	0.00	1.33	1.33	2.29	0.00	113.00
gi|154151006|ref|YP_001404624.1|_623-759_2C2A:A:321-481	0.00	6.71	3.00	15.00	0.00	2.92	1.50	1.90	0.00	161.00
gi|154151006|ref|YP_001404624.1|_421-541_1EW0:A:	1.00	7.80	3.50	7.80	0.00	1.55	1.25	2.00	0.00	130.00
gi|154151006|ref|YP_001404624.1|_124-263_1OTD:A:	1.00	6.60	3.00	7.00	5.00	1.36	2.00	2.00	0.00	105.00
gi|154151006|ref|YP_001404624.1|_541-610_2C2A:A:232-320	0.00	0.00	3.00	24.00	0.00	2.33	0.00	1.75	0.00	89.00
gi|154151007|ref|YP_001404625.1|_12-137_1W25:A:2-140	0.00	4.80	0.00	13.40	0.00	1.45	1.70	2.50	0.00	139.00
gi|154151007|ref|YP_001404625.1|_441-572_2C2A:A:321-481	0.00	6.71	3.00	15.00	0.00	2.92	1.50	1.90	0.00	161.00
gi|154151007|ref|YP_001404625.1|_210-363_1VHM:A:	0.00	7.00	3.00	14.75	0.00	2.00	1.36	1.80	0.00	159.00
gi|154151007|ref|YP_001404625.1|_354-428_1JOY:A:	0.00	0.00	0.00	16.00	0.00	2.00	3.50	2.00	0.00	67.00
gi|154151009|ref|YP_001404627.1|_6-169_1RTT:A:	1.00	3.88	3.00	10.83	0.00	1.57	1.50	2.08	0.00	174.00
gi|154151010|ref|YP_001404628.1|_1-211_1SQS:A:	0.00	7.20	4.50	11.11	0.00	2.32	1.56	2.64	0.00	232.00
gi|154151012|ref|YP_001404630.1|_4-78_1JB0:C:	0.00	4.25	3.00	5.00	0.00	2.33	1.80	2.60	0.00	80.00
gi|154151013|ref|YP_001404631.1|_7-116_2IV2:X:565-715	0.00	5.83	3.00	11.33	0.00	2.78	2.00	1.86	0.00	151.00
gi|154151014|ref|YP_001404632.1|_9-436_2IV2:X:1-564	1.00	3.95	3.57	8.59	0.00	1.84	1.62	2.14	0.00	564.00
gi|154151015|ref|YP_001404633.1|_7-57,468-491_1XRT:A:1-55,A:366-422	1.00	6.00	3.00	0.00	0.00	1.83	1.43	2.29	1.00	112.00
gi|154151015|ref|YP_001404633.1|_57-464_1NFG:A:52-381	1.00	4.18	4.20	10.58	0.00	1.82	1.57	2.32	0.00	330.00
gi|154151016|ref|YP_001404634.1|_24-270_1LLW:A:1240-1507	0.00	7.00	3.00	8.00	0.00	1.73	1.35	3.11	0.00	268.00
gi|154151017|ref|YP_001404635.1|_74-247_1F5V:A:	1.00	6.20	4.50	9.64	0.00	2.73	1.38	1.67	0.00	240.00
gi|154151018|ref|YP_001404636.1|_93-158,215-281_2AKJ:A:431-556	1.00	5.57	3.00	13.00	0.00	1.47	1.67	2.25	0.00	126.00
gi|154151018|ref|YP_001404636.1|_10-104_2AKJ:A:22-174	0.00	3.86	3.40	6.75	0.00	1.47	1.14	1.83	0.00	153.00
gi|154151018|ref|YP_001404636.1|_138-214_1CLF:A:	1.00	3.00	0.00	0.00	0.00	2.00	1.50	3.17	0.00	55.00
gi|154151021|ref|YP_001404639.1|_216-350_1NXO:A:	0.00	5.00	0.00	11.40	0.00	2.10	1.29	1.75	0.00	119.00
gi|154151022|ref|YP_001404640.1|_56-127_1NKG:A:251-337	1.00	5.62	3.00	0.00	0.00	1.64	1.50	2.00	0.00	87.00
gi|154151025|ref|YP_001404643.1|_1-139_1YS7:A:7-127	0.00	4.80	0.00	12.25	0.00	1.83	1.62	3.25	0.00	121.00
gi|154151025|ref|YP_001404643.1|_518-645_2C2A:A:321-481	0.00	6.71	3.00	15.00	0.00	2.92	1.50	1.90	0.00	161.00
gi|154151025|ref|YP_001404643.1|_118-297_1MC0:A:402-555	0.00	5.57	0.00	14.50	0.00	1.86	1.57	1.82	0.00	154.00
gi|154151025|ref|YP_001404643.1|_304-428_1LL8:A:	0.00	4.67	4.00	5.00	0.00	1.60	2.75	2.78	0.00	113.00
gi|154151027|ref|YP_001404645.1|_256-480_1TF7:A:256-497	1.00	5.08	3.00	9.71	0.00	1.70	1.94	2.08	0.00	242.00
gi|154151027|ref|YP_001404645.1|_14-243_1TF7:A:14-255	0.00	5.45	3.00	10.43	0.00	1.87	1.57	2.00	0.00	242.00
gi|154151028|ref|YP_001404646.1|_38-129_1R5P:A:	0.00	6.00	3.00	11.33	0.00	1.56	1.17	2.00	0.00	90.00
gi|154151029|ref|YP_001404647.1|_24-114_1R5P:A:	0.00	6.00	3.00	11.33	0.00	1.56	1.17	2.00	0.00	90.00
gi|154151030|ref|YP_001404648.1|_417-546_1V9Y:A:	1.00	7.20	3.33	7.33	0.00	2.30	1.17	2.17	0.00	113.00
gi|154151030|ref|YP_001404648.1|_180-291_1EW0:A:	1.00	7.80	3.50	7.80	0.00	1.55	1.25	2.00	0.00	130.00
gi|154151030|ref|YP_001404648.1|_786-915_1L0O:A:	1.00	5.50	3.00	11.25	0.00	1.87	1.50	2.60	0.00	141.00
gi|154151030|ref|YP_001404648.1|_599-710_1EW0:A:	1.00	7.80	3.50	7.80	0.00	1.55	1.25	2.00	0.00	130.00
gi|154151030|ref|YP_001404648.1|_57-157_1OTD:A:	1.00	6.60	3.00	7.00	5.00	1.36	2.00	2.00	0.00	105.00
gi|154151030|ref|YP_001404648.1|_315-429_1DP6:A:	1.00	8.00	4.00	9.50	0.00	1.30	1.17	1.83	0.00	116.00
gi|154151031|ref|YP_001404649.1|_1-126_1S8N:A:	0.00	5.60	3.00	13.88	0.00	1.50	1.60	2.00	0.00	190.00
gi|154151031|ref|YP_001404649.1|_348-430_1YG2:A:	1.00	3.00	3.33	16.14	0.00	3.27	1.20	1.50	0.00	178.00
gi|154151032|ref|YP_001404650.1|_39-336,364-404_2LIV:A:	1.00	4.57	3.17	12.18	0.00	1.65	1.71	2.24	0.00	344.00
gi|154151033|ref|YP_001404651.1|_37-119_2OAR:A:10-118	0.00	3.00	0.00	17.20	0.00	2.25	1.00	2.00	0.00	118.00
gi|154151035|ref|YP_001404653.1|_163-273_1VC1:A:	1.00	6.00	3.00	13.33	0.00	2.00	1.17	2.00	0.00	110.00
gi|154151036|ref|YP_001404654.1|_3-113_1AUZ:A:	1.25	3.75	3.00	11.33	0.00	2.00	1.12	1.75	0.00	116.00
gi|154151037|ref|YP_001404655.1|_29-131_1L0O:A:	1.00	5.50	3.00	11.25	0.00	1.87	1.50	2.60	0.00	141.00
gi|154151038|ref|YP_001404656.1|_163-341_1TXO:A:	1.00	6.18	3.67	11.33	0.00	1.50	1.83	2.18	0.00	235.00
gi|154151038|ref|YP_001404656.1|_39-130_1YSR:A:299-446	0.00	6.14	3.00	11.50	0.00	3.27	1.50	1.83	0.00	148.00
gi|154151039|ref|YP_001404657.1|_398-508_1EW0:A:	1.00	7.80	3.50	7.80	0.00	1.55	1.25	2.00	0.00	130.00
gi|154151039|ref|YP_001404657.1|_872-980_1P97:A:	0.00	9.20	0.00	5.75	0.00	1.33	1.33	2.29	0.00	113.00
gi|154151039|ref|YP_001404657.1|_749-874_1EW0:A:	1.00	7.80	3.50	7.80	0.00	1.55	1.25	2.00	0.00	130.00
gi|154151039|ref|YP_001404657.1|_498-622_1EW0:A:	1.00	7.80	3.50	7.80	0.00	1.55	1.25	2.00	0.00	130.00
gi|154151039|ref|YP_001404657.1|_624-747_1EW0:A:	1.00	7.80	3.50	7.80	0.00	1.55	1.25	2.00	0.00	130.00
gi|154151039|ref|YP_001404657.1|_1069-1239_2C2A:A:321-481	0.00	6.71	3.00	15.00	0.00	2.92	1.50	1.90	0.00	161.00
gi|154151039|ref|YP_001404657.1|_270-381_1LL8:A:	0.00	4.67	4.00	5.00	0.00	1.60	2.75	2.78	0.00	113.00
gi|154151039|ref|YP_001404657.1|_26-127_1L0O:A:	1.00	5.50	3.00	11.25	0.00	1.87	1.50	2.60	0.00	141.00
gi|154151040|ref|YP_001404658.1|_3-131_1S8N:A:	0.00	5.60	3.00	13.88	0.00	1.50	1.60	2.00	0.00	190.00
gi|154151040|ref|YP_001404658.1|_126-236_1BYW:A:	1.00	8.60	3.00	7.67	0.00	1.46	1.67	1.88	0.00	110.00
gi|154151040|ref|YP_001404658.1|_251-363_1EW0:A:	1.00	7.80	3.50	7.80	0.00	1.55	1.25	2.00	0.00	130.00
gi|154151043|ref|YP_001404661.1|_280-636_1G6O:A:	1.00	5.15	3.00	13.11	0.00	1.74	1.55	2.05	0.00	323.00
gi|154151044|ref|YP_001404662.1|_12-120,217-311,602-795_1SU4:A:1-124,A:240-343,A:751-994	1.00	2.00	3.25	16.11	0.00	2.41	1.70	1.91	1.00	472.00
gi|154151044|ref|YP_001404662.1|_315-335,423-624_1SU4:A:344-360,A:600-750	1.00	3.88	3.00	8.75	0.00	1.56	1.33	1.82	1.00	168.00
gi|154151044|ref|YP_001404662.1|_121-217_1SU4:A:125-239	1.00	3.78	3.00	0.00	0.00	1.62	1.70	2.71	0.00	115.00
gi|154151044|ref|YP_001404662.1|_339-464_1U7Q:A:	0.00	7.33	0.00	10.00	0.00	2.22	1.33	2.00	0.00	136.00
gi|154151045|ref|YP_001404663.1|_5-145_1JBE:A:	0.00	4.40	0.00	10.80	0.00	2.07	1.71	1.83	0.00	128.00
gi|154151045|ref|YP_001404663.1|_646-772_2C2A:A:321-481	0.00	6.71	3.00	15.00	0.00	2.92	1.50	1.90	0.00	161.00
gi|154151045|ref|YP_001404663.1|_122-298_1F5M:A:	1.00	6.83	4.00	15.00	0.00	1.72	1.42	1.89	0.00	176.00
gi|154151045|ref|YP_001404663.1|_430-556_1EW0:A:	1.00	7.80	3.50	7.80	0.00	1.55	1.25	2.00	0.00	130.00
gi|154151045|ref|YP_001404663.1|_308-431_1EW0:A:	1.00	7.80	3.50	7.80	0.00	1.55	1.25	2.00	0.00	130.00
gi|154151046|ref|YP_001404664.1|_92-203_1MA1:A:92-204	1.00	6.67	3.00	9.00	0.00	1.56	1.43	2.11	0.00	113.00
gi|154151046|ref|YP_001404664.1|_6-92_1MA1:A:4-91	1.00	0.00	0.00	17.67	0.00	3.60	1.50	2.60	0.00	88.00
gi|154151047|ref|YP_001404665.1|_5-369_1EBD:A:7-154,A:272-346	1.00	3.85	3.00	14.80	0.00	1.71	1.47	2.00	1.00	223.00
gi|154151047|ref|YP_001404665.1|_339-452_1DXL:A:348-470	1.00	6.20	3.00	8.20	0.00	1.83	1.43	2.00	0.00	123.00
gi|154151053|ref|YP_001404671.1|_4-238_1TXO:A:	1.00	6.18	3.67	11.33	0.00	1.50	1.83	2.18	0.00	235.00
gi|154151056|ref|YP_001404674.1|_2-147_1OFG:A:1-160,A:323-381	1.00	4.00	3.75	10.25	0.00	2.24	1.69	1.67	1.00	219.00
gi|154151056|ref|YP_001404674.1|_127-275_1OFG:A:161-322	0.00	6.88	3.00	7.00	0.00	1.62	1.93	1.75	0.00	162.00
gi|154151057|ref|YP_001404675.1|_12-152_1FJJ:A:	1.00	6.25	3.00	11.00	0.00	2.14	1.60	2.08	0.00	158.00
gi|154151059|ref|YP_001404677.1|_517-647_1P97:A:	0.00	9.20	0.00	5.75	0.00	1.33	1.33	2.29	0.00	113.00
gi|154151059|ref|YP_001404677.1|_391-510_1OTD:A:	1.00	6.60	3.00	7.00	5.00	1.36	2.00	2.00	0.00	105.00
gi|154151059|ref|YP_001404677.1|_289-403_1EW0:A:	1.00	7.80	3.50	7.80	0.00	1.55	1.25	2.00	0.00	130.00
gi|154151059|ref|YP_001404677.1|_681-781_1EW0:A:	1.00	7.80	3.50	7.80	0.00	1.55	1.25	2.00	0.00	130.00
gi|154151059|ref|YP_001404677.1|_1067-1198_2C2A:A:321-481	0.00	6.71	3.00	15.00	0.00	2.92	1.50	1.90	0.00	161.00
gi|154151059|ref|YP_001404677.1|_807-937_1G28:A:	1.00	7.20	4.00	8.00	0.00	1.36	1.60	2.00	0.00	104.00
gi|154151060|ref|YP_001404678.1|_1-122_1S8N:A:	0.00	5.60	3.00	13.88	0.00	1.50	1.60	2.00	0.00	190.00
gi|154151063|ref|YP_001404681.1|_100-274_2K2N:A:31-200	1.00	5.20	3.00	13.50	0.00	2.45	1.43	2.00	0.00	170.00
gi|154151063|ref|YP_001404681.1|_1188-1317_2C2A:A:321-481	0.00	6.71	3.00	15.00	0.00	2.92	1.50	1.90	0.00	161.00
gi|154151063|ref|YP_001404681.1|_299-414_1P97:A:	0.00	9.20	0.00	5.75	0.00	1.33	1.33	2.29	0.00	113.00
gi|154151063|ref|YP_001404681.1|_727-852_1V9Y:A:	1.00	7.20	3.33	7.33	0.00	2.30	1.17	2.17	0.00	113.00
gi|154151063|ref|YP_001404681.1|_851-981_1EW0:A:	1.00	7.80	3.50	7.80	0.00	1.55	1.25	2.00	0.00	130.00
gi|154151063|ref|YP_001404681.1|_2-109_1JBE:A:	0.00	4.40	0.00	10.80	0.00	2.07	1.71	1.83	0.00	128.00
gi|154151063|ref|YP_001404681.1|_441-563_1V9Y:A:	1.00	7.20	3.33	7.33	0.00	2.30	1.17	2.17	0.00	113.00
gi|154151063|ref|YP_001404681.1|_562-691_1EW0:A:	1.00	7.80	3.50	7.80	0.00	1.55	1.25	2.00	0.00	130.00
gi|154151063|ref|YP_001404681.1|_980-1101_1EW0:A:	1.00	7.80	3.50	7.80	0.00	1.55	1.25	2.00	0.00	130.00
gi|154151064|ref|YP_001404682.1|_42-100_1S7I:A:	0.00	6.83	3.67	14.50	0.00	1.85	1.88	1.50	0.00	123.00
gi|154151065|ref|YP_001404683.1|_165-557_1V7W:A:271-801	1.00	3.40	4.00	12.12	0.00	1.78	1.33	2.00	0.00	531.00
gi|154151066|ref|YP_001404684.1|_1-410_2BIS:A:1-437	1.00	5.06	3.33	10.19	0.00	1.54	1.52	2.04	0.00	437.00
gi|154151067|ref|YP_001404685.1|_5-377_2BIS:A:1-437	1.00	5.06	3.33	10.19	0.00	1.54	1.52	2.04	0.00	437.00
gi|154151068|ref|YP_001404686.1|_15-414_1UA4:A:	1.00	4.78	3.00	10.94	0.00	1.84	1.52	2.06	0.00	454.00
gi|154151069|ref|YP_001404687.1|_13-712_1EM6:A:	1.00	4.84	3.67	11.69	6.00	2.13	1.30	2.00	0.00	809.00
gi|154151070|ref|YP_001404688.1|_633-758_1EW0:A:	1.00	7.80	3.50	7.80	0.00	1.55	1.25	2.00	0.00	130.00
gi|154151070|ref|YP_001404688.1|_459-631_1F5M:A:	1.00	6.83	4.00	15.00	0.00	1.72	1.42	1.89	0.00	176.00
gi|154151070|ref|YP_001404688.1|_1111-1223_1L0O:A:	1.00	5.50	3.00	11.25	0.00	1.87	1.50	2.60	0.00	141.00
gi|154151070|ref|YP_001404688.1|_885-1009_1P97:A:	0.00	9.20	0.00	5.75	0.00	1.33	1.33	2.29	0.00	113.00
gi|154151070|ref|YP_001404688.1|_338-463_1V9Y:A:	1.00	7.20	3.33	7.33	0.00	2.30	1.17	2.17	0.00	113.00
gi|154151070|ref|YP_001404688.1|_757-886_1EW0:A:	1.00	7.80	3.50	7.80	0.00	1.55	1.25	2.00	0.00	130.00
gi|154151071|ref|YP_001404689.1|_1-138_1S8N:A:	0.00	5.60	3.00	13.88	0.00	1.50	1.60	2.00	0.00	190.00
gi|154151071|ref|YP_001404689.1|_352-428_1XMA:A:	0.00	5.67	3.00	14.50	0.00	2.50	1.00	1.75	0.00	103.00
gi|154151072|ref|YP_001404690.1|_15-75_1GME:A:	1.00	5.75	3.00	6.00	0.00	3.00	1.67	2.14	0.00	150.00
gi|154151073|ref|YP_001404691.1|_9-174_1FF3:A:	1.00	4.25	3.00	9.80	0.00	2.79	1.67	2.00	0.00	211.00
gi|154151073|ref|YP_001404691.1|_176-258_1R7H:A:	1.00	4.25	0.00	9.67	0.00	1.67	1.00	2.20	0.00	74.00
gi|154151074|ref|YP_001404692.1|_1-167_1OI4:A:23-192	1.00	3.45	3.00	9.00	0.00	1.53	1.67	1.92	0.00	170.00
gi|154151075|ref|YP_001404693.1|_7-125_1QBK:B:	0.00	0.00	3.71	9.47	0.00	2.10	1.67	2.89	0.00	888.00
gi|154151077|ref|YP_001404695.1|_6-66_1HSJ:A:373-487	0.00	2.67	3.00	11.80	0.00	2.40	1.78	2.50	0.00	115.00
gi|154151079|ref|YP_001404697.1|_5-340_1K1X:A:1-310	1.00	5.44	3.00	9.14	0.00	1.76	1.12	2.09	0.00	310.00
gi|154151080|ref|YP_001404698.1|_5-377_2BIS:A:1-437	1.00	5.06	3.33	10.19	0.00	1.54	1.52	2.04	0.00	437.00
gi|154151081|ref|YP_001404699.1|_3-357_1GWJ:A:	1.00	4.43	3.00	10.00	0.00	2.47	1.64	2.09	0.00	374.00
gi|154151082|ref|YP_001404700.1|_1-393_1PHP:A:	1.00	3.76	3.11	9.93	0.00	1.57	1.36	1.80	0.00	394.00
gi|154151087|ref|YP_001404705.1|_19-293_2UYO:A:14-310	0.00	5.86	3.00	10.64	0.00	2.52	1.25	2.05	0.00	297.00
gi|154151088|ref|YP_001404706.1|_71-162_1BXU:A:	0.00	5.00	3.00	0.00	0.00	1.12	1.43	2.00	0.00	91.00
gi|154151091|ref|YP_001404709.1|_159-267_1V9Y:A:	1.00	7.20	3.33	7.33	0.00	2.30	1.17	2.17	0.00	113.00
gi|154151091|ref|YP_001404709.1|_51-132_1U2W:A:12-119	0.00	3.00	0.00	11.83	0.00	2.50	1.20	1.75	0.00	108.00
gi|154151094|ref|YP_001404712.1|_250-372_2EF7:A:1-127	1.00	4.43	3.00	10.50	0.00	1.67	1.00	1.60	0.00	127.00
gi|154151097|ref|YP_001404715.1|_14-172_1EJE:A:	1.00	5.29	4.50	6.00	0.00	1.90	1.67	2.08	0.00	192.00
gi|154151098|ref|YP_001404716.1|_20-134_1ZBF:A:62-193	0.00	5.00	0.00	11.75	0.00	2.69	1.80	2.20	0.00	132.00
gi|154151099|ref|YP_001404717.1|_3-250_1OJX:A:	0.00	4.00	4.50	9.82	0.00	1.63	1.50	1.73	0.00	251.00
gi|154151100|ref|YP_001404718.1|_3-249_1OJX:A:	0.00	4.00	4.50	9.82	0.00	1.63	1.50	1.73	0.00	251.00
gi|154151102|ref|YP_001404720.1|_146-272_2PV7:A:244-371	0.00	0.00	0.00	12.75	0.00	2.00	1.50	1.50	0.00	128.00
gi|154151102|ref|YP_001404720.1|_2-142_2PV7:A:92-243	0.00	5.00	3.00	8.60	0.00	1.48	1.11	2.10	0.00	152.00
gi|154151103|ref|YP_001404721.1|_1-178_2QMW:A:1-184	1.00	5.70	3.00	7.50	0.00	1.65	1.47	1.89	0.00	184.00
gi|154151103|ref|YP_001404721.1|_167-259_2QMW:A:185-264	0.00	8.00	0.00	11.00	0.00	1.43	1.75	2.25	0.00	80.00
gi|154151104|ref|YP_001404722.1|_8-419_1G6S:A:	1.00	4.54	4.14	10.08	0.00	1.84	1.65	1.89	0.00	427.00
gi|154151105|ref|YP_001404723.1|_305-461_1NVT:A:111-287	0.00	4.17	0.00	11.00	0.00	1.76	2.00	1.78	0.00	177.00
gi|154151105|ref|YP_001404723.1|_204-304_1NVT:A:1-110	0.00	5.00	5.50	8.33	0.00	1.67	1.25	1.75	0.00	105.00
gi|154151105|ref|YP_001404723.1|_1-163_1SHK:A:	0.00	4.40	3.00	12.86	0.00	3.50	1.17	1.80	0.00	173.00
gi|154151106|ref|YP_001404724.1|_1-325_1SQ1:A:	1.00	4.36	3.75	11.00	0.00	4.00	1.43	1.88	0.00	360.00
gi|154151107|ref|YP_001404725.1|_105-185_1P0Z:A:	1.00	7.40	3.00	10.75	0.00	1.91	1.43	1.83	0.00	130.00
gi|154151108|ref|YP_001404726.1|_7-198,252-471_1PV7:A:	0.00	0.00	4.00	15.09	0.00	1.72	1.67	1.86	0.00	417.00
gi|154151109|ref|YP_001404727.1|_2-78_1UI5:A:5-75	0.00	0.00	0.00	13.25	0.00	1.60	2.00	2.00	0.00	71.00
gi|154151109|ref|YP_001404727.1|_88-192_2ID3:A:81-203	1.00	0.00	0.00	18.60	0.00	2.17	1.67	2.50	0.00	123.00
gi|154151111|ref|YP_001404729.1|_38-139,170-310_2GMN:A:29-292	0.00	5.00	3.00	10.29	0.00	2.19	1.67	1.95	0.00	264.00
gi|154151112|ref|YP_001404730.1|_3-208_1SFL:A:	1.00	5.62	3.25	10.50	0.00	2.13	1.45	1.85	0.00	236.00
gi|154151115|ref|YP_001404733.1|_8-226_1HG3:A:	1.00	4.38	3.00	9.89	0.00	1.67	1.26	2.00	0.00	224.00
gi|154151116|ref|YP_001404734.1|_63-183_2EF7:A:1-127	1.00	4.43	3.00	10.50	0.00	1.67	1.00	1.60	0.00	127.00
gi|154151116|ref|YP_001404734.1|_7-57_2CRO:A:	0.00	0.00	0.00	8.00	0.00	1.57	1.25	1.80	0.00	65.00
gi|154151117|ref|YP_001404735.1|_72-316_4UBP:C:132-434,C:484-570	1.00	4.33	4.00	9.13	0.00	2.02	1.67	2.07	1.00	390.00
gi|154151117|ref|YP_001404735.1|_14-72,316-349_4UBP:C:1-131,C:435-483	1.00	5.17	3.00	8.00	0.00	1.57	1.55	2.31	1.00	180.00
gi|154151119|ref|YP_001404737.1|_2-158,206-265_1G3Q:A:	0.00	5.50	3.33	8.55	0.00	1.60	1.50	1.79	0.00	237.00
gi|154151120|ref|YP_001404738.1|_325-359,392-661_2CH7:B:225-529	0.00	0.00	3.00	72.50	0.00	2.00	2.00	2.25	0.00	308.00
gi|154151120|ref|YP_001404738.1|_188-295_1V9Y:A:	1.00	7.20	3.33	7.33	0.00	2.30	1.17	2.17	0.00	113.00
gi|154151120|ref|YP_001404738.1|_48-162_1V9Y:A:	1.00	7.20	3.33	7.33	0.00	2.30	1.17	2.17	0.00	113.00
gi|154151121|ref|YP_001404739.1|_4-152_1K0S:A:	0.00	6.30	0.00	7.00	0.00	1.72	1.93	2.29	0.00	151.00
gi|154151122|ref|YP_001404740.1|_630-664,697-965_2CH7:B:225-529	0.00	0.00	3.00	72.50	0.00	2.00	2.00	2.25	0.00	308.00
gi|154151122|ref|YP_001404740.1|_216-338_2VEA:A:4-130	1.00	6.17	0.00	7.00	0.00	2.91	1.38	2.78	0.00	127.00
gi|154151122|ref|YP_001404740.1|_336-453_1N9L:A:	0.00	8.00	4.00	8.00	0.00	1.64	1.00	1.86	0.00	109.00
gi|154151122|ref|YP_001404740.1|_489-593_1LL8:A:	0.00	4.67	4.00	5.00	0.00	1.60	2.75	2.78	0.00	113.00
gi|154151122|ref|YP_001404740.1|_106-209_1N9L:A:	0.00	8.00	4.00	8.00	0.00	1.64	1.00	1.86	0.00	109.00
gi|154151123|ref|YP_001404741.1|_72-253_1AF7:A:92-284	0.00	5.10	3.33	9.33	0.00	1.65	1.17	2.42	0.00	193.00
gi|154151123|ref|YP_001404741.1|_5-71_1AF7:A:11-91	0.00	0.00	3.00	12.25	0.00	4.17	0.00	1.33	0.00	81.00
gi|154151128|ref|YP_001404746.1|_220-606_1K23:A:	0.00	5.64	3.25	10.00	0.00	1.83	1.35	2.47	0.00	307.00
gi|154151128|ref|YP_001404746.1|_107-192_1G51:A:1-104	1.00	10.20	3.00	6.00	0.00	1.45	2.00	2.29	0.00	104.00
gi|154151128|ref|YP_001404746.1|_16-79_1SRO:A:	1.00	6.75	0.00	4.00	0.00	2.08	1.80	2.00	0.00	76.00
gi|154151132|ref|YP_001404750.1|_35-219_1WD5:A:	1.00	5.75	3.50	11.71	0.00	2.00	1.20	1.90	0.00	208.00
gi|154151133|ref|YP_001404751.1|_7-307_1Y44:A:1-307	1.00	5.07	3.00	8.71	0.00	2.89	1.62	2.21	0.00	307.00
gi|154151134|ref|YP_001404752.1|_23-246_2GLK:A:2-388	1.00	3.20	3.00	11.25	0.00	2.00	2.00	1.81	0.00	388.00
gi|154151135|ref|YP_001404753.1|_2-178_1E4Y:A:1-121,A:157-214	0.00	4.80	3.00	10.78	0.00	1.82	1.22	1.91	1.00	179.00
gi|154151136|ref|YP_001404754.1|_26-202_1TV8:A:	1.00	4.91	3.00	10.50	0.00	1.97	1.65	2.10	0.00	327.00
gi|154151138|ref|YP_001404756.1|_179-438_1E32:A:201-458	1.00	5.20	3.00	10.17	0.00	1.86	1.38	1.79	0.00	258.00
gi|154151138|ref|YP_001404756.1|_449-723_1OZ4:A:471-763	1.00	0.00	3.00	5.57	0.00	4.48	2.17	2.68	0.00	292.00
gi|154151138|ref|YP_001404756.1|_5-89_1CZ4:A:1-91	0.00	5.67	0.00	6.00	0.00	2.09	2.00	2.40	0.00	91.00
gi|154151138|ref|YP_001404756.1|_94-184_1CZ4:A:92-185	1.00	4.00	0.00	9.00	0.00	1.83	1.70	2.00	0.00	94.00
gi|154151143|ref|YP_001404761.1|_43-295_1Q7F:A:	1.00	5.56	3.00	0.00	0.00	1.28	1.58	2.35	0.00	279.00
gi|154151143|ref|YP_001404761.1|_282-385_1L0Q:A:302-391	1.00	5.38	0.00	0.00	0.00	1.79	1.75	2.00	0.00	90.00
gi|154151144|ref|YP_001404762.1|_37-112_1Y88:A:3-127	1.00	0.00	3.00	9.50	0.00	1.60	2.00	2.00	0.00	57.00
gi|154151146|ref|YP_001404764.1|_155-543_1QVR:A:149-535	0.00	3.62	0.00	13.56	0.00	2.70	1.53	2.12	0.00	387.00
gi|154151146|ref|YP_001404764.1|_544-859_1QVR:A:536-850	1.00	4.00	3.50	9.93	0.00	1.93	1.62	1.93	0.00	315.00
gi|154151146|ref|YP_001404764.1|_4-154_1KHY:A:	1.00	0.00	0.00	11.12	0.00	1.93	1.40	1.50	0.00	139.00
gi|154151147|ref|YP_001404765.1|_3-96_1DKG:B:38-138	1.00	5.17	0.00	0.00	0.00	1.43	2.33	2.33	0.00	57.00
gi|154151147|ref|YP_001404765.1|_98-151_1DKG:A:139-197	1.00	5.50	0.00	0.00	0.00	1.71	2.00	2.00	0.00	59.00
gi|154151148|ref|YP_001404766.1|_170-359_1DKG:D:186-383	1.00	8.83	4.00	13.33	0.00	1.92	1.60	2.71	0.00	198.00
gi|154151148|ref|YP_001404766.1|_361-516_1CKR:A:	1.00	5.90	0.00	7.00	0.00	2.00	2.14	2.78	0.00	159.00
gi|154151148|ref|YP_001404766.1|_5-165_1DKG:D:3-185	1.00	3.83	3.00	10.40	0.00	1.67	1.42	2.09	0.00	183.00
gi|154151149|ref|YP_001404767.1|_1-100_1XBL:A:	0.00	0.00	0.00	12.67	0.00	2.14	2.33	2.50	0.00	75.00
gi|154151149|ref|YP_001404767.1|_260-345_1C3G:A:260-349	1.00	5.00	0.00	5.00	0.00	1.44	1.71	1.83	0.00	90.00
gi|154151149|ref|YP_001404767.1|_111-166,214-266_1NLT:A:110-138,A:213-257	1.00	6.80	0.00	4.00	0.00	1.83	1.00	2.00	1.00	74.00
gi|154151149|ref|YP_001404767.1|_143-211_1EXK:A:	1.00	3.67	3.00	0.00	0.00	1.60	1.86	3.33	0.00	79.00
gi|154151150|ref|YP_001404768.1|_49-159_1SHS:A:	1.00	5.60	3.00	0.00	0.00	2.12	1.50	2.00	0.00	115.00
gi|154151151|ref|YP_001404769.1|_345-462_1S8N:A:	0.00	5.60	3.00	13.88	0.00	1.50	1.60	2.00	0.00	190.00
gi|154151152|ref|YP_001404770.1|_3-297_1DCU:A:	1.00	5.31	4.00	13.25	0.00	2.35	1.72	2.73	0.00	346.00
gi|154151153|ref|YP_001404771.1|_13-376_1GVF:A:	1.00	4.88	0.00	12.55	0.00	2.34	1.33	1.75	0.00	284.00
gi|154151154|ref|YP_001404772.1|_3-361_1UMG:A:	1.14	6.47	3.17	10.62	0.00	1.78	1.75	2.68	0.00	362.00
gi|154151155|ref|YP_001404773.1|_5-76_1LJO:A:	0.00	8.40	3.00	7.00	0.00	2.00	1.50	2.25	0.00	76.00
gi|154151156|ref|YP_001404774.1|_7-57_1LJ9:A:	0.00	4.00	3.00	16.17	0.00	1.33	1.33	1.78	0.00	144.00
gi|154151157|ref|YP_001404775.1|_64-155_1M56:C:	1.00	0.00	0.00	26.71	0.00	2.60	1.75	1.92	0.00	265.00
gi|154151158|ref|YP_001404776.1|_387-554_2FB5:A:5-205	1.00	5.43	4.00	17.20	0.00	1.72	1.38	2.07	0.00	201.00
gi|154151158|ref|YP_001404776.1|_254-381_1EW0:A:	1.00	7.80	3.50	7.80	0.00	1.55	1.25	2.00	0.00	130.00
gi|154151158|ref|YP_001404776.1|_133-256_1EW0:A:	1.00	7.80	3.50	7.80	0.00	1.55	1.25	2.00	0.00	130.00
gi|154151158|ref|YP_001404776.1|_1-92_1YS7:A:7-127	0.00	4.80	0.00	12.25	0.00	1.83	1.62	3.25	0.00	121.00
gi|154151162|ref|YP_001404780.1|_361-519_2CSU:A:130-290	0.00	3.89	3.00	10.60	0.00	2.62	1.36	2.17	0.00	161.00
gi|154151162|ref|YP_001404780.1|_5-219_2SCU:B:1-238	1.00	5.42	4.00	10.29	0.00	1.83	1.64	2.36	0.00	238.00
gi|154151162|ref|YP_001404780.1|_236-360_2CSU:A:1-129	1.00	3.57	0.00	13.33	0.00	1.44	1.40	1.78	0.00	129.00
gi|154151162|ref|YP_001404780.1|_524-677_2CSU:A:291-453	0.00	4.00	0.00	12.17	0.00	1.87	1.56	2.50	0.00	163.00
gi|154151164|ref|YP_001404782.1|_341-468_1V9Y:A:	1.00	7.20	3.33	7.33	0.00	2.30	1.17	2.17	0.00	113.00
gi|154151164|ref|YP_001404782.1|_71-201_1EW0:A:	1.00	7.80	3.50	7.80	0.00	1.55	1.25	2.00	0.00	130.00
gi|154151164|ref|YP_001404782.1|_206-342_1LL8:A:	0.00	4.67	4.00	5.00	0.00	1.60	2.75	2.78	0.00	113.00
gi|154151165|ref|YP_001404783.1|_16-78_1HSJ:A:373-487	0.00	2.67	3.00	11.80	0.00	2.40	1.78	2.50	0.00	115.00
gi|154151166|ref|YP_001404784.1|_1-361_1R8G:A:	1.00	4.50	3.80	11.75	0.00	2.47	1.76	2.36	0.00	368.00
gi|154151168|ref|YP_001404786.1|_82-286_1UC8:A:89-280	1.00	5.62	0.00	9.83	0.00	4.00	1.50	2.12	0.00	192.00
gi|154151172|ref|YP_001404790.1|_125-236_2BS2:B:107-239	0.00	0.00	3.00	8.38	0.00	2.56	1.25	1.80	0.00	134.00
gi|154151173|ref|YP_001404791.1|_2-138_1VPH:A:	0.00	6.88	4.00	12.00	0.00	2.50	1.57	1.75	0.00	148.00
gi|154151175|ref|YP_001404793.1|_39-496_1AB4:A:	1.00	3.60	3.50	12.81	0.00	2.25	1.56	2.32	0.00	493.00
gi|154151175|ref|YP_001404793.1|_508-817_1SUU:A:	1.00	5.35	3.14	0.00	0.00	2.09	1.12	2.00	0.00	304.00
gi|154151176|ref|YP_001404794.1|_469-703_1BJT:A:	1.00	4.40	4.50	13.45	0.00	3.25	1.42	2.09	0.00	760.00
gi|154151176|ref|YP_001404794.1|_293-466_1EI1:A:221-392	1.00	6.60	0.00	14.33	0.00	1.75	1.83	2.00	0.00	172.00
gi|154151176|ref|YP_001404794.1|_5-158_1KIJ:A:9-220	0.00	5.58	3.33	8.57	0.00	1.78	1.42	2.00	0.00	212.00
gi|154151176|ref|YP_001404794.1|_233-291_1EI1:A:2-220	1.00	5.27	3.00	9.33	0.00	1.73	1.67	2.08	0.00	219.00
gi|154151177|ref|YP_001404795.1|_45-155_1EW0:A:	1.00	7.80	3.50	7.80	0.00	1.55	1.25	2.00	0.00	130.00
gi|154151178|ref|YP_001404796.1|_11-386_1RRM:A:	1.00	4.70	3.44	13.79	0.00	1.72	1.29	2.00	0.00	385.00
gi|154151181|ref|YP_001404799.1|_15-224_3DHW:C:1-240	1.00	6.40	3.00	11.43	0.00	1.57	1.47	2.67	0.00	240.00
gi|154151183|ref|YP_001404801.1|_1-69_1H9M:A:74-141	0.00	7.20	3.00	6.00	0.00	1.33	1.25	2.00	0.00	68.00
gi|154151185|ref|YP_001404803.1|_57-139_2BJ7:A:51-132	0.00	9.75	0.00	11.50	0.00	1.67	1.80	2.20	0.00	87.00
gi|154151185|ref|YP_001404803.1|_6-53_2BJ7:A:1-50	0.00	9.00	0.00	14.50	0.00	2.00	1.50	1.50	0.00	50.00
gi|154151186|ref|YP_001404804.1|_30-142_1ORI:A:	1.17	8.00	3.50	9.00	0.00	1.39	1.57	2.00	0.00	316.00
gi|154151187|ref|YP_001404805.1|_6-163_3CUM:A:1-162	0.00	4.44	0.00	8.75	0.00	1.32	1.18	1.75	0.00	162.00
gi|154151187|ref|YP_001404805.1|_167-287_3CUM:A:163-296	1.00	0.00	4.00	13.33	0.00	1.75	1.43	1.82	0.00	134.00
gi|154151189|ref|YP_001404807.1|_6-225_1F3O:A:	0.00	6.00	3.00	11.14	0.00	1.59	1.47	2.21	0.00	232.00
gi|154151191|ref|YP_001404809.1|_2-64_1UTX:A:	0.00	3.00	0.00	7.40	0.00	1.86	1.00	1.75	0.00	66.00
gi|154151194|ref|YP_001404812.1|_483-686_1TXO:A:	1.00	6.18	3.67	11.33	0.00	1.50	1.83	2.18	0.00	235.00
gi|154151194|ref|YP_001404812.1|_383-434_2ASX:A:278-331	0.00	0.00	0.00	19.00	0.00	1.75	1.00	2.67	0.00	54.00
gi|154151195|ref|YP_001404813.1|_11-129_2OH3:A:3-154	0.00	0.00	3.00	26.25	0.00	4.29	1.20	1.67	0.00	152.00
gi|154151198|ref|YP_001404816.1|_101-185_1H78:A:	1.00	4.06	3.50	14.12	0.00	2.71	1.50	2.52	0.00	562.00
gi|154151200|ref|YP_001404818.1|_2-278_1VM7:A:	1.00	5.07	4.00	11.00	0.00	1.85	1.60	1.91	0.00	299.00
gi|154151202|ref|YP_001404820.1|_5-175_1NOX:A:	1.00	6.75	3.00	10.00	0.00	2.58	1.29	1.55	0.00	200.00
gi|154151205|ref|YP_001404823.1|_7-224_2AVN:A:1-246	1.00	6.20	4.67	9.90	0.00	1.29	1.42	1.78	0.00	246.00
gi|154151206|ref|YP_001404824.1|_2-229_1IQP:A:2-232	0.00	4.57	3.00	8.77	0.00	1.65	1.09	2.00	0.00	231.00
gi|154151208|ref|YP_001404826.1|_4-156_1KKH:A:1-180	0.00	7.86	3.25	12.75	0.00	1.77	2.00	2.50	0.00	175.00
gi|154151209|ref|YP_001404827.1|_6-174_1QZU:A:	0.00	5.20	3.67	6.75	0.00	3.22	1.45	1.45	0.00	181.00
gi|154151209|ref|YP_001404827.1|_181-383_1U7Z:A:	1.00	5.92	3.00	12.20	0.00	2.26	1.80	2.00	0.00	223.00
gi|154151210|ref|YP_001404828.1|_56-291_2FRN:A:19-278	0.00	6.38	3.33	9.50	0.00	2.36	1.10	2.50	0.00	260.00
gi|154151213|ref|YP_001404831.1|_7-272_1J6O:A:	1.00	5.62	3.67	11.33	0.00	2.09	1.25	2.12	0.00	267.00
gi|154151214|ref|YP_001404832.1|_4-116_2IEC:A:11-123	0.00	7.00	3.33	16.00	0.00	1.50	1.00	2.00	0.00	113.00
gi|154151215|ref|YP_001404833.1|_23-252_1LTL:A:	1.00	8.10	3.00	10.00	0.00	2.17	1.44	2.42	0.00	239.00
gi|154151215|ref|YP_001404833.1|_293-627_1NY5:A:138-384	1.00	3.56	3.00	10.18	0.00	1.76	1.29	2.25	0.00	247.00
gi|154151216|ref|YP_001404834.1|_6-221_1IQP:A:2-232	0.00	4.57	3.00	8.77	0.00	1.65	1.09	2.00	0.00	231.00
gi|154151216|ref|YP_001404834.1|_228-316_1IQP:A:233-327	0.00	0.00	3.00	14.80	0.00	2.00	3.00	1.50	0.00	95.00
gi|154151218|ref|YP_001404836.1|_65-172_1ELW:A:	0.00	0.00	0.00	13.29	0.00	1.00	0.00	1.86	0.00	117.00
gi|154151220|ref|YP_001404838.1|_19-162_3D03:A:1-271	1.00	4.77	3.00	9.83	0.00	1.74	1.61	2.15	0.00	274.00
gi|154151221|ref|YP_001404839.1|_36-343_2P6R:A:1-202	1.00	4.57	4.50	11.57	0.00	2.00	1.44	2.60	0.00	202.00
gi|154151222|ref|YP_001404840.1|_97-181_1MP9:A:97-197	0.00	5.00	0.00	12.00	0.00	1.60	1.86	2.60	0.00	101.00
gi|154151222|ref|YP_001404840.1|_6-92_1MP9:A:5-96	1.00	6.75	0.00	12.00	0.00	2.22	1.40	2.60	0.00	92.00
gi|154151223|ref|YP_001404841.1|_8-549_1PG4:A:	1.00	4.97	3.20	9.29	0.00	1.85	1.40	1.93	0.00	643.00
gi|154151224|ref|YP_001404842.1|_56-600_1RY2:A:	1.00	4.11	0.00	8.90	0.00	1.93	1.52	1.95	0.00	640.00
gi|154151227|ref|YP_001404845.1|_1-105_1HWU:A:	1.00	7.20	3.00	11.00	0.00	3.30	1.50	2.00	0.00	112.00
gi|154151228|ref|YP_001404846.1|_4-384_1U7G:A:	1.00	2.00	3.00	17.47	0.00	1.95	1.71	2.00	0.00	383.00
gi|154151230|ref|YP_001404848.1|_4-381_1U7G:A:	1.00	2.00	3.00	17.47	0.00	1.95	1.71	2.00	0.00	383.00
gi|154151231|ref|YP_001404849.1|_104-438_1F52:A:101-468	1.00	5.58	3.80	12.70	0.00	2.00	1.58	1.86	0.00	368.00
gi|154151231|ref|YP_001404849.1|_6-103_1HTQ:A:1-100	1.00	7.00	3.00	7.50	0.00	1.53	2.67	2.00	0.00	100.00
gi|154151232|ref|YP_001404850.1|_2-344_1EA0:A:1-422	1.00	5.06	3.14	10.38	0.00	2.07	1.50	2.05	0.00	422.00
gi|154151233|ref|YP_001404851.1|_80-487_1LLW:A:439-1239	1.00	3.16	3.17	9.96	0.00	2.42	1.67	2.03	0.00	801.00
gi|154151233|ref|YP_001404851.1|_7-70_1FCA:A:	0.00	2.50	3.00	4.00	0.00	1.92	3.00	2.00	0.00	55.00
gi|154151234|ref|YP_001404852.1|_5-225_1LLW:A:1240-1507	0.00	7.00	3.00	8.00	0.00	1.73	1.35	3.11	0.00	268.00
gi|154151235|ref|YP_001404853.1|_12-69_1FCA:A:	0.00	2.50	3.00	4.00	0.00	1.92	3.00	2.00	0.00	55.00
gi|154151237|ref|YP_001404855.1|_1-111_1QY7:A:	0.00	7.83	3.00	11.00	0.00	2.00	2.00	2.25	0.00	112.00
gi|154151239|ref|YP_001404857.1|_1-118_1KRW:A:	0.00	4.20	0.00	11.20	0.00	2.10	2.38	1.75	0.00	124.00
gi|154151240|ref|YP_001404858.1|_36-117_2AYZ:A:817-949	0.00	5.40	0.00	12.00	0.00	2.15	1.30	1.67	0.00	133.00
gi|154151243|ref|YP_001404861.1|_557-753_1IWG:A:7-37,A:331-498	0.00	0.00	3.00	18.12	0.00	2.22	1.14	2.56	1.00	199.00
gi|154151243|ref|YP_001404861.1|_167-358_1IWG:A:7-37,A:331-498	0.00	0.00	3.00	18.12	0.00	2.22	1.14	2.56	1.00	199.00
gi|154151245|ref|YP_001404863.1|_8-72_1Z77:A:1-75	0.00	0.00	0.00	14.75	0.00	2.00	2.00	2.00	0.00	75.00
gi|154151245|ref|YP_001404863.1|_96-190_2G3B:A:74-189	0.00	0.00	3.00	18.20	0.00	1.00	1.50	1.50	0.00	116.00
gi|154151247|ref|YP_001404865.1|_9-76_2FQ4:A:9-77	0.00	0.00	0.00	11.25	0.00	2.83	1.50	2.00	0.00	69.00
gi|154151247|ref|YP_001404865.1|_87-189_1RKT:A:83-205	0.00	0.00	3.50	15.33	0.00	1.86	1.67	2.00	0.00	123.00
gi|154151248|ref|YP_001404866.1|_249-445_1R89:A:258-437	0.00	6.57	3.00	10.57	0.00	1.88	1.27	1.57	0.00	180.00
gi|154151248|ref|YP_001404866.1|_151-263_1R89:A:143-257	1.00	4.25	3.50	12.00	0.00	1.55	1.40	2.12	0.00	115.00
gi|154151248|ref|YP_001404866.1|_15-148_1R89:A:1-142	0.00	6.60	0.00	13.00	0.00	2.00	2.00	1.71	0.00	142.00
gi|154151249|ref|YP_001404867.1|_7-181_1IUH:A:	0.00	7.56	3.75	14.33	0.00	2.50	2.00	2.67	0.00	183.00
gi|154151250|ref|YP_001404868.1|_3-86_1H75:A:	0.00	4.25	3.00	8.33	0.00	1.78	1.33	2.20	0.00	76.00
gi|154151251|ref|YP_001404869.1|_131-701_1H78:A:	1.00	4.06	3.50	14.12	0.00	2.71	1.50	2.52	0.00	562.00
gi|154151253|ref|YP_001404871.1|_6-109_2P4W:A:1-194	1.00	5.60	0.00	15.38	0.00	1.58	1.29	2.00	0.00	197.00
gi|154151255|ref|YP_001404873.1|_68-304_1J1I:A:	1.00	6.25	3.00	9.82	0.00	2.38	1.39	2.09	0.00	268.00
gi|154151257|ref|YP_001404875.1|_94-205_1MA1:A:92-204	1.00	6.67	3.00	9.00	0.00	1.56	1.43	2.11	0.00	113.00
gi|154151257|ref|YP_001404875.1|_7-94_1MA1:A:4-91	1.00	0.00	0.00	17.67	0.00	3.60	1.50	2.60	0.00	88.00
gi|154151258|ref|YP_001404876.1|_9-93,219-478_2CU0:A:3-96,A:207-480	1.00	4.33	3.00	8.92	0.00	2.11	1.38	1.91	1.00	368.00
gi|154151258|ref|YP_001404876.1|_91-205_1ZFJ:A:95-220	1.00	4.80	0.00	8.75	0.00	1.60	1.60	2.33	0.00	126.00
gi|154151259|ref|YP_001404877.1|_19-151_1MZH:A:	0.00	4.62	3.33	11.00	0.00	1.61	1.38	1.90	0.00	224.00
gi|154151260|ref|YP_001404878.1|_13-232_1VZW:A:2-240	1.00	5.10	3.00	8.09	0.00	2.80	1.55	1.70	0.00	239.00
gi|154151261|ref|YP_001404879.1|_1-193_4TMK:A:	0.00	5.40	0.00	12.44	0.00	1.88	1.38	2.50	0.00	210.00
gi|154151262|ref|YP_001404880.1|_3-145_2GBS:A:2-137	0.00	7.83	3.00	6.80	0.00	1.38	1.20	2.67	0.00	136.00
gi|154151263|ref|YP_001404881.1|_5-191,335-573_1GAX:A:1-189,A:343-578	1.00	3.16	3.00	11.46	0.00	2.22	1.43	2.48	1.00	425.00
gi|154151263|ref|YP_001404881.1|_576-752_1IVS:A:579-796	1.00	4.25	3.00	14.11	0.00	2.44	1.56	2.29	0.00	218.00
gi|154151263|ref|YP_001404881.1|_201-335_1GAX:A:190-342	1.20	4.12	3.00	10.00	0.00	1.87	2.09	2.20	0.00	153.00
gi|154151266|ref|YP_001404884.1|_6-195_1VP8:A:	0.00	5.43	3.00	11.33	0.00	2.40	2.10	2.11	0.00	200.00
gi|154151267|ref|YP_001404885.1|_2-290_1WXQ:A:1-319	1.00	5.75	3.00	10.40	0.00	3.27	1.65	1.93	0.00	319.00
gi|154151267|ref|YP_001404885.1|_313-386_1WXQ:A:320-395	1.00	5.75	0.00	6.50	0.00	2.67	1.25	2.00	0.00	76.00
gi|154151270|ref|YP_001404888.1|_1-183_1SU1:A:	1.00	4.82	3.00	9.67	0.00	2.30	1.80	2.00	0.00	184.00
gi|154151273|ref|YP_001404891.1|_2-162_1F9A:A:	0.00	4.80	3.00	9.57	0.00	1.94	1.45	2.00	0.00	164.00
gi|154151274|ref|YP_001404892.1|_126-254_1O4V:A:	0.00	5.40	3.00	14.67	0.00	1.50	1.67	2.75	0.00	169.00
gi|154151276|ref|YP_001404894.1|_1-309_1WU7:A:3-329	1.00	4.75	4.00	10.58	0.00	1.83	1.29	2.37	0.00	327.00
gi|154151276|ref|YP_001404894.1|_323-405_1WU7:A:330-426	0.00	5.60	3.00	8.50	0.00	1.78	1.50	2.50	0.00	97.00
gi|154151277|ref|YP_001404895.1|_306-469_1MU5:A:307-470	1.00	6.33	3.50	18.33	0.00	2.12	1.36	1.83	0.00	164.00
gi|154151277|ref|YP_001404895.1|_18-218_1MU5:A:10-228	0.00	7.50	3.00	12.00	0.00	2.61	1.17	2.30	0.00	219.00
gi|154151277|ref|YP_001404895.1|_230-301_1MU5:A:229-306	1.00	0.00	3.00	8.25	0.00	2.38	2.00	2.00	0.00	78.00
gi|154151278|ref|YP_001404896.1|_71-361_1D3Y:A:	1.00	3.62	4.00	9.00	0.00	2.00	1.33	1.61	0.00	298.00
gi|154151279|ref|YP_001404897.1|_93-402_2C71:A:480-683	1.00	3.71	3.00	12.00	0.00	1.88	1.38	1.78	0.00	204.00
gi|154151280|ref|YP_001404898.1|_40-223_1HV9:A:252-452	1.00	3.79	0.00	0.00	0.00	1.26	1.55	2.00	0.00	201.00
gi|154151281|ref|YP_001404899.1|_101-274_1HV9:A:252-452	1.00	3.79	0.00	0.00	0.00	1.26	1.55	2.00	0.00	201.00
gi|154151282|ref|YP_001404900.1|_33-146_1F7L:A:	1.00	7.80	3.00	11.00	0.00	1.09	1.20	2.00	0.00	118.00
gi|154151283|ref|YP_001404901.1|_6-78_1T8K:A:	1.00	0.00	3.00	10.50	0.00	2.25	0.00	2.00	0.00	77.00
gi|154151284|ref|YP_001404902.1|_13-487_1LCI:A:	1.00	4.33	3.00	10.73	0.00	2.09	1.29	1.95	0.00	541.00
gi|154151285|ref|YP_001404903.1|_84-340_1LCI:A:	1.00	4.33	3.00	10.73	0.00	2.09	1.29	1.95	0.00	541.00
gi|154151286|ref|YP_001404904.1|_91-378_1BI9:A:	1.00	4.89	3.50	11.44	0.00	2.56	1.52	2.05	0.00	499.00
gi|154151287|ref|YP_001404905.1|_10-249_2C07:A:54-304	1.00	5.43	3.00	12.00	0.00	2.52	1.33	2.00	0.00	251.00
gi|154151288|ref|YP_001404906.1|_59-407_2IW1:A:2-371	0.00	3.93	3.00	10.25	0.00	1.73	1.23	1.88	0.00	370.00
gi|154151289|ref|YP_001404907.1|_5-244_1QG8:A:	1.00	6.89	3.50	9.25	0.00	2.82	1.38	1.92	0.00	255.00
gi|154151290|ref|YP_001404908.1|_2-253_1QG8:A:	1.00	6.89	3.50	9.25	0.00	2.82	1.38	1.92	0.00	255.00
gi|154151291|ref|YP_001404909.1|_1-349_1G1A:A:	1.00	3.92	4.00	11.50	0.00	2.15	1.45	2.07	0.00	352.00
gi|154151292|ref|YP_001404910.1|_1-279_1VL0:A:	1.00	4.25	3.00	10.73	0.00	2.34	1.42	1.73	0.00	291.00
gi|154151293|ref|YP_001404911.1|_5-189_1EP0:A:	1.00	5.92	3.00	5.00	0.00	2.14	1.86	2.33	0.00	183.00
gi|154151294|ref|YP_001404912.1|_1-286_1LVW:A:	1.00	4.29	3.00	8.82	0.00	1.72	1.32	2.29	0.00	294.00
gi|154151295|ref|YP_001404913.1|_2-231_1QG8:A:	1.00	6.89	3.50	9.25	0.00	2.82	1.38	1.92	0.00	255.00
gi|154151296|ref|YP_001404914.1|_12-242_1PSW:A:	0.00	4.67	3.00	8.85	0.00	2.31	1.52	2.19	0.00	348.00
gi|154151297|ref|YP_001404915.1|_1-288_1RPN:A:	1.00	4.00	3.25	11.17	0.00	1.78	1.37	1.93	0.00	321.00
gi|154151298|ref|YP_001404916.1|_439-537_2AVN:A:1-246	1.00	6.20	4.67	9.90	0.00	1.29	1.42	1.78	0.00	246.00
gi|154151299|ref|YP_001404917.1|_60-243_1XXL:A:	1.00	8.25	3.00	10.22	0.00	1.61	1.20	1.67	0.00	238.00
gi|154151301|ref|YP_001404919.1|_40-249_1VPL:A:	1.00	6.20	4.00	9.89	0.00	1.72	1.33	2.27	0.00	238.00
gi|154151303|ref|YP_001404921.1|_4-323_1N7H:A:	1.00	4.15	3.33	12.91	0.00	2.24	1.28	2.07	0.00	339.00
gi|154151305|ref|YP_001404923.1|_4-198_1MV8:A:1-202	1.00	4.50	0.00	8.67	0.00	1.82	1.36	1.92	0.00	202.00
gi|154151305|ref|YP_001404923.1|_203-301_1MV8:A:203-300	0.00	0.00	3.00	15.25	0.00	1.83	1.60	2.50	0.00	98.00
gi|154151305|ref|YP_001404923.1|_306-417_1MV8:A:301-436	1.00	4.20	3.00	6.71	0.00	1.59	1.83	1.88	0.00	136.00
gi|154151306|ref|YP_001404924.1|_6-271_1H5R:A:	0.00	5.15	3.00	8.73	0.00	1.52	1.35	1.95	0.00	290.00
gi|154151307|ref|YP_001404925.1|_20-335_2B69:A:4-315	1.00	4.15	3.33	13.33	0.00	2.21	1.64	1.75	0.00	312.00
gi|154151308|ref|YP_001404926.1|_2-330_1ORR:A:	1.00	3.94	3.50	12.00	0.00	2.14	1.45	1.94	0.00	346.00
gi|154151309|ref|YP_001404927.1|_1-341_1ORR:A:	1.00	3.94	3.50	12.00	0.00	2.14	1.45	1.94	0.00	346.00
gi|154151310|ref|YP_001404928.1|_6-267_1QG8:A:	1.00	6.89	3.50	9.25	0.00	2.82	1.38	1.92	0.00	255.00
gi|154151313|ref|YP_001404931.1|_2-71_2GA1:A:1-102	1.00	2.00	3.00	10.33	0.00	1.89	1.00	1.80	0.00	102.00
gi|154151316|ref|YP_001404934.1|_11-59,90-157_1V8P:A:	1.00	2.75	6.00	9.88	0.00	1.54	1.00	1.71	0.00	132.00
gi|154151321|ref|YP_001404939.1|_2-219_1VPL:A:	1.00	6.20	4.00	9.89	0.00	1.72	1.33	2.27	0.00	238.00
gi|154151322|ref|YP_001404940.1|_34-210_1TV8:A:	1.00	4.91	3.00	10.50	0.00	1.97	1.65	2.10	0.00	327.00
gi|154151324|ref|YP_001404942.1|_85-352_1ULZ:A:115-328	1.00	7.25	3.00	12.00	0.00	1.91	1.73	2.00	0.00	214.00
gi|154151324|ref|YP_001404942.1|_2-115_1ULZ:A:1-114	0.00	3.40	3.00	8.33	0.00	1.58	2.00	2.17	0.00	114.00
gi|154151324|ref|YP_001404942.1|_332-445_1DV1:A:331-446	1.33	4.14	0.00	8.50	0.00	1.75	1.57	2.00	0.00	116.00
gi|154151325|ref|YP_001404943.1|_6-289_1RQB:A:4-306	1.00	4.50	3.80	9.83	0.00	1.90	1.20	1.90	0.00	303.00
gi|154151325|ref|YP_001404943.1|_302-451_1RQB:A:307-474	0.00	0.00	3.50	10.00	0.00	2.67	1.43	2.33	0.00	168.00
gi|154151325|ref|YP_001404943.1|_514-581_1O78:A:	1.00	3.17	0.00	0.00	0.00	2.00	1.91	2.00	0.00	84.00
gi|154151327|ref|YP_001404945.1|_29-203_1Q12:A:4-235	1.00	4.27	3.00	9.57	0.00	1.60	1.25	2.50	0.00	232.00
gi|154151328|ref|YP_001404946.1|_1-210_1G29:1:1-240	1.00	6.27	3.00	10.75	0.00	1.45	1.20	1.79	0.00	240.00
gi|154151330|ref|YP_001404948.1|_70-276_1WQW:A:1-188	1.00	6.86	3.00	11.40	0.00	2.18	1.60	2.09	0.00	188.00
gi|154151330|ref|YP_001404948.1|_7-59_1J5Y:A:3-67	1.00	3.00	0.00	13.00	0.00	1.43	1.50	1.50	0.00	65.00
gi|154151330|ref|YP_001404948.1|_282-325_1WQW:A:189-235	0.00	5.20	0.00	0.00	0.00	1.00	2.00	2.00	0.00	47.00
gi|154151332|ref|YP_001404950.1|_15-174_2GK3:A:8-253	1.00	6.62	3.00	6.88	0.00	1.50	1.38	2.12	0.00	246.00
gi|154151333|ref|YP_001404951.1|_10-477_1UC2:A:	1.00	5.79	3.50	10.79	0.00	1.70	1.50	2.21	0.00	480.00
gi|154151334|ref|YP_001404952.1|_1-135_1JW3:A:	1.00	6.57	0.00	16.00	0.00	2.79	1.88	1.75	0.00	140.00
gi|154151337|ref|YP_001404955.1|_69-270_1IWG:A:7-37,A:331-498	0.00	0.00	3.00	18.12	0.00	2.22	1.14	2.56	1.00	199.00
gi|154151338|ref|YP_001404956.1|_279-472_1IWG:A:7-37,A:331-498	0.00	0.00	3.00	18.12	0.00	2.22	1.14	2.56	1.00	199.00
gi|154151339|ref|YP_001404957.1|_2-88_1QUW:A:	0.00	5.50	0.00	10.00	0.00	2.00	2.00	1.83	0.00	105.00
gi|154151340|ref|YP_001404958.1|_1-211_1JAY:A:	0.00	4.36	3.00	9.10	0.00	1.80	1.27	1.82	0.00	212.00
gi|154151341|ref|YP_001404959.1|_12-211_1PU6:A:	0.00	0.00	3.00	10.62	0.00	1.80	1.23	2.54	0.00	217.00
gi|154151342|ref|YP_001404960.1|_10-172_1E4C:P:	1.00	4.29	4.00	13.00	0.00	1.83	1.86	1.86	0.00	206.00
gi|154151343|ref|YP_001404961.1|_7-256_1QG8:A:	1.00	6.89	3.50	9.25	0.00	2.82	1.38	1.92	0.00	255.00
gi|154151345|ref|YP_001404963.1|_8-53_1BRF:A:	1.00	3.33	3.00	0.00	0.00	1.40	1.00	2.33	0.00	53.00
gi|154151347|ref|YP_001404965.1|_339-466_1P97:A:	0.00	9.20	0.00	5.75	0.00	1.33	1.33	2.29	0.00	113.00
gi|154151347|ref|YP_001404965.1|_216-340_1EW0:A:	1.00	7.80	3.50	7.80	0.00	1.55	1.25	2.00	0.00	130.00
gi|154151347|ref|YP_001404965.1|_564-678_2C2A:A:321-481	0.00	6.71	3.00	15.00	0.00	2.92	1.50	1.90	0.00	161.00
gi|154151347|ref|YP_001404965.1|_114-219_1LL8:A:	0.00	4.67	4.00	5.00	0.00	1.60	2.75	2.78	0.00	113.00
gi|154151348|ref|YP_001404966.1|_1-137_1S8N:A:	0.00	5.60	3.00	13.88	0.00	1.50	1.60	2.00	0.00	190.00
gi|154151348|ref|YP_001404966.1|_127-205_1V9Y:A:	1.00	7.20	3.33	7.33	0.00	2.30	1.17	2.17	0.00	113.00
gi|154151349|ref|YP_001404967.1|_2-140_1S8N:A:	0.00	5.60	3.00	13.88	0.00	1.50	1.60	2.00	0.00	190.00
gi|154151349|ref|YP_001404967.1|_124-245_1LL8:A:	0.00	4.67	4.00	5.00	0.00	1.60	2.75	2.78	0.00	113.00
gi|154151349|ref|YP_001404967.1|_388-515_1EW0:A:	1.00	7.80	3.50	7.80	0.00	1.55	1.25	2.00	0.00	130.00
gi|154151349|ref|YP_001404967.1|_282-394_1EW0:A:	1.00	7.80	3.50	7.80	0.00	1.55	1.25	2.00	0.00	130.00
gi|154151350|ref|YP_001404968.1|_349-469_1P97:A:	0.00	9.20	0.00	5.75	0.00	1.33	1.33	2.29	0.00	113.00
gi|154151350|ref|YP_001404968.1|_641-752_1EW0:A:	1.00	7.80	3.50	7.80	0.00	1.55	1.25	2.00	0.00	130.00
gi|154151350|ref|YP_001404968.1|_467-600_1EW0:A:	1.00	7.80	3.50	7.80	0.00	1.55	1.25	2.00	0.00	130.00
gi|154151350|ref|YP_001404968.1|_763-863_1OTD:A:	1.00	6.60	3.00	7.00	5.00	1.36	2.00	2.00	0.00	105.00
gi|154151351|ref|YP_001404969.1|_311-476_2C2A:A:321-481	0.00	6.71	3.00	15.00	0.00	2.92	1.50	1.90	0.00	161.00
gi|154151351|ref|YP_001404969.1|_96-224_1EW0:A:	1.00	7.80	3.50	7.80	0.00	1.55	1.25	2.00	0.00	130.00
gi|154151351|ref|YP_001404969.1|_8-108_1V9Y:A:	1.00	7.20	3.33	7.33	0.00	2.30	1.17	2.17	0.00	113.00
gi|154151351|ref|YP_001404969.1|_236-319_2C2A:A:232-320	0.00	0.00	3.00	24.00	0.00	2.33	0.00	1.75	0.00	89.00
gi|154151352|ref|YP_001404970.1|_6-140_1I3C:A:	0.00	5.00	3.00	10.80	0.00	2.38	1.27	2.80	0.00	148.00
gi|154151353|ref|YP_001404971.1|_1031-1154_1EW0:A:	1.00	7.80	3.50	7.80	0.00	1.55	1.25	2.00	0.00	130.00
gi|154151353|ref|YP_001404971.1|_906-1032_1EW0:A:	1.00	7.80	3.50	7.80	0.00	1.55	1.25	2.00	0.00	130.00
gi|154151353|ref|YP_001404971.1|_646-770_1P97:A:	0.00	9.20	0.00	5.75	0.00	1.33	1.33	2.29	0.00	113.00
gi|154151353|ref|YP_001404971.1|_518-647_1P97:A:	0.00	9.20	0.00	5.75	0.00	1.33	1.33	2.29	0.00	113.00
gi|154151353|ref|YP_001404971.1|_267-395_1P97:A:	0.00	9.20	0.00	5.75	0.00	1.33	1.33	2.29	0.00	113.00
gi|154151353|ref|YP_001404971.1|_783-907_1P97:A:	0.00	9.20	0.00	5.75	0.00	1.33	1.33	2.29	0.00	113.00
gi|154151353|ref|YP_001404971.1|_394-519_1EW0:A:	1.00	7.80	3.50	7.80	0.00	1.55	1.25	2.00	0.00	130.00
gi|154151353|ref|YP_001404971.1|_24-174_1ZH2:A:2-120	0.00	4.00	0.00	11.40	0.00	1.60	1.25	2.00	0.00	119.00
gi|154151353|ref|YP_001404971.1|_1252-1385_1YSR:A:299-446	0.00	6.14	3.00	11.50	0.00	3.27	1.50	1.83	0.00	148.00
gi|154151353|ref|YP_001404971.1|_166-271_1OTD:A:	1.00	6.60	3.00	7.00	5.00	1.36	2.00	2.00	0.00	105.00
gi|154151354|ref|YP_001404972.1|_4-136_1S8N:A:	0.00	5.60	3.00	13.88	0.00	1.50	1.60	2.00	0.00	190.00
gi|154151354|ref|YP_001404972.1|_181-313_2K2N:A:31-200	1.00	5.20	3.00	13.50	0.00	2.45	1.43	2.00	0.00	170.00
gi|154151355|ref|YP_001404973.1|_3-123_1NXO:A:	0.00	5.00	0.00	11.40	0.00	2.10	1.29	1.75	0.00	119.00
gi|154151356|ref|YP_001404974.1|_2-276_1SR9:A:61-370	1.00	6.50	3.00	11.64	0.00	1.59	1.39	2.00	0.00	310.00
gi|154151356|ref|YP_001404974.1|_382-486_1SR9:A:492-643	0.00	9.50	0.00	13.00	0.00	6.86	2.40	2.25	0.00	152.00
gi|154151357|ref|YP_001404975.1|_56-121_1Y6I:A:1-82	0.00	0.00	0.00	11.80	0.00	1.25	1.20	1.75	0.00	82.00
gi|154151358|ref|YP_001404976.1|_15-120_1FXK:A:	0.00	5.00	0.00	41.00	0.00	1.60	1.00	2.00	0.00	107.00
gi|154151360|ref|YP_001404978.1|_3-44_1I50:L:	1.00	3.00	0.00	0.00	0.00	2.64	1.40	2.50	0.00	46.00
gi|154151361|ref|YP_001404979.1|_16-84_1S72:Z:	0.00	4.00	4.00	11.50	0.00	1.60	2.20	2.33	0.00	73.00
gi|154151362|ref|YP_001404980.1|_81-154_1T95:A:87-161	1.00	2.00	0.00	10.50	0.00	2.75	1.00	2.60	0.00	75.00
gi|154151362|ref|YP_001404980.1|_156-228_1T95:A:162-234	0.00	5.40	3.00	11.50	0.00	1.43	1.00	1.67	0.00	73.00
gi|154151362|ref|YP_001404980.1|_3-85_1P9Q:C:2-86	1.00	4.20	0.00	8.00	0.00	1.88	2.00	2.50	0.00	85.00
gi|154151363|ref|YP_001404981.1|_7-238_1J2P:A:	1.00	5.30	3.00	15.17	0.00	2.05	1.62	1.92	0.00	243.00
gi|154151364|ref|YP_001404982.1|_1-112_2CZV:C:3-120	0.00	5.67	3.00	13.67	0.00	2.50	1.67	2.00	0.00	118.00
gi|154151365|ref|YP_001404983.1|_14-197_1V77:A:	0.00	5.14	3.00	9.90	0.00	1.60	1.46	2.17	0.00	202.00
gi|154151367|ref|YP_001404985.1|_10-155_1EKR:A:	1.00	10.75	3.00	11.25	0.00	3.18	1.20	1.67	0.00	146.00
gi|154151368|ref|YP_001404986.1|_219-473_2AX3:A:212-489	0.00	4.33	3.33	9.62	0.00	1.77	1.69	1.69	0.00	278.00
gi|154151368|ref|YP_001404986.1|_22-234_2AX3:A:1-211	1.00	4.62	6.00	10.00	0.00	1.96	1.40	2.22	0.00	211.00
gi|154151369|ref|YP_001404987.1|_6-216,294-459_1IR6:A:	0.00	4.50	3.00	11.33	0.00	1.95	1.52	2.15	0.00	385.00
gi|154151370|ref|YP_001404988.1|_7-80_1IQ8:A:361-505	0.00	3.62	3.67	13.33	0.00	1.62	1.64	2.33	0.00	145.00
gi|154151370|ref|YP_001404988.1|_83-155_1IQ8:A:506-582	0.00	5.00	3.00	5.50	0.00	1.50	2.00	2.33	0.00	77.00
gi|154151371|ref|YP_001404989.1|_75-113_2DNA:A:12-61	0.00	0.00	0.00	8.50	0.00	2.20	1.67	1.33	0.00	54.00
gi|154151372|ref|YP_001404990.1|_1-241_1O54:A:	0.00	5.07	3.00	8.86	0.00	2.53	1.15	2.00	0.00	276.00
gi|154151373|ref|YP_001404991.1|_14-214_1MV8:A:1-202	1.00	4.50	0.00	8.67	0.00	1.82	1.36	1.92	0.00	202.00
gi|154151373|ref|YP_001404991.1|_341-461_1MV8:A:301-436	1.00	4.20	3.00	6.71	0.00	1.59	1.83	1.88	0.00	136.00
gi|154151373|ref|YP_001404991.1|_224-306_1DLJ:A:197-294	0.00	0.00	0.00	17.25	0.00	2.00	1.83	2.00	0.00	98.00
gi|154151374|ref|YP_001404992.1|_2-142_1LC0:A:2-128,A:247-291	1.00	4.57	3.50	11.43	0.00	1.59	1.20	1.86	1.00	172.00
gi|154151375|ref|YP_001404993.1|_2-362_1MDO:A:	1.00	3.40	3.00	10.64	0.00	2.21	1.88	1.80	0.00	376.00
gi|154151376|ref|YP_001404994.1|_15-112_1PG5:B:11-104	0.00	7.60	0.00	7.00	0.00	3.00	1.50	2.14	0.00	94.00
gi|154151376|ref|YP_001404994.1|_114-161_1PG5:B:105-160	1.00	4.00	3.00	8.00	0.00	1.50	1.50	2.17	0.00	56.00
gi|154151377|ref|YP_001404995.1|_3-147_1COZ:A:	1.00	5.60	3.00	7.80	0.00	1.92	1.33	2.10	0.00	126.00
gi|154151378|ref|YP_001404996.1|_7-158_1V3W:A:	1.00	3.40	0.00	24.00	0.00	1.15	1.60	2.00	0.00	173.00
gi|154151379|ref|YP_001404997.1|_2-413_1E39:A:103-359,A:506-568	1.00	4.60	3.67	11.89	0.00	1.58	1.59	2.10	1.00	320.00
gi|154151380|ref|YP_001404998.1|_4-335_1T5O:A:	1.00	3.62	3.00	11.17	0.00	1.89	1.71	2.05	0.00	350.00
gi|154151382|ref|YP_001405000.1|_16-112_1V3W:A:	1.00	3.40	0.00	24.00	0.00	1.15	1.60	2.00	0.00	173.00
gi|154151385|ref|YP_001405003.1|_5-369_2DUL:A:3-377	1.00	5.88	3.00	10.21	0.00	1.97	1.58	2.00	0.00	375.00
gi|154151388|ref|YP_001405006.1|_67-301_1UDX:A:157-336	0.00	4.86	3.00	10.00	0.00	2.05	1.46	2.00	0.00	180.00
gi|154151388|ref|YP_001405006.1|_290-368_1WXQ:A:320-395	1.00	5.75	0.00	6.50	0.00	2.67	1.25	2.00	0.00	76.00
gi|154151390|ref|YP_001405008.1|_4-86_1WMI:A:1-88	0.00	6.20	0.00	8.33	0.00	1.56	1.50	2.25	0.00	88.00
gi|154151392|ref|YP_001405010.1|_23-96_1HXI:A:	0.00	0.00	4.00	15.80	0.00	1.70	1.33	2.00	0.00	112.00
gi|154151394|ref|YP_001405012.1|_27-330_1KV9:A:1-560	1.00	5.18	3.57	5.20	0.00	2.18	1.51	2.54	0.00	560.00
gi|154151395|ref|YP_001405013.1|_14-174_1EJE:A:	1.00	5.29	4.50	6.00	0.00	1.90	1.67	2.08	0.00	192.00
gi|154151396|ref|YP_001405014.1|_2-115_2CYJ:A:1-118	1.00	3.90	0.00	7.25	0.00	1.54	1.33	2.22	0.00	118.00
gi|154151399|ref|YP_001405017.1|_13-107_2D1H:A:1-109	0.00	4.00	7.00	11.80	0.00	2.62	1.00	1.60	0.00	109.00
gi|154151402|ref|YP_001405020.1|_5-154_1TE4:A:	0.00	0.00	3.00	10.33	0.00	1.55	1.67	1.60	0.00	111.00
gi|154151404|ref|YP_001405022.1|_4-224_1VPL:A:	1.00	6.20	4.00	9.89	0.00	1.72	1.33	2.27	0.00	238.00
gi|154151408|ref|YP_001405026.1|_7-166_1T43:A:	1.00	4.44	4.00	8.91	0.00	1.93	1.67	2.57	0.00	274.00
gi|154151411|ref|YP_001405029.1|_3-253_1ZQ9:A:36-313	1.00	5.44	3.00	10.27	0.00	1.88	1.25	2.06	0.00	278.00
gi|154151412|ref|YP_001405030.1|_7-185_2I5H:A:16-195	1.00	6.00	3.33	11.60	0.00	2.05	1.64	2.11	0.00	180.00
gi|154151413|ref|YP_001405031.1|_1-112_1GO3:F:	0.00	8.00	0.00	10.83	0.00	2.11	1.17	2.00	0.00	107.00
gi|154151415|ref|YP_001405033.1|_274-408_2EY4:A:8-252	1.00	6.55	4.25	8.57	0.00	1.88	1.53	1.80	0.00	245.00
gi|154151416|ref|YP_001405034.1|_1-189_2QMM:A:95-288	0.00	5.30	3.00	12.00	0.00	1.95	1.62	2.50	0.00	194.00
gi|154151417|ref|YP_001405035.1|_95-291_1QZX:A:88-294	0.00	5.00	4.50	9.88	0.00	1.71	1.82	1.92	0.00	207.00
gi|154151417|ref|YP_001405035.1|_291-420_1QZX:A:295-432	1.00	0.00	3.00	10.12	0.00	2.15	1.36	1.43	0.00	138.00
gi|154151417|ref|YP_001405035.1|_1-86_1QZX:A:1-87	0.00	0.00	0.00	12.20	0.00	1.88	1.00	2.00	0.00	87.00
gi|154151418|ref|YP_001405036.1|_143-341_1VMA:A:82-294	0.00	5.12	3.00	12.43	0.00	1.91	1.56	1.70	0.00	213.00
gi|154151418|ref|YP_001405036.1|_63-133_1OKK:D:21-78	0.00	0.00	0.00	12.67	0.00	1.83	1.00	1.75	0.00	58.00
gi|154151419|ref|YP_001405037.1|_33-157_1FXK:C:	0.00	6.50	0.00	44.50	0.00	1.20	1.00	1.83	0.00	133.00
gi|154151420|ref|YP_001405038.1|_15-203_1PV7:A:	0.00	0.00	4.00	15.09	0.00	1.72	1.67	1.86	0.00	417.00
gi|154151420|ref|YP_001405038.1|_216-487_1PV7:A:	0.00	0.00	4.00	15.09	0.00	1.72	1.67	1.86	0.00	417.00
gi|154151421|ref|YP_001405039.1|_5-62_2JXT:A:1-78	0.00	10.33	3.00	11.50	0.00	2.20	1.50	1.33	0.00	78.00
gi|154151422|ref|YP_001405040.1|_3-218_1G62:A:	1.00	3.60	3.00	7.67	0.00	1.32	1.40	2.00	0.00	224.00
gi|154151425|ref|YP_001405043.1|_2-146_2C5S:A:174-391	1.00	5.33	3.00	10.33	0.00	2.67	1.56	2.33	0.00	218.00
gi|154151426|ref|YP_001405044.1|_9-111_1EIJ:A:	0.00	0.00	0.00	10.25	0.00	2.43	2.00	3.00	0.00	72.00
gi|154151427|ref|YP_001405045.1|_2-139_2V7F:A:2-150	1.00	4.00	3.00	13.17	0.00	3.08	1.00	2.00	0.00	149.00
gi|154151428|ref|YP_001405046.1|_2-68_1LN4:A:	0.00	5.00	0.00	13.33	0.00	3.10	1.00	2.00	0.00	103.00
gi|154151430|ref|YP_001405048.1|_14-208_1JKX:A:	0.00	5.20	3.00	11.33	0.00	1.59	1.64	2.08	0.00	209.00
gi|154151431|ref|YP_001405049.1|_194-336_2YVX:A:132-275	1.10	3.40	3.00	9.50	0.00	1.50	1.94	2.00	0.00	144.00
gi|154151431|ref|YP_001405049.1|_331-422_2R2Z:A:5-88	1.00	6.40	0.00	8.50	0.00	2.83	1.50	1.86	0.00	84.00
gi|154151432|ref|YP_001405050.1|_3-251_1XP3:A:2-298	1.00	3.50	3.25	10.90	0.00	1.97	2.00	1.83	0.00	297.00
gi|154151434|ref|YP_001405052.1|_7-61_1VP7:B:	1.00	0.00	3.00	26.00	0.00	3.40	1.00	2.00	0.00	77.00
gi|154151438|ref|YP_001405056.1|_7-130_2EF7:A:1-127	1.00	4.43	3.00	10.50	0.00	1.67	1.00	1.60	0.00	127.00
gi|154151438|ref|YP_001405056.1|_154-258_1VZ0:A:23-115	0.00	4.80	3.00	14.67	0.00	2.14	1.33	1.50	0.00	93.00
gi|154151439|ref|YP_001405057.1|_1-231,317-333_1H5R:A:	0.00	5.15	3.00	8.73	0.00	1.52	1.35	1.95	0.00	290.00
gi|154151439|ref|YP_001405057.1|_195-372_1HM9:A:252-459	1.00	2.75	3.33	0.00	0.00	1.13	1.38	2.00	0.00	208.00
gi|154151441|ref|YP_001405059.1|_3-232_1BYI:A:	1.00	4.50	3.00	9.88	0.00	1.61	1.57	1.79	0.00	224.00
gi|154151441|ref|YP_001405059.1|_249-436_1KA9:H:	0.00	4.31	6.00	8.60	0.00	1.55	2.00	1.85	0.00	195.00
gi|154151442|ref|YP_001405060.1|_2-99_1D1R:A:	1.00	3.75	0.00	11.00	0.00	5.17	2.40	1.50	0.00	115.00
gi|154151446|ref|YP_001405064.1|_346-689_1G6O:A:	1.00	5.15	3.00	13.11	0.00	1.74	1.55	2.05	0.00	323.00
gi|154151447|ref|YP_001405065.1|_148-242_1VET:B:	0.00	6.80	0.00	15.33	0.00	2.00	1.50	2.17	0.00	118.00
gi|154151448|ref|YP_001405066.1|_2-113_1J3W:A:	0.00	6.00	0.00	15.00	0.00	1.54	1.30	1.83	0.00	134.00
gi|154151451|ref|YP_001405069.1|_1-234_1HYQ:A:	0.00	5.62	3.50	9.64	0.00	1.52	1.92	1.78	0.00	232.00
gi|154151452|ref|YP_001405070.1|_4-133_1S8N:A:	0.00	5.60	3.00	13.88	0.00	1.50	1.60	2.00	0.00	190.00
gi|154151452|ref|YP_001405070.1|_146-246_1EW0:A:	1.00	7.80	3.50	7.80	0.00	1.55	1.25	2.00	0.00	130.00
gi|154151453|ref|YP_001405071.1|_221-365_2OSO:A:5-156	0.00	6.25	3.00	10.29	0.00	1.94	1.36	1.60	0.00	158.00
gi|154151453|ref|YP_001405071.1|_47-182_2OSO:A:5-156	0.00	6.25	3.00	10.29	0.00	1.94	1.36	1.60	0.00	158.00
gi|154151456|ref|YP_001405074.1|_4-104_1ZPS:A:8-131	1.00	5.75	3.00	10.00	0.00	2.00	1.78	2.86	0.00	124.00
gi|154151457|ref|YP_001405075.1|_71-328_1TWY:A:	1.00	5.08	3.50	10.00	0.00	1.42	1.15	1.94	0.00	249.00
gi|154151458|ref|YP_001405076.1|_15-250_3DHW:A:6-208	0.00	0.00	10.00	15.89	0.00	1.64	1.86	2.11	0.00	203.00
gi|154151458|ref|YP_001405076.1|_339-587_3DHW:A:6-208	0.00	0.00	10.00	15.89	0.00	1.64	1.86	2.11	0.00	203.00
gi|154151459|ref|YP_001405077.1|_5-240_3DHW:C:1-240	1.00	6.40	3.00	11.43	0.00	1.57	1.47	2.67	0.00	240.00
gi|154151460|ref|YP_001405078.1|_3-214_1T72:A:	0.00	0.00	3.00	26.86	0.00	3.12	1.50	1.40	0.00	226.00
gi|154151461|ref|YP_001405079.1|_36-125_1SFD:A:	1.00	4.09	3.00	0.00	0.00	1.19	2.25	2.00	0.00	105.00
gi|154151463|ref|YP_001405081.1|_173-389_1G6O:A:	1.00	5.15	3.00	13.11	0.00	1.74	1.55	2.05	0.00	323.00
gi|154151463|ref|YP_001405081.1|_1-128_1Y82:A:2-148	1.00	3.80	6.50	12.00	0.00	1.80	1.00	1.60	0.00	147.00
gi|154151463|ref|YP_001405081.1|_519-566_1HH2:P:277-344	0.00	6.00	3.00	7.67	0.00	1.67	1.40	2.33	0.00	68.00
gi|154151464|ref|YP_001405082.1|_22-192,417-653_1H3N:A:1-225,A:418-686	1.00	4.30	3.33	9.33	0.00	1.85	1.48	2.36	1.00	494.00
gi|154151464|ref|YP_001405082.1|_200-406_1FFY:A:201-394	1.00	6.00	3.00	5.00	0.00	2.96	1.94	2.50	0.00	194.00
gi|154151464|ref|YP_001405082.1|_672-839_1ILE:A:642-821	0.00	0.00	3.00	15.29	0.00	2.20	1.27	2.27	0.00	180.00
gi|154151467|ref|YP_001405085.1|_10-231_2P90:A:6-274	1.00	5.91	3.00	12.50	0.00	2.32	1.91	1.86	0.00	269.00
gi|154151469|ref|YP_001405087.1|_17-73_1HH2:P:277-344	0.00	6.00	3.00	7.67	0.00	1.67	1.40	2.33	0.00	68.00
gi|154151469|ref|YP_001405087.1|_78-140_1K0R:A:263-329	0.00	6.00	3.00	7.67	0.00	1.60	1.25	3.50	0.00	67.00
gi|154151470|ref|YP_001405088.1|_1-92_1H7M:A:	0.00	4.75	3.00	10.25	0.00	1.90	1.33	1.80	0.00	99.00
gi|154151471|ref|YP_001405089.1|_28-382_1I50:A:	1.00	4.15	3.43	11.18	0.00	2.17	1.69	2.15	0.00	1449.00
gi|154151472|ref|YP_001405090.1|_3-863_1I50:A:	1.00	4.15	3.43	11.18	0.00	2.17	1.69	2.15	0.00	1449.00
gi|154151473|ref|YP_001405091.1|_4-602_1I50:B:	1.00	4.88	3.14	10.27	0.00	3.05	1.65	2.37	0.00	1207.00
gi|154151474|ref|YP_001405092.1|_5-519_1I50:B:	1.00	4.88	3.14	10.27	0.00	3.05	1.65	2.37	0.00	1207.00
gi|154151476|ref|YP_001405094.1|_2-124_1MVO:A:	0.00	4.80	0.00	10.60	0.00	1.85	1.83	1.80	0.00	121.00
gi|154151477|ref|YP_001405095.1|_1-130_1NXO:A:	0.00	5.00	0.00	11.40	0.00	2.10	1.29	1.75	0.00	119.00
gi|154151478|ref|YP_001405096.1|_5-118_1VET:B:	0.00	6.80	0.00	15.33	0.00	2.00	1.50	2.17	0.00	118.00
gi|154151480|ref|YP_001405098.1|_1-283_2FFJ:A:7-288	1.00	4.86	3.00	11.46	0.00	2.41	1.43	1.78	0.00	282.00
gi|154151481|ref|YP_001405099.1|_6-339_3PFK:A:	1.00	5.36	4.00	12.27	0.00	1.90	1.50	1.79	0.00	319.00
gi|154151482|ref|YP_001405100.1|_212-301_1Y8T:A:227-314	0.00	4.38	0.00	9.00	0.00	1.38	1.83	2.50	0.00	88.00
gi|154151483|ref|YP_001405101.1|_1-202_1UAX:A:	1.00	6.80	3.00	11.56	0.00	1.24	1.43	1.73	0.00	211.00
gi|154151484|ref|YP_001405102.1|_1-144_1LSS:A:	0.00	4.33	0.00	10.17	0.00	1.29	1.22	2.29	0.00	132.00
gi|154151484|ref|YP_001405102.1|_144-215_1VCT:A:108-201	1.00	5.75	0.00	7.50	0.00	1.67	1.50	2.17	0.00	94.00
gi|154151485|ref|YP_001405103.1|_4-169,259-330_1JEH:A:1-160,A:283-355	1.00	5.60	0.00	13.17	0.00	1.73	2.42	2.17	1.00	233.00
gi|154151486|ref|YP_001405104.1|_4-56_1CLF:A:	1.00	3.00	0.00	0.00	0.00	2.00	1.50	3.17	0.00	55.00
gi|154151487|ref|YP_001405105.1|_124-490_1HTQ:A:101-468	1.00	5.30	3.00	11.82	0.00	2.00	1.63	2.14	0.00	374.00
gi|154151487|ref|YP_001405105.1|_20-121_1HTQ:A:1-100	1.00	7.00	3.00	7.50	0.00	1.53	2.67	2.00	0.00	100.00
gi|154151488|ref|YP_001405106.1|_27-245_1M65:A:	1.00	4.62	3.20	9.38	0.00	2.37	1.08	1.79	0.00	244.00
gi|154151489|ref|YP_001405107.1|_314-445_1W3B:A:	0.00	0.00	0.00	12.65	0.00	1.11	1.33	1.92	0.00	388.00
gi|154151489|ref|YP_001405107.1|_1-125_1NY5:A:1-137	1.00	5.40	0.00	14.40	0.00	1.60	1.43	2.00	0.00	137.00
gi|154151489|ref|YP_001405107.1|_142-264_1NWZ:A:	1.00	7.00	3.00	5.80	5.00	1.64	1.80	2.11	0.00	125.00
gi|154151490|ref|YP_001405108.1|_15-243_2P90:A:6-274	1.00	5.91	3.00	12.50	0.00	2.32	1.91	1.86	0.00	269.00
gi|298206422|ref|YP_003717809.1|_5-49_2EY4:E:4-55	1.00	2.00	0.00	12.00	0.00	1.78	2.50	2.20	0.00	52.00
gi|154151491|ref|YP_001405109.1|_171-253_2AHO:B:176-264	0.00	6.75	3.00	14.00	0.00	1.43	2.00	3.00	0.00	89.00
gi|154151491|ref|YP_001405109.1|_83-169_2AHO:B:85-175	0.00	0.00	0.00	10.50	0.00	1.60	1.00	2.25	0.00	91.00
gi|154151491|ref|YP_001405109.1|_5-84_2AHO:B:1-84	0.00	5.50	3.00	4.00	0.00	2.62	3.00	2.80	0.00	84.00
gi|154151492|ref|YP_001405110.1|_9-60_1QXF:A:	0.00	3.67	0.00	0.00	0.00	1.75	2.00	3.00	0.00	58.00
gi|154151495|ref|YP_001405113.1|_1-200,276-373_1ZT2:A:3-329	1.00	4.00	3.33	9.00	0.00	2.17	1.84	2.40	0.00	327.00
gi|154151496|ref|YP_001405114.1|_134-346_1R30:A:	1.00	4.78	3.00	11.27	0.00	2.06	1.60	2.08	0.00	312.00
gi|154151496|ref|YP_001405114.1|_413-521_2BSW:A:2-146	0.00	7.71	3.75	9.33	0.00	1.36	1.25	1.90	0.00	145.00
gi|154151497|ref|YP_001405115.1|_1-77_2GF4:A:1-89	0.00	0.00	0.00	15.75	0.00	1.67	1.00	2.00	0.00	89.00
gi|154151498|ref|YP_001405116.1|_2-251_1T5J:A:	1.00	2.00	3.50	11.31	0.00	2.12	1.43	2.00	0.00	312.00
gi|154151500|ref|YP_001405118.1|_17-340_1JQ5:A:	1.00	5.62	3.75	13.50	0.00	1.83	1.26	1.94	0.00	366.00
gi|154151503|ref|YP_001405121.1|_13-277_1NJ1:A:19-283	1.00	5.79	0.00	10.88	0.00	1.65	1.33	2.06	0.00	265.00
gi|154151503|ref|YP_001405121.1|_278-401_1NJ1:A:284-410	0.00	4.00	0.00	13.75	0.00	1.67	2.14	2.80	0.00	127.00
gi|154151503|ref|YP_001405121.1|_416-478_1NJ1:A:411-481	1.00	5.50	0.00	11.00	0.00	1.36	1.25	2.00	0.00	71.00
gi|154151507|ref|YP_001405125.1|_43-272_1HYQ:A:	0.00	5.62	3.50	9.64	0.00	1.52	1.92	1.78	0.00	232.00
gi|154151508|ref|YP_001405126.1|_42-176,206-385_2HEK:A:1-369	1.00	5.67	3.25	9.25	0.00	1.76	1.53	1.96	0.00	369.00
gi|154151509|ref|YP_001405127.1|_440-696_1O6Y:A:	1.00	5.18	3.00	12.00	0.00	2.67	1.64	2.17	0.00	276.00
gi|154151509|ref|YP_001405127.1|_25-323_1RU4:A:	1.00	3.34	3.67	7.00	0.00	1.92	1.36	2.31	0.00	400.00
gi|154151510|ref|YP_001405128.1|_144-246_1UHT:A:	1.00	4.33	0.00	0.00	0.00	2.00	2.44	2.43	0.00	117.00
gi|154151510|ref|YP_001405128.1|_17-105_1R1U:A:	1.00	6.00	0.00	12.00	0.00	1.50	1.25	1.40	0.00	94.00
gi|154151513|ref|YP_001405131.1|_86-223_1Y7P:A:79-217	1.00	5.80	3.00	9.83	0.00	1.64	1.60	1.20	0.00	139.00
gi|154151513|ref|YP_001405131.1|_9-81_1Y7P:A:2-78	0.00	7.75	0.00	8.50	0.00	2.00	2.00	2.25	0.00	77.00
gi|154151514|ref|YP_001405132.1|_3-178_1JCU:A:	0.00	3.80	0.00	8.33	0.00	2.16	1.61	2.67	0.00	208.00
gi|154151518|ref|YP_001405136.1|_6-115_1V9Y:A:	1.00	7.20	3.33	7.33	0.00	2.30	1.17	2.17	0.00	113.00
gi|154151518|ref|YP_001405136.1|_189-338_2C2A:A:321-481	0.00	6.71	3.00	15.00	0.00	2.92	1.50	1.90	0.00	161.00
gi|154151519|ref|YP_001405137.1|_13-95_1Y0U:A:	0.00	4.00	3.00	14.00	0.00	2.67	1.00	2.00	0.00	95.00
gi|154151521|ref|YP_001405139.1|_3-170_1T3D:A:	1.00	2.33	3.00	12.67	0.00	1.27	1.85	2.07	0.00	262.00
gi|154151521|ref|YP_001405139.1|_226-306_2CU6:A:6-96	0.00	4.60	3.00	10.00	0.00	1.73	2.00	2.67	0.00	91.00
gi|154151522|ref|YP_001405140.1|_3-307_1Z7W:A:3-322	1.33	5.20	3.20	11.70	0.00	1.74	1.44	1.81	0.00	320.00
gi|154151523|ref|YP_001405141.1|_4-391_1T3I:A:	1.12	4.06	3.00	10.60	0.00	1.62	1.21	2.04	0.00	408.00
gi|154151524|ref|YP_001405142.1|_31-353_1JW9:B:	1.00	5.62	4.00	10.22	0.00	2.45	1.20	1.72	0.00	247.00
gi|154151526|ref|YP_001405144.1|_3-205_2C5S:A:174-391	1.00	5.33	3.00	10.33	0.00	2.67	1.56	2.33	0.00	218.00
gi|154151529|ref|YP_001405147.1|_1-322_1JBQ:A:	1.33	4.64	3.43	10.45	0.00	2.30	1.36	1.95	0.00	355.00
gi|154151530|ref|YP_001405148.1|_27-385_1Y4I:A:2-398	0.00	4.83	3.50	9.62	0.00	1.77	1.74	2.21	0.00	397.00
gi|154151531|ref|YP_001405149.1|_2-308_1LI5:A:1-315	1.10	4.17	3.00	11.89	0.00	2.21	1.53	2.44	0.00	315.00
gi|154151531|ref|YP_001405149.1|_327-417_1U0B:B:316-461	1.00	5.00	0.00	10.88	0.00	1.43	1.50	1.90	0.00	146.00
gi|154151532|ref|YP_001405150.1|_96-168_1I1G:A:62-141	0.00	7.00	3.00	10.00	0.00	2.20	2.00	2.67	0.00	80.00
gi|154151533|ref|YP_001405151.1|_43-465_2CTZ:A:1-421	1.00	4.67	3.67	8.89	0.00	1.71	1.38	2.10	0.00	421.00
gi|154151534|ref|YP_001405152.1|_24-401_1Y4I:A:2-398	0.00	4.83	3.50	9.62	0.00	1.77	1.74	2.21	0.00	397.00
gi|154151535|ref|YP_001405153.1|_1-377_1GDE:A:	1.00	4.17	3.14	12.15	0.00	2.02	1.17	2.20	0.00	388.00
gi|154151536|ref|YP_001405154.1|_21-451_1MIO:B:	1.00	4.43	3.00	11.33	0.00	2.02	1.35	1.79	0.00	457.00
gi|154151537|ref|YP_001405155.1|_6-476_1MIO:A:	1.00	5.07	3.40	10.50	5.00	2.36	1.86	1.79	0.00	525.00
gi|154151539|ref|YP_001405157.1|_1-135_1VKC:A:	0.00	7.60	3.00	12.75	0.00	2.31	1.40	2.00	0.00	149.00
gi|154151540|ref|YP_001405158.1|_124-351_1TV8:A:	1.00	4.91	3.00	10.50	0.00	1.97	1.65	2.10	0.00	327.00
gi|154151542|ref|YP_001405160.1|_23-447_1MIO:B:	1.00	4.43	3.00	11.33	0.00	2.02	1.35	1.79	0.00	457.00
gi|154151543|ref|YP_001405161.1|_5-481_1MIO:A:	1.00	5.07	3.40	10.50	5.00	2.36	1.86	1.79	0.00	525.00
gi|154151546|ref|YP_001405164.1|_1-222_3DHW:C:1-240	1.00	6.40	3.00	11.43	0.00	1.57	1.47	2.67	0.00	240.00
gi|154151547|ref|YP_001405165.1|_5-272_1CP2:A:	1.33	5.62	3.00	9.42	0.00	1.93	1.54	2.08	0.00	269.00
gi|154151548|ref|YP_001405166.1|_6-480_1MIO:A:	1.00	5.07	3.40	10.50	5.00	2.36	1.86	1.79	0.00	525.00
gi|154151549|ref|YP_001405167.1|_17-442_1MIO:B:	1.00	4.43	3.00	11.33	0.00	2.02	1.35	1.79	0.00	457.00
gi|154151550|ref|YP_001405168.1|_26-233_1V43:A:7-245	1.00	6.20	3.50	9.50	0.00	2.25	1.38	2.00	0.00	239.00
gi|154151551|ref|YP_001405169.1|_77-263_3DHW:A:6-208	0.00	0.00	10.00	15.89	0.00	1.64	1.86	2.11	0.00	203.00
gi|154151552|ref|YP_001405170.1|_64-293_1D9Y:A:	1.00	5.10	3.17	10.50	0.00	1.94	1.47	1.87	0.00	309.00
gi|154151555|ref|YP_001405173.1|_306-424_1P97:A:	0.00	9.20	0.00	5.75	0.00	1.33	1.33	2.29	0.00	113.00
gi|154151555|ref|YP_001405173.1|_423-552_1V9Y:A:	1.00	7.20	3.33	7.33	0.00	2.30	1.17	2.17	0.00	113.00
gi|154151555|ref|YP_001405173.1|_176-261_1EW0:A:	1.00	7.80	3.50	7.80	0.00	1.55	1.25	2.00	0.00	130.00
gi|154151555|ref|YP_001405173.1|_72-178_2VEA:A:4-130	1.00	6.17	0.00	7.00	0.00	2.91	1.38	2.78	0.00	127.00
gi|154151556|ref|YP_001405174.1|_27-202_1RLI:A:	1.00	6.60	4.00	8.00	0.00	3.21	1.57	1.67	0.00	179.00
gi|154151557|ref|YP_001405175.1|_4-199,255-467_1PV7:A:	0.00	0.00	4.00	15.09	0.00	1.72	1.67	1.86	0.00	417.00
gi|154151558|ref|YP_001405176.1|_1-325_1PYF:A:	1.00	3.73	3.33	10.27	0.00	1.79	1.32	2.24	0.00	311.00
gi|154151558|ref|YP_001405176.1|_294-377_2BS2:B:107-239	0.00	0.00	3.00	8.38	0.00	2.56	1.25	1.80	0.00	134.00
gi|154151559|ref|YP_001405177.1|_96-284_1YGY:A:99-282	1.00	4.29	3.50	9.00	0.00	1.46	1.43	2.17	0.00	184.00
gi|154151559|ref|YP_001405177.1|_1-123_1YGY:A:3-98,A:283-316	1.00	3.80	3.50	9.25	0.00	1.53	1.70	1.89	1.00	130.00
gi|154151560|ref|YP_001405178.1|_46-192_1W3B:A:	0.00	0.00	0.00	12.65	0.00	1.11	1.33	1.92	0.00	388.00
gi|154151562|ref|YP_001405180.1|_1-438_1CC1:L:	1.00	4.94	4.00	12.33	0.00	2.13	1.72	1.79	0.00	487.00
gi|154151567|ref|YP_001405185.1|_606-830_1ELW:A:	0.00	0.00	0.00	13.29	0.00	1.00	0.00	1.86	0.00	117.00
gi|154151567|ref|YP_001405185.1|_1115-1246_1W3B:A:	0.00	0.00	0.00	12.65	0.00	1.11	1.33	1.92	0.00	388.00
gi|154151567|ref|YP_001405185.1|_210-433_1JBK:A:	0.00	4.83	3.50	8.40	0.00	2.06	1.38	2.00	0.00	194.00
gi|154151567|ref|YP_001405185.1|_840-967,1025-1102_2FBN:A:22-174	0.00	0.00	3.00	16.71	0.00	1.50	1.00	2.14	0.00	153.00
gi|154151570|ref|YP_001405188.1|_121-233_1JFL:A:116-228	0.00	3.50	3.00	10.50	0.00	1.42	1.25	1.60	0.00	113.00
gi|154151570|ref|YP_001405188.1|_1-119_1JFL:A:1-115	1.00	4.33	4.00	10.00	0.00	1.69	1.50	1.50	0.00	115.00
gi|154151571|ref|YP_001405189.1|_168-371_1FCH:A:	0.00	0.00	3.00	12.47	0.00	2.50	1.33	1.95	0.00	323.00
gi|154151571|ref|YP_001405189.1|_4-128_1S8N:A:	0.00	5.60	3.00	13.88	0.00	1.50	1.60	2.00	0.00	190.00
gi|154151573|ref|YP_001405191.1|_14-169_1D2T:A:	0.00	0.00	3.00	10.62	0.00	2.28	1.36	1.85	0.00	224.00
gi|154151574|ref|YP_001405192.1|_16-319_1GQ6:A:	1.00	6.75	3.50	11.33	0.00	1.91	1.48	2.09	0.00	301.00
gi|154151576|ref|YP_001405194.1|_149-315_1FO5:A:	0.00	5.25	0.00	10.50	0.00	2.12	2.83	2.25	0.00	85.00
gi|154151580|ref|YP_001405198.1|_8-140_1ML9:A:	1.20	3.53	3.67	5.60	0.00	2.42	1.86	1.92	0.00	284.00
gi|154151581|ref|YP_001405199.1|_166-221,251-327_2C5S:A:174-391	1.00	5.33	3.00	10.33	0.00	2.67	1.56	2.33	0.00	218.00
gi|154151581|ref|YP_001405199.1|_3-164_1VBK:A:1-175	1.00	5.78	0.00	15.00	0.00	1.56	1.75	1.86	0.00	175.00
gi|154151582|ref|YP_001405200.1|_10-367_2PL5:A:5-366	1.00	4.92	3.50	12.00	0.00	1.82	1.65	2.32	0.00	362.00
gi|154151582|ref|YP_001405200.1|_367-482_1PBJ:A:2-121	1.00	5.17	3.00	8.00	0.00	1.31	1.00	1.86	0.00	120.00
gi|154151583|ref|YP_001405201.1|_7-429_2CTZ:A:1-421	1.00	4.67	3.67	8.89	0.00	1.71	1.38	2.10	0.00	421.00
gi|154151584|ref|YP_001405202.1|_67-444_2E7J:A:8-371	1.00	4.42	3.00	9.33	0.00	2.52	1.80	2.40	0.00	364.00
gi|154151585|ref|YP_001405203.1|_93-307_1R30:A:	1.00	4.78	3.00	11.27	0.00	2.06	1.60	2.08	0.00	312.00
gi|154151587|ref|YP_001405205.1|_2-60_1J75:A:	0.00	3.67	0.00	11.00	0.00	1.00	1.00	2.00	0.00	57.00
gi|154151589|ref|YP_001405207.1|_4-100_2AF7:A:1-119	0.00	0.00	0.00	11.00	6.00	1.44	1.50	1.29	0.00	119.00
gi|154151590|ref|YP_001405208.1|_4-166_2GLZ:A:3-151	0.00	5.60	0.00	10.50	0.00	2.06	1.38	2.00	0.00	149.00
gi|154151592|ref|YP_001405210.1|_12-650_1S4B:P:	1.00	4.60	3.43	13.69	0.00	1.83	1.38	2.46	0.00	654.00
gi|154151593|ref|YP_001405211.1|_490-879_1T3I:A:	1.12	4.06	3.00	10.60	0.00	1.62	1.21	2.04	0.00	408.00
gi|154151593|ref|YP_001405211.1|_199-378_1ZUN:A:1-211	1.00	3.83	3.00	12.17	0.00	3.04	1.42	2.00	0.00	211.00
gi|154151594|ref|YP_001405212.1|_11-253_1V8A:A:	1.00	4.44	5.00	12.91	0.00	2.20	1.38	2.00	0.00	264.00
gi|154151595|ref|YP_001405213.1|_2-204_1XI3:A:	0.00	4.50	0.00	9.10	0.00	1.80	1.38	1.91	0.00	206.00
gi|154151600|ref|YP_001405218.1|_461-590_2C2A:A:321-481	0.00	6.71	3.00	15.00	0.00	2.92	1.50	1.90	0.00	161.00
gi|154151600|ref|YP_001405218.1|_248-373_1EW0:A:	1.00	7.80	3.50	7.80	0.00	1.55	1.25	2.00	0.00	130.00
gi|154151601|ref|YP_001405219.1|_25-163_1TV8:A:	1.00	4.91	3.00	10.50	0.00	1.97	1.65	2.10	0.00	327.00
gi|154151602|ref|YP_001405220.1|_20-249_1JP3:A:	0.00	5.00	3.00	13.57	0.00	2.43	1.15	2.09	0.00	228.00
gi|154151604|ref|YP_001405222.1|_16-207_1JP3:A:	0.00	5.00	3.00	13.57	0.00	2.43	1.15	2.09	0.00	228.00
gi|154151606|ref|YP_001405224.1|_219-375_1ZD9:A:18-181	0.00	7.00	3.00	8.00	0.00	1.88	1.22	1.92	0.00	165.00
gi|154151606|ref|YP_001405224.1|_2-124_1XP8:A:15-282	0.00	5.27	3.00	11.29	0.00	3.71	1.64	2.25	0.00	268.00
gi|154151607|ref|YP_001405225.1|_1-247_2DEK:A:1-265	1.00	4.50	3.40	8.70	0.00	1.89	1.64	1.71	0.00	265.00
gi|154151608|ref|YP_001405226.1|_100-181_2PMR:A:3-77	0.00	0.00	0.00	20.33	0.00	1.50	1.00	2.00	0.00	75.00
gi|154151608|ref|YP_001405226.1|_11-78_2OO2:A:1-75	0.00	3.00	3.00	19.00	0.00	1.00	1.00	2.00	0.00	74.00
gi|154151610|ref|YP_001405228.1|_13-137_1VJL:A:	0.00	7.25	0.00	9.60	0.00	3.50	2.00	1.83	0.00	163.00
gi|154151611|ref|YP_001405229.1|_13-103_1YVW:A:4-95	0.00	0.00	0.00	15.20	0.00	1.33	1.00	2.00	0.00	92.00
gi|154151612|ref|YP_001405230.1|_17-73_2QAL:C:1-105	1.00	4.00	0.00	10.75	0.00	2.33	1.14	2.40	0.00	105.00
gi|154151612|ref|YP_001405230.1|_75-134_1HH2:P:277-344	0.00	6.00	3.00	7.67	0.00	1.67	1.40	2.33	0.00	68.00
gi|154151614|ref|YP_001405232.1|_1-416_1L5J:A:373-862	1.00	3.61	3.00	10.69	0.00	2.02	1.55	2.10	0.00	490.00
gi|154151615|ref|YP_001405233.1|_2-153_1V7L:A:	1.00	4.12	0.00	7.00	0.00	1.81	1.10	2.08	0.00	162.00
gi|154151616|ref|YP_001405234.1|_2-366_1W0D:A:	1.00	5.83	3.00	11.42	0.00	1.61	1.25	1.95	0.00	336.00
gi|154151618|ref|YP_001405236.1|_12-120_1EW0:A:	1.00	7.80	3.50	7.80	0.00	1.55	1.25	2.00	0.00	130.00
gi|154151618|ref|YP_001405236.1|_117-244_1P97:A:	0.00	9.20	0.00	5.75	0.00	1.33	1.33	2.29	0.00	113.00
gi|154151620|ref|YP_001405238.1|_3-374_1MIO:B:	1.00	4.43	3.00	11.33	0.00	2.02	1.35	1.79	0.00	457.00
gi|154151621|ref|YP_001405239.1|_13-344_1MIO:A:	1.00	5.07	3.40	10.50	5.00	2.36	1.86	1.79	0.00	525.00
gi|154151622|ref|YP_001405240.1|_1-268_1CP2:A:	1.33	5.62	3.00	9.42	0.00	1.93	1.54	2.08	0.00	269.00
gi|154151624|ref|YP_001405242.1|_39-125_1DFX:A:37-125	1.00	6.14	0.00	4.00	0.00	1.80	1.00	2.43	0.00	89.00
gi|154151624|ref|YP_001405242.1|_3-36_1DXG:A:	0.00	3.20	0.00	0.00	0.00	1.38	2.00	2.33	0.00	36.00
gi|154151625|ref|YP_001405243.1|_8-278_1YCG:A:2-250	1.50	3.62	3.00	10.43	0.00	1.71	1.64	2.14	0.00	249.00
gi|154151625|ref|YP_001405243.1|_245-387_1YCG:A:251-399	1.00	5.00	3.00	12.80	0.00	1.67	1.78	2.00	0.00	149.00
gi|154151627|ref|YP_001405245.1|_137-218_1UAD:C:	0.00	3.91	3.00	0.00	0.00	2.00	2.00	2.25	0.00	92.00
gi|154151627|ref|YP_001405245.1|_228-297_1CGT:A:495-579	0.00	4.80	3.00	0.00	0.00	1.67	1.33	2.00	0.00	85.00
gi|154151629|ref|YP_001405247.1|_10-212_1Q6Z:A:342-524	1.00	5.17	3.00	8.75	0.00	1.86	1.55	1.70	0.00	183.00
gi|154151630|ref|YP_001405248.1|_183-433_1YBH:A:86-280	0.00	4.12	3.00	8.56	0.00	2.16	2.00	2.25	0.00	195.00
gi|154151630|ref|YP_001405248.1|_5-200_1B0P:A:416-668	1.00	6.50	3.75	9.89	0.00	1.97	1.33	2.09	0.00	253.00
gi|154151630|ref|YP_001405248.1|_451-550_1IK6:A:192-326	0.00	5.00	3.00	11.25	0.00	3.00	1.57	1.67	0.00	135.00
gi|154151631|ref|YP_001405249.1|_4-127_1U0S:Y:	0.00	5.00	3.00	11.00	0.00	1.33	1.40	2.00	0.00	118.00
gi|154151633|ref|YP_001405251.1|_18-159_1KJN:A:	0.00	5.50	0.00	11.67	0.00	1.62	1.18	2.00	0.00	152.00
gi|154151634|ref|YP_001405252.1|_3-102_1OSC:A:	0.00	9.00	3.00	11.00	0.00	1.43	1.80	2.00	0.00	108.00
gi|154151635|ref|YP_001405253.1|_2-380_1GDE:A:	1.00	4.17	3.14	12.15	0.00	2.02	1.17	2.20	0.00	388.00
gi|154151636|ref|YP_001405254.1|_29-294_1TWI:A:50-313	1.00	4.20	3.00	11.90	0.00	2.23	1.50	2.38	0.00	264.00
gi|154151636|ref|YP_001405254.1|_275-422_1KNW:A:2-31,A:279-422	1.00	5.78	3.00	7.00	0.00	2.04	2.00	2.36	1.00	172.00
gi|154151637|ref|YP_001405255.1|_246-355_1O7I:A:	1.00	7.57	3.00	0.00	0.00	2.13	1.50	2.00	0.00	115.00
gi|154151637|ref|YP_001405255.1|_49-126_1O7I:A:	1.00	7.57	3.00	0.00	0.00	2.13	1.50	2.00	0.00	115.00
gi|154151637|ref|YP_001405255.1|_164-249_1WJJ:A:	1.00	8.40	0.00	4.00	0.00	2.59	1.62	2.00	0.00	144.00
gi|154151638|ref|YP_001405256.1|_81-323_1PZN:A:96-349	0.00	5.08	3.00	10.25	0.00	2.53	1.74	1.85	0.00	254.00
gi|154151638|ref|YP_001405256.1|_5-63_1PZN:A:35-95	0.00	0.00	0.00	8.75	0.00	2.00	1.33	2.00	0.00	61.00
gi|154151639|ref|YP_001405257.1|_3-225_1WR8:A:	1.00	3.82	3.00	10.25	0.00	1.29	1.31	2.00	0.00	230.00
gi|154151640|ref|YP_001405258.1|_5-78_1PM3:A:	0.00	5.14	3.00	0.00	0.00	6.33	2.33	3.00	0.00	96.00
gi|154151641|ref|YP_001405259.1|_167-289_2YZI:A:4-135	1.00	4.83	3.00	9.50	0.00	1.71	1.00	1.82	0.00	132.00
gi|154151641|ref|YP_001405259.1|_6-77_1STZ:A:14-100	1.00	2.00	0.00	12.75	0.00	1.55	1.14	2.50	0.00	87.00
gi|154151642|ref|YP_001405260.1|_147-310_1UDX:A:157-336	0.00	4.86	3.00	10.00	0.00	2.05	1.46	2.00	0.00	180.00
gi|154151645|ref|YP_001405263.1|_5-235_1B43:A:1-219	1.00	3.89	3.33	10.50	0.00	1.60	1.57	1.71	0.00	219.00
gi|154151645|ref|YP_001405263.1|_220-333_1B43:A:220-339	0.00	0.00	3.33	10.80	0.00	3.00	1.50	2.00	0.00	120.00
gi|154151646|ref|YP_001405264.1|_9-153_1QKK:A:	0.00	4.80	3.00	14.60	0.00	2.33	1.43	1.80	0.00	154.00
gi|154151646|ref|YP_001405264.1|_506-634_2C2A:A:321-481	0.00	6.71	3.00	15.00	0.00	2.92	1.50	1.90	0.00	161.00
gi|154151646|ref|YP_001405264.1|_295-422_1DP6:A:	1.00	8.00	4.00	9.50	0.00	1.30	1.17	1.83	0.00	116.00
gi|154151646|ref|YP_001405264.1|_132-233_1V9Y:A:	1.00	7.20	3.33	7.33	0.00	2.30	1.17	2.17	0.00	113.00
gi|154151647|ref|YP_001405265.1|_82-179_2H7W:A:3-110	1.00	6.62	3.00	0.00	0.00	1.29	1.50	2.38	0.00	108.00
gi|154151648|ref|YP_001405266.1|_19-223_2QFI:A:5-208	1.00	0.00	3.57	5.86	0.00	2.43	2.25	2.71	0.00	204.00
gi|154151648|ref|YP_001405266.1|_227-305_2QFI:A:209-290	1.00	0.00	3.00	9.50	0.00	2.23	1.56	2.17	0.00	82.00
gi|154151649|ref|YP_001405267.1|_26-162_1B00:A:	0.00	5.20	0.00	9.40	0.00	1.58	1.33	2.25	0.00	122.00
gi|154151649|ref|YP_001405267.1|_144-271_1P97:A:	0.00	9.20	0.00	5.75	0.00	1.33	1.33	2.29	0.00	113.00
gi|154151649|ref|YP_001405267.1|_661-783_2C2A:A:321-481	0.00	6.71	3.00	15.00	0.00	2.92	1.50	1.90	0.00	161.00
gi|154151649|ref|YP_001405267.1|_338-452_1V9Y:A:	1.00	7.20	3.33	7.33	0.00	2.30	1.17	2.17	0.00	113.00
gi|154151649|ref|YP_001405267.1|_450-567_1V9Y:A:	1.00	7.20	3.33	7.33	0.00	2.30	1.17	2.17	0.00	113.00
gi|154151650|ref|YP_001405268.1|_3-229_1LST:A:	1.00	3.83	3.00	8.10	0.00	1.45	1.35	1.94	0.00	238.00
gi|154151651|ref|YP_001405269.1|_11-69_1Y9Q:A:4-82	0.00	0.00	4.00	10.00	0.00	1.71	1.25	1.60	0.00	79.00
gi|154151652|ref|YP_001405270.1|_29-216_1PF4:A:321-564	1.00	3.22	5.00	9.50	0.00	3.00	1.81	2.00	0.00	243.00
gi|154151653|ref|YP_001405271.1|_4-185_1YE8:A:1-178	0.00	4.89	3.00	11.80	0.00	2.06	1.43	2.18	0.00	178.00
gi|154151655|ref|YP_001405273.1|_102-385_1V7C:A:	1.33	5.09	3.50	10.07	0.00	1.85	1.46	1.63	0.00	351.00
gi|154151656|ref|YP_001405274.1|_190-351_1Q6Z:A:342-524	1.00	5.17	3.00	8.75	0.00	1.86	1.55	1.70	0.00	183.00
gi|154151656|ref|YP_001405274.1|_4-157_1Q6Z:A:2-181	1.00	4.83	3.60	9.00	0.00	1.88	1.62	1.92	0.00	180.00
gi|154151658|ref|YP_001405276.1|_8-302_1WZU:A:1-298	1.00	4.00	3.00	8.79	0.00	2.43	1.22	1.87	0.00	298.00
gi|154151659|ref|YP_001405277.1|_12-76_1RYJ:A:	1.00	5.40	0.00	7.00	0.00	2.00	1.50	2.14	0.00	70.00
gi|154151660|ref|YP_001405278.1|_47-267_1NI5:A:0-226	1.00	4.67	3.00	12.00	0.00	2.38	1.33	2.07	0.00	226.00
gi|154151661|ref|YP_001405279.1|_5-251_2PW9:A:7-257	1.00	6.83	3.00	9.00	0.00	2.90	1.82	1.67	0.00	251.00
gi|154151662|ref|YP_001405280.1|_17-221_1GPM:A:208-404	0.00	5.00	3.00	11.12	0.00	3.53	1.60	2.38	0.00	197.00
gi|154151663|ref|YP_001405281.1|_15-58_2ICT:A:8-94	0.00	0.00	0.00	11.20	0.00	2.78	1.50	1.43	0.00	94.00
gi|154151664|ref|YP_001405282.1|_6-378_1P3W:A:	1.00	4.33	3.00	12.75	0.00	2.10	1.18	2.37	0.00	391.00
gi|154151665|ref|YP_001405283.1|_4-123_1Q48:A:	1.00	8.00	0.00	10.50	0.00	1.92	2.00	2.20	0.00	133.00
gi|154151666|ref|YP_001405284.1|_3-242_1JW9:B:	1.00	5.62	4.00	10.22	0.00	2.45	1.20	1.72	0.00	247.00
gi|154151667|ref|YP_001405285.1|_1-92_1VJK:A:	1.00	5.50	5.00	8.50	0.00	2.08	2.00	1.83	0.00	97.00
gi|154151668|ref|YP_001405286.1|_2-133_1FM0:E:	0.00	6.38	0.00	13.00	0.00	2.46	1.50	1.60	0.00	149.00
gi|154151670|ref|YP_001405288.1|_141-335_1TW3:A:99-351	1.00	7.57	4.00	8.42	0.00	1.46	1.42	2.20	0.00	253.00
gi|154151671|ref|YP_001405289.1|_376-464_1UAD:C:	0.00	3.91	3.00	0.00	0.00	2.00	2.00	2.25	0.00	92.00
gi|154151675|ref|YP_001405293.1|_3-149_1RKB:A:	1.00	4.60	3.00	12.14	0.00	1.88	1.62	1.83	0.00	172.00
gi|154151676|ref|YP_001405294.1|_23-349_1UU1:A:	1.00	4.82	4.00	11.45	0.00	2.52	1.65	1.75	0.00	330.00
gi|154151677|ref|YP_001405295.1|_18-381_1VEF:A:9-395	1.00	4.41	3.50	10.20	0.00	1.58	1.54	1.93	0.00	387.00
gi|154151678|ref|YP_001405296.1|_4-221_1GPM:A:208-404	0.00	5.00	3.00	11.12	0.00	3.53	1.60	2.38	0.00	197.00
gi|154151678|ref|YP_001405296.1|_189-305_1GPM:A:405-525	1.00	9.25	3.50	17.00	0.00	2.00	1.50	2.00	0.00	121.00
gi|154151679|ref|YP_001405297.1|_1-271_2VO1:A:1-273	0.00	5.71	3.00	12.12	0.00	4.58	1.91	2.29	0.00	273.00
gi|154151679|ref|YP_001405297.1|_289-524_1VCO:A:298-547	1.00	5.67	3.33	10.29	0.00	2.24	1.31	1.88	0.00	250.00
gi|154151680|ref|YP_001405298.1|_68-205_1FCH:A:	0.00	0.00	3.00	12.47	0.00	2.50	1.33	1.95	0.00	323.00
gi|154151681|ref|YP_001405299.1|_6-135_1ZKI:A:4-129	1.00	9.17	3.00	13.00	0.00	1.46	1.57	1.75	0.00	126.00
gi|154151684|ref|YP_001405302.1|_7-232_1QG8:A:	1.00	6.89	3.50	9.25	0.00	2.82	1.38	1.92	0.00	255.00
gi|154151685|ref|YP_001405303.1|_3-161_1W3B:A:	0.00	0.00	0.00	12.65	0.00	1.11	1.33	1.92	0.00	388.00
gi|154151688|ref|YP_001405306.1|_11-414_1K75:A:	1.00	5.14	3.25	12.38	0.00	2.18	1.46	1.71	0.00	431.00
gi|154151692|ref|YP_001405310.1|_1-230_1Y44:A:1-307	1.00	5.07	3.00	8.71	0.00	2.89	1.62	2.21	0.00	307.00
gi|154151693|ref|YP_001405311.1|_236-357_1U0S:Y:	0.00	5.00	3.00	11.00	0.00	1.33	1.40	2.00	0.00	118.00
gi|154151693|ref|YP_001405311.1|_11-137_1MVO:A:	0.00	4.80	0.00	10.60	0.00	1.85	1.83	1.80	0.00	121.00
gi|154151695|ref|YP_001405313.1|_2-230_1X9N:A:262-533	1.00	0.00	3.00	12.08	0.00	2.25	1.21	1.62	0.00	272.00
gi|154151695|ref|YP_001405313.1|_218-413_1X9N:A:534-753	1.00	6.09	3.00	7.50	0.00	1.64	1.47	2.21	0.00	220.00
gi|154151695|ref|YP_001405313.1|_416-540_1X9N:A:754-901	1.00	5.80	3.00	12.00	0.00	1.47	1.38	2.43	0.00	148.00
gi|154151698|ref|YP_001405316.1|_1-359_1IIR:A:	0.00	3.69	3.00	12.50	0.00	2.82	1.57	1.73	0.00	401.00
gi|154151699|ref|YP_001405317.1|_4-159_1FF3:A:	1.00	4.25	3.00	9.80	0.00	2.79	1.67	2.00	0.00	211.00
gi|154151700|ref|YP_001405318.1|_206-366,393-443_1A8D:A:1-247	1.00	6.24	3.00	7.67	0.00	1.90	1.67	2.21	0.00	247.00
gi|154151701|ref|YP_001405319.1|_10-86_1OCR:C:	1.00	0.00	3.00	27.14	0.00	2.92	1.75	2.25	0.00	261.00
gi|154151703|ref|YP_001405321.1|_102-282_1YGY:A:99-282	1.00	4.29	3.50	9.00	0.00	1.46	1.43	2.17	0.00	184.00
gi|154151703|ref|YP_001405321.1|_319-451_1YGY:A:317-451	0.00	7.50	3.50	11.00	0.00	1.78	1.50	2.38	0.00	135.00
gi|154151703|ref|YP_001405321.1|_24-129_1YGY:A:3-98,A:283-316	1.00	3.80	3.50	9.25	0.00	1.53	1.70	1.89	1.00	130.00
gi|154151703|ref|YP_001405321.1|_447-525_1YGY:A:452-529	0.00	7.50	0.00	11.00	0.00	1.71	1.80	1.67	0.00	78.00
gi|154151704|ref|YP_001405322.1|_4-360_1VBG:A:3-382	1.00	5.00	3.00	11.73	0.00	2.06	1.61	1.90	0.00	380.00
gi|154151704|ref|YP_001405322.1|_464-754_1KBL:A:510-873	0.00	4.11	3.50	11.28	0.00	1.85	1.10	1.80	0.00	364.00
gi|154151704|ref|YP_001405322.1|_334-441_1ZYM:A:3-21,A:145-249	1.00	4.17	3.33	6.50	0.00	2.10	1.33	2.00	1.00	124.00
gi|154151705|ref|YP_001405323.1|_17-362_1PMM:A:	1.22	4.92	3.00	14.33	0.00	1.92	1.31	2.28	0.00	450.00
gi|154151706|ref|YP_001405324.1|_3-172_1Y0B:A:1-191	1.00	5.82	3.00	11.00	0.00	1.60	1.83	2.75	0.00	191.00
gi|154151708|ref|YP_001405326.1|_7-152_1WY7:A:4-204	0.00	7.43	3.00	10.33	0.00	2.69	1.50	1.82	0.00	201.00
gi|154151710|ref|YP_001405328.1|_9-197_2BM8:A:2-233	1.00	4.00	4.75	10.60	0.00	1.83	1.45	2.92	0.00	232.00
gi|154151713|ref|YP_001405331.1|_8-425_1PW4:A:	1.00	0.00	5.00	17.67	0.00	2.95	1.44	1.68	0.00	450.00
gi|154151719|ref|YP_001405337.1|_44-316_1ITX:A:33-337,A:410-451	1.00	5.45	3.33	10.36	0.00	1.71	1.58	1.86	1.00	347.00
gi|154151720|ref|YP_001405338.1|_26-74_1YFB:A:3-53	0.00	5.00	0.00	6.00	0.00	2.57	0.00	2.00	0.00	52.00
gi|154151721|ref|YP_001405339.1|_1-144_1RTT:A:	1.00	3.88	3.00	10.83	0.00	1.57	1.50	2.08	0.00	174.00
gi|154151721|ref|YP_001405339.1|_202-316_1RTT:A:	1.00	3.88	3.00	10.83	0.00	1.57	1.50	2.08	0.00	174.00
gi|154151724|ref|YP_001405342.1|_480-648_1GXL:A:	1.00	3.75	3.75	11.29	0.00	1.63	1.50	2.14	0.00	205.00
gi|154151724|ref|YP_001405342.1|_1-155,1030-1132_1XEW:X:,Y:	1.00	5.27	3.00	12.22	0.00	2.30	1.60	2.21	1.00	329.00
gi|154151726|ref|YP_001405344.1|_5-415_1KL1:A:	1.00	3.60	3.20	11.56	0.00	1.64	1.50	1.95	0.00	405.00
gi|154151727|ref|YP_001405345.1|_118-273_1B0A:A:123-288	1.00	3.43	0.00	10.17	0.00	1.52	1.50	2.30	0.00	166.00
gi|154151727|ref|YP_001405345.1|_1-117_1B0A:A:2-122	0.00	3.60	0.00	13.75	0.00	1.62	1.25	1.89	0.00	121.00
gi|154151728|ref|YP_001405346.1|_11-268_1AJ2:A:	1.00	4.10	5.00	12.89	5.00	2.00	1.06	1.79	0.00	282.00
gi|154151729|ref|YP_001405347.1|_7-251_2PHN:A:2-249	1.00	5.00	3.00	10.00	0.00	1.79	1.54	1.85	0.00	248.00
gi|154151731|ref|YP_001405349.1|_16-189_1L3I:A:	1.00	7.12	3.00	9.83	0.00	2.19	1.11	1.91	0.00	186.00
gi|154151733|ref|YP_001405351.1|_31-179_2Q07:A:244-393	0.00	4.40	3.00	11.40	0.00	2.85	1.82	1.60	0.00	150.00
gi|154151735|ref|YP_001405353.1|_8-143_1WJG:A:	0.00	5.00	3.00	15.25	0.00	1.67	2.00	1.75	0.00	135.00
gi|154151736|ref|YP_001405354.1|_17-219_1PV7:A:	0.00	0.00	4.00	15.09	0.00	1.72	1.67	1.86	0.00	417.00
gi|154151736|ref|YP_001405354.1|_232-474_1PV7:A:	0.00	0.00	4.00	15.09	0.00	1.72	1.67	1.86	0.00	417.00
gi|154151737|ref|YP_001405355.1|_4-201_2I5E:A:1-208	0.00	4.78	3.00	11.00	0.00	1.72	1.64	2.67	0.00	208.00
gi|154151738|ref|YP_001405356.1|_7-157_1D5Y:A:122-294	0.00	7.56	3.00	9.25	0.00	1.94	1.80	1.75	0.00	168.00
gi|154151739|ref|YP_001405357.1|_157-286_2C2A:A:321-481	0.00	6.71	3.00	15.00	0.00	2.92	1.50	1.90	0.00	161.00
gi|154151740|ref|YP_001405358.1|_10-285_1R30:A:	1.00	4.78	3.00	11.27	0.00	2.06	1.60	2.08	0.00	312.00
gi|154151741|ref|YP_001405359.1|_2-234_1KUT:A:	1.00	5.55	3.00	12.17	0.00	2.50	1.00	2.17	0.00	224.00
gi|154151742|ref|YP_001405360.1|_7-92_1DJ7:A:	1.00	0.00	0.00	11.40	0.00	1.33	1.78	2.00	0.00	109.00
gi|154151743|ref|YP_001405361.1|_8-156_1MUG:A:	1.00	5.60	6.50	10.60	0.00	2.25	1.43	1.75	0.00	165.00
gi|154151744|ref|YP_001405362.1|_90-152,197-305_1CKI:A:	1.00	5.10	3.00	10.30	0.00	2.50	1.43	2.25	0.00	299.00
gi|154151745|ref|YP_001405363.1|_58-124_1BOO:A:	0.00	5.17	3.00	10.12	5.00	2.86	1.48	1.77	0.00	320.00
gi|154151745|ref|YP_001405363.1|_67-209,244-303_1BOO:A:	0.00	5.17	3.00	10.12	5.00	2.86	1.48	1.77	0.00	320.00
gi|154151745|ref|YP_001405363.1|_262-413_1BOO:A:	0.00	5.17	3.00	10.12	5.00	2.86	1.48	1.77	0.00	320.00
gi|154151747|ref|YP_001405365.1|_102-414_1GTR:A:8-338	1.00	4.22	3.25	11.50	0.00	1.97	1.65	1.89	0.00	331.00
gi|154151747|ref|YP_001405365.1|_536-632_1GTR:A:339-547	1.00	4.78	3.40	0.00	0.00	2.04	2.00	2.25	0.00	209.00
gi|154151747|ref|YP_001405365.1|_408-461_1GTR:A:339-547	1.00	4.78	3.40	0.00	0.00	2.04	2.00	2.25	0.00	209.00
gi|154151748|ref|YP_001405366.1|_7-324_1RTR:A:	0.00	2.00	4.00	15.15	0.00	2.94	1.17	1.85	0.00	290.00
gi|154151749|ref|YP_001405367.1|_3-444_2DKF:A:1-431	1.00	4.33	4.33	9.58	0.00	1.78	1.87	2.27	0.00	431.00
gi|154151750|ref|YP_001405368.1|_31-353_1P0K:A:	1.00	4.17	3.33	12.09	0.00	2.52	1.31	2.14	0.00	329.00
gi|154151751|ref|YP_001405369.1|_2-250_2BTY:A:1-282	1.00	4.21	3.00	10.73	0.00	1.54	1.80	1.88	0.00	282.00
gi|154151752|ref|YP_001405370.1|_144-285_1KKH:A:181-317	1.00	5.50	3.00	12.00	0.00	1.67	2.20	1.60	0.00	137.00
gi|154151752|ref|YP_001405370.1|_1-141_1KKH:A:1-180	0.00	7.86	3.25	12.75	0.00	1.77	2.00	2.50	0.00	175.00
gi|154151754|ref|YP_001405372.1|_14-201_1VI6:A:	1.00	4.14	3.00	10.83	0.00	2.00	1.15	2.50	0.00	193.00
gi|154151755|ref|YP_001405373.1|_129-395_1IYX:A:137-431	1.00	3.46	3.33	12.56	0.00	1.50	1.67	2.57	0.00	295.00
gi|154151755|ref|YP_001405373.1|_1-125_1E9I:A:1-139	1.00	5.50	3.00	10.60	0.00	1.69	1.67	1.67	0.00	139.00
gi|154151756|ref|YP_001405374.1|_3-56_1I50:F:	1.00	5.50	0.00	13.00	0.00	2.27	1.38	2.25	0.00	84.00
gi|154151757|ref|YP_001405375.1|_1-62_1EF4:A:	0.00	0.00	0.00	9.33	0.00	1.86	1.75	1.75	0.00	55.00
gi|154151758|ref|YP_001405376.1|_5-133_2GY9:I:4-129	0.00	4.50	4.33	8.00	0.00	2.40	3.00	3.00	0.00	126.00
gi|154151759|ref|YP_001405377.1|_3-140_1J3A:A:	1.33	3.40	3.00	9.80	0.00	2.77	1.50	2.50	0.00	142.00
gi|154151761|ref|YP_001405379.1|_37-153_1I50:C:42-172	0.00	6.12	3.00	10.00	0.00	1.50	2.00	2.43	0.00	131.00
gi|154151761|ref|YP_001405379.1|_1-42,178-269_1I50:C:3-41,C:173-268	1.00	7.00	3.00	13.67	0.00	2.41	1.58	2.00	1.00	135.00
gi|154151762|ref|YP_001405380.1|_5-130_2QAL:K:12-128	0.00	6.60	3.00	9.00	0.00	2.82	1.43	2.17	0.00	117.00
gi|154151763|ref|YP_001405381.1|_17-177_1C06:A:	0.00	3.40	3.00	9.71	0.00	2.00	1.91	2.00	0.00	159.00
gi|154151764|ref|YP_001405382.1|_11-145_2GY9:M:1-114	1.00	0.00	0.00	8.67	0.00	2.42	1.90	2.40	0.00	114.00
gi|154151765|ref|YP_001405383.1|_2-187_1NBA:A:	1.00	4.86	3.33	12.57	0.00	2.24	1.81	1.69	0.00	253.00
gi|154151767|ref|YP_001405385.1|_137-258_2RC3:A:23-149	1.00	5.60	3.00	9.20	0.00	1.64	1.29	1.57	0.00	127.00
gi|154151767|ref|YP_001405385.1|_5-124_2EF7:A:1-127	1.00	4.43	3.00	10.50	0.00	1.67	1.00	1.60	0.00	127.00
gi|154151768|ref|YP_001405386.1|_118-235_2EF7:A:1-127	1.00	4.43	3.00	10.50	0.00	1.67	1.00	1.60	0.00	127.00
gi|154151768|ref|YP_001405386.1|_249-311_2YZI:A:4-135	1.00	4.83	3.00	9.50	0.00	1.71	1.00	1.82	0.00	132.00
gi|154151768|ref|YP_001405386.1|_35-94_2YZQ:A:1-122	1.00	4.14	1.00	7.33	0.00	4.09	1.22	2.20	0.00	122.00
gi|154151769|ref|YP_001405387.1|_127-246_2YVX:A:132-275	1.10	3.40	3.00	9.50	0.00	1.50	1.94	2.00	0.00	144.00
gi|154151769|ref|YP_001405387.1|_3-119_2OUX:A:136-262	1.00	4.33	0.00	7.83	0.00	1.43	1.27	1.71	0.00	127.00
gi|154151770|ref|YP_001405388.1|_9-136_2EF7:A:1-127	1.00	4.43	3.00	10.50	0.00	1.67	1.00	1.60	0.00	127.00
gi|154151771|ref|YP_001405389.1|_22-211_1RFL:A:	0.00	3.25	3.00	7.40	0.00	3.05	2.17	1.71	0.00	171.00
gi|154151774|ref|YP_001405392.1|_65-143_1A32:A:	0.00	0.00	0.00	16.25	0.00	2.00	1.00	1.33	0.00	85.00
gi|154151775|ref|YP_001405393.1|_2-186,257-397_1IR6:A:	0.00	4.50	3.00	11.33	0.00	1.95	1.52	2.15	0.00	385.00
gi|154151778|ref|YP_001405396.1|_13-109_1V3W:A:	1.00	3.40	0.00	24.00	0.00	1.15	1.60	2.00	0.00	173.00
gi|154151779|ref|YP_001405397.1|_102-194_2I6G:A:1-198	1.00	7.43	3.00	8.67	0.00	3.41	1.00	2.00	0.00	198.00
gi|154151780|ref|YP_001405398.1|_2-106_1Z7U:A:1-108	1.00	6.00	0.00	13.60	0.00	1.22	1.17	1.80	0.00	108.00
gi|154151781|ref|YP_001405399.1|_1-536_1E2U:A:	1.00	3.73	3.64	13.39	0.00	2.15	1.35	1.93	0.00	553.00
gi|154151782|ref|YP_001405400.1|_221-539_2P6R:A:1-202	1.00	4.57	4.50	11.57	0.00	2.00	1.44	2.60	0.00	202.00
gi|154151783|ref|YP_001405401.1|_3-108_1T6S:A:86-162	0.00	4.33	0.00	10.25	0.00	1.57	1.25	1.75	0.00	77.00
gi|154151785|ref|YP_001405403.1|_171-376_1K7J:A:	1.00	4.70	3.00	9.33	0.00	1.72	1.54	2.00	0.00	206.00
gi|154151785|ref|YP_001405403.1|_6-86_1GXU:A:	0.00	7.20	0.00	10.50	0.00	1.56	2.60	1.33	0.00	88.00
gi|154151785|ref|YP_001405403.1|_559-737_1HUX:A:	0.00	6.00	4.00	12.38	0.00	1.86	1.33	2.54	0.00	259.00
gi|154151787|ref|YP_001405405.1|_20-210_1TV8:A:	1.00	4.91	3.00	10.50	0.00	1.97	1.65	2.10	0.00	327.00
gi|154151789|ref|YP_001405407.1|_8-139_1ZAV:A:1-177	0.00	5.40	3.00	16.67	0.00	1.67	1.80	1.67	0.00	177.00
gi|154151790|ref|YP_001405408.1|_7-213_1DWU:A:	0.00	5.00	3.33	10.00	0.00	1.73	1.50	1.67	0.00	213.00
gi|154151791|ref|YP_001405409.1|_3-80_1MMS:A:8-70	0.00	6.33	0.00	7.50	0.00	1.67	1.33	3.00	0.00	63.00
gi|154151791|ref|YP_001405409.1|_64-136_1S72:I:	0.00	3.00	0.00	10.33	0.00	2.14	1.60	3.33	0.00	70.00
gi|154151793|ref|YP_001405411.1|_3-175_1NSL:A:	1.00	8.00	3.00	10.00	0.00	2.30	1.43	2.60	0.00	183.00
gi|154151794|ref|YP_001405412.1|_3-226_1VPL:A:	1.00	6.20	4.00	9.89	0.00	1.72	1.33	2.27	0.00	238.00
gi|154151796|ref|YP_001405414.1|_20-215,273-452,536-559_1PV7:A:	0.00	0.00	4.00	15.09	0.00	1.72	1.67	1.86	0.00	417.00
gi|154151797|ref|YP_001405415.1|_10-195_1VE3:A:2-227	0.00	6.60	3.00	9.86	0.00	2.50	1.00	2.36	0.00	226.00
gi|154151800|ref|YP_001405418.1|_1-172_1SQS:A:	0.00	7.20	4.50	11.11	0.00	2.32	1.56	2.64	0.00	232.00
gi|154151803|ref|YP_001405421.1|_6-60_1RHZ:B:	0.00	0.00	0.00	27.00	0.00	2.33	1.00	1.50	0.00	65.00
gi|154151804|ref|YP_001405422.1|_36-227_1W5B:A:23-231	0.00	6.33	3.00	11.00	0.00	1.80	1.12	1.78	0.00	209.00
gi|154151804|ref|YP_001405422.1|_229-344_1W5B:A:232-354	0.00	7.00	3.00	10.00	0.00	1.33	1.00	2.10	0.00	123.00
gi|154151805|ref|YP_001405423.1|_25-285_1YQE:A:1-278	1.00	5.67	4.00	9.78	0.00	1.62	1.40	1.93	0.00	278.00
gi|154151806|ref|YP_001405424.1|_4-130_1DZ3:A:	0.00	6.00	0.00	10.60	0.00	1.38	1.62	1.80	0.00	123.00
gi|154151806|ref|YP_001405424.1|_127-249_1EW0:A:	1.00	7.80	3.50	7.80	0.00	1.55	1.25	2.00	0.00	130.00
gi|154151806|ref|YP_001405424.1|_292-406_1OTD:A:	1.00	6.60	3.00	7.00	5.00	1.36	2.00	2.00	0.00	105.00
gi|154151807|ref|YP_001405425.1|_8-74_1EUH:A:	1.00	4.42	3.20	13.50	0.00	1.75	1.24	1.80	0.00	474.00
gi|154151808|ref|YP_001405426.1|_8-197,390-638_1ILE:A:1-197,A:387-641	1.00	3.26	4.00	9.05	0.00	2.07	1.67	2.55	1.00	452.00
gi|154151808|ref|YP_001405426.1|_643-868_1ILE:A:642-821	0.00	0.00	3.00	15.29	0.00	2.20	1.27	2.27	0.00	180.00
gi|154151808|ref|YP_001405426.1|_196-390_1FFY:A:201-394	1.00	6.00	3.00	5.00	0.00	2.96	1.94	2.50	0.00	194.00
gi|154151810|ref|YP_001405428.1|_20-90_1PM3:A:	0.00	5.14	3.00	0.00	0.00	6.33	2.33	3.00	0.00	96.00
gi|154151811|ref|YP_001405429.1|_255-378_1JCN:A:112-231	1.00	2.00	0.00	5.00	0.00	7.27	1.71	2.80	0.00	120.00
gi|154151812|ref|YP_001405430.1|_188-411_1OLT:A:	1.00	4.74	3.50	10.80	0.00	1.87	1.35	1.92	0.00	441.00
gi|154151812|ref|YP_001405430.1|_499-544_2DUY:A:11-75	0.00	2.00	4.00	6.67	0.00	2.00	1.25	2.00	0.00	65.00
gi|154151813|ref|YP_001405431.1|_41-128_1IG0:A:3-223	1.00	4.88	3.00	9.88	0.00	1.68	1.59	2.00	0.00	221.00
gi|154151814|ref|YP_001405432.1|_164-449_1K23:A:	0.00	5.64	3.25	10.00	0.00	1.83	1.35	2.47	0.00	307.00
gi|154151814|ref|YP_001405432.1|_14-142_1LSU:A:	0.00	4.17	3.00	10.00	0.00	1.67	1.25	2.29	0.00	134.00
gi|154151815|ref|YP_001405433.1|_4-144_1DVB:A:1-147	0.00	0.00	0.00	21.80	0.00	4.17	1.00	1.67	0.00	147.00
gi|154151815|ref|YP_001405433.1|_147-189_1DVB:A:148-191	1.00	6.33	3.00	0.00	0.00	2.40	1.00	3.00	0.00	44.00
gi|154151816|ref|YP_001405434.1|_343-588_2HYD:A:324-578	1.00	5.50	3.00	8.00	0.00	1.72	1.38	2.44	0.00	255.00
gi|154151816|ref|YP_001405434.1|_18-340_2HYD:A:1-323	0.00	0.00	3.00	18.40	5.00	1.44	1.20	1.67	0.00	323.00
gi|154151817|ref|YP_001405435.1|_333-580_2HYD:A:324-578	1.00	5.50	3.00	8.00	0.00	1.72	1.38	2.44	0.00	255.00
gi|154151817|ref|YP_001405435.1|_7-325_2HYD:A:1-323	0.00	0.00	3.00	18.40	5.00	1.44	1.20	1.67	0.00	323.00
gi|154151818|ref|YP_001405436.1|_1-177_1RLI:A:	1.00	6.60	4.00	8.00	0.00	3.21	1.57	1.67	0.00	179.00
gi|154151819|ref|YP_001405437.1|_53-223_1WZN:A:1-251	1.00	7.91	3.25	9.43	0.00	2.15	1.44	2.00	0.00	251.00
gi|154151820|ref|YP_001405438.1|_20-138_1W4T:A:1-277	1.00	5.92	3.00	9.88	0.00	1.87	1.50	2.31	0.00	277.00
gi|154151821|ref|YP_001405439.1|_196-348_1CFE:A:	1.00	3.67	3.00	10.25	0.00	1.67	1.75	2.00	0.00	135.00
gi|154151821|ref|YP_001405439.1|_3-44_1WG2:A:	0.00	2.00	0.00	0.00	0.00	2.20	1.36	2.75	0.00	63.00
gi|154151822|ref|YP_001405440.1|_1-199_1NOX:A:	1.00	6.75	3.00	10.00	0.00	2.58	1.29	1.55	0.00	200.00
gi|154151823|ref|YP_001405441.1|_4-104_1M1F:A:	1.00	4.43	0.00	7.67	0.00	2.06	1.12	1.86	0.00	110.00
gi|154151824|ref|YP_001405442.1|_2-226_1VPL:A:	1.00	6.20	4.00	9.89	0.00	1.72	1.33	2.27	0.00	238.00
gi|154151830|ref|YP_001405448.1|_8-218_1TW3:A:99-351	1.00	7.57	4.00	8.42	0.00	1.46	1.42	2.20	0.00	253.00
gi|154151833|ref|YP_001405451.1|_7-289_1G7S:A:1-227	1.00	4.67	3.60	12.00	0.00	1.92	1.23	2.14	0.00	227.00
gi|154151833|ref|YP_001405451.1|_462-585_1G7S:A:460-587	1.00	6.75	0.00	9.50	0.00	2.08	1.50	2.11	0.00	128.00
gi|154151833|ref|YP_001405451.1|_331-450_1G7S:A:329-459	1.00	4.50	0.00	13.40	0.00	1.40	1.80	1.83	0.00	131.00
gi|154151836|ref|YP_001405454.1|_4-123_2DP9:A:1-120	0.00	9.20	3.00	5.50	0.00	2.91	1.25	2.17	0.00	121.00
gi|154151837|ref|YP_001405455.1|_1-124_2H1C:A:1-138	0.00	2.80	3.33	10.14	0.00	1.53	1.50	1.75	0.00	138.00
gi|154151838|ref|YP_001405456.1|_2-121_2DP9:A:1-120	0.00	9.20	3.00	5.50	0.00	2.91	1.25	2.17	0.00	121.00
gi|154151839|ref|YP_001405457.1|_8-155_2FIA:A:1-157	0.00	6.86	3.00	12.00	0.00	1.67	2.50	2.20	0.00	157.00
gi|154151841|ref|YP_001405459.1|_8-30,68-100,143-193_1Y82:A:2-148	1.00	3.80	6.50	12.00	0.00	1.80	1.00	1.60	0.00	147.00
gi|154151842|ref|YP_001405460.1|_5-111_1VC1:A:	1.00	6.00	3.00	13.33	0.00	2.00	1.17	2.00	0.00	110.00
gi|154151847|ref|YP_001405465.1|_11-214_1NP6:A:	0.00	5.50	3.00	9.25	0.00	2.68	1.58	1.86	0.00	170.00
gi|154151848|ref|YP_001405466.1|_4-88_1KVN:A:	0.00	3.67	3.00	11.67	0.00	1.67	1.64	3.00	0.00	104.00
gi|154151849|ref|YP_001405467.1|_13-215_1M65:A:	1.00	4.62	3.20	9.38	0.00	2.37	1.08	1.79	0.00	244.00
gi|154151850|ref|YP_001405468.1|_242-332_1AIS:B:1206-1300	0.00	0.00	4.00	12.40	0.00	2.71	1.00	1.50	0.00	95.00
gi|154151850|ref|YP_001405468.1|_145-238_1AIS:B:1108-1205	0.00	0.00	0.00	13.40	0.00	1.86	1.00	2.83	0.00	98.00
gi|154151850|ref|YP_001405468.1|_34-81_1PFT:A:	1.00	4.00	0.00	0.00	0.00	3.29	2.20	3.50	0.00	50.00
gi|154151851|ref|YP_001405469.1|_7-78_1HW1:A:5-78	1.00	4.50	0.00	9.75	0.00	1.83	1.25	1.80	0.00	74.00
gi|154151852|ref|YP_001405470.1|_5-145_3EC9:A:10-139	1.00	10.00	0.00	8.00	0.00	1.57	1.00	2.00	0.00	130.00
gi|154151854|ref|YP_001405472.1|_1-80,118-138_1FQT:A:	1.00	4.40	3.00	0.00	0.00	1.80	1.50	2.20	0.00	109.00
gi|154151856|ref|YP_001405474.1|_74-221_2GK3:A:8-253	1.00	6.62	3.00	6.88	0.00	1.50	1.38	2.12	0.00	246.00
gi|154151858|ref|YP_001405476.1|_5-127_1VQV:A:1-137	1.00	7.60	0.00	14.67	0.00	2.31	1.17	1.86	0.00	137.00
gi|154151858|ref|YP_001405476.1|_134-275_1VQV:A:138-300	1.00	4.00	3.00	9.17	0.00	2.14	1.38	2.00	0.00	163.00
gi|154151860|ref|YP_001405478.1|_113-283_1TQI:A:91-282	0.00	4.60	3.00	16.25	0.00	3.07	1.56	2.25	0.00	192.00
gi|154151860|ref|YP_001405478.1|_23-107_1TQI:A:1-90	0.00	3.33	0.00	10.40	0.00	1.43	1.75	2.20	0.00	90.00
gi|154151861|ref|YP_001405479.1|_25-214_1WY5:A:1-216	0.00	4.17	4.00	11.50	0.00	1.95	1.33	2.10	0.00	216.00
gi|154151862|ref|YP_001405480.1|_346-477_2FY8:A:116-244	0.00	4.00	3.00	9.00	0.00	1.29	1.40	2.00	0.00	130.00
gi|154151862|ref|YP_001405480.1|_103-239_2FY8:A:116-244	0.00	4.00	3.00	9.00	0.00	1.29	1.40	2.00	0.00	130.00
gi|154151862|ref|YP_001405480.1|_257-334_1VCT:A:108-201	1.00	5.75	0.00	7.50	0.00	1.67	1.50	2.17	0.00	94.00
gi|154151862|ref|YP_001405480.1|_4-125_1LNQ:A:19-98	0.00	0.00	0.00	5.20	0.00	2.60	2.00	3.38	0.00	80.00
gi|154151862|ref|YP_001405480.1|_500-549_2FY8:A:245-336	1.00	5.75	0.00	7.50	0.00	1.31	1.60	2.00	0.00	92.00
gi|154151863|ref|YP_001405481.1|_12-246_1XNG:A:3-257	1.00	3.00	3.50	11.42	0.00	2.17	1.80	2.00	0.00	255.00
gi|154151864|ref|YP_001405482.1|_10-175_1J3Q:A:	1.20	5.57	3.00	8.00	0.00	1.68	1.75	2.09	0.00	187.00
gi|154151868|ref|YP_001405486.1|_2-323_1EBD:A:7-154,A:272-346	1.00	3.85	3.00	14.80	0.00	1.71	1.47	2.00	1.00	223.00
gi|154151868|ref|YP_001405486.1|_329-435_1LPF:A:349-472	1.00	6.20	3.00	8.40	0.00	1.83	2.25	1.50	0.00	124.00
gi|154151870|ref|YP_001405488.1|_152-491_1BBU:A:161-502	1.00	5.77	3.50	11.45	0.00	2.20	1.53	2.00	0.00	342.00
gi|154151870|ref|YP_001405488.1|_12-145_1BBU:A:11-154	0.00	10.20	3.00	9.50	0.00	2.23	1.50	2.00	0.00	144.00
gi|154151871|ref|YP_001405489.1|_13-104_2OD0:A:3-105	0.00	4.86	3.00	9.75	0.00	1.75	1.00	1.83	0.00	103.00
gi|154151874|ref|YP_001405492.1|_4-137_1AG9:A:	0.00	3.45	3.00	10.17	0.00	1.63	1.50	2.54	0.00	175.00
gi|154151875|ref|YP_001405493.1|_217-341_1S8N:A:	0.00	5.60	3.00	13.88	0.00	1.50	1.60	2.00	0.00	190.00
gi|154151875|ref|YP_001405493.1|_53-188_1C1G:C:	0.00	0.00	0.00	92.33	0.00	1.00	1.00	1.50	0.00	283.00
gi|154151876|ref|YP_001405494.1|_50-308_1G60:A:	1.00	5.88	3.00	11.43	0.00	2.79	1.69	1.89	0.00	256.00
gi|154151878|ref|YP_001405496.1|_20-184_1WZN:A:1-251	1.00	7.91	3.25	9.43	0.00	2.15	1.44	2.00	0.00	251.00
gi|154151879|ref|YP_001405497.1|_1-157_1TO0:A:	0.00	7.00	0.00	12.40	0.00	3.17	1.22	2.20	0.00	157.00
gi|154151881|ref|YP_001405499.1|_2-398_1PHP:A:	1.00	3.76	3.11	9.93	0.00	1.57	1.36	1.80	0.00	394.00
gi|154151883|ref|YP_001405501.1|_76-352_1FX0:A:97-372	1.14	4.75	3.17	11.20	0.00	2.03	2.04	2.53	0.00	276.00
gi|154151883|ref|YP_001405501.1|_359-417_1FX0:B:378-485	0.00	0.00	3.00	16.33	0.00	1.90	1.71	3.14	0.00	108.00
gi|154151884|ref|YP_001405502.1|_183-444_1SKY:E:83-356	1.00	4.27	3.25	10.00	0.00	1.64	1.53	1.76	0.00	274.00
gi|154151884|ref|YP_001405502.1|_451-555_1SKY:E:357-470	1.00	0.00	3.00	14.40	0.00	2.00	1.40	2.67	0.00	114.00
gi|154151884|ref|YP_001405502.1|_9-78_1SKY:B:21-95	0.00	6.83	3.00	0.00	0.00	1.57	1.60	2.00	0.00	75.00
gi|154151885|ref|YP_001405503.1|_3-99_2I4R:A:4-79	0.00	5.00	3.00	8.67	0.00	1.57	1.40	3.00	0.00	76.00
gi|154151886|ref|YP_001405504.1|_10-346_1V9M:A:	0.00	0.00	4.00	13.13	0.00	2.23	1.43	1.93	0.00	319.00
gi|154151887|ref|YP_001405505.1|_81-191_2DM9:A:81-198	0.00	5.00	0.00	11.67	0.00	1.78	1.67	1.40	0.00	118.00
gi|154151888|ref|YP_001405506.1|_15-82_1C99:A:	0.00	0.00	3.00	34.50	0.00	1.00	1.00	4.00	0.00	79.00
gi|154151894|ref|YP_001405512.1|_228-572_1G6O:A:	1.00	5.15	3.00	13.11	0.00	1.74	1.55	2.05	0.00	323.00
gi|154151895|ref|YP_001405513.1|_7-247_1PZN:A:96-349	0.00	5.08	3.00	10.25	0.00	2.53	1.74	1.85	0.00	254.00
gi|154151896|ref|YP_001405514.1|_4-227_1TF7:A:14-255	0.00	5.45	3.00	10.43	0.00	1.87	1.57	2.00	0.00	242.00
gi|154151898|ref|YP_001405516.1|_3-141_2GLZ:A:3-151	0.00	5.60	0.00	10.50	0.00	2.06	1.38	2.00	0.00	149.00
gi|154151899|ref|YP_001405517.1|_76-228_2AVN:A:1-246	1.00	6.20	4.67	9.90	0.00	1.29	1.42	1.78	0.00	246.00
gi|154151900|ref|YP_001405518.1|_64-256_2AVN:A:1-246	1.00	6.20	4.67	9.90	0.00	1.29	1.42	1.78	0.00	246.00
gi|154151902|ref|YP_001405520.1|_60-319_1TV8:A:	1.00	4.91	3.00	10.50	0.00	1.97	1.65	2.10	0.00	327.00
gi|154151902|ref|YP_001405520.1|_347-543_1N2Z:A:	1.00	3.50	3.67	9.60	0.00	1.74	1.53	2.00	0.00	245.00
gi|154151903|ref|YP_001405521.1|_24-280_2H1Q:A:1-251	1.00	5.30	3.80	6.73	0.00	2.21	1.41	2.18	0.00	251.00
gi|154151904|ref|YP_001405522.1|_2-132_1NXO:A:	0.00	5.00	0.00	11.40	0.00	2.10	1.29	1.75	0.00	119.00
gi|154151905|ref|YP_001405523.1|_1-128_1QKK:A:	0.00	4.80	3.00	14.60	0.00	2.33	1.43	1.80	0.00	154.00
gi|154151905|ref|YP_001405523.1|_747-871_2C2A:A:321-481	0.00	6.71	3.00	15.00	0.00	2.92	1.50	1.90	0.00	161.00
gi|154151905|ref|YP_001405523.1|_405-531_1LL8:A:	0.00	4.67	4.00	5.00	0.00	1.60	2.75	2.78	0.00	113.00
gi|154151905|ref|YP_001405523.1|_322-417_1DP6:A:	1.00	8.00	4.00	9.50	0.00	1.30	1.17	1.83	0.00	116.00
gi|154151905|ref|YP_001405523.1|_141-257_1OTD:A:	1.00	6.60	3.00	7.00	5.00	1.36	2.00	2.00	0.00	105.00
gi|154151905|ref|YP_001405523.1|_529-632_1EW0:A:	1.00	7.80	3.50	7.80	0.00	1.55	1.25	2.00	0.00	130.00
gi|154151906|ref|YP_001405524.1|_345-606_1W3B:A:	0.00	0.00	0.00	12.65	0.00	1.11	1.33	1.92	0.00	388.00
gi|154151906|ref|YP_001405524.1|_50-307_1QCF:A:249-531	1.00	5.57	3.20	9.60	0.00	2.03	1.82	1.82	0.00	282.00
gi|154151908|ref|YP_001405526.1|_200-385_1XVY:A:	1.00	5.22	3.38	11.60	0.00	1.80	1.60	2.12	0.00	307.00
gi|154151909|ref|YP_001405527.1|_4-183_1UBE:A:5-270	1.00	6.11	3.00	9.44	0.00	2.96	1.50	1.67	0.00	266.00
gi|154151910|ref|YP_001405528.1|_1-184_1F3O:A:	0.00	6.00	3.00	11.14	0.00	1.59	1.47	2.21	0.00	232.00
gi|154151911|ref|YP_001405529.1|_52-254_1HSL:A:	1.00	3.36	4.00	9.25	0.00	1.65	1.55	2.00	0.00	238.00
gi|154151916|ref|YP_001405534.1|_59-535_1UIU:A:	1.00	5.71	3.25	9.33	0.00	1.94	1.61	2.15	0.00	496.00
gi|154151917|ref|YP_001405535.1|_96-301_2R6G:F:261-504	1.00	0.00	3.00	12.75	0.00	1.56	1.87	1.69	0.00	244.00
gi|154151918|ref|YP_001405536.1|_62-241_3DHW:A:6-208	0.00	0.00	10.00	15.89	0.00	1.64	1.86	2.11	0.00	203.00
gi|154151919|ref|YP_001405537.1|_22-269_1G29:1:1-240	1.00	6.27	3.00	10.75	0.00	1.45	1.20	1.79	0.00	240.00
gi|154151920|ref|YP_001405538.1|_1-247_3DHW:C:1-240	1.00	6.40	3.00	11.43	0.00	1.57	1.47	2.67	0.00	240.00
gi|154151925|ref|YP_001405543.1|_306-612_1G6O:A:	1.00	5.15	3.00	13.11	0.00	1.74	1.55	2.05	0.00	323.00
gi|154151928|ref|YP_001405546.1|_8-434_1VL4:A:	1.00	8.30	3.25	8.73	0.00	2.15	1.26	2.05	0.00	433.00
gi|154151929|ref|YP_001405547.1|_5-442_1VPB:A:	1.14	9.41	3.00	9.78	0.00	2.09	1.20	2.22	0.00	439.00
gi|154151930|ref|YP_001405548.1|_454-627_1XHK:A:	1.00	5.11	5.00	12.75	0.00	1.95	1.83	2.00	0.00	185.00
gi|154151930|ref|YP_001405548.1|_53-125,217-428_1SXJ:C:12-238	1.00	4.80	3.00	8.33	0.00	1.73	1.69	2.58	0.00	227.00
gi|154151931|ref|YP_001405549.1|_113-274_1U9Y:A:156-284	1.00	4.83	3.00	9.00	0.00	2.83	1.57	1.75	0.00	129.00
gi|154151931|ref|YP_001405549.1|_1-145_1U9Y:A:1-155	1.00	4.38	6.00	11.50	0.00	1.38	1.50	2.29	0.00	155.00
gi|154151932|ref|YP_001405550.1|_13-126_1W8I:A:	0.00	3.40	0.00	11.43	0.00	1.43	1.38	2.70	0.00	155.00
gi|154151933|ref|YP_001405551.1|_72-199_1ORO:A:	1.00	5.75	3.33	12.29	0.00	1.71	1.78	1.88	0.00	213.00
gi|154151934|ref|YP_001405552.1|_15-144,401-519_1A6D:A:17-145,A:404-519	0.00	3.22	4.00	13.91	0.00	1.33	1.29	1.86	1.00	245.00
gi|154151934|ref|YP_001405552.1|_210-374_1Q3Q:A:217-369	1.00	4.22	3.00	15.00	0.00	1.78	1.47	1.75	0.00	153.00
gi|154151934|ref|YP_001405552.1|_148-216,367-401_1Q3Q:A:146-216,A:370-405	1.00	4.20	3.00	16.33	0.00	1.25	1.86	2.00	1.00	107.00
gi|154151935|ref|YP_001405553.1|_77-144_1AH7:A:	1.00	0.00	3.25	15.78	0.00	1.78	1.73	2.64	0.00	245.00
gi|154151936|ref|YP_001405554.1|_194-316_1F0K:A:	0.00	4.23	3.33	9.62	0.00	2.23	1.60	1.83	0.00	363.00
gi|154151936|ref|YP_001405554.1|_14-284_1F0K:A:	0.00	4.23	3.33	9.62	0.00	2.23	1.60	1.83	0.00	363.00
gi|154151939|ref|YP_001405557.1|_128-335_1T72:A:	0.00	0.00	3.00	26.86	0.00	3.12	1.50	1.40	0.00	226.00
gi|154151940|ref|YP_001405558.1|_9-140_1JF8:A:	1.00	5.50	0.00	10.40	0.00	2.73	1.62	2.00	0.00	130.00
gi|154151944|ref|YP_001405562.1|_357-447_1CWV:A:503-596	1.00	6.50	0.00	0.00	0.00	1.29	1.62	2.00	0.00	94.00
gi|154151946|ref|YP_001405564.1|_11-140_1S8N:A:	0.00	5.60	3.00	13.88	0.00	1.50	1.60	2.00	0.00	190.00
gi|154151947|ref|YP_001405565.1|_335-448_2C2A:A:321-481	0.00	6.71	3.00	15.00	0.00	2.92	1.50	1.90	0.00	161.00
gi|154151947|ref|YP_001405565.1|_141-246_1LL8:A:	0.00	4.67	4.00	5.00	0.00	1.60	2.75	2.78	0.00	113.00
gi|154151948|ref|YP_001405566.1|_454-588_1YSR:A:299-446	0.00	6.14	3.00	11.50	0.00	3.27	1.50	1.83	0.00	148.00
gi|154151949|ref|YP_001405567.1|_10-197_1TF7:A:14-255	0.00	5.45	3.00	10.43	0.00	1.87	1.57	2.00	0.00	242.00
gi|154151954|ref|YP_001405572.1|_3-256_1HD7:A:	1.00	5.08	3.60	8.71	0.00	2.62	1.44	1.90	0.00	275.00
gi|154151955|ref|YP_001405573.1|_60-355_1TWY:A:	1.00	5.08	3.50	10.00	0.00	1.42	1.15	1.94	0.00	249.00
gi|154151956|ref|YP_001405574.1|_20-268_3DHW:A:6-208	0.00	0.00	10.00	15.89	0.00	1.64	1.86	2.11	0.00	203.00
gi|154151957|ref|YP_001405575.1|_18-223,251-288_3D31:C:13-260	0.00	0.00	3.00	15.92	0.00	1.64	1.00	2.08	0.00	248.00
gi|154151958|ref|YP_001405576.1|_333-412_1L0Q:A:302-391	1.00	5.38	0.00	0.00	0.00	1.79	1.75	2.00	0.00	90.00
gi|154151958|ref|YP_001405576.1|_67-154_1L0Q:A:302-391	1.00	5.38	0.00	0.00	0.00	1.79	1.75	2.00	0.00	90.00
gi|154151958|ref|YP_001405576.1|_410-510_1L0Q:A:302-391	1.00	5.38	0.00	0.00	0.00	1.79	1.75	2.00	0.00	90.00
gi|154151960|ref|YP_001405578.1|_265-362_1L0Q:A:302-391	1.00	5.38	0.00	0.00	0.00	1.79	1.75	2.00	0.00	90.00
gi|154151960|ref|YP_001405578.1|_357-441_1L0Q:A:302-391	1.00	5.38	0.00	0.00	0.00	1.79	1.75	2.00	0.00	90.00
gi|154151960|ref|YP_001405578.1|_195-279_1L0Q:A:302-391	1.00	5.38	0.00	0.00	0.00	1.79	1.75	2.00	0.00	90.00
gi|154151960|ref|YP_001405578.1|_92-191_1L0Q:A:302-391	1.00	5.38	0.00	0.00	0.00	1.79	1.75	2.00	0.00	90.00
gi|154151961|ref|YP_001405579.1|_302-688_1G6O:A:	1.00	5.15	3.00	13.11	0.00	1.74	1.55	2.05	0.00	323.00
gi|154151963|ref|YP_001405581.1|_52-148_1BXU:A:	0.00	5.00	3.00	0.00	0.00	1.12	1.43	2.00	0.00	91.00
gi|154151964|ref|YP_001405582.1|_16-331_2P6R:A:1-202	1.00	4.57	4.50	11.57	0.00	2.00	1.44	2.60	0.00	202.00
gi|154151965|ref|YP_001405583.1|_16-105_1USM:A:	1.00	4.75	0.00	15.00	0.00	2.57	2.00	2.25	0.00	80.00
gi|154151966|ref|YP_001405584.1|_181-416_1E32:A:201-458	1.00	5.20	3.00	10.17	0.00	1.86	1.38	1.79	0.00	258.00
gi|154151966|ref|YP_001405584.1|_448-672_1OZ4:A:471-763	1.00	0.00	3.00	5.57	0.00	4.48	2.17	2.68	0.00	292.00
gi|154151966|ref|YP_001405584.1|_3-86_1CZ4:A:1-91	0.00	5.67	0.00	6.00	0.00	2.09	2.00	2.40	0.00	91.00
gi|154151966|ref|YP_001405584.1|_92-187_1CZ4:A:92-185	1.00	4.00	0.00	9.00	0.00	1.83	1.70	2.00	0.00	94.00
gi|154151968|ref|YP_001405586.1|_5-223_1PZN:A:96-349	0.00	5.08	3.00	10.25	0.00	2.53	1.74	1.85	0.00	254.00
gi|154151969|ref|YP_001405587.1|_684-806_1BYW:A:	1.00	8.60	3.00	7.67	0.00	1.46	1.67	1.88	0.00	110.00
gi|154151969|ref|YP_001405587.1|_303-431_1EW0:A:	1.00	7.80	3.50	7.80	0.00	1.55	1.25	2.00	0.00	130.00
gi|154151969|ref|YP_001405587.1|_178-304_1EW0:A:	1.00	7.80	3.50	7.80	0.00	1.55	1.25	2.00	0.00	130.00
gi|154151969|ref|YP_001405587.1|_430-556_1V9Y:A:	1.00	7.20	3.33	7.33	0.00	2.30	1.17	2.17	0.00	113.00
gi|154151969|ref|YP_001405587.1|_555-685_1EW0:A:	1.00	7.80	3.50	7.80	0.00	1.55	1.25	2.00	0.00	130.00
gi|154151969|ref|YP_001405587.1|_71-179_1V9Y:A:	1.00	7.20	3.33	7.33	0.00	2.30	1.17	2.17	0.00	113.00
gi|154151970|ref|YP_001405588.1|_3-272_1BWZ:A:131-274	0.00	5.90	0.00	11.00	0.00	1.59	1.70	2.11	0.00	144.00
gi|154151971|ref|YP_001405589.1|_4-302_1T5O:A:	1.00	3.62	3.00	11.17	0.00	1.89	1.71	2.05	0.00	350.00
gi|154151972|ref|YP_001405590.1|_4-18,78-258_2B8E:A:416-434,A:548-663	1.00	4.33	0.00	7.83	5.00	1.94	1.67	1.80	1.00	135.00
gi|154151973|ref|YP_001405591.1|_284-523_3DHW:C:1-240	1.00	6.40	3.00	11.43	0.00	1.57	1.47	2.67	0.00	240.00
gi|154151973|ref|YP_001405591.1|_2-264_1OXS:C:1-242	0.00	6.00	3.00	9.88	0.00	1.35	1.22	2.00	0.00	242.00
gi|154151977|ref|YP_001405595.1|_150-405_1HUX:A:	0.00	6.00	4.00	12.38	0.00	1.86	1.33	2.54	0.00	259.00
gi|154151980|ref|YP_001405598.1|_19-132_2OUW:A:1-134	0.00	0.00	4.00	13.00	0.00	2.00	3.25	1.60	0.00	134.00
gi|154151981|ref|YP_001405599.1|_1-225_1CT9:A:1-192	1.00	5.33	3.00	10.33	0.00	1.64	1.25	2.57	0.00	192.00
gi|154151981|ref|YP_001405599.1|_221-390,449-596_1CT9:A:193-516	0.00	4.40	3.33	10.00	0.00	2.61	1.25	1.60	0.00	324.00
gi|154151982|ref|YP_001405600.1|_1-261_2CU2:A:1-268	1.00	5.82	3.00	9.00	0.00	1.64	1.62	1.83	0.00	268.00
gi|154151982|ref|YP_001405600.1|_183-449_1O4T:A:	0.00	6.18	3.00	0.00	0.00	1.23	1.38	2.80	0.00	115.00
gi|154151983|ref|YP_001405601.1|_292-367,395-544_1TV8:A:	1.00	4.91	3.00	10.50	0.00	1.97	1.65	2.10	0.00	327.00
gi|154151984|ref|YP_001405602.1|_1-140_2H6L:A:1-138	1.00	9.89	0.00	12.00	0.00	1.56	1.20	2.17	0.00	138.00
gi|154151986|ref|YP_001405604.1|_32-179_2ETD:A:35-183	0.00	0.00	0.00	22.80	0.00	4.14	1.00	2.00	0.00	149.00
gi|154151987|ref|YP_001405605.1|_149-268_1WB1:A:180-271	1.00	2.40	3.00	0.00	0.00	2.18	1.80	2.50	0.00	92.00
gi|154151989|ref|YP_001405607.1|_2-245_1QG8:A:	1.00	6.89	3.50	9.25	0.00	2.82	1.38	1.92	0.00	255.00
gi|154151991|ref|YP_001405609.1|_143-268_2F62:A:9-160	1.00	4.00	3.50	10.80	0.00	1.58	1.64	2.67	0.00	152.00
gi|154151993|ref|YP_001405611.1|_140-301_1CF2:O:139-303	0.00	6.12	3.00	11.00	0.00	1.65	1.80	2.22	0.00	165.00
gi|154151993|ref|YP_001405611.1|_2-159_1B7G:O:1-138,O:301-340	1.00	4.14	3.00	9.12	0.00	1.62	1.20	2.09	1.00	178.00
gi|154151994|ref|YP_001405612.1|_7-311_1J1U:A:	1.00	4.62	3.00	11.31	0.00	2.38	1.64	1.82	0.00	306.00
gi|154151995|ref|YP_001405613.1|_56-87,115-245_1TQI:A:91-282	0.00	4.60	3.00	16.25	0.00	3.07	1.56	2.25	0.00	192.00
gi|154151996|ref|YP_001405614.1|_84-165_1TUA:A:85-188	0.00	6.00	3.00	13.40	0.00	1.17	2.00	1.40	0.00	104.00
gi|154151996|ref|YP_001405614.1|_2-71_1TUA:A:1-84	0.00	5.33	3.33	8.75	0.00	2.00	1.33	1.80	0.00	84.00
gi|154151997|ref|YP_001405615.1|_495-694_2P6R:A:489-686	0.00	0.00	3.00	10.50	0.00	2.42	1.29	2.00	0.00	198.00
gi|154151997|ref|YP_001405615.1|_35-181,216-263,295-388_2P6R:A:1-202	1.00	4.57	4.50	11.57	0.00	2.00	1.44	2.60	0.00	202.00
gi|154151997|ref|YP_001405615.1|_407-494_2P6R:A:404-488	0.00	3.00	0.00	9.60	0.00	2.80	1.50	1.60	0.00	85.00
gi|154151998|ref|YP_001405616.1|_11-146_1ZD0:A:9-144	1.00	5.75	0.00	11.00	0.00	2.80	2.00	1.60	0.00	138.00
gi|154151999|ref|YP_001405617.1|_43-194_1Y5E:A:12-166	0.00	5.50	6.00	11.17	0.00	1.57	1.86	1.75	0.00	155.00
