PDB_ID	B	E	G	H	I	L	S	T	X	sequence_length
gi|76800658|ref|YP_325666.1|_371-613_2HYD:A:324-578	2	10	5	9	0	25	21	16	0	255
gi|76800658|ref|YP_325666.1|_25-359_2HYD:A:1-323	0	0	1	15	1	9	5	12	0	323
gi|76800659|ref|YP_325667.1|_74-279_1UC8:A:89-280	2	8	0	6	0	15	6	8	0	192
gi|76800660|ref|YP_325668.1|_34-115_1SHS:A:	2	10	3	0	0	16	4	4	0	115
gi|76800661|ref|YP_325669.1|_141-302_1CF2:O:139-303	0	8	2	4	0	17	10	9	0	165
gi|76800661|ref|YP_325669.1|_3-160_2CZC:A:1-139,A:302-334	1	7	3	8	0	18	11	12	1	172
gi|76800662|ref|YP_325670.1|_14-319_1ZJC:A:3-415	4	19	5	13	0	39	21	25	0	413
gi|76800664|ref|YP_325672.1|_4-208_1JG1:A:	4	9	4	6	0	25	16	10	0	215
gi|76800665|ref|YP_325673.1|_8-180_1JG1:A:	4	9	4	6	0	25	16	10	0	215
gi|76800669|ref|YP_325677.1|_5-144_1NXO:A:	0	5	0	5	0	10	7	4	0	119
gi|76800670|ref|YP_325678.1|_255-379_1PBJ:A:2-121	4	6	1	6	0	13	4	7	0	120
gi|76800671|ref|YP_325679.1|_3-255_1UIY:A:	1	9	3	12	0	25	13	10	0	253
gi|76800673|ref|YP_325681.1|_1-139_1MJH:A:	0	5	1	4	0	16	7	5	0	160
gi|76800674|ref|YP_325682.1|_3-166_1FF3:A:	2	8	3	5	0	24	18	10	0	211
gi|76800676|ref|YP_325684.1|_631-747_1WJG:A:	0	5	1	4	0	15	7	4	0	135
gi|76800676|ref|YP_325684.1|_491-624_1WJG:A:	0	5	1	4	0	15	7	4	0	135
gi|76800677|ref|YP_325685.1|_6-137_1WJG:A:	0	5	1	4	0	15	7	4	0	135
gi|76800679|ref|YP_325687.1|_14-135_1XM0:A:1-143	0	8	2	3	0	18	13	9	0	143
gi|76800680|ref|YP_325688.1|_61-161_1PLB:A:	0	9	1	0	0	18	10	5	0	97
gi|76800681|ref|YP_325689.1|_5-253_1JW9:B:	5	8	2	9	0	22	10	18	0	247
gi|76800682|ref|YP_325690.1|_8-266_1XNG:A:3-257	1	6	2	12	0	23	10	12	0	255
gi|76800683|ref|YP_325691.1|_1-140_1MJH:A:	0	5	1	4	0	16	7	5	0	160
gi|76800685|ref|YP_325693.1|_235-490_2CH7:B:225-529	0	0	1	4	0	2	1	4	0	308
gi|76800685|ref|YP_325693.1|_17-188_1OR4:A:	0	2	2	7	0	11	5	4	0	169
gi|76800686|ref|YP_325694.1|_1-130_1OI0:A:	0	9	0	2	0	14	8	5	0	121
gi|76800687|ref|YP_325695.1|_3-284_1N2Z:A:	4	10	3	10	0	27	17	13	0	245
gi|76800688|ref|YP_325696.1|_112-458_1IQ0:A:97-466	4	12	1	13	0	34	19	20	0	370
gi|76800688|ref|YP_325696.1|_461-580_1BS2:A:484-607	0	0	1	6	0	8	5	7	0	124
gi|76800688|ref|YP_325696.1|_6-98_1IQ0:A:1-96	0	4	0	4	0	9	7	6	0	96
gi|76800690|ref|YP_325698.1|_57-266_1TV8:A:	4	11	4	10	0	39	20	20	0	327
gi|76800691|ref|YP_325699.1|_98-230_3CTA:A:90-220	0	9	1	2	0	12	5	1	0	131
gi|76800691|ref|YP_325699.1|_31-92_3CTA:A:5-89	0	3	0	4	0	5	3	5	0	85
gi|76800692|ref|YP_325700.1|_13-238_1PVY:A:	2	7	3	10	0	21	7	14	0	219
gi|76800693|ref|YP_325701.1|_117-454_1F52:A:101-468	4	12	5	10	0	37	24	21	0	368
gi|76800693|ref|YP_325701.1|_17-114_1HTQ:A:1-100	2	5	1	2	0	15	6	3	0	100
gi|76800694|ref|YP_325702.1|_63-144_1RI7:A:85-170	0	4	0	2	0	8	5	5	0	86
gi|76800694|ref|YP_325702.1|_4-63_1I1G:A:2-61	0	0	1	3	0	5	4	4	0	60
gi|76800696|ref|YP_325704.1|_10-212_1KA9:H:	0	13	1	5	0	22	16	13	0	195
gi|76800697|ref|YP_325705.1|_7-181_1L9G:A:	0	6	4	8	0	21	12	7	0	191
gi|76800700|ref|YP_325708.1|_832-974_1YSR:A:299-446	0	7	1	4	0	11	6	6	0	148
gi|76800700|ref|YP_325708.1|_123-268_2K2N:A:31-200	1	5	1	4	0	22	14	6	0	170
gi|76800700|ref|YP_325708.1|_256-371_1V9Y:A:	2	5	3	3	0	10	6	6	0	113
gi|76800700|ref|YP_325708.1|_511-630_1V9Y:A:	2	5	3	3	0	10	6	6	0	113
gi|76800700|ref|YP_325708.1|_632-758_1EW0:A:	2	5	2	5	0	11	8	8	0	130
gi|76800700|ref|YP_325708.1|_401-522_2K2N:A:31-200	1	5	1	4	0	22	14	6	0	170
gi|76800700|ref|YP_325708.1|_755-821_2C2A:A:232-320	0	0	1	3	0	3	0	4	0	89
gi|76800701|ref|YP_325709.1|_7-186_2QED:A:1-251	1	14	2	9	0	27	10	18	0	251
gi|76800702|ref|YP_325710.1|_2-47_2AYJ:A:1-56	0	3	0	0	0	12	6	4	0	56
gi|76800703|ref|YP_325711.1|_98-292_1QZX:A:88-294	0	8	2	8	0	21	11	12	0	207
gi|76800703|ref|YP_325711.1|_292-429_1QZX:A:295-432	1	0	1	8	0	13	11	7	0	138
gi|76800703|ref|YP_325711.1|_1-90_1J8M:F:3-86	0	0	0	4	0	7	2	3	0	84
gi|76800705|ref|YP_325713.1|_4-217_1F3O:A:	0	10	2	7	0	22	15	14	0	232
gi|76800707|ref|YP_325715.1|_10-343_1EBD:A:7-154,A:272-346	4	13	2	5	0	24	15	13	1	223
gi|76800707|ref|YP_325715.1|_348-471_1EBD:A:347-461	1	5	1	5	0	10	4	8	0	115
gi|76800708|ref|YP_325716.1|_1-172_2QMW:A:1-184	1	10	1	6	0	20	19	9	0	184
gi|76800708|ref|YP_325716.1|_165-263_2QMW:A:185-264	0	4	0	2	0	7	4	4	0	80
gi|76800709|ref|YP_325717.1|_1-74_1EIK:A:	2	3	1	2	0	9	3	5	0	77
gi|76800710|ref|YP_325718.1|_5-513_1I50:B:	18	49	14	26	0	125	63	65	0	1207
gi|76800711|ref|YP_325719.1|_8-608_1I50:B:	18	49	14	26	0	125	63	65	0	1207
gi|76800712|ref|YP_325720.1|_6-155,315-1017_1I50:A:	24	46	14	45	0	162	93	81	0	1449
gi|76800713|ref|YP_325721.1|_567-883_1I50:A:	24	46	14	45	0	162	93	81	0	1449
gi|76800713|ref|YP_325721.1|_78-200,531-570_1MI8:A:	0	13	2	0	0	14	2	10	0	158
gi|76800713|ref|YP_325721.1|_29-83_1I50:A:	24	46	14	45	0	162	93	81	0	1449
gi|76800713|ref|YP_325721.1|_276-339_1DFA:A:181-298	3	0	0	3	0	9	6	6	0	118
gi|76800713|ref|YP_325721.1|_354-424_1DQ3:A:227-335	0	4	1	5	0	10	5	4	0	109
gi|76800714|ref|YP_325722.1|_78-138_1K0R:A:263-329	0	3	2	3	0	5	4	2	0	67
gi|76800714|ref|YP_325722.1|_12-71_1E3H:A:579-632	2	0	0	1	0	4	3	0	0	54
gi|76800715|ref|YP_325723.1|_5-220_2QFI:A:5-208	2	0	7	7	0	14	20	21	0	204
gi|76800715|ref|YP_325723.1|_227-300_2QFI:A:209-290	4	0	1	2	0	13	9	6	0	82
gi|76800716|ref|YP_325724.1|_18-140_1FJG:L:	1	6	1	1	0	20	8	9	0	125
gi|76800717|ref|YP_325725.1|_23-203_1IQV:A:	4	2	1	6	0	14	6	7	0	201
gi|76800718|ref|YP_325726.1|_62-426_1CRU:A:	5	30	5	2	0	71	34	34	0	450
gi|76800720|ref|YP_325728.1|_11-263_1N0U:A:3-343	9	9	5	14	0	30	13	15	0	341
gi|76800720|ref|YP_325728.1|_465-622_1N0U:A:561-725	1	7	1	5	0	15	13	8	0	165
gi|76800720|ref|YP_325728.1|_261-380_1N0U:A:344-481	3	10	0	2	0	16	10	11	0	138
gi|76800720|ref|YP_325728.1|_624-719_2BV3:A:600-688	0	4	2	3	0	5	0	4	0	89
gi|76800720|ref|YP_325728.1|_388-463_1N0U:A:482-560	0	4	1	2	0	9	6	3	0	79
gi|76800721|ref|YP_325729.1|_428-746_1XCO:A:	3	11	0	13	0	34	22	19	0	328
gi|76800721|ref|YP_325729.1|_161-451_1VL6:A:155-376	3	6	2	9	0	28	19	15	0	222
gi|76800721|ref|YP_325729.1|_8-159_1VL6:A:1-154	2	5	3	8	0	17	11	6	0	154
gi|76800722|ref|YP_325730.1|_32-104_1ULY:A:	1	4	1	8	0	12	7	8	0	190
gi|76800723|ref|YP_325731.1|_147-199_1S7O:A:	0	0	1	6	0	8	1	4	0	106
gi|76800724|ref|YP_325732.1|_338-482_2C2A:A:321-481	0	7	2	3	0	13	4	10	0	161
gi|76800724|ref|YP_325732.1|_7-152_1NY5:A:1-137	2	5	0	5	0	10	7	5	0	137
gi|76800724|ref|YP_325732.1|_131-255_1N9L:A:	0	5	1	3	0	14	5	7	0	109
gi|76800724|ref|YP_325732.1|_261-329_2C2A:A:232-320	0	0	1	3	0	3	0	4	0	89
gi|76800725|ref|YP_325733.1|_24-150_1K68:A:	0	5	2	5	0	15	12	5	0	140
gi|76800726|ref|YP_325734.1|_393-553_2C2A:A:321-481	0	7	2	3	0	13	4	10	0	161
gi|76800726|ref|YP_325734.1|_321-403_2C2A:A:232-320	0	0	1	3	0	3	0	4	0	89
gi|76800727|ref|YP_325735.1|_463-622_2C2A:A:321-481	0	7	2	3	0	13	4	10	0	161
gi|76800727|ref|YP_325735.1|_253-382_1EW0:A:	2	5	2	5	0	11	8	8	0	130
gi|76800727|ref|YP_325735.1|_156-265_1DP6:A:	3	5	1	4	0	10	6	6	0	116
gi|76800727|ref|YP_325735.1|_389-471_2C2A:A:232-320	0	0	1	3	0	3	0	4	0	89
gi|76800735|ref|YP_325743.1|_295-581_1G6O:A:	2	13	3	9	0	31	22	19	0	323
gi|76800737|ref|YP_325745.1|_12-542_1PG4:A:	11	30	5	21	0	71	40	44	0	643
gi|76800738|ref|YP_325746.1|_4-236_1JI0:A:	2	10	1	10	0	19	14	15	0	240
gi|76800739|ref|YP_325747.1|_2-244_1G6H:A:	2	11	5	9	0	21	16	17	0	254
gi|76800742|ref|YP_325750.1|_51-434_2LIV:A:	4	14	6	11	0	34	17	17	0	344
gi|76800743|ref|YP_325751.1|_1-210_2B67:A:1-201	5	5	3	9	0	18	6	10	0	201
gi|76800744|ref|YP_325752.1|_5-312_1J31:A:	1	16	2	7	0	32	15	15	0	262
gi|76800746|ref|YP_325754.1|_168-367_1VMA:A:82-294	0	8	4	7	0	22	9	10	0	213
gi|76800746|ref|YP_325754.1|_86-155_1LS1:A:1-88	0	0	0	4	0	6	4	4	0	88
gi|76800747|ref|YP_325755.1|_12-139_1FXK:C:	0	4	0	2	0	5	1	6	0	133
gi|76800748|ref|YP_325756.1|_3-56_2JXT:A:1-78	0	3	2	2	0	5	2	3	0	78
gi|76800749|ref|YP_325757.1|_227-333_1N9L:A:	0	5	1	3	0	14	5	7	0	109
gi|76800749|ref|YP_325757.1|_115-221_1EW0:A:	2	5	2	5	0	11	8	8	0	130
gi|76800749|ref|YP_325757.1|_422-557_1YSR:A:299-446	0	7	1	4	0	11	6	6	0	148
gi|76800749|ref|YP_325757.1|_2-110_1QKK:A:	0	5	1	5	0	15	7	5	0	154
gi|76800750|ref|YP_325758.1|_14-186_1QI9:A:	18	10	8	19	0	65	45	30	0	555
gi|76800752|ref|YP_325760.1|_2-364_2DUL:A:3-377	4	17	1	14	0	30	24	14	0	375
gi|76800754|ref|YP_325762.1|_134-441_1G6O:A:	2	13	3	9	0	31	22	19	0	323
gi|76800754|ref|YP_325762.1|_3-127_1O4W:A:	0	5	0	6	0	10	3	5	0	125
gi|76800754|ref|YP_325762.1|_469-525_1FJG:C:2-106	3	3	1	3	0	15	6	5	0	105
gi|76800755|ref|YP_325763.1|_56-146_2Q43:A:195-313	3	4	1	2	0	9	4	2	0	119
gi|76800755|ref|YP_325763.1|_4-67,156-244_1Y0Y:A:164-351,A:6-72	3	12	4	7	0	26	14	13	1	253
gi|76800756|ref|YP_325764.1|_9-233,313-477_1IR6:A:	0	10	7	15	0	38	21	20	0	385
gi|76800757|ref|YP_325765.1|_17-331,460-501_2IVD:A:10-306,A:415-464	5	15	3	15	0	32	15	21	1	347
gi|76800759|ref|YP_325767.1|_66-145_1TLQ:A:	0	0	0	11	0	12	5	14	0	161
gi|76800760|ref|YP_325768.1|_180-638_2I7T:A:9-459	0	22	5	10	0	45	27	19	0	451
gi|76800760|ref|YP_325768.1|_96-137_1FJG:C:2-106	3	3	1	3	0	15	6	5	0	105
gi|76800761|ref|YP_325769.1|_118-232,321-446_2FWR:A:257-456	7	4	0	8	0	27	20	8	0	200
gi|76800763|ref|YP_325771.1|_51-142_1DKG:B:38-138	2	6	0	0	0	7	3	3	0	57
gi|76800763|ref|YP_325771.1|_148-200_1DKG:A:139-197	2	6	0	0	0	7	3	3	0	59
gi|76800764|ref|YP_325772.1|_165-356_1DKG:D:186-383	1	6	1	6	0	13	10	7	0	198
gi|76800764|ref|YP_325772.1|_358-514_1CKR:A:	1	10	0	2	0	15	14	9	0	159
gi|76800764|ref|YP_325772.1|_5-161_1DKG:D:3-185	4	12	2	5	0	21	12	11	0	183
gi|76800764|ref|YP_325772.1|_481-582_1DKZ:A:507-603	0	0	1	5	0	5	2	2	0	97
gi|76800765|ref|YP_325773.1|_11-123,226-309_1VCT:A:9-107	0	0	0	3	0	4	1	2	0	99
gi|76800765|ref|YP_325773.1|_128-196_1VCT:A:108-201	2	4	0	4	0	12	4	6	0	94
gi|76800765|ref|YP_325773.1|_311-398_1VCT:A:108-201	2	4	0	4	0	12	4	6	0	94
gi|76800766|ref|YP_325774.1|_14-193_2YVX:A:276-448	0	0	1	5	0	10	9	7	0	173
gi|76800767|ref|YP_325775.1|_7-185_2YVX:A:276-448	0	0	1	5	0	10	9	7	0	173
gi|76800768|ref|YP_325776.1|_4-220_1D7Y:A:116-236	0	8	1	3	0	15	9	7	0	121
gi|76800768|ref|YP_325776.1|_206-398_3LAD:A:1-158,A:278-348	5	12	2	5	0	29	17	12	1	229
gi|76800771|ref|YP_325779.1|_274-577_1EWQ:A:267-541	2	4	1	10	0	20	10	10	0	275
gi|76800771|ref|YP_325779.1|_578-806_1EWQ:A:542-765	2	10	1	6	0	20	13	10	0	224
gi|76800771|ref|YP_325779.1|_14-125_1EWQ:A:1-120	0	6	3	3	0	13	6	4	0	120
gi|76800771|ref|YP_325779.1|_124-273_1EWQ:A:121-266	1	6	2	5	0	14	11	3	0	146
gi|76800773|ref|YP_325781.1|_9-129_1OB8:A:	0	8	1	3	0	8	6	5	0	124
gi|76800777|ref|YP_325785.1|_151-317_2Z1E:A:156-334	0	7	4	5	0	20	10	10	0	179
gi|76800777|ref|YP_325785.1|_27-144_2Z1E:A:43-155	0	7	0	2	0	7	4	5	0	113
gi|76800778|ref|YP_325786.1|_3-194_1S72:M:	0	4	4	6	0	23	17	17	0	194
gi|76800779|ref|YP_325787.1|_96-266_1TQI:A:91-282	0	10	1	4	0	15	9	8	0	192
gi|76800779|ref|YP_325787.1|_4-90_1TQI:A:1-90	0	3	0	5	0	7	4	5	0	90
gi|76800781|ref|YP_325789.1|_52-133_2BJ7:A:51-132	0	4	0	2	0	3	5	5	0	87
gi|76800781|ref|YP_325789.1|_1-44_2BJ7:A:1-50	0	1	0	2	0	3	2	2	0	50
gi|76800782|ref|YP_325790.1|_40-387_1CRU:A:	5	30	5	2	0	71	34	34	0	450
gi|76800783|ref|YP_325791.1|_2-467_2GI3:A:1-475	12	11	5	13	0	42	26	30	0	475
gi|76800784|ref|YP_325792.1|_392-412,515-712_2B8E:A:416-434,A:548-663	2	6	0	6	1	16	9	5	1	135
gi|76800784|ref|YP_325792.1|_195-293_1SU4:A:125-239	2	9	3	0	0	21	10	7	0	115
gi|76800784|ref|YP_325792.1|_144-196,294-388_1SU4:A:1-124,A:240-343,A:751-994	1	1	8	18	0	32	20	22	2	472
gi|76800784|ref|YP_325792.1|_1-58_1MWZ:A:	1	3	0	2	0	7	4	4	0	73
gi|76800785|ref|YP_325793.1|_2-272_1G60:A:	6	8	2	7	0	28	13	9	0	256
gi|76800788|ref|YP_325796.1|_264-471_1Q9J:A:181-418	4	7	1	5	0	21	13	10	0	238
gi|76800790|ref|YP_325798.1|_8-142_1DT9:A:5-142	0	4	1	4	0	16	5	7	0	138
gi|76800790|ref|YP_325798.1|_145-275_1DT9:A:143-276	0	5	0	4	0	15	13	7	0	134
gi|76800790|ref|YP_325798.1|_278-412_1DT9:A:277-422	3	4	0	4	0	12	10	4	0	146
gi|76800791|ref|YP_325799.1|_100-280_1YGY:A:99-282	3	7	2	7	0	24	14	12	0	184
gi|76800791|ref|YP_325799.1|_318-445_1YGY:A:317-451	0	6	2	3	0	9	10	8	0	135
gi|76800791|ref|YP_325799.1|_1-132_1YGY:A:3-98,A:283-316	4	5	2	4	0	19	10	9	1	130
gi|76800791|ref|YP_325799.1|_441-522_1YGY:A:452-529	0	4	0	2	0	7	5	3	0	78
gi|76800792|ref|YP_325800.1|_26-229_1J97:A:	3	7	3	9	1	19	10	11	0	210
gi|76800795|ref|YP_325803.1|_9-423_2CTZ:A:1-421	7	12	6	18	0	48	21	31	0	421
gi|76800796|ref|YP_325804.1|_2-369_2PL5:A:5-366	8	12	4	9	0	39	31	22	0	362
gi|76800797|ref|YP_325805.1|_16-434_2CTZ:A:1-421	7	12	6	18	0	48	21	31	0	421
gi|76800798|ref|YP_325806.1|_1-152_1PGP:A:1-176	4	8	1	7	0	22	12	9	0	176
gi|76800798|ref|YP_325806.1|_163-286_1PGJ:A:179-478	6	2	2	12	0	18	11	16	0	300
gi|76800799|ref|YP_325807.1|_3-189,338-574_1GAX:A:1-189,A:343-578	8	19	6	13	0	45	23	23	1	425
gi|76800799|ref|YP_325807.1|_577-798_1IVS:A:579-796	2	4	1	9	0	16	9	7	0	218
gi|76800799|ref|YP_325807.1|_190-338_1GAX:A:190-342	5	8	2	2	0	23	11	10	0	153
gi|76800801|ref|YP_325809.1|_11-187_1MH9:A:	3	6	3	6	0	25	17	12	0	194
gi|76800804|ref|YP_325812.1|_9-74_1ZHV:A:62-127	0	4	1	2	0	7	3	2	0	66
gi|76800805|ref|YP_325813.1|_139-296_1EBF:A:151-340	1	5	3	7	0	18	12	11	0	190
gi|76800805|ref|YP_325813.1|_1-157_1EUZ:A:181-419	2	7	2	9	0	26	9	15	0	239
gi|76800806|ref|YP_325814.1|_4-240_1JNY:A:4-227	4	6	1	8	0	22	11	16	0	224
gi|76800806|ref|YP_325814.1|_316-419_1JNY:A:323-429	2	9	1	0	0	13	7	7	0	107
gi|76800806|ref|YP_325814.1|_222-312_1JNY:A:228-322	2	10	2	0	0	11	5	7	0	95
gi|76800807|ref|YP_325815.1|_4-99_1FJG:J:	2	6	0	2	0	14	6	3	0	98
gi|76800808|ref|YP_325816.1|_2-239_1R6D:A:	3	12	4	12	0	35	11	18	0	322
gi|76800809|ref|YP_325817.1|_1-159_1F9A:A:	0	5	2	7	0	18	11	8	0	164
gi|76800810|ref|YP_325818.1|_2-106_2IJQ:A:14-158	3	2	2	6	0	11	3	8	0	145
gi|76800811|ref|YP_325819.1|_166-276_1O7I:A:	2	7	3	0	0	15	2	8	0	115
gi|76800811|ref|YP_325819.1|_271-368_1FGU:A:299-426	1	7	1	2	0	17	6	5	0	128
gi|76800811|ref|YP_325819.1|_51-146_1O7I:A:	2	7	3	0	0	15	2	8	0	115
gi|76800812|ref|YP_325820.1|_69-140_1B67:A:	0	2	1	3	0	7	3	2	0	68
gi|76800812|ref|YP_325820.1|_5-63_1KU5:A:	0	2	0	3	0	7	3	3	0	66
gi|76800813|ref|YP_325821.1|_3-310_3C10:A:515-900	8	10	9	12	0	47	19	25	0	386
gi|76800814|ref|YP_325822.1|_248-446_1R89:A:258-437	0	7	1	7	0	17	11	7	0	180
gi|76800814|ref|YP_325822.1|_150-262_1R89:A:143-257	2	4	2	4	0	11	5	8	0	115
gi|76800814|ref|YP_325822.1|_1-147_1R89:A:1-142	0	5	0	5	0	9	7	7	0	142
gi|76800815|ref|YP_325823.1|_57-171_1BQQ:M:	3	6	0	4	0	26	20	10	0	174
gi|76800817|ref|YP_325825.1|_69-183_2EF7:A:1-127	5	7	2	4	0	12	7	10	0	127
gi|76800817|ref|YP_325825.1|_223-282_2YZQ:A:123-278	7	5	5	3	0	12	9	8	0	156
gi|76800817|ref|YP_325825.1|_3-60_2OUX:A:136-262	8	6	0	6	0	14	11	7	0	127
gi|76800818|ref|YP_325826.1|_4-226,269-367,429-481_1ATI:A:1-394	3	18	6	9	0	33	19	17	0	394
gi|76800818|ref|YP_325826.1|_465-571_1ATI:A:395-505	0	5	1	4	0	14	8	6	0	111
gi|76800819|ref|YP_325827.1|_427-552_1ID1:A:	1	6	1	7	0	17	9	8	0	153
gi|76800820|ref|YP_325828.1|_406-531_1LSS:A:	0	6	0	6	0	14	9	7	0	132
gi|76800821|ref|YP_325829.1|_2-82_1JT8:A:	1	5	0	2	0	13	9	2	0	102
gi|76800822|ref|YP_325830.1|_64-200,355-493_1WP9:A:201-486	0	6	1	11	0	23	15	14	0	286
gi|76800822|ref|YP_325830.1|_628-760_1J23:A:	0	6	1	5	0	12	9	5	0	131
gi|76800822|ref|YP_325830.1|_776-838_1X2I:A:2-69	0	0	0	5	0	6	4	4	0	68
gi|76800824|ref|YP_325832.1|_77-157_1Q7H:A:69-153	0	6	1	3	0	10	5	6	0	85
gi|76800827|ref|YP_325835.1|_3-113_1XBL:A:	0	0	0	3	0	7	3	6	0	75
gi|76800827|ref|YP_325835.1|_270-355_1C3G:A:260-349	4	6	0	2	0	16	7	6	0	90
gi|76800827|ref|YP_325835.1|_121-179,225-267_1C3G:A:260-349	4	6	0	2	0	16	7	6	0	90
gi|76800827|ref|YP_325835.1|_141-222_1EXK:A:	2	6	2	0	0	10	7	6	0	79
gi|76800828|ref|YP_325836.1|_64-186,215-274_1Y7O:A:2-193	3	8	0	7	0	19	7	8	0	192
gi|76800830|ref|YP_325838.1|_78-149_1IQ8:A:506-582	0	6	1	2	0	10	2	6	0	77
gi|76800830|ref|YP_325838.1|_4-74_1IQ8:A:361-505	0	8	3	3	0	16	11	9	0	145
gi|76800832|ref|YP_325840.1|_16-244_1O54:A:	0	15	4	7	0	32	13	15	0	276
gi|76800834|ref|YP_325842.1|_30-355_1P0K:A:	2	12	3	11	0	33	16	14	0	329
gi|76800835|ref|YP_325843.1|_400-488_1QMU:A:305-383	2	9	0	0	0	10	3	5	0	79
gi|76800835|ref|YP_325843.1|_49-172_2OZN:A:774-906	1	11	0	0	0	14	7	5	0	133
gi|76800836|ref|YP_325844.1|_54-107_1QYP:A:	0	4	0	0	0	8	5	1	0	56
gi|76800837|ref|YP_325845.1|_238-416_1PV7:A:	0	0	2	22	0	18	12	14	0	417
gi|76800837|ref|YP_325845.1|_7-216_1PW4:A:	2	0	1	18	0	21	18	22	0	450
gi|76800838|ref|YP_325846.1|_149-261,377-526_1HW8:A:441-586,A:704-861	4	7	3	10	0	18	15	19	1	304
gi|76800838|ref|YP_325846.1|_264-379_1DQA:A:587-703	1	6	0	4	0	10	6	5	0	117
gi|76800841|ref|YP_325849.1|_1-267_1F89:A:	4	13	1	7	0	29	14	11	0	281
gi|76800842|ref|YP_325850.1|_1-134_2NS9:A:10-156	0	7	2	3	0	5	5	6	0	147
gi|76800845|ref|YP_325853.1|_1-227_2D13:A:2-227	2	9	2	6	0	25	8	13	0	226
gi|76800846|ref|YP_325854.1|_1-293_1YP2:A:10-316	1	13	3	12	0	32	21	15	0	307
gi|76800847|ref|YP_325855.1|_3-96_2GMG:A:1-105	4	2	0	3	0	12	6	4	0	96
gi|76800848|ref|YP_325856.1|_2-95_1D1R:A:	1	4	0	2	0	12	5	2	0	115
gi|76800849|ref|YP_325857.1|_4-97_1GMX:A:	0	7	1	5	0	15	6	5	0	108
gi|76800850|ref|YP_325858.1|_11-180_1V8Y:A:	5	9	0	3	0	15	5	6	0	158
gi|76800854|ref|YP_325862.1|_3-104_1YT8:A:107-242	4	5	1	6	0	18	9	6	0	136
gi|76800855|ref|YP_325863.1|_6-153_2GE3:A:6-169	0	7	2	4	0	13	5	8	0	164
gi|76800856|ref|YP_325864.1|_1-418_1ACO:A:2-528	11	21	6	16	0	60	33	33	0	527
gi|76800856|ref|YP_325864.1|_451-645_1V7L:A:	4	8	0	7	0	21	10	13	0	162
gi|76800857|ref|YP_325865.1|_1-101_1NEE:A:1-98	1	3	0	4	0	10	9	4	0	98
gi|76800857|ref|YP_325865.1|_142-201_1YVC:A:1-69	0	6	0	0	0	12	5	6	0	69
gi|76800857|ref|YP_325865.1|_98-132_1K81:A:	0	3	0	0	0	4	2	2	0	36
gi|76800858|ref|YP_325866.1|_2-113_2I52:A:1-120	0	6	1	2	0	8	3	8	0	119
gi|76800861|ref|YP_325869.1|_1-235_1V7Z:A:	8	5	6	8	0	30	14	10	0	257
gi|76800862|ref|YP_325870.1|_4-173_1S72:H:	0	8	3	2	0	20	10	7	0	171
gi|76800864|ref|YP_325872.1|_7-103_1T23:A:	0	7	0	1	0	12	7	4	0	93
gi|76800865|ref|YP_325873.1|_24-59_1UB4:C:	2	4	0	2	0	9	0	6	0	75
gi|76800866|ref|YP_325874.1|_4-349_1UUM:A:	3	13	6	13	0	34	22	17	0	359
gi|76800870|ref|YP_325878.1|_2-272_1WOS:A:1-278	6	13	6	8	0	26	15	23	0	278
gi|76800870|ref|YP_325878.1|_275-351_1WOS:A:279-361	0	6	0	0	0	8	4	6	0	83
gi|76800871|ref|YP_325879.1|_5-232_1G3Q:A:	0	8	3	11	0	25	16	14	0	237
gi|76800872|ref|YP_325880.1|_541-759_2CH7:B:225-529	0	0	1	4	0	2	1	4	0	308
gi|76800873|ref|YP_325881.1|_27-247,376-502_1R6T:A:82-467	4	11	6	19	0	34	15	21	0	385
gi|76800874|ref|YP_325882.1|_240-332_1A79:A:83-179	0	6	1	2	0	10	6	8	0	97
gi|76800874|ref|YP_325882.1|_68-154_1A79:A:83-179	0	6	1	2	0	10	6	8	0	97
gi|76800874|ref|YP_325882.1|_169-226_1A79:A:9-82	0	5	0	3	0	9	3	3	0	74
gi|76800874|ref|YP_325882.1|_1-62_1R0V:A:140-214	0	5	0	3	0	6	3	7	0	75
gi|76800876|ref|YP_325884.1|_1-325_1VLL:A:	3	15	2	12	0	33	17	19	0	321
gi|76800878|ref|YP_325886.1|_6-228,407-613_1H3N:A:1-225,A:418-686	9	23	6	18	0	52	29	25	1	494
gi|76800878|ref|YP_325886.1|_230-399_1H3N:A:226-417	2	9	3	5	0	22	15	12	0	192
gi|76800878|ref|YP_325886.1|_609-763_1H3N:A:687-814	0	0	2	6	0	9	4	4	0	128
gi|76800881|ref|YP_325889.1|_22-111_2P4W:A:1-194	2	5	0	8	0	12	7	8	0	197
gi|76800883|ref|YP_325891.1|_2-150_1S3L:A:	0	11	1	4	0	19	12	8	0	165
gi|76800884|ref|YP_325892.1|_3-187_1Q7R:A:	0	12	3	6	0	17	7	9	0	218
gi|76800886|ref|YP_325894.1|_4-134_1VJL:A:	0	8	0	5	0	12	2	6	0	163
gi|76800887|ref|YP_325895.1|_11-100_2A7W:A:4-94	0	0	1	5	0	7	1	3	0	91
gi|76800888|ref|YP_325896.1|_10-104_1TE7:A:	0	4	1	3	0	11	7	6	0	103
gi|76800891|ref|YP_325899.1|_1-138_2H6L:A:1-138	4	9	0	1	0	9	5	6	0	138
gi|76800893|ref|YP_325901.1|_331-552_1II7:A:	4	19	4	8	0	37	23	13	0	333
gi|76800894|ref|YP_325902.1|_89-181_1B12:A:	5	17	5	1	0	32	10	16	0	247
gi|76800895|ref|YP_325903.1|_54-87_1YFB:A:3-53	0	4	0	1	0	7	0	4	0	52
gi|76800896|ref|YP_325904.1|_30-154_2B3N:A:6-159	0	5	0	5	0	13	5	7	0	155
gi|76800897|ref|YP_325905.1|_19-142_1ZD0:A:9-144	1	4	0	6	0	10	6	5	0	138
gi|76800898|ref|YP_325906.1|_509-714_2P6R:A:489-686	0	0	2	12	0	12	7	14	0	198
gi|76800898|ref|YP_325906.1|_39-185,221-268,305-400_2P6R:A:1-202	1	7	2	7	0	20	9	10	0	202
gi|76800898|ref|YP_325906.1|_418-508_2P6R:A:404-488	0	2	0	5	0	5	6	5	0	85
gi|76800899|ref|YP_325907.1|_1-76_1SJ1:A:	1	4	0	2	0	12	3	4	0	66
gi|76800901|ref|YP_325909.1|_145-303_2HLP:A:163-330	1	7	3	4	0	12	3	7	0	161
gi|76800901|ref|YP_325909.1|_3-143_2HLP:A:22-162	0	6	3	4	0	13	7	7	0	142
gi|76800902|ref|YP_325910.1|_3-427_1PW4:A:	2	0	1	18	0	21	18	22	0	450
gi|76800903|ref|YP_325911.1|_5-241_1I01:A:	2	7	3	9	0	21	12	12	0	241
gi|76800904|ref|YP_325912.1|_633-931_1B0U:A:	0	12	1	10	0	24	16	14	0	261
gi|76800904|ref|YP_325912.1|_9-206,452-590_1F3O:A:	0	10	2	7	0	22	15	14	0	232
gi|76800908|ref|YP_325916.1|_1-164,239-330_2I0Z:A:1-192,A:362-420	4	15	6	8	0	27	12	15	1	251
gi|76800910|ref|YP_325918.1|_4-118_1U0S:Y:	0	5	1	5	0	15	5	4	0	118
gi|76800911|ref|YP_325919.1|_13-138_1Z54:A:1-132	3	7	1	3	0	13	5	6	0	132
gi|76800913|ref|YP_325921.1|_5-252_1GEG:A:	4	7	4	9	0	21	11	15	0	255
gi|76800916|ref|YP_325924.1|_70-159_1TP6:A:	0	6	0	3	0	9	2	9	0	126
gi|76800917|ref|YP_325925.1|_20-444_1PV7:A:	0	0	2	22	0	18	12	14	0	417
gi|76800918|ref|YP_325926.1|_87-356_1V8G:A:66-329	3	7	5	11	0	22	10	13	0	264
gi|76800918|ref|YP_325926.1|_22-83_1KHD:A:12-80	0	0	0	4	0	6	2	3	0	69
gi|76800919|ref|YP_325927.1|_73-186_2G3B:A:74-189	0	0	1	5	0	7	6	4	0	116
gi|76800919|ref|YP_325927.1|_3-75_2G3B:A:2-73	0	0	0	4	0	4	3	2	0	72
gi|76800920|ref|YP_325928.1|_3-215_1B63:A:2-216	0	8	2	8	0	19	14	13	0	216
gi|76800920|ref|YP_325928.1|_511-702_1X9Z:A:	2	7	1	7	0	14	7	8	0	182
gi|76800920|ref|YP_325928.1|_192-330_1B63:A:217-331	0	7	3	3	0	10	2	7	0	115
gi|76800921|ref|YP_325929.1|_261-562_1EWQ:A:267-541	2	4	1	10	0	20	10	10	0	275
gi|76800921|ref|YP_325929.1|_564-796_1E3M:A:567-800	2	10	1	6	0	25	13	9	0	234
gi|76800921|ref|YP_325929.1|_110-273_1EWQ:A:121-266	1	6	2	5	0	14	11	3	0	146
gi|76800921|ref|YP_325929.1|_6-105_1EWQ:A:1-120	0	6	3	3	0	13	6	4	0	120
gi|76800924|ref|YP_325932.1|_62-344_1US5:A:	3	10	2	12	0	29	18	20	0	298
gi|76800925|ref|YP_325933.1|_12-266_1UB0:A:	1	9	1	8	0	20	12	11	0	258
gi|76800925|ref|YP_325933.1|_275-444_2PHP:A:241-420	3	9	2	5	0	21	12	11	0	180
gi|76800926|ref|YP_325934.1|_1-117_1BO4:A:	0	6	0	4	0	12	7	6	0	137
gi|76800927|ref|YP_325935.1|_1-217_2CDQ:A:25-328	3	11	3	9	0	28	14	20	0	304
gi|76800927|ref|YP_325935.1|_325-393_2HMF:A:304-403	0	4	0	2	0	10	4	3	0	100
gi|76800927|ref|YP_325935.1|_254-319_2HMF:A:404-470	0	3	1	2	0	5	2	4	0	67
gi|76800928|ref|YP_325936.1|_1-146_1RCU:A:	2	7	2	6	0	17	11	12	0	170
gi|76800929|ref|YP_325937.1|_1-61,188-244_1RWZ:A:1-122	1	9	2	2	0	8	8	6	0	122
gi|76800930|ref|YP_325938.1|_280-515_1B5S:A:	2	9	4	6	0	29	13	11	0	242
gi|76800930|ref|YP_325938.1|_1-93_1LAB:A:	4	6	0	0	0	20	13	1	0	80
gi|76800930|ref|YP_325938.1|_114-158_1EBD:C:	0	0	1	2	0	5	1	3	0	41
gi|76800931|ref|YP_325939.1|_5-208_1UMD:B:2-187	0	8	4	7	0	21	12	11	0	186
gi|76800931|ref|YP_325939.1|_193-326_1QS0:B:206-339	0	6	0	5	0	16	13	5	0	134
gi|76800932|ref|YP_325940.1|_10-369_1W85:A:	3	8	5	13	0	39	20	23	0	365
gi|76800933|ref|YP_325941.1|_20-299_1R30:A:	5	9	1	11	0	35	25	12	0	312
gi|76800934|ref|YP_325942.1|_47-284,317-410_2P6R:A:1-202	1	7	2	7	0	20	9	10	0	202
gi|76800934|ref|YP_325942.1|_545-705_2P6R:A:489-686	0	0	2	12	0	12	7	14	0	198
gi|76800934|ref|YP_325942.1|_426-518_2P6R:A:404-488	0	2	0	5	0	5	6	5	0	85
gi|76800935|ref|YP_325943.1|_1-127_1XRG:A:	4	6	3	2	0	16	9	5	0	125
gi|76800937|ref|YP_325945.1|_20-149,407-525_1Q3Q:A:9-145,A:406-526	0	9	0	10	0	19	6	13	1	258
gi|76800937|ref|YP_325945.1|_216-380_1Q3Q:A:217-369	3	9	2	3	0	18	15	4	0	153
gi|76800937|ref|YP_325945.1|_153-222,373-408_1Q3Q:A:146-216,A:370-405	1	5	3	3	0	8	7	2	1	107
gi|76800938|ref|YP_325946.1|_13-119_1V70:A:	0	9	0	1	0	15	6	5	0	105
gi|76800940|ref|YP_325948.1|_10-181_2CXX:A:2-185	2	6	3	7	0	17	7	11	0	184
gi|76800944|ref|YP_325952.1|_165-315_1UDX:A:157-336	0	7	2	6	0	22	13	8	0	180
gi|76800945|ref|YP_325953.1|_445-633_1EWQ:A:542-765	2	10	1	6	0	20	13	10	0	224
gi|76800945|ref|YP_325953.1|_3-53_1KFT:A:	0	0	1	4	0	6	4	4	0	56
gi|76800946|ref|YP_325954.1|_13-279_1FNN:A:1-276	4	5	2	12	0	25	19	17	0	276
gi|76800946|ref|YP_325954.1|_288-372_1W5S:A:300-409	1	2	0	4	0	9	5	3	0	110
gi|76800949|ref|YP_325957.1|_23-208_1XZP:A:212-371	1	6	1	6	0	15	10	10	0	160
gi|76800950|ref|YP_325958.1|_125-219,274-446_1FNN:A:1-276	4	5	2	12	0	25	19	17	0	276
gi|76800950|ref|YP_325958.1|_451-557_1FNN:A:277-388	0	3	0	5	0	9	4	3	0	112
gi|76800952|ref|YP_325960.1|_4-113_1VM9:A:	4	10	2	0	0	15	5	8	0	109
gi|76800953|ref|YP_325961.1|_12-211_1RY2:A:	13	28	0	20	0	87	54	43	0	640
gi|76800954|ref|YP_325962.1|_9-289_1RQJ:A:	0	2	0	16	0	15	8	14	0	299
gi|76800955|ref|YP_325963.1|_1-146_1U9Y:A:1-155	1	8	1	4	0	24	12	7	0	155
gi|76800955|ref|YP_325963.1|_97-263_1U9Y:A:156-284	2	6	1	4	0	12	7	8	0	129
gi|76800957|ref|YP_325965.1|_7-200,396-653_1ILE:A:1-197,A:387-641	12	19	3	20	0	43	24	22	1	452
gi|76800957|ref|YP_325965.1|_655-879_1ILE:A:642-821	0	0	1	7	0	10	11	15	0	180
gi|76800957|ref|YP_325965.1|_201-396_1FFY:A:201-394	6	3	3	4	0	27	16	12	0	194
gi|76800958|ref|YP_325966.1|_8-113_1FXK:A:	0	2	0	2	0	5	1	3	0	107
gi|76800959|ref|YP_325967.1|_7-79_1PU1:A:	0	2	0	2	0	5	3	4	0	91
gi|76800962|ref|YP_325970.1|_1-182_1WL8:A:1-188	0	11	1	5	0	24	17	15	0	188
gi|76800963|ref|YP_325971.1|_451-597_1ID0:A:	0	7	2	3	0	16	7	7	0	146
gi|76800963|ref|YP_325971.1|_3-139_1KRW:A:	0	5	0	5	0	10	8	4	0	124
gi|76800963|ref|YP_325971.1|_259-381_1EW0:A:	2	5	2	5	0	11	8	8	0	130
gi|76800963|ref|YP_325971.1|_154-265_1P97:A:	0	5	0	4	0	12	9	7	0	113
gi|76800963|ref|YP_325971.1|_390-460_2C2A:A:232-320	0	0	1	3	0	3	0	4	0	89
gi|76800964|ref|YP_325972.1|_16-291_1SR9:A:61-370	6	8	4	11	0	32	18	18	0	310
gi|76800964|ref|YP_325972.1|_395-499_1SR9:A:492-643	0	6	0	2	0	7	5	4	0	152
gi|76800965|ref|YP_325973.1|_11-152_1KGS:A:2-123	0	5	0	5	0	11	9	3	0	122
gi|76800965|ref|YP_325973.1|_907-1040_1BXD:A:	0	7	1	3	0	17	11	6	0	161
gi|76800965|ref|YP_325973.1|_440-558_1EW0:A:	2	5	2	5	0	11	8	8	0	130
gi|76800965|ref|YP_325973.1|_134-263_1DP6:A:	3	5	1	4	0	10	6	6	0	116
gi|76800965|ref|YP_325973.1|_293-434_2K2N:A:31-200	1	5	1	4	0	22	14	6	0	170
gi|76800965|ref|YP_325973.1|_561-676_1N9L:A:	0	5	1	3	0	14	5	7	0	109
gi|76800965|ref|YP_325973.1|_700-842_2K2N:A:31-200	1	5	1	4	0	22	14	6	0	170
gi|76800965|ref|YP_325973.1|_833-898_1JOY:A:	0	0	0	3	0	3	2	3	0	67
gi|76800969|ref|YP_325977.1|_20-143_1VJL:A:	0	8	0	5	0	12	2	6	0	163
gi|76800972|ref|YP_325980.1|_6-144_1RFE:A:	0	7	3	4	0	13	4	7	0	160
gi|76800973|ref|YP_325981.1|_34-271_3QBK:A:	6	2	0	11	0	19	3	13	0	261
gi|76800975|ref|YP_325983.1|_669-773_1WJG:A:	0	5	1	4	0	15	7	4	0	135
gi|76800975|ref|YP_325983.1|_480-643_1WJG:A:	0	5	1	4	0	15	7	4	0	135
gi|76800976|ref|YP_325984.1|_1-140_2D4R:A:2-147	0	7	1	3	0	8	4	6	0	146
gi|76800979|ref|YP_325987.1|_153-263_1N9L:A:	0	5	1	3	0	14	5	7	0	109
gi|76800979|ref|YP_325987.1|_13-128_1ZH2:A:2-120	0	7	0	5	0	10	8	4	0	119
gi|76800979|ref|YP_325987.1|_310-456_2K2N:A:31-200	1	5	1	4	0	22	14	6	0	170
gi|76800979|ref|YP_325987.1|_605-664_1XSV:A:	0	0	1	6	0	8	2	4	0	106
gi|76800980|ref|YP_325988.1|_1-140_1WJG:A:	0	5	1	4	0	15	7	4	0	135
gi|76800981|ref|YP_325989.1|_1-137_1MJH:A:	0	5	1	4	0	16	7	5	0	160
gi|76800982|ref|YP_325990.1|_59-257_1LCY:A:6-210	2	12	2	4	0	19	11	11	0	205
gi|76800982|ref|YP_325990.1|_221-343_1SOT:A:255-353	2	6	0	1	0	12	5	3	0	99
gi|76800984|ref|YP_325992.1|_14-150_1O0I:A:	2	6	0	3	0	15	10	7	0	137
gi|76800987|ref|YP_325995.1|_1-411_2I7T:A:9-459	0	22	5	10	0	45	27	19	0	451
gi|76800988|ref|YP_325996.1|_3-145_2I6G:A:1-198	3	7	1	6	0	17	8	11	0	198
gi|76800989|ref|YP_325997.1|_10-83_2BV6:A:5-140	0	3	0	8	0	8	4	10	0	135
gi|76800991|ref|YP_325999.1|_343-547_1V43:A:7-245	1	10	2	8	0	20	13	15	0	239
gi|76800991|ref|YP_325999.1|_112-299_1OXS:C:1-242	0	11	6	8	0	23	18	13	0	242
gi|76800991|ref|YP_325999.1|_7-143_1H98:A:	0	4	3	3	0	12	1	7	0	77
gi|76800992|ref|YP_326000.1|_10-137_1HH1:A:	1	9	1	3	0	16	6	5	0	132
gi|76800993|ref|YP_326001.1|_1-108_2PL1:A:1-119	0	5	0	5	0	14	10	4	0	121
gi|76800995|ref|YP_326003.1|_4-199,232-244_1ZT2:B:3-209	0	4	3	10	0	17	8	10	0	207
gi|76800997|ref|YP_326005.1|_1-145_1MJH:A:	0	5	1	4	0	16	7	5	0	160
gi|76800999|ref|YP_326007.1|_354-571_1PYS:B:475-681	0	12	2	5	0	19	14	9	0	207
gi|76800999|ref|YP_326007.1|_289-362_1PYS:B:400-474	0	3	1	3	0	9	3	4	0	75
gi|76800999|ref|YP_326007.1|_5-74_1PYS:B:1-38,B:152-190	0	3	1	3	0	8	2	5	1	77
gi|76801000|ref|YP_326008.1|_230-488_1PYS:A:	5	10	3	7	0	28	12	12	0	266
gi|76801000|ref|YP_326008.1|_3-92_1S3J:A:	0	3	0	6	0	8	6	5	0	143
gi|76801004|ref|YP_326012.1|_1-287_1QYC:A:	1	13	4	12	0	30	15	23	0	307
gi|76801007|ref|YP_326015.1|_60-274_1RIQ:A:1-236	0	11	4	7	0	22	14	13	0	236
gi|76801007|ref|YP_326015.1|_615-763_1V7O:A:	2	7	3	3	0	17	7	6	0	155
gi|76801007|ref|YP_326015.1|_315-501_1RIQ:A:237-457	0	2	1	9	0	13	8	12	0	217
gi|76801007|ref|YP_326015.1|_518-605_2E1B:A:1-87	2	5	1	0	0	15	8	5	0	87
gi|76801009|ref|YP_326017.1|_78-202_1AV1:D:	0	0	1	7	0	3	3	6	0	200
gi|76801013|ref|YP_326021.1|_2-81,156-236_1M65:A:	5	8	5	8	0	27	12	19	0	244
gi|76801015|ref|YP_326023.1|_3-244_1EDO:A:	2	7	2	10	0	24	12	13	0	244
gi|76801016|ref|YP_326024.1|_1-218_1SU1:A:	4	11	1	3	0	23	10	12	0	184
gi|76801017|ref|YP_326025.1|_369-497_1YSR:A:299-446	0	7	1	4	0	11	6	6	0	148
gi|76801017|ref|YP_326025.1|_291-359_2C2A:A:232-320	0	0	1	3	0	3	0	4	0	89
gi|76801017|ref|YP_326025.1|_156-300_2O9C:A:135-321	1	9	1	5	0	19	10	9	0	187
gi|76801018|ref|YP_326026.1|_1-188_1KUU:A:	0	13	2	3	0	23	15	10	0	202
gi|76801019|ref|YP_326027.1|_108-213_1TJN:A:	0	5	0	5	0	13	9	7	0	125
gi|76801019|ref|YP_326027.1|_2-101_1TJN:A:	0	5	0	5	0	13	9	7	0	125
gi|76801020|ref|YP_326028.1|_18-329_1D0V:A:	6	6	5	14	0	31	12	22	0	346
gi|76801021|ref|YP_326029.1|_1-187_1BYI:A:	2	10	2	8	0	28	14	14	0	224
gi|76801021|ref|YP_326029.1|_230-422_1R9G:A:	0	12	2	5	0	22	16	11	0	196
gi|76801024|ref|YP_326032.1|_18-426_1D9X:A:2-414	5	14	4	13	0	50	29	20	0	413
gi|76801024|ref|YP_326032.1|_50-95,469-581_1D9X:A:415-595	0	5	2	5	0	14	14	14	0	181
gi|76801024|ref|YP_326032.1|_627-666_1E52:A:	0	0	0	3	0	5	3	3	0	56
gi|76801026|ref|YP_326034.1|_2-232_1VPL:A:	2	10	2	9	0	18	9	15	0	238
gi|76801027|ref|YP_326035.1|_311-460_2P12:A:8-172	0	10	1	3	0	13	7	9	0	165
gi|76801030|ref|YP_326038.1|_1-210_1JAY:A:	0	11	1	10	0	20	11	11	0	212
gi|76801031|ref|YP_326039.1|_121-542_1DPE:A:	3	19	4	19	0	53	36	33	0	507
gi|76801032|ref|YP_326040.1|_92-161,191-311_3DHW:A:6-208	0	0	1	9	0	11	7	9	0	203
gi|76801033|ref|YP_326041.1|_107-175,210-332_3DHW:A:6-208	0	0	1	9	0	11	7	9	0	203
gi|76801034|ref|YP_326042.1|_34-145,185-372_3DHW:C:1-240	3	10	1	7	0	21	17	12	0	240
gi|76801035|ref|YP_326043.1|_67-152,268-429_3DHW:C:1-240	3	10	1	7	0	21	17	12	0	240
gi|76801037|ref|YP_326045.1|_4-286_2HSZ:A:1-224	1	8	4	8	0	23	14	13	0	224
gi|76801039|ref|YP_326047.1|_62-155_1KUF:A:	0	5	3	6	0	24	11	11	0	201
gi|76801040|ref|YP_326048.1|_5-75_1MK0:A:	0	3	0	3	0	8	5	3	0	97
gi|76801042|ref|YP_326050.1|_6-55_1F1E:A:	0	4	1	6	0	13	6	8	0	151
gi|76801044|ref|YP_326052.1|_192-385_1IWG:A:7-37,A:331-498	0	0	1	8	0	9	7	9	1	199
gi|76801044|ref|YP_326052.1|_641-801_1IWG:A:7-37,A:331-498	0	0	1	8	0	9	7	9	1	199
gi|76801045|ref|YP_326053.1|_9-141,169-179_1LK5:A:1-130,A:211-229	2	8	3	4	0	18	9	8	1	149
gi|76801045|ref|YP_326053.1|_132-208_1LK5:A:131-210	2	5	2	2	0	11	7	5	0	80
gi|76801047|ref|YP_326055.1|_1-364_1T3I:A:	8	16	7	15	0	48	19	26	0	408
gi|76801048|ref|YP_326056.1|_1-252_1HKH:A:	8	8	1	13	0	23	13	22	0	279
gi|76801049|ref|YP_326057.1|_3-222_1WL8:A:1-188	0	11	1	5	0	24	17	15	0	188
gi|76801051|ref|YP_326059.1|_1-280_1A3G:A:	5	16	3	7	0	37	19	17	0	305
gi|76801052|ref|YP_326060.1|_10-197_1QDL:B:	1	9	0	6	0	17	14	12	0	195
gi|76801053|ref|YP_326061.1|_25-480_1QDL:A:	4	22	4	9	0	41	30	16	0	422
gi|76801054|ref|YP_326062.1|_122-174_1PZN:A:35-95	0	0	0	4	0	7	3	4	0	61
gi|76801055|ref|YP_326063.1|_99-262_1NPD:A:107-287	0	6	1	7	0	19	12	12	0	181
gi|76801055|ref|YP_326063.1|_2-98_1NVT:A:1-110	0	6	2	3	0	12	4	8	0	105
gi|76801056|ref|YP_326064.1|_1-278_1YQE:A:1-278	5	12	3	9	0	34	15	15	0	278
gi|76801057|ref|YP_326065.1|_58-254_1W5B:A:23-231	0	6	3	10	0	15	8	9	0	209
gi|76801057|ref|YP_326065.1|_253-369_1W5B:A:232-354	0	6	1	3	0	15	7	10	0	123
gi|76801058|ref|YP_326066.1|_9-53_1RHZ:B:	0	0	0	2	0	3	1	2	0	65
gi|76801061|ref|YP_326069.1|_15-190_2ANU:A:5-233	1	10	1	7	0	23	14	11	0	229
gi|76801063|ref|YP_326071.1|_2-158_2A9S:A:1-167	0	5	1	6	0	14	11	9	0	167
gi|76801064|ref|YP_326072.1|_6-366_1BJW:A:	3	12	6	13	0	38	12	22	0	382
gi|76801074|ref|YP_326082.1|_5-144_1KKH:A:1-180	0	7	4	4	0	13	9	6	0	175
gi|76801079|ref|YP_326087.1|_349-575_1M65:A:	5	8	5	8	0	27	12	19	0	244
gi|76801079|ref|YP_326087.1|_159-327_1JN3:A:149-335	0	9	2	6	0	20	7	8	0	187
gi|76801079|ref|YP_326087.1|_3-87_1BPY:A:10-91	0	0	0	5	0	7	4	2	0	82
gi|76801079|ref|YP_326087.1|_94-147_1CUK:A:65-142	0	0	1	5	0	6	5	4	0	78
gi|76801081|ref|YP_326089.1|_42-309_1JJI:A:	0	8	5	11	0	21	17	19	0	311
gi|76801083|ref|YP_326091.1|_366-488_1EW0:A:	2	5	2	5	0	11	8	8	0	130
gi|76801083|ref|YP_326091.1|_573-708_1ID0:A:	0	7	2	3	0	16	7	7	0	146
gi|76801083|ref|YP_326091.1|_262-369_1N9L:A:	0	5	1	3	0	14	5	7	0	109
gi|76801083|ref|YP_326091.1|_8-137_1KGS:A:2-123	0	5	0	5	0	11	9	3	0	122
gi|76801083|ref|YP_326091.1|_152-254_1EW0:A:	2	5	2	5	0	11	8	8	0	130
gi|76801083|ref|YP_326091.1|_488-569_2C2A:A:232-320	0	0	1	3	0	3	0	4	0	89
gi|76801084|ref|YP_326092.1|_142-216,250-334_1WS6:A:15-185	0	9	1	5	0	20	6	13	0	171
gi|76801084|ref|YP_326092.1|_31-150_2C5S:A:3-173	1	8	0	4	0	19	10	8	0	171
gi|76801086|ref|YP_326094.1|_6-133_2NWU:A:3-144	3	7	1	5	0	13	6	5	0	142
gi|76801087|ref|YP_326095.1|_1-175_3ADK:A:	0	5	0	10	0	16	8	12	0	194
gi|76801088|ref|YP_326096.1|_1-357_2AYI:A:3-408	7	19	3	12	0	44	21	24	0	406
gi|76801089|ref|YP_326097.1|_36-407_2VNU:D:495-910	9	13	6	13	0	41	21	20	0	416
gi|76801090|ref|YP_326098.1|_4-145_1RFE:A:	0	7	3	4	0	13	4	7	0	160
gi|76801091|ref|YP_326099.1|_83-343_1PZN:A:96-349	0	12	2	8	0	19	19	13	0	254
gi|76801091|ref|YP_326099.1|_7-66_1PZN:A:35-95	0	0	0	4	0	7	3	4	0	61
gi|76801093|ref|YP_326101.1|_23-340_1B04:A:	4	11	2	10	0	34	17	14	0	312
gi|76801093|ref|YP_326101.1|_425-602_1DGS:A:401-581	4	2	3	10	0	19	10	14	0	181
gi|76801093|ref|YP_326101.1|_343-421_1DGS:A:315-400	3	5	1	1	0	9	4	4	0	86
gi|76801093|ref|YP_326101.1|_610-685_1L7B:A:	1	4	0	3	0	14	10	4	0	92
gi|76801094|ref|YP_326102.1|_13-365_1VJO:A:	2	14	3	12	0	43	22	18	0	377
gi|76801096|ref|YP_326104.1|_202-385_1PV7:A:	0	0	2	22	0	18	12	14	0	417
gi|76801096|ref|YP_326104.1|_9-188_1PV7:A:	0	0	2	22	0	18	12	14	0	417
gi|76801097|ref|YP_326105.1|_4-289_1XM8:A:	1	14	3	9	0	25	7	18	0	253
gi|76801098|ref|YP_326106.1|_2-215_1GEG:A:	4	7	4	9	0	21	11	15	0	255
gi|76801100|ref|YP_326108.1|_2-84_2FIW:A:2-157	0	7	3	5	0	10	5	8	0	158
gi|76801101|ref|YP_326109.1|_28-90,128-198,307-510_2ONK:A:1-240	2	9	2	9	0	23	17	15	0	240
gi|76801102|ref|YP_326110.1|_13-227_1IQP:A:2-232	0	7	4	13	0	20	11	14	0	231
gi|76801102|ref|YP_326110.1|_233-320_1IQP:A:233-327	0	0	1	5	0	6	1	2	0	95
gi|76801103|ref|YP_326111.1|_6-66_1RWS:A:	2	2	0	1	0	11	7	3	0	68
gi|76801104|ref|YP_326112.1|_2-106_2ATR:A:1-137	0	5	2	4	0	11	7	7	0	137
gi|76801105|ref|YP_326113.1|_1-139_1RQP:A:8-192	5	6	3	5	0	25	13	13	0	185
gi|76801105|ref|YP_326113.1|_165-254_1RQP:A:193-298	1	8	1	2	0	10	4	10	0	106
gi|76801106|ref|YP_326114.1|_3-162_1F9A:A:	0	5	2	7	0	18	11	8	0	164
gi|76801107|ref|YP_326115.1|_517-689_1RRE:A:	5	10	1	6	0	17	11	10	0	182
gi|76801107|ref|YP_326115.1|_115-187,280-488_1G8P:A:	2	11	8	13	0	37	15	10	0	333
gi|76801110|ref|YP_326118.1|_25-173_1Q6W:A:	4	6	2	4	0	16	6	8	0	151
gi|76801111|ref|YP_326119.1|_75-141_1SFE:A:93-176	2	2	1	4	0	12	4	9	0	84
gi|76801112|ref|YP_326120.1|_4-326_1W1Z:A:	2	12	4	11	0	29	24	19	0	319
gi|76801113|ref|YP_326121.1|_16-417_1U7G:A:	2	2	6	15	0	21	14	16	0	383
gi|76801113|ref|YP_326121.1|_476-586_1HWU:A:	1	5	3	2	0	10	2	4	0	112
gi|76801114|ref|YP_326122.1|_4-62_1I1G:A:2-61	0	0	1	3	0	5	4	4	0	60
gi|76801114|ref|YP_326122.1|_64-139_1RI7:A:85-170	0	4	0	2	0	8	5	5	0	86
gi|76801115|ref|YP_326123.1|_16-221_2H1I:A:1-202	0	11	0	5	0	23	15	13	0	202
gi|76801117|ref|YP_326125.1|_6-135,178-574_1QHH:A:,B:,C:,D:	6	16	12	26	0	53	23	34	3	623
gi|76801120|ref|YP_326128.1|_9-409_1T3I:A:	8	16	7	15	0	48	19	26	0	408
gi|76801121|ref|YP_326129.1|_62-153_1BXU:A:	0	9	2	0	0	16	7	6	0	91
gi|76801122|ref|YP_326130.1|_5-123_1XJS:A:	2	3	0	5	0	9	10	6	0	147
gi|76801123|ref|YP_326131.1|_169-292_1KS9:A:168-291	0	0	2	6	0	7	1	7	0	124
gi|76801123|ref|YP_326131.1|_1-145_1KS9:A:1-167	0	11	3	4	0	22	13	12	0	167
gi|76801124|ref|YP_326132.1|_17-500_1K9X:A:	3	3	9	22	0	37	24	27	0	497
gi|76801125|ref|YP_326133.1|_5-443_1AUK:A:	9	18	12	9	0	55	41	32	0	485
gi|76801126|ref|YP_326134.1|_8-86_1VEH:A:	0	3	0	4	0	11	7	3	0	91
gi|76801129|ref|YP_326137.1|_12-151_1SIX:A:	0	11	0	2	0	23	14	9	0	173
gi|76801130|ref|YP_326138.1|_9-188_1VE3:A:2-227	0	10	2	7	0	20	9	11	0	226
gi|76801132|ref|YP_326140.1|_46-98,246-319,526-540,584-747_1HV8:A:3-210	0	7	1	9	0	25	17	9	0	208
gi|76801135|ref|YP_326143.1|_17-190,355-426_1A7A:A:2-189,A:353-432	1	9	4	11	0	30	15	14	1	268
gi|76801135|ref|YP_326143.1|_191-350_1B3R:A:190-352	3	8	1	7	0	16	12	10	0	163
gi|76801137|ref|YP_326145.1|_54-348_1J6P:A:50-330	2	8	3	12	0	25	12	22	0	281
gi|76801137|ref|YP_326145.1|_312-428_1J6P:A:1-49,A:331-405	2	8	2	2	0	13	11	8	1	124
gi|76801137|ref|YP_326145.1|_1-68_1YNY:A:2-52,A:385-460	2	11	0	0	0	15	6	8	1	127
gi|76801139|ref|YP_326147.1|_52-98,143-198_1L1S:A:	2	5	2	4	0	12	2	6	0	111
gi|76801140|ref|YP_326148.1|_3-81_1JDQ:A:	0	4	0	2	0	14	9	3	0	97
gi|76801141|ref|YP_326149.1|_143-386_2QED:A:1-251	1	14	2	9	0	27	10	18	0	251
gi|76801141|ref|YP_326149.1|_13-123_1TQ1:A:	2	5	0	5	0	13	8	7	0	119
gi|76801148|ref|YP_326156.1|_61-234_1W3B:A:	0	0	0	23	0	35	6	26	0	388
gi|76801150|ref|YP_326158.1|_105-364_1YEY:A:184-435	5	9	2	9	0	30	16	14	0	252
gi|76801150|ref|YP_326158.1|_1-117_2GL5:A:1-122	1	3	4	4	0	9	8	8	0	121
gi|76801152|ref|YP_326160.1|_1-166_1S3L:A:	0	11	1	4	0	19	12	8	0	165
gi|76801153|ref|YP_326161.1|_3-164_2CY2:A:1-174	2	7	2	5	0	19	6	8	0	174
gi|76801154|ref|YP_326162.1|_96-171_1TUA:A:85-188	0	3	1	5	0	6	1	5	0	104
gi|76801154|ref|YP_326162.1|_3-74_1TUA:A:1-84	0	3	3	4	0	5	3	5	0	84
gi|76801155|ref|YP_326163.1|_18-147,402-520_1Q3Q:A:9-145,A:406-526	0	9	0	10	0	19	6	13	1	258
gi|76801155|ref|YP_326163.1|_209-375_1Q3Q:A:217-369	3	9	2	3	0	18	15	4	0	153
gi|76801155|ref|YP_326163.1|_151-215,368-402_1Q3Q:A:146-216,A:370-405	1	5	3	3	0	8	7	2	1	107
gi|76801156|ref|YP_326164.1|_1-182_1IUH:A:	0	9	4	3	0	14	7	3	0	183
gi|76801159|ref|YP_326167.1|_2-219_1G61:A:	8	15	2	8	0	31	12	14	0	225
gi|76801160|ref|YP_326168.1|_19-74_1L2P:A:	0	0	0	1	0	2	0	1	0	61
gi|76801162|ref|YP_326170.1|_34-91_1C99:A:	0	0	1	2	0	2	1	1	0	79
gi|76801163|ref|YP_326171.1|_80-190_2DM9:A:81-198	0	4	0	6	0	9	3	5	0	118
gi|76801164|ref|YP_326172.1|_11-352_1V9M:A:	0	0	6	15	0	22	14	15	0	319
gi|76801165|ref|YP_326173.1|_5-104_2I4R:A:4-79	0	4	1	3	0	7	5	3	0	76
gi|76801166|ref|YP_326174.1|_183-443_1SKY:E:83-356	6	11	4	9	0	36	19	17	0	274
gi|76801166|ref|YP_326174.1|_450-554_1SKY:E:357-470	2	0	1	5	0	7	5	6	0	114
gi|76801166|ref|YP_326174.1|_8-79_1SKY:B:21-95	0	6	1	0	0	7	5	6	0	75
gi|76801167|ref|YP_326175.1|_77-360_1FX0:A:97-372	7	8	6	5	0	32	23	17	0	276
gi|76801167|ref|YP_326175.1|_367-425_1FX0:B:378-485	0	0	2	3	0	10	7	7	0	108
gi|76801168|ref|YP_326176.1|_53-129_2BJ7:A:51-132	0	4	0	2	0	3	5	5	0	87
gi|76801168|ref|YP_326176.1|_1-42_2BJ7:A:1-50	0	1	0	2	0	3	2	2	0	50
gi|76801169|ref|YP_326177.1|_4-300_1NIJ:A:2-223	0	9	2	7	0	28	21	11	0	222
gi|76801170|ref|YP_326178.1|_3-220_1NIJ:A:2-223	0	9	2	7	0	28	21	11	0	222
gi|76801170|ref|YP_326178.1|_286-398_1NIJ:A:224-318	2	5	0	2	0	8	4	5	0	95
gi|76801171|ref|YP_326179.1|_19-176_1Y5E:A:12-166	0	6	1	6	0	14	7	8	0	155
gi|76801173|ref|YP_326181.1|_2-45_1A1I:A:103-131	0	2	0	2	0	3	2	3	0	29
gi|76801175|ref|YP_326183.1|_49-125_2BJ7:A:51-132	0	4	0	2	0	3	5	5	0	87
gi|76801175|ref|YP_326183.1|_1-45_2BJ7:A:1-50	0	1	0	2	0	3	2	2	0	50
gi|76801176|ref|YP_326184.1|_119-404_1T5O:A:	3	16	5	12	0	35	17	22	0	350
gi|76801176|ref|YP_326184.1|_6-121_1IRY:A:	5	9	0	2	0	20	10	6	0	156
gi|76801177|ref|YP_326185.1|_1-160_1Z2W:A:1-182	3	11	0	3	0	22	13	11	0	182
gi|76801178|ref|YP_326186.1|_3-245_2PHN:A:2-249	6	12	3	7	0	33	13	13	0	248
gi|76801179|ref|YP_326187.1|_2-311_1F07:A:	3	9	1	14	0	32	15	15	0	321
gi|76801183|ref|YP_326191.1|_1-200_1H3D:A:5-224	0	11	2	7	0	18	13	10	0	220
gi|76801183|ref|YP_326191.1|_209-279_1H3D:A:225-299	2	3	0	3	0	10	5	2	0	75
gi|76801184|ref|YP_326192.1|_6-92_1AIS:A:93-181	0	5	0	2	0	8	6	5	0	89
gi|76801184|ref|YP_326192.1|_95-183_1MP9:A:97-197	0	7	0	2	0	10	7	5	0	101
gi|76801185|ref|YP_326193.1|_145-281_2AS0:A:73-396	2	14	5	10	0	29	16	20	0	324
gi|76801185|ref|YP_326193.1|_60-133_2DIR:A:8-92	0	4	0	2	0	9	5	3	0	85
gi|76801186|ref|YP_326194.1|_19-243_1IQP:A:2-232	0	7	4	13	0	20	11	14	0	231
gi|76801186|ref|YP_326194.1|_247-330_1IQP:A:233-327	0	0	1	5	0	6	1	2	0	95
gi|76801188|ref|YP_326196.1|_55-414_1KB0:A:1-573	5	40	7	6	0	73	38	39	0	573
gi|76801189|ref|YP_326197.1|_40-269,316-465_1TT4:A:	6	11	5	13	0	33	20	16	0	366
gi|76801190|ref|YP_326198.1|_4-352_1VE5:A:2-311	3	10	7	12	0	28	15	11	0	310
gi|76801191|ref|YP_326199.1|_22-134_1SHS:A:	2	10	3	0	0	16	4	4	0	115
gi|76801193|ref|YP_326201.1|_3-221_1VPL:A:	2	10	2	9	0	18	9	15	0	238
gi|76801195|ref|YP_326203.1|_494-572_2BGW:A:160-229	0	0	0	5	0	5	4	4	0	70
gi|76801195|ref|YP_326203.1|_17-96_1MK0:A:	0	3	0	3	0	8	5	3	0	97
gi|76801195|ref|YP_326203.1|_184-234_1E52:A:	0	0	0	3	0	5	3	3	0	56
gi|76801196|ref|YP_326204.1|_26-240_1S4D:A:	3	10	2	9	0	27	19	18	0	265
gi|76801197|ref|YP_326205.1|_22-221_1V9C:A:	0	6	2	11	0	19	8	13	0	204
gi|76801199|ref|YP_326207.1|_12-326_1G8P:A:	2	11	8	13	0	37	15	10	0	333
gi|76801199|ref|YP_326207.1|_537-692_1SHU:X:	2	6	3	6	0	13	8	7	0	181
gi|76801202|ref|YP_326210.1|_13-100_1F37:A:	0	5	3	2	0	14	6	7	0	109
gi|76801203|ref|YP_326211.1|_30-86_1RI7:A:25-84	0	0	1	3	0	5	3	3	0	60
gi|76801204|ref|YP_326212.1|_27-283_1G72:A:	6	38	10	5	0	74	38	44	0	571
gi|76801206|ref|YP_326214.1|_5-264_1TJN:A:	0	5	0	5	0	13	9	7	0	125
gi|76801206|ref|YP_326214.1|_307-391_1F37:A:	0	5	3	2	0	14	6	7	0	109
gi|76801208|ref|YP_326216.1|_5-71_1SJ1:A:	1	4	0	2	0	12	3	4	0	66
gi|76801209|ref|YP_326217.1|_80-335_1CBF:A:	4	10	4	8	0	31	17	17	0	284
gi|76801210|ref|YP_326218.1|_7-265_1S4D:A:	3	10	2	9	0	27	19	18	0	265
gi|76801211|ref|YP_326219.1|_31-178_3EEQ:A:8-214	1	10	3	6	0	24	8	10	0	205
gi|76801211|ref|YP_326219.1|_203-320_3BY5:A:8-130	0	6	1	4	0	16	5	5	0	123
gi|76801212|ref|YP_326220.1|_37-265_1CBF:A:	4	10	4	8	0	31	17	17	0	284
gi|76801213|ref|YP_326221.1|_1-227_1CBF:A:	4	10	4	8	0	31	17	17	0	284
gi|76801214|ref|YP_326222.1|_13-109_1L3I:A:	1	8	1	6	0	16	9	11	0	186
gi|76801215|ref|YP_326223.1|_70-202_1WIN:A:	0	6	0	5	0	15	6	3	0	142
gi|76801216|ref|YP_326224.1|_104-161_2P4W:A:1-194	2	5	0	8	0	12	7	8	0	197
gi|76801216|ref|YP_326224.1|_37-96_1UB9:A:	0	3	0	6	0	7	4	3	0	100
gi|76801218|ref|YP_326226.1|_68-130_1YEZ:A:1-68	0	6	0	0	0	9	4	4	0	68
gi|76801220|ref|YP_326228.1|_20-246_1XM8:A:	1	14	3	9	0	25	7	18	0	253
gi|76801222|ref|YP_326230.1|_1-364_1ZJC:A:3-415	4	19	5	13	0	39	21	25	0	413
gi|76801224|ref|YP_326232.1|_23-106_1ULY:A:	1	4	1	8	0	12	7	8	0	190
gi|76801225|ref|YP_326233.1|_138-302_1ZJ8:A:162-326	2	6	4	4	0	18	14	6	0	165
gi|76801225|ref|YP_326233.1|_400-569_1ZJ8:A:407-555	4	6	2	5	0	20	9	10	0	149
gi|76801225|ref|YP_326233.1|_22-137_1ZJ8:A:10-161	2	5	9	7	0	16	8	9	0	152
gi|76801225|ref|YP_326233.1|_274-414_2AKJ:A:346-430	1	5	1	3	0	5	6	5	0	85
gi|76801228|ref|YP_326236.1|_72-156_1VZ0:A:116-208	0	0	2	7	0	8	3	6	0	93
gi|76801229|ref|YP_326237.1|_348-493_2C2A:A:321-481	0	7	2	3	0	13	4	10	0	161
gi|76801229|ref|YP_326237.1|_165-276_1P97:A:	0	5	0	4	0	12	9	7	0	113
gi|76801229|ref|YP_326237.1|_56-155_1N9L:A:	0	5	1	3	0	14	5	7	0	109
gi|76801229|ref|YP_326237.1|_271-340_2C2A:A:232-320	0	0	1	3	0	3	0	4	0	89
gi|76801230|ref|YP_326238.1|_89-283_2NR9:A:4-192	0	0	2	8	0	13	11	7	0	189
gi|76801230|ref|YP_326238.1|_3-46_1WG2:A:	0	2	0	0	0	15	11	4	0	63
gi|76801232|ref|YP_326240.1|_4-250_1JTV:A:	2	7	4	11	0	26	15	16	0	285
gi|76801233|ref|YP_326241.1|_12-425_2B8N:A:4-417	4	12	2	17	0	38	21	25	0	414
gi|76801234|ref|YP_326242.1|_27-355_1F48:A:1-296	0	8	6	11	0	31	20	16	0	296
gi|76801235|ref|YP_326243.1|_78-205_1AV1:D:	0	0	1	7	0	3	3	6	0	200
gi|76801236|ref|YP_326244.1|_115-428_1B8A:A:104-438	6	13	4	11	0	30	23	16	0	335
gi|76801236|ref|YP_326244.1|_10-100_1B8A:A:1-103	1	5	3	1	0	10	5	7	0	103
gi|76801237|ref|YP_326245.1|_3-183_1IM5:A:	6	6	4	4	0	22	12	14	0	179
gi|76801239|ref|YP_326247.1|_107-369_2I14:A:111-389	6	12	4	10	0	30	15	15	0	279
gi|76801239|ref|YP_326247.1|_4-110_2I14:A:1-110	1	5	2	5	0	12	7	5	0	110
gi|76801240|ref|YP_326248.1|_19-92_1J75:A:	0	3	0	3	0	6	3	2	0	57
gi|76801241|ref|YP_326249.1|_10-214_1WZN:A:1-251	1	11	4	7	0	20	9	14	0	251
gi|76801242|ref|YP_326250.1|_2-208_1QG8:A:	2	9	4	8	0	22	13	12	0	255
gi|76801243|ref|YP_326251.1|_21-150,405-524_1A6D:A:17-145,A:404-519	0	9	1	11	0	18	7	14	1	245
gi|76801243|ref|YP_326251.1|_213-378_1Q3Q:A:217-369	3	9	2	3	0	18	15	4	0	153
gi|76801243|ref|YP_326251.1|_154-218,371-403_1Q3Q:A:146-216,A:370-405	1	5	3	3	0	8	7	2	1	107
gi|76801244|ref|YP_326252.1|_273-370_2OAU:A:180-280	1	4	0	2	0	10	4	5	0	101
gi|76801244|ref|YP_326252.1|_206-271_2OAU:A:113-179	0	5	0	2	0	7	5	3	0	67
gi|76801244|ref|YP_326252.1|_122-204_2OAU:A:27-112	0	0	0	3	0	3	0	1	0	86
gi|76801245|ref|YP_326253.1|_1-229_1YDE:A:4-253	2	7	2	10	0	23	11	14	0	250
gi|76801248|ref|YP_326256.1|_11-144,179-399_1RQG:A:1-138,A:174-396	15	13	4	15	0	37	14	21	1	361
gi|76801248|ref|YP_326256.1|_401-613_1RQG:A:397-606	2	0	1	10	0	14	6	10	0	210
gi|76801248|ref|YP_326256.1|_594-697_1PYB:A:	1	8	0	2	0	16	10	6	0	107
gi|76801248|ref|YP_326256.1|_140-163_1RQG:A:139-173	3	0	0	0	0	8	6	2	0	35
gi|76801249|ref|YP_326257.1|_11-349_1PMM:A:	9	13	6	12	0	49	26	25	0	450
gi|76801250|ref|YP_326258.1|_10-366_1H6Z:A:1-405	3	9	4	17	0	39	28	18	0	405
gi|76801250|ref|YP_326258.1|_460-754_1KBL:A:510-873	0	9	4	18	0	33	20	15	0	364
gi|76801250|ref|YP_326258.1|_334-445_1KBL:A:377-509	0	12	2	4	0	15	9	8	0	133
gi|76801251|ref|YP_326259.1|_3-222_1VPL:A:	2	10	2	9	0	18	9	15	0	238
gi|76801253|ref|YP_326261.1|_4-288_1SDJ:A:10-129	1	9	0	2	0	13	9	5	0	129
gi|76801254|ref|YP_326262.1|_5-165_1VDM:A:1-153	3	9	0	3	0	18	9	6	0	153
gi|76801255|ref|YP_326263.1|_10-191_1XX7:A:	2	0	3	11	0	13	6	7	0	183
gi|76801256|ref|YP_326264.1|_2-179_1UBE:A:5-270	2	9	1	9	0	25	18	12	0	266
gi|76801260|ref|YP_326268.1|_502-689_1GXL:A:	2	8	4	7	0	19	12	14	0	205
gi|76801260|ref|YP_326268.1|_1-231,1082-1168_1XEW:X:,Y:	2	15	2	9	0	30	20	14	1	329
gi|76801260|ref|YP_326268.1|_699-964_1C1G:C:	0	0	0	3	0	2	1	2	0	283
gi|76801260|ref|YP_326268.1|_397-513_2FXO:D:838-963	0	0	0	2	0	2	0	2	0	128
gi|76801262|ref|YP_326270.1|_13-310_2F2A:B:4-293	4	16	1	4	0	32	18	16	0	290
gi|76801262|ref|YP_326270.1|_317-422_2F2A:B:294-400	0	0	0	8	0	9	6	9	0	118
gi|76801263|ref|YP_326271.1|_1-608_1MW9:X:	5	17	5	18	0	50	23	23	0	591
gi|76801263|ref|YP_326271.1|_597-632_2AKL:A:3-40	0	3	0	0	0	6	2	3	0	38
gi|76801264|ref|YP_326272.1|_4-220_2F6U:A:1001-1231	3	8	3	10	0	20	14	13	0	231
gi|76801265|ref|YP_326273.1|_16-555_7REQ:A:4-560	4	12	7	20	0	55	25	35	0	557
gi|76801266|ref|YP_326274.1|_1-127_1JC4:A:	2	8	1	3	0	17	10	6	0	145
gi|76801267|ref|YP_326275.1|_3-103_1KRH:A:106-205	0	6	0	1	0	15	6	7	0	100
gi|76801267|ref|YP_326275.1|_95-214_2PIA:A:104-223	0	5	2	4	0	13	9	8	0	120
gi|76801268|ref|YP_326276.1|_196-463_1B0P:A:2-258	2	11	0	10	0	22	13	9	0	257
gi|76801268|ref|YP_326276.1|_5-221_1B0P:A:416-668	2	6	4	9	0	29	21	11	0	253
gi|76801268|ref|YP_326276.1|_472-581_1DTW:B:205-342	1	5	0	5	0	15	9	7	0	138
gi|76801269|ref|YP_326277.1|_15-243_1B0P:A:786-1232	9	8	4	17	0	46	33	30	0	447
gi|76802147|ref|YP_327155.1|_15-243_1B0P:A:786-1232	9	8	4	17	0	46	33	30	0	447
gi|76801271|ref|YP_326279.1|_15-190_1EJ0:A:	0	7	0	5	0	17	8	9	0	180
gi|76801271|ref|YP_326279.1|_189-252_1YVC:A:1-69	0	6	0	0	0	12	5	6	0	69
gi|76801274|ref|YP_326282.1|_5-557_2NAP:A:4-600	7	23	7	21	0	74	46	46	0	597
gi|76801274|ref|YP_326282.1|_563-677_1OGY:A:682-801	5	6	2	2	0	21	9	8	0	120
gi|76801275|ref|YP_326283.1|_1-446_2CFB:A:19-411	4	14	1	12	0	33	18	27	0	393
gi|76801277|ref|YP_326285.1|_3-81_1NM3:A:166-239	0	4	0	3	0	8	4	4	0	74
gi|76801279|ref|YP_326287.1|_82-235_1O57:A:75-276	1	10	4	4	0	19	12	11	0	202
gi|76801280|ref|YP_326288.1|_5-170_1ORO:A:	4	8	3	7	0	21	9	8	0	213
gi|76801281|ref|YP_326289.1|_4-95_1JT8:A:	1	5	0	2	0	13	9	2	0	102
gi|76801282|ref|YP_326290.1|_1-176_1RJW:A:1-137,A:306-339	5	11	3	3	0	24	12	10	1	171
gi|76801282|ref|YP_326290.1|_143-320_1RJW:A:138-305	0	7	1	8	0	16	10	9	0	168
gi|76801285|ref|YP_326293.1|_5-237_1VZW:A:2-240	3	10	2	11	0	20	11	10	0	239
gi|76801287|ref|YP_326295.1|_5-122_1E0Z:A:	0	6	1	5	0	17	10	9	0	128
gi|76801288|ref|YP_326296.1|_7-191_1J2R:A:	2	6	3	6	0	16	9	11	0	188
gi|76801292|ref|YP_326300.1|_72-170_1O7I:A:	2	7	3	0	0	15	2	8	0	115
gi|76801292|ref|YP_326300.1|_159-269_1L1O:C:	3	9	0	5	0	16	7	7	0	178
gi|76801293|ref|YP_326301.1|_3-143_1MJH:A:	0	5	1	4	0	16	7	5	0	160
gi|76801296|ref|YP_326304.1|_3-127_1TQ8:A:	1	5	0	5	0	9	5	6	0	162
gi|76801298|ref|YP_326306.1|_7-259_1O5I:A:	4	7	4	9	0	23	14	14	0	234
gi|76801299|ref|YP_326307.1|_32-150_1NR3:A:	0	3	1	5	0	15	10	2	0	122
gi|76801300|ref|YP_326308.1|_43-107_1YVC:A:1-69	0	6	0	0	0	12	5	6	0	69
gi|76801302|ref|YP_326310.1|_21-174_1NQZ:A:	3	11	2	4	0	20	4	7	0	187
gi|76801304|ref|YP_326312.1|_12-114,229-281_1WRB:A:164-401	2	8	2	8	0	26	18	9	0	238
gi|76801304|ref|YP_326312.1|_27-84,211-287,450-464,492-660_1S2M:A:46-251	0	7	1	9	0	25	17	9	0	206
gi|76801306|ref|YP_326314.1|_7-87_1XWA:A:	0	5	0	4	0	8	5	7	0	110
gi|76801307|ref|YP_326315.1|_82-273_1TQI:A:91-282	0	10	1	4	0	15	9	8	0	192
gi|76801308|ref|YP_326316.1|_6-378_1AJ8:A:	3	5	4	16	0	28	15	16	0	371
gi|76801309|ref|YP_326317.1|_30-308_1UWY:A:1-296	3	9	4	9	0	35	28	17	0	296
gi|76801311|ref|YP_326319.1|_129-182_2OFY:A:3-84	1	0	0	5	0	8	3	5	0	82
gi|76801312|ref|YP_326320.1|_2-251_2CH7:B:225-529	0	0	1	4	0	2	1	4	0	308
gi|76801313|ref|YP_326321.1|_19-158,194-215_1OR4:A:	0	2	2	7	0	11	5	4	0	169
gi|76801314|ref|YP_326322.1|_4-163_1PDA:A:3-219	0	10	3	7	0	25	14	12	0	217
gi|76801314|ref|YP_326322.1|_271-358_1GTK:A:220-313	0	3	1	3	0	7	3	6	0	94
gi|76801314|ref|YP_326322.1|_212-262_1PDA:A:3-219	0	10	3	7	0	25	14	12	0	217
gi|76801315|ref|YP_326323.1|_1-242_1PJQ:A:216-457	3	10	3	8	0	24	20	15	0	242
gi|76801316|ref|YP_326324.1|_4-237_1JR2:A:	2	11	3	12	0	26	17	11	0	260
gi|76801317|ref|YP_326325.1|_1-202_1EBB:A:	4	6	4	7	0	26	7	13	0	202
gi|76801321|ref|YP_326329.1|_124-268_1F8F:A:163-336	0	6	3	7	0	16	13	12	0	174
gi|76801321|ref|YP_326329.1|_7-160_1UUF:A:3-144,A:313-349	5	11	4	3	0	24	13	10	1	179
gi|76801322|ref|YP_326330.1|_1-118_2A0S:A:18-180	0	11	1	3	0	15	6	7	0	163
gi|76801323|ref|YP_326331.1|_13-344_2F9F:A:2-167	2	6	1	7	0	19	11	10	0	166
gi|76801324|ref|YP_326332.1|_21-141_1WZN:A:1-251	1	11	4	7	0	20	9	14	0	251
gi|76801327|ref|YP_326335.1|_1-45_2BJ7:A:1-50	0	1	0	2	0	3	2	2	0	50
gi|76801329|ref|YP_326337.1|_91-195_1KZL:A:93-202	1	6	2	2	0	13	5	7	0	110
gi|76801329|ref|YP_326337.1|_1-87_1KZL:A:1-92	1	6	2	1	0	13	4	5	0	92
gi|76801331|ref|YP_326339.1|_87-344_2FRN:A:19-278	0	13	3	6	0	25	10	16	0	260
gi|76801332|ref|YP_326340.1|_10-418_1PV7:A:	0	0	2	22	0	18	12	14	0	417
gi|76801334|ref|YP_326342.1|_248-385_1KB0:A:1-573	5	40	7	6	0	73	38	39	0	573
gi|76801334|ref|YP_326342.1|_53-320_1KB0:A:1-573	5	40	7	6	0	73	38	39	0	573
gi|76801338|ref|YP_326346.1|_166-383_1U7Z:A:	2	12	1	5	0	19	15	8	0	223
gi|76801338|ref|YP_326346.1|_1-172_1E20:A:	2	6	2	9	0	22	10	12	0	185
gi|76801339|ref|YP_326347.1|_3-142_1WFR:A:	3	5	2	5	0	16	12	6	0	142
gi|76801341|ref|YP_326349.1|_1-150_2NS9:A:10-156	0	7	2	3	0	5	5	6	0	147
gi|76801342|ref|YP_326350.1|_1-290_1F48:A:1-296	0	8	6	11	0	31	20	16	0	296
gi|76801343|ref|YP_326351.1|_14-187_1VDC:A:1-117,A:244-316	5	11	3	3	0	28	12	10	1	192
gi|76801344|ref|YP_326352.1|_127-335_1VCT:A:9-107	0	0	0	3	0	4	1	2	0	99
gi|76801345|ref|YP_326353.1|_1-286_1HYU:A:199-325,A:452-521	8	9	2	4	0	27	18	13	1	197
gi|76801349|ref|YP_326357.1|_2-223_1B0U:A:	0	12	1	10	0	24	16	14	0	261
gi|76801351|ref|YP_326359.1|_23-274_1Q16:C:	0	1	6	8	0	16	7	7	0	225
gi|76801351|ref|YP_326359.1|_296-403_1NEK:B:107-238	0	0	0	8	0	16	6	9	0	132
gi|76801352|ref|YP_326360.1|_3-126_1J1Y:A:	3	6	1	2	0	10	3	6	0	116
gi|76801353|ref|YP_326361.1|_97-164_1PSD:A:327-410	0	4	0	2	0	7	4	4	0	84
gi|76801355|ref|YP_326363.1|_10-222_1XTT:A:2-216	0	14	2	6	0	24	15	8	0	215
gi|76801356|ref|YP_326364.1|_7-133_2CVE:A:2-124	1	7	0	3	0	10	8	6	0	123
gi|76801356|ref|YP_326364.1|_137-198_2CVE:A:125-191	0	4	1	2	0	5	0	3	0	67
gi|76801358|ref|YP_326366.1|_217-354_2EF7:A:1-127	5	7	2	4	0	12	7	10	0	127
gi|76801358|ref|YP_326366.1|_362-450_2R2Z:A:5-88	2	5	0	2	0	6	2	7	0	84
gi|76801359|ref|YP_326367.1|_5-85_1V2A:A:1-83	0	4	0	3	0	11	4	6	0	83
gi|76801360|ref|YP_326368.1|_15-171_2CX4:A:4-163	2	9	0	5	0	19	10	14	0	159
gi|76801361|ref|YP_326369.1|_6-182_1JCU:A:	0	10	0	6	0	31	23	6	0	208
gi|76801362|ref|YP_326370.1|_3-117_1MWB:A:	0	0	1	7	0	9	3	4	0	123
gi|76801364|ref|YP_326372.1|_1-181_1Y0B:A:1-191	1	11	1	5	0	15	6	12	0	191
gi|76801365|ref|YP_326373.1|_45-327_1IR6:A:	0	10	7	15	0	38	21	20	0	385
gi|76801366|ref|YP_326374.1|_2-142_1MJH:A:	0	5	1	4	0	16	7	5	0	160
gi|76801367|ref|YP_326375.1|_220-555_1AOR:A:211-605	3	5	8	21	0	37	16	31	0	395
gi|76801367|ref|YP_326375.1|_4-207_1AOR:A:1-210	1	12	0	6	0	23	14	16	0	210
gi|76801369|ref|YP_326377.1|_4-209_2CU2:A:1-268	4	11	7	10	0	28	13	12	0	268
gi|76801371|ref|YP_326379.1|_14-173_1WU2:A:6-180	8	12	3	2	0	28	9	13	0	175
gi|76801371|ref|YP_326379.1|_177-316_1UZ5:A:181-328	1	9	0	4	0	15	9	7	0	148
gi|76801371|ref|YP_326379.1|_323-400_1XI8:A:325-396	0	7	0	1	0	11	4	5	0	72
gi|76801372|ref|YP_326380.1|_10-181_1XI8:A:6-181	3	4	1	2	0	15	5	6	0	176
gi|76801372|ref|YP_326380.1|_184-331_1UZ5:A:181-328	1	9	0	4	0	15	9	7	0	148
gi|76801372|ref|YP_326380.1|_338-411_1UZ5:A:329-402	2	5	0	1	0	10	5	1	0	74
gi|76801372|ref|YP_326380.1|_443-578_1TWY:A:	4	13	2	8	0	31	13	17	0	249
gi|76801375|ref|YP_326383.1|_6-106_1QUW:A:	0	4	0	4	0	11	5	6	0	105
gi|76801376|ref|YP_326384.1|_348-406_1B1B:A:1-64	0	2	0	3	0	6	1	5	0	64
gi|76801377|ref|YP_326385.1|_32-299_1DIQ:A:7-242	4	11	2	6	0	33	17	19	0	236
gi|76801377|ref|YP_326385.1|_302-566_1W1O:A:246-534	3	8	4	10	0	26	15	10	0	289
gi|76801377|ref|YP_326385.1|_577-688_1KF6:B:106-243	0	0	3	8	0	15	4	9	0	138
gi|76801378|ref|YP_326386.1|_3-88_2F2A:C:3-94	1	2	1	3	0	9	4	5	0	92
gi|76801379|ref|YP_326387.1|_11-422_2F2A:A:1-485	12	11	6	15	0	46	29	35	0	485
gi|76801382|ref|YP_326390.1|_1-262_1HZD:A:	3	10	3	11	0	24	15	16	0	266
gi|76801383|ref|YP_326391.1|_52-423_2LIV:A:	4	14	6	11	0	34	17	17	0	344
gi|76801386|ref|YP_326394.1|_3-236_3DHW:C:1-240	3	10	1	7	0	21	17	12	0	240
gi|76801387|ref|YP_326395.1|_1-230_1JI0:A:	2	10	1	10	0	19	14	15	0	240
gi|76801388|ref|YP_326396.1|_2-119_2GE3:A:6-169	0	7	2	4	0	13	5	8	0	164
gi|76801389|ref|YP_326397.1|_19-345_2F9F:A:2-167	2	6	1	7	0	19	11	10	0	166
gi|76801390|ref|YP_326398.1|_541-804_1AJ2:A:	1	10	2	9	1	29	16	19	0	282
gi|76801390|ref|YP_326398.1|_1-287_1O5Z:A:2-293	2	11	4	9	0	24	12	14	0	293
gi|76801390|ref|YP_326398.1|_287-423_2GC6:A:297-425	1	5	0	3	0	14	9	5	0	129
gi|76801394|ref|YP_326402.1|_7-277_2CH7:B:225-529	0	0	1	4	0	2	1	4	0	308
gi|76801394|ref|YP_326402.1|_273-379_1P97:A:	0	5	0	4	0	12	9	7	0	113
gi|76801395|ref|YP_326403.1|_2-292_1DHP:A:	2	8	4	12	0	25	18	18	0	292
gi|76801396|ref|YP_326404.1|_1-112,218-245_1DIH:A:2-130,A:241-273	1	8	1	5	0	21	13	10	1	162
gi|76801396|ref|YP_326404.1|_114-218_1DIH:A:131-240	0	5	1	2	0	11	5	8	0	110
gi|76801397|ref|YP_326405.1|_3-228_1TDT:A:	2	26	1	4	0	47	10	24	0	256
gi|76801398|ref|YP_326406.1|_3-126_1ON2:A:2-62	0	2	0	3	0	3	3	3	0	61
gi|76801399|ref|YP_326407.1|_52-169_1DVB:A:1-147	0	0	0	5	0	6	3	6	0	147
gi|76801400|ref|YP_326408.1|_13-401_1VH4:A:	0	20	1	8	0	48	17	22	0	413
gi|76801401|ref|YP_326409.1|_36-70,98-473_1VH4:A:	0	20	1	8	0	48	17	22	0	413
gi|76801402|ref|YP_326410.1|_4-279_1G6H:A:	2	11	5	9	0	21	16	17	0	254
gi|76801403|ref|YP_326411.1|_415-548_1YSR:A:299-446	0	7	1	4	0	11	6	6	0	148
gi|76801403|ref|YP_326411.1|_236-339_1V9Y:A:	2	5	3	3	0	10	6	6	0	113
gi|76801403|ref|YP_326411.1|_336-409_2C2A:A:232-320	0	0	1	3	0	3	0	4	0	89
gi|76801404|ref|YP_326412.1|_919-1008,1418-1647,1684-1726_1TGO:A:348-773	5	12	5	13	0	44	20	26	0	426
gi|76801404|ref|YP_326412.1|_72-481_1WNS:A:1-347	2	17	1	10	0	31	20	21	0	347
gi|76801404|ref|YP_326412.1|_1007-1121_1AT0:A:	2	11	2	0	0	16	5	10	0	145
gi|76801404|ref|YP_326412.1|_519-635,877-909_1GPP:A:	7	17	4	2	0	25	9	9	0	236
gi|76801404|ref|YP_326412.1|_1297-1373_1DQ3:A:227-335	0	4	1	5	0	10	5	4	0	109
gi|76801404|ref|YP_326412.1|_803-879_1DFA:A:299-415	1	4	2	3	0	13	8	7	0	117
gi|76801404|ref|YP_326412.1|_482-518_1S5J:A:450-864	3	8	0	12	0	26	18	18	0	415
gi|76801407|ref|YP_326415.1|_57-136_1RI7:A:25-84	0	0	1	3	0	5	3	3	0	60
gi|76801408|ref|YP_326416.1|_1-219,736-878_1II8:A:,B:	2	14	4	9	0	27	23	16	1	369
gi|76801408|ref|YP_326416.1|_416-511_1L8D:B:	0	2	0	2	0	6	1	2	0	111
gi|76801409|ref|YP_326417.1|_1-277_1II7:A:	4	19	4	8	0	37	23	13	0	333
gi|76801411|ref|YP_326419.1|_19-83_2DK5:A:8-85	0	3	0	3	0	8	6	3	0	78
gi|76801412|ref|YP_326420.1|_143-391_1IXZ:A:	2	5	3	11	0	25	13	15	0	247
gi|76801413|ref|YP_326421.1|_417-520_1C1G:C:	0	0	0	3	0	2	1	2	0	283
gi|76801414|ref|YP_326422.1|_12-77_2P4W:A:1-194	2	5	0	8	0	12	7	8	0	197
gi|76801415|ref|YP_326423.1|_2-452_1QF5:A:	8	19	8	13	0	54	26	26	0	431
gi|76801417|ref|YP_326425.1|_36-131_1SOX:A:94-343	1	13	5	6	0	31	18	16	0	250
gi|76801418|ref|YP_326426.1|_17-131_1NP6:A:	0	8	2	4	0	19	12	7	0	170
gi|76801420|ref|YP_326428.1|_28-75,102-139_1V8C:A:1-87	2	8	3	3	0	12	4	7	0	87
gi|76801421|ref|YP_326429.1|_38-364_1TV8:A:	4	11	4	10	0	39	20	20	0	327
gi|76801423|ref|YP_326431.1|_18-332_1TV8:A:	4	11	4	10	0	39	20	20	0	327
gi|76801424|ref|YP_326432.1|_20-87_1JE3:A:	2	4	0	2	0	13	10	3	0	96
gi|76801427|ref|YP_326435.1|_6-143_2HTI:A:10-165	0	7	0	3	0	8	2	2	0	156
gi|76801431|ref|YP_326439.1|_24-101_2B0L:A:167-257	1	3	0	5	0	7	4	6	0	91
gi|76801438|ref|YP_326446.1|_403-541_1LSS:A:	0	6	0	6	0	14	9	7	0	132
gi|76801438|ref|YP_326446.1|_536-617_2FY8:A:245-336	2	4	0	4	0	13	5	6	0	92
gi|76801440|ref|YP_326448.1|_1-165_1FI4:A:3-190	3	9	3	3	0	23	11	11	0	188
gi|76801440|ref|YP_326448.1|_173-318_1FI4:A:191-393	1	5	2	7	0	16	13	9	0	203
gi|76801441|ref|YP_326449.1|_181-417_1GTM:A:181-419	2	7	1	9	0	25	13	12	0	239
gi|76801441|ref|YP_326449.1|_5-183_1EUZ:A:4-180	1	5	3	5	0	19	9	9	0	177
gi|76801442|ref|YP_326450.1|_1-154_2CX4:A:4-163	2	9	0	5	0	19	10	14	0	159
gi|76801444|ref|YP_326452.1|_1-268_1TJN:A:	0	5	0	5	0	13	9	7	0	125
gi|76801446|ref|YP_326454.1|_4-281_1BK4:A:	4	13	5	8	0	33	15	14	0	332
gi|76801447|ref|YP_326455.1|_11-252_1OJX:A:	0	10	2	11	0	27	16	15	0	251
gi|76801448|ref|YP_326456.1|_1-243_1JQI:A:4-234	3	8	4	7	0	17	12	12	0	231
gi|76801448|ref|YP_326456.1|_228-379_2D29:A:235-387	1	2	3	5	0	4	4	6	0	153
gi|76801449|ref|YP_326457.1|_197-360_1KBV:A:164-314	4	12	2	2	0	17	14	9	0	151
gi|76801449|ref|YP_326457.1|_68-213_1KBV:A:13-163	5	9	1	1	0	20	6	10	0	151
gi|76801450|ref|YP_326458.1|_69-172_1BXU:A:	0	9	2	0	0	16	7	6	0	91
gi|76801452|ref|YP_326460.1|_59-216_1ON4:A:	1	8	2	4	0	20	15	9	0	173
gi|76801453|ref|YP_326461.1|_54-170_1ST9:A:	0	8	2	4	0	14	8	8	0	137
gi|76801455|ref|YP_326463.1|_23-131_1IUH:A:	0	9	4	3	0	14	7	3	0	183
gi|76801458|ref|YP_326466.1|_2-55_1QXF:A:	0	6	0	0	0	12	6	1	0	58
gi|76801459|ref|YP_326467.1|_172-257_2AHO:B:176-264	0	4	1	2	0	7	6	3	0	89
gi|76801459|ref|YP_326467.1|_83-171_2AHO:B:85-175	0	0	0	6	0	5	2	8	0	91
gi|76801459|ref|YP_326467.1|_5-81_2AHO:B:1-84	0	6	1	1	0	8	3	5	0	84
gi|76801460|ref|YP_326468.1|_11-59_2EY4:E:4-55	2	3	0	1	0	9	2	5	0	52
gi|76801461|ref|YP_326469.1|_407-534_1LL8:A:	0	6	1	2	0	15	8	9	0	113
gi|76801461|ref|YP_326469.1|_731-874_1YSR:A:299-446	0	7	1	4	0	11	6	6	0	148
gi|76801461|ref|YP_326469.1|_301-412_1P97:A:	0	5	0	4	0	12	9	7	0	113
gi|76801461|ref|YP_326469.1|_146-291_2K2N:A:31-200	1	5	1	4	0	22	14	6	0	170
gi|76801461|ref|YP_326469.1|_532-647_1EW0:A:	2	5	2	5	0	11	8	8	0	130
gi|76801462|ref|YP_326470.1|_2-237_2P90:A:6-274	3	11	3	8	0	25	11	7	0	269
gi|76801464|ref|YP_326472.1|_4-98_3CTA:A:5-89	0	3	0	4	0	5	3	5	0	85
gi|76801465|ref|YP_326473.1|_1-282,379-416_2IVD:A:10-306,A:415-464	5	15	3	15	0	32	15	21	1	347
gi|76801466|ref|YP_326474.1|_11-383_1V7C:A:	3	11	6	14	0	34	24	19	0	351
gi|76801468|ref|YP_326476.1|_40-219_2PQ7:A:1-217	0	0	2	10	0	9	5	7	0	217
gi|76801469|ref|YP_326477.1|_1-148_2CY2:A:1-174	2	7	2	5	0	19	6	8	0	174
gi|76801470|ref|YP_326478.1|_208-350_1YSR:A:299-446	0	7	1	4	0	11	6	6	0	148
gi|76801470|ref|YP_326478.1|_34-138_1EW0:A:	2	5	2	5	0	11	8	8	0	130
gi|76801471|ref|YP_326479.1|_36-296_2CH7:B:225-529	0	0	1	4	0	2	1	4	0	308
gi|76801472|ref|YP_326480.1|_116-144,276-544_2CH7:B:225-529	0	0	1	4	0	2	1	4	0	308
gi|76801473|ref|YP_326481.1|_24-274_1KNW:A:32-278	0	11	3	9	0	21	15	14	0	247
gi|76801473|ref|YP_326481.1|_246-403_1TWI:A:15-49,A:314-448	3	12	2	3	0	22	7	10	1	170
gi|76801474|ref|YP_326482.1|_117-421_1NIR:A:118-543	3	35	4	4	0	50	28	28	0	426
gi|76801475|ref|YP_326483.1|_49-172_1JOQ:A:	3	9	1	3	0	22	11	8	0	149
gi|76801480|ref|YP_326488.1|_215-523_1ZCZ:A:158-452	2	16	1	8	0	32	22	11	0	295
gi|76801480|ref|YP_326488.1|_1-195_1MEO:A:	0	9	1	6	0	19	15	11	0	208
gi|76801482|ref|YP_326490.1|_2-368_1GDE:A:	4	12	7	13	0	42	12	25	0	388
gi|76801483|ref|YP_326491.1|_2-288_1WXQ:A:1-319	2	8	3	10	0	30	20	14	0	319
gi|76801483|ref|YP_326491.1|_318-390_1WXQ:A:320-395	1	4	0	2	0	9	4	5	0	76
gi|76801484|ref|YP_326492.1|_59-111,180-247_1KK6:A:	1	15	7	5	0	37	14	14	0	207
gi|76801488|ref|YP_326496.1|_4-87_1TBX:A:	2	2	0	4	0	7	3	5	0	98
gi|76801490|ref|YP_326498.1|_77-358_1EA7:A:	8	11	0	6	0	39	25	24	0	310
gi|76801490|ref|YP_326498.1|_454-527_1L0Q:A:302-391	2	8	0	0	0	14	8	3	0	90
gi|76801490|ref|YP_326498.1|_360-447_1L0Q:A:302-391	2	8	0	0	0	14	8	3	0	90
gi|76801491|ref|YP_326499.1|_136-229_1AIS:B:1108-1205	0	0	0	5	0	7	1	6	0	98
gi|76801491|ref|YP_326499.1|_232-320_1AIS:B:1206-1300	0	0	1	5	0	7	1	6	0	95
gi|76801491|ref|YP_326499.1|_26-72_1PFT:A:	1	2	0	0	0	7	5	2	0	50
gi|76801492|ref|YP_326500.1|_30-490_1O9J:A:	5	22	4	17	0	50	32	20	0	494
gi|76801493|ref|YP_326501.1|_14-256_2GMN:A:29-292	0	12	6	7	0	26	12	19	0	264
gi|76801495|ref|YP_326503.1|_118-439_1SET:A:111-421	3	16	5	9	0	33	20	19	0	311
gi|76801495|ref|YP_326503.1|_1-114_1SET:A:1-110	0	0	1	4	0	6	1	3	0	110
gi|76801498|ref|YP_326506.1|_3-109_1OH0:A:	0	8	1	3	0	10	7	3	0	125
gi|76801501|ref|YP_326509.1|_21-218_2P0L:A:4-272	3	11	3	7	0	28	14	17	0	269
gi|76801502|ref|YP_326510.1|_47-352_1GKR:A:55-379	4	9	7	14	0	33	16	17	0	325
gi|76801502|ref|YP_326510.1|_5-46,351-421_1GKR:A:1-54,A:380-451	2	11	1	0	0	17	6	9	1	126
gi|76801504|ref|YP_326512.1|_1-122_1TQ8:A:	1	5	0	5	0	9	5	6	0	162
gi|76801505|ref|YP_326513.1|_25-164_2GE3:A:6-169	0	7	2	4	0	13	5	8	0	164
gi|76801508|ref|YP_326516.1|_1-144_1WJG:A:	0	5	1	4	0	15	7	4	0	135
gi|76801509|ref|YP_326517.1|_223-523_2CH7:B:225-529	0	0	1	4	0	2	1	4	0	308
gi|76801509|ref|YP_326517.1|_62-181_1V9Y:A:	2	5	3	3	0	10	6	6	0	113
gi|76801510|ref|YP_326518.1|_59-82,129-299_2G40:A:38-212	0	10	3	4	0	18	8	9	0	175
gi|76801510|ref|YP_326518.1|_306-396_1NEK:B:107-238	0	0	0	8	0	16	6	9	0	132
gi|76801511|ref|YP_326519.1|_5-168_2G40:A:38-212	0	10	3	4	0	18	8	9	0	175
gi|76801515|ref|YP_326523.1|_4-58_2K7I:A:1-62	1	4	0	1	0	7	4	3	0	62
gi|76801516|ref|YP_326524.1|_2-243_2FFC:A:20-351	4	10	4	14	0	28	14	17	0	332
gi|76801518|ref|YP_326526.1|_5-223_1WR8:A:	3	11	4	8	0	31	16	15	0	230
gi|76801519|ref|YP_326527.1|_124-367_1EFC:A:8-204	0	8	1	7	0	20	12	8	0	197
gi|76801519|ref|YP_326527.1|_349-443_1EXM:A:213-312	1	10	0	0	0	12	7	9	0	100
gi|76801519|ref|YP_326527.1|_444-531_1EXM:A:313-405	2	6	1	0	0	12	1	7	0	93
gi|76801520|ref|YP_326528.1|_87-148,183-337_1CM8:A:	4	12	4	11	0	37	21	16	0	346
gi|76801521|ref|YP_326529.1|_14-114_1GME:A:	1	8	5	2	0	17	6	7	0	150
gi|76801522|ref|YP_326530.1|_2-75,161-335_1A49:A:12-115,A:218-395	0	8	5	13	0	25	22	17	1	282
gi|76801522|ref|YP_326530.1|_317-470_1E0T:A:354-470	2	5	1	4	0	13	9	6	0	117
gi|76801522|ref|YP_326530.1|_70-161_1LIU:A:160-261	6	8	1	1	0	17	8	7	0	102
gi|76801522|ref|YP_326530.1|_463-576_1H6Z:A:406-537	0	11	1	2	0	15	12	8	0	132
gi|76801523|ref|YP_326531.1|_82-255_1US5:A:	3	10	2	12	0	29	18	20	0	298
gi|76801524|ref|YP_326532.1|_2-222_3DHW:C:1-240	3	10	1	7	0	21	17	12	0	240
gi|76801525|ref|YP_326533.1|_80-269_3DHW:A:6-208	0	0	1	9	0	11	7	9	0	203
gi|76801526|ref|YP_326534.1|_6-252_1IVH:A:6-241	3	8	6	7	0	20	10	16	0	236
gi|76801526|ref|YP_326534.1|_238-391_2D29:A:235-387	1	2	3	5	0	4	4	6	0	153
gi|76801527|ref|YP_326535.1|_187-222,255-523_2CH7:B:225-529	0	0	1	4	0	2	1	4	0	308
gi|76801527|ref|YP_326535.1|_92-137_2ASX:A:278-331	0	0	0	2	0	4	1	3	0	54
gi|76801528|ref|YP_326536.1|_3-221_1H2S:A:	0	2	0	9	0	11	7	11	0	225
gi|76801530|ref|YP_326538.1|_1-206_1X42:A:1-230	7	6	3	10	0	19	10	14	0	230
gi|76801532|ref|YP_326540.1|_2-91_1USM:A:	2	4	0	2	0	7	1	4	0	80
gi|76801535|ref|YP_326543.1|_429-747_1R5J:A:	4	10	1	13	0	38	28	16	0	329
gi|76801535|ref|YP_326543.1|_161-452_1VL6:A:155-376	3	6	2	9	0	28	19	15	0	222
gi|76801535|ref|YP_326543.1|_8-159_1VL6:A:1-154	2	5	3	8	0	17	11	6	0	154
gi|76801536|ref|YP_326544.1|_21-278_1WDN:A:	2	11	1	8	0	14	14	12	0	223
gi|76801537|ref|YP_326545.1|_32-241_3DHW:A:6-208	0	0	1	9	0	11	7	9	0	203
gi|76801538|ref|YP_326546.1|_4-236_1B0U:A:	0	12	1	10	0	24	16	14	0	261
gi|76801539|ref|YP_326547.1|_100-301_3DHW:A:6-208	0	0	1	9	0	11	7	9	0	203
gi|76801540|ref|YP_326548.1|_2-201_1SXJ:A:295-547	1	5	4	11	0	21	18	23	0	253
gi|76801543|ref|YP_326551.1|_3-226_1PZN:A:96-349	0	12	2	8	0	19	19	13	0	254
gi|76801544|ref|YP_326552.1|_32-91_1JL2:A:	3	5	0	5	0	15	8	10	0	150
gi|76801545|ref|YP_326553.1|_465-1199_1EA0:A:423-1193	9	24	13	27	0	90	50	46	0	771
gi|76801545|ref|YP_326553.1|_23-433_1EA0:A:1-422	4	17	7	13	0	46	26	20	0	422
gi|76801545|ref|YP_326553.1|_1213-1476_1LLW:A:1240-1507	0	10	1	7	0	33	17	19	0	268
gi|76801546|ref|YP_326554.1|_14-279_1HC7:A:5-276	5	14	1	6	0	26	14	14	0	272
gi|76801546|ref|YP_326554.1|_281-405_1HC7:A:277-403	1	5	1	4	0	10	5	8	0	127
gi|76801546|ref|YP_326554.1|_409-482_1NJ1:A:411-481	3	4	0	2	0	11	4	2	0	71
gi|76801548|ref|YP_326556.1|_814-894_1NKG:A:251-337	2	8	1	0	0	14	4	4	0	87
gi|76801548|ref|YP_326556.1|_45-135_1QMU:A:305-383	2	9	0	0	0	10	3	5	0	79
gi|76801548|ref|YP_326556.1|_448-526_1NKG:A:251-337	2	8	1	0	0	14	4	4	0	87
gi|76801548|ref|YP_326556.1|_128-255_1G1K:A:	3	11	2	1	0	20	9	7	0	142
gi|76801550|ref|YP_326558.1|_174-282_1N9L:A:	0	5	1	3	0	14	5	7	0	109
gi|76801550|ref|YP_326558.1|_359-496_1ID0:A:	0	7	2	3	0	16	7	7	0	146
gi|76801551|ref|YP_326559.1|_13-192_1B26:A:4-178	1	5	3	5	0	18	10	8	0	175
gi|76801551|ref|YP_326559.1|_190-423_1B26:A:179-412	2	7	0	10	0	25	9	14	0	234
gi|76801556|ref|YP_326564.1|_28-125_2OAU:A:180-280	1	4	0	2	0	10	4	5	0	101
gi|76801557|ref|YP_326565.1|_6-298_1F48:A:1-296	0	8	6	11	0	31	20	16	0	296
gi|76801559|ref|YP_326567.1|_5-226_1NIJ:A:2-223	0	9	2	7	0	28	21	11	0	222
gi|76801559|ref|YP_326567.1|_267-380_1NIJ:A:224-318	2	5	0	2	0	8	4	5	0	95
gi|76801561|ref|YP_326569.1|_2-148_1MJH:A:	0	5	1	4	0	16	7	5	0	160
gi|76801565|ref|YP_326573.1|_41-118_1WQL:A:19-180	0	12	4	3	0	21	10	14	0	162
gi|76801567|ref|YP_326575.1|_24-103_1ULY:A:	1	4	1	8	0	12	7	8	0	190
gi|76801569|ref|YP_326577.1|_21-85_1SD4:A:	0	3	0	6	0	8	5	5	0	122
gi|76801570|ref|YP_326578.1|_31-574_2NLZ:A:3-539	7	21	3	19	0	59	29	32	0	537
gi|76801571|ref|YP_326579.1|_152-290_2K2N:A:31-200	1	5	1	4	0	22	14	6	0	170
gi|76801571|ref|YP_326579.1|_4-121_1NY5:A:1-137	2	5	0	5	0	10	7	5	0	137
gi|76801573|ref|YP_326581.1|_201-330_2C2A:A:321-481	0	7	2	3	0	13	4	10	0	161
gi|76801573|ref|YP_326581.1|_25-131_1BYW:A:	2	5	1	3	0	13	3	8	0	110
gi|76801573|ref|YP_326581.1|_125-192_2C2A:A:232-320	0	0	1	3	0	3	0	4	0	89
gi|76801575|ref|YP_326583.1|_31-339_2Z1A:A:28-329	3	16	3	9	0	37	21	18	0	302
gi|76801575|ref|YP_326583.1|_355-542_2Z1A:A:330-534	2	12	4	8	0	20	13	12	0	205
gi|76801578|ref|YP_326586.1|_400-656_2CH7:B:225-529	0	0	1	4	0	2	1	4	0	308
gi|76801578|ref|YP_326586.1|_59-240_1OR4:A:	0	2	2	7	0	11	5	4	0	169
gi|76801578|ref|YP_326586.1|_260-373_1V9Y:A:	2	5	3	3	0	10	6	6	0	113
gi|76801582|ref|YP_326590.1|_11-148,314-401_1S3L:A:	0	11	1	4	0	19	12	8	0	165
gi|76801583|ref|YP_326591.1|_2-238_1JQI:A:4-234	3	8	4	7	0	17	12	12	0	231
gi|76801583|ref|YP_326591.1|_223-372_2D29:A:235-387	1	2	3	5	0	4	4	6	0	153
gi|76801589|ref|YP_326597.1|_530-630_1N9L:A:	0	5	1	3	0	14	5	7	0	109
gi|76801589|ref|YP_326597.1|_751-860_2C2A:A:321-481	0	7	2	3	0	13	4	10	0	161
gi|76801589|ref|YP_326597.1|_336-512_1F5M:A:	2	6	2	4	0	18	12	9	0	176
gi|76801590|ref|YP_326598.1|_1-257_2DEK:A:1-265	7	12	5	10	0	28	14	14	0	265
gi|76801591|ref|YP_326599.1|_85-344_2FRN:A:19-278	0	13	3	6	0	25	10	16	0	260
gi|76801592|ref|YP_326600.1|_88-143_1ISU:A:	8	2	1	1	0	12	4	8	0	62
gi|76801594|ref|YP_326602.1|_1-138_1MJH:A:	0	5	1	4	0	16	7	5	0	160
gi|76801594|ref|YP_326602.1|_147-269_1TQ8:A:	1	5	0	5	0	9	5	6	0	162
gi|76801596|ref|YP_326604.1|_12-229_1X42:A:1-230	7	6	3	10	0	19	10	14	0	230
gi|76801597|ref|YP_326605.1|_21-318_2GMN:A:29-292	0	12	6	7	0	26	12	19	0	264
gi|76801598|ref|YP_326606.1|_8-249_1YXM:A:7-303	4	7	7	9	0	27	14	20	0	297
gi|76801599|ref|YP_326607.1|_4-330_1F07:A:	3	9	1	14	0	32	15	15	0	321
gi|76801600|ref|YP_326608.1|_6-186_1Q6Z:A:2-181	2	6	5	7	0	17	8	12	0	180
gi|76801600|ref|YP_326608.1|_394-562_1Q6Z:A:342-524	4	6	1	8	0	22	11	10	0	183
gi|76801600|ref|YP_326608.1|_166-363_2C31:A:195-369	1	5	5	6	0	18	11	9	0	175
gi|76801601|ref|YP_326609.1|_8-186_1WDK:A:311-496	0	8	3	6	0	20	12	8	0	186
gi|76801601|ref|YP_326609.1|_188-285_1F0Y:A:204-302	3	0	1	5	0	8	3	5	0	99
gi|76801602|ref|YP_326610.1|_8-366_1M7V:A:	5	16	8	10	0	44	19	17	0	362
gi|76801604|ref|YP_326612.1|_401-559_1VHM:A:	0	6	1	4	0	11	11	10	0	159
gi|76801604|ref|YP_326612.1|_880-1014_1ID0:A:	0	7	2	3	0	16	7	7	0	146
gi|76801604|ref|YP_326612.1|_289-405_1V9Y:A:	2	5	3	3	0	10	6	6	0	113
gi|76801604|ref|YP_326612.1|_666-793_1EW0:A:	2	5	2	5	0	11	8	8	0	130
gi|76801604|ref|YP_326612.1|_565-666_1EW0:A:	2	5	2	5	0	11	8	8	0	130
gi|76801604|ref|YP_326612.1|_145-299_2K2N:A:31-200	1	5	1	4	0	22	14	6	0	170
gi|76801604|ref|YP_326612.1|_789-856_2C2A:A:232-320	0	0	1	3	0	3	0	4	0	89
gi|76801605|ref|YP_326613.1|_288-434_2C2A:A:321-481	0	7	2	3	0	13	4	10	0	161
gi|76801605|ref|YP_326613.1|_79-207_1EW0:A:	2	5	2	5	0	11	8	8	0	130
gi|76801605|ref|YP_326613.1|_1-88_1V9Y:A:	2	5	3	3	0	10	6	6	0	113
gi|76801606|ref|YP_326614.1|_3-239_1QG8:A:	2	9	4	8	0	22	13	12	0	255
gi|76801607|ref|YP_326615.1|_152-374_2HY1:A:10-265	5	11	0	6	0	28	15	11	0	256
gi|76801608|ref|YP_326616.1|_118-412_1PSW:A:	0	12	6	13	0	35	21	21	0	348
gi|76801609|ref|YP_326617.1|_19-376_2BIS:A:1-437	4	17	6	16	0	48	27	24	0	437
gi|76801611|ref|YP_326619.1|_12-95_1ZYL:A:4-328	4	10	3	11	0	33	21	18	0	325
gi|76801612|ref|YP_326620.1|_1-353_2F9F:A:2-167	2	6	1	7	0	19	11	10	0	166
gi|76801613|ref|YP_326621.1|_7-184_1VE3:A:2-227	0	10	2	7	0	20	9	11	0	226
gi|76801614|ref|YP_326622.1|_3-74,124-242_3ADK:A:	0	5	0	10	0	16	8	12	0	194
gi|76801615|ref|YP_326623.1|_14-227,261-454_1UC2:A:	5	19	8	14	0	50	32	24	0	480
gi|76801620|ref|YP_326628.1|_279-472_1W96:A:184-450	2	10	2	9	0	30	12	15	0	267
gi|76801620|ref|YP_326628.1|_955-1032_1ZYM:A:3-21,A:145-249	1	6	3	4	0	20	9	4	1	124
gi|76801620|ref|YP_326628.1|_4-234_1HV9:A:4-251	0	11	6	7	0	28	14	14	0	248
gi|76801621|ref|YP_326629.1|_25-206_1QDL:B:	1	9	0	6	0	17	14	12	0	195
gi|76801622|ref|YP_326630.1|_2-240_1JYK:A:	2	15	5	6	0	27	12	16	0	253
gi|76801628|ref|YP_326636.1|_74-301_1EQJ:A:77-310	2	8	2	8	0	31	15	12	0	234
gi|76801628|ref|YP_326636.1|_4-74,299-504_1EQJ:A:3-76,A:311-510	6	8	4	9	0	34	20	17	1	274
gi|76801629|ref|YP_326637.1|_10-196_2FUK:A:3-220	2	8	1	5	0	26	14	17	0	218
gi|76801630|ref|YP_326638.1|_15-277_2VO1:A:1-273	0	7	4	8	0	19	11	7	0	273
gi|76801630|ref|YP_326638.1|_301-538_1VCO:A:298-547	4	12	3	7	0	21	13	17	0	250
gi|76801631|ref|YP_326639.1|_4-221_1GPM:A:208-404	0	5	1	8	0	15	5	8	0	197
gi|76801631|ref|YP_326639.1|_190-305_1GPM:A:405-525	2	4	2	2	0	9	6	7	0	121
gi|76801633|ref|YP_326641.1|_2-208_2GMN:A:29-292	0	12	6	7	0	26	12	19	0	264
gi|76801634|ref|YP_326642.1|_123-324_1T72:A:	0	0	1	7	0	8	2	5	0	226
gi|76801635|ref|YP_326643.1|_49-303_1TWY:A:	4	13	2	8	0	31	13	17	0	249
gi|76801636|ref|YP_326644.1|_20-293_3DHW:A:6-208	0	0	1	9	0	11	7	9	0	203
gi|76801637|ref|YP_326645.1|_24-292_3DHW:A:6-208	0	0	1	9	0	11	7	9	0	203
gi|76801638|ref|YP_326646.1|_37-277_3DHW:C:1-240	3	10	1	7	0	21	17	12	0	240
gi|76801639|ref|YP_326647.1|_4-221_1T72:A:	0	0	1	7	0	8	2	5	0	226
gi|76801640|ref|YP_326648.1|_4-174_2GZ1:A:2-127,A:330-357	1	7	2	4	0	19	10	9	1	152
gi|76801640|ref|YP_326648.1|_149-327_2GZ1:A:128-329	7	6	3	5	0	24	11	11	0	202
gi|76801641|ref|YP_326649.1|_3-58_1RQ6:A:	0	0	0	3	0	4	2	3	0	62
gi|76801642|ref|YP_326650.1|_8-647_2B3Y:A:2-630	5	25	11	23	0	64	33	40	0	629
gi|76801642|ref|YP_326650.1|_651-912_2B3Y:A:631-889	5	11	3	9	0	33	17	19	0	259
gi|76801643|ref|YP_326651.1|_3-223_1JI0:A:	2	10	1	10	0	19	14	15	0	240
gi|76801644|ref|YP_326652.1|_25-255_1G6H:A:	2	11	5	9	0	21	16	17	0	254
gi|76801647|ref|YP_326655.1|_38-375_1QO0:A:	5	15	2	12	0	40	23	19	0	373
gi|76801649|ref|YP_326657.1|_9-130_4UBP:B:	0	10	2	1	0	21	10	12	0	122
gi|76801650|ref|YP_326658.1|_136-434,483-570_4UBP:C:132-434,C:484-570	6	12	3	15	0	40	24	30	1	390
gi|76801650|ref|YP_326658.1|_4-111,412-478_4UBP:C:1-131,C:435-483	6	12	2	1	0	28	11	16	1	180
gi|76801651|ref|YP_326659.1|_1-102_4UBP:A:	2	2	2	4	0	8	3	4	0	100
gi|76801652|ref|YP_326660.1|_5-201_2QM8:A:5-327	5	7	4	12	0	24	16	16	0	326
gi|76801654|ref|YP_326662.1|_28-81_1EAR:A:1-74	0	7	2	0	0	14	6	2	0	74
gi|76801656|ref|YP_326664.1|_4-185_2IML:A:1-189	2	8	2	5	0	15	7	7	0	188
gi|76801658|ref|YP_326666.1|_76-237_1VHN:A:	0	9	3	14	0	31	18	15	0	317
gi|76801659|ref|YP_326667.1|_2-81,113-326_2FFE:A:1-309	4	12	1	12	0	31	18	20	0	308
gi|76801660|ref|YP_326668.1|_2-390_2HEK:A:1-369	2	9	4	20	0	25	19	23	0	369
gi|76801661|ref|YP_326669.1|_43-291_2IMR:A:91-398	4	8	4	16	0	34	17	17	0	308
gi|76801661|ref|YP_326669.1|_5-43,293-336_1K1D:A:1-52,A:385-460	3	9	0	0	0	19	9	7	1	128
gi|76801662|ref|YP_326670.1|_1-137_1WJG:A:	0	5	1	4	0	15	7	4	0	135
gi|76801664|ref|YP_326672.1|_4-214_1VPL:A:	2	10	2	9	0	18	9	15	0	238
gi|76801666|ref|YP_326674.1|_30-123_1SR3:A:	2	6	0	1	0	17	12	7	0	114
gi|76801667|ref|YP_326675.1|_226-399_1SOX:A:94-343	1	13	5	6	0	31	18	16	0	250
gi|76801667|ref|YP_326675.1|_411-505_1SOX:A:344-466	3	9	1	0	0	21	10	7	0	123
gi|76801670|ref|YP_326678.1|_2-414_1KL1:A:	2	15	5	16	0	44	22	22	0	405
gi|76801671|ref|YP_326679.1|_4-122,159-188,217-363_1Q1R:A:115-247	0	8	1	4	0	15	8	9	0	133
gi|76801671|ref|YP_326679.1|_343-464_1NHP:A:322-447	3	5	0	4	0	15	3	10	0	126
gi|76801672|ref|YP_326680.1|_121-287_1A4I:A:127-296	4	5	1	6	0	22	8	10	0	170
gi|76801672|ref|YP_326680.1|_1-120_1B0A:A:2-122	0	5	0	4	0	16	4	9	0	121
gi|76801673|ref|YP_326681.1|_41-143_1VCD:A:1-126	1	7	0	3	0	16	6	5	0	126
gi|76801675|ref|YP_326683.1|_727-812_1QMU:A:305-383	2	9	0	0	0	10	3	5	0	79
gi|76801675|ref|YP_326683.1|_635-723_2B59:B:8-103	0	10	0	1	0	12	7	4	0	96
gi|76801675|ref|YP_326683.1|_35-201_1NHC:A:	2	29	2	2	0	43	29	13	0	336
gi|76801675|ref|YP_326683.1|_548-626_1QMU:A:305-383	2	9	0	0	0	10	3	5	0	79
gi|76801676|ref|YP_326684.1|_25-205_1NT2:A:	0	12	2	6	0	21	11	14	0	209
gi|76801677|ref|YP_326685.1|_76-274_1NT2:B:	2	2	1	13	0	18	14	11	0	256
gi|76801678|ref|YP_326686.1|_14-113_1WIK:A:	0	4	0	5	0	14	12	6	0	108
gi|76801684|ref|YP_326692.1|_15-139_1V70:A:	0	9	0	1	0	15	6	5	0	105
gi|76801695|ref|YP_326703.1|_1-116_1U0S:Y:	0	5	1	5	0	15	5	4	0	118
gi|76801696|ref|YP_326704.1|_195-382_1XKR:A:	0	8	1	5	0	16	8	7	0	205
gi|76801696|ref|YP_326704.1|_2-180_1XKR:A:	0	8	1	5	0	16	8	7	0	205
gi|76801697|ref|YP_326705.1|_13-163_2F9Z:C:1-157	2	10	2	2	0	19	7	6	0	157
gi|76801700|ref|YP_326708.1|_2-133_1GPJ:A:144-302	2	6	2	6	0	18	12	7	0	159
gi|76801701|ref|YP_326709.1|_129-205_1ULY:A:	1	4	1	8	0	12	7	8	0	190
gi|76801701|ref|YP_326709.1|_63-115_2HTJ:A:1-73	0	2	1	3	0	8	7	2	0	73
gi|76801702|ref|YP_326710.1|_14-115_1V70:A:	0	9	0	1	0	15	6	5	0	105
gi|76801703|ref|YP_326711.1|_99-151,192-297,398-409_1A06:A:	4	8	4	10	0	29	20	14	0	307
gi|76801704|ref|YP_326712.1|_1-240_1V7Z:A:	8	5	6	8	0	30	14	10	0	257
gi|76801707|ref|YP_326715.1|_196-263_1IWL:A:	0	12	3	3	0	15	10	7	0	182
gi|76801708|ref|YP_326716.1|_1-197_1W5B:A:23-231	0	6	3	10	0	15	8	9	0	209
gi|76801710|ref|YP_326718.1|_1-233_1VJN:A:	2	14	1	3	0	24	15	9	0	219
gi|76801711|ref|YP_326719.1|_48-251_1I7O:A:214-429	6	15	5	3	0	34	15	10	0	216
gi|76801713|ref|YP_326721.1|_5-195_1E5K:A:	0	9	1	7	0	22	13	14	0	188
gi|76801714|ref|YP_326722.1|_11-354_1FG7:A:	0	13	5	12	0	36	22	23	0	354
gi|76801715|ref|YP_326723.1|_1-152_1Y63:A:	0	5	2	7	0	14	11	7	0	174
gi|76801717|ref|YP_326725.1|_94-153_1X57:A:8-85	2	0	0	4	0	8	5	5	0	78
gi|76801722|ref|YP_326730.1|_15-232_1TF7:A:14-255	0	11	1	7	0	23	21	15	0	242
gi|76801723|ref|YP_326731.1|_152-532_1G6O:A:	2	13	3	9	0	31	22	19	0	323
gi|76801725|ref|YP_326733.1|_202-289_1BJA:A:	1	2	0	6	0	7	4	7	0	95
gi|76801728|ref|YP_326736.1|_12-432_1OYZ:A:	0	0	3	17	0	21	10	14	0	276
gi|76801729|ref|YP_326737.1|_73-254_1AF7:A:92-284	0	10	3	6	0	20	12	12	0	193
gi|76801729|ref|YP_326737.1|_5-72_1AF7:A:11-91	0	0	1	4	0	6	0	3	0	81
gi|76801730|ref|YP_326738.1|_423-605_1B3Q:A:355-539	0	7	1	7	0	11	10	12	0	185
gi|76801730|ref|YP_326738.1|_4-124_1TQG:A:	0	0	0	4	0	5	1	4	0	104
gi|76801730|ref|YP_326738.1|_607-757_1B3Q:A:540-671	2	11	2	2	0	12	7	7	0	132
gi|76801730|ref|YP_326738.1|_361-421_1B3Q:A:293-354	0	1	0	2	0	2	1	1	0	62
gi|76801730|ref|YP_326738.1|_180-254_1U0S:A:	0	4	0	3	0	9	6	4	0	86
gi|76801731|ref|YP_326739.1|_167-352_1CHD:A:	7	9	2	6	0	20	10	15	0	198
gi|76801731|ref|YP_326739.1|_8-110_1U0S:Y:	0	5	1	5	0	15	5	4	0	118
gi|76801732|ref|YP_326740.1|_339-373,480-748_2CH7:B:225-529	0	0	1	4	0	2	1	4	0	308
gi|76801733|ref|YP_326741.1|_11-485_1UC2:A:	5	19	8	14	0	50	32	24	0	480
gi|76801734|ref|YP_326742.1|_21-254_1N3B:A:	0	5	2	8	0	16	7	7	0	204
gi|76801735|ref|YP_326743.1|_2-212_1HG3:A:	4	8	2	9	0	24	19	13	0	224
gi|76801737|ref|YP_326745.1|_161-306_1KV9:A:1-560	8	39	7	5	0	72	35	35	0	560
gi|76801737|ref|YP_326745.1|_45-202_1KV9:A:1-560	8	39	7	5	0	72	35	35	0	560
gi|76801737|ref|YP_326745.1|_273-387_1G72:A:	6	38	10	5	0	74	38	44	0	571
gi|76801739|ref|YP_326747.1|_2-325_1WPW:A:	1	12	3	11	0	30	15	18	0	336
gi|76801740|ref|YP_326748.1|_8-185_1V7L:A:	4	8	0	7	0	21	10	13	0	162
gi|76801741|ref|YP_326749.1|_4-467_1ACO:A:2-528	11	21	6	16	0	60	33	33	0	527
gi|76801743|ref|YP_326751.1|_5-184_1NP3:A:1-182	0	9	2	9	0	24	9	11	0	182
gi|76801743|ref|YP_326751.1|_185-329_1NP3:A:183-327	0	0	0	9	0	5	4	7	0	145
gi|76801744|ref|YP_326752.1|_46-119_2PC6:A:1-77	0	4	1	2	0	4	3	4	0	77
gi|76801744|ref|YP_326752.1|_122-200_2F1F:A:78-163	0	5	1	2	0	7	4	4	0	86
gi|76801745|ref|YP_326753.1|_381-571_1N0H:A:461-687	4	6	2	9	0	27	15	11	0	227
gi|76801745|ref|YP_326753.1|_207-372_1JSC:A:280-460	0	6	4	7	0	16	17	10	0	181
gi|76801745|ref|YP_326753.1|_23-197_1YBH:A:86-280	0	8	4	9	0	19	7	8	0	195
gi|76801747|ref|YP_326755.1|_4-145_1V3W:A:	4	20	0	1	0	34	5	15	0	173
gi|76801750|ref|YP_326758.1|_15-119,183-359_1AFW:A:294-417	3	4	3	4	0	12	4	7	0	124
gi|76801751|ref|YP_326759.1|_6-110_2GNR:A:8-144	1	11	1	2	0	19	6	6	0	137
gi|76801752|ref|YP_326760.1|_40-70_2CR8:A:8-48	2	2	0	0	0	10	4	1	0	40
gi|76801753|ref|YP_326761.1|_133-226_1AIS:B:1108-1205	0	0	0	5	0	7	1	6	0	98
gi|76801753|ref|YP_326761.1|_230-315_1AIS:B:1206-1300	0	0	1	5	0	7	1	6	0	95
gi|76801753|ref|YP_326761.1|_25-68_1PFT:A:	1	2	0	0	0	7	5	2	0	50
gi|76801754|ref|YP_326762.1|_6-253_1I01:A:	2	7	3	9	0	21	12	12	0	241
gi|76801755|ref|YP_326763.1|_13-355_2PPQ:A:5-320	7	9	3	9	0	29	14	15	0	316
gi|76801757|ref|YP_326765.1|_14-166_1IX5:A:	3	10	0	3	0	23	10	14	0	151
gi|76801758|ref|YP_326766.1|_45-251_2NR9:A:4-192	0	0	2	8	0	13	11	7	0	189
gi|76801759|ref|YP_326767.1|_11-383_1TE4:A:	0	0	3	6	0	11	9	5	0	111
gi|76801761|ref|YP_326769.1|_22-153_1WY7:A:4-204	0	7	3	6	0	16	10	11	0	201
gi|76801763|ref|YP_326771.1|_22-223_1QFE:A:	4	10	4	9	0	26	14	12	0	252
gi|76801765|ref|YP_326773.1|_5-243_1QG8:A:	2	9	4	8	0	22	13	12	0	255
gi|76801766|ref|YP_326774.1|_227-313_1AIS:B:1206-1300	0	0	1	5	0	7	1	6	0	95
gi|76801766|ref|YP_326774.1|_130-223_1AIS:B:1108-1205	0	0	0	5	0	7	1	6	0	98
gi|76801766|ref|YP_326774.1|_22-65_1PFT:A:	1	2	0	0	0	7	5	2	0	50
gi|76801768|ref|YP_326776.1|_1-257_1ZKP:A:1-244	6	14	2	7	0	29	13	18	0	244
gi|76801769|ref|YP_326777.1|_165-405_1OZ4:A:471-763	2	0	3	7	0	31	24	19	0	292
gi|76801770|ref|YP_326778.1|_4-303_1Y44:A:1-307	11	14	2	7	0	35	16	14	0	307
gi|76801771|ref|YP_326779.1|_3-148_1Q6W:A:	4	6	2	4	0	16	6	8	0	151
gi|76801772|ref|YP_326780.1|_4-88_1RHY:A:2-93	0	4	0	2	0	10	4	4	0	92
gi|76801772|ref|YP_326780.1|_89-180_2AE8:A:85-179	2	6	0	2	0	10	5	5	0	95
gi|76801773|ref|YP_326781.1|_7-259_1WDK:C:2-263	5	8	5	7	0	26	13	19	0	262
gi|76801773|ref|YP_326781.1|_262-382_1ULQ:A:276-400	2	4	2	4	0	11	5	8	0	125
gi|76801774|ref|YP_326782.1|_5-255_1T0T:V:	0	11	4	8	0	18	13	8	0	243
gi|76801774|ref|YP_326782.1|_515-596_1IUJ:A:	2	4	2	3	0	9	8	5	0	102
gi|76801777|ref|YP_326785.1|_202-265_1UM7:A:	5	3	0	3	0	16	8	4	0	112
gi|76801778|ref|YP_326786.1|_21-343_1IRX:A:3-319	4	13	2	11	0	32	19	14	0	317
gi|76801778|ref|YP_326786.1|_348-543_1IRX:A:320-523	1	0	1	10	0	17	12	9	0	204
gi|76801779|ref|YP_326787.1|_1-224_2IJ9:A:1-219	3	7	0	8	0	24	13	9	0	219
gi|76801780|ref|YP_326788.1|_134-260_1FM0:E:	0	8	0	4	0	13	4	5	0	149
gi|76801783|ref|YP_326791.1|_127-273_1VQV:A:138-300	1	7	2	6	0	21	13	5	0	163
gi|76801783|ref|YP_326791.1|_16-124_1VQV:A:1-137	5	5	0	3	0	13	6	7	0	137
gi|76801784|ref|YP_326792.1|_2-150_2V7F:A:2-150	1	2	2	6	0	12	6	6	0	149
gi|76801786|ref|YP_326794.1|_107-302_1B6R:A:79-276	1	10	3	5	0	16	8	10	0	198
gi|76801786|ref|YP_326794.1|_7-103_1EYZ:A:2-112	1	5	1	4	0	14	8	7	0	111
gi|76801786|ref|YP_326794.1|_307-365_1B6R:A:277-355	0	3	2	2	0	9	6	4	0	79
gi|76801787|ref|YP_326795.1|_81-172_2HPU:A:35-160	0	7	3	3	0	17	13	5	0	126
gi|76801788|ref|YP_326796.1|_29-201_1O4V:A:	0	5	1	6	0	16	3	8	0	169
gi|76801790|ref|YP_326798.1|_37-184_2FUG:6:15-175	2	4	2	5	0	17	14	7	0	161
gi|76801791|ref|YP_326799.1|_194-556_2FUG:4:35-409	3	7	3	13	0	39	26	18	0	375
gi|76801791|ref|YP_326799.1|_21-198_2FUG:5:1-196	0	7	0	4	0	27	19	10	0	196
gi|76801793|ref|YP_326801.1|_25-119_2FUG:9:26-179	5	7	1	3	0	27	18	9	0	154
gi|76801801|ref|YP_326809.1|_152-434_1K23:A:	0	11	4	11	0	29	20	17	0	307
gi|76801801|ref|YP_326809.1|_2-96_2FY8:A:116-244	0	6	2	6	0	14	10	7	0	130
gi|76801802|ref|YP_326810.1|_12-132_2EF7:A:1-127	5	7	2	4	0	12	7	10	0	127
gi|76801802|ref|YP_326810.1|_156-236_1VZ0:A:23-115	0	5	1	3	0	7	3	2	0	93
gi|76801803|ref|YP_326811.1|_3-554_7REQ:A:4-560	4	12	7	20	0	55	25	35	0	557
gi|76801804|ref|YP_326812.1|_1-197_1MV8:A:1-202	4	8	0	9	0	22	14	13	0	202
gi|76801804|ref|YP_326812.1|_311-420_1DLJ:A:295-402	0	5	1	3	0	17	10	6	0	108
gi|76801804|ref|YP_326812.1|_208-304_1MV8:A:203-300	0	0	1	4	0	6	5	6	0	98
gi|76801805|ref|YP_326813.1|_1-196_2QMM:A:95-288	0	10	1	5	0	19	13	8	0	194
gi|76801820|ref|YP_326828.1|_36-183_1GDT:A:1-140	1	4	2	4	0	11	5	7	0	140
gi|76801821|ref|YP_326829.1|_12-206_1AZO:A:	3	8	2	7	0	30	11	14	0	226
gi|76801822|ref|YP_326830.1|_21-106,139-311_1G60:A:	6	8	2	7	0	28	13	9	0	256
gi|76801825|ref|YP_326833.1|_14-77_2F2E:A:5-146	3	4	1	6	0	17	8	8	0	142
gi|76801826|ref|YP_326834.1|_31-107_2ESH:A:4-117	1	2	0	4	0	9	4	3	0	114
gi|76801828|ref|YP_326836.1|_16-333_1A0P:A:111-292	4	3	3	8	0	17	7	7	0	182
gi|76801831|ref|YP_326839.1|_5-114,142-307_1NIJ:A:2-223	0	9	2	7	0	28	21	11	0	222
gi|76801833|ref|YP_326841.1|_113-237_1TQ8:A:	1	5	0	5	0	9	5	6	0	162
gi|76801835|ref|YP_326843.1|_245-594_1MOQ:A:	1	12	7	13	0	28	17	19	0	366
gi|76801835|ref|YP_326843.1|_2-232_1XFF:A:	1	15	3	5	0	29	16	11	0	238
gi|76801836|ref|YP_326844.1|_5-304_1LVW:A:	1	14	3	11	0	29	22	21	0	294
gi|76801836|ref|YP_326844.1|_250-395_1HV9:A:252-452	3	24	0	0	0	46	11	16	0	201
gi|76801838|ref|YP_326846.1|_276-393_2EY4:A:8-252	1	11	4	7	0	24	15	15	0	245
gi|76801839|ref|YP_326847.1|_3-202_1IO2:A:	2	5	2	9	0	23	13	9	0	213
gi|76801840|ref|YP_326848.1|_38-416_1TV8:A:	4	11	4	10	0	39	20	20	0	327
gi|76801842|ref|YP_326850.1|_40-320_1R30:A:	5	9	1	11	0	35	25	12	0	312
gi|76801843|ref|YP_326851.1|_1-195_2I5E:A:1-208	0	9	3	6	0	25	14	9	0	208
gi|76801845|ref|YP_326853.1|_1-197_1W5B:A:23-231	0	6	3	10	0	15	8	9	0	209
gi|76801846|ref|YP_326854.1|_2-253_1VL0:A:	5	12	1	11	0	29	19	11	0	291
gi|76801847|ref|YP_326855.1|_2-128_1ZKI:A:4-129	2	6	2	2	0	13	7	4	0	126
gi|76801848|ref|YP_326856.1|_242-525_1EVL:A:242-532	6	15	4	9	0	32	14	16	0	291
gi|76801848|ref|YP_326856.1|_66-240_1NYR:A:63-241	0	8	1	5	0	17	11	8	0	179
gi|76801848|ref|YP_326856.1|_530-633_1NYR:A:533-645	0	5	0	5	0	10	5	7	0	113
gi|76801848|ref|YP_326856.1|_4-63_1QF6:A:2-62	2	6	0	2	0	13	5	4	0	61
gi|76801850|ref|YP_326858.1|_101-267_1O4U:A:104-273	0	7	2	6	0	15	10	10	0	170
gi|76801850|ref|YP_326858.1|_5-100_1QPO:A:2-116	0	5	0	4	0	11	3	5	0	115
gi|76801851|ref|YP_326859.1|_4-252,338-390_1CHU:A:2-237,A:354-422	6	12	4	6	0	30	16	12	1	305
gi|76801851|ref|YP_326859.1|_223-334_1CHU:A:238-353	2	4	2	4	0	18	7	10	0	116
gi|76801851|ref|YP_326859.1|_416-493_1CHU:A:423-533	6	1	0	3	0	11	4	3	0	111
gi|76801852|ref|YP_326860.1|_42-378_1WZU:A:1-298	1	12	1	14	0	30	18	15	0	298
gi|76801853|ref|YP_326861.1|_63-117,186-459_2Q09:A:66-366	4	9	1	15	0	25	13	19	0	301
gi|76801853|ref|YP_326861.1|_3-64,458-499_1O12:A:1-43,A:332-364	1	7	0	0	0	8	4	5	1	76
gi|76801854|ref|YP_326862.1|_4-123,237-392_1HW8:A:441-586,A:704-861	4	7	3	10	0	18	15	19	1	304
gi|76801854|ref|YP_326862.1|_127-239_1DQA:A:587-703	1	6	0	4	0	10	6	5	0	117
gi|76801858|ref|YP_326866.1|_8-414_1PB1:A:	2	18	4	13	0	49	20	20	0	416
gi|76801859|ref|YP_326867.1|_4-142,170-290_1K2X:A:,B:	4	13	2	9	0	28	12	18	1	291
gi|76801862|ref|YP_326870.1|_5-208_1SOU:A:	3	10	3	5	0	28	20	1	0	193
gi|76801864|ref|YP_326872.1|_2-215_1VPL:A:	2	10	2	9	0	18	9	15	0	238
gi|76801867|ref|YP_326875.1|_131-248_2CUA:B:	4	10	2	0	0	15	9	9	0	135
gi|76801867|ref|YP_326875.1|_27-102_1M56:B:30-129	2	0	0	2	0	8	6	3	0	100
gi|76801868|ref|YP_326876.1|_24-284_1QLE:C:	2	0	1	9	1	18	10	13	0	273
gi|76801871|ref|YP_326879.1|_51-542_1OCR:A:	5	1	6	21	0	35	23	27	0	514
gi|76801874|ref|YP_326882.1|_200-390_1IWG:A:7-37,A:331-498	0	0	1	8	0	9	7	9	1	199
gi|76801874|ref|YP_326882.1|_618-811_1IWG:A:7-37,A:331-498	0	0	1	8	0	9	7	9	1	199
gi|76801876|ref|YP_326884.1|_3-76_1RKT:A:2-82	0	0	0	4	0	6	4	5	0	81
gi|76801878|ref|YP_326886.1|_2-75_1RI7:A:85-170	0	4	0	2	0	8	5	5	0	86
gi|76801879|ref|YP_326887.1|_159-336_2YVX:A:276-448	0	0	1	5	0	10	9	7	0	173
gi|76801879|ref|YP_326887.1|_9-143_2YVX:A:132-275	10	5	1	4	0	20	17	6	0	144
gi|76801880|ref|YP_326888.1|_4-76_1RI7:A:85-170	0	4	0	2	0	8	5	5	0	86
gi|76801881|ref|YP_326889.1|_20-111_1V70:A:	0	9	0	1	0	15	6	5	0	105
gi|76801882|ref|YP_326890.1|_1-194_4TMK:A:	0	5	0	9	0	16	8	12	0	210
gi|76801883|ref|YP_326891.1|_128-328_1JPD:X:114-321	4	11	4	7	0	26	18	11	0	208
gi|76801883|ref|YP_326891.1|_3-119_1JPD:X:2-113	4	11	4	7	0	26	18	11	0	208
gi|76801884|ref|YP_326892.1|_3-336_2G0T:A:1-338	3	13	5	11	0	38	23	17	0	338
gi|76801885|ref|YP_326893.1|_174-287_1DT9:A:143-276	0	5	0	4	0	15	13	7	0	134
gi|76801888|ref|YP_326896.1|_2-76_2P4W:A:1-194	2	5	0	8	0	12	7	8	0	197
gi|76801888|ref|YP_326896.1|_216-261_1JHF:A:2-72	0	2	0	3	0	6	4	2	0	71
gi|76801889|ref|YP_326897.1|_71-410_2D6F:A:84-435	4	18	5	9	0	41	21	20	0	352
gi|76801889|ref|YP_326897.1|_1-52_2D6F:A:2-73	0	5	0	1	0	12	4	5	0	72
gi|76801890|ref|YP_326898.1|_3-134_2FE7:A:3-158	0	7	3	5	0	12	3	9	0	156
gi|76801893|ref|YP_326901.1|_1-93_1V8C:A:1-87	2	8	3	3	0	12	4	7	0	87
gi|76801896|ref|YP_326904.1|_284-434_2Q07:A:244-393	0	5	2	5	0	13	11	5	0	150
gi|76801896|ref|YP_326904.1|_1-261_1IQ8:A:6-360	5	11	2	16	0	33	19	18	0	355
gi|76801896|ref|YP_326904.1|_263-294,328-364,438-510_1IQ8:A:361-505	0	8	3	3	0	16	11	9	0	145
gi|76801896|ref|YP_326904.1|_518-581_2Q07:A:460-527	0	6	1	1	0	10	6	2	0	68
gi|76801897|ref|YP_326905.1|_1-358_1IQ8:A:6-360	5	11	2	16	0	33	19	18	0	355
gi|76801897|ref|YP_326905.1|_363-464_1IQ8:A:361-505	0	8	3	3	0	16	11	9	0	145
gi|76801898|ref|YP_326906.1|_78-304_1TF7:A:14-255	0	11	1	7	0	23	21	15	0	242
gi|76801899|ref|YP_326907.1|_4-258_1U0T:A:	0	20	3	5	0	30	14	14	0	302
gi|76801901|ref|YP_326909.1|_9-121_1P97:A:	0	5	0	4	0	12	9	7	0	113
gi|76801901|ref|YP_326909.1|_322-460_1YSR:A:299-446	0	7	1	4	0	11	6	6	0	148
gi|76801901|ref|YP_326909.1|_115-243_1V9Y:A:	2	5	3	3	0	10	6	6	0	113
gi|76801902|ref|YP_326910.1|_4-91_2P4W:A:1-194	2	5	0	8	0	12	7	8	0	197
gi|76801902|ref|YP_326910.1|_125-266_2F5T:X:110-246	0	8	2	3	0	12	8	6	0	137
gi|76801903|ref|YP_326911.1|_154-451_1VD5:A:	13	7	2	13	0	34	22	22	0	377
gi|76801903|ref|YP_326911.1|_7-110_1FB6:A:	0	5	0	4	0	11	2	7	0	104
gi|76801904|ref|YP_326912.1|_361-546_1IWG:A:7-37,A:331-498	0	0	1	8	0	9	7	9	1	199
gi|162329650|ref|YP_326913.2|_115-309_1IWG:A:7-37,A:331-498	0	0	1	8	0	9	7	9	1	199
gi|76801909|ref|YP_326917.1|_25-115_1ULY:A:	1	4	1	8	0	12	7	8	0	190
gi|76801910|ref|YP_326918.1|_35-199_1V58:A:62-230	1	5	1	7	0	12	10	10	0	169
gi|76801911|ref|YP_326919.1|_3-284_1WXQ:A:1-319	2	8	3	10	0	30	20	14	0	319
gi|76801911|ref|YP_326919.1|_331-393_1WXQ:A:320-395	1	4	0	2	0	9	4	5	0	76
gi|76801912|ref|YP_326920.1|_15-442_1BU7:A:	0	12	10	16	0	39	22	21	0	455
gi|76801913|ref|YP_326921.1|_32-373_1W85:A:	3	8	5	13	0	39	20	23	0	365
gi|76801915|ref|YP_326923.1|_171-358_1JCF:A:141-336	2	9	2	9	0	18	11	7	0	196
gi|76801917|ref|YP_326925.1|_1-139_1WJG:A:	0	5	1	4	0	15	7	4	0	135
gi|76801921|ref|YP_326929.1|_13-109_2P4W:A:1-194	2	5	0	8	0	12	7	8	0	197
gi|76801922|ref|YP_326930.1|_2-140_1MJH:A:	0	5	1	4	0	16	7	5	0	160
gi|76801923|ref|YP_326931.1|_36-234_1NR9:A:	10	14	4	4	0	31	13	9	0	222
gi|76801924|ref|YP_326932.1|_2-226_2F20:A:2-232	5	13	7	8	0	28	8	14	0	231
gi|76801928|ref|YP_326936.1|_10-106_1NWB:A:	0	6	1	1	0	12	5	5	0	101
gi|76801930|ref|YP_326938.1|_2-65_1MOG:A:	0	3	0	1	0	8	4	1	0	67
gi|76801931|ref|YP_326939.1|_13-373_1VJO:A:	2	14	3	12	0	43	22	18	0	377
gi|76801933|ref|YP_326941.1|_31-56_2IV2:X:565-715	0	6	1	3	0	18	8	7	0	151
gi|76801934|ref|YP_326942.1|_13-314_1Q16:B:	6	16	7	21	0	67	30	41	0	509
gi|76801935|ref|YP_326943.1|_42-67,101-242_1N1C:A:	2	0	4	10	0	11	9	4	0	216
gi|76801937|ref|YP_326945.1|_3-229_2Z1A:A:28-329	3	16	3	9	0	37	21	18	0	302
gi|76801937|ref|YP_326945.1|_260-459_2Z1A:A:330-534	2	12	4	8	0	20	13	12	0	205
gi|76801939|ref|YP_326947.1|_67-219_1WIN:A:	0	6	0	5	0	15	6	3	0	142
gi|76801940|ref|YP_326948.1|_10-107_1JMV:A:	0	6	1	5	0	12	4	5	0	140
gi|76801941|ref|YP_326949.1|_184-292_2OAU:A:180-280	1	4	0	2	0	10	4	5	0	101
gi|76801941|ref|YP_326949.1|_112-179_2OAU:A:113-179	0	5	0	2	0	7	5	3	0	67
gi|76801941|ref|YP_326949.1|_26-106_2OAU:A:27-112	0	0	0	3	0	3	0	1	0	86
gi|76801942|ref|YP_326950.1|_1-103_1VR4:A:1-103	2	5	2	2	0	8	4	5	0	103
gi|76801945|ref|YP_326953.1|_3-229_1AFW:A:294-417	3	4	3	4	0	12	4	7	0	124
gi|76801945|ref|YP_326953.1|_247-374_1WDK:C:264-391	2	4	3	5	0	10	4	7	0	128
gi|76801946|ref|YP_326954.1|_2-160_1HNJ:A:1-174	1	8	2	7	0	21	11	7	0	174
gi|76801946|ref|YP_326954.1|_346-457_2GNR:A:8-144	1	11	1	2	0	19	6	6	0	137
gi|76801946|ref|YP_326954.1|_213-323_1HNJ:A:175-317	2	6	4	4	0	18	5	6	0	143
gi|76801947|ref|YP_326955.1|_327-620_2CH7:B:225-529	0	0	1	4	0	2	1	4	0	308
gi|76801948|ref|YP_326956.1|_8-260_1ULQ:A:3-275	4	10	3	8	0	29	17	14	0	273
gi|76801948|ref|YP_326956.1|_262-380_1ULQ:A:276-400	2	4	2	4	0	11	5	8	0	125
gi|76801949|ref|YP_326957.1|_5-141_1MJH:A:	0	5	1	4	0	16	7	5	0	160
gi|76801950|ref|YP_326958.1|_5-382_1PW4:A:	2	0	1	18	0	21	18	22	0	450
gi|76801951|ref|YP_326959.1|_66-249_1MKM:A:76-246	0	6	1	5	0	15	11	6	0	171
gi|76801951|ref|YP_326959.1|_11-81_1MKM:A:1-75	1	2	0	4	0	9	3	5	0	75
gi|76801952|ref|YP_326960.1|_3-233_1SIQ:A:3-238	4	9	4	7	0	21	11	19	0	236
gi|76801952|ref|YP_326960.1|_234-382_1SIQ:A:239-392	0	2	3	5	0	5	7	4	0	154
gi|76801953|ref|YP_326961.1|_39-337_1US5:A:	3	10	2	12	0	29	18	20	0	298
gi|76801955|ref|YP_326963.1|_4-521_1V25:A:	8	24	4	16	0	59	31	33	0	534
gi|76801956|ref|YP_326964.1|_3-240_1JQI:A:4-234	3	8	4	7	0	17	12	12	0	231
gi|76801956|ref|YP_326964.1|_226-379_2D29:A:235-387	1	2	3	5	0	4	4	6	0	153
gi|76801957|ref|YP_326965.1|_3-182_1WDK:A:311-496	0	8	3	6	0	20	12	8	0	186
gi|76801957|ref|YP_326965.1|_184-286_3HDH:A:204-302	3	0	1	5	0	8	3	5	0	99
gi|76801958|ref|YP_326966.1|_24-272_2DUB:A:	2	10	4	11	0	25	14	14	0	259
gi|76801959|ref|YP_326967.1|_1-310_1QLM:A:	0	12	5	13	0	24	18	18	0	316
gi|76801961|ref|YP_326969.1|_1-157_2EF7:A:1-127	5	7	2	4	0	12	7	10	0	127
gi|76801963|ref|YP_326971.1|_52-149_1S7B:A:	0	0	0	4	0	10	7	3	0	109
gi|76801963|ref|YP_326971.1|_199-295_1S7B:A:	0	0	0	4	0	10	7	3	0	109
gi|76801966|ref|YP_326974.1|_1-131_2CYE:A:1-132	3	6	2	2	0	12	4	7	0	132
gi|76801967|ref|YP_326975.1|_1-122_1F9Z:A:	0	8	0	2	0	15	7	7	0	135
gi|76801968|ref|YP_326976.1|_5-120_1TQ8:A:	1	5	0	5	0	9	5	6	0	162
gi|76801969|ref|YP_326977.1|_59-330_1TO2:E:	8	11	0	9	0	37	20	22	0	280
gi|76801969|ref|YP_326977.1|_1105-1191_1L0Q:A:302-391	2	8	0	0	0	14	8	3	0	90
gi|76801970|ref|YP_326978.1|_1013-1135_1N9L:A:	0	5	1	3	0	14	5	7	0	109
gi|76801970|ref|YP_326978.1|_1346-1491_2C2A:A:321-481	0	7	2	3	0	13	4	10	0	161
gi|76801970|ref|YP_326978.1|_761-884_1P97:A:	0	5	0	4	0	12	9	7	0	113
gi|76801970|ref|YP_326978.1|_526-640_1P97:A:	0	5	0	4	0	12	9	7	0	113
gi|76801970|ref|YP_326978.1|_904-1018_1P97:A:	0	5	0	4	0	12	9	7	0	113
gi|76801970|ref|YP_326978.1|_381-503_1EW0:A:	2	5	2	5	0	11	8	8	0	130
gi|76801970|ref|YP_326978.1|_1134-1263_1EW0:A:	2	5	2	5	0	11	8	8	0	130
gi|76801970|ref|YP_326978.1|_655-766_1P97:A:	0	5	0	4	0	12	9	7	0	113
gi|76801970|ref|YP_326978.1|_255-382_1P97:A:	0	5	0	4	0	12	9	7	0	113
gi|76801970|ref|YP_326978.1|_6-152_1NXO:A:	0	5	0	5	0	10	7	4	0	119
gi|76801970|ref|YP_326978.1|_134-256_1N9L:A:	0	5	1	3	0	14	5	7	0	109
gi|76801973|ref|YP_326981.1|_27-162_2IJQ:A:14-158	3	2	2	6	0	11	3	8	0	145
gi|76801974|ref|YP_326982.1|_4-62_2CFX:A:1-63	0	1	1	3	0	6	2	4	0	63
gi|76801975|ref|YP_326983.1|_2-63_1K0V:A:	0	4	0	2	0	9	2	5	0	72
gi|76801976|ref|YP_326984.1|_514-533,584-828_2B8E:A:416-434,A:548-663	2	6	0	6	1	16	9	5	1	135
gi|76801976|ref|YP_326984.1|_296-391_1SU4:A:125-239	2	9	3	0	0	21	10	7	0	115
gi|76801976|ref|YP_326984.1|_3-69_1JWW:A:	0	4	0	2	0	7	5	4	0	80
gi|76801976|ref|YP_326984.1|_71-142_1AW0:A:	0	4	0	2	0	7	1	5	0	72
gi|76801976|ref|YP_326984.1|_240-295,392-506_1SU4:A:1-124,A:240-343,A:751-994	1	1	8	18	0	32	20	22	2	472
gi|76801977|ref|YP_326985.1|_135-349_1QH5:A:	1	14	0	9	0	24	13	19	0	260
gi|76801977|ref|YP_326985.1|_11-113_1GMX:A:	0	7	1	5	0	15	6	5	0	108
gi|76801978|ref|YP_326986.1|_3-217_2AZN:A:6-224	2	9	2	5	0	26	15	11	0	219
gi|76801980|ref|YP_326988.1|_464-599_1WJG:A:	0	5	1	4	0	15	7	4	0	135
gi|76801980|ref|YP_326988.1|_604-721_1WJG:A:	0	5	1	4	0	15	7	4	0	135
gi|76801982|ref|YP_326990.1|_3-328_1TRB:A:1-118,A:245-316	3	11	3	3	0	23	12	9	1	190
gi|76801984|ref|YP_326992.1|_246-429_1JCF:A:141-336	2	9	2	9	0	18	11	7	0	196
gi|76801987|ref|YP_326995.1|_3-99_1UKU:A:	0	4	1	3	0	8	6	2	0	102
gi|76801989|ref|YP_326997.1|_36-169_1FJJ:A:	5	8	2	1	0	21	10	12	0	158
gi|76801991|ref|YP_326999.1|_1-139_1MJH:A:	0	5	1	4	0	16	7	5	0	160
gi|76801992|ref|YP_327000.1|_4-149_1VPM:A:	4	7	2	2	0	14	6	6	0	155
gi|76801996|ref|YP_327004.1|_4-407_1ITK:A:18-423	9	6	9	15	0	53	30	28	0	406
gi|76801996|ref|YP_327004.1|_407-712_1ITK:A:424-731	6	5	9	11	0	30	13	17	0	308
gi|76801997|ref|YP_327005.1|_4-137_7REQ:A:561-728	2	5	1	7	0	16	7	9	0	168
gi|76801998|ref|YP_327006.1|_5-335_2QM8:A:5-327	5	7	4	12	0	24	16	16	0	326
gi|76801999|ref|YP_327007.1|_35-304_1VJ5:A:226-547	0	8	9	13	0	29	21	23	0	321
gi|76802000|ref|YP_327008.1|_4-153_1QKK:A:	0	5	1	5	0	15	7	5	0	154
gi|76802000|ref|YP_327008.1|_156-290_3C2W:A:118-309	1	9	1	6	0	18	10	11	0	192
gi|76802001|ref|YP_327009.1|_9-194_1OGP:A:2-262	0	15	5	6	0	36	20	16	0	261
gi|76802002|ref|YP_327010.1|_1-43_2BJ7:A:1-50	0	1	0	2	0	3	2	2	0	50
gi|76802003|ref|YP_327011.1|_1-87_2GF4:A:1-89	0	0	0	4	0	6	2	7	0	89
gi|76802004|ref|YP_327012.1|_42-444_2EUA:A:2-429	3	19	1	11	0	33	24	20	0	428
gi|76802005|ref|YP_327013.1|_4-187_1YBH:A:86-280	0	8	4	9	0	19	7	8	0	195
gi|76802005|ref|YP_327013.1|_403-572_1UPA:A:375-572	4	6	4	8	0	22	12	9	0	198
gi|76802005|ref|YP_327013.1|_167-177,224-376_1Q6Z:A:182-341	1	6	0	6	0	24	16	7	0	160
gi|76802007|ref|YP_327015.1|_14-292_1Q52:A:	0	11	4	10	0	23	12	15	0	297
gi|76802010|ref|YP_327018.1|_111-329_1JPM:A:126-359	3	13	2	8	0	29	15	11	0	234
gi|76802010|ref|YP_327018.1|_2-105_1JPM:A:1-125	5	3	1	5	0	10	4	6	0	125
gi|76802011|ref|YP_327019.1|_3-486_1T5H:X:	5	27	4	15	0	56	23	34	0	503
gi|76802012|ref|YP_327020.1|_7-273_2HBV:A:3-333	5	12	6	13	0	33	18	26	0	331
gi|76802013|ref|YP_327021.1|_158-265_1N9L:A:	0	5	1	3	0	14	5	7	0	109
gi|76802013|ref|YP_327021.1|_262-390_1EW0:A:	2	5	2	5	0	11	8	8	0	130
gi|76802013|ref|YP_327021.1|_711-856_2C2A:A:321-481	0	7	2	3	0	13	4	10	0	161
gi|76802013|ref|YP_327021.1|_509-638_1P97:A:	0	5	0	4	0	12	9	7	0	113
gi|76802013|ref|YP_327021.1|_407-513_1OJ5:A:	2	6	0	3	0	13	4	5	0	109
gi|76802014|ref|YP_327022.1|_3-59_2PK7:A:3-61	0	5	2	1	0	8	2	5	0	59
gi|76802017|ref|YP_327025.1|_1-158_2D4R:A:2-147	0	7	1	3	0	8	4	6	0	146
gi|76802018|ref|YP_327026.1|_72-148_1I1G:A:62-141	0	4	1	2	0	5	5	3	0	80
gi|76802018|ref|YP_327026.1|_11-67_1I1G:A:2-61	0	0	1	3	0	5	4	4	0	60
gi|76802019|ref|YP_327027.1|_398-650_1HZD:A:	3	10	3	11	0	24	15	16	0	266
gi|76802019|ref|YP_327027.1|_6-186_1F0Y:A:12-203	0	8	1	7	0	22	12	11	0	192
gi|76802019|ref|YP_327027.1|_189-285_1WDK:A:497-620	2	2	1	7	0	11	3	6	0	124
gi|76802019|ref|YP_327027.1|_300-400_1F0Y:A:204-302	3	0	1	5	0	8	3	5	0	99
gi|76802020|ref|YP_327028.1|_6-137_2F0X:A:3-138	3	6	2	2	0	13	5	6	0	136
gi|76802021|ref|YP_327029.1|_8-151_1Q6W:A:	4	6	2	4	0	16	6	8	0	151
gi|76802022|ref|YP_327030.1|_182-438_2CH7:B:225-529	0	0	1	4	0	2	1	4	0	308
gi|76802022|ref|YP_327030.1|_48-153_1G28:A:	1	5	1	3	0	14	5	6	0	104
gi|76802023|ref|YP_327031.1|_8-70_1SFX:A:	1	2	0	5	0	7	3	4	0	108
gi|76802026|ref|YP_327034.1|_11-125_1UKK:A:	1	6	1	4	0	12	7	7	0	141
gi|76802027|ref|YP_327035.1|_126-413_2D69:A:134-424	3	9	1	14	0	33	15	14	0	291
gi|76802027|ref|YP_327035.1|_4-126_1GEH:A:12-136	1	5	2	4	0	18	8	7	0	125
gi|76802029|ref|YP_327037.1|_4-254_1VJR:A:	1	15	3	10	0	29	18	14	0	270
gi|76802031|ref|YP_327039.1|_69-800_1GK9:A:,B:	15	30	8	23	0	87	57	44	1	765
gi|76802034|ref|YP_327042.1|_14-44_1YFB:A:3-53	0	4	0	1	0	7	0	4	0	52
gi|76802035|ref|YP_327043.1|_1-136_1W8I:A:	0	5	0	7	0	14	8	10	0	155
gi|76802036|ref|YP_327044.1|_7-167_3CMB:A:1-264	2	17	3	4	0	21	8	10	0	264
gi|76802038|ref|YP_327046.1|_62-228_1SPV:A:	0	6	1	5	0	17	11	6	0	172
gi|76802039|ref|YP_327047.1|_149-209_1FSE:A:	0	0	0	4	0	5	3	4	0	67
gi|76802040|ref|YP_327048.1|_1-319_1LQA:A:	4	10	4	11	0	41	19	22	0	346
gi|76802043|ref|YP_327051.1|_1-222_1VPL:A:	2	10	2	9	0	18	9	15	0	238
gi|76802044|ref|YP_327052.1|_1-337_1LUC:A:	3	12	7	10	0	30	18	10	0	355
gi|76802047|ref|YP_327055.1|_13-330_1J1U:A:	2	8	3	13	0	24	14	17	0	306
gi|76802048|ref|YP_327056.1|_9-105_2F2E:A:5-146	3	4	1	6	0	17	8	8	0	142
gi|76802050|ref|YP_327058.1|_26-116_1WGO:A:	2	7	0	1	0	21	14	2	0	122
gi|76802052|ref|YP_327060.1|_71-200_1SMB:A:	0	4	2	6	0	13	7	6	0	149
gi|76802053|ref|YP_327061.1|_4-290_1TV8:A:	4	11	4	10	0	39	20	20	0	327
gi|76802054|ref|YP_327062.1|_83-315_1HYQ:A:	0	8	2	11	0	23	12	9	0	232
gi|76802054|ref|YP_327062.1|_2-84_2CU6:A:6-96	0	5	1	2	0	11	5	6	0	91
gi|76802056|ref|YP_327064.1|_19-161_1FJG:M:	2	0	2	6	0	13	11	6	0	125
gi|76802057|ref|YP_327065.1|_16-169_1FJG:D:	4	4	3	8	0	22	11	17	0	208
gi|76802058|ref|YP_327066.1|_4-123_2QAL:K:12-128	0	5	1	3	0	11	7	6	0	117
gi|76802059|ref|YP_327067.1|_41-142_1I50:C:42-172	0	8	3	1	0	20	8	7	0	131
gi|76802059|ref|YP_327067.1|_3-46,169-244_1I50:C:3-41,C:173-268	2	3	1	3	0	17	12	4	1	135
gi|76802062|ref|YP_327070.1|_4-132_2GY9:I:4-129	0	6	3	4	0	10	5	5	0	126
gi|76802063|ref|YP_327071.1|_1-64_1EF4:A:	0	0	0	3	0	7	4	4	0	55
gi|76802064|ref|YP_327072.1|_6-54_1QKL:A:	0	3	0	2	0	17	13	4	0	127
gi|76802065|ref|YP_327073.1|_133-396_1E9I:A:140-430	4	12	5	8	0	30	19	15	0	291
gi|76802065|ref|YP_327073.1|_3-129_1IYX:A:1-136	2	3	1	5	0	14	8	10	0	136
gi|76802066|ref|YP_327074.1|_89-274_1VI6:A:	1	7	3	6	0	22	13	12	0	193
gi|76802067|ref|YP_327075.1|_1-182_1KKH:A:1-180	0	7	4	4	0	13	9	6	0	175
gi|76802067|ref|YP_327075.1|_188-327_1KKH:A:181-317	1	4	1	6	0	12	5	5	0	137
gi|76802068|ref|YP_327076.1|_1-242_2BTY:A:1-282	5	14	1	11	0	26	15	16	0	282
gi|76802070|ref|YP_327078.1|_1-219_1BYI:A:	2	10	2	8	0	28	14	14	0	224
gi|76802070|ref|YP_327078.1|_211-322_2IOJ:A:206-325	0	8	0	5	0	16	5	9	0	120
gi|76802071|ref|YP_327079.1|_130-289_2CSU:A:130-290	0	9	1	5	0	16	11	6	0	161
gi|76802071|ref|YP_327079.1|_484-694_2SCU:B:1-238	1	12	3	7	0	24	11	11	0	238
gi|76802071|ref|YP_327079.1|_296-449_2CSU:A:291-453	0	7	0	6	0	15	9	8	0	163
gi|76802071|ref|YP_327079.1|_6-129_2CSU:A:1-129	1	7	0	3	0	18	15	9	0	129
gi|76802073|ref|YP_327081.1|_38-125,272-461_1PQ4:A:	4	8	5	9	0	24	11	10	0	289
gi|76802074|ref|YP_327082.1|_3-216_1V43:A:7-245	1	10	2	8	0	20	13	15	0	239
gi|76802075|ref|YP_327083.1|_77-357_1L7V:A:	2	0	2	14	0	18	8	12	0	324
gi|76802076|ref|YP_327084.1|_14-156_1WDV:A:	3	8	3	5	0	21	9	9	0	150
gi|76802077|ref|YP_327085.1|_2-221_2GMN:A:29-292	0	12	6	7	0	26	12	19	0	264
gi|76802078|ref|YP_327086.1|_87-186,225-369_1OLT:A:	1	19	6	15	0	46	26	24	0	441
gi|76802078|ref|YP_327086.1|_422-545_1Y9W:A:1-140	0	7	3	3	0	13	3	7	0	140
gi|76802079|ref|YP_327087.1|_215-290_1G51:A:1-104	1	5	2	1	0	11	4	7	0	104
gi|76802079|ref|YP_327087.1|_30-99_1SRO:A:	1	4	0	1	0	12	5	5	0	76
gi|76802080|ref|YP_327088.1|_24-421_1K75:A:	1	14	4	16	0	38	24	17	0	431
gi|76802081|ref|YP_327089.1|_64-135_1FX7:A:65-144	2	0	1	3	0	8	3	6	0	80
gi|76802081|ref|YP_327089.1|_2-63_1ON2:A:2-62	0	2	0	3	0	3	3	3	0	61
gi|76802081|ref|YP_327089.1|_148-216_1FX7:A:145-230	0	6	1	3	0	15	7	6	0	86
gi|76802083|ref|YP_327091.1|_1-78_1IIO:A:	4	0	2	3	0	7	6	5	0	83
gi|76802088|ref|YP_327096.1|_236-537_2CH7:B:225-529	0	0	1	4	0	2	1	4	0	308
gi|76802088|ref|YP_327096.1|_70-188_1NWZ:A:	2	5	1	5	1	14	5	9	0	125
gi|76802089|ref|YP_327097.1|_117-279_2V8Q:E:182-326	7	6	4	5	0	15	14	7	0	145
gi|76802089|ref|YP_327097.1|_3-116_2YVX:A:132-275	10	5	1	4	0	20	17	6	0	144
gi|76802092|ref|YP_327100.1|_1-156_2CX4:A:4-163	2	9	0	5	0	19	10	14	0	159
gi|76802093|ref|YP_327101.1|_51-183_2PQ7:A:1-217	0	0	2	10	0	9	5	7	0	217
gi|76802095|ref|YP_327103.1|_7-122_1KGS:A:2-123	0	5	0	5	0	11	9	3	0	122
gi|76802096|ref|YP_327104.1|_290-364_1CWV:A:503-596	3	8	0	0	0	14	8	4	0	94
gi|76802100|ref|YP_327108.1|_12-260_1JX4:A:1-240	3	8	3	10	0	22	11	12	0	240
gi|76802100|ref|YP_327108.1|_262-359_1T94:A:411-515	0	4	0	2	0	8	4	3	0	105
gi|76802101|ref|YP_327109.1|_336-464_1LSS:A:	0	6	0	6	0	14	9	7	0	132
gi|76802101|ref|YP_327109.1|_109-241_2FY8:A:116-244	0	6	2	6	0	14	10	7	0	130
gi|76802101|ref|YP_327109.1|_242-324_1VCT:A:108-201	2	4	0	4	0	12	4	6	0	94
gi|76802101|ref|YP_327109.1|_474-531_1VCT:A:108-201	2	4	0	4	0	12	4	6	0	94
gi|76802101|ref|YP_327109.1|_4-130_1LNQ:A:19-98	0	0	0	5	0	5	7	8	0	80
gi|76802102|ref|YP_327110.1|_1-162_1RA9:A:	0	10	3	4	0	23	15	4	0	159
gi|76802103|ref|YP_327111.1|_1-106,135-241_1QQQ:A:	2	10	4	7	0	22	12	12	0	264
gi|76802103|ref|YP_327111.1|_291-341_1HVY:A:	4	8	5	8	0	29	12	20	0	288
gi|76802105|ref|YP_327113.1|_36-200_1WL8:A:1-188	0	11	1	5	0	24	17	15	0	188
gi|76802108|ref|YP_327116.1|_298-462_1UKW:A:259-410	2	0	3	5	0	5	5	4	0	152
gi|76802108|ref|YP_327116.1|_113-310_1JQI:A:4-234	3	8	4	7	0	17	12	12	0	231
gi|76802109|ref|YP_327117.1|_14-267_1UIY:A:	1	9	3	12	0	25	13	10	0	253
gi|76802113|ref|YP_327121.1|_510-870_1W36:D:2-360	6	9	4	14	0	32	29	25	0	359
gi|76802113|ref|YP_327121.1|_2-101_1O7I:A:	2	7	3	0	0	15	2	8	0	115
gi|76802116|ref|YP_327124.1|_148-427_1FFT:A:	2	0	2	18	0	32	22	26	0	501
gi|76802116|ref|YP_327124.1|_36-142_1OCR:A:	5	1	6	21	0	35	23	27	0	514
gi|76802118|ref|YP_327126.1|_17-88,268-329_1BUP:A:189-381	1	6	3	7	0	14	7	9	0	193
gi|76802122|ref|YP_327130.1|_12-546_1EHK:A:	6	2	5	24	0	31	17	32	0	549
gi|76802123|ref|YP_327131.1|_57-165_2CUA:B:	4	10	2	0	0	15	9	9	0	135
gi|76802127|ref|YP_327135.1|_493-513,570-810_2B8E:A:416-434,A:548-663	2	6	0	6	1	16	9	5	1	135
gi|76802127|ref|YP_327135.1|_306-394_1SU4:A:125-239	2	9	3	0	0	21	10	7	0	115
gi|76802127|ref|YP_327135.1|_83-146_1JWW:A:	0	4	0	2	0	7	5	4	0	80
gi|76802127|ref|YP_327135.1|_268-300,396-489_1SU4:A:1-124,A:240-343,A:751-994	1	1	8	18	0	32	20	22	2	472
gi|76802129|ref|YP_327137.1|_3-129_1MJH:A:	0	5	1	4	0	16	7	5	0	160
gi|76802130|ref|YP_327138.1|_91-351_1CT9:A:193-516	0	5	6	17	0	28	12	15	0	324
gi|76802131|ref|YP_327139.1|_2-197_2ANU:A:5-233	1	10	1	7	0	23	14	11	0	229
gi|76802132|ref|YP_327140.1|_190-410_1VK3:A:167-345	2	7	3	5	0	16	10	7	0	179
gi|76802132|ref|YP_327140.1|_21-184_1VK3:A:2-166	1	5	1	7	0	13	8	10	0	165
gi|76802132|ref|YP_327140.1|_374-543_1VK3:A:346-507	1	8	2	4	0	17	5	8	0	162
gi|76802132|ref|YP_327140.1|_556-694_1T3T:A:817-1033	1	7	3	8	0	18	12	12	0	217
gi|76802133|ref|YP_327141.1|_97-270_1D2T:A:	0	0	2	13	0	18	11	13	0	224
gi|76802134|ref|YP_327142.1|_223-585_1XOC:A:17-520	5	23	9	15	0	53	34	35	0	504
gi|76802134|ref|YP_327142.1|_42-194_1XOC:A:17-520	5	23	9	15	0	53	34	35	0	504
gi|76802138|ref|YP_327146.1|_4-271_1NVM:A:2-290	10	8	3	11	0	35	15	21	0	289
gi|76802142|ref|YP_327150.1|_2-89_2CO5:A:5-93	1	3	1	4	0	6	3	3	0	89
gi|76802143|ref|YP_327151.1|_1-241_1UKW:A:32-258	3	8	6	6	0	18	8	13	0	227
gi|76802143|ref|YP_327151.1|_229-382_1UKW:A:259-410	2	0	3	5	0	5	5	4	0	152
gi|76802145|ref|YP_327153.1|_1-173_1RTY:B:	0	2	1	5	0	10	6	4	0	180
gi|76802149|ref|YP_327157.1|_36-70,98-473_1VH4:A:	0	20	1	8	0	48	17	22	0	413
gi|76802151|ref|YP_327159.1|_5-485_1A4S:A:	7	20	8	15	0	54	30	24	0	503
gi|76802152|ref|YP_327160.1|_14-334_1WOH:A:	7	10	6	9	0	36	21	16	0	304
gi|76802153|ref|YP_327161.1|_1-187,308-397_2I0Z:A:1-192,A:362-420	4	15	6	8	0	27	12	15	1	251
gi|76802154|ref|YP_327162.1|_31-173_1AOH:A:	3	11	0	1	0	19	6	9	0	143
gi|76802156|ref|YP_327164.1|_89-200,231-419_2IIZ:A:5-310	5	14	4	9	0	33	20	21	0	306
gi|76802157|ref|YP_327165.1|_56-410_1FWX:A:8-451	6	31	4	6	0	48	33	25	0	459
gi|76802160|ref|YP_327168.1|_35-270_1PC3:A:	6	13	2	12	0	39	20	20	0	333
gi|76802161|ref|YP_327169.1|_24-236_2ONK:C:1-252	0	0	1	12	0	13	9	9	0	252
gi|76802162|ref|YP_327170.1|_36-270_3DHW:C:1-240	3	10	1	7	0	21	17	12	0	240
gi|76802163|ref|YP_327171.1|_122-242_1H9R:A:123-199	1	5	1	2	0	9	5	3	0	77
gi|76802163|ref|YP_327171.1|_30-115_1B9M:A:1-126	0	5	0	5	0	9	4	5	0	127
gi|76802166|ref|YP_327174.1|_10-94_2DKT:A:8-81	2	4	0	1	0	10	11	2	0	74
gi|76802167|ref|YP_327175.1|_8-175_1V8Y:A:	5	9	0	3	0	15	5	6	0	158
gi|76802168|ref|YP_327176.1|_14-188_1W74:A:	5	8	1	2	0	23	18	12	0	171
gi|76802169|ref|YP_327177.1|_8-116_2G9W:A:3-124	0	3	1	6	0	9	5	4	0	122
gi|76802171|ref|YP_327179.1|_87-352_1V8G:A:66-329	3	7	5	11	0	22	10	13	0	264
gi|76802171|ref|YP_327179.1|_22-79_1KHD:A:12-80	0	0	0	4	0	6	2	3	0	69
gi|76802174|ref|YP_327182.1|_14-69_1I1G:A:2-61	0	0	1	3	0	5	4	4	0	60
gi|76802175|ref|YP_327183.1|_14-178_1YVO:A:4-172	0	7	3	4	0	14	5	9	0	169
gi|76802176|ref|YP_327184.1|_457-722_1OZ4:A:471-763	2	0	3	7	0	31	24	19	0	292
gi|76802176|ref|YP_327184.1|_186-449_1E32:A:201-458	3	5	4	12	0	28	13	14	0	258
gi|76802176|ref|YP_327184.1|_3-87_1CZ4:A:1-91	0	6	0	2	0	11	5	5	0	91
gi|76802176|ref|YP_327184.1|_91-191_1CZ4:A:92-185	1	6	0	1	0	18	10	5	0	94
gi|76802177|ref|YP_327185.1|_42-143_1S7B:A:	0	0	0	4	0	10	7	3	0	109
gi|76802177|ref|YP_327185.1|_193-289_1S7B:A:	0	0	0	4	0	10	7	3	0	109
gi|76802178|ref|YP_327186.1|_144-388_1PV9:A:125-345	6	13	2	4	0	27	12	10	0	221
gi|76802178|ref|YP_327186.1|_5-124_1PV9:A:8-124	1	6	1	6	0	11	7	7	0	117
gi|76802179|ref|YP_327187.1|_5-433_1G6S:A:	6	24	7	12	0	45	26	19	0	427
gi|76802180|ref|YP_327188.1|_4-342_1ZFJ:A:2-94,A:221-492	7	15	3	12	0	41	24	17	1	365
gi|76802181|ref|YP_327189.1|_4-369_1R53:A:	6	14	2	9	0	32	13	18	0	371
gi|76802185|ref|YP_327193.1|_30-174_1IX5:A:	3	10	0	3	0	23	10	14	0	151
gi|76802186|ref|YP_327194.1|_2-173_1YEM:A:	1	8	1	3	0	14	4	8	0	178
gi|76802188|ref|YP_327196.1|_13-285_1FNN:A:1-276	4	5	2	12	0	25	19	17	0	276
gi|76802188|ref|YP_327196.1|_292-391_2D1H:A:1-109	0	3	1	5	0	8	2	5	0	109
gi|76802189|ref|YP_327197.1|_3-152_1WJG:A:	0	5	1	4	0	15	7	4	0	135
gi|76802193|ref|YP_327201.1|_133-462_1G6O:A:	2	13	3	9	0	31	22	19	0	323
gi|76802195|ref|YP_327203.1|_1-202_1VE3:A:2-227	0	10	2	7	0	20	9	11	0	226
gi|76802196|ref|YP_327204.1|_322-334,377-537,700-835_2OKC:A:9-433	2	9	3	16	0	39	24	24	0	425
gi|76802197|ref|YP_327205.1|_18-108_1QUW:A:	0	4	0	4	0	11	5	6	0	105
gi|76802198|ref|YP_327206.1|_10-273_1VE1:A:1-302	4	9	5	9	0	33	16	21	0	302
gi|76802199|ref|YP_327207.1|_198-385_1XKR:A:	0	8	1	5	0	16	8	7	0	205
gi|76802199|ref|YP_327207.1|_4-187_1XKR:A:	0	8	1	5	0	16	8	7	0	205
gi|76802201|ref|YP_327209.1|_182-198,231-506_2CH7:B:225-529	0	0	1	4	0	2	1	4	0	308
gi|76802201|ref|YP_327209.1|_74-119_2ASX:A:278-331	0	0	0	2	0	4	1	3	0	54
gi|76802203|ref|YP_327211.1|_11-76_1RI7:A:25-84	0	0	1	3	0	5	3	3	0	60
gi|76802205|ref|YP_327213.1|_237-417_1IWG:A:7-37,A:331-498	0	0	1	8	0	9	7	9	1	199
gi|76802205|ref|YP_327213.1|_632-838_1IWG:A:7-37,A:331-498	0	0	1	8	0	9	7	9	1	199
gi|76802206|ref|YP_327214.1|_10-219_1H2S:A:	0	2	0	9	0	11	7	11	0	225
gi|76802207|ref|YP_327215.1|_186-209,242-516_2CH7:B:225-529	0	0	1	4	0	2	1	4	0	308
gi|76802207|ref|YP_327215.1|_86-131_2ASX:A:278-331	0	0	0	2	0	4	1	3	0	54
gi|76802208|ref|YP_327216.1|_63-236_1ON4:A:	1	8	2	4	0	20	15	9	0	173
gi|76802210|ref|YP_327218.1|_485-505,551-777_2B8E:A:416-434,A:548-663	2	6	0	6	1	16	9	5	1	135
gi|76802210|ref|YP_327218.1|_298-380_1SU4:A:125-239	2	9	3	0	0	21	10	7	0	115
gi|76802210|ref|YP_327218.1|_62-132_1JWW:A:	0	4	0	2	0	7	5	4	0	80
gi|76802210|ref|YP_327218.1|_244-288,388-472_1SU4:A:1-124,A:240-343,A:751-994	1	1	8	18	0	32	20	22	2	472
gi|76802211|ref|YP_327219.1|_87-179_2HPU:A:35-160	0	7	3	3	0	17	13	5	0	126
gi|76802212|ref|YP_327220.1|_1-137_1MJH:A:	0	5	1	4	0	16	7	5	0	160
gi|76802213|ref|YP_327221.1|_4-143_1TQ8:A:	1	5	0	5	0	9	5	6	0	162
gi|76802215|ref|YP_327223.1|_224-393_1C1G:C:	0	0	0	3	0	2	1	2	0	283
gi|76802216|ref|YP_327224.1|_23-255_2CBN:A:1-305	9	16	2	10	0	41	18	18	0	305
gi|76802219|ref|YP_327227.1|_279-538_1O6Y:A:	1	11	3	8	0	24	14	12	0	276
gi|76802219|ref|YP_327227.1|_12-229_1GW5:B:	0	0	4	32	0	42	43	37	0	579
gi|76802220|ref|YP_327228.1|_4-247_1OJX:A:	0	10	2	11	0	27	16	15	0	251
gi|76802221|ref|YP_327229.1|_8-243_1QOP:A:	0	9	1	12	0	29	10	14	0	267
gi|76802222|ref|YP_327230.1|_5-398_1V8Z:A:1-386	8	14	4	15	0	30	22	23	0	386
gi|76802223|ref|YP_327231.1|_33-243_1VC4:A:	2	8	1	12	0	27	17	13	0	254
gi|76802224|ref|YP_327232.1|_195-314_1EFV:A:208-331	2	5	5	4	0	16	12	8	0	124
gi|76802224|ref|YP_327232.1|_1-188_1O97:D:1-192	2	13	1	5	0	22	12	11	0	192
gi|76802225|ref|YP_327233.1|_1-258_1O97:C:	2	13	7	5	0	31	12	11	0	261
gi|76802229|ref|YP_327237.1|_247-379_1ID1:A:	1	6	1	7	0	17	9	8	0	153
gi|76802229|ref|YP_327237.1|_144-264_1ORQ:C:	0	0	0	9	0	12	9	11	0	223
gi|76802230|ref|YP_327238.1|_4-236_1K3F:A:	3	9	1	7	0	26	21	15	0	253
gi|76802231|ref|YP_327239.1|_4-199_2GFH:A:1-247	2	8	4	9	0	22	10	13	0	247
gi|76802232|ref|YP_327240.1|_1-268_1VM7:A:	1	14	5	9	0	34	15	11	0	299
gi|76802233|ref|YP_327241.1|_165-292_1UAR:A:145-285	4	5	3	5	0	18	12	9	0	141
gi|76802233|ref|YP_327241.1|_1-152_1UAR:A:2-144	4	5	2	6	0	18	4	9	0	143
gi|76802235|ref|YP_327243.1|_5-202,270-295_1XGS:A:1-194,A:272-295	7	13	0	4	0	29	8	16	1	218
gi|76802235|ref|YP_327243.1|_199-270_1XGS:A:195-271	0	3	1	2	0	4	6	4	0	77
gi|76802237|ref|YP_327245.1|_22-163_1Y23:A:	0	6	3	4	0	16	11	7	0	139
gi|76802238|ref|YP_327246.1|_18-218_2QFI:A:5-208	2	0	7	7	0	14	20	21	0	204
gi|76802238|ref|YP_327246.1|_220-299_2QFI:A:209-290	4	0	1	2	0	13	9	6	0	82
gi|76802239|ref|YP_327247.1|_118-345_1TV8:A:	4	11	4	10	0	39	20	20	0	327
gi|76802240|ref|YP_327248.1|_5-207_1O0Y:A:	0	8	2	11	0	23	14	10	0	259
gi|76802241|ref|YP_327249.1|_5-309_1T5O:A:	3	16	5	12	0	35	17	22	0	350
gi|76802242|ref|YP_327250.1|_71-139_1A32:A:	0	0	0	4	0	7	2	3	0	85
gi|76802246|ref|YP_327254.1|_375-675_2CH7:B:225-529	0	0	1	4	0	2	1	4	0	308
gi|76802246|ref|YP_327254.1|_198-327_1OTD:A:	2	5	1	3	1	14	6	5	0	105
gi|76802248|ref|YP_327256.1|_15-345_2F9F:A:2-167	2	6	1	7	0	19	11	10	0	166
gi|76802249|ref|YP_327257.1|_4-363_2F9F:A:2-167	2	6	1	7	0	19	11	10	0	166
gi|76802250|ref|YP_327258.1|_1-134_1COZ:A:	1	5	2	5	0	12	6	10	0	126
gi|76802251|ref|YP_327259.1|_19-143_1OI0:A:	0	9	0	2	0	14	8	5	0	121
gi|76802252|ref|YP_327260.1|_233-626_1IR6:A:	0	10	7	15	0	38	21	20	0	385
gi|76802252|ref|YP_327260.1|_25-83_3BZK:A:637-730	0	5	2	2	0	13	4	6	0	94
gi|76802253|ref|YP_327261.1|_345-503_1BYR:A:	2	8	0	5	0	13	9	7	0	152
gi|76802253|ref|YP_327261.1|_173-323_1BYR:A:	2	8	0	5	0	13	9	7	0	152
gi|76802254|ref|YP_327262.1|_260-424_1TE4:A:	0	0	3	6	0	11	9	5	0	111
gi|76802256|ref|YP_327264.1|_33-136_1PCS:A:	0	9	1	1	0	17	8	4	0	98
gi|76802259|ref|YP_327267.1|_11-273_1A0P:A:111-292	4	3	3	8	0	17	7	7	0	182
gi|76803347|ref|YP_327791.1|_11-273_1A0P:A:111-292	4	3	3	8	0	17	7	7	0	182
gi|76802268|ref|YP_327276.1|_2-242_1FNN:A:1-276	4	5	2	12	0	25	19	17	0	276
gi|76802268|ref|YP_327276.1|_264-330_2G9W:A:3-124	0	3	1	6	0	9	5	4	0	122
gi|76802269|ref|YP_327277.1|_152-209_2B0L:A:167-257	1	3	0	5	0	7	4	6	0	91
gi|76802274|ref|YP_327282.1|_52-93,134-222,268-403_2FWR:A:257-456	7	4	0	8	0	27	20	8	0	200
gi|76802277|ref|YP_327285.1|_2-81_1ZPW:X:2-83	0	4	0	2	0	8	2	3	0	82
gi|76802279|ref|YP_327287.1|_5-67_1WHZ:A:	0	3	0	3	0	8	2	4	0	70
gi|76803319|ref|YP_327763.1|_5-67_1WHZ:A:	0	3	0	3	0	8	2	4	0	70
gi|76802280|ref|YP_327288.1|_12-55_1WV8:A:2-72	0	4	0	1	0	6	4	2	0	71
gi|76803320|ref|YP_327764.1|_12-55_1WV8:A:2-72	0	4	0	1	0	6	4	2	0	71
gi|76802307|ref|YP_327315.1|_71-331_1V8G:A:66-329	3	7	5	11	0	22	10	13	0	264
gi|76802307|ref|YP_327315.1|_1-67_1O17:A:1-70	0	0	0	4	0	6	2	2	0	70
gi|76802308|ref|YP_327316.1|_2-204_1NSJ:A:	1	10	4	7	0	20	17	10	0	205
gi|76802309|ref|YP_327317.1|_46-518_1QDL:A:	4	22	4	9	0	41	30	16	0	422
gi|76802310|ref|YP_327318.1|_1-196_1QDL:B:	1	9	0	6	0	17	14	12	0	195
gi|76802311|ref|YP_327319.1|_175-284,325-456,490-671,709-784_1PEQ:A:175-699	5	17	4	21	0	59	31	26	0	525
gi|76802316|ref|YP_327324.1|_380-486_1ID0:A:	0	7	2	3	0	16	7	7	0	146
gi|76802316|ref|YP_327324.1|_143-263_2O9C:A:4-130	2	6	2	4	0	14	5	11	0	127
gi|76802317|ref|YP_327325.1|_3-152_1GPJ:A:144-302	2	6	2	6	0	18	12	7	0	159
gi|76802317|ref|YP_327325.1|_150-242_2PV7:A:244-371	0	0	0	8	0	7	2	6	0	128
gi|76802318|ref|YP_327326.1|_145-294_1XXL:A:	5	8	2	9	0	23	10	12	0	238
gi|76802321|ref|YP_327329.1|_3-234_1QG8:A:	2	9	4	8	0	22	13	12	0	255
gi|76802322|ref|YP_327330.1|_3-141_1COZ:A:	1	5	2	5	0	12	6	10	0	126
gi|76802323|ref|YP_327331.1|_44-137_2D1H:A:1-109	0	3	1	5	0	8	2	5	0	109
gi|76802324|ref|YP_327332.1|_11-347_1TT4:A:	6	11	5	13	0	33	20	16	0	366
gi|76802325|ref|YP_327333.1|_187-442_2CH7:B:225-529	0	0	1	4	0	2	1	4	0	308
gi|76802326|ref|YP_327334.1|_754-834_1NKG:A:251-337	2	8	1	0	0	14	4	4	0	87
gi|76802326|ref|YP_327334.1|_387-464_1NKG:A:251-337	2	8	1	0	0	14	4	4	0	87
gi|76802326|ref|YP_327334.1|_38-172_2OZN:A:774-906	1	11	0	0	0	14	7	5	0	133
gi|76802330|ref|YP_327338.1|_14-98,225-481_2CU0:A:3-96,A:207-480	8	15	1	13	0	47	24	23	1	368
gi|76802330|ref|YP_327338.1|_71-210_1ZFJ:A:95-220	6	5	0	4	0	15	10	9	0	126
gi|76802331|ref|YP_327339.1|_3-536_1LCI:A:	7	27	4	15	0	64	28	38	0	541
gi|76802335|ref|YP_327343.1|_1-121_2EF7:A:1-127	5	7	2	4	0	12	7	10	0	127
gi|76802339|ref|YP_327347.1|_4-185_2PRR:A:5-194	0	0	3	10	0	14	9	7	0	190
gi|76802340|ref|YP_327348.1|_9-249_2I3C:A:9-310	6	14	4	6	0	40	23	19	0	302
gi|76802342|ref|YP_327350.1|_112-181_1SA0:E:	1	1	2	3	0	6	5	7	0	141
gi|76802343|ref|YP_327351.1|_4-180,332-384,465-557_1XEW:X:,Y:	2	15	2	9	0	30	20	14	1	329
gi|76802343|ref|YP_327351.1|_309-462_1C1G:C:	0	0	0	3	0	2	1	2	0	283
gi|76802345|ref|YP_327353.1|_5-310_2IDB:A:6-325	4	18	4	7	0	42	27	14	0	320
gi|76802345|ref|YP_327353.1|_356-485_2IDB:A:326-491	3	6	2	5	0	14	10	10	0	166
gi|76802346|ref|YP_327354.1|_4-289_2IDB:A:6-325	4	18	4	7	0	42	27	14	0	320
gi|76802346|ref|YP_327354.1|_315-457_2IDB:A:326-491	3	6	2	5	0	14	10	10	0	166
gi|76802347|ref|YP_327355.1|_19-126_2GNR:A:8-144	1	11	1	2	0	19	6	6	0	137
gi|76802348|ref|YP_327356.1|_15-227_1QFL:A:269-392	2	4	3	4	0	10	4	5	0	124
gi|76802348|ref|YP_327356.1|_247-373_1AFW:A:294-417	3	4	3	4	0	12	4	7	0	124
gi|76802349|ref|YP_327357.1|_5-528_1V25:A:	8	24	4	16	0	59	31	33	0	534
gi|76802350|ref|YP_327358.1|_48-418_2LIV:A:	4	14	6	11	0	34	17	17	0	344
gi|76802353|ref|YP_327361.1|_5-245_1G6H:A:	2	11	5	9	0	21	16	17	0	254
gi|76802354|ref|YP_327362.1|_5-225_1JI0:A:	2	10	1	10	0	19	14	15	0	240
gi|76802355|ref|YP_327363.1|_1-254_2DUB:A:	2	10	4	11	0	25	14	14	0	259
gi|76802356|ref|YP_327364.1|_3-134_1MJH:A:	0	5	1	4	0	16	7	5	0	160
gi|76802357|ref|YP_327365.1|_10-117,178-378_1AFW:A:294-417	3	4	3	4	0	12	4	7	0	124
gi|76802365|ref|YP_327373.1|_3-125_1XBF:A:	0	8	0	3	0	16	11	5	0	139
gi|76802366|ref|YP_327374.1|_197-472_1NP7:A:205-483	4	0	5	14	0	26	16	17	0	279
gi|76802366|ref|YP_327374.1|_3-183_1NP7:A:1-204	2	5	4	5	0	18	13	7	0	204
gi|76802367|ref|YP_327375.1|_26-172_1NXO:A:	0	5	0	5	0	10	7	4	0	119
gi|76802367|ref|YP_327375.1|_235-383_2C2A:A:321-481	0	7	2	3	0	13	4	10	0	161
gi|76802368|ref|YP_327376.1|_7-245_1IVH:A:6-241	3	8	6	7	0	20	10	16	0	236
gi|76802368|ref|YP_327376.1|_232-386_2D29:A:235-387	1	2	3	5	0	4	4	6	0	153
gi|76802369|ref|YP_327377.1|_3-224_1U9C:A:	6	11	6	7	0	27	12	15	0	221
gi|76802370|ref|YP_327378.1|_304-563_1ON3:A:261-524	2	8	6	10	0	22	15	15	0	264
gi|76802370|ref|YP_327378.1|_57-299_1VRG:A:1-251	6	7	5	10	0	21	10	13	0	251
gi|76802371|ref|YP_327379.1|_64-178_1Y5H:A:2-124	3	7	2	6	0	9	5	11	0	123
gi|76802371|ref|YP_327379.1|_8-58_2B5A:A:1-77	1	0	0	5	0	7	1	4	0	77
gi|76802374|ref|YP_327382.1|_38-237_1J2Q:H:	0	12	1	5	0	17	8	11	0	202
gi|76802375|ref|YP_327383.1|_2-241_1X9N:A:262-533	2	0	4	13	0	28	14	13	0	272
gi|76802375|ref|YP_327383.1|_225-422_1X9N:A:534-753	5	11	2	6	0	25	17	14	0	220
gi|76802375|ref|YP_327383.1|_425-546_1X9N:A:754-901	3	10	1	2	0	17	13	7	0	148
gi|76802376|ref|YP_327384.1|_8-66,98-226_1VJN:A:	2	14	1	3	0	24	15	9	0	219
gi|76802377|ref|YP_327385.1|_152-250_2K2N:A:31-200	1	5	1	4	0	22	14	6	0	170
gi|76802378|ref|YP_327386.1|_73-366_1D3Y:A:	2	13	5	14	0	29	12	18	0	298
gi|76802379|ref|YP_327387.1|_504-670_1MU5:A:307-470	4	6	2	3	0	16	11	6	0	164
gi|76802379|ref|YP_327387.1|_30-236_1MU5:A:10-228	0	8	3	5	0	23	6	10	0	219
gi|76802381|ref|YP_327389.1|_100-270_1T0B:A:	0	10	5	7	0	27	17	9	0	240
gi|76802382|ref|YP_327390.1|_32-221_1ON3:A:261-524	2	8	6	10	0	22	15	15	0	264
gi|76802383|ref|YP_327391.1|_119-177_1B1B:A:1-64	0	2	0	3	0	6	1	5	0	64
gi|76802387|ref|YP_327395.1|_399-633_1BJT:A:	7	25	4	20	0	69	43	34	0	760
gi|76802387|ref|YP_327395.1|_7-217_1EI1:A:2-220	2	11	1	6	0	26	18	12	0	219
gi|76802387|ref|YP_327395.1|_226-396_1EI1:A:221-392	5	5	0	6	0	12	6	8	0	172
gi|76802388|ref|YP_327396.1|_9-500_1AB4:A:	1	20	2	16	0	51	27	22	0	493
gi|76802388|ref|YP_327396.1|_511-815_1SUU:A:	8	23	7	0	0	43	17	21	0	304
gi|76802389|ref|YP_327397.1|_10-386_1V8Z:A:1-386	8	14	4	15	0	30	22	23	0	386
gi|76802390|ref|YP_327398.1|_1-305_1SB8:A:	3	13	2	14	0	34	16	17	0	341
gi|76802391|ref|YP_327399.1|_15-133_1STZ:A:14-100	2	2	0	4	0	11	7	2	0	87
gi|76802392|ref|YP_327400.1|_3-193_1XHC:A:104-225	1	10	1	3	0	13	8	5	0	122
gi|76802392|ref|YP_327400.1|_152-321_1Q1R:A:2-114,A:248-319	4	13	3	4	0	23	16	10	1	185
gi|76802393|ref|YP_327401.1|_5-234_1K3F:A:	3	9	1	7	0	26	21	15	0	253
gi|76802394|ref|YP_327402.1|_1-122_2FR5:A:11-146	3	5	2	4	0	18	7	8	0	136
gi|76802395|ref|YP_327403.1|_3-168_1K2Y:X:5-154	5	7	1	4	0	15	5	10	0	150
gi|76802395|ref|YP_327403.1|_142-246_1K2Y:X:155-258	0	5	2	3	0	14	9	8	0	104
gi|76802395|ref|YP_327403.1|_350-444_1K2Y:X:368-463	0	6	0	2	0	8	4	3	0	96
gi|76802395|ref|YP_327403.1|_231-351_1K2Y:X:155-258	0	5	2	3	0	14	9	8	0	104
gi|76802396|ref|YP_327404.1|_3-185_1G19:A:1-269	0	11	2	8	0	22	17	13	0	269
gi|76802397|ref|YP_327405.1|_2-299_1TUG:A:1-150,A:151-310	5	9	6	10	0	36	22	16	1	310
gi|76802398|ref|YP_327406.1|_2-100_1PG5:B:11-104	0	5	0	2	0	8	2	7	0	94
gi|76802398|ref|YP_327406.1|_101-147_1D09:B:101-153	1	6	1	0	0	7	5	4	0	53
gi|76802400|ref|YP_327408.1|_54-174_2FVV:A:8-142	1	7	0	4	0	15	6	7	0	135
gi|76802402|ref|YP_327410.1|_7-138_2OGK:A:4-144	2	5	2	5	0	16	5	4	0	141
gi|76802405|ref|YP_327413.1|_24-96_1O4T:A:	0	11	2	0	0	13	8	5	0	115
gi|76802406|ref|YP_327414.1|_540-683_1ID0:A:	0	7	2	3	0	16	7	7	0	146
gi|76802406|ref|YP_327414.1|_333-445_1V9Y:A:	2	5	3	3	0	10	6	6	0	113
gi|76802407|ref|YP_327415.1|_19-399_1PV7:A:	0	0	2	22	0	18	12	14	0	417
gi|76802409|ref|YP_327417.1|_17-152_1EGA:A:4-182	1	7	0	5	0	17	11	10	0	179
gi|76802410|ref|YP_327418.1|_4-280_2GMH:A:4-236,A:336-482	2	17	5	9	0	43	20	25	1	380
gi|76802412|ref|YP_327420.1|_141-305_2Z1E:A:156-334	0	7	4	5	0	20	10	10	0	179
gi|76802412|ref|YP_327420.1|_26-135_2Z1E:A:43-155	0	7	0	2	0	7	4	5	0	113
gi|76802414|ref|YP_327422.1|_15-246_1VL8:A:	2	7	6	9	0	25	10	14	0	251
gi|76802415|ref|YP_327423.1|_28-425_1PV7:A:	0	0	2	22	0	18	12	14	0	417
gi|76802418|ref|YP_327426.1|_10-426_1PW4:A:	2	0	1	18	0	21	18	22	0	450
gi|76802419|ref|YP_327427.1|_70-235,281-418_1OYW:A:207-406	1	6	0	8	0	23	16	13	0	200
gi|76802420|ref|YP_327428.1|_308-500_1Q8I:A:2-389	6	16	1	11	0	33	18	20	0	388
gi|76802420|ref|YP_327428.1|_235-288_1PZN:A:35-95	0	0	0	4	0	7	3	4	0	61
gi|76802421|ref|YP_327429.1|_14-277_1W4Z:A:	2	7	4	10	0	25	16	16	0	259
gi|76802422|ref|YP_327430.1|_27-103_1O4T:A:	0	11	2	0	0	13	8	5	0	115
gi|76802423|ref|YP_327431.1|_3-220_1W4X:A:155-389	3	10	3	7	0	23	20	9	0	235
gi|76802423|ref|YP_327431.1|_184-394_1W4X:A:155-389	3	10	3	7	0	23	20	9	0	235
gi|76802424|ref|YP_327432.1|_43-124_1D1R:A:	1	4	0	2	0	12	5	2	0	115
gi|76802427|ref|YP_327435.1|_52-494_1UQW:A:	4	21	6	14	0	50	27	35	0	487
gi|76802428|ref|YP_327436.1|_97-297_3DHW:A:6-208	0	0	1	9	0	11	7	9	0	203
gi|76802429|ref|YP_327437.1|_87-274_3DHW:A:6-208	0	0	1	9	0	11	7	9	0	203
gi|76802430|ref|YP_327438.1|_355-581_3DHW:C:1-240	3	10	1	7	0	21	17	12	0	240
gi|76802430|ref|YP_327438.1|_8-110,147-285_3DHW:C:1-240	3	10	1	7	0	21	17	12	0	240
gi|76802431|ref|YP_327439.1|_5-193_1HYU:A:199-325,A:452-521	8	9	2	4	0	27	18	13	1	197
gi|76802435|ref|YP_327443.1|_4-131_1QIP:A:	2	8	4	4	0	21	8	12	0	176
gi|76802436|ref|YP_327444.1|_1-111_1Q1H:A:	1	2	0	5	0	10	5	6	0	88
gi|76802438|ref|YP_327446.1|_1-138_1MJH:A:	0	5	1	4	0	16	7	5	0	160
gi|76802439|ref|YP_327447.1|_423-549_2FY8:A:116-244	0	6	2	6	0	14	10	7	0	130
gi|76802440|ref|YP_327448.1|_402-529_1LSS:A:	0	6	0	6	0	14	9	7	0	132
gi|76802442|ref|YP_327450.1|_71-253_1TF1:A:	0	7	1	5	0	15	11	12	0	197
gi|76802442|ref|YP_327450.1|_15-85_1MKM:A:1-75	1	2	0	4	0	9	3	5	0	75
gi|76802443|ref|YP_327451.1|_7-407_1PW4:A:	2	0	1	18	0	21	18	22	0	450
gi|76802447|ref|YP_327455.1|_11-191_1XXL:A:	5	8	2	9	0	23	10	12	0	238
gi|76802448|ref|YP_327456.1|_151-321_1SJD:A:126-367	6	10	3	8	0	28	20	15	0	242
gi|76802451|ref|YP_327459.1|_66-249_2PY6:A:14-408	0	16	5	16	0	40	23	20	0	395
gi|76802452|ref|YP_327460.1|_111-175_2OAU:A:113-179	0	5	0	2	0	7	5	3	0	67
gi|76802452|ref|YP_327460.1|_180-269_2OAU:A:180-280	1	4	0	2	0	10	4	5	0	101
gi|76802452|ref|YP_327460.1|_27-109_2OAU:A:27-112	0	0	0	3	0	3	0	1	0	86
gi|76802455|ref|YP_327463.1|_1-67_1C9O:A:	1	5	1	0	0	5	1	4	0	66
gi|76802456|ref|YP_327464.1|_304-595_2CH7:B:225-529	0	0	1	4	0	2	1	4	0	308
gi|76802457|ref|YP_327465.1|_17-170,212-336_1A0P:A:111-292	4	3	3	8	0	17	7	7	0	182
gi|76802460|ref|YP_327468.1|_24-261_1G29:1:1-240	1	11	4	8	0	20	15	14	0	240
gi|76802460|ref|YP_327468.1|_260-363_1G29:1:241-301	0	5	1	1	0	8	5	4	0	61
gi|76802461|ref|YP_327469.1|_9-119,179-364_1ULQ:A:276-400	2	4	2	4	0	11	5	8	0	125
gi|76802462|ref|YP_327470.1|_26-94_2GNR:A:8-144	1	11	1	2	0	19	6	6	0	137
gi|76802465|ref|YP_327473.1|_16-171_1MOJ:A:	4	0	0	5	0	15	8	8	0	180
gi|76802466|ref|YP_327474.1|_4-119_1S72:F:	0	4	1	5	0	13	12	5	0	119
gi|76802467|ref|YP_327475.1|_11-73_1NE3:A:	0	4	0	0	0	8	5	1	0	68
gi|76802469|ref|YP_327477.1|_4-153_2AZ3:A:4-155	0	4	2	8	0	14	10	12	0	152
gi|76802471|ref|YP_327479.1|_25-344_1U1J:A:396-760	9	10	3	11	0	43	33	23	0	365
gi|76802472|ref|YP_327480.1|_5-322_1U1J:A:2-395	4	11	5	14	0	51	22	18	0	394
gi|76802473|ref|YP_327481.1|_10-184_1NV8:A:	2	9	3	10	0	29	15	20	0	271
gi|76802474|ref|YP_327482.1|_258-355_2OAU:A:180-280	1	4	0	2	0	10	4	5	0	101
gi|76802474|ref|YP_327482.1|_190-255_2OAU:A:113-179	0	5	0	2	0	7	5	3	0	67
gi|76802474|ref|YP_327482.1|_105-188_2OAU:A:27-112	0	0	0	3	0	3	0	1	0	86
gi|76802475|ref|YP_327483.1|_19-268_1ZQ9:A:36-313	2	9	4	11	0	26	16	16	0	278
gi|76802476|ref|YP_327484.1|_13-186_2I5H:A:16-195	2	5	3	5	0	21	11	9	0	180
gi|76802477|ref|YP_327485.1|_3-114_1GO3:F:	0	1	0	6	0	9	6	4	0	107
gi|76802479|ref|YP_327487.1|_1-88_1GH8:A:	0	5	1	2	0	9	7	2	0	89
gi|76802481|ref|YP_327489.1|_198-334_1A1V:A:190-325	0	7	1	4	0	14	10	6	0	136
gi|76802481|ref|YP_327489.1|_413-605_1Z4E:A:4-153	0	6	2	5	0	11	5	10	0	150
gi|76802482|ref|YP_327490.1|_25-105_1XER:A:	2	7	1	3	0	16	5	8	0	103
gi|76802483|ref|YP_327491.1|_108-424_1GTR:A:8-338	6	9	4	12	0	35	20	18	0	331
gi|76802483|ref|YP_327491.1|_419-568_1GTR:A:339-547	3	18	5	0	0	26	16	8	0	209
gi|76802484|ref|YP_327492.1|_7-341_1RTR:A:	0	2	1	13	0	16	12	13	0	290
gi|76802485|ref|YP_327493.1|_4-444_2DKF:A:1-431	4	21	3	12	0	51	31	26	0	431
gi|76802487|ref|YP_327495.1|_22-264_1W6U:A:	2	7	4	11	0	28	15	17	0	294
gi|76802488|ref|YP_327496.1|_7-109_1M7T:A:	0	5	0	4	0	10	5	6	0	106
gi|76802489|ref|YP_327497.1|_10-82_1PM3:A:	0	7	1	0	0	6	3	4	0	96
gi|76802490|ref|YP_327498.1|_158-438_1K23:A:	0	11	4	11	0	29	20	17	0	307
gi|76802490|ref|YP_327498.1|_13-142_1LSS:A:	0	6	0	6	0	14	9	7	0	132
gi|76802491|ref|YP_327499.1|_7-443_2IV2:X:1-564	10	22	7	22	0	67	42	29	0	564
gi|76802493|ref|YP_327501.1|_7-226_1W0M:A:	5	8	3	10	0	25	16	13	0	226
gi|76802494|ref|YP_327502.1|_13-101_1AIS:B:1206-1300	0	0	1	5	0	7	1	6	0	95
gi|76802497|ref|YP_327505.1|_6-180_2NR9:A:4-192	0	0	2	8	0	13	11	7	0	189
gi|76802498|ref|YP_327506.1|_6-199_1V77:A:	0	7	1	10	0	20	13	6	0	202
gi|76802502|ref|YP_327510.1|_1-63_1C9O:A:	1	5	1	0	0	5	1	4	0	66
gi|76802503|ref|YP_327511.1|_1-118_2CZV:C:3-120	0	6	2	3	0	8	3	6	0	118
gi|76802504|ref|YP_327512.1|_9-239_1J2P:A:	4	10	2	6	0	21	13	13	0	243
gi|76802505|ref|YP_327513.1|_158-230_1T95:A:162-234	0	5	2	2	0	7	2	3	0	73
gi|76802505|ref|YP_327513.1|_82-156_1T95:A:87-161	2	2	0	4	0	4	3	5	0	75
gi|76802505|ref|YP_327513.1|_2-87_1P9Q:C:2-86	1	5	0	4	0	8	3	4	0	85
gi|76802506|ref|YP_327514.1|_193-378_1MKY:A:2-172	2	6	2	6	0	13	10	9	0	171
gi|76802508|ref|YP_327516.1|_14-156_1EKR:A:	1	4	2	4	0	11	5	6	0	146
gi|76802509|ref|YP_327517.1|_2-228_2AX3:A:1-211	2	8	1	8	0	23	15	9	0	211
gi|76802509|ref|YP_327517.1|_214-473_2AX3:A:212-489	0	9	3	13	0	31	16	13	0	278
gi|76802510|ref|YP_327518.1|_3-91_1W2I:A:	0	5	0	2	0	9	4	4	0	90
gi|76802511|ref|YP_327519.1|_210-338_1YSR:A:299-446	0	7	1	4	0	11	6	6	0	148
gi|76802511|ref|YP_327519.1|_29-138_1DP6:A:	3	5	1	4	0	10	6	6	0	116
gi|76802511|ref|YP_327519.1|_130-200_2C2A:A:232-320	0	0	1	3	0	3	0	4	0	89
gi|76802512|ref|YP_327520.1|_116-299_1EBM:A:136-325	0	2	0	11	0	15	8	12	0	190
gi|76802512|ref|YP_327520.1|_6-122_1EBM:A:9-135	0	5	1	4	0	14	7	6	0	127
gi|76802514|ref|YP_327522.1|_1-82_1FOV:A:	0	4	0	4	0	10	6	4	0	82
gi|76802515|ref|YP_327523.1|_31-120_1J3Q:A:	5	14	1	2	0	28	8	11	0	187
gi|76802516|ref|YP_327524.1|_2-248_1ICI:A:	3	9	5	8	0	33	20	15	0	255
gi|76802517|ref|YP_327525.1|_235-469_1DIQ:A:243-521	3	8	5	10	0	24	13	14	0	279
gi|76802517|ref|YP_327525.1|_24-227_1W1O:A:40-245	2	10	2	6	0	23	19	14	0	206
gi|76802518|ref|YP_327526.1|_110-272_1QOR:A:113-291	2	6	1	8	0	15	10	12	0	179
gi|76802518|ref|YP_327526.1|_1-138_1YB5:A:6-120,A:295-329	2	9	3	2	0	18	11	6	1	150
gi|76802520|ref|YP_327528.1|_8-263_1TX2:A:	2	10	3	9	0	30	15	14	0	273
gi|76802521|ref|YP_327529.1|_3-160_1V2X:A:	4	7	4	6	1	16	17	10	0	191
gi|76802522|ref|YP_327530.1|_3-272,396-439_2D6F:C:1-270,C:396-444	2	17	2	6	0	32	16	16	1	319
gi|76802522|ref|YP_327530.1|_276-397_2D6F:C:271-395	0	6	1	4	0	12	7	9	0	125
gi|76802522|ref|YP_327530.1|_473-613_2F2A:B:294-400	0	0	0	8	0	9	6	9	0	118
gi|76802523|ref|YP_327531.1|_66-135_2CO5:A:5-93	1	3	1	4	0	6	3	3	0	89
gi|76802524|ref|YP_327532.1|_11-468_1VDK:A:	5	8	4	18	1	40	17	25	0	460
gi|76802525|ref|YP_327533.1|_1-77_1V9J:A:	0	3	1	4	0	13	10	2	0	112
gi|76802526|ref|YP_327534.1|_1-168_1VBK:A:1-175	1	9	0	4	0	18	12	7	0	175
gi|76802526|ref|YP_327534.1|_170-225,253-329_2C5S:A:174-391	1	6	3	9	0	18	9	9	0	218
gi|76802527|ref|YP_327535.1|_11-227_1A77:A:2-208	4	7	3	6	0	25	18	11	0	207
gi|76802527|ref|YP_327535.1|_212-327_1RXW:A:220-324	2	0	1	6	0	8	2	4	0	105
gi|76802529|ref|YP_327537.1|_50-131_2G3A:A:1-137	0	6	1	3	0	13	4	5	0	137
gi|76802530|ref|YP_327538.1|_6-174_2AVN:A:1-246	2	10	3	10	0	28	12	9	0	246
gi|76802531|ref|YP_327539.1|_8-97_1B9R:A:	1	4	1	3	0	14	7	12	0	105
gi|76802534|ref|YP_327542.1|_14-417_1PW4:A:	2	0	1	18	0	21	18	22	0	450
gi|76802536|ref|YP_327544.1|_2-322_1VLL:A:	3	15	2	12	0	33	17	19	0	321
gi|76802537|ref|YP_327545.1|_6-68_1YYV:A:9-122	0	3	1	5	0	9	4	6	0	114
gi|76802538|ref|YP_327546.1|_209-290_1S7B:A:	0	0	0	4	0	10	7	3	0	109
gi|76802538|ref|YP_327546.1|_40-142_1S7B:A:	0	0	0	4	0	10	7	3	0	109
gi|76802540|ref|YP_327548.1|_1-76_2EY4:C:1-73	2	6	0	0	0	12	4	5	0	73
gi|76802541|ref|YP_327549.1|_3-91_1LNG:A:	2	3	2	2	0	13	5	8	0	87
gi|76802542|ref|YP_327550.1|_44-301_2ETV:A:25-358	3	13	5	15	0	39	21	19	0	334
gi|76802543|ref|YP_327551.1|_3-38,66-342_1L7V:A:	2	0	2	14	0	18	8	12	0	324
gi|76802544|ref|YP_327552.1|_2-230_3D31:A:1-229	0	10	1	9	0	26	15	14	0	229
gi|76802545|ref|YP_327553.1|_13-63_2ESH:A:4-117	1	2	0	4	0	9	4	3	0	114
gi|76802546|ref|YP_327554.1|_3-130_1O4T:A:	0	11	2	0	0	13	8	5	0	115
gi|76802547|ref|YP_327555.1|_2-208,305-342_1GOS:A:4-289,A:402-500	4	15	6	13	0	40	33	22	1	385
gi|76802549|ref|YP_327557.1|_25-271_1XNG:A:3-257	1	6	2	12	0	23	10	12	0	255
gi|76802550|ref|YP_327558.1|_2-228_1HZD:A:	3	10	3	11	0	24	15	16	0	266
gi|76802554|ref|YP_327562.1|_148-203,263-326_2FF4:A:105-283	2	0	2	8	0	9	4	10	0	179
gi|76802558|ref|YP_327566.1|_124-271,331-456_2FWR:A:23-256	3	12	5	9	0	19	16	14	0	234
gi|76802565|ref|YP_327573.1|_4-118_1VJ7:A:5-196	2	0	0	11	0	14	5	9	0	192
gi|76802567|ref|YP_327575.1|_250-399,592-929_1UAA:A:2-307	4	8	4	13	0	27	16	15	0	306
gi|76802567|ref|YP_327575.1|_935-1020_1O7I:A:	2	7	3	0	0	15	2	8	0	115
gi|76802569|ref|YP_327577.1|_5-150,257-672,715-740_1QHH:A:,B:,C:,D:	6	16	12	26	0	53	23	34	3	623
gi|76802569|ref|YP_327577.1|_812-924_1W36:B:899-1174	5	5	5	9	0	31	23	9	0	276
gi|76802570|ref|YP_327578.1|_168-445_1UAA:A:308-640	4	6	3	15	0	25	16	17	0	333
gi|76802571|ref|YP_327579.1|_328-410,479-657_1Z5Z:A:663-906	0	6	1	10	0	26	11	15	0	244
gi|76802571|ref|YP_327579.1|_90-296_1Z63:A:432-661	0	7	2	11	0	24	16	18	0	230
gi|76802572|ref|YP_327580.1|_320-629,799-819,873-1010_2OKC:A:9-433	2	9	3	16	0	39	24	24	0	425
gi|76802573|ref|YP_327581.1|_73-293_2P6R:A:1-202	1	7	2	7	0	20	9	10	0	202
gi|76802573|ref|YP_327581.1|_106-166,996-1137_1HV8:A:211-365	1	6	1	6	0	17	12	7	0	155
gi|76802574|ref|YP_327582.1|_2-303_1T5J:A:	6	2	4	16	0	25	14	17	0	312
gi|76802575|ref|YP_327583.1|_4-279_1II7:A:	4	19	4	8	0	37	23	13	0	333
gi|76802576|ref|YP_327584.1|_1-52,772-923_1E69:A:	6	14	2	6	0	26	20	16	0	308
gi|76802576|ref|YP_327584.1|_1-127,158-283_1E69:A:	6	14	2	6	0	26	20	16	0	308
gi|76802578|ref|YP_327586.1|_59-150_1EI1:A:2-220	2	11	1	6	0	26	18	12	0	219
gi|76802579|ref|YP_327587.1|_14-226_1LTL:A:	2	10	4	5	0	24	9	12	0	239
gi|76802579|ref|YP_327587.1|_284-609_1G8P:A:	2	11	8	13	0	37	15	10	0	333
gi|76802581|ref|YP_327589.1|_4-68,105-191_1AIH:A:	2	3	1	9	0	13	9	12	0	170
gi|76802582|ref|YP_327590.1|_6-66,110-216_1AIH:A:	2	3	1	9	0	13	9	12	0	170
gi|76802583|ref|YP_327591.1|_18-78_1FT9:A:134-213	1	3	0	4	0	10	5	4	0	80
gi|76802585|ref|YP_327593.1|_149-315_1A0P:A:111-292	4	3	3	8	0	17	7	7	0	182
gi|76802588|ref|YP_327596.1|_324-404_1VCT:A:108-201	2	4	0	4	0	12	4	6	0	94
gi|76802588|ref|YP_327596.1|_228-308_1VCT:A:108-201	2	4	0	4	0	12	4	6	0	94
gi|76802590|ref|YP_327598.1|_1-129_2F5G:A:2-131	3	6	1	3	0	16	6	5	0	130
gi|76802592|ref|YP_327600.1|_60-178_1THX:A:	0	5	1	4	0	11	5	7	0	108
gi|76802593|ref|YP_327601.1|_212-282,315-545_1QJV:A:	5	28	2	5	0	53	36	22	0	342
gi|76802593|ref|YP_327601.1|_61-172_2HPU:A:35-160	0	7	3	3	0	17	13	5	0	126
gi|76802594|ref|YP_327602.1|_12-224_1VPL:A:	2	10	2	9	0	18	9	15	0	238
gi|76802596|ref|YP_327604.1|_227-291,344-592_1K5C:A:	1	29	3	0	0	49	30	12	0	333
gi|76802596|ref|YP_327604.1|_67-197_2HPU:A:35-160	0	7	3	3	0	17	13	5	0	126
gi|76802597|ref|YP_327605.1|_6-217_1VPL:A:	2	10	2	9	0	18	9	15	0	238
gi|76802599|ref|YP_327607.1|_37-283_2ONS:A:32-342	2	16	6	11	0	30	14	23	0	311
gi|76802600|ref|YP_327608.1|_20-261_2ONK:C:1-252	0	0	1	12	0	13	9	9	0	252
gi|76802601|ref|YP_327609.1|_3-241_1V43:A:7-245	1	10	2	8	0	20	13	15	0	239
gi|76802601|ref|YP_327609.1|_267-357_1V43:A:304-373	1	5	1	0	0	7	3	3	0	70
gi|76802602|ref|YP_327610.1|_80-197_2HPU:A:35-160	0	7	3	3	0	17	13	5	0	126
gi|76802603|ref|YP_327611.1|_67-164_2BV6:A:5-140	0	3	0	8	0	8	4	10	0	135
gi|76802605|ref|YP_327613.1|_163-321_1CLI:A:171-345	2	6	3	7	0	19	8	10	0	175
gi|76802605|ref|YP_327613.1|_11-158_1CLI:A:5-170	0	6	2	5	0	15	7	12	0	166
gi|76802607|ref|YP_327615.1|_22-320_2GMN:A:29-292	0	12	6	7	0	26	12	19	0	264
gi|76802608|ref|YP_327616.1|_1-94_1V8C:A:1-87	2	8	3	3	0	12	4	7	0	87
gi|76802609|ref|YP_327617.1|_19-150_1LQP:A:	0	9	0	3	0	16	5	7	0	134
gi|76802610|ref|YP_327618.1|_17-165_1UI0:A:	2	6	3	9	0	21	15	9	0	192
gi|76802611|ref|YP_327619.1|_73-165_1BXU:A:	0	9	2	0	0	16	7	6	0	91
gi|76802612|ref|YP_327620.1|_230-492_1IQR:A:172-416	0	0	4	13	0	24	15	15	0	245
gi|76802613|ref|YP_327621.1|_151-403_1BRW:A:71-330	2	6	2	10	0	22	16	14	0	260
gi|76802613|ref|YP_327621.1|_410-483_1BRW:A:331-433	0	7	0	2	0	13	8	6	0	103
gi|76802613|ref|YP_327621.1|_84-151_1BRW:A:1-70	0	0	0	4	0	5	2	3	0	70
gi|76802614|ref|YP_327622.1|_168-278_1O7I:A:	2	7	3	0	0	15	2	8	0	115
gi|76802614|ref|YP_327622.1|_59-156_1O7I:A:	2	7	3	0	0	15	2	8	0	115
gi|76802614|ref|YP_327622.1|_283-399_1L1O:C:	3	9	0	5	0	16	7	7	0	178
gi|76802616|ref|YP_327624.1|_19-189_2HY1:A:10-265	5	11	0	6	0	28	15	11	0	256
gi|76802617|ref|YP_327625.1|_180-550_1IA6:A:	12	3	3	16	0	48	26	23	0	431
gi|76802617|ref|YP_327625.1|_2-141_1SEN:A:	2	3	3	4	0	20	11	12	0	135
gi|76802619|ref|YP_327627.1|_6-257_1XM8:A:	1	14	3	9	0	25	7	18	0	253
gi|76802620|ref|YP_327628.1|_106-318_1GSO:A:104-327	3	9	1	7	0	21	8	11	0	224
gi|76802620|ref|YP_327628.1|_4-104_1GSO:A:2-103	3	6	0	2	0	11	7	5	0	99
gi|76802620|ref|YP_327628.1|_325-413_1VKZ:A:314-399	4	5	0	1	0	11	6	4	0	86
gi|76802621|ref|YP_327629.1|_145-253_1YQG:A:153-263	0	0	0	6	0	4	3	7	0	111
gi|76802621|ref|YP_327629.1|_4-138_1YQG:A:1-152	0	8	1	5	0	19	9	9	0	152
gi|76802622|ref|YP_327630.1|_28-277_2AKO:A:2-251	6	8	3	9	0	26	12	9	0	250
gi|76802623|ref|YP_327631.1|_3-415_1O20:A:	1	16	5	14	0	43	24	19	0	414
gi|76802624|ref|YP_327632.1|_2-86_2GTV:X:1-93	0	0	0	4	0	5	5	4	0	101
gi|76802625|ref|YP_327633.1|_10-175_1FWK:A:5-167	1	6	0	4	0	14	8	8	0	163
gi|76802626|ref|YP_327634.1|_19-151_1LQP:A:	0	9	0	3	0	16	5	7	0	134
gi|76802627|ref|YP_327635.1|_1-137_1JW3:A:	1	7	0	2	0	14	8	4	0	140
gi|76802628|ref|YP_327636.1|_37-147_2AE6:A:1-161	0	7	3	4	0	10	4	9	0	161
gi|76802629|ref|YP_330724.1|_1-221,291-390_1ZT2:A:3-329	6	18	3	9	0	40	19	15	0	327
gi|76802631|ref|YP_330726.1|_1-251_1A88:A:	4	8	1	11	0	28	19	18	0	275
gi|76802633|ref|YP_330728.1|_464-741_1OZ4:A:471-763	2	0	3	7	0	31	24	19	0	292
gi|76802633|ref|YP_330728.1|_191-457_1E32:A:201-458	3	5	4	12	0	28	13	14	0	258
gi|76802633|ref|YP_330728.1|_2-85_1CZ4:A:1-91	0	6	0	2	0	11	5	5	0	91
gi|76802633|ref|YP_330728.1|_87-198_1CZ4:A:92-185	1	6	0	1	0	18	10	5	0	94
gi|76802635|ref|YP_330730.1|_43-204,235-375_1HV8:A:211-365	1	6	1	6	0	17	12	7	0	155
gi|76802636|ref|YP_330731.1|_390-552_1ZJ8:A:162-326	2	6	4	4	0	18	14	6	0	165
gi|76802636|ref|YP_330731.1|_634-780_1ZJ8:A:407-555	4	6	2	5	0	20	9	10	0	149
gi|76802636|ref|YP_330731.1|_285-388_1ZJ8:A:10-161	2	5	9	7	0	16	8	9	0	152
gi|76802636|ref|YP_330731.1|_7-125_1URH:A:2-148	2	5	1	5	0	18	9	9	0	147
gi|76802636|ref|YP_330731.1|_143-254_1UAR:A:145-285	4	5	3	5	0	18	12	9	0	141
gi|76802636|ref|YP_330731.1|_520-650_2AKJ:A:346-430	1	5	1	3	0	5	6	5	0	85
gi|76802637|ref|YP_330732.1|_26-99_1H7W:A:845-1017	3	6	3	4	0	18	10	9	0	173
gi|76802645|ref|YP_330740.1|_313-691_1G6O:A:	2	13	3	9	0	31	22	19	0	323
gi|76802646|ref|YP_330741.1|_5-379_1GDE:A:	4	12	7	13	0	42	12	25	0	388
gi|76802647|ref|YP_330742.1|_65-146_1RI7:A:85-170	0	4	0	2	0	8	5	5	0	86
gi|76802647|ref|YP_330742.1|_6-59_1I1G:A:2-61	0	0	1	3	0	5	4	4	0	60
gi|76802649|ref|YP_330744.1|_7-411_1PW4:A:	2	0	1	18	0	21	18	22	0	450
gi|76802650|ref|YP_330745.1|_12-185_2QED:A:1-251	1	14	2	9	0	27	10	18	0	251
gi|76802654|ref|YP_330749.1|_89-200_1P7G:A:104-222	3	3	2	5	0	9	6	7	0	119
gi|76802654|ref|YP_330749.1|_7-92_1BSM:A:1-86	1	0	0	3	0	6	3	6	0	86
gi|76802655|ref|YP_330750.1|_174-459_1DNP:A:201-469	0	0	5	14	0	25	15	19	0	269
gi|76802655|ref|YP_330750.1|_2-177_1OWL:A:3-204	0	5	2	7	0	23	14	9	0	202
gi|76802656|ref|YP_330751.1|_24-265_1B0P:A:786-1232	9	8	4	17	0	46	33	30	0	447
gi|76802657|ref|YP_330752.1|_218-485_1B0P:A:2-258	2	11	0	10	0	22	13	9	0	257
gi|76802657|ref|YP_330752.1|_7-242_1B0P:A:416-668	2	6	4	9	0	29	21	11	0	253
gi|76802657|ref|YP_330752.1|_501-618_1B0P:A:259-415	1	7	1	4	0	20	14	8	0	157
gi|76802659|ref|YP_330754.1|_9-247_1UKW:A:32-258	3	8	6	6	0	18	8	13	0	227
gi|76802659|ref|YP_330754.1|_233-380_1UKW:A:259-410	2	0	3	5	0	5	5	4	0	152
gi|76802660|ref|YP_330755.1|_12-257_1V8A:A:	2	9	1	11	0	20	8	10	0	264
gi|76802661|ref|YP_330756.1|_3-208_2TPS:A:	0	8	1	10	0	22	17	13	0	226
gi|76802666|ref|YP_330761.1|_33-247_1ORN:A:	0	0	4	12	0	19	14	11	0	225
gi|76802668|ref|YP_330763.1|_1-143_2HY1:A:10-265	5	11	0	6	0	28	15	11	0	256
gi|76802670|ref|YP_330765.1|_10-300_1IXK:A:	0	13	5	10	0	28	19	14	0	313
gi|76802671|ref|YP_330766.1|_4-233_2P90:A:6-274	3	11	3	8	0	25	11	7	0	269
gi|76802673|ref|YP_330768.1|_6-48,87-231,330-415_2Q43:A:16-194,A:314-407	3	10	2	8	0	25	12	18	1	273
gi|76802673|ref|YP_330768.1|_216-326_1YSJ:A:178-292	0	4	0	2	0	9	4	1	0	115
gi|76802674|ref|YP_330769.1|_15-225_1Z72:A:4-220	0	0	0	11	0	14	6	9	0	217
gi|76802675|ref|YP_330770.1|_1-212_1TO9:A:	0	0	0	12	0	12	6	10	0	225
gi|76802677|ref|YP_330772.1|_1-188_1P91:A:	4	11	1	8	0	29	16	19	0	268
gi|76802679|ref|YP_330774.1|_5-99_2QAL:J:5-102	4	5	0	2	0	13	6	3	0	98
gi|76802680|ref|YP_330775.1|_6-133_1VCD:A:1-126	1	7	0	3	0	16	6	5	0	126
gi|76802681|ref|YP_330776.1|_94-235_1TQI:A:91-282	0	10	1	4	0	15	9	8	0	192
gi|76802682|ref|YP_330777.1|_90-140_1U0T:A:	0	20	3	5	0	30	14	14	0	302
gi|76802684|ref|YP_330779.1|_1-189_1T3E:A:499-653	2	9	0	5	0	17	9	9	0	155
gi|76802687|ref|YP_330782.1|_7-89_1Q1H:A:	1	2	0	5	0	10	5	6	0	88
gi|76802689|ref|YP_330784.1|_6-175_2O3A:A:1-167	0	8	0	6	0	16	9	6	0	166
gi|76802690|ref|YP_330785.1|_2-304_2B69:A:4-315	4	13	3	9	0	33	14	16	0	312
gi|76802694|ref|YP_330789.1|_6-111_1M7T:A:	0	5	0	4	0	10	5	6	0	106
gi|76802695|ref|YP_330790.1|_10-178_2AVN:A:1-246	2	10	3	10	0	28	12	9	0	246
gi|76802696|ref|YP_330791.1|_19-111_2D1H:A:1-109	0	3	1	5	0	8	2	5	0	109
gi|76802698|ref|YP_330793.1|_8-152_2FE7:A:3-158	0	7	3	5	0	12	3	9	0	156
gi|76802699|ref|YP_330794.1|_2-395_1PHP:A:	3	17	9	14	0	49	28	25	0	394
gi|76802702|ref|YP_330797.1|_34-282_1G6H:A:	2	11	5	9	0	21	16	17	0	254
gi|76802703|ref|YP_330798.1|_19-124,152-280_1JI0:A:	2	10	1	10	0	19	14	15	0	240
gi|76802704|ref|YP_330799.1|_247-433_1USG:A:	4	14	6	11	0	33	12	17	0	346
gi|76802704|ref|YP_330799.1|_39-156,183-220_1EWK:A:	4	16	4	13	0	53	17	31	0	477
gi|76802707|ref|YP_330802.1|_6-142_1K0S:A:	0	10	0	2	0	18	14	7	0	151
gi|76802709|ref|YP_330804.1|_2-532_1V25:A:	8	24	4	16	0	59	31	33	0	534
gi|76802710|ref|YP_330805.1|_31-216_1SUI:A:21-247	5	7	5	8	0	25	14	15	0	227
gi|76802711|ref|YP_330806.1|_10-187_2CVB:A:2-188	4	9	3	5	0	26	11	11	0	187
gi|76802712|ref|YP_330807.1|_41-137_1S7B:A:	0	0	0	4	0	10	7	3	0	109
gi|76802713|ref|YP_330808.1|_3-270_1KA9:F:	2	11	1	10	0	25	15	15	0	251
gi|76802714|ref|YP_330809.1|_3-70_1EXK:A:	2	6	2	0	0	10	7	6	0	79
gi|76802715|ref|YP_330810.1|_2-93_1BDF:A:2-52,A:179-232	1	4	1	2	0	10	8	2	1	105
gi|76802716|ref|YP_330811.1|_39-358_1JU3:A:5-351	2	14	1	13	1	36	21	29	0	347
gi|76802716|ref|YP_330811.1|_398-503_1LNS:A:551-763	1	16	1	2	0	28	13	7	0	213
gi|76802717|ref|YP_330812.1|_1-250_1VL8:A:	2	7	6	9	0	25	10	14	0	251
gi|76802718|ref|YP_330813.1|_3-181,271-362_1JU2:A:1-293,A:464-521	13	17	8	7	0	40	25	18	1	351
gi|76802719|ref|YP_330814.1|_20-188_1MPG:A:100-282	2	0	1	10	0	23	11	14	0	183
gi|76802720|ref|YP_330815.1|_9-178_1T3D:A:	1	15	1	9	0	44	13	14	0	262
gi|76802721|ref|YP_330816.1|_23-330,371-647_1V25:A:	8	24	4	16	0	59	31	33	0	534
gi|76802726|ref|YP_330821.1|_184-434_1E32:A:201-458	3	5	4	12	0	28	13	14	0	258
gi|76802726|ref|YP_330821.1|_437-699_1OZ4:A:471-763	2	0	3	7	0	31	24	19	0	292
gi|76802726|ref|YP_330821.1|_2-85_1CZ4:A:1-91	0	6	0	2	0	11	5	5	0	91
gi|76802726|ref|YP_330821.1|_90-191_1CZ4:A:92-185	1	6	0	1	0	18	10	5	0	94
gi|76802728|ref|YP_330823.1|_1-262_2HHM:A:	1	14	1	8	0	23	13	16	0	272
gi|76802730|ref|YP_330825.1|_1-77_1IIO:A:	4	0	2	3	0	7	6	5	0	83
gi|76802731|ref|YP_330826.1|_85-262_2FB5:A:5-205	2	7	1	5	0	18	8	14	0	201
gi|76802732|ref|YP_330827.1|_197-255_2OAU:A:113-179	0	5	0	2	0	7	5	3	0	67
gi|76802732|ref|YP_330827.1|_110-187_2OAU:A:27-112	0	0	0	3	0	3	0	1	0	86
gi|76802733|ref|YP_330828.1|_32-176_1KRR:A:	6	18	1	3	0	40	15	16	0	200
gi|76802734|ref|YP_330829.1|_303-418,470-592_2FWR:A:23-256	3	12	5	9	0	19	16	14	0	234
gi|76802734|ref|YP_330829.1|_262-323_2FWR:A:23-256	3	12	5	9	0	19	16	14	0	234
gi|76802736|ref|YP_330831.1|_7-111_1LQP:A:	0	9	0	3	0	16	5	7	0	134
gi|76802736|ref|YP_330831.1|_125-233_1LQP:A:	0	9	0	3	0	16	5	7	0	134
gi|76802738|ref|YP_330833.1|_1-243_1J9L:A:	2	11	2	6	0	30	17	12	0	247
gi|76802739|ref|YP_330834.1|_33-421_1X74:A:2-360	0	12	4	14	1	37	25	27	0	359
gi|76802740|ref|YP_330835.1|_12-275_1J31:A:	1	16	2	7	0	32	15	15	0	262
gi|76802741|ref|YP_330836.1|_10-266_1JQI:A:4-234	3	8	4	7	0	17	12	12	0	231
gi|76802741|ref|YP_330836.1|_258-403_2D29:A:235-387	1	2	3	5	0	4	4	6	0	153
gi|76802743|ref|YP_330838.1|_1-158_2CX4:A:4-163	2	9	0	5	0	19	10	14	0	159
gi|76802745|ref|YP_330840.1|_13-223_1RRQ:A:9-229	0	0	3	12	0	21	13	15	0	221
gi|76802746|ref|YP_330841.1|_138-296_2AKJ:A:175-345	4	6	4	4	0	23	13	7	0	171
gi|76802746|ref|YP_330841.1|_402-552_2AKJ:A:431-556	2	7	2	2	0	17	6	8	0	126
gi|76802746|ref|YP_330841.1|_15-137_2AKJ:A:22-174	0	7	5	8	0	17	7	12	0	153
gi|76802746|ref|YP_330841.1|_274-416_2AKJ:A:346-430	1	5	1	3	0	5	6	5	0	85
gi|76802747|ref|YP_330842.1|_3-555_2NAP:A:4-600	7	23	7	21	0	74	46	46	0	597
gi|76802747|ref|YP_330842.1|_562-678_2NAP:A:601-723	3	6	3	1	0	20	9	9	0	123
gi|76802748|ref|YP_330843.1|_10-421_1PW4:A:	2	0	1	18	0	21	18	22	0	450
gi|76802749|ref|YP_330844.1|_1-196_1BYI:A:	2	10	2	8	0	28	14	14	0	224
gi|76802750|ref|YP_330845.1|_50-395_1FC4:A:	4	15	0	16	0	43	22	25	0	400
gi|76802751|ref|YP_330846.1|_1-189_1EUZ:A:181-419	2	7	2	9	0	26	9	15	0	239
gi|76802752|ref|YP_330847.1|_22-332_1R30:A:	5	9	1	11	0	35	25	12	0	312
gi|76802753|ref|YP_330848.1|_48-417_2LIV:A:	4	14	6	11	0	34	17	17	0	344
gi|76802754|ref|YP_330849.1|_30-649_1PG4:A:	11	30	5	21	0	71	40	44	0	643
gi|76802755|ref|YP_330850.1|_30-555_1PG4:A:	11	30	5	21	0	71	40	44	0	643
gi|76802756|ref|YP_330851.1|_2-227_1U5H:A:	2	8	3	10	0	23	17	16	0	223
gi|76802757|ref|YP_330852.1|_10-144_2Q78:A:1-130	3	5	3	2	0	11	4	5	0	130
gi|76802758|ref|YP_330853.1|_1-151_1Q6W:A:	4	6	2	4	0	16	6	8	0	151
gi|76802759|ref|YP_330854.1|_304-575_1VRG:A:252-515	3	8	5	10	0	23	16	16	0	264
gi|76802759|ref|YP_330854.1|_73-316_1VRG:A:1-251	6	7	5	10	0	21	10	13	0	251
gi|76802760|ref|YP_330855.1|_83-349_1ULZ:A:115-328	2	8	1	6	0	23	11	8	0	214
gi|76802760|ref|YP_330855.1|_1-114_1DV1:A:1-114	0	5	2	5	0	11	5	6	0	114
gi|76802760|ref|YP_330855.1|_331-444_1ULZ:A:329-451	2	7	2	3	0	15	9	6	0	123
gi|76802760|ref|YP_330855.1|_514-582_1O78:A:	4	6	0	0	0	18	11	2	0	84
gi|76802761|ref|YP_330856.1|_2-247_1IVH:A:6-241	3	8	6	7	0	20	10	16	0	236
gi|76802761|ref|YP_330856.1|_232-380_2D29:A:235-387	1	2	3	5	0	4	4	6	0	153
gi|76802762|ref|YP_330857.1|_6-517_1V25:A:	8	24	4	16	0	59	31	33	0	534
gi|76802763|ref|YP_330858.1|_65-248_1MKM:A:76-246	0	6	1	5	0	15	11	6	0	171
gi|76802763|ref|YP_330858.1|_10-80_1MKM:A:1-75	1	2	0	4	0	9	3	5	0	75
gi|76802765|ref|YP_330860.1|_11-254_1F2T:A:,B:	2	15	3	7	0	24	21	15	1	292
gi|76802766|ref|YP_330861.1|_3-254,353-413_1NEK:A:1-235,A:356-450	7	17	3	8	0	41	22	15	1	330
gi|76802766|ref|YP_330861.1|_474-611_1KF6:A:443-576	6	2	0	3	0	16	7	5	0	134
gi|76802766|ref|YP_330861.1|_231-350_1KF6:A:226-357	3	4	3	4	0	19	6	10	0	132
gi|76802767|ref|YP_330862.1|_151-282_1NEK:B:107-238	0	0	0	8	0	16	6	9	0	132
gi|76802767|ref|YP_330862.1|_48-150_1KF6:B:1-105	2	7	2	1	0	15	3	8	0	105
gi|76802768|ref|YP_330863.1|_4-117_2BS2:C:1-254	0	0	3	9	0	16	7	12	0	255
gi|76802769|ref|YP_330864.1|_19-120_1NEK:C:	1	0	1	4	0	7	4	3	0	129
gi|76802770|ref|YP_330865.1|_21-317_1YW6:A:1-322	7	15	0	7	0	42	27	13	0	322
gi|76802771|ref|YP_330866.1|_102-289_1UC8:A:89-280	2	8	0	6	0	15	6	8	0	192
gi|76802771|ref|YP_330866.1|_327-434_2PMA:A:26-166	0	11	1	1	0	9	4	8	0	141
gi|76802772|ref|YP_330867.1|_1-303_1H5R:A:	0	13	5	11	0	29	20	21	0	290
gi|76802772|ref|YP_330867.1|_239-396_1HV9:A:252-452	3	24	0	0	0	46	11	16	0	201
gi|76802773|ref|YP_330868.1|_6-248_1VL8:A:	2	7	6	9	0	25	10	14	0	251
gi|76802781|ref|YP_330876.1|_74-180_2CUA:B:	4	10	2	0	0	15	9	9	0	135
gi|76802782|ref|YP_330877.1|_31-516_1EHK:A:	6	2	5	24	0	31	17	32	0	549
gi|76802784|ref|YP_330879.1|_488-508,566-805_2B8E:A:416-434,A:548-663	2	6	0	6	1	16	9	5	1	135
gi|76802784|ref|YP_330879.1|_297-384_1SU4:A:125-239	2	9	3	0	0	21	10	7	0	115
gi|76802784|ref|YP_330879.1|_59-134_1JWW:A:	0	4	0	2	0	7	5	4	0	80
gi|76802784|ref|YP_330879.1|_258-291,391-484,755-783_1SU4:A:1-124,A:240-343,A:751-994	1	1	8	18	0	32	20	22	2	472
gi|76802785|ref|YP_330880.1|_19-313_3CMN:A:43-391	1	2	3	15	0	18	8	11	0	346
gi|76802787|ref|YP_330882.1|_7-83,172-341_1Y0Y:A:164-351,A:6-72	3	12	4	7	0	26	14	13	1	253
gi|76802787|ref|YP_330882.1|_71-177_1Y0Y:A:73-163	0	6	2	1	0	10	4	5	0	91
gi|76802788|ref|YP_330883.1|_5-60_1I4K:1:	0	5	2	1	0	6	2	2	0	72
gi|76802790|ref|YP_330885.1|_251-469_1GPH:1:235-465	2	10	2	10	0	29	15	13	0	231
gi|76802790|ref|YP_330885.1|_14-236_1GPH:1:1-234	3	13	2	6	0	27	14	15	0	234
gi|76802791|ref|YP_330886.1|_1-102_1NEE:A:1-98	1	3	0	4	0	10	9	4	0	98
gi|76802791|ref|YP_330886.1|_99-131_1NEE:A:99-135	0	2	0	1	0	6	5	3	0	37
gi|76802792|ref|YP_330887.1|_1-76_2GF4:A:1-89	0	0	0	4	0	6	2	7	0	89
gi|76802795|ref|YP_330890.1|_397-655_1HZD:A:	3	10	3	11	0	24	15	16	0	266
gi|76802795|ref|YP_330890.1|_6-187_1WDK:A:311-496	0	8	3	6	0	20	12	8	0	186
gi|76802795|ref|YP_330890.1|_190-292_1F0Y:A:204-302	3	0	1	5	0	8	3	5	0	99
gi|76802795|ref|YP_330890.1|_303-384_3HDH:A:204-302	3	0	1	5	0	8	3	5	0	99
gi|76802796|ref|YP_330891.1|_1-85_2OO2:A:1-75	0	2	1	3	0	3	1	2	0	74
gi|76802797|ref|YP_330892.1|_139-232_1AIS:B:1108-1205	0	0	0	5	0	7	1	6	0	98
gi|76802797|ref|YP_330892.1|_236-322_1AIS:B:1206-1300	0	0	1	5	0	7	1	6	0	95
gi|76802797|ref|YP_330892.1|_30-74_1PFT:A:	1	2	0	0	0	7	5	2	0	50
gi|76802799|ref|YP_330894.1|_5-119_1PBJ:A:2-121	4	6	1	6	0	13	4	7	0	120
gi|76802801|ref|YP_330896.1|_7-259_1OY0:A:	1	8	2	10	0	27	16	14	0	262
gi|76802806|ref|YP_330901.1|_1-130_2QI2:A:1-126	0	7	0	2	0	13	4	5	0	126
gi|76802806|ref|YP_330901.1|_244-354_2VGN:A:278-381	0	4	1	4	0	7	6	6	0	105
gi|76802806|ref|YP_330901.1|_133-247_2QI2:A:127-243	0	5	0	6	0	11	8	3	0	117
gi|76802807|ref|YP_330902.1|_1-249_1Y44:A:1-307	11	14	2	7	0	35	16	14	0	307
gi|76802811|ref|YP_330906.1|_123-286_1OI7:A:122-288	1	6	1	5	0	17	10	5	0	167
gi|76802811|ref|YP_330906.1|_1-122_1EUC:A:1-130	0	7	1	4	0	14	5	8	0	130
gi|76802812|ref|YP_330907.1|_1-226_2SCU:B:1-238	1	12	3	7	0	24	11	11	0	238
gi|76802812|ref|YP_330907.1|_231-376_2SCU:B:239-385	1	6	0	6	0	15	10	5	0	147
gi|76802814|ref|YP_330909.1|_1-220_1VD6:A:8-224	2	11	4	8	0	25	19	15	0	218
gi|76802815|ref|YP_330910.1|_3-430_2A65:A:5-513	2	2	0	28	0	21	17	29	0	509
gi|76802816|ref|YP_330911.1|_225-516_1XNY:A:268-530	2	8	5	11	0	24	14	14	0	263
gi|76802816|ref|YP_330911.1|_5-256_1XNY:A:10-267	3	9	4	10	0	22	16	13	0	258
gi|76802818|ref|YP_330913.1|_83-355_1DV1:A:115-330	3	7	1	6	0	20	10	7	0	216
gi|76802818|ref|YP_330913.1|_1-112_1DV1:A:1-114	0	5	2	5	0	11	5	6	0	114
gi|76802818|ref|YP_330913.1|_343-459_1ULZ:A:329-451	2	7	2	3	0	15	9	6	0	123
gi|76802818|ref|YP_330913.1|_539-613_1O78:A:	4	6	0	0	0	18	11	2	0	84
gi|76802819|ref|YP_330914.1|_9-247_1YXM:A:7-303	4	7	7	9	0	27	14	20	0	297
gi|76802820|ref|YP_330915.1|_485-603_1WJG:A:	0	5	1	4	0	15	7	4	0	135
gi|76802820|ref|YP_330915.1|_616-732_1WJG:A:	0	5	1	4	0	15	7	4	0	135
gi|76802821|ref|YP_330916.1|_8-327_1F07:A:	3	9	1	14	0	32	15	15	0	321
gi|76802822|ref|YP_330917.1|_111-449_1F52:A:101-468	4	12	5	10	0	37	24	21	0	368
gi|76802822|ref|YP_330917.1|_12-108_1F52:A:1-100	0	6	3	2	0	15	6	4	0	100
gi|76802823|ref|YP_330918.1|_75-243_1WQW:A:1-188	4	7	1	5	0	17	10	11	0	188
gi|76802823|ref|YP_330918.1|_2-57_1J5Y:A:3-67	1	2	0	3	0	7	2	4	0	65
gi|76802823|ref|YP_330918.1|_258-300_1WQW:A:189-235	0	5	0	0	0	7	5	2	0	47
gi|76802825|ref|YP_330920.1|_38-153_1QUW:A:	0	4	0	4	0	11	5	6	0	105
gi|76802826|ref|YP_330921.1|_71-219_1NML:A:1-166	3	1	3	8	0	22	13	9	0	166
gi|76802826|ref|YP_330921.1|_218-383_1IQC:A:151-308	4	2	3	5	0	18	13	11	0	158
gi|76802827|ref|YP_330922.1|_107-318_1I7O:A:214-429	6	15	5	3	0	34	15	10	0	216
gi|76802828|ref|YP_330923.1|_6-260_1R61:A:	2	12	4	3	0	32	14	14	0	205
gi|76802836|ref|YP_330931.1|_21-131_1DP6:A:	3	5	1	4	0	10	6	6	0	116
gi|76802836|ref|YP_330931.1|_131-303_2K2N:A:31-200	1	5	1	4	0	22	14	6	0	170
gi|76802838|ref|YP_330933.1|_5-379_1J32:A:	5	12	5	14	0	43	14	24	0	388
gi|76802839|ref|YP_330934.1|_5-137_1HQK:A:	0	7	2	5	0	11	5	8	0	154
gi|76802840|ref|YP_330935.1|_23-61,177-254_1ORU:A:	2	12	2	3	0	22	16	15	0	182
gi|76802841|ref|YP_330936.1|_13-112_1EIJ:A:	0	0	0	4	0	7	4	2	0	72
gi|76802842|ref|YP_330937.1|_3-141_1VL2:A:2-169	2	5	1	8	0	15	6	10	0	168
gi|76802846|ref|YP_330941.1|_2-114_1B78:A:	1	7	3	6	0	19	11	10	0	184
gi|76802846|ref|YP_330941.1|_149-212_1V7R:A:	1	6	4	6	0	15	10	9	0	186
gi|76802848|ref|YP_330943.1|_38-271_1SGJ:A:	0	8	2	10	0	19	18	15	0	231
gi|76802849|ref|YP_330944.1|_27-343_1UJQ:A:	3	8	1	13	0	29	18	8	0	283
gi|76802850|ref|YP_330945.1|_17-294_1JK0:A:	0	0	5	16	1	23	10	16	0	334
gi|76802851|ref|YP_330946.1|_159-218_1XSV:A:	0	0	1	6	0	8	2	4	0	106
gi|76802853|ref|YP_330948.1|_4-338_1LI5:A:1-315	10	12	4	9	0	33	15	16	0	315
gi|76802853|ref|YP_330948.1|_366-496_1U0B:B:316-461	1	2	0	8	0	14	6	10	0	146
gi|76802855|ref|YP_330950.1|_66-127_2CO5:A:5-93	1	3	1	4	0	6	3	3	0	89
gi|76802858|ref|YP_330953.1|_11-142_1ZAV:A:1-177	0	5	2	6	0	12	5	9	0	177
gi|76802859|ref|YP_330954.1|_5-210_1DWU:A:	0	10	3	8	0	22	10	12	0	213
gi|76802860|ref|YP_330955.1|_4-79_2GYC:G:2-72	4	0	0	0	0	11	6	4	0	71
gi|76802860|ref|YP_330955.1|_64-136_1S72:I:	0	2	0	3	0	7	5	3	0	70
gi|76802861|ref|YP_330956.1|_63-305_1UDX:A:157-336	0	7	2	6	0	22	13	8	0	180
gi|76802861|ref|YP_330956.1|_289-368_1WXQ:A:320-395	1	4	0	2	0	9	4	5	0	76
gi|76802863|ref|YP_330958.1|_5-158_2C21:A:3-141	0	8	1	3	0	13	7	7	0	139
gi|76802863|ref|YP_330958.1|_130-249_2C21:A:3-141	0	8	1	3	0	13	7	7	0	139
gi|76802865|ref|YP_330960.1|_5-393_1V7C:A:	3	11	6	14	0	34	24	19	0	351
gi|76802869|ref|YP_330964.1|_4-134_1IUK:A:	1	7	2	6	0	17	9	9	0	136
gi|76802871|ref|YP_330966.1|_192-288_2OAU:A:180-280	1	4	0	2	0	10	4	5	0	101
gi|76802871|ref|YP_330966.1|_123-187_2OAU:A:113-179	0	5	0	2	0	7	5	3	0	67
gi|76802871|ref|YP_330966.1|_41-122_2OAU:A:27-112	0	0	0	3	0	3	0	1	0	86
gi|76802872|ref|YP_330967.1|_5-82_1RQ8:A:	0	4	0	3	0	9	6	3	0	96
gi|76802875|ref|YP_330970.1|_3-152_1N13:A:,B:	3	8	0	2	0	18	8	7	1	158
gi|76802877|ref|YP_330972.1|_1-318_1PYF:A:	6	11	6	11	0	33	19	21	0	311
gi|76802878|ref|YP_330973.1|_98-288_1KRR:A:	6	18	1	3	0	40	15	16	0	200
gi|76802879|ref|YP_330974.1|_1-332_1KQ3:A:	4	8	5	13	0	31	18	21	0	375
gi|76802881|ref|YP_330976.1|_12-212_1ORN:A:	0	0	4	12	0	19	14	11	0	225
gi|76802883|ref|YP_330978.1|_115-207_1PJQ:A:114-215	0	2	0	5	0	8	3	6	0	102
gi|76802883|ref|YP_330978.1|_1-103_1PJQ:A:1-113	2	7	1	3	0	13	7	7	0	113
gi|76802884|ref|YP_330979.1|_11-154_1GPJ:A:1-143	0	4	0	6	0	10	6	12	0	143
gi|76802884|ref|YP_330979.1|_157-304_1GPJ:A:144-302	2	6	2	6	0	18	12	7	0	159
gi|76802884|ref|YP_330979.1|_307-413_1GPJ:A:303-404	0	0	0	3	0	4	3	4	0	102
gi|76802885|ref|YP_330980.1|_119-259_1PBJ:A:2-121	4	6	1	6	0	13	4	7	0	120
gi|76802885|ref|YP_330980.1|_2-118_1PVM:A:1-142	6	6	4	5	0	14	7	11	0	142
gi|76802885|ref|YP_330980.1|_282-367_1L4S:A:	0	4	0	2	0	10	7	4	0	112
gi|76802886|ref|YP_330981.1|_700-959_1A9X:A:677-935	1	11	2	8	0	28	16	9	0	259
gi|76802886|ref|YP_330981.1|_126-401_1A9X:A:128-402	4	11	3	7	0	30	24	12	0	275
gi|76802886|ref|YP_330981.1|_4-125_1A9X:A:1-127	2	5	2	5	0	17	8	6	0	127
gi|76802886|ref|YP_330981.1|_576-699_1A9X:A:556-676	3	4	0	6	0	13	10	8	0	121
gi|76802886|ref|YP_330981.1|_397-493,526-561_1A9X:A:403-555	3	2	1	7	0	15	8	10	0	153
gi|76802891|ref|YP_330986.1|_5-187_1XHC:A:1-103,A:226-289	4	11	2	5	0	18	13	9	1	165
gi|76802891|ref|YP_330986.1|_147-310_1D7Y:A:5-115,A:237-308	4	13	4	4	0	25	13	11	1	183
gi|76802893|ref|YP_330988.1|_2-299,400-443_1F8R:A:4-319,A:433-486	5	16	5	15	0	36	19	22	1	370
gi|76802895|ref|YP_330990.1|_1-148_1FWK:A:5-167	1	6	0	4	0	14	8	8	0	163
gi|76802895|ref|YP_330990.1|_155-273_1FWK:A:168-300	1	6	1	6	0	13	8	6	0	133
gi|76802896|ref|YP_330991.1|_9-124_2HI7:B:14-162	0	0	2	6	0	8	7	9	0	149
gi|76802897|ref|YP_330992.1|_25-274_1ZNN:A:18-271	0	8	3	10	0	24	18	11	0	254
gi|76802902|ref|YP_330997.1|_158-260_1DD9:A:	1	11	4	13	0	31	18	15	0	314
gi|76802903|ref|YP_330998.1|_2-123_1S3Z:A:	0	6	2	4	0	13	7	6	0	164
gi|76802905|ref|YP_331000.1|_17-197_1JP3:A:	0	6	3	7	0	23	13	11	0	228
gi|76802907|ref|YP_331002.1|_8-139_2EF7:A:1-127	5	7	2	4	0	12	7	10	0	127
gi|76802908|ref|YP_331003.1|_21-250_1JP3:A:	0	6	3	7	0	23	13	11	0	228
gi|76802909|ref|YP_331004.1|_1-63_1C9O:A:	1	5	1	0	0	5	1	4	0	66
gi|76802911|ref|YP_331006.1|_42-352_2Q80:A:6-296	0	2	0	15	0	16	4	15	0	291
gi|76802912|ref|YP_331007.1|_72-222_1SUW:A:	3	16	3	5	0	25	14	15	0	249
gi|76802914|ref|YP_331009.1|_12-267_1MZR:A:	4	10	3	10	0	33	15	16	0	274
gi|76802915|ref|YP_331010.1|_2-61,92-181,270-362_2I0Z:A:1-192,A:362-420	4	15	6	8	0	27	12	15	1	251
gi|76802916|ref|YP_331011.1|_1-469_2F2A:A:1-485	12	11	6	15	0	46	29	35	0	485
gi|76802917|ref|YP_331012.1|_4-87_2CJO:A:	0	4	1	2	0	15	8	5	0	97
gi|76802918|ref|YP_331013.1|_24-116,166-234_1ZUN:A:1-211	1	6	3	6	0	23	12	9	0	211
gi|76802920|ref|YP_331015.1|_31-204_1VL5:A:	2	8	2	9	0	21	9	11	0	231
gi|76802922|ref|YP_331017.1|_10-323_1DHS:A:	2	9	3	16	0	28	17	24	0	361
gi|76802923|ref|YP_331018.1|_5-258_1ULQ:A:3-275	4	10	3	8	0	29	17	14	0	273
gi|76802923|ref|YP_331018.1|_260-381_1WDK:C:264-391	2	4	3	5	0	10	4	7	0	128
gi|76802925|ref|YP_331020.1|_5-140_2HTI:A:10-165	0	7	0	3	0	8	2	2	0	156
gi|76802926|ref|YP_331021.1|_1-129_1WJG:A:	0	5	1	4	0	15	7	4	0	135
gi|76802926|ref|YP_331021.1|_137-259_1MJH:A:	0	5	1	4	0	16	7	5	0	160
gi|76802926|ref|YP_331021.1|_268-374_1E0Z:A:	0	6	1	5	0	17	10	9	0	128
gi|76802929|ref|YP_331024.1|_150-279_1MJH:A:	0	5	1	4	0	16	7	5	0	160
gi|76802929|ref|YP_331024.1|_2-136_1MJH:A:	0	5	1	4	0	16	7	5	0	160
gi|76802930|ref|YP_331025.1|_39-471_1WYU:B:2-472	8	12	4	15	0	59	32	31	0	473
gi|76802931|ref|YP_331026.1|_7-439_1WYU:A:1-437	7	13	8	13	0	46	28	24	0	437
gi|76802936|ref|YP_331031.1|_862-1006_2C2A:A:321-481	0	7	2	3	0	13	4	10	0	161
gi|76802936|ref|YP_331031.1|_297-406_1N9L:A:	0	5	1	3	0	14	5	7	0	109
gi|76802936|ref|YP_331031.1|_167-279_1LL8:A:	0	6	1	2	0	15	8	9	0	113
gi|76802936|ref|YP_331031.1|_650-760_1EW0:A:	2	5	2	5	0	11	8	8	0	130
gi|76802936|ref|YP_331031.1|_558-662_1P97:A:	0	5	0	4	0	12	9	7	0	113
gi|76802936|ref|YP_331031.1|_420-532_1P97:A:	0	5	0	4	0	12	9	7	0	113
gi|76802937|ref|YP_331032.1|_74-224,267-282,317-423_1QNI:A:10-450	9	30	5	5	0	52	30	21	0	441
gi|76802938|ref|YP_331033.1|_26-123_1M42:A:	0	9	0	0	0	15	11	4	0	102
gi|76802946|ref|YP_331041.1|_176-466_1CSE:E:	6	10	0	9	0	36	18	23	0	274
gi|76802947|ref|YP_331042.1|_4-145_2F5G:A:2-131	3	6	1	3	0	16	6	5	0	130
gi|76802948|ref|YP_331043.1|_2-44_1P94:A:	0	2	1	3	0	8	4	5	0	76
gi|76802951|ref|YP_331046.1|_77-209_1C0M:A:49-216	1	5	2	6	0	18	15	5	0	168
gi|76802957|ref|YP_331052.1|_12-290_1E32:A:201-458	3	5	4	12	0	28	13	14	0	258
gi|76802958|ref|YP_331053.1|_1-234,268-309_1FXO:A:	0	13	5	12	0	26	18	21	0	292
gi|76802958|ref|YP_331053.1|_241-381_1HM9:A:252-459	3	28	3	0	0	55	16	17	0	208
gi|76802959|ref|YP_331054.1|_240-603_1MOQ:A:	1	12	7	13	0	28	17	19	0	366
gi|76802959|ref|YP_331054.1|_2-215_1XFF:A:	1	15	3	5	0	29	16	11	0	238
gi|76802960|ref|YP_331055.1|_1-231,265-306_1LVW:A:	1	14	3	11	0	29	22	21	0	294
gi|76802960|ref|YP_331055.1|_238-395_1HM9:A:252-459	3	28	3	0	0	55	16	17	0	208
gi|76802961|ref|YP_331056.1|_3-234_1QG8:A:	2	9	4	8	0	22	13	12	0	255
gi|76802962|ref|YP_331057.1|_1-131_1K2Y:X:5-154	5	7	1	4	0	15	5	10	0	150
gi|76802962|ref|YP_331057.1|_151-246_1K2Y:X:155-258	0	5	2	3	0	14	9	8	0	104
gi|76802962|ref|YP_331057.1|_248-350_1K2Y:X:259-367	1	4	0	5	0	13	9	8	0	109
gi|76802962|ref|YP_331057.1|_353-435_1K2Y:X:368-463	0	6	0	2	0	8	4	3	0	96
gi|76802963|ref|YP_331058.1|_1-323_1SB8:A:	3	13	2	14	0	34	16	17	0	341
gi|76802965|ref|YP_331060.1|_1-117_1Y82:A:2-148	1	5	2	7	0	10	4	5	0	147
gi|76802966|ref|YP_331061.1|_1-219_1MV8:A:1-202	4	8	0	9	0	22	14	13	0	202
gi|76802966|ref|YP_331061.1|_335-445_1MV8:A:301-436	1	5	1	7	0	17	12	8	0	136
gi|76802966|ref|YP_331061.1|_231-328_1MV8:A:203-300	0	0	1	4	0	6	5	6	0	98
gi|76802969|ref|YP_331064.1|_1-235_1LVW:A:	1	14	3	11	0	29	22	21	0	294
gi|76802970|ref|YP_331065.1|_5-149,179-211_1K2Y:X:5-154	5	7	1	4	0	15	5	10	0	150
gi|76802970|ref|YP_331065.1|_274-400_3PMG:A:304-420	0	4	1	6	0	10	7	7	0	117
gi|76802970|ref|YP_331065.1|_198-286_1K2Y:X:155-258	0	5	2	3	0	14	9	8	0	104
gi|76802970|ref|YP_331065.1|_392-493_1WJW:A:	0	3	0	2	0	7	8	3	0	111
gi|76802972|ref|YP_331067.1|_1-157,185-272_1H5R:A:	0	13	5	11	0	29	20	21	0	290
gi|76802972|ref|YP_331067.1|_271-318_1QRE:A:	6	22	1	2	0	41	10	21	0	210
gi|76802974|ref|YP_331069.1|_55-109_2CFX:A:1-63	0	1	1	3	0	6	2	4	0	63
gi|76802975|ref|YP_331070.1|_11-145_1BGX:T:1-173	6	0	3	5	0	23	15	17	0	173
gi|76802976|ref|YP_331071.1|_20-90_2HOE:A:10-71	1	2	0	3	0	6	3	2	0	62
gi|76802978|ref|YP_331073.1|_303-384_1BXU:A:	0	9	2	0	0	16	7	6	0	91
gi|76802979|ref|YP_331074.1|_243-477_1TF7:A:256-497	1	13	1	7	0	27	17	12	0	242
gi|76802979|ref|YP_331074.1|_12-233_1TF7:A:256-497	1	13	1	7	0	27	17	12	0	242
gi|76802980|ref|YP_331075.1|_1201-1347_2C2A:A:321-481	0	7	2	3	0	13	4	10	0	161
gi|76802980|ref|YP_331075.1|_1015-1123_1P97:A:	0	5	0	4	0	12	9	7	0	113
gi|76802980|ref|YP_331075.1|_625-749_1EW0:A:	2	5	2	5	0	11	8	8	0	130
gi|76802980|ref|YP_331075.1|_145-274_1EW0:A:	2	5	2	5	0	11	8	8	0	130
gi|76802980|ref|YP_331075.1|_386-516_1YSR:A:299-446	0	7	1	4	0	11	6	6	0	148
gi|76802980|ref|YP_331075.1|_519-627_1EW0:A:	2	5	2	5	0	11	8	8	0	130
gi|76802980|ref|YP_331075.1|_882-993_1G28:A:	1	5	1	3	0	14	5	6	0	104
gi|76802991|ref|YP_331086.1|_40-102_1VR3:A:1-179	3	10	1	4	0	24	13	11	0	179
gi|76802992|ref|YP_331087.1|_242-378_2HQ9:A:1-148	1	8	1	3	0	11	3	3	0	148
gi|76802994|ref|YP_331089.1|_65-124_1G3S:A:65-140	2	0	1	3	0	8	3	4	0	76
gi|76802994|ref|YP_331089.1|_4-63_1ON2:A:2-62	0	2	0	3	0	3	3	3	0	61
gi|76802994|ref|YP_331089.1|_147-215_1FX7:A:145-230	0	6	1	3	0	15	7	6	0	86
gi|76802995|ref|YP_331090.1|_59-314_1PSZ:A:	3	8	4	9	0	26	19	18	0	286
gi|76802996|ref|YP_331091.1|_29-255_3DHW:C:1-240	3	10	1	7	0	21	17	12	0	240
gi|76802997|ref|YP_331092.1|_10-312_1L7V:A:	2	0	2	14	0	18	8	12	0	324
gi|76803000|ref|YP_331095.1|_104-272_1GSA:A:123-314	0	10	3	5	0	22	10	11	0	192
gi|76803003|ref|YP_331098.1|_70-163_1BXU:A:	0	9	2	0	0	16	7	6	0	91
gi|76803004|ref|YP_331099.1|_21-395_1Y4I:A:2-398	0	12	2	16	0	43	23	28	0	397
gi|76803005|ref|YP_331100.1|_9-321_1VE1:A:1-302	4	9	5	9	0	33	16	21	0	302
gi|76803006|ref|YP_331101.1|_211-392_1KB0:A:1-573	5	40	7	6	0	73	38	39	0	573
gi|76803006|ref|YP_331101.1|_57-211_1KV9:A:1-560	8	39	7	5	0	72	35	35	0	560
gi|76803007|ref|YP_331102.1|_5-69_1IZ6:A:2-70	0	6	1	0	0	6	3	5	0	69
gi|76803007|ref|YP_331102.1|_70-123_2EIF:A:74-132	0	5	0	0	0	6	2	5	0	59
gi|76803008|ref|YP_331103.1|_1-241_1NMO:A:	2	11	1	10	0	26	15	13	0	247
gi|76803010|ref|YP_331105.1|_107-225_1MJH:A:	0	5	1	4	0	16	7	5	0	160
gi|76803011|ref|YP_331106.1|_2-215_1EDO:A:	2	7	2	10	0	24	12	13	0	244
gi|76803012|ref|YP_331107.1|_1-320,449-490_1F8R:A:4-319,A:433-486	5	16	5	15	0	36	19	22	1	370
gi|76803015|ref|YP_331110.1|_9-284_1EZF:A:	0	0	3	18	0	19	14	22	0	333
gi|76803016|ref|YP_331111.1|_5-125_1ONL:A:	3	9	1	4	0	17	7	8	0	127
gi|76803017|ref|YP_331112.1|_2-278_1WOS:A:1-278	6	13	6	8	0	26	15	23	0	278
gi|76803017|ref|YP_331112.1|_270-358_1V5V:A:313-401	0	6	1	0	0	10	6	7	0	89
gi|76803018|ref|YP_331113.1|_58-127_1TJY:A:	1	14	3	9	0	33	17	15	0	315
gi|76803020|ref|YP_331115.1|_6-273_2FTW:A:60-393	5	10	3	15	0	36	15	21	0	334
gi|76803024|ref|YP_331119.1|_47-295_1J6P:A:50-330	2	8	3	12	0	25	12	22	0	281
gi|76803024|ref|YP_331119.1|_278-341_2R8C:A:2-57,A:369-414	2	8	1	0	0	13	8	8	1	100
gi|76803024|ref|YP_331119.1|_8-57_1J6P:A:1-49,A:331-405	2	8	2	2	0	13	11	8	1	124
gi|76803028|ref|YP_331123.1|_22-73_1X57:A:8-85	2	0	0	4	0	8	5	5	0	78
gi|76803030|ref|YP_331125.1|_13-100_1V70:A:	0	9	0	1	0	15	6	5	0	105
gi|76803033|ref|YP_331128.1|_2-141_1MJH:A:	0	5	1	4	0	16	7	5	0	160
gi|76803034|ref|YP_331129.1|_13-78_1PW4:A:	2	0	1	18	0	21	18	22	0	450
gi|76803036|ref|YP_331131.1|_5-130_2A6O:A:4-133	6	6	1	5	0	19	12	6	0	152
gi|76803037|ref|YP_331132.1|_48-206_1Y5E:A:12-166	0	6	1	6	0	14	7	8	0	155
gi|76803038|ref|YP_331133.1|_143-313_1QOR:A:113-291	2	6	1	8	0	15	10	12	0	179
gi|76803038|ref|YP_331133.1|_1-170_1RJW:A:1-137,A:306-339	5	11	3	3	0	24	12	10	1	171
gi|76803040|ref|YP_331135.1|_2-408_1SZQ:A:	10	6	6	22	0	48	24	27	0	473
gi|76803041|ref|YP_331136.1|_143-236_1AIS:B:1108-1205	0	0	0	5	0	7	1	6	0	98
gi|76803041|ref|YP_331136.1|_240-327_1AIS:B:1206-1300	0	0	1	5	0	7	1	6	0	95
gi|76803041|ref|YP_331136.1|_42-79_1PFT:A:	1	2	0	0	0	7	5	2	0	50
gi|76803043|ref|YP_331138.1|_18-186_1HX3:A:	3	12	1	5	0	25	8	10	0	176
gi|76803044|ref|YP_331139.1|_1-53_1I1G:A:2-61	0	0	1	3	0	5	4	4	0	60
gi|76803044|ref|YP_331139.1|_58-133_1RI7:A:85-170	0	4	0	2	0	8	5	5	0	86
gi|76803045|ref|YP_331140.1|_164-346_1A9X:B:1653-1880	4	10	1	6	0	22	14	15	0	228
gi|76803045|ref|YP_331140.1|_2-128_1A9X:B:1502-1652	4	7	2	4	0	22	12	6	0	151
gi|76803046|ref|YP_331141.1|_104-138,245-510_2CH7:B:225-529	0	0	1	4	0	2	1	4	0	308
gi|76803046|ref|YP_331141.1|_23-82_1H2S:B:	0	0	0	2	0	3	0	1	0	60
gi|76803047|ref|YP_331142.1|_5-219_1H2S:A:	0	2	0	9	0	11	7	11	0	225
gi|76803048|ref|YP_331143.1|_180-259,302-444_1TVZ:A:168-388	0	10	4	6	0	22	9	13	0	221
gi|76803048|ref|YP_331143.1|_4-177_1TVZ:A:2-167	0	7	2	6	0	20	9	10	0	166
gi|76803054|ref|YP_331149.1|_3-94_1LXN:A:	0	4	0	3	0	7	6	3	0	99
gi|76803056|ref|YP_331151.1|_2-112,182-276_1K3R:A:1-92,A:164-262	2	6	1	6	0	20	12	7	1	191
gi|76803061|ref|YP_331156.1|_41-124_2GY9:S:2-80	2	3	4	1	0	11	9	5	0	79
gi|76803063|ref|YP_331158.1|_87-186_1FJG:C:107-207	1	4	2	2	0	13	6	6	0	101
gi|76803063|ref|YP_331158.1|_7-95_1WH9:A:	0	3	1	3	0	10	7	2	0	91
gi|76803065|ref|YP_331160.1|_2-93_1V76:A:	0	6	4	1	0	10	8	6	0	92
gi|76803066|ref|YP_331161.1|_33-111_2GY9:Q:5-82	0	5	0	0	0	11	5	2	0	78
gi|76803069|ref|YP_331164.1|_34-89_1JH3:A:	0	5	0	3	0	10	11	8	0	99
gi|76803072|ref|YP_331167.1|_4-130_1I6U:A:	0	8	0	4	0	17	8	6	0	129
gi|76803074|ref|YP_331169.1|_8-65_1PZN:A:35-95	0	0	0	4	0	7	3	4	0	61
gi|76803077|ref|YP_331172.1|_125-203_1PKP:A:78-148	1	4	0	2	0	9	5	4	0	71
gi|76803077|ref|YP_331172.1|_40-111_1PKP:A:4-77	2	4	1	1	0	9	7	1	0	74
gi|76803080|ref|YP_331175.1|_7-478_1RH5:A:	4	2	2	14	0	28	20	20	0	422
gi|76803081|ref|YP_331176.1|_228-370_1LSS:A:	0	6	0	6	0	14	9	7	0	132
gi|76803081|ref|YP_331176.1|_1-147_1LSS:A:	0	6	0	6	0	14	9	7	0	132
gi|76803081|ref|YP_331176.1|_134-216_2FY8:A:245-336	2	4	0	4	0	13	5	6	0	92
gi|76803081|ref|YP_331176.1|_365-443_1VCT:A:108-201	2	4	0	4	0	12	4	6	0	94
gi|76803085|ref|YP_331180.1|_1-205_1P3J:A:1-125,A:161-212	0	5	2	8	0	13	7	9	1	177
gi|76803087|ref|YP_331182.1|_1-174_1P4S:A:	0	5	0	8	0	16	11	9	0	181
gi|76803088|ref|YP_331183.1|_6-217_2APO:A:17-246	1	11	4	6	0	19	10	11	0	230
gi|76803088|ref|YP_331183.1|_220-287_2EY4:A:253-336	0	6	1	2	0	11	6	5	0	84
gi|76803089|ref|YP_331184.1|_6-94_1OFF:A:	0	7	1	2	0	12	7	6	0	95
gi|76803092|ref|YP_331187.1|_7-140_1VPM:A:	4	7	2	2	0	14	6	6	0	155
gi|76803093|ref|YP_331188.1|_23-406_2GP4:A:1-418	5	7	4	13	0	30	17	20	0	418
gi|76803093|ref|YP_331188.1|_408-585_2GP4:A:419-608	2	8	8	5	0	22	17	12	0	190
gi|76803095|ref|YP_331190.1|_4-141_1KKH:A:1-180	0	7	4	4	0	13	9	6	0	175
gi|76803096|ref|YP_331191.1|_1-246_1SZP:A:145-395	0	11	3	9	0	20	16	11	0	251
gi|76803099|ref|YP_331194.1|_46-106_1QYP:A:	0	4	0	0	0	8	5	1	0	56
gi|76803100|ref|YP_331195.1|_87-305_1HYQ:A:	0	8	2	11	0	23	12	9	0	232
gi|76803100|ref|YP_331195.1|_2-88_2CU6:A:6-96	0	5	1	2	0	11	5	6	0	91
gi|76803103|ref|YP_331198.1|_175-282,334-444_1TI6:B:1-195	3	9	3	6	0	26	12	15	0	195
gi|76803108|ref|YP_331203.1|_9-193_1S9U:A:	2	0	1	11	0	16	11	10	0	206
gi|76803110|ref|YP_331205.1|_14-177_1KQF:B:2-245	4	11	3	6	0	31	15	19	0	244
gi|76803111|ref|YP_331206.1|_51-643_1H0H:A:1-812	26	32	15	25	0	110	58	62	0	812
gi|76803111|ref|YP_331206.1|_755-784,817-952_1H0H:A:813-977	3	8	1	3	0	26	19	12	0	165
gi|76803112|ref|YP_331207.1|_202-573_1AOR:A:211-605	3	5	8	21	0	37	16	31	0	395
gi|76803112|ref|YP_331207.1|_3-200_1AOR:A:1-210	1	12	0	6	0	23	14	16	0	210
gi|76803114|ref|YP_331209.1|_573-667_1FCA:A:	0	4	1	1	0	12	1	6	0	55
gi|76803114|ref|YP_331209.1|_184-256,314-364_1DUR:A:	0	4	1	1	0	12	2	4	0	55
gi|76803116|ref|YP_331211.1|_21-221_1G64:B:	1	6	2	7	0	22	8	9	0	190
gi|76803120|ref|YP_331215.1|_16-298_1G7S:A:1-227	3	9	5	6	0	24	13	14	0	227
gi|76803120|ref|YP_331215.1|_471-598_1G7S:A:460-587	2	8	0	2	0	12	6	9	0	128
gi|76803120|ref|YP_331215.1|_342-464_1G7S:A:329-459	3	4	0	5	0	10	10	6	0	131
gi|76803121|ref|YP_331216.1|_5-77_1PM3:A:	0	7	1	0	0	6	3	4	0	96
gi|76803122|ref|YP_331217.1|_1-105_1Y82:A:2-148	1	5	2	7	0	10	4	5	0	147
gi|76803125|ref|YP_331220.1|_65-420_1C7Q:A:	2	10	7	18	0	40	23	28	0	442
gi|76803127|ref|YP_331222.1|_19-322_2CNQ:A:2-305	4	15	2	7	0	29	17	19	0	304
gi|76803129|ref|YP_331224.1|_90-392_1NNF:A:	2	10	7	12	0	30	16	11	0	308
gi|76803130|ref|YP_331225.1|_25-265_2ONK:C:1-252	0	0	1	12	0	13	9	9	0	252
gi|76803130|ref|YP_331225.1|_289-529_2ONK:C:1-252	0	0	1	12	0	13	9	9	0	252
gi|76803131|ref|YP_331226.1|_94-286_1JKX:A:	0	10	2	6	0	22	14	12	0	209
gi|76803131|ref|YP_331226.1|_9-85_1ZPV:A:1-83	0	4	1	2	0	4	2	5	0	83
gi|76803132|ref|YP_331227.1|_4-82_1GTD:A:	0	3	0	2	0	8	2	4	0	82
gi|76803133|ref|YP_331228.1|_1-223_1T3T:A:1034-1295	7	11	7	8	0	30	18	19	0	262
gi|76803136|ref|YP_331231.1|_219-628_1AOR:A:211-605	3	5	8	21	0	37	16	31	0	395
gi|76803136|ref|YP_331231.1|_5-214_1AOR:A:1-210	1	12	0	6	0	23	14	16	0	210
gi|76803138|ref|YP_331233.1|_1-90_1V8C:A:1-87	2	8	3	3	0	12	4	7	0	87
gi|76803140|ref|YP_331235.1|_1-139_1MJH:A:	0	5	1	4	0	16	7	5	0	160
gi|76803141|ref|YP_331236.1|_164-271,325-579_1G6O:A:	2	13	3	9	0	31	22	19	0	323
gi|76803145|ref|YP_331240.1|_14-188_1VL5:A:	2	8	2	9	0	21	9	11	0	231
gi|76803146|ref|YP_331241.1|_2-306_1A3G:A:	5	16	3	7	0	37	19	17	0	305
gi|76803147|ref|YP_331242.1|_146-396_1IXZ:A:	2	5	3	11	0	25	13	15	0	247
gi|76803148|ref|YP_331243.1|_5-578_1MMQ:A:	2	7	0	3	0	21	16	8	0	166
gi|76803149|ref|YP_331244.1|_3-235_1DJ0:A:	0	10	4	5	0	30	16	16	0	264
gi|76803150|ref|YP_331245.1|_1-324_1WU7:A:3-329	3	12	1	12	0	35	21	19	0	327
gi|76803150|ref|YP_331245.1|_336-419_1WU7:A:330-426	0	5	1	4	0	9	4	4	0	97
gi|76803152|ref|YP_331247.1|_171-311_1JLV:A:85-207	0	0	1	6	0	6	6	7	0	123
gi|76803152|ref|YP_331247.1|_35-87,114-150_1EEM:A:5-102	2	4	1	2	0	15	6	8	0	98
gi|76803154|ref|YP_331249.1|_4-67_1I1G:A:2-61	0	0	1	3	0	5	4	4	0	60
gi|76803159|ref|YP_331254.1|_163-293_1KB0:A:1-573	5	40	7	6	0	73	38	39	0	573
gi|76803159|ref|YP_331254.1|_22-173_1KB0:A:1-573	5	40	7	6	0	73	38	39	0	573
gi|76803159|ref|YP_331254.1|_262-357_2P4O:A:4-305	6	24	2	0	0	42	19	24	0	302
gi|76803160|ref|YP_331255.1|_1-63_1C9O:A:	1	5	1	0	0	5	1	4	0	66
gi|76803161|ref|YP_331256.1|_17-289_1SYY:A:	2	0	5	13	0	24	15	12	0	317
gi|76803162|ref|YP_331257.1|_81-241_2GE3:A:6-169	0	7	2	4	0	13	5	8	0	164
gi|76803163|ref|YP_331258.1|_3-295_1OKJ:A:1-106	0	5	1	3	0	7	4	4	0	106
gi|76803163|ref|YP_331258.1|_368-519_1JWH:A:	6	8	8	12	0	37	16	22	0	336
gi|76803164|ref|YP_331259.1|_3-43_2K4X:A:1-55	0	3	0	0	0	7	2	2	0	55
gi|76803165|ref|YP_331260.1|_1-100_1XN9:A:	0	4	1	2	0	9	4	4	0	101
gi|76803167|ref|YP_331262.1|_3-65_1RYQ:A:	2	5	1	1	0	10	4	3	0	68
gi|76803168|ref|YP_331263.1|_80-179_1GO3:E:79-184	0	9	1	1	0	13	4	5	0	106
gi|76803168|ref|YP_331263.1|_1-77_1GO3:E:1-78	1	4	1	1	0	8	2	4	0	78
gi|76803169|ref|YP_331264.1|_1-117_2H1C:A:1-138	0	5	3	7	0	15	4	8	0	138
gi|76803170|ref|YP_331265.1|_4-211_1S0U:A:34-229	2	7	0	5	0	19	13	10	0	195
gi|76803170|ref|YP_331265.1|_204-317_1KK1:A:201-321	0	10	2	0	0	13	7	7	0	121
gi|76803170|ref|YP_331265.1|_318-408_1S0U:A:348-437	0	6	0	0	0	8	3	5	0	90
gi|76803172|ref|YP_331267.1|_8-195_1UI0:A:	2	6	3	9	0	21	15	9	0	192
gi|76803173|ref|YP_331268.1|_3-139_1FIT:A:	0	7	3	2	0	15	9	6	0	146
gi|76803174|ref|YP_331269.1|_6-184_1HYQ:A:	0	8	2	11	0	23	12	9	0	232
gi|76803176|ref|YP_331271.1|_202-285_1AIS:B:1206-1300	0	0	1	5	0	7	1	6	0	95
gi|76803176|ref|YP_331271.1|_109-199_1AIS:B:1108-1205	0	0	0	5	0	7	1	6	0	98
gi|76803176|ref|YP_331271.1|_5-50_1PFT:A:	1	2	0	0	0	7	5	2	0	50
gi|76803181|ref|YP_331276.1|_14-242_1LTL:A:	2	10	4	5	0	24	9	12	0	239
gi|76803181|ref|YP_331276.1|_331-473,604-670_1DQ3:A:1-128,A:415-454	2	16	1	2	0	23	6	11	1	168
gi|76803181|ref|YP_331276.1|_285-354,673-960_1NY5:A:138-384	4	9	2	11	0	25	17	12	0	247
gi|76803181|ref|YP_331276.1|_489-547_2B5A:A:1-77	1	0	0	5	0	7	1	4	0	77
gi|76803183|ref|YP_331278.1|_2-223_1TF7:A:14-255	0	11	1	7	0	23	21	15	0	242
gi|76803184|ref|YP_331279.1|_1-190_1PE0:A:	0	11	3	8	0	21	10	10	0	187
gi|76803185|ref|YP_331280.1|_85-230_1S5J:A:40-449	1	18	1	15	0	36	26	27	0	410
gi|76803186|ref|YP_331281.1|_2-255_2C8M:A:1-256	3	11	1	8	0	26	11	14	0	256
gi|76803187|ref|YP_331282.1|_3-274_1XP3:A:2-298	3	12	4	10	0	36	13	18	0	297
gi|76803188|ref|YP_331283.1|_168-271_1N9L:A:	0	5	1	3	0	14	5	7	0	109
gi|76803188|ref|YP_331283.1|_519-645_1YSR:A:299-446	0	7	1	4	0	11	6	6	0	148
gi|76803188|ref|YP_331283.1|_301-450_2O9C:A:135-321	1	9	1	5	0	19	10	9	0	187
gi|76803188|ref|YP_331283.1|_440-509_1JOY:A:	0	0	0	3	0	3	2	3	0	67
gi|76803188|ref|YP_331283.1|_48-132_1KRW:A:	0	5	0	5	0	10	8	4	0	124
gi|76803189|ref|YP_331284.1|_8-187_2GH1:A:13-293	0	10	2	12	0	27	11	18	0	281
gi|76803190|ref|YP_331285.1|_29-385_1TB3:A:1-349	5	10	4	12	0	38	23	17	0	349
gi|76803191|ref|YP_331286.1|_14-245_1LS1:A:89-295	0	8	2	7	0	20	6	8	0	207
gi|76803191|ref|YP_331286.1|_276-450_1KA9:H:	0	13	1	5	0	22	16	13	0	195
gi|76803192|ref|YP_331287.1|_36-647_1PG4:A:	11	30	5	21	0	71	40	44	0	643
gi|76803193|ref|YP_331288.1|_316-424_1V9Y:A:	2	5	3	3	0	10	6	6	0	113
gi|76803193|ref|YP_331288.1|_5-176_1A0P:A:111-292	4	3	3	8	0	17	7	7	0	182
gi|76803193|ref|YP_331288.1|_197-298_1LL8:A:	0	6	1	2	0	15	8	9	0	113
gi|76803193|ref|YP_331288.1|_759-819_1S7O:A:	0	0	1	6	0	8	1	4	0	106
gi|76803193|ref|YP_331288.1|_466-596_2K2N:A:31-200	1	5	1	4	0	22	14	6	0	170
gi|76803194|ref|YP_331289.1|_36-650_1PG4:A:	11	30	5	21	0	71	40	44	0	643
gi|76803197|ref|YP_331292.1|_1-147_1MJH:A:	0	5	1	4	0	16	7	5	0	160
gi|76803200|ref|YP_331295.1|_229-550_2P6R:A:1-202	1	7	2	7	0	20	9	10	0	202
gi|76803201|ref|YP_331296.1|_3-114_1VJ2:A:	0	10	2	0	0	14	7	3	0	114
gi|76803202|ref|YP_331297.1|_2-167_1EAV:A:	1	6	1	6	0	14	11	7	0	160
gi|76803205|ref|YP_331300.1|_6-107_1ZPS:A:8-131	3	8	1	1	0	13	9	7	0	124
gi|76803207|ref|YP_331302.1|_3-157_1K2Y:X:5-154	5	7	1	4	0	15	5	10	0	150
gi|76803207|ref|YP_331302.1|_149-256_1K2Y:X:155-258	0	5	2	3	0	14	9	8	0	104
gi|76803207|ref|YP_331302.1|_358-454_1K2Y:X:368-463	0	6	0	2	0	8	4	3	0	96
gi|76803207|ref|YP_331302.1|_262-364_1K2Y:X:259-367	1	4	0	5	0	13	9	8	0	109
gi|76803210|ref|YP_331305.1|_15-204_1R30:A:	5	9	1	11	0	35	25	12	0	312
gi|76803211|ref|YP_331306.1|_1-186_1XS1:A:	6	14	4	3	0	32	14	10	0	193
gi|76803212|ref|YP_331307.1|_134-297_2PHP:A:241-420	3	9	2	5	0	21	12	11	0	180
gi|76803212|ref|YP_331307.1|_15-54_2A6C:A:1-69	0	0	1	4	0	5	1	4	0	69
gi|76803213|ref|YP_331308.1|_6-145_1IM8:A:	0	7	3	8	0	20	13	10	0	225
gi|76803215|ref|YP_331310.1|_12-290_1RP0:A:7-284	0	13	0	9	0	22	13	21	0	278
gi|76803217|ref|YP_331312.1|_20-138_1J3M:A:	0	5	2	5	0	10	3	2	0	127
gi|76803221|ref|YP_331316.1|_234-321_1AIS:B:1206-1300	0	0	1	5	0	7	1	6	0	95
gi|76803221|ref|YP_331316.1|_138-231_1AIS:B:1108-1205	0	0	0	5	0	7	1	6	0	98
gi|76803221|ref|YP_331316.1|_28-74_1PFT:A:	1	2	0	0	0	7	5	2	0	50
gi|76803222|ref|YP_331317.1|_67-191_1F21:A:	3	5	0	5	0	13	6	10	0	152
gi|76803224|ref|YP_331319.1|_5-177_1UDE:A:	2	9	3	2	0	22	10	9	0	168
gi|76803227|ref|YP_331322.1|_12-432_1EQJ:A:3-76,A:311-510	6	8	4	9	0	34	20	17	1	274
gi|76803230|ref|YP_331325.1|_232-500_1G6O:A:	2	13	3	9	0	31	22	19	0	323
gi|76803237|ref|YP_331332.1|_3-294_1R6D:A:	3	12	4	12	0	35	11	18	0	322
gi|76803238|ref|YP_331333.1|_3-381_1PW4:A:	2	0	1	18	0	21	18	22	0	450
gi|76803239|ref|YP_331334.1|_57-325_1I52:A:	0	11	5	6	0	24	13	15	0	225
gi|76803240|ref|YP_331335.1|_3-115_1RZW:A:	0	4	1	4	0	16	9	7	0	122
gi|76803241|ref|YP_331336.1|_3-353_1Z41:A:2-338	1	12	4	10	0	34	24	18	0	337
gi|76803242|ref|YP_331337.1|_10-200,268-429_1SZW:A:	6	14	7	8	0	36	21	14	0	341
gi|76803244|ref|YP_331339.1|_10-76_1S72:Z:	0	3	1	2	0	10	5	3	0	73
gi|76803245|ref|YP_331340.1|_1-42_1I50:L:	2	1	0	0	0	11	5	2	0	46
gi|76803248|ref|YP_331343.1|_4-231_1HYQ:A:	0	8	2	11	0	23	12	9	0	232
gi|76803250|ref|YP_331345.1|_1-171_1QMH:A:5-184,A:280-338	5	11	0	7	0	25	12	12	1	239
gi|76803250|ref|YP_331345.1|_178-276_1QMH:A:185-279	2	4	1	2	0	9	7	1	0	95
gi|76803251|ref|YP_331346.1|_37-152_1IUH:A:	0	9	4	3	0	14	7	3	0	183
gi|76803253|ref|YP_331348.1|_169-393_1VL2:A:174-409	0	9	2	5	0	19	14	10	0	236
gi|76803253|ref|YP_331348.1|_4-203_1KOR:A:1-165	2	5	1	7	0	16	7	11	0	165
gi|76803254|ref|YP_331349.1|_15-456_1TJ7:A:	4	4	6	20	0	37	14	25	0	455
gi|76803256|ref|YP_331351.1|_91-279_1UC8:A:89-280	2	8	0	6	0	15	6	8	0	192
gi|76803256|ref|YP_331351.1|_3-89_1UC8:A:1-88	2	5	2	3	0	9	3	4	0	88
gi|76803257|ref|YP_331352.1|_4-164_1XYG:A:15-162,A:327-359	2	6	3	7	0	24	13	12	1	181
gi|76803257|ref|YP_331352.1|_147-310_1VKN:A:145-307	1	7	3	4	0	17	10	10	0	163
gi|76803258|ref|YP_331353.1|_6-273_2BTY:A:1-282	5	14	1	11	0	26	15	16	0	282
gi|76803259|ref|YP_331354.1|_7-374_1VEF:A:9-395	3	17	2	15	0	38	24	27	0	387
gi|76803260|ref|YP_331355.1|_10-157,266-349_1VGY:A:2-180,A:294-376	6	13	2	7	0	28	17	16	1	262
gi|76803261|ref|YP_331356.1|_2-293_1PVV:A:1-150	1	4	2	5	0	14	11	6	0	150
gi|76803263|ref|YP_331358.1|_27-122_1SFX:A:	1	2	0	5	0	7	3	4	0	108
gi|76803264|ref|YP_331359.1|_358-503_1ID0:A:	0	7	2	3	0	16	7	7	0	146
gi|76803264|ref|YP_331359.1|_157-305_2O9C:A:135-321	1	9	1	5	0	19	10	9	0	187
gi|76803264|ref|YP_331359.1|_25-128_1EW0:A:	2	5	2	5	0	11	8	8	0	130
gi|76803264|ref|YP_331359.1|_295-367_1JOY:A:	0	0	0	3	0	3	2	3	0	67
gi|76803267|ref|YP_331362.1|_21-417_1V7C:A:	3	11	6	14	0	34	24	19	0	351
gi|76803268|ref|YP_331363.1|_378-612_1N1M:A:509-764	1	8	3	8	0	23	16	15	0	256
gi|76803268|ref|YP_331363.1|_100-256_1UG9:A:776-1020	6	17	5	3	0	36	26	12	0	245
gi|76803274|ref|YP_331369.1|_160-271_1W5B:A:232-354	0	6	1	3	0	15	7	10	0	123
gi|76803275|ref|YP_331370.1|_3-216_1H2S:A:	0	2	0	9	0	11	7	11	0	225
gi|76803278|ref|YP_331373.1|_16-334_1LC5:A:	0	13	7	12	0	38	19	26	0	355
gi|76803279|ref|YP_331374.1|_1-172_2DPW:A:1-231	2	11	3	10	0	25	15	13	0	231
gi|76803282|ref|YP_331377.1|_2-184_1QQ5:A:	3	6	5	11	0	21	13	14	0	245
gi|76803283|ref|YP_331378.1|_193-345_1TV8:A:	4	11	4	10	0	39	20	20	0	327
gi|76803283|ref|YP_331378.1|_514-560_2DUY:A:11-75	0	2	3	3	0	7	4	5	0	65
gi|76803286|ref|YP_331381.1|_26-126_1SHS:A:	2	10	3	0	0	16	4	4	0	115
gi|76803288|ref|YP_331383.1|_25-266_1NI5:A:0-226	2	6	3	9	0	16	9	14	0	226
gi|76803289|ref|YP_331384.1|_34-227_1W5B:A:23-231	0	6	3	10	0	15	8	9	0	209
gi|76803289|ref|YP_331384.1|_226-343_1W5B:A:232-354	0	6	1	3	0	15	7	10	0	123
gi|76803290|ref|YP_331385.1|_1-45_2BJ7:A:1-50	0	1	0	2	0	3	2	2	0	50
gi|76803292|ref|YP_331387.1|_17-64_1OR7:A:120-187	0	1	0	4	0	5	2	2	0	68
gi|76803298|ref|YP_331393.1|_101-225_1SXJ:C:12-238	3	5	3	12	0	22	13	12	0	227
gi|76803308|ref|YP_331403.1|_19-88_1RI7:A:25-84	0	0	1	3	0	5	3	3	0	60
gi|76803309|ref|YP_331404.1|_11-76_1I1G:A:2-61	0	0	1	3	0	5	4	4	0	60
gi|76803311|ref|YP_331406.1|_12-335_1A0P:A:111-292	4	3	3	8	0	17	7	7	0	182
gi|76803312|ref|YP_331407.1|_21-184_1EJE:A:	2	14	2	5	0	21	6	13	0	192
gi|76803313|ref|YP_331408.1|_11-205,314-386_1CG2:A:26-213,A:327-414	3	15	3	8	0	27	16	13	1	276
gi|76803313|ref|YP_331408.1|_198-306_1CG2:A:214-326	3	6	2	2	0	12	8	5	0	113
gi|76803316|ref|YP_331411.1|_4-234_1VA4:A:	4	8	3	10	0	25	15	19	0	271
gi|76803422|ref|YP_327691.1|_1-235_3DHW:C:1-240	3	10	1	7	0	21	17	12	0	240
gi|76803410|ref|YP_327679.1|_24-262_3DHW:C:1-240	3	10	1	7	0	21	17	12	0	240
gi|76803487|ref|YP_327756.1|_112-237_1MJH:A:	0	5	1	4	0	16	7	5	0	160
gi|76803486|ref|YP_327755.1|_456-591_1MJH:A:	0	5	1	4	0	16	7	5	0	160
gi|76803486|ref|YP_327755.1|_606-725_1MJH:A:	0	5	1	4	0	16	7	5	0	160
gi|76803485|ref|YP_327754.1|_22-329_1TT4:A:	6	11	5	13	0	33	20	16	0	366
gi|76803484|ref|YP_327753.1|_4-226_1WL8:A:1-188	0	11	1	5	0	24	17	15	0	188
gi|76803480|ref|YP_327749.1|_8-123_1Y88:A:3-127	2	0	1	4	0	5	1	2	0	57
gi|76803479|ref|YP_327748.1|_2-241_2FNA:A:1-283	0	7	3	11	0	23	13	17	0	283
gi|76803479|ref|YP_327748.1|_238-318_2HR3:A:2-146	1	2	0	6	0	9	2	5	0	145
gi|76803478|ref|YP_327747.1|_62-239_1W36:B:899-1174	5	5	5	9	0	31	23	9	0	276
gi|76803474|ref|YP_327743.1|_116-251_1KRR:A:	6	18	1	3	0	40	15	16	0	200
gi|76803470|ref|YP_327739.1|_74-136_1YEZ:A:1-68	0	6	0	0	0	9	4	4	0	68
gi|76803466|ref|YP_327735.1|_5-79,264-338,385-484_1BUP:A:189-381	1	6	3	7	0	14	7	9	0	193
gi|76803464|ref|YP_327733.1|_18-207_1NBA:A:	4	7	6	7	0	25	16	13	0	253
gi|76803463|ref|YP_327732.1|_3-300_1UJQ:A:	3	8	1	13	0	29	18	8	0	283
gi|76803462|ref|YP_327731.1|_265-542_1OWL:A:205-475	0	0	4	15	0	24	15	15	0	271
gi|76803462|ref|YP_327731.1|_47-122_1IQR:A:2-171	0	5	0	6	0	18	13	6	0	170
gi|76803462|ref|YP_327731.1|_157-227_1IQR:A:2-171	0	5	0	6	0	18	13	6	0	170
gi|76803461|ref|YP_327730.1|_77-358_1FNN:A:1-276	4	5	2	12	0	25	19	17	0	276
gi|76803461|ref|YP_327730.1|_363-470_1W5S:A:300-409	1	2	0	4	0	9	5	3	0	110
gi|76803460|ref|YP_327729.1|_9-135,391-508_1A6D:A:17-145,A:404-519	0	9	1	11	0	18	7	14	1	245
gi|76803460|ref|YP_327729.1|_193-364_1ASS:A:	3	6	1	4	0	17	14	8	0	152
gi|76803460|ref|YP_327729.1|_139-199,357-391_1A6D:A:146-214,A:368-403	0	6	1	3	0	10	7	4	1	105
gi|76803459|ref|YP_327728.1|_21-167,228-398_2F4L:A:1-283	2	22	2	2	0	30	16	18	0	283
gi|76803458|ref|YP_327727.1|_583-729_2C2A:A:321-481	0	7	2	3	0	13	4	10	0	161
gi|76803458|ref|YP_327727.1|_12-152_1QKK:A:	0	5	1	5	0	15	7	5	0	154
gi|76803458|ref|YP_327727.1|_282-395_1P97:A:	0	5	0	4	0	12	9	7	0	113
gi|76803458|ref|YP_327727.1|_411-520_1P97:A:	0	5	0	4	0	12	9	7	0	113
gi|76803458|ref|YP_327727.1|_137-259_1N9L:A:	0	5	1	3	0	14	5	7	0	109
gi|76803458|ref|YP_327727.1|_518-591_2C2A:A:232-320	0	0	1	3	0	3	0	4	0	89
gi|76803457|ref|YP_327726.1|_5-87_1RI7:A:25-84	0	0	1	3	0	5	3	3	0	60
gi|76803457|ref|YP_327726.1|_73-148_1RI7:A:85-170	0	4	0	2	0	8	5	5	0	86
gi|76803456|ref|YP_327725.1|_16-245_1JI0:A:	2	10	1	10	0	19	14	15	0	240
gi|76803455|ref|YP_327724.1|_3-235_1G6H:A:	2	11	5	9	0	21	16	17	0	254
gi|76803452|ref|YP_327721.1|_58-435_1USG:A:	4	14	6	11	0	33	12	17	0	346
gi|76803451|ref|YP_327720.1|_24-436_1VEF:A:9-395	3	17	2	15	0	38	24	27	0	387
gi|76803450|ref|YP_327719.1|_226-550_1AOR:A:211-605	3	5	8	21	0	37	16	31	0	395
gi|76803450|ref|YP_327719.1|_6-207_1AOR:A:1-210	1	12	0	6	0	23	14	16	0	210
gi|76803449|ref|YP_327718.1|_14-101_1B26:A:4-178	1	5	3	5	0	18	10	8	0	175
gi|76803448|ref|YP_327717.1|_12-399_1Q7E:A:	0	11	5	17	0	41	21	30	0	427
gi|76803447|ref|YP_327716.1|_3-233_1SIQ:A:3-238	4	9	4	7	0	21	11	19	0	236
gi|76803447|ref|YP_327716.1|_233-382_1SIQ:A:239-392	0	2	3	5	0	5	7	4	0	154
gi|76803445|ref|YP_327714.1|_85-255_1MKM:A:76-246	0	6	1	5	0	15	11	6	0	171
gi|76803445|ref|YP_327714.1|_17-97_1MKM:A:1-75	1	2	0	4	0	9	3	5	0	75
gi|76803444|ref|YP_327713.1|_4-222_1HYQ:A:	0	8	2	11	0	23	12	9	0	232
gi|76803442|ref|YP_327711.1|_91-444,475-544_1PEQ:A:175-699	5	17	4	21	0	59	31	26	0	525
gi|76803441|ref|YP_327710.1|_17-336_1SYY:A:	2	0	5	13	0	24	15	12	0	317
gi|76803438|ref|YP_327707.1|_33-107_1U5T:A:165-232	1	2	1	3	0	7	4	3	0	68
gi|76803436|ref|YP_327705.1|_32-167,192-277_1A0P:A:111-292	4	3	3	8	0	17	7	7	0	182
gi|76803430|ref|YP_327699.1|_12-133_1PYF:A:	6	11	6	11	0	33	19	21	0	311
gi|76803426|ref|YP_327695.1|_1-43_1Q5V:A:1-48	0	1	0	2	0	4	1	1	0	48
gi|76803425|ref|YP_327694.1|_8-88_1WMI:A:1-88	0	5	0	3	0	9	6	4	0	88
gi|76803424|ref|YP_327693.1|_41-383_1QO0:A:	5	15	2	12	0	40	23	19	0	373
gi|76803424|ref|YP_327693.1|_466-501,534-806_2CH7:B:225-529	0	0	1	4	0	2	1	4	0	308
gi|76803423|ref|YP_327692.1|_125-367_1WDN:A:	2	11	1	8	0	14	14	12	0	223
gi|76803421|ref|YP_327690.1|_79-261_3DHW:A:6-208	0	0	1	9	0	11	7	9	0	203
gi|76803420|ref|YP_327689.1|_68-250_3DHW:A:6-208	0	0	1	9	0	11	7	9	0	203
gi|76803416|ref|YP_327685.1|_1-143_1LSS:A:	0	6	0	6	0	14	9	7	0	132
gi|76803416|ref|YP_327685.1|_130-219_2FY8:A:245-336	2	4	0	4	0	13	5	6	0	92
gi|76803415|ref|YP_327684.1|_6-137_1WJG:A:	0	5	1	4	0	15	7	4	0	135
gi|76803414|ref|YP_327683.1|_9-67_1I1G:A:2-61	0	0	1	3	0	5	4	4	0	60
gi|76803414|ref|YP_327683.1|_166-238_2FY8:A:245-336	2	4	0	4	0	13	5	6	0	92
gi|76803413|ref|YP_327682.1|_39-319_1TWY:A:	4	13	2	8	0	31	13	17	0	249
gi|76803412|ref|YP_327681.1|_24-50,78-321_3DHW:A:6-208	0	0	1	9	0	11	7	9	0	203
gi|76803411|ref|YP_327680.1|_26-296_3DHW:A:6-208	0	0	1	9	0	11	7	9	0	203
gi|76803409|ref|YP_327678.1|_4-216_1T72:A:	0	0	1	7	0	8	2	5	0	226
gi|76803408|ref|YP_327677.1|_135-327_1T72:A:	0	0	1	7	0	8	2	5	0	226
gi|76803407|ref|YP_327676.1|_5-133_1JF8:A:	1	4	0	5	0	11	8	6	0	130
gi|76803406|ref|YP_327675.1|_1-107_1NE8:A:	0	6	1	3	0	14	9	5	0	116
gi|76803405|ref|YP_327674.1|_23-71_2P4W:A:1-194	2	5	0	8	0	12	7	8	0	197
gi|76803403|ref|YP_327672.1|_251-357_1N9L:A:	0	5	1	3	0	14	5	7	0	109
gi|76803403|ref|YP_327672.1|_438-578_1BXD:A:	0	7	1	3	0	17	11	6	0	161
gi|76803403|ref|YP_327672.1|_117-234_1EW0:A:	2	5	2	5	0	11	8	8	0	130
gi|76803403|ref|YP_327672.1|_12-117_1LL8:A:	0	6	1	2	0	15	8	9	0	113
gi|76803403|ref|YP_327672.1|_349-418_2C2A:A:232-320	0	0	1	3	0	3	0	4	0	89
gi|76803395|ref|YP_327664.1|_139-246_1N9L:A:	0	5	1	3	0	14	5	7	0	109
gi|76803395|ref|YP_327664.1|_264-366_1N9L:A:	0	5	1	3	0	14	5	7	0	109
gi|76803395|ref|YP_327664.1|_460-588_1YSR:A:299-446	0	7	1	4	0	11	6	6	0	148
gi|76803395|ref|YP_327664.1|_20-122_1LL8:A:	0	6	1	2	0	15	8	9	0	113
gi|76803394|ref|YP_327663.1|_5-142_1MJH:A:	0	5	1	4	0	16	7	5	0	160
gi|76803394|ref|YP_327663.1|_157-297_1MJH:A:	0	5	1	4	0	16	7	5	0	160
gi|76803392|ref|YP_327661.1|_42-122_1U2W:A:12-119	0	3	0	6	0	6	5	4	0	108
gi|76803389|ref|YP_327658.1|_104-218_1WOT:A:	0	4	0	4	0	13	6	4	0	98
gi|76803389|ref|YP_327658.1|_31-96_1ULY:A:	1	4	1	8	0	12	7	8	0	190
gi|76803387|ref|YP_327656.1|_8-127_1OB8:A:	0	8	1	3	0	8	6	5	0	124
gi|76803386|ref|YP_327655.1|_31-285_1X1T:A:1-260	2	7	4	8	0	23	10	13	0	260
gi|76803383|ref|YP_327652.1|_34-320_1POI:A:	9	13	3	13	0	38	22	19	0	317
gi|76803382|ref|YP_327651.1|_4-250_1POI:B:	2	14	0	8	0	37	16	22	0	260
gi|76803381|ref|YP_327650.1|_148-221_1S7O:A:	0	0	1	6	0	8	1	4	0	106
gi|76803380|ref|YP_327649.1|_7-141_1KGS:A:2-123	0	5	0	5	0	11	9	3	0	122
gi|76803380|ref|YP_327649.1|_585-716_2C2A:A:321-481	0	7	2	3	0	13	4	10	0	161
gi|76803380|ref|YP_327649.1|_255-382_1P97:A:	0	5	0	4	0	12	9	7	0	113
gi|76803380|ref|YP_327649.1|_129-256_1V9Y:A:	2	5	3	3	0	10	6	6	0	113
gi|76803380|ref|YP_327649.1|_394-509_1P97:A:	0	5	0	4	0	12	9	7	0	113
gi|76803380|ref|YP_327649.1|_510-578_2C2A:A:232-320	0	0	1	3	0	3	0	4	0	89
gi|76803376|ref|YP_327645.1|_31-93_1S3J:A:	0	3	0	6	0	8	6	5	0	143
