PDB_ID	B	E	G	H	I	L	S	T	X	sequence_length
NCU03949T0_30-371_1VRD:A:1-85,A:213-457	5	15	2	11	0	35	20	14	1	330
NCU06023T0_6-171_1UQR:A:	0	5	5	5	0	14	8	9	0	146
NCU03282T0_1-167_1ZVF:A:1-175	3	12	1	3	0	27	11	7	0	175
NCU06024T0_12-333_1I60:A:	2	10	5	10	0	25	13	15	0	278
NCU04230T0_16-531_1DQU:A:	3	13	5	23	0	50	31	25	0	519
NCU09770T0_241-520_2G39:A:224-497	2	17	5	10	0	29	21	17	0	274
NCU09770T0_12-239_2G39:A:3-223	10	9	3	6	0	25	19	14	0	221
NCU06785T0_173-295,340-650_1AJ8:A:	3	5	4	16	0	28	15	16	0	371
NCU06785T0_48-179_1OI7:A:1-121	0	7	0	4	0	13	8	8	0	121
NCU05008T0_54-130_1T8K:A:	2	0	1	4	0	8	0	6	0	77
NCU06836T0_42-661_1RY2:A:	13	28	0	20	0	87	54	43	0	640
NCU04173T0_147-375_1YAG:A:147-375	0	9	6	10	0	25	15	15	0	229
NCU04173T0_4-153_1YAG:A:4-146	0	10	2	4	0	16	11	9	0	143
NCU04173T1_147-375_1YAG:A:147-375	0	9	6	10	0	25	15	15	0	229
NCU04173T1_4-153_1YAG:A:4-146	0	10	2	4	0	16	11	9	0	143
NCU04247T0_149-379_1C0G:A:147-375	0	9	6	10	0	23	12	12	0	229
NCU04247T0_8-156_1YAG:A:4-146	0	10	2	4	0	16	11	9	0	143
NCU06656T0_16-60_1D66:A:8-48	0	0	0	2	0	4	1	2	0	41
NCU01754T0_10-179_1RJW:A:1-137,A:306-339	5	11	3	3	0	24	12	10	1	171
NCU01754T0_147-320_1LLU:A:144-309	0	7	1	8	0	14	10	9	0	166
NCU09477T0_10-299_1OKC:A:	0	0	6	11	0	19	10	9	0	292
NCU08218T0_45-256_1N11:A:	0	0	1	24	0	48	15	35	0	408
NCU07807T0_10-361_1DOS:A:	0	11	3	12	0	36	18	17	0	358
NCU07807T1_10-361_1DOS:A:	0	11	3	12	0	36	18	17	0	358
NCU06779T0_103-543_2F9F:A:2-167	2	6	1	7	0	19	11	10	0	166
NCU03503T0_12-437_2F9F:A:2-167	2	6	1	7	0	19	11	10	0	166
NCU01816T0_26-194_1O59:A:0-187	3	12	3	1	0	30	16	8	0	187
NCU01816T0_203-349_1O59:A:194-343	0	12	3	0	0	21	12	5	0	150
NCU03188T0_27-216_1W1O:A:40-245	2	10	2	6	0	23	19	14	0	206
NCU07989T0_1-142_1GW5:S:	0	7	0	5	0	11	6	9	0	142
NCU02027T0_10-234_1FJ2:A:	2	9	5	5	0	26	16	11	0	231
NCU08340T0_17-183_1HUR:A:	2	7	2	6	0	19	13	14	0	180
NCU08340T1_17-183_1HUR:A:	2	7	2	6	0	19	13	14	0	180
NCU02802T0_41-355_1OKC:A:	0	0	6	11	0	19	10	9	0	292
NCU05410T0_58-457_1VEF:A:9-395	3	17	2	15	0	38	24	27	0	387
NCU02333T0_48-354_2AEB:A:5-313	8	8	7	10	0	35	14	14	0	314
NCU05420T0_1-396_1R53:A:	6	14	2	9	0	32	13	18	0	371
NCU02785T0_9-465_2B7O:A:1-462	4	13	2	14	0	45	28	29	0	462
NCU01756T0_188-429_1K8K:A:161-418	0	9	7	10	0	24	11	13	0	258
NCU01756T0_2-44,75-176_1K8K:A:3-160	0	10	4	3	0	17	12	9	0	158
NCU02555T0_191-238,274-468_1C0G:A:147-375	0	9	6	10	0	23	12	12	0	229
NCU02555T0_20-103,140-198_1YAG:A:4-146	0	10	2	4	0	16	11	9	0	143
NCU05587T0_178-281,309-438_1YAG:A:147-375	0	9	6	10	0	25	15	15	0	229
NCU05587T0_19-156_1YAG:A:4-146	0	10	2	4	0	16	11	9	0	143
NCU05598T0_24-280_1NKG:A:1-250	4	20	4	0	0	35	14	17	0	250
NCU05598T0_370-540_1NKG:A:338-508	2	10	4	1	0	22	17	11	0	171
NCU05598T0_282-363_1NKG:A:251-337	2	8	1	0	0	14	4	4	0	87
NCU09436T0_1-155_1ROC:A:	0	10	2	2	0	19	14	6	0	154
NCU10049T0_54-157_1WZ3:A:10-93	4	4	0	2	0	10	6	6	0	84
NCU12096T0_1011-1433_1IIR:A:	0	13	4	14	0	38	21	15	0	401
NCU12096T0_336-480_1X1G:A:8-123	0	7	0	1	0	18	14	3	0	116
NCU02433T0_45-75,166-467_2P82:A:26-359	5	15	3	8	0	30	21	21	0	334
NCU06672T0_358-577,605-652_1JW9:B:	5	8	2	9	0	22	10	18	0	247
NCU01545T0_1-116_1GNU:A:	4	4	0	4	0	15	8	8	0	117
NCU05029T0_441-691_2HYD:A:324-578	2	10	5	9	0	25	21	16	0	255
NCU05029T0_109-422_1PF4:A:10-320	0	0	9	16	0	12	11	14	0	310
NCU00274T0_2547-2681,2714-2872_1E8Y:A:726-1092	0	10	2	12	0	26	15	16	0	367
NCU00274T0_78-191,245-350,450-547,914-1062,1160-1216,1284-1310_1GW5:B:	0	0	4	32	0	42	43	37	0	579
NCU00636T0_4-125_2CLY:B:4-123	0	0	1	6	0	7	4	7	0	120
NCU02250T0_79-146_1C99:A:	0	0	1	2	0	2	1	1	0	79
NCU02514T0_137-419_1E79:A:95-379	8	11	6	9	0	30	20	18	0	285
NCU02514T0_422-549_1E79:A:380-510	0	0	2	6	0	9	4	6	0	131
NCU02514T0_51-135_1MAB:A:10-94	6	5	0	0	0	14	8	9	0	86
NCU05430T0_122-398_1E79:D:82-357	4	12	5	8	0	32	21	15	0	276
NCU05430T0_396-510_1E79:D:358-475	0	0	2	6	0	9	7	4	0	118
NCU05430T0_47-120_1MAB:B:1-81	1	7	0	0	0	12	6	5	0	81
NCU00385T0_35-115_1E79:H:15-100	3	10	1	0	0	12	8	2	0	86
NCU00502T0_112-215_2CLY:A:79-183	0	0	1	2	0	2	0	2	0	105
NCU01606T0_37-142_1ABV:A:	0	0	1	6	0	8	3	4	0	105
NCU04110T0_196-317_1K1G:A:	0	3	1	4	0	10	10	5	0	122
NCU04110T0_311-363_1AAF:A:	0	0	2	0	0	11	7	2	0	55
NCU07267T0_35-172_2I02:A:5-147	1	7	3	3	0	13	3	8	0	143
NCU08699T0_94-318_1WMA:A:2-276	2	8	1	11	0	26	15	13	0	275
NCU08021T0_291-532_1QE3:A:	7	14	7	14	0	50	31	31	0	483
NCU10272T0_36-229,276-441_1PW4:A:	2	0	1	18	0	21	18	22	0	450
NCU06424T0_50-279_1NRK:A:1-243	0	11	5	6	0	22	14	17	0	243
NCU04120T0_2-148_1RFJ:A:	2	2	0	7	0	16	5	7	0	148
NCU03833T0_16-168_1AUI:B:	0	4	3	9	0	17	7	9	0	165
NCU03833T1_16-168_1AUI:B:	0	4	3	9	0	17	7	9	0	165
NCU07471T0_5-279_1IZN:B:	0	10	4	7	0	17	10	8	0	270
NCU07732T0_205-413_1A9X:B:1653-1880	4	10	1	6	0	22	14	15	0	228
NCU07732T0_54-198_1A9X:B:1502-1652	4	7	2	4	0	22	12	6	0	151
NCU07732T1_205-413_1A9X:B:1653-1880	4	10	1	6	0	22	14	15	0	228
NCU07732T1_54-198_1A9X:B:1502-1652	4	7	2	4	0	22	12	6	0	151
NCU02273T0_69-394_1DPJ:A:	4	26	6	5	0	36	14	22	0	329
NCU00355T0_40-564_1CF9:A:27-597	12	14	11	15	0	73	43	37	0	571
NCU03297T0_68-349_2EUT:A:4-294	6	5	4	14	0	33	17	17	0	291
NCU03297T1_68-349_2EUT:A:4-294	6	5	4	14	0	33	17	17	0	291
NCU07779T0_394-584,628-752_1HD7:A:	6	12	5	7	0	32	18	10	0	275
NCU07779T0_242-347_1O6V:A:33-416	1	19	16	2	0	68	27	29	0	381
NCU06994T0_32-104_1A5J:A:1-55	0	0	0	3	0	9	8	2	0	55
NCU00145T0_26-148_1KX5:A:	0	2	0	4	0	17	13	6	0	135
NCU01084T0_1-243_1HYQ:A:	0	8	2	11	0	23	12	9	0	232
NCU02935T0_15-174_1ZD0:A:9-144	1	4	0	6	0	10	6	5	0	138
NCU03611T0_329-586_1OMZ:A:	3	13	1	7	0	26	18	19	0	265
NCU09324T0_691-752,841-953,989-1045_1OMZ:A:	3	13	1	7	0	26	18	19	0	265
NCU01975T0_41-239_1WMX:B:	4	11	3	1	0	26	16	9	0	195
NCU05426T0_39-110,142-311,346-463_1VYH:C:92-408	0	28	1	0	0	39	25	14	0	317
NCU01692T0_36-467_2CTS:A:	5	2	3	20	0	34	18	23	0	437
NCU02717T0_62-538_2OOE:A:21-549	2	0	2	28	0	36	16	28	0	529
NCU02717T0_512-628_2OOE:A:21-549	2	0	2	28	0	36	16	28	0	529
NCU06314T0_159-197,257-337_1HQC:A:5-242	0	7	0	8	0	28	17	13	0	238
NCU06314T0_91-189_1HQC:A:5-242	0	7	0	8	0	28	17	13	0	238
NCU04071T0_4-366_1JOF:A:	3	28	1	0	0	39	21	26	0	365
NCU02305T0_81-148,188-448_1V4E:A:	0	2	1	14	0	18	6	12	0	280
NCU07296T0_196-359,407-555_1APM:E:	5	9	4	11	0	36	21	20	0	341
NCU02217T0_26-74_2HP8:A:	0	0	1	3	0	6	3	5	0	68
NCU05689T0_58-157_2OCC:F:	2	5	0	2	0	16	7	4	0	98
NCU05457T0_36-161_1OCR:D:	2	2	4	5	0	13	11	7	0	144
NCU06695T0_45-146_2OCC:E:	1	0	0	6	0	9	2	7	0	105
NCU06695T1_45-146_2OCC:E:	1	0	0	6	0	9	2	7	0	105
NCU04050T0_216-261_1YSA:D:	0	0	0	1	0	2	2	0	0	57
NCU08807T0_76-130_2CSH:A:8-60	0	4	0	2	0	6	6	3	0	53
NCU00552T0_6-336,471-511_1F8R:A:4-319,A:433-486	5	16	5	15	0	36	19	22	1	370
NCU00582T0_250-568_1NP7:A:205-483	4	0	5	14	0	26	16	17	0	279
NCU00582T0_4-215_1NP7:A:1-204	2	5	4	5	0	18	13	7	0	204
NCU03124T0_9-322_1LPU:A:	1	9	10	13	0	32	15	13	0	327
NCU05485T0_9-72,102-211,245-268_1JWH:C:	12	0	4	7	0	25	19	17	0	200
NCU02754T0_15-207_1JWH:C:	12	0	4	7	0	25	19	17	0	200
NCU00593T0_342-421_1UFM:A:	0	3	0	3	0	8	7	3	0	83
NCU07361T0_314-383_1UFM:A:	0	3	0	3	0	8	7	3	0	83
NCU00467T0_43-161_1OI0:A:	0	9	0	2	0	14	8	5	0	121
NCU05495T0_1-108_3EZM:A:	0	10	3	0	0	8	4	9	0	101
NCU00066T0_211-452_1H6K:A:27-290	3	2	4	12	0	21	8	8	0	264
NCU01954T0_309-350_1RMD:A:1-86	6	2	3	3	0	14	6	6	0	86
NCU01954T0_219-252_1RGO:A:187-220	2	0	1	1	0	7	4	2	0	34
NCU08514T0_15-208_1XYH:A:1-160	6	8	1	2	0	23	13	12	0	160
NCU03603T0_2-79_1AXX:A:	1	5	1	4	0	11	7	6	0	94
NCU03910T0_3-79_1DO9:A:	3	3	2	4	0	9	5	7	0	94
NCU01808T0_5-105_1YEB:A:	2	0	1	5	0	11	4	8	0	108
NCU01272T0_553-806_2FGE:A:540-797	0	6	3	9	0	20	15	6	0	258
NCU01272T0_292-554_2FGE:A:272-539	0	6	3	10	0	23	15	9	0	268
NCU01272T0_26-271_2FGE:A:15-271	3	10	4	10	0	24	18	13	0	257
NCU01272T0_821-992_2FGE:A:798-993	2	6	1	9	0	14	7	11	0	196
NCU00726T0_65-223_2C3B:A:1-171	1	8	0	3	0	20	9	9	0	171
NCU04433T0_620-675_1VC1:A:	2	5	1	3	0	8	6	6	0	110
NCU09327T0_504-694,736-919_2R7D:A:3-403	4	13	1	12	0	38	19	23	0	401
NCU07712T0_98-303_1HV8:A:3-210	0	7	1	9	0	25	17	9	0	208
NCU07712T0_242-340,374-487_2J0S:A:244-411	0	7	4	5	0	15	11	10	0	168
NCU07839T0_204-491_1WRB:A:164-401	2	8	2	8	0	26	18	9	0	238
NCU05782T0_258-559_1WRB:A:164-401	2	8	2	8	0	26	18	9	0	238
NCU05782T0_34-107,198-362_1S2M:A:46-251	0	7	1	9	0	25	17	9	0	206
NCU04439T0_129-415_1VEC:A:	0	7	1	9	0	25	16	12	0	206
NCU01160T0_145-429_2G2J:A:307-474	2	7	1	5	0	20	12	5	0	178
NCU06520T0_136-385_1WRB:A:164-401	2	8	2	8	0	26	18	9	0	238
NCU06520T0_185-255,492-595_2J0S:A:244-411	0	7	4	5	0	15	11	10	0	168
NCU06418T0_266-567_2J0S:A:244-411	0	7	4	5	0	15	11	10	0	168
NCU07070T0_93-305_1T6N:A:	0	7	0	9	0	22	16	12	0	207
NCU07070T0_113-171,258-274,321-402,447-532_1FUK:A:	0	7	3	4	0	16	14	7	0	162
NCU08270T0_174-334,448-592_1WP9:A:201-486	0	6	1	11	0	23	15	14	0	286
NCU08270T0_1257-1352,1404-1449_1O0W:A:1-167	2	0	1	10	0	12	5	7	0	167
NCU08270T0_1045-1218_1JFZ:A:	2	0	1	7	0	12	8	9	0	148
NCU01271T0_89-323_1D7K:A:44-283	2	9	4	9	0	27	11	9	0	240
NCU01271T0_290-471_7ODC:A:2-43,A:284-418	0	10	2	3	0	19	7	5	1	177
NCU05292T0_188-304_2RSP:A:	1	11	0	1	0	21	11	5	0	124
NCU05292T0_12-92_1XD3:B:	3	5	1	1	0	10	1	6	0	75
NCU05292T0_383-438_1Z96:A:295-332	0	0	0	3	0	4	0	2	0	38
NCU01369T0_281-566_1WRB:A:164-401	2	8	2	8	0	26	18	9	0	238
NCU02984T0_18-52,86-177_2IF1:A:	3	5	1	3	0	19	12	8	0	125
NCU01195T0_4-190_1BGV:A:1-194	3	5	2	8	0	16	8	12	0	194
NCU01195T0_188-449_1BGV:A:195-449	2	7	2	10	0	29	11	16	0	255
NCU03031T0_60-144_1NEK:D:	0	0	0	4	0	4	4	2	0	113
NCU05418T0_7-349_1DHS:A:	2	9	3	16	0	28	17	24	0	361
NCU04402T0_39-328_1ML9:A:	5	15	6	5	0	45	22	13	0	284
NCU11398T0_1-71,128-307_1TUB:A:1-245	0	6	2	9	0	25	23	14	0	245
NCU06264T0_289-518_1X9N:A:534-753	5	11	2	6	0	25	17	14	0	220
NCU06264T0_526-682_1X9N:A:754-901	3	10	1	2	0	17	13	7	0	148
NCU06264T0_936-1044_1WF6:A:	1	4	3	3	0	15	14	3	0	131
NCU06264T0_732-825_1CDZ:A:	1	4	1	3	0	15	6	8	0	96
NCU06264T0_167-249_1X9N:A:262-533	2	0	4	13	0	28	14	13	0	272
NCU05252T0_58-142,167-300_1TE4:A:	0	0	3	6	0	11	9	5	0	111
NCU03718T0_18-123,185-226_1D2T:A:	0	0	2	13	0	18	11	13	0	224
NCU06266T0_216-529_1U2Z:A:	7	11	6	12	0	46	21	21	0	406
NCU09465T0_7-72_1YWS:A:1-82	0	6	0	2	0	7	3	5	0	82
NCU02805T0_117-206_1WGE:A:8-77	1	5	1	2	0	10	3	4	0	70
NCU02805T0_2-92_1HDJ:A:	0	0	1	4	0	9	2	7	0	76
NCU07266T0_1-277_2DEK:A:1-265	7	12	5	10	0	28	14	14	0	265
NCU00276T0_538-998_1KFS:A:519-928	6	8	2	17	0	32	17	21	0	410
NCU00276T0_178-276,328-410_1KFS:A:324-518	0	6	2	7	0	16	14	9	0	195
NCU11175T0_365-651_1VEC:A:	0	7	1	9	0	25	16	12	0	206
NCU02619T0_329-541,568-698_1VHN:A:	0	9	3	14	0	31	18	15	0	317
NCU03483T0_5-95_2COW:A:7-94	0	7	1	0	0	18	9	3	0	87
NCU03483T0_956-1190_2NRJ:A:2-341	0	3	6	8	0	16	7	12	0	339
NCU02003T0_4-260_1F60:A:2-240	2	8	3	8	0	25	15	13	0	239
NCU02003T0_337-440_1F60:A:335-441	2	7	1	0	0	15	7	6	0	107
NCU02003T0_237-333_1F60:A:241-334	3	7	0	0	0	13	6	9	0	94
NCU07700T0_4-344_1N0U:A:3-343	9	9	5	14	0	30	13	15	0	341
NCU07700T0_562-726_1N0U:A:561-725	1	7	1	5	0	15	13	8	0	165
NCU07700T0_345-482_1N0U:A:344-481	3	10	0	2	0	16	10	11	0	138
NCU07700T0_727-841_1N0U:A:726-842	0	4	3	3	0	11	3	6	0	117
NCU07700T0_485-560_1N0U:A:482-560	0	4	1	2	0	9	6	3	0	79
NCU00675T0_77-210,274-296,347-406_1H6K:A:291-480	1	0	4	8	0	15	11	11	0	190
NCU02208T0_170-344,401-617_1XFD:A:127-591	9	30	2	3	0	57	36	22	0	465
NCU02208T0_69-131_1WHY:A:	2	4	0	2	0	12	6	2	0	96
NCU07831T0_712-785_1UFM:A:	0	3	0	3	0	8	7	3	0	83
NCU05889T0_340-417_1WI9:A:	0	3	0	3	0	11	5	1	0	71
NCU08046T0_207-295_2CQ0:A:231-320	0	6	0	2	0	9	8	5	0	90
NCU03876T0_5-314_2OVR:B:2365-2706	0	32	2	1	0	36	24	21	0	342
NCU09707T0_6-140_1RZ4:A:2-131	0	0	3	9	0	8	7	9	0	130
NCU09707T0_147-230_1RZ4:A:132-216	0	3	0	5	0	9	4	4	0	85
NCU06347T0_3-97_1F8H:A:	2	0	1	4	0	12	7	5	0	95
NCU06347T0_125-224_1F8H:A:	2	0	1	4	0	12	7	5	0	95
NCU06228T0_1-231_1ZS9:A:4-256	7	6	4	10	0	25	11	15	0	253
NCU10042T0_144-433_1ONE:A:142-436	4	12	6	9	0	36	18	14	0	295
NCU10042T0_3-138_1ONE:A:1-141	1	3	1	5	0	15	6	12	0	141
NCU10042T1_144-433_1ONE:A:142-436	4	12	6	9	0	36	18	14	0	295
NCU10042T1_3-138_1ONE:A:1-141	1	3	1	5	0	15	6	12	0	141
NCU03321T0_385-505,555-778_1VYH:C:92-408	0	28	1	0	0	39	25	14	0	317
NCU03006T0_80-307,338-378_2O57:A:16-297	0	7	3	11	0	24	14	16	0	282
NCU02074T0_42-210,266-490_1RP4:A:	4	5	6	13	0	26	21	22	0	388
NCU03739T0_20-130_1MEK:A:	1	6	0	4	0	13	10	8	0	120
NCU03739T0_143-252_1MEK:A:	1	6	0	4	0	13	10	8	0	120
NCU03739T0_264-366_1G7D:A:	0	0	0	5	0	7	5	6	0	106
NCU05218T0_223-492_1FY7:A:	3	14	3	7	0	28	15	13	0	273
NCU05218T0_17-141_1WGS:A:	0	4	0	0	0	9	6	6	0	132
NCU08668T0_34-81,118-206_2CPJ:A:65-150	2	4	0	2	0	10	7	7	0	86
NCU06631T0_450-666_2D2S:A:525-753	0	0	2	9	0	10	3	9	0	229
NCU09491T0_118-290_2D81:A:21-338	4	12	4	9	0	34	21	20	0	318
NCU09491T0_12-94_2D81:A:21-338	4	12	4	9	0	34	21	20	0	318
NCU01234T0_94-380_2J0S:A:244-411	0	7	4	5	0	15	11	10	0	168
NCU03702T0_82-315_1PRY:A:	0	12	1	6	0	21	11	17	0	226
NCU06054T0_43-380_1EZF:A:	0	0	3	18	0	19	14	22	0	333
NCU03813T0_123-314_2NAC:A:148-335	3	6	4	8	0	22	13	14	0	188
NCU03813T0_3-149_2NAC:A:1-147,A:336-374	8	7	2	6	0	29	15	14	1	186
NCU04172T0_75-208_1XQR:A:87-350	0	0	3	17	0	17	9	12	0	267
NCU05313T0_9-151_1Y8M:A:1-138	0	0	1	6	0	10	7	7	0	138
NCU02455T0_22-134_1YAT:A:	2	7	3	1	0	16	4	8	0	113
NCU03241T0_296-467_1YAT:A:	2	7	3	1	0	16	4	8	0	113
NCU03908T0_10-232_2A35:A:4-215	2	9	2	8	0	20	13	11	0	210
NCU00892T0_72-326_1O5Z:A:2-293	2	11	4	9	0	24	12	14	0	293
NCU00892T0_348-522_1O5Z:A:294-430	0	6	2	5	0	15	10	7	0	137
NCU08828T0_310-551_1ZBQ:A:3-304	1	9	4	11	0	27	12	16	0	302
NCU08828T0_5-252_1GZ6:A:	5	9	5	11	0	28	9	19	0	302
NCU08828T0_620-767_1PN2:A:4-151	0	8	2	4	0	13	6	9	0	148
NCU08828T0_776-890_1S9C:A:164-289	0	5	3	3	0	12	6	7	0	126
NCU01175T0_5-346_1UBY:A:	0	2	2	16	0	20	10	17	0	348
NCU01528T0_150-313_1GAD:O:149-312	2	8	3	3	0	15	11	8	0	164
NCU01528T0_3-172_1J0X:O:1-148,O:313-332	1	8	3	5	0	22	13	9	1	168
NCU07281T0_4-558_1GZD:A:	8	13	13	22	0	53	20	27	0	554
NCU04460T0_5-153,184-218_1GUQ:A:2-177	2	7	3	2	0	27	18	11	0	176
NCU04460T0_226-388_1GUQ:A:178-348	0	8	1	6	0	19	10	8	0	171
NCU00041T0_28-85_1OMW:G:	0	0	1	2	0	6	2	4	0	61
NCU07774T0_102-310_1FB1:A:	0	5	2	7	0	19	10	9	0	196
NCU03966T0_5-168_1Z2A:A:8-171	2	6	2	6	0	16	7	9	0	164
NCU03966T0_420-588_1KAO:A:	0	6	1	5	0	17	7	8	0	167
NCU03966T0_170-270,312-372_1CTA:A:	1	0	0	2	0	6	2	2	0	34
NCU06717T0_22-329_1F48:A:1-296	0	8	6	11	0	31	20	16	0	296
NCU01427T0_131-404_2Q80:A:6-296	0	2	0	15	0	16	4	15	0	291
NCU06724T0_112-356_1F52:A:101-468	4	12	5	10	0	37	24	21	0	368
NCU06724T0_22-109_1F52:A:1-100	0	6	3	2	0	15	6	4	0	100
NCU02274T0_10-470_1CJ0:A:	6	13	4	17	0	54	28	23	0	470
NCU06198T0_255-365_1S7B:A:	0	0	0	4	0	10	7	3	0	109
NCU06493T0_30-57,174-350_1BOF:A:10-60,A:182-354	1	6	6	6	0	19	9	12	1	224
NCU06493T0_61-181_1CIP:A:61-181	0	0	1	8	0	7	3	10	0	121
NCU06729T0_33-62,180-350_1BOF:A:10-60,A:182-354	1	6	6	6	0	19	9	12	1	224
NCU06729T0_62-182_1TAD:A:57-177	0	0	1	7	0	8	4	8	0	121
NCU05206T0_33-59,178-353_1BOF:A:10-60,A:182-354	1	6	6	6	0	19	9	12	1	224
NCU05206T0_63-185_2BCJ:Q:67-183	0	0	0	8	0	7	6	10	0	117
NCU03982T0_38-222_1HJO:A:3-188	0	12	2	6	0	18	6	12	0	186
NCU03982T0_225-416_1BUP:A:189-381	1	6	3	7	0	14	7	9	0	193
NCU03982T0_418-575_1CKR:A:	1	10	0	2	0	15	14	9	0	159
NCU03982T0_569-651_1UD0:A:	0	0	1	3	0	3	3	4	0	112
NCU01516T0_72-180_1DKG:B:38-138	2	6	0	0	0	7	3	3	0	57
NCU01516T0_181-237_1DKG:A:139-197	2	6	0	0	0	7	3	3	0	59
NCU04189T0_133-219,274-341_2PRV:A:1-152	2	7	1	5	0	12	9	6	0	152
NCU01157T0_40-215,270-362,430-511,553-653_1TT4:A:	6	11	5	13	0	33	20	16	0	366
NCU09269T0_7-181_1BYU:A:	4	8	3	8	0	20	8	14	0	202
NCU09269T1_7-181_1BYU:A:	4	8	3	8	0	20	8	14	0	202
NCU07340T0_19-448_1Q9H:A:	8	31	3	7	0	52	31	32	0	434
NCU07340T0_488-521_1AZ6:A:	0	2	0	0	0	7	4	2	0	36
NCU06687T0_138-344_2BIS:A:1-437	4	17	6	16	0	48	27	24	0	437
NCU06687T0_484-597_2F9F:A:2-167	2	6	1	7	0	19	11	10	0	166
NCU06863T0_33-123_1UST:A:	0	3	0	4	0	10	8	6	0	92
NCU05347T0_9-111_2JSS:A:96-192	0	0	0	5	0	11	8	5	0	97
NCU02437T0_18-122_1ID3:C:	0	3	2	4	0	13	8	7	0	110
NCU02435T0_20-135_1ID3:D:	0	2	0	4	0	8	4	1	0	93
NCU01635T0_2-134_1KX5:A:	0	2	0	4	0	17	13	6	0	135
NCU00212T0_3-102_1KX5:B:	0	3	1	3	0	10	6	4	0	102
NCU01634T0_3-102_1KX5:B:	0	3	1	3	0	10	6	4	0	102
NCU09349T0_101-315_1HV8:A:3-210	0	7	1	9	0	25	17	9	0	208
NCU09349T0_251-463_1S2M:A:252-422	2	7	3	5	0	19	12	8	0	171
NCU06472T0_4-360_1BOB:A:	1	15	2	11	0	26	14	18	0	315
NCU06679T0_132-424_1P22:A:253-545	0	28	0	1	0	35	23	13	0	293
NCU06189T0_148-543_2BWN:A:2-397	7	14	2	14	0	46	24	23	0	396
NCU10292T0_7-231_1PDA:A:3-219	0	10	3	7	0	25	14	12	0	217
NCU10292T0_233-324_1GTK:A:220-313	0	3	1	3	0	7	3	6	0	94
NCU11517T0_104-170_1KHI:A:103-173	1	5	1	1	0	5	1	5	0	71
NCU11517T0_33-85_1KHI:A:27-102	0	7	1	0	0	11	2	5	0	76
NCU04035T0_19-381_1ERJ:A:	2	30	1	1	0	43	24	22	0	388
NCU03139T0_448-864_1K75:A:	1	14	4	16	0	38	24	17	0	431
NCU03139T0_203-308_1ZPS:A:8-131	3	8	1	1	0	13	9	7	0	124
NCU03139T0_299-379_2A7W:A:4-94	0	0	1	5	0	7	1	3	0	91
NCU00150T0_3-253_1KA9:F:	2	11	1	10	0	25	15	15	0	251
NCU00150T1_3-253_1KA9:F:	2	11	1	10	0	25	15	15	0	251
NCU11651T0_120-210_1RHY:A:94-187	0	6	0	2	0	7	3	5	0	94
NCU11651T0_9-31,58-116_1RHY:A:2-93	0	4	0	2	0	10	4	4	0	92
NCU07024T0_5-339_2GFS:A:5-352	1	10	6	13	0	32	21	20	0	348
NCU01830T0_26-399_1SQI:A:157-366	2	8	0	6	0	21	8	7	0	192
NCU04841T0_9-148_1ELK:A:	0	0	1	9	0	11	7	9	0	153
NCU04841T0_229-315_1OOT:A:	3	5	1	0	0	9	4	4	0	58
NCU09364T0_46-96,165-227_1GME:A:	1	8	5	2	0	17	6	7	0	150
NCU09602T0_2-185_1BUP:A:4-188	0	12	1	6	0	18	7	13	0	185
NCU09602T0_188-380_1HJO:A:189-382	1	6	2	6	0	13	8	10	0	194
NCU09602T0_387-542_1CKR:A:	1	10	0	2	0	15	14	9	0	159
NCU09602T0_537-618_1UD0:A:	0	0	1	3	0	3	3	4	0	112
NCU05269T0_194-381_1BUP:A:189-381	1	6	3	7	0	14	7	9	0	193
NCU05269T0_1-183_1BUP:A:4-188	0	12	1	6	0	18	7	13	0	185
NCU05269T0_551-646_1UD0:A:	0	0	1	3	0	3	3	4	0	112
NCU05269T0_385-497,528-579_1CKR:A:	1	10	0	2	0	15	14	9	0	159
NCU05269T1_194-381_1BUP:A:189-381	1	6	3	7	0	14	7	9	0	193
NCU05269T1_1-183_1BUP:A:4-188	0	12	1	6	0	18	7	13	0	185
NCU05269T1_551-646_1UD0:A:	0	0	1	3	0	3	3	4	0	112
NCU05269T1_385-497,528-579_1CKR:A:	1	10	0	2	0	15	14	9	0	159
NCU00104T0_179-546_1QVR:A:149-535	0	8	0	16	0	30	17	16	0	387
NCU00104T0_577-887_1QVR:A:536-850	5	9	4	14	0	30	21	15	0	315
NCU00104T0_6-171_1QVR:A:4-148	0	2	1	7	0	16	12	7	0	145
NCU07420T0_93-380_2J0S:A:244-411	0	7	4	5	0	15	11	10	0	168
NCU05274T0_20-97_1X6O:A:19-86	0	6	1	0	0	6	1	4	0	68
NCU05274T0_91-159_1X6O:A:87-165	1	5	0	1	0	10	4	4	0	79
NCU03608T0_254-400_1QMG:A:308-595	2	0	1	17	0	17	9	19	0	288
NCU03608T0_44-251_1NP3:A:1-182	0	9	2	9	0	24	9	11	0	182
NCU07710T0_1331-1463_1O7F:A:180-321	0	4	2	5	0	12	12	5	0	142
NCU08919T0_1349-1422,1690-1851_1Z3I:X:390-735	0	10	6	11	0	41	29	23	0	346
NCU08919T0_1076-1347_1Z63:A:432-661	0	7	2	11	0	24	16	18	0	230
NCU09094T0_48-173_1OYZ:A:	0	0	3	17	0	21	10	14	0	276
NCU06276T0_689-715,752-831_1C07:A:	0	2	0	4	0	11	7	6	0	95
NCU00664T0_28-105_1X4T:A:7-86	0	0	0	2	0	6	5	3	0	79
NCU09203T0_266-324_1EO0:A:	0	0	0	4	0	7	4	3	0	77
NCU06021T0_18-182,240-351_2OVR:B:2365-2706	0	32	2	1	0	36	24	21	0	342
NCU01550T0_44-253_1AKY:A:3-130,A:169-220	0	5	1	9	0	13	6	8	1	180
NCU03836T0_58-321_1OKJ:A:1-106	0	5	1	3	0	7	4	4	0	106
NCU01166T0_248-368_1NE6:A:245-376	0	8	3	5	0	15	8	6	0	132
NCU01166T0_108-246_1CX4:A:130-265	0	8	1	4	0	13	4	5	0	136
NCU05770T0_15-442_1MWV:A:35-440	10	7	12	13	0	50	30	28	0	405
NCU05770T0_442-741_1MWV:A:441-748	14	12	22	24	0	83	48	51	0	713
NCU09730T0_5-350_1GOJ:A:	6	14	5	9	0	36	20	25	0	354
NCU06544T0_814-1132_1XJD:A:	8	7	5	9	0	32	15	17	0	320
NCU06544T0_155-228_1URF:A:	0	0	0	2	0	5	2	1	0	80
NCU06544T0_448-506_1FAQ:A:	1	4	0	0	0	9	5	3	0	52
NCU06544T0_514-580_1TBO:A:	2	3	0	0	0	13	9	2	0	66
NCU06544T0_244-338,406-428_1V27:A:	4	7	2	0	0	19	10	3	0	140
NCU06075T0_20-105,190-375_1A3W:A:2-87,A:189-366	3	8	3	12	0	27	20	10	1	264
NCU06075T0_382-516_1A3W:A:367-500	0	5	1	5	0	17	10	9	0	134
NCU06075T0_101-201_1A3W:A:88-188	5	6	0	1	0	17	8	5	0	101
NCU06075T1_20-105,190-375_1A3W:A:2-87,A:189-366	3	8	3	12	0	27	20	10	1	264
NCU06075T1_382-516_1A3W:A:367-500	0	5	1	5	0	17	10	9	0	134
NCU06075T1_101-201_1A3W:A:88-188	5	6	0	1	0	17	8	5	0	101
NCU08290T0_271-551_1JEY:A:254-534	4	14	4	6	0	28	14	13	0	281
NCU08290T0_28-266_1JEY:A:34-253	3	5	2	6	0	21	12	10	0	220
NCU08290T0_594-642_1JEQ:A:559-609	0	0	1	3	0	5	1	3	0	51
NCU00463T0_10-465_1QZ9:A:	7	13	7	13	1	43	24	27	0	404
NCU09183T0_25-48,78-484_1QZ9:A:	7	13	7	13	1	43	24	27	0	404
NCU04528T0_413-597_1GW0:A:344-559	3	11	3	5	0	27	15	11	0	216
NCU04528T0_59-211_1GW0:A:1-162	5	10	2	0	0	20	10	14	0	162
NCU04528T0_213-387_1GW0:A:163-343	7	11	0	1	0	26	14	10	0	181
NCU07993T0_52-193,248-423_1RJD:A:	0	8	2	15	0	27	14	19	0	333
NCU11933T0_67-215,277-450_1RJD:A:	0	8	2	15	0	27	14	19	0	333
NCU11933T0_905-1199_1H2K:A:	3	17	6	8	0	41	17	19	0	335
NCU11933T0_562-846_1K3I:A:151-537	9	30	6	0	0	59	29	25	0	387
NCU06232T0_2-362_2AYQ:A:	2	14	4	13	0	32	18	21	0	356
NCU05261T0_894-1075_1RRE:A:	5	10	1	6	0	17	11	10	0	182
NCU05261T0_550-794_1KSF:X:437-755	2	10	4	12	0	25	21	18	0	319
NCU05261T0_165-270_2ANE:A:8-117	2	6	1	1	0	12	6	4	0	110
NCU08303T0_737-919_1RRE:A:	5	10	1	6	0	17	11	10	0	182
NCU08303T0_388-429,484-692_1QZM:A:	0	2	0	5	0	9	2	6	0	94
NCU08303T0_10-56,104-255_2ANE:A:8-117	2	6	1	1	0	12	6	4	0	110
NCU10352T0_14-80_1N9S:C:	0	6	2	0	0	6	4	4	0	74
NCU03118T0_6-140,323-358_1PJC:A:1-135,A:304-361	0	8	5	8	0	20	7	14	1	193
NCU03118T0_192-307_1LDN:A:15-162	0	6	3	4	0	15	10	8	0	148
NCU08898T0_72-528_1ACO:A:2-528	11	21	6	16	0	60	33	33	0	527
NCU08898T0_591-781_1V7L:A:	4	8	0	7	0	21	10	13	0	162
NCU10732T0_40-326_1OKC:A:	0	0	6	11	0	19	10	9	0	292
NCU04041T0_287-389,434-461,493-636_1HV8:A:3-210	0	7	1	9	0	25	17	9	0	208
NCU10007T0_11-531_1D8C:A:	4	24	9	25	0	64	40	37	0	720
NCU10007T1_11-531_1D8C:A:	4	24	9	25	0	64	40	37	0	720
NCU01960T0_130-212_2LEF:A:	0	0	0	3	0	7	7	3	0	86
NCU01422T0_84-144_1X57:A:8-85	2	0	0	4	0	8	5	5	0	78
NCU09882T0_153-273_1M72:A:	6	14	2	5	0	30	16	17	0	256
NCU07999T0_53-363_1EQJ:A:3-76,A:311-510	6	8	4	9	0	34	20	17	1	274
NCU06260T0_13-242_1P16:A:1-245	1	13	3	7	0	28	17	11	0	244
NCU06260T0_245-391_1P16:A:246-390	1	7	1	3	0	18	9	7	0	145
NCU11934T0_45-269,338-591_1PV7:A:	0	0	2	22	0	18	12	14	0	417
NCU03112T0_184-341_1UMK:A:154-300	0	8	4	5	0	15	10	8	0	147
NCU03112T0_87-197_1NDH:A:3-125	2	7	0	1	0	17	9	9	0	123
NCU05263T0_2-133_1YKH:B:2-130	0	0	0	3	0	4	2	2	0	129
NCU05944T0_176-264_1YKH:A:111-205	0	0	1	3	0	3	1	2	0	95
NCU01985T0_171-390_1I2D:A:171-390	8	7	2	7	0	26	15	13	0	220
NCU01985T0_4-170_1I2D:A:2-170	3	7	1	7	0	21	13	9	0	169
NCU01985T0_391-502,539-571_1I2D:A:391-573	0	5	1	7	0	17	12	10	0	183
NCU02430T0_289-612_1QGN:A:	5	12	3	15	0	45	28	19	0	398
NCU02657T0_251-393_1QM4:A:253-396	1	3	1	4	0	20	15	11	0	144
NCU02657T0_126-250_2P02:A:148-273	1	4	2	3	0	10	8	8	0	126
NCU02657T0_17-122_2P02:A:38-147	0	6	1	3	0	9	3	7	0	110
NCU11297T0_55-267_1I01:A:	2	7	3	9	0	21	12	12	0	241
NCU03170T0_33-172_1FM0:E:	0	8	0	4	0	13	4	5	0	149
NCU11213T0_1-238,265-315_1TZF:A:	0	16	4	7	0	27	12	15	0	258
NCU09318T0_200-350,498-638_1WP9:A:201-486	0	6	1	11	0	23	15	14	0	286
NCU07165T0_6-450_1PMI:A:	3	25	3	14	0	53	25	21	0	440
NCU06270T0_54-261_1HR6:A:14-233	3	6	5	7	0	22	11	9	0	220
NCU06270T0_355-529_1HR6:A:234-470	0	6	2	8	0	22	12	12	0	237
NCU02549T0_39-250_1HR6:B:24-245	3	6	4	8	0	20	15	8	0	222
NCU02549T0_263-466_1HR6:B:246-462	1	6	1	8	0	21	10	9	0	217
NCU02611T0_308-394,486-550_1WHW:A:	0	5	0	2	0	10	6	5	0	98
NCU02611T0_699-781_2CPH:A:454-547	2	4	0	2	0	12	9	3	0	94
NCU02611T0_3-93_1FXL:A:37-118	0	6	0	2	0	9	4	5	0	82
NCU02611T0_594-683_2CPF:A:362-446	0	6	0	2	0	10	6	5	0	85
NCU06246T0_271-507,545-612_1WRB:A:164-401	2	8	2	8	0	26	18	9	0	238
NCU07547T0_18-140_1ZAV:A:1-177	0	5	2	6	0	12	5	9	0	177
NCU02230T0_293-604_1E3M:A:270-566	3	4	1	15	0	23	13	17	0	297
NCU02230T0_609-861_1E3M:A:567-800	2	10	1	6	0	25	13	9	0	234
NCU08115T0_504-811_1EWQ:A:267-541	2	4	1	10	0	20	10	10	0	275
NCU08115T0_814-1011,1062-1104_1E3M:A:567-800	2	10	1	6	0	25	13	9	0	234
NCU08115T0_181-308_1EWQ:A:1-120	0	6	3	3	0	13	6	4	0	120
NCU07318T0_4-212_1LSU:A:	0	6	1	6	0	12	8	7	0	134
NCU07318T0_213-393_1LJ8:A:287-492	4	0	3	12	0	13	4	16	0	206
NCU09264T0_22-247_1JDI:A:	5	7	1	8	0	25	7	13	0	223
NCU12135T0_2-26_1T2Y:A:	0	0	0	0	0	5	5	2	0	25
NCU07457T0_350-507_1J23:A:	0	6	1	5	0	12	9	5	0	131
NCU07457T0_7-72_1BPY:A:10-91	0	0	0	5	0	7	4	2	0	82
NCU01312T0_6-102_1H88:C:89-143	0	0	0	3	0	6	5	5	0	55
NCU02111T0_32-761_1LKX:A:	9	14	5	27	0	58	39	31	0	684
NCU02111T0_1065-1149_1OV3:A:150-214	3	5	1	0	0	9	4	3	0	59
NCU03204T0_67-79,123-499_1HFE:L:87-398	2	8	9	11	0	32	21	19	0	312
NCU08825T0_63-311_1G3Q:A:	0	8	3	11	0	25	16	14	0	237
NCU00216T0_156-298_1UMK:A:154-300	0	8	4	5	0	15	10	8	0	147
NCU00216T0_54-171_1UMK:A:30-153	4	7	0	1	0	16	7	9	0	124
NCU08566T0_12-194_1C1G:C:	0	0	0	3	0	2	1	2	0	283
NCU04202T0_3-151_1NUE:A:	0	4	4	8	0	15	6	8	0	151
NCU03156T0_11-92_1S3A:A:15-99	0	4	0	3	0	10	4	4	0	85
NCU02373T0_53-334_1HDO:A:	0	10	3	5	0	24	20	11	0	205
NCU01765T0_249-660_2FUG:3:247-685	5	17	5	15	0	55	35	21	0	439
NCU01765T0_109-247_2FUG:3:96-246	4	2	3	4	0	19	8	8	0	151
NCU01765T0_36-108_2FUG:3:1-95	3	5	0	1	0	15	8	6	0	95
NCU02534T0_104-478_2FUG:4:35-409	3	7	3	13	0	39	26	18	0	375
NCU04074T0_75-252_2FUG:5:1-196	0	7	0	4	0	27	19	10	0	196
NCU03953T0_75-224_2FUG:6:15-175	2	4	2	5	0	17	14	7	0	161
NCU05009T0_93-202_2FUG:9:26-179	5	7	1	3	0	27	18	9	0	154
NCU05009T1_93-202_2FUG:9:26-179	5	7	1	3	0	27	18	9	0	154
NCU04044T0_46-285_2FUG:1:7-249	8	5	2	10	0	26	22	14	0	243
NCU04044T0_372-464_2FUG:1:334-438	2	0	0	5	1	7	4	5	0	105
NCU04044T0_286-371_2FUG:1:250-333	4	5	0	2	0	11	8	7	0	84
NCU01169T0_63-221_2FUG:2:3-180	2	3	2	7	0	21	16	8	0	178
NCU04395T0_68-407_1OGS:A:78-431	4	10	4	12	0	35	27	25	0	354
NCU09995T1_13-98_1CG7:A:	0	0	0	6	0	6	4	8	0	93
NCU03187T0_5-128,155-291_2JAV:A:3-271	1	8	3	9	0	24	12	13	0	269
NCU04720T0_709-878_3C7B:A:167-238,A:305-417	5	5	3	7	0	25	10	10	1	183
NCU04720T0_9-353_1XHC:A:1-103,A:226-289	4	11	2	5	0	18	13	9	1	165
NCU04720T0_589-717_1ZJ8:A:10-161	2	5	9	7	0	16	8	9	0	152
NCU04720T0_1052-1108_2JO6:A:1-108	0	10	0	0	0	9	7	9	0	108
NCU04720T0_946-997_1FQT:A:	4	10	1	0	0	15	6	10	0	109
NCU09068T0_737-792_4GAT:A:	0	2	1	1	0	11	6	3	0	66
NCU05200T0_70-279_1LCY:A:6-210	2	12	2	4	0	19	11	11	0	205
NCU05200T0_536-754_1KY9:A:11-259	1	12	2	3	0	19	15	10	0	249
NCU05200T0_327-414_1KY9:A:260-353	4	4	0	2	0	14	9	8	0	94
NCU05200T0_897-967_2HGA:A:23-125	2	6	1	1	0	13	5	6	0	103
NCU05200T0_808-892_1KY9:B:359-446	2	4	1	1	0	13	7	5	0	88
NCU04158T0_65-121,148-411_1K6X:A:	2	13	3	12	0	37	26	20	0	350
NCU12076T0_339-568_1NMT:A:225-451	3	11	5	6	0	25	17	13	0	227
NCU12076T0_155-338_2NMT:A:34-218	1	7	5	3	0	20	14	10	0	185
NCU04775T0_62-243_1F3L:A:	8	15	5	7	0	34	16	23	0	321
NCU02546T0_218-388_1PUJ:A:	2	6	3	10	0	26	16	16	0	273
NCU09131T0_358-428_1D8Z:A:	0	5	0	2	0	10	8	2	0	89
NCU09131T0_274-333_1WHY:A:	2	4	0	2	0	12	6	2	0	96
NCU10055T0_40-282_1UAZ:A:	0	2	0	8	0	11	8	12	0	236
NCU03396T0_158-408_2OZB:B:85-333	0	0	3	11	0	15	11	14	0	249
NCU04388T0_37-166_1KTJ:A:	6	10	1	0	0	20	10	7	0	129
NCU01797T0_223-395,426-549_1VZO:A:	2	11	7	9	0	31	20	19	0	322
NCU08276T0_1206-1497_1OXW:A:	8	8	9	12	0	35	16	21	0	360
NCU08276T0_842-961_1HW5:A:1-137	2	8	1	3	0	15	9	5	0	137
NCU08276T0_683-720,770-843_1HW5:A:1-137	2	8	1	3	0	15	9	5	0	137
NCU08276T0_166-228,370-419_1VP6:A:	0	8	1	5	0	18	5	4	0	133
NCU04759T0_5-122_1GY7:A:	0	6	1	2	0	7	6	4	0	121
NCU04534T0_100-404_1VYH:C:92-408	0	28	1	0	0	39	25	14	0	317
NCU04534T0_4-81_1UUJ:A:	0	0	0	5	0	5	0	5	0	76
NCU04312T0_110-422_1VYH:C:92-408	0	28	1	0	0	39	25	14	0	317
NCU04312T0_12-89_1UUJ:A:	0	0	0	5	0	5	0	5	0	76
NCU07659T0_217-458_1SCZ:A:	0	10	2	7	0	19	8	12	0	233
NCU07659T0_33-127_1Y8O:B:128-229	0	8	1	0	0	16	9	6	0	102
NCU07659T0_175-215_1EBD:C:	0	0	1	2	0	5	1	3	0	41
NCU08445T0_252-310_1Q25:A:281-432	2	12	4	1	0	22	10	11	0	152
NCU01066T0_175-525,635-667_1F8R:A:4-319,A:433-486	5	16	5	15	0	36	19	22	1	370
NCU01066T0_506-623_1F8R:A:320-432	0	7	2	3	0	14	6	6	0	113
NCU06471T0_217-314_2AMF:A:153-256	0	0	1	6	0	5	2	5	0	104
NCU06471T0_14-214_1YQG:A:1-152	0	8	1	5	0	19	9	9	0	152
NCU04799T0_59-229_1CVJ:A:11-90	0	6	1	2	0	9	4	5	0	80
NCU04799T0_241-378_1CVJ:A:91-179	2	5	0	3	0	9	6	7	0	89
NCU04799T0_604-742_1JGN:A:	0	0	2	6	0	8	4	5	0	97
NCU04799T0_418-471_1X5S:A:8-97	0	4	0	2	0	11	8	3	0	89
NCU00090T0_146-185_2DMD:A:8-33	2	0	1	1	0	3	0	1	0	26
NCU00090T0_95-124_2GLI:A:103-134	3	0	0	1	0	6	3	2	0	32
NCU06171T0_503-601_1F8H:A:	2	0	1	4	0	12	7	5	0	95
NCU06171T0_231-332_1C07:A:	0	2	0	4	0	11	7	6	0	95
NCU01929T0_283-466_1TKI:A:	2	12	5	11	0	30	17	15	0	321
NCU02193T0_368-563_1ZPD:A:363-566	2	6	2	9	0	20	8	11	0	204
NCU02193T0_9-185_1ZPD:A:2-187	3	7	4	6	0	20	10	11	0	186
NCU02193T0_171-341_1ZPD:A:188-362	1	7	3	5	0	17	9	10	0	175
NCU06550T0_24-273_1ZNN:A:18-271	0	8	3	10	0	24	18	11	0	254
NCU00925T0_362-478_1IN1:A:	2	2	1	2	0	13	6	11	0	87
NCU08373T0_986-1291_1OZ4:A:471-763	2	0	3	7	0	31	24	19	0	292
NCU08373T0_745-949_1E32:A:201-458	3	5	4	12	0	28	13	14	0	258
NCU00037T0_85-338,367-414_1GOT:B:	1	28	0	2	0	36	22	23	0	339
NCU07914T0_2-415_1KF0:A:	5	17	5	17	0	51	30	24	0	416
NCU06433T0_39-129_1EQ3:A:	1	4	0	3	0	10	8	5	0	96
NCU03141T0_64-580_1CJY:A:142-721	2	16	10	18	0	52	32	26	0	580
NCU11180T0_395-735_1OXW:A:	8	8	9	12	0	35	16	21	0	360
NCU01680T0_78-178,277-370,681-871_1SU4:A:1-124,A:240-343,A:751-994	1	1	8	18	0	32	20	22	2	472
NCU01680T0_182-273_1SU4:A:125-239	2	9	3	0	0	21	10	7	0	115
NCU01680T0_373-428,467-681_1SU4:A:344-360,A:600-750	3	8	1	8	0	16	12	11	1	168
NCU02063T0_98-505,546-773_1S4B:P:	4	10	7	26	0	53	26	37	0	654
NCU11168T0_227-464_2GCL:A:237-474	0	18	3	3	0	18	11	10	0	238
NCU00043T0_21-302_1FJM:A:	2	14	0	10	0	35	21	16	0	294
NCU06630T0_20-312_2NYM:C:2-294	4	13	0	11	0	29	23	16	0	293
NCU03804T0_51-534_1AUI:A:	6	14	3	13	0	41	29	19	0	473
NCU01200T1_32-199_1CYN:A:	8	8	1	2	0	22	15	12	0	178
NCU03853T0_10-181_1DYW:A:	5	8	1	2	0	25	12	13	0	172
NCU03853T0_221-356_1IHG:A:197-365	0	0	2	8	0	13	5	7	0	169
NCU02614T0_6-182_1QOI:A:	5	10	2	2	0	25	13	11	0	173
NCU00578T0_5-156_1XWN:A:1-166	2	8	0	2	0	21	16	8	0	166
NCU00181T0_331-501_1ZKC:A:280-457	6	8	1	3	0	20	11	12	0	178
NCU00181T0_44-102_1N87:A:	0	3	1	1	0	10	4	3	0	56
NCU10388T0_1-164_1XYH:A:1-160	6	8	1	2	0	23	13	12	0	160
NCU11693T0_1-188_1XYH:A:1-160	6	8	1	2	0	23	13	12	0	160
NCU11693T0_236-360_1CVJ:A:91-179	2	5	0	3	0	9	6	7	0	89
NCU00954T0_126-429_1BRT:A:	6	8	5	11	0	26	14	19	0	277
NCU07392T0_45-91_1PYI:A:30-71	0	2	0	2	0	6	1	3	0	42
NCU02803T0_368-467,498-683_1WRB:A:164-401	2	8	2	8	0	26	18	9	0	238
NCU02696T0_634-919_1WRB:A:164-401	2	8	2	8	0	26	18	9	0	238
NCU02631T0_3-166_2E9X:A:1-144	0	0	1	5	0	10	7	5	0	144
NCU06322T0_70-97,156-240_2E9X:B:62-173	0	1	1	4	0	8	5	6	0	114
NCU06322T0_10-69_2E9X:B:1-61	2	5	0	2	0	7	3	4	0	61
NCU09561T0_79-151,185-212_2E9X:C:1088-1192	0	0	3	5	0	8	5	4	0	105
NCU09561T0_1-60_2E9X:C:1001-1087	2	3	2	2	0	10	4	6	0	87
NCU00585T0_284-600_1EZF:A:	0	0	3	18	0	19	14	22	0	333
NCU04810T0_31-84,167-221,263-480_2IXO:A:2-317	4	2	4	14	0	30	16	14	0	316
NCU03269T0_67-377_2IXN:A:3-299	1	2	1	15	0	25	13	17	0	297
NCU03794T0_186-541_2OVR:B:2365-2706	0	32	2	1	0	36	24	21	0	342
NCU03794T0_19-292_1GOT:B:	1	28	0	2	0	36	22	23	0	339
NCU03794T0_500-612,663-702_1GOT:B:	1	28	0	2	0	36	22	23	0	339
NCU05290T0_7-210_1ORO:A:	4	8	3	7	0	21	9	8	0	213
NCU03488T0_15-151,246-394_1DQW:A:	2	8	3	10	0	32	15	16	0	267
NCU06028T0_65-113_2HAP:C:55-97	0	0	1	2	0	6	3	2	0	43
NCU06027T0_692-762,791-894_1NVT:A:111-287	0	6	0	7	0	21	11	9	0	177
NCU06027T0_565-658_1NVT:A:1-110	0	6	2	3	0	12	4	8	0	105
NCU06027T0_105-222_1SHK:A:	0	5	1	7	0	12	6	5	0	173
NCU06027T0_401-530_1O5K:A:	0	10	4	12	0	25	12	16	0	305
NCU06022T0_11-284_2HHM:A:	1	14	1	8	0	23	13	16	0	272
NCU06026T0_8-491_1PW4:A:	2	0	1	18	0	21	18	22	0	450
NCU03559T0_252-390,419-450_1BE3:B:236-439	1	5	1	7	0	17	11	7	0	204
NCU03559T0_46-242_1EZV:B:17-218	8	4	2	7	0	18	16	8	0	202
NCU08940T0_2-121_1EZV:F:	0	0	3	5	0	9	6	4	0	125
NCU08947T0_16-106_1EZV:G:	4	1	2	2	0	9	6	2	0	93
NCU03711T0_5-181_1VG8:A:	2	6	3	5	0	18	16	7	0	184
NCU05210T0_29-97_1RMD:A:1-86	6	2	3	3	0	14	6	6	0	86
NCU04275T0_20-199_1KN0:A:	2	5	2	5	0	19	7	11	0	184
NCU09516T0_827-903,1042-1220_1Z3I:X:390-735	0	10	6	11	0	41	29	23	0	346
NCU09516T0_472-520,573-817_1Z63:A:432-661	0	7	2	11	0	24	16	18	0	230
NCU09516T0_960-1011_1JM7:A:	2	0	1	3	0	11	9	5	0	103
NCU08823T0_6-172_1CTQ:A:	0	6	1	6	0	16	8	10	0	166
NCU03616T0_5-198_1CTQ:A:	0	6	1	6	0	16	8	10	0	166
NCU02371T0_26-215_2NR9:A:4-192	0	0	2	8	0	13	11	7	0	189
NCU06205T0_275-602_1ERJ:A:	2	30	1	1	0	43	24	22	0	388
NCU02582T0_27-228,259-487_1PV7:A:	0	0	2	22	0	18	12	14	0	417
NCU05217T0_216-369_1WLJ:A:	0	7	1	7	0	16	4	10	0	173
NCU06769T0_5-242_1SXJ:E:4-255	0	8	1	10	0	23	14	14	0	252
NCU06769T0_249-343_1SXJ:E:256-354	0	0	0	5	0	8	3	4	0	99
NCU03539T0_215-643,676-753_1RLR:A:222-748	8	15	8	19	0	57	32	28	0	525
NCU03539T0_6-214_1RLR:A:10-221	2	1	1	11	0	20	13	16	0	212
NCU07887T0_66-379_1H0O:A:	0	0	3	12	0	24	12	11	0	288
NCU00294T0_11-217_1DWU:A:	0	10	3	8	0	22	10	12	0	213
NCU01317T0_1-86_1WIB:A:	1	3	0	2	0	10	7	4	0	91
NCU01221T0_8-151_1J3A:A:	3	5	4	5	0	13	6	6	0	142
NCU08963T0_12-104_1T0K:B:	0	4	0	4	0	13	7	5	0	97
NCU11809T0_1-96_1XD3:B:	3	5	1	1	0	10	1	6	0	75
NCU07408T0_7-132_1ZAV:A:1-177	0	5	2	6	0	12	5	9	0	177
NCU07408T1_7-132_1ZAV:A:1-177	0	5	2	6	0	12	5	9	0	177
NCU08111T0_204-427_1XCL:A:	2	10	3	10	0	22	13	15	0	229
NCU08111T0_23-124_1UOH:A:	0	0	1	14	0	27	7	20	0	223
NCU09435T0_252-607_2OOE:A:21-549	2	0	2	28	0	36	16	28	0	529
NCU09435T0_634-862_2OOE:A:21-549	2	0	2	28	0	36	16	28	0	529
NCU01045T0_51-152_1I0V:A:	2	7	0	1	0	13	9	8	0	104
NCU00919T0_282-321,382-665_1FUK:A:	0	7	3	4	0	16	14	7	0	162
NCU08616T0_21-1151,1180-1215_1I50:B:	18	49	14	26	0	125	63	65	0	1207
NCU07721T0_51-196,289-332,408-590,627-765_1TE4:A:	0	0	3	6	0	11	9	5	0	111
NCU06308T0_360-1058,1095-1225,1399-1423_1CEZ:A:	7	18	5	33	0	86	60	36	0	878
NCU04504T0_160-445_1HV8:A:3-210	0	7	1	9	0	25	17	9	0	208
NCU08620T0_5-142_2GY9:I:4-129	0	6	3	4	0	10	5	5	0	126
NCU07014T0_1-62_1RQ6:A:	0	0	0	3	0	4	2	3	0	62
NCU06431T0_4-130_1I6U:A:	0	8	0	4	0	17	8	6	0	129
NCU01552T0_22-143_1FJG:L:	1	6	1	1	0	20	8	9	0	125
NCU01552T1_22-143_1FJG:L:	1	6	1	1	0	20	8	9	0	125
NCU09476T0_38-84_3BWG:A:5-82	1	3	1	3	0	8	3	5	0	78
NCU04553T0_1-93_1XD3:B:	3	5	1	1	0	10	1	6	0	75
NCU04553T0_100-152_2K4X:A:1-55	0	3	0	0	0	7	2	2	0	55
NCU00618T0_28-82_1QXF:A:	0	6	0	0	0	12	6	1	0	58
NCU05599T0_6-68_1NY4:A:	0	4	0	0	0	10	7	1	0	71
NCU09475T0_29-213_1IQV:A:	4	2	1	6	0	14	6	7	0	201
NCU03393T0_14-203_1VI6:A:	1	7	3	6	0	22	13	12	0	193
NCU08161T0_92-362_2GCL:A:237-474	0	18	3	3	0	18	11	10	0	238
NCU08071T0_3-99_1FJG:P:	0	5	0	2	0	13	6	5	0	83
NCU06622T0_14-151_1A9N:A:	0	10	3	4	0	27	13	10	0	162
NCU03482T0_38-153,199-437_1LV7:A:	2	6	3	10	0	31	17	18	0	256
NCU06854T0_42-430_1LV7:A:	2	6	3	10	0	31	17	18	0	256
NCU01614T0_7-78_1N9S:C:	0	6	2	0	0	6	4	4	0	74
NCU02973T0_11-101,130-220,249-330_1OKC:A:	0	0	6	11	0	19	10	9	0	292
NCU11181T0_18-189_1M2O:B:	2	6	4	4	0	16	10	12	0	167
NCU08897T0_8-463_1RH5:A:	4	2	2	14	0	28	20	20	0	422
NCU04127T0_5-65_1RHZ:B:	0	0	0	2	0	3	1	2	0	65
NCU04063T0_15-291_1ERJ:A:	2	30	1	1	0	43	24	22	0	388
NCU01674T0_18-289_1QQE:A:	0	0	2	15	0	16	5	15	0	290
NCU01318T0_129-396_1M2O:A:120-390	3	8	1	8	0	25	21	13	0	271
NCU01318T0_10-68,413-522_1M2O:A:2-44,A:391-523	5	10	0	3	0	21	15	9	1	176
NCU01318T0_626-771_1M2O:A:627-765	2	5	3	4	0	15	7	6	0	139
NCU01318T0_523-625_1M2O:A:524-626	2	0	1	5	0	9	6	6	0	103
NCU01318T0_51-124_1M2O:A:45-119	3	4	2	0	0	14	5	6	0	75
NCU02391T0_345-590_1M2V:B:301-552	1	9	0	8	0	19	17	12	0	252
NCU02391T0_98-258,591-685_1M2V:B:61-215,B:553-646	5	10	2	3	0	17	17	8	1	249
NCU02391T0_792-948_1M2V:B:754-926	1	4	1	3	0	19	8	8	0	173
NCU02391T0_261-344_1M2V:B:216-300	2	5	3	1	0	15	7	6	0	85
NCU02391T0_686-791_1M2V:B:647-753	0	1	1	5	0	7	7	5	0	107
NCU06738T0_12-324_1ERJ:A:	2	30	1	1	0	43	24	22	0	388
NCU00027T0_71-214_2GW6:A:2-123	0	6	0	3	0	13	8	7	0	122
NCU01115T0_504-598_1A79:A:83-179	0	6	1	2	0	10	6	8	0	97
NCU08032T0_221-294_1A79:A:83-179	0	6	1	2	0	10	6	8	0	97
NCU00269T0_104-319_1MVH:A:	5	15	3	2	0	50	27	17	0	269
NCU00269T0_561-603_2E45:A:1-50	0	3	0	0	0	8	4	6	0	50
NCU00269T0_419-497_1EO0:A:	0	0	0	4	0	7	4	3	0	77
NCU09610T0_23-268_1EGA:A:4-182	1	7	0	5	0	17	11	10	0	179
NCU12024T0_205-353_1O6U:A:76-274	4	5	5	7	0	24	11	13	0	199
NCU12024T0_89-159_1AUA:A:4-96	0	0	1	5	0	8	5	8	0	93
NCU08991T0_93-168_1FQV:B:85-160	0	0	0	5	0	7	2	5	0	76
NCU08991T0_11-77_1FS1:B:2-68	0	3	1	2	0	8	2	5	0	61
NCU08991T1_93-168_1FQV:B:85-160	0	0	0	5	0	7	2	5	0	76
NCU08991T1_11-77_1FS1:B:2-68	0	3	1	2	0	8	2	5	0	61
NCU03007T0_187-310_1P27:B:	5	5	1	2	0	10	6	4	0	92
NCU01914T0_18-137_1OCS:A:	0	3	0	4	0	15	8	7	0	132
NCU03218T0_64-188_1OCS:A:	0	3	0	4	0	15	8	7	0	132
NCU03218T0_254-365,422-485_1X04:A:26-225	0	0	0	6	0	4	2	6	0	200
NCU02133T0_3-152_1F1G:A:	2	9	1	1	0	22	14	11	0	153
NCU01213T0_125-231_1KKC:A:98-213	2	3	4	5	0	8	5	7	0	116
NCU01213T0_27-115_1KKC:A:14-97	1	0	0	3	0	5	2	4	0	84
NCU03669T0_23-201_1EJ0:A:	0	7	0	5	0	17	8	9	0	180
NCU03380T0_51-111,145-234,265-409_1Q0U:A:	0	7	4	9	0	26	14	9	0	209
NCU06727T0_9-291_2O07:A:16-300	1	12	2	10	0	26	14	16	0	285
NCU03838T0_8-90_1RYQ:A:	2	5	1	1	0	10	4	3	0	68
NCU06929T0_536-596_2DO3:A:462-523	0	5	0	0	0	9	7	3	0	62
NCU01563T0_8-152_1JKW:A:11-161	0	0	2	6	0	12	6	7	0	151
NCU01563T0_153-209,282-327_2I53:A:158-267	2	0	3	4	0	9	6	6	0	110
NCU08554T0_66-181_1PIN:A:45-163	3	4	1	3	0	16	8	6	0	119
NCU08554T0_5-40_1NMV:A:1-44	0	3	0	0	0	6	4	3	0	44
NCU03894T0_669-930_1F3M:C:	1	10	4	11	0	33	20	20	0	294
NCU07693T0_46-524,889-1105_1WA5:B:	0	0	5	29	0	38	22	22	0	506
NCU01227T0_158-324_1EUC:A:131-306	2	7	2	5	0	20	12	9	0	176
NCU01227T0_35-157_1EUC:A:1-130	0	7	1	4	0	14	5	8	0	130
NCU08471T0_38-281_1EUC:B:0-245	3	13	3	7	0	25	12	15	0	245
NCU08471T0_282-428_2SCU:B:239-385	1	6	0	6	0	15	10	5	0	147
NCU04337T0_61-300_2ICH:A:24-351	2	23	2	0	0	34	18	20	0	328
NCU09993T0_1178-1246,1498-1680_1Z3I:X:390-735	0	10	6	11	0	41	29	23	0	346
NCU09993T0_912-1176_1Z63:A:432-661	0	7	2	11	0	24	16	18	0	230
NCU08036T0_25-478_2OOE:A:21-549	2	0	2	28	0	36	16	28	0	529
NCU08036T0_535-734_2OOE:A:21-549	2	0	2	28	0	36	16	28	0	529
NCU09463T0_29-138,198-292,547-803_1H3N:A:1-225,A:418-686	9	23	6	18	0	52	29	25	1	494
NCU09463T0_319-469,508-546_1FFY:A:201-394	6	3	3	4	0	27	16	12	0	194
NCU09463T0_806-1042_1ILE:A:642-821	0	0	1	7	0	10	11	15	0	180
NCU03814T0_56-281,482-744_1H3N:A:1-225,A:418-686	9	23	6	18	0	52	29	25	1	494
NCU03814T0_278-485_1H3N:A:226-417	2	9	3	5	0	22	15	12	0	192
NCU03814T0_794-878_1H3N:A:687-814	0	0	2	6	0	9	4	4	0	128
NCU03759T0_58-410_2D5B:A:1-348	3	16	3	14	0	29	15	22	0	348
NCU03759T0_418-570_2D5B:A:349-500	2	0	2	6	1	11	7	4	0	152
NCU03030T0_66-417_2TS1:A:	2	6	4	15	0	30	14	16	0	319
NCU09132T0_4-245_1TUB:A:1-245	0	6	2	9	0	25	23	14	0	245
NCU09132T0_247-441_1TUB:A:246-440	3	3	2	5	0	20	14	11	0	195
NCU09468T0_1-244_1TUB:A:1-245	0	6	2	9	0	25	23	14	0	245
NCU09468T0_246-436_1TUB:A:246-440	3	3	2	5	0	20	14	11	0	195
NCU04054T0_1-243_1TUB:B:1-245	2	5	1	8	0	23	21	13	0	243
NCU04054T0_244-428_1TUB:B:246-437	1	4	4	7	1	21	16	10	0	184
NCU03954T0_2-246_1TUB:B:1-245	2	5	1	8	0	23	21	13	0	243
NCU03954T0_247-443_1TUB:B:246-437	1	4	4	7	1	21	16	10	0	184
NCU03954T1_2-246_1TUB:B:1-245	2	5	1	8	0	23	21	13	0	243
NCU03954T1_247-443_1TUB:B:246-437	1	4	4	7	1	21	16	10	0	184
NCU04584T0_45-105_1PCF:A:	0	4	0	1	0	4	1	3	0	65
NCU06464T0_1-170_1H6Q:A:	0	11	0	3	0	22	11	9	0	168
NCU05423T0_7-111_1Y5O:A:2-115	0	7	0	1	0	15	12	2	0	114
NCU06646T0_6-64_1YDL:A:6-71	0	3	0	2	0	7	3	4	0	66
NCU05731T0_3-96_1SYR:A:	0	5	0	4	0	9	5	6	0	103
NCU00930T0_22-83_2BSK:B:13-77	0	0	0	2	0	5	1	3	0	65
NCU06244T0_23-85_2BSK:A:13-85	0	0	0	3	0	4	2	0	0	73
NCU00075T0_42-103_1XBL:A:	0	0	0	3	0	7	3	6	0	75
NCU02943T0_236-400_1TA0:A:	2	9	6	4	0	24	13	9	0	196
NCU07295T0_23-32_1V9D:A:	2	0	2	14	0	19	11	13	0	332
NCU11311T0_28-87_2BSK:B:13-77	0	0	0	2	0	5	1	3	0	65
NCU00198T0_20-85_2BSK:A:13-85	0	0	0	3	0	4	2	0	0	73
NCU09552T0_173-260,452-555,651-684,1092-1118_2BPT:A:1-861	0	0	19	43	0	44	28	37	0	860
NCU06632T0_73-162_1OM2:A:	0	0	0	5	0	7	6	2	0	95
NCU07384T0_13-313_1OKC:A:	0	0	6	11	0	19	10	9	0	292
NCU07550T0_2-246_1TPH:1:	2	8	4	11	0	24	15	15	0	245
NCU04221T0_173-708_2JG0:A:37-547	13	16	6	19	0	52	31	30	0	511
NCU03936T0_96-249_1YZH:A:8-211	0	8	5	7	0	20	17	12	0	204
NCU00200T0_283-516_1A53:A:	4	8	1	11	0	28	15	13	0	247
NCU00200T0_27-220_1I1Q:B:	3	9	2	5	0	16	13	15	0	192
NCU00200T0_531-578,610-760_1NSJ:A:	1	10	4	7	0	20	17	10	0	205
NCU10283T0_311-693_1V8Z:A:1-386	8	14	4	15	0	30	22	23	0	386
NCU10283T0_1-251_1UJP:A:	2	9	2	12	0	27	8	11	0	271
NCU08352T0_2-313_1VDC:A:1-117,A:244-316	5	11	3	3	0	28	12	10	1	192
NCU05995T0_152-228_1XD3:B:	3	5	1	1	0	10	1	6	0	75
NCU05995T0_228-304_1XD3:B:	3	5	1	1	0	10	1	6	0	75
NCU05995T0_76-152_1XD3:B:	3	5	1	1	0	10	1	6	0	75
NCU05995T0_1-76_1XD3:B:	3	5	1	1	0	10	1	6	0	75
NCU06606T0_92-230_1EZV:E:87-215	0	10	3	2	0	16	7	10	0	129
NCU06606T0_50-101_1EZV:E:31-86	1	0	1	1	0	4	3	4	0	56
NCU04177T0_7-109_1WGK:A:	3	4	1	3	0	16	10	4	0	113
NCU00336T0_567-617,798-860,991-1107,1240-1484,1586-1785_1QBK:B:	0	0	17	47	0	50	54	64	0	888
NCU03395T0_11-363_1V9M:A:	0	0	6	15	0	22	14	15	0	319
NCU01207T0_190-455_1SKY:E:83-356	6	11	4	9	0	36	19	17	0	274
NCU01207T0_466-552_1SKY:E:357-470	2	0	1	5	0	7	5	6	0	114
NCU01207T0_10-83_1MAB:A:10-94	6	5	0	0	0	14	8	9	0	86
NCU08515T0_91-380_1FX0:A:97-372	7	8	6	5	0	32	23	17	0	276
NCU07446T0_93-221_2DM9:A:81-198	0	4	0	6	0	9	3	5	0	118
NCU04387T0_14-123_2I4R:A:4-79	0	4	1	3	0	7	5	3	0	76
NCU00667T0_93-164_1C99:A:	0	0	1	2	0	2	1	1	0	79
NCU01332T0_83-153_1C99:A:	0	0	1	2	0	2	1	1	0	79
NCU07863T0_989-1044_1A5J:A:1-55	0	0	0	3	0	9	8	2	0	55
NCU04015T0_1-151_1ELK:A:	0	0	1	9	0	11	7	9	0	153
NCU04015T0_167-228_1DVP:A:149-220	2	4	1	1	0	12	5	4	0	72
NCU02356T0_390-504_1N9L:A:	0	5	1	3	0	14	5	7	0	109
NCU02356T0_581-676_1P97:A:	0	5	0	4	0	12	9	7	0	113
NCU02356T0_928-967_4GAT:A:	0	2	1	1	0	11	6	3	0	66
NCU02356T0_710-794_1P97:A:	0	5	0	4	0	12	9	7	0	113
NCU00902T0_170-258_1OTD:A:	2	5	1	3	1	14	6	5	0	105
NCU00902T0_460-509_4GAT:A:	0	2	1	1	0	11	6	3	0	66
NCU11169T0_1-277,347-606,639-914_1IAL:A:	0	0	4	28	0	36	22	21	0	453
NCU01548T1_22-93_1ITP:A:	0	4	0	2	0	7	7	2	0	76
NCU11420T0_186-520_1ERJ:A:	2	30	1	1	0	43	24	22	0	388
NCU02579T0_64-224_1NYO:A:	5	7	0	8	0	18	16	11	0	163
NCU08477T0_4-179_2FOL:A:5-173	3	6	0	5	0	18	8	10	0	169
NCU03479T0_21-504_2I7T:A:9-459	0	22	5	10	0	45	27	19	0	451
NCU08353T0_97-118_2CQE:A:429-457	2	0	0	0	0	6	6	2	0	29
NCU08353T0_122-147_2CQE:A:429-457	2	0	0	0	0	6	6	2	0	29
NCU03764T0_133-251,279-478_1ERJ:A:	2	30	1	1	0	43	24	22	0	388
NCU01200T0_32-199_1CYN:A:	8	8	1	2	0	22	15	12	0	178
NCU01965T0_92-286,450-666,704-736_1GAX:A:1-189,A:343-578	8	19	6	13	0	45	23	23	1	425
NCU01965T0_301-450_1GAX:A:190-342	5	8	2	2	0	23	11	10	0	153
NCU01965T0_737-996_1IVS:A:579-796	2	4	1	9	0	16	9	7	0	218
NCU07975T0_600-681,770-948_1Z5Z:A:663-906	0	6	1	10	0	26	11	15	0	244
NCU07975T0_330-362,400-592_1Z63:A:432-661	0	7	2	11	0	24	16	18	0	230
NCU07975T0_700-758_1JM7:A:	2	0	1	3	0	11	9	5	0	103
NCU04594T0_50-230_2O4D:A:2-145	0	0	2	8	0	12	6	6	0	144
NCU04595T0_36-257_1FMK:A:249-533	3	7	5	9	0	31	16	14	0	285
NCU00076T0_335-518_1J54:A:	0	6	1	7	0	16	12	11	0	174
NCU11012T0_63-159_1I50:F:	2	2	0	2	0	11	8	4	0	84
NCU11173T0_8-223_1XI3:A:	0	8	0	10	0	20	16	11	0	206
NCU11173T0_254-510_1V8A:A:	2	9	1	11	0	20	8	10	0	264
NCU11174T0_2-94,164-210_1H3Q:A:	0	5	1	3	0	15	6	8	0	140
NCU11176T0_373-502_2B8E:A:416-434,A:548-663	2	6	0	6	1	16	9	5	1	135
NCU00488T0_9-594_1B3U:A:	0	0	8	44	0	40	26	36	0	588
NCU11186T0_86-270_1MP2:A:	1	10	0	4	0	18	7	8	0	202
NCU11187T0_443-656_1VMA:A:82-294	0	8	4	7	0	22	9	10	0	213
NCU11187T0_1-136_2FH5:A:1-129	3	4	2	5	0	6	7	7	0	129
NCU11187T0_343-422_1LS1:A:1-88	0	0	0	4	0	6	4	4	0	88
NCU11196T0_4-258_1UAY:A:	2	7	1	9	0	24	15	13	0	241
NCU11212T0_41-149_1Y7R:A:1-133	0	7	2	4	0	13	4	6	0	133
NCU11215T0_471-488,518-589_2UZG:A:36-130	0	5	0	3	0	13	5	6	0	95
NCU11234T0_55-262_1JCU:A:	0	10	0	6	0	31	23	6	0	208
NCU10282T0_1427-1511,1556-1676_1FOE:A:1034-1239	0	0	4	12	0	8	7	11	0	206
NCU10282T0_1711-1903_1X04:A:26-225	0	0	0	6	0	4	2	6	0	200
NCU11249T0_76-400_2AFW:A:33-361	6	6	3	10	0	32	24	20	0	329
NCU11251T0_188-515_1VYH:C:92-408	0	28	1	0	0	39	25	14	0	317
NCU11251T0_49-105_2DK4:A:8-70	0	0	0	2	0	11	7	2	0	63
NCU11252T0_2-105_2IVX:A:7-149	0	0	1	7	0	11	6	8	0	143
NCU11252T0_108-234_2I53:A:158-267	2	0	3	4	0	9	6	6	0	110
NCU02193T1_368-545_1ZPD:A:363-566	2	6	2	9	0	20	8	11	0	204
NCU02193T1_9-185_1ZPD:A:2-187	3	7	4	6	0	20	10	11	0	186
NCU02193T1_171-341_1ZPD:A:188-362	1	7	3	5	0	17	9	10	0	175
NCU10775T0_289-369,400-409_1QFJ:A:1-97	0	6	0	1	0	11	7	3	0	97
NCU10775T0_416-567_1AMO:A:519-678	0	5	1	6	0	9	6	11	0	160
NCU10468T0_53-466_1VZ6:A:	3	14	2	11	0	35	15	19	0	383
NCU10273T0_111-214_1A17:A:	0	0	0	7	0	11	3	7	0	159
NCU11282T0_207-400_1K30:A:	2	9	5	14	0	31	12	16	0	367
NCU11283T0_8-86,176-284,349-400,466-483_1P22:A:253-545	0	28	0	1	0	35	23	13	0	293
NCU10904T0_281-404_2CVE:A:2-124	1	7	0	3	0	10	8	6	0	123
NCU11286T0_103-352,382-623_1CQE:A:74-583	21	6	7	23	0	55	36	34	0	510
NCU11287T0_74-116,145-392_1HKH:A:	8	8	1	13	0	23	13	22	0	279
NCU11291T0_5-170_2OQM:A:1-171	2	2	2	8	0	12	5	11	0	171
NCU11146T0_23-263,330-536_1X0M:A:26-428	2	14	5	14	0	43	21	17	0	403
NCU11295T0_234-263,296-333_1NKP:A:	0	0	1	2	0	5	0	3	0	87
NCU11050T0_911-1063_1F5A:A:215-364	5	0	2	4	0	18	9	9	0	150
NCU11050T0_341-537,596-676_1SR4:B:	2	14	4	4	0	37	23	10	0	261
NCU11050T0_1072-1218_1F5A:A:365-498	0	5	2	4	0	10	5	5	0	134
NCU11050T0_718-865_1F5A:A:20-214	0	5	2	7	0	20	8	15	0	195
NCU10683T0_13-293_1VL0:A:	5	12	1	11	0	29	19	11	0	291
NCU10715T0_32-133,173-455_1ZHX:A:2-434	5	19	10	9	0	46	21	29	0	433
NCU10865T0_58-172,203-396_1LNL:A:3-304	6	2	5	11	0	38	28	25	0	307
NCU10799T0_15-136_2H8A:A:9-147	0	0	1	7	0	6	5	7	0	139
NCU10721T0_320-393_1S7B:A:	0	0	0	4	0	10	7	3	0	109
NCU10721T0_119-220_1S7B:A:	0	0	0	4	0	10	7	3	0	109
NCU11321T0_18-184,217-294_1DWU:A:	0	10	3	8	0	22	10	12	0	213
NCU11325T0_118-290_1YB5:A:121-294	0	7	1	8	0	16	8	12	0	174
NCU11325T0_10-142_1YB5:A:6-120,A:295-329	2	9	3	2	0	18	11	6	1	150
NCU08380T0_214-391_1TA0:A:	2	9	6	4	0	24	13	9	0	196
NCU10852T0_235-592_1NOW:A:200-552	3	10	0	15	0	39	18	25	0	353
NCU10852T0_24-56,106-234_2GJX:A:23-166	0	10	0	2	0	20	9	5	0	144
NCU11331T0_118-406_1BLX:A:	4	7	7	8	0	33	18	18	0	305
NCU10521T0_90-216_1NHY:A:76-219	0	0	2	7	0	12	5	9	0	144
NCU10521T0_5-85_1GNW:A:2-85	0	4	3	2	0	10	3	8	0	84
NCU11341T0_153-500,532-579_1VB5:A:	3	12	4	9	0	31	10	13	0	274
NCU11341T0_61-192_1KTG:A:	0	7	1	3	0	10	3	5	0	137
NCU10344T0_54-545_1PQ2:A:	6	9	3	17	0	42	25	31	0	463
NCU07015T0_48-420_1R5Y:A:	2	15	2	16	0	40	20	21	0	372
NCU11347T0_2-80,116-360_1PW4:A:	2	0	1	18	0	21	18	22	0	450
NCU10658T0_5-201_1YZF:A:1-195	6	5	4	7	0	20	8	11	0	195
NCU11352T0_181-416_1EVQ:A:	0	8	4	9	0	28	16	23	0	308
NCU11356T0_6-152,181-338_1XUB:A:1-128	0	9	1	2	0	13	10	5	0	128
NCU11357T0_205-476_1NR0:A:2-312	4	27	1	0	0	38	22	20	0	311
NCU11357T0_1-53_1N87:A:	0	3	1	1	0	10	4	3	0	56
NCU10387T0_1-212_2GVC:A:3-180,A:288-444	5	14	3	8	0	38	25	20	1	335
NCU11359T0_6-50_1PYI:A:30-71	0	2	0	2	0	6	1	3	0	42
NCU11362T0_126-361_2H00:A:5-254	2	7	2	7	0	18	14	13	0	250
NCU11363T0_17-192,315-426_3C96:A:4-182,A:294-402	1	13	1	8	0	26	14	13	1	288
NCU11363T0_210-301_3C96:A:183-293	3	5	0	4	0	12	4	7	0	111
NCU11365T0_30-384,414-463_1ELU:A:	4	15	5	10	0	39	20	21	0	381
NCU11368T0_43-195_1Z84:A:23-195	2	8	5	1	0	20	12	8	0	173
NCU11375T0_81-164_1S7B:A:	0	0	0	4	0	10	7	3	0	109
NCU10400T0_51-253,298-341_1F0I:A:6-263	5	9	3	7	0	19	12	12	0	258
NCU10400T0_362-528,691-771_1BYR:A:	2	8	0	5	0	13	9	7	0	152
NCU10853T0_510-852_1HOW:A:	5	10	4	11	0	39	18	24	0	362
NCU11381T0_195-387_1FI4:A:191-393	1	5	2	7	0	16	13	9	0	203
NCU11381T0_9-188_1FI4:A:3-190	3	9	3	3	0	23	11	11	0	188
NCU11803T0_496-532_1WD2:A:	0	0	2	0	0	10	10	2	0	59
NCU11395T0_41-222_1KOL:A:2-160,A:356-397	6	11	2	6	0	34	16	13	1	201
NCU11395T0_202-400_1KOL:A:161-355	2	6	2	9	0	19	12	13	0	195
NCU10169T0_42-282_1LFP:A:	0	10	4	7	0	23	16	9	0	243
NCU10119T0_60-271_1W1O:A:40-245	2	10	2	6	0	23	19	14	0	206
NCU11406T0_3-39_2EXN:A:1-128	0	10	2	1	0	16	8	7	0	120
NCU09390T1_78-330_1YBV:A:	2	7	6	9	0	26	16	13	0	270
NCU11088T0_9-99_1MGT:A:89-169	2	2	1	4	0	10	4	7	0	81
NCU10572T0_1-154_1YO6:A:1-250	2	8	5	8	0	24	10	16	0	250
NCU11417T0_7-334_1UDB:A:	3	13	1	11	0	38	21	15	0	338
NCU10125T0_22-152_1QB0:A:	3	7	2	6	0	21	14	13	0	178
NCU10907T0_135-452_3PSG:A:	4	27	9	6	0	45	17	22	0	370
NCU10539T0_14-173,223-258_1N11:A:	0	0	1	24	0	48	15	35	0	408
NCU11427T0_63-115_1WGL:A:	0	0	0	3	0	8	5	1	0	58
NCU02160T0_10-182_1MH1:A:	0	6	2	7	0	17	11	12	0	183
NCU02689T0_847-1029_1XA6:A:271-466	0	0	1	11	0	17	14	15	0	196
NCU02689T0_188-251_1X3H:A:8-42	2	2	0	0	0	8	2	3	0	35
NCU02689T0_123-191_1V6G:A:1-41	0	2	0	1	0	4	5	1	0	34
NCU02689T0_95-122_2D8X:A:8-32	1	2	0	0	0	5	3	2	0	25
NCU08683T0_12-184_2FV8:A:4-184	0	6	2	6	0	16	5	13	0	181
NCU00651T0_66-343_1X3Z:A:8-327	2	11	1	12	0	27	15	14	0	320
NCU00570T0_47-112_1QYP:A:	0	4	0	0	0	8	5	1	0	56
NCU00812T0_13-172_2NN6:B:6-150	2	5	1	2	0	16	10	8	0	145
NCU00812T0_162-257_2NN6:B:151-240	1	4	0	2	0	7	5	5	0	90
NCU01008T0_32-177_1C06:A:	0	5	1	7	0	16	11	9	0	159
NCU00971T0_56-136_1FJG:S:	2	3	1	1	0	12	9	4	0	84
NCU09880T0_6-74_1TH7:A:3-78	0	5	1	1	0	8	2	4	0	76
NCU05810T0_5-310_1VYH:C:92-408	0	28	1	0	0	39	25	14	0	317
NCU09461T0_1-158_1GW5:S:	0	7	0	5	0	11	6	9	0	142
NCU02661T0_1-77_1Y14:B:1-80	1	4	1	1	0	7	2	4	0	80
NCU02661T0_78-169_2C35:B:78-171	0	9	1	0	0	9	5	8	0	94
NCU01827T0_1-134_2JOY:A:1-96	0	5	0	2	0	15	8	4	0	96
NCU06454T0_5-175_2NGR:A:	0	6	3	6	0	19	11	13	0	191
NCU04508T0_32-75_1I50:L:	2	1	0	0	0	11	5	2	0	46
NCU00475T0_15-154_1FJG:M:	2	0	2	6	0	13	11	6	0	125
NCU08395T0_6-138_1QGV:A:	1	5	0	3	0	14	10	7	0	137
NCU08395T1_6-138_1QGV:A:	1	5	0	3	0	14	10	7	0	137
NCU03261T0_32-148_1JMT:A:	0	6	0	2	0	8	2	3	0	104
NCU11271T0_201-453_1E32:A:201-458	3	5	4	12	0	28	13	14	0	258
NCU01331T0_18-125_2ALE:A:1-126	1	4	1	5	0	12	6	9	0	126
NCU04405T0_7-154_1P27:A:	0	6	1	3	0	12	6	8	0	144
NCU00105T0_1-95_1T5Y:A:1-94	3	5	2	5	0	8	4	7	0	94
NCU00105T0_96-171_1T5Y:A:95-170	0	6	1	2	0	10	5	4	0	76
NCU01981T0_2-102_2IF1:A:	3	5	1	3	0	19	12	8	0	125
NCU02605T0_1-64_1I50:J:	3	0	0	4	0	8	4	6	0	65
NCU01484T0_7-179_1KMQ:A:	0	6	3	6	0	15	10	12	0	177
NCU07182T0_8-108_2V94:A:1-93	0	4	1	3	0	8	4	5	0	93
NCU02289T0_1-146_1QCQ:A:	5	4	1	4	0	17	8	11	0	148
NCU08346T0_18-294_1IA8:A:	5	12	5	7	0	36	16	18	0	275
NCU01433T0_164-473_1S95:A:	4	14	2	11	0	33	24	20	0	324
NCU01433T0_5-137_1A17:A:	0	0	0	7	0	11	3	7	0	159
NCU03525T0_7-145,187-295_1I01:A:	2	7	3	9	0	21	12	12	0	241
NCU02167T0_10-176_1C1Y:A:	2	6	1	6	0	18	12	8	0	167
NCU07728T0_276-332_4GAT:A:	0	2	1	1	0	11	6	3	0	66
NCU07728T0_111-160_2GAT:A:	0	2	1	1	0	12	7	3	0	66
NCU01187T0_594-661,773-974_1U5R:A:	5	8	4	12	0	31	20	16	0	309
NCU01187T0_282-553_1F3M:C:	1	10	4	11	0	33	20	20	0	294
NCU01187T0_1026-1345_1KMM:A:4-325	4	11	2	9	0	31	14	15	0	322
NCU01187T0_42-162_1UKX:A:	0	4	0	3	0	12	9	4	0	136
NCU07483T0_120-188,251-308,359-409,446-525_2HY1:A:10-265	5	11	0	6	0	28	15	11	0	256
NCU09377T0_30-126,181-384,441-474_1ERJ:A:	2	30	1	1	0	43	24	22	0	388
NCU02741T0_106-341_1N0W:A:	2	11	2	6	0	18	12	12	0	242
NCU02741T0_27-90_1B22:A:	2	0	1	4	0	7	7	5	0	70
NCU02815T0_762-934_2C2A:A:321-481	0	7	2	3	0	13	4	10	0	161
NCU02815T0_1085-1205_1MB3:A:	2	5	0	5	0	13	10	3	0	123
NCU02815T0_696-774_2C2A:A:232-320	0	0	1	3	0	3	0	4	0	89
NCU02815T0_293-474_2CH7:B:225-529	0	0	1	4	0	2	1	4	0	308
NCU02815T0_477-607_1QU7:A:	0	0	1	6	0	2	1	7	0	226
NCU09311T0_146-319,354-467_2FRN:A:19-278	0	13	3	6	0	25	10	16	0	260
NCU02814T0_275-558_1A06:A:	4	8	4	10	0	29	20	14	0	307
NCU02814T0_110-157,190-278_1GXC:A:	0	11	2	0	0	16	9	9	0	116
NCU03548T0_13-168,214-289_1MC3:A:	2	13	3	12	0	30	22	19	0	295
NCU03548T0_454-531_1XHD:A:	2	20	0	1	0	37	1	18	0	172
NCU03421T0_21-64_1SP2:A:	2	0	0	1	0	5	3	2	0	31
NCU03504T0_61-242_1QI9:A:	18	10	8	19	0	65	45	30	0	555
NCU03501T0_189-358_1CK4:A:	0	6	3	8	0	16	12	11	0	193
NCU01494T0_121-588_1PV7:A:	0	0	2	22	0	18	12	14	0	417
NCU03556T0_11-310_1OKC:A:	0	0	6	11	0	19	10	9	0	292
NCU01648T0_342-528_1T9F:A:	4	12	2	0	0	29	9	14	0	186
NCU01645T0_12-50_1NMV:A:1-44	0	3	0	0	0	6	4	3	0	44
NCU03365T0_3-45_1X4S:A:8-53	0	4	1	1	0	8	3	3	0	46
NCU01838T0_33-346_1J31:A:	1	16	2	7	0	32	15	15	0	262
NCU05157T0_195-399_2QFI:A:5-208	2	0	7	7	0	14	20	21	0	204
NCU05157T0_401-479_2QFI:A:209-290	4	0	1	2	0	13	9	6	0	82
NCU03526T0_40-235,362-539_1YOV:B:12-437	9	12	6	13	0	48	22	26	0	426
NCU01678T0_12-334,416-447_1GOS:A:4-289,A:402-500	4	15	6	13	0	40	33	22	1	385
NCU01669T0_244-487,514-576_1F3L:A:	8	15	5	7	0	34	16	23	0	321
NCU01669T0_35-144_1WIR:A:	0	2	1	6	0	16	9	6	0	120
NCU01514T0_61-331_1OKC:A:	0	0	6	11	0	19	10	9	0	292
NCU07162T0_237-388,533-587_2I0Z:A:1-192,A:362-420	4	15	6	8	0	27	12	15	1	251
NCU03924T0_62-198_1WF6:A:	1	4	3	3	0	15	14	3	0	131
NCU03924T0_291-416_1WF6:A:	1	4	3	3	0	15	14	3	0	131
NCU03924T0_565-716_1KZY:C:1714-1866	1	6	1	4	0	12	6	7	0	153
NCU03924T0_6-87_1WF6:A:	1	4	3	3	0	15	14	3	0	131
NCU03924T0_235-313_1CDZ:A:	1	4	1	3	0	15	6	8	0	96
NCU03921T0_256-359,393-472_1LV7:A:	2	6	3	10	0	31	17	18	0	256
NCU07791T0_17-78,107-136,163-318_1XKT:A:	2	7	3	8	0	30	19	12	0	288
NCU04676T0_127-249_1TU7:A:78-208	2	0	1	6	0	7	6	7	0	131
NCU04676T0_14-103_2FNO:A:1-87	1	4	1	3	0	9	7	5	0	87
NCU04654T0_1-393_1R5Y:A:	2	15	2	16	0	40	20	21	0	372
NCU04645T0_231-440_1PG6:A:	2	17	2	3	0	23	12	10	0	227
NCU04736T0_225-253,306-401,516-624,1014-1234_1SU4:A:1-124,A:240-343,A:751-994	1	1	8	18	0	32	20	22	2	472
NCU04736T0_628-648,802-1071_1SU4:A:344-360,A:600-750	3	8	1	8	0	16	12	11	1	168
NCU04736T0_637-866_1SU4:A:361-599	0	13	3	7	0	21	11	13	0	239
NCU04736T0_401-512_1SU4:A:125-239	2	9	3	0	0	21	10	7	0	115
NCU08924T0_108-366_1UKW:A:32-258	3	8	6	6	0	18	8	13	0	227
NCU08924T0_9-100_1HKO:A:	2	5	0	5	0	9	6	6	0	104
NCU08924T0_353-516_1EGD:A:242-396	2	2	3	5	0	4	4	8	0	155
NCU03653T0_49-112_1X40:A:8-85	2	0	2	4	0	7	2	4	0	78
NCU08938T0_247-460_1MPG:A:100-282	2	0	1	10	0	23	11	14	0	183
NCU01112T0_47-253_1WPX:B:501-719	2	9	4	3	0	25	14	10	0	219
NCU04281T0_5-310_1VYH:C:92-408	0	28	1	0	0	39	25	14	0	317
NCU03778T0_35-117_1B34:B:	0	5	1	1	0	8	1	3	0	93
NCU03811T0_15-258_1UYM:A:	0	8	4	5	0	19	8	11	0	211
NCU03801T0_256-598_1UTE:A:	1	14	4	8	0	41	28	17	0	302
NCU03800T0_30-118_1O6U:A:275-398	0	8	1	1	0	14	7	4	0	124
NCU04262T0_42-354_1TF4:A:1-460	16	3	5	16	0	54	31	25	0	460
NCU04252T0_8-611,645-707_1MQS:A:	4	14	2	25	0	48	32	27	0	653
NCU04133T0_39-101,140-359_1QQ9:A:	4	8	1	9	0	26	19	18	0	277
NCU04119T0_78-319_1DN1:B:	0	0	1	7	0	11	6	8	0	222
NCU03629T0_35-84_1KX5:B:	0	3	1	3	0	10	6	4	0	102
NCU01323T0_508-708_1GXL:A:	2	8	4	7	0	19	12	14	0	205
NCU01323T0_4-92,128-207,1155-1243_1W1W:A:	2	14	3	8	0	28	15	19	0	427
NCU01315T0_704-723,833-1002_1W3B:A:	0	0	0	23	0	35	6	26	0	388
NCU01315T0_528-623,697-725_1W3B:A:	0	0	0	23	0	35	6	26	0	388
NCU01302T0_116-364_2R8B:A:44-246	2	9	2	5	0	21	16	11	0	203
NCU03731T0_8-242_2FDR:A:3-224	3	6	3	11	0	22	9	15	0	222
NCU03682T0_4-289_1AKO:A:	6	12	3	10	0	27	14	16	0	268
NCU03668T0_274-376,429-543,590-627,712-748_1P22:A:253-545	0	28	0	1	0	35	23	13	0	293
NCU01231T0_59-474_1PW4:A:	2	0	1	18	0	21	18	22	0	450
NCU01023T0_5-122_2QAM:N:1-120	2	3	1	5	0	12	7	10	0	120
NCU06563T0_8-295_2NYM:C:2-294	4	13	0	11	0	29	23	16	0	293
NCU06553T0_1-138_1JT8:A:	1	5	0	2	0	13	9	2	0	102
NCU07001T0_26-263,349-463_2VAT:A:7-382	7	8	7	12	0	38	22	24	0	376
NCU08469T0_7-442_1CI9:A:	7	15	6	14	0	46	29	29	0	377
NCU06850T0_24-319_1YQ2:A:313-609	4	13	4	8	0	40	16	19	0	297
NCU05411T0_23-70_2HAP:C:55-97	0	0	1	2	0	6	3	2	0	43
NCU08733T0_3-252_1MLV:A:50-310	4	6	3	8	0	32	19	16	0	261
NCU08733T0_245-417_1MLV:A:311-486	0	2	3	8	0	11	8	12	0	172
NCU08733T0_409-454_2D8Q:A:8-64	4	0	0	2	0	9	3	2	0	57
NCU09312T0_116-326_1F75:A:	1	6	5	7	0	25	15	11	0	229
NCU11235T0_43-311_2JFL:A:21-308	1	11	6	10	0	27	17	20	0	288
NCU06245T0_108-164,275-527_1QAS:A:299-625	3	11	6	8	0	35	21	20	0	327
NCU06245T0_559-697_1QAS:A:626-756	1	8	2	0	0	14	6	3	0	131
NCU04540T0_372-487,523-623,690-724,960-995_2OVR:B:2365-2706	0	32	2	1	0	36	24	21	0	342
NCU04540T0_125-184,322-352_2OVR:B:2263-2364	0	0	0	6	0	9	7	5	0	102
NCU10314T0_164-615_1PV7:A:	0	0	2	22	0	18	12	14	0	417
NCU03946T0_76-193_1P1T:A:	2	4	0	4	0	11	10	6	0	104
NCU03946T1_76-193_1P1T:A:	2	4	0	4	0	11	10	6	0	104
NCU03955T0_753-944,1004-1050_1F0I:A:6-263	5	9	3	7	0	19	12	12	0	258
NCU03955T0_1058-1262_1BYR:A:	2	8	0	5	0	13	9	7	0	152
NCU10518T0_30-106,135-154_1NN7:A:	2	4	2	4	0	12	7	7	0	105
NCU04747T0_149-429,576-591_1O6L:A:	6	9	5	10	0	39	20	21	0	337
NCU04747T0_762-880_1UL7:A:	1	4	1	2	0	12	5	2	0	101
NCU05186T0_122-155_1FBV:A:356-434	2	2	0	2	0	11	6	5	0	79
NCU11770T0_30-109,153-336,432-466_1K8K:C:	2	28	1	2	0	32	23	22	0	371
NCU10760T0_299-394,431-616_1H2K:A:	3	17	6	8	0	41	17	19	0	335
NCU04389T0_35-105_1WEM:A:	0	2	0	3	0	11	7	3	0	75
NCU04389T0_303-414_1ML9:A:	5	15	6	5	0	45	22	13	0	284
NCU10106T0_10-292_1B9B:A:	2	8	3	12	0	23	16	14	0	252
NCU10107T0_10-161_1NN4:A:	1	6	0	6	0	13	8	7	0	161
NCU10110T0_8-163_3CUM:A:1-162	0	9	0	8	0	19	11	8	0	162
NCU10110T0_176-299_1VPD:A:164-296	2	0	1	6	0	6	4	9	0	133
NCU10110T0_320-447_3CUM:A:163-296	2	0	2	6	0	8	7	11	0	134
NCU04419T0_107-419_1W9Y:A:2-308	1	12	5	7	0	27	12	12	0	307
NCU04428T0_571-654_1GO4:G:	2	1	0	2	0	4	2	3	0	99
NCU11765T0_64-149_1HV2:A:	0	3	0	4	0	8	5	5	0	99
NCU04444T0_871-951,1120-1178,1243-1286,1405-1455_2FO1:E:1021-1297	0	0	1	16	0	32	19	23	0	277
NCU04444T0_1348-1581_1K1A:A:	2	0	0	13	0	30	9	26	0	228
NCU04444T0_175-264,328-445,474-502_1MYO:A:	0	0	1	6	1	12	7	10	0	118
NCU04444T0_899-1075_1WDY:A:	2	0	0	17	0	35	10	27	0	285
NCU04444T0_623-706,745-797_1WDY:A:	2	0	0	17	0	35	10	27	0	285
NCU04457T0_79-151_1S7B:A:	0	0	0	4	0	10	7	3	0	109
NCU04459T0_423-520_2CUJ:A:8-108	0	0	0	4	0	7	6	5	0	101
NCU04459T0_18-85_1TOT:A:1-52	1	5	0	1	0	8	5	1	0	52
NCU04459T0_75-131_1X41:A:8-54	0	0	0	3	0	5	2	4	0	47
NCU00424T0_43-386,428-549,636-859,895-1076_1TE4:A:	0	0	3	6	0	11	9	5	0	111
NCU00441T0_84-317_1A0R:P:	0	5	1	7	0	18	12	12	0	218
NCU02257T0_138-321,386-463,502-537_1YFO:A:	1	12	2	7	0	29	21	11	0	288
NCU04042T0_30-215_1E20:A:	2	6	2	9	0	22	10	12	0	185
NCU04042T0_335-345,395-508_2AJA:A:3-348	0	2	5	21	0	23	18	21	0	346
NCU04767T0_189-322_1A8Q:A:	2	8	2	9	0	27	18	20	0	274
NCU04767T0_1062-1093_2IUB:A:286-349	0	0	0	2	0	2	2	2	0	64
NCU04733T0_9-654_1QHH:A:,B:,C:,D:	6	16	12	26	0	53	23	34	3	623
NCU04727T0_1-263_1DEA:A:	3	10	8	8	0	26	20	16	0	266
NCU04726T0_16-344_1TR9:A:	4	10	5	10	1	41	27	19	0	340
NCU04726T0_619-725_1Y9W:A:1-140	0	7	3	3	0	13	3	7	0	140
NCU08042T0_42-85_2HAP:C:55-97	0	0	1	2	0	6	3	2	0	43
NCU08020T0_21-223_1H7S:A:29-231	0	10	3	5	0	18	14	9	0	203
NCU08020T0_202-235,263-359_1H7S:A:232-365	2	7	1	4	0	12	4	9	0	134
NCU08020T0_923-1093_1X9Z:A:	2	7	1	7	0	14	7	8	0	182
NCU08022T0_257-593_1MIW:A:140-404	1	2	5	15	0	24	17	10	0	265
NCU08022T0_110-256_1VFG:A:1-136	1	7	2	5	0	12	6	9	0	136
NCU08565T0_340-620_1GKY:A:	1	9	1	7	0	19	8	10	0	186
NCU08561T0_11-305_1OKC:A:	0	0	6	11	0	19	10	9	0	292
NCU01866T0_73-405_1V04:A:	1	25	2	3	0	40	22	18	0	340
NCU01862T0_294-394_2CUJ:A:8-108	0	0	0	4	0	7	6	5	0	101
NCU00587T0_290-312,356-609_1S9J:A:	3	8	3	12	0	27	14	14	0	340
NCU00602T0_325-581_1S4D:A:	3	10	2	9	0	27	19	18	0	265
NCU00602T0_148-216,255-298_1PJQ:A:114-215	0	2	0	5	0	8	3	6	0	102
NCU00602T0_18-151_1PJQ:A:1-113	2	7	1	3	0	13	7	7	0	113
NCU03129T0_54-367_1EVL:A:242-532	6	15	4	9	0	32	14	16	0	291
NCU03129T0_368-468_1NYR:A:533-645	0	5	0	5	0	10	5	7	0	113
NCU03134T0_97-476,507-638_1FO3:A:	8	18	3	16	0	47	22	26	0	457
NCU03173T0_87-195,242-443_2C4N:A:1-250	3	13	4	8	0	27	16	16	0	250
NCU03181T0_162-217,246-410_2HSJ:A:1-211	4	5	4	9	0	22	9	9	0	211
NCU02707T0_52-147_2JOY:A:1-96	0	5	0	2	0	15	8	4	0	96
NCU10498T0_7-68_2HGQ:1:1-67	0	0	0	3	0	4	1	2	0	67
NCU02670T0_16-106,138-305_2D13:A:2-227	2	9	2	6	0	25	8	13	0	226
NCU02670T0_408-485_1QD9:A:	5	6	3	2	0	17	10	4	0	124
NCU02670T0_521-634_1J7H:A:	3	6	2	2	0	19	10	5	0	130
NCU11485T0_303-355_1XF7:A:	0	2	0	1	0	4	3	1	0	29
NCU11485T0_277-312_1UBD:C:381-408	0	0	0	1	0	3	2	2	0	28
NCU02651T0_262-318_1R18:A:	3	9	3	6	0	25	17	12	0	226
NCU02608T0_171-288_1UFK:A:	0	14	4	9	0	22	7	12	0	254
NCU02618T0_319-397_1JQQ:A:	3	5	1	0	0	12	7	5	0	91
NCU10789T0_485-694_1OUV:A:	0	0	0	15	0	18	7	15	0	272
NCU10789T0_142-269_1OUV:A:	0	0	0	15	0	18	7	15	0	272
NCU10789T0_321-461_1OUV:A:	0	0	0	15	0	18	7	15	0	272
NCU02576T0_46-89_1CLD:A:	0	0	0	2	0	4	2	1	0	33
NCU02475T0_603-1013,1062-1085_1WYU:B:2-472	8	12	4	15	0	59	32	31	0	473
NCU02475T0_87-548_1WYU:A:1-437	7	13	8	13	0	46	28	24	0	437
NCU02485T0_57-653_1LCI:A:	7	27	4	15	0	64	28	38	0	541
NCU11473T0_178-215,246-395_1S68:A:	4	12	1	7	0	29	13	13	0	233
NCU02498T0_23-363,396-451_2HYE:C:55-401	0	0	1	19	0	15	13	23	0	347
NCU02498T0_444-744_2HYE:C:403-675	1	8	3	9	0	25	16	11	0	273
NCU02498T0_750-838_1LDJ:A:687-776	0	3	0	3	0	4	3	4	0	90
NCU00985T0_362-652_1DP0:A:334-625	10	12	2	7	0	41	19	22	0	292
NCU00985T0_72-274_1YQ2:A:4-219	2	16	5	0	0	32	21	15	0	216
NCU00985T0_277-365_1BHG:A:226-328	2	8	0	0	0	18	9	2	0	103
NCU11198T0_20-348_1HJQ:A:	12	8	4	9	0	40	21	22	0	332
NCU09267T0_668-984_1K3I:A:151-537	9	30	6	0	0	59	29	25	0	387
NCU09267T0_984-1085_1K3I:A:538-639	3	10	0	0	0	15	10	5	0	102
NCU09248T0_46-165_1N1J:A:	1	1	1	4	0	8	2	4	0	87
NCU02960T0_299-637_1FCH:A:	0	0	2	17	0	24	6	19	0	323
NCU11570T0_79-170_1X5S:A:8-97	0	4	0	2	0	11	8	3	0	89
NCU11570T0_172-267_1P1T:A:	2	4	0	4	0	11	10	6	0	104
NCU02853T0_7-54_2EPS:A:408-446	0	2	0	1	0	5	5	1	0	39
NCU02853T0_68-102_1CLD:A:	0	0	0	2	0	4	2	1	0	33
NCU01469T0_174-253_1TIG:A:	0	4	0	2	0	7	2	5	0	88
NCU01268T0_13-152_2F4W:A:12-168	3	4	0	5	0	17	7	9	0	157
NCU01269T0_287-588_1G72:A:	6	38	10	5	0	74	38	44	0	571
NCU01266T0_573-715,801-941_1QAS:A:299-625	3	11	6	8	0	35	21	20	0	327
NCU01266T0_411-567_2ZKM:X:142-311	1	2	2	8	0	16	9	6	0	170
NCU01266T0_257-372_1MAI:A:	0	7	2	3	0	13	8	5	0	119
NCU01266T0_963-1108_1QAS:A:626-756	1	8	2	0	0	14	6	3	0	131
NCU11027T0_258-512_2FGE:A:272-539	0	6	3	10	0	23	15	9	0	268
NCU11027T0_6-244_2FGE:A:15-271	3	10	4	10	0	24	18	13	0	257
NCU11027T0_802-1037_2FGE:A:798-993	2	6	1	9	0	14	7	11	0	196
NCU11027T0_541-769_2FGE:A:540-797	0	6	3	9	0	20	15	6	0	258
NCU01270T0_252-439,472-487_1DKR:A:167-316	0	9	1	4	0	15	12	6	0	150
NCU01270T0_5-60,91-143,266-315_1DKR:A:8-166	1	7	1	4	0	20	10	6	0	159
NCU08879T0_806-967_1KZY:C:1714-1866	1	6	1	4	0	12	6	7	0	153
NCU08878T0_124-303_1G16:A:	2	6	1	6	0	15	7	12	0	166
NCU09486T0_29-402_2D3N:A:5-398	8	17	5	10	0	47	28	25	0	394
NCU09486T0_428-516_1UD2:A:391-480	0	8	1	0	0	12	6	7	0	90
NCU08744T0_250-294_1T2K:C:	0	0	0	1	0	1	0	0	0	61
NCU08736T0_90-225,257-401_1KQN:A:	2	6	3	11	0	22	8	15	0	270
NCU05621T0_28-112_1IYM:A:	0	2	0	1	0	11	6	4	0	54
NCU10679T0_223-282_1X6E:A:8-40	0	2	1	1	0	4	3	1	0	33
NCU10679T0_267-321_1X6E:A:8-40	0	2	1	1	0	4	3	1	0	33
NCU10284T0_381-475_1AN2:A:	0	0	0	2	0	4	4	3	0	86
NCU03948T0_122-191,264-576_2I9U:A:67-376	3	11	3	14	0	32	15	16	0	310
NCU03948T0_102-122,576-624_1M7J:A:420-480	4	4	0	0	0	9	5	5	0	61
NCU03938T0_67-103_2HAP:C:55-97	0	0	1	2	0	6	3	2	0	43
NCU09937T0_45-362_1TF4:A:1-460	16	3	5	16	0	54	31	25	0	460
NCU08499T0_405-457,520-641_1FKM:A:249-442	2	0	8	8	0	13	13	10	0	194
NCU08499T0_616-719_1FKM:A:443-630	0	0	1	8	0	10	3	8	0	188
NCU06833T0_48-411_1UAA:A:2-307	4	8	4	13	0	27	16	15	0	306
NCU02833T0_916-1033_1RSY:A:	1	8	1	2	0	17	8	5	0	151
NCU11582T0_12-92_2F9D:A:12-125	0	6	0	4	0	12	7	7	0	114
NCU03931T0_80-124_2HAP:C:55-97	0	0	1	2	0	6	3	2	0	43
NCU08199T0_32-216_1W1O:A:40-245	2	10	2	6	0	23	19	14	0	206
NCU01134T0_78-394,424-590_3CZH:A:40-502	7	8	4	16	0	42	19	26	0	462
NCU03643T0_62-112_1CLD:A:	0	0	0	2	0	4	2	1	0	33
NCU09609T0_635-725_1SQ4:A:	1	21	4	0	0	36	17	9	0	273
NCU06832T0_55-182,212-478_1II6:A:	4	14	4	9	0	34	19	15	0	350
NCU11243T0_5-221_1F8F:A:4-162,A:337-371	5	9	5	4	0	23	12	10	1	194
NCU11243T0_191-373_1F8F:A:163-336	0	6	3	7	0	16	13	12	0	174
NCU02839T0_19-147,412-530_1A6D:A:17-145,A:404-519	0	9	1	11	0	18	7	14	1	245
NCU02839T0_212-385_1Q3Q:A:217-369	3	9	2	3	0	18	15	4	0	153
NCU02839T0_148-216,376-411_1A6D:B:145-215,B:368-403	0	5	3	3	0	7	6	2	1	107
NCU00489T0_96-194_1FJG:C:107-207	1	4	2	2	0	13	6	6	0	101
NCU00489T0_13-102_1WH9:A:	0	3	1	3	0	10	7	2	0	91
NCU01613T0_422-774_1ORI:A:	6	15	2	8	0	33	14	21	0	316
NCU06432T0_27-144_1PXW:A:	0	4	3	5	0	12	11	7	0	128
NCU09390T0_29-281_1YBV:A:	2	7	6	9	0	26	16	13	0	270
NCU02260T0_160-410_1E32:A:201-458	3	5	4	12	0	28	13	14	0	258
NCU09778T0_1-314_1GZ8:A:	3	8	3	10	0	29	17	22	0	298
NCU04770T0_79-173_1YTB:A:61-155	0	6	0	2	0	7	5	4	0	95
NCU04770T0_165-255_1YTB:A:156-240	2	5	0	2	0	9	5	4	0	85
NCU06404T0_6-177_2FU5:C:3-175	0	6	0	4	0	13	5	5	0	173
NCU09371T0_9-197_1C41:A:	0	4	1	5	0	11	8	8	0	195
NCU02806T0_3-232_1O9D:A:	0	0	0	10	0	12	5	8	0	236
NCU00056T0_2-122,154-432_2IX4:A:31-300	7	8	4	11	0	30	15	18	0	270
NCU00130T0_2-467_1CBG:A:	5	17	8	19	0	47	26	27	0	490
NCU01647T0_6-56,122-260_2A5J:A:9-181	0	6	2	6	0	17	8	14	0	181
NCU03992T0_137-642_1RT8:A:	0	0	8	23	0	40	26	26	0	505
NCU03992T0_8-85,160-181_1CTA:A:	1	0	0	2	0	6	2	2	0	34
NCU01479T0_684-875_2CE7:A:411-603	1	2	1	7	0	10	7	6	0	193
NCU01479T0_423-674_1LV7:A:	2	6	3	10	0	31	17	18	0	256
NCU00116T0_14-159_1N1J:B:	1	1	1	3	0	7	3	6	0	78
NCU00116T1_14-159_1N1J:B:	1	1	1	3	0	7	3	6	0	78
NCU00116T2_14-159_1N1J:B:	1	1	1	3	0	7	3	6	0	78
NCU09924T0_44-312_1N1T:A:1-406	2	30	2	1	0	44	30	26	0	403
NCU07580T0_7-296_1GZ8:A:	3	8	3	10	0	29	17	22	0	298
NCU07546T0_1086-1332_3B60:A:329-581	4	10	2	9	0	24	18	16	0	253
NCU07546T0_415-668_3B60:A:329-581	4	10	2	9	0	24	18	16	0	253
NCU07546T0_753-1078_1PF4:A:10-320	0	0	9	16	0	12	11	14	0	310
NCU07546T0_84-404_3B60:A:10-328	0	0	1	11	0	6	9	9	0	319
NCU04697T0_4-312_1J31:A:	1	16	2	7	0	32	15	15	0	262
NCU05526T1_4-203_1NVM:A:2-290	10	8	3	11	0	35	15	21	0	289
NCU09688T0_156-443_1I31:A:	1	16	2	0	0	27	16	7	0	277
NCU09688T0_1-140_1GW5:M:1-141	2	5	1	4	0	13	8	7	0	140
NCU04179T0_246-304_1A1H:A:103-131	0	2	0	1	0	4	2	0	0	29
NCU04179T0_289-343_2CSH:A:8-60	0	4	0	2	0	6	6	3	0	53
NCU04234T0_78-196,223-246,280-539,574-614_1TQN:A:	5	9	7	18	0	43	20	30	0	472
NCU08693T0_229-420_1DKG:D:186-383	1	6	1	6	0	13	10	7	0	198
NCU08693T0_47-227_1DKG:D:3-185	4	12	2	5	0	21	12	11	0	183
NCU08693T0_422-578_1CKR:A:	1	10	0	2	0	15	14	9	0	159
NCU05225T0_147-362_1XHC:A:1-103,A:226-289	4	11	2	5	0	18	13	9	1	165
NCU05225T0_304-471_1EBD:A:155-271	1	8	0	3	0	9	8	7	0	117
NCU05225T0_497-556_1RFJ:A:	2	2	0	7	0	16	5	7	0	148
NCU06561T0_4-201_1DOA:B:	2	10	1	2	0	26	13	7	0	200
NCU08325T0_36-266,303-537_1PW4:A:	2	0	1	18	0	21	18	22	0	450
NCU08297T0_65-328_1XZP:A:212-371	1	6	1	6	0	15	10	10	0	160
NCU08004T0_36-221_1EFV:A:20-207	0	13	2	4	0	16	9	8	0	188
NCU08004T0_224-345_1EFP:A:185-308	2	5	3	4	0	16	11	8	0	124
NCU07982T0_469-677_1N0H:A:461-687	4	6	2	9	0	27	15	11	0	227
NCU07982T0_87-251_1JSC:A:83-270	2	8	4	8	0	18	12	10	0	188
NCU07982T0_284-459_1JSC:A:280-460	0	6	4	7	0	16	17	10	0	181
NCU00901T0_27-55,1055-1280_1F2T:A:,B:	2	15	3	7	0	24	21	15	1	292
NCU00901T0_3-183,226-315_1E69:A:	6	14	2	6	0	26	20	16	0	308
NCU02110T0_243-323,350-360_1QFJ:A:1-97	0	6	0	1	0	11	7	3	0	97
NCU02110T0_368-462,494-542_1A8P:A:101-258	4	5	4	7	0	13	11	8	0	158
NCU01964T0_713-771_1IYM:A:	0	2	0	1	0	11	6	4	0	54
NCU01964T0_213-298_1DE4:C:190-382	5	12	2	3	0	32	18	14	0	193
NCU03258T0_36-428_1ZHX:A:2-434	5	19	10	9	0	46	21	29	0	433
NCU09076T0_119-407_1T6N:A:	0	7	0	9	0	22	16	12	0	207
NCU07489T0_219-508_1FJM:A:	2	14	0	10	0	35	21	16	0	294
NCU02464T0_10-261_1XZP:A:212-371	1	6	1	6	0	15	10	10	0	160
NCU03846T0_136-275,305-352,422-443_1V9K:A:	3	12	0	5	0	29	16	13	0	227
NCU03846T1_136-275,305-352,422-443_1V9K:A:	3	12	0	5	0	29	16	13	0	227
NCU00496T0_326-447_1SXL:A:	2	3	0	2	0	19	15	2	0	97
NCU00496T0_30-99_1WG4:A:	0	5	0	2	0	12	10	3	0	97
NCU03552T0_288-338_2EPS:A:408-446	0	2	0	1	0	5	5	1	0	39
NCU00059T0_20-215,373-458,525-669_1BPO:A:331-487	0	0	1	10	0	13	9	8	0	157
NCU00055T0_35-321_1S9A:A:	5	12	1	5	0	33	15	18	0	256
NCU05000T0_11-489_1PG4:A:	11	30	5	21	0	71	40	44	0	643
NCU05000T0_684-979_1ORR:A:	4	16	2	12	0	37	11	17	0	346
NCU05000T0_567-640_1DNY:A:	0	0	0	4	0	8	7	2	0	76
NCU04996T0_5-171_2FSR:A:4-167	0	8	2	4	0	19	10	9	0	164
NCU07247T0_204-285_1S7B:A:	0	0	0	4	0	10	7	3	0	109
NCU07246T0_12-131_1L3G:A:	0	6	0	5	0	9	6	8	0	123
NCU07246T0_258-427_1SW6:A:	2	4	3	13	0	30	11	18	0	301
NCU04359T0_84-133_1D66:A:8-48	0	0	0	2	0	4	1	2	0	41
NCU04359T0_286-392_1M2V:B:61-215,B:553-646	5	10	2	3	0	17	17	8	1	249
NCU03857T0_53-459_1T0L:A:	1	14	3	15	0	35	15	18	0	414
NCU03492T0_4-87_1CXY:A:	2	4	2	3	0	8	2	8	0	81
NCU07232T0_59-113,164-227_1GME:A:	1	8	5	2	0	17	6	7	0	150
NCU07231T0_464-514_1KRH:A:206-338	0	6	4	3	0	12	8	3	0	133
NCU07242T0_1-233_1SNY:A:	3	7	6	7	0	28	16	13	0	266
NCU07240T0_10-330_1GVE:A:	4	8	6	11	0	33	16	22	0	324
NCU04456T0_406-483_1OV3:A:150-214	3	5	1	0	0	9	4	3	0	59
NCU04455T0_242-320_2EY4:C:1-73	2	6	0	0	0	12	4	5	0	73
NCU04452T0_7-370_1OYB:A:	6	12	6	13	0	45	27	29	0	399
NCU04449T0_55-327_1HC7:A:5-276	5	14	1	6	0	26	14	14	0	272
NCU04449T0_328-459_1NJ8:A:268-393	1	5	0	4	0	11	8	7	0	126
NCU04449T0_463-558_1HC7:A:404-477	3	4	0	2	0	10	4	3	0	74
NCU04448T0_19-147,414-552_1Q3Q:A:9-145,A:406-526	0	9	0	10	0	19	6	13	1	258
NCU04448T0_215-387_1A6D:B:216-367	2	8	2	3	0	15	12	6	0	152
NCU04448T0_152-221,380-414_1A6D:A:146-214,A:368-403	0	6	1	3	0	10	7	4	1	105
NCU01822T0_3-205_1Z2W:A:1-182	3	11	0	3	0	22	13	11	0	182
NCU01821T0_70-443_2BKW:A:3-384	2	14	3	13	0	41	25	24	0	382
NCU01820T0_20-258,329-372,406-704,767-1037_1W9C:A:	0	0	4	15	0	20	13	12	0	321
NCU01489T0_2-112_1C02:A:	0	0	2	6	0	12	9	9	0	166
NCU01489T1_2-112_1C02:A:	0	0	2	6	0	12	9	9	0	166
NCU05011T0_26-393_1E5M:A:6-255	6	7	5	9	0	27	15	17	0	250
NCU05011T0_554-684,756-861_1MLA:A:3-127,A:198-307	2	5	1	12	0	22	14	13	1	235
NCU05011T0_1979-2216_2FR1:A:1657-1915	2	9	2	10	0	25	12	17	0	259
NCU05011T0_1747-1927_1PQW:A:	0	7	2	7	0	15	7	13	0	183
NCU05011T0_1655-1778_1E3J:A:4-142,A:313-351	5	12	4	3	0	23	8	10	1	178
NCU05011T0_2274-2340_2PNG:A:1-76	0	0	1	5	0	12	9	8	0	89
NCU05011T0_688-755_1MLA:A:128-197	0	4	0	2	0	6	5	4	0	70
NCU05007T0_62-86_2CQE:A:429-457	2	0	0	0	0	6	6	2	0	29
NCU05006T0_4-458_1BU7:A:	0	12	10	16	0	39	22	21	0	455
NCU06414T0_241-288,352-380,407-468_1VG8:A:	2	6	3	5	0	18	16	7	0	184
NCU06411T0_19-88_1JM7:B:	4	0	1	2	0	15	9	4	0	97
NCU06410T0_8-201_1EK0:A:	0	6	2	5	0	16	10	10	0	170
NCU06407T0_198-243_1CLD:A:	0	0	0	2	0	4	2	1	0	33
NCU04539T0_42-155,187-438_1GOX:A:	4	12	5	13	0	39	21	21	0	359
NCU04537T0_39-237,281-497_1PV7:A:	0	0	2	22	0	18	12	14	0	417
NCU01439T0_153-347_1PSD:A:108-295	4	7	2	6	0	25	15	12	0	188
NCU01439T0_55-179_1PSD:A:7-107,A:296-326	2	5	0	5	0	21	6	8	1	132
NCU01439T0_391-464_1PSD:A:327-410	0	4	0	2	0	7	4	4	0	84
NCU01431T0_1167-1567_1UX5:A:	6	0	6	19	0	32	18	22	0	411
NCU01431T0_278-515,542-699_2BNX:A:133-475	0	0	1	17	0	20	13	25	0	343
NCU01429T0_7-91,126-428_1BT4:A:	2	14	6	10	0	35	29	21	0	360
NCU01428T0_3-138_1OO2:A:	0	8	1	1	0	15	7	7	0	116
NCU03462T0_329-556_1FQV:A:146-431	8	13	3	8	0	55	21	24	0	286
NCU03460T0_36-191_1F75:A:	1	6	5	7	0	25	15	11	0	229
NCU03460T0_269-343_1F75:A:	1	6	5	7	0	25	15	11	0	229
NCU05083T0_59-200_1TII:A:,C:	2	10	6	7	0	29	10	14	1	223
NCU05071T0_176-351_1EB6:A:	3	4	1	8	0	19	12	10	0	177
NCU04092T0_123-599_2F2A:A:1-485	12	11	6	15	0	46	29	35	0	485
NCU04090T0_441-649_1IWG:A:7-37,A:331-498	0	0	1	8	0	9	7	9	1	199
NCU04090T0_918-1124_1IWG:A:7-37,A:331-498	0	0	1	8	0	9	7	9	1	199
NCU04087T0_4-147_1USU:B:	1	7	1	3	0	11	1	8	0	142
NCU04087T0_190-323_1X53:A:8-139	3	6	0	4	0	14	6	8	0	132
NCU04086T0_4-96,125-322_1J31:A:	1	16	2	7	0	32	15	15	0	262
NCU04079T0_127-206_1FEX:A:	0	0	0	3	0	5	5	3	0	59
NCU04079T0_249-332_1FEX:A:	0	0	0	3	0	5	5	3	0	59
NCU04079T0_484-585_1RYU:A:	0	0	2	4	0	12	11	7	0	120
NCU08761T0_49-162,214-258_1Q25:A:281-432	2	12	4	1	0	22	10	11	0	152
NCU08757T0_43-117,180-224_1PL7:A:1-145,A:317-356	1	14	4	3	0	22	9	12	1	185
NCU08757T0_276-358_1JVB:A:144-313	0	6	2	8	0	13	10	11	0	170
NCU08755T0_54-361_1EX1:A:1-388	3	11	8	15	1	39	19	29	0	388
NCU08755T0_415-622,649-671_1EX1:A:389-602	5	6	2	6	0	33	25	10	0	214
NCU04374T0_93-539_1PW4:A:	2	0	1	18	0	21	18	22	0	450
NCU00052T0_274-511_1X74:A:2-360	0	12	4	14	1	37	25	27	0	359
NCU00052T0_49-255_1XK7:A:4-405	4	14	4	15	0	37	24	30	0	405
NCU00050T0_31-125_1Y8O:B:128-229	0	8	1	0	0	16	9	6	0	102
NCU00050T0_164-212_1EBD:C:	0	0	1	2	0	5	1	3	0	41
NCU00045T0_434-500_1MM2:A:	2	0	0	0	0	14	8	4	0	60
NCU00042T0_2-36,64-98_2FA8:A:4-89	0	4	1	3	0	8	2	5	0	86
NCU00495T0_54-307,343-371_1X04:A:26-225	0	0	0	6	0	4	2	6	0	200
NCU00495T0_340-452_1WG7:A:	2	7	0	2	0	19	11	3	0	149
NCU00493T0_5-141_1GW5:S:	0	7	0	5	0	11	6	9	0	142
NCU00493T0_270-505_1I31:A:	1	16	2	0	0	27	16	7	0	277
NCU00487T0_25-267_1VE3:A:2-227	0	10	2	7	0	20	9	11	0	226
NCU00144T0_325-357,395-443_1NKP:A:	0	0	1	2	0	5	0	3	0	87
NCU11171T0_26-134_1QVC:A:	0	7	0	1	0	20	11	4	0	145
NCU11170T0_42-101,132-304_1ONF:A:1-153,A:271-376	7	7	1	5	0	21	11	10	1	259
NCU00132T0_5-51,82-121_1X6M:A:	1	11	5	3	0	24	13	10	0	195
NCU11866T0_28-568_1V25:A:	8	24	4	16	0	59	31	33	0	534
NCU08785T0_47-237_1JJF:A:	2	8	1	8	0	27	12	20	0	255
NCU08784T0_67-317_1XKQ:A:	3	7	5	10	0	27	12	14	0	272
NCU08783T0_8-415_1QO7:A:	3	8	5	16	0	44	18	19	0	394
NCU05016T0_57-272_1P3C:A:	4	17	3	5	0	31	9	13	0	215
NCU03376T0_6-314,381-412_2BKA:A:5-236	0	9	4	8	0	20	12	13	0	232
NCU04348T0_68-209_1MKY:A:173-358	2	7	3	5	0	16	12	10	0	186
NCU04345T0_14-157_1TQZ:A:1-133	1	7	0	2	0	22	14	2	0	133
NCU04344T0_25-339_1VB5:A:	3	12	4	9	0	31	10	13	0	274
NCU04339T0_3-314_1RKD:A:	0	14	3	11	0	30	12	16	0	306
NCU04336T0_13-79_2GYC:G:2-72	4	0	0	0	0	11	6	4	0	71
NCU04336T0_76-156_3CJR:B:71-137	0	0	1	3	0	5	5	4	0	67
NCU04335T0_384-613,668-722_1IA8:A:	5	12	5	7	0	36	16	18	0	275
NCU04334T0_9-102_1P3H:A:	2	9	1	0	0	16	5	5	0	99
NCU05041T0_169-209,261-678_1GZ5:A:	6	16	7	18	0	41	25	25	0	456
NCU05041T0_707-978_1U02:A:	2	12	3	8	0	20	15	13	0	238
NCU05039T0_389-564_1FP2:A:109-352	1	9	4	13	0	24	10	15	0	244
NCU05038T0_29-367_1GP6:A:	3	14	6	11	0	40	23	16	0	350
NCU05037T0_8-326_1O5K:A:	0	10	4	12	0	25	12	16	0	305
NCU05033T0_18-62_1FQV:A:107-145	0	0	0	3	0	4	4	4	0	39
NCU05027T0_80-249_1PG6:A:	2	17	2	3	0	23	12	10	0	227
NCU03478T0_16-154,286-371_1JYS:A:	2	10	1	6	0	21	9	12	0	230
NCU00068T0_176-236,304-390,571-679_1NR0:A:2-312	4	27	1	0	0	38	22	20	0	311
NCU00061T0_74-318_1CPM:A:	7	16	5	1	0	28	14	7	0	214
NCU00196T0_230-454_1TX4:A:	0	0	4	12	0	17	9	13	0	196
NCU00195T0_49-483_1PW4:A:	2	0	1	18	0	21	18	22	0	450
NCU00194T0_42-442_2OAT:A:	6	15	3	13	0	35	23	31	0	404
NCU00187T0_5-266_1MUM:A:	3	8	1	13	0	30	19	11	0	289
NCU00185T0_11-109_1JNX:X:1649-1757	4	4	0	5	0	15	7	4	0	109
NCU00183T0_65-262_1ZKD:A:2-366	1	18	4	12	0	33	22	20	0	365
NCU00183T0_372-556_1ZKD:A:2-366	1	18	4	12	0	33	22	20	0	365
NCU00178T0_1-146,225-262_1D6J:A:	0	5	1	6	0	19	12	6	0	203
NCU00177T0_108-318_1GSO:A:104-327	3	9	1	7	0	21	8	11	0	224
NCU00177T0_605-773_1CLI:A:171-345	2	6	3	7	0	19	8	10	0	175
NCU00177T0_436-598_1CLI:A:5-170	0	6	2	5	0	15	7	12	0	166
NCU00177T0_4-107_1GSO:A:2-103	3	6	0	2	0	11	7	5	0	99
NCU00177T0_334-426_1GSO:A:328-426	3	6	0	2	0	11	7	5	0	99
NCU00173T0_3-293_1PV1:A:	4	9	3	10	0	32	19	22	0	299
NCU05064T0_167-212_1X6E:A:8-40	0	2	1	1	0	4	3	1	0	33
NCU05063T0_70-178_1NC5:A:	11	6	5	13	0	40	21	26	0	363
NCU05061T0_337-364_1ZNF:A:	2	0	1	1	0	5	2	1	0	25
NCU05057T0_19-422_1GPI:A:	11	31	3	7	0	54	31	34	0	430
NCU05051T0_19-62_2HAP:C:55-97	0	0	1	2	0	6	3	2	0	43
NCU05050T0_130-340_1PSD:A:108-295	4	7	2	6	0	25	15	12	0	188
NCU05050T0_40-157_1QP8:A:1-82,A:264-302	4	4	1	3	0	20	11	8	1	121
NCU03350T0_721-1354_1FO4:A:695-1332	13	18	6	17	0	71	45	32	0	638
NCU03350T0_230-448_1FO4:A:192-414	2	9	6	8	0	31	15	14	0	223
NCU03350T0_595-722_1FO4:A:537-694	1	9	4	2	0	21	14	11	0	158
NCU03350T0_452-561_1FO4:A:415-531	2	4	0	3	0	9	6	7	0	117
NCU03350T0_123-193_1FO4:A:93-165	0	0	1	4	0	9	6	2	0	73
NCU03350T0_32-116_1FO4:A:3-92	2	5	2	1	0	12	4	10	0	90
NCU03881T0_121-156_2OVR:B:2263-2364	0	0	0	6	0	9	7	5	0	102
NCU03880T0_193-323_1COZ:A:	1	5	2	5	0	12	6	10	0	126
NCU03877T0_313-460,512-939_1EG7:A:	4	25	8	18	0	59	33	37	0	549
NCU03877T0_123-287_1A4I:A:127-296	4	5	1	6	0	22	8	10	0	170
NCU03877T0_2-122_1A4I:A:2-126	1	4	1	4	0	14	5	6	0	125
NCU03875T0_399-664_1Z3I:X:390-735	0	10	6	11	0	41	29	23	0	346
NCU03875T0_172-397_1Z63:A:432-661	0	7	2	11	0	24	16	18	0	230
NCU03875T0_914-1041_1OFC:X:851-978	0	0	1	6	0	9	3	8	0	128
NCU03875T0_754-860_1OFC:X:697-798	0	0	1	4	0	7	1	5	0	102
NCU03875T0_862-912_1OFC:X:799-850	0	0	1	3	0	5	1	5	0	52
NCU03996T0_42-396_2BVW:A:	5	8	4	10	0	44	31	30	0	361
NCU03995T0_35-166_2B5E:A:23-141	0	5	0	4	0	15	7	10	0	119
NCU11265T0_3-111_1X4A:A:9-103	0	6	1	2	0	11	6	3	0	96
NCU03989T0_35-321_1OKC:A:	0	0	6	11	0	19	10	9	0	292
NCU03985T0_2-58,131-321_2F20:A:2-232	5	13	7	8	0	28	8	14	0	231
NCU03979T0_83-404_1R30:A:	5	9	1	11	0	35	25	12	0	312
NCU00219T0_1530-1639_1NPH:A:533-628	2	5	1	3	0	14	6	5	0	96
NCU00219T0_1429-1538_1D0N:A:384-532	0	7	3	3	0	15	11	12	0	149
NCU00219T0_1643-1759_1D0N:A:629-755	0	5	2	5	0	19	8	10	0	127
NCU00218T0_11-174_1KSH:A:	0	6	4	5	0	17	8	14	0	165
NCU00213T0_592-796_1W3B:A:	0	0	0	23	0	35	6	26	0	388
NCU00213T0_129-169,486-578_1FCH:A:	0	0	2	17	0	24	6	19	0	323
NCU00209T0_116-218_1NR0:A:2-312	4	27	1	0	0	38	22	20	0	311
NCU00206T0_252-553,723-789_1KDG:A:215-512,A:694-755	11	11	11	9	0	49	29	28	1	360
NCU00206T0_549-727_1KDG:A:513-693	3	7	5	3	0	25	15	11	0	181
NCU00206T0_27-223_1D7B:A:	5	13	1	1	0	24	10	12	0	185
NCU00206T0_795-829_1AZ6:A:	0	2	0	0	0	7	4	2	0	36
NCU00205T0_1004-1090,1195-1302_1TJC:A:	0	0	0	5	0	8	1	4	0	95
NCU00170T0_291-384,430-513_1A17:A:	0	0	0	7	0	11	3	7	0	159
NCU00170T0_643-761_1XBL:A:	0	0	0	3	0	7	3	6	0	75
NCU00170T0_525-669_1A17:A:	0	0	0	7	0	11	3	7	0	159
NCU00169T0_254-444_2Q0Z:X:33-208	1	0	2	9	0	14	8	11	0	176
NCU00169T0_450-478,534-631_2Q0Z:X:209-322	2	7	1	0	0	12	8	4	0	114
NCU00169T0_105-216_1XBL:A:	0	0	0	3	0	7	3	6	0	75
NCU00168T0_77-269_1K30:A:	2	9	5	14	0	31	12	16	0	367
NCU00161T0_528-660_1CVL:A:	4	11	3	11	0	33	22	25	0	319
NCU00158T0_236-408_1DVK:A:	2	0	3	6	0	12	6	9	0	169
NCU00158T0_169-217_2DK4:A:8-70	0	0	0	2	0	11	7	2	0	63
NCU00152T0_1244-1363_1FGY:A:	0	9	0	1	0	18	12	6	0	127
NCU00148T0_39-323_1YDE:A:4-253	2	7	2	10	0	23	11	14	0	250
NCU00147T0_2-170_1VR3:A:1-179	3	10	1	4	0	24	13	11	0	179
NCU00146T0_22-202_2IC8:A:91-272	0	0	3	8	0	13	9	4	0	182
NCU00443T0_86-226_1K5D:B:	1	6	0	1	0	17	11	3	0	146
NCU00437T0_9-324_1J31:A:	1	16	2	7	0	32	15	15	0	262
NCU00436T0_264-486_1EGA:A:4-182	1	7	0	5	0	17	11	10	0	179
NCU00434T0_154-181,219-300,359-500_1A6Q:A:2-296	3	15	2	7	0	26	16	16	0	295
NCU00432T0_8-126_1WNJ:A:	0	6	0	5	0	17	10	5	0	144
NCU00428T0_546-724,768-877_1W36:D:361-606	4	4	2	9	0	19	18	13	0	246
NCU00428T0_410-625_1SGW:A:	3	9	3	5	0	13	15	12	0	213
NCU00427T0_481-752_2AX3:A:1-211	2	8	1	8	0	23	15	9	0	211
NCU00426T0_66-131,166-341_1Y44:A:1-307	11	14	2	7	0	35	16	14	0	307
NCU00422T0_12-260,331-355_1XGS:A:1-194,A:272-295	7	13	0	4	0	29	8	16	1	218
NCU00422T0_257-331_1XGS:A:195-271	0	3	1	2	0	4	6	4	0	77
NCU00422T1_12-260,331-355_1XGS:A:1-194,A:272-295	7	13	0	4	0	29	8	16	1	218
NCU00422T1_257-331_1XGS:A:195-271	0	3	1	2	0	4	6	4	0	77
NCU01486T0_91-165,231-476_1K32:A:320-679	4	31	5	1	0	46	27	17	0	360
NCU01474T0_91-318_1DMG:A:	0	6	0	7	0	18	9	7	0	225
NCU01473T0_213-403_1BEH:A:	5	9	3	2	0	27	19	14	0	184
NCU01472T0_110-306,346-370_1TX4:A:	0	0	4	12	0	17	9	13	0	196
NCU01471T0_84-250_2OOX:E:3-181	5	5	2	7	0	16	11	8	0	179
NCU01471T0_251-394_2NYC:A:181-320	8	5	2	5	0	14	9	7	0	140
NCU01468T0_125-438_1VB5:A:	3	12	4	9	0	31	10	13	0	274
NCU00477T0_148-550_1WPX:A:1-421	5	13	3	17	0	47	29	31	0	421
NCU00476T0_10-95_1P9Q:C:2-86	1	5	0	4	0	8	3	4	0	85
NCU00476T0_90-142,186-206_1T95:A:87-161	2	2	0	4	0	4	3	5	0	75
NCU00473T0_71-352_2PLC:A:	5	13	4	8	0	26	18	17	0	274
NCU00472T0_242-459_1US7:B:	0	0	2	9	0	13	7	10	0	201
NCU00469T0_4-364_1A12:A:	5	30	5	1	0	58	38	27	0	401
NCU00465T0_10-116_1XBL:A:	0	0	0	3	0	7	3	6	0	75
NCU00465T0_271-351_1C3G:A:260-349	4	6	0	2	0	16	7	6	0	90
NCU00465T0_151-224_1NLT:A:139-212	2	4	0	0	0	10	9	6	0	74
NCU00465T0_120-145,198-278_1NLT:A:110-138,A:213-257	2	5	0	1	0	12	2	5	1	74
NCU11884T0_73-182_1WI8:A:	2	6	1	2	0	13	8	4	0	103
NCU00456T0_18-146_2H8A:A:9-147	0	0	1	7	0	6	5	7	0	139
NCU00455T0_67-131_2F3N:A:2-65	0	0	3	4	0	6	0	4	0	64
NCU00455T0_376-449_1EF5:A:	1	4	0	1	0	12	7	3	0	88
NCU00451T0_104-373_2I6G:A:1-198	3	7	1	6	0	17	8	11	0	198
NCU00447T0_186-601_1FC4:A:	4	15	0	16	0	43	22	25	0	400
NCU03407T0_26-196_1MH1:A:	0	6	2	7	0	17	11	12	0	183
NCU04533T0_9-73_1HDF:A:	0	9	4	0	0	14	7	6	0	100
NCU04532T0_93-194,238-359,425-452,480-518_2NXF:A:3-322	4	15	4	8	0	43	22	24	0	320
NCU04526T0_34-238_1YZF:A:1-195	6	5	4	7	0	20	8	11	0	195
NCU04523T0_239-333_1AIS:B:1206-1300	0	0	1	5	0	7	1	6	0	95
NCU04523T0_142-226_1AIS:B:1108-1205	0	0	0	5	0	7	1	6	0	98
NCU04521T0_86-142,200-225_1BUO:A:	0	3	1	6	0	11	5	4	0	121
NCU11756T0_42-114_1JHF:A:73-198	1	9	3	0	0	16	8	10	0	126
NCU04513T0_3-153_1QCQ:A:	5	4	1	4	0	17	8	11	0	148
NCU04511T0_230-351,570-622_2C2L:A:24-224	0	0	1	10	0	12	7	11	0	201
NCU04509T0_49-212_1FIT:A:	0	7	3	2	0	15	9	6	0	146
NCU04507T0_18-285_1YRB:A:1-244	0	7	3	11	0	22	15	9	0	245
NCU00030T0_73-321_2O3B:A:35-274	6	8	7	5	0	29	18	15	0	240
NCU00028T0_8-171_1KOL:A:2-160,A:356-397	6	11	2	6	0	34	16	13	1	201
NCU00028T0_151-324_1VJ0:A:156-337	2	7	1	9	0	17	10	10	0	182
NCU00025T0_131-209_1S7B:A:	0	0	0	4	0	10	7	3	0	109
NCU00023T0_435-587_2PIA:A:104-223	0	5	2	4	0	13	9	8	0	120
NCU00019T0_329-421_1JXS:A:	0	3	0	4	0	10	8	5	0	98
NCU00019T0_111-215_1MZK:A:	0	11	0	0	0	17	11	9	0	138
NCU04496T0_21-151_2B3I:A:	0	9	0	1	0	18	9	4	0	97
NCU04494T0_138-315_2D81:A:21-338	4	12	4	9	0	34	21	20	0	318
NCU04494T0_5-186_1QFM:A:431-710	0	8	7	8	0	25	16	19	0	280
NCU04483T0_21-355_1FTA:A:	7	13	6	8	0	30	13	17	0	327
NCU04481T0_167-316_1L7V:C:	7	9	2	9	0	28	16	12	0	231
NCU04479T0_108-391_1RTQ:A:	0	9	4	8	0	27	18	18	0	291
NCU04475T0_102-302_1TCA:A:	9	9	5	13	0	36	18	26	0	317
NCU04474T0_90-341_1SOX:A:94-343	1	13	5	6	0	31	18	16	0	250
NCU04474T0_346-465_1SOX:A:344-466	3	9	1	0	0	21	10	7	0	123
NCU04470T0_53-238_1XX7:A:	2	0	3	11	0	13	6	7	0	183
NCU04466T0_50-177_2PQ7:A:1-217	0	0	2	10	0	9	5	7	0	217
NCU05113T0_179-361_1GW0:A:163-343	7	11	0	1	0	26	14	10	0	181
NCU05113T0_381-585_1GW0:A:344-559	3	11	3	5	0	27	15	11	0	216
NCU05113T0_27-179_1GW0:A:1-162	5	10	2	0	0	20	10	14	0	162
NCU06508T0_159-437_1EI6:A:	8	19	7	15	0	50	30	24	0	406
NCU06504T0_90-290_1GBG:A:	7	16	2	1	0	25	12	12	0	214
NCU06503T0_36-86_2EPS:A:408-446	0	2	0	1	0	5	5	1	0	39
NCU06489T0_97-434_1P22:A:253-545	0	28	0	1	0	35	23	13	0	293
NCU06484T0_653-919_1E32:A:201-458	3	5	4	12	0	28	13	14	0	258
NCU06484T0_986-1139_1OZ4:A:471-763	2	0	3	7	0	31	24	19	0	292
NCU06483T0_269-555_2OVR:B:2365-2706	0	32	2	1	0	36	24	21	0	342
NCU06483T0_121-205,235-247_2OVR:B:2263-2364	0	0	0	6	0	9	7	5	0	102
NCU06482T0_77-397_1NI4:A:	2	12	3	11	0	37	24	21	0	364
NCU06481T0_253-514_1X9N:A:262-533	2	0	4	13	0	28	14	13	0	272
NCU06481T0_516-753_1X9N:A:534-753	5	11	2	6	0	25	17	14	0	220
NCU06481T0_755-906_1X9N:A:754-901	3	10	1	2	0	17	13	7	0	148
NCU01784T0_77-161,210-424_1DJ0:A:	0	10	4	5	0	30	16	16	0	264
NCU01782T0_566-734,796-1079_1NVU:S:	2	4	4	21	0	35	21	23	0	481
NCU01782T0_286-474_2ERX:A:6-176	2	7	1	6	0	19	9	8	0	171
NCU00122T0_55-138,293-525_1Y7E:A:4-100,A:234-458	6	15	2	8	0	35	14	14	1	322
NCU00122T0_139-230,262-293_1Y7E:A:101-233	2	6	1	1	0	13	6	5	0	133
NCU00106T0_20-260_2AKO:A:2-251	6	8	3	9	0	26	12	9	0	250
NCU00106T0_346-449_2CX1:A:91-183	0	6	1	3	0	7	4	5	0	93
NCU00102T0_5-60,88-101,129-164,222-347_1RIF:A:	0	15	5	10	0	30	15	19	0	282
NCU00095T0_332-416,567-649,745-909_1KT1:A:254-421	0	0	1	7	0	12	3	7	0	168
NCU00095T0_154-370_1W3B:A:	0	0	0	23	0	35	6	26	0	388
NCU00095T0_429-591_1OUV:A:	0	0	0	15	0	18	7	15	0	272
NCU00088T0_20-301_1VJR:A:	1	15	3	10	0	29	18	14	0	270
NCU00087T0_6-255_1PBT:A:	4	10	3	7	0	24	17	12	0	220
NCU00419T0_48-147_1I50:K:	0	4	1	2	0	12	7	9	0	114
NCU00415T0_38-538_1YA0:A:1-497	3	2	6	21	0	32	18	18	0	497
NCU00414T0_112-447_1BX4:A:	0	14	5	12	0	30	15	16	0	342
NCU00407T0_231-457_1CM8:A:	4	12	4	11	0	37	21	16	0	346
NCU00406T0_541-816_1F3M:C:	1	10	4	11	0	33	20	20	0	294
NCU00406T0_88-191_1V89:A:	0	7	0	1	0	15	12	2	0	117
NCU00401T0_97-321_1T43:A:	2	9	3	11	0	29	18	14	0	274
NCU00397T0_5-227_1YZF:A:1-195	6	5	4	7	0	20	8	11	0	195
NCU00392T0_204-268_1HLV:A:67-131	0	0	1	3	0	4	0	4	0	63
NCU00392T0_138-192_1HLV:A:1-66	0	0	1	4	0	6	2	4	0	66
NCU00369T0_1-222_1JJV:A:	0	5	1	9	0	20	8	8	0	205
NCU06469T0_105-175_1CTF:A:	0	3	1	3	0	7	1	2	0	68
NCU06469T0_43-95_1DD3:A:1-57	0	0	0	3	0	3	2	2	0	57
NCU06460T0_2-59,90-411,463-523_1RPA:A:	3	6	4	14	0	35	19	18	0	342
NCU06459T0_201-352_1X4G:A:8-103	0	6	0	3	0	12	8	3	0	96
NCU06459T0_426-572_2CPD:A:223-308	0	5	0	2	0	8	7	4	0	86
NCU06457T0_259-575_1B8A:A:104-438	6	13	4	11	0	30	23	16	0	335
NCU06457T0_140-238_1N9W:A:1-93	1	5	1	0	0	9	6	5	0	93
NCU06452T0_29-360_1VE1:A:1-302	4	9	5	9	0	33	16	21	0	302
NCU06450T0_116-226_2J01:T:1-138	7	3	1	3	0	20	12	4	0	138
NCU06448T0_39-296_2DUB:A:	2	10	4	11	0	25	14	14	0	259
NCU06441T0_105-299_1E8G:A:6-273	6	11	6	4	0	35	19	17	0	268
NCU06441T0_272-550_1W1O:A:246-534	3	8	4	10	0	26	15	10	0	289
NCU06440T0_3-237_1RYP:D:	5	10	0	7	0	24	17	14	0	241
NCU06439T0_2-72_2DKT:A:8-81	2	4	0	1	0	10	11	2	0	74
NCU06438T0_313-541_2FWR:A:23-256	3	12	5	9	0	19	16	14	0	234
NCU06438T0_479-549,582-754_2FWR:A:257-456	7	4	0	8	0	27	20	8	0	200
NCU06429T0_308-538_1BKR:A:	0	0	3	5	0	10	3	5	0	108
NCU06429T0_558-680_1HCI:A:272-396	0	0	1	7	0	3	3	8	0	123
NCU06429T0_781-933_1MXE:A:	0	4	0	8	0	14	5	6	0	144
NCU06429T0_682-788_1HCI:A:633-746	0	0	0	3	0	6	5	5	0	114
NCU06428T0_29-49,202-369,456-607,854-876_1SZW:A:	6	14	7	8	0	36	21	14	0	341
NCU06422T0_35-329_1A06:A:	4	8	4	10	0	29	20	14	0	307
NCU06417T0_7-388_2HBV:A:3-333	5	12	6	13	0	33	18	26	0	331
NCU06416T0_11-333_1W9Y:A:2-308	1	12	5	7	0	27	12	12	0	307
NCU06415T0_29-93_1XBL:A:	0	0	0	3	0	7	3	6	0	75
NCU07226T0_315-449,486-575_1OZ4:A:471-763	2	0	3	7	0	31	24	19	0	292
NCU07221T0_650-770_1OXB:B:	0	5	0	5	0	13	11	4	0	124
NCU07221T0_433-602_2C2A:A:321-481	0	7	2	3	0	13	4	10	0	161
NCU07221T0_260-369_1DP6:A:	3	5	1	4	0	10	6	6	0	116
NCU07221T0_368-445_2C2A:A:232-320	0	0	1	3	0	3	0	4	0	89
NCU07194T0_13-134,260-343_1DXL:A:153-275	2	8	0	3	0	14	12	4	0	123
NCU04443T0_119-290_1QOR:A:113-291	2	6	1	8	0	15	10	12	0	179
NCU04443T0_8-162_1QOR:A:2-112,A:292-327	4	9	4	2	0	19	11	6	1	147
NCU04442T0_5-356_1Z45:A:11-357	2	11	2	11	0	33	21	15	0	347
NCU04431T0_18-284_1AJO:A:	5	16	3	1	0	26	14	11	0	212
NCU04430T0_41-90,222-460_1QQ9:A:	4	8	1	9	0	26	19	18	0	277
NCU04430T0_113-252_1DE4:C:190-382	5	12	2	3	0	32	18	14	0	193
NCU04421T0_99-135,163-469_1I4A:A:	0	0	0	19	0	23	16	5	0	309
NCU04418T0_48-244_1PV7:A:	0	0	2	22	0	18	12	14	0	417
NCU04418T0_261-533_1PV7:A:	0	0	2	22	0	18	12	14	0	417
NCU04414T0_202-451_2CE7:A:150-402	2	5	6	9	0	24	12	16	0	253
NCU04412T0_73-152,203-325_1ZAV:A:1-177	0	5	2	6	0	12	5	9	0	177
NCU04411T0_117-433_1V8G:A:66-329	3	7	5	11	0	22	10	13	0	264
NCU04411T0_34-76_1BRW:A:1-70	0	0	0	4	0	5	2	3	0	70
NCU04410T0_427-556_1SHK:A:	0	5	1	7	0	12	6	5	0	173
NCU04409T0_12-104_1IHB:A:	0	0	0	10	0	20	7	16	0	156
NCU04407T0_179-413_1NV8:A:	2	9	3	10	0	29	15	20	0	271
NCU04404T0_20-479,558-579_1GW5:B:	0	0	4	32	0	42	43	37	0	579
NCU04401T0_8-288_1GVF:A:	2	8	0	11	0	29	12	12	0	284
NCU04400T0_13-345_1UN8:A:1-335	9	12	3	8	0	38	23	19	0	335
NCU04400T0_376-593_1UN8:A:336-550	2	1	1	9	0	15	8	9	0	215
NCU04398T0_4-302_1NVT:A:111-287	0	6	0	7	0	21	11	9	0	177
NCU04396T0_221-427_1DKG:D:186-383	1	6	1	6	0	13	10	7	0	198
NCU04396T0_19-212_1DKG:D:3-185	4	12	2	5	0	21	12	11	0	183
NCU04390T0_53-96_1D66:A:8-48	0	0	0	2	0	4	1	2	0	41
NCU04385T0_6-502_1ACO:A:2-528	11	21	6	16	0	60	33	33	0	527
NCU04385T0_539-736_1V7L:A:	4	8	0	7	0	21	10	13	0	162
NCU04382T0_359-512_1F13:A:191-515	8	13	1	9	0	38	18	23	0	325
NCU04380T0_60-87,116-385,426-702_1LCI:A:	7	27	4	15	0	64	28	38	0	541
NCU04379T0_1-188_1G8I:A:	2	4	1	10	0	17	9	7	0	187
NCU03972T0_379-463_1IN4:A:255-329	1	2	0	5	0	6	3	7	0	75
NCU03971T0_187-346,436-552_1RI5:A:	1	10	1	9	0	22	15	13	0	252
NCU03968T0_292-345_1JM7:A:	2	0	1	3	0	11	9	5	0	103
NCU03963T0_13-260_1V4N:A:	4	11	2	6	0	34	18	12	0	280
NCU03961T0_41-354_1GOT:B:	1	28	0	2	0	36	22	23	0	339
NCU03957T0_79-226_1ZPY:A:4-94	0	0	1	3	0	8	4	2	0	91
NCU03956T0_251-387_2BZE:A:345-476	2	5	1	5	0	11	6	4	0	132
NCU03944T0_49-260,312-432_1PGU:A:2-326	3	28	2	0	0	35	19	22	0	325
NCU03944T0_231-398,437-615_1KB0:A:1-573	5	40	7	6	0	73	38	39	0	573
NCU03935T0_155-346_1EBF:A:151-340	1	5	3	7	0	18	12	11	0	190
NCU03935T0_5-177_1EBF:A:2-150,A:341-359	2	6	2	7	0	22	11	8	1	168
NCU03893T0_115-363_1VL8:A:	2	7	6	9	0	25	10	14	0	251
NCU03890T0_16-129_1DCQ:A:247-368	2	3	1	5	0	15	8	9	0	122
NCU03889T0_5-66_1GL2:D:	0	0	0	1	0	2	0	0	0	64
NCU03888T0_353-412_1OOT:A:	3	5	1	0	0	9	4	4	0	58
NCU03887T0_38-189_1G4M:A:5-175	1	10	2	2	0	21	12	8	0	171
NCU03886T0_300-417_1V89:A:	0	7	0	1	0	15	12	2	0	117
NCU04078T0_77-471_1RRM:A:	3	10	9	14	0	32	17	17	0	385
NCU04077T0_641-868_1DDG:A:226-446	5	10	1	7	0	27	14	13	0	221
NCU04077T0_870-1030_1DDG:A:447-599	0	5	1	7	0	14	6	10	0	153
NCU04077T0_394-629_1B0P:A:416-668	2	6	4	9	0	29	21	11	0	253
NCU04077T0_246-406_1B0P:A:259-415	1	7	1	4	0	20	14	8	0	157
NCU04072T0_5-290_1DMH:A:	5	16	0	7	0	41	16	24	0	309
NCU04061T0_50-179_2P8I:A:1-115	1	5	3	3	0	14	6	3	0	116
NCU04051T0_508-725_1MT0:A:	2	10	3	10	0	20	20	20	0	241
NCU04051T0_201-435_1B0U:A:	0	12	1	10	0	24	16	14	0	261
NCU04048T0_157-294,329-649_2AMX:A:20-376	2	8	5	19	0	34	15	18	0	357
NCU04043T0_34-195_1V3W:A:	4	20	0	1	0	34	5	15	0	173
NCU04040T0_20-63,113-259_1EJ0:A:	0	7	0	5	0	17	8	9	0	180
NCU04039T0_26-164_2GE3:A:6-169	0	7	2	4	0	13	5	8	0	164
NCU04037T0_59-425_1S4N:A:	1	12	10	14	0	38	22	21	0	339
NCU04032T0_9-54_2VRD:A:1-61	0	2	0	3	0	7	6	4	0	61
NCU04029T0_24-434_2F9F:A:2-167	2	6	1	7	0	19	11	10	0	166
NCU00364T0_6-155,189-320_1VA4:A:	4	8	3	10	0	25	15	19	0	271
NCU00363T0_60-376_2FLU:X:325-609	14	28	0	0	0	37	15	14	0	285
NCU00360T0_6-88,139-268_1UDB:A:	3	13	1	11	0	38	21	15	0	338
NCU00352T0_242-333,481-607,1052-1282_1SU4:A:1-124,A:240-343,A:751-994	1	1	8	18	0	32	20	22	2	472
NCU00352T0_601-625,805-913,966-1047_1SU4:A:344-360,A:600-750	3	8	1	8	0	16	12	11	1	168
NCU00352T0_620-825_1MO7:A:	2	9	0	5	0	32	19	9	0	213
NCU00352T0_331-400,439-480_1SU4:A:125-239	2	9	3	0	0	21	10	7	0	115
NCU00350T0_15-363_1EK1:A:226-544	1	8	6	12	0	34	28	21	0	319
NCU00345T0_80-266,306-424,612-781,877-952_1QBK:B:	0	0	17	47	0	50	54	64	0	888
NCU00337T0_232-323,407-471_1Y6I:A:1-82	0	0	0	5	0	8	5	4	0	82
NCU00334T0_4-170,204-218_2NN6:A:1-184	5	6	0	5	0	23	12	12	0	184
NCU00334T0_187-294_2NN6:A:185-302	1	5	0	3	0	10	7	3	0	118
NCU00333T0_14-207_1ZJ6:A:2-178	2	7	3	6	0	16	9	14	0	177
NCU00326T0_6-298_2GHS:A:20-314	5	25	1	1	0	33	15	22	0	295
NCU00316T0_10-300_1OKC:A:	0	0	6	11	0	19	10	9	0	292
NCU00310T0_171-358,490-559,970-1020_1FCH:A:	0	0	2	17	0	24	6	19	0	323
NCU00308T0_143-266,299-381,452-523_2B9E:A:133-425	1	13	5	9	0	30	15	22	0	293
NCU00306T0_66-507_1PW4:A:	2	0	1	18	0	21	18	22	0	450
NCU00305T0_13-211_1FMC:A:	2	7	3	9	0	25	11	15	0	255
NCU00304T0_110-383_1P91:A:	4	11	1	8	0	29	16	19	0	268
NCU00303T0_96-172_2D9I:A:8-90	0	4	1	2	0	11	4	6	0	83
NCU00299T0_6-261_1HNU:A:	3	9	2	11	0	23	8	13	0	263
NCU00298T0_50-249,284-504_1PW4:A:	2	0	1	18	0	21	18	22	0	450
NCU00296T0_136-199,262-358_1ML9:A:	5	15	6	5	0	45	22	13	0	284
NCU00292T0_185-657_1F8U:A:	1	20	7	18	0	63	39	31	0	539
NCU00289T0_52-95_1ZME:C:31-66	0	0	0	2	0	4	1	2	0	36
NCU10557T0_421-551_1KWP:A:	4	11	3	10	0	32	22	15	0	340
NCU00281T0_273-711_1IIR:A:	0	13	4	14	0	38	21	15	0	401
NCU00275T0_342-395_1FBV:A:356-434	2	2	0	2	0	11	6	5	0	79
NCU00264T0_80-162_1V9J:A:	0	3	1	4	0	13	10	2	0	112
NCU00263T0_132-368,486-596_1CSE:E:	6	10	0	9	0	36	18	23	0	274
NCU00263T0_355-426_1DE4:C:190-382	5	12	2	3	0	32	18	14	0	193
NCU00262T0_179-347_1WL8:A:1-188	0	11	1	5	0	24	17	15	0	188
NCU11179T0_25-176_1Q1N:A:1-152,A:321-360	3	12	3	4	0	28	9	12	1	192
NCU11179T0_153-320_1Q1N:A:153-320	0	6	5	5	0	19	11	12	0	168
NCU00252T0_58-142,244-392_2BNH:A:	5	17	2	16	0	59	26	25	0	456
NCU00251T0_78-240,274-457_1ZIV:A:28-337	7	10	6	9	0	38	25	18	0	310
NCU00249T0_55-463_1J71:A:	2	26	4	3	0	34	19	20	0	334
NCU00244T0_9-131,172-284_1LL2:A:	1	11	7	10	0	24	19	16	0	263
NCU00242T0_12-121_1KMD:A:	0	3	0	5	0	14	7	4	0	117
NCU00242T0_320-387_1GL2:D:	0	0	0	1	0	2	0	0	0	64
NCU00239T0_1022-1406,1443-1647_1MDB:A:	4	27	3	18	0	60	32	36	0	536
NCU00239T0_286-496,529-598,745-875_1AMU:A:	4	26	5	15	0	55	36	34	0	514
NCU00236T0_127-334_1EJE:A:	2	14	2	5	0	21	6	13	0	192
NCU09532T0_18-319_1XKY:A:1-292	2	8	2	12	0	25	18	17	0	292
NCU04904T0_102-369_2I6G:A:1-198	3	7	1	6	0	17	8	11	0	198
NCU09642T0_664-792_1VC1:A:	2	5	1	3	0	8	6	6	0	110
NCU09430T0_88-366_1K6X:A:	2	13	3	12	0	37	26	20	0	350
NCU10073T0_2-161_1HQZ:1:	0	5	1	4	0	17	10	10	0	139
NCU10073T0_650-722_1JO8:A:	3	5	1	0	0	9	3	3	0	58
NCU10073T0_742-803_1JO8:A:	3	5	1	0	0	9	3	3	0	58
NCU08578T0_14-393_1ZHX:A:2-434	5	19	10	9	0	46	21	29	0	433
NCU10066T0_8-174,207-325_1VYH:C:92-408	0	28	1	0	0	39	25	14	0	317
NCU10066T0_256-494_1QFM:A:1-430	1	31	5	2	0	53	25	25	0	430
NCU05989T0_63-141_1L0L:H:	0	0	1	4	0	4	5	2	0	78
NCU07814T0_69-297,343-449_2G8L:A:1-284	4	7	1	12	0	25	15	15	0	284
NCU10061T0_6-254_1IRU:A:	4	10	1	6	0	19	14	11	0	244
NCU09999T0_65-113_1CQU:A:	0	3	0	2	1	7	5	4	0	56
NCU09533T0_8-193_1YDW:A:6-133,A:305-360	0	7	2	7	0	18	5	9	1	184
NCU09838T0_46-200,227-259,353-424_1VA4:A:	4	8	3	10	0	25	15	19	0	271
NCU10053T0_24-230,259-368_1CI7:A:	3	9	4	8	0	31	18	17	0	295
NCU04626T0_13-212,318-394_1F88:A:	0	4	2	13	0	20	19	16	0	348
NCU04886T0_102-298,367-603_1PW4:A:	2	0	1	18	0	21	18	22	0	450
NCU04885T0_567-890_2F2H:A:248-585	10	10	5	9	0	36	16	18	0	338
NCU04885T0_895-981_2F2H:A:586-665	0	8	1	1	0	13	7	5	0	80
NCU04884T0_73-329,369-384_1JJI:A:	0	8	5	11	0	21	17	19	0	311
NCU10046T0_5-134_1YH6:A:23-174	3	4	0	7	0	16	8	9	0	152
NCU10045T0_26-301_1GQ8:A:	3	24	6	3	0	47	33	20	0	318
NCU10044T0_124-425_1QTW:A:	4	9	5	9	0	34	16	15	0	285
NCU10038T0_75-429_1T8Q:A:	13	13	4	12	0	43	24	27	0	328
NCU06870T0_70-505_1FC4:A:	4	15	0	16	0	43	22	25	0	400
NCU09429T0_217-332,367-459_1W4X:A:10-154,A:390-542	6	10	5	9	0	33	21	19	1	298
NCU09429T0_422-469,549-610_1Q1R:A:2-114,A:248-319	4	13	3	4	0	23	16	10	1	185
NCU09427T0_11-199,353-423_1F88:A:	0	4	2	13	0	20	19	16	0	348
NCU07365T0_34-266_1RYP:2:	1	13	2	4	0	19	8	12	0	233
NCU07362T0_128-493_1LTD:A:98-511	2	13	7	14	0	44	26	19	0	414
NCU07362T0_3-85_1KBI:A:1-97	4	4	3	4	0	14	7	8	0	97
NCU06935T0_1150-1304_2NRJ:A:2-341	0	3	6	8	0	16	7	12	0	339
NCU06934T0_288-404,437-594_1I6W:A:	3	6	5	5	0	21	9	11	0	179
NCU06933T0_6-162_1DGW:A:	0	13	3	2	0	17	11	11	0	178
NCU04986T0_325-605_1NR0:A:313-611	0	28	1	0	0	35	26	23	0	299
NCU09904T0_129-187,226-462_1UPS:A:19-284	7	16	2	1	0	36	22	17	0	266
NCU09903T0_461-662_1VPL:A:	2	10	2	9	0	18	9	15	0	238
NCU09903T0_709-805,903-1022_1PF4:A:321-564	3	9	2	6	0	30	21	8	0	243
NCU09903T0_56-366_1B3U:A:	0	0	8	44	0	40	26	36	0	588
NCU09903T0_833-899_2DNV:A:7-58	0	3	0	1	0	5	3	1	0	51
NCU09901T0_99-219_2CQB:A:1-89	0	5	0	2	0	9	8	3	0	89
NCU10031T0_26-314_1JS8:A:2503-2791	6	6	6	9	0	29	19	22	0	289
NCU10027T0_76-350_2FLU:X:325-609	14	28	0	0	0	37	15	14	0	285
NCU06860T0_146-597_1PV7:A:	0	0	2	22	0	18	12	14	0	417
NCU09117T0_59-247_1GBG:A:	7	16	2	1	0	25	12	12	0	214
NCU09116T0_86-134,161-556_1X0M:A:26-428	2	14	5	14	0	43	21	17	0	403
NCU09115T0_73-530_1TQN:A:	5	9	7	18	0	43	20	30	0	472
NCU09450T0_461-817_1U6G:C:	0	2	14	60	0	74	56	65	0	1207
NCU09449T0_738-1058_1D8I:A:	1	12	4	5	0	26	16	5	0	301
NCU09845T0_2-230_1XKL:A:	1	8	4	10	0	28	15	17	0	258
NCU09843T0_68-346_1GOT:B:	1	28	0	2	0	36	22	23	0	339
NCU09841T0_2-154_1D1Q:A:	3	4	3	4	0	17	9	7	0	159
NCU06945T0_6-260_1QYD:A:	3	13	2	13	0	35	25	21	0	312
NCU06943T0_170-418_2OZB:B:85-333	0	0	3	11	0	15	11	14	0	249
NCU06942T0_134-436_1E32:A:201-458	3	5	4	12	0	28	13	14	0	258
NCU06942T0_1-91_2CPT:A:8-111	0	0	0	3	0	7	6	2	0	104
NCU06941T0_8-112_1FXK:A:	0	2	0	2	0	5	1	3	0	107
NCU09529T0_34-69_2HAP:C:55-97	0	0	1	2	0	6	3	2	0	43
NCU10021T0_22-517_1PV7:A:	0	0	2	22	0	18	12	14	0	417
NCU10016T0_41-248_1JQI:A:4-234	3	8	4	7	0	17	12	12	0	231
NCU10016T0_262-452_1BUC:A:233-383	1	2	3	5	0	4	4	6	0	151
NCU10009T0_848-1077_3DHW:C:1-240	3	10	1	7	0	21	17	12	0	240
NCU10009T0_166-407_1V43:A:7-245	1	10	2	8	0	20	13	15	0	239
NCU06869T0_1-457,592-625,698-798_2I7X:A:1-422,A:626-717	3	23	6	14	0	62	37	26	1	514
NCU06868T0_53-113,231-318,665-761_1M2V:B:61-215,B:553-646	5	10	2	3	0	17	17	8	1	249
NCU06868T0_408-663_1M2V:B:301-552	1	9	0	8	0	19	17	12	0	252
NCU06868T0_870-1023_1M2V:B:754-926	1	4	1	3	0	19	8	8	0	173
NCU06868T0_322-406_1M2V:B:216-300	2	5	3	1	0	15	7	6	0	85
NCU06868T0_762-869_1M2V:B:647-753	0	1	1	5	0	7	7	5	0	107
NCU06866T0_89-488_1B8A:A:104-438	6	13	4	11	0	30	23	16	0	335
NCU06866T0_11-96_1N9W:A:1-93	1	5	1	0	0	9	6	5	0	93
NCU07794T0_79-180_1AYF:A:	2	5	2	3	0	14	4	10	0	103
NCU09976T0_31-257_1DEO:A:	4	7	4	7	0	25	12	13	0	233
NCU09973T0_15-61_2DRP:A:103-139	0	3	0	1	0	4	2	2	0	37
NCU09456T0_15-276_2GVC:A:3-180,A:288-444	5	14	3	8	0	38	25	20	1	335
NCU09456T0_319-464_2GVC:A:3-180,A:288-444	5	14	3	8	0	38	25	20	1	335
NCU09455T0_16-186_3B8L:A:1-144	0	7	2	3	0	9	4	5	0	144
NCU05908T0_183-348_1EB6:A:	3	4	1	8	0	19	12	10	0	177
NCU10004T0_51-199,252-367,451-518_1HOW:A:	5	10	4	11	0	39	18	24	0	362
NCU05931T0_107-335,385-412,459-475,511-591_2DRW:A:2-363	8	15	6	11	0	39	22	30	0	362
NCU07360T0_224-303_1FPO:A:77-171	0	0	0	3	0	7	2	4	0	95
NCU07360T0_131-205_1FPO:A:1-76	0	0	1	4	0	5	3	4	0	76
NCU07359T0_358-502_1FQV:A:146-431	8	13	3	8	0	55	21	24	0	286
NCU09291T0_85-189_1JR8:A:	0	0	0	5	0	7	5	4	0	105
NCU09290T0_23-215_1RYP:H:	3	12	1	5	0	15	6	11	0	205
NCU09287T0_106-567_1PW4:A:	2	0	1	18	0	21	18	22	0	450
NCU09285T0_144-318_1RJW:A:138-305	0	7	1	8	0	16	10	9	0	168
NCU09285T0_13-173_1LLU:A:2-143,A:310-342	5	11	2	3	0	26	13	11	1	175
NCU09018T0_17-364_2AFW:A:33-361	6	6	3	10	0	32	24	20	0	329
NCU09013T0_1-144_1XBF:A:	0	8	0	3	0	16	11	5	0	139
NCU09012T0_1305-1549_2HYD:A:324-578	2	10	5	9	0	25	21	16	0	255
NCU09012T0_990-1295_1PF4:A:10-320	0	0	9	16	0	12	11	14	0	310
NCU09012T0_639-866_1XMI:A:	0	11	2	11	1	27	20	15	0	290
NCU09012T0_302-625_2HYD:A:1-323	0	0	1	15	1	9	5	12	0	323
NCU09425T0_288-789_1V7W:A:271-801	11	25	6	16	0	58	33	35	0	531
NCU09425T0_8-282_1V7W:A:1-270	9	18	0	4	0	30	21	18	0	270
NCU09424T0_59-372_1K5C:A:	1	29	3	0	0	49	30	12	0	333
NCU09424T0_429-547_1BWU:D:	2	11	0	0	0	18	8	6	0	109
NCU09423T0_51-167_1FAZ:A:	0	0	1	5	0	7	2	9	0	122
NCU09420T0_54-103,152-214_1GME:A:	1	8	5	2	0	17	6	7	0	150
NCU09419T0_60-553_1BU7:A:	0	12	10	16	0	39	22	21	0	455
NCU09416T0_122-327,359-386_1ES9:A:	2	5	2	8	0	21	13	11	0	212
NCU09416T0_22-56_1AZ6:A:	0	2	0	0	0	7	4	2	0	36
NCU09639T0_83-209_1L5A:A:1-174	1	6	2	5	0	15	9	11	0	174
NCU09638T0_7-383,414-435_1DD8:A:254-406	3	7	2	4	0	19	8	6	0	153
NCU09638T0_570-700,765-877_1MLA:A:3-127,A:198-307	2	5	1	12	0	22	14	13	1	235
NCU09638T0_2215-2411_2FR1:A:1657-1915	2	9	2	10	0	25	12	17	0	259
NCU09638T0_1448-1624_1TW3:A:99-351	2	7	3	12	0	24	12	15	0	253
NCU09638T0_1984-2153_1PQW:A:	0	7	2	7	0	15	7	13	0	183
NCU09638T0_1896-2011_1QOR:A:2-112,A:292-327	4	9	4	2	0	19	11	6	1	147
NCU09638T0_699-761_1MLA:A:128-197	0	4	0	2	0	6	5	4	0	70
NCU09638T0_2549-2616_2PNG:A:1-76	0	0	1	5	0	12	9	8	0	89
NCU09637T0_166-410_1KYW:A:120-362	2	7	1	11	0	24	14	14	0	243
NCU09637T0_76-162_2CFX:A:1-63	0	1	1	3	0	6	2	4	0	63
NCU09636T0_56-235,276-584_1TQN:A:	5	9	7	18	0	43	20	30	0	472
NCU09635T0_58-244_1DIQ:A:7-242	4	11	2	6	0	33	17	19	0	236
NCU07411T0_88-146,181-271,342-400,438-528_2P6R:A:203-403	2	10	1	7	0	20	15	11	0	201
NCU07411T0_692-854_2P6R:A:489-686	0	0	2	12	0	12	7	14	0	198
NCU07410T0_157-211_1R29:A:	0	3	0	6	0	11	5	9	0	122
NCU07409T0_143-215,304-404_2OVR:B:2365-2706	0	32	2	1	0	36	24	21	0	342
NCU07742T0_83-225,318-442_1U0T:A:	0	20	3	5	0	30	14	14	0	302
NCU07741T0_145-262_1K30:A:	2	9	5	14	0	31	12	16	0	367
NCU07740T0_63-523_1PV7:A:	0	0	2	22	0	18	12	14	0	417
NCU07738T0_5-253_1US5:A:	3	10	2	12	0	29	18	20	0	298
NCU07737T0_10-181,298-381_3C96:A:4-182,A:294-402	1	13	1	8	0	26	14	13	1	288
NCU07737T0_194-301_3C96:A:183-293	3	5	0	4	0	12	4	7	0	111
NCU07736T0_41-242,305-476,538-567_1PV7:A:	0	0	2	22	0	18	12	14	0	417
NCU09759T0_21-301_2DDR:A:7-305	4	15	0	5	0	36	21	17	0	299
NCU09759T0_311-456_2GUD:A:1-121	0	13	0	0	0	14	12	3	0	121
NCU09758T0_727-1163_1NVU:S:	2	4	4	21	0	35	21	23	0	481
NCU09758T0_65-142_1UJY:A:	2	5	0	1	0	14	9	4	0	75
NCU09757T0_6-408_2BIS:A:1-437	4	17	6	16	0	48	27	24	0	437
NCU09756T0_112-169,217-340,394-448,674-710_1HV8:A:211-365	1	6	1	6	0	17	12	7	0	155
NCU09756T0_422-521,590-713_1HV8:A:211-365	1	6	1	6	0	17	12	7	0	155
NCU09754T0_73-197_1EKG:A:	1	6	1	2	0	9	6	11	0	119
NCU06949T0_134-384_2PWA:A:1-279	4	15	3	6	0	32	20	20	0	279
NCU06949T0_35-114_1SCJ:B:	0	5	0	2	0	8	4	3	0	71
NCU06946T0_432-665_3DHW:C:1-240	3	10	1	7	0	21	17	12	0	240
NCU05924T0_36-328_1BG4:A:	7	9	3	13	0	34	20	19	0	301
NCU05923T0_267-574,745-810_1KDG:A:215-512,A:694-755	11	11	11	9	0	49	29	28	1	360
NCU05923T0_570-749_1KDG:A:513-693	3	7	5	3	0	25	15	11	0	181
NCU05923T0_27-228_1D7B:A:	5	13	1	1	0	24	10	12	0	185
NCU05918T0_63-308,401-447,475-517_1N11:A:	0	0	1	24	0	48	15	35	0	408
NCU09154T0_38-192_2B06:A:1-155	4	10	2	2	0	18	6	7	0	155
NCU07760T0_335-369_1AZ6:A:	0	2	0	0	0	7	4	2	0	36
NCU07578T0_7-151,199-299,329-374_1OKC:A:	0	0	6	11	0	19	10	9	0	292
NCU07577T0_279-342_1G25:A:	0	3	0	2	0	10	4	5	0	65
NCU07577T0_59-94_1JM7:A:	2	0	1	3	0	11	9	5	0	103
NCU07576T0_218-324_1K30:A:	2	9	5	14	0	31	12	16	0	367
NCU07572T0_84-217_1DRO:A:	2	6	0	2	0	16	10	4	0	122
NCU09336T0_325-436_1BW3:A:	0	5	2	4	0	16	12	8	0	125
NCU09992T0_72-221,381-407,457-509_1VJ5:A:226-547	0	8	9	13	0	29	21	23	0	321
NCU09914T0_1-105,132-204_2ATR:A:1-137	0	5	2	4	0	11	7	7	0	137
NCU09913T0_174-267,309-435_1E1A:A:	9	29	1	0	0	44	18	22	0	312
NCU09912T0_134-335,374-601_1PV7:A:	0	0	2	22	0	18	12	14	0	417
NCU09911T0_92-287_1JKX:A:	0	10	2	6	0	22	14	12	0	209
NCU09911T0_9-88_2PC6:A:1-77	0	4	1	2	0	4	3	4	0	77
NCU09906T0_350-445,487-697_1QG8:A:	2	9	4	8	0	22	13	12	0	255
NCU09109T0_9-103_1SQR:A:	0	6	0	1	0	13	6	3	0	87
NCU07351T0_158-723_1K9D:A:143-679	8	12	7	15	0	60	34	37	0	537
NCU07351T0_18-158_1K9D:A:5-142	0	6	1	3	0	17	9	7	0	138
NCU09775T0_25-341_1WD3:A:19-337	9	20	1	3	0	43	26	18	0	319
NCU09774T0_31-268_1MTZ:A:	4	8	4	10	0	27	19	19	0	290
NCU09772T0_620-774_1AWC:B:	0	0	0	10	0	18	2	16	0	153
NCU09771T0_62-361,391-478_1PW4:A:	2	0	1	18	0	21	18	22	0	450
NCU09764T0_371-404_1AZJ:A:	5	2	0	0	0	8	5	2	0	36
NCU07521T0_373-420,478-714_2OVR:B:2365-2706	0	32	2	1	0	36	24	21	0	342
NCU07521T0_277-373_2OVR:B:2263-2364	0	0	0	6	0	9	7	5	0	102
NCU07519T0_401-421,451-549,585-622,672-765_1W36:D:361-606	4	4	2	9	0	19	18	13	0	246
NCU07519T0_269-421,454-484_1F48:A:1-296	0	8	6	11	0	31	20	16	0	296
NCU07516T0_61-117_1VYX:A:	2	2	1	1	0	11	6	4	0	60
NCU09855T0_210-297_1VE3:A:2-227	0	10	2	7	0	20	9	11	0	226
NCU09854T0_391-521,548-589_1E4E:A:132-342	1	10	4	5	0	25	14	9	0	211
NCU09852T0_95-207_2OWN:A:150-258	2	5	2	2	0	11	4	6	0	109
NCU09847T0_28-164_1WFJ:A:	0	8	0	1	0	15	11	3	0	135
NCU07805T0_242-377,411-500,542-570_1C0N:A:	4	15	6	13	0	47	23	26	0	404
NCU07805T0_34-180_1P3W:A:	8	12	2	12	0	39	22	27	0	391
NCU04903T0_208-255,284-503,532-619,689-713_1SIO:A:	8	17	6	8	0	42	24	21	0	357
NCU04903T0_30-181_1PCA:A:4A-99A	0	4	2	3	0	11	4	5	0	94
NCU04899T0_165-330_1MLD:A:145-313	2	5	3	4	0	16	6	6	0	169
NCU04899T0_10-165_1MLD:A:1-144	0	6	2	5	0	12	10	10	0	144
NCU04898T0_166-256,397-490,1038-1254_1SU4:A:1-124,A:240-343,A:751-994	1	1	8	18	0	32	20	22	2	472
NCU04898T0_492-507,661-753,824-878_1SU4:A:344-360,A:600-750	3	8	1	8	0	16	12	11	1	168
NCU04898T0_502-718_1MO7:A:	2	9	0	5	0	32	19	9	0	213
NCU04898T0_257-395_1SU4:A:125-239	2	9	3	0	0	21	10	7	0	115
NCU04887T0_127-329_1LL2:A:	1	11	7	10	0	24	19	16	0	263
NCU07422T0_264-379_1I36:A:153-264	0	0	1	5	0	5	4	6	0	112
NCU07422T0_15-159_1I36:A:1-152	0	8	3	7	0	18	10	8	0	152
NCU07421T0_82-182_1NO8:A:	0	6	0	2	0	11	6	3	0	78
NCU07419T0_153-459_1H2K:A:	3	17	6	8	0	41	17	19	0	335
NCU07419T0_61-120_1P22:A:135-252	0	0	2	7	0	7	4	6	0	114
NCU07418T0_604-669_2D9I:A:8-90	0	4	1	2	0	11	4	6	0	83
NCU07418T0_304-329_2CQE:A:458-513	2	0	0	2	0	7	7	2	0	56
NCU07415T0_31-320_1MTZ:A:	4	8	4	10	0	27	19	19	0	290
NCU07415T0_330-472_1A88:A:	4	8	1	11	0	28	19	18	0	275
NCU07414T0_2-109_1XBL:A:	0	0	0	3	0	7	3	6	0	75
NCU07414T0_147-217_1NLT:A:139-212	2	4	0	0	0	10	9	6	0	74
NCU07414T0_265-350_1NLT:A:258-337	4	6	0	1	0	15	6	4	0	80
NCU07414T0_123-155,221-264_1NLT:A:110-138,A:213-257	2	5	0	1	0	12	2	5	1	74
NCU07413T0_4-146_1UAQ:A:	0	5	0	8	0	15	4	9	0	151
NCU07412T0_482-555_1MM3:A:	1	2	0	0	0	12	10	3	0	60
NCU07412T0_1104-1158_1WEV:A:	0	2	0	3	0	13	6	4	0	87
NCU07412T0_794-844_2CRG:A:8-64	0	0	0	3	0	8	5	3	0	57
NCU10926T0_511-547,612-691,743-858_1IQP:A:2-232	0	7	4	13	0	20	11	14	0	231
NCU11422T0_50-440_2CFB:A:19-411	4	14	1	12	0	33	18	27	0	393
NCU11408T0_154-337_1TA0:A:	2	9	6	4	0	24	13	9	0	196
NCU11408T0_490-582_1WF6:A:	1	4	3	3	0	15	14	3	0	131
NCU09297T0_266-445,548-623,673-801,981-1176_1TE4:A:	0	0	3	6	0	11	9	5	0	111
NCU09959T0_23-139,194-253_2FDI:A:15-214	8	12	1	2	0	25	12	13	0	200
NCU09958T0_59-158,186-234,360-427,465-496_1AWC:B:	0	0	0	10	0	18	2	16	0	153
NCU09958T0_215-309_1OT8:A:	2	0	0	13	0	26	3	23	0	209
NCU07404T0_667-1087_1HTY:A:523-1044	5	38	3	1	0	67	39	24	0	522
NCU07404T0_267-478_1HTY:A:31-411	6	11	4	12	0	41	27	21	0	381
NCU07404T0_554-652_1O7D:B:385-422,C:431-487	2	0	1	3	0	8	5	4	1	95
NCU07402T0_8-319_1PYF:A:	6	11	6	11	0	33	19	21	0	311
NCU07400T0_108-210_1WHJ:A:	1	7	1	1	0	12	11	6	0	101
NCU07399T0_25-159,220-338,370-398_1MUO:A:	6	6	4	9	0	28	17	16	0	261
NCU09284T0_22-114,155-420_1T5J:A:	6	2	4	16	0	25	14	17	0	312
NCU09283T0_102-224_1OCX:A:	4	18	0	4	0	35	12	13	0	182
NCU09278T0_3-280_2C07:A:54-304	2	7	2	9	0	21	12	14	0	251
NCU09274T0_143-562_1TQN:A:	5	9	7	18	0	43	20	30	0	472
NCU09273T0_45-253_1W1O:A:40-245	2	10	2	6	0	23	19	14	0	206
NCU09526T0_8-167_1R3D:A:	2	7	3	11	0	24	13	15	0	263
NCU09521T0_218-481_1GOT:B:	1	28	0	2	0	36	22	23	0	339
NCU09513T0_198-445_1S0U:A:34-229	2	7	0	5	0	19	13	10	0	195
NCU09513T0_427-553_1JNY:A:228-322	2	10	2	0	0	11	5	7	0	95
NCU09513T0_522-610_1JNY:A:323-429	2	9	1	0	0	13	7	7	0	107
NCU09510T0_34-133,163-308_1UAN:A:	1	8	1	7	0	24	13	10	0	227
NCU09831T0_96-498_1PW4:A:	2	0	1	18	0	21	18	22	0	450
NCU09830T0_773-1015_1MT0:A:	2	10	3	10	0	20	20	20	0	241
NCU09830T0_93-324_1Q12:A:4-235	1	11	4	7	0	25	20	16	0	232
NCU09827T0_14-86,122-332_1MLV:A:50-310	4	6	3	8	0	32	19	16	0	261
NCU09827T0_384-522_1MLV:A:311-486	0	2	3	8	0	11	8	12	0	172
NCU09826T0_107-264_1JFZ:A:	2	0	1	7	0	12	8	9	0	148
NCU07757T0_9-71_1TAF:B:	2	0	0	3	0	7	2	2	0	70
NCU07757T0_212-413_1E8Y:A:525-725	0	0	2	12	0	15	8	11	0	201
NCU07756T0_51-179_1NEK:C:	1	0	1	4	0	7	4	3	0	129
NCU07746T0_77-203_1ELW:A:	0	0	0	7	0	11	0	7	0	117
NCU09063T0_794-981_1GXL:A:	2	8	4	7	0	19	12	14	0	205
NCU09063T0_303-491,1493-1579_1W1W:A:	2	14	3	8	0	28	15	19	0	427
NCU09058T0_46-80,108-343_1HZD:A:	3	10	3	11	0	24	15	16	0	266
NCU09050T0_12-197,311-389_1FOH:A:1-240,A:342-461	4	15	4	9	0	43	22	18	1	360
NCU09048T0_793-973_1SXL:A:	2	3	0	2	0	19	15	2	0	97
NCU09048T0_700-787_2GHP:A:116-196	0	6	0	2	0	9	2	4	0	81
NCU09048T0_621-699_1X4A:A:9-103	0	6	1	2	0	11	6	3	0	96
NCU09048T0_8-353_1ZU2:A:1-145	0	0	0	7	0	11	4	4	0	145
NCU05967T0_42-449,476-544_1TQN:A:	5	9	7	18	0	43	20	30	0	472
NCU05965T0_84-343_1UV4:A:3-293	7	20	2	0	0	35	18	20	0	291
NCU05959T0_16-101_1VCS:A:8-96	0	0	1	4	0	4	3	5	0	89
NCU05959T0_138-197_1GL2:C:	0	0	0	1	0	2	0	0	0	64
NCU05956T0_319-599_1YQ2:A:313-609	4	13	4	8	0	40	16	19	0	297
NCU05956T0_737-1019_1YQ2:A:722-1023	6	17	5	3	0	33	20	18	0	302
NCU05956T0_10-220_1DP0:A:13-219	2	15	4	3	0	28	20	10	0	207
NCU05956T0_597-712_1YQ2:A:610-721	2	7	0	0	0	14	8	5	0	112
NCU05956T0_224-317_1DP0:A:220-333	5	7	0	0	0	10	7	6	0	114
NCU05955T0_23-424_1SQJ:A:4-430	5	31	4	2	0	58	43	30	0	427
NCU05955T0_535-752_1SQJ:A:431-786	12	28	0	0	0	52	32	25	0	356
NCU05955T0_827-861_1AZ6:A:	0	2	0	0	0	7	4	2	0	36
NCU09447T0_35-257_1D7Y:A:116-236	0	8	1	3	0	15	9	7	0	121
NCU09447T0_209-380_1EBD:A:155-271	1	8	0	3	0	9	8	7	0	117
NCU09444T0_100-331,386-469_1PW4:A:	2	0	1	18	0	21	18	22	0	450
NCU09444T0_515-654_1PV7:A:	0	0	2	22	0	18	12	14	0	417
NCU09438T0_378-640_1ZU2:A:1-145	0	0	0	7	0	11	4	4	0	145
NCU09438T0_659-765,911-972_1FCH:A:	0	0	2	17	0	24	6	19	0	323
NCU09438T0_947-1056_1XNF:A:	0	0	1	14	0	19	6	12	0	259
NCU09438T0_10-121_1W3B:A:	0	0	0	23	0	35	6	26	0	388
NCU09438T0_1119-1262_1P5Q:A:258-427	0	0	1	7	0	10	2	6	0	170
NCU07568T0_142-163,197-257_1HMF:A:	0	0	0	3	0	5	4	2	0	77
NCU07567T0_20-149,406-529_1Q3Q:A:9-145,A:406-526	0	9	0	10	0	19	6	13	1	258
NCU07567T0_214-379_1Q3Q:A:217-369	3	9	2	3	0	18	15	4	0	153
NCU07567T0_158-220,372-406_1Q3Q:A:146-216,A:370-405	1	5	3	3	0	8	7	2	1	107
NCU07565T0_621-793_1ATZ:A:	1	6	1	7	0	16	13	8	0	184
NCU07565T0_418-550_1DBH:A:418-550	0	8	1	2	0	17	12	8	0	133
NCU07565T0_129-183_1RMD:A:1-86	6	2	3	3	0	14	6	6	0	86
NCU07564T0_61-299_1PV7:A:	0	0	2	22	0	18	12	14	0	417
NCU07564T0_292-516_1PV7:A:	0	0	2	22	0	18	12	14	0	417
NCU07561T0_149-208_1F62:A:	0	2	0	1	0	13	6	4	0	51
NCU07561T0_83-120_1IYM:A:	0	2	0	1	0	11	6	4	0	54
NCU07560T0_239-354_2FB1:A:3-149	1	7	0	3	0	14	8	9	0	146
NCU07559T0_1-137,240-309_2D5R:A:11-262	3	6	2	11	0	26	15	12	0	252
NCU07556T0_316-677,755-792,1067-1347_1QBK:B:	0	0	17	47	0	50	54	64	0	888
NCU07556T0_1263-1537_1Z63:A:432-661	0	7	2	11	0	24	16	18	0	230
NCU07556T0_1539-1827_1Z3I:X:390-735	0	10	6	11	0	41	29	23	0	346
NCU07556T0_9-74_1TE4:A:	0	0	3	6	0	11	9	5	0	111
NCU09900T0_166-234_2F66:C:142-206	0	0	0	2	0	3	1	2	0	65
NCU09896T0_19-200_1D6J:A:	0	5	1	6	0	19	12	6	0	203
NCU05987T0_490-527,645-843,951-1035_2BNX:A:133-475	0	0	1	17	0	20	13	25	0	343
NCU05986T0_197-280_1H75:A:	0	4	1	3	0	9	3	5	0	76
NCU05985T0_272-382_1K30:A:	2	9	5	14	0	31	12	16	0	367
NCU05984T0_155-244_1NNJ:A:132-219	2	0	1	4	0	8	3	6	0	88
NCU05984T0_2-160_1K82:A:1-128	4	9	0	2	0	17	9	6	0	128
NCU05983T0_14-226_1K4I:A:	5	11	2	8	0	28	11	9	0	216
NCU05980T0_74-167,204-268,299-572_1WPX:A:1-421	5	13	3	17	0	47	29	31	0	421
NCU05977T0_57-364_1O5K:A:	0	10	4	12	0	25	12	16	0	305
NCU05974T0_20-245_1CPM:A:	7	16	5	1	0	28	14	7	0	214
NCU09888T0_185-295,351-363_1GA8:A:	1	9	6	12	0	34	23	21	0	282
NCU09886T0_229-349_2B3N:A:6-159	0	5	0	5	0	13	5	7	0	155
NCU09883T0_399-511,599-621_2JM5:A:3-134	0	0	0	8	0	8	5	9	0	132
NCU09881T0_112-148_1F8A:B:1-42	0	3	0	0	0	5	2	3	0	38
NCU09876T0_124-437,466-606_1PW4:A:	2	0	1	18	0	21	18	22	0	450
NCU04576T0_2-54_2OVR:B:2263-2364	0	0	0	6	0	9	7	5	0	102
NCU09664T0_26-224_1QOZ:A:	4	6	4	6	0	26	13	13	0	206
NCU09663T0_27-223_1G66:A:	4	6	4	6	0	27	14	15	0	207
NCU09659T0_46-343_2Z1A:A:28-329	3	16	3	9	0	37	21	18	0	302
NCU09659T0_347-548_2Z1A:A:330-534	2	12	4	8	0	20	13	12	0	205
NCU09658T0_612-720_1W3B:A:	0	0	0	23	0	35	6	26	0	388
NCU09657T0_710-780_1WH2:A:	0	4	0	2	0	12	9	4	0	77
NCU09656T0_234-322_2QIY:A:3-141	0	6	2	3	0	9	3	4	0	141
NCU09654T0_38-459_1PW4:A:	2	0	1	18	0	21	18	22	0	450
NCU09652T0_5-305_1YRZ:A:1004-1320	6	25	0	0	0	45	27	21	0	317
NCU09652T0_322-530_1Y7B:A:325-534	1	16	1	0	0	23	18	13	0	210
NCU09651T0_43-67,219-438_2FLU:X:325-609	14	28	0	0	0	37	15	14	0	285
NCU09649T0_115-482_4KBP:A:121-432	5	15	5	6	0	41	25	21	0	312
NCU09649T0_11-109_4KBP:A:9-120	3	8	1	0	0	19	7	2	0	112
NCU09647T0_45-282_1UHV:A:14-359	6	15	5	9	0	42	29	21	0	346
NCU09646T0_25-286_1AFW:A:25-293	6	8	5	10	0	29	16	16	0	269
NCU09646T0_293-411_1AFW:A:294-417	3	4	3	4	0	12	4	7	0	124
NCU09410T0_143-218,252-358,396-609_1PV7:A:	0	0	2	22	0	18	12	14	0	417
NCU09409T0_24-317_1LZL:A:	0	8	3	10	0	32	18	24	0	317
NCU09407T0_226-448,475-573_1CJY:A:142-721	2	16	10	18	0	52	32	26	0	580
NCU09406T0_343-803_1N9E:A:316-775	7	28	7	1	0	55	25	29	0	460
NCU09406T0_196-342_1N9E:A:170-315	0	6	5	3	0	17	8	6	0	146
NCU09406T0_68-193_1N9E:A:41-169	1	6	2	2	0	16	7	5	0	129
NCU09403T0_4-278_1K6X:A:	2	13	3	12	0	37	26	20	0	350
NCU09402T0_27-205,240-467_1CI9:A:	7	15	6	14	0	46	29	29	0	377
NCU09391T0_7-683,721-753_1T6J:A:	8	7	8	23	0	53	30	35	0	678
NCU09553T0_27-218_1F0Y:A:12-203	0	8	1	7	0	22	12	11	0	192
NCU09553T0_218-316_1F0Y:A:204-302	3	0	1	5	0	8	3	5	0	99
NCU09551T0_96-288,346-517,564-596_1PV7:A:	0	0	2	22	0	18	12	14	0	417
NCU09550T0_54-461_1PW4:A:	2	0	1	18	0	21	18	22	0	450
NCU09548T0_50-59,123-165_1EHY:A:	2	8	5	11	0	29	18	16	0	293
NCU09548T0_116-182,239-345_1EVQ:A:	0	8	4	9	0	28	16	23	0	308
NCU09547T0_210-547_2GFO:A:762-1109	3	20	3	10	0	40	19	15	0	348
NCU09547T0_100-182_2UZG:A:36-130	0	5	0	3	0	13	5	6	0	95
NCU10582T0_130-321_1IPC:A:	0	8	4	4	0	18	9	15	0	191
NCU09545T0_11-315_1V93:A:	0	8	2	11	0	28	13	16	0	292
NCU09542T0_160-284_2CVE:A:2-124	1	7	0	3	0	10	8	6	0	123
NCU09542T0_1-107_2DAY:A:8-122	0	4	0	3	0	10	8	4	0	115
NCU09541T0_112-164_1ZHV:A:62-127	0	4	1	2	0	7	3	2	0	66
NCU09539T0_2-114_2GY9:M:1-114	2	0	0	6	0	12	10	5	0	114
NCU09538T0_68-449_1ITU:A:	8	9	6	14	0	41	19	23	0	369
NCU09537T0_2-173,344-462_2EFL:A:1-288	0	0	0	7	0	7	3	7	0	288
NCU09537T0_469-669_1F7C:A:	0	0	1	10	0	13	9	9	0	191
NCU09537T0_205-302_1FSH:A:	0	4	0	3	0	11	9	3	0	94
NCU05945T0_24-71_1ZR9:A:28-94	0	2	1	2	0	10	9	4	0	67
NCU05943T0_208-324_1ENW:A:	0	0	0	5	0	12	10	7	0	114
NCU05943T0_43-107_1WEE:A:	0	3	0	1	0	15	10	3	0	71
NCU05942T0_3-246_1RYP:C:	5	10	2	6	0	23	13	10	0	244
NCU05937T0_20-221,261-305,339-354_1LVW:A:	1	14	3	11	0	29	22	21	0	294
NCU05937T0_269-435_3BSW:A:3-195	2	21	1	2	0	45	7	19	0	193
NCU06012T0_102-233_2H1I:A:1-202	0	11	0	5	0	23	15	13	0	202
NCU06009T0_18-353_1EXB:A:	4	10	6	13	1	24	21	17	0	326
NCU06007T0_25-153_1Y3T:A:5-334	1	27	2	4	0	49	28	21	0	330
NCU06001T0_5-104_1WHN:A:	1	4	1	2	0	13	10	5	0	127
NCU05992T0_207-298_1O7I:A:	2	7	3	0	0	15	2	8	0	115
NCU05991T0_17-46,103-163,209-336_1N5D:A:	2	8	2	11	0	30	19	12	0	288
NCU08883T0_48-149_1Z63:A:432-661	0	7	2	11	0	24	16	18	0	230
NCU07386T0_135-213,245-295_3SDP:A:84-190	5	0	2	2	0	17	11	6	0	107
NCU07386T0_40-131_1DT0:A:1-83	1	0	0	4	0	6	6	5	0	83
NCU07378T0_696-853,1018-1191_1FOT:A:	5	9	4	10	0	37	20	19	0	316
NCU07378T0_1505-1629_1OXB:B:	0	5	0	5	0	13	11	4	0	124
NCU07378T0_30-106_1OTD:A:	2	5	1	3	1	14	6	5	0	105
NCU07368T0_13-96,127-277_1VJN:A:	2	14	1	3	0	24	15	9	0	219
NCU07367T0_131-380_2CE7:A:150-402	2	5	6	9	0	24	12	16	0	253
NCU09142T0_304-658_2OVR:B:2365-2706	0	32	2	1	0	36	24	21	0	342
NCU09141T0_8-320_1PZ1:A:	6	12	9	9	0	39	21	23	0	332
NCU09138T0_6-167_1S9C:A:10-163	1	5	3	3	0	12	6	7	0	154
NCU09138T0_178-294_1S9C:A:164-289	0	5	3	3	0	12	6	7	0	126
NCU09135T0_169-229,297-547_2PTD:A:	4	10	3	8	0	35	23	17	0	296
NCU09123T0_18-291_1A06:A:	4	8	4	10	0	29	20	14	0	307
NCU09120T0_557-986,1098-1141_2DW4:A:274-654,A:764-831	9	17	3	11	0	39	21	20	1	449
NCU09120T0_445-546_2COM:A:8-118	0	0	0	6	0	12	12	5	0	111
NCU09120T0_967-1087_2DW4:A:655-763	0	7	0	2	0	15	7	6	0	109
NCU09120T0_1210-1305_1CG7:A:	0	0	0	6	0	6	4	8	0	93
NCU09119T0_32-295_1E79:G:	0	5	2	5	0	15	14	8	0	272
NCU09358T0_25-217,248-465_1PV7:A:	0	0	2	22	0	18	12	14	0	417
NCU09352T0_319-413_1X4M:A:8-88	0	3	0	3	0	9	7	2	0	81
NCU09352T0_416-488_1X4N:A:8-86	0	3	0	3	0	7	4	2	0	79
NCU09352T0_210-287_1X4N:A:8-86	0	3	0	3	0	7	4	2	0	79
NCU09347T0_227-421_1TIP:A:	2	6	3	7	0	22	8	11	0	191
NCU09347T0_17-225_1BIF:A:37-249	0	6	1	7	0	16	9	11	0	213
NCU09723T0_53-114_1BOR:A:	2	0	0	0	0	13	12	2	0	56
NCU09721T0_13-582_1GW5:B:	0	0	4	32	0	42	43	37	0	579
NCU09715T0_11-475_1GZ5:A:	6	16	7	18	0	41	25	25	0	456
NCU09711T0_475-682_1L0Q:A:1-301	0	29	1	0	0	20	16	19	0	301
NCU09710T0_45-150,202-378,499-535_1SEZ:A:13-329,A:442-497	7	15	2	15	0	38	28	17	1	373
NCU09709T0_14-141,406-526_1A6D:A:17-145,A:404-519	0	9	1	11	0	18	7	14	1	245
NCU09709T0_203-379_1Q3Q:A:217-369	3	9	2	3	0	18	15	4	0	153
NCU09709T0_143-207,369-405_1Q3Q:A:146-216,A:370-405	1	5	3	3	0	8	7	2	1	107
NCU09705T0_4-346_1Z45:A:358-699	9	28	6	1	0	38	26	25	0	342
NCU09704T0_16-198_1QMH:A:5-184,A:280-338	5	11	0	7	0	25	12	12	1	239
NCU09703T0_4-237_1XV2:A:	2	14	2	6	0	22	12	11	0	232
NCU09702T0_39-390_1NOF:A:44-320	10	8	5	9	0	31	18	20	0	277
NCU09700T0_18-147,405-525_1A6D:A:17-145,A:404-519	0	9	1	11	0	18	7	14	1	245
NCU09700T0_209-378_1GML:A:	3	9	2	3	0	17	13	5	0	169
NCU09700T0_151-213,368-404_1Q3Q:A:146-216,A:370-405	1	5	3	3	0	8	7	2	1	107
NCU09043T0_76-121,171-236_1BOD:A:	2	0	1	4	0	8	6	6	0	74
NCU09042T0_333-679_2VZS:A:336-674	7	11	2	9	0	43	29	18	0	339
NCU09042T0_893-1013_2VZS:A:778-899	3	9	3	0	0	16	6	6	0	122
NCU09042T0_45-216_2VZS:A:42-225	3	13	3	2	0	25	17	15	0	184
NCU09042T0_219-336_2VZS:A:226-335	0	8	0	0	0	9	5	5	0	110
NCU09042T0_685-765_2JE8:A:679-783	0	7	1	1	0	9	7	6	0	105
NCU09041T0_23-270_1H5Q:A:	2	10	7	8	0	25	12	15	0	260
NCU09040T0_146-324_1V3U:A:113-294	2	6	2	7	0	15	10	11	0	182
NCU09040T0_4-165_1VJ1:A:1-124,A:312-351	3	9	5	1	0	18	9	8	1	164
NCU09039T0_119-560_1PW4:A:	2	0	1	18	0	21	18	22	0	450
NCU09038T0_200-387_1IA8:A:	5	12	5	7	0	36	16	18	0	275
NCU09034T0_144-395_1YEY:A:184-435	5	9	2	9	0	30	16	14	0	252
NCU09034T0_41-158_2GL5:A:1-122	1	3	4	4	0	9	8	8	0	121
NCU09026T0_108-253,413-483_1C4X:A:	0	8	4	12	0	29	23	15	0	281
NCU09025T0_111-409_2F2A:B:4-293	4	16	1	4	0	32	18	16	0	290
NCU09025T0_412-547_2D6F:C:445-503	0	0	0	4	0	5	0	5	0	59
NCU09023T0_115-264_1GW0:A:1-162	5	10	2	0	0	20	10	14	0	162
NCU09023T0_248-430_1V10:A:137-304	4	11	3	0	0	23	15	7	0	168
NCU09023T0_576-662_1GW0:A:344-559	3	11	3	5	0	27	15	11	0	216
NCU09004T0_1-224_1G62:A:	8	15	1	9	0	31	15	14	0	224
NCU09001T0_144-444_2D5R:A:11-262	3	6	2	11	0	26	15	12	0	252
NCU08999T0_181-242_1AN4:A:	0	0	0	2	0	4	3	3	0	64
NCU08999T1_181-242_1AN4:A:	0	0	0	2	0	4	3	3	0	64
NCU08998T1_11-466_1OHW:A:	8	14	6	15	0	50	25	29	0	461
NCU08997T0_85-441,474-534_1ED8:A:	11	18	3	14	0	58	36	29	0	449
NCU08996T0_7-138_3EBT:A:1-131	0	6	2	4	0	7	1	7	0	131
NCU08993T0_82-320,441-529,695-765,863-1220,1360-1455_1U6G:C:	0	2	14	60	0	74	56	65	0	1207
NCU08993T0_1321-1965_1U6G:C:	0	2	14	60	0	74	56	65	0	1207
NCU08989T0_18-182_1MOZ:A:	2	7	3	5	0	14	8	16	0	182
NCU08988T0_119-396_1P91:A:	4	11	1	8	0	29	16	19	0	268
NCU08983T0_210-360_1FA0:A:202-351	3	0	1	6	0	18	8	9	0	150
NCU08983T0_362-447,508-589_1FA0:A:352-523	0	6	2	5	0	16	11	6	0	172
NCU08983T0_6-205_1FA0:A:3-201	2	5	2	6	0	21	7	13	0	199
NCU11397T0_113-329_1XHC:A:1-103,A:226-289	4	11	2	5	0	18	13	9	1	165
NCU11397T0_272-452_1XHC:A:1-103,A:226-289	4	11	2	5	0	18	13	9	1	165
NCU08977T0_219-504,696-759_1KDG:A:215-512,A:694-755	11	11	11	9	0	49	29	28	1	360
NCU08973T0_1-136_1H8M:A:	1	5	0	4	0	17	10	5	0	140
NCU08973T0_134-196_1GL2:A:	0	0	0	1	0	2	0	0	0	64
NCU07549T0_23-107_1S3A:A:15-99	0	4	0	3	0	10	4	4	0	85
NCU07548T0_102-209_1U6F:A:1-139	0	5	0	2	0	17	16	5	0	139
NCU07543T0_621-667_1IDZ:A:	0	0	0	3	0	6	4	3	0	54
NCU07542T0_1-85_1UEL:A:	2	5	2	1	0	9	4	8	0	94
NCU07542T0_262-324_1PVE:A:	0	0	3	4	0	8	3	8	0	71
NCU07542T0_327-375_1OQY:A:317-360	0	0	0	3	0	4	3	3	0	44
NCU07542T0_134-191_1IFY:A:	0	0	0	3	0	4	3	2	0	49
NCU07536T0_118-419_2BO9:A:4-307	4	8	2	9	0	32	24	18	0	305
NCU07536T0_29-111_2BOA:A:4-99	0	4	2	3	0	9	3	3	0	94
NCU07528T0_119-255,401-525_1DJ0:A:	0	10	4	5	0	30	16	16	0	264
NCU07523T0_1-14,56-341_1H80:A:	9	29	2	5	0	61	31	22	0	464
NCU07523T0_406-591,620-660,689-756_1H80:A:	9	29	2	5	0	61	31	22	0	464
NCU09189T0_113-279,341-452,536-599_1HOW:A:	5	10	4	11	0	39	18	24	0	362
NCU09185T0_47-522_1DT6:A:	6	6	3	14	0	50	32	19	0	472
NCU09182T0_53-161_1Q4R:A:	0	4	0	4	0	11	5	5	0	103
NCU09175T0_41-294_1GHS:A:	3	12	6	10	0	35	17	17	0	306
NCU09172T0_19-214_1PV7:A:	0	0	2	22	0	18	12	14	0	417
NCU09172T0_266-481,512-554_1PW4:A:	2	0	1	18	0	21	18	22	0	450
NCU09170T0_38-347_1YRZ:A:1004-1320	6	25	0	0	0	45	27	21	0	317
NCU09170T0_336-487_1WD3:A:338-499	0	12	1	3	0	20	11	16	0	162
NCU09169T0_4-302_1K6X:A:	2	13	3	12	0	37	26	20	0	350
NCU09165T0_48-234_1W1O:A:40-245	2	10	2	6	0	23	19	14	0	206
NCU09161T0_140-276_2VGN:A:136-277	0	5	2	5	0	11	6	8	0	142
NCU09161T0_15-135_2QI2:A:1-126	0	7	0	2	0	13	4	5	0	126
NCU09161T0_268-379_1X52:A:8-118	0	4	1	5	0	7	5	5	0	111
NCU04870T0_138-311_2D81:A:21-338	4	12	4	9	0	34	21	20	0	318
NCU04870T0_6-186_2HU7:A:322-581	1	8	2	10	0	27	14	15	0	260
NCU04859T0_8-53,213-288,361-524_1J8F:A:	4	9	5	12	0	33	20	18	0	323
NCU04857T0_130-355_1PSD:A:108-295	4	7	2	6	0	25	15	12	0	188
NCU04857T0_70-158_1QP8:A:1-82,A:264-302	4	4	1	3	0	20	11	8	1	121
NCU04854T0_18-441_1GPI:A:	11	31	3	7	0	54	31	34	0	430
NCU09227T0_90-267,295-384,470-517_2FLU:X:325-609	14	28	0	0	0	37	15	14	0	285
NCU09223T0_19-125_2B5E:A:23-141	0	5	0	4	0	15	7	10	0	119
NCU09223T0_317-463_2DJJ:A:6-121	0	4	0	2	0	14	14	8	0	116
NCU09223T0_225-354_2DJK:A:1-133	1	4	1	3	0	14	10	7	0	128
NCU09223T0_134-228_1BJX:A:	1	4	0	4	0	13	10	3	0	110
NCU04657T0_13-354_1RQX:A:	2	10	6	11	0	31	17	22	0	338
NCU06923T0_67-361_1C22:A:	5	16	2	4	0	34	13	15	0	262
NCU06921T0_217-543_1ERJ:A:	2	30	1	1	0	43	24	22	0	388
NCU06920T0_86-113_3ZNF:A:	2	0	0	1	0	5	3	1	0	30
NCU06919T0_89-116_1ZR9:A:28-94	0	2	1	2	0	10	9	4	0	67
NCU06919T0_40-86_1A1I:A:103-131	0	2	0	2	0	3	2	3	0	29
NCU06919T0_193-223_3ZNF:A:	2	0	0	1	0	5	3	1	0	30
NCU06908T0_1184-1214_2FV6:A:503-544	0	0	0	2	0	8	7	1	0	42
NCU06906T0_145-210,265-289,346-535_1JKS:A:	7	9	4	9	0	33	20	13	0	293
NCU06905T0_11-266_1JA9:A:	2	7	5	9	0	22	13	15	0	259
NCU06895T0_40-494_1TQN:A:	5	9	7	18	0	43	20	30	0	472
NCU06893T0_339-399_2DI0:A:8-70	0	0	0	3	0	8	4	4	0	63
NCU06892T0_20-115_1FJG:J:	2	6	0	2	0	14	6	3	0	98
NCU06882T0_295-351_1WD2:A:	0	0	2	0	0	10	10	2	0	59
NCU06882T0_138-218_1WIM:A:	2	4	1	3	0	13	8	2	0	93
NCU06882T0_209-283_2CT7:A:8-80	1	4	0	1	0	15	9	2	0	73
NCU06881T0_36-346_1M3E:A:1-250	5	14	3	7	0	31	14	16	0	250
NCU06881T0_300-515_1M3E:A:260-481	5	15	3	5	0	31	18	16	0	222
NCU06880T0_41-193_1HD2:A:	3	7	0	8	0	20	9	15	0	161
NCU06875T0_1-199_1EQ6:A:	0	10	5	3	0	16	9	11	0	189
NCU08233T0_2-211_1M33:A:	4	7	4	8	0	26	17	18	0	256
NCU08232T0_88-352_2VL8:A:1-542	5	8	6	20	0	50	23	33	0	542
NCU08228T0_106-327_1MV8:A:1-202	4	8	0	9	0	22	14	13	0	202
NCU08228T0_337-437_1MV8:A:203-300	0	0	1	4	0	6	5	6	0	98
NCU08228T0_443-549_1MV8:A:301-436	1	5	1	7	0	17	12	8	0	136
NCU08227T0_38-279_1H8V:A:	1	15	1	1	0	19	12	11	0	217
NCU08216T0_19-338_1JBQ:A:	3	11	7	11	0	40	22	20	0	355
NCU08216T0_376-524_2EF7:A:1-127	5	7	2	4	0	12	7	10	0	127
NCU08192T0_29-96_1R2M:A:	0	4	0	1	0	9	5	4	0	70
NCU08190T0_49-313_2G0D:A:7-415	2	2	7	18	0	33	23	23	0	409
NCU08189T0_48-367_1TUX:A:	7	9	2	13	0	31	20	20	0	301
NCU04963T0_23-225,256-486_1PV7:A:	0	0	2	22	0	18	12	14	0	417
NCU04960T0_231-266_1PYI:A:30-71	0	2	0	2	0	6	1	3	0	42
NCU04959T0_38-320_1AJO:A:	5	16	3	1	0	26	14	11	0	212
NCU04953T0_113-432_1BXO:A:	8	24	4	7	0	39	17	19	0	323
NCU04952T0_33-349_1EX1:A:1-388	3	11	8	15	1	39	19	29	0	388
NCU04952T0_355-604_1EX1:A:389-602	5	6	2	6	0	33	25	10	0	214
NCU04947T0_574-752,785-881_1RMG:A:	8	23	1	3	0	46	35	15	0	422
NCU04947T0_215-503_1RMG:A:	8	23	1	3	0	46	35	15	0	422
NCU04943T0_182-233_1GL2:C:	0	0	0	1	0	2	0	0	0	64
NCU04940T0_134-256,289-339_1PQW:A:	0	7	2	7	0	15	7	13	0	183
NCU04940T0_6-164_1YB5:A:6-120,A:295-329	2	9	3	2	0	18	11	6	1	150
NCU04938T0_25-91,118-230,259-321,349-395,595-658_1JU2:A:1-293,A:464-521	13	17	8	7	0	40	25	18	1	351
NCU04938T0_452-599_1JU2:A:294-463	3	9	1	2	0	26	19	6	0	170
NCU04936T0_72-129,181-322_1MV8:A:1-202	4	8	0	9	0	22	14	13	0	202
NCU04936T0_331-429_1MV8:A:203-300	0	0	1	4	0	6	5	6	0	98
NCU04936T0_439-545_1MV8:A:301-436	1	5	1	7	0	17	12	8	0	136
NCU04933T0_1-239_2BKA:A:5-236	0	9	4	8	0	20	12	13	0	232
NCU04924T0_179-286,320-482_1YV9:A:4-256	1	15	3	8	0	27	18	14	0	253
NCU04923T0_9-309_1US0:A:	10	10	4	10	0	46	22	22	0	314
NCU04917T0_99-368_1P91:A:	4	11	1	8	0	29	16	19	0	268
NCU04913T0_12-97_2GX8:A:4-373	3	13	4	11	0	29	17	13	0	370
NCU04910T0_95-364_1P91:A:	4	11	1	8	0	29	16	19	0	268
NCU04908T0_55-137,184-338_1VJN:A:	2	14	1	3	0	24	15	9	0	219
NCU04907T0_103-375_1VE3:A:2-227	0	10	2	7	0	20	9	11	0	226
NCU02382T0_117-309_1XD3:A:	5	6	1	8	0	24	9	15	0	229
NCU06017T0_27-178_1RHS:A:1-149	3	5	0	5	0	19	9	11	0	149
NCU06017T0_209-321_1RHS:A:150-293	4	7	3	5	0	18	9	8	0	144
NCU06077T0_141-586_1PW4:A:	2	0	1	18	0	21	18	22	0	450
NCU02216T0_66-396_1UG9:A:274-686	14	8	3	15	0	52	31	30	0	413
NCU02214T0_19-67_1AW6:A:	0	0	0	2	0	6	3	2	0	43
NCU02432T0_21-114_1XBL:A:	0	0	0	3	0	7	3	6	0	75
NCU02432T0_310-360_3ZNF:A:	2	0	0	1	0	5	3	1	0	30
NCU02429T0_5-143_1F9Z:A:	0	8	0	2	0	15	7	7	0	135
NCU10008T0_66-526_1YFM:A:	4	8	6	16	1	38	15	23	0	459
NCU05902T0_125-176,235-359_1NR0:A:2-312	4	27	1	0	0	38	22	20	0	311
NCU05899T0_31-72,109-210_1WIN:A:	0	6	0	5	0	15	6	3	0	142
NCU02349T0_1192-1456_1GA8:A:	1	9	6	12	0	34	23	21	0	282
NCU11254T0_782-922,1004-1022_2R09:A:65-252	2	0	0	10	0	15	10	10	0	190
NCU11254T0_1188-1231,1259-1322_1DRO:A:	2	6	0	2	0	16	10	4	0	122
NCU02346T0_54-93_2OVR:B:2263-2364	0	0	0	6	0	9	7	5	0	102
NCU02343T0_199-568_2C7F:A:17-386	8	10	4	11	0	40	23	25	0	370
NCU02319T0_401-649_1HS6:A:209-460	1	7	4	11	0	19	10	13	0	252
NCU02319T0_182-388_1HS6:A:1-208	2	15	4	0	0	20	10	12	0	208
NCU02317T0_3-106_1TR0:A:	0	4	1	3	0	11	3	4	0	106
NCU02315T0_675-745_1A5J:A:1-55	0	0	0	3	0	9	8	2	0	55
NCU02315T0_751-824_1GUU:A:	0	0	0	3	0	5	3	2	0	50
NCU09568T0_157-304_1NYO:A:	5	7	0	8	0	18	16	11	0	163
NCU09560T0_119-227_1AP6:A:84-198	1	3	2	6	0	9	4	6	0	115
NCU09560T0_27-114_1KKC:A:14-97	1	0	0	3	0	5	2	4	0	84
NCU02240T0_288-321_1AZ6:A:	0	2	0	0	0	7	4	2	0	36
NCU02238T0_55-497_1PW4:A:	2	0	1	18	0	21	18	22	0	450
NCU02237T0_256-320_1KAG:A:	0	5	1	7	0	12	8	5	0	169
NCU02235T0_193-418,527-668,815-954_1FO3:A:	8	18	3	16	0	47	22	26	0	457
NCU02212T0_131-221_3EZM:A:	0	10	3	0	0	8	4	9	0	101
NCU02211T0_426-617_1FKM:A:249-442	2	0	8	8	0	13	13	10	0	194
NCU02211T0_595-694_1FKM:A:443-630	0	0	1	8	0	10	3	8	0	188
NCU02204T0_181-264_1V31:A:	2	4	0	4	0	14	11	2	0	92
NCU02204T0_15-60_1Q1V:A:	0	0	1	3	0	7	5	1	0	69
NCU02203T0_81-140_1FBV:A:356-434	2	2	0	2	0	11	6	5	0	79
NCU02202T0_770-947,984-1080_1A06:A:	4	8	4	10	0	29	20	14	0	307
NCU02202T0_160-295_1KV9:A:1-560	8	39	7	5	0	72	35	35	0	560
NCU02408T0_29-121_1AWP:A:	1	5	1	4	0	11	4	8	0	86
NCU02407T0_36-375_1JEH:A:1-160,A:283-355	5	10	0	6	0	22	12	12	1	233
NCU02407T0_382-503_1JEH:A:356-478	2	5	1	5	0	12	5	9	0	123
NCU06089T0_3-226_1A77:A:2-208	4	7	3	6	0	25	18	11	0	207
NCU06089T0_211-335_1UL1:X:218-357	1	1	1	7	0	13	9	4	0	140
NCU06086T0_57-272_1YQF:A:14-195	1	6	1	5	0	14	11	7	0	182
NCU06085T0_184-237,270-332_1JBI:A:	4	8	0	1	0	18	11	5	0	100
NCU08152T0_12-215,247-482_1PV7:A:	0	0	2	22	0	18	12	14	0	417
NCU08146T0_150-252_2AF7:A:1-119	0	0	0	8	1	9	2	7	0	119
NCU08183T0_7-254_1WZN:A:1-251	1	11	4	7	0	20	9	14	0	251
NCU08177T0_139-240,271-448_2JAV:A:3-271	1	8	3	9	0	24	12	13	0	269
NCU08176T0_40-231_1EE6:A:	0	19	0	0	0	30	22	7	0	197
NCU08175T0_189-229,287-451_1A06:A:	4	8	4	10	0	29	20	14	0	307
NCU02198T0_63-431_1PSO:E:	6	30	5	6	0	39	15	21	0	326
NCU02197T0_44-150_1BW3:A:	0	5	2	4	0	16	12	8	0	125
NCU02196T0_72-394_1DS1:A:	5	16	8	7	0	38	23	18	0	323
NCU02194T0_213-465_1YE8:A:1-178	0	9	2	5	0	17	7	11	0	178
NCU02190T0_13-376_1ZHX:A:2-434	5	19	10	9	0	46	21	29	0	433
NCU02424T0_392-505_1XBL:A:	0	0	0	3	0	7	3	6	0	75
NCU02424T0_43-241,312-379_1ELW:A:	0	0	0	7	0	11	0	7	0	117
NCU02423T0_20-297_1OKC:A:	0	0	6	11	0	19	10	9	0	292
NCU02419T0_17-111_1FJG:Q:	0	5	0	1	0	9	1	5	0	104
NCU02416T0_142-156,220-398,428-553_1VA4:A:	4	8	3	10	0	25	15	19	0	271
NCU02414T0_31-313,358-407_1JYK:A:	2	15	5	6	0	27	12	16	0	253
NCU02414T0_556-730_1PAQ:A:	0	0	2	8	0	9	4	8	0	161
NCU06039T0_266-537_1GOT:B:	1	28	0	2	0	36	22	23	0	339
NCU06038T0_79-122_1DFE:A:	0	3	1	0	0	8	4	1	0	37
NCU06035T0_143-231_1F60:B:	0	4	0	2	0	6	2	7	0	90
NCU06035T0_11-64_1JLV:A:85-207	0	0	1	6	0	6	6	7	0	123
NCU06031T0_9-219_1PRX:A:	4	11	0	6	0	30	13	16	0	220
NCU06029T0_243-333,382-462_1COZ:A:	1	5	2	5	0	12	6	10	0	126
NCU06020T0_25-258,341-376_1D2K:A:36-292,A:355-427	3	9	7	12	0	40	28	19	1	330
NCU02234T0_1482-1763_1U5R:A:	5	8	4	12	0	31	20	16	0	309
NCU02233T0_9-152,210-261,314-457_1TG7:A:41-394	13	10	6	10	0	54	27	25	0	354
NCU02232T0_151-510_1ZT2:A:3-329	6	18	3	9	0	40	19	15	0	327
NCU02228T0_17-319,368-447_1N4Q:B:	11	5	5	14	0	36	20	25	0	346
NCU02227T0_60-279,378-449_1VGY:A:2-180,A:294-376	6	13	2	7	0	28	17	16	1	262
NCU02227T0_271-376_1VGY:A:181-293	2	6	1	2	0	14	4	4	0	113
NCU02226T0_3-373_2A0U:A:10-383	5	14	4	12	0	41	26	18	0	374
NCU02224T0_410-478_1UFM:A:	0	3	0	3	0	8	7	3	0	83
NCU02223T0_718-797_1H3O:B:	0	1	0	3	0	7	2	2	0	75
NCU02220T0_4-213_1R4W:A:	0	4	1	10	0	15	10	13	0	221
NCU08162T0_15-465_1AUW:A:	3	6	7	18	0	35	14	20	0	447
NCU08158T0_4-81,140-216_1VHR:A:	2	5	1	8	0	14	9	10	0	178
NCU08156T0_35-146,177-320,347-387_1VJ5:A:226-547	0	8	9	13	0	29	21	23	0	321
NCU08131T0_23-394_2GUY:A:1-381	12	13	11	13	0	43	24	24	0	381
NCU08131T0_408-501_2AAA:A:382-476	0	8	0	1	0	12	5	9	0	95
NCU08127T0_51-381_2P0V:A:39-481	5	15	3	16	0	48	34	25	0	443
NCU08124T0_16-313,526-587_1D4C:A:103-359,A:506-570	4	15	3	10	0	39	17	21	1	322
NCU09582T0_34-235_2IW0:A:29-248	2	11	4	8	0	26	19	12	0	220
NCU09581T0_7-297_1MLV:A:50-310	4	6	3	8	0	32	19	16	0	261
NCU09579T0_24-301_1SNY:A:	3	7	6	7	0	28	16	13	0	266
NCU09576T0_554-605_1LLM:C:129-156	0	2	0	2	0	3	1	2	0	28
NCU09575T0_37-571_1CLE:A:	10	15	8	19	0	66	40	35	0	534
NCU09572T0_2-192_1K8K:E:	4	2	1	5	0	19	12	8	0	174
NCU02397T0_14-187_1PVD:A:2-181	0	8	3	6	0	14	9	8	0	180
NCU02397T0_175-349_1QPB:A:182-360	0	9	4	4	0	18	11	9	0	179
NCU02397T0_369-474_1PVD:A:361-556	2	6	4	9	0	22	7	15	0	196
NCU02396T0_88-198_1OQC:A:	0	0	1	5	0	10	7	4	0	112
NCU02395T0_9-298_1JR2:A:	2	11	3	12	0	26	17	11	0	260
NCU02389T0_49-238_1ZTP:A:17-250	2	9	2	7	0	29	19	12	0	234
NCU02388T0_85-336,397-434_1GOT:B:	1	28	0	2	0	36	22	23	0	339
NCU02385T0_239-301_2DIR:A:8-92	0	4	0	2	0	9	5	3	0	85
NCU05767T0_5-45_2HAP:C:55-97	0	0	1	2	0	6	3	2	0	43
NCU05764T0_43-175,233-259_1WZN:A:1-251	1	11	4	7	0	20	9	14	0	251
NCU05759T0_27-196_1AUO:A:	0	11	2	6	0	25	9	13	0	218
NCU05756T0_132-447_1BQB:A:	2	15	4	8	0	30	19	17	0	301
NCU05753T0_7-151_1KPP:A:	2	8	0	4	0	19	11	7	0	144
NCU05753T0_515-576_2F6M:A:322-385	0	0	0	2	0	3	1	2	0	64
NCU05752T0_10-381,408-444_2D0T:A:12-403	6	4	5	19	0	33	22	25	0	392
NCU05750T0_176-324_1F21:A:	3	5	0	5	0	13	6	10	0	152
NCU05750T0_13-56_1QHK:A:	0	3	0	2	0	7	4	0	0	47
NCU05750T0_73-117_1QHK:A:	0	3	0	2	0	7	4	0	0	47
NCU02337T0_142-302,346-393,425-474_1OKC:A:	0	0	6	11	0	19	10	9	0	292
NCU02335T0_14-281_1VL8:A:	2	7	6	9	0	25	10	14	0	251
NCU02329T0_16-182_2OQM:A:1-171	2	2	2	8	0	12	5	11	0	171
NCU02326T0_48-137_1J46:A:	0	0	0	3	0	5	3	3	0	84
NCU02322T0_8-402_1PMI:A:	3	25	3	14	0	53	25	21	0	440
NCU02380T0_321-586,632-651_1EVL:A:242-532	6	15	4	9	0	32	14	16	0	291
NCU02380T0_142-319_1NYR:A:63-241	0	8	1	5	0	17	11	8	0	179
NCU02380T0_653-761_1NYR:A:533-645	0	5	0	5	0	10	5	7	0	113
NCU02380T0_79-140_1NYR:A:4-62	3	3	0	2	0	11	3	5	0	59
NCU02379T0_3-88_1FS1:A:109-149	0	0	2	3	0	6	2	3	0	41
NCU02379T0_504-528_1VBV:A:3-97	0	5	1	1	0	11	3	4	0	94
NCU02375T0_176-516_2GFO:A:762-1109	3	20	3	10	0	40	19	15	0	348
NCU02375T0_25-130_2UZG:A:36-130	0	5	0	3	0	13	5	6	0	95
NCU02374T0_262-344_1UFM:A:	0	3	0	3	0	8	7	3	0	83
NCU02366T0_41-555_1ACO:A:2-528	11	21	6	16	0	60	33	33	0	527
NCU02366T0_561-781_1ACO:A:529-754	9	9	4	7	0	28	12	16	0	226
NCU02364T0_38-98_1ZR9:A:28-94	0	2	1	2	0	10	9	4	0	67
NCU02357T0_7-636,837-1029_2BPT:A:1-861	0	0	19	43	0	44	28	37	0	860
NCU02352T0_3-38,71-173,212-400_1OKC:A:	0	0	6	11	0	19	10	9	0	292
NCU06071T0_209-334_1KS9:A:168-291	0	0	2	6	0	7	1	7	0	124
NCU06071T0_11-175_1KS9:A:1-167	0	11	3	4	0	22	13	12	0	167
NCU06063T0_29-572_1V25:A:	8	24	4	16	0	59	31	33	0	534
NCU06062T0_226-421_1YK3:A:10-207	4	7	3	7	0	19	7	11	0	198
NCU06061T0_14-48,76-358_3LAD:A:159-277	0	8	0	3	0	11	12	6	0	119
NCU06058T0_23-324_2DVT:A:1-325	2	8	9	14	0	30	16	19	0	325
NCU06055T0_167-417_2PWA:A:1-279	4	15	3	6	0	32	20	20	0	279
NCU06055T0_54-143_1SCJ:B:	0	5	0	2	0	8	4	3	0	71
NCU06052T0_5-100_1XBL:A:	0	0	0	3	0	7	3	6	0	75
NCU06051T0_265-342_1KBI:A:1-97	4	4	3	4	0	14	7	8	0	97
NCU06049T0_31-94_1JNX:X:1649-1757	4	4	0	5	0	15	7	4	0	109
NCU06047T0_162-242_1PKP:A:78-148	1	4	0	2	0	9	5	4	0	71
NCU06047T0_80-151_1PKP:A:4-77	2	4	1	1	0	9	7	1	0	74
NCU06042T0_50-344,503-565_1D4C:A:103-359,A:506-570	4	15	3	10	0	39	17	21	1	322
NCU06042T0_335-499_1E39:A:360-505	1	5	1	6	0	17	10	12	0	146
NCU05897T0_25-423_1PV7:A:	0	0	2	22	0	18	12	14	0	417
NCU05896T0_23-211_4LIP:D:	4	11	2	11	0	29	17	24	0	319
NCU05895T0_689-885_1AKO:A:	6	12	3	10	0	27	14	16	0	268
NCU05894T0_97-192_1W3B:A:	0	0	0	23	0	35	6	26	0	388
NCU05891T0_470-584_1KKX:A:	0	0	0	5	0	11	7	7	0	102
NCU05888T0_14-454_1TVL:A:	6	12	5	13	0	46	33	19	0	430
NCU05887T0_68-210_1YB5:A:6-120,A:295-329	2	9	3	2	0	18	11	6	1	150
NCU05887T0_245-344_1RJW:A:138-305	0	7	1	8	0	16	10	9	0	168
NCU05886T0_24-435_1PV7:A:	0	0	2	22	0	18	12	14	0	417
NCU05885T0_79-291_1W4X:A:10-154,A:390-542	6	10	5	9	0	33	21	19	1	298
NCU05885T0_367-583_1W4X:A:155-389	3	10	3	7	0	23	20	9	0	235
NCU05882T0_33-412_1ECE:A:	9	13	3	9	0	43	26	25	0	358
NCU05861T0_560-667,794-1035,1081-1145_2FWR:A:23-256	3	12	5	9	0	19	16	14	0	234
NCU05858T0_124-465,494-667_1CVU:A:74-583	20	4	8	24	0	55	35	33	0	511
NCU05858T0_712-949,979-1098_1CPT:A:	4	12	6	17	0	39	22	20	0	428
NCU05853T0_25-488_1PV7:A:	0	0	2	22	0	18	12	14	0	417
NCU05852T0_119-243_1DYK:A:2933-3117	4	15	1	0	0	22	16	9	0	185
NCU05851T0_31-554_1LCI:A:	7	27	4	15	0	64	28	38	0	541
NCU05849T0_52-275,304-330,359-494_1TQN:A:	5	9	7	18	0	43	20	30	0	472
NCU05849T0_616-684_1CPT:A:	4	12	6	17	0	39	22	20	0	428
NCU05848T0_33-505_1E9X:A:	5	12	6	18	0	48	21	22	0	449
NCU02299T0_136-312_1V3U:A:113-294	2	6	2	7	0	15	10	11	0	182
NCU02299T0_14-156_1V3U:A:1-112,A:295-329	3	9	2	2	0	16	8	9	1	147
NCU02296T0_78-359_1GKR:A:55-379	4	9	7	14	0	33	16	17	0	325
NCU02296T0_486-561_1NFG:A:1-51,A:382-457	2	9	1	0	0	15	9	8	1	127
NCU02296T0_429-486_1GKR:A:55-379	4	9	7	14	0	33	16	17	0	325
NCU02293T0_24-86_2OCC:H:	1	0	1	3	0	9	6	3	0	79
NCU02291T0_43-281_1SIQ:A:3-238	4	9	4	7	0	21	11	19	0	236
NCU02291T0_281-431_1SIQ:A:239-392	0	2	3	5	0	5	7	4	0	154
NCU02287T0_136-391_1IVH:A:6-241	3	8	6	7	0	20	10	16	0	236
NCU02287T0_378-537_1EGD:A:242-396	2	2	3	5	0	4	4	8	0	155
NCU02287T0_2-85_1KBI:A:1-97	4	4	3	4	0	14	7	8	0	97
NCU02286T0_464-552_1WF1:A:	0	6	1	2	0	14	11	4	0	109
NCU02282T0_124-357_1D2T:A:	0	0	2	13	0	18	11	13	0	224
NCU02281T0_450-555,674-829,946-1037_1VJV:A:	7	17	4	10	0	35	13	16	0	397
NCU10226T0_6-129_2B33:A:2-127	2	6	3	2	0	16	8	5	0	127
NCU02278T0_405-503,554-594_2CND:A:125-270	0	8	3	6	0	14	9	6	0	146
NCU02276T0_331-452_1E6I:A:	0	0	2	5	0	8	8	7	0	111
NCU02269T0_18-305_1OKC:A:	0	0	6	11	0	19	10	9	0	292
NCU02267T0_112-545_1A12:A:	5	30	5	1	0	58	38	27	0	401
NCU02264T0_46-175_1FXK:C:	0	4	0	2	0	5	1	6	0	133
NCU02263T0_96-293_1AUA:A:97-299	2	5	7	8	0	23	12	12	0	203
NCU02263T0_4-93_1AUA:A:4-96	0	0	1	5	0	8	5	8	0	93
NCU02256T0_145-430_2HBJ:A:129-420	0	8	5	10	0	33	22	11	0	292
NCU02256T0_434-533_2HBJ:A:421-516	0	0	0	6	0	9	5	5	0	96
NCU02252T0_82-309_1EQJ:A:77-310	2	8	2	8	0	31	15	12	0	234
NCU02252T0_6-82,310-516_1EQJ:A:3-76,A:311-510	6	8	4	9	0	34	20	17	1	274
NCU02249T0_331-357,390-428,466-660_2GIV:A:4-274	3	13	3	6	0	30	14	12	0	271
NCU06167T0_91-488_1PW4:A:	2	0	1	18	0	21	18	22	0	450
NCU06152T0_138-394_1JJI:A:	0	8	5	11	0	21	17	19	0	311
NCU06150T0_84-166_1HDJ:A:	0	0	1	4	0	9	2	7	0	76
NCU06150T1_84-166_1HDJ:A:	0	0	1	4	0	9	2	7	0	76
NCU06145T0_19-67_1TF3:A:71-101	0	2	0	1	0	4	2	1	0	31
NCU06138T0_37-263,305-522_1PV7:A:	0	0	2	22	0	18	12	14	0	417
NCU06137T0_19-404_1F24:A:	3	12	6	15	0	42	26	23	0	399
NCU06132T0_65-336_1PV7:A:	0	0	2	22	0	18	12	14	0	417
NCU06132T0_294-511,556-584_1PW4:A:	2	0	1	18	0	21	18	22	0	450
NCU06131T0_55-302_2FLU:X:325-609	14	28	0	0	0	37	15	14	0	285
NCU06123T0_23-387_1TRK:A:3-337	2	7	3	13	0	32	17	26	0	335
NCU06123T0_394-607_1TRK:A:338-534	2	8	4	7	0	26	13	13	0	197
NCU06122T0_109-237,271-479_1WER:A:	0	0	6	15	0	23	13	16	0	324
NCU06122T0_653-750_1X0H:A:8-107	0	7	1	3	0	10	5	5	0	99
NCU06119T0_104-278_1MVH:A:	5	15	3	2	0	50	27	17	0	269
NCU06118T0_106-187,218-249,291-345,384-471,604-701_1M8Z:A:	0	2	4	27	0	17	16	26	0	339
NCU06113T0_120-291_1WSC:A:3-227	1	9	6	6	0	26	11	12	0	225
NCU06112T0_54-360,397-542_1JS3:A:	4	11	10	14	0	46	26	22	0	476
NCU06111T0_38-146,189-251_1CTQ:A:	0	6	1	6	0	16	8	10	0	166
NCU06108T0_61-342_2FYW:A:1-265	2	12	4	9	0	26	20	12	0	265
NCU06107T0_9-89_1V9J:A:	0	3	1	4	0	13	10	2	0	112
NCU11302T0_25-169_1ELK:A:	0	0	1	9	0	11	7	9	0	153
NCU11302T0_497-645_1NA8:A:	2	8	2	1	0	18	8	8	0	153
NCU11302T0_196-324_1OXZ:A:	0	0	0	5	0	7	5	4	0	132
NCU06099T0_34-397_1N1M:A:39-508	9	38	3	4	0	58	37	26	0	470
NCU05846T0_184-361,394-493,520-675_2CSG:A:3-419	10	12	6	15	0	56	28	26	0	417
NCU05843T0_33-429_1U7G:A:	2	2	6	15	0	21	14	16	0	383
NCU05842T0_164-440_1P91:A:	4	11	1	8	0	29	16	19	0	268
NCU05841T0_107-385_1P91:A:	4	11	1	8	0	29	16	19	0	268
NCU05836T0_105-589_1FO3:A:	8	18	3	16	0	47	22	26	0	457
NCU05835T0_48-406_2APR:A:	5	26	6	4	0	38	16	22	0	325
NCU05832T0_121-327_1P91:A:	4	11	1	8	0	29	16	19	0	268
NCU05831T0_64-304_1P91:A:	4	11	1	8	0	29	16	19	0	268
NCU05828T0_177-494_2R8C:A:58-368	4	11	2	13	0	35	18	21	0	310
NCU05828T0_68-177,494-533_1KCX:A:15-66,A:401-490	2	11	0	1	0	21	8	8	1	142
NCU05822T0_67-160,194-272_1DUS:A:	0	9	1	5	0	16	12	13	0	194
NCU05821T0_33-413_2JBW:A:8-367	0	9	6	13	0	33	19	23	0	358
NCU05819T0_59-548_2P0V:A:39-481	5	15	3	16	0	48	34	25	0	443
NCU05818T0_93-203,256-447_1YV9:A:4-256	1	15	3	8	0	27	18	14	0	253
NCU05813T0_177-248,281-328_2GYC:Q:5-110	4	2	0	1	0	12	8	6	0	106
NCU05808T0_4-191_1M0Z:A:	3	13	5	1	0	45	22	17	0	266
NCU05808T0_210-436,469-497_1MQB:A:	4	8	3	8	0	26	11	14	0	283
NCU05807T0_507-740_2IUW:A:70-279	2	14	1	4	0	25	13	5	0	210
NCU05807T0_6-78,112-245_1IM5:A:	6	6	4	4	0	22	12	14	0	179
NCU05803T0_1330-2354_1QBK:B:	0	0	17	47	0	50	54	64	0	888
NCU05803T0_2254-2621_1QGR:A:	0	0	13	43	0	50	36	39	0	876
NCU05803T0_181-233,323-370,610-630,734-778,1146-1456_1LRV:A:	2	0	8	10	0	22	18	13	0	233
NCU05803T0_33-395,534-686,717-798,949-1001_1TE4:A:	0	0	3	6	0	11	9	5	0	111
NCU05802T0_679-874,928-1255_1YKS:A:325-623	3	11	4	8	0	38	21	17	0	299
NCU05800T0_144-193_1F6U:A:	2	2	3	0	0	10	5	3	0	55
NCU05800T0_47-97_1F6U:A:	2	2	3	0	0	10	5	3	0	55
NCU05800T0_5-45_1AAF:A:	0	0	2	0	0	11	7	2	0	55
NCU05800T1_144-193_1F6U:A:	2	2	3	0	0	10	5	3	0	55
NCU05800T1_47-97_1F6U:A:	2	2	3	0	0	10	5	3	0	55
NCU05800T1_5-45_1AAF:A:	0	0	2	0	0	11	7	2	0	55
NCU05797T0_55-348_1P22:A:253-545	0	28	0	1	0	35	23	13	0	293
NCU05789T0_17-287_1GBG:A:	7	16	2	1	0	25	12	12	0	214
NCU05780T0_99-221_1HQO:A:201-354	2	0	1	7	0	9	5	7	0	154
NCU05780T0_7-87_1K0D:D:99-200	0	4	3	4	0	11	6	8	0	102
NCU05778T0_41-168_1Q48:A:	2	3	0	4	0	12	10	10	0	133
NCU05777T0_297-620,680-788_2GFO:A:762-1109	3	20	3	10	0	40	19	15	0	348
NCU05777T0_150-260_2G45:A:173-285	5	6	0	2	0	17	5	9	0	117
NCU05777T0_1-77,104-132_2IDA:A:1-102	2	4	1	2	0	14	7	5	0	102
NCU05777T0_618-693_1WIV:A:	0	0	0	3	0	12	10	2	0	72
NCU09800T0_60-380_1GY9:A:	6	15	2	7	0	34	19	14	0	279
NCU09798T0_12-319,546-607_1GPE:A:1-328,A:525-587	13	16	6	10	0	49	25	31	1	391
NCU09798T0_322-384,414-547_1GPE:A:329-524	4	8	4	7	0	18	14	8	0	196
NCU05620T0_1119-1201,1241-1317,1412-1547,1586-1620,1701-1924_1Y6I:A:1-82	0	0	0	5	0	8	5	4	0	82
NCU05618T0_79-154,184-277_1CFE:A:	1	6	2	4	0	18	12	7	0	135
NCU09785T0_38-301,333-457_1CRU:A:	5	30	5	2	0	71	34	34	0	450
NCU09784T0_2-303_1GX3:A:	1	13	1	9	0	31	15	16	0	276
NCU07053T0_11-485_1BI9:A:	7	19	2	16	0	50	25	21	0	499
NCU07050T0_684-822_1V6W:A:304-436	5	12	5	0	0	24	7	8	0	133
NCU07050T0_55-493_2JG0:A:37-547	13	16	6	19	0	52	31	30	0	511
NCU07050T0_573-683_1K3I:A:12-150	3	10	0	0	0	15	10	5	0	102
NCU05616T0_7-227_1VE3:A:2-227	0	10	2	7	0	20	9	11	0	226
NCU07060T0_127-187_1IYM:A:	0	2	0	1	0	11	6	4	0	54
NCU07059T0_75-291,357-455_1JJI:A:	0	8	5	11	0	21	17	19	0	311
NCU09871T0_21-175_2GGM:A:24-166	2	2	1	7	0	11	6	5	0	143
NCU04698T0_284-507_1INL:A:	0	13	2	11	0	27	17	15	0	295
NCU04695T0_20-281_1XXL:A:	5	8	2	9	0	23	10	12	0	238
NCU05630T0_64-186_1FI2:A:	2	10	3	3	0	28	15	13	0	201
NCU05624T0_16-145,172-210,242-290,351-460_1K2X:A:,B:	4	13	2	9	0	28	12	18	1	291
NCU09864T0_83-455_1DTW:A:	6	8	8	10	0	37	19	29	0	394
NCU09862T0_73-336_1XXL:A:	5	8	2	9	0	23	10	12	0	238
NCU09861T0_45-97,130-292_1S3L:A:	0	11	1	4	0	19	12	8	0	165
NCU09859T0_64-273_1CGL:A:	2	5	0	3	0	22	18	7	0	168
NCU09794T0_2-160_1ZH8:A:4-131,A:276-328	0	7	3	8	0	16	11	4	1	181
NCU09794T0_151-289_1ZH8:A:132-275	2	8	2	3	0	12	7	8	0	144
NCU09792T0_103-181_1S7B:A:	0	0	0	4	0	10	7	3	0	109
NCU09791T0_158-476_1HG8:A:	1	26	3	1	0	43	31	12	0	349
NCU09791T0_532-724,755-883_1RMG:A:	8	23	1	3	0	46	35	15	0	422
NCU09789T0_2-423_1J4B:A:	6	18	7	13	0	50	29	24	0	432
NCU09788T0_298-608_2DNJ:A:	6	12	2	8	0	28	14	12	0	260
NCU05653T0_43-172,254-344_1KOQ:A:	5	13	5	4	0	33	18	7	0	222
NCU05651T0_2-143_1X99:A:	0	10	2	2	0	16	8	8	0	144
NCU05643T0_1-132,177-237,356-442_3C96:A:4-182,A:294-402	1	13	1	8	0	26	14	13	1	288
NCU05643T0_251-361_3C96:A:183-293	3	5	0	4	0	12	4	7	0	111
NCU05638T0_79-168,210-390_2JFL:A:21-308	1	11	6	10	0	27	17	20	0	288
NCU05637T0_85-138_1GD2:G:	0	0	0	1	0	3	1	0	0	69
NCU04783T0_2-143_1INZ:A:	0	0	1	7	0	13	10	5	0	147
NCU04780T0_41-271_1WY5:A:1-216	0	6	1	10	0	20	9	10	0	216
NCU04779T0_90-223_1RLG:A:	0	4	1	5	0	10	10	5	0	113
NCU04778T0_3-199_1DDZ:A:326-564	0	5	0	11	0	20	12	19	0	239
NCU04773T0_1-42_1CO4:A:	0	3	1	0	0	6	4	2	0	42
NCU04772T0_321-400_1UG0:A:	0	0	1	5	0	8	7	3	0	87
NCU04771T0_32-286,409-466_1PJ5:A:4-219,A:339-427	2	17	6	8	0	32	16	16	1	305
NCU04771T1_32-286,409-466_1PJ5:A:4-219,A:339-427	2	17	6	8	0	32	16	16	1	305
NCU04768T0_83-301,398-541_2GMH:A:4-236,A:336-482	2	17	5	9	0	43	20	25	1	380
NCU04768T0_302-397_2GMH:A:237-335	0	5	1	2	0	11	4	8	0	99
NCU04768T0_543-643_2GMH:A:483-584	2	4	1	5	0	17	6	8	0	102
NCU04713T0_615-684_2DKT:A:8-81	2	4	0	1	0	10	11	2	0	74
NCU07116T0_1980-2029_2D8Q:A:8-64	4	0	0	2	0	9	3	2	0	57
NCU07112T0_44-158,251-374_1XHC:A:1-103,A:226-289	4	11	2	5	0	18	13	9	1	165
NCU07110T0_6-42_2OVR:B:2263-2364	0	0	0	6	0	9	7	5	0	102
NCU07101T0_20-143_1PUN:A:	3	5	2	2	0	22	12	8	0	129
NCU07100T0_40-222,317-345,374-438_2Q43:A:16-194,A:314-407	3	10	2	8	0	25	12	18	1	273
NCU07100T0_209-318_1CG2:A:214-326	3	6	2	2	0	12	8	5	0	113
NCU07098T0_315-446,507-604_1N11:A:	0	0	1	24	0	48	15	35	0	408
NCU07094T0_20-196,316-409_3C96:A:4-182,A:294-402	1	13	1	8	0	26	14	13	1	288
NCU07089T0_2-288_1K6X:A:	2	13	3	12	0	37	26	20	0	350
NCU04764T0_180-208,267-297,338-462_1XXL:A:	5	8	2	9	0	23	10	12	0	238
NCU04755T0_15-133,161-375_1MUO:A:	6	6	4	9	0	28	17	16	0	261
NCU04755T0_359-556,583-636_1Z3X:A:1-87	0	0	0	5	0	7	4	5	0	87
NCU04751T0_36-326_1K3I:A:151-537	9	30	6	0	0	59	29	25	0	387
NCU07143T0_5-106,165-372_1QNI:A:10-450	9	30	5	5	0	52	30	21	0	441
NCU07139T0_28-72_1D66:A:8-48	0	0	0	2	0	4	1	2	0	41
NCU07135T0_227-399_1FQV:A:146-431	8	13	3	8	0	55	21	24	0	286
NCU07133T0_47-250_1ZKP:A:1-244	6	14	2	7	0	29	13	18	0	244
NCU07130T0_51-375_1K6A:A:	7	9	2	13	0	30	21	19	0	302
NCU07127T0_31-255_2R8B:A:44-246	2	9	2	5	0	21	16	11	0	203
NCU07126T0_64-226_1VKC:A:	0	5	3	4	0	13	5	7	0	149
NCU07117T0_55-303_1GER:A:147-262	1	7	1	3	0	17	13	6	0	116
NCU07117T0_256-422_1GER:A:147-262	1	7	1	3	0	17	13	6	0	116
NCU07083T0_245-279,319-551_2PLC:A:	5	13	4	8	0	26	18	17	0	274
NCU07082T0_234-564_1EOV:A:205-557	7	11	2	13	0	32	18	22	0	353
NCU07082T0_109-204_1EOV:A:71-204	0	6	2	1	0	14	6	5	0	134
NCU07081T0_58-346_1EVQ:A:	0	8	4	9	0	28	16	23	0	308
NCU07080T0_4-210_2NVW:A:2-154,A:374-457	0	6	4	8	0	22	12	12	1	235
NCU07080T0_148-342_2NVW:A:155-373	2	11	4	2	0	20	14	5	0	219
NCU07078T0_33-169_1LTL:A:	2	10	4	5	0	24	9	12	0	239
NCU10189T0_11-190_1W1O:A:40-245	2	10	2	6	0	23	19	14	0	206
NCU07071T0_149-345_1WA5:B:	0	0	5	29	0	38	22	22	0	506
NCU07067T0_144-648_1KRE:A:	9	16	6	17	0	42	30	26	0	475
NCU07066T0_86-213_2A1I:A:99-227	0	6	2	5	0	12	7	6	0	129
NCU07066T0_209-286_2A1J:B:219-296	0	0	0	5	0	5	8	3	0	77
NCU07064T0_188-438_1YEY:A:184-435	5	9	2	9	0	30	16	14	0	252
NCU07064T0_7-140_1YEY:A:2-140	3	3	1	7	0	12	6	8	0	139
NCU07063T0_92-436_1EAG:A:	1	26	4	3	0	39	18	21	0	342
NCU04744T0_18-306_1O5K:A:	0	10	4	12	0	25	12	16	0	305
NCU04743T0_1-59,101-246,291-344_1L5X:A:	8	11	1	8	0	39	23	12	0	279
NCU04743T0_542-577,622-668,732-808_1EHI:A:135-362	0	9	3	6	0	24	11	13	0	228
NCU04737T0_191-353,423-527_1J8F:A:	4	9	5	12	0	33	20	18	0	323
NCU04729T0_131-187,218-409_1MNN:A:	5	22	7	3	0	40	15	13	0	303
NCU04728T0_279-551_1IG8:A:225-486	1	5	5	10	0	20	16	19	0	262
NCU04728T0_75-275_1CZA:N:466-670	3	8	0	7	0	20	13	11	0	205
NCU04725T0_72-352_1UN7:A:58-358	5	14	7	10	0	33	17	16	0	300
NCU04725T0_425-480_1YRR:A:54-350	4	14	2	10	0	32	18	15	0	297
NCU04725T0_20-71,480-530_1GKR:A:1-54,A:380-451	2	11	1	0	0	17	6	9	1	126
NCU04847T0_85-185_2CCH:B:181-308	0	0	1	6	0	9	3	5	0	128
NCU04845T0_12-244_2A1X:A:43-338	5	15	4	5	0	35	14	11	0	296
NCU04832T0_269-402_1KS9:A:168-291	0	0	2	6	0	7	1	7	0	124
NCU04832T0_17-177_1KS9:A:1-167	0	11	3	4	0	22	13	12	0	167
NCU04830T0_1-40_1CO4:A:	0	3	1	0	0	6	4	2	0	42
NCU04823T0_10-184_1Q1N:A:1-152,A:321-360	3	12	3	4	0	28	9	12	1	192
NCU04823T0_153-319_1Q1N:A:153-320	0	6	5	5	0	19	11	12	0	168
NCU04812T0_153-171,205-230,284-306,340-384,419-458_1UWH:A:	2	8	4	8	0	28	15	13	0	276
NCU04806T0_124-296_2QAL:G:2-151	0	2	0	6	0	12	8	4	0	150
NCU04805T0_7-76_1O0W:A:168-236	0	3	0	2	0	5	3	2	0	69
NCU04803T0_3-319_1JR1:A:17-112,A:233-514	9	15	3	12	0	48	29	18	1	378
NCU04801T0_12-222_1EE0:A:20-235	1	8	3	7	0	25	11	11	0	216
NCU04801T0_233-386_1BI5:A:236-389	3	8	3	4	0	16	6	9	0	154
NCU04798T0_338-566,598-624,691-813_1UG9:A:274-686	14	8	3	15	0	52	31	30	0	413
NCU04797T0_18-347_1FRP:A:	7	13	6	8	0	31	12	15	0	327
NCU04796T0_33-295_1AFW:A:25-293	6	8	5	10	0	29	16	16	0	269
NCU04796T0_299-416_1AFW:A:294-417	3	4	3	4	0	12	4	7	0	124
NCU04791T0_18-330_1VL8:A:	2	7	6	9	0	25	10	14	0	251
NCU11285T0_36-279_1HYQ:A:	0	8	2	11	0	23	12	9	0	232
NCU11284T0_298-550_1Z63:A:432-661	0	7	2	11	0	24	16	18	0	230
NCU11284T0_588-665,955-1144_1Z3I:X:390-735	0	10	6	11	0	41	29	23	0	346
NCU04785T0_11-78_2OVR:B:2263-2364	0	0	0	6	0	9	7	5	0	102
NCU04784T0_893-1037_1KO6:A:,B:	2	11	1	4	0	20	14	12	1	158
NCU05537T0_131-427_1HYO:A:119-416	3	21	5	7	0	47	20	14	0	298
NCU05537T0_3-128_1HYO:A:1-118	0	5	2	4	0	14	9	8	0	118
NCU05536T0_239-281_1ZME:C:31-66	0	0	0	2	0	4	1	2	0	36
NCU05535T0_5-274_1YO6:A:1-250	2	8	5	8	0	24	10	16	0	250
NCU05530T0_203-272_1G6Z:A:	0	3	1	1	0	12	8	3	0	69
NCU05519T0_51-496_1PW4:A:	2	0	1	18	0	21	18	22	0	450
NCU05518T0_223-649_1EKM:A:237-672	7	24	6	5	0	52	24	29	0	436
NCU05518T0_102-215_1EKM:A:116-236	1	4	2	4	0	14	8	6	0	121
NCU05518T0_7-100_1EKM:A:17-115	0	4	0	2	0	7	4	5	0	99
NCU05516T0_413-637_1WQW:A:1-188	4	7	1	5	0	17	10	11	0	188
NCU05516T0_41-234_1FYE:A:	3	11	2	7	0	33	17	14	0	229
NCU05513T0_185-274,301-615_1A12:A:	5	30	5	1	0	58	38	27	0	401
NCU05500T0_41-290,412-470_1GOS:A:4-289,A:402-500	4	15	6	13	0	40	33	22	1	385
NCU05499T0_12-454_1EYB:A:	5	29	8	2	0	62	32	19	0	439
NCU05493T0_259-428,523-639_1ERJ:A:	2	30	1	1	0	43	24	22	0	388
NCU05492T0_71-265,326-542_1PW4:A:	2	0	1	18	0	21	18	22	0	450
NCU05488T0_2-75_2GHP:A:41-115	0	6	1	2	0	8	3	4	0	75
NCU05608T0_25-59,88-368,518-809,837-1173,1208-1441_1U6G:C:	0	2	14	60	0	74	56	65	0	1207
NCU05608T0_2019-2185,2220-2359_1E8Y:A:726-1092	0	10	2	12	0	26	15	16	0	367
NCU05608T0_1945-2037_3FAP:B:	0	0	0	4	0	5	1	1	0	94
NCU05606T0_433-550_1Q25:A:130-280	5	11	3	0	0	27	14	6	0	151
NCU05605T0_70-111,193-239_1W9C:A:	0	0	4	15	0	20	13	12	0	321
NCU05602T0_53-97_2CPD:A:223-308	0	5	0	2	0	8	7	4	0	86
NCU05597T0_17-472_1PV7:A:	0	0	2	22	0	18	12	14	0	417
NCU05594T0_15-306_1PYF:A:	6	11	6	11	0	33	19	21	0	311
NCU05591T0_897-1124_1F3O:A:	0	10	2	7	0	22	15	14	0	232
NCU05591T0_215-447_1V43:A:7-245	1	10	2	8	0	20	13	15	0	239
NCU05586T0_14-359_1RFM:A:	6	12	6	11	0	37	20	16	0	344
NCU05585T0_20-501_1PV7:A:	0	0	2	22	0	18	12	14	0	417
NCU05584T0_82-283_1Y43:A:1-32,B:3-173	2	20	0	0	0	25	9	10	1	203
NCU05580T0_73-522_1PV7:A:	0	0	2	22	0	18	12	14	0	417
NCU05577T0_100-429_1EX1:A:1-388	3	11	8	15	1	39	19	29	0	388
NCU05577T0_433-638,670-692_1EX1:A:389-602	5	6	2	6	0	33	25	10	0	214
NCU05574T0_1-117,179-261_1Y9K:A:1-152	0	9	2	5	0	15	7	6	0	151
NCU05558T0_15-286_1AFW:A:25-293	6	8	5	10	0	29	16	16	0	269
NCU05558T0_296-418_1AFW:A:294-417	3	4	3	4	0	12	4	7	0	124
NCU05557T0_91-141,178-211,282-449_1WF3:A:3-180	1	6	2	5	0	17	15	11	0	178
NCU05548T0_13-357_1HFB:A:	7	11	3	10	0	34	18	19	0	347
NCU05542T0_4-194_1VDM:A:1-153	3	9	0	3	0	18	9	6	0	153
NCU04332T0_166-312_1VJ5:A:2-225	1	7	3	11	0	19	9	16	0	226
NCU01404T0_453-631_1GZ0:A:78-243	2	7	2	7	0	17	12	8	0	166
NCU01404T0_320-410_1GZ0:F:10-77	2	6	3	7	0	19	13	7	0	166
NCU01402T0_29-474_2D0T:A:12-403	6	4	5	19	0	33	22	25	0	392
NCU03839T0_26-55_7ZNF:A:	0	2	0	1	0	5	3	2	0	30
NCU03837T0_379-475_2QRD:B:205-297	4	3	4	1	0	11	5	4	0	93
NCU03837T0_242-326_2QLV:B:161-247	1	9	1	0	0	14	7	4	0	87
NCU08868T0_283-488_3TGL:A:	6	13	5	5	0	24	18	15	0	265
NCU08923T0_5-50_1ESK:A:	2	0	0	0	0	11	5	4	0	42
NCU08923T0_117-159_1ESK:A:	2	0	0	0	0	11	5	4	0	42
NCU08923T0_53-100_1ESK:A:	2	0	0	0	0	11	5	4	0	42
NCU08923T0_161-182_1DSQ:A:	2	0	0	0	0	5	1	2	0	21
NCU08882T0_4-204_1TLT:A:5-127,A:268-308	1	5	2	8	0	16	11	11	1	164
NCU09683T0_22-186,213-302_2HSZ:A:1-224	1	8	4	8	0	23	14	13	0	224
NCU01399T0_10-278_2C07:A:54-304	2	7	2	9	0	21	12	14	0	251
NCU01397T0_160-325_1TFF:A:	3	4	2	10	0	17	9	11	0	228
NCU03591T0_1376-1511,1545-1652_1PF4:A:321-564	3	9	2	6	0	30	21	8	0	243
NCU03591T0_1075-1367_2HYD:A:1-323	0	0	1	15	1	9	5	12	0	323
NCU03591T0_699-939_1R0W:A:	0	11	2	12	1	27	19	16	0	281
NCU03591T0_311-405,467-669_1PF4:A:10-320	0	0	9	16	0	12	11	14	0	310
NCU09698T0_40-473_1PW4:A:	2	0	1	18	0	21	18	22	0	450
NCU09694T0_11-110_2OIW:A:1-131	3	6	3	3	0	12	5	7	0	131
NCU06730T0_1-114_1EX1:A:1-388	3	11	8	15	1	39	19	29	0	388
NCU08877T0_39-164_1ONL:A:	3	9	1	4	0	17	7	8	0	127
NCU08875T0_12-469,512-1289_1U6G:C:	0	2	14	60	0	74	56	65	0	1207
NCU03651T0_97-361_1GQ2:A:23-279	1	5	5	13	0	28	14	15	0	257
NCU03651T0_362-649_1LLQ:A:296-600	5	9	6	11	0	37	20	13	0	305
NCU01276T0_3-149_1Y9W:A:1-140	0	7	3	3	0	13	3	7	0	140
NCU01275T0_12-351_1VRD:A:1-85,A:213-457	5	15	2	11	0	35	20	14	1	330
NCU09672T0_30-254_1GBG:A:	7	16	2	1	0	25	12	12	0	214
NCU08968T0_33-254_1ZQ9:A:36-313	2	9	4	11	0	26	16	16	0	278
NCU08964T0_4-173_2PA2:A:40-176	2	6	2	2	0	12	5	3	0	137
NCU01409T0_208-398_2AFJ:A:12-224	0	10	2	3	0	26	29	9	0	213
NCU04318T0_5-381_2DOR:A:	5	15	4	9	0	36	26	13	0	311
NCU04310T0_419-861_1PW4:A:	2	0	1	18	0	21	18	22	0	450
NCU06689T0_6-80,120-242_1XM7:A:	4	9	1	6	0	24	16	14	0	194
NCU04288T0_28-325_1U4C:A:	4	27	2	2	0	38	21	15	0	340
NCU03750T0_40-130,181-216_2GGM:A:24-166	2	2	1	7	0	11	6	5	0	143
NCU03826T0_248-408_1PBU:A:	0	6	8	4	0	22	16	7	0	162
NCU03826T0_72-206_1NHY:A:76-219	0	0	2	7	0	12	5	9	0	144
NCU03826T0_1-76_1NHY:A:1-75	0	4	2	3	0	11	3	3	0	75
NCU04231T0_343-430,468-545_1UKW:A:259-410	2	0	3	5	0	5	5	4	0	152
NCU04231T0_83-343_1IS2:A:1-267	6	11	5	8	0	28	14	16	0	267
NCU04154T0_200-332_2OCY:A:16-162	0	0	0	4	0	2	1	5	0	153
NCU03593T0_73-135_2CUE:A:7-74	0	0	0	3	0	6	2	2	0	67
NCU03592T0_492-508,858-977,1029-1116_1SU4:A:344-360,A:600-750	3	8	1	8	0	16	12	11	1	168
NCU03592T0_88-174,375-491,1110-1338_1SU4:A:1-124,A:240-343,A:751-994	1	1	8	18	0	32	20	22	2	472
NCU03592T0_235-296,332-371_1SU4:A:125-239	2	9	3	0	0	21	10	7	0	115
NCU03592T0_504-538,602-743_1MO7:A:	2	9	0	5	0	32	19	9	0	213
NCU01204T0_1-155_1C1G:C:	0	0	0	3	0	2	1	2	0	283
NCU01188T0_10-168_2UCZ:A:	2	4	2	4	0	18	13	11	0	164
NCU01097T0_36-75_1CLD:A:	0	0	0	2	0	4	2	1	0	33
NCU01013T0_60-384_1YLV:A:	6	10	6	11	0	36	22	23	0	341
NCU07691T0_428-593_4LIP:D:	4	11	2	11	0	29	17	24	0	319
NCU05270T0_501-799_1G7S:A:1-227	3	9	5	6	0	24	13	14	0	227
NCU05270T0_836-962_1G7S:A:329-459	3	4	0	5	0	10	10	6	0	131
NCU05270T0_967-1101_1G7S:A:460-587	2	8	0	2	0	12	6	9	0	128
NCU07690T0_8-295_1V93:A:	0	8	2	11	0	28	13	16	0	292
NCU06534T0_47-151,199-300,550-670_1OYZ:A:	0	0	3	17	0	21	10	14	0	276
NCU06534T0_1536-1588_1JM7:A:	2	0	1	3	0	11	9	5	0	103
NCU06572T0_79-155,199-274_1XQU:A:	1	5	1	2	0	17	11	6	0	146
NCU06571T0_73-134_2FCL:A:1-157	2	7	1	6	0	11	4	7	0	156
NCU08643T0_181-477_4KBP:A:121-432	5	15	5	6	0	41	25	21	0	312
NCU08643T0_18-124_1XZW:A:1-119	1	10	2	1	0	17	3	6	0	119
NCU08694T0_28-92,210-274,301-404_1JJU:B:	6	29	2	0	0	32	15	24	0	337
NCU05267T0_669-898_1UW4:B:	0	0	4	11	0	18	12	13	0	248
NCU05267T0_468-662_1UW4:B:	0	0	4	11	0	18	12	13	0	248
NCU08691T0_8-154,231-284_1FJ2:A:	2	9	5	5	0	26	16	11	0	231
NCU08687T0_22-242_1WUU:A:2-216	1	7	2	5	0	22	14	8	0	215
NCU08687T0_247-293,365-525_1S4E:A:181-351	1	4	2	6	0	14	6	7	0	171
NCU06522T0_67-267,299-514_1PV7:A:	0	0	2	22	0	18	12	14	0	417
NCU06519T0_62-508_1PV7:A:	0	0	2	22	0	18	12	14	0	417
NCU06518T0_172-324_2CND:A:125-270	0	8	3	6	0	14	9	6	0	146
NCU06518T0_71-171_1NDH:A:3-125	2	7	0	1	0	17	9	9	0	123
NCU06516T0_241-452_1S68:A:	4	12	1	7	0	29	13	13	0	233
NCU07895T0_120-154,185-214_2FE7:A:3-158	0	7	3	5	0	12	3	9	0	156
NCU07893T0_535-572_2GAT:A:	0	2	1	1	0	12	7	3	0	66
NCU05257T0_154-215_1X2N:A:6-67	0	0	0	3	0	4	2	2	0	60
NCU05254T0_4-158_2C4K:A:7-166	0	7	1	4	0	20	12	8	0	160
NCU05254T0_161-210,354-481_2C4K:A:167-350	1	8	2	6	0	12	6	9	0	184
NCU05251T0_63-119_1TFI:A:	0	4	0	0	0	10	6	0	0	50
NCU06532T0_112-497_1UUM:A:	3	13	6	13	0	34	22	17	0	359
NCU06530T0_36-309_1EI9:A:	2	8	5	13	0	31	20	23	0	279
NCU06526T0_46-517_1E9X:A:	5	12	6	18	0	48	21	22	0	449
NCU06524T0_27-264_1WPX:B:501-719	2	9	4	3	0	25	14	10	0	219
NCU06523T0_14-507_1UOK:A:1-479	6	15	12	16	0	55	33	34	0	479
NCU08287T0_559-828_1A9X:A:128-402	4	11	3	7	0	30	24	12	0	275
NCU08287T0_1526-1831_1TUG:A:1-150,A:151-310	5	9	6	10	0	36	22	16	1	310
NCU08287T0_1097-1356_1A9X:A:677-935	1	11	2	8	0	28	16	9	0	259
NCU08287T0_204-410_1A9X:B:1653-1880	4	10	1	6	0	22	14	15	0	228
NCU08287T0_823-978_1A9X:A:403-555	3	2	1	7	0	15	8	10	0	153
NCU08287T0_23-169_1A9X:B:1502-1652	4	7	2	4	0	22	12	6	0	151
NCU08287T0_981-1098_1A9X:A:556-676	3	4	0	6	0	13	10	8	0	121
NCU08287T0_438-561_1A9X:A:1-127	2	5	2	5	0	17	8	6	0	127
NCU08287T0_1363-1504_1A9X:A:936-1073	2	5	1	7	0	14	5	11	0	138
NCU08280T0_22-108,142-235,339-450_3C96:A:4-182,A:294-402	1	13	1	8	0	26	14	13	1	288
NCU06628T0_421-528_1YCS:B:457-519	3	5	2	0	0	8	5	4	0	63
NCU06627T0_564-683,757-895,923-1063_1G3Q:A:	0	8	3	11	0	25	16	14	0	237
NCU05264T0_22-236_1X42:A:1-230	7	6	3	10	0	19	10	14	0	230
NCU05260T0_385-613_1U46:A:	2	12	5	8	0	28	8	11	0	273
NCU05259T0_343-437_1ICC:A:	1	5	3	4	0	11	3	8	0	87
NCU07012T0_4-74_1UDL:A:	4	5	0	0	0	15	12	3	0	97
NCU07011T0_200-323,354-434,527-763_1LRW:A:	8	38	9	5	0	74	41	47	0	600
NCU07011T0_66-263_1E1A:A:	9	29	1	0	0	44	18	22	0	312
NCU11294T0_535-716_1FOH:A:462-662	10	7	3	4	0	22	21	18	0	201
NCU11294T0_41-282,384-499_1FOH:A:1-240,A:342-461	4	15	4	9	0	43	22	18	1	360
NCU11294T0_279-380_1FOH:A:241-341	0	5	0	1	0	7	4	3	0	101
NCU05185T0_12-464_1BU7:A:	0	12	10	16	0	39	22	21	0	455
NCU05185T0_656-910_1F20:A:963-1232	7	11	2	9	0	37	17	18	0	270
NCU05185T0_501-653_1BVY:F:	2	5	2	4	0	13	7	10	0	152
NCU05185T0_913-1058_1AMO:A:519-678	0	5	1	6	0	9	6	11	0	160
NCU05169T0_3-485_1A4E:A:	7	13	6	13	0	63	37	34	0	488
NCU05164T0_1-239_1YO6:A:1-250	2	8	5	8	0	24	10	16	0	250
NCU05162T0_150-279,328-437_1ND4:A:	2	10	5	7	0	32	13	15	0	255
NCU05160T0_189-422_1OZ4:A:471-763	2	0	3	7	0	31	24	19	0	292
NCU05228T0_112-239_1SE9:A:	2	5	2	1	0	14	9	7	0	101
NCU05226T0_37-121,162-273_3D31:A:1-229	0	10	1	9	0	26	15	14	0	229
NCU05226T0_354-463,508-581_1JJ7:A:	4	10	3	10	0	29	19	15	0	251
NCU05224T0_40-239_1UJ2:A:	2	7	6	8	0	17	11	10	0	213
NCU05224T0_269-466_1BD3:A:	2	12	3	7	0	27	10	12	0	224
NCU08277T0_180-296_1Q8K:A:186-302	2	6	1	3	0	11	7	4	0	117
NCU08277T0_90-176_1Q46:A:89-175	0	0	1	5	0	6	2	3	0	87
NCU08277T0_10-93_1Q46:A:2-88	0	5	2	0	0	8	6	7	0	87
NCU08275T0_1-505_1JS3:A:	4	11	10	14	0	46	26	22	0	476
NCU08272T0_112-462_1LTD:A:98-511	2	13	7	14	0	44	26	19	0	414
NCU08272T0_8-85_1KBI:A:1-97	4	4	3	4	0	14	7	8	0	97
NCU08267T0_1061-1360_2P6R:A:1-202	1	7	2	7	0	20	9	10	0	202
NCU08267T0_1362-1572_2P6R:A:203-403	2	10	1	7	0	20	15	11	0	201
NCU08267T0_518-732_2P6R:A:203-403	2	10	1	7	0	20	15	11	0	201
NCU08267T0_854-1031_2Q0Z:X:33-208	1	0	2	9	0	14	8	11	0	176
NCU08267T0_308-508_2P6R:A:1-202	1	7	2	7	0	20	9	10	0	202
NCU08267T0_1698-1867_2Q0Z:X:33-208	1	0	2	9	0	14	8	11	0	176
NCU08267T0_1892-1957,1986-2022_2Q0Z:X:209-322	2	7	1	0	0	12	8	4	0	114
NCU08267T0_1572-1681_2P6R:A:404-488	0	2	0	5	0	5	6	5	0	85
NCU05278T0_64-531_1PO5:A:	6	9	5	15	0	47	22	28	0	475
NCU05272T0_42-210_1FKM:A:249-442	2	0	8	8	0	13	13	10	0	194
NCU05272T0_190-305_1FKM:A:443-630	0	0	1	8	0	10	3	8	0	188
NCU05317T0_508-759,843-884_1ITX:A:33-337,A:410-451	4	11	6	11	0	42	24	21	1	347
NCU05317T0_751-834_1E9L:A:267-336	1	6	0	1	0	7	3	6	0	70
NCU05317T0_452-479_1WGT:A:87-129	6	2	1	1	0	8	4	4	0	43
NCU05314T0_291-356_1IYM:A:	0	2	0	1	0	11	6	4	0	54
NCU05309T0_29-114,165-193,226-267,333-440_1YIX:A:1-265	1	8	6	9	0	29	14	18	0	265
NCU06586T0_32-85_1WFE:A:	0	4	2	0	0	15	9	4	0	85
NCU06586T0_104-158_1WFE:A:	0	4	2	0	0	15	9	4	0	85
NCU06585T0_175-213,271-387,487-558_2F4M:A:164-450	1	11	3	10	0	27	16	14	0	287
NCU06582T0_392-536_1BLX:A:	4	7	7	8	0	33	18	18	0	305
NCU06578T0_1-874,907-1028_1WA5:C:	8	0	17	50	0	66	46	42	0	959
NCU08661T0_20-358_1UFV:A:	3	10	3	11	0	30	16	15	0	276
NCU08660T0_128-189,218-245_1TS9:A:	0	6	2	2	0	11	5	6	0	98
NCU08648T0_20-295_1AK0:A:	3	2	4	13	0	17	12	19	0	264
NCU07735T0_51-139,226-254_1WHW:A:	0	5	0	2	0	10	6	5	0	98
NCU07735T0_219-322_1X5S:A:8-97	0	4	0	2	0	11	8	3	0	89
NCU07734T0_13-102_1DCQ:A:247-368	2	3	1	5	0	15	8	9	0	122
NCU07733T0_4-250_1EFP:B:	2	13	2	6	0	25	15	14	0	246
NCU07731T0_2-37_1ZRJ:A:1-37	0	0	1	2	0	4	2	1	0	37
NCU07731T0_344-437_2K3K:A:1-104	2	4	2	3	0	8	7	5	0	98
NCU07725T0_6-264_5CSM:A:	0	0	3	12	0	21	13	19	0	256
NCU07723T0_24-330_1LQA:A:	4	10	4	11	0	41	19	22	0	346
NCU07722T0_73-270_1TQI:A:91-282	0	10	1	4	0	15	9	8	0	192
NCU07722T0_1-68_1TQI:A:1-90	0	3	0	5	0	7	4	5	0	90
NCU07719T0_45-238_1HX3:A:	3	12	1	5	0	25	8	10	0	176
NCU07717T0_36-167_1QUQ:A:	0	9	0	2	0	13	5	5	0	127
NCU07717T0_219-284_1DPU:A:	0	3	0	3	0	6	6	4	0	69
NCU08811T0_12-119_1DCQ:A:247-368	2	3	1	5	0	15	8	9	0	122
NCU10409T0_26-566_1MT5:A:	4	11	7	22	0	56	40	33	0	537
NCU05248T0_58-204_1NG6:A:	0	0	2	7	0	8	4	5	0	148
NCU05246T0_611-650,919-1089_1Z63:A:432-661	0	7	2	11	0	24	16	18	0	230
NCU05246T0_385-422,459-494,531-704_1Z63:A:432-661	0	7	2	11	0	24	16	18	0	230
NCU05245T0_367-405_1T1H:A:	2	3	0	2	0	10	5	5	0	77
NCU05244T0_74-271_2CY9:A:13-139	3	7	1	1	0	15	7	5	0	127
NCU05238T0_469-831_1B0P:A:786-1232	9	8	4	17	0	46	33	30	0	447
NCU05238T0_1098-1302_1AOP:A:149-345	7	5	2	4	0	22	8	9	0	197
NCU05238T0_797-952_1JA1:A:63-239	0	7	4	5	0	17	7	9	0	177
NCU05238T0_1385-1518_1AOP:A:426-570	0	5	1	5	0	15	9	12	0	145
NCU05238T0_965-1097_1AOP:A:81-145	2	4	1	2	0	8	2	2	0	65
NCU05238T0_317-454_1B0P:A:259-415	1	7	1	4	0	20	14	8	0	157
NCU05238T0_1304-1381_1AOP:A:346-425	0	7	2	2	0	8	3	4	0	80
NCU05238T0_10-213_1B0P:A:2-258	2	11	0	10	0	22	13	9	0	257
NCU08685T0_1093-1356_1T3T:A:1034-1295	7	11	7	8	0	30	18	19	0	262
NCU08685T0_229-436_1T3T:A:221-429	1	10	1	5	0	19	7	10	0	209
NCU08685T0_662-854_1T3T:A:617-816	4	10	3	5	0	20	14	13	0	200
NCU08685T0_866-1081_1T3T:A:817-1033	1	7	3	8	0	18	12	12	0	217
NCU08685T0_440-623_1T3T:A:430-616	2	8	3	5	0	17	6	9	0	187
NCU08685T0_3-155_1T3T:A:1-152	0	5	1	4	0	12	5	8	0	152
NCU08685T0_175-227_1T3T:A:153-220	2	0	0	6	0	5	2	4	0	68
NCU08678T0_159-214_2APO:A:247-331	0	6	1	2	0	11	6	6	0	85
NCU08678T0_95-125_1Q7H:A:69-153	0	6	1	3	0	10	5	6	0	85
NCU08671T0_4-136,166-243,277-299_1KVK:A:1-225	0	8	2	6	0	18	15	9	0	225
NCU08671T0_280-416_1K47:A:195-329	0	4	0	5	0	12	6	5	0	135
NCU08669T0_4-465_1CW3:A:	10	20	4	15	0	54	32	26	0	494
NCU08666T0_9-107,136-243_2FDR:A:3-224	3	6	3	11	0	22	9	15	0	222
NCU08842T0_135-370_1FQV:A:146-431	8	13	3	8	0	55	21	24	0	286
NCU08842T0_2-40_1FQV:A:107-145	0	0	0	3	0	4	4	4	0	39
NCU08840T0_8-52,81-180_1C0G:A:1-146	0	10	2	4	0	13	10	8	0	146
NCU08840T0_187-288,517-585,671-744_1K8K:B:154-343	0	8	3	7	0	23	11	15	0	190
NCU08839T0_16-54_1ZRJ:A:1-37	0	0	1	2	0	4	2	1	0	37
NCU08834T0_117-173_1WEN:A:	0	2	0	0	0	14	12	4	0	70
NCU08824T0_16-141,172-233_1T3E:A:499-653	2	9	0	5	0	17	9	9	0	155
NCU05306T0_16-176,212-315_1CI0:A:	0	10	1	5	0	21	12	8	0	205
NCU05305T0_11-162_1DZF:A:5-143	4	6	1	7	0	17	6	8	0	139
NCU05305T0_159-234_1DZF:A:144-215	0	4	2	2	0	12	4	7	0	72
NCU05302T0_74-168,257-319_1UDX:A:1-156	6	9	1	0	0	21	9	6	0	156
NCU05302T0_314-589_1UDX:A:157-336	0	7	2	6	0	22	13	8	0	180
NCU05301T0_49-77,112-194,235-396,448-472_1IXK:A:	0	13	5	10	0	28	19	14	0	313
NCU05300T0_95-273,346-393,587-618_1P22:A:253-545	0	28	0	1	0	35	23	13	0	293
NCU05295T0_7-240_1RYP:E:	6	10	2	6	0	23	15	14	0	242
NCU05293T0_285-379_1VL5:A:	2	8	2	9	0	21	9	11	0	231
NCU05288T0_6-375_1UKV:G:5-301	4	15	7	10	0	34	19	16	0	297
NCU05288T0_411-455_1UKV:G:400-446	1	2	0	1	0	4	6	2	0	47
NCU05285T0_231-279_2CSH:A:8-60	0	4	0	2	0	6	6	3	0	53
NCU07970T0_27-221_1W1O:A:40-245	2	10	2	6	0	23	19	14	0	206
NCU07969T0_404-641_1IA9:A:	5	14	4	6	0	31	17	13	0	278
NCU07969T0_111-271_1U0O:C:507-702	5	6	0	7	0	19	13	9	0	196
NCU07966T0_11-121,277-368,805-1048_1SU4:A:1-124,A:240-343,A:751-994	1	1	8	18	0	32	20	22	2	472
NCU07966T0_381-415,456-648_1SU4:A:361-599	0	13	3	7	0	21	11	13	0	239
NCU07966T0_636-804_1SU4:A:344-360,A:600-750	3	8	1	8	0	16	12	11	1	168
NCU07966T0_121-239_1SU4:A:125-239	2	9	3	0	0	21	10	7	0	115
NCU07965T0_12-237_1QG8:A:	2	9	4	8	0	22	13	12	0	255
NCU07964T0_21-287_1EDO:A:	2	7	2	10	0	24	12	13	0	244
NCU07960T0_58-262,355-574_1PV7:A:	0	0	2	22	0	18	12	14	0	417
NCU07959T0_20-396_2HPA:A:	4	6	5	13	0	38	21	16	0	342
NCU07958T0_17-277_1W6U:A:	2	7	4	11	0	28	15	17	0	294
NCU07957T0_472-542_1WZ0:A:8-100	1	4	0	1	0	14	8	6	0	91
NCU07956T0_176-256_1TUA:A:85-188	0	3	1	5	0	6	1	5	0	104
NCU07952T0_496-546_1XF7:A:	0	2	0	1	0	4	3	1	0	29
NCU07947T0_29-204_1SWX:A:	2	0	3	8	0	10	6	12	0	202
NCU07273T0_11-156_3CNW:A:3-140	0	7	2	2	0	13	5	7	0	138
NCU07271T0_98-174,217-375_1VJN:A:	2	14	1	3	0	24	15	9	0	219
NCU07265T0_96-139_3ZNF:A:	2	0	0	1	0	5	3	1	0	30
NCU07264T0_5-171_1PZV:A:	2	4	2	4	0	20	11	10	0	161
NCU07263T0_47-331_1OKC:A:	0	0	6	11	0	19	10	9	0	292
NCU07262T0_226-356,427-494_2QFI:A:5-208	2	0	7	7	0	14	20	21	0	204
NCU07261T0_59-418_1F0K:A:	0	13	3	16	0	35	15	23	0	363
NCU07258T0_8-120,185-236_1V37:A:	2	6	3	6	0	21	10	9	0	171
NCU07257T0_91-142_1FQV:A:107-145	0	0	0	3	0	4	4	4	0	39
NCU07253T0_52-310_1GHS:A:	3	12	6	10	0	35	17	17	0	306
NCU07299T0_49-88_1ZU1:A:2-73	1	2	0	3	0	6	4	3	0	72
NCU07298T0_39-443_1P5H:A:	3	12	5	17	0	48	21	36	0	427
NCU07297T0_340-411_1WEV:A:	0	2	0	3	0	13	6	4	0	87
NCU07289T0_240-339_1VOL:A:208-316	0	0	3	6	0	10	6	6	0	109
NCU07289T0_125-212_1VOL:A:113-207	0	0	0	5	0	8	2	6	0	95
NCU07289T0_18-71_1DL6:A:	2	3	0	0	0	13	8	3	0	58
NCU07289T1_240-339_1VOL:A:208-316	0	0	3	6	0	10	6	6	0	109
NCU07289T1_125-212_1VOL:A:113-207	0	0	0	5	0	8	2	6	0	95
NCU07289T1_18-71_1DL6:A:	2	3	0	0	0	13	8	3	0	58
NCU07286T0_55-164_1T0G:A:	0	5	1	3	0	13	7	9	0	109
NCU07284T0_202-317,417-579_2FLU:X:325-609	14	28	0	0	0	37	15	14	0	285
NCU07044T0_13-104,144-275_1QH5:A:	1	14	0	9	0	24	13	19	0	260
NCU07041T0_119-222_1TUA:A:85-188	0	3	1	5	0	6	1	5	0	104
NCU07037T0_446-485_1YCS:B:327-456	0	0	0	8	0	14	5	13	0	130
NCU07032T0_53-138,222-440_1OT8:A:	2	0	0	13	0	26	3	23	0	209
NCU07032T0_409-540_1BD8:A:	0	0	0	10	0	20	8	16	0	156
NCU07030T0_73-240,275-339,542-600_1CF3:A:3-324,A:521-583	17	12	7	11	0	49	28	29	1	385
NCU07029T0_733-939_1W1O:A:40-245	2	10	2	6	0	23	19	14	0	206
NCU07029T0_13-48,102-272_1DIX:A:	0	7	2	6	0	23	18	10	0	208
NCU07027T0_46-882_1YGP:A:	4	22	12	36	0	72	38	38	0	876
NCU07022T0_24-200_1E3J:A:4-142,A:313-351	5	12	4	3	0	23	8	10	1	178
NCU07022T0_168-224,285-374_1PL7:A:146-316	0	6	0	7	0	22	14	8	0	171
NCU05199T0_6-78_1XBL:A:	0	0	0	3	0	7	3	6	0	75
NCU05196T0_77-174_1XBL:A:	0	0	0	3	0	7	3	6	0	75
NCU05196T0_367-454_1NLT:A:258-337	4	6	0	1	0	15	6	4	0	80
NCU05196T0_231-311_1EXK:A:	2	6	2	0	0	10	7	6	0	79
NCU05196T0_212-235,313-369_1NLT:A:110-138,A:213-257	2	5	0	1	0	12	2	5	1	74
NCU05194T0_113-176,219-363_1LTL:A:	2	10	4	5	0	24	9	12	0	239
NCU05194T0_484-799_1OFH:A:	0	9	5	14	0	31	16	15	0	309
NCU05192T0_178-449_1FP1:D:129-372	0	8	1	9	0	19	10	13	0	244
NCU05192T0_83-173_1FP2:A:8-108	0	3	1	6	0	4	6	8	0	101
NCU05191T0_24-134_1KDJ:A:	3	8	1	1	0	18	6	8	0	102
NCU06400T0_78-389_3BE7:A:57-359	6	8	2	11	0	34	18	23	0	303
NCU06400T0_373-437_2QS8:A:7-63,A:374-412	1	7	1	0	0	10	6	5	1	94
NCU06400T0_25-89_2QS8:A:7-63,A:374-412	1	7	1	0	0	10	6	5	1	94
NCU06397T0_2-133_1F2K:A:	0	7	1	4	0	11	6	9	0	125
NCU06397T1_2-133_1F2K:A:	0	7	1	4	0	11	6	9	0	125
NCU06394T0_199-299,623-755_1C0G:A:147-375	0	9	6	10	0	23	12	12	0	229
NCU06394T0_52-203_1YAG:A:4-146	0	10	2	4	0	16	11	9	0	143
NCU06393T0_517-798_1OZ4:A:471-763	2	0	3	7	0	31	24	19	0	292
NCU06393T0_222-440_1E32:A:201-458	3	5	4	12	0	28	13	14	0	258
NCU06386T0_194-430_1QG8:A:	2	9	4	8	0	22	13	12	0	255
NCU06384T0_20-479_1PW4:A:	2	0	1	18	0	21	18	22	0	450
NCU06383T0_93-138,173-363_1HUX:A:	0	10	3	8	0	21	12	13	0	259
NCU06382T0_1193-1295,1373-1490_3B60:A:329-581	4	10	2	9	0	24	18	16	0	253
NCU06382T0_579-791_1R0W:A:	0	11	2	12	1	27	19	16	0	281
NCU06382T0_867-1169_3B60:A:10-328	0	0	1	11	0	6	9	9	0	319
NCU06382T0_253-570_1PF4:A:10-320	0	0	9	16	0	12	11	14	0	310
NCU06381T0_21-302_1FOB:A:	10	8	3	9	0	44	23	25	0	334
NCU06548T0_595-630,678-781_1H65:A:	3	11	4	7	0	28	14	12	0	269
NCU06543T0_55-291_1IVH:A:6-241	3	8	6	7	0	20	10	16	0	236
NCU06543T0_277-431_1BUC:A:233-383	1	2	3	5	0	4	4	6	0	151
NCU06541T0_106-434_1S4N:A:	1	12	10	14	0	38	22	21	0	339
NCU07714T0_39-319,414-461_2BPT:A:1-861	0	0	19	43	0	44	28	37	0	860
NCU07703T0_37-391_1JOF:A:	3	28	1	0	0	39	21	26	0	365
NCU07699T0_305-404_2BZ2:A:35-113	2	4	0	2	0	12	6	3	0	79
NCU07699T0_226-254_2CQE:A:429-457	2	0	0	0	0	6	6	2	0	29
NCU07697T0_41-379_1WPW:A:	1	12	3	11	0	30	15	18	0	336
NCU07683T0_3-126_1D3B:A:	0	5	1	1	0	8	3	4	0	72
NCU07679T0_1-170,1062-1178_1XEW:X:,Y:	2	15	2	9	0	30	20	14	1	329
NCU07679T0_480-690_1GXL:A:	2	8	4	7	0	19	12	14	0	205
NCU07678T0_78-118,312-416_1ORU:A:	2	12	2	3	0	22	16	15	0	182
NCU07674T0_66-269_1R3B:A:	2	0	2	7	0	15	12	7	0	201
NCU07672T0_52-104_1WGL:A:	0	0	0	3	0	8	5	1	0	58
NCU07663T0_139-397_2IUW:A:70-279	2	14	1	4	0	25	13	5	0	210
NCU06616T0_48-186_1XXL:A:	5	8	2	9	0	23	10	12	0	238
NCU06613T0_13-412_1U7G:A:	2	2	6	15	0	21	14	16	0	383
NCU06609T0_236-279,372-402_1WHR:A:	0	3	1	3	0	17	10	4	0	123
NCU06605T0_322-392,461-662,728-773_1G72:A:	6	38	10	5	0	74	38	44	0	571
NCU06605T0_64-213,285-394_1K32:A:320-679	4	31	5	1	0	46	27	17	0	360
NCU06603T0_5-237_1U9C:A:	6	11	6	7	0	27	12	15	0	221
NCU06599T0_20-52,85-250_2HSJ:A:1-211	4	5	4	9	0	22	9	9	0	211
NCU06593T0_302-424_1KQ6:A:	0	4	1	5	0	16	9	5	0	140
NCU06593T0_490-575_1VD2:A:	0	5	0	2	0	11	6	3	0	88
NCU06593T0_23-113_1SEM:A:	3	5	1	0	0	8	3	3	0	58
NCU06593T0_150-225_1OEB:A:	3	5	1	0	0	10	4	3	0	59
NCU06375T0_72-282_1G5B:A:	2	10	3	8	0	26	14	12	0	219
NCU06372T0_20-250_1XD3:A:	5	6	1	8	0	24	9	15	0	229
NCU06371T0_212-481_2P6R:A:203-403	2	10	1	7	0	20	15	11	0	201
NCU11750T0_11-142_1IFQ:A:	0	5	1	3	0	8	4	9	0	137
NCU11750T0_150-215_1SFC:A:	0	0	0	1	0	2	1	1	0	95
NCU06369T0_50-315_2AE2:A:	2	7	5	9	0	24	14	17	0	259
NCU06365T0_398-565,595-740_1S2M:A:252-422	2	7	3	5	0	19	12	8	0	171
NCU06360T0_6-397_1FG7:A:	0	13	5	12	0	36	22	23	0	354
NCU06355T0_14-252,293-829_1QBK:B:	0	0	17	47	0	50	54	64	0	888
NCU06354T0_15-94_1LJO:A:	0	5	1	1	0	6	2	4	0	76
NCU06348T0_5-296_2HHM:A:	1	14	1	8	0	23	13	16	0	272
NCU06346T0_2-88_1HB6:A:	0	0	1	4	0	9	3	3	0	86
NCU06344T0_335-440_1MEK:A:	1	6	0	4	0	13	10	8	0	120
NCU06344T0_38-160_2B5E:A:365-504	1	4	1	4	0	18	7	6	0	140
NCU06344T0_446-558_1FB6:A:	0	5	0	4	0	11	2	7	0	104
NCU06343T0_10-173_1GHE:A:	0	7	1	5	0	13	6	13	0	170
NCU06341T0_17-228,271-499_1PV7:A:	0	0	2	22	0	18	12	14	0	417
NCU06340T0_100-139,203-289_1KT1:A:254-421	0	0	1	7	0	12	3	7	0	168
NCU06339T0_4-73_1L3G:A:	0	6	0	5	0	9	6	8	0	123
NCU06337T0_243-426,475-667_2QV7:A:1-312	2	15	3	6	0	32	21	19	0	312
NCU07944T0_11-239_1O0Y:A:	0	8	2	11	0	23	14	10	0	259
NCU07941T0_74-479_1YAA:A:	2	13	2	16	0	44	15	26	0	412
NCU07938T0_94-293,328-575_1PW4:A:	2	0	1	18	0	21	18	22	0	450
NCU11379T0_19-264_1W3B:A:	0	0	0	23	0	35	6	26	0	388
NCU11379T0_377-461,597-701_1ELR:A:	0	0	0	7	0	9	1	5	0	128
NCU07931T0_117-325_1GDH:A:101-291	3	7	2	7	0	24	11	14	0	191
NCU07931T0_8-150_1YGY:A:3-98,A:283-316	4	5	2	4	0	19	10	9	1	130
NCU07930T0_6-193,356-449_1A7A:A:2-189,A:353-432	1	9	4	11	0	30	15	14	1	268
NCU07930T0_194-355_1B3R:A:190-352	3	8	1	7	0	16	12	10	0	163
NCU07928T0_114-202_2GO8:A:3-110	0	4	0	2	0	8	5	2	0	108
NCU07926T0_112-429_1GTR:A:8-338	6	9	4	12	0	35	20	18	0	331
NCU07926T0_424-647_1GTR:A:339-547	3	18	5	0	0	26	16	8	0	209
NCU07922T0_21-220,255-437,579-651,727-810,922-971,1011-1055_1QGR:A:	0	0	13	43	0	50	36	39	0	876
NCU07922T0_444-630_1VPL:A:	2	10	2	9	0	18	9	15	0	238
NCU07922T0_685-741,842-987_1MT0:A:	2	10	3	10	0	20	20	20	0	241
NCU07916T0_7-146,176-215,308-407_1FOH:A:1-240,A:342-461	4	15	4	9	0	43	22	18	1	360
NCU07916T0_450-622_1FOH:A:462-662	10	7	3	4	0	22	21	18	0	201
NCU07916T0_218-314_1FOH:A:241-341	0	5	0	1	0	7	4	3	0	101
NCU07906T0_16-227_1XXL:A:	5	8	2	9	0	23	10	12	0	238
NCU07904T0_8-242_1K2W:A:	2	7	4	9	0	21	11	17	0	256
NCU07900T0_34-90_1T2K:C:	0	0	0	1	0	1	0	0	0	61
NCU07343T0_38-410_1PV7:A:	0	0	2	22	0	18	12	14	0	417
NCU07338T0_49-342_2VL8:A:1-542	5	8	6	20	0	50	23	33	0	542
NCU07332T0_45-383_1W4X:A:10-154,A:390-542	6	10	5	9	0	33	21	19	1	298
NCU07326T0_83-325_1UV4:A:3-293	7	20	2	0	0	35	18	20	0	291
NCU07326T0_36-105_1Y4W:A:20-372	6	24	4	0	0	47	30	19	0	353
NCU07322T0_13-299_1MPY:A:146-307	2	9	2	3	0	21	10	9	0	162
NCU07321T0_51-133,197-259_1U7P:A:	2	8	2	5	0	21	9	9	0	164
NCU07320T0_102-301_1AUA:A:97-299	2	5	7	8	0	23	12	12	0	203
NCU07320T0_12-95_1AUA:A:4-96	0	0	1	5	0	8	5	8	0	93
NCU07314T0_392-560_1SHU:X:	2	6	3	6	0	13	8	7	0	181
NCU07313T0_68-184,211-331_1SXJ:A:295-547	1	5	4	11	0	21	18	23	0	253
NCU07309T0_87-376,425-454_2UZ9:A:76-388	0	10	3	14	0	26	16	19	0	313
NCU07309T0_428-523_2UZ9:A:8-75,A:389-451	2	8	3	3	0	16	8	9	1	131
NCU07308T0_1331-1398,1494-1626_2GFV:A:252-412	5	7	4	4	0	22	9	6	0	161
NCU07308T0_988-1051,1157-1369_1J3N:A:1-249	6	7	5	10	0	28	13	15	0	249
NCU07308T0_1743-1861_1FTH:A:	0	5	1	4	0	12	8	3	0	117
NCU07308T0_644-883_1YBV:A:	2	7	6	9	0	26	16	13	0	270
NCU07308T0_12-63_1NM2:A:0-133,A:196-314	2	6	2	12	0	20	14	17	1	251
NCU07307T0_1693-1746,1801-1877,2006-2052_1MLA:A:3-127,A:198-307	2	5	1	12	0	22	14	13	1	235
NCU07307T0_168-329,437-538_1MLA:A:3-127,A:198-307	2	5	1	12	0	22	14	13	1	235
NCU07307T0_1578-1688_1S9C:A:164-289	0	5	3	3	0	12	6	7	0	126
NCU07307T0_1309-1438_2F41:A:73-183	3	6	1	1	0	12	4	5	0	111
NCU07307T0_349-407_1MLA:A:128-197	0	4	0	2	0	6	5	4	0	70
NCU08330T0_12-157,220-280_1G2I:A:	2	11	4	6	0	20	6	10	0	166
NCU08329T0_23-112_2ZJR:Q:2-94	2	4	0	2	0	13	6	4	0	93
NCU08326T0_68-383_1OKC:A:	0	0	6	11	0	19	10	9	0	292
NCU08324T0_4-336_1XM9:A:244-700	0	0	2	27	0	26	20	30	0	457
NCU08315T0_7-182,296-403_3C96:A:4-182,A:294-402	1	13	1	8	0	26	14	13	1	288
NCU08315T0_192-292_2VOU:A:164-291	3	6	1	4	0	14	7	8	0	128
NCU08313T0_57-316_2B3Z:A:146-359	4	9	0	7	0	26	18	13	0	214
NCU08307T0_183-229_2HAP:C:55-97	0	0	1	2	0	6	3	2	0	43
NCU08299T0_78-188,288-335_1O0W:A:1-167	2	0	1	10	0	12	5	7	0	167
NCU08299T0_333-415_2B7T:A:1-73	0	3	0	2	0	6	5	1	0	73
NCU08298T0_203-639,695-801_1CJY:A:142-721	2	16	10	18	0	52	32	26	0	580
NCU08295T0_72-163_1S7A:A:	0	3	1	5	0	9	8	3	0	103
NCU08295T0_174-256_1S79:A:	0	4	1	3	0	13	8	5	0	102
NCU08293T0_36-100,136-165_1FIT:A:	0	7	3	2	0	15	9	6	0	146
NCU08291T0_51-413_1HRK:A:	4	8	4	13	1	33	20	19	0	359
NCU06330T0_82-148,176-280_1M3G:A:	0	6	0	5	0	15	12	8	0	145
NCU11318T0_17-66_1PYI:A:30-71	0	2	0	2	0	6	1	3	0	42
NCU06318T0_504-1038_1UAA:A:2-307	4	8	4	13	0	27	16	15	0	306
NCU06318T0_209-290_1SRO:A:	1	4	0	1	0	12	5	5	0	76
NCU06315T1_5-46,108-258,353-391_1W2F:A:	0	13	1	11	0	31	18	17	0	276
NCU06312T0_51-233,457-544_1F88:A:	0	4	2	13	0	20	19	16	0	348
NCU06311T0_153-295_1WL8:A:1-188	0	11	1	5	0	24	17	15	0	188
NCU06310T0_30-372_1K20:A:	3	10	3	12	0	29	18	19	0	310
NCU06307T0_224-374_1FL0:A:	4	15	3	1	0	26	10	12	0	170
NCU06307T0_7-101_2HRK:B:4-121	0	0	2	6	0	9	7	8	0	121
NCU06305T0_54-465_1PW4:A:	2	0	1	18	0	21	18	22	0	450
NCU06303T0_149-345_1VJ0:A:156-337	2	7	1	9	0	17	10	10	0	182
NCU06303T0_15-173_1RJW:A:1-137,A:306-339	5	11	3	3	0	24	12	10	1	171
NCU06301T0_10-149_1X6M:A:	1	11	5	3	0	24	13	10	0	195
NCU06290T0_37-174_1RTW:A:	0	0	2	10	0	11	7	6	0	206
NCU06285T0_239-285,522-755_2OR4:A:57-117,A:351-593	6	7	2	11	0	27	21	17	1	304
NCU06285T0_292-540_2OR4:A:118-350	8	12	3	4	0	39	15	17	0	233
NCU06285T0_757-920_2OR4:A:594-750	4	2	1	6	0	11	6	10	0	157
NCU06284T0_209-302,424-504,706-852_1HU3:A:	0	0	1	10	0	14	8	8	0	259
NCU07000T0_4-71_2CRB:A:8-90	0	0	0	3	0	3	1	3	0	83
NCU06996T0_223-500_1CZA:N:466-670	3	8	0	7	0	20	13	11	0	205
NCU06996T0_9-215_1CZA:N:16-222	3	8	2	6	0	22	11	10	0	207
NCU06993T0_183-316_2AFJ:A:12-224	0	10	2	3	0	26	29	9	0	213
NCU06979T0_3-108,146-174_3BLH:B:5-150	0	0	0	7	0	11	5	8	0	146
NCU06979T0_176-268_2I53:A:158-267	2	0	3	4	0	9	6	6	0	110
NCU06978T0_11-91_1F7L:A:	2	5	1	4	0	11	5	6	0	118
NCU06974T0_4-286_1M65:A:	5	8	5	8	0	27	12	19	0	244
NCU06971T0_86-132_1CLD:A:	0	0	0	2	0	4	2	1	0	33
NCU06970T0_75-311_1DKR:A:167-316	0	9	1	4	0	15	12	6	0	150
NCU06969T0_21-112,180-249_1D5R:A:14-187	4	5	0	5	0	17	15	8	0	174
NCU06966T0_35-102_1T3K:A:	0	5	0	4	0	15	17	5	0	132
NCU06965T0_247-337_1AWC:B:	0	0	0	10	0	18	2	16	0	153
NCU06965T0_27-47_1GD2:G:	0	0	0	1	0	3	1	0	0	69
NCU06964T0_82-383_1DS1:A:	5	16	8	7	0	38	23	18	0	323
NCU06960T0_255-424_2DUB:A:	2	10	4	11	0	25	14	14	0	259
NCU06960T0_18-90_2DUB:A:	2	10	4	11	0	25	14	14	0	259
NCU08048T0_53-378_1NG4:A:1-218,A:307-364	3	11	2	10	0	27	13	19	1	276
NCU08034T0_9-99,169-235_1FHT:A:	0	5	0	3	0	12	11	4	0	116
NCU08030T0_7-150_1TWF:H:	0	8	1	0	0	14	10	6	0	145
NCU08029T0_116-308_1Q27:A:	0	8	0	3	0	22	18	6	0	171
NCU08026T0_36-190_2NN6:F:29-175	3	4	0	2	0	14	9	4	0	147
NCU08026T0_213-283_2NN6:F:176-270	1	3	1	1	0	9	6	4	0	95
NCU08018T0_75-288_1I7O:A:214-429	6	15	5	3	0	34	15	10	0	216
NCU08011T0_27-458_1VEF:A:9-395	3	17	2	15	0	38	24	27	0	387
NCU08009T0_26-266_1LTL:A:	2	10	4	5	0	24	9	12	0	239
NCU08009T0_311-512,566-675_1G8P:A:	2	11	8	13	0	37	15	10	0	333
NCU08007T0_74-203,240-340,405-460_1VM7:A:	1	14	5	9	0	34	15	11	0	299
NCU08003T0_127-232_2FQ3:A:311-395	0	0	1	4	0	12	6	5	0	85
NCU08003T0_386-438_1X41:A:8-54	0	0	0	3	0	5	2	4	0	47
NCU07996T0_115-222_1P22:A:135-252	0	0	2	7	0	7	4	6	0	114
NCU07996T0_745-888_1P22:A:253-545	0	28	0	1	0	35	23	13	0	293
NCU07988T0_110-341_1OZ4:A:471-763	2	0	3	7	0	31	24	19	0	292
NCU07874T0_171-284_1X5S:A:8-97	0	4	0	2	0	11	8	3	0	89
NCU07874T0_77-173_1FXL:A:37-118	0	6	0	2	0	9	4	5	0	82
NCU07874T0_290-384_1X4G:A:8-103	0	6	0	3	0	12	8	3	0	96
NCU06173T0_208-298_1JXS:A:	0	3	0	4	0	10	8	5	0	98
NCU05658T0_87-238,292-404,475-540_1HOW:A:	5	10	4	11	0	39	18	24	0	362
NCU05655T0_43-194,251-344,439-512_1HOW:A:	5	10	4	11	0	39	18	24	0	362
NCU08527T0_3-61_1PYI:A:30-71	0	2	0	2	0	6	1	3	0	42
NCU08524T0_196-542_1OFZ:A:	10	25	2	0	0	35	18	22	0	312
NCU05664T0_402-523,648-695_1UOH:A:	0	0	1	14	0	27	7	20	0	223
NCU05680T0_106-311,347-429,465-499_1S4N:A:	1	12	10	14	0	38	22	21	0	339
NCU07623T0_96-235,276-526_1ZOD:A:3-433	2	20	0	15	0	44	14	32	0	431
NCU07889T0_4-95_2A6T:A:1-94	0	0	1	6	0	9	4	5	0	94
NCU07889T0_97-217_2A6T:A:95-245	2	6	3	2	0	13	4	9	0	151
NCU07885T0_60-366_1VYH:C:92-408	0	28	1	0	0	39	25	14	0	317
NCU07884T0_5-288_1OKC:A:	0	0	6	11	0	19	10	9	0	292
NCU07883T0_193-272_2CQ0:A:231-320	0	6	0	2	0	9	8	5	0	90
NCU07880T0_113-426_1GZ8:A:	3	8	3	10	0	29	17	22	0	298
NCU07878T0_187-261_2DIT:A:8-106	0	6	1	3	0	13	9	6	0	99
NCU07876T0_34-158_1EAZ:A:	0	7	1	2	0	13	8	5	0	104
NCU07876T0_245-263,293-395_1UPQ:A:	0	7	1	1	0	13	8	5	0	107
NCU07619T0_133-372_1W1O:A:40-245	2	10	2	6	0	23	19	14	0	206
NCU07610T0_44-359_1GY9:A:	6	15	2	7	0	34	19	14	0	279
NCU07609T0_100-501_1PW4:A:	2	0	1	18	0	21	18	22	0	450
NCU07608T0_15-168_1M0S:A:1-126,A:199-219	2	9	4	4	0	17	10	8	1	147
NCU07608T0_149-243_1LK5:A:131-210	2	5	2	2	0	11	7	5	0	80
NCU06263T0_226-401_1DKG:D:186-383	1	6	1	6	0	13	10	7	0	198
NCU06261T0_7-222_1I5E:A:	1	15	2	6	0	26	11	8	0	208
NCU06256T0_6-231_1EBB:A:	4	6	4	7	0	26	7	13	0	202
NCU06254T0_49-144,175-289_1WFX:A:	4	9	3	6	0	20	10	10	0	180
NCU06252T0_309-364,420-513_1MKP:A:	0	6	1	5	0	14	7	10	0	144
NCU06269T0_398-526_2CSW:A:8-139	6	10	1	1	0	25	16	9	0	132
NCU06269T0_559-609_1IYM:A:	0	2	0	1	0	11	6	4	0	54
NCU05735T0_68-292_1PV7:A:	0	0	2	22	0	18	12	14	0	417
NCU05735T0_267-517_1PV7:A:	0	0	2	22	0	18	12	14	0	417
NCU05730T0_19-151_2RGQ:A:1-133	0	6	0	3	0	7	3	7	0	133
NCU05726T0_184-275_2CCH:B:181-308	0	0	1	6	0	9	3	5	0	128
NCU05722T0_100-423_2JAV:A:3-271	1	8	3	9	0	24	12	13	0	269
NCU05717T0_2-100_2J5A:A:3-108	0	4	1	2	0	11	6	4	0	106
NCU05714T0_52-197_2J01:P:5-150	1	2	0	1	0	25	21	5	0	146
NCU06217T0_33-126_1U6F:A:1-139	0	5	0	2	0	17	16	5	0	139
NCU06217T0_154-239_2CPH:A:454-547	2	4	0	2	0	12	9	3	0	94
NCU06217T0_336-400_1SXL:A:	2	3	0	2	0	19	15	2	0	97
NCU06217T0_597-654_1B7F:A:123-204	0	8	0	2	0	9	4	5	0	82
NCU06216T0_139-329,431-812,1201-1233_1G3J:A:	2	0	4	35	0	31	15	35	0	531
NCU06211T0_147-325_1MLD:A:145-313	2	5	3	4	0	16	6	6	0	169
NCU06211T0_1-146_1MLD:A:1-144	0	6	2	5	0	12	10	10	0	144
NCU07832T0_1801-2053_3E9L:A:1760-2016	0	9	7	7	0	28	14	13	0	257
NCU07832T0_1035-1291_2BW3:A:163-609	0	5	7	21	0	33	14	25	0	447
NCU07826T0_5-147_2V7F:A:2-150	1	2	2	6	0	12	6	6	0	149
NCU07823T0_12-167_3STD:A:	0	8	0	6	0	7	4	9	0	162
NCU07821T0_55-317_2GVC:A:181-287	3	8	2	2	0	13	9	7	0	107
NCU07821T0_365-530_2GVC:A:3-180,A:288-444	5	14	3	8	0	38	25	20	1	335
NCU07820T0_56-492_1PW4:A:	2	0	1	18	0	21	18	22	0	450
NCU07818T0_113-353_1TW3:A:99-351	2	7	3	12	0	24	12	15	0	253
NCU07815T0_111-388_1VE3:A:2-227	0	10	2	7	0	20	9	11	0	226
NCU07590T0_34-331_2Z1A:A:28-329	3	16	3	9	0	37	21	18	0	302
NCU07590T0_330-491_2Z1A:A:330-534	2	12	4	8	0	20	13	12	0	205
NCU07589T0_7-186_2FE7:A:3-158	0	7	3	5	0	12	3	9	0	156
NCU07587T0_48-149_1L3G:A:	0	6	0	5	0	9	6	8	0	123
NCU07587T0_388-576_1SW6:A:	2	4	3	13	0	30	11	18	0	301
NCU07585T0_131-235_1KYQ:A:151-273	2	2	2	5	0	7	5	2	0	123
NCU07585T0_20-136_1KYQ:A:1-150	1	8	4	3	0	19	8	8	0	150
NCU07584T0_355-455_1HYI:A:	0	4	0	1	0	11	5	3	0	65
NCU07584T0_207-296_1VFY:A:	4	4	2	1	0	10	2	4	0	72
NCU07584T0_621-668_1Z0K:B:441-501	1	0	0	2	0	6	3	2	0	61
NCU07583T0_127-354_1D7B:A:	5	13	1	1	0	24	10	12	0	185
NCU06192T0_1-576_1DN1:A:	7	15	9	20	0	49	28	32	0	589
NCU06191T0_9-212,331-514_1M0W:A:6-210,A:324-491	3	18	5	11	0	34	15	17	1	373
NCU06191T0_218-333_2HGS:A:202-303	0	6	1	4	0	10	6	5	0	102
NCU06186T0_17-50_2EPS:A:408-446	0	2	0	1	0	5	5	1	0	39
NCU06181T0_650-1018_1A4Y:A:	2	17	3	16	0	56	24	32	0	460
NCU06179T0_211-488_1IA8:A:	5	12	5	7	0	36	16	18	0	275
NCU06177T0_93-135,166-386,517-587_1MUO:A:	6	6	4	9	0	28	17	16	0	261
NCU06176T0_1-29,70-179_1H3Q:A:	0	5	1	3	0	15	6	8	0	140
NCU08552T0_1-129_2GYC:I:2-122	5	7	0	1	0	26	15	7	0	121
NCU08550T0_71-184_1S1G:A:	3	3	2	4	0	11	8	7	0	123
NCU08549T0_1-282_2C5A:A:13-375	2	15	5	10	0	39	24	13	0	363
NCU08535T0_1838-2238_1OD2:A:1815-2203	2	13	2	15	0	35	19	23	0	389
NCU08535T0_1508-1837_1OD2:A:1484-1814	4	14	5	11	0	34	22	20	0	331
NCU08535T0_177-438_1W96:A:184-450	2	10	2	9	0	30	12	15	0	267
NCU08535T0_20-176_1W96:A:14-183	2	5	3	8	0	17	12	8	0	170
NCU08535T0_442-559_1W96:A:451-566	0	4	0	4	0	12	11	4	0	116
NCU08535T0_686-759_1GHK:A:	3	6	0	0	0	17	8	3	0	79
NCU05706T0_5-99_1R5A:A:2-86	0	4	1	3	0	11	4	6	0	85
NCU05706T0_111-251_1JLV:A:85-207	0	0	1	6	0	6	6	7	0	123
NCU05694T0_40-173,282-336_2FUK:A:3-220	2	8	1	5	0	26	14	17	0	218
NCU05692T0_29-210_2O8I:A:1-165	0	0	1	8	0	11	9	7	0	165
NCU05686T0_64-301_1GBG:A:	7	16	2	1	0	25	12	12	0	214
NCU05683T0_32-443_2GP4:A:1-418	5	7	4	13	0	30	17	20	0	418
NCU05683T0_445-634_2GP4:A:419-608	2	8	8	5	0	22	17	12	0	190
NCU06251T0_276-357_1WVN:A:5-74	0	3	2	3	0	7	1	2	0	70
NCU06251T0_130-219_1DT4:A:	0	3	1	3	0	8	1	3	0	73
NCU06251T0_43-116_2AXY:A:11-81	0	3	1	3	0	7	2	0	0	71
NCU06250T0_206-514_2BNH:A:	5	17	2	16	0	59	26	25	0	456
NCU06250T0_146-215_1FS1:A:109-149	0	0	2	3	0	6	2	3	0	41
NCU06247T0_9-97_1Z0N:A:77-163	0	10	1	0	0	14	6	6	0	87
NCU06242T0_34-257_1GV9:A:	4	18	1	1	0	32	17	8	0	228
NCU06238T0_346-469,634-743_1YAG:A:147-375	0	9	6	10	0	25	15	15	0	229
NCU06238T0_102-135,227-351_1K8K:A:3-160	0	10	4	3	0	17	12	9	0	158
NCU06230T0_8-283_1GZ8:A:	3	8	3	10	0	29	17	22	0	298
NCU07870T0_815-1244_1TGO:A:348-773	5	12	5	13	0	44	20	26	0	426
NCU07870T0_427-814_1WNS:A:1-347	2	17	1	10	0	31	20	21	0	347
NCU07868T0_1123-1375_1HU3:A:	0	0	1	10	0	14	8	8	0	259
NCU07868T0_876-973_1RF8:B:	1	0	2	3	0	15	12	4	0	99
NCU07865T0_621-794_1LVG:A:	2	9	1	8	0	18	8	13	0	190
NCU07864T0_116-327,383-401,442-485_1ERJ:A:	2	30	1	1	0	43	24	22	0	388
NCU07861T0_94-281,317-530_1PW4:A:	2	0	1	18	0	21	18	22	0	450
NCU07860T0_8-496_1UOK:A:1-479	6	15	12	16	0	55	33	34	0	479
NCU07860T0_502-577_1UOK:A:480-558	0	7	0	0	0	11	6	4	0	79
NCU07859T0_75-435_2FK8:A:22-301	1	7	4	11	0	29	16	16	0	281
NCU07858T0_1-49,85-164_2FVT:A:1-127	0	8	0	3	0	16	11	8	0	127
NCU07853T0_139-294_1R51:A:137-296	5	6	1	3	0	15	7	5	0	160
NCU07853T0_4-135_1R51:A:1-136	0	6	1	3	0	11	4	5	0	136
NCU07852T0_42-152_2J01:N:1-139	4	3	0	4	0	18	13	7	0	139
NCU07851T0_156-320_1JK9:B:74-245	1	11	2	2	0	21	15	9	0	172
NCU07851T0_64-126_1QUP:A:2-73	0	4	1	2	0	7	2	5	0	72
NCU07843T0_27-192_1U5T:A:20-164	0	3	1	6	0	9	4	8	0	145
NCU07843T0_193-257_1U5T:A:165-232	1	2	1	3	0	7	4	3	0	68
NCU09495T0_10-180_1ML9:A:	5	15	6	5	0	45	22	13	0	284
NCU09492T0_2-85_1OOT:A:	3	5	1	0	0	9	4	4	0	58
NCU09492T0_874-893,933-991,1044-1091,1148-1382_1W9C:A:	0	0	4	15	0	20	13	12	0	321
NCU08518T0_181-275_1FXL:A:37-118	0	6	0	2	0	9	4	5	0	82
NCU08516T0_18-403_1SNZ:A:	12	29	5	2	0	50	22	25	0	343
NCU08512T0_140-245_1HKS:A:	0	3	0	2	0	14	14	11	0	106
NCU09594T0_221-532_1SET:A:111-421	3	16	5	9	0	33	20	19	0	311
NCU09594T0_74-200_1SET:A:1-110	0	0	1	4	0	6	1	3	0	110
NCU08423T0_618-744_1E6I:A:	0	0	2	5	0	8	8	7	0	111
NCU08423T0_414-524_1EQF:A:1359-1497	0	0	2	6	0	12	8	12	0	139
NCU08418T0_198-579_1SIO:A:	8	17	6	8	0	42	24	21	0	357
NCU08418T0_15-165_1T1E:A:12-190	2	11	1	4	0	23	7	12	0	179
NCU09489T0_1-215_1V37:A:	2	6	3	6	0	21	10	9	0	171
NCU09488T0_66-142,238-250,299-463,491-531_1UG3:A:1438-1564	0	2	0	8	0	10	4	6	0	127
NCU09485T0_241-449_1BUP:A:189-381	1	6	3	7	0	14	7	9	0	193
NCU09485T0_30-228_1HJO:A:3-188	0	12	2	6	0	18	6	12	0	186
NCU09485T0_682-764_1UD0:A:	0	0	1	3	0	3	3	4	0	112
NCU09484T0_101-318,372-415,442-475,516-554_1IBQ:A:	9	25	3	6	0	40	21	21	0	325
NCU09482T0_1109-1161,1195-1218_1N72:A:	0	0	1	5	0	9	10	6	0	117
NCU09480T0_123-198_1T0G:A:	0	5	1	3	0	13	7	9	0	109
NCU09479T0_8-59,89-149_1PLC:A:	2	8	1	1	0	21	7	7	0	99
NCU09474T0_35-204,234-276_1Q2Y:A:	0	8	3	3	0	10	7	8	0	140
NCU09473T0_9-275_1I01:A:	2	7	3	9	0	21	12	12	0	241
NCU09471T0_309-507_1DKG:D:186-383	1	6	1	6	0	13	10	7	0	198
NCU09471T0_85-294_1HJO:A:3-188	0	12	2	6	0	18	6	12	0	186
NCU09469T0_293-395_1F8H:A:	2	0	1	4	0	12	7	5	0	95
NCU09469T0_139-241_1C07:A:	0	2	0	4	0	11	7	6	0	95
NCU09469T0_4-92_1QJT:A:	0	0	1	5	0	11	8	5	0	99
NCU09469T0_1231-1284_2G3Q:A:1339-1381	0	0	0	3	0	4	2	3	0	43
NCU09466T0_43-140_1EXB:E:	0	4	1	4	0	7	5	8	0	91
NCU08399T0_5-392,426-446_1J3N:A:1-249	6	7	5	10	0	28	13	15	0	249
NCU08399T0_574-705,775-876_1MLA:A:3-127,A:198-307	2	5	1	12	0	22	14	13	1	235
NCU08399T0_2103-2341_2FR1:A:1657-1915	2	9	2	10	0	25	12	17	0	259
NCU08399T0_709-774_1MLA:A:128-197	0	4	0	2	0	6	5	4	0	70
NCU08399T0_1477-1582_1UFK:A:	0	14	4	9	0	22	7	12	0	254
NCU08399T0_2398-2463_1KLP:A:	0	0	0	4	0	14	8	8	0	115
NCU08398T0_28-387_1SNZ:A:	12	29	5	2	0	50	22	25	0	343
NCU08393T0_25-218,401-492_3C96:A:4-182,A:294-402	1	13	1	8	0	26	14	13	1	288
NCU05425T0_181-608_1NI4:A:	2	12	3	11	0	37	24	21	0	364
NCU05425T0_649-883_2BFD:B:2-204	0	8	5	7	0	20	13	12	0	203
NCU10914T0_181-353,382-481_1GZ8:A:	3	8	3	10	0	29	17	22	0	298
NCU10753T0_11-87,124-233_1QSM:A:	0	7	2	4	0	15	5	6	0	150
NCU11068T0_18-390_1QNR:A:	4	16	3	11	0	38	22	25	0	344
NCU10866T0_91-167_2QAM:Z:2-78	4	2	1	2	0	10	3	4	0	77
NCU10368T0_53-485_1PW4:A:	2	0	1	18	0	21	18	22	0	450
NCU10650T0_40-192_1HDC:A:	2	7	5	9	0	23	16	15	0	254
NCU10833T0_90-155_2OVR:B:2263-2364	0	0	0	6	0	9	7	5	0	102
NCU11983T0_20-184_1Q1N:A:1-152,A:321-360	3	12	3	4	0	28	9	12	1	192
NCU11983T0_162-328_1Q1N:A:153-320	0	6	5	5	0	19	11	12	0	168
NCU08448T0_49-141_1D7B:A:	5	13	1	1	0	24	10	12	0	185
NCU08448T0_193-284_1D7B:A:	5	13	1	1	0	24	10	12	0	185
NCU05343T0_147-268_1P1T:A:	2	4	0	4	0	11	10	6	0	104
NCU05343T0_352-410_1MSZ:A:	0	3	0	2	0	7	3	3	0	62
NCU08505T0_1-157_1ZSO:A:1-156	1	15	1	0	0	18	10	9	0	156
NCU06767T0_735-885_1SXJ:A:548-693	1	2	3	7	0	9	9	12	0	146
NCU06767T0_482-726_1SXJ:A:295-547	1	5	4	11	0	21	18	23	0	253
NCU06767T0_332-411_1L7B:A:	1	4	0	3	0	14	10	4	0	92
NCU08748T0_78-389_1PW4:A:	2	0	1	18	0	21	18	22	0	450
NCU08748T0_459-568_1PW4:A:	2	0	1	18	0	21	18	22	0	450
NCU08747T0_22-241,436-500_1W4X:A:10-154,A:390-542	6	10	5	9	0	33	21	19	1	298
NCU08747T0_304-511_1W4X:A:10-154,A:390-542	6	10	5	9	0	33	21	19	1	298
NCU08742T0_261-335_1D4U:A:37-111	0	3	0	3	0	9	8	3	0	75
NCU08739T0_109-435_2ER7:E:	6	24	4	5	0	38	19	21	0	330
NCU08738T0_44-288,339-562_1PV7:A:	0	0	2	22	0	18	12	14	0	417
NCU08734T0_251-510_1MEE:A:	10	10	0	9	0	37	19	22	0	275
NCU06803T0_33-468_1PMM:A:	9	13	6	12	0	49	26	25	0	450
NCU00542T0_117-222_1S7B:A:	0	0	0	4	0	10	7	3	0	109
NCU09360T0_41-279_1Q9J:A:181-418	4	7	1	5	0	21	13	10	0	238
NCU00837T0_167-479_1PGP:A:177-473	6	0	2	12	0	23	12	11	0	297
NCU00837T0_1-161_1PGJ:A:1-178	4	7	1	7	0	19	12	7	0	178
NCU00836T0_292-326_1AZ6:A:	0	2	0	0	0	7	4	2	0	36
NCU10058T0_2-214_3PMG:A:1-190	3	9	1	5	0	20	11	13	0	190
NCU10058T0_419-554_3PMG:A:421-561	0	9	0	3	0	14	7	7	0	141
NCU10058T0_280-424_3PMG:A:304-420	0	4	1	6	0	10	7	7	0	117
NCU10058T0_184-293_1KFI:A:206-323	1	5	3	4	0	13	11	10	0	118
NCU03059T0_42-351_1YC5:A:1-245	5	10	5	9	0	28	13	15	0	245
NCU03058T0_131-163,268-309,437-539_1SQ9:A:	7	28	4	1	0	39	24	22	0	393
NCU03051T0_369-730_1XIP:A:	5	30	1	2	0	35	25	17	0	387
NCU03051T0_68-313,420-538_2OVR:B:2365-2706	0	32	2	1	0	36	24	21	0	342
NCU00523T0_8-284_1J8F:A:	4	9	5	12	0	33	20	18	0	323
NCU00522T0_67-411_1N8P:A:	5	12	2	13	0	43	33	20	0	393
NCU00519T0_4-245_1H1Y:A:	4	8	6	9	0	22	16	11	0	220
NCU03244T0_142-233,268-487_2OVR:B:2365-2706	0	32	2	1	0	36	24	21	0	342
NCU08594T0_2-46_1PYI:A:30-71	0	2	0	2	0	6	1	3	0	42
NCU09373T0_19-199_1H7S:A:29-231	0	10	3	5	0	18	14	9	0	203
NCU09373T0_198-230,258-365_1H7S:A:232-365	2	7	1	4	0	12	4	9	0	134
NCU07474T0_122-278_1QYD:A:	3	13	2	13	0	35	25	21	0	312
NCU07473T0_116-213,261-575_1IIR:A:	0	13	4	14	0	38	21	15	0	401
NCU09821T0_54-296_2EW8:A:3-249	0	7	4	7	0	20	10	12	0	247
NCU09819T0_483-632_2A2N:A:483-646	6	8	1	2	0	24	12	11	0	164
NCU09819T0_53-314,349-386_1VYH:C:92-408	0	28	1	0	0	39	25	14	0	317
NCU03247T0_69-349_1JR7:A:	5	17	3	7	0	39	15	20	0	311
NCU02088T0_267-314,355-430_1N3J:A:	3	9	0	2	0	19	13	1	0	119
NCU07478T0_58-95,165-322,354-453_1OKC:A:	0	0	6	11	0	19	10	9	0	292
NCU09368T0_250-448_2QFI:A:5-208	2	0	7	7	0	14	20	21	0	204
NCU09368T0_455-528_3BYP:A:6-87	1	3	0	2	0	5	2	4	0	82
NCU09367T0_1574-1659,1686-1940_1E8Y:A:726-1092	0	10	2	12	0	26	15	16	0	367
NCU09367T0_1394-1551_1E8Y:A:525-725	0	0	2	12	0	15	8	11	0	201
NCU09366T0_37-262_1RYP:1:	3	12	0	4	0	20	12	13	0	222
NCU02829T0_23-269_2AMY:A:4-246	2	11	2	9	0	24	17	13	0	243
NCU03066T0_189-404_1PUJ:A:	2	6	3	10	0	26	16	16	0	273
NCU09065T0_73-236,277-290,998-1077_1XEW:X:,Y:	2	15	2	9	0	30	20	14	1	329
NCU09065T0_690-747,893-1081_1XEW:X:,Y:	2	15	2	9	0	30	20	14	1	329
NCU00801T0_67-414,450-546_1PV7:A:	0	0	2	22	0	18	12	14	0	417
NCU09233T0_44-228_1ZUN:A:1-211	1	6	3	6	0	23	12	9	0	211
NCU00905T0_93-582_2F2A:A:1-485	12	11	6	15	0	46	29	35	0	485
NCU00904T0_124-341_1DIQ:A:7-242	4	11	2	6	0	33	17	19	0	236
NCU00904T0_345-582_1W1O:A:246-534	3	8	4	10	0	26	15	10	0	289
NCU09388T0_426-490_1WEE:A:	0	3	0	1	0	15	10	3	0	71
NCU09382T0_11-104,194-240_1W3B:A:	0	0	0	23	0	35	6	26	0	388
NCU09381T0_3-118_2DAY:A:8-122	0	4	0	3	0	10	8	4	0	115
NCU09380T0_119-475_1M8Z:A:	0	2	4	27	0	17	16	26	0	339
NCU09378T0_3-144_2C35:A:14-142	2	1	2	6	0	13	8	4	0	129
NCU08112T0_40-526_1DT6:A:	6	6	3	14	0	50	32	19	0	472
NCU08109T0_243-374_1JL2:A:	3	5	0	5	0	15	8	10	0	150
NCU08107T0_204-366_1JL2:A:	3	5	0	5	0	15	8	10	0	150
NCU11489T0_232-368_2CCH:B:181-308	0	0	1	6	0	9	3	5	0	128
NCU11489T0_370-482_1VIN:A:309-432	0	0	4	7	0	10	8	4	0	123
NCU02757T0_212-369_2QAM:C:125-269	8	3	4	1	0	25	19	9	0	145
NCU02757T0_65-183_2J01:D:2-126	8	4	1	0	0	20	11	9	0	125
NCU02116T0_98-246_1XM8:A:	1	14	3	9	0	25	7	18	0	253
NCU02115T0_227-374_1UHN:A:	4	0	2	9	0	19	10	9	0	189
NCU02115T0_154-210_2FC7:A:8-76	0	5	1	0	0	12	12	2	0	69
NCU03092T0_278-393_1P1T:A:	2	4	0	4	0	11	10	6	0	104
NCU03092T0_173-263_1X5S:A:8-97	0	4	0	2	0	11	8	3	0	89
NCU03062T0_192-253_1UZC:A:	0	0	1	3	0	6	5	3	0	69
NCU03062T0_256-321_2DOE:A:784-853	0	0	0	4	0	6	3	4	0	70
NCU03062T0_404-476_2DOE:A:784-853	0	0	0	4	0	6	3	4	0	70
NCU03062T0_548-611_2CQN:A:743-806	0	0	0	4	0	5	3	4	0	64
NCU03062T0_15-49_1ZR7:A:12-39	0	3	0	0	0	2	1	3	0	28
NCU03062T0_44-84_1ZR7:A:12-39	0	3	0	0	0	2	1	3	0	28
NCU03062T0_326-398_2DOE:A:784-853	0	0	0	4	0	6	3	4	0	70
NCU03060T0_692-955_1Z3I:X:390-735	0	10	6	11	0	41	29	23	0	346
NCU03060T0_415-691_1Z63:A:432-661	0	7	2	11	0	24	16	18	0	230
NCU03060T0_350-423_2B2Y:A:108-187	0	3	1	2	0	6	3	4	0	78
NCU03060T0_268-335_2DY7:A:172-252	0	3	0	3	0	8	3	3	0	81
NCU08119T0_76-145,197-363_1LTL:A:	2	10	4	5	0	24	9	12	0	239
NCU08119T0_405-722_1OFH:A:	0	9	5	14	0	31	16	15	0	309
NCU08118T0_853-1096,1177-1220_1OZ4:A:471-763	2	0	3	7	0	31	24	19	0	292
NCU08118T0_544-715,771-818_1UM8:A:	0	10	5	15	0	31	13	21	0	364
NCU08118T0_136-229_1WLF:A:100-179	0	7	0	2	0	11	7	2	0	80
NCU08118T0_9-133_1WLF:A:13-99	0	7	0	2	0	14	4	4	0	87
NCU08117T0_265-663_1PFF:A:	0	12	1	14	1	33	19	24	0	331
NCU08114T0_42-236,269-492_1PW4:A:	2	0	1	18	0	21	18	22	0	450
NCU01849T0_93-314_1DMH:A:	5	16	0	7	0	41	16	24	0	309
NCU03050T0_150-301_1K8K:D:121-284	0	5	2	5	0	11	8	10	0	164
NCU03050T0_1-119_1K8K:D:1-120	0	5	2	5	0	11	6	8	0	120
NCU11564T0_21-132_1F3U:A:	1	7	0	3	0	13	3	10	0	118
NCU11564T0_243-309_1BBY:A:	3	0	0	3	0	11	3	2	0	69
NCU03045T0_843-1085_1K3I:A:151-537	9	30	6	0	0	59	29	25	0	387
NCU00988T0_21-498_1PV7:A:	0	0	2	22	0	18	12	14	0	417
NCU07468T0_1-279,335-374_1UDB:A:	3	13	1	11	0	38	21	15	0	338
NCU07466T0_33-170_2YZI:A:4-135	6	6	2	4	0	14	9	11	0	132
NCU07465T0_82-359_1OKC:A:	0	0	6	11	0	19	10	9	0	292
NCU07459T0_29-330_1G6Q:1:	7	15	2	8	0	32	15	22	0	328
NCU07458T0_447-542_1WJW:A:	0	3	0	2	0	7	8	3	0	111
NCU07458T0_82-209_1K2Y:X:5-154	5	7	1	4	0	15	5	10	0	150
NCU07458T0_24-113_1K2Y:X:5-154	5	7	1	4	0	15	5	10	0	150
NCU07458T0_193-301_1K2Y:X:155-258	0	5	2	3	0	14	9	8	0	104
NCU07456T0_109-218_1KZL:A:93-202	1	6	2	2	0	13	5	7	0	110
NCU07456T0_1-106_1KZL:A:1-92	1	6	2	1	0	13	4	5	0	92
NCU09332T0_335-521_1T9F:A:	4	12	2	0	0	29	9	14	0	186
NCU09326T0_361-616_1WKY:A:34-330	5	12	4	9	0	31	15	21	0	297
NCU08390T0_29-149_1NSL:A:	1	8	3	5	0	10	7	10	0	183
NCU08389T0_69-144_2JXT:A:1-78	0	3	2	2	0	5	2	3	0	78
NCU08387T0_70-133_1BUO:A:	0	3	1	6	0	11	5	4	0	121
NCU08384T0_1-311_1JEZ:A:	5	10	3	11	0	39	15	19	0	319
NCU08382T0_544-735_1PF4:A:321-564	3	9	2	6	0	30	21	8	0	243
NCU08382T0_164-408_1PF4:A:10-320	0	0	9	16	0	12	11	14	0	310
NCU02788T0_19-114,171-295_1H6K:A:27-290	3	2	4	12	0	21	8	8	0	264
NCU02786T0_41-129,163-339_1JOV:A:	8	21	4	0	0	29	21	17	0	269
NCU09309T0_62-266_1RYP:L:	3	12	0	5	0	14	7	11	0	212
NCU00852T0_11-323_1UV4:A:3-293	7	20	2	0	0	35	18	20	0	291
NCU00845T0_114-337_1ZTP:A:17-250	2	9	2	7	0	29	19	12	0	234
NCU00843T0_8-222_1JKX:A:	0	10	2	6	0	22	14	12	0	209
NCU00838T0_1-201,228-334_1I60:A:	2	10	5	10	0	25	13	15	0	278
NCU02636T0_6-155_1I7K:A:	4	4	1	4	0	16	8	13	0	146
NCU02098T0_142-262,298-366_1MUG:A:	1	5	2	5	0	16	14	8	0	165
NCU02097T0_74-340_1H5Q:A:	2	10	7	8	0	25	12	15	0	260
NCU02094T0_54-101_1PYI:A:30-71	0	2	0	2	0	6	1	3	0	42
NCU02059T0_117-441_2ER7:E:	6	24	4	5	0	38	19	21	0	330
NCU02056T0_4-475_1BI9:A:	7	19	2	16	0	50	25	21	0	499
NCU02055T0_8-382_1Q8F:A:	0	12	3	12	0	38	16	10	0	308
NCU02053T0_362-616_1K1S:A:1-239	2	8	3	10	0	22	10	15	0	239
NCU02053T0_54-151_1IN1:A:	2	2	1	2	0	13	6	11	0	87
NCU02053T0_621-735_1T94:A:411-515	0	4	0	2	0	8	4	3	0	105
NCU02052T0_18-92,158-251,299-341_1HS6:A:1-208	2	15	4	0	0	20	10	12	0	208
NCU02052T0_366-611_3E11:A:1-113	2	3	3	4	0	11	7	8	0	113
NCU09322T0_477-729_1OUV:A:	0	0	0	15	0	18	7	15	0	272
NCU09317T0_385-573_1OF5:A:	1	7	3	2	0	14	5	6	0	220
NCU09317T0_203-359_1FO1:A:203-362	0	7	4	5	0	18	7	12	0	160
NCU09317T0_586-649_1GO5:A:	0	0	0	4	0	7	7	3	0	69
NCU09316T0_7-138_1K3I:A:151-537	9	30	6	0	0	59	29	25	0	387
NCU08605T0_3-218_1RYP:I:	0	13	0	4	0	21	11	11	0	222
NCU03042T0_414-500,536-1015,1053-1202_1QBK:B:	0	0	17	47	0	50	54	64	0	888
NCU03039T0_377-578_2U2F:A:	0	4	0	2	0	9	7	3	0	85
NCU03039T0_238-329_1U2F:A:	1	4	1	1	0	13	8	6	0	90
NCU03038T0_66-142_1DK1:A:	0	0	0	4	0	6	2	3	0	86
NCU02633T0_328-414_2DIT:A:8-106	0	6	1	3	0	13	9	6	0	99
NCU02633T0_112-227_2CPE:A:353-453	6	6	0	2	0	15	8	6	0	101
NCU02632T0_965-1094_1NE6:A:109-244	0	8	1	5	0	14	5	6	0	136
NCU02632T0_780-893_1TH8:B:	0	5	1	4	0	6	5	5	0	115
NCU02630T0_86-471_1QVR:A:149-535	0	8	0	16	0	30	17	16	0	387
NCU02630T0_472-785_1QVR:A:536-850	5	9	4	14	0	30	21	15	0	315
NCU02629T0_201-594_1G8M:A:201-593	3	17	3	13	0	40	23	23	0	393
NCU02629T0_6-195_1G8M:A:4-200	3	5	2	10	0	16	9	11	0	197
NCU02624T0_44-526_1E9X:A:	5	12	6	18	0	48	21	22	0	449
NCU09813T0_12-98_1EUV:B:	1	5	1	1	0	9	3	7	0	79
NCU09813T1_12-98_1EUV:B:	1	5	1	1	0	9	3	7	0	79
NCU09812T0_800-839_2DAR:A:8-52	3	3	0	0	0	10	3	3	0	45
NCU09812T0_841-907_2D8X:A:8-32	1	2	0	0	0	5	3	2	0	25
NCU09803T0_155-245_1WIK:A:	0	4	0	5	0	14	12	6	0	108
NCU09803T0_3-104_1XFL:A:	0	5	0	4	0	9	6	5	0	114
NCU00536T0_104-385,448-525_2PL5:A:5-366	8	12	4	9	0	39	31	22	0	362
NCU00535T0_125-270_2E1B:A:88-216	3	7	2	2	0	13	7	4	0	129
NCU00535T0_46-118_2E1B:A:1-87	2	5	1	0	0	15	8	5	0	87
NCU02114T0_47-182_2CCH:B:181-308	0	0	1	6	0	9	3	5	0	128
NCU02114T0_187-290_1VIN:A:309-432	0	0	4	7	0	10	8	4	0	123
NCU02113T0_4-148_1JAT:A:	3	5	1	4	0	17	8	12	0	154
NCU02112T0_33-346_1ERJ:A:	2	30	1	1	0	43	24	22	0	388
NCU02109T0_13-477_1VM8:A:	11	25	8	15	0	57	25	32	0	516
NCU02104T0_28-355_1ERJ:A:	2	30	1	1	0	43	24	22	0	388
NCU01939T0_6-941,970-1027_1WA5:C:	8	0	17	50	0	66	46	42	0	959
NCU01936T0_24-393_1JIH:A:1-389	4	12	6	15	0	45	27	25	0	389
NCU01936T0_364-474_1JIH:A:390-509	0	4	0	2	0	11	5	4	0	120
NCU01928T0_178-322_1XWA:A:	0	5	0	4	0	8	5	7	0	110
NCU01928T0_13-57_1V92:A:	0	0	0	3	0	4	2	4	0	46
NCU01928T0_394-507_2CR5:A:8-103	3	4	0	2	0	13	8	5	0	96
NCU02855T0_33-218_1TE1:B:	4	13	0	1	0	21	18	4	0	190
NCU11242T0_31-500_3CZH:A:40-502	7	8	4	16	0	42	19	26	0	462
NCU02840T0_176-429_2CE7:A:150-402	2	5	6	9	0	24	12	16	0	253
NCU00763T0_157-229,336-387,422-612_1O6Y:A:	1	11	3	8	0	24	14	12	0	276
NCU00762T0_87-387_1H1N:A:	3	10	2	10	0	34	17	26	0	305
NCU00762T0_19-51_1AZ6:A:	0	2	0	0	0	7	4	2	0	36
NCU03086T0_7-263_1DXE:A:	0	8	1	12	0	24	18	17	0	253
NCU03084T0_4-234,262-374_2MAS:A:	1	12	1	13	0	44	24	10	0	313
NCU03080T0_365-557_2NR9:A:4-192	0	0	2	8	0	13	11	7	0	189
NCU03076T0_61-584_1UZB:A:	7	19	6	15	0	48	35	23	0	516
NCU03073T0_129-228_1JFI:B:	2	0	1	5	0	7	3	4	0	135
NCU03151T0_3-149_1TP9:A:1-162	1	9	0	6	0	18	11	13	0	162
NCU03146T0_222-304,382-398_2OVR:B:2263-2364	0	0	0	6	0	9	7	5	0	102
NCU03145T0_7-135,298-369_2QFI:A:5-208	2	0	7	7	0	14	20	21	0	204
NCU03145T0_372-451_2QFI:A:209-290	4	0	1	2	0	13	9	6	0	82
NCU03138T0_96-181_1TAF:A:	2	0	0	3	0	6	1	4	0	68
NCU03136T0_109-203_1QR4:A:88-175	0	8	0	0	0	13	7	3	0	88
NCU03291T0_534-616_1W1W:E:	0	3	1	3	0	8	4	4	0	79
NCU03280T0_110-297,351-361_1NQZ:A:	3	11	2	4	0	20	4	7	0	187
NCU03277T0_376-421_1CHC:A:	0	3	0	1	0	9	8	3	0	68
NCU11202T0_813-1002_1R0D:A:	0	0	1	6	0	8	3	4	0	194
NCU11202T0_16-131_1HX8:A:22-161	0	0	1	6	0	12	7	5	0	140
NCU01949T0_10-156_1C06:A:	0	5	1	7	0	16	11	9	0	159
NCU01940T0_352-672_1IA8:A:	5	12	5	7	0	36	16	18	0	275
NCU02184T0_24-289_2HVM:A:	3	9	7	10	0	29	21	13	0	273
NCU02182T0_277-336_1ITY:A:	0	0	0	3	0	8	5	2	0	67
NCU02182T0_416-470_1H8A:C:87-143	0	0	0	3	0	8	4	3	0	57
NCU02179T0_114-331_1DIQ:A:7-242	4	11	2	6	0	33	17	19	0	236
NCU02179T0_335-577_1DIQ:A:243-521	3	8	5	10	0	24	13	14	0	279
NCU02781T0_12-288,318-367_1K8K:C:	2	28	1	2	0	32	23	22	0	371
NCU02780T0_18-104_1A9N:B:	0	6	0	3	0	11	8	5	0	94
NCU02778T0_266-788_1DL2:A:	6	19	4	20	0	49	26	30	0	511
NCU02772T0_266-464_2Q4V:A:3-169	1	7	2	6	0	14	4	9	0	167
NCU02765T0_8-109_1NYN:A:	1	4	0	4	0	17	12	0	0	111
NCU02142T0_61-101_1PYI:A:30-71	0	2	0	2	0	6	1	3	0	42
NCU02139T0_418-751_1W7B:A:	0	0	0	19	0	25	13	8	0	319
NCU02134T0_478-620_1JOQ:A:	3	9	1	3	0	22	11	8	0	149
NCU02134T0_311-456_1JOQ:A:	3	9	1	3	0	22	11	8	0	149
NCU02134T0_159-306_1JOQ:A:	3	9	1	3	0	22	11	8	0	149
NCU02134T0_4-143_1JOQ:A:	3	9	1	3	0	22	11	8	0	149
NCU02134T0_671-769_2HQX:A:8-97	0	5	2	1	0	10	4	6	0	90
NCU02134T0_706-879_1JOQ:A:	3	9	1	3	0	22	11	8	0	149
NCU02127T0_315-586_1ON3:A:261-524	2	8	6	10	0	22	15	15	0	264
NCU02127T0_103-347_1VRG:A:1-251	6	7	5	10	0	21	10	13	0	251
NCU02126T0_95-334_1IVH:A:6-241	3	8	6	7	0	20	10	16	0	236
NCU02126T0_322-476_1IVH:A:242-392	1	2	2	6	0	5	3	8	0	151
NCU02125T0_24-84,119-191_1VCD:A:1-126	1	7	0	3	0	16	6	5	0	126
NCU02124T0_36-251_1EVQ:A:	0	8	4	9	0	28	16	23	0	308
NCU02124T1_36-251_1EVQ:A:	0	8	4	9	0	28	16	23	0	308
NCU02123T0_63-160,196-298_1PUJ:A:	2	6	3	10	0	26	16	16	0	273
NCU02121T0_146-191_1WEP:A:	3	2	0	2	0	13	9	5	0	78
NCU00517T0_235-331,359-506_1SXJ:A:295-547	1	5	4	11	0	21	18	23	0	253
NCU00513T0_8-374_1ZYL:A:4-328	4	10	3	11	0	33	21	18	0	325
NCU00505T0_4-122_1B34:A:	0	5	1	2	0	12	1	7	0	80
NCU00504T0_50-143,179-218_1NV8:A:	2	9	3	10	0	29	15	20	0	271
NCU00501T0_72-231,300-415,451-469_1Z3X:A:1-87	0	0	0	5	0	7	4	5	0	87
NCU11562T0_255-311_1DH3:A:	0	0	0	1	0	1	1	2	0	54
NCU01979T0_23-311_1S9A:A:	5	12	1	5	0	33	15	18	0	256
NCU01976T0_296-413_1B7F:A:123-204	0	8	0	2	0	9	4	5	0	82
NCU01976T0_123-213_1P1T:A:	2	4	0	4	0	11	10	6	0	104
NCU01973T0_443-651_1H2K:A:	3	17	6	8	0	41	17	19	0	335
NCU01973T0_1253-1429_1N3J:A:	3	9	0	2	0	19	13	1	0	119
NCU01970T0_56-167_1X8D:A:1-104	2	5	1	4	0	11	4	6	0	104
NCU01968T0_112-316,513-731_1PW4:A:	2	0	1	18	0	21	18	22	0	450
NCU01962T0_46-133_1OCR:G:	2	0	0	2	0	11	8	7	0	84
NCU00833T0_1574-1629_1J3D:A:	0	0	0	3	0	5	3	5	0	78
NCU00833T0_1993-2046_1GT0:D:	0	0	0	3	0	5	3	4	0	80
NCU00833T0_1368-1422_2LEF:A:	0	0	0	3	0	7	7	3	0	86
NCU00824T0_26-376_1T64:A:	10	8	3	11	0	40	16	26	0	364
NCU00823T0_33-169_1OI0:A:	0	9	0	2	0	14	8	5	0	121
NCU00818T0_240-279,318-576_2PLC:A:	5	13	4	8	0	26	18	17	0	274
NCU00813T0_25-139_2B5E:A:23-141	0	5	0	4	0	15	7	10	0	119
NCU00813T0_143-243_2B5E:A:365-504	1	4	1	4	0	18	7	6	0	140
NCU00809T0_32-513_1PV7:A:	0	0	2	22	0	18	12	14	0	417
NCU00743T0_1082-1197,1263-1548_2JG0:A:37-547	13	16	6	19	0	52	31	30	0	511
NCU00743T0_122-270,490-629,659-722_1EA9:C:122-503	6	8	0	15	0	53	38	25	0	382
NCU00738T0_414-477_1GUW:A:	2	5	0	1	0	12	6	4	0	72
NCU00736T0_24-250,278-404,434-446_1JW9:B:	5	8	2	9	0	22	10	18	0	247
NCU00727T0_76-153_2DK5:A:8-85	0	3	0	3	0	8	6	3	0	78
NCU03274T0_29-58_1WJV:A:36-66	0	2	1	0	0	4	2	3	0	31
NCU03274T0_1-26_1WJV:A:1-35	0	2	1	0	0	4	2	3	0	31
NCU03268T0_9-134_2NN6:D:25-146	0	5	1	2	0	10	5	2	0	122
NCU03268T0_137-215_2NN6:D:147-235	0	4	0	2	0	9	4	3	0	89
NCU03267T0_313-628_1U0T:A:	0	20	3	5	0	30	14	14	0	302
NCU03266T0_63-128_1B72:A:	0	0	1	3	0	6	1	3	0	88
NCU03264T0_3-244_1IAL:A:	0	0	4	28	0	36	22	21	0	453
NCU03263T0_1093-1211_1DSY:A:	1	9	1	2	0	19	9	5	0	137
NCU03263T0_446-572_1CJY:A:13-141	2	9	0	1	0	19	8	7	0	129
NCU03263T0_702-834_1DQV:A:425-569	1	7	1	1	0	21	14	5	0	145
NCU03263T0_588-713_1DSY:A:	1	9	1	2	0	19	9	5	0	137
NCU03263T0_1341-1435_2NQ3:A:13-145	0	10	0	1	0	12	8	4	0	133
NCU03257T0_30-420_1U7G:A:	2	2	6	15	0	21	14	16	0	383
NCU03255T0_159-593_1IHP:A:	5	10	6	16	0	41	24	26	0	438
NCU09748T0_58-110_1YTF:D:55-119	0	3	0	0	0	3	1	1	0	65
NCU09748T0_8-56_1YTF:D:5-54	0	0	1	2	0	2	3	2	0	50
NCU09747T0_40-108_1C99:A:	0	0	1	2	0	2	1	1	0	79
NCU09747T0_123-192_1C99:A:	0	0	1	2	0	2	1	1	0	79
NCU09744T0_12-321_1U4C:A:	4	27	2	2	0	38	21	15	0	340
NCU09742T0_336-427_1X5O:A:8-108	2	4	0	2	0	12	8	5	0	101
NCU09742T0_250-318_1X4E:A:8-79	0	4	0	2	0	9	9	4	0	72
NCU09741T0_244-532_1AMO:A:243-518	5	10	2	8	0	39	20	12	0	276
NCU09741T0_62-229_1JA1:A:63-239	0	7	4	5	0	17	7	9	0	177
NCU09741T0_531-691_1AMO:A:519-678	0	5	1	6	0	9	6	11	0	160
NCU09739T0_4-44_2HAP:C:55-97	0	0	1	2	0	6	3	2	0	43
NCU09738T0_23-120,151-375_1GY9:A:	6	15	2	7	0	34	19	14	0	279
NCU09736T0_75-241_1E69:A:	6	14	2	6	0	26	20	16	0	308
NCU09732T0_37-303_1QFL:A:4-268	6	10	2	8	0	30	16	18	0	265
NCU09732T0_305-426_1ULQ:A:276-400	2	4	2	4	0	11	5	8	0	125
NCU02807T0_39-90_1GMJ:A:	0	0	0	1	0	2	0	0	0	83
NCU02807T1_39-90_1GMJ:A:	0	0	0	1	0	2	0	0	0	83
NCU02798T0_212-317_1B9L:A:	0	5	1	4	0	10	9	6	0	119
NCU02797T0_53-502_2ICY:A:6-383	7	20	12	11	0	35	17	20	0	379
NCU02795T0_68-441_1T64:A:	10	8	3	11	0	40	16	26	0	364
NCU03311T0_5-116_1P1T:A:	2	4	0	4	0	11	10	6	0	104
NCU03310T0_89-224_1WIN:A:	0	6	0	5	0	15	6	3	0	142
NCU03309T0_1-77_1NDD:A:	2	5	2	1	0	10	2	6	0	74
NCU03306T0_6-111_1QSD:A:	0	0	0	3	0	6	2	2	0	102
NCU03303T0_4-77_2AL3:A:10-85	2	5	1	2	0	11	5	4	0	76
NCU03303T0_350-448_1NDD:A:	2	5	2	1	0	10	2	6	0	74
NCU02169T0_119-206_1T6N:A:	0	7	0	9	0	22	16	12	0	207
NCU02159T0_144-237_1WI8:A:	2	6	1	2	0	13	8	4	0	103
NCU02158T0_32-308_1MLV:A:50-310	4	6	3	8	0	32	19	16	0	261
NCU02155T0_368-501_1KS9:A:168-291	0	0	2	6	0	7	1	7	0	124
NCU02152T0_35-161_1HD1:A:	2	4	1	2	0	7	2	4	0	75
NCU02151T0_245-484,525-618_2OVR:B:2365-2706	0	32	2	1	0	36	24	21	0	342
NCU02147T0_474-521_1MYO:A:	0	0	1	6	1	12	7	10	0	118
NCU00723T0_185-245_1IYM:A:	0	2	0	1	0	11	6	4	0	54
NCU00722T0_81-142,220-529_2QS8:A:64-373	6	9	2	11	0	35	15	24	0	310
NCU00722T0_26-82,528-567_1O12:A:1-43,A:332-364	1	7	0	0	0	8	4	5	1	76
NCU00720T0_11-152_6LDH:A:1-160	0	6	3	5	0	16	9	6	0	160
NCU00720T0_153-320_1A5Z:A:164-333	3	8	2	5	0	12	6	9	0	172
NCU00714T0_250-372_1ELR:A:	0	0	0	7	0	9	1	5	0	128
NCU00714T0_3-116_1ELW:A:	0	0	0	7	0	11	0	7	0	117
NCU00714T0_385-489_2C2L:A:24-224	0	0	1	10	0	12	7	11	0	201
NCU00713T0_34-91,125-260_1IM5:A:	6	6	4	4	0	22	12	14	0	179
NCU00712T0_713-853,971-1128_1HW8:A:441-586,A:704-861	4	7	3	10	0	18	15	19	1	304
NCU00712T0_856-973_1DQA:A:587-703	1	6	0	4	0	10	6	5	0	117
NCU00711T0_81-269_1PV7:A:	0	0	2	22	0	18	12	14	0	417
NCU00711T0_283-507,556-593_1PW4:A:	2	0	1	18	0	21	18	22	0	450
NCU00710T0_132-398_2D81:A:21-338	4	12	4	9	0	34	21	20	0	318
NCU00710T0_28-130_2D81:A:21-338	4	12	4	9	0	34	21	20	0	318
NCU00707T0_10-101,148-239_1P27:B:	5	5	1	2	0	10	6	4	0	92
NCU00704T0_42-179_1TO4:A:	4	9	2	1	0	21	16	10	0	155
NCU00701T0_19-224_1JFX:A:	1	9	1	6	0	25	12	13	0	217
NCU03184T0_232-283_2EPS:A:408-446	0	2	0	1	0	5	5	1	0	39
NCU03178T0_129-197_1WEM:A:	0	2	0	3	0	11	7	3	0	75
NCU03169T0_283-341,369-423_1X5S:A:8-97	0	4	0	2	0	11	8	3	0	89
NCU03169T0_250-284_1N0Z:A:	4	0	0	0	0	12	8	1	0	44
NCU03169T0_102-217_1NO8:A:	0	6	0	2	0	11	6	3	0	78
NCU03168T0_52-424_1EAG:A:	1	26	4	3	0	39	18	21	0	342
NCU03163T0_10-101_1TR0:A:	0	4	1	3	0	11	3	4	0	106
NCU03159T0_16-170,201-240,289-303_2NN6:C:7-187	4	5	0	4	0	23	18	11	0	181
NCU03159T0_259-355_2NN6:C:188-276	0	4	0	1	0	11	6	4	0	89
NCU03153T0_64-110,242-314_2IK8:B:65-180	0	0	0	8	0	6	3	9	0	116
NCU02083T0_2225-2504_1BO1:A:	1	12	2	8	0	33	23	12	0	383
NCU02083T0_901-1069_1GML:A:	3	9	2	3	0	17	13	5	0	169
NCU02083T0_458-525_1DVP:A:149-220	2	4	1	1	0	12	5	4	0	72
NCU02078T0_49-154_1F68:A:	0	0	1	5	0	8	6	4	0	103
NCU02078T0_265-410_1JSP:B:	2	0	1	4	0	10	12	9	0	120
NCU02076T0_20-242_1RF8:A:	1	8	1	7	0	28	19	7	0	213
NCU02068T0_1472-1583_1WF6:A:	1	4	3	3	0	15	14	3	0	131
NCU02065T0_494-572_1JMK:C:	3	9	4	6	0	23	15	12	0	230
NCU07453T0_12-87,139-216,276-344_1AUG:A:	6	8	1	5	0	26	18	8	0	210
NCU07452T0_37-421_1Z41:A:2-338	1	12	4	10	0	34	24	18	0	337
NCU07451T0_14-153,204-426_1RQG:A:1-138,A:174-396	15	13	4	15	0	37	14	21	1	361
NCU07451T0_430-621_1RQG:A:397-606	2	0	1	10	0	14	6	10	0	210
NCU07451T0_149-175_1MEA:A:	0	0	0	0	0	5	4	2	0	28
NCU07450T0_18-87_1R29:A:	0	3	0	6	0	11	5	9	0	122
NCU07447T0_50-131_1S7B:A:	0	0	0	4	0	10	7	3	0	109
NCU07443T0_118-208,493-616,1125-1353_1SU4:A:1-124,A:240-343,A:751-994	1	1	8	18	0	32	20	22	2	472
NCU07443T0_900-958,1019-1124_1SU4:A:344-360,A:600-750	3	8	1	8	0	16	12	11	1	168
NCU07443T0_628-644,723-920_1SU4:A:361-599	0	13	3	7	0	21	11	13	0	239
NCU07443T0_348-404,451-491_1SU4:A:125-239	2	9	3	0	0	21	10	7	0	115
NCU07442T0_75-550_1A4S:A:	7	20	8	15	0	54	30	24	0	503
NCU07438T0_15-129_1MKE:A:31-144	1	6	0	1	0	10	8	2	0	114
NCU07437T0_2-143_1D7Q:A:	0	5	1	1	0	17	12	6	0	143
NCU07435T0_163-251_1L7B:A:	1	4	0	3	0	14	10	4	0	92
NCU07435T0_77-163_1K85:A:	0	8	0	0	0	9	7	1	0	87
NCU07434T0_124-346_1SNY:A:	3	7	6	7	0	28	16	13	0	266
NCU07430T0_57-140_1MNM:A:	0	2	0	3	0	7	4	4	0	85
NCU02044T0_24-329_1NI3:A:11-306	0	7	3	11	0	29	19	15	0	296
NCU02044T0_307-389_1NI3:A:307-388	2	5	0	4	0	11	4	6	0	82
NCU02042T0_75-339_2B69:A:4-315	4	13	3	9	0	33	14	16	0	312
NCU09266T0_82-565_1EUH:A:	5	24	5	14	0	44	29	25	0	474
NCU09265T0_246-385_1JHN:A:270-411	6	4	1	0	0	29	13	11	0	142
NCU09265T0_54-254_1JHN:A:61-262,A:412-458	4	15	1	2	0	35	16	9	1	249
NCU09265T0_388-432_1JHN:A:61-262,A:412-458	4	15	1	2	0	35	16	9	1	249
NCU09262T0_12-293_1AE1:A:	2	7	4	8	0	23	13	14	0	258
NCU09261T0_21-163_2E9X:D:21-165	0	0	2	6	0	10	5	5	0	145
NCU09259T0_16-138_2GEX:A:2-139	2	6	0	5	0	14	4	8	0	138
NCU09258T0_58-320_1MUO:A:	6	6	4	9	0	28	17	16	0	261
NCU09258T0_624-744_1UMW:A:373-500	2	6	3	2	0	14	6	9	0	128
NCU09258T0_819-873_1UMW:A:501-595	0	6	0	2	0	9	4	5	0	95
NCU09254T0_259-734_1JR6:A:	3	10	0	3	0	22	12	7	0	138
NCU09254T0_81-128,160-197,265-325_1G6H:A:	2	11	5	9	0	21	16	17	0	254
NCU09249T0_9-111_1FXK:A:	0	2	0	2	0	5	1	3	0	107
NCU09245T0_7-302_1OXW:A:	8	8	9	12	0	35	16	21	0	360
NCU09244T0_12-338_1OXW:A:	8	8	9	12	0	35	16	21	0	360
NCU09244T0_374-631_2GF0:A:4-176	2	7	2	6	0	19	11	8	0	173
NCU09241T0_293-489,533-560_1KK1:A:6-200	4	7	3	5	0	21	14	9	0	195
NCU09239T0_1-126_1AXC:A:1-126	0	10	1	2	0	11	7	6	0	126
NCU09239T0_127-255_1AXC:A:127-255	1	10	1	2	0	12	6	5	0	129
NCU00576T0_70-166,194-266_1UFH:A:	0	5	2	4	0	14	4	8	0	155
NCU00575T0_228-500_1IG8:A:225-486	1	5	5	10	0	20	16	19	0	262
NCU00575T0_5-221_1IG8:A:18-224	2	8	1	5	0	24	11	10	0	207
NCU00573T0_184-374_1BUP:A:4-188	0	12	1	6	0	18	7	13	0	185
NCU00573T0_386-583_1HJO:A:189-382	1	6	2	6	0	13	8	10	0	194
NCU00572T0_136-274,314-421_1DU5:A:	4	15	3	4	0	31	13	11	0	206
NCU00571T0_17-138_1MYO:A:	0	0	1	6	1	12	7	10	0	118
NCU00566T0_26-90_3B5N:A:28-86	0	0	0	1	0	1	0	0	0	60
NCU00565T0_123-404_1R30:A:	5	9	1	11	0	35	25	12	0	312
NCU00564T0_17-113_2QAL:N:1-100	2	1	2	3	0	10	6	9	0	100
NCU00560T0_34-333_1P22:A:253-545	0	28	0	1	0	35	23	13	0	293
NCU00554T0_8-182_2GZ1:A:2-127,A:330-357	1	7	2	4	0	19	10	9	1	152
NCU00554T0_154-344_2GZ1:A:128-329	7	6	3	5	0	24	11	11	0	202
NCU00553T0_539-738_1XA6:A:271-466	0	0	1	11	0	17	14	15	0	196
NCU00553T0_51-320_2EFL:A:1-288	0	0	0	7	0	7	3	7	0	288
NCU00549T0_131-291_1GWC:A:87-224	2	0	0	8	0	10	8	7	0	138
NCU00549T0_41-159_1EEM:A:5-102	2	4	1	2	0	15	6	8	0	98
NCU00939T0_1093-1192,1224-1298_2C2A:A:321-481	0	7	2	3	0	13	4	10	0	161
NCU00939T0_1371-1413,1456-1535_1OXB:B:	0	5	0	5	0	13	11	4	0	124
NCU00939T0_869-999_1N9L:A:	0	5	1	3	0	14	5	7	0	109
NCU00939T0_1009-1103_2C2A:A:232-320	0	0	1	3	0	3	0	4	0	89
NCU00937T0_58-379_1QNR:A:	4	16	3	11	0	38	22	25	0	344
NCU00935T0_137-216_1PLS:A:	0	7	0	1	0	9	10	4	0	112
NCU00920T0_6-199,407-682_1FFY:A:1-200,A:395-644	8	19	3	17	0	45	29	24	1	450
NCU00920T0_203-407_1FFY:A:201-394	6	3	3	4	0	27	16	12	0	194
NCU00920T0_690-958_1FFY:A:645-917	0	8	4	11	1	21	16	15	0	273
NCU00915T0_263-593_1EOV:A:205-557	7	11	2	13	0	32	18	22	0	353
NCU00915T0_101-215_1EOV:A:71-204	0	6	2	1	0	14	6	5	0	134
NCU00895T0_19-189_1HUQ:A:	0	6	2	5	0	16	9	9	0	164
NCU00891T0_10-181_1E3J:A:4-142,A:313-351	5	12	4	3	0	23	8	10	1	178
NCU00891T0_147-320_1E3J:A:143-312	0	6	0	8	0	21	14	9	0	170
NCU00890T0_292-657_2JE8:A:331-678	9	13	4	11	0	41	27	20	0	348
NCU00890T0_3-190_2JE8:A:28-219	6	10	4	3	0	24	18	9	0	192
NCU00890T0_194-294_2JE8:A:220-330	2	7	0	0	0	9	6	3	0	111
NCU00890T0_786-849_2JE8:A:784-864	0	7	1	0	0	13	5	5	0	81
NCU00884T0_4-276,360-403_2CVO:A:68-218,A:384-415	1	6	3	7	0	25	17	9	1	183
NCU00876T0_538-584,615-700_2CND:A:125-270	0	8	3	6	0	14	9	6	0	146
NCU00873T0_55-289_1NW1:A:	0	14	8	13	0	38	16	17	0	395
NCU00868T0_11-204_1Y9W:A:1-140	0	7	3	3	0	13	3	7	0	140
NCU00865T0_71-434_1J58:A:	3	25	4	8	0	49	28	23	0	372
NCU00864T0_4-195_2P10:A:8-204	1	8	3	8	0	21	7	10	0	197
NCU08641T0_451-672_1E32:A:201-458	3	5	4	12	0	28	13	14	0	258
NCU08634T0_167-280_1JXS:A:	0	3	0	4	0	10	8	5	0	98
NCU08632T0_76-403_1NR0:A:2-312	4	27	1	0	0	38	22	20	0	311
NCU08625T0_16-479_2C1X:A:7-456	2	13	5	18	0	42	23	29	0	450
NCU08618T0_18-180_1ZD9:A:18-181	0	6	3	6	0	16	9	13	0	165
NCU08611T0_166-364_1U6Z:A:136-312	4	5	3	7	0	18	10	9	0	177
NCU08611T0_30-163_1T6C:A:7-132	0	5	0	5	0	9	4	7	0	126
NCU02020T0_482-573_1QFJ:A:98-232	0	6	2	5	0	18	9	7	0	135
NCU02020T0_399-471_1EP3:B:2-102	1	7	1	1	0	12	7	7	0	101
NCU02018T0_4-243_2Q45:A:7-265	0	9	4	6	0	19	8	10	0	259
NCU02017T0_10-136_1JFI:B:	2	0	1	5	0	7	3	4	0	135
NCU02014T0_9-72,118-135,176-220_1TLJ:A:	0	8	1	5	0	15	10	8	0	189
NCU02014T0_270-329_1TLJ:A:	0	8	1	5	0	15	10	8	0	189
NCU02011T0_5-866_2BPT:A:1-861	0	0	19	43	0	44	28	37	0	860
NCU02010T0_22-334_1SR9:A:61-370	6	8	4	11	0	32	18	18	0	310
NCU02010T0_478-577_1SR9:A:492-643	0	6	0	2	0	7	5	4	0	152
NCU02010T0_398-446_1SR9:A:437-491	0	0	0	3	0	3	1	2	0	55
NCU02005T0_52-247_1SUR:A:	2	6	2	9	0	21	10	13	0	215
NCU02004T0_274-484_1J97:A:	3	7	3	9	1	19	10	11	0	210
NCU01994T0_140-200_1GD2:G:	0	0	0	1	0	3	1	0	0	69
NCU01992T0_19-568_1GW5:B:	0	0	4	32	0	42	43	37	0	579
NCU01992T0_648-802_1PZD:A:604-762	3	11	2	1	0	22	8	7	0	159
NCU01992T0_803-915_1R4X:A:763-873	0	6	1	3	0	10	7	5	0	111
NCU09102T0_50-559_1M22:A:	4	13	4	17	0	45	21	40	0	490
NCU09101T0_105-502,539-572_1PW4:A:	2	0	1	18	0	21	18	22	0	450
NCU09098T0_7-49,88-453_1PV7:A:	0	0	2	22	0	18	12	14	0	417
NCU09095T0_12-45,151-209_1Y4O:A:10-104	0	5	0	2	0	6	4	3	0	95
NCU09093T0_224-513_1WRB:A:164-401	2	8	2	8	0	26	18	9	0	238
NCU09090T0_37-212,277-360,402-424_1P9O:A:	3	15	4	8	0	25	12	11	0	290
NCU09088T0_35-162,223-305_1XHN:A:13-182	1	7	5	5	0	21	9	8	0	170
NCU09071T0_284-444,487-635_1APM:E:	5	9	4	11	0	36	21	20	0	341
NCU00800T0_1-172_3BLH:A:8-325	3	10	4	9	0	33	17	14	0	318
NCU00800T0_209-458_1L0Q:A:1-301	0	29	1	0	0	20	16	19	0	301
NCU00799T0_7-352_1LT8:A:	4	8	5	15	0	40	19	23	0	361
NCU00797T0_19-348_1Y1P:A:2-343	0	12	1	11	0	37	20	20	0	342
NCU00794T0_143-330,370-516_1VYH:C:92-408	0	28	1	0	0	39	25	14	0	317
NCU00793T0_159-618_1GZ5:A:	6	16	7	18	0	41	25	25	0	456
NCU00793T0_648-905_1U02:A:	2	12	3	8	0	20	15	13	0	238
NCU00788T0_20-333_2AKA:B:6-304	5	8	3	8	0	38	21	18	0	299
NCU00784T0_3-259_2GVC:A:3-180,A:288-444	5	14	3	8	0	38	25	20	1	335
NCU00782T0_29-466_1PW4:A:	2	0	1	18	0	21	18	22	0	450
NCU00780T0_121-316_1DXY:A:101-299	2	7	2	9	0	23	13	13	0	199
NCU00780T0_2-154_1J4A:A:2-103,A:301-332	4	5	2	4	0	19	8	8	1	134
NCU00777T0_13-176_1P91:A:	4	11	1	8	0	29	16	19	0	268
NCU00775T0_41-380_1WPW:A:	1	12	3	11	0	30	15	18	0	336
NCU00772T0_19-270_2JFL:A:21-308	1	11	6	10	0	27	17	20	0	288
NCU00770T0_661-1027,1099-1297,1329-1429_1TE4:A:	0	0	3	6	0	11	9	5	0	111
NCU00770T0_33-72,101-158,376-518,631-770_1QBK:B:	0	0	17	47	0	50	54	64	0	888
NCU00770T0_1369-1542,1573-1665_1TE4:A:	0	0	3	6	0	11	9	5	0	111
NCU03131T0_52-304,374-432_1C0P:A:999-1193,A:1289-1361	6	30	14	10	0	80	40	44	1	724
NCU03131T0_291-385_1C0P:A:1194-1288	0	6	2	1	0	9	3	3	0	95
NCU03130T0_48-261_1EX2:A:	0	7	2	6	0	12	9	11	0	185
NCU03127T0_406-709,755-842_1EJR:C:1130-1422,C:1476-1567	2	13	5	15	0	38	21	27	1	385
NCU03127T0_277-454_4UBP:C:1-131,C:435-483	6	12	2	1	0	28	11	16	1	180
NCU03127T0_140-263_1E9Y:A:106-238	0	10	2	1	0	23	11	11	0	133
NCU03127T0_1-105_1E9Y:A:1-105	2	2	1	4	0	10	4	5	0	105
NCU03126T0_98-184_1CG7:A:	0	0	0	6	0	6	4	8	0	93
NCU03121T0_569-715,758-795_1E32:A:201-458	3	5	4	12	0	28	13	14	0	258
NCU03117T0_39-123,252-525_1JR1:A:17-112,A:233-514	9	15	3	12	0	48	29	18	1	378
NCU03117T0_128-238_1JCN:A:112-231	1	4	0	1	0	11	7	5	0	120
NCU03113T0_302-377_1ZUU:A:2-57	3	5	1	0	0	9	3	3	0	55
NCU03107T0_12-224,274-509_1PW4:A:	2	0	1	18	0	21	18	22	0	450
NCU03102T0_72-154_1I94:Q:	0	7	0	1	0	17	7	5	0	104
NCU03099T0_290-384_1X5S:A:8-97	0	4	0	2	0	11	8	3	0	89
NCU03098T0_266-675_2FBA:A:1-492	12	10	5	15	0	54	34	37	0	492
NCU02621T0_583-609,641-666_2EPQ:A:380-411	0	2	0	1	0	4	3	1	0	32
NCU02620T0_361-592_1K3I:A:151-537	9	30	6	0	0	59	29	25	0	387
NCU02620T0_250-398_1K3I:A:151-537	9	30	6	0	0	59	29	25	0	387
NCU02615T0_365-421_1NH2:C:	1	3	0	0	0	3	0	2	0	59
NCU02615T0_2-46_1YTF:B:	0	0	0	2	0	3	0	1	0	46
NCU02609T0_210-282_2DOA:A:8-98	0	3	1	4	0	10	9	2	0	93
NCU02604T0_113-195,368-456,555-760_1K32:A:320-679	4	31	5	1	0	46	27	17	0	360
NCU02602T0_1-75_1WVK:A:	0	2	3	1	0	14	12	6	0	85
NCU02597T0_105-401_2QS8:A:64-373	6	9	2	11	0	35	15	24	0	310
NCU02597T0_413-451_3BE7:A:3-56,A:360-400	1	8	1	0	0	10	5	6	1	93
NCU02595T0_1-131_1WPI:A:1-133	0	4	0	5	2	11	11	6	0	133
NCU02594T0_408-458_2BZ2:A:35-113	2	4	0	2	0	12	6	3	0	79
NCU02592T0_742-995_1OUV:A:	0	0	0	15	0	18	7	15	0	272
NCU02588T0_16-133_1WFI:A:	5	6	0	0	0	17	17	5	0	130
NCU07509T0_9-325_1DCE:B:	14	2	7	14	0	38	22	26	0	329
NCU07498T0_2-103,856-973_1UL1:X:2-217	0	7	1	7	0	19	10	10	0	216
NCU07498T0_958-1001,1042-1119_1UL1:X:218-357	1	1	1	7	0	13	9	4	0	140
NCU07497T0_17-64,121-151_1D3B:L:	0	5	1	1	0	9	3	5	0	90
NCU07494T0_125-309_1EH1:A:	0	6	2	4	0	11	7	10	0	185
NCU07492T0_225-305,354-372,675-759,846-942,1062-1132_1ERJ:A:	2	30	1	1	0	43	24	22	0	388
NCU07492T0_225-301,352-412,439-472,517-611_1VYH:C:92-408	0	28	1	0	0	39	25	14	0	317
NCU07486T0_134-183_1E0G:A:	0	2	1	2	0	8	1	3	0	48
NCU07486T0_215-264_1E0G:A:	0	2	1	2	0	8	1	3	0	48
NCU07484T0_563-812,892-923_1ITX:A:33-337,A:410-451	4	11	6	11	0	42	24	21	1	347
NCU07484T0_812-891_1LG2:A:267-334	1	6	0	1	0	8	3	7	0	68
NCU07484T0_513-539_1WGT:A:87-129	6	2	1	1	0	8	4	4	0	43
NCU07484T0_429-478_1E0G:A:	0	2	1	2	0	8	1	3	0	48
NCU07484T0_365-409_1E0G:A:	0	2	1	2	0	8	1	3	0	48
NCU07482T0_105-329_2HXM:A:82-304	1	6	5	7	0	21	17	17	0	220
NCU02502T0_109-387_1VE3:A:2-227	0	10	2	7	0	20	9	11	0	226
NCU02497T0_64-129,190-242,352-438,485-578,624-701,844-921_1IAL:A:	0	0	4	28	0	36	22	21	0	453
NCU02494T0_1404-1653,1695-1832,1965-2359_2BPT:A:1-861	0	0	19	43	0	44	28	37	0	860
NCU02494T0_99-220,648-686,744-763,843-1009,1070-1442_1TE4:A:	0	0	3	6	0	11	9	5	0	111
NCU02493T0_6-144,171-270_1RYP:G:	3	10	1	6	0	18	11	18	0	244
NCU02487T0_504-540_2GLI:A:168-197	0	0	0	1	0	3	2	2	0	30
NCU02486T0_94-236_1N11:A:	0	0	1	24	0	48	15	35	0	408
NCU02482T0_34-465_2CTS:A:	5	2	3	20	0	34	18	23	0	437
NCU02482T1_34-465_2CTS:A:	5	2	3	20	0	34	18	23	0	437
NCU02482T2_34-465_2CTS:A:	5	2	3	20	0	34	18	23	0	437
NCU11238T0_85-601_1DQU:A:	3	13	5	23	0	50	31	25	0	519
NCU02480T0_1-258_2AG5:A:1-245	4	9	5	9	0	21	12	14	0	245
NCU11239T0_123-482_1HTQ:A:101-468	9	10	3	11	0	42	27	21	0	374
NCU11239T0_26-121_1HTQ:A:1-100	2	5	1	2	0	15	6	3	0	100
NCU02477T0_139-338,385-538_1ERJ:A:	2	30	1	1	0	43	24	22	0	388
NCU02476T0_8-179_1RJW:A:1-137,A:306-339	5	11	3	3	0	24	12	10	1	171
NCU02476T0_148-319_1LLU:A:144-309	0	7	1	8	0	14	10	9	0	166
NCU02470T0_155-324_1QNX:A:	2	5	4	5	0	25	15	9	0	208
NCU02467T0_20-113_1P1T:A:	2	4	0	4	0	11	10	6	0	104
NCU02746T0_2-478_1HO8:A:	0	0	3	27	0	26	24	17	0	477
NCU02744T0_1-85_2CQL:A:1-87	0	6	0	1	0	8	5	4	0	87
NCU02742T0_142-162,189-235,263-349_1JOF:A:	3	28	1	0	0	39	21	26	0	365
NCU02738T0_144-305_1HQV:A:	6	0	0	8	0	23	10	4	0	181
NCU02734T0_6-249_1SGJ:A:	0	8	2	10	0	19	18	15	0	231
NCU02729T0_203-225,252-488_1P22:A:253-545	0	28	0	1	0	35	23	13	0	293
NCU02728T0_306-923_1FUK:A:	0	7	3	4	0	16	14	7	0	162
NCU02726T0_28-181,219-432_1NW1:A:	0	14	8	13	0	38	16	17	0	395
NCU02719T0_6-81_1AN4:A:	0	0	0	2	0	4	3	3	0	64
NCU02716T0_135-394_2OZB:B:85-333	0	0	3	11	0	15	11	14	0	249
NCU00984T0_295-463_1N3Y:A:	2	6	5	6	0	16	15	10	0	189
NCU00978T0_523-716,746-828_2JAV:A:3-271	1	8	3	9	0	24	12	13	0	269
NCU00977T0_105-209_2I2T:R:1-103	2	6	0	0	0	16	7	4	0	103
NCU00974T0_141-238_1B4Q:A:	2	4	1	5	0	11	6	8	0	105
NCU00967T0_494-519_2CQE:A:458-513	2	0	0	2	0	7	7	2	0	56
NCU00963T0_10-150_1EDZ:A:3-148	3	4	1	5	0	15	7	7	0	146
NCU00963T0_155-311_1EDZ:A:149-319	2	7	1	4	0	22	10	11	0	171
NCU00959T0_155-280_1NEK:B:107-238	0	0	0	8	0	16	6	9	0	132
NCU00959T0_49-153_1NEK:B:1-106	3	7	0	1	0	15	7	8	0	106
NCU00958T0_135-190,223-359,418-444_1A6Q:A:2-296	3	15	2	7	0	26	16	16	0	295
NCU00955T0_43-291_1W4X:A:10-154,A:390-542	6	10	5	9	0	33	21	19	1	298
NCU00955T0_348-554_1W4X:A:155-389	3	10	3	7	0	23	20	9	0	235
NCU00943T0_33-640_2JG0:A:37-547	13	16	6	19	0	52	31	30	0	511
NCU08097T0_5-321_1H80:A:	9	29	2	5	0	61	31	22	0	464
NCU08097T0_389-582,610-649,696-741_1RMG:A:	8	23	1	3	0	46	35	15	0	422
NCU08092T0_226-329_1VQS:A:	0	4	0	5	0	9	5	5	0	115
NCU08092T0_111-221_1VQS:A:	0	4	0	5	0	9	5	5	0	115
NCU08076T0_377-533_1E96:B:	0	2	2	9	0	15	3	11	0	185
NCU08076T0_33-83,190-264_1ELW:A:	0	0	0	7	0	11	0	7	0	117
NCU08072T0_24-248_1CPM:A:	7	16	5	1	0	28	14	7	0	214
NCU08070T0_4-226_1JZT:A:	2	8	2	7	0	26	16	16	0	243
NCU08067T0_247-303_1SHF:A:	3	5	1	0	0	9	3	2	0	59
NCU08064T0_603-715_1DSY:A:	1	9	1	2	0	19	9	5	0	137
NCU08064T0_815-954_2EP6:A:92-217	2	9	1	0	0	17	11	4	0	126
NCU08062T0_79-545_1TQN:A:	5	9	7	18	0	43	20	30	0	472
NCU08060T0_340-478_2CND:A:125-270	0	8	3	6	0	14	9	6	0	146
NCU08060T0_241-354_1NDH:A:3-125	2	7	0	1	0	17	9	9	0	123
NCU08060T0_3-94_1ICC:A:	1	5	3	4	0	11	3	8	0	87
NCU08058T0_11-190_1F0Y:A:12-203	0	8	1	7	0	22	12	11	0	192
NCU08058T0_333-610_1IJQ:A:377-642	1	24	1	0	0	25	18	16	0	266
NCU08058T0_193-285_3HDH:A:204-302	3	0	1	5	0	8	3	5	0	99
NCU08057T0_13-293_2AE2:A:	2	7	5	9	0	24	14	17	0	259
NCU08056T0_925-1147_3DHW:C:1-240	3	10	1	7	0	21	17	12	0	240
NCU08056T0_240-461_1MT0:A:	2	10	3	10	0	20	20	20	0	241
NCU08055T0_152-197_1T2K:C:	0	0	0	1	0	1	0	0	0	61
NCU08054T0_126-439_1EX1:A:1-388	3	11	8	15	1	39	19	29	0	388
NCU08054T0_491-718,745-767_1EX1:A:389-602	5	6	2	6	0	33	25	10	0	214
NCU08053T0_4-142_1WNJ:A:	0	6	0	5	0	17	10	5	0	144
NCU08052T0_92-325_1SOR:A:	0	0	1	9	0	19	13	9	0	235
NCU08050T0_47-156,190-252,402-493_3C96:A:4-182,A:294-402	1	13	1	8	0	26	14	13	1	288
NCU08050T0_267-379_2VOU:A:164-291	3	6	1	4	0	14	7	8	0	128
NCU08049T0_84-124_1AW6:A:	0	0	0	2	0	6	3	2	0	43
NCU08380T1_266-443_1TA0:A:	2	9	6	4	0	24	13	9	0	196
NCU08375T0_12-97_1VJK:A:	5	4	1	2	0	13	5	6	0	97
NCU08374T0_7-104_1J0F:A:	0	4	0	4	0	12	4	7	0	99
NCU08372T0_261-299,327-552,624-700_1HLG:A:	6	8	6	17	0	44	23	24	0	371
NCU08371T0_141-193,241-543_2P0V:A:39-481	5	15	3	16	0	48	34	25	0	443
NCU08371T0_616-732_2P0V:A:39-481	5	15	3	16	0	48	34	25	0	443
NCU08368T0_17-52,103-267_1V77:A:	0	7	1	10	0	20	13	6	0	202
NCU08364T0_82-519_1P49:A:	2	17	7	13	0	62	48	36	0	553
NCU11326T0_194-252_1KNA:A:	0	4	2	1	0	5	1	2	0	52
NCU08359T0_23-176_1JTK:A:	3	5	1	5	0	18	7	6	0	131
NCU08356T0_27-555_1MT5:A:	4	11	7	22	0	56	40	33	0	537
NCU08354T0_125-364_1SNY:A:	3	7	6	7	0	28	16	13	0	266
NCU08339T0_29-120_1O6U:A:275-398	0	8	1	1	0	14	7	4	0	124
NCU08333T0_50-516_3GCB:A:	11	14	3	17	0	52	33	26	0	458
NCU03237T0_408-502_1FKM:A:443-630	0	0	1	8	0	10	3	8	0	188
NCU03237T0_367-429_1FKM:A:249-442	2	0	8	8	0	13	13	10	0	194
NCU03237T0_229-299_1FKM:A:249-442	2	0	8	8	0	13	13	10	0	194
NCU03233T0_2-56_1PPJ:W:	0	0	1	3	0	2	2	3	0	62
NCU03232T0_10-41_1RK8:C:	0	5	0	0	0	7	1	3	0	33
NCU03231T0_210-398_2CE7:A:150-402	2	5	6	9	0	24	12	16	0	253
NCU03230T0_255-375_2QAL:K:12-128	0	5	1	3	0	11	7	6	0	117
NCU03226T0_42-159_1P27:B:	5	5	1	2	0	10	6	4	0	92
NCU03219T0_150-475_1OT5:A:123-460	10	9	5	8	0	46	22	27	0	338
NCU03219T0_477-614_1OT5:A:461-599	1	9	1	1	0	15	4	6	0	139
NCU03216T0_1-82,138-183,219-269_1AK2:A:14-146,A:177-233	0	6	1	8	0	15	5	11	1	190
NCU03216T0_182-219_2AK3:A:125-161	4	2	1	0	0	6	1	4	0	37
NCU03207T0_20-327_1YRG:A:	3	14	2	12	0	46	15	21	0	343
NCU11503T0_152-195_1X6E:A:8-40	0	2	1	1	0	4	3	1	0	33
NCU03200T0_504-832_1O6L:A:	6	9	5	10	0	39	20	21	0	337
NCU03200T0_316-343,404-493_1DSY:A:	1	9	1	2	0	19	9	5	0	137
NCU03197T0_180-490_1VZO:A:	2	11	7	9	0	31	20	19	0	322
NCU03191T0_11-305_1UKV:G:5-301	4	15	7	10	0	34	19	16	0	297
NCU03191T0_316-427_1LTX:R:445-557	0	6	1	1	0	16	8	1	0	113
NCU03190T0_694-745_1W1W:E:	0	3	1	3	0	8	4	4	0	79
NCU03186T0_358-439_1BUO:A:	0	3	1	6	0	11	5	4	0	121
NCU03186T0_38-119_1MYO:A:	0	0	1	6	1	12	7	10	0	118
NCU03186T0_142-215_1R29:A:	0	3	0	6	0	11	5	9	0	122
NCU03028T0_6-101_2BWF:A:2-74	2	5	2	1	0	8	1	7	0	77
NCU03028T0_387-430_2BWB:A:328-371	0	0	0	4	0	4	0	3	0	46
NCU03023T0_45-225,319-406_1FOH:A:1-240,A:342-461	4	15	4	9	0	43	22	18	1	360
NCU03023T0_230-325_1FOH:A:241-341	0	5	0	1	0	7	4	3	0	101
NCU03023T0_448-647_1FOH:A:462-662	10	7	3	4	0	22	21	18	0	201
NCU03020T0_47-348_1VKM:A:	8	11	3	11	0	34	15	14	0	296
NCU03020T0_382-760_1UB0:A:	1	9	1	8	0	20	12	11	0	258
NCU03018T0_278-622_1GOT:B:	1	28	0	2	0	36	22	23	0	339
NCU02978T0_4-69_1JQQ:A:	3	5	1	0	0	12	7	5	0	91
NCU02978T0_397-453_1JQQ:A:	3	5	1	0	0	12	7	5	0	91
NCU02978T0_68-165_1FMK:A:82-145	3	5	2	0	0	8	5	3	0	64
NCU02965T0_324-575_1FNN:A:1-276	4	5	2	12	0	25	19	17	0	276
NCU02965T0_36-210_1M4Z:A:	0	10	3	7	0	20	6	10	0	237
NCU02963T0_15-142_1FXK:C:	0	4	0	2	0	5	1	6	0	133
NCU02961T0_324-481_1WLJ:A:	0	7	1	7	0	16	4	10	0	173
NCU02954T0_5-357_1WPW:A:	1	12	3	11	0	30	15	18	0	336
NCU02713T0_150-199_1NCS:A:	0	3	1	1	0	6	3	3	0	47
NCU02711T0_3-112_2CQQ:A:8-66	0	0	0	3	0	6	4	3	0	59
NCU02704T0_309-558_1B5S:A:	2	9	4	6	0	29	13	11	0	242
NCU02704T0_78-162_1K8M:A:	0	8	0	0	0	18	8	4	0	92
NCU02704T0_224-268_1EBD:C:	0	0	1	2	0	5	1	3	0	41
NCU02702T0_57-225_1KNQ:A:	0	5	1	7	0	16	7	10	0	171
NCU02700T0_264-397_1LN1:A:	2	10	0	6	0	17	7	13	0	203
NCU02695T0_246-315_1CG7:A:	0	0	0	6	0	6	4	8	0	93
NCU02695T0_144-226_1CG7:A:	0	0	0	6	0	6	4	8	0	93
NCU02693T0_12-299,330-367_1UDB:A:	3	13	1	11	0	38	21	15	0	338
NCU02687T0_32-247_1SXJ:D:26-262	0	5	2	13	0	21	15	15	0	237
NCU02687T0_289-381_1SXJ:D:263-353	0	0	0	5	0	7	4	3	0	91
NCU02685T0_1061-1233_2Q0Z:X:33-208	1	0	2	9	0	14	8	11	0	176
NCU02685T0_543-708,737-792,830-928_2P6R:A:203-403	2	10	1	7	0	20	15	11	0	201
NCU02685T0_1896-2072_2Q0Z:X:33-208	1	0	2	9	0	14	8	11	0	176
NCU02685T0_1270-1560_2P6R:A:1-202	1	7	2	7	0	20	9	10	0	202
NCU02685T0_1568-1777_2P6R:A:1-202	1	7	2	7	0	20	9	10	0	202
NCU02685T0_2079-2193_2Q0Z:X:209-322	2	7	1	0	0	12	8	4	0	114
NCU02685T0_940-1044_2P6R:A:404-488	0	2	0	5	0	5	6	5	0	85
NCU02684T0_169-289_1H3Z:A:	0	5	3	3	0	12	5	4	0	108
NCU02677T0_212-480_1A9X:A:128-402	4	11	3	7	0	30	24	12	0	275
NCU02677T0_749-1015_1A9X:A:677-935	1	11	2	8	0	28	16	9	0	259
NCU02677T0_476-629_1A9X:A:403-555	3	2	1	7	0	15	8	10	0	153
NCU02677T0_89-211_1A9X:A:1-127	2	5	2	5	0	17	8	6	0	127
NCU02677T0_632-751_1A9X:A:556-676	3	4	0	6	0	13	10	8	0	121
NCU02677T0_1019-1143_1A9X:A:936-1073	2	5	1	7	0	14	5	11	0	138
NCU02675T0_13-256_1QMH:A:5-184,A:280-338	5	11	0	7	0	25	12	12	1	239
NCU02669T0_744-877,1050-1218_1SQJ:A:4-430	5	31	4	2	0	58	43	30	0	427
NCU02669T0_78-145,262-341,382-536_1SQJ:A:4-430	5	31	4	2	0	58	43	30	0	427
NCU02658T0_6-280_1YRB:A:1-244	0	7	3	11	0	22	15	9	0	245
NCU02654T0_14-373_1NC5:A:	11	6	5	13	0	40	21	26	0	363
NCU02653T0_63-492_1PV7:A:	0	0	2	22	0	18	12	14	0	417
NCU02650T0_369-446_1UFM:A:	0	3	0	3	0	8	7	3	0	83
NCU01919T0_107-423,453-538_1VJV:A:	7	17	4	10	0	35	13	16	0	397
NCU01919T0_1-95_1WGG:A:	0	5	0	1	0	11	7	4	0	95
NCU01917T0_499-573_2CPY:A:536-638	0	5	1	3	0	14	12	5	0	101
NCU01916T0_56-375_1OKC:A:	0	0	6	11	0	19	10	9	0	292
NCU01913T0_108-185_2DT7:B:134-217	0	0	1	3	0	8	6	3	0	84
NCU01913T0_22-88_2DT6:A:48-110	0	0	1	3	0	4	4	5	0	63
NCU01912T0_349-550_1T9F:A:	4	12	2	0	0	29	9	14	0	186
NCU01912T0_950-1094_1AV1:D:	0	0	1	7	0	3	3	6	0	200
NCU01907T0_50-278_1DN1:B:	0	0	1	7	0	11	6	8	0	222
NCU01906T0_5-285_1US0:A:	10	10	4	10	0	46	22	22	0	314
NCU01902T0_20-170_1I12:A:	3	6	3	5	0	13	5	6	0	157
NCU01901T0_811-924,960-1012_1TIB:A:	7	10	6	6	0	30	21	17	0	269
NCU01900T0_2-148,180-319_1WL7:A:2-313	6	23	2	1	0	42	23	22	0	312
NCU01895T0_869-941,983-1027_1MB3:A:	2	5	0	5	0	13	10	3	0	123
NCU01889T0_56-329_1YWF:A:4-275	0	5	3	12	0	22	11	13	0	272
NCU01886T0_199-221_1CLD:A:	0	0	0	2	0	4	2	1	0	33
NCU01883T0_25-243_1URU:A:	2	0	0	4	0	8	3	8	0	217
NCU01883T0_438-524_1OOT:A:	3	5	1	0	0	9	4	4	0	58
NCU01868T0_55-253,282-500_1PV7:A:	0	0	2	22	0	18	12	14	0	417
NCU01867T0_306-340_1AZ6:A:	0	2	0	0	0	7	4	2	0	36
NCU01860T0_259-451_1VKZ:A:94-313	0	12	0	6	0	17	13	10	0	220
NCU01857T0_336-474,592-648,688-778_2P6R:A:1-202	1	7	2	7	0	20	9	10	0	202
NCU02951T0_2-160_1I94:H:	3	8	1	3	0	17	10	7	0	138
NCU02948T0_3-202_2A5L:A:3-198	7	6	0	6	0	19	6	8	0	196
NCU02941T0_12-193_1J3L:A:	7	13	0	4	0	22	17	9	0	164
NCU02940T0_93-105,166-223,259-297,324-451,499-534_1XZW:A:120-424	5	15	5	5	0	40	26	21	0	305
NCU02936T0_169-547_1K87:A:262-612	3	8	7	14	0	31	17	23	0	351
NCU02934T0_49-91_1PYI:A:30-71	0	2	0	2	0	6	1	3	0	42
NCU02930T0_8-321_1PYF:A:	6	11	6	11	0	33	19	21	0	311
NCU02927T0_60-245_1HSK:A:15-208	4	14	3	6	0	20	9	15	0	194
NCU02926T0_51-239_1DIQ:A:7-242	4	11	2	6	0	33	17	19	0	236
NCU02925T0_3-173,292-413_3C96:A:4-182,A:294-402	1	13	1	8	0	26	14	13	1	288
NCU02924T0_8-340_1EK1:A:226-544	1	8	6	12	0	34	28	21	0	319
NCU02923T0_8-254_1SNY:A:	3	7	6	7	0	28	16	13	0	266
NCU02922T0_7-247_2D1Y:A:2-249	6	7	4	9	0	21	10	16	0	248
NCU02921T0_92-156_1Y3T:A:5-334	1	27	2	4	0	49	28	21	0	330
NCU02919T0_79-159_1FI2:A:	2	10	3	3	0	28	15	13	0	201
NCU02918T0_42-414,452-473_2IX4:A:301-461	2	7	2	5	0	21	9	9	0	161
NCU02918T0_577-708,775-877_1MLA:A:3-127,A:198-307	2	5	1	12	0	22	14	13	1	235
NCU02918T0_2002-2219_2FR1:A:1657-1915	2	9	2	10	0	25	12	17	0	259
NCU02918T0_1675-1801_1QOR:A:2-112,A:292-327	4	9	4	2	0	19	11	6	1	147
NCU02918T0_1776-1922_1PQW:A:	0	7	2	7	0	15	7	13	0	183
NCU02918T0_708-772_1MLA:A:128-197	0	4	0	2	0	6	5	4	0	70
NCU02918T0_1546-1633_2FR1:A:1448-1656	0	8	4	5	0	22	13	11	0	209
NCU02918T0_2302-2373_2PNG:A:1-76	0	0	1	5	0	12	9	8	0	89
NCU02917T0_4-177_1T43:A:	2	9	3	11	0	29	18	14	0	274
NCU02916T0_326-358_1AZJ:A:	5	2	0	0	0	8	5	2	0	36
NCU02915T0_481-644_1PBW:A:	1	0	2	10	0	19	11	10	0	184
NCU02914T0_491-530_1WD2:A:	0	0	2	0	0	10	10	2	0	59
NCU02914T0_317-350_1JM7:A:	2	0	1	3	0	11	9	5	0	103
NCU02906T0_13-289_1LLQ:A:2-295	3	5	4	14	0	31	21	15	0	294
NCU02906T0_290-588_1GQ2:A:280-580	3	9	5	11	0	37	20	16	0	298
NCU02904T0_103-376_2RHW:A:4-286	0	8	4	12	0	28	17	11	0	283
NCU02897T0_50-232_1UF9:A:	0	7	2	9	0	15	8	10	0	191
NCU02896T0_63-101_1PYI:A:30-71	0	2	0	2	0	6	1	3	0	42
NCU02895T0_5-128_2B06:A:1-155	4	10	2	2	0	18	6	7	0	155
NCU02894T0_1-398_1W4X:A:155-389	3	10	3	7	0	23	20	9	0	235
NCU02888T0_25-100_1E6B:A:8-87	0	4	1	3	0	9	4	5	0	80
NCU02888T0_169-217_2GST:A:85-217	0	0	0	6	0	9	8	9	0	133
NCU02885T0_311-593_1MUO:A:	6	6	4	9	0	28	17	16	0	261
NCU02587T0_11-74_1G25:A:	0	3	0	2	0	10	4	5	0	65
NCU02586T0_127-259_1HF8:A:150-281	0	0	2	3	0	10	8	4	0	132
NCU02586T0_4-126_1HF8:A:19-149	0	0	0	6	0	11	8	6	0	131
NCU02585T0_117-337,446-607_1C0A:A:107-287,A:421-585	10	12	1	11	0	38	26	17	1	346
NCU02585T0_13-98_1C0A:A:1-106	0	5	3	1	0	12	3	7	0	106
NCU02583T0_326-510,614-778_2F2H:A:248-585	10	10	5	9	0	36	16	18	0	338
NCU02583T0_73-259,286-322_2F2H:A:1-247	2	21	1	1	0	22	20	14	0	247
NCU02583T0_781-868_2F2H:A:586-665	0	8	1	1	0	13	7	5	0	80
NCU02580T0_5-259,404-465_1D4C:A:103-359,A:506-570	4	15	3	10	0	39	17	21	1	322
NCU02580T0_248-405_1QO8:A:360-505	1	6	1	6	0	16	11	8	0	146
NCU02580T0_532-612_1KBI:A:1-97	4	4	3	4	0	14	7	8	0	97
NCU02571T0_8-275_1QFL:A:4-268	6	10	2	8	0	30	16	18	0	265
NCU02571T0_276-397_1QFL:A:269-392	2	4	3	4	0	10	4	5	0	124
NCU02570T0_30-334_1GOT:B:	1	28	0	2	0	36	22	23	0	339
NCU02566T0_10-261_1RIQ:A:1-236	0	11	4	7	0	22	14	13	0	236
NCU02566T0_263-478_1RIQ:A:237-457	0	2	1	9	0	13	8	12	0	217
NCU02566T0_593-757_1NYR:A:63-241	0	8	1	5	0	17	11	8	0	179
NCU02566T0_522-587_2E1B:A:1-87	2	5	1	0	0	15	8	5	0	87
NCU02564T0_76-428_1JBQ:A:	3	11	7	11	0	40	22	20	0	355
NCU02563T0_119-229_1ENW:A:	0	0	0	5	0	12	10	7	0	114
NCU02563T0_2-89_1EO0:A:	0	0	0	4	0	7	4	3	0	77
NCU02563T0_240-296_1TFI:A:	0	4	0	0	0	10	6	0	0	50
NCU02560T0_9-239,271-365_1W9Y:A:2-308	1	12	5	7	0	27	12	12	0	307
NCU02554T0_189-338_1PGU:A:327-613	0	28	0	0	0	31	21	20	0	287
NCU02544T0_368-609_3D31:A:1-229	0	10	1	9	0	26	15	14	0	229
NCU02542T0_217-475_1IG8:A:225-486	1	5	5	10	0	20	16	19	0	262
NCU02542T0_10-215_1IG8:A:18-224	2	8	1	5	0	24	11	10	0	207
NCU02539T0_254-319,374-537_1LTL:A:	2	10	4	5	0	24	9	12	0	239
NCU02539T0_603-910_1NY5:A:138-384	4	9	2	11	0	25	17	12	0	247
NCU02538T0_12-31,58-169_1GW5:M:1-141	2	5	1	4	0	13	8	7	0	140
NCU02536T0_39-232,361-479_2GMH:A:4-236,A:336-482	2	17	5	9	0	43	20	25	1	380
NCU02533T0_99-245_1I50:C:42-172	0	8	3	1	0	20	8	7	0	131
NCU02533T0_61-104,272-376_1I50:C:3-41,C:173-268	2	3	1	3	0	17	12	4	1	135
NCU02530T0_22-78_1U97:A:	0	0	0	2	0	8	7	4	0	69
NCU02525T0_199-246_1PYI:A:30-71	0	2	0	2	0	6	1	3	0	42
NCU02524T0_1121-1308_1TX4:A:	0	0	4	12	0	17	9	13	0	196
NCU02524T0_838-963_1V89:A:	0	7	0	1	0	15	12	2	0	117
NCU02522T0_78-512_1PV7:A:	0	0	2	22	0	18	12	14	0	417
NCU02520T0_126-305_1XOY:A:	1	11	1	2	0	25	20	10	0	160
NCU02520T0_5-112_1SYR:A:	0	5	0	4	0	9	5	6	0	103
NCU02515T0_627-872_1ORV:A:509-766	1	8	3	8	0	22	14	18	0	258
NCU02515T0_126-615_1ORV:A:39-508	12	36	3	4	0	53	35	31	0	470
NCU02513T0_18-93,122-345_2AX3:A:212-489	0	9	3	13	0	31	16	13	0	278
NCU02511T0_268-583_1IXK:A:	0	13	5	10	0	28	19	14	0	313
NCU02510T0_4-334_1C9L:A:3-330	1	28	3	0	0	29	16	19	0	328
NCU02510T0_1191-1525_1B89:A:	0	0	2	22	0	24	7	21	0	336
NCU02510T0_447-786_1BPO:A:331-487	0	0	1	10	0	13	9	8	0	157
NCU02510T0_336-490_1BPO:A:331-487	0	0	1	10	0	13	9	8	0	157
NCU02510T0_895-1097_1BPO:A:331-487	0	0	1	10	0	13	9	8	0	157
NCU02510T0_1088-1227_1B89:A:	0	0	2	22	0	24	7	21	0	336
NCU02510T0_797-896_1B89:A:	0	0	2	22	0	24	7	21	0	336
NCU02508T0_9-53,80-158_1D3B:L:	0	5	1	1	0	9	3	5	0	90
NCU00696T0_151-242_1JO8:A:	3	5	1	0	0	9	3	3	0	58
NCU00695T0_86-194,260-291_1NYO:A:	5	7	0	8	0	18	16	11	0	163
NCU00695T0_305-493_1NYO:A:	5	7	0	8	0	18	16	11	0	163
NCU00694T0_599-648_2EPS:A:408-446	0	2	0	1	0	5	5	1	0	39
NCU00693T0_66-160_2JA9:A:62-151	0	6	0	0	0	14	8	8	0	90
NCU00693T0_156-245_2JA9:A:152-236	0	3	1	4	0	8	3	4	0	85
NCU00692T0_13-192_1DKG:D:3-185	4	12	2	5	0	21	12	11	0	183
NCU00692T0_202-395_1BUP:A:189-381	1	6	3	7	0	14	7	9	0	193
NCU00691T0_346-401_1WD2:A:	0	0	2	0	0	10	10	2	0	59
NCU00691T0_205-253_1IYM:A:	0	2	0	1	0	11	6	4	0	54
NCU00684T0_3-212,293-368,398-469_1I9Z:A:	8	11	3	8	0	32	15	14	0	345
NCU00681T0_252-427_1FKM:A:249-442	2	0	8	8	0	13	13	10	0	194
NCU00681T0_403-505_1FKM:A:443-630	0	0	1	8	0	10	3	8	0	188
NCU00681T0_603-616,696-778,933-978_1OMR:A:	2	2	3	12	0	21	13	11	0	201
NCU00680T0_80-557_1SZQ:A:	10	6	6	22	0	48	24	27	0	473
NCU00677T0_50-568_1LCI:A:	7	27	4	15	0	64	28	38	0	541
NCU00676T0_134-415_2R31:A:6-238	5	5	4	11	0	20	8	12	0	235
NCU00665T0_31-365_3C9F:A:16-337	3	14	3	10	0	34	23	18	0	322
NCU00665T0_367-624_3C9F:A:338-561	7	9	4	5	0	23	13	9	0	223
NCU00659T0_18-179,219-270_2P97:A:1-200	4	13	3	4	0	25	16	13	0	200
NCU00658T0_2008-2237_2D3E:C:161-282	0	0	0	3	0	2	0	2	0	133
NCU00658T0_3156-3416_1C1G:C:	0	0	0	3	0	2	1	2	0	283
NCU00655T0_187-390_1GU7:A:161-349	0	7	1	10	0	20	8	12	0	189
NCU00655T0_55-243_1GU7:A:23-160,A:350-386	3	10	2	4	0	26	14	8	1	175
NCU00650T0_43-303,385-453,524-563_1KB0:A:1-573	5	40	7	6	0	73	38	39	0	573
NCU00649T0_155-290,329-454_1VLP:A:150-415	4	10	1	12	0	29	14	17	0	266
NCU00649T0_12-152_1VLP:A:1-149	2	3	1	7	0	12	6	8	0	149
NCU00643T0_37-188_1E3J:A:4-142,A:313-351	5	12	4	3	0	23	8	10	1	178
NCU00643T0_153-326_1PL7:A:146-316	0	6	0	7	0	22	14	8	0	171
NCU00634T0_11-102_2JOY:A:1-96	0	5	0	2	0	15	8	4	0	96
NCU00633T0_12-209_2OZG:A:8-290	0	13	4	7	0	24	10	15	0	283
NCU00632T0_243-626_1EI6:A:	8	19	7	15	0	50	30	24	0	406
NCU00630T0_22-214,243-359_1OFZ:A:	10	25	2	0	0	35	18	22	0	312
NCU00617T0_19-216_2TRC:P:	1	5	3	7	0	24	21	12	0	217
NCU00614T0_58-189,282-382,505-564_1KV9:A:1-560	8	39	7	5	0	72	35	35	0	560
NCU00608T0_47-672_1V25:A:	8	24	4	16	0	59	31	33	0	534
NCU00606T0_2-258_1IY8:A:	6	7	4	9	0	26	14	15	0	258
NCU00605T0_93-475_1JW9:B:	5	8	2	9	0	22	10	18	0	247
NCU00600T0_13-192_2FV8:A:4-184	0	6	2	6	0	16	5	13	0	181
NCU00599T0_375-532_1KR5:A:	2	9	4	8	0	26	15	15	0	218
NCU00597T0_46-168,249-343_1K3R:A:1-92,A:164-262	2	6	1	6	0	20	12	7	1	191
NCU00597T0_152-230_1K3R:A:93-163	0	5	0	0	0	12	8	2	0	71
NCU00596T0_17-73,114-185,227-298_1W66:A:1-216	2	11	3	4	0	24	12	10	0	216
NCU00595T0_244-498_1TFF:A:	3	4	2	10	0	17	9	11	0	228
NCU00591T0_131-401_1ULZ:A:115-328	2	8	1	6	0	23	11	8	0	214
NCU00591T0_34-161_1ULZ:A:1-114	0	5	1	6	0	12	6	6	0	114
NCU00591T0_386-503_1DV1:A:331-446	3	7	0	4	0	16	7	5	0	116
NCU00591T0_669-737_1O78:A:	4	6	0	0	0	18	11	2	0	84
NCU00590T0_18-112,140-166_1RFE:A:	0	7	3	4	0	13	4	7	0	160
NCU00584T0_104-305_2OV9:A:7-209	3	7	2	3	0	22	12	13	0	203
NCU00580T0_163-250,288-353_1C8U:A:116-286	0	7	1	3	0	17	13	11	0	171
NCU00580T0_35-138_1C8U:A:2-115	2	6	0	2	0	12	7	5	0	114
NCU00579T0_836-1231_1ZHX:A:2-434	5	19	10	9	0	46	21	29	0	433
NCU00579T0_380-485_1V89:A:	0	7	0	1	0	15	12	2	0	117
NCU00579T0_146-254,285-331_1AWC:B:	0	0	0	10	0	18	2	16	0	153
NCU06720T0_77-525_1AC5:A:	3	18	9	15	0	51	36	39	0	483
NCU04099T0_5-348_1X74:A:2-360	0	12	4	14	1	37	25	27	0	359
NCU08925T0_4-307,476-517_1B37:A:5-293,A:406-463	9	15	3	12	0	38	24	22	1	347
NCU01455T0_110-140,171-255_1TJC:A:	0	0	0	5	0	8	1	4	0	95
NCU06712T0_4-220_1IRU:F:	2	10	1	6	0	18	11	14	0	238
NCU10467T0_31-252_1SXJ:B:7-230	3	5	4	13	0	18	14	12	0	224
NCU10467T0_255-345_1SXJ:B:231-322	0	0	0	5	0	7	3	5	0	92
NCU01290T0_20-267_2EY4:A:8-252	1	11	4	7	0	24	15	15	0	245
NCU01290T0_269-350_2APO:A:247-331	0	6	1	2	0	11	6	6	0	85
NCU01284T0_68-150_1XBL:A:	0	0	0	3	0	7	3	6	0	75
NCU01009T0_793-1085,1113-1171_1PV7:A:	0	0	2	22	0	18	12	14	0	417
NCU04575T0_14-241_1O65:A:	2	12	3	7	0	23	12	17	0	245
NCU04575T0_371-490_2PIA:A:104-223	0	5	2	4	0	13	9	8	0	120
NCU04575T0_475-580_2PIA:A:224-321	0	7	0	1	0	13	7	6	0	98
NCU04575T0_250-357_2PIA:A:1-103	1	6	0	1	0	16	6	8	0	103
NCU09678T0_37-472_1PW4:A:	2	0	1	18	0	21	18	22	0	450
NCU08436T0_272-552_1VA4:A:	4	8	3	10	0	25	15	19	0	271
NCU01810T0_54-355_1OKC:A:	0	0	6	11	0	19	10	9	0	292
NCU08771T0_20-214_1Q6Z:A:2-181	2	6	5	7	0	17	8	12	0	180
NCU08771T0_411-605_1Q6Z:A:342-524	4	6	1	8	0	22	11	10	0	183
NCU08771T0_190-394_1POX:A:183-365	2	5	4	5	0	18	10	7	0	183
NCU05345T0_8-294_1Q0R:A:	0	8	5	9	0	30	18	18	0	297
NCU05342T0_6-382_1QGX:A:	4	14	3	10	0	37	23	23	0	354
NCU05340T0_19-365_1M41:A:	4	15	3	9	0	32	19	17	0	361
NCU04024T0_896-1072,1126-1260_1C4Z:A:	4	10	4	13	0	35	26	18	0	350
NCU04024T0_1422-1460_1C4Z:A:	4	10	4	13	0	35	26	18	0	350
NCU04022T0_92-123_1ZR9:A:28-94	0	2	1	2	0	10	9	4	0	67
NCU04022T0_17-58_1XF7:A:	0	2	0	1	0	4	3	1	0	29
NCU04021T0_1289-1510_1VPL:A:	2	10	2	9	0	18	9	15	0	238
NCU04021T0_482-694_1JI0:A:	2	10	1	10	0	19	14	15	0	240
NCU04020T0_240-590_1E1O:A:161-502	5	13	4	11	0	28	17	18	0	342
NCU04020T0_73-232_1E1O:A:11-153	0	5	1	4	0	12	5	8	0	143
NCU04019T0_47-272_1KQN:A:	2	6	3	11	0	22	8	15	0	270
NCU04017T0_188-248_1E0B:A:	0	3	0	2	0	6	3	5	0	61
NCU04017T0_63-135_1GUW:A:	2	5	0	1	0	12	6	4	0	72
NCU04016T0_7-168,199-246_1BIF:A:250-468	4	6	3	8	0	27	10	12	0	219
NCU04014T0_698-1107_2GFO:A:762-1109	3	20	3	10	0	40	19	15	0	348
NCU04014T0_395-544_1HZM:A:	3	3	0	6	0	20	19	8	0	154
NCU04013T0_21-464_1AD3:A:	0	19	7	14	0	42	30	22	0	446
NCU04010T0_57-187,284-386_1MLA:A:3-127,A:198-307	2	5	1	12	0	22	14	13	1	235
NCU04010T0_225-269_1NM2:A:134-195	0	4	0	2	0	5	3	3	0	62
NCU04009T0_236-371_2NN6:G:195-274	0	3	0	4	0	9	5	5	0	80
NCU04009T0_142-234_2NN6:H:73-167	1	7	0	1	0	11	7	3	0	95
NCU04009T0_88-142_2NN6:H:25-72	3	4	0	0	0	8	3	4	0	48
NCU04008T0_119-255_1L8Q:A:77-289	0	5	2	9	0	17	9	11	0	213
NCU04005T0_10-297_1CSN:A:	3	10	2	9	0	31	12	17	0	293
NCU04001T0_510-713_1OCX:A:	4	18	0	4	0	35	12	13	0	182
NCU04001T0_255-298_1CLD:A:	0	0	0	2	0	4	2	1	0	33
NCU09218T0_26-149_2AS0:A:73-396	2	14	5	10	0	29	16	20	0	324
NCU09214T0_93-138_2ALC:A:	0	0	0	4	0	11	7	5	0	65
NCU09212T0_127-272,304-431_1A06:A:	4	8	4	10	0	29	20	14	0	307
NCU09209T0_207-581_1K3I:A:151-537	9	30	6	0	0	59	29	25	0	387
NCU09209T0_44-195_1K3I:A:12-150	3	10	0	0	0	15	10	5	0	102
NCU09209T0_588-687_1K3I:A:538-639	3	10	0	0	0	15	10	5	0	102
NCU09208T0_122-162,194-301,529-681_2OVR:B:2365-2706	0	32	2	1	0	36	24	21	0	342
NCU09206T0_67-117_3ZNF:A:	2	0	0	1	0	5	3	1	0	30
NCU09202T0_42-192,313-484_1HOW:A:	5	10	4	11	0	39	18	24	0	362
NCU09194T0_21-290_1AK0:A:	3	2	4	13	0	17	12	19	0	264
NCU06722T0_27-419_1R6T:A:82-467	4	11	6	19	0	34	15	21	0	385
NCU06721T0_44-400_2B3T:B:7-354	1	11	3	7	0	25	15	13	0	344
NCU06718T0_290-359_1JM7:A:	2	0	1	3	0	11	9	5	0	103
NCU06718T0_160-199_1U6P:A:	2	0	1	0	0	10	6	3	0	56
NCU08886T0_9-193,292-388_1YSJ:A:4-177,A:293-379	3	10	2	7	0	31	13	17	1	261
NCU08886T0_181-286_1CG2:A:214-326	3	6	2	2	0	12	8	5	0	113
NCU08887T0_147-367_1PV7:A:	0	0	2	22	0	18	12	14	0	417
NCU08893T0_71-284_1AD2:A:	2	9	3	6	0	31	15	17	0	224
NCU08894T0_121-435_1GTR:A:8-338	6	9	4	12	0	35	20	18	0	331
NCU08894T0_430-633_1GTR:A:339-547	3	18	5	0	0	26	16	8	0	209
NCU08894T0_19-80_1A0F:A:81-201	2	0	1	6	0	10	4	9	0	121
NCU10185T0_5-125_1KNQ:A:	0	5	1	7	0	16	7	10	0	171
NCU10185T0_403-436_3ZNF:A:	2	0	0	1	0	5	3	1	0	30
NCU10185T0_5-56,199-259_1PZN:A:96-349	0	12	2	8	0	19	19	13	0	254
NCU08900T0_10-398_1VJI:A:	3	13	7	10	0	40	29	19	0	361
NCU11046T0_40-140_2CIW:A:0-119	2	2	2	3	0	17	10	8	0	119
NCU07173T0_15-179_1E0S:A:	2	7	5	6	0	13	5	14	0	173
NCU07171T0_153-390_1K8K:B:154-343	0	8	3	7	0	23	11	15	0	190
NCU07171T0_6-160_1C0G:A:1-146	0	10	2	4	0	13	10	8	0	146
NCU07169T0_70-240,297-510_1PV7:A:	0	0	2	22	0	18	12	14	0	417
NCU07167T0_6-327_1QYC:A:	1	13	4	12	0	30	15	23	0	307
NCU07159T0_118-375_2PWA:A:1-279	4	15	3	6	0	32	20	20	0	279
NCU07159T0_37-106_1SCJ:B:	0	5	0	2	0	8	4	3	0	71
NCU07156T0_235-548_1JVN:A:230-552	0	15	5	10	0	37	21	13	0	323
NCU07156T0_2-206_1JVN:A:3-229	3	12	2	7	0	24	15	15	0	229
NCU07146T0_677-897_2D3E:C:161-282	0	0	0	3	0	2	0	2	0	133
NCU07176T0_18-185,213-396_1JDW:A:	13	17	6	10	0	45	18	24	0	360
NCU07188T0_144-182,236-365_2BZ1:A:1-174	0	7	0	7	0	17	9	10	0	174
NCU07190T0_34-379_1DYS:A:	4	10	4	11	0	43	25	20	0	345
NCU07193T0_145-381_1UFK:A:	0	14	4	9	0	22	7	12	0	254
NCU07195T0_26-320_1Y1P:A:2-343	0	12	1	11	0	37	20	20	0	342
NCU07196T0_6-177_1V3W:A:	4	20	0	1	0	34	5	15	0	173
NCU07197T0_14-146_1C25:A:	3	7	1	5	0	18	12	10	0	161
NCU07199T0_20-480_1PV7:A:	0	0	2	22	0	18	12	14	0	417
NCU07200T0_87-276_1QUA:A:	0	5	2	6	0	24	15	10	0	197
NCU07204T0_142-212_1XBL:A:	0	0	0	3	0	7	3	6	0	75
NCU07205T0_29-232,291-373,406-522_1PW4:A:	2	0	1	18	0	21	18	22	0	450
NCU07224T0_9-196,308-410_3C96:A:4-182,A:294-402	1	13	1	8	0	26	14	13	1	288
NCU07224T0_204-315_3C96:A:183-293	3	5	0	4	0	12	4	7	0	111
NCU07225T0_36-223_1H1A:A:	1	12	0	1	0	14	10	8	0	190
NCU07225T0_260-293_1AZ6:A:	0	2	0	0	0	7	4	2	0	36
NCU04329T0_436-770_2BNH:A:	5	17	2	16	0	59	26	25	0	456
NCU04327T0_215-458_1LTL:A:	2	10	4	5	0	24	9	12	0	239
NCU04327T0_499-699,734-829_1OFH:A:	0	9	5	14	0	31	16	15	0	309
NCU04323T0_6-352_1J79:A:	3	15	4	14	0	42	18	22	0	343
NCU04322T0_34-253,296-492,547-566_1PV7:A:	0	0	2	22	0	18	12	14	0	417
NCU04316T0_40-474_1AC5:A:	3	18	9	15	0	51	36	39	0	483
NCU04309T0_13-198_1ZP6:A:6-181	0	5	1	7	0	20	9	15	0	176
NCU04306T0_71-334,408-435_1B6A:A:110-374,A:449-478	7	13	1	6	0	31	14	17	1	295
NCU04306T0_334-407_1B6A:A:375-448	0	5	0	3	0	8	5	4	0	74
NCU04305T0_62-132_1XBL:A:	0	0	0	3	0	7	3	6	0	75
NCU04303T0_209-252,296-521_1CT9:A:193-516	0	5	6	17	0	28	12	15	0	324
NCU04303T0_1-191_1CT9:A:1-192	1	12	3	3	0	22	12	14	0	192
NCU04302T0_3-155_1U9A:A:	2	4	1	4	0	20	9	11	0	160
NCU04096T0_7-261_1F3M:C:	1	10	4	11	0	33	20	20	0	294
NCU04097T0_5-225_2ONK:A:1-240	2	9	2	9	0	23	17	15	0	240
NCU04098T0_45-148_1WIK:A:	0	4	0	5	0	14	12	6	0	108
NCU04104T0_1-957_1WA5:C:	8	0	17	50	0	66	46	42	0	959
NCU08955T0_181-316_1WJ4:A:	1	5	0	1	0	15	10	6	0	123
NCU08955T0_3-49_1WHC:A:	0	0	0	3	0	7	3	4	0	63
NCU08952T0_26-108,181-400_1VB5:A:	3	12	4	9	0	31	10	13	0	274
NCU08951T0_73-208_1E7K:A:	1	4	1	5	0	13	6	11	0	125
NCU08948T0_335-519_1TA0:A:	2	9	6	4	0	24	13	9	0	196
NCU08946T0_58-193_1WIN:A:	0	6	0	5	0	15	6	3	0	142
NCU08945T0_428-488,529-637_1WLJ:A:	0	7	1	7	0	16	4	10	0	173
NCU08944T0_1-159_2GE3:A:6-169	0	7	2	4	0	13	5	8	0	164
NCU08943T0_6-280_1I01:A:	2	7	3	9	0	21	12	12	0	241
NCU08941T0_92-410_1OKC:A:	0	0	6	11	0	19	10	9	0	292
NCU08936T0_24-139_2DTG:E:312-467	7	8	1	3	0	23	17	14	0	156
NCU08936T0_177-286_1M6B:A:311-479	7	10	3	3	0	29	13	11	0	169
NCU08936T1_24-139_2DTG:E:312-467	7	8	1	3	0	23	17	14	0	156
NCU08936T1_177-286_1M6B:A:311-479	7	10	3	3	0	29	13	11	0	169
NCU08935T0_10-514_1LCI:A:	7	27	4	15	0	64	28	38	0	541
NCU08934T0_109-128,185-331_1VLM:A:	2	8	2	8	0	22	11	13	0	218
NCU08933T0_352-399_1F6U:A:	2	2	3	0	0	10	5	3	0	55
NCU08933T0_43-89_1ESK:A:	2	0	0	0	0	11	5	4	0	42
NCU08933T0_263-306_1ESK:A:	2	0	0	0	0	11	5	4	0	42
NCU08933T0_308-351_1AAF:A:	0	0	2	0	0	11	7	2	0	55
NCU11680T0_99-222_2A4V:A:59-214	3	7	0	5	0	19	8	9	0	156
NCU08929T0_82-129_1M2V:B:61-215,B:553-646	5	10	2	3	0	17	17	8	1	249
NCU08928T0_262-799_1UAA:A:2-307	4	8	4	13	0	27	16	15	0	306
NCU11102T0_20-121_1XBL:A:	0	0	0	3	0	7	3	6	0	75
NCU11102T0_145-225_1NLT:A:139-212	2	4	0	0	0	10	9	6	0	74
NCU11102T0_286-377_1C3G:A:260-349	4	6	0	2	0	16	7	6	0	90
NCU11102T0_125-149,215-276_1NLT:A:110-138,A:213-257	2	5	0	1	0	12	2	5	1	74
NCU01444T0_6-175_1XTQ:A:3-169	0	6	2	4	0	17	8	8	0	167
NCU01443T0_125-425_1SET:A:111-421	3	16	5	9	0	33	20	19	0	311
NCU01443T0_1-117_1SET:A:1-110	0	0	1	4	0	6	1	3	0	110
NCU01441T0_11-187_2CAR:A:1-194	1	7	2	6	0	24	13	9	0	194
NCU11669T0_62-831_1OE9:A:63-795	5	19	8	26	0	54	32	34	0	733
NCU11669T0_4-67_1OE9:A:5-62	1	4	0	0	0	7	3	3	0	58
NCU11669T0_829-878_1OE9:A:63-795	5	19	8	26	0	54	32	34	0	733
NCU01438T0_65-374_2AYU:A:70-370	3	6	4	8	0	25	17	14	0	301
NCU10143T0_323-418,544-641,1098-1313_1SU4:A:1-124,A:240-343,A:751-994	1	1	8	18	0	32	20	22	2	472
NCU10143T0_877-941,1001-1097_1SU4:A:344-360,A:600-750	3	8	1	8	0	16	12	11	1	168
NCU10143T0_419-546_1SU4:A:125-239	2	9	3	0	0	21	10	7	0	115
NCU10143T0_653-741,780-896_1SU4:A:361-599	0	13	3	7	0	21	11	13	0	239
NCU10144T0_119-393_1KPG:A:	0	7	2	12	0	28	16	18	0	285
NCU01446T0_35-243_1BD3:A:	2	12	3	7	0	27	10	12	0	224
NCU01447T0_1-83_1WII:A:	0	3	0	1	0	8	4	3	0	84
NCU01457T0_158-370,428-561,628-661_2HD5:A:211-521	4	18	4	9	0	37	12	12	0	336
NCU01459T0_194-253_1T2K:D:	0	0	0	1	0	1	0	1	0	60
NCU01460T0_5-104_1QUQ:B:	0	6	2	1	0	15	11	5	0	114
NCU01461T0_807-829,883-918_1GNF:A:	2	0	0	1	0	9	4	3	0	45
NCU01464T0_189-510_2BO9:A:4-307	4	8	2	9	0	32	24	18	0	305
NCU06714T0_420-648,697-947_1K0G:A:	7	23	3	9	0	44	27	24	0	453
NCU06714T0_49-210,253-316_1QDL:B:	1	9	0	6	0	17	14	12	0	195
NCU06708T0_1-127_1IFQ:A:	0	5	1	3	0	8	4	9	0	137
NCU06708T0_130-197_1GL2:A:	0	0	0	1	0	2	0	0	0	64
NCU06700T0_12-302_1VA4:A:	4	8	3	10	0	25	15	19	0	271
NCU06699T0_205-404_2QFI:A:5-208	2	0	7	7	0	14	20	21	0	204
NCU06699T0_411-485_3BYP:A:6-87	1	3	0	2	0	5	2	4	0	82
NCU06698T0_10-250_1LL2:A:	1	11	7	10	0	24	19	16	0	263
NCU06697T0_240-274,313-592_3D03:A:1-271	8	13	4	6	0	39	23	13	0	274
NCU06684T0_11-223_1W0H:A:	4	7	2	7	0	20	10	12	0	200
NCU06684T0_249-332_1P1T:A:	2	4	0	4	0	11	10	6	0	104
NCU06684T0_424-458_1N0Z:A:	4	0	0	0	0	12	8	1	0	44
NCU06684T0_346-378_1N0Z:A:	4	0	0	0	0	12	8	1	0	44
NCU06675T0_8-248,311-392_1QO7:A:	3	8	5	16	0	44	18	19	0	394
NCU06666T0_26-328,441-536_1VKO:A:11-314,A:429-521	6	14	6	10	0	38	21	22	1	397
NCU06666T0_329-442_1JKI:A:323-437	2	4	2	4	0	8	4	7	0	115
NCU06664T0_5-232_1KEY:A:	0	0	2	8	0	9	6	8	0	218
NCU06662T0_28-316_1OKC:A:	0	0	6	11	0	19	10	9	0	292
NCU06659T0_7-329_1WXQ:A:1-319	2	8	3	10	0	30	20	14	0	319
NCU01411T0_109-566_1PV7:A:	0	0	2	22	0	18	12	14	0	417
NCU01412T0_9-425_1VLU:A:	4	13	4	14	0	38	20	18	0	467
NCU10417T0_159-263_1WF6:A:	1	4	3	3	0	15	14	3	0	131
NCU01419T0_120-296_1YB5:A:121-294	0	7	1	8	0	16	8	12	0	174
NCU01419T0_6-142_1YB5:A:6-120,A:295-329	2	9	3	2	0	18	11	6	1	150
NCU01420T0_70-143,176-234,288-384_1JJI:A:	0	8	5	11	0	21	17	19	0	311
NCU01424T0_1-125_1X6M:A:	1	11	5	3	0	24	13	10	0	195
NCU01393T0_10-287_2HVM:A:	3	9	7	10	0	29	21	13	0	273
NCU01389T0_31-75,103-398_1ERJ:A:	2	30	1	1	0	43	24	22	0	388
NCU01292T0_6-155_3EF8:A:1-149	1	6	0	4	0	6	4	6	0	149
NCU01285T0_109-329,374-600_1PW4:A:	2	0	1	18	0	21	18	22	0	450
NCU01254T0_306-399,442-546_2QFI:A:5-208	2	0	7	7	0	14	20	21	0	204
NCU01256T0_26-308_1TE5:A:	4	16	1	3	0	30	19	6	0	253
NCU01258T0_95-163_1DW9:A:87-156	0	2	0	1	0	4	4	2	0	70
NCU01258T0_16-91_1Y7Y:A:5-73	1	0	1	4	0	7	2	4	0	69
NCU01000T1_13-369_1JU3:A:5-351	2	14	1	13	1	36	21	29	0	347
NCU01000T1_399-626_1JU3:A:352-574	4	11	4	0	0	33	18	11	0	223
NCU11274T0_74-242_1W3B:A:	0	0	0	23	0	35	6	26	0	388
NCU11273T0_41-153_1DSY:A:	1	9	1	2	0	19	9	5	0	137
NCU11273T0_219-321_2EP6:A:92-217	2	9	1	0	0	17	11	4	0	126
NCU11273T0_475-531_1TN4:A:	0	4	0	8	0	14	5	7	0	157
NCU01007T0_143-223_2QAL:R:19-73	2	0	1	2	0	7	5	3	0	55
NCU01010T0_40-297_1YWF:A:4-275	0	5	3	12	0	22	11	13	0	272
NCU04674T0_264-441,559-725_2F2H:A:248-585	10	10	5	9	0	36	16	18	0	338
NCU04674T0_34-262_2F2H:A:1-247	2	21	1	1	0	22	20	14	0	247
NCU04674T0_727-809_2F2H:A:586-665	0	8	1	1	0	13	7	5	0	80
NCU04670T0_14-139,210-406_1OXW:A:	8	8	9	12	0	35	16	21	0	360
NCU04669T0_430-693_1EWF:A:1-217	1	11	1	4	0	15	9	7	0	217
NCU04606T0_479-690_2OOE:A:21-549	2	0	2	28	0	36	16	28	0	529
NCU04606T0_687-894_1W3B:A:	0	0	0	23	0	35	6	26	0	388
NCU04606T0_94-385_2OOE:A:21-549	2	0	2	28	0	36	16	28	0	529
NCU04606T0_392-460_2OOE:A:21-549	2	0	2	28	0	36	16	28	0	529
NCU04603T0_158-263_1BW3:A:	0	5	2	4	0	16	12	8	0	125
NCU04602T0_58-195_1NV8:A:	2	9	3	10	0	29	15	20	0	271
NCU04600T0_3-295_1A6Q:A:2-296	3	15	2	7	0	26	16	16	0	295
NCU04596T0_113-266_1IHI:A:	6	12	6	10	0	41	20	20	0	320
NCU04592T0_6-250_1ZEM:A:3-262	4	7	4	10	0	23	15	14	0	260
NCU04585T0_587-685_1XTE:A:	0	3	2	4	0	9	3	6	0	116
NCU04583T0_49-223_2GE3:A:6-169	0	7	2	4	0	13	5	8	0	164
NCU04579T0_31-414_2GP4:A:1-418	5	7	4	13	0	30	17	20	0	418
NCU04579T0_416-595_2GP4:A:419-608	2	8	8	5	0	22	17	12	0	190
NCU04566T0_73-328_1A06:A:	4	8	4	10	0	29	20	14	0	307
NCU04566T0_509-532,583-634,673-775_2QLV:A:460-630	0	7	2	4	0	13	5	5	0	171
NCU04561T0_4-53_2CSH:A:8-60	0	4	0	2	0	6	6	3	0	53
NCU04561T0_68-113_2HAP:C:55-97	0	0	1	2	0	6	3	2	0	43
NCU08909T0_30-316_1DP0:A:334-625	10	12	2	7	0	41	19	22	0	292
NCU08920T0_78-159,195-332_1G29:1:1-240	1	11	4	8	0	20	15	14	0	240
NCU08920T0_373-597_2HYD:A:324-578	2	10	5	9	0	25	21	16	0	255
NCU11618T0_98-419_2R8C:A:58-368	4	11	2	13	0	35	18	21	0	310
NCU11618T0_29-98,419-468_2R8C:A:2-57,A:369-414	2	8	1	0	0	13	8	8	1	100
NCU09673T0_158-436_1I31:A:	1	16	2	0	0	27	16	7	0	277
NCU09673T0_1-139_1GW5:M:1-141	2	5	1	4	0	13	8	7	0	140
NCU09674T0_48-224_1SUI:A:21-247	5	7	5	8	0	25	14	15	0	227
NCU09679T0_323-390,453-509_1BYR:A:	2	8	0	5	0	13	9	7	0	152
NCU09679T0_17-254_1BYR:A:	2	8	0	5	0	13	9	7	0	152
NCU09680T0_125-484_2BVW:A:	5	8	4	10	0	44	31	30	0	361
NCU09680T0_31-63_1AZ6:A:	0	2	0	0	0	7	4	2	0	36
NCU09682T0_27-273_2GK3:A:8-253	1	13	3	8	0	26	16	16	0	246
NCU09692T0_62-308_1VNS:A:	18	8	7	16	0	68	39	32	0	574
NCU09696T0_43-352_1QZX:A:88-294	0	8	2	8	0	21	11	12	0	207
NCU09696T0_326-431_1QB2:A:	0	0	0	7	0	7	5	8	0	107
NCU05159T0_31-236_1QOZ:A:	4	6	4	6	0	26	13	13	0	206
NCU05159T0_267-300_1AZ6:A:	0	2	0	0	0	7	4	2	0	36
NCU05153T0_83-207_1KRR:A:	6	18	1	3	0	40	15	16	0	200
NCU05151T0_39-394_1TRK:A:3-337	2	7	3	13	0	32	17	26	0	335
NCU05151T0_405-604_1TRK:A:338-534	2	8	4	7	0	26	13	13	0	197
NCU05151T0_639-759_1TRK:A:535-680	0	5	1	6	0	20	14	10	0	146
NCU05146T0_379-392,421-586_2JAV:A:3-271	1	8	3	9	0	24	12	13	0	269
NCU05146T0_142-213,276-295_1APM:E:	5	9	4	11	0	36	21	20	0	341
NCU05145T0_576-666_1IKN:D:	0	0	3	10	0	26	9	18	0	221
NCU05137T0_366-519_1K1X:A:1-310	5	9	5	14	0	33	8	22	0	310
NCU05136T0_96-346_1ITX:A:33-337,A:410-451	4	11	6	11	0	42	24	21	1	347
NCU05133T0_72-452_1UDB:A:	3	13	1	11	0	38	21	15	0	338
NCU05129T0_35-547_1QDL:A:	4	22	4	9	0	41	30	16	0	422
NCU05128T0_196-544_1E9X:A:	5	12	6	18	0	48	21	22	0	449
NCU05127T0_139-340_1E4E:A:132-342	1	10	4	5	0	25	14	9	0	211
NCU05127T0_6-122_1E4E:A:2-131	1	7	0	3	0	15	9	9	0	130
NCU05121T0_24-231_1L8F:A:	6	9	5	4	0	27	16	12	0	207
NCU05121T0_259-292_1AZ6:A:	0	2	0	0	0	7	4	2	0	36
NCU08425T0_22-219,263-469_1PV7:A:	0	0	2	22	0	18	12	14	0	417
NCU08427T0_42-258_1SXJ:C:12-238	3	5	3	12	0	22	13	12	0	227
NCU08427T0_293-383_1SXJ:C:239-333	0	0	0	5	0	6	3	4	0	95
NCU08434T0_7-399_1U1J:A:396-760	9	10	3	11	0	43	33	23	0	365
NCU08435T0_3-81_1X5O:A:8-108	2	4	0	2	0	12	8	5	0	101
NCU08439T0_1105-1346_2HYD:A:324-578	2	10	5	9	0	25	21	16	0	255
NCU08439T0_393-492,549-671_3B60:A:329-581	4	10	2	9	0	24	18	16	0	253
NCU08439T0_754-1063_1PF4:A:10-320	0	0	9	16	0	12	11	14	0	310
NCU08439T0_37-380_3B60:A:10-328	0	0	1	11	0	6	9	9	0	319
NCU08440T0_6-91,132-191_1I12:A:	3	6	3	5	0	13	5	6	0	157
NCU08441T0_220-825_1AMU:A:	4	26	5	15	0	55	36	34	0	514
NCU08441T0_1089-1333_1L5A:A:175-424	4	7	2	7	0	24	11	13	0	250
NCU08441T0_922-1102_1L5A:A:1-174	1	6	2	5	0	15	9	11	0	174
NCU08441T0_1592-1783_1L5A:A:1-174	1	6	2	5	0	15	9	11	0	174
NCU08441T0_1770-1933_1L5A:A:1-174	1	6	2	5	0	15	9	11	0	174
NCU08441T0_807-875_1DNY:A:	0	0	0	4	0	8	7	2	0	76
NCU08441T0_1474-1545_1DNY:A:	0	0	0	4	0	8	7	2	0	76
NCU01817T0_147-256_1AWC:B:	0	0	0	10	0	18	2	16	0	153
NCU01824T0_1-302_1I8T:A:1-244,A:314-367	4	11	4	11	0	29	22	14	1	298
NCU01833T0_1543-1717_2C2A:A:321-481	0	7	2	3	0	13	4	10	0	161
NCU01833T0_2050-2176_1OXB:B:	0	5	0	5	0	13	11	4	0	124
NCU01833T0_1477-1554_2C2A:A:232-320	0	0	1	3	0	3	0	4	0	89
NCU01833T0_1154-1262_1N9L:A:	0	5	1	3	0	14	5	7	0	109
NCU01833T0_1286-1341,1421-1477_1N9L:A:	0	5	1	3	0	14	5	7	0	109
NCU01839T0_251-752_1UKC:A:	4	16	7	18	0	57	36	35	0	517
NCU01843T0_14-143,405-523_1A6D:A:17-145,A:404-519	0	9	1	11	0	18	7	14	1	245
NCU01843T0_211-378_1GML:A:	3	9	2	3	0	17	13	5	0	169
NCU01843T0_143-215,369-404_1Q3Q:A:146-216,A:370-405	1	5	3	3	0	8	7	2	1	107
NCU01845T0_4-214_1EBB:A:	4	6	4	7	0	26	7	13	0	202
NCU08772T0_221-314_1W98:B:88-227	1	0	2	6	0	12	5	6	0	140
NCU08768T0_149-283_1QOR:A:113-291	2	6	1	8	0	15	10	12	0	179
NCU08768T0_31-134,177-186_1UUF:A:3-144,A:313-349	5	11	4	3	0	24	13	10	1	179
NCU10652T0_159-201,228-366_1TQI:A:91-282	0	10	1	4	0	15	9	8	0	192
NCU08763T0_915-1071_1N08:A:	0	6	4	2	0	19	9	8	0	154
NCU05120T0_41-179,209-1281_1I50:B:	18	49	14	26	0	125	63	65	0	1207
NCU05117T0_159-437_1XQR:A:87-350	0	0	3	17	0	17	9	12	0	267
NCU05116T0_1-138_1TIP:A:	2	6	3	7	0	22	8	11	0	191
NCU05108T0_58-216_1JL2:A:	3	5	0	5	0	15	8	10	0	150
NCU05104T0_21-448_1Q9H:A:	8	31	3	7	0	52	31	32	0	434
NCU05095T0_215-287,322-501_1PYS:A:	5	10	3	7	0	28	12	12	0	266
NCU05094T0_14-305_1ZEM:A:3-262	4	7	4	10	0	23	15	14	0	260
NCU05093T0_230-419,485-651_1QGN:A:	5	12	3	15	0	45	28	19	0	398
NCU05091T0_69-210_1F21:A:	3	5	0	5	0	13	6	10	0	152
NCU05089T0_78-482_1PW4:A:	2	0	1	18	0	21	18	22	0	450
NCU06735T0_21-534_1FUK:A:	0	7	3	4	0	16	14	7	0	162
NCU06739T0_7-94_2CQB:A:1-89	0	5	0	2	0	9	8	3	0	89
NCU11339T0_14-83_2OCC:H:	1	0	1	3	0	9	6	3	0	79
NCU06744T0_467-539_1AN4:A:	0	0	0	2	0	4	3	3	0	64
NCU06749T0_96-320_2GYC:B:1-209	1	11	1	3	0	28	16	8	0	209
NCU06751T0_22-185_1XOY:A:	1	11	1	2	0	25	20	10	0	160
NCU06754T0_355-417_2DKT:A:8-81	2	4	0	1	0	10	11	2	0	74
NCU06754T0_420-477_2DKT:A:82-137	0	6	2	0	0	7	6	2	0	56
NCU06754T0_482-534_1LDJ:B:	0	6	0	2	0	13	8	4	0	88
NCU06758T0_144-273,485-593,627-763_1FLG:A:	8	40	6	3	0	86	43	41	0	582
NCU06758T0_147-278,305-473_1ERJ:A:	2	30	1	1	0	43	24	22	0	388
NCU06857T0_479-687_2BNH:A:	5	17	2	16	0	59	26	25	0	456
NCU06855T0_429-496_1GYF:A:	2	4	1	1	0	9	7	2	0	62
NCU06847T0_133-576_1PV7:A:	0	0	2	22	0	18	12	14	0	417
NCU06842T0_55-402_1W3B:A:	0	0	0	23	0	35	6	26	0	388
NCU03340T0_36-77_1OCR:L:	0	0	0	1	0	4	3	2	0	47
NCU03338T0_51-72,171-286,344-385,441-472_1KCF:A:39-256	0	6	0	6	0	15	9	8	0	218
NCU11927T0_64-221,256-383_1OYW:A:1-206	0	7	2	10	0	22	14	12	0	206
NCU03335T0_45-147_1HDJ:A:	0	0	1	4	0	9	2	7	0	76
NCU03330T0_790-949_1FKM:A:249-442	2	0	8	8	0	13	13	10	0	194
NCU03330T0_930-1042_1FKM:A:443-630	0	0	1	8	0	10	3	8	0	188
NCU03388T0_169-299_1WIN:A:	0	6	0	5	0	15	6	3	0	142
NCU03388T0_29-39_1V9D:A:	2	0	2	14	0	19	11	13	0	332
NCU03387T0_332-604_1OZ4:A:471-763	2	0	3	7	0	31	24	19	0	292
NCU03387T0_194-307_1CR5:A:108-210	1	6	0	2	0	13	3	7	0	103
NCU03387T0_99-192_1CR5:A:26-107	0	6	0	3	0	11	3	7	0	82
NCU03387T0_603-829_1D2N:A:	2	7	2	10	0	24	16	16	0	246
NCU03372T0_10-236_1ULQ:A:276-400	2	4	2	4	0	11	5	8	0	125
NCU03372T0_245-397_1ULQ:A:276-400	2	4	2	4	0	11	5	8	0	125
NCU03369T0_83-376_1J1L:A:	3	26	3	1	0	39	19	20	0	288
NCU03368T0_5-74_1CC8:A:	0	4	0	2	0	5	4	3	0	72
NCU03363T0_195-330,410-462,502-596_2P6R:A:203-403	2	10	1	7	0	20	15	11	0	201
NCU03363T0_354-608_4BUJ:A:509-802	1	9	2	9	0	26	14	11	0	293
NCU03363T0_154-388,431-753,832-1106_5E02:A:1-1106	7	22	8	36	0	94	61	48	0	1105
NCU03575T0_2-192,393-646_1ILE:A:1-197,A:387-641	12	19	3	20	0	43	24	22	1	452
NCU03575T0_194-393_1UDZ:A:	6	9	4	3	0	24	11	11	0	179
NCU03575T0_653-908_1ILE:A:642-821	0	0	1	7	0	10	11	15	0	180
NCU03576T0_14-364_1UPK:A:	2	0	4	20	0	16	12	16	0	330
NCU03579T0_9-250_1CT5:A:	2	8	1	9	0	23	11	9	0	244
NCU09596T0_52-307_2FDI:A:15-214	8	12	1	2	0	25	12	13	0	200
NCU03229T0_332-519_2FXT:A:234-425	3	8	0	7	0	18	6	11	0	192
NCU03071T0_1051-1339_1F3M:C:	1	10	4	11	0	33	20	20	0	294
NCU04065T0_339-451_1ORQ:C:	0	0	0	9	0	12	9	11	0	223
NCU04065T0_193-300_2A9H:A:23-119	0	0	0	3	0	5	6	3	0	97
NCU07662T0_9-358_1VYH:C:92-408	0	28	1	0	0	39	25	14	0	317
NCU09434T0_627-930_1U04:A:324-770	5	16	3	9	0	33	19	12	0	323
NCU09434T0_344-496_1R4K:A:	3	8	1	3	0	25	13	6	0	168
NCU04636T0_104-491_1P3W:A:	8	12	2	12	0	39	22	27	0	391
NCU04229T0_446-776_1Z3I:X:390-735	0	10	6	11	0	41	29	23	0	346
NCU04229T0_157-444_1Z3I:X:92-389	0	9	4	12	0	34	20	12	0	298
NCU04228T0_8-49,79-320_2FCT:A:3-310	14	16	4	4	0	47	24	25	0	308
NCU03357T0_986-1071_1WGM:A:	4	3	0	2	0	17	11	7	0	97
NCU03356T0_74-163_1JM7:A:	2	0	1	3	0	11	9	5	0	103
NCU03356T0_242-299_1K2F:A:	2	12	2	5	0	17	7	14	0	190
NCU03348T0_5-477_1BI9:A:	7	19	2	16	0	50	25	21	0	499
NCU04624T0_456-615_1XJ5:A:	0	12	4	9	0	28	19	16	0	290
NCU04621T0_90-755_1LOX:A:113-663	2	9	9	22	1	50	36	36	0	551
NCU04615T0_1021-1152_1OXB:B:	0	5	0	5	0	13	11	4	0	124
NCU04615T0_704-743,827-903_2C2A:A:321-481	0	7	2	3	0	13	4	10	0	161
NCU04615T0_553-632_2C2A:A:232-320	0	0	1	3	0	3	0	4	0	89
NCU04612T0_59-326,426-472_1S9I:A:	1	7	3	12	0	30	21	11	0	334
NCU04610T0_606-984_1ZHX:A:2-434	5	19	10	9	0	46	21	29	0	433
NCU04610T0_5-48,89-149_1O6U:A:275-398	0	8	1	1	0	14	7	4	0	124
NCU04610T0_216-322_1EAZ:A:	0	7	1	2	0	13	8	5	0	104
NCU04118T0_15-335_2HMF:A:2-303	2	12	2	10	0	29	13	19	0	302
NCU04118T0_446-518_2HMF:A:404-470	0	3	1	2	0	5	2	4	0	67
NCU04118T0_370-447_2J0W:A:295-385	0	4	0	2	0	9	8	3	0	91
NCU04117T0_501-746_3B60:A:329-581	4	10	2	9	0	24	18	16	0	253
NCU04117T0_173-490_2HYD:A:1-323	0	0	1	15	1	9	5	12	0	323
NCU04116T0_7-130_1JWG:A:	0	0	1	8	0	11	7	10	0	140
NCU04112T0_1265-1455_1ZX0:A:8-236	2	10	5	10	0	24	11	14	0	229
NCU04108T0_96-290_1W1O:A:40-245	2	10	2	6	0	23	19	14	0	206
NCU04216T0_2-266_1ECF:A:1-249	2	13	1	7	0	30	14	12	0	249
NCU04216T0_261-492_1ECF:A:250-492	3	8	2	8	0	27	12	14	0	243
NCU04213T0_12-114_1T0G:A:	0	5	1	3	0	13	7	9	0	109
NCU04212T0_340-492_1W3B:A:	0	0	0	23	0	35	6	26	0	388
NCU04211T0_92-147_1GD2:G:	0	0	0	1	0	3	1	0	0	69
NCU04205T0_72-335_1Y43:A:1-32,B:3-173	2	20	0	0	0	25	9	10	1	203
NCU04203T0_402-751_2F2H:A:248-585	10	10	5	9	0	36	16	18	0	338
NCU04203T0_753-836_2F2H:A:586-665	0	8	1	1	0	13	7	5	0	80
NCU04203T0_283-400_2F2H:A:1-247	2	21	1	1	0	22	20	14	0	247
NCU04656T0_47-501_1PW4:A:	2	0	1	18	0	21	18	22	0	450
NCU04655T0_19-156,191-279_3B5E:A:7-215	2	11	2	5	0	21	14	13	0	209
NCU04653T0_198-322_1JBI:A:	4	8	0	1	0	18	11	5	0	100
NCU04651T0_42-232_1W3B:A:	0	0	0	23	0	35	6	26	0	388
NCU04649T0_101-136,167-213,245-326_1T17:A:	0	7	0	2	0	12	8	7	0	148
NCU04648T0_328-382,411-613,649-681_1WXI:A:2-275	2	4	3	11	0	25	10	14	0	274
NCU04648T0_5-287_1ERZ:A:	4	14	6	8	0	36	16	16	0	303
NCU04647T0_124-376_1VLM:A:	2	8	2	8	0	22	11	13	0	218
NCU04642T0_96-583_2AMX:A:20-376	2	8	5	19	0	34	15	18	0	357
NCU04641T0_54-92,126-328,456-500_1CF3:A:3-324,A:521-583	17	12	7	11	0	49	28	29	1	385
NCU04635T0_74-134_1RYK:A:	0	0	0	4	0	7	2	4	0	69
NCU04633T0_573-781_1OHF:C:	9	31	7	12	0	75	40	21	0	600
NCU04633T0_331-398_1IYM:A:	0	2	0	1	0	11	6	4	0	54
NCU11454T0_283-573_1DCT:A:	8	11	10	8	0	35	20	17	0	324
NCU07670T0_69-292_1WRB:A:164-401	2	8	2	8	0	26	18	9	0	238
NCU07670T0_234-463_1HV8:A:211-365	1	6	1	6	0	17	12	7	0	155
NCU00440T0_46-356_1GOT:B:	1	28	0	2	0	36	22	23	0	339
NCU03166T0_6-299_2CNQ:A:2-305	4	15	2	7	0	29	17	19	0	304
NCU06577T0_46-160,188-254_1KLQ:A:	1	7	1	3	0	16	12	5	0	196
NCU06647T0_29-288_1DCI:A:	3	9	4	11	0	22	16	14	0	275
NCU06815T0_415-468_1IYM:A:	0	2	0	1	0	11	6	4	0	54
NCU01047T0_33-73,108-293,378-444,526-580_1I9Z:A:	8	11	3	8	0	32	15	14	0	345
NCU01054T0_152-192,253-273_1YTF:D:55-119	0	3	0	0	0	3	1	1	0	65
NCU01057T0_85-380_1Y0Z:A:	5	21	1	9	0	39	19	16	0	327
NCU01524T0_37-202,237-259_2CXH:A:13-192	2	9	0	4	0	15	9	8	0	180
NCU01523T0_5-181_2F9L:A:8-182	0	6	2	6	0	17	10	12	0	175
NCU03485T0_115-222_1JID:A:	4	3	4	2	0	18	9	10	0	114
NCU03481T0_337-415_1J46:A:	0	0	0	3	0	5	3	3	0	84
NCU03481T0_892-1007_1KCZ:A:1-160	2	9	0	6	0	16	10	11	0	160
NCU03477T0_67-291_2ERX:A:6-176	2	7	1	6	0	19	9	8	0	171
NCU03477T0_501-534,644-759_1W3B:A:	0	0	0	23	0	35	6	26	0	388
NCU11916T0_174-275_1S7B:A:	0	0	0	4	0	10	7	3	0	109
NCU11916T0_463-509_1S7B:A:	0	0	0	4	0	10	7	3	0	109
NCU03468T0_114-529_1PW4:A:	2	0	1	18	0	21	18	22	0	450
NCU03464T0_18-59_1BH9:A:	0	0	0	2	0	4	2	1	0	45
NCU11920T0_616-663,702-815_2FG1:A:2-155	1	6	1	4	0	17	10	12	0	155
NCU03459T0_6-201_2IC8:A:91-272	0	0	3	8	0	13	9	4	0	182
NCU03543T0_36-179_1Q25:A:281-432	2	12	4	1	0	22	10	11	0	152
NCU03546T0_738-794,1167-1308,1372-1426_1TZD:A:	3	7	1	9	0	32	16	14	0	256
NCU03551T0_186-247,359-387,443-511_1A4Y:A:	2	17	3	16	0	56	24	32	0	460
NCU03558T0_2-49_1E79:I:	0	1	0	1	0	5	4	4	0	47
NCU03561T0_11-290_1OKC:A:	0	0	6	11	0	19	10	9	0	292
NCU03563T0_220-302,371-480,572-603_1ESV:A:147-375	0	9	7	10	0	23	16	14	0	229
NCU03563T0_74-220_1YAG:A:4-146	0	10	2	4	0	16	11	9	0	143
NCU03566T0_14-252_1BDB:A:	0	7	6	10	0	27	14	16	0	276
NCU01638T0_3-129,226-251,323-901,928-1347,1459-1692_1I50:A:	24	46	14	45	0	162	93	81	0	1449
NCU01636T0_6-211_1R4W:A:	0	4	1	10	0	15	10	13	0	221
NCU01633T0_23-487_1PV7:A:	0	0	2	22	0	18	12	14	0	417
NCU01546T0_95-409_1TKL:A:	0	10	5	10	0	27	18	15	0	325
NCU03491T0_274-387_1X5S:A:8-97	0	4	0	2	0	11	8	3	0	89
NCU03491T0_174-265_2CQ4:A:132-232	0	5	1	4	0	10	7	6	0	101
NCU03491T0_470-554_2DIT:A:8-106	0	6	1	3	0	13	9	6	0	99
NCU03495T0_175-209,238-280,428-453,487-669_1A6Q:A:2-296	3	15	2	7	0	26	16	16	0	295
NCU03498T0_13-163_1KYA:A:1-130	7	8	2	0	0	20	7	9	0	130
NCU03498T0_328-524_1V10:A:305-494	3	12	3	5	0	28	18	8	0	190
NCU03498T0_146-334_1V10:A:137-304	4	11	3	0	0	23	15	7	0	168
NCU03500T0_88-470_1BJW:A:	3	12	6	13	0	38	12	22	0	382
NCU06839T0_3-207_2NR9:A:4-192	0	0	2	8	0	13	11	7	0	189
NCU01785T0_7-135_2C35:A:14-142	2	1	2	6	0	13	8	4	0	129
NCU01780T0_125-160_1X4S:A:8-53	0	4	1	1	0	8	3	3	0	46
NCU01779T0_203-289_1VEH:A:	0	3	0	4	0	11	7	3	0	91
NCU01779T0_83-180_1PQX:A:	1	4	0	2	0	12	10	5	0	90
NCU01792T0_4-158_1XO9:A:	0	7	0	3	0	17	9	9	0	149
NCU01793T0_64-160_1NO8:A:	0	6	0	2	0	11	6	3	0	78
NCU01795T0_93-118_1RGO:A:151-186	2	0	2	1	0	5	4	2	0	36
NCU01800T0_382-461_2QAL:E:78-158	4	5	0	3	0	12	3	6	0	81
NCU01800T0_311-379_2QAL:E:9-77	5	3	0	1	0	8	3	2	0	69
NCU01804T0_27-154_2FVV:A:8-142	1	7	0	4	0	15	6	7	0	135
NCU01806T0_9-193,240-257_2NN6:E:5-191	0	7	0	3	0	21	15	8	0	187
NCU01809T0_543-732,788-877_1OZ4:A:471-763	2	0	3	7	0	31	24	19	0	292
NCU01809T0_219-448_1E32:A:201-458	3	5	4	12	0	28	13	14	0	258
NCU03401T0_25-128_1FXK:A:	0	2	0	2	0	5	1	3	0	107
NCU03400T0_8-68_1JFI:A:	2	0	0	3	0	6	1	5	0	66
NCU11924T0_171-257_1M94:A:	2	5	0	2	0	7	4	6	0	73
NCU03394T0_235-309_1G1X:B:	0	0	0	4	0	7	3	3	0	88
NCU01632T0_401-830_1G6S:A:	6	24	7	12	0	45	26	19	0	427
NCU01632T0_19-376_1DQS:A:	3	13	4	15	0	30	16	22	0	388
NCU01632T0_1042-1274_1QFE:A:	4	10	4	9	0	26	14	12	0	252
NCU01632T0_1380-1559_1NPD:A:107-287	0	6	1	7	0	19	12	12	0	181
NCU01632T0_1276-1379_1NVT:A:1-110	0	6	2	3	0	12	4	8	0	105
NCU01632T0_855-1002_1KAG:A:	0	5	1	7	0	12	8	5	0	169
NCU06761T0_98-518_1PMM:A:	9	13	6	12	0	49	26	25	0	450
NCU06763T0_86-143_1VYX:A:	2	2	1	1	0	11	6	4	0	60
NCU06768T0_70-205_2ZJR:J:6-141	4	5	0	2	0	22	14	4	0	136
NCU06777T0_23-236_1DN1:B:	0	0	1	7	0	11	6	8	0	222
NCU06780T0_231-639_1UWV:A:75-432	7	17	2	8	0	35	22	22	0	358
NCU06780T0_154-218_1YEZ:A:1-68	0	6	0	0	0	9	4	4	0	68
NCU06781T0_39-310_1YQ2:A:313-609	4	13	4	8	0	40	16	19	0	297
NCU06783T0_71-262_1EUC:B:0-245	3	13	3	7	0	25	12	15	0	245
NCU06783T0_314-447_1EUC:B:246-393	1	6	0	6	0	16	11	8	0	148
NCU06786T0_1-59_1BXY:A:	0	3	0	2	0	8	2	4	0	60
NCU06788T0_2-101_2F5K:A:6-88	0	5	2	1	0	7	5	3	0	83
NCU06804T0_9-194,290-383_1FOH:A:1-240,A:342-461	4	15	4	9	0	43	22	18	1	360
NCU06804T0_446-641_1FOH:A:462-662	10	7	3	4	0	22	21	18	0	201
NCU06804T0_201-295_1FOH:A:241-341	0	5	0	1	0	7	4	3	0	101
NCU06812T0_691-751_1ETH:A:1-336	6	11	5	8	0	44	25	23	0	336
NCU06821T0_279-360,395-710_1WA5:B:	0	0	5	29	0	38	22	22	0	506
NCU06821T0_27-210,237-360_1TE4:A:	0	0	3	6	0	11	9	5	0	111
NCU01059T0_101-463,493-607_1FO3:A:	8	18	3	16	0	47	22	26	0	457
NCU01061T0_46-279_1R1D:A:	0	7	4	8	0	23	15	16	0	242
NCU11642T0_31-424_1U7G:A:	2	2	6	15	0	21	14	16	0	383
NCU01067T0_11-28,79-185_1JKW:A:11-161	0	0	2	6	0	12	6	7	0	151
NCU01067T0_188-270,309-361_1JKW:A:162-287	0	0	0	7	0	10	8	7	0	126
NCU01068T0_8-229_2D4C:A:11-247	0	0	1	7	0	6	5	3	0	237
NCU01072T0_74-302_1JDI:A:	5	7	1	8	0	25	7	13	0	223
NCU01074T0_32-71_1T2K:C:	0	0	0	1	0	1	0	0	0	61
NCU01081T0_10-72_2OVR:B:2263-2364	0	0	0	6	0	9	7	5	0	102
NCU01086T0_38-509_1TQN:A:	5	9	7	18	0	43	20	30	0	472
NCU01087T0_134-227_2CPI:A:101-189	0	5	0	2	0	8	7	4	0	89
NCU01090T0_142-219,271-344,427-511_1UOH:A:	0	0	1	14	0	27	7	20	0	223
NCU01091T0_79-251,419-434_1AWC:B:	0	0	0	10	0	18	2	16	0	153
NCU01092T0_40-313_1GEG:A:	4	7	4	9	0	21	11	15	0	255
NCU01093T0_10-80,117-224_1XM7:A:	4	9	1	6	0	24	16	14	0	194
NCU01094T0_115-343_1W1O:A:40-245	2	10	2	6	0	23	19	14	0	206
NCU01095T0_69-268,335-507,554-578_1PV7:A:	0	0	2	22	0	18	12	14	0	417
NCU01099T0_22-172,224-255_1X3S:A:2-178	0	6	2	6	0	18	11	14	0	177
NCU01100T0_229-315_1SS6:A:	0	4	1	2	0	12	10	7	0	101
NCU01100T0_302-418_1S3S:G:	2	5	1	3	0	15	10	7	0	118
NCU01100T0_3-43_1V92:A:	0	0	0	3	0	4	2	4	0	46
NCU01103T0_24-171_1G5C:A:	0	5	2	6	0	17	8	11	0	169
NCU01104T0_174-477_1WRB:A:164-401	2	8	2	8	0	26	18	9	0	238
NCU01104T0_122-197_1S2M:A:46-251	0	7	1	9	0	25	17	9	0	206
NCU01105T0_987-1086_1TH0:A:	0	7	6	7	0	16	6	15	0	226
NCU01105T0_562-668_1EUV:A:	1	7	4	7	0	15	10	15	0	220
NCU01106T0_87-403,511-567_1REO:A:3-319,A:433-486	3	16	7	15	0	35	20	23	1	371
NCU01106T0_389-522_1REO:A:320-432	0	7	2	3	0	14	6	6	0	113
NCU01107T0_21-276_1VL8:A:	2	7	6	9	0	25	10	14	0	251
NCU03610T0_16-179_2NVU:C:3-183	5	6	2	4	0	22	13	12	0	176
NCU03607T0_62-378_1V71:A:6-323	3	9	5	15	0	29	11	17	0	318
NCU03606T0_434-605_1L1O:C:	3	9	0	5	0	16	7	7	0	178
NCU03606T0_291-413_1FGU:A:299-426	1	7	1	2	0	17	6	5	0	128
NCU03606T0_1-118_1EWI:A:	2	5	1	2	0	14	11	4	0	114
NCU03606T0_174-286_1FGU:A:181-298	0	8	2	1	0	18	6	5	0	118
NCU03605T0_10-344_2FFI:A:10-280	6	7	4	11	0	35	13	20	0	271
NCU03602T0_139-419_2PLC:A:	5	13	4	8	0	26	18	17	0	274
NCU03600T0_13-99_1Z0N:A:77-163	0	10	1	0	0	14	6	6	0	87
NCU03596T0_105-284_1AUA:A:97-299	2	5	7	8	0	23	12	12	0	203
NCU03596T0_5-105_1AUA:A:4-96	0	0	1	5	0	8	5	8	0	93
NCU03426T0_500-664_1M3G:A:	0	6	0	5	0	15	12	8	0	145
NCU03426T0_284-484_1VHR:A:	2	5	1	8	0	14	9	10	0	178
NCU03425T0_20-541_1KL7:A:	5	14	3	20	0	57	37	25	0	511
NCU10483T0_69-105,198-235,350-402,438-549_1WY7:A:4-204	0	7	3	6	0	16	10	11	0	201
NCU03423T0_38-121_1DGU:A:	0	2	0	9	0	20	16	8	0	183
NCU03416T0_714-772_1ITY:A:	0	0	0	3	0	8	5	2	0	67
NCU03415T0_10-492_1CW3:A:	10	20	4	15	0	54	32	26	0	494
NCU03409T0_12-245_1SU1:A:	4	11	1	3	0	23	10	12	0	184
NCU03406T1_11-103_1HV2:A:	0	3	0	4	0	8	5	5	0	99
NCU01177T0_12-320_1VL0:A:	5	12	1	11	0	29	19	11	0	291
NCU01180T0_114-273,416-573_2AYN:A:100-482	11	15	4	9	0	36	15	14	0	383
NCU01181T0_13-271_3MDD:A:11-241	4	7	4	7	0	18	10	14	0	231
NCU01181T0_256-412_2D29:A:235-387	1	2	3	5	0	4	4	6	0	153
NCU01183T0_66-308_1UDX:A:157-336	0	7	2	6	0	22	13	8	0	180
NCU01183T0_289-368_1WXQ:A:320-395	1	4	0	2	0	9	4	5	0	76
NCU01184T0_175-262_1X4G:A:8-103	0	6	0	3	0	12	8	3	0	96
NCU01184T0_126-147_2CQE:A:429-457	2	0	0	0	0	6	6	2	0	29
NCU01192T0_562-969_1TGO:A:348-773	5	12	5	13	0	44	20	26	0	426
NCU01192T0_105-542_1WNS:A:1-347	2	17	1	10	0	31	20	21	0	347
NCU01193T0_120-441,621-690_1B4V:A:9-318,A:451-506	12	10	6	11	0	45	30	25	1	366
NCU01193T0_989-1336_1J1I:A:	2	8	1	11	0	24	18	11	0	268
NCU08848T0_28-65_1D66:A:8-48	0	0	0	2	0	4	1	2	0	41
NCU08848T0_113-168_1PYI:A:30-71	0	2	0	2	0	6	1	3	0	42
NCU08856T0_94-349_2HUO:A:28-285	2	2	5	10	0	30	17	17	0	258
NCU08858T0_76-275,308-527_1PV7:A:	0	0	2	22	0	18	12	14	0	417
NCU08861T0_61-139_2GYC:U:1-84	2	0	0	0	0	13	12	0	0	84
NCU08874T0_44-188,219-239_2J3W:B:21-188	0	5	1	6	0	11	10	7	0	168
NCU03428T0_1-99_1N02:A:	0	10	1	0	0	7	6	9	0	101
NCU03428T0_105-206_3EZM:A:	0	10	3	0	0	8	4	9	0	101
NCU01196T0_52-196_2IB0:A:17-158	0	0	1	4	0	7	6	1	0	142
NCU01209T0_4-47_1CLD:A:	0	0	0	2	0	4	2	1	0	33
NCU01210T0_284-793_1K0G:A:	7	23	3	9	0	44	27	24	0	453
NCU01210T0_15-230_1QDL:B:	1	9	0	6	0	17	14	12	0	195
NCU01215T0_100-225_2F0X:A:3-138	3	6	2	2	0	13	5	6	0	136
NCU06655T0_12-243_4LIP:D:	4	11	2	11	0	29	17	24	0	319
NCU06654T0_222-437_1ORN:A:	0	0	4	12	0	19	14	11	0	225
NCU06652T0_4-187_1M6H:A:1-162,A:339-373	4	11	2	4	0	25	15	14	1	197
NCU06652T0_168-344_1M6H:A:163-338	2	7	4	8	0	23	12	12	0	176
NCU06652T0_328-377_1M6H:A:1-162,A:339-373	4	11	2	4	0	25	15	14	1	197
NCU06651T0_6-66_1WFE:A:	0	4	2	0	0	15	9	4	0	85
NCU06650T0_33-151_1FAZ:A:	0	0	1	5	0	7	2	9	0	122
NCU06648T0_701-761,802-848_1V89:A:	0	7	0	1	0	15	12	2	0	117
NCU06648T0_13-86_1ZUU:A:2-57	3	5	1	0	0	9	3	3	0	55
NCU06648T0_213-289_1KW4:A:	0	0	2	5	0	7	1	4	0	70
NCU06644T0_1237-1383_1K5D:B:	1	6	0	1	0	17	11	3	0	146
NCU06643T0_6-120_1IKT:A:	0	5	0	4	0	7	8	5	0	115
NCU01143T0_611-818,863-1192_1JR6:A:	3	10	0	3	0	22	12	7	0	138
NCU01143T0_431-545_1UKX:A:	0	4	0	3	0	12	9	4	0	136
NCU01143T0_308-358_1VEK:A:	0	0	0	3	0	10	7	4	0	83
NCU01143T0_88-131_1X47:A:8-92	0	3	0	2	0	9	6	3	0	85
NCU01149T0_35-255_1XE7:A:	4	13	3	4	0	25	10	8	0	202
NCU01150T0_12-126_1DCQ:A:247-368	2	3	1	5	0	15	8	9	0	122
NCU01150T0_209-246_2BWB:A:328-371	0	0	0	4	0	4	0	3	0	46
NCU01162T0_56-309_1GHS:A:	3	12	6	10	0	35	17	17	0	306
NCU10360T0_36-71,115-198,278-338_2FLU:X:325-609	14	28	0	0	0	37	15	14	0	285
NCU01170T0_135-402,465-549_1PG4:A:	11	30	5	21	0	71	40	44	0	643
NCU01171T0_36-288_1LTL:A:	2	10	4	5	0	24	9	12	0	239
NCU01171T0_332-640_1OFH:A:	0	9	5	14	0	31	16	15	0	309
NCU00410T0_7-141_1DT9:A:5-142	0	4	1	4	0	16	5	7	0	138
NCU00410T0_277-421_1DT9:A:277-422	3	4	0	4	0	12	10	4	0	146
NCU00410T0_143-275_1DT9:A:143-276	0	5	0	4	0	15	13	7	0	134
NCU06512T0_438-759_4L5Z:A:404-767	8	9	2	12	0	41	23	19	0	364
NCU06512T0_4-55,105-396_4L61:A:1-403	3	12	8	15	0	49	17	22	0	403
NCU01414T0_117-231_1L3G:A:	0	6	0	5	0	9	6	8	0	123
NCU04256T0_109-355_1OXJ:A:656-763	0	0	3	5	0	10	3	7	0	108
NCU03694T0_47-117_1WGD:A:	0	5	0	2	0	13	8	4	0	92
NCU03692T0_63-320_1HNN:A:	3	9	3	9	0	26	17	15	0	261
NCU04272T0_433-491_2FC7:A:8-76	0	5	1	0	0	12	12	2	0	69
NCU04272T0_489-559_2FC7:A:8-76	0	5	1	0	0	12	12	2	0	69
NCU04272T0_220-281_1TOT:A:1-52	1	5	0	1	0	8	5	1	0	52
NCU04272T0_367-416_1TOT:A:1-52	1	5	0	1	0	8	5	1	0	52
NCU05454T0_78-193,224-318_1OJT:A:117-275,A:401-470	1	8	4	5	0	15	9	12	1	229
NCU05454T0_322-417_1NG4:A:219-306	0	6	1	1	0	9	5	4	0	88
NCU04171T0_167-350_2GYC:D:2-178	2	0	1	0	0	21	22	12	0	177
NCU04174T0_6-69_1RQ0:A:	0	11	3	9	0	23	14	13	0	333
NCU01521T0_65-106,144-290_1G2I:A:	2	11	4	6	0	20	6	10	0	166
NCU09611T0_8-322_2PUL:A:5-396	1	10	6	14	0	29	12	21	0	392
NCU01568T0_8-313_1OKC:A:	0	0	6	11	0	19	10	9	0	292
NCU01571T0_21-79,144-413_1DCE:A:1-241,A:351-443	1	0	2	15	0	30	15	12	1	334
NCU01596T0_316-398_1UFM:A:	0	3	0	3	0	8	7	3	0	83
NCU01615T0_54-97,156-353,384-516,550-837,891-910_1Y6I:A:1-82	0	0	0	5	0	8	5	4	0	82
NCU01629T0_288-339_2CSH:A:8-60	0	4	0	2	0	6	6	3	0	53
NCU01629T0_247-283_1UBD:C:351-380	0	2	0	1	0	5	2	1	0	30
NCU01705T0_77-160,214-299_2GH1:A:13-293	0	10	2	12	0	27	11	18	0	281
NCU08722T0_40-140_3EZM:A:	0	10	3	0	0	8	4	9	0	101
NCU03898T0_33-155_1U5T:C:2-125	0	3	2	2	0	13	9	5	0	124
NCU03898T0_150-224_1U5T:C:126-199	0	3	0	3	0	11	6	4	0	74
NCU11935T0_71-131_1NEX:B:270-369	0	0	0	7	0	9	5	6	0	100
NCU01348T0_48-380_1GQ6:A:	7	8	6	9	0	33	21	11	0	301
NCU03766T0_5-75_2FWK:A:24-115	2	8	1	1	0	10	4	4	0	92
NCU03766T1_5-75_2FWK:A:24-115	2	8	1	1	0	10	4	4	0	92
NCU03769T0_12-209,245-289_2E50:A:1-222	2	4	2	7	0	15	9	7	0	222
NCU01371T0_51-188_2HSZ:A:1-224	1	8	4	8	0	23	14	13	0	224
NCU07767T0_208-434_1IQP:A:2-232	0	7	4	13	0	20	11	14	0	231
NCU07767T0_745-893_2HR2:A:2-157	0	0	0	7	0	10	4	8	0	156
NCU09345T0_5-243_1US5:A:	3	10	2	12	0	29	18	20	0	298
NCU09345T1_5-243_1US5:A:	3	10	2	12	0	29	18	20	0	298
NCU09345T2_5-243_1US5:A:	3	10	2	12	0	29	18	20	0	298
NCU09230T0_23-400_1N8P:A:	5	12	2	13	0	43	33	20	0	393
NCU07987T0_56-416_1IBJ:A:	3	12	2	12	0	48	29	25	0	380
NCU02247T0_837-1035,1067-1115,1145-1236_6MHT:A:	6	11	8	8	0	39	19	21	0	327
NCU02178T0_40-61,99-141_1P27:B:	5	5	1	2	0	10	6	4	0	92
NCU00340T0_589-643_1SP2:A:	2	0	0	1	0	5	3	2	0	31
NCU02393T0_13-317_1PME:A:	3	10	7	11	0	38	19	18	0	345
NCU02393T1_13-317_1PME:A:	3	10	7	11	0	38	19	18	0	345
NCU06549T0_11-169,201-239_1R9G:A:	0	12	2	5	0	22	16	11	0	196
NCU06554T0_14-243_2FEA:A:2-227	4	7	3	11	0	24	11	14	0	226
NCU06559T0_204-336_3CUM:A:163-296	2	0	2	6	0	8	7	11	0	134
NCU06559T0_28-203_3CUM:A:1-162	0	9	0	8	0	19	11	8	0	162
NCU04264T0_547-896_1F52:A:101-468	4	12	5	10	0	37	24	21	0	368
NCU04264T0_190-417_1XWY:A:1-260	0	8	7	9	0	24	12	14	0	260
NCU04265T0_226-538_1UYP:A:1-294	3	21	2	0	0	24	19	15	0	294
NCU04265T0_557-692_1Y4W:A:373-536	2	13	1	0	0	18	11	11	0	164
NCU04268T0_99-201_1XVW:A:1-153	2	9	2	4	0	17	9	13	0	153
NCU04269T0_92-431_1IZD:A:	4	26	3	6	0	35	15	22	0	323
NCU04273T0_161-348_2CQD:A:1-103	0	6	0	2	0	12	11	4	0	103
NCU04166T0_173-253,315-409_1PUJ:A:	2	6	3	10	0	26	16	16	0	273
NCU04168T0_116-175,218-459_1UPS:A:19-284	7	16	2	1	0	36	22	17	0	266
NCU04176T0_26-250,292-451_1VYH:C:92-408	0	28	1	0	0	39	25	14	0	317
NCU04176T0_305-465,611-775,809-859,893-912_1PGU:A:2-326	3	28	2	0	0	35	19	22	0	325
NCU03777T0_71-246,327-395_1UIY:A:	1	9	3	12	0	25	13	10	0	253
NCU03779T0_14-381_1UN8:A:1-335	9	12	3	8	0	38	23	19	0	335
NCU03779T0_406-619_1UN8:A:336-550	2	1	1	9	0	15	8	9	0	215
NCU03781T0_8-198_1NIJ:A:2-223	0	9	2	7	0	28	21	11	0	222
NCU03782T0_1-110_1I50:K:	0	4	1	2	0	12	7	9	0	114
NCU03788T0_27-327_2BHT:A:2-293	0	10	5	9	0	34	20	16	0	292
NCU03788T0_386-490_1GMX:A:	0	7	1	5	0	15	6	5	0	108
NCU03795T0_7-271_1WDT:A:8-274	2	11	3	9	0	22	15	13	0	267
NCU01347T0_14-88_1AW9:A:2-82	0	4	1	2	0	10	7	7	0	81
NCU01347T0_179-257_1GWC:A:87-224	2	0	0	8	0	10	8	7	0	138
NCU11982T0_105-149,182-327_1JHJ:A:	4	11	3	3	0	17	12	7	0	161
NCU03617T0_14-252_1QQ5:A:	3	6	5	11	0	21	13	14	0	245
NCU03622T0_828-1004_1N4C:A:	0	0	4	5	0	19	16	8	0	181
NCU03622T0_709-775,802-835_2C2L:A:24-224	0	0	1	10	0	12	7	11	0	201
NCU03622T0_345-411_1WJI:A:	0	0	0	3	0	8	6	2	0	62
NCU03623T0_5-163_2UCZ:A:	2	4	2	4	0	18	13	11	0	164
NCU03625T0_8-115_1D3B:A:	0	5	1	1	0	8	3	4	0	72
NCU03628T0_366-732_1VYH:C:92-408	0	28	1	0	0	39	25	14	0	317
NCU03628T0_105-171,199-313,537-630_1VYH:C:92-408	0	28	1	0	0	39	25	14	0	317
NCU03631T0_15-103,130-185_1JKG:A:	0	6	1	2	0	10	6	5	0	139
NCU03633T0_78-302_1KVK:A:1-225	0	8	2	6	0	18	15	9	0	225
NCU03633T0_315-480_1KVK:A:226-394	0	5	0	6	0	14	6	6	0	169
NCU03639T0_30-286_1TIB:A:	7	10	6	6	0	30	21	17	0	269
NCU03645T0_723-757_1V5R:A:7-91	0	5	0	3	0	5	3	6	0	84
NCU04121T0_19-599_1GW5:A:	0	2	4	33	0	46	32	22	0	620
NCU04121T0_675-699,735-839_1P4U:A:	7	8	2	0	0	19	6	9	0	145
NCU04130T0_16-601_2NLZ:A:3-539	7	21	3	19	0	59	29	32	0	537
NCU04137T0_174-289_1XTE:A:	0	3	2	4	0	9	3	6	0	116
NCU04137T0_321-543_2EFK:A:10-288	0	0	1	6	0	5	3	5	0	279
NCU04142T0_268-523_1USU:A:	0	11	3	8	0	26	12	15	0	256
NCU04142T0_4-212_1BYQ:A:	0	8	3	5	0	23	13	12	0	213
NCU04142T0_545-668_1SF8:A:	0	3	1	5	0	9	8	3	0	125
NCU04143T0_420-690_1O6L:A:	6	9	5	10	0	39	20	21	0	337
NCU04145T0_7-71_1XBL:A:	0	0	0	3	0	7	3	6	0	75
NCU04149T0_125-228,436-530_1XZP:A:118-211,A:372-450	0	0	0	8	0	10	7	7	1	173
NCU04149T0_75-156,196-377_1RFL:A:	0	4	1	5	0	22	18	7	0	171
NCU04155T0_90-210_2NN6:I:61-185	3	8	2	0	0	18	8	6	0	125
NCU04155T0_10-50_2NN6:I:6-60	4	3	0	0	0	12	5	4	0	55
NCU03748T0_126-392_1FF9:A:125-391	7	8	2	9	0	27	16	18	0	267
NCU03748T0_5-181_1E5Q:A:2-124,A:392-450	1	8	1	8	0	21	8	10	1	182
NCU03754T0_1673-1835_1OTC:A:37-204	2	10	2	2	0	22	16	7	0	168
NCU03755T0_11-267_2GVC:A:3-180,A:288-444	5	14	3	8	0	38	25	20	1	335
NCU03755T0_281-441_2GVC:A:3-180,A:288-444	5	14	3	8	0	38	25	20	1	335
NCU03760T0_11-206_1YR0:A:4-166	0	7	2	4	0	10	4	9	0	163
NCU03761T0_16-358_1PWH:A:	3	10	2	13	0	37	25	18	0	327
NCU03767T0_324-442,630-717_1IXZ:A:	2	5	3	11	0	25	13	15	0	247
NCU03768T1_14-57,90-388_2OCD:A:2-337	4	17	4	9	0	39	20	21	0	336
NCU03768T1_413-508_1IKN:D:	0	0	3	10	0	26	9	18	0	221
NCU03768T2_14-57,90-388_2OCD:A:2-337	4	17	4	9	0	39	20	21	0	336
NCU03768T2_413-508_1IKN:D:	0	0	3	10	0	26	9	18	0	221
NCU03770T0_41-346_1NC5:A:	11	6	5	13	0	40	21	26	0	363
NCU01699T0_170-289_1AG6:A:	2	8	2	1	0	20	7	6	0	99
NCU01703T0_132-333_1VP5:A:	3	10	4	11	0	36	16	14	0	284
NCU01238T0_514-779_3BB6:A:1-109	4	8	1	1	0	14	8	7	0	109
NCU01238T0_142-266_1RYU:A:	0	0	2	4	0	12	11	7	0	120
NCU01238T0_1325-1389_1WEP:A:	3	2	0	2	0	13	9	5	0	78
NCU01238T0_446-502_1MM2:A:	2	0	0	0	0	14	8	4	0	60
NCU01241T0_349-628_1OKC:A:	0	0	6	11	0	19	10	9	0	292
NCU01241T0_62-240_1MXE:A:	0	4	0	8	0	14	5	6	0	144
NCU01242T0_378-513_2CCH:B:181-308	0	0	1	6	0	9	3	5	0	128
NCU01242T0_515-629_1VIN:A:309-432	0	0	4	7	0	10	8	4	0	123
NCU01249T0_6-511_1WA5:B:	0	0	5	29	0	38	22	22	0	506
NCU01252T0_577-619_2FV6:A:503-544	0	0	0	2	0	8	7	1	0	42
NCU01252T0_27-119,441-565_1XM9:A:244-700	0	0	2	27	0	26	20	30	0	457
NCU03708T0_125-276_1G6Q:1:	7	15	2	8	0	32	15	22	0	328
NCU03717T0_13-228_1IPC:A:	0	8	4	4	0	18	9	15	0	191
NCU03719T0_219-275_1WIM:A:	2	4	1	3	0	13	8	2	0	93
NCU03719T0_418-479_1WD2:A:	0	0	2	0	0	10	10	2	0	59
NCU03719T0_118-184_1Y6L:A:	3	4	1	4	0	17	8	10	0	148
NCU03732T0_2-107_1HDJ:A:	0	0	1	4	0	9	2	7	0	76
NCU03732T0_280-366_1C3G:A:260-349	4	6	0	2	0	16	7	6	0	90
NCU03732T0_200-278_1C3G:A:180-259	2	5	0	1	0	11	4	4	0	80
NCU03733T0_58-240,269-334_1JOF:A:	3	28	1	0	0	39	21	26	0	365
NCU03737T0_41-256_1D2E:A:55-250	1	8	1	7	0	19	13	10	0	196
NCU03737T0_336-436_1EFC:A:297-393	2	6	1	0	0	13	3	6	0	97
NCU03737T0_243-341_1EXM:A:213-312	1	10	0	0	0	12	7	9	0	100
NCU03741T0_218-384,450-608_1U0T:A:	0	20	3	5	0	30	14	14	0	302
NCU07793T0_75-114,199-401,440-459_1OKC:A:	0	0	6	11	0	19	10	9	0	292
NCU07788T0_5-46_1CLD:A:	0	0	0	2	0	4	2	1	0	33
NCU07787T0_8-135_1BW3:A:	0	5	2	4	0	16	12	8	0	125
NCU07784T0_394-578_1AF7:A:92-284	0	10	3	6	0	20	12	12	0	193
NCU07782T0_114-247_2FUJ:A:5-122	2	5	1	1	0	12	7	3	0	118
NCU07775T0_207-273_1BH9:B:	0	0	0	4	0	6	2	2	0	89
NCU07773T0_23-188_1E2F:A:	0	7	2	9	0	17	15	16	0	210
NCU07768T0_25-70,111-327_1YB1:A:	0	7	1	10	0	18	5	15	0	244
NCU03967T0_70-181_1G28:A:	1	5	1	3	0	14	5	6	0	104
NCU05383T0_143-188_1CLD:A:	0	0	0	2	0	4	2	1	0	33
NCU05383T0_219-261_1CLD:A:	0	0	0	2	0	4	2	1	0	33
NCU03704T0_1-240_1XD3:A:	5	6	1	8	0	24	9	15	0	229
NCU03697T0_176-442_1AMO:A:243-518	5	10	2	8	0	39	20	12	0	276
NCU03697T0_477-622_1AMO:A:519-678	0	5	1	6	0	9	6	11	0	160
NCU03693T0_16-273_1EDO:A:	2	7	2	10	0	24	12	13	0	244
NCU03690T0_1-921_1QBK:B:	0	0	17	47	0	50	54	64	0	888
NCU03646T0_59-351_1IYN:A:	4	2	4	11	0	30	24	16	0	275
NCU03649T0_297-586_1PGV:A:	2	5	0	7	0	21	9	7	0	167
NCU03650T0_610-667,898-1077_1Z5Z:A:663-906	0	6	1	10	0	26	11	15	0	244
NCU03650T0_463-669,701-741_1Z63:A:432-661	0	7	2	11	0	24	16	18	0	230
NCU03650T0_823-883_1RMD:A:1-86	6	2	3	3	0	14	6	6	0	86
NCU03657T0_276-506,536-817_2JG0:A:37-547	13	16	6	19	0	52	31	30	0	511
NCU03658T0_45-102_2OVR:B:2263-2364	0	0	0	6	0	9	7	5	0	102
NCU03659T0_58-358_1UA2:A:	1	8	3	9	0	30	19	17	0	299
NCU03662T0_9-229_1A77:A:2-208	4	7	3	6	0	25	18	11	0	207
NCU01562T0_19-316_1GY9:A:	6	15	2	7	0	34	19	14	0	279
NCU01561T0_462-592_1BUO:A:	0	3	1	6	0	11	5	4	0	121
NCU01554T0_19-162,189-333_3BB6:A:1-109	4	8	1	1	0	14	8	7	0	109
NCU05387T0_6-84,127-302_1J31:A:	1	16	2	7	0	32	15	15	0	262
NCU05387T0_400-465_1ERZ:A:	4	14	6	8	0	36	16	16	0	303
NCU05389T0_862-1089_1TH0:A:	0	7	6	7	0	16	6	15	0	226
NCU05390T0_32-302_1OKC:A:	0	0	6	11	0	19	10	9	0	292
NCU04192T0_57-143,290-524_1Y7E:A:4-100,A:234-458	6	15	2	8	0	35	14	14	1	322
NCU04192T0_145-290_1Y7E:A:101-233	2	6	1	1	0	13	6	5	0	133
NCU04187T0_529-795_1H6K:A:481-790	0	0	2	14	0	13	10	18	0	296
NCU04187T0_337-524_1H6K:A:291-480	1	0	4	8	0	15	11	11	0	190
NCU04187T0_43-304_1H6K:A:291-480	1	0	4	8	0	15	11	11	0	190
NCU04185T0_34-333_1H8F:A:	1	11	7	11	0	40	25	18	0	352
NCU04182T0_11-181_1X5U:A:7-99	4	4	0	2	0	14	8	4	0	92
NCU04180T0_11-113,142-339_1OKC:A:	0	0	6	11	0	19	10	9	0	292
NCU04277T0_215-343_1FWK:A:168-300	1	6	1	6	0	13	8	6	0	133
NCU04277T0_9-169_1FWK:A:5-167	1	6	0	4	0	14	8	8	0	163
NCU04280T0_51-572_1ACO:A:2-528	11	21	6	16	0	60	33	33	0	527
NCU04280T0_576-807_1ACO:A:529-754	9	9	4	7	0	28	12	16	0	226
NCU04289T0_21-150_1COZ:A:	1	5	2	5	0	12	6	10	0	126
NCU04289T0_243-369_1F9A:A:	0	5	2	7	0	18	11	8	0	164
NCU04292T0_56-410_1EKF:A:	6	19	3	7	0	43	24	20	0	365
NCU03823T0_437-486,527-658_1S9I:A:	1	7	3	12	0	30	21	11	0	334
NCU11636T0_36-106_1IYM:A:	0	2	0	1	0	11	6	4	0	54
NCU03818T0_191-280,552-652,1115-1322_1SU4:A:1-124,A:240-343,A:751-994	1	1	8	18	0	32	20	22	2	472
NCU03818T0_922-1113_2B8E:A:416-434,A:548-663	2	6	0	6	1	16	9	5	1	135
NCU03818T0_664-697,734-942_1U7Q:A:	0	6	0	5	0	9	3	9	0	136
NCU03818T0_347-379_1SU4:A:125-239	2	9	3	0	0	21	10	7	0	115
NCU03817T0_242-278,312-388_1F37:A:	0	5	3	2	0	14	6	7	0	109
NCU03816T0_34-290_1T43:A:	2	9	3	11	0	29	18	14	0	274
NCU11634T0_142-188,215-277_1UMK:A:30-153	4	7	0	1	0	16	7	9	0	124
NCU11634T0_301-381_1UMK:A:154-300	0	8	4	5	0	15	10	8	0	147
NCU03808T0_408-656,721-943_1G6O:A:	2	13	3	9	0	31	22	19	0	323
NCU03803T0_27-291_1VL8:A:	2	7	6	9	0	25	10	14	0	251
NCU11677T0_37-267_1A3G:A:	5	16	3	7	0	37	19	17	0	305
NCU04244T0_73-288_1FIO:A:	0	0	0	6	0	7	2	5	0	196
NCU04243T0_83-269_2CXH:A:13-192	2	9	0	4	0	15	9	8	0	180
NCU04238T0_36-88_1A17:A:	0	0	0	7	0	11	3	7	0	159
NCU01374T0_64-309_1TWD:A:	5	10	2	8	0	27	13	11	0	247
NCU01376T0_139-557,597-656_1ED8:A:	11	18	3	14	0	58	36	29	0	449
NCU01377T0_268-546_1ELR:A:	0	0	0	7	0	9	1	5	0	128
NCU01377T0_46-105,157-194,259-305_1ELW:A:	0	0	0	7	0	11	0	7	0	117
NCU01378T0_95-765_1PG4:A:	11	30	5	21	0	71	40	44	0	643
NCU01381T0_25-142_1VKB:A:	2	7	2	2	0	16	12	9	0	160
NCU01388T0_68-392_1S4N:A:	1	12	10	14	0	38	22	21	0	339
NCU01345T0_431-491_1T2K:D:	0	0	0	1	0	1	0	1	0	60
NCU01343T0_72-143_1PUZ:A:	0	0	0	5	0	9	5	3	0	82
NCU01341T0_1-55_2VRD:A:1-61	0	2	0	3	0	7	6	4	0	61
NCU01340T0_9-210_3B57:A:1-201	0	0	0	11	0	11	4	8	0	201
NCU01339T0_87-210,277-354_1M33:A:	4	7	4	8	0	26	17	18	0	256
NCU01337T0_2-241_1O5Z:A:2-293	2	11	4	9	0	24	12	14	0	293
NCU01337T0_254-403_2GC6:A:297-425	1	5	0	3	0	14	9	5	0	129
NCU01328T0_5-323_1TRK:A:3-337	2	7	3	13	0	32	17	26	0	335
NCU01328T0_339-534_1TRK:A:338-534	2	8	4	7	0	26	13	13	0	197
NCU01328T0_538-671_1TRK:A:535-680	0	5	1	6	0	20	14	10	0	146
NCU01321T0_381-600_1JMS:A:303-510	3	8	3	6	0	23	8	7	0	208
NCU01321T0_227-317_1BPY:A:10-91	0	0	0	5	0	7	4	2	0	82
NCU01321T0_321-379_1RZT:A:329-385	0	0	0	5	0	4	3	5	0	57
NCU01321T0_112-158_1JNX:X:1649-1757	4	4	0	5	0	15	7	4	0	109
NCU01320T0_8-145_2UUI:A:2-147	0	0	2	4	0	6	4	4	0	146
NCU01320T1_8-145_2UUI:A:2-147	0	0	2	4	0	6	4	4	0	146
NCU11208T0_509-570_1WD2:A:	0	0	2	0	0	10	10	2	0	59
NCU11208T0_365-446_1WIM:A:	2	4	1	3	0	13	8	2	0	93
NCU11208T0_438-504_2CT7:A:8-80	1	4	0	1	0	15	9	2	0	73
NCU02037T0_69-151_1FBV:A:356-434	2	2	0	2	0	11	6	5	0	79
NCU02034T0_337-541_2ABK:A:	0	0	3	10	0	19	15	10	0	211
NCU02032T0_58-335_1KS8:A:	12	3	3	18	0	47	26	25	0	432
NCU02031T0_59-492_1BU7:A:	0	12	10	16	0	39	22	21	0	455
NCU03512T0_95-281_1RI6:A:	1	28	2	0	0	36	19	23	0	342
NCU03515T0_16-276_1EGA:A:4-182	1	7	0	5	0	17	11	10	0	179
NCU03516T0_62-112_2ZJR:Z:2-59	3	2	0	1	0	11	4	5	0	58
NCU03517T0_9-337_1SQ9:A:	7	28	4	1	0	39	24	22	0	393
NCU06110T0_45-326_2GJC:A:16-326	2	13	2	9	0	30	16	17	0	311
NCU06110T1_45-326_2GJC:A:16-326	2	13	2	9	0	30	16	17	0	311
NCU06110T2_45-326_2GJC:A:16-326	2	13	2	9	0	30	16	17	0	311
NCU08701T0_709-830_1PUI:A:	2	7	3	5	0	15	9	7	0	188
NCU08701T0_517-624_2B5I:B:104-207	1	7	1	0	0	17	9	4	0	104
NCU08706T0_421-594_3BGE:A:251-434	0	0	3	7	0	11	5	7	0	184
NCU08706T0_176-415_1IQP:A:2-232	0	7	4	13	0	20	11	14	0	231
NCU08716T0_49-491_1TQN:A:	5	9	7	18	0	43	20	30	0	472
NCU08717T0_281-450_1FQV:A:146-431	8	13	3	8	0	55	21	24	0	286
NCU08717T0_9-48_1FQV:A:107-145	0	0	0	3	0	4	4	4	0	39
NCU08719T0_55-555_1M22:A:	4	13	4	17	0	45	21	40	0	490
NCU01498T0_20-365_1BLX:A:	4	7	7	8	0	33	18	18	0	305
NCU01659T0_947-1004_1R79:A:	4	3	0	1	0	15	6	2	0	83
NCU01652T0_4-423_2CTZ:A:1-421	7	12	6	18	0	48	21	31	0	421
NCU01651T0_221-358,404-442_1U0L:A:69-293	0	8	2	7	0	24	18	13	0	225
NCU01644T0_18-257,323-343,381-576,612-681_1XM9:A:244-700	0	0	2	27	0	26	20	30	0	457
NCU03523T0_111-212,414-572,604-642_1A06:A:	4	8	4	10	0	29	20	14	0	307
NCU03542T0_42-248_1UIY:A:	1	9	3	12	0	25	13	10	0	253
NCU03440T0_19-595_1GW5:A:	0	2	4	33	0	46	32	22	0	620
NCU03440T0_839-959_1QTS:A:825-938	0	6	2	3	0	8	6	5	0	114
NCU03440T0_709-838_1W80:A:694-824	1	8	1	2	0	13	6	5	0	131
NCU03438T0_15-134,171-205_1K8K:G:	0	0	3	6	0	13	9	8	0	143
NCU03436T0_18-81,149-376_2NYM:C:2-294	4	13	0	11	0	29	23	16	0	293
NCU05394T0_76-503_1PW4:A:	2	0	1	18	0	21	18	22	0	450
NCU02982T0_2-163_1AOX:A:	1	6	3	8	0	17	14	12	0	201
NCU11085T0_1-157_1H3Q:A:	0	5	1	3	0	15	6	8	0	140
NCU02979T0_242-282,332-878_2A3L:A:212-839	5	9	4	24	0	60	44	31	0	628
NCU02970T0_12-115_1FXK:A:	0	2	0	2	0	5	1	3	0	107
NCU02967T0_7-226_1IXV:A:	0	0	3	13	0	29	11	19	0	230
NCU02966T0_181-480_1VYH:C:92-408	0	28	1	0	0	39	25	14	0	317
NCU03013T0_54-189_1SRD:A:	3	10	1	0	0	25	16	8	0	154
NCU03011T0_70-492,521-546_1P3W:A:	8	12	2	12	0	39	22	27	0	391
NCU03010T0_12-432,461-648_1AMU:A:	4	26	5	15	0	55	36	34	0	514
NCU03010T0_754-1063_1Y1P:A:2-343	0	12	1	11	0	37	20	20	0	342
NCU03010T0_631-705_1DNY:A:	0	0	0	4	0	8	7	2	0	76
NCU03009T0_30-167_1HDJ:A:	0	0	1	4	0	9	2	7	0	76
NCU03004T0_52-233_1NI4:B:0-191	0	8	3	8	0	21	11	13	0	191
NCU03004T0_239-377_1NI4:B:192-329	0	6	1	5	0	16	10	7	0	138
NCU03001T0_16-86,133-173,206-252,280-318,350-404,435-473_1A12:A:	5	30	5	1	0	58	38	27	0	401
NCU11568T0_121-295_1O4U:A:104-273	0	7	2	6	0	15	10	10	0	170
NCU11568T0_13-120_1QAP:A:8-129	0	6	2	3	0	12	5	6	0	122
NCU02988T0_730-903_1VLM:A:	2	8	2	8	0	22	11	13	0	218
NCU06240T0_203-504_1FOT:A:	5	9	4	10	0	37	20	19	0	316
NCU01722T0_712-809_1CYG:A:492-574	1	9	0	0	0	14	7	3	0	83
NCU01722T0_886-966_1MYO:A:	0	0	1	6	1	12	7	10	0	118
NCU01720T0_179-354_1VFF:A:1-423	5	17	5	14	0	44	20	22	0	423
NCU01713T0_94-227_1LPL:A:	1	7	1	1	0	13	9	5	0	95
NCU01713T0_1-91_1V6E:A:	4	5	0	1	0	16	9	6	0	94
NCU01704T0_8-170_1YDW:A:6-133,A:305-360	0	7	2	7	0	18	5	9	1	184
NCU01704T0_147-340_1OFG:A:161-322	0	8	1	5	0	16	15	8	0	162
NCU01725T0_193-282,319-391_1WWR:A:1-151	2	5	1	5	0	16	8	11	0	151
NCU01728T1_553-598,634-795_1TIP:A:	2	6	3	7	0	22	8	11	0	191
NCU01728T1_275-315,383-551_1BIF:A:37-249	0	6	1	7	0	16	9	11	0	213
NCU01735T0_21-251_1H2S:A:	0	2	0	9	0	11	7	11	0	225
NCU01737T0_88-228,554-593,626-733,947-1030_1WA5:B:	0	0	5	29	0	38	22	22	0	506
NCU01737T0_391-510,555-594_1WA5:B:	0	0	5	29	0	38	22	22	0	506
NCU01744T0_522-1275_1LLW:A:439-1239	10	19	12	28	0	98	61	37	0	801
NCU01744T0_54-488_1LLW:A:1-422	8	16	9	13	0	46	26	21	0	422
NCU01744T0_1289-1556_1LLW:A:1240-1507	0	10	1	7	0	33	17	19	0	268
NCU01744T0_1754-2024_1H7W:A:184-287,A:441-532	6	7	3	6	0	23	15	12	1	196
NCU01744T0_1612-1766_1H7W:A:2-183	1	0	4	8	0	20	11	12	0	182
NCU01744T0_1964-2095_1H7W:A:184-287,A:441-532	6	7	3	6	0	23	15	12	1	196
NCU01747T0_816-914,988-1160_1O1Z:A:	1	11	4	10	0	22	17	11	0	233
NCU01747T0_358-588_1OT8:A:	2	0	0	13	0	26	3	23	0	209
NCU08485T0_50-358_2OVR:B:2365-2706	0	32	2	1	0	36	24	21	0	342
NCU08484T0_14-300_1P22:A:253-545	0	28	0	1	0	35	23	13	0	293
NCU08484T0_195-306,434-629_1ORV:A:39-508	12	36	3	4	0	53	35	31	0	470
NCU08475T0_75-136_1ML9:A:	5	15	6	5	0	45	22	13	0	284
NCU03929T0_31-77,106-378,419-693_1V25:A:	8	24	4	16	0	59	31	33	0	534
NCU03925T0_43-360_2R8B:A:44-246	2	9	2	5	0	21	16	11	0	203
NCU03922T0_176-272,308-452_1TVZ:A:168-388	0	10	4	6	0	22	9	13	0	221
NCU03922T0_7-173_1TVZ:A:2-167	0	7	2	6	0	20	9	10	0	166
NCU03914T0_482-888_1EQC:A:	4	8	10	10	0	47	30	30	0	394
NCU03913T0_91-294_2BFD:B:2-204	0	8	5	7	0	20	13	12	0	203
NCU03913T0_279-417_1DTW:B:205-342	1	5	0	5	0	15	9	7	0	138
NCU03906T0_238-328_1X3A:A:8-94	0	0	0	5	0	6	4	4	0	87
NCU03905T0_422-553_1SSE:A:,B:	0	4	1	4	0	16	11	4	1	121
NCU03905T0_147-206_1GD2:G:	0	0	0	1	0	3	1	0	0	69
NCU03903T0_101-426_1EVQ:A:	0	8	4	9	0	28	16	23	0	308
NCU03897T0_1014-1093_2CTE:A:8-88	1	2	0	3	0	10	3	4	0	81
NCU03897T0_209-293_2CTE:A:8-88	1	2	0	3	0	10	3	4	0	81
NCU03897T0_699-767_1VIG:A:	0	3	0	3	0	7	4	3	0	71
NCU03897T0_1181-1273_2CTE:A:8-88	1	2	0	3	0	10	3	4	0	81
NCU03897T0_861-967_2CTL:A:8-91	0	3	0	4	0	10	5	5	0	84
NCU03897T0_361-448_1KHM:A:	0	3	1	3	0	8	5	2	0	89
NCU03897T0_766-859_1VIG:A:	0	3	0	3	0	7	4	3	0	71
NCU03897T0_296-396_2CTJ:A:8-89	0	3	0	3	0	9	5	2	0	82
NCU05421T0_58-309_1X2G:A:1-246	3	11	2	8	0	28	9	16	0	246
NCU05433T0_3-149,189-232_1JBK:A:	0	6	2	10	0	18	8	13	0	194
NCU05453T0_390-457_1S7B:A:	0	0	0	4	0	10	7	3	0	109
NCU05459T0_758-1042_1OZ4:A:471-763	2	0	3	7	0	31	24	19	0	292
NCU01499T0_255-432,459-477_1BUP:A:4-188	0	12	1	6	0	18	7	13	0	185
NCU01499T0_57-243_1BUP:A:4-188	0	12	1	6	0	18	7	13	0	185
NCU01502T0_106-411_2OVR:B:2365-2706	0	32	2	1	0	36	24	21	0	342
NCU01504T0_58-165_1WEY:A:	0	6	1	2	0	11	9	7	0	103
NCU01510T0_483-618_1DQV:A:295-424	1	8	2	0	0	20	13	4	0	130
NCU01510T0_658-690,718-804_1RH8:A:	1	8	1	3	0	16	8	6	0	142
NCU01511T0_62-258_1HYQ:A:	0	8	2	11	0	23	12	9	0	232
NCU01512T0_102-229,279-395_1PYS:A:	5	10	3	7	0	28	12	12	0	266
NCU01512T0_407-517_1PYS:B:682-785	0	4	0	2	0	10	5	4	0	104
NCU01515T0_52-182_1I50:C:42-172	0	8	3	1	0	20	8	7	0	131
NCU01515T0_182-274_1I50:C:3-41,C:173-268	2	3	1	3	0	17	12	4	1	135
NCU09631T0_201-430_1XZW:A:120-424	5	15	5	5	0	40	26	21	0	305
NCU09621T0_76-394_2UZ9:A:76-388	0	10	3	14	0	26	16	19	0	313
NCU09613T0_191-427_1UOH:A:	0	0	1	14	0	27	7	20	0	223
NCU01575T0_190-261_1GL2:D:	0	0	0	1	0	2	0	0	0	64
NCU01581T0_141-218_1IK9:A:118-211	0	8	1	2	0	10	4	3	0	117
NCU11224T0_92-161_1MG8:A:	1	4	0	1	0	12	5	6	0	78
NCU01587T0_1-151_1CFY:A:	0	6	1	4	0	14	7	5	0	133
NCU01587T1_1-151_1CFY:A:	0	6	1	4	0	14	7	5	0	133
NCU01589T0_208-400_1KID:A:	4	9	4	5	0	22	10	5	0	193
NCU01589T0_26-251_1IOK:A:2-136,A:410-526	1	8	3	11	0	16	9	11	1	252
NCU01589T0_342-393,428-553_1IOK:A:2-136,A:410-526	1	8	3	11	0	16	9	11	1	252
NCU01595T0_38-353_1ERJ:A:	2	30	1	1	0	43	24	22	0	388
NCU01608T0_43-438_2HPA:A:	4	6	5	13	0	38	21	16	0	342
NCU01625T0_13-99,185-240_1SXJ:D:26-262	0	5	2	13	0	21	15	15	0	237
NCU09923T0_40-394_1EX1:A:1-388	3	11	8	15	1	39	19	29	0	388
NCU09923T0_395-626_1EX1:A:389-602	5	6	2	6	0	33	25	10	0	214
NCU09930T0_196-470_1TX2:A:	2	10	3	9	0	30	15	14	0	273
NCU09930T0_20-156_1CBK:A:	4	8	2	4	0	23	11	8	0	160
NCU09931T0_6-300,330-365_1VRD:A:1-85,A:213-457	5	15	2	11	0	35	20	14	1	330
NCU09933T0_36-159_2OAR:A:10-118	0	2	0	5	0	8	2	3	0	118
NCU05378T0_450-576_1E5S:A:	7	12	1	7	0	28	11	16	0	290
NCU05376T0_101-522_1TQN:A:	5	9	7	18	0	43	20	30	0	472
NCU05375T0_599-690,756-921,986-1022_1VYH:C:92-408	0	28	1	0	0	39	25	14	0	317
NCU05363T0_127-377_2CE7:A:150-402	2	5	6	9	0	24	12	16	0	253
NCU01695T0_4-155_1SZA:A:	0	0	2	8	0	12	7	6	0	143
NCU01695T0_438-571_1H2T:Z:	3	6	4	4	0	20	12	10	0	146
NCU01689T0_19-296_1OKC:A:	0	0	6	11	0	19	10	9	0	292
NCU01675T0_13-372,405-666,719-954_1GW5:B:	0	0	4	32	0	42	43	37	0	579
NCU01672T0_604-681_1G66:A:	4	6	4	6	0	27	14	15	0	207
NCU01666T0_93-166_2PC6:A:1-77	0	4	1	2	0	4	3	4	0	77
NCU01666T0_172-191,248-305_2FGC:A:105-187	0	5	2	2	0	8	4	1	0	83
NCU01751T0_469-672_3D31:A:1-229	0	10	1	9	0	26	15	14	0	229
NCU01757T0_51-217,422-587_1K2X:A:,B:	4	13	2	9	0	28	12	18	1	291
NCU01759T0_28-313_1IHI:A:	6	12	6	10	0	41	20	20	0	320
NCU01760T0_411-739_1M8Z:A:	0	2	4	27	0	17	16	26	0	339
NCU01762T0_61-211_1O0W:A:1-167	2	0	1	10	0	12	5	7	0	167
NCU01762T0_230-320_1QU6:A:1-90	2	3	0	2	0	10	10	2	0	85
NCU01763T0_5-103_1HB6:A:	0	0	1	4	0	9	3	3	0	86
NCU01771T0_105-317_1PZN:A:96-349	0	12	2	8	0	19	19	13	0	254
NCU01772T0_23-1149_1I50:B:	18	49	14	26	0	125	63	65	0	1207
NCU01353T0_102-171,206-334_1UPS:A:19-284	7	16	2	1	0	36	22	17	0	266
NCU01364T0_3-313_1W9Y:A:2-308	1	12	5	7	0	27	12	12	0	307
NCU01367T0_158-196,233-488_1ERJ:A:	2	30	1	1	0	43	24	22	0	388
NCU11259T0_1-41_1H1J:S:	0	0	1	2	0	4	3	1	0	44
NCU01111T0_10-450_2QGM:A:33-445	4	11	5	16	0	40	26	12	0	413
NCU01113T0_25-225_2JAV:A:3-271	1	8	3	9	0	24	12	13	0	269
NCU01114T0_25-240_1XTP:A:	2	11	3	9	0	24	16	15	0	253
NCU01116T0_55-201,265-331_1OMZ:A:	3	13	1	7	0	26	18	19	0	265
NCU01118T0_239-337_1RL1:A:	2	7	2	0	0	13	8	2	0	92
NCU01118T0_4-104_2HR2:A:2-157	0	0	0	7	0	10	4	8	0	156
NCU01121T0_49-151_1N11:A:	0	0	1	24	0	48	15	35	0	408
NCU01122T0_53-108_1U86:A:3-35	0	2	0	1	0	5	2	2	0	33
NCU01123T0_46-239_1W1O:A:40-245	2	10	2	6	0	23	19	14	0	206
NCU01132T0_22-224,252-469_1PV7:A:	0	0	2	22	0	18	12	14	0	417
NCU01138T0_19-333_1QYC:A:	1	13	4	12	0	30	15	23	0	307
NCU01127T0_2-131_1X6M:A:	1	11	5	3	0	24	13	10	0	195
NCU01218T0_167-380_1EYQ:A:	0	11	0	7	0	18	7	11	0	212
NCU01220T0_265-353_1M62:A:	0	0	0	3	0	5	4	3	0	86
NCU01220T0_94-156_1WX9:A:8-80	3	5	0	2	0	9	4	6	0	73
NCU01225T0_2-154_1FZY:A:	3	4	2	4	0	19	9	9	0	149
NCU01225T0_175-228_1TTE:A:161-215	0	0	0	3	0	7	6	2	0	55
NCU01229T0_112-373_1OLT:A:	1	19	6	15	0	46	26	24	0	441
NCU01229T0_370-558_1Y9W:A:1-140	0	7	3	3	0	13	3	7	0	140
NCU01230T0_52-305_1V04:A:	1	25	2	3	0	40	22	18	0	340
NCU01233T0_11-278_1VP5:A:	3	10	4	11	0	36	16	14	0	284
NCU01019T0_257-378_1WHR:A:	0	3	1	3	0	17	10	4	0	123
NCU01022T0_342-388,424-541_1FUK:A:	0	7	3	4	0	16	14	7	0	162
NCU04730T0_578-902_1YVU:A:315-706	2	20	1	9	0	32	17	11	0	311
NCU04730T0_240-292,324-454_1R4K:A:	3	8	1	3	0	25	13	6	0	168
NCU05046T0_26-138,286-377,801-1048_1SU4:A:1-124,A:240-343,A:751-994	1	1	8	18	0	32	20	22	2	472
NCU05046T0_382-401,588-859_1SU4:A:344-360,A:600-750	3	8	1	8	0	16	12	11	1	168
NCU05046T0_390-641_1MO7:A:	2	9	0	5	0	32	19	9	0	213
NCU05046T0_137-246_1SU4:A:125-239	2	9	3	0	0	21	10	7	0	115
NCU08147T0_78-189,334-425,832-1080_1SU4:A:1-124,A:240-343,A:751-994	1	1	8	18	0	32	20	22	2	472
NCU08147T0_430-449,611-891_1SU4:A:344-360,A:600-750	3	8	1	8	0	16	12	11	1	168
NCU08147T0_438-679_1SU4:A:361-599	0	13	3	7	0	21	11	13	0	239
NCU08147T0_189-300_1SU4:A:125-239	2	9	3	0	0	21	10	7	0	115
NCU03292T0_57-169,315-408,800-1011_1SU4:A:1-124,A:240-343,A:751-994	1	1	8	18	0	32	20	22	2	472
NCU03292T0_412-432,590-853_1SU4:A:344-360,A:600-750	3	8	1	8	0	16	12	11	1	168
NCU03292T0_423-648_1Q3I:A:	0	9	0	5	0	18	12	9	0	213
NCU03292T0_208-313_1SU4:A:125-239	2	9	3	0	0	21	10	7	0	115
NCU03305T0_4-124,238-340,739-981_1SU4:A:1-124,A:240-343,A:751-994	1	1	8	18	0	32	20	22	2	472
NCU03305T0_353-588_1SU4:A:361-599	0	13	3	7	0	21	11	13	0	239
NCU03305T0_576-738_1SU4:A:344-360,A:600-750	3	8	1	8	0	16	12	11	1	168
NCU03305T0_125-236_1SU4:A:125-239	2	9	3	0	0	21	10	7	0	115
NCU05154T0_136-239,361-469,872-1090_1SU4:A:1-124,A:240-343,A:751-994	1	1	8	18	0	32	20	22	2	472
NCU05154T0_473-493,663-929_1SU4:A:344-360,A:600-750	3	8	1	8	0	16	12	11	1	168
NCU05154T0_481-511,545-730_1SU4:A:361-599	0	13	3	7	0	21	11	13	0	239
NCU05154T0_239-357_1SU4:A:125-239	2	9	3	0	0	21	10	7	0	115
NCU01083T0_39-221,253-275,322-488_1JL0:A:	4	16	4	6	0	35	19	12	0	325
NCU01219T0_22-122_1KTE:A:	2	4	1	5	0	11	7	6	0	105
NCU01368T0_4-195_1RYP:K:	1	12	0	4	0	17	8	9	0	198
NCU01368T1_4-195_1RYP:K:	1	12	0	4	0	17	8	9	0	198
NCU07280T0_292-620_1O6L:A:	6	9	5	10	0	39	20	21	0	337
NCU08297T1_25-288_1XZP:A:212-371	1	6	1	6	0	15	10	10	0	160
NCU09731T0_1-150_1AYZ:A:	2	4	1	4	0	15	7	11	0	153
NCU02810T0_77-132,170-294_1S0U:A:34-229	2	7	0	5	0	19	13	10	0	195
NCU02810T0_290-404_1S0U:A:230-347	0	10	3	0	0	17	8	7	0	118
NCU02810T0_406-500_1S0U:A:348-437	0	6	0	0	0	8	3	5	0	90
NCU11350T0_336-700_1MOQ:A:	1	12	7	13	0	28	17	19	0	366
NCU11350T0_2-202,267-311_1XFF:A:	1	15	3	5	0	29	16	11	0	238
NCU00210T0_48-166_1H2T:Z:	3	6	4	4	0	20	12	10	0	146
NCU09111T0_186-486_1QKI:A:200-434,A:450-511	3	9	4	8	0	31	23	14	1	297
NCU09111T0_11-199_1QKI:A:12-199,A:435-449	2	6	3	8	0	21	14	8	1	203
NCU03314T0_24-243_1R3B:A:	2	0	2	7	0	15	12	7	0	201
NCU03304T0_5-204_1RYP:J:	1	12	1	4	0	19	10	8	0	204
NCU08553T0_72-129_1I50:I:50-122	0	4	1	0	0	12	2	6	0	73
NCU08553T0_21-67_1I50:I:1-49	2	4	0	0	0	7	4	1	0	49
NCU07830T0_23-148_2QAL:K:12-128	0	5	1	3	0	11	7	6	0	117
NCU01163T0_11-174_1F5M:A:	2	6	2	4	0	18	12	9	0	176
NCU01178T0_269-480_1TIP:A:	2	6	3	7	0	22	8	11	0	191
NCU01178T0_56-264_1K6M:A:39-251	0	6	1	7	0	18	12	12	0	213
NCU00567T0_52-332_2BTY:A:1-282	5	14	1	11	0	26	15	16	0	282
NCU00567T0_552-711_1VKN:A:1-144,A:308-339	3	6	2	7	0	19	10	11	1	176
NCU00567T0_689-843_2G17:A:154-308	2	7	3	3	0	18	10	12	0	155
NCU00879T0_8-333_1VYH:C:92-408	0	28	1	0	0	39	25	14	0	317
NCU08336T0_50-313,412-480_1NEK:A:1-235,A:356-450	7	17	3	8	0	41	22	15	1	330
NCU08336T0_504-648_1KF6:A:443-576	6	2	0	3	0	16	7	5	0	134
NCU08336T0_290-408_1NEK:A:236-355	2	4	1	5	0	14	7	9	0	120
NCU03786T0_202-579_2NPP:B:28-415	0	0	6	18	0	30	22	21	0	388
NCU11667T0_9-180_1X3S:A:2-178	0	6	2	6	0	18	11	14	0	177
NCU03980T0_30-160,421-542_1A6D:A:17-145,A:404-519	0	9	1	11	0	18	7	14	1	245
NCU03980T0_226-394_1Q3Q:A:217-369	3	9	2	3	0	18	15	4	0	153
NCU03980T0_168-232,387-422_1A6D:B:145-215,B:368-403	0	5	3	3	0	7	6	2	1	107
NCU05526T0_39-315_1NVM:A:2-290	10	8	3	11	0	35	15	21	0	289
NCU04837T0_7-288_1OKC:A:	0	0	6	11	0	19	10	9	0	292
NCU11369T0_23-302_1X04:A:26-225	0	0	0	6	0	4	2	6	0	200
NCU09320T0_10-259_1H3D:A:5-224	0	11	2	7	0	18	13	10	0	220
NCU09320T0_261-332_1NH8:A:211-284	0	4	2	2	0	6	3	3	0	74
NCU00018T0_493-784_1OZ4:A:471-763	2	0	3	7	0	31	24	19	0	292
NCU00018T0_220-477_1E32:A:201-458	3	5	4	12	0	28	13	14	0	258
NCU00018T0_127-218_1E32:A:107-200	5	5	1	2	0	13	7	9	0	94
NCU00018T0_41-125_1E32:A:21-106	0	6	0	2	0	14	4	9	0	86
NCU00018T1_493-784_1OZ4:A:471-763	2	0	3	7	0	31	24	19	0	292
NCU00018T1_220-477_1E32:A:201-458	3	5	4	12	0	28	13	14	0	258
NCU00018T1_127-218_1E32:A:107-200	5	5	1	2	0	13	7	9	0	94
NCU00018T1_41-125_1E32:A:21-106	0	6	0	2	0	14	4	9	0	86
NCU05796T0_20-183_1WC9:A:	0	4	2	5	0	14	7	9	0	161
NCU03358T0_1-342_1Y1P:A:2-343	0	12	1	11	0	37	20	20	0	342
NCU01786T0_74-102,189-402_1DKR:A:167-316	0	9	1	4	0	15	12	6	0	150
NCU01786T0_2-106_1DKR:A:8-166	1	7	1	4	0	20	10	6	0	159
NCU02542T1_229-487_1IG8:A:225-486	1	5	5	10	0	20	16	19	0	262
NCU02542T1_22-227_1IG8:A:18-224	2	8	1	5	0	24	11	10	0	207
NCU02639T0_179-406_1VL2:A:174-409	0	9	2	5	0	19	14	10	0	236
NCU02639T0_5-172_1VL2:A:2-169	2	5	1	8	0	15	6	10	0	168
NCU08888T0_364-519,548-607_1PYS:B:475-681	0	12	2	5	0	19	14	9	0	207
NCU08888T0_297-371_1PYS:B:400-474	0	3	1	3	0	9	3	4	0	75
NCU08888T0_98-269_1PYS:B:191-399	2	13	1	5	0	21	8	12	0	209
NCU08888T0_4-82_1PYS:B:1-38,B:152-190	0	3	1	3	0	8	2	5	1	77
NCU11544T1_8-293_1CKI:A:	5	10	3	10	0	30	14	16	0	299
NCU00673T0_116-461_2PWA:A:1-279	4	15	3	6	0	32	20	20	0	279
NCU00673T0_41-132_1SCJ:B:	0	5	0	2	0	8	4	3	0	71
NCU07382T0_3-95_1N9S:C:	0	6	2	0	0	6	4	4	0	74
NCU05234T0_13-177_1YZQ:A:14-177	0	6	2	6	0	16	11	9	0	164
NCU00114T0_112-210_1FJG:J:	2	6	0	2	0	14	6	3	0	98
NCU02404T0_38-148_1X4C:A:8-102	0	5	1	2	0	10	11	2	0	95
NCU02404T0_126-247_1P1T:A:	2	4	0	4	0	11	10	6	0	104
NCU02404T0_276-407_1NO8:A:	0	6	0	2	0	11	6	3	0	78
NCU00010T0_656-901_2HYD:A:324-578	2	10	5	9	0	25	21	16	0	255
NCU00010T0_328-651_2HYD:A:1-323	0	0	1	15	1	9	5	12	0	323
NCU00021T0_1059-1176_1W3B:A:	0	0	0	23	0	35	6	26	0	388
NCU00021T0_202-293_1SGO:A:	0	6	1	3	0	12	8	5	0	139
NCU00065T0_50-347_1VHN:A:	0	9	3	14	0	31	18	15	0	317
NCU00089T0_266-379,422-529_1MLV:A:50-310	4	6	3	8	0	32	19	16	0	261
NCU00121T0_178-228,257-284,342-746_1KPL:A:	5	0	5	18	0	23	12	15	0	430
NCU00121T0_780-915_2J9L:A:578-746	4	10	1	5	0	17	12	8	0	169
NCU00153T0_61-143,176-297_1LVL:A:151-265	2	8	0	3	0	15	7	8	0	115
NCU00153T0_242-475_1XHC:A:1-103,A:226-289	4	11	2	5	0	18	13	9	1	165
NCU00162T0_17-234_2A6Z:A:7-227	4	15	5	1	0	27	18	12	0	221
NCU00203T0_15-191,238-258,287-379_2NYR:A:36-302	3	11	4	10	0	27	13	16	0	267
NCU00226T0_41-157_1PV7:A:	0	0	2	22	0	18	12	14	0	417
NCU00226T0_217-489,539-591_1PV7:A:	0	0	2	22	0	18	12	14	0	417
NCU00243T0_3-117_1PA7:A:	0	0	2	5	0	10	6	7	0	130
NCU00243T0_166-233_1TXQ:B:192-255	0	0	0	2	0	4	2	2	0	64
NCU00272T0_648-952_2HYE:C:403-675	1	8	3	9	0	25	16	11	0	273
NCU00272T0_277-637_2HYE:C:55-401	0	0	1	19	0	15	13	23	0	347
NCU00272T0_952-1038_2HYE:C:676-759	1	2	0	3	0	6	4	3	0	84
NCU00290T0_44-292_3DHW:C:1-240	3	10	1	7	0	21	17	12	0	240
NCU00366T0_260-413_1PAQ:A:	0	0	2	8	0	9	4	8	0	161
NCU00366T0_3-101_1NEE:A:1-98	1	3	0	4	0	10	9	4	0	98
NCU00366T0_98-132_1NEE:A:99-135	0	2	0	1	0	6	5	3	0	37
NCU00376T0_67-247_1KSH:A:	0	6	4	5	0	17	8	14	0	165
NCU00388T0_408-518,609-713_1S70:B:	2	1	1	15	0	32	11	25	0	291
NCU00404T0_189-398_2CXH:A:13-192	2	9	0	4	0	15	9	8	0	180
NCU00445T0_99-152_2ALC:A:	0	0	0	4	0	11	7	5	0	65
NCU00483T0_257-287_1U6P:A:	2	0	1	0	0	10	6	3	0	56
NCU00512T0_452-555,586-750_1LDJ:A:411-686	3	7	3	9	0	24	12	13	0	276
NCU00512T0_800-869_1LDD:A:	0	3	1	3	0	7	3	3	0	74
NCU00622T0_192-455_2FLU:X:325-609	14	28	0	0	0	37	15	14	0	285
NCU00668T0_538-765_1KI1:B:1229-1438	0	0	2	10	0	7	5	12	0	210
NCU00668T0_379-462_1O7F:A:180-321	0	4	2	5	0	12	12	5	0	142
NCU00668T0_774-837,864-911_2DFK:A:240-401	1	9	2	3	0	14	9	8	0	162
NCU00671T0_2031-2323_1MI1:A:2249-2553	8	0	5	13	0	35	25	25	0	305
NCU00671T0_1864-1992_1MI1:A:2140-2248	0	7	1	3	0	12	6	8	0	109
NCU00671T0_2380-2658_1P22:A:253-545	0	28	0	1	0	35	23	13	0	293
NCU00671T0_369-578_1A8D:A:1-247	1	17	2	3	0	29	15	14	0	247
NCU11190T0_30-390,462-545_1PMM:A:	9	13	6	12	0	49	26	25	0	450
NCU00792T0_5-308,339-379_1EKF:A:	6	19	3	7	0	43	24	20	0	365
NCU00796T0_619-906,940-1042_2O3I:A:2-390	6	15	4	12	0	37	28	14	0	389
NCU00796T0_309-492_2GTD:A:122-248	1	5	1	3	0	8	9	4	0	127
NCU00803T1_82-490_1PV7:A:	0	0	2	22	0	18	12	14	0	417
NCU00829T0_471-570,613-654_1I7P:A:154-300	0	8	4	5	0	14	9	7	0	147
NCU00829T0_383-450_1UMK:A:30-153	4	7	0	1	0	16	7	9	0	124
NCU00880T0_3-328_1VYH:C:92-408	0	28	1	0	0	39	25	14	0	317
NCU00889T0_27-154,241-292_2BME:A:6-179	0	6	2	6	0	15	11	11	0	176
NCU01147T0_115-552_1JS3:A:	4	11	10	14	0	46	26	22	0	476
NCU01501T0_207-330_1Q7S:A:	1	4	1	4	0	8	3	3	0	117
NCU01525T0_71-456_3C10:A:515-900	8	10	9	12	0	47	19	25	0	386
NCU01573T0_319-392_1BU7:A:	0	12	10	16	0	39	22	21	0	455
NCU01573T0_116-200,257-391_1BU7:A:	0	12	10	16	0	39	22	21	0	455
NCU01696T0_1-142_1SZA:A:	0	0	2	8	0	12	7	6	0	143
NCU01748T0_13-53_2E45:A:1-50	0	3	0	0	0	8	4	6	0	50
NCU01767T0_225-482,539-585_1A6Q:A:2-296	3	15	2	7	0	26	16	16	0	295
NCU11462T0_70-480_2JBW:A:8-367	0	9	6	13	0	33	19	23	0	358
NCU01932T0_609-848_1MVH:A:	5	15	3	2	0	50	27	17	0	269
NCU01953T0_1658-1786_1OMW:A:550-668	0	7	1	1	0	10	6	6	0	119
NCU01961T0_25-102,135-319_1HD7:A:	6	12	5	7	0	32	18	10	0	275
NCU02090T0_52-220_1G2Q:A:	0	9	0	5	0	20	10	9	0	178
NCU02131T0_904-1131_1XCG:A:714-941	0	1	2	11	0	8	9	10	0	228
NCU02131T0_1134-1217,1281-1317_2COF:A:8-102	2	7	0	1	0	11	6	6	0	94
NCU02148T0_78-444_1K8Q:A:	4	11	6	16	0	43	24	25	0	377
NCU02156T0_9-123_2CRU:A:8-112	2	0	0	4	0	8	3	3	0	105
NCU02188T0_16-210,241-473_1PV7:A:	0	0	2	22	0	18	12	14	0	417
NCU02201T0_195-383_1KYA:A:131-300	6	11	3	0	0	24	17	11	0	170
NCU02201T0_389-586_1GW0:A:344-559	3	11	3	5	0	27	15	11	0	216
NCU02201T0_54-199_1GW0:A:1-162	5	10	2	0	0	20	10	14	0	162
NCU02310T0_395-622_1Z0A:A:2-170	0	6	1	6	0	17	7	13	0	169
NCU02369T0_50-379_1IA5:A:	2	28	4	1	0	45	32	12	0	339
NCU02405T0_1-109_1914:A:2001-2097	1	4	0	2	0	7	5	2	0	97
NCU11387T0_58-273_1FIO:A:	0	0	0	6	0	7	2	5	0	196
NCU02558T0_2-80_1N6J:A:	0	3	0	3	0	10	6	3	0	93
NCU02603T0_3-295_1W9Y:A:2-308	1	12	5	7	0	27	12	12	0	307
NCU02724T0_286-315,374-412_1AN4:A:	0	0	0	2	0	4	3	3	0	64
NCU02747T0_813-891_1R3D:A:	2	7	3	11	0	24	13	15	0	263
NCU02762T0_1206-1366,1407-1487_1LNQ:A:19-98	0	0	0	5	0	5	7	8	0	80
NCU02762T0_348-411,484-582,662-728_1ORQ:C:	0	0	0	9	0	12	9	11	0	223
NCU02762T0_772-997_1ORQ:C:	0	0	0	9	0	12	9	11	0	223
NCU02762T0_1540-1781_1XL4:A:23-138	0	1	0	4	0	11	8	6	0	116
NCU02794T0_554-596_1F8A:B:1-42	0	3	0	0	0	5	2	3	0	38
NCU02796T0_550-599_1WES:A:	0	2	0	0	0	16	13	4	0	70
NCU02920T0_7-268_1EDO:A:	2	7	2	10	0	24	12	13	0	244
NCU02946T0_101-355_1OKC:A:	0	0	6	11	0	19	10	9	0	292
NCU02997T0_69-166,214-308_2J13:A:1-235	2	11	2	8	0	24	9	9	0	235
NCU03049T0_30-237_1W4X:A:10-154,A:390-542	6	10	5	9	0	33	21	19	1	298
NCU03049T0_288-498_1W4X:A:10-154,A:390-542	6	10	5	9	0	33	21	19	1	298
NCU03061T0_371-539_1V43:A:7-245	1	10	2	8	0	20	13	15	0	239
NCU03061T0_83-293_1Q12:A:4-235	1	11	4	7	0	25	20	16	0	232
NCU03061T0_11-85_1DUR:A:	0	4	1	1	0	12	2	4	0	55
NCU03070T0_57-126_1DU6:A:	0	0	0	3	0	4	4	4	0	63
NCU03110T0_17-57_1CLD:A:	0	0	0	2	0	4	2	1	0	33
NCU03209T0_37-302,364-418_1D2K:A:36-292,A:355-427	3	9	7	12	0	40	28	19	1	330
NCU03209T0_294-355_1W9P:A:299-360	1	5	2	0	0	6	5	5	0	62
NCU03215T0_198-253,286-381_1UT9:A:306-816	20	7	6	14	0	63	35	29	0	511
NCU03234T0_1046-1127_1BBY:A:	3	0	0	3	0	11	3	2	0	69
NCU03242T0_235-403,476-563,618-697_1FOT:A:	5	9	4	10	0	37	20	19	0	316
NCU03402T0_181-655_1PV7:A:	0	0	2	22	0	18	12	14	0	417
NCU03740T0_868-939_1FBV:A:356-434	2	2	0	2	0	11	6	5	0	79
NCU03762T0_152-161_1V9D:A:	2	0	2	14	0	19	11	13	0	332
NCU03789T0_36-230,292-464,512-545_1PW4:A:	2	0	1	18	0	21	18	22	0	450
NCU03854T0_8-150_1JKE:A:	4	8	1	2	0	17	6	6	0	145
NCU03970T0_20-72,134-214_1N08:A:	0	6	4	2	0	19	9	8	0	154
NCU03986T0_13-185,216-1470_1I50:A:	24	46	14	45	0	162	93	81	0	1449
NCU04066T0_37-262,293-348,375-440,467-498_1CRU:A:	5	30	5	2	0	71	34	34	0	450
NCU04084T0_107-180,207-327_1W1O:A:40-245	2	10	2	6	0	23	19	14	0	206
NCU04101T0_486-669_1KB0:A:1-573	5	40	7	6	0	73	38	39	0	573
NCU04196T0_18-77,126-385,416-443_1O54:A:	0	15	4	7	0	32	13	15	0	276
NCU04254T0_1625-1646_2CQE:A:429-457	2	0	0	0	0	6	6	2	0	29
NCU04259T0_233-297,329-437_1CKI:A:	5	10	3	10	0	30	14	16	0	299
NCU04350T0_28-340,367-613_1LKX:A:	9	14	5	27	0	58	39	31	0	684
NCU04350T0_1092-1156,1227-1538_1I52:A:	0	11	5	6	0	24	13	15	0	225
NCU04350T0_810-879_1AXX:A:	1	5	1	4	0	11	7	6	0	94
NCU04350T0_1760-1816_1Q1V:A:	0	0	1	3	0	7	5	1	0	69
NCU04391T0_65-257,314-485,528-556_1PW4:A:	2	0	1	18	0	21	18	22	0	450
NCU04495T0_50-170_2I53:A:14-157	0	0	2	7	0	14	7	6	0	144
NCU04495T0_174-275_2I53:A:158-267	2	0	3	4	0	9	6	6	0	110
NCU04531T0_1231-1782_1AMU:A:	4	26	5	15	0	55	36	34	0	514
NCU04531T0_1001-1236_1Q9J:A:181-418	4	7	1	5	0	21	13	10	0	238
NCU04531T0_373-550_1L5A:A:1-174	1	6	2	5	0	15	9	11	0	174
NCU04531T0_2102-2340_1L5A:A:175-424	4	7	2	7	0	24	11	13	0	250
NCU04531T0_577-813_1L5A:A:175-424	4	7	2	7	0	24	11	13	0	250
NCU04531T0_1928-2114_1Q9J:A:1-175	1	7	2	4	0	16	9	4	0	175
NCU04531T0_853-996_1Q9J:A:1-175	1	7	2	4	0	16	9	4	0	175
NCU04531T0_1808-1878_1DNY:A:	0	0	0	4	0	8	7	2	0	76
NCU04531T0_27-95_1F80:D:	2	0	0	5	0	8	3	2	0	80
NCU04531T0_145-305_1AMU:A:	4	26	5	15	0	55	36	34	0	514
NCU04531T0_287-358_1DNY:A:	0	0	0	4	0	8	7	2	0	76
NCU04535T0_16-489_2BPT:A:1-861	0	0	19	43	0	44	28	37	0	860
NCU04591T0_3-176,307-425_1FOH:A:1-240,A:342-461	4	15	4	9	0	43	22	18	1	360
NCU04591T0_626-672_1FOH:A:462-662	10	7	3	4	0	22	21	18	0	201
NCU04611T0_707-866_3BZK:A:325-473	0	5	2	6	0	17	10	10	0	149
NCU04611T0_322-439,471-685_3BZK:A:1-324	2	3	4	16	0	23	11	18	0	324
NCU04611T0_871-970_3BZK:A:474-563	0	2	1	4	0	8	6	7	0	90
NCU04611T0_1091-1172_2AHO:B:1-84	0	6	1	1	0	8	3	5	0	84
NCU04611T0_979-1074_3BZK:A:564-636	0	0	3	4	0	9	5	4	0	73
NCU04611T0_1216-1300_1R1Q:A:	2	5	0	2	0	16	9	7	0	97
NCU04724T0_1-141_1ELK:A:	0	0	1	9	0	11	7	9	0	153
NCU04724T0_233-320_1OXZ:A:	0	0	0	5	0	7	5	4	0	132
NCU04749T0_1112-1336,1389-1548_1D9X:A:2-414	5	14	4	13	0	50	29	20	0	413
NCU04794T0_130-187_2DIG:A:8-62	0	5	0	0	0	7	4	4	0	55
NCU04814T0_251-389_2YVX:A:132-275	10	5	1	4	0	20	17	6	0	144
NCU04827T0_286-339_1CLD:A:	0	0	0	2	0	4	2	1	0	33
NCU12187T0_146-405_1RTQ:A:	0	9	4	8	0	27	18	18	0	291
NCU05014T0_208-354_1Q27:A:	0	8	0	3	0	22	18	6	0	171
NCU05028T0_2-344_1GOJ:A:	6	14	5	9	0	36	20	25	0	354
NCU05028T0_804-885_3BZK:A:474-563	0	2	1	4	0	8	6	7	0	90
NCU05040T0_42-209_1X6M:A:	1	11	5	3	0	24	13	10	0	195
NCU05042T0_41-190_1GSK:A:2-182	7	9	3	1	0	27	16	9	0	181
NCU05042T0_371-501_1GSK:A:357-510	8	9	2	2	0	22	9	6	0	154
NCU05042T0_196-318_1GSK:A:183-356	1	13	2	0	0	24	16	8	0	174
NCU05045T0_85-498_1PW4:A:	2	0	1	18	0	21	18	22	0	450
NCU05075T0_20-288_1OKC:A:	0	0	6	11	0	19	10	9	0	292
NCU11819T0_749-941_1FH9:A:	7	10	1	13	0	29	20	17	0	312
NCU05212T0_575-789_2C1I:A:268-463	0	9	4	8	0	22	8	9	0	196
NCU05268T0_139-461_1QG8:A:	2	9	4	8	0	22	13	12	0	255
NCU05289T0_50-334_1UDX:A:157-336	0	7	2	6	0	22	13	8	0	180
NCU05298T0_131-405_1SOX:A:94-343	1	13	5	6	0	31	18	16	0	250
NCU05298T0_411-554_1SOX:A:344-466	3	9	1	0	0	21	10	7	0	123
NCU05298T0_826-982_1UMK:A:154-300	0	8	4	5	0	15	10	8	0	147
NCU05298T0_616-698_1ICC:A:	1	5	3	4	0	11	3	8	0	87
NCU05298T0_716-839_1NDH:A:3-125	2	7	0	1	0	17	9	9	0	123
NCU05422T0_356-550_1BPO:A:331-487	0	0	1	10	0	13	9	8	0	157
NCU05422T0_32-161,212-253_1ERJ:A:	2	30	1	1	0	43	24	22	0	388
NCU05422T0_904-966_1IYM:A:	0	2	0	1	0	11	6	4	0	54
NCU05435T0_47-177_1AGR:E:	0	0	0	9	0	8	4	12	0	128
NCU05511T0_36-188_1WKQ:A:	0	5	1	7	0	15	6	10	0	163
NCU05555T0_68-257_1SHU:X:	2	6	3	6	0	13	8	7	0	181
NCU05607T0_151-209_1IYM:A:	0	2	0	1	0	11	6	4	0	54
NCU05627T0_25-227,260-479_1PV7:A:	0	0	2	22	0	18	12	14	0	417
NCU05633T0_122-256_1WIN:A:	0	6	0	5	0	15	6	3	0	142
NCU05650T0_1-623,679-739_1QBK:B:	0	0	17	47	0	50	54	64	0	888
NCU05650T0_628-1076_2BPT:A:1-861	0	0	19	43	0	44	28	37	0	860
NCU05781T0_19-122,155-242_1KLQ:A:	1	7	1	3	0	16	12	5	0	196
NCU05873T0_59-459_1OB0:A:3-393	8	15	3	10	0	45	29	22	0	391
NCU05873T0_501-591_1HVX:A:394-483	2	8	1	0	0	13	5	7	0	90
NCU12167T0_162-213_1CDZ:A:	1	4	1	3	0	15	6	8	0	96
NCU12166T0_6-141,188-323_2NYR:A:36-302	3	11	4	10	0	27	13	16	0	267
NCU05982T0_140-296_1VL5:A:	2	8	2	9	0	21	9	11	0	231
NCU06025T0_33-131_1NVT:A:1-110	0	6	2	3	0	12	4	8	0	105
NCU06025T0_141-308_1PR9:A:	4	7	5	9	0	24	12	16	0	244
NCU06030T0_244-399,438-465,546-628_2FLU:X:325-609	14	28	0	0	0	37	15	14	0	285
NCU06041T0_42-233,273-285,325-579_1P49:A:	2	17	7	13	0	62	48	36	0	553
NCU06148T0_338-388,504-526,624-740_1XFD:A:127-591	9	30	2	3	0	57	36	22	0	465
NCU06149T0_113-399_1S2M:A:252-422	2	7	3	5	0	19	12	8	0	171
NCU06153T0_20-236_1W4X:A:10-154,A:390-542	6	10	5	9	0	33	21	19	1	298
NCU06153T0_285-507_1W4X:A:10-154,A:390-542	6	10	5	9	0	33	21	19	1	298
NCU06159T0_22-465_1PW4:A:	2	0	1	18	0	21	18	22	0	450
NCU06166T0_87-465_1S4N:A:	1	12	10	14	0	38	22	21	0	339
NCU06212T0_22-38,125-259_2J3W:B:21-188	0	5	1	6	0	11	10	7	0	168
NCU06257T0_241-352_1FKM:A:443-630	0	0	1	8	0	10	3	8	0	188
NCU06257T0_44-176,204-257_1FKM:A:249-442	2	0	8	8	0	13	13	10	0	194
NCU06278T0_6-191,234-387_1N0U:A:3-343	9	9	5	14	0	30	13	15	0	341
NCU06278T0_686-745,793-945_1N0U:A:561-725	1	7	1	5	0	15	13	8	0	165
NCU06278T0_948-1060_1N0U:A:726-842	0	4	3	3	0	11	3	6	0	117
NCU06278T0_244-261,425-441,509-594_1N0U:A:344-481	3	10	0	2	0	16	10	11	0	138
NCU06278T0_611-684_1N0U:A:482-560	0	4	1	2	0	9	6	3	0	79
NCU06281T0_97-189,369-486,1135-1359_1SU4:A:1-124,A:240-343,A:751-994	1	1	8	18	0	32	20	22	2	472
NCU06281T0_487-503,853-959,1037-1141_1YMQ:A:2-261	3	13	6	10	0	30	16	15	0	260
NCU06281T0_229-291,326-367_1SU4:A:125-239	2	9	3	0	0	21	10	7	0	115
NCU06281T0_607-720_1MO7:A:	2	9	0	5	0	32	19	9	0	213
NCU11754T0_93-179,234-321,370-458_1MYO:A:	0	0	1	6	1	12	7	10	0	118
NCU11754T0_656-730,805-898_1WDY:A:	2	0	0	17	0	35	10	27	0	285
NCU11752T0_55-528_1TQN:A:	5	9	7	18	0	43	20	30	0	472
NCU06338T0_539-1288_1BJT:A:	7	25	4	20	0	69	43	34	0	760
NCU06338T0_129-362_1PVG:A:7-245	2	13	1	7	0	23	13	11	0	239
NCU06338T0_383-524_1PVG:A:246-406	3	5	1	5	0	13	8	7	0	161
NCU06345T0_277-508,561-618_1JY1:A:351-608	9	12	5	5	0	35	19	12	0	258
NCU06345T0_76-302_1JY1:A:145-350	9	7	6	5	0	30	11	16	0	202
NCU06351T0_114-595_1QWO:A:	5	10	6	15	0	41	25	28	0	435
NCU11748T0_242-566_1WA5:B:	0	0	5	29	0	38	22	22	0	506
NCU06436T0_165-429_1M33:A:	4	7	4	8	0	26	17	18	0	256
NCU06468T0_1071-1308_1QVR:A:536-850	5	9	4	14	0	30	21	15	0	315
NCU06468T0_1771-2023_1RKB:A:	2	5	2	7	0	17	8	6	0	172
NCU06468T0_1371-1441,1505-1665_1SHK:A:	0	5	1	7	0	12	6	5	0	173
NCU06468T0_635-700,829-993_1SHK:A:	0	5	1	7	0	12	6	5	0	173
NCU06468T0_309-575_1QVR:A:536-850	5	9	4	14	0	30	21	15	0	315
NCU06468T0_2076-2138,2225-2323_2ONK:A:1-240	2	9	2	9	0	23	17	15	0	240
NCU06468T0_4768-4985_1QC5:A:	1	6	3	8	0	15	13	11	0	192
NCU06542T0_55-169_1FJG:L:	1	6	1	1	0	20	8	9	0	125
NCU06569T0_39-248,290-607,654-671,763-779_1GW5:B:	0	0	4	32	0	42	43	37	0	579
NCU06623T0_31-100_1N1J:B:	1	1	1	3	0	7	3	6	0	78
NCU06625T0_29-232_2IC1:A:6-190	1	13	2	3	0	26	10	8	0	185
NCU06626T0_24-290_1A06:A:	4	8	4	10	0	29	20	14	0	307
NCU06626T0_1095-1344,1406-1444,1533-1561_2OVR:B:2365-2706	0	32	2	1	0	36	24	21	0	342
NCU06626T0_384-516,554-723_1B3U:A:	0	0	8	44	0	40	26	36	0	588
NCU06883T0_215-339_1UHT:A:	3	9	0	0	0	18	9	7	0	117
NCU06924T0_7-196,309-429_1JEH:A:1-160,A:283-355	5	10	0	6	0	22	12	12	1	233
NCU06961T0_37-434_1CZF:A:	2	28	3	1	0	43	30	12	0	335
NCU07010T0_943-980,1113-1246,1306-1362,1462-1562_2HPA:A:	4	6	5	13	0	38	21	16	0	342
NCU07010T0_694-793_1UC8:A:89-280	2	8	0	6	0	15	6	8	0	192
NCU07018T0_237-657_3C10:A:515-900	8	10	9	12	0	47	19	25	0	386
NCU07020T0_177-293_1OCS:A:	0	3	0	4	0	15	8	7	0	132
NCU11800T0_163-211_1E0G:A:	0	2	1	2	0	8	1	3	0	48
NCU11800T0_263-307_1E0G:A:	0	2	1	2	0	8	1	3	0	48
NCU11800T0_37-68_1E0G:A:	0	2	1	2	0	8	1	3	0	48
NCU11801T0_213-258_1Y7M:A:1-48	0	2	0	1	1	9	3	6	0	48
NCU07054T0_27-497_1PV7:A:	0	0	2	22	0	18	12	14	0	417
NCU07181T0_163-297_1F3L:A:	8	15	5	7	0	34	16	23	0	321
NCU07347T0_448-753_1AQ0:A:	6	12	5	10	0	34	21	16	0	306
NCU07389T0_192-263_2F3N:A:2-65	0	0	3	4	0	6	0	4	0	64
NCU07389T0_686-750,777-853_1V89:A:	0	7	0	1	0	15	12	2	0	117
NCU07461T0_627-845_1RZT:A:386-575	1	11	2	6	0	21	6	11	0	190
NCU07461T0_473-565_1NZP:A:	0	0	0	4	0	8	6	5	0	86
NCU07461T0_572-625_1RZT:A:329-385	0	0	0	5	0	4	3	5	0	57
NCU07464T0_21-171,283-369_1JYS:A:	2	10	1	6	0	21	9	12	0	230
NCU07539T0_9-377_1GP6:A:	3	14	6	11	0	40	23	16	0	350
NCU07563T0_12-124_1XSE:A:	4	7	2	11	0	28	16	12	0	274
NCU07575T0_9-43_2HAP:C:55-97	0	0	1	2	0	6	3	2	0	43
NCU07607T0_71-498_1PW4:A:	2	0	1	18	0	21	18	22	0	450
NCU07658T0_631-825_1PBV:A:	2	0	0	10	0	17	11	9	0	195
NCU07658T0_974-1012,1071-1105,1153-1528,1728-1740,1810-1848_1UPK:A:	2	0	4	20	0	16	12	16	0	330
NCU07669T0_69-112_1PYI:A:30-71	0	2	0	2	0	6	1	3	0	42
NCU07718T0_197-286_1XEB:A:	0	8	2	3	0	13	7	10	0	149
NCU07755T0_23-358_1N3L:A:	2	8	6	14	0	28	15	19	0	339
NCU07778T0_564-793_1C1G:C:	0	0	0	3	0	2	1	2	0	283
NCU07891T0_60-73,117-319,362-436_1AKO:A:	6	12	3	10	0	27	14	16	0	268
NCU07909T0_595-713,916-970_1IUP:A:	0	8	2	13	0	25	18	18	0	271
NCU07919T0_34-217_2CL5:A:3-216	0	7	3	9	1	21	10	9	0	215
NCU08008T0_69-236,270-279_1S0P:A:	0	2	1	7	0	10	6	8	0	176
NCU08008T0_364-522_1KQ5:A:	5	12	1	0	0	18	14	4	0	156
NCU08012T0_86-644_2B7M:A:73-623	0	0	4	22	0	33	25	28	0	551
NCU08094T0_208-225,254-342_1J1I:A:	2	8	1	11	0	24	18	11	0	268
NCU08132T0_1182-1646_1RZU:A:	12	18	3	21	0	50	30	28	0	477
NCU08132T0_103-586_1J0H:A:124-505	9	9	10	13	0	49	27	23	0	382
NCU08133T0_69-276_1I6P:A:	1	5	1	10	0	18	11	13	0	214
NCU08159T0_504-555_2CSH:A:8-60	0	4	0	2	0	6	6	3	0	53
NCU11090T0_5-170,287-344_3C96:A:4-182,A:294-402	1	13	1	8	0	26	14	13	1	288
NCU08197T0_36-512_3CZH:A:40-502	7	8	4	16	0	42	19	26	0	462
NCU08217T0_77-97,134-281_1NRJ:B:	3	6	4	5	0	18	9	10	0	209
NCU08226T0_264-554_1QG8:A:	2	9	4	8	0	22	13	12	0	255
NCU08271T0_6-148,302-337_1HUQ:A:	0	6	2	5	0	16	9	9	0	164
NCU08292T0_162-318,353-444,472-584_1PV7:A:	0	0	2	22	0	18	12	14	0	417
NCU08357T0_17-211,379-406,482-544_1ERJ:A:	2	30	1	1	0	43	24	22	0	388
NCU08579T0_46-86,125-222,255-331,386-465,580-615_2GFO:A:762-1109	3	20	3	10	0	40	19	15	0	348
NCU08598T0_1325-1622_1OYW:A:207-406	1	6	0	8	0	23	16	13	0	200
NCU08598T0_1688-1792_1OYW:A:407-516	0	4	3	5	0	8	4	7	0	110
NCU08598T0_1977-2031_1WUD:A:530-606	0	0	0	5	0	6	3	4	0	77
NCU08658T0_132-172_1PYI:A:30-71	0	2	0	2	0	6	1	3	0	42
NCU08791T0_41-581_1CF9:A:27-597	12	14	11	15	0	73	43	37	0	571
NCU08791T0_582-758_1SY7:A:553-736	2	9	2	6	0	23	13	14	0	184
NCU08827T0_66-211,240-295_1ODF:A:	2	10	3	9	0	28	17	16	0	286
NCU08904T0_287-351_2CON:A:8-73	2	3	0	0	0	12	7	0	0	66
NCU08974T0_169-247_1VFY:A:	4	4	2	1	0	10	2	4	0	72
NCU08978T0_104-169,215-293,352-392_1LN1:A:	2	10	0	6	0	17	7	13	0	203
NCU08998T0_57-512_1OHW:A:	8	14	6	15	0	50	25	29	0	461
NCU09064T0_111-161,189-421_1A06:A:	4	8	4	10	0	29	20	14	0	307
NCU09106T0_694-779,823-986_1Z5Z:A:663-906	0	6	1	10	0	26	11	15	0	244
NCU09106T0_443-692_1Z63:A:432-661	0	7	2	11	0	24	16	18	0	230
NCU09118T0_271-511_1OIS:A:	2	12	3	4	0	26	6	12	0	223
NCU09118T0_513-717,868-917_1K4T:A:431-640,A:713-765	4	3	5	11	0	20	11	18	1	263
NCU09210T0_5-500_2D3Q:A:4-442	10	15	9	13	0	53	32	29	0	439
NCU09315T0_562-590,630-676_1A0A:A:	0	0	1	3	0	6	4	6	0	63
NCU09387T0_166-246_1GT0:D:	0	0	0	3	0	5	3	4	0	80
NCU09503T0_141-221_1WF6:A:	1	4	3	3	0	15	14	3	0	131
NCU09503T0_418-543_1L7B:A:	1	4	0	3	0	14	10	4	0	92
NCU09503T0_19-102_1WF6:A:	1	4	3	3	0	15	14	3	0	131
NCU09503T0_345-439_1WF6:A:	1	4	3	3	0	15	14	3	0	131
NCU09518T0_51-234_1DIQ:A:7-242	4	11	2	6	0	33	17	19	0	236
NCU09519T0_10-275_1VP5:A:	3	10	4	11	0	36	16	14	0	284
NCU09524T0_38-70_1AZ6:A:	0	2	0	0	0	7	4	2	0	36
NCU09580T0_184-634_1PW4:A:	2	0	1	18	0	21	18	22	0	450
NCU09746T0_478-637_1T3E:A:499-653	2	9	0	5	0	17	9	9	0	155
NCU09746T0_280-479_1T3E:A:318-498	7	13	3	2	0	33	10	10	0	181
NCU09746T0_10-174_1JLJ:A:	0	6	2	8	0	17	8	7	0	169
NCU09746T0_643-720_1T3E:A:654-736	2	7	0	0	0	15	8	2	0	83
NCU09816T0_78-269_1EZV:D:62-260	4	4	2	6	0	22	12	20	0	199
NCU09816T0_270-315_1EZV:D:261-306	0	1	0	1	0	2	0	2	0	46
NCU09865T0_3-167_1RI5:A:	1	10	1	9	0	22	15	13	0	252
NCU09957T0_87-357,384-412_1DCQ:A:369-522	2	0	0	8	0	17	7	13	0	154
NCU10006T0_183-233_2CSH:A:8-60	0	4	0	2	0	6	6	3	0	53
NCU10020T0_10-380_1U1J:A:396-760	9	10	3	11	0	43	33	23	0	365
NCU10043T0_932-953,981-1189_1H1W:A:	2	9	7	9	0	29	16	16	0	289
NCU00004T0_53-193_2GM3:A:5-175	2	5	1	5	0	17	9	6	0	171
NCU00006T0_49-142_1JQQ:A:	3	5	1	0	0	12	7	5	0	91
NCU00038T0_133-190_2DLK:A:38-73	0	2	0	1	0	6	5	2	0	36
NCU00038T0_225-282_1TF6:A:132-160	2	0	0	1	0	5	5	1	0	29
NCU00038T0_184-216_1UBD:C:323-350	0	2	1	1	0	4	2	2	0	28
NCU00038T0_345-372_2GLI:A:168-197	0	0	0	1	0	3	2	2	0	30
NCU00046T0_443-592_1DS9:A:	1	9	1	9	0	23	14	8	0	198
NCU00070T0_785-854_1WES:A:	0	2	0	0	0	16	13	4	0	70
NCU00073T0_183-211_2COT:A:7-44	2	0	0	1	0	8	6	1	0	37
NCU00077T0_271-610_1JEY:B:242-545	2	15	5	6	0	28	15	10	0	304
NCU00077T0_50-260_1JEY:B:6-241	3	6	3	6	0	21	12	12	0	236
NCU00077T0_606-771_1RW2:A:	0	0	0	6	0	17	15	5	0	151
NCU00081T0_1-472,525-590_1MW9:X:	5	17	5	18	0	50	23	23	0	591
NCU00086T0_3-319_1GAI:A:	10	9	6	14	0	48	26	31	0	472
NCU00091T0_54-250,279-312_1ERJ:A:	2	30	1	1	0	43	24	22	0	388
NCU00097T0_79-150_1X2N:A:6-67	0	0	0	3	0	4	2	2	0	60
NCU00100T0_647-781_1HZM:A:	3	3	0	6	0	20	19	8	0	154
NCU00100T0_550-622_1E3O:C:104-160	0	0	0	3	0	5	2	2	0	57
NCU00108T0_122-402_1MUO:A:	6	6	4	9	0	28	17	16	0	261
NCU00112T0_387-648_1PV9:A:125-345	6	13	2	4	0	27	12	10	0	221
NCU00112T0_82-197_1PV9:A:8-124	1	6	1	6	0	11	7	7	0	117
NCU00118T0_279-351,514-579_2U2F:A:	0	4	0	2	0	9	7	3	0	85
NCU00154T0_203-402,462-537_2BWV:A:177-440	4	11	3	6	0	29	15	15	0	264
NCU00154T0_26-202_2BWV:A:1-176	0	8	2	7	0	18	9	6	0	176
NCU00155T0_113-158_1CLD:A:	0	0	0	2	0	4	2	1	0	33
NCU00157T0_318-395_1UFM:A:	0	3	0	3	0	8	7	3	0	83
NCU00166T0_62-263_1X9G:A:	2	7	1	6	0	20	14	13	0	199
NCU00171T0_189-314_1RFJ:A:	2	2	0	7	0	16	5	7	0	148
NCU00186T0_46-78,123-188_1GVN:B:	0	6	1	11	0	24	8	17	0	273
NCU00188T0_20-183,212-408_1MUO:A:	6	6	4	9	0	28	17	16	0	261
NCU00202T0_74-351_1GOT:B:	1	28	0	2	0	36	22	23	0	339
NCU00223T0_73-130_1GD2:G:	0	0	0	1	0	3	1	0	0	69
NCU00230T0_340-699_1HOW:A:	5	10	4	11	0	39	18	24	0	362
NCU00232T0_752-861,929-1041_2CBN:A:1-305	9	16	2	10	0	41	18	18	0	305
NCU00232T0_205-338,486-568_1Y44:A:1-307	11	14	2	7	0	35	16	14	0	307
NCU00233T0_64-296_1DYP:A:	1	21	3	1	0	33	17	16	0	271
NCU00237T0_129-236,340-420_1P9E:A:	5	15	2	9	0	33	16	22	0	294
NCU00240T0_197-597_2F2A:A:1-485	12	11	6	15	0	46	29	35	0	485
NCU00240T0_685-723_1Y6I:A:1-82	0	0	0	5	0	8	5	4	0	82
NCU00261T0_7-277_2VO1:A:1-273	0	7	4	8	0	19	11	7	0	273
NCU00261T0_308-562_1VCO:A:298-547	4	12	3	7	0	21	13	17	0	250
NCU00277T0_12-155_1H67:A:	0	0	1	6	0	8	10	5	0	107
NCU00282T0_379-404_1PYI:A:30-71	0	2	0	2	0	6	1	3	0	42
NCU00293T0_288-468_1VK6:A:126-256	1	6	0	2	0	11	4	7	0	131
NCU00302T0_35-296_2A4K:A:2-242	2	7	3	8	0	23	14	14	0	241
NCU00311T0_550-615_1OXJ:A:594-655	0	0	1	4	0	6	0	6	0	62
NCU00317T0_79-429_1KFU:L:2-355	3	13	4	9	0	43	33	22	0	354
NCU00317T0_579-727_1DF0:A:356-514	1	8	0	1	0	19	11	5	0	159
NCU00317T0_425-571_1QXP:A:356-514	5	8	1	1	0	22	11	4	0	159
NCU00320T0_1618-1953_1NBF:A:	6	16	6	11	0	38	19	20	0	347
NCU00320T0_647-767,910-1012,1299-1396,1442-1532,2038-2239_1T06:A:	0	2	5	14	0	17	7	9	0	235
NCU00338T0_22-403_1EAG:A:	1	26	4	3	0	39	18	21	0	342
NCU00344T0_57-105_1PYI:A:30-71	0	2	0	2	0	6	1	3	0	42
NCU00356T0_79-519_1PV7:A:	0	0	2	22	0	18	12	14	0	417
NCU00372T0_356-443,536-570,927-960,987-1164,1213-1278,1359-1419_1UPK:A:	2	0	4	20	0	16	12	16	0	330
NCU00378T0_60-543_1CW3:A:	10	20	4	15	0	54	32	26	0	494
NCU00380T0_173-287_1MFI:A:	1	7	4	2	0	13	5	3	0	114
NCU00389T0_67-305_1LNZ:A:158-342	3	7	0	6	0	20	18	9	0	185
NCU00389T0_287-367_1WXQ:A:320-395	1	4	0	2	0	9	4	5	0	76
NCU00395T0_173-205_2DJ8:A:8-54	0	2	0	2	0	6	6	3	0	47
NCU00396T0_557-654,796-805,845-1046_1K8K:C:	2	28	1	2	0	32	23	22	0	371
NCU00403T0_104-371,402-452_1G1A:A:	3	13	4	12	0	40	20	14	0	352
NCU00405T0_86-191,220-350,395-468,563-614_1ATI:A:1-394	3	18	6	9	0	33	19	17	0	394
NCU00405T0_598-719_1ATI:A:395-505	0	5	1	4	0	14	8	6	0	111
NCU00409T0_22-229_2QMW:A:1-184	1	10	1	6	0	20	19	9	0	184
NCU00409T0_297-382_1PHZ:A:19-115	1	4	1	2	0	11	4	7	0	97
NCU00423T0_933-994_1MM2:A:	2	0	0	0	0	14	8	4	0	60
NCU00423T0_1068-1130_1FP0:A:19-88	0	2	0	0	0	11	9	3	0	61
NCU00438T0_9-345_1A4M:A:	2	8	6	15	0	34	19	18	0	349
NCU00446T0_20-676_1PG4:A:	11	30	5	21	0	71	40	44	0	643
NCU00450T0_93-418,457-514,556-621_1PV7:A:	0	0	2	22	0	18	12	14	0	417
NCU00461T0_688-783,812-1015_1B26:A:179-412	2	7	0	10	0	25	9	14	0	234
NCU00461T0_496-695_1V9L:A:4-179	1	5	3	5	0	19	11	6	0	176
NCU00466T0_72-368_1J09:A:1-305	10	9	5	10	0	36	14	16	0	305
NCU00466T0_548-618_1J09:A:306-468	0	0	2	9	0	14	10	6	0	163
NCU00468T0_163-270_2G5C:A:201-310	2	0	2	5	0	8	1	6	0	110
NCU00468T0_13-161_1J5P:A:1-108,A:220-241	0	6	1	4	0	17	11	4	1	130
NCU00468T0_313-425_2PV7:A:244-371	0	0	0	8	0	7	2	6	0	128
NCU00470T0_12-98_1GE8:A:2-117	1	9	1	2	0	12	7	4	0	116
NCU00471T0_65-100,185-414_1FQV:A:146-431	8	13	3	8	0	55	21	24	0	286
NCU00478T0_268-600_2HD1:A:181-506	0	0	5	17	0	22	12	21	0	326
NCU00480T0_415-610,1086-1235_2GFO:A:762-1109	3	20	3	10	0	40	19	15	0	348
NCU00480T0_61-183_1W6V:A:1-120	4	3	0	3	0	19	9	9	0	120
NCU00481T0_458-704_1Q2L:A:264-503	0	7	4	8	0	22	11	9	0	240
NCU00481T0_706-931_1Q2L:A:504-732	0	6	2	7	0	16	13	7	0	229
NCU00481T0_210-454_1Q2L:A:24-263	4	7	5	8	0	26	17	13	0	240
NCU00481T0_942-1154_1Q2L:A:733-960	0	8	0	9	0	23	12	11	0	228
NCU00490T0_53-126_1S7B:A:	0	0	0	4	0	10	7	3	0	109
NCU00494T0_24-112_1ERJ:A:	2	30	1	1	0	43	24	22	0	388
NCU00497T0_6-283,320-403_1N1M:A:39-508	9	38	3	4	0	58	37	26	0	470
NCU00498T0_124-428_1TV8:A:	4	11	4	10	0	39	20	20	0	327
NCU00498T0_619-789_1EKR:A:	1	4	2	4	0	11	5	6	0	146
NCU00515T0_617-690_1CHC:A:	0	3	0	1	0	9	8	3	0	68
NCU00526T0_203-385_1GW0:A:163-343	7	11	0	1	0	26	14	10	0	181
NCU00526T0_405-602_1GW0:A:344-559	3	11	3	5	0	27	15	11	0	216
NCU00526T0_57-207_1GW0:A:1-162	5	10	2	0	0	20	10	14	0	162
NCU00528T0_159-310_1G3G:A:	0	11	0	3	0	24	14	7	0	164
NCU00538T0_417-596_2B4V:A:289-471	3	4	4	5	0	20	10	9	0	183
NCU00538T0_276-413_1FA0:A:3-201	2	5	2	6	0	21	7	13	0	199
NCU00547T0_169-331,377-459,502-618_1PV7:A:	0	0	2	22	0	18	12	14	0	417
NCU00548T0_20-178_1V8Y:A:	5	9	0	3	0	15	5	6	0	158
NCU00551T0_144-922_1BR2:A:80-789	5	15	5	26	0	55	26	31	0	710
NCU00551T0_1464-1577_2FXO:D:838-963	0	0	0	2	0	2	0	2	0	128
NCU00551T0_2203-2319_2FXO:D:838-963	0	0	0	2	0	2	0	2	0	128
NCU00551T0_923-1041_2FXO:D:838-963	0	0	0	2	0	2	0	2	0	128
NCU00551T0_2006-2121_2FXO:D:838-963	0	0	0	2	0	2	0	2	0	128
NCU00581T0_146-266,295-332_1QR0:A:102-228	0	6	1	4	0	18	11	3	0	127
NCU00581T0_39-125_1QR0:A:1-101	0	5	1	3	0	12	5	6	0	101
NCU00598T1_6-109_1SYR:A:	0	5	0	4	0	9	5	6	0	103
NCU00598T0_6-109_1SYR:A:	0	5	0	4	0	9	5	6	0	103
NCU00604T0_46-248_1QMH:A:5-184,A:280-338	5	11	0	7	0	25	12	12	1	239
NCU00609T0_91-297_2VK9:A:2-541	9	6	8	20	0	52	25	29	0	540
NCU00611T0_62-397,433-579_1YA0:A:1-497	3	2	6	21	0	32	18	18	0	497
NCU00621T0_996-1318_1ERJ:A:	2	30	1	1	0	43	24	22	0	388
NCU00621T0_463-716,774-849_1QBK:B:	0	0	17	47	0	50	54	64	0	888
NCU00629T0_50-401_3PFK:A:	2	11	3	11	0	31	12	19	0	319
NCU00629T0_390-808_3PFK:A:	2	11	3	11	0	31	12	19	0	319
NCU00631T0_764-845,1027-1206_1Z5Z:A:663-906	0	6	1	10	0	26	11	15	0	244
NCU00631T0_459-617,645-755_1Z63:A:432-661	0	7	2	11	0	24	16	18	0	230
NCU00631T0_853-929_1FBV:A:356-434	2	2	0	2	0	11	6	5	0	79
NCU00642T0_29-382_1TG7:A:41-394	13	10	6	10	0	54	27	25	0	354
NCU00642T0_385-560_1TG7:A:395-569	2	17	0	1	0	17	10	13	0	175
NCU00642T0_648-835_1TG7:A:667-848	2	10	5	0	0	24	14	11	0	182
NCU00642T0_837-1004_1TG7:A:849-1011	5	9	0	1	0	21	11	11	0	163
NCU00642T0_562-645_1TG7:A:570-666	1	9	0	2	0	11	5	6	0	97
NCU00656T0_564-905_1E8Y:A:726-1092	0	10	2	12	0	26	15	16	0	367
NCU00656T0_346-534_1E8Y:A:525-725	0	0	2	12	0	15	8	11	0	201
NCU00656T0_36-167_1WFM:A:	0	9	0	0	0	16	10	6	0	137
NCU00660T0_52-418,447-535_2GI3:A:1-475	12	11	5	13	0	42	26	30	0	475
NCU00682T0_71-395_1APM:E:	5	9	4	11	0	36	21	20	0	341
NCU00684T1_8-96,177-252,282-353_1I9Z:A:	8	11	3	8	0	32	15	14	0	345
NCU00699T0_331-395_2IUB:A:286-349	0	0	0	2	0	2	2	2	0	64
NCU00709T0_36-421_1EX1:A:1-388	3	11	8	15	1	39	19	29	0	388
NCU00709T0_423-615,662-683_1EX1:A:389-602	5	6	2	6	0	33	25	10	0	214
NCU00715T0_6-496_1BI9:A:	7	19	2	16	0	50	25	21	0	499
NCU00725T0_13-160_1INZ:A:	0	0	1	7	0	13	10	5	0	147
NCU00728T0_32-233,303-457_1PW4:A:	2	0	1	18	0	21	18	22	0	450
NCU00732T0_37-506_1TQN:A:	5	9	7	18	0	43	20	30	0	472
NCU00734T0_19-230_2BKR:A:1-212	2	7	4	8	0	14	8	10	0	212
NCU00742T0_372-522_1EVY:A:198-357	0	0	1	8	0	11	6	8	0	160
NCU00742T0_131-320,354-368_1M66:A:9-197	0	8	1	8	0	20	13	11	0	189
NCU00749T0_259-352_1AN4:A:	0	0	0	2	0	4	3	3	0	64
NCU00754T0_38-485_1PW4:A:	2	0	1	18	0	21	18	22	0	450
NCU00761T0_30-514_1UKC:A:	4	16	7	18	0	57	36	35	0	517
NCU00771T0_229-382_2DLX:A:1-147	0	4	0	5	0	15	9	9	0	140
NCU00771T0_458-561_1H8C:A:	2	5	0	2	0	8	5	6	0	82
NCU00771T0_4-42_1V92:A:	0	0	0	3	0	4	2	4	0	46
NCU00776T0_9-372_1JS8:A:2503-2791	6	6	6	9	0	29	19	22	0	289
NCU00786T0_33-222,453-513_1F88:A:	0	4	2	13	0	20	19	16	0	348
NCU00803T0_82-491_1PV7:A:	0	0	2	22	0	18	12	14	0	417
NCU00810T0_325-634_1YQ2:A:313-609	4	13	4	8	0	40	16	19	0	297
NCU00810T0_766-1070_1YQ2:A:722-1023	6	17	5	3	0	33	20	18	0	302
NCU00810T0_18-220_1DP0:A:13-219	2	15	4	3	0	28	20	10	0	207
NCU00810T0_630-744_1DP0:A:626-730	0	7	0	0	0	10	5	5	0	105
NCU00810T0_221-323_1DP0:A:220-333	5	7	0	0	0	10	7	6	0	114
NCU00821T0_22-218,251-468_1PV7:A:	0	0	2	22	0	18	12	14	0	417
NCU00825T0_36-89,140-194,355-481_1QTR:A:	0	8	6	9	0	28	23	22	0	314
NCU00831T0_77-277_1QFM:A:431-710	0	8	7	8	0	25	16	19	0	280
NCU00834T0_38-255,308-480,542-557_1PV7:A:	0	0	2	22	0	18	12	14	0	417
NCU00854T0_82-287_2HU7:A:322-581	1	8	2	10	0	27	14	15	0	260
NCU00857T0_52-273_1PV7:A:	0	0	2	22	0	18	12	14	0	417
NCU00857T0_258-478,527-553_1PV7:A:	0	0	2	22	0	18	12	14	0	417
NCU00870T0_342-375,456-538_1N6A:A:194-361	2	10	3	3	0	26	11	8	0	168
NCU00870T0_190-294_2C2L:A:24-224	0	0	1	10	0	12	7	11	0	201
NCU00874T0_802-897,962-1095,1161-1219_1NR0:A:313-611	0	28	1	0	0	35	26	23	0	299
NCU00874T0_68-270_1CVL:A:	4	11	3	11	0	33	22	25	0	319
NCU00874T0_275-531_2A5Y:B:109-385	4	5	1	11	0	20	17	17	0	277
NCU00874T0_1138-1327_1NR0:A:2-312	4	27	1	0	0	38	22	20	0	311
NCU00875T0_65-254,301-381,411-527_1PW4:A:	2	0	1	18	0	21	18	22	0	450
NCU00893T0_71-338_1O5Z:A:2-293	2	11	4	9	0	24	12	14	0	293
NCU00893T0_369-454,488-529_1O5Z:A:294-430	0	6	2	5	0	15	10	7	0	137
NCU00898T0_405-461_1JM7:A:	2	0	1	3	0	11	9	5	0	103
NCU00911T0_60-313_1OMZ:A:	3	13	1	7	0	26	18	19	0	265
NCU00914T0_153-304,338-451_1A06:A:	4	8	4	10	0	29	20	14	0	307
NCU00927T0_65-442_1II6:A:	4	14	4	9	0	34	19	15	0	350
NCU00931T0_187-550_1E1O:A:161-502	5	13	4	11	0	28	17	18	0	342
NCU00931T0_62-183_1BBU:A:11-154	0	5	1	4	0	13	6	7	0	144
NCU00936T0_56-528_1O9J:A:	5	22	4	17	0	50	32	20	0	494
NCU00944T0_68-393_1JG8:A:	3	14	3	14	0	34	17	22	0	343
NCU00945T0_10-47_2HAP:C:55-97	0	0	1	2	0	6	3	2	0	43
NCU00950T0_53-91,119-368_1VHN:A:	0	9	3	14	0	31	18	15	0	317
NCU00951T0_159-439_8PRK:A:	5	20	5	3	0	34	16	25	0	282
NCU00959T1_49-153_1NEK:B:1-106	3	7	0	1	0	15	7	8	0	106
NCU00964T0_275-582,985-1069,1104-1152_1H2T:C:481-790	0	0	4	14	0	15	11	16	0	262
NCU00970T0_17-50,228-325_1N3J:A:	3	9	0	2	0	19	13	1	0	119
NCU00973T0_11-196_1LLU:A:2-143,A:310-342	5	11	2	3	0	26	13	11	1	175
NCU00973T0_134-308_1YB5:A:121-294	0	7	1	8	0	16	8	12	0	174
NCU00987T0_32-509_1TQN:A:	5	9	7	18	0	43	20	30	0	472
NCU00993T0_120-198,232-446_1C3B:A:	5	16	6	13	0	36	19	22	0	358
NCU00994T0_166-483_2ER7:E:	6	24	4	5	0	38	19	21	0	330
NCU01000T0_13-369_1JU3:A:5-351	2	14	1	13	1	36	21	29	0	347
NCU01000T0_399-595_1JU3:A:352-574	4	11	4	0	0	33	18	11	0	223
NCU01038T0_92-180,212-419_1HVB:A:	7	13	2	12	0	39	20	27	0	346
NCU01042T0_56-174,210-225,254-306_2ATV:A:5-172	0	6	1	6	0	16	7	9	0	168
NCU01045T1_50-84_1I0V:A:	2	7	0	1	0	13	9	8	0	104
NCU01049T0_312-472_1NYO:A:	5	7	0	8	0	18	16	11	0	163
NCU01049T0_79-185,252-282_1O70:A:328-467	1	7	1	6	0	14	9	10	0	140
NCU01056T0_66-179_1X6M:A:	1	11	5	3	0	24	13	10	0	195
NCU01056T0_199-294_1FWQ:A:	7	10	1	0	0	17	12	7	0	115
NCU01057T1_85-357_1Y0Z:A:	5	21	1	9	0	39	19	16	0	327
NCU01069T0_20-233_1URU:A:	2	0	0	4	0	8	3	8	0	217
NCU01070T0_6-179_2PTH:A:	0	7	4	6	0	15	9	12	0	193
NCU01078T0_169-368_1MX3:A:126-318	2	7	0	8	0	22	16	16	0	193
NCU01078T0_70-190_1YGY:A:3-98,A:283-316	4	5	2	4	0	19	10	9	1	130
NCU01089T0_4-310,434-492_1SEZ:A:13-329,A:442-497	7	15	2	15	0	38	28	17	1	373
NCU01098T0_152-264,891-1001_1N11:A:	0	0	1	24	0	48	15	35	0	408
NCU01098T0_84-399_1N11:A:	0	0	1	24	0	48	15	35	0	408
NCU01098T0_432-511,539-583,726-765_1IKN:D:	0	0	3	10	0	26	9	18	0	221
NCU01119T0_341-745_1W6K:A:6-99,A:379-732	11	4	6	14	0	49	27	27	1	448
NCU01119T0_120-401_1W6K:A:100-378	4	2	8	11	0	24	18	18	0	279
NCU01120T0_121-336,385-460_1D3Y:A:	2	13	5	14	0	29	12	18	0	298
NCU01140T0_947-1119_1D4O:A:	1	6	5	7	0	19	11	11	0	177
NCU01140T0_118-287_1F8G:A:1-143,A:327-384	0	10	9	7	0	21	8	12	1	201
NCU01140T0_256-435_1F8G:A:144-326	2	9	2	5	0	24	12	14	0	183
NCU01141T0_69-233_1F0I:A:6-263	5	9	3	7	0	19	12	12	0	258
NCU01148T0_62-342_1T43:A:	2	9	3	11	0	29	18	14	0	274
NCU01151T0_95-135,210-306,344-529_1ZCM:A:33-353	7	12	6	10	0	39	24	22	0	321
NCU01154T0_411-456_4GAT:A:	0	2	1	1	0	11	6	3	0	66
NCU01161T0_8-297_2EFK:A:10-288	0	0	1	6	0	5	3	5	0	279
NCU01161T0_403-458_1XA6:A:209-270	3	2	1	0	0	13	5	5	0	62
NCU01161T0_576-652_1ZUU:A:2-57	3	5	1	0	0	9	3	3	0	55
NCU01161T0_642-736_1ZUU:A:2-57	3	5	1	0	0	9	3	3	0	55
NCU01164T0_185-440_1PV9:A:125-345	6	13	2	4	0	27	12	10	0	221
NCU01174T0_375-559_1FCH:A:	0	0	2	17	0	24	6	19	0	323
NCU01174T0_207-354_1P5Q:A:258-427	0	0	1	7	0	10	2	6	0	170
NCU01176T0_676-747_1WGR:A:	0	5	0	2	0	14	8	4	0	99
NCU01176T0_777-860_1P6S:A:	0	7	0	1	0	12	10	1	0	111
NCU01197T0_665-983,1016-1120_2VNU:D:495-910	9	13	6	13	0	41	21	20	0	416
NCU01197T0_417-585_2VNU:D:252-399	5	5	1	2	0	14	5	5	0	148
NCU01199T0_8-116_1LVF:A:	0	0	1	3	0	5	2	3	0	106
NCU01199T0_162-229_1SFC:H:	0	0	0	1	0	3	2	0	0	86
NCU01206T0_1041-1185_1MVH:A:	5	15	3	2	0	50	27	17	0	269
NCU01206T0_128-259_1D8Z:A:	0	5	0	2	0	10	8	2	0	89
NCU01216T0_205-464_1FQV:A:146-431	8	13	3	8	0	55	21	24	0	286
NCU01216T0_84-160_1FS1:A:109-149	0	0	2	3	0	6	2	3	0	41
NCU01235T0_242-282_2VRD:A:1-61	0	2	0	3	0	7	6	4	0	61
NCU01247T0_335-552,772-944_1LRV:A:	2	0	8	10	0	22	18	13	0	233
NCU01248T0_33-173_1XJV:A:6-145	1	5	2	1	0	13	8	4	0	140
NCU01248T0_196-245,274-329_1XJV:A:149-299	1	7	3	3	0	19	9	4	0	151
NCU01258T1_95-159_1DW9:A:87-156	0	2	0	1	0	4	4	2	0	70
NCU01258T1_16-91_1Y7Y:A:5-73	1	0	1	4	0	7	2	4	0	69
NCU01294T0_1-282_1J31:A:	1	16	2	7	0	32	15	15	0	262
NCU01296T1_10-118_2NR9:A:4-192	0	0	2	8	0	13	11	7	0	189
NCU01296T0_12-165_2NR9:A:4-192	0	0	2	8	0	13	11	7	0	189
NCU01305T0_131-153,247-391_2NR9:A:4-192	0	0	2	8	0	13	11	7	0	189
NCU01319T0_160-385_2FLU:X:325-609	14	28	0	0	0	37	15	14	0	285
NCU01335T0_53-379_1F3M:C:	1	10	4	11	0	33	20	20	0	294
NCU01335T0_697-1108_1XQR:A:87-350	0	0	3	17	0	17	9	12	0	267
NCU01365T0_231-344,377-461_1X9N:A:534-753	5	11	2	6	0	25	17	14	0	220
NCU01366T0_462-583,697-807_2CKH:A:419-643	2	6	1	8	0	22	10	13	0	225
NCU01379T0_3464-3641,3689-3843_1E8Y:A:726-1092	0	10	2	12	0	26	15	16	0	367
NCU01379T0_675-918,997-1014,1052-1338,1377-1475,2181-2226,2291-2333,2824-2845,2879-2911,2946-2988,3024-3058_1B3U:A:	0	0	8	44	0	40	26	36	0	588
NCU01379T0_35-170,296-475,610-893_1GW5:B:	0	0	4	32	0	42	43	37	0	579
NCU01379T0_1711-1796,1840-2034,2088-2267,2300-2328,2380-2468_1GW5:A:	0	2	4	33	0	46	32	22	0	620
NCU01386T0_280-325_2HAP:C:55-97	0	0	1	2	0	6	3	2	0	43
NCU01398T0_37-257_1PJZ:A:	0	9	1	7	0	21	17	8	0	201
NCU01417T0_27-677_1PG4:A:	11	30	5	21	0	71	40	44	0	643
NCU01435T0_33-347_3BLH:A:8-325	3	10	4	9	0	33	17	14	0	318
NCU01449T0_291-462_2BZ1:A:1-174	0	7	0	7	0	17	9	10	0	174
NCU01449T1_291-462_2BZ1:A:1-174	0	7	0	7	0	17	9	10	0	174
NCU01454T0_71-345_1VJ5:A:226-547	0	8	9	13	0	29	21	23	0	321
NCU01463T0_218-228_1V9D:A:	2	0	2	14	0	19	11	13	0	332
NCU01465T0_474-631_2R09:A:65-252	2	0	0	10	0	15	10	10	0	190
NCU01465T0_750-789,819-879_1WJM:A:	1	8	0	2	0	15	8	5	0	122
NCU01470T0_88-457_1G3J:A:	2	0	4	35	0	31	15	35	0	531
NCU01476T0_107-229_1R3D:A:	2	7	3	11	0	24	13	15	0	263
NCU01478T0_59-107_1CLD:A:	0	0	0	2	0	4	2	1	0	33
NCU01485T0_106-204_2ZJR:R:4-113	5	4	0	0	0	15	12	6	0	110
NCU01489T2_15-126_1C02:A:	0	0	2	6	0	12	9	9	0	166
NCU01500T0_6-79,124-217_1RZ3:A:	0	7	3	7	0	15	10	10	0	198
NCU01517T0_65-507_1GAI:A:	10	9	6	14	0	48	26	31	0	472
NCU01517T0_560-662_1KUL:A:	2	9	1	0	0	22	9	4	0	108
NCU01522T0_35-94_1GUW:A:	2	5	0	1	0	12	6	4	0	72
NCU01548T0_22-93_1ITP:A:	0	4	0	2	0	7	7	2	0	76
NCU01549T0_1-151_1WIX:A:	0	0	1	9	0	13	9	9	0	163
NCU01564T0_309-617_1OKC:A:	0	0	6	11	0	19	10	9	0	292
NCU01564T0_6-152_1TN4:A:	0	4	0	8	0	14	5	7	0	157
NCU01569T0_22-54,82-358,447-481_2OVR:B:2365-2706	0	32	2	1	0	36	24	21	0	342
NCU01570T0_39-197,288-340_1WY5:A:1-216	0	6	1	10	0	20	9	10	0	216
NCU01572T0_378-589,634-798_1NR0:A:313-611	0	28	1	0	0	35	26	23	0	299
NCU01601T0_51-134_1I8F:A:	0	5	2	1	0	5	1	3	0	71
NCU01605T0_22-100_1R3B:A:	2	0	2	7	0	15	12	7	0	201
NCU01612T0_86-643_1UAA:A:2-307	4	8	4	13	0	27	16	15	0	306
NCU01642T0_1180-1488_1NF1:A:	0	0	2	17	0	16	11	26	0	324
NCU01642T0_304-505,540-727,774-905,1147-1167,1820-1856,1918-1982,2020-2099_1QBK:B:	0	0	17	47	0	50	54	64	0	888
NCU01642T0_1826-1993,2062-2134,2203-2307,2359-2383,2508-2582_1XQR:A:87-350	0	0	3	17	0	17	9	12	0	267
NCU01650T0_40-90_1S3A:A:15-99	0	4	0	3	0	10	4	4	0	85
NCU01654T0_23-362,408-596,633-698_1LCI:A:	7	27	4	15	0	64	28	38	0	541
NCU01656T0_591-803_1U4C:A:	4	27	2	2	0	38	21	15	0	340
NCU01657T0_181-303_1SO9:A:	3	9	1	0	0	26	14	6	0	131
NCU01667T0_30-342_1OTH:A:185-354	3	5	2	7	0	22	9	13	0	170
NCU01701T0_313-579_1BU6:O:254-499	1	9	1	7	0	25	18	16	0	246
NCU01701T0_7-285_1R59:O:5-256	12	6	1	9	0	35	21	15	0	252
NCU01706T0_110-189_1A5J:A:56-110	0	0	0	3	0	7	5	4	0	55
NCU01715T0_263-315_1IYM:A:	0	2	0	1	0	11	6	4	0	54
NCU01728T0_497-542,578-739_1TIP:A:	2	6	3	7	0	22	8	11	0	191
NCU01728T0_219-259,327-495_1BIF:A:37-249	0	6	1	7	0	16	9	11	0	213
NCU01738T0_190-284_2CCH:B:181-308	0	0	1	6	0	9	3	5	0	128
NCU01741T0_84-150_1SFC:H:	0	0	0	1	0	3	2	0	0	86
NCU01753T0_41-586_2DG5:A:37-387,B:391-580	10	23	8	19	0	68	27	35	1	541
NCU01754T1_10-179_1RJW:A:1-137,A:306-339	5	11	3	3	0	24	12	10	1	171
NCU01754T1_148-268_1LLU:A:144-309	0	7	1	8	0	14	10	9	0	166
NCU01768T0_434-675,724-903_2JG0:A:37-547	13	16	6	19	0	52	31	30	0	511
NCU01794T0_1-34_1RKL:A:	0	0	1	1	0	3	2	1	0	36
NCU01803T0_231-312_1YVK:A:5-156	0	9	1	5	0	12	6	8	0	151
NCU01813T0_262-455,487-699_1PV7:A:	0	0	2	22	0	18	12	14	0	417
NCU01823T0_2009-2183_2C2A:A:321-481	0	7	2	3	0	13	4	10	0	161
NCU01823T0_2243-2373_1OXB:B:	0	5	0	5	0	13	11	4	0	124
NCU01823T0_176-404_1O6Y:A:	1	11	3	8	0	24	14	12	0	276
NCU01823T0_1946-2021_2C2A:A:232-320	0	0	1	3	0	3	0	4	0	89
NCU01823T0_1735-1913_2K2N:A:31-200	1	5	1	4	0	22	14	6	0	170
NCU01823T0_1094-1199,1562-1607_1KT1:A:254-421	0	0	1	7	0	12	3	7	0	168
NCU01823T0_598-635,775-869_1L8Q:A:77-289	0	5	2	9	0	17	9	11	0	213
NCU01831T0_73-238_1SHU:X:	2	6	3	6	0	13	8	7	0	181
NCU01831T0_338-369,412-443_1Z60:A:328-386	1	4	0	2	0	10	5	5	0	59
NCU01853T0_12-284,558-626_1CF3:A:3-324,A:521-583	17	12	7	11	0	49	28	29	1	385
NCU01853T0_291-476,537-562_1GPE:A:329-524	4	8	4	7	0	18	14	8	0	196
NCU01856T0_123-171_1T2K:D:	0	0	0	1	0	1	0	1	0	60
NCU01861T0_84-355_2C07:A:54-304	2	7	2	9	0	21	12	14	0	251
NCU01865T0_60-140,207-222_1FS1:A:109-149	0	0	2	3	0	6	2	3	0	41
NCU01870T0_138-423_1TE6:A:140-433	6	13	7	9	0	40	18	13	0	294
NCU01870T0_3-125_1OEP:A:2-138	6	11	3	9	0	38	18	15	0	291
NCU01873T0_24-210_1D7B:A:	5	13	1	1	0	24	10	12	0	185
NCU01888T0_185-256,297-347_1WWR:A:1-151	2	5	1	5	0	16	8	11	0	151
NCU01896T0_468-515,644-883_1GVN:B:	0	6	1	11	0	24	8	17	0	273
NCU01904T0_25-278_1VL8:A:	2	7	6	9	0	25	10	14	0	251
NCU01905T0_5-105,134-204_1E3J:A:4-142,A:313-351	5	12	4	3	0	23	8	10	1	178
NCU01905T0_185-385_1PL7:A:146-316	0	6	0	7	0	22	14	8	0	171
NCU01911T0_23-177_2OCY:A:16-162	0	0	0	4	0	2	1	5	0	153
NCU01918T0_3-156_1K8K:F:	3	4	1	5	0	12	9	5	0	167
NCU01922T0_4-201_1XXL:A:	5	8	2	9	0	23	10	12	0	238
NCU01924T0_225-271_1CLD:A:	0	0	0	2	0	4	2	1	0	33
NCU01927T1_195-299_1OXZ:A:	0	0	0	5	0	7	5	4	0	132
NCU01927T1_63-187_1DVP:A:1-145	0	0	0	8	0	11	8	5	0	145
NCU01927T0_184-288_1OXZ:A:	0	0	0	5	0	7	5	4	0	132
NCU01927T0_48-176_1DVP:A:1-145	0	0	0	8	0	11	8	5	0	145
NCU01930T0_58-128_1I4K:1:	0	5	2	1	0	6	2	2	0	72
NCU01951T0_1234-1649_1WNS:A:348-758	8	7	1	12	0	41	19	21	0	411
NCU01951T0_39-183,939-1194_1WNS:A:1-347	2	17	1	10	0	31	20	21	0	347
NCU01962T1_6-84_1OCR:G:	2	0	0	2	0	11	8	7	0	84
NCU01963T0_284-356,488-562_1TJC:A:	0	0	0	5	0	8	1	4	0	95
NCU01969T0_61-170_1FB6:A:	0	5	0	4	0	11	2	7	0	104
NCU01982T0_77-86_1V9D:A:	2	0	2	14	0	19	11	13	0	332
NCU01982T0_59-125_1M2V:B:61-215,B:553-646	5	10	2	3	0	17	17	8	1	249
NCU01997T0_225-298,336-512_1H4L:A:	2	11	6	8	0	33	20	12	0	286
NCU01998T0_153-286,315-361_1Y63:A:	0	5	2	7	0	14	11	7	0	174
NCU02009T0_482-633_1TVC:A:111-251	0	5	0	4	0	14	13	3	0	141
NCU02009T0_364-417_1JB9:A:6-162	7	7	2	1	0	27	14	11	0	157
NCU02012T0_128-173_2HAP:C:55-97	0	0	1	2	0	6	3	2	0	43
NCU02019T0_16-261,375-446_1NG4:A:1-218,A:307-364	3	11	2	10	0	27	13	19	1	276
NCU02023T0_60-267,315-488,552-570_1PV7:A:	0	0	2	22	0	18	12	14	0	417
NCU02026T0_139-284_1Y2O:A:1-248	0	0	0	6	0	6	3	8	0	248
NCU02028T0_82-349_2PW6:A:14-271	1	10	3	7	0	26	19	11	0	258
NCU02036T0_1312-1405,1448-1478,1512-1828_1SXJ:C:12-238	3	5	3	12	0	22	13	12	0	227
NCU02036T0_311-432,603-705,821-868_1TE4:A:	0	0	3	6	0	11	9	5	0	111
NCU02048T0_179-223,305-506_1TXU:A:	0	0	4	11	0	13	8	14	0	254
NCU02048T0_649-720,761-895_1OT8:A:	2	0	0	13	0	26	3	23	0	209
NCU02048T0_917-1024_1OCS:A:	0	3	0	4	0	15	8	7	0	132
NCU02051T0_570-796_1R0W:A:	0	11	2	12	1	27	19	16	0	281
NCU02051T0_857-1163_1PF4:A:10-320	0	0	9	16	0	12	11	14	0	310
NCU02051T0_1163-1287,1439-1490_3B60:A:329-581	4	10	2	9	0	24	18	16	0	253
NCU02051T0_249-547_2HYD:A:1-323	0	0	1	15	1	9	5	12	0	323
NCU02057T0_875-1051_2C2A:A:321-481	0	7	2	3	0	13	4	10	0	161
NCU02057T0_1118-1251_1OXB:B:	0	5	0	5	0	13	11	4	0	124
NCU02057T0_541-651_1N9L:A:	0	5	1	3	0	14	5	7	0	109
NCU02057T0_812-887_2C2A:A:232-320	0	0	1	3	0	3	0	4	0	89
NCU02075T0_9-190_1BUP:A:4-188	0	12	1	6	0	18	7	13	0	185
NCU02075T0_363-519_1CKR:A:	1	10	0	2	0	15	14	9	0	159
NCU02075T0_195-357_1BUP:A:189-381	1	6	3	7	0	14	7	9	0	193
NCU02075T0_513-582_1UD0:A:	0	0	1	3	0	3	3	4	0	112
NCU02079T0_14-114_1QB3:A:	2	5	2	4	0	13	5	7	0	113
NCU02084T0_59-378_1GQ6:A:	7	8	6	9	0	33	21	11	0	301
NCU02091T0_38-359,392-589_1NXC:A:	6	18	6	16	0	45	25	28	0	467
NCU02096T0_3-144_1CQX:A:1-150	0	0	3	6	0	8	3	6	0	150
NCU02096T0_148-266_1CQX:A:151-261	3	6	0	1	0	16	6	5	0	111
NCU02096T0_272-406_1CQX:A:262-403	2	6	2	4	0	18	11	8	0	142
NCU02103T0_7-1477_1I50:A:	24	46	14	45	0	162	93	81	0	1449
NCU02107T0_50-610_1V25:A:	8	24	4	16	0	59	31	33	0	534
NCU02108T0_33-148_1V9J:A:	0	3	1	4	0	13	10	2	0	112
NCU02120T0_1033-1137_1M2V:B:61-215,B:553-646	5	10	2	3	0	17	17	8	1	249
NCU02128T0_104-362_1VL8:A:	2	7	6	9	0	25	10	14	0	251
NCU02136T0_2-298_1F05:A:	2	8	5	14	0	25	15	8	0	322
NCU02150T0_65-143,206-268,303-355_1G5B:A:	2	10	3	8	0	26	14	12	0	219
NCU02153T0_256-290,325-415_1H8C:A:	2	5	0	2	0	8	5	6	0	82
NCU02153T0_2-114_1DBY:A:	0	5	0	4	0	12	4	5	0	106
NCU02161T0_447-545_1ID3:B:	0	3	1	3	0	8	3	4	0	79
NCU02173T0_119-169_2ADR:A:102-130	2	0	0	1	0	5	2	2	0	29
NCU02173T0_185-222_1D66:A:8-48	0	0	0	2	0	4	1	2	0	41
NCU02175T0_137-185,261-505_2ZKM:X:312-660	5	11	5	10	0	36	20	20	0	349
NCU02175T0_516-633_1QAS:A:626-756	1	8	2	0	0	14	6	3	0	131
NCU02207T0_16-145,401-523_1A6D:A:17-145,A:404-519	0	9	1	11	0	18	7	14	1	245
NCU02207T0_208-374_1Q3Q:A:217-369	3	9	2	3	0	18	15	4	0	153
NCU02207T0_153-214,367-401_1A6D:B:145-215,B:368-403	0	5	3	3	0	7	6	2	1	107
NCU02242T0_47-101_1CHC:A:	0	3	0	1	0	9	8	3	0	68
NCU02244T0_37-162_1A25:A:	1	8	1	2	0	18	10	5	0	132
NCU02245T0_32-283_1MUO:A:	6	6	4	9	0	28	17	16	0	261
NCU02283T0_9-281_1A06:A:	4	8	4	10	0	29	20	14	0	307
NCU02295T0_355-634,662-762_1BO1:A:	1	12	2	8	0	33	23	12	0	383
NCU02307T0_201-244_2HAP:C:55-97	0	0	1	2	0	6	3	2	0	43
NCU02325T0_9-241_1GPM:A:3-207	1	12	1	4	0	26	19	16	0	205
NCU02325T0_198-464_1GPM:A:208-404	0	5	1	8	0	15	5	8	0	197
NCU02325T0_423-543_1GPM:A:405-525	2	4	2	2	0	9	6	7	0	121
NCU02328T0_217-399_1KYW:A:120-362	2	7	1	11	0	24	14	14	0	243
NCU02328T0_59-144_1TW3:A:14-98	1	2	1	5	0	4	4	7	0	85
NCU02351T0_241-461_1OUV:A:	0	0	0	15	0	18	7	15	0	272
NCU02353T0_115-232_1TFF:A:	3	4	2	10	0	17	9	11	0	228
NCU02354T0_134-242_1E6I:A:	0	0	2	5	0	8	8	7	0	111
NCU02354T0_311-444_1E6I:A:	0	0	2	5	0	8	8	7	0	111
NCU02358T0_273-401,480-498_2EF7:A:1-127	5	7	2	4	0	12	7	10	0	127
NCU02358T0_105-266_2YZI:A:4-135	6	6	2	4	0	14	9	11	0	132
NCU02361T0_45-194,243-416_2F4L:A:1-283	2	22	2	2	0	30	16	18	0	283
NCU02368T0_85-241,274-316_1DE4:C:122-189,C:383-608	3	7	2	10	0	23	20	17	1	294
NCU02376T0_65-334_1A7T:A:	1	13	0	6	0	19	12	14	0	227
NCU02386T0_9-42_1D66:A:8-48	0	0	0	2	0	4	1	2	0	41
NCU02387T0_18-322,358-679,767-930_1M8Z:A:	0	2	4	27	0	17	16	26	0	339
NCU02400T0_122-246_1SC3:A:,B:	4	11	2	6	0	32	19	15	1	261
NCU02402T0_124-301,1063-1141_1XEW:X:,Y:	2	15	2	9	0	30	20	14	1	329
NCU02402T0_849-881,964-1140_1E69:A:	6	14	2	6	0	26	20	16	0	308
NCU02402T0_278-476_1C1G:C:	0	0	0	3	0	2	1	2	0	283
NCU02404T1_87-197_1X4C:A:8-102	0	5	1	2	0	10	11	2	0	95
NCU02404T1_175-296_1P1T:A:	2	4	0	4	0	11	10	6	0	104
NCU02404T1_325-456_1NO8:A:	0	6	0	2	0	11	6	3	0	78
NCU02406T0_378-585_1HU3:A:	0	0	1	10	0	14	8	8	0	259
NCU02409T0_5-158,189-275,341-421,489-640_1B3U:A:	0	0	8	44	0	40	26	36	0	588
NCU02413T0_16-120_1HKS:A:	0	3	0	2	0	14	14	11	0	106
NCU02413T0_339-462_1OXB:B:	0	5	0	5	0	13	11	4	0	124
NCU02415T0_673-787_2GUD:A:1-121	0	13	0	0	0	14	12	3	0	121
NCU02420T0_571-860_1OZ4:A:471-763	2	0	3	7	0	31	24	19	0	292
NCU02425T0_440-540_1V89:A:	0	7	0	1	0	15	12	2	0	117
NCU02428T0_34-264_2V3K:A:25-251	2	10	2	6	0	30	16	14	0	227
NCU02431T0_326-383_1JM7:A:	2	0	1	3	0	11	9	5	0	103
NCU02434T0_499-574_1MSZ:A:	0	3	0	2	0	7	3	3	0	62
NCU02438T0_189-421_1SCZ:A:	0	10	2	7	0	19	8	12	0	233
NCU02438T0_41-131_1GHK:A:	3	6	0	0	0	17	8	3	0	79
NCU02457T0_108-359_1T94:A:75-407	2	10	5	13	0	31	13	16	0	333
NCU02457T0_366-467_1T94:A:411-515	0	4	0	2	0	8	4	3	0	105
NCU02466T0_6-257_1VYH:C:92-408	0	28	1	0	0	39	25	14	0	317
NCU02478T0_90-513,548-577_1BVZ:A:121-502	10	8	6	13	0	46	25	26	0	382
NCU02478T0_1148-1607_1RZU:A:	12	18	3	21	0	50	30	28	0	477
NCU02490T0_17-84_1XBL:A:	0	0	0	3	0	7	3	6	0	75
NCU02491T0_7-111_1XBL:A:	0	0	0	3	0	7	3	6	0	75
NCU02496T0_213-370_1C25:A:	3	7	1	5	0	18	12	10	0	161
NCU02505T0_569-878_1RQB:A:4-306	4	10	5	12	0	31	15	21	0	303
NCU02505T0_122-392_1ULZ:A:115-328	2	8	1	6	0	23	11	8	0	214
NCU02505T0_875-1047_1RQB:A:307-474	0	0	2	9	0	15	7	9	0	168
NCU02505T0_25-152_1ULZ:A:1-114	0	5	1	6	0	12	6	6	0	114
NCU02505T0_373-490_1ULZ:A:329-451	2	7	2	3	0	15	9	6	0	123
NCU02505T0_1108-1186_1O78:A:	4	6	0	0	0	18	11	2	0	84
NCU02532T0_37-420_1YOV:B:12-437	9	12	6	13	0	48	22	26	0	426
NCU02543T0_56-416_1O4S:A:	2	12	4	14	0	38	16	21	0	375
NCU02547T0_86-273_1FO5:A:	0	4	0	2	0	8	6	4	0	85
NCU02550T0_329-429,463-637_2F2H:A:248-585	10	10	5	9	0	36	16	18	0	338
NCU02552T0_282-332_1IYM:A:	0	2	0	1	0	11	6	4	0	54
NCU02559T0_77-224_1DFC:A:1008-1140	7	12	2	0	0	28	10	6	0	133
NCU02562T0_2-146,202-373,416-448_1PV7:A:	0	0	2	22	0	18	12	14	0	417
NCU02565T0_131-494_1ZKD:A:2-366	1	18	4	12	0	33	22	20	0	365
NCU02572T0_70-404_1N0U:A:3-343	9	9	5	14	0	30	13	15	0	341
NCU02572T0_627-795_1N0U:A:561-725	1	7	1	5	0	15	13	8	0	165
NCU02572T0_405-534_1N0U:A:344-481	3	10	0	2	0	16	10	11	0	138
NCU02572T0_796-882_1N0U:A:726-842	0	4	3	3	0	11	3	6	0	117
NCU02572T0_549-625_1N0U:A:482-560	0	4	1	2	0	9	6	3	0	79
NCU02573T0_77-180_2CU6:A:6-96	0	5	1	2	0	11	5	6	0	91
NCU02578T0_457-526_1G1E:B:	0	0	0	4	0	6	2	5	0	89
NCU02578T0_216-308_1E91:A:	0	0	0	4	0	8	6	3	0	85
NCU02578T0_655-721_1E91:A:	0	0	0	4	0	8	6	3	0	85
NCU02588T1_14-131_1WFI:A:	5	6	0	0	0	17	17	5	0	130
NCU02600T0_83-376,423-485,516-551,602-632_2CSG:A:3-419	10	12	6	15	0	56	28	26	0	417
NCU02610T0_14-102_1RE6:A:	2	5	0	2	0	15	10	0	0	93
NCU02616T0_293-580_1P22:A:253-545	0	28	0	1	0	35	23	13	0	293
NCU02617T0_70-269_2FLU:X:325-609	14	28	0	0	0	37	15	14	0	285
NCU02617T0_550-643_1LM8:C:	0	3	1	4	0	9	4	6	0	96
NCU02626T0_216-609_1GOJ:A:	6	14	5	9	0	36	20	25	0	354
NCU02639T1_179-332_1VL2:A:174-409	0	9	2	5	0	19	14	10	0	236
NCU02639T1_5-172_1VL2:A:2-169	2	5	1	8	0	15	6	10	0	168
NCU02648T0_226-496_1WZN:A:1-251	1	11	4	7	0	20	9	14	0	251
NCU02655T0_39-343,388-417_1PV7:A:	0	0	2	22	0	18	12	14	0	417
NCU02663T0_227-479_1R30:A:	5	9	1	11	0	35	25	12	0	312
NCU02671T0_448-501_2ADR:A:102-130	2	0	0	1	0	5	2	2	0	29
NCU02679T0_2-518_1UKC:A:	4	16	7	18	0	57	36	35	0	517
NCU02680T0_1-84_1WF9:A:8-101	3	3	2	2	0	13	7	7	0	94
NCU02688T1_3-164_2AAK:A:	2	4	1	4	0	15	9	11	0	150
NCU02688T1_301-449_2AAK:A:	2	4	1	4	0	15	9	11	0	150
NCU02688T0_3-164_2AAK:A:	2	4	1	4	0	15	9	11	0	150
NCU02688T0_301-448_2AAK:A:	2	4	1	4	0	15	9	11	0	150
NCU02690T0_118-142,252-410,462-521_1IMJ:A:	0	10	3	8	0	25	14	17	0	208
NCU02699T0_550-606_2CSH:A:8-60	0	4	0	2	0	6	6	3	0	53
NCU02699T0_591-645_1X6E:A:8-40	0	2	1	1	0	4	3	1	0	33
NCU02699T0_522-563_2CSH:A:8-60	0	4	0	2	0	6	6	3	0	53
NCU02712T0_25-228_1G99:A:1-197	0	8	3	6	0	22	15	11	0	197
NCU02712T0_230-285_1G99:A:198-398	2	6	3	8	0	23	13	10	0	201
NCU02720T0_571-665_1S7A:A:	0	3	1	5	0	9	8	3	0	103
NCU02727T0_84-376_1VLO:A:4-277	5	13	5	9	0	25	12	21	0	274
NCU02727T0_386-475_1V5V:A:313-401	0	6	1	0	0	10	6	7	0	89
NCU02736T1_3-110_1X5S:A:8-97	0	4	0	2	0	11	8	3	0	89
NCU02736T0_3-110_1X5S:A:8-97	0	4	0	2	0	11	8	3	0	89
NCU02738T1_46-207_1HQV:A:	6	0	0	8	0	23	10	4	0	181
NCU02749T0_184-280,342-503_1TXO:A:	3	11	3	6	0	26	12	11	0	235
NCU02750T0_158-278_1XX0:A:234-350	0	7	1	1	0	12	6	6	0	117
NCU02751T0_298-600_1A06:A:	4	8	4	10	0	29	20	14	0	307
NCU02751T0_106-201_1G3G:A:	0	11	0	3	0	24	14	7	0	164
NCU02752T0_40-85_2HAP:C:55-97	0	0	1	2	0	6	3	2	0	43
NCU02753T0_43-344_1VYH:C:92-408	0	28	1	0	0	39	25	14	0	317
NCU02755T0_105-188,217-256_1D2T:A:	0	0	2	13	0	18	11	13	0	224
NCU02755T0_331-394_1QI9:A:	18	10	8	19	0	65	45	30	0	555
NCU02764T0_254-329,378-530_1FOE:A:1034-1239	0	0	4	12	0	8	7	11	0	206
NCU02771T0_34-394_1URO:A:	1	9	5	16	0	33	22	19	0	357
NCU02776T0_162-433_1FNN:A:1-276	4	5	2	12	0	25	19	17	0	276
NCU02787T0_109-158_1A1I:A:132-159	0	2	0	1	0	5	1	1	0	28
NCU02787T0_177-215_2HAP:C:55-97	0	0	1	2	0	6	3	2	0	43
NCU02789T0_322-534,592-667,910-1052,1349-1391_1TE4:A:	0	0	3	6	0	11	9	5	0	111
NCU02812T0_143-336_1UKZ:A:	0	5	0	9	0	18	10	10	0	196
NCU02819T0_114-207_1CG7:A:	0	0	0	6	0	6	4	8	0	93
NCU02819T0_4-62_1SGG:A:	0	0	2	4	0	7	3	6	0	67
NCU02830T0_307-542,649-664_2ELB:A:6-273	0	0	3	6	0	7	3	6	0	268
NCU02830T0_841-957_1DCQ:A:247-368	2	3	1	5	0	15	8	9	0	122
NCU02830T0_467-521,555-605,653-757_1EAZ:A:	0	7	1	2	0	13	8	5	0	104
NCU02887T0_62-389_1EXB:A:	4	10	6	13	1	24	21	17	0	326
NCU02913T0_415-456,706-862_1Z5Z:A:663-906	0	6	1	10	0	26	11	15	0	244
NCU02913T0_209-263,297-511_1Z63:A:432-661	0	7	2	11	0	24	16	18	0	230
NCU02939T0_60-126_1N02:A:	0	10	1	0	0	7	6	9	0	101
NCU02947T0_68-135_1M22:A:	4	13	4	17	0	45	21	40	0	490
NCU02955T0_1-240_2BV3:A:7-282	2	11	3	8	0	22	12	14	0	276
NCU02955T0_435-555_2BV3:A:479-599	1	6	1	2	0	15	8	4	0	121
NCU02955T0_206-233,263-358_2BV3:A:283-403	1	12	0	0	0	15	9	9	0	121
NCU02955T0_358-435_1FNM:A:404-482	0	5	0	2	0	8	3	2	0	79
NCU02955T0_560-649_2BV3:A:600-688	0	4	2	3	0	5	0	4	0	89
NCU02956T0_53-432_1J71:A:	2	26	4	3	0	34	19	20	0	334
NCU02957T0_334-417_1R05:A:	0	0	1	2	0	5	6	2	0	86
NCU02962T0_21-59,212-287_1ML9:A:	5	15	6	5	0	45	22	13	0	284
NCU02962T0_54-116_2FV6:A:503-544	0	0	0	2	0	8	7	1	0	42
NCU02994T0_1096-1138_1A1I:A:103-131	0	2	0	2	0	3	2	3	0	29
NCU02996T0_56-64,101-329_1QHW:A:	0	14	5	7	0	41	26	17	0	300
NCU03021T0_74-231_1CF1:A:10-182	1	11	0	2	0	21	13	6	0	173
NCU03026T0_20-251,310-345_1W9P:A:39-298,A:361-433	4	9	9	11	0	41	22	17	1	333
NCU03026T0_253-311_1W9P:A:299-360	1	5	2	0	0	6	5	5	0	62
NCU03032T0_177-248,278-384_1DL5:A:1-213	5	9	5	7	0	25	11	9	0	213
NCU03040T0_127-213,251-347_1EBM:A:136-325	0	2	0	11	0	15	8	12	0	190
NCU03040T0_7-126_1EBM:A:9-135	0	5	1	4	0	14	7	6	0	127
NCU03043T0_312-366_2CSH:A:8-60	0	4	0	2	0	6	6	3	0	53
NCU03048T0_309-340_2FC6:A:8-44	2	0	1	1	0	7	4	3	0	37
NCU03048T0_236-260_1RGO:A:187-220	2	0	1	1	0	7	4	2	0	34
NCU03048T0_264-295_2CQE:A:458-513	2	0	0	2	0	7	7	2	0	56
NCU03054T0_222-381_1KLX:A:	0	0	0	8	0	11	4	8	0	133
NCU03065T0_469-891_2VNU:D:495-910	9	13	6	13	0	41	21	20	0	416
NCU03065T0_249-339,411-462_2VNU:D:252-399	5	5	1	2	0	14	5	5	0	148
NCU03065T0_896-972_2VNU:D:911-998	0	8	1	1	0	10	3	5	0	88
NCU03065T0_85-224_1O4W:A:	0	5	0	6	0	10	3	5	0	125
NCU03067T0_334-443_1IHG:A:197-365	0	0	2	8	0	13	5	7	0	169
NCU03068T0_22-223_2FDR:A:3-224	3	6	3	11	0	22	9	15	0	222
NCU03077T0_153-217_1AM9:A:	0	0	0	2	0	4	1	1	0	80
NCU03085T0_3-51_1TH7:A:3-78	0	5	1	1	0	8	2	4	0	76
NCU03087T0_201-313_1RL1:A:	2	7	2	0	0	13	8	2	0	92
NCU03100T0_179-482_1PGP:A:177-473	6	0	2	12	0	23	12	11	0	297
NCU03100T0_6-179_1PGP:A:1-176	4	8	1	7	0	22	12	9	0	176
NCU03108T0_80-125,362-596_2OR4:A:57-117,A:351-593	6	7	2	11	0	27	21	17	1	304
NCU03108T0_131-380_2OR4:A:118-350	8	12	3	4	0	39	15	17	0	233
NCU03108T0_599-626,669-799_2OR4:A:594-750	4	2	1	6	0	11	6	10	0	157
NCU03116T0_1112-1243,1275-1476_1NF1:A:	0	0	2	17	0	16	11	26	0	324
NCU03116T0_359-516_1P5S:A:	0	0	2	7	0	13	8	7	0	159
NCU03116T0_1698-1798_1X0H:A:8-107	0	7	1	3	0	10	5	5	0	99
NCU03137T0_412-564_1LTQ:A:153-301	3	5	1	4	0	19	7	10	0	149
NCU03152T0_4-152_2IMJ:A:5-159	0	6	1	4	0	15	10	7	0	155
NCU03154T0_250-394,434-518_2I7P:A:157-368	2	9	5	7	0	15	14	12	0	212
NCU03154T0_164-277_2I7P:A:12-152	1	6	2	5	0	9	5	4	0	141
NCU03158T0_78-246,317-419_1IUP:A:	0	8	2	13	0	25	18	18	0	271
NCU03164T0_907-1008,1042-1116_2C2A:A:321-481	0	7	2	3	0	13	4	10	0	161
NCU03164T0_1293-1375_1KGS:A:2-123	0	5	0	5	0	11	9	3	0	122
NCU03164T0_502-590_1P97:A:	0	5	0	4	0	12	9	7	0	113
NCU03164T0_671-793_1N9L:A:	0	5	1	3	0	14	5	7	0	109
NCU03164T0_800-841_2C2A:A:232-320	0	0	1	3	0	3	0	4	0	89
NCU03164T0_1191-1231_1OXB:B:	0	5	0	5	0	13	11	4	0	124
NCU03176T0_250-267,295-621,675-709,737-763_1NW1:A:	0	14	8	13	0	38	16	17	0	395
NCU03177T0_111-276_2B7K:A:111-279	0	7	1	4	0	18	6	11	0	169
NCU03194T0_461-619_1O4V:A:	0	5	1	6	0	16	3	8	0	169
NCU03194T0_128-338_1B6R:A:79-276	1	10	3	5	0	16	8	10	0	198
NCU03194T0_13-102_1EYZ:A:2-112	1	5	1	4	0	14	8	7	0	111
NCU03194T0_345-418_1B6R:A:277-355	0	3	2	2	0	9	6	4	0	79
NCU03195T0_31-244,279-378_1VHN:A:	0	9	3	14	0	31	18	15	0	317
NCU03198T0_18-191_1D7B:A:	5	13	1	1	0	24	10	12	0	185
NCU03221T0_163-272_1XTE:A:	0	3	2	4	0	9	3	6	0	116
NCU03228T0_600-847_2HYD:A:324-578	2	10	5	9	0	25	21	16	0	255
NCU03228T0_277-575_1PF4:A:10-320	0	0	9	16	0	12	11	14	0	310
NCU03240T0_162-372_1QG8:A:	2	9	4	8	0	22	13	12	0	255
NCU03243T0_36-240,270-359_1ZWX:A:41-333	6	14	2	5	0	34	21	18	0	293
NCU03246T0_11-32,60-188_1OHE:A:42-198	3	4	2	4	0	18	12	5	0	157
NCU03246T0_196-378_1OHE:A:199-380	2	5	1	7	0	19	11	10	0	182
NCU03250T0_255-391_1XJD:A:	8	7	5	9	0	32	15	17	0	320
NCU03254T0_59-397_1ECE:A:	9	13	3	9	0	43	26	25	0	358
NCU03273T0_838-939_1WHR:A:	0	3	1	3	0	17	10	4	0	123
NCU03276T0_52-300_1EVQ:A:	0	8	4	9	0	28	16	23	0	308
NCU03283T0_19-215_1SAW:A:	4	16	4	4	0	29	14	12	0	217
NCU03283T1_19-215_1SAW:A:	4	16	4	4	0	29	14	12	0	217
NCU03285T0_10-118_1MP1:A:	0	0	2	5	0	8	10	5	0	110
NCU03288T0_9-39,110-150,191-286,318-425_1DKG:D:186-383	1	6	1	6	0	13	10	7	0	198
NCU03290T0_476-727_2HU7:A:322-581	1	8	2	10	0	27	14	15	0	260
NCU03290T0_63-125,154-420_1XFD:A:127-591	9	30	2	3	0	57	36	22	0	465
NCU03295T0_40-547_1LCI:A:	7	27	4	15	0	64	28	38	0	541
NCU03298T0_622-965_1I9Z:A:	8	11	3	8	0	32	15	14	0	345
NCU03300T0_3-213_1O9D:A:	0	0	0	10	0	12	5	8	0	236
NCU03312T0_431-690_2IUB:A:9-285	0	7	2	6	0	23	14	10	0	281
NCU03312T0_701-762_2IUB:A:286-349	0	0	0	2	0	2	2	2	0	64
NCU03318T0_56-166_9PCY:A:	2	8	2	0	0	19	9	6	0	99
NCU03322T0_178-393_1DEO:A:	4	7	4	7	0	25	12	13	0	233
NCU03325T0_223-292,325-585_1OXW:A:	8	8	9	12	0	35	16	21	0	360
NCU03332T0_39-296_1ULS:A:	2	7	4	7	0	24	10	13	0	242
NCU03333T0_137-277_1XRI:A:	2	5	3	6	0	16	5	6	0	151
NCU03339T0_36-100,128-376_3GRS:A:18-165,A:291-363	3	11	3	5	0	26	14	14	1	221
NCU03339T0_387-502_3GRS:A:364-478	1	5	3	3	0	13	7	5	0	115
NCU03347T0_69-459_1YIZ:A:12-429	5	13	7	13	0	44	25	21	0	418
NCU03352T0_44-83_2HAP:C:55-97	0	0	1	2	0	6	3	2	0	43
NCU03355T0_59-99,161-259,288-482_1QXP:A:2-355	8	9	6	8	0	44	31	18	0	354
NCU03355T0_493-574_1QXP:A:356-514	5	8	1	1	0	22	11	4	0	159
NCU03359T0_357-621_1LV7:A:	2	6	3	10	0	31	17	18	0	256
NCU03359T0_607-792_2CE7:A:411-603	1	2	1	7	0	10	7	6	0	193
NCU03360T0_79-216_1DS9:A:	1	9	1	9	0	23	14	8	0	198
NCU03366T0_4-81_2FB7:A:16-95	0	5	0	0	0	11	11	3	0	80
NCU03379T0_374-560,1561-1820_1NVU:S:	2	4	4	21	0	35	21	23	0	481
NCU03406T0_11-103_1HV2:A:	0	3	0	4	0	8	5	5	0	99
NCU03408T0_26-150,179-351,396-432_1VA4:A:	4	8	3	10	0	25	15	19	0	271
NCU03417T0_57-101_2HAP:C:55-97	0	0	1	2	0	6	3	2	0	43
NCU03435T0_37-130_1UW4:A:	0	6	0	2	0	13	5	4	0	91
NCU03435T0_520-611_2CPF:A:362-446	0	6	0	2	0	10	6	5	0	85
NCU03439T0_74-282_1XXL:A:	5	8	2	9	0	23	10	12	0	238
NCU03441T0_5-268_1GOT:B:	1	28	0	2	0	36	22	23	0	339
NCU03461T0_748-818_1WES:A:	0	2	0	0	0	16	13	4	0	70
NCU03489T0_33-78_2HAP:C:55-97	0	0	1	2	0	6	3	2	0	43
NCU03505T0_419-627_2A1X:A:43-338	5	15	4	5	0	35	14	11	0	296
NCU03536T0_205-257_1CI6:A:	0	0	0	1	0	1	0	0	0	62
NCU03538T0_48-132,191-339,464-506_1XWY:A:1-260	0	8	7	9	0	24	12	14	0	260
NCU03545T0_1553-1742_1O6V:A:33-416	1	19	16	2	0	68	27	29	0	381
NCU03545T0_1695-1944_1D0B:A:	0	10	7	3	0	37	15	16	0	207
NCU03564T0_2-203_1UL1:X:2-217	0	7	1	7	0	19	10	10	0	216
NCU03564T0_188-230,268-338_1A77:A:209-316	0	0	0	6	0	9	3	6	0	108
NCU03571T0_302-636_1H1W:A:	2	9	7	9	0	29	16	16	0	289
NCU03572T0_330-420_1V31:A:	2	4	0	4	0	14	11	2	0	92
NCU03584T0_393-766_1TQY:A:219-423	5	7	2	5	0	21	7	8	0	166
NCU03584T0_920-1049,1115-1217_1MLA:A:3-127,A:198-307	2	5	1	12	0	22	14	13	1	235
NCU03584T0_1948-2205_1XKT:A:	2	7	3	8	0	30	19	12	0	288
NCU03584T0_1680-1757_1T8K:A:	2	0	1	4	0	8	0	6	0	77
NCU03584T0_1810-1881_1T8K:A:	2	0	1	4	0	8	0	6	0	77
NCU03584T0_1050-1112_1MLA:A:128-197	0	4	0	2	0	6	5	4	0	70
NCU03584T0_116-159,249-359_1MLA:A:3-127,A:198-307	2	5	1	12	0	22	14	13	1	235
NCU03632T0_224-544_1D8D:A:	0	1	4	16	0	29	9	21	0	323
NCU03641T0_49-319_1EX1:A:1-388	3	11	8	15	1	39	19	29	0	388
NCU03641T0_365-571,598-620_1EX1:A:389-602	5	6	2	6	0	33	25	10	0	214
NCU03652T0_256-287,349-559_1Z63:A:432-661	0	7	2	11	0	24	16	18	0	230
NCU03652T0_490-547,1255-1402_1Z5Z:A:663-906	0	6	1	10	0	26	11	15	0	244
NCU03652T0_1139-1191_1G25:A:	0	3	0	2	0	10	4	5	0	65
NCU03657T1_276-506,536-817_2JG0:A:37-547	13	16	6	19	0	52	31	30	0	511
NCU03661T0_434-644_1FKM:A:249-442	2	0	8	8	0	13	13	10	0	194
NCU03661T0_619-742_1FKM:A:443-630	0	0	1	8	0	10	3	8	0	188
NCU03670T0_28-228,279-352_1H2K:A:	3	17	6	8	0	41	17	19	0	335
NCU03675T0_654-896_1GXR:A:	2	31	0	0	0	37	29	20	0	336
NCU03675T0_286-443_1IWG:A:513-566,A:869-1036	2	0	1	11	0	13	7	10	1	222
NCU03678T0_87-279_2AFJ:A:12-224	0	10	2	3	0	26	29	9	0	213
NCU03686T0_9-53_1PYI:A:30-71	0	2	0	2	0	6	1	3	0	42
NCU03696T0_72-267_1YWQ:A:2-200	1	5	3	9	0	16	6	9	0	199
NCU03699T0_211-253_1A1I:A:103-131	0	2	0	2	0	3	2	3	0	29
NCU03709T0_1-23,51-113_1N45:A:	0	0	4	10	0	16	8	8	0	214
NCU03710T0_93-169_1S7B:A:	0	0	0	4	0	10	7	3	0	109
NCU03710T0_241-337_1S7B:A:	0	0	0	4	0	10	7	3	0	109
NCU03714T0_95-143,170-270_1XWA:A:	0	5	0	4	0	8	5	7	0	110
NCU03715T0_38-421_1I6I:A:	5	18	4	8	0	31	12	24	0	365
NCU03725T0_111-351_1MNN:A:	5	22	7	3	0	40	15	13	0	303
NCU03728T0_23-67_1PYI:A:30-71	0	2	0	2	0	6	1	3	0	42
NCU03742T0_154-428_1TYY:A:	0	14	8	9	0	31	15	11	0	304
NCU03749T0_26-281_1QH5:A:	1	14	0	9	0	24	13	19	0	260
NCU03749T1_26-281_1QH5:A:	1	14	0	9	0	24	13	19	0	260
NCU03756T0_39-87,121-314,355-423,476-508,542-643_1WST:A:13-415	2	14	5	14	0	40	17	16	0	403
NCU03765T0_228-398_1KFS:A:324-518	0	6	2	7	0	16	14	9	0	195
NCU03768T0_14-57,90-388_2OCD:A:2-337	4	17	4	9	0	39	20	21	0	336
NCU03768T0_413-508_1IKN:D:	0	0	3	10	0	26	9	18	0	221
NCU03776T0_694-904_1R0W:A:	0	11	2	12	1	27	19	16	0	281
NCU03776T0_1340-1587_1PF4:A:321-564	3	9	2	6	0	30	21	8	0	243
NCU03776T0_972-1077,1104-1310_1PF4:A:10-320	0	0	9	16	0	12	11	14	0	310
NCU03776T0_305-629_2HYD:A:1-323	0	0	1	15	1	9	5	12	0	323
NCU03792T0_786-1162_1I9Z:A:	8	11	3	8	0	32	15	14	0	345
NCU03792T0_494-599,665-782_1NR0:A:313-611	0	28	1	0	0	35	26	23	0	299
NCU03796T0_2-91_1GKZ:A:38-185	0	2	0	6	0	7	8	7	0	148
NCU03796T0_63-95,133-236_1GKZ:A:186-378	0	8	0	3	0	16	9	10	0	193
NCU03797T0_225-577_1NBF:A:	6	16	6	11	0	38	19	20	0	347
NCU03797T0_74-212_2CR2:A:8-153	4	10	1	1	0	22	13	6	0	146
NCU03802T0_161-304,338-452_1Y0Z:A:	5	21	1	9	0	39	19	16	0	327
NCU03802T0_474-521_1Y0Z:A:	5	21	1	9	0	39	19	16	0	327
NCU03802T0_311-321,443-463_1UX5:A:	6	0	6	19	0	32	18	22	0	411
NCU03825T0_273-452_2OBB:A:1-122	3	4	0	4	0	17	9	9	0	122
NCU03827T0_192-315_2GY9:I:4-129	0	6	3	4	0	10	5	5	0	126
NCU03840T0_62-119,185-272_1QJB:A:	0	0	1	9	0	11	5	13	0	232
NCU03850T0_15-148,177-243_2BDR:A:1-166	2	17	3	1	0	26	9	6	0	166
NCU03851T0_88-265_1IUH:A:	0	9	4	3	0	14	7	3	0	183
NCU03852T0_871-933,973-1233_1WER:A:	0	0	6	15	0	23	13	16	0	324
NCU03852T0_747-863_1TJX:A:	1	8	2	2	0	16	7	6	0	158
NCU03861T0_390-582_1TF4:A:1-460	16	3	5	16	0	54	31	25	0	460
NCU03862T0_71-335_4LIP:D:	4	11	2	11	0	29	17	24	0	319
NCU03864T0_71-125_2C2L:A:24-224	0	0	1	10	0	12	7	11	0	201
NCU03868T0_390-485,598-638_1QFJ:A:98-232	0	6	2	5	0	18	9	7	0	135
NCU03870T1_2-84_1Z0N:A:77-163	0	10	1	0	0	14	6	6	0	87
NCU03877T1_306-453,505-932_1EG7:A:	4	25	8	18	0	59	33	37	0	549
NCU03877T1_116-280_1A4I:A:127-296	4	5	1	6	0	22	8	10	0	170
NCU03877T1_2-115_1A4I:A:2-126	1	4	1	4	0	14	5	6	0	125
NCU03891T0_96-229_1L1D:A:	0	9	5	3	0	18	11	8	0	144
NCU03892T0_6-120_1C20:A:	0	2	0	8	0	11	5	7	0	128
NCU03892T0_446-669_1WA5:B:	0	0	5	29	0	38	22	22	0	506
NCU03911T0_2-264_1IZN:A:	1	10	1	7	0	22	12	12	0	275
NCU03937T0_876-1006_1XTE:A:	0	3	2	4	0	9	3	6	0	116
NCU03937T0_408-566_1DK8:A:	0	0	0	10	0	9	6	10	0	147
NCU03947T0_444-810_1ND7:A:	2	12	7	14	0	33	22	22	0	373
NCU03947T0_14-137_1TJX:A:	1	8	2	2	0	16	7	6	0	158
NCU03947T0_388-430_1TK7:A:1-45	0	3	0	1	0	5	4	3	0	43
NCU03947T0_332-372_1TK7:A:46-88	0	3	0	1	0	5	4	3	0	43
NCU03947T0_235-273_1TK7:A:1-45	0	3	0	1	0	5	4	3	0	43
NCU03965T0_253-330,374-516,583-630_1ERJ:A:	2	30	1	1	0	43	24	22	0	388
NCU03973T0_95-141,174-558_1XI9:A:	3	15	6	14	0	41	17	19	0	405
NCU03981T1_372-610_1F60:A:2-240	2	8	3	8	0	25	15	13	0	239
NCU03981T1_592-686_1JNY:A:228-322	2	10	2	0	0	11	5	7	0	95
NCU03981T1_702-780_1EFC:A:297-393	2	6	1	0	0	13	3	6	0	97
NCU03981T0_158-396_1F60:A:2-240	2	8	3	8	0	25	15	13	0	239
NCU03981T0_378-472_1JNY:A:228-322	2	10	2	0	0	11	5	7	0	95
NCU03981T0_488-566_1EFC:A:297-393	2	6	1	0	0	13	3	6	0	97
NCU03998T0_176-329,366-443,511-567_1I31:A:	1	16	2	0	0	27	16	7	0	277
NCU03998T0_5-145_1GW5:M:1-141	2	5	1	4	0	13	8	7	0	140
NCU04007T0_117-573_1XKS:A:	4	28	4	3	0	43	16	22	0	403
NCU04013T1_21-464_1AD3:A:	0	19	7	14	0	42	30	22	0	446
NCU04027T0_2-324_3OVW:A:	10	26	4	8	0	53	29	31	0	399
NCU04058T0_64-98_1T2K:C:	0	0	0	1	0	1	0	0	0	61
NCU04059T0_946-1124_1C1G:C:	0	0	0	3	0	2	1	2	0	283
NCU04064T0_35-110,160-227_1MTZ:A:	4	8	4	10	0	27	19	19	0	290
NCU04068T0_152-253_2QAM:G:82-176	2	4	0	1	0	13	7	5	0	95
NCU04068T0_52-150_1RL6:A:7-81	0	6	0	1	0	8	2	6	0	75
NCU04069T0_79-425_1QGX:A:	4	14	3	10	0	37	23	23	0	354
NCU04076T0_925-945,1034-1272_2B8E:A:416-434,A:548-663	2	6	0	6	1	16	9	5	1	135
NCU04076T0_725-809_1SU4:A:125-239	2	9	3	0	0	21	10	7	0	115
NCU04076T0_350-420_1AW0:A:	0	4	0	2	0	7	1	5	0	72
NCU04076T0_256-326_1JWW:A:	0	4	0	2	0	7	5	4	0	80
NCU04076T0_955-1081_2B8E:A:435-547	0	6	0	4	0	7	3	7	0	113
NCU04076T0_673-709,811-910_1SU4:A:1-124,A:240-343,A:751-994	1	1	8	18	0	32	20	22	2	472
NCU04076T0_32-90_1AW0:A:	0	4	0	2	0	7	1	5	0	72
NCU04081T0_193-258,298-375_1SVI:A:	2	7	3	5	0	16	8	11	0	195
NCU04085T0_144-244_2PPQ:A:5-320	7	9	3	9	0	29	14	15	0	316
NCU04089T0_30-542_1TQN:A:	5	9	7	18	0	43	20	30	0	472
NCU04091T0_338-420_2D9I:A:8-90	0	4	1	2	0	11	4	6	0	83
NCU04091T0_143-180_1WGL:A:	0	0	0	3	0	8	5	1	0	58
NCU04095T0_7-129_1OEB:A:	3	5	1	0	0	10	4	3	0	59
NCU04095T0_841-959_2F4M:A:164-450	1	11	3	10	0	27	16	14	0	287
NCU04105T0_1176-1231,1258-1538_1SRQ:A:	0	13	3	8	0	35	24	16	0	336
NCU04105T0_332-439,493-642,880-1054_1WA5:B:	0	0	5	29	0	38	22	22	0	506
NCU04109T0_132-248_1HQO:A:201-354	2	0	1	7	0	9	5	7	0	154
NCU04109T0_43-128_1K0D:D:99-200	0	4	3	4	0	11	6	8	0	102
NCU04111T0_223-511_1II7:A:	4	19	4	8	0	37	23	13	0	333
NCU04129T0_44-336_2O57:A:16-297	0	7	3	11	0	24	14	16	0	282
NCU04132T0_118-169,209-328_2CY2:A:1-174	2	7	2	5	0	19	6	8	0	174
NCU04136T0_384-669_1P22:A:253-545	0	28	0	1	0	35	23	13	0	293
NCU04136T0_90-237_2J49:A:149-282	0	2	2	8	0	8	3	6	0	134
NCU04139T0_2-136_1RZ0:A:	4	11	0	3	0	15	3	10	0	153
NCU04140T0_57-169_1BKF:A:	2	6	2	1	0	15	6	8	0	107
NCU04153T0_16-37,77-204,342-419_1R3E:A:10-237	2	14	3	5	0	20	11	13	0	228
NCU04159T0_64-188_1O4W:A:	0	5	0	6	0	10	3	5	0	125
NCU04161T0_1178-1310,1339-1447_3B60:A:329-581	4	10	2	9	0	24	18	16	0	253
NCU04161T0_600-812_1XMI:A:	0	11	2	11	1	27	20	15	0	290
NCU04161T0_875-1162_1PF4:A:10-320	0	0	9	16	0	12	11	14	0	310
NCU04161T0_173-277,323-521_2HYD:A:1-323	0	0	1	15	1	9	5	12	0	323
NCU04164T1_64-165_1HL6:A:	5	8	1	3	0	15	7	7	0	143
NCU04164T0_64-165_1HL6:A:	5	8	1	3	0	15	7	7	0	143
NCU04167T0_250-348,398-657_1QG8:A:	2	9	4	8	0	22	13	12	0	255
NCU04170T0_28-450,486-547_1KV9:A:1-560	8	39	7	5	0	72	35	35	0	560
NCU04207T0_514-580_2OAU:A:113-179	0	5	0	2	0	7	5	3	0	67
NCU04207T0_379-464_1GGZ:A:	0	4	0	7	0	13	4	7	0	144
NCU04223T0_292-395,438-640_1QG8:A:	2	9	4	8	0	22	13	12	0	255
NCU04233T0_281-526_1IA9:A:	5	14	4	6	0	31	17	13	0	278
NCU04233T0_2-106_1U0O:C:507-702	5	6	0	7	0	19	13	9	0	196
NCU04237T0_34-253_1QZU:A:	0	5	3	8	0	18	11	11	0	181
NCU04241T0_248-472_1FKM:A:249-442	2	0	8	8	0	13	13	10	0	194
NCU04241T0_448-572_1FKM:A:443-630	0	0	1	8	0	10	3	8	0	188
NCU04242T0_450-875_1W36:D:2-360	6	9	4	14	0	32	29	25	0	359
NCU04245T0_317-504_1A17:A:	0	0	0	7	0	11	3	7	0	159
NCU04245T0_134-232_1A17:A:	0	0	0	7	0	11	3	7	0	159
NCU04245T0_463-592_1W3B:A:	0	0	0	23	0	35	6	26	0	388
NCU04255T0_25-145_2FF4:A:284-382	1	11	0	0	0	16	10	8	0	99
NCU04261T0_210-254_2D8Q:A:8-64	4	0	0	2	0	9	3	2	0	57
NCU04279T0_284-552_1B3U:A:	0	0	8	44	0	40	26	36	0	588
NCU04279T0_34-262_1O6Y:A:	1	11	3	8	0	24	14	12	0	276
NCU04298T0_168-418_1QFE:A:	4	10	4	9	0	26	14	12	0	252
NCU04313T0_46-238_1FMT:A:1-206	5	7	1	6	0	25	13	8	0	206
NCU04326T0_610-861,917-943_1GZ8:A:	3	8	3	10	0	29	17	22	0	298
NCU04333T0_516-884,969-978_2GFO:A:762-1109	3	20	3	10	0	40	19	15	0	348
NCU04338T0_29-127_1KX5:B:	0	3	1	3	0	10	6	4	0	102
NCU04342T0_13-135_1FWQ:A:	7	10	1	0	0	17	12	7	0	115
NCU04342T0_150-252_1X6M:A:	1	11	5	3	0	24	13	10	0	195
NCU04343T0_547-741,774-876_1Z70:X:1086-1371	10	14	3	4	0	41	27	22	0	286
NCU04347T0_2-225_1TV8:A:	4	11	4	10	0	39	20	20	0	327
NCU04352T0_6-492,547-695_1LKX:A:	9	14	5	27	0	58	39	31	0	684
NCU04352T0_1146-1206,1275-1524_1QG8:A:	2	9	4	8	0	22	13	12	0	255
NCU04352T0_1736-1797_1Q1V:A:	0	0	1	3	0	7	5	1	0	69
NCU04352T0_855-921_1T0G:A:	0	5	1	3	0	13	7	9	0	109
NCU04353T0_165-212_1OFC:X:799-850	0	0	1	3	0	5	1	5	0	52
NCU04354T0_111-235,273-410_2J0S:A:244-411	0	7	4	5	0	15	11	10	0	168
NCU04358T0_580-646,680-785_1NYT:A:102-271	0	6	4	6	0	18	9	9	0	170
NCU04358T0_458-550_1NVT:A:1-110	0	6	2	3	0	12	4	8	0	105
NCU04358T0_234-423_1QFE:A:	4	10	4	9	0	26	14	12	0	252
NCU04358T0_14-162_1SHK:A:	0	5	1	7	0	12	6	5	0	173
NCU04363T0_95-151,188-304_1F3U:D:	0	9	5	1	0	18	9	3	0	162
NCU04364T0_763-825,852-917,1008-1058_2B4V:A:289-471	3	4	4	5	0	20	10	9	0	183
NCU04364T0_207-387,736-760_1WOT:A:	0	4	0	4	0	13	6	4	0	98
NCU04368T0_245-389_1HQO:A:201-354	2	0	1	7	0	9	5	7	0	154
NCU04368T0_107-164,201-237_1EEM:A:5-102	2	4	1	2	0	15	6	8	0	98
NCU04370T0_420-920_1YOV:B:12-437	9	12	6	13	0	48	22	26	0	426
NCU04370T0_27-409_1YOV:A:6-534	6	10	2	23	0	45	33	28	0	529
NCU04371T0_2-111_1YAT:A:	2	7	3	1	0	16	4	8	0	113
NCU04393T0_2-191_1WDK:A:311-496	0	8	3	6	0	20	12	8	0	186
NCU04393T0_198-309_1F0Y:A:204-302	3	0	1	5	0	8	3	5	0	99
NCU04403T0_242-336_1WZ0:A:8-100	1	4	0	1	0	14	8	6	0	91
NCU04417T0_68-134_1S79:A:	0	4	1	3	0	13	8	5	0	102
NCU04424T0_162-241,307-466_1Z5Z:A:663-906	0	6	1	10	0	26	11	15	0	244
NCU04424T0_1-157_1Z63:A:432-661	0	7	2	11	0	24	16	18	0	230
NCU04426T0_95-384_1UA2:A:	1	8	3	9	0	30	19	17	0	299
NCU04427T0_29-245_2EFK:A:10-288	0	0	1	6	0	5	3	5	0	279
NCU04436T0_29-124_1HV2:A:	0	3	0	4	0	8	5	5	0	99
NCU04438T0_76-129_1WD2:A:	0	0	2	0	0	10	10	2	0	59
NCU04438T0_3-57_2CT7:A:8-80	1	4	0	1	0	15	9	2	0	73
NCU04445T0_594-646,983-1163_1Z5Z:A:663-906	0	6	1	10	0	26	11	15	0	244
NCU04445T0_416-559,585-667_1Z63:A:432-661	0	7	2	11	0	24	16	18	0	230
NCU04445T0_861-923_1JM7:A:	2	0	1	3	0	11	9	5	0	103
NCU04446T0_63-457_1PV7:A:	0	0	2	22	0	18	12	14	0	417
NCU04471T0_48-98,140-244_1RC9:A:1-164	3	8	3	4	0	19	10	12	0	164
NCU04472T0_747-978_2P6R:A:203-403	2	10	1	7	0	20	15	11	0	201
NCU04472T0_1158-1202,1291-1400_2P6R:A:203-403	2	10	1	7	0	20	15	11	0	201
NCU04478T0_477-661_1BYR:A:	2	8	0	5	0	13	9	7	0	152
NCU04478T0_104-342_1JY1:A:145-350	9	7	6	5	0	30	11	16	0	202
NCU04498T0_323-444_1A17:A:	0	0	0	7	0	11	3	7	0	159
NCU04500T0_32-303_2HVM:A:	3	9	7	10	0	29	21	13	0	273
NCU04500T0_394-427_1AZ6:A:	0	2	0	0	0	7	4	2	0	36
NCU04510T0_34-305_1AH4:A:	10	10	7	10	0	47	22	21	0	315
NCU04514T0_478-574,604-689_1FKM:A:249-442	2	0	8	8	0	13	13	10	0	194
NCU04514T0_730-812_1FKM:A:443-630	0	0	1	8	0	10	3	8	0	188
NCU04548T0_532-564,632-684,714-1174_1WNS:A:348-758	8	7	1	12	0	41	19	21	0	411
NCU04548T0_96-190,237-513_1D5A:A:1-347	0	17	1	9	0	27	25	19	0	347
NCU04554T0_9-274,336-398_1D2K:A:36-292,A:355-427	3	9	7	12	0	40	28	19	1	330
NCU04554T0_266-327_1W9P:A:299-360	1	5	2	0	0	6	5	5	0	62
NCU04568T0_53-483_1PW4:A:	2	0	1	18	0	21	18	22	0	450
NCU04578T0_43-238_1TG6:A:1-193	4	7	0	7	0	20	10	6	0	193
NCU04581T0_443-815_1F9V:A:	2	14	8	7	0	22	10	16	0	342
NCU04593T0_8-165_1KYA:A:1-130	7	8	2	0	0	20	7	9	0	130
NCU04593T0_141-236,442-510_1GW0:A:344-559	3	11	3	5	0	27	15	11	0	216
NCU04593T0_310-490_1V10:A:305-494	3	12	3	5	0	28	18	8	0	190
NCU04601T0_26-115_1U2C:A:58-160	0	7	1	1	0	10	4	6	0	103
NCU04601T0_148-235_1U2C:A:58-160	0	7	1	1	0	10	4	6	0	103
NCU04601T0_244-330_1L3W:A:327-433	2	9	0	0	0	18	7	4	0	107
NCU04612T1_58-341_1S9I:A:	1	7	3	12	0	30	21	11	0	334
NCU04613T0_37-172,226-283_2FI1:A:4-190	3	5	2	9	0	21	7	14	0	187
NCU04623T0_44-397_1TG7:A:41-394	13	10	6	10	0	54	27	25	0	354
NCU04623T0_406-578_1TG7:A:395-569	2	17	0	1	0	17	10	13	0	175
NCU04623T0_854-1018_1TG7:A:849-1011	5	9	0	1	0	21	11	11	0	163
NCU04623T0_671-846_1TG7:A:667-848	2	10	5	0	0	24	14	11	0	182
NCU04623T0_581-668_1TG7:A:570-666	1	9	0	2	0	11	5	6	0	97
NCU04628T0_660-702_2CSH:A:8-60	0	4	0	2	0	6	6	3	0	53
NCU04634T0_155-436_1QYC:A:	1	13	4	12	0	30	15	23	0	307
NCU04637T0_19-245_1URU:A:	2	0	0	4	0	8	3	8	0	217
NCU04637T0_392-465_1OOT:A:	3	5	1	0	0	9	4	4	0	58
NCU04640T0_166-273_1NEE:A:1-98	1	3	0	4	0	10	9	4	0	98
NCU04640T0_270-306_1K81:A:	0	3	0	0	0	4	2	2	0	36
NCU04652T0_22-383,417-626_1GW5:A:	0	2	4	33	0	46	32	22	0	620
NCU04663T0_248-292_1D66:A:8-48	0	0	0	2	0	4	1	2	0	41
NCU04671T0_14-59_1D66:A:8-48	0	0	0	2	0	4	1	2	0	41
NCU04722T0_87-159,278-384_1WF3:A:3-180	1	6	2	5	0	17	15	11	0	178
NCU04731T0_301-396_1AM9:A:	0	0	0	2	0	4	1	1	0	80
NCU04754T0_55-403_1EKF:A:	6	19	3	7	0	43	24	20	0	365
NCU04777T0_2-346,450-495_1VLL:A:	3	15	2	12	0	33	17	19	0	321
NCU04782T0_584-834_2OZU:A:507-776	3	11	2	7	0	25	15	15	0	270
NCU04782T0_218-286_1MM3:A:	1	2	0	0	0	12	10	3	0	60
NCU04790T0_287-529_1R5B:A:215-459	2	6	1	8	0	23	15	15	0	245
NCU04790T0_617-724_1R5B:A:555-622	5	4	0	0	0	11	7	1	0	68
NCU04790T0_520-611_1R5B:A:460-554	1	10	0	1	0	12	6	7	0	95
NCU04800T0_730-1139_1C4Z:A:	4	10	4	13	0	35	26	18	0	350
NCU04807T0_439-502,573-658_1MJH:A:	0	5	1	4	0	16	7	5	0	160
NCU04809T0_36-462_1PV7:A:	0	0	2	22	0	18	12	14	0	417
NCU04815T0_46-195_1QIP:A:	2	8	4	4	0	21	8	12	0	176
NCU04815T0_203-343_1QIP:A:	2	8	4	4	0	21	8	12	0	176
NCU04818T0_139-313_2QFI:A:5-208	2	0	7	7	0	14	20	21	0	204
NCU04818T0_315-393_3BYP:A:6-87	1	3	0	2	0	5	2	4	0	82
NCU04825T0_121-158,201-244_1N3J:A:	3	9	0	2	0	19	13	1	0	119
NCU04834T0_472-668_3C2W:A:118-309	1	9	1	6	0	18	10	11	0	192
NCU04834T0_670-849_2VEA:A:327-514	0	9	3	5	0	16	12	6	0	188
NCU04834T0_913-1095_2C2A:A:321-481	0	7	2	3	0	13	4	10	0	161
NCU04834T0_1356-1494_1OXB:B:	0	5	0	5	0	13	11	4	0	124
NCU04834T0_270-413_3C2W:A:5-117	2	6	1	2	0	14	8	8	0	113
NCU04834T0_845-925_2C2A:A:232-320	0	0	1	3	0	3	0	4	0	89
NCU04838T0_221-253,290-595_1A12:A:	5	30	5	1	0	58	38	27	0	401
NCU04838T0_886-1003_1BUO:A:	0	3	1	6	0	11	5	4	0	121
NCU04838T0_71-169_1BD8:A:	0	0	0	10	0	20	8	16	0	156
NCU04848T0_43-89_1SP2:A:	2	0	0	1	0	5	3	2	0	31
NCU04850T0_34-338_1RMG:A:	8	23	1	3	0	46	35	15	0	422
NCU04850T0_386-572,602-641,669-750_1H80:A:	9	29	2	5	0	61	31	22	0	464
NCU04851T0_221-267_2HAP:C:55-97	0	0	1	2	0	6	3	2	0	43
NCU04856T1_112-352_1F52:A:101-468	4	12	5	10	0	37	24	21	0	368
NCU04856T1_19-109_1F52:A:1-100	0	6	3	2	0	15	6	4	0	100
NCU04856T0_112-360_1F52:A:101-468	4	12	5	10	0	37	24	21	0	368
NCU04856T0_19-109_1F52:A:1-100	0	6	3	2	0	15	6	4	0	100
NCU04861T0_189-217,244-412,449-512_1UOH:A:	0	0	1	14	0	27	7	20	0	223
NCU04861T0_2-59_2OVR:B:2263-2364	0	0	0	6	0	9	7	5	0	102
NCU04861T0_533-622_1WDY:A:	2	0	0	17	0	35	10	27	0	285
NCU04865T0_2-379,411-431_1J3N:A:250-408	3	7	2	4	0	21	9	8	0	159
NCU04865T0_577-707,776-880_1MLA:A:3-127,A:198-307	2	5	1	12	0	22	14	13	1	235
NCU04865T0_1962-2124_1PQW:A:	0	7	2	7	0	15	7	13	0	183
NCU04865T0_2199-2427_2FR1:A:1657-1915	2	9	2	10	0	25	12	17	0	259
NCU04865T0_1441-1626_2AVN:A:1-246	2	10	3	10	0	28	12	9	0	246
NCU04865T0_1876-1990_1QOR:A:2-112,A:292-327	4	9	4	2	0	19	11	6	1	147
NCU04865T0_710-775_1NM2:A:134-195	0	4	0	2	0	5	3	3	0	62
NCU04865T0_2494-2566_2PNG:A:1-76	0	0	1	5	0	12	9	8	0	89
NCU04866T0_17-63_2HAP:C:55-97	0	0	1	2	0	6	3	2	0	43
NCU04881T0_805-1072_1WDY:A:	2	0	0	17	0	35	10	27	0	285
NCU04881T0_382-560_1YE8:A:1-178	0	9	2	5	0	17	7	11	0	178
NCU04883T0_25-296,358-416_1D2K:A:36-292,A:355-427	3	9	7	12	0	40	28	19	1	330
NCU04883T0_288-349_1W9P:A:299-360	1	5	2	0	0	6	5	5	0	62
NCU04905T0_82-351_1VLM:A:	2	8	2	8	0	22	11	13	0	218
NCU04906T0_97-362_1XXL:A:	5	8	2	9	0	23	10	12	0	238
NCU04909T0_110-379_1T43:A:	2	9	3	11	0	29	18	14	0	274
NCU04919T0_46-76,153-191,242-457_1HJO:A:189-382	1	6	2	6	0	13	8	10	0	194
NCU04930T0_5-442_1THG:A:	5	16	8	19	0	57	37	36	0	543
NCU04941T0_190-236_1WD2:A:	0	0	2	0	0	10	10	2	0	59
NCU04944T0_84-270_1IG3:A:10-178	4	8	0	0	0	11	8	2	0	85
NCU04944T0_274-367_1IG3:A:179-263	4	8	0	0	0	11	8	2	0	85
NCU04990T0_49-319,398-441_1XWS:A:	3	12	5	9	0	31	19	10	0	273
NCU04997T0_25-333_1BG4:A:	7	9	3	13	0	34	20	19	0	301
NCU04997T0_397-431_1AZ6:A:	0	2	0	0	0	7	4	2	0	36
NCU05012T0_77-122,176-308_2R8B:A:44-246	2	9	2	5	0	21	16	11	0	203
NCU05032T0_2-52_2AYJ:A:1-56	0	3	0	0	0	12	6	4	0	56
NCU05032T1_2-52_2AYJ:A:1-56	0	3	0	0	0	12	6	4	0	56
NCU05036T0_72-184_1WLJ:A:	0	7	1	7	0	16	4	10	0	173
NCU05044T0_264-382_1R29:A:	0	3	0	6	0	11	5	9	0	122
NCU05044T0_6-87,119-141_1HV2:A:	0	3	0	4	0	8	5	5	0	99
NCU05047T0_1239-1302_1MJ4:A:	2	4	2	3	0	8	4	8	0	80
NCU05047T0_1148-1189_1CXY:A:	2	4	2	3	0	8	2	8	0	81
NCU05049T0_103-231_1M3G:A:	0	6	0	5	0	15	12	8	0	145
NCU05059T0_63-165,233-324,424-502_1K0I:A:1-173,A:276-394	1	15	5	10	0	30	13	14	1	292
NCU05069T0_31-280,351-407_1RP0:A:7-284	0	13	0	9	0	22	13	21	0	278
NCU05069T0_443-527_1VF5:D:46-179	8	4	0	1	0	28	13	6	0	134
NCU05078T0_2-157_1KR5:A:	2	9	4	8	0	26	15	15	0	218
NCU05079T0_122-308,349-458,489-579_1PV7:A:	0	0	2	22	0	18	12	14	0	417
NCU05105T0_73-324_1H80:A:	9	29	2	5	0	61	31	22	0	464
NCU05105T0_416-583,613-660_1H80:A:	9	29	2	5	0	61	31	22	0	464
NCU05132T0_2399-2698_2BIS:A:1-437	4	17	6	16	0	48	27	24	0	437
NCU05161T0_89-342_1EVQ:A:	0	8	4	9	0	28	16	23	0	308
NCU05180T0_12-139,389-632,663-683_1GOJ:A:	6	14	5	9	0	36	20	25	0	354
NCU05201T0_491-596_1ORQ:C:	0	0	0	9	0	12	9	11	0	223
NCU05201T0_238-328_1LNQ:A:19-98	0	0	0	5	0	5	7	8	0	80
NCU05204T0_21-411_1LDJ:A:17-410	0	0	1	19	0	17	14	19	0	394
NCU05204T0_414-687_1LDJ:A:411-686	3	7	3	9	0	24	12	13	0	276
NCU05204T0_690-772_1LDJ:A:687-776	0	3	0	3	0	4	3	4	0	90
NCU05207T0_28-227,258-338,374-498_1PV7:A:	0	0	2	22	0	18	12	14	0	417
NCU05208T0_13-51_1PYI:A:30-71	0	2	0	2	0	6	1	3	0	42
NCU05216T0_118-432_1KPG:A:	0	7	2	12	0	28	16	18	0	285
NCU05232T0_15-589_1GW5:B:	0	0	4	32	0	42	43	37	0	579
NCU05242T0_72-128_2DLK:A:38-73	0	2	0	1	0	6	5	2	0	36
NCU05243T0_3-63_1FQV:A:107-145	0	0	0	3	0	4	4	4	0	39
NCU05250T0_769-819,987-1143,1174-1291,1319-1331,1403-1464_1TE4:A:	0	0	3	6	0	11	9	5	0	111
NCU05253T0_1-200_1BGX:T:1-173	6	0	3	5	0	23	15	17	0	173
NCU05266T0_548-593,677-702_2CTL:A:8-91	0	3	0	4	0	10	5	5	0	84
NCU05266T0_250-343_2CTE:A:8-88	1	2	0	3	0	10	3	4	0	81
NCU05266T0_476-527_2CTE:A:8-88	1	2	0	3	0	10	3	4	0	81
NCU05266T0_616-702_2CTL:A:8-91	0	3	0	4	0	10	5	5	0	84
NCU05271T0_900-1137_1N1M:A:39-508	9	38	3	4	0	58	37	26	0	470
NCU05279T0_106-220_1UAR:A:145-285	4	5	3	5	0	18	12	9	0	141
NCU05291T0_156-237_1CJW:A:	2	7	4	5	0	16	8	9	0	166
NCU05294T0_54-97_2HAP:C:55-97	0	0	1	2	0	6	3	2	0	43
NCU05308T0_266-309_2HAP:C:55-97	0	0	1	2	0	6	3	2	0	43
NCU05316T0_1237-1625_1N11:A:	0	0	1	24	0	48	15	35	0	408
NCU05316T0_966-994,1031-1130,1172-1323_1N11:A:	0	0	1	24	0	48	15	35	0	408
NCU05316T0_12-138,185-200,301-390_1JYS:A:	2	10	1	6	0	21	9	12	0	230
NCU05316T0_905-1002_1K1A:A:	2	0	0	13	0	30	9	26	0	228
NCU05316T0_475-707_1TEV:A:	0	5	0	8	0	15	7	9	0	194
NCU05319T0_293-341_1E0G:A:	0	2	1	2	0	8	1	3	0	48
NCU05319T0_209-258_1E0G:A:	0	2	1	2	0	8	1	3	0	48
NCU05319T0_125-174_1E0G:A:	0	2	1	2	0	8	1	3	0	48
NCU05319T0_355-402_1E0G:A:	0	2	1	2	0	8	1	3	0	48
NCU05341T0_19-297_1ZWX:A:41-333	6	14	2	5	0	34	21	18	0	293
NCU05350T0_12-447_1PV7:A:	0	0	2	22	0	18	12	14	0	417
NCU05364T0_566-671,749-802,854-882,995-1029_2SHP:A:219-525	0	13	3	8	0	23	15	13	0	307
NCU05364T0_298-433_1HZM:A:	3	3	0	6	0	20	19	8	0	154
NCU05385T0_1-171_1H7S:A:29-231	0	10	3	5	0	18	14	9	0	203
NCU05385T0_829-891_1X9Z:A:	2	7	1	7	0	14	7	8	0	182
NCU05385T0_686-766_1X9Z:A:	2	7	1	7	0	14	7	8	0	182
NCU05414T0_17-66_2HAP:C:55-97	0	0	1	2	0	6	3	2	0	43
NCU05419T0_56-371_1RQB:A:4-306	4	10	5	12	0	31	15	21	0	303
NCU05427T0_85-117,237-352,381-440,481-580_1UM8:A:	0	10	5	15	0	31	13	21	0	364
NCU05429T0_113-365,392-588_1M7X:A:227-622	6	10	8	11	0	43	33	22	0	396
NCU05429T0_602-700_1M7X:A:623-728	5	8	2	0	0	16	8	6	0	106
NCU05429T0_69-132_1M7X:A:117-226	1	8	2	0	0	18	8	9	0	110
NCU05429T1_113-365,392-588_1M7X:A:227-622	6	10	8	11	0	43	33	22	0	396
NCU05429T1_602-700_1M7X:A:623-728	5	8	2	0	0	16	8	6	0	106
NCU05429T1_69-132_1M7X:A:117-226	1	8	2	0	0	18	8	9	0	110
NCU05460T0_763-815_1WES:A:	0	2	0	0	0	16	13	4	0	70
NCU05480T0_71-139_1FUK:A:	0	7	3	4	0	16	14	7	0	162
NCU05501T0_19-201_2P7I:A:22-246	0	7	4	10	0	24	14	11	0	225
NCU05502T0_1144-1202_2IUB:A:286-349	0	0	0	2	0	2	2	2	0	64
NCU05522T0_26-141_2F0X:A:3-138	3	6	2	2	0	13	5	6	0	136
NCU05539T0_5-149_1IUH:A:	0	9	4	3	0	14	7	3	0	183
NCU05545T0_557-809_1O6V:A:33-416	1	19	16	2	0	68	27	29	0	381
NCU05545T0_979-1144_1DCE:A:444-567	0	6	5	1	0	21	11	9	0	124
NCU05546T0_53-252,313-486,538-567_1PV7:A:	0	0	2	22	0	18	12	14	0	417
NCU05553T0_39-196,262-429_1WA5:B:	0	0	5	29	0	38	22	22	0	506
NCU05574T1_1-125,187-269_1Y9K:A:1-152	0	9	2	5	0	15	7	6	0	151
NCU05588T0_430-576_1YLQ:A:1-90	0	4	1	4	0	10	6	3	0	90
NCU05588T0_581-720_2B4V:A:289-471	3	4	4	5	0	20	10	9	0	183
NCU05592T0_6-145_2F4W:A:12-168	3	4	0	5	0	17	7	9	0	157
NCU05595T0_31-216_1D7B:A:	5	13	1	1	0	24	10	12	0	185
NCU05596T0_54-227,260-560_1PW4:A:	2	0	1	18	0	21	18	22	0	450
NCU05600T0_171-208,241-253,287-388_1JPA:A:	2	8	5	9	0	28	13	13	0	299
NCU05604T0_416-602_1GW0:A:344-559	3	11	3	5	0	27	15	11	0	216
NCU05604T0_37-186_1GW0:A:1-162	5	10	2	0	0	20	10	14	0	162
NCU05604T0_184-312,538-573_1GW0:A:163-343	7	11	0	1	0	26	14	10	0	181
NCU05622T0_455-647,873-957_1LFW:A:1-186,A:383-468	2	14	2	7	0	28	18	15	1	272
NCU05622T0_72-215,243-449_1GXR:A:	2	31	0	0	0	37	29	20	0	336
NCU05626T0_41-128,184-364_2P4O:A:4-305	6	24	2	0	0	42	19	24	0	302
NCU05634T0_9-169,255-371,854-1051,1097-1142,1169-1303_1GW5:A:	0	2	4	33	0	46	32	22	0	620
NCU05641T0_38-146_1F8Y:A:	5	4	6	4	0	21	8	8	0	156
NCU05642T0_63-129,250-500_1LI5:A:1-315	10	12	4	9	0	33	15	16	0	315
NCU05642T0_537-611_1U0B:B:316-461	1	2	0	8	0	14	6	10	0	146
NCU05685T0_298-375_1IDZ:A:	0	0	0	3	0	6	4	3	0	54
NCU05693T0_33-114,141-354_2AKA:B:6-304	5	8	3	8	0	38	21	18	0	299
NCU05708T0_424-605_1FOH:A:462-662	10	7	3	4	0	22	21	18	0	201
NCU05708T0_14-201,292-384_1FOH:A:1-240,A:342-461	4	15	4	9	0	43	22	18	1	360
NCU05708T0_204-298_1FOH:A:241-341	0	5	0	1	0	7	4	3	0	101
NCU05710T0_103-175_1XBL:A:	0	0	0	3	0	7	3	6	0	75
NCU05715T0_213-310_1OCS:A:	0	3	0	4	0	15	8	7	0	132
NCU05716T0_10-51_1V92:A:	0	0	0	3	0	4	2	4	0	46
NCU05733T0_27-63_1D66:A:8-48	0	0	0	2	0	4	1	2	0	41
NCU05751T0_13-54,85-230_1FXW:F:	4	5	3	7	0	21	13	10	0	212
NCU05757T0_3-265_1EMS:A:10-280	3	16	3	5	0	28	12	12	0	271
NCU05762T0_108-408_1JS8:A:2503-2791	6	6	6	9	0	29	19	22	0	289
NCU05773T0_201-376_1MTZ:A:	4	8	4	10	0	27	19	19	0	290
NCU05790T0_315-510_2OOL:A:140-333	1	7	1	5	0	21	10	10	0	194
NCU05790T0_512-687_3C2W:A:310-494	2	6	0	6	0	12	12	12	0	185
NCU05790T0_764-934_2C2A:A:321-481	0	7	2	3	0	13	4	10	0	161
NCU05790T0_1011-1143_2AYZ:A:817-949	0	5	0	5	0	13	10	3	0	133
NCU05790T0_109-254_3C2W:A:5-117	2	6	1	2	0	14	8	8	0	113
NCU05790T0_685-757_2C2A:A:232-320	0	0	1	3	0	3	0	4	0	89
NCU05796T1_1-128_1WC9:A:	0	4	2	5	0	14	7	9	0	161
NCU05805T0_67-541_2A7V:A:26-488	2	14	5	16	0	43	26	18	0	463
NCU05833T0_74-175_1MYO:A:	0	0	1	6	1	12	7	10	0	118
NCU05833T0_909-968_2IUB:A:286-349	0	0	0	2	0	2	2	2	0	64
NCU05850T0_198-376_1D7Y:A:5-115,A:237-308	4	13	4	4	0	25	13	11	1	183
NCU05850T0_63-175_1FQT:A:	4	10	1	0	0	15	6	10	0	109
NCU05850T0_339-513_1Q1R:A:115-247	0	8	1	4	0	15	8	9	0	133
NCU05850T0_520-601_1Q1R:A:320-422	0	5	0	3	0	8	3	7	0	103
NCU05855T0_249-450_1FP1:D:129-372	0	8	1	9	0	19	10	13	0	244
NCU05855T0_91-177_1TW3:A:14-98	1	2	1	5	0	4	4	7	0	85
NCU05856T0_270-463,537-651_1S70:B:	2	1	1	15	0	32	11	25	0	291
NCU05856T0_866-876,903-1040_1AWC:B:	0	0	0	10	0	18	2	16	0	153
NCU05856T0_624-709_1K3Z:D:	0	0	2	12	0	24	9	22	0	258
NCU05862T0_57-255,321-493,537-563_1PV7:A:	0	0	2	22	0	18	12	14	0	417
NCU05863T0_2-183_1E32:A:201-458	3	5	4	12	0	28	13	14	0	258
NCU05884T0_22-456_1PV7:A:	0	0	2	22	0	18	12	14	0	417
NCU05893T0_86-254_2AR1:A:7-163	0	6	2	5	0	20	8	9	0	157
NCU05909T0_335-392_1VA3:A:595-623	0	0	0	1	0	4	4	0	0	29
NCU05921T0_13-117_1R29:A:	0	3	0	6	0	11	5	9	0	122
NCU05925T0_387-662_1XXL:A:	5	8	2	9	0	23	10	12	0	238
NCU05926T0_1-74_2CPT:A:8-111	0	0	0	3	0	7	6	2	0	104
NCU05927T0_116-340_1N0U:A:3-343	9	9	5	14	0	30	13	15	0	341
NCU05927T0_523-618_2BV3:A:600-688	0	4	2	3	0	5	0	4	0	89
NCU05927T0_411-491_1WDT:A:378-454	0	4	0	2	0	6	3	3	0	77
NCU05928T0_12-172_1SVI:A:	2	7	3	5	0	16	8	11	0	195
NCU05929T0_10-155,240-320_1F5N:A:7-283	4	9	4	10	0	28	18	11	0	277
NCU05933T0_13-368,540-580_1O5W:A:10-298,A:411-520	3	14	5	14	0	38	32	21	1	399
NCU05933T0_349-429_1GOS:A:290-401	2	5	3	2	0	17	9	5	0	112
NCU05938T0_19-46,77-193_1KLQ:A:	1	7	1	3	0	16	12	5	0	196
NCU05939T0_575-907_1NEX:B:370-744	1	32	0	0	0	32	16	23	0	355
NCU05939T0_364-443,548-566_2OVR:B:2263-2364	0	0	0	6	0	9	7	5	0	102
NCU05941T0_26-201,236-283_1D2T:A:	0	0	2	13	0	18	11	13	0	224
NCU05966T0_26-212,428-465_2AZ4:A:56-238	3	8	3	5	0	24	16	13	0	183
NCU05971T0_258-508_2BWV:A:177-440	4	11	3	6	0	29	15	15	0	264
NCU05971T0_89-257_2BWV:A:1-176	0	8	2	7	0	18	9	6	0	176
NCU05978T0_51-275,303-457_1JS8:A:2503-2791	6	6	6	9	0	29	19	22	0	289
NCU05988T0_26-155_2CAY:A:1-99,A:252-282	4	17	4	3	0	30	13	11	1	242
NCU05990T0_113-529_1PV7:A:	0	0	2	22	0	18	12	14	0	417
NCU05999T0_77-468,498-531_1D8D:B:	13	3	5	16	0	40	25	29	0	407
NCU06005T0_63-320_1BU6:O:3-253	1	15	1	9	0	25	13	17	0	251
NCU06005T0_323-567_1R59:O:257-491	1	10	2	5	0	26	22	13	0	235
NCU06006T0_74-382,418-445_1MUO:A:	6	6	4	9	0	28	17	16	0	261
NCU06011T0_972-1213_3B60:A:329-581	4	10	2	9	0	24	18	16	0	253
NCU06011T0_316-579_3B60:A:329-581	4	10	2	9	0	24	18	16	0	253
NCU06011T0_643-948_3B60:A:10-328	0	0	1	11	0	6	9	9	0	319
NCU06011T0_112-228,255-276_3B60:A:10-328	0	0	1	11	0	6	9	9	0	319
NCU06018T0_36-415_1IR6:A:	0	10	7	15	0	38	21	20	0	385
NCU06032T0_65-610_1T5H:X:	5	27	4	15	0	56	23	34	0	503
NCU06040T0_77-266,325-500_1PV7:A:	0	0	2	22	0	18	12	14	0	417
NCU06059T0_65-184,235-336_1KEY:A:	0	0	2	8	0	9	6	8	0	218
NCU06067T0_199-405_1NTY:A:1231-1414	0	1	1	10	0	9	3	13	0	184
NCU06067T0_820-914_1Q1O:A:	0	5	0	2	0	13	6	2	0	97
NCU06067T0_403-532_1DBH:A:418-550	0	8	1	2	0	17	12	8	0	133
NCU06080T0_8-137_1YB5:A:6-120,A:295-329	2	9	3	2	0	18	11	6	1	150
NCU06080T0_111-244_1QOR:A:113-291	2	6	1	8	0	15	10	12	0	179
NCU06106T0_460-518_2IUB:A:286-349	0	0	0	2	0	2	2	2	0	64
NCU06135T0_8-191_1K1A:A:	2	0	0	13	0	30	9	26	0	228
NCU06140T0_90-138_1IDZ:A:	0	0	0	3	0	6	4	3	0	54
NCU06142T0_1-355_1ONR:A:	4	8	4	14	0	25	15	11	0	316
NCU06144T0_6-327_1GOJ:A:	6	14	5	9	0	36	20	25	0	354
NCU06180T0_358-420_1IQ6:A:	2	5	0	4	0	18	7	8	0	132
NCU06182T0_636-909_1F3M:C:	1	10	4	11	0	33	20	20	0	294
NCU06182T0_60-130_2F3N:A:2-65	0	0	3	4	0	6	0	4	0	64
NCU06183T0_1-191_1RI6:A:	1	28	2	0	0	36	19	23	0	342
NCU06183T0_866-901_1IYM:A:	0	2	0	1	0	11	6	4	0	54
NCU06190T0_1241-1319,1356-1526_1Z3I:X:390-735	0	10	6	11	0	41	29	23	0	346
NCU06190T0_954-1234_1Z3I:X:92-389	0	9	4	12	0	34	20	12	0	298
NCU06199T0_614-927_1M8Z:A:	0	2	4	27	0	17	16	26	0	339
NCU06199T0_422-523_1D9A:A:	0	4	0	2	0	10	5	4	0	85
NCU06201T0_49-147_1LXJ:A:	0	4	0	3	0	8	5	4	0	104
NCU06202T0_48-328_1KOB:A:	7	11	8	11	0	39	20	20	0	352
NCU06211T1_147-325_1MLD:A:145-313	2	5	3	4	0	16	6	6	0	169
NCU06211T1_1-146_1MLD:A:1-144	0	6	2	5	0	12	10	10	0	144
NCU06213T0_23-56_1KCF:A:3-38	0	0	0	2	0	4	1	2	0	36
NCU06215T0_61-342_1EQJ:A:3-76,A:311-510	6	8	4	9	0	34	20	17	1	274
NCU06218T0_168-240_1S7B:A:	0	0	0	4	0	10	7	3	0	109
NCU06222T0_212-403_1JY1:A:145-350	9	7	6	5	0	30	11	16	0	202
NCU06222T0_407-626_1JY1:A:351-608	9	12	5	5	0	35	19	12	0	258
NCU06227T0_164-273_1TW3:A:99-351	2	7	3	12	0	24	12	15	0	253
NCU06233T0_728-782_1WEM:A:	0	2	0	3	0	11	7	3	0	75
NCU06249T0_952-1217_1FOT:A:	5	9	4	10	0	37	20	19	0	316
NCU06259T0_112-222_1KMD:A:	0	3	0	5	0	14	7	4	0	117
NCU06268T0_71-304_1XFD:A:127-591	9	30	2	3	0	57	36	22	0	465
NCU06272T0_1558-1785_2OOE:A:21-549	2	0	2	28	0	36	16	28	0	529
NCU06272T0_1287-1392_3BZK:A:637-730	0	5	2	2	0	13	4	6	0	94
NCU06272T0_641-720_2BA0:A:53-135	0	6	2	0	0	14	5	6	0	83
NCU06272T0_1213-1299_1SRO:A:	1	4	0	1	0	12	5	5	0	76
NCU06272T0_540-642_1SRO:A:	1	4	0	1	0	12	5	5	0	76
NCU06272T0_1028-1117_3BZK:A:637-730	0	5	2	2	0	13	4	6	0	94
NCU06272T0_920-1012_1SRO:A:	1	4	0	1	0	12	5	5	0	76
NCU06272T0_1122-1206_1SRO:A:	1	4	0	1	0	12	5	5	0	76
NCU06272T0_825-902_2BA0:A:53-135	0	6	2	0	0	14	5	6	0	83
NCU06272T0_727-818_1SRO:A:	1	4	0	1	0	12	5	5	0	76
NCU06272T0_462-563_1SRO:A:	1	4	0	1	0	12	5	5	0	76
NCU06272T0_152-258_2Z0S:A:60-147	0	6	0	1	0	14	6	6	0	88
NCU06272T0_253-341_1WI5:A:	0	5	0	1	0	15	8	4	0	118
NCU06296T0_2-244_1W4X:A:10-154,A:390-542	6	10	5	9	0	33	21	19	1	298
NCU06300T0_29-212_1GKY:A:	1	9	1	7	0	19	8	10	0	186
NCU06306T0_390-430,621-832_1Z3I:X:390-735	0	10	6	11	0	41	29	23	0	346
NCU06306T0_145-388_1Z63:A:432-661	0	7	2	11	0	24	16	18	0	230
NCU06315T0_16-72,134-284,379-417_1W2F:A:	0	13	1	11	0	31	18	17	0	276
NCU06319T0_16-321_1VD5:A:	13	7	2	13	0	34	22	22	0	377
NCU06332T0_183-294,366-466,493-567_2RHW:A:4-286	0	8	4	12	0	28	17	11	0	283
NCU06336T0_58-111,208-428,460-515,551-612_2DUL:A:3-377	4	17	1	14	0	30	24	14	0	375
NCU06342T0_53-172,207-243,290-327_1F0I:A:6-263	5	9	3	7	0	19	12	12	0	258
NCU06342T0_411-538,737-817_1BYR:A:	2	8	0	5	0	13	9	7	0	152
NCU06353T0_18-246_1SOU:A:	3	10	3	5	0	28	20	1	0	193
NCU06358T0_29-242,278-509_1PV7:A:	0	0	2	22	0	18	12	14	0	417
NCU06362T0_212-373_1FKM:A:249-442	2	0	8	8	0	13	13	10	0	194
NCU06362T0_348-467_1FKM:A:443-630	0	0	1	8	0	10	3	8	0	188
NCU06362T0_759-835_2FXO:D:838-963	0	0	0	2	0	2	0	2	0	128
NCU06364T0_32-278,307-343_3BZW:A:38-285	1	11	4	7	0	24	10	14	0	248
NCU06390T0_14-94_1P97:A:	0	5	0	4	0	12	9	7	0	113
NCU06390T0_159-223_1P97:A:	0	5	0	4	0	12	9	7	0	113
NCU06399T0_146-207_1GD2:G:	0	0	0	1	0	3	1	0	0	69
NCU06405T0_269-363_1JFI:A:	2	0	0	3	0	6	1	5	0	66
NCU06419T0_216-500_1S9J:A:	3	8	3	12	0	27	14	14	0	340
NCU06421T0_65-306_1A06:A:	4	8	4	10	0	29	20	14	0	307
NCU06423T0_312-437_1CKI:A:	5	10	3	10	0	30	14	16	0	299
NCU06435T0_74-123,190-385_1TXU:A:	0	0	4	11	0	13	8	14	0	254
NCU06437T0_15-89_1JM7:B:	4	0	1	2	0	15	9	4	0	97
NCU06437T0_1072-1127_1K4U:S:	3	4	1	0	0	13	6	0	0	62
NCU06444T0_119-163,201-628_1KPL:A:	5	0	5	18	0	23	12	15	0	430
NCU06444T0_639-789_2J9L:A:578-746	4	10	1	5	0	17	12	8	0	169
NCU06445T0_13-258,441-522_1Z3X:A:1-87	0	0	0	5	0	7	4	5	0	87
NCU06478T0_87-362_1P91:A:	4	11	1	8	0	29	16	19	0	268
NCU06479T0_15-194_1L0Q:A:1-301	0	29	1	0	0	20	16	19	0	301
NCU06486T0_151-366,402-440,507-571_1A06:A:	4	8	4	10	0	29	20	14	0	307
NCU06486T0_19-121_1UHT:A:	3	9	0	0	0	18	9	7	0	117
NCU06487T0_377-422_1F2I:G:1093-1131	1	2	0	1	0	5	3	2	0	39
NCU06488T0_768-1053_1Z3I:X:390-735	0	10	6	11	0	41	29	23	0	346
NCU06488T0_501-766_1Z63:A:432-661	0	7	2	11	0	24	16	18	0	230
NCU06488T0_1233-1382_1E6I:A:	0	0	2	5	0	8	8	7	0	111
NCU06490T0_17-252_2A1X:A:43-338	5	15	4	5	0	35	14	11	0	296
NCU06500T0_763-1196_1NVU:S:	2	4	4	21	0	35	21	23	0	481
NCU06500T0_73-133_1UJY:A:	2	5	0	1	0	14	9	4	0	75
NCU06503T1_36-86_2EPS:A:408-446	0	2	0	1	0	5	5	1	0	39
NCU06511T0_380-709_1M8Z:A:	0	2	4	27	0	17	16	26	0	339
NCU06525T0_33-80_1Y7M:A:1-48	0	2	0	1	1	9	3	6	0	48
NCU06556T0_39-146_1XWA:A:	0	5	0	4	0	8	5	7	0	110
NCU06558T0_17-239,312-373_1C0P:A:999-1193,A:1289-1361	6	30	14	10	0	80	40	44	1	724
NCU06558T0_226-326_1C0P:A:1194-1288	0	6	2	1	0	9	3	3	0	95
NCU06560T0_76-180_1L3G:A:	0	6	0	5	0	9	6	8	0	123
NCU06565T0_13-43_1NC8:A:	2	0	1	0	0	6	3	1	0	29
NCU06573T0_180-642_1QE3:A:	7	14	7	14	0	50	31	31	0	483
NCU06579T0_228-457_1F5X:A:	0	0	2	11	0	11	9	11	0	208
NCU06583T0_276-510_1BLX:A:	4	7	7	8	0	33	18	18	0	305
NCU06584T0_401-446_1WD2:A:	0	0	2	0	0	10	10	2	0	59
NCU06592T0_35-104_1IUF:A:2-75	0	0	0	3	0	6	7	2	0	75
NCU06592T0_107-170_1IUF:A:76-141	0	0	0	3	0	8	6	3	0	66
NCU06595T0_1-144_2CAY:A:1-99,A:252-282	4	17	4	3	0	30	13	11	1	242
NCU06595T0_487-609_1MKM:A:1-75	1	2	0	4	0	9	3	5	0	75
NCU06595T0_132-178_2J9U:B:115-161	3	2	1	1	0	11	2	3	0	47
NCU06595T0_229-313_2HTH:B:3-131	0	8	1	1	0	15	9	6	0	129
NCU06611T0_31-114,157-423_2OVR:B:2365-2706	0	32	2	1	0	36	24	21	0	342
NCU06614T0_15-52_1PYI:A:30-71	0	2	0	2	0	6	1	3	0	42
NCU06615T0_59-175_1Y81:A:6-121	1	7	1	4	0	18	8	9	0	116
NCU06617T0_5-136_1GGW:A:	0	2	0	8	0	15	11	8	0	140
NCU06618T0_1-711_1S4B:P:	4	10	7	26	0	53	26	37	0	654
NCU06621T0_2-105_1M4M:A:	0	3	2	5	0	18	8	8	0	112
NCU06621T0_116-196_1E31:A:	1	3	3	4	0	17	8	7	0	136
NCU06624T0_100-595_1KPK:A:	2	0	3	19	0	27	19	21	0	450
NCU06624T0_593-671,700-779_2J9L:A:578-746	4	10	1	5	0	17	12	8	0	169
NCU06638T0_901-1227_1HOW:A:	5	10	4	11	0	39	18	24	0	362
NCU06653T0_13-115_2O0Q:A:2-114	2	9	3	4	0	13	5	5	0	113
NCU06658T0_8-275_1MLV:A:50-310	4	6	3	8	0	32	19	16	0	261
NCU06668T0_757-821_1X3H:A:43-74	2	2	0	1	0	6	5	0	0	32
NCU06673T0_239-379_1VQ2:A:	5	7	3	6	0	24	3	10	0	193
NCU06673T0_1-138_1E4Y:A:1-121,A:157-214	0	5	2	9	0	11	9	11	1	179
NCU06685T0_691-974_1GZ8:A:	3	8	3	10	0	29	17	22	0	298
NCU06688T0_217-469_1PGV:A:	2	5	0	7	0	21	9	7	0	167
NCU06696T0_128-179_2DNT:A:8-73	2	3	1	1	0	13	7	4	0	65
NCU06701T0_158-231_1DP7:P:	0	3	0	3	0	5	2	3	0	76
NCU06707T0_298-340_1D66:A:8-48	0	0	0	2	0	4	1	2	0	41
NCU06711T0_14-88,119-229_2Q4O:A:8-190	0	7	1	7	0	15	11	8	0	183
NCU06716T0_9-210_1JTV:A:	2	7	4	11	0	26	15	16	0	285
NCU06726T0_10-292_1F89:A:	4	13	1	7	0	29	14	11	0	281
NCU06733T0_12-373_1I6I:A:	5	18	4	8	0	31	12	24	0	365
NCU06733T0_491-598_2G1L:A:498-599	0	11	0	0	0	17	8	6	0	102
NCU06733T0_1503-1628,1799-1829_1X1G:A:8-123	0	7	0	1	0	18	14	3	0	116
NCU06756T0_943-1324_1C4Z:A:	4	10	4	13	0	35	26	18	0	350
NCU06757T0_10-271_1T3N:A:27-299	1	9	4	11	0	27	16	16	0	273
NCU06760T0_10-94,164-241_1JM6:A:1003-1169	1	0	0	8	0	8	7	9	0	167
NCU06760T0_253-426_1JM6:A:1177-1366	3	7	2	3	0	18	11	8	0	190
NCU06764T0_4-142,179-285_1RYP:B:	7	11	2	7	0	24	19	14	0	250
NCU06765T0_177-390_1A12:A:	5	30	5	1	0	58	38	27	0	401
NCU06766T0_113-259,409-541_1WP9:A:201-486	0	6	1	11	0	23	15	14	0	286
NCU06766T0_981-1124_1JFZ:A:	2	0	1	7	0	12	8	9	0	148
NCU06766T0_1156-1254,1323-1371_1JFZ:A:	2	0	1	7	0	12	8	9	0	148
NCU06799T0_167-209_2ALC:A:	0	0	0	4	0	11	7	5	0	65
NCU06801T0_70-357_1VKH:A:	0	7	6	9	0	28	7	18	0	272
NCU06809T0_108-365,492-566,599-636_1JJI:A:	0	8	5	11	0	21	17	19	0	311
NCU06834T0_274-505_1BUD:A:	0	5	2	5	0	23	13	11	0	197
NCU06834T0_523-600_1J2L:A:	2	4	0	0	0	14	8	7	0	68
NCU06838T0_274-300,328-595_1NR0:A:2-312	4	27	1	0	0	38	22	20	0	311
NCU06845T0_86-334_1YB1:A:	0	7	1	10	0	18	5	15	0	244
NCU06846T0_32-255,299-521_1PV7:A:	0	0	2	22	0	18	12	14	0	417
NCU06853T0_286-452_1AV1:D:	0	0	1	7	0	3	3	6	0	200
NCU06861T0_29-299_1UV4:A:3-293	7	20	2	0	0	35	18	20	0	291
NCU06863T1_2-76_1UST:A:	0	3	0	4	0	10	8	6	0	92
NCU06874T0_644-687_1CG7:A:	0	0	0	6	0	6	4	8	0	93
NCU06876T0_5-139_1Y23:A:	0	6	3	4	0	16	11	7	0	139
NCU06877T0_214-388_1AUA:A:97-299	2	5	7	8	0	23	12	12	0	203
NCU06877T0_2-38,142-179_1AUA:A:4-96	0	0	1	5	0	8	5	8	0	93
NCU06879T0_22-99_1JRM:A:	0	4	1	2	1	8	7	4	0	103
NCU06884T0_22-268_4LIP:D:	4	11	2	11	0	29	17	24	0	319
NCU06884T0_470-732_1IN4:A:17-254	2	5	3	9	0	21	12	15	0	238
NCU06894T0_2-23_1RGO:A:151-186	2	0	2	1	0	5	4	2	0	36
NCU06907T0_554-605_2CSH:A:8-60	0	4	0	2	0	6	6	3	0	53
NCU06907T0_530-563_1NCS:A:	0	3	1	1	0	6	3	3	0	47
NCU06914T0_87-432_1WU7:A:3-329	3	12	1	12	0	35	21	19	0	327
NCU06914T0_444-545_1QE0:A:326-420	0	5	0	4	0	11	3	5	0	95
NCU06927T0_115-213,254-348_2FUK:A:3-220	2	8	1	5	0	26	14	17	0	218
NCU06931T0_259-523_1SOX:A:94-343	1	13	5	6	0	31	18	16	0	250
NCU06931T0_162-253_1SOX:A:3-93	1	5	2	4	0	6	6	7	0	91
NCU06931T0_596-668_1SOX:A:344-466	3	9	1	0	0	21	10	7	0	123
NCU06931T0_701-742_1SOX:A:344-466	3	9	1	0	0	21	10	7	0	123
NCU06932T0_124-228_1FS1:A:109-149	0	0	2	3	0	6	2	3	0	41
NCU06936T0_3-310_1K6X:A:	2	13	3	12	0	37	26	20	0	350
NCU06939T0_397-528_1OI0:A:	0	9	0	2	0	14	8	5	0	121
NCU06939T0_23-136_2A9U:A:6-139	0	0	2	6	0	7	4	3	0	134
NCU06948T0_5-150_1RFJ:A:	2	2	0	7	0	16	5	7	0	148
NCU06951T0_5-289_1Y1P:A:2-343	0	12	1	11	0	37	20	20	0	342
NCU06976T0_2936-3056,3088-3235_1RKB:A:	2	5	2	7	0	17	8	6	0	172
NCU06976T0_2611-2880_1IQP:A:2-232	0	7	4	13	0	20	11	14	0	231
NCU06976T0_1942-2167_1G8P:A:	2	11	8	13	0	37	15	10	0	333
NCU06976T0_2191-2405_1QVR:A:536-850	5	9	4	14	0	30	21	15	0	315
NCU06980T0_81-143,261-360_1MKY:A:173-358	2	7	3	5	0	16	12	10	0	186
NCU06984T0_319-475,507-531_1K3I:A:151-537	9	30	6	0	0	59	29	25	0	387
NCU06990T0_189-234_1CLD:A:	0	0	0	2	0	4	2	1	0	33
NCU06998T0_129-327_1VLR:A:146-337	1	8	3	7	0	21	9	10	0	192
NCU06998T0_9-127_1VLR:A:39-145	0	6	0	3	0	10	5	2	0	107
NCU07004T0_337-731,906-1109_1B3U:A:	0	0	8	44	0	40	26	36	0	588
NCU07005T0_10-51,100-342_1H12:A:	7	10	3	14	0	44	22	21	0	404
NCU07021T0_53-343_2BV3:A:7-282	2	11	3	8	0	22	12	14	0	276
NCU07021T0_326-344,380-471_2BV3:A:283-403	1	12	0	0	0	15	9	9	0	121
NCU07021T0_491-561_1FNM:A:404-482	0	5	0	2	0	8	3	2	0	79
NCU07035T0_1-233,304-340_1ITX:A:33-337,A:410-451	4	11	6	11	0	42	24	21	1	347
NCU07035T0_225-295_1LJY:A:240-307	1	6	0	1	0	6	2	6	0	68
NCU07036T0_6-205_1KFS:A:324-518	0	6	2	7	0	16	14	9	0	195
NCU07039T0_12-65_4GAT:A:	0	2	1	1	0	11	6	3	0	66
NCU07042T0_151-323_1RJW:A:138-305	0	7	1	8	0	16	10	9	0	168
NCU07042T0_20-180_1RJW:A:1-137,A:306-339	5	11	3	3	0	24	12	10	1	171
NCU07055T0_15-186,311-405_3C96:A:4-182,A:294-402	1	13	1	8	0	26	14	13	1	288
NCU07055T0_192-203,231-319_3C96:A:183-293	3	5	0	4	0	12	4	7	0	111
NCU07062T0_10-304_1VZO:A:	2	11	7	9	0	31	20	19	0	322
NCU07069T0_6-177_1X4A:A:9-103	0	6	1	2	0	11	6	3	0	96
NCU07074T0_138-169,244-294,366-409_1OXW:A:	8	8	9	12	0	35	16	21	0	360
NCU07090T0_37-122_2F99:A:2-141	2	5	2	3	0	12	2	8	0	140
NCU07092T0_34-502_3CZH:A:40-502	7	8	4	16	0	42	19	26	0	462
NCU07111T0_105-358_1QH5:A:	1	14	0	9	0	24	13	19	0	260
NCU07113T0_17-299,571-631_1CF3:A:3-324,A:521-583	17	12	7	11	0	49	28	29	1	385
NCU07113T0_302-484,550-572_1GPE:A:329-524	4	8	4	7	0	18	14	8	0	196
NCU07119T0_2780-3349_1AMU:A:	4	26	5	15	0	55	36	34	0	514
NCU07119T0_1090-1564,1596-1644_1AMU:A:	4	26	5	15	0	55	36	34	0	514
NCU07119T0_26-559_1AMU:A:	4	26	5	15	0	55	36	34	0	514
NCU07119T0_822-1061_1L5A:A:1-174	1	6	2	5	0	15	9	11	0	174
NCU07119T0_3661-3891_1L5A:A:1-174	1	6	2	5	0	15	9	11	0	174
NCU07119T0_2561-2800_1L5A:A:175-424	4	7	2	7	0	24	11	13	0	250
NCU07119T0_1972-2216_1L5A:A:1-174	1	6	2	5	0	15	9	11	0	174
NCU07119T0_1790-1983_3CLA:A:	0	10	1	5	0	19	12	14	0	213
NCU07119T0_4037-4229_1L5A:A:1-174	1	6	2	5	0	15	9	11	0	174
NCU07119T0_4217-4450_1L5A:A:175-424	4	7	2	7	0	24	11	13	0	250
NCU07119T0_4629-4820_3CLA:A:	0	10	1	5	0	19	12	14	0	213
NCU07119T0_3478-3673_1Q9J:A:1-175	1	7	2	4	0	16	9	4	0	175
NCU07119T0_649-832_1NOC:B:	1	9	1	5	0	22	13	9	0	213
NCU07119T0_2374-2549_1Q9J:A:1-175	1	7	2	4	0	16	9	4	0	175
NCU07119T0_4886-5046_1L5A:A:175-424	4	7	2	7	0	24	11	13	0	250
NCU07119T0_2256-2344_1DNY:A:	0	0	0	4	0	8	7	2	0	76
NCU07119T0_3931-4003_1T8K:A:	2	0	1	4	0	8	0	6	0	77
NCU07119T0_4497-4584_1T8K:A:	2	0	1	4	0	8	0	6	0	77
NCU07119T0_544-635_1KLP:A:	0	0	0	4	0	14	8	8	0	115
NCU07119T0_1668-1758_1KLP:A:	0	0	0	4	0	14	8	8	0	115
NCU07119T0_3372-3440_2PNG:A:1-76	0	0	1	5	0	12	9	8	0	89
NCU07124T0_12-114,173-394_1PS1:A:	0	0	2	17	0	17	10	19	0	311
NCU07132T0_136-323_1WZN:A:1-251	1	11	4	7	0	20	9	14	0	251
NCU07134T0_80-330_1CPM:A:	7	16	5	1	0	28	14	7	0	214
NCU07134T0_383-416_1AZ6:A:	0	2	0	0	0	7	4	2	0	36
NCU07140T0_89-419_1PW4:A:	2	0	1	18	0	21	18	22	0	450
NCU07149T0_249-373_1O7D:A:51-342,B:347-384	6	10	1	10	0	37	20	19	1	330
NCU07153T0_63-267,441-527_1LFW:A:1-186,A:383-468	2	14	2	7	0	28	18	15	1	272
NCU07155T0_192-306_1ZO0:A:94-219	0	8	0	2	0	18	10	4	0	126
NCU07172T0_31-303,359-389_1GZ8:A:	3	8	3	10	0	29	17	22	0	298
NCU07233T0_65-103_1TK7:A:46-88	0	3	0	1	0	5	4	3	0	43
NCU07234T0_33-360,483-493_1ONF:A:1-153,A:271-376	7	7	1	5	0	21	11	10	1	259
NCU07268T0_266-360_1N9L:A:	0	5	1	3	0	14	5	7	0	109
NCU07269T0_290-552,589-765_1LF6:A:288-684	15	6	5	13	0	47	32	24	0	397
NCU07276T0_1325-1546_1PF4:A:321-564	3	9	2	6	0	30	21	8	0	243
NCU07276T0_693-893_1XMI:A:	0	11	2	11	1	27	20	15	0	290
NCU07276T0_1051-1313_1PF4:A:10-320	0	0	9	16	0	12	11	14	0	310
NCU07276T0_307-402,465-674_2HYD:A:1-323	0	0	1	15	1	9	5	12	0	323
NCU07282T0_61-117_1WJ7:A:8-98	0	0	0	4	0	9	8	4	0	91
NCU07300T0_297-588_1CT9:A:193-516	0	5	6	17	0	28	12	15	0	324
NCU07300T0_1-212_1CT9:A:1-192	1	12	3	3	0	22	12	14	0	192
NCU07319T0_3-302_1VYH:C:92-408	0	28	1	0	0	39	25	14	0	317
NCU07319T0_352-549_1NR0:A:2-312	4	27	1	0	0	38	22	20	0	311
NCU07333T0_232-427,465-515_1KSF:X:437-755	2	10	4	12	0	25	21	18	0	319
NCU07333T0_76-153,201-209_1WDY:A:	2	0	0	17	0	35	10	27	0	285
NCU07341T0_13-112,152-236_1B16:A:	0	10	3	8	0	22	15	15	0	254
NCU07350T0_95-228,310-389_1VA4:A:	4	8	3	10	0	25	15	19	0	271
NCU07354T0_15-212_2JAV:A:3-271	1	8	3	9	0	24	12	13	0	269
NCU07358T0_475-524,890-1038_1Z5Z:A:663-906	0	6	1	10	0	26	11	15	0	244
NCU07358T0_206-233,272-307,393-524_1Z63:A:432-661	0	7	2	11	0	24	16	18	0	230
NCU07369T0_365-562_1N3Y:A:	2	6	5	6	0	16	15	10	0	189
NCU07369T0_21-34,64-158,188-199_1IMJ:A:	0	10	3	8	0	25	14	17	0	208
NCU07374T0_39-79_1D66:A:8-48	0	0	0	2	0	4	1	2	0	41
NCU07375T0_104-564_1PW4:A:	2	0	1	18	0	21	18	22	0	450
NCU07379T0_59-118_1GD2:G:	0	0	0	1	0	3	1	0	0	69
NCU07381T0_523-693,934-981_2DKF:A:1-431	4	21	3	12	0	51	31	26	0	431
NCU07382T1_17-108_1N9S:C:	0	6	2	0	0	6	4	4	0	74
NCU07387T0_352-404_1IYM:A:	0	2	0	1	0	11	6	4	0	54
NCU07395T0_231-549,582-615_1W36:D:2-360	6	9	4	14	0	32	29	25	0	359
NCU07407T0_573-712,787-861,909-985_1EWQ:A:267-541	2	4	1	10	0	20	10	10	0	275
NCU07407T0_1007-1242_1E3M:A:567-800	2	10	1	6	0	25	13	9	0	234
NCU07407T0_256-375_1E3M:A:2-116	0	6	3	3	0	11	6	7	0	115
NCU07407T0_377-566_1EWQ:A:121-266	1	6	2	5	0	14	11	3	0	146
NCU07413T1_7-117_1UAQ:A:	0	5	0	8	0	15	4	9	0	151
NCU07425T0_147-415_1N1M:A:39-508	9	38	3	4	0	58	37	26	0	470
NCU07425T0_27-105_1P22:A:135-252	0	0	2	7	0	7	4	6	0	114
NCU07440T0_670-815_2BGW:A:16-148	0	6	1	5	0	8	10	4	0	133
NCU07440T0_852-917_1Z00:B:823-905	1	0	1	6	0	9	8	4	0	83
NCU07446T1_93-164_2DM9:A:81-198	0	4	0	6	0	9	3	5	0	118
NCU07460T0_52-170,197-275_1R3B:A:	2	0	2	7	0	15	12	7	0	201
NCU07463T0_35-251_2ERX:A:6-176	2	7	1	6	0	19	9	8	0	171
NCU07463T0_305-403_1S7K:A:3-176	0	8	2	4	0	13	5	6	0	177
NCU07463T0_573-712_1ELR:A:	0	0	0	7	0	9	1	5	0	128
NCU07463T0_448-590_1W3B:A:	0	0	0	23	0	35	6	26	0	388
NCU07476T0_238-284,397-460_1EVQ:A:	0	8	4	9	0	28	16	23	0	308
NCU07487T0_58-364_1EX1:A:1-388	3	11	8	15	1	39	19	29	0	388
NCU07487T0_366-435,604-762_1EX1:A:389-602	5	6	2	6	0	33	25	10	0	214
NCU07496T0_561-842_1MVH:A:	5	15	3	2	0	50	27	17	0	269
NCU07504T0_394-683_1PW4:A:	2	0	1	18	0	21	18	22	0	450
NCU07505T0_255-290_1WEM:A:	0	2	0	3	0	11	7	3	0	75
NCU07506T1_2-193_1SAW:A:	4	16	4	4	0	29	14	12	0	217
NCU07506T0_68-280_1SAW:A:	4	16	4	4	0	29	14	12	0	217
NCU07513T0_298-310,342-473_1B6C:B:	8	10	5	10	0	37	15	18	0	326
NCU07531T0_482-501,539-814_2B8E:A:416-434,A:548-663	2	6	0	6	1	16	9	5	1	135
NCU07531T0_285-374_1SU4:A:125-239	2	9	3	0	0	21	10	7	0	115
NCU07531T0_209-276,375-475_1SU4:A:1-124,A:240-343,A:751-994	1	1	8	18	0	32	20	22	2	472
NCU07533T0_164-348,426-480,520-577_1IZD:A:	4	26	3	6	0	35	15	22	0	323
NCU07544T0_650-716_1FBV:A:356-434	2	2	0	2	0	11	6	5	0	79
NCU07554T0_465-680_1GXL:A:	2	8	4	7	0	19	12	14	0	205
NCU07554T0_1-205,968-1058,1086-1194_1XEW:X:,Y:	2	15	2	9	0	30	20	14	1	329
NCU07574T0_41-159_1ZO2:A:10-126	1	6	1	2	0	8	4	3	0	117
NCU07574T0_378-471_2CPF:A:362-446	0	6	0	2	0	10	6	5	0	85
NCU07597T0_112-349_1JJI:A:	0	8	5	11	0	21	17	19	0	311
NCU07608T1_96-249_1M0S:A:1-126,A:199-219	2	9	4	4	0	17	10	8	1	147
NCU07608T1_230-324_1LK5:A:131-210	2	5	2	2	0	11	7	5	0	80
NCU07620T0_32-255,337-589_1PW4:A:	2	0	1	18	0	21	18	22	0	450
NCU07622T0_334-512,543-582_1F7C:A:	0	0	1	10	0	13	9	9	0	191
NCU07624T0_7-274_1YC5:A:1-245	5	10	5	9	0	28	13	15	0	245
NCU07626T0_35-216_1KNQ:A:	0	5	1	7	0	16	7	10	0	171
NCU07665T0_16-132,207-257_1AYZ:A:	2	4	1	4	0	15	7	11	0	153
NCU07668T0_27-243,318-540_1PV7:A:	0	0	2	22	0	18	12	14	0	417
NCU07675T0_82-127_1PYI:A:30-71	0	2	0	2	0	6	1	3	0	42
NCU07688T0_974-1167_1XA6:A:271-466	0	0	1	11	0	17	14	15	0	196
NCU07705T0_125-168_2HAP:C:55-97	0	0	1	2	0	6	3	2	0	43
NCU07709T0_8-138,199-270_2QFI:A:5-208	2	0	7	7	0	14	20	21	0	204
NCU07709T0_276-347_2QFI:A:209-290	4	0	1	2	0	13	9	6	0	82
NCU07713T0_27-110_1HDJ:A:	0	0	1	4	0	9	2	7	0	76
NCU07724T0_284-366,403-450,477-633_2OVR:B:2365-2706	0	32	2	1	0	36	24	21	0	342
NCU07743T0_57-235,266-398_1DS1:A:	5	16	8	7	0	38	23	18	0	323
NCU07752T0_169-208_1Y6I:A:1-82	0	0	0	5	0	8	5	4	0	82
NCU07761T0_54-214_2VK9:A:2-541	9	6	8	20	0	52	25	29	0	540
NCU07766T0_1-313_1FR1:A:	5	16	7	12	0	33	16	25	0	361
NCU07808T0_1-100_1X7V:A:	0	4	1	3	0	8	5	5	0	98
NCU07811T0_35-276,313-369,405-436_1CRU:A:	5	30	5	2	0	71	34	34	0	450
NCU07816T0_138-262,378-557_2IUB:A:9-285	0	7	2	6	0	23	14	10	0	281
NCU07816T0_559-617_2IUB:A:286-349	0	0	0	2	0	2	2	2	0	64
NCU07819T0_85-360_1GY9:A:	6	15	2	7	0	34	19	14	0	279
NCU07825T0_11-89_1UOH:A:	0	0	1	14	0	27	7	20	0	223
NCU07827T0_51-192_1V6W:A:304-436	5	12	5	0	0	24	7	8	0	133
NCU07828T0_101-227_1NWB:A:	0	6	1	1	0	12	5	5	0	101
NCU07834T0_246-294_1GUU:A:	0	0	0	3	0	5	3	2	0	50
NCU07834T0_293-342_1GUU:A:	0	0	0	3	0	5	3	2	0	50
NCU07836T0_278-334,361-425_1KS9:A:168-291	0	0	2	6	0	7	1	7	0	124
NCU07837T0_651-907_1Z3I:X:390-735	0	10	6	11	0	41	29	23	0	346
NCU07837T0_349-477,516-647_1Z63:A:432-661	0	7	2	11	0	24	16	18	0	230
NCU07849T1_10-301_1UB0:A:	1	9	1	8	0	20	12	11	0	258
NCU07849T1_307-519_2GM8:A:2-212	0	0	1	12	0	10	6	8	0	211
NCU07849T0_10-301_1UB0:A:	1	9	1	8	0	20	12	11	0	258
NCU07849T0_307-527_2GM8:A:2-212	0	0	1	12	0	10	6	8	0	211
NCU07850T0_12-148_1E96:B:	0	2	2	9	0	15	3	11	0	185
NCU07850T0_436-521_2C60:A:43-122	0	5	0	2	0	10	6	1	0	80
NCU07854T0_306-479,571-648,757-821,884-966,1086-1161_1WA5:B:	0	0	5	29	0	38	22	22	0	506
NCU07854T0_101-174_1CXZ:B:	0	0	0	3	0	5	2	5	0	86
NCU07866T0_801-918,1000-1369_1D9X:A:2-414	5	14	4	13	0	50	29	20	0	413
NCU07872T0_347-594,629-700_1HOW:A:	5	10	4	11	0	39	18	24	0	362
NCU07879T0_177-275,310-406_2QFI:A:5-208	2	0	7	7	0	14	20	21	0	204
NCU07899T0_264-489_1X74:A:2-360	0	12	4	14	1	37	25	27	0	359
NCU07899T0_45-262_1Q7E:A:	0	11	5	17	0	41	21	30	0	427
NCU07918T0_109-305,381-579,626-649_1PV7:A:	0	0	2	22	0	18	12	14	0	417
NCU07920T0_278-390,661-698_1GW0:A:163-343	7	11	0	1	0	26	14	10	0	181
NCU07920T0_146-272_1GW0:A:1-162	5	10	2	0	0	20	10	14	0	162
NCU07920T0_553-720_1GW0:A:344-559	3	11	3	5	0	27	15	11	0	216
NCU07923T0_104-186,342-431,526-551_1FC6:A:78-156,A:249-463	3	11	2	8	0	37	21	16	1	294
NCU07925T0_81-282_1SPV:A:	0	6	1	5	0	17	11	6	0	172
NCU07927T0_22-330_1OKC:A:	0	0	6	11	0	19	10	9	0	292
NCU07934T0_264-650_1N11:A:	0	0	1	24	0	48	15	35	0	408
NCU07934T0_134-243_1IKN:D:	0	0	3	10	0	26	9	18	0	221
NCU07934T0_685-763_1UOH:A:	0	0	1	14	0	27	7	20	0	223
NCU07937T0_170-360,426-537_2QV7:A:1-312	2	15	3	6	0	32	21	19	0	312
NCU07985T0_14-208,320-556_1PV7:A:	0	0	2	22	0	18	12	14	0	417
NCU07992T0_249-291_1BH9:A:	0	0	0	2	0	4	2	1	0	45
NCU07992T0_427-490,518-538_1BH9:B:	0	0	0	4	0	6	2	2	0	89
NCU08002T0_56-423_1NDB:A:30-405	5	9	3	11	0	33	24	20	0	376
NCU08002T0_426-632_1NM8:A:386-599	0	7	0	8	0	20	12	11	0	214
NCU08005T0_42-260,337-377_1LQT:A:2-108,A:325-456	4	10	2	9	0	23	15	17	1	239
NCU08023T0_452-649_1KU1:A:	2	0	3	10	0	20	10	12	0	229
NCU08023T0_200-303,361-380,560-636,1161-1307_2I9C:A:3-123	0	0	1	5	0	8	4	6	0	121
NCU08024T0_114-395_1FGX:A:	6	11	2	6	0	34	20	14	0	272
NCU08039T0_12-57_1CHC:A:	0	3	0	1	0	9	8	3	0	68
NCU08040T0_12-540_1YOV:A:6-534	6	10	2	23	0	45	33	28	0	529
NCU08044T0_82-327_1K2W:A:	2	7	4	9	0	21	11	17	0	256
NCU08063T0_66-104_1ZME:C:31-66	0	0	0	2	0	4	1	2	0	36
NCU08087T0_11-272_2CIT:A:9-282	4	9	1	8	0	29	17	19	0	274
NCU08123T0_330-507_3BI7:A:414-617	2	8	2	4	0	23	14	13	0	204
NCU08126T0_105-325_1DIQ:A:7-242	4	11	2	6	0	33	17	19	0	236
NCU08126T0_328-575_1E8G:A:274-560	3	8	5	10	0	29	14	16	0	287
NCU08128T0_213-551_1TQN:A:	5	9	7	18	0	43	20	30	0	472
NCU08128T0_40-181_1ODO:A:	4	11	2	18	0	43	24	27	0	401
NCU08135T0_661-959_1E3M:A:270-566	3	4	1	15	0	23	13	17	0	297
NCU08135T0_964-1198_1E3M:A:567-800	2	10	1	6	0	25	13	9	0	234
NCU08135T0_355-480_1EWQ:A:1-120	0	6	3	3	0	13	6	4	0	120
NCU08135T0_479-636_1E3M:A:117-269	1	7	4	3	0	23	9	11	0	153
NCU08145T0_69-385_1M3E:A:1-250	5	14	3	7	0	31	14	16	0	250
NCU08145T0_339-548_1M3E:A:260-481	5	15	3	5	0	31	18	16	0	222
NCU08151T0_84-286_1YJ5:A:144-338	5	9	1	6	0	27	15	15	0	195
NCU08151T0_326-471_1YJ5:A:351-522	1	5	2	7	0	18	13	9	0	172
NCU08153T0_188-474_1II7:A:	4	19	4	8	0	37	23	13	0	333
NCU08164T0_33-312_2BD0:A:2-241	2	7	3	7	0	19	10	16	0	240
NCU08167T0_290-507_1YK3:A:10-207	4	7	3	7	0	19	7	11	0	198
NCU08168T0_53-138_3EZM:A:	0	10	3	0	0	8	4	9	0	101
NCU08179T0_39-330_2C0H:A:18-367	7	13	6	9	0	42	21	26	0	350
NCU08180T0_23-224,255-485_1PV7:A:	0	0	2	22	0	18	12	14	0	417
NCU08184T0_113-206_1AM9:A:	0	0	0	2	0	4	1	1	0	80
NCU08194T0_299-393_1QFJ:A:1-97	0	6	0	1	0	11	7	3	0	97
NCU08195T0_249-611_1BS2:A:136-483	7	9	3	12	0	34	19	16	0	348
NCU08195T0_612-734_1BS2:A:484-607	0	0	1	6	0	8	5	7	0	124
NCU08195T0_104-235_1BS2:A:5-135	1	3	3	5	0	12	3	7	0	131
NCU08221T0_8-242_1DIN:A:	2	9	3	6	0	26	12	19	0	233
NCU08227T1_2-190_1H8V:A:	1	15	1	1	0	19	12	11	0	217
NCU08269T0_78-298_1CI0:A:	0	10	1	5	0	21	12	8	0	205
NCU08278T0_2-221,275-320_1OKC:A:	0	0	6	11	0	19	10	9	0	292
NCU08288T0_175-235_1JKW:A:11-161	0	0	2	6	0	12	6	7	0	151
NCU08289T0_499-539_2HAP:C:55-97	0	0	1	2	0	6	3	2	0	43
NCU08294T0_35-83_1CLD:A:	0	0	0	2	0	4	2	1	0	33
NCU08296T0_3-71,123-207,400-436_1FJG:D:	4	4	3	8	0	22	11	17	0	208
NCU08301T0_2-155,237-357_2NYM:C:2-294	4	13	0	11	0	29	23	16	0	293
NCU08309T0_25-247_1B63:A:2-216	0	8	2	8	0	19	14	13	0	216
NCU08309T0_225-360_1B63:A:217-331	0	7	3	3	0	10	2	7	0	115
NCU08312T0_12-603_1EPU:A:	10	13	8	23	0	49	33	33	0	590
NCU08317T0_409-466_1MM2:A:	2	0	0	0	0	14	8	4	0	60
NCU08317T0_531-740_1JBK:A:	0	6	2	10	0	18	8	13	0	194
NCU08319T0_433-544_1V3F:A:	0	3	0	3	0	15	14	3	0	119
NCU08319T0_571-724_1CMZ:A:	0	0	1	9	0	10	8	9	0	128
NCU08319T0_256-383_1XMA:A:	0	3	1	4	0	6	3	4	0	103
NCU08328T0_183-300_2FHP:A:1-182	2	8	2	5	0	20	8	10	0	182
NCU08331T0_8-277,308-336_1XQR:A:87-350	0	0	3	17	0	17	9	12	0	267
NCU08341T0_746-765,863-1089_2B8E:A:416-434,A:548-663	2	6	0	6	1	16	9	5	1	135
NCU08341T0_545-631_1SU4:A:125-239	2	9	3	0	0	21	10	7	0	115
NCU08341T0_1-70_1FVQ:A:	1	4	0	2	0	8	4	4	0	71
NCU08341T0_93-165_1KVJ:A:	0	4	0	2	0	9	5	6	0	79
NCU08341T0_185-256_1KVJ:A:	0	4	0	2	0	9	5	6	0	79
NCU08341T0_768-916_2B8E:A:435-547	0	6	0	4	0	7	3	7	0	113
NCU08341T0_451-507,632-741,1033-1064_1SU4:A:1-124,A:240-343,A:751-994	1	1	8	18	0	32	20	22	2	472
NCU08341T0_266-342_1OQ3:A:	0	4	1	2	0	8	6	6	0	75
NCU08343T0_12-63,166-247_1FQI:A:	0	0	1	9	0	8	6	12	0	138
NCU08348T0_28-94,168-194_2OVR:B:2263-2364	0	0	0	6	0	9	7	5	0	102
NCU08355T0_10-230_1WZN:A:1-251	1	11	4	7	0	20	9	14	0	251
NCU08358T0_1293-1425,1452-1553_2HYD:A:324-578	2	10	5	9	0	25	21	16	0	255
NCU08358T0_620-866_1R0W:A:	0	11	2	12	1	27	19	16	0	281
NCU08358T0_1018-1284_3B60:A:10-328	0	0	1	11	0	6	9	9	0	319
NCU08358T0_253-352,403-605_2HYD:A:1-323	0	0	1	15	1	9	5	12	0	323
NCU08360T0_267-314,348-361_1HYI:A:	0	4	0	1	0	11	5	3	0	65
NCU08360T0_606-660_1IYM:A:	0	2	0	1	0	11	6	4	0	54
NCU08361T0_6-251_2AG5:A:1-245	4	9	5	9	0	21	12	14	0	245
NCU08377T0_1882-2052,2084-2117_1FX4:A:	0	9	0	8	0	25	16	13	0	231
NCU08377T0_858-1158_1O6V:A:33-416	1	19	16	2	0	68	27	29	0	381
NCU08377T0_1544-1828_1A6Q:A:2-296	3	15	2	7	0	26	16	16	0	295
NCU08377T0_1119-1231,1347-1520_1JL5:A:	0	18	0	2	0	71	38	22	0	353
NCU08378T0_55-98,182-243,282-484_2GFO:A:762-1109	3	20	3	10	0	40	19	15	0	348
NCU08385T0_99-361_1O6V:A:33-416	1	19	16	2	0	68	27	29	0	381
NCU08386T0_46-302_2I3D:A:2-219	0	8	1	5	0	25	11	20	0	218
NCU08389T1_43-118_2JXT:A:1-78	0	3	2	2	0	5	2	3	0	78
NCU08428T0_66-510_1PW4:A:	2	0	1	18	0	21	18	22	0	450
NCU08432T0_31-208_1D7B:A:	5	13	1	1	0	24	10	12	0	185
NCU08473T0_1154-1421_1MEE:A:	10	10	0	9	0	37	19	22	0	275
NCU08480T0_98-199_1HKS:A:	0	3	0	2	0	14	14	11	0	106
NCU08501T0_3710-4069_1ND7:A:	2	12	7	14	0	33	22	22	0	373
NCU08537T0_253-516_1XZP:A:212-371	1	6	1	6	0	15	10	10	0	160
NCU08551T0_135-244_1N3J:A:	3	9	0	2	0	19	13	1	0	119
NCU08563T0_357-537,619-718_1FLG:A:	8	40	6	3	0	86	43	41	0	582
NCU08563T0_181-264,334-349_2OVR:B:2263-2364	0	0	0	6	0	9	7	5	0	102
NCU08568T0_65-263_1V8Y:A:	5	9	0	3	0	15	5	6	0	158
NCU08603T0_504-596,688-839_1N11:A:	0	0	1	24	0	48	15	35	0	408
NCU08603T0_1092-1149,1244-1280,1489-1625_1N11:A:	0	0	1	24	0	48	15	35	0	408
NCU08604T0_31-436_1XIP:A:	5	30	1	2	0	35	25	17	0	387
NCU08606T0_536-698_1OUV:A:	0	0	0	15	0	18	7	15	0	272
NCU08612T0_207-240_1PYI:A:30-71	0	2	0	2	0	6	1	3	0	42
NCU08615T0_58-422_1LNL:A:3-304	6	2	5	11	0	38	28	25	0	307
NCU08626T0_319-427,454-634_1DNP:A:201-469	0	0	5	14	0	25	15	19	0	269
NCU08626T0_110-295_1DNP:A:1-200	0	5	0	6	0	18	13	11	0	200
NCU08642T0_576-641,694-882_1FQV:A:146-431	8	13	3	8	0	55	21	24	0	286
NCU08642T0_63-188_1Q3E:A:	2	8	1	10	0	20	7	9	0	193
NCU08642T0_263-378_1WGP:A:	6	6	1	3	0	23	14	5	0	136
NCU08642T0_507-566_1FS1:A:109-149	0	0	2	3	0	6	2	3	0	41
NCU08651T0_180-222_1ZME:C:31-66	0	0	0	2	0	4	1	2	0	36
NCU08652T0_34-76_1PYI:A:30-71	0	2	0	2	0	6	1	3	0	42
NCU08656T0_275-322,351-593_1SIO:A:	8	17	6	8	0	42	24	21	0	357
NCU08656T0_110-190_1PCA:A:4A-99A	0	4	2	3	0	11	4	5	0	94
NCU08664T0_44-116,173-204_1P5Q:A:258-427	0	0	1	7	0	10	2	6	0	170
NCU08688T0_117-215,307-537_1B3U:A:	0	0	8	44	0	40	26	36	0	588
NCU08692T0_398-440,515-615_1KLX:A:	0	0	0	8	0	11	4	8	0	133
NCU08696T0_1012-1043_2IUB:A:286-349	0	0	0	2	0	2	2	2	0	64
NCU08697T0_879-910_2IUB:A:286-349	0	0	0	2	0	2	2	2	0	64
NCU08703T0_1-247_8PRK:A:	5	20	5	3	0	34	16	25	0	282
NCU08707T0_210-303_1R94:A:	0	7	1	2	0	9	3	5	0	97
NCU08715T0_31-471_1PW4:A:	2	0	1	18	0	21	18	22	0	450
NCU08728T0_10-88_2GY9:S:2-80	2	3	4	1	0	11	9	5	0	79
NCU08730T0_30-100,133-368_1II7:A:	4	19	4	8	0	37	23	13	0	333
NCU08741T0_439-606,653-712,743-860_2OVR:B:2365-2706	0	32	2	1	0	36	24	21	0	342
NCU08746T0_279-380_1KUL:A:	2	9	1	0	0	22	9	4	0	108
NCU08749T0_2-235_2GVC:A:3-180,A:288-444	5	14	3	8	0	38	25	20	1	335
NCU08749T0_193-255,294-390_1TRB:A:119-244	1	8	1	4	0	13	10	6	0	126
NCU08750T0_118-293_1HSK:A:15-208	4	14	3	6	0	20	9	15	0	194
NCU08752T0_72-569_1UKC:A:	4	16	7	18	0	57	36	35	0	517
NCU08760T0_295-330_1AZ6:A:	0	2	0	0	0	7	4	2	0	36
NCU08790T0_163-200,268-325_1N3J:A:	3	9	0	2	0	19	13	1	0	119
NCU08795T0_35-104,131-246_3D03:A:1-271	8	13	4	6	0	39	23	13	0	274
NCU08804T0_87-295,337-548_1PV7:A:	0	0	2	22	0	18	12	14	0	417
NCU08806T0_43-316_1G19:A:1-269	0	11	2	8	0	22	17	13	0	269
NCU08809T0_343-471_1JSP:B:	2	0	1	4	0	10	12	9	0	120
NCU08809T0_97-197_1R29:A:	0	3	0	6	0	11	5	9	0	122
NCU08821T0_202-282,309-447_1K3I:A:151-537	9	30	6	0	0	59	29	25	0	387
NCU08836T0_185-245_1F62:A:	0	2	0	1	0	13	6	4	0	51
NCU08850T0_218-383_1XP3:A:2-298	3	12	4	10	0	36	13	18	0	297
NCU08852T0_445-668_1A26:A:797-1012	1	14	6	4	0	25	16	10	0	216
NCU08852T0_299-439_1GS0:A:207-340	2	0	1	6	0	10	5	4	0	134
NCU08852T0_158-268_2CR9:A:8-133	1	8	0	1	0	15	9	5	0	126
NCU08852T0_13-107_1L7B:A:	1	4	0	3	0	14	10	4	0	92
NCU08891T0_176-221_1GD2:G:	0	0	0	1	0	3	1	0	0	69
NCU08903T0_14-58_2AQA:A:2-58	0	2	0	1	0	8	8	1	0	57
NCU08939T0_120-181,216-388_1QG8:A:	2	9	4	8	0	22	13	12	0	255
NCU08942T0_470-531_1JMT:A:	0	6	0	2	0	8	2	3	0	104
NCU08954T0_88-188_1MWQ:A:	0	4	1	4	0	10	2	5	0	100
NCU08956T0_3-127_1WIC:A:	6	7	0	1	0	23	14	3	0	151
NCU08982T0_76-459_2PTD:A:	4	10	3	8	0	35	23	17	0	296
NCU08995T0_443-617_1I9S:A:	2	4	4	6	0	21	8	11	0	194
NCU08995T0_21-295_1R3D:A:	2	7	3	11	0	24	13	15	0	263
NCU09006T0_21-368_1YOV:A:6-534	6	10	2	23	0	45	33	28	0	529
NCU09015T0_45-146,246-340_1MKY:A:173-358	2	7	3	5	0	16	12	10	0	186
NCU09024T0_22-92,119-375,547-609_1JU2:A:1-293,A:464-521	13	17	8	7	0	40	25	18	1	351
NCU09024T0_411-515_1JU2:A:294-463	3	9	1	2	0	26	19	6	0	170
NCU09027T0_32-460_1PW4:A:	2	0	1	18	0	21	18	22	0	450
NCU09028T0_131-591_1KRE:A:	9	16	6	17	0	42	30	26	0	475
NCU09032T0_96-269_1C1G:C:	0	0	0	3	0	2	1	2	0	283
NCU09033T0_74-117_1ZME:C:31-66	0	0	0	2	0	4	1	2	0	36
NCU09035T0_10-281_1VL8:A:	2	7	6	9	0	25	10	14	0	251
NCU09056T0_125-178,234-385_1ERJ:A:	2	30	1	1	0	43	24	22	0	388
NCU09079T0_201-322_1KS9:A:168-291	0	0	2	6	0	7	1	7	0	124
NCU09103T0_52-485_1TQN:A:	5	9	7	18	0	43	20	30	0	472
NCU09121T0_8-648_1DN1:A:	7	15	9	20	0	49	28	32	0	589
NCU09122T0_4-140_2A7L:A:1-117	3	3	2	2	0	16	7	11	0	117
NCU09139T0_7-143_2CP0:A:7-89	1	7	1	1	0	13	8	4	0	82
NCU09139T0_128-362,391-405_1D0B:A:	0	10	7	3	0	37	15	16	0	207
NCU09155T0_58-405_1J71:A:	2	26	4	3	0	34	19	20	0	334
NCU09156T0_66-302,335-587_1PV7:A:	0	0	2	22	0	18	12	14	0	417
NCU09159T0_377-615,649-712_1W36:D:2-360	6	9	4	14	0	32	29	25	0	359
NCU09162T0_327-358,392-690,728-762_1VYH:C:92-408	0	28	1	0	0	39	25	14	0	317
NCU09171T0_111-368_2FLU:X:325-609	14	28	0	0	0	37	15	14	0	285
NCU09187T0_527-764_1E32:A:201-458	3	5	4	12	0	28	13	14	0	258
NCU09197T0_79-175_1H88:C:89-143	0	0	0	3	0	6	5	5	0	55
NCU09197T0_17-82_1A5J:A:1-55	0	0	0	3	0	9	8	2	0	55
NCU09199T0_43-246,279-388_1BT3:A:	2	7	7	10	0	38	24	27	0	341
NCU09205T0_75-113_1D66:A:8-48	0	0	0	2	0	4	1	2	0	41
NCU09207T0_161-375,426-629_1PW4:A:	2	0	1	18	0	21	18	22	0	450
NCU09211T0_294-369,574-901_1W36:D:2-360	6	9	4	14	0	32	29	25	0	359
NCU09217T0_87-188_1OBZ:A:111-194	0	6	0	2	0	9	4	8	0	82
NCU09219T0_690-748,897-1037,1071-1147,1652-1730_1WA5:B:	0	0	5	29	0	38	22	22	0	506
NCU09228T0_321-568_1HS6:A:209-460	1	7	4	11	0	19	10	13	0	252
NCU09228T0_115-312_1HS6:A:1-208	2	15	4	0	0	20	10	12	0	208
NCU09232T0_404-465_1WD2:A:	0	0	2	0	0	10	10	2	0	59
NCU09237T0_402-478_1KHM:A:	0	3	1	3	0	8	5	2	0	89
NCU09237T0_205-280_1WVN:A:5-74	0	3	2	3	0	7	1	2	0	70
NCU09237T0_119-197_2AXY:A:11-81	0	3	1	3	0	7	2	0	0	71
NCU09272T0_284-507_2SQC:A:37-307	0	3	7	10	0	24	17	17	0	271
NCU09272T0_9-135,222-349_2SQC:A:37-307	0	3	7	10	0	24	17	17	0	271
NCU09279T0_40-198_1GW0:A:1-162	5	10	2	0	0	20	10	14	0	162
NCU09279T0_194-368_1GW0:A:163-343	7	11	0	1	0	26	14	10	0	181
NCU09279T0_393-597_1GW0:A:344-559	3	11	3	5	0	27	15	11	0	216
NCU09281T0_256-432,519-684_2F2H:A:248-585	10	10	5	9	0	36	16	18	0	338
NCU09281T0_23-255_2F2H:A:1-247	2	21	1	1	0	22	20	14	0	247
NCU09281T0_689-770_2F2H:A:586-665	0	8	1	1	0	13	7	5	0	80
NCU09308T0_109-127,155-249_1OKJ:A:1-106	0	5	1	3	0	7	4	4	0	106
NCU09308T0_109-136,175-254,295-358,464-562_1HUX:A:	0	10	3	8	0	21	12	13	0	259
NCU09321T0_19-417,471-542_1PV7:A:	0	0	2	22	0	18	12	14	0	417
NCU09325T0_430-686_1ERJ:A:	2	30	1	1	0	43	24	22	0	388
NCU09329T0_254-300_1H8A:C:87-143	0	0	0	3	0	8	4	3	0	57
NCU09331T0_40-160_1JD1:A:	3	6	3	2	0	16	10	4	0	126
NCU09350T0_137-446_3CMS:A:	4	25	3	6	0	30	15	23	0	323
NCU09357T0_478-545,702-947,975-1031,1163-1214_1QZX:A:88-294	0	8	2	8	0	21	11	12	0	207
NCU09357T0_1836-2116_1IQP:A:2-232	0	7	4	13	0	20	11	14	0	231
NCU09357T0_1295-1497_1HQC:A:5-242	0	7	0	8	0	28	17	13	0	238
NCU09357T0_1568-1826_1JBK:A:	0	6	2	10	0	18	8	13	0	194
NCU09377T1_30-126,181-384,423-456_1ERJ:A:	2	30	1	1	0	43	24	22	0	388
NCU09384T0_231-539_1EWQ:A:267-541	2	4	1	10	0	20	10	10	0	275
NCU09384T0_540-800_1E3M:A:567-800	2	10	1	6	0	25	13	9	0	234
NCU09408T0_19-124,169-200,394-465_2FUK:A:3-220	2	8	1	5	0	26	14	17	0	218
NCU09415T0_42-88,223-299_2IK8:B:65-180	0	0	0	8	0	6	3	9	0	116
NCU09418T0_63-90,249-279_1YCS:B:327-456	0	0	0	8	0	14	5	13	0	130
NCU09432T0_34-272_1GOT:B:	1	28	0	2	0	36	22	23	0	339
NCU09432T0_465-534,567-620,770-810_2OVR:B:2365-2706	0	32	2	1	0	36	24	21	0	342
NCU09443T0_369-617_3B60:A:329-581	4	10	2	9	0	24	18	16	0	253
NCU09443T0_1179-1454_1JJ7:A:	4	10	3	10	0	29	19	15	0	251
NCU09443T0_849-1146,1338-1346_3B60:A:10-328	0	0	1	11	0	6	9	9	0	319
NCU09443T0_28-354_1PF4:A:10-320	0	0	9	16	0	12	11	14	0	310
NCU09445T0_61-363_1L7A:A:	0	9	3	11	0	31	21	14	0	318
NCU09477T1_10-210_1OKC:A:	0	0	6	11	0	19	10	9	0	292
NCU09490T0_176-283,436-527_2FO1:E:1021-1297	0	0	1	16	0	32	19	23	0	277
NCU09494T0_209-233,303-323,362-408_1FGX:A:	6	11	2	6	0	34	20	14	0	272
NCU09496T0_67-116_2ADR:A:102-130	2	0	0	1	0	5	2	2	0	29
NCU09508T0_44-265_2IW0:A:29-248	2	11	4	8	0	26	19	12	0	220
NCU09512T0_13-94_1TH7:A:3-78	0	5	1	1	0	8	2	4	0	76
NCU09517T0_51-299,330-378_1RQJ:A:	0	2	0	16	0	15	8	14	0	299
NCU09520T0_767-817,865-936_2C2A:A:321-481	0	7	2	3	0	13	4	10	0	161
NCU09520T0_1454-1528_2AYZ:A:817-949	0	5	0	5	0	13	10	3	0	133
NCU09520T0_43-204_1F5M:A:	2	6	2	4	0	18	12	9	0	176
NCU09520T0_601-671_2C2A:A:232-320	0	0	1	3	0	3	0	4	0	89
NCU09534T0_68-227_1GP1:A:	4	7	5	4	0	26	16	13	0	185
NCU09535T0_44-145,195-318,434-487_1NG4:A:1-218,A:307-364	3	11	2	10	0	27	13	19	1	276
NCU09556T0_70-138_1BW5:A:	0	0	0	3	0	8	6	1	0	66
NCU09559T0_378-777_2F9F:A:2-167	2	6	1	7	0	19	11	10	0	166
NCU09565T0_60-515_1BU7:A:	0	12	10	16	0	39	22	21	0	455
NCU09566T0_741-780_2IUB:A:286-349	0	0	0	2	0	2	2	2	0	64
NCU09567T0_70-212,242-432_1QGX:A:	4	14	3	10	0	37	23	23	0	354
NCU09570T0_106-245_1JLV:A:85-207	0	0	1	6	0	6	6	7	0	123
NCU09595T0_514-577_2OAU:A:113-179	0	5	0	2	0	7	5	3	0	67
NCU09595T0_379-442_1NYA:A:	2	2	0	8	0	18	15	6	0	176
NCU09598T0_218-277_1B7F:A:123-204	0	8	0	2	0	9	4	5	0	82
NCU09600T0_20-159,192-278_1DIN:A:	2	9	3	6	0	26	12	19	0	233
NCU09608T0_44-222_1UAX:A:	2	5	2	9	0	21	14	11	0	211
NCU09608T0_285-349_1UAX:A:	2	5	2	9	0	21	14	11	0	211
NCU09615T0_9-42_1PYI:A:30-71	0	2	0	2	0	6	1	3	0	42
NCU09634T0_494-695_1XTT:A:2-216	0	14	2	6	0	24	15	8	0	215
NCU09634T0_241-418_1NNL:A:	3	8	3	9	0	21	12	11	0	217
NCU09634T0_16-173_1UF9:A:	0	7	2	9	0	15	8	10	0	191
NCU09640T0_26-211,280-451,499-528_1PV7:A:	0	0	2	22	0	18	12	14	0	417
NCU09648T0_11-482_1O9J:A:	5	22	4	17	0	50	32	20	0	494
NCU09689T0_20-204,277-366_1LZL:A:	0	8	3	10	0	32	18	24	0	317
NCU09690T0_60-341_1M33:A:	4	7	4	8	0	26	17	18	0	256
NCU09699T0_69-228_2GE3:A:6-169	0	7	2	4	0	13	5	8	0	164
NCU09706T0_157-421_1X9N:A:262-533	2	0	4	13	0	28	14	13	0	272
NCU09706T0_431-625_1X9N:A:534-753	5	11	2	6	0	25	17	14	0	220
NCU09706T0_726-882_1X9N:A:754-901	3	10	1	2	0	17	13	7	0	148
NCU09718T0_93-215,259-395_1APY:A:,B:	8	13	2	8	0	37	20	17	1	302
NCU09727T0_208-467_1AMO:A:243-518	5	10	2	8	0	39	20	12	0	276
NCU09727T0_3-128_1JA1:A:63-239	0	7	4	5	0	17	7	9	0	177
NCU09727T0_477-649_1DDG:A:447-599	0	5	1	7	0	14	6	10	0	153
NCU09728T0_59-450_1J71:A:	2	26	4	3	0	34	19	20	0	334
NCU09735T0_29-280_2C07:A:54-304	2	7	2	9	0	21	12	14	0	251
NCU09737T0_68-120,157-562_2P0V:A:39-481	5	15	3	16	0	48	34	25	0	443
NCU09740T0_1203-1236,1333-1378,1477-1558,1666-1734,1790-1862,1918-2076,2157-2240_1G3J:A:	2	0	4	35	0	31	15	35	0	531
NCU09745T0_7-256_1YRB:A:1-244	0	7	3	11	0	22	15	9	0	245
NCU09760T0_868-1154_1N11:A:	0	0	1	24	0	48	15	35	0	408
NCU09760T0_276-511_1YE8:A:1-178	0	9	2	5	0	17	7	11	0	178
NCU09767T0_34-234,268-474_1PW4:A:	2	0	1	18	0	21	18	22	0	450
NCU09776T0_12-306_2PUL:A:5-396	1	10	6	14	0	29	12	21	0	392
NCU09777T0_124-170,208-385_1XC3:A:119-294	4	5	5	5	0	14	11	12	0	176
NCU09779T0_90-126,165-357_2FDI:A:15-214	8	12	1	2	0	25	12	13	0	200
NCU09783T0_120-310_1MX3:A:126-318	2	7	0	8	0	22	16	16	0	193
NCU09783T0_52-148_1PSD:A:7-107,A:296-326	2	5	0	5	0	21	6	8	1	132
NCU09793T0_289-446,480-534,564-656_2P6R:A:1-202	1	7	2	7	0	20	9	10	0	202
NCU09793T0_793-974_2Q0Z:X:33-208	1	0	2	9	0	14	8	11	0	176
NCU09795T0_137-326,365-574_1PW4:A:	2	0	1	18	0	21	18	22	0	450
NCU09805T0_28-393_2GUY:A:1-381	12	13	11	13	0	43	24	24	0	381
NCU09805T0_399-455_2AAA:A:382-476	0	8	0	1	0	12	5	9	0	95
NCU09807T0_113-146_2OVR:B:2263-2364	0	0	0	6	0	9	7	5	0	102
NCU09810T0_171-341_2SCU:A:122-286	0	7	2	5	0	21	13	9	0	165
NCU09810T0_560-707_2SCU:B:239-385	1	6	0	6	0	15	10	5	0	147
NCU09810T0_46-170_1EUC:A:1-130	0	7	1	4	0	14	5	8	0	130
NCU09811T0_54-451_1PV7:A:	0	0	2	22	0	18	12	14	0	417
NCU09815T0_378-463,531-597_1NGN:A:	0	0	3	8	0	11	11	8	0	144
NCU09817T0_20-366_1HFB:A:	7	11	3	10	0	34	18	19	0	347
NCU09820T0_1043-1148,1318-1440_1PF4:A:321-564	3	9	2	6	0	30	21	8	0	243
NCU09820T0_761-1036_2HYD:A:1-323	0	0	1	15	1	9	5	12	0	323
NCU09820T0_419-630_1R0W:A:	0	11	2	12	1	27	19	16	0	281
NCU09820T0_39-135,177-375_2HYD:A:1-323	0	0	1	15	1	9	5	12	0	323
NCU09844T0_5-333_2F6K:A:2-307	0	10	4	13	0	28	16	17	0	306
NCU09853T0_154-267_2OV9:A:7-209	3	7	2	3	0	22	12	13	0	203
NCU09856T0_616-871_1E32:A:201-458	3	5	4	12	0	28	13	14	0	258
NCU09866T0_1570-1965_1C4Z:A:	4	10	4	13	0	35	26	18	0	350
NCU09866T0_252-280,312-647,687-762_1WA5:B:	0	0	5	29	0	38	22	22	0	506
NCU09873T0_240-557_1J3B:A:212-529	5	21	6	7	0	46	23	17	0	318
NCU09873T0_42-236_1II2:A:2-200	4	10	1	6	0	22	14	14	0	199
NCU09875T0_62-322_1OMZ:A:	3	13	1	7	0	26	18	19	0	265
NCU09885T0_43-287_1IVH:A:6-241	3	8	6	7	0	20	10	16	0	236
NCU09885T0_273-436_2D29:A:235-387	1	2	3	5	0	4	4	6	0	153
NCU09892T0_28-266,442-491_1NJ1:A:19-283	3	14	0	8	0	26	12	17	0	265
NCU09892T0_476-583_1QE0:A:326-420	0	5	0	4	0	11	3	5	0	95
NCU09894T0_301-339,385-505,590-711_1XQR:A:87-350	0	0	3	17	0	17	9	12	0	267
NCU09895T0_94-280_2OV9:A:7-209	3	7	2	3	0	22	12	13	0	203
NCU09897T0_2-389_1U7L:A:	5	8	7	8	0	30	17	18	0	388
NCU09899T0_111-167_1FQV:A:107-145	0	0	0	3	0	4	4	4	0	39
NCU09915T0_187-450_1MNN:A:	5	22	7	3	0	40	15	13	0	303
NCU09975T0_387-642_3B60:A:329-581	4	10	2	9	0	24	18	16	0	253
NCU09975T0_1055-1312_2HYD:A:324-578	2	10	5	9	0	25	21	16	0	255
NCU09975T0_56-376_3B60:A:10-328	0	0	1	11	0	6	9	9	0	319
NCU09975T0_703-1019,1203-1209_2HYD:A:1-323	0	0	1	15	1	9	5	12	0	323
NCU09977T0_209-291_2PQ6:A:8-480	2	13	8	19	0	43	24	31	0	473
NCU09978T0_45-217,290-471,513-543_1PV7:A:	0	0	2	22	0	18	12	14	0	417
NCU09980T0_311-704_1IA6:A:	12	3	3	16	0	48	26	23	0	431
NCU09980T0_82-209_2DLX:A:1-147	0	4	0	5	0	15	9	9	0	140
NCU09995T0_12-93_1CG7:A:	0	0	0	6	0	6	4	8	0	93
NCU10011T0_43-500_1BU7:A:	0	12	10	16	0	39	22	21	0	455
NCU10015T0_12-375_1M41:A:	4	15	3	9	0	32	19	17	0	361
NCU10029T0_22-191_1NWA:A:	0	8	2	4	0	18	14	11	0	202
NCU10030T0_394-785_1V7W:A:271-801	11	25	6	16	0	58	33	35	0	531
NCU10039T0_196-268,323-397_1N3J:A:	3	9	0	2	0	19	13	1	0	119
NCU10048T0_85-349_1OY0:A:	1	8	2	10	0	27	16	14	0	262
NCU10051T0_50-191_1VHB:A:	0	0	4	6	0	6	0	5	0	144
NCU10051T0_198-310_1CQX:A:151-261	3	6	0	1	0	16	6	5	0	111
NCU10051T0_299-455_1GVH:A:254-396	0	6	3	4	0	15	10	7	0	143
NCU10059T0_3-183_1OFG:A:1-160,A:323-381	1	7	4	8	0	25	13	9	1	219
NCU10059T0_161-261,346-371_2NVW:A:155-373	2	11	4	2	0	20	14	5	0	219
NCU10063T0_120-276_1JEO:A:	2	5	2	7	0	16	7	8	0	177
NCU10080T0_237-286_1PYI:A:30-71	0	2	0	2	0	6	1	3	0	42
NCU10101T0_36-235_1T43:A:	2	9	3	11	0	29	18	14	0	274
NCU10133T0_184-257_1BOR:A:	2	0	0	0	0	13	12	2	0	56
NCU10220T0_6-169_1RKB:A:	2	5	2	7	0	17	8	6	0	172
NCU10239T0_77-229,266-518_1PV7:A:	0	0	2	22	0	18	12	14	0	417
NCU10270T0_156-240_2C2L:A:225-304	2	3	1	2	0	14	7	6	0	80
NCU10270T0_2-63_1IHG:A:197-365	0	0	2	8	0	13	5	7	0	169
NCU10285T0_2-313_1PQ2:A:	6	9	3	17	0	42	25	31	0	463
NCU10309T0_309-462_1FKM:A:249-442	2	0	8	8	0	13	13	10	0	194
NCU10309T0_471-627_1FKM:A:443-630	0	0	1	8	0	10	3	8	0	188
NCU10311T0_110-218_2YZI:A:4-135	6	6	2	4	0	14	9	11	0	132
NCU10311T0_280-394_2YZI:A:4-135	6	6	2	4	0	14	9	11	0	132
NCU10311T0_484-589_1OEY:J:	1	5	0	2	0	14	6	6	0	105
NCU10337T0_861-1116_1Z3I:X:390-735	0	10	6	11	0	41	29	23	0	346
NCU10337T0_619-860_1Z63:A:432-661	0	7	2	11	0	24	16	18	0	230
NCU10337T0_417-489_2DY7:A:172-252	0	3	0	3	0	8	3	3	0	81
NCU10346T0_1576-1630_2IW5:B:376-440	0	0	0	4	0	5	3	2	0	65
NCU10346T0_1283-1335_1XC5:A:413-480	0	0	0	3	0	6	6	6	0	68
NCU10351T0_12-197,242-335_1LHP:A:	0	10	3	9	0	29	18	12	0	309
NCU10383T1_40-426_7AAT:A:	0	13	2	16	0	41	13	22	0	401
NCU10383T0_2-335_7AAT:A:	0	13	2	16	0	41	13	22	0	401
NCU10397T0_373-469,748-1024_1E8Y:A:726-1092	0	10	2	12	0	26	15	16	0	367
NCU10397T0_66-138_1E8Y:A:525-725	0	0	2	12	0	15	8	11	0	201
NCU10423T0_51-571_1MDB:A:	4	27	3	18	0	60	32	36	0	536
NCU10423T0_723-802_1DNY:A:	0	0	0	4	0	8	7	2	0	76
NCU10423T0_1195-1297_1KRR:A:	6	18	1	3	0	40	15	16	0	200
NCU10423T0_911-1039_3BSW:A:3-195	2	21	1	2	0	45	7	19	0	193
NCU10423T0_1575-1660_1XHD:A:	2	20	0	1	0	37	1	18	0	172
NCU10436T0_176-490_1GHS:A:	3	12	6	10	0	35	17	17	0	306
NCU10476T0_293-363_1NEX:B:270-369	0	0	0	7	0	9	5	6	0	100
NCU10476T0_347-579,649-723_1PGV:A:	2	5	0	7	0	21	9	7	0	167
NCU10477T0_5-109_1JAT:B:	4	4	0	4	0	17	7	12	0	136
NCU10490T0_216-489_1KYW:A:120-362	2	7	1	11	0	24	14	14	0	243
NCU10490T0_131-217_1TW3:A:14-98	1	2	1	5	0	4	4	7	0	85
NCU10512T0_23-459_1PV7:A:	0	0	2	22	0	18	12	14	0	417
NCU10546T0_21-568_1LCI:A:	7	27	4	15	0	64	28	38	0	541
NCU10597T0_16-54_2HAP:C:55-97	0	0	1	2	0	6	3	2	0	43
NCU10618T0_3-142_1GW5:S:	0	7	0	5	0	11	6	9	0	142
NCU10647T0_382-538_1XA6:A:271-466	0	0	1	11	0	17	14	15	0	196
NCU10651T0_145-361_2IW0:A:29-248	2	11	4	8	0	26	19	12	0	220
NCU10651T0_73-112_1EHD:A:46-89	2	3	1	1	0	7	6	5	0	44
NCU10680T0_38-505,535-622_1UKC:A:	4	16	7	18	0	57	36	35	0	517
NCU10733T0_480-840_1NBF:A:	6	16	6	11	0	38	19	20	0	347
NCU10733T0_885-1062_1WLJ:A:	0	7	1	7	0	16	4	10	0	173
NCU10733T0_91-303_1P22:A:253-545	0	28	0	1	0	35	23	13	0	293
NCU10776T0_2-233_1UL1:X:2-217	0	7	1	7	0	19	10	10	0	216
NCU10776T0_219-356_1UL1:X:218-357	1	1	1	7	0	13	9	4	0	140
NCU10777T0_2-134_1V6F:A:	0	8	2	4	0	18	10	4	0	150
NCU10809T0_271-311,518-696_1Z5Z:A:663-906	0	6	1	10	0	26	11	15	0	244
NCU10809T0_96-365_1Z63:A:432-661	0	7	2	11	0	24	16	18	0	230
NCU10810T0_23-524_2OOE:A:21-549	2	0	2	28	0	36	16	28	0	529
NCU10847T0_279-406_1E6I:A:	0	0	2	5	0	8	8	7	0	111
NCU10847T0_89-233_1YGH:A:	3	6	2	5	0	17	5	9	0	164
NCU10889T0_57-78,114-195_1YNB:A:7-173	2	0	5	7	0	12	5	7	0	167
NCU10893T0_92-229_1Q5H:C:	3	12	0	1	0	23	8	7	0	146
NCU10895T0_954-1186_1EWQ:A:542-765	2	10	1	6	0	20	13	10	0	224
NCU10895T0_581-674,706-849,882-952_1E3M:A:270-566	3	4	1	15	0	23	13	17	0	297
NCU10895T0_415-482,511-593_1E3M:A:117-269	1	7	4	3	0	23	9	11	0	153
NCU10905T0_13-289_2EFL:A:1-288	0	0	0	7	0	7	3	7	0	288
NCU10905T0_1083-1146_1U5S:A:1-71	1	5	0	0	0	8	6	3	0	71
NCU10910T0_40-236,296-468,513-539_1PW4:A:	2	0	1	18	0	21	18	22	0	450
NCU10945T0_93-287,346-518,566-586_1PV7:A:	0	0	2	22	0	18	12	14	0	417
NCU10987T0_57-278,339-546_1PW4:A:	2	0	1	18	0	21	18	22	0	450
NCU11030T0_30-492_1TQN:A:	5	9	7	18	0	43	20	30	0	472
NCU11053T0_139-226_1KY9:A:260-353	4	4	0	2	0	14	9	8	0	94
NCU11095T0_265-318_3CZH:A:40-502	7	8	4	16	0	42	19	26	0	462
NCU11098T0_6-94,145-216,357-417,447-487,516-582_2HZB:A:2-312	4	12	1	13	1	35	24	14	0	311
NCU11129T0_90-292,498-590_1Q7L:A:,B:	3	10	4	8	0	31	16	18	1	280
NCU11129T0_293-341,407-462_1YSJ:A:178-292	0	4	0	2	0	9	4	1	0	115
NCU11138T0_818-863_1JXS:A:	0	3	0	4	0	10	8	5	0	98
NCU11138T0_512-578_1UHT:A:	3	9	0	0	0	18	9	7	0	117
NCU11171T1_26-93_1QVC:A:	0	7	0	1	0	20	11	4	0	145
NCU11182T0_21-211_2FDI:A:15-214	8	12	1	2	0	25	12	13	0	200
NCU11185T0_136-249,292-453,524-641_1LW3:A:199-586	4	7	4	16	0	45	18	24	0	388
NCU11188T0_2133-2260,2291-2488_1E8Y:A:726-1092	0	10	2	12	0	26	15	16	0	367
NCU11188T0_331-401,584-793,841-863,937-1069,1098-1186_1U6G:C:	0	2	14	60	0	74	56	65	0	1207
NCU11188T0_1542-1608,1761-1827,1867-1904_1W3B:A:	0	0	0	23	0	35	6	26	0	388
NCU11195T0_142-347_1YGY:A:99-282	3	7	2	7	0	24	14	12	0	184
NCU11195T0_38-163_1YGY:A:3-98,A:283-316	4	5	2	4	0	19	10	9	1	130
NCU11197T0_1-78_1GO3:E:1-78	1	4	1	1	0	8	2	4	0	78
NCU11197T0_79-187_2C35:B:78-171	0	9	1	0	0	9	5	8	0	94
NCU11201T0_3-231_1V37:A:	2	6	3	6	0	21	10	9	0	171
NCU11209T0_145-236_2J9U:A:148-241	2	0	0	4	0	7	1	4	0	94
NCU11209T0_23-120_2F6M:B:15-118	0	0	0	5	0	10	3	6	0	106
NCU11216T0_1-61_1AW0:A:	0	4	0	2	0	7	1	5	0	72
NCU11219T0_386-547,597-639_1RRQ:A:9-229	0	0	3	12	0	21	13	15	0	221
NCU11220T0_197-421_1RRQ:A:9-229	0	0	3	12	0	21	13	15	0	221
NCU11220T0_523-673_1X51:A:8-149	2	7	0	3	0	17	11	6	0	142
NCU11228T0_352-435,543-660_1NR0:A:313-611	0	28	1	0	0	35	26	23	0	299
NCU11228T0_82-185,255-300,343-432,533-569_1NR0:A:2-312	4	27	1	0	0	38	22	20	0	311
NCU11241T0_137-302_1JOQ:A:	3	9	1	3	0	22	11	8	0	149
NCU11255T0_471-770_1Z3I:X:390-735	0	10	6	11	0	41	29	23	0	346
NCU11255T0_209-470_1Z3I:X:92-389	0	9	4	12	0	34	20	12	0	298
NCU11256T0_33-180_1VKC:A:	0	5	3	4	0	13	5	7	0	149
NCU11263T0_193-254_1JM7:A:	2	0	1	3	0	11	9	5	0	103
NCU11278T0_31-406_1LTD:A:98-511	2	13	7	14	0	44	26	19	0	414
NCU11288T0_226-510_2BWV:A:177-440	4	11	3	6	0	29	15	15	0	264
NCU11288T0_62-225_2BWV:A:1-176	0	8	2	7	0	18	9	6	0	176
NCU11289T0_55-355_1PZ1:A:	6	12	9	9	0	39	21	23	0	332
NCU11300T0_1-84_1LDJ:B:	0	6	0	2	0	13	8	4	0	88
NCU11301T0_744-916_1G7S:A:1-227	3	9	5	6	0	24	13	14	0	227
NCU11301T0_1061-1173_1G7S:A:329-459	3	4	0	5	0	10	10	6	0	131
NCU11301T0_1169-1267_1D1N:A:	2	7	0	0	0	17	11	2	0	99
NCU11301T0_918-998_1WDT:A:275-377	0	10	1	1	0	12	8	7	0	103
NCU11305T0_32-157_4LIP:D:	4	11	2	11	0	29	17	24	0	319
NCU11306T0_45-289,327-546_3CZH:A:40-502	7	8	4	16	0	42	19	26	0	462
NCU11312T0_303-555_2IUB:A:9-285	0	7	2	6	0	23	14	10	0	281
NCU11312T0_565-627_2IUB:A:286-349	0	0	0	2	0	2	2	2	0	64
NCU11320T0_64-410_1GQ6:A:	7	8	6	9	0	33	21	11	0	301
NCU11324T0_243-312,392-427_1XTE:A:	0	3	2	4	0	9	3	6	0	116
NCU11342T0_40-458_1PW4:A:	2	0	1	18	0	21	18	22	0	450
NCU11353T0_6-293_1BU6:O:3-253	1	15	1	9	0	25	13	17	0	251
NCU11353T0_301-540_1BUP:A:189-381	1	6	3	7	0	14	7	9	0	193
NCU11364T0_12-376_1Y1P:A:2-343	0	12	1	11	0	37	20	20	0	342
NCU11369T1_23-302_1X04:A:26-225	0	0	0	6	0	4	2	6	0	200
NCU11370T0_7-162_3CUM:A:1-162	0	9	0	8	0	19	11	8	0	162
NCU11370T0_175-301_1VPD:A:164-296	2	0	1	6	0	6	4	9	0	133
NCU11371T0_26-63,91-253_1NIJ:A:2-223	0	9	2	7	0	28	21	11	0	222
NCU11371T0_301-379_1NIJ:A:224-318	2	5	0	2	0	8	4	5	0	95
NCU11382T0_55-401_1BT3:A:	2	7	7	10	0	38	24	27	0	341
NCU11384T1_29-386_1TDJ:A:5-335	0	10	2	13	0	33	18	16	0	331
NCU11384T1_446-539_1TDJ:A:424-514	1	4	0	2	0	13	3	4	0	91
NCU11384T0_73-430_1TDJ:A:5-335	0	10	2	13	0	33	18	16	0	331
NCU11384T0_490-583_1TDJ:A:424-514	1	4	0	2	0	13	3	4	0	91
NCU11396T0_200-411_1W8O:A:47-402	3	26	2	1	0	50	35	23	0	356
NCU11396T0_124-214_1W8O:A:47-402	3	26	2	1	0	50	35	23	0	356
NCU11410T0_87-120,160-284,323-468_1GZ8:A:	3	8	3	10	0	29	17	22	0	298
NCU11415T0_117-442_1QAS:A:299-625	3	11	6	8	0	35	21	20	0	327
NCU11415T0_466-612_1UGK:A:	3	8	2	0	0	16	7	6	0	137
NCU11416T0_101-135,168-232,263-328_1VIA:A:	0	5	3	7	0	17	6	10	0	161
NCU11423T0_49-337_1EVQ:A:	0	8	4	9	0	28	16	23	0	308
NCU11426T0_276-528_1N11:A:	0	0	1	24	0	48	15	35	0	408
NCU11426T0_728-782,811-907,958-998_1ZCC:A:1-240	3	9	1	11	0	24	20	15	0	240
NCU11429T0_261-306_1UHA:A:1-42	3	2	2	1	0	7	4	4	0	42
NCU11429T0_70-115_1ULK:A:43-83	5	2	2	1	0	7	3	5	0	41
NCU11429T0_167-211_2CWG:A:53-86	3	2	1	1	0	6	5	2	0	34
NCU11438T0_136-340,396-616_1PV7:A:	0	0	2	22	0	18	12	14	0	417
NCU11452T0_12-187_1F0Y:A:12-203	0	8	1	7	0	22	12	11	0	192
NCU11452T0_330-599_2DG1:A:6-324	6	25	6	0	0	47	21	19	0	320
NCU11452T0_190-283_1F0Y:A:204-302	3	0	1	5	0	8	3	5	0	99
NCU11453T0_44-357,386-1098_1QBK:B:	0	0	17	47	0	50	54	64	0	888
NCU11457T0_152-415_1WR8:A:	3	11	4	8	0	31	16	15	0	230
NCU11461T0_238-294,333-381_1M2O:A:2-44,A:391-523	5	10	0	3	0	21	15	9	1	176
NCU11468T0_251-279,307-357_1AM9:A:	0	0	0	2	0	4	1	1	0	80
NCU11480T0_36-265_1BD0:A:12-244	2	9	3	9	0	27	16	11	0	233
NCU11483T0_68-463_1PV7:A:	0	0	2	22	0	18	12	14	0	417
NCU11488T0_40-101_1W2I:A:	0	5	0	2	0	9	4	4	0	90
NCU11492T0_850-1001_1C1G:C:	0	0	0	3	0	2	1	2	0	283
NCU11493T0_21-190_1YTA:A:1-180	1	6	0	9	0	20	8	9	0	180
NCU11494T0_20-76_2HP8:A:	0	0	1	3	0	6	3	5	0	68
NCU11495T0_38-133_3EZM:A:	0	10	3	0	0	8	4	9	0	101
NCU11500T0_13-73_1WJK:A:	0	4	0	3	0	8	11	4	0	99
NCU11502T0_19-168_1A77:A:2-208	4	7	3	6	0	25	18	11	0	207
NCU11508T0_271-390_1SEZ:A:330-441	2	5	4	2	0	12	7	4	0	112
NCU11508T0_71-285,409-440_2I0Z:A:1-192,A:362-420	4	15	6	8	0	27	12	15	1	251
NCU11510T0_4-132_2HYD:A:1-323	0	0	1	15	1	9	5	12	0	323
NCU11514T0_2-126_1X6M:A:	1	11	5	3	0	24	13	10	0	195
NCU11516T0_14-162_2E2C:A:	3	4	1	4	0	19	8	11	0	156
NCU11525T0_37-142_1IHB:A:	0	0	0	10	0	20	7	16	0	156
NCU11526T0_88-193_3DXO:A:1-117	0	6	0	3	0	10	5	4	0	117
NCU11534T0_293-419_2GEY:A:2-145	2	6	0	5	0	9	3	9	0	144
NCU11537T0_134-225,269-347_1X5T:A:8-90	2	6	0	2	0	10	6	5	0	83
NCU11537T0_31-124_1X5T:A:8-90	2	6	0	2	0	10	6	5	0	83
NCU11544T0_8-293_1CKI:A:	5	10	3	10	0	30	14	16	0	299
NCU11545T0_113-325_1IIR:A:	0	13	4	14	0	38	21	15	0	401
NCU11549T0_44-325_1WZN:A:1-251	1	11	4	7	0	20	9	14	0	251
NCU11552T0_1-119_1UW0:A:	2	5	0	2	0	19	11	5	0	117
NCU11556T0_369-492_2CPF:A:362-446	0	6	0	2	0	10	6	5	0	85
NCU11556T0_99-184_1SXL:A:	2	3	0	2	0	19	15	2	0	97
NCU11558T0_32-314_1NFF:A:	4	7	6	7	0	23	13	15	0	244
NCU11560T0_348-439,609-741_1BD8:A:	0	0	0	10	0	20	8	16	0	156
NCU11565T0_2-252_2FEA:A:2-227	4	7	3	11	0	24	11	14	0	226
NCU11568T1_121-273_1O4U:A:104-273	0	7	2	6	0	15	10	10	0	170
NCU11568T1_13-120_1QAP:A:8-129	0	6	2	3	0	12	5	6	0	122
NCU11573T0_282-538_2A5Y:B:109-385	4	5	1	11	0	20	17	17	0	277
NCU11587T0_3-381,409-436_1T3I:A:	8	16	7	15	0	48	19	26	0	408
NCU11587T0_463-607_2EXN:A:1-128	0	10	2	1	0	16	8	7	0	120
NCU11588T0_248-287_1CLD:A:	0	0	0	2	0	4	2	1	0	33
NCU11592T0_184-241_1GD2:G:	0	0	0	1	0	3	1	0	0	69
NCU11593T0_98-176,226-307_1PUN:A:	3	5	2	2	0	22	12	8	0	129
NCU11619T0_127-291,382-725_1CQE:A:74-583	21	6	7	23	0	55	36	34	0	510
NCU11620T0_8-179,248-370_3C96:A:4-182,A:294-402	1	13	1	8	0	26	14	13	1	288
NCU11635T0_3-107_1PLQ:A:127-258	2	9	2	2	0	15	8	5	0	132
NCU11639T0_83-167_1Q67:A:	0	7	0	4	0	11	7	4	0	207
NCU11655T0_136-312_2CND:A:125-270	0	8	3	6	0	14	9	6	0	146
NCU11655T0_30-120_1KRH:A:106-205	0	6	0	1	0	15	6	7	0	100
NCU11658T0_46-286_1O1Z:A:	1	11	4	10	0	22	17	11	0	233
NCU11659T0_178-287_1FGU:A:299-426	1	7	1	2	0	17	6	5	0	128
NCU11659T0_8-120_1O7I:A:	2	7	3	0	0	15	2	8	0	115
NCU11664T0_266-511_1HS6:A:209-460	1	7	4	11	0	19	10	13	0	252
NCU11664T0_56-259_1HS6:A:1-208	2	15	4	0	0	20	10	12	0	208
NCU11664T0_517-660_1HS6:A:461-610	0	0	4	8	0	11	2	8	0	150
NCU11666T0_163-298_1B12:A:	5	17	5	1	0	32	10	16	0	247
NCU11676T0_244-356_2MST:A:	3	4	0	2	0	14	6	4	0	75
NCU11676T0_147-245_1HD1:A:	2	4	1	2	0	7	2	4	0	75
NCU11685T0_15-319_2GFS:A:5-352	1	10	6	13	0	32	21	20	0	348
NCU11724T0_38-110_2EY4:C:1-73	2	6	0	0	0	12	4	5	0	73
NCU11730T0_127-305_1JA1:A:63-239	0	7	4	5	0	17	7	9	0	177
NCU11731T0_99-179_1S7B:A:	0	0	0	4	0	10	7	3	0	109
NCU11732T0_1-133_2AV5:A:15-120	0	5	1	3	0	5	2	4	0	106
NCU11741T0_215-261_1Y7M:A:1-48	0	2	0	1	1	9	3	6	0	48
NCU11747T0_37-170_1B12:A:	5	17	5	1	0	32	10	16	0	247
NCU11749T0_7-56_1CLD:A:	0	0	0	2	0	4	2	1	0	33
NCU11764T0_63-145_2OVR:B:2263-2364	0	0	0	6	0	9	7	5	0	102
NCU11769T0_35-263_1WZN:A:1-251	1	11	4	7	0	20	9	14	0	251
NCU11773T0_46-207_1GKZ:A:38-185	0	2	0	6	0	7	8	7	0	148
NCU11773T0_234-318,388-415,442-487_1GKZ:A:186-378	0	8	0	3	0	16	9	10	0	193
NCU11774T0_1-70_1ITP:A:	0	4	0	2	0	7	7	2	0	76
NCU11786T0_179-354_1QY6:A:	4	13	2	3	0	28	10	17	0	216
NCU11791T0_287-380,409-561_1TXU:A:	0	0	4	11	0	13	8	14	0	254
NCU11791T0_701-745_1P3Q:Q:	0	0	1	2	0	4	3	2	0	47
NCU11798T0_26-114_2ATR:A:1-137	0	5	2	4	0	11	7	7	0	137
NCU11807T0_345-395,426-486_2CRF:A:8-144	1	7	0	1	0	12	10	3	0	137
NCU11811T0_106-176_1GEF:A:	2	7	3	3	0	14	7	4	0	120
NCU11813T0_3-248_1YO6:A:1-250	2	8	5	8	0	24	10	16	0	250
NCU11815T0_96-209_1CKI:A:	5	10	3	10	0	30	14	16	0	299
NCU11820T0_80-231_1UHV:A:14-359	6	15	5	9	0	42	29	21	0	346
NCU11826T0_227-261_1NC8:A:	2	0	1	0	0	6	3	1	0	29
NCU11827T0_6-278_1HKH:A:	8	8	1	13	0	23	13	22	0	279
NCU11831T0_46-168,216-301,348-500,540-567_2D0T:A:12-403	6	4	5	19	0	33	22	25	0	392
NCU11837T0_51-270_1BRT:A:	6	8	5	11	0	26	14	19	0	277
NCU11845T0_53-118_2DNT:A:8-73	2	3	1	1	0	13	7	4	0	65
NCU11846T0_37-159_1A06:A:	4	8	4	10	0	29	20	14	0	307
NCU11851T0_5-235_1R4W:A:	0	4	1	10	0	15	10	13	0	221
NCU11860T0_9-241_4CD2:A:	0	11	2	5	0	21	14	11	0	202
NCU11861T0_549-631,969-1005,1116-1165_2FF4:A:105-283	2	0	2	8	0	9	4	10	0	179
NCU11863T0_7-100,156-462,491-555,602-741_2BPT:A:1-861	0	0	19	43	0	44	28	37	0	860
NCU11864T0_56-419_1D2R:A:	6	5	3	13	0	31	17	19	0	326
NCU11870T0_433-571_1VHS:A:	0	7	5	4	0	15	8	8	0	174
NCU11890T0_1-149_1M4J:A:	1	5	2	5	0	12	6	4	0	133
NCU11890T0_170-324_1WFS:A:	0	8	1	4	0	21	12	4	0	150
NCU11891T0_49-392_1BO1:A:	1	12	2	8	0	33	23	12	0	383
NCU11896T0_37-102_1GUW:A:	2	5	0	1	0	12	6	4	0	72
NCU11909T0_518-637_1TJC:A:	0	0	0	5	0	8	1	4	0	95
NCU11914T0_9-304_1EZR:A:	4	10	2	12	0	42	22	10	0	312
NCU11917T0_55-140_3C96:A:4-182,A:294-402	1	13	1	8	0	26	14	13	1	288
NCU11926T0_394-587_1Z2C:A:1-179	0	6	3	6	0	15	9	13	0	179
NCU11953T0_66-341_1GOT:B:	1	28	0	2	0	36	22	23	0	339
NCU11954T0_5-173_1KMQ:A:	0	6	3	6	0	15	10	12	0	177
NCU11956T0_565-894_1M8Z:A:	0	2	4	27	0	17	16	26	0	339
NCU11959T0_63-166_2BL5:A:1-134	0	3	2	6	0	11	13	9	0	134
NCU11961T0_50-87,139-252,360-496_1P22:A:253-545	0	28	0	1	0	35	23	13	0	293
NCU11961T0_408-565,655-762_1VYH:C:92-408	0	28	1	0	0	39	25	14	0	317
NCU11965T0_17-415_1NDB:A:30-405	5	9	3	11	0	33	24	20	0	376
NCU11965T0_416-537,606-691_1NDB:A:406-625	0	7	0	8	0	22	13	12	0	220
NCU11975T0_53-305_1DCE:A:1-241,A:351-443	1	0	2	15	0	30	15	12	1	334
NCU11978T0_267-546_2BDT:A:1-176	0	5	4	7	0	15	9	7	0	176
NCU11993T0_17-258_1JTV:A:	2	7	4	11	0	26	15	16	0	285
NCU11995T0_36-74_1PYI:A:30-71	0	2	0	2	0	6	1	3	0	42
NCU11997T0_18-440_1TVL:A:	6	12	5	13	0	46	33	19	0	430
NCU12000T0_36-147_1UYP:A:1-294	3	21	2	0	0	24	19	15	0	294
NCU12000T0_160-227_1Y4W:A:373-536	2	13	1	0	0	18	11	11	0	164
NCU12011T0_239-256,352-442,531-562_1FC6:A:78-156,A:249-463	3	11	2	8	0	37	21	16	1	294
NCU12022T0_4-436_1PV7:A:	0	0	2	22	0	18	12	14	0	417
NCU12023T0_1-143_1LQP:A:	0	9	0	3	0	16	5	7	0	134
NCU12033T0_73-164_2B3T:B:7-354	1	11	3	7	0	25	15	13	0	344
NCU12036T0_85-108_1DSQ:A:	2	0	0	0	0	5	1	2	0	21
NCU12038T0_37-215_1I4W:A:	2	8	7	11	0	36	19	18	0	322
NCU12044T0_37-209,300-379_1QLW:A:	4	10	9	8	0	37	24	22	0	318
NCU12058T0_160-370_1FJG:B:	2	5	3	7	0	24	18	13	0	237
NCU12060T0_36-162_1C1G:C:	0	0	0	3	0	2	1	2	0	283
NCU12061T0_21-640_1LCI:A:	7	27	4	15	0	64	28	38	0	541
NCU12066T0_12-213_1UZ5:A:5-180	8	12	3	2	0	29	7	12	0	176
NCU12066T0_217-378_1UZ5:A:181-328	1	9	0	4	0	15	9	7	0	148
NCU12066T0_424-481_1WU2:A:325-396	0	7	0	1	0	12	4	5	0	72
NCU12068T0_61-343_1EDT:A:	1	15	4	8	0	29	17	16	0	265
NCU12070T0_1-137_1VKC:A:	0	5	3	4	0	13	5	7	0	149
NCU12077T0_47-126,158-381_1EHY:A:	2	8	5	11	0	29	18	16	0	293
NCU12081T0_307-515,560-639_1DS1:A:	5	16	8	7	0	38	23	18	0	323
NCU12085T0_8-236_1AWC:B:	0	0	0	10	0	18	2	16	0	153
NCU12093T0_16-371_1LVL:A:151-265	2	8	0	3	0	15	7	8	0	115
NCU12094T0_87-355,391-513_1PV7:A:	0	0	2	22	0	18	12	14	0	417
NCU12099T0_312-378_2DOD:A:651-719	0	0	2	3	0	6	5	3	0	69
NCU12099T0_11-45_1ZR7:A:12-39	0	3	0	0	0	2	1	3	0	28
NCU12104T0_39-313_1XXL:A:	5	8	2	9	0	23	10	12	0	238
NCU12105T0_232-391_1UKZ:A:	0	5	0	9	0	18	10	10	0	196
NCU12106T0_459-595_2JFL:A:21-308	1	11	6	10	0	27	17	20	0	288
NCU12107T0_4-158_2HXV:A:1-147	0	5	1	6	0	13	7	10	0	147
NCU12108T0_31-67,97-135_1HDJ:A:	0	0	1	4	0	9	2	7	0	76
NCU12110T0_7-217_2FUR:A:16-208	3	11	2	5	0	18	8	8	0	193
NCU12124T0_195-337,436-573_2F4M:A:164-450	1	11	3	10	0	27	16	14	0	287
NCU12130T0_167-252,293-352,386-443_1VJN:A:	2	14	1	3	0	24	15	9	0	219
NCU12131T0_77-172_3EZM:A:	0	10	3	0	0	8	4	9	0	101
NCU12143T0_229-314,347-397_1H2K:A:	3	17	6	8	0	41	17	19	0	335
NCU12146T0_7-76_1E4U:A:	4	0	0	1	0	16	10	5	0	78
NCU12146T0_115-202_2CPI:A:101-189	0	5	0	2	0	8	7	4	0	89
NCU12149T0_7-105,145-200_1H3Q:A:	0	5	1	3	0	15	6	8	0	140
NCU12150T0_60-162,364-477_1EJ0:A:	0	7	0	5	0	17	8	9	0	180
NCU12155T1_91-236_1F0K:A:	0	13	3	16	0	35	15	23	0	363
NCU12155T0_91-233_1F0K:A:	0	13	3	16	0	35	15	23	0	363
NCU12158T0_60-96,160-329_2IC8:A:91-272	0	0	3	8	0	13	9	4	0	182
NCU12161T0_76-450,480-502_2GFV:A:252-412	5	7	4	4	0	22	9	6	0	161
NCU12161T0_613-742,812-917_1MLA:A:3-127,A:198-307	2	5	1	12	0	22	14	13	1	235
NCU12161T0_1654-1816_1PQW:A:	0	7	2	7	0	15	7	13	0	183
NCU12161T0_1891-2111_2FR1:A:1657-1915	2	9	2	10	0	25	12	17	0	259
NCU12161T0_1552-1691_1QOR:A:2-112,A:292-327	4	9	4	2	0	19	11	6	1	147
NCU12161T0_746-811_1MLA:A:128-197	0	4	0	2	0	6	5	4	0	70
NCU12161T0_2178-2249_2PNG:A:1-76	0	0	1	5	0	12	9	8	0	89
NCU12164T0_20-100,151-215_1I12:A:	3	6	3	5	0	13	5	6	0	157
NCU12165T0_2-43_1ZME:C:31-66	0	0	0	2	0	4	1	2	0	36
NCU12169T0_94-139_2OVR:B:2263-2364	0	0	0	6	0	9	7	5	0	102
NCU12175T0_9-190_2B0C:A:8-204	1	7	2	11	0	21	5	12	0	197
NCU12179T0_405-480_1R29:A:	0	3	0	6	0	11	5	9	0	122
NCU12182T0_65-516_1TQN:A:	5	9	7	18	0	43	20	30	0	472
NCU12185T0_9-254_1QYC:A:	1	13	4	12	0	30	15	23	0	307
NCU12186T0_41-219_1PW4:A:	2	0	1	18	0	21	18	22	0	450
