PDB_ID	B	E	G	H	I	L	S	T	X	sequence_length
gi|48477074|ref|YP_022780.1|_2-78_2I0X:A:1-84	0	4	0	2	0	9	6	4	0	84
gi|48477077|ref|YP_022783.1|_34-194,225-346_1WP9:A:201-486	0	6	1	11	0	23	15	14	0	286
gi|48477083|ref|YP_022789.1|_111-308_1ZC6:A:122-292	0	4	1	9	0	14	12	11	0	171
gi|48477083|ref|YP_022789.1|_2-104_1ZC6:A:8-121	0	5	2	3	0	10	5	5	0	114
gi|48477084|ref|YP_022790.1|_6-312_1J5X:A:	1	9	5	11	0	25	14	19	0	329
gi|48477085|ref|YP_022791.1|_52-346_1O12:A:44-331	5	13	3	9	0	34	14	21	0	288
gi|48477085|ref|YP_022791.1|_1-51,348-375_1YRR:A:1-53,A:351-382	1	10	1	0	0	12	7	6	1	85
gi|48477086|ref|YP_022792.1|_4-244_1NRI:A:	2	5	4	9	0	21	14	19	0	248
gi|48477087|ref|YP_022793.1|_11-300_1W5D:A:5-462	5	19	8	11	0	51	33	27	0	458
gi|48477088|ref|YP_022794.1|_27-284_1TWI:A:50-313	2	10	3	10	0	22	16	8	0	264
gi|48477088|ref|YP_022794.1|_266-415_1TWI:A:15-49,A:314-448	3	12	2	3	0	22	7	10	1	170
gi|48477089|ref|YP_022795.1|_110-226_2EVR:A:87-234	0	6	1	4	0	16	11	7	0	148
gi|48477090|ref|YP_022796.1|_49-141,192-257,288-686_1DPE:A:	3	19	4	19	0	53	36	33	0	507
gi|48477091|ref|YP_022797.1|_24-338_1C3B:A:	5	16	6	13	0	36	19	22	0	358
gi|48477092|ref|YP_022798.1|_17-268_1TR9:A:	4	10	5	10	1	41	27	19	0	340
gi|48477093|ref|YP_022799.1|_114-355_1JPM:A:126-359	3	13	2	8	0	29	15	11	0	234
gi|48477093|ref|YP_022799.1|_7-126_1JPM:A:1-125	5	3	1	5	0	10	4	6	0	125
gi|48477100|ref|YP_022806.1|_172-394_1E32:A:201-458	3	5	4	12	0	28	13	14	0	258
gi|48477107|ref|YP_022813.1|_20-84_1PV7:A:	0	0	2	22	0	18	12	14	0	417
gi|48477108|ref|YP_022814.1|_6-182_1VLM:A:	2	8	2	8	0	22	11	13	0	218
gi|48477112|ref|YP_022818.1|_3-135_1F2V:A:	0	6	3	10	0	21	12	10	0	209
gi|48477113|ref|YP_022819.1|_10-76_1SR8:A:	5	18	4	9	0	34	15	17	0	282
gi|48477117|ref|YP_022823.1|_5-74_1YLQ:A:1-90	0	4	1	4	0	10	6	3	0	90
gi|48477120|ref|YP_022826.1|_1-79_2I0X:A:1-84	0	4	0	2	0	9	6	4	0	84
gi|48477125|ref|YP_022831.1|_4-88_1U6Z:A:313-509	0	3	3	7	0	16	6	11	0	197
gi|48477129|ref|YP_022835.1|_23-423_2I71:A:1-377	1	16	4	13	0	33	16	20	0	377
gi|48477130|ref|YP_022836.1|_43-417_2I71:A:1-377	1	16	4	13	0	33	16	20	0	377
gi|48477131|ref|YP_022837.1|_14-165_1XXL:A:	5	8	2	9	0	23	10	12	0	238
gi|48477132|ref|YP_022838.1|_1-253_2FNA:A:1-283	0	7	3	11	0	23	13	17	0	283
gi|48477132|ref|YP_022838.1|_280-351_2FNA:A:284-356	1	2	1	4	0	7	4	3	0	73
gi|48477135|ref|YP_022841.1|_3-65_1I1G:A:2-61	0	0	1	3	0	5	4	4	0	60
gi|48477136|ref|YP_022842.1|_32-401_1PV7:A:	0	0	2	22	0	18	12	14	0	417
gi|48477137|ref|YP_022843.1|_22-403_1PV7:A:	0	0	2	22	0	18	12	14	0	417
gi|48477139|ref|YP_022845.1|_173-593_1M7X:A:227-622	6	10	8	11	0	43	33	22	0	396
gi|48477139|ref|YP_022845.1|_601-697_1M7X:A:623-728	5	8	2	0	0	16	8	6	0	106
gi|48477139|ref|YP_022845.1|_19-104_1M7X:A:117-226	1	8	2	0	0	18	8	9	0	110
gi|48477140|ref|YP_022846.1|_151-538_1M53:A:43-520	8	13	11	18	0	59	30	31	0	478
gi|48477140|ref|YP_022846.1|_538-615_1JI1:A:555-637	2	8	1	0	0	11	2	6	0	83
gi|48477141|ref|YP_022847.1|_7-325,352-459_1UOK:A:1-479	6	15	12	16	0	55	33	34	0	479
gi|48477141|ref|YP_022847.1|_465-543_1G5A:A:555-628	0	8	0	0	0	13	5	5	0	74
gi|48477142|ref|YP_022848.1|_226-352_1TQI:A:91-282	0	10	1	4	0	15	9	8	0	192
gi|48477144|ref|YP_022850.1|_24-426_1PW4:A:	2	0	1	18	0	21	18	22	0	450
gi|48477145|ref|YP_022851.1|_16-382_1PW4:A:	2	0	1	18	0	21	18	22	0	450
gi|48477148|ref|YP_022854.1|_207-472_1HV8:A:211-365	1	6	1	6	0	17	12	7	0	155
gi|48477148|ref|YP_022854.1|_272-328,581-692_1T5I:A:	0	7	3	5	0	16	12	5	0	168
gi|48477149|ref|YP_022855.1|_231-437_1YF2:A:1-220	4	12	1	7	0	27	10	10	0	220
gi|48477149|ref|YP_022855.1|_7-231_1YF2:A:1-220	4	12	1	7	0	27	10	10	0	220
gi|48477150|ref|YP_022856.1|_89-124,154-574_2OKC:A:9-433	2	9	3	16	0	39	24	24	0	425
gi|48477152|ref|YP_022858.1|_50-91_1O3U:A:	0	0	0	5	0	6	4	5	0	134
gi|48477154|ref|YP_022860.1|_8-94_1R1U:A:	1	2	0	5	0	6	4	5	0	94
gi|48477156|ref|YP_022862.1|_2-310_1LI5:A:1-315	10	12	4	9	0	33	15	16	0	315
gi|48477156|ref|YP_022862.1|_315-454_1U0B:B:316-461	1	2	0	8	0	14	6	10	0	146
gi|48477157|ref|YP_022863.1|_8-376_1IO7:A:	2	10	6	16	0	36	19	24	0	366
gi|48477158|ref|YP_022864.1|_10-436_1PW4:A:	2	0	1	18	0	21	18	22	0	450
gi|48477159|ref|YP_022865.1|_4-244_1G29:1:1-240	1	11	4	8	0	20	15	14	0	240
gi|48477159|ref|YP_022865.1|_238-343_1OXS:C:243-352	0	10	2	0	0	11	6	6	0	110
gi|48477160|ref|YP_022866.1|_4-268_2R6G:G:7-296	4	0	2	14	0	20	19	13	0	290
gi|48477161|ref|YP_022867.1|_56-285_2R6G:F:261-504	2	0	3	12	0	16	15	16	0	244
gi|48477161|ref|YP_022867.1|_12-54_2R6G:F:13-260	5	14	2	8	0	30	12	13	0	248
gi|48477162|ref|YP_022868.1|_48-447_1EU8:A:	9	13	3	18	0	37	19	31	0	407
gi|48477163|ref|YP_022869.1|_230-460_1O7D:A:51-342,B:347-384	6	10	1	10	0	37	20	19	1	330
gi|48477163|ref|YP_022869.1|_586-952_1O7D:C:488-585,D:603-875,E:885-1007	8	35	4	2	0	60	35	19	2	490
gi|48477163|ref|YP_022869.1|_491-589_1HTY:A:412-522	3	0	2	3	0	9	5	8	0	111
gi|48477164|ref|YP_022870.1|_152-493_2F2H:A:248-585	10	10	5	9	0	36	16	18	0	338
gi|48477164|ref|YP_022870.1|_13-150_2F2H:A:1-247	2	21	1	1	0	22	20	14	0	247
gi|48477164|ref|YP_022870.1|_495-558_2F2H:A:586-665	0	8	1	1	0	13	7	5	0	80
gi|48477165|ref|YP_022871.1|_10-454_1PW4:A:	2	0	1	18	0	21	18	22	0	450
gi|48477167|ref|YP_022873.1|_11-236_1VPL:A:	2	10	2	9	0	18	9	15	0	238
gi|48477170|ref|YP_022876.1|_1-120_1FJJ:A:	5	8	2	1	0	21	10	12	0	158
gi|48477172|ref|YP_022878.1|_5-396_1PV7:A:	0	0	2	22	0	18	12	14	0	417
gi|48477174|ref|YP_022880.1|_59-290_1K5C:A:	1	29	3	0	0	49	30	12	0	333
gi|48477175|ref|YP_022881.1|_3-541_1X87:A:	3	14	3	18	0	47	22	31	0	545
gi|48477177|ref|YP_022883.1|_55-347_2BB0:A:74-373	5	9	2	15	0	29	13	18	0	300
gi|48477177|ref|YP_022883.1|_2-56,346-388_1GKP:A:2-54,A:390-459	2	13	1	0	0	18	6	8	1	123
gi|48477178|ref|YP_022884.1|_5-294_1GQ6:A:	7	8	6	9	0	33	21	11	0	301
gi|48477179|ref|YP_022885.1|_1-486_1B8F:A:	2	9	7	20	0	42	21	27	0	509
gi|48477180|ref|YP_022886.1|_1-195_1G3Q:A:	0	8	3	11	0	25	16	14	0	237
gi|48477180|ref|YP_022886.1|_242-437_1Q7R:A:	0	12	3	6	0	17	7	9	0	218
gi|48477181|ref|YP_022887.1|_1-212_3EEQ:A:8-214	1	10	3	6	0	24	8	10	0	205
gi|48477181|ref|YP_022887.1|_200-320_3BY5:A:8-130	0	6	1	4	0	16	5	5	0	123
gi|48477182|ref|YP_022888.1|_3-276_1SR8:A:	5	18	4	9	0	34	15	17	0	282
gi|48477183|ref|YP_022889.1|_2-191_1V9C:A:	0	6	2	11	0	19	8	13	0	204
gi|48477185|ref|YP_022891.1|_16-154_2GH1:A:13-293	0	10	2	12	0	27	11	18	0	281
gi|48477186|ref|YP_022892.1|_13-95_2FSW:A:3-104	0	3	0	6	0	8	6	6	0	102
gi|48477188|ref|YP_022894.1|_131-359_1R0M:A:133-375	10	10	3	8	0	31	22	16	0	243
gi|48477188|ref|YP_022894.1|_1-119_1SJD:A:1-125	3	3	0	5	0	10	5	5	0	125
gi|48477189|ref|YP_022895.1|_157-398_1XHB:A:95-422	1	12	5	11	0	35	18	17	0	328
gi|48477190|ref|YP_022896.1|_20-215_1J2R:A:	2	6	3	6	0	16	9	11	0	188
gi|48477192|ref|YP_022898.1|_26-167_1T43:A:	2	9	3	11	0	29	18	14	0	274
gi|48477193|ref|YP_022899.1|_10-131_1FB6:A:	0	5	0	4	0	11	2	7	0	104
gi|48477195|ref|YP_022901.1|_11-235_1JE0:A:	2	9	2	7	0	21	11	11	0	234
gi|48477197|ref|YP_022903.1|_217-476_1PYS:A:	5	10	3	7	0	28	12	12	0	266
gi|48477197|ref|YP_022903.1|_2-74_1XMA:A:	0	3	1	4	0	6	3	4	0	103
gi|48477199|ref|YP_022905.1|_14-419_1PV7:A:	0	0	2	22	0	18	12	14	0	417
gi|48477200|ref|YP_022906.1|_369-752_1WNS:A:348-758	8	7	1	12	0	41	19	21	0	411
gi|48477200|ref|YP_022906.1|_11-373_1WNS:A:1-347	2	17	1	10	0	31	20	21	0	347
gi|48477201|ref|YP_022907.1|_1-162_1F9A:A:	0	5	2	7	0	18	11	8	0	164
gi|48477202|ref|YP_022908.1|_1-141_1F7R:A:	1	11	0	1	0	22	6	8	0	133
gi|48477204|ref|YP_022910.1|_4-213_1R61:A:	2	12	4	3	0	32	14	14	0	205
gi|48477207|ref|YP_022913.1|_7-262_1O6Y:A:	1	11	3	8	0	24	14	12	0	276
gi|48477207|ref|YP_022913.1|_288-549_3D31:A:1-229	0	10	1	9	0	26	15	14	0	229
gi|48477208|ref|YP_022914.1|_3-126_1RFE:A:	0	7	3	4	0	13	4	7	0	160
gi|48477210|ref|YP_022916.1|_12-391_1PV7:A:	0	0	2	22	0	18	12	14	0	417
gi|48477213|ref|YP_022919.1|_42-421_1V8Z:A:1-386	8	14	4	15	0	30	22	23	0	386
gi|48477215|ref|YP_022921.1|_4-166_1NWA:A:	0	8	2	4	0	18	14	11	0	202
gi|48477217|ref|YP_022923.1|_4-140_1ORQ:C:	0	0	0	9	0	12	9	11	0	223
gi|48477217|ref|YP_022923.1|_120-263_2FY8:A:116-244	0	6	2	6	0	14	10	7	0	130
gi|48477218|ref|YP_022924.1|_1-214_1DIQ:A:7-242	4	11	2	6	0	33	17	19	0	236
gi|48477218|ref|YP_022924.1|_223-449_1DIQ:A:243-521	3	8	5	10	0	24	13	14	0	279
gi|48477219|ref|YP_022925.1|_15-121_1CLF:A:	2	2	0	0	0	11	4	6	0	55
gi|48477220|ref|YP_022926.1|_15-320_1TZ9:A:	4	13	2	14	0	40	22	23	0	366
gi|48477221|ref|YP_022927.1|_3-114_1JFL:A:1-115	1	3	2	5	0	13	8	6	0	115
gi|48477221|ref|YP_022927.1|_116-222_1JFL:A:116-228	0	4	2	6	0	12	4	5	0	113
gi|48477222|ref|YP_022928.1|_4-400_1PMM:A:	9	13	6	12	0	49	26	25	0	450
gi|48477223|ref|YP_022929.1|_4-315_1Z7W:A:3-322	3	10	10	10	0	31	16	21	0	320
gi|48477224|ref|YP_022930.1|_50-264_1NI5:A:0-226	2	6	3	9	0	16	9	14	0	226
gi|48477226|ref|YP_022932.1|_13-136_1MJH:A:	0	5	1	4	0	16	7	5	0	160
gi|48477228|ref|YP_022934.1|_277-301,336-385,412-536_2B8E:A:416-434,A:548-663	2	6	0	6	1	16	9	5	1	135
gi|48477228|ref|YP_022934.1|_95-191_1SU4:A:125-239	2	9	3	0	0	21	10	7	0	115
gi|48477228|ref|YP_022934.1|_19-94,192-283,542-652_1SU4:A:1-124,A:240-343,A:751-994	1	1	8	18	0	32	20	22	2	472
gi|48477230|ref|YP_022936.1|_511-596_1ELR:A:	0	0	0	7	0	9	1	5	0	128
gi|48477234|ref|YP_022940.1|_4-190_1PV7:A:	0	0	2	22	0	18	12	14	0	417
gi|48477234|ref|YP_022940.1|_201-468_1PW4:A:	2	0	1	18	0	21	18	22	0	450
gi|48477235|ref|YP_022941.1|_174-267_1S7B:A:	0	0	0	4	0	10	7	3	0	109
gi|48477235|ref|YP_022941.1|_58-132_1S7B:A:	0	0	0	4	0	10	7	3	0	109
gi|48477236|ref|YP_022942.1|_375-395,430-658_2B8E:A:416-434,A:548-663	2	6	0	6	1	16	9	5	1	135
gi|48477236|ref|YP_022942.1|_174-271_1SU4:A:125-239	2	9	3	0	0	21	10	7	0	115
gi|48477236|ref|YP_022942.1|_120-175,272-371,597-648_1SU4:A:1-124,A:240-343,A:751-994	1	1	8	18	0	32	20	22	2	472
gi|48477237|ref|YP_022943.1|_3-310_2IDB:A:6-325	4	18	4	7	0	42	27	14	0	320
gi|48477237|ref|YP_022943.1|_314-473_2IDB:A:326-491	3	6	2	5	0	14	10	10	0	166
gi|48477240|ref|YP_022946.1|_4-386_1PB1:A:	2	18	4	13	0	49	20	20	0	416
gi|48477241|ref|YP_022947.1|_3-358_1O7X:A:	3	5	3	16	0	28	16	15	0	367
gi|48477242|ref|YP_022948.1|_8-278_1MUM:A:	3	8	1	13	0	30	19	11	0	289
gi|48477243|ref|YP_022949.1|_4-423_1SZQ:A:	10	6	6	22	0	48	24	27	0	473
gi|48477244|ref|YP_022950.1|_13-305_2F4L:A:1-283	2	22	2	2	0	30	16	18	0	283
gi|48477245|ref|YP_022951.1|_3-118_1G5C:A:	0	5	2	6	0	17	8	11	0	169
gi|48477246|ref|YP_022952.1|_86-230_1EP3:B:103-262	3	9	2	4	0	14	11	11	0	160
gi|48477246|ref|YP_022952.1|_4-91_1EP3:B:2-102	1	7	1	1	0	12	7	7	0	101
gi|48477247|ref|YP_022953.1|_1-296_1EP3:A:	4	16	5	10	0	37	26	20	0	311
gi|48477248|ref|YP_022954.1|_251-318,375-404,847-1154_1SXJ:C:12-238	3	5	3	12	0	22	13	12	0	227
gi|48477248|ref|YP_022954.1|_1174-1269_1CW0:A:	0	6	1	5	0	14	9	10	0	155
gi|48477249|ref|YP_022955.1|_162-316_1N3Y:A:	2	6	5	6	0	16	15	10	0	189
gi|48477250|ref|YP_022956.1|_5-250_1G8P:A:	2	11	8	13	0	37	15	10	0	333
gi|48477252|ref|YP_022958.1|_47-142,191-256,294-662_1DPE:A:	3	19	4	19	0	53	36	33	0	507
gi|48477253|ref|YP_022959.1|_46-144,210-638_1DPE:A:	3	19	4	19	0	53	36	33	0	507
gi|48477255|ref|YP_022961.1|_13-237_2F6U:A:1001-1231	3	8	3	10	0	20	14	13	0	231
gi|48477256|ref|YP_022962.1|_36-295_1R61:A:	2	12	4	3	0	32	14	14	0	205
gi|48477257|ref|YP_022963.1|_7-284_1U1J:A:2-395	4	11	5	14	0	51	22	18	0	394
gi|48477258|ref|YP_022964.1|_4-337_1U1J:A:396-760	9	10	3	11	0	43	33	23	0	365
gi|48477259|ref|YP_022965.1|_126-457_1SIO:A:	8	17	6	8	0	42	24	21	0	357
gi|48477259|ref|YP_022965.1|_966-1033_3CSB:A:375-467	0	8	1	0	0	14	6	4	0	93
gi|48477261|ref|YP_022967.1|_3-122_2QI2:A:1-126	0	7	0	2	0	13	4	5	0	126
gi|48477261|ref|YP_022967.1|_247-338_2QI2:A:244-338	0	4	0	5	0	6	6	7	0	95
gi|48477261|ref|YP_022967.1|_126-244_2QI2:A:127-243	0	5	0	6	0	11	8	3	0	117
gi|48477263|ref|YP_022969.1|_1-181_1SBZ:A:	2	6	2	7	0	19	9	11	0	186
gi|48477264|ref|YP_022970.1|_2-110_1OI0:A:	0	9	0	2	0	14	8	5	0	121
gi|48477265|ref|YP_022971.1|_2-264_1U0T:A:	0	20	3	5	0	30	14	14	0	302
gi|48477266|ref|YP_022972.1|_4-418_1QF5:A:	8	19	8	13	0	54	26	26	0	431
gi|48477269|ref|YP_022975.1|_104-393_1FLG:A:	8	40	6	3	0	86	43	41	0	582
gi|48477270|ref|YP_022976.1|_5-107_2D1H:A:1-109	0	3	1	5	0	8	2	5	0	109
gi|48477271|ref|YP_022977.1|_2-83_2QSB:A:2-86	0	0	0	4	0	8	3	6	0	85
gi|48477272|ref|YP_022978.1|_17-95_1RI7:A:85-170	0	4	0	2	0	8	5	5	0	86
gi|48477273|ref|YP_022979.1|_17-236_1VPL:A:	2	10	2	9	0	18	9	15	0	238
gi|48477275|ref|YP_022981.1|_2-148_2V7F:A:2-150	1	2	2	6	0	12	6	6	0	149
gi|48477276|ref|YP_022982.1|_10-110_1EIJ:A:	0	0	0	4	0	7	4	2	0	72
gi|48477279|ref|YP_022985.1|_1-216_1G61:A:	8	15	2	8	0	31	12	14	0	225
gi|48477280|ref|YP_022986.1|_5-164_1ORO:A:	4	8	3	7	0	21	9	8	0	213
gi|48477281|ref|YP_022987.1|_216-578_1SIO:A:	8	17	6	8	0	42	24	21	0	357
gi|48477281|ref|YP_022987.1|_43-188_1T1E:A:12-190	2	11	1	4	0	23	7	12	0	179
gi|48477282|ref|YP_022988.1|_2-203_2CZD:A:1-206	0	8	3	10	0	18	13	10	0	206
gi|48477283|ref|YP_022989.1|_3-107,136-198_1EF8:A:	0	10	1	11	0	24	15	16	0	261
gi|48477284|ref|YP_022990.1|_23-303_1J33:A:	4	6	2	14	0	32	16	19	0	333
gi|48477286|ref|YP_022992.1|_22-249_3DHW:C:1-240	3	10	1	7	0	21	17	12	0	240
gi|48477287|ref|YP_022993.1|_2-255_3DHW:C:1-240	3	10	1	7	0	21	17	12	0	240
gi|48477288|ref|YP_022994.1|_119-293_3DHW:A:6-208	0	0	1	9	0	11	7	9	0	203
gi|48477289|ref|YP_022995.1|_99-166,204-328_3D31:C:13-260	0	0	2	12	0	11	6	13	0	248
gi|48477290|ref|YP_022996.1|_1-119_2I52:A:1-120	0	6	1	2	0	8	3	8	0	119
gi|48477291|ref|YP_022997.1|_4-166_2I3B:A:1-189	0	10	1	5	0	20	14	8	0	189
gi|48477292|ref|YP_022998.1|_1-320_2DUL:A:3-377	4	17	1	14	0	30	24	14	0	375
gi|48477294|ref|YP_023000.1|_2-199_1G8L:A:178-326	1	9	0	5	0	17	13	5	0	149
gi|48477296|ref|YP_023002.1|_1-228_1TZF:A:	0	16	4	7	0	27	12	15	0	258
gi|48477297|ref|YP_023003.1|_19-499_1BXS:A:	5	22	2	17	0	52	33	26	0	494
gi|48477298|ref|YP_023004.1|_8-326_1J1U:A:	2	8	3	13	0	24	14	17	0	306
gi|48477300|ref|YP_023006.1|_4-236_1A77:A:2-208	4	7	3	6	0	25	18	11	0	207
gi|48477300|ref|YP_023006.1|_221-338_1RXW:A:220-324	2	0	1	6	0	8	2	4	0	105
gi|48477301|ref|YP_023007.1|_11-226_1PZN:A:96-349	0	12	2	8	0	19	19	13	0	254
gi|48477302|ref|YP_023008.1|_5-245_2D1Y:A:2-249	6	7	4	9	0	21	10	16	0	248
gi|48477303|ref|YP_023009.1|_5-412_1PW4:A:	2	0	1	18	0	21	18	22	0	450
gi|48477304|ref|YP_023010.1|_9-273_1ESM:A:	2	11	7	10	0	27	16	22	0	311
gi|48477307|ref|YP_023013.1|_3-162_1DUS:A:	0	9	1	5	0	16	12	13	0	194
gi|48477308|ref|YP_023014.1|_62-292_1UDX:A:157-336	0	7	2	6	0	22	13	8	0	180
gi|48477308|ref|YP_023014.1|_279-357_1WXQ:A:320-395	1	4	0	2	0	9	4	5	0	76
gi|48477309|ref|YP_023015.1|_2-81_2ACY:A:	0	5	0	2	0	12	6	5	0	98
gi|48477310|ref|YP_023016.1|_2-311_1V71:A:6-323	3	9	5	15	0	29	11	17	0	318
gi|48477310|ref|YP_023016.1|_326-399_2FGC:A:27-104	0	4	0	2	0	6	2	6	0	78
gi|48477311|ref|YP_023017.1|_1-220,738-870_1II8:A:,B:	2	14	4	9	0	27	23	16	1	369
gi|48477311|ref|YP_023017.1|_391-488_1L8D:B:	0	2	0	2	0	6	1	2	0	111
gi|48477312|ref|YP_023018.1|_1-306_1II7:A:	4	19	4	8	0	37	23	13	0	333
gi|48477313|ref|YP_023019.1|_129-471_1FP6:A:	1	8	3	12	0	26	18	18	0	289
gi|48477316|ref|YP_023022.1|_66-143_1DK1:A:	0	0	0	4	0	6	2	3	0	86
gi|48477317|ref|YP_023023.1|_3-214,284-442_1IR6:A:	0	10	7	15	0	38	21	20	0	385
gi|48477318|ref|YP_023024.1|_3-177,279-375_2Q43:A:16-194,A:314-407	3	10	2	8	0	25	12	18	1	273
gi|48477318|ref|YP_023024.1|_165-269_1YSJ:A:178-292	0	4	0	2	0	9	4	1	0	115
gi|48477319|ref|YP_023025.1|_2-163_1ZL0:A:3-169	3	5	3	5	0	16	9	7	0	167
gi|48477319|ref|YP_023025.1|_143-299_2AUN:A:152-307	0	9	1	4	0	18	8	10	0	156
gi|48477320|ref|YP_023026.1|_3-417_2GSA:A:	8	14	5	15	0	41	26	32	0	427
gi|48477321|ref|YP_023027.1|_1-202_1PDA:A:3-219	0	10	3	7	0	25	14	12	0	217
gi|48477321|ref|YP_023027.1|_211-259_1GTK:A:220-313	0	3	1	3	0	7	3	6	0	94
gi|48477322|ref|YP_023028.1|_7-216_1WD7:A:	2	12	1	11	0	23	15	12	0	260
gi|48477323|ref|YP_023029.1|_86-170_1TUA:A:85-188	0	3	1	5	0	6	1	5	0	104
gi|48477323|ref|YP_023029.1|_9-80_1TUA:A:1-84	0	3	3	4	0	5	3	5	0	84
gi|48477324|ref|YP_023030.1|_38-248_1TQI:A:91-282	0	10	1	4	0	15	9	8	0	192
gi|48477325|ref|YP_023031.1|_5-104_1JT8:A:	1	5	0	2	0	13	9	2	0	102
gi|48477328|ref|YP_023034.1|_74-137_1HH2:P:277-344	0	3	1	3	0	6	5	3	0	68
gi|48477329|ref|YP_023035.1|_32-499_1I50:A:	24	46	14	45	0	162	93	81	0	1449
gi|48477330|ref|YP_023036.1|_4-869_1I50:A:	24	46	14	45	0	162	93	81	0	1449
gi|48477331|ref|YP_023037.1|_4-1192_1I50:B:	18	49	14	26	0	125	63	65	0	1207
gi|48477332|ref|YP_023038.1|_4-83_1EIK:A:	2	3	1	2	0	9	3	5	0	77
gi|48477333|ref|YP_023039.1|_9-324_1T9K:A:	3	17	5	12	0	37	22	22	0	340
gi|48477334|ref|YP_023040.1|_2-218,293-418_1R6T:A:82-467	4	11	6	19	0	34	15	21	0	385
gi|48477335|ref|YP_023041.1|_2-117_1Q9U:A:	0	5	1	5	0	12	4	5	0	128
gi|48477336|ref|YP_023042.1|_2-225_1EBD:A:7-154,A:272-346	4	13	2	5	0	24	15	13	1	223
gi|48477336|ref|YP_023042.1|_324-445_1DXL:A:348-470	2	5	1	5	0	12	7	7	0	123
gi|48477336|ref|YP_023042.1|_176-320_1ONF:A:154-270	0	8	1	3	0	15	9	7	0	117
gi|48477337|ref|YP_023043.1|_1-266_1ZZM:A:1-259	2	8	5	9	0	29	12	12	0	259
gi|48477338|ref|YP_023044.1|_7-133_2E9X:D:21-165	0	0	2	6	0	10	5	5	0	145
gi|48477340|ref|YP_023046.1|_4-235_1QG8:A:	2	9	4	8	0	22	13	12	0	255
gi|48477341|ref|YP_023047.1|_22-559_7REQ:A:4-560	4	12	7	20	0	55	25	35	0	557
gi|48477342|ref|YP_023048.1|_26-154_7REQ:A:561-728	2	5	1	7	0	16	7	9	0	168
gi|48477343|ref|YP_023049.1|_2-288_2QM8:A:5-327	5	7	4	12	0	24	16	16	0	326
gi|48477344|ref|YP_023050.1|_3-357_1R53:A:	6	14	2	9	0	32	13	18	0	371
gi|48477346|ref|YP_023052.1|_105-336_2IW1:A:2-371	0	15	4	16	0	41	26	17	0	370
gi|48477347|ref|YP_023053.1|_1-207_2CBN:A:1-305	9	16	2	10	0	41	18	18	0	305
gi|48477348|ref|YP_023054.1|_144-201_1RP3:A:164-234	0	0	0	4	0	4	3	3	0	71
gi|48477351|ref|YP_023057.1|_27-187,220-307_1ZNN:A:18-271	0	8	3	10	0	24	18	11	0	254
gi|48477353|ref|YP_023059.1|_6-226_1EFP:B:	2	13	2	6	0	25	15	14	0	246
gi|48477354|ref|YP_023060.1|_168-288_1EFP:A:185-308	2	5	3	4	0	16	11	8	0	124
gi|48477354|ref|YP_023060.1|_33-149_1EFP:A:2-184	3	10	4	4	0	17	11	7	0	183
gi|48477355|ref|YP_023061.1|_15-635_1PG4:A:	11	30	5	21	0	71	40	44	0	643
gi|48477358|ref|YP_023064.1|_1-114_1L1S:A:	2	5	2	4	0	12	2	6	0	111
gi|48477359|ref|YP_023065.1|_163-250_1UHT:A:	3	9	0	0	0	18	9	7	0	117
gi|48477360|ref|YP_023066.1|_3-261_2NYM:C:2-294	4	13	0	11	0	29	23	16	0	293
gi|48477361|ref|YP_023067.1|_39-200_1ATZ:A:	1	6	1	7	0	16	13	8	0	184
gi|48477363|ref|YP_023069.1|_90-342_1G6O:A:	2	13	3	9	0	31	22	19	0	323
gi|48477367|ref|YP_023073.1|_16-357_2F9F:A:2-167	2	6	1	7	0	19	11	10	0	166
gi|48477368|ref|YP_023074.1|_41-252_1WXX:A:65-382	2	14	5	10	0	26	15	20	0	318
gi|48477370|ref|YP_023076.1|_32-379_2F9F:A:2-167	2	6	1	7	0	19	11	10	0	166
gi|48477371|ref|YP_023077.1|_6-86_1ULY:A:	1	4	1	8	0	12	7	8	0	190
gi|48477373|ref|YP_023079.1|_8-207_1QG8:A:	2	9	4	8	0	22	13	12	0	255
gi|48477374|ref|YP_023080.1|_10-201_1QG8:A:	2	9	4	8	0	22	13	12	0	255
gi|48477375|ref|YP_023081.1|_66-409_2BIS:A:1-437	4	17	6	16	0	48	27	24	0	437
gi|48477376|ref|YP_023082.1|_9-349_2F9F:A:2-167	2	6	1	7	0	19	11	10	0	166
gi|48477377|ref|YP_023083.1|_6-106_1QG8:A:	2	9	4	8	0	22	13	12	0	255
gi|48477379|ref|YP_023085.1|_1-297_1H5R:A:	0	13	5	11	0	29	20	21	0	290
gi|48477380|ref|YP_023086.1|_2-267_1VL0:A:	5	12	1	11	0	29	19	11	0	291
gi|48477381|ref|YP_023087.1|_4-47_2FY9:A:1-54	0	4	0	1	0	8	4	2	0	54
gi|48477382|ref|YP_023088.1|_3-311_1G1A:A:	3	13	4	12	0	40	20	14	0	352
gi|48477383|ref|YP_023089.1|_3-174_1EP0:A:	2	13	2	2	0	22	7	12	0	183
gi|48477384|ref|YP_023090.1|_1-253_1UDB:A:	3	13	1	11	0	38	21	15	0	338
gi|48477385|ref|YP_023091.1|_3-132_2BIS:A:1-437	4	17	6	16	0	48	27	24	0	437
gi|48477386|ref|YP_023092.1|_6-194_1QG8:A:	2	9	4	8	0	22	13	12	0	255
gi|48477387|ref|YP_023093.1|_3-365_2BIS:A:1-437	4	17	6	16	0	48	27	24	0	437
gi|48477389|ref|YP_023095.1|_5-101_1O6C:A:	0	13	4	14	0	36	19	14	0	377
gi|48477391|ref|YP_023097.1|_10-82_1MKM:A:1-75	1	2	0	4	0	9	3	5	0	75
gi|48477392|ref|YP_023098.1|_274-594_2JAV:A:3-271	1	8	3	9	0	24	12	13	0	269
gi|48477393|ref|YP_023099.1|_70-342_2F9F:A:2-167	2	6	1	7	0	19	11	10	0	166
gi|48477395|ref|YP_023101.1|_2-137_1J3A:A:	3	5	4	5	0	13	6	6	0	142
gi|48477396|ref|YP_023102.1|_4-133_1FJG:I:	3	5	2	4	0	12	8	4	0	127
gi|48477397|ref|YP_023103.1|_1-72_1I50:J:	3	0	0	4	0	8	4	6	0	65
gi|48477399|ref|YP_023105.1|_5-91_1QG8:A:	2	9	4	8	0	22	13	12	0	255
gi|48477400|ref|YP_023106.1|_3-149_1IX5:A:	3	10	0	3	0	23	10	14	0	151
gi|48477401|ref|YP_023107.1|_8-177_1GZ0:A:78-243	2	7	2	7	0	17	12	8	0	166
gi|48477403|ref|YP_023109.1|_6-440_1PW4:A:	2	0	1	18	0	21	18	22	0	450
gi|48477404|ref|YP_023110.1|_2-475_1WND:A:	8	21	3	16	0	44	25	26	0	474
gi|48477405|ref|YP_023111.1|_433-716_1FWX:A:8-451	6	31	4	6	0	48	33	25	0	459
gi|48477405|ref|YP_023111.1|_102-329_1QKS:A:136-567	3	35	4	4	0	49	27	29	0	432
gi|48477406|ref|YP_023112.1|_2-127_2AE6:A:1-161	0	7	3	4	0	10	4	9	0	161
gi|48477408|ref|YP_023114.1|_1-75,162-332_1E0T:A:1-69,A:168-344	0	8	1	10	0	19	11	10	1	246
gi|48477408|ref|YP_023114.1|_340-463_1E0T:A:354-470	2	5	1	4	0	13	9	6	0	117
gi|48477408|ref|YP_023114.1|_70-161_1A3W:A:88-188	5	6	0	1	0	17	8	5	0	101
gi|48477411|ref|YP_023117.1|_11-254_1RZM:A:	8	15	4	10	0	42	23	21	0	338
gi|48477412|ref|YP_023118.1|_7-238_1A53:A:	4	8	1	11	0	28	15	13	0	247
gi|48477413|ref|YP_023119.1|_1-184_1QDL:B:	1	9	0	6	0	17	14	12	0	195
gi|48477414|ref|YP_023120.1|_11-367_1QDL:A:	4	22	4	9	0	41	30	16	0	422
gi|48477415|ref|YP_023121.1|_1-184_1NSJ:A:	1	10	4	7	0	20	17	10	0	205
gi|48477416|ref|YP_023122.1|_69-321_1O17:A:71-343	5	7	5	11	0	22	16	13	0	273
gi|48477416|ref|YP_023122.1|_5-60_1O17:A:1-70	0	0	0	4	0	6	2	2	0	70
gi|48477417|ref|YP_023123.1|_4-242_1GEQ:A:	1	8	3	11	0	24	9	11	0	248
gi|48477418|ref|YP_023124.1|_43-416_1V8Z:A:1-386	8	14	4	15	0	30	22	23	0	386
gi|48477419|ref|YP_023125.1|_5-108_1Y2I:A:	0	5	0	2	0	9	5	6	0	132
gi|48477420|ref|YP_023126.1|_1-213_1HG3:A:	4	8	2	9	0	24	19	13	0	224
gi|48477428|ref|YP_023134.1|_8-183_1RO2:A:	1	13	4	6	0	28	14	11	0	210
gi|48477428|ref|YP_023134.1|_490-630_1TUE:A:	2	7	3	8	0	27	14	12	0	211
gi|48477431|ref|YP_023137.1|_8-75_1P6R:A:	0	3	0	3	0	4	5	4	0	82
gi|48477434|ref|YP_023140.1|_135-310_1A0P:A:111-292	4	3	3	8	0	17	7	7	0	182
gi|48477435|ref|YP_023141.1|_3-52_1Z77:A:1-75	0	0	0	4	0	4	1	3	0	75
gi|48477437|ref|YP_023143.1|_420-828_1LF6:A:288-684	15	6	5	13	0	47	32	24	0	397
gi|48477438|ref|YP_023144.1|_3-221_1FMC:A:	2	7	3	9	0	25	11	15	0	255
gi|48477441|ref|YP_023147.1|_5-117_1J08:A:2-119	2	4	1	4	0	11	7	9	0	118
gi|48477441|ref|YP_023147.1|_122-212_1J08:A:120-226	0	4	0	4	0	11	4	7	0	107
gi|48477442|ref|YP_023148.1|_101-248_2E1B:A:88-216	3	7	2	2	0	13	7	4	0	129
gi|48477442|ref|YP_023148.1|_11-83_2E1B:A:1-87	2	5	1	0	0	15	8	5	0	87
gi|48477443|ref|YP_023149.1|_2-334_1IUG:A:	3	15	3	11	0	38	19	20	0	348
gi|48477444|ref|YP_023150.1|_100-277_1YGY:A:99-282	3	7	2	7	0	24	14	12	0	184
gi|48477444|ref|YP_023150.1|_2-152_1YGY:A:3-98,A:283-316	4	5	2	4	0	19	10	9	1	130
gi|48477445|ref|YP_023151.1|_3-345_1Z41:A:2-338	1	12	4	10	0	34	24	18	0	337
gi|48477445|ref|YP_023151.1|_322-430_1PS9:A:331-465,A:628-671	0	7	1	6	0	21	11	13	1	179
gi|48477446|ref|YP_023152.1|_1-294_2A6A:A:1-103	0	5	3	3	0	10	5	4	0	103
gi|48477446|ref|YP_023152.1|_341-516_1JKS:A:	7	9	4	9	0	33	20	13	0	293
gi|48477447|ref|YP_023153.1|_2-87_1P71:A:	1	5	0	3	0	9	1	4	0	94
gi|48477448|ref|YP_023154.1|_1-60_2CFX:A:1-63	0	1	1	3	0	6	2	4	0	63
gi|48477448|ref|YP_023154.1|_64-137_1I1G:A:62-141	0	4	1	2	0	5	5	3	0	80
gi|48477449|ref|YP_023155.1|_4-211_1X0R:A:2-242	6	11	0	8	0	26	14	17	0	241
gi|48477450|ref|YP_023156.1|_1-88_1ZPY:A:4-94	0	0	1	3	0	8	4	2	0	91
gi|48477451|ref|YP_023157.1|_3-197_1MEO:A:	0	9	1	6	0	19	15	11	0	208
gi|48477453|ref|YP_023159.1|_1-288_1VLL:A:	3	15	2	12	0	33	17	19	0	321
gi|48477454|ref|YP_023160.1|_2-117_2GNR:A:8-144	1	11	1	2	0	19	6	6	0	137
gi|48477455|ref|YP_023161.1|_19-247_1ULQ:A:276-400	2	4	2	4	0	11	5	8	0	125
gi|48477455|ref|YP_023161.1|_268-390_1WDK:C:264-391	2	4	3	5	0	10	4	7	0	128
gi|48477456|ref|YP_023162.1|_169-344_1TVZ:A:168-388	0	10	4	6	0	22	9	13	0	221
gi|48477456|ref|YP_023162.1|_3-166_1TVZ:A:2-167	0	7	2	6	0	20	9	10	0	166
gi|48477457|ref|YP_023163.1|_54-187_1WIN:A:	0	6	0	5	0	15	6	3	0	142
gi|48477458|ref|YP_023164.1|_2-233_1ZQ9:A:36-313	2	9	4	11	0	26	16	16	0	278
gi|48477459|ref|YP_023165.1|_2-182_2I5H:A:16-195	2	5	3	5	0	21	11	9	0	180
gi|48477460|ref|YP_023166.1|_2-101_2C35:A:14-142	2	1	2	6	0	13	8	4	0	129
gi|48477462|ref|YP_023168.1|_240-373_2EY4:A:8-252	1	11	4	7	0	24	15	15	0	245
gi|48477463|ref|YP_023169.1|_1-42_1I50:L:	2	1	0	0	0	11	5	2	0	46
gi|48477464|ref|YP_023170.1|_10-77_1JJ2:Y:	1	3	1	2	0	11	5	3	0	73
gi|48477465|ref|YP_023171.1|_9-208_2BA0:G:3-178	1	8	2	3	0	20	6	14	0	176
gi|48477465|ref|YP_023171.1|_180-256_2JE6:A:192-275	0	5	0	2	0	8	4	3	0	84
gi|48477466|ref|YP_023172.1|_7-181_2BA0:D:10-153	3	5	2	2	0	16	7	8	0	144
gi|48477466|ref|YP_023172.1|_150-233_2BA0:D:154-252	1	4	0	2	0	4	3	2	0	99
gi|48477467|ref|YP_023173.1|_54-141_2JE6:I:66-152	0	6	0	1	0	12	6	6	0	87
gi|48477467|ref|YP_023173.1|_141-214_2BA0:A:136-219	0	3	2	4	0	8	5	2	0	84
gi|48477467|ref|YP_023173.1|_2-53_2BA0:A:2-52	1	6	0	0	0	9	5	4	0	51
gi|48477469|ref|YP_023175.1|_4-81_7FD1:A:	1	4	5	3	0	18	4	9	0	106
gi|48477470|ref|YP_023176.1|_1-175,259-354_2I0Z:A:1-192,A:362-420	4	15	6	8	0	27	12	15	1	251
gi|48477470|ref|YP_023176.1|_173-258_2GMH:A:237-335	0	5	1	2	0	11	4	8	0	99
gi|48477472|ref|YP_023178.1|_336-568_2HU7:A:322-581	1	8	2	10	0	27	14	15	0	260
gi|48477472|ref|YP_023178.1|_48-68,164-328_1K32:A:39-319	1	27	1	0	0	31	19	21	0	281
gi|48477474|ref|YP_023180.1|_45-69,111-280_2G40:A:38-212	0	10	3	4	0	18	8	9	0	175
gi|48477474|ref|YP_023180.1|_270-369_1KF6:B:106-243	0	0	3	8	0	15	4	9	0	138
gi|48477475|ref|YP_023181.1|_1-146_2A4V:A:59-214	3	7	0	5	0	19	8	9	0	156
gi|48477476|ref|YP_023182.1|_2-239_2P90:A:6-274	3	11	3	8	0	25	11	7	0	269
gi|298205343|ref|YP_003717795.1|_4-48_2EY4:E:4-55	2	3	0	1	0	9	2	5	0	52
gi|48477477|ref|YP_023183.1|_81-168_2AHO:B:85-175	0	0	0	6	0	5	2	8	0	91
gi|48477477|ref|YP_023183.1|_169-247_2AHO:B:176-264	0	4	1	2	0	7	6	3	0	89
gi|48477477|ref|YP_023183.1|_3-84_2AHO:B:1-84	0	6	1	1	0	8	3	5	0	84
gi|48477478|ref|YP_023184.1|_11-59_1QXF:A:	0	6	0	0	0	12	6	1	0	58
gi|48477481|ref|YP_023187.1|_1-106_1GD7:A:	1	9	1	2	0	19	6	6	0	109
gi|48477482|ref|YP_023188.1|_176-274_1S7B:A:	0	0	0	4	0	10	7	3	0	109
gi|48477482|ref|YP_023188.1|_38-135_1S7B:A:	0	0	0	4	0	10	7	3	0	109
gi|48477483|ref|YP_023189.1|_16-203,389-630_1ILE:A:1-197,A:387-641	12	19	3	20	0	43	24	22	1	452
gi|48477483|ref|YP_023189.1|_644-855_1ILE:A:642-821	0	0	1	7	0	10	11	15	0	180
gi|48477483|ref|YP_023189.1|_206-389_1UDZ:A:	6	9	4	3	0	24	11	11	0	179
gi|48477483|ref|YP_023189.1|_939-1021_1IVS:A:579-796	2	4	1	9	0	16	9	7	0	218
gi|48477484|ref|YP_023190.1|_132-286_1DUS:A:	0	9	1	5	0	16	12	13	0	194
gi|48477485|ref|YP_023191.1|_5-96_1XPP:A:	0	4	0	2	0	8	5	3	0	99
gi|48477486|ref|YP_023192.1|_5-244_1BOU:B:	7	12	1	9	0	30	22	12	0	298
gi|48477487|ref|YP_023193.1|_3-242_1JNY:A:4-227	4	6	1	8	0	22	11	16	0	224
gi|48477487|ref|YP_023193.1|_318-420_1JNY:A:323-429	2	9	1	0	0	13	7	7	0	107
gi|48477487|ref|YP_023193.1|_219-315_1JNY:A:228-322	2	10	2	0	0	11	5	7	0	95
gi|48477488|ref|YP_023194.1|_4-101_1FJG:J:	2	6	0	2	0	14	6	3	0	98
gi|48477489|ref|YP_023195.1|_8-259_1N0U:A:3-343	9	9	5	14	0	30	13	15	0	341
gi|48477489|ref|YP_023195.1|_463-624_1N0U:A:561-725	1	7	1	5	0	15	13	8	0	165
gi|48477489|ref|YP_023195.1|_259-383_2BV3:A:283-403	1	12	0	0	0	15	9	9	0	121
gi|48477489|ref|YP_023195.1|_625-724_2BV3:A:600-688	0	4	2	3	0	5	0	4	0	89
gi|48477489|ref|YP_023195.1|_385-461_1FNM:A:404-482	0	5	0	2	0	8	3	2	0	79
gi|48477490|ref|YP_023196.1|_4-326_1V7C:A:	3	11	6	14	0	34	24	19	0	351
gi|48477491|ref|YP_023197.1|_1-133_1VLA:A:	1	6	2	2	0	14	7	6	0	149
gi|48477492|ref|YP_023198.1|_3-158_2P4W:A:1-194	2	5	0	8	0	12	7	8	0	197
gi|48477493|ref|YP_023199.1|_77-169_1SHS:A:	2	10	3	0	0	16	4	4	0	115
gi|48477494|ref|YP_023200.1|_11-151_1VQ2:A:	5	7	3	6	0	24	3	10	0	193
gi|48477495|ref|YP_023201.1|_55-259_1RIQ:A:1-236	0	11	4	7	0	22	14	13	0	236
gi|48477495|ref|YP_023201.1|_303-505_1RIQ:A:237-457	0	2	1	9	0	13	8	12	0	217
gi|48477495|ref|YP_023201.1|_577-726_1V7O:A:	2	7	3	3	0	17	7	6	0	155
gi|48477495|ref|YP_023201.1|_489-560_2E1B:A:1-87	2	5	1	0	0	15	8	5	0	87
gi|48477497|ref|YP_023203.1|_25-288_1K2X:A:,B:	4	13	2	9	0	28	12	18	1	291
gi|48477498|ref|YP_023204.1|_2-353_1PB1:A:	2	18	4	13	0	49	20	20	0	416
gi|48477499|ref|YP_023205.1|_1-454_1JSW:A:	4	8	4	15	1	44	30	21	0	459
gi|48477500|ref|YP_023206.1|_31-87_1I1G:A:2-61	0	0	1	3	0	5	4	4	0	60
gi|48477500|ref|YP_023206.1|_93-175_1RI7:A:85-170	0	4	0	2	0	8	5	5	0	86
gi|48477501|ref|YP_023207.1|_145-363_1OLT:A:	1	19	6	15	0	46	26	24	0	441
gi|48477503|ref|YP_023209.1|_1-313_1TRB:A:119-244	1	8	1	4	0	13	10	6	0	126
gi|48477504|ref|YP_023210.1|_4-213_2AZ4:A:56-238	3	8	3	5	0	24	16	13	0	183
gi|48477505|ref|YP_023211.1|_13-64_2COH:A:118-199	0	4	0	4	0	5	4	7	0	82
gi|48477508|ref|YP_023214.1|_4-212_1VR0:A:1-235	4	10	4	10	0	27	11	16	0	235
gi|48477509|ref|YP_023215.1|_3-81_1MMS:A:8-70	0	3	0	2	0	6	3	5	0	63
gi|48477509|ref|YP_023215.1|_65-137_1S72:I:	0	2	0	3	0	7	5	3	0	70
gi|48477510|ref|YP_023216.1|_11-206_1DWU:A:	0	10	3	8	0	22	10	12	0	213
gi|48477511|ref|YP_023217.1|_5-136_1ZAV:A:1-177	0	5	2	6	0	12	5	9	0	177
gi|48477514|ref|YP_023220.1|_2-146_2CX4:A:4-163	2	9	0	5	0	19	10	14	0	159
gi|48477515|ref|YP_023221.1|_2-65_1Q7H:A:3-68	0	5	0	2	0	8	3	3	0	66
gi|48477515|ref|YP_023221.1|_69-147_1Q7H:A:69-153	0	6	1	3	0	10	5	6	0	85
gi|48477518|ref|YP_023224.1|_25-78_1RHZ:B:	0	0	0	2	0	3	1	2	0	65
gi|48477520|ref|YP_023226.1|_8-254_1W6U:A:	2	7	4	11	0	28	15	17	0	294
gi|48477521|ref|YP_023227.1|_2-188,237-409,436-464_1PV7:A:	0	0	2	22	0	18	12	14	0	417
gi|48477522|ref|YP_023228.1|_4-81_2OO2:A:1-75	0	2	1	3	0	3	1	2	0	74
gi|48477526|ref|YP_023232.1|_1-338_1IQ8:A:6-360	5	11	2	16	0	33	19	18	0	355
gi|48477526|ref|YP_023232.1|_347-378,407-543_1IQ8:A:361-505	0	8	3	3	0	16	11	9	0	145
gi|48477526|ref|YP_023232.1|_547-620_1IQ8:A:506-582	0	6	1	2	0	10	2	6	0	77
gi|48477527|ref|YP_023233.1|_9-68_1KU9:A:	0	3	1	7	0	11	5	6	0	151
gi|48477528|ref|YP_023234.1|_461-724_1OZ4:A:471-763	2	0	3	7	0	31	24	19	0	292
gi|48477528|ref|YP_023234.1|_186-452_1E32:A:201-458	3	5	4	12	0	28	13	14	0	258
gi|48477528|ref|YP_023234.1|_91-191_1CZ4:A:92-185	1	6	0	1	0	18	10	5	0	94
gi|48477528|ref|YP_023234.1|_3-89_1CZ4:A:1-91	0	6	0	2	0	11	5	5	0	91
gi|48477529|ref|YP_023235.1|_12-82_2P4W:A:1-194	2	5	0	8	0	12	7	8	0	197
gi|48477531|ref|YP_023237.1|_6-362_1PW4:A:	2	0	1	18	0	21	18	22	0	450
gi|48477532|ref|YP_023238.1|_11-114_1SS4:A:	2	9	1	3	0	19	9	6	0	152
gi|48477534|ref|YP_023240.1|_1-85,253-340,386-481_2I7N:A:236-381	3	6	3	3	0	13	5	3	0	146
gi|48477535|ref|YP_023241.1|_1-373_1PV7:A:	0	0	2	22	0	18	12	14	0	417
gi|48477536|ref|YP_023242.1|_2-134_1Y23:A:	0	6	3	4	0	16	11	7	0	139
gi|48477537|ref|YP_023243.1|_51-189_1VDM:A:1-153	3	9	0	3	0	18	9	6	0	153
gi|48477538|ref|YP_023244.1|_16-306_1IRX:A:3-319	4	13	2	11	0	32	19	14	0	317
gi|48477538|ref|YP_023244.1|_311-499_1IRX:A:320-523	1	0	1	10	0	17	12	9	0	204
gi|48477539|ref|YP_023245.1|_17-250_1HYQ:A:	0	8	2	11	0	23	12	9	0	232
gi|48477540|ref|YP_023246.1|_159-323_1CLI:A:171-345	2	6	3	7	0	19	8	10	0	175
gi|48477540|ref|YP_023246.1|_12-156_1CLI:A:5-170	0	6	2	5	0	15	7	12	0	166
gi|48477541|ref|YP_023247.1|_209-438_3D03:A:1-271	8	13	4	6	0	39	23	13	0	274
gi|48477542|ref|YP_023248.1|_8-94,217-472_2CU0:A:3-96,A:207-480	8	15	1	13	0	47	24	23	1	368
gi|48477542|ref|YP_023248.1|_93-201_1ZFJ:A:95-220	6	5	0	4	0	15	10	9	0	126
gi|48477544|ref|YP_023250.1|_6-227_1VPL:A:	2	10	2	9	0	18	9	15	0	238
gi|48477547|ref|YP_023253.1|_1-312_1EL5:A:1-217,A:322-385	0	16	6	7	0	31	12	17	1	281
gi|48477548|ref|YP_023254.1|_1-151_1FWK:A:5-167	1	6	0	4	0	14	8	8	0	163
gi|48477548|ref|YP_023254.1|_161-279_1FWK:A:168-300	1	6	1	6	0	13	8	6	0	133
gi|48477549|ref|YP_023255.1|_31-363_1E5E:A:	2	12	2	15	1	40	22	28	0	394
gi|48477550|ref|YP_023256.1|_37-204_1FI4:A:3-190	3	9	3	3	0	23	11	11	0	188
gi|48477551|ref|YP_023257.1|_1-177_1RKB:A:	2	5	2	7	0	17	8	6	0	172
gi|48477552|ref|YP_023258.1|_88-198_1COJ:A:91-212	4	3	1	5	0	9	7	9	0	122
gi|48477552|ref|YP_023258.1|_11-86_1COJ:A:2-90	1	0	2	3	0	9	3	4	0	89
gi|48477553|ref|YP_023259.1|_17-204_1PU6:A:	0	0	1	13	0	15	13	13	0	217
gi|48477555|ref|YP_023261.1|_2-164_1VBK:A:1-175	1	9	0	4	0	18	12	7	0	175
gi|48477555|ref|YP_023261.1|_168-323_2C5S:A:174-391	1	6	3	9	0	18	9	9	0	218
gi|48477555|ref|YP_023261.1|_366-454_1YT8:A:373-529	3	5	1	7	0	21	11	7	0	157
gi|48477556|ref|YP_023262.1|_3-174_1RTT:A:	2	8	1	6	0	23	8	12	0	174
gi|48477557|ref|YP_023263.1|_107-372_2GL5:A:123-400	7	10	3	9	0	36	19	16	0	278
gi|48477557|ref|YP_023263.1|_4-119_2GL5:A:1-122	1	3	4	4	0	9	8	8	0	121
gi|48477561|ref|YP_023267.1|_79-355_1FX0:A:97-372	7	8	6	5	0	32	23	17	0	276
gi|48477562|ref|YP_023268.1|_546-771_1SKY:E:83-356	6	11	4	9	0	36	19	17	0	274
gi|48477562|ref|YP_023268.1|_237-353,530-570_1DQ3:A:1-128,A:415-454	2	16	1	2	0	23	6	11	1	168
gi|48477562|ref|YP_023268.1|_778-880_1SKY:E:357-470	2	0	1	5	0	7	5	6	0	114
gi|48477562|ref|YP_023268.1|_3-70_1SKY:B:21-95	0	6	1	0	0	7	5	6	0	75
gi|48477562|ref|YP_023268.1|_176-238_1E79:D:82-357	4	12	5	8	0	32	21	15	0	276
gi|48477563|ref|YP_023269.1|_4-97_2I4R:A:4-79	0	4	1	3	0	7	5	3	0	76
gi|48477564|ref|YP_023270.1|_5-347_1V9M:A:	0	0	6	15	0	22	14	15	0	319
gi|48477565|ref|YP_023271.1|_80-174_2DM9:A:81-198	0	4	0	6	0	9	3	5	0	118
gi|48477566|ref|YP_023272.1|_7-73_1C99:A:	0	0	1	2	0	2	1	1	0	79
gi|48477568|ref|YP_023274.1|_22-346_1P0K:A:	2	12	3	11	0	33	16	14	0	329
gi|48477569|ref|YP_023275.1|_1-241_2AKO:A:2-251	6	8	3	9	0	26	12	9	0	250
gi|48477573|ref|YP_023279.1|_2-188_1RY2:A:	13	28	0	20	0	87	54	43	0	640
gi|48477574|ref|YP_023280.1|_25-396_1PG4:A:	11	30	5	21	0	71	40	44	0	643
gi|48477575|ref|YP_023281.1|_7-284_1WOS:A:1-278	6	13	6	8	0	26	15	23	0	278
gi|48477575|ref|YP_023281.1|_283-362_1V5V:A:313-401	0	6	1	0	0	10	6	7	0	89
gi|48477576|ref|YP_023282.1|_2-186_1R9G:A:	0	12	2	5	0	22	16	11	0	196
gi|48477577|ref|YP_023283.1|_11-192,251-414_1SZW:A:	6	14	7	8	0	36	21	14	0	341
gi|48477578|ref|YP_023284.1|_4-92_1MP9:A:97-197	0	7	0	2	0	10	7	5	0	101
gi|48477578|ref|YP_023284.1|_93-182_1AIS:A:93-181	0	5	0	2	0	8	6	5	0	89
gi|48477579|ref|YP_023285.1|_5-102_1UWD:A:	2	3	1	3	0	14	7	6	0	102
gi|48477580|ref|YP_023286.1|_150-315_1U5W:A:4-173	1	6	2	6	0	16	8	5	0	170
gi|48477580|ref|YP_023286.1|_1-135_1COZ:A:	1	5	2	5	0	12	6	10	0	126
gi|48477581|ref|YP_023287.1|_2-393_1X0M:A:26-428	2	14	5	14	0	43	21	17	0	403
gi|48477582|ref|YP_023288.1|_2-229_1EFV:B:	2	13	1	8	0	24	12	15	0	252
gi|48477582|ref|YP_023288.1|_438-551_1EFV:A:208-331	2	5	5	4	0	16	12	8	0	124
gi|48477582|ref|YP_023288.1|_311-406_1O97:D:1-192	2	13	1	5	0	22	12	11	0	192
gi|48477583|ref|YP_023289.1|_3-105_1FQT:A:	4	10	1	0	0	15	6	10	0	109
gi|48477584|ref|YP_023290.1|_3-323_1WU7:A:3-329	3	12	1	12	0	35	21	19	0	327
gi|48477584|ref|YP_023290.1|_336-421_1QE0:A:326-420	0	5	0	4	0	11	3	5	0	95
gi|48477585|ref|YP_023291.1|_124-209_2OAU:A:113-179	0	5	0	2	0	7	5	3	0	67
gi|48477585|ref|YP_023291.1|_44-123_2OAU:A:27-112	0	0	0	3	0	3	0	1	0	86
gi|48477586|ref|YP_023292.1|_3-73_1RI7:A:85-170	0	4	0	2	0	8	5	5	0	86
gi|48477588|ref|YP_023294.1|_187-305_1GPM:A:405-525	2	4	2	2	0	9	6	7	0	121
gi|48477588|ref|YP_023294.1|_3-220_1GPM:A:208-404	0	5	1	8	0	15	5	8	0	197
gi|48477589|ref|YP_023295.1|_7-192_1VI6:A:	1	7	3	6	0	22	13	12	0	193
gi|48477590|ref|YP_023296.1|_197-270_1R0V:A:215-305	1	5	2	2	0	9	5	6	0	91
gi|48477592|ref|YP_023298.1|_1-108_2FE1:A:1-130	1	4	1	7	0	12	5	7	0	130
gi|48477593|ref|YP_023299.1|_2-234_1JW9:B:	5	8	2	9	0	22	10	18	0	247
gi|48477595|ref|YP_023301.1|_1-182_1ZH8:A:4-131,A:276-328	0	7	3	8	0	16	11	4	1	181
gi|48477595|ref|YP_023301.1|_120-250_1ZH8:A:132-275	2	8	2	3	0	12	7	8	0	144
gi|48477596|ref|YP_023302.1|_10-336_1PW4:A:	2	0	1	18	0	21	18	22	0	450
gi|48477599|ref|YP_023305.1|_8-245_1VB5:A:	3	12	4	9	0	31	10	13	0	274
gi|48477600|ref|YP_023306.1|_49-143_1XER:A:	2	7	1	3	0	16	5	8	0	103
gi|48477602|ref|YP_023308.1|_167-388_1VL2:A:174-409	0	9	2	5	0	19	14	10	0	236
gi|48477602|ref|YP_023308.1|_1-160_1KOR:A:1-165	2	5	1	7	0	16	7	11	0	165
gi|48477603|ref|YP_023309.1|_22-419_1HY0:A:	2	6	5	18	0	34	15	23	0	447
gi|48477604|ref|YP_023310.1|_3-181,323-556_1GAX:A:1-189,A:343-578	8	19	6	13	0	45	23	23	1	425
gi|48477604|ref|YP_023310.1|_562-765_1IVS:A:579-796	2	4	1	9	0	16	9	7	0	218
gi|48477604|ref|YP_023310.1|_186-323_1GAX:A:190-342	5	8	2	2	0	23	11	10	0	153
gi|48477605|ref|YP_023311.1|_104-438_1F52:A:101-468	4	12	5	10	0	37	24	21	0	368
gi|48477605|ref|YP_023311.1|_9-102_1HTQ:A:1-100	2	5	1	2	0	15	6	3	0	100
gi|48477606|ref|YP_023312.1|_52-107_1WGL:A:	0	0	0	3	0	8	5	1	0	58
gi|48477607|ref|YP_023313.1|_243-423_1R89:A:258-437	0	7	1	7	0	17	11	7	0	180
gi|48477607|ref|YP_023313.1|_147-258_1R89:A:143-257	2	4	2	4	0	11	5	8	0	115
gi|48477607|ref|YP_023313.1|_4-143_1R89:A:1-142	0	5	0	5	0	9	7	7	0	142
gi|48477608|ref|YP_023314.1|_2-129_2CSU:A:1-129	1	7	0	3	0	18	15	9	0	129
gi|48477608|ref|YP_023314.1|_464-657_1A9X:A:128-402	4	11	3	7	0	30	24	12	0	275
gi|48477608|ref|YP_023314.1|_131-285_2CSU:A:130-290	0	9	1	5	0	16	11	6	0	161
gi|48477608|ref|YP_023314.1|_293-435_2CSU:A:291-453	0	7	0	6	0	15	9	8	0	163
gi|48477609|ref|YP_023315.1|_4-64_1RWS:A:	2	2	0	1	0	11	7	3	0	68
gi|48477611|ref|YP_023317.1|_3-113,264-336_1NHP:A:1-119,A:243-321	5	12	5	4	0	23	13	12	1	198
gi|48477611|ref|YP_023317.1|_119-269_1JNR:A:2-256,A:402-502	11	13	5	8	0	44	23	15	1	356
gi|48477612|ref|YP_023318.1|_4-132_2YZI:A:4-135	6	6	2	4	0	14	9	11	0	132
gi|48477613|ref|YP_023319.1|_1-308_2B69:A:4-315	4	13	3	9	0	33	14	16	0	312
gi|48477614|ref|YP_023320.1|_3-139,174-384_1RQG:A:1-138,A:174-396	15	13	4	15	0	37	14	21	1	361
gi|48477614|ref|YP_023320.1|_389-540_1RQG:A:397-606	2	0	1	10	0	14	6	10	0	210
gi|48477614|ref|YP_023320.1|_538-664_1MKH:A:	1	9	0	2	0	20	6	6	0	107
gi|48477614|ref|YP_023320.1|_140-174_1RQG:A:139-173	3	0	0	0	0	8	6	2	0	35
gi|48477615|ref|YP_023321.1|_5-58_1I50:F:	2	2	0	2	0	11	8	4	0	84
gi|48477616|ref|YP_023322.1|_1-172_1NOG:A:	2	0	0	5	0	10	6	3	0	149
gi|48477617|ref|YP_023323.1|_8-203_1W66:A:1-216	2	11	3	4	0	24	12	10	0	216
gi|48477618|ref|YP_023324.1|_1-338_1EBD:A:7-154,A:272-346	4	13	2	5	0	24	15	13	1	223
gi|48477618|ref|YP_023324.1|_321-422_1EBD:A:347-461	1	5	1	5	0	10	4	8	0	115
gi|48477619|ref|YP_023325.1|_163-383_1B5S:A:	2	9	4	6	0	29	13	11	0	242
gi|48477619|ref|YP_023325.1|_2-85_1LAB:A:	4	6	0	0	0	20	13	1	0	80
gi|48477619|ref|YP_023325.1|_111-151_1EBD:C:	0	0	1	2	0	5	1	3	0	41
gi|48477620|ref|YP_023326.1|_2-204_1UMD:B:2-187	0	8	4	7	0	21	12	11	0	186
gi|48477620|ref|YP_023326.1|_189-320_1IK6:A:192-326	0	6	1	4	0	12	7	6	0	135
gi|48477621|ref|YP_023327.1|_5-330_1UMD:A:	7	7	4	12	0	37	21	24	0	362
gi|48477622|ref|YP_023328.1|_21-276_1R30:A:	5	9	1	11	0	35	25	12	0	312
gi|48477623|ref|YP_023329.1|_63-321_1AJ2:A:	1	10	2	9	1	29	16	19	0	282
gi|48477624|ref|YP_023330.1|_18-387_1PV7:A:	0	0	2	22	0	18	12	14	0	417
gi|48477625|ref|YP_023331.1|_5-452_1PW4:A:	2	0	1	18	0	21	18	22	0	450
gi|48477627|ref|YP_023333.1|_360-526_1V43:A:7-245	1	10	2	8	0	20	13	15	0	239
gi|48477627|ref|YP_023333.1|_96-282_1VPL:A:	2	10	2	9	0	18	9	15	0	238
gi|48477627|ref|YP_023333.1|_4-126_1HFE:L:2-86	2	4	3	1	0	15	3	7	0	85
gi|48477629|ref|YP_023335.1|_128-183_1B0N:A:1-68	0	0	0	5	0	8	1	5	0	68
gi|48477631|ref|YP_023337.1|_5-109_2CFU:A:530-655	2	5	0	6	0	12	6	9	0	126
gi|48477632|ref|YP_023338.1|_1-256_2VO1:A:1-273	0	7	4	8	0	19	11	7	0	273
gi|48477632|ref|YP_023338.1|_281-522_1VCO:A:298-547	4	12	3	7	0	21	13	17	0	250
gi|48477634|ref|YP_023340.1|_150-370_1K92:A:1-188	0	8	1	7	0	19	7	11	0	188
gi|48477635|ref|YP_023341.1|_3-331_2G0T:A:1-338	3	13	5	11	0	38	23	17	0	338
gi|48477636|ref|YP_023342.1|_16-313_1V7C:A:	3	11	6	14	0	34	24	19	0	351
gi|48477637|ref|YP_023343.1|_3-146_1LK5:A:1-130,A:211-229	2	8	3	4	0	18	9	8	1	149
gi|48477637|ref|YP_023343.1|_125-197_1LK5:A:131-210	2	5	2	2	0	11	7	5	0	80
gi|48477638|ref|YP_023344.1|_130-308_1SUM:B:	0	2	1	7	0	9	6	5	0	225
gi|48477640|ref|YP_023346.1|_2-158,244-331_3C96:A:4-182,A:294-402	1	13	1	8	0	26	14	13	1	288
gi|48477642|ref|YP_023348.1|_1-171_2BZ1:A:1-174	0	7	0	7	0	17	9	10	0	174
gi|48477645|ref|YP_023351.1|_1-222_1LVL:A:1-150,A:266-335	2	13	2	5	0	23	11	12	1	220
gi|48477646|ref|YP_023352.1|_1-57_1RI7:A:25-84	0	0	1	3	0	5	3	3	0	60
gi|48477646|ref|YP_023352.1|_128-176_1I1G:A:2-61	0	0	1	3	0	5	4	4	0	60
gi|48477647|ref|YP_023353.1|_9-187,288-360_1CG2:A:26-213,A:327-414	3	15	3	8	0	27	16	13	1	276
gi|48477647|ref|YP_023353.1|_179-267_1CG2:A:214-326	3	6	2	2	0	12	8	5	0	113
gi|48477648|ref|YP_023354.1|_280-362_2F5T:X:247-338	0	6	1	1	0	7	3	7	0	92
gi|48477648|ref|YP_023354.1|_30-115_2FBI:A:5-140	0	3	0	7	0	7	2	6	0	136
gi|48477649|ref|YP_023355.1|_215-568_1LF6:A:288-684	15	6	5	13	0	47	32	24	0	397
gi|48477650|ref|YP_023356.1|_219-633_1UG9:A:274-686	14	8	3	15	0	52	31	30	0	413
gi|48477651|ref|YP_023357.1|_3-242_1V43:A:7-245	1	10	2	8	0	20	13	15	0	239
gi|48477651|ref|YP_023357.1|_236-351_1V43:A:246-299	1	5	2	0	0	4	3	4	0	54
gi|48477652|ref|YP_023358.1|_15-283_2R6G:G:7-296	4	0	2	14	0	20	19	13	0	290
gi|48477653|ref|YP_023359.1|_70-295_2R6G:F:261-504	2	0	3	12	0	16	15	16	0	244
gi|48477654|ref|YP_023360.1|_1-375_1URS:A:	2	15	4	17	0	35	18	24	0	367
gi|48477657|ref|YP_023363.1|_65-295_1BOO:A:	0	12	3	8	1	37	23	13	0	320
gi|48477659|ref|YP_023365.1|_4-207_1IQP:A:2-232	0	7	4	13	0	20	11	14	0	231
gi|48477659|ref|YP_023365.1|_227-311_1IQP:A:233-327	0	0	1	5	0	6	1	2	0	95
gi|48477660|ref|YP_023366.1|_2-177_1V7R:A:	1	6	4	6	0	15	10	9	0	186
gi|48477661|ref|YP_023367.1|_6-162_1VDM:A:1-153	3	9	0	3	0	18	9	6	0	153
gi|48477662|ref|YP_023368.1|_1-281_1B7B:A:	1	17	2	10	0	32	14	19	0	307
gi|48477664|ref|YP_023370.1|_3-192_1S0U:A:34-229	2	7	0	5	0	19	13	10	0	195
gi|48477664|ref|YP_023370.1|_201-310_1S0U:A:230-347	0	10	3	0	0	17	8	7	0	118
gi|48477664|ref|YP_023370.1|_312-402_1S0U:A:348-437	0	6	0	0	0	8	3	5	0	90
gi|48477665|ref|YP_023371.1|_3-209_1PU6:A:	0	0	1	13	0	15	13	13	0	217
gi|48477666|ref|YP_023372.1|_274-467,500-596_1NYR:A:242-532	6	15	2	9	0	26	11	15	0	291
gi|48477666|ref|YP_023372.1|_101-271_1NYR:A:63-241	0	8	1	5	0	17	11	8	0	179
gi|48477666|ref|YP_023372.1|_597-703_1EVL:A:533-642	0	5	1	4	0	12	6	7	0	110
gi|48477667|ref|YP_023373.1|_57-134_2D1H:A:1-109	0	3	1	5	0	8	2	5	0	109
gi|48477668|ref|YP_023374.1|_2-196_1SFL:A:	5	8	4	8	0	23	11	13	0	236
gi|48477670|ref|YP_023376.1|_211-605_1GAI:A:	10	9	6	14	0	48	26	31	0	472
gi|48477671|ref|YP_023377.1|_2-334_1UJN:A:	1	11	7	11	0	27	13	16	0	347
gi|48477672|ref|YP_023378.1|_100-260_1NVT:A:111-287	0	6	0	7	0	21	11	9	0	177
gi|48477672|ref|YP_023378.1|_3-98_1NVT:A:1-110	0	6	2	3	0	12	4	8	0	105
gi|48477673|ref|YP_023379.1|_4-150_1FWK:A:5-167	1	6	0	4	0	14	8	8	0	163
gi|48477674|ref|YP_023380.1|_3-409_1RF6:A:	6	23	6	12	0	43	18	25	0	427
gi|48477675|ref|YP_023381.1|_99-426_1BS2:A:136-483	7	9	3	12	0	34	19	16	0	348
gi|48477675|ref|YP_023381.1|_426-541_1IQ0:A:467-592	0	2	1	5	0	8	5	6	0	126
gi|48477675|ref|YP_023381.1|_7-88_1IQ0:A:1-96	0	4	0	4	0	9	7	6	0	96
gi|48477677|ref|YP_023383.1|_7-470_1UC2:A:	5	19	8	14	0	50	32	24	0	480
gi|48477678|ref|YP_023384.1|_9-93_1RY2:A:	13	28	0	20	0	87	54	43	0	640
gi|48477679|ref|YP_023385.1|_200-445_2AX3:A:212-489	0	9	3	13	0	31	16	13	0	278
gi|48477679|ref|YP_023385.1|_4-215_2AX3:A:1-211	2	8	1	8	0	23	15	9	0	211
gi|48477682|ref|YP_023388.1|_14-447_1PW4:A:	2	0	1	18	0	21	18	22	0	450
gi|48477683|ref|YP_023389.1|_15-413_1DFO:A:	3	15	4	16	0	43	24	23	0	416
gi|48477684|ref|YP_023390.1|_7-260_2GFQ:A:1-274	3	14	1	9	0	31	19	13	0	286
gi|48477685|ref|YP_023391.1|_4-273_1IY9:A:	0	12	2	9	0	27	17	17	0	274
gi|48477686|ref|YP_023392.1|_70-122_1X9B:A:	0	0	0	3	0	4	2	0	0	53
gi|48477688|ref|YP_023394.1|_2-37,96-324_1XP3:A:2-298	3	12	4	10	0	36	13	18	0	297
gi|48477689|ref|YP_023395.1|_164-257_1DD9:A:	1	11	4	13	0	31	18	15	0	314
gi|48477690|ref|YP_023396.1|_16-111,262-456_1JBK:A:	0	6	2	10	0	18	8	13	0	194
gi|48477692|ref|YP_023398.1|_7-245_1YRB:A:1-244	0	7	3	11	0	22	15	9	0	245
gi|48477693|ref|YP_023399.1|_7-186_1NF9:A:	2	6	3	9	0	19	11	10	0	207
gi|48477695|ref|YP_023401.1|_4-157_1IUH:A:	0	9	4	3	0	14	7	3	0	183
gi|48477696|ref|YP_023402.1|_4-123_1ONL:A:	3	9	1	4	0	17	7	8	0	127
gi|48477697|ref|YP_023403.1|_15-193_1EJ0:A:	0	7	0	5	0	17	8	9	0	180
gi|48477698|ref|YP_023404.1|_80-153_1T95:A:87-161	2	2	0	4	0	4	3	5	0	75
gi|48477698|ref|YP_023404.1|_3-85_1P9Q:C:2-86	1	5	0	4	0	8	3	4	0	85
gi|48477698|ref|YP_023404.1|_155-227_1T95:A:162-234	0	5	2	2	0	7	2	3	0	73
gi|48477699|ref|YP_023405.1|_1-249_1HD7:A:	6	12	5	7	0	32	18	10	0	275
gi|48477700|ref|YP_023406.1|_1-138_1U7P:A:	2	8	2	5	0	21	9	9	0	164
gi|48477701|ref|YP_023407.1|_42-293_1N2Z:A:	4	10	3	10	0	27	17	13	0	245
gi|48477702|ref|YP_023408.1|_40-137_1S7B:A:	0	0	0	4	0	10	7	3	0	109
gi|48477702|ref|YP_023408.1|_204-279_1S7B:A:	0	0	0	4	0	10	7	3	0	109
gi|48477703|ref|YP_023409.1|_29-544_1PG4:A:	11	30	5	21	0	71	40	44	0	643
gi|48477704|ref|YP_023410.1|_2-289_1X74:A:2-360	0	12	4	14	1	37	25	27	0	359
gi|48477705|ref|YP_023411.1|_1-294_1ITU:A:	8	9	6	14	0	41	19	23	0	369
gi|48477706|ref|YP_023412.1|_703-887_1IWG:A:513-566,A:869-1036	2	0	1	11	0	13	7	10	1	222
gi|48477706|ref|YP_023412.1|_303-518_1IWG:A:7-37,A:331-498	0	0	1	8	0	9	7	9	1	199
gi|48477708|ref|YP_023414.1|_9-229_1O1Z:A:	1	11	4	10	0	22	17	11	0	233
gi|48477709|ref|YP_023415.1|_3-150_1XWN:A:1-166	2	8	0	2	0	21	16	8	0	166
gi|48477711|ref|YP_023417.1|_1-139_1LLU:A:2-143,A:310-342	5	11	2	3	0	26	13	11	1	175
gi|48477711|ref|YP_023417.1|_175-307_1VJ0:A:156-337	2	7	1	9	0	17	10	10	0	182
gi|48477716|ref|YP_023422.1|_67-135_1FJG:S:	2	3	1	1	0	12	9	4	0	84
gi|48477718|ref|YP_023424.1|_6-93_1WH9:A:	0	3	1	3	0	10	7	2	0	91
gi|48477718|ref|YP_023424.1|_87-185_2QAL:C:106-206	2	4	3	2	0	14	5	3	0	101
gi|48477720|ref|YP_023426.1|_22-97_1D1R:A:	1	4	0	2	0	12	5	2	0	115
gi|48477721|ref|YP_023427.1|_29-105_2GY9:Q:5-82	0	5	0	0	0	11	5	2	0	78
gi|48477724|ref|YP_023430.1|_44-95_1VIO:A:0-57	0	6	0	2	0	7	2	6	0	56
gi|161611251|ref|YP_023432.2|_13-51_1FJG:N:	0	3	1	1	0	7	4	5	0	60
gi|48477727|ref|YP_023433.1|_1-129_1I6U:A:	0	8	0	4	0	17	8	6	0	129
gi|48477728|ref|YP_023434.1|_9-84_1RL6:A:7-81	0	6	0	1	0	8	2	6	0	75
gi|48477732|ref|YP_023438.1|_40-111_1PKP:A:4-77	2	4	1	1	0	9	7	1	0	74
gi|48477732|ref|YP_023438.1|_124-197_1PKP:A:78-148	1	4	0	2	0	9	5	4	0	71
gi|48477735|ref|YP_023441.1|_69-278,308-569_1RH5:A:	4	2	2	14	0	28	20	20	0	422
gi|48477736|ref|YP_023442.1|_1-180_1KI9:A:	0	7	0	8	0	17	10	7	0	191
gi|48477738|ref|YP_023444.1|_1-170_1KAG:A:	0	5	1	7	0	12	8	5	0	169
gi|48477739|ref|YP_023445.1|_4-204_2APO:A:17-246	1	11	4	6	0	19	10	11	0	230
gi|48477739|ref|YP_023445.1|_207-270_2EY4:A:253-336	0	6	1	2	0	11	6	5	0	84
gi|48477740|ref|YP_023446.1|_2-259_1NT2:B:	2	2	1	13	0	18	14	11	0	256
gi|48477741|ref|YP_023447.1|_249-455_1GPH:1:235-465	2	10	2	10	0	29	15	13	0	231
gi|48477741|ref|YP_023447.1|_28-249_1GPH:1:1-234	3	13	2	6	0	27	14	15	0	234
gi|48477742|ref|YP_023448.1|_10-78_1I4K:1:	0	5	2	1	0	6	2	2	0	72
gi|48477743|ref|YP_023449.1|_3-159_1IM5:A:	6	6	4	4	0	22	12	14	0	179
gi|48477744|ref|YP_023450.1|_5-234_1X9N:A:262-533	2	0	4	13	0	28	14	13	0	272
gi|48477744|ref|YP_023450.1|_226-431_1X9N:A:534-753	5	11	2	6	0	25	17	14	0	220
gi|48477744|ref|YP_023450.1|_440-583_1X9N:A:754-901	3	10	1	2	0	17	13	7	0	148
gi|48477745|ref|YP_023451.1|_3-118_1O7I:A:	2	7	3	0	0	15	2	8	0	115
gi|48477746|ref|YP_023452.1|_8-370_1PV7:A:	0	0	2	22	0	18	12	14	0	417
gi|48477747|ref|YP_023453.1|_1-264_1Z6R:A:82-210	1	7	1	3	0	12	6	8	0	129
gi|48477748|ref|YP_023454.1|_4-180_1TK9:A:	0	5	3	8	0	14	8	6	0	187
gi|48477749|ref|YP_023455.1|_9-251_1N2Z:A:	4	10	3	10	0	27	17	13	0	245
gi|48477750|ref|YP_023456.1|_23-152,214-293_1JJF:A:	2	8	1	8	0	27	12	20	0	255
gi|48477751|ref|YP_023457.1|_7-110_1NP6:A:	0	8	2	4	0	19	12	7	0	170
gi|48477752|ref|YP_023458.1|_76-323_2FRN:A:19-278	0	13	3	6	0	25	10	16	0	260
gi|48477753|ref|YP_023459.1|_97-311_3DHW:A:6-208	0	0	1	9	0	11	7	9	0	203
gi|48477754|ref|YP_023460.1|_517-677_3DHW:A:6-208	0	0	1	9	0	11	7	9	0	203
gi|48477755|ref|YP_023461.1|_387-631_1OXS:C:1-242	0	11	6	8	0	23	18	13	0	242
gi|48477755|ref|YP_023461.1|_10-112,148-289_1F3O:A:	0	10	2	7	0	22	15	14	0	232
gi|48477757|ref|YP_023463.1|_67-160,201-266,297-682_1VR5:A:23-557	10	20	5	18	0	63	32	34	0	535
gi|48477758|ref|YP_023464.1|_2-205_1PMA:1:	3	12	0	5	0	15	6	10	0	203
gi|48477759|ref|YP_023465.1|_178-637_2I7T:A:9-459	0	22	5	10	0	45	27	19	0	451
gi|48477761|ref|YP_023467.1|_1-215_1VPX:A:	2	8	0	10	0	20	11	9	0	229
gi|48477762|ref|YP_023468.1|_8-174_1ITZ:A:348-539	4	5	3	6	0	27	10	13	0	192
gi|48477762|ref|YP_023468.1|_183-312_1W85:B:193-324	0	6	2	5	0	13	8	5	0	132
gi|48477763|ref|YP_023469.1|_34-295_1QGD:A:2-332	2	7	3	13	0	33	13	24	0	331
gi|48477764|ref|YP_023470.1|_2-142_1V3W:A:	4	20	0	1	0	34	5	15	0	173
gi|48477768|ref|YP_023474.1|_1-165_2O3A:A:1-167	0	8	0	6	0	16	9	6	0	166
gi|48477768|ref|YP_023474.1|_186-292_3DJB:A:2-214	0	0	1	10	0	12	8	14	0	213
gi|48477769|ref|YP_023475.1|_1-217_3BBD:A:2-205	4	7	4	6	0	21	11	9	0	204
gi|48477774|ref|YP_023480.1|_3-302_1TZF:A:	0	16	4	7	0	27	12	15	0	258
gi|48477775|ref|YP_023481.1|_18-78_2P4W:A:1-194	2	5	0	8	0	12	7	8	0	197
gi|48477776|ref|YP_023482.1|_10-174_2GE3:A:6-169	0	7	2	4	0	13	5	8	0	164
gi|48477780|ref|YP_023486.1|_434-845_1JET:A:	9	18	8	17	0	53	34	35	0	517
gi|48477781|ref|YP_023487.1|_402-526_2EF7:A:1-127	5	7	2	4	0	12	7	10	0	127
gi|48477782|ref|YP_023488.1|_3-179_2AZN:A:6-224	2	9	2	5	0	26	15	11	0	219
gi|48477783|ref|YP_023489.1|_37-288_2UZ9:A:76-388	0	10	3	14	0	26	16	19	0	313
gi|48477784|ref|YP_023490.1|_2-218_1PVY:A:	2	7	3	10	0	21	7	14	0	219
gi|48477785|ref|YP_023491.1|_4-135_1HQK:A:	0	7	2	5	0	11	5	8	0	154
gi|48477786|ref|YP_023492.1|_2-134_1HQK:A:	0	7	2	5	0	11	5	8	0	154
gi|48477787|ref|YP_023493.1|_4-167_1S72:H:	0	8	3	2	0	20	10	7	0	171
gi|48477788|ref|YP_023494.1|_11-280_1GQ6:A:	7	8	6	9	0	33	21	11	0	301
gi|48477789|ref|YP_023495.1|_2-77_1IZ6:A:2-70	0	6	1	0	0	6	3	5	0	69
gi|48477789|ref|YP_023495.1|_70-126_1IZ6:A:71-137	1	5	1	1	0	8	1	5	0	67
gi|48477790|ref|YP_023496.1|_31-153_1NE2:A:	2	7	2	6	0	12	8	7	0	197
gi|48477793|ref|YP_023499.1|_4-70_1TH7:A:3-78	0	5	1	1	0	8	2	4	0	76
gi|48477795|ref|YP_023501.1|_59-170_3BZK:A:637-730	0	5	2	2	0	13	4	6	0	94
gi|48477795|ref|YP_023501.1|_5-55_2NN6:I:6-60	4	3	0	0	0	12	5	4	0	55
gi|48477796|ref|YP_023502.1|_229-373_2Q07:A:244-393	0	5	2	5	0	13	11	5	0	150
gi|48477796|ref|YP_023502.1|_217-228,265-311,377-447_1IQ8:A:361-505	0	8	3	3	0	16	11	9	0	145
gi|48477796|ref|YP_023502.1|_68-191_1R5Y:A:	2	15	2	16	0	40	20	21	0	372
gi|48477796|ref|YP_023502.1|_453-514_1IQ8:A:506-582	0	6	1	2	0	10	2	6	0	77
gi|48477797|ref|YP_023503.1|_51-342_1J6P:A:50-330	2	8	3	12	0	25	12	22	0	281
gi|48477797|ref|YP_023503.1|_1-51,343-407_2FTW:A:7-59,A:394-490	2	11	2	1	0	21	8	9	1	150
gi|48477799|ref|YP_023505.1|_3-196_1X0R:A:2-242	6	11	0	8	0	26	14	17	0	241
gi|48477800|ref|YP_023506.1|_3-263_1US0:A:	10	10	4	10	0	46	22	22	0	314
gi|48477801|ref|YP_023507.1|_2-221_1VPL:A:	2	10	2	9	0	18	9	15	0	238
gi|48477804|ref|YP_023510.1|_2-300_1PVV:A:151-313	4	5	1	7	0	19	9	11	0	163
gi|48477805|ref|YP_023511.1|_2-188,224-437_1PV7:A:	0	0	2	22	0	18	12	14	0	417
gi|48477806|ref|YP_023512.1|_15-314_1HYU:A:326-451	2	10	1	2	0	13	8	6	0	126
gi|48477807|ref|YP_023513.1|_16-145,402-522_1A6D:A:17-145,A:404-519	0	9	1	11	0	18	7	14	1	245
gi|48477807|ref|YP_023513.1|_209-375_1ASS:A:	3	6	1	4	0	17	14	8	0	152
gi|48477807|ref|YP_023513.1|_146-213,365-401_1A6D:A:146-214,A:368-403	0	6	1	3	0	10	7	4	1	105
gi|48477808|ref|YP_023514.1|_285-488_1KQ4:A:	3	5	3	8	0	15	6	9	0	231
gi|48477808|ref|YP_023514.1|_6-151,193-258_1KQ4:A:	3	5	3	8	0	15	6	9	0	231
gi|48477809|ref|YP_023515.1|_1-233_1SB8:A:	3	13	2	14	0	34	16	17	0	341
gi|48477810|ref|YP_023516.1|_1-146_1NIG:A:	0	2	0	6	0	8	2	7	0	148
gi|48477811|ref|YP_023517.1|_15-122_1SHS:A:	2	10	3	0	0	16	4	4	0	115
gi|48477812|ref|YP_023518.1|_86-145,185-296_2GFS:A:5-352	1	10	6	13	0	32	21	20	0	348
gi|48477813|ref|YP_023519.1|_86-320_1PZN:A:96-349	0	12	2	8	0	19	19	13	0	254
gi|48477813|ref|YP_023519.1|_13-71_1PZN:A:35-95	0	0	0	4	0	7	3	4	0	61
gi|48477814|ref|YP_023520.1|_146-306_1CF2:O:139-303	0	8	2	4	0	17	10	9	0	165
gi|48477814|ref|YP_023520.1|_9-164_1CF2:O:1-138,O:304-336	0	8	1	9	0	17	12	11	1	171
gi|48477815|ref|YP_023521.1|_9-150_1U6M:A:	0	7	5	6	0	12	8	15	0	198
gi|48477817|ref|YP_023523.1|_198-494_1ZCZ:A:158-452	2	16	1	8	0	32	22	11	0	295
gi|48477817|ref|YP_023523.1|_2-184_1PKX:A:3-200	3	5	1	10	0	17	9	10	0	198
gi|48477819|ref|YP_023525.1|_4-563,629-639_1D6M:A:	6	17	9	21	0	60	34	22	0	609
gi|48477819|ref|YP_023525.1|_668-705_1YUA:A:1-65	1	3	0	1	0	10	7	2	0	65
gi|48477822|ref|YP_023528.1|_2-221_1PV7:A:	0	0	2	22	0	18	12	14	0	417
gi|48477824|ref|YP_023530.1|_1-217_1YOX:A:5-244	2	16	3	2	0	18	8	6	0	240
gi|48477826|ref|YP_023532.1|_145-205_1R1U:A:	1	2	0	5	0	6	4	5	0	94
gi|48477827|ref|YP_023533.1|_7-136_2H6L:A:1-138	4	9	0	1	0	9	5	6	0	138
gi|48477828|ref|YP_023534.1|_6-263_1SNZ:A:	12	29	5	2	0	50	22	25	0	343
gi|48477829|ref|YP_023535.1|_1-171_1RJW:A:1-137,A:306-339	5	11	3	3	0	24	12	10	1	171
gi|48477829|ref|YP_023535.1|_138-303_1RJW:A:138-305	0	7	1	8	0	16	10	9	0	168
gi|48477830|ref|YP_023536.1|_9-429_1PW4:A:	2	0	1	18	0	21	18	22	0	450
gi|48477831|ref|YP_023537.1|_4-156_1YAC:A:	4	6	3	8	1	20	11	9	0	204
gi|48477832|ref|YP_023538.1|_2-256_1X8H:A:	0	13	1	6	0	24	15	13	0	227
gi|48477833|ref|YP_023539.1|_9-191_1Z72:A:4-220	0	0	0	11	0	14	6	9	0	217
gi|48477834|ref|YP_023540.1|_3-208_1Y43:A:1-32,B:3-173	2	20	0	0	0	25	9	10	1	203
gi|48477835|ref|YP_023541.1|_40-158_1Z4E:A:4-153	0	6	2	5	0	11	5	10	0	150
gi|48477836|ref|YP_023542.1|_1-221_3DHW:C:1-240	3	10	1	7	0	21	17	12	0	240
gi|48477837|ref|YP_023543.1|_2-246_1MT0:A:	2	10	3	10	0	20	20	20	0	241
gi|48477839|ref|YP_023545.1|_12-93_1A0P:A:111-292	4	3	3	8	0	17	7	7	0	182
gi|48477841|ref|YP_023547.1|_13-105,214-232,274-340,392-483_1FC6:A:78-156,A:249-463	3	11	2	8	0	37	21	16	1	294
gi|48477843|ref|YP_023549.1|_15-402_1PW4:A:	2	0	1	18	0	21	18	22	0	450
gi|48477844|ref|YP_023550.1|_3-189,290-379_2Q43:A:16-194,A:314-407	3	10	2	8	0	25	12	18	1	273
gi|48477844|ref|YP_023550.1|_176-288_1YSJ:A:178-292	0	4	0	2	0	9	4	1	0	115
gi|48477847|ref|YP_023553.1|_7-440_1PW4:A:	2	0	1	18	0	21	18	22	0	450
gi|48477848|ref|YP_023554.1|_1-201_1J97:A:	3	7	3	9	1	19	10	11	0	210
gi|48477850|ref|YP_023556.1|_89-233_2E1B:A:88-216	3	7	2	2	0	13	7	4	0	129
gi|48477850|ref|YP_023556.1|_2-89_2E1B:A:1-87	2	5	1	0	0	15	8	5	0	87
gi|48477851|ref|YP_023557.1|_14-388_1PW4:A:	2	0	1	18	0	21	18	22	0	450
gi|48477852|ref|YP_023558.1|_7-223_1DJ0:A:	0	10	4	5	0	30	16	16	0	264
gi|48477853|ref|YP_023559.1|_5-48_2BJ7:A:1-50	0	1	0	2	0	3	2	2	0	50
gi|48477854|ref|YP_023560.1|_321-519_1PYS:B:475-681	0	12	2	5	0	19	14	9	0	207
gi|48477854|ref|YP_023560.1|_257-329_1PYS:B:400-474	0	3	1	3	0	9	3	4	0	75
gi|48477855|ref|YP_023561.1|_74-308_1XS5:A:	0	13	5	8	0	28	12	15	0	240
gi|48477858|ref|YP_023564.1|_485-544_1UWY:A:297-403	2	7	0	0	0	19	10	4	0	107
gi|48477861|ref|YP_023567.1|_9-378_1PV7:A:	0	0	2	22	0	18	12	14	0	417
gi|48477862|ref|YP_023568.1|_12-134_1VJX:A:	4	0	1	5	0	10	7	3	0	156
gi|48477863|ref|YP_023569.1|_27-444_1SFF:A:	10	16	5	13	0	39	23	28	0	425
gi|48477864|ref|YP_023570.1|_2-147_1GEF:A:	2	7	3	3	0	14	7	4	0	120
gi|48477865|ref|YP_023571.1|_3-149_1VPM:A:	4	7	2	2	0	14	6	6	0	155
gi|48477867|ref|YP_023573.1|_8-204_1ULY:A:	1	4	1	8	0	12	7	8	0	190
gi|48477868|ref|YP_023574.1|_13-390_1PW4:A:	2	0	1	18	0	21	18	22	0	450
gi|48477869|ref|YP_023575.1|_15-428_1PW4:A:	2	0	1	18	0	21	18	22	0	450
gi|48477871|ref|YP_023577.1|_11-160_1YG2:A:	1	2	3	7	0	11	5	4	0	178
gi|48477872|ref|YP_023578.1|_6-135_2B06:A:1-155	4	10	2	2	0	18	6	7	0	155
gi|48477873|ref|YP_023579.1|_2-306_2CB2:A:2-308	1	9	4	9	0	20	12	16	0	307
gi|48477874|ref|YP_023580.1|_1-332_1ZT2:A:3-329	6	18	3	9	0	40	19	15	0	327
gi|48477876|ref|YP_023582.1|_7-233_1PMA:A:	4	10	2	6	0	19	10	10	0	221
gi|48477878|ref|YP_023584.1|_269-345_1SOT:A:255-353	2	6	0	1	0	12	5	3	0	99
gi|48477879|ref|YP_023585.1|_2-366_1UMG:A:	7	15	6	8	0	37	16	22	0	362
gi|298205344|ref|YP_003717796.1|_3-46_2AYJ:A:1-56	0	3	0	0	0	12	6	4	0	56
gi|48477880|ref|YP_023586.1|_4-229_1T3T:A:1034-1295	7	11	7	8	0	30	18	19	0	262
gi|48477881|ref|YP_023587.1|_17-192_1QF9:A:	0	5	0	9	0	14	7	13	0	194
gi|48477884|ref|YP_023590.1|_1-227_1BYI:A:	2	10	2	8	0	28	14	14	0	224
gi|48477884|ref|YP_023590.1|_189-387_1Q7R:A:	0	12	3	6	0	17	7	9	0	218
gi|48477885|ref|YP_023591.1|_4-331_1LC5:A:	0	13	7	12	0	38	19	26	0	355
gi|48477886|ref|YP_023592.1|_634-713,801-1010_1K32:A:680-762,A:854-1061	6	12	1	9	0	28	15	15	1	291
gi|48477886|ref|YP_023592.1|_3-255_1K32:A:39-319	1	27	1	0	0	31	19	21	0	281
gi|48477886|ref|YP_023592.1|_281-607_1K32:A:320-679	4	31	5	1	0	46	27	17	0	360
gi|48477886|ref|YP_023592.1|_716-803_1K32:A:763-853	6	6	1	1	0	13	6	8	0	91
gi|48477887|ref|YP_023593.1|_4-190,242-414,441-465_1PV7:A:	0	0	2	22	0	18	12	14	0	417
gi|48477890|ref|YP_023596.1|_2-218_1T0T:V:	0	11	4	8	0	18	13	8	0	243
gi|48477891|ref|YP_023597.1|_8-115_1GMX:A:	0	7	1	5	0	15	6	5	0	108
gi|48477892|ref|YP_023598.1|_1-59_1RQ6:A:	0	0	0	3	0	4	2	3	0	62
gi|48477893|ref|YP_023599.1|_1-143_1WJG:A:	0	5	1	4	0	15	7	4	0	135
gi|48477897|ref|YP_023603.1|_80-201_2FUG:6:15-175	2	4	2	5	0	17	14	7	0	161
gi|48477898|ref|YP_023604.1|_39-376_2FUG:4:35-409	3	7	3	13	0	39	26	18	0	375
gi|48477902|ref|YP_023608.1|_1-241_1IVH:A:6-241	3	8	6	7	0	20	10	16	0	236
gi|48477902|ref|YP_023608.1|_228-380_2D29:A:235-387	1	2	3	5	0	4	4	6	0	153
gi|48477905|ref|YP_023611.1|_1-147_1TIQ:A:	0	7	3	5	0	11	6	8	0	179
gi|48477906|ref|YP_023612.1|_1-313_1PYF:A:	6	11	6	11	0	33	19	21	0	311
gi|48477908|ref|YP_023614.1|_4-123_2PV7:A:92-243	0	7	4	5	0	21	9	10	0	152
gi|48477909|ref|YP_023615.1|_6-85_1YBZ:A:2-75	0	0	1	3	0	3	1	1	0	74
gi|48477910|ref|YP_023616.1|_137-299_1VQV:A:138-300	1	7	2	6	0	21	13	5	0	163
gi|48477910|ref|YP_023616.1|_6-131_1VQV:A:1-137	5	5	0	3	0	13	6	7	0	137
gi|48477911|ref|YP_023617.1|_32-117_1DKG:B:38-138	2	6	0	0	0	7	3	3	0	57
gi|48477911|ref|YP_023617.1|_118-172_1DKG:A:139-197	2	6	0	0	0	7	3	3	0	59
gi|48477912|ref|YP_023618.1|_360-516_1CKR:A:	1	10	0	2	0	15	14	9	0	159
gi|48477912|ref|YP_023618.1|_170-358_1DKG:D:186-383	1	6	1	6	0	13	10	7	0	198
gi|48477912|ref|YP_023618.1|_1-163_1DKG:D:3-185	4	12	2	5	0	21	12	11	0	183
gi|48477912|ref|YP_023618.1|_483-583_1DKZ:A:507-603	0	0	1	5	0	5	2	2	0	97
gi|48477913|ref|YP_023619.1|_3-109_1XBL:A:	0	0	0	3	0	7	3	6	0	75
gi|48477913|ref|YP_023619.1|_259-343_1C3G:A:260-349	4	6	0	2	0	16	7	6	0	90
gi|48477913|ref|YP_023619.1|_132-212_1EXK:A:	2	6	2	0	0	10	7	6	0	79
gi|48477913|ref|YP_023619.1|_117-150,214-256_1C3G:A:180-259	2	5	0	1	0	11	4	4	0	80
gi|48477914|ref|YP_023620.1|_12-77,119-193_2I9C:A:3-123	0	0	1	5	0	8	4	6	0	121
gi|48477917|ref|YP_023623.1|_2-213_2FLI:A:3-219	4	8	6	8	0	21	14	11	0	217
gi|48477918|ref|YP_023624.1|_1-167_1LLU:A:2-143,A:310-342	5	11	2	3	0	26	13	11	1	175
gi|48477918|ref|YP_023624.1|_138-293_1YB5:A:121-294	0	7	1	8	0	16	8	12	0	174
gi|48477919|ref|YP_023625.1|_11-180_1A17:A:	0	0	0	7	0	11	3	7	0	159
gi|48477920|ref|YP_023626.1|_12-344_1RQJ:A:	0	2	0	16	0	15	8	14	0	299
gi|48477921|ref|YP_023627.1|_2-268_1A0P:A:111-292	4	3	3	8	0	17	7	7	0	182
gi|48477922|ref|YP_023628.1|_5-338_1KQ3:A:	4	8	5	13	0	31	18	21	0	375
gi|48477924|ref|YP_023630.1|_2-237_1WXQ:A:1-319	2	8	3	10	0	30	20	14	0	319
gi|48477924|ref|YP_023630.1|_295-368_1WXQ:A:320-395	1	4	0	2	0	9	4	5	0	76
gi|48477925|ref|YP_023631.1|_18-140_1FJG:L:	1	6	1	1	0	20	8	9	0	125
gi|48477926|ref|YP_023632.1|_6-187_1IQV:A:	4	2	1	6	0	14	6	7	0	201
gi|48477927|ref|YP_023633.1|_6-74_1GUU:A:	0	0	0	3	0	5	3	2	0	50
gi|48477928|ref|YP_023634.1|_473-674_1GXL:A:	2	8	4	7	0	19	12	14	0	205
gi|48477928|ref|YP_023634.1|_1-208,1046-1133_1XEW:X:,Y:	2	15	2	9	0	30	20	14	1	329
gi|48477930|ref|YP_023636.1|_2-376_1KL1:A:	2	15	5	16	0	44	22	22	0	405
gi|48477931|ref|YP_023637.1|_2-117_1Y5H:A:2-124	3	7	2	6	0	9	5	11	0	123
gi|48477931|ref|YP_023637.1|_130-258_2O16:A:20-158	7	6	1	5	0	14	8	7	0	139
gi|48477932|ref|YP_023638.1|_1-449_1VPB:A:	7	17	3	9	0	43	20	27	0	439
gi|48477933|ref|YP_023639.1|_19-434_1VL4:A:	9	20	4	11	0	40	19	19	0	433
gi|48477934|ref|YP_023640.1|_183-428_1HS6:A:209-460	1	7	4	11	0	19	10	13	0	252
gi|48477934|ref|YP_023640.1|_4-174_1HS6:A:1-208	2	15	4	0	0	20	10	12	0	208
gi|48477938|ref|YP_023644.1|_89-189_1GO3:E:79-184	0	9	1	1	0	13	4	5	0	106
gi|48477938|ref|YP_023644.1|_1-86_1GO3:E:1-78	1	4	1	1	0	8	2	4	0	78
gi|48477939|ref|YP_023645.1|_3-63_1RYQ:A:	2	5	1	1	0	10	4	3	0	68
gi|48477941|ref|YP_023647.1|_5-99_2G1D:A:1-98	0	4	0	2	0	12	10	3	0	98
gi|48477942|ref|YP_023648.1|_2-50_2K4X:A:1-55	0	3	0	0	0	7	2	2	0	55
gi|48477945|ref|YP_023651.1|_2-231_1SXJ:A:295-547	1	5	4	11	0	21	18	23	0	253
gi|48477946|ref|YP_023652.1|_2-107_1PYB:A:	1	8	0	2	0	16	10	6	0	107
gi|48477947|ref|YP_023653.1|_2-193_1JJ2:L:	0	4	4	5	0	21	19	16	0	194
gi|48477950|ref|YP_023656.1|_81-400_1GTR:A:8-338	6	9	4	12	0	35	20	18	0	331
gi|48477950|ref|YP_023656.1|_403-538_1GTR:A:339-547	3	18	5	0	0	26	16	8	0	209
gi|48477951|ref|YP_023657.1|_47-308_1UDX:A:157-336	0	7	2	6	0	22	13	8	0	180
gi|48477952|ref|YP_023658.1|_39-215,249-377_1OYW:A:207-406	1	6	0	8	0	23	16	13	0	200
gi|48477953|ref|YP_023659.1|_6-261_1PZ1:A:	6	12	9	9	0	39	21	23	0	332
gi|48477955|ref|YP_023661.1|_5-120_1V93:A:	0	8	2	11	0	28	13	16	0	292
gi|48477956|ref|YP_023662.1|_7-103,184-227,356-398_1GKU:B:1-250	1	11	2	9	0	25	21	12	0	232
gi|48477958|ref|YP_023664.1|_122-388_1KB0:A:1-573	5	40	7	6	0	73	38	39	0	573
gi|48477958|ref|YP_023664.1|_390-504_1G72:A:	6	38	10	5	0	74	38	44	0	571
gi|48477959|ref|YP_023665.1|_1-307_1EBD:A:7-154,A:272-346	4	13	2	5	0	24	15	13	1	223
gi|48477959|ref|YP_023665.1|_334-445_1JEH:A:356-478	2	5	1	5	0	12	5	9	0	123
gi|48477960|ref|YP_023666.1|_6-124_2EF7:A:1-127	5	7	2	4	0	12	7	10	0	127
gi|48477961|ref|YP_023667.1|_3-373_1O7X:A:	3	5	3	16	0	28	16	15	0	367
gi|48477962|ref|YP_023668.1|_20-168_1QAM:A:	2	7	5	9	0	25	14	12	0	235
gi|48477963|ref|YP_023669.1|_65-145_1RI7:A:85-170	0	4	0	2	0	8	5	5	0	86
gi|48477963|ref|YP_023669.1|_5-65_1RI7:A:25-84	0	0	1	3	0	5	3	3	0	60
gi|48477964|ref|YP_023670.1|_19-312_1NNH:A:	2	13	3	9	0	28	14	14	0	293
gi|48477965|ref|YP_023671.1|_3-128_2D59:A:4-142	1	7	1	5	0	19	11	8	0	141
gi|48477966|ref|YP_023672.1|_59-101_1QYP:A:	0	4	0	0	0	8	5	1	0	56
gi|48477967|ref|YP_023673.1|_96-292_1J8M:F:87-297	0	8	2	7	0	21	10	12	0	206
gi|48477967|ref|YP_023673.1|_292-428_1QZX:A:295-432	1	0	1	8	0	13	11	7	0	138
gi|48477967|ref|YP_023673.1|_1-90_1J8M:F:3-86	0	0	0	4	0	7	2	3	0	84
gi|48477968|ref|YP_023674.1|_3-182,266-344_1E39:A:103-359,A:506-568	2	15	3	9	0	38	17	21	1	320
gi|48477969|ref|YP_023675.1|_8-67_1CLF:A:	2	2	0	0	0	11	4	6	0	55
gi|48477970|ref|YP_023676.1|_8-210_2ABK:A:	0	0	3	10	0	19	15	10	0	211
gi|48477971|ref|YP_023677.1|_127-396_1A9X:A:128-402	4	11	3	7	0	30	24	12	0	275
gi|48477971|ref|YP_023677.1|_659-913_1A9X:A:677-935	1	11	2	8	0	28	16	9	0	259
gi|48477971|ref|YP_023677.1|_4-126_1A9X:A:1-127	2	5	2	5	0	17	8	6	0	127
gi|48477971|ref|YP_023677.1|_542-660_1A9X:A:556-676	3	4	0	6	0	13	10	8	0	121
gi|48477971|ref|YP_023677.1|_391-538_1A9X:A:403-555	3	2	1	7	0	15	8	10	0	153
gi|48477971|ref|YP_023677.1|_922-1050_1A9X:A:936-1073	2	5	1	7	0	14	5	11	0	138
gi|48477972|ref|YP_023678.1|_2-142_1A9X:B:1502-1652	4	7	2	4	0	22	12	6	0	151
gi|48477972|ref|YP_023678.1|_142-344_1A9X:B:1653-1880	4	10	1	6	0	22	14	15	0	228
gi|48477976|ref|YP_023682.1|_316-497_1TF7:A:256-497	1	13	1	7	0	27	17	12	0	242
gi|48477978|ref|YP_023684.1|_83-265_1U9Y:A:1-155	1	8	1	4	0	24	12	7	0	155
gi|48477978|ref|YP_023684.1|_2-121_1U9Y:A:1-155	1	8	1	4	0	24	12	7	0	155
gi|48477979|ref|YP_023685.1|_6-268_2GHS:A:20-314	5	25	1	1	0	33	15	22	0	295
gi|48477980|ref|YP_023686.1|_104-169_1PSD:A:327-410	0	4	0	2	0	7	4	4	0	84
gi|48477981|ref|YP_023687.1|_38-172_1HSL:A:	3	14	3	8	0	26	20	14	0	238
gi|48477982|ref|YP_023688.1|_3-319_1W0D:A:	1	12	4	12	0	31	20	21	0	336
gi|48477983|ref|YP_023689.1|_1-155_1V7L:A:	4	8	0	7	0	21	10	13	0	162
gi|48477984|ref|YP_023690.1|_3-412_1ACO:A:2-528	11	21	6	16	0	60	33	33	0	527
gi|48477985|ref|YP_023691.1|_25-302_1SR9:A:61-370	6	8	4	11	0	32	18	18	0	310
gi|48477986|ref|YP_023692.1|_31-114_1UB9:A:	0	3	0	6	0	7	4	3	0	100
gi|48477989|ref|YP_023695.1|_1-199_3D31:A:1-229	0	10	1	9	0	26	15	14	0	229
gi|48477990|ref|YP_023696.1|_5-141_1GPJ:A:1-143	0	4	0	6	0	10	6	12	0	143
gi|48477990|ref|YP_023696.1|_290-382_1GPJ:A:303-404	0	0	0	3	0	4	3	4	0	102
gi|48477990|ref|YP_023696.1|_157-272_1NPY:A:103-269	0	6	0	7	0	20	12	10	0	167
gi|48477991|ref|YP_023697.1|_159-315_1L9G:A:	0	6	4	8	0	21	12	7	0	191
gi|48477991|ref|YP_023697.1|_9-137_1XSA:A:	0	8	1	3	0	19	8	7	0	152
gi|48477993|ref|YP_023699.1|_143-218_1R7J:A:	1	2	0	4	0	6	1	4	0	90
gi|48477996|ref|YP_023702.1|_271-357_1B12:A:	5	17	5	1	0	32	10	16	0	247
gi|48477997|ref|YP_023703.1|_148-209_1ON2:A:2-62	0	2	0	3	0	3	3	3	0	61
gi|48478003|ref|YP_023709.1|_1-297_2FNA:A:1-283	0	7	3	11	0	23	13	17	0	283
gi|48478007|ref|YP_023713.1|_6-587_2B3Y:A:2-630	5	25	11	23	0	64	33	40	0	629
gi|48478007|ref|YP_023713.1|_593-832_2B3Y:A:631-889	5	11	3	9	0	33	17	19	0	259
gi|48478008|ref|YP_023714.1|_211-399_1R30:A:	5	9	1	11	0	35	25	12	0	312
gi|48478010|ref|YP_023716.1|_7-190_1XDY:A:	8	12	7	7	0	35	16	17	0	269
gi|48478011|ref|YP_023717.1|_7-112_1VJ2:A:	0	10	2	0	0	14	7	3	0	114
gi|48478013|ref|YP_023719.1|_44-373_1EXB:A:	4	10	6	13	1	24	21	17	0	326
gi|48478014|ref|YP_023720.1|_2-254_1V4N:A:	4	11	2	6	0	34	18	12	0	280
gi|48478015|ref|YP_023721.1|_2-403_2I7T:A:9-459	0	22	5	10	0	45	27	19	0	451
gi|48478016|ref|YP_023722.1|_6-205_1JCU:A:	0	10	0	6	0	31	23	6	0	208
gi|48478017|ref|YP_023723.1|_153-284_2FL4:A:1-146	0	6	1	4	0	14	5	10	0	146
gi|48478020|ref|YP_023726.1|_4-285_1DOZ:A:	4	8	2	12	0	25	12	13	0	309
gi|48478021|ref|YP_023727.1|_134-218_1WB1:A:180-271	6	5	1	0	0	22	10	2	0	92
gi|48478022|ref|YP_023728.1|_102-313_1GSO:A:104-327	3	9	1	7	0	21	8	11	0	224
gi|48478022|ref|YP_023728.1|_1-101_1GSO:A:2-103	3	6	0	2	0	11	7	5	0	99
gi|48478022|ref|YP_023728.1|_326-410_1VKZ:A:314-399	4	5	0	1	0	11	6	4	0	86
gi|48478023|ref|YP_023729.1|_2-77_1T6S:A:1-85	1	2	1	4	0	7	3	3	0	85
gi|48478023|ref|YP_023729.1|_78-147_2CG4:A:4-66	0	1	0	3	0	6	3	4	0	63
gi|48478025|ref|YP_023731.1|_10-250_1Z7W:A:3-322	3	10	10	10	0	31	16	21	0	320
gi|48478026|ref|YP_023732.1|_4-236_2DUB:A:	2	10	4	11	0	25	14	14	0	259
gi|48478027|ref|YP_023733.1|_11-189_1WSC:A:3-227	1	9	6	6	0	26	11	12	0	225
gi|48478028|ref|YP_023734.1|_2-139_1WWZ:A:1-157	0	7	2	5	0	9	3	8	0	157
gi|48478029|ref|YP_023735.1|_169-428_1VL6:A:155-376	3	6	2	9	0	28	19	15	0	222
gi|48478029|ref|YP_023735.1|_14-166_1VL6:A:1-154	2	5	3	8	0	17	11	6	0	154
gi|48478031|ref|YP_023737.1|_34-302_1TV8:A:	4	11	4	10	0	39	20	20	0	327
gi|48478032|ref|YP_023738.1|_2-250_1F89:A:	4	13	1	7	0	29	14	11	0	281
gi|48478033|ref|YP_023739.1|_11-284_1ZBM:A:2-261	0	11	5	11	0	24	18	13	0	260
gi|48478034|ref|YP_023740.1|_4-124_1J30:A:	2	0	0	5	0	8	3	6	0	141
gi|48478034|ref|YP_023740.1|_127-239_1DVB:A:1-147	0	0	0	5	0	6	3	6	0	147
gi|48478035|ref|YP_023741.1|_2-127_2B06:A:1-155	4	10	2	2	0	18	6	7	0	155
gi|48478036|ref|YP_023742.1|_113-498_1JQN:A:	3	8	5	38	0	62	30	39	0	880
gi|48478037|ref|YP_023743.1|_2-303_1TUG:A:1-150,A:151-310	5	9	6	10	0	36	22	16	1	310
gi|48478038|ref|YP_023744.1|_2-96_1PG5:B:11-104	0	5	0	2	0	8	2	7	0	94
gi|48478038|ref|YP_023744.1|_97-149_1D09:B:101-153	1	6	1	0	0	7	5	4	0	53
gi|48478039|ref|YP_023745.1|_1-205_2D13:A:2-227	2	9	2	6	0	25	8	13	0	226
gi|48478040|ref|YP_023746.1|_44-325_1QG8:A:	2	9	4	8	0	22	13	12	0	255
gi|48478041|ref|YP_023747.1|_89-214_3CTA:A:90-220	0	9	1	2	0	12	5	1	0	131
gi|48478041|ref|YP_023747.1|_23-80_3CTA:A:5-89	0	3	0	4	0	5	3	5	0	85
gi|48478042|ref|YP_023748.1|_4-114_1O4W:A:	0	5	0	6	0	10	3	5	0	125
gi|48478043|ref|YP_023749.1|_3-103_1NEE:A:1-98	1	3	0	4	0	10	9	4	0	98
gi|48478043|ref|YP_023749.1|_146-201_1YVC:A:1-69	0	6	0	0	0	12	5	6	0	69
gi|48478043|ref|YP_023749.1|_101-134_1K81:A:	0	3	0	0	0	4	2	2	0	36
gi|48478046|ref|YP_023752.1|_6-375_1PW4:A:	2	0	1	18	0	21	18	22	0	450
gi|48478047|ref|YP_023753.1|_1-120_2A3Q:A:22-134	0	0	1	5	0	10	6	3	0	113
gi|48478048|ref|YP_023754.1|_7-319_2HYD:A:1-323	0	0	1	15	1	9	5	12	0	323
gi|48478048|ref|YP_023754.1|_326-554_2HYD:A:324-578	2	10	5	9	0	25	21	16	0	255
gi|48478049|ref|YP_023755.1|_296-517_1MT0:A:	2	10	3	10	0	20	20	20	0	241
gi|48478049|ref|YP_023755.1|_2-289_2HYD:A:1-323	0	0	1	15	1	9	5	12	0	323
gi|48478051|ref|YP_023757.1|_62-130_1FX7:A:65-144	2	0	1	3	0	8	3	6	0	80
gi|48478051|ref|YP_023757.1|_4-92_1S3J:A:	0	3	0	6	0	8	6	5	0	143
gi|48478052|ref|YP_023758.1|_12-139_1VHM:A:	0	6	1	4	0	11	11	10	0	159
gi|48478053|ref|YP_023759.1|_135-356_1PV9:A:125-345	6	13	2	4	0	27	12	10	0	221
gi|48478053|ref|YP_023759.1|_12-130_1KP0:A:1-156	1	7	1	6	0	18	12	8	0	156
gi|48478054|ref|YP_023760.1|_24-171,208-220_1ZT2:B:3-209	0	4	3	10	0	17	8	10	0	207
gi|48478055|ref|YP_023761.1|_2-83_1LNG:A:	2	3	2	2	0	13	5	8	0	87
gi|48478058|ref|YP_023764.1|_6-238_1XNG:A:3-257	1	6	2	12	0	23	10	12	0	255
gi|48478060|ref|YP_023766.1|_5-191_1J1I:A:	2	8	1	11	0	24	18	11	0	268
gi|48478061|ref|YP_023767.1|_9-215_1UI0:A:	2	6	3	9	0	21	15	9	0	192
gi|48478062|ref|YP_023768.1|_3-231_1AE1:A:	2	7	4	8	0	23	13	14	0	258
gi|48478064|ref|YP_023770.1|_2-145_1BYR:A:	2	8	0	5	0	13	9	7	0	152
gi|48478064|ref|YP_023770.1|_156-286_1XDP:A:315-501	2	8	2	5	0	21	8	14	0	187
gi|48478065|ref|YP_023771.1|_1-244_1VE2:A:1-235	6	10	3	7	0	22	19	15	0	235
gi|48478066|ref|YP_023772.1|_150-312_1GUZ:A:143-305	0	8	4	6	0	12	4	6	0	163
gi|48478066|ref|YP_023772.1|_3-150_1GV0:A:1-142	0	6	2	5	0	15	9	6	0	142
gi|48478067|ref|YP_023773.1|_2-244,347-414_1NEK:A:1-235,A:356-450	7	17	3	8	0	41	22	15	1	330
gi|48478067|ref|YP_023773.1|_428-560_1NEK:A:451-588	2	4	1	3	0	16	10	4	0	138
gi|48478067|ref|YP_023773.1|_227-343_1NEK:A:236-355	2	4	1	5	0	14	7	9	0	120
gi|48478068|ref|YP_023774.1|_109-232_1KF6:B:106-243	0	0	3	8	0	15	4	9	0	138
gi|48478068|ref|YP_023774.1|_5-107_1KF6:B:1-105	2	7	2	1	0	15	3	8	0	105
gi|48478071|ref|YP_023777.1|_11-286_1B0P:A:786-1232	9	8	4	17	0	46	33	30	0	447
gi|48478072|ref|YP_023778.1|_232-497_1B0P:A:2-258	2	11	0	10	0	22	13	9	0	257
gi|48478072|ref|YP_023778.1|_511-620_1DTW:B:205-342	1	5	0	5	0	15	9	7	0	138
gi|48478072|ref|YP_023778.1|_6-254_1B0P:A:416-668	2	6	4	9	0	29	21	11	0	253
gi|48478074|ref|YP_023780.1|_121-283_1OI7:A:122-288	1	6	1	5	0	17	10	5	0	167
gi|48478074|ref|YP_023780.1|_2-120_1OI7:A:1-121	0	7	0	4	0	13	8	8	0	121
gi|48478075|ref|YP_023781.1|_1-214_2SCU:B:1-238	1	12	3	7	0	24	11	11	0	238
gi|48478075|ref|YP_023781.1|_223-364_2SCU:B:239-385	1	6	0	6	0	15	10	5	0	147
gi|48478076|ref|YP_023782.1|_115-383_1YTD:A:120-389	0	14	4	10	0	30	14	14	0	270
gi|48478076|ref|YP_023782.1|_2-118_1YTD:A:1-119	2	5	2	5	0	15	7	4	0	119
gi|48478080|ref|YP_023786.1|_10-114_1FXK:A:	0	2	0	2	0	5	1	3	0	107
gi|48478082|ref|YP_023788.1|_2-133_1COZ:A:	1	5	2	5	0	12	6	10	0	126
gi|48478083|ref|YP_023789.1|_2-158_1RLH:A:	0	9	1	3	0	16	11	8	0	172
gi|48478084|ref|YP_023790.1|_23-381_1GOX:A:	4	12	5	13	0	39	21	21	0	359
gi|48478085|ref|YP_023791.1|_2-178_2QMW:A:1-184	1	10	1	6	0	20	19	9	0	184
gi|48478085|ref|YP_023791.1|_175-259_2QMW:A:185-264	0	4	0	2	0	7	4	4	0	80
gi|48478086|ref|YP_023792.1|_5-334_1TV8:A:	4	11	4	10	0	39	20	20	0	327
gi|48478088|ref|YP_023794.1|_1-87_2RAQ:A:3-95	0	4	0	2	0	11	7	2	0	93
gi|48478089|ref|YP_023795.1|_28-127_2COB:A:8-70	0	0	0	3	0	6	5	3	0	63
gi|48478090|ref|YP_023796.1|_148-405_1KV9:A:1-560	8	39	7	5	0	72	35	35	0	560
gi|48478090|ref|YP_023796.1|_381-525_1KV9:A:1-560	8	39	7	5	0	72	35	35	0	560
gi|48478091|ref|YP_023797.1|_21-389_1PW4:A:	2	0	1	18	0	21	18	22	0	450
gi|48478092|ref|YP_023798.1|_195-354_1UI0:A:	2	6	3	9	0	21	15	9	0	192
gi|48478092|ref|YP_023798.1|_47-175_1KTG:A:	0	7	1	3	0	10	3	5	0	137
gi|48478093|ref|YP_023799.1|_392-643_2DUB:A:	2	10	4	11	0	25	14	14	0	259
gi|48478093|ref|YP_023799.1|_1-185_1F0Y:A:12-203	0	8	1	7	0	22	12	11	0	192
gi|48478093|ref|YP_023799.1|_186-298_3HDH:A:204-302	3	0	1	5	0	8	3	5	0	99
gi|48478093|ref|YP_023799.1|_302-370_3HDH:A:204-302	3	0	1	5	0	8	3	5	0	99
gi|48478094|ref|YP_023800.1|_5-523_1V25:A:	8	24	4	16	0	59	31	33	0	534
gi|48478095|ref|YP_023801.1|_1-269_1ULQ:A:3-275	4	10	3	8	0	29	17	14	0	273
gi|48478095|ref|YP_023801.1|_273-394_1ULQ:A:276-400	2	4	2	4	0	11	5	8	0	125
gi|48478096|ref|YP_023802.1|_3-224_1BUC:A:1-232	3	8	5	8	0	22	12	17	0	232
gi|48478096|ref|YP_023802.1|_211-356_1JQI:A:235-387	3	0	3	5	0	5	4	4	0	153
gi|48478097|ref|YP_023803.1|_187-290_1UKW:A:259-410	2	0	3	5	0	5	5	4	0	152
gi|48478097|ref|YP_023803.1|_3-89_1BUC:A:1-232	3	8	5	8	0	22	12	17	0	232
gi|48478098|ref|YP_023804.1|_5-281_1W3I:A:	3	8	3	12	0	32	17	12	0	293
gi|48478102|ref|YP_023808.1|_21-258_1G29:1:1-240	1	11	4	8	0	20	15	14	0	240
gi|48478103|ref|YP_023809.1|_323-515_3DHW:A:6-208	0	0	1	9	0	11	7	9	0	203
gi|48478103|ref|YP_023809.1|_7-199_2ONK:C:1-252	0	0	1	12	0	13	9	9	0	252
gi|48478105|ref|YP_023811.1|_5-243_1G29:1:1-240	1	11	4	8	0	20	15	14	0	240
gi|48478106|ref|YP_023812.1|_5-267_3D31:C:13-260	0	0	2	12	0	11	6	13	0	248
gi|48478107|ref|YP_023813.1|_43-265_2R6G:F:261-504	2	0	3	12	0	16	15	16	0	244
gi|48478108|ref|YP_023814.1|_123-364_1EU8:A:	9	13	3	18	0	37	19	31	0	407
gi|48478108|ref|YP_023814.1|_15-107_1Y4T:A:	4	10	4	14	0	30	16	16	0	317
gi|48478109|ref|YP_023815.1|_12-261_2PW9:A:7-257	4	12	3	7	0	20	11	9	0	251
gi|48478111|ref|YP_023817.1|_251-823_2IV2:X:1-564	10	22	7	22	0	67	42	29	0	564
gi|48478111|ref|YP_023817.1|_790-934_2NAP:A:601-723	3	6	3	1	0	20	9	9	0	123
gi|48478111|ref|YP_023817.1|_1-124_1FEH:A:1-126	4	5	1	3	0	15	6	10	0	126
gi|48478111|ref|YP_023817.1|_129-214_1FEH:A:127-209	0	5	3	2	0	8	7	5	0	83
gi|48478112|ref|YP_023818.1|_3-369_1V7C:A:	3	11	6	14	0	34	24	19	0	351
gi|48478113|ref|YP_023819.1|_4-132_1S3J:A:	0	3	0	6	0	8	6	5	0	143
gi|48478114|ref|YP_023820.1|_5-202,258-434_1PV7:A:	0	0	2	22	0	18	12	14	0	417
gi|48478115|ref|YP_023821.1|_3-64_1VLJ:A:	1	9	9	14	0	31	22	17	0	406
gi|48478116|ref|YP_023822.1|_12-128_1ZTC:A:1-207	3	13	6	5	0	25	10	9	0	207
gi|48478117|ref|YP_023823.1|_2-214_1DIQ:A:7-242	4	11	2	6	0	33	17	19	0	236
gi|48478117|ref|YP_023823.1|_220-462_1F0X:A:274-567	2	7	0	9	0	22	13	11	0	294
gi|48478118|ref|YP_023824.1|_4-88_1NEK:B:107-238	0	0	0	8	0	16	6	9	0	132
gi|48478119|ref|YP_023825.1|_3-234_1CT9:A:193-516	0	5	6	17	0	28	12	15	0	324
gi|48478120|ref|YP_023826.1|_85-266_1XHC:A:104-225	1	10	1	3	0	13	8	5	0	122
gi|48478122|ref|YP_023828.1|_311-502,535-663,702-724_1GT9:1:	7	17	5	9	0	41	25	20	0	357
gi|48478122|ref|YP_023828.1|_69-230_1T1E:A:12-190	2	11	1	4	0	23	7	12	0	179
gi|48478123|ref|YP_023829.1|_63-277_1I7O:A:214-429	6	15	5	3	0	34	15	10	0	216
gi|48478124|ref|YP_023830.1|_23-111_1YYV:A:9-122	0	3	1	5	0	9	4	6	0	114
gi|48478125|ref|YP_023831.1|_37-357_1EI6:A:	8	19	7	15	0	50	30	24	0	406
gi|48478126|ref|YP_023832.1|_7-634_1DMT:A:	5	11	11	32	0	60	31	37	0	696
gi|48478127|ref|YP_023833.1|_111-238_1I1G:A:2-61	0	0	1	3	0	5	4	4	0	60
gi|48478127|ref|YP_023833.1|_1-57_2CFX:A:1-63	0	1	1	3	0	6	2	4	0	63
gi|48478128|ref|YP_023834.1|_2-75_1VJK:A:	5	4	1	2	0	13	5	6	0	97
gi|48478129|ref|YP_023835.1|_9-287_1TV8:A:	4	11	4	10	0	39	20	20	0	327
gi|48478130|ref|YP_023836.1|_18-433_1PV7:A:	0	0	2	22	0	18	12	14	0	417
gi|48478131|ref|YP_023837.1|_3-135_1FM0:E:	0	8	0	4	0	13	4	5	0	149
gi|48478132|ref|YP_023838.1|_5-156_1Y5E:A:12-166	0	6	1	6	0	14	7	8	0	155
gi|48478133|ref|YP_023839.1|_1-139_1EKR:A:	1	4	2	4	0	11	5	6	0	146
gi|48478134|ref|YP_023840.1|_168-424_1DNP:A:201-469	0	0	5	14	0	25	15	19	0	269
gi|48478134|ref|YP_023840.1|_2-163_1OWL:A:3-204	0	5	2	7	0	23	14	9	0	202
gi|48478135|ref|YP_023841.1|_78-208_1TV8:A:	4	11	4	10	0	39	20	20	0	327
gi|48478136|ref|YP_023842.1|_8-143_2A0S:A:18-180	0	11	1	3	0	15	6	7	0	163
gi|48478138|ref|YP_023844.1|_7-266_1QTW:A:	4	9	5	9	0	34	16	15	0	285
gi|48478139|ref|YP_023845.1|_2-103_2ETH:A:1-140	2	2	0	7	0	10	5	5	0	140
gi|48478140|ref|YP_023846.1|_84-185_1QAM:A:	2	7	5	9	0	25	14	12	0	235
gi|48478141|ref|YP_023847.1|_3-110_1P8C:F:	0	0	1	6	0	8	3	4	0	115
gi|48478142|ref|YP_023848.1|_3-167_1DEH:A:1-162,A:339-374	2	12	2	3	0	25	17	14	1	198
gi|48478142|ref|YP_023848.1|_184-319_1O89:A:116-292	0	6	3	7	0	15	11	6	0	177
gi|48478143|ref|YP_023849.1|_118-268_1B0A:A:123-288	2	7	0	6	0	25	12	10	0	166
gi|48478143|ref|YP_023849.1|_2-116_1A4I:A:2-126	1	4	1	4	0	14	5	6	0	125
gi|48478145|ref|YP_023851.1|_3-181_1NP3:A:1-182	0	9	2	9	0	24	9	11	0	182
gi|48478145|ref|YP_023851.1|_182-323_1NP3:A:183-327	0	0	0	9	0	5	4	7	0	145
gi|48478147|ref|YP_023853.1|_365-561_1N0H:A:461-687	4	6	2	9	0	27	15	11	0	227
gi|48478147|ref|YP_023853.1|_2-171_1YBH:A:86-280	0	8	4	9	0	19	7	8	0	195
gi|48478147|ref|YP_023853.1|_186-368_1YBH:A:281-459	0	6	2	7	0	16	14	9	0	179
gi|48478148|ref|YP_023854.1|_4-221_1Q0S:A:	4	7	4	8	0	31	12	14	0	259
gi|48478149|ref|YP_023855.1|_1-182_1G2I:A:	2	11	4	6	0	20	6	10	0	166
gi|48478150|ref|YP_023856.1|_1-368_1QRR:A:	4	14	5	12	0	39	22	16	0	390
gi|48478151|ref|YP_023857.1|_1-228_1G97:A:2-251	0	11	6	9	0	26	13	15	0	250
gi|48478153|ref|YP_023859.1|_3-206,258-436,518-548_1PW4:A:	2	0	1	18	0	21	18	22	0	450
gi|48478155|ref|YP_023861.1|_17-306_1LC5:A:	0	13	7	12	0	38	19	26	0	355
gi|48478156|ref|YP_023862.1|_14-426_1PW4:A:	2	0	1	18	0	21	18	22	0	450
gi|48478157|ref|YP_023863.1|_34-96,341-355_3BE7:A:3-56,A:360-400	1	8	1	0	0	10	5	6	1	93
gi|48478157|ref|YP_023863.1|_96-337_2OOD:A:73-397	4	10	4	15	0	31	12	22	0	325
gi|48478158|ref|YP_023864.1|_4-183,349-434_1Q7L:A:,B:	3	10	4	8	0	31	16	18	1	280
gi|48478159|ref|YP_023865.1|_2-115_1J3M:A:	0	5	2	5	0	10	3	2	0	127
gi|48478160|ref|YP_023866.1|_45-380_1URS:A:	2	15	4	17	0	35	18	24	0	367
gi|48478163|ref|YP_023869.1|_4-202,265-289_1XGS:A:1-194,A:272-295	7	13	0	4	0	29	8	16	1	218
gi|48478163|ref|YP_023869.1|_199-266_1XGS:A:195-271	0	3	1	2	0	4	6	4	0	77
gi|48478164|ref|YP_023870.1|_1-211_1SU1:A:	4	11	1	3	0	23	10	12	0	184
gi|48478165|ref|YP_023871.1|_105-162_1SUW:A:	3	16	3	5	0	25	14	15	0	249
gi|48478166|ref|YP_023872.1|_111-283_1ZC6:A:122-292	0	4	1	9	0	14	12	11	0	171
gi|48478166|ref|YP_023872.1|_2-102_1ZC6:A:8-121	0	5	2	3	0	10	5	5	0	114
gi|48478167|ref|YP_023873.1|_6-125_1XMA:A:	0	3	1	4	0	6	3	4	0	103
gi|48478168|ref|YP_023874.1|_4-226_1VPL:A:	2	10	2	9	0	18	9	15	0	238
gi|48478170|ref|YP_023876.1|_26-164_3D03:A:1-271	8	13	4	6	0	39	23	13	0	274
gi|48478171|ref|YP_023877.1|_30-159,215-291_1PV1:A:	4	9	3	10	0	32	19	22	0	299
gi|48478172|ref|YP_023878.1|_6-179,302-377_1LFW:A:1-186,A:383-468	2	14	2	7	0	28	18	15	1	272
gi|48478172|ref|YP_023878.1|_182-293_1VGY:A:181-293	2	6	1	2	0	14	4	4	0	113
gi|48478173|ref|YP_023879.1|_4-184_4TMK:A:	0	5	0	9	0	16	8	12	0	210
gi|48478174|ref|YP_023880.1|_47-384_1E5E:A:	2	12	2	15	1	40	22	28	0	394
gi|48478175|ref|YP_023881.1|_1-113_1RLK:A:	1	4	0	4	0	9	4	4	0	116
gi|48478177|ref|YP_023883.1|_66-188_1PVM:A:1-142	6	6	4	5	0	14	7	11	0	142
gi|48478177|ref|YP_023883.1|_4-60_2B5A:A:1-77	1	0	0	5	0	7	1	4	0	77
gi|48478178|ref|YP_023884.1|_1-283_1ION:A:	0	8	2	11	0	24	19	13	0	243
gi|48478180|ref|YP_023886.1|_1-196_2HSZ:A:1-224	1	8	4	8	0	23	14	13	0	224
gi|48478181|ref|YP_023887.1|_2-377_1J32:A:	5	12	5	14	0	43	14	24	0	388
gi|48478182|ref|YP_023888.1|_5-166_2P4W:A:1-194	2	5	0	8	0	12	7	8	0	197
gi|48478183|ref|YP_023889.1|_15-239_1G6H:A:	2	11	5	9	0	21	16	17	0	254
gi|48478184|ref|YP_023890.1|_46-474_1VH4:A:	0	20	1	8	0	48	17	22	0	413
gi|48478185|ref|YP_023891.1|_4-397_1VH4:A:	0	20	1	8	0	48	17	22	0	413
gi|48478186|ref|YP_023892.1|_4-215,251-384_1ATI:A:1-394	3	18	6	9	0	33	19	17	0	394
gi|48478186|ref|YP_023892.1|_369-474_1ATI:A:395-505	0	5	1	4	0	14	8	6	0	111
gi|48478187|ref|YP_023893.1|_107-279_2YZQ:A:123-278	7	5	5	3	0	12	9	8	0	156
gi|48478187|ref|YP_023893.1|_3-117_2YZQ:A:1-122	3	7	1	3	0	11	9	5	0	122
gi|48478188|ref|YP_023894.1|_88-263_1PSD:A:108-295	4	7	2	6	0	25	15	12	0	188
gi|48478188|ref|YP_023894.1|_10-103_1QP8:A:1-82,A:264-302	4	4	1	3	0	20	11	8	1	121
gi|48478190|ref|YP_023896.1|_1-216_1VJN:A:	2	14	1	3	0	24	15	9	0	219
gi|48478191|ref|YP_023897.1|_3-172_1FFV:C:1-177	2	10	4	7	0	18	8	15	0	177
gi|48478191|ref|YP_023897.1|_180-284_1FFV:C:178-287	4	4	0	3	0	9	5	7	0	110
gi|48478192|ref|YP_023898.1|_3-78_1FFV:A:3-81	2	5	3	1	0	9	6	8	0	79
gi|48478192|ref|YP_023898.1|_80-148_1FFV:A:82-157	2	0	0	4	0	8	5	4	0	76
gi|48478193|ref|YP_023899.1|_111-676_1N62:B:147-809	9	30	7	14	0	73	39	36	0	663
gi|48478193|ref|YP_023899.1|_4-134_1FFV:B:7-146	0	8	2	6	0	17	9	8	0	140
gi|48478194|ref|YP_023900.1|_6-282_1XM8:A:	1	14	3	9	0	25	7	18	0	253
gi|48478196|ref|YP_023902.1|_1-239_1XM8:A:	1	14	3	9	0	25	7	18	0	253
gi|48478198|ref|YP_023904.1|_4-408_1PW4:A:	2	0	1	18	0	21	18	22	0	450
gi|48478200|ref|YP_023906.1|_3-79,114-258_1DIN:A:	2	9	3	6	0	26	12	19	0	233
gi|48478205|ref|YP_023911.1|_46-234_1JM1:A:	4	14	3	2	0	26	15	13	0	202
gi|48478206|ref|YP_023912.1|_20-264_1VF5:A:	1	0	2	9	0	11	13	10	0	202
gi|48478206|ref|YP_023912.1|_231-359_2E74:B:1-160	3	1	2	6	0	15	10	8	0	160
gi|48478210|ref|YP_023916.1|_15-328_1MOQ:A:	1	12	7	13	0	28	17	19	0	366
gi|48478212|ref|YP_023918.1|_11-182_1QZU:A:	0	5	3	8	0	18	11	11	0	181
gi|48478212|ref|YP_023918.1|_186-391_1U7Z:A:	2	12	1	5	0	19	15	8	0	223
gi|48478213|ref|YP_023919.1|_9-229_1J1I:A:	2	8	1	11	0	24	18	11	0	268
gi|48478214|ref|YP_023920.1|_7-230_2C2L:A:24-224	0	0	1	10	0	12	7	11	0	201
gi|48478215|ref|YP_023921.1|_4-116,215-408_1QAX:A:4-110,A:221-428	1	8	0	16	0	25	16	12	1	315
gi|48478215|ref|YP_023921.1|_108-210_1QAX:A:111-220	0	4	0	4	0	11	4	5	0	110
gi|48478216|ref|YP_023922.1|_4-382_1PV7:A:	0	0	2	22	0	18	12	14	0	417
gi|48478217|ref|YP_023923.1|_11-394_1PV7:A:	0	0	2	22	0	18	12	14	0	417
gi|48478219|ref|YP_023925.1|_1-151_3CUM:A:1-162	0	9	0	8	0	19	11	8	0	162
gi|48478219|ref|YP_023925.1|_157-279_1VPD:A:164-296	2	0	1	6	0	6	4	9	0	133
gi|48478220|ref|YP_023926.1|_63-137_1FX7:A:65-144	2	0	1	3	0	8	3	6	0	80
gi|48478220|ref|YP_023926.1|_5-56_1B1B:A:1-64	0	2	0	3	0	6	1	5	0	64
gi|48478221|ref|YP_023927.1|_3-280_1J1L:A:	3	26	3	1	0	39	19	20	0	288
gi|48478222|ref|YP_023928.1|_6-101_2HZT:A:4-98	1	2	1	5	0	9	4	6	0	95
gi|48478223|ref|YP_023929.1|_1-170_1RJW:A:1-137,A:306-339	5	11	3	3	0	24	12	10	1	171
gi|48478223|ref|YP_023929.1|_149-303_1RJW:A:138-305	0	7	1	8	0	16	10	9	0	168
gi|48478224|ref|YP_023930.1|_1-330_1EXB:A:	4	10	6	13	1	24	21	17	0	326
gi|48478225|ref|YP_023931.1|_8-444_1PW4:A:	2	0	1	18	0	21	18	22	0	450
gi|48478226|ref|YP_023932.1|_26-193_1J31:A:	1	16	2	7	0	32	15	15	0	262
gi|48478227|ref|YP_023933.1|_2-235_1K1S:A:1-239	2	8	3	10	0	22	10	15	0	239
gi|48478227|ref|YP_023933.1|_236-336_1K1S:A:240-344	1	6	0	2	0	10	5	3	0	105
gi|48478228|ref|YP_023934.1|_6-451_1KPL:A:	5	0	5	18	0	23	12	15	0	430
gi|48478228|ref|YP_023934.1|_462-581_1ZFJ:A:95-220	6	5	0	4	0	15	10	9	0	126
gi|48478231|ref|YP_023937.1|_1-329_1EXB:A:	4	10	6	13	1	24	21	17	0	326
gi|48478232|ref|YP_023938.1|_1-124_1Q9U:A:	0	5	1	5	0	12	4	5	0	128
gi|48478233|ref|YP_023939.1|_133-436_1G6O:A:	2	13	3	9	0	31	22	19	0	323
gi|48478233|ref|YP_023939.1|_2-127_1O4W:A:	0	5	0	6	0	10	3	5	0	125
gi|48478233|ref|YP_023939.1|_471-519_1HH2:P:277-344	0	3	1	3	0	6	5	3	0	68
gi|48478236|ref|YP_023942.1|_13-100_1GH8:A:	0	5	1	2	0	9	7	2	0	89
gi|48478237|ref|YP_023943.1|_41-302_1QG8:A:	2	9	4	8	0	22	13	12	0	255
gi|48478238|ref|YP_023944.1|_2-174_1K2Y:X:5-154	5	7	1	4	0	15	5	10	0	150
gi|48478238|ref|YP_023944.1|_149-253_1K2Y:X:155-258	0	5	2	3	0	14	9	8	0	104
gi|48478238|ref|YP_023944.1|_254-358_1K2Y:X:259-367	1	4	0	5	0	13	9	8	0	109
gi|48478238|ref|YP_023944.1|_350-442_1WJW:A:	0	3	0	2	0	7	8	3	0	111
gi|48478240|ref|YP_023946.1|_45-279,314-366_1QG8:A:	2	9	4	8	0	22	13	12	0	255
gi|48478241|ref|YP_023947.1|_10-393_1PV7:A:	0	0	2	22	0	18	12	14	0	417
gi|48478242|ref|YP_023948.1|_6-425_1WYU:A:1-437	7	13	8	13	0	46	28	24	0	437
gi|48478243|ref|YP_023949.1|_29-465_1WYU:B:2-472	8	12	4	15	0	59	32	31	0	473
gi|48478244|ref|YP_023950.1|_41-136_1S7B:A:	0	0	0	4	0	10	7	3	0	109
gi|48478244|ref|YP_023950.1|_219-290_1S7B:A:	0	0	0	4	0	10	7	3	0	109
gi|48478246|ref|YP_023952.1|_1-109_1Q90:C:	5	10	1	1	0	23	9	8	0	127
gi|48478247|ref|YP_023953.1|_22-588_1PG4:A:	11	30	5	21	0	71	40	44	0	643
gi|48478248|ref|YP_023954.1|_10-144_2A61:A:5-143	1	2	0	7	0	7	1	6	0	139
gi|48478249|ref|YP_023955.1|_104-277_1LPF:A:159-277	1	9	0	3	0	16	8	8	0	119
gi|48478249|ref|YP_023955.1|_3-157_1LPF:A:159-277	1	9	0	3	0	16	8	8	0	119
gi|48478250|ref|YP_023956.1|_47-144,210-640_1DPE:A:	3	19	4	19	0	53	36	33	0	507
gi|48478251|ref|YP_023957.1|_5-101_1TQ1:A:	2	5	0	5	0	13	8	7	0	119
gi|48478252|ref|YP_023958.1|_4-361_1PV7:A:	0	0	2	22	0	18	12	14	0	417
gi|48478253|ref|YP_023959.1|_14-109_2A61:A:5-143	1	2	0	7	0	7	1	6	0	139
gi|48478257|ref|YP_023963.1|_2-473_2I3O:A:1-516	10	19	5	16	0	53	27	30	0	516
gi|48478258|ref|YP_023964.1|_143-417_1TV8:A:	4	11	4	10	0	39	20	20	0	327
gi|48478259|ref|YP_023965.1|_10-139_2GNR:A:8-144	1	11	1	2	0	19	6	6	0	137
gi|48478260|ref|YP_023966.1|_3-226_1QFL:A:269-392	2	4	3	4	0	10	4	5	0	124
gi|48478260|ref|YP_023966.1|_274-411_1QFL:A:269-392	2	4	3	4	0	10	4	5	0	124
gi|48478261|ref|YP_023967.1|_4-229_1IVH:A:6-241	3	8	6	7	0	20	10	16	0	236
gi|48478261|ref|YP_023967.1|_217-371_1IVH:A:242-392	1	2	2	6	0	5	3	8	0	151
gi|48478262|ref|YP_023968.1|_1-133_1JW3:A:	1	7	0	2	0	14	8	4	0	140
gi|48478263|ref|YP_023969.1|_5-196,413-652_1H3N:A:1-225,A:418-686	9	23	6	18	0	52	29	25	1	494
gi|48478263|ref|YP_023969.1|_213-408_1H3N:A:226-417	2	9	3	5	0	22	15	12	0	192
gi|48478263|ref|YP_023969.1|_670-866_1H3N:A:687-814	0	0	2	6	0	9	4	4	0	128
gi|48478264|ref|YP_023970.1|_2-165_1N13:A:,B:	3	8	0	2	0	18	8	7	1	158
gi|48478265|ref|YP_023971.1|_6-134,205-270_2GQF:A:1-194,A:343-401	3	16	5	7	0	31	16	16	1	253
gi|48478266|ref|YP_023972.1|_11-205_2P6R:A:1-202	1	7	2	7	0	20	9	10	0	202
gi|48478266|ref|YP_023972.1|_41-98,272-381_1S2M:A:252-422	2	7	3	5	0	19	12	8	0	171
gi|48478267|ref|YP_023973.1|_15-144,403-522_1A6D:B:20-144,B:404-521	0	8	0	10	0	16	4	15	1	243
gi|48478267|ref|YP_023973.1|_210-376_1A6D:B:216-367	2	8	2	3	0	15	12	6	0	152
gi|48478267|ref|YP_023973.1|_146-214,366-402_1A6D:B:145-215,B:368-403	0	5	3	3	0	7	6	2	1	107
gi|48478268|ref|YP_023974.1|_75-277_1TV8:A:	4	11	4	10	0	39	20	20	0	327
gi|48478270|ref|YP_023976.1|_1-293_1F48:A:1-296	0	8	6	11	0	31	20	16	0	296
gi|48478270|ref|YP_023976.1|_314-385_1SHS:A:	2	10	3	0	0	16	4	4	0	115
gi|48478271|ref|YP_023977.1|_1-321_1RTR:A:	0	2	1	13	0	16	12	13	0	290
gi|48478272|ref|YP_023978.1|_1-90_1NFJ:A:	2	4	0	2	0	9	2	5	0	87
gi|48478273|ref|YP_023979.1|_1-53_1I1G:A:2-61	0	0	1	3	0	5	4	4	0	60
gi|48478273|ref|YP_023979.1|_58-129_1RI7:A:85-170	0	4	0	2	0	8	5	5	0	86
gi|48478275|ref|YP_023981.1|_2-194_1XM8:A:	1	14	3	9	0	25	7	18	0	253
gi|48478276|ref|YP_023982.1|_1-72_1GTD:A:	0	3	0	2	0	8	2	4	0	82
gi|48478277|ref|YP_023983.1|_404-579_1VK3:A:346-507	1	8	2	4	0	17	5	8	0	162
gi|48478277|ref|YP_023983.1|_41-207_1VK3:A:2-166	1	5	1	7	0	13	8	10	0	165
gi|48478277|ref|YP_023983.1|_210-430_1VK3:A:167-345	2	7	3	5	0	16	10	7	0	179
gi|48478277|ref|YP_023983.1|_581-737_1T3T:A:817-1033	1	7	3	8	0	18	12	12	0	217
gi|48478281|ref|YP_023987.1|_2-429_1GZ5:A:	6	16	7	18	0	41	25	25	0	456
gi|48478282|ref|YP_023988.1|_26-239_1U02:A:	2	12	3	8	0	20	15	13	0	238
gi|48478283|ref|YP_023989.1|_83-141_1X57:A:8-85	2	0	0	4	0	8	5	5	0	78
gi|48478284|ref|YP_023990.1|_22-210_1NT2:A:	0	12	2	6	0	21	11	14	0	209
gi|48478286|ref|YP_023992.1|_109-418_1B8A:A:104-438	6	13	4	11	0	30	23	16	0	335
gi|48478286|ref|YP_023992.1|_12-94_1B8A:A:1-103	1	5	3	1	0	10	5	7	0	103
gi|48478287|ref|YP_023993.1|_10-186_1Y7O:A:2-193	3	8	0	7	0	19	7	8	0	192
gi|48478287|ref|YP_023993.1|_351-417_2EXD:A:72-143	0	5	0	0	0	10	2	5	0	72
gi|48478288|ref|YP_023994.1|_7-285_1Z05:A:209-405	5	5	1	8	0	19	13	14	0	197
gi|48478289|ref|YP_023995.1|_15-250_1LTL:A:	2	10	4	5	0	24	9	12	0	239
gi|48478289|ref|YP_023995.1|_291-601_1G8P:A:	2	11	8	13	0	37	15	10	0	333
gi|48478291|ref|YP_023997.1|_15-155_1FJG:M:	2	0	2	6	0	13	11	6	0	125
gi|48478292|ref|YP_023998.1|_9-163_1C06:A:	0	5	1	7	0	16	11	9	0	159
gi|48478293|ref|YP_023999.1|_2-125_2QAL:K:12-128	0	5	1	3	0	11	7	6	0	117
gi|48478294|ref|YP_024000.1|_3-41,190-270_1I50:C:3-41,C:173-268	2	3	1	3	0	17	12	4	1	135
gi|48478294|ref|YP_024000.1|_36-163_1I50:C:42-172	0	8	3	1	0	20	8	7	0	131
gi|48478296|ref|YP_024002.1|_1-201_1J1I:A:	2	8	1	11	0	24	18	11	0	268
gi|48478298|ref|YP_024004.1|_34-298_1TZB:A:	0	11	5	10	0	26	15	10	0	301
gi|48478299|ref|YP_024005.1|_115-245_1FCD:A:115-255	0	7	1	3	0	19	14	9	0	141
gi|48478299|ref|YP_024005.1|_1-147_1FCD:A:1-114,A:256-327	2	14	1	5	0	23	16	13	1	186
gi|48478301|ref|YP_024007.1|_259-393_1CK4:A:	0	6	3	8	0	16	12	11	0	193
gi|48478302|ref|YP_024008.1|_5-193,231-283_1OFH:A:	0	9	5	14	0	31	16	15	0	309
gi|48478303|ref|YP_024009.1|_133-198_2OAU:A:113-179	0	5	0	2	0	7	5	3	0	67
gi|48478303|ref|YP_024009.1|_53-130_2OAU:A:27-112	0	0	0	3	0	3	0	1	0	86
gi|48478304|ref|YP_024010.1|_151-435_1SET:A:111-421	3	16	5	9	0	33	20	19	0	311
gi|48478304|ref|YP_024010.1|_1-113_1SET:A:1-110	0	0	1	4	0	6	1	3	0	110
gi|48478305|ref|YP_024011.1|_4-234_2DEK:A:1-265	7	12	5	10	0	28	14	14	0	265
gi|48478306|ref|YP_024012.1|_131-399_1E9I:A:140-430	4	12	5	8	0	30	19	15	0	291
gi|48478306|ref|YP_024012.1|_5-129_1E9I:A:1-139	4	4	1	5	0	16	9	9	0	139
gi|48478307|ref|YP_024013.1|_436-614_1XHK:A:	5	9	2	4	0	19	12	7	0	185
gi|48478307|ref|YP_024013.1|_26-98,199-408_1G8P:A:	2	11	8	13	0	37	15	10	0	333
gi|48478308|ref|YP_024014.1|_7-127_1ZD0:A:9-144	1	4	0	6	0	10	6	5	0	138
gi|48478309|ref|YP_024015.1|_4-273_2FV7:A:15-322	0	14	5	10	0	34	19	14	0	308
gi|48478310|ref|YP_024016.1|_163-575_2AFA:A:4-415	14	13	4	13	1	44	17	28	0	411
gi|48478311|ref|YP_024017.1|_1-373_2BIS:A:1-437	4	17	6	16	0	48	27	24	0	437
gi|48478312|ref|YP_024018.1|_5-336_1K1X:A:1-310	5	9	5	14	0	33	8	22	0	310
gi|48478313|ref|YP_024019.1|_251-622,653-728_1PEQ:A:175-699	5	17	4	21	0	59	31	26	0	525
gi|48478313|ref|YP_024019.1|_11-157_1RLR:A:10-221	2	1	1	11	0	20	13	16	0	212
gi|48478313|ref|YP_024019.1|_219-250_1PEQ:A:13-174	5	1	1	10	0	14	10	10	0	162
gi|48478314|ref|YP_024020.1|_7-183_1QD1:A:2-180	3	7	3	5	0	17	13	8	0	179
gi|48478314|ref|YP_024020.1|_186-287_1QD1:A:181-326	2	4	0	6	0	11	7	7	0	146
gi|48478315|ref|YP_024021.1|_1-187_1O5H:A:	1	0	3	6	0	8	4	6	0	200
gi|48478316|ref|YP_024022.1|_3-533_1EG7:A:	4	25	8	18	0	59	33	37	0	549
gi|48478317|ref|YP_024023.1|_3-578_1QHH:A:,B:,C:,D:	6	16	12	26	0	53	23	34	3	623
gi|48478317|ref|YP_024023.1|_651-816_1W36:B:899-1174	5	5	5	9	0	31	23	9	0	276
gi|48478320|ref|YP_024026.1|_2-155_2CX4:A:4-163	2	9	0	5	0	19	10	14	0	159
gi|48478321|ref|YP_024027.1|_1-178_1RJW:A:1-137,A:306-339	5	11	3	3	0	24	12	10	1	171
gi|48478321|ref|YP_024027.1|_149-304_1RJW:A:138-305	0	7	1	8	0	16	10	9	0	168
gi|48478323|ref|YP_024029.1|_12-439_1PW4:A:	2	0	1	18	0	21	18	22	0	450
gi|48478324|ref|YP_024030.1|_3-310_1DHS:A:	2	9	3	16	0	28	17	24	0	361
gi|48478325|ref|YP_024031.1|_432-451,533-628_1H98:A:	0	4	3	3	0	12	1	7	0	77
gi|48478328|ref|YP_024034.1|_3-287_1O5Z:A:2-293	2	11	4	9	0	24	12	14	0	293
gi|48478328|ref|YP_024034.1|_289-414_1O5Z:A:294-430	0	6	2	5	0	15	10	7	0	137
gi|48478329|ref|YP_024035.1|_15-278_1FNN:A:1-276	4	5	2	12	0	25	19	17	0	276
gi|48478329|ref|YP_024035.1|_285-386_1FNN:A:277-388	0	3	0	5	0	9	4	3	0	112
gi|48478330|ref|YP_024036.1|_3-200_2GM8:A:2-212	0	0	1	12	0	10	6	8	0	211
gi|48478331|ref|YP_024037.1|_4-449_1GOW:A:	8	15	7	16	0	53	30	27	0	489
gi|48478332|ref|YP_024038.1|_25-225_1W66:A:1-216	2	11	3	4	0	24	12	10	0	216
gi|48478333|ref|YP_024039.1|_50-513_1UZB:A:	7	19	6	15	0	48	35	23	0	516
gi|48478335|ref|YP_024041.1|_1-196_1IO2:A:	2	5	2	9	0	23	13	9	0	213
gi|48478336|ref|YP_024042.1|_24-174_1QG8:A:	2	9	4	8	0	22	13	12	0	255
gi|48478339|ref|YP_024045.1|_12-397_1PW4:A:	2	0	1	18	0	21	18	22	0	450
gi|48478341|ref|YP_024047.1|_469-592_2YVX:A:132-275	10	5	1	4	0	20	17	6	0	144
gi|48478342|ref|YP_024048.1|_2-174,337-408_1A7A:A:2-189,A:353-432	1	9	4	11	0	30	15	14	1	268
gi|48478342|ref|YP_024048.1|_175-337_1V8B:A:235-397	3	8	1	7	0	18	11	11	0	163
gi|48478343|ref|YP_024049.1|_1-71,187-387_1EQJ:A:3-76,A:311-510	6	8	4	9	0	34	20	17	1	274
gi|48478344|ref|YP_024050.1|_12-137_1T17:A:	0	7	0	2	0	12	8	7	0	148
gi|48478345|ref|YP_024051.1|_6-301_1Y44:A:1-307	11	14	2	7	0	35	16	14	0	307
gi|48478346|ref|YP_024052.1|_1-59_1QW2:A:	2	6	1	4	0	14	6	5	0	101
gi|48478349|ref|YP_024055.1|_38-249_1VL0:A:	5	12	1	11	0	29	19	11	0	291
gi|48478350|ref|YP_024056.1|_9-373_1PW4:A:	2	0	1	18	0	21	18	22	0	450
gi|48478351|ref|YP_024057.1|_1-261_1XKY:A:1-292	2	8	2	12	0	25	18	17	0	292
gi|48478352|ref|YP_024058.1|_4-117_1PXW:A:	0	4	3	5	0	12	11	7	0	128
gi|48478353|ref|YP_024059.1|_2-67_1NY4:A:	0	4	0	0	0	10	7	1	0	71
gi|48478355|ref|YP_024061.1|_1-140_1K44:A:	0	4	1	7	0	12	8	10	0	135
gi|48478356|ref|YP_024062.1|_8-282_1G7S:A:1-227	3	9	5	6	0	24	13	14	0	227
gi|48478356|ref|YP_024062.1|_339-446_1G7S:A:329-459	3	4	0	5	0	10	10	6	0	131
gi|48478356|ref|YP_024062.1|_454-573_1G7S:A:460-587	2	8	0	2	0	12	6	9	0	128
gi|48478358|ref|YP_024064.1|_4-115_1TLU:A:	0	6	1	3	0	9	4	7	0	117
gi|48478359|ref|YP_024065.1|_9-119_2HZT:A:4-98	1	2	1	5	0	9	4	6	0	95
gi|48478360|ref|YP_024066.1|_3-200_1XI3:A:	0	8	0	10	0	20	16	11	0	206
gi|48478361|ref|YP_024067.1|_147-312_2Z1E:A:156-334	0	7	4	5	0	20	10	10	0	179
gi|48478361|ref|YP_024067.1|_7-142_1VQV:A:1-137	5	5	0	3	0	13	6	7	0	137
gi|48478362|ref|YP_024068.1|_1-254_1UB0:A:	1	9	1	8	0	20	12	11	0	258
gi|48478363|ref|YP_024069.1|_12-183_1UZ5:A:5-180	8	12	3	2	0	29	7	12	0	176
gi|48478363|ref|YP_024069.1|_185-319_1UZ5:A:181-328	1	9	0	4	0	15	9	7	0	148
gi|48478363|ref|YP_024069.1|_327-398_1XI8:A:325-396	0	7	0	1	0	11	4	5	0	72
gi|48478364|ref|YP_024070.1|_8-182_1UZ5:A:5-180	8	12	3	2	0	29	7	12	0	176
gi|48478364|ref|YP_024070.1|_184-328_1UZ5:A:181-328	1	9	0	4	0	15	9	7	0	148
gi|48478364|ref|YP_024070.1|_334-407_1UZ5:A:329-402	2	5	0	1	0	10	5	1	0	74
gi|48478365|ref|YP_024071.1|_4-176_1VIC:A:	1	11	2	10	0	30	13	18	0	261
gi|48478367|ref|YP_024073.1|_182-427_1HS6:A:209-460	1	7	4	11	0	19	10	13	0	252
gi|48478367|ref|YP_024073.1|_5-172_1HS6:A:1-208	2	15	4	0	0	20	10	12	0	208
gi|48478368|ref|YP_024074.1|_2-80_1XHL:A:	2	7	6	11	0	28	13	15	0	274
gi|48478369|ref|YP_024075.1|_2-307_1UU1:A:	1	11	4	11	0	31	17	16	0	330
gi|48478371|ref|YP_024077.1|_616-701_1KQF:B:2-245	4	11	3	6	0	31	15	19	0	244
gi|48478373|ref|YP_024079.1|_7-382_1PV7:A:	0	0	2	22	0	18	12	14	0	417
gi|48478376|ref|YP_024082.1|_23-541_1AR1:A:	5	4	7	18	0	37	29	21	0	529
gi|48478377|ref|YP_024083.1|_74-219_1GYC:A:301-499	2	12	3	4	0	29	16	13	0	199
gi|48478378|ref|YP_024084.1|_125-242_1AR1:B:108-252	3	10	3	2	0	16	9	9	0	145
gi|48478380|ref|YP_024086.1|_1-220_2PG3:A:1-230	0	5	1	10	0	19	14	11	0	230
gi|48478381|ref|YP_024087.1|_12-120_1PW4:A:	2	0	1	18	0	21	18	22	0	450
gi|48478382|ref|YP_024088.1|_3-305_1PV7:A:	0	0	2	22	0	18	12	14	0	417
gi|48478383|ref|YP_024089.1|_1-316_1W1Z:A:	2	12	4	11	0	29	24	19	0	319
gi|48478386|ref|YP_024092.1|_31-303_1TV8:A:	4	11	4	10	0	39	20	20	0	327
gi|48478387|ref|YP_024093.1|_180-415_1BVU:A:181-418	0	7	0	10	0	27	16	11	0	238
gi|48478387|ref|YP_024093.1|_5-182_1BVU:A:3-180	2	6	4	5	0	19	9	9	0	178
gi|48478388|ref|YP_024094.1|_1-115_1GE8:A:2-117	1	9	1	2	0	12	7	4	0	116
gi|48478388|ref|YP_024094.1|_120-245_1GE8:A:126-247	0	9	0	2	0	10	6	6	0	122
gi|48478389|ref|YP_024095.1|_14-143_1ZKI:A:4-129	2	6	2	2	0	13	7	4	0	126
gi|48478390|ref|YP_024096.1|_47-295_1N2Z:A:	4	10	3	10	0	27	17	13	0	245
gi|48478391|ref|YP_024097.1|_2-329_1L7V:A:	2	0	2	14	0	18	8	12	0	324
gi|48478392|ref|YP_024098.1|_4-211_1F3O:A:	0	10	2	7	0	22	15	14	0	232
gi|48478394|ref|YP_024100.1|_104-239,304-425_2FWR:A:23-256	3	12	5	9	0	19	16	14	0	234
gi|48478395|ref|YP_024101.1|_1-92_1IUJ:A:	2	4	2	3	0	9	8	5	0	102
gi|48478396|ref|YP_024102.1|_7-248_1VL8:A:	2	7	6	9	0	25	10	14	0	251
gi|48478401|ref|YP_024107.1|_241-534_1TV8:A:	4	11	4	10	0	39	20	20	0	327
gi|48478402|ref|YP_024108.1|_5-172_1S7K:A:3-176	0	8	2	4	0	13	5	6	0	177
gi|48478403|ref|YP_024109.1|_7-106_1ZPS:A:8-131	3	8	1	1	0	13	9	7	0	124
gi|48478403|ref|YP_024109.1|_118-203_1YVW:A:4-95	0	0	0	5	0	6	2	3	0	92
gi|48478404|ref|YP_024110.1|_1-248_1THF:D:	0	11	2	10	0	24	18	15	0	253
gi|48478405|ref|YP_024111.1|_4-216_1QO2:A:	0	11	3	12	0	21	9	14	0	241
gi|48478406|ref|YP_024112.1|_2-184_1KA9:H:	0	13	1	5	0	22	16	13	0	195
gi|48478407|ref|YP_024113.1|_74-162_2F1D:A:96-192	3	6	0	2	0	8	4	4	0	97
gi|48478407|ref|YP_024113.1|_2-71_2AE8:A:1-84	0	4	0	2	0	8	2	0	0	84
gi|48478408|ref|YP_024114.1|_4-340_1K75:A:	1	14	4	16	0	38	24	17	0	431
gi|48478409|ref|YP_024115.1|_19-210_1Z7M:E:1-204	0	11	1	7	0	19	11	9	0	204
gi|48478410|ref|YP_024116.1|_218-308_1AIS:B:1206-1300	0	0	1	5	0	7	1	6	0	95
gi|48478410|ref|YP_024116.1|_121-215_1AIS:B:1108-1205	0	0	0	5	0	7	1	6	0	98
gi|48478410|ref|YP_024116.1|_10-57_1PFT:A:	1	2	0	0	0	7	5	2	0	50
gi|48478411|ref|YP_024117.1|_1-65_2EY4:C:1-73	2	6	0	0	0	12	4	5	0	73
gi|48478412|ref|YP_024118.1|_213-301_1AIS:B:1206-1300	0	0	1	5	0	7	1	6	0	95
gi|48478412|ref|YP_024118.1|_117-209_1AIS:B:1108-1205	0	0	0	5	0	7	1	6	0	98
gi|48478412|ref|YP_024118.1|_6-52_1PFT:A:	1	2	0	0	0	7	5	2	0	50
gi|48478413|ref|YP_024119.1|_3-238_1YB2:A:6-255	0	14	4	5	0	25	13	12	0	250
gi|48478414|ref|YP_024120.1|_16-202_2A9V:A:1-196	2	9	4	4	0	20	15	12	0	196
gi|48478415|ref|YP_024121.1|_1-204_1QG8:A:	2	9	4	8	0	22	13	12	0	255
gi|48478416|ref|YP_024122.1|_3-366_1PV7:A:	0	0	2	22	0	18	12	14	0	417
gi|48478417|ref|YP_024123.1|_74-352_1HV8:A:3-210	0	7	1	9	0	25	17	9	0	208
gi|48478418|ref|YP_024124.1|_88-347_1R30:A:	5	9	1	11	0	35	25	12	0	312
gi|48478418|ref|YP_024124.1|_412-526_1Y9W:A:1-140	0	7	3	3	0	13	3	7	0	140
gi|48478419|ref|YP_024125.1|_4-215_1E4C:P:	3	7	3	6	0	24	7	14	0	206
gi|48478422|ref|YP_024128.1|_6-385_1PV7:A:	0	0	2	22	0	18	12	14	0	417
gi|48478424|ref|YP_024130.1|_4-165_1PIE:A:9-213	1	7	1	5	0	22	9	13	0	205
gi|48478424|ref|YP_024130.1|_184-325_1KKH:A:181-317	1	4	1	6	0	12	5	5	0	137
gi|48478425|ref|YP_024131.1|_1-294_2CNQ:A:2-305	4	15	2	7	0	29	17	19	0	304
gi|48478426|ref|YP_024132.1|_4-176_1UDE:A:	2	9	3	2	0	22	10	9	0	168
gi|48478428|ref|YP_024134.1|_6-171_1FI4:A:3-190	3	9	3	3	0	23	11	11	0	188
gi|48478428|ref|YP_024134.1|_196-307_1FWK:A:168-300	1	6	1	6	0	13	8	6	0	133
gi|48478431|ref|YP_024137.1|_7-200,246-418,448-473_1PW4:A:	2	0	1	18	0	21	18	22	0	450
gi|48478432|ref|YP_024138.1|_201-457_2DJI:A:3-186	0	8	5	7	0	16	6	13	0	184
gi|48478432|ref|YP_024138.1|_8-220_1B0P:A:416-668	2	6	4	9	0	29	21	11	0	253
gi|48478432|ref|YP_024138.1|_467-582_1B0P:A:259-415	1	7	1	4	0	20	14	8	0	157
gi|48478433|ref|YP_024139.1|_12-256_1B0P:A:786-1232	9	8	4	17	0	46	33	30	0	447
gi|48478435|ref|YP_024141.1|_3-351,380-410_1S9R:A:	4	19	7	14	0	47	19	23	0	409
gi|48478436|ref|YP_024142.1|_6-271_1NJ1:A:19-283	3	14	0	8	0	26	12	17	0	265
gi|48478436|ref|YP_024142.1|_273-396_1NJ8:A:268-393	1	5	0	4	0	11	8	7	0	126
gi|48478436|ref|YP_024142.1|_401-466_1NJ1:A:411-481	3	4	0	2	0	11	4	2	0	71
gi|48478437|ref|YP_024143.1|_1-206_1J97:A:	3	7	3	9	1	19	10	11	0	210
gi|48478439|ref|YP_024145.1|_4-170_2GZ1:A:2-127,A:330-357	1	7	2	4	0	19	10	9	1	152
gi|48478439|ref|YP_024145.1|_142-319_2GZ1:A:128-329	7	6	3	5	0	24	11	11	0	202
gi|48478440|ref|YP_024146.1|_4-267_2HMF:A:2-303	2	12	2	10	0	29	13	19	0	302
gi|48478441|ref|YP_024147.1|_17-355_1T47:A:179-377	4	8	1	7	0	26	14	8	0	199
gi|48478442|ref|YP_024148.1|_64-281_1HYO:A:119-416	3	21	5	7	0	47	20	14	0	298
gi|48478443|ref|YP_024149.1|_9-376_1EYB:A:	5	29	8	2	0	62	32	19	0	439
gi|48478444|ref|YP_024150.1|_2-214_1RCW:A:	0	0	2	12	0	12	6	8	0	213
gi|48478448|ref|YP_024154.1|_2-75_1RKB:A:	2	5	2	7	0	17	8	6	0	172
gi|48478450|ref|YP_024156.1|_22-250_1F75:A:	1	6	5	7	0	25	15	11	0	229
gi|48478451|ref|YP_024157.1|_57-292_2FRN:A:19-278	0	13	3	6	0	25	10	16	0	260
gi|48478452|ref|YP_024158.1|_473-662_2P6R:A:489-686	0	0	2	12	0	12	7	14	0	198
gi|48478452|ref|YP_024158.1|_32-371_2P6R:A:1-202	1	7	2	7	0	20	9	10	0	202
gi|48478452|ref|YP_024158.1|_389-472_2P6R:A:404-488	0	2	0	5	0	5	6	5	0	85
gi|48478453|ref|YP_024159.1|_66-279_1JJI:A:	0	8	5	11	0	21	17	19	0	311
gi|48478455|ref|YP_024161.1|_2-248_1EFV:B:	2	13	1	8	0	24	12	15	0	252
gi|48478455|ref|YP_024161.1|_286-476_1O97:D:1-192	2	13	1	5	0	22	12	11	0	192
gi|48478455|ref|YP_024161.1|_484-602_1EFP:A:185-308	2	5	3	4	0	16	11	8	0	124
gi|48478456|ref|YP_024162.1|_2-170,271-322_1KDG:A:215-512,A:694-755	11	11	11	9	0	49	29	28	1	360
gi|48478457|ref|YP_024163.1|_22-91_1CLF:A:	2	2	0	0	0	11	4	6	0	55
gi|48478460|ref|YP_024166.1|_6-93_1XMA:A:	0	3	1	4	0	6	3	4	0	103
gi|48478461|ref|YP_024167.1|_21-112_1YG2:A:	1	2	3	7	0	11	5	4	0	178
gi|48478462|ref|YP_024168.1|_28-275_1EU8:A:	9	13	3	18	0	37	19	31	0	407
gi|48478464|ref|YP_024170.1|_47-269_2R6G:F:261-504	2	0	3	12	0	16	15	16	0	244
gi|48478465|ref|YP_024171.1|_7-270_2R6G:G:7-296	4	0	2	14	0	20	19	13	0	290
gi|48478466|ref|YP_024172.1|_9-257_1OXS:C:1-242	0	11	6	8	0	23	18	13	0	242
gi|48478466|ref|YP_024172.1|_250-361_1OXS:C:243-352	0	10	2	0	0	11	6	6	0	110
gi|48478467|ref|YP_024173.1|_2-158_1TE5:A:	4	16	1	3	0	30	19	6	0	253
gi|48478468|ref|YP_024174.1|_2-237_1JQI:A:4-234	3	8	4	7	0	17	12	12	0	231
gi|48478468|ref|YP_024174.1|_224-376_1BUC:A:233-383	1	2	3	5	0	4	4	6	0	151
gi|48478469|ref|YP_024175.1|_64-394_1ZQ1:A:76-438	7	18	3	9	0	43	30	20	0	363
gi|48478469|ref|YP_024175.1|_1-52_2D6F:A:2-73	0	5	0	1	0	12	4	5	0	72
gi|48478470|ref|YP_024176.1|_1-257,380-419_2D6F:C:1-270,C:396-444	2	17	2	6	0	32	16	16	1	319
gi|48478470|ref|YP_024176.1|_262-366_1ZQ1:C:277-407	2	7	2	4	0	15	7	8	0	131
gi|48478470|ref|YP_024176.1|_430-485_1ZQ1:C:457-512	0	0	0	4	0	4	2	6	0	56
gi|48478471|ref|YP_024177.1|_10-340_2RFC:D:	7	8	6	14	0	36	27	15	0	341
gi|48478473|ref|YP_024179.1|_7-151_2FUG:6:15-175	2	4	2	5	0	17	14	7	0	161
gi|48478474|ref|YP_024180.1|_4-143_2FUG:5:1-196	0	7	0	4	0	27	19	10	0	196
gi|48478475|ref|YP_024181.1|_14-367_2FUG:4:35-409	3	7	3	13	0	39	26	18	0	375
gi|48478477|ref|YP_024183.1|_29-149_1KF6:B:106-243	0	0	3	8	0	15	4	9	0	138
gi|48478484|ref|YP_024190.1|_108-421_1B8A:A:104-438	6	13	4	11	0	30	23	16	0	335
gi|48478484|ref|YP_024190.1|_6-99_1B8A:A:1-103	1	5	3	1	0	10	5	7	0	103
gi|48478485|ref|YP_024191.1|_4-330_1J93:A:	5	9	3	15	0	35	20	15	0	343
gi|48478486|ref|YP_024192.1|_412-638_1BJT:A:	7	25	4	20	0	69	43	34	0	760
gi|48478486|ref|YP_024192.1|_3-227_1EI1:A:2-220	2	11	1	6	0	26	18	12	0	219
gi|48478486|ref|YP_024192.1|_230-405_1EI1:A:221-392	5	5	0	6	0	12	6	8	0	172
gi|48478487|ref|YP_024193.1|_22-473_1AB4:A:	1	20	2	16	0	51	27	22	0	493
gi|48478487|ref|YP_024193.1|_486-788_1SUU:A:	8	23	7	0	0	43	17	21	0	304
gi|48478488|ref|YP_024194.1|_149-256_1YQG:A:153-263	0	0	0	6	0	4	3	7	0	111
gi|48478488|ref|YP_024194.1|_1-148_1YQG:A:1-152	0	8	1	5	0	19	9	9	0	152
gi|48478489|ref|YP_024195.1|_150-298_1EBF:A:151-340	1	5	3	7	0	18	12	11	0	190
gi|48478489|ref|YP_024195.1|_1-170_1EUZ:A:181-419	2	7	2	9	0	26	9	15	0	239
gi|48478490|ref|YP_024196.1|_33-117_1GM5:A:106-285	2	8	1	3	0	28	17	6	0	180
gi|48478491|ref|YP_024197.1|_91-215_1O7I:A:	2	7	3	0	0	15	2	8	0	115
gi|48478491|ref|YP_024197.1|_1-102_1O7I:A:	2	7	3	0	0	15	2	8	0	115
gi|48478491|ref|YP_024197.1|_214-337_1C9O:A:	1	5	1	0	0	5	1	4	0	66
gi|48478494|ref|YP_024200.1|_182-509_2AFA:A:4-415	14	13	4	13	1	44	17	28	0	411
gi|48478494|ref|YP_024200.1|_2-126_1SEN:A:	2	3	3	4	0	20	11	12	0	135
gi|48478495|ref|YP_024201.1|_3-171_1FZT:A:	9	5	1	7	0	22	14	12	0	211
gi|48478496|ref|YP_024202.1|_48-332_1XRT:A:56-365	5	7	4	10	0	31	14	12	0	310
gi|48478496|ref|YP_024202.1|_335-403_1GKR:A:1-54,A:380-451	2	11	1	0	0	17	6	9	1	126
gi|48478497|ref|YP_024203.1|_11-232_1L6R:A:	4	11	5	9	0	25	15	14	0	226
gi|48478500|ref|YP_024206.1|_809-999_1IWG:A:7-37,A:331-498	0	0	1	8	0	9	7	9	1	199
gi|48478500|ref|YP_024206.1|_402-617_1IWG:A:7-37,A:331-498	0	0	1	8	0	9	7	9	1	199
gi|48478501|ref|YP_024207.1|_9-86_1MGT:A:89-169	2	2	1	4	0	10	4	7	0	81
gi|48478503|ref|YP_024209.1|_1-360_2BKW:A:3-384	2	14	3	13	0	41	25	24	0	382
gi|48478504|ref|YP_024210.1|_2-234_1CBF:A:	4	10	4	8	0	31	17	17	0	284
gi|48478505|ref|YP_024211.1|_1-205_1CBF:A:	4	10	4	8	0	31	17	17	0	284
gi|48478506|ref|YP_024212.1|_152-342_1L3I:A:	1	8	1	6	0	16	9	11	0	186
gi|48478506|ref|YP_024212.1|_2-192_2BB3:A:1-195	2	10	2	7	0	21	12	13	0	195
gi|48478507|ref|YP_024213.1|_3-241_1PJQ:A:216-457	3	10	3	8	0	24	20	15	0	242
gi|48478508|ref|YP_024214.1|_23-435_1PW4:A:	2	0	1	18	0	21	18	22	0	450
gi|48478509|ref|YP_024215.1|_3-373_2GP4:A:1-418	5	7	4	13	0	30	17	20	0	418
gi|48478509|ref|YP_024215.1|_374-551_2GP4:A:419-608	2	8	8	5	0	22	17	12	0	190
gi|48478510|ref|YP_024216.1|_98-278_1GDH:A:101-291	3	7	2	7	0	24	11	14	0	191
gi|48478510|ref|YP_024216.1|_3-127_1GDH:A:2-100,A:292-321	4	5	0	5	0	15	9	9	1	129
gi|48478514|ref|YP_024220.1|_11-411_2B8N:A:4-417	4	12	2	17	0	38	21	25	0	414
gi|48478515|ref|YP_024221.1|_3-136_1DT9:A:5-142	0	4	1	4	0	16	5	7	0	138
gi|48478515|ref|YP_024221.1|_138-267_1DT9:A:143-276	0	5	0	4	0	15	13	7	0	134
gi|48478515|ref|YP_024221.1|_270-404_1DT9:A:277-422	3	4	0	4	0	12	10	4	0	146
gi|48478516|ref|YP_024222.1|_15-237_2IJ9:A:1-219	3	7	0	8	0	24	13	9	0	219
gi|48478517|ref|YP_024223.1|_6-163_1JYK:A:	2	15	5	6	0	27	12	16	0	253
gi|48478518|ref|YP_024224.1|_1-181_1K6M:A:252-470	4	6	3	8	0	28	10	11	0	219
gi|48478519|ref|YP_024225.1|_54-557_1VR5:A:23-557	10	20	5	18	0	63	32	34	0	535
gi|48478520|ref|YP_024226.1|_101-327_2R6G:F:261-504	2	0	3	12	0	16	15	16	0	244
gi|48478521|ref|YP_024227.1|_86-271_3D31:C:13-260	0	0	2	12	0	11	6	13	0	248
gi|48478522|ref|YP_024228.1|_3-257_3DHW:C:1-240	3	10	1	7	0	21	17	12	0	240
gi|48478523|ref|YP_024229.1|_6-250_3DHW:C:1-240	3	10	1	7	0	21	17	12	0	240
gi|48478524|ref|YP_024230.1|_9-309_1UUQ:A:	7	13	4	12	0	47	24	28	0	410
gi|48478525|ref|YP_024231.1|_2-487_1GOW:A:	8	15	7	16	0	53	30	27	0	489
gi|48478526|ref|YP_024232.1|_256-338_2F5T:X:247-338	0	6	1	1	0	7	3	7	0	92
gi|48478526|ref|YP_024232.1|_6-96_1SFX:A:	1	2	0	5	0	7	3	4	0	108
gi|48478526|ref|YP_024232.1|_115-237_1BYR:A:	2	8	0	5	0	13	9	7	0	152
gi|48478528|ref|YP_024234.1|_2-234_1L5X:A:	8	11	1	8	0	39	23	12	0	279
gi|48478530|ref|YP_024236.1|_61-187_3BB9:A:27-147	0	6	0	4	0	6	3	7	0	121
gi|48478530|ref|YP_024236.1|_224-331_3CNX:A:5-157	1	6	0	4	0	12	1	7	0	153
gi|48478531|ref|YP_024237.1|_263-431_1JQI:A:235-387	3	0	3	5	0	5	4	4	0	153
gi|48478531|ref|YP_024237.1|_87-272_1BUC:A:1-232	3	8	5	8	0	22	12	17	0	232
gi|48478533|ref|YP_024239.1|_7-404_1U7G:A:	2	2	6	15	0	21	14	16	0	383
gi|48478534|ref|YP_024240.1|_8-348_1GPH:1:1-234	3	13	2	6	0	27	14	15	0	234
gi|48478534|ref|YP_024240.1|_336-515,545-584_1LLW:A:1240-1507	0	10	1	7	0	33	17	19	0	268
gi|48478535|ref|YP_024241.1|_15-395_1EA0:A:423-1193	9	24	13	27	0	90	50	46	0	771
gi|48478535|ref|YP_024241.1|_423-651_1LLW:A:439-1239	10	19	12	28	0	98	61	37	0	801
gi|48478536|ref|YP_024242.1|_2-406_1ACO:A:2-528	11	21	6	16	0	60	33	33	0	527
gi|48478537|ref|YP_024243.1|_1-161_1V7L:A:	4	8	0	7	0	21	10	13	0	162
gi|48478538|ref|YP_024244.1|_4-281_1NVM:A:2-290	10	8	3	11	0	35	15	21	0	289
gi|48478539|ref|YP_024245.1|_74-269_1UC8:A:89-280	2	8	0	6	0	15	6	8	0	192
gi|48478539|ref|YP_024245.1|_1-84_1UC8:A:1-88	2	5	2	3	0	9	3	4	0	88
gi|48478540|ref|YP_024246.1|_2-167,255-343_1VGY:A:2-180,A:294-376	6	13	2	7	0	28	17	16	1	262
gi|48478540|ref|YP_024246.1|_154-247_1YSJ:A:178-292	0	4	0	2	0	9	4	1	0	115
gi|48478541|ref|YP_024247.1|_81-272_1UC8:A:89-280	2	8	0	6	0	15	6	8	0	192
gi|48478541|ref|YP_024247.1|_1-81_1UC8:A:1-88	2	5	2	3	0	9	3	4	0	88
gi|48478542|ref|YP_024248.1|_6-382_1VEF:A:9-395	3	17	2	15	0	38	24	27	0	387
gi|48478543|ref|YP_024249.1|_2-250_2BTY:A:1-282	5	14	1	11	0	26	15	16	0	282
gi|48478544|ref|YP_024250.1|_1-168_1VKN:A:1-144,A:308-339	3	6	2	7	0	19	10	11	1	176
gi|48478544|ref|YP_024250.1|_149-314_1VKN:A:145-307	1	7	3	4	0	17	10	10	0	163
gi|48478546|ref|YP_024252.1|_1-145_1O4V:A:	0	5	1	6	0	16	3	8	0	169
gi|48478547|ref|YP_024253.1|_92-280_1B6R:A:79-276	1	10	3	5	0	16	8	10	0	198
gi|48478547|ref|YP_024253.1|_2-89_1EYZ:A:2-112	1	5	1	4	0	14	8	7	0	111
gi|48478547|ref|YP_024253.1|_288-355_1B6R:A:277-355	0	3	2	2	0	9	6	4	0	79
gi|48478548|ref|YP_024254.1|_99-292_1OLT:A:	1	19	6	15	0	46	26	24	0	441
gi|48478549|ref|YP_024255.1|_3-182_1W55:A:3-207	2	12	5	6	0	27	15	11	0	205
gi|48478550|ref|YP_024256.1|_1-218_1XHB:A:95-422	1	12	5	11	0	35	18	17	0	328
gi|48478551|ref|YP_024257.1|_1-185_1NHP:A:1-119,A:243-321	5	12	5	4	0	23	13	12	1	198
gi|48478551|ref|YP_024257.1|_306-425_1NHP:A:322-447	3	5	0	4	0	15	3	10	0	126
gi|48478551|ref|YP_024257.1|_141-301_1XDI:A:2-161,A:276-348	5	10	2	5	0	23	14	11	1	233
gi|48478554|ref|YP_024260.1|_12-114,210-303,584-779_1SU4:A:1-124,A:240-343,A:751-994	1	1	8	18	0	32	20	22	2	472
gi|48478554|ref|YP_024260.1|_305-591_1SU4:A:344-360,A:600-750	3	8	1	8	0	16	12	11	1	168
gi|48478554|ref|YP_024260.1|_115-207_1SU4:A:125-239	2	9	3	0	0	21	10	7	0	115
gi|48478556|ref|YP_024262.1|_2-233_1BU6:O:3-253	1	15	1	9	0	25	13	17	0	251
gi|48478556|ref|YP_024262.1|_235-439_1R59:O:257-491	1	10	2	5	0	26	22	13	0	235
gi|48478557|ref|YP_024263.1|_1-143_2NS9:A:10-156	0	7	2	3	0	5	5	6	0	147
gi|48478558|ref|YP_024264.1|_3-217,325-352_1PJ5:A:4-219,A:339-427	2	17	6	8	0	32	16	16	1	305
gi|48478558|ref|YP_024264.1|_218-307_1NG4:A:219-306	0	6	1	1	0	9	5	4	0	88
gi|48478560|ref|YP_024266.1|_3-143_2NS9:A:10-156	0	7	2	3	0	5	5	6	0	147
gi|48478561|ref|YP_024267.1|_373-608_2HU7:A:322-581	1	8	2	10	0	27	14	15	0	260
gi|48478561|ref|YP_024267.1|_81-133,160-343_1XFD:A:127-591	9	30	2	3	0	57	36	22	0	465
gi|48478562|ref|YP_024268.1|_3-346_2HEK:A:1-369	2	9	4	20	0	25	19	23	0	369
gi|48478563|ref|YP_024269.1|_1-134_1Q2Y:A:	0	8	3	3	0	10	7	8	0	140
gi|48478564|ref|YP_024270.1|_236-630_1LF6:A:288-684	15	6	5	13	0	47	32	24	0	397
gi|48478565|ref|YP_024271.1|_2-240_1V43:A:7-245	1	10	2	8	0	20	13	15	0	239
gi|48478565|ref|YP_024271.1|_225-321_1G29:1:241-301	0	5	1	1	0	8	5	4	0	61
gi|48478566|ref|YP_024272.1|_291-556_2R6G:G:7-296	4	0	2	14	0	20	19	13	0	290
gi|48478566|ref|YP_024272.1|_11-277_2R6G:F:261-504	2	0	3	12	0	16	15	16	0	244
gi|48478567|ref|YP_024273.1|_47-471_1EU8:A:	9	13	3	18	0	37	19	31	0	407
gi|48478568|ref|YP_024274.1|_68-153_2CWY:A:1-94	2	0	0	5	0	7	1	5	0	94
gi|48478571|ref|YP_024277.1|_3-212_1VPL:A:	2	10	2	9	0	18	9	15	0	238
gi|48478572|ref|YP_024278.1|_24-243_1OLT:A:	1	19	6	15	0	46	26	24	0	441
gi|48478574|ref|YP_024280.1|_349-527_1N0H:A:461-687	4	6	2	9	0	27	15	11	0	227
gi|48478574|ref|YP_024280.1|_2-165_1POX:A:9-182	0	8	3	6	0	13	9	12	0	174
gi|48478574|ref|YP_024280.1|_184-338_1POX:A:183-365	2	5	4	5	0	18	10	7	0	183
gi|48478575|ref|YP_024281.1|_4-234_1VPQ:A:	5	8	4	9	0	27	10	15	0	272
gi|48478576|ref|YP_024282.1|_2-175_1F0Y:A:12-203	0	8	1	7	0	22	12	11	0	192
gi|48478576|ref|YP_024282.1|_175-272_3HDH:A:204-302	3	0	1	5	0	8	3	5	0	99
gi|48478577|ref|YP_024283.1|_3-264_1QFL:A:4-268	6	10	2	8	0	30	16	18	0	265
gi|48478577|ref|YP_024283.1|_265-386_1QFL:A:269-392	2	4	3	4	0	10	4	5	0	124
gi|48478578|ref|YP_024284.1|_3-151_1RCU:A:	2	7	2	6	0	17	11	12	0	170
gi|48478579|ref|YP_024285.1|_32-101_2EXD:A:72-143	0	5	0	0	0	10	2	5	0	72
gi|48478583|ref|YP_024289.1|_62-250,281-807_1GK9:A:,B:	15	30	8	23	0	87	57	44	1	765
gi|48478584|ref|YP_024290.1|_1-124_2H1C:A:1-138	0	5	3	7	0	15	4	8	0	138
gi|48478586|ref|YP_024292.1|_4-400_1VPE:A:	3	17	8	14	0	45	29	26	0	398
gi|48478587|ref|YP_024293.1|_9-132_1FXK:C:	0	4	0	2	0	5	1	6	0	133
gi|48478588|ref|YP_024294.1|_115-313_1VMA:A:82-294	0	8	4	7	0	22	9	10	0	213
gi|48478588|ref|YP_024294.1|_48-125_1VMA:A:1-81	0	0	0	5	0	6	2	5	0	81
gi|48478589|ref|YP_024295.1|_16-69_1X57:A:8-85	2	0	0	4	0	8	5	5	0	78
gi|48478591|ref|YP_024297.1|_5-368_1H6Z:A:1-405	3	9	4	17	0	39	28	18	0	405
gi|48478591|ref|YP_024297.1|_467-758_1VBG:A:521-876	0	8	5	17	0	29	23	17	0	356
gi|48478591|ref|YP_024297.1|_335-450_1KBL:A:377-509	0	12	2	4	0	15	9	8	0	133
gi|48478592|ref|YP_024298.1|_9-138_2Q4V:A:3-169	1	7	2	6	0	14	4	9	0	167
gi|48478593|ref|YP_024299.1|_1-112_3EBT:A:1-131	0	6	2	4	0	7	1	7	0	131
gi|48478594|ref|YP_024300.1|_1-188_1QMV:A:	7	9	2	6	0	23	11	16	0	197
gi|48478595|ref|YP_024301.1|_248-334_2F5T:X:247-338	0	6	1	1	0	7	3	7	0	92
gi|48478595|ref|YP_024301.1|_3-96_1IN4:A:255-329	1	2	0	5	0	6	3	7	0	75
gi|48478595|ref|YP_024301.1|_82-174_2F5T:X:110-246	0	8	2	3	0	12	8	6	0	137
gi|48478598|ref|YP_024304.1|_58-405_1EI6:A:	8	19	7	15	0	50	30	24	0	406
gi|48478599|ref|YP_024305.1|_4-365_1C0N:A:	4	15	6	13	0	47	23	26	0	404
gi|48478600|ref|YP_024306.1|_109-154_1I1G:A:2-61	0	0	1	3	0	5	4	4	0	60
gi|48478601|ref|YP_024307.1|_649-842_1IWG:A:7-37,A:331-498	0	0	1	8	0	9	7	9	1	199
gi|48478601|ref|YP_024307.1|_305-492_1IWG:A:513-566,A:869-1036	2	0	1	11	0	13	7	10	1	222
gi|48478602|ref|YP_024308.1|_5-372_1PV7:A:	0	0	2	22	0	18	12	14	0	417
gi|48478604|ref|YP_024310.1|_1-313,442-476_2IVD:A:10-306,A:415-464	5	15	3	15	0	32	15	21	1	347
gi|48478605|ref|YP_024311.1|_3-180_1QG8:A:	2	9	4	8	0	22	13	12	0	255
gi|48478607|ref|YP_024313.1|_15-268_1EZF:A:	0	0	3	18	0	19	14	22	0	333
