PDB_ID	B	E	G	H	I	L	S	T	X	sequence_length
gi|171462833|ref|YP_001796946.1|_138-350_1L8Q:A:77-289	0	5	2	9	0	17	9	11	0	213
gi|171462833|ref|YP_001796946.1|_370-473_1J1V:A:	0	0	0	6	0	7	3	3	0	94
gi|171462834|ref|YP_001796947.1|_250-371_2POL:A:245-366	2	8	0	3	0	14	6	6	0	122
gi|171462834|ref|YP_001796947.1|_131-249_2POL:A:123-244	0	6	2	3	0	9	8	2	0	122
gi|171462834|ref|YP_001796947.1|_6-117_2POL:A:1-122	2	8	2	2	0	12	7	5	0	122
gi|171462835|ref|YP_001796948.1|_421-586,758-822_1BJT:A:	7	25	4	20	0	69	43	34	0	760
gi|171462835|ref|YP_001796948.1|_11-237_1EI1:A:2-220	2	11	1	6	0	26	18	12	0	219
gi|171462835|ref|YP_001796948.1|_242-418_1EI1:A:221-392	5	5	0	6	0	12	6	8	0	172
gi|171462836|ref|YP_001796949.1|_16-156_1ML9:A:	5	15	6	5	0	45	22	13	0	284
gi|171462838|ref|YP_001796951.1|_7-248_1G6H:A:	2	11	5	9	0	21	16	17	0	254
gi|171462839|ref|YP_001796952.1|_5-228_1JI0:A:	2	10	1	10	0	19	14	15	0	240
gi|171462840|ref|YP_001796953.1|_34-404_1USG:A:	4	14	6	11	0	33	12	17	0	346
gi|171462843|ref|YP_001796956.1|_6-66,97-262_2CUL:A:2-231	1	16	3	5	0	24	13	15	0	230
gi|171462844|ref|YP_001796957.1|_4-215_1JSX:A:	0	7	1	7	0	17	11	9	0	207
gi|171462845|ref|YP_001796958.1|_1-254_1G3Q:A:	0	8	3	11	0	25	16	14	0	237
gi|171462846|ref|YP_001796959.1|_114-219_1VZ0:A:116-208	0	0	2	7	0	8	3	6	0	93
gi|171462846|ref|YP_001796959.1|_32-123_1VZ0:A:23-115	0	5	1	3	0	7	3	2	0	93
gi|171462847|ref|YP_001796960.1|_99-285_1C17:M:	0	0	0	4	0	5	4	2	0	171
gi|171462848|ref|YP_001796961.1|_7-82_1C99:A:	0	0	1	2	0	2	1	1	0	79
gi|171462849|ref|YP_001796962.1|_62-121_1L2P:A:	0	0	0	1	0	2	0	1	0	61
gi|171462850|ref|YP_001796963.1|_4-105_1ABV:A:	0	0	1	6	0	8	3	4	0	105
gi|171462851|ref|YP_001796964.1|_96-381_1E79:A:95-379	8	11	6	9	0	30	20	18	0	285
gi|171462851|ref|YP_001796964.1|_383-510_1E79:A:380-510	0	0	2	6	0	9	4	6	0	131
gi|171462851|ref|YP_001796964.1|_10-94_1SKY:B:21-95	0	6	1	0	0	7	5	6	0	75
gi|171462852|ref|YP_001796965.1|_2-289_1FS0:G:	0	6	1	5	0	15	11	5	0	230
gi|171462853|ref|YP_001796966.1|_83-353_1E79:D:82-357	4	12	5	8	0	32	21	15	0	276
gi|171462853|ref|YP_001796966.1|_351-465_1E79:D:358-475	0	0	2	6	0	9	7	4	0	118
gi|171462853|ref|YP_001796966.1|_1-81_1FX0:B:19-97	0	6	0	0	0	12	5	4	0	79
gi|171462854|ref|YP_001796967.1|_3-85_1AQT:A:2-86	1	9	1	0	0	5	5	3	0	85
gi|171462854|ref|YP_001796967.1|_87-135_1AQT:A:87-136	0	0	1	2	0	3	1	1	0	50
gi|171462855|ref|YP_001796968.1|_1-338_1URO:A:	1	9	5	16	0	33	22	19	0	357
gi|171462856|ref|YP_001796969.1|_144-326_1D9X:A:415-595	0	5	2	5	0	14	14	14	0	181
gi|171462856|ref|YP_001796969.1|_427-568_1C4O:A:410-583	0	6	2	5	0	15	10	12	0	174
gi|171462857|ref|YP_001796970.1|_5-106_1ONL:A:	3	9	1	4	0	17	7	8	0	127
gi|171462859|ref|YP_001796972.1|_64-155_1KX2:A:	0	0	2	4	0	10	8	9	0	80
gi|171462860|ref|YP_001796973.1|_17-240_1WYZ:A:2-234	0	10	1	9	0	23	14	9	0	233
gi|171462861|ref|YP_001796974.1|_12-197_1X92:A:	0	5	1	8	0	20	6	10	0	194
gi|171462863|ref|YP_001796976.1|_32-162_1VHS:A:	0	7	5	4	0	15	8	8	0	174
gi|171462864|ref|YP_001796977.1|_6-221_1EFC:A:8-204	0	8	1	7	0	20	12	8	0	197
gi|171462864|ref|YP_001796977.1|_304-396_1EFC:A:297-393	2	6	1	0	0	13	3	6	0	97
gi|171462864|ref|YP_001796977.1|_207-303_1EFC:A:205-296	1	10	2	0	0	12	5	7	0	92
gi|171462866|ref|YP_001796979.1|_16-125_1NZ8:A:	1	5	0	3	0	13	7	6	0	119
gi|171462866|ref|YP_001796979.1|_134-189_1M1G:A:191-248	0	5	0	0	0	5	3	5	0	58
gi|171462867|ref|YP_001796980.1|_3-73_2GYC:G:2-72	4	0	0	0	0	11	6	4	0	71
gi|171462867|ref|YP_001796980.1|_68-141_1HC8:A:	0	2	1	3	0	7	4	3	0	74
gi|171462868|ref|YP_001796981.1|_6-225_1AD2:A:	2	9	3	6	0	31	15	17	0	224
gi|171462869|ref|YP_001796982.1|_4-159_1ZAV:A:1-177	0	5	2	6	0	12	5	9	0	177
gi|171462870|ref|YP_001796983.1|_55-125_1CTF:A:	0	3	1	3	0	7	1	2	0	68
gi|171462870|ref|YP_001796983.1|_3-49_1RQU:A:1-51	0	0	0	2	0	5	2	3	0	51
gi|171462871|ref|YP_001796984.1|_6-243,353-709,765-941,1062-1146,1198-1364_1IW7:C:	31	48	5	27	1	157	100	52	0	1119
gi|171462872|ref|YP_001796985.1|_15-1075,1107-1273,1314-1372_1I6V:D:	12	21	8	39	0	125	102	71	0	1234
gi|171462874|ref|YP_001796987.1|_2-124_2QAL:L:1-123	4	5	0	1	0	21	11	8	0	123
gi|171462875|ref|YP_001796988.1|_1-149_2QAL:G:2-151	0	2	0	6	0	12	8	4	0	150
gi|171462876|ref|YP_001796989.1|_6-288_2BV3:A:7-282	2	11	3	8	0	22	12	14	0	276
gi|171462876|ref|YP_001796989.1|_484-605_2BV3:A:479-599	1	6	1	2	0	15	8	4	0	121
gi|171462876|ref|YP_001796989.1|_255-281,310-407_2BV3:A:283-403	1	12	0	0	0	15	9	9	0	121
gi|171462876|ref|YP_001796989.1|_609-695_2BV3:A:600-688	0	4	2	3	0	5	0	4	0	89
gi|171462876|ref|YP_001796989.1|_409-486_1FNM:A:404-482	0	5	0	2	0	8	3	2	0	79
gi|171462877|ref|YP_001796990.1|_6-221_1EFC:A:8-204	0	8	1	7	0	20	12	8	0	197
gi|171462877|ref|YP_001796990.1|_304-396_1EFC:A:297-393	2	6	1	0	0	13	3	6	0	97
gi|171462877|ref|YP_001796990.1|_207-303_1EFC:A:205-296	1	10	2	0	0	12	5	7	0	92
gi|171462878|ref|YP_001796991.1|_5-102_2QAL:J:5-102	4	5	0	2	0	13	6	3	0	98
gi|171462879|ref|YP_001796992.1|_2-216_2GYC:B:1-209	1	11	1	3	0	28	16	8	0	209
gi|171462880|ref|YP_001796993.1|_2-205_2GYC:C:1-198	2	4	3	5	0	30	20	10	0	198
gi|171462881|ref|YP_001796994.1|_7-97_2QAM:T:1-93	0	6	0	3	0	14	6	4	0	93
gi|171462882|ref|YP_001796995.1|_128-273_2QAM:C:125-269	8	3	4	1	0	25	19	9	0	145
gi|171462882|ref|YP_001796995.1|_3-126_2J01:D:2-126	8	4	1	0	0	20	11	9	0	125
gi|171462883|ref|YP_001796996.1|_3-84_2GY9:S:2-80	2	3	4	1	0	11	9	5	0	79
gi|171462884|ref|YP_001796997.1|_3-110_2GYC:Q:5-110	4	2	0	1	0	12	8	6	0	106
gi|171462885|ref|YP_001796998.1|_108-206_2QAL:C:106-206	2	4	3	2	0	14	5	3	0	101
gi|171462885|ref|YP_001796998.1|_2-106_2QAL:C:1-105	2	3	0	4	0	12	7	5	0	105
gi|171462886|ref|YP_001796999.1|_1-134_2GYA:K:3-133	4	6	0	2	0	21	11	5	0	131
gi|171462887|ref|YP_001797000.1|_1-61_2GYA:W:1-60	0	0	1	3	0	5	2	1	0	60
gi|171462888|ref|YP_001797001.1|_9-85_1FJG:Q:	0	5	0	1	0	9	1	5	0	104
gi|171462889|ref|YP_001797002.1|_1-122_2GYC:I:2-122	5	7	0	1	0	26	15	7	0	121
gi|171462890|ref|YP_001797003.1|_3-97_2GYA:S:3-101	0	6	1	1	0	16	11	6	0	99
gi|171462891|ref|YP_001797004.1|_4-180_2GYC:D:2-178	2	0	1	0	0	21	22	12	0	177
gi|171462892|ref|YP_001797005.1|_2-101_2QAL:N:1-100	2	1	2	3	0	10	6	9	0	100
gi|171462893|ref|YP_001797006.1|_3-130_1S03:G:	4	8	1	3	0	16	10	5	0	126
gi|171462894|ref|YP_001797007.1|_83-177_2QAM:G:82-176	2	4	0	1	0	13	7	5	0	95
gi|171462894|ref|YP_001797007.1|_1-82_2QAM:G:1-81	1	4	1	1	0	11	5	3	0	81
gi|171462895|ref|YP_001797008.1|_3-115_2GYC:M:3-115	2	3	1	3	0	12	8	7	0	113
gi|171462896|ref|YP_001797009.1|_82-162_2QAL:E:78-158	4	5	0	3	0	12	3	6	0	81
gi|171462896|ref|YP_001797009.1|_11-79_2QAL:E:9-77	5	3	0	1	0	8	3	2	0	69
gi|171462897|ref|YP_001797010.1|_7-60_2GYC:X:3-58	0	3	0	2	0	8	3	5	0	56
gi|171462898|ref|YP_001797011.1|_4-142_2GYA:J:4-143	1	2	0	0	0	24	22	4	0	140
gi|171462899|ref|YP_001797012.1|_16-426_1RH5:A:	4	2	2	14	0	28	20	20	0	422
gi|171462900|ref|YP_001797013.1|_1-70_1AH9:A:	0	7	1	0	0	13	6	4	0	71
gi|171462901|ref|YP_001797014.1|_1-38_2I2T:4:1-38	5	2	1	0	0	9	3	2	0	38
gi|171462902|ref|YP_001797015.1|_2-114_2GY9:M:1-114	2	0	0	6	0	12	10	5	0	114
gi|171462903|ref|YP_001797016.1|_20-135_2QAL:K:12-128	0	5	1	3	0	11	7	6	0	117
gi|171462904|ref|YP_001797017.1|_2-207_2GY9:D:2-205	4	4	2	8	0	22	12	14	0	204
gi|171462905|ref|YP_001797018.1|_50-174_1BDF:A:53-178	3	9	2	1	0	19	10	7	0	126
gi|171462905|ref|YP_001797018.1|_5-50,175-228_1BDF:A:2-52,A:179-232	1	4	1	2	0	10	8	2	1	105
gi|171462905|ref|YP_001797018.1|_249-323_1COO:A:	2	0	1	5	0	9	5	9	0	81
gi|171462906|ref|YP_001797019.1|_1-119_2QAM:N:1-120	2	3	1	5	0	12	7	10	0	120
gi|171462907|ref|YP_001797020.1|_10-113_1NZA:A:	0	4	0	3	0	6	5	3	0	103
gi|171462908|ref|YP_001797021.1|_24-143_1L6P:A:	1	10	1	1	0	10	2	4	0	121
gi|171462908|ref|YP_001797021.1|_439-554_1UC7:A:	2	5	1	5	0	17	7	6	0	124
gi|171462909|ref|YP_001797022.1|_7-336_1B4K:A:	6	10	5	13	0	35	19	22	0	326
gi|171462910|ref|YP_001797023.1|_8-208_1PUI:A:	2	7	3	5	0	15	9	7	0	188
gi|171462911|ref|YP_001797024.1|_54-138_1ETP:A:93-190	4	0	1	5	0	10	2	8	0	98
gi|171462911|ref|YP_001797024.1|_149-236_1ETP:A:93-190	4	0	1	5	0	10	2	8	0	98
gi|171462912|ref|YP_001797025.1|_36-299_1TWI:A:50-313	2	10	3	10	0	22	16	8	0	264
gi|171462912|ref|YP_001797025.1|_277-428_1TWI:A:15-49,A:314-448	3	12	2	3	0	22	7	10	1	170
gi|171462913|ref|YP_001797026.1|_10-118_1EW4:A:	1	6	0	2	0	9	4	7	0	106
gi|171462914|ref|YP_001797027.1|_5-354_1DQS:A:	3	13	4	15	0	30	16	22	0	388
gi|171462915|ref|YP_001797028.1|_1-155_1KAG:A:	0	5	1	7	0	12	8	5	0	169
gi|171462917|ref|YP_001797030.1|_248-270,299-350,453-769_2BG1:A:337-789	11	16	3	14	0	54	26	26	0	453
gi|171462917|ref|YP_001797030.1|_80-288_2OQO:A:57-243	2	0	3	10	0	18	11	7	0	187
gi|171462918|ref|YP_001797031.1|_21-250_1OXS:C:1-242	0	11	6	8	0	23	18	13	0	242
gi|171462923|ref|YP_001797036.1|_26-84_1VC1:A:	2	5	1	3	0	8	6	6	0	110
gi|171462924|ref|YP_001797037.1|_1-78_1NY8:A:	0	3	0	4	0	6	7	4	0	96
gi|171462925|ref|YP_001797038.1|_1-423_1EJD:A:	10	24	4	14	0	50	23	20	0	419
gi|171462926|ref|YP_001797039.1|_3-207_1VE4:A:1-206	0	11	1	8	0	20	11	12	0	206
gi|171462927|ref|YP_001797040.1|_33-438_1K75:A:	1	14	4	16	0	38	24	17	0	431
gi|171462928|ref|YP_001797041.1|_88-178_2AE8:A:85-179	2	6	0	2	0	10	5	5	0	95
gi|171462928|ref|YP_001797041.1|_2-85_2F1D:A:10-95	0	4	0	2	0	10	3	4	0	86
gi|171462929|ref|YP_001797042.1|_4-216_1KA9:H:	0	13	1	5	0	22	16	13	0	195
gi|171462930|ref|YP_001797043.1|_1-240_1VZW:A:2-240	3	10	2	11	0	20	11	10	0	239
gi|171462931|ref|YP_001797044.1|_1-251_1KA9:F:	2	11	1	10	0	25	15	15	0	251
gi|171462932|ref|YP_001797045.1|_22-129_1ZPS:A:8-131	3	8	1	1	0	13	9	7	0	124
gi|171462933|ref|YP_001797046.1|_33-117_2A7W:A:4-94	0	0	1	5	0	7	1	3	0	91
gi|171462934|ref|YP_001797047.1|_4-112_1RZY:A:	0	5	2	3	0	14	9	4	0	114
gi|171462938|ref|YP_001797051.1|_208-338_1OUV:A:	0	0	0	15	0	18	7	15	0	272
gi|171462939|ref|YP_001797052.1|_21-245,277-414_1E54:A:	5	19	2	1	0	26	15	20	0	331
gi|171462940|ref|YP_001797053.1|_6-116_1W3B:A:	0	0	0	23	0	35	6	26	0	388
gi|171462944|ref|YP_001797057.1|_1-141_3DHW:A:6-208	0	0	1	9	0	11	7	9	0	203
gi|171462945|ref|YP_001797058.1|_59-286_1KY9:A:11-259	1	12	2	3	0	19	15	10	0	249
gi|171462945|ref|YP_001797058.1|_248-374_1SOT:A:255-353	2	6	0	1	0	12	5	3	0	99
gi|171462946|ref|YP_001797059.1|_13-135_2OAR:A:10-118	0	2	0	5	0	8	2	3	0	118
gi|171462947|ref|YP_001797060.1|_31-194_1EZV:E:87-215	0	10	3	2	0	16	7	10	0	129
gi|171462948|ref|YP_001797061.1|_26-293_1BE3:C:1-260	3	2	4	9	0	12	15	13	0	260
gi|171462948|ref|YP_001797061.1|_294-316,363-452_1EZV:C:262-385	0	0	2	6	0	7	4	7	0	124
gi|171462949|ref|YP_001797062.1|_29-169,198-220_1BCC:D:1-195	4	4	1	7	0	20	13	15	0	195
gi|171462950|ref|YP_001797063.1|_1-101_1EEM:A:5-102	2	4	1	2	0	15	6	8	0	98
gi|171462950|ref|YP_001797063.1|_73-202_1PMT:A:81-201	2	0	2	6	0	8	7	10	0	121
gi|171462951|ref|YP_001797064.1|_3-106_1OX8:A:	2	7	3	1	0	11	3	6	0	107
gi|171462952|ref|YP_001797065.1|_6-62_1HZ4:A:	0	0	2	19	0	22	5	20	0	366
gi|171462953|ref|YP_001797066.1|_2-126_1W3B:A:	0	0	0	23	0	35	6	26	0	388
gi|171462953|ref|YP_001797066.1|_154-401_1PSW:A:	0	12	6	13	0	35	21	21	0	348
gi|171462954|ref|YP_001797067.1|_120-316_2IW1:A:2-371	0	15	4	16	0	41	26	17	0	370
gi|171462956|ref|YP_001797069.1|_1-101_1WIK:A:	0	4	0	5	0	14	12	6	0	108
gi|171462957|ref|YP_001797070.1|_26-278_1T43:A:	2	9	3	11	0	29	18	14	0	274
gi|171462958|ref|YP_001797071.1|_12-353_2B3T:B:7-354	1	11	3	7	0	25	15	13	0	344
gi|171462959|ref|YP_001797072.1|_12-178_1GPJ:A:1-143	0	4	0	6	0	10	6	12	0	143
gi|171462959|ref|YP_001797072.1|_184-338_1GPJ:A:144-302	2	6	2	6	0	18	12	7	0	159
gi|171462959|ref|YP_001797072.1|_342-441_1GPJ:A:303-404	0	0	0	3	0	4	3	4	0	102
gi|171462961|ref|YP_001797074.1|_10-247_3EUG:A:	1	6	4	8	0	19	17	15	0	225
gi|171462962|ref|YP_001797075.1|_498-570_1WHA:A:	1	5	0	2	0	18	10	7	0	104
gi|171462962|ref|YP_001797075.1|_221-431_1HS6:A:209-460	1	7	4	11	0	19	10	13	0	252
gi|171462963|ref|YP_001797076.1|_93-235_1EEJ:A:61-216	0	6	1	7	0	13	7	10	0	156
gi|171462963|ref|YP_001797076.1|_27-85_1EEJ:A:1-60	0	6	0	1	0	7	4	4	0	60
gi|171462964|ref|YP_001797077.1|_22-198,293-412_1FOH:A:1-240,A:342-461	4	15	4	9	0	43	22	18	1	360
gi|171462965|ref|YP_001797078.1|_3-302_1JAL:A:1-278	0	7	4	11	0	25	14	14	0	278
gi|171462965|ref|YP_001797078.1|_280-360_1JAL:A:279-363	2	5	0	4	0	11	3	7	0	85
gi|171462969|ref|YP_001797082.1|_1-266_1PII:A:1-254	0	12	2	11	0	27	19	14	0	254
gi|171462970|ref|YP_001797083.1|_78-339_1V8G:A:66-329	3	7	5	11	0	22	10	13	0	264
gi|171462970|ref|YP_001797083.1|_4-71_1V8G:A:1-65	0	0	0	4	0	6	2	3	0	65
gi|171462971|ref|YP_001797084.1|_1-187_1QDL:B:	1	9	0	6	0	17	14	12	0	195
gi|171462972|ref|YP_001797085.1|_14-488_1QDL:A:	4	22	4	9	0	41	30	16	0	422
gi|171462973|ref|YP_001797086.1|_10-234_1TQJ:A:	4	8	7	8	0	20	12	13	0	221
gi|171462974|ref|YP_001797087.1|_11-130_1XQ4:A:	2	8	2	0	0	14	6	5	0	123
gi|171462975|ref|YP_001797088.1|_16-375_2G5D:A:40-441	6	20	2	9	0	42	24	24	0	402
gi|171462976|ref|YP_001797089.1|_2-248_2DUB:A:	2	10	4	11	0	25	14	14	0	259
gi|171462977|ref|YP_001797090.1|_6-402_1BS0:A:	7	14	3	14	0	42	23	18	0	383
gi|171462978|ref|YP_001797091.1|_44-123_1ZPY:A:4-94	0	0	1	3	0	8	4	2	0	91
gi|171462979|ref|YP_001797092.1|_5-116,217-310_1M6Y:A:2-114,A:216-294	1	7	4	9	0	21	11	11	1	192
gi|171462979|ref|YP_001797092.1|_117-217_1WG8:A:109-206	2	0	1	5	0	10	7	3	0	98
gi|171462981|ref|YP_001797094.1|_180-561_1K25:A:264-631	13	8	1	7	0	33	20	17	0	368
gi|171462981|ref|YP_001797094.1|_60-227_1QME:A:71-263	2	6	0	3	0	12	4	4	0	193
gi|171462982|ref|YP_001797095.1|_106-350_1E8C:A:104-337	3	10	2	8	0	23	13	12	0	234
gi|171462982|ref|YP_001797095.1|_352-509_1E8C:A:338-497	1	8	1	5	0	21	15	10	0	157
gi|171462982|ref|YP_001797095.1|_24-105_1E8C:A:3-103	4	5	2	3	0	15	3	9	0	101
gi|171462983|ref|YP_001797096.1|_110-325_1GG4:A:99-312	2	9	1	7	0	21	11	13	0	214
gi|171462983|ref|YP_001797096.1|_326-474_1GG4:A:313-447	0	6	1	5	0	9	8	7	0	135
gi|171462983|ref|YP_001797096.1|_19-105_1GG4:A:1-98	2	7	1	3	0	14	9	4	0	98
gi|171462985|ref|YP_001797098.1|_146-295,329-386_2UAG:A:94-297	1	9	5	6	0	22	8	9	0	204
gi|171462985|ref|YP_001797098.1|_388-531_2UAG:A:298-437	2	6	3	4	0	14	12	9	0	140
gi|171462985|ref|YP_001797098.1|_24-122_2UAG:A:1-93	1	5	1	3	0	13	8	8	0	93
gi|171462987|ref|YP_001797100.1|_1-345_1F0K:A:	0	13	3	16	0	35	15	23	0	363
gi|171462988|ref|YP_001797101.1|_91-315_1P3D:A:107-321	0	10	2	6	0	17	12	13	0	215
gi|171462988|ref|YP_001797101.1|_316-471_1P3D:A:322-473	3	6	1	6	0	16	8	9	0	152
gi|171462988|ref|YP_001797101.1|_6-92_1P3D:A:11-106	0	5	1	3	0	11	6	9	0	96
gi|171462989|ref|YP_001797102.1|_121-327_1IOW:A:97-306	1	10	1	8	0	21	10	13	0	210
gi|171462989|ref|YP_001797102.1|_29-121_1IOW:A:1-96	1	3	1	3	0	9	5	6	0	96
gi|171462991|ref|YP_001797104.1|_8-196_1E4F:T:7-199	0	13	0	4	0	16	10	7	0	193
gi|171462991|ref|YP_001797104.1|_197-376_1E4F:T:200-390	0	8	4	7	0	20	8	8	0	191
gi|171462992|ref|YP_001797105.1|_16-207_1OFU:A:11-208	2	6	3	8	0	14	11	8	0	198
gi|171462992|ref|YP_001797105.1|_204-319_1OFU:A:209-317	0	4	2	3	0	11	6	7	0	109
gi|171462993|ref|YP_001797106.1|_1-166_1TP9:A:1-162	1	9	0	6	0	18	11	13	0	162
gi|171462994|ref|YP_001797107.1|_133-278_2GO3:A:134-279	1	9	3	3	0	20	8	9	0	146
gi|171462994|ref|YP_001797107.1|_2-124_1P42:A:2-127	2	10	1	2	0	12	6	7	0	120
gi|171462996|ref|YP_001797109.1|_5-228,371-418_1M6N:A:1-226,A:349-395	0	9	4	12	0	18	13	11	1	273
gi|171462996|ref|YP_001797109.1|_632-850,897-909_1M6N:A:571-802	0	1	1	6	0	16	14	9	0	232
gi|171462996|ref|YP_001797109.1|_420-628_1NKT:A:397-615	0	7	1	9	0	18	13	16	0	219
gi|171462996|ref|YP_001797109.1|_227-371_1M6N:A:227-348	4	2	2	5	0	15	3	11	0	122
gi|171462997|ref|YP_001797110.1|_2-184_1Q1R:A:2-114,A:248-319	4	13	3	4	0	23	16	10	1	185
gi|171462997|ref|YP_001797110.1|_147-308_1Q1R:A:2-114,A:248-319	4	13	3	4	0	23	16	10	1	185
gi|171462999|ref|YP_001797112.1|_16-408_1VZ6:A:	3	14	2	11	0	35	15	19	0	383
gi|171463000|ref|YP_001797113.1|_4-117_1PUN:A:	3	5	2	2	0	22	12	8	0	129
gi|171463001|ref|YP_001797114.1|_1-248_2OEZ:A:1-245	2	7	2	9	0	17	9	11	0	244
gi|171463002|ref|YP_001797115.1|_2-193_1N3B:A:	0	5	2	8	0	16	7	7	0	204
gi|171463005|ref|YP_001797118.1|_3-198_1P9R:A:	2	16	4	14	0	37	18	18	0	417
gi|171463006|ref|YP_001797119.1|_197-333_2YZQ:A:1-122	3	7	1	3	0	11	9	5	0	122
gi|171463006|ref|YP_001797119.1|_345-427_2O1R:A:1-78	2	5	0	2	0	9	4	5	0	77
gi|171463007|ref|YP_001797120.1|_84-168_1MGT:A:89-169	2	2	1	4	0	10	4	7	0	81
gi|171463007|ref|YP_001797120.1|_15-90_1QNT:A:6-91	1	3	1	2	0	9	6	2	0	86
gi|171463008|ref|YP_001797121.1|_29-229_1I7O:A:214-429	6	15	5	3	0	34	15	10	0	216
gi|171463010|ref|YP_001797123.1|_9-333_1RTR:A:	0	2	1	13	0	16	12	13	0	290
gi|171463011|ref|YP_001797124.1|_1-101_2I2T:R:1-103	2	6	0	0	0	16	7	4	0	103
gi|171463012|ref|YP_001797125.1|_2-79_2GYC:U:1-84	2	0	0	0	0	13	12	0	0	84
gi|171463013|ref|YP_001797126.1|_151-341_1UDX:A:157-336	0	7	2	6	0	22	13	8	0	180
gi|171463013|ref|YP_001797126.1|_2-158_1UDX:A:1-156	6	9	1	0	0	21	9	6	0	156
gi|171463014|ref|YP_001797127.1|_7-257_2AKO:A:2-251	6	8	3	9	0	26	12	9	0	250
gi|171463015|ref|YP_001797128.1|_6-160_1F3Y:A:	3	7	4	4	0	22	11	3	0	165
gi|171463016|ref|YP_001797129.1|_10-237,409-480_1NJ8:A:0-267	9	12	1	7	0	30	16	15	0	267
gi|171463016|ref|YP_001797129.1|_218-391_1WDV:A:	3	8	3	5	0	21	9	9	0	150
gi|171463016|ref|YP_001797129.1|_465-574_1HC7:A:277-403	1	5	1	4	0	10	5	8	0	127
gi|171463017|ref|YP_001797130.1|_96-301_1LS1:A:89-295	0	8	2	7	0	20	6	8	0	207
gi|171463017|ref|YP_001797130.1|_301-433_1HQ1:A:	0	0	1	5	0	7	2	3	0	104
gi|171463017|ref|YP_001797130.1|_1-90_1LS1:A:1-88	0	0	0	4	0	6	4	4	0	88
gi|171463019|ref|YP_001797132.1|_35-210_1J3G:A:	2	11	1	4	0	31	23	11	0	187
gi|171463020|ref|YP_001797133.1|_388-832,863-931_1RLR:A:222-748	8	15	8	19	0	57	32	28	0	525
gi|171463020|ref|YP_001797133.1|_176-387_1RLR:A:10-221	2	1	1	11	0	20	13	16	0	212
gi|171463021|ref|YP_001797134.1|_62-365_1SYY:A:	2	0	5	13	0	24	15	12	0	317
gi|171463023|ref|YP_001797136.1|_4-303_2FV7:A:15-322	0	14	5	10	0	34	19	14	0	308
gi|171463026|ref|YP_001797139.1|_54-289_1UFK:A:	0	14	4	9	0	22	7	12	0	254
gi|171463027|ref|YP_001797140.1|_83-350_1DV1:A:115-330	3	7	1	6	0	20	10	7	0	216
gi|171463027|ref|YP_001797140.1|_1-113_1DV1:A:1-114	0	5	2	5	0	11	5	6	0	114
gi|171463027|ref|YP_001797140.1|_331-445_1DV1:A:331-446	3	7	0	4	0	16	7	5	0	116
gi|171463028|ref|YP_001797141.1|_80-153_1BDO:A:	0	8	0	0	0	15	7	6	0	80
gi|171463029|ref|YP_001797142.1|_6-148_1UQR:A:	0	5	5	5	0	14	8	9	0	146
gi|171463031|ref|YP_001797144.1|_6-171_1KNG:A:	4	7	1	5	0	17	8	10	0	144
gi|171463032|ref|YP_001797145.1|_102-315_1P3D:A:107-321	0	10	2	6	0	17	12	13	0	215
gi|171463032|ref|YP_001797145.1|_318-462_1P3D:A:322-473	3	6	1	6	0	16	8	9	0	152
gi|171463032|ref|YP_001797145.1|_1-93_1P3D:A:11-106	0	5	1	3	0	11	6	9	0	96
gi|171463033|ref|YP_001797146.1|_6-243_1I01:A:	2	7	3	9	0	21	12	12	0	241
gi|171463034|ref|YP_001797147.1|_249-588_2R7D:A:3-403	4	13	1	12	0	38	19	23	0	401
gi|171463036|ref|YP_001797149.1|_119-287_1NYT:A:102-271	0	6	4	6	0	18	9	9	0	170
gi|171463036|ref|YP_001797149.1|_20-118_1NYT:A:1-101	0	6	0	4	0	15	6	7	0	101
gi|171463037|ref|YP_001797150.1|_54-236_2OQO:A:57-243	2	0	3	10	0	18	11	7	0	187
gi|171463038|ref|YP_001797151.1|_8-266_2Q8L:A:1-323	0	10	7	15	0	24	13	12	0	323
gi|171463039|ref|YP_001797152.1|_1-259_2IUB:A:9-285	0	7	2	6	0	23	14	10	0	281
gi|171463039|ref|YP_001797152.1|_255-317_2IUB:A:286-349	0	0	0	2	0	2	2	2	0	64
gi|171463040|ref|YP_001797153.1|_3-70_2A9S:A:1-167	0	5	1	6	0	14	11	9	0	167
gi|171463041|ref|YP_001797154.1|_3-66_2A9S:A:1-167	0	5	1	6	0	14	11	9	0	167
gi|171463042|ref|YP_001797155.1|_19-180_1Y9I:A:	0	0	2	9	0	13	3	12	0	159
gi|171463043|ref|YP_001797156.1|_83-174_1AY7:B:	0	3	1	4	0	7	4	6	0	89
gi|171463044|ref|YP_001797157.1|_72-245_1NXZ:A:74-247	2	7	1	5	0	23	8	7	0	172
gi|171463044|ref|YP_001797157.1|_1-66_1NXZ:A:2-73	0	6	0	1	0	10	4	4	0	72
gi|171463045|ref|YP_001797158.1|_6-330_1QGD:A:2-332	2	7	3	13	0	33	13	24	0	331
gi|171463045|ref|YP_001797158.1|_337-525_1QGD:A:333-527	1	8	3	7	0	22	12	13	0	195
gi|171463045|ref|YP_001797158.1|_532-662_1QGD:A:528-663	0	5	3	7	0	17	10	6	0	136
gi|171463046|ref|YP_001797159.1|_159-322_1OBF:O:153-314	0	8	3	3	0	16	10	8	0	162
gi|171463046|ref|YP_001797159.1|_1-178_1OBF:O:1-152,O:315-335	0	11	2	4	0	21	14	10	1	173
gi|171463047|ref|YP_001797160.1|_25-157_1MZB:A:	1	5	0	5	0	12	4	5	0	134
gi|171463049|ref|YP_001797162.1|_1-124,234-264_1DIH:A:2-130,A:241-273	1	8	1	5	0	21	13	10	1	162
gi|171463049|ref|YP_001797162.1|_125-234_1DIH:A:131-240	0	5	1	2	0	11	5	8	0	110
gi|171463050|ref|YP_001797163.1|_5-231,434-693_1H3N:A:1-225,A:418-686	9	23	6	18	0	52	29	25	1	494
gi|171463050|ref|YP_001797163.1|_233-430_1H3N:A:226-417	2	9	3	5	0	22	15	12	0	192
gi|171463050|ref|YP_001797163.1|_689-889_1H3N:A:687-814	0	0	2	6	0	9	4	4	0	128
gi|171463052|ref|YP_001797165.1|_11-226_1JR3:D:1-211	1	8	0	9	0	22	7	12	0	211
gi|171463052|ref|YP_001797165.1|_228-347_1JR3:D:212-338	0	0	0	7	0	10	8	6	0	127
gi|171463053|ref|YP_001797166.1|_7-424_1O20:A:	1	16	5	14	0	43	24	19	0	414
gi|171463055|ref|YP_001797168.1|_154-229,300-361,416-471_2OKC:A:9-433	2	9	3	16	0	39	24	24	0	425
gi|171463056|ref|YP_001797169.1|_2-54_1IU5:A:	4	3	3	0	0	10	1	6	0	51
gi|171463057|ref|YP_001797170.1|_4-432_2GSA:A:	8	14	5	15	0	41	26	32	0	427
gi|171463058|ref|YP_001797171.1|_3-257_1G5B:A:	2	10	3	8	0	26	14	12	0	219
gi|171463059|ref|YP_001797172.1|_211-488_1DNP:A:201-469	0	0	5	14	0	25	15	19	0	269
gi|171463059|ref|YP_001797172.1|_4-190_1OWL:A:3-204	0	5	2	7	0	23	14	9	0	202
gi|171463060|ref|YP_001797173.1|_27-214_2GZO:A:1-187	6	9	0	6	0	28	18	9	0	187
gi|171463061|ref|YP_001797174.1|_12-136_1NU0:A:	1	6	0	4	0	10	3	5	0	138
gi|171463062|ref|YP_001797175.1|_3-142_1UFR:A:	1	9	0	4	0	15	8	5	0	178
gi|171463063|ref|YP_001797176.1|_18-321_1TUG:A:1-150,A:151-310	5	9	6	10	0	36	22	16	1	310
gi|171463064|ref|YP_001797177.1|_76-288_1GZ5:A:	6	16	7	18	0	41	25	25	0	456
gi|171463072|ref|YP_001797185.1|_26-113_1QG8:A:	2	9	4	8	0	22	13	12	0	255
gi|171463073|ref|YP_001797186.1|_2-335_1G1A:A:	3	13	4	12	0	40	20	14	0	352
gi|171463074|ref|YP_001797187.1|_1-285_1N2S:A:	5	12	2	11	0	34	18	12	0	298
gi|171463075|ref|YP_001797188.1|_5-290_1FXO:A:	0	13	5	12	0	26	18	21	0	292
gi|171463076|ref|YP_001797189.1|_7-183_1DZR:A:	2	13	2	2	0	21	7	11	0	183
gi|171463077|ref|YP_001797190.1|_15-349_1PSW:A:	0	12	6	13	0	35	21	21	0	348
gi|171463078|ref|YP_001797191.1|_33-186,213-236_1EK9:A:	0	7	2	9	0	18	12	9	0	428
gi|171463082|ref|YP_001797195.1|_11-183,219-266_2FCA:A:10-213	1	7	5	7	0	20	17	11	0	204
gi|171463083|ref|YP_001797196.1|_11-489_1WND:A:	8	21	3	16	0	44	25	26	0	474
gi|171463084|ref|YP_001797197.1|_26-162_1EY1:A:	0	0	0	6	0	12	9	6	0	139
gi|171463085|ref|YP_001797198.1|_13-155_1RVV:1:	0	7	2	5	0	10	8	7	0	154
gi|171463086|ref|YP_001797199.1|_4-205_1G57:A:	5	7	3	7	0	24	12	10	0	209
gi|171463086|ref|YP_001797199.1|_207-374_2BZ1:A:1-174	0	7	0	7	0	17	9	10	0	174
gi|171463091|ref|YP_001797204.1|_7-88_1OQW:A:	5	6	1	2	0	19	5	9	0	144
gi|171463092|ref|YP_001797205.1|_151-366_2B3Z:A:146-359	4	9	0	7	0	26	18	13	0	214
gi|171463092|ref|YP_001797205.1|_6-150_2B3Z:A:1-145	0	5	2	6	0	12	10	9	0	145
gi|171463093|ref|YP_001797206.1|_91-201_1I8D:A:94-206	2	6	2	2	0	13	5	4	0	113
gi|171463093|ref|YP_001797206.1|_1-91_1KZL:A:1-92	1	6	2	1	0	13	4	5	0	92
gi|171463094|ref|YP_001797207.1|_22-197_2PG3:A:1-230	0	5	1	10	0	19	14	11	0	230
gi|171463095|ref|YP_001797208.1|_126-229_1FCH:A:	0	0	2	17	0	24	6	19	0	323
gi|171463096|ref|YP_001797209.1|_57-163_1OAP:A:	0	4	2	3	0	13	6	6	0	108
gi|171463097|ref|YP_001797210.1|_132-400_1K32:A:39-319	1	27	1	0	0	31	19	21	0	281
gi|171463097|ref|YP_001797210.1|_7-133_1CRZ:A:7-140	0	6	2	3	0	17	10	5	0	134
gi|171463098|ref|YP_001797211.1|_176-275_1LR0:A:	2	3	1	4	0	12	4	5	0	128
gi|171463101|ref|YP_001797214.1|_6-413_1DFO:A:	3	15	4	16	0	43	24	23	0	416
gi|171463103|ref|YP_001797216.1|_1-219_1E4Y:A:1-121,A:157-214	0	5	2	9	0	11	9	11	1	179
gi|171463104|ref|YP_001797217.1|_10-251_1VH1:A:	1	11	0	10	0	26	12	14	0	246
gi|171463105|ref|YP_001797218.1|_1-55_2HF1:A:2-60	2	6	2	1	0	8	0	4	0	59
gi|171463106|ref|YP_001797219.1|_54-164_1PF4:A:321-564	3	9	2	6	0	30	21	8	0	243
gi|171463110|ref|YP_001797223.1|_225-343,381-401_1RWI:A:	0	24	4	0	0	44	15	15	0	269
gi|171463111|ref|YP_001797224.1|_219-345_1UXY:A:201-342	2	9	0	5	0	19	9	8	0	142
gi|171463111|ref|YP_001797224.1|_19-206_1UXY:A:3-200	6	11	7	2	0	17	11	15	0	198
gi|171463112|ref|YP_001797225.1|_2-87_1IN0:A:2-89	1	5	2	2	0	7	2	5	0	88
gi|171463112|ref|YP_001797225.1|_89-161_1IN0:A:90-163	0	4	0	2	0	7	5	3	0	74
gi|171463113|ref|YP_001797226.1|_116-304_1A0P:A:111-292	4	3	3	8	0	17	7	7	0	182
gi|171463113|ref|YP_001797226.1|_13-105_1A0P:A:3-100	0	0	0	4	0	8	5	5	0	98
gi|171463115|ref|YP_001797228.1|_5-122_2UUI:A:2-147	0	0	2	4	0	6	4	4	0	146
gi|171463120|ref|YP_001797233.1|_23-102_1HLQ:A:	4	2	2	1	0	13	6	11	0	75
gi|171463715|ref|YP_001797828.1|_23-102_1HLQ:A:	4	2	2	1	0	13	6	11	0	75
gi|171463123|ref|YP_001797236.1|_198-490_1O4T:A:	0	11	2	0	0	13	8	5	0	115
gi|171463123|ref|YP_001797236.1|_4-302_2CU2:A:1-268	4	11	7	10	0	28	13	12	0	268
gi|171463124|ref|YP_001797237.1|_1-256_1TZF:A:	0	16	4	7	0	27	12	15	0	258
gi|171463125|ref|YP_001797238.1|_10-349_1WVG:A:4-358	7	11	4	15	0	39	12	15	0	355
gi|171463126|ref|YP_001797239.1|_11-289_1VLI:A:2-296	5	10	5	10	0	34	17	18	0	295
gi|171463127|ref|YP_001797240.1|_23-252_1I01:A:	2	7	3	9	0	21	12	12	0	241
gi|171463128|ref|YP_001797241.1|_11-352_1DQS:A:	3	13	4	15	0	30	16	22	0	388
gi|171463129|ref|YP_001797242.1|_27-347_2B69:A:4-315	4	13	3	9	0	33	14	16	0	312
gi|171463130|ref|YP_001797243.1|_376-562_1YBH:A:460-667	6	6	2	8	0	28	15	12	0	208
gi|171463130|ref|YP_001797243.1|_1-180_1YBH:A:86-280	0	8	4	9	0	19	7	8	0	195
gi|171463130|ref|YP_001797243.1|_161-369_1POX:A:183-365	2	5	4	5	0	18	10	7	0	183
gi|171463132|ref|YP_001797245.1|_101-291_2P7I:A:22-246	0	7	4	10	0	24	14	11	0	225
gi|171463133|ref|YP_001797246.1|_4-256_1QG8:A:	2	9	4	8	0	22	13	12	0	255
gi|171463136|ref|YP_001797249.1|_57-191_1C4R:A:	3	12	1	1	0	19	10	8	0	180
gi|171463138|ref|YP_001797251.1|_10-45,182-436_1SU4:A:1-124,A:240-343,A:751-994	1	1	8	18	0	32	20	22	2	472
gi|171463141|ref|YP_001797254.1|_1-238_1FGX:A:	6	11	2	6	0	34	20	14	0	272
gi|171463147|ref|YP_001797260.1|_15-101_1SMT:A:	1	2	0	5	0	9	4	3	0	98
gi|171463153|ref|YP_001797266.1|_26-232_2O3B:A:35-274	6	8	7	5	0	29	18	15	0	240
gi|171463154|ref|YP_001797267.1|_185-306_1QSA:A:451-618	3	0	1	9	0	18	9	10	0	168
gi|171463155|ref|YP_001797268.1|_5-741_1ITW:A:	7	24	5	28	0	71	35	34	0	740
gi|171463156|ref|YP_001797269.1|_6-128_1X0P:A:102-243	0	5	2	4	0	17	9	7	0	142
gi|171463157|ref|YP_001797270.1|_66-316_1XDY:A:	8	12	7	7	0	35	16	17	0	269
gi|171463158|ref|YP_001797271.1|_3-66_1QWD:A:	2	11	2	2	0	19	8	10	0	176
gi|171463163|ref|YP_001797276.1|_64-233_1KSK:A:60-231	2	9	2	4	0	23	8	13	0	172
gi|171463163|ref|YP_001797276.1|_7-85_2GY9:D:2-205	4	4	2	8	0	22	12	14	0	204
gi|171463164|ref|YP_001797277.1|_15-90_1RU0:A:	4	4	0	3	0	10	3	5	0	100
gi|171463167|ref|YP_001797280.1|_141-231_1M5Y:A:279-386	1	4	2	3	0	13	4	5	0	108
gi|171463167|ref|YP_001797280.1|_30-169_1M5Y:A:25-164,A:395-427	0	3	0	7	0	10	2	6	1	173
gi|171463168|ref|YP_001797281.1|_2-159_1RA9:A:	0	10	3	4	0	23	15	4	0	159
gi|171463169|ref|YP_001797282.1|_1-264_1QQQ:A:	2	10	4	7	0	22	12	12	0	264
gi|171463170|ref|YP_001797283.1|_2-134_1TRB:A:119-244	1	8	1	4	0	13	10	6	0	126
gi|171463171|ref|YP_001797284.1|_1-98_7FD1:A:	1	4	5	3	0	18	4	9	0	106
gi|171463173|ref|YP_001797286.1|_72-152_1G8L:A:327-409	2	5	1	1	0	16	6	6	0	83
gi|171463173|ref|YP_001797286.1|_2-66_1G8L:A:178-326	1	9	0	5	0	17	13	5	0	149
gi|171463174|ref|YP_001797287.1|_1-145_1E5K:A:	0	9	1	7	0	22	13	14	0	188
gi|171463175|ref|YP_001797288.1|_39-124_1SMX:A:	2	5	4	0	0	12	5	5	0	87
gi|171463176|ref|YP_001797289.1|_108-333_1V9K:A:	3	12	0	5	0	29	16	13	0	227
gi|171463176|ref|YP_001797289.1|_31-82_1FJG:D:	4	4	3	8	0	22	11	17	0	208
gi|171463177|ref|YP_001797290.1|_9-222_2HSZ:A:1-224	1	8	4	8	0	23	14	13	0	224
gi|171463178|ref|YP_001797291.1|_57-176,205-265_1Y7O:A:2-193	3	8	0	7	0	19	7	8	0	192
gi|171463179|ref|YP_001797292.1|_5-253_1WYZ:A:2-234	0	10	1	9	0	23	14	9	0	233
gi|171463180|ref|YP_001797293.1|_10-193_1EX2:A:	0	7	2	6	0	12	9	11	0	185
gi|171463182|ref|YP_001797295.1|_2-55_2I2T:0:1-56	0	2	0	1	0	10	7	3	0	56
gi|171463183|ref|YP_001797296.1|_3-331_1VI1:A:	4	12	2	12	0	37	22	19	0	344
gi|171463184|ref|YP_001797297.1|_5-327_1HNJ:A:1-174	1	8	2	7	0	21	11	7	0	174
gi|171463185|ref|YP_001797298.1|_3-120,190-308_1MLA:A:3-127,A:198-307	2	5	1	12	0	22	14	13	1	235
gi|171463185|ref|YP_001797298.1|_126-197_1MLA:A:128-197	0	4	0	2	0	6	5	4	0	70
gi|171463186|ref|YP_001797299.1|_7-246_1I01:A:	2	7	3	9	0	21	12	12	0	241
gi|171463187|ref|YP_001797300.1|_2-76_1T8K:A:	2	0	1	4	0	8	0	6	0	77
gi|171463188|ref|YP_001797301.1|_8-256_2GFV:A:2-251	6	7	3	10	0	28	13	17	0	250
gi|171463188|ref|YP_001797301.1|_218-413_2GFV:A:252-412	5	7	4	4	0	22	9	6	0	161
gi|171463189|ref|YP_001797302.1|_24-261_1KY9:A:11-259	1	12	2	3	0	19	15	10	0	249
gi|171463189|ref|YP_001797302.1|_228-352_1KY9:A:260-353	4	4	0	2	0	14	9	8	0	94
gi|171463189|ref|YP_001797302.1|_386-472_1SOT:A:255-353	2	6	0	1	0	12	5	3	0	99
gi|171463190|ref|YP_001797303.1|_3-205_1N0U:A:3-343	9	9	5	14	0	30	13	15	0	341
gi|171463190|ref|YP_001797303.1|_404-498_1WDT:A:570-665	0	5	4	2	0	9	4	6	0	96
gi|171463190|ref|YP_001797303.1|_182-277_2BV3:A:283-403	1	12	0	0	0	15	9	9	0	121
gi|171463190|ref|YP_001797303.1|_297-375_1WDT:A:378-454	0	4	0	2	0	6	3	3	0	77
gi|171463191|ref|YP_001797304.1|_58-264_1B12:A:	5	17	5	1	0	32	10	16	0	247
gi|171463192|ref|YP_001797305.1|_7-148_1O0W:A:1-167	2	0	1	10	0	12	5	7	0	167
gi|171463192|ref|YP_001797305.1|_112-226_1RC7:A:151-220	0	3	0	2	0	5	4	2	0	70
gi|171463193|ref|YP_001797306.1|_183-296_1EGA:A:183-295	0	3	2	4	0	9	6	5	0	113
gi|171463193|ref|YP_001797306.1|_2-206_1EGA:A:4-182	1	7	0	5	0	17	11	10	0	179
gi|171463194|ref|YP_001797307.1|_9-80_1U5K:A:2-80	0	5	0	0	0	8	4	6	0	79
gi|171463194|ref|YP_001797307.1|_89-222_1U5K:A:81-237	2	2	3	6	0	16	13	6	0	157
gi|171463195|ref|YP_001797308.1|_1-127_1F7L:A:	2	5	1	4	0	11	5	6	0	118
gi|171463196|ref|YP_001797309.1|_11-314_1TR9:A:	4	10	5	10	1	41	27	19	0	340
gi|171463197|ref|YP_001797310.1|_8-102_1Y9K:A:1-152	0	9	2	5	0	15	7	6	0	151
gi|171463198|ref|YP_001797311.1|_129-185_1UEB:A:127-184	0	5	0	0	0	7	4	4	0	58
gi|171463198|ref|YP_001797311.1|_65-125_1UEB:A:64-126	1	5	2	0	0	5	1	5	0	63
gi|171463198|ref|YP_001797311.1|_1-63_1UEB:A:1-63	0	6	1	0	0	7	2	4	0	63
gi|171463200|ref|YP_001797313.1|_515-618_1KFT:A:	0	0	1	4	0	6	4	4	0	56
gi|171463200|ref|YP_001797313.1|_1-84_1MK0:A:	0	3	0	3	0	8	5	3	0	97
gi|171463200|ref|YP_001797313.1|_174-226_1E52:A:	0	0	0	3	0	5	3	3	0	56
gi|171463202|ref|YP_001797315.1|_109-235_1JHF:A:73-198	1	9	3	0	0	16	8	10	0	126
gi|171463202|ref|YP_001797315.1|_17-83_1JHF:A:2-72	0	2	0	3	0	6	4	2	0	71
gi|171463203|ref|YP_001797316.1|_1-104_2QAL:F:1-100	4	4	1	2	0	15	7	5	0	100
gi|171463204|ref|YP_001797317.1|_2-70_1V1Q:A:	0	5	2	0	0	10	4	7	0	133
gi|171463205|ref|YP_001797318.1|_8-82_2QAL:R:19-73	2	0	1	2	0	7	5	3	0	55
gi|171463206|ref|YP_001797319.1|_60-148_2GYC:F:59-149	1	5	0	2	0	10	6	4	0	91
gi|171463206|ref|YP_001797319.1|_1-56_2GYC:F:1-58	0	3	0	1	0	7	3	1	0	58
gi|171463207|ref|YP_001797320.1|_205-455_1CR1:A:	2	9	1	9	0	25	13	10	0	277
gi|171463207|ref|YP_001797320.1|_27-138_1JWE:A:	0	0	3	6	0	7	4	6	0	114
gi|171463209|ref|YP_001797322.1|_4-153_2A4V:A:59-214	3	7	0	5	0	19	8	9	0	156
gi|171463210|ref|YP_001797323.1|_15-41,86-276_1Z7A:A:4-304	3	9	3	9	0	32	19	15	0	301
gi|171463211|ref|YP_001797324.1|_2-336_2BLL:A:316-657	7	13	6	11	0	36	15	17	0	342
gi|171463212|ref|YP_001797325.1|_1-202_2BLN:A:1-203	1	9	2	6	0	24	10	10	0	203
gi|171463212|ref|YP_001797325.1|_201-248_2BLN:A:204-304	5	6	1	2	0	11	7	9	0	101
gi|171463213|ref|YP_001797326.1|_8-251_1XHB:A:95-422	1	12	5	11	0	35	18	17	0	328
gi|171463214|ref|YP_001797327.1|_8-383_1MDO:A:	9	15	2	14	0	43	16	20	0	376
gi|171463216|ref|YP_001797329.1|_1-122_2FVT:A:1-127	0	8	0	3	0	16	11	8	0	127
gi|171463217|ref|YP_001797330.1|_1-279_1XI9:A:	3	15	6	14	0	41	17	19	0	405
gi|171463218|ref|YP_001797331.1|_137-302_1EBF:A:151-340	1	5	3	7	0	18	12	11	0	190
gi|171463218|ref|YP_001797331.1|_1-158_1CER:O:1-148,O:313-333	2	9	3	5	0	23	13	10	1	169
gi|171463218|ref|YP_001797331.1|_353-418_1YGY:A:452-529	0	4	0	2	0	7	5	3	0	78
gi|171463219|ref|YP_001797332.1|_1-479_1KL7:A:	5	14	3	20	0	57	37	25	0	511
gi|171463220|ref|YP_001797333.1|_6-152_1G8L:A:7-177	9	12	2	3	0	29	9	12	0	171
gi|171463220|ref|YP_001797333.1|_152-214_1G8L:A:178-326	1	9	0	5	0	17	13	5	0	149
gi|171463221|ref|YP_001797334.1|_1-43_1VJK:A:	5	4	1	2	0	13	5	6	0	97
gi|171463222|ref|YP_001797335.1|_27-172_1FM0:E:	0	8	0	4	0	13	4	5	0	149
gi|171463223|ref|YP_001797336.1|_1-73_1MK0:A:	0	3	0	3	0	8	5	3	0	97
gi|171463224|ref|YP_001797337.1|_159-520_1QVR:A:149-535	0	8	0	16	0	30	17	16	0	387
gi|171463224|ref|YP_001797337.1|_553-856_1QVR:A:536-850	5	9	4	14	0	30	21	15	0	315
gi|171463224|ref|YP_001797337.1|_4-156_1KHY:A:	4	0	0	8	0	14	5	8	0	139
gi|171463225|ref|YP_001797338.1|_1-118_2OIK:A:6-144	0	5	1	3	0	19	13	6	0	139
gi|171463231|ref|YP_001797344.1|_3-217_2ABK:A:	0	0	3	10	0	19	15	10	0	211
gi|171463232|ref|YP_001797345.1|_9-149_1H7W:A:845-1017	3	6	3	4	0	18	10	9	0	173
gi|171463233|ref|YP_001797346.1|_107-410_1I6W:A:	3	6	5	5	0	21	9	11	0	179
gi|171463234|ref|YP_001797347.1|_1-398_3TAT:A:	8	9	0	16	0	46	25	23	0	397
gi|171463235|ref|YP_001797348.1|_50-459_1D9X:A:2-414	5	14	4	13	0	50	29	20	0	413
gi|171463235|ref|YP_001797348.1|_82-127,503-626_1D9X:A:415-595	0	5	2	5	0	14	14	14	0	181
gi|171463235|ref|YP_001797348.1|_663-708_1E52:A:	0	0	0	3	0	5	3	3	0	56
gi|171463236|ref|YP_001797349.1|_2-136_1YLF:A:5-142	2	2	2	6	0	10	4	3	0	138
gi|171463237|ref|YP_001797350.1|_22-406_1P3W:A:	8	12	2	12	0	39	22	27	0	391
gi|171463238|ref|YP_001797351.1|_1-125_1Q48:A:	2	3	0	4	0	12	10	10	0	133
gi|171463239|ref|YP_001797352.1|_1-96_1R94:A:	0	7	1	2	0	9	3	5	0	97
gi|171463240|ref|YP_001797353.1|_89-177_1FPO:A:77-171	0	0	0	3	0	7	2	4	0	95
gi|171463240|ref|YP_001797353.1|_13-86_1FPO:A:1-76	0	0	1	4	0	5	3	4	0	76
gi|171463241|ref|YP_001797354.1|_19-195_1DKG:D:3-185	4	12	2	5	0	21	12	11	0	183
gi|171463241|ref|YP_001797354.1|_199-380_1DKG:D:186-383	1	6	1	6	0	13	10	7	0	198
gi|171463241|ref|YP_001797354.1|_386-537_1U00:A:389-503	3	8	1	0	0	16	8	6	0	115
gi|171463241|ref|YP_001797354.1|_508-619_1U00:A:504-615	0	0	1	4	0	5	3	2	0	112
gi|171463242|ref|YP_001797355.1|_5-108_1I7H:A:	4	5	1	2	0	17	5	11	0	109
gi|171463243|ref|YP_001797356.1|_9-214_1ZUN:A:1-211	1	6	3	6	0	23	12	9	0	211
gi|171463244|ref|YP_001797357.1|_2-152_1SUR:A:	2	6	2	9	0	21	10	13	0	215
gi|171463249|ref|YP_001797362.1|_102-256_1A8P:A:101-258	4	5	4	7	0	13	11	8	0	158
gi|171463249|ref|YP_001797362.1|_6-98_1A8P:A:2-100	1	6	0	1	0	13	6	7	0	99
gi|171463250|ref|YP_001797363.1|_6-154_2HI7:B:14-162	0	0	2	6	0	8	7	9	0	149
gi|171463251|ref|YP_001797364.1|_5-310_1FCJ:A:	2	11	5	10	0	29	13	21	0	302
gi|171463252|ref|YP_001797365.1|_162-510_1BBU:A:161-502	3	13	4	11	0	30	17	16	0	342
gi|171463252|ref|YP_001797365.1|_14-155_1BBU:A:11-154	0	5	1	4	0	13	6	7	0	144
gi|171463253|ref|YP_001797366.1|_16-346_1GQE:A:	2	11	5	9	0	25	16	15	0	362
gi|171463254|ref|YP_001797367.1|_48-468_1IR6:A:	0	10	7	15	0	38	21	20	0	385
gi|171463257|ref|YP_001797370.1|_5-227_1F3O:A:	0	10	2	7	0	22	15	14	0	232
gi|171463258|ref|YP_001797371.1|_2-243_1ZZM:A:1-259	2	8	5	9	0	29	12	12	0	259
gi|171463259|ref|YP_001797372.1|_38-246_2QED:A:1-251	1	14	2	9	0	27	10	18	0	251
gi|171463262|ref|YP_001797375.1|_32-252_1SZP:A:145-395	0	11	3	9	0	20	16	11	0	251
gi|171463262|ref|YP_001797375.1|_219-233,267-418_1XHK:A:	5	9	2	4	0	19	12	7	0	185
gi|171463263|ref|YP_001797376.1|_17-266_1NV8:A:	2	9	3	10	0	29	15	20	0	271
gi|171463264|ref|YP_001797377.1|_3-186,300-381_1VGY:A:2-180,A:294-376	6	13	2	7	0	28	17	16	1	262
gi|171463264|ref|YP_001797377.1|_187-294_1VGY:A:181-293	2	6	1	2	0	14	4	4	0	113
gi|171463265|ref|YP_001797378.1|_5-259_1TDT:A:	2	26	1	4	0	47	10	24	0	256
gi|171463266|ref|YP_001797379.1|_2-192,1028-1140_1E69:A:	6	14	2	6	0	26	20	16	0	308
gi|171463266|ref|YP_001797379.1|_456-654_1GXL:A:	2	8	4	7	0	19	12	14	0	205
gi|171463266|ref|YP_001797379.1|_246-476_1C1G:C:	0	0	0	3	0	2	1	2	0	283
gi|171463267|ref|YP_001797380.1|_213-335_1F46:A:	1	8	1	3	0	16	8	8	0	139
gi|171463268|ref|YP_001797381.1|_6-321_1B04:A:	4	11	2	10	0	34	17	14	0	312
gi|171463268|ref|YP_001797381.1|_409-587_1DGS:A:401-581	4	2	3	10	0	19	10	14	0	181
gi|171463268|ref|YP_001797381.1|_323-405_1DGS:A:315-400	3	5	1	1	0	9	4	4	0	86
gi|171463268|ref|YP_001797381.1|_599-671_1L7B:A:	1	4	0	3	0	14	10	4	0	92
gi|171463269|ref|YP_001797382.1|_38-154_1K2E:A:	2	10	1	2	0	15	9	5	0	155
gi|171463270|ref|YP_001797383.1|_8-255_1C22:A:	5	16	2	4	0	34	13	15	0	262
gi|171463271|ref|YP_001797384.1|_5-229_2GY9:B:8-225	4	5	3	6	0	21	13	11	0	218
gi|171463272|ref|YP_001797385.1|_150-286_1EFU:B:140-282	2	5	1	5	0	7	7	6	0	143
gi|171463272|ref|YP_001797385.1|_56-144_1EFU:B:55-139	0	3	0	3	0	7	2	3	0	85
gi|171463272|ref|YP_001797385.1|_3-56_1EFU:B:1-54	0	0	0	3	0	3	1	2	0	54
gi|171463273|ref|YP_001797386.1|_2-235_1YBD:A:6-241	3	9	2	8	0	27	16	14	0	236
gi|171463274|ref|YP_001797387.1|_5-185_1IS1:A:	0	6	2	4	0	8	5	9	0	185
gi|171463275|ref|YP_001797388.1|_15-238_1JP3:A:	0	6	3	7	0	23	13	11	0	228
gi|171463277|ref|YP_001797390.1|_128-272_1K5H:A:126-274	0	5	3	6	0	15	10	9	0	149
gi|171463277|ref|YP_001797390.1|_4-152_1K5H:A:1-125,A:275-300	0	6	1	6	0	14	10	9	1	151
gi|171463277|ref|YP_001797390.1|_300-393_1R0K:A:291-385	1	1	0	5	0	7	2	5	0	95
gi|171463280|ref|YP_001797393.1|_32-172_1U2M:A:	1	3	1	3	0	8	3	4	0	142
gi|171463281|ref|YP_001797394.1|_30-330_2JF2:A:1-262	4	28	1	4	0	60	13	24	0	264
gi|171463282|ref|YP_001797395.1|_9-147_1U1Z:A:	1	6	1	2	0	12	5	10	0	145
gi|171463283|ref|YP_001797396.1|_2-263_2JF2:A:1-262	4	28	1	4	0	60	13	24	0	264
gi|171463284|ref|YP_001797397.1|_3-368_2BIS:A:1-437	4	17	6	16	0	48	27	24	0	437
gi|171463285|ref|YP_001797398.1|_3-194_2ETJ:A:1-221	2	5	1	10	0	20	11	9	0	221
gi|171463286|ref|YP_001797399.1|_128-272_1IPA:A:106-263	2	6	2	5	0	18	10	9	0	158
gi|171463286|ref|YP_001797399.1|_5-112_1IPA:A:1-105	0	5	1	5	0	9	5	4	0	105
gi|171463290|ref|YP_001797403.1|_3-127_1J1H:A:	2	9	0	3	0	23	10	5	0	123
gi|171463291|ref|YP_001797404.1|_1-143_1T17:A:	0	7	0	2	0	12	8	7	0	148
gi|171463292|ref|YP_001797405.1|_6-85_2HJ1:A:11-87	2	4	0	2	0	10	2	7	0	77
gi|171463293|ref|YP_001797406.1|_2-89,215-477_1VRD:A:1-85,A:213-457	5	15	2	11	0	35	20	14	1	330
gi|171463293|ref|YP_001797406.1|_94-202_1ZFJ:A:95-220	6	5	0	4	0	15	10	9	0	126
gi|171463294|ref|YP_001797407.1|_200-421_1GPM:A:208-404	0	5	1	8	0	15	5	8	0	197
gi|171463294|ref|YP_001797407.1|_1-240_1GPM:A:3-207	1	12	1	4	0	26	19	16	0	205
gi|171463294|ref|YP_001797407.1|_408-535_1GPM:A:405-525	2	4	2	2	0	9	6	7	0	121
gi|171463295|ref|YP_001797408.1|_74-218_1JGC:A:	0	0	0	5	0	8	2	5	0	160
gi|171463302|ref|YP_001797415.1|_45-184_1TV8:A:	4	11	4	10	0	39	20	20	0	327
gi|171463304|ref|YP_001797417.1|_9-82_1Y13:A:	0	11	1	3	0	13	7	7	0	163
gi|171463305|ref|YP_001797418.1|_5-152_1Z3A:A:13-168	2	5	0	5	0	18	6	15	0	156
gi|171463306|ref|YP_001797419.1|_144-304_2AUN:A:152-307	0	9	1	4	0	18	8	10	0	156
gi|171463306|ref|YP_001797419.1|_4-163_1ZL0:A:3-169	3	5	3	5	0	16	9	7	0	167
gi|171463307|ref|YP_001797420.1|_2-115_2HVA:A:1-190	2	9	0	3	0	25	18	6	0	190
gi|171463308|ref|YP_001797421.1|_8-197_1D2T:A:	0	0	2	13	0	18	11	13	0	224
gi|171463309|ref|YP_001797422.1|_45-411_1PSW:A:	0	12	6	13	0	35	21	21	0	348
gi|171463313|ref|YP_001797426.1|_10-188_2B8E:A:416-434,A:548-663	2	6	0	6	1	16	9	5	1	135
gi|171463315|ref|YP_001797428.1|_1-54_1SB6:A:	0	3	0	2	0	7	2	4	0	64
gi|171463316|ref|YP_001797429.1|_16-208_1T72:A:	0	0	1	7	0	8	2	5	0	226
gi|171463318|ref|YP_001797431.1|_88-324_1HYQ:A:	0	8	2	11	0	23	12	9	0	232
gi|171463318|ref|YP_001797431.1|_1-84_1UWD:A:	2	3	1	3	0	14	7	6	0	102
gi|171463322|ref|YP_001797435.1|_64-215_1KQF:B:2-245	4	11	3	6	0	31	15	19	0	244
gi|171463324|ref|YP_001797437.1|_144-171_1KQF:C:	1	2	4	10	0	14	7	8	0	216
gi|171463325|ref|YP_001797438.1|_9-226_1VPL:A:	2	10	2	9	0	18	9	15	0	238
gi|171463326|ref|YP_001797439.1|_2-50_2R6G:F:261-504	2	0	3	12	0	16	15	16	0	244
gi|171463327|ref|YP_001797440.1|_13-134_2ONK:C:1-252	0	0	1	12	0	13	9	9	0	252
gi|171463328|ref|YP_001797441.1|_4-249_2DDR:A:7-305	4	15	0	5	0	36	21	17	0	299
gi|171463329|ref|YP_001797442.1|_111-320_1BYR:A:	2	8	0	5	0	13	9	7	0	152
gi|171463329|ref|YP_001797442.1|_300-478_1BYR:A:	2	8	0	5	0	13	9	7	0	152
gi|171463330|ref|YP_001797443.1|_1-173_1P5H:A:	3	12	5	17	0	48	21	36	0	427
gi|171463331|ref|YP_001797444.1|_8-109_1IVH:A:6-241	3	8	6	7	0	20	10	16	0	236
gi|171463333|ref|YP_001797446.1|_5-257_1X1T:A:1-260	2	7	4	8	0	23	10	13	0	260
gi|171463336|ref|YP_001797449.1|_58-323_1ICP:A:	1	15	7	10	0	42	27	19	0	364
gi|171463336|ref|YP_001797449.1|_2-82_1I6A:A:	1	12	4	4	0	23	15	16	0	212
gi|171463338|ref|YP_001797451.1|_1-87_1KQF:C:	1	2	4	10	0	14	7	8	0	216
gi|171463342|ref|YP_001797455.1|_50-155_1S7B:A:	0	0	0	4	0	10	7	3	0	109
gi|171463342|ref|YP_001797455.1|_224-304_1S7B:A:	0	0	0	4	0	10	7	3	0	109
gi|171463343|ref|YP_001797456.1|_10-293_2AX3:A:212-489	0	9	3	13	0	31	16	13	0	278
gi|171463344|ref|YP_001797457.1|_2-198_1XT8:A:10-257	2	13	3	10	0	20	15	15	0	248
gi|171463346|ref|YP_001797459.1|_6-175_1WEK:A:	0	7	1	8	0	20	13	9	0	208
gi|171463348|ref|YP_001797461.1|_1-189,348-405_2GQF:A:1-194,A:343-401	3	16	5	7	0	31	16	16	1	253
gi|171463348|ref|YP_001797461.1|_192-349_2GQF:A:195-342	2	8	2	5	0	17	11	8	0	148
gi|171463350|ref|YP_001797463.1|_21-193_1HSL:A:	3	14	3	8	0	26	20	14	0	238
gi|171463351|ref|YP_001797464.1|_24-143_1AV1:D:	0	0	1	7	0	3	3	6	0	200
gi|171463353|ref|YP_001797466.1|_1-96_1I7O:A:214-429	6	15	5	3	0	34	15	10	0	216
gi|171463354|ref|YP_001797467.1|_65-239_1HSL:A:	3	14	3	8	0	26	20	14	0	238
gi|171463356|ref|YP_001797469.1|_4-93_2FIU:A:1-95	0	5	0	3	0	6	6	1	0	95
gi|171463357|ref|YP_001797470.1|_169-348_2ZOD:A:155-336	2	7	3	8	0	21	9	9	0	182
gi|171463357|ref|YP_001797470.1|_11-165_2ZOD:A:3-154	0	5	2	3	0	13	3	4	0	152
gi|171463358|ref|YP_001797471.1|_12-136_1ST9:A:	0	8	2	4	0	14	8	8	0	137
gi|171463359|ref|YP_001797472.1|_2-142_2GM6:A:11-202	4	11	2	2	0	30	16	7	0	192
gi|171463360|ref|YP_001797473.1|_10-140_1S5U:A:	2	6	1	3	0	14	3	6	0	129
gi|171463361|ref|YP_001797474.1|_8-81_1Q2Y:A:	0	8	3	3	0	10	7	8	0	140
gi|171463363|ref|YP_001797476.1|_6-72_1GUT:A:	0	5	1	1	0	9	3	3	0	67
gi|171463364|ref|YP_001797477.1|_27-248_1Q35:A:	6	9	5	13	0	28	16	19	0	318
gi|171463368|ref|YP_001797481.1|_33-162_1ATG:A:	3	10	4	8	0	24	14	14	0	231
gi|171463369|ref|YP_001797482.1|_9-62_1ATG:A:	3	10	4	8	0	24	14	14	0	231
gi|171463370|ref|YP_001797483.1|_34-163_1VL7:A:	0	6	2	4	0	15	7	6	0	135
gi|171463371|ref|YP_001797484.1|_5-78_2GCX:A:1-75	0	5	0	1	0	7	5	4	0	75
gi|171463372|ref|YP_001797485.1|_12-177_1MKY:A:173-358	2	7	3	5	0	16	12	10	0	186
gi|171463374|ref|YP_001797487.1|_41-237_1HSL:A:	3	14	3	8	0	26	20	14	0	238
gi|171463376|ref|YP_001797489.1|_7-257_1UIY:A:	1	9	3	12	0	25	13	10	0	253
gi|171463383|ref|YP_001797496.1|_1-79_1VS6:Z:1-70	4	0	0	1	0	10	6	3	0	70
gi|171463384|ref|YP_001797497.1|_90-371_1PVO:A:129-417	2	10	3	11	0	28	20	13	0	289
gi|171463384|ref|YP_001797497.1|_49-125_1A62:A:48-125	1	5	1	1	0	12	2	7	0	78
gi|171463384|ref|YP_001797497.1|_1-46_1A62:A:1-47	1	0	0	3	0	5	2	4	0	47
gi|171463385|ref|YP_001797498.1|_3-108_1OAZ:A:	2	5	1	3	0	14	13	9	0	122
gi|171463386|ref|YP_001797499.1|_310-677_1UAA:A:308-640	4	6	3	15	0	25	16	17	0	333
gi|171463387|ref|YP_001797500.1|_17-74,114-190,354-537,576-798,830-859,902-933_1QHH:A:,B:,C:,D:	6	16	12	26	0	53	23	34	3	623
gi|171463390|ref|YP_001797503.1|_33-231_1JR3:A:3-242	2	5	2	11	0	27	23	12	0	240
gi|171463390|ref|YP_001797503.1|_248-365_1JR3:A:243-368	0	0	1	6	0	8	4	7	0	126
gi|171463391|ref|YP_001797504.1|_10-101_1PUG:A:	0	3	1	3	0	7	3	6	0	94
gi|171463392|ref|YP_001797505.1|_9-204_1VDD:A:	4	7	3	7	0	24	13	11	0	199
gi|171463394|ref|YP_001797507.1|_23-323_1EK9:A:	0	7	2	9	0	18	12	9	0	428
gi|171463396|ref|YP_001797509.1|_21-216_1JG1:A:	4	9	4	6	0	25	16	10	0	215
gi|171463397|ref|YP_001797510.1|_118-252_1QWY:A:	0	20	2	4	0	32	22	13	0	270
gi|171463397|ref|YP_001797510.1|_48-96_1E0G:A:	0	2	1	2	0	8	1	3	0	48
gi|171463398|ref|YP_001797511.1|_84-472_1UWV:A:75-432	7	17	2	8	0	35	22	22	0	358
gi|171463398|ref|YP_001797511.1|_9-75_1UWV:A:15-74	0	5	0	0	0	6	2	5	0	60
gi|171463400|ref|YP_001797513.1|_1-140_1NHK:L:	0	4	3	7	0	13	7	8	0	143
gi|171463401|ref|YP_001797514.1|_90-303_1TV8:A:	4	11	4	10	0	39	20	20	0	327
gi|171463402|ref|YP_001797515.1|_56-105,142-252_1AD1:A:	1	8	3	10	0	26	14	16	0	264
gi|171463403|ref|YP_001797516.1|_16-327_1KMM:A:4-325	4	11	2	9	0	31	14	15	0	322
gi|171463403|ref|YP_001797516.1|_338-432_1KMM:A:326-424	0	5	0	4	0	10	6	5	0	99
gi|171463404|ref|YP_001797517.1|_77-191_1OUV:A:	0	0	0	15	0	18	7	15	0	272
gi|171463405|ref|YP_001797518.1|_32-375_1G72:A:	6	38	10	5	0	74	38	44	0	571
gi|171463406|ref|YP_001797519.1|_138-442_1MKY:A:173-358	2	7	3	5	0	16	12	10	0	186
gi|171463406|ref|YP_001797519.1|_4-163_1MKY:A:2-172	2	6	2	6	0	13	10	9	0	171
gi|171463407|ref|YP_001797520.1|_9-71_1HK9:A:	0	5	1	1	0	5	4	2	0	65
gi|171463410|ref|YP_001797523.1|_212-327_1WIN:A:	0	6	0	5	0	15	6	3	0	142
gi|171463411|ref|YP_001797524.1|_57-193_1WIN:A:	0	6	0	5	0	15	6	3	0	142
gi|171463412|ref|YP_001797525.1|_5-315_1WU7:A:3-329	3	12	1	12	0	35	21	19	0	327
gi|171463413|ref|YP_001797526.1|_11-445_1QF5:A:	8	19	8	13	0	54	26	26	0	431
gi|171463414|ref|YP_001797527.1|_4-93_1D8C:A:	4	24	9	25	0	64	40	37	0	720
gi|171463417|ref|YP_001797530.1|_35-85_1PW4:A:	2	0	1	18	0	21	18	22	0	450
gi|171463419|ref|YP_001797532.1|_116-431,467-522,572-612_2IX0:A:173-557	8	13	6	10	0	34	19	16	0	385
gi|171463419|ref|YP_001797532.1|_614-694_1GO3:E:79-184	0	9	1	1	0	13	4	5	0	106
gi|171463419|ref|YP_001797532.1|_15-74_2IX0:A:4-82	0	5	0	2	0	8	2	4	0	79
gi|171463420|ref|YP_001797533.1|_95-246_1GZ0:A:78-243	2	7	2	7	0	17	12	8	0	166
gi|171463420|ref|YP_001797533.1|_3-76_1GZ0:F:10-77	2	6	3	7	0	19	13	7	0	166
gi|171463422|ref|YP_001797535.1|_5-321_1F05:A:	2	8	5	14	0	25	15	8	0	322
gi|171463423|ref|YP_001797536.1|_1-149_1KS2:A:2-126,A:199-219	3	8	3	4	0	19	9	5	1	146
gi|171463423|ref|YP_001797536.1|_129-215_1KS2:A:127-198	1	5	1	2	0	8	6	6	0	72
gi|171463424|ref|YP_001797537.1|_1-89_1XS8:A:	2	2	0	3	0	10	7	4	0	91
gi|171463425|ref|YP_001797538.1|_16-303_2BUF:A:2-301	7	11	1	10	0	27	12	17	0	300
gi|171463425|ref|YP_001797538.1|_311-432_2FIA:A:1-157	0	7	3	4	0	15	2	10	0	157
gi|171463426|ref|YP_001797539.1|_2-294_1QNI:A:10-450	9	30	5	5	0	52	30	21	0	441
gi|171463428|ref|YP_001797541.1|_4-184_1G8L:A:178-326	1	9	0	5	0	17	13	5	0	149
gi|171463430|ref|YP_001797543.1|_104-470_1F52:A:101-468	4	12	5	10	0	37	24	21	0	368
gi|171463430|ref|YP_001797543.1|_4-101_1F52:A:1-100	0	6	3	2	0	15	6	4	0	100
gi|171463431|ref|YP_001797544.1|_2-107_1KRW:A:	0	5	0	5	0	10	8	4	0	124
gi|171463432|ref|YP_001797545.1|_6-280_1AKO:A:	6	12	3	10	0	27	14	16	0	268
gi|171463433|ref|YP_001797546.1|_20-710_1I1I:P:	5	7	6	27	0	58	30	36	0	665
gi|171463434|ref|YP_001797547.1|_122-279_1B0A:A:123-288	2	7	0	6	0	25	12	10	0	166
gi|171463434|ref|YP_001797547.1|_1-121_1B0A:A:2-122	0	5	0	4	0	16	4	9	0	121
gi|171463435|ref|YP_001797548.1|_12-152_1YIO:A:3-130	0	5	0	5	0	12	8	5	0	128
gi|171463435|ref|YP_001797548.1|_142-208_1YIO:A:131-200	0	0	0	5	0	5	2	4	0	70
gi|171463436|ref|YP_001797549.1|_6-172_2C2A:A:321-481	0	7	2	3	0	13	4	10	0	161
gi|171463438|ref|YP_001797551.1|_115-287_1WDN:A:	2	11	1	8	0	14	14	12	0	223
gi|171463439|ref|YP_001797552.1|_39-501_1LLW:A:439-1239	10	19	12	28	0	98	61	37	0	801
gi|171463441|ref|YP_001797554.1|_10-71_2GPI:A:1-90	0	5	0	3	0	6	3	6	0	90
gi|171463443|ref|YP_001797556.1|_222-287_1FSE:A:	0	0	0	4	0	5	3	4	0	67
gi|171463443|ref|YP_001797556.1|_10-170_1SRR:A:	0	5	0	5	0	13	7	4	0	119
gi|171463443|ref|YP_001797556.1|_177-222_1N9L:A:	0	5	1	3	0	14	5	7	0	109
gi|171463444|ref|YP_001797557.1|_5-104_2C2A:A:321-481	0	7	2	3	0	13	4	10	0	161
gi|171463449|ref|YP_001797562.1|_29-67_1OQW:A:	5	6	1	2	0	19	5	9	0	144
gi|171463450|ref|YP_001797563.1|_11-78_1OQW:A:	5	6	1	2	0	19	5	9	0	144
gi|171463454|ref|YP_001797567.1|_9-66_2PIL:A:	2	6	3	3	0	15	11	8	0	158
gi|171463466|ref|YP_001797579.1|_10-333_1VHN:A:	0	9	3	14	0	31	18	15	0	317
gi|171463467|ref|YP_001797580.1|_49-125_1W36:D:361-606	4	4	2	9	0	19	18	13	0	246
gi|171463468|ref|YP_001797581.1|_2-237_2NLZ:A:3-539	7	21	3	19	0	59	29	32	0	537
gi|171463471|ref|YP_001797584.1|_52-814_1CP9:A:,B:	19	28	7	22	0	89	56	41	1	750
gi|171463475|ref|YP_001797588.1|_152-226_1U07:A:	0	5	0	2	0	10	3	4	0	90
gi|171463476|ref|YP_001797589.1|_106-249_1B74:A:106-252	0	6	0	6	0	16	11	8	0	147
gi|171463476|ref|YP_001797589.1|_4-103_1B74:A:1-105	0	4	2	4	0	9	7	2	0	105
gi|171463477|ref|YP_001797590.1|_318-488_2ISB:A:2-179	5	9	3	4	0	22	9	9	0	180
gi|171463478|ref|YP_001797591.1|_7-631_1PG4:A:	11	30	5	21	0	71	40	44	0	643
gi|171463479|ref|YP_001797592.1|_37-84_1HDH:A:	1	18	10	15	0	58	40	36	0	525
gi|171463480|ref|YP_001797593.1|_44-240_1P49:A:	2	17	7	13	0	62	48	36	0	553
gi|171463483|ref|YP_001797596.1|_33-109_2FUG:1:334-438	2	0	0	5	1	7	4	5	0	105
gi|171463485|ref|YP_001797598.1|_14-265,366-456_1CHU:A:2-237,A:354-422	6	12	4	6	0	30	16	12	1	305
gi|171463485|ref|YP_001797598.1|_248-363_1CHU:A:238-353	2	4	2	4	0	18	7	10	0	116
gi|171463485|ref|YP_001797598.1|_434-530_1CHU:A:423-533	6	1	0	3	0	11	4	3	0	111
gi|171463486|ref|YP_001797599.1|_114-283_1QAP:A:130-296	1	8	0	8	0	19	12	8	0	167
gi|171463486|ref|YP_001797599.1|_6-111_1QAP:A:8-129	0	6	2	3	0	12	5	6	0	122
gi|171463487|ref|YP_001797600.1|_43-353_1WZU:A:1-298	1	12	1	14	0	30	18	15	0	298
gi|171463490|ref|YP_001797603.1|_41-127_1M5Y:A:25-164,A:395-427	0	3	0	7	0	10	2	6	1	173
gi|171463497|ref|YP_001797610.1|_4-177_1K2Y:X:5-154	5	7	1	4	0	15	5	10	0	150
gi|171463497|ref|YP_001797610.1|_258-364_1K2Y:X:259-367	1	4	0	5	0	13	9	8	0	109
gi|171463497|ref|YP_001797610.1|_154-255_1K2Y:X:155-258	0	5	2	3	0	14	9	8	0	104
gi|171463497|ref|YP_001797610.1|_366-460_1K2Y:X:368-463	0	6	0	2	0	8	4	3	0	96
gi|171463498|ref|YP_001797611.1|_14-492_1GZD:A:	8	13	13	22	0	53	20	27	0	554
gi|171463500|ref|YP_001797613.1|_15-392_1OLT:A:	1	19	6	15	0	46	26	24	0	441
gi|171463501|ref|YP_001797614.1|_1-32_1K7K:A:	1	7	7	5	0	16	12	10	0	220
gi|171463502|ref|YP_001797615.1|_9-193_1S96:A:	3	9	1	9	0	19	8	12	0	205
gi|171463503|ref|YP_001797616.1|_1-63_1I6V:E:	2	0	0	4	0	11	9	5	0	98
gi|171463504|ref|YP_001797617.1|_81-260_1VJ7:A:5-196	2	0	0	11	0	14	5	9	0	192
gi|171463504|ref|YP_001797617.1|_263-436_1VJ7:A:197-371	1	5	2	6	0	12	4	7	0	175
gi|171463504|ref|YP_001797617.1|_446-518_1NYR:A:4-62	3	3	0	2	0	11	3	5	0	59
gi|171463505|ref|YP_001797618.1|_4-78_1GRJ:A:2-79	0	2	2	3	0	4	0	2	0	78
gi|171463505|ref|YP_001797618.1|_87-165_1GRJ:A:80-158	3	5	1	1	0	9	3	6	0	79
gi|171463509|ref|YP_001797622.1|_10-77_1V43:A:7-245	1	10	2	8	0	20	13	15	0	239
gi|171463515|ref|YP_001797628.1|_11-81_1H3L:A:	0	0	1	4	0	5	2	2	0	75
gi|171463516|ref|YP_001797629.1|_397-590_1N0H:A:461-687	4	6	2	9	0	27	15	11	0	227
gi|171463516|ref|YP_001797629.1|_26-208_1JSC:A:83-270	2	8	4	8	0	18	12	10	0	188
gi|171463516|ref|YP_001797629.1|_212-386_1JSC:A:280-460	0	6	4	7	0	16	17	10	0	181
gi|171463517|ref|YP_001797630.1|_79-162_2PC6:A:78-163	0	5	2	2	0	8	3	5	0	86
gi|171463517|ref|YP_001797630.1|_1-76_2PC6:A:1-77	0	4	1	2	0	4	3	4	0	77
gi|171463518|ref|YP_001797631.1|_1-182_1NP3:A:1-182	0	9	2	9	0	24	9	11	0	182
gi|171463518|ref|YP_001797631.1|_183-334_1NP3:A:183-327	0	0	0	9	0	5	4	7	0	145
gi|171463521|ref|YP_001797634.1|_1-292_1SR9:A:61-370	6	8	4	11	0	32	18	18	0	310
gi|171463521|ref|YP_001797634.1|_393-501_1SR9:A:492-643	0	6	0	2	0	7	5	4	0	152
gi|171463522|ref|YP_001797635.1|_5-89_1VS5:O:1-88	0	0	0	4	0	7	2	4	0	88
gi|171463523|ref|YP_001797636.1|_294-489_1E3H:A:346-482	0	7	3	2	0	12	8	5	0	137
gi|171463523|ref|YP_001797636.1|_3-146_1E3H:A:3-151	2	6	2	2	0	18	10	8	0	149
gi|171463523|ref|YP_001797636.1|_451-549_1E3H:A:483-578	0	4	0	2	0	9	7	2	0	96
gi|171463523|ref|YP_001797636.1|_147-236_1E3H:A:152-262	2	4	0	3	0	8	3	5	0	111
gi|171463523|ref|YP_001797636.1|_556-641_1X4N:A:8-86	0	3	0	3	0	7	4	2	0	79
gi|171463523|ref|YP_001797636.1|_621-697_1SRO:A:	1	4	0	1	0	12	5	5	0	76
gi|171463524|ref|YP_001797637.1|_1-251_1B9B:A:	2	8	3	12	0	23	16	14	0	252
gi|171463527|ref|YP_001797640.1|_9-153_2FUG:6:15-175	2	4	2	5	0	17	14	7	0	161
gi|171463528|ref|YP_001797641.1|_7-180_2FUG:5:1-196	0	7	0	4	0	27	19	10	0	196
gi|171463529|ref|YP_001797642.1|_16-417_2FUG:4:35-409	3	7	3	13	0	39	26	18	0	375
gi|171463530|ref|YP_001797643.1|_8-162_2FUG:2:3-180	2	3	2	7	0	21	16	8	0	178
gi|171463531|ref|YP_001797644.1|_18-245_2FUG:1:7-249	8	5	2	10	0	26	22	14	0	243
gi|171463531|ref|YP_001797644.1|_331-426_2FUG:1:334-438	2	0	0	5	1	7	4	5	0	105
gi|171463531|ref|YP_001797644.1|_246-329_2FUG:1:250-333	4	5	0	2	0	11	8	7	0	84
gi|171463532|ref|YP_001797645.1|_214-646_2FUG:3:247-685	5	17	5	15	0	55	35	21	0	439
gi|171463532|ref|YP_001797645.1|_75-211_2FUG:3:96-246	4	2	3	4	0	19	8	8	0	151
gi|171463532|ref|YP_001797645.1|_1-74_2FUG:3:1-95	3	5	0	1	0	15	8	6	0	95
gi|171463534|ref|YP_001797647.1|_37-146_2FUG:9:26-179	5	7	1	3	0	27	18	9	0	154
gi|171463540|ref|YP_001797653.1|_27-187_1MP2:A:	1	10	0	4	0	18	7	8	0	202
gi|171463542|ref|YP_001797655.1|_7-45_1Q45:A:	1	14	7	10	0	40	27	20	0	380
gi|171463543|ref|YP_001797656.1|_1-120_1XAA:A:	0	12	6	13	0	34	18	14	0	345
gi|171463544|ref|YP_001797657.1|_1-176_1J54:A:	0	6	1	7	0	16	12	11	0	174
gi|171463545|ref|YP_001797658.1|_1-56_1IWG:A:513-566,A:869-1036	2	0	1	11	0	13	7	10	1	222
gi|171463546|ref|YP_001797659.1|_11-150_1F21:A:	3	5	0	5	0	13	6	10	0	152
gi|171463547|ref|YP_001797660.1|_82-231_1VLM:A:	2	8	2	8	0	22	11	13	0	218
gi|171463548|ref|YP_001797661.1|_7-223_2QED:A:1-251	1	14	2	9	0	27	10	18	0	251
gi|171463550|ref|YP_001797663.1|_29-208_1PG4:A:	11	30	5	21	0	71	40	44	0	643
gi|171463551|ref|YP_001797664.1|_165-390_1A9X:B:1653-1880	4	10	1	6	0	22	14	15	0	228
gi|171463551|ref|YP_001797664.1|_10-147_1A9X:B:1502-1652	4	7	2	4	0	22	12	6	0	151
gi|171463552|ref|YP_001797665.1|_128-408_1A9X:A:128-402	4	11	3	7	0	30	24	12	0	275
gi|171463552|ref|YP_001797665.1|_678-942_1A9X:A:677-935	1	11	2	8	0	28	16	9	0	259
gi|171463552|ref|YP_001797665.1|_403-554_1A9X:A:403-555	3	2	1	7	0	15	8	10	0	153
gi|171463552|ref|YP_001797665.1|_1-127_1A9X:A:1-127	2	5	2	5	0	17	8	6	0	127
gi|171463552|ref|YP_001797665.1|_561-680_1A9X:A:556-676	3	4	0	6	0	13	10	8	0	121
gi|171463552|ref|YP_001797665.1|_944-1084_1A9X:A:936-1073	2	5	1	7	0	14	5	11	0	138
gi|171463553|ref|YP_001797666.1|_3-77_1GRJ:A:2-79	0	2	2	3	0	4	0	2	0	78
gi|171463553|ref|YP_001797666.1|_84-157_1GRJ:A:80-158	3	5	1	1	0	9	3	6	0	79
gi|171463555|ref|YP_001797668.1|_5-97_1JO0:A:	2	4	0	3	0	10	4	4	0	97
gi|171463556|ref|YP_001797669.1|_1-167_1EJ0:A:	0	7	0	5	0	17	8	9	0	180
gi|171463557|ref|YP_001797670.1|_146-389_1LV7:A:	2	6	3	10	0	31	17	18	0	256
gi|171463557|ref|YP_001797670.1|_400-594_2CE7:A:411-603	1	2	1	7	0	10	7	6	0	193
gi|171463558|ref|YP_001797671.1|_3-187_1K2Y:X:5-154	5	7	1	4	0	15	5	10	0	150
gi|171463558|ref|YP_001797671.1|_162-262_1K2Y:X:155-258	0	5	2	3	0	14	9	8	0	104
gi|171463558|ref|YP_001797671.1|_264-371_1K2Y:X:259-367	1	4	0	5	0	13	9	8	0	109
gi|171463558|ref|YP_001797671.1|_363-448_1WJW:A:	0	3	0	2	0	7	8	3	0	111
gi|171463560|ref|YP_001797673.1|_34-210_1NQE:A:	1	33	5	4	0	38	26	23	0	589
gi|171463565|ref|YP_001797678.1|_4-167_1I19:A:57-273	2	11	1	4	0	28	15	16	0	217
gi|171463567|ref|YP_001797680.1|_5-197_2A5L:A:3-198	7	6	0	6	0	19	6	8	0	196
gi|171463570|ref|YP_001797683.1|_1-143_2EF7:A:1-127	5	7	2	4	0	12	7	10	0	127
gi|171463571|ref|YP_001797684.1|_4-352_1UM0:A:	10	18	2	10	0	39	26	23	0	365
gi|171463572|ref|YP_001797685.1|_7-382_1PV7:A:	0	0	2	22	0	18	12	14	0	417
gi|171463573|ref|YP_001797686.1|_2-131_1M5Y:A:25-164,A:395-427	0	3	0	7	0	10	2	6	1	173
gi|171463574|ref|YP_001797687.1|_13-91_1NY8:A:	0	3	0	4	0	6	7	4	0	96
gi|171463576|ref|YP_001797689.1|_1-46_1XM0:A:1-143	0	8	2	3	0	18	13	9	0	143
gi|171463581|ref|YP_001797694.1|_11-244_1NRK:A:1-243	0	11	5	6	0	22	14	17	0	243
gi|171463583|ref|YP_001797696.1|_4-199_4TMK:A:	0	5	0	9	0	16	8	12	0	210
gi|171463584|ref|YP_001797697.1|_10-83,117-242_1A5T:A:1-207	4	5	3	9	0	22	14	14	0	207
gi|171463585|ref|YP_001797698.1|_1-258_1YIX:A:1-265	1	8	6	9	0	29	14	18	0	265
gi|171463590|ref|YP_001797703.1|_32-172_1XFD:A:592-849	5	9	0	8	0	27	15	16	0	258
gi|171463591|ref|YP_001797704.1|_2-106_1K77:A:	2	8	4	9	0	28	16	20	0	259
gi|171463592|ref|YP_001797705.1|_3-58_1K77:A:	2	8	4	9	0	28	16	20	0	259
gi|171463593|ref|YP_001797706.1|_1-46_1K77:A:	2	8	4	9	0	28	16	20	0	259
gi|171463594|ref|YP_001797707.1|_6-303_1J09:A:1-305	10	9	5	10	0	36	14	16	0	305
gi|171463594|ref|YP_001797707.1|_306-467_1J09:A:306-468	0	0	2	9	0	14	10	6	0	163
gi|171463596|ref|YP_001797709.1|_140-425_1E9I:A:140-430	4	12	5	8	0	30	19	15	0	291
gi|171463596|ref|YP_001797709.1|_4-136_1E9I:A:1-139	4	4	1	5	0	16	9	9	0	139
gi|171463597|ref|YP_001797710.1|_3-275_1FXQ:A:	2	13	7	8	0	29	16	15	0	263
gi|171463598|ref|YP_001797711.1|_2-270_1S1M:A:1-266	0	11	3	9	0	29	16	14	0	266
gi|171463598|ref|YP_001797711.1|_292-547_1S1M:A:287-544	0	12	2	7	0	25	12	15	0	258
gi|171463599|ref|YP_001797712.1|_376-850_1L5J:A:373-862	8	18	6	16	0	59	31	29	0	490
gi|171463599|ref|YP_001797712.1|_160-367_1L5J:A:161-372	4	9	2	7	0	20	12	15	0	212
gi|171463599|ref|YP_001797712.1|_1-158_1L5J:A:1-160	2	0	1	10	0	13	6	13	0	160
gi|171463600|ref|YP_001797713.1|_12-240_1INL:A:	0	13	2	11	0	27	17	15	0	295
gi|171463601|ref|YP_001797714.1|_1082-1344_1T3T:A:1034-1295	7	11	7	8	0	30	18	19	0	262
gi|171463601|ref|YP_001797714.1|_634-831_1T3T:A:617-816	4	10	3	5	0	20	14	13	0	200
gi|171463601|ref|YP_001797714.1|_234-436_1T3T:A:221-429	1	10	1	5	0	19	7	10	0	209
gi|171463601|ref|YP_001797714.1|_439-670_1T3T:A:430-616	2	8	3	5	0	17	6	9	0	187
gi|171463601|ref|YP_001797714.1|_846-1079_1T3T:A:817-1033	1	7	3	8	0	18	12	12	0	217
gi|171463601|ref|YP_001797714.1|_4-163_1T3T:A:1-152	0	5	1	4	0	12	5	8	0	152
gi|171463601|ref|YP_001797714.1|_168-233_1T3T:A:153-220	2	0	0	6	0	5	2	4	0	68
gi|171463602|ref|YP_001797715.1|_12-113_1F3O:A:	0	10	2	7	0	22	15	14	0	232
gi|171463603|ref|YP_001797716.1|_2-57_1JRL:A:	2	5	4	7	0	18	5	9	0	179
gi|171463604|ref|YP_001797717.1|_42-164,198-244_1T11:A:248-376	1	1	2	5	0	8	6	7	0	129
gi|171463605|ref|YP_001797718.1|_597-772_1RRE:A:	5	10	1	6	0	17	11	10	0	182
gi|171463605|ref|YP_001797718.1|_13-204_2ANE:A:8-117	2	6	1	1	0	12	6	4	0	110
gi|171463605|ref|YP_001797718.1|_316-588_1QZM:A:	0	2	0	5	0	9	2	6	0	94
gi|171463606|ref|YP_001797719.1|_63-426_1UM8:A:	0	10	5	15	0	31	13	21	0	364
gi|171463606|ref|YP_001797719.1|_14-49_1OVX:A:	0	2	0	1	0	5	2	2	0	38
gi|171463607|ref|YP_001797720.1|_27-207_1TYF:A:	2	9	0	7	0	18	7	7	0	183
gi|171463608|ref|YP_001797721.1|_259-443_1W26:A:248-432	1	1	1	8	0	12	6	9	0	185
gi|171463608|ref|YP_001797721.1|_88-251_1T11:A:135-247	1	6	1	1	0	15	8	8	0	113
gi|171463608|ref|YP_001797721.1|_1-130_1T11:A:1-129	2	5	0	2	0	14	6	7	0	129
gi|171463609|ref|YP_001797722.1|_10-166_1JY8:A:	0	7	3	5	0	16	7	7	0	155
gi|171463610|ref|YP_001797723.1|_11-245_1VGW:A:	1	11	0	7	0	23	10	14	0	226
gi|171463611|ref|YP_001797724.1|_16-348_2EYQ:A:2-348	5	15	4	11	0	41	28	19	0	347
gi|171463611|ref|YP_001797724.1|_543-803_2EYQ:A:546-778	0	7	1	9	0	16	16	11	0	233
gi|171463611|ref|YP_001797724.1|_803-1009_2EYQ:A:779-989	5	6	2	8	0	21	10	10	0	211
gi|171463611|ref|YP_001797724.1|_1015-1167_2EYQ:A:990-1147	0	5	2	5	0	18	11	3	0	158
gi|171463611|ref|YP_001797724.1|_358-478_2EYQ:A:349-465	1	6	3	3	0	12	6	6	0	117
gi|171463611|ref|YP_001797724.1|_485-568_2EYQ:A:466-545	0	5	2	1	0	10	3	5	0	80
gi|171463612|ref|YP_001797725.1|_86-282_1J97:A:	3	7	3	9	1	19	10	11	0	210
gi|171463613|ref|YP_001797726.1|_4-270_1QFL:A:4-268	6	10	2	8	0	30	16	18	0	265
gi|171463613|ref|YP_001797726.1|_272-393_1QFL:A:269-392	2	4	3	4	0	10	4	5	0	124
gi|171463614|ref|YP_001797727.1|_118-378_1TV8:A:	4	11	4	10	0	39	20	20	0	327
gi|171463616|ref|YP_001797729.1|_27-202_2C07:A:54-304	2	7	2	9	0	21	12	14	0	251
gi|171463618|ref|YP_001797731.1|_199-467_1J1I:A:	2	8	1	11	0	24	18	11	0	268
gi|171463619|ref|YP_001797732.1|_3-251_1XAF:A:	3	13	2	6	0	36	18	13	0	242
gi|171463620|ref|YP_001797733.1|_93-328_1PRZ:A:	5	11	2	5	0	31	18	12	0	252
gi|171463620|ref|YP_001797733.1|_29-119_1KSK:A:1-59	0	6	0	2	0	7	0	6	0	59
gi|171463621|ref|YP_001797734.1|_64-259_1KT1:A:254-421	0	0	1	7	0	12	3	7	0	168
gi|171463622|ref|YP_001797735.1|_27-242_1RCQ:A:8-233	2	10	3	9	0	26	14	13	0	226
gi|171463622|ref|YP_001797735.1|_249-379_1RCQ:A:1-7,A:234-357	1	10	2	2	0	21	7	10	1	131
gi|171463623|ref|YP_001797736.1|_2-425_1PW4:A:	2	0	1	18	0	21	18	22	0	450
gi|171463625|ref|YP_001797738.1|_15-171_2GE3:A:6-169	0	7	2	4	0	13	5	8	0	164
gi|171463626|ref|YP_001797739.1|_7-107_1OKJ:A:1-106	0	5	1	3	0	7	4	4	0	106
gi|171463626|ref|YP_001797739.1|_120-221_1OKJ:A:107-216	1	6	3	3	0	17	9	5	0	110
gi|171463627|ref|YP_001797740.1|_4-146_1JC4:A:	2	8	1	3	0	17	10	6	0	145
gi|171463628|ref|YP_001797741.1|_87-352_1ULZ:A:115-328	2	8	1	6	0	23	11	8	0	214
gi|171463628|ref|YP_001797741.1|_3-117_1DV1:A:1-114	0	5	2	5	0	11	5	6	0	114
gi|171463628|ref|YP_001797741.1|_335-450_1ULZ:A:329-451	2	7	2	3	0	15	9	6	0	123
gi|171463628|ref|YP_001797741.1|_600-678_1O78:A:	4	6	0	0	0	18	11	2	0	84
gi|171463629|ref|YP_001797742.1|_231-518_1XNY:A:268-530	2	8	5	11	0	24	14	14	0	263
gi|171463629|ref|YP_001797742.1|_8-262_1XNY:A:10-267	3	9	4	10	0	22	16	13	0	258
gi|171463630|ref|YP_001797743.1|_9-334_2QM8:A:5-327	5	7	4	12	0	24	16	16	0	326
gi|171463631|ref|YP_001797744.1|_10-554_7REQ:A:4-560	4	12	7	20	0	55	25	35	0	557
gi|171463631|ref|YP_001797744.1|_559-719_7REQ:A:561-728	2	5	1	7	0	16	7	9	0	168
gi|171463632|ref|YP_001797745.1|_78-211_2HS5:A:94-231	0	0	1	6	0	7	0	5	0	138
gi|171463632|ref|YP_001797745.1|_2-75_1V4R:A:1-100	1	2	0	4	0	11	10	6	0	100
gi|171463633|ref|YP_001797746.1|_35-112_1CNO:A:	1	0	1	5	0	10	5	8	0	86
gi|171463634|ref|YP_001797747.1|_4-114_1CNO:A:	1	0	1	5	0	10	5	8	0	86
gi|171463635|ref|YP_001797748.1|_5-125_1Y63:A:	0	5	2	7	0	14	11	7	0	174
gi|171463636|ref|YP_001797749.1|_4-152_2OTM:A:2-153	6	7	3	3	0	16	6	5	0	152
gi|171463637|ref|YP_001797750.1|_58-532_1AB4:A:	1	20	2	16	0	51	27	22	0	493
gi|171463637|ref|YP_001797750.1|_547-785_1SUU:A:	8	23	7	0	0	43	17	21	0	304
gi|171463638|ref|YP_001797751.1|_407-654_1BJT:A:	7	25	4	20	0	69	43	34	0	760
gi|171463638|ref|YP_001797751.1|_9-223_1S16:A:1004-1216	2	10	3	5	0	25	17	14	0	213
gi|171463638|ref|YP_001797751.1|_226-406_1S16:A:1217-1383	3	5	0	5	0	15	6	10	0	167
gi|171463639|ref|YP_001797752.1|_103-261_2FKB:A:8-168	5	8	1	4	0	18	6	7	0	161
gi|171463640|ref|YP_001797753.1|_11-272_1NG4:A:1-218,A:307-364	3	11	2	10	0	27	13	19	1	276
gi|171463641|ref|YP_001797754.1|_1-61_1WV2:A:	3	10	1	8	0	25	20	9	0	243
gi|171463642|ref|YP_001797755.1|_45-87_1XI3:A:	0	8	0	10	0	20	16	11	0	206
gi|171463645|ref|YP_001797758.1|_5-139_1PSU:A:	3	6	1	2	0	13	4	6	0	131
gi|171463646|ref|YP_001797759.1|_14-234_1K30:A:	2	9	5	14	0	31	12	16	0	367
gi|171463647|ref|YP_001797760.1|_9-308_1JCN:A:10-111,A:232-499	8	12	3	10	0	43	26	17	1	370
gi|171463648|ref|YP_001797761.1|_17-558_1LCI:A:	7	27	4	15	0	64	28	38	0	541
gi|171463649|ref|YP_001797762.1|_29-243_1QJ8:A:	0	8	0	0	0	7	3	7	0	148
gi|171463650|ref|YP_001797763.1|_36-293_1IVH:A:6-241	3	8	6	7	0	20	10	16	0	236
gi|171463650|ref|YP_001797763.1|_289-473_1UKW:A:259-410	2	0	3	5	0	5	5	4	0	152
gi|171463651|ref|YP_001797764.1|_6-198_1F0Y:A:12-203	0	8	1	7	0	22	12	11	0	192
gi|171463651|ref|YP_001797764.1|_503-808_1HZD:A:	3	10	3	11	0	24	15	16	0	266
gi|171463651|ref|YP_001797764.1|_198-317_3HDH:A:204-302	3	0	1	5	0	8	3	5	0	99
gi|171463651|ref|YP_001797764.1|_349-466_1F0Y:A:204-302	3	0	1	5	0	8	3	5	0	99
gi|171463652|ref|YP_001797765.1|_2-271_1ULQ:A:3-275	4	10	3	8	0	29	17	14	0	273
gi|171463652|ref|YP_001797765.1|_276-397_1AFW:A:294-417	3	4	3	4	0	12	4	7	0	124
gi|171463655|ref|YP_001797768.1|_4-170_1ORE:A:	0	9	2	6	0	16	8	12	0	179
gi|171463659|ref|YP_001797772.1|_44-132_2D9I:A:8-90	0	4	1	2	0	11	4	6	0	83
gi|171463662|ref|YP_001797775.1|_4-250_2HMF:A:2-303	2	12	2	10	0	29	13	19	0	302
gi|171463662|ref|YP_001797775.1|_341-414_2HMF:A:404-470	0	3	1	2	0	5	2	4	0	67
gi|171463662|ref|YP_001797775.1|_257-336_2HMF:A:304-403	0	4	0	2	0	10	4	3	0	100
gi|171463663|ref|YP_001797776.1|_11-237_1NI5:A:0-226	2	6	3	9	0	16	9	14	0	226
gi|171463663|ref|YP_001797776.1|_317-432_1NI5:A:315-432	3	10	2	1	0	17	8	9	0	118
gi|171463663|ref|YP_001797776.1|_239-325_1NI5:A:227-314	1	4	2	3	0	7	5	4	0	88
gi|171463664|ref|YP_001797777.1|_5-316_2F9Y:A:4-319	0	7	3	15	0	27	17	21	0	316
gi|171463665|ref|YP_001797778.1|_49-215_1MPG:A:100-282	2	0	1	10	0	23	11	14	0	183
gi|171463666|ref|YP_001797779.1|_2-324_1LI5:A:1-315	10	12	4	9	0	33	15	16	0	315
gi|171463666|ref|YP_001797779.1|_346-471_1U0B:B:316-461	1	2	0	8	0	14	6	10	0	146
gi|171463667|ref|YP_001797780.1|_124-230_1W3B:A:	0	0	0	23	0	35	6	26	0	388
gi|171463668|ref|YP_001797781.1|_3-165_1LOP:A:	2	13	1	2	0	17	11	10	0	164
gi|171463669|ref|YP_001797782.1|_9-233_1XM7:A:	4	9	1	6	0	24	16	14	0	194
gi|171463670|ref|YP_001797783.1|_23-280_2HHM:A:	1	14	1	8	0	23	13	16	0	272
gi|171463671|ref|YP_001797784.1|_12-185_1GZ0:A:78-243	2	7	2	7	0	17	12	8	0	166
gi|171463673|ref|YP_001797786.1|_8-154_1IX5:A:	3	10	0	3	0	23	10	14	0	151
gi|171463674|ref|YP_001797787.1|_25-326_1VRB:A:8-326	2	13	4	10	0	39	20	15	0	319
gi|171463676|ref|YP_001797789.1|_1-288_1DHP:A:	2	8	4	12	0	25	18	18	0	292
gi|171463677|ref|YP_001797790.1|_5-172,243-397_1D2R:A:	6	5	3	13	0	31	17	19	0	326
gi|171463678|ref|YP_001797791.1|_9-87,170-282_1M65:A:	5	8	5	8	0	27	12	19	0	244
gi|171463679|ref|YP_001797792.1|_31-178_2FWR:A:23-256	3	12	5	9	0	19	16	14	0	234
gi|171463680|ref|YP_001797793.1|_2-350_3LAD:A:1-158,A:278-348	5	12	2	5	0	29	17	12	1	229
gi|171463680|ref|YP_001797793.1|_355-476_1JEH:A:356-478	2	5	1	5	0	12	5	9	0	123
gi|171463681|ref|YP_001797794.1|_157-386_1SCZ:A:	0	10	2	7	0	19	8	12	0	233
gi|171463681|ref|YP_001797794.1|_2-96_1PMR:A:	8	4	0	0	0	18	6	3	0	80
gi|171463681|ref|YP_001797794.1|_98-137_1EBD:C:	0	0	1	2	0	5	1	3	0	41
gi|171463682|ref|YP_001797795.1|_128-554_1W85:A:	3	8	5	13	0	39	20	23	0	365
gi|171463682|ref|YP_001797795.1|_585-806_1UMD:B:2-187	0	8	4	7	0	21	12	11	0	186
gi|171463683|ref|YP_001797796.1|_8-134_2F0X:A:3-138	3	6	2	2	0	13	5	6	0	136
gi|171463685|ref|YP_001797798.1|_25-58_1EXJ:A:3-120	0	3	1	5	0	8	4	6	0	118
gi|171463686|ref|YP_001797799.1|_10-101_1IHF:A:	1	5	0	3	0	10	0	4	0	96
gi|171463687|ref|YP_001797800.1|_203-405_1PYS:B:191-399	2	13	1	5	0	21	8	12	0	209
gi|171463687|ref|YP_001797800.1|_38-201_1PYS:B:39-151	4	7	1	1	0	19	10	10	0	113
gi|171463687|ref|YP_001797800.1|_479-711_1PYS:B:475-681	0	12	2	5	0	19	14	9	0	207
gi|171463687|ref|YP_001797800.1|_415-487_1PYS:B:400-474	0	3	1	3	0	9	3	4	0	75
gi|171463687|ref|YP_001797800.1|_718-818_1PYS:B:682-785	0	4	0	2	0	10	5	4	0	104
gi|171463688|ref|YP_001797801.1|_92-347_1PYS:A:	5	10	3	7	0	28	12	12	0	266
gi|171463688|ref|YP_001797801.1|_15-99_1EIY:A:6-84	0	0	0	6	0	3	3	6	0	79
gi|171463689|ref|YP_001797802.1|_2-115_2GYC:O:2-116	0	0	2	1	0	9	14	10	0	115
gi|171463690|ref|YP_001797803.1|_2-64_2I2T:3:1-64	2	0	2	1	0	9	5	6	0	64
gi|171463691|ref|YP_001797804.1|_79-167_2IFE:A:	0	4	0	3	0	9	4	5	0	91
gi|171463691|ref|YP_001797804.1|_3-74_1TIF:A:	1	4	1	2	0	8	3	4	0	76
gi|171463692|ref|YP_001797805.1|_242-525_1EVL:A:242-532	6	15	4	9	0	32	14	16	0	291
gi|171463692|ref|YP_001797805.1|_64-240_1NYR:A:63-241	0	8	1	5	0	17	11	8	0	179
gi|171463692|ref|YP_001797805.1|_530-632_1EVL:A:533-642	0	5	1	4	0	12	6	7	0	110
gi|171463692|ref|YP_001797805.1|_3-61_1QF6:A:2-62	2	6	0	2	0	13	5	4	0	61
gi|171463693|ref|YP_001797806.1|_174-328_1VJ7:A:197-371	1	5	2	6	0	12	4	7	0	175
gi|171463693|ref|YP_001797806.1|_20-172_1VJ7:A:5-196	2	0	0	11	0	14	5	9	0	192
gi|171463693|ref|YP_001797806.1|_379-446_1WXQ:A:320-395	1	4	0	2	0	9	4	5	0	76
gi|171463693|ref|YP_001797806.1|_602-677_1PSD:A:327-410	0	4	0	2	0	7	4	4	0	84
gi|171463694|ref|YP_001797807.1|_28-222_2QFI:A:5-208	2	0	7	7	0	14	20	21	0	204
gi|171463694|ref|YP_001797807.1|_326-599_1IUP:A:	0	8	2	13	0	25	18	18	0	271
gi|171463694|ref|YP_001797807.1|_234-299_2QFI:A:209-290	4	0	1	2	0	13	9	6	0	82
gi|171463695|ref|YP_001797808.1|_3-212_1M3E:A:260-481	5	15	3	5	0	31	18	16	0	222
gi|171463696|ref|YP_001797809.1|_2-227_1M3E:A:1-250	5	14	3	7	0	31	14	16	0	250
gi|171463697|ref|YP_001797810.1|_14-219,316-455_2GMH:A:4-236,A:336-482	2	17	5	9	0	43	20	25	1	380
gi|171463697|ref|YP_001797810.1|_221-315_2GMH:A:237-335	0	5	1	2	0	11	4	8	0	99
gi|171463697|ref|YP_001797810.1|_457-555_2GMH:A:483-584	2	4	1	5	0	17	6	8	0	102
gi|171463698|ref|YP_001797811.1|_1-111_2D4P:A:1-130	0	5	1	4	0	10	7	6	0	130
gi|171463700|ref|YP_001797813.1|_1-214_1SIQ:A:3-238	4	9	4	7	0	21	11	19	0	236
gi|171463700|ref|YP_001797813.1|_215-306_1SIQ:A:239-392	0	2	3	5	0	5	7	4	0	154
gi|171463701|ref|YP_001797814.1|_22-70,97-159_1E0C:A:136-271	3	6	2	5	0	20	10	12	0	136
gi|171463702|ref|YP_001797815.1|_16-104_1R6H:A:	0	5	1	6	0	19	17	7	0	171
gi|171463705|ref|YP_001797818.1|_3-53_5CYT:R:	2	0	0	5	0	14	7	8	0	103
gi|171463706|ref|YP_001797819.1|_16-276_1M2X:A:	1	12	1	5	0	16	12	14	0	219
gi|171463707|ref|YP_001797820.1|_29-145_1L1S:A:	2	5	2	4	0	12	2	6	0	111
gi|171463708|ref|YP_001797821.1|_40-62,116-381_2Z1A:A:28-329	3	16	3	9	0	37	21	18	0	302
gi|171463708|ref|YP_001797821.1|_379-565_2Z1A:A:330-534	2	12	4	8	0	20	13	12	0	205
gi|171463709|ref|YP_001797822.1|_97-203_1A56:A:	4	0	0	5	0	9	7	1	0	81
gi|171463710|ref|YP_001797823.1|_156-270_1H32:A:151-261	4	5	1	4	0	10	6	10	0	111
gi|171463710|ref|YP_001797823.1|_31-151_1H32:A:1-150	1	6	3	7	0	16	10	12	0	150
gi|171463711|ref|YP_001797824.1|_1-100_1V8H:A:2-107	4	7	0	0	0	17	7	4	0	106
gi|171463713|ref|YP_001797826.1|_18-93_451C:A:	4	0	1	4	0	10	4	5	0	82
gi|171463716|ref|YP_001797829.1|_19-153_2GAU:A:10-151	0	8	1	5	0	14	7	5	0	142
gi|171463716|ref|YP_001797829.1|_162-234_1FT9:A:134-213	1	3	0	4	0	10	5	4	0	80
gi|171463717|ref|YP_001797830.1|_6-151_1VE3:A:2-227	0	10	2	7	0	20	9	11	0	226
gi|171463718|ref|YP_001797831.1|_39-401_1Y4I:A:2-398	0	12	2	16	0	43	23	28	0	397
gi|171463719|ref|YP_001797832.1|_252-484_1ECF:A:250-492	3	8	2	8	0	27	12	14	0	243
gi|171463719|ref|YP_001797832.1|_2-259_1ECF:A:1-249	2	13	1	7	0	30	14	12	0	249
gi|171463721|ref|YP_001797834.1|_188-262_1UTA:A:	4	3	0	2	0	10	4	2	0	77
gi|171463722|ref|YP_001797835.1|_1-264_1O5Z:A:2-293	2	11	4	9	0	24	12	14	0	293
gi|171463722|ref|YP_001797835.1|_266-405_1O5Z:A:294-430	0	6	2	5	0	15	10	7	0	137
gi|171463723|ref|YP_001797836.1|_27-281_2F9Y:B:23-285	7	12	4	8	0	30	14	18	0	263
gi|171463724|ref|YP_001797837.1|_1-253_1UJP:A:	2	9	2	12	0	27	8	11	0	271
gi|171463725|ref|YP_001797838.1|_5-390_1V8Z:A:1-386	8	14	4	15	0	30	22	23	0	386
gi|171463726|ref|YP_001797839.1|_11-216_1NSJ:A:	1	10	4	7	0	20	17	10	0	205
gi|171463727|ref|YP_001797840.1|_1-263_1DJ0:A:	0	10	4	5	0	30	16	16	0	264
gi|171463729|ref|YP_001797842.1|_146-372_1MB4:A:133-354	5	8	1	7	0	20	17	12	0	222
gi|171463729|ref|YP_001797842.1|_11-159_1NWC:A:1-133,A:358-371	0	7	1	5	0	11	8	10	1	147
gi|171463730|ref|YP_001797843.1|_1-355_1A05:A:	1	12	8	12	0	33	18	17	0	357
gi|171463731|ref|YP_001797844.1|_1-201_1V7L:A:	4	8	0	7	0	21	10	13	0	162
gi|171463733|ref|YP_001797846.1|_1-468_1ACO:A:2-528	11	21	6	16	0	60	33	33	0	527
gi|171463734|ref|YP_001797847.1|_16-434_1K3P:A:	4	9	3	16	0	40	25	29	0	426
gi|171463735|ref|YP_001797848.1|_7-66_1PUZ:A:	0	0	0	5	0	9	5	3	0	82
gi|171463736|ref|YP_001797849.1|_104-231_1NEK:B:107-238	0	0	0	8	0	16	6	9	0	132
gi|171463736|ref|YP_001797849.1|_5-103_1NEK:B:1-106	3	7	0	1	0	15	7	8	0	106
gi|171463737|ref|YP_001797850.1|_9-264,363-432_1NEK:A:1-235,A:356-450	7	17	3	8	0	41	22	15	1	330
gi|171463737|ref|YP_001797850.1|_457-592_1NEK:A:451-588	2	4	1	3	0	16	10	4	0	138
gi|171463737|ref|YP_001797850.1|_241-359_1NEK:A:236-355	2	4	1	5	0	14	7	9	0	120
gi|171463738|ref|YP_001797851.1|_10-121_1NEK:D:	0	0	0	4	0	4	4	2	0	113
gi|171463739|ref|YP_001797852.1|_6-135_1NEK:C:	1	0	1	4	0	7	4	3	0	129
gi|171463740|ref|YP_001797853.1|_66-242_3CNV:A:98-259	0	8	1	4	0	15	3	7	0	162
gi|171463740|ref|YP_001797853.1|_11-89_2HS5:A:25-93	0	3	0	3	0	6	2	5	0	69
gi|171463741|ref|YP_001797854.1|_160-328_1B8P:A:159-329	1	8	3	7	0	16	5	8	0	171
gi|171463741|ref|YP_001797854.1|_4-158_1B8P:A:3-158	0	6	1	5	0	15	8	10	0	156
gi|171463745|ref|YP_001797858.1|_9-79_1U08:A:	2	13	3	15	0	42	19	20	0	382
gi|171463746|ref|YP_001797859.1|_1-185_1WDK:A:311-496	0	8	3	6	0	20	12	8	0	186
gi|171463746|ref|YP_001797859.1|_185-284_1F0Y:A:204-302	3	0	1	5	0	8	3	5	0	99
gi|171463748|ref|YP_001797861.1|_10-115_1IN4:A:17-254	2	5	3	9	0	21	12	15	0	238
gi|171463749|ref|YP_001797862.1|_22-190_1V9T:A:	6	10	2	2	0	21	10	9	0	166
gi|171463750|ref|YP_001797863.1|_45-268_1K0G:A:	7	23	3	9	0	44	27	24	0	453
gi|171463751|ref|YP_001797864.1|_4-86_1A3G:A:	5	16	3	7	0	37	19	17	0	305
gi|171463752|ref|YP_001797865.1|_2-162_2FML:A:3-204	1	9	1	4	0	16	9	13	0	202
gi|171463753|ref|YP_001797866.1|_4-238_2CXA:A:1-232	0	12	2	7	0	21	9	14	0	232
gi|171463754|ref|YP_001797867.1|_85-247_1Y7R:A:1-133	0	7	2	4	0	13	4	6	0	133
gi|171463755|ref|YP_001797868.1|_5-338_1F76:A:	3	13	5	11	0	30	24	18	0	336
gi|171463756|ref|YP_001797869.1|_78-231_1TF1:A:	0	7	1	5	0	15	11	12	0	197
gi|171463756|ref|YP_001797869.1|_21-92_3E5U:A:148-227	0	4	0	4	0	8	3	4	0	80
gi|171463757|ref|YP_001797870.1|_1-31,89-324_1ES5:A:	3	11	1	9	0	28	15	16	0	260
gi|171463758|ref|YP_001797871.1|_191-286_1S7B:A:	0	0	0	4	0	10	7	3	0	109
gi|171463758|ref|YP_001797871.1|_46-138_1S7B:A:	0	0	0	4	0	10	7	3	0	109
gi|171463761|ref|YP_001797874.1|_110-451_1OJT:A:276-400	0	10	1	3	0	14	10	5	0	125
gi|171463761|ref|YP_001797874.1|_457-581_1OJT:A:471-598	2	5	1	5	0	14	7	9	0	128
gi|171463761|ref|YP_001797874.1|_4-91_1IYV:A:	2	7	0	0	0	14	5	5	0	79
gi|171463762|ref|YP_001797875.1|_193-427_1EAF:A:	0	11	5	6	0	23	13	8	0	243
gi|171463762|ref|YP_001797875.1|_3-95_1GJX:A:	2	6	0	0	0	16	9	0	0	81
gi|171463762|ref|YP_001797875.1|_127-167_1EBD:C:	0	0	1	2	0	5	1	3	0	41
gi|171463763|ref|YP_001797876.1|_65-471_1L8A:A:56-470	4	7	6	17	0	43	24	29	0	415
gi|171463763|ref|YP_001797876.1|_478-706_1L8A:A:471-700	5	6	4	8	0	23	16	12	0	230
gi|171463763|ref|YP_001797876.1|_707-897_1L8A:A:701-886	0	5	2	8	0	23	11	10	0	186
gi|171463765|ref|YP_001797878.1|_5-225_1K8W:A:9-250	2	13	4	7	0	21	9	18	0	241
gi|171463765|ref|YP_001797878.1|_240-300_1K8W:A:251-312	1	4	0	1	0	8	4	3	0	62
gi|171463766|ref|YP_001797879.1|_4-111_1KKG:A:	2	3	2	3	0	10	7	6	0	108
gi|171463767|ref|YP_001797880.1|_412-587_1G7S:A:1-227	3	9	5	6	0	24	13	14	0	227
gi|171463767|ref|YP_001797880.1|_693-824_1G7S:A:329-459	3	4	0	5	0	10	10	6	0	131
gi|171463767|ref|YP_001797880.1|_819-915_1D1N:A:	2	7	0	0	0	17	11	2	0	99
gi|171463767|ref|YP_001797880.1|_588-670_1G7S:A:228-328	3	10	0	0	0	10	8	5	0	101
gi|171463767|ref|YP_001797880.1|_3-50_1ND9:A:	0	2	1	3	0	5	3	3	0	49
gi|171463768|ref|YP_001797881.1|_1-130_1HH2:P:1-126	0	4	1	3	0	16	11	7	0	126
gi|171463768|ref|YP_001797881.1|_203-281_1HH2:P:199-276	0	3	0	4	0	5	5	5	0	78
gi|171463768|ref|YP_001797881.1|_138-202_1HH2:P:127-198	0	5	1	0	0	7	4	6	0	72
gi|171463768|ref|YP_001797881.1|_357-419_1U9L:A:	0	0	0	5	0	6	2	5	0	68
gi|171463768|ref|YP_001797881.1|_282-345_1K0R:A:263-329	0	3	2	3	0	5	4	2	0	67
gi|171463768|ref|YP_001797881.1|_430-492_1SZP:A:81-144	0	0	1	4	0	8	7	4	0	64
gi|171463769|ref|YP_001797882.1|_6-76_1IB8:A:1-90	0	3	1	2	0	9	6	2	0	90
gi|171463769|ref|YP_001797882.1|_77-156_1IB8:A:91-164	0	5	0	1	0	12	10	1	0	74
gi|171463770|ref|YP_001797883.1|_91-257_1KSK:A:60-231	2	9	2	4	0	23	8	13	0	172
gi|171463770|ref|YP_001797883.1|_29-120_2GY9:D:2-205	4	4	2	8	0	22	12	14	0	204
gi|171463772|ref|YP_001797885.1|_82-157_1T6S:A:86-162	0	3	0	4	0	7	4	4	0	77
gi|171463772|ref|YP_001797885.1|_5-79_1T6S:A:1-85	1	2	1	4	0	7	3	3	0	85
gi|171463773|ref|YP_001797886.1|_1-178_1CJY:A:142-721	2	16	10	18	0	52	32	26	0	580
gi|171463774|ref|YP_001797887.1|_62-187_2EVR:A:87-234	0	6	1	4	0	16	11	7	0	148
gi|171463775|ref|YP_001797888.1|_286-538_1B0U:A:	0	12	1	10	0	24	16	14	0	261
gi|171463775|ref|YP_001797888.1|_3-263_3DHW:C:1-240	3	10	1	7	0	21	17	12	0	240
gi|171463776|ref|YP_001797889.1|_128-315_3DHW:A:6-208	0	0	1	9	0	11	7	9	0	203
gi|171463777|ref|YP_001797890.1|_119-334_3D31:C:13-260	0	0	2	12	0	11	6	13	0	248
gi|171463778|ref|YP_001797891.1|_54-374,405-617_1XOC:A:17-520	5	23	9	15	0	53	34	35	0	504
gi|171463779|ref|YP_001797892.1|_6-252_1QG6:A:	4	7	7	9	0	21	11	16	0	257
gi|171463780|ref|YP_001797893.1|_3-359_1SZQ:A:	10	6	6	22	0	48	24	27	0	473
gi|171463781|ref|YP_001797894.1|_1-110_1SGJ:A:	0	8	2	10	0	19	18	15	0	231
gi|171463784|ref|YP_001797897.1|_66-393_1SO7:A:	1	25	4	3	0	33	19	15	0	374
gi|171463792|ref|YP_001797905.1|_1-104_1HDJ:A:	0	0	1	4	0	9	2	7	0	76
gi|171463792|ref|YP_001797905.1|_226-309_1C3G:A:260-349	4	6	0	2	0	16	7	6	0	90
gi|171463792|ref|YP_001797905.1|_138-230_1NLT:A:110-138,A:213-257	2	5	0	1	0	12	2	5	1	74
gi|171463794|ref|YP_001797907.1|_5-228_1G29:1:1-240	1	11	4	8	0	20	15	14	0	240
gi|171463794|ref|YP_001797907.1|_312-505_1V43:A:7-245	1	10	2	8	0	20	13	15	0	239
gi|171463795|ref|YP_001797908.1|_26-210_1P4T:A:	0	10	0	0	0	9	4	4	0	155
gi|171463796|ref|YP_001797909.1|_17-457_1OLT:A:	1	19	6	15	0	46	26	24	0	441
gi|171463797|ref|YP_001797910.1|_104-290,482-531_2I0Z:A:1-192,A:362-420	4	15	6	8	0	27	12	15	1	251
gi|171463798|ref|YP_001797911.1|_5-178_2G3W:A:4-182	0	11	0	4	0	17	9	10	0	179
gi|171463799|ref|YP_001797912.1|_1-118_1O4W:A:	0	5	0	6	0	10	3	5	0	125
gi|171463805|ref|YP_001797918.1|_10-79_2AKL:A:41-114	3	7	1	0	0	19	7	5	0	74
gi|171463810|ref|YP_001797923.1|_35-268_1PXZ:A:	3	30	5	4	0	50	38	14	0	346
gi|171463811|ref|YP_001797924.1|_5-61_2C2A:A:321-481	0	7	2	3	0	13	4	10	0	161
gi|171463812|ref|YP_001797925.1|_196-275_2C2A:A:232-320	0	0	1	3	0	3	0	4	0	89
gi|171463812|ref|YP_001797925.1|_13-53_1QQI:A:	0	7	1	3	0	7	4	6	0	104
gi|171463812|ref|YP_001797925.1|_96-159_1V9Y:A:	2	5	3	3	0	10	6	6	0	113
gi|171463813|ref|YP_001797926.1|_4-129_1B00:A:	0	5	0	5	0	12	9	8	0	122
gi|171463814|ref|YP_001797927.1|_8-228_1T72:A:	0	0	1	7	0	8	2	5	0	226
gi|171463815|ref|YP_001797928.1|_7-314_1IXH:A:	7	13	0	13	0	38	16	17	0	321
gi|171463819|ref|YP_001797932.1|_116-428_1SET:A:111-421	3	16	5	9	0	33	20	19	0	311
gi|171463819|ref|YP_001797932.1|_1-112_1SET:A:1-110	0	0	1	4	0	6	1	3	0	110
gi|171463820|ref|YP_001797933.1|_29-226_1IWL:A:	0	12	3	3	0	15	10	7	0	182
gi|171463821|ref|YP_001797934.1|_382-674_1E9R:A:	4	15	5	17	0	45	21	21	0	433
gi|171463821|ref|YP_001797934.1|_704-768_2J5P:A:1261-1329	2	2	0	3	0	7	5	5	0	69
gi|171463822|ref|YP_001797935.1|_2-314_1TRB:A:1-118,A:245-316	3	11	3	3	0	23	12	9	1	190
gi|171463823|ref|YP_001797936.1|_4-175_1OBW:A:	2	9	2	2	0	23	10	11	0	175
gi|171463824|ref|YP_001797937.1|_262-521_1XNG:A:3-257	1	6	2	12	0	23	10	12	0	255
gi|171463824|ref|YP_001797937.1|_1-242_1J31:A:	1	16	2	7	0	32	15	15	0	262
gi|171463827|ref|YP_001797940.1|_3-379_2GP4:A:1-418	5	7	4	13	0	30	17	20	0	418
gi|171463827|ref|YP_001797940.1|_381-559_2GP4:A:419-608	2	8	8	5	0	22	17	12	0	190
gi|171463828|ref|YP_001797941.1|_10-151_1X9L:A:	4	10	0	0	0	27	18	5	0	148
gi|171463832|ref|YP_001797945.1|_2-30_2HY5:C:402-502	2	5	2	4	0	12	5	7	0	101
gi|171463835|ref|YP_001797948.1|_29-338_1DCU:A:	6	13	3	8	0	34	25	11	0	346
gi|171463836|ref|YP_001797949.1|_214-461_1HS6:A:209-460	1	7	4	11	0	19	10	13	0	252
gi|171463836|ref|YP_001797949.1|_9-199_1HS6:A:1-208	2	15	4	0	0	20	10	12	0	208
gi|171463839|ref|YP_001797952.1|_10-247_1JW9:B:	5	8	2	9	0	22	10	18	0	247
gi|171463840|ref|YP_001797953.1|_11-163_1G79:A:	0	10	3	5	0	17	9	10	0	199
gi|171463843|ref|YP_001797956.1|_97-383_1WRB:A:164-401	2	8	2	8	0	26	18	9	0	238
gi|171463844|ref|YP_001797957.1|_13-102_1FW9:A:	1	6	5	3	0	17	10	9	0	164
gi|171463845|ref|YP_001797958.1|_4-266_1JR2:A:	2	11	3	12	0	26	17	11	0	260
gi|171463846|ref|YP_001797959.1|_15-229_1PDA:A:3-219	0	10	3	7	0	25	14	12	0	217
gi|171463846|ref|YP_001797959.1|_230-318_1GTK:A:220-313	0	3	1	3	0	7	3	6	0	94
gi|171463847|ref|YP_001797960.1|_15-468_1TJ7:A:	4	4	6	20	0	37	14	25	0	455
gi|171463850|ref|YP_001797963.1|_151-601_1C4K:A:108-569	6	19	9	16	0	48	31	31	0	462
gi|171463850|ref|YP_001797963.1|_603-750_1C4K:A:570-730	5	7	2	7	0	16	11	13	0	161
gi|171463851|ref|YP_001797964.1|_3-187_1XS1:A:	6	14	4	3	0	32	14	10	0	193
gi|171463852|ref|YP_001797965.1|_17-103_2PW9:A:7-257	4	12	3	7	0	20	11	9	0	251
gi|171463853|ref|YP_001797966.1|_6-141,176-393_1QQT:A:3-140,A:176-388	8	13	3	13	0	30	14	16	1	351
gi|171463853|ref|YP_001797966.1|_396-553_1QQT:A:389-548	2	0	1	8	0	12	7	8	0	160
gi|171463853|ref|YP_001797966.1|_142-175_1QQT:A:141-175	2	3	1	0	0	5	2	3	0	35
gi|171463856|ref|YP_001797969.1|_1-283_1IHO:A:	2	10	3	11	0	28	15	16	0	282
gi|171463860|ref|YP_001797973.1|_1-63_1FMT:A:1-206	5	7	1	6	0	25	13	8	0	206
gi|171463861|ref|YP_001797974.1|_2-289_1Q7E:A:	0	11	5	17	0	41	21	30	0	427
gi|171463862|ref|YP_001797975.1|_1-117_1Q7E:A:	0	11	5	17	0	41	21	30	0	427
gi|171463864|ref|YP_001797977.1|_2-80_1T5H:X:	5	27	4	15	0	56	23	34	0	503
gi|171463867|ref|YP_001797980.1|_92-203_1I6A:A:	1	12	4	4	0	23	15	16	0	212
gi|171463867|ref|YP_001797980.1|_5-85_2ESN:A:3-91	0	2	1	4	0	6	4	6	0	89
gi|171463869|ref|YP_001797982.1|_1-151_1EM8:A:	2	7	1	3	0	18	11	7	0	147
gi|171463870|ref|YP_001797983.1|_222-534_1GYT:A:179-503	0	13	4	11	0	32	17	20	0	325
gi|171463870|ref|YP_001797983.1|_27-226_1GYT:A:1-178	2	7	3	5	0	19	11	8	0	178
gi|171463873|ref|YP_001797986.1|_90-165_1AL3:A:	3	10	1	9	0	23	12	16	0	237
gi|171463873|ref|YP_001797986.1|_1-86_1IXC:A:1-89	2	0	0	4	0	6	2	3	0	89
gi|171463874|ref|YP_001797987.1|_106-327_1GSO:A:104-327	3	9	1	7	0	21	8	11	0	224
gi|171463874|ref|YP_001797987.1|_1-105_1GSO:A:2-103	3	6	0	2	0	11	7	5	0	99
gi|171463874|ref|YP_001797987.1|_331-424_1GSO:A:328-426	3	6	0	2	0	11	7	5	0	99
gi|171463875|ref|YP_001797988.1|_7-262_1VJU:A:	0	9	3	9	0	18	12	12	0	308
gi|171463876|ref|YP_001797989.1|_9-238_1K4M:A:	1	6	1	10	0	26	12	12	0	213
gi|171463877|ref|YP_001797990.1|_1-109_2ID1:A:1-120	1	4	1	4	0	13	8	6	0	120
gi|171463878|ref|YP_001797991.1|_1-133_1NS5:A:	2	5	0	5	0	17	7	7	0	153
gi|171463879|ref|YP_001797992.1|_2-199_1EX2:A:	0	7	2	6	0	12	9	11	0	185
gi|171463880|ref|YP_001797993.1|_336-584_3B60:A:329-581	4	10	2	9	0	24	18	16	0	253
gi|171463880|ref|YP_001797993.1|_11-323_1PF4:A:10-320	0	0	9	16	0	12	11	14	0	310
gi|171463881|ref|YP_001797994.1|_1-149_1QG8:A:	2	9	4	8	0	22	13	12	0	255
gi|171463882|ref|YP_001797995.1|_1-232_1QG8:A:	2	9	4	8	0	22	13	12	0	255
gi|171463883|ref|YP_001797996.1|_10-384_1PSW:A:	0	12	6	13	0	35	21	21	0	348
gi|171463884|ref|YP_001797997.1|_6-276_2ANU:A:5-233	1	10	1	7	0	23	14	11	0	229
gi|171463885|ref|YP_001797998.1|_24-169_1NZJ:A:	3	10	5	9	0	33	14	14	0	286
gi|171463886|ref|YP_001797999.1|_25-242_1WRB:A:164-401	2	8	2	8	0	26	18	9	0	238
gi|171463886|ref|YP_001797999.1|_179-389_1HV8:A:211-365	1	6	1	6	0	17	12	7	0	155
gi|171463887|ref|YP_001798000.1|_4-134_2A2L:A:4-145	0	5	4	3	0	11	10	8	0	142
gi|171463888|ref|YP_001798001.1|_80-216_2HS5:A:94-231	0	0	1	6	0	7	0	5	0	138
gi|171463888|ref|YP_001798001.1|_6-78_2HS5:A:25-93	0	3	0	3	0	6	2	5	0	69
gi|171463892|ref|YP_001798005.1|_46-146_1HTW:A:	0	7	1	5	0	15	12	10	0	158
gi|171463893|ref|YP_001798006.1|_220-316,364-440_1JWQ:A:	4	6	1	6	0	19	11	9	0	179
gi|171463895|ref|YP_001798008.1|_1-119_1NP7:A:205-483	4	0	5	14	0	26	16	17	0	279
gi|171463899|ref|YP_001798012.1|_6-404_2NWW:A:12-416	0	0	4	19	0	19	13	21	0	405
gi|171463901|ref|YP_001798014.1|_9-218_1AUO:A:	0	11	2	6	0	25	9	13	0	218
gi|171463902|ref|YP_001798015.1|_146-287_1LST:A:	6	12	3	10	0	29	17	16	0	238
gi|171463903|ref|YP_001798016.1|_7-448_1VPB:A:	7	17	3	9	0	43	20	27	0	439
gi|171463904|ref|YP_001798017.1|_19-193_1YTA:A:1-180	1	6	0	9	0	20	8	9	0	180
gi|171463906|ref|YP_001798019.1|_84-301_1U0L:A:69-293	0	8	2	7	0	24	18	13	0	225
gi|171463908|ref|YP_001798021.1|_1-123_2GYA:N:1-114	2	0	0	0	0	17	12	7	0	114
gi|171463909|ref|YP_001798022.1|_1-234_1UAL:A:	0	9	3	9	0	27	16	11	0	273
gi|171463910|ref|YP_001798023.1|_115-183_2F1L:A:101-175	0	6	0	1	0	10	4	6	0	75
gi|171463910|ref|YP_001798023.1|_8-109_2F1L:A:7-95	0	6	2	1	0	6	3	5	0	89
gi|171463911|ref|YP_001798024.1|_1-76_2GY9:P:1-78	2	6	0	2	0	14	6	4	0	78
gi|171463914|ref|YP_001798027.1|_41-283_1IVH:A:6-241	3	8	6	7	0	20	10	16	0	236
gi|171463914|ref|YP_001798027.1|_283-455_1BUC:A:233-383	1	2	3	5	0	4	4	6	0	151
gi|171463915|ref|YP_001798028.1|_3-186_1EFP:A:2-184	3	10	4	4	0	17	11	7	0	183
gi|171463915|ref|YP_001798028.1|_187-310_1EFP:A:185-308	2	5	3	4	0	16	11	8	0	124
gi|171463916|ref|YP_001798029.1|_1-242_1EFP:B:	2	13	2	6	0	25	15	14	0	246
gi|171463917|ref|YP_001798030.1|_15-543_1V25:A:	8	24	4	16	0	59	31	33	0	534
gi|171463918|ref|YP_001798031.1|_54-377_1QUS:A:	2	7	2	14	0	29	12	16	0	322
gi|171463919|ref|YP_001798032.1|_35-95_2DUY:A:11-75	0	2	3	3	0	7	4	5	0	65
gi|171463920|ref|YP_001798033.1|_17-97_1I6W:A:	3	6	5	5	0	21	9	11	0	179
gi|171463924|ref|YP_001798037.1|_1-331_1EQ2:A:	4	9	5	11	0	30	15	10	0	307
gi|171463925|ref|YP_001798038.1|_12-308_2ABQ:A:1-306	2	16	2	10	0	29	12	13	0	306
gi|171463926|ref|YP_001798039.1|_1-200_1MV8:A:1-202	4	8	0	9	0	22	14	13	0	202
gi|171463926|ref|YP_001798039.1|_312-447_1MV8:A:301-436	1	5	1	7	0	17	12	8	0	136
gi|171463926|ref|YP_001798039.1|_209-303_1MV8:A:203-300	0	0	1	4	0	6	5	6	0	98
gi|171463927|ref|YP_001798040.1|_47-256_1OUV:A:	0	0	0	15	0	18	7	15	0	272
gi|171463928|ref|YP_001798041.1|_9-99_1IHF:B:	1	5	0	3	0	10	1	4	0	94
gi|171463929|ref|YP_001798042.1|_189-275_1SRO:A:	1	4	0	1	0	12	5	5	0	76
gi|171463929|ref|YP_001798042.1|_257-371_1SRO:A:	1	4	0	1	0	12	5	5	0	76
gi|171463929|ref|YP_001798042.1|_347-437_1SRO:A:	1	4	0	1	0	12	5	5	0	76
gi|171463929|ref|YP_001798042.1|_433-528_2AHO:B:1-84	0	6	1	1	0	8	3	5	0	84
gi|171463929|ref|YP_001798042.1|_1-113_1HH2:P:127-198	0	5	1	0	0	7	4	6	0	72
gi|171463929|ref|YP_001798042.1|_104-184_2AHO:B:1-84	0	6	1	1	0	8	3	5	0	84
gi|171463930|ref|YP_001798043.1|_5-214_1CKE:A:	0	8	0	9	1	19	7	15	0	225
gi|171463931|ref|YP_001798044.1|_9-439_1G6S:A:	6	24	7	12	0	45	26	19	0	427
gi|171463932|ref|YP_001798045.1|_13-178_2G5C:A:30-200	0	9	3	5	0	23	15	7	0	171
gi|171463932|ref|YP_001798045.1|_185-290_2G5C:A:201-310	2	0	2	5	0	8	1	6	0	110
gi|171463933|ref|YP_001798046.1|_9-368_1UU1:A:	1	11	4	11	0	31	17	16	0	330
gi|171463934|ref|YP_001798047.1|_92-274_2QMW:A:1-184	1	10	1	6	0	20	19	9	0	184
gi|171463934|ref|YP_001798047.1|_262-357_1PHZ:A:19-115	1	4	1	2	0	11	4	7	0	97
gi|171463934|ref|YP_001798047.1|_7-94_2D8D:A:3-82	0	0	0	3	0	6	2	2	0	80
gi|171463935|ref|YP_001798048.1|_6-363_1BJN:A:	3	16	8	9	0	36	22	18	0	360
gi|171463936|ref|YP_001798049.1|_30-521_1AB4:A:	1	20	2	16	0	51	27	22	0	493
gi|171463936|ref|YP_001798049.1|_545-882_1SUU:A:	8	23	7	0	0	43	17	21	0	304
gi|171463937|ref|YP_001798050.1|_71-182_2AIZ:P:1-134	2	4	1	4	0	17	11	6	0	134
gi|171463938|ref|YP_001798051.1|_11-228_1VL5:A:	2	8	2	9	0	21	9	11	0	231
gi|171463941|ref|YP_001798054.1|_2-73_1W3B:A:	0	0	0	23	0	35	6	26	0	388
gi|171463942|ref|YP_001798055.1|_9-80_1ZU2:A:1-145	0	0	0	7	0	11	4	4	0	145
gi|171463944|ref|YP_001798057.1|_126-290_1HSL:A:	3	14	3	8	0	26	20	14	0	238
gi|171463945|ref|YP_001798058.1|_98-235_1QXN:A:	0	7	0	6	0	16	8	7	0	136
gi|171463946|ref|YP_001798059.1|_91-266_1HSL:A:	3	14	3	8	0	26	20	14	0	238
gi|171463947|ref|YP_001798060.1|_14-100_1SZQ:A:	10	6	6	22	0	48	24	27	0	473
gi|171463948|ref|YP_001798061.1|_7-128_1YGY:A:3-98,A:283-316	4	5	2	4	0	19	10	9	1	130
gi|171463951|ref|YP_001798064.1|_119-287_1HSL:A:	3	14	3	8	0	26	20	14	0	238
gi|171463953|ref|YP_001798066.1|_5-257_2PW6:A:14-271	1	10	3	7	0	26	19	11	0	258
gi|171463957|ref|YP_001798070.1|_26-150_1E85:A:	2	0	1	6	0	7	4	8	0	124
gi|171463958|ref|YP_001798071.1|_3-183_1KQF:C:	1	2	4	10	0	14	7	8	0	216
gi|171463959|ref|YP_001798072.1|_5-400_1PV7:A:	0	0	2	22	0	18	12	14	0	417
gi|171463960|ref|YP_001798073.1|_3-98_1O5K:A:	0	10	4	12	0	25	12	16	0	305
gi|171463961|ref|YP_001798074.1|_21-313_1US5:A:	3	10	2	12	0	29	18	20	0	298
gi|171463963|ref|YP_001798076.1|_332-434_1QWY:A:	0	20	2	4	0	32	22	13	0	270
gi|171463964|ref|YP_001798077.1|_1-145_1MJH:A:	0	5	1	4	0	16	7	5	0	160
gi|171463966|ref|YP_001798079.1|_437-532_1VC1:A:	2	5	1	3	0	8	6	6	0	110
gi|171463968|ref|YP_001798081.1|_16-156_2GAU:A:10-151	0	8	1	5	0	14	7	5	0	142
gi|171463968|ref|YP_001798081.1|_159-238_2COH:A:118-199	0	4	0	4	0	5	4	7	0	82
gi|171463971|ref|YP_001798084.1|_100-122,170-366_1H98:A:	0	4	3	3	0	12	1	7	0	77
gi|171463972|ref|YP_001798085.1|_63-86,114-217_2C8S:A:24-172	0	0	2	6	0	21	14	9	0	149
gi|171463972|ref|YP_001798085.1|_219-302_1C6S:A:	2	0	1	3	0	10	8	7	0	87
gi|171463974|ref|YP_001798087.1|_22-200_1H32:B:	4	0	2	5	0	22	14	9	0	138
gi|171463975|ref|YP_001798088.1|_24-480_1EHK:A:	6	2	5	24	0	31	17	32	0	549
gi|171463977|ref|YP_001798090.1|_518-537,578-804_2B8E:A:416-434,A:548-663	2	6	0	6	1	16	9	5	1	135
gi|171463977|ref|YP_001798090.1|_333-420_1SU4:A:125-239	2	9	3	0	0	21	10	7	0	115
gi|171463977|ref|YP_001798090.1|_99-169_1OQ3:A:	0	4	1	2	0	8	6	6	0	75
gi|171463978|ref|YP_001798091.1|_50-231_1HSL:A:	3	14	3	8	0	26	20	14	0	238
gi|171463981|ref|YP_001798094.1|_36-317_1US5:A:	3	10	2	12	0	29	18	20	0	298
gi|171463982|ref|YP_001798095.1|_149-257_1FCH:A:	0	0	2	17	0	24	6	19	0	323
gi|171463984|ref|YP_001798097.1|_31-172_1KNG:A:	4	7	1	5	0	17	8	10	0	144
gi|171463986|ref|YP_001798099.1|_29-134_1SR3:A:	2	6	0	1	0	17	12	7	0	114
gi|171463990|ref|YP_001798103.1|_2-189_1VPL:A:	2	10	2	9	0	18	9	15	0	238
gi|171463992|ref|YP_001798105.1|_10-140_1Z91:A:8-144	2	3	2	8	0	10	6	9	0	137
gi|171463993|ref|YP_001798106.1|_9-86_2QED:A:1-251	1	14	2	9	0	27	10	18	0	251
gi|171463998|ref|YP_001798111.1|_4-282_1C3P:A:	6	8	5	12	0	41	20	23	0	372
gi|171464005|ref|YP_001798118.1|_5-186_1N8J:A:	5	9	1	5	0	21	10	15	0	186
gi|171464006|ref|YP_001798119.1|_204-510_1HYU:A:326-451	2	10	1	2	0	13	8	6	0	126
gi|171464006|ref|YP_001798119.1|_1-100_1HYU:A:1-102	0	4	1	3	0	12	6	6	0	102
gi|171464006|ref|YP_001798119.1|_103-196_1HYU:A:103-198	0	4	0	4	0	11	6	5	0	96
gi|171464012|ref|YP_001798125.1|_7-229_1NOX:A:	2	4	2	9	0	19	7	11	0	200
gi|171464016|ref|YP_001798129.1|_400-732_1SIG:A:	0	2	4	13	0	18	9	17	0	338
gi|171464016|ref|YP_001798129.1|_795-896_1TLH:B:	0	0	0	2	0	7	3	4	0	68
gi|171464016|ref|YP_001798129.1|_738-811_1IW7:F:258-318	0	1	0	3	0	5	4	2	0	61
gi|171464017|ref|YP_001798130.1|_115-425_1DD9:A:	1	11	4	13	0	31	18	15	0	314
gi|171464017|ref|YP_001798130.1|_1-100_1D0Q:A:	0	5	1	4	0	12	4	7	0	102
gi|171464018|ref|YP_001798131.1|_1-146_1NG6:A:	0	0	2	7	0	8	4	5	0	148
gi|171464020|ref|YP_001798133.1|_111-326_1OKJ:A:1-106	0	5	1	3	0	7	4	4	0	106
gi|171464020|ref|YP_001798133.1|_3-21,48-130_1OKJ:A:1-106	0	5	1	3	0	7	4	4	0	106
gi|171464022|ref|YP_001798135.1|_4-192,236-377_1QGD:A:2-332	2	7	3	13	0	33	13	24	0	331
gi|171464022|ref|YP_001798135.1|_314-498_1QGD:A:333-527	1	8	3	7	0	22	12	13	0	195
gi|171464022|ref|YP_001798135.1|_487-619_1W85:B:193-324	0	6	2	5	0	13	8	5	0	132
gi|171464023|ref|YP_001798136.1|_7-289_1RQJ:A:	0	2	0	16	0	15	8	14	0	299
gi|171464024|ref|YP_001798137.1|_20-75_1VP7:B:	1	0	1	2	0	5	2	1	0	77
gi|171464025|ref|YP_001798138.1|_157-363_2BMO:A:153-439	2	10	3	11	0	23	18	20	0	287
gi|171464025|ref|YP_001798138.1|_12-140_1ULI:A:17-170	0	12	3	3	0	21	9	14	0	154
gi|171464026|ref|YP_001798139.1|_3-129_1URH:A:2-148	2	5	1	5	0	18	9	9	0	147
gi|171464026|ref|YP_001798139.1|_156-275_1URH:A:149-268	3	4	2	4	0	17	9	5	0	120
gi|171464028|ref|YP_001798141.1|_536-942_1KFS:A:519-928	6	8	2	17	0	32	17	21	0	410
gi|171464028|ref|YP_001798141.1|_3-167_1BGX:T:1-173	6	0	3	5	0	23	15	17	0	173
gi|171464028|ref|YP_001798141.1|_350-532_1KFS:A:324-518	0	6	2	7	0	16	14	9	0	195
gi|171464028|ref|YP_001798141.1|_168-285_1BGX:T:174-289	0	0	3	2	0	12	13	7	0	116
gi|171464030|ref|YP_001798143.1|_5-323_2PPQ:A:5-320	7	9	3	9	0	29	14	15	0	316
gi|171464032|ref|YP_001798145.1|_3-664_1QHH:A:,B:,C:,D:	6	16	12	26	0	53	23	34	3	623
gi|171464033|ref|YP_001798146.1|_19-209,358-572,610-642_1GAX:A:1-189,A:343-578	8	19	6	13	0	45	23	23	1	425
gi|171464033|ref|YP_001798146.1|_643-912_1IVS:A:579-796	2	4	1	9	0	16	9	7	0	218
gi|171464033|ref|YP_001798146.1|_208-359_1GAX:A:190-342	5	8	2	2	0	23	11	10	0	153
gi|171464033|ref|YP_001798146.1|_898-962_1IVS:A:797-862	0	0	0	3	0	3	2	3	0	66
gi|171464034|ref|YP_001798147.1|_9-281_1FXO:A:	0	13	5	12	0	26	18	21	0	292
gi|171464035|ref|YP_001798148.1|_6-80_1DCJ:A:	0	4	0	2	0	10	4	5	0	81
gi|171464036|ref|YP_001798149.1|_2-251_1RIQ:A:1-236	0	11	4	7	0	22	14	13	0	236
gi|171464036|ref|YP_001798149.1|_252-446_1RIQ:A:237-457	0	2	1	9	0	13	8	12	0	217
gi|171464036|ref|YP_001798149.1|_553-707_1NYR:A:63-241	0	8	1	5	0	17	11	8	0	179
gi|171464036|ref|YP_001798149.1|_454-553_2E1B:A:1-87	2	5	1	0	0	15	8	5	0	87
gi|171464039|ref|YP_001798152.1|_49-376_1GTR:A:8-338	6	9	4	12	0	35	20	18	0	331
gi|171464039|ref|YP_001798152.1|_371-588_1GTR:A:339-547	3	18	5	0	0	26	16	8	0	209
gi|171464040|ref|YP_001798153.1|_8-258_1R6D:A:	3	12	4	12	0	35	11	18	0	322
gi|171464041|ref|YP_001798154.1|_207-340_1QFJ:A:98-232	0	6	2	5	0	18	9	7	0	135
gi|171464041|ref|YP_001798154.1|_4-91_1FXI:A:	2	5	1	1	0	12	6	7	0	96
gi|171464041|ref|YP_001798154.1|_104-205_1TVC:A:2-110	2	7	0	1	0	14	11	4	0	109
gi|171464042|ref|YP_001798155.1|_11-395_1VEF:A:9-395	3	17	2	15	0	38	24	27	0	387
gi|171464043|ref|YP_001798156.1|_4-233_1JI0:A:	2	10	1	10	0	19	14	15	0	240
gi|171464044|ref|YP_001798157.1|_3-204_1G6H:A:	2	11	5	9	0	21	16	17	0	254
gi|171464046|ref|YP_001798159.1|_7-147_1IX5:A:	3	10	0	3	0	23	10	14	0	151
gi|171464048|ref|YP_001798161.1|_2-74_2QAM:Z:2-78	4	2	1	2	0	10	3	4	0	77
gi|171464049|ref|YP_001798162.1|_1-53_2GYA:1:1-52	2	2	0	0	0	10	6	0	0	52
gi|171464051|ref|YP_001798164.1|_177-491_1IXK:A:	0	13	5	10	0	28	19	14	0	313
gi|171464052|ref|YP_001798165.1|_4-198_1JKX:A:	0	10	2	6	0	22	14	12	0	209
gi|171464053|ref|YP_001798166.1|_10-201,412-673_1FFY:A:1-200,A:395-644	8	19	3	17	0	45	29	24	1	450
gi|171464053|ref|YP_001798166.1|_677-943_1FFY:A:645-917	0	8	4	11	1	21	16	15	0	273
gi|171464053|ref|YP_001798166.1|_204-412_1FFY:A:201-394	6	3	3	4	0	27	16	12	0	194
gi|171464055|ref|YP_001798168.1|_2-182_1QZU:A:	0	5	3	8	0	18	11	11	0	181
gi|171464055|ref|YP_001798168.1|_176-401_1U7Z:A:	2	12	1	5	0	19	15	8	0	223
gi|171464056|ref|YP_001798169.1|_16-148_1RNJ:A:	2	10	0	1	0	18	7	8	0	152
gi|171464058|ref|YP_001798171.1|_440-737_1KSF:X:437-755	2	10	4	12	0	25	21	18	0	319
gi|171464058|ref|YP_001798171.1|_171-424_1KSF:X:168-436	0	5	1	10	1	25	19	11	0	269
gi|171464058|ref|YP_001798171.1|_1-143_1K6K:A:	4	2	0	8	0	17	8	7	0	142
gi|171464059|ref|YP_001798172.1|_32-117_1MBX:C:	0	3	0	3	0	6	2	1	0	87
gi|171464060|ref|YP_001798173.1|_1-65_1MJC:A:	1	5	1	0	0	8	2	4	0	69
gi|171464062|ref|YP_001798175.1|_180-403_1KOR:A:171-395	0	9	2	5	0	20	9	10	0	225
gi|171464062|ref|YP_001798175.1|_5-170_1KOR:A:1-165	2	5	1	7	0	16	7	11	0	165
gi|171464063|ref|YP_001798176.1|_24-321_1PVV:A:151-313	4	5	1	7	0	19	9	11	0	163
gi|171464065|ref|YP_001798178.1|_3-86_2GY9:T:4-86	0	0	0	4	0	4	0	4	0	83
gi|171464069|ref|YP_001798182.1|_18-169_1UM8:A:	0	10	5	15	0	31	13	21	0	364
gi|171464070|ref|YP_001798183.1|_181-347_1CLI:A:171-345	2	6	3	7	0	19	8	10	0	175
gi|171464070|ref|YP_001798183.1|_12-179_1CLI:A:5-170	0	6	2	5	0	15	7	12	0	166
gi|171464072|ref|YP_001798185.1|_57-228_1L8Q:A:77-289	0	5	2	9	0	17	9	11	0	213
gi|171464073|ref|YP_001798186.1|_2-217_1J97:A:	3	7	3	9	1	19	10	11	0	210
gi|171464074|ref|YP_001798187.1|_188-424_1MIW:A:140-404	1	2	5	15	0	24	17	10	0	265
gi|171464074|ref|YP_001798187.1|_34-187_1OU5:A:1-150	4	6	2	5	0	19	11	8	0	150
gi|171464075|ref|YP_001798188.1|_10-270_1O66:A:	0	8	3	10	0	29	17	14	0	274
gi|171464076|ref|YP_001798189.1|_4-109_1XBL:A:	0	0	0	3	0	7	3	6	0	75
gi|171464076|ref|YP_001798189.1|_257-343_1C3G:A:260-349	4	6	0	2	0	16	7	6	0	90
gi|171464076|ref|YP_001798189.1|_133-210_1EXK:A:	2	6	2	0	0	10	7	6	0	79
gi|171464076|ref|YP_001798189.1|_114-137,199-260_1NLT:A:110-138,A:213-257	2	5	0	1	0	12	2	5	1	74
gi|171464077|ref|YP_001798190.1|_189-383_1DKG:D:186-383	1	6	1	6	0	13	10	7	0	198
gi|171464077|ref|YP_001798190.1|_4-184_1DKG:D:3-185	4	12	2	5	0	21	12	11	0	183
gi|171464077|ref|YP_001798190.1|_385-541_1CKR:A:	1	10	0	2	0	15	14	9	0	159
gi|171464077|ref|YP_001798190.1|_508-607_1DKZ:A:507-603	0	0	1	5	0	5	2	2	0	97
gi|171464078|ref|YP_001798191.1|_30-122_1DKG:B:38-138	2	6	0	0	0	7	3	3	0	57
gi|171464078|ref|YP_001798191.1|_128-180_1DKG:A:139-197	2	6	0	0	0	7	3	3	0	59
gi|171464079|ref|YP_001798192.1|_10-341_1HRK:A:	4	8	4	13	1	33	20	19	0	359
gi|171464080|ref|YP_001798193.1|_70-335_1STZ:A:101-336	3	8	4	9	0	21	7	11	0	236
gi|171464080|ref|YP_001798193.1|_1-82_1STZ:A:14-100	2	2	0	4	0	11	7	2	0	87
gi|171464081|ref|YP_001798194.1|_15-296_1U0T:A:	0	20	3	5	0	30	14	14	0	302
gi|171464082|ref|YP_001798195.1|_1-214_1XEW:X:,Y:	2	15	2	9	0	30	20	14	1	329
gi|171464083|ref|YP_001798196.1|_12-33,61-223_1E69:A:	6	14	2	6	0	26	20	16	0	308
gi|171464084|ref|YP_001798197.1|_7-272_1V4A:A:2-286	2	7	3	12	0	25	14	12	0	285
gi|171464084|ref|YP_001798197.1|_505-792_1V4A:A:2-286	2	7	3	12	0	25	14	12	0	285
gi|171464084|ref|YP_001798197.1|_274-429_1V4A:A:287-437	2	0	1	6	0	11	7	7	0	151
gi|171464084|ref|YP_001798197.1|_801-930_1V4A:A:287-437	2	0	1	6	0	11	7	7	0	151
gi|171464087|ref|YP_001798200.1|_37-495_1VL4:A:	9	20	4	11	0	40	19	19	0	433
gi|171464088|ref|YP_001798201.1|_24-369_1GG1:A:	4	11	2	10	0	36	17	18	0	343
gi|171464089|ref|YP_001798202.1|_1-166_1RTY:B:	0	2	1	5	0	10	6	4	0	180
gi|171464090|ref|YP_001798203.1|_23-92_1CLF:A:	2	2	0	0	0	11	4	6	0	55
gi|171464091|ref|YP_001798204.1|_177-285_1YQG:A:153-263	0	0	0	6	0	4	3	7	0	111
gi|171464091|ref|YP_001798204.1|_15-175_1YQG:A:1-152	0	8	1	5	0	19	9	9	0	152
gi|171464093|ref|YP_001798206.1|_206-456_1GM5:A:286-549	0	7	0	10	0	25	18	5	0	264
gi|171464093|ref|YP_001798206.1|_293-345,510-655_1GM5:A:550-755	5	3	1	7	0	26	21	8	0	206
gi|171464093|ref|YP_001798206.1|_8-159_1GM5:A:106-285	2	8	1	3	0	28	17	6	0	180
gi|171464094|ref|YP_001798207.1|_1-340_1VKY:A:	3	15	4	6	0	31	15	14	0	332
gi|171464095|ref|YP_001798208.1|_5-375_1R5Y:A:	2	15	2	16	0	40	20	21	0	372
gi|171464097|ref|YP_001798210.1|_342-359,405-603_1IWG:A:7-37,A:331-498	0	0	1	8	0	9	7	9	1	199
gi|171464098|ref|YP_001798211.1|_71-296_1IWG:A:7-37,A:331-498	0	0	1	8	0	9	7	9	1	199
gi|171464099|ref|YP_001798212.1|_74-445_1V4V:A:	0	13	2	15	0	36	23	18	0	373
gi|171464101|ref|YP_001798214.1|_79-207_1NHY:A:76-219	0	0	2	7	0	12	5	9	0	144
gi|171464101|ref|YP_001798214.1|_6-106_1AW9:A:2-82	0	4	1	2	0	10	7	7	0	81
gi|171464102|ref|YP_001798215.1|_15-252_1GPM:A:208-404	0	5	1	8	0	15	5	8	0	197
gi|171464103|ref|YP_001798216.1|_1-167_1F8G:A:1-143,A:327-384	0	10	9	7	0	21	8	12	1	201
gi|171464103|ref|YP_001798216.1|_155-339_1F8G:A:144-326	2	9	2	5	0	24	12	14	0	183
gi|171464105|ref|YP_001798218.1|_284-455_1E3T:A:	1	7	0	7	0	24	17	15	0	175
gi|171464107|ref|YP_001798220.1|_184-376_1KID:A:	4	9	4	5	0	22	10	5	0	193
gi|171464107|ref|YP_001798220.1|_7-134,406-521_1OEL:A:2-136,A:410-525	1	8	1	10	0	16	7	11	1	251
gi|171464107|ref|YP_001798220.1|_137-203_1OEL:A:137-190,A:367-409	0	3	0	4	0	7	5	2	1	97
gi|171464108|ref|YP_001798221.1|_1-95_1AON:O:	2	7	0	0	0	16	7	6	0	97
gi|171464112|ref|YP_001798225.1|_36-237_1W5D:A:5-462	5	19	8	11	0	51	33	27	0	458
gi|171464113|ref|YP_001798226.1|_110-312_1B6R:A:79-276	1	10	3	5	0	16	8	10	0	198
gi|171464113|ref|YP_001798226.1|_7-107_1EYZ:A:2-112	1	5	1	4	0	14	8	7	0	111
gi|171464113|ref|YP_001798226.1|_316-388_1B6R:A:277-355	0	3	2	2	0	9	6	4	0	79
gi|171464114|ref|YP_001798227.1|_6-160_1QCZ:A:	0	5	1	6	0	16	7	8	0	163
gi|171464115|ref|YP_001798228.1|_5-296_2CNQ:A:2-305	4	15	2	7	0	29	17	19	0	304
gi|171464116|ref|YP_001798229.1|_1-329_1RV8:A:	3	8	0	11	0	31	14	11	0	305
gi|171464117|ref|YP_001798230.1|_2-76,166-343_1E0T:A:1-69,A:168-344	0	8	1	10	0	19	11	10	1	246
gi|171464117|ref|YP_001798230.1|_352-477_1A49:A:396-530	0	5	1	5	0	14	10	6	0	135
gi|171464117|ref|YP_001798230.1|_71-162_1E0T:A:70-167	4	9	1	1	0	16	5	7	0	98
gi|171464118|ref|YP_001798231.1|_19-399_1PHP:A:	3	17	9	14	0	49	28	25	0	394
gi|171464119|ref|YP_001798232.1|_1-303_1A3G:A:	5	16	3	7	0	37	19	17	0	305
gi|171464121|ref|YP_001798234.1|_4-344_1PSW:A:	0	12	6	13	0	35	21	21	0	348
gi|171464122|ref|YP_001798235.1|_13-128_3BB9:A:27-147	0	6	0	4	0	6	3	7	0	121
gi|171464123|ref|YP_001798236.1|_382-529_2FF4:A:105-283	2	0	2	8	0	9	4	10	0	179
gi|171464124|ref|YP_001798237.1|_6-152_1G90:A:	4	8	0	0	0	15	9	5	0	176
gi|171464126|ref|YP_001798239.1|_32-175_1J1I:A:	2	8	1	11	0	24	18	11	0	268
gi|171464129|ref|YP_001798242.1|_132-296_2SCU:A:122-286	0	7	2	5	0	21	13	9	0	165
gi|171464129|ref|YP_001798242.1|_1-114_1EUC:A:1-130	0	7	1	4	0	14	5	8	0	130
gi|171464130|ref|YP_001798243.1|_1-238_2SCU:B:1-238	1	12	3	7	0	24	11	11	0	238
gi|171464130|ref|YP_001798243.1|_241-384_2SCU:B:239-385	1	6	0	6	0	15	10	5	0	147
gi|171464132|ref|YP_001798245.1|_19-284_1U94:A:6-268	2	11	2	8	0	23	14	12	0	263
gi|171464132|ref|YP_001798245.1|_285-343_1UBE:A:271-330	0	3	0	3	0	3	3	3	0	60
gi|171464136|ref|YP_001798249.1|_9-155_1V3W:A:	4	20	0	1	0	34	5	15	0	173
gi|171464139|ref|YP_001798252.1|_9-79_1NYE:D:	1	7	0	4	0	14	8	5	0	161
gi|171464140|ref|YP_001798253.1|_7-128_1QXN:A:	0	7	0	6	0	16	8	7	0	136
gi|171464142|ref|YP_001798255.1|_128-371_1TV8:A:	4	11	4	10	0	39	20	20	0	327
gi|171464143|ref|YP_001798256.1|_46-156_1XM5:A:	0	4	0	6	0	13	9	4	0	152
gi|171464144|ref|YP_001798257.1|_59-192_2NYC:A:181-320	8	5	2	5	0	14	9	7	0	140
gi|171464144|ref|YP_001798257.1|_196-278_2PLI:A:5-88	2	5	0	2	0	9	4	4	0	84
gi|171464145|ref|YP_001798258.1|_212-480_1ERZ:A:	4	14	6	8	0	36	16	16	0	303
gi|171464146|ref|YP_001798259.1|_3-281_1J5W:A:	2	10	4	8	0	20	11	13	0	281
gi|171464147|ref|YP_001798260.1|_364-507_2PQ7:A:1-217	0	0	2	10	0	9	5	7	0	217
gi|171464147|ref|YP_001798260.1|_607-704_1IQ0:A:467-592	0	2	1	5	0	8	5	6	0	126
gi|171464148|ref|YP_001798261.1|_4-183_2GMW:A:24-205	7	6	4	7	0	22	14	10	0	182
gi|171464149|ref|YP_001798262.1|_9-240_1K30:A:	2	9	5	14	0	31	12	16	0	367
gi|171464150|ref|YP_001798263.1|_1-256_1QYR:A:	2	9	5	11	0	27	13	14	0	252
gi|171464151|ref|YP_001798264.1|_45-226_1M5Y:A:25-164,A:395-427	0	3	0	7	0	10	2	6	1	173
gi|171464151|ref|YP_001798264.1|_333-430_1M5Y:A:279-386	1	4	2	3	0	13	4	5	0	108
gi|171464151|ref|YP_001798264.1|_200-302_1M5Y:A:172-278	0	4	3	3	0	10	3	7	0	107
gi|171464153|ref|YP_001798266.1|_6-326_2PUL:A:5-396	1	10	6	14	0	29	12	21	0	392
gi|171464154|ref|YP_001798267.1|_11-237_1H5R:A:	0	13	5	11	0	29	20	21	0	290
gi|171464155|ref|YP_001798268.1|_182-454_2BWV:A:177-440	4	11	3	6	0	29	15	15	0	264
gi|171464155|ref|YP_001798268.1|_4-181_2BWV:A:1-176	0	8	2	7	0	18	9	6	0	176
gi|171464156|ref|YP_001798269.1|_6-166,255-376_1FOH:A:1-240,A:342-461	4	15	4	9	0	43	22	18	1	360
gi|171464157|ref|YP_001798270.1|_10-325_1VHN:A:	0	9	3	14	0	31	18	15	0	317
gi|171464158|ref|YP_001798271.1|_6-77_1ETO:B:	0	2	0	4	0	7	1	4	0	98
gi|171464159|ref|YP_001798272.1|_215-526_1ZCZ:A:158-452	2	16	1	8	0	32	22	11	0	295
gi|171464159|ref|YP_001798272.1|_2-193_1PKX:A:3-200	3	5	1	10	0	17	9	10	0	198
gi|171464160|ref|YP_001798273.1|_1-153_1HJR:A:	0	5	0	5	0	11	6	7	0	158
gi|171464161|ref|YP_001798274.1|_65-133_1CUK:A:65-142	0	0	1	5	0	6	5	4	0	78
gi|171464161|ref|YP_001798274.1|_1-63_1CUK:A:1-64	0	5	0	1	0	3	2	5	0	64
gi|171464161|ref|YP_001798274.1|_149-192_1CUK:A:156-203	0	0	0	3	0	5	2	2	0	48
gi|171464162|ref|YP_001798275.1|_38-269_1HQC:A:5-242	0	7	0	8	0	28	17	13	0	238
gi|171464162|ref|YP_001798275.1|_275-348_1HQC:A:243-318	0	2	0	5	0	6	4	6	0	76
gi|171464163|ref|YP_001798276.1|_20-327_1H3F:A:5-347	7	6	5	16	0	29	14	22	0	343
gi|171464163|ref|YP_001798276.1|_312-408_1H3F:A:352-432	1	7	1	2	0	10	3	6	0	81
gi|171464164|ref|YP_001798277.1|_7-40,69-114,147-348_2A6A:A:1-103	0	5	3	3	0	10	5	4	0	103
gi|171464165|ref|YP_001798278.1|_21-114_1NWB:A:	0	6	1	1	0	12	5	5	0	101
gi|171464166|ref|YP_001798279.1|_8-171_1XYG:A:15-162,A:327-359	2	6	3	7	0	24	13	12	1	181
gi|171464166|ref|YP_001798279.1|_157-328_1VKN:A:145-307	1	7	3	4	0	17	10	10	0	163
gi|171464167|ref|YP_001798280.1|_9-133_2GY9:I:4-129	0	6	3	4	0	10	5	5	0	126
gi|171464168|ref|YP_001798281.1|_1-139_2GYC:H:1-140	0	0	0	2	0	18	19	8	0	140
gi|171464169|ref|YP_001798282.1|_2-121_1ML8:A:	0	6	0	3	0	9	4	6	0	134
gi|171464170|ref|YP_001798283.1|_2-342_1J79:A:	3	15	4	14	0	42	18	22	0	343
gi|171464171|ref|YP_001798284.1|_361-601_2HYD:A:324-578	2	10	5	9	0	25	21	16	0	255
gi|171464171|ref|YP_001798284.1|_26-350_2HYD:A:1-323	0	0	1	15	1	9	5	12	0	323
gi|171464172|ref|YP_001798285.1|_2-143_1VCD:A:1-126	1	7	0	3	0	16	6	5	0	126
gi|171464173|ref|YP_001798286.1|_112-295,433-593_1C0A:A:107-287,A:421-585	10	12	1	11	0	38	26	17	1	346
gi|171464173|ref|YP_001798286.1|_294-419_1C0A:A:288-420	0	5	3	5	0	14	6	8	0	133
gi|171464173|ref|YP_001798286.1|_3-107_1C0A:A:1-106	0	5	3	1	0	12	3	7	0	106
gi|171464175|ref|YP_001798288.1|_91-162,197-440_1CKI:A:	5	10	3	10	0	30	14	16	0	299
gi|171464177|ref|YP_001798290.1|_157-300_2FXT:A:234-425	3	8	0	7	0	18	6	11	0	192
gi|171464178|ref|YP_001798291.1|_1-238_1VL5:A:	2	8	2	9	0	21	9	11	0	231
gi|171464180|ref|YP_001798293.1|_143-413_1F0X:A:9-273	7	11	5	7	0	41	22	16	0	265
gi|171464180|ref|YP_001798293.1|_446-577,691-774_1F0X:A:274-567	2	7	0	9	0	22	13	11	0	294
gi|171464180|ref|YP_001798293.1|_784-903_1H7W:A:2-183	1	0	4	8	0	20	11	12	0	182
gi|171464181|ref|YP_001798294.1|_4-359_1TDJ:A:5-335	0	10	2	13	0	33	18	16	0	331
gi|171464181|ref|YP_001798294.1|_412-505_1TDJ:A:424-514	1	4	0	2	0	13	3	4	0	91
gi|171464183|ref|YP_001798296.1|_3-151_1QVC:A:	0	7	0	1	0	20	11	4	0	145
gi|171464184|ref|YP_001798297.1|_7-379_1PV7:A:	0	0	2	22	0	18	12	14	0	417
gi|171464185|ref|YP_001798298.1|_631-923_3DHW:C:1-240	3	10	1	7	0	21	17	12	0	240
gi|171464185|ref|YP_001798298.1|_5-205,435-582_3D31:A:1-229	0	10	1	9	0	26	15	14	0	229
gi|171464186|ref|YP_001798299.1|_410-549_2FY8:A:116-244	0	6	2	6	0	14	10	7	0	130
gi|171464186|ref|YP_001798299.1|_574-655_1VCT:A:108-201	2	4	0	4	0	12	4	6	0	94
gi|171464187|ref|YP_001798300.1|_9-328_1VIM:A:	0	5	1	8	0	19	10	10	0	199
gi|171464188|ref|YP_001798301.1|_23-184_1K1E:A:	0	8	4	8	0	18	10	10	0	177
gi|171464191|ref|YP_001798304.1|_12-251_1JI0:A:	2	10	1	10	0	19	14	15	0	240
gi|171464192|ref|YP_001798305.1|_1-105_1L4S:A:	0	4	0	2	0	10	7	4	0	112
gi|171464193|ref|YP_001798306.1|_4-148_1A6J:A:	0	6	4	5	0	14	5	8	0	150
gi|171464194|ref|YP_001798307.1|_145-310_1JB1:A:	2	11	2	4	0	17	8	8	0	173
gi|171464194|ref|YP_001798307.1|_15-141_1KO7:A:1-129	2	5	1	7	0	18	4	10	0	129
gi|171464195|ref|YP_001798308.1|_5-158_1N3B:A:	0	5	2	8	0	16	7	7	0	204
gi|171464196|ref|YP_001798309.1|_6-234_1MUN:A:	0	0	3	12	0	19	16	12	0	225
gi|171464196|ref|YP_001798309.1|_229-370_1X51:A:8-149	2	7	0	3	0	17	11	6	0	142
gi|171464197|ref|YP_001798310.1|_2-142_1K82:A:1-128	4	9	0	2	0	17	9	6	0	128
gi|171464197|ref|YP_001798310.1|_134-230_1K82:A:129-216	2	0	1	4	0	9	5	8	0	88
gi|171464197|ref|YP_001798310.1|_225-277_1K82:A:225-268	2	2	1	0	0	9	3	5	0	44
gi|171464198|ref|YP_001798311.1|_332-492_1IWM:A:	0	13	0	3	0	21	10	9	0	177
gi|171464198|ref|YP_001798311.1|_156-318_1W3B:A:	0	0	0	23	0	35	6	26	0	388
gi|171464199|ref|YP_001798312.1|_8-158_1OJ4:A:1-163	3	6	2	4	0	18	8	8	0	163
gi|171464199|ref|YP_001798312.1|_164-282_1OJ4:A:164-283	2	4	1	6	0	14	8	6	0	120
gi|171464200|ref|YP_001798313.1|_74-310_1DKR:A:8-166	1	7	1	4	0	20	10	6	0	159
gi|171464200|ref|YP_001798313.1|_15-100_1DKR:A:8-166	1	7	1	4	0	20	10	6	0	159
gi|171464201|ref|YP_001798314.1|_2-190_1FEU:A:	0	14	2	3	0	26	12	8	0	185
gi|171464202|ref|YP_001798315.1|_2-193_2PTH:A:	0	7	4	6	0	15	9	12	0	193
gi|171464203|ref|YP_001798316.1|_4-76_1BLU:A:	0	4	2	2	0	15	3	6	0	80
gi|171464204|ref|YP_001798317.1|_3-157_1B6T:A:	0	5	2	6	0	18	7	8	0	157
gi|171464205|ref|YP_001798318.1|_9-193_2FPO:A:10-192	0	9	2	5	0	19	8	10	0	183
gi|171464206|ref|YP_001798319.1|_262-444_1HR6:A:234-470	0	6	2	8	0	22	12	12	0	237
gi|171464206|ref|YP_001798319.1|_34-234_1HR6:B:24-245	3	6	4	8	0	20	15	8	0	222
gi|171464207|ref|YP_001798320.1|_27-233_1BE3:A:1-233	2	7	3	9	0	24	15	12	0	233
gi|171464207|ref|YP_001798320.1|_250-443_1BCC:B:236-439	2	5	1	7	0	16	9	8	0	204
gi|171464208|ref|YP_001798321.1|_89-289_1FTS:A:285-495	0	8	3	7	0	20	7	12	0	211
gi|171464208|ref|YP_001798321.1|_4-74_1FTS:A:201-284	2	0	2	4	0	6	2	7	0	84
gi|171464209|ref|YP_001798322.1|_35-142_1SIG:A:	0	2	4	13	0	18	9	17	0	338
gi|171464209|ref|YP_001798322.1|_207-305_1TTY:A:	2	0	0	5	0	6	4	6	0	87
gi|171464210|ref|YP_001798323.1|_36-194_2GGT:A:138-297	0	9	2	4	0	19	7	9	0	164
gi|171464216|ref|YP_001798329.1|_6-284_1M56:C:	2	0	0	7	0	15	8	12	0	265
gi|171464218|ref|YP_001798331.1|_63-179_1SO9:A:	3	9	1	0	0	26	14	6	0	131
gi|171464219|ref|YP_001798332.1|_19-527_1AR1:A:	5	4	7	18	0	37	29	21	0	529
gi|171464220|ref|YP_001798333.1|_128-271_1M56:B:130-289	2	10	5	2	0	18	10	10	0	160
gi|171464220|ref|YP_001798333.1|_32-125_1M56:B:30-129	2	0	0	2	0	8	6	3	0	100
gi|171464220|ref|YP_001798333.1|_236-369_1C52:A:	2	2	1	7	0	10	6	13	0	131
gi|171464221|ref|YP_001798334.1|_18-193_1O54:A:	0	15	4	7	0	32	13	15	0	276
gi|171464222|ref|YP_001798335.1|_6-52_1U9Y:A:156-284	2	6	1	4	0	12	7	8	0	129
gi|171464223|ref|YP_001798336.1|_1-153_1MXI:A:	2	6	3	5	0	19	11	9	0	156
gi|171464224|ref|YP_001798337.1|_187-339_1EVY:A:198-357	0	0	1	8	0	11	6	8	0	160
gi|171464224|ref|YP_001798337.1|_1-188_1M66:A:9-197	0	8	1	8	0	20	13	11	0	189
gi|171464225|ref|YP_001798338.1|_10-149_1QYN:A:	0	4	0	4	0	6	2	6	0	134
gi|171464226|ref|YP_001798339.1|_1-83_1FOV:A:	0	4	0	4	0	10	6	4	0	82
gi|171464227|ref|YP_001798340.1|_16-137_1YT8:A:373-529	3	5	1	7	0	21	11	7	0	157
gi|171464228|ref|YP_001798341.1|_1-228_1E58:A:	4	6	4	10	0	30	9	18	0	247
gi|171464229|ref|YP_001798342.1|_36-117,191-383_1FC6:A:78-156,A:249-463	3	11	2	8	0	37	21	16	1	294
gi|171464229|ref|YP_001798342.1|_90-183_1Y8T:A:227-314	0	8	0	1	0	13	6	6	0	88
gi|171464230|ref|YP_001798343.1|_261-559_1VBG:A:521-876	0	8	5	17	0	29	23	17	0	356
gi|171464230|ref|YP_001798343.1|_128-258_1ZYM:A:3-21,A:145-249	1	6	3	4	0	20	9	4	1	124
gi|171464230|ref|YP_001798343.1|_28-144_1ZYM:A:22-144	0	0	0	5	0	6	1	4	0	123
gi|171464231|ref|YP_001798344.1|_1-87_1K1C:A:	0	4	0	3	0	6	4	7	0	84
gi|171464232|ref|YP_001798345.1|_1-134_1PDO:A:	2	4	0	5	0	12	6	9	0	129
gi|171464235|ref|YP_001798348.1|_1-112_1HWU:A:	1	5	3	2	0	10	2	4	0	112
gi|171464240|ref|YP_001798353.1|_62-331_1R30:A:	5	9	1	11	0	35	25	12	0	312
gi|171464241|ref|YP_001798354.1|_3-210_1W66:A:1-216	2	11	3	4	0	24	12	10	0	216
gi|171464242|ref|YP_001798355.1|_3-88_1RWU:A:	0	4	0	2	0	10	8	1	0	87
gi|171464243|ref|YP_001798356.1|_36-222_2FUK:A:3-220	2	8	1	5	0	26	14	17	0	218
gi|171464244|ref|YP_001798357.1|_1-37_1F37:A:	0	5	3	2	0	14	6	7	0	109
gi|171464246|ref|YP_001798359.1|_11-208_1BIA:A:64-270	3	7	2	5	0	15	5	13	0	207
gi|171464246|ref|YP_001798359.1|_221-258_1BIA:A:271-317	0	5	0	0	0	4	3	4	0	47
gi|171464247|ref|YP_001798360.1|_132-264_2F9W:A:115-248	2	5	2	4	0	12	8	7	0	134
gi|171464247|ref|YP_001798360.1|_4-129_2F9W:A:1-114	0	7	1	3	0	9	9	3	0	114
gi|171464248|ref|YP_001798361.1|_29-156_1COZ:A:	1	5	2	5	0	12	6	10	0	126
gi|171464249|ref|YP_001798362.1|_35-150_1GP1:A:	4	7	5	4	0	26	16	13	0	185
gi|171464252|ref|YP_001798365.1|_30-188_1FVK:A:	1	5	1	8	0	19	10	12	0	188
gi|171464253|ref|YP_001798366.1|_123-198_1UTA:A:	4	3	0	2	0	10	4	2	0	77
gi|171464254|ref|YP_001798367.1|_126-468_1IQ0:A:97-466	4	12	1	13	0	34	19	20	0	370
gi|171464254|ref|YP_001798367.1|_453-575_1IQ0:A:467-592	0	2	1	5	0	8	5	6	0	126
gi|171464254|ref|YP_001798367.1|_6-117_1BS2:A:5-135	1	3	3	5	0	12	3	7	0	131
gi|171464256|ref|YP_001798369.1|_591-915_1MSK:A:	9	8	6	11	0	36	15	20	0	327
gi|171464256|ref|YP_001798369.1|_28-298_1Q7Z:A:301-559	1	10	3	9	0	28	14	12	0	259
gi|171464256|ref|YP_001798369.1|_427-583_1BMT:A:741-896	0	5	1	6	0	17	8	8	0	156
gi|171464256|ref|YP_001798369.1|_326-417_1BMT:A:651-740	0	0	0	5	0	5	5	6	0	90
gi|171464257|ref|YP_001798370.1|_16-344_1Q7Z:A:1-300	2	10	3	13	0	32	19	15	0	300
gi|171464259|ref|YP_001798372.1|_2-69_2I7T:A:9-459	0	22	5	10	0	45	27	19	0	451
gi|171464261|ref|YP_001798374.1|_6-158_1RZ0:A:	4	11	0	3	0	15	3	10	0	153
gi|171464262|ref|YP_001798375.1|_4-37,75-108_1WP1:A:	7	6	2	10	0	34	19	14	0	456
gi|171464266|ref|YP_001798379.1|_249-610_1MOQ:A:	1	12	7	13	0	28	17	19	0	366
gi|171464266|ref|YP_001798379.1|_2-237_1XFF:A:	1	15	3	5	0	29	16	11	0	238
gi|171464267|ref|YP_001798380.1|_255-438_1HV9:A:252-452	3	24	0	0	0	46	11	16	0	201
gi|171464267|ref|YP_001798380.1|_1-252_1HV9:A:4-251	0	11	6	7	0	28	14	14	0	248
gi|171464268|ref|YP_001798381.1|_13-232_1WY5:A:1-216	0	6	1	10	0	20	9	10	0	216
gi|171464269|ref|YP_001798382.1|_7-117_1NBU:A:	1	4	1	4	0	13	7	4	0	118
gi|171464270|ref|YP_001798383.1|_23-200_1VL8:A:	2	7	6	9	0	25	10	14	0	251
gi|171464271|ref|YP_001798384.1|_18-380_1ZKD:A:2-366	1	18	4	12	0	33	22	20	0	365
gi|171464272|ref|YP_001798385.1|_127-371_1OU5:A:151-354	1	0	3	11	0	16	14	15	0	204
gi|171464272|ref|YP_001798385.1|_1-125_1MIW:A:1-139	1	9	2	5	0	14	6	8	0	139
gi|171464273|ref|YP_001798386.1|_20-191_2A35:A:4-215	2	9	2	8	0	20	13	11	0	210
gi|171464274|ref|YP_001798387.1|_3-61_2PV7:A:92-243	0	7	4	5	0	21	9	10	0	152
gi|171464275|ref|YP_001798388.1|_51-476_1QSA:A:1-450	0	0	5	28	0	34	17	25	0	450
gi|171464275|ref|YP_001798388.1|_483-640_1QSA:A:451-618	3	0	1	9	0	18	9	10	0	168
gi|171464276|ref|YP_001798389.1|_11-207_1SBQ:A:	1	9	3	4	0	24	7	7	0	164
gi|171464277|ref|YP_001798390.1|_3-274_1V93:A:	0	8	2	11	0	28	13	16	0	292
gi|171464278|ref|YP_001798391.1|_14-151,187-234,400-481_1A7A:A:2-189,A:353-432	1	9	4	11	0	30	15	14	1	268
gi|171464278|ref|YP_001798391.1|_235-399_1B3R:A:190-352	3	8	1	7	0	16	12	10	0	163
gi|171464279|ref|YP_001798392.1|_236-386_1MXA:A:232-383	1	3	2	5	0	19	17	9	0	152
gi|171464279|ref|YP_001798392.1|_114-235_1MXA:A:108-231	0	4	2	2	0	11	9	7	0	124
gi|171464279|ref|YP_001798392.1|_4-110_2P02:A:38-147	0	6	1	3	0	9	3	7	0	110
gi|171464283|ref|YP_001798396.1|_1-283_1BWZ:A:131-274	0	10	0	2	0	17	10	9	0	144
gi|171464284|ref|YP_001798397.1|_10-199_1ORO:A:	4	8	3	7	0	21	9	8	0	213
gi|171464285|ref|YP_001798398.1|_2-257_1HD7:A:	6	12	5	7	0	32	18	10	0	275
gi|171464286|ref|YP_001798399.1|_2-405_1PV7:A:	0	0	2	22	0	18	12	14	0	417
gi|171464287|ref|YP_001798400.1|_7-176_1VE3:A:2-227	0	10	2	7	0	20	9	11	0	226
gi|171464288|ref|YP_001798401.1|_11-373_2PL5:A:5-366	8	12	4	9	0	39	31	22	0	362
gi|171464289|ref|YP_001798402.1|_21-94_1UI5:A:5-75	0	0	0	4	0	5	1	4	0	71
gi|171464289|ref|YP_001798402.1|_99-197_2GFN:A:81-199	0	0	0	6	0	7	6	7	0	119
gi|171464290|ref|YP_001798403.1|_15-299_2BUF:A:2-301	7	11	1	10	0	27	12	17	0	300
gi|171464291|ref|YP_001798404.1|_29-121_1TJL:A:7-110	0	0	1	3	0	7	2	4	0	104
gi|171464291|ref|YP_001798404.1|_122-160_1TJL:A:111-151	2	0	0	2	0	8	3	1	0	41
gi|171464292|ref|YP_001798405.1|_4-205_1NIJ:A:2-223	0	9	2	7	0	28	21	11	0	222
gi|171464292|ref|YP_001798405.1|_258-351_1NIJ:A:224-318	2	5	0	2	0	8	4	5	0	95
gi|171464293|ref|YP_001798406.1|_122-326_1A0P:A:111-292	4	3	3	8	0	17	7	7	0	182
gi|171464293|ref|YP_001798406.1|_10-97_1A0P:A:3-100	0	0	0	4	0	8	5	5	0	98
gi|171464295|ref|YP_001798408.1|_5-302_2F2A:B:4-293	4	16	1	4	0	32	18	16	0	290
gi|171464295|ref|YP_001798408.1|_304-407_2F2A:B:294-400	0	0	0	8	0	9	6	9	0	118
gi|171464296|ref|YP_001798409.1|_1-499_2F2A:A:1-485	12	11	6	15	0	46	29	35	0	485
gi|171464297|ref|YP_001798410.1|_3-95_2F2A:C:3-94	1	2	1	3	0	9	4	5	0	92
gi|171464298|ref|YP_001798411.1|_155-338_1JCF:A:141-336	2	9	2	9	0	18	11	7	0	196
gi|171464298|ref|YP_001798411.1|_9-153_1JCF:A:1-140	0	10	0	4	0	12	8	9	0	140
gi|171464301|ref|YP_001798414.1|_262-623_1VQQ:A:328-668	5	11	4	11	0	38	21	21	0	341
gi|171464301|ref|YP_001798414.1|_52-260_1VQQ:A:139-327	3	10	4	6	0	21	7	12	0	189
gi|171464303|ref|YP_001798416.1|_13-103_2O97:B:1-90	1	3	0	3	0	6	0	3	0	90
gi|171464306|ref|YP_001798419.1|_3-215_1I6P:A:	1	5	1	10	0	18	11	13	0	214
gi|171464308|ref|YP_001798421.1|_10-113_1NNW:A:	0	10	2	7	0	25	17	11	0	251
gi|171464309|ref|YP_001798422.1|_16-213_1O6Y:A:	1	11	3	8	0	24	14	12	0	276
gi|171464310|ref|YP_001798423.1|_3-46_1WJG:A:	0	5	1	4	0	15	7	4	0	135
gi|171464311|ref|YP_001798424.1|_66-243_1KSK:A:60-231	2	9	2	4	0	23	8	13	0	172
gi|171464311|ref|YP_001798424.1|_6-83_1C06:A:	0	5	1	7	0	16	11	9	0	159
gi|171464312|ref|YP_001798425.1|_2-244_2BV3:A:7-282	2	11	3	8	0	22	12	14	0	276
gi|171464312|ref|YP_001798425.1|_227-357_1WDT:A:275-377	0	10	1	1	0	12	8	7	0	103
gi|171464312|ref|YP_001798425.1|_358-429_1WDT:A:378-454	0	4	0	2	0	6	3	3	0	77
gi|171464314|ref|YP_001798427.1|_1-142_1O65:A:	2	12	3	7	0	23	12	17	0	245
gi|171464315|ref|YP_001798428.1|_3-85_2ATR:A:1-137	0	5	2	4	0	11	7	7	0	137
gi|171464319|ref|YP_001798432.1|_3-173_1KQF:C:	1	2	4	10	0	14	7	8	0	216
gi|171464321|ref|YP_001798434.1|_23-116_1E8E:A:	2	2	1	3	0	14	8	12	0	124
gi|171464322|ref|YP_001798435.1|_21-87_2UUI:A:2-147	0	0	2	4	0	6	4	4	0	146
gi|171464323|ref|YP_001798436.1|_1-209_1ZRN:A:	1	8	4	9	0	18	11	14	0	220
gi|171464324|ref|YP_001798437.1|_13-126_2HH8:A:7-133	0	6	0	4	0	13	4	6	0	127
gi|171464326|ref|YP_001798439.1|_1-131_1SRR:A:	0	5	0	5	0	13	7	4	0	119
gi|171464326|ref|YP_001798439.1|_139-219_2CU7:A:8-72	0	0	0	3	0	8	5	2	0	65
gi|171464327|ref|YP_001798440.1|_590-744_1R62:A:	0	7	1	3	0	11	0	7	0	156
gi|171464327|ref|YP_001798440.1|_526-601_2C2A:A:232-320	0	0	1	3	0	3	0	4	0	89
gi|171464327|ref|YP_001798440.1|_333-382_2ASX:A:278-331	0	0	0	2	0	4	1	3	0	54
gi|171464327|ref|YP_001798440.1|_383-452_1EW0:A:	2	5	2	5	0	11	8	8	0	130
gi|171464329|ref|YP_001798442.1|_147-411_1SQG:A:145-428	2	12	5	11	0	31	13	23	0	284
gi|171464329|ref|YP_001798442.1|_18-133_1SQG:A:5-144	0	0	3	6	0	9	4	3	0	140
gi|171464331|ref|YP_001798444.1|_1-218_1FMT:A:1-206	5	7	1	6	0	25	13	8	0	206
gi|171464331|ref|YP_001798444.1|_222-318_1FMT:A:207-314	5	6	1	3	0	10	7	7	0	108
gi|171464332|ref|YP_001798445.1|_3-164_1LRY:A:	2	7	3	3	0	16	6	6	0	165
gi|171464333|ref|YP_001798446.1|_5-150_1WEK:A:	0	7	1	8	0	20	13	9	0	208
gi|171464334|ref|YP_001798447.1|_21-638_1D6M:A:	6	17	9	21	0	60	34	22	0	609
gi|171464335|ref|YP_001798448.1|_248-620_1KHB:A:260-622	6	20	5	8	0	53	22	27	0	363
gi|171464335|ref|YP_001798448.1|_12-247_1KHB:A:10-259	1	12	5	8	1	27	23	10	0	250
gi|171464336|ref|YP_001798449.1|_125-224,378-454_1XZP:A:118-211,A:372-450	0	0	0	8	0	10	7	7	1	173
gi|171464336|ref|YP_001798449.1|_73-167,201-371_1RFL:A:	0	4	1	5	0	22	18	7	0	171
gi|171464339|ref|YP_001798452.1|_5-75_1D6T:A:	1	5	3	4	0	16	9	6	0	117
