PDB_ID	B	E	G	H	I	L	S	T	X	sequence_length
gi|70605854|ref|YP_254724.1|_22-265_1FNN:A:1-276	4	5	2	12	0	25	19	17	0	276
gi|70605854|ref|YP_254724.1|_283-378_1FNN:A:277-388	0	3	0	5	0	9	4	3	0	112
gi|70605859|ref|YP_254729.1|_5-69_2P4W:A:1-194	2	5	0	8	0	12	7	8	0	197
gi|70605861|ref|YP_254731.1|_3-262_1J31:A:	1	16	2	7	0	32	15	15	0	262
gi|70605862|ref|YP_254732.1|_5-259_1XNG:A:3-257	1	6	2	12	0	23	10	12	0	255
gi|70605864|ref|YP_254734.1|_6-161_2I3B:A:1-189	0	10	1	5	0	20	14	8	0	189
gi|70605865|ref|YP_254735.1|_2-220_1T0T:V:	0	11	4	8	0	18	13	8	0	243
gi|70605866|ref|YP_254736.1|_3-164_1V8Y:A:	5	9	0	3	0	15	5	6	0	158
gi|70605868|ref|YP_254738.1|_4-271_1QTW:A:	4	9	5	9	0	34	16	15	0	285
gi|70605869|ref|YP_254739.1|_6-217_1NF2:A:	5	14	3	10	1	28	14	14	0	267
gi|70605870|ref|YP_254740.1|_7-136_1WY7:A:4-204	0	7	3	6	0	16	10	11	0	201
gi|70605871|ref|YP_254741.1|_1-214_1X42:A:1-230	7	6	3	10	0	19	10	14	0	230
gi|70605872|ref|YP_254742.1|_3-101_2GMG:A:1-105	4	2	0	3	0	12	6	4	0	96
gi|70605874|ref|YP_254743.1|_42-327_1D0V:A:	6	6	5	14	0	31	12	22	0	346
gi|70605876|ref|YP_254746.1|_7-308_1WZU:A:1-298	1	12	1	14	0	30	18	15	0	298
gi|70605877|ref|YP_254747.1|_5-372_1ELU:A:	4	15	5	10	0	39	20	21	0	381
gi|70605878|ref|YP_254748.1|_2-565_1PG4:A:	11	30	5	21	0	71	40	44	0	643
gi|70605880|ref|YP_254750.1|_27-239_1U0T:A:	0	20	3	5	0	30	14	14	0	302
gi|70605882|ref|YP_254752.1|_2-308_1TRB:A:119-244	1	8	1	4	0	13	10	6	0	126
gi|70605883|ref|YP_254753.1|_66-255_2FRN:A:19-278	0	13	3	6	0	25	10	16	0	260
gi|70605885|ref|YP_254755.1|_9-84_1RQ8:A:	0	4	0	3	0	9	6	3	0	96
gi|70605887|ref|YP_254757.1|_1-215_3BBD:A:2-205	4	7	4	6	0	21	11	9	0	204
gi|70605890|ref|YP_254760.1|_92-336_1JDW:A:	13	17	6	10	0	45	18	24	0	360
gi|70605891|ref|YP_254761.1|_3-286_1ZBM:A:2-261	0	11	5	11	0	24	18	13	0	260
gi|70605892|ref|YP_254762.1|_1-167_1ZWY:A:9-181	0	6	1	7	0	17	8	6	0	173
gi|70605894|ref|YP_254764.1|_5-111_1FB6:A:	0	5	0	4	0	11	2	7	0	104
gi|70605895|ref|YP_254765.1|_3-235_2GFQ:A:1-274	3	14	1	9	0	31	19	13	0	286
gi|70605896|ref|YP_254766.1|_1-196_1EBB:A:	4	6	4	7	0	26	7	13	0	202
gi|70605897|ref|YP_254767.1|_9-126_2EF7:A:1-127	5	7	2	4	0	12	7	10	0	127
gi|70605899|ref|YP_254769.1|_311-563_1II8:A:,B:	2	14	4	9	0	27	23	16	1	369
gi|70605899|ref|YP_254769.1|_239-337_1L8D:B:	0	2	0	2	0	6	1	2	0	111
gi|70605899|ref|YP_254769.1|_3-183,477-558_1SGW:A:	3	9	3	5	0	13	15	12	0	213
gi|70605900|ref|YP_254770.1|_3-307_2MAS:A:	1	12	1	13	0	44	24	10	0	313
gi|70605901|ref|YP_254771.1|_4-129_1MZB:A:	1	5	0	5	0	12	4	5	0	134
gi|70605904|ref|YP_254774.1|_1-153,191-238,327-405_1F2T:A:,B:	2	15	3	7	0	24	21	15	1	292
gi|70605904|ref|YP_254774.1|_712-872_1F2T:A:,B:	2	15	3	7	0	24	21	15	1	292
gi|70605904|ref|YP_254774.1|_391-486_1L8D:B:	0	2	0	2	0	6	1	2	0	111
gi|70605904|ref|YP_254774.1|_509-701,779-879_1F2T:A:,B:	2	15	3	7	0	24	21	15	1	292
gi|70605905|ref|YP_254775.1|_1-310_1II7:A:	4	19	4	8	0	37	23	13	0	333
gi|70605906|ref|YP_254776.1|_118-238,273-466_1VPL:A:	2	10	2	9	0	18	9	15	0	238
gi|70605907|ref|YP_254777.1|_15-135_1DVB:A:1-147	0	0	0	5	0	6	3	6	0	147
gi|70605908|ref|YP_254778.1|_1-106_1J30:A:	2	0	0	5	0	8	3	6	0	141
gi|70605909|ref|YP_254779.1|_213-487_2AX3:A:212-489	0	9	3	13	0	31	16	13	0	278
gi|70605909|ref|YP_254779.1|_2-234_2AX3:A:1-211	2	8	1	8	0	23	15	9	0	211
gi|70605910|ref|YP_254780.1|_1-149_1E2Y:A:	3	9	2	5	0	20	10	10	0	167
gi|70605911|ref|YP_254781.1|_132-468_1JQN:A:	3	8	5	38	0	62	30	39	0	880
gi|70605913|ref|YP_254783.1|_3-270_2P67:A:1-327	4	7	2	12	0	24	11	14	0	326
gi|70605914|ref|YP_254784.1|_3-127_7REQ:A:561-728	2	5	1	7	0	16	7	9	0	168
gi|70605915|ref|YP_254785.1|_11-60_1AZP:A:	0	5	2	1	0	3	0	4	0	66
gi|70605917|ref|YP_254787.1|_151-491_1E1O:A:161-502	5	13	4	11	0	28	17	18	0	342
gi|70605917|ref|YP_254787.1|_13-146_1BBU:A:11-154	0	5	1	4	0	13	6	7	0	144
gi|70605919|ref|YP_254789.1|_15-64_1WOT:A:	0	4	0	4	0	13	6	4	0	98
gi|70605920|ref|YP_254790.1|_1-176_2ARH:A:1-196	3	7	2	7	0	18	7	12	0	196
gi|70605921|ref|YP_254791.1|_25-201_1R30:A:	5	9	1	11	0	35	25	12	0	312
gi|70605922|ref|YP_254792.1|_1-121_2QI2:A:1-126	0	7	0	2	0	13	4	5	0	126
gi|70605922|ref|YP_254792.1|_236-342_1X52:A:8-118	0	4	1	5	0	7	5	5	0	111
gi|70605922|ref|YP_254792.1|_124-240_2VGN:A:136-277	0	5	2	5	0	11	6	8	0	142
gi|70605923|ref|YP_254793.1|_1-146_1Y9W:A:1-140	0	7	3	3	0	13	3	7	0	140
gi|70605924|ref|YP_254794.1|_380-771_1TGO:A:348-773	5	12	5	13	0	44	20	26	0	426
gi|70605924|ref|YP_254794.1|_3-400_1TGO:A:1-347	0	17	2	10	0	27	21	18	0	347
gi|70605925|ref|YP_254795.1|_165-265_1T6T:1:	0	4	1	5	0	10	6	6	0	108
gi|70605926|ref|YP_254796.1|_1-343_1J1U:A:	2	8	3	13	0	24	14	17	0	306
gi|70605928|ref|YP_254798.1|_1-134_1VPH:A:	0	8	1	3	0	14	7	4	0	148
gi|70605929|ref|YP_254799.1|_98-211_1VQV:A:1-137	5	5	0	3	0	13	6	7	0	137
gi|70605929|ref|YP_254799.1|_215-364_2Z1E:A:156-334	0	7	4	5	0	20	10	10	0	179
gi|70605930|ref|YP_254800.1|_10-145_2GY9:M:1-114	2	0	0	6	0	12	10	5	0	114
gi|70605931|ref|YP_254801.1|_9-162_1C06:A:	0	5	1	7	0	16	11	9	0	159
gi|70605932|ref|YP_254802.1|_5-130_2QAL:K:12-128	0	5	1	3	0	11	7	6	0	117
gi|70605933|ref|YP_254803.1|_37-158_1I50:C:42-172	0	8	3	1	0	20	8	7	0	131
gi|70605933|ref|YP_254803.1|_3-42,180-261_1I50:K:	0	4	1	2	0	12	7	9	0	114
gi|70605935|ref|YP_254805.1|_4-145_1J3A:A:	3	5	4	5	0	13	6	6	0	142
gi|70605936|ref|YP_254806.1|_8-138_2GY9:I:4-129	0	6	3	4	0	10	5	5	0	126
gi|70605937|ref|YP_254807.1|_1-63_1I50:J:	3	0	0	4	0	8	4	6	0	65
gi|70605938|ref|YP_254808.1|_29-213_1VI6:A:	1	7	3	6	0	22	13	12	0	193
gi|70605941|ref|YP_254811.1|_1-293_1P0K:A:	2	12	3	11	0	33	16	14	0	329
gi|70605942|ref|YP_254812.1|_7-329_1RQJ:A:	0	2	0	16	0	15	8	14	0	299
gi|70605944|ref|YP_254814.1|_10-215_1LVH:A:	2	6	7	9	0	21	8	14	0	221
gi|70605945|ref|YP_254815.1|_20-492_1EHK:A:	6	2	5	24	0	31	17	32	0	549
gi|70605948|ref|YP_254818.1|_1-238_1J6O:A:	1	8	6	9	0	23	12	16	0	267
gi|70605949|ref|YP_254819.1|_4-43_1YFB:A:3-53	0	4	0	1	0	7	0	4	0	52
gi|70605950|ref|YP_254820.1|_22-117_2D1H:A:1-109	0	3	1	5	0	8	2	5	0	109
gi|70605951|ref|YP_254821.1|_2-217_2D13:A:2-227	2	9	2	6	0	25	8	13	0	226
gi|70605952|ref|YP_254822.1|_4-150_1ORI:A:	6	15	2	8	0	33	14	21	0	316
gi|70605953|ref|YP_254823.1|_8-178_1E5K:A:	0	9	1	7	0	22	13	14	0	188
gi|70605954|ref|YP_254824.1|_2-171_1XI8:A:6-181	3	4	1	2	0	15	5	6	0	176
gi|70605954|ref|YP_254824.1|_176-314_1UZ5:A:181-328	1	9	0	4	0	15	9	7	0	148
gi|70605955|ref|YP_254825.1|_4-100_1XJC:A:	0	8	1	4	0	15	11	8	0	165
gi|70605956|ref|YP_254826.1|_37-225_1VLM:A:	2	8	2	8	0	22	11	13	0	218
gi|70605960|ref|YP_254830.1|_64-135_1FX7:A:65-144	2	0	1	3	0	8	3	6	0	80
gi|70605960|ref|YP_254830.1|_12-91_1ON2:A:2-62	0	2	0	3	0	3	3	3	0	61
gi|70605960|ref|YP_254830.1|_130-212_1BYM:A:	0	5	1	3	0	12	9	5	0	97
gi|70605961|ref|YP_254831.1|_4-391_2B8N:A:4-417	4	12	2	17	0	38	21	25	0	414
gi|70605962|ref|YP_254832.1|_3-237_2ONK:C:1-252	0	0	1	12	0	13	9	9	0	252
gi|70605964|ref|YP_254834.1|_1-217_1HG3:A:	4	8	2	9	0	24	19	13	0	224
gi|70605967|ref|YP_254837.1|_34-164,243-303_2B20:A:151-397	0	8	3	9	0	22	16	16	0	247
gi|70605968|ref|YP_254838.1|_3-124_1IRY:A:	5	9	0	2	0	20	10	6	0	156
gi|70605969|ref|YP_254839.1|_10-428_1VDK:A:	5	8	4	18	1	40	17	25	0	460
gi|70605970|ref|YP_254840.1|_11-193_1XM8:A:	1	14	3	9	0	25	7	18	0	253
gi|70605971|ref|YP_254841.1|_50-325_1OMZ:A:	3	13	1	7	0	26	18	19	0	265
gi|70605972|ref|YP_254842.1|_631-813_1IWG:A:7-37,A:331-498	0	0	1	8	0	9	7	9	1	199
gi|70605972|ref|YP_254842.1|_283-462_1IWG:A:513-566,A:869-1036	2	0	1	11	0	13	7	10	1	222
gi|70605973|ref|YP_254843.1|_167-345_1HV8:A:3-210	0	7	1	9	0	25	17	9	0	208
gi|70605973|ref|YP_254843.1|_503-574_2AE6:A:1-161	0	7	3	4	0	10	4	9	0	161
gi|70605975|ref|YP_254845.1|_1-240_1HD7:A:	6	12	5	7	0	32	18	10	0	275
gi|70605976|ref|YP_254846.1|_2-71_1JDQ:A:	0	4	0	2	0	14	9	3	0	97
gi|70605979|ref|YP_254849.1|_26-130_2D1H:A:1-109	0	3	1	5	0	8	2	5	0	109
gi|70605980|ref|YP_254850.1|_1-259_1UDB:A:	3	13	1	11	0	38	21	15	0	338
gi|70605981|ref|YP_254851.1|_6-264_1PZ1:A:	6	12	9	9	0	39	21	23	0	332
gi|70605982|ref|YP_254852.1|_1-52,93-172,201-328_1EBD:A:7-154,A:272-346	4	13	2	5	0	24	15	13	1	223
gi|70605982|ref|YP_254852.1|_310-410_1JEH:A:356-478	2	5	1	5	0	12	5	9	0	123
gi|70605984|ref|YP_254854.1|_128-200_1WB1:A:180-271	6	5	1	0	0	22	10	2	0	92
gi|70605987|ref|YP_254857.1|_3-219_1V7Z:A:	8	5	6	8	0	30	14	10	0	257
gi|70605988|ref|YP_254858.1|_10-374_1PW4:A:	2	0	1	18	0	21	18	22	0	450
gi|70605989|ref|YP_254859.1|_166-308_1VPM:A:	4	7	2	2	0	14	6	6	0	155
gi|70605989|ref|YP_254859.1|_2-141_1VPM:A:	4	7	2	2	0	14	6	6	0	155
gi|70605991|ref|YP_254861.1|_145-285,369-598_3D31:A:1-229	0	10	1	9	0	26	15	14	0	229
gi|70605993|ref|YP_254863.1|_3-194_1XHC:A:1-103,A:226-289	4	11	2	5	0	18	13	9	1	165
gi|70605993|ref|YP_254863.1|_316-437_1NHP:A:322-447	3	5	0	4	0	15	3	10	0	126
gi|70605993|ref|YP_254863.1|_149-312_1XHC:A:1-103,A:226-289	4	11	2	5	0	18	13	9	1	165
gi|70605995|ref|YP_254865.1|_35-292_1TZB:A:	0	11	5	10	0	26	15	10	0	301
gi|70605996|ref|YP_254866.1|_5-312_1LI5:A:1-315	10	12	4	9	0	33	15	16	0	315
gi|70605996|ref|YP_254866.1|_346-468_1U0B:B:316-461	1	2	0	8	0	14	6	10	0	146
gi|70605997|ref|YP_254867.1|_3-130_1K2E:A:	2	10	1	2	0	15	9	5	0	155
gi|70605999|ref|YP_254869.1|_188-421_1V9L:A:180-421	2	6	2	9	0	25	14	13	0	242
gi|70605999|ref|YP_254869.1|_12-190_1B26:A:4-178	1	5	3	5	0	18	10	8	0	175
gi|70606001|ref|YP_254871.1|_1-151,180-313_1F2T:A:,B:	2	15	3	7	0	24	21	15	1	292
gi|70606002|ref|YP_254872.1|_9-257_1O5I:A:	4	7	4	9	0	23	14	14	0	234
gi|70606003|ref|YP_254873.1|_3-188_1UI0:A:	2	6	3	9	0	21	15	9	0	192
gi|70606005|ref|YP_254875.1|_63-130_1FX7:A:65-144	2	0	1	3	0	8	3	6	0	80
gi|70606005|ref|YP_254875.1|_8-87_1LJ9:A:	0	3	1	6	0	9	3	9	0	144
gi|70606006|ref|YP_254876.1|_2-268_1O5K:A:	0	10	4	12	0	25	12	16	0	305
gi|70606007|ref|YP_254877.1|_15-91_1ULY:A:	1	4	1	8	0	12	7	8	0	190
gi|70606008|ref|YP_254878.1|_223-349_3B60:A:329-581	4	10	2	9	0	24	18	16	0	253
gi|70606009|ref|YP_254879.1|_28-517_1UZB:A:	7	19	6	15	0	48	35	23	0	516
gi|70606011|ref|YP_254881.1|_8-135_2D59:A:4-142	1	7	1	5	0	19	11	8	0	141
gi|70606013|ref|YP_254883.1|_36-100_1QYP:A:	0	4	0	0	0	8	5	1	0	56
gi|70606015|ref|YP_254885.1|_1-88_1I50:K:	0	4	1	2	0	12	7	9	0	114
gi|70606016|ref|YP_254886.1|_59-170_3BZK:A:637-730	0	5	2	2	0	13	4	6	0	94
gi|70606016|ref|YP_254886.1|_1-49_2NN6:I:6-60	4	3	0	0	0	12	5	4	0	55
gi|70606018|ref|YP_254888.1|_4-167_1S72:H:	0	8	3	2	0	20	10	7	0	171
gi|70606021|ref|YP_254891.1|_1-237_1JW9:B:	5	8	2	9	0	22	10	18	0	247
gi|70606022|ref|YP_254892.1|_9-261_1TRK:A:3-337	2	7	3	13	0	32	17	26	0	335
gi|70606023|ref|YP_254893.1|_6-171_1QGD:A:333-527	1	8	3	7	0	22	12	13	0	195
gi|70606023|ref|YP_254893.1|_177-311_1W85:B:193-324	0	6	2	5	0	13	8	5	0	132
gi|70606024|ref|YP_254894.1|_93-269_1JAY:A:	0	11	1	10	0	20	11	11	0	212
gi|70606024|ref|YP_254894.1|_2-87_1YBZ:A:2-75	0	0	1	3	0	3	1	1	0	74
gi|70606024|ref|YP_254894.1|_247-337_2F1K:A:166-279	0	0	2	7	0	7	3	4	0	114
gi|70606025|ref|YP_254895.1|_47-329_1RZM:A:	8	15	4	10	0	42	23	21	0	338
gi|70606026|ref|YP_254896.1|_13-346_1DQS:A:	3	13	4	15	0	30	16	22	0	388
gi|70606027|ref|YP_254897.1|_103-256_1NVT:A:111-287	0	6	0	7	0	21	11	9	0	177
gi|70606027|ref|YP_254897.1|_4-101_1NVT:A:1-110	0	6	2	3	0	12	4	8	0	105
gi|70606028|ref|YP_254898.1|_4-360_1UM0:A:	10	18	2	10	0	39	26	23	0	365
gi|70606029|ref|YP_254899.1|_20-145_1KKH:A:1-180	0	7	4	4	0	13	9	6	0	175
gi|70606029|ref|YP_254899.1|_212-256_1FWK:A:168-300	1	6	1	6	0	13	8	6	0	133
gi|70606030|ref|YP_254900.1|_21-355_1G6S:A:	6	24	7	12	0	45	26	19	0	427
gi|70606031|ref|YP_254901.1|_6-211_1SFL:A:	5	8	4	8	0	23	11	13	0	236
gi|70606032|ref|YP_254902.1|_6-98_1FQT:A:	4	10	1	0	0	15	6	10	0	109
gi|70606034|ref|YP_254904.1|_3-83,133-190,301-341_2FWR:A:23-256	3	12	5	9	0	19	16	14	0	234
gi|70606035|ref|YP_254905.1|_3-77_1NHO:A:	0	4	1	2	0	12	7	4	0	85
gi|70606036|ref|YP_254906.1|_5-73_1DCJ:A:	0	4	0	2	0	10	4	5	0	81
gi|70606037|ref|YP_254907.1|_96-209_1B06:A:93-210	2	3	2	5	0	12	6	7	0	118
gi|70606037|ref|YP_254907.1|_7-93_1B06:A:3-92	1	0	0	3	0	6	4	5	0	90
gi|70606038|ref|YP_254908.1|_1-232,260-309_1H5R:A:	0	13	5	11	0	29	20	21	0	290
gi|70606040|ref|YP_254910.1|_177-490_2AFA:A:4-415	14	13	4	13	1	44	17	28	0	411
gi|70606040|ref|YP_254910.1|_3-128_1TI3:A:	0	5	0	4	0	9	5	5	0	113
gi|70606041|ref|YP_254911.1|_1-231_1GCO:A:	2	7	8	9	0	24	12	14	0	261
gi|70606043|ref|YP_254913.1|_41-308_1XHB:A:95-422	1	12	5	11	0	35	18	17	0	328
gi|70606046|ref|YP_254916.1|_1-216_1G3Q:A:	0	8	3	11	0	25	16	14	0	237
gi|70606047|ref|YP_254917.1|_6-77_1H7W:A:2-183	1	0	4	8	0	20	11	12	0	182
gi|70606048|ref|YP_254918.1|_207-441_1F0X:A:274-567	2	7	0	9	0	22	13	11	0	294
gi|70606048|ref|YP_254918.1|_2-204_1HSK:A:15-208	4	14	3	6	0	20	9	15	0	194
gi|70606049|ref|YP_254919.1|_6-171_1E8G:A:6-273	6	11	6	4	0	35	19	17	0	268
gi|70606050|ref|YP_254920.1|_9-292_1Q6Z:A:342-524	4	6	1	8	0	22	11	10	0	183
gi|70606051|ref|YP_254921.1|_223-490_1B0P:A:2-258	2	11	0	10	0	22	13	9	0	257
gi|70606051|ref|YP_254921.1|_2-244_1B0P:A:416-668	2	6	4	9	0	29	21	11	0	253
gi|70606051|ref|YP_254921.1|_502-616_1B0P:A:259-415	1	7	1	4	0	20	14	8	0	157
gi|70606053|ref|YP_254923.1|_4-234_1J31:A:	1	16	2	7	0	32	15	15	0	262
gi|70606054|ref|YP_254924.1|_121-259_2O16:A:20-158	7	6	1	5	0	14	8	7	0	139
gi|70606054|ref|YP_254924.1|_10-118_2YVX:A:132-275	10	5	1	4	0	20	17	6	0	144
gi|70606054|ref|YP_254924.1|_284-372_1IMU:A:	0	4	0	2	0	13	8	3	0	107
gi|70606055|ref|YP_254925.1|_1-318_1C3P:A:	6	8	5	12	0	41	20	23	0	372
gi|70606056|ref|YP_254926.1|_121-389_1EYZ:A:113-318	3	10	2	6	0	15	11	6	0	206
gi|70606056|ref|YP_254926.1|_3-111_1EYZ:A:2-112	1	5	1	4	0	14	8	7	0	111
gi|70606061|ref|YP_254931.1|_1-178,265-314_2IVD:A:10-306,A:415-464	5	15	3	15	0	32	15	21	1	347
gi|70606063|ref|YP_254933.1|_9-176_1Y5E:A:12-166	0	6	1	6	0	14	7	8	0	155
gi|70606067|ref|YP_254937.1|_3-280_2NUX:B:	4	8	3	12	0	31	17	12	0	288
gi|70606068|ref|YP_254938.1|_1-306_2DCN:A:2-309	1	14	3	11	0	29	13	16	0	308
gi|70606069|ref|YP_254939.1|_21-500_1KY8:A:	4	26	4	17	0	46	30	27	0	499
gi|70606070|ref|YP_254940.1|_7-87_1FQT:A:	4	10	1	0	0	15	6	10	0	109
gi|70606072|ref|YP_254942.1|_122-211_2OAU:A:113-179	0	5	0	2	0	7	5	3	0	67
gi|70606072|ref|YP_254942.1|_46-120_2OAU:A:27-112	0	0	0	3	0	3	0	1	0	86
gi|70606073|ref|YP_254943.1|_8-83_1VLG:A:	1	0	0	5	0	8	2	5	0	164
gi|70606077|ref|YP_254947.1|_107-317_1VPB:A:	7	17	3	9	0	43	20	27	0	439
gi|70606078|ref|YP_254948.1|_3-243_1VL8:A:	2	7	6	9	0	25	10	14	0	251
gi|70606079|ref|YP_254949.1|_4-213_1X42:A:1-230	7	6	3	10	0	19	10	14	0	230
gi|70606080|ref|YP_254950.1|_212-441_1R30:A:	5	9	1	11	0	35	25	12	0	312
gi|70606082|ref|YP_254952.1|_6-188_2QFI:A:5-208	2	0	7	7	0	14	20	21	0	204
gi|70606082|ref|YP_254952.1|_207-263_3BYP:A:6-87	1	3	0	2	0	5	2	4	0	82
gi|70606083|ref|YP_254953.1|_1-327_1O7X:A:	3	5	3	16	0	28	16	15	0	367
gi|70606084|ref|YP_254954.1|_2-277_1MUM:A:	3	8	1	13	0	30	19	11	0	289
gi|70606085|ref|YP_254955.1|_2-425_1SZQ:A:	10	6	6	22	0	48	24	27	0	473
gi|70606086|ref|YP_254956.1|_3-136_1OJU:A:22-163	0	6	1	4	0	13	11	5	0	142
gi|70606086|ref|YP_254956.1|_140-296_1I0Z:A:161-332	2	7	2	5	0	18	7	11	0	172
gi|70606087|ref|YP_254957.1|_84-261_1QP8:A:83-263	3	6	2	7	0	24	15	13	0	181
gi|70606087|ref|YP_254957.1|_1-99_1QP8:A:1-82,A:264-302	4	4	1	3	0	20	11	8	1	121
gi|70606088|ref|YP_254958.1|_1-142_1WMM:A:1-145	0	9	3	3	0	18	5	9	0	145
gi|70606089|ref|YP_254959.1|_5-368_2BKW:A:3-384	2	14	3	13	0	41	25	24	0	382
gi|70606090|ref|YP_254960.1|_1-208_1NOX:A:	2	4	2	9	0	19	7	11	0	200
gi|70606092|ref|YP_254962.1|_2-159_1V7L:A:	4	8	0	7	0	21	10	13	0	162
gi|70606093|ref|YP_254963.1|_1-414_1L5J:A:373-862	8	18	6	16	0	59	31	29	0	490
gi|70606097|ref|YP_254967.1|_2-220_1V43:A:7-245	1	10	2	8	0	20	13	15	0	239
gi|70606098|ref|YP_254968.1|_10-202_3DHW:A:6-208	0	0	1	9	0	11	7	9	0	203
gi|70606098|ref|YP_254968.1|_329-521_3DHW:A:6-208	0	0	1	9	0	11	7	9	0	203
gi|70606099|ref|YP_254969.1|_85-353_1ULZ:A:115-328	2	8	1	6	0	23	11	8	0	214
gi|70606099|ref|YP_254969.1|_2-114_1DV1:A:1-114	0	5	2	5	0	11	5	6	0	114
gi|70606099|ref|YP_254969.1|_336-451_1DV1:A:331-446	3	7	0	4	0	16	7	5	0	116
gi|70606100|ref|YP_254970.1|_91-167_1O78:A:	4	6	0	0	0	18	11	2	0	84
gi|70606101|ref|YP_254971.1|_238-511_1VRG:A:252-515	3	8	5	10	0	23	16	16	0	264
gi|70606101|ref|YP_254971.1|_2-251_1VRG:A:1-251	6	7	5	10	0	21	10	13	0	251
gi|70606102|ref|YP_254972.1|_504-701_2P6R:A:489-686	0	0	2	12	0	12	7	14	0	198
gi|70606102|ref|YP_254972.1|_39-185,214-270,307-403_2P6R:A:1-202	1	7	2	7	0	20	9	10	0	202
gi|70606102|ref|YP_254972.1|_421-503_2P6R:A:404-488	0	2	0	5	0	5	6	5	0	85
gi|70606103|ref|YP_254973.1|_20-62_1Q5V:A:1-48	0	1	0	2	0	4	1	1	0	48
gi|70606107|ref|YP_254977.1|_1-208_1II7:A:	4	19	4	8	0	37	23	13	0	333
gi|70606109|ref|YP_254979.1|_2-161_1TE5:A:	4	16	1	3	0	30	19	6	0	253
gi|70606110|ref|YP_254980.1|_1-230_1Y44:A:1-307	11	14	2	7	0	35	16	14	0	307
gi|70606111|ref|YP_254981.1|_2-274_1RKD:A:	0	14	3	11	0	30	12	16	0	306
gi|70606112|ref|YP_254982.1|_5-258_1UB0:A:	1	9	1	8	0	20	12	11	0	258
gi|70606112|ref|YP_254982.1|_265-400_2PB9:A:268-451	3	9	2	6	0	23	10	11	0	184
gi|70606114|ref|YP_254984.1|_41-302_1QG8:A:	2	9	4	8	0	22	13	12	0	255
gi|70606116|ref|YP_254986.1|_12-203_1ZTC:A:1-207	3	13	6	5	0	25	10	9	0	207
gi|70606119|ref|YP_254989.1|_239-460_2PG3:A:1-230	0	5	1	10	0	19	14	11	0	230
gi|70606119|ref|YP_254989.1|_2-224_1XFF:A:	1	15	3	5	0	29	16	11	0	238
gi|70606120|ref|YP_254990.1|_69-382_1S2M:A:252-422	2	7	3	5	0	19	12	8	0	171
gi|70606127|ref|YP_254997.1|_1-121_2EF7:A:1-127	5	7	2	4	0	12	7	10	0	127
gi|70606128|ref|YP_254998.1|_16-267_2FNA:A:1-283	0	7	3	11	0	23	13	17	0	283
gi|70606128|ref|YP_254998.1|_269-338_1HSJ:A:373-487	0	3	1	5	0	10	9	2	0	115
gi|70606129|ref|YP_254999.1|_1-232_1EFP:B:	2	13	2	6	0	25	15	14	0	246
gi|70606130|ref|YP_255000.1|_157-277_1EFP:A:185-308	2	5	3	4	0	16	11	8	0	124
gi|70606130|ref|YP_255000.1|_37-190_1O97:C:	2	13	7	5	0	31	12	11	0	261
gi|70606131|ref|YP_255001.1|_2-176,264-327_2GMH:A:4-236,A:336-482	2	17	5	9	0	43	20	25	1	380
gi|70606131|ref|YP_255001.1|_175-263_2GMH:A:237-335	0	5	1	2	0	11	4	8	0	99
gi|70606132|ref|YP_255002.1|_6-82_1H98:A:	0	4	3	3	0	12	1	7	0	77
gi|70606133|ref|YP_255003.1|_13-470_1QM5:A:	2	25	14	33	0	74	39	32	0	796
gi|70606134|ref|YP_255004.1|_17-412_1PW4:A:	2	0	1	18	0	21	18	22	0	450
gi|70606135|ref|YP_255005.1|_31-303_1TV8:A:	4	11	4	10	0	39	20	20	0	327
gi|70606138|ref|YP_255008.1|_13-198_1DIQ:A:7-242	4	11	2	6	0	33	17	19	0	236
gi|70606138|ref|YP_255008.1|_202-431_1F0X:A:274-567	2	7	0	9	0	22	13	11	0	294
gi|70606139|ref|YP_255009.1|_1-165_1EJ2:A:	0	5	2	7	0	18	10	8	0	167
gi|70606141|ref|YP_255011.1|_8-201_1QQ5:A:	3	6	5	11	0	21	13	14	0	245
gi|70606144|ref|YP_255014.1|_39-404_1JOF:A:	3	28	1	0	0	39	21	26	0	365
gi|70606145|ref|YP_255015.1|_20-650_1PG4:A:	11	30	5	21	0	71	40	44	0	643
gi|70606146|ref|YP_255016.1|_7-246_2C8M:A:1-256	3	11	1	8	0	26	11	14	0	256
gi|70606147|ref|YP_255017.1|_16-81_1LAB:A:	4	6	0	0	0	20	13	1	0	80
gi|70606148|ref|YP_255018.1|_10-276_1R30:A:	5	9	1	11	0	35	25	12	0	312
gi|70606149|ref|YP_255019.1|_1-258_2C8M:A:1-256	3	11	1	8	0	26	11	14	0	256
gi|70606151|ref|YP_255021.1|_2-219_1U5H:A:	2	8	3	10	0	23	17	16	0	223
gi|70606152|ref|YP_255022.1|_16-132_1ZKI:A:4-129	2	6	2	2	0	13	7	4	0	126
gi|70606154|ref|YP_255024.1|_4-248_1EFV:B:	2	13	1	8	0	24	12	15	0	252
gi|70606154|ref|YP_255024.1|_286-476_1O97:D:1-192	2	13	1	5	0	22	12	11	0	192
gi|70606154|ref|YP_255024.1|_486-603_1EFV:A:208-331	2	5	5	4	0	16	12	8	0	124
gi|70606155|ref|YP_255025.1|_1-170,261-317_2I0Z:A:1-192,A:362-420	4	15	6	8	0	27	12	15	1	251
gi|70606155|ref|YP_255025.1|_172-270_2GMH:A:237-335	0	5	1	2	0	11	4	8	0	99
gi|70606156|ref|YP_255026.1|_20-94_2GMH:A:483-584	2	4	1	5	0	17	6	8	0	102
gi|70606157|ref|YP_255027.1|_4-251_2PW9:A:7-257	4	12	3	7	0	20	11	9	0	251
gi|70606159|ref|YP_255029.1|_192-202,256-805_2IV2:X:1-564	10	22	7	22	0	67	42	29	0	564
gi|70606159|ref|YP_255029.1|_790-931_1KQF:A:851-1015	2	8	2	3	0	29	13	13	0	165
gi|70606159|ref|YP_255029.1|_4-124_1FEH:A:1-126	4	5	1	3	0	15	6	10	0	126
gi|70606159|ref|YP_255029.1|_131-213_1FEH:A:127-209	0	5	3	2	0	8	7	5	0	83
gi|70606160|ref|YP_255030.1|_213-362_1XM7:A:	4	9	1	6	0	24	16	14	0	194
gi|70606160|ref|YP_255030.1|_15-111_1FSI:A:	2	7	1	4	0	18	1	7	0	188
gi|70606162|ref|YP_255032.1|_1-124_1W8I:A:	0	5	0	7	0	14	8	10	0	155
gi|70606165|ref|YP_255035.1|_58-139_1KF6:B:106-243	0	0	3	8	0	15	4	9	0	138
gi|70606167|ref|YP_255037.1|_4-344_1B37:A:5-293,A:406-463	9	15	3	12	0	38	24	22	1	347
gi|70606169|ref|YP_255039.1|_2-77_1PAV:A:	3	3	0	2	0	12	6	4	0	78
gi|70606170|ref|YP_255040.1|_122-254_1FCD:A:115-255	0	7	1	3	0	19	14	9	0	141
gi|70606170|ref|YP_255040.1|_2-155_1FCD:A:1-114,A:256-327	2	14	1	5	0	23	16	13	1	186
gi|70606171|ref|YP_255041.1|_1-119_2HY5:C:402-502	2	5	2	4	0	12	5	7	0	101
gi|70606173|ref|YP_255043.1|_53-141_1KF6:B:106-243	0	0	3	8	0	15	4	9	0	138
gi|70606174|ref|YP_255044.1|_5-78_1PAV:A:	3	3	0	2	0	12	6	4	0	78
gi|70606175|ref|YP_255045.1|_7-53,84-139_1L1S:A:	2	5	2	4	0	12	2	6	0	111
gi|70606176|ref|YP_255046.1|_15-133_2HY5:C:402-502	2	5	2	4	0	12	5	7	0	101
gi|70606177|ref|YP_255047.1|_1-314_3LAD:A:1-158,A:278-348	5	12	2	5	0	29	17	12	1	229
gi|70606177|ref|YP_255047.1|_325-431_3LAD:A:349-472	2	5	1	5	0	12	4	9	0	124
gi|70606179|ref|YP_255049.1|_101-169_1A8L:A:120-226	0	4	1	4	0	11	4	5	0	107
gi|70606182|ref|YP_255052.1|_37-268_1TV8:A:	4	11	4	10	0	39	20	20	0	327
gi|70606183|ref|YP_255053.1|_50-263_1R30:A:	5	9	1	11	0	35	25	12	0	312
gi|70606184|ref|YP_255054.1|_7-248_2C8M:A:1-256	3	11	1	8	0	26	11	14	0	256
gi|70606184|ref|YP_255054.1|_260-340_1VQZ:A:242-329	1	3	1	3	0	7	6	7	0	88
gi|70606187|ref|YP_255057.1|_9-139_1ZRN:A:	1	8	4	9	0	18	11	14	0	220
gi|70606188|ref|YP_255058.1|_6-135_1HTP:A:	3	9	1	4	0	17	7	9	0	131
gi|70606189|ref|YP_255059.1|_10-136_1ONL:A:	3	9	1	4	0	17	7	8	0	127
gi|70606190|ref|YP_255060.1|_3-248_2C8M:A:1-256	3	11	1	8	0	26	11	14	0	256
gi|70606192|ref|YP_255062.1|_4-137_2OPL:A:4-185	1	10	2	4	0	18	10	6	0	182
gi|70606194|ref|YP_255064.1|_1-60_1RI7:A:25-84	0	0	1	3	0	5	3	3	0	60
gi|70606194|ref|YP_255064.1|_128-180_1I1G:A:2-61	0	0	1	3	0	5	4	4	0	60
gi|70606198|ref|YP_255068.1|_50-172_1LU4:A:	1	7	2	4	0	17	9	8	0	134
gi|70606200|ref|YP_255070.1|_29-464_2GI3:A:1-475	12	11	5	13	0	42	26	30	0	475
gi|70606201|ref|YP_255071.1|_1-64_1AZP:A:	0	5	2	1	0	3	0	4	0	66
gi|70606202|ref|YP_255072.1|_27-476_1DMR:A:3-625	7	23	9	25	0	68	45	36	0	623
gi|70606205|ref|YP_255075.1|_2-235_1POI:B:	2	14	0	8	0	37	16	22	0	260
gi|70606206|ref|YP_255076.1|_2-245_1POI:A:	9	13	3	13	0	38	22	19	0	317
gi|70606208|ref|YP_255078.1|_1-86_2AA4:A:1-119	0	7	2	3	0	12	7	6	0	119
gi|70606209|ref|YP_255079.1|_31-164_1G6Q:1:	7	15	2	8	0	32	15	22	0	328
gi|70606210|ref|YP_255080.1|_4-364_1PV7:A:	0	0	2	22	0	18	12	14	0	417
gi|70606211|ref|YP_255081.1|_183-430_1HS6:A:209-460	1	7	4	11	0	19	10	13	0	252
gi|70606211|ref|YP_255081.1|_3-174_1HS6:A:1-208	2	15	4	0	0	20	10	12	0	208
gi|70606212|ref|YP_255082.1|_6-193,429-670_1H3N:A:1-225,A:418-686	9	23	6	18	0	52	29	25	1	494
gi|70606212|ref|YP_255082.1|_209-341,378-424_1H3N:A:226-417	2	9	3	5	0	22	15	12	0	192
gi|70606212|ref|YP_255082.1|_688-853_1IVS:A:579-796	2	4	1	9	0	16	9	7	0	218
gi|70606213|ref|YP_255083.1|_3-285_1TV8:A:	4	11	4	10	0	39	20	20	0	327
gi|70606214|ref|YP_255084.1|_2-178,334-422_1Q7L:A:,B:	3	10	4	8	0	31	16	18	1	280
gi|70606217|ref|YP_255087.1|_25-254_1WY5:A:1-216	0	6	1	10	0	20	9	10	0	216
gi|162139953|ref|YP_255090.2|_5-245_1MA3:A:	3	10	4	11	0	25	16	16	0	252
gi|70606224|ref|YP_255094.1|_2-155_1VPD:A:3-163	0	9	0	8	0	18	9	8	0	161
gi|70606224|ref|YP_255094.1|_156-280_3CUM:A:163-296	2	0	2	6	0	8	7	11	0	134
gi|70606225|ref|YP_255095.1|_1-97_1RDU:A:	3	5	1	3	0	18	12	5	0	116
gi|70606226|ref|YP_255096.1|_2-75_2FA8:A:4-89	0	4	1	3	0	8	2	5	0	86
gi|70606229|ref|YP_255098.1|_29-248_1VPL:A:	2	10	2	9	0	18	9	15	0	238
gi|70606228|ref|YP_255099.1|_134-282_2Z1E:A:156-334	0	7	4	5	0	20	10	10	0	179
gi|70606228|ref|YP_255099.1|_9-123_1VQV:A:1-137	5	5	0	3	0	13	6	7	0	137
gi|70606230|ref|YP_255100.1|_1-158_1MC3:A:	2	13	3	12	0	30	22	19	0	295
gi|70606233|ref|YP_255103.1|_2-236_1CBF:A:	4	10	4	8	0	31	17	17	0	284
gi|70606234|ref|YP_255104.1|_4-215_1CBF:A:	4	10	4	8	0	31	17	17	0	284
gi|70606235|ref|YP_255105.1|_17-166_1L3I:A:	1	8	1	6	0	16	9	11	0	186
gi|70606236|ref|YP_255106.1|_11-280_1SR8:A:	5	18	4	9	0	34	15	17	0	282
gi|70606237|ref|YP_255107.1|_1-245_1VA0:A:2-226	5	10	4	6	0	21	17	14	0	225
gi|70606238|ref|YP_255108.1|_144-337_1OU0:A:	0	6	2	10	0	19	8	8	0	190
gi|70606238|ref|YP_255108.1|_11-136_1TJN:A:	0	5	0	5	0	13	9	7	0	125
gi|70606239|ref|YP_255109.1|_2-208_1CBF:A:	4	10	4	8	0	31	17	17	0	284
gi|70606240|ref|YP_255110.1|_5-214_3EEQ:A:8-214	1	10	3	6	0	24	8	10	0	205
gi|70606240|ref|YP_255110.1|_207-323_3EEQ:A:215-335	0	5	1	4	0	11	2	7	0	121
gi|70606241|ref|YP_255111.1|_14-278_1K2X:A:,B:	4	13	2	9	0	28	12	18	1	291
gi|70606248|ref|YP_255118.1|_4-170_1RJW:A:1-137,A:306-339	5	11	3	3	0	24	12	10	1	171
gi|70606248|ref|YP_255118.1|_134-306_1PL7:A:146-316	0	6	0	7	0	22	14	8	0	171
gi|70606251|ref|YP_255121.1|_2-222_1ZP6:A:6-181	0	5	1	7	0	20	9	15	0	176
gi|70606251|ref|YP_255121.1|_177-216,246-380_1JVN:A:3-229	3	12	2	7	0	24	15	15	0	229
gi|70606252|ref|YP_255122.1|_2-218_1GPM:A:208-404	0	5	1	8	0	15	5	8	0	197
gi|70606252|ref|YP_255122.1|_194-276,318-373_1GPM:A:405-525	2	4	2	2	0	9	6	7	0	121
gi|70606254|ref|YP_255124.1|_11-130_2EF7:A:1-127	5	7	2	4	0	12	7	10	0	127
gi|70606258|ref|YP_255128.1|_4-250_1MC3:A:	2	13	3	12	0	30	22	19	0	295
gi|70606259|ref|YP_255129.1|_1-369_1QRR:A:	4	14	5	12	0	39	22	16	0	390
gi|70606260|ref|YP_255130.1|_107-292_1ZC6:A:122-292	0	4	1	9	0	14	12	11	0	171
gi|70606260|ref|YP_255130.1|_1-104_2CH5:A:1-117	2	5	0	4	0	12	6	6	0	117
gi|70606261|ref|YP_255131.1|_6-476_2I3O:A:1-516	10	19	5	16	0	53	27	30	0	516
gi|70606263|ref|YP_255133.1|_3-82_1VMG:A:	0	0	0	4	0	5	1	2	0	83
gi|70606264|ref|YP_255134.1|_161-357_1W36:D:2-360	6	9	4	14	0	32	29	25	0	359
gi|70606264|ref|YP_255134.1|_303-495,530-593_1YVK:A:5-156	0	9	1	5	0	12	6	8	0	151
gi|70606269|ref|YP_255139.1|_15-205_1VBF:A:	2	9	3	8	0	23	15	10	0	224
gi|70606270|ref|YP_255140.1|_155-315,427-540_1MT0:A:	2	10	3	10	0	20	20	20	0	241
gi|70606271|ref|YP_255142.1|_129-302_2PHP:A:241-420	3	9	2	5	0	21	12	11	0	180
gi|70606271|ref|YP_255142.1|_22-64_2A6C:A:1-69	0	0	1	4	0	5	1	4	0	69
gi|70606276|ref|YP_255146.1|_5-184_2NR9:A:4-192	0	0	2	8	0	13	11	7	0	189
gi|70606278|ref|YP_255148.1|_1-157_1Y63:A:	0	5	2	7	0	14	11	7	0	174
gi|70606279|ref|YP_255149.1|_45-292_1HYQ:A:	0	8	2	11	0	23	12	9	0	232
gi|70606281|ref|YP_255151.1|_11-111_2D1H:A:1-109	0	3	1	5	0	8	2	5	0	109
gi|70606282|ref|YP_255152.1|_6-216_1SOU:A:	3	10	3	5	0	28	20	1	0	193
gi|70606284|ref|YP_255154.1|_66-106_1GDT:A:141-183	0	0	0	3	0	5	3	2	0	43
gi|70606285|ref|YP_255155.1|_5-364_1R6T:A:82-467	4	11	6	19	0	34	15	21	0	385
gi|70606288|ref|YP_255158.1|_15-301_1LC5:A:	0	13	7	12	0	38	19	26	0	355
gi|70606290|ref|YP_255160.1|_29-102_1XER:A:	2	7	1	3	0	16	5	8	0	103
gi|70606291|ref|YP_255161.1|_189-402_1U7Z:A:	2	12	1	5	0	19	15	8	0	223
gi|70606291|ref|YP_255161.1|_18-215_1E20:A:	2	6	2	9	0	22	10	12	0	185
gi|70606292|ref|YP_255162.1|_12-167_1TIQ:A:	0	7	3	5	0	11	6	8	0	179
gi|70606293|ref|YP_255163.1|_15-148_2YVT:A:4-260	4	14	3	6	0	25	16	13	0	257
gi|70606295|ref|YP_255165.1|_112-159_1YLQ:A:1-90	0	4	1	4	0	10	6	3	0	90
gi|70606299|ref|YP_255169.1|_1-120_1Y82:A:2-148	1	5	2	7	0	10	4	5	0	147
gi|70606301|ref|YP_255171.1|_451-641_1E32:A:201-458	3	5	4	12	0	28	13	14	0	258
gi|70606303|ref|YP_255173.1|_2-187_1SUR:A:	2	6	2	9	0	21	10	13	0	215
gi|70606305|ref|YP_255175.1|_1-43_1Q5V:A:1-48	0	1	0	2	0	4	1	1	0	48
gi|70606308|ref|YP_255178.1|_29-96_2PG4:A:1-92	1	2	1	5	0	5	2	4	0	92
gi|70606309|ref|YP_255179.1|_7-81_2PG4:A:1-92	1	2	1	5	0	5	2	4	0	92
gi|70606310|ref|YP_255180.1|_27-88_2ETH:A:1-140	2	2	0	7	0	10	5	5	0	140
gi|70606311|ref|YP_255181.1|_7-92_2ETH:A:1-140	2	2	0	7	0	10	5	5	0	140
gi|70606312|ref|YP_255182.1|_2-84_2PG4:A:1-92	1	2	1	5	0	5	2	4	0	92
gi|70606317|ref|YP_255187.1|_8-65_1SMT:A:	1	2	0	5	0	9	4	3	0	98
gi|70606318|ref|YP_255188.1|_7-94_1TBX:A:	2	2	0	4	0	7	3	5	0	98
gi|70606345|ref|YP_255215.1|_4-246_2FNA:A:1-283	0	7	3	11	0	23	13	17	0	283
gi|70606345|ref|YP_255215.1|_243-351_1Z91:A:8-144	2	3	2	8	0	10	6	9	0	137
gi|70606346|ref|YP_255216.1|_20-94_1UB9:A:	0	3	0	6	0	7	4	3	0	100
gi|70606348|ref|YP_255218.1|_45-229_1BKJ:A:	2	5	2	11	0	20	9	11	0	239
gi|70606354|ref|YP_255224.1|_2-188_1JI0:A:	2	10	1	10	0	19	14	15	0	240
gi|70606356|ref|YP_255225.1|_15-195_1PV7:A:	0	0	2	22	0	18	12	14	0	417
gi|70606357|ref|YP_255227.1|_5-59_1PV7:A:	0	0	2	22	0	18	12	14	0	417
gi|70606358|ref|YP_255228.1|_5-170_1TV8:A:	4	11	4	10	0	39	20	20	0	327
gi|70606360|ref|YP_255230.1|_22-357_1T5O:A:	3	16	5	12	0	35	17	22	0	350
gi|70606361|ref|YP_255231.1|_6-290_1IR6:A:	0	10	7	15	0	38	21	20	0	385
gi|70606362|ref|YP_255232.1|_9-196_1IM5:A:	6	6	4	4	0	22	12	14	0	179
gi|70606364|ref|YP_255234.1|_2-148_1FPZ:A:	0	7	1	8	0	19	5	11	0	176
gi|70606365|ref|YP_255235.1|_1-229_1TF7:A:14-255	0	11	1	7	0	23	21	15	0	242
gi|70606366|ref|YP_255236.1|_106-274_1O4U:A:104-273	0	7	2	6	0	15	10	10	0	170
gi|70606366|ref|YP_255236.1|_9-104_1QAP:A:8-129	0	6	2	3	0	12	5	6	0	122
gi|70606367|ref|YP_255237.1|_1-187_1WL8:A:1-188	0	11	1	5	0	24	17	15	0	188
gi|70606368|ref|YP_255238.1|_4-231,319-364_1CHU:A:2-237,A:354-422	6	12	4	6	0	30	16	12	1	305
gi|70606368|ref|YP_255238.1|_206-316_1CHU:A:238-353	2	4	2	4	0	18	7	10	0	116
gi|70606368|ref|YP_255238.1|_400-478_1CHU:A:423-533	6	1	0	3	0	11	4	3	0	111
gi|70606369|ref|YP_255239.1|_6-140_1NQZ:A:	3	11	2	4	0	20	4	7	0	187
gi|70606370|ref|YP_255240.1|_34-117,286-437_1LV7:A:	2	6	3	10	0	31	17	18	0	256
gi|70606370|ref|YP_255240.1|_125-209_2CQA:A:8-89	0	5	0	1	0	7	5	4	0	82
gi|70606371|ref|YP_255241.1|_7-276_1VM7:A:	1	14	5	9	0	34	15	11	0	299
gi|70606372|ref|YP_255242.1|_2-230_1K1S:A:1-239	2	8	3	10	0	22	10	15	0	239
gi|70606372|ref|YP_255242.1|_242-342_1K1S:A:240-344	1	6	0	2	0	10	5	3	0	105
gi|70606374|ref|YP_255244.1|_1-223_1QMH:A:5-184,A:280-338	5	11	0	7	0	25	12	12	1	239
gi|70606375|ref|YP_255245.1|_2-165_1RJW:A:1-137,A:306-339	5	11	3	3	0	24	12	10	1	171
gi|70606375|ref|YP_255245.1|_139-303_1H2B:A:155-326	0	6	2	8	0	14	8	9	0	172
gi|70606376|ref|YP_255246.1|_105-423_1HTQ:A:101-468	9	10	3	11	0	42	27	21	0	374
gi|70606376|ref|YP_255246.1|_3-104_1HTQ:A:1-100	2	5	1	2	0	15	6	3	0	100
gi|70606377|ref|YP_255247.1|_11-257_2FRN:A:19-278	0	13	3	6	0	25	10	16	0	260
gi|70606378|ref|YP_255248.1|_57-293_1J6P:A:50-330	2	8	3	12	0	25	12	22	0	281
gi|70606378|ref|YP_255248.1|_4-56,295-364_1UN7:A:3-57,A:359-394	1	7	0	0	0	12	6	6	1	89
gi|70606379|ref|YP_255249.1|_14-168_1BUD:A:	0	5	2	5	0	23	13	11	0	197
gi|70606380|ref|YP_255250.1|_2-139_1JW3:A:	1	7	0	2	0	14	8	4	0	140
gi|70606385|ref|YP_255255.1|_1-174_2AK3:A:0-124,A:162-225	2	5	1	8	0	16	10	8	1	189
gi|70606388|ref|YP_255258.1|_5-191_1NKS:A:	0	7	0	8	0	17	10	8	0	194
gi|70606389|ref|YP_255259.1|_5-448_1RH5:A:	4	2	2	14	0	28	20	20	0	422
gi|70606392|ref|YP_255262.1|_132-210_1PKP:A:78-148	1	4	0	2	0	9	5	4	0	71
gi|70606392|ref|YP_255262.1|_48-119_1PKP:A:4-77	2	4	1	1	0	9	7	1	0	74
gi|70606396|ref|YP_255266.1|_3-85_2CQL:A:1-87	0	6	0	1	0	8	5	4	0	87
gi|70606397|ref|YP_255267.1|_4-133_1I6U:A:	0	8	0	4	0	17	8	6	0	129
gi|70606400|ref|YP_255270.1|_36-95_2GY9:D:2-205	4	4	2	8	0	22	12	14	0	204
gi|162139951|ref|YP_255273.2|_31-106_2GY9:Q:5-82	0	5	0	0	0	11	5	2	0	78
gi|70606404|ref|YP_255274.1|_2-68_1V76:A:	0	6	4	1	0	10	8	6	0	92
gi|70606405|ref|YP_255275.1|_3-63_1R73:A:	0	0	0	3	0	4	2	2	0	66
gi|70606406|ref|YP_255276.1|_87-186_1FJG:C:107-207	1	4	2	2	0	13	6	6	0	101
gi|70606406|ref|YP_255276.1|_8-96_1WH9:A:	0	3	1	3	0	10	7	2	0	91
gi|70606408|ref|YP_255278.1|_39-123_1FJG:S:	2	3	1	1	0	12	9	4	0	84
gi|70606413|ref|YP_255283.1|_6-108,160-249_1K3R:A:1-92,A:164-262	2	6	1	6	0	20	12	7	1	191
gi|70606414|ref|YP_255284.1|_2-197,393-639_1ILE:A:1-197,A:387-641	12	19	3	20	0	43	24	22	1	452
gi|70606414|ref|YP_255284.1|_198-393_1FFY:A:201-394	6	3	3	4	0	27	16	12	0	194
gi|70606414|ref|YP_255284.1|_644-867_1ILE:A:642-821	0	0	1	7	0	10	11	15	0	180
gi|70606414|ref|YP_255284.1|_957-1031_1FFY:A:645-917	0	8	4	11	1	21	16	15	0	273
gi|70606416|ref|YP_255286.1|_8-181_2NR4:A:19-210	0	8	3	5	0	17	8	4	0	192
gi|70606417|ref|YP_255287.1|_9-239_1X42:A:1-230	7	6	3	10	0	19	10	14	0	230
gi|70606418|ref|YP_255288.1|_1-250_1N0U:A:3-343	9	9	5	14	0	30	13	15	0	341
gi|70606418|ref|YP_255288.1|_457-617_1N0U:A:561-725	1	7	1	5	0	15	13	8	0	165
gi|70606418|ref|YP_255288.1|_248-360_1N0U:A:344-481	3	10	0	2	0	16	10	11	0	138
gi|70606418|ref|YP_255288.1|_618-708_2BV3:A:600-688	0	4	2	3	0	5	0	4	0	89
gi|70606418|ref|YP_255288.1|_381-457_1N0U:A:482-560	0	4	1	2	0	9	6	3	0	79
gi|70606419|ref|YP_255289.1|_3-129_2BGW:A:16-148	0	6	1	5	0	8	10	4	0	133
gi|70606419|ref|YP_255289.1|_137-215_2BGW:A:160-229	0	0	0	5	0	5	4	4	0	70
gi|70606420|ref|YP_255290.1|_8-112_1FXK:A:	0	2	0	2	0	5	1	3	0	107
gi|70606422|ref|YP_255292.1|_23-190_2CXH:A:13-192	2	9	0	4	0	15	9	8	0	180
gi|70606423|ref|YP_255293.1|_7-69_1S72:Z:	0	3	1	2	0	10	5	3	0	73
gi|70606424|ref|YP_255294.1|_12-176,205-219_2JE6:A:1-191	2	9	2	3	0	21	8	14	0	191
gi|70606424|ref|YP_255294.1|_194-273_2JE6:A:192-275	0	5	0	2	0	8	4	3	0	84
gi|70606425|ref|YP_255295.1|_8-180_2JE6:B:8-155	3	5	2	2	0	17	13	8	0	148
gi|70606425|ref|YP_255295.1|_153-240_2BR2:B:156-248	2	6	1	2	0	8	5	1	0	93
gi|70606426|ref|YP_255296.1|_65-156_2JE6:I:66-152	0	6	0	1	0	12	6	6	0	87
gi|70606426|ref|YP_255296.1|_153-232_2Z0S:A:148-234	0	3	3	3	0	9	4	3	0	87
gi|70606426|ref|YP_255296.1|_6-63_2JE6:I:7-65	0	7	0	0	0	8	3	4	0	59
gi|70606427|ref|YP_255297.1|_87-161_1P9Q:C:87-161	0	2	0	3	0	5	2	3	0	75
gi|70606427|ref|YP_255297.1|_3-85_1P9Q:C:2-86	1	5	0	4	0	8	3	4	0	85
gi|70606427|ref|YP_255297.1|_156-228_1T95:A:162-234	0	5	2	2	0	7	2	3	0	73
gi|70606428|ref|YP_255298.1|_8-242_1J2P:A:	4	10	2	6	0	21	13	13	0	243
gi|70606429|ref|YP_255299.1|_42-137_2AV5:A:15-120	0	5	1	3	0	5	2	4	0	106
gi|70606430|ref|YP_255300.1|_3-175_1V77:A:	0	7	1	10	0	20	13	6	0	202
gi|70606431|ref|YP_255301.1|_2-97_2NRQ:A:4-144	1	6	1	5	0	14	7	5	0	141
gi|70606433|ref|YP_255303.1|_2-315_1WXQ:A:1-319	2	8	3	10	0	30	20	14	0	319
gi|70606433|ref|YP_255303.1|_322-395_1WXQ:A:320-395	1	4	0	2	0	9	4	5	0	76
gi|70606434|ref|YP_255304.1|_1-231,266-307_1MC3:A:	2	13	3	12	0	30	22	19	0	295
gi|70606434|ref|YP_255304.1|_239-401_1HM9:A:252-459	3	28	3	0	0	55	16	17	0	208
gi|70606436|ref|YP_255306.1|_3-158_1V2X:A:	4	7	4	6	1	16	17	10	0	191
gi|70606437|ref|YP_255307.1|_8-161_1WY7:A:4-204	0	7	3	6	0	16	10	11	0	201
gi|70606438|ref|YP_255308.1|_7-192_1QAM:A:	2	7	5	9	0	25	14	12	0	235
gi|70606439|ref|YP_255309.1|_12-185_2I5H:A:16-195	2	5	3	5	0	21	11	9	0	180
gi|70606440|ref|YP_255310.1|_6-109_1GO3:F:	0	1	0	6	0	9	6	4	0	107
gi|70606445|ref|YP_255315.1|_234-408_1TUE:A:	2	7	3	8	0	27	14	12	0	211
gi|70606446|ref|YP_255316.1|_1-155_1GDT:A:1-140	1	4	2	4	0	11	5	7	0	140
gi|70606449|ref|YP_255319.1|_130-391_1A0P:A:111-292	4	3	3	8	0	17	7	7	0	182
gi|70606450|ref|YP_255320.1|_176-629_2I7T:A:9-459	0	22	5	10	0	45	27	19	0	451
gi|70606451|ref|YP_255321.1|_8-342_1JQ5:A:	3	8	4	14	0	30	19	18	0	366
gi|70606452|ref|YP_255322.1|_9-157_1IX5:A:	3	10	0	3	0	23	10	14	0	151
gi|70606454|ref|YP_255324.1|_2-286_1UIR:A:	1	15	3	10	0	27	16	17	0	312
gi|70606455|ref|YP_255325.1|_1-181,344-415_1A7A:A:2-189,A:353-432	1	9	4	11	0	30	15	14	1	268
gi|70606455|ref|YP_255325.1|_182-344_1B3R:A:190-352	3	8	1	7	0	16	12	10	0	163
gi|70606456|ref|YP_255326.1|_145-205_2OAU:A:113-179	0	5	0	2	0	7	5	3	0	67
gi|70606458|ref|YP_255328.1|_3-313_1DCT:A:	8	11	10	8	0	35	20	17	0	324
gi|70606459|ref|YP_255329.1|_2-78_1Q1H:A:	1	2	0	5	0	10	5	6	0	88
gi|70606460|ref|YP_255330.1|_2-128_2O3A:A:1-167	0	8	0	6	0	16	9	6	0	166
gi|70606461|ref|YP_255331.1|_178-351_1MKY:A:173-358	2	7	3	5	0	16	12	10	0	186
gi|70606462|ref|YP_255332.1|_75-143_1X57:A:8-85	2	0	0	4	0	8	5	5	0	78
gi|70606463|ref|YP_255333.1|_131-384_2CE7:A:150-402	2	5	6	9	0	24	12	16	0	253
gi|70606464|ref|YP_255334.1|_93-167_1IQ8:A:506-582	0	6	1	2	0	10	2	6	0	77
gi|70606464|ref|YP_255334.1|_10-89_1IQ8:A:361-505	0	8	3	3	0	16	11	9	0	145
gi|70606465|ref|YP_255335.1|_5-227_2P90:A:6-274	3	11	3	8	0	25	11	7	0	269
gi|70606466|ref|YP_255336.1|_1-356_1IQ8:A:6-360	5	11	2	16	0	33	19	18	0	355
gi|70606466|ref|YP_255336.1|_365-451_1IQ8:A:361-505	0	8	3	3	0	16	11	9	0	145
gi|70606467|ref|YP_255337.1|_11-137_1M5Q:1:	0	9	1	3	0	11	5	8	0	127
gi|70606469|ref|YP_255339.1|_7-190_1J2Q:H:	0	12	1	5	0	17	8	11	0	202
gi|70606470|ref|YP_255340.1|_5-326_1WU7:A:3-329	3	12	1	12	0	35	21	19	0	327
gi|70606470|ref|YP_255340.1|_333-427_1QE0:A:326-420	0	5	0	4	0	11	3	5	0	95
gi|70606471|ref|YP_255341.1|_8-88_1A79:A:83-179	0	6	1	2	0	10	6	8	0	97
gi|70606472|ref|YP_255342.1|_1-34_1PFT:A:	1	2	0	0	0	7	5	2	0	50
gi|70606473|ref|YP_255343.1|_24-153,412-531_1Q3Q:A:9-145,A:406-526	0	9	0	10	0	19	6	13	1	258
gi|70606473|ref|YP_255343.1|_219-385_1Q3Q:A:217-369	3	9	2	3	0	18	15	4	0	153
gi|70606473|ref|YP_255343.1|_155-223,375-411_1A6D:B:145-215,B:368-403	0	5	3	3	0	7	6	2	1	107
gi|70606474|ref|YP_255344.1|_185-543_1HQC:A:5-242	0	7	0	8	0	28	17	13	0	238
gi|70606476|ref|YP_255346.1|_1-84_1WGK:A:	3	4	1	3	0	16	10	4	0	113
gi|70606477|ref|YP_255347.1|_1-60_1RQ6:A:	0	0	0	3	0	4	2	3	0	62
gi|70606478|ref|YP_255348.1|_2-362_1UMG:A:	7	15	6	8	0	37	16	22	0	362
gi|70606479|ref|YP_255349.1|_365-534_1VPL:A:	2	10	2	9	0	18	9	15	0	238
gi|70606479|ref|YP_255349.1|_95-287_1OXS:C:1-242	0	11	6	8	0	23	18	13	0	242
gi|70606479|ref|YP_255349.1|_4-119_2FDN:A:	0	4	1	1	0	12	1	6	0	55
gi|70606481|ref|YP_255351.1|_10-437_1PV7:A:	0	0	2	22	0	18	12	14	0	417
gi|70606484|ref|YP_255354.1|_137-371_1PW4:A:	2	0	1	18	0	21	18	22	0	450
gi|70606487|ref|YP_255357.1|_4-101_1FJG:J:	2	6	0	2	0	14	6	3	0	98
gi|70606488|ref|YP_255358.1|_1-247_1JNY:A:4-227	4	6	1	8	0	22	11	16	0	224
gi|70606488|ref|YP_255358.1|_324-428_1JNY:A:323-429	2	9	1	0	0	13	7	7	0	107
gi|70606488|ref|YP_255358.1|_230-321_1JNY:A:228-322	2	10	2	0	0	11	5	7	0	95
gi|70606489|ref|YP_255359.1|_15-195_1IQV:A:	4	2	1	6	0	14	6	7	0	201
gi|70606490|ref|YP_255360.1|_9-161_1VJL:A:	0	8	0	5	0	12	2	6	0	163
gi|70606491|ref|YP_255361.1|_24-145_1FJG:L:	1	6	1	1	0	20	8	9	0	125
gi|162139950|ref|YP_255362.2|_14-75_1HH2:P:277-344	0	3	1	3	0	6	5	3	0	68
gi|162139950|ref|YP_255362.2|_76-139_1HH2:P:277-344	0	3	1	3	0	6	5	3	0	68
gi|70606493|ref|YP_255363.1|_3-97_1H7M:A:	0	4	1	4	0	10	6	5	0	99
gi|70606494|ref|YP_255364.1|_37-392_1I50:A:	24	46	14	45	0	162	93	81	0	1449
gi|70606495|ref|YP_255365.1|_4-864_1I50:A:	24	46	14	45	0	162	93	81	0	1449
gi|70606496|ref|YP_255366.1|_5-1115_1I50:B:	18	49	14	26	0	125	63	65	0	1207
gi|70606497|ref|YP_255367.1|_9-82_1EIK:A:	2	3	1	2	0	9	3	5	0	77
gi|70606498|ref|YP_255368.1|_10-292_1G7S:A:1-227	3	9	5	6	0	24	13	14	0	227
gi|70606498|ref|YP_255368.1|_338-461_1G7S:A:329-459	3	4	0	5	0	10	10	6	0	131
gi|70606498|ref|YP_255368.1|_467-591_1G7S:A:460-587	2	8	0	2	0	12	6	9	0	128
gi|70606499|ref|YP_255369.1|_1-136_1WKJ:A:1-137	0	4	2	7	0	13	9	8	0	137
gi|70606501|ref|YP_255371.1|_18-82_1NY4:A:	0	4	0	0	0	10	7	1	0	71
gi|70606502|ref|YP_255372.1|_3-216_1XTT:A:2-216	0	14	2	6	0	24	15	8	0	215
gi|70606503|ref|YP_255373.1|_2-292_2F2A:B:4-293	4	16	1	4	0	32	18	16	0	290
gi|70606503|ref|YP_255373.1|_293-399_2F2A:B:294-400	0	0	0	8	0	9	6	9	0	118
gi|70606504|ref|YP_255374.1|_90-224_1O57:A:75-276	1	10	4	4	0	19	12	11	0	202
gi|70606505|ref|YP_255375.1|_3-153_2GMN:A:29-292	0	12	6	7	0	26	12	19	0	264
gi|70606506|ref|YP_255376.1|_126-404_1TV8:A:	4	11	4	10	0	39	20	20	0	327
gi|70606507|ref|YP_255377.1|_118-277_1VQV:A:138-300	1	7	2	6	0	21	13	5	0	163
gi|70606507|ref|YP_255377.1|_18-112_1VQV:A:1-137	5	5	0	3	0	13	6	7	0	137
gi|70606508|ref|YP_255378.1|_8-447_1DOF:A:	2	4	4	14	0	27	11	17	0	402
gi|70606509|ref|YP_255379.1|_106-333_2R7K:A:124-361	2	9	4	8	0	20	11	11	0	238
gi|70606509|ref|YP_255379.1|_4-103_2PBZ:A:4-99	3	3	1	5	0	15	10	8	0	96
gi|70606510|ref|YP_255380.1|_112-348_2R7K:A:124-361	2	9	4	8	0	20	11	11	0	238
gi|70606510|ref|YP_255380.1|_3-107_2R7K:A:1-123	2	4	2	6	0	13	9	9	0	123
gi|70606511|ref|YP_255381.1|_2-330_1QF5:A:	8	19	8	13	0	54	26	26	0	431
gi|70606512|ref|YP_255382.1|_3-74,114-232,413-462_1FOH:A:1-240,A:342-461	4	15	4	9	0	43	22	18	1	360
gi|70606513|ref|YP_255383.1|_3-62_2CFX:A:1-63	0	1	1	3	0	6	2	4	0	63
gi|70606513|ref|YP_255383.1|_176-233_1I1G:A:2-61	0	0	1	3	0	5	4	4	0	60
gi|70606514|ref|YP_255384.1|_87-165_2QMW:A:185-264	0	4	0	2	0	7	4	4	0	80
gi|70606514|ref|YP_255384.1|_2-84_2QMW:A:1-184	1	10	1	6	0	20	19	9	0	184
gi|70606515|ref|YP_255385.1|_6-316_1VE5:A:2-311	3	10	7	12	0	28	15	11	0	310
gi|70606515|ref|YP_255385.1|_330-393_2FGC:A:27-104	0	4	0	2	0	6	2	6	0	78
gi|70606516|ref|YP_255386.1|_1-157_1Y23:A:	0	6	3	4	0	16	11	7	0	139
gi|70606517|ref|YP_255387.1|_83-318_1PZN:A:96-349	0	12	2	8	0	19	19	13	0	254
gi|70606517|ref|YP_255387.1|_8-67_1PZN:A:35-95	0	0	0	4	0	7	3	4	0	61
gi|70606519|ref|YP_255389.1|_23-333_1IXK:A:	0	13	5	10	0	28	19	14	0	313
gi|70606520|ref|YP_255390.1|_4-172_1YEM:A:	1	8	1	3	0	14	4	8	0	178
gi|70606521|ref|YP_255391.1|_5-165_1RQP:A:8-192	5	6	3	5	0	25	13	13	0	185
gi|70606521|ref|YP_255391.1|_180-267_1RQP:A:193-298	1	8	1	2	0	10	4	10	0	106
gi|70606522|ref|YP_255392.1|_3-166_1F9A:A:	0	5	2	7	0	18	11	8	0	164
gi|70606524|ref|YP_255394.1|_17-279_1FNN:A:1-276	4	5	2	12	0	25	19	17	0	276
gi|70606524|ref|YP_255394.1|_287-386_1FNN:A:277-388	0	3	0	5	0	9	4	3	0	112
gi|70606526|ref|YP_255396.1|_11-377_1PV7:A:	0	0	2	22	0	18	12	14	0	417
gi|70606528|ref|YP_255398.1|_1-80_2AKL:A:3-40	0	3	0	0	0	6	2	3	0	38
gi|70606529|ref|YP_255399.1|_16-244_1VIZ:A:	2	8	3	11	0	25	17	13	0	239
gi|70606532|ref|YP_255402.1|_3-76_1RI7:A:85-170	0	4	0	2	0	8	5	5	0	86
gi|70606535|ref|YP_255405.1|_2-203_1G29:1:1-240	1	11	4	8	0	20	15	14	0	240
gi|70606538|ref|YP_255408.1|_2-203_1VPL:A:	2	10	2	9	0	18	9	15	0	238
gi|70606540|ref|YP_255410.1|_7-92_2CO5:A:5-93	1	3	1	4	0	6	3	3	0	89
gi|70606543|ref|YP_255413.1|_3-196,238-274_1PS9:A:331-465,A:628-671	0	7	1	6	0	21	11	13	1	179
gi|70606544|ref|YP_255414.1|_2-245_1VK4:A:	0	15	7	8	0	24	15	14	0	297
gi|70606546|ref|YP_255416.1|_25-220_1VIM:A:	0	5	1	8	0	19	10	10	0	199
gi|70606547|ref|YP_255417.1|_232-590_1SXJ:D:26-262	0	5	2	13	0	21	15	15	0	237
gi|70606549|ref|YP_255419.1|_1-169_1XYG:A:15-162,A:327-359	2	6	3	7	0	24	13	12	1	181
gi|70606549|ref|YP_255419.1|_150-317_1VKN:A:145-307	1	7	3	4	0	17	10	10	0	163
gi|70606550|ref|YP_255420.1|_1-260_2BTY:A:1-282	5	14	1	11	0	26	15	16	0	282
gi|70606551|ref|YP_255421.1|_63-139_1RI7:A:85-170	0	4	0	2	0	8	5	5	0	86
gi|70606551|ref|YP_255421.1|_4-56_1I1G:A:2-61	0	0	1	3	0	5	4	4	0	60
gi|70606553|ref|YP_255423.1|_71-263_1UC8:A:89-280	2	8	0	6	0	15	6	8	0	192
gi|70606553|ref|YP_255423.1|_1-81_1UC8:A:1-88	2	5	2	3	0	9	3	4	0	88
gi|70606554|ref|YP_255424.1|_7-377_1VEF:A:9-395	3	17	2	15	0	38	24	27	0	387
gi|70606555|ref|YP_255425.1|_12-157,260-342_1CG2:A:26-213,A:327-414	3	15	3	8	0	27	16	13	1	276
gi|70606555|ref|YP_255425.1|_157-252_1CG2:A:214-326	3	6	2	2	0	12	8	5	0	113
gi|70606556|ref|YP_255426.1|_27-256_1F75:A:	1	6	5	7	0	25	15	11	0	229
gi|70606558|ref|YP_255428.1|_9-91_1LNG:A:	2	3	2	2	0	13	5	8	0	87
gi|70606559|ref|YP_255429.1|_3-305_2B69:A:4-315	4	13	3	9	0	33	14	16	0	312
gi|70606560|ref|YP_255430.1|_173-344_1YBH:A:281-459	0	6	2	7	0	16	14	9	0	179
gi|70606560|ref|YP_255430.1|_8-194_1YBH:A:86-280	0	8	4	9	0	19	7	8	0	195
gi|70606561|ref|YP_255431.1|_18-143_1VFG:A:1-136	1	7	2	5	0	12	6	9	0	136
gi|70606562|ref|YP_255432.1|_1-55_2AYJ:A:1-56	0	3	0	0	0	12	6	4	0	56
gi|70606564|ref|YP_255434.1|_112-423_1B8A:A:104-438	6	13	4	11	0	30	23	16	0	335
gi|70606564|ref|YP_255434.1|_3-101_1B8A:A:1-103	1	5	3	1	0	10	5	7	0	103
gi|70606565|ref|YP_255435.1|_15-188,250-367_1SZW:A:	6	14	7	8	0	36	21	14	0	341
gi|70606566|ref|YP_255436.1|_1-118_1RLK:A:	1	4	0	4	0	9	4	4	0	116
gi|70606568|ref|YP_255438.1|_16-104_1GH8:A:	0	5	1	2	0	9	7	2	0	89
gi|70606569|ref|YP_255439.1|_464-756_1OZ4:A:471-763	2	0	3	7	0	31	24	19	0	292
gi|70606569|ref|YP_255439.1|_190-455_1E32:A:201-458	3	5	4	12	0	28	13	14	0	258
gi|70606569|ref|YP_255439.1|_16-105_1CZ4:A:1-91	0	6	0	2	0	11	5	5	0	91
gi|70606569|ref|YP_255439.1|_109-198_1CZ4:A:92-185	1	6	0	1	0	18	10	5	0	94
gi|70606571|ref|YP_255441.1|_2-218_1B43:A:1-219	4	9	3	8	0	25	14	14	0	219
gi|70606571|ref|YP_255441.1|_203-331_1B43:A:220-339	0	0	3	5	0	11	6	7	0	120
gi|70606572|ref|YP_255442.1|_7-118_1PJQ:A:1-113	2	7	1	3	0	13	7	7	0	113
gi|70606572|ref|YP_255442.1|_126-206_1PJQ:A:114-215	0	2	0	5	0	8	3	6	0	102
gi|70606573|ref|YP_255443.1|_10-156_1GPJ:A:1-143	0	4	0	6	0	10	6	12	0	143
gi|70606573|ref|YP_255443.1|_159-273_1GPJ:A:144-302	2	6	2	6	0	18	12	7	0	159
gi|70606573|ref|YP_255443.1|_298-400_1GPJ:A:303-404	0	0	0	3	0	4	3	4	0	102
gi|70606574|ref|YP_255444.1|_3-332_1W1Z:A:	2	12	4	11	0	29	24	19	0	319
gi|70606575|ref|YP_255445.1|_2-420_2GSA:A:	8	14	5	15	0	41	26	32	0	427
gi|70606576|ref|YP_255446.1|_1-201_1PDA:A:3-219	0	10	3	7	0	25	14	12	0	217
gi|70606576|ref|YP_255446.1|_210-286_1GTK:A:220-313	0	3	1	3	0	7	3	6	0	94
gi|162139948|ref|YP_255447.2|_1-214_1WD7:A:	2	12	1	11	0	23	15	12	0	260
gi|70606578|ref|YP_255448.1|_2-110,204-521_1EI6:A:	8	19	7	15	0	50	30	24	0	406
gi|70606580|ref|YP_255450.1|_29-314_2I7T:A:9-459	0	22	5	10	0	45	27	19	0	451
gi|70606581|ref|YP_255451.1|_2-238_1X9N:A:262-533	2	0	4	13	0	28	14	13	0	272
gi|70606581|ref|YP_255451.1|_229-435_1X9N:A:534-753	5	11	2	6	0	25	17	14	0	220
gi|70606581|ref|YP_255451.1|_444-585_1X9N:A:754-901	3	10	1	2	0	17	13	7	0	148
gi|70606582|ref|YP_255452.1|_1-170_1XS1:A:	6	14	4	3	0	32	14	10	0	193
gi|70606584|ref|YP_255454.1|_133-225_1A8L:A:120-226	0	4	1	4	0	11	4	5	0	107
gi|70606584|ref|YP_255454.1|_9-127_1J08:A:2-119	2	4	1	4	0	11	7	9	0	118
gi|70606585|ref|YP_255455.1|_8-212_1WSC:A:3-227	1	9	6	6	0	26	11	12	0	225
gi|70606589|ref|YP_255459.1|_101-268_1TQI:A:91-282	0	10	1	4	0	15	9	8	0	192
gi|70606589|ref|YP_255459.1|_6-89_1TQI:A:1-90	0	3	0	5	0	7	4	5	0	90
gi|70606592|ref|YP_255462.1|_8-77_4XQ3:F:	0	5	2	1	0	10	6	5	0	83
gi|70606593|ref|YP_255463.1|_8-77_1ULY:A:	1	4	1	8	0	12	7	8	0	190
gi|70606594|ref|YP_255464.1|_1-270_1VCO:A:11-282	0	11	3	10	0	26	15	18	0	272
gi|70606594|ref|YP_255464.1|_288-527_1VCO:A:298-547	4	12	3	7	0	21	13	17	0	250
gi|70606595|ref|YP_255465.1|_5-227_1KV8:A:	0	8	2	10	0	20	11	10	0	213
gi|70606598|ref|YP_255468.1|_62-103_2HF1:A:2-60	2	6	2	1	0	8	0	4	0	59
gi|70606599|ref|YP_255469.1|_3-178_1K2Y:X:5-154	5	7	1	4	0	15	5	10	0	150
gi|70606599|ref|YP_255469.1|_153-256_1K2Y:X:155-258	0	5	2	3	0	14	9	8	0	104
gi|70606599|ref|YP_255469.1|_361-453_1K2Y:X:368-463	0	6	0	2	0	8	4	3	0	96
gi|70606599|ref|YP_255469.1|_258-366_1K2Y:X:259-367	1	4	0	5	0	13	9	8	0	109
gi|70606600|ref|YP_255470.1|_1-351_2F9F:A:2-167	2	6	1	7	0	19	11	10	0	166
gi|70606601|ref|YP_255471.1|_16-174_1DUS:A:	0	9	1	5	0	16	12	13	0	194
gi|70606602|ref|YP_255472.1|_10-232_2EY4:A:8-252	1	11	4	7	0	24	15	15	0	245
gi|70606602|ref|YP_255472.1|_236-316_2EY4:A:253-336	0	6	1	2	0	11	6	5	0	84
gi|70606603|ref|YP_255473.1|_2-88_2JOY:A:1-96	0	5	0	2	0	15	8	4	0	96
gi|70606604|ref|YP_255474.1|_28-190,220-358_1WP9:A:201-486	0	6	1	11	0	23	15	14	0	286
gi|70606605|ref|YP_255475.1|_114-444_1KNQ:A:	0	5	1	7	0	16	7	10	0	171
gi|70606607|ref|YP_255477.1|_129-249_1GE8:A:126-247	0	9	0	2	0	10	6	6	0	122
gi|70606607|ref|YP_255477.1|_1-108_1GE8:A:2-117	1	9	1	2	0	12	7	4	0	116
gi|70606608|ref|YP_255478.1|_55-318_2OOD:A:73-397	4	10	4	15	0	31	12	22	0	325
gi|70606608|ref|YP_255478.1|_14-62_1K1D:A:1-52,A:385-460	3	9	0	0	0	19	9	7	1	128
gi|70606610|ref|YP_255480.1|_3-145_1HQK:A:	0	7	2	5	0	11	5	8	0	154
gi|70606611|ref|YP_255481.1|_4-130_1HQK:A:	0	7	2	5	0	11	5	8	0	154
gi|70606612|ref|YP_255482.1|_8-215_1PVY:A:	2	7	3	10	0	21	7	14	0	219
gi|70606616|ref|YP_255485.1|_1-189_1HYQ:A:	0	8	2	11	0	23	12	9	0	232
gi|70606616|ref|YP_255485.1|_248-430_1Q7R:A:	0	12	3	6	0	17	7	9	0	218
gi|70606615|ref|YP_255486.1|_14-123_1UD9:A:1-119	0	9	1	2	0	11	7	4	0	119
gi|70606615|ref|YP_255486.1|_134-259_1UD9:A:127-245	1	9	3	2	0	13	7	3	0	119
gi|70606617|ref|YP_255487.1|_5-321_1U1J:A:2-395	4	11	5	14	0	51	22	18	0	394
gi|70606618|ref|YP_255488.1|_10-325_1U1J:A:396-760	9	10	3	11	0	43	33	23	0	365
gi|70606619|ref|YP_255489.1|_64-141_1A32:A:	0	0	0	4	0	7	2	3	0	85
gi|70606620|ref|YP_255490.1|_1-114_1TJN:A:	0	5	0	5	0	13	9	7	0	125
gi|70606622|ref|YP_255492.1|_4-54,79-205_2AHO:A:2-206	3	6	2	5	0	22	17	11	0	205
gi|70606622|ref|YP_255492.1|_207-318_2AHO:A:207-320	1	9	1	0	0	12	7	6	0	114
gi|70606622|ref|YP_255492.1|_326-415_2AHO:A:321-415	2	6	0	0	0	11	4	5	0	95
gi|70606623|ref|YP_255493.1|_11-132_1O4W:A:	0	5	0	6	0	10	3	5	0	125
gi|70606624|ref|YP_255494.1|_82-178_1GO3:E:79-184	0	9	1	1	0	13	4	5	0	106
gi|70606624|ref|YP_255494.1|_1-77_1GO3:E:1-78	1	4	1	1	0	8	2	4	0	78
gi|70606625|ref|YP_255495.1|_3-67_1RYQ:A:	2	5	1	1	0	10	4	3	0	68
gi|70606627|ref|YP_255497.1|_2-92,231-372_1EQJ:A:3-76,A:311-510	6	8	4	9	0	34	20	17	1	274
gi|70606628|ref|YP_255498.1|_449-742_1OZ4:A:471-763	2	0	3	7	0	31	24	19	0	292
gi|70606628|ref|YP_255498.1|_173-442_1E32:A:201-458	3	5	4	12	0	28	13	14	0	258
gi|70606628|ref|YP_255498.1|_2-88_1CZ4:A:1-91	0	6	0	2	0	11	5	5	0	91
gi|70606628|ref|YP_255498.1|_91-181_1CZ4:A:92-185	1	6	0	1	0	18	10	5	0	94
gi|70606629|ref|YP_255499.1|_423-880,908-1046_1GKU:B:499-1054	10	19	4	17	0	45	35	20	0	556
gi|70606629|ref|YP_255499.1|_122-262,289-406_1GKU:B:251-498	1	11	2	9	0	27	20	15	0	248
gi|70606630|ref|YP_255500.1|_1-246_1J31:A:	1	16	2	7	0	32	15	15	0	262
gi|70606631|ref|YP_255501.1|_64-107_1MKM:A:1-75	1	2	0	4	0	9	3	5	0	75
gi|70606632|ref|YP_255502.1|_9-105_1SFX:A:	1	2	0	5	0	7	3	4	0	108
gi|70606633|ref|YP_255503.1|_1-47_2BJ7:A:1-50	0	1	0	2	0	3	2	2	0	50
gi|70606634|ref|YP_255504.1|_2-250_1O54:A:	0	15	4	7	0	32	13	15	0	276
gi|70606636|ref|YP_255506.1|_5-315_1V9M:A:	0	0	6	15	0	22	14	15	0	319
gi|70606638|ref|YP_255508.1|_1-306_1PZ1:A:	6	12	9	9	0	39	21	23	0	332
gi|70606639|ref|YP_255509.1|_8-188_1B78:A:	1	7	3	6	0	19	11	10	0	184
gi|70606640|ref|YP_255510.1|_2-159_1CKI:A:	5	10	3	10	0	30	14	16	0	299
gi|70606641|ref|YP_255511.1|_1-298_2A6A:A:1-103	0	5	3	3	0	10	5	4	0	103
gi|70606642|ref|YP_255512.1|_17-65_2K4X:A:1-55	0	3	0	0	0	7	2	2	0	55
gi|70606643|ref|YP_255513.1|_14-113_2V94:A:1-93	0	4	1	3	0	8	4	5	0	93
gi|70606644|ref|YP_255514.1|_5-262_1RP0:A:7-284	0	13	0	9	0	22	13	21	0	278
gi|70606646|ref|YP_255516.1|_20-206_1SBZ:A:	2	6	2	7	0	19	9	11	0	186
gi|70606648|ref|YP_255518.1|_86-170_1A79:A:83-179	0	6	1	2	0	10	6	8	0	97
gi|70606648|ref|YP_255518.1|_2-83_1A79:A:9-82	0	5	0	3	0	9	3	3	0	74
gi|70606649|ref|YP_255519.1|_6-205_1SUM:B:	0	2	1	7	0	9	6	5	0	225
gi|70606650|ref|YP_255520.1|_19-123_2AP3:A:12-196	0	0	1	5	0	4	2	5	0	185
gi|70606652|ref|YP_255522.1|_4-225,269-367,422-470_1ATI:A:1-394	3	18	6	9	0	33	19	17	0	394
gi|70606652|ref|YP_255522.1|_454-559_1ATI:A:395-505	0	5	1	4	0	14	8	6	0	111
gi|70606653|ref|YP_255523.1|_24-288_1GQ6:A:	7	8	6	9	0	33	21	11	0	301
gi|70606654|ref|YP_255524.1|_3-47_1I50:L:	2	1	0	0	0	11	5	2	0	46
gi|70606655|ref|YP_255525.1|_16-95_1D1R:A:	1	4	0	2	0	12	5	2	0	115
gi|70606656|ref|YP_255526.1|_218-310_1AIS:B:1206-1300	0	0	1	5	0	7	1	6	0	95
gi|70606656|ref|YP_255526.1|_124-215_1AIS:B:1108-1205	0	0	0	5	0	7	1	6	0	98
gi|70606656|ref|YP_255526.1|_16-57_1PFT:A:	1	2	0	0	0	7	5	2	0	50
gi|70606658|ref|YP_255528.1|_17-351_2F9F:A:2-167	2	6	1	7	0	19	11	10	0	166
gi|70606659|ref|YP_255529.1|_4-274_1XHB:A:95-422	1	12	5	11	0	35	18	17	0	328
gi|70606661|ref|YP_255531.1|_462-481,510-738_2B8E:A:416-434,A:548-663	2	6	0	6	1	16	9	5	1	135
gi|70606661|ref|YP_255531.1|_267-361_1SU4:A:125-239	2	9	3	0	0	21	10	7	0	115
gi|70606661|ref|YP_255531.1|_9-73_1K0V:A:	0	4	0	2	0	9	2	5	0	72
gi|70606661|ref|YP_255531.1|_146-204,363-456_1SU4:A:1-124,A:240-343,A:751-994	1	1	8	18	0	32	20	22	2	472
gi|70606662|ref|YP_255532.1|_2-45_1T0Q:A:	4	2	10	25	1	38	18	28	0	491
gi|70606663|ref|YP_255533.1|_14-62_1I1G:A:2-61	0	0	1	3	0	5	4	4	0	60
gi|70606665|ref|YP_255535.1|_328-587_1OZ4:A:471-763	2	0	3	7	0	31	24	19	0	292
gi|70606665|ref|YP_255535.1|_65-312_1OZ4:A:471-763	2	0	3	7	0	31	24	19	0	292
gi|70606668|ref|YP_255538.1|_212-371_1F3O:A:	0	10	2	7	0	22	15	14	0	232
gi|70606668|ref|YP_255538.1|_7-180_1F3O:A:	0	10	2	7	0	22	15	14	0	232
gi|70606670|ref|YP_255540.1|_11-95_1R7J:A:	1	2	0	4	0	6	1	4	0	90
gi|70606671|ref|YP_255541.1|_49-446_1U7G:A:	2	2	6	15	0	21	14	16	0	383
gi|70606672|ref|YP_255542.1|_3-279_2NYM:C:2-294	4	13	0	11	0	29	23	16	0	293
gi|70606673|ref|YP_255543.1|_107-370_2GL5:A:123-400	7	10	3	9	0	36	19	16	0	278
gi|70606673|ref|YP_255543.1|_3-124_2GL5:A:1-122	1	3	4	4	0	9	8	8	0	121
gi|70606674|ref|YP_255544.1|_9-484_1PW4:A:	2	0	1	18	0	21	18	22	0	450
gi|70606675|ref|YP_255545.1|_1-128_1WJG:A:	0	5	1	4	0	15	7	4	0	135
gi|70606676|ref|YP_255546.1|_55-334_1J6P:A:50-330	2	8	3	12	0	25	12	22	0	281
gi|70606676|ref|YP_255546.1|_9-55,336-392_1J6P:A:1-49,A:331-405	2	8	2	2	0	13	11	8	1	124
gi|70606677|ref|YP_255547.1|_4-89_2QZG:A:4-91	0	0	0	4	0	8	2	7	0	88
gi|70606679|ref|YP_255549.1|_1-193_4TMK:A:	0	5	0	9	0	16	8	12	0	210
gi|70606680|ref|YP_255550.1|_80-243_2G3Y:A:73-244	2	6	2	5	0	15	6	11	0	172
gi|70606682|ref|YP_255552.1|_5-167_1XMI:A:	0	11	2	11	1	27	20	15	0	290
gi|70606686|ref|YP_255556.1|_12-259_1LTL:A:	2	10	4	5	0	24	9	12	0	239
gi|70606686|ref|YP_255556.1|_300-597_1OFH:A:	0	9	5	14	0	31	16	15	0	309
gi|70606688|ref|YP_255558.1|_26-153_2DIR:A:8-92	0	4	0	2	0	9	5	3	0	85
gi|70606689|ref|YP_255559.1|_17-294_1FNN:A:1-276	4	5	2	12	0	25	19	17	0	276
gi|70606689|ref|YP_255559.1|_303-410_1FNN:A:277-388	0	3	0	5	0	9	4	3	0	112
gi|70606690|ref|YP_255560.1|_2-65_1I1G:A:2-61	0	0	1	3	0	5	4	4	0	60
gi|162139947|ref|YP_255561.2|_4-144_1EKR:A:	1	4	2	4	0	11	5	6	0	146
gi|70606692|ref|YP_255562.1|_4-226_1SXJ:A:295-547	1	5	4	11	0	21	18	23	0	253
gi|70606693|ref|YP_255563.1|_5-213_1IQP:A:2-232	0	7	4	13	0	20	11	14	0	231
gi|70606693|ref|YP_255563.1|_226-317_1IQP:A:233-327	0	0	1	5	0	6	1	2	0	95
gi|70606694|ref|YP_255564.1|_1-148_1FUX:A:	3	12	1	1	0	25	7	14	0	165
gi|70606695|ref|YP_255565.1|_3-195_1J2Q:H:	0	12	1	5	0	17	8	11	0	202
gi|70606696|ref|YP_255566.1|_4-388_2GI3:A:1-475	12	11	5	13	0	42	26	30	0	475
gi|70606697|ref|YP_255567.1|_1-168_1RJW:A:1-137,A:306-339	5	11	3	3	0	24	12	10	1	171
gi|70606697|ref|YP_255567.1|_141-303_1QOR:A:113-291	2	6	1	8	0	15	10	12	0	179
gi|70606700|ref|YP_255570.1|_3-234_1PJQ:A:216-457	3	10	3	8	0	24	20	15	0	242
gi|70606701|ref|YP_255571.1|_4-45_1T0Q:A:	4	2	10	25	1	38	18	28	0	491
gi|70606702|ref|YP_255572.1|_3-167_1FFV:C:1-177	2	10	4	7	0	18	8	15	0	177
gi|70606702|ref|YP_255572.1|_172-278_1FFV:C:178-287	4	4	0	3	0	9	5	7	0	110
gi|70606703|ref|YP_255573.1|_92-163_1FFV:A:82-157	2	0	0	4	0	8	5	4	0	76
gi|70606703|ref|YP_255573.1|_6-95_1FFV:A:3-81	2	5	3	1	0	9	6	8	0	79
gi|70606704|ref|YP_255574.1|_1-181_1HV9:A:4-251	0	11	6	7	0	28	14	14	0	248
gi|70606705|ref|YP_255575.1|_1-139_2NS9:A:10-156	0	7	2	3	0	5	5	6	0	147
gi|70606706|ref|YP_255576.1|_111-361_1KK1:A:6-200	4	7	3	5	0	21	14	9	0	195
gi|70606706|ref|YP_255576.1|_438-525_1JNY:A:323-429	2	9	1	0	0	13	7	7	0	107
gi|70606706|ref|YP_255576.1|_340-434_1JNY:A:228-322	2	10	2	0	0	11	5	7	0	95
gi|70606708|ref|YP_255578.1|_77-170_1SHS:A:	2	10	3	0	0	16	4	4	0	115
gi|70606709|ref|YP_255579.1|_5-139_1JC4:A:	2	8	1	3	0	17	10	6	0	145
gi|70606710|ref|YP_255580.1|_11-553_7REQ:A:4-560	4	12	7	20	0	55	25	35	0	557
gi|70606711|ref|YP_255581.1|_3-161_1VDM:A:1-153	3	9	0	3	0	18	9	6	0	153
gi|70606712|ref|YP_255582.1|_31-363_2I09:A:2-107,A:227-403	4	11	3	10	0	35	19	17	1	281
gi|70606714|ref|YP_255584.1|_57-318_1OZ4:A:471-763	2	0	3	7	0	31	24	19	0	292
gi|70606714|ref|YP_255584.1|_338-592_1E32:A:201-458	3	5	4	12	0	28	13	14	0	258
gi|70606715|ref|YP_255585.1|_6-235_1DK4:A:	3	13	2	7	0	24	16	12	0	252
gi|70606716|ref|YP_255586.1|_14-318_1VDC:A:118-243	2	8	1	3	0	13	12	8	0	130
gi|70606717|ref|YP_255587.1|_176-365_1F6Y:A:	2	8	2	10	0	27	14	14	0	262
gi|70606719|ref|YP_255589.1|_10-138_2A0S:A:18-180	0	11	1	3	0	15	6	7	0	163
gi|70606724|ref|YP_255594.1|_25-147_1IG0:A:3-223	1	8	3	8	0	25	17	12	0	221
gi|70606725|ref|YP_255595.1|_8-289_1SR9:A:61-370	6	8	4	11	0	32	18	18	0	310
gi|70606726|ref|YP_255596.1|_4-181_1VJN:A:	2	14	1	3	0	24	15	9	0	219
gi|70606727|ref|YP_255597.1|_1-42_1Q5V:A:1-48	0	1	0	2	0	4	1	1	0	48
gi|70606729|ref|YP_255599.1|_2-75_1RI7:A:85-170	0	4	0	2	0	8	5	5	0	86
gi|70606731|ref|YP_255601.1|_6-229_1VPL:A:	2	10	2	9	0	18	9	15	0	238
gi|70606733|ref|YP_255603.1|_6-262_1OY0:A:	1	8	2	10	0	27	16	14	0	262
gi|70606735|ref|YP_255605.1|_25-144_1KKH:A:1-180	0	7	4	4	0	13	9	6	0	175
gi|70606737|ref|YP_255607.1|_104-225_1FM0:E:	0	8	0	4	0	13	4	5	0	149
gi|70606737|ref|YP_255607.1|_2-84_1VJK:A:	5	4	1	2	0	13	5	6	0	97
gi|70606738|ref|YP_255608.1|_4-272_1UB0:A:	1	9	1	8	0	20	12	11	0	258
gi|70606738|ref|YP_255608.1|_265-443_2PHP:A:241-420	3	9	2	5	0	21	12	11	0	180
gi|70606739|ref|YP_255609.1|_11-158_1XX7:A:	2	0	3	11	0	13	6	7	0	183
gi|70606740|ref|YP_255610.1|_2-168_1QEZ:A:	1	8	2	2	0	19	9	11	0	170
gi|70606741|ref|YP_255611.1|_19-283_1XHB:A:95-422	1	12	5	11	0	35	18	17	0	328
gi|70606742|ref|YP_255612.1|_281-358_1WXQ:A:320-395	1	4	0	2	0	9	4	5	0	76
gi|70606743|ref|YP_255613.1|_1-205_1UAX:A:	2	5	2	9	0	21	14	11	0	211
gi|70606746|ref|YP_255616.1|_7-108_1NEE:A:1-98	1	3	0	4	0	10	9	4	0	98
gi|70606746|ref|YP_255616.1|_105-140_1NEE:A:99-135	0	2	0	1	0	6	5	3	0	37
gi|70606747|ref|YP_255617.1|_120-359_1OLT:A:	1	19	6	15	0	46	26	24	0	441
gi|70606748|ref|YP_255618.1|_3-269_1QFL:A:4-268	6	10	2	8	0	30	16	18	0	265
gi|70606748|ref|YP_255618.1|_270-391_1QFL:A:269-392	2	4	3	4	0	10	4	5	0	124
gi|70606749|ref|YP_255619.1|_3-100_1JT8:A:	1	5	0	2	0	13	9	2	0	102
gi|70606750|ref|YP_255620.1|_37-83,110-240_1TQI:A:91-282	0	10	1	4	0	15	9	8	0	192
gi|70606751|ref|YP_255621.1|_81-158_1TUA:A:85-188	0	3	1	5	0	6	1	5	0	104
gi|70606752|ref|YP_255622.1|_34-97_1Y88:A:3-127	2	0	1	4	0	5	1	2	0	57
gi|70606753|ref|YP_255623.1|_102-165_1YFZ:A:3-180	4	8	3	4	0	20	13	8	0	178
gi|70606756|ref|YP_255626.1|_37-371_1Y4I:A:2-398	0	12	2	16	0	43	23	28	0	397
gi|70606757|ref|YP_255627.1|_2-156_1FWK:A:5-167	1	6	0	4	0	14	8	8	0	163
gi|70606757|ref|YP_255627.1|_163-284_1FWK:A:168-300	1	6	1	6	0	13	8	6	0	133
gi|70606758|ref|YP_255628.1|_10-179_1XI8:A:6-181	3	4	1	2	0	15	5	6	0	176
gi|70606758|ref|YP_255628.1|_180-324_1UZ5:A:181-328	1	9	0	4	0	15	9	7	0	148
gi|70606758|ref|YP_255628.1|_329-400_1UZ5:A:329-402	2	5	0	1	0	10	5	1	0	74
gi|70606760|ref|YP_255630.1|_4-106_1O7I:A:	2	7	3	0	0	15	2	8	0	115
gi|70606761|ref|YP_255631.1|_12-196_1OFH:A:	0	9	5	14	0	31	16	15	0	309
gi|70606762|ref|YP_255632.1|_288-433_1CK4:A:	0	6	3	8	0	16	12	11	0	193
gi|70606765|ref|YP_255635.1|_114-237_1NEK:B:107-238	0	0	0	8	0	16	6	9	0	132
gi|70606765|ref|YP_255635.1|_10-112_1KF6:B:1-105	2	7	2	1	0	15	3	8	0	105
gi|70606766|ref|YP_255636.1|_2-252,349-409_1NEK:A:1-235,A:356-450	7	17	3	8	0	41	22	15	1	330
gi|70606766|ref|YP_255636.1|_433-566_1KF6:A:443-576	6	2	0	3	0	16	7	5	0	134
gi|70606766|ref|YP_255636.1|_229-345_1NEK:A:236-355	2	4	1	5	0	14	7	9	0	120
gi|70606767|ref|YP_255637.1|_5-262_1VJR:A:	1	15	3	10	0	29	18	14	0	270
gi|70606770|ref|YP_255640.1|_2-221,281-320_1EL5:A:1-217,A:322-385	0	16	6	7	0	31	12	17	1	281
gi|70606773|ref|YP_255643.1|_1-159_1S3L:A:	0	11	1	4	0	19	12	8	0	165
gi|70606775|ref|YP_255645.1|_1-152,223-266_1O5W:A:10-298,A:411-520	3	14	5	14	0	38	32	21	1	399
gi|70606776|ref|YP_255646.1|_26-107_1RI7:A:85-170	0	4	0	2	0	8	5	5	0	86
gi|70606777|ref|YP_255647.1|_10-209_1UC8:A:89-280	2	8	0	6	0	15	6	8	0	192
gi|70606778|ref|YP_255648.1|_6-219_1RTR:A:	0	2	1	13	0	16	12	13	0	290
gi|70606780|ref|YP_255650.1|_7-269_1V4N:A:	4	11	2	6	0	34	18	12	0	280
gi|70606781|ref|YP_255651.1|_8-162_1VDM:A:1-153	3	9	0	3	0	18	9	6	0	153
gi|70606782|ref|YP_255652.1|_105-239_1DT9:A:143-276	0	5	0	4	0	15	13	7	0	134
gi|70606782|ref|YP_255652.1|_1-103_1DT9:A:5-142	0	4	1	4	0	16	5	7	0	138
gi|70606782|ref|YP_255652.1|_240-335_2QI2:A:244-338	0	4	0	5	0	6	6	7	0	95
gi|70606784|ref|YP_255654.1|_8-334_1PV7:A:	0	0	2	22	0	18	12	14	0	417
gi|70606786|ref|YP_255656.1|_12-131_2CO5:A:5-93	1	3	1	4	0	6	3	3	0	89
gi|70606787|ref|YP_255657.1|_1-179_1VPL:A:	2	10	2	9	0	18	9	15	0	238
gi|70606789|ref|YP_255659.1|_98-702_1T3Q:B:166-786	14	23	8	16	0	66	30	31	0	621
gi|70606789|ref|YP_255659.1|_2-111_1N62:B:6-146	1	8	2	5	0	17	10	9	0	141
gi|70606790|ref|YP_255660.1|_2-65_1Q7H:A:3-68	0	5	0	2	0	8	3	3	0	66
gi|70606790|ref|YP_255660.1|_68-150_1Q7H:A:69-153	0	6	1	3	0	10	5	6	0	85
gi|70606791|ref|YP_255661.1|_2-217_1QG8:A:	2	9	4	8	0	22	13	12	0	255
gi|70606792|ref|YP_255662.1|_2-64_1SD4:A:	0	3	0	6	0	8	5	5	0	122
gi|70606793|ref|YP_255663.1|_3-306_1VLL:A:	3	15	2	12	0	33	17	19	0	321
gi|70606794|ref|YP_255664.1|_26-376_1X0M:A:26-428	2	14	5	14	0	43	21	17	0	403
gi|70606795|ref|YP_255665.1|_125-338_1PV9:A:125-345	6	13	2	4	0	27	12	10	0	221
gi|70606795|ref|YP_255665.1|_1-124_1CHM:A:2-156	1	7	1	6	0	19	11	7	0	155
gi|70606796|ref|YP_255666.1|_2-324_3C10:A:515-900	8	10	9	12	0	47	19	25	0	386
gi|70606797|ref|YP_255667.1|_10-424_1VL4:A:	9	20	4	11	0	40	19	19	0	433
gi|70606798|ref|YP_255668.1|_3-416_1VL4:A:	9	20	4	11	0	40	19	19	0	433
gi|70606800|ref|YP_255670.1|_109-678_1FFV:B:147-803	10	28	7	15	0	76	37	37	0	657
gi|70606800|ref|YP_255670.1|_4-122_1FFV:B:7-146	0	8	2	6	0	17	9	8	0	140
gi|70606803|ref|YP_255673.1|_4-343_1V7C:A:	3	11	6	14	0	34	24	19	0	351
gi|70606804|ref|YP_255674.1|_2-199_1L1J:A:	2	14	3	5	0	26	14	9	0	228
gi|70606804|ref|YP_255674.1|_168-285_1LCY:A:226-325	0	8	0	3	0	13	6	8	0	100
gi|70606805|ref|YP_255675.1|_8-192_1D2T:A:	0	0	2	13	0	18	11	13	0	224
gi|70606807|ref|YP_255677.1|_3-241_1VPL:A:	2	10	2	9	0	18	9	15	0	238
gi|70606808|ref|YP_255678.1|_22-426_1VEF:A:9-395	3	17	2	15	0	38	24	27	0	387
gi|70606810|ref|YP_255680.1|_18-160_1L3I:A:	1	8	1	6	0	16	9	11	0	186
gi|70606811|ref|YP_255681.1|_17-131_2PCS:A:1-147	0	7	2	3	0	6	4	5	0	146
gi|70606812|ref|YP_255682.1|_4-102_1Y23:A:	0	6	3	4	0	16	11	7	0	139
gi|70606813|ref|YP_255683.1|_10-251_1IVH:A:6-241	3	8	6	7	0	20	10	16	0	236
gi|70606813|ref|YP_255683.1|_238-392_1UKW:A:259-410	2	0	3	5	0	5	5	4	0	152
gi|70606814|ref|YP_255684.1|_17-271_1V43:A:7-245	1	10	2	8	0	20	13	15	0	239
gi|70606815|ref|YP_255685.1|_4-103,254-392_1OXS:C:1-242	0	11	6	8	0	23	18	13	0	242
gi|70606815|ref|YP_255685.1|_34-199_1G6H:A:	2	11	5	9	0	21	16	17	0	254
gi|70606816|ref|YP_255686.1|_92-270_3DHW:A:6-208	0	0	1	9	0	11	7	9	0	203
gi|70606817|ref|YP_255687.1|_99-168,214-338_3DHW:A:6-208	0	0	1	9	0	11	7	9	0	203
gi|70606818|ref|YP_255688.1|_265-381,409-842_1XOC:A:17-520	5	23	9	15	0	53	34	35	0	504
gi|70606818|ref|YP_255688.1|_163-238_1L0Q:A:302-391	2	8	0	0	0	14	8	3	0	90
gi|70606818|ref|YP_255688.1|_52-112_1B4R:A:	2	7	0	0	0	11	8	1	0	80
gi|70606821|ref|YP_255691.1|_331-632_1VZO:A:	2	11	7	9	0	31	20	19	0	322
gi|70606823|ref|YP_255692.1|_83-355_1IXK:A:	0	13	5	10	0	28	19	14	0	313
gi|70606824|ref|YP_255694.1|_9-274_1OLT:A:	1	19	6	15	0	46	26	24	0	441
gi|70606824|ref|YP_255694.1|_350-446_1Y9W:A:1-140	0	7	3	3	0	13	3	7	0	140
gi|70606825|ref|YP_255695.1|_2-432_1PW4:A:	2	0	1	18	0	21	18	22	0	450
gi|70606830|ref|YP_255700.1|_2-255_1G3Q:A:	0	8	3	11	0	25	16	14	0	237
gi|70606831|ref|YP_255701.1|_74-348_1QG8:A:	2	9	4	8	0	22	13	12	0	255
gi|70606834|ref|YP_255704.1|_9-547_1V25:A:	8	24	4	16	0	59	31	33	0	534
gi|70606837|ref|YP_255707.1|_3-405_1PMM:A:	9	13	6	12	0	49	26	25	0	450
gi|70606838|ref|YP_255708.1|_260-496_1R59:O:257-491	1	10	2	5	0	26	22	13	0	235
gi|70606838|ref|YP_255708.1|_5-261_1R59:O:5-256	12	6	1	9	0	35	21	15	0	252
gi|70606839|ref|YP_255709.1|_4-397_1PW4:A:	2	0	1	18	0	21	18	22	0	450
gi|70606844|ref|YP_255714.1|_3-268_1EHY:A:	2	8	5	11	0	29	18	16	0	293
gi|70606846|ref|YP_255716.1|_1-208_1G6H:A:	2	11	5	9	0	21	16	17	0	254
gi|70606848|ref|YP_255718.1|_13-98_1UB9:A:	0	3	0	6	0	7	4	3	0	100
gi|70606849|ref|YP_255719.1|_38-242_1IVH:A:6-241	3	8	6	7	0	20	10	16	0	236
gi|70606849|ref|YP_255719.1|_229-360_2D29:A:235-387	1	2	3	5	0	4	4	6	0	153
gi|70606850|ref|YP_255720.1|_1-135_1Q6W:A:	4	6	2	4	0	16	6	8	0	151
gi|70606851|ref|YP_255721.1|_148-260_1UKW:A:259-410	2	0	3	5	0	5	5	4	0	152
gi|70606852|ref|YP_255722.1|_46-362_1K6W:A:56-375	4	8	5	12	0	34	15	20	0	320
gi|70606852|ref|YP_255722.1|_2-45,353-398_1M7J:A:7-61	2	7	0	0	0	9	5	3	0	55
gi|70606855|ref|YP_255725.1|_26-135_2D1P:A:1-128	2	5	1	5	0	14	5	7	0	128
gi|70606858|ref|YP_255728.1|_1-183_1F0Y:A:12-203	0	8	1	7	0	22	12	11	0	192
gi|70606858|ref|YP_255728.1|_305-395_3HDH:A:204-302	3	0	1	5	0	8	3	5	0	99
gi|70606858|ref|YP_255728.1|_186-295_1WDK:A:497-620	2	2	1	7	0	11	3	6	0	124
gi|70606859|ref|YP_255729.1|_1-144_1RJW:A:1-137,A:306-339	5	11	3	3	0	24	12	10	1	171
gi|70606859|ref|YP_255729.1|_182-320_1F8F:A:163-336	0	6	3	7	0	16	13	12	0	174
gi|70606860|ref|YP_255730.1|_1-272_2FNA:A:1-283	0	7	3	11	0	23	13	17	0	283
gi|70606860|ref|YP_255730.1|_281-347_2FNA:A:284-356	1	2	1	4	0	7	4	3	0	73
gi|70606862|ref|YP_255732.1|_6-499_1V25:A:	8	24	4	16	0	59	31	33	0	534
gi|70606863|ref|YP_255733.1|_4-154_1Q6W:A:	4	6	2	4	0	16	6	8	0	151
gi|70606864|ref|YP_255734.1|_6-376_1Q7E:A:	0	11	5	17	0	41	21	30	0	427
gi|70606865|ref|YP_255735.1|_5-327_1O2D:A:	1	8	7	13	0	27	15	14	0	370
gi|70606866|ref|YP_255736.1|_2-42_1KF6:B:106-243	0	0	3	8	0	15	4	9	0	138
gi|70606867|ref|YP_255737.1|_52-330_1HV8:A:3-210	0	7	1	9	0	25	17	9	0	208
gi|70606869|ref|YP_255739.1|_183-280_1S7B:A:	0	0	0	4	0	10	7	3	0	109
gi|70606871|ref|YP_255741.1|_20-219_1VIM:A:	0	5	1	8	0	19	10	10	0	199
gi|70606873|ref|YP_255743.1|_86-284_1XP3:A:2-298	3	12	4	10	0	36	13	18	0	297
gi|70606874|ref|YP_255744.1|_2-480_1BXS:A:	5	22	2	17	0	52	33	26	0	494
gi|70606875|ref|YP_255745.1|_233-585_1KHB:A:260-622	6	20	5	8	0	53	22	27	0	363
gi|70606875|ref|YP_255745.1|_13-232_1KHB:A:10-259	1	12	5	8	1	27	23	10	0	250
gi|70606876|ref|YP_255746.1|_123-270_1CBK:A:	4	8	2	4	0	23	11	8	0	160
gi|70606876|ref|YP_255746.1|_2-116_1B9L:A:	0	5	1	4	0	10	9	6	0	119
gi|70606877|ref|YP_255747.1|_4-235_1MXH:A:	2	7	4	8	0	21	14	12	0	266
gi|70606878|ref|YP_255748.1|_1-261_1U8V:A:1-275	0	12	7	6	0	27	14	15	0	275
gi|70606878|ref|YP_255748.1|_252-463_1U8V:A:276-490	2	2	1	12	0	17	8	16	0	215
gi|70606879|ref|YP_255749.1|_5-247_1EDO:A:	2	7	2	10	0	24	12	13	0	244
gi|70606880|ref|YP_255750.1|_3-292_5L2P:A:	0	8	3	10	0	30	18	17	0	306
gi|70606881|ref|YP_255751.1|_48-176,249-326_1R1D:A:	0	7	4	8	0	23	15	16	0	242
gi|70606882|ref|YP_255752.1|_3-85_1VI0:A:6-77	0	0	1	4	0	6	2	2	0	72
gi|70606883|ref|YP_255753.1|_5-241_1UKW:A:32-258	3	8	6	6	0	18	8	13	0	227
gi|70606883|ref|YP_255753.1|_228-371_2D29:A:235-387	1	2	3	5	0	4	4	6	0	153
gi|70606884|ref|YP_255754.1|_404-662_2DUB:A:	2	10	4	11	0	25	14	14	0	259
gi|70606884|ref|YP_255754.1|_6-186_1WDK:A:311-496	0	8	3	6	0	20	12	8	0	186
gi|70606884|ref|YP_255754.1|_189-303_3HDH:A:204-302	3	0	1	5	0	8	3	5	0	99
gi|70606884|ref|YP_255754.1|_310-423_3HDH:A:204-302	3	0	1	5	0	8	3	5	0	99
gi|70606885|ref|YP_255755.1|_5-293_1XM8:A:	1	14	3	9	0	25	7	18	0	253
gi|70606886|ref|YP_255756.1|_10-546_1V25:A:	8	24	4	16	0	59	31	33	0	534
gi|70606887|ref|YP_255757.1|_27-289_1SYY:A:	2	0	5	13	0	24	15	12	0	317
gi|70606888|ref|YP_255758.1|_177-285_1BUC:A:233-383	1	2	3	5	0	4	4	6	0	151
gi|70606889|ref|YP_255759.1|_4-272_1WDK:C:2-263	5	8	5	7	0	26	13	19	0	262
gi|70606889|ref|YP_255759.1|_273-394_1ULQ:A:276-400	2	4	2	4	0	11	5	8	0	125
gi|70606890|ref|YP_255760.1|_1-177_1H2B:A:17-154,A:327-359	7	10	3	4	0	25	10	10	1	171
gi|70606890|ref|YP_255760.1|_137-306_1YB5:A:121-294	0	7	1	8	0	16	8	12	0	174
gi|70606891|ref|YP_255761.1|_18-301_1JJI:A:	0	8	5	11	0	21	17	19	0	311
gi|70606892|ref|YP_255762.1|_3-247_1BU6:O:3-253	1	15	1	9	0	25	13	17	0	251
gi|70606892|ref|YP_255762.1|_250-491_1BU6:O:254-499	1	9	1	7	0	25	18	16	0	246
gi|70606893|ref|YP_255763.1|_6-222,324-366_1PJ5:A:4-219,A:339-427	2	17	6	8	0	32	16	16	1	305
gi|70606893|ref|YP_255763.1|_223-313_1NG4:A:219-306	0	6	1	1	0	9	5	4	0	88
gi|70606894|ref|YP_255764.1|_1-145_2NS9:A:10-156	0	7	2	3	0	5	5	6	0	147
gi|70606895|ref|YP_255765.1|_36-167_2GNR:A:8-144	1	11	1	2	0	19	6	6	0	137
gi|70606896|ref|YP_255766.1|_4-227_1HNJ:A:1-174	1	8	2	7	0	21	11	7	0	174
gi|70606896|ref|YP_255766.1|_232-372_1QFL:A:269-392	2	4	3	4	0	10	4	5	0	124
gi|70606897|ref|YP_255767.1|_9-534_1V25:A:	8	24	4	16	0	59	31	33	0	534
gi|70606898|ref|YP_255768.1|_8-252_1BUC:A:1-232	3	8	5	8	0	22	12	17	0	232
gi|70606898|ref|YP_255768.1|_239-394_1UKW:A:259-410	2	0	3	5	0	5	5	4	0	152
gi|70606900|ref|YP_255770.1|_1-155_2CX4:A:4-163	2	9	0	5	0	19	10	14	0	159
gi|70606901|ref|YP_255771.1|_10-546_1V25:A:	8	24	4	16	0	59	31	33	0	534
gi|70606903|ref|YP_255773.1|_128-223,263-535_1B0U:A:	0	12	1	10	0	24	16	14	0	261
gi|70606906|ref|YP_255776.1|_155-359_1FSU:A:	4	18	10	10	0	61	34	35	0	492
gi|70606907|ref|YP_255777.1|_1-178_2HY1:A:10-265	5	11	0	6	0	28	15	11	0	256
gi|70606908|ref|YP_255778.1|_1-273_2FNA:A:1-283	0	7	3	11	0	23	13	17	0	283
gi|70606908|ref|YP_255778.1|_278-347_2FNA:A:284-356	1	2	1	4	0	7	4	3	0	73
gi|70606909|ref|YP_255779.1|_406-661_2DUB:A:	2	10	4	11	0	25	14	14	0	259
gi|70606909|ref|YP_255779.1|_6-186_1F0Y:A:12-203	0	8	1	7	0	22	12	11	0	192
gi|70606909|ref|YP_255779.1|_310-423_3HDH:A:204-302	3	0	1	5	0	8	3	5	0	99
gi|70606909|ref|YP_255779.1|_189-302_1F0Y:A:204-302	3	0	1	5	0	8	3	5	0	99
gi|70606911|ref|YP_255781.1|_14-460_1PW4:A:	2	0	1	18	0	21	18	22	0	450
gi|70606912|ref|YP_255782.1|_151-354_1YBH:A:281-459	0	6	2	7	0	16	14	9	0	179
gi|70606912|ref|YP_255782.1|_1-174_1JSC:A:83-270	2	8	4	8	0	18	12	10	0	188
gi|70606912|ref|YP_255782.1|_364-552_1OZH:A:367-558	5	6	3	9	0	17	11	11	0	191
gi|70606918|ref|YP_255788.1|_2-110_1BOU:B:	7	12	1	9	0	30	22	12	0	298
gi|70606919|ref|YP_255789.1|_195-546_1GT9:1:	7	17	5	9	0	41	25	20	0	357
gi|70606919|ref|YP_255789.1|_28-178_1T1E:A:12-190	2	11	1	4	0	23	7	12	0	179
gi|70606921|ref|YP_255791.1|_2-138_1WDV:A:	3	8	3	5	0	21	9	9	0	150
gi|70606923|ref|YP_255793.1|_1-170_1QYD:A:	3	13	2	13	0	35	25	21	0	312
gi|70606924|ref|YP_255794.1|_19-208_1O1Y:A:	1	11	3	6	0	26	13	16	0	238
gi|70606925|ref|YP_255795.1|_16-257_3C8W:A:5-254	0	17	1	3	0	24	13	12	0	250
gi|70606928|ref|YP_255798.1|_26-164_2CL5:A:3-216	0	7	3	9	1	21	10	9	0	215
gi|70606930|ref|YP_255800.1|_154-492_2F2H:A:248-585	10	10	5	9	0	36	16	18	0	338
gi|70606930|ref|YP_255800.1|_24-151_2F2H:A:1-247	2	21	1	1	0	22	20	14	0	247
gi|70606930|ref|YP_255800.1|_494-569_2F2H:A:586-665	0	8	1	1	0	13	7	5	0	80
gi|70606931|ref|YP_255801.1|_258-347_2F5T:X:247-338	0	6	1	1	0	7	3	7	0	92
gi|70606931|ref|YP_255801.1|_3-88_2FBH:A:8-144	3	2	1	6	0	11	3	8	0	137
gi|70606932|ref|YP_255802.1|_328-657_1K1X:A:1-310	5	9	5	14	0	33	8	22	0	310
gi|70606933|ref|YP_255803.1|_13-277_2R6G:G:7-296	4	0	2	14	0	20	19	13	0	290
gi|70606934|ref|YP_255804.1|_52-281_2R6G:F:261-504	2	0	3	12	0	16	15	16	0	244
gi|70606934|ref|YP_255804.1|_9-47_2R6G:F:13-260	5	14	2	8	0	30	12	13	0	248
gi|70606935|ref|YP_255805.1|_73-456_1URS:A:	2	15	4	17	0	35	18	24	0	367
gi|70606936|ref|YP_255806.1|_7-251_1G29:1:1-240	1	11	4	8	0	20	15	14	0	240
gi|70606936|ref|YP_255806.1|_244-357_1Q12:A:236-370	3	10	1	0	0	24	10	8	0	135
gi|70606937|ref|YP_255807.1|_7-124_2EF7:A:1-127	5	7	2	4	0	12	7	10	0	127
gi|70606938|ref|YP_255808.1|_3-145_1V7O:A:	2	7	3	3	0	17	7	6	0	155
gi|70606939|ref|YP_255809.1|_1-302_1HYU:A:326-451	2	10	1	2	0	13	8	6	0	126
gi|70606940|ref|YP_255810.1|_6-177_1NWA:A:	0	8	2	4	0	18	14	11	0	202
gi|70606941|ref|YP_255811.1|_26-95_1R7J:A:	1	2	0	4	0	6	1	4	0	90
gi|70606941|ref|YP_255811.1|_122-202_1ULY:A:	1	4	1	8	0	12	7	8	0	190
gi|70606943|ref|YP_255813.1|_114-494_1G6O:A:	2	13	3	9	0	31	22	19	0	323
gi|70606944|ref|YP_255814.1|_2-221_1TF7:A:14-255	0	11	1	7	0	23	21	15	0	242
gi|70606950|ref|YP_255820.1|_23-92_2P8T:A:14-82	1	2	0	4	0	6	2	4	0	69
gi|70606951|ref|YP_255821.1|_315-619_1FOT:A:	5	9	4	10	0	37	20	19	0	316
gi|70606952|ref|YP_255822.1|_1-172,218-443_1PV7:A:	0	0	2	22	0	18	12	14	0	417
gi|70606954|ref|YP_255824.1|_19-644_1PG4:A:	11	30	5	21	0	71	40	44	0	643
gi|70606955|ref|YP_255825.1|_4-171_1PV7:A:	0	0	2	22	0	18	12	14	0	417
gi|70606956|ref|YP_255826.1|_2-77_1Z91:A:8-144	2	3	2	8	0	10	6	9	0	137
gi|70606957|ref|YP_255827.1|_3-309_1EZR:A:	4	10	2	12	0	42	22	10	0	312
gi|70606958|ref|YP_255828.1|_26-217_1E8G:A:6-273	6	11	6	4	0	35	19	17	0	268
gi|70606958|ref|YP_255828.1|_193-451_1F0X:A:274-567	2	7	0	9	0	22	13	11	0	294
gi|70606959|ref|YP_255829.1|_4-154_1HSK:A:15-208	4	14	3	6	0	20	9	15	0	194
gi|70606960|ref|YP_255830.1|_2-154_1O4V:A:	0	5	1	6	0	16	3	8	0	169
gi|70606961|ref|YP_255831.1|_101-292_1B6R:A:79-276	1	10	3	5	0	16	8	10	0	198
gi|70606961|ref|YP_255831.1|_5-96_1B6R:A:1-78	1	3	2	3	0	7	7	5	0	78
gi|70606961|ref|YP_255831.1|_298-359_1B6R:A:277-355	0	3	2	2	0	9	6	4	0	79
gi|70606962|ref|YP_255832.1|_1-106_1B9M:A:1-126	0	5	0	5	0	9	4	5	0	127
gi|70606963|ref|YP_255833.1|_365-631_1O6Y:A:	1	11	3	8	0	24	14	12	0	276
gi|70606963|ref|YP_255833.1|_162-324_2FBN:A:22-174	0	0	1	7	0	10	3	7	0	153
gi|70606965|ref|YP_255835.1|_3-124_1X25:A:1-124	0	8	3	2	0	14	9	4	0	124
gi|70606966|ref|YP_255836.1|_68-196_2EF7:A:1-127	5	7	2	4	0	12	7	10	0	127
gi|70606966|ref|YP_255836.1|_205-265_3DDJ:A:136-276	7	5	0	7	0	14	9	10	0	141
gi|70606966|ref|YP_255836.1|_3-61_2V8Q:E:182-326	7	6	4	5	0	15	14	7	0	145
gi|70606967|ref|YP_255837.1|_178-606_2JG0:A:37-547	13	16	6	19	0	52	31	30	0	511
gi|70606968|ref|YP_255838.1|_228-616_1UG9:A:274-686	14	8	3	15	0	52	31	30	0	413
gi|70606969|ref|YP_255839.1|_6-261,338-353_1YP2:A:10-316	1	13	3	12	0	32	21	15	0	307
gi|70606969|ref|YP_255839.1|_303-405_1HM9:A:252-459	3	28	3	0	0	55	16	17	0	208
gi|70606970|ref|YP_255840.1|_5-349_1K1X:A:1-310	5	9	5	14	0	33	8	22	0	310
gi|70606971|ref|YP_255841.1|_15-306,343-553_2BIS:A:1-437	4	17	6	16	0	48	27	24	0	437
gi|70606972|ref|YP_255842.1|_5-185_1SOX:A:94-343	1	13	5	6	0	31	18	16	0	250
gi|70606973|ref|YP_255843.1|_11-139,400-520_1A6D:B:20-144,B:404-521	0	8	0	10	0	16	4	15	1	243
gi|70606973|ref|YP_255843.1|_207-373_1Q3Q:A:217-369	3	9	2	3	0	18	15	4	0	153
gi|70606973|ref|YP_255843.1|_139-211,364-399_1Q3Q:A:146-216,A:370-405	1	5	3	3	0	8	7	2	1	107
gi|70606976|ref|YP_255846.1|_2-123_2EF7:A:1-127	5	7	2	4	0	12	7	10	0	127
gi|70606977|ref|YP_255847.1|_14-223_1BED:A:	1	5	2	7	0	17	10	10	0	181
gi|70606978|ref|YP_255848.1|_38-195_1SHU:X:	2	6	3	6	0	13	8	7	0	181
gi|70606979|ref|YP_255849.1|_64-203_1UHT:A:	3	9	0	0	0	18	9	7	0	117
gi|70606980|ref|YP_255850.1|_39-198_1SHU:X:	2	6	3	6	0	13	8	7	0	181
gi|70606981|ref|YP_255851.1|_5-46_1YFB:A:3-53	0	4	0	1	0	7	0	4	0	52
gi|70606982|ref|YP_255852.1|_306-417_2P12:A:8-172	0	10	1	3	0	13	7	9	0	165
gi|70606983|ref|YP_255853.1|_9-590_2B3Y:A:2-630	5	25	11	23	0	64	33	40	0	629
gi|70606983|ref|YP_255853.1|_594-842_2B3Y:A:631-889	5	11	3	9	0	33	17	19	0	259
gi|70606984|ref|YP_255854.1|_1-419_2I71:A:1-377	1	16	4	13	0	33	16	20	0	377
gi|70606988|ref|YP_255858.1|_20-125_2D1H:A:1-109	0	3	1	5	0	8	2	5	0	109
gi|70606989|ref|YP_255859.1|_48-303_1N2Z:A:	4	10	3	10	0	27	17	13	0	245
gi|70606990|ref|YP_255860.1|_4-326_1L7V:A:	2	0	2	14	0	18	8	12	0	324
gi|70606991|ref|YP_255861.1|_1-189_1VPL:A:	2	10	2	9	0	18	9	15	0	238
gi|70606992|ref|YP_255862.1|_15-120_2D1H:A:1-109	0	3	1	5	0	8	2	5	0	109
gi|70606993|ref|YP_255863.1|_12-78_1TH7:A:3-78	0	5	1	1	0	8	2	4	0	76
gi|70606996|ref|YP_255866.1|_175-428_1DNP:A:201-469	0	0	5	14	0	25	15	19	0	269
gi|70606996|ref|YP_255866.1|_5-155_1OWL:A:3-204	0	5	2	7	0	23	14	9	0	202
gi|70606997|ref|YP_255867.1|_28-79,139-237_1YE8:A:1-178	0	9	2	5	0	17	7	11	0	178
gi|70606998|ref|YP_255868.1|_7-53_2CFX:A:1-63	0	1	1	3	0	6	2	4	0	63
gi|70606999|ref|YP_255869.1|_1-207_1TO9:A:	0	0	0	12	0	12	6	10	0	225
gi|70607001|ref|YP_255871.1|_7-254_2C07:A:54-304	2	7	2	9	0	21	12	14	0	251
gi|70607003|ref|YP_255873.1|_2-126_1O4T:A:	0	11	2	0	0	13	8	5	0	115
gi|70607005|ref|YP_255875.1|_1-111_1W8I:A:	0	5	0	7	0	14	8	10	0	155
gi|70607008|ref|YP_255878.1|_6-243_1W3B:A:	0	0	0	23	0	35	6	26	0	388
gi|70607009|ref|YP_255879.1|_1-292,382-401_1GOS:A:4-289,A:402-500	4	15	6	13	0	40	33	22	1	385
gi|70607010|ref|YP_255880.1|_16-140_1ZKI:A:4-129	2	6	2	2	0	13	7	4	0	126
gi|70607011|ref|YP_255881.1|_12-91_2D1H:A:1-109	0	3	1	5	0	8	2	5	0	109
gi|70607013|ref|YP_255883.1|_7-192_1K47:A:1-194	0	6	1	7	0	17	10	7	0	194
gi|70607013|ref|YP_255883.1|_178-306_1K47:A:195-329	0	4	0	5	0	12	6	5	0	135
gi|70607014|ref|YP_255884.1|_6-176_1FI4:A:3-190	3	9	3	3	0	23	11	11	0	188
gi|70607014|ref|YP_255884.1|_181-322_1FI4:A:191-393	1	5	2	7	0	16	13	9	0	203
gi|70607015|ref|YP_255885.1|_1-379_2HEK:A:1-369	2	9	4	20	0	25	19	23	0	369
gi|70607016|ref|YP_255886.1|_4-234_1JE0:A:	2	9	2	7	0	21	11	11	0	234
gi|70607018|ref|YP_255888.1|_42-435_2F9F:A:2-167	2	6	1	7	0	19	11	10	0	166
gi|70607019|ref|YP_255889.1|_178-574_1LF6:A:288-684	15	6	5	13	0	47	32	24	0	397
gi|70607021|ref|YP_255891.1|_8-177_1HJZ:A:	0	7	2	5	0	18	9	8	0	192
gi|70607022|ref|YP_255892.1|_38-214_1XM8:A:	1	14	3	9	0	25	7	18	0	253
gi|70607024|ref|YP_255894.1|_5-177_1RTT:A:	2	8	1	6	0	23	8	12	0	174
gi|70607025|ref|YP_255895.1|_2-388_1PW4:A:	2	0	1	18	0	21	18	22	0	450
gi|70607026|ref|YP_255896.1|_9-139_2GF6:A:1-134	2	7	2	2	0	12	5	7	0	134
gi|70607027|ref|YP_255897.1|_1-224_1TZF:A:	0	16	4	7	0	27	12	15	0	258
gi|70607028|ref|YP_255898.1|_68-147_1MGT:A:89-169	2	2	1	4	0	10	4	7	0	81
gi|70607028|ref|YP_255898.1|_3-73_1SFE:A:12-92	1	4	0	2	0	9	5	3	0	81
gi|70607029|ref|YP_255899.1|_145-432_1EVL:A:242-532	6	15	4	9	0	32	14	16	0	291
gi|70607029|ref|YP_255899.1|_433-540_1NYR:A:533-645	0	5	0	5	0	10	5	7	0	113
gi|70607029|ref|YP_255899.1|_26-142_1NYR:A:63-241	0	8	1	5	0	17	11	8	0	179
gi|70607030|ref|YP_255900.1|_7-255_1F0K:A:	0	13	3	16	0	35	15	23	0	363
gi|70607031|ref|YP_255901.1|_38-229_1PU6:A:	0	0	1	13	0	15	13	13	0	217
gi|70607032|ref|YP_255902.1|_1-198_2SCU:B:1-238	1	12	3	7	0	24	11	11	0	238
gi|70607032|ref|YP_255902.1|_206-330_2SCU:B:239-385	1	6	0	6	0	15	10	5	0	147
gi|70607033|ref|YP_255903.1|_96-255_1OI7:A:122-288	1	6	1	5	0	17	10	5	0	167
gi|70607033|ref|YP_255903.1|_1-95_1OI7:A:1-121	0	7	0	4	0	13	8	8	0	121
gi|70607035|ref|YP_255905.1|_1-123_1G5C:A:	0	5	2	6	0	17	8	11	0	169
gi|70607036|ref|YP_255906.1|_4-296_1PV7:A:	0	0	2	22	0	18	12	14	0	417
gi|297616207|ref|YP_003710347.1|_5-53_2EY4:E:4-55	2	3	0	1	0	9	2	5	0	52
gi|70607040|ref|YP_255910.1|_85-173_2AHO:B:85-175	0	0	0	6	0	5	2	8	0	91
gi|70607040|ref|YP_255910.1|_176-260_2AHO:B:176-264	0	4	1	2	0	7	6	3	0	89
gi|70607040|ref|YP_255910.1|_8-89_2AHO:B:1-84	0	6	1	1	0	8	3	5	0	84
gi|70607041|ref|YP_255911.1|_12-64_1QXF:A:	0	6	0	0	0	12	6	1	0	58
gi|70607044|ref|YP_255914.1|_10-317_1ZT2:A:3-329	6	18	3	9	0	40	19	15	0	327
gi|70607045|ref|YP_255915.1|_1-121_1GE8:A:2-117	1	9	1	2	0	12	7	4	0	116
gi|70607045|ref|YP_255915.1|_124-245_1GE8:A:126-247	0	9	0	2	0	10	6	6	0	122
gi|70607046|ref|YP_255916.1|_3-237_1YRB:A:1-244	0	7	3	11	0	22	15	9	0	245
gi|70607047|ref|YP_255917.1|_83-272_1U9Y:A:156-284	2	6	1	4	0	12	7	8	0	129
gi|70607048|ref|YP_255918.1|_135-266_1WY7:A:4-204	0	7	3	6	0	16	10	11	0	201
gi|70607049|ref|YP_255919.1|_3-280_2CBN:A:1-305	9	16	2	10	0	41	18	18	0	305
gi|70607050|ref|YP_255920.1|_3-142_2NWU:A:3-144	3	7	1	5	0	13	6	5	0	142
gi|70607051|ref|YP_255921.1|_38-143_1JJV:A:	0	5	1	9	0	20	8	8	0	205
gi|70607052|ref|YP_255922.1|_3-180_1IUH:A:	0	9	4	3	0	14	7	3	0	183
gi|70607053|ref|YP_255923.1|_239-414_1R89:A:258-437	0	7	1	7	0	17	11	7	0	180
gi|70607053|ref|YP_255923.1|_142-254_1R89:A:143-257	2	4	2	4	0	11	5	8	0	115
gi|70607053|ref|YP_255923.1|_4-138_1R89:A:1-142	0	5	0	5	0	9	7	7	0	142
gi|70607054|ref|YP_255924.1|_46-174_1TQI:A:91-282	0	10	1	4	0	15	9	8	0	192
gi|70607056|ref|YP_255926.1|_33-257_2FLU:X:325-609	14	28	0	0	0	37	15	14	0	285
gi|70607056|ref|YP_255926.1|_325-488_1X5X:A:8-103	0	8	0	0	0	14	9	0	0	96
gi|70607057|ref|YP_255927.1|_1-209_1XKQ:A:	3	7	5	10	0	27	12	14	0	272
gi|70607058|ref|YP_255928.1|_1-227_1YIX:A:1-265	1	8	6	9	0	29	14	18	0	265
gi|70607060|ref|YP_255930.1|_4-216_1VPL:A:	2	10	2	9	0	18	9	15	0	238
gi|70607062|ref|YP_255932.1|_22-167_1RCU:A:	2	7	2	6	0	17	11	12	0	170
gi|70607063|ref|YP_255933.1|_2-145_1M0S:A:1-126,A:199-219	2	9	4	4	0	17	10	8	1	147
gi|70607063|ref|YP_255933.1|_127-203_1LK5:A:131-210	2	5	2	2	0	11	7	5	0	80
gi|70607065|ref|YP_255935.1|_7-289_1NVM:A:2-290	10	8	3	11	0	35	15	21	0	289
gi|70607065|ref|YP_255935.1|_391-467_1RI7:A:85-170	0	4	0	2	0	8	5	5	0	86
gi|70607067|ref|YP_255937.1|_4-225_2BRX:A:1-225	5	7	1	10	0	28	11	9	0	225
gi|70607069|ref|YP_255939.1|_7-262_1O5I:A:	4	7	4	9	0	23	14	14	0	234
gi|70607071|ref|YP_255941.1|_91-294_1J8M:F:87-297	0	8	2	7	0	21	10	12	0	206
gi|70607071|ref|YP_255941.1|_294-429_1QZX:A:295-432	1	0	1	8	0	13	11	7	0	138
gi|70607071|ref|YP_255941.1|_3-87_1QZX:A:1-87	0	0	0	5	0	8	3	4	0	87
gi|70607072|ref|YP_255942.1|_2-77_1BKB:A:4-74	0	6	1	0	0	7	3	5	0	71
gi|70607072|ref|YP_255942.1|_69-130_1IZ6:A:71-137	1	5	1	1	0	8	1	5	0	67
gi|70607073|ref|YP_255943.1|_75-385_1D3Y:A:	2	13	5	14	0	29	12	18	0	298
gi|70607074|ref|YP_255944.1|_308-470_1MU5:A:307-470	4	6	2	3	0	16	11	6	0	164
gi|70607074|ref|YP_255944.1|_14-227_1MU5:A:10-228	0	8	3	5	0	23	6	10	0	219
gi|70607074|ref|YP_255944.1|_230-302_1MU5:A:229-306	2	0	2	4	0	8	4	5	0	78
gi|70607075|ref|YP_255945.1|_3-310_1DHS:A:	2	9	3	16	0	28	17	24	0	361
gi|70607076|ref|YP_255946.1|_4-482_1UC2:A:	5	19	8	14	0	50	32	24	0	480
gi|70607078|ref|YP_255948.1|_34-356_2P6R:A:1-202	1	7	2	7	0	20	9	10	0	202
gi|70607079|ref|YP_255949.1|_4-88_1UDV:A:	0	4	1	2	0	8	3	2	0	88
gi|70607080|ref|YP_255950.1|_9-95_1H0X:A:	0	4	0	2	0	7	6	5	0	89
gi|70607084|ref|YP_255954.1|_125-264,323-449_2FWR:A:23-256	3	12	5	9	0	19	16	14	0	234
gi|70607086|ref|YP_255956.1|_2-103_1NZA:A:	0	4	0	3	0	6	5	3	0	103
gi|70607087|ref|YP_255957.1|_4-93_2F2A:C:3-94	1	2	1	3	0	9	4	5	0	92
gi|70607088|ref|YP_255958.1|_4-466_2GI3:A:1-475	12	11	5	13	0	42	26	30	0	475
gi|70607089|ref|YP_255959.1|_70-282_1OLT:A:	1	19	6	15	0	46	26	24	0	441
gi|70607090|ref|YP_255960.1|_29-158_3CTA:A:90-220	0	9	1	2	0	12	5	1	0	131
gi|70607091|ref|YP_255961.1|_3-79_2PMR:A:3-77	0	0	0	3	0	4	2	3	0	75
gi|70607091|ref|YP_255961.1|_85-217_1COZ:A:	1	5	2	5	0	12	6	10	0	126
gi|70607092|ref|YP_255962.1|_2-246_2DEK:A:1-265	7	12	5	10	0	28	14	14	0	265
gi|70607093|ref|YP_255963.1|_25-238_1SU1:A:	4	11	1	3	0	23	10	12	0	184
gi|70607094|ref|YP_255964.1|_68-159_1MP9:A:97-197	0	7	0	2	0	10	7	5	0	101
gi|70607094|ref|YP_255964.1|_4-65_1MP9:A:5-96	1	4	0	2	0	9	5	5	0	92
gi|70607098|ref|YP_255968.1|_7-72_2EY4:C:1-73	2	6	0	0	0	12	4	5	0	73
gi|70607099|ref|YP_255969.1|_198-289_1AIS:B:1206-1300	0	0	1	5	0	7	1	6	0	95
gi|70607099|ref|YP_255969.1|_101-190_1AIS:B:1108-1205	0	0	0	5	0	7	1	6	0	98
gi|70607099|ref|YP_255969.1|_1-46_1PFT:A:	1	2	0	0	0	7	5	2	0	50
gi|70607100|ref|YP_255970.1|_15-83_2DK5:A:8-85	0	3	0	3	0	8	6	3	0	78
gi|70607101|ref|YP_255971.1|_4-374_2DUL:A:3-377	4	17	1	14	0	30	24	14	0	375
gi|70607102|ref|YP_255972.1|_126-176_1B0N:A:1-68	0	0	0	5	0	8	1	5	0	68
gi|70607104|ref|YP_255974.1|_8-230_1FBN:A:	0	12	2	5	0	21	11	16	0	230
gi|70607105|ref|YP_255975.1|_133-375_1NT2:B:	2	2	1	13	0	18	14	11	0	256
gi|70607107|ref|YP_255977.1|_88-435_1ZQ1:A:76-438	7	18	3	9	0	43	30	20	0	363
gi|70607107|ref|YP_255977.1|_5-73_1ZQ1:A:2-75	0	6	1	1	0	8	3	4	0	74
gi|70607108|ref|YP_255978.1|_10-279,415-465_1ZQ1:C:5-276,C:408-456	8	19	2	5	0	39	18	18	1	321
gi|70607108|ref|YP_255978.1|_293-416_1ZQ1:C:277-407	2	7	2	4	0	15	7	8	0	131
gi|70607108|ref|YP_255978.1|_492-635_1NG6:A:	0	0	2	7	0	8	4	5	0	148
gi|70607111|ref|YP_255981.1|_197-338,373-681,713-790_1PEQ:A:175-699	5	17	4	21	0	59	31	26	0	525
gi|70607111|ref|YP_255981.1|_18-194_1RLR:A:10-221	2	1	1	11	0	20	13	16	0	212
gi|70607113|ref|YP_255983.1|_9-404_1VPE:A:	3	17	8	14	0	45	29	26	0	398
gi|70607114|ref|YP_255984.1|_141-303_1B7G:O:139-300	0	8	2	4	0	17	12	10	0	162
gi|70607114|ref|YP_255984.1|_4-159_1B7G:O:1-138,O:301-340	1	7	2	8	0	21	10	11	1	178
gi|70607115|ref|YP_255985.1|_12-135_1WJG:A:	0	5	1	4	0	15	7	4	0	135
gi|70607116|ref|YP_255986.1|_17-418_1DFO:A:	3	15	4	16	0	43	24	23	0	416
gi|70607117|ref|YP_255987.1|_7-126,241-396_1HW8:A:441-586,A:704-861	4	7	3	10	0	18	15	19	1	304
gi|70607117|ref|YP_255987.1|_129-243_1DQA:A:587-703	1	6	0	4	0	10	6	5	0	117
gi|70607118|ref|YP_255988.1|_16-116_2GNR:A:8-144	1	11	1	2	0	19	6	6	0	137
gi|70607119|ref|YP_255989.1|_3-225_1UB7:A:2-173	1	9	1	6	0	18	10	11	0	172
gi|70607119|ref|YP_255989.1|_252-334_1WDK:C:264-391	2	4	3	5	0	10	4	7	0	128
gi|70607120|ref|YP_255990.1|_172-345_1TVZ:A:168-388	0	10	4	6	0	22	9	13	0	221
gi|70607120|ref|YP_255990.1|_4-167_1HNJ:A:1-174	1	8	2	7	0	21	11	7	0	174
gi|70607121|ref|YP_255991.1|_15-128_1TLU:A:	0	6	1	3	0	9	4	7	0	117
gi|70607124|ref|YP_255994.1|_6-198_1PU6:A:	0	0	1	13	0	15	13	13	0	217
gi|70607125|ref|YP_255995.1|_99-283_1YGY:A:99-282	3	7	2	7	0	24	14	12	0	184
gi|70607125|ref|YP_255995.1|_22-119_1YGY:A:3-98,A:283-316	4	5	2	4	0	19	10	9	1	130
gi|70607126|ref|YP_255996.1|_2-341_1VJO:A:	2	14	3	12	0	43	22	18	0	377
gi|70607127|ref|YP_255997.1|_6-86_1I50:F:	2	2	0	2	0	11	8	4	0	84
gi|70607128|ref|YP_255998.1|_10-582_1MW9:X:	5	17	5	18	0	50	23	23	0	591
gi|70607129|ref|YP_255999.1|_101-371_1OZ4:A:471-763	2	0	3	7	0	31	24	19	0	292
gi|70607129|ref|YP_255999.1|_7-85_1WFD:A:	0	0	0	3	0	7	3	3	0	92
gi|70607130|ref|YP_256000.1|_211-258_1MKM:A:1-75	1	2	0	4	0	9	3	5	0	75
gi|70607133|ref|YP_256003.1|_137-403_1PDZ:A:140-433	7	11	4	9	0	40	19	15	0	294
gi|70607133|ref|YP_256003.1|_6-134_1IYX:A:1-136	2	3	1	5	0	14	8	10	0	136
gi|70607136|ref|YP_256006.1|_23-83_1JHF:A:73-198	1	9	3	0	0	16	8	10	0	126
gi|70607137|ref|YP_256007.1|_34-482_1WYU:B:2-472	8	12	4	15	0	59	32	31	0	473
gi|70607138|ref|YP_256008.1|_10-447_1WYU:A:1-437	7	13	8	13	0	46	28	24	0	437
gi|70607139|ref|YP_256009.1|_4-265_1WOS:A:1-278	6	13	6	8	0	26	15	23	0	278
gi|70607139|ref|YP_256009.1|_257-349_1V5V:A:313-401	0	6	1	0	0	10	6	7	0	89
gi|70607140|ref|YP_256010.1|_11-132_1ONL:A:	3	9	1	4	0	17	7	8	0	127
gi|70607141|ref|YP_256011.1|_5-235_2P90:A:6-274	3	11	3	8	0	25	11	7	0	269
gi|70607142|ref|YP_256012.1|_46-123_1WGV:A:	5	7	1	0	0	20	16	5	0	123
gi|70607143|ref|YP_256013.1|_22-64_1UB4:C:	2	4	0	2	0	9	0	6	0	75
gi|70607144|ref|YP_256014.1|_3-230_1G6H:A:	2	11	5	9	0	21	16	17	0	254
gi|70607145|ref|YP_256015.1|_42-473_1VH4:A:	0	20	1	8	0	48	17	22	0	413
gi|70607146|ref|YP_256016.1|_15-381_1VH4:A:	0	20	1	8	0	48	17	22	0	413
gi|70607147|ref|YP_256017.1|_1-41_1Q5V:A:1-48	0	1	0	2	0	4	1	1	0	48
gi|70607148|ref|YP_256018.1|_1-168_1RJW:A:1-137,A:306-339	5	11	3	3	0	24	12	10	1	171
gi|70607148|ref|YP_256018.1|_137-298_1QOR:A:113-291	2	6	1	8	0	15	10	12	0	179
gi|70607149|ref|YP_256019.1|_100-199,247-495_1IQ0:A:97-466	4	12	1	13	0	34	19	20	0	370
gi|70607149|ref|YP_256019.1|_497-618_1BS2:A:484-607	0	0	1	6	0	8	5	7	0	124
gi|70607149|ref|YP_256019.1|_1-96_1BS2:A:5-135	1	3	3	5	0	12	3	7	0	131
gi|70607154|ref|YP_256024.1|_14-142,411-530_1A6D:B:20-144,B:404-521	0	8	0	10	0	16	4	15	1	243
gi|70607154|ref|YP_256024.1|_218-384_1Q3Q:A:217-369	3	9	2	3	0	18	15	4	0	153
gi|70607154|ref|YP_256024.1|_153-222,374-409_1A6D:B:145-215,B:368-403	0	5	3	3	0	7	6	2	1	107
gi|70607158|ref|YP_256028.1|_30-93_1SFX:A:	1	2	0	5	0	7	3	4	0	108
gi|70607159|ref|YP_256029.1|_69-186_2QV7:A:1-312	2	15	3	6	0	32	21	19	0	312
gi|70607160|ref|YP_256030.1|_95-205_2P8T:A:83-199	2	5	2	4	0	12	5	8	0	117
gi|70607160|ref|YP_256030.1|_27-89_2P8T:A:14-82	1	2	0	4	0	6	2	4	0	69
gi|70607161|ref|YP_256031.1|_2-305_1PVV:A:151-313	4	5	1	7	0	19	9	11	0	163
gi|70607163|ref|YP_256033.1|_1-183_2ANU:A:5-233	1	10	1	7	0	23	14	11	0	229
gi|70607164|ref|YP_256034.1|_5-178_2GZ1:A:2-127,A:330-357	1	7	2	4	0	19	10	9	1	152
gi|70607164|ref|YP_256034.1|_149-332_2GZ1:A:128-329	7	6	3	5	0	24	11	11	0	202
gi|70607165|ref|YP_256035.1|_3-288_2HMF:A:2-303	2	12	2	10	0	29	13	19	0	302
gi|70607165|ref|YP_256035.1|_297-371_2HMF:A:304-403	0	4	0	2	0	10	4	3	0	100
gi|70607166|ref|YP_256036.1|_2-377_1V7C:A:	3	11	6	14	0	34	24	19	0	351
gi|70607167|ref|YP_256037.1|_3-313_2IDB:A:6-325	4	18	4	7	0	42	27	14	0	320
gi|70607167|ref|YP_256037.1|_314-474_2IDB:A:326-491	3	6	2	5	0	14	10	10	0	166
gi|70607170|ref|YP_256040.1|_13-375_1H6Z:A:1-405	3	9	4	17	0	39	28	18	0	405
gi|70607170|ref|YP_256040.1|_478-781_1KBL:A:510-873	0	9	4	18	0	33	20	15	0	364
gi|70607170|ref|YP_256040.1|_344-458_1ZYM:A:3-21,A:145-249	1	6	3	4	0	20	9	4	1	124
gi|70607171|ref|YP_256041.1|_50-91_1HYI:A:	0	4	0	1	0	11	5	3	0	65
gi|70607172|ref|YP_256042.1|_2-185,298-355_1GR0:A:14-200,A:312-367	6	9	1	9	0	28	17	15	1	243
gi|70607172|ref|YP_256042.1|_189-300_1GR0:A:201-311	0	5	2	2	0	6	3	3	0	111
gi|70607173|ref|YP_256043.1|_3-90_1ULR:A:	0	5	0	2	0	10	5	3	0	87
gi|70607174|ref|YP_256044.1|_24-414_1V8Z:A:1-386	8	14	4	15	0	30	22	23	0	386
gi|70607175|ref|YP_256045.1|_2-242_1GEQ:A:	1	8	3	11	0	24	9	11	0	248
gi|70607176|ref|YP_256046.1|_68-329_1O17:A:71-343	5	7	5	11	0	22	16	13	0	273
gi|70607176|ref|YP_256046.1|_5-64_1O17:A:1-70	0	0	0	4	0	6	2	2	0	70
gi|70607177|ref|YP_256047.1|_3-193_1NSJ:A:	1	10	4	7	0	20	17	10	0	205
gi|70607178|ref|YP_256048.1|_8-430_1QDL:A:	4	22	4	9	0	41	30	16	0	422
gi|70607179|ref|YP_256049.1|_2-188_1QDL:B:	1	9	0	6	0	17	14	12	0	195
gi|70607180|ref|YP_256050.1|_29-243_1A53:A:	4	8	1	11	0	28	15	13	0	247
gi|70607181|ref|YP_256051.1|_29-396_1O4S:A:	2	12	4	14	0	38	16	21	0	375
gi|70607182|ref|YP_256052.1|_30-222,371-609_1GAX:A:1-189,A:343-578	8	19	6	13	0	45	23	23	1	425
gi|70607182|ref|YP_256052.1|_220-370_1GAX:A:190-342	5	8	2	2	0	23	11	10	0	153
gi|70607182|ref|YP_256052.1|_616-822_1IVS:A:579-796	2	4	1	9	0	16	9	7	0	218
gi|70607188|ref|YP_256058.1|_144-485,514-590_1BF2:A:163-637	16	8	8	13	0	66	39	35	0	475
gi|70607188|ref|YP_256058.1|_8-156_1BF2:A:1-162	5	8	1	1	0	27	16	13	0	162
gi|70607188|ref|YP_256058.1|_604-708_1BF2:A:638-750	2	8	2	1	0	19	9	8	0	113
gi|70607189|ref|YP_256059.1|_98-486_1EH9:A:91-490	2	10	6	13	0	47	36	20	0	400
gi|70607189|ref|YP_256059.1|_4-89_1EH9:A:1-90	2	8	0	0	0	21	10	5	0	90
gi|70607194|ref|YP_256064.1|_52-208_1IQP:A:2-232	0	7	4	13	0	20	11	14	0	231
gi|70607195|ref|YP_256065.1|_25-65_1YFB:A:3-53	0	4	0	1	0	7	0	4	0	52
gi|70607199|ref|YP_256069.1|_62-256_1RIQ:A:1-236	0	11	4	7	0	22	14	13	0	236
gi|70607199|ref|YP_256069.1|_594-755_1V7O:A:	2	7	3	3	0	17	7	6	0	155
gi|70607199|ref|YP_256069.1|_301-483_1RIQ:A:237-457	0	2	1	9	0	13	8	12	0	217
gi|70607199|ref|YP_256069.1|_506-593_2E1B:A:1-87	2	5	1	0	0	15	8	5	0	87
gi|70607201|ref|YP_256071.1|_12-141_1ZAV:A:1-177	0	5	2	6	0	12	5	9	0	177
gi|162139946|ref|YP_256072.2|_8-219_1MZP:A:	0	10	3	8	0	22	12	10	0	216
gi|70607203|ref|YP_256073.1|_3-82_1MMS:A:8-70	0	3	0	2	0	6	3	5	0	63
gi|70607203|ref|YP_256073.1|_66-138_1MMS:A:71-140	0	2	1	3	0	7	4	3	0	70
gi|70607204|ref|YP_256074.1|_58-151_1NZ9:A:	0	5	2	0	0	7	3	3	0	58
gi|70607205|ref|YP_256075.1|_12-63_1RHZ:B:	0	0	0	2	0	3	1	2	0	65
gi|70607206|ref|YP_256076.1|_7-207_1VMA:A:82-294	0	8	4	7	0	22	9	10	0	213
gi|70607207|ref|YP_256077.1|_7-142_1FXK:A:	0	2	0	2	0	5	1	3	0	107
gi|70607208|ref|YP_256078.1|_2-80_2JXT:A:1-78	0	3	2	2	0	5	2	3	0	78
gi|70607209|ref|YP_256079.1|_4-222_1G61:A:	8	15	2	8	0	31	12	14	0	225
gi|70607212|ref|YP_256082.1|_5-89_1EIJ:A:	0	0	0	4	0	7	4	2	0	72
gi|70607213|ref|YP_256083.1|_2-152_2V7F:A:2-150	1	2	2	6	0	12	6	6	0	149
gi|70607214|ref|YP_256084.1|_113-388_2I14:A:111-389	6	12	4	10	0	30	15	15	0	279
gi|70607214|ref|YP_256084.1|_2-115_2I14:A:1-110	1	5	2	5	0	12	7	5	0	110
gi|70607215|ref|YP_256085.1|_128-294_1VCT:A:9-107	0	0	0	3	0	4	1	2	0	99
gi|70607216|ref|YP_256086.1|_1-327_2HA9:A:1-440	1	12	2	15	0	35	21	21	0	440
gi|70607217|ref|YP_256087.1|_1-130_1JX7:A:	2	5	1	4	0	14	5	7	0	116
gi|70607218|ref|YP_256088.1|_6-68_1PAV:A:	3	3	0	2	0	12	6	4	0	78
gi|70607219|ref|YP_256089.1|_14-290_1WKV:A:2-383	5	15	6	15	0	39	20	22	0	382
gi|70607221|ref|YP_256091.1|_17-187_1H8F:A:	1	11	7	11	0	40	25	18	0	352
gi|70607223|ref|YP_256093.1|_3-297_1TV8:A:	4	11	4	10	0	39	20	20	0	327
gi|70607224|ref|YP_256094.1|_118-358_1PV9:A:125-345	6	13	2	4	0	27	12	10	0	221
gi|70607224|ref|YP_256094.1|_2-135_1PV9:A:8-124	1	6	1	6	0	11	7	7	0	117
gi|70607225|ref|YP_256095.1|_4-201_1WUR:A:32-216	0	7	2	8	0	16	8	8	0	185
gi|70607226|ref|YP_256096.1|_68-284_2NXO:A:5-281	2	10	3	12	0	20	18	12	0	277
gi|70607226|ref|YP_256096.1|_4-56_1RI7:A:25-84	0	0	1	3	0	5	3	3	0	60
gi|70607227|ref|YP_256097.1|_107-472_1HTQ:A:101-468	9	10	3	11	0	42	27	21	0	374
gi|70607227|ref|YP_256097.1|_10-102_1HTQ:A:1-100	2	5	1	2	0	15	6	3	0	100
gi|70607228|ref|YP_256098.1|_25-200_2ONK:A:1-240	2	9	2	9	0	23	17	15	0	240
gi|70607229|ref|YP_256099.1|_8-139_1DBY:A:	0	5	0	4	0	12	4	5	0	106
gi|70607230|ref|YP_256100.1|_61-132_1S4E:A:5-180	3	6	1	4	0	16	7	10	0	176
gi|70607231|ref|YP_256101.1|_4-58,133-348_1IXK:A:	0	13	5	10	0	28	19	14	0	313
gi|70607231|ref|YP_256101.1|_84-143_2AS0:A:1-72	0	6	1	1	0	9	3	5	0	72
gi|70607232|ref|YP_256102.1|_4-167_1V3W:A:	4	20	0	1	0	34	5	15	0	173
gi|70607233|ref|YP_256103.1|_23-285_1TV8:A:	4	11	4	10	0	39	20	20	0	327
gi|70607234|ref|YP_256104.1|_15-281_1A0P:A:111-292	4	3	3	8	0	17	7	7	0	182
gi|70607235|ref|YP_256105.1|_1-91,163-227_1NHP:A:120-242	2	8	0	3	0	12	10	6	0	123
gi|70607236|ref|YP_256106.1|_18-215_2CZL:A:3-272	1	11	4	12	0	28	19	11	0	270
gi|70607238|ref|YP_256108.1|_71-381_1G6O:A:	2	13	3	9	0	31	22	19	0	323
gi|70607241|ref|YP_256111.1|_21-220_2ABK:A:	0	0	3	10	0	19	15	10	0	211
gi|70607242|ref|YP_256112.1|_5-197_1VK1:A:	2	17	2	7	0	26	14	11	0	232
gi|70607243|ref|YP_256113.1|_40-307_1XHB:A:95-422	1	12	5	11	0	35	18	17	0	328
gi|70607244|ref|YP_256114.1|_41-217,244-381_1FUK:A:	0	7	3	4	0	16	14	7	0	162
gi|70607245|ref|YP_256115.1|_28-72_1OI0:A:	0	9	0	2	0	14	8	5	0	121
gi|70607246|ref|YP_256116.1|_169-293_2EF7:A:1-127	5	7	2	4	0	12	7	10	0	127
gi|70607246|ref|YP_256116.1|_4-75_1STZ:A:14-100	2	2	0	4	0	11	7	2	0	87
gi|70607250|ref|YP_256120.1|_1-145_1TT7:A:2-127,A:295-330	3	11	2	3	0	21	16	11	1	162
gi|70607251|ref|YP_256121.1|_4-397_1X0M:A:26-428	2	14	5	14	0	43	21	17	0	403
gi|70607252|ref|YP_256122.1|_4-206_1T3E:A:499-653	2	9	0	5	0	17	9	9	0	155
gi|70607253|ref|YP_256123.1|_337-540_1PYS:B:475-681	0	12	2	5	0	19	14	9	0	207
gi|70607253|ref|YP_256123.1|_272-343_1PYS:B:400-474	0	3	1	3	0	9	3	4	0	75
gi|70607253|ref|YP_256123.1|_14-74_1PYS:B:1-38,B:152-190	0	3	1	3	0	8	2	5	1	77
gi|70607254|ref|YP_256124.1|_199-462_1PYS:A:	5	10	3	7	0	28	12	12	0	266
gi|70607254|ref|YP_256124.1|_2-71_2FXA:A:6-167	0	3	2	8	0	10	4	7	0	162
gi|70607255|ref|YP_256125.1|_19-196_1VJN:A:	2	14	1	3	0	24	15	9	0	219
gi|70607256|ref|YP_256126.1|_4-200,274-298_1XGS:A:1-194,A:272-295	7	13	0	4	0	29	8	16	1	218
gi|70607256|ref|YP_256126.1|_197-274_1XGS:A:195-271	0	3	1	2	0	4	6	4	0	77
gi|70607259|ref|YP_256129.1|_1-397_2HEK:A:1-369	2	9	4	20	0	25	19	23	0	369
gi|70607260|ref|YP_256130.1|_1-221_1L6R:A:	4	11	5	9	0	25	15	14	0	226
gi|70607261|ref|YP_256131.1|_100-415_1GTR:A:8-338	6	9	4	12	0	35	20	18	0	331
gi|70607261|ref|YP_256131.1|_409-561_1GTR:A:339-547	3	18	5	0	0	26	16	8	0	209
gi|70607262|ref|YP_256132.1|_6-121_1PXW:A:	0	4	3	5	0	12	11	7	0	128
gi|70607263|ref|YP_256133.1|_11-464_1PV7:A:	0	0	2	22	0	18	12	14	0	417
gi|70607264|ref|YP_256134.1|_455-539_2D1H:A:1-109	0	3	1	5	0	8	2	5	0	109
gi|70607264|ref|YP_256134.1|_189-449_1H65:A:	3	11	4	7	0	28	14	12	0	269
gi|70607266|ref|YP_256136.1|_2-46_1RP3:A:164-234	0	0	0	4	0	4	3	3	0	71
gi|70607273|ref|YP_256143.1|_5-219_1VPL:A:	2	10	2	9	0	18	9	15	0	238
gi|70607274|ref|YP_256144.1|_450-861_1S5J:A:450-864	3	8	0	12	0	26	18	18	0	415
gi|70607274|ref|YP_256144.1|_40-445_1S5J:A:40-449	1	18	1	15	0	36	26	27	0	410
gi|70607276|ref|YP_256146.1|_10-151_1L3I:A:	1	8	1	6	0	16	9	11	0	186
gi|70607279|ref|YP_256149.1|_4-227_1ZT2:B:3-209	0	4	3	10	0	17	8	10	0	207
gi|70607280|ref|YP_256150.1|_2-138,173-384_1RQG:A:1-138,A:174-396	15	13	4	15	0	37	14	21	1	361
gi|70607280|ref|YP_256150.1|_385-544_1RQG:A:397-606	2	0	1	10	0	14	6	10	0	210
gi|70607280|ref|YP_256150.1|_139-173_1RQG:A:139-173	3	0	0	0	0	8	6	2	0	35
gi|70607282|ref|YP_256152.1|_4-99_2D00:A:6-109	0	4	1	4	0	9	7	3	0	104
gi|70607283|ref|YP_256153.1|_82-191_2DM9:A:81-198	0	4	0	6	0	9	3	5	0	118
gi|70607284|ref|YP_256154.1|_180-443_1SKY:E:83-356	6	11	4	9	0	36	19	17	0	274
gi|70607284|ref|YP_256154.1|_450-533_1SKY:E:357-470	2	0	1	5	0	7	5	6	0	114
gi|70607284|ref|YP_256154.1|_3-72_1MAB:A:10-94	6	5	0	0	0	14	8	9	0	86
gi|70607285|ref|YP_256155.1|_69-344_1FX0:A:97-372	7	8	6	5	0	32	23	17	0	276
gi|70607285|ref|YP_256155.1|_353-408_1FX0:B:378-485	0	0	2	3	0	10	7	7	0	108
gi|70607288|ref|YP_256158.1|_35-99_1C99:A:	0	0	1	2	0	2	1	1	0	79
gi|70607289|ref|YP_256159.1|_9-277_1NJ8:A:0-267	9	12	1	7	0	30	16	15	0	267
gi|70607289|ref|YP_256159.1|_279-405_1NJ8:A:268-393	1	5	0	4	0	11	8	7	0	126
gi|70607289|ref|YP_256159.1|_409-483_1NJ1:A:411-481	3	4	0	2	0	11	4	2	0	71
gi|70607291|ref|YP_256161.1|_58-304_1ZNN:A:18-271	0	8	3	10	0	24	18	11	0	254
gi|70607292|ref|YP_256162.1|_2-198_1Q7R:A:	0	12	3	6	0	17	7	9	0	218
gi|70607293|ref|YP_256163.1|_128-429_1HQC:A:5-242	0	7	0	8	0	28	17	13	0	238
gi|70607294|ref|YP_256164.1|_9-134_1HH1:A:	1	9	1	3	0	16	6	5	0	132
gi|70607295|ref|YP_256165.1|_3-183_1NP3:A:1-182	0	9	2	9	0	24	9	11	0	182
gi|70607295|ref|YP_256165.1|_184-325_1NP3:A:183-327	0	0	0	9	0	5	4	7	0	145
gi|70607297|ref|YP_256167.1|_371-565_1N0H:A:461-687	4	6	2	9	0	27	15	11	0	227
gi|70607297|ref|YP_256167.1|_2-182_1YBH:A:86-280	0	8	4	9	0	19	7	8	0	195
gi|70607297|ref|YP_256167.1|_157-363_1JSC:A:280-460	0	6	4	7	0	16	17	10	0	181
gi|70607298|ref|YP_256168.1|_1-129_1U7P:A:	2	8	2	5	0	21	9	9	0	164
gi|70607299|ref|YP_256169.1|_2-171_1PUJ:A:	2	6	3	10	0	26	16	16	0	273
gi|70607303|ref|YP_256173.1|_3-116_1EL5:A:1-217,A:322-385	0	16	6	7	0	31	12	17	1	281
gi|70607304|ref|YP_256174.1|_9-119_1TLU:A:	0	6	1	3	0	9	4	7	0	117
gi|70607305|ref|YP_256175.1|_13-102_3BPD:A:1-91	0	4	0	2	0	7	6	3	0	89
gi|70607306|ref|YP_256176.1|_26-256_1WY5:A:1-216	0	6	1	10	0	20	9	10	0	216
gi|70607307|ref|YP_256177.1|_1-172_1NOG:A:	2	0	0	5	0	10	6	3	0	149
gi|70607308|ref|YP_256178.1|_2-143,373-617_1H3N:A:1-225,A:418-686	9	23	6	18	0	52	29	25	1	494
gi|70607308|ref|YP_256178.1|_159-283,331-371_1FFY:A:201-394	6	3	3	4	0	27	16	12	0	194
gi|70607308|ref|YP_256178.1|_629-795_1IVS:A:579-796	2	4	1	9	0	16	9	7	0	218
gi|70607309|ref|YP_256179.1|_132-187_1Q1H:A:	1	2	0	5	0	10	5	6	0	88
gi|70607310|ref|YP_256180.1|_18-356_1FG7:A:	0	13	5	12	0	36	22	23	0	354
gi|70607311|ref|YP_256181.1|_1-210_1NH8:A:1-210	0	11	2	7	0	17	12	12	0	210
gi|70607311|ref|YP_256181.1|_213-284_1H3D:A:225-299	2	3	0	3	0	10	5	2	0	75
gi|70607312|ref|YP_256182.1|_1-220_1VZW:A:2-240	3	10	2	11	0	20	11	10	0	239
gi|70607313|ref|YP_256183.1|_88-180_2F1D:A:96-192	3	6	0	2	0	8	4	4	0	97
gi|70607313|ref|YP_256183.1|_4-87_1RHY:A:2-93	0	4	0	2	0	10	4	4	0	92
gi|70607314|ref|YP_256184.1|_1-248_1THF:D:	0	11	2	10	0	24	18	15	0	253
gi|70607315|ref|YP_256185.1|_12-364_1K75:A:	1	14	4	16	0	38	24	17	0	431
gi|70607316|ref|YP_256186.1|_4-93_1YVW:A:4-95	0	0	0	5	0	6	2	3	0	92
gi|70607317|ref|YP_256187.1|_3-196_1K9V:F:	1	12	2	5	0	17	14	9	0	200
gi|70607318|ref|YP_256188.1|_17-120_1ZPS:A:8-131	3	8	1	1	0	13	9	7	0	124
gi|70607319|ref|YP_256189.1|_8-103_1UWD:A:	2	3	1	3	0	14	7	6	0	102
gi|70607320|ref|YP_256190.1|_162-437_1SET:A:111-421	3	16	5	9	0	33	20	19	0	311
gi|70607320|ref|YP_256190.1|_7-113_1SET:A:1-110	0	0	1	4	0	6	1	3	0	110
gi|70607321|ref|YP_256191.1|_204-438_1R30:A:	5	9	1	11	0	35	25	12	0	312
gi|70607324|ref|YP_256194.1|_69-152_1RI7:A:85-170	0	4	0	2	0	8	5	5	0	86
gi|70607324|ref|YP_256194.1|_9-69_2CFX:A:1-63	0	1	1	3	0	6	2	4	0	63
gi|70607328|ref|YP_256198.1|_3-280_1EP3:A:	4	16	5	10	0	37	26	20	0	311
gi|70607329|ref|YP_256199.1|_48-318_1XRT:A:56-365	5	7	4	10	0	31	14	12	0	310
gi|70607329|ref|YP_256199.1|_269-285,319-379_1XRT:A:1-55,A:366-422	1	10	1	0	0	12	7	7	1	112
gi|70607331|ref|YP_256201.1|_7-104_1PG5:B:11-104	0	5	0	2	0	8	2	7	0	94
gi|70607331|ref|YP_256201.1|_106-158_1PG5:B:105-160	1	4	1	1	0	6	4	6	0	56
gi|70607332|ref|YP_256202.1|_1-298_1PG5:A:147-299	3	5	6	5	0	20	14	7	0	153
gi|70607333|ref|YP_256203.1|_6-192_2AEE:A:1-208	0	10	2	7	0	22	10	10	0	208
gi|70607334|ref|YP_256204.1|_3-207_2CZD:A:1-206	0	8	3	10	0	18	13	10	0	206
gi|70607336|ref|YP_256206.1|_130-330_1T72:A:	0	0	1	7	0	8	2	5	0	226
gi|70607339|ref|YP_256209.1|_3-184_1TLJ:A:	0	8	1	5	0	15	10	8	0	189
gi|70607340|ref|YP_256210.1|_27-192_1TV8:A:	4	11	4	10	0	39	20	20	0	327
gi|70607341|ref|YP_256211.1|_149-320_1UDX:A:157-336	0	7	2	6	0	22	13	8	0	180
gi|70607342|ref|YP_256212.1|_3-112_1PYB:A:	1	8	0	2	0	16	10	6	0	107
gi|70607343|ref|YP_256213.1|_4-233_1KUT:A:	2	11	2	6	0	20	6	12	0	224
gi|70607344|ref|YP_256214.1|_6-85_1VQ3:A:	0	3	0	2	0	6	3	4	0	93
gi|70607345|ref|YP_256215.1|_24-184_1VK3:A:2-166	1	5	1	7	0	13	8	10	0	165
gi|70607345|ref|YP_256215.1|_189-399_1VK3:A:167-345	2	7	3	5	0	16	10	7	0	179
gi|70607345|ref|YP_256215.1|_374-535_1VK3:A:346-507	1	8	2	4	0	17	5	8	0	162
gi|70607345|ref|YP_256215.1|_542-691_1VK3:A:167-345	2	7	3	5	0	16	10	7	0	179
gi|70607346|ref|YP_256216.1|_224-431_1GPH:1:235-465	2	10	2	10	0	29	15	13	0	231
gi|70607346|ref|YP_256216.1|_9-211_1GPH:1:1-234	3	13	2	6	0	27	14	15	0	234
gi|70607347|ref|YP_256217.1|_198-402_1GPH:1:235-465	2	10	2	10	0	29	15	13	0	231
gi|70607347|ref|YP_256217.1|_3-204_1GPH:1:1-234	3	13	2	6	0	27	14	15	0	234
gi|70607348|ref|YP_256218.1|_110-331_1GSO:A:104-327	3	9	1	7	0	21	8	11	0	224
gi|70607348|ref|YP_256218.1|_2-108_1GSO:A:2-103	3	6	0	2	0	11	7	5	0	99
gi|70607348|ref|YP_256218.1|_346-441_1VKZ:A:314-399	4	5	0	1	0	11	6	4	0	86
gi|70607349|ref|YP_256219.1|_155-309_1CLI:A:171-345	2	6	3	7	0	19	8	10	0	175
gi|70607349|ref|YP_256219.1|_4-151_1CLI:A:5-170	0	6	2	5	0	15	7	12	0	166
gi|70607351|ref|YP_256221.1|_4-45_2CPG:A:	0	1	0	2	0	3	0	1	0	43
gi|70607352|ref|YP_256222.1|_168-386_1KOR:A:171-395	0	9	2	5	0	20	9	10	0	225
gi|70607352|ref|YP_256222.1|_1-201_1KOR:A:1-165	2	5	1	7	0	16	7	11	0	165
gi|70607353|ref|YP_256223.1|_6-418_1TJ7:A:	4	4	6	20	0	37	14	25	0	455
gi|70607354|ref|YP_256224.1|_157-368_1A9X:B:1653-1880	4	10	1	6	0	22	14	15	0	228
gi|70607354|ref|YP_256224.1|_9-156_1A9X:B:1502-1652	4	7	2	4	0	22	12	6	0	151
gi|70607355|ref|YP_256225.1|_127-397_1A9X:A:128-402	4	11	3	7	0	30	24	12	0	275
gi|70607355|ref|YP_256225.1|_669-926_1A9X:A:677-935	1	11	2	8	0	28	16	9	0	259
gi|70607355|ref|YP_256225.1|_392-548_1A9X:A:403-555	3	2	1	7	0	15	8	10	0	153
gi|70607355|ref|YP_256225.1|_2-124_1A9X:A:1-127	2	5	2	5	0	17	8	6	0	127
gi|70607355|ref|YP_256225.1|_553-671_1A9X:A:556-676	3	4	0	6	0	13	10	8	0	121
gi|70607356|ref|YP_256226.1|_85-276_1UC8:A:89-280	2	8	0	6	0	15	6	8	0	192
gi|70607356|ref|YP_256226.1|_2-86_1UC8:A:1-88	2	5	2	3	0	9	3	4	0	88
gi|70607357|ref|YP_256227.1|_11-189_1KEY:A:	0	0	2	8	0	9	6	8	0	218
gi|70607358|ref|YP_256228.1|_2-186_1WDK:A:311-496	0	8	3	6	0	20	12	8	0	186
gi|70607358|ref|YP_256228.1|_189-269_1F0Y:A:204-302	3	0	1	5	0	8	3	5	0	99
gi|70607359|ref|YP_256229.1|_46-179_3BU7:A:19-373	6	23	3	6	0	51	21	21	0	355
gi|70607362|ref|YP_256232.1|_62-119_1TI6:B:196-274	0	8	0	0	0	7	3	5	0	79
gi|70607363|ref|YP_256233.1|_3-161_1VGG:A:	0	9	0	4	0	17	7	9	0	161
gi|70607364|ref|YP_256234.1|_34-112_2CWY:A:1-94	2	0	0	5	0	7	1	5	0	94
gi|70607366|ref|YP_256236.1|_50-313_1R30:A:	5	9	1	11	0	35	25	12	0	312
gi|70607367|ref|YP_256237.1|_1-256_2DUB:A:	2	10	4	11	0	25	14	14	0	259
gi|70607370|ref|YP_256240.1|_94-241_1EBF:A:151-340	1	5	3	7	0	18	12	11	0	190
gi|70607370|ref|YP_256240.1|_12-108_1VM6:A:1-96,A:183-214	0	7	1	5	0	14	8	8	1	128
gi|70607371|ref|YP_256241.1|_44-217_1PYS:B:191-399	2	13	1	5	0	21	8	12	0	209
gi|70607372|ref|YP_256242.1|_3-444_1VL4:A:	9	20	4	11	0	40	19	19	0	433
gi|70607373|ref|YP_256243.1|_8-414_1VL4:A:	9	20	4	11	0	40	19	19	0	433
gi|70607374|ref|YP_256244.1|_2-142_1WJG:A:	0	5	1	4	0	15	7	4	0	135
gi|70607375|ref|YP_256245.1|_2-175_1WQW:A:1-188	4	7	1	5	0	17	10	11	0	188
gi|70607376|ref|YP_256246.1|_5-211_1JCU:A:	0	10	0	6	0	31	23	6	0	208
gi|70607377|ref|YP_256247.1|_27-165_2FUG:6:15-175	2	4	2	5	0	17	14	7	0	161
gi|70607378|ref|YP_256248.1|_1-172,300-381_1VGY:A:2-180,A:294-376	6	13	2	7	0	28	17	16	1	262
gi|70607378|ref|YP_256248.1|_172-288_1CG2:A:214-326	3	6	2	2	0	12	8	5	0	113
gi|70607379|ref|YP_256249.1|_8-135_2FZF:A:10-167	2	0	1	5	0	10	10	5	0	158
gi|70607380|ref|YP_256250.1|_6-189,238-411,438-465_1PV7:A:	0	0	2	22	0	18	12	14	0	417
gi|70607381|ref|YP_256251.1|_3-66,137-319_1A3W:A:2-87,A:189-366	3	8	3	12	0	27	20	10	1	264
gi|70607381|ref|YP_256251.1|_300-440_1E0T:A:354-470	2	5	1	4	0	13	9	6	0	117
gi|70607381|ref|YP_256251.1|_62-147_1PKM:A:116-217	4	9	0	1	0	18	8	7	0	102
gi|70607384|ref|YP_256254.1|_16-179_1VLM:A:	2	8	2	8	0	22	11	13	0	218
gi|70607385|ref|YP_256255.1|_5-68_1RWS:A:	2	2	0	1	0	11	7	3	0	68
gi|70607387|ref|YP_256257.1|_1-49,93-244,291-348_1H7W:A:184-287,A:441-532	6	7	3	6	0	23	15	12	1	196
gi|70607388|ref|YP_256258.1|_7-165_1WY6:A:7-167	0	0	2	11	0	14	4	8	0	161
gi|70607390|ref|YP_256260.1|_111-230,313-436_2FWR:A:23-256	3	12	5	9	0	19	16	14	0	234
gi|70607391|ref|YP_256261.1|_1-61_1RI7:A:25-84	0	0	1	3	0	5	3	3	0	60
gi|70607391|ref|YP_256261.1|_132-181_1SFX:A:	1	2	0	5	0	7	3	4	0	108
gi|70607394|ref|YP_256264.1|_5-488_1K9X:A:	3	3	9	22	0	37	24	27	0	497
gi|70607395|ref|YP_256265.1|_608-784_1IWG:A:513-566,A:869-1036	2	0	1	11	0	13	7	10	1	222
gi|70607395|ref|YP_256265.1|_944-1144_1IWG:A:7-37,A:331-498	0	0	1	8	0	9	7	9	1	199
gi|70607396|ref|YP_256266.1|_29-172_1VLM:A:	2	8	2	8	0	22	11	13	0	218
gi|70607397|ref|YP_256267.1|_80-142,177-310_1S9I:A:	1	7	3	12	0	30	21	11	0	334
gi|70607398|ref|YP_256268.1|_21-117_1SHS:A:	2	10	3	0	0	16	4	4	0	115
gi|70607400|ref|YP_256270.1|_46-70,114-283_2G40:A:38-212	0	10	3	4	0	18	8	9	0	175
gi|70607400|ref|YP_256270.1|_274-373_1NEK:B:107-238	0	0	0	8	0	16	6	9	0	132
gi|70607402|ref|YP_256272.1|_4-197_1PV7:A:	0	0	2	22	0	18	12	14	0	417
gi|70607402|ref|YP_256272.1|_215-437,507-531_1PV7:A:	0	0	2	22	0	18	12	14	0	417
gi|70607403|ref|YP_256273.1|_3-119_1S3J:A:	0	3	0	6	0	8	6	5	0	143
gi|70607405|ref|YP_256275.1|_1-155_1DUN:A:	1	11	0	1	0	20	5	7	0	120
gi|70607407|ref|YP_256277.1|_4-271_2GHS:A:20-314	5	25	1	1	0	33	15	22	0	295
gi|70607411|ref|YP_256281.1|_85-190_2PCS:A:1-147	0	7	2	3	0	6	4	5	0	146
gi|70607412|ref|YP_256282.1|_277-584_2HU7:A:322-581	1	8	2	10	0	27	14	15	0	260
gi|70607412|ref|YP_256282.1|_51-313_1K32:A:39-319	1	27	1	0	0	31	19	21	0	281
gi|70607421|ref|YP_256291.1|_1-170_1LLU:A:2-143,A:310-342	5	11	2	3	0	26	13	11	1	175
gi|70607421|ref|YP_256291.1|_141-304_1QOR:A:113-291	2	6	1	8	0	15	10	12	0	179
gi|70607422|ref|YP_256292.1|_1-309_1ITU:A:	8	9	6	14	0	41	19	23	0	369
gi|70607423|ref|YP_256293.1|_15-78_1CPZ:A:	0	4	0	2	0	6	4	5	0	68
gi|70607425|ref|YP_256295.1|_103-401_1O6Y:A:	1	11	3	8	0	24	14	12	0	276
gi|70607426|ref|YP_256296.1|_3-362_1PV7:A:	0	0	2	22	0	18	12	14	0	417
gi|70607428|ref|YP_256298.1|_8-228_1VPL:A:	2	10	2	9	0	18	9	15	0	238
gi|70607429|ref|YP_256299.1|_8-480_1BXS:A:	5	22	2	17	0	52	33	26	0	494
gi|70607431|ref|YP_256301.1|_1-270_1LVL:A:151-265	2	8	0	3	0	15	7	8	0	115
gi|70607432|ref|YP_256302.1|_16-317_1LVW:A:	1	14	3	11	0	29	22	21	0	294
gi|70607433|ref|YP_256303.1|_2-302_1BXK:A:	3	13	4	12	0	37	16	15	0	350
gi|70607434|ref|YP_256304.1|_1-277_1VL0:A:	5	12	1	11	0	29	19	11	0	291
gi|70607435|ref|YP_256305.1|_3-178_1WLT:A:1-176	4	13	2	2	0	19	9	11	0	176
gi|70607436|ref|YP_256306.1|_61-332_2ONS:A:32-342	2	16	6	11	0	30	14	23	0	311
gi|70607437|ref|YP_256307.1|_2-52,93-180,209-349_1EBD:A:7-154,A:272-346	4	13	2	5	0	24	15	13	1	223
gi|70607437|ref|YP_256307.1|_326-452_1DXL:A:348-470	2	5	1	5	0	12	7	7	0	123
gi|70607439|ref|YP_256309.1|_5-91_1SMT:A:	1	2	0	5	0	9	4	3	0	98
gi|70607440|ref|YP_256310.1|_4-447_1KPL:A:	5	0	5	18	0	23	12	15	0	430
gi|70607440|ref|YP_256310.1|_458-576_2YZI:A:4-135	6	6	2	4	0	14	9	11	0	132
gi|70607441|ref|YP_256311.1|_3-198_1SV6:A:	5	13	3	7	0	28	12	18	0	261
gi|70607442|ref|YP_256312.1|_6-244_1IVH:A:6-241	3	8	6	7	0	20	10	16	0	236
gi|70607442|ref|YP_256312.1|_230-388_2D29:A:235-387	1	2	3	5	0	4	4	6	0	153
gi|70607444|ref|YP_256314.1|_4-379_2GP4:A:1-418	5	7	4	13	0	30	17	20	0	418
gi|70607444|ref|YP_256314.1|_380-557_2GP4:A:419-608	2	8	8	5	0	22	17	12	0	190
gi|70607447|ref|YP_256317.1|_4-79,115-257_1DIN:A:	2	9	3	6	0	26	12	19	0	233
gi|70607449|ref|YP_256319.1|_1-216_1VPQ:A:	5	8	4	9	0	27	10	15	0	272
gi|70607450|ref|YP_256320.1|_5-129_1O1W:A:	0	7	1	3	0	19	15	6	0	137
gi|70607451|ref|YP_256321.1|_9-176_1EJE:A:	2	14	2	5	0	21	6	13	0	192
gi|70607453|ref|YP_256323.1|_376-462_1G9O:A:	2	6	0	2	0	13	4	8	0	90
gi|70607454|ref|YP_256324.1|_8-451_1PW4:A:	2	0	1	18	0	21	18	22	0	450
gi|70607455|ref|YP_256325.1|_8-320_1X74:A:2-360	0	12	4	14	1	37	25	27	0	359
gi|70607456|ref|YP_256326.1|_1-218_2IMH:A:1-229	2	10	1	7	0	18	12	15	0	222
gi|70607457|ref|YP_256327.1|_2-215_1QFL:A:269-392	2	4	3	4	0	10	4	5	0	124
gi|70607457|ref|YP_256327.1|_227-362_1WDK:C:264-391	2	4	3	5	0	10	4	7	0	128
gi|70607458|ref|YP_256328.1|_2-75_2GNR:A:8-144	1	11	1	2	0	19	6	6	0	137
gi|70607460|ref|YP_256330.1|_9-434_1PV7:A:	0	0	2	22	0	18	12	14	0	417
gi|70607461|ref|YP_256331.1|_1-244,366-408_2I0Z:A:1-192,A:362-420	4	15	6	8	0	27	12	15	1	251
gi|70607463|ref|YP_256333.1|_8-272_1EZF:A:	0	0	3	18	0	19	14	22	0	333
gi|70607465|ref|YP_256335.1|_45-152,202-245_1QG8:A:	2	9	4	8	0	22	13	12	0	255
gi|70607467|ref|YP_256337.1|_3-464_1EUH:A:	5	24	5	14	0	44	29	25	0	474
gi|70607468|ref|YP_256338.1|_2-267_2F6K:A:2-307	0	10	4	13	0	28	16	17	0	306
gi|70607470|ref|YP_256340.1|_6-128_1OB8:A:	0	8	1	3	0	8	6	5	0	124
gi|70607471|ref|YP_256341.1|_110-696_1T3Q:B:166-786	14	23	8	16	0	66	30	31	0	621
gi|70607471|ref|YP_256341.1|_2-139_1N62:B:6-146	1	8	2	5	0	17	10	9	0	141
gi|70607472|ref|YP_256342.1|_11-165_1Q6Z:A:2-181	2	6	5	7	0	17	8	12	0	180
gi|70607472|ref|YP_256342.1|_369-488_1Q6Z:A:342-524	4	6	1	8	0	22	11	10	0	183
gi|70607472|ref|YP_256342.1|_178-333_1Q6Z:A:182-341	1	6	0	6	0	24	16	7	0	160
gi|70607476|ref|YP_256346.1|_52-191_1E30:A:	3	13	0	1	0	20	11	8	0	153
gi|70607478|ref|YP_256348.1|_91-212_1WIN:A:	0	6	0	5	0	15	6	3	0	142
gi|70607485|ref|YP_256355.1|_1-171_1UI0:A:	2	6	3	9	0	21	15	9	0	192
gi|70607486|ref|YP_256356.1|_4-177,343-428_1Q7L:A:,B:	3	10	4	8	0	31	16	18	1	280
gi|70607487|ref|YP_256357.1|_3-105_2GNR:A:8-144	1	11	1	2	0	19	6	6	0	137
gi|70607488|ref|YP_256358.1|_248-368_1WDK:C:264-391	2	4	3	5	0	10	4	7	0	128
gi|70607488|ref|YP_256358.1|_7-116_1HZP:A:10-174	2	7	3	5	0	22	9	8	0	184
gi|70607489|ref|YP_256359.1|_45-361_1XOC:A:17-520	5	23	9	15	0	53	34	35	0	504
gi|70607489|ref|YP_256359.1|_377-631_1JET:A:	9	18	8	17	0	53	34	35	0	517
gi|70607491|ref|YP_256361.1|_119-187,215-338_2R6G:F:261-504	2	0	3	12	0	16	15	16	0	244
gi|70607492|ref|YP_256362.1|_264-455_3DHW:A:6-208	0	0	1	9	0	11	7	9	0	203
gi|70607493|ref|YP_256363.1|_39-323_3DHW:C:1-240	3	10	1	7	0	21	17	12	0	240
gi|70607494|ref|YP_256364.1|_1-247_1B0U:A:	0	12	1	10	0	24	16	14	0	261
gi|70607496|ref|YP_256366.1|_87-304_1I7O:A:214-429	6	15	5	3	0	34	15	10	0	216
gi|70607497|ref|YP_256367.1|_28-144_1IXK:A:	0	13	5	10	0	28	19	14	0	313
gi|70607499|ref|YP_256369.1|_17-225_1OTK:A:	0	0	6	9	0	12	8	9	0	248
gi|70607500|ref|YP_256370.1|_38-250_1OTK:A:	0	0	6	9	0	12	8	9	0	248
gi|70607501|ref|YP_256371.1|_7-266_1HZD:A:	3	10	3	11	0	24	15	16	0	266
gi|70607502|ref|YP_256372.1|_28-217_1YE8:A:1-178	0	9	2	5	0	17	7	11	0	178
gi|70607503|ref|YP_256373.1|_24-520_1LCI:A:	7	27	4	15	0	64	28	38	0	541
gi|70607506|ref|YP_256376.1|_40-225,281-801_1CP9:A:,B:	19	28	7	22	0	89	56	41	1	750
gi|70607507|ref|YP_256377.1|_273-437_1BUC:A:233-383	1	2	3	5	0	4	4	6	0	151
gi|70607507|ref|YP_256377.1|_79-285_1RX0:A:10-240	3	8	4	6	0	17	10	16	0	231
gi|70607508|ref|YP_256378.1|_6-509_1V25:A:	8	24	4	16	0	59	31	33	0	534
gi|70607509|ref|YP_256379.1|_1-200_1IOF:A:	5	9	0	6	0	27	17	8	0	208
gi|70607510|ref|YP_256380.1|_53-348_2QS8:A:64-373	6	9	2	11	0	35	15	24	0	310
gi|70607510|ref|YP_256380.1|_8-52,352-392_2QS8:A:7-63,A:374-412	1	7	1	0	0	10	6	5	1	94
gi|70607512|ref|YP_256381.1|_15-490_1PW4:A:	2	0	1	18	0	21	18	22	0	450
gi|70607513|ref|YP_256383.1|_59-153_1UWY:A:297-403	2	7	0	0	0	19	10	4	0	107
gi|70607514|ref|YP_256384.1|_162-393_1TV8:A:	4	11	4	10	0	39	20	20	0	327
gi|70607514|ref|YP_256384.1|_53-128_1BMT:A:741-896	0	5	1	6	0	17	8	8	0	156
gi|70607516|ref|YP_256386.1|_16-85_1R1U:A:	1	2	0	5	0	6	4	5	0	94
gi|70607518|ref|YP_256388.1|_4-394_1PV7:A:	0	0	2	22	0	18	12	14	0	417
gi|70607519|ref|YP_256389.1|_1-124_2FE1:A:1-130	1	4	1	7	0	12	5	7	0	130
gi|70607521|ref|YP_256391.1|_2-249_1VL8:A:	2	7	6	9	0	25	10	14	0	251
gi|70607522|ref|YP_256392.1|_9-84_1R7J:A:	1	2	0	4	0	6	1	4	0	90
gi|70607526|ref|YP_256396.1|_31-85_2FZT:A:1-78	0	0	0	3	0	4	1	2	0	78
gi|70607528|ref|YP_256398.1|_6-223_1VPL:A:	2	10	2	9	0	18	9	15	0	238
gi|70607531|ref|YP_256401.1|_541-626_1KQF:B:2-245	4	11	3	6	0	31	15	19	0	244
gi|70607532|ref|YP_256402.1|_2-222_1YOX:A:5-244	2	16	3	2	0	18	8	6	0	240
gi|70607534|ref|YP_256404.1|_51-128_2OAU:A:27-112	0	0	0	3	0	3	0	1	0	86
gi|70607534|ref|YP_256404.1|_131-198_2OAU:A:113-179	0	5	0	2	0	7	5	3	0	67
gi|70607535|ref|YP_256405.1|_1-348_1PV7:A:	0	0	2	22	0	18	12	14	0	417
gi|70607536|ref|YP_256406.1|_18-219_2GMN:A:29-292	0	12	6	7	0	26	12	19	0	264
gi|70607539|ref|YP_256409.1|_302-508_3D31:A:1-229	0	10	1	9	0	26	15	14	0	229
gi|70607539|ref|YP_256409.1|_6-221_1Q12:A:4-235	1	11	4	7	0	25	20	16	0	232
gi|70607542|ref|YP_256412.1|_4-121_1V8P:A:	1	4	1	8	0	13	3	7	0	132
gi|70607543|ref|YP_256413.1|_5-123_2AF7:A:1-119	0	0	0	8	1	9	2	7	0	119
gi|70607545|ref|YP_256415.1|_176-554_1LF6:A:288-684	15	6	5	13	0	47	32	24	0	397
gi|70607547|ref|YP_256417.1|_6-378_1PW4:A:	2	0	1	18	0	21	18	22	0	450
gi|70607548|ref|YP_256418.1|_172-269_1S7B:A:	0	0	0	4	0	10	7	3	0	109
gi|70607550|ref|YP_256420.1|_24-168_1VLG:A:	1	0	0	5	0	8	2	5	0	164
gi|70607551|ref|YP_256421.1|_5-109_1VM9:A:	4	10	2	0	0	15	5	8	0	109
gi|70607552|ref|YP_256422.1|_5-140_1FB6:A:	0	5	0	4	0	11	2	7	0	104
gi|70607556|ref|YP_256426.1|_29-389_2F9F:A:2-167	2	6	1	7	0	19	11	10	0	166
gi|70607559|ref|YP_256429.1|_9-196_1IMJ:A:	0	10	3	8	0	25	14	17	0	208
gi|70607563|ref|YP_256433.1|_1-89_1JX7:A:	2	5	1	4	0	14	5	7	0	116
gi|70607564|ref|YP_256434.1|_6-420_1PV7:A:	0	0	2	22	0	18	12	14	0	417
gi|70607565|ref|YP_256435.1|_53-360_3BE7:A:57-359	6	8	2	11	0	34	18	23	0	303
gi|70607565|ref|YP_256435.1|_1-52,363-407_1GKR:A:1-54,A:380-451	2	11	1	0	0	17	6	9	1	126
gi|70607566|ref|YP_256436.1|_41-357_1BJW:A:	3	12	6	13	0	38	12	22	0	382
gi|70607567|ref|YP_256437.1|_110-683_1FFV:B:147-803	10	28	7	15	0	76	37	37	0	657
gi|70607567|ref|YP_256437.1|_3-133_1FFV:B:7-146	0	8	2	6	0	17	9	8	0	140
gi|70607568|ref|YP_256438.1|_295-370_2FY8:A:245-336	2	4	0	4	0	13	5	6	0	92
gi|70607570|ref|YP_256440.1|_391-505_2YZQ:A:1-122	3	7	1	3	0	11	9	5	0	122
gi|70607571|ref|YP_256441.1|_78-268_1Y88:A:3-127	2	0	1	4	0	5	1	2	0	57
gi|70607572|ref|YP_256442.1|_14-114_1R61:A:	2	12	4	3	0	32	14	14	0	205
gi|70607576|ref|YP_256446.1|_2-166_1GPH:1:1-234	3	13	2	6	0	27	14	15	0	234
gi|70607577|ref|YP_256447.1|_6-402_1PW4:A:	2	0	1	18	0	21	18	22	0	450
gi|70607578|ref|YP_256448.1|_3-480_1GOW:A:	8	15	7	16	0	53	30	27	0	489
gi|70607580|ref|YP_256450.1|_8-77_1V4R:A:1-100	1	2	0	4	0	11	10	6	0	100
gi|70607581|ref|YP_256451.1|_52-311_1OA3:A:	1	15	2	1	0	18	14	10	0	217
gi|70607582|ref|YP_256452.1|_41-117_1L0Q:A:302-391	2	8	0	0	0	14	8	3	0	90
gi|70607586|ref|YP_256456.1|_2-473_1BXS:A:	5	22	2	17	0	52	33	26	0	494
gi|70607589|ref|YP_256459.1|_100-286_1JM1:A:	4	14	3	2	0	26	15	13	0	202
gi|70607590|ref|YP_256460.1|_22-254_1Q90:B:	1	1	2	10	0	10	7	10	0	212
gi|70607590|ref|YP_256460.1|_219-371_1Q90:D:	2	1	3	6	1	16	7	7	0	156
gi|70607591|ref|YP_256461.1|_1-95_1SQE:A:	0	4	2	3	0	8	5	6	0	108
gi|70607594|ref|YP_256464.1|_11-231_1OMZ:A:	3	13	1	7	0	26	18	19	0	265
gi|70607596|ref|YP_256466.1|_40-139_2CH7:B:225-529	0	0	1	4	0	2	1	4	0	308
gi|70607598|ref|YP_256468.1|_393-712_1KOA:A:5915-6264	7	11	8	11	0	40	20	20	0	350
gi|70607600|ref|YP_256470.1|_31-83,164-253,287-411_2FWR:A:257-456	7	4	0	8	0	27	20	8	0	200
gi|70607607|ref|YP_256477.1|_1-76_2IVY:A:2-89	0	4	0	3	0	9	2	5	0	88
gi|70607611|ref|YP_256481.1|_4-116_1V8P:A:	1	4	1	8	0	13	3	7	0	132
gi|70607613|ref|YP_256483.1|_5-212_1DIQ:A:7-242	4	11	2	6	0	33	17	19	0	236
gi|70607613|ref|YP_256483.1|_389-414_1DIQ:A:243-521	3	8	5	10	0	24	13	14	0	279
gi|70607615|ref|YP_256485.1|_2-124,223-341_1VPL:A:	2	10	2	9	0	18	9	15	0	238
gi|70607617|ref|YP_256487.1|_55-107_1WOT:A:	0	4	0	4	0	13	6	4	0	98
gi|70607626|ref|YP_256496.1|_23-179_1VE3:A:2-227	0	10	2	7	0	20	9	11	0	226
gi|70607628|ref|YP_256498.1|_2-135_1XQB:A:	2	11	3	2	0	27	11	11	0	231
gi|70607629|ref|YP_256499.1|_7-372_1PW4:A:	2	0	1	18	0	21	18	22	0	450
gi|70607630|ref|YP_256500.1|_5-363_2F9F:A:2-167	2	6	1	7	0	19	11	10	0	166
gi|70607633|ref|YP_256503.1|_10-351_2F9F:A:2-167	2	6	1	7	0	19	11	10	0	166
gi|70607635|ref|YP_256505.1|_1-237_1QG8:A:	2	9	4	8	0	22	13	12	0	255
gi|70607637|ref|YP_256507.1|_3-220_1QG8:A:	2	9	4	8	0	22	13	12	0	255
gi|70607640|ref|YP_256510.1|_9-352_2F9F:A:2-167	2	6	1	7	0	19	11	10	0	166
gi|70607641|ref|YP_256511.1|_5-218_1QG8:A:	2	9	4	8	0	22	13	12	0	255
gi|70607642|ref|YP_256512.1|_149-435_2F9F:A:2-167	2	6	1	7	0	19	11	10	0	166
gi|70607644|ref|YP_256514.1|_99-246_2FRN:A:19-278	0	13	3	6	0	25	10	16	0	260
gi|70607647|ref|YP_256517.1|_9-379_2F9F:A:2-167	2	6	1	7	0	19	11	10	0	166
gi|70607648|ref|YP_256518.1|_21-429_2F9F:A:2-167	2	6	1	7	0	19	11	10	0	166
gi|70607649|ref|YP_256519.1|_6-366_2F9F:A:2-167	2	6	1	7	0	19	11	10	0	166
gi|70607651|ref|YP_256521.1|_2-162_1ZUN:A:1-211	1	6	3	6	0	23	12	9	0	211
gi|70607653|ref|YP_256523.1|_8-128_1QG8:A:	2	9	4	8	0	22	13	12	0	255
gi|70607655|ref|YP_256525.1|_2-108_1O3U:A:	0	0	0	5	0	6	4	5	0	134
gi|70607656|ref|YP_256526.1|_27-218_1IQP:A:2-232	0	7	4	13	0	20	11	14	0	231
gi|70607660|ref|YP_256530.1|_2-277_1XHC:A:104-225	1	10	1	3	0	13	8	5	0	122
gi|70607661|ref|YP_256531.1|_346-536_1N0H:A:461-687	4	6	2	9	0	27	15	11	0	227
gi|70607661|ref|YP_256531.1|_2-168_1POX:A:9-182	0	8	3	6	0	13	9	12	0	174
gi|70607661|ref|YP_256531.1|_186-352_1POX:A:183-365	2	5	4	5	0	18	10	7	0	183
gi|70607663|ref|YP_256533.1|_4-124_1V96:A:2-149	0	5	2	8	0	11	5	5	0	148
gi|70607664|ref|YP_256534.1|_10-477_1BXS:A:	5	22	2	17	0	52	33	26	0	494
gi|70607665|ref|YP_256535.1|_70-289_1SAW:A:	4	16	4	4	0	29	14	12	0	217
gi|70607666|ref|YP_256536.1|_2-166_1MTZ:A:	4	8	4	10	0	27	19	19	0	290
gi|70607668|ref|YP_256538.1|_9-124_1MTZ:A:	4	8	4	10	0	27	19	19	0	290
gi|70607669|ref|YP_256539.1|_11-454_1PV7:A:	0	0	2	22	0	18	12	14	0	417
gi|70607671|ref|YP_256541.1|_11-115_1W8I:A:	0	5	0	7	0	14	8	10	0	155
gi|70607674|ref|YP_256544.1|_9-404_1PV7:A:	0	0	2	22	0	18	12	14	0	417
gi|70607679|ref|YP_256549.1|_5-124_1V8P:A:	1	4	1	8	0	13	3	7	0	132
gi|70607680|ref|YP_256550.1|_1-121_1W8I:A:	0	5	0	7	0	14	8	10	0	155
gi|70607681|ref|YP_256551.1|_1-46_1YFB:A:3-53	0	4	0	1	0	7	0	4	0	52
gi|70607682|ref|YP_256552.1|_10-138_1S3J:A:	0	3	0	6	0	8	6	5	0	143
gi|70607683|ref|YP_256553.1|_4-201,259-439,521-545_1PV7:A:	0	0	2	22	0	18	12	14	0	417
gi|70607687|ref|YP_256557.1|_2-209_1VPL:A:	2	10	2	9	0	18	9	15	0	238
gi|70607689|ref|YP_256559.1|_1-107_1Z01:A:16-163	4	10	4	2	0	21	7	14	0	148
gi|70607691|ref|YP_256561.1|_2-243_2C07:A:54-304	2	7	2	9	0	21	12	14	0	251
gi|70607692|ref|YP_256562.1|_26-508_1MDB:A:	4	27	3	18	0	60	32	36	0	536
gi|70607693|ref|YP_256563.1|_116-371_2GL5:A:123-400	7	10	3	9	0	36	19	16	0	278
gi|70607693|ref|YP_256563.1|_1-132_2GL5:A:1-122	1	3	4	4	0	9	8	8	0	121
gi|70607694|ref|YP_256564.1|_262-370_1WDK:C:264-391	2	4	3	5	0	10	4	7	0	128
gi|70607694|ref|YP_256564.1|_13-117,187-370_1AFW:A:294-417	3	4	3	4	0	12	4	7	0	124
gi|70607695|ref|YP_256565.1|_4-104_2GNR:A:8-144	1	11	1	2	0	19	6	6	0	137
gi|70607696|ref|YP_256566.1|_6-64_1YFB:A:3-53	0	4	0	1	0	7	0	4	0	52
gi|70607698|ref|YP_256568.1|_174-377_1IWG:A:7-37,A:331-498	0	0	1	8	0	9	7	9	1	199
gi|70607698|ref|YP_256568.1|_549-736_1IWG:A:7-37,A:331-498	0	0	1	8	0	9	7	9	1	199
gi|70607699|ref|YP_256569.1|_24-119,165-280_1ORN:A:	0	0	4	12	0	19	14	11	0	225
gi|70607700|ref|YP_256570.1|_2-248_1G60:A:	6	8	2	7	0	28	13	9	0	256
gi|70607702|ref|YP_256572.1|_8-136_1O3U:A:	0	0	0	5	0	6	4	5	0	134
gi|70607703|ref|YP_256573.1|_20-109_1YLQ:A:1-90	0	4	1	4	0	10	6	3	0	90
gi|70607704|ref|YP_256574.1|_2-68_1Y0U:A:	0	2	1	4	0	6	2	5	0	95
gi|70607706|ref|YP_256576.1|_2-132_2FE1:A:1-130	1	4	1	7	0	12	5	7	0	130
gi|70607709|ref|YP_256579.1|_6-55_2FY9:A:1-54	0	4	0	1	0	8	4	2	0	54
gi|70607710|ref|YP_256580.1|_2-125_1V8P:A:	1	4	1	8	0	13	3	7	0	132
gi|70607711|ref|YP_256581.1|_11-70,103-141_2I71:A:1-377	1	16	4	13	0	33	16	20	0	377
gi|70607712|ref|YP_256582.1|_2-296_2I71:A:1-377	1	16	4	13	0	33	16	20	0	377
gi|70607714|ref|YP_256584.1|_274-385,419-564_1KSF:X:437-755	2	10	4	12	0	25	21	18	0	319
gi|70607714|ref|YP_256584.1|_169-326_1QVR:A:536-850	5	9	4	14	0	30	21	15	0	315
gi|70607716|ref|YP_256586.1|_32-204_1LY1:A:	0	4	2	6	0	14	7	7	0	152
gi|70607717|ref|YP_256587.1|_53-113_1LNW:A:	1	2	0	6	0	8	4	7	0	141
gi|70607719|ref|YP_256589.1|_30-98_1W8I:A:	0	5	0	7	0	14	8	10	0	155
gi|70607722|ref|YP_256592.1|_3-213_1VPL:A:	2	10	2	9	0	18	9	15	0	238
gi|70607725|ref|YP_256595.1|_11-55_1Q5V:A:1-48	0	1	0	2	0	4	1	1	0	48
gi|70607732|ref|YP_256602.1|_1-84_2IVY:A:2-89	0	4	0	3	0	9	2	5	0	88
gi|70607736|ref|YP_256606.1|_1-142_1FZT:A:	9	5	1	7	0	22	14	12	0	211
gi|70607737|ref|YP_256607.1|_127-289_1T6C:A:133-312	0	6	1	8	0	13	10	9	0	180
gi|70607737|ref|YP_256607.1|_2-124_1T6C:A:7-132	0	5	0	5	0	9	4	7	0	126
gi|70607738|ref|YP_256608.1|_1-207_4TMK:A:	0	5	0	9	0	16	8	12	0	210
gi|70607739|ref|YP_256609.1|_1-205_1E2F:A:	0	7	2	9	0	17	15	16	0	210
gi|70607741|ref|YP_256611.1|_60-191_2GM4:A:1-140	1	4	1	4	0	11	4	8	0	140
gi|70607741|ref|YP_256611.1|_3-52_1J9I:A:	0	2	1	3	0	6	3	3	0	68
gi|70607744|ref|YP_256614.1|_1-280_2FNA:A:1-283	0	7	3	11	0	23	13	17	0	283
gi|70607744|ref|YP_256614.1|_285-358_2FNA:A:284-356	1	2	1	4	0	7	4	3	0	73
gi|70607745|ref|YP_256615.1|_84-388_1W3B:A:	0	0	0	23	0	35	6	26	0	388
gi|70607745|ref|YP_256615.1|_5-122_1A17:A:	0	0	0	7	0	11	3	7	0	159
gi|70607746|ref|YP_256616.1|_3-113,153-249_1OMZ:A:	3	13	1	7	0	26	18	19	0	265
gi|70607749|ref|YP_256619.1|_8-120_2FE1:A:1-130	1	4	1	7	0	12	5	7	0	130
gi|70607750|ref|YP_256620.1|_1-147_2NS9:A:10-156	0	7	2	3	0	5	5	6	0	147
gi|70607751|ref|YP_256621.1|_5-222,324-363_1PJ5:A:4-219,A:339-427	2	17	6	8	0	32	16	16	1	305
gi|70607751|ref|YP_256621.1|_224-312_1NG4:A:219-306	0	6	1	1	0	9	5	4	0	88
gi|70607752|ref|YP_256622.1|_4-249_1BU6:O:3-253	1	15	1	9	0	25	13	17	0	251
gi|70607752|ref|YP_256622.1|_251-491_1R59:O:257-491	1	10	2	5	0	26	22	13	0	235
gi|70607753|ref|YP_256623.1|_10-140,169-281_1FX8:A:	0	0	4	11	0	13	7	10	0	254
gi|70607754|ref|YP_256624.1|_1-333_2O3I:A:2-390	6	15	4	12	0	37	28	14	0	389
gi|70607755|ref|YP_256625.1|_268-441_1HUX:A:	0	10	3	8	0	21	12	13	0	259
gi|70607755|ref|YP_256625.1|_1-71_1WOQ:A:11-139	1	7	1	3	0	11	7	9	0	129
gi|70607756|ref|YP_256626.1|_5-350_2O3I:A:2-390	6	15	4	12	0	37	28	14	0	389
gi|70607759|ref|YP_256629.1|_12-64_1I1G:A:2-61	0	0	1	3	0	5	4	4	0	60
gi|70607765|ref|YP_256635.1|_174-244_1U6Z:A:313-509	0	3	3	7	0	16	6	11	0	197
gi|70607772|ref|YP_256642.1|_13-316_2IDB:A:6-325	4	18	4	7	0	42	27	14	0	320
gi|70607772|ref|YP_256642.1|_320-483_2IDB:A:326-491	3	6	2	5	0	14	10	10	0	166
gi|70607773|ref|YP_256643.1|_92-315_1R61:A:	2	12	4	3	0	32	14	14	0	205
gi|70607774|ref|YP_256644.1|_1-176_1JVB:A:1-143,A:314-347	3	14	3	3	0	24	12	11	1	177
gi|70607774|ref|YP_256644.1|_142-314_1JVB:A:144-313	0	6	2	8	0	13	10	11	0	170
gi|70607775|ref|YP_256645.1|_1-430_1PW4:A:	2	0	1	18	0	21	18	22	0	450
gi|70607776|ref|YP_256646.1|_156-445_2B1X:A:163-441	0	10	4	10	0	25	18	18	0	279
gi|70607776|ref|YP_256646.1|_15-151_2B1X:A:1-162	1	11	3	2	0	19	13	11	0	162
gi|70607777|ref|YP_256647.1|_7-169_2B1X:B:513-679	1	6	1	3	0	14	10	7	0	167
gi|70607779|ref|YP_256649.1|_42-558_1RY2:A:	13	28	0	20	0	87	54	43	0	640
gi|70607780|ref|YP_256650.1|_4-253_2DUB:A:	2	10	4	11	0	25	14	14	0	259
gi|70607781|ref|YP_256651.1|_122-755_1T3Q:B:166-786	14	23	8	16	0	66	30	31	0	621
gi|70607781|ref|YP_256651.1|_3-135_1N62:B:6-146	1	8	2	5	0	17	10	9	0	141
gi|70607785|ref|YP_256655.1|_88-187_1YHF:A:1-112	0	9	0	1	0	15	9	6	0	112
gi|70607786|ref|YP_256656.1|_8-102_1UWD:A:	2	3	1	3	0	14	7	6	0	102
gi|70607790|ref|YP_256660.1|_7-374_1PV7:A:	0	0	2	22	0	18	12	14	0	417
gi|70607791|ref|YP_256661.1|_2-396_2HEK:A:1-369	2	9	4	20	0	25	19	23	0	369
gi|70607793|ref|YP_256663.1|_10-449_1PW4:A:	2	0	1	18	0	21	18	22	0	450
gi|70607797|ref|YP_256667.1|_2-114_1V8P:A:	1	4	1	8	0	13	3	7	0	132
gi|70607798|ref|YP_256668.1|_4-364_1IO7:A:	2	10	6	16	0	36	19	24	0	366
gi|70607800|ref|YP_256670.1|_2-186_1J2R:A:	2	6	3	6	0	16	9	11	0	188
gi|70607801|ref|YP_256671.1|_6-188,239-412,439-466_1PV7:A:	0	0	2	22	0	18	12	14	0	417
gi|70607804|ref|YP_256674.1|_9-268_1VF5:A:	1	0	2	9	0	11	13	10	0	202
gi|70607804|ref|YP_256674.1|_232-382_1Q90:D:	2	1	3	6	1	16	7	7	0	156
gi|70607805|ref|YP_256675.1|_6-462_1OCR:A:	5	1	6	21	0	35	23	27	0	514
gi|70607806|ref|YP_256676.1|_15-167_2CUA:B:	4	10	2	0	0	15	9	9	0	135
gi|70607807|ref|YP_256677.1|_95-282_1JM1:A:	4	14	3	2	0	26	15	13	0	202
gi|70607812|ref|YP_256682.1|_7-447_1PW4:A:	2	0	1	18	0	21	18	22	0	450
gi|70607814|ref|YP_256684.1|_7-360_1PV7:A:	0	0	2	22	0	18	12	14	0	417
gi|70607815|ref|YP_256685.1|_255-272,352-450_2FUG:9:26-179	5	7	1	3	0	27	18	9	0	154
gi|70607817|ref|YP_256687.1|_7-214_1N1C:A:	2	0	4	10	0	11	9	4	0	216
gi|70607818|ref|YP_256688.1|_30-233_1TI6:B:1-195	3	9	3	6	0	26	12	15	0	195
gi|70607819|ref|YP_256689.1|_6-308,367-840_2NAP:A:4-600	7	23	7	21	0	74	46	46	0	597
gi|70607819|ref|YP_256689.1|_1190-1351_1KQF:A:851-1015	2	8	2	3	0	29	13	13	0	165
gi|70607820|ref|YP_256690.1|_4-112_2PG4:A:1-92	1	2	1	5	0	5	2	4	0	92
gi|70607822|ref|YP_256692.1|_100-240_1A17:A:	0	0	0	7	0	11	3	7	0	159
gi|70607822|ref|YP_256692.1|_11-133_2C2L:A:24-224	0	0	1	10	0	12	7	11	0	201
gi|70607823|ref|YP_256693.1|_362-451_1CLF:A:	2	2	0	0	0	11	4	6	0	55
gi|70607824|ref|YP_256694.1|_37-154_1X42:A:1-230	7	6	3	10	0	19	10	14	0	230
gi|70607827|ref|YP_256697.1|_9-433_1PW4:A:	2	0	1	18	0	21	18	22	0	450
gi|70607828|ref|YP_256698.1|_8-201_1PV7:A:	0	0	2	22	0	18	12	14	0	417
gi|70607828|ref|YP_256698.1|_216-441,525-553_1PV7:A:	0	0	2	22	0	18	12	14	0	417
gi|70607829|ref|YP_256699.1|_6-142_2ETH:A:1-140	2	2	0	7	0	10	5	5	0	140
gi|70607830|ref|YP_256700.1|_13-380_1PV7:A:	0	0	2	22	0	18	12	14	0	417
gi|70607831|ref|YP_256701.1|_1-58_1RI7:A:25-84	0	0	1	3	0	5	3	3	0	60
gi|70607833|ref|YP_256703.1|_164-218_1TLH:B:	0	0	0	2	0	7	3	4	0	68
gi|70607834|ref|YP_256704.1|_103-723_1T3Q:B:166-786	14	23	8	16	0	66	30	31	0	621
gi|70607834|ref|YP_256704.1|_4-128_1N62:B:6-146	1	8	2	5	0	17	10	9	0	141
gi|70607835|ref|YP_256705.1|_7-375_1PV7:A:	0	0	2	22	0	18	12	14	0	417
gi|70607836|ref|YP_256706.1|_217-369_1OB8:A:	0	8	1	3	0	8	6	5	0	124
gi|70607836|ref|YP_256706.1|_22-141_2CH7:B:225-529	0	0	1	4	0	2	1	4	0	308
gi|70607838|ref|YP_256708.1|_84-377_2DRI:A:	0	12	0	9	0	27	10	13	0	271
gi|70607839|ref|YP_256709.1|_442-687_1MT0:A:	2	10	3	10	0	20	20	20	0	241
gi|70607839|ref|YP_256709.1|_115-443_2HYD:A:1-323	0	0	1	15	1	9	5	12	0	323
gi|70607840|ref|YP_256710.1|_15-335_2F6K:A:2-307	0	10	4	13	0	28	16	17	0	306
gi|70607842|ref|YP_256712.1|_2-165_1H2B:A:17-154,A:327-359	7	10	3	4	0	25	10	10	1	171
gi|70607842|ref|YP_256712.1|_140-310_1H2B:A:155-326	0	6	2	8	0	14	8	9	0	172
gi|70607843|ref|YP_256713.1|_13-407_1PW4:A:	2	0	1	18	0	21	18	22	0	450
gi|70607844|ref|YP_256714.1|_7-279_1B65:A:	6	15	8	10	0	45	20	18	0	367
gi|70607845|ref|YP_256715.1|_8-420_1PW4:A:	2	0	1	18	0	21	18	22	0	450
gi|70607846|ref|YP_256716.1|_10-255_1VL8:A:	2	7	6	9	0	25	10	14	0	251
gi|70607847|ref|YP_256717.1|_6-202,326-409_1VGY:A:2-180,A:294-376	6	13	2	7	0	28	17	16	1	262
gi|70607847|ref|YP_256717.1|_202-321_1YSJ:A:178-292	0	4	0	2	0	9	4	1	0	115
gi|70607848|ref|YP_256718.1|_2-219,331-404_1R3N:A:18-247,A:364-455	6	11	2	10	0	36	26	18	1	322
gi|70607848|ref|YP_256718.1|_209-320_1R3N:A:248-363	0	7	1	2	0	11	4	5	0	116
gi|70607849|ref|YP_256719.1|_3-373_1PW4:A:	2	0	1	18	0	21	18	22	0	450
gi|70607850|ref|YP_256720.1|_10-300_1GQ6:A:	7	8	6	9	0	33	21	11	0	301
gi|70607851|ref|YP_256721.1|_163-255_1OB8:A:	0	8	1	3	0	8	6	5	0	124
gi|70607852|ref|YP_256722.1|_24-83_1RI7:A:25-84	0	0	1	3	0	5	3	3	0	60
gi|70607852|ref|YP_256722.1|_89-166_1RI7:A:85-170	0	4	0	2	0	8	5	5	0	86
gi|70607853|ref|YP_256723.1|_21-437_1VEF:A:9-395	3	17	2	15	0	38	24	27	0	387
gi|70607854|ref|YP_256724.1|_54-127_1S7B:A:	0	0	0	4	0	10	7	3	0	109
gi|70607854|ref|YP_256724.1|_173-269_1S7B:A:	0	0	0	4	0	10	7	3	0	109
gi|70607856|ref|YP_256726.1|_10-315_2D2J:A:33-361	0	13	8	15	0	36	12	20	0	329
gi|70607857|ref|YP_256727.1|_104-428_1F52:A:101-468	4	12	5	10	0	37	24	21	0	368
gi|70607857|ref|YP_256727.1|_3-102_1F52:A:1-100	0	6	3	2	0	15	6	4	0	100
gi|70607858|ref|YP_256728.1|_116-140,168-336_1YNY:A:53-384	2	10	4	13	0	35	18	21	0	332
gi|70607859|ref|YP_256729.1|_3-274_1U8V:A:1-275	0	12	7	6	0	27	14	15	0	275
gi|70607859|ref|YP_256729.1|_265-478_1U8V:A:276-490	2	2	1	12	0	17	8	16	0	215
gi|70607860|ref|YP_256730.1|_1-311_1TRB:A:119-244	1	8	1	4	0	13	10	6	0	126
gi|70607861|ref|YP_256731.1|_1-191_1HT0:A:1-162,A:339-374	4	11	3	3	0	26	17	13	1	198
gi|70607861|ref|YP_256731.1|_156-327_1P0F:A:1164-1337	2	7	5	7	0	22	10	12	0	174
gi|70607861|ref|YP_256731.1|_314-360_1E3I:A:1-167,A:342-376	4	11	4	3	0	28	17	14	1	202
gi|70607862|ref|YP_256732.1|_83-412_1T5H:X:	5	27	4	15	0	56	23	34	0	503
gi|70607863|ref|YP_256733.1|_5-177_1VKN:A:1-144,A:308-339	3	6	2	7	0	19	10	11	1	176
gi|70607863|ref|YP_256733.1|_148-334_2GZ1:A:128-329	7	6	3	5	0	24	11	11	0	202
gi|70607864|ref|YP_256734.1|_9-551_1LCI:A:	7	27	4	15	0	64	28	38	0	541
gi|70607865|ref|YP_256735.1|_100-314_1HYO:A:119-416	3	21	5	7	0	47	20	14	0	298
gi|70607866|ref|YP_256736.1|_3-264_1M2X:A:	1	12	1	5	0	16	12	14	0	219
gi|70607868|ref|YP_256738.1|_3-311_2F4L:A:1-283	2	22	2	2	0	30	16	18	0	283
gi|70607869|ref|YP_256739.1|_1-149_1Z4E:A:4-153	0	6	2	5	0	11	5	10	0	150
gi|70607870|ref|YP_256740.1|_157-418_1VL6:A:155-376	3	6	2	9	0	28	19	15	0	222
gi|70607870|ref|YP_256740.1|_7-155_1VL6:A:1-154	2	5	3	8	0	17	11	6	0	154
gi|70607871|ref|YP_256741.1|_3-309_2HU7:A:9-321	2	29	0	2	0	31	20	19	0	313
gi|70607871|ref|YP_256741.1|_320-564_2HU7:A:322-581	1	8	2	10	0	27	14	15	0	260
gi|70607873|ref|YP_256743.1|_53-243_1HH1:A:	1	9	1	3	0	16	6	5	0	132
gi|70607877|ref|YP_256747.1|_3-202_2AZN:A:6-224	2	9	2	5	0	26	15	11	0	219
gi|70607878|ref|YP_256748.1|_1-223_1VD6:A:8-224	2	11	4	8	0	25	19	15	0	218
gi|70607880|ref|YP_256750.1|_145-200_1TLH:B:	0	0	0	2	0	7	3	4	0	68
gi|70607881|ref|YP_256751.1|_4-459_2F2A:A:1-485	12	11	6	15	0	46	29	35	0	485
gi|70607888|ref|YP_256758.1|_24-244_1VME:A:1-250	2	14	3	7	0	27	12	13	0	250
gi|70607891|ref|YP_256761.1|_227-649_1W6G:A:212-628	11	25	5	2	1	45	18	27	0	417
gi|70607891|ref|YP_256761.1|_110-223_1W6G:A:97-211	2	4	3	3	0	13	5	7	0	115
gi|70607891|ref|YP_256761.1|_15-107_1EKM:A:17-115	0	4	0	2	0	7	4	5	0	99
gi|70607892|ref|YP_256762.1|_144-200_1S7O:A:	0	0	1	6	0	8	1	4	0	106
gi|70607894|ref|YP_256764.1|_3-260_1SNZ:A:	12	29	5	2	0	50	22	25	0	343
gi|70607895|ref|YP_256765.1|_125-265_2FY8:A:116-244	0	6	2	6	0	14	10	7	0	130
gi|70607895|ref|YP_256765.1|_22-146_1LNQ:A:19-98	0	0	0	5	0	5	7	8	0	80
gi|70607896|ref|YP_256766.1|_1-196_1ZZM:A:1-259	2	8	5	9	0	29	12	12	0	259
gi|70607897|ref|YP_256767.1|_30-286_1SYY:A:	2	0	5	13	0	24	15	12	0	317
gi|70607899|ref|YP_256769.1|_9-419,448-456,499-667_1D8C:A:	4	24	9	25	0	64	40	37	0	720
gi|70607900|ref|YP_256770.1|_6-428_1F8M:A:	2	12	5	17	0	47	24	25	0	427
gi|70607901|ref|YP_256771.1|_11-133_1Y82:A:2-148	1	5	2	7	0	10	4	5	0	147
gi|70607902|ref|YP_256772.1|_11-65_1UB4:C:	2	4	0	2	0	9	0	6	0	75
gi|70607905|ref|YP_256775.1|_105-371_2GDQ:A:119-374	6	9	1	9	0	36	21	16	0	256
gi|70607905|ref|YP_256775.1|_1-121_1WUF:A:1001-1126	1	5	0	5	0	9	7	7	0	126
gi|70607907|ref|YP_256777.1|_155-289_1UAR:A:145-285	4	5	3	5	0	18	12	9	0	141
gi|70607907|ref|YP_256777.1|_6-134_1UAR:A:2-144	4	5	2	6	0	18	4	9	0	143
gi|70607909|ref|YP_256779.1|_6-227_1PJQ:A:216-457	3	10	3	8	0	24	20	15	0	242
gi|70607910|ref|YP_256780.1|_116-316_1AOP:A:149-345	7	5	2	4	0	22	8	9	0	197
gi|70607910|ref|YP_256780.1|_410-573_1AOP:A:426-570	0	5	1	5	0	15	9	12	0	145
gi|70607910|ref|YP_256780.1|_8-115_1AOP:A:81-145	2	4	1	2	0	8	2	2	0	65
gi|70607910|ref|YP_256780.1|_326-399_1AOP:A:346-425	0	7	2	2	0	8	3	4	0	80
gi|70607911|ref|YP_256781.1|_7-198_1SUR:A:	2	6	2	9	0	21	10	13	0	215
gi|70607912|ref|YP_256782.1|_159-382_1V47:A:136-349	2	8	4	7	0	24	14	13	0	214
gi|70607912|ref|YP_256782.1|_11-157_1G8F:A:2-168	2	6	1	7	0	18	10	11	0	167
gi|70607914|ref|YP_256784.1|_1-163_1JVB:A:1-143,A:314-347	3	14	3	3	0	24	12	11	1	177
gi|70607914|ref|YP_256784.1|_125-281_1RJW:A:138-305	0	7	1	8	0	16	10	9	0	168
gi|70607915|ref|YP_256785.1|_31-251_2C8M:A:1-256	3	11	1	8	0	26	11	14	0	256
gi|70607916|ref|YP_256786.1|_12-495_1LCI:A:	7	27	4	15	0	64	28	38	0	541
gi|70607917|ref|YP_256787.1|_396-656_2DUB:A:	2	10	4	11	0	25	14	14	0	259
gi|70607917|ref|YP_256787.1|_1-183_1WDK:A:311-496	0	8	3	6	0	20	12	8	0	186
gi|70607917|ref|YP_256787.1|_304-413_3HDH:A:204-302	3	0	1	5	0	8	3	5	0	99
gi|70607917|ref|YP_256787.1|_186-286_1F0Y:A:204-302	3	0	1	5	0	8	3	5	0	99
gi|70607918|ref|YP_256788.1|_3-227_1HNJ:A:1-174	1	8	2	7	0	21	11	7	0	174
gi|70607918|ref|YP_256788.1|_232-372_1WDK:C:264-391	2	4	3	5	0	10	4	7	0	128
gi|70607919|ref|YP_256789.1|_39-171_2GNR:A:8-144	1	11	1	2	0	19	6	6	0	137
gi|70607920|ref|YP_256790.1|_11-551_1V25:A:	8	24	4	16	0	59	31	33	0	534
gi|70607921|ref|YP_256791.1|_20-253_1SYY:A:	2	0	5	13	0	24	15	12	0	317
gi|70607922|ref|YP_256792.1|_40-313_2RHW:A:4-286	0	8	4	12	0	28	17	11	0	283
gi|70607923|ref|YP_256793.1|_186-371_1RI6:A:	1	28	2	0	0	36	19	23	0	342
gi|70607923|ref|YP_256793.1|_21-151_1U04:A:2-323	5	16	3	9	0	33	19	12	0	323
gi|70607925|ref|YP_256795.1|_6-51,112-203_1WFR:A:	3	5	2	5	0	16	12	6	0	142
gi|70607926|ref|YP_256796.1|_8-252_1JQI:A:4-234	3	8	4	7	0	17	12	12	0	231
gi|70607926|ref|YP_256796.1|_239-393_1UKW:A:259-410	2	0	3	5	0	5	5	4	0	152
gi|70607927|ref|YP_256797.1|_386-639_2DUB:A:	2	10	4	11	0	25	14	14	0	259
gi|70607927|ref|YP_256797.1|_2-180_1F0Y:A:12-203	0	8	1	7	0	22	12	11	0	192
gi|70607927|ref|YP_256797.1|_183-283_3HDH:A:204-302	3	0	1	5	0	8	3	5	0	99
gi|70607927|ref|YP_256797.1|_294-368_3HDH:A:204-302	3	0	1	5	0	8	3	5	0	99
gi|70607928|ref|YP_256798.1|_3-161_1WFR:A:	3	5	2	5	0	16	12	6	0	142
gi|70607929|ref|YP_256799.1|_29-282_1SYY:A:	2	0	5	13	0	24	15	12	0	317
gi|70607932|ref|YP_256802.1|_20-136_2NS9:A:10-156	0	7	2	3	0	5	5	6	0	147
gi|70607933|ref|YP_256803.1|_1-178_1LLU:A:2-143,A:310-342	5	11	2	3	0	26	13	11	1	175
gi|70607933|ref|YP_256803.1|_150-316_1RJW:A:138-305	0	7	1	8	0	16	10	9	0	168
gi|70607933|ref|YP_256803.1|_301-347_1M6H:A:1-162,A:339-373	4	11	2	4	0	25	15	14	1	197
gi|70607934|ref|YP_256804.1|_10-535_1V25:A:	8	24	4	16	0	59	31	33	0	534
gi|70607935|ref|YP_256805.1|_2-135_2NS9:A:10-156	0	7	2	3	0	5	5	6	0	147
gi|70607936|ref|YP_256806.1|_1-147_1QQ2:A:	4	7	2	5	0	25	13	13	0	173
gi|70607937|ref|YP_256807.1|_4-183_1B0P:A:416-668	2	6	4	9	0	29	21	11	0	253
gi|70607938|ref|YP_256808.1|_9-216_1B0P:A:2-258	2	11	0	10	0	22	13	9	0	257
gi|70607938|ref|YP_256808.1|_351-560_1Q6Z:A:342-524	4	6	1	8	0	22	11	10	0	183
gi|70607938|ref|YP_256808.1|_543-606_1H98:A:	0	4	3	3	0	12	1	7	0	77
gi|70607938|ref|YP_256808.1|_229-310_1W85:B:193-324	0	6	2	5	0	13	8	5	0	132
gi|70607939|ref|YP_256809.1|_10-130_2GNR:A:8-144	1	11	1	2	0	19	6	6	0	137
gi|70607940|ref|YP_256810.1|_10-152_2GNR:A:8-144	1	11	1	2	0	19	6	6	0	137
gi|70607941|ref|YP_256811.1|_11-234_1ULQ:A:276-400	2	4	2	4	0	11	5	8	0	125
gi|70607941|ref|YP_256811.1|_237-390_1ULQ:A:276-400	2	4	2	4	0	11	5	8	0	125
gi|70607942|ref|YP_256812.1|_247-377_1ULQ:A:276-400	2	4	2	4	0	11	5	8	0	125
gi|70607942|ref|YP_256812.1|_10-231_1MZJ:A:3-183	2	7	3	5	0	21	10	6	0	181
gi|70607943|ref|YP_256813.1|_3-225_1IVH:A:6-241	3	8	6	7	0	20	10	16	0	236
gi|70607943|ref|YP_256813.1|_212-366_2D29:A:235-387	1	2	3	5	0	4	4	6	0	153
gi|70607944|ref|YP_256814.1|_3-614_1PG4:A:	11	30	5	21	0	71	40	44	0	643
gi|70607945|ref|YP_256815.1|_182-242_1RI7:A:25-84	0	0	1	3	0	5	3	3	0	60
gi|70607949|ref|YP_256819.1|_5-153_1RZ0:A:	4	11	0	3	0	15	3	10	0	153
gi|70607950|ref|YP_256820.1|_6-256_2PW6:A:14-271	1	10	3	7	0	26	19	11	0	258
gi|70607952|ref|YP_256822.1|_73-283_1OTV:A:	0	0	3	11	0	24	15	14	0	258
gi|70607953|ref|YP_256823.1|_4-276_2GWG:A:1-342	0	10	7	15	0	28	13	17	0	342
gi|70607954|ref|YP_256824.1|_5-270_2GWG:A:1-342	0	10	7	15	0	28	13	17	0	342
gi|70607955|ref|YP_256825.1|_1-170_1FFV:C:1-177	2	10	4	7	0	18	8	15	0	177
gi|70607955|ref|YP_256825.1|_374-451_1FFV:A:82-157	2	0	0	4	0	8	5	4	0	76
gi|70607955|ref|YP_256825.1|_304-379_1N62:A:3-81	2	5	3	1	0	9	6	7	0	79
gi|70607955|ref|YP_256825.1|_179-283_1T3Q:C:177-285	2	4	0	3	0	8	4	5	0	109
gi|70607956|ref|YP_256826.1|_123-772_1T3Q:B:166-786	14	23	8	16	0	66	30	31	0	621
gi|70607956|ref|YP_256826.1|_6-127_1FFV:B:7-146	0	8	2	6	0	17	9	8	0	140
gi|70607958|ref|YP_256828.1|_2-104_1KQF:B:2-245	4	11	3	6	0	31	15	19	0	244
gi|70607959|ref|YP_256829.1|_1-178_1B0P:A:416-668	2	6	4	9	0	29	21	11	0	253
gi|70607960|ref|YP_256830.1|_21-87_1FCA:A:	0	4	1	1	0	12	1	6	0	55
gi|70607961|ref|YP_256831.1|_2-245_1B0P:A:2-258	2	11	0	10	0	22	13	9	0	257
gi|70607961|ref|YP_256831.1|_257-392_1B0P:A:259-415	1	7	1	4	0	20	14	8	0	157
gi|70607962|ref|YP_256832.1|_13-294_1B0P:A:786-1232	9	8	4	17	0	46	33	30	0	447
gi|70607963|ref|YP_256833.1|_10-272_1PZ1:A:	6	12	9	9	0	39	21	23	0	332
gi|70607964|ref|YP_256834.1|_344-524_2DJI:A:364-592	4	6	2	10	0	28	14	15	0	229
gi|70607964|ref|YP_256834.1|_16-178_1YBH:A:86-280	0	8	4	9	0	19	7	8	0	195
gi|70607964|ref|YP_256834.1|_161-330_1POX:A:183-365	2	5	4	5	0	18	10	7	0	183
gi|70607968|ref|YP_256838.1|_43-145_1FFT:B:118-283	8	10	1	3	0	27	15	9	0	166
gi|70607969|ref|YP_256839.1|_21-274_1VF5:A:	1	0	2	9	0	11	13	10	0	202
gi|70607969|ref|YP_256839.1|_213-382_1BCC:C:262-380	0	0	2	5	0	7	6	5	0	119
gi|70607970|ref|YP_256840.1|_51-248_1JM1:A:	4	14	3	2	0	26	15	13	0	202
gi|70607971|ref|YP_256841.1|_53-191_1QHQ:A:	6	8	1	1	0	19	9	8	0	139
gi|70607972|ref|YP_256842.1|_9-500_1OCR:A:	5	1	6	21	0	35	23	27	0	514
gi|70607972|ref|YP_256842.1|_518-784_1QLE:C:	2	0	1	9	1	18	10	13	0	273
gi|70607975|ref|YP_256845.1|_2-67_2DK5:A:8-85	0	3	0	3	0	8	6	3	0	78
gi|70607976|ref|YP_256846.1|_5-128_1TQ1:A:	2	5	0	5	0	13	8	7	0	119
gi|70607977|ref|YP_256847.1|_338-444_2Z1E:A:156-334	0	7	4	5	0	20	10	10	0	179
gi|70607978|ref|YP_256848.1|_3-174_1FFV:C:1-177	2	10	4	7	0	18	8	15	0	177
gi|70607978|ref|YP_256848.1|_177-280_1JRO:A:346-462	3	4	2	4	0	10	5	5	0	117
gi|70607979|ref|YP_256849.1|_93-162_1FFV:A:82-157	2	0	0	4	0	8	5	4	0	76
gi|70607979|ref|YP_256849.1|_4-96_1FFV:A:3-81	2	5	3	1	0	9	6	8	0	79
gi|70607980|ref|YP_256850.1|_128-744_1FFV:B:147-803	10	28	7	15	0	76	37	37	0	657
gi|70607980|ref|YP_256850.1|_2-156_1N62:B:6-146	1	8	2	5	0	17	10	9	0	141
gi|70607981|ref|YP_256851.1|_5-143_1J30:A:	2	0	0	5	0	8	3	6	0	141
gi|70607982|ref|YP_256852.1|_25-104_1FEH:A:127-209	0	5	3	2	0	8	7	5	0	83
gi|70607984|ref|YP_256854.1|_106-167_2IUB:A:286-349	0	0	0	2	0	2	2	2	0	64
gi|70607985|ref|YP_256855.1|_153-329_2Z1E:A:156-334	0	7	4	5	0	20	10	10	0	179
gi|70607985|ref|YP_256855.1|_16-143_1VQV:A:1-137	5	5	0	3	0	13	6	7	0	137
gi|70607986|ref|YP_256856.1|_206-567_1SIO:A:	8	17	6	8	0	42	24	21	0	357
gi|70607986|ref|YP_256856.1|_35-160_1T1E:A:12-190	2	11	1	4	0	23	7	12	0	179
gi|70607987|ref|YP_256857.1|_4-170_1G2I:A:	2	11	4	6	0	20	6	10	0	166
gi|70607990|ref|YP_256860.1|_3-178_1Q6Z:A:2-181	2	6	5	7	0	17	8	12	0	180
gi|70607990|ref|YP_256860.1|_370-538_1Q6Z:A:342-524	4	6	1	8	0	22	11	10	0	183
gi|70607990|ref|YP_256860.1|_164-339_1YBH:A:281-459	0	6	2	7	0	16	14	9	0	179
gi|70607991|ref|YP_256861.1|_5-435_1PV7:A:	0	0	2	22	0	18	12	14	0	417
gi|70607992|ref|YP_256862.1|_3-189_1RTW:A:	0	0	2	10	0	11	7	6	0	206
gi|70607993|ref|YP_256863.1|_2-131_2GE3:A:6-169	0	7	2	4	0	13	5	8	0	164
gi|70607994|ref|YP_256864.1|_2-246_1NZY:A:	4	8	2	10	0	26	14	13	0	269
gi|70607995|ref|YP_256865.1|_1-255_2DUB:A:	2	10	4	11	0	25	14	14	0	259
gi|70607996|ref|YP_256866.1|_20-209_1Q1R:A:2-114,A:248-319	4	13	3	4	0	23	16	10	1	185
gi|70607996|ref|YP_256866.1|_162-325_1XHC:A:1-103,A:226-289	4	11	2	5	0	18	13	9	1	165
gi|70607996|ref|YP_256866.1|_328-421_1Q1R:A:320-422	0	5	0	3	0	8	3	7	0	103
gi|70607997|ref|YP_256867.1|_4-229_1QFL:A:4-268	6	10	2	8	0	30	16	18	0	265
gi|70607997|ref|YP_256867.1|_231-385_1AFW:A:294-417	3	4	3	4	0	12	4	7	0	124
gi|70607998|ref|YP_256868.1|_4-122_1J1Y:A:	3	6	1	2	0	10	3	6	0	116
gi|70607999|ref|YP_256869.1|_52-398_1T5H:X:	5	27	4	15	0	56	23	34	0	503
gi|70608000|ref|YP_256870.1|_16-114_2GNR:A:8-144	1	11	1	2	0	19	6	6	0	137
gi|70608001|ref|YP_256871.1|_9-267_1JK0:A:	0	0	5	16	1	23	10	16	0	334
gi|70608002|ref|YP_256872.1|_44-278_1I7O:A:214-429	6	15	5	3	0	34	15	10	0	216
gi|70608003|ref|YP_256873.1|_1-273_1U8V:A:1-275	0	12	7	6	0	27	14	15	0	275
gi|70608003|ref|YP_256873.1|_263-477_1U8V:A:276-490	2	2	1	12	0	17	8	16	0	215
gi|70608004|ref|YP_256874.1|_3-270_1Q0O:A:148-359	7	11	2	4	0	27	16	14	0	212
gi|70608006|ref|YP_256876.1|_5-284_1J1L:A:	3	26	3	1	0	39	19	20	0	288
gi|70608007|ref|YP_256877.1|_34-600_1PG4:A:	11	30	5	21	0	71	40	44	0	643
gi|70608008|ref|YP_256878.1|_2-90_1USM:A:	2	4	0	2	0	7	1	4	0	80
gi|70608009|ref|YP_256879.1|_3-349_1Z41:A:2-338	1	12	4	10	0	34	24	18	0	337
gi|70608009|ref|YP_256879.1|_321-441_1PS9:A:331-465,A:628-671	0	7	1	6	0	21	11	13	1	179
gi|70608010|ref|YP_256880.1|_628-706,797-1006_1K32:A:680-762,A:854-1061	6	12	1	9	0	28	15	15	1	291
gi|70608010|ref|YP_256880.1|_2-257_1K32:A:39-319	1	27	1	0	0	31	19	21	0	281
gi|70608010|ref|YP_256880.1|_183-478_1XFD:A:127-591	9	30	2	3	0	57	36	22	0	465
gi|70608010|ref|YP_256880.1|_709-794_1K32:A:763-853	6	6	1	1	0	13	6	8	0	91
gi|70608011|ref|YP_256881.1|_2-222_1VPL:A:	2	10	2	9	0	18	9	15	0	238
gi|70608014|ref|YP_256884.1|_2-218_1VPL:A:	2	10	2	9	0	18	9	15	0	238
gi|70608015|ref|YP_256885.1|_224-489_1B0P:A:2-258	2	11	0	10	0	22	13	9	0	257
gi|70608015|ref|YP_256885.1|_504-615_1W85:B:193-324	0	6	2	5	0	13	8	5	0	132
gi|70608015|ref|YP_256885.1|_7-245_1B0P:A:416-668	2	6	4	9	0	29	21	11	0	253
gi|70608016|ref|YP_256886.1|_9-284_1Q6Z:A:342-524	4	6	1	8	0	22	11	10	0	183
gi|70608019|ref|YP_256889.1|_31-211_1N2S:A:	5	12	2	11	0	34	18	12	0	298
gi|70608021|ref|YP_256891.1|_69-348_1IXK:A:	0	13	5	10	0	28	19	14	0	313
gi|70608022|ref|YP_256892.1|_11-104_2HZT:A:4-98	1	2	1	5	0	9	4	6	0	95
gi|70608025|ref|YP_256895.1|_151-468_1G6O:A:	2	13	3	9	0	31	22	19	0	323
gi|70608028|ref|YP_256898.1|_7-405_1EA0:A:423-1193	9	24	13	27	0	90	50	46	0	771
gi|70608028|ref|YP_256898.1|_423-687_1EA0:A:423-1193	9	24	13	27	0	90	50	46	0	771
gi|70608029|ref|YP_256899.1|_7-358_1XFF:A:	1	15	3	5	0	29	16	11	0	238
gi|70608029|ref|YP_256899.1|_364-556,612-653_1LLW:A:1240-1507	0	10	1	7	0	33	17	19	0	268
gi|70608030|ref|YP_256900.1|_12-179_3EEQ:A:8-214	1	10	3	6	0	24	8	10	0	205
gi|70608031|ref|YP_256901.1|_15-266_1N2Z:A:	4	10	3	10	0	27	17	13	0	245
gi|70608033|ref|YP_256903.1|_2-295_1NVM:A:2-290	10	8	3	11	0	35	15	21	0	289
gi|70608033|ref|YP_256903.1|_401-508_1SR9:A:492-643	0	6	0	2	0	7	5	4	0	152
gi|70608035|ref|YP_256905.1|_11-132_1XHS:A:	0	6	0	2	0	14	7	7	0	113
gi|70608035|ref|YP_256905.1|_138-264_1XHS:A:	0	6	0	2	0	14	7	7	0	113
gi|70608037|ref|YP_256907.1|_54-114_2EXD:A:72-143	0	5	0	0	0	10	2	5	0	72
gi|70608039|ref|YP_256909.1|_55-188_1WIN:A:	0	6	0	5	0	15	6	3	0	142
gi|70608040|ref|YP_256910.1|_2-229_2FNA:A:1-283	0	7	3	11	0	23	13	17	0	283
gi|70608041|ref|YP_256911.1|_164-320_2C5S:A:174-391	1	6	3	9	0	18	9	9	0	218
gi|70608041|ref|YP_256911.1|_6-162_1VBK:A:1-175	1	9	0	4	0	18	12	7	0	175
gi|70608042|ref|YP_256912.1|_2-175,282-334_1GR0:A:14-200,A:312-367	6	9	1	9	0	28	17	15	1	243
gi|70608042|ref|YP_256912.1|_179-285_1GR0:A:201-311	0	5	2	2	0	6	3	3	0	111
gi|70608047|ref|YP_256917.1|_40-132_2FUG:9:26-179	5	7	1	3	0	27	18	9	0	154
gi|70608049|ref|YP_256919.1|_30-400_2FUG:4:35-409	3	7	3	13	0	39	26	18	0	375
gi|70608050|ref|YP_256920.1|_8-155_2FUG:5:1-196	0	7	0	4	0	27	19	10	0	196
gi|70608052|ref|YP_256922.1|_1-205_1KQ4:A:	3	5	3	8	0	15	6	9	0	231
gi|70608053|ref|YP_256923.1|_47-102_1ZPY:A:4-94	0	0	1	3	0	8	4	2	0	91
gi|70608054|ref|YP_256924.1|_205-316_1NC5:A:	11	6	5	13	0	40	21	26	0	363
gi|70608055|ref|YP_256925.1|_5-227_2H1Q:A:1-251	2	10	5	11	0	19	17	17	0	251
gi|70608056|ref|YP_256926.1|_16-150_1XMA:A:	0	3	1	4	0	6	3	4	0	103
gi|70608057|ref|YP_256927.1|_3-178_2PB9:A:268-451	3	9	2	6	0	23	10	11	0	184
gi|70608058|ref|YP_256928.1|_130-221_1QMU:A:305-383	2	9	0	0	0	10	3	5	0	79
gi|70608058|ref|YP_256928.1|_350-465_2NRJ:A:2-341	0	3	6	8	0	16	7	12	0	339
gi|70608060|ref|YP_256930.1|_376-451_1QMU:A:305-383	2	9	0	0	0	10	3	5	0	79
gi|70608062|ref|YP_256932.1|_24-73_1SQ8:A:	0	0	0	5	0	7	3	6	0	64
gi|70608063|ref|YP_256933.1|_73-113_1WJ7:A:8-98	0	0	0	4	0	9	8	4	0	91
gi|70608064|ref|YP_256934.1|_6-422_2I7T:A:9-459	0	22	5	10	0	45	27	19	0	451
gi|70608065|ref|YP_256935.1|_267-361_1NYR:A:533-645	0	5	0	5	0	10	5	7	0	113
gi|70608066|ref|YP_256936.1|_256-589_1MOQ:A:	1	12	7	13	0	28	17	19	0	366
gi|70608066|ref|YP_256936.1|_2-234_1XFF:A:	1	15	3	5	0	29	16	11	0	238
gi|70608067|ref|YP_256937.1|_3-189_1KKH:A:1-180	0	7	4	4	0	13	9	6	0	175
gi|70608067|ref|YP_256937.1|_172-302_1KKH:A:181-317	1	4	1	6	0	12	5	5	0	137
gi|70608068|ref|YP_256938.1|_1-269_1LVW:A:	1	14	3	11	0	29	22	21	0	294
gi|70608068|ref|YP_256938.1|_226-349_1HM9:A:252-459	3	28	3	0	0	55	16	17	0	208
gi|70608071|ref|YP_256941.1|_5-177_1VKN:A:1-144,A:308-339	3	6	2	7	0	19	10	11	1	176
gi|70608071|ref|YP_256941.1|_148-335_2GZ1:A:128-329	7	6	3	5	0	24	11	11	0	202
gi|70608072|ref|YP_256942.1|_21-242_1WZN:A:1-251	1	11	4	7	0	20	9	14	0	251
gi|70608073|ref|YP_256943.1|_1-307_1VLL:A:	3	15	2	12	0	33	17	19	0	321
gi|70608074|ref|YP_256944.1|_29-197_1RTY:B:	0	2	1	5	0	10	6	4	0	180
gi|70608075|ref|YP_256945.1|_175-507_1SIO:A:	8	17	6	8	0	42	24	21	0	357
gi|70608076|ref|YP_256946.1|_5-408_1PB1:A:	2	18	4	13	0	49	20	20	0	416
