PDB_ID	B	E	G	H	I	L	S	T	X	sequence_length
gi|116751205|ref|YP_847892.1|_4-136_1J23:A:	0	6	1	5	0	12	9	5	0	131
gi|116747453|ref|YP_844140.1|_109-318_1L8Q:A:77-289	0	5	2	9	0	17	9	11	0	213
gi|116747453|ref|YP_844140.1|_348-443_1J1V:A:	0	0	0	6	0	7	3	3	0	94
gi|116747454|ref|YP_844141.1|_3-92_1IHF:A:	1	5	0	3	0	10	0	4	0	96
gi|116747455|ref|YP_844142.1|_4-126_1B66:A:	0	5	2	5	0	13	4	8	0	138
gi|116747457|ref|YP_844144.1|_471-589_1W3B:A:	0	0	0	23	0	35	6	26	0	388
gi|116747458|ref|YP_844145.1|_37-348_1VIM:A:	0	5	1	8	0	19	10	10	0	199
gi|116747459|ref|YP_844146.1|_27-261_1GPH:1:1-234	3	13	2	6	0	27	14	15	0	234
gi|116747459|ref|YP_844146.1|_260-484_1GPH:1:235-465	2	10	2	10	0	29	15	13	0	231
gi|116747460|ref|YP_844147.1|_128-400_1A9X:A:128-402	4	11	3	7	0	30	24	12	0	275
gi|116747460|ref|YP_844147.1|_675-935_1A9X:A:677-935	1	11	2	8	0	28	16	9	0	259
gi|116747460|ref|YP_844147.1|_559-677_1A9X:A:556-676	3	4	0	6	0	13	10	8	0	121
gi|116747460|ref|YP_844147.1|_1-127_1A9X:A:1-127	2	5	2	5	0	17	8	6	0	127
gi|116747460|ref|YP_844147.1|_396-556_1A9X:A:403-555	3	2	1	7	0	15	8	10	0	153
gi|116747460|ref|YP_844147.1|_937-1073_1A9X:A:936-1073	2	5	1	7	0	14	5	11	0	138
gi|116747461|ref|YP_844148.1|_190-378_1A9X:B:1653-1880	4	10	1	6	0	22	14	15	0	228
gi|116747461|ref|YP_844148.1|_9-154_1A9X:B:1502-1652	4	7	2	4	0	22	12	6	0	151
gi|116747462|ref|YP_844149.1|_1-242_1VH1:A:	1	11	0	10	0	26	12	14	0	246
gi|116747463|ref|YP_844150.1|_489-754_1V4A:A:2-286	2	7	3	12	0	25	14	12	0	285
gi|116747463|ref|YP_844150.1|_4-261_1V4A:A:2-286	2	7	3	12	0	25	14	12	0	285
gi|116747463|ref|YP_844150.1|_263-415_1V4A:A:287-437	2	0	1	6	0	11	7	7	0	151
gi|116747463|ref|YP_844150.1|_763-912_1V4A:A:287-437	2	0	1	6	0	11	7	7	0	151
gi|116747464|ref|YP_844151.1|_162-247_1KF6:B:106-243	0	0	3	8	0	15	4	9	0	138
gi|116747465|ref|YP_844152.1|_244-486_1H7W:A:184-287,A:441-532	6	7	3	6	0	23	15	12	1	196
gi|116747465|ref|YP_844152.1|_152-254_1H7W:A:2-183	1	0	4	8	0	20	11	12	0	182
gi|116747465|ref|YP_844152.1|_611-637,1014-1096_1FCA:A:	0	4	1	1	0	12	1	6	0	55
gi|116747465|ref|YP_844152.1|_10-100_2I0Z:A:1-192,A:362-420	4	15	6	8	0	27	12	15	1	251
gi|116747465|ref|YP_844152.1|_422-548_1H7W:A:184-287,A:441-532	6	7	3	6	0	23	15	12	1	196
gi|116747465|ref|YP_844152.1|_101-172_1KF6:B:106-243	0	0	3	8	0	15	4	9	0	138
gi|116747465|ref|YP_844152.1|_870-956_1H6V:A:171-292	1	7	0	4	0	13	9	7	0	122
gi|116747466|ref|YP_844153.1|_17-189_1B0P:A:416-668	2	6	4	9	0	29	21	11	0	253
gi|116747467|ref|YP_844154.1|_21-258_1B0P:A:786-1232	9	8	4	17	0	46	33	30	0	447
gi|116747468|ref|YP_844155.1|_10-261_1B0P:A:2-258	2	11	0	10	0	22	13	9	0	257
gi|116747468|ref|YP_844155.1|_270-380_1W85:B:193-324	0	6	2	5	0	13	8	5	0	132
gi|116747469|ref|YP_844156.1|_13-85_1JB0:C:	0	4	1	2	0	12	5	5	0	80
gi|116747470|ref|YP_844157.1|_2-246_2H1Q:A:1-251	2	10	5	11	0	19	17	17	0	251
gi|116747471|ref|YP_844158.1|_573-767_1XHK:A:	5	9	2	4	0	19	12	7	0	185
gi|116747471|ref|YP_844158.1|_35-93,316-561_1G6O:A:	2	13	3	9	0	31	22	19	0	323
gi|116747472|ref|YP_844159.1|_7-62_1E3H:A:579-632	2	0	0	1	0	4	3	0	0	54
gi|116747473|ref|YP_844160.1|_1-99_1LXN:A:	0	4	0	3	0	7	6	3	0	99
gi|116747474|ref|YP_844161.1|_39-264_1XP3:A:2-298	3	12	4	10	0	36	13	18	0	297
gi|116747475|ref|YP_844162.1|_36-311_1PQ4:A:	4	8	5	9	0	24	11	10	0	289
gi|116747476|ref|YP_844163.1|_7-138_1MZB:A:	1	5	0	5	0	12	4	5	0	134
gi|116747478|ref|YP_844165.1|_36-264_1Q35:A:	6	9	5	13	0	28	16	19	0	318
gi|116747479|ref|YP_844166.1|_17-225_2ONK:C:1-252	0	0	1	12	0	13	9	9	0	252
gi|116747480|ref|YP_844167.1|_4-228_1G29:1:1-240	1	11	4	8	0	20	15	14	0	240
gi|116747481|ref|YP_844168.1|_196-358_2IV2:X:1-564	10	22	7	22	0	67	42	29	0	564
gi|116747481|ref|YP_844168.1|_84-221_1FEH:A:127-209	0	5	3	2	0	8	7	5	0	83
gi|116747481|ref|YP_844168.1|_16-82_1FEH:A:1-126	4	5	1	3	0	15	6	10	0	126
gi|116747482|ref|YP_844169.1|_1-418_2IV2:X:1-564	10	22	7	22	0	67	42	29	0	564
gi|116747482|ref|YP_844169.1|_371-528_2IV2:X:565-715	0	6	1	3	0	18	8	7	0	151
gi|116747483|ref|YP_844170.1|_6-146_2GLZ:A:3-151	0	5	0	6	0	16	8	7	0	149
gi|116747483|ref|YP_844170.1|_374-522_1G8L:A:178-326	1	9	0	5	0	17	13	5	0	149
gi|116747484|ref|YP_844171.1|_34-127_1B9M:A:1-126	0	5	0	5	0	9	4	5	0	127
gi|116747485|ref|YP_844172.1|_5-264_2PW9:A:7-257	4	12	3	7	0	20	11	9	0	251
gi|116747486|ref|YP_844173.1|_43-195_1H0H:A:1-812	26	32	15	25	0	110	58	62	0	812
gi|116747487|ref|YP_844174.1|_1-637_1H0H:A:1-812	26	32	15	25	0	110	58	62	0	812
gi|116747487|ref|YP_844174.1|_617-646,673-804_1H0H:A:813-977	3	8	1	3	0	26	19	12	0	165
gi|116747488|ref|YP_844175.1|_5-213_1H0H:B:	2	10	3	6	0	29	13	15	0	214
gi|116747489|ref|YP_844176.1|_15-309_2FIY:A:19-308	0	8	2	10	0	31	11	22	0	290
gi|116747490|ref|YP_844177.1|_47-269_1TWY:A:	4	13	2	8	0	31	13	17	0	249
gi|116747492|ref|YP_844179.1|_4-345_1R53:A:	6	14	2	9	0	32	13	18	0	371
gi|116747493|ref|YP_844180.1|_1-79_1MBX:C:	0	3	0	3	0	6	2	1	0	87
gi|116747494|ref|YP_844181.1|_443-739_1KSF:X:437-755	2	10	4	12	0	25	21	18	0	319
gi|116747494|ref|YP_844181.1|_174-435_1KSF:X:168-436	0	5	1	10	1	25	19	11	0	269
gi|116747494|ref|YP_844181.1|_1-141_1K6K:A:	4	2	0	8	0	17	8	7	0	142
gi|116747495|ref|YP_844182.1|_3-220_2CXA:A:1-232	0	12	2	7	0	21	9	14	0	232
gi|116747497|ref|YP_844184.1|_122-297_1FP6:A:	1	8	3	12	0	26	18	18	0	289
gi|116747498|ref|YP_844185.1|_8-309_1E19:A:	1	17	4	9	0	29	9	17	0	313
gi|116747501|ref|YP_844188.1|_82-211_1QSA:A:451-618	3	0	1	9	0	18	9	10	0	168
gi|116747502|ref|YP_844189.1|_1-217_1VPX:A:	2	8	0	10	0	20	11	9	0	229
gi|116747504|ref|YP_844191.1|_1-153_1F9Y:A:	2	8	1	4	0	23	10	8	0	158
gi|116747505|ref|YP_844192.1|_6-386_1GDE:A:	4	12	7	13	0	42	12	25	0	388
gi|116747506|ref|YP_844193.1|_1-126,236-266_1DIH:A:2-130,A:241-273	1	8	1	5	0	21	13	10	1	162
gi|116747506|ref|YP_844193.1|_127-236_1DIH:A:131-240	0	5	1	2	0	11	5	8	0	110
gi|116747507|ref|YP_844194.1|_1-290_1O5K:A:	0	10	4	12	0	25	12	16	0	305
gi|116747508|ref|YP_844195.1|_9-129_1BWZ:A:1-130	0	7	1	2	0	14	10	9	0	130
gi|116747508|ref|YP_844195.1|_134-279_1BWZ:A:1-130	0	7	1	2	0	14	10	9	0	130
gi|116747509|ref|YP_844196.1|_36-292_1TWI:A:50-313	2	10	3	10	0	22	16	8	0	264
gi|116747509|ref|YP_844196.1|_263-424_1TWI:A:15-49,A:314-448	3	12	2	3	0	22	7	10	1	170
gi|116747510|ref|YP_844197.1|_174-343_1V5J:A:	2	8	0	0	0	15	8	3	0	107
gi|116747511|ref|YP_844198.1|_5-457_1TJ7:A:	4	4	6	20	0	37	14	25	0	455
gi|116747512|ref|YP_844199.1|_172-397_1KOR:A:171-395	0	9	2	5	0	20	9	10	0	225
gi|116747512|ref|YP_844199.1|_4-202_1KOR:A:1-165	2	5	1	7	0	16	7	11	0	165
gi|116747513|ref|YP_844200.1|_2-304_1PVV:A:151-313	4	5	1	7	0	19	9	11	0	163
gi|116747514|ref|YP_844201.1|_11-392_1VEF:A:9-395	3	17	2	15	0	38	24	27	0	387
gi|116747515|ref|YP_844202.1|_2-290_2BUF:A:2-301	7	11	1	10	0	27	12	17	0	300
gi|116747516|ref|YP_844203.1|_5-464_1E94:E:	0	11	6	19	0	34	19	21	0	448
gi|116747517|ref|YP_844204.1|_5-178_1M4Y:A:	0	11	1	4	0	17	7	8	0	171
gi|116747518|ref|YP_844205.1|_17-314_1A0P:A:111-292	4	3	3	8	0	17	7	7	0	182
gi|116747519|ref|YP_844206.1|_5-278_2BV3:A:7-282	2	11	3	8	0	22	12	14	0	276
gi|116747519|ref|YP_844206.1|_474-594_2BV3:A:479-599	1	6	1	2	0	15	8	4	0	121
gi|116747519|ref|YP_844206.1|_598-686_2BV3:A:600-688	0	4	2	3	0	5	0	4	0	89
gi|116747519|ref|YP_844206.1|_262-397_2BV3:A:283-403	1	12	0	0	0	15	9	9	0	121
gi|116747519|ref|YP_844206.1|_400-476_1FNM:A:404-482	0	5	0	2	0	8	3	2	0	79
gi|116747521|ref|YP_844208.1|_16-166_1JLJ:A:	0	6	2	8	0	17	8	7	0	169
gi|116747524|ref|YP_844211.1|_36-234_1IWM:A:	0	13	0	3	0	21	10	9	0	177
gi|116747525|ref|YP_844212.1|_249-551_1W3B:A:	0	0	0	23	0	35	6	26	0	388
gi|116747525|ref|YP_844212.1|_49-284_1W3B:A:	0	0	0	23	0	35	6	26	0	388
gi|116747527|ref|YP_844214.1|_11-305_1BBU:A:161-502	3	13	4	11	0	30	17	16	0	342
gi|116747528|ref|YP_844215.1|_131-188_1UEB:A:127-184	0	5	0	0	0	7	4	4	0	58
gi|116747528|ref|YP_844215.1|_6-65_1UEB:A:1-63	0	6	1	0	0	7	2	4	0	63
gi|116747528|ref|YP_844215.1|_68-129_1UEB:A:64-126	1	5	2	0	0	5	1	5	0	63
gi|116747529|ref|YP_844216.1|_141-424_1IYX:A:137-431	4	13	3	9	0	38	18	14	0	295
gi|116747529|ref|YP_844216.1|_3-138_1E9I:A:1-139	4	4	1	5	0	16	9	9	0	139
gi|116747531|ref|YP_844218.1|_63-88,134-294_2G40:A:38-212	0	10	3	4	0	18	8	9	0	175
gi|116747531|ref|YP_844218.1|_290-390_1CLF:A:	2	2	0	0	0	11	4	6	0	55
gi|116747532|ref|YP_844219.1|_18-133_2G40:A:38-212	0	10	3	4	0	18	8	9	0	175
gi|116747535|ref|YP_844222.1|_4-112_1P1T:A:	2	4	0	4	0	11	10	6	0	104
gi|116747537|ref|YP_844224.1|_357-607_3B60:A:329-581	4	10	2	9	0	24	18	16	0	253
gi|116747537|ref|YP_844224.1|_34-354_1PF4:A:10-320	0	0	9	16	0	12	11	14	0	310
gi|116747538|ref|YP_844225.1|_101-249_1WOT:A:	0	4	0	4	0	13	6	4	0	98
gi|116747541|ref|YP_844228.1|_60-502_1SP3:A:	9	14	6	14	0	65	40	30	0	442
gi|116747542|ref|YP_844229.1|_7-202_1KQF:C:	1	2	4	10	0	14	7	8	0	216
gi|116747544|ref|YP_844231.1|_4-98_1E0C:A:1-135	2	5	2	5	0	18	7	11	0	135
gi|116747545|ref|YP_844232.1|_19-407_1PV7:A:	0	0	2	22	0	18	12	14	0	417
gi|116747549|ref|YP_844236.1|_604-778_1RRE:A:	5	10	1	6	0	17	11	10	0	182
gi|116747549|ref|YP_844236.1|_319-595_1QZM:A:	0	2	0	5	0	9	2	6	0	94
gi|116747549|ref|YP_844236.1|_19-208_2ANE:A:8-117	2	6	1	1	0	12	6	4	0	110
gi|116747550|ref|YP_844237.1|_62-399_1UM8:A:	0	10	5	15	0	31	13	21	0	364
gi|116747550|ref|YP_844237.1|_12-47_1OVX:A:	0	2	0	1	0	5	2	2	0	38
gi|116747551|ref|YP_844238.1|_11-192_1TYF:A:	2	9	0	7	0	18	7	7	0	183
gi|116747552|ref|YP_844239.1|_250-424_1T11:A:248-376	1	1	2	5	0	8	6	7	0	129
gi|116747552|ref|YP_844239.1|_1-130_1T11:A:1-129	2	5	0	2	0	14	6	7	0	129
gi|116747552|ref|YP_844239.1|_91-244_1W26:A:132-247	1	8	0	2	0	20	10	6	0	116
gi|116747553|ref|YP_844240.1|_48-149_1T92:A:	2	4	2	1	0	18	8	5	0	115
gi|116747554|ref|YP_844241.1|_6-292_1OLT:A:	1	19	6	15	0	46	26	24	0	441
gi|116747555|ref|YP_844242.1|_1-65,96-256_2CUL:A:2-231	1	16	3	5	0	24	13	15	0	230
gi|116747556|ref|YP_844243.1|_10-138_1MZB:A:	1	5	0	5	0	12	4	5	0	134
gi|116747557|ref|YP_844244.1|_4-261_1EFV:B:	2	13	1	8	0	24	12	15	0	252
gi|116747558|ref|YP_844245.1|_201-320_1EFV:A:208-331	2	5	5	4	0	16	12	8	0	124
gi|116747558|ref|YP_844245.1|_5-194_1O97:D:1-192	2	13	1	5	0	22	12	11	0	192
gi|116747559|ref|YP_844246.1|_9-557_1LCI:A:	7	27	4	15	0	64	28	38	0	541
gi|116747562|ref|YP_844249.1|_3-164_1G6Q:1:	7	15	2	8	0	32	15	22	0	328
gi|116747563|ref|YP_844250.1|_6-258_1O5I:A:	4	7	4	9	0	23	14	14	0	234
gi|116747564|ref|YP_844251.1|_6-331_1MZJ:A:3-183	2	7	3	5	0	21	10	6	0	181
gi|116747565|ref|YP_844252.1|_7-291_1B0P:A:786-1232	9	8	4	17	0	46	33	30	0	447
gi|116747566|ref|YP_844253.1|_4-259_1B0P:A:2-258	2	11	0	10	0	22	13	9	0	257
gi|116747566|ref|YP_844253.1|_265-388_1B0P:A:259-415	1	7	1	4	0	20	14	8	0	157
gi|116747568|ref|YP_844255.1|_172-566_1P9R:A:	2	16	4	14	0	37	18	18	0	417
gi|116747568|ref|YP_844255.1|_8-146_2D28:C:1-149	1	3	1	7	0	18	9	6	0	149
gi|116747570|ref|YP_844257.1|_404-569_1R62:A:	0	7	1	3	0	11	0	7	0	156
gi|116747570|ref|YP_844257.1|_340-414_1JOY:A:	0	0	0	3	0	3	2	3	0	67
gi|116747570|ref|YP_844257.1|_209-331_1V9Y:A:	2	5	3	3	0	10	6	6	0	113
gi|116747571|ref|YP_844258.1|_1-95_1WE3:O:	0	9	0	0	0	19	8	7	0	96
gi|116747572|ref|YP_844259.1|_183-375_1KID:A:	4	9	4	5	0	22	10	5	0	193
gi|116747572|ref|YP_844259.1|_6-133,405-519_1WE3:A:3-138,A:409-527	1	8	1	10	0	18	7	11	1	255
gi|116747572|ref|YP_844259.1|_136-203_1OEL:A:137-190,A:367-409	0	3	0	4	0	7	5	2	1	97
gi|116747573|ref|YP_844260.1|_1-201,398-647_1FFY:A:1-200,A:395-644	8	19	3	17	0	45	29	24	1	450
gi|116747573|ref|YP_844260.1|_652-926_1FFY:A:645-917	0	8	4	11	1	21	16	15	0	273
gi|116747573|ref|YP_844260.1|_202-398_1FFY:A:201-394	6	3	3	4	0	27	16	12	0	194
gi|116747576|ref|YP_844263.1|_689-786_2C2L:A:24-224	0	0	1	10	0	12	7	11	0	201
gi|116747576|ref|YP_844263.1|_437-548_1ELR:A:	0	0	0	7	0	9	1	5	0	128
gi|116747577|ref|YP_844264.1|_11-128_1OQW:A:	5	6	1	2	0	19	5	9	0	144
gi|116747579|ref|YP_844266.1|_24-281_1XHB:A:95-422	1	12	5	11	0	35	18	17	0	328
gi|116747581|ref|YP_844268.1|_16-262_1QG8:A:	2	9	4	8	0	22	13	12	0	255
gi|116747584|ref|YP_844271.1|_83-335_1MUS:A:	5	11	8	14	0	40	22	21	0	476
gi|116749459|ref|YP_846146.1|_83-335_1MUS:A:	5	11	8	14	0	40	22	21	0	476
gi|116749783|ref|YP_846470.1|_83-335_1MUS:A:	5	11	8	14	0	40	22	21	0	476
gi|116751175|ref|YP_847862.1|_83-335_1MUS:A:	5	11	8	14	0	40	22	21	0	476
gi|116747586|ref|YP_844273.1|_1-181_1R6D:A:	3	12	4	12	0	35	11	18	0	322
gi|116747587|ref|YP_844274.1|_134-298_1EXQ:A:	0	5	3	5	0	10	7	4	0	154
gi|116750259|ref|YP_846946.1|_134-298_1EXQ:A:	0	5	3	5	0	10	7	4	0	154
gi|116747588|ref|YP_844275.1|_68-236_1L8Q:A:77-289	0	5	2	9	0	17	9	11	0	213
gi|116750258|ref|YP_846945.1|_68-236_1L8Q:A:77-289	0	5	2	9	0	17	9	11	0	213
gi|116747590|ref|YP_844277.1|_2-292,390-426_1SEZ:A:13-329,A:442-497	7	15	2	15	0	38	28	17	1	373
gi|116747592|ref|YP_844279.1|_5-174_1W1O:A:40-245	2	10	2	6	0	23	19	14	0	206
gi|116747593|ref|YP_844280.1|_3-241_1VL8:A:	2	7	6	9	0	25	10	14	0	251
gi|116747595|ref|YP_844282.1|_2-363_2F9F:A:2-167	2	6	1	7	0	19	11	10	0	166
gi|116747596|ref|YP_844283.1|_11-262_1QG8:A:	2	9	4	8	0	22	13	12	0	255
gi|116747597|ref|YP_844284.1|_1-163_1LRY:A:	2	7	3	3	0	16	6	6	0	165
gi|116747598|ref|YP_844285.1|_1-197_1FMT:A:1-206	5	7	1	6	0	25	13	8	0	206
gi|116747598|ref|YP_844285.1|_199-304_1FMT:A:207-314	5	6	1	3	0	10	7	7	0	108
gi|116747600|ref|YP_844287.1|_141-447_1SQG:A:145-428	2	12	5	11	0	31	13	23	0	284
gi|116747600|ref|YP_844287.1|_3-156_1SQG:A:5-144	0	0	3	6	0	9	4	3	0	140
gi|116747601|ref|YP_844288.1|_241-486_1XHB:A:95-422	1	12	5	11	0	35	18	17	0	328
gi|116747601|ref|YP_844288.1|_26-208_1VE3:A:2-227	0	10	2	7	0	20	9	11	0	226
gi|116747604|ref|YP_844291.1|_3-345_2D5B:A:1-348	3	16	3	14	0	29	15	22	0	348
gi|116747604|ref|YP_844291.1|_351-515_1RQG:A:397-606	2	0	1	10	0	14	6	10	0	210
gi|116747604|ref|YP_844291.1|_538-635_1PYB:A:	1	8	0	2	0	16	10	6	0	107
gi|116747606|ref|YP_844293.1|_3-206_1JR3:A:3-242	2	5	2	11	0	27	23	12	0	240
gi|116747607|ref|YP_844294.1|_150-283_2PQ7:A:1-217	0	0	2	10	0	9	5	7	0	217
gi|116747607|ref|YP_844294.1|_4-86_1O7I:A:	2	7	3	0	0	15	2	8	0	115
gi|116747610|ref|YP_844297.1|_259-366_1J6Y:A:	0	5	0	4	0	20	14	4	0	138
gi|116747610|ref|YP_844297.1|_38-165,199-237_1M5Y:A:25-164,A:395-427	0	3	0	7	0	10	2	6	1	173
gi|116747610|ref|YP_844297.1|_388-480_1J6Y:A:	0	5	0	4	0	20	14	4	0	138
gi|116747611|ref|YP_844298.1|_6-200_1N3B:A:	0	5	2	8	0	16	7	7	0	204
gi|116747613|ref|YP_844300.1|_49-402_1VH4:A:	0	20	1	8	0	48	17	22	0	413
gi|116747614|ref|YP_844301.1|_2-235_3D31:A:1-229	0	10	1	9	0	26	15	14	0	229
gi|116747616|ref|YP_844303.1|_141-366_1TV8:A:	4	11	4	10	0	39	20	20	0	327
gi|116747617|ref|YP_844304.1|_6-252_2C5S:A:174-391	1	6	3	9	0	18	9	9	0	218
gi|116747618|ref|YP_844305.1|_76-132_1CLF:A:	2	2	0	0	0	11	4	6	0	55
gi|116747618|ref|YP_844305.1|_4-75_2QRR:A:2-98	0	5	0	3	0	10	5	4	0	97
gi|116747619|ref|YP_844306.1|_145-364_1PV9:A:125-345	6	13	2	4	0	27	12	10	0	221
gi|116747619|ref|YP_844306.1|_3-143_1PV9:A:8-124	1	6	1	6	0	11	7	7	0	117
gi|116747621|ref|YP_844308.1|_1-124_2EF7:A:1-127	5	7	2	4	0	12	7	10	0	127
gi|116747622|ref|YP_844309.1|_8-448_1SZQ:A:	10	6	6	22	0	48	24	27	0	473
gi|116747623|ref|YP_844310.1|_2-104_2BS2:B:1-106	2	7	2	1	0	12	3	10	0	106
gi|116747623|ref|YP_844310.1|_106-190_1KF6:B:106-243	0	0	3	8	0	15	4	9	0	138
gi|116747624|ref|YP_844311.1|_7-225,322-390_1NEK:A:1-235,A:356-450	7	17	3	8	0	41	22	15	1	330
gi|116747624|ref|YP_844311.1|_412-542_2BS2:A:458-655	7	4	2	5	0	26	11	8	0	198
gi|116747624|ref|YP_844311.1|_202-318_1NEK:A:236-355	2	4	1	5	0	14	7	9	0	120
gi|116747625|ref|YP_844312.1|_30-133_1S6I:A:	0	4	0	8	0	18	14	14	0	182
gi|116747627|ref|YP_844314.1|_55-135_1RFJ:A:	2	2	0	7	0	16	5	7	0	148
gi|116747628|ref|YP_844315.1|_77-355_1RWI:A:	0	24	4	0	0	44	15	15	0	269
gi|116747629|ref|YP_844316.1|_1-333_1SB8:A:	3	13	2	14	0	34	16	17	0	341
gi|116747630|ref|YP_844317.1|_6-153_1MJH:A:	0	5	1	4	0	16	7	5	0	160
gi|116747631|ref|YP_844318.1|_1-160_1WJG:A:	0	5	1	4	0	15	7	4	0	135
gi|116747634|ref|YP_844321.1|_130-243_1WIN:A:	0	6	0	5	0	15	6	3	0	142
gi|116747635|ref|YP_844322.1|_66-149,183-233_1WIN:A:	0	6	0	5	0	15	6	3	0	142
gi|116747636|ref|YP_844323.1|_17-396_2BO4:A:2-382	0	8	4	17	0	37	18	18	0	381
gi|116747637|ref|YP_844324.1|_2-118_1SRR:A:	0	5	0	5	0	13	7	4	0	119
gi|116747640|ref|YP_844327.1|_24-342_2HEK:A:1-369	2	9	4	20	0	25	19	23	0	369
gi|116747642|ref|YP_844329.1|_7-196,344-575_1GAX:A:1-189,A:343-578	8	19	6	13	0	45	23	23	1	425
gi|116747642|ref|YP_844329.1|_578-832_1IVS:A:579-796	2	4	1	9	0	16	9	7	0	218
gi|116747642|ref|YP_844329.1|_195-345_1GAX:A:190-342	5	8	2	2	0	23	11	10	0	153
gi|116747642|ref|YP_844329.1|_817-877_1IVS:A:797-862	0	0	0	3	0	3	2	3	0	66
gi|116747643|ref|YP_844330.1|_107-272_1QAP:A:130-296	1	8	0	8	0	19	12	8	0	167
gi|116747643|ref|YP_844330.1|_4-106_1QPO:A:2-116	0	5	0	4	0	11	3	5	0	115
gi|116747646|ref|YP_844333.1|_29-140_1G7S:A:329-459	3	4	0	5	0	10	10	6	0	131
gi|116747646|ref|YP_844333.1|_135-225_1D1N:A:	2	7	0	0	0	17	11	2	0	99
gi|116747647|ref|YP_844334.1|_5-162_1YQG:A:1-152	0	8	1	5	0	19	9	9	0	152
gi|116747647|ref|YP_844334.1|_163-270_2AMF:A:153-256	0	0	1	6	0	5	2	5	0	104
gi|116747649|ref|YP_844336.1|_15-164_2FUG:6:15-175	2	4	2	5	0	17	14	7	0	161
gi|116747650|ref|YP_844337.1|_32-148_2FUG:5:1-196	0	7	0	4	0	27	19	10	0	196
gi|116747651|ref|YP_844338.1|_23-373_2FUG:4:35-409	3	7	3	13	0	39	26	18	0	375
gi|116747653|ref|YP_844340.1|_34-136_2FUG:9:26-179	5	7	1	3	0	27	18	9	0	154
gi|116747659|ref|YP_844346.1|_50-143_1F37:A:	0	5	3	2	0	14	6	7	0	109
gi|116747661|ref|YP_844348.1|_92-298_1WEK:A:	0	7	1	8	0	20	13	9	0	208
gi|116747661|ref|YP_844348.1|_11-66_2BGW:A:160-229	0	0	0	5	0	5	4	4	0	70
gi|116747662|ref|YP_844349.1|_3-601_1MW9:X:	5	17	5	18	0	50	23	23	0	591
gi|116747662|ref|YP_844349.1|_629-676_1YUA:A:1-65	1	3	0	1	0	10	7	2	0	65
gi|116747662|ref|YP_844349.1|_587-627_1DL6:A:	2	3	0	0	0	13	8	3	0	58
gi|116747664|ref|YP_844351.1|_74-252_1VHK:A:74-253	1	6	1	6	0	18	5	10	0	180
gi|116747664|ref|YP_844351.1|_4-70_1NXZ:A:2-73	0	6	0	1	0	10	4	4	0	72
gi|116747668|ref|YP_844355.1|_19-366_1EQJ:A:3-76,A:311-510	6	8	4	9	0	34	20	17	1	274
gi|116747668|ref|YP_844355.1|_557-720_1W3B:A:	0	0	0	23	0	35	6	26	0	388
gi|116747668|ref|YP_844355.1|_756-953_1Y63:A:	0	5	2	7	0	14	11	7	0	174
gi|116747668|ref|YP_844355.1|_435-511_2FF4:A:105-283	2	0	2	8	0	9	4	10	0	179
gi|116747669|ref|YP_844356.1|_274-507_1TYE:A:	12	36	2	4	0	66	33	39	0	452
gi|116747670|ref|YP_844357.1|_330-507_1TYE:A:	12	36	2	4	0	66	33	39	0	452
gi|116747672|ref|YP_844359.1|_26-157_2HQ9:A:1-148	1	8	1	3	0	11	3	3	0	148
gi|116747673|ref|YP_844360.1|_66-157_1VE3:A:2-227	0	10	2	7	0	20	9	11	0	226
gi|116747675|ref|YP_844362.1|_84-153_2F23:A:78-156	1	5	1	1	0	10	3	8	0	79
gi|116747675|ref|YP_844362.1|_2-74_1GRJ:A:2-79	0	2	2	3	0	4	0	2	0	78
gi|116747676|ref|YP_844363.1|_15-172_1MP2:A:	1	10	0	4	0	18	7	8	0	202
gi|116747678|ref|YP_844365.1|_22-202_1BKJ:A:	2	5	2	11	0	20	9	11	0	239
gi|116747680|ref|YP_844367.1|_521-690_2C2A:A:321-481	0	7	2	3	0	13	4	10	0	161
gi|116747680|ref|YP_844367.1|_707-832_1U0S:Y:	0	5	1	5	0	15	5	4	0	118
gi|116747680|ref|YP_844367.1|_320-440_1BYW:A:	2	5	1	3	0	13	3	8	0	110
gi|116747680|ref|YP_844367.1|_229-332_1G28:A:	1	5	1	3	0	14	5	6	0	104
gi|116747680|ref|YP_844367.1|_67-177_1N9L:A:	0	5	1	3	0	14	5	7	0	109
gi|116747680|ref|YP_844367.1|_462-528_1JOY:A:	0	0	0	3	0	3	2	3	0	67
gi|116747681|ref|YP_844368.1|_1-132_1J1Y:A:	3	6	1	2	0	10	3	6	0	116
gi|116747684|ref|YP_844371.1|_3-151_1VJX:A:	4	0	1	5	0	10	7	3	0	156
gi|116747685|ref|YP_844372.1|_14-159_2G39:A:3-223	10	9	3	6	0	25	19	14	0	221
gi|116747687|ref|YP_844374.1|_1-200_1TIP:A:	2	6	3	7	0	22	8	11	0	191
gi|116747688|ref|YP_844375.1|_15-241_1AKO:A:	6	12	3	10	0	27	14	16	0	268
gi|116747689|ref|YP_844376.1|_7-189_1VE3:A:2-227	0	10	2	7	0	20	9	11	0	226
gi|116747690|ref|YP_844377.1|_7-377_1PV7:A:	0	0	2	22	0	18	12	14	0	417
gi|116747691|ref|YP_844378.1|_88-301_1BYR:A:	2	8	0	5	0	13	9	7	0	152
gi|116747691|ref|YP_844378.1|_261-458_1BYR:A:	2	8	0	5	0	13	9	7	0	152
gi|116747692|ref|YP_844379.1|_92-155,190-308_1F3M:C:	1	10	4	11	0	33	20	20	0	294
gi|116747694|ref|YP_844381.1|_1-93_2GMG:A:1-105	4	2	0	3	0	12	6	4	0	96
gi|116747695|ref|YP_844382.1|_326-384_1DUR:A:	0	4	1	1	0	12	2	4	0	55
gi|116747700|ref|YP_844387.1|_41-81,216-325_1DE4:C:122-189,C:383-608	3	7	2	10	0	23	20	17	1	294
gi|116747700|ref|YP_844387.1|_114-211_1DE4:C:190-382	5	12	2	3	0	32	18	14	0	193
gi|116747701|ref|YP_844388.1|_10-235_1F3O:A:	0	10	2	7	0	22	15	14	0	232
gi|116747703|ref|YP_844390.1|_1-347_1F0K:A:	0	13	3	16	0	35	15	23	0	363
gi|116747706|ref|YP_844393.1|_254-343_1IHG:A:197-365	0	0	2	8	0	13	5	7	0	169
gi|116747708|ref|YP_844395.1|_94-465,497-573_1PEQ:A:175-699	5	17	4	21	0	59	31	26	0	525
gi|116747708|ref|YP_844395.1|_10-93_1PEQ:A:13-174	5	1	1	10	0	14	10	10	0	162
gi|116747709|ref|YP_844396.1|_183-376_1DKG:D:186-383	1	6	1	6	0	13	10	7	0	198
gi|116747709|ref|YP_844396.1|_4-182_1DKG:D:3-185	4	12	2	5	0	21	12	11	0	183
gi|116747709|ref|YP_844396.1|_378-534_1CKR:A:	1	10	0	2	0	15	14	9	0	159
gi|116747710|ref|YP_844397.1|_3-109_1HDJ:A:	0	0	1	4	0	9	2	7	0	76
gi|116747710|ref|YP_844397.1|_227-311_1NLT:A:258-337	4	6	0	1	0	15	6	4	0	80
gi|116747710|ref|YP_844397.1|_143-224_1C3G:A:180-259	2	5	0	1	0	11	4	4	0	80
gi|116747711|ref|YP_844398.1|_22-108_1Q08:A:	2	0	2	4	0	8	2	1	0	94
gi|116747712|ref|YP_844399.1|_162-553_1QVR:A:149-535	0	8	0	16	0	30	17	16	0	387
gi|116747712|ref|YP_844399.1|_554-862_1QVR:A:536-850	5	9	4	14	0	30	21	15	0	315
gi|116747712|ref|YP_844399.1|_4-160_1QVR:A:4-148	0	2	1	7	0	16	12	7	0	145
gi|116747713|ref|YP_844400.1|_3-96_1SMT:A:	1	2	0	5	0	9	4	3	0	98
gi|116747715|ref|YP_844402.1|_59-237_1XXL:A:	5	8	2	9	0	23	10	12	0	238
gi|116747716|ref|YP_844403.1|_24-59_1YFB:A:3-53	0	4	0	1	0	7	0	4	0	52
gi|116747717|ref|YP_844404.1|_232-463_1GPH:1:235-465	2	10	2	10	0	29	15	13	0	231
gi|116747717|ref|YP_844404.1|_3-238_1ECF:A:1-249	2	13	1	7	0	30	14	12	0	249
gi|116747718|ref|YP_844405.1|_374-577_1NX9:A:435-666	6	13	7	2	0	32	18	10	0	232
gi|116747718|ref|YP_844405.1|_43-352_1JU3:A:5-351	2	14	1	13	1	36	21	29	0	347
gi|116747719|ref|YP_844406.1|_2-153_1XQB:A:	2	11	3	2	0	27	11	11	0	231
gi|116747721|ref|YP_844408.1|_20-116_1OR7:A:1-111	0	0	2	5	0	7	5	4	0	111
gi|116747721|ref|YP_844408.1|_133-195_1RP3:A:164-234	0	0	0	4	0	4	3	3	0	71
gi|116747725|ref|YP_844412.1|_23-115_2ESH:A:4-117	1	2	0	4	0	9	4	3	0	114
gi|116747726|ref|YP_844413.1|_44-284_2BRX:A:1-225	5	7	1	10	0	28	11	9	0	225
gi|116747730|ref|YP_844417.1|_536-685_2C2A:A:321-481	0	7	2	3	0	13	4	10	0	161
gi|116747730|ref|YP_844417.1|_195-324_1EW0:A:	2	5	2	5	0	11	8	8	0	130
gi|116747730|ref|YP_844417.1|_31-157_1V9Y:A:	2	5	3	3	0	10	6	6	0	113
gi|116747730|ref|YP_844417.1|_323-452_1EW0:A:	2	5	2	5	0	11	8	8	0	130
gi|116747730|ref|YP_844417.1|_457-528_2C2A:A:232-320	0	0	1	3	0	3	0	4	0	89
gi|116747731|ref|YP_844418.1|_16-136_2B8E:A:416-434,A:548-663	2	6	0	6	1	16	9	5	1	135
gi|116747732|ref|YP_844419.1|_12-248_1V43:A:7-245	1	10	2	8	0	20	13	15	0	239
gi|116747733|ref|YP_844420.1|_13-277_3DHW:A:6-208	0	0	1	9	0	11	7	9	0	203
gi|116747734|ref|YP_844421.1|_26-281_3D31:C:13-260	0	0	2	12	0	11	6	13	0	248
gi|116747735|ref|YP_844422.1|_41-280_1TWY:A:	4	13	2	8	0	31	13	17	0	249
gi|116747736|ref|YP_844423.1|_7-323_2IDB:A:6-325	4	18	4	7	0	42	27	14	0	320
gi|116747736|ref|YP_844423.1|_324-478_2IDB:A:326-491	3	6	2	5	0	14	10	10	0	166
gi|116747736|ref|YP_844423.1|_525-609_2IDB:A:326-491	3	6	2	5	0	14	10	10	0	166
gi|116747738|ref|YP_844425.1|_84-486_1UWV:A:75-432	7	17	2	8	0	35	22	22	0	358
gi|116747738|ref|YP_844425.1|_18-74_1YVC:A:1-69	0	6	0	0	0	12	5	6	0	69
gi|116747739|ref|YP_844426.1|_311-333,361-755_2C5W:B:266-650	7	16	5	11	0	46	30	18	0	385
gi|116747739|ref|YP_844426.1|_158-352_2OQO:A:57-243	2	0	3	10	0	18	11	7	0	187
gi|116747740|ref|YP_844427.1|_89-193_1ELW:A:	0	0	0	7	0	11	0	7	0	117
gi|116747743|ref|YP_844430.1|_682-810_1EW0:A:	2	5	2	5	0	11	8	8	0	130
gi|116747743|ref|YP_844430.1|_846-910_2C2A:A:232-320	0	0	1	3	0	3	0	4	0	89
gi|116747743|ref|YP_844430.1|_920-1056_1R62:A:	0	7	1	3	0	11	0	7	0	156
gi|116747745|ref|YP_844432.1|_378-558_2C31:A:370-552	6	6	1	7	0	19	13	10	0	183
gi|116747745|ref|YP_844432.1|_23-198_1OZH:A:7-187	0	8	3	8	0	16	10	6	0	181
gi|116747745|ref|YP_844432.1|_175-366_2C31:A:195-369	1	5	5	6	0	18	11	9	0	175
gi|116747746|ref|YP_844433.1|_4-494_1V25:A:	8	24	4	16	0	59	31	33	0	534
gi|116747747|ref|YP_844434.1|_1-313_1LQA:A:	4	10	4	11	0	41	19	22	0	346
gi|116747748|ref|YP_844435.1|_1-186_1B0P:A:416-668	2	6	4	9	0	29	21	11	0	253
gi|116747749|ref|YP_844436.1|_16-244_1B0P:A:786-1232	9	8	4	17	0	46	33	30	0	447
gi|116747750|ref|YP_844437.1|_1-223_1B0P:A:2-258	2	11	0	10	0	22	13	9	0	257
gi|116747750|ref|YP_844437.1|_241-345_1B0P:A:259-415	1	7	1	4	0	20	14	8	0	157
gi|116747751|ref|YP_844438.1|_11-84_1CLF:A:	2	2	0	0	0	11	4	6	0	55
gi|116747752|ref|YP_844439.1|_257-504_1NY5:A:138-384	4	9	2	11	0	25	17	12	0	247
gi|116747752|ref|YP_844439.1|_8-104_1EW0:A:	2	5	2	5	0	11	8	8	0	130
gi|116747752|ref|YP_844439.1|_125-225_1DP6:A:	3	5	1	4	0	10	6	6	0	116
gi|116747752|ref|YP_844439.1|_472-575_1ETO:B:	0	2	0	4	0	7	1	4	0	98
gi|116747753|ref|YP_844440.1|_2-197_1F8F:A:4-162,A:337-371	5	9	5	4	0	23	12	10	1	194
gi|116747753|ref|YP_844440.1|_168-333_1F8F:A:163-336	0	6	3	7	0	16	13	12	0	174
gi|116747755|ref|YP_844442.1|_1-291_1SR9:A:61-370	6	8	4	11	0	32	18	18	0	310
gi|116747755|ref|YP_844442.1|_390-498_1SR9:A:492-643	0	6	0	2	0	7	5	4	0	152
gi|116747757|ref|YP_844444.1|_134-416_1MIW:A:140-404	1	2	5	15	0	24	17	10	0	265
gi|116747757|ref|YP_844444.1|_11-132_1MIW:A:1-139	1	9	2	5	0	14	6	8	0	139
gi|116747758|ref|YP_844445.1|_1-131_2RC3:A:23-149	6	5	3	5	0	11	7	7	0	127
gi|116747758|ref|YP_844445.1|_141-214_2F06:A:1-70	0	4	0	2	0	6	4	2	0	70
gi|116747759|ref|YP_844446.1|_2-229_1JI0:A:	2	10	1	10	0	19	14	15	0	240
gi|116747760|ref|YP_844447.1|_5-235_1G6H:A:	2	11	5	9	0	21	16	17	0	254
gi|116747761|ref|YP_844448.1|_105-122,180-253_1Q16:C:	0	1	6	8	0	16	7	7	0	225
gi|116747763|ref|YP_844450.1|_27-391_1USG:A:	4	14	6	11	0	33	12	17	0	346
gi|116747765|ref|YP_844452.1|_22-165_2J8K:A:1-175	31	0	0	1	0	64	1	33	0	174
gi|116747766|ref|YP_844453.1|_3-128_1J3W:A:	0	5	0	4	0	13	10	6	0	134
gi|116747767|ref|YP_844454.1|_13-190_1G16:A:	2	6	1	6	0	15	7	12	0	166
gi|116747769|ref|YP_844456.1|_245-515_1O6Y:A:	1	11	3	8	0	24	14	12	0	276
gi|116747769|ref|YP_844456.1|_88-147_1Y8M:A:1-138	0	0	1	6	0	10	7	7	0	138
gi|116747771|ref|YP_844458.1|_5-349_1J33:A:	4	6	2	14	0	32	16	19	0	333
gi|116747773|ref|YP_844460.1|_2-187_1RLI:A:	2	5	1	8	0	14	7	12	0	179
gi|116747774|ref|YP_844461.1|_15-119_1OUV:A:	0	0	0	15	0	18	7	15	0	272
gi|116747777|ref|YP_844464.1|_46-319_1V04:A:	1	25	2	3	0	40	22	18	0	340
gi|116747777|ref|YP_844464.1|_270-420_1KV9:A:1-560	8	39	7	5	0	72	35	35	0	560
gi|116747784|ref|YP_844471.1|_2-117_1YWU:A:1-125	0	6	2	1	0	14	10	4	0	125
gi|116747788|ref|YP_844475.1|_1-144_1E5D:A:251-402	3	5	0	5	0	15	8	6	0	152
gi|116747790|ref|YP_844477.1|_143-385_1NY5:A:138-384	4	9	2	11	0	25	17	12	0	247
gi|116747790|ref|YP_844477.1|_5-126_1V9Y:A:	2	5	3	3	0	10	6	6	0	113
gi|116747790|ref|YP_844477.1|_396-440_1NTC:A:	0	0	0	4	0	6	3	4	0	90
gi|116747791|ref|YP_844478.1|_15-218_1DKG:D:3-185	4	12	2	5	0	21	12	11	0	183
gi|116747791|ref|YP_844478.1|_230-391,421-482_1HJO:A:189-382	1	6	2	6	0	13	8	10	0	194
gi|116747793|ref|YP_844480.1|_185-317_2P12:A:8-172	0	10	1	3	0	13	7	9	0	165
gi|116747794|ref|YP_844481.1|_73-187_1OKK:D:97-303	1	8	0	7	0	21	9	14	0	207
gi|116747796|ref|YP_844483.1|_5-75_1H75:A:	0	4	1	3	0	9	3	5	0	76
gi|116747797|ref|YP_844484.1|_4-105_1DJ7:A:	6	0	0	5	0	15	9	5	0	109
gi|116747800|ref|YP_844487.1|_5-150_1WJG:A:	0	5	1	4	0	15	7	4	0	135
gi|116747801|ref|YP_844488.1|_8-215_1PU6:A:	0	0	1	13	0	15	13	13	0	217
gi|116747802|ref|YP_844489.1|_50-314_1R30:A:	5	9	1	11	0	35	25	12	0	312
gi|116747803|ref|YP_844490.1|_35-214_1VLM:A:	2	8	2	8	0	22	11	13	0	218
gi|116747804|ref|YP_844491.1|_1-371_2GP4:A:1-418	5	7	4	13	0	30	17	20	0	418
gi|116747804|ref|YP_844491.1|_372-552_2GP4:A:419-608	2	8	8	5	0	22	17	12	0	190
gi|116747805|ref|YP_844492.1|_217-309,338-489_1U9C:A:	6	11	6	7	0	27	12	15	0	221
gi|116747805|ref|YP_844492.1|_8-195_1OI4:A:23-192	2	11	4	6	0	19	6	13	0	170
gi|116747806|ref|YP_844493.1|_117-578_1FP3:A:	11	12	2	15	0	38	21	21	0	402
gi|116747807|ref|YP_844494.1|_207-728_1EH9:A:91-490	2	10	6	13	0	47	36	20	0	400
gi|116747807|ref|YP_844494.1|_738-825_1M7X:A:623-728	5	8	2	0	0	16	8	6	0	106
gi|116747807|ref|YP_844494.1|_117-233_2FHF:A:288-402	2	9	3	1	0	17	5	9	0	115
gi|116747808|ref|YP_844495.1|_10-77_1Q06:A:	0	2	0	6	0	12	2	6	0	127
gi|116747809|ref|YP_844496.1|_6-210_1TV8:A:	4	11	4	10	0	39	20	20	0	327
gi|116747810|ref|YP_844497.1|_53-254_1BE3:A:1-233	2	7	3	9	0	24	15	12	0	233
gi|116747810|ref|YP_844497.1|_481-686_1BE3:A:1-233	2	7	3	9	0	24	15	12	0	233
gi|116747810|ref|YP_844497.1|_716-881_1BE3:B:236-439	1	5	1	7	0	17	11	7	0	204
gi|116747810|ref|YP_844497.1|_275-464_1HR6:A:234-470	0	6	2	8	0	22	12	12	0	237
gi|116747811|ref|YP_844498.1|_98-198_1UC8:A:89-280	2	8	0	6	0	15	6	8	0	192
gi|116747812|ref|YP_844499.1|_22-265_2FWR:A:23-256	3	12	5	9	0	19	16	14	0	234
gi|116747813|ref|YP_844500.1|_24-405_2G5D:A:40-441	6	20	2	9	0	42	24	24	0	402
gi|116747814|ref|YP_844501.1|_2-184,347-418_1A7A:A:2-189,A:353-432	1	9	4	11	0	30	15	14	1	268
gi|116747814|ref|YP_844501.1|_185-347_1B3R:A:190-352	3	8	1	7	0	16	12	10	0	163
gi|116747815|ref|YP_844502.1|_237-387_1MXA:A:232-383	1	3	2	5	0	19	17	9	0	152
gi|116747815|ref|YP_844502.1|_116-236_1MXA:A:108-231	0	4	2	2	0	11	9	7	0	124
gi|116747815|ref|YP_844502.1|_5-111_1MXA:A:1-102	0	6	1	2	0	8	3	7	0	102
gi|116747816|ref|YP_844503.1|_1-116_1PPY:A:	0	8	1	2	0	13	3	9	0	118
gi|116747817|ref|YP_844504.1|_1-279_1IHO:A:	2	10	3	11	0	28	15	16	0	282
gi|116747818|ref|YP_844505.1|_8-345_1PSW:A:	0	12	6	13	0	35	21	21	0	348
gi|116747819|ref|YP_844506.1|_36-374_1PSW:A:	0	12	6	13	0	35	21	21	0	348
gi|116747820|ref|YP_844507.1|_35-367_1PSW:A:	0	12	6	13	0	35	21	21	0	348
gi|116747821|ref|YP_844508.1|_4-373_2IW1:A:2-371	0	15	4	16	0	41	26	17	0	370
gi|116747822|ref|YP_844509.1|_2-148_1QG8:A:	2	9	4	8	0	22	13	12	0	255
gi|116747823|ref|YP_844510.1|_8-337_1PSW:A:	0	12	6	13	0	35	21	21	0	348
gi|116747825|ref|YP_844512.1|_12-342_1PSW:A:	0	12	6	13	0	35	21	21	0	348
gi|116747826|ref|YP_844513.1|_32-395_2LIV:A:	4	14	6	11	0	34	17	17	0	344
gi|116747827|ref|YP_844514.1|_10-417_1T5H:X:	5	27	4	15	0	56	23	34	0	503
gi|116747829|ref|YP_844516.1|_13-194_1D2T:A:	0	0	2	13	0	18	11	13	0	224
gi|116747830|ref|YP_844517.1|_23-383_1T5H:X:	5	27	4	15	0	56	23	34	0	503
gi|116747831|ref|YP_844518.1|_2-234_1JI0:A:	2	10	1	10	0	19	14	15	0	240
gi|116747832|ref|YP_844519.1|_362-610_1G6H:A:	2	11	5	9	0	21	16	17	0	254
gi|116747834|ref|YP_844521.1|_1-172_1B0P:A:416-668	2	6	4	9	0	29	21	11	0	253
gi|116747835|ref|YP_844522.1|_4-198_1POX:A:9-182	0	8	3	6	0	13	9	12	0	174
gi|116747835|ref|YP_844522.1|_351-559_1Q6Z:A:342-524	4	6	1	8	0	22	11	10	0	183
gi|116747835|ref|YP_844522.1|_540-612_1BLU:A:	0	4	2	2	0	15	3	6	0	80
gi|116747836|ref|YP_844523.1|_226-492_2G39:A:224-497	2	17	5	10	0	29	21	17	0	274
gi|116747836|ref|YP_844523.1|_11-222_2G39:A:3-223	10	9	3	6	0	25	19	14	0	221
gi|116747837|ref|YP_844524.1|_226-494_2G39:A:224-497	2	17	5	10	0	29	21	17	0	274
gi|116747837|ref|YP_844524.1|_13-224_2G39:A:3-223	10	9	3	6	0	25	19	14	0	221
gi|116747838|ref|YP_844525.1|_66-89,135-279_2G40:A:38-212	0	10	3	4	0	18	8	9	0	175
gi|116747838|ref|YP_844525.1|_232-391_1KF6:B:106-243	0	0	3	8	0	15	4	9	0	138
gi|116747839|ref|YP_844526.1|_2-181_2G40:A:38-212	0	10	3	4	0	18	8	9	0	175
gi|116747840|ref|YP_844527.1|_220-458_1DIQ:A:243-521	3	8	5	10	0	24	13	14	0	279
gi|116747840|ref|YP_844527.1|_5-217_1DIQ:A:7-242	4	11	2	6	0	33	17	19	0	236
gi|116747841|ref|YP_844528.1|_15-98_1KF6:B:106-243	0	0	3	8	0	15	4	9	0	138
gi|116747844|ref|YP_844531.1|_187-379_2PAQ:A:2-187	2	0	3	9	0	12	7	8	0	186
gi|116747844|ref|YP_844531.1|_7-176_2PAQ:A:2-187	2	0	3	9	0	12	7	8	0	186
gi|116747846|ref|YP_844533.1|_16-220_4TMK:A:	0	5	0	9	0	16	8	12	0	210
gi|116747847|ref|YP_844534.1|_8-205_1OGL:A:	0	0	1	12	0	20	11	16	0	270
gi|116747848|ref|YP_844535.1|_26-66,193-330_1KQ4:A:	3	5	3	8	0	15	6	9	0	231
gi|116747849|ref|YP_844536.1|_1-231_3DHW:C:1-240	3	10	1	7	0	21	17	12	0	240
gi|116747853|ref|YP_844540.1|_2-247_3C10:A:515-900	8	10	9	12	0	47	19	25	0	386
gi|116747854|ref|YP_844541.1|_9-107_1QXN:A:	0	7	0	6	0	16	8	7	0	136
gi|116747854|ref|YP_844541.1|_125-274_1ZPY:A:4-94	0	0	1	3	0	8	4	2	0	91
gi|116747855|ref|YP_844542.1|_29-156_2FE1:A:1-130	1	4	1	7	0	12	5	7	0	130
gi|116747856|ref|YP_844543.1|_243-443_1RWI:A:	0	24	4	0	0	44	15	15	0	269
gi|116747856|ref|YP_844543.1|_32-265_1RWI:A:	0	24	4	0	0	44	15	15	0	269
gi|116747857|ref|YP_844544.1|_2-44_1YFB:A:3-53	0	4	0	1	0	7	0	4	0	52
gi|116747858|ref|YP_844545.1|_238-447,544-645,709-832_2OKC:A:9-433	2	9	3	16	0	39	24	24	0	425
gi|116747859|ref|YP_844546.1|_291-409,649-793_1HV8:A:211-365	1	6	1	6	0	17	12	7	0	155
gi|116747859|ref|YP_844546.1|_367-441,500-555_1Z63:A:432-661	0	7	2	11	0	24	16	18	0	230
gi|116747859|ref|YP_844546.1|_64-105,155-221_1BYR:A:	2	8	0	5	0	13	9	7	0	152
gi|116747861|ref|YP_844548.1|_422-561_1W3B:A:	0	0	0	23	0	35	6	26	0	388
gi|116747862|ref|YP_844549.1|_3-198_2HBJ:A:129-420	0	8	5	10	0	33	22	11	0	292
gi|116747862|ref|YP_844549.1|_201-291_2E1F:A:1142-1235	0	0	0	6	0	7	4	5	0	94
gi|116747863|ref|YP_844550.1|_155-240_2D9I:A:8-90	0	4	1	2	0	11	4	6	0	83
gi|116747864|ref|YP_844551.1|_37-178_2FZF:A:10-167	2	0	1	5	0	10	10	5	0	158
gi|116747865|ref|YP_844552.1|_72-318_1M7J:A:62-419	1	13	4	15	1	41	28	23	0	358
gi|116747865|ref|YP_844552.1|_15-72,318-354_1GKR:A:1-54,A:380-451	2	11	1	0	0	17	6	9	1	126
gi|116747866|ref|YP_844553.1|_1-130_1VJL:A:	0	8	0	5	0	12	2	6	0	163
gi|116747867|ref|YP_844554.1|_155-381_1OLT:A:	1	19	6	15	0	46	26	24	0	441
gi|116747868|ref|YP_844555.1|_19-129_1Q3E:A:	2	8	1	10	0	20	7	9	0	193
gi|116747868|ref|YP_844555.1|_141-249_1CX4:A:266-412	0	6	2	5	0	15	4	7	0	147
gi|116747872|ref|YP_844559.1|_242-525_1EVL:A:242-532	6	15	4	9	0	32	14	16	0	291
gi|116747872|ref|YP_844559.1|_65-240_1NYR:A:63-241	0	8	1	5	0	17	11	8	0	179
gi|116747872|ref|YP_844559.1|_529-631_1NYR:A:533-645	0	5	0	5	0	10	5	7	0	113
gi|116747873|ref|YP_844560.1|_84-170_2IFE:A:	0	4	0	3	0	9	4	5	0	91
gi|116747873|ref|YP_844560.1|_8-80_1TIF:A:	1	4	1	2	0	8	3	4	0	76
gi|116747874|ref|YP_844561.1|_2-64_2I2T:3:1-64	2	0	2	1	0	9	5	6	0	64
gi|116747875|ref|YP_844562.1|_2-116_2J01:U:2-118	0	0	1	4	0	7	6	7	0	117
gi|116747876|ref|YP_844563.1|_91-336_1PYS:A:	5	10	3	7	0	28	12	12	0	266
gi|116747876|ref|YP_844563.1|_18-98_1EIY:A:6-84	0	0	0	6	0	3	3	6	0	79
gi|116747877|ref|YP_844564.1|_203-396_1PYS:B:191-399	2	13	1	5	0	21	8	12	0	209
gi|116747877|ref|YP_844564.1|_467-694_1PYS:B:475-681	0	12	2	5	0	19	14	9	0	207
gi|116747877|ref|YP_844564.1|_38-191_1PYS:B:39-151	4	7	1	1	0	19	10	10	0	113
gi|116747877|ref|YP_844564.1|_703-800_1PYS:B:682-785	0	4	0	2	0	10	5	4	0	104
gi|116747877|ref|YP_844564.1|_404-475_1PYS:B:400-474	0	3	1	3	0	9	3	4	0	75
gi|116747880|ref|YP_844567.1|_432-654_1VK3:A:167-345	2	7	3	5	0	16	10	7	0	179
gi|116747880|ref|YP_844567.1|_623-821_1VK3:A:346-507	1	8	2	4	0	17	5	8	0	162
gi|116747880|ref|YP_844567.1|_825-999_1VK3:A:167-345	2	7	3	5	0	16	10	7	0	179
gi|116747880|ref|YP_844567.1|_227-251,286-421_1VK3:A:2-166	1	5	1	7	0	13	8	10	0	165
gi|116747881|ref|YP_844568.1|_1-268_1T3T:A:1034-1295	7	11	7	8	0	30	18	19	0	262
gi|116747882|ref|YP_844569.1|_8-70,109-243_1MEO:A:	0	9	1	6	0	19	15	11	0	208
gi|116747883|ref|YP_844570.1|_3-71_2DSY:A:3-82	2	3	0	2	0	8	4	5	0	80
gi|116747883|ref|YP_844570.1|_69-116_1BDT:A:	0	1	0	2	0	5	3	3	0	52
gi|116747886|ref|YP_844573.1|_38-346_1TV8:A:	4	11	4	10	0	39	20	20	0	327
gi|116747887|ref|YP_844574.1|_2-294_2CBN:A:1-305	9	16	2	10	0	41	18	18	0	305
gi|116747888|ref|YP_844575.1|_34-201_1F5V:A:	3	5	2	11	0	22	8	12	0	240
gi|116747889|ref|YP_844576.1|_14-188_2OPL:A:4-185	1	10	2	4	0	18	10	6	0	182
gi|116747890|ref|YP_844577.1|_17-162_1NYK:A:	6	11	6	1	0	28	9	11	0	156
gi|116747892|ref|YP_844579.1|_48-127_1I8A:A:	0	13	4	0	0	23	15	8	0	189
gi|116747893|ref|YP_844580.1|_29-267_1VF5:A:	1	0	2	9	0	11	13	10	0	202
gi|116747894|ref|YP_844581.1|_83-208_1T33:A:89-220	0	0	1	7	0	6	5	6	0	132
gi|116747894|ref|YP_844581.1|_7-73_2FBQ:A:2-80	0	0	0	4	0	6	3	4	0	79
gi|116747895|ref|YP_844582.1|_7-490_1WP1:A:	7	6	2	10	0	34	19	14	0	456
gi|116747896|ref|YP_844583.1|_4-320_1NI4:A:	2	12	3	11	0	37	24	21	0	364
gi|116747897|ref|YP_844584.1|_1-205_1UMD:B:2-187	0	8	4	7	0	21	12	11	0	186
gi|116747897|ref|YP_844584.1|_189-324_1W85:B:193-324	0	6	2	5	0	13	8	5	0	132
gi|116747898|ref|YP_844585.1|_80-318_1VF7:A:	2	20	0	3	0	31	18	9	0	237
gi|116747899|ref|YP_844586.1|_294-494_1IWG:A:7-37,A:331-498	0	0	1	8	0	9	7	9	1	199
gi|116747899|ref|YP_844586.1|_822-1017_1IWG:A:513-566,A:869-1036	2	0	1	11	0	13	7	10	1	222
gi|116747899|ref|YP_844586.1|_40-133_1IWG:A:38-134	0	4	2	4	0	11	6	7	0	97
gi|116747899|ref|YP_844586.1|_711-797_1IWG:A:725-812	0	6	3	2	0	8	2	6	0	88
gi|116747899|ref|YP_844586.1|_136-182,272-328_1IWG:A:135-181,A:274-330	0	5	1	4	0	11	6	9	1	104
gi|116747899|ref|YP_844586.1|_560-660_1IWG:A:567-673	0	5	1	2	0	12	9	2	0	107
gi|116747899|ref|YP_844586.1|_183-266_1IWG:A:182-273	0	6	0	4	0	8	4	5	0	92
gi|116747899|ref|YP_844586.1|_669-710,797-844_1IWG:A:674-724,A:813-859	0	6	0	2	0	10	7	3	1	98
gi|116747900|ref|YP_844587.1|_20-198_1UFK:A:	0	14	4	9	0	22	7	12	0	254
gi|116747901|ref|YP_844588.1|_3-236_2FUK:A:3-220	2	8	1	5	0	26	14	17	0	218
gi|116747903|ref|YP_844590.1|_1-133_1JC4:A:	2	8	1	3	0	17	10	6	0	145
gi|116747904|ref|YP_844591.1|_3-314_2QM8:A:5-327	5	7	4	12	0	24	16	16	0	326
gi|116747905|ref|YP_844592.1|_4-130_7REQ:A:561-728	2	5	1	7	0	16	7	9	0	168
gi|116747906|ref|YP_844593.1|_11-553_7REQ:A:4-560	4	12	7	20	0	55	25	35	0	557
gi|116747907|ref|YP_844594.1|_11-111_1FM0:E:	0	8	0	4	0	13	4	5	0	149
gi|116747908|ref|YP_844595.1|_160-328_1B8P:A:159-329	1	8	3	7	0	16	5	8	0	171
gi|116747908|ref|YP_844595.1|_4-158_1B8P:A:3-158	0	6	1	5	0	15	8	10	0	156
gi|116747909|ref|YP_844596.1|_21-328_1RQB:A:4-306	4	10	5	12	0	31	15	21	0	303
gi|116747909|ref|YP_844596.1|_327-479_1RQB:A:307-474	0	0	2	9	0	15	7	9	0	168
gi|116747909|ref|YP_844596.1|_588-660_1O78:A:	4	6	0	0	0	18	11	2	0	84
gi|116747912|ref|YP_844599.1|_49-182_1WIN:A:	0	6	0	5	0	15	6	3	0	142
gi|116747913|ref|YP_844600.1|_43-211_1TYF:A:	2	9	0	7	0	18	7	7	0	183
gi|116747913|ref|YP_844600.1|_387-449_2EXD:A:72-143	0	5	0	0	0	10	2	5	0	72
gi|116747914|ref|YP_844601.1|_61-238_1UI0:A:	2	6	3	9	0	21	15	9	0	192
gi|116747915|ref|YP_844602.1|_197-413_1U7Z:A:	2	12	1	5	0	19	15	8	0	223
gi|116747915|ref|YP_844602.1|_15-192_1E20:A:	2	6	2	9	0	22	10	12	0	185
gi|116747917|ref|YP_844604.1|_10-215_1XM8:A:	1	14	3	9	0	25	7	18	0	253
gi|116747918|ref|YP_844605.1|_9-172_1NOX:A:	2	4	2	9	0	19	7	11	0	200
gi|116747919|ref|YP_844606.1|_1-100_1VC1:A:	2	5	1	3	0	8	6	6	0	110
gi|116747920|ref|YP_844607.1|_37-271_3DHW:C:1-240	3	10	1	7	0	21	17	12	0	240
gi|116747924|ref|YP_844611.1|_109-235_1Y7M:A:49-164	3	10	3	1	0	13	4	7	0	116
gi|116747925|ref|YP_844612.1|_13-215_1WKC:A:	3	10	2	4	0	21	11	8	0	175
gi|116747926|ref|YP_844613.1|_4-301_2BHT:A:2-293	0	10	5	9	0	34	20	16	0	292
gi|116747926|ref|YP_844613.1|_307-624_1LI5:A:1-315	10	12	4	9	0	33	15	16	0	315
gi|116747926|ref|YP_844613.1|_646-770_1U0B:B:316-461	1	2	0	8	0	14	6	10	0	146
gi|116747927|ref|YP_844614.1|_216-543_1PJR:A:319-651	4	8	6	12	0	21	12	17	0	333
gi|116747928|ref|YP_844615.1|_22-181_1SJY:A:	2	7	0	3	0	18	10	6	0	158
gi|116747929|ref|YP_844616.1|_2-129_1K2Y:X:5-154	5	7	1	4	0	15	5	10	0	150
gi|116747929|ref|YP_844616.1|_252-357_1K2Y:X:259-367	1	4	0	5	0	13	9	8	0	109
gi|116747929|ref|YP_844616.1|_148-249_1K2Y:X:155-258	0	5	2	3	0	14	9	8	0	104
gi|116747929|ref|YP_844616.1|_360-448_1K2Y:X:368-463	0	6	0	2	0	8	4	3	0	96
gi|116747930|ref|YP_844617.1|_16-89_2OH3:A:3-154	0	0	2	4	0	7	5	3	0	152
gi|116747931|ref|YP_844618.1|_1-256_1KA9:F:	2	11	1	10	0	25	15	15	0	251
gi|116747932|ref|YP_844619.1|_2-206_1KA9:H:	0	13	1	5	0	22	16	13	0	195
gi|116747933|ref|YP_844620.1|_406-597_2PQ7:A:1-217	0	0	2	10	0	9	5	7	0	217
gi|116747933|ref|YP_844620.1|_785-854_1YGY:A:452-529	0	4	0	2	0	7	5	3	0	78
gi|116747933|ref|YP_844620.1|_672-726_2FGC:A:27-104	0	4	0	2	0	6	2	6	0	78
gi|116747934|ref|YP_844621.1|_78-253_1QSA:A:451-618	3	0	1	9	0	18	9	10	0	168
gi|116747934|ref|YP_844621.1|_375-419_1E0G:A:	0	2	1	2	0	8	1	3	0	48
gi|116747936|ref|YP_844623.1|_32-300_1HKH:A:	8	8	1	13	0	23	13	22	0	279
gi|116747937|ref|YP_844624.1|_1-298_2AP1:A:118-303	4	5	5	7	0	17	16	12	0	186
gi|116747938|ref|YP_844625.1|_83-153_2O38:A:28-116	0	2	0	4	0	9	1	6	0	89
gi|116747939|ref|YP_844626.1|_196-277_1U07:A:	0	5	0	2	0	10	3	4	0	90
gi|116747940|ref|YP_844627.1|_57-238,275-762_1NQE:A:	1	33	5	4	0	38	26	23	0	589
gi|116747941|ref|YP_844628.1|_29-318_2ETV:A:25-358	3	13	5	15	0	39	21	19	0	334
gi|116747942|ref|YP_844629.1|_8-328_1L7V:A:	2	0	2	14	0	18	8	12	0	324
gi|116747943|ref|YP_844630.1|_1-235_2ONK:A:1-240	2	9	2	9	0	23	17	15	0	240
gi|116747945|ref|YP_844632.1|_3-325_1G8P:A:	2	11	8	13	0	37	15	10	0	333
gi|116747946|ref|YP_844633.1|_3-281_1G8P:A:	2	11	8	13	0	37	15	10	0	333
gi|116747946|ref|YP_844633.1|_428-592_1SHU:X:	2	6	3	6	0	13	8	7	0	181
gi|116747948|ref|YP_844635.1|_5-166_1WKJ:A:1-137	0	4	2	7	0	13	9	8	0	137
gi|116747950|ref|YP_844637.1|_4-617_1QHH:A:,B:,C:,D:	6	16	12	26	0	53	23	34	3	623
gi|116747957|ref|YP_844644.1|_31-233_1R44:A:	3	7	4	5	0	26	17	17	0	202
gi|116747958|ref|YP_844645.1|_29-276_2I6G:A:1-198	3	7	1	6	0	17	8	11	0	198
gi|116747959|ref|YP_844646.1|_517-646_1UAR:A:145-285	4	5	3	5	0	18	12	9	0	141
gi|116747959|ref|YP_844646.1|_378-511_1UAR:A:2-144	4	5	2	6	0	18	4	9	0	143
gi|116747959|ref|YP_844646.1|_222-337_1C25:A:	3	7	1	5	0	18	12	10	0	161
gi|116747961|ref|YP_844648.1|_9-241_1QH5:A:	1	14	0	9	0	24	13	19	0	260
gi|116747961|ref|YP_844648.1|_336-450_1QXN:A:	0	7	0	6	0	16	8	7	0	136
gi|116747961|ref|YP_844648.1|_219-345_1YT8:A:6-106	2	5	1	5	0	13	6	7	0	101
gi|116747961|ref|YP_844648.1|_468-564_1YT8:A:243-372	3	5	1	6	0	20	7	5	0	130
gi|116747962|ref|YP_844649.1|_141-360_1VJN:A:	2	14	1	3	0	24	15	9	0	219
gi|116747965|ref|YP_844652.1|_149-326_1WZN:A:1-251	1	11	4	7	0	20	9	14	0	251
gi|116747966|ref|YP_844653.1|_52-76,110-303_1JFR:A:	0	9	4	6	0	32	19	18	0	260
gi|116747967|ref|YP_844654.1|_2-358_1KQ3:A:	4	8	5	13	0	31	18	21	0	375
gi|116747968|ref|YP_844655.1|_33-267_1R61:A:	2	12	4	3	0	32	14	14	0	205
gi|116747970|ref|YP_844657.1|_6-245_1X1T:A:1-260	2	7	4	8	0	23	10	13	0	260
gi|116747971|ref|YP_844658.1|_83-233_1QSA:A:451-618	3	0	1	9	0	18	9	10	0	168
gi|116747972|ref|YP_844659.1|_43-162_1A0P:A:111-292	4	3	3	8	0	17	7	7	0	182
gi|116747973|ref|YP_844660.1|_1-127_1A0P:A:111-292	4	3	3	8	0	17	7	7	0	182
gi|116747978|ref|YP_844665.1|_1-305_1HV9:A:4-251	0	11	6	7	0	28	14	14	0	248
gi|116747979|ref|YP_844666.1|_24-321_1OB3:A:	1	8	6	9	0	29	18	19	0	286
gi|116747980|ref|YP_844667.1|_50-587_1I1I:P:	5	7	6	27	0	58	30	36	0	665
gi|116747981|ref|YP_844668.1|_216-457_1DIQ:A:243-521	3	8	5	10	0	24	13	14	0	279
gi|116747981|ref|YP_844668.1|_5-214_1E8G:A:6-273	6	11	6	4	0	35	19	17	0	268
gi|116747983|ref|YP_844670.1|_36-219_1B12:A:	5	17	5	1	0	32	10	16	0	247
gi|116747984|ref|YP_844671.1|_182-344_1JCF:A:141-336	2	9	2	9	0	18	11	7	0	196
gi|116747984|ref|YP_844671.1|_30-170_1T6C:A:7-132	0	5	0	5	0	9	4	7	0	126
gi|116747988|ref|YP_844675.1|_38-98,148-190_1Y7M:A:49-164	3	10	3	1	0	13	4	7	0	116
gi|116747990|ref|YP_844677.1|_5-185_1B0P:A:416-668	2	6	4	9	0	29	21	11	0	253
gi|116747991|ref|YP_844678.1|_16-96_1HFE:L:2-86	2	4	3	1	0	15	3	7	0	85
gi|116747993|ref|YP_844680.1|_109-320_1P3D:A:107-321	0	10	2	6	0	17	12	13	0	215
gi|116747993|ref|YP_844680.1|_321-467_1P3D:A:322-473	3	6	1	6	0	16	8	9	0	152
gi|116747993|ref|YP_844680.1|_7-97_1J6U:A:0-88	0	5	0	3	0	11	5	7	0	88
gi|116747994|ref|YP_844681.1|_3-359_1CI9:A:	7	15	6	14	0	46	29	29	0	377
gi|116747995|ref|YP_844682.1|_2-153_1ZL0:A:3-169	3	5	3	5	0	16	9	7	0	167
gi|116747995|ref|YP_844682.1|_142-287_2AUN:A:152-307	0	9	1	4	0	18	8	10	0	156
gi|116747996|ref|YP_844683.1|_125-254_2GTD:A:122-248	1	5	1	3	0	8	9	4	0	127
gi|116747996|ref|YP_844683.1|_1-121_2GTD:A:4-121	0	6	2	3	0	11	8	1	0	118
gi|116747997|ref|YP_844684.1|_15-284_1AJ2:A:	1	10	2	9	1	29	16	19	0	282
gi|116747998|ref|YP_844685.1|_404-597_2CE7:A:411-603	1	2	1	7	0	10	7	6	0	193
gi|116747998|ref|YP_844685.1|_145-393_1LV7:A:	2	6	3	10	0	31	17	18	0	256
gi|116747999|ref|YP_844686.1|_16-397_1PV7:A:	0	0	2	22	0	18	12	14	0	417
gi|116748003|ref|YP_844690.1|_305-553_1Y4J:A:28-294	11	11	2	5	0	39	24	24	0	267
gi|116748003|ref|YP_844690.1|_37-263_1SC3:A:,B:	4	11	2	6	0	32	19	15	1	261
gi|116748005|ref|YP_844692.1|_466-650_1WC3:A:	0	8	1	5	0	12	9	9	0	218
gi|116748006|ref|YP_844693.1|_334-520_1WC3:A:	0	8	1	5	0	12	9	9	0	218
gi|116748006|ref|YP_844693.1|_8-94_1UHT:A:	3	9	0	0	0	18	9	7	0	117
gi|116748006|ref|YP_844693.1|_142-291_2K2N:A:31-200	1	5	1	4	0	22	14	6	0	170
gi|116748007|ref|YP_844694.1|_182-258_1UTA:A:	4	3	0	2	0	10	4	2	0	77
gi|116748008|ref|YP_844695.1|_118-446_1BS2:A:136-483	7	9	3	12	0	34	19	16	0	348
gi|116748008|ref|YP_844695.1|_430-559_1BS2:A:484-607	0	0	1	6	0	8	5	7	0	124
gi|116748008|ref|YP_844695.1|_5-114_1BS2:A:5-135	1	3	3	5	0	12	3	7	0	131
gi|116748009|ref|YP_844696.1|_8-241_1VFS:A:13-249	2	9	3	9	0	23	14	14	0	237
gi|116748009|ref|YP_844696.1|_234-367_1RCQ:A:1-7,A:234-357	1	10	2	2	0	21	7	10	1	131
gi|116748011|ref|YP_844698.1|_9-357_1VKY:A:	3	15	4	6	0	31	15	14	0	332
gi|116748012|ref|YP_844699.1|_1-362_1R5Y:A:	2	15	2	16	0	40	20	21	0	372
gi|116748014|ref|YP_844701.1|_1-65_2ES2:A:1-67	1	5	1	0	0	7	2	4	0	67
gi|116748015|ref|YP_844702.1|_60-232_1M5Y:A:25-164,A:395-427	0	3	0	7	0	10	2	6	1	173
gi|116748015|ref|YP_844702.1|_197-305_1J6Y:A:	0	5	0	4	0	20	14	4	0	138
gi|116748016|ref|YP_844703.1|_173-289,343-518_1JYK:A:	2	15	5	6	0	27	12	16	0	253
gi|116748017|ref|YP_844704.1|_190-434_1NY5:A:138-384	4	9	2	11	0	25	17	12	0	247
gi|116748017|ref|YP_844704.1|_7-163_1MC0:A:402-555	0	7	0	4	0	14	7	11	0	154
gi|116748017|ref|YP_844704.1|_404-498_1NTC:A:	0	0	0	4	0	6	3	4	0	90
gi|116748019|ref|YP_844706.1|_267-528_1XNG:A:3-257	1	6	2	12	0	23	10	12	0	255
gi|116748019|ref|YP_844706.1|_1-253_1ERZ:A:	4	14	6	8	0	36	16	16	0	303
gi|116748020|ref|YP_844707.1|_1-112_1HWU:A:	1	5	3	2	0	10	2	4	0	112
gi|116748021|ref|YP_844708.1|_9-153_1RZT:A:386-575	1	11	2	6	0	21	6	11	0	190
gi|116748021|ref|YP_844708.1|_348-582_1MIW:A:140-404	1	2	5	15	0	24	17	10	0	265
gi|116748021|ref|YP_844708.1|_675-746_2FGC:A:27-104	0	4	0	2	0	6	2	6	0	78
gi|116748021|ref|YP_844708.1|_164-298_1V4A:A:287-437	2	0	1	6	0	11	7	7	0	151
gi|116748021|ref|YP_844708.1|_789-839_1YGY:A:452-529	0	4	0	2	0	7	5	3	0	78
gi|116748023|ref|YP_844710.1|_103-469_1F52:A:101-468	4	12	5	10	0	37	24	21	0	368
gi|116748023|ref|YP_844710.1|_2-100_1HTQ:A:1-100	2	5	1	2	0	15	6	3	0	100
gi|116748025|ref|YP_844712.1|_4-108_1J3Q:A:	5	14	1	2	0	28	8	11	0	187
gi|116748026|ref|YP_844713.1|_16-136_1Q48:A:	2	3	0	4	0	12	10	10	0	133
gi|116748028|ref|YP_844715.1|_599-743_1R62:A:	0	7	1	3	0	11	0	7	0	156
gi|116748028|ref|YP_844715.1|_403-504_1EW0:A:	2	5	2	5	0	11	8	8	0	130
gi|116748028|ref|YP_844715.1|_520-592_2C2A:A:232-320	0	0	1	3	0	3	0	4	0	89
gi|116748029|ref|YP_844716.1|_1-160_1YIO:A:3-130	0	5	0	5	0	12	8	5	0	128
gi|116748029|ref|YP_844716.1|_140-201_1YIO:A:131-200	0	0	0	5	0	5	2	4	0	70
gi|116748030|ref|YP_844717.1|_5-120_1YIO:A:3-130	0	5	0	5	0	12	8	5	0	128
gi|116748031|ref|YP_844718.1|_88-146,189-242_1W3B:A:	0	0	0	23	0	35	6	26	0	388
gi|116748032|ref|YP_844719.1|_43-249_1IWL:A:	0	12	3	3	0	15	10	7	0	182
gi|116748036|ref|YP_844723.1|_3-461_1JSW:A:	4	8	4	15	1	44	30	21	0	459
gi|116748042|ref|YP_844729.1|_23-142_1Q48:A:	2	3	0	4	0	12	10	10	0	133
gi|116748043|ref|YP_844730.1|_1-232_1O1Y:A:	1	11	3	6	0	26	13	16	0	238
gi|116748045|ref|YP_844732.1|_37-207_1B12:A:	5	17	5	1	0	32	10	16	0	247
gi|116748046|ref|YP_844733.1|_3-99_1OR7:A:1-111	0	0	2	5	0	7	5	4	0	111
gi|116748046|ref|YP_844733.1|_116-178_1OR7:A:120-187	0	1	0	4	0	5	2	2	0	68
gi|116748047|ref|YP_844734.1|_19-153_2B5G:A:3-169	0	7	3	6	0	14	4	7	0	168
gi|116748048|ref|YP_844735.1|_93-311_2CC0:A:1-192	0	10	3	7	0	22	10	10	0	192
gi|116748049|ref|YP_844736.1|_15-121_1C75:A:	2	0	1	4	0	10	5	6	0	71
gi|116748051|ref|YP_844738.1|_29-227_2GO7:A:3-206	1	8	4	9	0	21	8	15	0	204
gi|116748052|ref|YP_844739.1|_27-281,382-436_1CHU:A:2-237,A:354-422	6	12	4	6	0	30	16	12	1	305
gi|116748052|ref|YP_844739.1|_264-379_1CHU:A:238-353	2	4	2	4	0	18	7	10	0	116
gi|116748052|ref|YP_844739.1|_461-564_1CHU:A:423-533	6	1	0	3	0	11	4	3	0	111
gi|116748056|ref|YP_844743.1|_10-236_1KQF:B:2-245	4	11	3	6	0	31	15	19	0	244
gi|116748057|ref|YP_844744.1|_21-543_2IV2:X:1-564	10	22	7	22	0	67	42	29	0	564
gi|116748057|ref|YP_844744.1|_631-803_2NAP:A:601-723	3	6	3	1	0	20	9	9	0	123
gi|116748058|ref|YP_844745.1|_42-176_19HC:A:	3	4	4	13	0	40	27	15	0	292
gi|116748060|ref|YP_844747.1|_40-286_1AKO:A:	6	12	3	10	0	27	14	16	0	268
gi|116748061|ref|YP_844748.1|_1-259_1J31:A:	1	16	2	7	0	32	15	15	0	262
gi|116748062|ref|YP_844749.1|_8-174_1T3E:A:318-498	7	13	3	2	0	33	10	10	0	181
gi|116748062|ref|YP_844749.1|_175-322_1UZ5:A:181-328	1	9	0	4	0	15	9	7	0	148
gi|116748062|ref|YP_844749.1|_331-402_1UZ5:A:329-402	2	5	0	1	0	10	5	1	0	74
gi|116748062|ref|YP_844749.1|_463-630_1SBP:A:	2	13	4	15	0	26	20	17	0	309
gi|116748063|ref|YP_844750.1|_59-204_1R30:A:	5	9	1	11	0	35	25	12	0	312
gi|116748064|ref|YP_844751.1|_392-551_1R62:A:	0	7	1	3	0	11	0	7	0	156
gi|116748064|ref|YP_844751.1|_323-397_1JOY:A:	0	0	0	3	0	3	2	3	0	67
gi|116748065|ref|YP_844752.1|_26-152_1NY5:A:1-137	2	5	0	5	0	10	7	5	0	137
gi|116748066|ref|YP_844753.1|_146-305_1R62:A:	0	7	1	3	0	11	0	7	0	156
gi|116748066|ref|YP_844753.1|_77-153_1JOY:A:	0	0	0	3	0	3	2	3	0	67
gi|116748067|ref|YP_844754.1|_4-134_1NY5:A:1-137	2	5	0	5	0	10	7	5	0	137
gi|116748068|ref|YP_844755.1|_144-385_1NY5:A:138-384	4	9	2	11	0	25	17	12	0	247
gi|116748068|ref|YP_844755.1|_4-189_1NY5:A:1-137	2	5	0	5	0	10	7	5	0	137
gi|116748068|ref|YP_844755.1|_357-460_1UMQ:A:	0	0	0	3	0	7	6	4	0	60
gi|116748069|ref|YP_844756.1|_571-735_1R62:A:	0	7	1	3	0	11	0	7	0	156
gi|116748069|ref|YP_844756.1|_374-497_1EW0:A:	2	5	2	5	0	11	8	8	0	130
gi|116748069|ref|YP_844756.1|_510-578_1JOY:A:	0	0	0	3	0	3	2	3	0	67
gi|116748070|ref|YP_844757.1|_1-119_1KGS:A:2-123	0	5	0	5	0	11	9	3	0	122
gi|116748071|ref|YP_844758.1|_1-139_1WJG:A:	0	5	1	4	0	15	7	4	0	135
gi|116748077|ref|YP_844764.1|_120-485_1H6Z:A:1-405	3	9	4	17	0	39	28	18	0	405
gi|116748077|ref|YP_844764.1|_466-570_1ZYM:A:3-21,A:145-249	1	6	3	4	0	20	9	4	1	124
gi|116748078|ref|YP_844765.1|_412-574_1R62:A:	0	7	1	3	0	11	0	7	0	156
gi|116748078|ref|YP_844765.1|_344-418_1JOY:A:	0	0	0	3	0	3	2	3	0	67
gi|116748079|ref|YP_844766.1|_1-124_1NY5:A:1-137	2	5	0	5	0	10	7	5	0	137
gi|116748080|ref|YP_844767.1|_4-124_1NY5:A:1-137	2	5	0	5	0	10	7	5	0	137
gi|116748081|ref|YP_844768.1|_156-508_1KBL:A:2-376	2	10	6	14	0	31	14	19	0	375
gi|116748081|ref|YP_844768.1|_491-592_1ZYM:A:3-21,A:145-249	1	6	3	4	0	20	9	4	1	124
gi|116748083|ref|YP_844770.1|_1-120_1NY5:A:1-137	2	5	0	5	0	10	7	5	0	137
gi|116748086|ref|YP_844773.1|_43-104_1WU2:A:6-180	8	12	3	2	0	28	9	13	0	175
gi|116748088|ref|YP_844775.1|_1-141_1MJH:A:	0	5	1	4	0	16	7	5	0	160
gi|116748088|ref|YP_844775.1|_152-302_1WJG:A:	0	5	1	4	0	15	7	4	0	135
gi|116748089|ref|YP_844776.1|_322-483_1R62:A:	0	7	1	3	0	11	0	7	0	156
gi|116748089|ref|YP_844776.1|_261-329_2C2A:A:232-320	0	0	1	3	0	3	0	4	0	89
gi|116748090|ref|YP_844777.1|_141-385_1NY5:A:138-384	4	9	2	11	0	25	17	12	0	247
gi|116748090|ref|YP_844777.1|_3-186_1KRW:A:	0	5	0	5	0	10	8	4	0	124
gi|116748090|ref|YP_844777.1|_403-467_1ETO:B:	0	2	0	4	0	7	1	4	0	98
gi|116748093|ref|YP_844780.1|_1-146_1WJG:A:	0	5	1	4	0	15	7	4	0	135
gi|116748094|ref|YP_844781.1|_4-125_1SRR:A:	0	5	0	5	0	13	7	4	0	119
gi|116748095|ref|YP_844782.1|_13-142_1NY5:A:1-137	2	5	0	5	0	10	7	5	0	137
gi|116748096|ref|YP_844783.1|_125-482_1H6Z:A:1-405	3	9	4	17	0	39	28	18	0	405
gi|116748096|ref|YP_844783.1|_464-570_1ZYM:A:3-21,A:145-249	1	6	3	4	0	20	9	4	1	124
gi|116748097|ref|YP_844784.1|_165-321_1MJH:A:	0	5	1	4	0	16	7	5	0	160
gi|116748097|ref|YP_844784.1|_7-159_1WJG:A:	0	5	1	4	0	15	7	4	0	135
gi|116748098|ref|YP_844785.1|_407-567_1R62:A:	0	7	1	3	0	11	0	7	0	156
gi|116748098|ref|YP_844785.1|_341-412_1JOY:A:	0	0	0	3	0	3	2	3	0	67
gi|116748099|ref|YP_844786.1|_1-120_1MVO:A:	0	5	0	5	0	13	6	5	0	121
gi|116748100|ref|YP_844787.1|_577-688_1VC1:A:	2	5	1	3	0	8	6	6	0	110
gi|116748101|ref|YP_844788.1|_285-402_1DZ3:A:	0	5	0	5	0	13	8	5	0	123
gi|116748103|ref|YP_844790.1|_1-118_1SRR:A:	0	5	0	5	0	13	7	4	0	119
gi|116748104|ref|YP_844791.1|_3-121_1KGS:A:2-123	0	5	0	5	0	11	9	3	0	122
gi|116748105|ref|YP_844792.1|_252-376_1XHD:A:	2	20	0	1	0	37	1	18	0	172
gi|116748106|ref|YP_844793.1|_4-283_1QTW:A:	4	9	5	9	0	34	16	15	0	285
gi|116748108|ref|YP_844795.1|_4-237_1V7Z:A:	8	5	6	8	0	30	14	10	0	257
gi|116748112|ref|YP_844799.1|_3-55_1OI4:A:23-192	2	11	4	6	0	19	6	13	0	170
gi|116748114|ref|YP_844801.1|_6-236_1VPL:A:	2	10	2	9	0	18	9	15	0	238
gi|116748115|ref|YP_844802.1|_526-680_2C2A:A:321-481	0	7	2	3	0	13	4	10	0	161
gi|116748115|ref|YP_844802.1|_255-432_1F5M:A:	2	6	2	4	0	18	12	9	0	176
gi|116748115|ref|YP_844802.1|_437-518_2C2A:A:232-320	0	0	1	3	0	3	0	4	0	89
gi|116748115|ref|YP_844802.1|_103-270_2K2N:A:31-200	1	5	1	4	0	22	14	6	0	170
gi|116748120|ref|YP_844807.1|_431-659,709-887_2JG0:A:37-547	13	16	6	19	0	52	31	30	0	511
gi|116748121|ref|YP_844808.1|_69-378_2DRW:A:2-363	8	15	6	11	0	39	22	30	0	362
gi|116748123|ref|YP_844810.1|_82-349_1ULZ:A:115-328	2	8	1	6	0	23	11	8	0	214
gi|116748123|ref|YP_844810.1|_1-112_1ULZ:A:1-114	0	5	1	6	0	12	6	6	0	114
gi|116748123|ref|YP_844810.1|_332-449_1ULZ:A:329-451	2	7	2	3	0	15	9	6	0	123
gi|116748124|ref|YP_844811.1|_34-319_1RQB:A:4-306	4	10	5	12	0	31	15	21	0	303
gi|116748124|ref|YP_844811.1|_321-494_1RQB:A:307-474	0	0	2	9	0	15	7	9	0	168
gi|116748125|ref|YP_844812.1|_3-286_1A0P:A:111-292	4	3	3	8	0	17	7	7	0	182
gi|116748126|ref|YP_844813.1|_3-299_1K23:A:	0	11	4	11	0	29	20	17	0	307
gi|116748126|ref|YP_844813.1|_607-872_1VFG:A:137-351	1	2	4	13	0	14	10	14	0	215
gi|116748126|ref|YP_844813.1|_455-606_1VFG:A:1-136	1	7	2	5	0	12	6	9	0	136
gi|116748126|ref|YP_844813.1|_308-431_2YZI:A:4-135	6	6	2	4	0	14	9	11	0	132
gi|116748127|ref|YP_844814.1|_8-139_1VQ2:A:	5	7	3	6	0	24	3	10	0	193
gi|116748129|ref|YP_844816.1|_6-329_1D2R:A:	6	5	3	13	0	31	17	19	0	326
gi|116748130|ref|YP_844817.1|_60-241_1KSK:A:60-231	2	9	2	4	0	23	8	13	0	172
gi|116748130|ref|YP_844817.1|_3-70_1FJG:D:	4	4	3	8	0	22	11	17	0	208
gi|116748131|ref|YP_844818.1|_178-404,439-520_1KT1:A:254-421	0	0	1	7	0	12	3	7	0	168
gi|116748131|ref|YP_844818.1|_495-617_1A17:A:	0	0	0	7	0	11	3	7	0	159
gi|116748132|ref|YP_844819.1|_15-127_1O6Y:A:	1	11	3	8	0	24	14	12	0	276
gi|116748133|ref|YP_844820.1|_6-423_1PW4:A:	2	0	1	18	0	21	18	22	0	450
gi|116748134|ref|YP_844821.1|_415-579_1Z3X:A:1-87	0	0	0	5	0	7	4	5	0	87
gi|116748134|ref|YP_844821.1|_131-163,201-465_1QBK:B:	0	0	17	47	0	50	54	64	0	888
gi|116748135|ref|YP_844822.1|_219-394_1YNB:A:7-173	2	0	5	7	0	12	5	7	0	167
gi|116748136|ref|YP_844823.1|_6-59_1BRF:A:	4	3	3	0	0	10	2	6	0	53
gi|116748138|ref|YP_844825.1|_6-192_1K7K:A:	1	7	7	5	0	16	12	10	0	220
gi|116748144|ref|YP_844831.1|_1-298_1TRB:A:119-244	1	8	1	4	0	13	10	6	0	126
gi|116748145|ref|YP_844832.1|_4-343_1JG8:A:	3	14	3	14	0	34	17	22	0	343
gi|116748146|ref|YP_844833.1|_4-216_1T72:A:	0	0	1	7	0	8	2	5	0	226
gi|116748147|ref|YP_844834.1|_4-237_3DHW:C:1-240	3	10	1	7	0	21	17	12	0	240
gi|116748148|ref|YP_844835.1|_6-237_3DHW:C:1-240	3	10	1	7	0	21	17	12	0	240
gi|116748149|ref|YP_844836.1|_13-265_3DHW:A:6-208	0	0	1	9	0	11	7	9	0	203
gi|116748150|ref|YP_844837.1|_53-288_3DHW:A:6-208	0	0	1	9	0	11	7	9	0	203
gi|116748151|ref|YP_844838.1|_70-325_1TWY:A:	4	13	2	8	0	31	13	17	0	249
gi|116748152|ref|YP_844839.1|_426-598_2C2A:A:321-481	0	7	2	3	0	13	4	10	0	161
gi|116748152|ref|YP_844839.1|_355-437_2C2A:A:232-320	0	0	1	3	0	3	0	4	0	89
gi|116748152|ref|YP_844839.1|_250-362_1MZU:A:	2	5	2	3	1	12	6	6	0	110
gi|116748152|ref|YP_844839.1|_195-245_2ASX:A:278-331	0	0	0	2	0	4	1	3	0	54
gi|116748153|ref|YP_844840.1|_2-126_1MVO:A:	0	5	0	5	0	13	6	5	0	121
gi|116748153|ref|YP_844840.1|_128-226_1QQI:A:	0	7	1	3	0	7	4	6	0	104
gi|116748154|ref|YP_844841.1|_130-287_2CSU:A:130-290	0	9	1	5	0	16	11	6	0	161
gi|116748154|ref|YP_844841.1|_2-138_2CSU:A:1-129	1	7	0	3	0	18	15	9	0	129
gi|116748154|ref|YP_844841.1|_487-681_1DV1:A:115-330	3	7	1	6	0	20	10	7	0	216
gi|116748154|ref|YP_844841.1|_294-448_2CSU:A:291-453	0	7	0	6	0	15	9	8	0	163
gi|116748157|ref|YP_844844.1|_176-416_1TV8:A:	4	11	4	10	0	39	20	20	0	327
gi|116748158|ref|YP_844845.1|_109-317_1IOW:A:97-306	1	10	1	8	0	21	10	13	0	210
gi|116748158|ref|YP_844845.1|_30-106_1IOW:A:1-96	1	3	1	3	0	9	5	6	0	96
gi|116748159|ref|YP_844846.1|_130-356_1IOW:A:97-306	1	10	1	8	0	21	10	13	0	210
gi|116748160|ref|YP_844847.1|_6-130_2CY2:A:1-174	2	7	2	5	0	19	6	8	0	174
gi|116748161|ref|YP_844848.1|_602-776_1RRE:A:	5	10	1	6	0	17	11	10	0	182
gi|116748161|ref|YP_844848.1|_316-590_1QZM:A:	0	2	0	5	0	9	2	6	0	94
gi|116748161|ref|YP_844848.1|_18-206_2ANE:A:8-117	2	6	1	1	0	12	6	4	0	110
gi|116748162|ref|YP_844849.1|_35-250_1WY5:A:1-216	0	6	1	10	0	20	9	10	0	216
gi|116748163|ref|YP_844850.1|_6-240_1OLT:A:	1	19	6	15	0	46	26	24	0	441
gi|116748164|ref|YP_844851.1|_3-281_1U0T:A:	0	20	3	5	0	30	14	14	0	302
gi|116748165|ref|YP_844852.1|_146-299_1W25:A:294-455	1	7	1	5	0	15	9	9	0	161
gi|116748165|ref|YP_844852.1|_12-148_1NY5:A:1-137	2	5	0	5	0	10	7	5	0	137
gi|116748166|ref|YP_844853.1|_10-125_1TLU:A:	0	6	1	3	0	9	4	7	0	117
gi|116748167|ref|YP_844854.1|_16-299_1WOH:A:	7	10	6	9	0	36	21	16	0	304
gi|116748168|ref|YP_844855.1|_46-188_2NYC:A:181-320	8	5	2	5	0	14	9	7	0	140
gi|116748168|ref|YP_844855.1|_182-265_2OAI:A:5-91	2	5	0	2	0	8	4	6	0	87
gi|116748169|ref|YP_844856.1|_220-484_1ERZ:A:	4	14	6	8	0	36	16	16	0	303
gi|116748170|ref|YP_844857.1|_2-300_1GQE:A:	2	11	5	9	0	25	16	15	0	362
gi|116748172|ref|YP_844859.1|_1-112_1HWU:A:	1	5	3	2	0	10	2	4	0	112
gi|116748173|ref|YP_844860.1|_44-428_1U7G:A:	2	2	6	15	0	21	14	16	0	383
gi|116748174|ref|YP_844861.1|_242-612_2IX0:A:173-557	8	13	6	10	0	34	19	16	0	385
gi|116748175|ref|YP_844862.1|_256-351,390-471_1JWQ:A:	4	6	1	6	0	19	11	9	0	179
gi|116748176|ref|YP_844863.1|_270-569_1E3M:A:270-566	3	4	1	15	0	23	13	17	0	297
gi|116748176|ref|YP_844863.1|_571-806_1E3M:A:567-800	2	10	1	6	0	25	13	9	0	234
gi|116748176|ref|YP_844863.1|_2-110_1E3M:A:2-116	0	6	3	3	0	11	6	7	0	115
gi|116748176|ref|YP_844863.1|_111-268_1E3M:A:117-269	1	7	4	3	0	23	9	11	0	153
gi|116748177|ref|YP_844864.1|_1549-1847_1B0U:A:	0	12	1	10	0	24	16	14	0	261
gi|116748177|ref|YP_844864.1|_603-903_1B0U:A:	0	12	1	10	0	24	16	14	0	261
gi|116748177|ref|YP_844864.1|_972-1158,1363-1502_1B0U:A:	0	12	1	10	0	24	16	14	0	261
gi|116748177|ref|YP_844864.1|_14-160,423-555_1F3O:A:	0	10	2	7	0	22	15	14	0	232
gi|116748179|ref|YP_844866.1|_1-65_2ES2:A:1-67	1	5	1	0	0	7	2	4	0	67
gi|116748181|ref|YP_844868.1|_260-399_2C2A:A:321-481	0	7	2	3	0	13	4	10	0	161
gi|116748181|ref|YP_844868.1|_22-143_1EW0:A:	2	5	2	5	0	11	8	8	0	130
gi|116748181|ref|YP_844868.1|_160-235_2C2A:A:232-320	0	0	1	3	0	3	0	4	0	89
gi|116748182|ref|YP_844869.1|_15-319_1VE5:A:2-311	3	10	7	12	0	28	15	11	0	310
gi|116748183|ref|YP_844870.1|_1-138_1MJH:A:	0	5	1	4	0	16	7	5	0	160
gi|116748184|ref|YP_844871.1|_27-265_1JX4:A:1-240	3	8	3	10	0	22	11	12	0	240
gi|116748184|ref|YP_844871.1|_270-369_1T94:A:411-515	0	4	0	2	0	8	4	3	0	105
gi|116748185|ref|YP_844872.1|_230-478_1HS6:A:209-460	1	7	4	11	0	19	10	13	0	252
gi|116748185|ref|YP_844872.1|_8-217_1HS6:A:1-208	2	15	4	0	0	20	10	12	0	208
gi|116748187|ref|YP_844874.1|_28-316_2Z1A:A:28-329	3	16	3	9	0	37	21	18	0	302
gi|116748187|ref|YP_844874.1|_323-507_2Z1A:A:330-534	2	12	4	8	0	20	13	12	0	205
gi|116748190|ref|YP_844877.1|_25-236_1KFI:A:3-205	6	9	3	5	0	23	10	13	0	203
gi|116748190|ref|YP_844877.1|_306-449_1KFI:A:324-443	0	4	0	6	0	10	8	10	0	120
gi|116748190|ref|YP_844877.1|_436-545_1WJW:A:	0	3	0	2	0	7	8	3	0	111
gi|116748190|ref|YP_844877.1|_210-317_3PMG:A:191-303	1	4	3	4	0	12	11	9	0	113
gi|116748191|ref|YP_844878.1|_13-638_1PG4:A:	11	30	5	21	0	71	40	44	0	643
gi|116748192|ref|YP_844879.1|_202-441_2G39:A:224-497	2	17	5	10	0	29	21	17	0	274
gi|116748192|ref|YP_844879.1|_7-230_2G39:A:3-223	10	9	3	6	0	25	19	14	0	221
gi|116748192|ref|YP_844879.1|_469-611_1Y9K:A:1-152	0	9	2	5	0	15	7	6	0	151
gi|116748194|ref|YP_844881.1|_15-141_1QSA:A:451-618	3	0	1	9	0	18	9	10	0	168
gi|116748196|ref|YP_844883.1|_52-225_1QSA:A:451-618	3	0	1	9	0	18	9	10	0	168
gi|116748196|ref|YP_844883.1|_332-375_1E0G:A:	0	2	1	2	0	8	1	3	0	48
gi|116748197|ref|YP_844884.1|_3-242_1ICI:A:	3	9	5	8	0	33	20	15	0	255
gi|116748200|ref|YP_844887.1|_146-157,215-315_1LR0:A:	2	3	1	4	0	12	4	5	0	128
gi|116748201|ref|YP_844888.1|_180-452_1K32:A:39-319	1	27	1	0	0	31	19	21	0	281
gi|116748201|ref|YP_844888.1|_50-186_1CRZ:A:7-140	0	6	2	3	0	17	10	5	0	134
gi|116748202|ref|YP_844889.1|_80-187_1OAP:A:	0	4	2	3	0	13	6	6	0	108
gi|116748203|ref|YP_844890.1|_144-255_1P5Q:A:258-427	0	0	1	7	0	10	2	6	0	170
gi|116748208|ref|YP_844895.1|_9-433_1EK9:A:	0	7	2	9	0	18	12	9	0	428
gi|116748209|ref|YP_844896.1|_796-1018_1IWG:A:513-566,A:869-1036	2	0	1	11	0	13	7	10	1	222
gi|116748209|ref|YP_844896.1|_289-488_1IWG:A:7-37,A:331-498	0	0	1	8	0	9	7	9	1	199
gi|116748209|ref|YP_844896.1|_40-134_1IWG:A:38-134	0	4	2	4	0	11	6	7	0	97
gi|116748209|ref|YP_844896.1|_136-181,267-323_1IWG:A:135-181,A:274-330	0	5	1	4	0	11	6	9	1	104
gi|116748209|ref|YP_844896.1|_182-266_1IWG:A:182-273	0	6	0	4	0	8	4	5	0	92
gi|116748209|ref|YP_844896.1|_708-796_1IWG:A:725-812	0	6	3	2	0	8	2	6	0	88
gi|116748209|ref|YP_844896.1|_563-656_1IWG:A:567-673	0	5	1	2	0	12	9	2	0	107
gi|116748210|ref|YP_844897.1|_54-297_1VF7:A:	2	20	0	3	0	31	18	9	0	237
gi|116748211|ref|YP_844898.1|_27-108_1VI0:A:6-77	0	0	1	4	0	6	2	2	0	72
gi|116748211|ref|YP_844898.1|_105-216_2GFN:A:81-199	0	0	0	6	0	7	6	7	0	119
gi|116748212|ref|YP_844899.1|_205-589_1P9R:A:	2	16	4	14	0	37	18	18	0	417
gi|116748212|ref|YP_844899.1|_60-166_2BH1:X:14-81	0	3	0	3	0	10	4	1	0	68
gi|116748213|ref|YP_844900.1|_154-369_2HY1:A:10-265	5	11	0	6	0	28	15	11	0	256
gi|116748214|ref|YP_844901.1|_112-420_1GW5:B:	0	0	4	32	0	42	43	37	0	579
gi|116748215|ref|YP_844902.1|_83-351_1V8G:A:66-329	3	7	5	11	0	22	10	13	0	264
gi|116748215|ref|YP_844902.1|_15-71_1KHD:A:12-80	0	0	0	4	0	6	2	3	0	69
gi|116748216|ref|YP_844903.1|_1-161_1JVB:A:1-143,A:314-347	3	14	3	3	0	24	12	11	1	177
gi|116748216|ref|YP_844903.1|_130-281_1PL7:A:146-316	0	6	0	7	0	22	14	8	0	171
gi|116748217|ref|YP_844904.1|_10-138_1K8H:A:	1	6	0	3	0	14	9	4	0	133
gi|116748218|ref|YP_844905.1|_260-547_1KBL:A:510-873	0	9	4	18	0	33	20	15	0	364
gi|116748218|ref|YP_844905.1|_132-252_1ZYM:A:3-21,A:145-249	1	6	3	4	0	20	9	4	1	124
gi|116748218|ref|YP_844905.1|_41-149_1ZYM:A:22-144	0	0	0	5	0	6	1	4	0	123
gi|116748219|ref|YP_844906.1|_12-97_1K1C:A:	0	4	0	3	0	6	4	7	0	84
gi|116748220|ref|YP_844907.1|_20-191_1X6V:A:34-228	0	5	0	6	0	15	9	6	0	195
gi|116748224|ref|YP_844911.1|_6-279_1T8T:A:	3	9	4	11	0	29	13	16	0	270
gi|116748225|ref|YP_844912.1|_23-252_1XV1:A:	5	6	4	13	0	31	19	24	0	293
gi|116748226|ref|YP_844913.1|_80-246_1UA7:A:4-347	10	13	6	13	0	41	24	27	0	344
gi|116748230|ref|YP_844917.1|_22-132_1HCR:A:	1	0	0	3	0	7	4	3	0	52
gi|116748230|ref|YP_844917.1|_202-330_1C6V:A:	0	5	0	5	0	13	9	9	0	159
gi|116748232|ref|YP_844919.1|_1322-1584_1E32:A:201-458	3	5	4	12	0	28	13	14	0	258
gi|116748234|ref|YP_844921.1|_1-106_6PAX:A:1-68	0	2	0	3	0	8	4	4	0	68
gi|116748236|ref|YP_844923.1|_9-381_2F9F:A:2-167	2	6	1	7	0	19	11	10	0	166
gi|116748237|ref|YP_844924.1|_12-393_2F9F:A:2-167	2	6	1	7	0	19	11	10	0	166
gi|116748238|ref|YP_844925.1|_8-132,174-288_1T8T:A:	3	9	4	11	0	29	13	16	0	270
gi|116748240|ref|YP_844927.1|_21-402_1MDO:A:	9	15	2	14	0	43	16	20	0	376
gi|116748241|ref|YP_844928.1|_90-273_1CVL:A:	4	11	3	11	0	33	22	25	0	319
gi|116748242|ref|YP_844929.1|_5-222_2GFH:A:1-247	2	8	4	9	0	22	10	13	0	247
gi|116748243|ref|YP_844930.1|_2-96_1WRI:A:	0	7	1	2	0	12	6	6	0	93
gi|116748243|ref|YP_844930.1|_222-250,278-322,367-444,500-592_1WOQ:A:11-139	1	7	1	3	0	11	7	9	0	129
gi|116748244|ref|YP_844931.1|_402-456_2D9I:A:8-90	0	4	1	2	0	11	4	6	0	83
gi|116748244|ref|YP_844931.1|_14-144_1F0K:A:	0	13	3	16	0	35	15	23	0	363
gi|116748246|ref|YP_844933.1|_1-296_2FV7:A:15-322	0	14	5	10	0	34	19	14	0	308
gi|116748247|ref|YP_844934.1|_29-438_1D9X:A:2-414	5	14	4	13	0	50	29	20	0	413
gi|116748247|ref|YP_844934.1|_60-105,482-601_1D9X:A:415-595	0	5	2	5	0	14	14	14	0	181
gi|116748247|ref|YP_844934.1|_641-687_1E52:A:	0	0	0	3	0	5	3	3	0	56
gi|116748248|ref|YP_844935.1|_50-345_1TV8:A:	4	11	4	10	0	39	20	20	0	327
gi|116748249|ref|YP_844936.1|_4-309_1UDB:A:	3	13	1	11	0	38	21	15	0	338
gi|116748252|ref|YP_844939.1|_1-137_1WJG:A:	0	5	1	4	0	15	7	4	0	135
gi|116748253|ref|YP_844940.1|_287-373_1L0Q:A:302-391	2	8	0	0	0	14	8	3	0	90
gi|116748254|ref|YP_844941.1|_6-157_1WJG:A:	0	5	1	4	0	15	7	4	0	135
gi|116748254|ref|YP_844941.1|_164-301_1TQ8:A:	1	5	0	5	0	9	5	6	0	162
gi|116748255|ref|YP_844942.1|_11-266_1POI:B:	2	14	0	8	0	37	16	22	0	260
gi|116748256|ref|YP_844943.1|_5-323_1POI:A:	9	13	3	13	0	38	22	19	0	317
gi|116748257|ref|YP_844944.1|_6-282_1POI:A:	9	13	3	13	0	38	22	19	0	317
gi|116748258|ref|YP_844945.1|_4-197,368-455_1VGY:A:2-180,A:294-376	6	13	2	7	0	28	17	16	1	262
gi|116748259|ref|YP_844946.1|_8-265_1WDN:A:	2	11	1	8	0	14	14	12	0	223
gi|116748260|ref|YP_844947.1|_44-233_3DHW:A:6-208	0	0	1	9	0	11	7	9	0	203
gi|116748261|ref|YP_844948.1|_66-147_1W4T:A:1-277	2	12	3	8	0	31	14	16	0	277
gi|116748262|ref|YP_844949.1|_1-235_1B0U:A:	0	12	1	10	0	24	16	14	0	261
gi|116748263|ref|YP_844950.1|_4-145_1MJH:A:	0	5	1	4	0	16	7	5	0	160
gi|116748265|ref|YP_844952.1|_26-105_1KF6:B:106-243	0	0	3	8	0	15	4	9	0	138
gi|116748266|ref|YP_844953.1|_189-319_1NY5:A:1-137	2	5	0	5	0	10	7	5	0	137
gi|116748266|ref|YP_844953.1|_729-1057_2BI7:A:2-247,A:317-384	2	12	4	12	0	33	22	13	1	314
gi|116748266|ref|YP_844953.1|_6-65,93-157,293-546_1QO8:A:103-359,A:506-565	5	14	2	9	0	40	16	20	1	317
gi|116748266|ref|YP_844953.1|_1057-1125_2FDN:A:	0	4	1	1	0	12	1	6	0	55
gi|116748266|ref|YP_844953.1|_152-183_2BS2:B:107-239	0	0	1	8	0	16	4	10	0	134
gi|116748267|ref|YP_844954.1|_252-350_1KF6:B:106-243	0	0	3	8	0	15	4	9	0	138
gi|116748269|ref|YP_844956.1|_381-626_1H7W:A:184-287,A:441-532	6	7	3	6	0	23	15	12	1	196
gi|116748269|ref|YP_844956.1|_291-392_1H7W:A:2-183	1	0	4	8	0	20	11	12	0	182
gi|116748269|ref|YP_844956.1|_1035-1109_1CLF:A:	2	2	0	0	0	11	4	6	0	55
gi|116748269|ref|YP_844956.1|_771-1036_1XHC:A:1-103,A:226-289	4	11	2	5	0	18	13	9	1	165
gi|116748269|ref|YP_844956.1|_142-247_1DJN:A:341-489,A:646-729	0	7	3	9	0	25	15	15	1	233
gi|116748269|ref|YP_844956.1|_717-786_2BS2:B:107-239	0	0	1	8	0	16	4	10	0	134
gi|116748271|ref|YP_844958.1|_341-503_1R62:A:	0	7	1	3	0	11	0	7	0	156
gi|116748271|ref|YP_844958.1|_142-250_1BYW:A:	2	5	1	3	0	13	3	8	0	110
gi|116748271|ref|YP_844958.1|_6-97_1NVM:B:1-131,B:287-312	1	6	1	6	0	20	10	6	1	157
gi|116748271|ref|YP_844958.1|_273-348_2C2A:A:232-320	0	0	1	3	0	3	0	4	0	89
gi|116748272|ref|YP_844959.1|_145-386_1NY5:A:138-384	4	9	2	11	0	25	17	12	0	247
gi|116748272|ref|YP_844959.1|_3-189_1NY5:A:1-137	2	5	0	5	0	10	7	5	0	137
gi|116748272|ref|YP_844959.1|_358-443_1UMQ:A:	0	0	0	3	0	7	6	4	0	60
gi|116748273|ref|YP_844960.1|_405-565_1R62:A:	0	7	1	3	0	11	0	7	0	156
gi|116748273|ref|YP_844960.1|_56-194_1QKK:A:	0	5	1	5	0	15	7	5	0	154
gi|116748273|ref|YP_844960.1|_193-317_1V9Y:A:	2	5	3	3	0	10	6	6	0	113
gi|116748273|ref|YP_844960.1|_334-412_2C2A:A:232-320	0	0	1	3	0	3	0	4	0	89
gi|116748274|ref|YP_844961.1|_10-163_1RJW:A:1-137,A:306-339	5	11	3	3	0	24	12	10	1	171
gi|116748274|ref|YP_844961.1|_142-297_1RJW:A:138-305	0	7	1	8	0	16	10	9	0	168
gi|116748278|ref|YP_844965.1|_476-985_1UZB:A:	7	19	6	15	0	48	35	23	0	516
gi|116748278|ref|YP_844965.1|_121-455_1K87:A:262-612	3	8	7	14	0	31	17	23	0	351
gi|116748279|ref|YP_844966.1|_22-366_2LIV:A:	4	14	6	11	0	34	17	17	0	344
gi|116748282|ref|YP_844969.1|_3-251_1G6H:A:	2	11	5	9	0	21	16	17	0	254
gi|116748283|ref|YP_844970.1|_3-235_1JI0:A:	2	10	1	10	0	19	14	15	0	240
gi|116748284|ref|YP_844971.1|_6-177_1WFX:A:	4	9	3	6	0	20	10	10	0	180
gi|116748286|ref|YP_844973.1|_15-289_1R30:A:	5	9	1	11	0	35	25	12	0	312
gi|116748287|ref|YP_844974.1|_42-344_1R30:A:	5	9	1	11	0	35	25	12	0	312
gi|116748288|ref|YP_844975.1|_4-79_2NZC:A:2-81	0	4	2	2	0	4	2	4	0	80
gi|116748289|ref|YP_844976.1|_190-569_1FEH:A:210-574	3	10	11	15	0	33	25	20	0	365
gi|116748289|ref|YP_844976.1|_77-216_1FEH:A:127-209	0	5	3	2	0	8	7	5	0	83
gi|116748289|ref|YP_844976.1|_3-76_2FUG:3:1-95	3	5	0	1	0	15	8	6	0	95
gi|116748290|ref|YP_844977.1|_137-376_2FUG:1:7-249	8	5	2	10	0	26	22	14	0	243
gi|116748290|ref|YP_844977.1|_461-562_2FUG:1:334-438	2	0	0	5	1	7	4	5	0	105
gi|116748290|ref|YP_844977.1|_29-119_1F37:A:	0	5	3	2	0	14	6	7	0	109
gi|116748290|ref|YP_844977.1|_377-460_2FUG:1:250-333	4	5	0	2	0	11	8	7	0	84
gi|116748291|ref|YP_844978.1|_12-160_2FUG:2:3-180	2	3	2	7	0	21	16	8	0	178
gi|116748292|ref|YP_844979.1|_40-106_1HFE:S:	1	0	2	4	0	11	6	6	0	88
gi|116748293|ref|YP_844980.1|_64-397_1HFE:L:87-398	2	8	9	11	0	32	21	19	0	312
gi|116748293|ref|YP_844980.1|_24-85_1HFE:L:2-86	2	4	3	1	0	15	3	7	0	85
gi|116748296|ref|YP_844983.1|_38-323_1K23:A:	0	11	4	11	0	29	20	17	0	307
gi|116748297|ref|YP_844984.1|_15-156_1F21:A:	3	5	0	5	0	13	6	10	0	152
gi|116748298|ref|YP_844985.1|_141-385_1NY5:A:138-384	4	9	2	11	0	25	17	12	0	247
gi|116748298|ref|YP_844985.1|_2-187_1QKK:A:	0	5	1	5	0	15	7	5	0	154
gi|116748299|ref|YP_844986.1|_316-480_1R62:A:	0	7	1	3	0	11	0	7	0	156
gi|116748299|ref|YP_844986.1|_254-323_2C2A:A:232-320	0	0	1	3	0	3	0	4	0	89
gi|116748300|ref|YP_844987.1|_259-441_3BGE:A:251-434	0	0	3	7	0	11	5	7	0	184
gi|116748300|ref|YP_844987.1|_17-228_1IN4:A:17-254	2	5	3	9	0	21	12	15	0	238
gi|116748301|ref|YP_844988.1|_2-231_1JI0:A:	2	10	1	10	0	19	14	15	0	240
gi|116748302|ref|YP_844989.1|_4-252_1G6H:A:	2	11	5	9	0	21	16	17	0	254
gi|116748307|ref|YP_844994.1|_27-370_1USG:A:	4	14	6	11	0	33	12	17	0	346
gi|116748309|ref|YP_844996.1|_1-263,291-325_1R6D:A:	3	12	4	12	0	35	11	18	0	322
gi|116748310|ref|YP_844997.1|_24-304_1TV8:A:	4	11	4	10	0	39	20	20	0	327
gi|116748312|ref|YP_844999.1|_1-210_1JYS:A:	2	10	1	6	0	21	9	12	0	230
gi|116748313|ref|YP_845000.1|_9-275_1O1Z:A:	1	11	4	10	0	22	17	11	0	233
gi|116748314|ref|YP_845001.1|_92-205_2BNM:A:77-198	2	9	2	0	0	19	9	9	0	122
gi|116748314|ref|YP_845001.1|_23-90_1B0N:A:1-68	0	0	0	5	0	8	1	5	0	68
gi|116748315|ref|YP_845002.1|_9-543_1V25:A:	8	24	4	16	0	59	31	33	0	534
gi|116748316|ref|YP_845003.1|_24-239_1K30:A:	2	9	5	14	0	31	12	16	0	367
gi|116748317|ref|YP_845004.1|_26-272_1YE8:A:1-178	0	9	2	5	0	17	7	11	0	178
gi|116748317|ref|YP_845004.1|_464-514_1MSZ:A:	0	3	0	2	0	7	3	3	0	62
gi|116748318|ref|YP_845005.1|_70-257_1TE4:A:	0	0	3	6	0	11	9	5	0	111
gi|116748319|ref|YP_845006.1|_14-207_1EGA:A:4-182	1	7	0	5	0	17	11	10	0	179
gi|116748319|ref|YP_845006.1|_185-302_1WF3:A:181-298	1	3	2	5	0	8	4	7	0	118
gi|116748320|ref|YP_845007.1|_14-284_1OLT:A:	1	19	6	15	0	46	26	24	0	441
gi|116748321|ref|YP_845008.1|_7-151_1O0W:A:1-167	2	0	1	10	0	12	5	7	0	167
gi|116748321|ref|YP_845008.1|_118-234_1RC7:A:151-220	0	3	0	2	0	5	4	2	0	70
gi|116748322|ref|YP_845009.1|_14-186_2GMW:A:24-205	7	6	4	7	0	22	14	10	0	182
gi|116748324|ref|YP_845011.1|_144-308_2FDN:A:	0	4	1	1	0	12	1	6	0	55
gi|116748325|ref|YP_845012.1|_7-113_1L0O:A:	1	6	3	4	0	15	8	5	0	141
gi|116748328|ref|YP_845015.1|_5-262_1FNN:A:1-276	4	5	2	12	0	25	19	17	0	276
gi|116748329|ref|YP_845016.1|_5-266_1W44:A:	4	19	1	7	0	37	18	17	0	321
gi|116748331|ref|YP_845018.1|_526-631_2DPK:A:370-502	3	9	0	0	0	14	8	5	0	133
gi|116748331|ref|YP_845018.1|_35-388_1HG8:A:	1	26	3	1	0	43	31	12	0	349
gi|116748332|ref|YP_845019.1|_102-243,275-357_1QKS:A:136-567	3	35	4	4	0	49	27	29	0	432
gi|116748336|ref|YP_845023.1|_12-106_2HZT:A:4-98	1	2	1	5	0	9	4	6	0	95
gi|116748337|ref|YP_845024.1|_1-189_1RLI:A:	2	5	1	8	0	14	7	12	0	179
gi|116748338|ref|YP_845025.1|_1-140_2H1C:A:1-138	0	5	3	7	0	15	4	8	0	138
gi|116748340|ref|YP_845027.1|_89-293_1I6A:A:	1	12	4	4	0	23	15	16	0	212
gi|116748340|ref|YP_845027.1|_1-110_1IXC:A:1-89	2	0	0	4	0	6	2	3	0	89
gi|116748341|ref|YP_845028.1|_8-144_2OPL:A:4-185	1	10	2	4	0	18	10	6	0	182
gi|116748343|ref|YP_845030.1|_353-485_1LSS:A:	0	6	0	6	0	14	9	7	0	132
gi|116748343|ref|YP_845030.1|_8-153_1LNQ:A:19-98	0	0	0	5	0	5	7	8	0	80
gi|116748343|ref|YP_845030.1|_129-262_2FY8:A:116-244	0	6	2	6	0	14	10	7	0	130
gi|116748343|ref|YP_845030.1|_487-566_2FY8:A:245-336	2	4	0	4	0	13	5	6	0	92
gi|116748343|ref|YP_845030.1|_273-346_2FY8:A:245-336	2	4	0	4	0	13	5	6	0	92
gi|116748344|ref|YP_845031.1|_67-321_1RKU:A:	2	7	1	9	0	19	10	12	0	205
gi|116748345|ref|YP_845032.1|_243-602_1KHB:A:260-622	6	20	5	8	0	53	22	27	0	363
gi|116748345|ref|YP_845032.1|_10-242_1KHB:A:10-259	1	12	5	8	1	27	23	10	0	250
gi|116748348|ref|YP_845035.1|_47-247_2NR9:A:4-192	0	0	2	8	0	13	11	7	0	189
gi|116748349|ref|YP_845036.1|_9-88,126-170_1FP3:A:	11	12	2	15	0	38	21	21	0	402
gi|116748350|ref|YP_845037.1|_1-161_1VGG:A:	0	9	0	4	0	17	7	9	0	161
gi|116748351|ref|YP_845038.1|_48-218_1MC0:A:402-555	0	7	0	4	0	14	7	11	0	154
gi|116748351|ref|YP_845038.1|_225-400_1MC0:A:402-555	0	7	0	4	0	14	7	11	0	154
gi|116748351|ref|YP_845038.1|_385-498_1V9Y:A:	2	5	3	3	0	10	6	6	0	113
gi|116748352|ref|YP_845039.1|_184-347_1NE9:A:165-335	1	7	0	6	0	15	9	8	0	171
gi|116748353|ref|YP_845040.1|_168-400_1R30:A:	5	9	1	11	0	35	25	12	0	312
gi|116748353|ref|YP_845040.1|_60-155_1BMT:A:741-896	0	5	1	6	0	17	8	8	0	156
gi|116748354|ref|YP_845041.1|_16-322_1ITU:A:	8	9	6	14	0	41	19	23	0	369
gi|116748355|ref|YP_845042.1|_5-374_1C0N:A:	4	15	6	13	0	47	23	26	0	404
gi|116748360|ref|YP_845047.1|_88-250_1S5J:A:40-449	1	18	1	15	0	36	26	27	0	410
gi|116748362|ref|YP_845049.1|_34-268_2FUK:A:3-220	2	8	1	5	0	26	14	17	0	218
gi|116748363|ref|YP_845050.1|_211-273_1CLF:A:	2	2	0	0	0	11	4	6	0	55
gi|116748364|ref|YP_845051.1|_93-314_1QZZ:A:102-357	0	7	3	12	0	25	14	13	0	256
gi|116748364|ref|YP_845051.1|_4-86_1TW3:A:14-98	1	2	1	5	0	4	4	7	0	85
gi|116748366|ref|YP_845053.1|_8-161_1UFK:A:	0	14	4	9	0	22	7	12	0	254
gi|116748367|ref|YP_845054.1|_4-117_1YWU:A:1-125	0	6	2	1	0	14	10	4	0	125
gi|116748370|ref|YP_845057.1|_35-139_1S7B:A:	0	0	0	4	0	10	7	3	0	109
gi|116748370|ref|YP_845057.1|_184-289_1S7B:A:	0	0	0	4	0	10	7	3	0	109
gi|116748371|ref|YP_845058.1|_76-196_1JHF:A:73-198	1	9	3	0	0	16	8	10	0	126
gi|116748371|ref|YP_845058.1|_1-69_1JHF:A:2-72	0	2	0	3	0	6	4	2	0	71
gi|116748372|ref|YP_845059.1|_3-234_1T3N:A:27-299	1	9	4	11	0	27	16	16	0	273
gi|116748372|ref|YP_845059.1|_247-334_1JX4:A:241-341	0	4	0	2	0	9	3	2	0	101
gi|116748373|ref|YP_845060.1|_5-188_1M65:A:	5	8	5	8	0	27	12	19	0	244
gi|116748375|ref|YP_845062.1|_11-348_1XEW:X:,Y:	2	15	2	9	0	30	20	14	1	329
gi|116748377|ref|YP_845064.1|_7-331_1HNJ:A:1-174	1	8	2	7	0	21	11	7	0	174
gi|116748378|ref|YP_845065.1|_1-149_1NN4:A:	1	6	0	6	0	13	8	7	0	161
gi|116748379|ref|YP_845066.1|_2-133_2RC3:A:23-149	6	5	3	5	0	11	7	7	0	127
gi|116748380|ref|YP_845067.1|_2-315_3C10:A:515-900	8	10	9	12	0	47	19	25	0	386
gi|116748381|ref|YP_845068.1|_11-235_1K30:A:	2	9	5	14	0	31	12	16	0	367
gi|116748382|ref|YP_845069.1|_15-233_1I7O:A:214-429	6	15	5	3	0	34	15	10	0	216
gi|116748384|ref|YP_845071.1|_3-146_1V37:A:	2	6	3	6	0	21	10	9	0	171
gi|116748386|ref|YP_845073.1|_684-839_2C2A:A:321-481	0	7	2	3	0	13	4	10	0	161
gi|116748386|ref|YP_845073.1|_90-192_1V9Y:A:	2	5	3	3	0	10	6	6	0	113
gi|116748386|ref|YP_845073.1|_335-455_1N9L:A:	0	5	1	3	0	14	5	7	0	109
gi|116748386|ref|YP_845073.1|_459-589_1EW0:A:	2	5	2	5	0	11	8	8	0	130
gi|116748386|ref|YP_845073.1|_615-685_2C2A:A:232-320	0	0	1	3	0	3	0	4	0	89
gi|116748386|ref|YP_845073.1|_191-294_1EW0:A:	2	5	2	5	0	11	8	8	0	130
gi|116748387|ref|YP_845074.1|_7-157_1YIO:A:3-130	0	5	0	5	0	12	8	5	0	128
gi|116748387|ref|YP_845074.1|_142-203_1YIO:A:131-200	0	0	0	5	0	5	2	4	0	70
gi|116748388|ref|YP_845075.1|_7-128_1YIO:A:3-130	0	5	0	5	0	12	8	5	0	128
gi|116748389|ref|YP_845076.1|_57-158_1FB6:A:	0	5	0	4	0	11	2	7	0	104
gi|116748391|ref|YP_845078.1|_12-152_1NY5:A:1-137	2	5	0	5	0	10	7	5	0	137
gi|116748391|ref|YP_845078.1|_231-288_1FSE:A:	0	0	0	4	0	5	3	4	0	67
gi|116748392|ref|YP_845079.1|_141-382_1NY5:A:138-384	4	9	2	11	0	25	17	12	0	247
gi|116748392|ref|YP_845079.1|_1-185_1NY5:A:1-137	2	5	0	5	0	10	7	5	0	137
gi|116748392|ref|YP_845079.1|_352-443_1ETO:B:	0	2	0	4	0	7	1	4	0	98
gi|116748393|ref|YP_845080.1|_35-116_1K85:A:	0	8	0	0	0	9	7	1	0	87
gi|116748394|ref|YP_845081.1|_14-127_1YLN:A:138-248	2	8	0	1	0	13	8	4	0	111
gi|116748396|ref|YP_845083.1|_36-114_1X5Z:A:8-109	2	10	0	0	0	16	6	1	0	102
gi|116748400|ref|YP_845087.1|_35-200_2AVN:A:1-246	2	10	3	10	0	28	12	9	0	246
gi|116748401|ref|YP_845088.1|_19-240_2AVN:A:1-246	2	10	3	10	0	28	12	9	0	246
gi|116748402|ref|YP_845089.1|_115-305_1E4E:A:132-342	1	10	4	5	0	25	14	9	0	211
gi|116748404|ref|YP_845091.1|_2-220_2I5I:A:2-262	4	7	6	9	0	29	18	13	0	261
gi|116748405|ref|YP_845092.1|_159-314_1NE9:A:165-335	1	7	0	6	0	15	9	8	0	171
gi|116748405|ref|YP_845092.1|_14-163_1NE9:A:1-164	3	6	3	4	0	21	13	12	0	164
gi|116748406|ref|YP_845093.1|_4-226_1QG8:A:	2	9	4	8	0	22	13	12	0	255
gi|116748408|ref|YP_845095.1|_66-145,227-404_1GQ8:A:	3	24	6	3	0	47	33	20	0	318
gi|116748409|ref|YP_845096.1|_224-379,424-455,487-597_1Q15:A:206-501	5	7	2	14	0	27	14	17	0	296
gi|116748409|ref|YP_845096.1|_1-186_1CT9:A:1-192	1	12	3	3	0	22	12	14	0	192
gi|116748410|ref|YP_845097.1|_90-266_1TIQ:A:	0	7	3	5	0	11	6	8	0	179
gi|116748411|ref|YP_845098.1|_2-225_1QG8:A:	2	9	4	8	0	22	13	12	0	255
gi|116748412|ref|YP_845099.1|_76-360_1VD5:A:	13	7	2	13	0	34	22	22	0	377
gi|116748413|ref|YP_845100.1|_7-385_2IW1:A:2-371	0	15	4	16	0	41	26	17	0	370
gi|116748414|ref|YP_845101.1|_142-301_1NE9:A:165-335	1	7	0	6	0	15	9	8	0	171
gi|116748415|ref|YP_845102.1|_38-144,175-276_1Z7A:A:4-304	3	9	3	9	0	32	19	15	0	301
gi|116748416|ref|YP_845103.1|_16-395_1MDO:A:	9	15	2	14	0	43	16	20	0	376
gi|116748417|ref|YP_845104.1|_5-156_1KRR:A:	6	18	1	3	0	40	15	16	0	200
gi|116748418|ref|YP_845105.1|_2-149_1OFG:A:1-160,A:323-381	1	7	4	8	0	25	13	9	1	219
gi|116748418|ref|YP_845105.1|_128-309_1ZH8:A:132-275	2	8	2	3	0	12	7	8	0	144
gi|116748420|ref|YP_845107.1|_57-237_1G3Q:A:	0	8	3	11	0	25	16	14	0	237
gi|116748421|ref|YP_845108.1|_12-266_1W5S:A:7-293	4	5	3	13	0	28	16	16	0	287
gi|116748424|ref|YP_845111.1|_14-130_1YLN:A:138-248	2	8	0	1	0	13	8	4	0	111
gi|116748426|ref|YP_845113.1|_42-218_1VJ7:A:5-196	2	0	0	11	0	14	5	9	0	192
gi|116748426|ref|YP_845113.1|_219-380_1VJ7:A:197-371	1	5	2	6	0	12	4	7	0	175
gi|116748426|ref|YP_845113.1|_405-467_1WXQ:A:320-395	1	4	0	2	0	9	4	5	0	76
gi|116748427|ref|YP_845114.1|_46-275_1L1J:A:	2	14	3	5	0	26	14	9	0	228
gi|116748427|ref|YP_845114.1|_281-376_1KY9:A:260-353	4	4	0	2	0	14	9	8	0	94
gi|116748427|ref|YP_845114.1|_391-481_1LCY:A:226-325	0	8	0	3	0	13	6	8	0	100
gi|116748429|ref|YP_845116.1|_22-66,103-143_1L1S:A:	2	5	2	4	0	12	2	6	0	111
gi|116748430|ref|YP_845117.1|_8-95_1R1U:A:	1	2	0	5	0	6	4	5	0	94
gi|116748431|ref|YP_845118.1|_14-154_2GE3:A:6-169	0	7	2	4	0	13	5	8	0	164
gi|116748432|ref|YP_845119.1|_12-186,283-369_1CG2:A:26-213,A:327-414	3	15	3	8	0	27	16	13	1	276
gi|116748432|ref|YP_845119.1|_174-265_1VGY:A:181-293	2	6	1	2	0	14	4	4	0	113
gi|116748434|ref|YP_845121.1|_286-404_2EVR:A:87-234	0	6	1	4	0	16	11	7	0	148
gi|116748435|ref|YP_845122.1|_79-115_1TJL:A:111-151	2	0	0	2	0	8	3	1	0	41
gi|116748435|ref|YP_845122.1|_1-77_1TJL:A:7-110	0	0	1	3	0	7	2	4	0	104
gi|116748436|ref|YP_845123.1|_21-252_1HQC:A:5-242	0	7	0	8	0	28	17	13	0	238
gi|116748436|ref|YP_845123.1|_258-329_1IN4:A:255-329	1	2	0	5	0	6	3	7	0	75
gi|116748437|ref|YP_845124.1|_1-63_1CUK:A:1-64	0	5	0	1	0	3	2	5	0	64
gi|116748437|ref|YP_845124.1|_65-132_1CUK:A:65-142	0	0	1	5	0	6	5	4	0	78
gi|116748437|ref|YP_845124.1|_150-196_1CUK:A:156-203	0	0	0	3	0	5	2	2	0	48
gi|116748438|ref|YP_845125.1|_19-172_1HJR:A:	0	5	0	5	0	11	6	7	0	158
gi|116748439|ref|YP_845126.1|_5-246_1LFP:A:	0	10	4	7	0	23	16	9	0	243
gi|116748440|ref|YP_845127.1|_18-194_1EJ0:A:	0	7	0	5	0	17	8	9	0	180
gi|116748441|ref|YP_845128.1|_3-172_1SPV:A:	0	6	1	5	0	17	11	6	0	172
gi|116748442|ref|YP_845129.1|_2-90_1KRH:A:2-105	0	7	2	2	0	16	7	8	0	104
gi|116748442|ref|YP_845129.1|_216-245,272-310,361-407,489-552_1WOQ:A:11-139	1	7	1	3	0	11	7	9	0	129
gi|116748443|ref|YP_845130.1|_16-75,112-231,410-459_1QO8:A:103-359,A:506-565	5	14	2	9	0	40	16	20	1	317
gi|116748445|ref|YP_845132.1|_3-566_2IV2:X:1-564	10	22	7	22	0	67	42	29	0	564
gi|116748445|ref|YP_845132.1|_527-689_1KQF:A:851-1015	2	8	2	3	0	29	13	13	0	165
gi|116748446|ref|YP_845133.1|_12-231_1F3O:A:	0	10	2	7	0	22	15	14	0	232
gi|116748448|ref|YP_845135.1|_31-370_2ICH:A:24-351	2	23	2	0	0	34	18	20	0	328
gi|116748449|ref|YP_845136.1|_241-413_1R62:A:	0	7	1	3	0	11	0	7	0	156
gi|116748449|ref|YP_845136.1|_436-554_1P6U:A:	0	5	1	6	0	16	12	2	0	129
gi|116748449|ref|YP_845136.1|_37-168_1N9L:A:	0	5	1	3	0	14	5	7	0	109
gi|116748449|ref|YP_845136.1|_171-248_2C2A:A:232-320	0	0	1	3	0	3	0	4	0	89
gi|116748451|ref|YP_845138.1|_40-294_1NVM:A:2-290	10	8	3	11	0	35	15	21	0	289
gi|116748452|ref|YP_845139.1|_198-440_1NY5:A:138-384	4	9	2	11	0	25	17	12	0	247
gi|116748452|ref|YP_845139.1|_5-163_1F5M:A:	2	6	2	4	0	18	12	9	0	176
gi|116748452|ref|YP_845139.1|_410-500_1ETO:B:	0	2	0	4	0	7	1	4	0	98
gi|116748453|ref|YP_845140.1|_23-259_1TV8:A:	4	11	4	10	0	39	20	20	0	327
gi|116748453|ref|YP_845140.1|_295-396_1P90:A:	2	7	1	4	0	13	7	6	0	123
gi|116748454|ref|YP_845141.1|_9-445_1MIO:B:	6	14	2	18	0	47	37	19	0	457
gi|116748455|ref|YP_845142.1|_17-449_1MIO:A:	9	14	5	20	1	47	28	28	0	525
gi|116748456|ref|YP_845143.1|_4-99_1F37:A:	0	5	3	2	0	14	6	7	0	109
gi|116748457|ref|YP_845144.1|_10-457_1MIO:B:	6	14	2	18	0	47	37	19	0	457
gi|116748458|ref|YP_845145.1|_21-539_1MIO:A:	9	14	5	20	1	47	28	28	0	525
gi|116748459|ref|YP_845146.1|_1-123_2PII:A:	0	6	2	2	0	17	5	5	0	112
gi|116748460|ref|YP_845147.1|_1-105_1QY7:A:	0	6	2	2	0	11	3	4	0	112
gi|116748461|ref|YP_845148.1|_1-269_1CP2:A:	3	8	2	12	0	28	13	13	0	269
gi|116748462|ref|YP_845149.1|_449-697_2BAS:A:2-262	2	9	2	10	0	20	10	14	0	261
gi|116748462|ref|YP_845149.1|_266-436_1W25:A:294-455	1	7	1	5	0	15	9	9	0	161
gi|116748462|ref|YP_845149.1|_14-136_1U0S:Y:	0	5	1	5	0	15	5	4	0	118
gi|116748465|ref|YP_845152.1|_58-124_1JBI:A:	4	8	0	1	0	18	11	5	0	100
gi|116748465|ref|YP_845152.1|_167-233_1JBI:A:	4	8	0	1	0	18	11	5	0	100
gi|116748466|ref|YP_845153.1|_48-158,204-463_2HZB:A:2-312	4	12	1	13	1	35	24	14	0	311
gi|116748467|ref|YP_845154.1|_2-164_1N13:A:,B:	3	8	0	2	0	18	8	7	1	158
gi|116748468|ref|YP_845155.1|_7-256_2G5G:X:9-263	1	8	4	10	0	22	9	16	0	255
gi|116748470|ref|YP_845157.1|_259-406,455-483_1IQC:A:151-308	4	2	3	5	0	18	13	11	0	158
gi|116748470|ref|YP_845157.1|_7-100,164-232_1EB7:A:1-164	3	3	3	7	0	21	14	8	0	164
gi|116748472|ref|YP_845159.1|_5-264_1FNN:A:1-276	4	5	2	12	0	25	19	17	0	276
gi|116748473|ref|YP_845160.1|_5-266_1FNN:A:1-276	4	5	2	12	0	25	19	17	0	276
gi|116748476|ref|YP_845163.1|_74-344_1STZ:A:101-336	3	8	4	9	0	21	7	11	0	236
gi|116748476|ref|YP_845163.1|_3-86_1STZ:A:14-100	2	2	0	4	0	11	7	2	0	87
gi|116748477|ref|YP_845164.1|_35-128_1DKG:B:38-138	2	6	0	0	0	7	3	3	0	57
gi|116748477|ref|YP_845164.1|_131-184_1DKG:A:139-197	2	6	0	0	0	7	3	3	0	59
gi|116748478|ref|YP_845165.1|_185-377_1DKG:D:186-383	1	6	1	6	0	13	10	7	0	198
gi|116748478|ref|YP_845165.1|_4-184_1DKG:D:3-185	4	12	2	5	0	21	12	11	0	183
gi|116748478|ref|YP_845165.1|_379-535_1CKR:A:	1	10	0	2	0	15	14	9	0	159
gi|116748478|ref|YP_845165.1|_502-601_1DKZ:A:507-603	0	0	1	5	0	5	2	2	0	97
gi|116748479|ref|YP_845166.1|_287-640_2DRI:A:	0	12	0	9	0	27	10	13	0	271
gi|116748479|ref|YP_845166.1|_41-143_1W3B:A:	0	0	0	23	0	35	6	26	0	388
gi|116748481|ref|YP_845168.1|_3-174_1G64:B:	1	6	2	7	0	22	8	9	0	190
gi|116748482|ref|YP_845169.1|_7-176_1L9G:A:	0	6	4	8	0	21	12	7	0	191
gi|116748483|ref|YP_845170.1|_68-297_1PHK:A:	4	9	5	8	0	32	15	17	0	277
gi|116748484|ref|YP_845171.1|_1-149_1WJG:A:	0	5	1	4	0	15	7	4	0	135
gi|116748485|ref|YP_845172.1|_59-206_1QSA:A:451-618	3	0	1	9	0	18	9	10	0	168
gi|116748486|ref|YP_845173.1|_33-307_2BV3:A:7-282	2	11	3	8	0	22	12	14	0	276
gi|116748486|ref|YP_845173.1|_503-623_2BV3:A:479-599	1	6	1	2	0	15	8	4	0	121
gi|116748486|ref|YP_845173.1|_273-300,330-425_2BV3:A:283-403	1	12	0	0	0	15	9	9	0	121
gi|116748486|ref|YP_845173.1|_627-704_2BV3:A:600-688	0	4	2	3	0	5	0	4	0	89
gi|116748486|ref|YP_845173.1|_427-504_1FNM:A:404-482	0	5	0	2	0	8	3	2	0	79
gi|116748487|ref|YP_845174.1|_112-254_2FY8:A:116-244	0	6	2	6	0	14	10	7	0	130
gi|116748487|ref|YP_845174.1|_11-137_1LNQ:A:19-98	0	0	0	5	0	5	7	8	0	80
gi|116748487|ref|YP_845174.1|_242-333_2FY8:A:245-336	2	4	0	4	0	13	5	6	0	92
gi|116748488|ref|YP_845175.1|_176-388_1JHD:A:174-396	1	8	2	7	0	24	9	16	0	223
gi|116748488|ref|YP_845175.1|_5-172_1JHD:A:1-173	3	7	0	6	0	21	14	9	0	173
gi|116748489|ref|YP_845176.1|_4-112_1JNR:B:	1	7	2	3	0	25	9	11	0	149
gi|116748490|ref|YP_845177.1|_5-261,414-489_1JNR:A:2-256,A:402-502	11	13	5	8	0	44	23	15	1	356
gi|116748490|ref|YP_845177.1|_243-393_1JNR:A:257-401	2	4	2	6	0	16	6	11	0	145
gi|116748490|ref|YP_845177.1|_501-633_1JNR:A:503-643	3	4	1	3	0	14	6	9	0	141
gi|116748491|ref|YP_845178.1|_10-416_1B37:A:5-293,A:406-463	9	15	3	12	0	38	24	22	1	347
gi|116748492|ref|YP_845179.1|_137-281,313-505_2IVD:A:10-306,A:415-464	5	15	3	15	0	32	15	21	1	347
gi|116748492|ref|YP_845179.1|_526-656_2FDN:A:	0	4	1	1	0	12	1	6	0	55
gi|116748493|ref|YP_845180.1|_21-101_2BS2:B:107-239	0	0	1	8	0	16	4	10	0	134
gi|116748500|ref|YP_845187.1|_1-259_1F89:A:	4	13	1	7	0	29	14	11	0	281
gi|116748502|ref|YP_845189.1|_22-252_1GPM:A:208-404	0	5	1	8	0	15	5	8	0	197
gi|116748503|ref|YP_845190.1|_7-229_2C5S:A:174-391	1	6	3	9	0	18	9	9	0	218
gi|116748504|ref|YP_845191.1|_18-220_1ORN:A:	0	0	4	12	0	19	14	11	0	225
gi|116748506|ref|YP_845193.1|_8-175_1NON:A:	1	8	0	4	0	14	10	6	0	179
gi|116748507|ref|YP_845194.1|_80-133_1ADR:A:	0	0	0	5	0	9	6	6	0	76
gi|116748509|ref|YP_845196.1|_57-246,288-394_1OXW:A:	8	8	9	12	0	35	16	21	0	360
gi|116748516|ref|YP_845203.1|_52-298_1VF7:A:	2	20	0	3	0	31	18	9	0	237
gi|116748517|ref|YP_845204.1|_300-501_1IWG:A:7-37,A:331-498	0	0	1	8	0	9	7	9	1	199
gi|116748517|ref|YP_845204.1|_838-1035_1IWG:A:513-566,A:869-1036	2	0	1	11	0	13	7	10	1	222
gi|116748517|ref|YP_845204.1|_39-132_1IWG:A:38-134	0	4	2	4	0	11	6	7	0	97
gi|116748517|ref|YP_845204.1|_679-728,815-864_1IWG:A:674-724,A:813-859	0	6	0	2	0	10	7	3	1	98
gi|116748517|ref|YP_845204.1|_730-814_1IWG:A:725-812	0	6	3	2	0	8	2	6	0	88
gi|116748517|ref|YP_845204.1|_186-275_1IWG:A:182-273	0	6	0	4	0	8	4	5	0	92
gi|116748517|ref|YP_845204.1|_566-647_1IWG:A:567-673	0	5	1	2	0	12	9	2	0	107
gi|116748517|ref|YP_845204.1|_137-204_1IWG:A:135-181,A:274-330	0	5	1	4	0	11	6	9	1	104
gi|116748518|ref|YP_845205.1|_299-500_1IWG:A:7-37,A:331-498	0	0	1	8	0	9	7	9	1	199
gi|116748518|ref|YP_845205.1|_837-1034_1IWG:A:513-566,A:869-1036	2	0	1	11	0	13	7	10	1	222
gi|116748518|ref|YP_845205.1|_39-132_1IWG:A:38-134	0	4	2	4	0	11	6	7	0	97
gi|116748518|ref|YP_845205.1|_678-727,814-863_1IWG:A:674-724,A:813-859	0	6	0	2	0	10	7	3	1	98
gi|116748518|ref|YP_845205.1|_136-183,277-333_1IWG:A:135-181,A:274-330	0	5	1	4	0	11	6	9	1	104
gi|116748518|ref|YP_845205.1|_729-812_1IWG:A:725-812	0	6	3	2	0	8	2	6	0	88
gi|116748518|ref|YP_845205.1|_565-677_1IWG:A:567-673	0	5	1	2	0	12	9	2	0	107
gi|116748518|ref|YP_845205.1|_185-274_1IWG:A:182-273	0	6	0	4	0	8	4	5	0	92
gi|116748519|ref|YP_845206.1|_1-460_1WP1:A:	7	6	2	10	0	34	19	14	0	456
gi|116748520|ref|YP_845207.1|_4-297_1QCX:A:	7	28	6	5	0	49	35	16	0	359
gi|116748521|ref|YP_845208.1|_66-239_1KQF:B:2-245	4	11	3	6	0	31	15	19	0	244
gi|116748522|ref|YP_845209.1|_218-701_1AOR:A:211-605	3	5	8	21	0	37	16	31	0	395
gi|116748522|ref|YP_845209.1|_8-215_1AOR:A:1-210	1	12	0	6	0	23	14	16	0	210
gi|116748525|ref|YP_845212.1|_12-234_1F3O:A:	0	10	2	7	0	22	15	14	0	232
gi|116748526|ref|YP_845213.1|_72-324_1VF7:A:	2	20	0	3	0	31	18	9	0	237
gi|116748527|ref|YP_845214.1|_14-41,67-475_1WP1:A:	7	6	2	10	0	34	19	14	0	456
gi|116748528|ref|YP_845215.1|_80-212_1T33:A:89-220	0	0	1	7	0	6	5	6	0	132
gi|116748528|ref|YP_845215.1|_5-73_2FBQ:A:2-80	0	0	0	4	0	6	3	4	0	79
gi|116748529|ref|YP_845216.1|_34-505_1EUH:A:	5	24	5	14	0	44	29	25	0	474
gi|116748530|ref|YP_845217.1|_5-105_1FYV:A:	0	5	3	7	0	16	14	9	0	161
gi|116748532|ref|YP_845219.1|_610-662,721-763,1065-1276,1304-1348_1KV9:A:1-560	8	39	7	5	0	72	35	35	0	560
gi|116748532|ref|YP_845219.1|_674-702,841-893,968-1162_1P22:A:253-545	0	28	0	1	0	35	23	13	0	293
gi|116748532|ref|YP_845219.1|_17-71,132-237_1J8M:F:87-297	0	8	2	7	0	21	10	12	0	206
gi|116748536|ref|YP_845223.1|_1104-1385_2SQC:A:37-307	0	3	7	10	0	24	17	17	0	271
gi|116748537|ref|YP_845224.1|_198-403_4BLM:A:	0	9	6	8	0	27	10	17	0	256
gi|116748542|ref|YP_845229.1|_35-291_1QGO:A:	2	8	2	10	0	20	14	11	0	257
gi|116748544|ref|YP_845231.1|_5-229_3DHW:C:1-240	3	10	1	7	0	21	17	12	0	240
gi|116748546|ref|YP_845233.1|_21-101,135-237_2J13:A:1-235	2	11	2	8	0	24	9	9	0	235
gi|116748547|ref|YP_845234.1|_2-360_2BIS:A:1-437	4	17	6	16	0	48	27	24	0	437
gi|116748548|ref|YP_845235.1|_70-442_1KB0:A:1-573	5	40	7	6	0	73	38	39	0	573
gi|116748549|ref|YP_845236.1|_63-296_1RWI:A:	0	24	4	0	0	44	15	15	0	269
gi|116748549|ref|YP_845236.1|_252-454_1RWI:A:	0	24	4	0	0	44	15	15	0	269
gi|116748550|ref|YP_845237.1|_106-385_1RWI:A:	0	24	4	0	0	44	15	15	0	269
gi|116748552|ref|YP_845239.1|_22-295_1AIH:A:	2	3	1	9	0	13	9	12	0	170
gi|116748555|ref|YP_845242.1|_33-284_2G5G:X:9-263	1	8	4	10	0	22	9	16	0	255
gi|116748556|ref|YP_845243.1|_218-447_1HS6:A:209-460	1	7	4	11	0	19	10	13	0	252
gi|116748556|ref|YP_845243.1|_20-198_1HS6:A:1-208	2	15	4	0	0	20	10	12	0	208
gi|116748557|ref|YP_845244.1|_2-119_2I02:A:5-147	1	7	3	3	0	13	3	8	0	143
gi|116748559|ref|YP_845246.1|_15-116_2NN5:A:1-160	0	8	0	4	0	12	3	10	0	160
gi|116748560|ref|YP_845247.1|_8-120,230-323,692-901_1SU4:A:1-124,A:240-343,A:751-994	1	1	8	18	0	32	20	22	2	472
gi|116748560|ref|YP_845247.1|_327-347,489-746_1SU4:A:344-360,A:600-750	3	8	1	8	0	16	12	11	1	168
gi|116748560|ref|YP_845247.1|_336-538_1SU4:A:361-599	0	13	3	7	0	21	11	13	0	239
gi|116748560|ref|YP_845247.1|_121-229_1SU4:A:125-239	2	9	3	0	0	21	10	7	0	115
gi|116748561|ref|YP_845248.1|_650-800_2C2A:A:321-481	0	7	2	3	0	13	4	10	0	161
gi|116748561|ref|YP_845248.1|_144-270_1LL8:A:	0	6	1	2	0	15	8	9	0	113
gi|116748561|ref|YP_845248.1|_410-534_1EW0:A:	2	5	2	5	0	11	8	8	0	130
gi|116748561|ref|YP_845248.1|_24-145_1EW0:A:	2	5	2	5	0	11	8	8	0	130
gi|116748561|ref|YP_845248.1|_268-407_1EW0:A:	2	5	2	5	0	11	8	8	0	130
gi|116748561|ref|YP_845248.1|_567-642_2C2A:A:232-320	0	0	1	3	0	3	0	4	0	89
gi|116748562|ref|YP_845249.1|_9-543_1V25:A:	8	24	4	16	0	59	31	33	0	534
gi|116748566|ref|YP_845253.1|_20-157_2H6L:A:1-138	4	9	0	1	0	9	5	6	0	138
gi|116748567|ref|YP_845254.1|_7-137_2OV9:A:7-209	3	7	2	3	0	22	12	13	0	203
gi|116748568|ref|YP_845255.1|_105-204_1YLN:A:138-248	2	8	0	1	0	13	8	4	0	111
gi|116748568|ref|YP_845255.1|_5-103_1YLN:A:23-137	0	8	0	2	0	15	7	6	0	115
gi|116748573|ref|YP_845260.1|_2-255_1POI:B:	2	14	0	8	0	37	16	22	0	260
gi|116748575|ref|YP_845262.1|_50-293_1POI:A:	9	13	3	13	0	38	22	19	0	317
gi|116748577|ref|YP_845264.1|_41-258_1WDN:A:	2	11	1	8	0	14	14	12	0	223
gi|116748579|ref|YP_845266.1|_1-219_2GMN:A:29-292	0	12	6	7	0	26	12	19	0	264
gi|116748581|ref|YP_845268.1|_2-133_1LKD:A:133-288	5	10	1	2	0	23	15	5	0	156
gi|116748583|ref|YP_845270.1|_20-149_2BV6:A:5-140	0	3	0	8	0	8	4	10	0	135
gi|116748585|ref|YP_845272.1|_39-298_1Z70:X:1086-1371	10	14	3	4	0	41	27	22	0	286
gi|116748587|ref|YP_845274.1|_26-49,104-298_1Q16:C:	0	1	6	8	0	16	7	7	0	225
gi|116748588|ref|YP_845275.1|_78-187_2BS2:B:107-239	0	0	1	8	0	16	4	10	0	134
gi|116748589|ref|YP_845276.1|_91-132_1M1Q:A:	2	0	5	3	0	11	6	9	0	90
gi|116748590|ref|YP_845277.1|_45-259_1Q16:B:	6	16	7	21	0	67	30	41	0	509
gi|116748592|ref|YP_845279.1|_67-181_1R1M:A:	0	4	2	5	0	11	6	6	0	140
gi|116748593|ref|YP_845280.1|_354-487_1V2X:A:	4	7	4	6	1	16	17	10	0	191
gi|116748593|ref|YP_845280.1|_23-228_1JSX:A:	0	7	1	7	0	17	11	9	0	207
gi|116748594|ref|YP_845281.1|_12-224_1PRZ:A:	5	11	2	5	0	31	18	12	0	252
gi|116748595|ref|YP_845282.1|_61-198_2BNM:A:77-198	2	9	2	0	0	19	9	9	0	122
gi|116748595|ref|YP_845282.1|_16-82_1Y9Q:A:4-82	0	0	1	5	0	7	4	5	0	79
gi|116748599|ref|YP_845286.1|_1-143_1MJH:A:	0	5	1	4	0	16	7	5	0	160
gi|116748599|ref|YP_845286.1|_163-296_1MJH:A:	0	5	1	4	0	16	7	5	0	160
gi|116748601|ref|YP_845288.1|_166-393_1NY5:A:138-384	4	9	2	11	0	25	17	12	0	247
gi|116748601|ref|YP_845288.1|_9-130_1EW0:A:	2	5	2	5	0	11	8	8	0	130
gi|116748601|ref|YP_845288.1|_412-468_1ETO:B:	0	2	0	4	0	7	1	4	0	98
gi|116748604|ref|YP_845291.1|_3-250_2AHU:A:4-276	7	14	3	6	0	32	19	21	0	273
gi|116748604|ref|YP_845291.1|_275-510_2AHU:A:283-529	5	19	3	6	0	32	22	14	0	247
gi|116751350|ref|YP_848037.1|_3-250_2AHU:A:4-276	7	14	3	6	0	32	19	21	0	273
gi|116751350|ref|YP_848037.1|_275-510_2AHU:A:283-529	5	19	3	6	0	32	22	14	0	247
gi|116748605|ref|YP_845292.1|_171-416_1NY5:A:138-384	4	9	2	11	0	25	17	12	0	247
gi|116748605|ref|YP_845292.1|_27-130_1EW0:A:	2	5	2	5	0	11	8	8	0	130
gi|116748605|ref|YP_845292.1|_385-481_1G2H:A:	0	0	0	3	0	7	8	5	0	61
gi|116748606|ref|YP_845293.1|_40-100_1HFE:L:2-86	2	4	3	1	0	15	3	7	0	85
gi|116748607|ref|YP_845294.1|_9-265_1B0P:A:2-258	2	11	0	10	0	22	13	9	0	257
gi|116748607|ref|YP_845294.1|_271-376_1W85:B:193-324	0	6	2	5	0	13	8	5	0	132
gi|116748608|ref|YP_845295.1|_17-234_1B0P:A:786-1232	9	8	4	17	0	46	33	30	0	447
gi|116748609|ref|YP_845296.1|_3-176_1B0P:A:416-668	2	6	4	9	0	29	21	11	0	253
gi|116748610|ref|YP_845297.1|_1-248_1J9L:A:	2	11	2	6	0	30	17	12	0	247
gi|116748611|ref|YP_845298.1|_222-289_1UTA:A:	4	3	0	2	0	10	4	2	0	77
gi|116748612|ref|YP_845299.1|_15-390_1BJW:A:	3	12	6	13	0	38	12	22	0	382
gi|116748613|ref|YP_845300.1|_12-58_1DJN:A:341-489,A:646-729	0	7	3	9	0	25	15	15	1	233
gi|116748614|ref|YP_845301.1|_13-168_1DUR:A:	0	4	1	1	0	12	2	4	0	55
gi|116748614|ref|YP_845301.1|_567-635,665-904_1JEH:A:1-160,A:283-355	5	10	0	6	0	22	12	12	1	233
gi|116748614|ref|YP_845301.1|_872-976_1DUR:A:	0	4	1	1	0	12	2	4	0	55
gi|116748614|ref|YP_845301.1|_61-149,222-408_1C0P:A:999-1193,A:1289-1361	6	30	14	10	0	80	40	44	1	724
gi|116748617|ref|YP_845304.1|_11-91_1KF6:B:106-243	0	0	3	8	0	15	4	9	0	138
gi|116748618|ref|YP_845305.1|_1-52_1DJN:A:341-489,A:646-729	0	7	3	9	0	25	15	15	1	233
gi|116748619|ref|YP_845306.1|_16-129_1CLF:A:	2	2	0	0	0	11	4	6	0	55
gi|116748619|ref|YP_845306.1|_103-172,263-426_1VDC:A:1-117,A:244-316	5	11	3	3	0	28	12	10	1	192
gi|116748620|ref|YP_845307.1|_141-463_1F8R:A:4-319,A:433-486	5	16	5	15	0	36	19	22	1	370
gi|116748620|ref|YP_845307.1|_453-544_1FCA:A:	0	4	1	1	0	12	1	6	0	55
gi|116748621|ref|YP_845308.1|_154-215_1MKM:A:1-75	1	2	0	4	0	9	3	5	0	75
gi|116748622|ref|YP_845309.1|_242-484_1H7W:A:184-287,A:441-532	6	7	3	6	0	23	15	12	1	196
gi|116748622|ref|YP_845309.1|_148-252_1H7W:A:2-183	1	0	4	8	0	20	11	12	0	182
gi|116748622|ref|YP_845309.1|_86-167_1BC6:A:	0	4	1	2	0	11	8	6	0	77
gi|116748622|ref|YP_845309.1|_3-91_1OJT:A:117-275,A:401-470	1	8	4	5	0	15	9	12	1	229
gi|116748623|ref|YP_845310.1|_13-80_1KF6:B:106-243	0	0	3	8	0	15	4	9	0	138
gi|116748625|ref|YP_845312.1|_7-175_1WC3:A:	0	8	1	5	0	12	9	9	0	218
gi|116748625|ref|YP_845312.1|_445-601_1W3B:A:	0	0	0	23	0	35	6	26	0	388
gi|116748626|ref|YP_845313.1|_5-66,110-242_1JKX:A:	0	10	2	6	0	22	14	12	0	209
gi|116748627|ref|YP_845314.1|_3-194_1O5H:A:	1	0	3	6	0	8	4	6	0	200
gi|116748628|ref|YP_845315.1|_1-57_2K8E:A:17-74	1	4	0	1	0	7	3	3	0	58
gi|116748628|ref|YP_845315.1|_60-108_2K8E:A:75-126	1	4	0	1	0	5	2	3	0	52
gi|116748631|ref|YP_845318.1|_80-198_1XXL:A:	5	8	2	9	0	23	10	12	0	238
gi|116748633|ref|YP_845320.1|_597-769_2C2A:A:321-481	0	7	2	3	0	13	4	10	0	161
gi|116748633|ref|YP_845320.1|_790-907_1MVO:A:	0	5	0	5	0	13	6	5	0	121
gi|116748633|ref|YP_845320.1|_398-525_1EW0:A:	2	5	2	5	0	11	8	8	0	130
gi|116748633|ref|YP_845320.1|_531-607_2C2A:A:232-320	0	0	1	3	0	3	0	4	0	89
gi|116748633|ref|YP_845320.1|_292-341_2ASX:A:278-331	0	0	0	2	0	4	1	3	0	54
gi|116748634|ref|YP_845321.1|_1-108_1RPJ:A:	2	12	0	10	0	22	12	17	0	288
gi|116748636|ref|YP_845323.1|_128-257_1P97:A:	0	5	0	4	0	12	9	7	0	113
gi|116748636|ref|YP_845323.1|_256-382_1EW0:A:	2	5	2	5	0	11	8	8	0	130
gi|116748636|ref|YP_845323.1|_37-140_1DP6:A:	3	5	1	4	0	10	6	6	0	116
gi|116748639|ref|YP_845326.1|_3-537_1YGP:A:	4	22	12	36	0	72	38	38	0	876
gi|116748642|ref|YP_845329.1|_2-391_1VZ6:A:	3	14	2	11	0	35	15	19	0	383
gi|116748643|ref|YP_845330.1|_4-228,350-397_1NKT:A:15-225,A:350-396	1	5	1	13	0	20	12	16	1	256
gi|116748643|ref|YP_845330.1|_573-791,818-830_1NKT:A:616-835	2	0	1	6	0	12	5	5	0	220
gi|116748643|ref|YP_845330.1|_399-571_1M6N:A:396-570	1	7	2	5	0	16	11	11	0	175
gi|116748643|ref|YP_845330.1|_227-350_1M6N:A:227-348	4	2	2	5	0	15	3	11	0	122
gi|116748644|ref|YP_845331.1|_22-168_1VHS:A:	0	7	5	4	0	15	8	8	0	174
gi|116748645|ref|YP_845332.1|_3-375_1T3I:A:	8	16	7	15	0	48	19	26	0	408
gi|116748646|ref|YP_845333.1|_36-284_2PW9:A:7-257	4	12	3	7	0	20	11	9	0	251
gi|116748647|ref|YP_845334.1|_8-144_2FML:A:3-204	1	9	1	4	0	16	9	13	0	202
gi|116748649|ref|YP_845336.1|_71-280_1DKR:A:8-166	1	7	1	4	0	20	10	6	0	159
gi|116748651|ref|YP_845338.1|_1-269_2FYW:A:1-265	2	12	4	9	0	26	20	12	0	265
gi|116748652|ref|YP_845339.1|_126-432_1SIG:A:	0	2	4	13	0	18	9	17	0	338
gi|116748652|ref|YP_845339.1|_495-594_1IW7:F:319-423	0	2	1	4	0	8	6	6	0	105
gi|116748652|ref|YP_845339.1|_438-511_1IW7:F:258-318	0	1	0	3	0	5	4	2	0	61
gi|116748653|ref|YP_845340.1|_113-422_1DD9:A:	1	11	4	13	0	31	18	15	0	314
gi|116748653|ref|YP_845340.1|_4-92_1D0Q:A:	0	5	1	4	0	12	4	7	0	102
gi|116748654|ref|YP_845341.1|_2-148_1NG6:A:	0	0	2	7	0	8	4	5	0	148
gi|116748655|ref|YP_845342.1|_1-236_1VZW:A:2-240	3	10	2	11	0	20	11	10	0	239
gi|116748656|ref|YP_845343.1|_4-131_1Z54:A:1-132	3	7	1	3	0	13	5	6	0	132
gi|116748657|ref|YP_845344.1|_5-74,192-366_1EQJ:A:3-76,A:311-510	6	8	4	9	0	34	20	17	1	274
gi|116748658|ref|YP_845345.1|_137-302_1EBF:A:151-340	1	5	3	7	0	18	12	11	0	190
gi|116748658|ref|YP_845345.1|_1-158_1MB4:A:1-132,A:355-369	2	7	1	5	0	16	10	8	1	147
gi|116748658|ref|YP_845345.1|_353-423_1YGY:A:452-529	0	4	0	2	0	7	5	3	0	78
gi|116748659|ref|YP_845346.1|_8-393_1O4S:A:	2	12	4	14	0	38	16	21	0	375
gi|116748660|ref|YP_845347.1|_3-196_1S0U:A:34-229	2	7	0	5	0	19	13	10	0	195
gi|116748660|ref|YP_845347.1|_268-363_1KK1:A:322-410	0	6	0	0	0	6	1	5	0	89
gi|116748660|ref|YP_845347.1|_175-266_1EXM:A:213-312	1	10	0	0	0	12	7	9	0	100
gi|116748660|ref|YP_845347.1|_581-637_1LVA:A:575-634	1	2	0	3	0	4	2	4	0	60
gi|116748660|ref|YP_845347.1|_443-512_1LVA:A:438-510	0	3	0	3	0	5	3	5	0	73
gi|116748660|ref|YP_845347.1|_514-576_1LVA:A:511-574	2	2	0	4	0	3	3	3	0	64
gi|116748661|ref|YP_845348.1|_9-105_1RJJ:A:	0	4	1	3	0	10	8	5	0	111
gi|116748662|ref|YP_845349.1|_8-200,301-389_2Q43:A:16-194,A:314-407	3	10	2	8	0	25	12	18	1	273
gi|116748662|ref|YP_845349.1|_184-302_1YSJ:A:178-292	0	4	0	2	0	9	4	1	0	115
gi|116748663|ref|YP_845350.1|_226-516_1VRG:A:252-515	3	8	5	10	0	23	16	16	0	264
gi|116748663|ref|YP_845350.1|_5-257_1VRG:A:1-251	6	7	5	10	0	21	10	13	0	251
gi|116748664|ref|YP_845351.1|_10-141_1EM8:A:	2	7	1	3	0	18	11	7	0	147
gi|116748665|ref|YP_845352.1|_4-275_2ANU:A:5-233	1	10	1	7	0	23	14	11	0	229
gi|116748666|ref|YP_845353.1|_16-96_1IB8:A:1-90	0	3	1	2	0	9	6	2	0	90
gi|116748666|ref|YP_845353.1|_97-162_1IB8:A:91-164	0	5	0	1	0	12	10	1	0	74
gi|116748667|ref|YP_845354.1|_1-126_1HH2:P:1-126	0	4	1	3	0	16	11	7	0	126
gi|116748667|ref|YP_845354.1|_199-276_1HH2:P:199-276	0	3	0	4	0	5	5	5	0	78
gi|116748667|ref|YP_845354.1|_132-198_1K0R:A:108-183	0	5	1	1	0	12	4	4	0	76
gi|116748667|ref|YP_845354.1|_278-341_1K0R:A:263-329	0	3	2	3	0	5	4	2	0	67
gi|116748667|ref|YP_845354.1|_351-410_1SZP:A:81-144	0	0	1	4	0	8	7	4	0	64
gi|116748668|ref|YP_845355.1|_445-626_1G7S:A:1-227	3	9	5	6	0	24	13	14	0	227
gi|116748668|ref|YP_845355.1|_732-862_1G7S:A:329-459	3	4	0	5	0	10	10	6	0	131
gi|116748668|ref|YP_845355.1|_857-951_1D1N:A:	2	7	0	0	0	17	11	2	0	99
gi|116748668|ref|YP_845355.1|_628-709_1G7S:A:228-328	3	10	0	0	0	10	8	5	0	101
gi|116748669|ref|YP_845356.1|_5-87_1J27:A:	0	4	0	2	0	8	6	1	0	98
gi|116748670|ref|YP_845357.1|_1-113_1KKG:A:	2	3	2	3	0	10	7	6	0	108
gi|116748671|ref|YP_845358.1|_21-308_1K20:A:	3	10	3	12	0	29	18	19	0	310
gi|116748672|ref|YP_845359.1|_7-218_1K8W:A:9-250	2	13	4	7	0	21	9	18	0	241
gi|116748673|ref|YP_845360.1|_3-89_1A32:A:	0	0	0	4	0	7	2	3	0	85
gi|116748674|ref|YP_845361.1|_291-486_1E3H:A:346-482	0	7	3	2	0	12	8	5	0	137
gi|116748674|ref|YP_845361.1|_5-143_1E3H:A:3-151	2	6	2	2	0	18	10	8	0	149
gi|116748674|ref|YP_845361.1|_448-546_1E3H:A:483-578	0	4	0	2	0	9	7	2	0	96
gi|116748674|ref|YP_845361.1|_144-226_1E3H:A:152-262	2	4	0	3	0	8	3	5	0	111
gi|116748674|ref|YP_845361.1|_553-637_1TUA:A:1-84	0	3	3	4	0	5	3	5	0	84
gi|116748674|ref|YP_845361.1|_609-692_1SRO:A:	1	4	0	1	0	12	5	5	0	76
gi|116748674|ref|YP_845361.1|_238-318_1E3H:A:263-345	2	0	0	3	0	6	4	6	0	83
gi|116748675|ref|YP_845362.1|_3-202_1HR6:B:24-245	3	6	4	8	0	20	15	8	0	222
gi|116748675|ref|YP_845362.1|_222-409_1HR6:A:234-470	0	6	2	8	0	22	12	12	0	237
gi|116748676|ref|YP_845363.1|_1-223_1SML:A:	6	12	5	6	0	26	13	18	0	266
gi|116748677|ref|YP_845364.1|_165-303_1WJG:A:	0	5	1	4	0	15	7	4	0	135
gi|116748677|ref|YP_845364.1|_7-148_1WJG:A:	0	5	1	4	0	15	7	4	0	135
gi|116748678|ref|YP_845365.1|_117-340_1IWG:A:513-566,A:869-1036	2	0	1	11	0	13	7	10	1	222
gi|116748679|ref|YP_845366.1|_329-522_1IWG:A:7-37,A:331-498	0	0	1	8	0	9	7	9	1	199
gi|116748685|ref|YP_845372.1|_82-242_1VE3:A:2-227	0	10	2	7	0	20	9	11	0	226
gi|116748685|ref|YP_845372.1|_3-59_2HF1:A:2-60	2	6	2	1	0	8	0	4	0	59
gi|116748686|ref|YP_845373.1|_8-253_2HHM:A:	1	14	1	8	0	23	13	16	0	272
gi|116748687|ref|YP_845374.1|_1-206_1G5B:A:	2	10	3	8	0	26	14	12	0	219
gi|116748688|ref|YP_845375.1|_1-149_1VQ2:A:	5	7	3	6	0	24	3	10	0	193
gi|116748694|ref|YP_845381.1|_6-247_1Y1P:A:2-343	0	12	1	11	0	37	20	20	0	342
gi|116748694|ref|YP_845381.1|_347-492_2NN5:A:1-160	0	8	0	4	0	12	3	10	0	160
gi|116748695|ref|YP_845382.1|_5-131_1LQP:A:	0	9	0	3	0	16	5	7	0	134
gi|116748697|ref|YP_845384.1|_580-672_1KFT:A:	0	0	1	4	0	6	4	4	0	56
gi|116748697|ref|YP_845384.1|_78-162_1MK0:A:	0	3	0	3	0	8	5	3	0	97
gi|116748697|ref|YP_845384.1|_252-305_1E52:A:	0	0	0	3	0	5	3	3	0	56
gi|116748700|ref|YP_845387.1|_1-240_1IVH:A:6-241	3	8	6	7	0	20	10	16	0	236
gi|116748700|ref|YP_845387.1|_227-387_1IVH:A:242-392	1	2	2	6	0	5	3	8	0	151
gi|116748701|ref|YP_845388.1|_100-292_1R30:A:	5	9	1	11	0	35	25	12	0	312
gi|116748702|ref|YP_845389.1|_20-82_1VZ0:A:23-115	0	5	1	3	0	7	3	2	0	93
gi|116748703|ref|YP_845390.1|_8-297_2CNQ:A:2-305	4	15	2	7	0	29	17	19	0	304
gi|116748705|ref|YP_845392.1|_12-238_1WY5:A:1-216	0	6	1	10	0	20	9	10	0	216
gi|116748705|ref|YP_845392.1|_382-464_1NI5:A:315-432	3	10	2	1	0	17	8	9	0	118
gi|116748705|ref|YP_845392.1|_218-325_1WY5:A:217-311	1	5	1	4	0	5	3	6	0	95
gi|116748706|ref|YP_845393.1|_34-157_1JFJ:A:	0	4	0	8	0	12	8	4	0	134
gi|116748707|ref|YP_845394.1|_10-237,404-476_1NJ1:A:19-283	3	14	0	8	0	26	12	17	0	265
gi|116748707|ref|YP_845394.1|_463-569_1NJ1:A:284-410	0	7	0	4	0	9	7	5	0	127
gi|116748707|ref|YP_845394.1|_219-383_1DBX:A:	3	8	2	5	0	20	8	9	0	157
gi|116748708|ref|YP_845395.1|_31-145_1GME:A:	1	8	5	2	0	17	6	7	0	150
gi|116748711|ref|YP_845398.1|_1-429_1QF5:A:	8	19	8	13	0	54	26	26	0	431
gi|116748713|ref|YP_845400.1|_36-190_1H0H:A:1-812	26	32	15	25	0	110	58	62	0	812
gi|116748714|ref|YP_845401.1|_1-648_1H0H:A:1-812	26	32	15	25	0	110	58	62	0	812
gi|116748714|ref|YP_845401.1|_628-657,684-814_1H0H:A:813-977	3	8	1	3	0	26	19	12	0	165
gi|116748715|ref|YP_845402.1|_4-210_1H0H:B:	2	10	3	6	0	29	13	15	0	214
gi|116748716|ref|YP_845403.1|_3-295_2FIY:A:19-308	0	8	2	10	0	31	11	22	0	290
gi|116748718|ref|YP_845405.1|_196-442_2G39:A:224-497	2	17	5	10	0	29	21	17	0	274
gi|116748718|ref|YP_845405.1|_4-229_2G39:A:3-223	10	9	3	6	0	25	19	14	0	221
gi|116748718|ref|YP_845405.1|_469-611_1VHS:A:	0	7	5	4	0	15	8	8	0	174
gi|116748719|ref|YP_845406.1|_14-197_1ZRN:A:	1	8	4	9	0	18	11	14	0	220
gi|116748720|ref|YP_845407.1|_117-218_1HF2:A:100-206	2	11	1	0	0	17	7	7	0	107
gi|116748721|ref|YP_845408.1|_3-245_1G3Q:A:	0	8	3	11	0	25	16	14	0	237
gi|116748722|ref|YP_845409.1|_30-83_1EV0:A:	0	2	2	1	0	4	3	2	0	58
gi|116748723|ref|YP_845410.1|_18-93_1VJK:A:	5	4	1	2	0	13	5	6	0	97
gi|116748724|ref|YP_845411.1|_17-74_1PCF:A:	0	4	0	1	0	4	1	3	0	65
gi|116748725|ref|YP_845412.1|_14-96_1KF6:B:106-243	0	0	3	8	0	15	4	9	0	138
gi|116748725|ref|YP_845412.1|_204-359_1Q16:C:	0	1	6	8	0	16	7	7	0	225
gi|116748726|ref|YP_845413.1|_135-417,457-506_1PS9:A:331-465,A:628-671	0	7	1	6	0	21	11	13	1	179
gi|116748726|ref|YP_845413.1|_525-646_1BLU:A:	0	4	2	2	0	15	3	6	0	80
gi|116748727|ref|YP_845414.1|_6-414_1E39:A:103-359,A:506-568	2	15	3	9	0	38	17	21	1	320
gi|116748729|ref|YP_845416.1|_17-141_2D59:A:4-142	1	7	1	5	0	19	11	8	0	141
gi|116748730|ref|YP_845417.1|_164-304_1WJG:A:	0	5	1	4	0	15	7	4	0	135
gi|116748730|ref|YP_845417.1|_6-158_1WJG:A:	0	5	1	4	0	15	7	4	0	135
gi|116748731|ref|YP_845418.1|_2-132_1YLF:A:5-142	2	2	2	6	0	10	4	3	0	138
gi|116748732|ref|YP_845419.1|_26-147_1G6Q:1:	7	15	2	8	0	32	15	22	0	328
gi|116748733|ref|YP_845420.1|_10-387_1MDO:A:	9	15	2	14	0	43	16	20	0	376
gi|116748735|ref|YP_845422.1|_21-348_1K1X:A:1-310	5	9	5	14	0	33	8	22	0	310
gi|116748737|ref|YP_845424.1|_6-167_1V2X:A:	4	7	4	6	1	16	17	10	0	191
gi|116748738|ref|YP_845425.1|_44-254_1BOU:B:	7	12	1	9	0	30	22	12	0	298
gi|116748739|ref|YP_845426.1|_12-187_1ZQ7:A:1-199	3	9	3	5	0	20	9	10	0	199
gi|116748742|ref|YP_845429.1|_15-289_1ITZ:A:10-347	2	7	3	13	0	33	15	25	0	338
gi|116748742|ref|YP_845429.1|_315-498_1QGD:A:333-527	1	8	3	7	0	22	12	13	0	195
gi|116748742|ref|YP_845429.1|_512-644_1IK6:A:192-326	0	6	1	4	0	12	7	6	0	135
gi|116748743|ref|YP_845430.1|_24-257_1G3Q:A:	0	8	3	11	0	25	16	14	0	237
gi|116748745|ref|YP_845432.1|_35-275_1HD8:A:3-262	3	9	3	7	0	23	9	11	0	260
gi|116748745|ref|YP_845432.1|_268-376_1HD8:A:263-356	4	8	1	0	0	12	6	4	0	94
gi|116748747|ref|YP_845434.1|_13-188,221-292_1RTQ:A:	0	9	4	8	0	27	18	18	0	291
gi|116748748|ref|YP_845435.1|_305-413_2DPK:A:370-502	3	9	0	0	0	14	8	5	0	133
gi|116748749|ref|YP_845436.1|_6-476_1BI9:A:	7	19	2	16	0	50	25	21	0	499
gi|116748750|ref|YP_845437.1|_308-904_1VLB:A:311-907	10	17	7	15	0	65	38	28	0	597
gi|116748750|ref|YP_845437.1|_166-330_1VLB:A:194-310	0	8	1	3	0	18	12	7	0	117
gi|116748750|ref|YP_845437.1|_86-191_1VLB:A:81-193	2	0	1	5	0	12	9	9	0	113
gi|116748750|ref|YP_845437.1|_4-89_1VLB:A:1-80	2	5	2	2	0	10	4	7	0	80
gi|116748751|ref|YP_845438.1|_78-265_1SEZ:A:13-329,A:442-497	7	15	2	15	0	38	28	17	1	373
gi|116748751|ref|YP_845438.1|_5-117_1H7W:A:2-183	1	0	4	8	0	20	11	12	0	182
gi|116748751|ref|YP_845438.1|_253-384_1H7W:A:2-183	1	0	4	8	0	20	11	12	0	182
gi|116748752|ref|YP_845439.1|_72-247_2AVN:A:1-246	2	10	3	10	0	28	12	9	0	246
gi|116748753|ref|YP_845440.1|_40-96_1H21:A:	5	0	5	7	0	27	16	12	0	240
gi|116748754|ref|YP_845441.1|_82-336_1TV8:A:	4	11	4	10	0	39	20	20	0	327
gi|116748755|ref|YP_845442.1|_49-360_1T5H:X:	5	27	4	15	0	56	23	34	0	503
gi|116748756|ref|YP_845443.1|_190-247_1RJW:A:138-305	0	7	1	8	0	16	10	9	0	168
gi|116748757|ref|YP_845444.1|_384-584_1EBB:A:	4	6	4	7	0	26	7	13	0	202
gi|116748757|ref|YP_845444.1|_7-191_1JYK:A:	2	15	5	6	0	27	12	16	0	253
gi|116748757|ref|YP_845444.1|_216-314_1XX7:A:	2	0	3	11	0	13	6	7	0	183
gi|116748758|ref|YP_845445.1|_4-561_2IV2:X:1-564	10	22	7	22	0	67	42	29	0	564
gi|116748758|ref|YP_845445.1|_533-657_1WLF:A:13-99	0	7	0	2	0	14	4	4	0	87
gi|116748760|ref|YP_845447.1|_22-182_1H7S:A:29-231	0	10	3	5	0	18	14	9	0	203
gi|116748761|ref|YP_845448.1|_25-361_1DCT:A:	8	11	10	8	0	35	20	17	0	324
gi|116748764|ref|YP_845451.1|_333-489_1CK4:A:	0	6	3	8	0	16	12	11	0	193
gi|116748766|ref|YP_845453.1|_10-110_1OR7:A:1-111	0	0	2	5	0	7	5	4	0	111
gi|116748766|ref|YP_845453.1|_134-199_1OR7:A:120-187	0	1	0	4	0	5	2	2	0	68
gi|116748767|ref|YP_845454.1|_49-319_1PYF:A:	6	11	6	11	0	33	19	21	0	311
gi|116748768|ref|YP_845455.1|_72-92,244-336_1BLU:A:	0	4	2	2	0	15	3	6	0	80
gi|116748768|ref|YP_845455.1|_392-518,602-622_1DUR:A:	0	4	1	1	0	12	2	4	0	55
gi|116748771|ref|YP_845458.1|_220-444_1XJ5:A:	0	12	4	9	0	28	19	16	0	290
gi|116748771|ref|YP_845458.1|_4-186_1PW4:A:	2	0	1	18	0	21	18	22	0	450
gi|116748772|ref|YP_845459.1|_120-378_1L1E:A:	2	7	3	10	0	27	17	15	0	272
gi|116748774|ref|YP_845461.1|_47-212_1TBF:A:	0	0	5	17	0	20	11	19	0	326
gi|116748775|ref|YP_845462.1|_44-316_1WDN:A:	2	11	1	8	0	14	14	12	0	223
gi|116748776|ref|YP_845463.1|_503-675_1R62:A:	0	7	1	3	0	11	0	7	0	156
gi|116748776|ref|YP_845463.1|_697-814_1B00:A:	0	5	0	5	0	12	9	8	0	122
gi|116748776|ref|YP_845463.1|_306-430_1P97:A:	0	5	0	4	0	12	9	7	0	113
gi|116748776|ref|YP_845463.1|_443-509_2C2A:A:232-320	0	0	1	3	0	3	0	4	0	89
gi|116748777|ref|YP_845464.1|_5-168_1LOP:A:	2	13	1	2	0	17	11	10	0	164
gi|116748778|ref|YP_845465.1|_24-419_1XK7:A:4-405	4	14	4	15	0	37	24	30	0	405
gi|116748779|ref|YP_845466.1|_33-450_1X74:A:2-360	0	12	4	14	1	37	25	27	0	359
gi|116748780|ref|YP_845467.1|_184-272_1RRE:A:	5	10	1	6	0	17	11	10	0	182
gi|116748792|ref|YP_845479.1|_244-390_2C2L:A:24-224	0	0	1	10	0	12	7	11	0	201
gi|116748792|ref|YP_845479.1|_86-225_1W3B:A:	0	0	0	23	0	35	6	26	0	388
gi|116748792|ref|YP_845479.1|_354-468_1ELW:A:	0	0	0	7	0	11	0	7	0	117
gi|116748793|ref|YP_845480.1|_260-350_1ZT2:A:3-329	6	18	3	9	0	40	19	15	0	327
gi|116748795|ref|YP_845482.1|_1-80_1ZPW:X:2-83	0	4	0	2	0	8	2	3	0	82
gi|116748798|ref|YP_845485.1|_3-517_1V25:A:	8	24	4	16	0	59	31	33	0	534
gi|116748799|ref|YP_845486.1|_7-371_1OLT:A:	1	19	6	15	0	46	26	24	0	441
gi|116748800|ref|YP_845487.1|_3-206_1N0U:A:3-343	9	9	5	14	0	30	13	15	0	341
gi|116748800|ref|YP_845487.1|_166-288_2BV3:A:283-403	1	12	0	0	0	15	9	9	0	121
gi|116748800|ref|YP_845487.1|_401-494_2BV3:A:600-688	0	4	2	3	0	5	0	4	0	89
gi|116748800|ref|YP_845487.1|_292-370_1FNM:A:404-482	0	5	0	2	0	8	3	2	0	79
gi|116748805|ref|YP_845492.1|_4-297_1J09:A:1-305	10	9	5	10	0	36	14	16	0	305
gi|116748805|ref|YP_845492.1|_298-460_1J09:A:306-468	0	0	2	9	0	14	10	6	0	163
gi|116748808|ref|YP_845495.1|_1-56_2J01:5:2-60	3	0	1	1	0	12	5	2	0	59
gi|116748809|ref|YP_845496.1|_1-322_1VI1:A:	4	12	2	12	0	37	22	19	0	344
gi|116748810|ref|YP_845497.1|_1-239_1UKW:A:32-258	3	8	6	6	0	18	8	13	0	227
gi|116748810|ref|YP_845497.1|_227-381_1BUC:A:233-383	1	2	3	5	0	4	4	6	0	151
gi|116748811|ref|YP_845498.1|_1-256_1EFV:B:	2	13	1	8	0	24	12	15	0	252
gi|116748812|ref|YP_845499.1|_71-265_1O97:D:1-192	2	13	1	5	0	22	12	11	0	192
gi|116748812|ref|YP_845499.1|_272-390_1EFV:A:208-331	2	5	5	4	0	16	12	8	0	124
gi|116748812|ref|YP_845499.1|_2-57_1CLF:A:	2	2	0	0	0	11	4	6	0	55
gi|116748813|ref|YP_845500.1|_3-246_1EDO:A:	2	7	2	10	0	24	12	13	0	244
gi|116748814|ref|YP_845501.1|_6-255_1E5M:A:6-255	6	7	5	9	0	27	15	17	0	250
gi|116748814|ref|YP_845501.1|_218-415_2GFV:A:252-412	5	7	4	4	0	22	9	6	0	161
gi|116748815|ref|YP_845502.1|_1-142_1NN4:A:	1	6	0	6	0	13	8	7	0	161
gi|116748816|ref|YP_845503.1|_2-410_1KL1:A:	2	15	5	16	0	44	22	22	0	405
gi|116748817|ref|YP_845504.1|_138-355_2B3Z:A:146-359	4	9	0	7	0	26	18	13	0	214
gi|116748817|ref|YP_845504.1|_1-138_2HXV:A:1-147	0	5	1	6	0	13	7	10	0	147
gi|116748818|ref|YP_845505.1|_92-197_1KZL:A:93-202	1	6	2	2	0	13	5	7	0	110
gi|116748818|ref|YP_845505.1|_1-92_1I8D:A:1-93	2	6	2	1	0	11	4	6	0	93
gi|116748819|ref|YP_845506.1|_3-202_1G57:A:	5	7	3	7	0	24	12	10	0	209
gi|116748819|ref|YP_845506.1|_205-378_2BZ1:A:1-174	0	7	0	7	0	17	9	10	0	174
gi|116748820|ref|YP_845507.1|_3-153_1HQK:A:	0	7	2	5	0	11	5	8	0	154
gi|116748821|ref|YP_845508.1|_4-135_1TZV:A:	0	0	2	7	0	13	6	6	0	141
gi|116748822|ref|YP_845509.1|_72-313_1HYQ:A:	0	8	2	11	0	23	12	9	0	232
gi|116748823|ref|YP_845510.1|_27-107_1RP3:A:0-86	0	0	0	3	0	4	3	6	0	86
gi|116748823|ref|YP_845510.1|_182-257_1RP3:A:164-234	0	0	0	4	0	4	3	3	0	71
gi|116748823|ref|YP_845510.1|_108-160_1RP3:A:87-163	0	0	1	3	0	4	3	3	0	77
gi|116748826|ref|YP_845513.1|_3-31_1DVB:A:148-191	2	3	1	0	0	5	2	2	0	44
gi|116748829|ref|YP_845516.1|_351-593_2HYD:A:324-578	2	10	5	9	0	25	21	16	0	255
gi|116748829|ref|YP_845516.1|_24-341_2HYD:A:1-323	0	0	1	15	1	9	5	12	0	323
gi|116748830|ref|YP_845517.1|_351-594_3B60:A:329-581	4	10	2	9	0	24	18	16	0	253
gi|116748830|ref|YP_845517.1|_30-340_3B60:A:10-328	0	0	1	11	0	6	9	9	0	319
gi|116748831|ref|YP_845518.1|_1-192_1RLI:A:	2	5	1	8	0	14	7	12	0	179
gi|116748832|ref|YP_845519.1|_10-236_2HHM:A:	1	14	1	8	0	23	13	16	0	272
gi|116748834|ref|YP_845521.1|_2-259_1NZY:A:	4	8	2	10	0	26	14	13	0	269
gi|116748835|ref|YP_845522.1|_405-577_1R62:A:	0	7	1	3	0	11	0	7	0	156
gi|116748835|ref|YP_845522.1|_597-719_1U0S:Y:	0	5	1	5	0	15	5	4	0	118
gi|116748835|ref|YP_845522.1|_221-330_1P97:A:	0	5	0	4	0	12	9	7	0	113
gi|116748835|ref|YP_845522.1|_337-413_2C2A:A:232-320	0	0	1	3	0	3	0	4	0	89
gi|116748836|ref|YP_845523.1|_4-110_1VJ2:A:	0	10	2	0	0	14	7	3	0	114
gi|116748837|ref|YP_845524.1|_5-200_1NHP:A:1-119,A:243-321	5	12	5	4	0	23	13	12	1	198
gi|116748837|ref|YP_845524.1|_157-325_1LVL:A:151-265	2	8	0	3	0	15	7	8	0	115
gi|116748837|ref|YP_845524.1|_329-455_1NHP:A:322-447	3	5	0	4	0	15	3	10	0	126
gi|116748837|ref|YP_845524.1|_468-550_1GMX:A:	0	7	1	5	0	15	6	5	0	108
gi|116748838|ref|YP_845525.1|_3-350_1PV7:A:	0	0	2	22	0	18	12	14	0	417
gi|116748839|ref|YP_845526.1|_1-461_2DKF:A:1-431	4	21	3	12	0	51	31	26	0	431
gi|116748840|ref|YP_845527.1|_106-220_1VI0:A:78-194	2	0	1	5	0	9	4	5	0	117
gi|116748840|ref|YP_845527.1|_27-108_1VI0:A:6-77	0	0	1	4	0	6	2	2	0	72
gi|116748841|ref|YP_845528.1|_38-269_1IVH:A:6-241	3	8	6	7	0	20	10	16	0	236
gi|116748841|ref|YP_845528.1|_286-467_1BUC:A:233-383	1	2	3	5	0	4	4	6	0	151
gi|116748842|ref|YP_845529.1|_5-265_1WDK:C:2-263	5	8	5	7	0	26	13	19	0	262
gi|116748842|ref|YP_845529.1|_267-390_1ULQ:A:276-400	2	4	2	4	0	11	5	8	0	125
gi|116748843|ref|YP_845530.1|_316-499_1WDK:A:311-496	0	8	3	6	0	20	12	8	0	186
gi|116748843|ref|YP_845530.1|_18-200,232-295_1HZD:A:	3	10	3	11	0	24	15	16	0	266
gi|116748843|ref|YP_845530.1|_499-583_3HDH:A:204-302	3	0	1	5	0	8	3	5	0	99
gi|116748843|ref|YP_845530.1|_612-670_1WDK:A:621-715	0	0	3	5	0	8	2	4	0	95
gi|116748844|ref|YP_845531.1|_20-172_1RQP:A:8-192	5	6	3	5	0	25	13	13	0	185
gi|116748844|ref|YP_845531.1|_184-275_1RQP:A:193-298	1	8	1	2	0	10	4	10	0	106
gi|116748845|ref|YP_845532.1|_1-46_2A6Q:A:10-92	0	4	0	4	0	5	3	4	0	83
gi|116748846|ref|YP_845533.1|_4-137_2FE1:A:1-130	1	4	1	7	0	12	5	7	0	130
gi|116748850|ref|YP_845537.1|_51-546_1XOC:A:17-520	5	23	9	15	0	53	34	35	0	504
gi|116748851|ref|YP_845538.1|_128-311_1VK6:A:126-256	1	6	0	2	0	11	4	7	0	131
gi|116748852|ref|YP_845539.1|_98-318_3DHW:A:6-208	0	0	1	9	0	11	7	9	0	203
gi|116748853|ref|YP_845540.1|_51-237_3DHW:A:6-208	0	0	1	9	0	11	7	9	0	203
gi|116748855|ref|YP_845542.1|_3-73_1VP7:B:	1	0	1	2	0	5	2	1	0	77
gi|116748856|ref|YP_845543.1|_7-290_1RTR:A:	0	2	1	13	0	16	12	13	0	290
gi|116748857|ref|YP_845544.1|_6-198,246-385_1ITZ:A:10-347	2	7	3	13	0	33	15	25	0	338
gi|116748857|ref|YP_845544.1|_321-509_1TRK:A:338-534	2	8	4	7	0	26	13	13	0	197
gi|116748857|ref|YP_845544.1|_494-630_1W85:B:193-324	0	6	2	5	0	13	8	5	0	132
gi|116748858|ref|YP_845545.1|_51-233_1L3I:A:	1	8	1	6	0	16	9	11	0	186
gi|116748858|ref|YP_845545.1|_2-61_1H3F:A:352-432	1	7	1	2	0	10	3	6	0	81
gi|116748859|ref|YP_845546.1|_1-155_1TO0:A:	0	5	0	5	0	12	9	5	0	157
gi|116748860|ref|YP_845547.1|_2-72_1XHJ:A:	0	3	0	2	0	9	7	1	0	87
gi|116748861|ref|YP_845548.1|_8-175_1YFZ:A:3-180	4	8	3	4	0	20	13	8	0	178
gi|116748863|ref|YP_845550.1|_116-419_1SET:A:111-421	3	16	5	9	0	33	20	19	0	311
gi|116748863|ref|YP_845550.1|_1-112_1SET:A:1-110	0	0	1	4	0	6	1	3	0	110
gi|116748864|ref|YP_845551.1|_1-92_1IHF:B:	1	5	0	3	0	10	1	4	0	94
gi|116748866|ref|YP_845553.1|_2-91_1W2I:A:	0	5	0	2	0	9	4	4	0	90
gi|116748867|ref|YP_845554.1|_24-342_1TA8:A:	8	11	3	10	0	32	21	13	0	313
gi|116748867|ref|YP_845554.1|_429-607_1DGS:A:401-581	4	2	3	10	0	19	10	14	0	181
gi|116748867|ref|YP_845554.1|_343-424_1DGS:A:315-400	3	5	1	1	0	9	4	4	0	86
gi|116748867|ref|YP_845554.1|_620-692_1L7B:A:	1	4	0	3	0	14	10	4	0	92
gi|116748868|ref|YP_845555.1|_26-263_1ODK:A:	0	9	2	7	0	19	10	10	0	234
gi|116748869|ref|YP_845556.1|_1-90_2O97:B:1-90	1	3	0	3	0	6	0	3	0	90
gi|116748871|ref|YP_845558.1|_34-74_1T0Q:A:	4	2	10	25	1	38	18	28	0	491
gi|116748872|ref|YP_845559.1|_107-332_1QWY:A:	0	20	2	4	0	32	22	13	0	270
gi|116748873|ref|YP_845560.1|_267-447_2EYQ:A:546-778	0	7	1	9	0	16	16	11	0	233
gi|116748873|ref|YP_845560.1|_537-717_1D9X:A:415-595	0	5	2	5	0	14	14	14	0	181
gi|116748874|ref|YP_845561.1|_224-427_1R30:A:	5	9	1	11	0	35	25	12	0	312
gi|116748874|ref|YP_845561.1|_85-165_1BMT:A:741-896	0	5	1	6	0	17	8	8	0	156
gi|116748875|ref|YP_845562.1|_22-171_1TIQ:A:	0	7	3	5	0	11	6	8	0	179
gi|116748877|ref|YP_845564.1|_422-713_1D9X:A:415-595	0	5	2	5	0	14	14	14	0	181
gi|116748877|ref|YP_845564.1|_5-118_1Y23:A:	0	6	3	4	0	16	11	7	0	139
gi|116748877|ref|YP_845564.1|_194-295_1XDP:A:502-688	5	9	1	5	0	21	14	9	0	187
gi|116748880|ref|YP_845567.1|_16-101_2ICT:A:8-94	0	0	0	5	0	9	2	7	0	94
gi|116748881|ref|YP_845568.1|_11-86_1Z8M:A:1-88	2	4	2	2	0	11	4	6	0	88
gi|116748883|ref|YP_845570.1|_29-108_1QO8:A:2-102	0	0	3	3	0	15	10	7	0	101
gi|116748884|ref|YP_845571.1|_34-295,431-491_1D4C:A:103-359,A:506-570	4	15	3	10	0	39	17	21	1	322
gi|116748884|ref|YP_845571.1|_298-431_1QO8:A:360-505	1	6	1	6	0	16	11	8	0	146
gi|116748885|ref|YP_845572.1|_9-137_1K66:A:	2	5	2	5	0	19	15	7	0	148
gi|116748886|ref|YP_845573.1|_876-1022_2C2A:A:321-481	0	7	2	3	0	13	4	10	0	161
gi|116748886|ref|YP_845573.1|_255-379_1EW0:A:	2	5	2	5	0	11	8	8	0	130
gi|116748886|ref|YP_845573.1|_129-257_1EW0:A:	2	5	2	5	0	11	8	8	0	130
gi|116748886|ref|YP_845573.1|_661-771_1EW0:A:	2	5	2	5	0	11	8	8	0	130
gi|116748886|ref|YP_845573.1|_787-870_2C2A:A:232-320	0	0	1	3	0	3	0	4	0	89
gi|116748886|ref|YP_845573.1|_383-528_1BYW:A:	2	5	1	3	0	13	3	8	0	110
gi|116748886|ref|YP_845573.1|_526-652_1N9L:A:	0	5	1	3	0	14	5	7	0	109
gi|116748887|ref|YP_845574.1|_1-65_1C9O:A:	1	5	1	0	0	5	1	4	0	66
gi|116748888|ref|YP_845575.1|_9-105_1D8Z:A:	0	5	0	2	0	10	8	2	0	89
gi|116748890|ref|YP_845577.1|_75-360_1HV8:A:3-210	0	7	1	9	0	25	17	9	0	208
gi|116748892|ref|YP_845579.1|_53-249_1IWL:A:	0	12	3	3	0	15	10	7	0	182
gi|116748893|ref|YP_845580.1|_70-249,301-319_1OXW:A:	8	8	9	12	0	35	16	21	0	360
gi|116748894|ref|YP_845581.1|_4-466_1WP1:A:	7	6	2	10	0	34	19	14	0	456
gi|116748895|ref|YP_845582.1|_304-498_1IWG:A:7-37,A:331-498	0	0	1	8	0	9	7	9	1	199
gi|116748895|ref|YP_845582.1|_831-1028_1IWG:A:513-566,A:869-1036	2	0	1	11	0	13	7	10	1	222
gi|116748895|ref|YP_845582.1|_565-671_1IWG:A:567-673	0	5	1	2	0	12	9	2	0	107
gi|116748895|ref|YP_845582.1|_672-721,808-857_1IWG:A:674-724,A:813-859	0	6	0	2	0	10	7	3	1	98
gi|116748895|ref|YP_845582.1|_138-182,275-331_1IWG:A:135-181,A:274-330	0	5	1	4	0	11	6	9	1	104
gi|116748895|ref|YP_845582.1|_722-805_1IWG:A:725-812	0	6	3	2	0	8	2	6	0	88
gi|116748895|ref|YP_845582.1|_38-131_1IWG:A:38-134	0	4	2	4	0	11	6	7	0	97
gi|116748895|ref|YP_845582.1|_183-273_1IWG:A:182-273	0	6	0	4	0	8	4	5	0	92
gi|116748896|ref|YP_845583.1|_72-314_1VF7:A:	2	20	0	3	0	31	18	9	0	237
gi|116748897|ref|YP_845584.1|_122-219_1XL4:A:23-138	0	1	0	4	0	11	8	6	0	116
gi|116748901|ref|YP_845588.1|_1-94_1X7V:A:	0	4	1	3	0	8	5	5	0	98
gi|116748902|ref|YP_845589.1|_833-1069_1NY5:A:138-384	4	9	2	11	0	25	17	12	0	247
gi|116748902|ref|YP_845589.1|_665-791_1V9Y:A:	2	5	3	3	0	10	6	6	0	113
gi|116748902|ref|YP_845589.1|_212-339_1EW0:A:	2	5	2	5	0	11	8	8	0	130
gi|116748902|ref|YP_845589.1|_540-666_1P97:A:	0	5	0	4	0	12	9	7	0	113
gi|116748902|ref|YP_845589.1|_376-410,436-552_2OOL:A:140-333	1	7	1	5	0	21	10	10	0	194
gi|116748902|ref|YP_845589.1|_1046-1134_1NTC:A:	0	0	0	4	0	6	3	4	0	90
gi|116748904|ref|YP_845591.1|_6-167_1F5M:A:	2	6	2	4	0	18	12	9	0	176
gi|116748905|ref|YP_845592.1|_153-315_1GD1:O:149-312	3	8	4	2	0	13	11	10	0	163
gi|116748905|ref|YP_845592.1|_2-169_1VC2:A:1-148,A:311-331	2	11	2	4	0	21	12	11	1	169
gi|116748906|ref|YP_845593.1|_7-338_1DOS:A:	0	11	3	12	0	36	18	17	0	358
gi|116748907|ref|YP_845594.1|_10-827_2GJ4:A:12-835	4	25	14	32	1	73	31	36	0	824
gi|116748908|ref|YP_845595.1|_147-474,504-581_1BF2:A:163-637	16	8	8	13	0	66	39	35	0	475
gi|116748908|ref|YP_845595.1|_15-159_1BF2:A:1-162	5	8	1	1	0	27	16	13	0	162
gi|116748908|ref|YP_845595.1|_586-682_1BF2:A:638-750	2	8	2	1	0	19	9	8	0	113
gi|116748909|ref|YP_845596.1|_372-692_1XCO:A:	3	11	0	13	0	34	22	19	0	328
gi|116748909|ref|YP_845596.1|_208-327_2IOJ:A:206-325	0	8	0	5	0	16	5	9	0	120
gi|116748909|ref|YP_845596.1|_1-219_2P67:A:1-327	4	7	2	12	0	24	11	14	0	326
gi|116748910|ref|YP_845597.1|_161-399_1G99:A:198-398	2	6	3	8	0	23	13	10	0	201
gi|116748910|ref|YP_845597.1|_1-199_1G99:A:1-197	0	8	3	6	0	22	15	11	0	197
gi|116748911|ref|YP_845598.1|_40-183_2GE3:A:6-169	0	7	2	4	0	13	5	8	0	164
gi|116748912|ref|YP_845599.1|_4-79,169-340_1A3W:A:2-87,A:189-366	3	8	3	12	0	27	20	10	1	264
gi|116748912|ref|YP_845599.1|_74-168_1E0T:A:70-167	4	9	1	1	0	16	5	7	0	98
gi|116748912|ref|YP_845599.1|_324-472_1E0T:A:354-470	2	5	1	4	0	13	9	6	0	117
gi|116748913|ref|YP_845600.1|_279-343_1VCT:A:108-201	2	4	0	4	0	12	4	6	0	94
gi|116748913|ref|YP_845600.1|_187-248_1VCT:A:108-201	2	4	0	4	0	12	4	6	0	94
gi|116748914|ref|YP_845601.1|_1-43_1E58:A:	4	6	4	10	0	30	9	18	0	247
gi|116748915|ref|YP_845602.1|_8-131_1FCA:A:	0	4	1	1	0	12	1	6	0	55
gi|116748916|ref|YP_845603.1|_215-574_1AOR:A:211-605	3	5	8	21	0	37	16	31	0	395
gi|116748916|ref|YP_845603.1|_8-210_1AOR:A:1-210	1	12	0	6	0	23	14	16	0	210
gi|116748918|ref|YP_845605.1|_8-120_2OOK:A:2-126	0	5	2	2	0	13	4	5	0	125
gi|116748920|ref|YP_845607.1|_4-74_1HDJ:A:	0	0	1	4	0	9	2	7	0	76
gi|116748921|ref|YP_845608.1|_41-238_1OUV:A:	0	0	0	15	0	18	7	15	0	272
gi|116748924|ref|YP_845611.1|_313-474_1R62:A:	0	7	1	3	0	11	0	7	0	156
gi|116748924|ref|YP_845611.1|_251-320_2C2A:A:232-320	0	0	1	3	0	3	0	4	0	89
gi|116748924|ref|YP_845611.1|_132-238_1EW0:A:	2	5	2	5	0	11	8	8	0	130
gi|116748925|ref|YP_845612.1|_143-384_1NY5:A:138-384	4	9	2	11	0	25	17	12	0	247
gi|116748925|ref|YP_845612.1|_4-187_1NY5:A:1-137	2	5	0	5	0	10	7	5	0	137
gi|116748925|ref|YP_845612.1|_355-451_1NTC:A:	0	0	0	4	0	6	3	4	0	90
gi|116748934|ref|YP_845621.1|_129-370_1HYQ:A:	0	8	2	11	0	23	12	9	0	232
gi|116748934|ref|YP_845621.1|_40-121_1U0S:Y:	0	5	1	5	0	15	5	4	0	118
gi|116748935|ref|YP_845622.1|_94-429_1G6O:A:	2	13	3	9	0	31	22	19	0	323
gi|116748938|ref|YP_845625.1|_96-326_1W3B:A:	0	0	0	23	0	35	6	26	0	388
gi|116748939|ref|YP_845626.1|_646-814_1R62:A:	0	7	1	3	0	11	0	7	0	156
gi|116748939|ref|YP_845626.1|_835-951_2AYZ:A:817-949	0	5	0	5	0	13	10	3	0	133
gi|116748939|ref|YP_845626.1|_585-652_2C2A:A:232-320	0	0	1	3	0	3	0	4	0	89
gi|116748939|ref|YP_845626.1|_338-446_1EW0:A:	2	5	2	5	0	11	8	8	0	130
gi|116748939|ref|YP_845626.1|_446-563_1EW0:A:	2	5	2	5	0	11	8	8	0	130
gi|116748940|ref|YP_845627.1|_18-265_1GKY:A:	1	9	1	7	0	19	8	10	0	186
gi|116748941|ref|YP_845628.1|_27-261_1V43:A:7-245	1	10	2	8	0	20	13	15	0	239
gi|116748942|ref|YP_845629.1|_368-577_2FVY:A:2-306	3	12	4	10	0	31	14	21	0	305
gi|116748943|ref|YP_845630.1|_2-106_1TH8:B:	0	5	1	4	0	6	5	5	0	115
gi|116748945|ref|YP_845632.1|_39-95_2EXD:A:72-143	0	5	0	0	0	10	2	5	0	72
gi|116748946|ref|YP_845633.1|_153-263_1TYE:A:	12	36	2	4	0	66	33	39	0	452
gi|116748948|ref|YP_845635.1|_34-189_1ST9:A:	0	8	2	4	0	14	8	8	0	137
gi|116748949|ref|YP_845636.1|_10-142_1VP6:A:	0	8	1	5	0	18	5	4	0	133
gi|116748949|ref|YP_845636.1|_197-304_1YT8:A:6-106	2	5	1	5	0	13	6	7	0	101
gi|116748952|ref|YP_845639.1|_188-348_1W25:A:294-455	1	7	1	5	0	15	9	9	0	161
gi|116748952|ref|YP_845639.1|_32-163_1P97:A:	0	5	0	4	0	12	9	7	0	113
gi|116748958|ref|YP_845645.1|_99-229_2HS5:A:94-231	0	0	1	6	0	7	0	5	0	138
gi|116748958|ref|YP_845645.1|_10-80_3BWG:A:5-82	1	3	1	3	0	8	3	5	0	78
gi|116748962|ref|YP_845649.1|_19-206_1JRL:A:	2	5	4	7	0	18	5	9	0	179
gi|116748963|ref|YP_845650.1|_3-391_1X74:A:2-360	0	12	4	14	1	37	25	27	0	359
gi|116748966|ref|YP_845653.1|_5-195_2HSZ:A:1-224	1	8	4	8	0	23	14	13	0	224
gi|116748969|ref|YP_845656.1|_3-383_1IOM:A:	2	3	3	16	0	31	19	18	0	374
gi|116748974|ref|YP_845661.1|_1-289_1VL0:A:	5	12	1	11	0	29	19	11	0	291
gi|116748975|ref|YP_845662.1|_19-158_1G0D:A:141-461	3	14	1	11	0	40	22	25	0	321
gi|116748976|ref|YP_845663.1|_9-229_1EFC:A:8-204	0	8	1	7	0	20	12	8	0	197
gi|116748976|ref|YP_845663.1|_301-396_1EXM:A:313-405	2	6	1	0	0	12	1	7	0	93
gi|116748976|ref|YP_845663.1|_208-304_1EFC:A:205-296	1	10	2	0	0	12	5	7	0	92
gi|116748988|ref|YP_845675.1|_9-229_1EFC:A:8-204	0	8	1	7	0	20	12	8	0	197
gi|116748988|ref|YP_845675.1|_301-396_1EXM:A:313-405	2	6	1	0	0	12	1	7	0	93
gi|116748988|ref|YP_845675.1|_208-304_1EFC:A:205-296	1	10	2	0	0	12	5	7	0	92
gi|116748977|ref|YP_845664.1|_1-49_2J01:6:9-53	0	0	0	0	0	5	4	2	0	45
gi|116748979|ref|YP_845666.1|_7-117_1NZ8:A:	1	5	0	3	0	13	7	6	0	119
gi|116748979|ref|YP_845666.1|_124-180_1M1G:A:191-248	0	5	0	0	0	5	3	5	0	58
gi|116748980|ref|YP_845667.1|_3-72_2GYC:G:2-72	4	0	0	0	0	11	6	4	0	71
gi|116748980|ref|YP_845667.1|_67-140_1HC8:A:	0	2	1	3	0	7	4	3	0	74
gi|116748981|ref|YP_845668.1|_6-225_1AD2:A:	2	9	3	6	0	31	15	17	0	224
gi|116748982|ref|YP_845669.1|_1-169_1ZAV:A:1-177	0	5	2	6	0	12	5	9	0	177
gi|116748983|ref|YP_845670.1|_5-63_1DD3:A:1-57	0	0	0	3	0	3	2	2	0	57
gi|116748984|ref|YP_845671.1|_6-245,358-714,769-945,1072-1156,1208-1367_1IW7:C:	31	48	5	27	1	157	100	52	0	1119
gi|116748985|ref|YP_845672.1|_12-1244,1285-1345_1I6V:D:	12	21	8	39	0	125	102	71	0	1234
gi|116748986|ref|YP_845673.1|_2-123_1FJG:L:	1	6	1	1	0	20	8	9	0	125
gi|116748987|ref|YP_845674.1|_2-149_2QAL:G:2-151	0	2	0	6	0	12	8	4	0	150
gi|116748989|ref|YP_845676.1|_6-103_2QAL:J:5-102	4	5	0	2	0	13	6	3	0	98
gi|116748990|ref|YP_845677.1|_2-208_2J01:E:1-205	4	10	1	0	0	34	19	10	0	205
gi|116748991|ref|YP_845678.1|_1-205_1DMG:A:	0	6	0	7	0	18	9	7	0	225
gi|116748992|ref|YP_845679.1|_6-96_1N88:A:	0	4	0	3	0	11	5	6	0	96
gi|116748993|ref|YP_845680.1|_126-272_2QAM:C:125-269	8	3	4	1	0	25	19	9	0	145
gi|116748993|ref|YP_845680.1|_3-125_2J01:D:2-126	8	4	1	0	0	20	11	9	0	125
gi|116748994|ref|YP_845681.1|_3-84_1FJG:S:	2	3	1	1	0	12	9	4	0	84
gi|116748995|ref|YP_845682.1|_1-110_1BXE:A:	1	3	1	3	0	6	3	4	0	110
gi|116748996|ref|YP_845683.1|_27-130_1FJG:C:2-106	3	3	1	3	0	15	6	5	0	105
gi|116748996|ref|YP_845683.1|_132-230_2QAL:C:106-206	2	4	3	2	0	14	5	3	0	101
gi|116748997|ref|YP_845684.1|_1-136_1WKI:A:	1	8	0	2	0	20	12	5	0	141
gi|116748998|ref|YP_845685.1|_1-62_1R73:A:	0	0	0	3	0	4	2	2	0	66
gi|116748999|ref|YP_845686.1|_8-84_2GY9:Q:5-82	0	5	0	0	0	11	5	2	0	78
gi|116749000|ref|YP_845687.1|_1-122_2GYC:I:2-122	5	7	0	1	0	26	15	7	0	121
gi|116749001|ref|YP_845688.1|_3-107_2J01:Y:2-102	3	4	1	0	0	19	11	5	0	101
gi|116749002|ref|YP_845689.1|_3-178_1IQ4:A:	3	5	4	5	0	23	16	6	0	179
gi|116749003|ref|YP_845690.1|_4-61_1FJG:N:	0	3	1	1	0	7	4	5	0	60
gi|116749004|ref|YP_845691.1|_4-132_1SEI:A:	4	8	1	3	0	13	7	6	0	130
gi|116749005|ref|YP_845692.1|_83-176_2QAM:G:82-176	2	4	0	1	0	13	7	5	0	95
gi|116749005|ref|YP_845692.1|_1-82_1RL6:A:7-81	0	6	0	1	0	8	2	6	0	75
gi|116749006|ref|YP_845693.1|_9-121_1OVY:A:	0	3	0	2	0	10	11	6	0	97
gi|116749007|ref|YP_845694.1|_80-158_1PKP:A:78-148	1	4	0	2	0	9	5	4	0	71
gi|116749007|ref|YP_845694.1|_10-76_1PKP:A:4-77	2	4	1	1	0	9	7	1	0	74
gi|116749008|ref|YP_845695.1|_3-60_1BXY:A:	0	3	0	2	0	8	2	4	0	60
gi|116749009|ref|YP_845696.1|_25-164_2ZJR:I:4-144	0	3	1	3	0	17	14	4	0	141
gi|116749010|ref|YP_845697.1|_2-417_1RH5:A:	4	2	2	14	0	28	20	20	0	422
gi|116749011|ref|YP_845698.1|_1-212_1ZIN:A:1-125,A:161-217	0	5	1	9	0	14	7	9	1	182
gi|116749012|ref|YP_845699.1|_1-247_1O0X:A:	6	14	2	4	0	30	14	14	0	249
gi|116749013|ref|YP_845700.1|_1-70_1AH9:A:	0	7	1	0	0	13	6	4	0	71
gi|116749014|ref|YP_845701.1|_2-121_1FJG:M:	2	0	2	6	0	13	11	6	0	125
gi|116749015|ref|YP_845702.1|_15-130_2QAL:K:12-128	0	5	1	3	0	11	7	6	0	117
gi|116749016|ref|YP_845703.1|_2-208_1FJG:D:	4	4	3	8	0	22	11	17	0	208
gi|116749017|ref|YP_845704.1|_55-176_1I6V:A:50-172	4	6	1	1	0	19	12	4	0	123
gi|116749017|ref|YP_845704.1|_12-59,151-237_1IW7:A:1-49,A:173-229	0	5	0	2	0	10	7	5	1	106
gi|116749017|ref|YP_845704.1|_250-322_1COO:A:	2	0	1	5	0	9	5	9	0	81
gi|116749018|ref|YP_845705.1|_1-116_2QAM:N:1-120	2	3	1	5	0	12	7	10	0	120
gi|116749020|ref|YP_845707.1|_140-371_1TV8:A:	4	11	4	10	0	39	20	20	0	327
gi|116749021|ref|YP_845708.1|_4-322_1V4E:A:	0	2	1	14	0	18	6	12	0	280
gi|116749023|ref|YP_845710.1|_17-126_1PJQ:A:1-113	2	7	1	3	0	13	7	7	0	113
gi|116749023|ref|YP_845710.1|_128-224_1PJQ:A:114-215	0	2	0	5	0	8	3	6	0	102
gi|116749025|ref|YP_845712.1|_2-160_1GPJ:A:1-143	0	4	0	6	0	10	6	12	0	143
gi|116749025|ref|YP_845712.1|_164-317_1GPJ:A:144-302	2	6	2	6	0	18	12	7	0	159
gi|116749025|ref|YP_845712.1|_319-421_1GPJ:A:303-404	0	0	0	3	0	4	3	4	0	102
gi|116749030|ref|YP_845717.1|_24-184_1QVC:A:	0	7	0	1	0	20	11	4	0	145
gi|116749031|ref|YP_845718.1|_19-236_1K30:A:	2	9	5	14	0	31	12	16	0	367
gi|116749032|ref|YP_845719.1|_13-429_2DKF:A:1-431	4	21	3	12	0	51	31	26	0	431
gi|116749033|ref|YP_845720.1|_336-642_1E9R:A:	4	15	5	17	0	45	21	21	0	433
gi|116749033|ref|YP_845720.1|_670-731_2J5P:A:1261-1329	2	2	0	3	0	7	5	5	0	69
gi|116749034|ref|YP_845721.1|_37-227_1IWL:A:	0	12	3	3	0	15	10	7	0	182
gi|116749035|ref|YP_845722.1|_6-302_1WZU:A:1-298	1	12	1	14	0	30	18	15	0	298
gi|116749036|ref|YP_845723.1|_5-336_1R8K:A:	2	12	2	13	0	34	21	17	0	327
gi|116749037|ref|YP_845724.1|_536-831_1B0U:A:	0	12	1	10	0	24	16	14	0	261
gi|116749037|ref|YP_845724.1|_12-208,352-491_3DHW:C:1-240	3	10	1	7	0	21	17	12	0	240
gi|116749038|ref|YP_845725.1|_81-207_1XCB:A:78-203	2	6	1	3	0	16	12	9	0	126
gi|116749038|ref|YP_845725.1|_7-79_1XCB:A:4-77	0	2	0	4	0	7	4	5	0	74
gi|116749039|ref|YP_845726.1|_4-77_1C99:A:	0	0	1	2	0	2	1	1	0	79
gi|116749040|ref|YP_845727.1|_86-231_1C17:M:	0	0	0	4	0	5	4	2	0	171
gi|116749043|ref|YP_845730.1|_3-424_2GSA:A:	8	14	5	15	0	41	26	32	0	427
gi|116749044|ref|YP_845731.1|_39-80,114-158_1SMX:A:	2	5	4	0	0	12	5	5	0	87
gi|116749045|ref|YP_845732.1|_237-596_1OLT:A:	1	19	6	15	0	46	26	24	0	441
gi|116749047|ref|YP_845734.1|_496-901_2HHV:A:469-876	2	11	5	17	0	34	17	17	0	408
gi|116749047|ref|YP_845734.1|_5-170_1BGX:T:1-173	6	0	3	5	0	23	15	17	0	173
gi|116749047|ref|YP_845734.1|_311-493_1KFS:A:324-518	0	6	2	7	0	16	14	9	0	195
gi|116749047|ref|YP_845734.1|_171-285_1BGX:T:174-289	0	0	3	2	0	12	13	7	0	116
gi|116749048|ref|YP_845735.1|_7-218_1WY5:A:1-216	0	6	1	10	0	20	9	10	0	216
gi|116749050|ref|YP_845737.1|_41-268_1QVR:A:536-850	5	9	4	14	0	30	21	15	0	315
gi|116749051|ref|YP_845738.1|_276-443_1W3B:A:	0	0	0	23	0	35	6	26	0	388
gi|116749051|ref|YP_845738.1|_89-250_1W3B:A:	0	0	0	23	0	35	6	26	0	388
gi|116749052|ref|YP_845739.1|_75-498_1TYE:A:	12	36	2	4	0	66	33	39	0	452
gi|116749053|ref|YP_845740.1|_239-568_1JV2:A:1-438	9	35	2	3	0	69	38	34	0	438
gi|116749053|ref|YP_845740.1|_48-216_1W3B:A:	0	0	0	23	0	35	6	26	0	388
gi|116749054|ref|YP_845741.1|_74-400_1USG:A:	4	14	6	11	0	33	12	17	0	346
gi|116749055|ref|YP_845742.1|_80-434_2LIV:A:	4	14	6	11	0	34	17	17	0	344
gi|116749056|ref|YP_845743.1|_96-262_2DG1:A:6-324	6	25	6	0	0	47	21	19	0	320
gi|116749057|ref|YP_845744.1|_389-773_1FWX:A:8-451	6	31	4	6	0	48	33	25	0	459
gi|116749057|ref|YP_845744.1|_48-405_1FT5:A:	4	2	5	9	0	26	17	20	0	211
gi|116749057|ref|YP_845744.1|_858-974_1IQC:A:151-308	4	2	3	5	0	18	13	11	0	158
gi|116749057|ref|YP_845744.1|_744-853_1ETP:A:93-190	4	0	1	5	0	10	2	8	0	98
gi|116749058|ref|YP_845745.1|_59-455_1JV2:A:1-438	9	35	2	3	0	69	38	34	0	438
gi|116749059|ref|YP_845746.1|_71-339_1K32:A:39-319	1	27	1	0	0	31	19	21	0	281
gi|116749062|ref|YP_845749.1|_656-720_2OAU:A:113-179	0	5	0	2	0	7	5	3	0	67
gi|116749062|ref|YP_845749.1|_720-824_2OAU:A:180-280	1	4	0	2	0	10	4	5	0	101
gi|116749062|ref|YP_845749.1|_603-655_2OAU:A:27-112	0	0	0	3	0	3	0	1	0	86
gi|116749063|ref|YP_845750.1|_129-199,252-416_1JJ7:A:	4	10	3	10	0	29	19	15	0	251
gi|116749063|ref|YP_845750.1|_37-101_1RI7:A:25-84	0	0	1	3	0	5	3	3	0	60
gi|116749067|ref|YP_845754.1|_762-858_2OAU:A:180-280	1	4	0	2	0	10	4	5	0	101
gi|116749067|ref|YP_845754.1|_690-756_2OAU:A:113-179	0	5	0	2	0	7	5	3	0	67
gi|116749067|ref|YP_845754.1|_606-689_2OAU:A:27-112	0	0	0	3	0	3	0	1	0	86
gi|116749069|ref|YP_845756.1|_4-312_1LI5:A:1-315	10	12	4	9	0	33	15	16	0	315
gi|116749069|ref|YP_845756.1|_347-492_1U0B:B:316-461	1	2	0	8	0	14	6	10	0	146
gi|116749071|ref|YP_845758.1|_1-155_1T0A:A:	0	7	3	5	0	16	6	8	0	158
gi|116749072|ref|YP_845759.1|_5-221_1I52:A:	0	11	5	6	0	24	13	15	0	225
gi|116749074|ref|YP_845761.1|_16-185_1KAG:A:	0	5	1	7	0	12	8	5	0	169
gi|116749075|ref|YP_845762.1|_49-220_1H76:A:3-333	3	13	5	11	0	41	28	22	0	331
gi|116749077|ref|YP_845764.1|_29-216_3DHW:A:6-208	0	0	1	9	0	11	7	9	0	203
gi|116749078|ref|YP_845765.1|_38-255_1Q12:A:4-235	1	11	4	7	0	25	20	16	0	232
gi|116749079|ref|YP_845766.1|_67-318_2NXO:A:5-281	2	10	3	12	0	20	18	12	0	277
gi|116749080|ref|YP_845767.1|_479-665_1CHD:A:	7	9	2	6	0	20	10	15	0	198
gi|116749080|ref|YP_845767.1|_313-417_1A2O:A:1-140	0	5	1	5	0	14	9	4	0	140
gi|116749082|ref|YP_845769.1|_19-160_1K0S:A:	0	10	0	2	0	18	14	7	0	151
gi|116749083|ref|YP_845770.1|_488-715_1QU7:A:	0	0	1	6	0	2	1	7	0	226
gi|116749083|ref|YP_845770.1|_351-489_2CH7:B:225-529	0	0	1	4	0	2	1	4	0	308
gi|116749083|ref|YP_845770.1|_88-200_2P7J:A:9-180	2	8	0	5	0	12	5	8	0	172
gi|116749083|ref|YP_845770.1|_683-800_1QU7:A:	0	0	1	6	0	2	1	7	0	226
gi|116749084|ref|YP_845771.1|_2-116_1U0S:Y:	0	5	1	5	0	15	5	4	0	118
gi|116749085|ref|YP_845772.1|_860-1043_1B3Q:A:355-539	0	7	1	7	0	11	10	12	0	185
gi|116749085|ref|YP_845772.1|_1044-1176_1B3Q:A:540-671	2	11	2	2	0	12	7	7	0	132
gi|116749085|ref|YP_845772.1|_40-160_1TQG:A:	0	0	0	4	0	5	1	4	0	104
gi|116749085|ref|YP_845772.1|_775-858_1B3Q:A:293-354	0	1	0	2	0	2	1	1	0	62
gi|116749085|ref|YP_845772.1|_572-671_1TQG:A:	0	0	0	4	0	5	1	4	0	104
gi|116749086|ref|YP_845773.1|_187-310_1U0S:Y:	0	5	1	5	0	15	5	4	0	118
gi|116749087|ref|YP_845774.1|_168-353_1CHD:A:	7	9	2	6	0	20	10	15	0	198
gi|116749087|ref|YP_845774.1|_11-117_1U0S:Y:	0	5	1	5	0	15	5	4	0	118
gi|116749088|ref|YP_845775.1|_3-127_1J3W:A:	0	5	0	4	0	13	10	6	0	134
gi|116749089|ref|YP_845776.1|_4-191_1KY3:A:	2	6	1	5	0	19	10	9	0	175
gi|116749090|ref|YP_845777.1|_1-120_1JX7:A:	2	5	1	4	0	14	5	7	0	116
gi|116749091|ref|YP_845778.1|_1-253_2CBN:A:1-305	9	16	2	10	0	41	18	18	0	305
gi|116749092|ref|YP_845779.1|_28-241_2IUB:A:9-285	0	7	2	6	0	23	14	10	0	281
gi|116749092|ref|YP_845779.1|_242-306_2IUB:A:286-349	0	0	0	2	0	2	2	2	0	64
gi|116749096|ref|YP_845783.1|_522-777_2FGE:A:540-797	0	6	3	9	0	20	15	6	0	258
gi|116749096|ref|YP_845783.1|_254-520_2FGE:A:272-539	0	6	3	10	0	23	15	9	0	268
gi|116749096|ref|YP_845783.1|_4-245_2FGE:A:15-271	3	10	4	10	0	24	18	13	0	257
gi|116749096|ref|YP_845783.1|_783-955_2FGE:A:798-993	2	6	1	9	0	14	7	11	0	196
gi|116749098|ref|YP_845785.1|_2-107_1JBE:A:	0	5	0	5	0	14	7	6	0	128
gi|116749099|ref|YP_845786.1|_4-136_1A04:A:5-142	0	5	0	6	0	12	9	7	0	138
gi|116749099|ref|YP_845786.1|_151-216_1YIO:A:131-200	0	0	0	5	0	5	2	4	0	70
gi|116749100|ref|YP_845787.1|_1-394_1J32:A:	5	12	5	14	0	43	14	24	0	388
gi|116749101|ref|YP_845788.1|_9-256_1DJ0:A:	0	10	4	5	0	30	16	16	0	264
gi|116749102|ref|YP_845789.1|_149-312_1VKN:A:145-307	1	7	3	4	0	17	10	10	0	163
gi|116749102|ref|YP_845789.1|_1-163_1VKN:A:1-144,A:308-339	3	6	2	7	0	19	10	11	1	176
gi|116749103|ref|YP_845790.1|_5-130_2GY9:I:4-129	0	6	3	4	0	10	5	5	0	126
gi|116749104|ref|YP_845791.1|_1-138_2GYC:H:1-140	0	0	0	2	0	18	19	8	0	140
gi|116749106|ref|YP_845793.1|_8-293_1O5Z:A:2-293	2	11	4	9	0	24	12	14	0	293
gi|116749106|ref|YP_845793.1|_296-426_1O5Z:A:294-430	0	6	2	5	0	15	10	7	0	137
gi|116749108|ref|YP_845795.1|_68-228_1VHM:A:	0	6	1	4	0	11	11	10	0	159
gi|116749109|ref|YP_845796.1|_195-313_2K54:A:1-123	2	6	1	3	0	8	1	8	0	123
gi|116749110|ref|YP_845797.1|_3-212_1W66:A:1-216	2	11	3	4	0	24	12	10	0	216
gi|116749111|ref|YP_845798.1|_50-348_1AMU:A:	4	26	5	15	0	55	36	34	0	514
gi|116749112|ref|YP_845799.1|_2-237_1JI0:A:	2	10	1	10	0	19	14	15	0	240
gi|116749113|ref|YP_845800.1|_2-216_1G6H:A:	2	11	5	9	0	21	16	17	0	254
gi|116749116|ref|YP_845803.1|_30-384_1USG:A:	4	14	6	11	0	33	12	17	0	346
gi|116749117|ref|YP_845804.1|_3-67_2F06:A:1-70	0	4	0	2	0	6	4	2	0	70
gi|116749117|ref|YP_845804.1|_71-141_2F06:A:71-141	0	4	0	3	0	5	2	5	0	71
gi|116749118|ref|YP_845805.1|_22-400_1T5H:X:	5	27	4	15	0	56	23	34	0	503
gi|116749119|ref|YP_845806.1|_84-173_2FF4:A:105-283	2	0	2	8	0	9	4	10	0	179
gi|116749120|ref|YP_845807.1|_25-156_1COZ:A:	1	5	2	5	0	12	6	10	0	126
gi|116749122|ref|YP_845809.1|_11-157_1MXI:A:	2	6	3	5	0	19	11	9	0	156
gi|116749125|ref|YP_845812.1|_4-207_2FUK:A:3-220	2	8	1	5	0	26	14	17	0	218
gi|116749126|ref|YP_845813.1|_5-77,110-298_1OXW:A:	8	8	9	12	0	35	16	21	0	360
gi|116749127|ref|YP_845814.1|_5-263_1UB0:A:	1	9	1	8	0	20	12	11	0	258
gi|116749128|ref|YP_845815.1|_151-319_1VQV:A:138-300	1	7	2	6	0	21	13	5	0	163
gi|116749128|ref|YP_845815.1|_2-145_1VQV:A:1-137	5	5	0	3	0	13	6	7	0	137
gi|116749129|ref|YP_845816.1|_19-348_1P9R:A:	2	16	4	14	0	37	18	18	0	417
gi|116749130|ref|YP_845817.1|_4-334_1P9R:A:	2	16	4	14	0	37	18	18	0	417
gi|116749131|ref|YP_845818.1|_103-225_1TV8:A:	4	11	4	10	0	39	20	20	0	327
gi|116749132|ref|YP_845819.1|_9-185_1VJN:A:	2	14	1	3	0	24	15	9	0	219
gi|116749133|ref|YP_845820.1|_63-402_1FUK:A:	0	7	3	4	0	16	14	7	0	162
gi|116749133|ref|YP_845820.1|_774-943_1T7P:A:1-210	0	5	4	6	0	16	11	14	0	204
gi|116749134|ref|YP_845821.1|_39-139_1NZ8:A:	1	5	0	3	0	13	7	6	0	119
gi|116749134|ref|YP_845821.1|_147-200_1M1G:A:191-248	0	5	0	0	0	5	3	5	0	58
gi|116749135|ref|YP_845822.1|_20-186_1XI8:A:6-181	3	4	1	2	0	15	5	6	0	176
gi|116749135|ref|YP_845822.1|_187-335_1UZ5:A:181-328	1	9	0	4	0	15	9	7	0	148
gi|116749135|ref|YP_845822.1|_346-418_1UZ5:A:329-402	2	5	0	1	0	10	5	1	0	74
gi|116749136|ref|YP_845823.1|_17-121_1B9M:A:1-126	0	5	0	5	0	9	4	5	0	127
gi|116749137|ref|YP_845824.1|_123-287_2SCU:A:122-286	0	7	2	5	0	21	13	9	0	165
gi|116749137|ref|YP_845824.1|_1-122_1OI7:A:1-121	0	7	0	4	0	13	8	8	0	121
gi|116749138|ref|YP_845825.1|_1-238_2SCU:B:1-238	1	12	3	7	0	24	11	11	0	238
gi|116749138|ref|YP_845825.1|_239-386_2SCU:B:239-385	1	6	0	6	0	15	10	5	0	147
gi|116749140|ref|YP_845827.1|_4-295_2F2A:B:4-293	4	16	1	4	0	32	18	16	0	290
gi|116749140|ref|YP_845827.1|_296-400_2F2A:B:294-400	0	0	0	8	0	9	6	9	0	118
gi|116749141|ref|YP_845828.1|_4-340_1T9K:A:	3	17	5	12	0	37	22	22	0	340
gi|116749142|ref|YP_845829.1|_64-287_1U94:A:6-268	2	11	2	8	0	23	14	12	0	263
gi|116749142|ref|YP_845829.1|_249-263,297-451_1XHK:A:	5	9	2	4	0	19	12	7	0	185
gi|116749143|ref|YP_845830.1|_4-109_1DBY:A:	0	5	0	4	0	12	4	5	0	106
gi|116749144|ref|YP_845831.1|_4-305_1VDC:A:118-243	2	8	1	3	0	13	12	8	0	130
gi|116749145|ref|YP_845832.1|_52-189_1ELR:A:	0	0	0	7	0	9	1	5	0	128
gi|116749146|ref|YP_845833.1|_112-390_1PVO:A:129-417	2	10	3	11	0	28	20	13	0	289
gi|116749146|ref|YP_845833.1|_71-147_1A62:A:48-125	1	5	1	1	0	12	2	7	0	78
gi|116749146|ref|YP_845833.1|_23-68_1A62:A:1-47	1	0	0	3	0	5	2	4	0	47
gi|116749147|ref|YP_845834.1|_1-66_2J01:4:1-50	0	0	2	0	0	10	7	2	0	50
gi|116749148|ref|YP_845835.1|_9-351_2B3T:B:7-354	1	11	3	7	0	25	15	13	0	344
gi|116749149|ref|YP_845836.1|_8-283_1T43:A:	2	9	3	11	0	29	18	14	0	274
gi|116749150|ref|YP_845837.1|_1-413_1UAE:A:	11	23	4	14	0	48	23	20	0	418
gi|116749151|ref|YP_845838.1|_574-832_1ZKP:A:1-244	6	14	2	7	0	29	13	18	0	244
gi|116749152|ref|YP_845839.1|_1-174,204-252_1NNW:A:	0	10	2	7	0	25	17	11	0	251
gi|116749153|ref|YP_845840.1|_1-308_1UDB:A:	3	13	1	11	0	38	21	15	0	338
gi|116749155|ref|YP_845842.1|_5-253_1N2Z:A:	4	10	3	10	0	27	17	13	0	245
gi|116749156|ref|YP_845843.1|_4-484_1E93:A:	8	10	9	12	0	63	39	25	0	476
gi|116749157|ref|YP_845844.1|_11-140_1MZB:A:	1	5	0	5	0	12	4	5	0	134
gi|116749158|ref|YP_845845.1|_359-672_1NHP:A:1-119,A:243-321	5	12	5	4	0	23	13	12	1	198
gi|116749158|ref|YP_845845.1|_17-247_1EA0:A:1203-1472	5	12	3	7	0	32	17	18	0	270
gi|116749158|ref|YP_845845.1|_316-372,718-770_1CLF:A:	2	2	0	0	0	11	4	6	0	55
gi|116749159|ref|YP_845846.1|_157-525_1EA0:A:423-1193	9	24	13	27	0	90	50	46	0	771
gi|116749159|ref|YP_845846.1|_17-107_1FCA:A:	0	4	1	1	0	12	1	6	0	55
gi|116749160|ref|YP_845847.1|_140-264,292-355_1XFF:A:	1	15	3	5	0	29	16	11	0	238
gi|116749163|ref|YP_845850.1|_15-230_1EIX:A:	3	8	3	10	0	27	11	13	0	231
gi|116749164|ref|YP_845851.1|_72-146_1RM6:C:82-157	1	0	0	4	0	8	5	3	0	76
gi|116749164|ref|YP_845851.1|_2-77_1DGJ:A:1-80	3	6	3	1	0	13	3	8	0	80
gi|116749165|ref|YP_845852.1|_313-713_1RM6:A:134-769	6	25	6	16	0	65	39	35	0	636
gi|116749165|ref|YP_845852.1|_19-245_1JRO:B:124-777	11	23	7	16	0	66	40	28	0	654
gi|116749166|ref|YP_845853.1|_14-268_1FEZ:A:	5	5	2	11	0	23	17	17	0	256
gi|116749167|ref|YP_845854.1|_1-210_1XM8:A:	1	14	3	9	0	25	7	18	0	253
gi|116749168|ref|YP_845855.1|_94-175_1SFE:A:93-176	2	2	1	4	0	12	4	9	0	84
gi|116749168|ref|YP_845855.1|_6-91_1SFE:A:12-92	1	4	0	2	0	9	5	3	0	81
gi|116749169|ref|YP_845856.1|_16-252,364-443_1VKO:A:11-314,A:429-521	6	14	6	10	0	38	21	22	1	397
gi|116749169|ref|YP_845856.1|_253-365_1U1I:A:228-332	0	4	1	4	0	9	4	3	0	105
gi|116749171|ref|YP_845858.1|_178-302_1KS9:A:168-291	0	0	2	6	0	7	1	7	0	124
gi|116749171|ref|YP_845858.1|_1-178_1DLJ:A:1-196	0	10	0	8	0	26	16	8	0	196
gi|116749172|ref|YP_845859.1|_4-357_1LC5:A:	0	13	7	12	0	38	19	26	0	355
gi|116749174|ref|YP_845861.1|_8-242_1BYI:A:	2	10	2	8	0	28	14	14	0	224
gi|116749174|ref|YP_845861.1|_262-450_1Q7R:A:	0	12	3	6	0	17	7	9	0	218
gi|116749175|ref|YP_845862.1|_5-201_1BYI:A:	2	10	2	8	0	28	14	14	0	224
gi|116749175|ref|YP_845862.1|_253-459_1R9G:A:	0	12	2	5	0	22	16	11	0	196
gi|116749176|ref|YP_845863.1|_13-79,114-196,354-800,840-887_1QHH:A:,B:,C:,D:	6	16	12	26	0	53	23	34	3	623
gi|116749176|ref|YP_845863.1|_962-1144_1W36:B:899-1174	5	5	5	9	0	31	23	9	0	276
gi|116749177|ref|YP_845864.1|_21-150_1SHS:A:	2	10	3	0	0	16	4	4	0	115
gi|116749178|ref|YP_845865.1|_24-130_1GME:A:	1	8	5	2	0	17	6	7	0	150
gi|116749179|ref|YP_845866.1|_100-284_1TV8:A:	4	11	4	10	0	39	20	20	0	327
gi|116749179|ref|YP_845866.1|_17-67_1R30:A:	5	9	1	11	0	35	25	12	0	312
gi|116749180|ref|YP_845867.1|_19-234,265-289_1KMO:A:	6	32	8	4	0	61	36	35	0	661
gi|116749180|ref|YP_845867.1|_172-523_3PRN:A:	3	16	3	1	0	29	18	18	0	289
gi|116749181|ref|YP_845868.1|_258-331,401-578_1TYE:A:	12	36	2	4	0	66	33	39	0	452
gi|116749183|ref|YP_845870.1|_3-126_2F5G:A:2-131	3	6	1	3	0	16	6	5	0	130
gi|116749183|ref|YP_845870.1|_232-311_1L8Q:A:290-399	0	0	0	6	0	7	5	2	0	110
gi|116749185|ref|YP_845872.1|_1-224_1G29:1:1-240	1	11	4	8	0	20	15	14	0	240
gi|116749188|ref|YP_845875.1|_155-310,367-427_2GK3:A:8-253	1	13	3	8	0	26	16	16	0	246
gi|116749190|ref|YP_845877.1|_2-222_1VPL:A:	2	10	2	9	0	18	9	15	0	238
gi|116749191|ref|YP_845878.1|_1-105_1XBL:A:	0	0	0	3	0	7	3	6	0	75
gi|116749191|ref|YP_845878.1|_258-343_1C3G:A:260-349	4	6	0	2	0	16	7	6	0	90
gi|116749191|ref|YP_845878.1|_114-138,200-262_1C3G:A:260-349	4	6	0	2	0	16	7	6	0	90
gi|116749191|ref|YP_845878.1|_134-211_1EXK:A:	2	6	2	0	0	10	7	6	0	79
gi|116749193|ref|YP_845880.1|_1-68_1QKL:A:	0	3	0	2	0	17	13	4	0	127
gi|116749194|ref|YP_845881.1|_8-172_1RTY:B:	0	2	1	5	0	10	6	4	0	180
gi|116749197|ref|YP_845884.1|_1-319_1PZ1:A:	6	12	9	9	0	39	21	23	0	332
gi|116749199|ref|YP_845886.1|_178-255,292-380_1T43:A:	2	9	3	11	0	29	18	14	0	274
gi|116749200|ref|YP_845887.1|_64-280_2J13:A:1-235	2	11	2	8	0	24	9	9	0	235
gi|116749201|ref|YP_845888.1|_192-389_1TV8:A:	4	11	4	10	0	39	20	20	0	327
gi|116749202|ref|YP_845889.1|_89-196_1MY6:A:89-198	1	3	2	5	0	9	4	7	0	110
gi|116749202|ref|YP_845889.1|_2-88_1MY6:A:1-88	1	0	2	4	0	7	3	8	0	88
gi|116749203|ref|YP_845890.1|_150-348_1ELR:A:	0	0	0	7	0	9	1	5	0	128
gi|116749203|ref|YP_845890.1|_44-194_1ELR:A:	0	0	0	7	0	9	1	5	0	128
gi|116749205|ref|YP_845892.1|_1-248_1UJP:A:	2	9	2	12	0	27	8	11	0	271
gi|116749206|ref|YP_845893.1|_21-405_1V8Z:A:1-386	8	14	4	15	0	30	22	23	0	386
gi|116749207|ref|YP_845894.1|_34-234_1NSJ:A:	1	10	4	7	0	20	17	10	0	205
gi|116749208|ref|YP_845895.1|_12-261_1VC4:A:	2	8	1	12	0	27	17	13	0	254
gi|116749209|ref|YP_845896.1|_73-336_1V8G:A:66-329	3	7	5	11	0	22	10	13	0	264
gi|116749209|ref|YP_845896.1|_1-68_1O17:A:1-70	0	0	0	4	0	6	2	2	0	70
gi|116749210|ref|YP_845897.1|_10-197_1QDL:B:	1	9	0	6	0	17	14	12	0	195
gi|116749211|ref|YP_845898.1|_19-486_1QDL:A:	4	22	4	9	0	41	30	16	0	422
gi|116749212|ref|YP_845899.1|_1-332_1RZM:A:	8	15	4	10	0	42	23	21	0	338
gi|116749213|ref|YP_845900.1|_6-235_1FJG:B:	2	5	3	7	0	24	18	13	0	237
gi|116749214|ref|YP_845901.1|_68-208_1TFE:A:	2	5	2	5	0	9	8	4	0	142
gi|116749214|ref|YP_845901.1|_15-66_1EFU:B:1-54	0	0	0	3	0	3	1	2	0	54
gi|116749215|ref|YP_845902.1|_6-238_1YBD:A:6-241	3	9	2	8	0	27	16	14	0	236
gi|116749216|ref|YP_845903.1|_3-184_1IS1:A:	0	6	2	4	0	8	5	9	0	185
gi|116749217|ref|YP_845904.1|_5-232_1F75:A:	1	6	5	7	0	25	15	11	0	229
gi|116749219|ref|YP_845906.1|_128-266_1R0K:A:127-264	0	5	2	7	0	13	3	8	0	138
gi|116749219|ref|YP_845906.1|_4-152_1K5H:A:1-125,A:275-300	0	6	1	6	0	14	10	9	1	151
gi|116749219|ref|YP_845906.1|_294-387_1R0K:A:291-385	1	1	0	5	0	7	2	5	0	95
gi|116749220|ref|YP_845907.1|_91-197_1LCY:A:226-325	0	8	0	3	0	13	6	8	0	100
gi|116749221|ref|YP_845908.1|_6-107_1OKJ:A:1-106	0	5	1	3	0	7	4	4	0	106
gi|116749221|ref|YP_845908.1|_114-221_1OKJ:A:107-216	1	6	3	3	0	17	9	5	0	110
gi|116749223|ref|YP_845910.1|_176-334_2CW9:A:270-451	1	7	1	6	0	19	2	11	0	182
gi|116749225|ref|YP_845912.1|_8-157_1WJG:A:	0	5	1	4	0	15	7	4	0	135
gi|116749225|ref|YP_845912.1|_163-298_1TQ8:A:	1	5	0	5	0	9	5	6	0	162
gi|116749226|ref|YP_845913.1|_1-449_1CC1:L:	13	16	7	15	0	45	25	24	0	487
gi|116749227|ref|YP_845914.1|_3-111,142-272_1H2R:S:	11	9	7	13	0	34	17	23	0	267
gi|116749229|ref|YP_845916.1|_156-368,395-476_1CJC:A:6-106,A:332-460	6	9	1	9	0	25	11	18	1	230
gi|116749229|ref|YP_845916.1|_492-557_2FUG:9:26-179	5	7	1	3	0	27	18	9	0	154
gi|116749230|ref|YP_845917.1|_1-415_2IV2:X:1-564	10	22	7	22	0	67	42	29	0	564
gi|116749230|ref|YP_845917.1|_369-525_1OGY:A:682-801	5	6	2	2	0	21	9	8	0	120
gi|116749231|ref|YP_845918.1|_2-135_2IV2:X:1-564	10	22	7	22	0	67	42	29	0	564
gi|116749232|ref|YP_845919.1|_120-244_1H7W:A:2-183	1	0	4	8	0	20	11	12	0	182
gi|116749233|ref|YP_845920.1|_1-53_1DJN:A:341-489,A:646-729	0	7	3	9	0	25	15	15	1	233
gi|116749234|ref|YP_845921.1|_7-84_1KF6:B:106-243	0	0	3	8	0	15	4	9	0	138
gi|116749237|ref|YP_845924.1|_11-429_1E39:A:103-359,A:506-568	2	15	3	9	0	38	17	21	1	320
gi|116749237|ref|YP_845924.1|_597-920_1GOS:A:4-289,A:402-500	4	15	6	13	0	40	33	22	1	385
gi|116749237|ref|YP_845924.1|_462-505,908-1000_1FCA:A:	0	4	1	1	0	12	1	6	0	55
gi|116749239|ref|YP_845926.1|_17-101_1NEK:B:107-238	0	0	0	8	0	16	6	9	0	132
gi|116749242|ref|YP_845929.1|_137-440_1MKY:A:173-358	2	7	3	5	0	16	12	10	0	186
gi|116749242|ref|YP_845929.1|_4-168_1MKY:A:2-172	2	6	2	6	0	13	10	9	0	171
gi|116749243|ref|YP_845930.1|_76-399_1USG:A:	4	14	6	11	0	33	12	17	0	346
gi|116749244|ref|YP_845931.1|_9-211_1QG8:A:	2	9	4	8	0	22	13	12	0	255
gi|116749246|ref|YP_845933.1|_23-330_1VHN:A:	0	9	3	14	0	31	18	15	0	317
gi|116749247|ref|YP_845934.1|_8-153,187-275_1JYS:A:	2	10	1	6	0	21	9	12	0	230
gi|116749248|ref|YP_845935.1|_5-264_2CZL:A:3-272	1	11	4	12	0	28	19	11	0	270
gi|116749250|ref|YP_845937.1|_100-163,207-344_1S9I:A:	1	7	3	12	0	30	21	11	0	334
gi|116749251|ref|YP_845938.1|_4-67_2UX9:A:2-67	0	3	0	1	0	4	1	1	0	66
gi|116749252|ref|YP_845939.1|_10-219_1O1Y:A:	1	11	3	6	0	26	13	16	0	238
gi|116749253|ref|YP_845940.1|_4-255_1JW9:B:	5	8	2	9	0	22	10	18	0	247
gi|116749254|ref|YP_845941.1|_4-240_1TYG:A:	5	11	1	9	0	33	17	11	0	242
gi|116749255|ref|YP_845942.1|_37-361_1R30:A:	5	9	1	11	0	35	25	12	0	312
gi|116749256|ref|YP_845943.1|_2-65_1TYG:B:	2	5	1	1	0	8	4	5	0	65
gi|116749257|ref|YP_845944.1|_10-218_1XI3:A:	0	8	0	10	0	20	16	11	0	206
gi|116749258|ref|YP_845945.1|_25-307_1R30:A:	5	9	1	11	0	35	25	12	0	312
gi|116749260|ref|YP_845947.1|_2-225_3DHW:C:1-240	3	10	1	7	0	21	17	12	0	240
gi|116749262|ref|YP_845949.1|_335-586_1HUX:A:	0	10	3	8	0	21	12	13	0	259
gi|116749262|ref|YP_845949.1|_4-277_1HUX:A:	0	10	3	8	0	21	12	13	0	259
gi|116749264|ref|YP_845951.1|_40-124_1SMX:A:	2	5	4	0	0	12	5	5	0	87
gi|116749265|ref|YP_845952.1|_2-130_1RXQ:A:	3	2	0	8	0	14	8	7	0	174
gi|116749267|ref|YP_845954.1|_24-186_1Z84:A:23-195	2	8	5	1	0	20	12	8	0	173
gi|116749268|ref|YP_845955.1|_4-397_1P5H:A:	3	12	5	17	0	48	21	36	0	427
gi|116749269|ref|YP_845956.1|_8-326_1J0A:A:	0	10	2	14	0	30	22	19	0	325
gi|116749271|ref|YP_845958.1|_24-337_3BZK:A:1-324	2	3	4	16	0	23	11	18	0	324
gi|116749271|ref|YP_845958.1|_338-483_3BZK:A:325-473	0	5	2	6	0	17	10	10	0	149
gi|116749271|ref|YP_845958.1|_484-572_3BZK:A:474-563	0	2	1	4	0	8	6	7	0	90
gi|116749271|ref|YP_845958.1|_652-736_3BZK:A:637-730	0	5	2	2	0	13	4	6	0	94
gi|116749271|ref|YP_845958.1|_574-645_3BZK:A:564-636	0	0	3	4	0	9	5	4	0	73
gi|116749272|ref|YP_845959.1|_2-247_1CJY:A:142-721	2	16	10	18	0	52	32	26	0	580
gi|116749273|ref|YP_845960.1|_63-215_1P4T:A:	0	10	0	0	0	9	4	4	0	155
gi|116749274|ref|YP_845961.1|_66-404_1R30:A:	5	9	1	11	0	35	25	12	0	312
gi|116749275|ref|YP_845962.1|_8-464_1J3U:A:	3	8	7	15	1	40	20	27	0	462
gi|116749276|ref|YP_845963.1|_10-172_1RFL:A:	0	4	1	5	0	22	18	7	0	171
gi|116749277|ref|YP_845964.1|_11-307_1R30:A:	5	9	1	11	0	35	25	12	0	312
gi|116749278|ref|YP_845965.1|_9-84_1F37:A:	0	5	3	2	0	14	6	7	0	109
gi|116749279|ref|YP_845966.1|_44-347_1FEH:A:210-574	3	10	11	15	0	33	25	20	0	365
gi|116749279|ref|YP_845966.1|_5-88_1CLF:A:	2	2	0	0	0	11	4	6	0	55
gi|116749279|ref|YP_845966.1|_416-517_2VEA:A:4-130	1	6	0	3	0	11	8	9	0	127
gi|116749280|ref|YP_845967.1|_11-231_1TXO:A:	3	11	3	6	0	26	12	11	0	235
gi|116749281|ref|YP_845968.1|_146-467_1N11:A:	0	0	1	24	0	48	15	35	0	408
gi|116749281|ref|YP_845968.1|_6-132_3EC9:A:10-139	1	6	0	5	0	7	2	8	0	130
gi|116749282|ref|YP_845969.1|_115-247_3EC9:A:10-139	1	6	0	5	0	7	2	8	0	130
gi|116749283|ref|YP_845970.1|_1-105_2FTR:A:4-106	2	4	1	4	0	6	5	5	0	103
gi|116749283|ref|YP_845970.1|_119-222_2FTR:A:4-106	2	4	1	4	0	6	5	5	0	103
gi|116749284|ref|YP_845971.1|_381-564_1Q6Z:A:342-524	4	6	1	8	0	22	11	10	0	183
gi|116749284|ref|YP_845971.1|_5-191_1Q6Z:A:2-181	2	6	5	7	0	17	8	12	0	180
gi|116749284|ref|YP_845971.1|_164-362_2C31:A:195-369	1	5	5	6	0	18	11	9	0	175
gi|116749285|ref|YP_845972.1|_1-92,138-296_1U9C:A:	6	11	6	7	0	27	12	15	0	221
gi|116749286|ref|YP_845973.1|_52-193_1JOQ:A:	3	9	1	3	0	22	11	8	0	149
gi|116749287|ref|YP_845974.1|_91-302_1OLP:A:1-249	4	0	5	11	0	22	12	13	0	249
gi|116749288|ref|YP_845975.1|_1-31,77-384_1ITU:A:	8	9	6	14	0	41	19	23	0	369
gi|116749289|ref|YP_845976.1|_50-381_1FR1:A:	5	16	7	12	0	33	16	25	0	361
gi|116749290|ref|YP_845977.1|_8-170_2K2N:A:31-200	1	5	1	4	0	22	14	6	0	170
gi|116749293|ref|YP_845980.1|_339-580_2HYD:A:324-578	2	10	5	9	0	25	21	16	0	255
gi|116749293|ref|YP_845980.1|_3-325_2HYD:A:1-323	0	0	1	15	1	9	5	12	0	323
gi|116749294|ref|YP_845981.1|_2-128_1K68:A:	0	5	2	5	0	15	12	5	0	140
gi|116749295|ref|YP_845982.1|_701-863_2C2A:A:321-481	0	7	2	3	0	13	4	10	0	161
gi|116749295|ref|YP_845982.1|_522-632_1DP6:A:	3	5	1	4	0	10	6	6	0	116
gi|116749295|ref|YP_845982.1|_384-487_1EW0:A:	2	5	2	5	0	11	8	8	0	130
gi|116749295|ref|YP_845982.1|_630-711_2C2A:A:232-320	0	0	1	3	0	3	0	4	0	89
gi|116749295|ref|YP_845982.1|_314-363_2ASX:A:278-331	0	0	0	2	0	4	1	3	0	54
gi|116749296|ref|YP_845983.1|_9-212_1WEK:A:	0	7	1	8	0	20	13	9	0	208
gi|116749298|ref|YP_845985.1|_83-386_2AS0:A:73-396	2	14	5	10	0	29	16	20	0	324
gi|116749298|ref|YP_845985.1|_2-69_2AS0:A:1-72	0	6	1	1	0	9	3	5	0	72
gi|116749299|ref|YP_845986.1|_95-241_1JHF:A:73-198	1	9	3	0	0	16	8	10	0	126
gi|116749299|ref|YP_845986.1|_15-81_1B0N:A:1-68	0	0	0	5	0	8	1	5	0	68
gi|116749302|ref|YP_845989.1|_5-151_1NY5:A:1-137	2	5	0	5	0	10	7	5	0	137
gi|116749302|ref|YP_845989.1|_425-550_2C2A:A:321-481	0	7	2	3	0	13	4	10	0	161
gi|116749302|ref|YP_845989.1|_161-294_1EW0:A:	2	5	2	5	0	11	8	8	0	130
gi|116749303|ref|YP_845990.1|_415-676_1W3B:A:	0	0	0	23	0	35	6	26	0	388
gi|116749304|ref|YP_845991.1|_29-184_2IKB:A:1-163	1	2	3	8	0	16	8	6	0	163
gi|116749316|ref|YP_846003.1|_1-62_2OUT:A:4-70	2	3	0	1	0	10	8	2	0	67
gi|116749325|ref|YP_846012.1|_22-147_2EVR:A:87-234	0	6	1	4	0	16	11	7	0	148
gi|116749337|ref|YP_846024.1|_47-191_2OPL:A:4-185	1	10	2	4	0	18	10	6	0	182
gi|116749338|ref|YP_846025.1|_6-276_1TV8:A:	4	11	4	10	0	39	20	20	0	327
gi|116749339|ref|YP_846026.1|_304-475_2C2A:A:321-481	0	7	2	3	0	13	4	10	0	161
gi|116749339|ref|YP_846026.1|_498-616_1QKK:A:	0	5	1	5	0	15	7	5	0	154
gi|116749339|ref|YP_846026.1|_240-306_1JOY:A:	0	0	0	3	0	3	2	3	0	67
gi|116749340|ref|YP_846027.1|_87-296_1I6A:A:	1	12	4	4	0	23	15	16	0	212
gi|116749340|ref|YP_846027.1|_1-86_1IXC:A:1-89	2	0	0	4	0	6	2	3	0	89
gi|116749341|ref|YP_846028.1|_5-128_1XQB:A:	2	11	3	2	0	27	11	11	0	231
gi|116749342|ref|YP_846029.1|_440-506,551-716_1W36:D:361-606	4	4	2	9	0	19	18	13	0	246
gi|116749342|ref|YP_846029.1|_181-488_1W36:D:2-360	6	9	4	14	0	32	29	25	0	359
gi|116749342|ref|YP_846029.1|_84-159_2BGW:A:160-229	0	0	0	5	0	5	4	4	0	70
gi|116749344|ref|YP_846031.1|_13-157_2P0T:A:22-169	0	0	2	8	0	9	7	5	0	148
gi|116749345|ref|YP_846032.1|_16-72_1MZU:A:	2	5	2	3	1	12	6	6	0	110
gi|116749346|ref|YP_846033.1|_5-323_2AA4:A:120-289	4	5	3	7	0	17	13	11	0	170
gi|116749348|ref|YP_846035.1|_1-132_1ZFJ:A:95-220	6	5	0	4	0	15	10	9	0	126
gi|116749348|ref|YP_846035.1|_141-210_2FGC:A:27-104	0	4	0	2	0	6	2	6	0	78
gi|116749350|ref|YP_846037.1|_148-336_1JCF:A:141-336	2	9	2	9	0	18	11	7	0	196
gi|116749350|ref|YP_846037.1|_9-147_1JCF:A:1-140	0	10	0	4	0	12	8	9	0	140
gi|116749351|ref|YP_846038.1|_6-137_1MC0:A:402-555	0	7	0	4	0	14	7	11	0	154
gi|116749351|ref|YP_846038.1|_167-318_2VEA:A:131-326	1	9	1	5	0	18	12	8	0	196
gi|116749351|ref|YP_846038.1|_329-470_1W25:A:294-455	1	7	1	5	0	15	9	9	0	161
gi|116749352|ref|YP_846039.1|_2-213_1B63:A:2-216	0	8	2	8	0	19	14	13	0	216
gi|116749352|ref|YP_846039.1|_485-669_1X9Z:A:	2	7	1	7	0	14	7	8	0	182
gi|116749352|ref|YP_846039.1|_192-326_1B63:A:217-331	0	7	3	3	0	10	2	7	0	115
gi|116749353|ref|YP_846040.1|_35-180_1KSF:X:437-755	2	10	4	12	0	25	21	18	0	319
gi|116749353|ref|YP_846040.1|_22-68,187-246_1KSF:X:437-755	2	10	4	12	0	25	21	18	0	319
gi|116749354|ref|YP_846041.1|_16-248_1KNW:A:32-278	0	11	3	9	0	21	15	14	0	247
gi|116749354|ref|YP_846041.1|_216-367_1F3T:A:14-43,A:284-422	1	8	3	3	0	21	9	5	1	169
gi|116749355|ref|YP_846042.1|_1-184_1HYE:A:1-145	0	6	2	4	0	13	6	8	0	145
gi|116749356|ref|YP_846043.1|_5-236_1IY8:A:	6	7	4	9	0	26	14	15	0	258
gi|116749359|ref|YP_846046.1|_82-295_1V9K:A:	3	12	0	5	0	29	16	13	0	227
gi|116749359|ref|YP_846046.1|_28-108_1FJG:D:	4	4	3	8	0	22	11	17	0	208
gi|116749362|ref|YP_846049.1|_4-168_1XHD:A:	2	20	0	1	0	37	1	18	0	172
gi|116749363|ref|YP_846050.1|_23-444_1E5X:A:	5	13	5	17	0	40	21	28	0	477
gi|116749364|ref|YP_846051.1|_163-304_2GO3:A:134-279	1	9	3	3	0	20	8	9	0	146
gi|116749364|ref|YP_846051.1|_32-153_1P42:A:2-127	2	10	1	2	0	12	6	7	0	120
gi|116749366|ref|YP_846053.1|_598-739_1R62:A:	0	7	1	3	0	11	0	7	0	156
gi|116749366|ref|YP_846053.1|_388-512_1OTD:A:	2	5	1	3	1	14	6	5	0	105
gi|116749366|ref|YP_846053.1|_516-591_2C2A:A:232-320	0	0	1	3	0	3	0	4	0	89
gi|116749366|ref|YP_846053.1|_327-376_2ASX:A:278-331	0	0	0	2	0	4	1	3	0	54
gi|116749367|ref|YP_846054.1|_140-382_1NY5:A:138-384	4	9	2	11	0	25	17	12	0	247
gi|116749367|ref|YP_846054.1|_3-185_1KRW:A:	0	5	0	5	0	10	8	4	0	124
gi|116749367|ref|YP_846054.1|_353-450_1G2H:A:	0	0	0	3	0	7	8	5	0	61
gi|116749373|ref|YP_846060.1|_31-141_2FUG:9:26-179	5	7	1	3	0	27	18	9	0	154
gi|116749375|ref|YP_846062.1|_415-787_2FUG:4:35-409	3	7	3	13	0	39	26	18	0	375
gi|116749375|ref|YP_846062.1|_6-147_2FUG:6:15-175	2	4	2	5	0	17	14	7	0	161
gi|116749375|ref|YP_846062.1|_222-417_2FUG:5:1-196	0	7	0	4	0	27	19	10	0	196
gi|116749378|ref|YP_846065.1|_398-464_1KSH:B:	0	9	1	1	0	12	5	8	0	149
gi|116749379|ref|YP_846066.1|_1199-1265_1KSH:B:	0	9	1	1	0	12	5	8	0	149
gi|116749382|ref|YP_846069.1|_194-350_1R62:A:	0	7	1	3	0	11	0	7	0	156
gi|116749382|ref|YP_846069.1|_11-118_1EW0:A:	2	5	2	5	0	11	8	8	0	130
gi|116749382|ref|YP_846069.1|_140-206_2C2A:A:232-320	0	0	1	3	0	3	0	4	0	89
gi|116749383|ref|YP_846070.1|_39-95_2SCP:A:	0	4	4	9	0	16	8	11	0	174
gi|116749384|ref|YP_846071.1|_11-225_1TQJ:A:	4	8	7	8	0	20	12	13	0	221
gi|116749385|ref|YP_846072.1|_79-467_1C7Q:A:	2	10	7	18	0	40	23	28	0	442
gi|116749386|ref|YP_846073.1|_6-318_1Z05:A:209-405	5	5	1	8	0	19	13	14	0	197
gi|116749387|ref|YP_846074.1|_215-678_2FUG:3:247-685	5	17	5	15	0	55	35	21	0	439
gi|116749387|ref|YP_846074.1|_79-212_2FUG:3:96-246	4	2	3	4	0	19	8	8	0	151
gi|116749387|ref|YP_846074.1|_1-75_2FUG:3:1-95	3	5	0	1	0	15	8	6	0	95
gi|116749387|ref|YP_846074.1|_726-796_1DMR:A:626-781	7	6	3	1	0	27	12	16	0	156
gi|116749388|ref|YP_846075.1|_3-238_2FUG:1:7-249	8	5	2	10	0	26	22	14	0	243
gi|116749388|ref|YP_846075.1|_324-419_2FUG:1:334-438	2	0	0	5	1	7	4	5	0	105
gi|116749388|ref|YP_846075.1|_239-321_2FUG:1:250-333	4	5	0	2	0	11	8	7	0	84
gi|116749389|ref|YP_846076.1|_5-157_2FUG:2:3-180	2	3	2	7	0	21	16	8	0	178
gi|116749391|ref|YP_846078.1|_9-201_1XM8:A:	1	14	3	9	0	25	7	18	0	253
gi|116749392|ref|YP_846079.1|_40-267_1SBP:A:	2	13	4	15	0	26	20	17	0	309
gi|116749393|ref|YP_846080.1|_68-86,135-243_1HFE:L:2-86	2	4	3	1	0	15	3	7	0	85
gi|116749394|ref|YP_846081.1|_22-264_1TV8:A:	4	11	4	10	0	39	20	20	0	327
gi|116749395|ref|YP_846082.1|_43-165,196-257_1Y7O:A:2-193	3	8	0	7	0	19	7	8	0	192
gi|116749396|ref|YP_846083.1|_43-134,247-376_1WDN:A:	2	11	1	8	0	14	14	12	0	223
gi|116749396|ref|YP_846083.1|_147-245_1ORQ:C:	0	0	0	9	0	12	9	11	0	223
gi|116749397|ref|YP_846084.1|_21-214_1K30:A:	2	9	5	14	0	31	12	16	0	367
gi|116749398|ref|YP_846085.1|_1-161_1S3Q:A:3-164	1	0	0	5	0	7	1	5	0	162
gi|116749399|ref|YP_846086.1|_301-457_2CSU:A:291-453	0	7	0	6	0	15	9	8	0	163
gi|116749399|ref|YP_846086.1|_133-295_2CSU:A:130-290	0	9	1	5	0	16	11	6	0	161
gi|116749399|ref|YP_846086.1|_4-132_2CSU:A:1-129	1	7	0	3	0	18	15	9	0	129
gi|116749399|ref|YP_846086.1|_494-706_1ULZ:A:115-328	2	8	1	6	0	23	11	8	0	214
gi|116749400|ref|YP_846087.1|_4-131_1XBF:A:	0	8	0	3	0	16	11	5	0	139
gi|116749402|ref|YP_846089.1|_93-237_2CND:A:125-270	0	8	3	6	0	14	9	6	0	146
gi|116749402|ref|YP_846089.1|_3-107_1I7P:A:29-153	2	7	0	1	0	15	7	11	0	121
gi|116749403|ref|YP_846090.1|_238-342_1KF6:B:106-243	0	0	3	8	0	15	4	9	0	138
gi|116749404|ref|YP_846091.1|_185-287_1NEK:B:107-238	0	0	0	8	0	16	6	9	0	132
gi|116749406|ref|YP_846093.1|_102-156_1RI7:A:25-84	0	0	1	3	0	5	3	3	0	60
gi|116749408|ref|YP_846095.1|_14-440_1E39:A:103-359,A:506-568	2	15	3	9	0	38	17	21	1	320
gi|116749408|ref|YP_846095.1|_916-1008_1H7W:A:845-1017	3	6	3	4	0	18	10	9	0	173
gi|116749408|ref|YP_846095.1|_602-930_1E39:A:103-359,A:506-568	2	15	3	9	0	38	17	21	1	320
gi|116749409|ref|YP_846096.1|_5-496_1K9X:A:	3	3	9	22	0	37	24	27	0	497
gi|116749410|ref|YP_846097.1|_16-214_1M65:A:	5	8	5	8	0	27	12	19	0	244
gi|116749411|ref|YP_846098.1|_1-271_1I60:A:	2	10	5	10	0	25	13	15	0	278
gi|116749412|ref|YP_846099.1|_4-279_1XIM:A:	8	10	7	15	0	42	22	20	0	392
gi|116749413|ref|YP_846100.1|_2-234,339-404_1U1I:A:1-227,A:333-392	2	7	3	11	0	35	19	18	1	287
gi|116749413|ref|YP_846100.1|_235-339_1U1I:A:228-332	0	4	1	4	0	9	4	3	0	105
gi|116749414|ref|YP_846101.1|_17-133_1WUR:A:32-216	0	7	2	8	0	16	8	8	0	185
gi|116749415|ref|YP_846102.1|_7-232_2PG3:A:1-230	0	5	1	10	0	19	14	11	0	230
gi|116749416|ref|YP_846103.1|_24-201_1TV8:A:	4	11	4	10	0	39	20	20	0	327
gi|116749417|ref|YP_846104.1|_4-125_2G64:A:1-139	0	5	3	4	0	12	4	6	0	139
gi|116749418|ref|YP_846105.1|_151-384,420-539,572-590_1GCI:A:	9	9	0	9	0	38	20	19	0	269
gi|116749419|ref|YP_846106.1|_3-74_2NP3:A:35-99	0	0	0	3	0	4	1	1	0	65
gi|116749419|ref|YP_846106.1|_87-197_3C07:A:90-235	0	0	3	6	0	5	9	9	0	146
gi|116749420|ref|YP_846107.1|_332-687_2SQC:A:8-36,A:308-630	5	3	4	12	0	37	22	24	1	352
gi|116749420|ref|YP_846107.1|_65-334_2SQC:A:37-307	0	3	7	10	0	24	17	17	0	271
gi|116749421|ref|YP_846108.1|_15-467_1EK9:A:	0	7	2	9	0	18	12	9	0	428
gi|116749422|ref|YP_846109.1|_4-97_1KRH:A:2-105	0	7	2	2	0	16	7	8	0	104
gi|116749424|ref|YP_846111.1|_136-248_1ZAT:A:339-466	5	9	0	2	0	20	7	6	0	128
gi|116749425|ref|YP_846112.1|_216-475_1UIR:A:	1	15	3	10	0	27	16	17	0	312
gi|116749426|ref|YP_846113.1|_134-393_1R30:A:	5	9	1	11	0	35	25	12	0	312
gi|116749427|ref|YP_846114.1|_346-522_1VAJ:A:3-205	2	9	5	4	0	21	12	12	0	203
gi|116749427|ref|YP_846114.1|_102-241_1BOU:B:	7	12	1	9	0	30	22	12	0	298
gi|116749428|ref|YP_846115.1|_71-232_1K30:A:	2	9	5	14	0	31	12	16	0	367
gi|116749429|ref|YP_846116.1|_108-234_2BS2:B:107-239	0	0	1	8	0	16	4	10	0	134
gi|116749429|ref|YP_846116.1|_3-105_2BS2:B:1-106	2	7	2	1	0	12	3	10	0	106
gi|116749430|ref|YP_846117.1|_5-116,145-274,374-435_2BS2:A:1-250,A:372-457	6	17	6	7	0	41	21	16	1	336
gi|116749430|ref|YP_846117.1|_460-606_2BS2:A:458-655	7	4	2	5	0	26	11	8	0	198
gi|116749430|ref|YP_846117.1|_252-370_2BS2:A:251-371	5	5	2	5	0	17	6	10	0	121
gi|116749431|ref|YP_846118.1|_13-216_2BS2:C:1-254	0	0	3	9	0	16	7	12	0	255
gi|116749432|ref|YP_846119.1|_204-296_1S7B:A:	0	0	0	4	0	10	7	3	0	109
gi|116749432|ref|YP_846119.1|_47-146_1S7B:A:	0	0	0	4	0	10	7	3	0	109
gi|116749433|ref|YP_846120.1|_6-249_2HBV:A:3-333	5	12	6	13	0	33	18	26	0	331
gi|116749435|ref|YP_846122.1|_5-163_1YVO:A:4-172	0	7	3	4	0	14	5	9	0	169
gi|116749436|ref|YP_846123.1|_46-265_1KY9:A:11-259	1	12	2	3	0	19	15	10	0	249
gi|116749436|ref|YP_846123.1|_240-356_1KY9:A:260-353	4	4	0	2	0	14	9	8	0	94
gi|116749436|ref|YP_846123.1|_383-472_1LCY:A:226-325	0	8	0	3	0	13	6	8	0	100
gi|116749437|ref|YP_846124.1|_298-463_2C2A:A:321-481	0	7	2	3	0	13	4	10	0	161
gi|116749437|ref|YP_846124.1|_225-308_2C2A:A:232-320	0	0	1	3	0	3	0	4	0	89
gi|116749437|ref|YP_846124.1|_188-237_2ASX:A:278-331	0	0	0	2	0	4	1	3	0	54
gi|116749438|ref|YP_846125.1|_1-179_1KGS:A:2-123	0	5	0	5	0	11	9	3	0	122
gi|116749441|ref|YP_846128.1|_4-168_1T3Q:C:1-176	2	10	1	9	0	20	6	15	0	176
gi|116749441|ref|YP_846128.1|_176-278_1FFV:C:178-287	4	4	0	3	0	9	5	7	0	110
gi|116749442|ref|YP_846129.1|_93-160_1RM6:C:82-157	1	0	0	4	0	8	5	3	0	76
gi|116749442|ref|YP_846129.1|_11-87_1RM6:C:1-81	3	5	3	1	0	6	5	7	0	81
gi|116749443|ref|YP_846130.1|_134-760_1RM6:A:134-769	6	25	6	16	0	65	39	35	0	636
gi|116749443|ref|YP_846130.1|_9-130_1RM6:A:9-133	3	6	2	3	0	17	9	7	0	125
gi|116749444|ref|YP_846131.1|_29-412_1PW4:A:	2	0	1	18	0	21	18	22	0	450
gi|116749445|ref|YP_846132.1|_15-126_2GAN:A:1-182	0	7	4	5	0	20	10	12	0	182
gi|116749446|ref|YP_846133.1|_8-371_1FG7:A:	0	13	5	12	0	36	22	23	0	354
gi|116749449|ref|YP_846136.1|_12-254_1XM8:A:	1	14	3	9	0	25	7	18	0	253
gi|116749453|ref|YP_846140.1|_250-471,541-582_1DU5:A:	4	15	3	4	0	31	13	11	0	206
gi|116749454|ref|YP_846141.1|_17-134,272-308,409-571_1L7V:C:	7	9	2	9	0	28	16	12	0	231
gi|116749457|ref|YP_846144.1|_92-221,275-311,531-708_1F2T:A:,B:	2	15	3	7	0	24	21	15	1	292
gi|116749462|ref|YP_846149.1|_34-174_1E9R:A:	4	15	5	17	0	45	21	21	0	433
gi|116749463|ref|YP_846150.1|_67-272,303-408_1TV8:A:	4	11	4	10	0	39	20	20	0	327
gi|116749465|ref|YP_846152.1|_6-227_1RC2:A:	0	0	0	10	0	15	9	12	0	231
gi|116749469|ref|YP_846156.1|_60-129_2DUY:A:11-75	0	2	3	3	0	7	4	5	0	65
gi|116749474|ref|YP_846161.1|_111-257_2H5N:A:1-132	2	0	1	7	0	9	4	7	0	132
gi|116749475|ref|YP_846162.1|_91-142_1Y7M:A:1-48	0	2	0	1	1	9	3	6	0	48
gi|116749482|ref|YP_846169.1|_36-256_1XT8:A:10-257	2	13	3	10	0	20	15	15	0	248
gi|116749488|ref|YP_846175.1|_102-296_2F6S:A:1-177	1	4	2	8	0	16	11	10	0	177
gi|116749490|ref|YP_846177.1|_4-252_1B9B:A:	2	8	3	12	0	23	16	14	0	252
gi|116749491|ref|YP_846178.1|_2-392_1PHP:A:	3	17	9	14	0	49	28	25	0	394
gi|116749492|ref|YP_846179.1|_153-315_1GD1:O:149-312	3	8	4	2	0	13	11	10	0	163
gi|116749492|ref|YP_846179.1|_1-180_1GD1:O:0-148,O:313-333	2	11	3	5	0	21	11	11	1	171
gi|116749493|ref|YP_846180.1|_10-209_1K3T:A:1-164,A:334-359	3	11	2	6	0	24	12	11	1	190
gi|116749493|ref|YP_846180.1|_193-346_1HDG:O:149-312	2	8	3	3	0	14	9	8	0	163
gi|116749494|ref|YP_846181.1|_928-1274_1KBL:A:2-376	2	10	6	14	0	31	14	19	0	375
gi|116749494|ref|YP_846181.1|_1293-1416_1KBL:A:377-509	0	12	2	4	0	15	9	8	0	133
gi|116749495|ref|YP_846182.1|_10-167_2I6C:A:1001-1160	0	7	2	5	0	13	5	8	0	160
gi|116749496|ref|YP_846183.1|_10-137_1PDO:A:	2	4	0	5	0	12	6	9	0	129
gi|116749497|ref|YP_846184.1|_1-155_1N3B:A:	0	5	2	8	0	16	7	7	0	204
gi|116749498|ref|YP_846185.1|_1-148_1A6J:A:	0	6	4	5	0	14	5	8	0	150
gi|116749499|ref|YP_846186.1|_2-97_2YWQ:A:1-95	0	4	1	2	0	6	4	3	0	95
gi|116749501|ref|YP_846188.1|_7-230_2ONK:A:1-240	2	9	2	9	0	23	17	15	0	240
gi|116749504|ref|YP_846191.1|_14-178_1K1E:A:	0	8	4	8	0	18	10	10	0	177
gi|116749505|ref|YP_846192.1|_11-272_1FXQ:A:	2	13	7	8	0	29	16	15	0	263
gi|116749506|ref|YP_846193.1|_4-270_1S1M:A:1-266	0	11	3	9	0	29	16	14	0	266
gi|116749506|ref|YP_846193.1|_290-539_1S1M:A:287-544	0	12	2	7	0	25	12	15	0	258
gi|116749507|ref|YP_846194.1|_1-122_2O16:A:20-158	7	6	1	5	0	14	8	7	0	139
gi|116749508|ref|YP_846195.1|_27-547_1PG4:A:	11	30	5	21	0	71	40	44	0	643
gi|116749509|ref|YP_846196.1|_7-104,132-279_1SML:A:	6	12	5	6	0	26	13	18	0	266
gi|116749510|ref|YP_846197.1|_186-250,374-438_1W3B:A:	0	0	0	23	0	35	6	26	0	388
gi|116749511|ref|YP_846198.1|_16-108_2GSC:A:9-125	0	0	3	4	0	7	2	3	0	117
gi|116749512|ref|YP_846199.1|_181-499_1GYT:A:179-503	0	13	4	11	0	32	17	20	0	325
gi|116749512|ref|YP_846199.1|_1-181_1GYT:A:1-178	2	7	3	5	0	19	11	8	0	178
gi|116749513|ref|YP_846200.1|_52-268_1JW9:B:	5	8	2	9	0	22	10	18	0	247
gi|116749514|ref|YP_846201.1|_3-358_1BT4:A:	2	14	6	10	0	35	29	21	0	360
gi|116749515|ref|YP_846202.1|_5-226,422-631_1H3N:A:1-225,A:418-686	9	23	6	18	0	52	29	25	1	494
gi|116749515|ref|YP_846202.1|_226-421_1H3N:A:226-417	2	9	3	5	0	22	15	12	0	192
gi|116749515|ref|YP_846202.1|_627-829_1H3N:A:687-814	0	0	2	6	0	9	4	4	0	128
gi|116749517|ref|YP_846204.1|_5-203_1JR3:D:1-211	1	8	0	9	0	22	7	12	0	211
gi|116749517|ref|YP_846204.1|_209-330_1JR3:D:212-338	0	0	0	7	0	10	8	6	0	127
gi|116749518|ref|YP_846205.1|_3-86_1FJG:T:	0	0	0	3	0	5	3	4	0	99
gi|116749520|ref|YP_846207.1|_4-78_1GRJ:A:2-79	0	2	2	3	0	4	0	2	0	78
gi|116749520|ref|YP_846207.1|_81-154_1GRJ:A:80-158	3	5	1	1	0	9	3	6	0	79
gi|116749521|ref|YP_846208.1|_2-303_1TUG:A:1-150,A:151-310	5	9	6	10	0	36	22	16	1	310
gi|116749522|ref|YP_846209.1|_68-377_1XRT:A:56-365	5	7	4	10	0	31	14	12	0	310
gi|116749522|ref|YP_846209.1|_10-67,379-435_1XRT:A:1-55,A:366-422	1	10	1	0	0	12	7	7	1	112
gi|116749523|ref|YP_846210.1|_143-384_1NY5:A:138-384	4	9	2	11	0	25	17	12	0	247
gi|116749523|ref|YP_846210.1|_4-187_1KRW:A:	0	5	0	5	0	10	8	4	0	124
gi|116749523|ref|YP_846210.1|_411-458_1ETO:B:	0	2	0	4	0	7	1	4	0	98
gi|116749526|ref|YP_846213.1|_4-259_2HHM:A:	1	14	1	8	0	23	13	16	0	272
gi|116749527|ref|YP_846214.1|_1-279_2HBV:A:3-333	5	12	6	13	0	33	18	26	0	331
gi|116749528|ref|YP_846215.1|_251-302_1D5Y:A:57-121	0	1	0	4	0	7	4	2	0	65
gi|116749528|ref|YP_846215.1|_198-249_1BL0:A:9-62	0	0	0	4	0	4	3	1	0	54
gi|116749529|ref|YP_846216.1|_41-292_2AF7:A:1-119	0	0	0	8	1	9	2	7	0	119
gi|116749533|ref|YP_846220.1|_4-453_1FUR:A:	4	8	3	17	1	39	15	27	0	456
gi|116749534|ref|YP_846221.1|_104-228_1NEK:B:107-238	0	0	0	8	0	16	6	9	0	132
gi|116749534|ref|YP_846221.1|_2-103_1NEK:B:1-106	3	7	0	1	0	15	7	8	0	106
gi|116749535|ref|YP_846222.1|_3-254,352-420_1NEK:A:1-235,A:356-450	7	17	3	8	0	41	22	15	1	330
gi|116749535|ref|YP_846222.1|_441-574_1NEK:A:451-588	2	4	1	3	0	16	10	4	0	138
gi|116749535|ref|YP_846222.1|_231-349_1NEK:A:236-355	2	4	1	5	0	14	7	9	0	120
gi|116749536|ref|YP_846223.1|_5-382_1IOM:A:	2	3	3	16	0	31	19	18	0	374
gi|116749537|ref|YP_846224.1|_2-416_1ACO:A:2-528	11	21	6	16	0	60	33	33	0	527
gi|116749537|ref|YP_846224.1|_440-644_1ACO:A:529-754	9	9	4	7	0	28	12	16	0	226
gi|116749538|ref|YP_846225.1|_1-90_1HUU:A:	2	3	0	3	0	8	0	3	0	90
gi|116749541|ref|YP_846228.1|_3-93_1IUJ:A:	2	4	2	3	0	9	8	5	0	102
gi|116749542|ref|YP_846229.1|_4-188_1VJ7:A:5-196	2	0	0	11	0	14	5	9	0	192
gi|116749542|ref|YP_846229.1|_180-393_1VJ7:A:197-371	1	5	2	6	0	12	4	7	0	175
gi|116749542|ref|YP_846229.1|_376-448_1NYR:A:4-62	3	3	0	2	0	11	3	5	0	59
gi|116749542|ref|YP_846229.1|_636-716_1PSD:A:327-410	0	4	0	2	0	7	4	4	0	84
gi|116749543|ref|YP_846230.1|_13-209_1TX2:A:	2	10	3	9	0	30	15	14	0	273
gi|116749543|ref|YP_846230.1|_264-329_2AKJ:A:431-556	2	7	2	2	0	17	6	8	0	126
gi|116749544|ref|YP_846231.1|_6-486_1RZU:A:	12	18	3	21	0	50	30	28	0	477
gi|116749546|ref|YP_846233.1|_41-152_1SIG:A:	0	2	4	13	0	18	9	17	0	338
gi|116749546|ref|YP_846233.1|_217-313_1TTY:A:	2	0	0	5	0	6	4	6	0	87
gi|116749547|ref|YP_846234.1|_26-373_1FG7:A:	0	13	5	12	0	36	22	23	0	354
gi|116749548|ref|YP_846235.1|_5-222_1Q3T:A:	0	8	1	8	0	21	13	9	0	223
gi|116749549|ref|YP_846236.1|_284-395_1SRO:A:	1	4	0	1	0	12	5	5	0	76
gi|116749549|ref|YP_846236.1|_219-306_3BZK:A:637-730	0	5	2	2	0	13	4	6	0	94
gi|116749549|ref|YP_846236.1|_391-480_1SRO:A:	1	4	0	1	0	12	5	5	0	76
gi|116749549|ref|YP_846236.1|_459-564_3BZK:A:637-730	0	5	2	2	0	13	4	6	0	94
gi|116749549|ref|YP_846236.1|_37-143_1SRO:A:	1	4	0	1	0	12	5	5	0	76
gi|116749549|ref|YP_846236.1|_134-213_2BA0:A:53-135	0	6	2	0	0	14	5	6	0	83
gi|116749550|ref|YP_846237.1|_15-139,168-229_1TG6:A:1-193	4	7	0	7	0	20	10	6	0	193
gi|116749551|ref|YP_846238.1|_3-201_1K7J:A:	4	10	3	6	0	29	13	10	0	206
gi|116749552|ref|YP_846239.1|_135-319_1T6C:A:133-312	0	6	1	8	0	13	10	9	0	180
gi|116749552|ref|YP_846239.1|_7-127_1T6C:A:7-132	0	5	0	5	0	9	4	7	0	126
gi|116749553|ref|YP_846240.1|_10-93,218-479_1VRD:A:1-85,A:213-457	5	15	2	11	0	35	20	14	1	330
gi|116749553|ref|YP_846240.1|_66-204_1ZFJ:A:95-220	6	5	0	4	0	15	10	9	0	126
gi|116749554|ref|YP_846241.1|_9-231_1GPM:A:3-207	1	12	1	4	0	26	19	16	0	205
gi|116749554|ref|YP_846241.1|_187-439_1GPM:A:208-404	0	5	1	8	0	15	5	8	0	197
gi|116749554|ref|YP_846241.1|_398-518_1GPM:A:405-525	2	4	2	2	0	9	6	7	0	121
gi|116749555|ref|YP_846242.1|_3-241_2O34:A:1-248	2	12	3	5	0	23	18	10	0	247
gi|116749556|ref|YP_846243.1|_1-149_3CK2:A:1-173	1	11	2	2	0	25	13	13	0	173
gi|116749557|ref|YP_846244.1|_1-151_1EMS:A:281-440	0	7	3	2	0	18	11	6	0	160
gi|116749559|ref|YP_846246.1|_3-234_1CBF:A:	4	10	4	8	0	31	17	17	0	284
gi|116749560|ref|YP_846247.1|_17-220_2BB3:A:1-195	2	10	2	7	0	21	12	13	0	195
gi|116749560|ref|YP_846247.1|_236-400_1L3I:A:	1	8	1	6	0	16	9	11	0	186
gi|116749561|ref|YP_846248.1|_207-356_1SR8:A:	5	18	4	9	0	34	15	17	0	282
gi|116749561|ref|YP_846248.1|_12-95,137-176_1SR8:A:	5	18	4	9	0	34	15	17	0	282
gi|116749562|ref|YP_846249.1|_21-291_1N2Z:A:	4	10	3	10	0	27	17	13	0	245
gi|116749563|ref|YP_846250.1|_2-228_1F3O:A:	0	10	2	7	0	22	15	14	0	232
gi|116749564|ref|YP_846251.1|_19-349_1L7V:A:	2	0	2	14	0	18	8	12	0	324
gi|116749565|ref|YP_846252.1|_1-233_1CBF:A:	4	10	4	8	0	31	17	17	0	284
gi|116749566|ref|YP_846253.1|_17-218_1V9C:A:	0	6	2	11	0	19	8	13	0	204
gi|116749569|ref|YP_846256.1|_15-70_1H2B:A:155-326	0	6	2	8	0	14	8	9	0	172
gi|116749570|ref|YP_846257.1|_35-406_2LIV:A:	4	14	6	11	0	34	17	17	0	344
gi|116749573|ref|YP_846260.1|_3-240_1G6H:A:	2	11	5	9	0	21	16	17	0	254
gi|116749574|ref|YP_846261.1|_3-235_1JI0:A:	2	10	1	10	0	19	14	15	0	240
gi|116749575|ref|YP_846262.1|_57-387_1GKR:A:55-379	4	9	7	14	0	33	16	17	0	325
gi|116749575|ref|YP_846262.1|_4-56,387-458_1K1D:A:1-52,A:385-460	3	9	0	0	0	19	9	7	1	128
gi|116749576|ref|YP_846263.1|_11-99_1NEK:B:107-238	0	0	0	8	0	16	6	9	0	132
gi|116749577|ref|YP_846264.1|_141-234_2BS2:B:107-239	0	0	1	8	0	16	4	10	0	134
gi|116749578|ref|YP_846265.1|_23-73_2TPS:A:	0	8	1	10	0	22	17	13	0	226
gi|116749579|ref|YP_846266.1|_12-435_1H6V:A:171-292	1	7	0	4	0	13	9	7	0	122
gi|116749579|ref|YP_846266.1|_603-925_1OJT:A:117-275,A:401-470	1	8	4	5	0	15	9	12	1	229
gi|116749579|ref|YP_846266.1|_762-776,912-1003_2FDN:A:	0	4	1	1	0	12	1	6	0	55
gi|116749580|ref|YP_846267.1|_158-412_1H7W:A:184-287,A:441-532	6	7	3	6	0	23	15	12	1	196
gi|116749580|ref|YP_846267.1|_20-169_1H7W:A:2-183	1	0	4	8	0	20	11	12	0	182
gi|116749581|ref|YP_846268.1|_88-250_1KRH:A:206-338	0	6	4	3	0	12	8	3	0	133
gi|116749581|ref|YP_846268.1|_2-91_1EP3:B:2-102	1	7	1	1	0	12	7	7	0	101
gi|116749582|ref|YP_846269.1|_241-713_2IV2:X:1-564	10	22	7	22	0	67	42	29	0	564
gi|116749582|ref|YP_846269.1|_1-118_1FEH:A:1-126	4	5	1	3	0	15	6	10	0	126
gi|116749582|ref|YP_846269.1|_75-206_1FEH:A:127-209	0	5	3	2	0	8	7	5	0	83
gi|116749582|ref|YP_846269.1|_769-854_1OGY:A:682-801	5	6	2	2	0	21	9	8	0	120
gi|116749586|ref|YP_846273.1|_47-471_1P49:A:	2	17	7	13	0	62	48	36	0	553
gi|116749587|ref|YP_846274.1|_13-327_1TV8:A:	4	11	4	10	0	39	20	20	0	327
gi|116749587|ref|YP_846274.1|_382-401_1SX0:A:	2	0	0	0	0	3	3	3	0	22
gi|116749588|ref|YP_846275.1|_93-403_2DG1:A:6-324	6	25	6	0	0	47	21	19	0	320
gi|116749588|ref|YP_846275.1|_683-1073_1H80:A:	9	29	2	5	0	61	31	22	0	464
gi|116749588|ref|YP_846275.1|_317-622_2DG1:A:6-324	6	25	6	0	0	47	21	19	0	320
gi|116749588|ref|YP_846275.1|_28-125_1L0Q:A:1-301	0	29	1	0	0	20	16	19	0	301
gi|116749591|ref|YP_846278.1|_13-110_2GTA:D:2-111	1	0	1	4	0	5	1	2	0	110
gi|116749593|ref|YP_846280.1|_104-305_1WP9:A:1-200	2	7	4	8	0	27	18	8	0	200
gi|116749594|ref|YP_846281.1|_569-665,698-778_2PJQ:A:1-215	0	0	2	11	0	15	11	12	0	215
gi|116749595|ref|YP_846282.1|_1-110_1OZ9:A:	0	5	0	5	0	12	8	5	0	141
gi|116749596|ref|YP_846283.1|_1-236_1HO1:A:	0	8	0	11	0	28	10	12	0	242
gi|116749597|ref|YP_846284.1|_3-125_1F7L:A:	2	5	1	4	0	11	5	6	0	118
gi|116749598|ref|YP_846285.1|_235-512_2AX3:A:212-489	0	9	3	13	0	31	16	13	0	278
gi|116749598|ref|YP_846285.1|_1-253_2AX3:A:1-211	2	8	1	8	0	23	15	9	0	211
gi|116749599|ref|YP_846286.1|_25-143_1HTW:A:	0	7	1	5	0	15	12	10	0	158
gi|116749601|ref|YP_846288.1|_146-369_1R30:A:	5	9	1	11	0	35	25	12	0	312
gi|116749603|ref|YP_846290.1|_4-243_2HMF:A:2-303	2	12	2	10	0	29	13	19	0	302
gi|116749603|ref|YP_846290.1|_332-404_2HMF:A:404-470	0	3	1	2	0	5	2	4	0	67
gi|116749603|ref|YP_846290.1|_247-325_2HMF:A:304-403	0	4	0	2	0	10	4	3	0	100
gi|116749604|ref|YP_846291.1|_1-293_1NVM:A:2-290	10	8	3	11	0	35	15	21	0	289
gi|116749604|ref|YP_846291.1|_401-516_1SR9:A:492-643	0	6	0	2	0	7	5	4	0	152
gi|116749606|ref|YP_846293.1|_161-231_2AXT:U:37-134	2	2	4	4	0	9	6	8	0	98
gi|116749607|ref|YP_846294.1|_52-249_1MC0:A:402-555	0	7	0	4	0	14	7	11	0	154
gi|116749607|ref|YP_846294.1|_243-326,456-520_1XX7:A:	2	0	3	11	0	13	6	7	0	183
gi|116749607|ref|YP_846294.1|_260-426_2PJQ:A:1-215	0	0	2	11	0	15	11	12	0	215
gi|116749608|ref|YP_846295.1|_164-275_1HJZ:A:	0	7	2	5	0	18	9	8	0	192
gi|116749610|ref|YP_846297.1|_304-468_1INL:A:	0	13	2	11	0	27	17	15	0	295
gi|116749610|ref|YP_846297.1|_660-882_1PW4:A:	2	0	1	18	0	21	18	22	0	450
gi|116749611|ref|YP_846298.1|_23-207_1JG1:A:	4	9	4	6	0	25	16	10	0	215
gi|116749613|ref|YP_846300.1|_533-709_1G3Q:A:	0	8	3	11	0	25	16	14	0	237
gi|116749614|ref|YP_846301.1|_13-276_1R6D:A:	3	12	4	12	0	35	11	18	0	322
gi|116749618|ref|YP_846305.1|_6-390_2IW1:A:2-371	0	15	4	16	0	41	26	17	0	370
gi|116749620|ref|YP_846307.1|_7-309_1R6D:A:	3	12	4	12	0	35	11	18	0	322
gi|116749621|ref|YP_846308.1|_17-188_1VE3:A:2-227	0	10	2	7	0	20	9	11	0	226
gi|116749622|ref|YP_846309.1|_1-368_1QRR:A:	4	14	5	12	0	39	22	16	0	390
gi|116749625|ref|YP_846312.1|_33-158_2EVR:A:87-234	0	6	1	4	0	16	11	7	0	148
gi|116749626|ref|YP_846313.1|_136-223_1KO7:A:130-298	1	12	2	4	0	12	7	7	0	169
gi|116749627|ref|YP_846314.1|_11-331_1TV8:A:	4	11	4	10	0	39	20	20	0	327
gi|116749628|ref|YP_846315.1|_4-199,231-329_1TV8:A:	4	11	4	10	0	39	20	20	0	327
gi|116749630|ref|YP_846317.1|_1-65_1C9O:A:	1	5	1	0	0	5	1	4	0	66
gi|116749632|ref|YP_846319.1|_2-147_2YZQ:A:123-278	7	5	5	3	0	12	9	8	0	156
gi|116749633|ref|YP_846320.1|_30-521_1UZB:A:	7	19	6	15	0	48	35	23	0	516
gi|116749634|ref|YP_846321.1|_333-384_2ASX:A:278-331	0	0	0	2	0	4	1	3	0	54
gi|116749634|ref|YP_846321.1|_433-640_1TXO:A:	3	11	3	6	0	26	12	11	0	235
gi|116749635|ref|YP_846322.1|_34-277_1ZBM:A:2-261	0	11	5	11	0	24	18	13	0	260
gi|116749637|ref|YP_846324.1|_1-124_1MB3:A:	2	5	0	5	0	13	10	3	0	123
gi|116749638|ref|YP_846325.1|_375-542_2C2A:A:321-481	0	7	2	3	0	13	4	10	0	161
gi|116749638|ref|YP_846325.1|_583-703_1W25:A:2-140	0	5	0	5	0	11	10	6	0	139
gi|116749638|ref|YP_846325.1|_706-813_1W25:A:2-140	0	5	0	5	0	11	10	6	0	139
gi|116749638|ref|YP_846325.1|_303-387_2C2A:A:232-320	0	0	1	3	0	3	0	4	0	89
gi|116749638|ref|YP_846325.1|_138-308_1MC0:A:215-401	0	6	1	5	0	13	10	4	0	187
gi|116749638|ref|YP_846325.1|_59-108_2ASX:A:278-331	0	0	0	2	0	4	1	3	0	54
gi|116749639|ref|YP_846326.1|_584-833_2BAS:A:2-262	2	9	2	10	0	20	10	14	0	261
gi|116749639|ref|YP_846326.1|_413-570_1W25:A:294-455	1	7	1	5	0	15	9	9	0	161
gi|116749639|ref|YP_846326.1|_17-177_1W25:A:2-140	0	5	0	5	0	11	10	6	0	139
gi|116749639|ref|YP_846326.1|_288-395_1EW0:A:	2	5	2	5	0	11	8	8	0	130
gi|116749639|ref|YP_846326.1|_149-273_1V9Y:A:	2	5	3	3	0	10	6	6	0	113
gi|116749640|ref|YP_846327.1|_272-488_1OLT:A:	1	19	6	15	0	46	26	24	0	441
gi|116749642|ref|YP_846329.1|_24-247_1TWY:A:	4	13	2	8	0	31	13	17	0	249
gi|116749643|ref|YP_846330.1|_12-212_1UDX:A:157-336	0	7	2	6	0	22	13	8	0	180
gi|116749644|ref|YP_846331.1|_273-515_1NY5:A:138-384	4	9	2	11	0	25	17	12	0	247
gi|116749644|ref|YP_846331.1|_121-238_1OTD:A:	2	5	1	3	1	14	6	5	0	105
gi|116749644|ref|YP_846331.1|_9-115_1EW0:A:	2	5	2	5	0	11	8	8	0	130
gi|116749644|ref|YP_846331.1|_532-583_1ETO:B:	0	2	0	4	0	7	1	4	0	98
gi|116749645|ref|YP_846332.1|_18-244_1G29:1:1-240	1	11	4	8	0	20	15	14	0	240
gi|116749646|ref|YP_846333.1|_120-292_3DHW:A:6-208	0	0	1	9	0	11	7	9	0	203
gi|116749647|ref|YP_846334.1|_10-243_1G29:1:1-240	1	11	4	8	0	20	15	14	0	240
gi|116749648|ref|YP_846335.1|_87-269_2R6G:G:7-296	4	0	2	14	0	20	19	13	0	290
gi|116749649|ref|YP_846336.1|_79-321_1WDN:A:	2	11	1	8	0	14	14	12	0	223
gi|116749650|ref|YP_846337.1|_9-159_1CFZ:A:	2	7	3	6	0	17	10	8	0	162
gi|116749651|ref|YP_846338.1|_3-457_1CC1:L:	13	16	7	15	0	45	25	24	0	487
gi|116749652|ref|YP_846339.1|_6-259_1E3D:A:	13	9	7	13	0	33	15	23	0	262
gi|116749653|ref|YP_846340.1|_12-70_1JNR:B:	1	7	2	3	0	25	9	11	0	149
gi|116749654|ref|YP_846341.1|_4-264,361-416_1D4C:A:103-359,A:506-570	4	15	3	10	0	39	17	21	1	322
gi|116749654|ref|YP_846341.1|_433-557_1JNR:A:503-643	3	4	1	3	0	14	6	9	0	141
gi|116749656|ref|YP_846343.1|_276-651_2OLU:A:293-692	5	20	4	14	0	42	26	30	0	400
gi|116749656|ref|YP_846343.1|_59-274_2OLU:A:68-292	2	4	5	9	0	24	10	11	0	225
gi|116749657|ref|YP_846344.1|_1429-1705_1HZF:A:	4	2	3	12	0	25	15	18	0	326
gi|116749660|ref|YP_846347.1|_8-116,144-277_1VKC:A:	0	5	3	4	0	13	5	7	0	149
gi|116749662|ref|YP_846349.1|_26-449_1WP1:A:	7	6	2	10	0	34	19	14	0	456
gi|116749663|ref|YP_846350.1|_10-239_1F3O:A:	0	10	2	7	0	22	15	14	0	232
gi|116749665|ref|YP_846352.1|_12-396_1FC4:A:	4	15	0	16	0	43	22	25	0	400
gi|116749669|ref|YP_846356.1|_45-392_1PSW:A:	0	12	6	13	0	35	21	21	0	348
gi|116749673|ref|YP_846360.1|_5-228_1QG8:A:	2	9	4	8	0	22	13	12	0	255
gi|116749674|ref|YP_846361.1|_63-323_1AIH:A:	2	3	1	9	0	13	9	12	0	170
gi|116749676|ref|YP_846363.1|_846-1075_1IWG:A:513-566,A:869-1036	2	0	1	11	0	13	7	10	1	222
gi|116749676|ref|YP_846363.1|_293-499_1IWG:A:7-37,A:331-498	0	0	1	8	0	9	7	9	1	199
gi|116749676|ref|YP_846363.1|_136-183,270-327_1IWG:A:135-181,A:274-330	0	5	1	4	0	11	6	9	1	104
gi|116749676|ref|YP_846363.1|_184-268_1IWG:A:182-273	0	6	0	4	0	8	4	5	0	92
gi|116749676|ref|YP_846363.1|_48-125_1IWG:A:38-134	0	4	2	4	0	11	6	7	0	97
gi|116749676|ref|YP_846363.1|_760-845_1IWG:A:725-812	0	6	3	2	0	8	2	6	0	88
gi|116749677|ref|YP_846364.1|_397-470_1T0Q:A:	4	2	10	25	1	38	18	28	0	491
gi|116749677|ref|YP_846364.1|_679-733_1T0Q:A:	4	2	10	25	1	38	18	28	0	491
gi|116749677|ref|YP_846364.1|_223-341_1VF7:A:	2	20	0	3	0	31	18	9	0	237
gi|116749678|ref|YP_846365.1|_408-535_1GSK:A:183-356	1	13	2	0	0	24	16	8	0	174
gi|116749678|ref|YP_846365.1|_639-708,784-856_1GSK:A:357-510	8	9	2	2	0	22	9	6	0	154
gi|116749678|ref|YP_846365.1|_176-197,286-371_1GSK:A:2-182	7	9	3	1	0	27	16	9	0	181
gi|116749680|ref|YP_846367.1|_38-195_2J13:A:1-235	2	11	2	8	0	24	9	9	0	235
gi|116749681|ref|YP_846368.1|_31-211_1E3J:A:4-142,A:313-351	5	12	4	3	0	23	8	10	1	178
gi|116749681|ref|YP_846368.1|_177-362_1VJ0:A:156-337	2	7	1	9	0	17	10	10	0	182
gi|116749682|ref|YP_846369.1|_53-399_1TV8:A:	4	11	4	10	0	39	20	20	0	327
gi|116749683|ref|YP_846370.1|_27-373_2F9F:A:2-167	2	6	1	7	0	19	11	10	0	166
gi|116749684|ref|YP_846371.1|_11-320_2ACV:A:3-463	2	15	6	19	0	45	24	28	0	461
gi|116749685|ref|YP_846372.1|_42-279_1QG8:A:	2	9	4	8	0	22	13	12	0	255
gi|116749688|ref|YP_846375.1|_102-349_1E32:A:201-458	3	5	4	12	0	28	13	14	0	258
gi|116749691|ref|YP_846378.1|_18-402_2BIS:A:1-437	4	17	6	16	0	48	27	24	0	437
gi|116749692|ref|YP_846379.1|_1-290_1VL0:A:	5	12	1	11	0	29	19	11	0	291
gi|116749693|ref|YP_846380.1|_18-303_1H5R:A:	0	13	5	11	0	29	20	21	0	290
gi|116749694|ref|YP_846381.1|_1-336_1G1A:A:	3	13	4	12	0	40	20	14	0	352
gi|116749695|ref|YP_846382.1|_2-179_1RTV:A:	6	13	1	2	0	22	10	11	0	183
gi|116749701|ref|YP_846388.1|_153-309_1MJH:A:	0	5	1	4	0	16	7	5	0	160
gi|116749701|ref|YP_846388.1|_6-142_1WJG:A:	0	5	1	4	0	15	7	4	0	135
gi|116749702|ref|YP_846389.1|_409-537_1LSS:A:	0	6	0	6	0	14	9	7	0	132
gi|116749709|ref|YP_846396.1|_162-496_1GCI:A:	9	9	0	9	0	38	20	19	0	269
gi|116749710|ref|YP_846397.1|_1-126,163-289_1ULQ:A:3-275	4	10	3	8	0	29	17	14	0	273
gi|116749710|ref|YP_846397.1|_295-420_1ULQ:A:276-400	2	4	2	4	0	11	5	8	0	125
gi|116749711|ref|YP_846398.1|_2-231_1JI0:A:	2	10	1	10	0	19	14	15	0	240
gi|116749712|ref|YP_846399.1|_3-237_1G6H:A:	2	11	5	9	0	21	16	17	0	254
gi|116749715|ref|YP_846402.1|_51-410_2LIV:A:	4	14	6	11	0	34	17	17	0	344
gi|116749716|ref|YP_846403.1|_2-77_1RWS:A:	2	2	0	1	0	11	7	3	0	68
gi|116749717|ref|YP_846404.1|_211-608_1AOR:A:211-605	3	5	8	21	0	37	16	31	0	395
gi|116749717|ref|YP_846404.1|_1-209_1AOR:A:1-210	1	12	0	6	0	23	14	16	0	210
gi|116749718|ref|YP_846405.1|_15-438_1VEF:A:9-395	3	17	2	15	0	38	24	27	0	387
gi|116749719|ref|YP_846406.1|_396-637_1NY5:A:138-384	4	9	2	11	0	25	17	12	0	247
gi|116749720|ref|YP_846407.1|_5-216_1K6D:A:	5	12	3	7	0	26	9	15	0	219
gi|116749721|ref|YP_846408.1|_11-225_1M3E:A:260-481	5	15	3	5	0	31	18	16	0	222
gi|116749722|ref|YP_846409.1|_144-385_1NY5:A:138-384	4	9	2	11	0	25	17	12	0	247
gi|116749722|ref|YP_846409.1|_3-187_1NY5:A:1-137	2	5	0	5	0	10	7	5	0	137
gi|116749722|ref|YP_846409.1|_357-449_1ETO:B:	0	2	0	4	0	7	1	4	0	98
gi|116749724|ref|YP_846411.1|_307-479_2C2A:A:321-481	0	7	2	3	0	13	4	10	0	161
gi|116749724|ref|YP_846411.1|_232-315_2C2A:A:232-320	0	0	1	3	0	3	0	4	0	89
gi|116749724|ref|YP_846411.1|_196-245_2ASX:A:278-331	0	0	0	2	0	4	1	3	0	54
gi|116749727|ref|YP_846414.1|_8-212_1QG8:A:	2	9	4	8	0	22	13	12	0	255
gi|116749728|ref|YP_846415.1|_451-558_1W3B:A:	0	0	0	23	0	35	6	26	0	388
gi|116749729|ref|YP_846416.1|_68-302_1RWI:A:	0	24	4	0	0	44	15	15	0	269
gi|116749729|ref|YP_846416.1|_226-455_1JOF:A:	3	28	1	0	0	39	21	26	0	365
gi|116749731|ref|YP_846418.1|_2-64_1OTF:A:	0	4	2	1	0	6	1	3	0	59
gi|116749732|ref|YP_846419.1|_231-598_1PJR:A:319-651	4	8	6	12	0	21	12	17	0	333
gi|116749733|ref|YP_846420.1|_7-143_1W25:A:2-140	0	5	0	5	0	11	10	6	0	139
gi|116749734|ref|YP_846421.1|_441-613_2C2A:A:321-481	0	7	2	3	0	13	4	10	0	161
gi|116749734|ref|YP_846421.1|_638-760_1A04:A:5-142	0	5	0	6	0	12	9	7	0	138
gi|116749734|ref|YP_846421.1|_375-454_2C2A:A:232-320	0	0	1	3	0	3	0	4	0	89
gi|116749734|ref|YP_846421.1|_238-366_1EW0:A:	2	5	2	5	0	11	8	8	0	130
gi|116749734|ref|YP_846421.1|_192-241_2ASX:A:278-331	0	0	0	2	0	4	1	3	0	54
gi|116749735|ref|YP_846422.1|_34-375_1USG:A:	4	14	6	11	0	33	12	17	0	346
gi|116749736|ref|YP_846423.1|_26-369_1USG:A:	4	14	6	11	0	33	12	17	0	346
gi|116749737|ref|YP_846424.1|_189-312_1BYW:A:	2	5	1	3	0	13	3	8	0	110
gi|116749737|ref|YP_846424.1|_49-177_1N9L:A:	0	5	1	3	0	14	5	7	0	109
gi|116749737|ref|YP_846424.1|_394-541_1BXD:A:	0	7	1	3	0	17	11	6	0	161
gi|116749737|ref|YP_846424.1|_327-390_2C2A:A:232-320	0	0	1	3	0	3	0	4	0	89
gi|116749738|ref|YP_846425.1|_42-140_1S7B:A:	0	0	0	4	0	10	7	3	0	109
gi|116749738|ref|YP_846425.1|_182-283_1S7B:A:	0	0	0	4	0	10	7	3	0	109
gi|116749739|ref|YP_846426.1|_80-146_2EXD:A:72-143	0	5	0	0	0	10	2	5	0	72
gi|116749740|ref|YP_846427.1|_78-207_1WIN:A:	0	6	0	5	0	15	6	3	0	142
gi|116749741|ref|YP_846428.1|_10-96_1J26:A:	1	3	1	2	0	13	10	3	0	111
gi|116749742|ref|YP_846429.1|_5-299_1J31:A:	1	16	2	7	0	32	15	15	0	262
gi|116749743|ref|YP_846430.1|_4-233_1JI0:A:	2	10	1	10	0	19	14	15	0	240
gi|116749744|ref|YP_846431.1|_5-244_1JI0:A:	2	10	1	10	0	19	14	15	0	240
gi|116749745|ref|YP_846432.1|_49-415_1QO0:A:	5	15	2	12	0	40	23	19	0	373
gi|116749746|ref|YP_846433.1|_77-211_2HS5:A:94-231	0	0	1	6	0	7	0	5	0	138
gi|116749746|ref|YP_846433.1|_7-74_1HW1:A:5-78	1	2	0	4	0	6	4	5	0	74
gi|116749748|ref|YP_846435.1|_8-321_1TV8:A:	4	11	4	10	0	39	20	20	0	327
gi|116749749|ref|YP_846436.1|_1-195_1QRD:A:	10	6	6	7	1	34	19	18	0	273
gi|116749750|ref|YP_846437.1|_20-167_1TLQ:A:	0	0	0	11	0	12	5	14	0	161
gi|116749753|ref|YP_846440.1|_136-354_1OLT:A:	1	19	6	15	0	46	26	24	0	441
gi|116749755|ref|YP_846442.1|_169-403_1LV7:A:	2	6	3	10	0	31	17	18	0	256
gi|116749757|ref|YP_846444.1|_87-313_1DV1:A:115-330	3	7	1	6	0	20	10	7	0	216
gi|116749758|ref|YP_846445.1|_9-257_1JJF:A:	2	8	1	8	0	27	12	20	0	255
gi|116749760|ref|YP_846447.1|_4-259_1AKO:A:	6	12	3	10	0	27	14	16	0	268
gi|116749761|ref|YP_846448.1|_2-79_1FF3:A:	2	8	3	5	0	24	18	10	0	211
gi|116749763|ref|YP_846450.1|_94-142_2ASX:A:278-331	0	0	0	2	0	4	1	3	0	54
gi|116749765|ref|YP_846452.1|_359-534_2ISB:A:2-179	5	9	3	4	0	22	9	9	0	180
gi|116749766|ref|YP_846453.1|_2-224_2I3D:A:2-219	0	8	1	5	0	25	11	20	0	218
gi|116749767|ref|YP_846454.1|_27-200_1X6V:A:34-228	0	5	0	6	0	15	9	6	0	195
gi|116749769|ref|YP_846456.1|_8-165_1PSQ:A:	7	7	1	4	0	22	12	13	0	163
gi|116749770|ref|YP_846457.1|_6-123_1YLN:A:138-248	2	8	0	1	0	13	8	4	0	111
gi|116749773|ref|YP_846460.1|_60-115,211-297_1F3L:A:	8	15	5	7	0	34	16	23	0	321
gi|116749774|ref|YP_846461.1|_184-376_1KID:A:	4	9	4	5	0	22	10	5	0	193
gi|116749774|ref|YP_846461.1|_7-134,406-520_1WE3:A:3-138,A:409-527	1	8	1	10	0	18	7	11	1	255
gi|116749774|ref|YP_846461.1|_137-205_1IOK:A:137-190,A:367-409	0	3	0	4	0	8	5	4	1	97
gi|116749775|ref|YP_846462.1|_1-95_1WE3:O:	0	9	0	0	0	19	8	7	0	96
gi|116749777|ref|YP_846464.1|_31-397_2F9F:A:2-167	2	6	1	7	0	19	11	10	0	166
gi|116749778|ref|YP_846465.1|_88-515_1EH9:A:91-490	2	10	6	13	0	47	36	20	0	400
gi|116749778|ref|YP_846465.1|_3-92_1EH9:A:1-90	2	8	0	0	0	21	10	5	0	90
gi|116749779|ref|YP_846466.1|_4-327_1K1X:A:1-310	5	9	5	14	0	33	8	22	0	310
gi|116749780|ref|YP_846467.1|_4-170,265-497,532-849_1IV8:A:1-653	6	18	11	27	0	61	39	37	0	653
gi|116749781|ref|YP_846468.1|_21-468_1KPK:A:	2	0	3	19	0	27	19	21	0	450
gi|116749781|ref|YP_846468.1|_475-603_2YVX:A:132-275	10	5	1	4	0	20	17	6	0	144
gi|116749782|ref|YP_846469.1|_27-128_1UWY:A:297-403	2	7	0	0	0	19	10	4	0	107
gi|116749784|ref|YP_846471.1|_22-126,179-304_1OLP:A:1-249	4	0	5	11	0	22	12	13	0	249
gi|116749787|ref|YP_846474.1|_80-235_1OLP:A:1-249	4	0	5	11	0	22	12	13	0	249
gi|116749789|ref|YP_846476.1|_26-130,183-302_1OLP:A:1-249	4	0	5	11	0	22	12	13	0	249
gi|116749790|ref|YP_846477.1|_25-83_1UWY:A:297-403	2	7	0	0	0	19	10	4	0	107
gi|116749793|ref|YP_846480.1|_1-68_1HDJ:A:	0	0	1	4	0	9	2	7	0	76
gi|116749794|ref|YP_846481.1|_21-130_1GME:A:	1	8	5	2	0	17	6	7	0	150
gi|116749795|ref|YP_846482.1|_13-148_1GME:A:	1	8	5	2	0	17	6	7	0	150
gi|116749796|ref|YP_846483.1|_23-197_1A0P:A:111-292	4	3	3	8	0	17	7	7	0	182
gi|116749798|ref|YP_846485.1|_46-100_1UMU:A:	0	7	2	1	0	15	7	8	0	105
gi|116749800|ref|YP_846487.1|_914-1266_1CVR:A:1-350	7	14	4	9	0	39	25	18	0	350
gi|116749801|ref|YP_846488.1|_24-326_1TV8:A:	4	11	4	10	0	39	20	20	0	327
gi|116749802|ref|YP_846489.1|_134-281_1JB1:A:	2	11	2	4	0	17	8	8	0	173
gi|116749804|ref|YP_846491.1|_28-218,330-406_1CG2:A:26-213,A:327-414	3	15	3	8	0	27	16	13	1	276
gi|116749804|ref|YP_846491.1|_210-321_1CG2:A:214-326	3	6	2	2	0	12	8	5	0	113
gi|116749805|ref|YP_846492.1|_20-566_1X87:A:	3	14	3	18	0	47	22	31	0	545
gi|116749806|ref|YP_846493.1|_75-374_2BB0:A:74-373	5	9	2	15	0	29	13	18	0	300
gi|116749806|ref|YP_846493.1|_3-76,373-409_2PUZ:A:17-79,A:381-420	2	8	1	1	0	13	7	8	1	103
gi|116749807|ref|YP_846494.1|_3-498_1B8F:A:	2	9	7	20	0	42	21	27	0	509
gi|116749808|ref|YP_846495.1|_1194-1367_2C2A:A:321-481	0	7	2	3	0	13	4	10	0	161
gi|116749808|ref|YP_846495.1|_1387-1505_1MB3:A:	2	5	0	5	0	13	10	3	0	123
gi|116749808|ref|YP_846495.1|_993-1122_1EW0:A:	2	5	2	5	0	11	8	8	0	130
gi|116749808|ref|YP_846495.1|_852-989_1EW0:A:	2	5	2	5	0	11	8	8	0	130
gi|116749808|ref|YP_846495.1|_589-713_1EW0:A:	2	5	2	5	0	11	8	8	0	130
gi|116749808|ref|YP_846495.1|_445-584_1EW0:A:	2	5	2	5	0	11	8	8	0	130
gi|116749808|ref|YP_846495.1|_712-854_1EW0:A:	2	5	2	5	0	11	8	8	0	130
gi|116749808|ref|YP_846495.1|_319-447_1DP6:A:	3	5	1	4	0	10	6	6	0	116
gi|116749808|ref|YP_846495.1|_1134-1201_2C2A:A:232-320	0	0	1	3	0	3	0	4	0	89
gi|116749811|ref|YP_846498.1|_495-683_1WC3:A:	0	8	1	5	0	12	9	9	0	218
gi|116749813|ref|YP_846500.1|_18-409_1PV7:A:	0	0	2	22	0	18	12	14	0	417
gi|116749816|ref|YP_846503.1|_15-203,256-427,483-507_1PV7:A:	0	0	2	22	0	18	12	14	0	417
gi|116749817|ref|YP_846504.1|_390-516_2C2A:A:321-481	0	7	2	3	0	13	4	10	0	161
gi|116749817|ref|YP_846504.1|_143-279_1EW0:A:	2	5	2	5	0	11	8	8	0	130
gi|116749817|ref|YP_846504.1|_25-140_1MZU:A:	2	5	2	3	1	12	6	6	0	110
gi|116749819|ref|YP_846506.1|_182-329_1VF7:A:	2	20	0	3	0	31	18	9	0	237
gi|116749819|ref|YP_846506.1|_45-104_1VF7:A:	2	20	0	3	0	31	18	9	0	237
gi|116749820|ref|YP_846507.1|_350-571_1VPL:A:	2	10	2	9	0	18	9	15	0	238
gi|116749820|ref|YP_846507.1|_18-243_1VPL:A:	2	10	2	9	0	18	9	15	0	238
gi|116749823|ref|YP_846510.1|_19-195_1OLT:A:	1	19	6	15	0	46	26	24	0	441
gi|116749825|ref|YP_846512.1|_306-420_2YVX:A:132-275	10	5	1	4	0	20	17	6	0	144
gi|116749825|ref|YP_846512.1|_177-297_2YVX:A:7-131	0	0	1	9	0	11	12	11	0	125
gi|116749827|ref|YP_846514.1|_46-490_1OAH:A:	8	8	14	14	0	50	27	39	0	482
gi|116749828|ref|YP_846515.1|_6-144_1QO8:A:2-102	0	0	3	3	0	15	10	7	0	101
gi|116749829|ref|YP_846516.1|_4-205_2QFI:A:5-208	2	0	7	7	0	14	20	21	0	204
gi|116749829|ref|YP_846516.1|_210-287_3BYP:A:6-87	1	3	0	2	0	5	2	4	0	82
gi|116749830|ref|YP_846517.1|_679-851_2C2A:A:321-481	0	7	2	3	0	13	4	10	0	161
gi|116749830|ref|YP_846517.1|_500-606_1N9L:A:	0	5	1	3	0	14	5	7	0	109
gi|116749830|ref|YP_846517.1|_871-990_1U0S:Y:	0	5	1	5	0	15	5	4	0	118
gi|116749830|ref|YP_846517.1|_360-484_1EW0:A:	2	5	2	5	0	11	8	8	0	130
gi|116749830|ref|YP_846517.1|_614-687_1JOY:A:	0	0	0	3	0	3	2	3	0	67
gi|116749831|ref|YP_846518.1|_62-356_2QS8:A:64-373	6	9	2	11	0	35	15	24	0	310
gi|116749831|ref|YP_846518.1|_7-82_1M7J:A:7-61	2	7	0	0	0	9	5	3	0	55
gi|116749833|ref|YP_846520.1|_27-423_1V8Z:A:1-386	8	14	4	15	0	30	22	23	0	386
gi|116749835|ref|YP_846522.1|_1-145_2QPV:A:1-133	1	7	2	2	0	15	4	6	0	133
gi|116749836|ref|YP_846523.1|_24-209_2HVA:A:1-190	2	9	0	3	0	25	18	6	0	190
gi|116749837|ref|YP_846524.1|_4-301_1HDO:A:	0	10	3	5	0	24	20	11	0	205
gi|116749838|ref|YP_846525.1|_1-364_1LPF:A:1-158,A:278-348	8	9	3	5	0	22	9	13	1	229
gi|116749839|ref|YP_846526.1|_88-326_1EQJ:A:77-310	2	8	2	8	0	31	15	12	0	234
gi|116749839|ref|YP_846526.1|_13-88,331-543_1EQJ:A:3-76,A:311-510	6	8	4	9	0	34	20	17	1	274
gi|116749840|ref|YP_846527.1|_37-243_1KY9:A:11-259	1	12	2	3	0	19	15	10	0	249
gi|116749840|ref|YP_846527.1|_206-342_1Y8T:A:227-314	0	8	0	1	0	13	6	6	0	88
gi|116749841|ref|YP_846528.1|_39-238_1KY9:A:11-259	1	12	2	3	0	19	15	10	0	249
gi|116749844|ref|YP_846531.1|_6-244_1V43:A:7-245	1	10	2	8	0	20	13	15	0	239
gi|116749846|ref|YP_846533.1|_31-201_2IQI:A:32-209	1	9	0	2	0	15	9	8	0	178
gi|116749850|ref|YP_846537.1|_2-126_2BGW:A:16-148	0	6	1	5	0	8	10	4	0	133
gi|116751413|ref|YP_848100.1|_2-126_2BGW:A:16-148	0	6	1	5	0	8	10	4	0	133
gi|116749855|ref|YP_846542.1|_116-392_1AIH:A:	2	3	1	9	0	13	9	12	0	170
gi|116749858|ref|YP_846545.1|_4-318_1TV8:A:	4	11	4	10	0	39	20	20	0	327
gi|116749861|ref|YP_846548.1|_412-550_2FY8:A:116-244	0	6	2	6	0	14	10	7	0	130
gi|116749863|ref|YP_846550.1|_11-436_1EK9:A:	0	7	2	9	0	18	12	9	0	428
gi|116749864|ref|YP_846551.1|_206-417_1VF7:A:	2	20	0	3	0	31	18	9	0	237
gi|116749865|ref|YP_846552.1|_846-1078_1IWG:A:513-566,A:869-1036	2	0	1	11	0	13	7	10	1	222
gi|116749865|ref|YP_846552.1|_294-500_1IWG:A:7-37,A:331-498	0	0	1	8	0	9	7	9	1	199
gi|116749865|ref|YP_846552.1|_136-183,271-328_1IWG:A:135-181,A:274-330	0	5	1	4	0	11	6	9	1	104
gi|116749865|ref|YP_846552.1|_765-848_1IWG:A:725-812	0	6	3	2	0	8	2	6	0	88
gi|116749865|ref|YP_846552.1|_48-126_1IWG:A:38-134	0	4	2	4	0	11	6	7	0	97
gi|116749865|ref|YP_846552.1|_184-269_1IWG:A:182-273	0	6	0	4	0	8	4	5	0	92
gi|116749866|ref|YP_846553.1|_2-461_1J3U:A:	3	8	7	15	1	40	20	27	0	462
gi|116749867|ref|YP_846554.1|_55-132_2ETN:A:78-156	1	5	1	1	0	11	5	5	0	79
gi|116749870|ref|YP_846557.1|_141-385_1NY5:A:138-384	4	9	2	11	0	25	17	12	0	247
gi|116749870|ref|YP_846557.1|_6-185_1NY5:A:1-137	2	5	0	5	0	10	7	5	0	137
gi|116749870|ref|YP_846557.1|_395-440_1ETO:B:	0	2	0	4	0	7	1	4	0	98
gi|116749871|ref|YP_846558.1|_407-563_1R62:A:	0	7	1	3	0	11	0	7	0	156
gi|116749871|ref|YP_846558.1|_343-411_2C2A:A:232-320	0	0	1	3	0	3	0	4	0	89
gi|116749873|ref|YP_846560.1|_344-493_2PQ7:A:1-217	0	0	2	10	0	9	5	7	0	217
gi|116749874|ref|YP_846561.1|_1-280_1J5W:A:	2	10	4	8	0	20	11	13	0	281
gi|116749875|ref|YP_846562.1|_61-311_1W3B:A:	0	0	0	23	0	35	6	26	0	388
gi|116749877|ref|YP_846564.1|_7-235_3DHW:C:1-240	3	10	1	7	0	21	17	12	0	240
gi|116749879|ref|YP_846566.1|_2-92_1VC1:A:	2	5	1	3	0	8	6	6	0	110
gi|116749880|ref|YP_846567.1|_34-134_1L0O:A:	1	6	3	4	0	15	8	5	0	141
gi|116749881|ref|YP_846568.1|_23-199_1MC0:A:402-555	0	7	0	4	0	14	7	11	0	154
gi|116749881|ref|YP_846568.1|_226-435_1TXO:A:	3	11	3	6	0	26	12	11	0	235
gi|116749882|ref|YP_846569.1|_83-311_1VF7:A:	2	20	0	3	0	31	18	9	0	237
gi|116749884|ref|YP_846571.1|_79-407_1TV8:A:	4	11	4	10	0	39	20	20	0	327
gi|116749886|ref|YP_846573.1|_216-512_1TV8:A:	4	11	4	10	0	39	20	20	0	327
gi|116749888|ref|YP_846575.1|_121-325_1VMA:A:82-294	0	8	4	7	0	22	9	10	0	213
gi|116749888|ref|YP_846575.1|_27-106_1VMA:A:1-81	0	0	0	5	0	6	2	5	0	81
gi|116749889|ref|YP_846576.1|_27-354_1RV8:A:	3	8	0	11	0	31	14	11	0	305
gi|116749890|ref|YP_846577.1|_6-130_1ECS:A:	1	8	1	2	0	14	6	6	0	120
gi|116749891|ref|YP_846578.1|_1-168_1E3J:A:4-142,A:313-351	5	12	4	3	0	23	8	10	1	178
gi|116749891|ref|YP_846578.1|_138-302_1RJW:A:138-305	0	7	1	8	0	16	10	9	0	168
gi|116749892|ref|YP_846579.1|_35-275_1OJX:A:	0	10	2	11	0	27	16	15	0	251
gi|116749893|ref|YP_846580.1|_3-208_1E4C:P:	3	7	3	6	0	24	7	14	0	206
gi|116749894|ref|YP_846581.1|_133-291_2CSU:A:130-290	0	9	1	5	0	16	11	6	0	161
gi|116749894|ref|YP_846581.1|_8-134_2CSU:A:1-129	1	7	0	3	0	18	15	9	0	129
gi|116749894|ref|YP_846581.1|_460-666_2SCU:B:1-238	1	12	3	7	0	24	11	11	0	238
gi|116749894|ref|YP_846581.1|_295-434_2CSU:A:291-453	0	7	0	6	0	15	9	8	0	163
gi|116749895|ref|YP_846582.1|_2-127_2Q78:A:1-130	3	5	3	2	0	11	4	5	0	130
gi|116749896|ref|YP_846583.1|_2-122_1NNQ:A:2-134	0	0	0	5	0	5	1	5	0	133
gi|116749896|ref|YP_846583.1|_131-162_1NNQ:A:135-171	2	3	1	0	0	8	4	2	0	37
gi|116749898|ref|YP_846585.1|_1-145_1JKE:A:	4	8	1	2	0	17	6	6	0	145
gi|116749899|ref|YP_846586.1|_214-421_1OLT:A:	1	19	6	15	0	46	26	24	0	441
gi|116749899|ref|YP_846586.1|_124-183_1FMF:A:	0	5	0	6	0	15	8	8	0	137
gi|116749901|ref|YP_846588.1|_118-245_1O4V:A:	0	5	1	6	0	16	3	8	0	169
gi|116749902|ref|YP_846589.1|_52-291_2F9F:A:2-167	2	6	1	7	0	19	11	10	0	166
gi|116749903|ref|YP_846590.1|_99-464_1B8A:A:104-438	6	13	4	11	0	30	23	16	0	335
gi|116749903|ref|YP_846590.1|_14-105_1B8A:A:1-103	1	5	3	1	0	10	5	7	0	103
gi|116749906|ref|YP_846593.1|_226-370_1W25:A:294-455	1	7	1	5	0	15	9	9	0	161
gi|116749906|ref|YP_846593.1|_53-218_2K2N:A:31-200	1	5	1	4	0	22	14	6	0	170
gi|116749907|ref|YP_846594.1|_4-129_1RCU:A:	2	7	2	6	0	17	11	12	0	170
gi|116749908|ref|YP_846595.1|_1-178_1JG1:A:	4	9	4	6	0	25	16	10	0	215
gi|116749911|ref|YP_846598.1|_308-771_1W9H:A:93-408	2	7	1	5	0	18	10	4	0	160
gi|116749915|ref|YP_846602.1|_248-375_1JCN:A:112-231	1	4	0	1	0	11	7	5	0	120
gi|116749918|ref|YP_846605.1|_25-93_2H3J:A:1-75	0	5	0	2	0	10	3	6	0	75
gi|116749919|ref|YP_846606.1|_8-76_2GCX:A:1-75	0	5	0	1	0	7	5	4	0	75
gi|116749920|ref|YP_846607.1|_11-176_1UDX:A:157-336	0	7	2	6	0	22	13	8	0	180
gi|116749921|ref|YP_846608.1|_15-358_1DQS:A:	3	13	4	15	0	30	16	22	0	388
gi|116749922|ref|YP_846609.1|_214-361_1R62:A:	0	7	1	3	0	11	0	7	0	156
gi|116749922|ref|YP_846609.1|_26-139_1EW0:A:	2	5	2	5	0	11	8	8	0	130
gi|116749922|ref|YP_846609.1|_139-213_2C2A:A:232-320	0	0	1	3	0	3	0	4	0	89
gi|116749923|ref|YP_846610.1|_57-189,223-256_1IWL:A:	0	12	3	3	0	15	10	7	0	182
gi|116749926|ref|YP_846613.1|_91-356_1A0P:A:111-292	4	3	3	8	0	17	7	7	0	182
gi|116749931|ref|YP_846618.1|_1-123_1J23:A:	0	6	1	5	0	12	9	5	0	131
gi|116749933|ref|YP_846620.1|_4-230_1F3O:A:	0	10	2	7	0	22	15	14	0	232
gi|116749935|ref|YP_846622.1|_85-153_1RM6:C:82-157	1	0	0	4	0	8	5	3	0	76
gi|116749935|ref|YP_846622.1|_3-78_1T3Q:A:7-87	2	5	3	1	0	9	5	8	0	81
gi|116749936|ref|YP_846623.1|_152-778_1RM6:A:134-769	6	25	6	16	0	65	39	35	0	636
gi|116749936|ref|YP_846623.1|_26-179_1RM6:A:9-133	3	6	2	3	0	17	9	7	0	125
gi|116749937|ref|YP_846624.1|_2-217_1RM6:B:1-216	8	8	1	9	0	28	16	18	0	216
gi|116749937|ref|YP_846624.1|_222-320_1FFV:C:178-287	4	4	0	3	0	9	5	7	0	110
gi|116749938|ref|YP_846625.1|_5-175_2FEX:A:1-188	4	9	3	7	0	23	11	14	0	188
gi|116749940|ref|YP_846627.1|_44-294_1I9G:A:	2	15	2	7	0	32	15	16	0	264
gi|116749941|ref|YP_846628.1|_56-286_2DRI:A:	0	12	0	9	0	27	10	13	0	271
gi|116749942|ref|YP_846629.1|_16-240_3DHW:C:1-240	3	10	1	7	0	21	17	12	0	240
gi|116749942|ref|YP_846629.1|_282-514_1V43:A:7-245	1	10	2	8	0	20	13	15	0	239
gi|116749946|ref|YP_846633.1|_74-321_1VF7:A:	2	20	0	3	0	31	18	9	0	237
gi|116749947|ref|YP_846634.1|_12-232_1F3O:A:	0	10	2	7	0	22	15	14	0	232
gi|116749949|ref|YP_846636.1|_12-330_1TR9:A:	4	10	5	10	1	41	27	19	0	340
gi|116749950|ref|YP_846637.1|_69-294_1SU1:A:	4	11	1	3	0	23	10	12	0	184
gi|116749951|ref|YP_846638.1|_86-271_1KU2:A:93-272	0	0	1	8	0	14	8	7	0	180
gi|116749951|ref|YP_846638.1|_335-430_1TLH:B:	0	0	0	2	0	7	3	4	0	68
gi|116749951|ref|YP_846638.1|_274-347_1IW7:F:258-318	0	1	0	3	0	5	4	2	0	61
gi|116749952|ref|YP_846639.1|_76-270_1UDX:A:157-336	0	7	2	6	0	22	13	8	0	180
gi|116749952|ref|YP_846639.1|_252-326_1WXQ:A:320-395	1	4	0	2	0	9	4	5	0	76
gi|116749953|ref|YP_846640.1|_2-251_1RIQ:A:1-236	0	11	4	7	0	22	14	13	0	236
gi|116749953|ref|YP_846640.1|_252-469_1RIQ:A:237-457	0	2	1	9	0	13	8	12	0	217
gi|116749953|ref|YP_846640.1|_562-719_1V7O:A:	2	7	3	3	0	17	7	6	0	155
gi|116749953|ref|YP_846640.1|_464-562_2E1B:A:1-87	2	5	1	0	0	15	8	5	0	87
gi|116749954|ref|YP_846641.1|_5-270_1UBE:A:5-270	2	9	1	9	0	25	18	12	0	266
gi|116749954|ref|YP_846641.1|_271-328_1G19:A:270-329	0	3	0	3	0	4	4	2	0	60
gi|116749955|ref|YP_846642.1|_2-187_1IUH:A:	0	9	4	3	0	14	7	3	0	183
gi|116749956|ref|YP_846643.1|_258-415_2A9S:A:1-167	0	5	1	6	0	14	11	9	0	167
gi|116749956|ref|YP_846643.1|_12-204_1Y5E:A:12-166	0	6	1	6	0	14	7	8	0	155
gi|116749958|ref|YP_846645.1|_19-282_2IBT:A:21-243	2	9	3	5	0	25	11	12	0	223
gi|116749960|ref|YP_846647.1|_163-280_1GEF:A:	2	7	3	3	0	14	7	4	0	120
gi|116749961|ref|YP_846648.1|_387-570_1K85:A:	0	8	0	0	0	9	7	1	0	87
gi|116749961|ref|YP_846648.1|_569-665_1K85:A:	0	8	0	0	0	9	7	1	0	87
gi|116749962|ref|YP_846649.1|_8-280_1O6Y:A:	1	11	3	8	0	24	14	12	0	276
gi|116749962|ref|YP_846649.1|_493-619_1W3B:A:	0	0	0	23	0	35	6	26	0	388
gi|116749963|ref|YP_846650.1|_11-282_1O6Y:A:	1	11	3	8	0	24	14	12	0	276
gi|116749963|ref|YP_846650.1|_521-664,698-841_1W3B:A:	0	0	0	23	0	35	6	26	0	388
gi|116749966|ref|YP_846653.1|_4-238_1TXO:A:	3	11	3	6	0	26	12	11	0	235
gi|116749967|ref|YP_846654.1|_119-277_2K2N:A:31-200	1	5	1	4	0	22	14	6	0	170
gi|116749967|ref|YP_846654.1|_14-103_2FF4:A:284-382	1	11	0	0	0	16	10	8	0	99
gi|116749967|ref|YP_846654.1|_298-364_2C2A:A:232-320	0	0	1	3	0	3	0	4	0	89
gi|116749968|ref|YP_846655.1|_5-182_1QMH:A:5-184,A:280-338	5	11	0	7	0	25	12	12	1	239
gi|116749968|ref|YP_846655.1|_185-279_1QMH:A:185-279	2	4	1	2	0	9	7	1	0	95
gi|116749968|ref|YP_846655.1|_278-332_1QMH:A:5-184,A:280-338	5	11	0	7	0	25	12	12	1	239
gi|116749972|ref|YP_846659.1|_8-180_1RLI:A:	2	5	1	8	0	14	7	12	0	179
gi|116749973|ref|YP_846660.1|_182-539_1VD5:A:	13	7	2	13	0	34	22	22	0	377
gi|116749973|ref|YP_846660.1|_1-128_1SEN:A:	2	3	3	4	0	20	11	12	0	135
gi|116749974|ref|YP_846661.1|_50-199_1XVW:A:1-153	2	9	2	4	0	17	9	13	0	153
gi|116749975|ref|YP_846662.1|_16-142_1ST9:A:	0	8	2	4	0	14	8	8	0	137
gi|116749976|ref|YP_846663.1|_31-344,382-505_1FGJ:A:	4	2	7	26	0	52	36	42	0	499
gi|116749977|ref|YP_846664.1|_18-173_1VJX:A:	4	0	1	5	0	10	7	3	0	156
gi|116749978|ref|YP_846665.1|_8-91_1OQW:A:	5	6	1	2	0	19	5	9	0	144
gi|116749979|ref|YP_846666.1|_9-105_2PIL:A:	2	6	3	3	0	15	11	8	0	158
gi|116749984|ref|YP_846671.1|_9-106_2PIL:A:	2	6	3	3	0	15	11	8	0	158
gi|116749985|ref|YP_846672.1|_38-166_1H3I:A:52-193	0	13	0	0	0	18	10	9	0	142
gi|116749985|ref|YP_846672.1|_170-212_1H3I:A:52-193	0	13	0	0	0	18	10	9	0	142
gi|116749986|ref|YP_846673.1|_357-515_1R62:A:	0	7	1	3	0	11	0	7	0	156
gi|116749986|ref|YP_846673.1|_23-167_2K2N:A:31-200	1	5	1	4	0	22	14	6	0	170
gi|116749986|ref|YP_846673.1|_291-366_1JOY:A:	0	0	0	3	0	3	2	3	0	67
gi|116749986|ref|YP_846673.1|_189-295_1MZU:A:	2	5	2	3	1	12	6	6	0	110
gi|116749987|ref|YP_846674.1|_25-272_1SGJ:A:	0	8	2	10	0	19	18	15	0	231
gi|116749988|ref|YP_846675.1|_2-397_1KBL:A:2-376	2	10	6	14	0	31	14	19	0	375
gi|116749988|ref|YP_846675.1|_554-911_1KBL:A:510-873	0	9	4	18	0	33	20	15	0	364
gi|116749988|ref|YP_846675.1|_414-536_1VBG:A:383-517	2	11	2	3	0	12	9	10	0	135
gi|116749989|ref|YP_846676.1|_2-246_1F6Y:A:	2	8	2	10	0	27	14	14	0	262
gi|116749991|ref|YP_846678.1|_4-735_1RU3:A:	8	22	14	23	0	70	41	52	0	728
gi|116749992|ref|YP_846679.1|_6-656_1SU8:A:	4	16	6	26	0	58	34	40	0	633
gi|116749993|ref|YP_846680.1|_71-294_1TX2:A:	2	10	3	9	0	30	15	14	0	273
gi|116749995|ref|YP_846682.1|_44-230_1OUV:A:	0	0	0	15	0	18	7	15	0	272
gi|116749997|ref|YP_846684.1|_58-182_1XM0:A:1-143	0	8	2	3	0	18	13	9	0	143
gi|116749998|ref|YP_846685.1|_36-203_1FF3:A:	2	8	3	5	0	24	18	10	0	211
gi|116750000|ref|YP_846687.1|_5-214_2QFI:A:5-208	2	0	7	7	0	14	20	21	0	204
gi|116750000|ref|YP_846687.1|_216-296_2QFI:A:209-290	4	0	1	2	0	13	9	6	0	82
gi|116750001|ref|YP_846688.1|_4-135_2H1C:A:1-138	0	5	3	7	0	15	4	8	0	138
gi|116750002|ref|YP_846689.1|_53-110_1YFB:A:3-53	0	4	0	1	0	7	0	4	0	52
gi|116750003|ref|YP_846690.1|_13-324_2TS1:A:	2	6	4	15	0	30	14	16	0	319
gi|116750003|ref|YP_846690.1|_359-431_1JH3:A:	0	5	0	3	0	10	11	8	0	99
gi|116750004|ref|YP_846691.1|_315-449_1XX7:A:	2	0	3	11	0	13	6	7	0	183
gi|116750004|ref|YP_846691.1|_208-304_1TUA:A:85-188	0	3	1	5	0	6	1	5	0	104
gi|116750006|ref|YP_846693.1|_245-610_1MOQ:A:	1	12	7	13	0	28	17	19	0	366
gi|116750006|ref|YP_846693.1|_2-236_1XFF:A:	1	15	3	5	0	29	16	11	0	238
gi|116750007|ref|YP_846694.1|_4-84_1AQT:A:2-86	1	9	1	0	0	5	5	3	0	85
gi|116750007|ref|YP_846694.1|_88-133_1AQT:A:87-136	0	0	1	2	0	3	1	1	0	50
gi|116750008|ref|YP_846695.1|_83-353_1E79:D:82-357	4	12	5	8	0	32	21	15	0	276
gi|116750008|ref|YP_846695.1|_351-466_1E79:D:358-475	0	0	2	6	0	9	7	4	0	118
gi|116750008|ref|YP_846695.1|_2-80_1MAB:B:1-81	1	7	0	0	0	12	6	5	0	81
gi|116750009|ref|YP_846696.1|_2-290_1FS0:G:	0	6	1	5	0	15	11	5	0	230
gi|116750010|ref|YP_846697.1|_99-373_1SKY:B:96-371	5	12	3	8	0	33	16	16	0	276
gi|116750010|ref|YP_846697.1|_375-503_1SKY:B:372-502	0	0	2	6	0	7	2	4	0	131
gi|116750010|ref|YP_846697.1|_10-97_1MAB:A:10-94	6	5	0	0	0	14	8	9	0	86
gi|116750011|ref|YP_846698.1|_1-107_1ABV:A:	0	0	1	6	0	8	3	4	0	105
gi|116750015|ref|YP_846702.1|_278-638_1VQQ:A:328-668	5	11	4	11	0	38	21	21	0	341
gi|116750015|ref|YP_846702.1|_83-276_1VQQ:A:139-327	3	10	4	6	0	21	7	12	0	189
gi|116750018|ref|YP_846705.1|_152-333_1JCF:A:141-336	2	9	2	9	0	18	11	7	0	196
gi|116750018|ref|YP_846705.1|_10-151_1JCF:A:1-140	0	10	0	4	0	12	8	9	0	140
gi|116750021|ref|YP_846708.1|_7-111_1D6T:A:	1	5	3	4	0	16	9	6	0	117
gi|116750024|ref|YP_846711.1|_151-209_1MSZ:A:	0	3	0	2	0	7	3	3	0	62
gi|116750025|ref|YP_846712.1|_81-164,203-386_1XZP:A:212-371	1	6	1	6	0	15	10	10	0	160
gi|116750027|ref|YP_846714.1|_9-185_1XDZ:A:	0	7	3	10	0	25	13	12	0	239
gi|116750028|ref|YP_846715.1|_139-447_2F7F:A:141-485	1	16	3	12	0	33	20	15	0	345
gi|116750028|ref|YP_846715.1|_9-136_2F7F:A:4-140	0	5	1	5	0	17	7	8	0	137
gi|116750029|ref|YP_846716.1|_2-178_1IM5:A:	6	6	4	4	0	22	12	14	0	179
gi|116750031|ref|YP_846718.1|_1-252_1G3Q:A:	0	8	3	11	0	25	16	14	0	237
gi|116750032|ref|YP_846719.1|_113-220_1VZ0:A:116-208	0	0	2	7	0	8	3	6	0	93
gi|116750032|ref|YP_846719.1|_31-123_1VZ0:A:23-115	0	5	1	3	0	7	3	2	0	93
gi|116750034|ref|YP_846721.1|_11-177_1CBU:A:	0	7	2	5	0	16	13	7	0	180
gi|116750036|ref|YP_846723.1|_75-277_1WQW:A:1-188	4	7	1	5	0	17	10	11	0	188
gi|116750036|ref|YP_846723.1|_7-63_1J5Y:A:3-67	1	2	0	3	0	7	2	4	0	65
gi|116750036|ref|YP_846723.1|_283-326_1BIA:A:271-317	0	5	0	0	0	4	3	4	0	47
gi|116750037|ref|YP_846724.1|_1-79_1TJL:A:7-110	0	0	1	3	0	7	2	4	0	104
gi|116750037|ref|YP_846724.1|_80-116_1TJL:A:111-151	2	0	0	2	0	8	3	1	0	41
gi|116750038|ref|YP_846725.1|_19-163_1EKR:A:	1	4	2	4	0	11	5	6	0	146
gi|116750039|ref|YP_846726.1|_6-106_1XBL:A:	0	0	0	3	0	7	3	6	0	75
gi|116750039|ref|YP_846726.1|_118-215_1NLT:A:110-138,A:213-257	2	5	0	1	0	12	2	5	1	74
gi|116750040|ref|YP_846727.1|_91-457_1LRW:A:	8	38	9	5	0	74	41	47	0	600
gi|116750041|ref|YP_846728.1|_105-331_1RWI:A:	0	24	4	0	0	44	15	15	0	269
gi|116750041|ref|YP_846728.1|_257-494_1RWI:A:	0	24	4	0	0	44	15	15	0	269
gi|116750042|ref|YP_846729.1|_329-575_3B60:A:329-581	4	10	2	9	0	24	18	16	0	253
gi|116750042|ref|YP_846729.1|_10-320_1PF4:A:10-320	0	0	9	16	0	12	11	14	0	310
gi|116750043|ref|YP_846730.1|_245-354_1TQ8:A:	1	5	0	5	0	9	5	6	0	162
gi|116750045|ref|YP_846732.1|_331-355,393-441,472-596_2B8E:A:416-434,A:548-663	2	6	0	6	1	16	9	5	1	135
gi|116750045|ref|YP_846732.1|_138-230_1SU4:A:125-239	2	9	3	0	0	21	10	7	0	115
gi|116750045|ref|YP_846732.1|_54-129,231-337_1SU4:A:1-124,A:240-343,A:751-994	1	1	8	18	0	32	20	22	2	472
gi|116750047|ref|YP_846734.1|_437-602_2C2A:A:321-481	0	7	2	3	0	13	4	10	0	161
gi|116750047|ref|YP_846734.1|_370-448_2C2A:A:232-320	0	0	1	3	0	3	0	4	0	89
gi|116750047|ref|YP_846734.1|_203-251_2ASX:A:278-331	0	0	0	2	0	4	1	3	0	54
gi|116750047|ref|YP_846734.1|_254-372_1EW0:A:	2	5	2	5	0	11	8	8	0	130
gi|116750048|ref|YP_846735.1|_155-392_1NY5:A:138-384	4	9	2	11	0	25	17	12	0	247
gi|116750048|ref|YP_846735.1|_11-196_1NY5:A:1-137	2	5	0	5	0	10	7	5	0	137
gi|116750048|ref|YP_846735.1|_364-452_1UMQ:A:	0	0	0	3	0	7	6	4	0	60
gi|116750049|ref|YP_846736.1|_11-190_1G2I:A:	2	11	4	6	0	20	6	10	0	166
gi|116750050|ref|YP_846737.1|_54-249_2FRN:A:19-278	0	13	3	6	0	25	10	16	0	260
gi|116750051|ref|YP_846738.1|_18-83_1H21:A:	5	0	5	7	0	27	16	12	0	240
gi|116750054|ref|YP_846741.1|_101-344_1TJY:A:	1	14	3	9	0	33	17	15	0	315
gi|116750055|ref|YP_846742.1|_454-566_1P97:A:	0	5	0	4	0	12	9	7	0	113
gi|116750055|ref|YP_846742.1|_645-776_1YSR:A:299-446	0	7	1	4	0	11	6	6	0	148
gi|116750055|ref|YP_846742.1|_374-424_2ASX:A:278-331	0	0	0	2	0	4	1	3	0	54
gi|116750056|ref|YP_846743.1|_30-149_1U1Z:A:	1	6	1	2	0	12	5	10	0	145
gi|116750057|ref|YP_846744.1|_229-425_1TQY:A:219-423	5	7	2	5	0	21	7	8	0	166
gi|116750057|ref|YP_846744.1|_5-267_1E5M:A:6-255	6	7	5	9	0	27	15	17	0	250
gi|116750058|ref|YP_846745.1|_1-78_1VKU:A:	2	0	0	4	0	7	2	6	0	99
gi|116750059|ref|YP_846746.1|_18-513_1MDB:A:	4	27	3	18	0	60	32	36	0	536
gi|116750060|ref|YP_846747.1|_23-160_2Q4V:A:3-169	1	7	2	6	0	14	4	9	0	167
gi|116750063|ref|YP_846750.1|_193-505_1G8P:A:	2	11	8	13	0	37	15	10	0	333
gi|116750063|ref|YP_846750.1|_6-169_1XHK:A:	5	9	2	4	0	19	12	7	0	185
gi|116750064|ref|YP_846751.1|_770-896_1P97:A:	0	5	0	4	0	12	9	7	0	113
gi|116750064|ref|YP_846751.1|_396-523_1OTD:A:	2	5	1	3	1	14	6	5	0	105
gi|116750064|ref|YP_846751.1|_895-1020_1V9Y:A:	2	5	3	3	0	10	6	6	0	113
gi|116750064|ref|YP_846751.1|_522-649_1BYW:A:	2	5	1	3	0	13	3	8	0	110
gi|116750064|ref|YP_846751.1|_651-770_1EW0:A:	2	5	2	5	0	11	8	8	0	130
gi|116750064|ref|YP_846751.1|_1113-1234_1L0O:A:	1	6	3	4	0	15	8	5	0	141
gi|116750065|ref|YP_846752.1|_515-680_1R62:A:	0	7	1	3	0	11	0	7	0	156
gi|116750065|ref|YP_846752.1|_2-151_1S8N:A:	0	5	2	8	0	14	10	4	0	190
gi|116750065|ref|YP_846752.1|_699-816_1MB3:A:	2	5	0	5	0	13	10	3	0	123
gi|116750065|ref|YP_846752.1|_302-427_1P97:A:	0	5	0	4	0	12	9	7	0	113
gi|116750065|ref|YP_846752.1|_151-307_2K2N:A:31-200	1	5	1	4	0	22	14	6	0	170
gi|116750065|ref|YP_846752.1|_442-513_1JOY:A:	0	0	0	3	0	3	2	3	0	67
gi|116750067|ref|YP_846754.1|_5-191_1NBA:A:	4	7	6	7	0	25	16	13	0	253
gi|116750068|ref|YP_846755.1|_8-275_2BV3:A:7-282	2	11	3	8	0	22	12	14	0	276
gi|116750068|ref|YP_846755.1|_259-391_2BV3:A:283-403	1	12	0	0	0	15	9	9	0	121
gi|116750068|ref|YP_846755.1|_391-463_2BV3:A:404-478	2	3	0	1	0	7	3	1	0	75
gi|116750069|ref|YP_846756.1|_192-479_1WRB:A:164-401	2	8	2	8	0	26	18	9	0	238
gi|116750070|ref|YP_846757.1|_3-270_1R30:A:	5	9	1	11	0	35	25	12	0	312
gi|116750071|ref|YP_846758.1|_10-384_1EBD:A:7-154,A:272-346	4	13	2	5	0	24	15	13	1	223
gi|116750071|ref|YP_846758.1|_346-469_1OJT:A:471-598	2	5	1	5	0	14	7	9	0	128
gi|116750072|ref|YP_846759.1|_203-441_1B5S:A:	2	9	4	6	0	29	13	11	0	242
gi|116750072|ref|YP_846759.1|_1-89_1QJO:A:	2	8	0	0	0	13	5	4	0	80
gi|116750072|ref|YP_846759.1|_114-158_1EBD:C:	0	0	1	2	0	5	1	3	0	41
gi|116750073|ref|YP_846760.1|_3-193_1UMD:B:2-187	0	8	4	7	0	21	12	11	0	186
gi|116750073|ref|YP_846760.1|_189-325_1W85:B:193-324	0	6	2	5	0	13	8	5	0	132
gi|116750074|ref|YP_846761.1|_17-354_1W85:A:	3	8	5	13	0	39	20	23	0	365
gi|116750075|ref|YP_846762.1|_29-437_1SFF:A:	10	16	5	13	0	39	23	28	0	425
gi|116750076|ref|YP_846763.1|_185-343_1W25:A:294-455	1	7	1	5	0	15	9	9	0	161
gi|116750076|ref|YP_846763.1|_38-179_1VHM:A:	0	6	1	4	0	11	11	10	0	159
gi|116750077|ref|YP_846764.1|_326-450_2FB5:A:5-205	2	7	1	5	0	18	8	14	0	201
gi|116750082|ref|YP_846769.1|_3-181_1MVO:A:	0	5	0	5	0	13	6	5	0	121
gi|116750083|ref|YP_846770.1|_311-475_2C2A:A:321-481	0	7	2	3	0	13	4	10	0	161
gi|116750083|ref|YP_846770.1|_244-322_2C2A:A:232-320	0	0	1	3	0	3	0	4	0	89
gi|116750083|ref|YP_846770.1|_93-179_2BAS:A:263-407	2	7	2	4	0	12	6	11	0	145
gi|116750084|ref|YP_846771.1|_250-419_1R62:A:	0	7	1	3	0	11	0	7	0	156
gi|116750084|ref|YP_846771.1|_440-557_1MB3:A:	2	5	0	5	0	13	10	3	0	123
gi|116750084|ref|YP_846771.1|_51-176_1P97:A:	0	5	0	4	0	12	9	7	0	113
gi|116750084|ref|YP_846771.1|_184-256_1JOY:A:	0	0	0	3	0	3	2	3	0	67
gi|116750086|ref|YP_846773.1|_8-136_2EF7:A:1-127	5	7	2	4	0	12	7	10	0	127
gi|116750086|ref|YP_846773.1|_162-282_2NYC:A:181-320	8	5	2	5	0	14	9	7	0	140
gi|116750087|ref|YP_846774.1|_3-152_2YVX:A:132-275	10	5	1	4	0	20	17	6	0	144
gi|116750090|ref|YP_846777.1|_1-201_1T06:A:	0	2	5	14	0	17	7	9	0	235
gi|116750091|ref|YP_846778.1|_278-333_1HDJ:A:	0	0	1	4	0	9	2	7	0	76
gi|116750092|ref|YP_846779.1|_117-480_1H6Z:A:1-405	3	9	4	17	0	39	28	18	0	405
gi|116750092|ref|YP_846779.1|_459-568_1ZYM:A:3-21,A:145-249	1	6	3	4	0	20	9	4	1	124
gi|116750094|ref|YP_846781.1|_9-137_1MZB:A:	1	5	0	5	0	12	4	5	0	134
gi|116750095|ref|YP_846782.1|_12-197_1G64:B:	1	6	2	7	0	22	8	9	0	190
gi|116750096|ref|YP_846783.1|_29-397_1Y4I:A:2-398	0	12	2	16	0	43	23	28	0	397
gi|116750101|ref|YP_846788.1|_180-335_2C2A:A:321-481	0	7	2	3	0	13	4	10	0	161
gi|116750101|ref|YP_846788.1|_121-186_2C2A:A:232-320	0	0	1	3	0	3	0	4	0	89
gi|116750102|ref|YP_846789.1|_227-249,278-330,436-757_2C5W:B:266-650	7	16	5	11	0	46	30	18	0	385
gi|116750102|ref|YP_846789.1|_58-267_2OQO:A:57-243	2	0	3	10	0	18	11	7	0	187
gi|116750103|ref|YP_846790.1|_14-108,185-245,569-603_1OYW:A:1-206	0	7	2	10	0	22	14	12	0	206
gi|116750103|ref|YP_846790.1|_462-549,580-605_2J0S:A:244-411	0	7	4	5	0	15	11	10	0	168
gi|116750104|ref|YP_846791.1|_1-147_1WJG:A:	0	5	1	4	0	15	7	4	0	135
gi|116750104|ref|YP_846791.1|_159-314_1WJG:A:	0	5	1	4	0	15	7	4	0	135
gi|116750105|ref|YP_846792.1|_5-130_2EF7:A:1-127	5	7	2	4	0	12	7	10	0	127
gi|116750106|ref|YP_846793.1|_4-125_2EF7:A:1-127	5	7	2	4	0	12	7	10	0	127
gi|116750107|ref|YP_846794.1|_8-306_1Z7W:A:3-322	3	10	10	10	0	31	16	21	0	320
gi|116750108|ref|YP_846795.1|_118-304_1T3D:A:	1	15	1	9	0	44	13	14	0	262
gi|116750109|ref|YP_846796.1|_3-374_1P3W:A:	8	12	2	12	0	39	22	27	0	391
gi|116750110|ref|YP_846797.1|_2-128_1Q48:A:	2	3	0	4	0	12	10	10	0	133
gi|116750110|ref|YP_846797.1|_196-274_1XHJ:A:	0	3	0	2	0	9	7	1	0	87
gi|116750112|ref|YP_846799.1|_123-290_1A4I:A:127-296	4	5	1	6	0	22	8	10	0	170
gi|116750112|ref|YP_846799.1|_3-121_1B0A:A:2-122	0	5	0	4	0	16	4	9	0	121
gi|116750113|ref|YP_846800.1|_11-584_1EG7:A:	4	25	8	18	0	59	33	37	0	549
gi|116750114|ref|YP_846801.1|_249-367_2POL:A:245-366	2	8	0	3	0	14	6	6	0	122
gi|116750114|ref|YP_846801.1|_1-117_2POL:A:1-122	2	8	2	2	0	12	7	5	0	122
gi|116750114|ref|YP_846801.1|_128-247_2POL:A:123-244	0	6	2	3	0	9	8	2	0	122
gi|116750115|ref|YP_846802.1|_402-568,734-798_1BJT:A:	7	25	4	20	0	69	43	34	0	760
gi|116750115|ref|YP_846802.1|_14-226_1EI1:A:2-220	2	11	1	6	0	26	18	12	0	219
gi|116750115|ref|YP_846802.1|_229-399_1EI1:A:221-392	5	5	0	6	0	12	6	8	0	172
gi|116750116|ref|YP_846803.1|_26-480_1AB4:A:	1	20	2	16	0	51	27	22	0	493
gi|116750116|ref|YP_846803.1|_492-811_1WP5:A:	3	23	6	3	0	42	27	18	0	322
gi|116750117|ref|YP_846804.1|_184-335_1EVY:A:198-357	0	0	1	8	0	11	6	8	0	160
gi|116750117|ref|YP_846804.1|_7-182_1M66:A:9-197	0	8	1	8	0	20	13	11	0	189
gi|116750119|ref|YP_846806.1|_53-349_1VRM:A:44-352	4	15	3	8	0	27	15	21	0	309
gi|116750120|ref|YP_846807.1|_143-270_1FCA:A:	0	4	1	1	0	12	1	6	0	55
gi|116750125|ref|YP_846812.1|_116-299_2FUG:1:7-249	8	5	2	10	0	26	22	14	0	243
gi|116750125|ref|YP_846812.1|_332-439_1KF6:B:106-243	0	0	3	8	0	15	4	9	0	138
gi|116750129|ref|YP_846816.1|_3-148_2FUG:2:3-180	2	3	2	7	0	21	16	8	0	178
gi|116750130|ref|YP_846817.1|_120-359_2FUG:1:7-249	8	5	2	10	0	26	22	14	0	243
gi|116750130|ref|YP_846817.1|_444-544_2FUG:1:334-438	2	0	0	5	1	7	4	5	0	105
gi|116750130|ref|YP_846817.1|_360-443_2FUG:1:250-333	4	5	0	2	0	11	8	7	0	84
gi|116750130|ref|YP_846817.1|_14-106_1F37:A:	0	5	3	2	0	14	6	7	0	109
gi|116750130|ref|YP_846817.1|_538-602_1CLF:A:	2	2	0	0	0	11	4	6	0	55
gi|116750131|ref|YP_846818.1|_191-354_2IV2:X:1-564	10	22	7	22	0	67	42	29	0	564
gi|116750131|ref|YP_846818.1|_79-217_1FEH:A:127-209	0	5	3	2	0	8	7	5	0	83
gi|116750131|ref|YP_846818.1|_6-78_1FEH:A:1-126	4	5	1	3	0	15	6	10	0	126
gi|116750132|ref|YP_846819.1|_2-429_2IV2:X:1-564	10	22	7	22	0	67	42	29	0	564
gi|116750132|ref|YP_846819.1|_383-539_2NAP:A:601-723	3	6	3	1	0	20	9	9	0	123
gi|116750135|ref|YP_846822.1|_314-473_2C2A:A:321-481	0	7	2	3	0	13	4	10	0	161
gi|116750136|ref|YP_846823.1|_4-141_1IX5:A:	3	10	0	3	0	23	10	14	0	151
gi|116750138|ref|YP_846825.1|_19-175_2FUG:2:3-180	2	3	2	7	0	21	16	8	0	178
gi|116750139|ref|YP_846826.1|_119-359_2FUG:1:7-249	8	5	2	10	0	26	22	14	0	243
gi|116750139|ref|YP_846826.1|_446-546_2FUG:1:334-438	2	0	0	5	1	7	4	5	0	105
gi|116750139|ref|YP_846826.1|_361-444_2FUG:1:250-333	4	5	0	2	0	11	8	7	0	84
gi|116750139|ref|YP_846826.1|_20-118_1F37:A:	0	5	3	2	0	14	6	7	0	109
gi|116750140|ref|YP_846827.1|_77-211_1FEH:A:127-209	0	5	3	2	0	8	7	5	0	83
gi|116750140|ref|YP_846827.1|_4-76_2FUG:3:1-95	3	5	0	1	0	15	8	6	0	95
gi|116750141|ref|YP_846828.1|_8-172_2FUG:6:15-175	2	4	2	5	0	17	14	7	0	161
gi|116750142|ref|YP_846829.1|_4-454_1CC1:L:	13	16	7	15	0	45	25	24	0	487
gi|116750143|ref|YP_846830.1|_2-153_1CFZ:A:	2	7	3	6	0	17	10	8	0	162
gi|116750144|ref|YP_846831.1|_1-240_1NNW:A:	0	10	2	7	0	25	17	11	0	251
gi|116750145|ref|YP_846832.1|_8-422_1W5D:A:5-462	5	19	8	11	0	51	33	27	0	458
gi|116750146|ref|YP_846833.1|_3-421_1G6S:A:	6	24	7	12	0	45	26	19	0	427
gi|116750147|ref|YP_846834.1|_105-271_1NVT:A:111-287	0	6	0	7	0	21	11	9	0	177
gi|116750147|ref|YP_846834.1|_5-104_1NPD:A:1-106	0	6	1	4	0	12	7	9	0	106
gi|116750148|ref|YP_846835.1|_7-232_1QFE:A:	4	10	4	9	0	26	14	12	0	252
gi|116750149|ref|YP_846836.1|_89-272_2QMW:A:1-184	1	10	1	6	0	20	19	9	0	184
gi|116750149|ref|YP_846836.1|_259-355_1PHZ:A:19-115	1	4	1	2	0	11	4	7	0	97
gi|116750149|ref|YP_846836.1|_3-91_2D8D:A:3-82	0	0	0	3	0	6	2	2	0	80
gi|116750152|ref|YP_846839.1|_15-493_1UC2:A:	5	19	8	14	0	50	32	24	0	480
gi|116750153|ref|YP_846840.1|_5-178_1NIJ:A:2-223	0	9	2	7	0	28	21	11	0	222
gi|116750153|ref|YP_846840.1|_209-292_1NIJ:A:224-318	2	5	0	2	0	8	4	5	0	95
gi|116750154|ref|YP_846841.1|_1-143_1JW3:A:	1	7	0	2	0	14	8	4	0	140
gi|116750157|ref|YP_846844.1|_6-140_1K68:A:	0	5	2	5	0	15	12	5	0	140
gi|116750158|ref|YP_846845.1|_38-300_2G5G:X:9-263	1	8	4	10	0	22	9	16	0	255
gi|116750158|ref|YP_846845.1|_307-386_1LCY:A:226-325	0	8	0	3	0	13	6	8	0	100
gi|116750159|ref|YP_846846.1|_9-224_1RRQ:A:9-229	0	0	3	12	0	21	13	15	0	221
gi|116750159|ref|YP_846846.1|_223-357_1PUN:A:	3	5	2	2	0	22	12	8	0	129
gi|116750160|ref|YP_846847.1|_9-217_1F3O:A:	0	10	2	7	0	22	15	14	0	232
gi|116750161|ref|YP_846848.1|_3-258_1L7V:A:	2	0	2	14	0	18	8	12	0	324
gi|116750162|ref|YP_846849.1|_362-684_2SQC:A:8-36,A:308-630	5	3	4	12	0	37	22	24	1	352
gi|116750162|ref|YP_846849.1|_99-363_2SQC:A:37-307	0	3	7	10	0	24	17	17	0	271
gi|116750163|ref|YP_846850.1|_4-265_1OY0:A:	1	8	2	10	0	27	16	14	0	262
gi|116750165|ref|YP_846852.1|_2-234_1Q12:A:4-235	1	11	4	7	0	25	20	16	0	232
gi|116750166|ref|YP_846853.1|_3-330_1L7V:A:	2	0	2	14	0	18	8	12	0	324
gi|116750167|ref|YP_846854.1|_42-294_1N2Z:A:	4	10	3	10	0	27	17	13	0	245
gi|116750168|ref|YP_846855.1|_212-293_1U07:A:	0	5	0	2	0	10	3	4	0	90
gi|116750169|ref|YP_846856.1|_31-301_1N2Z:A:	4	10	3	10	0	27	17	13	0	245
gi|116750170|ref|YP_846857.1|_57-701_1NQE:A:	1	33	5	4	0	38	26	23	0	589
gi|116750171|ref|YP_846858.1|_38-295_1QGO:A:	2	8	2	10	0	20	14	11	0	257
gi|116750173|ref|YP_846860.1|_33-150_1T56:A:22-94	0	0	1	4	0	6	3	1	0	73
gi|116750174|ref|YP_846861.1|_1-322_1EQ2:A:	4	9	5	11	0	30	15	10	0	307
gi|116750179|ref|YP_846866.1|_180-302_1KS9:A:168-291	0	0	2	6	0	7	1	7	0	124
gi|116750179|ref|YP_846866.1|_1-155_1KS9:A:1-167	0	11	3	4	0	22	13	12	0	167
gi|116750182|ref|YP_846869.1|_14-404_1F0K:A:	0	13	3	16	0	35	15	23	0	363
gi|116750182|ref|YP_846869.1|_465-648_1TE4:A:	0	0	3	6	0	11	9	5	0	111
gi|116750183|ref|YP_846870.1|_27-216_1JCU:A:	0	10	0	6	0	31	23	6	0	208
gi|116750184|ref|YP_846871.1|_9-163_1O4V:A:	0	5	1	6	0	16	3	8	0	169
gi|116750185|ref|YP_846872.1|_100-323_1GSO:A:104-327	3	9	1	7	0	21	8	11	0	224
gi|116750185|ref|YP_846872.1|_1-99_1GSO:A:2-103	3	6	0	2	0	11	7	5	0	99
gi|116750185|ref|YP_846872.1|_349-430_1GSO:A:328-426	3	6	0	2	0	11	7	5	0	99
gi|116750186|ref|YP_846873.1|_4-195_1PKX:A:3-200	3	5	1	10	0	17	9	10	0	198
gi|116750187|ref|YP_846874.1|_1-248_1G3Q:A:	0	8	3	11	0	25	16	14	0	237
gi|116750189|ref|YP_846876.1|_338-500_1R62:A:	0	7	1	3	0	11	0	7	0	156
gi|116750189|ref|YP_846876.1|_144-265_1EW0:A:	2	5	2	5	0	11	8	8	0	130
gi|116750189|ref|YP_846876.1|_277-345_2C2A:A:232-320	0	0	1	3	0	3	0	4	0	89
gi|116750190|ref|YP_846877.1|_145-386_1NY5:A:138-384	4	9	2	11	0	25	17	12	0	247
gi|116750190|ref|YP_846877.1|_1-189_1NY5:A:1-137	2	5	0	5	0	10	7	5	0	137
gi|116750190|ref|YP_846877.1|_358-458_1ETO:B:	0	2	0	4	0	7	1	4	0	98
gi|116750192|ref|YP_846879.1|_11-184_1ORO:A:	4	8	3	7	0	21	9	8	0	213
gi|116750194|ref|YP_846881.1|_11-288_2IUB:A:9-285	0	7	2	6	0	23	14	10	0	281
gi|116750194|ref|YP_846881.1|_289-351_2IUB:A:286-349	0	0	0	2	0	2	2	2	0	64
gi|116750195|ref|YP_846882.1|_16-191_1YUD:A:1-158	5	11	1	3	0	21	13	8	0	158
gi|116750198|ref|YP_846885.1|_191-430_1NY5:A:138-384	4	9	2	11	0	25	17	12	0	247
gi|116750198|ref|YP_846885.1|_9-185_1MC0:A:402-555	0	7	0	4	0	14	7	11	0	154
gi|116750198|ref|YP_846885.1|_402-514_1NTC:A:	0	0	0	4	0	6	3	4	0	90
gi|116750203|ref|YP_846890.1|_427-747_1XCO:A:	3	11	0	13	0	34	22	19	0	328
gi|116750203|ref|YP_846890.1|_161-441_1VL6:A:155-376	3	6	2	9	0	28	19	15	0	222
gi|116750203|ref|YP_846890.1|_7-159_1VL6:A:1-154	2	5	3	8	0	17	11	6	0	154
gi|116750209|ref|YP_846896.1|_45-206_1G8Y:A:	1	12	4	7	0	28	13	12	0	262
gi|116750210|ref|YP_846897.1|_6-281_2BV3:A:7-282	2	11	3	8	0	22	12	14	0	276
gi|116750210|ref|YP_846897.1|_479-595_2BV3:A:479-599	1	6	1	2	0	15	8	4	0	121
gi|116750210|ref|YP_846897.1|_264-397_2BV3:A:283-403	1	12	0	0	0	15	9	9	0	121
gi|116750210|ref|YP_846897.1|_599-689_2BV3:A:600-688	0	4	2	3	0	5	0	4	0	89
gi|116750210|ref|YP_846897.1|_399-476_1FNM:A:404-482	0	5	0	2	0	8	3	2	0	79
gi|116750211|ref|YP_846898.1|_27-255_1TZP:A:	4	10	2	7	0	34	17	12	0	255
gi|116750211|ref|YP_846898.1|_366-410_1E0G:A:	0	2	1	2	0	8	1	3	0	48
gi|116750211|ref|YP_846898.1|_453-496_1E0G:A:	0	2	1	2	0	8	1	3	0	48
gi|116750212|ref|YP_846899.1|_266-338_1LBU:A:1-83	6	0	0	3	0	13	8	5	0	83
gi|116750212|ref|YP_846899.1|_359-427,465-517_1ZAT:A:339-466	5	9	0	2	0	20	7	6	0	128
gi|116750214|ref|YP_846901.1|_3-153_1Z3A:A:13-168	2	5	0	5	0	18	6	15	0	156
gi|116750215|ref|YP_846902.1|_32-223_1JR3:A:3-242	2	5	2	11	0	27	23	12	0	240
gi|116750215|ref|YP_846902.1|_244-365_1JR3:A:243-368	0	0	1	6	0	8	4	7	0	126
gi|116750216|ref|YP_846903.1|_10-104_1PUG:A:	0	3	1	3	0	7	3	6	0	94
gi|116750217|ref|YP_846904.1|_6-201_1VDD:A:	4	7	3	7	0	24	13	11	0	199
gi|116750218|ref|YP_846905.1|_1-179_1B0P:A:416-668	2	6	4	9	0	29	21	11	0	253
gi|116750219|ref|YP_846906.1|_27-94_1H7W:A:845-1017	3	6	3	4	0	18	10	9	0	173
gi|116750220|ref|YP_846907.1|_12-250_1B0P:A:2-258	2	11	0	10	0	22	13	9	0	257
gi|116750220|ref|YP_846907.1|_252-379_1B0P:A:259-415	1	7	1	4	0	20	14	8	0	157
gi|116750221|ref|YP_846908.1|_21-312_1B0P:A:786-1232	9	8	4	17	0	46	33	30	0	447
gi|116750222|ref|YP_846909.1|_27-176_1IQP:A:2-232	0	7	4	13	0	20	11	14	0	231
gi|116750223|ref|YP_846910.1|_21-378_1DCT:A:	8	11	10	8	0	35	20	17	0	324
gi|116750224|ref|YP_846911.1|_1-124_1CW0:A:	0	6	1	5	0	14	9	10	0	155
gi|116750228|ref|YP_846915.1|_437-626_1WC3:A:	0	8	1	5	0	12	9	9	0	218
gi|116750228|ref|YP_846915.1|_163-234_1OJG:A:	0	4	1	5	0	15	12	7	0	136
gi|116750229|ref|YP_846916.1|_34-133_1NZ8:A:	1	5	0	3	0	13	7	6	0	119
gi|116750229|ref|YP_846916.1|_142-196_1NZ9:A:	0	5	2	0	0	7	3	3	0	58
gi|116750230|ref|YP_846917.1|_109-197_1HV5:A:	1	9	0	3	0	21	16	8	0	162
gi|116750231|ref|YP_846918.1|_129-231_1ONL:A:	3	9	1	4	0	17	7	8	0	127
gi|116750232|ref|YP_846919.1|_144-386_1NY5:A:138-384	4	9	2	11	0	25	17	12	0	247
gi|116750232|ref|YP_846919.1|_4-189_1NY5:A:1-137	2	5	0	5	0	10	7	5	0	137
gi|116750232|ref|YP_846919.1|_358-443_1UMQ:A:	0	0	0	3	0	7	6	4	0	60
gi|116750233|ref|YP_846920.1|_330-493_1R62:A:	0	7	1	3	0	11	0	7	0	156
gi|116750233|ref|YP_846920.1|_124-248_1V9Y:A:	2	5	3	3	0	10	6	6	0	113
gi|116750233|ref|YP_846920.1|_267-337_1JOY:A:	0	0	0	3	0	3	2	3	0	67
gi|116750233|ref|YP_846920.1|_13-117_1G28:A:	1	5	1	3	0	14	5	6	0	104
gi|116750234|ref|YP_846921.1|_5-375_1P3W:A:	8	12	2	12	0	39	22	27	0	391
gi|116750235|ref|YP_846922.1|_13-45,73-494_1WP1:A:	7	6	2	10	0	34	19	14	0	456
gi|116750236|ref|YP_846923.1|_3-226_1F3O:A:	0	10	2	7	0	22	15	14	0	232
gi|116750237|ref|YP_846924.1|_50-180_1VF7:A:	2	20	0	3	0	31	18	9	0	237
gi|116750237|ref|YP_846924.1|_180-319_1VF7:A:	2	20	0	3	0	31	18	9	0	237
gi|116750241|ref|YP_846928.1|_50-161_2HPU:A:35-160	0	7	3	3	0	17	13	5	0	126
gi|116750242|ref|YP_846929.1|_21-128_2HPU:A:35-160	0	7	3	3	0	17	13	5	0	126
gi|116750243|ref|YP_846930.1|_41-245_1F3O:A:	0	10	2	7	0	22	15	14	0	232
gi|116750245|ref|YP_846932.1|_34-81_1OR7:A:120-187	0	1	0	4	0	5	2	2	0	68
gi|116750246|ref|YP_846933.1|_1-121_1RDU:A:	3	5	1	3	0	18	12	5	0	116
gi|116750247|ref|YP_846934.1|_1-307_1II7:A:	4	19	4	8	0	37	23	13	0	333
gi|116750248|ref|YP_846935.1|_6-216,899-1007_1W1W:A:	2	14	3	8	0	28	15	19	0	427
gi|116750250|ref|YP_846937.1|_273-298,331-451,491-627_2EYQ:A:779-989	5	6	2	8	0	21	10	10	0	211
gi|116750255|ref|YP_846942.1|_89-201_1WJ9:A:88-211	0	7	0	2	0	11	4	4	0	124
gi|116750255|ref|YP_846942.1|_1-83_1WJ9:A:1-87	0	5	2	3	0	10	5	4	0	87
gi|116750260|ref|YP_846947.1|_15-248_1NKV:A:	2	7	2	10	0	23	12	18	0	245
gi|116750262|ref|YP_846949.1|_7-139_2CYE:A:1-132	3	6	2	2	0	12	4	7	0	132
gi|116750263|ref|YP_846950.1|_555-708_2C2A:A:321-481	0	7	2	3	0	13	4	10	0	161
gi|116750263|ref|YP_846950.1|_334-465_1V9Y:A:	2	5	3	3	0	10	6	6	0	113
gi|116750263|ref|YP_846950.1|_468-546_2C2A:A:232-320	0	0	1	3	0	3	0	4	0	89
gi|116750271|ref|YP_846958.1|_41-262_1HKH:A:	8	8	1	13	0	23	13	22	0	279
gi|116750272|ref|YP_846959.1|_82-219_2HS5:A:94-231	0	0	1	6	0	7	0	5	0	138
gi|116750272|ref|YP_846959.1|_12-79_2HS5:A:25-93	0	3	0	3	0	6	2	5	0	69
gi|116750273|ref|YP_846960.1|_55-165_1CFE:A:	1	6	2	4	0	18	12	7	0	135
gi|116750274|ref|YP_846961.1|_3-133_1Y23:A:	0	6	3	4	0	16	11	7	0	139
gi|116750275|ref|YP_846962.1|_1-189_1RLI:A:	2	5	1	8	0	14	7	12	0	179
gi|116750276|ref|YP_846963.1|_1-282_1EP3:A:	4	16	5	10	0	37	26	20	0	311
gi|116750277|ref|YP_846964.1|_96-272_1EP3:B:103-262	3	9	2	4	0	14	11	11	0	160
gi|116750277|ref|YP_846964.1|_6-101_1EP3:B:2-102	1	7	1	1	0	12	7	7	0	101
gi|116750278|ref|YP_846965.1|_15-88,149-310_1T8H:A:	4	15	8	5	0	33	16	14	0	272
gi|116750279|ref|YP_846966.1|_5-140_1IX5:A:	3	10	0	3	0	23	10	14	0	151
gi|116750280|ref|YP_846967.1|_173-273,361-375,447-502,604-651_1C4O:A:410-583	0	6	2	5	0	15	10	12	0	174
gi|116750281|ref|YP_846968.1|_130-178,207-326,417-505_1G60:A:	6	8	2	7	0	28	13	9	0	256
gi|116750282|ref|YP_846969.1|_75-315_1OZ4:A:471-763	2	0	3	7	0	31	24	19	0	292
gi|116750283|ref|YP_846970.1|_286-638_1CSE:E:	6	10	0	9	0	36	18	23	0	274
gi|116750284|ref|YP_846971.1|_224-299,339-681_1PJR:A:319-651	4	8	6	12	0	21	12	17	0	333
gi|116750284|ref|YP_846971.1|_1-81_2A6S:A:1-83	0	5	1	2	0	9	5	4	0	83
gi|116750285|ref|YP_846972.1|_51-181_1GME:A:	1	8	5	2	0	17	6	7	0	150
gi|116750287|ref|YP_846974.1|_226-431_2FB5:A:5-205	2	7	1	5	0	18	8	14	0	201
gi|116750288|ref|YP_846975.1|_18-118_1V70:A:	0	9	0	1	0	15	6	5	0	105
gi|116750289|ref|YP_846976.1|_56-246_1JG1:A:	4	9	4	6	0	25	16	10	0	215
gi|116750290|ref|YP_846977.1|_231-490_1UIR:A:	1	15	3	10	0	27	16	17	0	312
gi|116750291|ref|YP_846978.1|_171-433_1NY5:A:138-384	4	9	2	11	0	25	17	12	0	247
gi|116750293|ref|YP_846980.1|_3-208_2BV3:A:7-282	2	11	3	8	0	22	12	14	0	276
gi|116750293|ref|YP_846980.1|_153-301_2BV3:A:283-403	1	12	0	0	0	15	9	9	0	121
gi|116750293|ref|YP_846980.1|_400-514_2BV3:A:600-688	0	4	2	3	0	5	0	4	0	89
gi|116750293|ref|YP_846980.1|_305-389_1WDT:A:378-454	0	4	0	2	0	6	3	3	0	77
gi|116750294|ref|YP_846981.1|_269-370_1LBU:A:84-213	0	5	3	3	0	19	8	11	0	130
gi|116750295|ref|YP_846982.1|_1-152_1WJG:A:	0	5	1	4	0	15	7	4	0	135
gi|116750295|ref|YP_846982.1|_158-284_1WJG:A:	0	5	1	4	0	15	7	4	0	135
gi|116750296|ref|YP_846983.1|_7-184_1X9G:A:	2	7	1	6	0	20	14	13	0	199
gi|116750298|ref|YP_846985.1|_11-199_1Q1R:A:2-114,A:248-319	4	13	3	4	0	23	16	10	1	185
gi|116750298|ref|YP_846985.1|_155-319_1XHC:A:1-103,A:226-289	4	11	2	5	0	18	13	9	1	165
gi|116750299|ref|YP_846986.1|_35-145_1KQF:B:2-245	4	11	3	6	0	31	15	19	0	244
gi|116750300|ref|YP_846987.1|_4-621_1SU8:A:	4	16	6	26	0	58	34	40	0	633
gi|116750301|ref|YP_846988.1|_26-194,227-511_1RU4:A:	9	32	3	1	0	74	47	26	0	400
gi|116750303|ref|YP_846990.1|_89-147,190-239_1W3B:A:	0	0	0	23	0	35	6	26	0	388
gi|116750305|ref|YP_846992.1|_210-415_1UIR:A:	1	15	3	10	0	27	16	17	0	312
gi|116750307|ref|YP_846994.1|_84-295_1PRZ:A:	5	11	2	5	0	31	18	12	0	252
gi|116750309|ref|YP_846996.1|_34-119_1SMT:A:	1	2	0	5	0	9	4	3	0	98
gi|116750310|ref|YP_846997.1|_329-446_1UC7:A:	2	5	1	5	0	17	7	6	0	124
gi|116750311|ref|YP_846998.1|_26-270_1TWY:A:	4	13	2	8	0	31	13	17	0	249
gi|116750312|ref|YP_846999.1|_10-283_2ONK:C:1-252	0	0	1	12	0	13	9	9	0	252
gi|116750313|ref|YP_847000.1|_30-276_3DHW:A:6-208	0	0	1	9	0	11	7	9	0	203
gi|116750314|ref|YP_847001.1|_5-216_1T72:A:	0	0	1	7	0	8	2	5	0	226
gi|116750329|ref|YP_847016.1|_5-216_1T72:A:	0	0	1	7	0	8	2	5	0	226
gi|116750315|ref|YP_847002.1|_10-240_3DHW:C:1-240	3	10	1	7	0	21	17	12	0	240
gi|116750316|ref|YP_847003.1|_427-599_2C2A:A:321-481	0	7	2	3	0	13	4	10	0	161
gi|116750316|ref|YP_847003.1|_356-438_2C2A:A:232-320	0	0	1	3	0	3	0	4	0	89
gi|116750316|ref|YP_847003.1|_248-363_1MZU:A:	2	5	2	3	1	12	6	6	0	110
gi|116750316|ref|YP_847003.1|_196-246_2ASX:A:278-331	0	0	0	2	0	4	1	3	0	54
gi|116750317|ref|YP_847004.1|_2-129_1MVO:A:	0	5	0	5	0	13	6	5	0	121
gi|116750317|ref|YP_847004.1|_129-226_1QQI:A:	0	7	1	3	0	7	4	6	0	104
gi|116750318|ref|YP_847005.1|_82-118_1TJL:A:111-151	2	0	0	2	0	8	3	1	0	41
gi|116750318|ref|YP_847005.1|_1-81_1TJL:A:7-110	0	0	1	3	0	7	2	4	0	104
gi|116750319|ref|YP_847006.1|_3-155_1VMD:A:	0	7	3	7	0	16	10	5	0	177
gi|116750320|ref|YP_847007.1|_9-371_1M32:A:	2	14	1	13	0	37	19	21	0	361
gi|116750321|ref|YP_847008.1|_14-267_1FEZ:A:	5	5	2	11	0	23	17	17	0	256
gi|116750322|ref|YP_847009.1|_28-285_2ONK:C:1-252	0	0	1	12	0	13	9	9	0	252
gi|116750322|ref|YP_847009.1|_316-564_3D31:C:13-260	0	0	2	12	0	11	6	13	0	248
gi|116750323|ref|YP_847010.1|_13-249_1V43:A:7-245	1	10	2	8	0	20	13	15	0	239
gi|116750323|ref|YP_847010.1|_274-362_1H9R:A:200-261	0	5	2	0	0	8	3	4	0	62
gi|116750324|ref|YP_847011.1|_31-335_1XVY:A:	5	9	8	10	0	30	15	16	0	307
gi|116750325|ref|YP_847012.1|_13-103_2FIY:A:19-308	0	8	2	10	0	31	11	22	0	290
gi|116750326|ref|YP_847013.1|_21-214_2AVD:A:44-262	0	7	2	8	0	22	14	16	0	219
gi|116750328|ref|YP_847015.1|_441-812_2F9F:A:2-167	2	6	1	7	0	19	11	10	0	166
gi|116750328|ref|YP_847015.1|_11-165,194-239_1M65:A:	5	8	5	8	0	27	12	19	0	244
gi|116750330|ref|YP_847017.1|_12-140_1XUV:A:	0	8	0	4	0	14	7	9	0	177
gi|116750333|ref|YP_847020.1|_78-126,158-253_1II5:A:	0	12	3	8	0	21	13	13	0	232
gi|116750335|ref|YP_847022.1|_25-241_1S0U:A:34-229	2	7	0	5	0	19	13	10	0	195
gi|116750337|ref|YP_847024.1|_3-125,165-310_1NE7:A:	3	10	8	9	0	26	24	20	0	281
gi|116750338|ref|YP_847025.1|_3-182_1K2Y:X:5-154	5	7	1	4	0	15	5	10	0	150
gi|116750338|ref|YP_847025.1|_261-366_1K2Y:X:259-367	1	4	0	5	0	13	9	8	0	109
gi|116750338|ref|YP_847025.1|_158-258_1K2Y:X:155-258	0	5	2	3	0	14	9	8	0	104
gi|116750338|ref|YP_847025.1|_360-449_1WJW:A:	0	3	0	2	0	7	8	3	0	111
gi|116750339|ref|YP_847026.1|_40-125,184-264_1HM9:A:252-459	3	28	3	0	0	55	16	17	0	208
gi|116750341|ref|YP_847028.1|_506-748_1TYE:A:	12	36	2	4	0	66	33	39	0	452
gi|116750341|ref|YP_847028.1|_52-133_2VO8:A:939-1074	1	11	0	0	0	14	7	7	0	136
gi|116750342|ref|YP_847029.1|_274-577_1DBI:A:	7	10	1	8	0	28	16	21	0	280
gi|116750342|ref|YP_847029.1|_1354-1427_1QHO:A:496-576	0	10	0	0	0	11	5	3	0	81
gi|116750342|ref|YP_847029.1|_1456-1553_2VO8:A:939-1074	1	11	0	0	0	14	7	7	0	136
gi|116750342|ref|YP_847029.1|_1627-1679_2CCL:B:1-59	0	0	0	3	0	8	4	5	0	59
gi|116750344|ref|YP_847031.1|_28-299_1TV8:A:	4	11	4	10	0	39	20	20	0	327
gi|116750347|ref|YP_847034.1|_9-161_1OFG:A:1-160,A:323-381	1	7	4	8	0	25	13	9	1	219
gi|116750347|ref|YP_847034.1|_138-291_1OFG:A:161-322	0	8	1	5	0	16	15	8	0	162
gi|116750348|ref|YP_847035.1|_61-466_1ZOD:A:3-433	2	20	0	15	0	44	14	32	0	431
gi|116750349|ref|YP_847036.1|_99-252_1E4E:A:132-342	1	10	4	5	0	25	14	9	0	211
gi|116750350|ref|YP_847037.1|_4-232_1LVW:A:	1	14	3	11	0	29	22	21	0	294
gi|116750351|ref|YP_847038.1|_8-227_1X42:A:1-230	7	6	3	10	0	19	10	14	0	230
gi|116750352|ref|YP_847039.1|_198-399_1OLT:A:	1	19	6	15	0	46	26	24	0	441
gi|116750353|ref|YP_847040.1|_29-195_1SUI:A:21-247	5	7	5	8	0	25	14	15	0	227
gi|116750355|ref|YP_847042.1|_273-739_1EHK:A:	6	2	5	24	0	31	17	32	0	549
gi|116750356|ref|YP_847043.1|_4-63_1FXR:A:	0	4	0	2	0	9	2	5	0	64
gi|116750357|ref|YP_847044.1|_8-108_1YHF:A:1-112	0	9	0	1	0	15	9	6	0	112
gi|116750358|ref|YP_847045.1|_1-53_5RXN:A:	4	3	3	0	0	11	1	6	0	54
gi|116750359|ref|YP_847046.1|_11-120_2PJS:A:3-113	2	7	1	2	0	11	8	5	0	111
gi|116750361|ref|YP_847048.1|_1-64_2FI0:A:3-81	2	2	2	6	0	8	3	5	0	79
gi|116750363|ref|YP_847050.1|_13-150_1HW5:A:1-137	2	8	1	3	0	15	9	5	0	137
gi|116750363|ref|YP_847050.1|_155-232_1HW5:A:138-208	2	3	0	3	0	6	4	5	0	71
gi|116750364|ref|YP_847051.1|_34-337_1US5:A:	3	10	2	12	0	29	18	20	0	298
gi|116750365|ref|YP_847052.1|_667-837_1R62:A:	0	7	1	3	0	11	0	7	0	156
gi|116750365|ref|YP_847052.1|_463-590_1EW0:A:	2	5	2	5	0	11	8	8	0	130
gi|116750365|ref|YP_847052.1|_859-976_1U0S:Y:	0	5	1	5	0	15	5	4	0	118
gi|116750365|ref|YP_847052.1|_217-339_1EW0:A:	2	5	2	5	0	11	8	8	0	130
gi|116750365|ref|YP_847052.1|_338-464_1EW0:A:	2	5	2	5	0	11	8	8	0	130
gi|116750365|ref|YP_847052.1|_596-672_2C2A:A:232-320	0	0	1	3	0	3	0	4	0	89
gi|116750366|ref|YP_847053.1|_14-175_1VPD:A:3-163	0	9	0	8	0	18	9	8	0	161
gi|116750366|ref|YP_847053.1|_175-303_1VPD:A:164-296	2	0	1	6	0	6	4	9	0	133
gi|116750367|ref|YP_847054.1|_2-426_2IV2:X:1-564	10	22	7	22	0	67	42	29	0	564
gi|116750367|ref|YP_847054.1|_393-535_1OGY:A:682-801	5	6	2	2	0	21	9	8	0	120
gi|116750368|ref|YP_847055.1|_2-135_2IV2:X:1-564	10	22	7	22	0	67	42	29	0	564
gi|116750370|ref|YP_847057.1|_4-452_2HA9:A:1-440	1	12	2	15	0	35	21	21	0	440
gi|116750371|ref|YP_847058.1|_3-79_1ZPV:A:1-83	0	4	1	2	0	4	2	5	0	83
gi|116750371|ref|YP_847058.1|_93-177_1ZPV:A:1-83	0	4	1	2	0	4	2	5	0	83
gi|116750372|ref|YP_847059.1|_1-75_2Z1C:A:2-72	0	5	0	1	0	7	2	6	0	71
gi|116750373|ref|YP_847060.1|_4-160_1CFZ:A:	2	7	3	6	0	17	10	8	0	162
gi|116750374|ref|YP_847061.1|_1-531_1H2R:L:	16	12	10	16	0	50	24	29	0	534
gi|116750375|ref|YP_847062.1|_51-310_2FRV:A:	12	7	7	13	0	35	17	22	0	261
gi|116750376|ref|YP_847063.1|_7-121_1NY5:A:1-137	2	5	0	5	0	10	7	5	0	137
gi|116750377|ref|YP_847064.1|_154-387_1NY5:A:138-384	4	9	2	11	0	25	17	12	0	247
gi|116750377|ref|YP_847064.1|_4-189_1NY5:A:1-137	2	5	0	5	0	10	7	5	0	137
gi|116750377|ref|YP_847064.1|_411-458_1UMQ:A:	0	0	0	3	0	7	6	4	0	60
gi|116750378|ref|YP_847065.1|_136-473,502-577_1BF2:A:163-637	16	8	8	13	0	66	39	35	0	475
gi|116750378|ref|YP_847065.1|_10-147_1BF2:A:1-162	5	8	1	1	0	27	16	13	0	162
gi|116750378|ref|YP_847065.1|_591-692_1BF2:A:638-750	2	8	2	1	0	19	9	8	0	113
gi|116750379|ref|YP_847066.1|_13-825_2GJ4:A:12-835	4	25	14	32	1	73	31	36	0	824
gi|116750380|ref|YP_847067.1|_16-425_3PFK:A:	2	11	3	11	0	31	12	19	0	319
gi|116750381|ref|YP_847068.1|_4-79,169-339_1LIU:A:57-159,A:262-439	0	8	3	14	0	23	18	17	1	281
gi|116750381|ref|YP_847068.1|_74-168_1E0T:A:70-167	4	9	1	1	0	16	5	7	0	98
gi|116750381|ref|YP_847068.1|_324-473_1E0T:A:354-470	2	5	1	4	0	13	9	6	0	117
gi|116750382|ref|YP_847069.1|_81-380_1J6P:A:50-330	2	8	3	12	0	25	12	22	0	281
gi|116750382|ref|YP_847069.1|_355-454_1J6P:A:1-49,A:331-405	2	8	2	2	0	13	11	8	1	124
gi|116750382|ref|YP_847069.1|_25-99_1J6P:A:1-49,A:331-405	2	8	2	2	0	13	11	8	1	124
gi|116750383|ref|YP_847070.1|_74-371_1J6P:A:50-330	2	8	3	12	0	25	12	22	0	281
gi|116750383|ref|YP_847070.1|_16-74,371-445_1J6P:A:1-49,A:331-405	2	8	2	2	0	13	11	8	1	124
gi|116750384|ref|YP_847071.1|_5-273_1M73:E:	1	9	4	8	0	34	16	20	0	288
gi|116750385|ref|YP_847072.1|_29-524_1A1V:A:190-325	0	7	1	4	0	14	10	6	0	136
gi|116750386|ref|YP_847073.1|_68-99,136-254_1NQZ:A:	3	11	2	4	0	20	4	7	0	187
gi|116750388|ref|YP_847075.1|_1-122_2EF7:A:1-127	5	7	2	4	0	12	7	10	0	127
gi|116750390|ref|YP_847077.1|_22-453_1P5H:A:	3	12	5	17	0	48	21	36	0	427
gi|116750391|ref|YP_847078.1|_73-126,158-497_1Q7E:A:	0	11	5	17	0	41	21	30	0	427
gi|116750393|ref|YP_847080.1|_12-422_1E39:A:103-359,A:506-568	2	15	3	9	0	38	17	21	1	320
gi|116750393|ref|YP_847080.1|_593-918_1XHC:A:104-225	1	10	1	3	0	13	8	5	0	122
gi|116750393|ref|YP_847080.1|_905-999_1JNR:B:	1	7	2	3	0	25	9	11	0	149
gi|116750435|ref|YP_847122.1|_12-422_1E39:A:103-359,A:506-568	2	15	3	9	0	38	17	21	1	320
gi|116750435|ref|YP_847122.1|_593-918_1XHC:A:104-225	1	10	1	3	0	13	8	5	0	122
gi|116750435|ref|YP_847122.1|_905-999_1JNR:B:	1	7	2	3	0	25	9	11	0	149
gi|116750394|ref|YP_847081.1|_185-242_2OBP:A:12-92	1	2	0	4	0	7	3	5	0	81
gi|116750436|ref|YP_847123.1|_185-242_2OBP:A:12-92	1	2	0	4	0	7	3	5	0	81
gi|116750396|ref|YP_847083.1|_3-259_1VJ5:A:226-547	0	8	9	13	0	29	21	23	0	321
gi|116750438|ref|YP_847125.1|_3-259_1VJ5:A:226-547	0	8	9	13	0	29	21	23	0	321
gi|116750397|ref|YP_847084.1|_1-123_1MVO:A:	0	5	0	5	0	13	6	5	0	121
gi|116750439|ref|YP_847126.1|_1-123_1MVO:A:	0	5	0	5	0	13	6	5	0	121
gi|116750401|ref|YP_847088.1|_4-189_1YNB:A:7-173	2	0	5	7	0	12	5	7	0	167
gi|116750443|ref|YP_847130.1|_4-189_1YNB:A:7-173	2	0	5	7	0	12	5	7	0	167
gi|116750402|ref|YP_847089.1|_79-161_2PC6:A:78-163	0	5	2	2	0	8	3	5	0	86
gi|116750402|ref|YP_847089.1|_1-76_2PC6:A:1-77	0	4	1	2	0	4	3	4	0	77
gi|116750444|ref|YP_847131.1|_79-161_2PC6:A:78-163	0	5	2	2	0	8	3	5	0	86
gi|116750444|ref|YP_847131.1|_1-76_2PC6:A:1-77	0	4	1	2	0	4	3	4	0	77
gi|116750403|ref|YP_847090.1|_2-183_1YBH:A:86-280	0	8	4	9	0	19	7	8	0	195
gi|116750403|ref|YP_847090.1|_186-353_1YBH:A:281-459	0	6	2	7	0	16	14	9	0	179
gi|116750403|ref|YP_847090.1|_359-553_1N0H:A:461-687	4	6	2	9	0	27	15	11	0	227
gi|116750404|ref|YP_847091.1|_378-570_1N0H:A:461-687	4	6	2	9	0	27	15	11	0	227
gi|116750404|ref|YP_847091.1|_1-182_1YBH:A:86-280	0	8	4	9	0	19	7	8	0	195
gi|116750404|ref|YP_847091.1|_184-368_1JSC:A:280-460	0	6	4	7	0	16	17	10	0	181
gi|116750446|ref|YP_847133.1|_378-570_1N0H:A:461-687	4	6	2	9	0	27	15	11	0	227
gi|116750446|ref|YP_847133.1|_1-182_1YBH:A:86-280	0	8	4	9	0	19	7	8	0	195
gi|116750446|ref|YP_847133.1|_184-368_1JSC:A:280-460	0	6	4	7	0	16	17	10	0	181
gi|116750405|ref|YP_847092.1|_85-165_2FGC:A:105-187	0	5	2	2	0	8	4	1	0	83
gi|116750405|ref|YP_847092.1|_8-82_2PC6:A:1-77	0	4	1	2	0	4	3	4	0	77
gi|116750447|ref|YP_847134.1|_85-165_2FGC:A:105-187	0	5	2	2	0	8	4	1	0	83
gi|116750447|ref|YP_847134.1|_8-82_2PC6:A:1-77	0	4	1	2	0	4	3	4	0	77
gi|116750406|ref|YP_847093.1|_1-182_1NP3:A:1-182	0	9	2	9	0	24	9	11	0	182
gi|116750406|ref|YP_847093.1|_183-330_1NP3:A:183-327	0	0	0	9	0	5	4	7	0	145
gi|116750448|ref|YP_847135.1|_1-182_1NP3:A:1-182	0	9	2	9	0	24	9	11	0	182
gi|116750448|ref|YP_847135.1|_183-330_1NP3:A:183-327	0	0	0	9	0	5	4	7	0	145
gi|116750409|ref|YP_847096.1|_1-419_1ACO:A:2-528	11	21	6	16	0	60	33	33	0	527
gi|116750451|ref|YP_847138.1|_1-419_1ACO:A:2-528	11	21	6	16	0	60	33	33	0	527
gi|116750410|ref|YP_847097.1|_3-162_1V7L:A:	4	8	0	7	0	21	10	13	0	162
gi|116750452|ref|YP_847139.1|_3-162_1V7L:A:	4	8	0	7	0	21	10	13	0	162
gi|116750411|ref|YP_847098.1|_5-354_1W0D:A:	1	12	4	12	0	31	20	21	0	336
gi|116750453|ref|YP_847140.1|_5-354_1W0D:A:	1	12	4	12	0	31	20	21	0	336
gi|116750412|ref|YP_847099.1|_130-321_2GZ1:A:128-329	7	6	3	5	0	24	11	11	0	202
gi|116750412|ref|YP_847099.1|_6-158_2GZ1:A:2-127,A:330-357	1	7	2	4	0	19	10	9	1	152
gi|116750454|ref|YP_847141.1|_130-321_2GZ1:A:128-329	7	6	3	5	0	24	11	11	0	202
gi|116750454|ref|YP_847141.1|_6-158_2GZ1:A:2-127,A:330-357	1	7	2	4	0	19	10	9	1	152
gi|116750413|ref|YP_847100.1|_1-180_2FHP:A:1-182	2	8	2	5	0	20	8	10	0	182
gi|116750455|ref|YP_847142.1|_1-180_2FHP:A:1-182	2	8	2	5	0	20	8	10	0	182
gi|116750414|ref|YP_847101.1|_2-159_1VLH:A:	0	5	1	6	0	19	6	12	0	157
gi|116750456|ref|YP_847143.1|_2-159_1VLH:A:	0	5	1	6	0	19	6	12	0	157
gi|116750415|ref|YP_847102.1|_59-194,224-335_1QUS:A:	2	7	2	14	0	29	12	16	0	322
gi|116750457|ref|YP_847144.1|_59-194,224-335_1QUS:A:	2	7	2	14	0	29	12	16	0	322
gi|116750416|ref|YP_847103.1|_48-256_1XZP:A:212-371	1	6	1	6	0	15	10	10	0	160
gi|116750458|ref|YP_847145.1|_48-256_1XZP:A:212-371	1	6	1	6	0	15	10	10	0	160
gi|116750418|ref|YP_847105.1|_42-353_1LS1:A:89-295	0	8	2	7	0	20	6	8	0	207
gi|116750418|ref|YP_847105.1|_326-428_1HQ1:A:	0	0	1	5	0	7	2	3	0	104
gi|116750460|ref|YP_847147.1|_42-353_1LS1:A:89-295	0	8	2	7	0	20	6	8	0	207
gi|116750460|ref|YP_847147.1|_326-428_1HQ1:A:	0	0	1	5	0	7	2	3	0	104
gi|116750419|ref|YP_847106.1|_2-78_1FJG:P:	0	5	0	2	0	13	6	5	0	83
gi|116750461|ref|YP_847148.1|_2-78_1FJG:P:	0	5	0	2	0	13	6	5	0	83
gi|116750420|ref|YP_847107.1|_6-62_1K0R:A:263-329	0	3	2	3	0	5	4	2	0	67
gi|116750462|ref|YP_847149.1|_6-62_1K0R:A:263-329	0	3	2	3	0	5	4	2	0	67
gi|116750421|ref|YP_847108.1|_104-173_2F1L:A:101-175	0	6	0	1	0	10	4	6	0	75
gi|116750421|ref|YP_847108.1|_11-98_2F1L:A:7-95	0	6	2	1	0	6	3	5	0	89
gi|116750463|ref|YP_847150.1|_104-173_2F1L:A:101-175	0	6	0	1	0	10	4	6	0	75
gi|116750463|ref|YP_847150.1|_11-98_2F1L:A:7-95	0	6	2	1	0	6	3	5	0	89
gi|116750422|ref|YP_847109.1|_1-241_1UAL:A:	0	9	3	9	0	27	16	11	0	273
gi|116750464|ref|YP_847151.1|_1-241_1UAL:A:	0	9	3	9	0	27	16	11	0	273
gi|116750424|ref|YP_847111.1|_3-114_2GYA:N:1-114	2	0	0	0	0	17	12	7	0	114
gi|116750466|ref|YP_847153.1|_3-114_2GYA:N:1-114	2	0	0	0	0	17	12	7	0	114
gi|116750425|ref|YP_847112.1|_16-209_2ETJ:A:1-221	2	5	1	10	0	20	11	9	0	221
gi|116750467|ref|YP_847154.1|_16-209_2ETJ:A:1-221	2	5	1	10	0	20	11	9	0	221
gi|116750426|ref|YP_847113.1|_2-88_1GEF:A:	2	7	3	3	0	14	7	4	0	120
gi|116750468|ref|YP_847155.1|_2-88_1GEF:A:	2	7	3	3	0	14	7	4	0	120
gi|116750427|ref|YP_847114.1|_16-232_1WYZ:A:2-234	0	10	1	9	0	23	14	9	0	233
gi|116750469|ref|YP_847156.1|_16-232_1WYZ:A:2-234	0	10	1	9	0	23	14	9	0	233
gi|116750429|ref|YP_847116.1|_521-746_1O6V:A:33-416	1	19	16	2	0	68	27	29	0	381
gi|116750471|ref|YP_847158.1|_521-746_1O6V:A:33-416	1	19	16	2	0	68	27	29	0	381
gi|116750432|ref|YP_847119.1|_120-273_1B74:A:106-252	0	6	0	6	0	16	11	8	0	147
gi|116750432|ref|YP_847119.1|_15-117_1B74:A:1-105	0	4	2	4	0	9	7	2	0	105
gi|116750474|ref|YP_847161.1|_120-273_1B74:A:106-252	0	6	0	6	0	16	11	8	0	147
gi|116750474|ref|YP_847161.1|_15-117_1B74:A:1-105	0	4	2	4	0	9	7	2	0	105
gi|116750433|ref|YP_847120.1|_29-324_1RTQ:A:	0	9	4	8	0	27	18	18	0	291
gi|116750475|ref|YP_847162.1|_29-324_1RTQ:A:	0	9	4	8	0	27	18	18	0	291
gi|116750445|ref|YP_847132.1|_7-188_1YBH:A:86-280	0	8	4	9	0	19	7	8	0	195
gi|116750445|ref|YP_847132.1|_191-358_1YBH:A:281-459	0	6	2	7	0	16	14	9	0	179
gi|116750445|ref|YP_847132.1|_364-558_1N0H:A:461-687	4	6	2	9	0	27	15	11	0	227
gi|116750477|ref|YP_847164.1|_60-401_1UM8:A:	0	10	5	15	0	31	13	21	0	364
gi|116750478|ref|YP_847165.1|_41-364_1TV8:A:	4	11	4	10	0	39	20	20	0	327
gi|116750479|ref|YP_847166.1|_2-323_1W1Z:A:	2	12	4	11	0	29	24	19	0	319
gi|116750480|ref|YP_847167.1|_29-344_1TV8:A:	4	11	4	10	0	39	20	20	0	327
gi|116750481|ref|YP_847168.1|_66-176_1YT8:A:107-242	4	5	1	6	0	18	9	6	0	136
gi|116750484|ref|YP_847171.1|_203-419_2NLY:A:31-254	1	9	3	8	0	23	9	13	0	224
gi|116750485|ref|YP_847172.1|_33-118,192-368_1FC6:A:78-156,A:249-463	3	11	2	8	0	37	21	16	1	294
gi|116750485|ref|YP_847172.1|_89-183_1FC6:A:157-248	3	6	0	2	0	13	5	8	0	92
gi|116750487|ref|YP_847174.1|_5-216_3DHW:C:1-240	3	10	1	7	0	21	17	12	0	240
gi|116750490|ref|YP_847177.1|_122-229_1WIN:A:	0	6	0	5	0	15	6	3	0	142
gi|116750491|ref|YP_847178.1|_211-451_2G39:A:224-497	2	17	5	10	0	29	21	17	0	274
gi|116750491|ref|YP_847178.1|_24-242_1K6D:A:	5	12	3	7	0	26	9	15	0	219
gi|116750491|ref|YP_847178.1|_483-628_2GE3:A:6-169	0	7	2	4	0	13	5	8	0	164
gi|116750494|ref|YP_847181.1|_11-479_1BI9:A:	7	19	2	16	0	50	25	21	0	499
gi|116750495|ref|YP_847182.1|_3-160_1NP6:A:	0	8	2	4	0	19	12	7	0	170
gi|116750496|ref|YP_847183.1|_1-185_1E5K:A:	0	9	1	7	0	22	13	14	0	188
gi|116750497|ref|YP_847184.1|_2-175_1WU2:A:6-180	8	12	3	2	0	28	9	13	0	175
gi|116750497|ref|YP_847184.1|_176-320_1G8L:A:178-326	1	9	0	5	0	17	13	5	0	149
gi|116750497|ref|YP_847184.1|_324-398_1XI8:A:325-396	0	7	0	1	0	11	4	5	0	72
gi|116750499|ref|YP_847186.1|_95-136_1YFB:A:3-53	0	4	0	1	0	7	0	4	0	52
gi|116750500|ref|YP_847187.1|_49-343_1U1J:A:396-760	9	10	3	11	0	43	33	23	0	365
gi|116750503|ref|YP_847190.1|_27-416_1T16:A:	5	20	6	3	0	41	20	15	0	426
gi|116750504|ref|YP_847191.1|_50-428_1ZCZ:A:158-452	2	16	1	8	0	32	22	11	0	295
gi|116750505|ref|YP_847192.1|_4-186_1SBZ:A:	2	6	2	7	0	19	9	11	0	186
gi|116750506|ref|YP_847193.1|_3-250_1OJX:A:	0	10	2	11	0	27	16	15	0	251
gi|116750507|ref|YP_847194.1|_9-271_2NXO:A:5-281	2	10	3	12	0	20	18	12	0	277
gi|116750508|ref|YP_847195.1|_72-371_2IMR:A:91-398	4	8	4	16	0	34	17	17	0	308
gi|116750508|ref|YP_847195.1|_15-86_2IMR:A:34-90,A:399-418	2	7	2	1	0	9	6	3	1	77
gi|116750509|ref|YP_847196.1|_14-344_1R30:A:	5	9	1	11	0	35	25	12	0	312
gi|116750510|ref|YP_847197.1|_25-358_1R30:A:	5	9	1	11	0	35	25	12	0	312
gi|116750511|ref|YP_847198.1|_86-211_2FQ4:A:78-192	0	0	0	6	0	8	4	6	0	115
gi|116750511|ref|YP_847198.1|_10-82_1Z77:A:1-75	0	0	0	4	0	4	1	3	0	75
gi|116750512|ref|YP_847199.1|_16-142_1ZKI:A:4-129	2	6	2	2	0	13	7	4	0	126
gi|116750516|ref|YP_847203.1|_75-254_1UC8:A:89-280	2	8	0	6	0	15	6	8	0	192
gi|116750517|ref|YP_847204.1|_16-213,300-328,357-530_1E69:A:	6	14	2	6	0	26	20	16	0	308
gi|116750518|ref|YP_847205.1|_311-551_1K30:A:	2	9	5	14	0	31	12	16	0	367
gi|116750519|ref|YP_847206.1|_12-352_1EKF:A:	6	19	3	7	0	43	24	20	0	365
gi|116750520|ref|YP_847207.1|_14-137_1Z94:A:2-144	0	7	0	3	0	11	6	7	0	143
gi|116750521|ref|YP_847208.1|_97-281_1YGY:A:99-282	3	7	2	7	0	24	14	12	0	184
gi|116750521|ref|YP_847208.1|_1-135_1YGY:A:3-98,A:283-316	4	5	2	4	0	19	10	9	1	130
gi|116750521|ref|YP_847208.1|_319-448_1YGY:A:317-451	0	6	2	3	0	9	10	8	0	135
gi|116750521|ref|YP_847208.1|_443-522_1YGY:A:452-529	0	4	0	2	0	7	5	3	0	78
gi|116750522|ref|YP_847209.1|_7-244_1JI0:A:	2	10	1	10	0	19	14	15	0	240
gi|116750523|ref|YP_847210.1|_3-252_1G6H:A:	2	11	5	9	0	21	16	17	0	254
gi|116750526|ref|YP_847213.1|_26-383_1USG:A:	4	14	6	11	0	33	12	17	0	346
gi|116750527|ref|YP_847214.1|_1-137,305-360_1PJC:A:1-135,A:304-361	0	8	5	8	0	20	7	14	1	193
gi|116750527|ref|YP_847214.1|_137-303_1PJC:A:136-303	4	7	3	5	0	19	11	13	0	168
gi|116750530|ref|YP_847217.1|_311-481_2C2A:A:321-481	0	7	2	3	0	13	4	10	0	161
gi|116750530|ref|YP_847217.1|_237-322_2C2A:A:232-320	0	0	1	3	0	3	0	4	0	89
gi|116750532|ref|YP_847219.1|_142-381_1NY5:A:138-384	4	9	2	11	0	25	17	12	0	247
gi|116750532|ref|YP_847219.1|_4-183_1KRW:A:	0	5	0	5	0	10	8	4	0	124
gi|116750532|ref|YP_847219.1|_383-446_1ETO:B:	0	2	0	4	0	7	1	4	0	98
gi|116750533|ref|YP_847220.1|_420-596_1R62:A:	0	7	1	3	0	11	0	7	0	156
gi|116750533|ref|YP_847220.1|_615-732_1QKK:A:	0	5	1	5	0	15	7	5	0	154
gi|116750533|ref|YP_847220.1|_222-347_1EW0:A:	2	5	2	5	0	11	8	8	0	130
gi|116750533|ref|YP_847220.1|_356-427_2C2A:A:232-320	0	0	1	3	0	3	0	4	0	89
gi|116750533|ref|YP_847220.1|_98-205_1BYW:A:	2	5	1	3	0	13	3	8	0	110
gi|116750535|ref|YP_847222.1|_14-268_1XHB:A:95-422	1	12	5	11	0	35	18	17	0	328
gi|116750536|ref|YP_847223.1|_2-164,197-289_2I5I:A:2-262	4	7	6	9	0	29	18	13	0	261
gi|116750537|ref|YP_847224.1|_36-457_1EK9:A:	0	7	2	9	0	18	12	9	0	428
gi|116750538|ref|YP_847225.1|_299-491_1IWG:A:7-37,A:331-498	0	0	1	8	0	9	7	9	1	199
gi|116750538|ref|YP_847225.1|_755-930_1IWG:A:7-37,A:331-498	0	0	1	8	0	9	7	9	1	199
gi|116750541|ref|YP_847228.1|_60-160_1OR7:A:1-111	0	0	2	5	0	7	5	4	0	111
gi|116750541|ref|YP_847228.1|_182-242_1RP3:A:164-234	0	0	0	4	0	4	3	3	0	71
gi|116750544|ref|YP_847231.1|_76-337_2BO4:A:2-382	0	8	4	17	0	37	18	18	0	381
gi|116750545|ref|YP_847232.1|_50-121_1S7B:A:	0	0	0	4	0	10	7	3	0	109
gi|116750546|ref|YP_847233.1|_49-127_1S7B:A:	0	0	0	4	0	10	7	3	0	109
gi|116750547|ref|YP_847234.1|_6-166,193-285_2I5I:A:2-262	4	7	6	9	0	29	18	13	0	261
gi|116750548|ref|YP_847235.1|_160-408_1OLT:A:	1	19	6	15	0	46	26	24	0	441
gi|116750550|ref|YP_847237.1|_219-457_1IQR:A:172-416	0	0	4	13	0	24	15	15	0	245
gi|116750550|ref|YP_847237.1|_24-190_1IQR:A:2-171	0	5	0	6	0	18	13	6	0	170
gi|116750551|ref|YP_847238.1|_7-305_1V93:A:	0	8	2	11	0	28	13	16	0	292
gi|116750554|ref|YP_847241.1|_12-435_1DXL:A:153-275	2	8	0	3	0	14	12	4	0	123
gi|116750554|ref|YP_847241.1|_599-660,691-761,792-934_1OJT:A:117-275,A:401-470	1	8	4	5	0	15	9	12	1	229
gi|116750554|ref|YP_847241.1|_737-777,913-1002_1DUR:A:	0	4	1	1	0	12	2	4	0	55
gi|116750556|ref|YP_847243.1|_6-333_1DHS:A:	2	9	3	16	0	28	17	24	0	361
gi|116750557|ref|YP_847244.1|_99-286_1YGY:A:99-282	3	7	2	7	0	24	14	12	0	184
gi|116750557|ref|YP_847244.1|_4-132_1YGY:A:3-98,A:283-316	4	5	2	4	0	19	10	9	1	130
gi|116750558|ref|YP_847245.1|_16-73_1HFE:L:2-86	2	4	3	1	0	15	3	7	0	85
gi|116750559|ref|YP_847246.1|_11-204_1B0P:A:2-258	2	11	0	10	0	22	13	9	0	257
gi|116750559|ref|YP_847246.1|_278-371_1UMD:B:188-324	0	6	2	5	0	15	7	5	0	137
gi|116750560|ref|YP_847247.1|_19-270_1B0P:A:786-1232	9	8	4	17	0	46	33	30	0	447
gi|116750561|ref|YP_847248.1|_4-176_1B0P:A:416-668	2	6	4	9	0	29	21	11	0	253
gi|116750562|ref|YP_847249.1|_3-273_1U8V:A:1-275	0	12	7	6	0	27	14	15	0	275
gi|116750562|ref|YP_847249.1|_263-476_1U8V:A:276-490	2	2	1	12	0	17	8	16	0	215
gi|116750563|ref|YP_847250.1|_1-360_1Z41:A:2-338	1	12	4	10	0	34	24	18	0	337
gi|116750563|ref|YP_847250.1|_336-642_1NHP:A:120-242	2	8	0	3	0	12	10	6	0	123
gi|116750567|ref|YP_847254.1|_11-126_1O4T:A:	0	11	2	0	0	13	8	5	0	115
gi|116750569|ref|YP_847256.1|_93-224_2HS5:A:94-231	0	0	1	6	0	7	0	5	0	138
gi|116750569|ref|YP_847256.1|_25-110_2HS5:A:25-93	0	3	0	3	0	6	2	5	0	69
gi|116750571|ref|YP_847258.1|_7-150_2FZF:A:10-167	2	0	1	5	0	10	10	5	0	158
gi|116750572|ref|YP_847259.1|_53-249_1OUV:A:	0	0	0	15	0	18	7	15	0	272
gi|116750573|ref|YP_847260.1|_41-182_1VE3:A:2-227	0	10	2	7	0	20	9	11	0	226
gi|116750574|ref|YP_847261.1|_121-338_1AZZ:A:	7	15	1	3	0	34	17	17	0	226
gi|116750575|ref|YP_847262.1|_120-355_1P3C:A:	4	17	3	5	0	31	9	13	0	215
gi|116750576|ref|YP_847263.1|_150-428_1RTQ:A:	0	9	4	8	0	27	18	18	0	291
gi|116750577|ref|YP_847264.1|_24-84_1TI6:B:196-274	0	8	0	0	0	7	3	5	0	79
gi|116750579|ref|YP_847266.1|_82-289,320-426_1TV8:A:	4	11	4	10	0	39	20	20	0	327
gi|116750580|ref|YP_847267.1|_87-219_2V4J:A:168-241,A:323-437	5	5	3	7	0	26	15	9	1	189
gi|116750580|ref|YP_847267.1|_9-76_2AKJ:A:346-430	1	5	1	3	0	5	6	5	0	85
gi|116750581|ref|YP_847268.1|_8-251_1HUX:A:	0	10	3	8	0	21	12	13	0	259
gi|116750584|ref|YP_847271.1|_2-272_1XT8:A:10-257	2	13	3	10	0	20	15	15	0	248
gi|116750585|ref|YP_847272.1|_19-217_3DHW:A:6-208	0	0	1	9	0	11	7	9	0	203
gi|116750586|ref|YP_847273.1|_13-199_3DHW:A:6-208	0	0	1	9	0	11	7	9	0	203
gi|116750587|ref|YP_847274.1|_1-236_1B0U:A:	0	12	1	10	0	24	16	14	0	261
gi|116750590|ref|YP_847277.1|_6-73_1JDQ:A:	0	4	0	2	0	14	9	3	0	97
gi|116750592|ref|YP_847279.1|_84-281_1UB0:A:	1	9	1	8	0	20	12	11	0	258
gi|116750593|ref|YP_847280.1|_19-135_1EW0:A:	2	5	2	5	0	11	8	8	0	130
gi|116750594|ref|YP_847281.1|_108-239_1T33:A:89-220	0	0	1	7	0	6	5	6	0	132
gi|116750594|ref|YP_847281.1|_32-97_2FBQ:A:2-80	0	0	0	4	0	6	3	4	0	79
gi|116750596|ref|YP_847283.1|_263-457_1IWG:A:7-37,A:331-498	0	0	1	8	0	9	7	9	1	199
gi|116750596|ref|YP_847283.1|_720-897_1IWG:A:7-37,A:331-498	0	0	1	8	0	9	7	9	1	199
gi|116750603|ref|YP_847290.1|_174-308_1MRZ:A:159-288	2	6	1	1	0	14	3	2	0	130
gi|116750603|ref|YP_847290.1|_18-176_1MRZ:A:2-158	3	7	2	7	0	19	6	11	0	157
gi|116750604|ref|YP_847291.1|_333-504_1MKY:A:2-172	2	6	2	6	0	13	10	9	0	171
gi|116750605|ref|YP_847292.1|_186-429_1CR1:A:	2	9	1	9	0	25	13	10	0	277
gi|116750605|ref|YP_847292.1|_10-121_1JWE:A:	0	0	3	6	0	7	4	6	0	114
gi|116750606|ref|YP_847293.1|_57-147_2GYC:F:59-149	1	5	0	2	0	10	6	4	0	91
gi|116750606|ref|YP_847293.1|_1-57_2J01:I:1-55	0	3	0	2	0	7	4	2	0	55
gi|116750608|ref|YP_847295.1|_4-76_2QAL:R:19-73	2	0	1	2	0	7	5	3	0	55
gi|116750609|ref|YP_847296.1|_1-96_2J5A:A:3-108	0	4	1	2	0	11	6	4	0	106
gi|116750612|ref|YP_847299.1|_10-66_1HH2:P:277-344	0	3	1	3	0	6	5	3	0	68
gi|116750614|ref|YP_847301.1|_10-314_1PSW:A:	0	12	6	13	0	35	21	21	0	348
gi|116750615|ref|YP_847302.1|_8-198_2GM6:A:11-202	4	11	2	2	0	30	16	7	0	192
gi|116750616|ref|YP_847303.1|_3-530_2IV2:X:1-564	10	22	7	22	0	67	42	29	0	564
gi|116750616|ref|YP_847303.1|_519-634_2FUG:3:686-767	2	4	1	1	0	12	9	4	0	82
gi|116750618|ref|YP_847305.1|_438-633_2CE7:A:411-603	1	2	1	7	0	10	7	6	0	193
gi|116750618|ref|YP_847305.1|_178-427_2CE7:A:150-402	2	5	6	9	0	24	12	16	0	253
gi|116750621|ref|YP_847308.1|_61-399_1RW3:A:	14	14	5	11	0	57	32	26	0	454
gi|116750622|ref|YP_847309.1|_2-256_1PJQ:A:216-457	3	10	3	8	0	24	20	15	0	242
gi|116750622|ref|YP_847309.1|_253-504_1WD7:A:	2	12	1	11	0	23	15	12	0	260
gi|116750623|ref|YP_847310.1|_4-219_1PDA:A:3-219	0	10	3	7	0	25	14	12	0	217
gi|116750623|ref|YP_847310.1|_220-307_1GTK:A:220-313	0	3	1	3	0	7	3	6	0	94
gi|116750625|ref|YP_847312.1|_4-122_1ZX8:A:1-124	2	10	2	1	0	15	10	5	0	124
gi|116750627|ref|YP_847314.1|_10-196_1X92:A:	0	5	1	8	0	20	6	10	0	194
gi|116750628|ref|YP_847315.1|_33-315_1A3G:A:	5	16	3	7	0	37	19	17	0	305
gi|116750629|ref|YP_847316.1|_9-222_2HSZ:A:1-224	1	8	4	8	0	23	14	13	0	224
gi|116750630|ref|YP_847317.1|_41-290_2P90:A:6-274	3	11	3	8	0	25	11	7	0	269
gi|116750632|ref|YP_847319.1|_4-155_1MVO:A:	0	5	0	5	0	13	6	5	0	121
gi|116750632|ref|YP_847319.1|_266-392_2C2A:A:321-481	0	7	2	3	0	13	4	10	0	161
gi|116750635|ref|YP_847322.1|_1-65_2ES2:A:1-67	1	5	1	0	0	7	2	4	0	67
gi|116750636|ref|YP_847323.1|_1-300_1UDB:A:	3	13	1	11	0	38	21	15	0	338
gi|116750637|ref|YP_847324.1|_11-201_1TE4:A:	0	0	3	6	0	11	9	5	0	111
gi|116750638|ref|YP_847325.1|_5-62_1FXD:A:	0	4	0	2	0	10	2	4	0	58
gi|116750639|ref|YP_847326.1|_95-393_1HYU:A:199-325,A:452-521	8	9	2	4	0	27	18	13	1	197
gi|116750639|ref|YP_847326.1|_4-84_1FOV:A:	0	4	0	4	0	10	6	4	0	82
gi|116750640|ref|YP_847327.1|_4-75_1FOV:A:	0	4	0	4	0	10	6	4	0	82
gi|116750641|ref|YP_847328.1|_5-162_1VJX:A:	4	0	1	5	0	10	7	3	0	156
gi|116750643|ref|YP_847330.1|_1-51_2DSX:A:1-52	4	3	3	0	0	11	1	6	0	52
gi|116750644|ref|YP_847331.1|_495-515,554-803_2B8E:A:416-434,A:548-663	2	6	0	6	1	16	9	5	1	135
gi|116750644|ref|YP_847331.1|_298-395_1SU4:A:125-239	2	9	3	0	0	21	10	7	0	115
gi|116750644|ref|YP_847331.1|_66-134_1OQ3:A:	0	4	1	2	0	8	6	6	0	75
gi|116750644|ref|YP_847331.1|_1-61_1OQ3:A:	0	4	1	2	0	8	6	6	0	75
gi|116750644|ref|YP_847331.1|_258-299,396-488_1SU4:A:1-124,A:240-343,A:751-994	1	1	8	18	0	32	20	22	2	472
gi|116750645|ref|YP_847332.1|_2-64_1K0V:A:	0	4	0	2	0	9	2	5	0	72
gi|116750647|ref|YP_847334.1|_165-303_1MJH:A:	0	5	1	4	0	16	7	5	0	160
gi|116750647|ref|YP_847334.1|_4-148_1WJG:A:	0	5	1	4	0	15	7	4	0	135
gi|116750648|ref|YP_847335.1|_2-71_1T0G:A:	0	5	1	3	0	13	7	9	0	109
gi|116750649|ref|YP_847336.1|_35-237_1BE3:A:1-233	2	7	3	9	0	24	15	12	0	233
gi|116750649|ref|YP_847336.1|_254-444_1HR6:A:234-470	0	6	2	8	0	22	12	12	0	237
gi|116750650|ref|YP_847337.1|_255-444_1HR6:B:246-462	1	6	1	8	0	21	10	9	0	217
gi|116750650|ref|YP_847337.1|_30-234_1BE3:A:1-233	2	7	3	9	0	24	15	12	0	233
gi|116750651|ref|YP_847338.1|_1-139_1VMJ:A:	0	8	2	3	0	14	8	4	0	139
gi|116750652|ref|YP_847339.1|_5-168_1LOP:A:	2	13	1	2	0	17	11	10	0	164
gi|116750653|ref|YP_847340.1|_34-286_1C4X:A:	0	8	4	12	0	29	23	15	0	281
gi|116750654|ref|YP_847341.1|_202-442_1OLT:A:	1	19	6	15	0	46	26	24	0	441
gi|116750655|ref|YP_847342.1|_20-420_1T16:A:	5	20	6	3	0	41	20	15	0	426
gi|116750656|ref|YP_847343.1|_30-197_1DL5:A:1-213	5	9	5	7	0	25	11	9	0	213
gi|116750657|ref|YP_847344.1|_449-627_3DJB:A:2-214	0	0	1	10	0	12	8	14	0	213
gi|116750657|ref|YP_847344.1|_272-443_1F5M:A:	2	6	2	4	0	18	12	9	0	176
gi|116750658|ref|YP_847345.1|_286-502_1O6Y:A:	1	11	3	8	0	24	14	12	0	276
gi|116750659|ref|YP_847346.1|_10-165_1DIQ:C:	0	0	0	4	0	8	7	6	0	74
gi|116750660|ref|YP_847347.1|_339-627_1SQJ:A:4-430	5	31	4	2	0	58	43	30	0	427
gi|116750660|ref|YP_847347.1|_56-288_3SIL:A:	7	27	3	2	0	51	26	21	0	379
gi|116750660|ref|YP_847347.1|_580-805,869-919_1SQJ:A:4-430	5	31	4	2	0	58	43	30	0	427
gi|116750664|ref|YP_847351.1|_410-538_1EW0:A:	2	5	2	5	0	11	8	8	0	130
gi|116750664|ref|YP_847351.1|_633-771_2C2A:A:321-481	0	7	2	3	0	13	4	10	0	161
gi|116750664|ref|YP_847351.1|_162-289_1EW0:A:	2	5	2	5	0	11	8	8	0	130
gi|116750664|ref|YP_847351.1|_291-410_1EW0:A:	2	5	2	5	0	11	8	8	0	130
gi|116750664|ref|YP_847351.1|_33-163_1EW0:A:	2	5	2	5	0	11	8	8	0	130
gi|116750665|ref|YP_847352.1|_181-415_1BVU:A:181-418	0	7	0	10	0	27	16	11	0	238
gi|116750665|ref|YP_847352.1|_5-183_1BVU:A:3-180	2	6	4	5	0	19	9	9	0	178
gi|116750666|ref|YP_847353.1|_167-306_1WJG:A:	0	5	1	4	0	15	7	4	0	135
gi|116750666|ref|YP_847353.1|_7-154_1WJG:A:	0	5	1	4	0	15	7	4	0	135
gi|116750667|ref|YP_847354.1|_3-321_1B65:A:	6	15	8	10	0	45	20	18	0	367
gi|116750668|ref|YP_847355.1|_47-236_2PQ7:A:1-217	0	0	2	10	0	9	5	7	0	217
gi|116750670|ref|YP_847357.1|_25-160_1HW5:A:1-137	2	8	1	3	0	15	9	5	0	137
gi|116750671|ref|YP_847358.1|_5-324_2HYD:A:1-323	0	0	1	15	1	9	5	12	0	323
gi|116750671|ref|YP_847358.1|_337-434,697-820_1MT0:A:	2	10	3	10	0	20	20	20	0	241
gi|116750672|ref|YP_847359.1|_2-131_1MZB:A:	1	5	0	5	0	12	4	5	0	134
gi|116750673|ref|YP_847360.1|_5-147_1DVB:A:1-147	0	0	0	5	0	6	3	6	0	147
gi|116750673|ref|YP_847360.1|_148-190_1DVB:A:148-191	2	3	1	0	0	5	2	2	0	44
gi|116750674|ref|YP_847361.1|_9-282_1YCG:A:2-250	2	16	3	7	0	31	14	14	0	249
gi|116750674|ref|YP_847361.1|_250-394_1YCG:A:251-399	2	6	2	5	0	15	9	3	0	149
gi|116750675|ref|YP_847362.1|_437-548_2C2A:A:321-481	0	7	2	3	0	13	4	10	0	161
gi|116750675|ref|YP_847362.1|_56-158_1DP6:A:	3	5	1	4	0	10	6	6	0	116
gi|116750675|ref|YP_847362.1|_143-315_1MC0:A:215-401	0	6	1	5	0	13	10	4	0	187
gi|116750678|ref|YP_847365.1|_382-528_1W25:A:294-455	1	7	1	5	0	15	9	9	0	161
gi|116750679|ref|YP_847366.1|_240-365_1BMT:A:741-896	0	5	1	6	0	17	8	8	0	156
gi|116750681|ref|YP_847368.1|_23-367_2PPQ:A:5-320	7	9	3	9	0	29	14	15	0	316
gi|116750684|ref|YP_847371.1|_25-202_1VL5:A:	2	8	2	9	0	21	9	11	0	231
gi|116750685|ref|YP_847372.1|_297-534,616-676_1KBL:A:2-376	2	10	6	14	0	31	14	19	0	375
gi|116750686|ref|YP_847373.1|_184-418_1BVU:A:181-418	0	7	0	10	0	27	16	11	0	238
gi|116750686|ref|YP_847373.1|_7-186_1BVU:A:3-180	2	6	4	5	0	19	9	9	0	178
gi|116750689|ref|YP_847376.1|_149-391_1NY5:A:138-384	4	9	2	11	0	25	17	12	0	247
gi|116750689|ref|YP_847376.1|_4-194_1NY5:A:1-137	2	5	0	5	0	10	7	5	0	137
gi|116750689|ref|YP_847376.1|_362-477_1ETO:B:	0	2	0	4	0	7	1	4	0	98
gi|116750690|ref|YP_847377.1|_445-611_1R62:A:	0	7	1	3	0	11	0	7	0	156
gi|116750690|ref|YP_847377.1|_381-454_2C2A:A:232-320	0	0	1	3	0	3	0	4	0	89
gi|116750690|ref|YP_847377.1|_300-351_2ASX:A:278-331	0	0	0	2	0	4	1	3	0	54
gi|116750692|ref|YP_847379.1|_326-581_2FWR:A:23-256	3	12	5	9	0	19	16	14	0	234
gi|116750692|ref|YP_847379.1|_526-584,629-760_2FWR:A:23-256	3	12	5	9	0	19	16	14	0	234
gi|116750693|ref|YP_847380.1|_22-189_1VE3:A:2-227	0	10	2	7	0	20	9	11	0	226
gi|116750694|ref|YP_847381.1|_32-259_1VL5:A:	2	8	2	9	0	21	9	11	0	231
gi|116750695|ref|YP_847382.1|_1-62_2JZ6:A:6-75	1	2	0	1	0	7	4	3	0	70
gi|116750696|ref|YP_847383.1|_274-517_1KV3:A:146-468	2	14	1	10	0	34	20	23	0	323
gi|116750698|ref|YP_847385.1|_7-284_1G8P:A:	2	11	8	13	0	37	15	10	0	333
gi|116750699|ref|YP_847386.1|_169-340_1CLI:A:171-345	2	6	3	7	0	19	8	10	0	175
gi|116750699|ref|YP_847386.1|_5-168_1CLI:A:5-170	0	6	2	5	0	15	7	12	0	166
gi|116750701|ref|YP_847388.1|_11-265_1HV9:A:4-251	0	11	6	7	0	28	14	14	0	248
gi|116750702|ref|YP_847389.1|_3-234_1JJ7:A:	4	10	3	10	0	29	19	15	0	251
gi|116750703|ref|YP_847390.1|_119-294_1YB5:A:121-294	0	7	1	8	0	16	8	12	0	174
gi|116750703|ref|YP_847390.1|_5-124,303-331_1YB5:A:6-120,A:295-329	2	9	3	2	0	18	11	6	1	150
gi|116750704|ref|YP_847391.1|_22-82_1X2I:A:2-69	0	0	0	5	0	6	4	4	0	68
gi|116750706|ref|YP_847393.1|_4-121,185-303_1MLA:A:3-127,A:198-307	2	5	1	12	0	22	14	13	1	235
gi|116750706|ref|YP_847393.1|_128-187_1MLA:A:128-197	0	4	0	2	0	6	5	4	0	70
gi|116750707|ref|YP_847394.1|_1-161_1KQF:B:2-245	4	11	3	6	0	31	15	19	0	244
gi|116750708|ref|YP_847395.1|_5-561_2IV2:X:1-564	10	22	7	22	0	67	42	29	0	564
gi|116750708|ref|YP_847395.1|_535-693_1Q16:A:1075-1244	11	8	2	2	0	24	14	13	0	170
gi|116750709|ref|YP_847396.1|_18-133_1NY5:A:1-137	2	5	0	5	0	10	7	5	0	137
gi|116750712|ref|YP_847399.1|_49-263_2D29:A:2-234	2	8	6	7	0	18	11	12	0	233
gi|116750712|ref|YP_847399.1|_249-402_1UKW:A:259-410	2	0	3	5	0	5	5	4	0	152
gi|116750713|ref|YP_847400.1|_324-498_2PJQ:A:1-215	0	0	2	11	0	15	11	12	0	215
gi|116750713|ref|YP_847400.1|_1-134_1NY5:A:1-137	2	5	0	5	0	10	7	5	0	137
gi|116750713|ref|YP_847400.1|_170-315_2O9C:A:135-321	1	9	1	5	0	19	10	9	0	187
gi|116750714|ref|YP_847401.1|_123-271_2C2A:A:321-481	0	7	2	3	0	13	4	10	0	161
gi|116750715|ref|YP_847402.1|_15-162_2F9Z:C:1-157	2	10	2	2	0	19	7	6	0	157
gi|116750717|ref|YP_847404.1|_28-96_1RP3:B:	0	0	0	4	0	5	1	4	0	87
gi|116750719|ref|YP_847406.1|_1-104_1NZA:A:	0	4	0	3	0	6	5	3	0	103
gi|116750720|ref|YP_847407.1|_32-432_1K75:A:	1	14	4	16	0	38	24	17	0	431
gi|116750721|ref|YP_847408.1|_61-155_1BW3:A:	0	5	2	4	0	16	12	8	0	125
gi|116750721|ref|YP_847408.1|_181-254_1UTA:A:	4	3	0	2	0	10	4	2	0	77
gi|116750722|ref|YP_847409.1|_52-352_1NVM:A:2-290	10	8	3	11	0	35	15	21	0	289
gi|116750722|ref|YP_847409.1|_483-605_2BAS:A:263-407	2	7	2	4	0	12	6	11	0	145
gi|116750723|ref|YP_847410.1|_137-320,448-607_1G51:A:105-294,A:415-580	10	13	3	12	0	35	23	20	1	356
gi|116750723|ref|YP_847410.1|_317-443_1C0A:A:288-420	0	5	3	5	0	14	6	8	0	133
gi|116750723|ref|YP_847410.1|_27-131_1C0A:A:1-106	0	5	3	1	0	12	3	7	0	106
gi|116750724|ref|YP_847411.1|_4-316_1KMM:A:4-325	4	11	2	9	0	31	14	15	0	322
gi|116750724|ref|YP_847411.1|_326-415_1QE0:A:326-420	0	5	0	4	0	11	3	5	0	95
gi|116750725|ref|YP_847412.1|_16-252_1YX1:A:3-252	1	10	5	10	0	27	13	13	0	250
gi|116750727|ref|YP_847414.1|_4-180_1F9A:A:	0	5	2	7	0	18	11	8	0	164
gi|116750728|ref|YP_847415.1|_52-176_1YT8:A:107-242	4	5	1	6	0	18	9	6	0	136
gi|116750731|ref|YP_847418.1|_121-182_2FBN:A:22-174	0	0	1	7	0	10	3	7	0	153
gi|116750732|ref|YP_847419.1|_1-315_1OKJ:A:1-106	0	5	1	3	0	7	4	4	0	106
gi|116750733|ref|YP_847420.1|_18-281_1QYR:A:	2	9	5	11	0	27	13	14	0	252
gi|116750734|ref|YP_847421.1|_88-294_1I6A:A:	1	12	4	4	0	23	15	16	0	212
gi|116750734|ref|YP_847421.1|_1-111_1IXC:A:1-89	2	0	0	4	0	6	2	3	0	89
gi|116750735|ref|YP_847422.1|_308-530_1Q12:A:4-235	1	11	4	7	0	25	20	16	0	232
gi|116750735|ref|YP_847422.1|_2-92,131-268_1VPL:A:	2	10	2	9	0	18	9	15	0	238
gi|116750736|ref|YP_847423.1|_14-228_1LVH:A:	2	6	7	9	0	21	8	14	0	221
gi|116750737|ref|YP_847424.1|_213-323_1VF7:A:	2	20	0	3	0	31	18	9	0	237
gi|116750737|ref|YP_847424.1|_56-141_1VF7:A:	2	20	0	3	0	31	18	9	0	237
gi|116750738|ref|YP_847425.1|_13-204,258-430,489-514_1PV7:A:	0	0	2	22	0	18	12	14	0	417
gi|116750739|ref|YP_847426.1|_139-396_1PV9:A:125-345	6	13	2	4	0	27	12	10	0	221
gi|116750739|ref|YP_847426.1|_3-137_1CHM:A:2-156	1	7	1	6	0	19	11	7	0	155
gi|116750742|ref|YP_847429.1|_556-750_1HYQ:A:	0	8	2	11	0	23	12	9	0	232
gi|116750743|ref|YP_847430.1|_52-111_1FCH:A:	0	0	2	17	0	24	6	19	0	323
gi|116750743|ref|YP_847430.1|_66-229_1FCH:A:	0	0	2	17	0	24	6	19	0	323
gi|116750744|ref|YP_847431.1|_94-164_1XBL:A:	0	0	0	3	0	7	3	6	0	75
gi|116750745|ref|YP_847432.1|_1-280_2CU2:A:1-268	4	11	7	10	0	28	13	12	0	268
gi|116750745|ref|YP_847432.1|_284-350_2CU2:A:269-335	2	6	1	1	0	6	7	2	0	67
gi|116750746|ref|YP_847433.1|_30-327_2F9F:A:2-167	2	6	1	7	0	19	11	10	0	166
gi|116750746|ref|YP_847433.1|_315-443_1O4T:A:	0	11	2	0	0	13	8	5	0	115
gi|116750749|ref|YP_847436.1|_2-404_2BIS:A:1-437	4	17	6	16	0	48	27	24	0	437
gi|116750750|ref|YP_847437.1|_87-264_1CB8:A:26-335	2	5	7	13	0	23	15	20	0	310
gi|116750751|ref|YP_847438.1|_1-358_1F6D:A:	2	13	4	15	0	37	19	21	0	376
gi|116750752|ref|YP_847439.1|_374-555_1OFG:A:1-160,A:323-381	1	7	4	8	0	25	13	9	1	219
gi|116750752|ref|YP_847439.1|_144-329_1H2B:A:155-326	0	6	2	8	0	14	8	9	0	172
gi|116750752|ref|YP_847439.1|_11-55,87-176_1PL7:A:1-145,A:317-356	1	14	4	3	0	22	9	12	1	185
gi|116750752|ref|YP_847439.1|_520-681_1OFG:A:161-322	0	8	1	5	0	16	15	8	0	162
gi|116750753|ref|YP_847440.1|_128-403_1AMU:A:	4	26	5	15	0	55	36	34	0	514
gi|116750754|ref|YP_847441.1|_23-263_2Z1A:A:28-329	3	16	3	9	0	37	21	18	0	302
gi|116750755|ref|YP_847442.1|_5-236_1QG8:A:	2	9	4	8	0	22	13	12	0	255
gi|116750757|ref|YP_847444.1|_5-165_1VLM:A:	2	8	2	8	0	22	11	13	0	218
gi|116750758|ref|YP_847445.1|_11-242,293-408_2BIS:A:1-437	4	17	6	16	0	48	27	24	0	437
gi|116750759|ref|YP_847446.1|_68-187,222-411_2F9F:A:2-167	2	6	1	7	0	19	11	10	0	166
gi|116750760|ref|YP_847447.1|_73-149_1VL5:A:	2	8	2	9	0	21	9	11	0	231
gi|116750761|ref|YP_847448.1|_150-232_2F9F:A:2-167	2	6	1	7	0	19	11	10	0	166
gi|116750762|ref|YP_847449.1|_170-423_2BIS:A:1-437	4	17	6	16	0	48	27	24	0	437
gi|116750764|ref|YP_847451.1|_3-207_1QG8:A:	2	9	4	8	0	22	13	12	0	255
gi|116750765|ref|YP_847452.1|_9-375_2IW1:A:2-371	0	15	4	16	0	41	26	17	0	370
gi|116750766|ref|YP_847453.1|_99-217_1IM8:A:	0	7	3	8	0	20	13	10	0	225
gi|116750767|ref|YP_847454.1|_70-417_2BIS:A:1-437	4	17	6	16	0	48	27	24	0	437
gi|116750768|ref|YP_847455.1|_38-216_2SQC:A:8-36,A:308-630	5	3	4	12	0	37	22	24	1	352
gi|116750768|ref|YP_847455.1|_138-352_1VD5:A:	13	7	2	13	0	34	22	22	0	377
gi|116750769|ref|YP_847456.1|_4-216_1QG8:A:	2	9	4	8	0	22	13	12	0	255
gi|116750770|ref|YP_847457.1|_138-302_1LRZ:A:166-244,A:310-412	0	8	3	7	0	17	6	6	1	182
gi|116750771|ref|YP_847458.1|_79-208_1WZN:A:1-251	1	11	4	7	0	20	9	14	0	251
gi|116750772|ref|YP_847459.1|_110-259_2P7I:A:22-246	0	7	4	10	0	24	14	11	0	225
gi|116750773|ref|YP_847460.1|_26-167_2CL5:A:3-216	0	7	3	9	1	21	10	9	0	215
gi|116750774|ref|YP_847461.1|_10-263_1XHB:A:95-422	1	12	5	11	0	35	18	17	0	328
gi|116750775|ref|YP_847462.1|_66-264_1VPL:A:	2	10	2	9	0	18	9	15	0	238
gi|116750777|ref|YP_847464.1|_288-384_1DLJ:A:197-294	0	0	0	4	0	5	6	4	0	98
gi|116750777|ref|YP_847464.1|_399-535_1MV8:A:301-436	1	5	1	7	0	17	12	8	0	136
gi|116750777|ref|YP_847464.1|_63-273_1MV8:A:1-202	4	8	0	9	0	22	14	13	0	202
gi|116750779|ref|YP_847466.1|_1-340_1SB8:A:	3	13	2	14	0	34	16	17	0	341
gi|116750781|ref|YP_847468.1|_297-559_1RKX:A:	4	13	4	15	0	40	13	14	0	356
gi|116750781|ref|YP_847468.1|_155-286_1XCB:A:78-203	2	6	1	3	0	16	12	9	0	126
gi|116750782|ref|YP_847469.1|_3-191,241-365_1E6U:A:	5	12	3	11	0	32	17	17	0	315
gi|116750783|ref|YP_847470.1|_5-364_1DB3:A:	2	15	3	10	0	35	15	17	0	357
gi|116750785|ref|YP_847472.1|_5-410_1PW4:A:	2	0	1	18	0	21	18	22	0	450
gi|116750786|ref|YP_847473.1|_135-328,423-574_1G51:A:105-294,A:415-580	10	13	3	12	0	35	23	20	1	356
gi|116750786|ref|YP_847473.1|_306-436_1G51:A:295-414	1	4	2	5	0	11	10	6	0	120
gi|116750786|ref|YP_847473.1|_8-110_1C0A:A:1-106	0	5	3	1	0	12	3	7	0	106
gi|116750786|ref|YP_847473.1|_613-701_2F2A:C:3-94	1	2	1	3	0	9	4	5	0	92
gi|116750787|ref|YP_847474.1|_9-400_2F2A:A:1-485	12	11	6	15	0	46	29	35	0	485
gi|116750788|ref|YP_847475.1|_6-297_2F2A:B:4-293	4	16	1	4	0	32	18	16	0	290
gi|116750788|ref|YP_847475.1|_298-399_2F2A:B:294-400	0	0	0	8	0	9	6	9	0	118
gi|116750789|ref|YP_847476.1|_18-394_1PW4:A:	2	0	1	18	0	21	18	22	0	450
gi|116750790|ref|YP_847477.1|_10-148,204-249,284-373_2P6R:A:1-202	1	7	2	7	0	20	9	10	0	202
gi|116750791|ref|YP_847478.1|_1-189_1MV8:A:1-202	4	8	0	9	0	22	14	13	0	202
gi|116750791|ref|YP_847478.1|_304-429_1MV8:A:301-436	1	5	1	7	0	17	12	8	0	136
gi|116750791|ref|YP_847478.1|_202-299_1MV8:A:203-300	0	0	1	4	0	6	5	6	0	98
gi|116750792|ref|YP_847479.1|_43-261_1JJU:B:	6	29	2	0	0	32	15	24	0	337
gi|116750793|ref|YP_847480.1|_17-287_1VQR:A:	0	0	3	16	0	22	7	17	0	296
gi|116750794|ref|YP_847481.1|_234-419_1OLT:A:	1	19	6	15	0	46	26	24	0	441
gi|116750795|ref|YP_847482.1|_79-252_2OQO:A:57-243	2	0	3	10	0	18	11	7	0	187
gi|116750796|ref|YP_847483.1|_44-576_1KZH:A:	0	16	5	22	0	46	28	27	0	550
gi|116750797|ref|YP_847484.1|_2-259_1HDO:A:	0	10	3	5	0	24	20	11	0	205
gi|116750797|ref|YP_847484.1|_346-467_1XN5:A:	3	6	0	4	0	14	9	7	0	138
gi|116750799|ref|YP_847486.1|_19-487_1WP1:A:	7	6	2	10	0	34	19	14	0	456
gi|116750800|ref|YP_847487.1|_210-348_1VF7:A:	2	20	0	3	0	31	18	9	0	237
gi|116750801|ref|YP_847488.1|_327-526_1IWG:A:7-37,A:331-498	0	0	1	8	0	9	7	9	1	199
gi|116750801|ref|YP_847488.1|_869-1078_1IWG:A:513-566,A:869-1036	2	0	1	11	0	13	7	10	1	222
gi|116750801|ref|YP_847488.1|_51-145_1IWG:A:38-134	0	4	2	4	0	11	6	7	0	97
gi|116750801|ref|YP_847488.1|_192-274_1IWG:A:182-273	0	6	0	4	0	8	4	5	0	92
gi|116750801|ref|YP_847488.1|_145-191,303-358_1IWG:A:135-181,A:274-330	0	5	1	4	0	11	6	9	1	104
gi|116750801|ref|YP_847488.1|_594-707_1IWG:A:567-673	0	5	1	2	0	12	9	2	0	107
gi|116750802|ref|YP_847489.1|_20-160_2FB5:A:5-205	2	7	1	5	0	18	8	14	0	201
gi|116750803|ref|YP_847490.1|_1-217_2HSZ:A:1-224	1	8	4	8	0	23	14	13	0	224
gi|116750804|ref|YP_847491.1|_2-118_1YLN:A:138-248	2	8	0	1	0	13	8	4	0	111
gi|116750805|ref|YP_847492.1|_50-274_1UOH:A:	0	0	1	14	0	27	7	20	0	223
gi|116750807|ref|YP_847494.1|_1-291_1RKD:A:	0	14	3	11	0	30	12	16	0	306
gi|116750808|ref|YP_847495.1|_1-201_2A5L:A:3-198	7	6	0	6	0	19	6	8	0	196
gi|116750810|ref|YP_847497.1|_88-160_1ILO:A:	0	4	0	3	0	9	4	4	0	77
gi|116750811|ref|YP_847498.1|_4-90_1SMT:A:	1	2	0	5	0	9	4	3	0	98
gi|116750812|ref|YP_847499.1|_85-143,173-275_1ZCH:A:1-249	2	4	3	11	0	20	11	9	0	249
gi|116750812|ref|YP_847499.1|_4-73_1XER:A:	2	7	1	3	0	16	5	8	0	103
gi|116750813|ref|YP_847500.1|_1-250_1V6T:A:	6	10	1	8	0	32	10	13	0	254
gi|116750814|ref|YP_847501.1|_4-253_2PIF:A:7-262	7	11	3	6	0	28	15	19	0	256
gi|116750815|ref|YP_847502.1|_178-290_2PHC:B:86-217	4	9	1	2	0	15	8	8	0	132
gi|116750816|ref|YP_847503.1|_104-234_2PHC:B:86-217	4	9	1	2	0	15	8	8	0	132
gi|116750816|ref|YP_847503.1|_18-109_2PHC:B:2-85	0	5	0	2	0	7	3	5	0	84
gi|116750817|ref|YP_847504.1|_3-234_1JI0:A:	2	10	1	10	0	19	14	15	0	240
gi|116750818|ref|YP_847505.1|_4-239_1G6H:A:	2	11	5	9	0	21	16	17	0	254
gi|116750821|ref|YP_847508.1|_29-380_2LIV:A:	4	14	6	11	0	34	17	17	0	344
gi|116750822|ref|YP_847509.1|_128-309_2ZOD:A:155-336	2	7	3	8	0	21	9	9	0	182
gi|116750822|ref|YP_847509.1|_4-127_2ZOD:A:3-154	0	5	2	3	0	13	3	4	0	152
gi|116750823|ref|YP_847510.1|_4-67_1JDQ:A:	0	4	0	2	0	14	9	3	0	97
gi|116750823|ref|YP_847510.1|_112-198_1JX7:A:	2	5	1	4	0	14	5	7	0	116
gi|116750827|ref|YP_847514.1|_42-143_1SRR:A:	0	5	0	5	0	13	7	4	0	119
gi|116750828|ref|YP_847515.1|_6-126_1T3V:A:	4	6	2	3	0	19	10	6	0	124
gi|116750829|ref|YP_847516.1|_1-79,109-288_1ION:A:	0	8	2	11	0	24	19	13	0	243
gi|116750829|ref|YP_847516.1|_56-114_1BC6:A:	0	4	1	2	0	11	8	6	0	77
gi|116750830|ref|YP_847517.1|_1-67,121-280_1G3Q:A:	0	8	3	11	0	25	16	14	0	237
gi|116750830|ref|YP_847517.1|_51-118_1CLF:A:	2	2	0	0	0	11	4	6	0	55
gi|116750831|ref|YP_847518.1|_2-116_1RDU:A:	3	5	1	3	0	18	12	5	0	116
gi|116750832|ref|YP_847519.1|_36-144_1Q48:A:	2	3	0	4	0	12	10	10	0	133
gi|116750833|ref|YP_847520.1|_1-107_1RDU:A:	3	5	1	3	0	18	12	5	0	116
gi|116750835|ref|YP_847522.1|_11-83,176-360_1VHE:A:3-72,A:163-367	1	13	1	8	0	25	16	18	1	273
gi|116750835|ref|YP_847522.1|_73-184_1VHE:A:73-162	0	6	3	1	0	12	6	6	0	90
gi|116750837|ref|YP_847524.1|_11-263_1VJ5:A:226-547	0	8	9	13	0	29	21	23	0	321
gi|116750838|ref|YP_847525.1|_132-238_1MY6:A:89-198	1	3	2	5	0	9	4	7	0	110
gi|116750838|ref|YP_847525.1|_43-130_1DT0:A:1-83	1	0	0	4	0	6	6	5	0	83
gi|116750840|ref|YP_847527.1|_22-257_1NKV:A:	2	7	2	10	0	23	12	18	0	245
gi|116750842|ref|YP_847529.1|_41-138_1L1S:A:	2	5	2	4	0	12	2	6	0	111
gi|116750843|ref|YP_847530.1|_16-148_2FBH:A:8-144	3	2	1	6	0	11	3	8	0	137
gi|116750845|ref|YP_847532.1|_3-209_1XXL:A:	5	8	2	9	0	23	10	12	0	238
gi|116750848|ref|YP_847535.1|_54-110_2CSF:A:8-95	0	0	0	5	0	7	2	6	0	88
gi|116750850|ref|YP_847537.1|_2-180_1IM5:A:	6	6	4	4	0	22	12	14	0	179
gi|116750851|ref|YP_847538.1|_2-237_1W4Z:A:	2	7	4	10	0	25	16	16	0	259
gi|116750853|ref|YP_847540.1|_87-277_2AVN:A:1-246	2	10	3	10	0	28	12	9	0	246
gi|116750854|ref|YP_847541.1|_3-254_1TXO:A:	3	11	3	6	0	26	12	11	0	235
gi|116750855|ref|YP_847542.1|_7-99_1UHT:A:	3	9	0	0	0	18	9	7	0	117
gi|116750855|ref|YP_847542.1|_154-232_2FF4:A:284-382	1	11	0	0	0	16	10	8	0	99
gi|116750856|ref|YP_847543.1|_169-449_1RTQ:A:	0	9	4	8	0	27	18	18	0	291
gi|116750857|ref|YP_847544.1|_147-396_1LV7:A:	2	6	3	10	0	31	17	18	0	256
gi|116750857|ref|YP_847544.1|_407-600_2CE7:A:411-603	1	2	1	7	0	10	7	6	0	193
gi|116750858|ref|YP_847545.1|_42-336_1N11:A:	0	0	1	24	0	48	15	35	0	408
gi|116750861|ref|YP_847548.1|_26-260_1ZMB:A:1-282	5	7	3	9	0	29	18	18	0	282
gi|116750863|ref|YP_847550.1|_35-192_1EJE:A:	2	14	2	5	0	21	6	13	0	192
gi|116750864|ref|YP_847551.1|_7-145_1HW5:A:1-137	2	8	1	3	0	15	9	5	0	137
gi|116750864|ref|YP_847551.1|_148-221_1HW5:A:138-208	2	3	0	3	0	6	4	5	0	71
gi|116750865|ref|YP_847552.1|_1-541_1GNL:A:	6	15	9	19	0	54	31	27	0	543
gi|116750867|ref|YP_847554.1|_6-70_2FDN:A:	0	4	1	1	0	12	1	6	0	55
gi|116750868|ref|YP_847555.1|_35-177_1TO4:A:	4	9	2	1	0	21	16	10	0	155
gi|116750869|ref|YP_847556.1|_4-419_1PV7:A:	0	0	2	22	0	18	12	14	0	417
gi|116750870|ref|YP_847557.1|_91-528_1M7X:A:227-622	6	10	8	11	0	43	33	22	0	396
gi|116750870|ref|YP_847557.1|_536-638_1M7X:A:623-728	5	8	2	0	0	16	8	6	0	106
gi|116750870|ref|YP_847557.1|_46-113_1M7X:A:117-226	1	8	2	0	0	18	8	9	0	110
gi|116750871|ref|YP_847558.1|_4-498_1TZ7:A:1-485	4	12	12	18	0	54	33	28	0	485
gi|116750873|ref|YP_847560.1|_16-636_1PG4:A:	11	30	5	21	0	71	40	44	0	643
gi|116750874|ref|YP_847561.1|_42-235_2FB5:A:5-205	2	7	1	5	0	18	8	14	0	201
gi|116750876|ref|YP_847563.1|_39-166_1JOQ:A:	3	9	1	3	0	22	11	8	0	149
gi|116750876|ref|YP_847563.1|_172-222_1EYF:A:	0	4	1	2	0	13	6	7	0	92
gi|116750877|ref|YP_847564.1|_4-140_2FB1:A:3-149	1	7	0	3	0	14	8	9	0	146
gi|116750878|ref|YP_847565.1|_110-190_1Z77:A:1-75	0	0	0	4	0	4	1	3	0	75
gi|116750878|ref|YP_847565.1|_188-301_1VI0:A:78-194	2	0	1	5	0	9	4	5	0	117
gi|116750879|ref|YP_847566.1|_3-78_1T8K:A:	2	0	1	4	0	8	0	6	0	77
gi|116750881|ref|YP_847568.1|_5-142_1N0E:A:	3	8	0	6	0	19	12	8	0	165
gi|116750882|ref|YP_847569.1|_9-117,219-314_1WG8:A:5-108,A:207-284	1	7	3	8	0	21	9	10	1	182
gi|116750882|ref|YP_847569.1|_118-219_1M6Y:A:115-215	2	0	0	6	0	12	9	5	0	101
gi|116750884|ref|YP_847571.1|_226-568_1K25:A:264-631	13	8	1	7	0	33	20	17	0	368
gi|116750884|ref|YP_847571.1|_59-218_1QME:A:71-263	2	6	0	3	0	12	4	4	0	193
gi|116750885|ref|YP_847572.1|_101-328_1E8C:A:104-337	3	10	2	8	0	23	13	12	0	234
gi|116750885|ref|YP_847572.1|_332-500_1E8C:A:338-497	1	8	1	5	0	21	15	10	0	157
gi|116750885|ref|YP_847572.1|_5-101_1E8C:A:3-103	4	5	2	3	0	15	3	9	0	101
gi|116750886|ref|YP_847573.1|_107-318_1GG4:A:99-312	2	9	1	7	0	21	11	13	0	214
gi|116750886|ref|YP_847573.1|_320-458_1GG4:A:313-447	0	6	1	5	0	9	8	7	0	135
gi|116750886|ref|YP_847573.1|_1-103_1GG4:A:1-98	2	7	1	3	0	14	9	4	0	98
gi|116750887|ref|YP_847574.1|_96-304_2UAG:A:94-297	1	9	5	6	0	22	8	9	0	204
gi|116750887|ref|YP_847574.1|_306-444_2UAG:A:298-437	2	6	3	4	0	14	12	9	0	140
gi|116750887|ref|YP_847574.1|_4-94_2UAG:A:1-93	1	5	1	3	0	13	8	8	0	93
gi|116750889|ref|YP_847576.1|_92-306_1P3D:A:107-321	0	10	2	6	0	17	12	13	0	215
gi|116750889|ref|YP_847576.1|_309-454_1P3D:A:322-473	3	6	1	6	0	16	8	9	0	152
gi|116750889|ref|YP_847576.1|_6-88_1P3D:A:11-106	0	5	1	3	0	11	6	9	0	96
gi|116750890|ref|YP_847577.1|_235-333_1HSK:A:209-317	2	5	0	3	0	16	8	6	0	109
gi|116750890|ref|YP_847577.1|_50-236_1HSK:A:15-208	4	14	3	6	0	20	9	15	0	194
gi|116750892|ref|YP_847579.1|_6-194_1E4F:T:7-199	0	13	0	4	0	16	10	7	0	193
gi|116750892|ref|YP_847579.1|_197-375_1E4F:T:200-390	0	8	4	7	0	20	8	8	0	191
gi|116750893|ref|YP_847580.1|_26-222_1OFU:A:11-208	2	6	3	8	0	14	11	8	0	198
gi|116750893|ref|YP_847580.1|_218-331_1OFU:A:209-317	0	4	2	3	0	11	6	7	0	109
gi|116750894|ref|YP_847581.1|_249-611_1TV8:A:	4	11	4	10	0	39	20	20	0	327
gi|116750895|ref|YP_847582.1|_2-93_1XBL:A:	0	0	0	3	0	7	3	6	0	75
gi|116750895|ref|YP_847582.1|_222-290_1NLT:A:110-138,A:213-257	2	5	0	1	0	12	2	5	1	74
gi|116750896|ref|YP_847583.1|_83-356_1GC0:A:	3	12	5	14	0	37	15	23	0	392
gi|116750898|ref|YP_847585.1|_562-822_2EYQ:A:546-778	0	7	1	9	0	16	16	11	0	233
gi|116750898|ref|YP_847585.1|_25-378_2EYQ:A:2-348	5	15	4	11	0	41	28	19	0	347
gi|116750898|ref|YP_847585.1|_821-1029_2EYQ:A:779-989	5	6	2	8	0	21	10	10	0	211
gi|116750898|ref|YP_847585.1|_1031-1179_2EYQ:A:990-1147	0	5	2	5	0	18	11	3	0	158
gi|116750898|ref|YP_847585.1|_511-587_2EYQ:A:466-545	0	5	2	1	0	10	3	5	0	80
gi|116750898|ref|YP_847585.1|_407-504_2EYQ:A:349-465	1	6	3	3	0	12	6	6	0	117
gi|116750899|ref|YP_847586.1|_26-206_1M5Y:A:25-164,A:395-427	0	3	0	7	0	10	2	6	1	173
gi|116750899|ref|YP_847586.1|_176-277_1M5Y:A:172-278	0	4	3	3	0	10	3	7	0	107
gi|116750901|ref|YP_847588.1|_82-235_1U5K:A:81-237	2	2	3	6	0	16	13	6	0	157
gi|116750901|ref|YP_847588.1|_1-79_1U5K:A:2-80	0	5	0	0	0	8	4	6	0	79
gi|116750903|ref|YP_847590.1|_48-173_1ST9:A:	0	8	2	4	0	14	8	8	0	137
gi|116750904|ref|YP_847591.1|_12-250,280-302,373-389_1YP2:A:10-316	1	13	3	12	0	32	21	15	0	307
gi|116750904|ref|YP_847591.1|_321-424_1YP2:A:317-451	1	15	1	1	0	26	7	11	0	135
gi|116750906|ref|YP_847593.1|_408-509_1OAP:A:	0	4	2	3	0	13	6	6	0	108
gi|116750906|ref|YP_847593.1|_44-270_2D3I:A:335-686	1	13	6	10	0	37	24	27	0	353
gi|116750907|ref|YP_847594.1|_82-226_1SHU:X:	2	6	3	6	0	13	8	7	0	181
gi|116750908|ref|YP_847595.1|_111-325_1US5:A:	3	10	2	12	0	29	18	20	0	298
gi|116750908|ref|YP_847595.1|_461-597_1OAP:A:	0	4	2	3	0	13	6	6	0	108
gi|116750909|ref|YP_847596.1|_16-224_1Q12:A:4-235	1	11	4	7	0	25	20	16	0	232
gi|116750910|ref|YP_847597.1|_83-268_3DHW:A:6-208	0	0	1	9	0	11	7	9	0	203
gi|116750911|ref|YP_847598.1|_46-256_1US5:A:	3	10	2	12	0	29	18	20	0	298
gi|116750913|ref|YP_847600.1|_54-280_1SQJ:A:4-430	5	31	4	2	0	58	43	30	0	427
gi|116750913|ref|YP_847600.1|_452-663_1SQJ:A:4-430	5	31	4	2	0	58	43	30	0	427
gi|116750913|ref|YP_847600.1|_281-455_1SQJ:A:4-430	5	31	4	2	0	58	43	30	0	427
gi|116750914|ref|YP_847601.1|_28-311_1Y9U:A:	6	10	6	13	0	31	16	16	0	318
gi|116750915|ref|YP_847602.1|_30-269_1V43:A:7-245	1	10	2	8	0	20	13	15	0	239
gi|116750915|ref|YP_847602.1|_263-378_3D31:A:230-348	1	10	2	1	0	12	8	5	0	119
gi|116750916|ref|YP_847603.1|_20-287_2ONK:C:1-252	0	0	1	12	0	13	9	9	0	252
gi|116750916|ref|YP_847603.1|_319-557_2ONK:C:1-252	0	0	1	12	0	13	9	9	0	252
gi|116750917|ref|YP_847604.1|_4-53,90-99,169-198,257-424_1OJT:A:117-275,A:401-470	1	8	4	5	0	15	9	12	1	229
gi|116750918|ref|YP_847605.1|_10-227,330-374_1PJ5:A:4-219,A:339-427	2	17	6	8	0	32	16	16	1	305
gi|116750918|ref|YP_847605.1|_229-316_1NG4:A:219-306	0	6	1	1	0	9	5	4	0	88
gi|116750919|ref|YP_847606.1|_13-261_1YMQ:A:2-261	3	13	6	10	0	30	16	15	0	260
gi|116750920|ref|YP_847607.1|_11-421_1PW4:A:	2	0	1	18	0	21	18	22	0	450
gi|116750921|ref|YP_847608.1|_2-176_1VLM:A:	2	8	2	8	0	22	11	13	0	218
gi|116750922|ref|YP_847609.1|_1-483_2F2A:A:1-485	12	11	6	15	0	46	29	35	0	485
gi|116750923|ref|YP_847610.1|_4-95_2F2A:C:3-94	1	2	1	3	0	9	4	5	0	92
gi|116750926|ref|YP_847613.1|_7-260_1V8A:A:	2	9	1	11	0	20	8	10	0	264
gi|116750927|ref|YP_847614.1|_6-209_1XI3:A:	0	8	0	10	0	20	16	11	0	206
gi|116750928|ref|YP_847615.1|_219-793_2IV2:X:1-564	10	22	7	22	0	67	42	29	0	564
gi|116750928|ref|YP_847615.1|_747-904_2IV2:X:565-715	0	6	1	3	0	18	8	7	0	151
gi|116750928|ref|YP_847615.1|_84-221_1FEH:A:127-209	0	5	3	2	0	8	7	5	0	83
gi|116750928|ref|YP_847615.1|_16-82_1FEH:A:1-126	4	5	1	3	0	15	6	10	0	126
gi|116750929|ref|YP_847616.1|_45-848_1H0H:A:1-812	26	32	15	25	0	110	58	62	0	812
gi|116750929|ref|YP_847616.1|_828-857,884-1015_1H0H:A:813-977	3	8	1	3	0	26	19	12	0	165
gi|116750930|ref|YP_847617.1|_5-213_1H0H:B:	2	10	3	6	0	29	13	15	0	214
gi|116750933|ref|YP_847620.1|_5-69,113-155_1Y7M:A:49-164	3	10	3	1	0	13	4	7	0	116
gi|116750934|ref|YP_847621.1|_146-258_1ZAT:A:339-466	5	9	0	2	0	20	7	6	0	128
gi|116750935|ref|YP_847622.1|_30-346_1GTR:A:8-338	6	9	4	12	0	35	20	18	0	331
gi|116750935|ref|YP_847622.1|_342-553_1GTR:A:339-547	3	18	5	0	0	26	16	8	0	209
gi|116750936|ref|YP_847623.1|_307-459_1BXD:A:	0	7	1	3	0	17	11	6	0	161
gi|116750936|ref|YP_847623.1|_87-223_1EW0:A:	2	5	2	5	0	11	8	8	0	130
gi|116750936|ref|YP_847623.1|_239-306_1JOY:A:	0	0	0	3	0	3	2	3	0	67
gi|116750937|ref|YP_847624.1|_464-602_1R62:A:	0	7	1	3	0	11	0	7	0	156
gi|116750937|ref|YP_847624.1|_622-746_1U0S:Y:	0	5	1	5	0	15	5	4	0	118
gi|116750937|ref|YP_847624.1|_239-364_1EW0:A:	2	5	2	5	0	11	8	8	0	130
gi|116750937|ref|YP_847624.1|_378-444_1JOY:A:	0	0	0	3	0	3	2	3	0	67
gi|116750938|ref|YP_847625.1|_3-279_1ICI:A:	3	9	5	8	0	33	20	15	0	255
gi|116750940|ref|YP_847627.1|_19-270_1TWY:A:	4	13	2	8	0	31	13	17	0	249
gi|116750943|ref|YP_847630.1|_176-254,303-474_1GKY:A:	1	9	1	7	0	19	8	10	0	186
gi|116750945|ref|YP_847632.1|_5-386_1PV7:A:	0	0	2	22	0	18	12	14	0	417
gi|116750948|ref|YP_847635.1|_8-160_1CFZ:A:	2	7	3	6	0	17	10	8	0	162
gi|116750949|ref|YP_847636.1|_96-172_1KF6:B:106-243	0	0	3	8	0	15	4	9	0	138
gi|116750949|ref|YP_847636.1|_4-65_1J9I:A:	0	2	1	3	0	6	3	3	0	68
gi|116750951|ref|YP_847638.1|_11-58_1DJN:A:341-489,A:646-729	0	7	3	9	0	25	15	15	1	233
gi|116750952|ref|YP_847639.1|_519-847_2I0Z:A:1-192,A:362-420	4	15	6	8	0	27	12	15	1	251
gi|116750952|ref|YP_847639.1|_19-174_1DUR:A:	0	4	1	1	0	12	2	4	0	55
gi|116750952|ref|YP_847639.1|_664-698,835-928_1JB0:C:	0	4	1	2	0	12	5	5	0	80
gi|116750952|ref|YP_847639.1|_112-154,194-355_1VDC:A:1-117,A:244-316	5	11	3	3	0	28	12	10	1	192
gi|116750954|ref|YP_847641.1|_4-108,135-271_2FRV:A:	12	7	7	13	0	35	17	22	0	261
gi|116750955|ref|YP_847642.1|_22-469_1CC1:L:	13	16	7	15	0	45	25	24	0	487
gi|116750961|ref|YP_847648.1|_17-267_1EK1:A:226-544	1	8	6	12	0	34	28	21	0	319
gi|116750962|ref|YP_847649.1|_9-259_3DHW:C:1-240	3	10	1	7	0	21	17	12	0	240
gi|116750963|ref|YP_847650.1|_39-317_3DHW:C:1-240	3	10	1	7	0	21	17	12	0	240
gi|116750964|ref|YP_847651.1|_394-627_1QG8:A:	2	9	4	8	0	22	13	12	0	255
gi|116750964|ref|YP_847651.1|_109-391_1DP0:A:334-625	10	12	2	7	0	41	19	22	0	292
gi|116750965|ref|YP_847652.1|_90-493_1W85:A:	3	8	5	13	0	39	20	23	0	365
gi|116750965|ref|YP_847652.1|_547-762_1IK6:A:1-191	0	8	1	6	0	18	6	6	0	191
gi|116750966|ref|YP_847653.1|_217-443_1SCZ:A:	0	10	2	7	0	19	8	12	0	233
gi|116750966|ref|YP_847653.1|_1-92_1PMR:A:	8	4	0	0	0	18	6	3	0	80
gi|116750966|ref|YP_847653.1|_129-173_1BAL:A:	0	0	1	2	0	7	6	5	0	51
gi|116750967|ref|YP_847654.1|_5-370_1LPF:A:1-158,A:278-348	8	9	3	5	0	22	9	13	1	229
gi|116750967|ref|YP_847654.1|_346-462_1DXL:A:348-470	2	5	1	5	0	12	7	7	0	123
gi|116750971|ref|YP_847658.1|_42-169,241-408_1KWG:A:1-393	7	9	5	14	0	47	27	21	0	393
gi|116750972|ref|YP_847659.1|_40-306_1UAN:A:	1	8	1	7	0	24	13	10	0	227
gi|116750973|ref|YP_847660.1|_339-580_2HYD:A:324-578	2	10	5	9	0	25	21	16	0	255
gi|116750973|ref|YP_847660.1|_3-325_2HYD:A:1-323	0	0	1	15	1	9	5	12	0	323
gi|116750974|ref|YP_847661.1|_5-311_2B69:A:4-315	4	13	3	9	0	33	14	16	0	312
gi|116750975|ref|YP_847662.1|_6-243_1ICI:A:	3	9	5	8	0	33	20	15	0	255
gi|116750976|ref|YP_847663.1|_33-131_2GKP:A:1-164	1	9	0	5	0	19	7	11	0	164
gi|116750978|ref|YP_847665.1|_6-129_2CWZ:A:1-138	0	7	1	2	0	10	1	8	0	138
gi|116750979|ref|YP_847666.1|_4-175_1VJ7:A:5-196	2	0	0	11	0	14	5	9	0	192
gi|116750981|ref|YP_847668.1|_23-246_1WZN:A:1-251	1	11	4	7	0	20	9	14	0	251
gi|116750982|ref|YP_847669.1|_313-485_2PJQ:A:1-215	0	0	2	11	0	15	11	12	0	215
gi|116750982|ref|YP_847669.1|_4-166_1QKK:A:	0	5	1	5	0	15	7	5	0	154
gi|116750982|ref|YP_847669.1|_156-296_2K2N:A:31-200	1	5	1	4	0	22	14	6	0	170
gi|116750983|ref|YP_847670.1|_149-261_1ZAT:A:339-466	5	9	0	2	0	20	7	6	0	128
gi|116750985|ref|YP_847672.1|_432-589_1R62:A:	0	7	1	3	0	11	0	7	0	156
gi|116750985|ref|YP_847672.1|_618-737_1QKK:A:	0	5	1	5	0	15	7	5	0	154
gi|116750985|ref|YP_847672.1|_244-345_1EW0:A:	2	5	2	5	0	11	8	8	0	130
gi|116750985|ref|YP_847672.1|_356-422_1JOY:A:	0	0	0	3	0	3	2	3	0	67
gi|116750987|ref|YP_847674.1|_29-199_2AVN:A:1-246	2	10	3	10	0	28	12	9	0	246
gi|116750988|ref|YP_847675.1|_12-424_1XI9:A:	3	15	6	14	0	41	17	19	0	405
gi|116750989|ref|YP_847676.1|_16-160_2GM3:A:5-175	2	5	1	5	0	17	9	6	0	171
gi|116750995|ref|YP_847682.1|_81-212_2HS5:A:94-231	0	0	1	6	0	7	0	5	0	138
gi|116750995|ref|YP_847682.1|_12-77_2HS5:A:25-93	0	3	0	3	0	6	2	5	0	69
gi|116750996|ref|YP_847683.1|_29-362_1Z41:A:2-338	1	12	4	10	0	34	24	18	0	337
gi|116750996|ref|YP_847683.1|_339-639_1NHP:A:120-242	2	8	0	3	0	12	10	6	0	123
gi|116750997|ref|YP_847684.1|_30-221_1ZTC:A:1-207	3	13	6	5	0	25	10	9	0	207
gi|116751000|ref|YP_847687.1|_3-270_1QFL:A:4-268	6	10	2	8	0	30	16	18	0	265
gi|116751000|ref|YP_847687.1|_271-392_1WDK:C:264-391	2	4	3	5	0	10	4	7	0	128
gi|116751001|ref|YP_847688.1|_3-184_1F0Y:A:12-203	0	8	1	7	0	22	12	11	0	192
gi|116751001|ref|YP_847688.1|_186-287_3HDH:A:204-302	3	0	1	5	0	8	3	5	0	99
gi|116751002|ref|YP_847689.1|_1-259_2DUB:A:	2	10	4	11	0	25	14	14	0	259
gi|116751006|ref|YP_847693.1|_150-282_1LST:A:	6	12	3	10	0	29	17	16	0	238
gi|116751009|ref|YP_847696.1|_7-549_1GZD:A:	8	13	13	22	0	53	20	27	0	554
gi|116751010|ref|YP_847697.1|_207-452_1NY5:A:138-384	4	9	2	11	0	25	17	12	0	247
gi|116751010|ref|YP_847697.1|_80-187_1LL8:A:	0	6	1	2	0	15	8	9	0	113
gi|116751010|ref|YP_847697.1|_457-510_1NTC:A:	0	0	0	4	0	6	3	4	0	90
gi|116751012|ref|YP_847699.1|_1-112_2HY5:A:1-130	2	5	1	5	0	15	6	9	0	130
gi|116751013|ref|YP_847700.1|_1-120_1T3V:A:	4	6	2	3	0	19	10	6	0	124
gi|116751016|ref|YP_847703.1|_2-75_1ILO:A:	0	4	0	3	0	9	4	4	0	77
gi|116751019|ref|YP_847706.1|_7-143_1JL3:A:	1	4	1	5	0	13	7	5	0	137
gi|116751022|ref|YP_847709.1|_28-123_1QUW:A:	0	4	0	4	0	11	5	6	0	105
gi|116751024|ref|YP_847711.1|_10-161_1TV8:A:	4	11	4	10	0	39	20	20	0	327
gi|116751025|ref|YP_847712.1|_81-157_1FX7:A:65-144	2	0	1	3	0	8	3	6	0	80
gi|116751025|ref|YP_847712.1|_20-80_1ON2:A:2-62	0	2	0	3	0	3	3	3	0	61
gi|116751027|ref|YP_847714.1|_75-295_1Y44:A:1-307	11	14	2	7	0	35	16	14	0	307
gi|116751030|ref|YP_847717.1|_313-488_1NIJ:A:2-223	0	9	2	7	0	28	21	11	0	222
gi|116751030|ref|YP_847717.1|_535-608_1NIJ:A:224-318	2	5	0	2	0	8	4	5	0	95
gi|116751031|ref|YP_847718.1|_26-262_1ION:A:	0	8	2	11	0	24	19	13	0	243
gi|116751032|ref|YP_847719.1|_485-656_2C2A:A:321-481	0	7	2	3	0	13	4	10	0	161
gi|116751032|ref|YP_847719.1|_418-496_2C2A:A:232-320	0	0	1	3	0	3	0	4	0	89
gi|116751033|ref|YP_847720.1|_7-131_1MVO:A:	0	5	0	5	0	13	6	5	0	121
gi|116751033|ref|YP_847720.1|_137-233_1YS7:A:128-233	1	6	0	3	0	7	0	5	0	106
gi|116751034|ref|YP_847721.1|_90-267_1SHU:X:	2	6	3	6	0	13	8	7	0	181
gi|116751037|ref|YP_847724.1|_10-229_1GPM:A:208-404	0	5	1	8	0	15	5	8	0	197
gi|116751037|ref|YP_847724.1|_204-318_1GPM:A:405-525	2	4	2	2	0	9	6	7	0	121
gi|116751039|ref|YP_847726.1|_2-148_2FCL:A:1-157	2	7	1	6	0	11	4	7	0	156
gi|116751040|ref|YP_847727.1|_1-188_1RLI:A:	2	5	1	8	0	14	7	12	0	179
gi|116751042|ref|YP_847729.1|_181-337_1L0O:A:	1	6	3	4	0	15	8	5	0	141
gi|116751044|ref|YP_847731.1|_1-254_1J6O:A:	1	8	6	9	0	23	12	16	0	267
gi|116751045|ref|YP_847732.1|_17-201_1EX2:A:	0	7	2	6	0	12	9	11	0	185
gi|116751046|ref|YP_847733.1|_2-227_1CT5:A:	2	8	1	9	0	23	11	9	0	244
gi|116751047|ref|YP_847734.1|_75-249_1GZ0:A:78-243	2	7	2	7	0	17	12	8	0	166
gi|116751047|ref|YP_847734.1|_8-82_1GZ0:F:10-77	2	6	3	7	0	19	13	7	0	166
gi|116751048|ref|YP_847735.1|_5-191_1S96:A:	3	9	1	9	0	19	8	12	0	205
gi|116751052|ref|YP_847739.1|_20-324_1RKD:A:	0	14	3	11	0	30	12	16	0	306
gi|116751053|ref|YP_847740.1|_1-55_2JNY:A:1-59	2	5	1	0	0	9	2	5	0	59
gi|116751056|ref|YP_847743.1|_46-147_1S7B:A:	0	0	0	4	0	10	7	3	0	109
gi|116751056|ref|YP_847743.1|_195-293_1S7B:A:	0	0	0	4	0	10	7	3	0	109
gi|116751057|ref|YP_847744.1|_1-101_2I2T:R:1-103	2	6	0	0	0	16	7	4	0	103
gi|116751058|ref|YP_847745.1|_2-83_2GYC:U:1-84	2	0	0	0	0	13	12	0	0	84
gi|116751059|ref|YP_847746.1|_2-158_1LNZ:A:1-157	4	8	2	0	0	18	6	7	0	156
gi|116751059|ref|YP_847746.1|_151-338_1LNZ:A:158-342	3	7	0	6	0	20	18	9	0	185
gi|116751061|ref|YP_847748.1|_15-268_2AKO:A:2-251	6	8	3	9	0	26	12	9	0	250
gi|116751061|ref|YP_847748.1|_288-378_2CX1:A:91-183	0	6	1	3	0	7	4	5	0	93
gi|116751062|ref|YP_847749.1|_3-415_1O20:A:	1	16	5	14	0	43	24	19	0	414
gi|116751063|ref|YP_847750.1|_3-219_1KAM:A:	1	6	1	6	0	18	11	9	0	193
gi|116751064|ref|YP_847751.1|_23-136_2O5A:A:2-114	3	5	1	2	0	10	6	7	0	113
gi|116751065|ref|YP_847752.1|_300-447_1W3B:A:	0	0	0	23	0	35	6	26	0	388
gi|116751066|ref|YP_847753.1|_165-329_1Z6M:A:1-172	0	5	1	7	0	17	8	14	0	172
gi|116751067|ref|YP_847754.1|_100-281_1YGY:A:99-282	3	7	2	7	0	24	14	12	0	184
gi|116751067|ref|YP_847754.1|_1-134_1YGY:A:3-98,A:283-316	4	5	2	4	0	19	10	9	1	130
gi|116751067|ref|YP_847754.1|_320-447_1YGY:A:317-451	0	6	2	3	0	9	10	8	0	135
gi|116751067|ref|YP_847754.1|_451-525_1YGY:A:452-529	0	4	0	2	0	7	5	3	0	78
gi|116751069|ref|YP_847756.1|_13-166_1UEK:A:1-148	0	6	1	4	0	12	9	5	0	148
gi|116751069|ref|YP_847756.1|_170-282_1OJ4:A:164-283	2	4	1	6	0	14	8	6	0	120
gi|116751070|ref|YP_847757.1|_70-302_1DKR:A:8-166	1	7	1	4	0	20	10	6	0	159
gi|116751071|ref|YP_847758.1|_1-192_2ZJR:S:1-175	4	10	0	2	0	29	15	8	0	175
gi|116751072|ref|YP_847759.1|_13-195_1RYB:A:	2	7	4	5	0	16	7	11	0	191
gi|116751073|ref|YP_847760.1|_1-61_2EYQ:A:466-545	0	5	2	1	0	10	3	5	0	80
gi|116751074|ref|YP_847761.1|_143-271_1O4W:A:	0	5	0	6	0	10	3	5	0	125
gi|116751075|ref|YP_847762.1|_79-324_1PRZ:A:	5	11	2	5	0	31	18	12	0	252
gi|116751075|ref|YP_847762.1|_21-77_1FJG:D:	4	4	3	8	0	22	11	17	0	208
gi|116751079|ref|YP_847766.1|_107-191_3CI0:K:94-203	1	2	2	4	0	11	11	4	0	110
gi|116751082|ref|YP_847769.1|_21-139_1OQW:A:	5	6	1	2	0	19	5	9	0	144
gi|116751084|ref|YP_847771.1|_172-563_1P9R:A:	2	16	4	14	0	37	18	18	0	417
gi|116751084|ref|YP_847771.1|_4-143_2D28:C:1-149	1	3	1	7	0	18	9	6	0	149
gi|116751086|ref|YP_847773.1|_170-296_1LL8:A:	0	6	1	2	0	15	8	9	0	113
gi|116751086|ref|YP_847773.1|_529-650_1YSR:A:299-446	0	7	1	4	0	11	6	6	0	148
gi|116751086|ref|YP_847773.1|_294-415_1N9L:A:	0	5	1	3	0	14	5	7	0	109
gi|116751086|ref|YP_847773.1|_46-166_1EW0:A:	2	5	2	5	0	11	8	8	0	130
gi|116751089|ref|YP_847776.1|_12-362_1PFK:A:	2	11	3	11	0	33	13	19	0	320
gi|116751090|ref|YP_847777.1|_33-103_1JFJ:A:	0	4	0	8	0	12	8	4	0	134
gi|116751092|ref|YP_847779.1|_32-202_1KGS:A:2-123	0	5	0	5	0	11	9	3	0	122
gi|116751095|ref|YP_847782.1|_88-494_1TYE:A:	12	36	2	4	0	66	33	39	0	452
gi|116751095|ref|YP_847782.1|_528-639_2DPK:A:370-502	3	9	0	0	0	14	8	5	0	133
gi|116751096|ref|YP_847783.1|_5-33,59-467_1WP1:A:	7	6	2	10	0	34	19	14	0	456
gi|116751097|ref|YP_847784.1|_297-498_1IWG:A:7-37,A:331-498	0	0	1	8	0	9	7	9	1	199
gi|116751097|ref|YP_847784.1|_815-1036_1IWG:A:513-566,A:869-1036	2	0	1	11	0	13	7	10	1	222
gi|116751097|ref|YP_847784.1|_136-183,275-331_1IWG:A:135-181,A:274-330	0	5	1	4	0	11	6	9	1	104
gi|116751097|ref|YP_847784.1|_573-677_1IWG:A:567-673	0	5	1	2	0	12	9	2	0	107
gi|116751097|ref|YP_847784.1|_39-131_1IWG:A:38-134	0	4	2	4	0	11	6	7	0	97
gi|116751097|ref|YP_847784.1|_183-273_1IWG:A:182-273	0	6	0	4	0	8	4	5	0	92
gi|116751097|ref|YP_847784.1|_730-815_1IWG:A:725-812	0	6	3	2	0	8	2	6	0	88
gi|116751098|ref|YP_847785.1|_56-305_1VF7:A:	2	20	0	3	0	31	18	9	0	237
gi|116751099|ref|YP_847786.1|_86-211_2FBQ:A:81-214	0	0	0	6	0	8	6	2	0	134
gi|116751099|ref|YP_847786.1|_6-81_2FBQ:A:2-80	0	0	0	4	0	6	3	4	0	79
gi|116751104|ref|YP_847791.1|_8-199_1EFV:A:20-207	0	13	2	4	0	16	9	8	0	188
gi|116751104|ref|YP_847791.1|_207-327_1EFV:A:208-331	2	5	5	4	0	16	12	8	0	124
gi|116751105|ref|YP_847792.1|_3-259_1O97:C:	2	13	7	5	0	31	12	11	0	261
gi|116751106|ref|YP_847793.1|_2-238_1IVH:A:6-241	3	8	6	7	0	20	10	16	0	236
gi|116751106|ref|YP_847793.1|_226-379_1UKW:A:259-410	2	0	3	5	0	5	5	4	0	152
gi|116751107|ref|YP_847794.1|_73-189_1VI0:A:78-194	2	0	1	5	0	9	4	5	0	117
gi|116751107|ref|YP_847794.1|_3-78_1JT6:A:2-72	0	0	1	4	0	5	1	2	0	71
gi|116751108|ref|YP_847795.1|_303-468_1SHU:X:	2	6	3	6	0	13	8	7	0	181
gi|116751109|ref|YP_847796.1|_20-203_2NR9:A:4-192	0	0	2	8	0	13	11	7	0	189
gi|116751110|ref|YP_847797.1|_1-248_1KA9:F:	2	11	1	10	0	25	15	15	0	251
gi|116751114|ref|YP_847801.1|_18-222_1G29:1:1-240	1	11	4	8	0	20	15	14	0	240
gi|116751115|ref|YP_847802.1|_32-257_1AMF:A:	2	11	4	10	0	21	9	11	0	231
gi|116751116|ref|YP_847803.1|_5-215_2ONK:C:1-252	0	0	1	12	0	13	9	9	0	252
gi|116751117|ref|YP_847804.1|_67-685_1NQE:A:	1	33	5	4	0	38	26	23	0	589
gi|116751118|ref|YP_847805.1|_7-155_2GVI:A:1-168	0	7	1	7	0	19	12	8	0	168
gi|116751119|ref|YP_847806.1|_11-240_1L3I:A:	1	8	1	6	0	16	9	11	0	186
gi|116751120|ref|YP_847807.1|_32-346_2ETV:A:25-358	3	13	5	15	0	39	21	19	0	334
gi|116751121|ref|YP_847808.1|_4-331_1L7V:A:	2	0	2	14	0	18	8	12	0	324
gi|116751122|ref|YP_847809.1|_6-239_3D31:A:1-229	0	10	1	9	0	26	15	14	0	229
gi|116751123|ref|YP_847810.1|_191-273_1U07:A:	0	5	0	2	0	10	3	4	0	90
gi|116751124|ref|YP_847811.1|_21-160_1OGP:A:2-262	0	15	5	6	0	36	20	16	0	261
gi|116751125|ref|YP_847812.1|_9-75_1UTX:A:	0	2	0	5	0	7	3	4	0	66
gi|116751125|ref|YP_847812.1|_213-360_1II5:A:	0	12	3	8	0	21	13	13	0	232
gi|116751126|ref|YP_847813.1|_10-267_1ET0:A:	8	15	0	7	0	29	15	12	0	266
gi|116751127|ref|YP_847814.1|_27-481_1K0G:A:	7	23	3	9	0	44	27	24	0	453
gi|116751128|ref|YP_847815.1|_1-189_1QDL:B:	1	9	0	6	0	17	14	12	0	195
gi|116751129|ref|YP_847816.1|_10-222_1BYI:A:	2	10	2	8	0	28	14	14	0	224
gi|116751130|ref|YP_847817.1|_2-378_1BS0:A:	7	14	3	14	0	42	23	18	0	383
gi|116751132|ref|YP_847819.1|_181-369_1TQY:A:219-423	5	7	2	5	0	21	7	8	0	166
gi|116751132|ref|YP_847819.1|_13-212_1OX0:A:5-251	6	7	4	9	0	27	16	15	0	251
gi|116751133|ref|YP_847820.1|_9-68,97-213_1NOX:A:	2	4	2	9	0	19	7	11	0	200
gi|116751134|ref|YP_847821.1|_3-77_1KLP:A:	0	0	0	4	0	14	8	8	0	115
gi|116751135|ref|YP_847822.1|_3-245_1I01:A:	2	7	3	9	0	21	12	12	0	241
gi|116751136|ref|YP_847823.1|_10-80_1U1Z:A:	1	6	1	2	0	12	5	10	0	145
gi|116751137|ref|YP_847824.1|_14-449_1QJ5:A:	8	17	6	12	0	38	21	28	0	429
gi|116751138|ref|YP_847825.1|_88-280_1BIA:A:64-270	3	7	2	5	0	15	5	13	0	207
gi|116751138|ref|YP_847825.1|_8-64_1BIA:A:1-63	1	2	0	3	0	7	3	4	0	63
gi|116751138|ref|YP_847825.1|_286-330_1WQW:A:189-235	0	5	0	0	0	7	5	2	0	47
gi|116751141|ref|YP_847828.1|_28-315_1US5:A:	3	10	2	12	0	29	18	20	0	298
gi|116751142|ref|YP_847829.1|_1-335_1RZM:A:	8	15	4	10	0	42	23	21	0	338
gi|116751142|ref|YP_847829.1|_360-543_2QMW:A:1-184	1	10	1	6	0	20	19	9	0	184
gi|116751142|ref|YP_847829.1|_531-626_1PHZ:A:19-115	1	4	1	2	0	11	4	7	0	97
gi|116751143|ref|YP_847830.1|_48-234_1CE2:A:1-333	1	14	4	11	0	37	25	27	0	333
gi|116751145|ref|YP_847832.1|_7-386_1E9R:A:	4	15	5	17	0	45	21	21	0	433
gi|116751146|ref|YP_847833.1|_9-409_1PW4:A:	2	0	1	18	0	21	18	22	0	450
gi|116751147|ref|YP_847834.1|_9-170_1MC0:A:402-555	0	7	0	4	0	14	7	11	0	154
gi|116751148|ref|YP_847835.1|_1-69_1POI:B:	2	14	0	8	0	37	16	22	0	260
gi|116751150|ref|YP_847837.1|_1-415_1IIR:A:	0	13	4	14	0	38	21	15	0	401
gi|116751151|ref|YP_847838.1|_136-361_1H80:A:	9	29	2	5	0	61	31	22	0	464
gi|116751155|ref|YP_847842.1|_137-372_1NY5:A:138-384	4	9	2	11	0	25	17	12	0	247
gi|116751155|ref|YP_847842.1|_1-183_1NY5:A:1-137	2	5	0	5	0	10	7	5	0	137
gi|116751155|ref|YP_847842.1|_351-469_1NTC:A:	0	0	0	4	0	6	3	4	0	90
gi|116751156|ref|YP_847843.1|_205-375_2PJQ:A:1-215	0	0	2	11	0	15	11	12	0	215
gi|116751156|ref|YP_847843.1|_70-217_1KRW:A:	0	5	0	5	0	10	8	4	0	124
gi|116751158|ref|YP_847845.1|_786-961_1R62:A:	0	7	1	3	0	11	0	7	0	156
gi|116751158|ref|YP_847845.1|_981-1099_1MVO:A:	0	5	0	5	0	13	6	5	0	121
gi|116751158|ref|YP_847845.1|_438-561_1EW0:A:	2	5	2	5	0	11	8	8	0	130
gi|116751158|ref|YP_847845.1|_564-664_1EW0:A:	2	5	2	5	0	11	8	8	0	130
gi|116751158|ref|YP_847845.1|_317-440_1BYW:A:	2	5	1	3	0	13	3	8	0	110
gi|116751158|ref|YP_847845.1|_716-793_2C2A:A:232-320	0	0	1	3	0	3	0	4	0	89
gi|116751158|ref|YP_847845.1|_62-144_2BAS:A:263-407	2	7	2	4	0	12	6	11	0	145
gi|116751159|ref|YP_847846.1|_953-1129_1R62:A:	0	7	1	3	0	11	0	7	0	156
gi|116751159|ref|YP_847846.1|_360-484_1V9Y:A:	2	5	3	3	0	10	6	6	0	113
gi|116751159|ref|YP_847846.1|_1149-1266_1QKK:A:	0	5	1	5	0	15	7	5	0	154
gi|116751159|ref|YP_847846.1|_741-873_1N9L:A:	0	5	1	3	0	14	5	7	0	109
gi|116751159|ref|YP_847846.1|_614-742_1DP6:A:	3	5	1	4	0	10	6	6	0	116
gi|116751159|ref|YP_847846.1|_483-615_1N9L:A:	0	5	1	3	0	14	5	7	0	109
gi|116751159|ref|YP_847846.1|_889-960_2C2A:A:232-320	0	0	1	3	0	3	0	4	0	89
gi|116751159|ref|YP_847846.1|_308-356_2ASX:A:278-331	0	0	0	2	0	4	1	3	0	54
gi|116751159|ref|YP_847846.1|_80-183_1P0Z:A:	2	5	2	4	0	11	7	6	0	130
gi|116751160|ref|YP_847847.1|_151-491_1BBU:A:161-502	3	13	4	11	0	30	17	16	0	342
gi|116751160|ref|YP_847847.1|_3-144_1E1O:A:11-153	0	5	1	4	0	12	5	8	0	143
gi|116751162|ref|YP_847849.1|_14-228_1F3O:A:	0	10	2	7	0	22	15	14	0	232
gi|116751164|ref|YP_847851.1|_28-172_1U2M:A:	1	3	1	3	0	8	3	4	0	142
gi|116751165|ref|YP_847852.1|_41-325_2JF2:A:1-262	4	28	1	4	0	60	13	24	0	264
gi|116751166|ref|YP_847853.1|_1-136_1U1Z:A:	1	6	1	2	0	12	5	10	0	145
gi|116751167|ref|YP_847854.1|_2-258_2JF2:A:1-262	4	28	1	4	0	60	13	24	0	264
gi|116751168|ref|YP_847855.1|_318-479_1OFG:A:1-160,A:323-381	1	7	4	8	0	25	13	9	1	219
gi|116751168|ref|YP_847855.1|_478-568_1ZH8:A:132-275	2	8	2	3	0	12	7	8	0	144
gi|116751169|ref|YP_847856.1|_10-382_1V4V:A:	0	13	2	15	0	36	23	18	0	373
gi|116751170|ref|YP_847857.1|_61-416_2IW1:A:2-371	0	15	4	16	0	41	26	17	0	370
gi|116751171|ref|YP_847858.1|_10-140_1XI3:A:	0	8	0	10	0	20	16	11	0	206
gi|116751173|ref|YP_847860.1|_83-335_1MUS:A:	5	11	8	14	0	40	22	21	0	476
gi|116751174|ref|YP_847861.1|_30-169_1F0I:A:264-514	2	9	3	7	0	27	19	11	0	246
gi|116751177|ref|YP_847864.1|_525-582,935-1060_1HV8:A:211-365	1	6	1	6	0	17	12	7	0	155
gi|116751179|ref|YP_847866.1|_401-569_1F3O:A:	0	10	2	7	0	22	15	14	0	232
gi|116751179|ref|YP_847866.1|_169-242_2I6C:A:1001-1160	0	7	2	5	0	13	5	8	0	160
gi|116751180|ref|YP_847867.1|_27-135_1PDN:C:	0	2	0	6	0	15	8	9	0	127
gi|116751181|ref|YP_847868.1|_135-275_2F2L:X:335-499	3	6	2	3	0	21	17	11	0	165
gi|116751181|ref|YP_847868.1|_79-124_1Y7M:A:1-48	0	2	0	1	1	9	3	6	0	48
gi|116751182|ref|YP_847869.1|_145-388_1NY5:A:138-384	4	9	2	11	0	25	17	12	0	247
gi|116751182|ref|YP_847869.1|_6-190_1NY5:A:1-137	2	5	0	5	0	10	7	5	0	137
gi|116751182|ref|YP_847869.1|_358-456_1NTC:A:	0	0	0	4	0	6	3	4	0	90
gi|116751183|ref|YP_847870.1|_1-335_1RZM:A:	8	15	4	10	0	42	23	21	0	338
gi|116751184|ref|YP_847871.1|_104-229_2PV7:A:244-371	0	0	0	8	0	7	2	6	0	128
gi|116751184|ref|YP_847871.1|_2-100_2PV7:A:92-243	0	7	4	5	0	21	9	10	0	152
gi|116751185|ref|YP_847872.1|_72-148_1FX7:A:65-144	2	0	1	3	0	8	3	6	0	80
gi|116751185|ref|YP_847872.1|_11-71_1ON2:A:2-62	0	2	0	3	0	3	3	3	0	61
gi|116751186|ref|YP_847873.1|_12-32_1SX0:A:	2	0	0	0	0	3	3	3	0	22
gi|116751186|ref|YP_847873.1|_274-356_1TE4:A:	0	0	3	6	0	11	9	5	0	111
gi|116751186|ref|YP_847873.1|_45-126_1IYG:A:	0	0	0	7	0	9	9	3	0	132
gi|116751187|ref|YP_847874.1|_6-143_1VJL:A:	0	8	0	5	0	12	2	6	0	163
gi|116751190|ref|YP_847877.1|_417-436,475-718_2B8E:A:416-434,A:548-663	2	6	0	6	1	16	9	5	1	135
gi|116751190|ref|YP_847877.1|_225-317_1SU4:A:125-239	2	9	3	0	0	21	10	7	0	115
gi|116751190|ref|YP_847877.1|_160-219,318-412,668-702_1SU4:A:1-124,A:240-343,A:751-994	1	1	8	18	0	32	20	22	2	472
gi|116751190|ref|YP_847877.1|_2-71_1Q8L:A:	0	4	0	2	0	13	4	7	0	83
gi|116751192|ref|YP_847879.1|_54-133_1VZ0:A:116-208	0	0	2	7	0	8	3	6	0	93
gi|116751193|ref|YP_847880.1|_16-170_1GDT:A:1-140	1	4	2	4	0	11	5	7	0	140
gi|116751196|ref|YP_847883.1|_84-206_1JHF:A:73-198	1	9	3	0	0	16	8	10	0	126
gi|116751196|ref|YP_847883.1|_8-73_1JHF:A:2-72	0	2	0	3	0	6	4	2	0	71
gi|116751200|ref|YP_847887.1|_129-184_1OR7:A:120-187	0	1	0	4	0	5	2	2	0	68
gi|116751202|ref|YP_847889.1|_6-188_1W36:B:899-1174	5	5	5	9	0	31	23	9	0	276
gi|116751206|ref|YP_847893.1|_275-660_1W36:D:2-360	6	9	4	14	0	32	29	25	0	359
gi|116751207|ref|YP_847894.1|_141-375_1DD9:A:	1	11	4	13	0	31	18	15	0	314
gi|116751207|ref|YP_847894.1|_11-85_1D0Q:A:	0	5	1	4	0	12	4	7	0	102
gi|116751208|ref|YP_847895.1|_1-378_3DHW:C:1-240	3	10	1	7	0	21	17	12	0	240
gi|116751211|ref|YP_847898.1|_6-79_1GDT:A:141-183	0	0	0	3	0	5	3	2	0	43
gi|116751213|ref|YP_847900.1|_14-301_1A0P:A:111-292	4	3	3	8	0	17	7	7	0	182
gi|116751214|ref|YP_847901.1|_5-105_1P7D:A:	5	5	2	11	0	27	14	16	0	283
gi|116751223|ref|YP_847910.1|_50-337_2DPM:A:	4	7	4	10	0	29	17	8	0	275
gi|116751225|ref|YP_847912.1|_56-285_1OHG:A:	3	16	5	6	0	28	16	15	0	281
gi|116751236|ref|YP_847923.1|_1-99_1T1J:A:	0	4	2	5	0	9	3	5	0	124
gi|116751239|ref|YP_847926.1|_8-172_1WRU:A:3-176	2	12	3	4	0	21	5	9	0	174
gi|116751240|ref|YP_847927.1|_7-117_1LBU:A:84-213	0	5	3	3	0	19	8	11	0	130
gi|116751242|ref|YP_847929.1|_16-97_2P5Z:X:378-468	2	5	1	0	0	13	4	3	0	91
gi|116751245|ref|YP_847932.1|_36-88_1F00:I:753-841	0	12	0	0	0	14	7	7	0	89
gi|116751246|ref|YP_847933.1|_107-190_1UWY:A:297-403	2	7	0	0	0	19	10	4	0	107
gi|116751248|ref|YP_847935.1|_29-135_2IA7:A:23-133	0	3	2	2	0	10	3	8	0	111
gi|116751255|ref|YP_847942.1|_953-1157_1SQJ:A:4-430	5	31	4	2	0	58	43	30	0	427
gi|116751259|ref|YP_847946.1|_2-244_1XFF:A:	1	15	3	5	0	29	16	11	0	238
gi|116751260|ref|YP_847947.1|_19-69,100-173_1VKB:A:	2	7	2	2	0	16	12	9	0	160
gi|116751261|ref|YP_847948.1|_7-56_1J9I:A:	0	2	1	3	0	6	3	3	0	68
gi|116751262|ref|YP_847949.1|_16-350_1DCT:A:	8	11	10	8	0	35	20	17	0	324
gi|116751263|ref|YP_847950.1|_256-326,495-643_1HV8:A:211-365	1	6	1	6	0	17	12	7	0	155
gi|116751263|ref|YP_847950.1|_118-335_1Z63:A:432-661	0	7	2	11	0	24	16	18	0	230
gi|116751264|ref|YP_847951.1|_277-435,545-625,662-716,870-987_2OKC:A:9-433	2	9	3	16	0	39	24	24	0	425
gi|116751266|ref|YP_847953.1|_11-279_1QCF:A:249-531	6	7	5	10	0	31	17	17	0	282
gi|116751267|ref|YP_847954.1|_582-645,1012-1130_1FUK:A:	0	7	3	4	0	16	14	7	0	162
gi|116751269|ref|YP_847956.1|_86-248_1BYR:A:	2	8	0	5	0	13	9	7	0	152
gi|116751270|ref|YP_847957.1|_14-266_1B63:A:2-216	0	8	2	8	0	19	14	13	0	216
gi|116751271|ref|YP_847958.1|_1-148_1CW0:A:	0	6	1	5	0	14	9	10	0	155
gi|116751275|ref|YP_847962.1|_32-141_2ETH:A:1-140	2	2	0	7	0	10	5	5	0	140
gi|116751278|ref|YP_847965.1|_14-209_2FNA:A:1-283	0	7	3	11	0	23	13	17	0	283
gi|116751280|ref|YP_847967.1|_78-247_2G03:A:11-187	0	4	3	8	0	15	11	9	0	177
gi|116751281|ref|YP_847968.1|_271-328_1DUR:A:	0	4	1	1	0	12	2	4	0	55
gi|116751282|ref|YP_847969.1|_1-123_2DP9:A:1-120	0	5	1	4	0	11	4	6	0	121
gi|116751285|ref|YP_847972.1|_1-156_1P4S:A:	0	5	0	8	0	16	11	9	0	181
gi|116751286|ref|YP_847973.1|_18-39,67-326_1VPQ:A:	5	8	4	9	0	27	10	15	0	272
gi|116751287|ref|YP_847974.1|_20-156_1VLM:A:	2	8	2	8	0	22	11	13	0	218
gi|116751289|ref|YP_847976.1|_47-431_1IR6:A:	0	10	7	15	0	38	21	20	0	385
gi|116751291|ref|YP_847978.1|_234-533_1TRB:A:119-244	1	8	1	4	0	13	10	6	0	126
gi|116751291|ref|YP_847978.1|_127-212_1J08:A:120-226	0	4	0	4	0	11	4	7	0	107
gi|116751291|ref|YP_847978.1|_15-121_1HYU:A:1-102	0	4	1	3	0	12	6	6	0	102
gi|116751294|ref|YP_847981.1|_13-104_1OR7:A:1-111	0	0	2	5	0	7	5	4	0	111
gi|116751294|ref|YP_847981.1|_110-196_1RP3:A:164-234	0	0	0	4	0	4	3	3	0	71
gi|116751298|ref|YP_847985.1|_7-124_1YLN:A:138-248	2	8	0	1	0	13	8	4	0	111
gi|116751299|ref|YP_847986.1|_7-124_1YWU:A:1-125	0	6	2	1	0	14	10	4	0	125
gi|116751301|ref|YP_847988.1|_20-184_2IFT:A:11-193	0	9	0	5	0	19	8	11	0	183
gi|116751303|ref|YP_847990.1|_132-215_2F15:A:75-163	0	9	1	0	0	14	6	5	0	89
gi|116751304|ref|YP_847991.1|_1-102_1OR7:A:1-111	0	0	2	5	0	7	5	4	0	111
gi|116751304|ref|YP_847991.1|_116-180_1RP3:A:164-234	0	0	0	4	0	4	3	3	0	71
gi|116751305|ref|YP_847992.1|_38-118_1Z0N:A:77-163	0	10	1	0	0	14	6	6	0	87
gi|116751308|ref|YP_847995.1|_34-124_1VZI:A:38-125	2	7	0	1	0	9	5	7	0	88
gi|116751308|ref|YP_847995.1|_3-36_1VZI:A:1-37	0	5	0	0	0	8	1	3	0	37
gi|116751311|ref|YP_847998.1|_69-243_1DKR:A:167-316	0	9	1	4	0	15	12	6	0	150
gi|116751313|ref|YP_848000.1|_15-410_1HQS:A:	3	17	6	14	0	41	18	19	0	423
gi|116751314|ref|YP_848001.1|_73-285_1UFK:A:	0	14	4	9	0	22	7	12	0	254
gi|116751315|ref|YP_848002.1|_22-402_1GDE:A:	4	12	7	13	0	42	12	25	0	388
gi|116751316|ref|YP_848003.1|_14-225_1DIQ:A:7-242	4	11	2	6	0	33	17	19	0	236
gi|116751316|ref|YP_848003.1|_198-466_1E8G:A:274-560	3	8	5	10	0	29	14	16	0	287
gi|116751317|ref|YP_848004.1|_14-203_3DHW:A:6-208	0	0	1	9	0	11	7	9	0	203
gi|116751318|ref|YP_848005.1|_8-243_1B0U:A:	0	12	1	10	0	24	16	14	0	261
gi|116751319|ref|YP_848006.1|_13-201_3DHW:A:6-208	0	0	1	9	0	11	7	9	0	203
gi|116751320|ref|YP_848007.1|_6-250_1LST:A:	6	12	3	10	0	29	17	16	0	238
gi|116751321|ref|YP_848008.1|_2-126_1XRG:A:	4	6	3	2	0	16	9	5	0	125
gi|116751322|ref|YP_848009.1|_8-374_1F0K:A:	0	13	3	16	0	35	15	23	0	363
gi|116751323|ref|YP_848010.1|_29-414_2F9F:A:2-167	2	6	1	7	0	19	11	10	0	166
gi|116751324|ref|YP_848011.1|_2-366_2F9F:A:2-167	2	6	1	7	0	19	11	10	0	166
gi|116751325|ref|YP_848012.1|_93-337_4KBP:A:121-432	5	15	5	6	0	41	25	21	0	312
gi|116751326|ref|YP_848013.1|_126-269_2FY8:A:116-244	0	6	2	6	0	14	10	7	0	130
gi|116751326|ref|YP_848013.1|_23-147_1LNQ:A:19-98	0	0	0	5	0	5	7	8	0	80
gi|116751326|ref|YP_848013.1|_261-352_2FY8:A:245-336	2	4	0	4	0	13	5	6	0	92
gi|116751328|ref|YP_848015.1|_666-925_1A9X:A:677-935	1	11	2	8	0	28	16	9	0	259
gi|116751328|ref|YP_848015.1|_128-398_1A9X:A:128-402	4	11	3	7	0	30	24	12	0	275
gi|116751328|ref|YP_848015.1|_550-668_1A9X:A:556-676	3	4	0	6	0	13	10	8	0	121
gi|116751328|ref|YP_848015.1|_1-127_1A9X:A:1-127	2	5	2	5	0	17	8	6	0	127
gi|116751328|ref|YP_848015.1|_930-1064_1A9X:A:936-1073	2	5	1	7	0	14	5	11	0	138
gi|116751328|ref|YP_848015.1|_393-544_1A9X:A:403-555	3	2	1	7	0	15	8	10	0	153
gi|116751329|ref|YP_848016.1|_33-240_1XV2:A:	2	14	2	6	0	22	12	11	0	232
gi|116751331|ref|YP_848018.1|_99-286_1GDH:A:101-291	3	7	2	7	0	24	11	14	0	191
gi|116751331|ref|YP_848018.1|_1-136_1YGY:A:3-98,A:283-316	4	5	2	4	0	19	10	9	1	130
gi|116751332|ref|YP_848019.1|_5-440_2B8N:A:4-417	4	12	2	17	0	38	21	25	0	414
gi|116751333|ref|YP_848020.1|_22-169_1D5R:A:14-187	4	5	0	5	0	17	15	8	0	174
gi|116751335|ref|YP_848022.1|_8-174_1SPV:A:	0	6	1	5	0	17	11	6	0	172
gi|116751337|ref|YP_848024.1|_37-227_1VJN:A:	2	14	1	3	0	24	15	9	0	219
gi|116751338|ref|YP_848025.1|_79-326_1VF7:A:	2	20	0	3	0	31	18	9	0	237
gi|116751339|ref|YP_848026.1|_302-503_1IWG:A:7-37,A:331-498	0	0	1	8	0	9	7	9	1	199
gi|116751339|ref|YP_848026.1|_833-1029_1IWG:A:513-566,A:869-1036	2	0	1	11	0	13	7	10	1	222
gi|116751339|ref|YP_848026.1|_39-133_1IWG:A:38-134	0	4	2	4	0	11	6	7	0	97
gi|116751339|ref|YP_848026.1|_567-673_1IWG:A:567-673	0	5	1	2	0	12	9	2	0	107
gi|116751339|ref|YP_848026.1|_674-723,810-859_1IWG:A:674-724,A:813-859	0	6	0	2	0	10	7	3	1	98
gi|116751339|ref|YP_848026.1|_724-810_1IWG:A:725-812	0	6	3	2	0	8	2	6	0	88
gi|116751339|ref|YP_848026.1|_184-277_1IWG:A:182-273	0	6	0	4	0	8	4	5	0	92
gi|116751339|ref|YP_848026.1|_137-190_1IWG:A:135-181,A:274-330	0	5	1	4	0	11	6	9	1	104
gi|116751340|ref|YP_848027.1|_34-516_1WP1:A:	7	6	2	10	0	34	19	14	0	456
gi|116751342|ref|YP_848029.1|_20-434_1PW4:A:	2	0	1	18	0	21	18	22	0	450
gi|116751343|ref|YP_848030.1|_20-86_2FDN:A:	0	4	1	1	0	12	1	6	0	55
gi|116751344|ref|YP_848031.1|_4-182,283-373_1RP0:A:7-284	0	13	0	9	0	22	13	21	0	278
gi|116751344|ref|YP_848031.1|_181-283_2GMH:A:237-335	0	5	1	2	0	11	4	8	0	99
gi|116751345|ref|YP_848032.1|_9-128_1QO8:A:103-359,A:506-565	5	14	2	9	0	40	16	20	1	317
gi|116751345|ref|YP_848032.1|_110-183_1EFV:A:20-207	0	13	2	4	0	16	9	8	0	188
gi|116751346|ref|YP_848033.1|_192-313_1EFP:A:185-308	2	5	3	4	0	16	11	8	0	124
gi|116751346|ref|YP_848033.1|_3-177_1EFV:A:20-207	0	13	2	4	0	16	9	8	0	188
gi|116751347|ref|YP_848034.1|_2-250_1EFP:B:	2	13	2	6	0	25	15	14	0	246
gi|116751348|ref|YP_848035.1|_18-263_1JQI:A:4-234	3	8	4	7	0	17	12	12	0	231
gi|116751348|ref|YP_848035.1|_248-399_1BUC:A:233-383	1	2	3	5	0	4	4	6	0	151
gi|116751349|ref|YP_848036.1|_3-273_1U8V:A:1-275	0	12	7	6	0	27	14	15	0	275
gi|116751349|ref|YP_848036.1|_263-476_1U8V:A:276-490	2	2	1	12	0	17	8	16	0	215
gi|116751351|ref|YP_848038.1|_171-415_1NY5:A:138-384	4	9	2	11	0	25	17	12	0	247
gi|116751351|ref|YP_848038.1|_26-130_1NWZ:A:	2	5	1	5	1	14	5	9	0	125
gi|116751351|ref|YP_848038.1|_432-481_1G2H:A:	0	0	0	3	0	7	8	5	0	61
gi|116751355|ref|YP_848042.1|_402-545_2FY8:A:116-244	0	6	2	6	0	14	10	7	0	130
gi|116751355|ref|YP_848042.1|_579-649_1VCT:A:108-201	2	4	0	4	0	12	4	6	0	94
gi|116751359|ref|YP_848046.1|_47-135_1JV2:A:1-438	9	35	2	3	0	69	38	34	0	438
gi|116751360|ref|YP_848047.1|_76-302_3THI:A:	6	14	4	16	0	38	14	23	0	362
gi|116751362|ref|YP_848049.1|_59-197_2ONK:C:1-252	0	0	1	12	0	13	9	9	0	252
gi|116751364|ref|YP_848051.1|_4-236_1V43:A:7-245	1	10	2	8	0	20	13	15	0	239
gi|116751365|ref|YP_848052.1|_115-193_1S6L:A:81-212	0	8	0	3	0	16	13	6	0	132
gi|116751367|ref|YP_848054.1|_10-256_1WDN:A:	2	11	1	8	0	14	14	12	0	223
gi|116751368|ref|YP_848055.1|_14-211_3DHW:A:6-208	0	0	1	9	0	11	7	9	0	203
gi|116751369|ref|YP_848056.1|_1-131_1PVM:A:1-142	6	6	4	5	0	14	7	11	0	142
gi|116751369|ref|YP_848056.1|_143-217_2FGC:A:27-104	0	4	0	2	0	6	2	6	0	78
gi|116751371|ref|YP_848058.1|_1-449_1CC1:L:	13	16	7	15	0	45	25	24	0	487
gi|116751372|ref|YP_848059.1|_3-111,142-270_1H2R:S:	11	9	7	13	0	34	17	23	0	267
gi|116751376|ref|YP_848063.1|_105-185_1KF6:B:106-243	0	0	3	8	0	15	4	9	0	138
gi|116751376|ref|YP_848063.1|_4-53_1J9I:A:	0	2	1	3	0	6	3	3	0	68
gi|116751377|ref|YP_848064.1|_9-61_1CFZ:A:	2	7	3	6	0	17	10	8	0	162
gi|116751380|ref|YP_848067.1|_22-306_1LVW:A:	1	14	3	11	0	29	22	21	0	294
gi|116751382|ref|YP_848069.1|_39-112_1X5Z:A:8-109	2	10	0	0	0	16	6	1	0	102
gi|116751385|ref|YP_848072.1|_3-258_1WZN:A:1-251	1	11	4	7	0	20	9	14	0	251
gi|116751386|ref|YP_848073.1|_226-282_1ULZ:A:115-328	2	8	1	6	0	23	11	8	0	214
gi|116751386|ref|YP_848073.1|_216-383_1GSA:A:123-314	0	10	3	5	0	22	10	11	0	192
gi|116751395|ref|YP_848082.1|_71-238_1L1J:A:	2	14	3	5	0	26	14	9	0	228
gi|116751397|ref|YP_848084.1|_244-290,335-460_1W3B:A:	0	0	0	23	0	35	6	26	0	388
gi|116751398|ref|YP_848085.1|_166-364_1W3B:A:	0	0	0	23	0	35	6	26	0	388
gi|116751398|ref|YP_848085.1|_62-198_1W3B:A:	0	0	0	23	0	35	6	26	0	388
gi|116751398|ref|YP_848085.1|_330-453_1W3B:A:	0	0	0	23	0	35	6	26	0	388
gi|116751401|ref|YP_848088.1|_21-321_1TV8:A:	4	11	4	10	0	39	20	20	0	327
gi|116751402|ref|YP_848089.1|_27-109_1F39:A:	0	7	1	0	0	17	7	10	0	101
gi|116751403|ref|YP_848090.1|_349-596_3B60:A:329-581	4	10	2	9	0	24	18	16	0	253
gi|116751403|ref|YP_848090.1|_16-320_1PF4:A:10-320	0	0	9	16	0	12	11	14	0	310
gi|116751405|ref|YP_848092.1|_23-96_1A0P:A:3-100	0	0	0	4	0	8	5	5	0	98
gi|116751406|ref|YP_848093.1|_45-174_1P0Z:A:	2	5	2	4	0	11	7	6	0	130
gi|116751406|ref|YP_848093.1|_397-535_2C2A:A:321-481	0	7	2	3	0	13	4	10	0	161
gi|116751406|ref|YP_848093.1|_224-285_1MZU:A:	2	5	2	3	1	12	6	6	0	110
gi|116751406|ref|YP_848093.1|_334-399_1IXM:A:	2	5	2	4	0	14	8	4	0	179
gi|116751407|ref|YP_848094.1|_5-132_1U0S:Y:	0	5	1	5	0	15	5	4	0	118
gi|116751409|ref|YP_848096.1|_31-277_1USG:A:	4	14	6	11	0	33	12	17	0	346
gi|116751410|ref|YP_848097.1|_97-386_1A0P:A:111-292	4	3	3	8	0	17	7	7	0	182
gi|116751411|ref|YP_848098.1|_100-304_1X3S:A:2-178	0	6	2	6	0	18	11	14	0	177
gi|116751417|ref|YP_848104.1|_236-341_2OAU:A:180-280	1	4	0	2	0	10	4	5	0	101
gi|116751417|ref|YP_848104.1|_169-234_2OAU:A:113-179	0	5	0	2	0	7	5	3	0	67
gi|116751417|ref|YP_848104.1|_84-167_2OAU:A:27-112	0	0	0	3	0	3	0	1	0	86
gi|116751418|ref|YP_848105.1|_90-182_2F1D:A:96-192	3	6	0	2	0	8	4	4	0	97
gi|116751418|ref|YP_848105.1|_5-89_2F1D:A:10-95	0	4	0	2	0	10	3	4	0	86
gi|116751419|ref|YP_848106.1|_78-322_1K3B:B:,C:	11	8	1	6	0	32	14	17	1	233
gi|116751421|ref|YP_848108.1|_783-1133_1CVR:A:1-350	7	14	4	9	0	39	25	18	0	350
gi|116751423|ref|YP_848110.1|_25-325_1TV8:A:	4	11	4	10	0	39	20	20	0	327
gi|116751424|ref|YP_848111.1|_181-328_1JB1:A:	2	11	2	4	0	17	8	8	0	173
gi|116751426|ref|YP_848113.1|_8-221_1U0L:A:69-293	0	8	2	7	0	24	18	13	0	225
gi|116751427|ref|YP_848114.1|_183-406_1JCU:A:	0	10	0	6	0	31	23	6	0	208
gi|116751427|ref|YP_848114.1|_11-97_1GXU:A:	0	5	0	2	0	9	5	3	0	88
gi|116751427|ref|YP_848114.1|_493-568,655-765_1HUX:A:	0	10	3	8	0	21	12	13	0	259
gi|116751429|ref|YP_848116.1|_158-332_2Z1E:A:156-334	0	7	4	5	0	20	10	10	0	179
gi|116751429|ref|YP_848116.1|_6-153_2Z1E:A:43-155	0	7	0	2	0	7	4	5	0	113
gi|116751430|ref|YP_848117.1|_142-364_1R30:A:	5	9	1	11	0	35	25	12	0	312
gi|116751431|ref|YP_848118.1|_4-406_1PV7:A:	0	0	2	22	0	18	12	14	0	417
gi|116751432|ref|YP_848119.1|_82-329_1TV8:A:	4	11	4	10	0	39	20	20	0	327
gi|116751433|ref|YP_848120.1|_312-532_1G29:1:1-240	1	11	4	8	0	20	15	14	0	240
gi|116751433|ref|YP_848120.1|_13-241_1Q12:A:4-235	1	11	4	7	0	25	20	16	0	232
gi|116751437|ref|YP_848124.1|_263-344_1JAL:A:279-363	2	5	0	4	0	11	3	7	0	85
gi|116751437|ref|YP_848124.1|_1-284_1JAL:A:1-278	0	7	4	11	0	25	14	14	0	278
gi|116751438|ref|YP_848125.1|_16-160,199-223_1Q7R:A:	0	12	3	6	0	17	7	9	0	218
gi|116751439|ref|YP_848126.1|_2-329_1NHP:A:120-242	2	8	0	3	0	12	10	6	0	123
gi|116751439|ref|YP_848126.1|_336-461_1NHP:A:322-447	3	5	0	4	0	15	3	10	0	126
gi|116751439|ref|YP_848126.1|_468-569_1TQ1:A:	2	5	0	5	0	13	8	7	0	119
gi|116751440|ref|YP_848127.1|_86-139_1E4U:A:	4	0	0	1	0	16	10	5	0	78
gi|116751441|ref|YP_848128.1|_5-139_1VP6:A:	0	8	1	5	0	18	5	4	0	133
gi|116751441|ref|YP_848128.1|_206-409_1TXO:A:	3	11	3	6	0	26	12	11	0	235
gi|116751443|ref|YP_848130.1|_22-177_1Z84:A:23-195	2	8	5	1	0	20	12	8	0	173
gi|116751443|ref|YP_848130.1|_187-347_1GUQ:A:178-348	0	8	1	6	0	19	10	8	0	171
gi|116751444|ref|YP_848131.1|_13-144_1Q3E:A:	2	8	1	10	0	20	7	9	0	193
gi|116751445|ref|YP_848132.1|_6-324_2HYD:A:1-323	0	0	1	15	1	9	5	12	0	323
gi|116751445|ref|YP_848132.1|_339-457,724-814_2HYD:A:324-578	2	10	5	9	0	25	21	16	0	255
gi|116751445|ref|YP_848132.1|_341-397,520-626_2HYD:A:324-578	2	10	5	9	0	25	21	16	0	255
gi|116751445|ref|YP_848132.1|_638-761_2HYD:A:324-578	2	10	5	9	0	25	21	16	0	255
gi|116751446|ref|YP_848133.1|_39-143_1L0O:A:	1	6	3	4	0	15	8	5	0	141
gi|116751447|ref|YP_848134.1|_1-107_1TH8:B:	0	5	1	4	0	6	5	5	0	115
gi|116751448|ref|YP_848135.1|_5-52_1R94:A:	0	7	1	2	0	9	3	5	0	97
gi|116751449|ref|YP_848136.1|_85-175_2H7W:A:3-110	2	8	2	0	0	17	4	8	0	108
gi|116751453|ref|YP_848140.1|_12-149_1IX5:A:	3	10	0	3	0	23	10	14	0	151
gi|116751454|ref|YP_848141.1|_19-208_1W3B:A:	0	0	0	23	0	35	6	26	0	388
gi|116751455|ref|YP_848142.1|_3-71_1UCR:A:	0	3	0	5	0	5	4	4	0	74
gi|116751456|ref|YP_848143.1|_4-155_2V4J:A:2-167	4	5	2	4	0	21	13	9	0	166
gi|116751456|ref|YP_848143.1|_156-230,309-422_2V4J:A:168-241,A:323-437	5	5	3	7	0	26	15	9	1	189
gi|116751456|ref|YP_848143.1|_217-307_2V4J:A:242-322	0	4	3	3	0	13	7	5	0	81
gi|116751457|ref|YP_848144.1|_3-132_2V4J:B:2-135	3	6	0	3	0	15	10	9	0	134
gi|116751457|ref|YP_848144.1|_124-199,266-359_2V4J:B:136-208,B:278-381	6	4	4	4	0	24	13	7	1	177
gi|116751457|ref|YP_848144.1|_177-256_2V4J:B:209-277	0	2	1	3	0	8	2	5	0	69
gi|116751458|ref|YP_848145.1|_9-203_1LS1:A:89-295	0	8	2	7	0	20	6	8	0	207
gi|116751458|ref|YP_848145.1|_256-458_1R9G:A:	0	12	2	5	0	22	16	11	0	196
gi|116751459|ref|YP_848146.1|_2-105_2V4J:C:3-105	2	2	2	6	0	12	6	6	0	103
gi|116751460|ref|YP_848147.1|_2-59_1XER:A:	2	7	1	3	0	16	5	8	0	103
gi|116751461|ref|YP_848148.1|_30-145_1I77:A:	4	2	2	4	0	17	13	5	0	107
gi|116751462|ref|YP_848149.1|_229-404_2OPL:A:4-185	1	10	2	4	0	18	10	6	0	182
gi|116751462|ref|YP_848149.1|_2-139,183-252_2FUK:A:3-220	2	8	1	5	0	26	14	17	0	218
gi|116751463|ref|YP_848150.1|_5-111_2YWQ:A:1-95	0	4	1	2	0	6	4	3	0	95
gi|116751463|ref|YP_848150.1|_106-175_1G6P:A:	2	4	0	0	0	9	5	2	0	66
gi|116751464|ref|YP_848151.1|_211-354_2YVX:A:132-275	10	5	1	4	0	20	17	6	0	144
gi|116751464|ref|YP_848151.1|_348-437_2OAI:A:5-91	2	5	0	2	0	8	4	6	0	87
gi|116751465|ref|YP_848152.1|_2-317_1LI5:A:1-315	10	12	4	9	0	33	15	16	0	315
gi|116751466|ref|YP_848153.1|_20-196_1SVI:A:	2	7	3	5	0	16	8	11	0	195
gi|116751467|ref|YP_848154.1|_3-381_1GDE:A:	4	12	7	13	0	42	12	25	0	388
gi|116751468|ref|YP_848155.1|_35-247_1W3B:A:	0	0	0	23	0	35	6	26	0	388
gi|116751468|ref|YP_848155.1|_457-525_1UTA:A:	4	3	0	2	0	10	4	2	0	77
gi|116751469|ref|YP_848156.1|_3-216_1O63:A:	1	10	1	8	0	17	12	10	0	203
gi|116751469|ref|YP_848156.1|_219-290_1H3D:A:225-299	2	3	0	3	0	10	5	2	0	75
gi|116751470|ref|YP_848157.1|_3-116_1ZPS:A:8-131	3	8	1	1	0	13	9	7	0	124
gi|116751471|ref|YP_848158.1|_101-320_1TV8:A:	4	11	4	10	0	39	20	20	0	327
gi|116751472|ref|YP_848159.1|_5-329_3C10:A:515-900	8	10	9	12	0	47	19	25	0	386
gi|116751473|ref|YP_848160.1|_254-338,382-455_2CH5:A:1-117	2	5	0	4	0	12	6	6	0	117
gi|116751473|ref|YP_848160.1|_1-66_2AP1:A:1-117	2	5	0	3	0	11	9	8	0	117
gi|116751474|ref|YP_848161.1|_150-332_1JCF:A:141-336	2	9	2	9	0	18	11	7	0	196
gi|116751474|ref|YP_848161.1|_10-147_1JCF:A:1-140	0	10	0	4	0	12	8	9	0	140
gi|116751475|ref|YP_848162.1|_1-269_1HD8:A:3-262	3	9	3	7	0	23	9	11	0	260
gi|116751476|ref|YP_848163.1|_116-310_1E1A:A:	9	29	1	0	0	44	18	22	0	312
gi|116751477|ref|YP_848164.1|_471-569,601-749_1NPE:A:	1	22	1	0	0	22	12	15	0	263
gi|116751477|ref|YP_848164.1|_680-894_1NPE:A:	1	22	1	0	0	22	12	15	0	263
gi|116751479|ref|YP_848166.1|_2-221_2CU2:A:1-268	4	11	7	10	0	28	13	12	0	268
gi|116751480|ref|YP_848167.1|_103-522_1HUV:A:	2	12	8	12	0	43	26	14	0	353
gi|116751481|ref|YP_848168.1|_331-431_2PYT:A:100-227	2	9	3	0	0	17	6	8	0	128
gi|116751481|ref|YP_848168.1|_252-313_1B0N:A:1-68	0	0	0	5	0	8	1	5	0	68
gi|116751481|ref|YP_848168.1|_6-74,102-210_1TF7:A:14-255	0	11	1	7	0	23	21	15	0	242
gi|116751482|ref|YP_848169.1|_35-389_2LIV:A:	4	14	6	11	0	34	17	17	0	344
gi|116751485|ref|YP_848172.1|_12-258_1G6H:A:	2	11	5	9	0	21	16	17	0	254
gi|116751486|ref|YP_848173.1|_2-234_1JI0:A:	2	10	1	10	0	19	14	15	0	240
gi|116751487|ref|YP_848174.1|_25-416_1T5H:X:	5	27	4	15	0	56	23	34	0	503
gi|116751488|ref|YP_848175.1|_11-221_1YBH:A:86-280	0	8	4	9	0	19	7	8	0	195
gi|116751488|ref|YP_848175.1|_363-552_2C31:A:370-552	6	6	1	7	0	19	13	10	0	183
gi|116751488|ref|YP_848175.1|_239-301_1R9J:A:527-669	0	5	2	7	0	22	14	9	0	143
gi|116751489|ref|YP_848176.1|_11-200_1B0P:A:416-668	2	6	4	9	0	29	21	11	0	253
gi|116751492|ref|YP_848179.1|_216-576_1AOR:A:211-605	3	5	8	21	0	37	16	31	0	395
gi|116751492|ref|YP_848179.1|_1-210_1AOR:A:1-210	1	12	0	6	0	23	14	16	0	210
gi|116751493|ref|YP_848180.1|_7-91_1N91:A:	0	6	0	2	1	12	9	3	0	107
gi|116751495|ref|YP_848182.1|_35-200_1W3B:A:	0	0	0	23	0	35	6	26	0	388
gi|116751498|ref|YP_848185.1|_484-673_1WC3:A:	0	8	1	5	0	12	9	9	0	218
gi|116751499|ref|YP_848186.1|_3-212_1QG8:A:	2	9	4	8	0	22	13	12	0	255
gi|116751500|ref|YP_848187.1|_165-383_1OLT:A:	1	19	6	15	0	46	26	24	0	441
gi|116751501|ref|YP_848188.1|_778-797,836-904,956-1027_2FBN:A:22-174	0	0	1	7	0	10	3	7	0	153
gi|116751502|ref|YP_848189.1|_1-254_1Y44:A:1-307	11	14	2	7	0	35	16	14	0	307
gi|116751505|ref|YP_848192.1|_23-115_1NEK:B:107-238	0	0	0	8	0	16	6	9	0	132
gi|116751507|ref|YP_848194.1|_90-189_1H7W:A:2-183	1	0	4	8	0	20	11	12	0	182
gi|116751507|ref|YP_848194.1|_28-100_1FRR:A:	0	7	0	2	0	12	4	8	0	95
gi|116751508|ref|YP_848195.1|_89-347,445-501_1KF6:A:0-225,A:358-442	6	14	4	7	0	36	20	18	1	311
gi|116751508|ref|YP_848195.1|_322-441_1CHU:A:238-353	2	4	2	4	0	18	7	10	0	116
gi|116751509|ref|YP_848196.1|_35-149_1DBY:A:	0	5	0	4	0	12	4	5	0	106
gi|116751512|ref|YP_848199.1|_1-246_1HYQ:A:	0	8	2	11	0	23	12	9	0	232
gi|116751514|ref|YP_848201.1|_339-512_1K6M:A:39-251	0	6	1	7	0	18	12	12	0	213
gi|116751514|ref|YP_848201.1|_8-303_1ZYL:A:4-328	4	10	3	11	0	33	21	18	0	325
gi|116751515|ref|YP_848202.1|_100-310_1IOW:A:97-306	1	10	1	8	0	21	10	13	0	210
gi|116751515|ref|YP_848202.1|_5-99_1IOW:A:1-96	1	3	1	3	0	9	5	6	0	96
gi|116751516|ref|YP_848203.1|_10-136_2PQ7:A:1-217	0	0	2	10	0	9	5	7	0	217
